timestamp_ms,datetime_utc,open,high,low,close,volume,turnover
1664582400000,2022-10-01T00:00:00Z,6.47,6.47,6.45,6.45,2761.428,17823.40511
1664582700000,2022-10-01T00:05:00Z,6.45,6.45,6.44,6.44,3319.377,21403.48152
1664583000000,2022-10-01T00:10:00Z,6.44,6.44,6.43,6.43,1389.166,8937.16588
1664583300000,2022-10-01T00:15:00Z,6.43,6.43,6.42,6.43,1886.804,12119.18349
1664583600000,2022-10-01T00:20:00Z,6.43,6.46,6.43,6.46,1157.286,7456.27755
1664583900000,2022-10-01T00:25:00Z,6.46,6.49,6.46,6.48,3842.252,24893.82342
1664584200000,2022-10-01T00:30:00Z,6.48,6.48,6.45,6.46,3644.479,23560.4416
1664584500000,2022-10-01T00:35:00Z,6.46,6.47,6.46,6.46,3467.05,22404.3883
1664584800000,2022-10-01T00:40:00Z,6.46,6.46,6.45,6.45,2772.766,17889.01301
1664585100000,2022-10-01T00:45:00Z,6.45,6.48,6.45,6.48,1419.617,9185.32826
1664585400000,2022-10-01T00:50:00Z,6.48,6.48,6.47,6.47,749.284,4847.86748
1664585700000,2022-10-01T00:55:00Z,6.47,6.47,6.47,6.47,578.869,3745.28243
1664586000000,2022-10-01T01:00:00Z,6.47,6.5,6.47,6.5,3463.431,22447.92053
1664586300000,2022-10-01T01:05:00Z,6.5,6.51,6.5,6.51,1224.665,7968.16689
1664586600000,2022-10-01T01:10:00Z,6.51,6.51,6.49,6.49,636.943,4136.38112
1664586900000,2022-10-01T01:15:00Z,6.49,6.51,6.48,6.48,1805.546,11733.62643
1664587200000,2022-10-01T01:20:00Z,6.48,6.48,6.47,6.48,1753.78,11362.52877
1664587500000,2022-10-01T01:25:00Z,6.48,6.49,6.48,6.48,1401.39,9083.47704
1664587800000,2022-10-01T01:30:00Z,6.48,6.48,6.48,6.48,2183.07,14146.2936
1664588100000,2022-10-01T01:35:00Z,6.48,6.5,6.48,6.49,1440.053,9353.00369
1664588400000,2022-10-01T01:40:00Z,6.49,6.5,6.49,6.5,961.647,6247.29772
1664588700000,2022-10-01T01:45:00Z,6.5,6.52,6.5,6.52,2690.019,17534.70634
1664589000000,2022-10-01T01:50:00Z,6.52,6.54,6.52,6.54,2285.716,14933.21761
1664589300000,2022-10-01T01:55:00Z,6.54,6.54,6.53,6.54,1648.728,10780.76077
1664589600000,2022-10-01T02:00:00Z,6.54,6.54,6.53,6.53,1238.682,8099.83028
1664589900000,2022-10-01T02:05:00Z,6.53,6.54,6.52,6.52,887.9,5801.44611
1664590200000,2022-10-01T02:10:00Z,6.52,6.53,6.52,6.53,1158.743,7564.83268
1664590500000,2022-10-01T02:15:00Z,6.53,6.58,6.53,6.58,5703.885,37371.90423
1664590800000,2022-10-01T02:20:00Z,6.58,6.58,6.58,6.58,2380.694,15664.96652
1664591100000,2022-10-01T02:25:00Z,6.58,6.58,6.56,6.56,3783.507,24876.30485
1664591400000,2022-10-01T02:30:00Z,6.56,6.56,6.55,6.55,1637.059,10729.74471
1664591700000,2022-10-01T02:35:00Z,6.55,6.55,6.54,6.55,3238.645,21206.77496
1664592000000,2022-10-01T02:40:00Z,6.55,6.57,6.55,6.57,1171.125,7688.99721
1664592300000,2022-10-01T02:45:00Z,6.57,6.58,6.57,6.58,4992.309,32825.29342
1664592600000,2022-10-01T02:50:00Z,6.58,6.59,6.58,6.58,1480.61,9745.8283
1664592900000,2022-10-01T02:55:00Z,6.58,6.58,6.55,6.55,3417.852,22403.61165
1664593200000,2022-10-01T03:00:00Z,6.55,6.57,6.55,6.56,2070.473,13565.78127
1664593500000,2022-10-01T03:05:00Z,6.56,6.56,6.54,6.54,1498.801,9824.10961
1664593800000,2022-10-01T03:10:00Z,6.54,6.55,6.53,6.53,2406.315,15750.22544
1664594100000,2022-10-01T03:15:00Z,6.53,6.54,6.53,6.54,833.723,5452.54842
1664594400000,2022-10-01T03:20:00Z,6.54,6.55,6.54,6.54,1200.778,7865.07581
1664594700000,2022-10-01T03:25:00Z,6.54,6.54,6.53,6.53,1463.223,9565.22842
1664595000000,2022-10-01T03:30:00Z,6.53,6.54,6.53,6.53,434.035,2835.94855
1664595300000,2022-10-01T03:35:00Z,6.53,6.53,6.53,6.53,928.786,6064.97258
1664595600000,2022-10-01T03:40:00Z,6.53,6.53,6.51,6.52,3353.244,21872.11677
1664595900000,2022-10-01T03:45:00Z,6.52,6.52,6.51,6.51,1824.519,11877.61869
1664596200000,2022-10-01T03:50:00Z,6.51,6.51,6.51,6.51,486.399,3166.45749
1664596500000,2022-10-01T03:55:00Z,6.51,6.52,6.51,6.52,1042.43,6796.6436
1664596800000,2022-10-01T04:00:00Z,6.52,6.53,6.52,6.52,1829.516,11939.93948
1664597100000,2022-10-01T04:05:00Z,6.52,6.52,6.51,6.51,750.604,4890.31989
1664597400000,2022-10-01T04:10:00Z,6.51,6.51,6.51,6.51,550.271,3582.26421
1664597700000,2022-10-01T04:15:00Z,6.51,6.52,6.5,6.51,428.828,2792.51309
1664598000000,2022-10-01T04:20:00Z,6.51,6.51,6.48,6.49,3418.893,22188.64837
1664598300000,2022-10-01T04:25:00Z,6.49,6.5,6.49,6.49,1430.55,9284.41612
1664598600000,2022-10-01T04:30:00Z,6.49,6.49,6.49,6.49,348.304,2260.49296
1664598900000,2022-10-01T04:35:00Z,6.49,6.5,6.49,6.5,224.787,1461.11161
1664599200000,2022-10-01T04:40:00Z,6.5,6.5,6.49,6.49,221.094,1437.10711
1664599500000,2022-10-01T04:45:00Z,6.49,6.5,6.49,6.49,3426.416,22247.55327
1664599800000,2022-10-01T04:50:00Z,6.49,6.49,6.49,6.49,827.79,5372.3571
1664600100000,2022-10-01T04:55:00Z,6.49,6.49,6.48,6.49,1028.685,6676.03188
1664600400000,2022-10-01T05:00:00Z,6.49,6.52,6.49,6.52,2554.387,16641.66702
1664600700000,2022-10-01T05:05:00Z,6.52,6.53,6.52,6.52,303.117,1979.29277
1664601000000,2022-10-01T05:10:00Z,6.52,6.53,6.52,6.52,1275.153,8324.01842
1664601300000,2022-10-01T05:15:00Z,6.52,6.53,6.52,6.53,4229.056,27615.56456
1664601600000,2022-10-01T05:20:00Z,6.53,6.53,6.52,6.52,574.838,3751.71214
1664601900000,2022-10-01T05:25:00Z,6.52,6.52,6.5,6.51,1177.421,7661.30326
1664602200000,2022-10-01T05:30:00Z,6.51,6.51,6.48,6.48,4029.122,26136.45621
1664602500000,2022-10-01T05:35:00Z,6.48,6.48,6.46,6.47,5471.204,35411.40743
1664602800000,2022-10-01T05:40:00Z,6.47,6.51,6.47,6.49,7242.306,47054.46299
1664603100000,2022-10-01T05:45:00Z,6.49,6.5,6.49,6.5,2618.99,17006.73127
1664603400000,2022-10-01T05:50:00Z,6.5,6.5,6.5,6.5,1078.165,7008.0725
1664603700000,2022-10-01T05:55:00Z,6.5,6.51,6.5,6.51,687.18,4469.80072
1664604000000,2022-10-01T06:00:00Z,6.51,6.51,6.5,6.5,418.189,2718.2285
1664604300000,2022-10-01T06:05:00Z,6.5,6.5,6.49,6.49,0.389,2.52461
1664604600000,2022-10-01T06:10:00Z,6.49,6.5,6.49,6.49,1541.362,10003.44327
1664604900000,2022-10-01T06:15:00Z,6.49,6.49,6.48,6.48,816.716,5292.31968
1664605200000,2022-10-01T06:20:00Z,6.48,6.48,6.47,6.47,835.319,5404.51393
1664605500000,2022-10-01T06:25:00Z,6.47,6.47,6.47,6.47,2019.08,13063.4476
1664605800000,2022-10-01T06:30:00Z,6.47,6.48,6.47,6.47,197.618,1280.56075
1664606100000,2022-10-01T06:35:00Z,6.47,6.48,6.47,6.48,622.534,4034.02032
1664606400000,2022-10-01T06:40:00Z,6.48,6.48,6.47,6.47,255.389,1654.91683
1664606700000,2022-10-01T06:45:00Z,6.47,6.48,6.47,6.47,1255.26,8124.0822
1664607000000,2022-10-01T06:50:00Z,6.47,6.47,6.47,6.47,1454.937,9413.44239
1664607300000,2022-10-01T06:55:00Z,6.47,6.47,6.47,6.47,0.389,2.51683
1664607600000,2022-10-01T07:00:00Z,6.47,6.47,6.46,6.46,4069.673,26312.09647
1664607900000,2022-10-01T07:05:00Z,6.46,6.46,6.45,6.45,1005.835,6492.29139
1664608200000,2022-10-01T07:10:00Z,6.45,6.45,6.45,6.45,429.682,2771.4489
1664608500000,2022-10-01T07:15:00Z,6.45,6.47,6.45,6.47,595.325,3846.20389
1664608800000,2022-10-01T07:20:00Z,6.47,6.47,6.47,6.47,614.497,3975.79559
1664609100000,2022-10-01T07:25:00Z,6.47,6.47,6.47,6.47,0.389,2.51683
1664609400000,2022-10-01T07:30:00Z,6.47,6.49,6.47,6.49,1392.628,9022.00345
1664609700000,2022-10-01T07:35:00Z,6.49,6.5,6.49,6.5,1074.325,6983.1125
1664610000000,2022-10-01T07:40:00Z,6.5,6.51,6.5,6.5,261.248,1698.13604
1664610300000,2022-10-01T07:45:00Z,6.5,6.51,6.5,6.5,142.444,925.9414
1664610600000,2022-10-01T07:50:00Z,6.5,6.5,6.5,6.5,360.071,2340.4615
1664610900000,2022-10-01T07:55:00Z,6.5,6.5,6.49,6.49,842.601,5469.06502
1664611200000,2022-10-01T08:00:00Z,6.49,6.53,6.49,6.53,1452.082,9465.77717
1664611500000,2022-10-01T08:05:00Z,6.53,6.55,6.5,6.5,10367.469,67747.89988
1664611800000,2022-10-01T08:10:00Z,6.5,6.51,6.5,6.5,1250.526,8128.42289
1664612100000,2022-10-01T08:15:00Z,6.5,6.53,6.5,6.53,809.846,5284.89438
1664612400000,2022-10-01T08:20:00Z,6.53,6.55,6.52,6.54,1714.865,11211.35149
1664612700000,2022-10-01T08:25:00Z,6.54,6.56,6.54,6.55,1624.56,10641.94959
1664613000000,2022-10-01T08:30:00Z,6.55,6.57,6.55,6.57,2124.399,13953.90608
1664613300000,2022-10-01T08:35:00Z,6.57,6.57,6.57,6.57,827.383,5435.90631
1664613600000,2022-10-01T08:40:00Z,6.57,6.58,6.54,6.54,4714.999,30931.28377
1664613900000,2022-10-01T08:45:00Z,6.54,6.56,6.54,6.54,2218.233,14528.67309
1664614200000,2022-10-01T08:50:00Z,6.54,6.56,6.54,6.55,718.746,4708.81744
1664614500000,2022-10-01T08:55:00Z,6.55,6.56,6.54,6.55,1875.513,12282.49166
1664614800000,2022-10-01T09:00:00Z,6.55,6.59,6.55,6.58,6059.39,39830.57054
1664615100000,2022-10-01T09:05:00Z,6.58,6.59,6.57,6.57,1480.262,9732.57073
1664615400000,2022-10-01T09:10:00Z,6.57,6.57,6.56,6.56,2062.383,13540.67529
1664615700000,2022-10-01T09:15:00Z,6.56,6.57,6.56,6.57,1512.503,9937.1282
1664616000000,2022-10-01T09:20:00Z,6.57,6.61,6.56,6.58,6229.608,41017.81125
1664616300000,2022-10-01T09:25:00Z,6.58,6.58,6.57,6.58,701.176,4613.6864
1664616600000,2022-10-01T09:30:00Z,6.58,6.59,6.57,6.57,1082.124,7123.01403
1664616900000,2022-10-01T09:35:00Z,6.57,6.57,6.56,6.56,743.296,4878.91102
1664617200000,2022-10-01T09:40:00Z,6.56,6.57,6.56,6.57,691.112,4540.08638
1664617500000,2022-10-01T09:45:00Z,6.57,6.58,6.56,6.56,2980.645,19564.98108
1664617800000,2022-10-01T09:50:00Z,6.56,6.57,6.56,6.57,458.471,3010.17778
1664618100000,2022-10-01T09:55:00Z,6.57,6.58,6.57,6.57,4135.976,27202.27703
1664618400000,2022-10-01T10:00:00Z,6.57,6.58,6.57,6.57,5557.62,36550.21322
1664618700000,2022-10-01T10:05:00Z,6.57,6.57,6.56,6.56,2625.295,17231.86994
1664619000000,2022-10-01T10:10:00Z,6.56,6.56,6.55,6.55,1247.712,8172.5136
1664619300000,2022-10-01T10:15:00Z,6.55,6.55,6.53,6.54,1305.479,8537.71115
1664619600000,2022-10-01T10:20:00Z,6.54,6.56,6.54,6.56,1003.895,6575.77613
1664619900000,2022-10-01T10:25:00Z,6.56,6.56,6.54,6.55,3450.131,22568.70652
1664620200000,2022-10-01T10:30:00Z,6.55,6.55,6.54,6.55,244.637,1600.80314
1664620500000,2022-10-01T10:35:00Z,6.55,6.55,6.55,6.55,85.389,559.29795
1664620800000,2022-10-01T10:40:00Z,6.55,6.55,6.54,6.55,1940.873,12706.17143
1664621100000,2022-10-01T10:45:00Z,6.55,6.55,6.54,6.54,726.392,4757.41209
1664621400000,2022-10-01T10:50:00Z,6.54,6.55,6.53,6.54,726.157,4749.85668
1664621700000,2022-10-01T10:55:00Z,6.54,6.54,6.54,6.54,1336.542,8740.98468
1664622000000,2022-10-01T11:00:00Z,6.54,6.54,6.54,6.54,595.621,3895.36134
1664622300000,2022-10-01T11:05:00Z,6.54,6.55,6.54,6.55,389.517,2549.36014
1664622600000,2022-10-01T11:10:00Z,6.55,6.55,6.55,6.55,85.389,559.29795
1664622900000,2022-10-01T11:15:00Z,6.55,6.55,6.54,6.54,505.278,3304.51812
1664623200000,2022-10-01T11:20:00Z,6.54,6.54,6.54,6.54,1939.66,12685.3764
1664623500000,2022-10-01T11:25:00Z,6.54,6.54,6.49,6.49,2796.134,18198.02941
1664623800000,2022-10-01T11:30:00Z,6.49,6.5,6.48,6.49,3963.279,25727.56302
1664624100000,2022-10-01T11:35:00Z,6.49,6.51,6.49,6.51,1342.07,8728.25444
1664624400000,2022-10-01T11:40:00Z,6.51,6.53,6.5,6.53,2480.554,16141.40411
1664624700000,2022-10-01T11:45:00Z,6.53,6.53,6.52,6.53,1951.916,12742.37579
1664625000000,2022-10-01T11:50:00Z,6.53,6.53,6.52,6.53,1176.519,7681.98923
1664625300000,2022-10-01T11:55:00Z,6.53,6.53,6.53,6.53,170.389,1112.64017
1664625600000,2022-10-01T12:00:00Z,6.53,6.54,6.53,6.54,1649.946,10785.7716
1664625900000,2022-10-01T12:05:00Z,6.54,6.55,6.54,6.54,876.208,5737.4624
1664626200000,2022-10-01T12:10:00Z,6.54,6.54,6.52,6.53,1612.959,10531.9783
1664626500000,2022-10-01T12:15:00Z,6.53,6.57,6.53,6.55,2976.386,19504.61863
1664626800000,2022-10-01T12:20:00Z,6.55,6.57,6.55,6.55,2734.726,17936.98479
1664627100000,2022-10-01T12:25:00Z,6.55,6.57,6.55,6.57,955.579,6270.29824
1664627400000,2022-10-01T12:30:00Z,6.57,6.57,6.55,6.55,910.13,5965.91646
1664627700000,2022-10-01T12:35:00Z,6.55,6.55,6.53,6.54,2587.361,16916.87757
1664628000000,2022-10-01T12:40:00Z,6.54,6.54,6.52,6.52,2559.526,16698.95123
1664628300000,2022-10-01T12:45:00Z,6.52,6.52,6.52,6.52,747.561,4874.09772
1664628600000,2022-10-01T12:50:00Z,6.52,6.54,6.51,6.54,2753,17956.37162
1664628900000,2022-10-01T12:55:00Z,6.54,6.55,6.54,6.55,1198.932,7852.87066
1664629200000,2022-10-01T13:00:00Z,6.55,6.55,6.55,6.55,1002.596,6567.0038
1664629500000,2022-10-01T13:05:00Z,6.55,6.56,6.55,6.56,702.57,4603.24457
1664629800000,2022-10-01T13:10:00Z,6.56,6.57,6.56,6.57,981.366,6447.57462
1664630100000,2022-10-01T13:15:00Z,6.57,6.57,6.57,6.57,424.636,2789.85852
1664630400000,2022-10-01T13:20:00Z,6.57,6.58,6.57,6.57,653.687,4297.12751
1664630700000,2022-10-01T13:25:00Z,6.57,6.58,6.56,6.56,1571.233,10310.69626
1664631000000,2022-10-01T13:30:00Z,6.56,6.56,6.56,6.56,2904.611,19054.24816
1664631300000,2022-10-01T13:35:00Z,6.56,6.57,6.56,6.56,574.603,3771.09568
1664631600000,2022-10-01T13:40:00Z,6.56,6.58,6.56,6.57,957.232,6292.63238
1664631900000,2022-10-01T13:45:00Z,6.57,6.57,6.56,6.57,4370.285,28671.03945
1664632200000,2022-10-01T13:50:00Z,6.57,6.58,6.56,6.56,1841.704,12093.51455
1664632500000,2022-10-01T13:55:00Z,6.56,6.56,6.54,6.54,1313.414,8614.6429
1664632800000,2022-10-01T14:00:00Z,6.54,6.55,6.54,6.55,1834.545,12016.22849
1664633100000,2022-10-01T14:05:00Z,6.55,6.57,6.55,6.57,956.748,6281.16065
1664633400000,2022-10-01T14:10:00Z,6.57,6.58,6.56,6.57,5505.956,36174.18914
1664633700000,2022-10-01T14:15:00Z,6.57,6.58,6.57,6.57,1307.005,8587.02674
1664634000000,2022-10-01T14:20:00Z,6.57,6.57,6.57,6.57,1794.744,11791.46808
1664634300000,2022-10-01T14:25:00Z,6.57,6.58,6.57,6.58,342.856,2253.41003
1664634600000,2022-10-01T14:30:00Z,6.58,6.58,6.56,6.56,2153.408,14142.40284
1664634900000,2022-10-01T14:35:00Z,6.56,6.56,6.53,6.54,1287.972,8423.97679
1664635200000,2022-10-01T14:40:00Z,6.54,6.54,6.54,6.54,1459.762,9546.84348
1664635500000,2022-10-01T14:45:00Z,6.54,6.54,6.53,6.53,2096.841,13698.90574
1664635800000,2022-10-01T14:50:00Z,6.53,6.54,6.53,6.54,243.531,1592.67435
1664636100000,2022-10-01T14:55:00Z,6.54,6.55,6.53,6.53,867.687,5669.73556
1664636400000,2022-10-01T15:00:00Z,6.53,6.53,6.52,6.53,1687.327,11010.95175
1664636700000,2022-10-01T15:05:00Z,6.53,6.53,6.52,6.53,1908.024,12458.89672
1664637000000,2022-10-01T15:10:00Z,6.53,6.56,6.53,6.55,1575.245,10316.16456
1664637300000,2022-10-01T15:15:00Z,6.55,6.56,6.55,6.55,2996.449,19638.03647
1664637600000,2022-10-01T15:20:00Z,6.55,6.55,6.54,6.55,856.021,5598.45775
1664637900000,2022-10-01T15:25:00Z,6.55,6.55,6.55,6.55,1241.654,8132.8337
1664638200000,2022-10-01T15:30:00Z,6.55,6.56,6.55,6.56,1010.84,6631.1104
1664638500000,2022-10-01T15:35:00Z,6.56,6.58,6.56,6.58,3526.158,23181.12858
1664638800000,2022-10-01T15:40:00Z,6.58,6.63,6.58,6.63,5371.245,35460.39478
1664639100000,2022-10-01T15:45:00Z,6.63,6.66,6.61,6.61,3342.053,22204.68694
1664639400000,2022-10-01T15:50:00Z,6.61,6.62,6.6,6.6,3346.992,22123.99061
1664639700000,2022-10-01T15:55:00Z,6.6,6.61,6.6,6.6,454.536,2999.9981
1664640000000,2022-10-01T16:00:00Z,6.6,6.6,6.57,6.57,2474.529,16288.10791
1664640300000,2022-10-01T16:05:00Z,6.57,6.59,6.55,6.59,6106.157,40128.19989
1664640600000,2022-10-01T16:10:00Z,6.59,6.61,6.58,6.58,4670.104,30787.8069
1664640900000,2022-10-01T16:15:00Z,6.58,6.6,6.56,6.58,5499.437,36226.24839
1664641200000,2022-10-01T16:20:00Z,6.58,6.58,6.54,6.55,6145.578,40294.77649
1664641500000,2022-10-01T16:25:00Z,6.55,6.57,6.55,6.57,474.816,3119.49832
1664641800000,2022-10-01T16:30:00Z,6.57,6.58,6.56,6.57,881.711,5791.13062
1664642100000,2022-10-01T16:35:00Z,6.57,6.58,6.57,6.57,722.034,4750.86956
1664642400000,2022-10-01T16:40:00Z,6.57,6.58,6.54,6.56,3836.561,25140.35587
1664642700000,2022-10-01T16:45:00Z,6.56,6.56,6.53,6.54,5797.475,37898.61842
1664643000000,2022-10-01T16:50:00Z,6.54,6.54,6.53,6.53,1411.236,9227.2559
1664643300000,2022-10-01T16:55:00Z,6.53,6.55,6.53,6.55,3543.29,23172.53348
1664643600000,2022-10-01T17:00:00Z,6.55,6.55,6.53,6.55,3448.615,22575.222
1664643900000,2022-10-01T17:05:00Z,6.55,6.57,6.55,6.56,2594.839,17018.22543
1664644200000,2022-10-01T17:10:00Z,6.56,6.56,6.54,6.54,536.53,3512.52481
1664644500000,2022-10-01T17:15:00Z,6.54,6.55,6.53,6.55,1001.999,6550.49826
1664644800000,2022-10-01T17:20:00Z,6.55,6.55,6.52,6.53,3624.785,23708.17863
1664645100000,2022-10-01T17:25:00Z,6.53,6.55,6.53,6.54,1659.13,10850.30055
1664645400000,2022-10-01T17:30:00Z,6.54,6.56,6.54,6.56,2710.542,17765.70174
1664645700000,2022-10-01T17:35:00Z,6.56,6.57,6.56,6.57,2505.895,16451.84869
1664646000000,2022-10-01T17:40:00Z,6.57,6.57,6.54,6.55,5931.535,38860.7778
1664646300000,2022-10-01T17:45:00Z,6.55,6.55,6.52,6.53,4074.863,26614.68284
1664646600000,2022-10-01T17:50:00Z,6.53,6.53,6.51,6.51,1445.762,9414.35696
1664646900000,2022-10-01T17:55:00Z,6.51,6.51,6.5,6.51,2203.663,14329.00531
1664647200000,2022-10-01T18:00:00Z,6.51,6.51,6.48,6.48,3328.291,21589.39261
1664647500000,2022-10-01T18:05:00Z,6.48,6.48,6.46,6.47,2500.312,16173.4373
1664647800000,2022-10-01T18:10:00Z,6.47,6.47,6.46,6.47,2693.304,17411.79958
1664648100000,2022-10-01T18:15:00Z,6.47,6.49,6.47,6.49,3063.389,19849.08925
1664648400000,2022-10-01T18:20:00Z,6.49,6.5,6.48,6.5,5542.55,35955.51795
1664648700000,2022-10-01T18:25:00Z,6.5,6.51,6.48,6.5,5012.52,32555.57216
1664649000000,2022-10-01T18:30:00Z,6.5,6.5,6.48,6.49,1023.82,6642.8918
1664649300000,2022-10-01T18:35:00Z,6.49,6.49,6.48,6.48,189.952,1232.77246
1664649600000,2022-10-01T18:40:00Z,6.48,6.5,6.48,6.49,1.151,7.47152
1664649900000,2022-10-01T18:45:00Z,6.49,6.5,6.48,6.49,2770.568,17961.44214
1664650200000,2022-10-01T18:50:00Z,6.49,6.5,6.48,6.5,374.437,2428.74733
1664650500000,2022-10-01T18:55:00Z,6.5,6.5,6.49,6.5,1248.088,8104.87512
1664650800000,2022-10-01T19:00:00Z,6.5,6.51,6.48,6.48,1891.996,12285.58198
1664651100000,2022-10-01T19:05:00Z,6.48,6.49,6.48,6.49,2438.004,15819.67731
1664651400000,2022-10-01T19:10:00Z,6.49,6.5,6.49,6.5,2435.553,15809.28897
1664651700000,2022-10-01T19:15:00Z,6.5,6.5,6.49,6.49,0.778,5.05311
1664652000000,2022-10-01T19:20:00Z,6.49,6.49,6.49,6.49,457.756,2970.83644
1664652300000,2022-10-01T19:25:00Z,6.49,6.49,6.48,6.48,131.099,849.52152
1664652600000,2022-10-01T19:30:00Z,6.48,6.48,6.47,6.47,467.447,3026.08209
1664652900000,2022-10-01T19:35:00Z,6.47,6.48,6.45,6.45,4613.815,29825.17362
1664653200000,2022-10-01T19:40:00Z,6.45,6.47,6.45,6.47,2862.711,18503.36607
1664653500000,2022-10-01T19:45:00Z,6.47,6.48,6.46,6.48,1372.893,8891.97946
1664653800000,2022-10-01T19:50:00Z,6.48,6.48,6.47,6.48,575.05,3726.09138
1664654100000,2022-10-01T19:55:00Z,6.48,6.48,6.47,6.47,314.885,2037.35964
1664654400000,2022-10-01T20:00:00Z,6.47,6.47,6.44,6.45,773.507,4993.07307
1664654700000,2022-10-01T20:05:00Z,6.45,6.45,6.4,6.41,7983.042,51254.23835
1664655000000,2022-10-01T20:10:00Z,6.41,6.42,6.4,6.41,6343.748,40668.47344
1664655300000,2022-10-01T20:15:00Z,6.41,6.41,6.39,6.4,1959.794,12535.35018
1664655600000,2022-10-01T20:20:00Z,6.4,6.41,6.4,6.41,594.469,3804.60549
1664655900000,2022-10-01T20:25:00Z,6.41,6.42,6.4,6.42,5481.034,35152.78564
1664656200000,2022-10-01T20:30:00Z,6.42,6.42,6.41,6.42,636.444,4080.60604
1664656500000,2022-10-01T20:35:00Z,6.42,6.42,6.4,6.41,1525.263,9773.3873
1664656800000,2022-10-01T20:40:00Z,6.41,6.44,6.41,6.43,1551.178,9971.21586
1664657100000,2022-10-01T20:45:00Z,6.43,6.44,6.42,6.42,2502.225,16083.94383
1664657400000,2022-10-01T20:50:00Z,6.42,6.43,6.42,6.43,2444.035,15690.71124
1664657700000,2022-10-01T20:55:00Z,6.43,6.43,6.42,6.42,484.271,3109.01982
1664658000000,2022-10-01T21:00:00Z,6.42,6.43,6.41,6.43,1683.648,10818.77783
1664658300000,2022-10-01T21:05:00Z,6.43,6.43,6.42,6.42,1555.048,9992.00684
1664658600000,2022-10-01T21:10:00Z,6.42,6.43,6.42,6.43,1200.3,7717.90983
1664658900000,2022-10-01T21:15:00Z,6.43,6.43,6.43,6.43,404.815,2602.96045
1664659200000,2022-10-01T21:20:00Z,6.43,6.43,6.41,6.41,374.402,2401.80631
1664659500000,2022-10-01T21:25:00Z,6.41,6.43,6.41,6.42,1727.071,11088.59977
1664659800000,2022-10-01T21:30:00Z,6.42,6.42,6.42,6.42,2136.905,13718.9301
1664660100000,2022-10-01T21:35:00Z,6.42,6.42,6.41,6.42,4146.495,26620.42249
1664660400000,2022-10-01T21:40:00Z,6.42,6.43,6.42,6.43,11133.585,71588.94766
1664660700000,2022-10-01T21:45:00Z,6.43,6.43,6.42,6.43,1116.196,7171.30763
1664661000000,2022-10-01T21:50:00Z,6.43,6.43,6.42,6.43,4.411,28.32251
1664661300000,2022-10-01T21:55:00Z,6.43,6.44,6.43,6.44,604.149,3887.32745
1664661600000,2022-10-01T22:00:00Z,6.44,6.44,6.42,6.43,1388.142,8911.92164
1664661900000,2022-10-01T22:05:00Z,6.43,6.43,6.43,6.43,1246.945,8017.85635
1664662200000,2022-10-01T22:10:00Z,6.43,6.45,6.42,6.45,3519.616,22681.11792
1664662500000,2022-10-01T22:15:00Z,6.45,6.46,6.45,6.45,1825.571,11775.07295
1664662800000,2022-10-01T22:20:00Z,6.45,6.46,6.44,6.46,600.815,3873.48044
1664663100000,2022-10-01T22:25:00Z,6.46,6.46,6.45,6.45,762.982,4921.2339
1664663400000,2022-10-01T22:30:00Z,6.45,6.45,6.44,6.45,1336.149,8605.70345
1664663700000,2022-10-01T22:35:00Z,6.45,6.45,6.44,6.44,352.457,2273.34376
1664664000000,2022-10-01T22:40:00Z,6.44,6.44,6.44,6.44,44.949,289.47156
1664664300000,2022-10-01T22:45:00Z,6.44,6.46,6.44,6.46,890.816,5741.73918
1664664600000,2022-10-01T22:50:00Z,6.46,6.46,6.45,6.45,1634.934,10548.14164
1664664900000,2022-10-01T22:55:00Z,6.45,6.46,6.45,6.46,742.185,4787.86724
1664665200000,2022-10-01T23:00:00Z,6.46,6.46,6.43,6.43,1319.35,8498.7421
1664665500000,2022-10-01T23:05:00Z,6.43,6.44,6.42,6.42,1887.427,12136.29629
1664665800000,2022-10-01T23:10:00Z,6.42,6.42,6.42,6.42,115.236,739.81512
1664666100000,2022-10-01T23:15:00Z,6.42,6.42,6.41,6.41,1418.539,9092.83888
1664666400000,2022-10-01T23:20:00Z,6.41,6.41,6.39,6.39,821.959,5259.99029
1664666700000,2022-10-01T23:25:00Z,6.39,6.39,6.39,6.39,2245.206,14346.86634
1664667000000,2022-10-01T23:30:00Z,6.39,6.4,6.39,6.4,176.019,1126.4497
1664667300000,2022-10-01T23:35:00Z,6.4,6.41,6.4,6.4,1004.236,6427.126
1664667600000,2022-10-01T23:40:00Z,6.4,6.41,6.4,6.4,389.923,2495.54042
1664667900000,2022-10-01T23:45:00Z,6.4,6.4,6.39,6.39,1845.126,11790.35514
1664668200000,2022-10-01T23:50:00Z,6.39,6.4,6.39,6.4,707.223,4523.25473
1664668500000,2022-10-01T23:55:00Z,6.4,6.41,6.4,6.41,90.389,578.49349
1664668800000,2022-10-02T00:00:00Z,6.41,6.41,6.37,6.38,3431.682,21882.0887
1664669100000,2022-10-02T00:05:00Z,6.38,6.4,6.38,6.39,4410.988,28195.65267
1664669400000,2022-10-02T00:10:00Z,6.39,6.4,6.39,6.4,638.97,4083.93252
1664669700000,2022-10-02T00:15:00Z,6.4,6.41,6.4,6.41,1436.643,9208.88163
1664670000000,2022-10-02T00:20:00Z,6.41,6.44,6.41,6.44,2046.282,13147.53918
1664670300000,2022-10-02T00:25:00Z,6.44,6.46,6.43,6.44,5727.872,36904.37662
1664670600000,2022-10-02T00:30:00Z,6.44,6.48,6.44,6.47,11777.512,76163.19049
1664670900000,2022-10-02T00:35:00Z,6.47,6.5,6.45,6.5,8015.407,51956.47072
1664671200000,2022-10-02T00:40:00Z,6.5,6.51,6.49,6.51,4502.17,29251.2099
1664671500000,2022-10-02T00:45:00Z,6.51,6.51,6.48,6.48,11606.309,75375.24199
1664671800000,2022-10-02T00:50:00Z,6.48,6.49,6.48,6.49,1602.278,10391.30219
1664672100000,2022-10-02T00:55:00Z,6.49,6.52,6.48,6.48,10309.136,67025.5182
1664672400000,2022-10-02T01:00:00Z,6.48,6.51,6.45,6.51,11193.664,72437.71025
1664672700000,2022-10-02T01:05:00Z,6.51,6.51,6.43,6.44,18202.489,117494.27212
1664673000000,2022-10-02T01:10:00Z,6.44,6.45,6.44,6.45,6538.249,42144.53767
1664673300000,2022-10-02T01:15:00Z,6.45,6.5,6.45,6.46,15748.54,102093.56445
1664673600000,2022-10-02T01:20:00Z,6.46,6.46,6.42,6.44,19462.623,125187.71463
1664673900000,2022-10-02T01:25:00Z,6.44,6.46,6.44,6.46,3063.193,19772.68084
1664674200000,2022-10-02T01:30:00Z,6.46,6.46,6.45,6.45,996.975,6432.46783
1664674500000,2022-10-02T01:35:00Z,6.45,6.45,6.45,6.45,158.614,1023.0603
1664674800000,2022-10-02T01:40:00Z,6.45,6.46,6.44,6.46,3389.072,21886.89094
1664675100000,2022-10-02T01:45:00Z,6.46,6.46,6.45,6.45,836.818,5398.42253
1664675400000,2022-10-02T01:50:00Z,6.45,6.48,6.45,6.48,1247.384,8064.21995
1664675700000,2022-10-02T01:55:00Z,6.48,6.51,6.45,6.46,15645.788,101384.20915
1664676000000,2022-10-02T02:00:00Z,6.46,6.47,6.46,6.47,4543.368,29392.31115
1664676300000,2022-10-02T02:05:00Z,6.47,6.47,6.45,6.47,1432.786,9251.5168
1664676600000,2022-10-02T02:10:00Z,6.47,6.48,6.43,6.44,10689.696,69050.79884
1664676900000,2022-10-02T02:15:00Z,6.44,6.45,6.42,6.45,10074.465,64758.33674
1664677200000,2022-10-02T02:20:00Z,6.45,6.45,6.41,6.41,11874.484,76230.21383
1664677500000,2022-10-02T02:25:00Z,6.41,6.45,6.41,6.45,3381.695,21748.94282
1664677800000,2022-10-02T02:30:00Z,6.45,6.45,6.44,6.44,1499.908,9659.40752
1664678100000,2022-10-02T02:35:00Z,6.44,6.44,6.43,6.44,58.841,378.93215
1664678400000,2022-10-02T02:40:00Z,6.44,6.44,6.44,6.44,484.589,3120.75316
1664678700000,2022-10-02T02:45:00Z,6.44,6.44,6.44,6.44,598.232,3852.61408
1664679000000,2022-10-02T02:50:00Z,6.44,6.44,6.44,6.44,260.845,1679.8418
1664679300000,2022-10-02T02:55:00Z,6.44,6.44,6.41,6.42,6299.084,40507.99288
1664679600000,2022-10-02T03:00:00Z,6.42,6.43,6.41,6.41,2949.442,18938.16218
1664679900000,2022-10-02T03:05:00Z,6.41,6.43,6.41,6.43,2116.851,13610.91944
1664680200000,2022-10-02T03:10:00Z,6.43,6.43,6.43,6.43,631.668,4061.62524
1664680500000,2022-10-02T03:15:00Z,6.43,6.43,6.43,6.43,0.389,2.50127
1664680800000,2022-10-02T03:20:00Z,6.43,6.43,6.42,6.42,685.579,4401.41718
1664681100000,2022-10-02T03:25:00Z,6.42,6.42,6.42,6.42,1707.72,10963.5624
1664681400000,2022-10-02T03:30:00Z,6.42,6.42,6.42,6.42,450,2889
1664681700000,2022-10-02T03:35:00Z,6.42,6.43,6.42,6.43,284.414,1828.77813
1664682000000,2022-10-02T03:40:00Z,6.43,6.44,6.43,6.44,2055.707,13218.20145
1664682300000,2022-10-02T03:45:00Z,6.44,6.44,6.43,6.43,700.119,4501.76517
1664682600000,2022-10-02T03:50:00Z,6.43,6.43,6.43,6.43,970.285,6238.93255
1664682900000,2022-10-02T03:55:00Z,6.43,6.43,6.42,6.42,443.913,2849.92146
1664683200000,2022-10-02T04:00:00Z,6.42,6.42,6.41,6.41,1395.504,8953.50067
1664683500000,2022-10-02T04:05:00Z,6.41,6.41,6.41,6.41,926.685,5940.05085
1664683800000,2022-10-02T04:10:00Z,6.41,6.41,6.41,6.41,2706.121,17346.23561
1664684100000,2022-10-02T04:15:00Z,6.41,6.42,6.41,6.42,315.028,2019.33337
1664684400000,2022-10-02T04:20:00Z,6.42,6.42,6.42,6.42,359.611,2308.70262
1664684700000,2022-10-02T04:25:00Z,6.42,6.42,6.41,6.41,1100.823,7067.26673
1664685000000,2022-10-02T04:30:00Z,6.41,6.41,6.4,6.4,2045.861,13107.10529
1664685300000,2022-10-02T04:35:00Z,6.4,6.4,6.4,6.4,405.174,2593.1136
1664685600000,2022-10-02T04:40:00Z,6.4,6.4,6.39,6.39,4913.17,31395.1563
1664685900000,2022-10-02T04:45:00Z,6.39,6.39,6.38,6.38,3665.082,23387.41838
1664686200000,2022-10-02T04:50:00Z,6.38,6.41,6.38,6.41,2042.512,13050.79375
1664686500000,2022-10-02T04:55:00Z,6.41,6.41,6.4,6.41,1585.317,10152.5369
1664686800000,2022-10-02T05:00:00Z,6.41,6.41,6.39,6.39,1337.442,8548.05438
1664687100000,2022-10-02T05:05:00Z,6.39,6.39,6.38,6.38,1694.25,10810.215
1664687400000,2022-10-02T05:10:00Z,6.38,6.38,6.37,6.38,2850.247,18172.40186
1664687700000,2022-10-02T05:15:00Z,6.38,6.39,6.38,6.39,247.253,1577.47803
1664688000000,2022-10-02T05:20:00Z,6.39,6.39,6.38,6.39,425.173,2716.73369
1664688300000,2022-10-02T05:25:00Z,6.39,6.4,6.39,6.4,1550.414,9922.64571
1664688600000,2022-10-02T05:30:00Z,6.4,6.41,6.4,6.41,182.591,1168.60831
1664688900000,2022-10-02T05:35:00Z,6.41,6.41,6.4,6.4,1644.249,10523.2716
1664689200000,2022-10-02T05:40:00Z,6.4,6.4,6.39,6.4,2648.897,16952.59885
1664689500000,2022-10-02T05:45:00Z,6.4,6.4,6.39,6.39,200.893,1283.70627
1664689800000,2022-10-02T05:50:00Z,6.39,6.39,6.38,6.38,690.128,4406.72966
1664690100000,2022-10-02T05:55:00Z,6.38,6.38,6.38,6.38,1442.988,9206.26344
1664690400000,2022-10-02T06:00:00Z,6.38,6.39,6.38,6.39,404.877,2587.16403
1664690700000,2022-10-02T06:05:00Z,6.39,6.4,6.39,6.39,1352.556,8643.99368
1664691000000,2022-10-02T06:10:00Z,6.39,6.4,6.39,6.4,1464.931,9375.5584
1664691300000,2022-10-02T06:15:00Z,6.4,6.4,6.39,6.39,1431.908,9164.14779
1664691600000,2022-10-02T06:20:00Z,6.39,6.4,6.39,6.4,84.048,537.07061
1664691900000,2022-10-02T06:25:00Z,6.4,6.4,6.39,6.39,1450.778,9270.47142
1664692200000,2022-10-02T06:30:00Z,6.39,6.39,6.37,6.37,389.423,2480.6284
1664692500000,2022-10-02T06:35:00Z,6.37,6.38,6.35,6.35,4961.581,31531.72563
1664692800000,2022-10-02T06:40:00Z,6.35,6.36,6.35,6.36,3608.587,22950.61332
1664693100000,2022-10-02T06:45:00Z,6.36,6.36,6.33,6.34,2257.218,14331.15379
1664693400000,2022-10-02T06:50:00Z,6.34,6.35,6.34,6.35,1000.637,6354.04495
1664693700000,2022-10-02T06:55:00Z,6.35,6.35,6.33,6.33,1018.83,6453.9802
1664694000000,2022-10-02T07:00:00Z,6.33,6.33,6.32,6.32,1848.107,11692.93262
1664694300000,2022-10-02T07:05:00Z,6.32,6.34,6.32,6.34,2961.807,18761.37001
1664694600000,2022-10-02T07:10:00Z,6.34,6.34,6.32,6.33,3531.585,22370.71494
1664694900000,2022-10-02T07:15:00Z,6.33,6.33,6.33,6.33,1106.386,7003.42338
1664695200000,2022-10-02T07:20:00Z,6.33,6.33,6.3,6.3,4540.139,28662.03142
1664695500000,2022-10-02T07:25:00Z,6.3,6.31,6.3,6.31,1686.298,10628.21094
1664695800000,2022-10-02T07:30:00Z,6.31,6.31,6.31,6.31,180.389,1138.25459
1664696100000,2022-10-02T07:35:00Z,6.31,6.32,6.3,6.31,1323.687,8353.47615
1664696400000,2022-10-02T07:40:00Z,6.31,6.31,6.31,6.31,194.029,1224.32299
1664696700000,2022-10-02T07:45:00Z,6.31,6.32,6.31,6.31,192.389,1215.89459
1664697000000,2022-10-02T07:50:00Z,6.31,6.31,6.3,6.3,743.353,4690.55022
1664697300000,2022-10-02T07:55:00Z,6.3,6.32,6.3,6.32,977.608,6171.94247
1664697600000,2022-10-02T08:00:00Z,6.32,6.32,6.3,6.32,2595.087,16374.45245
1664697900000,2022-10-02T08:05:00Z,6.32,6.32,6.29,6.29,1850.985,11674.07776
1664698200000,2022-10-02T08:10:00Z,6.29,6.3,6.29,6.3,0.389,2.4507
1664698500000,2022-10-02T08:15:00Z,6.3,6.3,6.3,6.3,366.617,2309.6871
1664698800000,2022-10-02T08:20:00Z,6.3,6.31,6.3,6.31,909.161,5736.80591
1664699100000,2022-10-02T08:25:00Z,6.31,6.31,6.31,6.31,1346.416,8495.88496
1664699400000,2022-10-02T08:30:00Z,6.31,6.31,6.29,6.29,396.876,2500.31491
1664699700000,2022-10-02T08:35:00Z,6.29,6.3,6.29,6.3,650.677,4099.2651
1664700000000,2022-10-02T08:40:00Z,6.3,6.31,6.27,6.29,2681.217,16867.69675
1664700300000,2022-10-02T08:45:00Z,6.29,6.3,6.29,6.3,195.565,1232.04346
1664700600000,2022-10-02T08:50:00Z,6.3,6.3,6.29,6.29,391.641,2467.33453
1664700900000,2022-10-02T08:55:00Z,6.29,6.31,6.29,6.31,132.557,836.43467
1664701200000,2022-10-02T09:00:00Z,6.31,6.31,6.29,6.29,809.113,5096.05414
1664701500000,2022-10-02T09:05:00Z,6.29,6.29,6.29,6.29,810,5094.9
1664701800000,2022-10-02T09:10:00Z,6.29,6.29,6.29,6.29,358.653,2255.92737
1664702100000,2022-10-02T09:15:00Z,6.29,6.29,6.28,6.28,811.393,5096.28159
1664702400000,2022-10-02T09:20:00Z,6.28,6.29,6.28,6.29,189.172,1189.89188
1664702700000,2022-10-02T09:25:00Z,6.29,6.29,6.28,6.29,1998.982,12565.0617
1664703000000,2022-10-02T09:30:00Z,6.29,6.29,6.28,6.28,1341.291,8426.00748
1664703300000,2022-10-02T09:35:00Z,6.28,6.28,6.27,6.28,702.095,4402.13724
1664703600000,2022-10-02T09:40:00Z,6.28,6.28,6.25,6.27,2981.518,18681.94553
1664703900000,2022-10-02T09:45:00Z,6.27,6.28,6.27,6.28,1451.808,9114.52426
1664704200000,2022-10-02T09:50:00Z,6.28,6.28,6.27,6.27,0.839,5.26053
1664704500000,2022-10-02T09:55:00Z,6.27,6.28,6.27,6.28,1164.756,7308.30968
1664704800000,2022-10-02T10:00:00Z,6.28,6.28,6.28,6.28,331.895,2084.3006
1664705100000,2022-10-02T10:05:00Z,6.28,6.29,6.27,6.27,2984.752,18735.47668
1664705400000,2022-10-02T10:10:00Z,6.27,6.27,6.23,6.24,3784.639,23625.17609
1664705700000,2022-10-02T10:15:00Z,6.24,6.24,6.17,6.22,18650.082,115614.75788
1664706000000,2022-10-02T10:20:00Z,6.22,6.22,6.2,6.2,4132.47,25659.23854
1664706300000,2022-10-02T10:25:00Z,6.2,6.21,6.2,6.2,8687.02,53895.04498
1664706600000,2022-10-02T10:30:00Z,6.2,6.2,6.19,6.19,4716.859,29198.17689
1664706900000,2022-10-02T10:35:00Z,6.19,6.2,6.19,6.2,3947.834,24476.55986
1664707200000,2022-10-02T10:40:00Z,6.2,6.2,6.2,6.2,764.917,4742.4854
1664707500000,2022-10-02T10:45:00Z,6.2,6.21,6.2,6.21,1293.903,8035.13763
1664707800000,2022-10-02T10:50:00Z,6.21,6.21,6.18,6.2,1894.941,11737.11245
1664708100000,2022-10-02T10:55:00Z,6.2,6.21,6.2,6.21,2182.235,13529.86022
1664708400000,2022-10-02T11:00:00Z,6.21,6.22,6.2,6.22,1682.759,10453.41536
1664708700000,2022-10-02T11:05:00Z,6.22,6.24,6.22,6.24,1276.211,7950.82566
1664709000000,2022-10-02T11:10:00Z,6.24,6.24,6.23,6.23,1270.799,7917.07777
1664709300000,2022-10-02T11:15:00Z,6.23,6.24,6.22,6.24,2400.136,14965.28744
1664709600000,2022-10-02T11:20:00Z,6.24,6.24,6.22,6.24,1414.624,8818.39573
1664709900000,2022-10-02T11:25:00Z,6.24,6.26,6.24,6.26,2073.149,12958.90013
1664710200000,2022-10-02T11:30:00Z,6.26,6.26,6.25,6.26,3233.763,20226.94161
1664710500000,2022-10-02T11:35:00Z,6.26,6.27,6.26,6.27,2259.715,14164.43317
1664710800000,2022-10-02T11:40:00Z,6.27,6.27,6.26,6.26,1334.737,8362.76923
1664711100000,2022-10-02T11:45:00Z,6.26,6.26,6.25,6.25,630.113,3938.20625
1664711400000,2022-10-02T11:50:00Z,6.25,6.25,6.24,6.25,1556.367,9711.73397
1664711700000,2022-10-02T11:55:00Z,6.25,6.25,6.25,6.25,1572.514,9828.2125
1664712000000,2022-10-02T12:00:00Z,6.25,6.26,6.24,6.26,1849.801,11571.7972
1664712300000,2022-10-02T12:05:00Z,6.26,6.27,6.26,6.26,2027.369,12691.33312
1664712600000,2022-10-02T12:10:00Z,6.26,6.26,6.26,6.26,1222.523,7652.99398
1664712900000,2022-10-02T12:15:00Z,6.26,6.26,6.25,6.26,3277.06,20491.63921
1664713200000,2022-10-02T12:20:00Z,6.26,6.26,6.24,6.24,2266.24,14147.02795
1664713500000,2022-10-02T12:25:00Z,6.24,6.24,6.22,6.22,2303.607,14360.51644
1664713800000,2022-10-02T12:30:00Z,6.22,6.24,6.22,6.24,1414.403,8814.12861
1664714100000,2022-10-02T12:35:00Z,6.24,6.25,6.24,6.25,2631.329,16427.89213
1664714400000,2022-10-02T12:40:00Z,6.25,6.25,6.25,6.25,1.6,10
1664714700000,2022-10-02T12:45:00Z,6.25,6.25,6.24,6.25,1198.039,7483.10837
1664715000000,2022-10-02T12:50:00Z,6.25,6.26,6.25,6.26,398.602,2495.24852
1664715300000,2022-10-02T12:55:00Z,6.26,6.26,6.24,6.25,706.256,4410.63744
1664715600000,2022-10-02T13:00:00Z,6.25,6.25,6.23,6.24,797,4971.61
1664715900000,2022-10-02T13:05:00Z,6.24,6.24,6.23,6.23,2517.196,15682.13108
1664716200000,2022-10-02T13:10:00Z,6.23,6.23,6.23,6.23,1048.612,6532.85276
1664716500000,2022-10-02T13:15:00Z,6.23,6.24,6.23,6.24,925.246,5773.53504
1664716800000,2022-10-02T13:20:00Z,6.24,6.25,6.24,6.25,1666.746,10408.93023
1664717100000,2022-10-02T13:25:00Z,6.25,6.25,6.24,6.25,338.335,2114.58986
1664717400000,2022-10-02T13:30:00Z,6.25,6.26,6.25,6.26,1480.48,9264.81786
1664717700000,2022-10-02T13:35:00Z,6.26,6.27,6.26,6.27,576.861,3612.23749
1664718000000,2022-10-02T13:40:00Z,6.27,6.28,6.27,6.27,1064.434,6679.74281
1664718300000,2022-10-02T13:45:00Z,6.27,6.27,6.26,6.26,2102.865,13172.76272
1664718600000,2022-10-02T13:50:00Z,6.26,6.26,6.26,6.26,699.266,4377.40516
1664718900000,2022-10-02T13:55:00Z,6.26,6.26,6.24,6.26,2662.36,16639.4989
1664719200000,2022-10-02T14:00:00Z,6.26,6.26,6.25,6.26,1077.219,6743.38705
1664719500000,2022-10-02T14:05:00Z,6.26,6.26,6.25,6.25,89.999,562.49375
1664719800000,2022-10-02T14:10:00Z,6.25,6.26,6.25,6.25,714.586,4467.0625
1664720100000,2022-10-02T14:15:00Z,6.25,6.26,6.24,6.25,1358.299,8484.56096
1664720400000,2022-10-02T14:20:00Z,6.25,6.26,6.25,6.26,1631.942,10206.53695
1664720700000,2022-10-02T14:25:00Z,6.26,6.26,6.25,6.25,2687.52,16797.46764
1664721000000,2022-10-02T14:30:00Z,6.25,6.25,6.23,6.23,1740.408,10855.98114
1664721300000,2022-10-02T14:35:00Z,6.23,6.24,6.22,6.23,1574.332,9809.57037
1664721600000,2022-10-02T14:40:00Z,6.23,6.23,6.22,6.22,718.057,4473.00993
1664721900000,2022-10-02T14:45:00Z,6.22,6.23,6.22,6.22,861.696,5367.90876
1664722200000,2022-10-02T14:50:00Z,6.22,6.22,6.19,6.2,4883.49,30276.5066
1664722500000,2022-10-02T14:55:00Z,6.2,6.21,6.2,6.21,2442.549,15168.09217
1664722800000,2022-10-02T15:00:00Z,6.21,6.22,6.21,6.22,2430.388,15111.72005
1664723100000,2022-10-02T15:05:00Z,6.22,6.22,6.21,6.22,775.502,4822.72244
1664723400000,2022-10-02T15:10:00Z,6.22,6.22,6.21,6.21,770.862,4794.5771
1664723700000,2022-10-02T15:15:00Z,6.21,6.22,6.2,6.21,961.686,5970.70188
1664724000000,2022-10-02T15:20:00Z,6.21,6.21,6.2,6.2,1594.758,9887.4996
1664724300000,2022-10-02T15:25:00Z,6.2,6.2,6.2,6.2,810.876,5027.4312
1664724600000,2022-10-02T15:30:00Z,6.2,6.21,6.19,6.21,1759.685,10916.08774
1664724900000,2022-10-02T15:35:00Z,6.21,6.21,6.2,6.21,732.171,4545.09954
1664725200000,2022-10-02T15:40:00Z,6.21,6.22,6.2,6.2,279.179,1733.6993
1664725500000,2022-10-02T15:45:00Z,6.2,6.21,6.2,6.21,924.898,5743.61269
1664725800000,2022-10-02T15:50:00Z,6.21,6.23,6.21,6.22,1431.223,8905.19867
1664726100000,2022-10-02T15:55:00Z,6.22,6.23,6.22,6.23,1480.534,9208.92537
1664726400000,2022-10-02T16:00:00Z,6.23,6.23,6.23,6.23,7.728,48.14544
1664726700000,2022-10-02T16:05:00Z,6.23,6.24,6.22,6.23,2831.343,17641.81702
1664727000000,2022-10-02T16:10:00Z,6.23,6.24,6.23,6.24,3915.676,24398.46139
1664727300000,2022-10-02T16:15:00Z,6.24,6.25,6.24,6.25,2397.566,14963.64508
1664727600000,2022-10-02T16:20:00Z,6.25,6.25,6.25,6.25,4374.996,27343.725
1664727900000,2022-10-02T16:25:00Z,6.25,6.25,6.24,6.24,4127.918,25766.29585
1664728200000,2022-10-02T16:30:00Z,6.24,6.24,6.23,6.24,2003.813,12497.54356
1664728500000,2022-10-02T16:35:00Z,6.24,6.24,6.22,6.22,2503.709,15593.31421
1664728800000,2022-10-02T16:40:00Z,6.22,6.26,6.22,6.25,4645.238,29009.06867
1664729100000,2022-10-02T16:45:00Z,6.25,6.25,6.22,6.24,12252.278,76450.82264
1664729400000,2022-10-02T16:50:00Z,6.24,6.24,6.24,6.24,3304.404,20619.48096
1664729700000,2022-10-02T16:55:00Z,6.24,6.24,6.22,6.22,1324.323,8250.46464
1664730000000,2022-10-02T17:00:00Z,6.22,6.22,6.22,6.22,360,2239.2
1664730300000,2022-10-02T17:05:00Z,6.22,6.23,6.22,6.23,804.702,5013.28568
1664730600000,2022-10-02T17:10:00Z,6.23,6.23,6.23,6.23,2752.481,17147.95663
1664730900000,2022-10-02T17:15:00Z,6.23,6.23,6.22,6.22,943.671,5869.63751
1664731200000,2022-10-02T17:20:00Z,6.22,6.22,6.21,6.21,1972.668,12250.26828
1664731500000,2022-10-02T17:25:00Z,6.21,6.22,6.21,6.22,1907.206,11862.63743
1664731800000,2022-10-02T17:30:00Z,6.22,6.22,6.21,6.21,1979.368,12297.08628
1664732100000,2022-10-02T17:35:00Z,6.21,6.23,6.21,6.23,1227.578,7625.1011
1664732400000,2022-10-02T17:40:00Z,6.23,6.23,6.22,6.22,565,3514.3
1664732700000,2022-10-02T17:45:00Z,6.22,6.23,6.22,6.23,958.853,5966.17661
1664733000000,2022-10-02T17:50:00Z,6.23,6.23,6.23,6.23,3031.86,18888.4878
1664733300000,2022-10-02T17:55:00Z,6.23,6.24,6.23,6.24,2667.706,16646.48155
1664733600000,2022-10-02T18:00:00Z,6.24,6.24,6.23,6.23,2027.377,12648.93521
1664733900000,2022-10-02T18:05:00Z,6.23,6.23,6.23,6.23,2082.354,12973.06542
1664734200000,2022-10-02T18:10:00Z,6.23,6.24,6.22,6.23,1138.307,7085.19573
1664734500000,2022-10-02T18:15:00Z,6.23,6.23,6.22,6.23,337.427,2100.37021
1664734800000,2022-10-02T18:20:00Z,6.23,6.23,6.23,6.23,125.928,784.53144
1664735100000,2022-10-02T18:25:00Z,6.23,6.24,6.23,6.24,0.389,2.42736
1664735400000,2022-10-02T18:30:00Z,6.24,6.24,6.23,6.23,313.297,1951.8442
1664735700000,2022-10-02T18:35:00Z,6.23,6.24,6.23,6.24,722.635,4509.2424
1664736000000,2022-10-02T18:40:00Z,6.24,6.24,6.24,6.24,553.098,3451.33152
1664736300000,2022-10-02T18:45:00Z,6.24,6.24,6.23,6.23,671.41,4188.6984
1664736600000,2022-10-02T18:50:00Z,6.23,6.24,6.23,6.24,260.401,1624.19587
1664736900000,2022-10-02T18:55:00Z,6.24,6.25,6.24,6.25,424.053,2646.10112
1664737200000,2022-10-02T19:00:00Z,6.25,6.26,6.25,6.26,3111.974,19456.11176
1664737500000,2022-10-02T19:05:00Z,6.26,6.3,6.26,6.28,6091.801,38241.04239
1664737800000,2022-10-02T19:10:00Z,6.28,6.29,6.28,6.29,4568.446,28735.52534
1664738100000,2022-10-02T19:15:00Z,6.29,6.3,6.29,6.29,2034.439,12802.49435
1664738400000,2022-10-02T19:20:00Z,6.29,6.29,6.27,6.27,1206.332,7565.53164
1664738700000,2022-10-02T19:25:00Z,6.27,6.27,6.27,6.27,770.592,4831.61184
1664739000000,2022-10-02T19:30:00Z,6.27,6.27,6.25,6.25,2582.155,16162.90563
1664739300000,2022-10-02T19:35:00Z,6.25,6.28,6.25,6.27,2844.769,17850.13427
1664739600000,2022-10-02T19:40:00Z,6.27,6.28,6.27,6.28,1727.991,10851.78348
1664739900000,2022-10-02T19:45:00Z,6.28,6.3,6.28,6.29,1165.881,7330.99239
1664740200000,2022-10-02T19:50:00Z,6.29,6.3,6.29,6.3,0.778,4.89751
1664740500000,2022-10-02T19:55:00Z,6.3,6.3,6.29,6.29,1195.71,7524.34923
1664740800000,2022-10-02T20:00:00Z,6.29,6.3,6.29,6.29,594.114,3741.1182
1664741100000,2022-10-02T20:05:00Z,6.29,6.3,6.29,6.3,772.575,4867.2025
1664741400000,2022-10-02T20:10:00Z,6.3,6.3,6.29,6.29,178,1119.62
1664741700000,2022-10-02T20:15:00Z,6.29,6.29,6.29,6.29,246.514,1550.57306
1664742000000,2022-10-02T20:20:00Z,6.29,6.3,6.29,6.3,966.47,6087.861
1664742300000,2022-10-02T20:25:00Z,6.3,6.3,6.29,6.3,901.53,5679.61103
1664742600000,2022-10-02T20:30:00Z,6.3,6.3,6.29,6.29,1580.115,9942.24918
1664742900000,2022-10-02T20:35:00Z,6.29,6.3,6.29,6.29,1683.905,10596.24752
1664743200000,2022-10-02T20:40:00Z,6.29,6.29,6.29,6.29,963.805,6062.33345
1664743500000,2022-10-02T20:45:00Z,6.29,6.29,6.28,6.28,1916.693,12053.37456
1664743800000,2022-10-02T20:50:00Z,6.28,6.28,6.28,6.28,1112.315,6985.3382
1664744100000,2022-10-02T20:55:00Z,6.28,6.28,6.27,6.27,1201.741,7542.60219
1664744400000,2022-10-02T21:00:00Z,6.27,6.28,6.27,6.28,148.687,933.75436
1664744700000,2022-10-02T21:05:00Z,6.28,6.28,6.26,6.26,1482.895,9288.3227
1664745000000,2022-10-02T21:10:00Z,6.26,6.26,6.26,6.26,1809.66,11328.4716
1664745300000,2022-10-02T21:15:00Z,6.26,6.26,6.24,6.24,934.574,5832.26588
1664745600000,2022-10-02T21:20:00Z,6.24,6.24,6.23,6.23,243.57,1519.87291
1664745900000,2022-10-02T21:25:00Z,6.23,6.25,6.23,6.25,6551.064,40903.58276
1664746200000,2022-10-02T21:30:00Z,6.25,6.25,6.25,6.25,138.011,862.56875
1664746500000,2022-10-02T21:35:00Z,6.25,6.26,6.25,6.26,1042.11,6522.6486
1664746800000,2022-10-02T21:40:00Z,6.26,6.26,6.26,6.26,2419.535,15146.2891
1664747100000,2022-10-02T21:45:00Z,6.26,6.29,6.26,6.29,1600.404,10055.12937
1664747400000,2022-10-02T21:50:00Z,6.29,6.33,6.28,6.3,10501.559,66287.94044
1664747700000,2022-10-02T21:55:00Z,6.3,6.31,6.29,6.3,2310.453,14567.30144
1664748000000,2022-10-02T22:00:00Z,6.3,6.3,6.24,6.27,6260.01,39155.87144
1664748300000,2022-10-02T22:05:00Z,6.27,6.27,6.24,6.24,3402.552,21266.16534
1664748600000,2022-10-02T22:10:00Z,6.24,6.29,6.23,6.28,6590.332,41335.93709
1664748900000,2022-10-02T22:15:00Z,6.28,6.3,6.28,6.3,2072.129,13033.65849
1664749200000,2022-10-02T22:20:00Z,6.3,6.33,6.3,6.33,2366.531,14960.3874
1664749500000,2022-10-02T22:25:00Z,6.33,6.33,6.3,6.31,4321.469,27298.38774
1664749800000,2022-10-02T22:30:00Z,6.31,6.31,6.29,6.29,2588.149,16290.21614
1664750100000,2022-10-02T22:35:00Z,6.29,6.29,6.28,6.29,637.945,4010.19373
1664750400000,2022-10-02T22:40:00Z,6.29,6.29,6.27,6.28,5023.458,31570.30551
1664750700000,2022-10-02T22:45:00Z,6.28,6.28,6.28,6.28,3536.998,22212.34744
1664751000000,2022-10-02T22:50:00Z,6.28,6.32,6.28,6.31,5626.303,35422.97882
1664751300000,2022-10-02T22:55:00Z,6.31,6.32,6.29,6.31,7936.216,50024.27975
1664751600000,2022-10-02T23:00:00Z,6.31,6.34,6.3,6.31,6525.061,41246.91186
1664751900000,2022-10-02T23:05:00Z,6.31,6.32,6.25,6.29,17619.256,110619.49945
1664752200000,2022-10-02T23:10:00Z,6.29,6.3,6.26,6.26,7472.74,46937.42412
1664752500000,2022-10-02T23:15:00Z,6.26,6.26,6.24,6.26,10167.277,63615.47346
1664752800000,2022-10-02T23:20:00Z,6.26,6.3,6.26,6.3,7644.54,48015.93888
1664753100000,2022-10-02T23:25:00Z,6.3,6.3,6.28,6.3,7529.973,47338.25753
1664753400000,2022-10-02T23:30:00Z,6.3,6.31,6.28,6.29,7397.327,46579.9719
1664753700000,2022-10-02T23:35:00Z,6.29,6.3,6.28,6.29,5976.234,37619.33019
1664754000000,2022-10-02T23:40:00Z,6.29,6.3,6.29,6.29,4963.207,31220.41948
1664754300000,2022-10-02T23:45:00Z,6.29,6.29,6.24,6.26,12357.137,77307.81262
1664754600000,2022-10-02T23:50:00Z,6.26,6.26,6.2,6.25,8708.223,54276.43423
1664754900000,2022-10-02T23:55:00Z,6.25,6.26,6.25,6.26,3922.036,24530.67203
1664755200000,2022-10-03T00:00:00Z,6.26,6.27,6.22,6.24,8554.239,53454.28124
1664755500000,2022-10-03T00:05:00Z,6.24,6.26,6.21,6.24,8779.189,54734.66712
1664755800000,2022-10-03T00:10:00Z,6.24,6.3,6.24,6.27,9057.736,56850.58074
1664756100000,2022-10-03T00:15:00Z,6.27,6.27,6.26,6.26,3100.371,19427.54364
1664756400000,2022-10-03T00:20:00Z,6.26,6.28,6.25,6.28,1509.814,9457.93849
1664756700000,2022-10-03T00:25:00Z,6.28,6.31,6.27,6.27,13302.271,83609.51304
1664757000000,2022-10-03T00:30:00Z,6.27,6.27,6.22,6.23,8446.966,52727.34535
1664757300000,2022-10-03T00:35:00Z,6.23,6.24,6.22,6.22,5210.954,32448.83114
1664757600000,2022-10-03T00:40:00Z,6.22,6.24,6.22,6.22,3302.752,20550.92498
1664757900000,2022-10-03T00:45:00Z,6.22,6.24,6.2,6.22,9151.888,56904.6108
1664758200000,2022-10-03T00:50:00Z,6.22,6.23,6.21,6.21,7606.011,47322.22631
1664758500000,2022-10-03T00:55:00Z,6.21,6.23,6.2,6.23,7313.054,45469.57683
1664758800000,2022-10-03T01:00:00Z,6.23,6.24,6.2,6.2,5113.788,31761.26012
1664759100000,2022-10-03T01:05:00Z,6.2,6.26,6.18,6.26,10388.701,64727.04874
1664759400000,2022-10-03T01:10:00Z,6.26,6.26,6.21,6.24,11427.671,71281.87833
1664759700000,2022-10-03T01:15:00Z,6.24,6.25,6.23,6.23,6778.071,42309.51939
1664760000000,2022-10-03T01:20:00Z,6.23,6.23,6.19,6.21,9992.133,62149.16302
1664760300000,2022-10-03T01:25:00Z,6.21,6.24,6.19,6.24,6893.121,42866.32613
1664760600000,2022-10-03T01:30:00Z,6.24,6.25,6.24,6.24,3605.786,22507.23133
1664760900000,2022-10-03T01:35:00Z,6.24,6.24,6.24,6.24,2339.994,14601.56256
1664761200000,2022-10-03T01:40:00Z,6.24,6.24,6.24,6.24,704.096,4393.55904
1664761500000,2022-10-03T01:45:00Z,6.24,6.26,6.24,6.26,845.757,5288.37927
1664761800000,2022-10-03T01:50:00Z,6.26,6.26,6.26,6.26,2298.715,14389.9559
1664762100000,2022-10-03T01:55:00Z,6.26,6.26,6.24,6.24,6123.207,38247.60044
1664762400000,2022-10-03T02:00:00Z,6.24,6.26,6.24,6.25,5423.131,33901.30735
1664762700000,2022-10-03T02:05:00Z,6.25,6.26,6.24,6.26,1852.303,11573.00212
1664763000000,2022-10-03T02:10:00Z,6.26,6.29,6.26,6.29,8904.395,55964.35961
1664763300000,2022-10-03T02:15:00Z,6.29,6.31,6.28,6.29,9643.292,60725.43697
1664763600000,2022-10-03T02:20:00Z,6.29,6.29,6.28,6.29,1680.333,10568.97629
1664763900000,2022-10-03T02:25:00Z,6.29,6.3,6.29,6.3,1930.269,12157.77375
1664764200000,2022-10-03T02:30:00Z,6.3,6.31,6.3,6.3,1432.609,9026.97528
1664764500000,2022-10-03T02:35:00Z,6.3,6.32,6.3,6.32,2426.789,15330.51357
1664764800000,2022-10-03T02:40:00Z,6.32,6.33,6.32,6.32,5005.819,31671.33399
1664765100000,2022-10-03T02:45:00Z,6.32,6.32,6.31,6.32,831.165,5250.19882
1664765400000,2022-10-03T02:50:00Z,6.32,6.34,6.32,6.33,2022.166,12805.96565
1664765700000,2022-10-03T02:55:00Z,6.33,6.33,6.31,6.31,2671.188,16870.24544
1664766000000,2022-10-03T03:00:00Z,6.31,6.33,6.31,6.32,2659.895,16804.76806
1664766300000,2022-10-03T03:05:00Z,6.32,6.34,6.32,6.34,658.5,4173.19025
1664766600000,2022-10-03T03:10:00Z,6.34,6.34,6.34,6.34,1761.317,11166.74978
1664766900000,2022-10-03T03:15:00Z,6.34,6.36,6.33,6.34,3645.379,23147.48156
1664767200000,2022-10-03T03:20:00Z,6.34,6.35,6.34,6.34,263.342,1672.1217
1664767500000,2022-10-03T03:25:00Z,6.34,6.35,6.33,6.35,575.465,3653.29497
1664767800000,2022-10-03T03:30:00Z,6.35,6.36,6.35,6.36,1378.492,8763.24042
1664768100000,2022-10-03T03:35:00Z,6.36,6.36,6.35,6.36,4152.379,26399.09606
1664768400000,2022-10-03T03:40:00Z,6.36,6.37,6.36,6.37,1692.463,10764.06624
1664768700000,2022-10-03T03:45:00Z,6.37,6.37,6.36,6.37,1538.554,9797.9987
1664769000000,2022-10-03T03:50:00Z,6.37,6.37,6.37,6.37,715.538,4557.97706
1664769300000,2022-10-03T03:55:00Z,6.37,6.37,6.36,6.36,1812.584,11528.93424
1664769600000,2022-10-03T04:00:00Z,6.36,6.37,6.36,6.36,2084.111,13268.35485
1664769900000,2022-10-03T04:05:00Z,6.36,6.36,6.34,6.34,794.078,5042.8419
1664770200000,2022-10-03T04:10:00Z,6.34,6.35,6.34,6.35,2516.301,15974.22761
1664770500000,2022-10-03T04:15:00Z,6.35,6.35,6.34,6.34,3119.446,19802.56338
1664770800000,2022-10-03T04:20:00Z,6.34,6.34,6.33,6.34,1130.924,7165.92811
1664771100000,2022-10-03T04:25:00Z,6.34,6.34,6.33,6.34,289.886,1835.78315
1664771400000,2022-10-03T04:30:00Z,6.34,6.35,6.34,6.34,1191.181,7558.40639
1664771700000,2022-10-03T04:35:00Z,6.34,6.34,6.32,6.32,2379.2,15048.4942
1664772000000,2022-10-03T04:40:00Z,6.32,6.33,6.32,6.33,1482.945,9375.63279
1664772300000,2022-10-03T04:45:00Z,6.33,6.33,6.31,6.32,1810.357,11451.03767
1664772600000,2022-10-03T04:50:00Z,6.32,6.32,6.29,6.3,1780.618,11227.56184
1664772900000,2022-10-03T04:55:00Z,6.3,6.3,6.3,6.3,485.016,3055.6008
1664773200000,2022-10-03T05:00:00Z,6.3,6.31,6.3,6.31,1481.159,9339.61139
1664773500000,2022-10-03T05:05:00Z,6.31,6.31,6.28,6.28,1650.6,10401.34194
1664773800000,2022-10-03T05:10:00Z,6.28,6.28,6.28,6.28,970.214,6092.94392
1664774100000,2022-10-03T05:15:00Z,6.28,6.29,6.28,6.28,1267.977,7968.69469
1664774400000,2022-10-03T05:20:00Z,6.28,6.3,6.28,6.3,453,2852.1
1664774700000,2022-10-03T05:25:00Z,6.3,6.3,6.29,6.29,806.439,5075.75004
1664775000000,2022-10-03T05:30:00Z,6.29,6.31,6.29,6.31,2077.625,13095.68577
1664775300000,2022-10-03T05:35:00Z,6.31,6.32,6.31,6.32,459.74,2902.80971
1664775600000,2022-10-03T05:40:00Z,6.32,6.33,6.32,6.33,1561.569,9873.15741
1664775900000,2022-10-03T05:45:00Z,6.33,6.33,6.33,6.33,1590.731,10069.32723
1664776200000,2022-10-03T05:50:00Z,6.33,6.37,6.33,6.37,3334.496,21175.89711
1664776500000,2022-10-03T05:55:00Z,6.37,6.38,6.37,6.38,733.562,4675.52405
1664776800000,2022-10-03T06:00:00Z,6.38,6.4,6.37,6.4,2295.163,14664.46928
1664777100000,2022-10-03T06:05:00Z,6.4,6.42,6.39,6.4,3412.286,21854.42235
1664777400000,2022-10-03T06:10:00Z,6.4,6.4,6.39,6.39,1433.446,9166.74337
1664777700000,2022-10-03T06:15:00Z,6.39,6.41,6.39,6.41,2894.822,18537.98171
1664778000000,2022-10-03T06:20:00Z,6.41,6.41,6.4,6.4,636.785,4080.15692
1664778300000,2022-10-03T06:25:00Z,6.4,6.43,6.4,6.42,1968.735,12643.94011
1664778600000,2022-10-03T06:30:00Z,6.42,6.43,6.42,6.42,2022.026,12993.79124
1664778900000,2022-10-03T06:35:00Z,6.42,6.42,6.4,6.41,3055.873,19585.77374
1664779200000,2022-10-03T06:40:00Z,6.41,6.41,6.39,6.39,801.811,5133.81319
1664779500000,2022-10-03T06:45:00Z,6.39,6.39,6.39,6.39,1338.041,8550.08199
1664779800000,2022-10-03T06:50:00Z,6.39,6.39,6.38,6.38,1810.207,11558.43039
1664780100000,2022-10-03T06:55:00Z,6.38,6.38,6.38,6.38,1328.376,8475.03888
1664780400000,2022-10-03T07:00:00Z,6.38,6.4,6.38,6.39,1984.271,12675.37601
1664780700000,2022-10-03T07:05:00Z,6.39,6.43,6.39,6.4,4007.983,25678.26393
1664781000000,2022-10-03T07:10:00Z,6.4,6.4,6.38,6.39,2178.76,13924.61686
1664781300000,2022-10-03T07:15:00Z,6.39,6.44,6.39,6.44,5626.152,36188.23383
1664781600000,2022-10-03T07:20:00Z,6.44,6.46,6.44,6.45,7336.895,47368.83983
1664781900000,2022-10-03T07:25:00Z,6.45,6.47,6.45,6.47,4134.833,26734.08436
1664782200000,2022-10-03T07:30:00Z,6.47,6.49,6.44,6.45,7829.858,50590.20146
1664782500000,2022-10-03T07:35:00Z,6.45,6.47,6.45,6.45,2839.282,18335.09065
1664782800000,2022-10-03T07:40:00Z,6.45,6.46,6.45,6.45,1997.347,12886.49633
1664783100000,2022-10-03T07:45:00Z,6.45,6.45,6.45,6.45,2109.81,13608.2745
1664783400000,2022-10-03T07:50:00Z,6.45,6.46,6.44,6.45,788.848,5087.04641
1664783700000,2022-10-03T07:55:00Z,6.45,6.46,6.45,6.46,2845.354,18368.24066
1664784000000,2022-10-03T08:00:00Z,6.46,6.46,6.44,6.45,2138.853,13803.03011
1664784300000,2022-10-03T08:05:00Z,6.45,6.45,6.44,6.45,2641.369,17030.96005
1664784600000,2022-10-03T08:10:00Z,6.45,6.45,6.44,6.45,627.266,4045.85728
1664784900000,2022-10-03T08:15:00Z,6.45,6.45,6.45,6.45,1763.795,11376.47775
1664785200000,2022-10-03T08:20:00Z,6.45,6.46,6.45,6.45,1763.891,11388.57178
1664785500000,2022-10-03T08:25:00Z,6.45,6.48,6.45,6.48,2015.326,13038.69856
1664785800000,2022-10-03T08:30:00Z,6.48,6.49,6.47,6.49,2462.096,15970.49345
1664786100000,2022-10-03T08:35:00Z,6.49,6.49,6.47,6.47,820.906,5314.86182
1664786400000,2022-10-03T08:40:00Z,6.47,6.48,6.46,6.46,463.376,2995.98634
1664786700000,2022-10-03T08:45:00Z,6.46,6.47,6.46,6.46,1604.039,10366.27326
1664787000000,2022-10-03T08:50:00Z,6.46,6.46,6.46,6.46,589.574,3808.64804
1664787300000,2022-10-03T08:55:00Z,6.46,6.46,6.45,6.45,912.051,5882.73049
1664787600000,2022-10-03T09:00:00Z,6.45,6.46,6.43,6.43,4094.024,26367.08379
1664787900000,2022-10-03T09:05:00Z,6.43,6.43,6.42,6.42,1005.06,6454.69436
1664788200000,2022-10-03T09:10:00Z,6.42,6.43,6.42,6.43,1228.79,7901.1197
1664788500000,2022-10-03T09:15:00Z,6.43,6.43,6.43,6.43,1771.524,11390.89932
1664788800000,2022-10-03T09:20:00Z,6.43,6.45,6.43,6.45,849.754,5467.9769
1664789100000,2022-10-03T09:25:00Z,6.45,6.45,6.44,6.44,421.115,2711.98283
1664789400000,2022-10-03T09:30:00Z,6.44,6.45,6.44,6.44,1002.534,6466.30786
1664789700000,2022-10-03T09:35:00Z,6.44,6.45,6.44,6.44,737.48,4753.82833
1664790000000,2022-10-03T09:40:00Z,6.44,6.45,6.44,6.45,114.46,737.25998
1664790300000,2022-10-03T09:45:00Z,6.45,6.45,6.44,6.44,1215.036,7824.83573
1664790600000,2022-10-03T09:50:00Z,6.44,6.44,6.42,6.42,1166.73,7491.87582
1664790900000,2022-10-03T09:55:00Z,6.42,6.45,6.42,6.45,888.365,5721.68952
1664791200000,2022-10-03T10:00:00Z,6.45,6.45,6.44,6.44,1074.358,6919.48028
1664791500000,2022-10-03T10:05:00Z,6.44,6.44,6.44,6.44,1810.649,11660.57956
1664791800000,2022-10-03T10:10:00Z,6.44,6.44,6.42,6.42,821.764,5281.73029
1664792100000,2022-10-03T10:15:00Z,6.42,6.42,6.41,6.41,1748.71,11209.2311
1664792400000,2022-10-03T10:20:00Z,6.41,6.42,6.4,6.41,3368.335,21604.73616
1664792700000,2022-10-03T10:25:00Z,6.41,6.41,6.4,6.41,336.518,2157.07649
1664793000000,2022-10-03T10:30:00Z,6.41,6.44,6.41,6.44,1632.882,10503.55982
1664793300000,2022-10-03T10:35:00Z,6.44,6.45,6.43,6.43,1856.478,11941.49864
1664793600000,2022-10-03T10:40:00Z,6.43,6.43,6.42,6.42,2162.903,13885.84337
1664793900000,2022-10-03T10:45:00Z,6.42,6.42,6.41,6.42,1410.192,9043.06854
1664794200000,2022-10-03T10:50:00Z,6.42,6.43,6.42,6.42,487.686,3134.92098
1664794500000,2022-10-03T10:55:00Z,6.42,6.44,6.42,6.44,1385.083,8914.392
1664794800000,2022-10-03T11:00:00Z,6.44,6.45,6.43,6.44,2799.398,18037.4217
1664795100000,2022-10-03T11:05:00Z,6.44,6.45,6.44,6.45,975.474,6291.8073
1664795400000,2022-10-03T11:10:00Z,6.45,6.45,6.44,6.45,727.728,4690.53853
1664795700000,2022-10-03T11:15:00Z,6.45,6.46,6.45,6.45,1967.416,12705.49823
1664796000000,2022-10-03T11:20:00Z,6.45,6.45,6.44,6.44,488.305,3144.6842
1664796300000,2022-10-03T11:25:00Z,6.44,6.44,6.43,6.43,689.106,4430.95623
1664796600000,2022-10-03T11:30:00Z,6.43,6.43,6.42,6.42,4283.818,27505.74264
1664796900000,2022-10-03T11:35:00Z,6.42,6.43,6.41,6.43,545.776,3499.47968
1664797200000,2022-10-03T11:40:00Z,6.43,6.43,6.42,6.42,2756.123,17697.03966
1664797500000,2022-10-03T11:45:00Z,6.42,6.42,6.41,6.41,987.489,6339.36108
1664797800000,2022-10-03T11:50:00Z,6.41,6.41,6.4,6.4,1475.712,9453.24632
1664798100000,2022-10-03T11:55:00Z,6.4,6.43,6.4,6.43,633.152,4060.37831
1664798400000,2022-10-03T12:00:00Z,6.43,6.44,6.42,6.43,2164.264,13912.92599
1664798700000,2022-10-03T12:05:00Z,6.43,6.43,6.42,6.43,701.631,4511.46165
1664799000000,2022-10-03T12:10:00Z,6.43,6.43,6.42,6.42,1250.434,8030.0476
1664799300000,2022-10-03T12:15:00Z,6.42,6.42,6.4,6.4,1945.414,12460.97836
1664799600000,2022-10-03T12:20:00Z,6.4,6.45,6.4,6.45,11926.371,76660.25216
1664799900000,2022-10-03T12:25:00Z,6.45,6.45,6.44,6.44,11.633,74.91652
1664800200000,2022-10-03T12:30:00Z,6.44,6.47,6.44,6.47,1149.071,7425.12356
1664800500000,2022-10-03T12:35:00Z,6.47,6.47,6.46,6.47,3676.982,23781.55275
1664800800000,2022-10-03T12:40:00Z,6.47,6.48,6.47,6.48,2684.651,17395.62298
1664801100000,2022-10-03T12:45:00Z,6.48,6.51,6.48,6.5,4515.534,29343.35532
1664801400000,2022-10-03T12:50:00Z,6.5,6.5,6.49,6.49,1597.429,10375.99796
1664801700000,2022-10-03T12:55:00Z,6.49,6.51,6.49,6.5,2699.471,17555.77206
1664802000000,2022-10-03T13:00:00Z,6.5,6.52,6.5,6.51,2599.444,16911.88144
1664802300000,2022-10-03T13:05:00Z,6.51,6.53,6.51,6.53,3984.163,25987.46793
1664802600000,2022-10-03T13:10:00Z,6.53,6.55,6.53,6.55,4372.279,28597.76464
1664802900000,2022-10-03T13:15:00Z,6.55,6.56,6.53,6.53,2441.711,15978.53556
1664803200000,2022-10-03T13:20:00Z,6.53,6.54,6.52,6.52,1635.315,10677.45941
1664803500000,2022-10-03T13:25:00Z,6.52,6.53,6.52,6.52,1329.046,8668.75132
1664803800000,2022-10-03T13:30:00Z,6.52,6.54,6.49,6.52,5308.791,34636.67749
1664804100000,2022-10-03T13:35:00Z,6.52,6.52,6.49,6.49,3485.255,22658.92697
1664804400000,2022-10-03T13:40:00Z,6.49,6.5,6.47,6.49,5410.328,35061.55145
1664804700000,2022-10-03T13:45:00Z,6.49,6.52,6.49,6.52,6741.591,43906.6677
1664805000000,2022-10-03T13:50:00Z,6.52,6.52,6.49,6.49,2614.219,16995.53292
1664805300000,2022-10-03T13:55:00Z,6.49,6.49,6.47,6.47,3393.209,21999.04287
1664805600000,2022-10-03T14:00:00Z,6.47,6.54,6.47,6.51,7339.944,47808.55898
1664805900000,2022-10-03T14:05:00Z,6.51,6.54,6.51,6.54,7128.205,46526.20867
1664806200000,2022-10-03T14:10:00Z,6.54,6.54,6.52,6.52,2545.453,16617.96555
1664806500000,2022-10-03T14:15:00Z,6.52,6.52,6.52,6.52,1762.561,11491.89772
1664806800000,2022-10-03T14:20:00Z,6.52,6.55,6.52,6.55,3340.022,21805.69419
1664807100000,2022-10-03T14:25:00Z,6.55,6.55,6.54,6.54,5000.236,32738.94809
1664807400000,2022-10-03T14:30:00Z,6.54,6.56,6.54,6.55,3223.586,21129.12543
1664807700000,2022-10-03T14:35:00Z,6.55,6.56,6.55,6.56,634.953,4165.29168
1664808000000,2022-10-03T14:40:00Z,6.56,6.57,6.55,6.55,1099.736,7211.58737
1664808300000,2022-10-03T14:45:00Z,6.55,6.57,6.55,6.55,4074.485,26720.42363
1664808600000,2022-10-03T14:50:00Z,6.55,6.55,6.53,6.53,1218.37,7956.00614
1664808900000,2022-10-03T14:55:00Z,6.53,6.53,6.51,6.52,2330.781,15205.10137
1664809200000,2022-10-03T15:00:00Z,6.52,6.53,6.51,6.53,2784.91,18166.92984
1664809500000,2022-10-03T15:05:00Z,6.53,6.56,6.53,6.56,2146.357,14041.8662
1664809800000,2022-10-03T15:10:00Z,6.56,6.57,6.54,6.55,3423.883,22458.92562
1664810100000,2022-10-03T15:15:00Z,6.55,6.57,6.55,6.55,3126.45,20492.15756
1664810400000,2022-10-03T15:20:00Z,6.55,6.55,6.54,6.54,1398.344,9154.61665
1664810700000,2022-10-03T15:25:00Z,6.54,6.54,6.52,6.52,805.126,5261.09405
1664811000000,2022-10-03T15:30:00Z,6.52,6.53,6.52,6.52,2500.154,16315.40168
1664811300000,2022-10-03T15:35:00Z,6.52,6.52,6.52,6.52,3101.028,20218.70256
1664811600000,2022-10-03T15:40:00Z,6.52,6.52,6.5,6.5,1594.933,10371.38297
1664811900000,2022-10-03T15:45:00Z,6.5,6.51,6.5,6.5,1704.356,11078.35999
1664812200000,2022-10-03T15:50:00Z,6.5,6.51,6.5,6.5,891.388,5797.92582
1664812500000,2022-10-03T15:55:00Z,6.5,6.5,6.48,6.48,8218.609,53304.79757
1664812800000,2022-10-03T16:00:00Z,6.48,6.49,6.48,6.49,1938.115,12578.36635
1664813100000,2022-10-03T16:05:00Z,6.49,6.49,6.49,6.49,1830.968,11882.98232
1664813400000,2022-10-03T16:10:00Z,6.49,6.5,6.48,6.48,1944.298,12629.51705
1664813700000,2022-10-03T16:15:00Z,6.48,6.48,6.47,6.47,1160.691,7519.42454
1664814000000,2022-10-03T16:20:00Z,6.47,6.47,6.45,6.47,4134.218,26692.2243
1664814300000,2022-10-03T16:25:00Z,6.47,6.47,6.46,6.46,1545.337,9982.88415
1664814600000,2022-10-03T16:30:00Z,6.46,6.47,6.45,6.47,2993.938,19351.05186
1664814900000,2022-10-03T16:35:00Z,6.47,6.47,6.45,6.47,2033.4,13150.21282
1664815200000,2022-10-03T16:40:00Z,6.47,6.47,6.46,6.46,1262.75,8169.0925
1664815500000,2022-10-03T16:45:00Z,6.46,6.46,6.44,6.44,1819.648,11721.73633
1664815800000,2022-10-03T16:50:00Z,6.44,6.44,6.43,6.43,867.468,5582.62564
1664816100000,2022-10-03T16:55:00Z,6.43,6.44,6.43,6.43,1345.651,8655.46587
1664816400000,2022-10-03T17:00:00Z,6.43,6.46,6.43,6.45,1619.268,10443.38077
1664816700000,2022-10-03T17:05:00Z,6.45,6.45,6.45,6.45,2300.732,14839.7214
1664817000000,2022-10-03T17:10:00Z,6.45,6.45,6.44,6.44,1357.514,8752.09755
1664817300000,2022-10-03T17:15:00Z,6.44,6.44,6.43,6.43,2094.454,13480.41189
1664817600000,2022-10-03T17:20:00Z,6.43,6.45,6.43,6.45,3813.656,24561.45008
1664817900000,2022-10-03T17:25:00Z,6.45,6.45,6.44,6.45,748.995,4828.70519
1664818200000,2022-10-03T17:30:00Z,6.45,6.47,6.45,6.46,3365.9,21722.7137
1664818500000,2022-10-03T17:35:00Z,6.46,6.46,6.46,6.46,1071.494,6921.85124
1664818800000,2022-10-03T17:40:00Z,6.46,6.46,6.46,6.46,3203,20691.38
1664819100000,2022-10-03T17:45:00Z,6.46,6.47,6.45,6.45,2858.549,18485.57428
1664819400000,2022-10-03T17:50:00Z,6.45,6.46,6.45,6.45,1531.77,9881.20757
1664819700000,2022-10-03T17:55:00Z,6.45,6.45,6.45,6.45,761.68,4912.836
1664820000000,2022-10-03T18:00:00Z,6.45,6.46,6.45,6.45,1419.579,9167.96496
1664820300000,2022-10-03T18:05:00Z,6.45,6.47,6.44,6.44,4770.41,30777.20847
1664820600000,2022-10-03T18:10:00Z,6.44,6.46,6.44,6.45,1792.652,11575.82695
1664820900000,2022-10-03T18:15:00Z,6.45,6.46,6.44,6.44,434.607,2803.18988
1664821200000,2022-10-03T18:20:00Z,6.44,6.45,6.44,6.45,1183.968,7636.5936
1664821500000,2022-10-03T18:25:00Z,6.45,6.45,6.44,6.45,632.632,4075.05008
1664821800000,2022-10-03T18:30:00Z,6.45,6.45,6.44,6.44,3380.831,21775.97589
1664822100000,2022-10-03T18:35:00Z,6.44,6.44,6.44,6.44,1868.313,12031.93572
1664822400000,2022-10-03T18:40:00Z,6.44,6.44,6.44,6.44,756.537,4872.09828
1664822700000,2022-10-03T18:45:00Z,6.44,6.44,6.42,6.42,1761.925,11327.56134
1664823000000,2022-10-03T18:50:00Z,6.42,6.43,6.42,6.42,2023.051,12996.27099
1664823300000,2022-10-03T18:55:00Z,6.42,6.44,6.42,6.44,1496.876,9626.61802
1664823600000,2022-10-03T19:00:00Z,6.44,6.44,6.44,6.44,883.444,5689.37936
1664823900000,2022-10-03T19:05:00Z,6.44,6.45,6.43,6.45,3601.548,23194.14481
1664824200000,2022-10-03T19:10:00Z,6.45,6.45,6.45,6.45,0.389,2.50905
1664824500000,2022-10-03T19:15:00Z,6.45,6.46,6.44,6.46,1540.835,9928.1215
1664824800000,2022-10-03T19:20:00Z,6.46,6.5,6.46,6.49,3894.231,25219.49125
1664825100000,2022-10-03T19:25:00Z,6.49,6.54,6.49,6.53,4574.3,29801.41299
1664825400000,2022-10-03T19:30:00Z,6.53,6.55,6.52,6.54,4022.809,26317.01279
1664825700000,2022-10-03T19:35:00Z,6.54,6.54,6.53,6.53,4240.312,27714.73148
1664826000000,2022-10-03T19:40:00Z,6.53,6.53,6.51,6.51,1049.434,6841.37576
1664826300000,2022-10-03T19:45:00Z,6.51,6.51,6.5,6.51,1254.528,8166.70478
1664826600000,2022-10-03T19:50:00Z,6.51,6.51,6.5,6.51,3640.569,23678.17347
1664826900000,2022-10-03T19:55:00Z,6.51,6.54,6.51,6.54,2153.158,14043.42684
1664827200000,2022-10-03T20:00:00Z,6.54,6.55,6.54,6.55,1125.826,7374.15776
1664827500000,2022-10-03T20:05:00Z,6.55,6.55,6.55,6.55,0.389,2.54795
1664827800000,2022-10-03T20:10:00Z,6.55,6.55,6.54,6.55,713.517,4673.46538
1664828100000,2022-10-03T20:15:00Z,6.55,6.56,6.55,6.56,1204.042,7888.14663
1664828400000,2022-10-03T20:20:00Z,6.56,6.58,6.56,6.58,3183.388,20931.82731
1664828700000,2022-10-03T20:25:00Z,6.58,6.58,6.56,6.57,1460.298,9596.17154
1664829000000,2022-10-03T20:30:00Z,6.57,6.6,6.57,6.58,2079.766,13703.25326
1664829300000,2022-10-03T20:35:00Z,6.58,6.6,6.58,6.6,1653.236,10909.76733
1664829600000,2022-10-03T20:40:00Z,6.6,6.6,6.6,6.6,512.384,3381.7344
1664829900000,2022-10-03T20:45:00Z,6.6,6.61,6.59,6.61,5709.432,37707.08807
1664830200000,2022-10-03T20:50:00Z,6.61,6.64,6.61,6.63,5761.287,38192.46838
1664830500000,2022-10-03T20:55:00Z,6.63,6.67,6.63,6.67,9774.269,64974.32374
1664830800000,2022-10-03T21:00:00Z,6.67,6.71,6.67,6.7,10722.392,71731.4444
1664831100000,2022-10-03T21:05:00Z,6.7,6.73,6.7,6.73,7719.053,51867.35949
1664831400000,2022-10-03T21:10:00Z,6.73,6.75,6.73,6.73,4999.305,33666.6297
1664831700000,2022-10-03T21:15:00Z,6.73,6.8,6.73,6.76,5166.776,34960.79192
1664832000000,2022-10-03T21:20:00Z,6.76,6.76,6.72,6.72,2836.462,19102.11089
1664832300000,2022-10-03T21:25:00Z,6.72,6.73,6.71,6.72,5020.518,33744.15105
1664832600000,2022-10-03T21:30:00Z,6.72,6.72,6.7,6.71,4160.935,27944.83953
1664832900000,2022-10-03T21:35:00Z,6.71,6.73,6.71,6.71,6370.776,42805.939
1664833200000,2022-10-03T21:40:00Z,6.71,6.71,6.7,6.7,679.786,4561.35783
1664833500000,2022-10-03T21:45:00Z,6.7,6.72,6.7,6.71,5265.853,35311.28214
1664833800000,2022-10-03T21:50:00Z,6.71,6.71,6.7,6.7,1839.633,12331.59087
1664834100000,2022-10-03T21:55:00Z,6.7,6.7,6.69,6.69,234.006,1565.50014
1664834400000,2022-10-03T22:00:00Z,6.69,6.72,6.69,6.7,4325.159,28982.75202
1664834700000,2022-10-03T22:05:00Z,6.7,6.71,6.69,6.69,3441.977,23067.2739
1664835000000,2022-10-03T22:10:00Z,6.69,6.69,6.67,6.68,5112.446,34170.62691
1664835300000,2022-10-03T22:15:00Z,6.68,6.68,6.66,6.66,4807.241,32048.70403
1664835600000,2022-10-03T22:20:00Z,6.66,6.66,6.66,6.66,867.502,5777.56332
1664835900000,2022-10-03T22:25:00Z,6.66,6.67,6.66,6.67,434.044,2894.28505
1664836200000,2022-10-03T22:30:00Z,6.67,6.68,6.67,6.67,5500.589,36709.75902
1664836500000,2022-10-03T22:35:00Z,6.67,6.68,6.66,6.66,2486.513,16568.41526
1664836800000,2022-10-03T22:40:00Z,6.66,6.67,6.65,6.65,6813.075,45402.32631
1664837100000,2022-10-03T22:45:00Z,6.65,6.65,6.64,6.64,1457.999,9690.63477
1664837400000,2022-10-03T22:50:00Z,6.64,6.65,6.63,6.63,3856.262,25592.4709
1664837700000,2022-10-03T22:55:00Z,6.63,6.64,6.63,6.63,2747.19,18233.42129
1664838000000,2022-10-03T23:00:00Z,6.63,6.67,6.63,6.67,3318.386,22100.35686
1664838300000,2022-10-03T23:05:00Z,6.67,6.67,6.65,6.65,2388.17,15892.01347
1664838600000,2022-10-03T23:10:00Z,6.65,6.66,6.65,6.65,2234.721,14865.66242
1664838900000,2022-10-03T23:15:00Z,6.65,6.66,6.62,6.63,7193.6,47786.91019
1664839200000,2022-10-03T23:20:00Z,6.63,6.66,6.63,6.65,1422.902,9466.63737
1664839500000,2022-10-03T23:25:00Z,6.65,6.66,6.65,6.66,2365.001,15734.49452
1664839800000,2022-10-03T23:30:00Z,6.66,6.66,6.65,6.66,5783.137,38511.51349
1664840100000,2022-10-03T23:35:00Z,6.66,6.67,6.65,6.67,2879.677,19172.85136
1664840400000,2022-10-03T23:40:00Z,6.67,6.67,6.66,6.66,4480.304,29857.99303
1664840700000,2022-10-03T23:45:00Z,6.66,6.66,6.64,6.64,2872.971,19114.01071
1664841000000,2022-10-03T23:50:00Z,6.64,6.65,6.64,6.64,2724.394,18103.15015
1664841300000,2022-10-03T23:55:00Z,6.64,6.64,6.63,6.63,1974.004,13093.35662
1664841600000,2022-10-04T00:00:00Z,6.63,6.66,6.63,6.66,9634.887,64094.28491
1664841900000,2022-10-04T00:05:00Z,6.66,6.76,6.66,6.76,10051.397,67457.36418
1664842200000,2022-10-04T00:10:00Z,6.76,6.77,6.7,6.72,10586.594,71253.63464
1664842500000,2022-10-04T00:15:00Z,6.72,6.76,6.72,6.76,6497.17,43819.92188
1664842800000,2022-10-04T00:20:00Z,6.76,6.76,6.72,6.72,7768.893,52341.92264
1664843100000,2022-10-04T00:25:00Z,6.72,6.73,6.71,6.73,9938.199,66727.33402
1664843400000,2022-10-04T00:30:00Z,6.73,6.77,6.72,6.72,9064.145,61170.87112
1664843700000,2022-10-04T00:35:00Z,6.72,6.76,6.72,6.75,9566.147,64591.09801
1664844000000,2022-10-04T00:40:00Z,6.75,6.77,6.72,6.75,9782.061,65989.70889
1664844300000,2022-10-04T00:45:00Z,6.75,6.76,6.72,6.74,5653.804,38140.93081
1664844600000,2022-10-04T00:50:00Z,6.74,6.75,6.72,6.75,9718.093,65392.65462
1664844900000,2022-10-04T00:55:00Z,6.75,6.83,6.75,6.77,10810.776,73499.39692
1664845200000,2022-10-04T01:00:00Z,6.77,6.77,6.75,6.77,5224.057,35311.10398
1664845500000,2022-10-04T01:05:00Z,6.77,6.8,6.76,6.78,4113.22,27928.61189
1664845800000,2022-10-04T01:10:00Z,6.78,6.79,6.76,6.76,3311.272,22438.22082
1664846100000,2022-10-04T01:15:00Z,6.76,6.8,6.76,6.79,4214.173,28590.12608
1664846400000,2022-10-04T01:20:00Z,6.79,6.81,6.73,6.73,15122.01,102440.81491
1664846700000,2022-10-04T01:25:00Z,6.73,6.74,6.72,6.72,7093.931,47754.88668
1664847000000,2022-10-04T01:30:00Z,6.72,6.72,6.71,6.71,1276.397,8572.42071
1664847300000,2022-10-04T01:35:00Z,6.71,6.72,6.71,6.71,1979.918,13295.33427
1664847600000,2022-10-04T01:40:00Z,6.71,6.72,6.69,6.7,6561.281,43952.96123
1664847900000,2022-10-04T01:45:00Z,6.7,6.73,6.7,6.73,4165.152,27977.61436
1664848200000,2022-10-04T01:50:00Z,6.73,6.73,6.71,6.71,6024.747,40454.4731
1664848500000,2022-10-04T01:55:00Z,6.71,6.71,6.67,6.68,6517.561,43542.06125
1664848800000,2022-10-04T02:00:00Z,6.68,6.69,6.66,6.66,1493.911,9967.89228
1664849100000,2022-10-04T02:05:00Z,6.66,6.67,6.65,6.65,5181.789,34484.40376
1664849400000,2022-10-04T02:10:00Z,6.65,6.65,6.64,6.65,1147.726,7622.08351
1664849700000,2022-10-04T02:15:00Z,6.65,6.65,6.64,6.64,2564.526,17038.55948
1664850000000,2022-10-04T02:20:00Z,6.64,6.64,6.63,6.63,3235.869,21458.99049
1664850300000,2022-10-04T02:25:00Z,6.63,6.64,6.63,6.64,2008.004,13331.96117
1664850600000,2022-10-04T02:30:00Z,6.64,6.64,6.62,6.63,4366.806,28948.09921
1664850900000,2022-10-04T02:35:00Z,6.63,6.63,6.61,6.61,2902.352,19197.57635
1664851200000,2022-10-04T02:40:00Z,6.61,6.61,6.59,6.6,5707.062,37670.19651
1664851500000,2022-10-04T02:45:00Z,6.6,6.62,6.59,6.6,6187.478,40860.05231
1664851800000,2022-10-04T02:50:00Z,6.6,6.62,6.6,6.6,6034.422,39913.76566
1664852100000,2022-10-04T02:55:00Z,6.6,6.61,6.6,6.61,3391.437,22401.6418
1664852400000,2022-10-04T03:00:00Z,6.61,6.61,6.6,6.6,2730.131,18035.33488
1664852700000,2022-10-04T03:05:00Z,6.6,6.6,6.58,6.58,1242.109,8181.23718
1664853000000,2022-10-04T03:10:00Z,6.58,6.59,6.58,6.59,1069.365,7047.11535
1664853300000,2022-10-04T03:15:00Z,6.59,6.62,6.59,6.62,3179.226,21015.65966
1664853600000,2022-10-04T03:20:00Z,6.62,6.64,6.62,6.64,2681.051,17779.57406
1664853900000,2022-10-04T03:25:00Z,6.64,6.64,6.63,6.64,974.221,6459.08912
1664854200000,2022-10-04T03:30:00Z,6.64,6.64,6.63,6.63,1029.325,6828.62385
1664854500000,2022-10-04T03:35:00Z,6.63,6.64,6.63,6.64,1150.383,7630.02674
1664854800000,2022-10-04T03:40:00Z,6.64,6.64,6.64,6.64,387.232,2571.22048
1664855100000,2022-10-04T03:45:00Z,6.64,6.65,6.63,6.64,4235.519,28122.28974
1664855400000,2022-10-04T03:50:00Z,6.64,6.64,6.64,6.64,1082.169,7185.60216
1664855700000,2022-10-04T03:55:00Z,6.64,6.64,6.63,6.64,402.444,2672.22427
1664856000000,2022-10-04T04:00:00Z,6.64,6.64,6.64,6.64,1081.304,7179.85856
1664856300000,2022-10-04T04:05:00Z,6.64,6.64,6.62,6.62,1188.468,7879.47944
1664856600000,2022-10-04T04:10:00Z,6.62,6.63,6.62,6.62,1245.461,8250.2075
1664856900000,2022-10-04T04:15:00Z,6.62,6.62,6.62,6.62,1288.353,8528.89686
1664857200000,2022-10-04T04:20:00Z,6.62,6.63,6.62,6.63,2525.753,16745.74239
1664857500000,2022-10-04T04:25:00Z,6.63,6.64,6.63,6.63,298.822,1983.22419
1664857800000,2022-10-04T04:30:00Z,6.63,6.65,6.63,6.65,3118.859,20726.37816
1664858100000,2022-10-04T04:35:00Z,6.65,6.66,6.65,6.65,2117.968,14086.62148
1664858400000,2022-10-04T04:40:00Z,6.65,6.65,6.62,6.62,1692.461,11224.52514
1664858700000,2022-10-04T04:45:00Z,6.62,6.63,6.62,6.62,1071.752,7095.00213
1664859000000,2022-10-04T04:50:00Z,6.62,6.62,6.62,6.62,395.375,2617.3825
1664859300000,2022-10-04T04:55:00Z,6.62,6.63,6.62,6.62,666.042,4409.20193
1664859600000,2022-10-04T05:00:00Z,6.62,6.63,6.62,6.62,3045.709,20175.26785
1664859900000,2022-10-04T05:05:00Z,6.62,6.62,6.62,6.62,1921.463,12720.08506
1664860200000,2022-10-04T05:10:00Z,6.62,6.62,6.61,6.61,1660.064,10980.37084
1664860500000,2022-10-04T05:15:00Z,6.61,6.62,6.61,6.61,3314.997,21926.36278
1664860800000,2022-10-04T05:20:00Z,6.61,6.63,6.61,6.63,1481.667,9819.16192
1664861100000,2022-10-04T05:25:00Z,6.63,6.63,6.62,6.62,6058.539,40111.43747
1664861400000,2022-10-04T05:30:00Z,6.62,6.62,6.61,6.61,967.823,6401.85972
1664861700000,2022-10-04T05:35:00Z,6.61,6.61,6.6,6.6,1011.225,6674.08702
1664862000000,2022-10-04T05:40:00Z,6.6,6.6,6.6,6.6,924.792,6103.6272
1664862300000,2022-10-04T05:45:00Z,6.6,6.6,6.59,6.59,726.39,4790.60129
1664862600000,2022-10-04T05:50:00Z,6.59,6.6,6.59,6.6,2592.774,17111.16045
1664862900000,2022-10-04T05:55:00Z,6.6,6.6,6.6,6.6,444.306,2932.4196
1664863200000,2022-10-04T06:00:00Z,6.6,6.6,6.59,6.59,1648.931,10878.06127
1664863500000,2022-10-04T06:05:00Z,6.59,6.6,6.58,6.59,718.074,4731.63692
1664863800000,2022-10-04T06:10:00Z,6.59,6.59,6.57,6.57,1652.319,10858.42495
1664864100000,2022-10-04T06:15:00Z,6.57,6.6,6.57,6.6,1608.596,10601.12282
1664864400000,2022-10-04T06:20:00Z,6.6,6.63,6.6,6.63,752.124,4979.48506
1664864700000,2022-10-04T06:25:00Z,6.63,6.65,6.63,6.63,1078.207,7152.65278
1664865000000,2022-10-04T06:30:00Z,6.63,6.65,6.63,6.65,3067.195,20379.15499
1664865300000,2022-10-04T06:35:00Z,6.65,6.66,6.65,6.66,2639.265,17575.98023
1664865600000,2022-10-04T06:40:00Z,6.66,6.66,6.65,6.65,1825.903,12148.94567
1664865900000,2022-10-04T06:45:00Z,6.65,6.66,6.63,6.65,2601.928,17302.76862
1664866200000,2022-10-04T06:50:00Z,6.65,6.65,6.63,6.64,1669.278,11082.6255
1664866500000,2022-10-04T06:55:00Z,6.64,6.65,6.64,6.64,482.53,3206.8492
1664866800000,2022-10-04T07:00:00Z,6.64,6.66,6.64,6.66,2741.422,18232.59321
1664867100000,2022-10-04T07:05:00Z,6.66,6.67,6.66,6.67,2669.571,17783.95841
1664867400000,2022-10-04T07:10:00Z,6.67,6.68,6.67,6.68,3039.703,20280.98682
1664867700000,2022-10-04T07:15:00Z,6.68,6.69,6.68,6.69,3805.061,25445.48788
1664868000000,2022-10-04T07:20:00Z,6.69,6.7,6.69,6.7,5270.097,35283.12361
1664868300000,2022-10-04T07:25:00Z,6.7,6.7,6.69,6.69,4981.3,33337.80678
1664868600000,2022-10-04T07:30:00Z,6.69,6.69,6.67,6.68,1395.097,9322.09589
1664868900000,2022-10-04T07:35:00Z,6.68,6.68,6.68,6.68,800.149,5344.99532
1664869200000,2022-10-04T07:40:00Z,6.68,6.68,6.66,6.67,3618.973,24127.10905
1664869500000,2022-10-04T07:45:00Z,6.67,6.67,6.66,6.66,1682.206,11209.19196
1664869800000,2022-10-04T07:50:00Z,6.66,6.66,6.65,6.65,2081.258,13853.29778
1664870100000,2022-10-04T07:55:00Z,6.65,6.65,6.65,6.65,475,3158.75
1664870400000,2022-10-04T08:00:00Z,6.65,6.7,6.65,6.7,3264.691,21819.17948
1664870700000,2022-10-04T08:05:00Z,6.7,6.72,6.7,6.7,6593.623,44225.5883
1664871000000,2022-10-04T08:10:00Z,6.7,6.71,6.69,6.7,1783.758,11956.5961
1664871300000,2022-10-04T08:15:00Z,6.7,6.71,6.69,6.69,1879.769,12599.70257
1664871600000,2022-10-04T08:20:00Z,6.69,6.7,6.67,6.68,4548.849,30391.75232
1664871900000,2022-10-04T08:25:00Z,6.68,6.68,6.66,6.68,1851.618,12350.78558
1664872200000,2022-10-04T08:30:00Z,6.68,6.68,6.68,6.68,1766.734,11801.78312
1664872500000,2022-10-04T08:35:00Z,6.68,6.68,6.67,6.68,744.093,4970.52858
1664872800000,2022-10-04T08:40:00Z,6.68,6.68,6.67,6.67,1622.971,10835.74876
1664873100000,2022-10-04T08:45:00Z,6.67,6.68,6.67,6.68,2648.811,17679.47462
1664873400000,2022-10-04T08:50:00Z,6.68,6.69,6.68,6.69,428.1,2863.989
1664873700000,2022-10-04T08:55:00Z,6.69,6.7,6.69,6.69,3043.784,20376.98349
1664874000000,2022-10-04T09:00:00Z,6.69,6.72,6.69,6.71,3290.978,22074.61761
1664874300000,2022-10-04T09:05:00Z,6.71,6.72,6.71,6.71,2165.017,14533.66497
1664874600000,2022-10-04T09:10:00Z,6.71,6.71,6.68,6.69,2930.831,19633.96712
1664874900000,2022-10-04T09:15:00Z,6.69,6.7,6.69,6.7,2570.909,17211.64677
1664875200000,2022-10-04T09:20:00Z,6.7,6.72,6.7,6.72,444.28,2981.12269
1664875500000,2022-10-04T09:25:00Z,6.72,6.74,6.72,6.74,1595.594,10734.331
1664875800000,2022-10-04T09:30:00Z,6.74,6.75,6.72,6.72,3171.547,21382.77205
1664876100000,2022-10-04T09:35:00Z,6.72,6.72,6.71,6.72,437.853,2942.36945
1664876400000,2022-10-04T09:40:00Z,6.72,6.72,6.71,6.72,955.809,6417.32863
1664876700000,2022-10-04T09:45:00Z,6.72,6.72,6.72,6.72,1210.998,8137.90656
1664877000000,2022-10-04T09:50:00Z,6.72,6.73,6.72,6.73,1536.534,10340.87382
1664877300000,2022-10-04T09:55:00Z,6.73,6.76,6.73,6.74,6544.361,44168.77122
1664877600000,2022-10-04T10:00:00Z,6.74,6.76,6.74,6.75,634.142,4281.43912
1664877900000,2022-10-04T10:05:00Z,6.75,6.75,6.74,6.75,513.08,3460.74769
1664878200000,2022-10-04T10:10:00Z,6.75,6.77,6.75,6.76,1879.243,12713.0956
1664878500000,2022-10-04T10:15:00Z,6.76,6.78,6.76,6.78,1741.945,11795.17269
1664878800000,2022-10-04T10:20:00Z,6.78,6.78,6.76,6.76,1488.617,10079.09345
1664879100000,2022-10-04T10:25:00Z,6.76,6.77,6.75,6.75,746.447,5048.54859
1664879400000,2022-10-04T10:30:00Z,6.75,6.78,6.75,6.78,911.693,6174.42754
1664879700000,2022-10-04T10:35:00Z,6.78,6.78,6.76,6.77,1093.752,7409.92072
1664880000000,2022-10-04T10:40:00Z,6.77,6.78,6.77,6.78,601.892,4079.7968
1664880300000,2022-10-04T10:45:00Z,6.78,6.78,6.78,6.78,1548.342,10497.75876
1664880600000,2022-10-04T10:50:00Z,6.78,6.79,6.77,6.79,3158.468,21438.76601
1664880900000,2022-10-04T10:55:00Z,6.79,6.79,6.78,6.78,107.733,731.08633
1664881200000,2022-10-04T11:00:00Z,6.78,6.81,6.78,6.8,5160.615,35121.36523
1664881500000,2022-10-04T11:05:00Z,6.8,6.81,6.79,6.79,294.404,2001.34368
1664881800000,2022-10-04T11:10:00Z,6.79,6.79,6.78,6.78,197.802,1342.22141
1664882100000,2022-10-04T11:15:00Z,6.78,6.79,6.78,6.79,1158.295,7861.82052
1664882400000,2022-10-04T11:20:00Z,6.79,6.79,6.75,6.75,2955.84,19989.97162
1664882700000,2022-10-04T11:25:00Z,6.75,6.76,6.73,6.74,3688.117,24879.07552
1664883000000,2022-10-04T11:30:00Z,6.74,6.76,6.74,6.75,1827.308,12345.86086
1664883300000,2022-10-04T11:35:00Z,6.75,6.75,6.73,6.73,1834.809,12356.38734
1664883600000,2022-10-04T11:40:00Z,6.73,6.76,6.71,6.75,13117.79,88219.75212
1664883900000,2022-10-04T11:45:00Z,6.75,6.76,6.75,6.75,2697.328,18224.29867
1664884200000,2022-10-04T11:50:00Z,6.75,6.76,6.75,6.76,868.518,5865.07993
1664884500000,2022-10-04T11:55:00Z,6.76,6.76,6.76,6.76,95.389,644.82964
1664884800000,2022-10-04T12:00:00Z,6.76,6.78,6.76,6.78,1206.887,8170.2825
1664885100000,2022-10-04T12:05:00Z,6.78,6.78,6.77,6.77,2424.532,16433.33371
1664885400000,2022-10-04T12:10:00Z,6.77,6.77,6.76,6.76,1270.443,8594.97583
1664885700000,2022-10-04T12:15:00Z,6.76,6.76,6.75,6.75,1835.314,12396.87412
1664886000000,2022-10-04T12:20:00Z,6.75,6.75,6.73,6.75,1877.955,12665.25437
1664886300000,2022-10-04T12:25:00Z,6.75,6.76,6.75,6.75,2358.47,15935.41928
1664886600000,2022-10-04T12:30:00Z,6.75,6.75,6.74,6.74,1125.155,7590.6407
1664886900000,2022-10-04T12:35:00Z,6.74,6.76,6.74,6.74,3978.076,26860.10362
1664887200000,2022-10-04T12:40:00Z,6.74,6.75,6.74,6.75,190.389,1285.12575
1664887500000,2022-10-04T12:45:00Z,6.75,6.76,6.74,6.76,96.38,650.57102
1664887800000,2022-10-04T12:50:00Z,6.76,6.77,6.75,6.76,2510.246,16968.60416
1664888100000,2022-10-04T12:55:00Z,6.76,6.78,6.76,6.78,1764.768,11939.40524
1664888400000,2022-10-04T13:00:00Z,6.78,6.78,6.76,6.78,3546.219,24010.7643
1664888700000,2022-10-04T13:05:00Z,6.78,6.78,6.74,6.74,2387.717,16121.48907
1664889000000,2022-10-04T13:10:00Z,6.74,6.75,6.74,6.75,832.988,5622.669
1664889300000,2022-10-04T13:15:00Z,6.75,6.76,6.74,6.76,366.184,2472.65495
1664889600000,2022-10-04T13:20:00Z,6.76,6.76,6.76,6.76,160.696,1086.30496
1664889900000,2022-10-04T13:25:00Z,6.76,6.76,6.76,6.76,1084.162,7328.93512
1664890200000,2022-10-04T13:30:00Z,6.76,6.79,6.76,6.78,5245.893,35528.1308
1664890500000,2022-10-04T13:35:00Z,6.78,6.79,6.78,6.79,4000.029,27149.21155
1664890800000,2022-10-04T13:40:00Z,6.79,6.79,6.77,6.77,2292.421,15558.24909
1664891100000,2022-10-04T13:45:00Z,6.77,6.8,6.77,6.8,3409.222,23164.11026
1664891400000,2022-10-04T13:50:00Z,6.8,6.8,6.78,6.78,1564.151,10625.78311
1664891700000,2022-10-04T13:55:00Z,6.78,6.78,6.77,6.78,575.575,3900.6896
1664892000000,2022-10-04T14:00:00Z,6.78,6.8,6.78,6.79,6193.375,42070.59883
1664892300000,2022-10-04T14:05:00Z,6.79,6.8,6.77,6.78,3165.57,21466.33213
1664892600000,2022-10-04T14:10:00Z,6.78,6.83,6.78,6.81,8724.293,59383.73923
1664892900000,2022-10-04T14:15:00Z,6.81,6.84,6.81,6.82,3307.906,22611.65192
1664893200000,2022-10-04T14:20:00Z,6.82,6.82,6.79,6.79,2808.009,19103.54519
1664893500000,2022-10-04T14:25:00Z,6.79,6.79,6.75,6.76,6411.088,43382.19781
1664893800000,2022-10-04T14:30:00Z,6.76,6.77,6.75,6.75,3170.208,21424.577
1664894100000,2022-10-04T14:35:00Z,6.75,6.76,6.74,6.74,2518.557,16988.25281
1664894400000,2022-10-04T14:40:00Z,6.74,6.76,6.74,6.75,1810.37,12223.56312
1664894700000,2022-10-04T14:45:00Z,6.75,6.77,6.75,6.77,1639.589,11086.47835
1664895000000,2022-10-04T14:50:00Z,6.77,6.77,6.77,6.77,1045,7074.65
1664895300000,2022-10-04T14:55:00Z,6.77,6.78,6.77,6.77,1897.511,12857.23424
1664895600000,2022-10-04T15:00:00Z,6.77,6.77,6.74,6.76,1784.268,12051.62054
1664895900000,2022-10-04T15:05:00Z,6.76,6.76,6.74,6.74,685.303,4624.84525
1664896200000,2022-10-04T15:10:00Z,6.74,6.74,6.74,6.74,1555.642,10485.02708
1664896500000,2022-10-04T15:15:00Z,6.74,6.74,6.72,6.73,2205.72,14848.55814
1664896800000,2022-10-04T15:20:00Z,6.73,6.73,6.71,6.71,2579.398,17317.88389
1664897100000,2022-10-04T15:25:00Z,6.71,6.71,6.71,6.71,952.178,6389.11438
1664897400000,2022-10-04T15:30:00Z,6.71,6.73,6.7,6.72,4035.769,27120.64485
1664897700000,2022-10-04T15:35:00Z,6.72,6.73,6.72,6.73,970.952,6534.50696
1664898000000,2022-10-04T15:40:00Z,6.73,6.75,6.73,6.74,1521.747,10263.91639
1664898300000,2022-10-04T15:45:00Z,6.74,6.74,6.73,6.73,778.026,5240.88169
1664898600000,2022-10-04T15:50:00Z,6.73,6.74,6.72,6.74,1948.787,13126.36678
1664898900000,2022-10-04T15:55:00Z,6.74,6.74,6.73,6.73,737.339,4962.29147
1664899200000,2022-10-04T16:00:00Z,6.73,6.73,6.73,6.73,713.519,4801.98287
1664899500000,2022-10-04T16:05:00Z,6.73,6.73,6.7,6.71,6244.648,41905.31692
1664899800000,2022-10-04T16:10:00Z,6.71,6.71,6.69,6.69,3325.038,22266.87974
1664900100000,2022-10-04T16:15:00Z,6.69,6.7,6.69,6.69,2498.249,16732.10013
1664900400000,2022-10-04T16:20:00Z,6.69,6.69,6.68,6.68,1589.078,10629.85405
1664900700000,2022-10-04T16:25:00Z,6.68,6.7,6.68,6.7,1258.518,8430.89523
1664901000000,2022-10-04T16:30:00Z,6.7,6.73,6.7,6.72,1668.402,11211.09812
1664901300000,2022-10-04T16:35:00Z,6.72,6.72,6.72,6.72,1552.607,10433.51904
1664901600000,2022-10-04T16:40:00Z,6.72,6.72,6.71,6.71,1383.057,9282.21247
1664901900000,2022-10-04T16:45:00Z,6.71,6.71,6.7,6.7,2321.687,15562.87028
1664902200000,2022-10-04T16:50:00Z,6.7,6.72,6.7,6.71,4245.104,28473.28314
1664902500000,2022-10-04T16:55:00Z,6.71,6.71,6.71,6.71,1773.556,11900.56076
1664902800000,2022-10-04T17:00:00Z,6.71,6.72,6.7,6.71,2836.615,19023.6455
1664903100000,2022-10-04T17:05:00Z,6.71,6.71,6.67,6.67,2380.713,15919.53538
1664903400000,2022-10-04T17:10:00Z,6.67,6.68,6.66,6.66,3313.68,22115.37387
1664903700000,2022-10-04T17:15:00Z,6.66,6.66,6.64,6.64,3298.301,21946.39468
1664904000000,2022-10-04T17:20:00Z,6.64,6.66,6.64,6.65,2150.413,14294.73963
1664904300000,2022-10-04T17:25:00Z,6.65,6.67,6.65,6.67,1853.254,12352.00981
1664904600000,2022-10-04T17:30:00Z,6.67,6.69,6.67,6.68,1506.912,10057.44457
1664904900000,2022-10-04T17:35:00Z,6.68,6.69,6.68,6.69,1633.163,10925.86047
1664905200000,2022-10-04T17:40:00Z,6.69,6.7,6.69,6.7,703.405,4709.86716
1664905500000,2022-10-04T17:45:00Z,6.7,6.71,6.69,6.7,1984.042,13299.88508
1664905800000,2022-10-04T17:50:00Z,6.7,6.72,6.7,6.72,1415.199,9505.00732
1664906100000,2022-10-04T17:55:00Z,6.72,6.73,6.72,6.73,559.284,3762.12595
1664906400000,2022-10-04T18:00:00Z,6.73,6.73,6.72,6.72,3146.288,21151.84526
1664906700000,2022-10-04T18:05:00Z,6.72,6.72,6.71,6.71,588.467,3954.49435
1664907000000,2022-10-04T18:10:00Z,6.71,6.71,6.71,6.71,0.389,2.61019
1664907300000,2022-10-04T18:15:00Z,6.71,6.71,6.7,6.71,1648.932,11063.8925
1664907600000,2022-10-04T18:20:00Z,6.71,6.71,6.69,6.7,1940.521,12994.96211
1664907900000,2022-10-04T18:25:00Z,6.7,6.7,6.68,6.68,1577.664,10552.90759
1664908200000,2022-10-04T18:30:00Z,6.68,6.69,6.68,6.69,978.539,6543.19199
1664908500000,2022-10-04T18:35:00Z,6.69,6.69,6.68,6.68,24.221,161.79628
1664908800000,2022-10-04T18:40:00Z,6.68,6.69,6.68,6.69,0.778,5.20482
1664909100000,2022-10-04T18:45:00Z,6.69,6.7,6.69,6.69,262.097,1753.94786
1664909400000,2022-10-04T18:50:00Z,6.69,6.72,6.69,6.72,2967.787,19905.48963
1664909700000,2022-10-04T18:55:00Z,6.72,6.72,6.71,6.71,201.182,1349.93122
1664910000000,2022-10-04T19:00:00Z,6.71,6.71,6.69,6.69,4749.367,31843.9454
1664910300000,2022-10-04T19:05:00Z,6.69,6.69,6.68,6.68,1550.003,10356.87004
1664910600000,2022-10-04T19:10:00Z,6.68,6.68,6.66,6.67,1198.325,7990.02874
1664910900000,2022-10-04T19:15:00Z,6.67,6.68,6.67,6.68,797.986,5325.41662
1664911200000,2022-10-04T19:20:00Z,6.68,6.69,6.68,6.69,901.698,6024.18562
1664911500000,2022-10-04T19:25:00Z,6.69,6.7,6.69,6.7,1445.271,9683.3157
1664911800000,2022-10-04T19:30:00Z,6.7,6.7,6.7,6.7,1175.715,7877.2905
1664912100000,2022-10-04T19:35:00Z,6.7,6.7,6.7,6.7,475.751,3187.5317
1664912400000,2022-10-04T19:40:00Z,6.7,6.7,6.7,6.7,1691.037,11329.9479
1664912700000,2022-10-04T19:45:00Z,6.7,6.7,6.7,6.7,2339.718,15676.1106
1664913000000,2022-10-04T19:50:00Z,6.7,6.72,6.7,6.72,1745.285,11716.60465
1664913300000,2022-10-04T19:55:00Z,6.72,6.72,6.71,6.71,2519.503,16916.92242
1664913600000,2022-10-04T20:00:00Z,6.71,6.71,6.71,6.71,1405.335,9429.79785
1664913900000,2022-10-04T20:05:00Z,6.71,6.71,6.7,6.7,413.679,2771.6493
1664914200000,2022-10-04T20:10:00Z,6.7,6.7,6.69,6.7,768.596,5149.57113
1664914500000,2022-10-04T20:15:00Z,6.7,6.7,6.7,6.7,882.037,5909.6479
1664914800000,2022-10-04T20:20:00Z,6.7,6.71,6.7,6.7,549.733,3683.21499
1664915100000,2022-10-04T20:25:00Z,6.7,6.73,6.7,6.73,463.771,3113.19516
1664915400000,2022-10-04T20:30:00Z,6.73,6.73,6.71,6.73,1917.884,12884.73522
1664915700000,2022-10-04T20:35:00Z,6.73,6.73,6.72,6.73,2422.097,16297.31096
1664916000000,2022-10-04T20:40:00Z,6.73,6.74,6.73,6.74,1470.989,9913.03941
1664916300000,2022-10-04T20:45:00Z,6.74,6.79,6.74,6.78,4129.55,27962.71008
1664916600000,2022-10-04T20:50:00Z,6.78,6.78,6.75,6.75,3674.696,24839.8849
1664916900000,2022-10-04T20:55:00Z,6.75,6.75,6.74,6.74,4016.883,27073.79142
1664917200000,2022-10-04T21:00:00Z,6.74,6.74,6.74,6.74,2309.128,15563.52272
1664917500000,2022-10-04T21:05:00Z,6.74,6.74,6.74,6.74,687.892,4636.39208
1664917800000,2022-10-04T21:10:00Z,6.74,6.74,6.73,6.73,305.249,2054.32801
1664918100000,2022-10-04T21:15:00Z,6.73,6.74,6.73,6.73,2.685,18.09542
1664918400000,2022-10-04T21:20:00Z,6.73,6.74,6.72,6.72,414.968,2791.5721
1664918700000,2022-10-04T21:25:00Z,6.72,6.73,6.71,6.72,2614.545,17557.98782
1664919000000,2022-10-04T21:30:00Z,6.72,6.72,6.71,6.71,0.715,4.80154
1664919300000,2022-10-04T21:35:00Z,6.71,6.71,6.7,6.7,1069.116,7163.0772
1664919600000,2022-10-04T21:40:00Z,6.7,6.71,6.7,6.7,4650.121,31188.52015
1664919900000,2022-10-04T21:45:00Z,6.7,6.71,6.7,6.71,5492.23,36846.41254
1664920200000,2022-10-04T21:50:00Z,6.71,6.72,6.71,6.71,5129.874,34421.46152
1664920500000,2022-10-04T21:55:00Z,6.71,6.71,6.71,6.71,520.064,3489.62944
1664920800000,2022-10-04T22:00:00Z,6.71,6.71,6.69,6.69,2960.594,19830.5932
1664921100000,2022-10-04T22:05:00Z,6.69,6.69,6.69,6.69,176.256,1179.15264
1664921400000,2022-10-04T22:10:00Z,6.69,6.69,6.69,6.69,173.373,1159.86537
1664921700000,2022-10-04T22:15:00Z,6.69,6.69,6.68,6.68,244.291,1634.3029
1664922000000,2022-10-04T22:20:00Z,6.68,6.68,6.66,6.66,2618.032,17452.12141
1664922300000,2022-10-04T22:25:00Z,6.66,6.66,6.65,6.65,3414.116,22721.63144
1664922600000,2022-10-04T22:30:00Z,6.65,6.66,6.65,6.66,1922.932,12795.44497
1664922900000,2022-10-04T22:35:00Z,6.66,6.66,6.66,6.66,1602.804,10674.67464
1664923200000,2022-10-04T22:40:00Z,6.66,6.68,6.66,6.68,616.226,4105.97294
1664923500000,2022-10-04T22:45:00Z,6.68,6.68,6.67,6.67,987.725,6588.12575
1664923800000,2022-10-04T22:50:00Z,6.67,6.68,6.67,6.68,765.652,5109.01048
1664924100000,2022-10-04T22:55:00Z,6.68,6.68,6.65,6.65,2027.076,13522.48393
1664924400000,2022-10-04T23:00:00Z,6.65,6.66,6.64,6.64,1201.428,7991.47242
1664924700000,2022-10-04T23:05:00Z,6.64,6.65,6.64,6.65,1378.026,9162.9229
1664925000000,2022-10-04T23:10:00Z,6.65,6.66,6.65,6.66,126.74,842.82833
1664925300000,2022-10-04T23:15:00Z,6.66,6.66,6.66,6.66,702.448,4678.30368
1664925600000,2022-10-04T23:20:00Z,6.66,6.66,6.63,6.64,1285.907,8534.17214
1664925900000,2022-10-04T23:25:00Z,6.64,6.64,6.64,6.64,795.849,5284.43736
1664926200000,2022-10-04T23:30:00Z,6.64,6.67,6.64,6.65,2838.063,18885.42178
1664926500000,2022-10-04T23:35:00Z,6.65,6.68,6.65,6.67,2149.905,14341.06181
1664926800000,2022-10-04T23:40:00Z,6.67,6.67,6.67,6.67,1073.524,7160.40508
1664927100000,2022-10-04T23:45:00Z,6.67,6.67,6.65,6.65,764.845,5091.1135
1664927400000,2022-10-04T23:50:00Z,6.65,6.66,6.64,6.65,1630.465,10845.17296
1664927700000,2022-10-04T23:55:00Z,6.65,6.65,6.64,6.65,1347.327,8947.46488
1664928000000,2022-10-05T00:00:00Z,6.65,6.65,6.64,6.65,2556.569,16989.71504
1664928300000,2022-10-05T00:05:00Z,6.65,6.65,6.64,6.64,1819.593,12085.12469
1664928600000,2022-10-05T00:10:00Z,6.64,6.64,6.63,6.63,1801.137,11942.55457
1664928900000,2022-10-05T00:15:00Z,6.63,6.63,6.62,6.62,2634.766,17457.51823
1664929200000,2022-10-05T00:20:00Z,6.62,6.63,6.61,6.63,2358.294,15622.61186
1664929500000,2022-10-05T00:25:00Z,6.63,6.63,6.61,6.61,1787.116,11828.89661
1664929800000,2022-10-05T00:30:00Z,6.61,6.61,6.59,6.6,3454.05,22825.51792
1664930100000,2022-10-05T00:35:00Z,6.6,6.6,6.59,6.59,1467.546,9671.12814
1664930400000,2022-10-05T00:40:00Z,6.59,6.61,6.59,6.61,2146.102,14169.70308
1664930700000,2022-10-05T00:45:00Z,6.61,6.62,6.6,6.61,2711.399,17921.36079
1664931000000,2022-10-05T00:50:00Z,6.61,6.62,6.61,6.62,1264.775,8364.3968
1664931300000,2022-10-05T00:55:00Z,6.62,6.62,6.61,6.62,1470.539,9727.00495
1664931600000,2022-10-05T01:00:00Z,6.62,6.62,6.62,6.62,2024.486,13402.09732
1664931900000,2022-10-05T01:05:00Z,6.62,6.62,6.62,6.62,1658.691,10980.53442
1664932200000,2022-10-05T01:10:00Z,6.62,6.63,6.62,6.63,275.451,1826.23624
1664932500000,2022-10-05T01:15:00Z,6.63,6.63,6.62,6.62,1523.47,10088.01069
1664932800000,2022-10-05T01:20:00Z,6.62,6.63,6.62,6.63,1588.147,10525.59875
1664933100000,2022-10-05T01:25:00Z,6.63,6.64,6.63,6.64,1323.875,8787.63916
1664933400000,2022-10-05T01:30:00Z,6.64,6.64,6.63,6.63,2940.389,19495.72907
1664933700000,2022-10-05T01:35:00Z,6.63,6.64,6.63,6.63,105.939,702.48107
1664934000000,2022-10-05T01:40:00Z,6.63,6.64,6.63,6.64,2105.109,13959.9481
1664934300000,2022-10-05T01:45:00Z,6.64,6.65,6.64,6.65,2143.207,14245.34778
1664934600000,2022-10-05T01:50:00Z,6.65,6.66,6.65,6.65,1891.362,12577.70726
1664934900000,2022-10-05T01:55:00Z,6.65,6.65,6.65,6.65,970.38,6453.027
1664935200000,2022-10-05T02:00:00Z,6.65,6.65,6.64,6.64,1202.67,7985.7288
1664935500000,2022-10-05T02:05:00Z,6.64,6.64,6.62,6.62,357.674,2371.37473
1664935800000,2022-10-05T02:10:00Z,6.62,6.63,6.62,6.63,2519.236,16702.53468
1664936100000,2022-10-05T02:15:00Z,6.63,6.64,6.62,6.63,945.331,6267.64218
1664936400000,2022-10-05T02:20:00Z,6.63,6.63,6.63,6.63,875.867,5806.99821
1664936700000,2022-10-05T02:25:00Z,6.63,6.65,6.63,6.65,742.124,4934.28002
1664937000000,2022-10-05T02:30:00Z,6.65,6.65,6.63,6.63,197.2,1308.386
1664937300000,2022-10-05T02:35:00Z,6.63,6.64,6.63,6.64,558.616,3709.20635
1664937600000,2022-10-05T02:40:00Z,6.64,6.64,6.63,6.63,1782.177,11817.41594
1664937900000,2022-10-05T02:45:00Z,6.63,6.63,6.63,6.63,878.61,5825.1843
1664938200000,2022-10-05T02:50:00Z,6.63,6.63,6.63,6.63,0.778,5.15814
1664938500000,2022-10-05T02:55:00Z,6.63,6.64,6.63,6.64,190.389,1264.17907
1664938800000,2022-10-05T03:00:00Z,6.64,6.64,6.63,6.63,969.733,6429.32979
1664939100000,2022-10-05T03:05:00Z,6.63,6.63,6.61,6.62,1200.731,7941.32239
1664939400000,2022-10-05T03:10:00Z,6.62,6.62,6.62,6.62,380,2515.6
1664939700000,2022-10-05T03:15:00Z,6.62,6.64,6.62,6.64,1173.034,7787.04576
1664940000000,2022-10-05T03:20:00Z,6.64,6.65,6.64,6.65,521.29,3464.67461
1664940300000,2022-10-05T03:25:00Z,6.65,6.65,6.64,6.64,575.219,3819.45805
1664940600000,2022-10-05T03:30:00Z,6.64,6.64,6.62,6.62,1280.249,8488.0122
1664940900000,2022-10-05T03:35:00Z,6.62,6.63,6.62,6.63,616.762,4083.07009
1664941200000,2022-10-05T03:40:00Z,6.63,6.65,6.63,6.65,3890.304,25817.38585
1664941500000,2022-10-05T03:45:00Z,6.65,6.66,6.65,6.66,515.76,3430.75399
1664941800000,2022-10-05T03:50:00Z,6.66,6.66,6.65,6.65,990.203,6584.84995
1664942100000,2022-10-05T03:55:00Z,6.65,6.65,6.65,6.65,421.379,2802.17035
1664942400000,2022-10-05T04:00:00Z,6.65,6.65,6.64,6.64,1365.248,9070.87512
1664942700000,2022-10-05T04:05:00Z,6.64,6.65,6.64,6.65,822.239,5467.88935
1664943000000,2022-10-05T04:10:00Z,6.65,6.65,6.65,6.65,21.438,142.5627
1664943300000,2022-10-05T04:15:00Z,6.65,6.65,6.64,6.64,753.481,5009.69866
1664943600000,2022-10-05T04:20:00Z,6.64,6.64,6.64,6.64,190.388,1264.17632
1664943900000,2022-10-05T04:25:00Z,6.64,6.64,6.63,6.64,2109.794,14003.60951
1664944200000,2022-10-05T04:30:00Z,6.64,6.64,6.63,6.63,1895.912,12585.99235
1664944500000,2022-10-05T04:35:00Z,6.63,6.64,6.63,6.64,1034.771,6870.87944
1664944800000,2022-10-05T04:40:00Z,6.64,6.64,6.64,6.64,0.389,2.58296
1664945100000,2022-10-05T04:45:00Z,6.64,6.64,6.63,6.63,5.862,38.86895
1664945400000,2022-10-05T04:50:00Z,6.63,6.64,6.63,6.64,667.902,4434.86928
1664945700000,2022-10-05T04:55:00Z,6.64,6.66,6.64,6.66,3410.581,22683.77969
1664946000000,2022-10-05T05:00:00Z,6.66,6.66,6.65,6.65,1548.261,10301.24964
1664946300000,2022-10-05T05:05:00Z,6.65,6.65,6.65,6.65,95.389,634.33685
1664946600000,2022-10-05T05:10:00Z,6.65,6.66,6.65,6.66,921.383,6136.40689
1664946900000,2022-10-05T05:15:00Z,6.66,6.66,6.66,6.66,755.049,5028.62634
1664947200000,2022-10-05T05:20:00Z,6.66,6.66,6.65,6.65,95.539,636.28585
1664947500000,2022-10-05T05:25:00Z,6.65,6.66,6.65,6.66,95.389,635.29074
1664947800000,2022-10-05T05:30:00Z,6.66,6.66,6.65,6.65,173.417,1154.87698
1664948100000,2022-10-05T05:35:00Z,6.65,6.66,6.65,6.66,285.932,1904.30712
1664948400000,2022-10-05T05:40:00Z,6.66,6.68,6.66,6.68,1783.132,11909.92778
1664948700000,2022-10-05T05:45:00Z,6.68,6.68,6.67,6.67,563.176,3756.38781
1664949000000,2022-10-05T05:50:00Z,6.67,6.67,6.66,6.66,95.718,637.48577
1664949300000,2022-10-05T05:55:00Z,6.66,6.67,6.66,6.67,647.254,4317.18418
1664949600000,2022-10-05T06:00:00Z,6.67,6.67,6.67,6.67,914.97,6102.8499
1664949900000,2022-10-05T06:05:00Z,6.67,6.68,6.67,6.68,2.476,16.53968
1664950200000,2022-10-05T06:10:00Z,6.68,6.68,6.67,6.67,192.022,1280.79063
1664950500000,2022-10-05T06:15:00Z,6.67,6.67,6.66,6.66,332.941,2220.71258
1664950800000,2022-10-05T06:20:00Z,6.66,6.67,6.66,6.67,0.389,2.59463
1664951100000,2022-10-05T06:25:00Z,6.67,6.67,6.66,6.67,251.665,1678.21736
1664951400000,2022-10-05T06:30:00Z,6.67,6.69,6.67,6.69,617.092,4122.37321
1664951700000,2022-10-05T06:35:00Z,6.69,6.7,6.69,6.7,1713.574,11468.69744
1664952000000,2022-10-05T06:40:00Z,6.7,6.7,6.7,6.7,214.948,1440.1516
1664952300000,2022-10-05T06:45:00Z,6.7,6.72,6.7,6.72,812.412,5455.77997
1664952600000,2022-10-05T06:50:00Z,6.72,6.72,6.71,6.71,1654.527,11116.52144
1664952900000,2022-10-05T06:55:00Z,6.71,6.71,6.69,6.7,1610.68,10791.01488
1664953200000,2022-10-05T07:00:00Z,6.7,6.7,6.68,6.69,1024.531,6857.22194
1664953500000,2022-10-05T07:05:00Z,6.69,6.69,6.67,6.67,2268.379,15156.1534
1664953800000,2022-10-05T07:10:00Z,6.67,6.68,6.67,6.68,95.88,639.52451
1664954100000,2022-10-05T07:15:00Z,6.68,6.68,6.66,6.67,1243.964,8289.56301
1664954400000,2022-10-05T07:20:00Z,6.67,6.67,6.66,6.66,794.673,5292.52218
1664954700000,2022-10-05T07:25:00Z,6.66,6.66,6.66,6.66,790.765,5266.4949
1664955000000,2022-10-05T07:30:00Z,6.66,6.68,6.66,6.67,966.544,6451.83566
1664955300000,2022-10-05T07:35:00Z,6.67,6.68,6.67,6.68,1013.158,6767.89544
1664955600000,2022-10-05T07:40:00Z,6.68,6.69,6.67,6.68,1776.433,11879.23958
1664955900000,2022-10-05T07:45:00Z,6.68,6.68,6.68,6.68,648.781,4333.85708
1664956200000,2022-10-05T07:50:00Z,6.68,6.68,6.66,6.66,670.175,4469.08585
1664956500000,2022-10-05T07:55:00Z,6.66,6.66,6.64,6.64,2207.219,14662.86479
1664956800000,2022-10-05T08:00:00Z,6.64,6.64,6.63,6.63,1297.391,8601.70233
1664957100000,2022-10-05T08:05:00Z,6.63,6.63,6.62,6.62,135.274,895.51777
1664957400000,2022-10-05T08:10:00Z,6.62,6.62,6.58,6.58,3752.822,24731.33498
1664957700000,2022-10-05T08:15:00Z,6.58,6.59,6.55,6.56,5947.227,39022.2226
1664958000000,2022-10-05T08:20:00Z,6.56,6.57,6.55,6.57,2663.967,17475.31866
1664958300000,2022-10-05T08:25:00Z,6.57,6.58,6.56,6.57,2817.192,18497.60239
1664958600000,2022-10-05T08:30:00Z,6.57,6.57,6.56,6.57,2785.881,18286.15454
1664958900000,2022-10-05T08:35:00Z,6.57,6.59,6.57,6.58,3840.623,25267.42014
1664959200000,2022-10-05T08:40:00Z,6.58,6.58,6.58,6.58,2017.201,13273.18258
1664959500000,2022-10-05T08:45:00Z,6.58,6.59,6.58,6.59,3463.758,22804.45539
1664959800000,2022-10-05T08:50:00Z,6.59,6.6,6.59,6.59,1629.826,10752.09621
1664960100000,2022-10-05T08:55:00Z,6.59,6.59,6.59,6.59,1232.55,8122.5045
1664960400000,2022-10-05T09:00:00Z,6.59,6.59,6.57,6.57,3462.352,22752.72252
1664960700000,2022-10-05T09:05:00Z,6.57,6.58,6.57,6.58,3501.44,23031.55075
1664961000000,2022-10-05T09:10:00Z,6.58,6.59,6.58,6.59,0.389,2.56351
1664961300000,2022-10-05T09:15:00Z,6.59,6.59,6.58,6.59,769.377,5068.27757
1664961600000,2022-10-05T09:20:00Z,6.59,6.6,6.59,6.6,43.31,285.41679
1664961900000,2022-10-05T09:25:00Z,6.6,6.6,6.59,6.6,1044.931,6886.09918
1664962200000,2022-10-05T09:30:00Z,6.6,6.6,6.58,6.58,694.45,4570.431
1664962500000,2022-10-05T09:35:00Z,6.58,6.58,6.56,6.56,215.151,1413.81624
1664962800000,2022-10-05T09:40:00Z,6.56,6.57,6.56,6.56,1693.683,11116.16512
1664963100000,2022-10-05T09:45:00Z,6.56,6.56,6.56,6.56,379.317,2488.31952
1664963400000,2022-10-05T09:50:00Z,6.56,6.57,6.56,6.57,476.607,3126.54581
1664963700000,2022-10-05T09:55:00Z,6.57,6.57,6.55,6.55,541.842,3554.40356
1664964000000,2022-10-05T10:00:00Z,6.55,6.56,6.55,6.56,663.414,4345.61567
1664964300000,2022-10-05T10:05:00Z,6.56,6.57,6.56,6.57,522.312,3428.26672
1664964600000,2022-10-05T10:10:00Z,6.57,6.57,6.56,6.57,803.061,5270.81328
1664964900000,2022-10-05T10:15:00Z,6.57,6.57,6.56,6.56,16.058,105.40106
1664965200000,2022-10-05T10:20:00Z,6.56,6.56,6.55,6.55,1722.594,11288.10527
1664965500000,2022-10-05T10:25:00Z,6.55,6.56,6.55,6.56,1161.304,7616.10427
1664965800000,2022-10-05T10:30:00Z,6.56,6.56,6.55,6.56,1064.224,6981.29532
1664966100000,2022-10-05T10:35:00Z,6.56,6.56,6.54,6.55,2839.25,18597.87418
1664966400000,2022-10-05T10:40:00Z,6.55,6.56,6.55,6.56,1350.12,8851.91884
1664966700000,2022-10-05T10:45:00Z,6.56,6.56,6.56,6.56,0.389,2.55184
1664967000000,2022-10-05T10:50:00Z,6.56,6.56,6.56,6.56,378.3,2481.648
1664967300000,2022-10-05T10:55:00Z,6.56,6.56,6.56,6.56,0.925,6.068
1664967600000,2022-10-05T11:00:00Z,6.56,6.57,6.56,6.57,1626.126,10671.06293
1664967900000,2022-10-05T11:05:00Z,6.57,6.57,6.56,6.56,290.926,1908.47845
1664968200000,2022-10-05T11:10:00Z,6.56,6.56,6.56,6.56,650.78,4269.1168
1664968500000,2022-10-05T11:15:00Z,6.56,6.57,6.56,6.57,377.138,2477.79666
1664968800000,2022-10-05T11:20:00Z,6.57,6.57,6.56,6.56,518.38,3401.52669
1664969100000,2022-10-05T11:25:00Z,6.56,6.56,6.55,6.55,1115.444,7306.33055
1664969400000,2022-10-05T11:30:00Z,6.55,6.56,6.55,6.56,437.549,2870.32144
1664969700000,2022-10-05T11:35:00Z,6.56,6.56,6.52,6.53,5229.169,34165.73746
1664970000000,2022-10-05T11:40:00Z,6.53,6.53,6.52,6.52,2106.267,13742.94822
1664970300000,2022-10-05T11:45:00Z,6.52,6.53,6.51,6.53,3683.714,24031.1932
1664970600000,2022-10-05T11:50:00Z,6.53,6.53,6.53,6.53,2665.855,17408.03315
1664970900000,2022-10-05T11:55:00Z,6.53,6.54,6.52,6.54,276.726,1807.49639
1664971200000,2022-10-05T12:00:00Z,6.54,6.54,6.52,6.52,750.139,4896.11453
1664971500000,2022-10-05T12:05:00Z,6.52,6.54,6.52,6.53,2464.075,16105.28778
1664971800000,2022-10-05T12:10:00Z,6.53,6.53,6.52,6.52,489.79,3194.1295
1664972100000,2022-10-05T12:15:00Z,6.52,6.53,6.51,6.53,2274.035,14831.04588
1664972400000,2022-10-05T12:20:00Z,6.53,6.53,6.53,6.53,2087.072,13628.58016
1664972700000,2022-10-05T12:25:00Z,6.53,6.53,6.51,6.51,1851.244,12054.25294
1664973000000,2022-10-05T12:30:00Z,6.51,6.52,6.51,6.52,1126.443,7344.40836
1664973300000,2022-10-05T12:35:00Z,6.52,6.54,6.52,6.54,118.16,772.58147
1664973600000,2022-10-05T12:40:00Z,6.54,6.54,6.54,6.54,897.142,5867.30868
1664973900000,2022-10-05T12:45:00Z,6.54,6.54,6.54,6.54,1656.91,10836.1914
1664974200000,2022-10-05T12:50:00Z,6.54,6.54,6.54,6.54,2126.426,13906.82604
1664974500000,2022-10-05T12:55:00Z,6.54,6.54,6.52,6.52,1887.297,12306.92028
1664974800000,2022-10-05T13:00:00Z,6.52,6.53,6.52,6.53,1274.498,8314.89997
1664975100000,2022-10-05T13:05:00Z,6.53,6.53,6.52,6.52,1274.854,8312.04808
1664975400000,2022-10-05T13:10:00Z,6.52,6.52,6.48,6.48,5834.014,37943.41178
1664975700000,2022-10-05T13:15:00Z,6.48,6.5,6.48,6.5,3914.124,25397.66945
1664976000000,2022-10-05T13:20:00Z,6.5,6.5,6.5,6.5,303.829,1974.8885
1664976300000,2022-10-05T13:25:00Z,6.5,6.5,6.49,6.49,418.242,2717.32249
1664976600000,2022-10-05T13:30:00Z,6.49,6.52,6.48,6.52,3397.187,22083.50815
1664976900000,2022-10-05T13:35:00Z,6.52,6.53,6.5,6.5,2597.926,16927.7972
1664977200000,2022-10-05T13:40:00Z,6.5,6.5,6.48,6.48,4587.546,29750.74015
1664977500000,2022-10-05T13:45:00Z,6.48,6.51,6.48,6.51,2974.248,19333.61937
1664977800000,2022-10-05T13:50:00Z,6.51,6.51,6.5,6.51,2881.27,18745.89797
1664978100000,2022-10-05T13:55:00Z,6.51,6.51,6.51,6.51,2063.574,13433.86674
1664978400000,2022-10-05T14:00:00Z,6.51,6.52,6.5,6.5,3715.078,24162.89007
1664978700000,2022-10-05T14:05:00Z,6.5,6.5,6.49,6.5,4690.934,30464.43412
1664979000000,2022-10-05T14:10:00Z,6.5,6.51,6.49,6.5,4204.624,27326.01628
1664979300000,2022-10-05T14:15:00Z,6.5,6.5,6.49,6.49,2312.424,15018.08821
1664979600000,2022-10-05T14:20:00Z,6.49,6.5,6.48,6.5,4669.835,30321.62319
1664979900000,2022-10-05T14:25:00Z,6.5,6.52,6.5,6.51,3401.199,22155.64076
1664980200000,2022-10-05T14:30:00Z,6.51,6.51,6.5,6.5,1599.236,10404.55306
1664980500000,2022-10-05T14:35:00Z,6.5,6.53,6.5,6.53,1815.378,11819.28319
1664980800000,2022-10-05T14:40:00Z,6.53,6.55,6.53,6.55,1161.412,7589.36114
1664981100000,2022-10-05T14:45:00Z,6.55,6.56,6.55,6.55,888.503,5826.58825
1664981400000,2022-10-05T14:50:00Z,6.55,6.55,6.55,6.55,1635.235,10710.78925
1664981700000,2022-10-05T14:55:00Z,6.55,6.55,6.54,6.54,285.389,1869.29406
1664982000000,2022-10-05T15:00:00Z,6.54,6.55,6.54,6.55,2076.167,13591.57006
1664982300000,2022-10-05T15:05:00Z,6.55,6.55,6.54,6.55,793.781,5199.06841
1664982600000,2022-10-05T15:10:00Z,6.55,6.55,6.54,6.55,1660.553,10871.0946
1664982900000,2022-10-05T15:15:00Z,6.55,6.57,6.55,6.57,719.934,4723.28638
1664983200000,2022-10-05T15:20:00Z,6.57,6.59,6.57,6.59,2245.981,14760.9871
1664983500000,2022-10-05T15:25:00Z,6.59,6.61,6.59,6.61,1987.059,13116.02726
1664983800000,2022-10-05T15:30:00Z,6.61,6.64,6.61,6.64,2989.886,19832.86685
1664984100000,2022-10-05T15:35:00Z,6.64,6.71,6.64,6.71,3207.235,21430.36941
1664984400000,2022-10-05T15:40:00Z,6.71,6.72,6.67,6.71,5125.302,34342.75424
1664984700000,2022-10-05T15:45:00Z,6.71,6.72,6.7,6.71,2618.774,17567.28281
1664985000000,2022-10-05T15:50:00Z,6.71,6.73,6.71,6.73,1948.172,13098.65261
1664985300000,2022-10-05T15:55:00Z,6.73,6.74,6.72,6.74,1748.608,11776.03052
1664985600000,2022-10-05T16:00:00Z,6.74,6.76,6.72,6.72,7930.607,53384.55337
1664985900000,2022-10-05T16:05:00Z,6.72,6.75,6.72,6.75,1983.658,13367.73129
1664986200000,2022-10-05T16:10:00Z,6.75,6.77,6.75,6.77,1906.374,12886.1522
1664986500000,2022-10-05T16:15:00Z,6.77,6.78,6.76,6.76,3778.34,25578.94407
1664986800000,2022-10-05T16:20:00Z,6.76,6.76,6.74,6.74,2969.932,20031.95071
1664987100000,2022-10-05T16:25:00Z,6.74,6.75,6.72,6.72,4524.368,30498.13998
1664987400000,2022-10-05T16:30:00Z,6.72,6.73,6.72,6.73,4998.884,33605.47631
1664987700000,2022-10-05T16:35:00Z,6.73,6.74,6.73,6.73,3248.569,21871.59668
1664988000000,2022-10-05T16:40:00Z,6.73,6.74,6.73,6.73,3581.304,24117.00475
1664988300000,2022-10-05T16:45:00Z,6.73,6.77,6.73,6.77,2773.589,18719.26205
1664988600000,2022-10-05T16:50:00Z,6.77,6.77,6.74,6.75,4585.549,30988.83227
1664988900000,2022-10-05T16:55:00Z,6.75,6.75,6.73,6.73,2664.062,17974.64562
1664989200000,2022-10-05T17:00:00Z,6.73,6.75,6.73,6.75,2869.162,19331.932
1664989500000,2022-10-05T17:05:00Z,6.75,6.77,6.74,6.76,3010.848,20362.7238
1664989800000,2022-10-05T17:10:00Z,6.76,6.77,6.76,6.77,1966.437,13298.2045
1664990100000,2022-10-05T17:15:00Z,6.77,6.79,6.77,6.79,2925.204,19850.75421
1664990400000,2022-10-05T17:20:00Z,6.79,6.8,6.78,6.78,2077.62,14102.0349
1664990700000,2022-10-05T17:25:00Z,6.78,6.78,6.74,6.75,1658.955,11194.57449
1664991000000,2022-10-05T17:30:00Z,6.75,6.75,6.71,6.72,2852.736,19199.1645
1664991300000,2022-10-05T17:35:00Z,6.72,6.74,6.72,6.74,896.645,6037.44137
1664991600000,2022-10-05T17:40:00Z,6.74,6.74,6.72,6.73,251.336,1690.54129
1664991900000,2022-10-05T17:45:00Z,6.73,6.74,6.73,6.73,1487.388,10017.5588
1664992200000,2022-10-05T17:50:00Z,6.73,6.73,6.71,6.72,1816.982,12205.84366
1664992500000,2022-10-05T17:55:00Z,6.72,6.72,6.71,6.71,380,2551.7
1664992800000,2022-10-05T18:00:00Z,6.71,6.73,6.71,6.72,3155.906,21228.10192
1664993100000,2022-10-05T18:05:00Z,6.72,6.73,6.72,6.73,2424.03,16299.13849
1664993400000,2022-10-05T18:10:00Z,6.73,6.74,6.73,6.74,1681.179,11324.98156
1664993700000,2022-10-05T18:15:00Z,6.74,6.74,6.74,6.74,285,1920.9
1664994000000,2022-10-05T18:20:00Z,6.74,6.74,6.74,6.74,1519.202,10239.42148
1664994300000,2022-10-05T18:25:00Z,6.74,6.74,6.72,6.74,942.069,6344.23543
1664994600000,2022-10-05T18:30:00Z,6.74,6.74,6.72,6.72,540.179,3638.43742
1664994900000,2022-10-05T18:35:00Z,6.72,6.74,6.72,6.74,647.855,4358.55948
1664995200000,2022-10-05T18:40:00Z,6.74,6.74,6.73,6.73,124.756,840.547
1664995500000,2022-10-05T18:45:00Z,6.73,6.73,6.73,6.73,1231.475,8287.82675
1664995800000,2022-10-05T18:50:00Z,6.73,6.73,6.72,6.73,665.945,4481.24434
1664996100000,2022-10-05T18:55:00Z,6.73,6.75,6.72,6.75,524.992,3540.83433
1664996400000,2022-10-05T19:00:00Z,6.75,6.78,6.75,6.76,2334.911,15800.74776
1664996700000,2022-10-05T19:05:00Z,6.76,6.76,6.74,6.75,1985.473,13410.0731
1664997000000,2022-10-05T19:10:00Z,6.75,6.78,6.75,6.78,1796.038,12143.63023
1664997300000,2022-10-05T19:15:00Z,6.78,6.8,6.78,6.79,995.812,6764.86342
1664997600000,2022-10-05T19:20:00Z,6.79,6.8,6.78,6.78,3990.158,27089.52175
1664997900000,2022-10-05T19:25:00Z,6.78,6.78,6.77,6.77,866.98,5871.3546
1664998200000,2022-10-05T19:30:00Z,6.77,6.79,6.77,6.78,2188.047,14839.31023
1664998500000,2022-10-05T19:35:00Z,6.78,6.78,6.77,6.78,1271.588,8617.06119
1664998800000,2022-10-05T19:40:00Z,6.78,6.78,6.77,6.77,1280.525,8678.49368
1664999100000,2022-10-05T19:45:00Z,6.77,6.78,6.77,6.77,574.369,3891.32813
1664999400000,2022-10-05T19:50:00Z,6.77,6.77,6.74,6.74,3450.469,23305.37017
1664999700000,2022-10-05T19:55:00Z,6.74,6.75,6.74,6.75,3115.999,21014.47403
1665000000000,2022-10-05T20:00:00Z,6.75,6.79,6.75,6.78,5923.321,40111.46316
1665000300000,2022-10-05T20:05:00Z,6.78,6.78,6.78,6.78,2196.797,14894.28366
1665000600000,2022-10-05T20:10:00Z,6.78,6.78,6.77,6.77,2143.152,14515.00831
1665000900000,2022-10-05T20:15:00Z,6.77,6.77,6.76,6.76,1767.644,11958.20847
1665001200000,2022-10-05T20:20:00Z,6.76,6.76,6.75,6.75,827.132,5585.57339
1665001500000,2022-10-05T20:25:00Z,6.75,6.75,6.74,6.74,1312.397,8854.12545
1665001800000,2022-10-05T20:30:00Z,6.74,6.75,6.74,6.74,672.038,4531.73369
1665002100000,2022-10-05T20:35:00Z,6.74,6.75,6.74,6.75,1.87,12.6225
1665002400000,2022-10-05T20:40:00Z,6.75,6.75,6.73,6.73,1744.748,11759.595
1665002700000,2022-10-05T20:45:00Z,6.73,6.74,6.73,6.73,1367.838,9213.39938
1665003000000,2022-10-05T20:50:00Z,6.73,6.74,6.73,6.73,1605.29,10812.58216
1665003300000,2022-10-05T20:55:00Z,6.73,6.75,6.73,6.73,4684.08,31547.35392
1665003600000,2022-10-05T21:00:00Z,6.73,6.76,6.73,6.76,894.517,6045.3344
1665003900000,2022-10-05T21:05:00Z,6.76,6.77,6.75,6.77,4320.538,29193.11264
1665004200000,2022-10-05T21:10:00Z,6.77,6.77,6.76,6.76,1199.219,8109.75601
1665004500000,2022-10-05T21:15:00Z,6.76,6.76,6.76,6.76,816.017,5516.27492
1665004800000,2022-10-05T21:20:00Z,6.76,6.76,6.76,6.76,0.778,5.25928
1665005100000,2022-10-05T21:25:00Z,6.76,6.78,6.76,6.78,3537.1,23960.71672
1665005400000,2022-10-05T21:30:00Z,6.78,6.79,6.78,6.78,1522.957,10326.78814
1665005700000,2022-10-05T21:35:00Z,6.78,6.8,6.78,6.79,1072.564,7282.24288
1665006000000,2022-10-05T21:40:00Z,6.79,6.8,6.79,6.8,2458.838,16705.71676
1665006300000,2022-10-05T21:45:00Z,6.8,6.8,6.78,6.78,1349.248,9168.56414
1665006600000,2022-10-05T21:50:00Z,6.78,6.78,6.76,6.76,727.979,4926.93294
1665006900000,2022-10-05T21:55:00Z,6.76,6.77,6.76,6.76,2082.262,14083.98338
1665007200000,2022-10-05T22:00:00Z,6.76,6.76,6.75,6.75,1598.985,10799.83713
1665007500000,2022-10-05T22:05:00Z,6.75,6.75,6.73,6.73,1905.349,12842.78764
1665007800000,2022-10-05T22:10:00Z,6.73,6.73,6.73,6.73,1345.715,9056.66195
1665008100000,2022-10-05T22:15:00Z,6.73,6.75,6.73,6.75,2572.282,17336.51838
1665008400000,2022-10-05T22:20:00Z,6.75,6.75,6.74,6.75,2410.445,16263.43696
1665008700000,2022-10-05T22:25:00Z,6.75,6.75,6.75,6.75,2145.372,14481.261
1665009000000,2022-10-05T22:30:00Z,6.75,6.75,6.75,6.75,267.266,1804.0455
1665009300000,2022-10-05T22:35:00Z,6.75,6.76,6.75,6.76,1447.981,9784.75693
1665009600000,2022-10-05T22:40:00Z,6.76,6.77,6.75,6.75,3286.615,22212.58708
1665009900000,2022-10-05T22:45:00Z,6.75,6.78,6.75,6.78,2121.154,14363.6129
1665010200000,2022-10-05T22:50:00Z,6.78,6.8,6.78,6.79,3194.503,21684.7711
1665010500000,2022-10-05T22:55:00Z,6.79,6.79,6.78,6.78,2076.691,14093.31607
1665010800000,2022-10-05T23:00:00Z,6.78,6.79,6.78,6.78,1700.162,11529.91611
1665011100000,2022-10-05T23:05:00Z,6.78,6.78,6.76,6.77,1926.545,13046.91656
1665011400000,2022-10-05T23:10:00Z,6.77,6.77,6.76,6.76,2981.414,20164.86561
1665011700000,2022-10-05T23:15:00Z,6.76,6.79,6.76,6.79,5309.134,35998.87839
1665012000000,2022-10-05T23:20:00Z,6.79,6.82,6.79,6.82,13668.635,93046.70212
1665012300000,2022-10-05T23:25:00Z,6.82,6.82,6.8,6.8,4471.453,30450.79417
1665012600000,2022-10-05T23:30:00Z,6.8,6.81,6.78,6.79,2102.702,14284.73747
1665012900000,2022-10-05T23:35:00Z,6.79,6.79,6.78,6.79,1451.749,9853.71839
1665013200000,2022-10-05T23:40:00Z,6.79,6.79,6.79,6.79,431.072,2926.97888
1665013500000,2022-10-05T23:45:00Z,6.79,6.8,6.79,6.79,1191.696,8101.63669
1665013800000,2022-10-05T23:50:00Z,6.79,6.81,6.78,6.8,2997.098,20384.23028
1665014100000,2022-10-05T23:55:00Z,6.8,6.81,6.79,6.81,1383.154,9408.89469
1665014400000,2022-10-06T00:00:00Z,6.81,6.83,6.81,6.83,2422.463,16541.26597
1665014700000,2022-10-06T00:05:00Z,6.83,6.84,6.81,6.83,5609.317,38353.91382
1665015000000,2022-10-06T00:10:00Z,6.83,6.85,6.83,6.84,1040.161,7119.91934
1665015300000,2022-10-06T00:15:00Z,6.84,6.84,6.82,6.84,5039.686,34438.82639
1665015600000,2022-10-06T00:20:00Z,6.84,6.85,6.83,6.83,1885.185,12897.39255
1665015900000,2022-10-06T00:25:00Z,6.83,6.84,6.83,6.84,862.343,5890.75658
1665016200000,2022-10-06T00:30:00Z,6.84,6.89,6.84,6.88,9892.872,67953.4313
1665016500000,2022-10-06T00:35:00Z,6.88,6.93,6.88,6.91,9088.896,62783.55436
1665016800000,2022-10-06T00:40:00Z,6.91,6.92,6.91,6.92,1985.603,13737.47299
1665017100000,2022-10-06T00:45:00Z,6.92,6.93,6.89,6.9,11558.82,79946.29755
1665017400000,2022-10-06T00:50:00Z,6.9,6.91,6.89,6.89,5730.883,39548.9024
1665017700000,2022-10-06T00:55:00Z,6.89,6.9,6.87,6.9,4777.189,32895.7837
1665018000000,2022-10-06T01:00:00Z,6.9,6.92,6.88,6.89,3283.927,22674.313
1665018300000,2022-10-06T01:05:00Z,6.89,6.91,6.89,6.91,4280.761,29563.95923
1665018600000,2022-10-06T01:10:00Z,6.91,6.91,6.9,6.9,2473.081,17071.50893
1665018900000,2022-10-06T01:15:00Z,6.9,6.91,6.89,6.9,1968.752,13590.36932
1665019200000,2022-10-06T01:20:00Z,6.9,6.91,6.89,6.89,1513.676,10446.85702
1665019500000,2022-10-06T01:25:00Z,6.89,6.9,6.89,6.9,2393.387,16493.15469
1665019800000,2022-10-06T01:30:00Z,6.9,6.94,6.9,6.94,3444.955,23860.76283
1665020100000,2022-10-06T01:35:00Z,6.94,6.97,6.94,6.97,5750.41,40042.47671
1665020400000,2022-10-06T01:40:00Z,6.97,6.98,6.96,6.98,3055.31,21313.54459
1665020700000,2022-10-06T01:45:00Z,6.98,6.99,6.98,6.98,3030.979,21156.70282
1665021000000,2022-10-06T01:50:00Z,6.98,6.98,6.97,6.97,888.065,6192.00967
1665021300000,2022-10-06T01:55:00Z,6.97,6.99,6.97,6.98,2640.181,18440.70287
1665021600000,2022-10-06T02:00:00Z,6.98,6.99,6.98,6.99,1094.82,7648.0428
1665021900000,2022-10-06T02:05:00Z,6.99,6.99,6.97,6.98,2212.163,15445.90308
1665022200000,2022-10-06T02:10:00Z,6.98,6.99,6.97,6.98,2181.15,15232.81047
1665022500000,2022-10-06T02:15:00Z,6.98,6.98,6.96,6.96,3134.229,21840.94028
1665022800000,2022-10-06T02:20:00Z,6.96,6.98,6.96,6.97,1939.579,13514.56719
1665023100000,2022-10-06T02:25:00Z,6.97,6.98,6.96,6.96,889.378,6196.81143
1665023400000,2022-10-06T02:30:00Z,6.96,6.99,6.96,6.99,2095.911,14636.71188
1665023700000,2022-10-06T02:35:00Z,6.99,6.99,6.99,6.99,285,1992.15
1665024000000,2022-10-06T02:40:00Z,6.99,7,6.99,6.99,1266.516,8861.86211
1665024300000,2022-10-06T02:45:00Z,6.99,6.99,6.97,6.98,2020.328,14104.69595
1665024600000,2022-10-06T02:50:00Z,6.98,6.99,6.97,6.97,3445.005,24029.58232
1665024900000,2022-10-06T02:55:00Z,6.97,6.98,6.96,6.96,2613.004,18192.95787
1665025200000,2022-10-06T03:00:00Z,6.96,6.98,6.96,6.97,2728.901,19025.37341
1665025500000,2022-10-06T03:05:00Z,6.97,6.97,6.96,6.96,347.578,2422.04692
1665025800000,2022-10-06T03:10:00Z,6.96,6.98,6.96,6.98,1403.074,9782.02122
1665026100000,2022-10-06T03:15:00Z,6.98,6.98,6.97,6.97,1973.178,13753.05066
1665026400000,2022-10-06T03:20:00Z,6.97,6.97,6.95,6.96,672.821,4683.5299
1665026700000,2022-10-06T03:25:00Z,6.96,6.96,6.95,6.96,2090.361,14536.36665
1665027000000,2022-10-06T03:30:00Z,6.96,6.96,6.94,6.94,643.302,4465.99126
1665027300000,2022-10-06T03:35:00Z,6.94,6.95,6.93,6.93,352.225,2443.87096
1665027600000,2022-10-06T03:40:00Z,6.93,6.94,6.92,6.92,2064.407,14311.63092
1665027900000,2022-10-06T03:45:00Z,6.92,6.93,6.91,6.91,2058.503,14238.67481
1665028200000,2022-10-06T03:50:00Z,6.91,6.92,6.91,6.92,598.986,4140.23211
1665028500000,2022-10-06T03:55:00Z,6.92,6.94,6.92,6.93,1186.254,8223.72495
1665028800000,2022-10-06T04:00:00Z,6.93,6.93,6.91,6.91,1687.311,11678.61072
1665029100000,2022-10-06T04:05:00Z,6.91,6.94,6.91,6.94,1042.047,7217.47851
1665029400000,2022-10-06T04:10:00Z,6.94,6.94,6.93,6.93,1962.967,13614.43068
1665029700000,2022-10-06T04:15:00Z,6.93,6.94,6.93,6.93,2901.302,20108.04865
1665030000000,2022-10-06T04:20:00Z,6.93,6.93,6.92,6.93,1386.964,9610.12035
1665030300000,2022-10-06T04:25:00Z,6.93,6.95,6.93,6.94,2636.826,18301.67965
1665030600000,2022-10-06T04:30:00Z,6.94,6.94,6.92,6.92,4071.035,28192.85416
1665030900000,2022-10-06T04:35:00Z,6.92,6.93,6.92,6.93,488.58,3385.8594
1665031200000,2022-10-06T04:40:00Z,6.93,6.93,6.93,6.93,1273.094,8822.54142
1665031500000,2022-10-06T04:45:00Z,6.93,6.93,6.92,6.93,1719.167,11913.69343
1665031800000,2022-10-06T04:50:00Z,6.93,6.94,6.93,6.93,516.199,3577.26296
1665032100000,2022-10-06T04:55:00Z,6.93,6.93,6.92,6.92,2091.715,14475.72459
1665032400000,2022-10-06T05:00:00Z,6.92,6.92,6.91,6.91,1289.21,8914.6832
1665032700000,2022-10-06T05:05:00Z,6.91,6.92,6.91,6.91,1692.037,11696.30008
1665033000000,2022-10-06T05:10:00Z,6.91,6.91,6.89,6.91,5283.69,36461.87322
1665033300000,2022-10-06T05:15:00Z,6.91,6.91,6.9,6.9,714.077,4927.1313
1665033600000,2022-10-06T05:20:00Z,6.9,6.9,6.88,6.89,1113.264,7664.02044
1665033900000,2022-10-06T05:25:00Z,6.89,6.89,6.89,6.89,462.483,3186.50787
1665034200000,2022-10-06T05:30:00Z,6.89,6.9,6.89,6.9,413.686,2854.4334
1665034500000,2022-10-06T05:35:00Z,6.9,6.91,6.9,6.9,475.605,3284.0488
1665034800000,2022-10-06T05:40:00Z,6.9,6.9,6.89,6.89,819.901,5653.22151
1665035100000,2022-10-06T05:45:00Z,6.89,6.9,6.88,6.89,1343.96,9260.33687
1665035400000,2022-10-06T05:50:00Z,6.89,6.94,6.89,6.93,5128.256,35501.7171
1665035700000,2022-10-06T05:55:00Z,6.93,6.94,6.93,6.93,1237.879,8582.7884
1665036000000,2022-10-06T06:00:00Z,6.93,6.93,6.89,6.89,4419.358,30502.39563
1665036300000,2022-10-06T06:05:00Z,6.89,6.9,6.89,6.9,575.303,3967.6907
1665036600000,2022-10-06T06:10:00Z,6.9,6.9,6.86,6.88,4433.39,30489.90542
1665036900000,2022-10-06T06:15:00Z,6.88,6.88,6.87,6.87,1508.62,10367.61131
1665037200000,2022-10-06T06:20:00Z,6.87,6.87,6.84,6.85,3081.422,21117.91434
1665037500000,2022-10-06T06:25:00Z,6.85,6.85,6.84,6.84,3564.034,24409.77677
1665037800000,2022-10-06T06:30:00Z,6.84,6.87,6.84,6.87,2720.005,18656.67506
1665038100000,2022-10-06T06:35:00Z,6.87,6.87,6.87,6.87,116.831,802.62897
1665038400000,2022-10-06T06:40:00Z,6.87,6.87,6.86,6.87,168.264,1154.29493
1665038700000,2022-10-06T06:45:00Z,6.87,6.87,6.87,6.87,793.61,5452.1007
1665039000000,2022-10-06T06:50:00Z,6.87,6.87,6.86,6.86,314.032,2157.39356
1665039300000,2022-10-06T06:55:00Z,6.86,6.86,6.84,6.84,1350.321,9251.32859
1665039600000,2022-10-06T07:00:00Z,6.84,6.86,6.84,6.86,1814.783,12430.34337
1665039900000,2022-10-06T07:05:00Z,6.86,6.86,6.86,6.86,1730.024,11867.96464
1665040200000,2022-10-06T07:10:00Z,6.86,6.87,6.86,6.87,690.168,4735.75416
1665040500000,2022-10-06T07:15:00Z,6.87,6.9,6.87,6.9,4430.287,30499.97509
1665040800000,2022-10-06T07:20:00Z,6.9,6.9,6.86,6.87,2036.271,14022.18875
1665041100000,2022-10-06T07:25:00Z,6.87,6.91,6.87,6.91,3227.718,22256.21287
1665041400000,2022-10-06T07:30:00Z,6.91,6.91,6.89,6.89,2005.777,13841.95131
1665041700000,2022-10-06T07:35:00Z,6.89,6.9,6.89,6.9,444.184,3064.8696
1665042000000,2022-10-06T07:40:00Z,6.9,6.9,6.89,6.9,370.301,2551.37778
1665042300000,2022-10-06T07:45:00Z,6.9,6.9,6.88,6.89,1991.231,13715.06855
1665042600000,2022-10-06T07:50:00Z,6.89,6.93,6.89,6.93,1397.847,9671.98762
1665042900000,2022-10-06T07:55:00Z,6.93,6.94,6.93,6.93,2734.648,18962.55163
1665043200000,2022-10-06T08:00:00Z,6.93,6.96,6.93,6.94,3939.817,27360.11814
1665043500000,2022-10-06T08:05:00Z,6.94,6.94,6.92,6.92,1111.47,7704.46782
1665043800000,2022-10-06T08:10:00Z,6.92,6.92,6.91,6.91,363.571,2512.27561
1665044100000,2022-10-06T08:15:00Z,6.91,6.92,6.91,6.91,1302.926,9005.11866
1665044400000,2022-10-06T08:20:00Z,6.91,6.91,6.89,6.89,4076.412,28112.7421
1665044700000,2022-10-06T08:25:00Z,6.89,6.9,6.88,6.89,4899.115,33738.58232
1665045000000,2022-10-06T08:30:00Z,6.89,6.9,6.88,6.89,1901.592,13103.49052
1665045300000,2022-10-06T08:35:00Z,6.89,6.9,6.89,6.9,269.173,1857.2937
1665045600000,2022-10-06T08:40:00Z,6.9,6.9,6.87,6.87,1407.691,9680.63986
1665045900000,2022-10-06T08:45:00Z,6.87,6.89,6.86,6.89,4504.685,30968.9284
1665046200000,2022-10-06T08:50:00Z,6.89,6.89,6.88,6.88,1849.363,12733.39352
1665046500000,2022-10-06T08:55:00Z,6.88,6.89,6.88,6.89,1575.843,10841.94777
1665046800000,2022-10-06T09:00:00Z,6.89,6.89,6.86,6.86,2353.133,16156.2341
1665047100000,2022-10-06T09:05:00Z,6.86,6.88,6.86,6.88,3109.847,21391.69253
1665047400000,2022-10-06T09:10:00Z,6.88,6.88,6.87,6.87,1885.144,12956.32705
1665047700000,2022-10-06T09:15:00Z,6.87,6.87,6.84,6.85,2537.017,17382.73768
1665048000000,2022-10-06T09:20:00Z,6.85,6.87,6.85,6.87,3849.975,26434.00777
1665048300000,2022-10-06T09:25:00Z,6.87,6.87,6.86,6.87,2138.11,14688.23473
1665048600000,2022-10-06T09:30:00Z,6.87,6.87,6.86,6.86,624.664,4285.19893
1665048900000,2022-10-06T09:35:00Z,6.86,6.86,6.85,6.86,1839.09,12606.72259
1665049200000,2022-10-06T09:40:00Z,6.86,6.86,6.86,6.86,1114.58,7646.0188
1665049500000,2022-10-06T09:45:00Z,6.86,6.86,6.83,6.84,2928.374,20039.61361
1665049800000,2022-10-06T09:50:00Z,6.84,6.85,6.83,6.84,1832.059,12531.73091
1665050100000,2022-10-06T09:55:00Z,6.84,6.84,6.82,6.83,2371.519,16196.01933
1665050400000,2022-10-06T10:00:00Z,6.83,6.83,6.82,6.83,2518.525,17191.40855
1665050700000,2022-10-06T10:05:00Z,6.83,6.84,6.82,6.82,225.335,1537.07628
1665051000000,2022-10-06T10:10:00Z,6.82,6.83,6.82,6.82,1149.761,7849.06223
1665051300000,2022-10-06T10:15:00Z,6.82,6.82,6.82,6.82,1862.112,12699.60384
1665051600000,2022-10-06T10:20:00Z,6.82,6.83,6.82,6.83,1333.527,9103.09402
1665051900000,2022-10-06T10:25:00Z,6.83,6.83,6.81,6.83,1325.606,9041.10854
1665052200000,2022-10-06T10:30:00Z,6.83,6.83,6.82,6.83,912.744,6229.58527
1665052500000,2022-10-06T10:35:00Z,6.83,6.83,6.83,6.83,269.724,1842.21492
1665052800000,2022-10-06T10:40:00Z,6.83,6.83,6.82,6.82,1669.265,11384.3873
1665053100000,2022-10-06T10:45:00Z,6.82,6.82,6.81,6.82,2446.91,16682.31006
1665053400000,2022-10-06T10:50:00Z,6.82,6.82,6.82,6.82,380,2591.6
1665053700000,2022-10-06T10:55:00Z,6.82,6.82,6.81,6.82,2947.878,20078.09891
1665054000000,2022-10-06T11:00:00Z,6.82,6.83,6.82,6.83,1414.146,9648.48095
1665054300000,2022-10-06T11:05:00Z,6.83,6.83,6.83,6.83,245.642,1677.73486
1665054600000,2022-10-06T11:10:00Z,6.83,6.83,6.82,6.83,499.911,3409.64213
1665054900000,2022-10-06T11:15:00Z,6.83,6.85,6.83,6.85,2274.302,15558.39056
1665055200000,2022-10-06T11:20:00Z,6.85,6.85,6.84,6.85,129.339,885.01826
1665055500000,2022-10-06T11:25:00Z,6.85,6.85,6.85,6.85,1052.105,7206.91925
1665055800000,2022-10-06T11:30:00Z,6.85,6.87,6.85,6.87,984.067,6755.87927
1665056100000,2022-10-06T11:35:00Z,6.87,6.89,6.87,6.89,2271.595,15623.38575
1665056400000,2022-10-06T11:40:00Z,6.89,6.91,6.88,6.9,3585.777,24721.34362
1665056700000,2022-10-06T11:45:00Z,6.9,6.92,6.89,6.91,4563.573,31518.81589
1665057000000,2022-10-06T11:50:00Z,6.91,6.92,6.91,6.91,1841.799,12727.55366
1665057300000,2022-10-06T11:55:00Z,6.91,6.91,6.91,6.91,141.899,980.52209
1665057600000,2022-10-06T12:00:00Z,6.91,6.92,6.91,6.92,1330.606,9204.06754
1665057900000,2022-10-06T12:05:00Z,6.92,6.92,6.89,6.89,1243.414,8574.88166
1665058200000,2022-10-06T12:10:00Z,6.89,6.9,6.89,6.9,3098.95,21369.81201
1665058500000,2022-10-06T12:15:00Z,6.9,6.9,6.89,6.89,208.184,1435.5196
1665058800000,2022-10-06T12:20:00Z,6.89,6.9,6.89,6.9,896.51,6179.22201
1665059100000,2022-10-06T12:25:00Z,6.9,6.9,6.9,6.9,948.566,6545.1054
1665059400000,2022-10-06T12:30:00Z,6.9,6.94,6.9,6.93,3510.512,24328.50537
1665059700000,2022-10-06T12:35:00Z,6.93,6.95,6.93,6.94,2479.575,17212.79066
1665060000000,2022-10-06T12:40:00Z,6.94,6.94,6.91,6.92,4411.323,30547.35043
1665060300000,2022-10-06T12:45:00Z,6.92,6.92,6.91,6.91,1356.014,9372.90947
1665060600000,2022-10-06T12:50:00Z,6.91,6.92,6.91,6.91,1181.75,8170.56191
1665060900000,2022-10-06T12:55:00Z,6.91,6.92,6.91,6.91,2956.627,20430.29646
1665061200000,2022-10-06T13:00:00Z,6.91,6.91,6.88,6.88,2005.777,13804.32746
1665061500000,2022-10-06T13:05:00Z,6.88,6.89,6.88,6.89,392.473,2701.64787
1665061800000,2022-10-06T13:10:00Z,6.89,6.9,6.88,6.9,1028.497,7083.70438
1665062100000,2022-10-06T13:15:00Z,6.9,6.9,6.88,6.88,1989.412,13706.19933
1665062400000,2022-10-06T13:20:00Z,6.88,6.88,6.85,6.85,2250.057,15427.40288
1665062700000,2022-10-06T13:25:00Z,6.85,6.86,6.83,6.84,5571.161,38111.14152
1665063000000,2022-10-06T13:30:00Z,6.84,6.88,6.84,6.88,4053.121,27837.44778
1665063300000,2022-10-06T13:35:00Z,6.88,6.9,6.86,6.9,3200.642,22023.92914
1665063600000,2022-10-06T13:40:00Z,6.9,6.93,6.9,6.91,4494.032,31088.37339
1665063900000,2022-10-06T13:45:00Z,6.91,6.91,6.87,6.87,5447.843,37566.00411
1665064200000,2022-10-06T13:50:00Z,6.87,6.9,6.87,6.9,2536.762,17463.20883
1665064500000,2022-10-06T13:55:00Z,6.9,6.9,6.85,6.85,4086.803,28062.27333
1665064800000,2022-10-06T14:00:00Z,6.85,6.85,6.79,6.81,11251.537,76635.19121
1665065100000,2022-10-06T14:05:00Z,6.81,6.81,6.76,6.78,13498.654,91590.10546
1665065400000,2022-10-06T14:10:00Z,6.78,6.78,6.75,6.77,6591.375,44591.60788
1665065700000,2022-10-06T14:15:00Z,6.77,6.81,6.77,6.8,6911.92,46953.63219
1665066000000,2022-10-06T14:20:00Z,6.8,6.8,6.78,6.8,3602.391,24462.76212
1665066300000,2022-10-06T14:25:00Z,6.8,6.8,6.78,6.78,3589.166,24371.55366
1665066600000,2022-10-06T14:30:00Z,6.78,6.81,6.78,6.78,6070.13,41241.61212
1665066900000,2022-10-06T14:35:00Z,6.78,6.81,6.78,6.81,4917.084,33432.52761
1665067200000,2022-10-06T14:40:00Z,6.81,6.85,6.81,6.85,3732.248,25502.68878
1665067500000,2022-10-06T14:45:00Z,6.85,6.89,6.85,6.89,5337.157,36653.94356
1665067800000,2022-10-06T14:50:00Z,6.89,6.89,6.86,6.86,2573.116,17694.15616
1665068100000,2022-10-06T14:55:00Z,6.86,6.86,6.85,6.86,2346.377,16079.04158
1665068400000,2022-10-06T15:00:00Z,6.86,6.86,6.83,6.83,5540.099,37900.30387
1665068700000,2022-10-06T15:05:00Z,6.83,6.85,6.83,6.84,3340.68,22866.57313
1665069000000,2022-10-06T15:10:00Z,6.84,6.84,6.83,6.83,1730.762,11838.12864
1665069300000,2022-10-06T15:15:00Z,6.83,6.86,6.83,6.86,1079.17,7386.26459
1665069600000,2022-10-06T15:20:00Z,6.86,6.88,6.86,6.88,1835.877,12626.71732
1665069900000,2022-10-06T15:25:00Z,6.88,6.91,6.88,6.9,2410.167,16620.84757
1665070200000,2022-10-06T15:30:00Z,6.9,6.9,6.88,6.88,3931.86,27059.61862
1665070500000,2022-10-06T15:35:00Z,6.88,6.89,6.87,6.87,2445.508,16810.12593
1665070800000,2022-10-06T15:40:00Z,6.87,6.87,6.86,6.87,3610.819,24803.43849
1665071100000,2022-10-06T15:45:00Z,6.87,6.89,6.86,6.89,3240.596,22292.48055
1665071400000,2022-10-06T15:50:00Z,6.89,6.9,6.88,6.9,6080.038,41921.36795
1665071700000,2022-10-06T15:55:00Z,6.9,6.9,6.87,6.89,5441.059,37474.08746
1665072000000,2022-10-06T16:00:00Z,6.89,6.96,6.88,6.9,20333.12,140777.58213
1665072300000,2022-10-06T16:05:00Z,6.9,6.9,6.84,6.84,14746.805,101220.87629
1665072600000,2022-10-06T16:10:00Z,6.84,6.87,6.84,6.86,5105.608,34998.52662
1665072900000,2022-10-06T16:15:00Z,6.86,6.89,6.86,6.89,2825.651,19446.95234
1665073200000,2022-10-06T16:20:00Z,6.89,6.91,6.89,6.91,3783.055,26106.92097
1665073500000,2022-10-06T16:25:00Z,6.91,6.91,6.89,6.89,3051.275,21057.94733
1665073800000,2022-10-06T16:30:00Z,6.89,6.91,6.88,6.88,3048.542,20994.0402
1665074100000,2022-10-06T16:35:00Z,6.88,6.89,6.88,6.89,1887.24,12993.7494
1665074400000,2022-10-06T16:40:00Z,6.89,6.9,6.89,6.9,3191.744,22002.91929
1665074700000,2022-10-06T16:45:00Z,6.9,6.91,6.9,6.9,1408.331,9720.39659
1665075000000,2022-10-06T16:50:00Z,6.9,6.9,6.89,6.9,1626.376,11216.79749
1665075300000,2022-10-06T16:55:00Z,6.9,6.9,6.89,6.89,1799.166,12410.86792
1665075600000,2022-10-06T17:00:00Z,6.89,6.89,6.89,6.89,1731.809,11932.16401
1665075900000,2022-10-06T17:05:00Z,6.89,6.9,6.88,6.88,2733.672,18828.35715
1665076200000,2022-10-06T17:10:00Z,6.88,6.91,6.88,6.91,2734.017,18875.25337
1665076500000,2022-10-06T17:15:00Z,6.91,6.91,6.9,6.91,2229.468,15401.68825
1665076800000,2022-10-06T17:20:00Z,6.91,6.93,6.9,6.9,8861.991,61287.60944
1665077100000,2022-10-06T17:25:00Z,6.9,6.92,6.9,6.92,3181.119,21982.74099
1665077400000,2022-10-06T17:30:00Z,6.92,6.92,6.9,6.91,938.367,6479.4812
1665077700000,2022-10-06T17:35:00Z,6.91,6.91,6.89,6.89,1942.245,13401.32619
1665078000000,2022-10-06T17:40:00Z,6.89,6.9,6.89,6.9,1631.336,11256.2184
1665078300000,2022-10-06T17:45:00Z,6.9,6.9,6.89,6.9,1615.508,11137.49618
1665078600000,2022-10-06T17:50:00Z,6.9,6.9,6.88,6.89,2266.356,15606.4149
1665078900000,2022-10-06T17:55:00Z,6.89,6.91,6.89,6.9,1588.777,10967.27262
1665079200000,2022-10-06T18:00:00Z,6.9,6.9,6.88,6.88,968.959,6674.67689
1665079500000,2022-10-06T18:05:00Z,6.88,6.88,6.87,6.87,2312.397,15886.16739
1665079800000,2022-10-06T18:10:00Z,6.87,6.89,6.87,6.89,536.729,3695.64938
1665080100000,2022-10-06T18:15:00Z,6.89,6.9,6.89,6.9,1513.006,10431.64396
1665080400000,2022-10-06T18:20:00Z,6.9,6.92,6.9,6.9,2154.597,14888.88709
1665080700000,2022-10-06T18:25:00Z,6.9,6.91,6.9,6.91,2462.037,17008.38334
1665081000000,2022-10-06T18:30:00Z,6.91,6.92,6.88,6.88,1437.759,9928.89472
1665081300000,2022-10-06T18:35:00Z,6.88,6.9,6.88,6.9,521.601,3597.71027
1665081600000,2022-10-06T18:40:00Z,6.9,6.9,6.89,6.89,884.939,6103.87971
1665081900000,2022-10-06T18:45:00Z,6.89,6.89,6.87,6.87,1661.103,11424.23466
1665082200000,2022-10-06T18:50:00Z,6.87,6.88,6.87,6.88,1919.869,13193.68302
1665082500000,2022-10-06T18:55:00Z,6.88,6.9,6.88,6.88,1696.293,11687.5898
1665082800000,2022-10-06T19:00:00Z,6.88,6.89,6.88,6.89,2804.703,19320.48878
1665083100000,2022-10-06T19:05:00Z,6.89,6.91,6.88,6.91,1720.016,11860.78199
1665083400000,2022-10-06T19:10:00Z,6.91,6.93,6.9,6.93,4058.861,28063.61707
1665083700000,2022-10-06T19:15:00Z,6.93,6.93,6.91,6.91,2521.156,17439.98077
1665084000000,2022-10-06T19:20:00Z,6.91,6.93,6.91,6.93,2530.637,17533.8235
1665084300000,2022-10-06T19:25:00Z,6.93,6.94,6.93,6.93,1023.322,7095.2857
1665084600000,2022-10-06T19:30:00Z,6.93,6.93,6.91,6.91,7112.393,49201.94203
1665084900000,2022-10-06T19:35:00Z,6.91,6.92,6.91,6.92,1308.45,9049.51976
1665085200000,2022-10-06T19:40:00Z,6.92,6.92,6.91,6.92,540.534,3738.14491
1665085500000,2022-10-06T19:45:00Z,6.92,6.92,6.91,6.91,892.159,6167.51112
1665085800000,2022-10-06T19:50:00Z,6.91,6.92,6.91,6.92,1828.063,12634.81615
1665086100000,2022-10-06T19:55:00Z,6.92,6.93,6.92,6.92,2702.707,18713.14237
1665086400000,2022-10-06T20:00:00Z,6.92,6.93,6.92,6.92,1373.412,9513.85153
1665086700000,2022-10-06T20:05:00Z,6.92,6.94,6.92,6.93,131.856,913.76675
1665087000000,2022-10-06T20:10:00Z,6.93,6.94,6.93,6.93,2647.833,18364.67173
1665087300000,2022-10-06T20:15:00Z,6.93,6.94,6.93,6.93,1377.531,9557.38848
1665087600000,2022-10-06T20:20:00Z,6.93,6.93,6.93,6.93,2512.143,17409.15099
1665087900000,2022-10-06T20:25:00Z,6.93,6.93,6.92,6.93,1089.128,7543.11771
1665088200000,2022-10-06T20:30:00Z,6.93,6.94,6.92,6.94,2713.028,18786.47785
1665088500000,2022-10-06T20:35:00Z,6.94,6.95,6.94,6.95,4918.677,34149.79491
1665088800000,2022-10-06T20:40:00Z,6.95,6.96,6.95,6.95,560.272,3894.03973
1665089100000,2022-10-06T20:45:00Z,6.95,6.96,6.95,6.96,385.163,2680.06005
1665089400000,2022-10-06T20:50:00Z,6.96,6.97,6.96,6.97,2171.865,15137.89905
1665089700000,2022-10-06T20:55:00Z,6.97,6.97,6.97,6.97,1813.561,12640.52017
1665090000000,2022-10-06T21:00:00Z,6.97,6.98,6.96,6.97,1377.831,9612.88532
1665090300000,2022-10-06T21:05:00Z,6.97,6.97,6.95,6.95,3542.656,24640.44508
1665090600000,2022-10-06T21:10:00Z,6.95,6.95,6.94,6.95,2924.526,20321.44039
1665090900000,2022-10-06T21:15:00Z,6.95,6.96,6.95,6.95,2496.101,17363.94875
1665091200000,2022-10-06T21:20:00Z,6.95,6.95,6.93,6.93,686.887,4765.11926
1665091500000,2022-10-06T21:25:00Z,6.93,6.95,6.92,6.92,1304.055,9044.19473
1665091800000,2022-10-06T21:30:00Z,6.92,6.93,6.92,6.92,1056.193,7308.87002
1665092100000,2022-10-06T21:35:00Z,6.92,6.94,6.92,6.94,854.035,5919.75111
1665092400000,2022-10-06T21:40:00Z,6.94,6.98,6.94,6.96,4491.491,31279.29076
1665092700000,2022-10-06T21:45:00Z,6.96,6.96,6.95,6.95,1539.974,10702.8193
1665093000000,2022-10-06T21:50:00Z,6.95,6.95,6.91,6.91,1595.363,11050.4944
1665093300000,2022-10-06T21:55:00Z,6.91,6.91,6.89,6.9,3528.973,24328.79881
1665093600000,2022-10-06T22:00:00Z,6.9,6.92,6.88,6.92,4902.617,33844.10397
1665093900000,2022-10-06T22:05:00Z,6.92,6.92,6.9,6.9,972.492,6716.32818
1665094200000,2022-10-06T22:10:00Z,6.9,6.9,6.88,6.88,2082.687,14340.54421
1665094500000,2022-10-06T22:15:00Z,6.88,6.9,6.86,6.89,3839.891,26439.5744
1665094800000,2022-10-06T22:20:00Z,6.89,6.89,6.87,6.87,2037.187,14007.53287
1665095100000,2022-10-06T22:25:00Z,6.87,6.88,6.87,6.88,143,983.84
1665095400000,2022-10-06T22:30:00Z,6.88,6.89,6.88,6.89,717.857,4946.03084
1665095700000,2022-10-06T22:35:00Z,6.89,6.9,6.88,6.9,1755.992,12105.82367
1665096000000,2022-10-06T22:40:00Z,6.9,6.9,6.89,6.89,396.005,2728.47445
1665096300000,2022-10-06T22:45:00Z,6.89,6.9,6.89,6.89,1146.36,7908.604
1665096600000,2022-10-06T22:50:00Z,6.89,6.89,6.88,6.89,1232.34,8481.41315
1665096900000,2022-10-06T22:55:00Z,6.89,6.89,6.87,6.87,476.176,3272.11634
1665097200000,2022-10-06T23:00:00Z,6.87,6.88,6.87,6.88,2012.104,13826.30147
1665097500000,2022-10-06T23:05:00Z,6.88,6.88,6.87,6.88,1520.392,10447.59908
1665097800000,2022-10-06T23:10:00Z,6.88,6.88,6.88,6.88,741.436,5101.07968
1665098100000,2022-10-06T23:15:00Z,6.88,6.89,6.88,6.89,308.43,2125.07881
1665098400000,2022-10-06T23:20:00Z,6.89,6.89,6.88,6.88,855.701,5887.22288
1665098700000,2022-10-06T23:25:00Z,6.88,6.88,6.87,6.87,776.219,5338.00424
1665099000000,2022-10-06T23:30:00Z,6.87,6.88,6.87,6.88,998.928,6872.62464
1665099300000,2022-10-06T23:35:00Z,6.88,6.88,6.87,6.87,1161.242,7985.12727
1665099600000,2022-10-06T23:40:00Z,6.87,6.87,6.87,6.87,1068.588,7341.19956
1665099900000,2022-10-06T23:45:00Z,6.87,6.87,6.86,6.87,1139.656,7825.71181
1665100200000,2022-10-06T23:50:00Z,6.87,6.87,6.86,6.87,513.523,3522.77324
1665100500000,2022-10-06T23:55:00Z,6.87,6.88,6.87,6.87,5160.752,35478.70636
1665100800000,2022-10-07T00:00:00Z,6.87,6.89,6.87,6.89,794.323,5464.94613
1665101100000,2022-10-07T00:05:00Z,6.89,6.91,6.89,6.91,916.696,6317.39285
1665101400000,2022-10-07T00:10:00Z,6.91,6.95,6.91,6.94,6254.304,43334.06172
1665101700000,2022-10-07T00:15:00Z,6.94,6.95,6.94,6.95,2659.724,18481.12474
1665102000000,2022-10-07T00:20:00Z,6.95,6.95,6.93,6.93,3002.54,20810.12935
1665102300000,2022-10-07T00:25:00Z,6.93,6.96,6.93,6.96,1420.008,9863.13649
1665102600000,2022-10-07T00:30:00Z,6.96,6.97,6.95,6.95,4920.256,34270.16357
1665102900000,2022-10-07T00:35:00Z,6.95,6.97,6.94,6.96,2496.277,17361.19182
1665103200000,2022-10-07T00:40:00Z,6.96,6.98,6.96,6.97,2150.494,14985.82923
1665103500000,2022-10-07T00:45:00Z,6.97,6.98,6.96,6.96,935.614,6523.56847
1665103800000,2022-10-07T00:50:00Z,6.96,6.97,6.96,6.96,1132.014,7881.9445
1665104100000,2022-10-07T00:55:00Z,6.96,6.96,6.95,6.95,1099.341,7640.41995
1665104400000,2022-10-07T01:00:00Z,6.95,6.96,6.95,6.96,2787.431,19373.64023
1665104700000,2022-10-07T01:05:00Z,6.96,6.99,6.96,6.99,2618.859,18267.39684
1665105000000,2022-10-07T01:10:00Z,6.99,7.05,6.99,7.03,10557.213,74149.29791
1665105300000,2022-10-07T01:15:00Z,7.03,7.03,7.01,7.01,3164.121,22232.92105
1665105600000,2022-10-07T01:20:00Z,7.01,7.01,6.99,6.99,4433.612,31005.86192
1665105900000,2022-10-07T01:25:00Z,6.99,7,6.99,7,2990.104,20912.15041
1665106200000,2022-10-07T01:30:00Z,7,7,6.99,6.99,891.422,6237.844
1665106500000,2022-10-07T01:35:00Z,6.99,7.02,6.99,7,3527.755,24728.46253
1665106800000,2022-10-07T01:40:00Z,7,7,7,7,848.96,5942.72
1665107100000,2022-10-07T01:45:00Z,7,7,6.98,6.98,1912.908,13368.30921
1665107400000,2022-10-07T01:50:00Z,6.98,6.98,6.98,6.98,1350.788,9428.50024
1665107700000,2022-10-07T01:55:00Z,6.98,6.98,6.98,6.98,2220.521,15499.23658
1665108000000,2022-10-07T02:00:00Z,6.98,6.99,6.98,6.99,740.083,5168.61155
1665108300000,2022-10-07T02:05:00Z,6.99,6.99,6.99,6.99,386.758,2703.43842
1665108600000,2022-10-07T02:10:00Z,6.99,6.99,6.98,6.98,18.601,130.01887
1665108900000,2022-10-07T02:15:00Z,6.98,6.99,6.98,6.99,780.96,5456.84309
1665109200000,2022-10-07T02:20:00Z,6.99,7,6.99,7,3426.168,23956.58709
1665109500000,2022-10-07T02:25:00Z,7,7.02,7,7.02,1535.169,10757.95851
1665109800000,2022-10-07T02:30:00Z,7.02,7.03,7.02,7.03,2913.797,20483.99291
1665110100000,2022-10-07T02:35:00Z,7.03,7.03,7.01,7.03,2515.846,17661.55381
1665110400000,2022-10-07T02:40:00Z,7.03,7.05,7.03,7.05,717.853,5055.56372
1665110700000,2022-10-07T02:45:00Z,7.05,7.06,7.05,7.06,2464.271,17393.90933
1665111000000,2022-10-07T02:50:00Z,7.06,7.06,7.04,7.06,3476.551,24528.70924
1665111300000,2022-10-07T02:55:00Z,7.06,7.06,7.04,7.04,384.929,2714.84313
1665111600000,2022-10-07T03:00:00Z,7.04,7.04,7.03,7.03,2548.138,17917.40648
1665111900000,2022-10-07T03:05:00Z,7.03,7.06,7.03,7.05,1270.467,8947.16538
1665112200000,2022-10-07T03:10:00Z,7.05,7.06,7.05,7.06,678.084,4787.26915
1665112500000,2022-10-07T03:15:00Z,7.06,7.07,7.06,7.07,686.904,4856.41128
1665112800000,2022-10-07T03:20:00Z,7.07,7.08,7.04,7.04,2473.114,17477.90179
1665113100000,2022-10-07T03:25:00Z,7.04,7.06,7.04,7.06,2345.876,16558.34518
1665113400000,2022-10-07T03:30:00Z,7.06,7.06,7.05,7.05,3215.336,22670.2088
1665113700000,2022-10-07T03:35:00Z,7.05,7.05,7.03,7.03,1881.348,13246.33612
1665114000000,2022-10-07T03:40:00Z,7.03,7.04,7.03,7.03,1649.711,11611.15135
1665114300000,2022-10-07T03:45:00Z,7.03,7.03,7.02,7.03,571.239,4015.53306
1665114600000,2022-10-07T03:50:00Z,7.03,7.03,7,7.01,1591.704,11160.64775
1665114900000,2022-10-07T03:55:00Z,7.01,7.02,7.01,7.02,913.341,6411.08484
1665115200000,2022-10-07T04:00:00Z,7.02,7.02,7.01,7.01,2457.696,17243.34116
1665115500000,2022-10-07T04:05:00Z,7.01,7.01,6.98,7,3824.986,26746.0801
1665115800000,2022-10-07T04:10:00Z,7,7,7,7,632.582,4428.074
1665116100000,2022-10-07T04:15:00Z,7,7.01,7,7,925.833,6488.43997
1665116400000,2022-10-07T04:20:00Z,7,7,6.98,6.98,2561.48,17886.88962
1665116700000,2022-10-07T04:25:00Z,6.98,6.98,6.96,6.96,9068.564,63200.61005
1665117000000,2022-10-07T04:30:00Z,6.96,6.97,6.95,6.95,2685.275,18695.54286
1665117300000,2022-10-07T04:35:00Z,6.95,6.96,6.95,6.96,640.985,4458.28168
1665117600000,2022-10-07T04:40:00Z,6.96,6.96,6.93,6.94,2446.513,16981.14267
1665117900000,2022-10-07T04:45:00Z,6.94,6.95,6.93,6.95,2110.592,14650.76918
1665118200000,2022-10-07T04:50:00Z,6.95,6.95,6.94,6.94,106.377,738.26027
1665118500000,2022-10-07T04:55:00Z,6.94,6.94,6.93,6.93,1374.992,9535.69649
1665118800000,2022-10-07T05:00:00Z,6.93,6.94,6.92,6.93,2359.304,16348.11218
1665119100000,2022-10-07T05:05:00Z,6.93,6.96,6.93,6.96,1268.257,8819.30506
1665119400000,2022-10-07T05:10:00Z,6.96,6.97,6.95,6.95,1757.17,12226.79709
1665119700000,2022-10-07T05:15:00Z,6.95,6.96,6.95,6.95,1311.914,9126.08576
1665120000000,2022-10-07T05:20:00Z,6.95,6.95,6.95,6.95,874.379,6076.93405
1665120300000,2022-10-07T05:25:00Z,6.95,6.95,6.95,6.95,1127.602,7836.8339
1665120600000,2022-10-07T05:30:00Z,6.95,6.95,6.94,6.95,825.829,5739.50766
1665120900000,2022-10-07T05:35:00Z,6.95,6.95,6.95,6.95,1064.978,7401.5971
1665121200000,2022-10-07T05:40:00Z,6.95,6.96,6.95,6.95,1817.346,12630.55859
1665121500000,2022-10-07T05:45:00Z,6.95,6.96,6.95,6.96,742.903,5168.34559
1665121800000,2022-10-07T05:50:00Z,6.96,6.96,6.95,6.95,841.749,5850.15944
1665122100000,2022-10-07T05:55:00Z,6.95,6.96,6.95,6.96,521.272,3628.04923
1665122400000,2022-10-07T06:00:00Z,6.96,6.97,6.96,6.96,2391.763,16656.34657
1665122700000,2022-10-07T06:05:00Z,6.96,6.97,6.96,6.96,2348.526,16354.63253
1665123000000,2022-10-07T06:10:00Z,6.96,6.96,6.95,6.95,1140.578,7938.41899
1665123300000,2022-10-07T06:15:00Z,6.95,6.95,6.93,6.93,1371.076,9504.98051
1665123600000,2022-10-07T06:20:00Z,6.93,6.93,6.91,6.91,1925.608,13314.77378
1665123900000,2022-10-07T06:25:00Z,6.91,6.91,6.89,6.89,3193.604,22036.75371
1665124200000,2022-10-07T06:30:00Z,6.89,6.9,6.89,6.9,1523.505,10512.1845
1665124500000,2022-10-07T06:35:00Z,6.9,6.9,6.88,6.89,935.117,6434.62496
1665124800000,2022-10-07T06:40:00Z,6.89,6.89,6.88,6.88,221.015,1520.5832
1665125100000,2022-10-07T06:45:00Z,6.88,6.9,6.88,6.9,689.729,4750.03829
1665125400000,2022-10-07T06:50:00Z,6.9,6.91,6.9,6.91,1384.934,9556.22357
1665125700000,2022-10-07T06:55:00Z,6.91,6.92,6.9,6.9,3377.105,23322.22113
1665126000000,2022-10-07T07:00:00Z,6.9,6.9,6.9,6.9,1982.072,13676.2968
1665126300000,2022-10-07T07:05:00Z,6.9,6.92,6.9,6.92,429.236,2968.00534
1665126600000,2022-10-07T07:10:00Z,6.92,6.92,6.92,6.92,751.742,5202.05464
1665126900000,2022-10-07T07:15:00Z,6.92,6.93,6.91,6.93,1860.093,12872.27503
1665127200000,2022-10-07T07:20:00Z,6.93,6.93,6.92,6.92,585.653,4052.71876
1665127500000,2022-10-07T07:25:00Z,6.92,6.92,6.91,6.91,325.046,2247.48786
1665127800000,2022-10-07T07:30:00Z,6.91,6.91,6.9,6.91,1700.162,11738.17493
1665128100000,2022-10-07T07:35:00Z,6.91,6.92,6.91,6.92,618.899,4276.59598
1665128400000,2022-10-07T07:40:00Z,6.92,6.92,6.9,6.9,757.377,5233.46566
1665128700000,2022-10-07T07:45:00Z,6.9,6.91,6.9,6.91,130.2,899.682
1665129000000,2022-10-07T07:50:00Z,6.91,6.91,6.91,6.91,459.389,3174.37799
1665129300000,2022-10-07T07:55:00Z,6.91,6.91,6.91,6.91,181.747,1255.87177
1665129600000,2022-10-07T08:00:00Z,6.91,6.91,6.9,6.9,3385.755,23376.52257
1665129900000,2022-10-07T08:05:00Z,6.9,6.9,6.9,6.9,0.778,5.3682
1665130200000,2022-10-07T08:10:00Z,6.9,6.92,6.9,6.92,1743.349,12051.32217
1665130500000,2022-10-07T08:15:00Z,6.92,6.93,6.92,6.93,555.409,3844.44028
1665130800000,2022-10-07T08:20:00Z,6.93,6.94,6.93,6.94,1893.379,13140.05026
1665131100000,2022-10-07T08:25:00Z,6.94,6.94,6.93,6.93,1216.805,8439.40296
1665131400000,2022-10-07T08:30:00Z,6.93,6.93,6.93,6.93,1369.94,9493.6842
1665131700000,2022-10-07T08:35:00Z,6.93,6.93,6.93,6.93,1341.41,9295.9713
1665132000000,2022-10-07T08:40:00Z,6.93,6.93,6.93,6.93,95.389,661.04577
1665132300000,2022-10-07T08:45:00Z,6.93,6.93,6.92,6.92,2302.849,15942.95365
1665132600000,2022-10-07T08:50:00Z,6.92,6.92,6.91,6.91,313.766,2168.12306
1665132900000,2022-10-07T08:55:00Z,6.91,6.93,6.91,6.93,1739.466,12048.23176
1665133200000,2022-10-07T09:00:00Z,6.93,6.94,6.93,6.94,820.32,5688.49422
1665133500000,2022-10-07T09:05:00Z,6.94,6.94,6.94,6.94,668.701,4640.78494
1665133800000,2022-10-07T09:10:00Z,6.94,6.95,6.94,6.95,1963.08,13643.40211
1665134100000,2022-10-07T09:15:00Z,6.95,6.97,6.95,6.96,2050.446,14279.69102
1665134400000,2022-10-07T09:20:00Z,6.96,6.96,6.95,6.96,2651.34,18446.13862
1665134700000,2022-10-07T09:25:00Z,6.96,6.96,6.94,6.94,369.694,2570.0198
1665135000000,2022-10-07T09:30:00Z,6.94,6.94,6.93,6.94,2884.267,20008.23267
1665135300000,2022-10-07T09:35:00Z,6.94,6.94,6.93,6.93,2763.983,19169.1215
1665135600000,2022-10-07T09:40:00Z,6.93,6.94,6.93,6.93,0.605,4.19654
1665135900000,2022-10-07T09:45:00Z,6.93,6.94,6.93,6.93,235.385,1631.22194
1665136200000,2022-10-07T09:50:00Z,6.93,6.94,6.93,6.94,821.579,5701.75826
1665136500000,2022-10-07T09:55:00Z,6.94,6.94,6.92,6.92,695.466,4814.20154
1665136800000,2022-10-07T10:00:00Z,6.92,6.92,6.92,6.92,1827.302,12644.92984
1665137100000,2022-10-07T10:05:00Z,6.92,6.92,6.91,6.91,1040.771,7191.72761
1665137400000,2022-10-07T10:10:00Z,6.91,6.91,6.9,6.9,874.093,6035.36397
1665137700000,2022-10-07T10:15:00Z,6.9,6.9,6.87,6.87,2467.351,16985.30852
1665138000000,2022-10-07T10:20:00Z,6.87,6.9,6.87,6.9,1083.302,7470.21999
1665138300000,2022-10-07T10:25:00Z,6.9,6.9,6.89,6.89,825.075,5684.77064
1665138600000,2022-10-07T10:30:00Z,6.89,6.89,6.89,6.89,402.789,2775.21621
1665138900000,2022-10-07T10:35:00Z,6.89,6.9,6.89,6.89,637.25,4395.55811
1665139200000,2022-10-07T10:40:00Z,6.89,6.9,6.89,6.89,2031.54,14010.37621
1665139500000,2022-10-07T10:45:00Z,6.89,6.89,6.89,6.89,606.548,4179.11572
1665139800000,2022-10-07T10:50:00Z,6.89,6.89,6.88,6.89,742.75,5117.54361
1665140100000,2022-10-07T10:55:00Z,6.89,6.9,6.89,6.9,1571.84,10836.83389
1665140400000,2022-10-07T11:00:00Z,6.9,6.91,6.9,6.91,2261.604,15621.92959
1665140700000,2022-10-07T11:05:00Z,6.91,6.91,6.9,6.9,2617.643,18074.28654
1665141000000,2022-10-07T11:10:00Z,6.9,6.91,6.9,6.91,0.611,4.21812
1665141300000,2022-10-07T11:15:00Z,6.91,6.91,6.9,6.9,805.457,5557.6533
1665141600000,2022-10-07T11:20:00Z,6.9,6.9,6.9,6.9,325.481,2245.8189
1665141900000,2022-10-07T11:25:00Z,6.9,6.91,6.9,6.91,0.778,5.37598
1665142200000,2022-10-07T11:30:00Z,6.91,6.91,6.9,6.9,502.159,3464.92824
1665142500000,2022-10-07T11:35:00Z,6.9,6.91,6.9,6.9,37.624,259.68184
1665142800000,2022-10-07T11:40:00Z,6.9,6.9,6.9,6.9,947.208,6535.7352
1665143100000,2022-10-07T11:45:00Z,6.9,6.9,6.9,6.9,1325.735,9147.5715
1665143400000,2022-10-07T11:50:00Z,6.9,6.91,6.9,6.91,1227.028,8478.76348
1665143700000,2022-10-07T11:55:00Z,6.91,6.92,6.91,6.91,0.778,5.37987
1665144000000,2022-10-07T12:00:00Z,6.91,6.94,6.91,6.94,3615.905,25036.63805
1665144300000,2022-10-07T12:05:00Z,6.94,6.95,6.94,6.94,2951.618,20492.3795
1665144600000,2022-10-07T12:10:00Z,6.94,6.94,6.94,6.94,490.838,3406.41572
1665144900000,2022-10-07T12:15:00Z,6.94,6.95,6.94,6.95,2132.147,14818.42165
1665145200000,2022-10-07T12:20:00Z,6.95,6.96,6.95,6.96,127.287,884.64752
1665145500000,2022-10-07T12:25:00Z,6.96,6.97,6.91,6.95,10070.529,69897.85476
1665145800000,2022-10-07T12:30:00Z,6.95,6.96,6.88,6.89,23363.1,161308.71111
1665146100000,2022-10-07T12:35:00Z,6.89,6.9,6.86,6.87,11198.145,77087.88089
1665146400000,2022-10-07T12:40:00Z,6.87,6.88,6.87,6.87,3082.166,21182.17643
1665146700000,2022-10-07T12:45:00Z,6.87,6.87,6.81,6.84,13570.85,92840.41388
1665147000000,2022-10-07T12:50:00Z,6.84,6.84,6.83,6.83,6677.519,45657.75888
1665147300000,2022-10-07T12:55:00Z,6.83,6.92,6.83,6.91,9850.293,67666.87152
1665147600000,2022-10-07T13:00:00Z,6.91,6.91,6.88,6.89,2877.805,19837.84351
1665147900000,2022-10-07T13:05:00Z,6.89,6.95,6.89,6.95,3923.838,27136.41387
1665148200000,2022-10-07T13:10:00Z,6.95,6.96,6.94,6.95,6157.39,42780.01832
1665148500000,2022-10-07T13:15:00Z,6.95,6.95,6.91,6.93,2619.887,18131.49298
1665148800000,2022-10-07T13:20:00Z,6.93,6.93,6.92,6.93,659.498,4566.32992
1665149100000,2022-10-07T13:25:00Z,6.93,6.93,6.92,6.92,2757.155,19099.35463
1665149400000,2022-10-07T13:30:00Z,6.92,6.93,6.9,6.92,8403.553,58122.49796
1665149700000,2022-10-07T13:35:00Z,6.92,6.92,6.91,6.92,1696.712,11726.30906
1665150000000,2022-10-07T13:40:00Z,6.92,6.94,6.91,6.91,4408.607,30583.50421
1665150300000,2022-10-07T13:45:00Z,6.91,6.92,6.91,6.91,2628.104,18177.11921
1665150600000,2022-10-07T13:50:00Z,6.91,6.92,6.9,6.92,1747.059,12076.87744
1665150900000,2022-10-07T13:55:00Z,6.92,6.92,6.9,6.9,1996.165,13797.62481
1665151200000,2022-10-07T14:00:00Z,6.9,6.91,6.9,6.9,1337.51,9237.1264
1665151500000,2022-10-07T14:05:00Z,6.9,6.94,6.9,6.94,3573.158,24762.2945
1665151800000,2022-10-07T14:10:00Z,6.94,6.95,6.94,6.95,2217.388,15393.88095
1665152100000,2022-10-07T14:15:00Z,6.95,6.98,6.94,6.98,4893.969,34040.46366
1665152400000,2022-10-07T14:20:00Z,6.98,6.99,6.97,6.98,2003.85,13986.73529
1665152700000,2022-10-07T14:25:00Z,6.98,6.99,6.97,6.98,2023.335,14122.95836
1665153000000,2022-10-07T14:30:00Z,6.98,6.98,6.97,6.97,1851.861,12921.55954
1665153300000,2022-10-07T14:35:00Z,6.97,6.97,6.97,6.97,1431.328,9976.35616
1665153600000,2022-10-07T14:40:00Z,6.97,7,6.97,7,3105.596,21710.2295
1665153900000,2022-10-07T14:45:00Z,7,7.02,7,7.01,3112.751,21837.58788
1665154200000,2022-10-07T14:50:00Z,7.01,7.02,6.99,7,1842.137,12899.02711
1665154500000,2022-10-07T14:55:00Z,7,7,6.99,6.99,2147.144,15012.09021
1665154800000,2022-10-07T15:00:00Z,6.99,7,6.99,7,1097.733,7681.43828
1665155100000,2022-10-07T15:05:00Z,7,7,6.98,7,1838.187,12858.23289
1665155400000,2022-10-07T15:10:00Z,7,7.02,7,7,2460.81,17248.51071
1665155700000,2022-10-07T15:15:00Z,7,7,6.99,6.99,785.236,5495.35526
1665156000000,2022-10-07T15:20:00Z,6.99,6.99,6.96,6.97,1855.104,12932.73247
1665156300000,2022-10-07T15:25:00Z,6.97,6.97,6.95,6.95,1709.924,11890.68196
1665156600000,2022-10-07T15:30:00Z,6.95,6.97,6.95,6.97,612.652,4262.84579
1665156900000,2022-10-07T15:35:00Z,6.97,6.97,6.96,6.96,372.92,2598.0124
1665157200000,2022-10-07T15:40:00Z,6.96,6.96,6.93,6.93,1608.72,11161.25022
1665157500000,2022-10-07T15:45:00Z,6.93,6.93,6.9,6.91,3308.364,22868.28701
1665157800000,2022-10-07T15:50:00Z,6.91,6.91,6.91,6.91,984.62,6803.7242
1665158100000,2022-10-07T15:55:00Z,6.91,6.92,6.9,6.91,988.051,6827.42639
1665158400000,2022-10-07T16:00:00Z,6.91,6.91,6.89,6.9,2531.64,17455.52452
1665158700000,2022-10-07T16:05:00Z,6.9,6.92,6.9,6.92,576.363,3982.90965
1665159000000,2022-10-07T16:10:00Z,6.92,6.93,6.92,6.92,1767.199,12237.37469
1665159300000,2022-10-07T16:15:00Z,6.92,6.93,6.91,6.91,2443.805,16910.0106
1665159600000,2022-10-07T16:20:00Z,6.91,6.91,6.85,6.86,3227.825,22164.02834
1665159900000,2022-10-07T16:25:00Z,6.86,6.87,6.85,6.85,3283.049,22532.35817
1665160200000,2022-10-07T16:30:00Z,6.85,6.85,6.77,6.83,19688.677,134191.02374
1665160500000,2022-10-07T16:35:00Z,6.83,6.86,6.83,6.86,4156.14,28457.1936
1665160800000,2022-10-07T16:40:00Z,6.86,6.86,6.84,6.85,980.802,6717.99833
1665161100000,2022-10-07T16:45:00Z,6.85,6.85,6.84,6.84,1157.913,7921.33492
1665161400000,2022-10-07T16:50:00Z,6.84,6.84,6.83,6.83,1098.684,7513.95204
1665161700000,2022-10-07T16:55:00Z,6.83,6.83,6.82,6.82,910.498,6213.52538
1665162000000,2022-10-07T17:00:00Z,6.82,6.82,6.76,6.77,8998.748,61009.4566
1665162300000,2022-10-07T17:05:00Z,6.77,6.78,6.76,6.78,4675.916,31663.20395
1665162600000,2022-10-07T17:10:00Z,6.78,6.81,6.78,6.81,2383.293,16179.45312
1665162900000,2022-10-07T17:15:00Z,6.81,6.81,6.78,6.79,1884.248,12798.87643
1665163200000,2022-10-07T17:20:00Z,6.79,6.8,6.78,6.8,3390.351,23036.1323
1665163500000,2022-10-07T17:25:00Z,6.8,6.8,6.8,6.8,1072.867,7295.4956
1665163800000,2022-10-07T17:30:00Z,6.8,6.8,6.76,6.76,4737.783,32112.10966
1665164100000,2022-10-07T17:35:00Z,6.76,6.77,6.76,6.77,170.302,1152.94454
1665164400000,2022-10-07T17:40:00Z,6.77,6.77,6.77,6.77,644.557,4363.65089
1665164700000,2022-10-07T17:45:00Z,6.77,6.77,6.76,6.76,1251.012,8469.32727
1665165000000,2022-10-07T17:50:00Z,6.76,6.77,6.76,6.76,685.838,4637.56361
1665165300000,2022-10-07T17:55:00Z,6.76,6.76,6.76,6.76,925.621,6257.19796
1665165600000,2022-10-07T18:00:00Z,6.76,6.76,6.76,6.76,2686.337,18159.63812
1665165900000,2022-10-07T18:05:00Z,6.76,6.77,6.76,6.76,552.113,3732.28777
1665166200000,2022-10-07T18:10:00Z,6.76,6.76,6.76,6.76,2489.287,16827.58012
1665166500000,2022-10-07T18:15:00Z,6.76,6.78,6.76,6.78,363.562,2461.31863
1665166800000,2022-10-07T18:20:00Z,6.78,6.78,6.76,6.76,1735.685,11737.55835
1665167100000,2022-10-07T18:25:00Z,6.76,6.76,6.73,6.73,4832.573,32550.42906
1665167400000,2022-10-07T18:30:00Z,6.73,6.73,6.71,6.73,3515.413,23624.02737
1665167700000,2022-10-07T18:35:00Z,6.73,6.75,6.73,6.74,655.212,4416.5666
1665168000000,2022-10-07T18:40:00Z,6.74,6.74,6.73,6.73,1136.827,7655.63465
1665168300000,2022-10-07T18:45:00Z,6.73,6.73,6.71,6.71,1601.866,10751.20696
1665168600000,2022-10-07T18:50:00Z,6.71,6.71,6.71,6.71,1027.908,6897.26268
1665168900000,2022-10-07T18:55:00Z,6.71,6.72,6.71,6.72,1233.483,8288.73576
1665169200000,2022-10-07T19:00:00Z,6.72,6.72,6.69,6.7,4315.421,28930.76122
1665169500000,2022-10-07T19:05:00Z,6.7,6.72,6.7,6.71,1956.563,13137.73899
1665169800000,2022-10-07T19:10:00Z,6.71,6.72,6.71,6.72,5.325,35.76795
1665170100000,2022-10-07T19:15:00Z,6.72,6.72,6.71,6.71,1822.147,12226.60637
1665170400000,2022-10-07T19:20:00Z,6.71,6.71,6.69,6.7,2764.735,18499.337
1665170700000,2022-10-07T19:25:00Z,6.7,6.71,6.7,6.71,236.842,1587.06484
1665171000000,2022-10-07T19:30:00Z,6.71,6.71,6.69,6.69,2714.669,18173.97503
1665171300000,2022-10-07T19:35:00Z,6.69,6.72,6.69,6.72,2180.811,14613.84334
1665171600000,2022-10-07T19:40:00Z,6.72,6.72,6.71,6.72,1416.365,9517.19643
1665171900000,2022-10-07T19:45:00Z,6.72,6.72,6.71,6.72,2725.942,18317.28811
1665172200000,2022-10-07T19:50:00Z,6.72,6.73,6.72,6.73,2467.276,16595.50646
1665172500000,2022-10-07T19:55:00Z,6.73,6.74,6.73,6.74,1056.3,7119.462
1665172800000,2022-10-07T20:00:00Z,6.74,6.74,6.71,6.72,3073.234,20664.92437
1665173100000,2022-10-07T20:05:00Z,6.72,6.72,6.7,6.7,1044.369,7017.85938
1665173400000,2022-10-07T20:10:00Z,6.7,6.7,6.7,6.7,1341.89,8990.663
1665173700000,2022-10-07T20:15:00Z,6.7,6.71,6.7,6.71,1276.119,8556.12865
1665174000000,2022-10-07T20:20:00Z,6.71,6.71,6.7,6.71,489.422,3284.01773
1665174300000,2022-10-07T20:25:00Z,6.71,6.73,6.71,6.73,3150.897,21190.81702
1665174600000,2022-10-07T20:30:00Z,6.73,6.75,6.73,6.75,1537.576,10359.37381
1665174900000,2022-10-07T20:35:00Z,6.75,6.76,6.75,6.76,3027.089,20437.97311
1665175200000,2022-10-07T20:40:00Z,6.76,6.76,6.76,6.76,715.335,4835.6646
1665175500000,2022-10-07T20:45:00Z,6.76,6.77,6.76,6.77,1788.153,12099.97661
1665175800000,2022-10-07T20:50:00Z,6.77,6.78,6.76,6.77,1926.982,13058.93445
1665176100000,2022-10-07T20:55:00Z,6.77,6.77,6.77,6.77,559.35,3786.7995
1665176400000,2022-10-07T21:00:00Z,6.77,6.77,6.75,6.75,1126.34,7603.57469
1665176700000,2022-10-07T21:05:00Z,6.75,6.75,6.74,6.75,2337.006,15770.04051
1665177000000,2022-10-07T21:10:00Z,6.75,6.76,6.75,6.76,518.642,3501.84235
1665177300000,2022-10-07T21:15:00Z,6.76,6.76,6.76,6.76,218.874,1479.58824
1665177600000,2022-10-07T21:20:00Z,6.76,6.76,6.76,6.76,83.001,561.08676
1665177900000,2022-10-07T21:25:00Z,6.76,6.78,6.76,6.76,2402.209,16250.23952
1665178200000,2022-10-07T21:30:00Z,6.76,6.77,6.76,6.77,1243.513,8406.50197
1665178500000,2022-10-07T21:35:00Z,6.77,6.78,6.77,6.77,441.97,2992.52057
1665178800000,2022-10-07T21:40:00Z,6.77,6.77,6.77,6.77,968.897,6559.43269
1665179100000,2022-10-07T21:45:00Z,6.77,6.78,6.77,6.78,827.106,5601.06972
1665179400000,2022-10-07T21:50:00Z,6.78,6.79,6.77,6.77,709.203,4806.84102
1665179700000,2022-10-07T21:55:00Z,6.77,6.78,6.77,6.78,0.389,2.63742
1665180000000,2022-10-07T22:00:00Z,6.78,6.78,6.76,6.76,863.305,5840.0482
1665180300000,2022-10-07T22:05:00Z,6.76,6.77,6.76,6.77,769.959,5206.06594
1665180600000,2022-10-07T22:10:00Z,6.77,6.78,6.77,6.78,1154.339,7826.41842
1665180900000,2022-10-07T22:15:00Z,6.78,6.79,6.78,6.79,372.162,2526.97609
1665181200000,2022-10-07T22:20:00Z,6.79,6.79,6.78,6.78,33,223.74
1665181500000,2022-10-07T22:25:00Z,6.78,6.78,6.77,6.77,0.778,5.27095
1665181800000,2022-10-07T22:30:00Z,6.77,6.77,6.75,6.75,808.567,5466.70616
1665182100000,2022-10-07T22:35:00Z,6.75,6.76,6.75,6.76,634.958,4291.22943
1665182400000,2022-10-07T22:40:00Z,6.76,6.76,6.76,6.76,0.389,2.62964
1665182700000,2022-10-07T22:45:00Z,6.76,6.77,6.76,6.76,154.474,1044.25202
1665183000000,2022-10-07T22:50:00Z,6.76,6.77,6.76,6.77,305.211,2066.27847
1665183300000,2022-10-07T22:55:00Z,6.77,6.77,6.77,6.77,41.816,283.09432
1665183600000,2022-10-07T23:00:00Z,6.77,6.77,6.77,6.77,3.389,22.94353
1665183900000,2022-10-07T23:05:00Z,6.77,6.77,6.76,6.76,121.455,821.03969
1665184200000,2022-10-07T23:10:00Z,6.76,6.77,6.76,6.77,0.778,5.26706
1665184500000,2022-10-07T23:15:00Z,6.77,6.8,6.77,6.79,3226.636,21907.69689
1665184800000,2022-10-07T23:20:00Z,6.79,6.81,6.79,6.81,940.718,6396.04809
1665185100000,2022-10-07T23:25:00Z,6.81,6.81,6.79,6.8,1209.631,8229.96477
1665185400000,2022-10-07T23:30:00Z,6.8,6.8,6.78,6.78,591.285,4015.12972
1665185700000,2022-10-07T23:35:00Z,6.78,6.78,6.77,6.78,278.221,1883.89617
1665186000000,2022-10-07T23:40:00Z,6.78,6.78,6.78,6.78,509.718,3455.88804
1665186300000,2022-10-07T23:45:00Z,6.78,6.79,6.78,6.78,1089.351,7385.80367
1665186600000,2022-10-07T23:50:00Z,6.78,6.79,6.78,6.79,415.239,2817.68512
1665186900000,2022-10-07T23:55:00Z,6.79,6.8,6.79,6.79,657.204,4467.9272
1665187200000,2022-10-08T00:00:00Z,6.79,6.79,6.77,6.77,2281.716,15456.80812
1665187500000,2022-10-08T00:05:00Z,6.77,6.79,6.77,6.79,525.777,3568.87583
1665187800000,2022-10-08T00:10:00Z,6.79,6.79,6.78,6.79,738.36,5011.2008
1665188100000,2022-10-08T00:15:00Z,6.79,6.8,6.79,6.8,0.389,2.6452
1665188400000,2022-10-08T00:20:00Z,6.8,6.82,6.8,6.82,2483.601,16914.53082
1665188700000,2022-10-08T00:25:00Z,6.82,6.82,6.81,6.81,1157.347,7881.53307
1665189000000,2022-10-08T00:30:00Z,6.81,6.81,6.8,6.81,1453.746,9892.60642
1665189300000,2022-10-08T00:35:00Z,6.81,6.82,6.81,6.82,823.994,5619.63908
1665189600000,2022-10-08T00:40:00Z,6.82,6.82,6.81,6.81,1045.156,7127.73392
1665189900000,2022-10-08T00:45:00Z,6.81,6.81,6.81,6.81,214.2,1458.702
1665190200000,2022-10-08T00:50:00Z,6.81,6.83,6.81,6.83,1813.908,12388.99164
1665190500000,2022-10-08T00:55:00Z,6.83,6.83,6.82,6.83,285.166,1947.67989
1665190800000,2022-10-08T01:00:00Z,6.83,6.84,6.83,6.83,726.848,4970.49032
1665191100000,2022-10-08T01:05:00Z,6.83,6.83,6.81,6.81,1228.891,8381.11872
1665191400000,2022-10-08T01:10:00Z,6.81,6.82,6.81,6.81,1579.441,10765.50547
1665191700000,2022-10-08T01:15:00Z,6.81,6.82,6.81,6.82,1423.257,9706.61274
1665192000000,2022-10-08T01:20:00Z,6.82,6.83,6.82,6.83,643.776,4392.36405
1665192300000,2022-10-08T01:25:00Z,6.83,6.84,6.83,6.83,390.281,2665.77315
1665192600000,2022-10-08T01:30:00Z,6.83,6.83,6.82,6.82,561.633,3833.99339
1665192900000,2022-10-08T01:35:00Z,6.82,6.82,6.82,6.82,849.711,5795.02902
1665193200000,2022-10-08T01:40:00Z,6.82,6.82,6.82,6.82,274.172,1869.85304
1665193500000,2022-10-08T01:45:00Z,6.82,6.83,6.82,6.83,911.445,6216.15738
1665193800000,2022-10-08T01:50:00Z,6.83,6.83,6.82,6.83,0.778,5.30985
1665194100000,2022-10-08T01:55:00Z,6.83,6.83,6.81,6.81,715.056,4874.89409
1665194400000,2022-10-08T02:00:00Z,6.81,6.81,6.8,6.8,123.287,839.5816
1665194700000,2022-10-08T02:05:00Z,6.8,6.81,6.8,6.81,974.917,6639.18477
1665195000000,2022-10-08T02:10:00Z,6.81,6.82,6.81,6.82,0.778,5.30596
1665195300000,2022-10-08T02:15:00Z,6.82,6.82,6.81,6.81,301.707,2054.62467
1665195600000,2022-10-08T02:20:00Z,6.81,6.81,6.81,6.81,1096.49,7467.0969
1665195900000,2022-10-08T02:25:00Z,6.81,6.81,6.81,6.81,0.778,5.29818
1665196200000,2022-10-08T02:30:00Z,6.81,6.81,6.8,6.81,1587.326,10793.82069
1665196500000,2022-10-08T02:35:00Z,6.81,6.81,6.78,6.78,799.378,5430.96535
1665196800000,2022-10-08T02:40:00Z,6.78,6.8,6.78,6.8,2225.089,15102.98836
1665197100000,2022-10-08T02:45:00Z,6.8,6.8,6.78,6.78,259.42,1759.18951
1665197400000,2022-10-08T02:50:00Z,6.78,6.78,6.76,6.76,61.392,415.62384
1665197700000,2022-10-08T02:55:00Z,6.76,6.76,6.76,6.76,827.934,5596.83384
1665198000000,2022-10-08T03:00:00Z,6.76,6.76,6.75,6.75,226.806,1532.94973
1665198300000,2022-10-08T03:05:00Z,6.75,6.75,6.74,6.75,2419.031,16325.7621
1665198600000,2022-10-08T03:10:00Z,6.75,6.77,6.73,6.76,6434.756,43379.11742
1665198900000,2022-10-08T03:15:00Z,6.76,6.77,6.76,6.77,395.55,2677.8735
1665199200000,2022-10-08T03:20:00Z,6.77,6.77,6.75,6.75,3268.766,22073.98128
1665199500000,2022-10-08T03:25:00Z,6.75,6.76,6.75,6.76,0.389,2.62964
1665199800000,2022-10-08T03:30:00Z,6.76,6.76,6.76,6.76,300.578,2031.90728
1665200100000,2022-10-08T03:35:00Z,6.76,6.77,6.76,6.77,862.801,5841.16277
1665200400000,2022-10-08T03:40:00Z,6.77,6.77,6.76,6.76,182.708,1236.91803
1665200700000,2022-10-08T03:45:00Z,6.76,6.77,6.76,6.77,179.426,1214.71402
1665201000000,2022-10-08T03:50:00Z,6.77,6.77,6.77,6.77,311.752,2110.56104
1665201300000,2022-10-08T03:55:00Z,6.77,6.78,6.77,6.77,1084.139,7348.56806
1665201600000,2022-10-08T04:00:00Z,6.77,6.77,6.77,6.77,633.328,4287.63056
1665201900000,2022-10-08T04:05:00Z,6.77,6.78,6.77,6.77,0.778,5.27095
1665202200000,2022-10-08T04:10:00Z,6.77,6.77,6.77,6.77,0.389,2.63353
1665202500000,2022-10-08T04:15:00Z,6.77,6.77,6.77,6.77,938.504,6353.67208
1665202800000,2022-10-08T04:20:00Z,6.77,6.77,6.76,6.76,476.465,3222.43374
1665203100000,2022-10-08T04:25:00Z,6.76,6.76,6.75,6.75,100.43,678.8025
1665203400000,2022-10-08T04:30:00Z,6.75,6.76,6.74,6.74,1358.877,9160.57204
1665203700000,2022-10-08T04:35:00Z,6.74,6.74,6.73,6.74,1323.492,8912.66445
1665204000000,2022-10-08T04:40:00Z,6.74,6.74,6.73,6.73,655.65,4412.5245
1665204300000,2022-10-08T04:45:00Z,6.73,6.74,6.73,6.74,227.778,1535.21983
1665204600000,2022-10-08T04:50:00Z,6.74,6.74,6.73,6.73,887.296,5973.06461
1665204900000,2022-10-08T04:55:00Z,6.73,6.74,6.73,6.73,427.647,2878.0682
1665205200000,2022-10-08T05:00:00Z,6.73,6.73,6.71,6.71,1686.949,11327.84697
1665205500000,2022-10-08T05:05:00Z,6.71,6.72,6.71,6.72,145.143,975.35707
1665205800000,2022-10-08T05:10:00Z,6.72,6.72,6.72,6.72,662.677,4453.18944
1665206100000,2022-10-08T05:15:00Z,6.72,6.73,6.72,6.73,25.389,170.61797
1665206400000,2022-10-08T05:20:00Z,6.73,6.73,6.72,6.72,1150.12,7730.79251
1665206700000,2022-10-08T05:25:00Z,6.72,6.72,6.72,6.72,1709.094,11485.11168
1665207000000,2022-10-08T05:30:00Z,6.72,6.72,6.71,6.72,372.92,2502.4262
1665207300000,2022-10-08T05:35:00Z,6.72,6.72,6.72,6.72,112,752.64
1665207600000,2022-10-08T05:40:00Z,6.72,6.73,6.72,6.73,544.267,3662.91691
1665207900000,2022-10-08T05:45:00Z,6.73,6.74,6.73,6.73,260.415,1753.21321
1665208200000,2022-10-08T05:50:00Z,6.73,6.73,6.73,6.73,545.506,3671.25538
1665208500000,2022-10-08T05:55:00Z,6.73,6.73,6.72,6.73,326.389,2196.59408
1665208800000,2022-10-08T06:00:00Z,6.73,6.73,6.72,6.72,1309.225,8803.646
1665209100000,2022-10-08T06:05:00Z,6.72,6.72,6.71,6.72,129.923,873.07867
1665209400000,2022-10-08T06:10:00Z,6.72,6.72,6.72,6.72,1436.941,9656.24352
1665209700000,2022-10-08T06:15:00Z,6.72,6.73,6.72,6.72,1104.595,7422.89325
1665210000000,2022-10-08T06:20:00Z,6.72,6.72,6.72,6.72,0.389,2.61408
1665210300000,2022-10-08T06:25:00Z,6.72,6.73,6.72,6.73,256.006,1721.37031
1665210600000,2022-10-08T06:30:00Z,6.73,6.73,6.72,6.72,12.606,84.83224
1665210900000,2022-10-08T06:35:00Z,6.72,6.72,6.72,6.72,117.611,790.34592
1665211200000,2022-10-08T06:40:00Z,6.72,6.72,6.72,6.72,0.778,5.22816
1665211500000,2022-10-08T06:45:00Z,6.72,6.72,6.71,6.71,847.698,5688.05358
1665211800000,2022-10-08T06:50:00Z,6.71,6.71,6.7,6.71,852.559,5712.77804
1665212100000,2022-10-08T06:55:00Z,6.71,6.74,6.71,6.74,1321.264,8889.76936
1665212400000,2022-10-08T07:00:00Z,6.74,6.75,6.73,6.75,3143.659,21206.32139
1665212700000,2022-10-08T07:05:00Z,6.75,6.75,6.74,6.74,1916.278,12934.87261
1665213000000,2022-10-08T07:10:00Z,6.74,6.74,6.73,6.73,408.107,2749.05266
1665213300000,2022-10-08T07:15:00Z,6.73,6.74,6.73,6.74,2058.404,13868.563
1665213600000,2022-10-08T07:20:00Z,6.74,6.76,6.74,6.76,586.671,3960.15487
1665213900000,2022-10-08T07:25:00Z,6.76,6.76,6.75,6.76,1375.718,9299.84979
1665214200000,2022-10-08T07:30:00Z,6.76,6.77,6.75,6.75,1850.366,12497.98087
1665214500000,2022-10-08T07:35:00Z,6.75,6.75,6.75,6.75,177.699,1199.46825
1665214800000,2022-10-08T07:40:00Z,6.75,6.76,6.75,6.76,948.001,6401.09751
1665215100000,2022-10-08T07:45:00Z,6.76,6.76,6.74,6.74,1135.256,7658.00407
1665215400000,2022-10-08T07:50:00Z,6.74,6.74,6.73,6.73,1149.83,7739.6559
1665215700000,2022-10-08T07:55:00Z,6.73,6.74,6.73,6.74,1418.598,9555.85211
1665216000000,2022-10-08T08:00:00Z,6.74,6.74,6.73,6.74,1222.233,8235.6206
1665216300000,2022-10-08T08:05:00Z,6.74,6.74,6.74,6.74,0.389,2.62186
1665216600000,2022-10-08T08:10:00Z,6.74,6.74,6.74,6.74,254.042,1712.24308
1665216900000,2022-10-08T08:15:00Z,6.74,6.74,6.73,6.73,184.205,1241.53781
1665217200000,2022-10-08T08:20:00Z,6.73,6.73,6.7,6.71,1870.39,12559.06041
1665217500000,2022-10-08T08:25:00Z,6.71,6.71,6.7,6.7,494.799,3316.9933
1665217800000,2022-10-08T08:30:00Z,6.7,6.7,6.69,6.69,791.139,5292.7238
1665218100000,2022-10-08T08:35:00Z,6.69,6.71,6.69,6.71,971.681,6514.60074
1665218400000,2022-10-08T08:40:00Z,6.71,6.71,6.7,6.7,563.215,3779.16876
1665218700000,2022-10-08T08:45:00Z,6.7,6.71,6.7,6.71,755.221,5067.53291
1665219000000,2022-10-08T08:50:00Z,6.71,6.71,6.69,6.7,1352.551,9057.19696
1665219300000,2022-10-08T08:55:00Z,6.7,6.7,6.69,6.69,1286.197,8611.25009
1665219600000,2022-10-08T09:00:00Z,6.69,6.7,6.69,6.7,1126.56,7545.70918
1665219900000,2022-10-08T09:05:00Z,6.7,6.71,6.7,6.71,774.375,5196.05625
1665220200000,2022-10-08T09:10:00Z,6.71,6.72,6.71,6.71,542.494,3640.31807
1665220500000,2022-10-08T09:15:00Z,6.71,6.72,6.71,6.72,1765.329,11858.79325
1665220800000,2022-10-08T09:20:00Z,6.72,6.72,6.71,6.71,505.185,3389.79524
1665221100000,2022-10-08T09:25:00Z,6.71,6.71,6.7,6.71,859.265,5765.66426
1665221400000,2022-10-08T09:30:00Z,6.71,6.71,6.7,6.71,1025.064,6869.24547
1665221700000,2022-10-08T09:35:00Z,6.71,6.71,6.71,6.71,571.166,3832.52386
1665222000000,2022-10-08T09:40:00Z,6.71,6.71,6.7,6.7,10.795,72.33039
1665222300000,2022-10-08T09:45:00Z,6.7,6.71,6.7,6.71,732.553,4915.43063
1665222600000,2022-10-08T09:50:00Z,6.71,6.71,6.66,6.67,5923.019,39512.27555
1665222900000,2022-10-08T09:55:00Z,6.67,6.67,6.67,6.67,4239.64,28278.3988
1665223200000,2022-10-08T10:00:00Z,6.67,6.67,6.67,6.67,960.196,6404.50732
1665223500000,2022-10-08T10:05:00Z,6.67,6.68,6.67,6.68,980.301,6542.31967
1665223800000,2022-10-08T10:10:00Z,6.68,6.7,6.68,6.7,162.695,1088.43344
1665224100000,2022-10-08T10:15:00Z,6.7,6.7,6.69,6.69,776.75,5204.22111
1665224400000,2022-10-08T10:20:00Z,6.69,6.69,6.68,6.68,464.359,3105.66171
1665224700000,2022-10-08T10:25:00Z,6.68,6.68,6.67,6.67,31.509,210.16892
1665225000000,2022-10-08T10:30:00Z,6.67,6.67,6.63,6.66,4875.862,32416.72519
1665225300000,2022-10-08T10:35:00Z,6.66,6.67,6.66,6.67,1116.077,7441.28558
1665225600000,2022-10-08T10:40:00Z,6.67,6.67,6.66,6.67,538.773,3593.61202
1665225900000,2022-10-08T10:45:00Z,6.67,6.68,6.67,6.68,316.624,2115.04832
1665226200000,2022-10-08T10:50:00Z,6.68,6.68,6.67,6.67,250.389,1670.09852
1665226500000,2022-10-08T10:55:00Z,6.67,6.67,6.66,6.66,559.132,3723.81912
1665226800000,2022-10-08T11:00:00Z,6.66,6.66,6.65,6.65,529.48,3524.27498
1665227100000,2022-10-08T11:05:00Z,6.65,6.65,6.64,6.64,874.771,5808.47944
1665227400000,2022-10-08T11:10:00Z,6.64,6.65,6.64,6.65,323.379,2150.46646
1665227700000,2022-10-08T11:15:00Z,6.65,6.68,6.65,6.68,5297.189,35323.27207
1665228000000,2022-10-08T11:20:00Z,6.68,6.68,6.67,6.67,953.167,6357.62389
1665228300000,2022-10-08T11:25:00Z,6.67,6.67,6.67,6.67,212.3,1416.041
1665228600000,2022-10-08T11:30:00Z,6.67,6.69,6.67,6.69,2934.634,19617.55541
1665228900000,2022-10-08T11:35:00Z,6.69,6.69,6.68,6.69,419.842,2808.73909
1665229200000,2022-10-08T11:40:00Z,6.69,6.69,6.68,6.68,1500.028,10020.18704
1665229500000,2022-10-08T11:45:00Z,6.68,6.68,6.66,6.66,1311.089,8733.23596
1665229800000,2022-10-08T11:50:00Z,6.66,6.66,6.65,6.66,0.778,5.17759
1665230100000,2022-10-08T11:55:00Z,6.66,6.66,6.64,6.66,908.522,6046.10825
1665230400000,2022-10-08T12:00:00Z,6.66,6.66,6.64,6.64,1077.934,7167.44305
1665230700000,2022-10-08T12:05:00Z,6.64,6.65,6.64,6.64,845.622,5620.4463
1665231000000,2022-10-08T12:10:00Z,6.64,6.64,6.61,6.61,2190.89,14499.25585
1665231300000,2022-10-08T12:15:00Z,6.61,6.63,6.61,6.63,1273.539,8442.36357
1665231600000,2022-10-08T12:20:00Z,6.63,6.64,6.63,6.63,961.827,6383.89701
1665231900000,2022-10-08T12:25:00Z,6.63,6.63,6.63,6.63,1915.391,12699.04233
1665232200000,2022-10-08T12:30:00Z,6.63,6.63,6.62,6.62,0.778,5.15036
1665232500000,2022-10-08T12:35:00Z,6.62,6.63,6.62,6.63,0.389,2.57907
1665232800000,2022-10-08T12:40:00Z,6.63,6.63,6.63,6.63,101,669.63
1665233100000,2022-10-08T12:45:00Z,6.63,6.64,6.63,6.64,872.685,5786.81259
1665233400000,2022-10-08T12:50:00Z,6.64,6.65,6.63,6.65,305.718,2030.16022
1665233700000,2022-10-08T12:55:00Z,6.65,6.65,6.64,6.65,987.824,6569.02571
1665234000000,2022-10-08T13:00:00Z,6.65,6.65,6.64,6.64,381.553,2535.13474
1665234300000,2022-10-08T13:05:00Z,6.64,6.64,6.63,6.64,1290.65,8560.78794
1665234600000,2022-10-08T13:10:00Z,6.64,6.64,6.63,6.63,202.616,1345.34269
1665234900000,2022-10-08T13:15:00Z,6.63,6.64,6.62,6.63,1672.032,11085.57216
1665235200000,2022-10-08T13:20:00Z,6.63,6.63,6.62,6.62,1241.339,8229.48108
1665235500000,2022-10-08T13:25:00Z,6.62,6.63,6.62,6.63,1100.465,7296.08295
1665235800000,2022-10-08T13:30:00Z,6.63,6.63,6.62,6.62,842.717,5581.11162
1665236100000,2022-10-08T13:35:00Z,6.62,6.62,6.62,6.62,221,1463.02
1665236400000,2022-10-08T13:40:00Z,6.62,6.63,6.62,6.63,227.38,1507.5294
1665236700000,2022-10-08T13:45:00Z,6.63,6.63,6.62,6.62,501.186,3317.85132
1665237000000,2022-10-08T13:50:00Z,6.62,6.62,6.62,6.62,1994.696,13204.88752
1665237300000,2022-10-08T13:55:00Z,6.62,6.62,6.62,6.62,224.732,1487.72584
1665237600000,2022-10-08T14:00:00Z,6.62,6.62,6.61,6.61,962.18,6361.86979
1665237900000,2022-10-08T14:05:00Z,6.61,6.61,6.59,6.6,3582.678,23639.97989
1665238200000,2022-10-08T14:10:00Z,6.6,6.6,6.56,6.58,11696.813,76966.12648
1665238500000,2022-10-08T14:15:00Z,6.58,6.6,6.58,6.6,558.653,3682.19574
1665238800000,2022-10-08T14:20:00Z,6.6,6.6,6.57,6.59,2429.925,15997.35463
1665239100000,2022-10-08T14:25:00Z,6.59,6.59,6.58,6.59,537.556,3541.44573
1665239400000,2022-10-08T14:30:00Z,6.59,6.6,6.58,6.6,729.128,4802.69696
1665239700000,2022-10-08T14:35:00Z,6.6,6.61,6.6,6.61,543.721,3588.56249
1665240000000,2022-10-08T14:40:00Z,6.61,6.61,6.6,6.61,647.047,4273.96746
1665240300000,2022-10-08T14:45:00Z,6.61,6.62,6.6,6.62,463.824,3068.5371
1665240600000,2022-10-08T14:50:00Z,6.62,6.62,6.61,6.61,819.017,5413.70237
1665240900000,2022-10-08T14:55:00Z,6.61,6.61,6.61,6.61,246.395,1628.67095
1665241200000,2022-10-08T15:00:00Z,6.61,6.61,6.6,6.6,528.377,3489.54908
1665241500000,2022-10-08T15:05:00Z,6.6,6.61,6.6,6.61,0.778,5.14258
1665241800000,2022-10-08T15:10:00Z,6.61,6.61,6.61,6.61,0.389,2.57129
1665242100000,2022-10-08T15:15:00Z,6.61,6.61,6.61,6.61,0.661,4.36921
1665242400000,2022-10-08T15:20:00Z,6.61,6.61,6.6,6.6,194.389,1282.9674
1665242700000,2022-10-08T15:25:00Z,6.6,6.6,6.59,6.59,287.096,1891.96653
1665243000000,2022-10-08T15:30:00Z,6.59,6.59,6.59,6.59,1786.563,11773.45017
1665243300000,2022-10-08T15:35:00Z,6.59,6.6,6.59,6.6,0.389,2.5674
1665243600000,2022-10-08T15:40:00Z,6.6,6.6,6.59,6.6,0.778,5.13091
1665243900000,2022-10-08T15:45:00Z,6.6,6.6,6.6,6.6,886.235,5849.151
1665244200000,2022-10-08T15:50:00Z,6.6,6.6,6.6,6.6,824.306,5440.4196
1665244500000,2022-10-08T15:55:00Z,6.6,6.6,6.59,6.59,1235.092,8147.77728
1665244800000,2022-10-08T16:00:00Z,6.59,6.59,6.57,6.57,2239.857,14729.32134
1665245100000,2022-10-08T16:05:00Z,6.57,6.58,6.57,6.58,458.537,3017.17346
1665245400000,2022-10-08T16:10:00Z,6.58,6.59,6.58,6.59,10.389,68.45962
1665245700000,2022-10-08T16:15:00Z,6.59,6.59,6.59,6.59,0.778,5.12702
1665246000000,2022-10-08T16:20:00Z,6.59,6.59,6.59,6.59,314.222,2070.72298
1665246300000,2022-10-08T16:25:00Z,6.59,6.6,6.59,6.6,0.778,5.13091
1665246600000,2022-10-08T16:30:00Z,6.6,6.6,6.59,6.6,1038.137,6842.24166
1665246900000,2022-10-08T16:35:00Z,6.6,6.61,6.6,6.61,1755.911,11602.47778
1665247200000,2022-10-08T16:40:00Z,6.61,6.62,6.61,6.62,322.914,2134.6428
1665247500000,2022-10-08T16:45:00Z,6.62,6.62,6.61,6.62,2088.931,13819.47669
1665247800000,2022-10-08T16:50:00Z,6.62,6.62,6.62,6.62,336.398,2226.95476
1665248100000,2022-10-08T16:55:00Z,6.62,6.63,6.62,6.63,750.656,4976.84928
1665248400000,2022-10-08T17:00:00Z,6.63,6.64,6.62,6.62,1327.627,8801.12639
1665248700000,2022-10-08T17:05:00Z,6.62,6.62,6.62,6.62,1042.057,6898.41734
1665249000000,2022-10-08T17:10:00Z,6.62,6.62,6.62,6.62,1065.805,7055.6291
1665249300000,2022-10-08T17:15:00Z,6.62,6.62,6.61,6.61,1841.982,12182.38611
1665249600000,2022-10-08T17:20:00Z,6.61,6.61,6.61,6.61,0.778,5.14258
1665249900000,2022-10-08T17:25:00Z,6.61,6.61,6.6,6.6,367.166,2426.96337
1665250200000,2022-10-08T17:30:00Z,6.6,6.6,6.6,6.6,104.128,687.2448
1665250500000,2022-10-08T17:35:00Z,6.6,6.61,6.6,6.61,0.389,2.57129
1665250800000,2022-10-08T17:40:00Z,6.61,6.61,6.61,6.61,2138.198,14133.48878
1665251100000,2022-10-08T17:45:00Z,6.61,6.61,6.6,6.6,90.72,598.80589
1665251400000,2022-10-08T17:50:00Z,6.6,6.61,6.6,6.61,122.611,810.45871
1665251700000,2022-10-08T17:55:00Z,6.61,6.61,6.6,6.6,636.223,4202.41933
1665252000000,2022-10-08T18:00:00Z,6.6,6.6,6.59,6.59,403.719,2661.4721
1665252300000,2022-10-08T18:05:00Z,6.59,6.59,6.59,6.59,0.389,2.56351
1665252600000,2022-10-08T18:10:00Z,6.59,6.6,6.59,6.6,50.464,333.0624
1665252900000,2022-10-08T18:15:00Z,6.6,6.6,6.59,6.6,0.778,5.13091
1665253200000,2022-10-08T18:20:00Z,6.6,6.6,6.59,6.59,602.463,3976.25191
1665253500000,2022-10-08T18:25:00Z,6.59,6.59,6.59,6.59,247.091,1628.32969
1665253800000,2022-10-08T18:30:00Z,6.59,6.59,6.58,6.58,247.752,1630.20816
1665254100000,2022-10-08T18:35:00Z,6.58,6.58,6.58,6.58,493.52,3247.3616
1665254400000,2022-10-08T18:40:00Z,6.58,6.59,6.58,6.58,579.539,3813.41214
1665254700000,2022-10-08T18:45:00Z,6.58,6.58,6.56,6.57,2179.115,14309.17339
1665255000000,2022-10-08T18:50:00Z,6.57,6.57,6.55,6.56,1749.523,11475.78385
1665255300000,2022-10-08T18:55:00Z,6.56,6.57,6.56,6.56,934.595,6130.94709
1665255600000,2022-10-08T19:00:00Z,6.56,6.57,6.56,6.57,526.431,3453.39125
1665255900000,2022-10-08T19:05:00Z,6.57,6.57,6.56,6.57,1.016,6.66885
1665256200000,2022-10-08T19:10:00Z,6.57,6.57,6.54,6.54,1876.194,12281.12334
1665256500000,2022-10-08T19:15:00Z,6.54,6.54,6.52,6.53,1296.642,8474.24595
1665256800000,2022-10-08T19:20:00Z,6.53,6.53,6.52,6.53,822.104,5368.18852
1665257100000,2022-10-08T19:25:00Z,6.53,6.54,6.53,6.54,46.512,304.18848
1665257400000,2022-10-08T19:30:00Z,6.54,6.54,6.54,6.54,372.721,2437.59534
1665257700000,2022-10-08T19:35:00Z,6.54,6.54,6.53,6.54,168.598,1102.62703
1665258000000,2022-10-08T19:40:00Z,6.54,6.54,6.54,6.54,411.751,2692.85154
1665258300000,2022-10-08T19:45:00Z,6.54,6.55,6.54,6.55,0.389,2.54795
1665258600000,2022-10-08T19:50:00Z,6.55,6.55,6.54,6.54,323.192,2113.67568
1665258900000,2022-10-08T19:55:00Z,6.54,6.55,6.54,6.54,337.75,2211.99024
1665259200000,2022-10-08T20:00:00Z,6.54,6.55,6.53,6.55,1590.228,10405.17032
1665259500000,2022-10-08T20:05:00Z,6.55,6.55,6.54,6.55,2252.87,14752.10773
1665259800000,2022-10-08T20:10:00Z,6.55,6.55,6.54,6.54,1452.306,9509.28574
1665260100000,2022-10-08T20:15:00Z,6.54,6.54,6.53,6.53,617.259,4034.07152
1665260400000,2022-10-08T20:20:00Z,6.53,6.54,6.53,6.54,3901.696,25506.17901
1665260700000,2022-10-08T20:25:00Z,6.54,6.55,6.54,6.55,542.468,3553.1654
1665261000000,2022-10-08T20:30:00Z,6.55,6.55,6.54,6.54,588.817,3856.74746
1665261300000,2022-10-08T20:35:00Z,6.54,6.55,6.54,6.55,2264.789,14834.36795
1665261600000,2022-10-08T20:40:00Z,6.55,6.55,6.55,6.55,463.316,3034.7198
1665261900000,2022-10-08T20:45:00Z,6.55,6.55,6.53,6.54,1389.613,9086.06927
1665262200000,2022-10-08T20:50:00Z,6.54,6.54,6.53,6.53,181.761,1186.89933
1665262500000,2022-10-08T20:55:00Z,6.53,6.55,6.53,6.54,733.342,4796.1809
1665262800000,2022-10-08T21:00:00Z,6.54,6.54,6.54,6.54,310.358,2029.74132
1665263100000,2022-10-08T21:05:00Z,6.54,6.55,6.53,6.54,1076.842,7046.93246
1665263400000,2022-10-08T21:10:00Z,6.54,6.55,6.54,6.55,214.614,1405.7217
1665263700000,2022-10-08T21:15:00Z,6.55,6.55,6.54,6.54,624.85,4086.52289
1665264000000,2022-10-08T21:20:00Z,6.54,6.55,6.54,6.55,1194.942,7826.86621
1665264300000,2022-10-08T21:25:00Z,6.55,6.56,6.54,6.56,655.202,4289.59115
1665264600000,2022-10-08T21:30:00Z,6.56,6.56,6.54,6.55,0.778,5.09201
1665264900000,2022-10-08T21:35:00Z,6.55,6.55,6.55,6.55,1935.148,12675.2194
1665265200000,2022-10-08T21:40:00Z,6.55,6.55,6.51,6.51,2763.422,18006.26878
1665265500000,2022-10-08T21:45:00Z,6.51,6.52,6.48,6.49,3833.125,24893.01463
1665265800000,2022-10-08T21:50:00Z,6.49,6.5,6.47,6.49,2545.272,16486.13365
1665266100000,2022-10-08T21:55:00Z,6.49,6.49,6.48,6.48,441.354,2862.20191
1665266400000,2022-10-08T22:00:00Z,6.48,6.48,6.43,6.44,8524.074,54930.80622
1665266700000,2022-10-08T22:05:00Z,6.44,6.45,6.44,6.45,1390.352,8967.7704
1665267000000,2022-10-08T22:10:00Z,6.45,6.46,6.44,6.46,836.284,5395.35752
1665267300000,2022-10-08T22:15:00Z,6.46,6.47,6.46,6.47,372.029,2404.06436
1665267600000,2022-10-08T22:20:00Z,6.47,6.47,6.46,6.46,1136.469,7341.71074
1665267900000,2022-10-08T22:25:00Z,6.46,6.46,6.45,6.46,1648.75,10650.13202
1665268200000,2022-10-08T22:30:00Z,6.46,6.47,6.46,6.47,775.9,5020.073
1665268500000,2022-10-08T22:35:00Z,6.47,6.48,6.47,6.48,875.83,5668.84011
1665268800000,2022-10-08T22:40:00Z,6.48,6.49,6.48,6.49,1414.829,9168.09581
1665269100000,2022-10-08T22:45:00Z,6.49,6.49,6.48,6.48,506.108,3279.57984
1665269400000,2022-10-08T22:50:00Z,6.48,6.48,6.48,6.48,728.487,4720.59576
1665269700000,2022-10-08T22:55:00Z,6.48,6.49,6.48,6.49,911.921,5918.36729
1665270000000,2022-10-08T23:00:00Z,6.49,6.51,6.49,6.51,1365.301,8874.31248
1665270300000,2022-10-08T23:05:00Z,6.51,6.51,6.5,6.51,1277.072,8313.68201
1665270600000,2022-10-08T23:10:00Z,6.51,6.51,6.51,6.51,894.364,5822.30964
1665270900000,2022-10-08T23:15:00Z,6.51,6.52,6.5,6.5,1704.923,11093.96243
1665271200000,2022-10-08T23:20:00Z,6.5,6.51,6.5,6.51,726.321,4726.93383
1665271500000,2022-10-08T23:25:00Z,6.51,6.52,6.51,6.52,911.563,5943.39076
1665271800000,2022-10-08T23:30:00Z,6.52,6.54,6.52,6.54,1217.593,7960.14951
1665272100000,2022-10-08T23:35:00Z,6.54,6.54,6.53,6.53,67.759,442.47016
1665272400000,2022-10-08T23:40:00Z,6.53,6.53,6.51,6.51,683.362,4451.79758
1665272700000,2022-10-08T23:45:00Z,6.51,6.52,6.51,6.52,114.462,745.15151
1665273000000,2022-10-08T23:50:00Z,6.52,6.52,6.51,6.51,1273.038,8289.45152
1665273300000,2022-10-08T23:55:00Z,6.51,6.51,6.51,6.51,0.778,5.06478
1665273600000,2022-10-09T00:00:00Z,6.51,6.52,6.51,6.52,1181.852,7696.24921
1665273900000,2022-10-09T00:05:00Z,6.52,6.53,6.52,6.53,12,78.36
1665274200000,2022-10-09T00:10:00Z,6.53,6.54,6.53,6.54,1719.91,11236.69028
1665274500000,2022-10-09T00:15:00Z,6.54,6.54,6.54,6.54,731.982,4787.16228
1665274800000,2022-10-09T00:20:00Z,6.54,6.54,6.52,6.52,907.157,5916.31567
1665275100000,2022-10-09T00:25:00Z,6.52,6.52,6.52,6.52,1008.159,6573.19668
1665275400000,2022-10-09T00:30:00Z,6.52,6.52,6.51,6.52,0.778,5.06867
1665275700000,2022-10-09T00:35:00Z,6.52,6.52,6.5,6.5,616.812,4013.28298
1665276000000,2022-10-09T00:40:00Z,6.5,6.5,6.5,6.5,577.897,3756.3305
1665276300000,2022-10-09T00:45:00Z,6.5,6.5,6.49,6.49,29.233,189.72606
1665276600000,2022-10-09T00:50:00Z,6.49,6.49,6.49,6.49,0.778,5.04922
1665276900000,2022-10-09T00:55:00Z,6.49,6.5,6.49,6.5,402.554,2616.601
1665277200000,2022-10-09T01:00:00Z,6.5,6.51,6.5,6.51,759.804,4945.09404
1665277500000,2022-10-09T01:05:00Z,6.51,6.52,6.51,6.52,322.58,2101.38071
1665277800000,2022-10-09T01:10:00Z,6.52,6.53,6.52,6.53,619.945,4047.18085
1665278100000,2022-10-09T01:15:00Z,6.53,6.54,6.53,6.53,153.58,1002.8927
1665278400000,2022-10-09T01:20:00Z,6.53,6.54,6.52,6.52,58.259,380.43127
1665278700000,2022-10-09T01:25:00Z,6.52,6.53,6.52,6.53,1083.088,7072.56464
1665279000000,2022-10-09T01:30:00Z,6.53,6.53,6.53,6.53,310.663,2028.62939
1665279300000,2022-10-09T01:35:00Z,6.53,6.53,6.52,6.52,1123.971,7328.30623
1665279600000,2022-10-09T01:40:00Z,6.52,6.52,6.52,6.52,90.389,589.33628
1665279900000,2022-10-09T01:45:00Z,6.52,6.52,6.52,6.52,649.056,4231.84512
1665280200000,2022-10-09T01:50:00Z,6.52,6.52,6.51,6.51,916.3,5965.113
1665280500000,2022-10-09T01:55:00Z,6.51,6.52,6.51,6.52,240.276,1566.59952
1665280800000,2022-10-09T02:00:00Z,6.52,6.53,6.52,6.53,1106.405,7217.18473
1665281100000,2022-10-09T02:05:00Z,6.53,6.53,6.52,6.52,448.756,2927.68912
1665281400000,2022-10-09T02:10:00Z,6.52,6.53,6.52,6.52,690.388,4501.33365
1665281700000,2022-10-09T02:15:00Z,6.52,6.53,6.51,6.51,389.327,2535.42655
1665282000000,2022-10-09T02:20:00Z,6.51,6.51,6.51,6.51,780.168,5078.89368
1665282300000,2022-10-09T02:25:00Z,6.51,6.52,6.51,6.52,277.389,1805.80628
1665282600000,2022-10-09T02:30:00Z,6.52,6.52,6.51,6.51,0.389,2.53239
1665282900000,2022-10-09T02:35:00Z,6.51,6.53,6.51,6.53,275,1794.82
1665283200000,2022-10-09T02:40:00Z,6.53,6.53,6.52,6.52,358.777,2342.80992
1665283500000,2022-10-09T02:45:00Z,6.52,6.53,6.52,6.53,0.778,5.07645
1665283800000,2022-10-09T02:50:00Z,6.53,6.53,6.53,6.53,0.389,2.54017
1665284100000,2022-10-09T02:55:00Z,6.53,6.53,6.53,6.53,873.49,5703.8897
1665284400000,2022-10-09T03:00:00Z,6.53,6.53,6.52,6.53,3529.973,23050.7198
1665284700000,2022-10-09T03:05:00Z,6.53,6.54,6.52,6.53,1760.267,11485.4849
1665285000000,2022-10-09T03:10:00Z,6.53,6.54,6.53,6.53,2455.861,16043.09238
1665285300000,2022-10-09T03:15:00Z,6.53,6.53,6.53,6.53,273.019,1782.81407
1665285600000,2022-10-09T03:20:00Z,6.53,6.54,6.53,6.53,1.92,12.54149
1665285900000,2022-10-09T03:25:00Z,6.53,6.53,6.53,6.53,1272.749,8311.05097
1665286200000,2022-10-09T03:30:00Z,6.53,6.53,6.52,6.52,540.928,3527.96029
1665286500000,2022-10-09T03:35:00Z,6.52,6.52,6.52,6.52,0.389,2.53628
1665286800000,2022-10-09T03:40:00Z,6.52,6.53,6.52,6.53,620.266,4050.33309
1665287100000,2022-10-09T03:45:00Z,6.53,6.53,6.53,6.53,511.891,3342.64823
1665287400000,2022-10-09T03:50:00Z,6.53,6.53,6.52,6.52,1083.725,7069.5924
1665287700000,2022-10-09T03:55:00Z,6.52,6.54,6.52,6.54,564.682,3690.83338
1665288000000,2022-10-09T04:00:00Z,6.54,6.54,6.5,6.53,6029.203,39324.56821
1665288300000,2022-10-09T04:05:00Z,6.53,6.53,6.52,6.52,1546.09,10080.50834
1665288600000,2022-10-09T04:10:00Z,6.52,6.52,6.5,6.5,978.798,6362.33897
1665288900000,2022-10-09T04:15:00Z,6.5,6.5,6.49,6.5,328.125,2132.80861
1665289200000,2022-10-09T04:20:00Z,6.5,6.5,6.49,6.49,944.716,6135.42514
1665289500000,2022-10-09T04:25:00Z,6.49,6.49,6.49,6.49,229.637,1490.34413
1665289800000,2022-10-09T04:30:00Z,6.49,6.5,6.49,6.5,1478.716,9611.654
1665290100000,2022-10-09T04:35:00Z,6.5,6.5,6.5,6.5,726.488,4722.172
1665290400000,2022-10-09T04:40:00Z,6.5,6.51,6.5,6.51,935.729,6082.3685
1665290700000,2022-10-09T04:45:00Z,6.51,6.52,6.51,6.51,795.164,5182.25193
1665291000000,2022-10-09T04:50:00Z,6.51,6.51,6.5,6.51,296.389,1929.4885
1665291300000,2022-10-09T04:55:00Z,6.51,6.52,6.51,6.52,396.966,2588.21443
1665291600000,2022-10-09T05:00:00Z,6.52,6.52,6.52,6.52,360.547,2350.76644
1665291900000,2022-10-09T05:05:00Z,6.52,6.53,6.52,6.52,389.898,2544.82922
1665292200000,2022-10-09T05:10:00Z,6.52,6.53,6.52,6.53,0.389,2.54017
1665292500000,2022-10-09T05:15:00Z,6.53,6.53,6.52,6.52,111,724.82611
1665292800000,2022-10-09T05:20:00Z,6.52,6.53,6.52,6.53,2648.185,17292.64805
1665293100000,2022-10-09T05:25:00Z,6.53,6.54,6.53,6.54,295.564,1930.03681
1665293400000,2022-10-09T05:30:00Z,6.54,6.55,6.54,6.55,1385.964,9067.47489
1665293700000,2022-10-09T05:35:00Z,6.55,6.55,6.55,6.55,978.761,6410.88455
1665294000000,2022-10-09T05:40:00Z,6.55,6.55,6.54,6.54,556.223,3637.8411
1665294300000,2022-10-09T05:45:00Z,6.54,6.55,6.54,6.55,894.755,5858.23159
1665294600000,2022-10-09T05:50:00Z,6.55,6.55,6.54,6.54,216.32,1416.89211
1665294900000,2022-10-09T05:55:00Z,6.54,6.54,6.54,6.54,2905.707,19003.32378
1665295200000,2022-10-09T06:00:00Z,6.54,6.57,6.54,6.56,1415.205,9280.97367
1665295500000,2022-10-09T06:05:00Z,6.56,6.56,6.56,6.56,786.234,5157.69504
1665295800000,2022-10-09T06:10:00Z,6.56,6.56,6.55,6.55,1.389,9.09795
1665296100000,2022-10-09T06:15:00Z,6.55,6.55,6.55,6.55,1617.803,10596.60965
1665296400000,2022-10-09T06:20:00Z,6.55,6.55,6.55,6.55,1499.314,9820.5067
1665296700000,2022-10-09T06:25:00Z,6.55,6.55,6.54,6.54,440.517,2882.06118
1665297000000,2022-10-09T06:30:00Z,6.54,6.54,6.54,6.54,90.388,591.13752
1665297300000,2022-10-09T06:35:00Z,6.54,6.55,6.54,6.54,812.949,5316.71137
1665297600000,2022-10-09T06:40:00Z,6.54,6.54,6.53,6.54,142.645,931.5348
1665297900000,2022-10-09T06:45:00Z,6.54,6.54,6.54,6.54,0.389,2.54406
1665298200000,2022-10-09T06:50:00Z,6.54,6.54,6.54,6.54,888.642,5811.71868
1665298500000,2022-10-09T06:55:00Z,6.54,6.55,6.54,6.55,10.778,70.59201
1665298800000,2022-10-09T07:00:00Z,6.55,6.56,6.55,6.56,988.894,6485.27344
1665299100000,2022-10-09T07:05:00Z,6.56,6.56,6.56,6.56,478.233,3137.20848
1665299400000,2022-10-09T07:10:00Z,6.56,6.56,6.55,6.55,395.294,2589.1757
1665299700000,2022-10-09T07:15:00Z,6.55,6.55,6.55,6.55,722.713,4733.77015
1665300000000,2022-10-09T07:20:00Z,6.55,6.55,6.54,6.54,0.389,2.54406
1665300300000,2022-10-09T07:25:00Z,6.54,6.55,6.54,6.55,300.737,1969.82346
1665300600000,2022-10-09T07:30:00Z,6.55,6.55,6.54,6.54,137.56,901.01632
1665300900000,2022-10-09T07:35:00Z,6.54,6.55,6.54,6.55,570.512,3736.84971
1665301200000,2022-10-09T07:40:00Z,6.55,6.56,6.55,6.56,212.686,1393.09719
1665301500000,2022-10-09T07:45:00Z,6.56,6.56,6.56,6.56,0.389,2.55184
1665301800000,2022-10-09T07:50:00Z,6.56,6.56,6.56,6.56,0.778,5.10368
1665302100000,2022-10-09T07:55:00Z,6.56,6.56,6.54,6.54,171.2,1119.64801
1665302400000,2022-10-09T08:00:00Z,6.54,6.55,6.54,6.54,23.678,155.08312
1665302700000,2022-10-09T08:05:00Z,6.54,6.55,6.54,6.55,1342.301,8791.93392
1665303000000,2022-10-09T08:10:00Z,6.55,6.55,6.54,6.55,0.971,6.35616
1665303300000,2022-10-09T08:15:00Z,6.55,6.55,6.55,6.55,402.702,2637.6981
1665303600000,2022-10-09T08:20:00Z,6.55,6.55,6.55,6.55,1409.128,9229.7884
1665303900000,2022-10-09T08:25:00Z,6.55,6.55,6.53,6.53,518.23,3387.27747
1665304200000,2022-10-09T08:30:00Z,6.53,6.53,6.52,6.52,901.072,5879.44305
1665304500000,2022-10-09T08:35:00Z,6.52,6.52,6.52,6.52,2.389,15.57628
1665304800000,2022-10-09T08:40:00Z,6.52,6.52,6.52,6.52,1745.008,11377.45216
1665305100000,2022-10-09T08:45:00Z,6.52,6.52,6.51,6.51,1056.57,6884.18107
1665305400000,2022-10-09T08:50:00Z,6.51,6.52,6.51,6.52,221,1440.92
1665305700000,2022-10-09T08:55:00Z,6.52,6.52,6.51,6.51,0.778,5.06867
1665306000000,2022-10-09T09:00:00Z,6.51,6.52,6.51,6.52,198.887,1296.73935
1665306300000,2022-10-09T09:05:00Z,6.52,6.52,6.51,6.51,1.922,12.52755
1665306600000,2022-10-09T09:10:00Z,6.51,6.51,6.5,6.51,639.207,4161.23368
1665306900000,2022-10-09T09:15:00Z,6.51,6.51,6.51,6.51,832.924,5422.33524
1665307200000,2022-10-09T09:20:00Z,6.51,6.51,6.5,6.5,485.307,3154.4955
1665307500000,2022-10-09T09:25:00Z,6.5,6.5,6.5,6.5,0.389,2.5285
1665307800000,2022-10-09T09:30:00Z,6.5,6.51,6.5,6.51,716.094,4661.76805
1665308100000,2022-10-09T09:35:00Z,6.51,6.52,6.51,6.52,176.337,1149.71724
1665308400000,2022-10-09T09:40:00Z,6.52,6.52,6.52,6.52,445.804,2906.64208
1665308700000,2022-10-09T09:45:00Z,6.52,6.53,6.52,6.53,0.97,6.3341
1665309000000,2022-10-09T09:50:00Z,6.53,6.53,6.52,6.52,504.318,3290.53875
1665309300000,2022-10-09T09:55:00Z,6.52,6.53,6.52,6.53,982.238,6404.19565
1665309600000,2022-10-09T10:00:00Z,6.53,6.53,6.52,6.52,738.69,4816.26269
1665309900000,2022-10-09T10:05:00Z,6.52,6.52,6.51,6.52,398.063,2595.34013
1665310200000,2022-10-09T10:10:00Z,6.52,6.52,6.51,6.52,183.204,1194.48619
1665310500000,2022-10-09T10:15:00Z,6.52,6.53,6.52,6.52,6.5,42.44331
1665310800000,2022-10-09T10:20:00Z,6.52,6.53,6.52,6.53,90.891,593.51823
1665311100000,2022-10-09T10:25:00Z,6.53,6.53,6.52,6.52,918.853,5994.07156
1665311400000,2022-10-09T10:30:00Z,6.52,6.53,6.52,6.52,218.826,1427.13378
1665311700000,2022-10-09T10:35:00Z,6.52,6.52,6.52,6.52,254.279,1657.89908
1665312000000,2022-10-09T10:40:00Z,6.52,6.56,6.52,6.56,2582.006,16879.95923
1665312300000,2022-10-09T10:45:00Z,6.56,6.57,6.54,6.55,2411.32,15816.39695
1665312600000,2022-10-09T10:50:00Z,6.55,6.56,6.55,6.56,1430.871,9376.24766
1665312900000,2022-10-09T10:55:00Z,6.56,6.57,6.56,6.57,1003.028,6589.89007
1665313200000,2022-10-09T11:00:00Z,6.57,6.57,6.57,6.57,1955.546,12847.93722
1665313500000,2022-10-09T11:05:00Z,6.57,6.58,6.57,6.58,260.749,1715.2758
1665313800000,2022-10-09T11:10:00Z,6.58,6.59,6.57,6.59,378.526,2492.24539
1665314100000,2022-10-09T11:15:00Z,6.59,6.63,6.59,6.62,2862.687,18910.95697
1665314400000,2022-10-09T11:20:00Z,6.62,6.63,6.61,6.63,490.039,3242.91689
1665314700000,2022-10-09T11:25:00Z,6.63,6.63,6.61,6.61,1077.251,7133.40248
1665315000000,2022-10-09T11:30:00Z,6.61,6.61,6.59,6.6,1172.843,7739.96598
1665315300000,2022-10-09T11:35:00Z,6.6,6.62,6.59,6.59,1676.354,11057.85727
1665315600000,2022-10-09T11:40:00Z,6.59,6.6,6.59,6.6,652.247,4300.67845
1665315900000,2022-10-09T11:45:00Z,6.6,6.6,6.59,6.59,200.202,1321.23931
1665316200000,2022-10-09T11:50:00Z,6.59,6.59,6.57,6.57,1157.671,7607.81183
1665316500000,2022-10-09T11:55:00Z,6.57,6.57,6.57,6.57,696.414,4575.43998
1665316800000,2022-10-09T12:00:00Z,6.57,6.58,6.57,6.58,1321.297,8691.96903
1665317100000,2022-10-09T12:05:00Z,6.58,6.58,6.58,6.58,0.389,2.55962
1665317400000,2022-10-09T12:10:00Z,6.58,6.58,6.57,6.57,572.944,3764.24208
1665317700000,2022-10-09T12:15:00Z,6.57,6.6,6.57,6.59,412.027,2713.46429
1665318000000,2022-10-09T12:20:00Z,6.59,6.6,6.59,6.6,566.609,3734.06331
1665318300000,2022-10-09T12:25:00Z,6.6,6.61,6.6,6.6,938.794,6197.36572
1665318600000,2022-10-09T12:30:00Z,6.6,6.62,6.6,6.62,3480.953,23040.4363
1665318900000,2022-10-09T12:35:00Z,6.62,6.62,6.61,6.61,127.762,845.67064
1665319200000,2022-10-09T12:40:00Z,6.61,6.61,6.6,6.6,942.541,6223.47347
1665319500000,2022-10-09T12:45:00Z,6.6,6.61,6.6,6.61,0.389,2.57129
1665319800000,2022-10-09T12:50:00Z,6.61,6.61,6.6,6.6,12.866,84.92326
1665320100000,2022-10-09T12:55:00Z,6.6,6.61,6.6,6.61,112.234,741.86285
1665320400000,2022-10-09T13:00:00Z,6.61,6.61,6.61,6.61,16.567,109.50787
1665320700000,2022-10-09T13:05:00Z,6.61,6.61,6.61,6.61,548.452,3625.26772
1665321000000,2022-10-09T13:10:00Z,6.61,6.61,6.6,6.6,309.223,2040.8718
1665321300000,2022-10-09T13:15:00Z,6.6,6.6,6.6,6.6,828.986,5471.3076
1665321600000,2022-10-09T13:20:00Z,6.6,6.6,6.59,6.59,227.462,1498.97458
1665321900000,2022-10-09T13:25:00Z,6.59,6.62,6.59,6.62,5839.521,38609.56396
1665322200000,2022-10-09T13:30:00Z,6.62,6.62,6.61,6.61,1731.079,11442.43219
1665322500000,2022-10-09T13:35:00Z,6.61,6.61,6.6,6.61,0.778,5.13869
1665322800000,2022-10-09T13:40:00Z,6.61,6.61,6.58,6.59,5809.068,38292.20871
1665323100000,2022-10-09T13:45:00Z,6.59,6.59,6.57,6.59,2706.532,17822.41044
1665323400000,2022-10-09T13:50:00Z,6.59,6.59,6.57,6.58,1185.42,7797.47501
1665323700000,2022-10-09T13:55:00Z,6.58,6.58,6.57,6.58,548.47,3608.92871
1665324000000,2022-10-09T14:00:00Z,6.58,6.59,6.58,6.59,998.257,6575.63954
1665324300000,2022-10-09T14:05:00Z,6.59,6.59,6.58,6.58,370.888,2440.44304
1665324600000,2022-10-09T14:10:00Z,6.58,6.6,6.58,6.6,865.994,5708.1108
1665324900000,2022-10-09T14:15:00Z,6.6,6.6,6.59,6.59,0.389,2.56351
1665325200000,2022-10-09T14:20:00Z,6.59,6.59,6.59,6.59,454.91,2997.8569
1665325500000,2022-10-09T14:25:00Z,6.59,6.6,6.59,6.6,978.967,6452.86251
1665325800000,2022-10-09T14:30:00Z,6.6,6.61,6.6,6.61,817.493,5396.40663
1665326100000,2022-10-09T14:35:00Z,6.61,6.61,6.6,6.6,639.492,4220.6472
1665326400000,2022-10-09T14:40:00Z,6.6,6.61,6.6,6.6,1.903,12.57494
1665326700000,2022-10-09T14:45:00Z,6.6,6.61,6.6,6.6,945.78,6249.79234
1665327000000,2022-10-09T14:50:00Z,6.6,6.6,6.6,6.6,1077.248,7109.8368
1665327300000,2022-10-09T14:55:00Z,6.6,6.6,6.59,6.59,414.083,2729.39612
1665327600000,2022-10-09T15:00:00Z,6.59,6.59,6.59,6.59,156.902,1033.98418
1665327900000,2022-10-09T15:05:00Z,6.59,6.59,6.59,6.59,132.389,872.44351
1665328200000,2022-10-09T15:10:00Z,6.59,6.61,6.59,6.6,1139.387,7527.43553
1665328500000,2022-10-09T15:15:00Z,6.6,6.62,6.6,6.61,795.696,5259.73071
1665328800000,2022-10-09T15:20:00Z,6.61,6.62,6.61,6.61,1602.864,10594.98967
1665329100000,2022-10-09T15:25:00Z,6.61,6.61,6.6,6.6,283.836,1873.3176
1665329400000,2022-10-09T15:30:00Z,6.6,6.6,6.59,6.59,784.782,5178.49826
1665329700000,2022-10-09T15:35:00Z,6.59,6.6,6.59,6.6,345.804,2282.24777
1665330000000,2022-10-09T15:40:00Z,6.6,6.61,6.6,6.61,204,1348.44
1665330300000,2022-10-09T15:45:00Z,6.61,6.63,6.61,6.62,1210.295,8012.48695
1665330600000,2022-10-09T15:50:00Z,6.62,6.63,6.62,6.62,1355.459,8973.22907
1665330900000,2022-10-09T15:55:00Z,6.62,6.63,6.62,6.63,248.026,1641.93601
1665331200000,2022-10-09T16:00:00Z,6.63,6.63,6.62,6.62,1051.665,6962.0223
1665331500000,2022-10-09T16:05:00Z,6.62,6.63,6.61,6.61,4078.473,27015.56919
1665331800000,2022-10-09T16:10:00Z,6.61,6.61,6.6,6.6,131.942,870.81886
1665332100000,2022-10-09T16:15:00Z,6.6,6.61,6.6,6.6,2296.928,15164.44639
1665332400000,2022-10-09T16:20:00Z,6.6,6.61,6.6,6.61,1325.781,8760.47839
1665332700000,2022-10-09T16:25:00Z,6.61,6.61,6.61,6.61,789.994,5221.86034
1665333000000,2022-10-09T16:30:00Z,6.61,6.61,6.6,6.61,896.14,5923.47025
1665333300000,2022-10-09T16:35:00Z,6.61,6.61,6.6,6.6,145.473,961.57264
1665333600000,2022-10-09T16:40:00Z,6.6,6.61,6.6,6.61,382.762,2526.25945
1665333900000,2022-10-09T16:45:00Z,6.61,6.62,6.6,6.62,586.028,3878.01111
1665334200000,2022-10-09T16:50:00Z,6.62,6.62,6.61,6.61,0.389,2.57129
1665334500000,2022-10-09T16:55:00Z,6.61,6.62,6.61,6.62,471.588,3121.91256
1665334800000,2022-10-09T17:00:00Z,6.62,6.64,6.62,6.62,386.44,2559.39103
1665335100000,2022-10-09T17:05:00Z,6.62,6.62,6.61,6.61,0.389,2.57129
1665335400000,2022-10-09T17:10:00Z,6.61,6.61,6.6,6.6,307.546,2032.87517
1665335700000,2022-10-09T17:15:00Z,6.6,6.61,6.6,6.61,327.699,2166.0865
1665336000000,2022-10-09T17:20:00Z,6.61,6.61,6.59,6.6,668.455,4410.62648
1665336300000,2022-10-09T17:25:00Z,6.6,6.6,6.59,6.59,1800.884,11867.82556
1665336600000,2022-10-09T17:30:00Z,6.59,6.61,6.59,6.61,157.828,1042.88308
1665336900000,2022-10-09T17:35:00Z,6.61,6.61,6.6,6.6,395.389,2609.5674
1665337200000,2022-10-09T17:40:00Z,6.6,6.61,6.6,6.61,308.002,2032.81709
1665337500000,2022-10-09T17:45:00Z,6.61,6.61,6.61,6.61,274.33,1813.3213
1665337800000,2022-10-09T17:50:00Z,6.61,6.61,6.6,6.6,114.389,754.9674
1665338100000,2022-10-09T17:55:00Z,6.6,6.61,6.6,6.61,393.923,2599.90087
1665338400000,2022-10-09T18:00:00Z,6.61,6.61,6.6,6.61,101.571,671.36708
1665338700000,2022-10-09T18:05:00Z,6.61,6.62,6.61,6.62,1073.014,7103.34879
1665339000000,2022-10-09T18:10:00Z,6.62,6.62,6.62,6.62,1290.67,8544.2354
1665339300000,2022-10-09T18:15:00Z,6.62,6.62,6.61,6.61,482.126,3189.88978
1665339600000,2022-10-09T18:20:00Z,6.61,6.61,6.61,6.61,626.867,4143.59087
1665339900000,2022-10-09T18:25:00Z,6.61,6.61,6.61,6.61,0.389,2.57129
1665340200000,2022-10-09T18:30:00Z,6.61,6.61,6.61,6.61,371.303,2454.31283
1665340500000,2022-10-09T18:35:00Z,6.61,6.61,6.6,6.61,0.929,6.1368
1665340800000,2022-10-09T18:40:00Z,6.61,6.61,6.61,6.61,698.737,4618.65157
1665341100000,2022-10-09T18:45:00Z,6.61,6.62,6.61,6.62,287.835,1905.45992
1665341400000,2022-10-09T18:50:00Z,6.62,6.63,6.62,6.63,1583.854,10490.03945
1665341700000,2022-10-09T18:55:00Z,6.63,6.65,6.63,6.64,1944.098,12909.26073
1665342000000,2022-10-09T19:00:00Z,6.64,6.64,6.63,6.64,986.635,6545.34077
1665342300000,2022-10-09T19:05:00Z,6.64,6.64,6.64,6.64,609.227,4045.26728
1665342600000,2022-10-09T19:10:00Z,6.64,6.64,6.59,6.6,5409.403,35718.86979
1665342900000,2022-10-09T19:15:00Z,6.6,6.6,6.59,6.59,510.392,3364.89235
1665343200000,2022-10-09T19:20:00Z,6.59,6.59,6.59,6.59,3296.903,21726.59077
1665343500000,2022-10-09T19:25:00Z,6.59,6.61,6.59,6.61,343.559,2267.67499
1665343800000,2022-10-09T19:30:00Z,6.61,6.62,6.61,6.62,238.664,1577.75568
1665344100000,2022-10-09T19:35:00Z,6.62,6.62,6.62,6.62,751.763,4976.67106
1665344400000,2022-10-09T19:40:00Z,6.62,6.62,6.62,6.62,226.519,1499.55578
1665344700000,2022-10-09T19:45:00Z,6.62,6.63,6.62,6.63,521.831,3459.73953
1665345000000,2022-10-09T19:50:00Z,6.63,6.64,6.63,6.64,626.445,4158.38049
1665345300000,2022-10-09T19:55:00Z,6.64,6.64,6.63,6.63,285.961,1898.77715
1665345600000,2022-10-09T20:00:00Z,6.63,6.64,6.62,6.62,613.278,4062.39073
1665345900000,2022-10-09T20:05:00Z,6.62,6.63,6.62,6.63,341.322,2262.96486
1665346200000,2022-10-09T20:10:00Z,6.63,6.63,6.62,6.62,296.84,1966.94929
1665346500000,2022-10-09T20:15:00Z,6.62,6.63,6.62,6.63,427.945,2837.27535
1665346800000,2022-10-09T20:20:00Z,6.63,6.63,6.63,6.63,1262.46,8370.1098
1665347100000,2022-10-09T20:25:00Z,6.63,6.63,6.62,6.62,436.169,2887.44267
1665347400000,2022-10-09T20:30:00Z,6.62,6.62,6.61,6.62,1114.085,7374.2022
1665347700000,2022-10-09T20:35:00Z,6.62,6.63,6.62,6.62,1675.716,11094.26535
1665348000000,2022-10-09T20:40:00Z,6.62,6.62,6.62,6.62,453.217,3000.29654
1665348300000,2022-10-09T20:45:00Z,6.62,6.64,6.62,6.63,828.058,5490.34201
1665348600000,2022-10-09T20:50:00Z,6.63,6.63,6.63,6.63,0.778,5.15814
1665348900000,2022-10-09T20:55:00Z,6.63,6.64,6.63,6.64,548.208,3640.10112
1665349200000,2022-10-09T21:00:00Z,6.64,6.64,6.63,6.63,640.694,4254.20427
1665349500000,2022-10-09T21:05:00Z,6.63,6.64,6.63,6.64,0.389,2.58296
1665349800000,2022-10-09T21:10:00Z,6.64,6.64,6.63,6.63,1.968,13.04784
1665350100000,2022-10-09T21:15:00Z,6.63,6.64,6.62,6.62,433.719,2873.10282
1665350400000,2022-10-09T21:20:00Z,6.62,6.62,6.62,6.62,613.546,4061.67452
1665350700000,2022-10-09T21:25:00Z,6.62,6.63,6.62,6.62,1098.844,7274.96932
1665351000000,2022-10-09T21:30:00Z,6.62,6.63,6.62,6.62,0.778,5.15425
1665351300000,2022-10-09T21:35:00Z,6.62,6.63,6.62,6.63,1417.898,9400.66374
1665351600000,2022-10-09T21:40:00Z,6.63,6.63,6.62,6.62,530.831,3518.4205
1665351900000,2022-10-09T21:45:00Z,6.62,6.63,6.62,6.62,819.491,5433.22144
1665352200000,2022-10-09T21:50:00Z,6.62,6.63,6.62,6.63,220.352,1460.93376
1665352500000,2022-10-09T21:55:00Z,6.63,6.64,6.63,6.63,1163.059,7715.95415
1665352800000,2022-10-09T22:00:00Z,6.63,6.63,6.61,6.61,2484.696,16442.17917
1665353100000,2022-10-09T22:05:00Z,6.61,6.63,6.61,6.63,28.631,189.50073
1665353400000,2022-10-09T22:10:00Z,6.63,6.63,6.63,6.63,720.252,4775.27076
1665353700000,2022-10-09T22:15:00Z,6.63,6.63,6.62,6.62,135.929,900.07998
1665354000000,2022-10-09T22:20:00Z,6.62,6.63,6.62,6.62,725.741,4806.68614
1665354300000,2022-10-09T22:25:00Z,6.62,6.62,6.59,6.6,3604.993,23797.31867
1665354600000,2022-10-09T22:30:00Z,6.6,6.6,6.59,6.6,1182.915,7798.44442
1665354900000,2022-10-09T22:35:00Z,6.6,6.6,6.6,6.6,447.952,2956.4832
1665355200000,2022-10-09T22:40:00Z,6.6,6.61,6.6,6.61,86.22,569.05589
1665355500000,2022-10-09T22:45:00Z,6.61,6.61,6.6,6.6,670.32,4424.11589
1665355800000,2022-10-09T22:50:00Z,6.6,6.6,6.6,6.6,57.714,380.9124
1665356100000,2022-10-09T22:55:00Z,6.6,6.61,6.59,6.59,495.778,3269.2848
1665356400000,2022-10-09T23:00:00Z,6.59,6.59,6.58,6.59,1044.431,6880.51039
1665356700000,2022-10-09T23:05:00Z,6.59,6.59,6.59,6.59,192.455,1268.27845
1665357000000,2022-10-09T23:10:00Z,6.59,6.59,6.59,6.59,261.036,1720.22724
1665357300000,2022-10-09T23:15:00Z,6.59,6.6,6.59,6.6,937.354,6186.5364
1665357600000,2022-10-09T23:20:00Z,6.6,6.61,6.6,6.61,217.622,1436.35447
1665357900000,2022-10-09T23:25:00Z,6.61,6.61,6.6,6.6,0.389,2.5674
1665358200000,2022-10-09T23:30:00Z,6.6,6.6,6.59,6.6,541.252,3571.01848
1665358500000,2022-10-09T23:35:00Z,6.6,6.61,6.6,6.61,869.298,5741.74086
1665358800000,2022-10-09T23:40:00Z,6.61,6.63,6.61,6.63,1655.564,10963.81748
1665359100000,2022-10-09T23:45:00Z,6.63,6.63,6.63,6.63,1944.824,12894.18312
1665359400000,2022-10-09T23:50:00Z,6.63,6.63,6.62,6.63,1294.85,8584.83092
1665359700000,2022-10-09T23:55:00Z,6.63,6.63,6.63,6.63,1962.069,13008.51747
1665360000000,2022-10-10T00:00:00Z,6.63,6.63,6.62,6.62,2078.423,13779.92939
1665360300000,2022-10-10T00:05:00Z,6.62,6.62,6.62,6.62,814.628,5392.83736
1665360600000,2022-10-10T00:10:00Z,6.62,6.62,6.61,6.61,3217.544,21294.46937
1665360900000,2022-10-10T00:15:00Z,6.61,6.62,6.61,6.62,2249.004,14888.40648
1665361200000,2022-10-10T00:20:00Z,6.62,6.63,6.62,6.63,488.163,3236.52069
1665361500000,2022-10-10T00:25:00Z,6.63,6.63,6.61,6.61,1731.061,11445.67459
1665361800000,2022-10-10T00:30:00Z,6.61,6.62,6.61,6.62,456.913,3024.76406
1665362100000,2022-10-10T00:35:00Z,6.62,6.65,6.62,6.65,1369.44,9104.34896
1665362400000,2022-10-10T00:40:00Z,6.65,6.69,6.65,6.69,2388.45,15932.09127
1665362700000,2022-10-10T00:45:00Z,6.69,6.72,6.67,6.71,4835.372,32388.52661
1665363000000,2022-10-10T00:50:00Z,6.71,6.71,6.69,6.7,851.227,5700.26755
1665363300000,2022-10-10T00:55:00Z,6.7,6.71,6.7,6.7,4918.87,32961.63573
1665363600000,2022-10-10T01:00:00Z,6.7,6.72,6.7,6.7,3032.778,20335.56414
1665363900000,2022-10-10T01:05:00Z,6.7,6.71,6.7,6.7,3812.985,25563.70353
1665364200000,2022-10-10T01:10:00Z,6.7,6.7,6.7,6.7,1836.371,12303.6857
1665364500000,2022-10-10T01:15:00Z,6.7,6.7,6.68,6.68,1073.564,7183.84133
1665364800000,2022-10-10T01:20:00Z,6.68,6.69,6.67,6.67,1699.426,11347.41376
1665365100000,2022-10-10T01:25:00Z,6.67,6.67,6.67,6.67,2011.157,13414.41719
1665365400000,2022-10-10T01:30:00Z,6.67,6.67,6.66,6.67,1970.903,13138.21634
1665365700000,2022-10-10T01:35:00Z,6.67,6.67,6.67,6.67,401.025,2674.83675
1665366000000,2022-10-10T01:40:00Z,6.67,6.67,6.67,6.67,1204.86,8036.4162
1665366300000,2022-10-10T01:45:00Z,6.67,6.68,6.67,6.67,459.99,3069.2233
1665366600000,2022-10-10T01:50:00Z,6.67,6.67,6.67,6.67,275.097,1834.89699
1665366900000,2022-10-10T01:55:00Z,6.67,6.67,6.65,6.65,701.957,4671.09405
1665367200000,2022-10-10T02:00:00Z,6.65,6.65,6.64,6.65,1489.867,9897.21077
1665367500000,2022-10-10T02:05:00Z,6.65,6.65,6.62,6.62,2674.57,17724.08879
1665367800000,2022-10-10T02:10:00Z,6.62,6.62,6.62,6.62,276.816,1832.52192
1665368100000,2022-10-10T02:15:00Z,6.62,6.62,6.61,6.62,1050.255,6951.60795
1665368400000,2022-10-10T02:20:00Z,6.62,6.62,6.62,6.62,488.7,3235.194
1665368700000,2022-10-10T02:25:00Z,6.62,6.62,6.62,6.62,1640.886,10862.66532
1665369000000,2022-10-10T02:30:00Z,6.62,6.63,6.62,6.63,642.991,4259.78033
1665369300000,2022-10-10T02:35:00Z,6.63,6.63,6.62,6.63,692.501,4588.4932
1665369600000,2022-10-10T02:40:00Z,6.63,6.63,6.63,6.63,785.773,5209.67499
1665369900000,2022-10-10T02:45:00Z,6.63,6.63,6.62,6.62,110.991,734.76042
1665370200000,2022-10-10T02:50:00Z,6.62,6.62,6.61,6.61,326.317,2159.17567
1665370500000,2022-10-10T02:55:00Z,6.61,6.62,6.61,6.62,752.577,4982.05974
1665370800000,2022-10-10T03:00:00Z,6.62,6.62,6.61,6.61,604.863,3998.14443
1665371100000,2022-10-10T03:05:00Z,6.61,6.62,6.61,6.62,486.754,3218.46394
1665371400000,2022-10-10T03:10:00Z,6.62,6.62,6.61,6.61,67.992,449.43101
1665371700000,2022-10-10T03:15:00Z,6.61,6.61,6.61,6.61,334.74,2212.6314
1665372000000,2022-10-10T03:20:00Z,6.61,6.61,6.59,6.59,1130.455,7458.2942
1665372300000,2022-10-10T03:25:00Z,6.59,6.6,6.59,6.6,219.227,1446.89431
1665372600000,2022-10-10T03:30:00Z,6.6,6.6,6.59,6.59,127.022,837.07887
1665372900000,2022-10-10T03:35:00Z,6.59,6.59,6.58,6.59,0.778,5.12313
1665373200000,2022-10-10T03:40:00Z,6.59,6.59,6.59,6.59,0.389,2.56351
1665373500000,2022-10-10T03:45:00Z,6.59,6.59,6.59,6.59,958.46,6316.2514
1665373800000,2022-10-10T03:50:00Z,6.59,6.59,6.59,6.59,1194.997,7875.03023
1665374100000,2022-10-10T03:55:00Z,6.59,6.59,6.59,6.59,772.874,5093.23966
1665374400000,2022-10-10T04:00:00Z,6.59,6.59,6.58,6.58,849.5,5590.70056
1665374700000,2022-10-10T04:05:00Z,6.58,6.58,6.57,6.58,664.029,4368.98946
1665375000000,2022-10-10T04:10:00Z,6.58,6.59,6.58,6.58,108.773,715.73023
1665375300000,2022-10-10T04:15:00Z,6.58,6.58,6.58,6.58,244.828,1610.96824
1665375600000,2022-10-10T04:20:00Z,6.58,6.58,6.57,6.57,3445.567,22637.37519
1665375900000,2022-10-10T04:25:00Z,6.57,6.57,6.57,6.57,1561.388,10258.31916
1665376200000,2022-10-10T04:30:00Z,6.57,6.57,6.56,6.56,200.824,1317.40544
1665376500000,2022-10-10T04:35:00Z,6.56,6.56,6.55,6.55,1735.386,11375.2489
1665376800000,2022-10-10T04:40:00Z,6.55,6.57,6.55,6.57,1729.336,11349.78446
1665377100000,2022-10-10T04:45:00Z,6.57,6.57,6.56,6.57,804.5,5285.56111
1665377400000,2022-10-10T04:50:00Z,6.57,6.57,6.56,6.57,274.483,1803.34942
1665377700000,2022-10-10T04:55:00Z,6.57,6.57,6.56,6.57,927.01,6090.45181
1665378000000,2022-10-10T05:00:00Z,6.57,6.57,6.56,6.56,709.763,4656.04528
1665378300000,2022-10-10T05:05:00Z,6.56,6.56,6.55,6.55,209.389,1373.58795
1665378600000,2022-10-10T05:10:00Z,6.55,6.56,6.55,6.56,0.389,2.55184
1665378900000,2022-10-10T05:15:00Z,6.56,6.56,6.55,6.56,794.209,5210.00715
1665379200000,2022-10-10T05:20:00Z,6.56,6.56,6.56,6.56,474.866,3115.12096
1665379500000,2022-10-10T05:25:00Z,6.56,6.57,6.56,6.57,559.488,3670.24517
1665379800000,2022-10-10T05:30:00Z,6.57,6.57,6.52,6.53,3796.588,24814.89537
1665380100000,2022-10-10T05:35:00Z,6.53,6.53,6.5,6.52,1627.08,10600.30552
1665380400000,2022-10-10T05:40:00Z,6.52,6.52,6.51,6.52,875.155,5701.0175
1665380700000,2022-10-10T05:45:00Z,6.52,6.52,6.51,6.51,1004.66,6540.35535
1665381000000,2022-10-10T05:50:00Z,6.51,6.52,6.51,6.52,785.512,5115.64386
1665381300000,2022-10-10T05:55:00Z,6.52,6.52,6.51,6.51,2663.481,17339.2652
1665381600000,2022-10-10T06:00:00Z,6.51,6.51,6.49,6.51,3047.243,19817.55021
1665381900000,2022-10-10T06:05:00Z,6.51,6.52,6.51,6.52,1155.113,7522.45625
1665382200000,2022-10-10T06:10:00Z,6.52,6.52,6.52,6.52,718.025,4681.523
1665382500000,2022-10-10T06:15:00Z,6.52,6.53,6.52,6.53,1949.539,12730.48967
1665382800000,2022-10-10T06:20:00Z,6.53,6.53,6.53,6.53,1672.862,10923.78886
1665383100000,2022-10-10T06:25:00Z,6.53,6.53,6.53,6.53,713.01,4655.9553
1665383400000,2022-10-10T06:30:00Z,6.53,6.53,6.52,6.52,497.07,3240.8964
1665383700000,2022-10-10T06:35:00Z,6.52,6.52,6.52,6.52,397.978,2594.81656
1665384000000,2022-10-10T06:40:00Z,6.52,6.52,6.51,6.51,0.389,2.53239
1665384300000,2022-10-10T06:45:00Z,6.51,6.51,6.5,6.5,1026.115,6672.69365
1665384600000,2022-10-10T06:50:00Z,6.5,6.5,6.49,6.49,1918.763,12453.80576
1665384900000,2022-10-10T06:55:00Z,6.49,6.49,6.47,6.48,3029.819,19652.49822
1665385200000,2022-10-10T07:00:00Z,6.48,6.49,6.47,6.49,2072.55,13434.86651
1665385500000,2022-10-10T07:05:00Z,6.49,6.5,6.49,6.5,3661.083,23766.7679
1665385800000,2022-10-10T07:10:00Z,6.5,6.51,6.5,6.51,1330.706,8659.14648
1665386100000,2022-10-10T07:15:00Z,6.51,6.51,6.5,6.5,1267.381,8246.03243
1665386400000,2022-10-10T07:20:00Z,6.5,6.51,6.5,6.51,450.692,2934.00492
1665386700000,2022-10-10T07:25:00Z,6.51,6.51,6.51,6.51,500.613,3258.99063
1665387000000,2022-10-10T07:30:00Z,6.51,6.51,6.5,6.5,0.389,2.5285
1665387300000,2022-10-10T07:35:00Z,6.5,6.51,6.5,6.5,1626.928,10579.7674
1665387600000,2022-10-10T07:40:00Z,6.5,6.5,6.5,6.5,289,1878.5
1665387900000,2022-10-10T07:45:00Z,6.5,6.5,6.49,6.5,897.424,5833.25211
1665388200000,2022-10-10T07:50:00Z,6.5,6.5,6.49,6.49,0.389,2.52461
1665388500000,2022-10-10T07:55:00Z,6.49,6.5,6.49,6.5,0.778,5.05311
1665388800000,2022-10-10T08:00:00Z,6.5,6.5,6.47,6.47,2325.819,15070.19898
1665389100000,2022-10-10T08:05:00Z,6.47,6.47,6.46,6.46,1058.025,6834.87364
1665389400000,2022-10-10T08:10:00Z,6.46,6.46,6.43,6.43,3346.368,21554.86986
1665389700000,2022-10-10T08:15:00Z,6.43,6.44,6.41,6.43,2369.891,15231.11635
1665390000000,2022-10-10T08:20:00Z,6.43,6.43,6.38,6.39,9657.533,61726.1495
1665390300000,2022-10-10T08:25:00Z,6.39,6.39,6.34,6.38,9380.711,59731.31127
1665390600000,2022-10-10T08:30:00Z,6.38,6.38,6.34,6.34,6004.544,38128.00224
1665390900000,2022-10-10T08:35:00Z,6.34,6.34,6.31,6.33,6203.374,39214.06732
1665391200000,2022-10-10T08:40:00Z,6.33,6.34,6.33,6.34,2736.683,17338.91828
1665391500000,2022-10-10T08:45:00Z,6.34,6.34,6.32,6.34,1433.086,9084.29526
1665391800000,2022-10-10T08:50:00Z,6.34,6.34,6.34,6.34,1566.685,9932.7829
1665392100000,2022-10-10T08:55:00Z,6.34,6.34,6.33,6.33,590.473,3738.82409
1665392400000,2022-10-10T09:00:00Z,6.33,6.36,6.33,6.36,2511.288,15935.09596
1665392700000,2022-10-10T09:05:00Z,6.36,6.36,6.35,6.36,929.731,5912.20154
1665393000000,2022-10-10T09:10:00Z,6.36,6.37,6.36,6.36,1741.363,11076.63853
1665393300000,2022-10-10T09:15:00Z,6.36,6.38,6.36,6.38,829.529,5290.87008
1665393600000,2022-10-10T09:20:00Z,6.38,6.39,6.38,6.39,1074.058,6855.36896
1665393900000,2022-10-10T09:25:00Z,6.39,6.39,6.38,6.38,294.801,1880.83038
1665394200000,2022-10-10T09:30:00Z,6.38,6.38,6.37,6.37,393.283,2509.14165
1665394500000,2022-10-10T09:35:00Z,6.37,6.37,6.36,6.37,470.12,2992.18329
1665394800000,2022-10-10T09:40:00Z,6.37,6.37,6.37,6.37,787.445,5016.02465
1665395100000,2022-10-10T09:45:00Z,6.37,6.39,6.37,6.39,990.959,6329.96449
1665395400000,2022-10-10T09:50:00Z,6.39,6.39,6.38,6.39,1717.152,10971.13846
1665395700000,2022-10-10T09:55:00Z,6.39,6.39,6.39,6.39,1772.475,11326.11525
1665396000000,2022-10-10T10:00:00Z,6.39,6.39,6.39,6.39,994.32,6353.7048
1665396300000,2022-10-10T10:05:00Z,6.39,6.39,6.39,6.39,988.126,6314.12514
1665396600000,2022-10-10T10:10:00Z,6.39,6.4,6.38,6.4,568.143,3630.70013
1665396900000,2022-10-10T10:15:00Z,6.4,6.4,6.39,6.39,449.538,2872.66368
1665397200000,2022-10-10T10:20:00Z,6.39,6.39,6.39,6.39,497.601,3179.67039
1665397500000,2022-10-10T10:25:00Z,6.39,6.39,6.39,6.39,0.389,2.48571
1665397800000,2022-10-10T10:30:00Z,6.39,6.39,6.39,6.39,104.763,669.43557
1665398100000,2022-10-10T10:35:00Z,6.39,6.39,6.39,6.39,639.25,4084.8075
1665398400000,2022-10-10T10:40:00Z,6.39,6.39,6.39,6.39,1072.749,6854.86611
1665398700000,2022-10-10T10:45:00Z,6.39,6.39,6.39,6.39,703.445,4495.01355
1665399000000,2022-10-10T10:50:00Z,6.39,6.39,6.38,6.39,79,504.8
1665399300000,2022-10-10T10:55:00Z,6.39,6.39,6.38,6.38,1036.1,6610.318
1665399600000,2022-10-10T11:00:00Z,6.38,6.38,6.37,6.38,298.099,1901.86773
1665399900000,2022-10-10T11:05:00Z,6.38,6.39,6.38,6.39,1254.415,8015.71185
1665400200000,2022-10-10T11:10:00Z,6.39,6.4,6.39,6.39,2645.853,16923.3229
1665400500000,2022-10-10T11:15:00Z,6.39,6.4,6.39,6.4,2122.833,13579.19016
1665400800000,2022-10-10T11:20:00Z,6.4,6.4,6.4,6.4,1293.56,8278.784
1665401100000,2022-10-10T11:25:00Z,6.4,6.41,6.4,6.41,1688.562,10823.68242
1665401400000,2022-10-10T11:30:00Z,6.41,6.42,6.41,6.41,519.177,3327.94572
1665401700000,2022-10-10T11:35:00Z,6.41,6.42,6.41,6.42,8.177,52.49245
1665402000000,2022-10-10T11:40:00Z,6.42,6.42,6.41,6.41,512.697,3286.38777
1665402300000,2022-10-10T11:45:00Z,6.41,6.41,6.4,6.4,318.369,2037.5616
1665402600000,2022-10-10T11:50:00Z,6.4,6.4,6.39,6.4,1002.505,6416.02811
1665402900000,2022-10-10T11:55:00Z,6.4,6.4,6.4,6.4,1761.766,11275.3024
1665403200000,2022-10-10T12:00:00Z,6.4,6.4,6.4,6.4,1389.548,8893.1072
1665403500000,2022-10-10T12:05:00Z,6.4,6.4,6.4,6.4,1136.654,7274.5856
1665403800000,2022-10-10T12:10:00Z,6.4,6.41,6.4,6.41,0.389,2.49349
1665404100000,2022-10-10T12:15:00Z,6.41,6.41,6.4,6.41,505.753,3238.58716
1665404400000,2022-10-10T12:20:00Z,6.41,6.42,6.41,6.42,574.377,3681.76046
1665404700000,2022-10-10T12:25:00Z,6.42,6.42,6.42,6.42,283.713,1821.43746
1665405000000,2022-10-10T12:30:00Z,6.42,6.43,6.42,6.42,1600.701,10281.62191
1665405300000,2022-10-10T12:35:00Z,6.42,6.43,6.42,6.43,1266.82,8145.6526
1665405600000,2022-10-10T12:40:00Z,6.43,6.43,6.42,6.42,742.165,4764.6993
1665405900000,2022-10-10T12:45:00Z,6.42,6.42,6.42,6.42,1786.377,11468.54034
1665406200000,2022-10-10T12:50:00Z,6.42,6.43,6.42,6.42,21.261,136.68877
1665406500000,2022-10-10T12:55:00Z,6.42,6.44,6.42,6.44,1600.025,10300.89314
1665406800000,2022-10-10T13:00:00Z,6.44,6.45,6.44,6.45,351.173,2265.06196
1665407100000,2022-10-10T13:05:00Z,6.45,6.45,6.45,6.45,1474.328,9509.4156
1665407400000,2022-10-10T13:10:00Z,6.45,6.45,6.44,6.44,769.739,4957.11916
1665407700000,2022-10-10T13:15:00Z,6.44,6.44,6.43,6.43,1373.726,8845.24895
1665408000000,2022-10-10T13:20:00Z,6.43,6.43,6.43,6.43,459.42,2954.0706
1665408300000,2022-10-10T13:25:00Z,6.43,6.43,6.42,6.42,357.502,2296.28895
1665408600000,2022-10-10T13:30:00Z,6.42,6.43,6.41,6.41,1921.422,12337.28103
1665408900000,2022-10-10T13:35:00Z,6.41,6.41,6.4,6.41,2411.004,15439.38359
1665409200000,2022-10-10T13:40:00Z,6.41,6.42,6.4,6.41,2632.21,16867.92429
1665409500000,2022-10-10T13:45:00Z,6.41,6.42,6.41,6.42,666.204,4272.67678
1665409800000,2022-10-10T13:50:00Z,6.42,6.42,6.39,6.39,1040.435,6656.72615
1665410100000,2022-10-10T13:55:00Z,6.39,6.4,6.39,6.39,201.498,1288.68331
1665410400000,2022-10-10T14:00:00Z,6.39,6.39,6.39,6.39,1120.231,7158.27609
1665410700000,2022-10-10T14:05:00Z,6.39,6.4,6.38,6.38,3009.13,19229.43061
1665411000000,2022-10-10T14:10:00Z,6.38,6.39,6.37,6.39,2146.137,13695.23903
1665411300000,2022-10-10T14:15:00Z,6.39,6.39,6.39,6.39,859.98,5495.2722
1665411600000,2022-10-10T14:20:00Z,6.39,6.39,6.39,6.39,504.637,3224.63043
1665411900000,2022-10-10T14:25:00Z,6.39,6.41,6.38,6.4,1408.145,9011.10788
1665412200000,2022-10-10T14:30:00Z,6.4,6.43,6.4,6.4,3240.53,20782.23
1665412500000,2022-10-10T14:35:00Z,6.4,6.4,6.35,6.35,2972.453,18936.5923
1665412800000,2022-10-10T14:40:00Z,6.35,6.35,6.34,6.35,1158.498,7355.41577
1665413100000,2022-10-10T14:45:00Z,6.35,6.36,6.35,6.36,730.843,4648.16148
1665413400000,2022-10-10T14:50:00Z,6.36,6.36,6.34,6.34,795.443,5055.99731
1665413700000,2022-10-10T14:55:00Z,6.34,6.34,6.34,6.34,937.971,5946.73614
1665414000000,2022-10-10T15:00:00Z,6.34,6.35,6.34,6.34,538.792,3415.94517
1665414300000,2022-10-10T15:05:00Z,6.34,6.35,6.34,6.35,445.516,2829.0266
1665414600000,2022-10-10T15:10:00Z,6.35,6.37,6.35,6.37,722.695,4601.70715
1665414900000,2022-10-10T15:15:00Z,6.37,6.38,6.37,6.38,1559.923,9946.61836
1665415200000,2022-10-10T15:20:00Z,6.38,6.4,6.38,6.39,860.704,5501.62677
1665415500000,2022-10-10T15:25:00Z,6.39,6.4,6.39,6.4,762.396,4873.53628
1665415800000,2022-10-10T15:30:00Z,6.4,6.4,6.39,6.4,122.213,781.87327
1665416100000,2022-10-10T15:35:00Z,6.4,6.4,6.38,6.38,1424.494,9106.28117
1665416400000,2022-10-10T15:40:00Z,6.38,6.38,6.38,6.38,957.47,6108.6586
1665416700000,2022-10-10T15:45:00Z,6.38,6.38,6.37,6.38,492.449,3139.56063
1665417000000,2022-10-10T15:50:00Z,6.38,6.39,6.38,6.39,1100.022,7025.13694
1665417300000,2022-10-10T15:55:00Z,6.39,6.39,6.39,6.39,641.059,4096.36701
1665417600000,2022-10-10T16:00:00Z,6.39,6.39,6.39,6.39,277.073,1770.49647
1665417900000,2022-10-10T16:05:00Z,6.39,6.39,6.36,6.37,733.669,4678.01998
1665418200000,2022-10-10T16:10:00Z,6.37,6.37,6.37,6.37,464.077,2956.17049
1665418500000,2022-10-10T16:15:00Z,6.37,6.37,6.36,6.37,227.173,1447.08028
1665418800000,2022-10-10T16:20:00Z,6.37,6.37,6.3,6.32,3439.889,21760.29526
1665419100000,2022-10-10T16:25:00Z,6.32,6.32,6.32,6.32,873.325,5519.414
1665419400000,2022-10-10T16:30:00Z,6.32,6.34,6.32,6.34,416.672,2638.75925
1665419700000,2022-10-10T16:35:00Z,6.34,6.34,6.34,6.34,446,2827.64
1665420000000,2022-10-10T16:40:00Z,6.34,6.35,6.34,6.35,725.361,4606.04235
1665420300000,2022-10-10T16:45:00Z,6.35,6.35,6.34,6.34,972.029,6167.71368
1665420600000,2022-10-10T16:50:00Z,6.34,6.34,6.31,6.31,860.395,5444.33452
1665420900000,2022-10-10T16:55:00Z,6.31,6.32,6.31,6.32,1138.619,7196.07208
1665421200000,2022-10-10T17:00:00Z,6.32,6.32,6.3,6.3,1392.731,8782.75438
1665421500000,2022-10-10T17:05:00Z,6.3,6.3,6.28,6.29,2125.034,13370.83885
1665421800000,2022-10-10T17:10:00Z,6.29,6.32,6.29,6.32,1298.925,8197.77066
1665422100000,2022-10-10T17:15:00Z,6.32,6.33,6.31,6.32,1689.912,10682.27184
1665422400000,2022-10-10T17:20:00Z,6.32,6.32,6.32,6.32,850.046,5372.29072
1665422700000,2022-10-10T17:25:00Z,6.32,6.32,6.31,6.31,107.389,678.69459
1665423000000,2022-10-10T17:30:00Z,6.31,6.35,6.31,6.34,1074.528,6805.7018
1665423300000,2022-10-10T17:35:00Z,6.34,6.35,6.34,6.34,205.389,1302.17015
1665423600000,2022-10-10T17:40:00Z,6.34,6.34,6.33,6.33,1044.036,6612.86842
1665423900000,2022-10-10T17:45:00Z,6.33,6.37,6.33,6.37,2486.583,15793.38708
1665424200000,2022-10-10T17:50:00Z,6.37,6.39,6.37,6.39,2163.739,13807.12922
1665424500000,2022-10-10T17:55:00Z,6.39,6.39,6.39,6.39,2780.479,17767.26081
1665424800000,2022-10-10T18:00:00Z,6.39,6.39,6.39,6.39,1134.514,7249.54446
1665425100000,2022-10-10T18:05:00Z,6.39,6.39,6.38,6.39,1913.208,12225.39012
1665425400000,2022-10-10T18:10:00Z,6.39,6.39,6.39,6.39,330.131,2109.53709
1665425700000,2022-10-10T18:15:00Z,6.39,6.39,6.38,6.39,1361.869,8694.88891
1665426000000,2022-10-10T18:20:00Z,6.39,6.39,6.37,6.37,1787.392,11403.20523
1665426300000,2022-10-10T18:25:00Z,6.37,6.38,6.37,6.38,619.171,3947.4087
1665426600000,2022-10-10T18:30:00Z,6.38,6.39,6.38,6.39,1384.649,8837.60757
1665426900000,2022-10-10T18:35:00Z,6.39,6.39,6.39,6.39,376.683,2407.00437
1665427200000,2022-10-10T18:40:00Z,6.39,6.39,6.38,6.38,667.383,4264.19737
1665427500000,2022-10-10T18:45:00Z,6.38,6.38,6.37,6.37,1554.512,9902.24144
1665427800000,2022-10-10T18:50:00Z,6.37,6.37,6.37,6.37,617.673,3934.57701
1665428100000,2022-10-10T18:55:00Z,6.37,6.37,6.36,6.36,900.44,5730.8284
1665428400000,2022-10-10T19:00:00Z,6.36,6.37,6.36,6.36,1761.109,11206.08644
1665428700000,2022-10-10T19:05:00Z,6.36,6.36,6.36,6.36,999.843,6359.00148
1665429000000,2022-10-10T19:10:00Z,6.36,6.36,6.36,6.36,1027.345,6533.9142
1665429300000,2022-10-10T19:15:00Z,6.36,6.38,6.36,6.38,313.604,1998.80702
1665429600000,2022-10-10T19:20:00Z,6.38,6.38,6.38,6.38,241.26,1539.2388
1665429900000,2022-10-10T19:25:00Z,6.38,6.38,6.36,6.36,1030.109,6557.75784
1665430200000,2022-10-10T19:30:00Z,6.36,6.37,6.36,6.37,558.829,3555.02623
1665430500000,2022-10-10T19:35:00Z,6.37,6.37,6.36,6.37,421.687,2686.1423
1665430800000,2022-10-10T19:40:00Z,6.37,6.37,6.37,6.37,0.389,2.47793
1665431100000,2022-10-10T19:45:00Z,6.37,6.37,6.36,6.37,595.262,3791.81505
1665431400000,2022-10-10T19:50:00Z,6.37,6.37,6.37,6.37,1257.202,8008.37674
1665431700000,2022-10-10T19:55:00Z,6.37,6.37,6.36,6.36,834.229,5311.24651
1665432000000,2022-10-10T20:00:00Z,6.36,6.36,6.35,6.35,0.389,2.47015
1665432300000,2022-10-10T20:05:00Z,6.35,6.36,6.35,6.35,15.607,99.10834
1665432600000,2022-10-10T20:10:00Z,6.35,6.36,6.35,6.36,1638.852,10423.03756
1665432900000,2022-10-10T20:15:00Z,6.36,6.36,6.36,6.36,208.2,1324.152
1665433200000,2022-10-10T20:20:00Z,6.36,6.37,6.35,6.37,112.041,712.65539
1665433500000,2022-10-10T20:25:00Z,6.37,6.37,6.36,6.36,204.389,1299.91404
1665433800000,2022-10-10T20:30:00Z,6.36,6.36,6.35,6.36,309.715,1969.78351
1665434100000,2022-10-10T20:35:00Z,6.36,6.36,6.35,6.35,1371.15,8715.62759
1665434400000,2022-10-10T20:40:00Z,6.35,6.35,6.34,6.34,0.389,2.46626
1665434700000,2022-10-10T20:45:00Z,6.34,6.36,6.34,6.36,586.812,3730.10432
1665435000000,2022-10-10T20:50:00Z,6.36,6.36,6.35,6.35,206,1308.1
1665435300000,2022-10-10T20:55:00Z,6.35,6.35,6.35,6.35,439.096,2788.2596
1665435600000,2022-10-10T21:00:00Z,6.35,6.38,6.35,6.38,631.385,4020.27284
1665435900000,2022-10-10T21:05:00Z,6.38,6.38,6.36,6.36,574.014,3653.8596
1665436200000,2022-10-10T21:10:00Z,6.36,6.36,6.36,6.36,0.389,2.47404
1665436500000,2022-10-10T21:15:00Z,6.36,6.36,6.35,6.36,459.12,2919.99931
1665436800000,2022-10-10T21:20:00Z,6.36,6.36,6.36,6.36,0.778,4.94808
1665437100000,2022-10-10T21:25:00Z,6.36,6.36,6.35,6.36,1320.807,8391.49633
1665437400000,2022-10-10T21:30:00Z,6.36,6.36,6.36,6.36,111.509,709.19724
1665437700000,2022-10-10T21:35:00Z,6.36,6.36,6.35,6.35,144.43,917.1305
1665438000000,2022-10-10T21:40:00Z,6.35,6.35,6.35,6.35,161.019,1022.47065
1665438300000,2022-10-10T21:45:00Z,6.35,6.36,6.34,6.35,465.935,2959.15347
1665438600000,2022-10-10T21:50:00Z,6.35,6.36,6.35,6.36,251.378,1598.76408
1665438900000,2022-10-10T21:55:00Z,6.36,6.37,6.36,6.37,6.389,40.63793
1665439200000,2022-10-10T22:00:00Z,6.37,6.37,6.35,6.36,386.377,2454.76712
1665439500000,2022-10-10T22:05:00Z,6.36,6.36,6.22,6.28,6712.729,41922.06876
1665439800000,2022-10-10T22:10:00Z,6.28,6.29,6.28,6.29,2140.258,13447.04211
1665440100000,2022-10-10T22:15:00Z,6.29,6.31,6.28,6.31,529.257,3330.36967
1665440400000,2022-10-10T22:20:00Z,6.31,6.34,6.31,6.34,934.334,5909.23476
1665440700000,2022-10-10T22:25:00Z,6.34,6.34,6.32,6.34,1242.661,7871.57696
1665441000000,2022-10-10T22:30:00Z,6.34,6.34,6.33,6.33,537.696,3403.61957
1665441300000,2022-10-10T22:35:00Z,6.33,6.33,6.31,6.32,1781.316,11257.51538
1665441600000,2022-10-10T22:40:00Z,6.32,6.32,6.31,6.32,2055.343,12981.37776
1665441900000,2022-10-10T22:45:00Z,6.32,6.34,6.32,6.33,823.352,5212.00719
1665442200000,2022-10-10T22:50:00Z,6.33,6.34,6.33,6.34,344.802,2183.35449
1665442500000,2022-10-10T22:55:00Z,6.34,6.34,6.34,6.34,666.24,4223.9616
1665442800000,2022-10-10T23:00:00Z,6.34,6.4,6.34,6.4,1884.725,12013.79759
1665443100000,2022-10-10T23:05:00Z,6.4,6.41,6.38,6.39,2640.269,16888.0709
1665443400000,2022-10-10T23:10:00Z,6.39,6.39,6.39,6.39,975.214,6231.61746
1665443700000,2022-10-10T23:15:00Z,6.39,6.43,6.39,6.43,1246.19,8004.13814
1665444000000,2022-10-10T23:20:00Z,6.43,6.45,6.42,6.45,1958.64,12622.5197
1665444300000,2022-10-10T23:25:00Z,6.45,6.45,6.42,6.43,1381.117,8887.70401
1665444600000,2022-10-10T23:30:00Z,6.43,6.43,6.41,6.41,1077.981,6923.09116
1665444900000,2022-10-10T23:35:00Z,6.41,6.41,6.4,6.4,644.009,4127.15749
1665445200000,2022-10-10T23:40:00Z,6.4,6.4,6.39,6.39,700.557,4481.20211
1665445500000,2022-10-10T23:45:00Z,6.39,6.4,6.35,6.4,5571.21,35515.56225
1665445800000,2022-10-10T23:50:00Z,6.4,6.41,6.4,6.4,1091.277,6989.7454
1665446100000,2022-10-10T23:55:00Z,6.4,6.41,6.39,6.39,1565.177,10023.87044
1665446400000,2022-10-11T00:00:00Z,6.39,6.39,6.31,6.34,9345.722,59315.52898
1665446700000,2022-10-11T00:05:00Z,6.34,6.34,6.29,6.3,5947.447,37513.74414
1665447000000,2022-10-11T00:10:00Z,6.3,6.31,6.23,6.27,8017.231,50208.60496
1665447300000,2022-10-11T00:15:00Z,6.27,6.32,6.26,6.31,5539.335,34885.049
1665447600000,2022-10-11T00:20:00Z,6.31,6.34,6.31,6.33,3013.467,19061.50113
1665447900000,2022-10-11T00:25:00Z,6.33,6.38,6.33,6.38,4457.452,28301.46971
1665448200000,2022-10-11T00:30:00Z,6.38,6.4,6.38,6.4,5096.26,32545.21162
1665448500000,2022-10-11T00:35:00Z,6.4,6.4,6.39,6.39,3968.582,25387.17166
1665448800000,2022-10-11T00:40:00Z,6.39,6.39,6.35,6.36,2291.759,14578.84646
1665449100000,2022-10-11T00:45:00Z,6.36,6.38,6.33,6.38,3279.69,20832.12431
1665449400000,2022-10-11T00:50:00Z,6.38,6.42,6.38,6.41,4828.714,30921.63797
1665449700000,2022-10-11T00:55:00Z,6.41,6.41,6.39,6.39,3786.092,24227.43554
1665450000000,2022-10-11T01:00:00Z,6.39,6.39,6.36,6.37,3107.374,19810.78639
1665450300000,2022-10-11T01:05:00Z,6.37,6.41,6.37,6.41,3521.871,22514.49357
1665450600000,2022-10-11T01:10:00Z,6.41,6.45,6.41,6.43,5654.793,36382.42123
1665450900000,2022-10-11T01:15:00Z,6.43,6.45,6.41,6.45,2310.001,14856.73241
1665451200000,2022-10-11T01:20:00Z,6.45,6.45,6.44,6.44,1395.113,8997.46745
1665451500000,2022-10-11T01:25:00Z,6.44,6.44,6.42,6.42,3380.543,21721.78295
1665451800000,2022-10-11T01:30:00Z,6.42,6.44,6.4,6.44,5046.9,32447.17864
1665452100000,2022-10-11T01:35:00Z,6.44,6.45,6.44,6.45,3100.539,19969.8553
1665452400000,2022-10-11T01:40:00Z,6.45,6.45,6.42,6.42,6269.42,40323.57275
1665452700000,2022-10-11T01:45:00Z,6.42,6.42,6.39,6.42,3418.492,21892.50932
1665453000000,2022-10-11T01:50:00Z,6.42,6.44,6.42,6.43,3259.942,20977.0705
1665453300000,2022-10-11T01:55:00Z,6.43,6.45,6.43,6.44,3005.083,19360.29103
1665453600000,2022-10-11T02:00:00Z,6.44,6.45,6.41,6.41,3390.739,21826.96188
1665453900000,2022-10-11T02:05:00Z,6.41,6.43,6.41,6.41,3092.627,19864.54813
1665454200000,2022-10-11T02:10:00Z,6.41,6.45,6.41,6.45,4959.878,31894.1966
1665454500000,2022-10-11T02:15:00Z,6.45,6.49,6.43,6.49,6430.85,41591.65609
1665454800000,2022-10-11T02:20:00Z,6.49,6.5,6.48,6.49,2991.998,19420.34648
1665455100000,2022-10-11T02:25:00Z,6.49,6.5,6.48,6.5,1796.187,11665.1712
1665455400000,2022-10-11T02:30:00Z,6.5,6.51,6.48,6.49,2992.055,19441.55303
1665455700000,2022-10-11T02:35:00Z,6.49,6.5,6.48,6.48,1134.567,7355.70285
1665456000000,2022-10-11T02:40:00Z,6.48,6.49,6.47,6.49,1230.21,7962.72675
1665456300000,2022-10-11T02:45:00Z,6.49,6.5,6.48,6.5,887.616,5761.64843
1665456600000,2022-10-11T02:50:00Z,6.5,6.5,6.48,6.48,1221.413,7923.6624
1665456900000,2022-10-11T02:55:00Z,6.48,6.48,6.46,6.46,1011.836,6540.42904
1665457200000,2022-10-11T03:00:00Z,6.46,6.47,6.46,6.47,1878.148,12144.08444
1665457500000,2022-10-11T03:05:00Z,6.47,6.47,6.46,6.46,1274.521,8233.40566
1665457800000,2022-10-11T03:10:00Z,6.46,6.46,6.44,6.45,2487.232,16028.64102
1665458100000,2022-10-11T03:15:00Z,6.45,6.45,6.43,6.44,1201.301,7736.32464
1665458400000,2022-10-11T03:20:00Z,6.44,6.45,6.44,6.45,785.509,5059.81796
1665458700000,2022-10-11T03:25:00Z,6.45,6.45,6.44,6.44,965.404,6219.71272
1665459000000,2022-10-11T03:30:00Z,6.44,6.44,6.43,6.44,217.555,1401.03865
1665459300000,2022-10-11T03:35:00Z,6.44,6.44,6.42,6.42,1946.604,12510.84113
1665459600000,2022-10-11T03:40:00Z,6.42,6.43,6.42,6.43,1880.83,12086.55201
1665459900000,2022-10-11T03:45:00Z,6.43,6.45,6.43,6.44,1167.944,7522.2617
1665460200000,2022-10-11T03:50:00Z,6.44,6.45,6.44,6.45,1618.361,10425.74738
1665460500000,2022-10-11T03:55:00Z,6.45,6.45,6.45,6.45,547.748,3532.9746
1665460800000,2022-10-11T04:00:00Z,6.45,6.46,6.44,6.44,2323.562,14973.16938
1665461100000,2022-10-11T04:05:00Z,6.44,6.44,6.43,6.44,3632.687,23381.10646
1665461400000,2022-10-11T04:10:00Z,6.44,6.45,6.44,6.45,1174.052,7571.38561
1665461700000,2022-10-11T04:15:00Z,6.45,6.45,6.43,6.43,1474.305,9486.60477
1665462000000,2022-10-11T04:20:00Z,6.43,6.43,6.43,6.43,1605.218,10321.55174
1665462300000,2022-10-11T04:25:00Z,6.43,6.43,6.43,6.43,588.446,3783.70778
1665462600000,2022-10-11T04:30:00Z,6.43,6.43,6.41,6.42,5048.491,32409.78598
1665462900000,2022-10-11T04:35:00Z,6.42,6.42,6.41,6.41,281.384,1803.67144
1665463200000,2022-10-11T04:40:00Z,6.41,6.43,6.41,6.43,767.316,4929.74887
1665463500000,2022-10-11T04:45:00Z,6.43,6.43,6.39,6.39,4724.931,30247.69377
1665463800000,2022-10-11T04:50:00Z,6.39,6.39,6.37,6.38,1515.297,9663.9626
1665464100000,2022-10-11T04:55:00Z,6.38,6.38,6.36,6.36,463.32,2951.34258
1665464400000,2022-10-11T05:00:00Z,6.36,6.37,6.36,6.36,2212.551,14078.88007
1665464700000,2022-10-11T05:05:00Z,6.36,6.37,6.35,6.37,492.95,3136.06412
1665465000000,2022-10-11T05:10:00Z,6.37,6.38,6.37,6.38,248.684,1586.0463
1665465300000,2022-10-11T05:15:00Z,6.38,6.39,6.38,6.38,125.444,800.33661
1665465600000,2022-10-11T05:20:00Z,6.38,6.38,6.37,6.37,1081.146,6886.90002
1665465900000,2022-10-11T05:25:00Z,6.37,6.37,6.37,6.37,430.556,2742.64172
1665466200000,2022-10-11T05:30:00Z,6.37,6.37,6.36,6.37,762.847,4851.71081
1665466500000,2022-10-11T05:35:00Z,6.37,6.37,6.34,6.34,1970.968,12513.69896
1665466800000,2022-10-11T05:40:00Z,6.34,6.34,6.33,6.33,795.977,5043.19368
1665467100000,2022-10-11T05:45:00Z,6.33,6.33,6.32,6.32,52.099,329.53568
1665467400000,2022-10-11T05:50:00Z,6.32,6.32,6.3,6.31,1685.081,10626.03482
1665467700000,2022-10-11T05:55:00Z,6.31,6.31,6.3,6.3,1714.916,10805.12116
1665468000000,2022-10-11T06:00:00Z,6.3,6.31,6.29,6.3,1875.31,11814.48172
1665468300000,2022-10-11T06:05:00Z,6.3,6.31,6.29,6.3,2864.846,18047.7824
1665468600000,2022-10-11T06:10:00Z,6.3,6.3,6.29,6.3,2026.189,12764.37173
1665468900000,2022-10-11T06:15:00Z,6.3,6.3,6.29,6.29,282.189,1777.78681
1665469200000,2022-10-11T06:20:00Z,6.29,6.29,6.29,6.29,980.883,6169.75407
1665469500000,2022-10-11T06:25:00Z,6.29,6.29,6.29,6.29,1108.86,6974.7294
1665469800000,2022-10-11T06:30:00Z,6.29,6.33,6.29,6.32,3756.052,23691.40135
1665470100000,2022-10-11T06:35:00Z,6.32,6.34,6.32,6.34,1862.519,11779.76864
1665470400000,2022-10-11T06:40:00Z,6.34,6.35,6.33,6.34,1709.858,10838.01768
1665470700000,2022-10-11T06:45:00Z,6.34,6.35,6.34,6.35,98.904,628.0404
1665471000000,2022-10-11T06:50:00Z,6.35,6.35,6.34,6.34,1034.911,6561.39022
1665471300000,2022-10-11T06:55:00Z,6.34,6.34,6.31,6.32,2263.962,14310.72122
1665471600000,2022-10-11T07:00:00Z,6.32,6.32,6.31,6.32,3257.404,20567.3982
1665471900000,2022-10-11T07:05:00Z,6.32,6.32,6.32,6.32,230.234,1455.07888
1665472200000,2022-10-11T07:10:00Z,6.32,6.32,6.3,6.3,3895.324,24550.63356
1665472500000,2022-10-11T07:15:00Z,6.3,6.31,6.3,6.31,2515.209,15861.93054
1665472800000,2022-10-11T07:20:00Z,6.31,6.32,6.31,6.31,3512.504,22183.62696
1665473100000,2022-10-11T07:25:00Z,6.31,6.32,6.31,6.32,2039.723,12878.65243
1665473400000,2022-10-11T07:30:00Z,6.32,6.33,6.32,6.33,3590.094,22721.07829
1665473700000,2022-10-11T07:35:00Z,6.33,6.34,6.33,6.34,513.044,3252.69896
1665474000000,2022-10-11T07:40:00Z,6.34,6.34,6.34,6.34,216.778,1374.37252
1665474300000,2022-10-11T07:45:00Z,6.34,6.34,6.33,6.33,1022.526,6472.58958
1665474600000,2022-10-11T07:50:00Z,6.33,6.33,6.33,6.33,8.157,51.63381
1665474900000,2022-10-11T07:55:00Z,6.33,6.33,6.32,6.32,141.495,894.2484
1665475200000,2022-10-11T08:00:00Z,6.32,6.34,6.32,6.34,3632.34,22988.39656
1665475500000,2022-10-11T08:05:00Z,6.34,6.35,6.34,6.35,1472.117,9343.34039
1665475800000,2022-10-11T08:10:00Z,6.35,6.37,6.35,6.37,1288.887,8197.26398
1665476100000,2022-10-11T08:15:00Z,6.37,6.37,6.36,6.36,657.25,4180.11
1665476400000,2022-10-11T08:20:00Z,6.36,6.36,6.35,6.35,561.399,3567.99429
1665476700000,2022-10-11T08:25:00Z,6.35,6.35,6.34,6.35,1652.107,10483.11709
1665477000000,2022-10-11T08:30:00Z,6.35,6.35,6.35,6.35,524.664,3331.6164
1665477300000,2022-10-11T08:35:00Z,6.35,6.36,6.35,6.36,0.778,4.94419
1665477600000,2022-10-11T08:40:00Z,6.36,6.36,6.35,6.36,11.912,75.75643
1665477900000,2022-10-11T08:45:00Z,6.36,6.36,6.35,6.35,1521.352,9660.5852
1665478200000,2022-10-11T08:50:00Z,6.35,6.35,6.35,6.35,807.471,5127.44085
1665478500000,2022-10-11T08:55:00Z,6.35,6.35,6.33,6.33,307.261,1947.9011
1665478800000,2022-10-11T09:00:00Z,6.33,6.34,6.33,6.33,2455.742,15546.88043
1665479100000,2022-10-11T09:05:00Z,6.33,6.33,6.32,6.33,2273.475,14380.36645
1665479400000,2022-10-11T09:10:00Z,6.33,6.33,6.33,6.33,751.66,4758.0078
1665479700000,2022-10-11T09:15:00Z,6.33,6.33,6.33,6.33,231.611,1466.09763
1665480000000,2022-10-11T09:20:00Z,6.33,6.33,6.32,6.32,1714.834,10837.75088
1665480300000,2022-10-11T09:25:00Z,6.32,6.32,6.32,6.32,1660.605,10495.0236
1665480600000,2022-10-11T09:30:00Z,6.32,6.32,6.31,6.31,1542.3,9746.32094
1665480900000,2022-10-11T09:35:00Z,6.31,6.31,6.29,6.29,601.048,3783.63017
1665481200000,2022-10-11T09:40:00Z,6.29,6.29,6.27,6.29,2003.354,12569.30374
1665481500000,2022-10-11T09:45:00Z,6.29,6.29,6.27,6.29,1619.353,10174.07159
1665481800000,2022-10-11T09:50:00Z,6.29,6.3,6.28,6.29,1300.925,8185.65844
1665482100000,2022-10-11T09:55:00Z,6.29,6.3,6.29,6.29,899.046,5658.63446
1665482400000,2022-10-11T10:00:00Z,6.29,6.29,6.27,6.27,1210.817,7600.208
1665482700000,2022-10-11T10:05:00Z,6.27,6.27,6.24,6.24,8962.182,56027.82981
1665483000000,2022-10-11T10:10:00Z,6.24,6.25,6.23,6.25,867.045,5417.82663
1665483300000,2022-10-11T10:15:00Z,6.25,6.25,6.23,6.23,1373.891,8562.14674
1665483600000,2022-10-11T10:20:00Z,6.23,6.23,6.22,6.23,351.118,2187.3884
1665483900000,2022-10-11T10:25:00Z,6.23,6.25,6.23,6.25,1188.645,7427.70409
1665484200000,2022-10-11T10:30:00Z,6.25,6.25,6.23,6.23,758.467,4726.57941
1665484500000,2022-10-11T10:35:00Z,6.23,6.23,6.21,6.23,380.648,2366.90027
1665484800000,2022-10-11T10:40:00Z,6.23,6.23,6.22,6.23,599.98,3736.6754
1665485100000,2022-10-11T10:45:00Z,6.23,6.23,6.22,6.23,375.618,2340.09625
1665485400000,2022-10-11T10:50:00Z,6.23,6.24,6.23,6.23,1023.5,6376.42102
1665485700000,2022-10-11T10:55:00Z,6.23,6.25,6.23,6.24,755.817,4716.30128
1665486000000,2022-10-11T11:00:00Z,6.24,6.24,6.24,6.24,1632.005,10183.7112
1665486300000,2022-10-11T11:05:00Z,6.24,6.25,6.24,6.25,1922.21,12006.42338
1665486600000,2022-10-11T11:10:00Z,6.25,6.25,6.24,6.24,352.693,2200.80432
1665486900000,2022-10-11T11:15:00Z,6.24,6.25,6.24,6.25,1205.252,7520.93637
1665487200000,2022-10-11T11:20:00Z,6.25,6.25,6.24,6.25,2141.313,13366.5186
1665487500000,2022-10-11T11:25:00Z,6.25,6.25,6.25,6.25,2057.476,12859.225
1665487800000,2022-10-11T11:30:00Z,6.25,6.25,6.23,6.23,1186.696,7400.75611
1665488100000,2022-10-11T11:35:00Z,6.23,6.24,6.23,6.24,8.401,52.41835
1665488400000,2022-10-11T11:40:00Z,6.24,6.24,6.24,6.24,871.736,5439.63264
1665488700000,2022-10-11T11:45:00Z,6.24,6.24,6.23,6.23,324.134,2019.60973
1665489000000,2022-10-11T11:50:00Z,6.23,6.23,6.22,6.22,1131.895,7040.3869
1665489300000,2022-10-11T11:55:00Z,6.22,6.25,6.22,6.25,1639.115,10237.59305
1665489600000,2022-10-11T12:00:00Z,6.25,6.26,6.24,6.26,3117.16,19493.40116
1665489900000,2022-10-11T12:05:00Z,6.26,6.28,6.26,6.28,2330.231,14625.08204
1665490200000,2022-10-11T12:10:00Z,6.28,6.29,6.28,6.28,2267.021,14238.90264
1665490500000,2022-10-11T12:15:00Z,6.28,6.29,6.27,6.29,1938.542,12181.04541
1665490800000,2022-10-11T12:20:00Z,6.29,6.29,6.27,6.28,2310.499,14510.35867
1665491100000,2022-10-11T12:25:00Z,6.28,6.29,6.28,6.28,1538.539,9672.00391
1665491400000,2022-10-11T12:30:00Z,6.28,6.28,6.28,6.28,3254.442,20437.89576
1665491700000,2022-10-11T12:35:00Z,6.28,6.28,6.27,6.27,1242.913,7793.06451
1665492000000,2022-10-11T12:40:00Z,6.27,6.27,6.26,6.26,317.176,1987.60221
1665492300000,2022-10-11T12:45:00Z,6.26,6.26,6.25,6.25,1146.247,7173.29774
1665492600000,2022-10-11T12:50:00Z,6.25,6.25,6.24,6.24,1478.33,9231.3717
1665492900000,2022-10-11T12:55:00Z,6.24,6.24,6.22,6.22,1825.057,11366.32078
1665493200000,2022-10-11T13:00:00Z,6.22,6.22,6.18,6.21,5861.37,36295.39996
1665493500000,2022-10-11T13:05:00Z,6.21,6.22,6.21,6.22,322.185,2003.9907
1665493800000,2022-10-11T13:10:00Z,6.22,6.22,6.21,6.21,475.323,2952.84383
1665494100000,2022-10-11T13:15:00Z,6.21,6.21,6.19,6.19,1465.835,9085.6774
1665494400000,2022-10-11T13:20:00Z,6.19,6.21,6.19,6.21,1001.746,6218.94267
1665494700000,2022-10-11T13:25:00Z,6.21,6.21,6.19,6.19,1941.188,12024.35811
1665495000000,2022-10-11T13:30:00Z,6.19,6.19,6.13,6.15,9128.641,56217.73348
1665495300000,2022-10-11T13:35:00Z,6.15,6.15,6.13,6.13,3650.606,22389.00051
1665495600000,2022-10-11T13:40:00Z,6.13,6.13,6.13,6.13,4170.135,25562.92755
1665495900000,2022-10-11T13:45:00Z,6.13,6.14,6.11,6.11,3170.271,19394.75387
1665496200000,2022-10-11T13:50:00Z,6.11,6.12,6.09,6.09,2173.542,13264.90482
1665496500000,2022-10-11T13:55:00Z,6.09,6.09,6.05,6.06,5737.84,34828.58264
1665496800000,2022-10-11T14:00:00Z,6.06,6.07,6.04,6.06,8255.57,49927.26865
1665497100000,2022-10-11T14:05:00Z,6.06,6.08,6.06,6.08,6095.608,37000.71156
1665497400000,2022-10-11T14:10:00Z,6.08,6.11,6.08,6.11,3027.344,18442.65347
1665497700000,2022-10-11T14:15:00Z,6.11,6.12,6.1,6.11,3099.365,18932.24947
1665498000000,2022-10-11T14:20:00Z,6.11,6.11,6.09,6.09,1598.027,9736.32885
1665498300000,2022-10-11T14:25:00Z,6.09,6.09,6.08,6.08,1745.965,10629.88218
1665498600000,2022-10-11T14:30:00Z,6.08,6.08,6.07,6.08,2341.142,14222.17221
1665498900000,2022-10-11T14:35:00Z,6.08,6.08,6.06,6.07,1639.049,9948.9289
1665499200000,2022-10-11T14:40:00Z,6.07,6.09,6.07,6.09,3245.407,19757.96884
1665499500000,2022-10-11T14:45:00Z,6.09,6.1,6.09,6.1,707.681,4309.78523
1665499800000,2022-10-11T14:50:00Z,6.1,6.1,6.09,6.09,1461.382,8899.81638
1665500100000,2022-10-11T14:55:00Z,6.09,6.1,6.08,6.08,1557.051,9476.29598
1665500400000,2022-10-11T15:00:00Z,6.08,6.11,6.08,6.11,1592.998,9703.92167
1665500700000,2022-10-11T15:05:00Z,6.11,6.12,6.11,6.12,743.293,4547.07026
1665501000000,2022-10-11T15:10:00Z,6.12,6.12,6.12,6.12,2497.967,15287.55804
1665501300000,2022-10-11T15:15:00Z,6.12,6.13,6.12,6.12,1565.943,9593.12499
1665501600000,2022-10-11T15:20:00Z,6.12,6.12,6.11,6.12,1448.041,8862.00298
1665501900000,2022-10-11T15:25:00Z,6.12,6.12,6.11,6.12,3471.555,21227.79742
1665502200000,2022-10-11T15:30:00Z,6.12,6.13,6.12,6.13,3584.837,21952.64306
1665502500000,2022-10-11T15:35:00Z,6.13,6.14,6.13,6.13,1963.777,12037.96461
1665502800000,2022-10-11T15:40:00Z,6.13,6.13,6.12,6.13,1130.868,6926.73914
1665503100000,2022-10-11T15:45:00Z,6.13,6.16,6.13,6.15,3627.921,22314.61149
1665503400000,2022-10-11T15:50:00Z,6.15,6.15,6.13,6.14,2205.637,13546.77438
1665503700000,2022-10-11T15:55:00Z,6.14,6.14,6.14,6.14,496.116,3046.15224
1665504000000,2022-10-11T16:00:00Z,6.14,6.14,6.13,6.13,2181.13,13387.3394
1665504300000,2022-10-11T16:05:00Z,6.13,6.13,6.13,6.13,1465.792,8985.30496
1665504600000,2022-10-11T16:10:00Z,6.13,6.15,6.13,6.15,1007.047,6183.58018
1665504900000,2022-10-11T16:15:00Z,6.15,6.15,6.14,6.15,1818.307,11175.4927
1665505200000,2022-10-11T16:20:00Z,6.15,6.17,6.15,6.16,2358.427,14524.29094
1665505500000,2022-10-11T16:25:00Z,6.16,6.16,6.15,6.15,1482.755,9118.94325
1665505800000,2022-10-11T16:30:00Z,6.15,6.15,6.15,6.15,1037.378,6379.8747
1665506100000,2022-10-11T16:35:00Z,6.15,6.15,6.14,6.14,617.459,3791.19826
1665506400000,2022-10-11T16:40:00Z,6.14,6.17,6.14,6.17,1111.574,6837.44817
1665506700000,2022-10-11T16:45:00Z,6.17,6.18,6.17,6.17,1674.333,10335.04367
1665507000000,2022-10-11T16:50:00Z,6.17,6.17,6.16,6.17,2214.646,13662.84485
1665507300000,2022-10-11T16:55:00Z,6.17,6.18,6.17,6.17,371.102,2291.21551
1665507600000,2022-10-11T17:00:00Z,6.17,6.17,6.16,6.16,2287.516,14091.09856
1665507900000,2022-10-11T17:05:00Z,6.16,6.16,6.16,6.16,610.136,3758.43776
1665508200000,2022-10-11T17:10:00Z,6.16,6.16,6.15,6.15,2419.048,14881.36362
1665508500000,2022-10-11T17:15:00Z,6.15,6.15,6.14,6.15,1980.411,12177.82689
1665508800000,2022-10-11T17:20:00Z,6.15,6.15,6.15,6.15,1053.183,6477.07545
1665509100000,2022-10-11T17:25:00Z,6.15,6.15,6.14,6.14,394.498,2424.78535
1665509400000,2022-10-11T17:30:00Z,6.14,6.15,6.14,6.15,917.567,5642.00705
1665509700000,2022-10-11T17:35:00Z,6.15,6.15,6.15,6.15,1168.318,7185.1557
1665510000000,2022-10-11T17:40:00Z,6.15,6.15,6.14,6.14,699.875,4304.22736
1665510300000,2022-10-11T17:45:00Z,6.14,6.15,6.14,6.15,979.796,6025.7454
1665510600000,2022-10-11T17:50:00Z,6.15,6.15,6.14,6.14,579.893,3564.07195
1665510900000,2022-10-11T17:55:00Z,6.14,6.14,6.13,6.13,905.831,5552.74403
1665511200000,2022-10-11T18:00:00Z,6.13,6.13,6.13,6.13,1858.862,11394.82406
1665511500000,2022-10-11T18:05:00Z,6.13,6.13,6.12,6.12,1333.651,8173.12247
1665511800000,2022-10-11T18:10:00Z,6.12,6.12,6.11,6.11,1313.657,8034.66344
1665512100000,2022-10-11T18:15:00Z,6.11,6.11,6.1,6.1,2263.548,13809.11443
1665512400000,2022-10-11T18:20:00Z,6.1,6.1,6.1,6.1,2553.837,15578.4057
1665512700000,2022-10-11T18:25:00Z,6.1,6.11,6.1,6.1,2359.262,14404.30404
1665513000000,2022-10-11T18:30:00Z,6.1,6.11,6.1,6.11,0.389,2.37679
1665513300000,2022-10-11T18:35:00Z,6.11,6.11,6.1,6.11,422.542,2577.51009
1665513600000,2022-10-11T18:40:00Z,6.11,6.11,6.1,6.1,1093.567,6670.76259
1665513900000,2022-10-11T18:45:00Z,6.1,6.1,6.06,6.06,4552.028,27638.19141
1665514200000,2022-10-11T18:50:00Z,6.06,6.06,6.04,6.04,2417.521,14633.54353
1665514500000,2022-10-11T18:55:00Z,6.04,6.05,6.03,6.04,1372.317,8288.49788
1665514800000,2022-10-11T19:00:00Z,6.04,6.04,6.02,6.02,3133.356,18893.72125
1665515100000,2022-10-11T19:05:00Z,6.02,6.03,6,6,4694.888,28231.68935
1665515400000,2022-10-11T19:10:00Z,6,6,5.98,5.99,2177.968,13045.97115
1665515700000,2022-10-11T19:15:00Z,5.99,6.01,5.99,6.01,1432.442,8588.56192
1665516000000,2022-10-11T19:20:00Z,6.01,6.01,6.01,6.01,2283.929,13726.41329
1665516300000,2022-10-11T19:25:00Z,6.01,6.01,5.99,6,1250.894,7503.9727
1665516600000,2022-10-11T19:30:00Z,6,6,6,6,0.389,2.334
1665516900000,2022-10-11T19:35:00Z,6,6.01,6,6.01,1648.712,9894.33124
1665517200000,2022-10-11T19:40:00Z,6.01,6.01,6,6,2157.54,12947.84434
1665517500000,2022-10-11T19:45:00Z,6,6,6,6,980.344,5882.064
1665517800000,2022-10-11T19:50:00Z,6,6,6,6,2616.618,15699.708
1665518100000,2022-10-11T19:55:00Z,6,6,6,6,259,1554
1665518400000,2022-10-11T20:00:00Z,6,6,5.99,5.99,981.937,5889.28956
1665518700000,2022-10-11T20:05:00Z,5.99,6.01,5.99,6,209.276,1253.93888
1665519000000,2022-10-11T20:10:00Z,6,6.01,6,6.01,111.771,671.74371
1665519300000,2022-10-11T20:15:00Z,6.01,6.03,6.01,6.03,1510.089,9097.17616
1665519600000,2022-10-11T20:20:00Z,6.03,6.03,6.02,6.02,61.677,371.8243
1665519900000,2022-10-11T20:25:00Z,6.02,6.03,6.02,6.02,198.49,1194.99271
1665520200000,2022-10-11T20:30:00Z,6.02,6.02,6.01,6.01,691.347,4156.01547
1665520500000,2022-10-11T20:35:00Z,6.01,6.02,6.01,6.02,714.876,4303.55352
1665520800000,2022-10-11T20:40:00Z,6.02,6.02,6.02,6.02,332.555,2001.9811
1665521100000,2022-10-11T20:45:00Z,6.02,6.03,6.02,6.02,1338.722,8059.11033
1665521400000,2022-10-11T20:50:00Z,6.02,6.02,6.02,6.02,557.123,3353.88046
1665521700000,2022-10-11T20:55:00Z,6.02,6.02,6.01,6.01,213.222,1281.59644
1665522000000,2022-10-11T21:00:00Z,6.01,6.01,6,6,963.423,5787.9359
1665522300000,2022-10-11T21:05:00Z,6,6.01,6,6.01,134,805.34
1665522600000,2022-10-11T21:10:00Z,6.01,6.02,6.01,6.02,95.389,574.23789
1665522900000,2022-10-11T21:15:00Z,6.02,6.02,6.02,6.02,202,1216.04
1665523200000,2022-10-11T21:20:00Z,6.02,6.02,6.01,6.01,0.389,2.33789
1665523500000,2022-10-11T21:25:00Z,6.01,6.02,6.01,6.02,347.644,2090.88077
1665523800000,2022-10-11T21:30:00Z,6.02,6.02,6,6,4127.227,24763.362
1665524100000,2022-10-11T21:35:00Z,6,6.01,6,6.01,433.17,2601.01992
1665524400000,2022-10-11T21:40:00Z,6.01,6.01,5.99,5.99,1051.064,6310.05745
1665524700000,2022-10-11T21:45:00Z,5.99,6.01,5.99,6.01,2264.527,13584.80258
1665525000000,2022-10-11T21:50:00Z,6.01,6.01,6.01,6.01,967.605,5815.30605
1665525300000,2022-10-11T21:55:00Z,6.01,6.02,6.01,6.02,257.26,1548.7052
1665525600000,2022-10-11T22:00:00Z,6.02,6.02,6,6,396.949,2384.60279
1665525900000,2022-10-11T22:05:00Z,6,6.01,6,6.01,752.216,4516.21263
1665526200000,2022-10-11T22:10:00Z,6.01,6.02,6.01,6.02,771.46,4640.61226
1665526500000,2022-10-11T22:15:00Z,6.02,6.03,6.02,6.03,457.868,2758.97521
1665526800000,2022-10-11T22:20:00Z,6.03,6.03,6.03,6.03,96.876,584.16228
1665527100000,2022-10-11T22:25:00Z,6.03,6.03,6.03,6.03,275.085,1658.76255
1665527400000,2022-10-11T22:30:00Z,6.03,6.05,6.03,6.04,865.29,5229.68802
1665527700000,2022-10-11T22:35:00Z,6.04,6.04,6.03,6.04,412.642,2492.35379
1665528000000,2022-10-11T22:40:00Z,6.04,6.04,6.03,6.03,908.723,5479.82969
1665528300000,2022-10-11T22:45:00Z,6.03,6.03,6.02,6.02,153.95,927.68709
1665528600000,2022-10-11T22:50:00Z,6.02,6.02,6.02,6.02,100.458,604.75716
1665528900000,2022-10-11T22:55:00Z,6.02,6.03,6.02,6.02,614.455,3699.02299
1665529200000,2022-10-11T23:00:00Z,6.02,6.02,6,6.01,181.699,1091.42324
1665529500000,2022-10-11T23:05:00Z,6.01,6.02,6.01,6.02,0.389,2.34178
1665529800000,2022-10-11T23:10:00Z,6.02,6.02,6,6,1257.366,7549.54869
1665530100000,2022-10-11T23:15:00Z,6,6.01,5.99,5.99,578.124,3466.27134
1665530400000,2022-10-11T23:20:00Z,5.99,6,5.96,5.99,4543.433,27140.12772
1665530700000,2022-10-11T23:25:00Z,5.99,5.99,5.97,5.97,2076.464,12399.83034
1665531000000,2022-10-11T23:30:00Z,5.97,5.97,5.94,5.95,2620.207,15614.22196
1665531300000,2022-10-11T23:35:00Z,5.95,5.97,5.95,5.97,622.27,3710.07051
1665531600000,2022-10-11T23:40:00Z,5.97,5.98,5.97,5.98,890.377,5321.44407
1665531900000,2022-10-11T23:45:00Z,5.98,5.99,5.98,5.99,1642.866,9825.54098
1665532200000,2022-10-11T23:50:00Z,5.99,5.99,5.98,5.98,624.454,3738.47821
1665532500000,2022-10-11T23:55:00Z,5.98,6,5.98,6,454.383,2721.75806
1665532800000,2022-10-12T00:00:00Z,6,6,5.97,5.99,6773.594,40541.44573
1665533100000,2022-10-12T00:05:00Z,5.99,6,5.99,5.99,1450.486,8693.27032
1665533400000,2022-10-12T00:10:00Z,5.99,6.02,5.99,6.02,3763.327,22595.92347
1665533700000,2022-10-12T00:15:00Z,6.02,6.03,6.02,6.03,1853.536,11170.69025
1665534000000,2022-10-12T00:20:00Z,6.03,6.04,6.01,6.04,2075.676,12517.57436
1665534300000,2022-10-12T00:25:00Z,6.04,6.06,6.04,6.04,3582.822,21665.52934
1665534600000,2022-10-12T00:30:00Z,6.04,6.09,6.04,6.08,1587.944,9635.67917
1665534900000,2022-10-12T00:35:00Z,6.08,6.09,6.07,6.09,2013.947,12247.1149
1665535200000,2022-10-12T00:40:00Z,6.09,6.1,6.08,6.1,2773.817,16910.26174
1665535500000,2022-10-12T00:45:00Z,6.1,6.12,6.1,6.12,2094.199,12784.83329
1665535800000,2022-10-12T00:50:00Z,6.12,6.12,6.11,6.11,845.44,5166.28291
1665536100000,2022-10-12T00:55:00Z,6.11,6.11,6.09,6.09,1196.806,7295.53722
1665536400000,2022-10-12T01:00:00Z,6.09,6.1,6.08,6.08,2255.438,13731.70985
1665536700000,2022-10-12T01:05:00Z,6.08,6.08,6.07,6.08,1712.166,10409.92011
1665537000000,2022-10-12T01:10:00Z,6.08,6.08,6.08,6.08,524.76,3190.5408
1665537300000,2022-10-12T01:15:00Z,6.08,6.08,6.07,6.07,494.057,3003.26116
1665537600000,2022-10-12T01:20:00Z,6.07,6.07,6.06,6.06,1214.757,7370.21861
1665537900000,2022-10-12T01:25:00Z,6.06,6.06,6.05,6.05,460.745,2790.65365
1665538200000,2022-10-12T01:30:00Z,6.05,6.05,6.04,6.04,391.566,2367.33001
1665538500000,2022-10-12T01:35:00Z,6.04,6.04,6.03,6.03,249.488,1506.90363
1665538800000,2022-10-12T01:40:00Z,6.03,6.03,6.03,6.03,460.393,2776.16979
1665539100000,2022-10-12T01:45:00Z,6.03,6.04,6.03,6.04,202.611,1221.79234
1665539400000,2022-10-12T01:50:00Z,6.04,6.04,6.03,6.03,309.366,1866.60087
1665539700000,2022-10-12T01:55:00Z,6.03,6.03,6.03,6.03,370.203,2232.32409
1665540000000,2022-10-12T02:00:00Z,6.03,6.03,6.03,6.03,897.235,5410.32705
1665540300000,2022-10-12T02:05:00Z,6.03,6.03,6.02,6.02,546.395,3292.43507
1665540600000,2022-10-12T02:10:00Z,6.02,6.02,6.02,6.02,78.739,474.00878
1665540900000,2022-10-12T02:15:00Z,6.02,6.02,6.01,6.01,616.665,3706.16054
1665541200000,2022-10-12T02:20:00Z,6.01,6.02,6.01,6.02,47.062,283.26134
1665541500000,2022-10-12T02:25:00Z,6.02,6.03,6.02,6.02,353.326,2130.55189
1665541800000,2022-10-12T02:30:00Z,6.02,6.05,6.02,6.05,3189.608,19238.49846
1665542100000,2022-10-12T02:35:00Z,6.05,6.05,6.03,6.03,1141.912,6888.34622
1665542400000,2022-10-12T02:40:00Z,6.03,6.03,6.02,6.02,570.781,3441.80554
1665542700000,2022-10-12T02:45:00Z,6.02,6.03,6.02,6.03,596.521,3596.93028
1665543000000,2022-10-12T02:50:00Z,6.03,6.03,6.03,6.03,402.137,2424.88611
1665543300000,2022-10-12T02:55:00Z,6.03,6.03,6.03,6.03,507.031,3057.39693
1665543600000,2022-10-12T03:00:00Z,6.03,6.05,6.03,6.05,631.045,3814.82225
1665543900000,2022-10-12T03:05:00Z,6.05,6.06,6.05,6.06,455.665,2761.3299
1665544200000,2022-10-12T03:10:00Z,6.06,6.06,6.06,6.06,13.883,84.13098
1665544500000,2022-10-12T03:15:00Z,6.06,6.06,6.06,6.06,246.294,1492.54164
1665544800000,2022-10-12T03:20:00Z,6.06,6.06,6.06,6.06,300.256,1819.55136
1665545100000,2022-10-12T03:25:00Z,6.06,6.08,6.06,6.08,742.403,4509.09471
1665545400000,2022-10-12T03:30:00Z,6.08,6.08,6.08,6.08,720.328,4379.59424
1665545700000,2022-10-12T03:35:00Z,6.08,6.08,6.08,6.08,982.677,5974.67616
1665546000000,2022-10-12T03:40:00Z,6.08,6.08,6.06,6.06,410,2484.71
1665546300000,2022-10-12T03:45:00Z,6.06,6.06,6.06,6.06,716.235,4340.3841
1665546600000,2022-10-12T03:50:00Z,6.06,6.06,6.05,6.06,330.795,2004.61381
1665546900000,2022-10-12T03:55:00Z,6.06,6.07,6.06,6.06,263.996,1599.9032
1665547200000,2022-10-12T04:00:00Z,6.06,6.09,6.05,6.09,1654.771,10062.98629
1665547500000,2022-10-12T04:05:00Z,6.09,6.1,6.09,6.1,1445.76,8805.3328
1665547800000,2022-10-12T04:10:00Z,6.1,6.1,6.09,6.1,1801.182,10978.35819
1665548100000,2022-10-12T04:15:00Z,6.1,6.12,6.1,6.12,1070.28,6545.06216
1665548400000,2022-10-12T04:20:00Z,6.12,6.12,6.11,6.12,1866.567,11419.73008
1665548700000,2022-10-12T04:25:00Z,6.12,6.12,6.11,6.11,379,2315.69
1665549000000,2022-10-12T04:30:00Z,6.11,6.11,6.11,6.11,123,751.53
1665549300000,2022-10-12T04:35:00Z,6.11,6.11,6.1,6.1,878.736,5360.29349
1665549600000,2022-10-12T04:40:00Z,6.1,6.1,6.1,6.1,0.389,2.3729
1665549900000,2022-10-12T04:45:00Z,6.1,6.11,6.1,6.11,598.466,3656.62726
1665550200000,2022-10-12T04:50:00Z,6.11,6.12,6.11,6.12,746.451,4568.28012
1665550500000,2022-10-12T04:55:00Z,6.12,6.12,6.11,6.12,230.892,1413.05515
1665550800000,2022-10-12T05:00:00Z,6.12,6.12,6.1,6.1,335.938,2052.63791
1665551100000,2022-10-12T05:05:00Z,6.1,6.11,6.1,6.11,840.272,5134.06192
1665551400000,2022-10-12T05:10:00Z,6.11,6.11,6.1,6.1,173.252,1056.8372
1665551700000,2022-10-12T05:15:00Z,6.1,6.1,6.09,6.09,811.607,4945.96403
1665552000000,2022-10-12T05:20:00Z,6.09,6.1,6.09,6.09,100.389,611.3729
1665552300000,2022-10-12T05:25:00Z,6.09,6.1,6.09,6.1,23.339,142.36401
1665552600000,2022-10-12T05:30:00Z,6.1,6.11,6.1,6.11,473.9,2892.53994
1665552900000,2022-10-12T05:35:00Z,6.11,6.11,6.1,6.1,682.915,4165.7815
1665553200000,2022-10-12T05:40:00Z,6.1,6.11,6.1,6.11,507.502,3096.96815
1665553500000,2022-10-12T05:45:00Z,6.11,6.13,6.11,6.13,1335.893,8179.02412
1665553800000,2022-10-12T05:50:00Z,6.13,6.13,6.13,6.13,1638.875,10046.30375
1665554100000,2022-10-12T05:55:00Z,6.13,6.13,6.12,6.12,1092.949,6691.29545
1665554400000,2022-10-12T06:00:00Z,6.12,6.12,6.12,6.12,807.216,4940.16192
1665554700000,2022-10-12T06:05:00Z,6.12,6.13,6.12,6.13,1349.687,8272.01737
1665555000000,2022-10-12T06:10:00Z,6.13,6.14,6.13,6.13,1245.912,7639.01331
1665555300000,2022-10-12T06:15:00Z,6.13,6.13,6.13,6.13,245.149,1502.76337
1665555600000,2022-10-12T06:20:00Z,6.13,6.13,6.12,6.12,1826.061,11175.49332
1665555900000,2022-10-12T06:25:00Z,6.12,6.14,6.12,6.14,2438.444,14954.57529
1665556200000,2022-10-12T06:30:00Z,6.14,6.15,6.14,6.15,1070.63,6579.42861
1665556500000,2022-10-12T06:35:00Z,6.15,6.16,6.15,6.16,1326.872,8173.52763
1665556800000,2022-10-12T06:40:00Z,6.16,6.16,6.15,6.15,144.389,889.43235
1665557100000,2022-10-12T06:45:00Z,6.15,6.17,6.15,6.16,3184.678,19621.9717
1665557400000,2022-10-12T06:50:00Z,6.16,6.16,6.14,6.14,473.048,2906.1152
1665557700000,2022-10-12T06:55:00Z,6.14,6.14,6.14,6.14,719.81,4419.6334
1665558000000,2022-10-12T07:00:00Z,6.14,6.14,6.13,6.13,845.19,5185.89202
1665558300000,2022-10-12T07:05:00Z,6.13,6.15,6.13,6.15,523.89,3216.68849
1665558600000,2022-10-12T07:10:00Z,6.15,6.15,6.14,6.14,2051.686,12597.35204
1665558900000,2022-10-12T07:15:00Z,6.14,6.14,6.13,6.13,409.675,2511.30775
1665559200000,2022-10-12T07:20:00Z,6.13,6.13,6.13,6.13,2089.487,12808.55531
1665559500000,2022-10-12T07:25:00Z,6.13,6.13,6.11,6.11,2177.33,13309.79742
1665559800000,2022-10-12T07:30:00Z,6.11,6.11,6.1,6.1,602.121,3672.9381
1665560100000,2022-10-12T07:35:00Z,6.1,6.11,6.1,6.1,107.157,653.80749
1665560400000,2022-10-12T07:40:00Z,6.1,6.11,6.1,6.1,403.818,2465.52599
1665560700000,2022-10-12T07:45:00Z,6.1,6.11,6.1,6.11,615.192,3758.82312
1665561000000,2022-10-12T07:50:00Z,6.11,6.11,6.11,6.11,755.563,4616.48993
1665561300000,2022-10-12T07:55:00Z,6.11,6.11,6.11,6.11,388.128,2371.46208
1665561600000,2022-10-12T08:00:00Z,6.11,6.11,6.11,6.11,12.995,79.39945
1665561900000,2022-10-12T08:05:00Z,6.11,6.11,6.11,6.11,542.33,3313.6363
1665562200000,2022-10-12T08:10:00Z,6.11,6.11,6.1,6.1,1074.281,6553.17138
1665562500000,2022-10-12T08:15:00Z,6.1,6.11,6.1,6.11,1428.534,8725.86709
1665562800000,2022-10-12T08:20:00Z,6.11,6.12,6.11,6.12,519.881,3176.5546
1665563100000,2022-10-12T08:25:00Z,6.12,6.12,6.11,6.11,29.699,181.7501
1665563400000,2022-10-12T08:30:00Z,6.11,6.12,6.11,6.11,182.556,1115.43939
1665563700000,2022-10-12T08:35:00Z,6.11,6.11,6.11,6.11,255.169,1559.08259
1665564000000,2022-10-12T08:40:00Z,6.11,6.11,6.1,6.1,2.29,13.97289
1665564300000,2022-10-12T08:45:00Z,6.1,6.11,6.1,6.11,722.458,4414.21838
1665564600000,2022-10-12T08:50:00Z,6.11,6.13,6.11,6.13,3853.026,23617.27828
1665564900000,2022-10-12T08:55:00Z,6.13,6.14,6.13,6.14,156.389,958.66846
1665565200000,2022-10-12T09:00:00Z,6.14,6.14,6.13,6.14,1173.052,7195.96063
1665565500000,2022-10-12T09:05:00Z,6.14,6.14,6.13,6.13,476.678,2922.03614
1665565800000,2022-10-12T09:10:00Z,6.13,6.13,6.12,6.13,246.427,1510.44324
1665566100000,2022-10-12T09:15:00Z,6.13,6.13,6.13,6.13,469.518,2878.14534
1665566400000,2022-10-12T09:20:00Z,6.13,6.13,6.13,6.13,0.389,2.38457
1665566700000,2022-10-12T09:25:00Z,6.13,6.15,6.12,6.15,1098.998,6744.94241
1665567000000,2022-10-12T09:30:00Z,6.15,6.15,6.14,6.14,746.111,4588.57876
1665567300000,2022-10-12T09:35:00Z,6.14,6.15,6.14,6.15,409.348,2517.4902
1665567600000,2022-10-12T09:40:00Z,6.15,6.16,6.15,6.15,2507.032,15430.26703
1665567900000,2022-10-12T09:45:00Z,6.15,6.15,6.15,6.15,438.772,2698.4478
1665568200000,2022-10-12T09:50:00Z,6.15,6.15,6.14,6.14,9.717,59.66566
1665568500000,2022-10-12T09:55:00Z,6.14,6.14,6.14,6.14,911.173,5594.60222
1665568800000,2022-10-12T10:00:00Z,6.14,6.16,6.14,6.14,576.86,3546.80783
1665569100000,2022-10-12T10:05:00Z,6.14,6.14,6.14,6.14,202,1240.28
1665569400000,2022-10-12T10:10:00Z,6.14,6.14,6.14,6.14,400.389,2458.38846
1665569700000,2022-10-12T10:15:00Z,6.14,6.14,6.13,6.13,178.652,1095.14065
1665570000000,2022-10-12T10:20:00Z,6.13,6.13,6.12,6.12,88.827,544.10705
1665570300000,2022-10-12T10:25:00Z,6.12,6.12,6.11,6.11,263.103,1610.18647
1665570600000,2022-10-12T10:30:00Z,6.11,6.12,6.11,6.12,754.215,4615.7958
1665570900000,2022-10-12T10:35:00Z,6.12,6.12,6.12,6.12,3.656,22.37472
1665571200000,2022-10-12T10:40:00Z,6.12,6.12,6.1,6.1,1689.042,10314.60432
1665571500000,2022-10-12T10:45:00Z,6.1,6.11,6.1,6.1,3096.767,18897.0473
1665571800000,2022-10-12T10:50:00Z,6.1,6.1,6.1,6.1,1065.953,6502.3133
1665572100000,2022-10-12T10:55:00Z,6.1,6.12,6.1,6.12,284.113,1736.00313
1665572400000,2022-10-12T11:00:00Z,6.12,6.12,6.11,6.11,416.992,2547.82112
1665572700000,2022-10-12T11:05:00Z,6.11,6.12,6.11,6.11,500.225,3056.37864
1665573000000,2022-10-12T11:10:00Z,6.11,6.11,6.11,6.11,211.643,1293.13873
1665573300000,2022-10-12T11:15:00Z,6.11,6.12,6.11,6.12,303.483,1857.31207
1665573600000,2022-10-12T11:20:00Z,6.12,6.13,6.12,6.13,35.295,216.35446
1665573900000,2022-10-12T11:25:00Z,6.13,6.13,6.13,6.13,25.608,156.97704
1665574200000,2022-10-12T11:30:00Z,6.13,6.13,6.1,6.1,507.332,3101.93732
1665574500000,2022-10-12T11:35:00Z,6.1,6.11,6.09,6.11,267.119,1629.37165
1665574800000,2022-10-12T11:40:00Z,6.11,6.11,6.1,6.1,272.256,1660.7616
1665575100000,2022-10-12T11:45:00Z,6.1,6.1,6.09,6.09,722.548,4401.5261
1665575400000,2022-10-12T11:50:00Z,6.09,6.1,6.09,6.1,495.637,3021.88181
1665575700000,2022-10-12T11:55:00Z,6.1,6.1,6.1,6.1,1358.882,8289.1802
1665576000000,2022-10-12T12:00:00Z,6.1,6.1,6.09,6.09,1360.01,8286.96304
1665576300000,2022-10-12T12:05:00Z,6.09,6.1,6.09,6.09,262.189,1598.2102
1665576600000,2022-10-12T12:10:00Z,6.09,6.1,6.09,6.1,107.388,655.0668
1665576900000,2022-10-12T12:15:00Z,6.1,6.1,6.1,6.1,1119.731,6830.3591
1665577200000,2022-10-12T12:20:00Z,6.1,6.11,6.09,6.11,807.85,4925.42544
1665577500000,2022-10-12T12:25:00Z,6.11,6.11,6.1,6.1,716.83,4377.35306
1665577800000,2022-10-12T12:30:00Z,6.1,6.1,6.03,6.04,7436.429,45019.15178
1665578100000,2022-10-12T12:35:00Z,6.04,6.04,6.02,6.04,2941.646,17747.88404
1665578400000,2022-10-12T12:40:00Z,6.04,6.11,6.04,6.09,7092.316,43222.40382
1665578700000,2022-10-12T12:45:00Z,6.09,6.09,6.07,6.07,3834.467,23317.30761
1665579000000,2022-10-12T12:50:00Z,6.07,6.07,6.06,6.06,1856.074,11262.62098
1665579300000,2022-10-12T12:55:00Z,6.06,6.07,6.06,6.06,572.307,3473.73349
1665579600000,2022-10-12T13:00:00Z,6.06,6.06,6.05,6.05,446.355,2702.69893
1665579900000,2022-10-12T13:05:00Z,6.05,6.05,6.04,6.04,1369.02,8268.9308
1665580200000,2022-10-12T13:10:00Z,6.04,6.07,6.04,6.07,867.458,5256.52014
1665580500000,2022-10-12T13:15:00Z,6.07,6.07,6.06,6.07,1003.117,6079.31382
1665580800000,2022-10-12T13:20:00Z,6.07,6.07,6.06,6.07,658.069,3989.92425
1665581100000,2022-10-12T13:25:00Z,6.07,6.07,6.07,6.07,933.501,5666.35107
1665581400000,2022-10-12T13:30:00Z,6.07,6.07,6.05,6.06,2420.13,14670.95227
1665581700000,2022-10-12T13:35:00Z,6.06,6.1,6.06,6.1,4935.739,30088.72474
1665582000000,2022-10-12T13:40:00Z,6.1,6.1,6.09,6.1,2700.326,16465.84287
1665582300000,2022-10-12T13:45:00Z,6.1,6.11,6.1,6.1,2808.836,17142.1994
1665582600000,2022-10-12T13:50:00Z,6.1,6.1,6.08,6.08,3568.284,21763.07772
1665582900000,2022-10-12T13:55:00Z,6.08,6.1,6.08,6.09,2328.803,14182.52342
1665583200000,2022-10-12T14:00:00Z,6.09,6.1,6.09,6.1,1584.016,9662.3476
1665583500000,2022-10-12T14:05:00Z,6.1,6.1,6.08,6.08,710.455,4323.64634
1665583800000,2022-10-12T14:10:00Z,6.08,6.09,6.07,6.08,1025.063,6224.74605
1665584100000,2022-10-12T14:15:00Z,6.08,6.08,6.08,6.08,896.579,5451.20032
1665584400000,2022-10-12T14:20:00Z,6.08,6.08,6.06,6.06,1835.466,11131.24908
1665584700000,2022-10-12T14:25:00Z,6.06,6.08,6.06,6.08,1016.019,6175.62564
1665585000000,2022-10-12T14:30:00Z,6.08,6.09,6.08,6.09,636.903,3878.73538
1665585300000,2022-10-12T14:35:00Z,6.09,6.09,6.08,6.08,500.821,3045.99989
1665585600000,2022-10-12T14:40:00Z,6.08,6.08,6.08,6.08,451.497,2745.10176
1665585900000,2022-10-12T14:45:00Z,6.08,6.08,6.07,6.07,154.128,935.56085
1665586200000,2022-10-12T14:50:00Z,6.07,6.09,6.07,6.09,2252.245,13701.07425
1665586500000,2022-10-12T14:55:00Z,6.09,6.09,6.08,6.08,681.862,4149.80997
1665586800000,2022-10-12T15:00:00Z,6.08,6.08,6.08,6.08,714.192,4342.28736
1665587100000,2022-10-12T15:05:00Z,6.08,6.08,6.08,6.08,751.157,4567.03456
1665587400000,2022-10-12T15:10:00Z,6.08,6.09,6.08,6.09,0.778,4.73413
1665587700000,2022-10-12T15:15:00Z,6.09,6.09,6.09,6.09,710.195,4325.08755
1665588000000,2022-10-12T15:20:00Z,6.09,6.1,6.09,6.09,955.157,5822.20289
1665588300000,2022-10-12T15:25:00Z,6.09,6.1,6.09,6.09,363.878,2216.02091
1665588600000,2022-10-12T15:30:00Z,6.09,6.09,6.09,6.09,0.778,4.73802
1665588900000,2022-10-12T15:35:00Z,6.09,6.1,6.09,6.09,715.685,4359.92333
1665589200000,2022-10-12T15:40:00Z,6.09,6.11,6.09,6.11,315.399,1925.5937
1665589500000,2022-10-12T15:45:00Z,6.11,6.11,6.11,6.11,232.107,1418.17377
1665589800000,2022-10-12T15:50:00Z,6.11,6.13,6.11,6.13,895.308,5486.69494
1665590100000,2022-10-12T15:55:00Z,6.13,6.13,6.13,6.13,2328.57,14274.1341
1665590400000,2022-10-12T16:00:00Z,6.13,6.13,6.12,6.13,797.438,4880.32445
1665590700000,2022-10-12T16:05:00Z,6.13,6.14,6.13,6.13,3428.954,21048.02597
1665591000000,2022-10-12T16:10:00Z,6.13,6.13,6.1,6.11,1495.778,9142.60561
1665591300000,2022-10-12T16:15:00Z,6.11,6.12,6.11,6.12,1044.498,6392.32776
1665591600000,2022-10-12T16:20:00Z,6.12,6.12,6.11,6.11,1390.702,8511.05516
1665591900000,2022-10-12T16:25:00Z,6.11,6.11,6.1,6.1,459.307,2802.391
1665592200000,2022-10-12T16:30:00Z,6.1,6.1,6.09,6.1,1740.494,10611.93757
1665592500000,2022-10-12T16:35:00Z,6.1,6.1,6.09,6.09,719.97,4386.19524
1665592800000,2022-10-12T16:40:00Z,6.09,6.09,6.08,6.09,587.184,3575.81302
1665593100000,2022-10-12T16:45:00Z,6.09,6.09,6.08,6.08,341.209,2075.55072
1665593400000,2022-10-12T16:50:00Z,6.08,6.09,6.08,6.09,1538.063,9366.80367
1665593700000,2022-10-12T16:55:00Z,6.09,6.09,6.09,6.09,1.265,7.70385
1665594000000,2022-10-12T17:00:00Z,6.09,6.09,6.09,6.09,1260.573,7676.88957
1665594300000,2022-10-12T17:05:00Z,6.09,6.09,6.09,6.09,1000.404,6092.46036
1665594600000,2022-10-12T17:10:00Z,6.09,6.09,6.09,6.09,2750.032,16747.69488
1665594900000,2022-10-12T17:15:00Z,6.09,6.09,6.06,6.06,7867.725,47806.89335
1665595200000,2022-10-12T17:20:00Z,6.06,6.07,6.06,6.06,2574.18,15614.65037
1665595500000,2022-10-12T17:25:00Z,6.06,6.07,6.06,6.07,1170.939,7099.85177
1665595800000,2022-10-12T17:30:00Z,6.07,6.07,6.06,6.06,426.556,2586.36936
1665596100000,2022-10-12T17:35:00Z,6.06,6.06,6.04,6.05,1226.068,7419.85285
1665596400000,2022-10-12T17:40:00Z,6.05,6.06,6.05,6.05,0.778,4.71079
1665596700000,2022-10-12T17:45:00Z,6.05,6.05,6.05,6.05,958.655,5799.86275
1665597000000,2022-10-12T17:50:00Z,6.05,6.06,6.05,6.06,0.778,4.71468
1665597300000,2022-10-12T17:55:00Z,6.06,6.06,6.03,6.04,1589.233,9601.13567
1665597600000,2022-10-12T18:00:00Z,6.04,6.05,6.03,6.04,6143.266,37137.74945
1665597900000,2022-10-12T18:05:00Z,6.04,6.06,6.03,6.06,2140.347,12931.33109
1665598200000,2022-10-12T18:10:00Z,6.06,6.08,6.06,6.08,3623.593,22011.82268
1665598500000,2022-10-12T18:15:00Z,6.08,6.09,6.08,6.09,960.304,5848.25136
1665598800000,2022-10-12T18:20:00Z,6.09,6.1,6.08,6.09,1279.615,7791.29749
1665599100000,2022-10-12T18:25:00Z,6.09,6.1,6.09,6.1,360.998,2198.92366
1665599400000,2022-10-12T18:30:00Z,6.1,6.11,6.09,6.09,397.726,2426.22978
1665599700000,2022-10-12T18:35:00Z,6.09,6.1,6.09,6.09,40.003,243.62216
1665600000000,2022-10-12T18:40:00Z,6.09,6.09,6.09,6.09,222.964,1357.85076
1665600300000,2022-10-12T18:45:00Z,6.09,6.09,6.09,6.09,572.069,3483.90021
1665600600000,2022-10-12T18:50:00Z,6.09,6.09,6.08,6.08,292.367,1780.50503
1665600900000,2022-10-12T18:55:00Z,6.08,6.08,6.08,6.08,188.036,1143.25888
1665601200000,2022-10-12T19:00:00Z,6.08,6.08,6.08,6.08,0.389,2.36512
1665601500000,2022-10-12T19:05:00Z,6.08,6.08,6.08,6.08,1363.503,8290.09824
1665601800000,2022-10-12T19:10:00Z,6.08,6.1,6.08,6.1,16.588,100.86282
1665602100000,2022-10-12T19:15:00Z,6.1,6.1,6.09,6.09,703.639,4285.16151
1665602400000,2022-10-12T19:20:00Z,6.09,6.09,6.09,6.09,152.978,931.63602
1665602700000,2022-10-12T19:25:00Z,6.09,6.09,6.08,6.08,427.406,2601.22331
1665603000000,2022-10-12T19:30:00Z,6.08,6.08,6.08,6.08,15.123,91.94784
1665603300000,2022-10-12T19:35:00Z,6.08,6.09,6.08,6.09,447.556,2725.61604
1665603600000,2022-10-12T19:40:00Z,6.09,6.1,6.09,6.1,295.167,1800.5187
1665603900000,2022-10-12T19:45:00Z,6.1,6.11,6.1,6.1,1054.414,6440.47474
1665604200000,2022-10-12T19:50:00Z,6.1,6.1,6.1,6.1,664.667,4054.4687
1665604500000,2022-10-12T19:55:00Z,6.1,6.1,6.09,6.09,429.752,2621.48331
1665604800000,2022-10-12T20:00:00Z,6.09,6.1,6.09,6.09,465.416,2834.41622
1665605100000,2022-10-12T20:05:00Z,6.09,6.09,6.09,6.09,0.389,2.36901
1665605400000,2022-10-12T20:10:00Z,6.09,6.09,6.09,6.09,217,1321.53
1665605700000,2022-10-12T20:15:00Z,6.09,6.1,6.09,6.1,0.389,2.3729
1665606000000,2022-10-12T20:20:00Z,6.1,6.1,6.1,6.1,0.778,4.7458
1665606300000,2022-10-12T20:25:00Z,6.1,6.1,6.09,6.09,117.716,716.89044
1665606600000,2022-10-12T20:30:00Z,6.09,6.09,6.09,6.09,0.812,4.94508
1665606900000,2022-10-12T20:35:00Z,6.09,6.09,6.09,6.09,16.809,102.36681
1665607200000,2022-10-12T20:40:00Z,6.09,6.09,6.09,6.09,1100.232,6700.41288
1665607500000,2022-10-12T20:45:00Z,6.09,6.09,6.09,6.09,222.72,1356.3648
1665607800000,2022-10-12T20:50:00Z,6.09,6.09,6.08,6.09,185.769,1131.32932
1665608100000,2022-10-12T20:55:00Z,6.09,6.1,6.09,6.1,155.211,946.7871
1665608400000,2022-10-12T21:00:00Z,6.1,6.1,6.1,6.1,1174.183,7162.5163
1665608700000,2022-10-12T21:05:00Z,6.1,6.1,6.1,6.1,0.389,2.3729
1665609000000,2022-10-12T21:10:00Z,6.1,6.1,6.1,6.1,672.134,4100.0174
1665609300000,2022-10-12T21:15:00Z,6.1,6.11,6.1,6.1,172.353,1051.35719
1665609600000,2022-10-12T21:20:00Z,6.1,6.1,6.1,6.1,0.389,2.3729
1665609900000,2022-10-12T21:25:00Z,6.1,6.11,6.1,6.1,448.013,2732.89723
1665610200000,2022-10-12T21:30:00Z,6.1,6.11,6.1,6.11,0.778,4.74969
1665610500000,2022-10-12T21:35:00Z,6.11,6.11,6.11,6.11,22.611,138.15321
1665610800000,2022-10-12T21:40:00Z,6.11,6.11,6.11,6.11,481.477,2941.82447
1665611100000,2022-10-12T21:45:00Z,6.11,6.12,6.1,6.1,759.658,4643.32726
1665611400000,2022-10-12T21:50:00Z,6.1,6.1,6.1,6.1,22,134.2
1665611700000,2022-10-12T21:55:00Z,6.1,6.1,6.09,6.1,321.624,1961.90251
1665612000000,2022-10-12T22:00:00Z,6.1,6.11,6.1,6.11,239.681,1464.45091
1665612300000,2022-10-12T22:05:00Z,6.11,6.11,6.11,6.11,678.286,4144.32746
1665612600000,2022-10-12T22:10:00Z,6.11,6.11,6.11,6.11,585.684,3578.52924
1665612900000,2022-10-12T22:15:00Z,6.11,6.11,6.1,6.1,1024.451,6249.15499
1665613200000,2022-10-12T22:20:00Z,6.1,6.11,6.1,6.11,266.367,1627.50237
1665613500000,2022-10-12T22:25:00Z,6.11,6.11,6.1,6.1,237.313,1447.71849
1665613800000,2022-10-12T22:30:00Z,6.1,6.1,6.1,6.1,118.747,724.3567
1665614100000,2022-10-12T22:35:00Z,6.1,6.1,6.09,6.09,10.304,62.75525
1665614400000,2022-10-12T22:40:00Z,6.09,6.09,6.08,6.08,177.185,1077.28869
1665614700000,2022-10-12T22:45:00Z,6.08,6.08,6.06,6.06,464.895,2819.83493
1665615000000,2022-10-12T22:50:00Z,6.06,6.07,6.06,6.06,56.783,344.10887
1665615300000,2022-10-12T22:55:00Z,6.06,6.07,6.05,6.05,79.883,484.09487
1665615600000,2022-10-12T23:00:00Z,6.05,6.07,6.05,6.07,573.887,3481.48613
1665615900000,2022-10-12T23:05:00Z,6.07,6.07,6.06,6.07,31.389,190.52734
1665616200000,2022-10-12T23:10:00Z,6.07,6.07,6.07,6.07,0.778,4.72246
1665616500000,2022-10-12T23:15:00Z,6.07,6.08,6.07,6.07,460.029,2796.35053
1665616800000,2022-10-12T23:20:00Z,6.07,6.09,6.07,6.07,897.951,5460.35967
1665617100000,2022-10-12T23:25:00Z,6.07,6.07,6.07,6.07,150,910.5
1665617400000,2022-10-12T23:30:00Z,6.07,6.07,6.06,6.07,739.341,4487.79598
1665617700000,2022-10-12T23:35:00Z,6.07,6.07,6.07,6.07,489.981,2974.18467
1665618000000,2022-10-12T23:40:00Z,6.07,6.07,6.06,6.06,487.771,2960.76608
1665618300000,2022-10-12T23:45:00Z,6.06,6.06,6.06,6.06,18.954,114.86124
1665618600000,2022-10-12T23:50:00Z,6.06,6.06,6.05,6.06,415.932,2520.54403
1665618900000,2022-10-12T23:55:00Z,6.06,6.06,6.06,6.06,743.268,4504.20408
1665619200000,2022-10-13T00:00:00Z,6.06,6.06,6.03,6.05,2052.026,12406.88103
1665619500000,2022-10-13T00:05:00Z,6.05,6.05,6.05,6.05,989.989,5989.43345
1665619800000,2022-10-13T00:10:00Z,6.05,6.05,6.03,6.03,1009.279,6089.89623
1665620100000,2022-10-13T00:15:00Z,6.03,6.04,6.03,6.04,1636.192,9873.9644
1665620400000,2022-10-13T00:20:00Z,6.04,6.04,6.04,6.04,715.407,4321.05828
1665620700000,2022-10-13T00:25:00Z,6.04,6.04,6.01,6.01,2810.553,16924.51103
1665621000000,2022-10-13T00:30:00Z,6.01,6.02,6,6.01,3251.739,19551.21134
1665621300000,2022-10-13T00:35:00Z,6.01,6.01,6.01,6.01,655.523,3939.69323
1665621600000,2022-10-13T00:40:00Z,6.01,6.02,6.01,6.01,1028.512,6191.21275
1665621900000,2022-10-13T00:45:00Z,6.01,6.01,6,6.01,592.372,3560.15183
1665622200000,2022-10-13T00:50:00Z,6.01,6.01,6,6,790.441,4742.646
1665622500000,2022-10-13T00:55:00Z,6,6,5.99,5.99,255.98,1533.32798
1665622800000,2022-10-13T01:00:00Z,5.99,5.99,5.99,5.99,497.395,2979.39605
1665623100000,2022-10-13T01:05:00Z,5.99,6.02,5.99,6.02,1726.87,10368.04648
1665623400000,2022-10-13T01:10:00Z,6.02,6.02,6.01,6.01,944.427,5682.80443
1665623700000,2022-10-13T01:15:00Z,6.01,6.01,6,6.01,727.731,4366.38989
1665624000000,2022-10-13T01:20:00Z,6.01,6.01,6,6,150.389,903.834
1665624300000,2022-10-13T01:25:00Z,6,6,6,6,731.497,4388.982
1665624600000,2022-10-13T01:30:00Z,6,6,5.96,5.97,1684.227,10055.78956
1665624900000,2022-10-13T01:35:00Z,5.97,5.97,5.94,5.94,2113.241,12574.32194
1665625200000,2022-10-13T01:40:00Z,5.94,5.94,5.92,5.93,2463.997,14614.9896
1665625500000,2022-10-13T01:45:00Z,5.93,5.94,5.93,5.93,967.307,5739.42971
1665625800000,2022-10-13T01:50:00Z,5.93,5.94,5.93,5.93,1607.064,9537.68637
1665626100000,2022-10-13T01:55:00Z,5.93,5.94,5.92,5.94,4850.698,28775.84078
1665626400000,2022-10-13T02:00:00Z,5.94,5.94,5.94,5.94,269.309,1599.69546
1665626700000,2022-10-13T02:05:00Z,5.94,5.94,5.93,5.93,269.625,1601.04188
1665627000000,2022-10-13T02:10:00Z,5.93,5.93,5.9,5.91,844.446,4995.85025
1665627300000,2022-10-13T02:15:00Z,5.91,5.91,5.88,5.88,1467.863,8643.04776
1665627600000,2022-10-13T02:20:00Z,5.88,5.89,5.85,5.86,1658.39,9711.88796
1665627900000,2022-10-13T02:25:00Z,5.86,5.86,5.8,5.81,3996.641,23300.36915
1665628200000,2022-10-13T02:30:00Z,5.81,5.82,5.77,5.8,12176.933,70573.50476
1665628500000,2022-10-13T02:35:00Z,5.8,5.82,5.79,5.8,4420.685,25650.55596
1665628800000,2022-10-13T02:40:00Z,5.8,5.8,5.79,5.79,2514.174,14576.6494
1665629100000,2022-10-13T02:45:00Z,5.79,5.79,5.74,5.76,5050.391,29113.70775
1665629400000,2022-10-13T02:50:00Z,5.76,5.78,5.75,5.78,3197.425,18433.70772
1665629700000,2022-10-13T02:55:00Z,5.78,5.79,5.78,5.79,1636.612,9475.98348
1665630000000,2022-10-13T03:00:00Z,5.79,5.79,5.77,5.77,6111.268,35324.69656
1665630300000,2022-10-13T03:05:00Z,5.77,5.79,5.77,5.78,3844.908,22201.65411
1665630600000,2022-10-13T03:10:00Z,5.78,5.79,5.78,5.79,1092.416,6318.58412
1665630900000,2022-10-13T03:15:00Z,5.79,5.79,5.77,5.77,2155.557,12441.46989
1665631200000,2022-10-13T03:20:00Z,5.77,5.77,5.77,5.77,630.536,3638.19272
1665631500000,2022-10-13T03:25:00Z,5.77,5.78,5.77,5.77,1476.769,8524.07475
1665631800000,2022-10-13T03:30:00Z,5.77,5.79,5.77,5.79,636.5,3674.49328
1665632100000,2022-10-13T03:35:00Z,5.79,5.8,5.78,5.8,1737.926,10077.61625
1665632400000,2022-10-13T03:40:00Z,5.8,5.8,5.79,5.79,245.034,1418.74686
1665632700000,2022-10-13T03:45:00Z,5.79,5.79,5.78,5.78,2060.675,11919.70051
1665633000000,2022-10-13T03:50:00Z,5.78,5.8,5.78,5.79,2056.488,11910.66986
1665633300000,2022-10-13T03:55:00Z,5.79,5.79,5.79,5.79,18.389,106.47231
1665633600000,2022-10-13T04:00:00Z,5.79,5.79,5.77,5.79,1321.438,7628.54655
1665633900000,2022-10-13T04:05:00Z,5.79,5.8,5.79,5.79,441.354,2555.5257
1665634200000,2022-10-13T04:10:00Z,5.79,5.79,5.78,5.78,694.129,4012.41106
1665634500000,2022-10-13T04:15:00Z,5.78,5.79,5.78,5.79,765.921,4429.20473
1665634800000,2022-10-13T04:20:00Z,5.79,5.79,5.79,5.79,672.026,3891.03054
1665635100000,2022-10-13T04:25:00Z,5.79,5.8,5.79,5.79,814.627,4716.69422
1665635400000,2022-10-13T04:30:00Z,5.79,5.79,5.76,5.78,1071.254,6184.92075
1665635700000,2022-10-13T04:35:00Z,5.78,5.78,5.78,5.78,579.299,3348.34822
1665636000000,2022-10-13T04:40:00Z,5.78,5.78,5.77,5.77,167.675,967.48475
1665636300000,2022-10-13T04:45:00Z,5.77,5.78,5.76,5.76,738.72,4259.8034
1665636600000,2022-10-13T04:50:00Z,5.76,5.76,5.76,5.76,0.389,2.24064
1665636900000,2022-10-13T04:55:00Z,5.76,5.77,5.75,5.77,598.799,3453.47428
1665637200000,2022-10-13T05:00:00Z,5.77,5.77,5.76,5.76,543.838,3135.8998
1665637500000,2022-10-13T05:05:00Z,5.76,5.76,5.74,5.75,1144.011,6579.15059
1665637800000,2022-10-13T05:10:00Z,5.75,5.76,5.75,5.76,375.686,2160.19839
1665638100000,2022-10-13T05:15:00Z,5.76,5.76,5.76,5.76,5.132,29.56032
1665638400000,2022-10-13T05:20:00Z,5.76,5.76,5.75,5.75,121.07,696.1525
1665638700000,2022-10-13T05:25:00Z,5.75,5.75,5.75,5.75,35.172,202.239
1665639000000,2022-10-13T05:30:00Z,5.75,5.76,5.75,5.76,669.56,3852.12182
1665639300000,2022-10-13T05:35:00Z,5.76,5.76,5.76,5.76,3.89,22.4064
1665639600000,2022-10-13T05:40:00Z,5.76,5.77,5.76,5.77,229.282,1322.95714
1665639900000,2022-10-13T05:45:00Z,5.77,5.77,5.76,5.76,731.802,4215.17952
1665640200000,2022-10-13T05:50:00Z,5.76,5.77,5.76,5.77,448.151,2583.26404
1665640500000,2022-10-13T05:55:00Z,5.77,5.77,5.75,5.75,1084.49,6249.60954
1665640800000,2022-10-13T06:00:00Z,5.75,5.78,5.75,5.77,1842.391,10623.03277
1665641100000,2022-10-13T06:05:00Z,5.77,5.77,5.76,5.76,1215.124,6999.20089
1665641400000,2022-10-13T06:10:00Z,5.76,5.76,5.74,5.76,695.589,3998.60645
1665641700000,2022-10-13T06:15:00Z,5.76,5.76,5.74,5.74,370.304,2127.91422
1665642000000,2022-10-13T06:20:00Z,5.74,5.74,5.73,5.73,684.651,3923.05023
1665642300000,2022-10-13T06:25:00Z,5.73,5.73,5.72,5.72,564.75,3233.10067
1665642600000,2022-10-13T06:30:00Z,5.72,5.72,5.69,5.69,2501.543,14243.15301
1665642900000,2022-10-13T06:35:00Z,5.69,5.69,5.67,5.67,1905.678,10816.83976
1665643200000,2022-10-13T06:40:00Z,5.67,5.69,5.66,5.68,1217.981,6908.08333
1665643500000,2022-10-13T06:45:00Z,5.68,5.71,5.68,5.7,2712.253,15444.87469
1665643800000,2022-10-13T06:50:00Z,5.7,5.71,5.7,5.7,3325.305,18970.92359
1665644100000,2022-10-13T06:55:00Z,5.7,5.7,5.69,5.7,1767.896,10073.48662
1665644400000,2022-10-13T07:00:00Z,5.7,5.7,5.68,5.68,1064.371,6049.36489
1665644700000,2022-10-13T07:05:00Z,5.68,5.68,5.66,5.68,2029.544,11507.46298
1665645000000,2022-10-13T07:10:00Z,5.68,5.68,5.65,5.65,3882.021,21970.19007
1665645300000,2022-10-13T07:15:00Z,5.65,5.66,5.64,5.66,2335.746,13194.4674
1665645600000,2022-10-13T07:20:00Z,5.66,5.66,5.66,5.66,1067.566,6042.42356
1665645900000,2022-10-13T07:25:00Z,5.66,5.66,5.63,5.64,2736.253,15419.53884
1665646200000,2022-10-13T07:30:00Z,5.64,5.64,5.59,5.6,2485.699,13951.54066
1665646500000,2022-10-13T07:35:00Z,5.6,5.6,5.53,5.53,6075.945,33839.31376
1665646800000,2022-10-13T07:40:00Z,5.53,5.59,5.52,5.58,8623.121,47982.34585
1665647100000,2022-10-13T07:45:00Z,5.58,5.63,5.58,5.63,4953.963,27768.9627
1665647400000,2022-10-13T07:50:00Z,5.63,5.64,5.63,5.64,3795.278,21379.55415
1665647700000,2022-10-13T07:55:00Z,5.64,5.64,5.63,5.63,3787.204,21347.98548
1665648000000,2022-10-13T08:00:00Z,5.63,5.63,5.6,5.6,7135.022,40043.42968
1665648300000,2022-10-13T08:05:00Z,5.6,5.61,5.6,5.6,3297.683,18478.48197
1665648600000,2022-10-13T08:10:00Z,5.6,5.6,5.56,5.56,3661.278,20440.62739
1665648900000,2022-10-13T08:15:00Z,5.56,5.58,5.55,5.58,4044.551,22527.93466
1665649200000,2022-10-13T08:20:00Z,5.58,5.61,5.58,5.61,1973.457,11045.72791
1665649500000,2022-10-13T08:25:00Z,5.61,5.61,5.6,5.61,3202.828,17960.6977
1665649800000,2022-10-13T08:30:00Z,5.61,5.64,5.61,5.63,3756.991,21134.66168
1665650100000,2022-10-13T08:35:00Z,5.63,5.64,5.63,5.63,1740.465,9811.13763
1665650400000,2022-10-13T08:40:00Z,5.63,5.63,5.62,5.63,2170.987,12219.24732
1665650700000,2022-10-13T08:45:00Z,5.63,5.63,5.62,5.63,1471.849,8283.38904
1665651000000,2022-10-13T08:50:00Z,5.63,5.64,5.63,5.64,1304.411,7356.87804
1665651300000,2022-10-13T08:55:00Z,5.64,5.64,5.63,5.63,934.245,5259.80324
1665651600000,2022-10-13T09:00:00Z,5.63,5.64,5.63,5.64,4737.616,26714.93697
1665651900000,2022-10-13T09:05:00Z,5.64,5.66,5.64,5.66,2995.211,16941.15715
1665652200000,2022-10-13T09:10:00Z,5.66,5.66,5.64,5.65,371.393,2095.71041
1665652500000,2022-10-13T09:15:00Z,5.65,5.65,5.64,5.64,403.006,2272.95773
1665652800000,2022-10-13T09:20:00Z,5.64,5.64,5.63,5.63,909.595,5127.8758
1665653100000,2022-10-13T09:25:00Z,5.63,5.63,5.62,5.62,2292.47,12896.24121
1665653400000,2022-10-13T09:30:00Z,5.62,5.62,5.61,5.61,3028.491,17013.54598
1665653700000,2022-10-13T09:35:00Z,5.61,5.61,5.6,5.61,1626.178,9117.9781
1665654000000,2022-10-13T09:40:00Z,5.61,5.61,5.61,5.61,357.487,2005.50207
1665654300000,2022-10-13T09:45:00Z,5.61,5.61,5.6,5.6,834.837,4682.35543
1665654600000,2022-10-13T09:50:00Z,5.6,5.6,5.59,5.59,1830.928,10246.96999
1665654900000,2022-10-13T09:55:00Z,5.59,5.6,5.58,5.6,1914.718,10704.16455
1665655200000,2022-10-13T10:00:00Z,5.6,5.6,5.58,5.6,2092.571,11702.975
1665655500000,2022-10-13T10:05:00Z,5.6,5.6,5.56,5.56,2534.56,14142.63427
1665655800000,2022-10-13T10:10:00Z,5.56,5.57,5.55,5.57,2482.483,13813.46012
1665656100000,2022-10-13T10:15:00Z,5.57,5.58,5.57,5.58,6767.2,37760.976
1665656400000,2022-10-13T10:20:00Z,5.58,5.58,5.49,5.51,13168.392,72726.42991
1665656700000,2022-10-13T10:25:00Z,5.51,5.51,5.47,5.47,7472.471,40968.60291
1665657000000,2022-10-13T10:30:00Z,5.47,5.47,5.39,5.46,17249.823,93641.22328
1665657300000,2022-10-13T10:35:00Z,5.46,5.5,5.46,5.5,7115.207,38946.82791
1665657600000,2022-10-13T10:40:00Z,5.5,5.51,5.49,5.51,2864.225,15752.82115
1665657900000,2022-10-13T10:45:00Z,5.51,5.57,5.51,5.56,4767.298,26413.49344
1665658200000,2022-10-13T10:50:00Z,5.56,5.57,5.54,5.54,3971.292,22034.48856
1665658500000,2022-10-13T10:55:00Z,5.54,5.56,5.54,5.56,1505.74,8370.02859
1665658800000,2022-10-13T11:00:00Z,5.56,5.56,5.55,5.56,1696.588,9430.4766
1665659100000,2022-10-13T11:05:00Z,5.56,5.59,5.56,5.58,2741.575,15309.96562
1665659400000,2022-10-13T11:10:00Z,5.58,5.6,5.58,5.6,1393.912,7791.81194
1665659700000,2022-10-13T11:15:00Z,5.6,5.61,5.6,5.61,1368.223,7665.31148
1665660000000,2022-10-13T11:20:00Z,5.61,5.61,5.59,5.59,2158.409,12080.12342
1665660300000,2022-10-13T11:25:00Z,5.59,5.6,5.59,5.6,1660.505,9289.12452
1665660600000,2022-10-13T11:30:00Z,5.6,5.61,5.6,5.61,1986.811,11127.3316
1665660900000,2022-10-13T11:35:00Z,5.61,5.64,5.6,5.64,2910.918,16396.86985
1665661200000,2022-10-13T11:40:00Z,5.64,5.66,5.64,5.66,2172.513,12284.60884
1665661500000,2022-10-13T11:45:00Z,5.66,5.66,5.64,5.64,652.316,3686.18701
1665661800000,2022-10-13T11:50:00Z,5.64,5.64,5.62,5.62,1548.912,8711.75302
1665662100000,2022-10-13T11:55:00Z,5.62,5.62,5.61,5.61,2424.429,13605.58537
1665662400000,2022-10-13T12:00:00Z,5.61,5.61,5.59,5.59,4302.981,24103.44752
1665662700000,2022-10-13T12:05:00Z,5.59,5.6,5.58,5.59,1914.441,10702.66374
1665663000000,2022-10-13T12:10:00Z,5.59,5.7,5.59,5.65,32532.318,183836.33517
1665663300000,2022-10-13T12:15:00Z,5.65,5.69,5.64,5.66,10257.983,58123.25795
1665663600000,2022-10-13T12:20:00Z,5.66,5.68,5.65,5.68,3911.1,22141.31857
1665663900000,2022-10-13T12:25:00Z,5.68,5.9,5.68,5.88,12519.803,72142.7348
1665664200000,2022-10-13T12:30:00Z,5.88,5.89,5.55,5.8,43193.762,245738.35831
1665664500000,2022-10-13T12:35:00Z,5.8,5.83,5.73,5.83,26739.124,154905.89426
1665664800000,2022-10-13T12:40:00Z,5.83,5.87,5.77,5.78,23676.736,137808.74109
1665665100000,2022-10-13T12:45:00Z,5.78,5.88,5.74,5.85,16134.483,93658.72335
1665665400000,2022-10-13T12:50:00Z,5.85,5.92,5.83,5.89,16228.961,95462.87726
1665665700000,2022-10-13T12:55:00Z,5.89,5.96,5.87,5.94,6978.048,41269.55737
1665666000000,2022-10-13T13:00:00Z,5.94,5.94,5.86,5.88,12719.407,74946.1106
1665666300000,2022-10-13T13:05:00Z,5.88,5.89,5.84,5.84,6373.117,37401.90543
1665666600000,2022-10-13T13:10:00Z,5.84,5.86,5.81,5.81,6306.059,36747.11097
1665666900000,2022-10-13T13:15:00Z,5.81,5.81,5.75,5.8,11099.683,64202.68069
1665667200000,2022-10-13T13:20:00Z,5.8,5.83,5.8,5.83,5735.163,33398.20952
1665667500000,2022-10-13T13:25:00Z,5.83,5.86,5.82,5.83,3726.342,21742.8457
1665667800000,2022-10-13T13:30:00Z,5.83,5.83,5.78,5.83,8700.213,50521.40862
1665668100000,2022-10-13T13:35:00Z,5.83,5.83,5.8,5.81,5189.003,30186.37626
1665668400000,2022-10-13T13:40:00Z,5.81,5.84,5.8,5.81,5145.383,29949.25197
1665668700000,2022-10-13T13:45:00Z,5.81,5.84,5.8,5.84,4796.319,27905.24981
1665669000000,2022-10-13T13:50:00Z,5.84,5.87,5.84,5.86,4507.736,26374.68587
1665669300000,2022-10-13T13:55:00Z,5.86,5.86,5.85,5.86,1900.827,11124.7236
1665669600000,2022-10-13T14:00:00Z,5.86,5.86,5.84,5.86,4014.653,23473.39131
1665669900000,2022-10-13T14:05:00Z,5.86,5.87,5.85,5.87,3125.693,18307.37129
1665670200000,2022-10-13T14:10:00Z,5.87,5.88,5.86,5.88,2880.572,16891.30928
1665670500000,2022-10-13T14:15:00Z,5.88,5.89,5.85,5.85,5737.944,33715.17644
1665670800000,2022-10-13T14:20:00Z,5.85,5.86,5.84,5.84,2889.997,16906.07362
1665671100000,2022-10-13T14:25:00Z,5.84,5.84,5.84,5.84,3805.657,22225.03688
1665671400000,2022-10-13T14:30:00Z,5.84,5.85,5.83,5.83,3417.149,19963.1028
1665671700000,2022-10-13T14:35:00Z,5.83,5.83,5.82,5.82,4241.325,24704.90494
1665672000000,2022-10-13T14:40:00Z,5.82,5.83,5.82,5.82,4146.672,24160.18354
1665672300000,2022-10-13T14:45:00Z,5.82,5.84,5.82,5.84,2888.956,16859.39922
1665672600000,2022-10-13T14:50:00Z,5.84,5.85,5.84,5.85,1878.441,10970.11766
1665672900000,2022-10-13T14:55:00Z,5.85,5.85,5.83,5.83,2465.642,14396.64124
1665673200000,2022-10-13T15:00:00Z,5.83,5.83,5.81,5.82,2113.79,12302.0778
1665673500000,2022-10-13T15:05:00Z,5.82,5.89,5.82,5.89,2153.819,12640.83903
1665673800000,2022-10-13T15:10:00Z,5.89,5.9,5.88,5.9,3220.532,18961.05406
1665674100000,2022-10-13T15:15:00Z,5.9,5.98,5.9,5.93,15241.291,90470.9905
1665674400000,2022-10-13T15:20:00Z,5.93,5.97,5.93,5.95,11558.39,68837.66522
1665674700000,2022-10-13T15:25:00Z,5.95,5.98,5.95,5.97,4531.39,27044.8258
1665675000000,2022-10-13T15:30:00Z,5.97,5.98,5.94,5.95,5019.946,29909.53442
1665675300000,2022-10-13T15:35:00Z,5.95,6,5.95,5.99,9786.89,58492.76989
1665675600000,2022-10-13T15:40:00Z,5.99,6.02,5.99,6.02,8395.492,50464.3754
1665675900000,2022-10-13T15:45:00Z,6.02,6.02,5.98,5.98,8730.579,52359.98198
1665676200000,2022-10-13T15:50:00Z,5.98,6.02,5.98,6.02,4010.916,24089.58005
1665676500000,2022-10-13T15:55:00Z,6.02,6.02,6,6,1583.332,9510.23225
1665676800000,2022-10-13T16:00:00Z,6,6.02,5.99,6.02,3664.645,21995.34023
1665677100000,2022-10-13T16:05:00Z,6.02,6.03,6.01,6.02,3232.801,19473.25263
1665677400000,2022-10-13T16:10:00Z,6.02,6.02,5.97,5.97,2596.811,15558.74448
1665677700000,2022-10-13T16:15:00Z,5.97,6.01,5.97,6.01,4432.586,26554.49651
1665678000000,2022-10-13T16:20:00Z,6.01,6.03,6.01,6.03,5619.595,33823.03686
1665678300000,2022-10-13T16:25:00Z,6.03,6.04,6.03,6.03,1861.037,11234.03801
1665678600000,2022-10-13T16:30:00Z,6.03,6.09,6.03,6.09,6671.543,40495.2041
1665678900000,2022-10-13T16:35:00Z,6.09,6.11,6.06,6.06,2709.398,16504.91568
1665679200000,2022-10-13T16:40:00Z,6.06,6.1,6.06,6.1,4332.046,26393.09931
1665679500000,2022-10-13T16:45:00Z,6.1,6.1,6.07,6.07,4316.693,26258.85514
1665679800000,2022-10-13T16:50:00Z,6.07,6.08,6.06,6.06,3713.768,22525.23467
1665680100000,2022-10-13T16:55:00Z,6.06,6.07,6.06,6.06,2188.648,13270.5056
1665680400000,2022-10-13T17:00:00Z,6.06,6.08,6.06,6.08,2212.878,13430.40909
1665680700000,2022-10-13T17:05:00Z,6.08,6.08,6.04,6.04,4421.31,26743.86231
1665681000000,2022-10-13T17:10:00Z,6.04,6.06,6.04,6.05,1107.877,6707.01657
1665681300000,2022-10-13T17:15:00Z,6.05,6.08,6.05,6.07,3619.616,21959.98176
1665681600000,2022-10-13T17:20:00Z,6.07,6.07,6.06,6.06,1286.613,7797.5564
1665681900000,2022-10-13T17:25:00Z,6.06,6.06,6.04,6.04,2052.74,12427.30572
1665682200000,2022-10-13T17:30:00Z,6.04,6.07,6.02,6.07,4656.095,28165.74409
1665682500000,2022-10-13T17:35:00Z,6.07,6.07,6.07,6.07,3501.425,21253.64975
1665682800000,2022-10-13T17:40:00Z,6.07,6.07,6.07,6.07,2861.644,17370.17908
1665683100000,2022-10-13T17:45:00Z,6.07,6.08,6.07,6.07,374.329,2273.3464
1665683400000,2022-10-13T17:50:00Z,6.07,6.08,6.07,6.08,3003.87,18259.15308
1665683700000,2022-10-13T17:55:00Z,6.08,6.08,6.07,6.07,431.196,2617.35972
1665684000000,2022-10-13T18:00:00Z,6.07,6.08,6.07,6.08,1370.264,8331.20123
1665684300000,2022-10-13T18:05:00Z,6.08,6.08,6.07,6.07,1175.985,7141.33778
1665684600000,2022-10-13T18:10:00Z,6.07,6.07,6.07,6.07,416.933,2530.78331
1665684900000,2022-10-13T18:15:00Z,6.07,6.07,6.05,6.06,1899.738,11511.38132
1665685200000,2022-10-13T18:20:00Z,6.06,6.06,6.05,6.05,1620.723,9810.21661
1665685500000,2022-10-13T18:25:00Z,6.05,6.05,6.03,6.03,1159.048,6996.70141
1665685800000,2022-10-13T18:30:00Z,6.03,6.04,6.03,6.04,1532.857,9258.45628
1665686100000,2022-10-13T18:35:00Z,6.04,6.04,6.03,6.03,560.349,3378.91225
1665686400000,2022-10-13T18:40:00Z,6.03,6.05,6.03,6.05,690.728,4172.84493
1665686700000,2022-10-13T18:45:00Z,6.05,6.08,6.05,6.07,5035.216,30551.64298
1665687000000,2022-10-13T18:50:00Z,6.07,6.09,6.07,6.09,2609.723,15876.82698
1665687300000,2022-10-13T18:55:00Z,6.09,6.12,6.09,6.11,5461.683,33350.29128
1665687600000,2022-10-13T19:00:00Z,6.11,6.11,6.1,6.1,1853.695,11316.54324
1665687900000,2022-10-13T19:05:00Z,6.1,6.12,6.1,6.12,2430.749,14840.08358
1665688200000,2022-10-13T19:10:00Z,6.12,6.13,6.11,6.11,1937.308,11850.32892
1665688500000,2022-10-13T19:15:00Z,6.11,6.11,6.09,6.09,1675.156,10226.58886
1665688800000,2022-10-13T19:20:00Z,6.09,6.1,6.08,6.08,1926.239,11728.75141
1665689100000,2022-10-13T19:25:00Z,6.08,6.09,6.06,6.06,724.782,4404.75532
1665689400000,2022-10-13T19:30:00Z,6.06,6.08,6.06,6.07,1205.484,7320.97003
1665689700000,2022-10-13T19:35:00Z,6.07,6.09,6.07,6.09,702.431,4271.86223
1665690000000,2022-10-13T19:40:00Z,6.09,6.1,6.09,6.1,328.967,2003.41903
1665690300000,2022-10-13T19:45:00Z,6.1,6.1,6.09,6.09,541.455,3297.46484
1665690600000,2022-10-13T19:50:00Z,6.09,6.1,6.09,6.09,1275.675,7774.28316
1665690900000,2022-10-13T19:55:00Z,6.09,6.11,6.09,6.11,5845.393,35699.47592
1665691200000,2022-10-13T20:00:00Z,6.11,6.11,6.1,6.11,1489.333,9097.86763
1665691500000,2022-10-13T20:05:00Z,6.11,6.12,6.11,6.12,698.848,4276.21022
1665691800000,2022-10-13T20:10:00Z,6.12,6.15,6.12,6.15,2032.365,12476.90432
1665692100000,2022-10-13T20:15:00Z,6.15,6.17,6.14,6.17,1137.529,6994.71967
1665692400000,2022-10-13T20:20:00Z,6.17,6.17,6.16,6.16,395.997,2439.34152
1665692700000,2022-10-13T20:25:00Z,6.16,6.16,6.14,6.14,715.341,4394.82028
1665693000000,2022-10-13T20:30:00Z,6.14,6.15,6.14,6.15,463.678,2851.54165
1665693300000,2022-10-13T20:35:00Z,6.15,6.16,6.15,6.15,475.524,2924.51001
1665693600000,2022-10-13T20:40:00Z,6.15,6.17,6.15,6.16,1866.236,11494.98709
1665693900000,2022-10-13T20:45:00Z,6.16,6.17,6.16,6.16,730.072,4499.39143
1665694200000,2022-10-13T20:50:00Z,6.16,6.16,6.15,6.15,364.898,2245.21599
1665694500000,2022-10-13T20:55:00Z,6.15,6.15,6.15,6.15,1631.949,10036.48635
1665694800000,2022-10-13T21:00:00Z,6.15,6.15,6.15,6.15,291.224,1791.0276
1665695100000,2022-10-13T21:05:00Z,6.15,6.16,6.15,6.16,527.961,3252.23976
1665695400000,2022-10-13T21:10:00Z,6.16,6.19,6.16,6.19,1118.258,6911.10586
1665695700000,2022-10-13T21:15:00Z,6.19,6.21,6.17,6.17,4800.49,29731.92091
1665696000000,2022-10-13T21:20:00Z,6.17,6.17,6.16,6.17,539.061,3325.49892
1665696300000,2022-10-13T21:25:00Z,6.17,6.17,6.15,6.15,958.01,5899.76605
1665696600000,2022-10-13T21:30:00Z,6.15,6.16,6.15,6.15,52.746,324.39651
1665696900000,2022-10-13T21:35:00Z,6.15,6.15,6.14,6.14,50.069,307.92046
1665697200000,2022-10-13T21:40:00Z,6.14,6.15,6.14,6.15,490.844,3018.6906
1665697500000,2022-10-13T21:45:00Z,6.15,6.16,6.14,6.16,88.869,545.86034
1665697800000,2022-10-13T21:50:00Z,6.16,6.16,6.15,6.15,18.544,114.22715
1665698100000,2022-10-13T21:55:00Z,6.15,6.17,6.15,6.17,1192.573,7357.41234
1665698400000,2022-10-13T22:00:00Z,6.17,6.17,6.16,6.16,411.646,2536.40401
1665698700000,2022-10-13T22:05:00Z,6.16,6.16,6.15,6.15,231.584,1424.2416
1665699000000,2022-10-13T22:10:00Z,6.15,6.15,6.14,6.14,470.75,2890.405
1665699300000,2022-10-13T22:15:00Z,6.14,6.16,6.14,6.16,208.503,1282.64507
1665699600000,2022-10-13T22:20:00Z,6.16,6.16,6.16,6.16,249.848,1539.06368
1665699900000,2022-10-13T22:25:00Z,6.16,6.16,6.13,6.13,664.418,4074.23461
1665700200000,2022-10-13T22:30:00Z,6.13,6.14,6.13,6.14,378.621,2324.73294
1665700500000,2022-10-13T22:35:00Z,6.14,6.15,6.13,6.13,183.932,1128.75094
1665700800000,2022-10-13T22:40:00Z,6.13,6.14,6.13,6.14,449.389,2759.24846
1665701100000,2022-10-13T22:45:00Z,6.14,6.14,6.14,6.14,328.729,2018.39606
1665701400000,2022-10-13T22:50:00Z,6.14,6.14,6.12,6.12,361.81,2216.6072
1665701700000,2022-10-13T22:55:00Z,6.12,6.12,6.12,6.12,602.624,3688.05888
1665702000000,2022-10-13T23:00:00Z,6.12,6.13,6.12,6.12,1640.429,10045.82864
1665702300000,2022-10-13T23:05:00Z,6.12,6.12,6.1,6.1,2202.75,13468.39628
1665702600000,2022-10-13T23:10:00Z,6.1,6.11,6.1,6.11,1092.908,6677.66788
1665702900000,2022-10-13T23:15:00Z,6.11,6.11,6.09,6.09,2075.173,12655.33822
1665703200000,2022-10-13T23:20:00Z,6.09,6.1,6.09,6.1,2459.299,14999.58244
1665703500000,2022-10-13T23:25:00Z,6.1,6.1,6.09,6.09,575.9,3510.14848
1665703800000,2022-10-13T23:30:00Z,6.09,6.11,6.09,6.1,2102.208,12827.30303
1665704100000,2022-10-13T23:35:00Z,6.1,6.13,6.1,6.13,2874.235,17589.83123
1665704400000,2022-10-13T23:40:00Z,6.13,6.14,6.13,6.13,2772.568,17011.69022
1665704700000,2022-10-13T23:45:00Z,6.13,6.13,6.13,6.13,177.275,1086.69575
1665705000000,2022-10-13T23:50:00Z,6.13,6.13,6.13,6.13,1253.595,7684.53735
1665705300000,2022-10-13T23:55:00Z,6.13,6.14,6.13,6.14,585.396,3594.32755
1665705600000,2022-10-14T00:00:00Z,6.14,6.14,6.13,6.14,2454.607,15067.60892
1665705900000,2022-10-14T00:05:00Z,6.14,6.14,6.14,6.14,1343.176,8247.10064
1665706200000,2022-10-14T00:10:00Z,6.14,6.14,6.12,6.12,1533.697,9399.70828
1665706500000,2022-10-14T00:15:00Z,6.12,6.12,6.11,6.11,2616.657,16007.07543
1665706800000,2022-10-14T00:20:00Z,6.11,6.12,6.11,6.12,873.38,5345.0856
1665707100000,2022-10-14T00:25:00Z,6.12,6.14,6.12,6.14,1006.726,6175.1323
1665707400000,2022-10-14T00:30:00Z,6.14,6.14,6.13,6.14,1959.541,12030.3849
1665707700000,2022-10-14T00:35:00Z,6.14,6.15,6.14,6.15,1134.645,6978.06675
1665708000000,2022-10-14T00:40:00Z,6.15,6.2,6.15,6.19,2610.003,16093.63393
1665708300000,2022-10-14T00:45:00Z,6.19,6.22,6.19,6.22,2792.158,17318.86625
1665708600000,2022-10-14T00:50:00Z,6.22,6.26,6.22,6.26,2135.978,13330.3933
1665708900000,2022-10-14T00:55:00Z,6.26,6.29,6.25,6.28,3130.772,19635.30202
1665709200000,2022-10-14T01:00:00Z,6.28,6.28,6.24,6.26,2954.407,18484.9601
1665709500000,2022-10-14T01:05:00Z,6.26,6.26,6.26,6.26,1315.984,8238.05984
1665709800000,2022-10-14T01:10:00Z,6.26,6.26,6.26,6.26,860.327,5385.64702
1665710100000,2022-10-14T01:15:00Z,6.26,6.28,6.26,6.28,2175.839,13630.90461
1665710400000,2022-10-14T01:20:00Z,6.28,6.32,6.28,6.31,3358.264,21158.38387
1665710700000,2022-10-14T01:25:00Z,6.31,6.32,6.29,6.31,2842.673,17926.16986
1665711000000,2022-10-14T01:30:00Z,6.31,6.38,6.31,6.38,9457.094,60016.49359
1665711300000,2022-10-14T01:35:00Z,6.38,6.43,6.38,6.43,8164.176,52355.55294
1665711600000,2022-10-14T01:40:00Z,6.43,6.46,6.41,6.41,8109.486,52185.97164
1665711900000,2022-10-14T01:45:00Z,6.41,6.46,6.41,6.45,8013.781,51618.57844
1665712200000,2022-10-14T01:50:00Z,6.45,6.46,6.43,6.46,6443.707,41550.37284
1665712500000,2022-10-14T01:55:00Z,6.46,6.47,6.43,6.43,7667.453,49454.37008
1665712800000,2022-10-14T02:00:00Z,6.43,6.46,6.43,6.45,4719.464,30450.11796
1665713100000,2022-10-14T02:05:00Z,6.45,6.49,6.45,6.46,5959.744,38565.38921
1665713400000,2022-10-14T02:10:00Z,6.46,6.46,6.43,6.44,2865.796,18497.3676
1665713700000,2022-10-14T02:15:00Z,6.44,6.47,6.44,6.46,6613.879,42697.78385
1665714000000,2022-10-14T02:20:00Z,6.46,6.47,6.45,6.45,2835.048,18326.53168
1665714300000,2022-10-14T02:25:00Z,6.45,6.46,6.44,6.44,1823.443,11756.96683
1665714600000,2022-10-14T02:30:00Z,6.44,6.5,6.44,6.49,7420.674,48061.45354
1665714900000,2022-10-14T02:35:00Z,6.49,6.53,6.49,6.53,7586.244,49344.96904
1665715200000,2022-10-14T02:40:00Z,6.53,6.53,6.49,6.49,3289.754,21368.22101
1665715500000,2022-10-14T02:45:00Z,6.49,6.5,6.49,6.49,1431.895,9304.23454
1665715800000,2022-10-14T02:50:00Z,6.49,6.5,6.49,6.5,1309.551,8512.06648
1665716100000,2022-10-14T02:55:00Z,6.5,6.5,6.48,6.48,2617.049,16978.0443
1665716400000,2022-10-14T03:00:00Z,6.48,6.51,6.48,6.5,3927.861,25529.21913
1665716700000,2022-10-14T03:05:00Z,6.5,6.5,6.49,6.49,3424.524,22225.20473
1665717000000,2022-10-14T03:10:00Z,6.49,6.52,6.49,6.51,1433.087,9322.18088
1665717300000,2022-10-14T03:15:00Z,6.51,6.51,6.5,6.5,1961.839,12756.57259
1665717600000,2022-10-14T03:20:00Z,6.5,6.5,6.48,6.49,3173.382,20606.76355
1665717900000,2022-10-14T03:25:00Z,6.49,6.5,6.49,6.5,2108.351,13703.29362
1665718200000,2022-10-14T03:30:00Z,6.5,6.51,6.48,6.48,4425.791,28750.35871
1665718500000,2022-10-14T03:35:00Z,6.48,6.49,6.47,6.47,2691.794,17444.39283
1665718800000,2022-10-14T03:40:00Z,6.47,6.47,6.46,6.46,1822.94,11786.21043
1665719100000,2022-10-14T03:45:00Z,6.46,6.47,6.46,6.46,1336.887,8642.30218
1665719400000,2022-10-14T03:50:00Z,6.46,6.47,6.45,6.45,5267.655,34011.20247
1665719700000,2022-10-14T03:55:00Z,6.45,6.46,6.44,6.45,1923.179,12406.51605
1665720000000,2022-10-14T04:00:00Z,6.45,6.47,6.45,6.47,1672.139,10805.37358
1665720300000,2022-10-14T04:05:00Z,6.47,6.47,6.47,6.47,544.049,3519.99703
1665720600000,2022-10-14T04:10:00Z,6.47,6.48,6.47,6.48,2475.778,16043.01151
1665720900000,2022-10-14T04:15:00Z,6.48,6.48,6.47,6.47,232.534,1504.49498
1665721200000,2022-10-14T04:20:00Z,6.47,6.47,6.46,6.46,200.665,1298.27931
1665721500000,2022-10-14T04:25:00Z,6.46,6.46,6.46,6.46,1205.741,7789.08686
1665721800000,2022-10-14T04:30:00Z,6.46,6.47,6.46,6.47,771.525,4989.13193
1665722100000,2022-10-14T04:35:00Z,6.47,6.47,6.47,6.47,1945.691,12588.62077
1665722400000,2022-10-14T04:40:00Z,6.47,6.49,6.47,6.49,1829.287,11860.99775
1665722700000,2022-10-14T04:45:00Z,6.49,6.49,6.47,6.47,1983.973,12848.06395
1665723000000,2022-10-14T04:50:00Z,6.47,6.47,6.47,6.47,1064.054,6884.42938
1665723300000,2022-10-14T04:55:00Z,6.47,6.47,6.47,6.47,840.304,5436.76688
1665723600000,2022-10-14T05:00:00Z,6.47,6.47,6.47,6.47,878.297,5682.58159
1665723900000,2022-10-14T05:05:00Z,6.47,6.47,6.47,6.47,642.403,4156.34741
1665724200000,2022-10-14T05:10:00Z,6.47,6.47,6.44,6.45,2087.955,13478.60819
1665724500000,2022-10-14T05:15:00Z,6.45,6.47,6.45,6.47,2080.353,13431.91227
1665724800000,2022-10-14T05:20:00Z,6.47,6.49,6.47,6.47,1592.287,10325.98873
1665725100000,2022-10-14T05:25:00Z,6.47,6.47,6.45,6.45,2408.723,15555.59383
1665725400000,2022-10-14T05:30:00Z,6.45,6.46,6.42,6.42,4160.61,26766.8512
1665725700000,2022-10-14T05:35:00Z,6.42,6.44,6.42,6.43,1857.393,11953.14272
1665726000000,2022-10-14T05:40:00Z,6.43,6.44,6.43,6.43,2013.52,12953.22171
1665726300000,2022-10-14T05:45:00Z,6.43,6.43,6.42,6.42,209.556,1347.28529
1665726600000,2022-10-14T05:50:00Z,6.42,6.42,6.4,6.4,1805.17,11570.9609
1665726900000,2022-10-14T05:55:00Z,6.4,6.41,6.4,6.4,65.553,420.15907
1665727200000,2022-10-14T06:00:00Z,6.4,6.41,6.4,6.41,211.384,1354.94244
1665727500000,2022-10-14T06:05:00Z,6.41,6.42,6.41,6.41,61.147,391.95616
1665727800000,2022-10-14T06:10:00Z,6.41,6.41,6.39,6.39,2057.882,13155.9326
1665728100000,2022-10-14T06:15:00Z,6.39,6.39,6.39,6.39,747.32,4775.3748
1665728400000,2022-10-14T06:20:00Z,6.39,6.39,6.38,6.38,857.06,5476.50564
1665728700000,2022-10-14T06:25:00Z,6.38,6.4,6.38,6.4,742.664,4748.61959
1665729000000,2022-10-14T06:30:00Z,6.4,6.4,6.39,6.39,2130.911,13618.6029
1665729300000,2022-10-14T06:35:00Z,6.39,6.39,6.37,6.38,1969.259,12562.53073
1665729600000,2022-10-14T06:40:00Z,6.38,6.38,6.37,6.37,1596.977,10180.96507
1665729900000,2022-10-14T06:45:00Z,6.37,6.38,6.36,6.37,436.818,2784.03935
1665730200000,2022-10-14T06:50:00Z,6.37,6.37,6.37,6.37,283.203,1804.00311
1665730500000,2022-10-14T06:55:00Z,6.37,6.37,6.35,6.35,1021.097,6484.4278
1665730800000,2022-10-14T07:00:00Z,6.35,6.37,6.35,6.37,2229.16,14180.83889
1665731100000,2022-10-14T07:05:00Z,6.37,6.37,6.36,6.37,1117.279,7117.06334
1665731400000,2022-10-14T07:10:00Z,6.37,6.37,6.36,6.36,913.962,5820.23325
1665731700000,2022-10-14T07:15:00Z,6.36,6.36,6.35,6.35,3949.564,25108.38349
1665732000000,2022-10-14T07:20:00Z,6.35,6.35,6.34,6.34,1806.181,11466.91461
1665732300000,2022-10-14T07:25:00Z,6.34,6.35,6.34,6.35,2762.773,17533.60264
1665732600000,2022-10-14T07:30:00Z,6.35,6.35,6.35,6.35,1470.695,9338.91325
1665732900000,2022-10-14T07:35:00Z,6.35,6.35,6.34,6.34,4714.291,29913.51646
1665733200000,2022-10-14T07:40:00Z,6.34,6.35,6.34,6.35,3901.643,24771.35703
1665733500000,2022-10-14T07:45:00Z,6.35,6.35,6.34,6.34,1063.593,6743.17962
1665733800000,2022-10-14T07:50:00Z,6.34,6.35,6.34,6.35,2117.089,13440.72137
1665734100000,2022-10-14T07:55:00Z,6.35,6.37,6.35,6.37,1236.566,7874.23674
1665734400000,2022-10-14T08:00:00Z,6.37,6.37,6.37,6.37,1543.537,9832.33069
1665734700000,2022-10-14T08:05:00Z,6.37,6.38,6.37,6.38,292.455,1862.94224
1665735000000,2022-10-14T08:10:00Z,6.38,6.38,6.38,6.38,3924.383,25037.56354
1665735300000,2022-10-14T08:15:00Z,6.38,6.38,6.36,6.36,995.352,6339.22084
1665735600000,2022-10-14T08:20:00Z,6.36,6.36,6.34,6.35,2239.826,14228.56145
1665735900000,2022-10-14T08:25:00Z,6.35,6.35,6.33,6.33,2143.439,13584.01355
1665736200000,2022-10-14T08:30:00Z,6.33,6.35,6.33,6.34,1926.833,12213.77758
1665736500000,2022-10-14T08:35:00Z,6.34,6.37,6.34,6.37,2039.015,12961.86958
1665736800000,2022-10-14T08:40:00Z,6.37,6.37,6.36,6.37,1009.656,6429.26872
1665737100000,2022-10-14T08:45:00Z,6.37,6.37,6.36,6.36,2463.617,15691.41894
1665737400000,2022-10-14T08:50:00Z,6.36,6.36,6.35,6.35,1004.678,6389.73246
1665737700000,2022-10-14T08:55:00Z,6.35,6.35,6.35,6.35,984.21,6249.7335
1665738000000,2022-10-14T09:00:00Z,6.35,6.35,6.34,6.34,4057.726,25731.21939
1665738300000,2022-10-14T09:05:00Z,6.34,6.34,6.32,6.32,1035.156,6549.54832
1665738600000,2022-10-14T09:10:00Z,6.32,6.32,6.28,6.29,3157.327,19896.59171
1665738900000,2022-10-14T09:15:00Z,6.29,6.32,6.29,6.32,2933.265,18489.73129
1665739200000,2022-10-14T09:20:00Z,6.32,6.32,6.31,6.31,4509.326,28461.5348
1665739500000,2022-10-14T09:25:00Z,6.31,6.31,6.28,6.28,1200.024,7545.58314
1665739800000,2022-10-14T09:30:00Z,6.28,6.29,6.28,6.28,2860.339,17972.90133
1665740100000,2022-10-14T09:35:00Z,6.28,6.28,6.28,6.28,2249.076,14124.19728
1665740400000,2022-10-14T09:40:00Z,6.28,6.29,6.28,6.29,2427.988,15255.80321
1665740700000,2022-10-14T09:45:00Z,6.29,6.29,6.28,6.29,1451.676,9130.92621
1665741000000,2022-10-14T09:50:00Z,6.29,6.3,6.28,6.3,2360.187,14847.59801
1665741300000,2022-10-14T09:55:00Z,6.3,6.33,6.3,6.32,4083.361,25779.78394
1665741600000,2022-10-14T10:00:00Z,6.32,6.32,6.31,6.31,3615.719,22815.18689
1665741900000,2022-10-14T10:05:00Z,6.31,6.34,6.31,6.33,5630.671,35605.64948
1665742200000,2022-10-14T10:10:00Z,6.33,6.33,6.31,6.31,1457.193,9199.55351
1665742500000,2022-10-14T10:15:00Z,6.31,6.31,6.3,6.3,2421.352,15254.5176
1665742800000,2022-10-14T10:20:00Z,6.3,6.31,6.29,6.31,2107.775,13282.60078
1665743100000,2022-10-14T10:25:00Z,6.31,6.33,6.31,6.33,3206.801,20289.53273
1665743400000,2022-10-14T10:30:00Z,6.33,6.34,6.33,6.33,2170.569,13753.03365
1665743700000,2022-10-14T10:35:00Z,6.33,6.33,6.33,6.33,435.535,2756.93655
1665744000000,2022-10-14T10:40:00Z,6.33,6.33,6.32,6.32,514.786,3253.44752
1665744300000,2022-10-14T10:45:00Z,6.32,6.32,6.31,6.32,2113.812,13354.89104
1665744600000,2022-10-14T10:50:00Z,6.32,6.32,6.32,6.32,436.5,2758.68
1665744900000,2022-10-14T10:55:00Z,6.32,6.32,6.32,6.32,1171.024,7400.87168
1665745200000,2022-10-14T11:00:00Z,6.32,6.32,6.31,6.31,1190.548,7522.39507
1665745500000,2022-10-14T11:05:00Z,6.31,6.32,6.31,6.31,720.639,4547.27955
1665745800000,2022-10-14T11:10:00Z,6.31,6.31,6.31,6.31,13.949,88.01819
1665746100000,2022-10-14T11:15:00Z,6.31,6.32,6.31,6.32,419.216,2645.26878
1665746400000,2022-10-14T11:20:00Z,6.32,6.32,6.31,6.31,856.426,5411.32367
1665746700000,2022-10-14T11:25:00Z,6.31,6.31,6.3,6.31,739.106,4661.67029
1665747000000,2022-10-14T11:30:00Z,6.31,6.31,6.26,6.27,2086.272,13097.21331
1665747300000,2022-10-14T11:35:00Z,6.27,6.27,6.26,6.26,2009.132,12584.83609
1665747600000,2022-10-14T11:40:00Z,6.26,6.26,6.24,6.24,2420.57,15123.25721
1665747900000,2022-10-14T11:45:00Z,6.24,6.25,6.24,6.25,912.793,5704.95625
1665748200000,2022-10-14T11:50:00Z,6.25,6.26,6.25,6.26,556.315,3482.5319
1665748500000,2022-10-14T11:55:00Z,6.26,6.27,6.26,6.26,714.34,4471.77229
1665748800000,2022-10-14T12:00:00Z,6.26,6.26,6.26,6.26,402.694,2520.86444
1665749100000,2022-10-14T12:05:00Z,6.26,6.26,6.25,6.26,309.898,1938.16375
1665749400000,2022-10-14T12:10:00Z,6.26,6.26,6.25,6.26,3368.382,21073.37671
1665749700000,2022-10-14T12:15:00Z,6.26,6.27,6.25,6.27,2394.949,14994.17984
1665750000000,2022-10-14T12:20:00Z,6.27,6.28,6.27,6.27,1719.441,10781.04492
1665750300000,2022-10-14T12:25:00Z,6.27,6.28,6.27,6.28,213.425,1340.30511
1665750600000,2022-10-14T12:30:00Z,6.28,6.32,6.26,6.32,10320.728,64892.13947
1665750900000,2022-10-14T12:35:00Z,6.32,6.34,6.31,6.34,2057.185,13006.105
1665751200000,2022-10-14T12:40:00Z,6.34,6.34,6.33,6.34,3106.272,19688.66473
1665751500000,2022-10-14T12:45:00Z,6.34,6.37,6.34,6.37,3455.834,21984.14325
1665751800000,2022-10-14T12:50:00Z,6.37,6.41,6.37,6.41,5192.753,33191.78334
1665752100000,2022-10-14T12:55:00Z,6.41,6.47,6.41,6.45,18455.589,119152.95343
1665752400000,2022-10-14T13:00:00Z,6.45,6.46,6.42,6.44,4115.133,26504.96884
1665752700000,2022-10-14T13:05:00Z,6.44,6.44,6.41,6.41,1788.922,11488.11772
1665753000000,2022-10-14T13:10:00Z,6.41,6.41,6.38,6.4,3077.873,19667.04247
1665753300000,2022-10-14T13:15:00Z,6.4,6.4,6.38,6.39,2460.637,15719.19352
1665753600000,2022-10-14T13:20:00Z,6.39,6.39,6.39,6.39,2163.999,13827.95361
1665753900000,2022-10-14T13:25:00Z,6.39,6.39,6.37,6.37,2043.98,13025.82136
1665754200000,2022-10-14T13:30:00Z,6.37,6.4,6.37,6.38,6841.27,43669.82767
1665754500000,2022-10-14T13:35:00Z,6.38,6.4,6.38,6.4,7463.479,47649.23071
1665754800000,2022-10-14T13:40:00Z,6.4,6.4,6.39,6.39,8570.119,54780.26367
1665755100000,2022-10-14T13:45:00Z,6.39,6.39,6.34,6.35,6357.122,40406.23998
1665755400000,2022-10-14T13:50:00Z,6.35,6.36,6.33,6.33,4063.21,25772.54696
1665755700000,2022-10-14T13:55:00Z,6.33,6.34,6.33,6.33,5325.274,33736.32922
1665756000000,2022-10-14T14:00:00Z,6.33,6.33,6.27,6.29,10029.365,63129.46062
1665756300000,2022-10-14T14:05:00Z,6.29,6.3,6.28,6.29,4931.213,31018.73735
1665756600000,2022-10-14T14:10:00Z,6.29,6.29,6.2,6.22,5870.792,36630.69802
1665756900000,2022-10-14T14:15:00Z,6.22,6.25,6.2,6.24,8655.236,53794.18817
1665757200000,2022-10-14T14:20:00Z,6.24,6.24,6.21,6.23,5199.623,32383.90475
1665757500000,2022-10-14T14:25:00Z,6.23,6.26,6.23,6.26,5047.302,31499.63814
1665757800000,2022-10-14T14:30:00Z,6.26,6.31,6.25,6.31,7718.78,48568.37049
1665758100000,2022-10-14T14:35:00Z,6.31,6.31,6.28,6.28,4456.483,28028.8643
1665758400000,2022-10-14T14:40:00Z,6.28,6.29,6.23,6.24,5863.072,36689.66459
1665758700000,2022-10-14T14:45:00Z,6.24,6.25,6.23,6.23,6409.245,39998.36751
1665759000000,2022-10-14T14:50:00Z,6.23,6.27,6.23,6.26,6325.171,39554.94517
1665759300000,2022-10-14T14:55:00Z,6.26,6.29,6.26,6.28,7327.007,46013.84795
1665759600000,2022-10-14T15:00:00Z,6.28,6.31,6.27,6.3,7208.197,45356.00662
1665759900000,2022-10-14T15:05:00Z,6.3,6.3,6.27,6.27,2477.601,15566.82863
1665760200000,2022-10-14T15:10:00Z,6.27,6.27,6.25,6.25,4872.015,30462.27739
1665760500000,2022-10-14T15:15:00Z,6.25,6.25,6.21,6.21,7381.775,45990.57169
1665760800000,2022-10-14T15:20:00Z,6.21,6.24,6.21,6.22,6233.34,38837.61781
1665761100000,2022-10-14T15:25:00Z,6.22,6.23,6.2,6.21,4735.893,29418.84262
1665761400000,2022-10-14T15:30:00Z,6.21,6.21,6.19,6.19,4240.692,26288.8366
1665761700000,2022-10-14T15:35:00Z,6.19,6.2,6.17,6.2,4716.361,29170.8838
1665762000000,2022-10-14T15:40:00Z,6.2,6.2,6.18,6.18,4402.233,27227.44847
1665762300000,2022-10-14T15:45:00Z,6.18,6.18,6.17,6.17,1819.573,11230.13161
1665762600000,2022-10-14T15:50:00Z,6.17,6.17,6.16,6.16,3325.064,20493.03822
1665762900000,2022-10-14T15:55:00Z,6.16,6.16,6.14,6.14,4098.905,25224.05592
1665763200000,2022-10-14T16:00:00Z,6.14,6.17,6.14,6.17,3497.046,21521.39012
1665763500000,2022-10-14T16:05:00Z,6.17,6.17,6.12,6.12,4019.796,24704.1958
1665763800000,2022-10-14T16:10:00Z,6.12,6.14,6.1,6.11,4964.418,30401.22198
1665764100000,2022-10-14T16:15:00Z,6.11,6.14,6.1,6.14,5262.378,32181.7655
1665764400000,2022-10-14T16:20:00Z,6.14,6.16,6.13,6.15,2141.248,13144.30289
1665764700000,2022-10-14T16:25:00Z,6.15,6.16,6.14,6.16,1640.795,10085.81856
1665765000000,2022-10-14T16:30:00Z,6.16,6.18,6.16,6.17,1423.597,8782.12086
1665765300000,2022-10-14T16:35:00Z,6.17,6.2,6.17,6.2,3806.867,23571.72681
1665765600000,2022-10-14T16:40:00Z,6.2,6.23,6.2,6.23,2267.044,14087.4214
1665765900000,2022-10-14T16:45:00Z,6.23,6.23,6.21,6.21,2951.284,18354.62713
1665766200000,2022-10-14T16:50:00Z,6.21,6.21,6.2,6.2,2266.066,14057.33326
1665766500000,2022-10-14T16:55:00Z,6.2,6.2,6.19,6.2,1584.604,9817.27454
1665766800000,2022-10-14T17:00:00Z,6.2,6.22,6.19,6.22,2567.44,15938.60105
1665767100000,2022-10-14T17:05:00Z,6.22,6.22,6.2,6.2,2294.431,14237.59283
1665767400000,2022-10-14T17:10:00Z,6.2,6.2,6.18,6.18,3128.931,19376.06118
1665767700000,2022-10-14T17:15:00Z,6.18,6.2,6.18,6.2,2560.469,15849.75197
1665768000000,2022-10-14T17:20:00Z,6.2,6.21,6.2,6.21,2149.831,13330.63027
1665768300000,2022-10-14T17:25:00Z,6.21,6.21,6.2,6.21,1372.092,8520.67259
1665768600000,2022-10-14T17:30:00Z,6.21,6.23,6.21,6.23,3127.319,19468.28069
1665768900000,2022-10-14T17:35:00Z,6.23,6.24,6.23,6.24,2549.037,15894.10102
1665769200000,2022-10-14T17:40:00Z,6.24,6.24,6.24,6.24,2183.164,13622.94336
1665769500000,2022-10-14T17:45:00Z,6.24,6.24,6.23,6.23,2321.505,14481.4604
1665769800000,2022-10-14T17:50:00Z,6.23,6.24,6.23,6.24,406.954,2537.96038
1665770100000,2022-10-14T17:55:00Z,6.24,6.25,6.23,6.25,2306.424,14395.71081
1665770400000,2022-10-14T18:00:00Z,6.25,6.25,6.24,6.25,1440.452,8995.53648
1665770700000,2022-10-14T18:05:00Z,6.25,6.26,6.25,6.25,2527.761,15801.23645
1665771000000,2022-10-14T18:10:00Z,6.25,6.26,6.25,6.25,731.339,4570.89272
1665771300000,2022-10-14T18:15:00Z,6.25,6.25,6.22,6.22,2564.015,15960.6853
1665771600000,2022-10-14T18:20:00Z,6.22,6.24,6.22,6.23,1548.052,9649.67778
1665771900000,2022-10-14T18:25:00Z,6.23,6.23,6.2,6.22,3139.235,19513.97342
1665772200000,2022-10-14T18:30:00Z,6.22,6.22,6.22,6.22,3211.451,19975.22522
1665772500000,2022-10-14T18:35:00Z,6.22,6.22,6.2,6.21,2081.18,12926.62851
1665772800000,2022-10-14T18:40:00Z,6.21,6.21,6.18,6.19,6344.959,39284.34851
1665773100000,2022-10-14T18:45:00Z,6.19,6.21,6.18,6.21,2556.407,15838.97014
1665773400000,2022-10-14T18:50:00Z,6.21,6.24,6.21,6.24,2701.068,16815.71661
1665773700000,2022-10-14T18:55:00Z,6.24,6.25,6.24,6.25,1446.9,9035.40338
1665774000000,2022-10-14T19:00:00Z,6.25,6.28,6.25,6.26,6777.226,42436.89413
1665774300000,2022-10-14T19:05:00Z,6.26,6.26,6.23,6.23,2917.578,18215.20894
1665774600000,2022-10-14T19:10:00Z,6.23,6.24,6.19,6.19,4521.727,28092.46225
1665774900000,2022-10-14T19:15:00Z,6.19,6.2,6.19,6.19,2694.871,16683.43149
1665775200000,2022-10-14T19:20:00Z,6.19,6.23,6.19,6.23,5138.073,31933.83061
1665775500000,2022-10-14T19:25:00Z,6.23,6.24,6.23,6.24,2188.282,13650.41436
1665775800000,2022-10-14T19:30:00Z,6.24,6.24,6.23,6.24,1527.926,9526.97551
1665776100000,2022-10-14T19:35:00Z,6.24,6.25,6.24,6.24,2721.651,16993.68278
1665776400000,2022-10-14T19:40:00Z,6.24,6.24,6.24,6.24,2073.236,12936.99264
1665776700000,2022-10-14T19:45:00Z,6.24,6.24,6.22,6.24,1462.489,9114.37104
1665777000000,2022-10-14T19:50:00Z,6.24,6.25,6.24,6.25,5451.682,34072.30756
1665777300000,2022-10-14T19:55:00Z,6.25,6.25,6.2,6.22,3628.218,22557.6473
1665777600000,2022-10-14T20:00:00Z,6.22,6.22,6.21,6.21,2362.678,14687.67143
1665777900000,2022-10-14T20:05:00Z,6.21,6.21,6.2,6.2,1489.612,9241.08052
1665778200000,2022-10-14T20:10:00Z,6.2,6.21,6.19,6.21,2668.628,16543.64796
1665778500000,2022-10-14T20:15:00Z,6.21,6.24,6.21,6.24,1392.438,8669.07398
1665778800000,2022-10-14T20:20:00Z,6.24,6.26,6.24,6.26,1525.888,9544.88829
1665779100000,2022-10-14T20:25:00Z,6.26,6.26,6.25,6.26,2265.193,14174.62704
1665779400000,2022-10-14T20:30:00Z,6.26,6.26,6.25,6.25,1248.134,7805.79921
1665779700000,2022-10-14T20:35:00Z,6.25,6.25,6.24,6.25,145.742,910.88361
1665780000000,2022-10-14T20:40:00Z,6.25,6.25,6.24,6.25,84.348,526.675
1665780300000,2022-10-14T20:45:00Z,6.25,6.25,6.23,6.23,870.86,5435.39212
1665780600000,2022-10-14T20:50:00Z,6.23,6.24,6.23,6.24,436.517,2723.86608
1665780900000,2022-10-14T20:55:00Z,6.24,6.26,6.23,6.26,1441.91,9017.08669
1665781200000,2022-10-14T21:00:00Z,6.26,6.27,6.26,6.27,1272.152,7967.55644
1665781500000,2022-10-14T21:05:00Z,6.27,6.27,6.25,6.25,1322.728,8273.21562
1665781800000,2022-10-14T21:10:00Z,6.25,6.25,6.24,6.24,825.921,5158.16704
1665782100000,2022-10-14T21:15:00Z,6.24,6.24,6.23,6.23,0.389,2.42347
1665782400000,2022-10-14T21:20:00Z,6.23,6.24,6.23,6.23,220.899,1376.28142
1665782700000,2022-10-14T21:25:00Z,6.23,6.23,6.2,6.2,1183.935,7352.37083
1665783000000,2022-10-14T21:30:00Z,6.2,6.2,6.2,6.2,358.239,2221.0818
1665783300000,2022-10-14T21:35:00Z,6.2,6.21,6.19,6.19,2866.4,17745.12988
1665783600000,2022-10-14T21:40:00Z,6.19,6.21,6.19,6.2,52.329,324.9592
1665783900000,2022-10-14T21:45:00Z,6.2,6.2,6.2,6.2,0.389,2.4118
1665784200000,2022-10-14T21:50:00Z,6.2,6.2,6.17,6.17,2608.711,16139.52218
1665784500000,2022-10-14T21:55:00Z,6.17,6.17,6.14,6.14,1328.998,8179.44934
1665784800000,2022-10-14T22:00:00Z,6.14,6.17,6.14,6.17,2670.957,16449.55243
1665785100000,2022-10-14T22:05:00Z,6.17,6.18,6.16,6.16,999.598,6168.24268
1665785400000,2022-10-14T22:10:00Z,6.16,6.16,6.14,6.15,282.648,1737.835
1665785700000,2022-10-14T22:15:00Z,6.15,6.18,6.15,6.18,696.327,4299.76894
1665786000000,2022-10-14T22:20:00Z,6.18,6.18,6.16,6.16,98.144,604.92093
1665786300000,2022-10-14T22:25:00Z,6.16,6.17,6.16,6.17,133.052,820.79695
1665786600000,2022-10-14T22:30:00Z,6.17,6.21,6.17,6.21,1897.149,11742.42049
1665786900000,2022-10-14T22:35:00Z,6.21,6.21,6.19,6.2,656.119,4067.62666
1665787200000,2022-10-14T22:40:00Z,6.2,6.21,6.2,6.2,158.37,981.95446
1665787500000,2022-10-14T22:45:00Z,6.2,6.2,6.2,6.2,119.895,743.349
1665787800000,2022-10-14T22:50:00Z,6.2,6.2,6.2,6.2,1016.184,6300.3408
1665788100000,2022-10-14T22:55:00Z,6.2,6.21,6.2,6.21,1155.389,7163.41569
1665788400000,2022-10-14T23:00:00Z,6.21,6.25,6.18,6.25,6729.733,41848.73055
1665788700000,2022-10-14T23:05:00Z,6.25,6.32,6.25,6.3,8974.364,56410.39082
1665789000000,2022-10-14T23:10:00Z,6.3,6.3,6.25,6.25,5241.551,32862.86973
1665789300000,2022-10-14T23:15:00Z,6.25,6.29,6.22,6.27,9032.059,56444.49363
1665789600000,2022-10-14T23:20:00Z,6.27,6.28,6.24,6.25,5955.796,37240.69138
1665789900000,2022-10-14T23:25:00Z,6.25,6.26,6.25,6.26,2421.742,15150.99064
1665790200000,2022-10-14T23:30:00Z,6.26,6.27,6.24,6.27,984.78,6160.86898
1665790500000,2022-10-14T23:35:00Z,6.27,6.29,6.27,6.29,1753.103,11021.90961
1665790800000,2022-10-14T23:40:00Z,6.29,6.34,6.29,6.34,6434.418,40664.3798
1665791100000,2022-10-14T23:45:00Z,6.34,6.36,6.3,6.31,6973.753,44186.8442
1665791400000,2022-10-14T23:50:00Z,6.31,6.31,6.29,6.3,1913.386,12054.694
1665791700000,2022-10-14T23:55:00Z,6.3,6.3,6.28,6.29,3966.255,24933.63581
1665792000000,2022-10-15T00:00:00Z,6.29,6.32,6.29,6.32,4384.259,27605.63584
1665792300000,2022-10-15T00:05:00Z,6.32,6.33,6.32,6.33,2706.428,17126.92323
1665792600000,2022-10-15T00:10:00Z,6.33,6.33,6.3,6.3,607.85,3840.28673
1665792900000,2022-10-15T00:15:00Z,6.3,6.3,6.28,6.28,1358.782,8545.99262
1665793200000,2022-10-15T00:20:00Z,6.28,6.28,6.26,6.26,2193.224,13747.15263
1665793500000,2022-10-15T00:25:00Z,6.26,6.27,6.26,6.27,741.405,4641.19919
1665793800000,2022-10-15T00:30:00Z,6.27,6.27,6.25,6.25,1566.699,9803.82224
1665794100000,2022-10-15T00:35:00Z,6.25,6.25,6.23,6.24,1468.308,9157.64502
1665794400000,2022-10-15T00:40:00Z,6.24,6.25,6.24,6.24,637.602,3979.63648
1665794700000,2022-10-15T00:45:00Z,6.24,6.24,6.23,6.23,0.389,2.42347
1665795000000,2022-10-15T00:50:00Z,6.23,6.24,6.23,6.24,411.302,2566.52059
1665795300000,2022-10-15T00:55:00Z,6.24,6.24,6.23,6.23,1054.841,6571.66332
1665795600000,2022-10-15T01:00:00Z,6.23,6.23,6.22,6.22,681.281,4237.56782
1665795900000,2022-10-15T01:05:00Z,6.22,6.22,6.21,6.22,1245.105,7742.95037
1665796200000,2022-10-15T01:10:00Z,6.22,6.22,6.2,6.2,606.882,3765.71384
1665796500000,2022-10-15T01:15:00Z,6.2,6.2,6.19,6.2,2009.015,12451.6961
1665796800000,2022-10-15T01:20:00Z,6.2,6.22,6.2,6.22,1639.908,10189.63103
1665797100000,2022-10-15T01:25:00Z,6.22,6.22,6.22,6.22,832.65,5179.083
1665797400000,2022-10-15T01:30:00Z,6.22,6.24,6.22,6.24,1111.208,6922.82973
1665797700000,2022-10-15T01:35:00Z,6.24,6.24,6.22,6.22,424.628,2643.82796
1665798000000,2022-10-15T01:40:00Z,6.22,6.22,6.22,6.22,586.662,3649.03764
1665798300000,2022-10-15T01:45:00Z,6.22,6.23,6.22,6.23,559.539,3485.92408
1665798600000,2022-10-15T01:50:00Z,6.23,6.23,6.21,6.21,1290.836,8035.36583
1665798900000,2022-10-15T01:55:00Z,6.21,6.21,6.19,6.19,1754.46,10869.49415
1665799200000,2022-10-15T02:00:00Z,6.19,6.2,6.19,6.19,196.575,1218.76111
1665799500000,2022-10-15T02:05:00Z,6.19,6.19,6.19,6.19,225.611,1396.53209
1665799800000,2022-10-15T02:10:00Z,6.19,6.19,6.19,6.19,1529.108,9465.17852
1665800100000,2022-10-15T02:15:00Z,6.19,6.19,6.19,6.19,0.389,2.40791
1665800400000,2022-10-15T02:20:00Z,6.19,6.22,6.18,6.22,2050.852,12703.88871
1665800700000,2022-10-15T02:25:00Z,6.22,6.22,6.21,6.21,442.508,2752.23004
1665801000000,2022-10-15T02:30:00Z,6.21,6.24,6.21,6.24,2257.992,14074.66153
1665801300000,2022-10-15T02:35:00Z,6.24,6.25,6.24,6.25,1217.617,7603.94478
1665801600000,2022-10-15T02:40:00Z,6.25,6.25,6.24,6.24,1320.05,8237.112
1665801900000,2022-10-15T02:45:00Z,6.24,6.24,6.22,6.22,454.907,2830.90543
1665802200000,2022-10-15T02:50:00Z,6.22,6.23,6.22,6.23,291.546,1816.06027
1665802500000,2022-10-15T02:55:00Z,6.23,6.24,6.23,6.24,1034.772,6454.75344
1665802800000,2022-10-15T03:00:00Z,6.24,6.24,6.23,6.23,1631.32,10174.25396
1665803100000,2022-10-15T03:05:00Z,6.23,6.24,6.23,6.23,432.456,2694.77317
1665803400000,2022-10-15T03:10:00Z,6.23,6.23,6.22,6.22,1245.888,7749.42336
1665803700000,2022-10-15T03:15:00Z,6.22,6.23,6.22,6.22,891.768,5546.80085
1665804000000,2022-10-15T03:20:00Z,6.22,6.23,6.22,6.23,585.531,3645.82546
1665804300000,2022-10-15T03:25:00Z,6.23,6.23,6.22,6.22,138.831,864.91324
1665804600000,2022-10-15T03:30:00Z,6.22,6.24,6.22,6.23,563.644,3515.033
1665804900000,2022-10-15T03:35:00Z,6.23,6.24,6.23,6.23,1128.286,7035.10829
1665805200000,2022-10-15T03:40:00Z,6.23,6.23,6.23,6.23,193.63,1206.3149
1665805500000,2022-10-15T03:45:00Z,6.23,6.24,6.23,6.24,0.778,4.85472
1665805800000,2022-10-15T03:50:00Z,6.24,6.25,6.24,6.25,789.552,4932.27
1665806100000,2022-10-15T03:55:00Z,6.25,6.26,6.25,6.26,378.337,2368.38962
1665806400000,2022-10-15T04:00:00Z,6.26,6.28,6.26,6.27,3895.772,24434.92319
1665806700000,2022-10-15T04:05:00Z,6.27,6.27,6.26,6.26,280.886,1758.34636
1665807000000,2022-10-15T04:10:00Z,6.26,6.26,6.25,6.25,846.401,5290.01014
1665807300000,2022-10-15T04:15:00Z,6.25,6.26,6.25,6.26,657.824,4117.97824
1665807600000,2022-10-15T04:20:00Z,6.26,6.26,6.25,6.25,518.779,3242.36875
1665807900000,2022-10-15T04:25:00Z,6.25,6.25,6.25,6.25,0.389,2.43125
1665808200000,2022-10-15T04:30:00Z,6.25,6.25,6.25,6.25,855.632,5347.7
1665808500000,2022-10-15T04:35:00Z,6.25,6.25,6.25,6.25,530.344,3314.65
1665808800000,2022-10-15T04:40:00Z,6.25,6.25,6.24,6.25,437,2731.24611
1665809100000,2022-10-15T04:45:00Z,6.25,6.26,6.25,6.25,1229.98,7695.25891
1665809400000,2022-10-15T04:50:00Z,6.25,6.26,6.25,6.26,450.934,2822.84684
1665809700000,2022-10-15T04:55:00Z,6.26,6.26,6.25,6.26,1467.882,9188.93248
1665810000000,2022-10-15T05:00:00Z,6.26,6.27,6.26,6.26,615.284,3852.57825
1665810300000,2022-10-15T05:05:00Z,6.26,6.26,6.25,6.26,0.778,4.86639
1665810600000,2022-10-15T05:10:00Z,6.26,6.26,6.23,6.23,691.164,4311.89751
1665810900000,2022-10-15T05:15:00Z,6.23,6.23,6.23,6.23,580.581,3617.01963
1665811200000,2022-10-15T05:20:00Z,6.23,6.24,6.23,6.24,1049.316,6539.79674
1665811500000,2022-10-15T05:25:00Z,6.24,6.25,6.24,6.24,523.659,3267.63605
1665811800000,2022-10-15T05:30:00Z,6.24,6.25,6.23,6.23,1012.082,6312.98149
1665812100000,2022-10-15T05:35:00Z,6.23,6.23,6.23,6.23,1794.429,11179.29267
1665812400000,2022-10-15T05:40:00Z,6.23,6.24,6.23,6.24,315.79,1967.37559
1665812700000,2022-10-15T05:45:00Z,6.24,6.24,6.23,6.24,795.611,4958.84264
1665813000000,2022-10-15T05:50:00Z,6.24,6.24,6.24,6.24,0.389,2.42736
1665813300000,2022-10-15T05:55:00Z,6.24,6.24,6.24,6.24,798.051,4979.83824
1665813600000,2022-10-15T06:00:00Z,6.24,6.25,6.24,6.24,1996.106,12471.49849
1665813900000,2022-10-15T06:05:00Z,6.24,6.24,6.23,6.23,525.796,3275.86933
1665814200000,2022-10-15T06:10:00Z,6.23,6.23,6.22,6.22,0.778,4.84305
1665814500000,2022-10-15T06:15:00Z,6.22,6.23,6.2,6.21,4185.205,25982.39934
1665814800000,2022-10-15T06:20:00Z,6.21,6.22,6.21,6.22,935.51,5816.31955
1665815100000,2022-10-15T06:25:00Z,6.22,6.22,6.21,6.21,1060.519,6585.82299
1665815400000,2022-10-15T06:30:00Z,6.21,6.21,6.2,6.2,1004.141,6234.12058
1665815700000,2022-10-15T06:35:00Z,6.2,6.2,6.19,6.19,0.389,2.40791
1665816000000,2022-10-15T06:40:00Z,6.19,6.2,6.19,6.19,1027.708,6361.51641
1665816300000,2022-10-15T06:45:00Z,6.19,6.19,6.18,6.18,0.389,2.40402
1665816600000,2022-10-15T06:50:00Z,6.18,6.19,6.18,6.18,1485.354,9179.49161
1665816900000,2022-10-15T06:55:00Z,6.18,6.18,6.17,6.18,455.254,2813.41926
1665817200000,2022-10-15T07:00:00Z,6.18,6.2,6.18,6.2,323.516,2004.0666
1665817500000,2022-10-15T07:05:00Z,6.2,6.2,6.16,6.17,2782.435,17193.26316
1665817800000,2022-10-15T07:10:00Z,6.17,6.19,6.17,6.19,813.652,5031.50197
1665818100000,2022-10-15T07:15:00Z,6.19,6.19,6.18,6.19,854.408,5284.64793
1665818400000,2022-10-15T07:20:00Z,6.19,6.19,6.18,6.18,822.992,5088.74433
1665818700000,2022-10-15T07:25:00Z,6.18,6.19,6.18,6.18,225.389,1392.90791
1665819000000,2022-10-15T07:30:00Z,6.18,6.18,6.18,6.18,0.778,4.80804
1665819300000,2022-10-15T07:35:00Z,6.18,6.18,6.17,6.18,324.013,2002.39645
1665819600000,2022-10-15T07:40:00Z,6.18,6.19,6.18,6.19,680.832,4213.25189
1665819900000,2022-10-15T07:45:00Z,6.19,6.2,6.19,6.19,215.238,1332.37288
1665820200000,2022-10-15T07:50:00Z,6.19,6.2,6.19,6.19,613.045,3798.02143
1665820500000,2022-10-15T07:55:00Z,6.19,6.2,6.19,6.2,693.032,4293.10916
1665820800000,2022-10-15T08:00:00Z,6.2,6.2,6.19,6.19,759.634,4704.66463
1665821100000,2022-10-15T08:05:00Z,6.19,6.2,6.19,6.2,0.389,2.4118
1665821400000,2022-10-15T08:10:00Z,6.2,6.2,6.19,6.19,247.917,1534.61401
1665821700000,2022-10-15T08:15:00Z,6.19,6.2,6.19,6.2,16.946,105.0652
1665822000000,2022-10-15T08:20:00Z,6.2,6.2,6.19,6.19,15.389,95.2618
1665822300000,2022-10-15T08:25:00Z,6.19,6.19,6.16,6.17,1233.226,7611.13911
1665822600000,2022-10-15T08:30:00Z,6.17,6.17,6.11,6.12,2945.912,18058.30078
1665822900000,2022-10-15T08:35:00Z,6.12,6.14,6.12,6.12,3896.746,23885.30855
1665823200000,2022-10-15T08:40:00Z,6.12,6.13,6.12,6.13,3159.683,19348.47349
1665823500000,2022-10-15T08:45:00Z,6.13,6.13,6.1,6.1,2379.871,14555.11889
1665823800000,2022-10-15T08:50:00Z,6.1,6.1,6.06,6.06,3268.928,19866.76595
1665824100000,2022-10-15T08:55:00Z,6.06,6.09,6.06,6.09,2520.552,15297.93537
1665824400000,2022-10-15T09:00:00Z,6.09,6.09,6.08,6.09,1567.657,9543.05863
1665824700000,2022-10-15T09:05:00Z,6.09,6.1,6.09,6.1,805.45,4908.14629
1665825000000,2022-10-15T09:10:00Z,6.1,6.1,6.08,6.09,2181.484,13285.04019
1665825300000,2022-10-15T09:15:00Z,6.09,6.09,6.08,6.08,651.866,3965.97189
1665825600000,2022-10-15T09:20:00Z,6.08,6.08,6.08,6.08,444.045,2699.7936
1665825900000,2022-10-15T09:25:00Z,6.08,6.08,6.08,6.08,0.389,2.36512
1665826200000,2022-10-15T09:30:00Z,6.08,6.08,6.07,6.07,0.778,4.72635
1665826500000,2022-10-15T09:35:00Z,6.07,6.07,6.06,6.06,1117.222,6779.40976
1665826800000,2022-10-15T09:40:00Z,6.06,6.07,6.06,6.07,167.663,1017.71441
1665827100000,2022-10-15T09:45:00Z,6.07,6.07,6.04,6.04,2141.921,12956.54939
1665827400000,2022-10-15T09:50:00Z,6.04,6.04,6.02,6.02,822.363,4960.44156
1665827700000,2022-10-15T09:55:00Z,6.02,6.03,6.02,6.03,1974.416,11896.01211
1665828000000,2022-10-15T10:00:00Z,6.03,6.04,6.02,6.03,2579.09,15555.81087
1665828300000,2022-10-15T10:05:00Z,6.03,6.03,6,6.02,2167.175,13019.19115
1665828600000,2022-10-15T10:10:00Z,6.02,6.05,6.02,6.05,1282.392,7747.43355
1665828900000,2022-10-15T10:15:00Z,6.05,6.05,6.03,6.04,1941.091,11713.96844
1665829200000,2022-10-15T10:20:00Z,6.04,6.05,6.04,6.05,925.828,5596.56522
1665829500000,2022-10-15T10:25:00Z,6.05,6.08,6.05,6.07,1291.756,7837.0707
1665829800000,2022-10-15T10:30:00Z,6.07,6.07,6.06,6.07,1740.728,10557.3714
1665830100000,2022-10-15T10:35:00Z,6.07,6.07,6.05,6.05,1152.756,6976.5338
1665830400000,2022-10-15T10:40:00Z,6.05,6.06,6.05,6.06,567.238,3437.45839
1665830700000,2022-10-15T10:45:00Z,6.06,6.06,6.05,6.06,645.511,3910.59322
1665831000000,2022-10-15T10:50:00Z,6.06,6.06,6.06,6.06,1533.445,9292.6767
1665831300000,2022-10-15T10:55:00Z,6.06,6.06,6.05,6.06,226.389,1371.91345
1665831600000,2022-10-15T11:00:00Z,6.06,6.06,6.06,6.06,217.201,1316.23806
1665831900000,2022-10-15T11:05:00Z,6.06,6.07,6.06,6.07,935.866,5679.91213
1665832200000,2022-10-15T11:10:00Z,6.07,6.08,6.07,6.08,559.924,3403.20792
1665832500000,2022-10-15T11:15:00Z,6.08,6.09,6.08,6.09,0.389,2.36901
1665832800000,2022-10-15T11:20:00Z,6.09,6.09,6.08,6.08,195.804,1190.49221
1665833100000,2022-10-15T11:25:00Z,6.08,6.08,6.08,6.08,849.329,5163.92032
1665833400000,2022-10-15T11:30:00Z,6.08,6.08,6.08,6.08,621.054,3776.00832
1665833700000,2022-10-15T11:35:00Z,6.08,6.1,6.08,6.1,123.784,753.92652
1665834000000,2022-10-15T11:40:00Z,6.1,6.11,6.1,6.11,388.479,2372.4434
1665834300000,2022-10-15T11:45:00Z,6.11,6.12,6.11,6.11,568.539,3473.87132
1665834600000,2022-10-15T11:50:00Z,6.11,6.14,6.11,6.14,1181.32,7239.6036
1665834900000,2022-10-15T11:55:00Z,6.14,6.14,6.13,6.14,800.419,4911.5517
1665835200000,2022-10-15T12:00:00Z,6.14,6.14,6.12,6.12,2250.687,13782.99713
1665835500000,2022-10-15T12:05:00Z,6.12,6.12,6.11,6.11,363.543,2221.25162
1665835800000,2022-10-15T12:10:00Z,6.11,6.12,6.11,6.12,870.577,5327.7013
1665836100000,2022-10-15T12:15:00Z,6.12,6.14,6.12,6.13,1572.359,9644.81718
1665836400000,2022-10-15T12:20:00Z,6.13,6.14,6.13,6.14,858.012,5263.24476
1665836700000,2022-10-15T12:25:00Z,6.14,6.15,6.14,6.15,1061.119,6525.88185
1665837000000,2022-10-15T12:30:00Z,6.15,6.15,6.13,6.13,1136.659,6977.05482
1665837300000,2022-10-15T12:35:00Z,6.13,6.13,6.13,6.13,117.486,720.18918
1665837600000,2022-10-15T12:40:00Z,6.13,6.13,6.13,6.13,1566.373,9601.86649
1665837900000,2022-10-15T12:45:00Z,6.13,6.13,6.13,6.13,786.735,4822.68555
1665838200000,2022-10-15T12:50:00Z,6.13,6.13,6.11,6.11,941.855,5767.5431
1665838500000,2022-10-15T12:55:00Z,6.11,6.12,6.11,6.11,1274.645,7791.63337
1665838800000,2022-10-15T13:00:00Z,6.11,6.11,6.08,6.08,1274.516,7762.55276
1665839100000,2022-10-15T13:05:00Z,6.08,6.08,6.08,6.08,739.725,4497.528
1665839400000,2022-10-15T13:10:00Z,6.08,6.09,6.07,6.09,2303.605,13999.99063
1665839700000,2022-10-15T13:15:00Z,6.09,6.09,6.08,6.08,693.96,4224.11641
1665840000000,2022-10-15T13:20:00Z,6.08,6.08,6.07,6.07,4854.158,29506.72731
1665840300000,2022-10-15T13:25:00Z,6.07,6.07,6.06,6.07,2072.139,12561.85049
1665840600000,2022-10-15T13:30:00Z,6.07,6.08,6.07,6.07,2379.95,14459.49956
1665840900000,2022-10-15T13:35:00Z,6.07,6.07,6.06,6.06,1025,6211.5
1665841200000,2022-10-15T13:40:00Z,6.06,6.08,6.06,6.08,1318.445,8008.41464
1665841500000,2022-10-15T13:45:00Z,6.08,6.08,6.08,6.08,1493.142,9078.30336
1665841800000,2022-10-15T13:50:00Z,6.08,6.08,6.08,6.08,1775.136,10792.82688
1665842100000,2022-10-15T13:55:00Z,6.08,6.12,6.08,6.12,3451.324,21087.89888
1665842400000,2022-10-15T14:00:00Z,6.12,6.14,6.12,6.13,2066.952,12676.5861
1665842700000,2022-10-15T14:05:00Z,6.13,6.13,6.12,6.12,1914.144,11719.04369
1665843000000,2022-10-15T14:10:00Z,6.12,6.12,6.1,6.11,1455.109,8880.05577
1665843300000,2022-10-15T14:15:00Z,6.11,6.11,6.09,6.09,1092.819,6658.27439
1665843600000,2022-10-15T14:20:00Z,6.09,6.09,6.08,6.09,556.237,3387.3948
1665843900000,2022-10-15T14:25:00Z,6.09,6.1,6.09,6.1,835.445,5090.32694
1665844200000,2022-10-15T14:30:00Z,6.1,6.1,6.09,6.1,1976.733,12048.16243
1665844500000,2022-10-15T14:35:00Z,6.1,6.11,6.1,6.1,473.348,2890.97427
1665844800000,2022-10-15T14:40:00Z,6.1,6.11,6.1,6.11,122,745.42
1665845100000,2022-10-15T14:45:00Z,6.11,6.12,6.11,6.11,167.679,1024.52258
1665845400000,2022-10-15T14:50:00Z,6.11,6.11,6.1,6.11,805.04,4918.75931
1665845700000,2022-10-15T14:55:00Z,6.11,6.11,6.1,6.1,125.569,767.2227
1665846000000,2022-10-15T15:00:00Z,6.1,6.1,6.1,6.1,6.586,40.1746
1665846300000,2022-10-15T15:05:00Z,6.1,6.11,6.1,6.1,363.735,2218.78739
1665846600000,2022-10-15T15:10:00Z,6.1,6.1,6.1,6.1,0.389,2.3729
1665846900000,2022-10-15T15:15:00Z,6.1,6.1,6.07,6.07,532.763,3243.08344
1665847200000,2022-10-15T15:20:00Z,6.07,6.11,6.07,6.11,1262.296,7706.08022
1665847500000,2022-10-15T15:25:00Z,6.11,6.11,6.1,6.11,423.344,2586.58609
1665847800000,2022-10-15T15:30:00Z,6.11,6.11,6.09,6.09,257.169,1568.72701
1665848100000,2022-10-15T15:35:00Z,6.09,6.09,6.08,6.09,1642.145,9993.36418
1665848400000,2022-10-15T15:40:00Z,6.09,6.09,6.07,6.08,641.761,3900.16927
1665848700000,2022-10-15T15:45:00Z,6.08,6.08,6.08,6.08,391.086,2377.80288
1665849000000,2022-10-15T15:50:00Z,6.08,6.08,6.07,6.08,799.535,4859.37757
1665849300000,2022-10-15T15:55:00Z,6.08,6.08,6.08,6.08,0.389,2.36512
1665849600000,2022-10-15T16:00:00Z,6.08,6.08,6.08,6.08,581.452,3535.22816
1665849900000,2022-10-15T16:05:00Z,6.08,6.08,6.08,6.08,2569.096,15620.10368
1665850200000,2022-10-15T16:10:00Z,6.08,6.08,6.07,6.07,289.071,1754.66097
1665850500000,2022-10-15T16:15:00Z,6.07,6.1,6.07,6.09,1619.185,9857.79135
1665850800000,2022-10-15T16:20:00Z,6.09,6.09,6.08,6.08,315.389,1917.56512
1665851100000,2022-10-15T16:25:00Z,6.08,6.1,6.08,6.09,1024.672,6244.00005
1665851400000,2022-10-15T16:30:00Z,6.09,6.09,6.08,6.08,1339.989,8147.23164
1665851700000,2022-10-15T16:35:00Z,6.08,6.09,6.08,6.09,731.086,4447.63374
1665852000000,2022-10-15T16:40:00Z,6.09,6.09,6.07,6.07,1867.687,11341.36355
1665852300000,2022-10-15T16:45:00Z,6.07,6.07,6.06,6.06,1103.508,6687.25848
1665852600000,2022-10-15T16:50:00Z,6.06,6.06,6.06,6.06,685.177,4152.17262
1665852900000,2022-10-15T16:55:00Z,6.06,6.07,6.06,6.07,0.778,4.71857
1665853200000,2022-10-15T17:00:00Z,6.07,6.07,6.07,6.07,332.18,2016.3326
1665853500000,2022-10-15T17:05:00Z,6.07,6.07,6.06,6.06,686.087,4157.68722
1665853800000,2022-10-15T17:10:00Z,6.06,6.07,6.06,6.07,648.611,3937.06877
1665854100000,2022-10-15T17:15:00Z,6.07,6.08,6.07,6.07,842.695,5122.61995
1665854400000,2022-10-15T17:20:00Z,6.07,6.07,6.07,6.07,1439.868,8739.99876
1665854700000,2022-10-15T17:25:00Z,6.07,6.07,6.07,6.07,257.583,1563.52881
1665855000000,2022-10-15T17:30:00Z,6.07,6.07,6.05,6.05,1263.312,7651.59827
1665855300000,2022-10-15T17:35:00Z,6.05,6.05,6.05,6.05,722.414,4370.6047
1665855600000,2022-10-15T17:40:00Z,6.05,6.05,6.05,6.05,611.834,3701.5957
1665855900000,2022-10-15T17:45:00Z,6.05,6.06,6.05,6.06,223.983,1355.10104
1665856200000,2022-10-15T17:50:00Z,6.06,6.06,6.04,6.04,873.445,5282.9608
1665856500000,2022-10-15T17:55:00Z,6.04,6.04,6.02,6.03,2654.09,16007.4627
1665856800000,2022-10-15T18:00:00Z,6.03,6.04,6.03,6.04,332.573,2008.74092
1665857100000,2022-10-15T18:05:00Z,6.04,6.04,6.02,6.03,855.695,5153.73737
1665857400000,2022-10-15T18:10:00Z,6.03,6.04,6.03,6.04,293.221,1768.12652
1665857700000,2022-10-15T18:15:00Z,6.04,6.06,6.04,6.06,1099.67,6652.43802
1665858000000,2022-10-15T18:20:00Z,6.06,6.06,6.04,6.04,595.539,3597.50103
1665858300000,2022-10-15T18:25:00Z,6.04,6.04,6.02,6.02,592.758,3577.83413
1665858600000,2022-10-15T18:30:00Z,6.02,6.04,6.02,6.04,1119.701,6760.83404
1665858900000,2022-10-15T18:35:00Z,6.04,6.05,6.03,6.05,862.034,5206.67704
1665859200000,2022-10-15T18:40:00Z,6.05,6.05,6.04,6.04,455.911,2753.70244
1665859500000,2022-10-15T18:45:00Z,6.04,6.05,6.04,6.04,12.341,74.65916
1665859800000,2022-10-15T18:50:00Z,6.04,6.04,6.04,6.04,440.747,2662.11188
1665860100000,2022-10-15T18:55:00Z,6.04,6.04,6.04,6.04,548.462,3312.71048
1665860400000,2022-10-15T19:00:00Z,6.04,6.04,6.03,6.04,764.021,4612.12652
1665860700000,2022-10-15T19:05:00Z,6.04,6.05,6.04,6.05,0.389,2.35345
1665861000000,2022-10-15T19:10:00Z,6.05,6.05,6.05,6.05,3.037,18.37385
1665861300000,2022-10-15T19:15:00Z,6.05,6.05,6.04,6.05,1286.27,7772.36345
1665861600000,2022-10-15T19:20:00Z,6.05,6.05,6.05,6.05,482.56,2919.488
1665861900000,2022-10-15T19:25:00Z,6.05,6.05,6.05,6.05,267.844,1620.4562
1665862200000,2022-10-15T19:30:00Z,6.05,6.06,6.05,6.06,756.497,4578.8619
1665862500000,2022-10-15T19:35:00Z,6.06,6.07,6.06,6.06,283.307,1716.84431
1665862800000,2022-10-15T19:40:00Z,6.06,6.06,6.05,6.05,0.389,2.35345
1665863100000,2022-10-15T19:45:00Z,6.05,6.07,6.05,6.07,232.049,1406.24965
1665863400000,2022-10-15T19:50:00Z,6.07,6.07,6.06,6.06,393.516,2384.70696
1665863700000,2022-10-15T19:55:00Z,6.06,6.07,6.06,6.07,738.906,4485.15942
1665864000000,2022-10-15T20:00:00Z,6.07,6.07,6.06,6.06,0.389,2.35734
1665864300000,2022-10-15T20:05:00Z,6.06,6.07,6.06,6.07,219.39,1331.69341
1665864600000,2022-10-15T20:10:00Z,6.07,6.07,6.07,6.07,448.231,2720.76217
1665864900000,2022-10-15T20:15:00Z,6.07,6.07,6.06,6.07,947.949,5749.94767
1665865200000,2022-10-15T20:20:00Z,6.07,6.07,6.06,6.07,141.255,857.09648
1665865500000,2022-10-15T20:25:00Z,6.07,6.07,6.06,6.06,1166.234,7067.38193
1665865800000,2022-10-15T20:30:00Z,6.06,6.07,6.06,6.06,651.528,3948.27615
1665866100000,2022-10-15T20:35:00Z,6.06,6.06,6.05,6.06,739.809,4478.3263
1665866400000,2022-10-15T20:40:00Z,6.06,6.07,6.06,6.07,4.31,26.14331
1665866700000,2022-10-15T20:45:00Z,6.07,6.07,6.06,6.06,0.389,2.35734
1665867000000,2022-10-15T20:50:00Z,6.06,6.07,6.06,6.07,857.955,5207.78296
1665867300000,2022-10-15T20:55:00Z,6.07,6.08,6.07,6.08,3.678,22.36224
1665867600000,2022-10-15T21:00:00Z,6.08,6.08,6.06,6.06,447.784,2715.96104
1665867900000,2022-10-15T21:05:00Z,6.06,6.06,6.03,6.05,3259.733,19690.60712
1665868200000,2022-10-15T21:10:00Z,6.05,6.06,6.05,6.06,578.537,3502.43496
1665868500000,2022-10-15T21:15:00Z,6.06,6.07,6.06,6.06,178.161,1079.65955
1665868800000,2022-10-15T21:20:00Z,6.06,6.06,6.05,6.05,87.087,527.19863
1665869100000,2022-10-15T21:25:00Z,6.05,6.05,6.04,6.05,258.397,1563.29796
1665869400000,2022-10-15T21:30:00Z,6.05,6.06,6.05,6.06,19.078,115.55268
1665869700000,2022-10-15T21:35:00Z,6.06,6.06,6.05,6.05,50.812,307.4126
1665870000000,2022-10-15T21:40:00Z,6.05,6.05,6.05,6.05,0.389,2.35345
1665870300000,2022-10-15T21:45:00Z,6.05,6.06,6.05,6.06,0.778,4.71468
1665870600000,2022-10-15T21:50:00Z,6.06,6.06,6.06,6.06,0.389,2.35734
1665870900000,2022-10-15T21:55:00Z,6.06,6.06,6.05,6.05,277.453,1678.59065
1665871200000,2022-10-15T22:00:00Z,6.05,6.06,6.05,6.05,450.296,2724.30139
1665871500000,2022-10-15T22:05:00Z,6.05,6.05,6.05,6.05,68.353,413.53565
1665871800000,2022-10-15T22:10:00Z,6.05,6.05,6.05,6.05,6.652,40.2446
1665872100000,2022-10-15T22:15:00Z,6.05,6.06,6.05,6.05,481.57,2913.60139
1665872400000,2022-10-15T22:20:00Z,6.05,6.05,6.05,6.05,431.304,2609.3892
1665872700000,2022-10-15T22:25:00Z,6.05,6.06,6.05,6.06,922.258,5588.88348
1665873000000,2022-10-15T22:30:00Z,6.06,6.07,6.06,6.07,266.21,1613.26312
1665873300000,2022-10-15T22:35:00Z,6.07,6.07,6.07,6.07,463.476,2813.29932
1665873600000,2022-10-15T22:40:00Z,6.07,6.07,6.06,6.07,0.778,4.71857
1665873900000,2022-10-15T22:45:00Z,6.07,6.07,6.06,6.06,0.778,4.71857
1665874200000,2022-10-15T22:50:00Z,6.06,6.06,6.05,6.05,262.221,1589.05537
1665874500000,2022-10-15T22:55:00Z,6.05,6.06,6.04,6.04,1495.435,9047.90746
1665874800000,2022-10-15T23:00:00Z,6.04,6.04,6.02,6.02,4354.967,26232.1879
1665875100000,2022-10-15T23:05:00Z,6.02,6.03,6.02,6.03,640.995,3861.1599
1665875400000,2022-10-15T23:10:00Z,6.03,6.04,6.03,6.04,778.605,4702.7742
1665875700000,2022-10-15T23:15:00Z,6.04,6.05,6.04,6.04,686.154,4144.37405
1665876000000,2022-10-15T23:20:00Z,6.04,6.04,6.03,6.03,1292.798,7795.57194
1665876300000,2022-10-15T23:25:00Z,6.03,6.07,6.03,6.07,2282.104,13819.3511
1665876600000,2022-10-15T23:30:00Z,6.07,6.08,6.06,6.08,2763.333,16775.21002
1665876900000,2022-10-15T23:35:00Z,6.08,6.08,6.05,6.06,653.955,3965.29103
1665877200000,2022-10-15T23:40:00Z,6.06,6.07,6.05,6.05,577.773,3502.73078
1665877500000,2022-10-15T23:45:00Z,6.05,6.05,6.04,6.04,635.941,3841.08364
1665877800000,2022-10-15T23:50:00Z,6.04,6.04,6.04,6.04,1634.83,9874.3732
1665878100000,2022-10-15T23:55:00Z,6.04,6.05,6.04,6.05,18.343,110.97515
1665878400000,2022-10-16T00:00:00Z,6.05,6.05,6.04,6.05,2430.797,14685.87386
1665878700000,2022-10-16T00:05:00Z,6.05,6.05,6.05,6.05,1128.766,6829.0343
1665879000000,2022-10-16T00:10:00Z,6.05,6.07,6.05,6.06,2372.327,14376.39758
1665879300000,2022-10-16T00:15:00Z,6.06,6.06,6.05,6.05,693.673,4199.69281
1665879600000,2022-10-16T00:20:00Z,6.05,6.05,6.04,6.04,303.622,1833.87688
1665879900000,2022-10-16T00:25:00Z,6.04,6.04,6.01,6.02,2642.598,15899.15287
1665880200000,2022-10-16T00:30:00Z,6.02,6.02,6.01,6.01,788.137,4736.70337
1665880500000,2022-10-16T00:35:00Z,6.01,6.01,6.01,6.01,1285.902,7728.27102
1665880800000,2022-10-16T00:40:00Z,6.01,6.02,6.01,6.02,1183.87,7126.8974
1665881100000,2022-10-16T00:45:00Z,6.02,6.03,6.02,6.02,2382.7,14349.27813
1665881400000,2022-10-16T00:50:00Z,6.02,6.02,6.02,6.02,121.366,730.62332
1665881700000,2022-10-16T00:55:00Z,6.02,6.03,6.02,6.03,2536.588,15294.35345
1665882000000,2022-10-16T01:00:00Z,6.03,6.03,6.03,6.03,920.791,5552.36973
1665882300000,2022-10-16T01:05:00Z,6.03,6.04,6.02,6.02,1564.381,9430.99733
1665882600000,2022-10-16T01:10:00Z,6.02,6.03,6.01,6.02,362.684,2183.37077
1665882900000,2022-10-16T01:15:00Z,6.02,6.02,6.01,6.01,386.16,2324.3832
1665883200000,2022-10-16T01:20:00Z,6.01,6.01,5.99,5.99,1621.89,9732.85508
1665883500000,2022-10-16T01:25:00Z,5.99,6.01,5.97,6.01,5447.4,32566.84227
1665883800000,2022-10-16T01:30:00Z,6.01,6.04,6.01,6.04,3928.418,23669.33543
1665884100000,2022-10-16T01:35:00Z,6.04,6.04,6.03,6.04,1779.627,10739.29825
1665884400000,2022-10-16T01:40:00Z,6.04,6.04,6.03,6.03,950.954,5734.25262
1665884700000,2022-10-16T01:45:00Z,6.03,6.04,6.03,6.04,432.689,2613.44156
1665885000000,2022-10-16T01:50:00Z,6.04,6.05,6.04,6.05,592.019,3578.91873
1665885300000,2022-10-16T01:55:00Z,6.05,6.05,6.04,6.04,131.034,791.44536
1665885600000,2022-10-16T02:00:00Z,6.04,6.05,6.04,6.05,657.684,3978.9882
1665885900000,2022-10-16T02:05:00Z,6.05,6.06,6.04,6.04,849.916,5148.48318
1665886200000,2022-10-16T02:10:00Z,6.04,6.05,6.04,6.05,0.778,4.7069
1665886500000,2022-10-16T02:15:00Z,6.05,6.05,6.04,6.04,563.191,3401.67364
1665886800000,2022-10-16T02:20:00Z,6.04,6.04,6.03,6.04,325.575,1963.22114
1665887100000,2022-10-16T02:25:00Z,6.04,6.04,6.03,6.03,295.842,1783.93115
1665887400000,2022-10-16T02:30:00Z,6.03,6.04,6.03,6.03,461.288,2781.57491
1665887700000,2022-10-16T02:35:00Z,6.03,6.03,6.03,6.03,217.946,1314.21438
1665888000000,2022-10-16T02:40:00Z,6.03,6.03,6.02,6.02,217.201,1307.55002
1665888300000,2022-10-16T02:45:00Z,6.02,6.03,6.02,6.03,371.637,2237.25863
1665888600000,2022-10-16T02:50:00Z,6.03,6.03,6.02,6.02,159.551,960.49702
1665888900000,2022-10-16T02:55:00Z,6.02,6.02,6.01,6.01,262.472,1577.45672
1665889200000,2022-10-16T03:00:00Z,6.01,6.01,6.01,6.01,568.676,3417.74276
1665889500000,2022-10-16T03:05:00Z,6.01,6.02,6.01,6.02,0.389,2.34178
1665889800000,2022-10-16T03:10:00Z,6.02,6.02,6.02,6.02,557.559,3356.50518
1665890100000,2022-10-16T03:15:00Z,6.02,6.02,6.01,6.01,816.328,4906.13128
1665890400000,2022-10-16T03:20:00Z,6.01,6.01,6,6,2.055,12.33
1665890700000,2022-10-16T03:25:00Z,6,6.01,6,6,0.778,4.67189
1665891000000,2022-10-16T03:30:00Z,6,6.01,6,6.01,769.116,4622.38716
1665891300000,2022-10-16T03:35:00Z,6.01,6.02,6.01,6.02,268,1613.36
1665891600000,2022-10-16T03:40:00Z,6.02,6.02,6.02,6.02,819.901,4935.80402
1665891900000,2022-10-16T03:45:00Z,6.02,6.03,6.02,6.03,727.446,4382.94299
1665892200000,2022-10-16T03:50:00Z,6.03,6.03,6.03,6.03,168.833,1018.06299
1665892500000,2022-10-16T03:55:00Z,6.03,6.03,6.02,6.02,0.389,2.34178
1665892800000,2022-10-16T04:00:00Z,6.02,6.03,6.02,6.03,226.389,1365.12178
1665893100000,2022-10-16T04:05:00Z,6.03,6.06,6.03,6.06,672.371,4067.0692
1665893400000,2022-10-16T04:10:00Z,6.06,6.06,6.05,6.05,67.428,407.94329
1665893700000,2022-10-16T04:15:00Z,6.05,6.05,6.05,6.05,756.615,4577.52075
1665894000000,2022-10-16T04:20:00Z,6.05,6.06,6.04,6.06,442.602,2673.54386
1665894300000,2022-10-16T04:25:00Z,6.06,6.07,6.06,6.06,1950.11,11821.45326
1665894600000,2022-10-16T04:30:00Z,6.06,6.07,6.06,6.07,3790.629,22995.43342
1665894900000,2022-10-16T04:35:00Z,6.07,6.08,6.07,6.07,669.011,4060.90066
1665895200000,2022-10-16T04:40:00Z,6.07,6.07,6.07,6.07,125.389,761.11123
1665895500000,2022-10-16T04:45:00Z,6.07,6.07,6.06,6.06,122.569,742.76814
1665895800000,2022-10-16T04:50:00Z,6.06,6.06,6.05,6.06,0.778,4.71079
1665896100000,2022-10-16T04:55:00Z,6.06,6.06,6.06,6.06,0.778,4.71468
1665896400000,2022-10-16T05:00:00Z,6.06,6.07,6.06,6.07,600.393,3640.13744
1665896700000,2022-10-16T05:05:00Z,6.07,6.08,6.07,6.08,799.403,4859.95749
1665897000000,2022-10-16T05:10:00Z,6.08,6.08,6.08,6.08,890.513,5414.31904
1665897300000,2022-10-16T05:15:00Z,6.08,6.09,6.08,6.08,831.446,5058.42058
1665897600000,2022-10-16T05:20:00Z,6.08,6.08,6.08,6.08,1512.489,9195.93312
1665897900000,2022-10-16T05:25:00Z,6.08,6.09,6.08,6.09,502.139,3058.02651
1665898200000,2022-10-16T05:30:00Z,6.09,6.09,6.08,6.08,459.322,2792.67776
1665898500000,2022-10-16T05:35:00Z,6.08,6.08,6.08,6.08,2329.468,14163.16544
1665898800000,2022-10-16T05:40:00Z,6.08,6.09,6.07,6.09,884.649,5385.75459
1665899100000,2022-10-16T05:45:00Z,6.09,6.09,6.08,6.08,598.705,3643.87345
1665899400000,2022-10-16T05:50:00Z,6.08,6.08,6.07,6.07,213.905,1298.40335
1665899700000,2022-10-16T05:55:00Z,6.07,6.08,6.07,6.08,367.564,2233.29737
1665900000000,2022-10-16T06:00:00Z,6.08,6.09,6.08,6.08,480.954,2924.2741
1665900300000,2022-10-16T06:05:00Z,6.08,6.09,6.08,6.08,386.001,2349.01423
1665900600000,2022-10-16T06:10:00Z,6.08,6.09,6.07,6.08,761.871,4632.22766
1665900900000,2022-10-16T06:15:00Z,6.08,6.08,6.08,6.08,4.007,24.36256
1665901200000,2022-10-16T06:20:00Z,6.08,6.08,6.06,6.06,447.482,2711.89267
1665901500000,2022-10-16T06:25:00Z,6.06,6.06,6.05,6.06,1184.17,7174.71969
1665901800000,2022-10-16T06:30:00Z,6.06,6.07,6.05,6.07,874.417,5297.31357
1665902100000,2022-10-16T06:35:00Z,6.07,6.07,6.06,6.06,296.19,1797.86941
1665902400000,2022-10-16T06:40:00Z,6.06,6.06,6.06,6.06,0.389,2.35734
1665902700000,2022-10-16T06:45:00Z,6.06,6.07,6.06,6.07,821.014,4983.55109
1665903000000,2022-10-16T06:50:00Z,6.07,6.07,6.06,6.06,225.402,1365.94001
1665903300000,2022-10-16T06:55:00Z,6.06,6.07,6.06,6.07,541.563,3285.12969
1665903600000,2022-10-16T07:00:00Z,6.07,6.08,6.07,6.08,505.771,3070.08631
1665903900000,2022-10-16T07:05:00Z,6.08,6.08,6.07,6.07,6.023,36.55961
1665904200000,2022-10-16T07:10:00Z,6.07,6.07,6.07,6.07,0.778,4.72246
1665904500000,2022-10-16T07:15:00Z,6.07,6.08,6.06,6.06,687.674,4172.01327
1665904800000,2022-10-16T07:20:00Z,6.06,6.06,6.06,6.06,130.389,790.15734
1665905100000,2022-10-16T07:25:00Z,6.06,6.06,6.06,6.06,498.86,3023.0916
1665905400000,2022-10-16T07:30:00Z,6.06,6.06,6.06,6.06,320.224,1940.55744
1665905700000,2022-10-16T07:35:00Z,6.06,6.07,6.06,6.07,217.885,1322.56195
1665906000000,2022-10-16T07:40:00Z,6.07,6.07,6.07,6.07,562.897,3416.78479
1665906300000,2022-10-16T07:45:00Z,6.07,6.08,6.07,6.08,224.561,1365.33088
1665906600000,2022-10-16T07:50:00Z,6.08,6.09,6.08,6.09,532.769,3244.56321
1665906900000,2022-10-16T07:55:00Z,6.09,6.1,6.09,6.09,431.389,2627.1629
1665907200000,2022-10-16T08:00:00Z,6.09,6.09,6.08,6.08,507.834,3092.70517
1665907500000,2022-10-16T08:05:00Z,6.08,6.09,6.08,6.09,260.587,1586.97483
1665907800000,2022-10-16T08:10:00Z,6.09,6.11,6.09,6.11,1170.078,7142.37928
1665908100000,2022-10-16T08:15:00Z,6.11,6.12,6.11,6.11,1189.112,7273.32789
1665908400000,2022-10-16T08:20:00Z,6.11,6.12,6.1,6.12,3100.263,18951.68632
1665908700000,2022-10-16T08:25:00Z,6.12,6.14,6.11,6.14,2280.414,13971.04823
1665909000000,2022-10-16T08:30:00Z,6.14,6.14,6.13,6.14,1109.393,6800.58298
1665909300000,2022-10-16T08:35:00Z,6.14,6.14,6.13,6.13,0.389,2.38457
1665909600000,2022-10-16T08:40:00Z,6.13,6.14,6.13,6.14,651.534,4000.41487
1665909900000,2022-10-16T08:45:00Z,6.14,6.14,6.13,6.13,239.924,1470.73412
1665910200000,2022-10-16T08:50:00Z,6.13,6.13,6.12,6.13,1189.066,7286.19054
1665910500000,2022-10-16T08:55:00Z,6.13,6.13,6.13,6.13,200.389,1228.38457
1665910800000,2022-10-16T09:00:00Z,6.13,6.14,6.13,6.14,712.786,4374.81273
1665911100000,2022-10-16T09:05:00Z,6.14,6.14,6.13,6.13,244.626,1501.99975
1665911400000,2022-10-16T09:10:00Z,6.13,6.14,6.13,6.13,1189.742,7293.20173
1665911700000,2022-10-16T09:15:00Z,6.13,6.13,6.12,6.12,972.442,5953.4556
1665912000000,2022-10-16T09:20:00Z,6.12,6.12,6.11,6.11,566.975,3469.88311
1665912300000,2022-10-16T09:25:00Z,6.11,6.12,6.11,6.12,165.214,1009.47368
1665912600000,2022-10-16T09:30:00Z,6.12,6.12,6.11,6.12,0.778,4.75747
1665912900000,2022-10-16T09:35:00Z,6.12,6.12,6.11,6.12,360.335,2205.24631
1665913200000,2022-10-16T09:40:00Z,6.12,6.12,6.11,6.11,506.201,3092.88811
1665913500000,2022-10-16T09:45:00Z,6.11,6.11,6.1,6.1,0.389,2.3729
1665913800000,2022-10-16T09:50:00Z,6.1,6.11,6.1,6.1,0.778,4.74969
1665914100000,2022-10-16T09:55:00Z,6.1,6.11,6.1,6.11,802.696,4902.84061
1665914400000,2022-10-16T10:00:00Z,6.11,6.13,6.11,6.13,1022.229,6258.96771
1665914700000,2022-10-16T10:05:00Z,6.13,6.13,6.13,6.13,0.778,4.76914
1665915000000,2022-10-16T10:10:00Z,6.13,6.14,6.13,6.14,650.331,3992.56832
1665915300000,2022-10-16T10:15:00Z,6.14,6.14,6.12,6.12,708.127,4335.36879
1665915600000,2022-10-16T10:20:00Z,6.12,6.12,6.11,6.11,103.932,635.02452
1665915900000,2022-10-16T10:25:00Z,6.11,6.11,6.09,6.1,1839.78,11208.61337
1665916200000,2022-10-16T10:30:00Z,6.1,6.1,6.07,6.08,2772.727,16853.0063
1665916500000,2022-10-16T10:35:00Z,6.08,6.09,6.08,6.09,609.557,3708.91007
1665916800000,2022-10-16T10:40:00Z,6.09,6.1,6.09,6.1,580.884,3539.00324
1665917100000,2022-10-16T10:45:00Z,6.1,6.11,6.1,6.11,5646.469,34489.16562
1665917400000,2022-10-16T10:50:00Z,6.11,6.11,6.1,6.1,1233.592,7532.45585
1665917700000,2022-10-16T10:55:00Z,6.1,6.1,6.1,6.1,329.334,2008.9374
1665918000000,2022-10-16T11:00:00Z,6.1,6.1,6.1,6.1,396.26,2417.186
1665918300000,2022-10-16T11:05:00Z,6.1,6.1,6.09,6.09,5.389,32.86901
1665918600000,2022-10-16T11:10:00Z,6.09,6.09,6.09,6.09,0.715,4.35435
1665918900000,2022-10-16T11:15:00Z,6.09,6.1,6.09,6.1,2.868,17.47001
1665919200000,2022-10-16T11:20:00Z,6.1,6.1,6.09,6.09,0.389,2.36901
1665919500000,2022-10-16T11:25:00Z,6.09,6.09,6.09,6.09,203.193,1237.44537
1665919800000,2022-10-16T11:30:00Z,6.09,6.1,6.09,6.1,249.934,1522.10195
1665920100000,2022-10-16T11:35:00Z,6.1,6.1,6.09,6.1,8.585,52.36461
1665920400000,2022-10-16T11:40:00Z,6.1,6.1,6.09,6.1,174.837,1066.50181
1665920700000,2022-10-16T11:45:00Z,6.1,6.11,6.1,6.11,774.889,4733.0737
1665921000000,2022-10-16T11:50:00Z,6.11,6.12,6.11,6.12,409.025,2503.00117
1665921300000,2022-10-16T11:55:00Z,6.12,6.12,6.12,6.12,211.239,1292.78268
1665921600000,2022-10-16T12:00:00Z,6.12,6.12,6.1,6.1,798.817,4881.60187
1665921900000,2022-10-16T12:05:00Z,6.1,6.11,6.1,6.11,0.961,5.87171
1665922200000,2022-10-16T12:10:00Z,6.11,6.11,6.1,6.1,332.278,2026.89969
1665922500000,2022-10-16T12:15:00Z,6.1,6.1,6.09,6.09,4.928,30.0193
1665922800000,2022-10-16T12:20:00Z,6.09,6.1,6.09,6.09,219.893,1339.23033
1665923100000,2022-10-16T12:25:00Z,6.09,6.09,6.09,6.09,909.568,5539.26912
1665923400000,2022-10-16T12:30:00Z,6.09,6.1,6.09,6.1,271.596,1654.13374
1665923700000,2022-10-16T12:35:00Z,6.1,6.1,6.09,6.09,311.357,1896.16413
1665924000000,2022-10-16T12:40:00Z,6.09,6.1,6.09,6.1,519.005,3165.9305
1665924300000,2022-10-16T12:45:00Z,6.1,6.12,6.1,6.12,143.07,874.42675
1665924600000,2022-10-16T12:50:00Z,6.12,6.12,6.11,6.11,183.59,1121.98879
1665924900000,2022-10-16T12:55:00Z,6.11,6.11,6.1,6.1,385.896,2354.71686
1665925200000,2022-10-16T13:00:00Z,6.1,6.1,6.1,6.1,0.389,2.3729
1665925500000,2022-10-16T13:05:00Z,6.1,6.11,6.1,6.1,521.88,3183.55705
1665925800000,2022-10-16T13:10:00Z,6.1,6.11,6.1,6.1,690.934,4218.05508
1665926100000,2022-10-16T13:15:00Z,6.1,6.1,6.1,6.1,439.658,2681.9138
1665926400000,2022-10-16T13:20:00Z,6.1,6.11,6.1,6.11,480.174,2929.06529
1665926700000,2022-10-16T13:25:00Z,6.11,6.12,6.11,6.12,293.502,1793.30111
1665927000000,2022-10-16T13:30:00Z,6.12,6.12,6.1,6.1,232.896,1422.7956
1665927300000,2022-10-16T13:35:00Z,6.1,6.1,6.08,6.08,501.719,3055.43599
1665927600000,2022-10-16T13:40:00Z,6.08,6.1,6.08,6.1,127.796,778.28153
1665927900000,2022-10-16T13:45:00Z,6.1,6.1,6.1,6.1,506.427,3089.2047
1665928200000,2022-10-16T13:50:00Z,6.1,6.1,6.1,6.1,245.389,1496.8729
1665928500000,2022-10-16T13:55:00Z,6.1,6.1,6.09,6.09,1527.371,9315.22572
1665928800000,2022-10-16T14:00:00Z,6.09,6.1,6.09,6.09,459.979,2801.33767
1665929100000,2022-10-16T14:05:00Z,6.09,6.09,6.09,6.09,0.389,2.36901
1665929400000,2022-10-16T14:10:00Z,6.09,6.09,6.09,6.09,0.552,3.36168
1665929700000,2022-10-16T14:15:00Z,6.09,6.09,6.08,6.08,103.138,627.10904
1665930000000,2022-10-16T14:20:00Z,6.08,6.08,6.07,6.07,730.459,4433.88613
1665930300000,2022-10-16T14:25:00Z,6.07,6.08,6.07,6.07,1316.26,7991.33246
1665930600000,2022-10-16T14:30:00Z,6.07,6.08,6.07,6.08,570.733,3467.61664
1665930900000,2022-10-16T14:35:00Z,6.08,6.09,6.08,6.08,24.389,148.28901
1665931200000,2022-10-16T14:40:00Z,6.08,6.08,6.06,6.06,457.363,2774.24241
1665931500000,2022-10-16T14:45:00Z,6.06,6.07,6.06,6.07,453.407,2748.95919
1665931800000,2022-10-16T14:50:00Z,6.07,6.08,6.07,6.07,500.233,3038.42284
1665932100000,2022-10-16T14:55:00Z,6.07,6.07,6.06,6.07,108.46,658.34831
1665932400000,2022-10-16T15:00:00Z,6.07,6.08,6.07,6.08,1452.061,8821.91054
1665932700000,2022-10-16T15:05:00Z,6.08,6.1,6.08,6.1,879.363,5358.095
1665933000000,2022-10-16T15:10:00Z,6.1,6.1,6.09,6.1,380.141,2318.85621
1665933300000,2022-10-16T15:15:00Z,6.1,6.1,6.09,6.09,421.223,2569.45641
1665933600000,2022-10-16T15:20:00Z,6.09,6.09,6.09,6.09,233.333,1420.99797
1665933900000,2022-10-16T15:25:00Z,6.09,6.09,6.09,6.09,0.553,3.36777
1665934200000,2022-10-16T15:30:00Z,6.09,6.09,6.09,6.09,519.037,3160.93533
1665934500000,2022-10-16T15:35:00Z,6.09,6.09,6.09,6.09,299.041,1821.15969
1665934800000,2022-10-16T15:40:00Z,6.09,6.09,6.09,6.09,534.046,3252.34014
1665935100000,2022-10-16T15:45:00Z,6.09,6.1,6.09,6.09,1537.111,9372.4763
1665935400000,2022-10-16T15:50:00Z,6.09,6.09,6.08,6.08,0.778,4.73024
1665935700000,2022-10-16T15:55:00Z,6.08,6.09,6.08,6.09,222.008,1352.02094
1665936000000,2022-10-16T16:00:00Z,6.09,6.09,6.09,6.09,552.846,3366.83214
1665936300000,2022-10-16T16:05:00Z,6.09,6.09,6.08,6.08,0.389,2.36512
1665936600000,2022-10-16T16:10:00Z,6.08,6.08,6.08,6.08,0.778,4.73024
1665936900000,2022-10-16T16:15:00Z,6.08,6.09,6.08,6.09,521.767,3177.56103
1665937200000,2022-10-16T16:20:00Z,6.09,6.09,6.08,6.08,1016.312,6179.17696
1665937500000,2022-10-16T16:25:00Z,6.08,6.08,6.06,6.06,626.473,3802.68722
1665937800000,2022-10-16T16:30:00Z,6.06,6.06,6.06,6.06,1576.992,9556.57152
1665938100000,2022-10-16T16:35:00Z,6.06,6.06,6.04,6.04,2415.612,14598.37505
1665938400000,2022-10-16T16:40:00Z,6.04,6.05,6.04,6.04,1144.981,6915.68913
1665938700000,2022-10-16T16:45:00Z,6.04,6.05,6.04,6.04,1587.906,9606.46342
1665939000000,2022-10-16T16:50:00Z,6.04,6.06,6.04,6.06,1034.597,6262.3886
1665939300000,2022-10-16T16:55:00Z,6.06,6.06,6.05,6.05,542.518,3282.2339
1665939600000,2022-10-16T17:00:00Z,6.05,6.06,6.05,6.06,0.389,2.35734
1665939900000,2022-10-16T17:05:00Z,6.06,6.07,6.05,6.06,1303.764,7902.1248
1665940200000,2022-10-16T17:10:00Z,6.06,6.06,6.05,6.05,203.569,1233.62425
1665940500000,2022-10-16T17:15:00Z,6.05,6.05,6.05,6.05,195.071,1180.17955
1665940800000,2022-10-16T17:20:00Z,6.05,6.05,6.05,6.05,221.463,1339.85115
1665941100000,2022-10-16T17:25:00Z,6.05,6.06,6.05,6.06,155.543,942.59058
1665941400000,2022-10-16T17:30:00Z,6.06,6.06,6.06,6.06,0.778,4.71468
1665941700000,2022-10-16T17:35:00Z,6.06,6.06,6.05,6.05,215.145,1301.62725
1665942000000,2022-10-16T17:40:00Z,6.05,6.06,6.05,6.06,543.173,3288.92996
1665942300000,2022-10-16T17:45:00Z,6.06,6.06,6.03,6.04,1770.491,10686.70613
1665942600000,2022-10-16T17:50:00Z,6.04,6.04,6.04,6.04,332.345,2007.3638
1665942900000,2022-10-16T17:55:00Z,6.04,6.04,6.03,6.03,0.778,4.69134
1665943200000,2022-10-16T18:00:00Z,6.03,6.03,6.01,6.02,1645.708,9916.28296
1665943500000,2022-10-16T18:05:00Z,6.02,6.03,6.02,6.03,9.347,56.28941
1665943800000,2022-10-16T18:10:00Z,6.03,6.03,6.03,6.03,345.066,2080.74798
1665944100000,2022-10-16T18:15:00Z,6.03,6.03,6.03,6.03,346.344,2088.45432
1665944400000,2022-10-16T18:20:00Z,6.03,6.04,6.03,6.04,3.7,22.348
1665944700000,2022-10-16T18:25:00Z,6.04,6.04,6.03,6.03,714.64,4309.2792
1665945000000,2022-10-16T18:30:00Z,6.03,6.03,6.03,6.03,567.147,3419.89641
1665945300000,2022-10-16T18:35:00Z,6.03,6.03,6.02,6.03,855.018,5155.75465
1665945600000,2022-10-16T18:40:00Z,6.03,6.03,6.03,6.03,338.119,2038.85757
1665945900000,2022-10-16T18:45:00Z,6.03,6.03,6.02,6.03,325.178,1960.81945
1665946200000,2022-10-16T18:50:00Z,6.03,6.04,6.03,6.04,0.389,2.34956
1665946500000,2022-10-16T18:55:00Z,6.04,6.04,6.03,6.03,271.375,1636.39514
1665946800000,2022-10-16T19:00:00Z,6.03,6.03,6.02,6.02,0.389,2.34178
1665947100000,2022-10-16T19:05:00Z,6.02,6.04,6.02,6.04,196.149,1182.84762
1665947400000,2022-10-16T19:10:00Z,6.04,6.04,6.03,6.04,394.103,2380.37823
1665947700000,2022-10-16T19:15:00Z,6.04,6.04,6.04,6.04,103,622.12
1665948000000,2022-10-16T19:20:00Z,6.04,6.04,6.04,6.04,122.158,737.83432
1665948300000,2022-10-16T19:25:00Z,6.04,6.05,6.04,6.05,625.558,3784.62201
1665948600000,2022-10-16T19:30:00Z,6.05,6.14,6.05,6.12,5662.969,34583.62074
1665948900000,2022-10-16T19:35:00Z,6.12,6.12,6.1,6.11,1334.749,8152.85846
1665949200000,2022-10-16T19:40:00Z,6.11,6.16,6.11,6.15,4590.497,28157.50074
1665949500000,2022-10-16T19:45:00Z,6.15,6.16,6.13,6.15,2065.199,12688.14735
1665949800000,2022-10-16T19:50:00Z,6.15,6.15,6.13,6.14,2269.366,13937.09946
1665950100000,2022-10-16T19:55:00Z,6.14,6.16,6.14,6.16,1164.655,7169.96067
1665950400000,2022-10-16T20:00:00Z,6.16,6.17,6.16,6.16,1786.805,11012.6542
1665950700000,2022-10-16T20:05:00Z,6.16,6.17,6.15,6.15,1768.653,10879.91686
1665951000000,2022-10-16T20:10:00Z,6.15,6.15,6.14,6.14,577.22,3547.48971
1665951300000,2022-10-16T20:15:00Z,6.14,6.14,6.12,6.12,1971.443,12075.90393
1665951600000,2022-10-16T20:20:00Z,6.12,6.13,6.12,6.13,857.411,5255.71721
1665951900000,2022-10-16T20:25:00Z,6.13,6.13,6.12,6.12,1558.007,9538.35693
1665952200000,2022-10-16T20:30:00Z,6.12,6.12,6.12,6.12,1322.666,8094.71592
1665952500000,2022-10-16T20:35:00Z,6.12,6.12,6.11,6.11,1779.838,10892.11971
1665952800000,2022-10-16T20:40:00Z,6.11,6.12,6.11,6.12,774.738,4741.39656
1665953100000,2022-10-16T20:45:00Z,6.12,6.12,6.12,6.12,478.573,2928.86676
1665953400000,2022-10-16T20:50:00Z,6.12,6.13,6.12,6.12,1451.01,8880.18509
1665953700000,2022-10-16T20:55:00Z,6.12,6.13,6.12,6.13,1123.746,6880.81417
1665954000000,2022-10-16T21:00:00Z,6.13,6.13,6.13,6.13,989.51,6065.6963
1665954300000,2022-10-16T21:05:00Z,6.13,6.13,6.13,6.13,1623.26,9950.5838
1665954600000,2022-10-16T21:10:00Z,6.13,6.13,6.12,6.12,1853.389,11352.00237
1665954900000,2022-10-16T21:15:00Z,6.12,6.12,6.12,6.12,0.389,2.38068
1665955200000,2022-10-16T21:20:00Z,6.12,6.12,6.11,6.11,7.888,48.19957
1665955500000,2022-10-16T21:25:00Z,6.11,6.11,6.1,6.1,486.066,2966.91093
1665955800000,2022-10-16T21:30:00Z,6.1,6.11,6.1,6.11,40.498,247.43889
1665956100000,2022-10-16T21:35:00Z,6.11,6.12,6.11,6.11,1832.784,11198.34291
1665956400000,2022-10-16T21:40:00Z,6.11,6.11,6.1,6.11,0.778,4.74969
1665956700000,2022-10-16T21:45:00Z,6.11,6.11,6.09,6.09,150.82,920.59905
1665957000000,2022-10-16T21:50:00Z,6.09,6.09,6.03,6.05,2276.881,13790.96758
1665957300000,2022-10-16T21:55:00Z,6.05,6.05,6.04,6.04,847.159,5118.76413
1665957600000,2022-10-16T22:00:00Z,6.04,6.08,6.04,6.08,1824.244,11050.84712
1665957900000,2022-10-16T22:05:00Z,6.08,6.1,6.08,6.1,1292.402,7881.18713
1665958200000,2022-10-16T22:10:00Z,6.1,6.12,6.1,6.12,1528.491,9352.09502
1665958500000,2022-10-16T22:15:00Z,6.12,6.12,6.11,6.11,1154.451,7054.06561
1665958800000,2022-10-16T22:20:00Z,6.11,6.11,6.1,6.1,335.752,2051.44083
1665959100000,2022-10-16T22:25:00Z,6.1,6.11,6.1,6.11,1384.342,8456.74607
1665959400000,2022-10-16T22:30:00Z,6.11,6.11,6.11,6.11,1157.98,7075.2578
1665959700000,2022-10-16T22:35:00Z,6.11,6.12,6.11,6.12,1545.243,9456.88716
1665960000000,2022-10-16T22:40:00Z,6.12,6.12,6.12,6.12,119.071,728.71452
1665960300000,2022-10-16T22:45:00Z,6.12,6.15,6.12,6.15,2178.761,13369.4596
1665960600000,2022-10-16T22:50:00Z,6.15,6.15,6.14,6.14,821.983,5046.97951
1665960900000,2022-10-16T22:55:00Z,6.14,6.14,6.14,6.14,1655.947,10167.51458
1665961200000,2022-10-16T23:00:00Z,6.14,6.14,6.14,6.14,627.107,3850.43698
1665961500000,2022-10-16T23:05:00Z,6.14,6.14,6.12,6.12,2504.589,15350.95652
1665961800000,2022-10-16T23:10:00Z,6.12,6.12,6.11,6.12,1889.423,11563.1887
1665962100000,2022-10-16T23:15:00Z,6.12,6.12,6.12,6.12,1414.347,8655.80364
1665962400000,2022-10-16T23:20:00Z,6.12,6.12,6.11,6.11,918.666,5613.04926
1665962700000,2022-10-16T23:25:00Z,6.11,6.11,6.11,6.11,2138.992,13069.24112
1665963000000,2022-10-16T23:30:00Z,6.11,6.11,6.1,6.1,738.763,4512.15624
1665963300000,2022-10-16T23:35:00Z,6.1,6.1,6.1,6.1,915.073,5581.9453
1665963600000,2022-10-16T23:40:00Z,6.1,6.1,6.09,6.1,0.778,4.74191
1665963900000,2022-10-16T23:45:00Z,6.1,6.1,6.09,6.1,923.745,5634.84061
1665964200000,2022-10-16T23:50:00Z,6.1,6.11,6.1,6.11,252.999,1545.82389
1665964500000,2022-10-16T23:55:00Z,6.11,6.11,6.1,6.1,399.389,2440.2629
1665964800000,2022-10-17T00:00:00Z,6.1,6.1,6.1,6.1,1758.234,10725.2274
1665965100000,2022-10-17T00:05:00Z,6.1,6.11,6.1,6.11,832.425,5086.11675
1665965400000,2022-10-17T00:10:00Z,6.11,6.11,6.1,6.1,278.124,1696.5564
1665965700000,2022-10-17T00:15:00Z,6.1,6.1,6.05,6.05,3536.438,21468.44238
1665966000000,2022-10-17T00:20:00Z,6.05,6.05,6.05,6.05,1849.972,11192.3306
1665966300000,2022-10-17T00:25:00Z,6.05,6.05,6.04,6.05,1952.245,11810.8628
1665966600000,2022-10-17T00:30:00Z,6.05,6.06,6.04,6.04,1863.915,11282.20341
1665966900000,2022-10-17T00:35:00Z,6.04,6.05,6.04,6.05,894.073,5405.97639
1665967200000,2022-10-17T00:40:00Z,6.05,6.07,6.05,6.07,859.343,5209.00434
1665967500000,2022-10-17T00:45:00Z,6.07,6.08,6.07,6.07,780.322,4744.35387
1665967800000,2022-10-17T00:50:00Z,6.07,6.07,6.07,6.07,576.878,3501.64946
1665968100000,2022-10-17T00:55:00Z,6.07,6.07,6.06,6.07,752.439,4559.90795
1665968400000,2022-10-17T01:00:00Z,6.07,6.07,6.05,6.06,1088.688,6591.13283
1665968700000,2022-10-17T01:05:00Z,6.06,6.07,6.06,6.07,49.847,302.57128
1665969000000,2022-10-17T01:10:00Z,6.07,6.07,6.06,6.06,565.128,3424.67568
1665969300000,2022-10-17T01:15:00Z,6.06,6.07,6.06,6.07,1466.027,8898.78
1665969600000,2022-10-17T01:20:00Z,6.07,6.08,6.07,6.08,483.732,2941.09056
1665969900000,2022-10-17T01:25:00Z,6.08,6.08,6.08,6.08,608.02,3696.7616
1665970200000,2022-10-17T01:30:00Z,6.08,6.09,6.08,6.09,730.728,4447.03086
1665970500000,2022-10-17T01:35:00Z,6.09,6.09,6.08,6.08,868.72,5287.48808
1665970800000,2022-10-17T01:40:00Z,6.08,6.09,6.08,6.08,504.201,3065.54372
1665971100000,2022-10-17T01:45:00Z,6.08,6.08,6.06,6.08,1344.311,8159.04857
1665971400000,2022-10-17T01:50:00Z,6.08,6.08,6.07,6.07,765.025,4643.712
1665971700000,2022-10-17T01:55:00Z,6.07,6.07,6.04,6.04,2726.682,16510.79156
1665972000000,2022-10-17T02:00:00Z,6.04,6.06,6.04,6.05,1754.762,10618.42331
1665972300000,2022-10-17T02:05:00Z,6.05,6.05,6.04,6.05,2293.339,13874.69706
1665972600000,2022-10-17T02:10:00Z,6.05,6.06,6.05,6.06,453.188,2743.0474
1665972900000,2022-10-17T02:15:00Z,6.06,6.07,6.06,6.07,245.901,1492.61518
1665973200000,2022-10-17T02:20:00Z,6.07,6.08,6.07,6.07,564.803,3428.3581
1665973500000,2022-10-17T02:25:00Z,6.07,6.08,6.07,6.08,0.778,4.72635
1665973800000,2022-10-17T02:30:00Z,6.08,6.08,6.08,6.08,1161.401,7061.31808
1665974100000,2022-10-17T02:35:00Z,6.08,6.09,6.08,6.09,120.942,736.47678
1665974400000,2022-10-17T02:40:00Z,6.09,6.09,6.08,6.09,427.72,2600.5676
1665974700000,2022-10-17T02:45:00Z,6.09,6.09,6.08,6.09,804.959,4902.19262
1665975000000,2022-10-17T02:50:00Z,6.09,6.09,6.08,6.08,0.389,2.36512
1665975300000,2022-10-17T02:55:00Z,6.08,6.09,6.08,6.08,1232.59,7494.14901
1665975600000,2022-10-17T03:00:00Z,6.08,6.08,6.07,6.07,267.947,1629.11387
1665975900000,2022-10-17T03:05:00Z,6.07,6.07,6.07,6.07,471.587,2862.53309
1665976200000,2022-10-17T03:10:00Z,6.07,6.07,6.06,6.07,383.829,2329.83814
1665976500000,2022-10-17T03:15:00Z,6.07,6.07,6.06,6.06,198.086,1200.40116
1665976800000,2022-10-17T03:20:00Z,6.06,6.06,6.06,6.06,136,824.16
1665977100000,2022-10-17T03:25:00Z,6.06,6.06,6.05,6.05,0.778,4.7069
1665977400000,2022-10-17T03:30:00Z,6.05,6.06,6.05,6.06,1417.066,8587.41996
1665977700000,2022-10-17T03:35:00Z,6.06,6.07,6.06,6.06,0.778,4.71857
1665978000000,2022-10-17T03:40:00Z,6.06,6.07,6.06,6.07,1051.745,6384.09215
1665978300000,2022-10-17T03:45:00Z,6.07,6.07,6.07,6.07,486.332,2952.03524
1665978600000,2022-10-17T03:50:00Z,6.07,6.07,6.06,6.06,120.389,730.75734
1665978900000,2022-10-17T03:55:00Z,6.06,6.07,6.06,6.07,245.707,1488.98606
1665979200000,2022-10-17T04:00:00Z,6.07,6.07,6.05,6.05,463.877,2810.98686
1665979500000,2022-10-17T04:05:00Z,6.05,6.05,6.05,6.05,96.927,586.40835
1665979800000,2022-10-17T04:10:00Z,6.05,6.05,6.05,6.05,186.535,1128.53675
1665980100000,2022-10-17T04:15:00Z,6.05,6.05,6.05,6.05,463.531,2804.36255
1665980400000,2022-10-17T04:20:00Z,6.05,6.06,6.05,6.06,934.728,5664.45168
1665980700000,2022-10-17T04:25:00Z,6.06,6.06,6.06,6.06,284.534,1724.27604
1665981000000,2022-10-17T04:30:00Z,6.06,6.07,6.06,6.07,0.778,4.71857
1665981300000,2022-10-17T04:35:00Z,6.07,6.08,6.07,6.08,1676.566,10191.11372
1665981600000,2022-10-17T04:40:00Z,6.08,6.09,6.08,6.09,0.389,2.36901
1665981900000,2022-10-17T04:45:00Z,6.09,6.09,6.09,6.09,1296.073,7893.08457
1665982200000,2022-10-17T04:50:00Z,6.09,6.09,6.09,6.09,990.711,6033.42999
1665982500000,2022-10-17T04:55:00Z,6.09,6.1,6.09,6.1,629.157,3837.8577
1665982800000,2022-10-17T05:00:00Z,6.1,6.11,6.1,6.11,329.048,2008.71233
1665983100000,2022-10-17T05:05:00Z,6.11,6.11,6.1,6.1,543.94,3318.034
1665983400000,2022-10-17T05:10:00Z,6.1,6.13,6.1,6.11,7746.977,47307.41856
1665983700000,2022-10-17T05:15:00Z,6.11,6.12,6.11,6.12,898.456,5498.55072
1665984000000,2022-10-17T05:20:00Z,6.12,6.12,6.12,6.12,296.567,1814.99004
1665984300000,2022-10-17T05:25:00Z,6.12,6.12,6.11,6.11,334.915,2046.33454
1665984600000,2022-10-17T05:30:00Z,6.11,6.11,6.11,6.11,145,885.95
1665984900000,2022-10-17T05:35:00Z,6.11,6.11,6.11,6.11,490.116,2994.60876
1665985200000,2022-10-17T05:40:00Z,6.11,6.11,6.11,6.11,324.282,1981.36302
1665985500000,2022-10-17T05:45:00Z,6.11,6.11,6.11,6.11,0.389,2.37679
1665985800000,2022-10-17T05:50:00Z,6.11,6.12,6.11,6.12,973.793,5959.61316
1665986100000,2022-10-17T05:55:00Z,6.12,6.13,6.12,6.13,589.974,3616.54062
1665986400000,2022-10-17T06:00:00Z,6.13,6.15,6.13,6.15,1576.063,9691.33282
1665986700000,2022-10-17T06:05:00Z,6.15,6.17,6.15,6.15,5468.557,33692.4173
1665987000000,2022-10-17T06:10:00Z,6.15,6.15,6.15,6.15,1306.426,8034.5199
1665987300000,2022-10-17T06:15:00Z,6.15,6.15,6.14,6.14,1096.441,6732.32774
1665987600000,2022-10-17T06:20:00Z,6.14,6.14,6.12,6.13,2114.741,12969.93939
1665987900000,2022-10-17T06:25:00Z,6.13,6.13,6.12,6.12,1153.97,7073.80445
1665988200000,2022-10-17T06:30:00Z,6.12,6.13,6.12,6.12,916.912,5616.91512
1665988500000,2022-10-17T06:35:00Z,6.12,6.13,6.12,6.12,1279.674,7842.74593
1665988800000,2022-10-17T06:40:00Z,6.12,6.12,6.12,6.12,413.669,2531.65428
1665989100000,2022-10-17T06:45:00Z,6.12,6.12,6.11,6.11,125.499,766.80278
1665989400000,2022-10-17T06:50:00Z,6.11,6.11,6.1,6.1,789.805,4817.8105
1665989700000,2022-10-17T06:55:00Z,6.1,6.11,6.1,6.11,256.378,1563.90969
1665990000000,2022-10-17T07:00:00Z,6.11,6.14,6.11,6.14,2448.729,15013.79648
1665990300000,2022-10-17T07:05:00Z,6.14,6.18,6.14,6.15,4159.378,25632.13919
1665990600000,2022-10-17T07:10:00Z,6.15,6.15,6.14,6.14,1095.113,6730.14031
1665990900000,2022-10-17T07:15:00Z,6.14,6.14,6.12,6.12,1490.708,9131.77223
1665991200000,2022-10-17T07:20:00Z,6.12,6.12,6.12,6.12,1892.452,11581.80624
1665991500000,2022-10-17T07:25:00Z,6.12,6.12,6.11,6.12,971.964,5948.41579
1665991800000,2022-10-17T07:30:00Z,6.12,6.12,6.12,6.12,406.595,2488.3614
1665992100000,2022-10-17T07:35:00Z,6.12,6.12,6.12,6.12,275.659,1687.03308
1665992400000,2022-10-17T07:40:00Z,6.12,6.15,6.12,6.14,1273.677,7815.53086
1665992700000,2022-10-17T07:45:00Z,6.14,6.15,6.14,6.15,454.095,2792.68425
1665993000000,2022-10-17T07:50:00Z,6.15,6.15,6.15,6.15,812.926,4999.4949
1665993300000,2022-10-17T07:55:00Z,6.15,6.16,6.15,6.16,2449.808,15090.81728
1665993600000,2022-10-17T08:00:00Z,6.16,6.16,6.16,6.16,688.426,4240.70416
1665993900000,2022-10-17T08:05:00Z,6.16,6.16,6.15,6.15,167.035,1027.26914
1665994200000,2022-10-17T08:10:00Z,6.15,6.15,6.15,6.15,1356.818,8344.4307
1665994500000,2022-10-17T08:15:00Z,6.15,6.15,6.14,6.14,248.146,1523.75907
1665994800000,2022-10-17T08:20:00Z,6.14,6.14,6.14,6.14,584.118,3586.48452
1665995100000,2022-10-17T08:25:00Z,6.14,6.14,6.13,6.13,1115.654,6841.5551
1665995400000,2022-10-17T08:30:00Z,6.13,6.13,6.12,6.12,286.725,1754.757
1665995700000,2022-10-17T08:35:00Z,6.12,6.12,6.12,6.12,286.991,1756.38492
1665996000000,2022-10-17T08:40:00Z,6.12,6.12,6.12,6.12,353.187,2161.50444
1665996300000,2022-10-17T08:45:00Z,6.12,6.12,6.11,6.11,798.523,4885.46076
1665996600000,2022-10-17T08:50:00Z,6.11,6.12,6.11,6.12,402.018,2460.35016
1665996900000,2022-10-17T08:55:00Z,6.12,6.12,6.11,6.11,777.222,4751.84629
1665997200000,2022-10-17T09:00:00Z,6.11,6.13,6.11,6.13,850.359,5208.47335
1665997500000,2022-10-17T09:05:00Z,6.13,6.13,6.12,6.12,1071.364,6561.16577
1665997800000,2022-10-17T09:10:00Z,6.12,6.13,6.12,6.13,0.389,2.38457
1665998100000,2022-10-17T09:15:00Z,6.13,6.13,6.12,6.13,143.389,878.97068
1665998400000,2022-10-17T09:20:00Z,6.13,6.13,6.13,6.13,386.802,2371.09626
1665998700000,2022-10-17T09:25:00Z,6.13,6.14,6.13,6.14,0.778,4.77692
1665999000000,2022-10-17T09:30:00Z,6.14,6.18,6.14,6.16,3959.707,24400.59461
1665999300000,2022-10-17T09:35:00Z,6.16,6.18,6.16,6.17,1399.447,8637.78805
1665999600000,2022-10-17T09:40:00Z,6.17,6.17,6.17,6.17,374.161,2308.57337
1665999900000,2022-10-17T09:45:00Z,6.17,6.17,6.16,6.16,403.941,2492.31208
1666000200000,2022-10-17T09:50:00Z,6.16,6.16,6.16,6.16,870.553,5362.60648
1666000500000,2022-10-17T09:55:00Z,6.16,6.16,6.16,6.16,127.389,784.71624
1666000800000,2022-10-17T10:00:00Z,6.16,6.19,6.16,6.19,3075.996,18994.18408
1666001100000,2022-10-17T10:05:00Z,6.19,6.2,6.19,6.2,2759.435,17082.60284
1666001400000,2022-10-17T10:10:00Z,6.2,6.2,6.17,6.18,2015.806,12469.51427
1666001700000,2022-10-17T10:15:00Z,6.18,6.18,6.17,6.17,532.174,3283.51358
1666002000000,2022-10-17T10:20:00Z,6.17,6.19,6.17,6.19,1115.939,6896.50691
1666002300000,2022-10-17T10:25:00Z,6.19,6.19,6.18,6.19,851.293,5261.79849
1666002600000,2022-10-17T10:30:00Z,6.19,6.19,6.18,6.18,1705.557,10544.46639
1666002900000,2022-10-17T10:35:00Z,6.18,6.18,6.17,6.17,1080.111,6669.31751
1666003200000,2022-10-17T10:40:00Z,6.17,6.17,6.16,6.16,687.152,4236.3975
1666003500000,2022-10-17T10:45:00Z,6.16,6.16,6.16,6.16,2191.189,13497.72424
1666003800000,2022-10-17T10:50:00Z,6.16,6.16,6.16,6.16,2.401,14.79016
1666004100000,2022-10-17T10:55:00Z,6.16,6.16,6.15,6.16,1056.965,6510.90051
1666004400000,2022-10-17T11:00:00Z,6.16,6.16,6.15,6.15,320.846,1974.09753
1666004700000,2022-10-17T11:05:00Z,6.15,6.15,6.15,6.15,1301.428,8003.7822
1666005000000,2022-10-17T11:10:00Z,6.15,6.18,6.15,6.18,1237.645,7630.37732
1666005300000,2022-10-17T11:15:00Z,6.18,6.19,6.18,6.18,3212.97,19864.70105
1666005600000,2022-10-17T11:20:00Z,6.18,6.18,6.17,6.17,1185.23,7320.12987
1666005900000,2022-10-17T11:25:00Z,6.17,6.17,6.16,6.16,440.084,2713.98278
1666006200000,2022-10-17T11:30:00Z,6.16,6.16,6.15,6.15,2695.541,16600.08547
1666006500000,2022-10-17T11:35:00Z,6.15,6.15,6.15,6.15,382.875,2354.68125
1666006800000,2022-10-17T11:40:00Z,6.15,6.15,6.15,6.15,585.318,3599.7057
1666007100000,2022-10-17T11:45:00Z,6.15,6.15,6.14,6.14,2149.032,13199.37902
1666007400000,2022-10-17T11:50:00Z,6.14,6.14,6.13,6.13,5214.22,31975.61238
1666007700000,2022-10-17T11:55:00Z,6.13,6.14,6.13,6.14,1078.844,6613.31534
1666008000000,2022-10-17T12:00:00Z,6.14,6.15,6.14,6.14,915.918,5623.75768
1666008300000,2022-10-17T12:05:00Z,6.14,6.14,6.13,6.13,829.46,5090.2544
1666008600000,2022-10-17T12:10:00Z,6.13,6.13,6.11,6.11,1746.654,10694.47383
1666008900000,2022-10-17T12:15:00Z,6.11,6.12,6.11,6.11,925.307,5662.73153
1666009200000,2022-10-17T12:20:00Z,6.11,6.13,6.11,6.13,1412.149,8653.95566
1666009500000,2022-10-17T12:25:00Z,6.13,6.13,6.12,6.12,0.79,4.83869
1666009800000,2022-10-17T12:30:00Z,6.12,6.14,6.12,6.14,1130.236,6930.85468
1666010100000,2022-10-17T12:35:00Z,6.14,6.14,6.13,6.14,65.082,399.5957
1666010400000,2022-10-17T12:40:00Z,6.14,6.16,6.14,6.16,2297.721,14142.21032
1666010700000,2022-10-17T12:45:00Z,6.16,6.17,6.15,6.15,1662.535,10236.34133
1666011000000,2022-10-17T12:50:00Z,6.15,6.16,6.15,6.16,1663.471,10234.03468
1666011300000,2022-10-17T12:55:00Z,6.16,6.16,6.15,6.15,846.269,5205.02508
1666011600000,2022-10-17T13:00:00Z,6.15,6.16,6.15,6.16,4791.646,29516.53216
1666011900000,2022-10-17T13:05:00Z,6.16,6.16,6.16,6.16,543.588,3348.50208
1666012200000,2022-10-17T13:10:00Z,6.16,6.17,6.16,6.17,1573.812,9710.42004
1666012500000,2022-10-17T13:15:00Z,6.17,6.18,6.17,6.18,1754.487,10838.15674
1666012800000,2022-10-17T13:20:00Z,6.18,6.18,6.17,6.17,1345.273,8312.58714
1666013100000,2022-10-17T13:25:00Z,6.17,6.18,6.17,6.18,1478.585,9137.63133
1666013400000,2022-10-17T13:30:00Z,6.18,6.22,6.18,6.22,4540.95,28183.83752
1666013700000,2022-10-17T13:35:00Z,6.22,6.27,6.22,6.27,6064.988,37915.65977
1666014000000,2022-10-17T13:40:00Z,6.27,6.28,6.24,6.25,4568.832,28590.19672
1666014300000,2022-10-17T13:45:00Z,6.25,6.29,6.24,6.28,7351.461,46147.46614
1666014600000,2022-10-17T13:50:00Z,6.28,6.28,6.27,6.27,2504.852,15715.72729
1666014900000,2022-10-17T13:55:00Z,6.27,6.32,6.27,6.32,3408.574,21470.73139
1666015200000,2022-10-17T14:00:00Z,6.32,6.32,6.29,6.29,3394.228,21390.8616
1666015500000,2022-10-17T14:05:00Z,6.29,6.31,6.29,6.3,2195.051,13835.89925
1666015800000,2022-10-17T14:10:00Z,6.3,6.32,6.3,6.32,2774.442,17502.69793
1666016100000,2022-10-17T14:15:00Z,6.32,6.33,6.31,6.32,3413.839,21565.78093
1666016400000,2022-10-17T14:20:00Z,6.32,6.32,6.3,6.3,1134.326,7158.16315
1666016700000,2022-10-17T14:25:00Z,6.3,6.34,6.29,6.34,1655.086,10471.60099
1666017000000,2022-10-17T14:30:00Z,6.34,6.36,6.32,6.35,4113.335,26090.2072
1666017300000,2022-10-17T14:35:00Z,6.35,6.37,6.35,6.36,2912.275,18518.96796
1666017600000,2022-10-17T14:40:00Z,6.36,6.4,6.36,6.37,5090.498,32492.11037
1666017900000,2022-10-17T14:45:00Z,6.37,6.38,6.34,6.34,4492.07,28573.77804
1666018200000,2022-10-17T14:50:00Z,6.34,6.34,6.34,6.34,2997.145,19001.8993
1666018500000,2022-10-17T14:55:00Z,6.34,6.35,6.34,6.34,3425.57,21729.56362
1666018800000,2022-10-17T15:00:00Z,6.34,6.35,6.34,6.34,601.815,3815.8935
1666019100000,2022-10-17T15:05:00Z,6.34,6.35,6.34,6.34,3787.623,24023.17484
1666019400000,2022-10-17T15:10:00Z,6.34,6.35,6.33,6.33,2799.365,17745.63887
1666019700000,2022-10-17T15:15:00Z,6.33,6.33,6.32,6.32,761.977,4815.69464
1666020000000,2022-10-17T15:20:00Z,6.32,6.34,6.32,6.34,1578.799,9991.38353
1666020300000,2022-10-17T15:25:00Z,6.34,6.35,6.34,6.34,1280.052,8122.89643
1666020600000,2022-10-17T15:30:00Z,6.34,6.38,6.34,6.38,3479.037,22153.69396
1666020900000,2022-10-17T15:35:00Z,6.38,6.4,6.37,6.39,2984.903,19052.77306
1666021200000,2022-10-17T15:40:00Z,6.39,6.39,6.36,6.37,2904.157,18497.88034
1666021500000,2022-10-17T15:45:00Z,6.37,6.37,6.35,6.36,1452.381,9233.432
1666021800000,2022-10-17T15:50:00Z,6.36,6.36,6.35,6.35,36.147,229.53734
1666022100000,2022-10-17T15:55:00Z,6.35,6.35,6.35,6.35,159.829,1014.91415
1666022400000,2022-10-17T16:00:00Z,6.35,6.38,6.35,6.38,2088.911,13311.92382
1666022700000,2022-10-17T16:05:00Z,6.38,6.39,6.38,6.39,3161.964,20199.50657
1666023000000,2022-10-17T16:10:00Z,6.39,6.39,6.37,6.37,1196.343,7631.30895
1666023300000,2022-10-17T16:15:00Z,6.37,6.38,6.36,6.36,1280.778,8153.45941
1666023600000,2022-10-17T16:20:00Z,6.36,6.37,6.36,6.37,765.95,4878.9295
1666023900000,2022-10-17T16:25:00Z,6.37,6.4,6.36,6.39,3140.159,20042.79864
1666024200000,2022-10-17T16:30:00Z,6.39,6.39,6.36,6.37,1862.377,11866.09032
1666024500000,2022-10-17T16:35:00Z,6.37,6.37,6.36,6.36,1081.89,6882.39025
1666024800000,2022-10-17T16:40:00Z,6.36,6.36,6.35,6.35,714.76,4538.726
1666025100000,2022-10-17T16:45:00Z,6.35,6.35,6.33,6.34,5102.598,32319.03856
1666025400000,2022-10-17T16:50:00Z,6.34,6.34,6.32,6.32,1811.766,11480.75514
1666025700000,2022-10-17T16:55:00Z,6.32,6.33,6.32,6.33,2266.654,14347.91982
1666026000000,2022-10-17T17:00:00Z,6.33,6.34,6.33,6.34,707.167,4483.43878
1666026300000,2022-10-17T17:05:00Z,6.34,6.35,6.34,6.35,832.455,5282.79096
1666026600000,2022-10-17T17:10:00Z,6.35,6.35,6.34,6.34,0.389,2.46626
1666026900000,2022-10-17T17:15:00Z,6.34,6.37,6.34,6.35,3167.881,20142.17906
1666027200000,2022-10-17T17:20:00Z,6.35,6.37,6.35,6.37,1718.818,10931.54
1666027500000,2022-10-17T17:25:00Z,6.37,6.37,6.36,6.37,1913.549,12174.93208
1666027800000,2022-10-17T17:30:00Z,6.37,6.37,6.34,6.36,2529.035,16074.67858
1666028100000,2022-10-17T17:35:00Z,6.36,6.37,6.34,6.35,5140.615,32682.43612
1666028400000,2022-10-17T17:40:00Z,6.35,6.35,6.34,6.34,1931.226,12263.2726
1666028700000,2022-10-17T17:45:00Z,6.34,6.37,6.34,6.37,3378.104,21484.40036
1666029000000,2022-10-17T17:50:00Z,6.37,6.38,6.37,6.38,3043.732,19402.33118
1666029300000,2022-10-17T17:55:00Z,6.38,6.38,6.38,6.38,831.41,5304.3958
1666029600000,2022-10-17T18:00:00Z,6.38,6.39,6.38,6.39,1620.135,10344.29647
1666029900000,2022-10-17T18:05:00Z,6.39,6.39,6.38,6.38,414.776,2646.27088
1666030200000,2022-10-17T18:10:00Z,6.38,6.38,6.36,6.36,1640.454,10456.24733
1666030500000,2022-10-17T18:15:00Z,6.36,6.37,6.34,6.34,1214.772,7715.37058
1666030800000,2022-10-17T18:20:00Z,6.34,6.34,6.33,6.33,2057.367,13030.42525
1666031100000,2022-10-17T18:25:00Z,6.33,6.34,6.33,6.34,374.66,2371.9678
1666031400000,2022-10-17T18:30:00Z,6.34,6.34,6.34,6.34,930.244,5897.74696
1666031700000,2022-10-17T18:35:00Z,6.34,6.35,6.34,6.35,691.333,4387.0242
1666032000000,2022-10-17T18:40:00Z,6.35,6.36,6.35,6.36,447.286,2842.7204
1666032300000,2022-10-17T18:45:00Z,6.36,6.38,6.36,6.38,2034.358,12971.58856
1666032600000,2022-10-17T18:50:00Z,6.38,6.41,6.38,6.4,5646.241,36158.78734
1666032900000,2022-10-17T18:55:00Z,6.4,6.4,6.39,6.39,339.364,2168.53985
1666033200000,2022-10-17T19:00:00Z,6.39,6.4,6.38,6.39,1333.59,8521.46549
1666033500000,2022-10-17T19:05:00Z,6.39,6.4,6.39,6.4,1187.996,7602.39824
1666033800000,2022-10-17T19:10:00Z,6.4,6.42,6.4,6.42,1856.1,11902.48657
1666034100000,2022-10-17T19:15:00Z,6.42,6.43,6.41,6.41,4733.339,30384.79299
1666034400000,2022-10-17T19:20:00Z,6.41,6.41,6.41,6.41,673.971,4320.15411
1666034700000,2022-10-17T19:25:00Z,6.41,6.41,6.4,6.41,467.326,2994.34404
1666035000000,2022-10-17T19:30:00Z,6.41,6.41,6.41,6.41,2028.208,13000.81328
1666035300000,2022-10-17T19:35:00Z,6.41,6.41,6.41,6.41,424.01,2717.9041
1666035600000,2022-10-17T19:40:00Z,6.41,6.41,6.4,6.4,2.585,16.544
1666035900000,2022-10-17T19:45:00Z,6.4,6.41,6.4,6.4,171.76,1100.97771
1666036200000,2022-10-17T19:50:00Z,6.4,6.41,6.39,6.4,892.747,5712.92208
1666036500000,2022-10-17T19:55:00Z,6.4,6.4,6.38,6.38,1410.763,9012.7184
1666036800000,2022-10-17T20:00:00Z,6.38,6.4,6.38,6.4,2316.14,14820.82965
1666037100000,2022-10-17T20:05:00Z,6.4,6.4,6.39,6.39,566.386,3622.14252
1666037400000,2022-10-17T20:10:00Z,6.39,6.39,6.37,6.38,2626.4,16765.60888
1666037700000,2022-10-17T20:15:00Z,6.38,6.39,6.38,6.39,1239.537,7920.64143
1666038000000,2022-10-17T20:20:00Z,6.39,6.39,6.38,6.38,782.35,4996.29607
1666038300000,2022-10-17T20:25:00Z,6.38,6.38,6.37,6.37,4433.352,28262.55968
1666038600000,2022-10-17T20:30:00Z,6.37,6.37,6.37,6.37,593.946,3783.43602
1666038900000,2022-10-17T20:35:00Z,6.37,6.38,6.37,6.37,421.199,2687.24573
1666039200000,2022-10-17T20:40:00Z,6.37,6.41,6.37,6.41,5573.178,35682.67439
1666039500000,2022-10-17T20:45:00Z,6.41,6.43,6.41,6.41,3430.731,22015.16756
1666039800000,2022-10-17T20:50:00Z,6.41,6.41,6.39,6.39,2382.454,15230.50977
1666040100000,2022-10-17T20:55:00Z,6.39,6.39,6.38,6.38,750.143,4785.91234
1666040400000,2022-10-17T21:00:00Z,6.38,6.41,6.38,6.4,2862.346,18324.75664
1666040700000,2022-10-17T21:05:00Z,6.4,6.4,6.39,6.39,145.759,931.40001
1666041000000,2022-10-17T21:10:00Z,6.39,6.39,6.39,6.39,5.033,32.16087
1666041300000,2022-10-17T21:15:00Z,6.39,6.4,6.39,6.4,133.389,853.68571
1666041600000,2022-10-17T21:20:00Z,6.4,6.4,6.4,6.4,130,832
1666041900000,2022-10-17T21:25:00Z,6.4,6.41,6.4,6.41,1718.988,11015.62945
1666042200000,2022-10-17T21:30:00Z,6.41,6.41,6.41,6.41,2844.595,18233.85395
1666042500000,2022-10-17T21:35:00Z,6.41,6.41,6.41,6.41,1419.8,9100.918
1666042800000,2022-10-17T21:40:00Z,6.41,6.41,6.4,6.41,666.631,4273.10082
1666043100000,2022-10-17T21:45:00Z,6.41,6.41,6.41,6.41,308.569,1977.92729
1666043400000,2022-10-17T21:50:00Z,6.41,6.42,6.41,6.42,2310.53,14812.93878
1666043700000,2022-10-17T21:55:00Z,6.42,6.42,6.41,6.41,1256.039,8062.00451
1666044000000,2022-10-17T22:00:00Z,6.41,6.44,6.41,6.43,3982.205,25591.61584
1666044300000,2022-10-17T22:05:00Z,6.43,6.45,6.43,6.44,996.959,6422.67943
1666044600000,2022-10-17T22:10:00Z,6.44,6.44,6.42,6.43,1092.301,7026.53052
1666044900000,2022-10-17T22:15:00Z,6.43,6.44,6.42,6.43,1014.442,6527.33597
1666045200000,2022-10-17T22:20:00Z,6.43,6.43,6.42,6.42,986.524,6333.48408
1666045500000,2022-10-17T22:25:00Z,6.42,6.43,6.41,6.41,542.763,3479.3725
1666045800000,2022-10-17T22:30:00Z,6.41,6.41,6.4,6.4,1655.211,10594.65307
1666046100000,2022-10-17T22:35:00Z,6.4,6.4,6.39,6.39,3206.697,20501.84775
1666046400000,2022-10-17T22:40:00Z,6.39,6.4,6.39,6.4,587.222,3754.62311
1666046700000,2022-10-17T22:45:00Z,6.4,6.4,6.4,6.4,79.004,505.6256
1666047000000,2022-10-17T22:50:00Z,6.4,6.4,6.4,6.4,401.804,2571.5456
1666047300000,2022-10-17T22:55:00Z,6.4,6.4,6.39,6.39,3224.331,20629.68597
1666047600000,2022-10-17T23:00:00Z,6.39,6.39,6.38,6.39,1843.702,11781.24954
1666047900000,2022-10-17T23:05:00Z,6.39,6.39,6.39,6.39,929.001,5936.31639
1666048200000,2022-10-17T23:10:00Z,6.39,6.39,6.39,6.39,223.447,1427.82633
1666048500000,2022-10-17T23:15:00Z,6.39,6.39,6.39,6.39,123.449,788.83911
1666048800000,2022-10-17T23:20:00Z,6.39,6.39,6.38,6.38,59.191,377.64807
1666049100000,2022-10-17T23:25:00Z,6.38,6.38,6.38,6.38,622.485,3971.4543
1666049400000,2022-10-17T23:30:00Z,6.38,6.4,6.38,6.4,586.084,3747.70775
1666049700000,2022-10-17T23:35:00Z,6.4,6.41,6.4,6.41,1118.238,7167.90558
1666050000000,2022-10-17T23:40:00Z,6.41,6.41,6.41,6.41,806.512,5169.74192
1666050300000,2022-10-17T23:45:00Z,6.41,6.41,6.41,6.41,426.339,2732.83299
1666050600000,2022-10-17T23:50:00Z,6.41,6.42,6.41,6.41,2728.69,17502.18499
1666050900000,2022-10-17T23:55:00Z,6.41,6.41,6.4,6.4,788.165,5044.256
1666051200000,2022-10-18T00:00:00Z,6.4,6.42,6.39,6.39,6293.481,40337.31227
1666051500000,2022-10-18T00:05:00Z,6.39,6.39,6.38,6.38,2214.574,14128.98212
1666051800000,2022-10-18T00:10:00Z,6.38,6.39,6.38,6.38,1156.277,7388.15613
1666052100000,2022-10-18T00:15:00Z,6.38,6.4,6.38,6.4,439.555,2811.942
1666052400000,2022-10-18T00:20:00Z,6.4,6.41,6.4,6.4,2529.436,16198.64458
1666052700000,2022-10-18T00:25:00Z,6.4,6.41,6.4,6.41,3360.273,21539.34993
1666053000000,2022-10-18T00:30:00Z,6.41,6.44,6.41,6.44,1612.786,10367.01034
1666053300000,2022-10-18T00:35:00Z,6.44,6.44,6.43,6.43,1548.415,9956.30845
1666053600000,2022-10-18T00:40:00Z,6.43,6.43,6.41,6.41,2551.917,16400.73444
1666053900000,2022-10-18T00:45:00Z,6.41,6.41,6.39,6.39,2404.499,15403.63087
1666054200000,2022-10-18T00:50:00Z,6.39,6.39,6.38,6.38,956.952,6110.48761
1666054500000,2022-10-18T00:55:00Z,6.38,6.4,6.38,6.4,1184.769,7564.83736
1666054800000,2022-10-18T01:00:00Z,6.4,6.4,6.39,6.39,750.169,4793.57991
1666055100000,2022-10-18T01:05:00Z,6.39,6.4,6.39,6.4,273.059,1747.56982
1666055400000,2022-10-18T01:10:00Z,6.4,6.41,6.4,6.4,1055.52,6763.25631
1666055700000,2022-10-18T01:15:00Z,6.4,6.4,6.38,6.38,1040.557,6640.32149
1666056000000,2022-10-18T01:20:00Z,6.38,6.38,6.37,6.38,162.345,1034.44765
1666056300000,2022-10-18T01:25:00Z,6.38,6.38,6.36,6.36,1320.598,8410.62809
1666056600000,2022-10-18T01:30:00Z,6.36,6.36,6.32,6.32,3572.021,22669.43867
1666056900000,2022-10-18T01:35:00Z,6.32,6.33,6.32,6.32,4037.158,25534.49412
1666057200000,2022-10-18T01:40:00Z,6.32,6.33,6.31,6.31,3019.813,19105.71067
1666057500000,2022-10-18T01:45:00Z,6.31,6.31,6.3,6.31,5224.815,32925.75222
1666057800000,2022-10-18T01:50:00Z,6.31,6.32,6.31,6.31,311.861,1968.9735
1666058100000,2022-10-18T01:55:00Z,6.31,6.31,6.31,6.31,1951.542,12314.23002
1666058400000,2022-10-18T02:00:00Z,6.31,6.32,6.31,6.32,673.13,4251.62931
1666058700000,2022-10-18T02:05:00Z,6.32,6.32,6.31,6.32,301.234,1902.97654
1666059000000,2022-10-18T02:10:00Z,6.32,6.33,6.32,6.32,1226.867,7761.03212
1666059300000,2022-10-18T02:15:00Z,6.32,6.33,6.32,6.33,868.808,5493.8355
1666059600000,2022-10-18T02:20:00Z,6.33,6.33,6.33,6.33,507.342,3211.47486
1666059900000,2022-10-18T02:25:00Z,6.33,6.33,6.33,6.33,314.471,1990.60143
1666060200000,2022-10-18T02:30:00Z,6.33,6.34,6.33,6.34,680.588,4311.00313
1666060500000,2022-10-18T02:35:00Z,6.34,6.35,6.32,6.32,1080.107,6841.48817
1666060800000,2022-10-18T02:40:00Z,6.32,6.33,6.32,6.33,1062.02,6722.5866
1666061100000,2022-10-18T02:45:00Z,6.33,6.33,6.32,6.32,757.99,4795.6662
1666061400000,2022-10-18T02:50:00Z,6.32,6.32,6.3,6.3,867.842,5474.29764
1666061700000,2022-10-18T02:55:00Z,6.3,6.31,6.3,6.31,0.778,4.90918
1666062000000,2022-10-18T03:00:00Z,6.31,6.32,6.31,6.32,1274.233,8043.97072
1666062300000,2022-10-18T03:05:00Z,6.32,6.32,6.31,6.32,75.347,476.18915
1666062600000,2022-10-18T03:10:00Z,6.32,6.32,6.31,6.31,0.778,4.91307
1666062900000,2022-10-18T03:15:00Z,6.31,6.32,6.31,6.32,1988.419,12566.80808
1666063200000,2022-10-18T03:20:00Z,6.32,6.32,6.31,6.31,2209.276,13940.53545
1666063500000,2022-10-18T03:25:00Z,6.31,6.31,6.3,6.31,168.35,1062.28461
1666063800000,2022-10-18T03:30:00Z,6.31,6.35,6.31,6.35,1886.516,11949.90691
1666064100000,2022-10-18T03:35:00Z,6.35,6.35,6.34,6.35,3694.745,23433.21118
1666064400000,2022-10-18T03:40:00Z,6.35,6.39,6.35,6.39,4966.932,31664.64312
1666064700000,2022-10-18T03:45:00Z,6.39,6.4,6.38,6.4,4442.973,28393.19611
1666065000000,2022-10-18T03:50:00Z,6.4,6.4,6.37,6.37,1079.655,6893.25306
1666065300000,2022-10-18T03:55:00Z,6.37,6.37,6.36,6.37,1975.78,12583.01693
1666065600000,2022-10-18T04:00:00Z,6.37,6.37,6.36,6.36,425.616,2706.91776
1666065900000,2022-10-18T04:05:00Z,6.36,6.37,6.36,6.36,3351.238,21347.36333
1666066200000,2022-10-18T04:10:00Z,6.36,6.38,6.36,6.38,2782.636,17736.28488
1666066500000,2022-10-18T04:15:00Z,6.38,6.38,6.37,6.37,455.175,2899.46475
1666066800000,2022-10-18T04:20:00Z,6.37,6.38,6.37,6.37,1131.605,7212.96415
1666067100000,2022-10-18T04:25:00Z,6.37,6.38,6.37,6.38,1363.912,8701.75856
1666067400000,2022-10-18T04:30:00Z,6.38,6.38,6.37,6.37,1074.61,6845.2657
1666067700000,2022-10-18T04:35:00Z,6.37,6.37,6.36,6.36,2487.627,15845.06369
1666068000000,2022-10-18T04:40:00Z,6.36,6.36,6.36,6.36,647.174,4116.02664
1666068300000,2022-10-18T04:45:00Z,6.36,6.37,6.36,6.37,1576.565,10042.71905
1666068600000,2022-10-18T04:50:00Z,6.37,6.37,6.36,6.36,375.282,2386.79352
1666068900000,2022-10-18T04:55:00Z,6.36,6.36,6.36,6.36,2849.932,18125.56752
1666069200000,2022-10-18T05:00:00Z,6.36,6.37,6.36,6.36,657.512,4184.46044
1666069500000,2022-10-18T05:05:00Z,6.36,6.36,6.35,6.35,908.939,5777.15411
1666069800000,2022-10-18T05:10:00Z,6.35,6.35,6.34,6.34,1101.109,6981.03495
1666070100000,2022-10-18T05:15:00Z,6.34,6.34,6.33,6.33,217.131,1376.56475
1666070400000,2022-10-18T05:20:00Z,6.33,6.33,6.33,6.33,175.741,1112.44053
1666070700000,2022-10-18T05:25:00Z,6.33,6.34,6.33,6.33,985.88,6240.68315
1666071000000,2022-10-18T05:30:00Z,6.33,6.33,6.33,6.33,217.17,1374.6861
1666071300000,2022-10-18T05:35:00Z,6.33,6.33,6.32,6.32,137.328,867.91296
1666071600000,2022-10-18T05:40:00Z,6.32,6.33,6.32,6.32,350.097,2213.82374
1666071900000,2022-10-18T05:45:00Z,6.32,6.35,6.32,6.35,955.292,6060.18263
1666072200000,2022-10-18T05:50:00Z,6.35,6.35,6.34,6.34,594.352,3768.19168
1666072500000,2022-10-18T05:55:00Z,6.34,6.35,6.34,6.34,333.187,2112.40947
1666072800000,2022-10-18T06:00:00Z,6.34,6.34,6.33,6.33,1176.864,7461.20175
1666073100000,2022-10-18T06:05:00Z,6.33,6.33,6.33,6.33,1137.401,7199.74833
1666073400000,2022-10-18T06:10:00Z,6.33,6.33,6.33,6.33,732.223,4634.97159
1666073700000,2022-10-18T06:15:00Z,6.33,6.35,6.33,6.35,1597.634,10132.44265
1666074000000,2022-10-18T06:20:00Z,6.35,6.35,6.33,6.33,1494.762,9482.42367
1666074300000,2022-10-18T06:25:00Z,6.33,6.34,6.33,6.34,267,1692.78
1666074600000,2022-10-18T06:30:00Z,6.34,6.34,6.33,6.34,490.778,3106.62863
1666074900000,2022-10-18T06:35:00Z,6.34,6.34,6.34,6.34,594.33,3768.0522
1666075200000,2022-10-18T06:40:00Z,6.34,6.37,6.34,6.37,1250.76,7953.87543
1666075500000,2022-10-18T06:45:00Z,6.37,6.37,6.36,6.36,378.867,2409.59412
1666075800000,2022-10-18T06:50:00Z,6.36,6.36,6.34,6.34,478.811,3039.18395
1666076100000,2022-10-18T06:55:00Z,6.34,6.35,6.34,6.35,68.064,432.20251
1666076400000,2022-10-18T07:00:00Z,6.35,6.35,6.34,6.35,483.812,3072.20231
1666076700000,2022-10-18T07:05:00Z,6.35,6.36,6.34,6.34,3055.434,19396.81215
1666077000000,2022-10-18T07:10:00Z,6.34,6.34,6.34,6.34,3255.009,20636.75706
1666077300000,2022-10-18T07:15:00Z,6.34,6.34,6.33,6.33,467.056,2956.46837
1666077600000,2022-10-18T07:20:00Z,6.33,6.33,6.33,6.33,1206.819,7639.16427
1666077900000,2022-10-18T07:25:00Z,6.33,6.35,6.33,6.35,1335.921,8474.31285
1666078200000,2022-10-18T07:30:00Z,6.35,6.36,6.35,6.36,625.882,3977.0307
1666078500000,2022-10-18T07:35:00Z,6.36,6.36,6.35,6.35,105.389,670.27015
1666078800000,2022-10-18T07:40:00Z,6.35,6.36,6.35,6.35,856.636,5442.75426
1666079100000,2022-10-18T07:45:00Z,6.35,6.37,6.35,6.37,1013.554,6451.80462
1666079400000,2022-10-18T07:50:00Z,6.37,6.38,6.37,6.38,3139.809,20013.50262
1666079700000,2022-10-18T07:55:00Z,6.38,6.39,6.38,6.39,277.501,1773.2275
1666080000000,2022-10-18T08:00:00Z,6.39,6.39,6.36,6.36,2912.737,18567.41156
1666080300000,2022-10-18T08:05:00Z,6.36,6.36,6.36,6.36,923.855,5875.7178
1666080600000,2022-10-18T08:10:00Z,6.36,6.37,6.36,6.36,3733.465,23747.6703
1666080900000,2022-10-18T08:15:00Z,6.36,6.36,6.34,6.34,823.662,5224.70154
1666081200000,2022-10-18T08:20:00Z,6.34,6.34,6.33,6.34,748.416,4744.95355
1666081500000,2022-10-18T08:25:00Z,6.34,6.34,6.34,6.34,636.338,4034.38292
1666081800000,2022-10-18T08:30:00Z,6.34,6.35,6.34,6.34,2914.976,18505.24974
1666082100000,2022-10-18T08:35:00Z,6.34,6.34,6.31,6.31,4322.834,27321.02609
1666082400000,2022-10-18T08:40:00Z,6.31,6.31,6.28,6.28,3904.159,24540.90245
1666082700000,2022-10-18T08:45:00Z,6.28,6.28,6.28,6.28,1634.25,10263.09
1666083000000,2022-10-18T08:50:00Z,6.28,6.29,6.28,6.28,2084.661,13096.88491
1666083300000,2022-10-18T08:55:00Z,6.28,6.28,6.26,6.26,1766.07,11074.79116
1666083600000,2022-10-18T09:00:00Z,6.26,6.26,6.23,6.26,3676.165,22955.83143
1666083900000,2022-10-18T09:05:00Z,6.26,6.26,6.25,6.25,3094.212,19349.56016
1666084200000,2022-10-18T09:10:00Z,6.25,6.26,6.25,6.26,858.769,5375.89394
1666084500000,2022-10-18T09:15:00Z,6.26,6.28,6.26,6.28,1978.192,12418.36646
1666084800000,2022-10-18T09:20:00Z,6.28,6.28,6.27,6.28,1178.332,7393.35531
1666085100000,2022-10-18T09:25:00Z,6.28,6.29,6.28,6.29,1256.15,7896.86486
1666085400000,2022-10-18T09:30:00Z,6.29,6.29,6.26,6.26,1176.614,7374.43583
1666085700000,2022-10-18T09:35:00Z,6.26,6.26,6.25,6.25,1731.423,10836.34505
1666086000000,2022-10-18T09:40:00Z,6.25,6.25,6.23,6.24,2057.86,12843.62207
1666086300000,2022-10-18T09:45:00Z,6.24,6.25,6.24,6.25,1409.25,8803.02278
1666086600000,2022-10-18T09:50:00Z,6.25,6.26,6.25,6.26,2412.661,15095.09577
1666086900000,2022-10-18T09:55:00Z,6.26,6.26,6.26,6.26,985.641,6170.11266
1666087200000,2022-10-18T10:00:00Z,6.26,6.27,6.26,6.27,644.101,4032.07615
1666087500000,2022-10-18T10:05:00Z,6.27,6.27,6.26,6.26,442.305,2768.94094
1666087800000,2022-10-18T10:10:00Z,6.26,6.26,6.25,6.26,348.475,2181.44961
1666088100000,2022-10-18T10:15:00Z,6.26,6.26,6.26,6.26,1216.295,7614.0067
1666088400000,2022-10-18T10:20:00Z,6.26,6.27,6.26,6.27,904.726,5671.58202
1666088700000,2022-10-18T10:25:00Z,6.27,6.28,6.27,6.27,2976.705,18672.14266
1666089000000,2022-10-18T10:30:00Z,6.27,6.27,6.26,6.27,670.386,4203.31633
1666089300000,2022-10-18T10:35:00Z,6.27,6.3,6.27,6.3,1640.179,10321.75397
1666089600000,2022-10-18T10:40:00Z,6.3,6.3,6.29,6.29,953.894,5999.99326
1666089900000,2022-10-18T10:45:00Z,6.29,6.29,6.28,6.28,707.449,4442.77972
1666090200000,2022-10-18T10:50:00Z,6.28,6.28,6.27,6.28,1494.905,9385.59441
1666090500000,2022-10-18T10:55:00Z,6.28,6.28,6.27,6.27,776.884,4878.82763
1666090800000,2022-10-18T11:00:00Z,6.27,6.29,6.27,6.29,522.014,3283.26028
1666091100000,2022-10-18T11:05:00Z,6.29,6.29,6.29,6.29,2115.068,13303.77772
1666091400000,2022-10-18T11:10:00Z,6.29,6.29,6.29,6.29,456.504,2871.41016
1666091700000,2022-10-18T11:15:00Z,6.29,6.29,6.29,6.29,1058.659,6658.96511
1666092000000,2022-10-18T11:20:00Z,6.29,6.3,6.29,6.3,2982.981,18792.7803
1666092300000,2022-10-18T11:25:00Z,6.3,6.3,6.3,6.3,2871.022,18087.4386
1666092600000,2022-10-18T11:30:00Z,6.3,6.31,6.3,6.31,1175.694,7418.58253
1666092900000,2022-10-18T11:35:00Z,6.31,6.32,6.31,6.31,1070.996,6758.06387
1666093200000,2022-10-18T11:40:00Z,6.31,6.32,6.31,6.32,1040.494,6575.92208
1666093500000,2022-10-18T11:45:00Z,6.32,6.32,6.31,6.32,282.862,1784.86311
1666093800000,2022-10-18T11:50:00Z,6.32,6.32,6.31,6.31,230.92,1457.1052
1666094100000,2022-10-18T11:55:00Z,6.31,6.31,6.3,6.3,378.46,2388.05201
1666094400000,2022-10-18T12:00:00Z,6.3,6.3,6.3,6.3,1418.73,8937.999
1666094700000,2022-10-18T12:05:00Z,6.3,6.32,6.3,6.32,253.833,1599.24568
1666095000000,2022-10-18T12:10:00Z,6.32,6.32,6.31,6.32,1805.746,11408.66351
1666095300000,2022-10-18T12:15:00Z,6.32,6.32,6.32,6.32,764.876,4834.01632
1666095600000,2022-10-18T12:20:00Z,6.32,6.33,6.32,6.32,1476.046,9342.03884
1666095900000,2022-10-18T12:25:00Z,6.32,6.32,6.32,6.32,864.183,5461.63656
1666096200000,2022-10-18T12:30:00Z,6.32,6.32,6.32,6.32,1945.77,12297.2664
1666096500000,2022-10-18T12:35:00Z,6.32,6.33,6.32,6.33,1030.325,6521.95725
1666096800000,2022-10-18T12:40:00Z,6.33,6.34,6.33,6.33,2419.873,15338.68631
1666097100000,2022-10-18T12:45:00Z,6.33,6.34,6.32,6.32,863.739,5469.50687
1666097400000,2022-10-18T12:50:00Z,6.32,6.33,6.32,6.33,2513.749,15912.03117
1666097700000,2022-10-18T12:55:00Z,6.33,6.34,6.33,6.34,184.098,1167.18132
1666098000000,2022-10-18T13:00:00Z,6.34,6.34,6.33,6.33,2472.387,15667.48046
1666098300000,2022-10-18T13:05:00Z,6.33,6.33,6.32,6.32,981.894,6212.48254
1666098600000,2022-10-18T13:10:00Z,6.32,6.32,6.31,6.31,461.516,2912.16985
1666098900000,2022-10-18T13:15:00Z,6.31,6.31,6.31,6.31,1910.68,12056.3908
1666099200000,2022-10-18T13:20:00Z,6.31,6.32,6.31,6.32,974.189,6153.85173
1666099500000,2022-10-18T13:25:00Z,6.32,6.33,6.32,6.33,2162.782,13690.41006
1666099800000,2022-10-18T13:30:00Z,6.33,6.35,6.33,6.33,3893.531,24690.14685
1666100100000,2022-10-18T13:35:00Z,6.33,6.33,6.31,6.31,1766.927,11182.39805
1666100400000,2022-10-18T13:40:00Z,6.31,6.31,6.28,6.3,6919.297,43571.41478
1666100700000,2022-10-18T13:45:00Z,6.3,6.3,6.29,6.3,1880.27,11832.68657
1666101000000,2022-10-18T13:50:00Z,6.3,6.3,6.26,6.26,2187.623,13758.19654
1666101300000,2022-10-18T13:55:00Z,6.26,6.28,6.26,6.27,1621.972,10172.1897
1666101600000,2022-10-18T14:00:00Z,6.27,6.29,6.27,6.28,2884.408,18094.51063
1666101900000,2022-10-18T14:05:00Z,6.28,6.29,6.28,6.29,4689.648,29467.88749
1666102200000,2022-10-18T14:10:00Z,6.29,6.29,6.28,6.29,1636.957,10296.43927
1666102500000,2022-10-18T14:15:00Z,6.29,6.29,6.26,6.26,6001.333,37670.63192
1666102800000,2022-10-18T14:20:00Z,6.26,6.26,6.22,6.23,5502.639,34330.9685
1666103100000,2022-10-18T14:25:00Z,6.23,6.24,6.23,6.24,1604.803,10013.97072
1666103400000,2022-10-18T14:30:00Z,6.24,6.24,6.22,6.24,1289.943,8036.2838
1666103700000,2022-10-18T14:35:00Z,6.24,6.24,6.23,6.23,3406.349,21234.23077
1666104000000,2022-10-18T14:40:00Z,6.23,6.28,6.23,6.28,2521.944,15799.74316
1666104300000,2022-10-18T14:45:00Z,6.28,6.3,6.28,6.3,2663.206,16758.58868
1666104600000,2022-10-18T14:50:00Z,6.3,6.3,6.29,6.29,1443.231,9077.92299
1666104900000,2022-10-18T14:55:00Z,6.29,6.29,6.27,6.27,1660.574,10425.07613
1666105200000,2022-10-18T15:00:00Z,6.27,6.29,6.26,6.29,2805.39,17623.30141
1666105500000,2022-10-18T15:05:00Z,6.29,6.29,6.27,6.27,1355.897,8515.00299
1666105800000,2022-10-18T15:10:00Z,6.27,6.28,6.26,6.26,1762.379,11045.5198
1666106100000,2022-10-18T15:15:00Z,6.26,6.26,6.26,6.26,1263.756,7911.11256
1666106400000,2022-10-18T15:20:00Z,6.26,6.27,6.26,6.27,1312.866,8227.19883
1666106700000,2022-10-18T15:25:00Z,6.27,6.29,6.27,6.29,2464.645,15483.39739
1666107000000,2022-10-18T15:30:00Z,6.29,6.3,6.29,6.3,2015.049,12679.4848
1666107300000,2022-10-18T15:35:00Z,6.3,6.3,6.29,6.29,1622.231,10212.189
1666107600000,2022-10-18T15:40:00Z,6.29,6.29,6.26,6.27,5215.216,32705.23225
1666107900000,2022-10-18T15:45:00Z,6.27,6.3,6.27,6.3,1592.667,9998.53791
1666108200000,2022-10-18T15:50:00Z,6.3,6.31,6.29,6.31,2976.287,18748.6612
1666108500000,2022-10-18T15:55:00Z,6.31,6.32,6.31,6.32,1052.984,6644.35848
1666108800000,2022-10-18T16:00:00Z,6.32,6.32,6.31,6.31,2624.811,16580.67919
1666109100000,2022-10-18T16:05:00Z,6.31,6.32,6.29,6.32,2757.64,17375.57455
1666109400000,2022-10-18T16:10:00Z,6.32,6.36,6.32,6.36,4623.451,29313.93984
1666109700000,2022-10-18T16:15:00Z,6.36,6.37,6.35,6.37,1948.769,12389.56558
1666110000000,2022-10-18T16:20:00Z,6.37,6.37,6.36,6.36,3719.405,23659.1197
1666110300000,2022-10-18T16:25:00Z,6.36,6.36,6.34,6.34,1310.675,8313.97259
1666110600000,2022-10-18T16:30:00Z,6.34,6.36,6.34,6.36,2665.655,16920.2323
1666110900000,2022-10-18T16:35:00Z,6.36,6.39,6.36,6.39,3662.174,23362.30338
1666111200000,2022-10-18T16:40:00Z,6.39,6.4,6.39,6.39,7091.476,45347.06531
1666111500000,2022-10-18T16:45:00Z,6.39,6.4,6.38,6.4,3282.434,20971.85947
1666111800000,2022-10-18T16:50:00Z,6.4,6.44,6.4,6.44,4297.126,27598.61206
1666112100000,2022-10-18T16:55:00Z,6.44,6.45,6.42,6.43,4392.37,28279.7041
1666112400000,2022-10-18T17:00:00Z,6.43,6.44,6.42,6.42,2773.398,17834.57568
1666112700000,2022-10-18T17:05:00Z,6.42,6.46,6.42,6.44,3144.093,20271.63226
1666113000000,2022-10-18T17:10:00Z,6.44,6.47,6.44,6.45,4929.842,31833.68257
1666113300000,2022-10-18T17:15:00Z,6.45,6.46,6.45,6.46,704.537,4548.27839
1666113600000,2022-10-18T17:20:00Z,6.46,6.48,6.44,6.45,4338.691,28024.90974
1666113900000,2022-10-18T17:25:00Z,6.45,6.48,6.45,6.47,3567.435,23083.29499
1666114200000,2022-10-18T17:30:00Z,6.47,6.51,6.45,6.5,9473.334,61359.1102
1666114500000,2022-10-18T17:35:00Z,6.5,6.51,6.48,6.51,3180.887,20638.95073
1666114800000,2022-10-18T17:40:00Z,6.51,6.51,6.49,6.49,1583.532,10289.67132
1666115100000,2022-10-18T17:45:00Z,6.49,6.49,6.48,6.49,2048.166,13280.99849
1666115400000,2022-10-18T17:50:00Z,6.49,6.51,6.49,6.51,4553.872,29630.98736
1666115700000,2022-10-18T17:55:00Z,6.51,6.51,6.5,6.51,1000.405,6510.96449
1666116000000,2022-10-18T18:00:00Z,6.51,6.52,6.51,6.51,2156.715,14058.30459
1666116300000,2022-10-18T18:05:00Z,6.51,6.53,6.5,6.53,3586.65,23381.61616
1666116600000,2022-10-18T18:10:00Z,6.53,6.57,6.52,6.56,2364.854,15487.62511
1666116900000,2022-10-18T18:15:00Z,6.56,6.57,6.56,6.56,3471.73,22804.89061
1666117200000,2022-10-18T18:20:00Z,6.56,6.56,6.54,6.55,1540.114,10087.66823
1666117500000,2022-10-18T18:25:00Z,6.55,6.57,6.55,6.56,1047.043,6871.94644
1666117800000,2022-10-18T18:30:00Z,6.56,6.56,6.53,6.53,2502.341,16362.79856
1666118100000,2022-10-18T18:35:00Z,6.53,6.54,6.49,6.49,9609.126,62594.05493
1666118400000,2022-10-18T18:40:00Z,6.49,6.49,6.45,6.45,3416.172,22106.78082
1666118700000,2022-10-18T18:45:00Z,6.45,6.47,6.44,6.47,4207.071,27171.78204
1666119000000,2022-10-18T18:50:00Z,6.47,6.49,6.46,6.48,6657.942,43128.17038
1666119300000,2022-10-18T18:55:00Z,6.48,6.5,6.47,6.5,3622.646,23506.68991
1666119600000,2022-10-18T19:00:00Z,6.5,6.5,6.47,6.49,4529.56,29394.03775
1666119900000,2022-10-18T19:05:00Z,6.49,6.49,6.48,6.48,2241.5,14538.12856
1666120200000,2022-10-18T19:10:00Z,6.48,6.48,6.47,6.47,1936.767,12535.47067
1666120500000,2022-10-18T19:15:00Z,6.47,6.48,6.45,6.48,3396.66,21956.83921
1666120800000,2022-10-18T19:20:00Z,6.48,6.48,6.45,6.46,4836.255,31242.2343
1666121100000,2022-10-18T19:25:00Z,6.46,6.46,6.45,6.46,1479.058,9545.36739
1666121400000,2022-10-18T19:30:00Z,6.46,6.53,6.46,6.52,1214.833,7900.63958
1666121700000,2022-10-18T19:35:00Z,6.52,6.53,6.51,6.52,1666.085,10848.84478
1666122000000,2022-10-18T19:40:00Z,6.52,6.54,6.51,6.54,2960.789,19329.74568
1666122300000,2022-10-18T19:45:00Z,6.54,6.56,6.54,6.56,2033.098,13308.6805
1666122600000,2022-10-18T19:50:00Z,6.56,6.59,6.56,6.58,4532.721,29789.58395
1666122900000,2022-10-18T19:55:00Z,6.58,6.58,6.56,6.57,1757.042,11542.01251
1666123200000,2022-10-18T20:00:00Z,6.57,6.61,6.57,6.6,7049.132,46505.53471
1666123500000,2022-10-18T20:05:00Z,6.6,6.6,6.58,6.59,2893.899,19065.94821
1666123800000,2022-10-18T20:10:00Z,6.59,6.6,6.59,6.6,879.814,5801.92221
1666124100000,2022-10-18T20:15:00Z,6.6,6.61,6.59,6.6,2585.693,17054.86404
1666124400000,2022-10-18T20:20:00Z,6.6,6.61,6.6,6.6,1483.569,9793.08888
1666124700000,2022-10-18T20:25:00Z,6.6,6.61,6.59,6.61,1916.375,12641.55014
1666125000000,2022-10-18T20:30:00Z,6.61,6.61,6.61,6.61,1281.572,8471.19092
1666125300000,2022-10-18T20:35:00Z,6.61,6.61,6.6,6.61,885.205,5849.56777
1666125600000,2022-10-18T20:40:00Z,6.61,6.65,6.61,6.63,5156.291,34216.25888
1666125900000,2022-10-18T20:45:00Z,6.63,6.66,6.63,6.63,4816.535,32022.32853
1666126200000,2022-10-18T20:50:00Z,6.63,6.63,6.61,6.62,1954.187,12938.86108
1666126500000,2022-10-18T20:55:00Z,6.62,6.63,6.61,6.61,696.83,4608.49593
1666126800000,2022-10-18T21:00:00Z,6.61,6.62,6.6,6.6,964.142,6369.72781
1666127100000,2022-10-18T21:05:00Z,6.6,6.61,6.6,6.6,2422.291,16005.59072
1666127400000,2022-10-18T21:10:00Z,6.6,6.62,6.6,6.61,1371.43,9056.44299
1666127700000,2022-10-18T21:15:00Z,6.61,6.61,6.6,6.61,3259.865,21544.78765
1666128000000,2022-10-18T21:20:00Z,6.61,6.61,6.58,6.59,217.669,1435.47248
1666128300000,2022-10-18T21:25:00Z,6.59,6.59,6.57,6.59,410.563,2703.93052
1666128600000,2022-10-18T21:30:00Z,6.59,6.59,6.58,6.58,116.411,767.1446
1666128900000,2022-10-18T21:35:00Z,6.58,6.58,6.57,6.57,19.759,129.81663
1666129200000,2022-10-18T21:40:00Z,6.57,6.57,6.56,6.57,3.851,25.29718
1666129500000,2022-10-18T21:45:00Z,6.57,6.57,6.56,6.56,11.851,77.74256
1666129800000,2022-10-18T21:50:00Z,6.56,6.57,6.56,6.57,0.778,5.11146
1666130100000,2022-10-18T21:55:00Z,6.57,6.57,6.55,6.56,226.168,1482.8968
1666130400000,2022-10-18T22:00:00Z,6.56,6.58,6.55,6.58,565.46,3711.87107
1666130700000,2022-10-18T22:05:00Z,6.58,6.58,6.57,6.57,2479.23,16313.21123
1666131000000,2022-10-18T22:10:00Z,6.57,6.57,6.57,6.57,64.98,426.9186
1666131300000,2022-10-18T22:15:00Z,6.57,6.58,6.56,6.58,339.528,2233.33862
1666131600000,2022-10-18T22:20:00Z,6.58,6.58,6.58,6.58,776.9,5112.002
1666131900000,2022-10-18T22:25:00Z,6.58,6.58,6.58,6.58,115.171,757.82518
1666132200000,2022-10-18T22:30:00Z,6.58,6.59,6.58,6.59,367.833,2424.01947
1666132500000,2022-10-18T22:35:00Z,6.59,6.59,6.59,6.59,27.326,180.07834
1666132800000,2022-10-18T22:40:00Z,6.59,6.59,6.57,6.58,277.483,1825.83425
1666133100000,2022-10-18T22:45:00Z,6.58,6.58,6.58,6.58,206.188,1356.71704
1666133400000,2022-10-18T22:50:00Z,6.58,6.61,6.58,6.6,483.668,3194.90922
1666133700000,2022-10-18T22:55:00Z,6.6,6.6,6.6,6.6,0.389,2.5674
1666134000000,2022-10-18T23:00:00Z,6.6,6.6,6.58,6.58,2111.181,13916.45854
1666134300000,2022-10-18T23:05:00Z,6.58,6.6,6.57,6.59,4701.842,30921.13361
1666134600000,2022-10-18T23:10:00Z,6.59,6.59,6.57,6.59,2180.315,14350.56928
1666134900000,2022-10-18T23:15:00Z,6.59,6.59,6.59,6.59,822.289,5418.88451
1666135200000,2022-10-18T23:20:00Z,6.59,6.59,6.57,6.57,2135.265,14049.41111
1666135500000,2022-10-18T23:25:00Z,6.57,6.57,6.56,6.56,370.464,2433.94459
1666135800000,2022-10-18T23:30:00Z,6.56,6.58,6.56,6.58,1488.776,9769.14736
1666136100000,2022-10-18T23:35:00Z,6.58,6.58,6.55,6.56,2670.478,17528.78875
1666136400000,2022-10-18T23:40:00Z,6.56,6.56,6.54,6.54,3307.64,21676.19836
1666136700000,2022-10-18T23:45:00Z,6.54,6.55,6.54,6.55,539.786,3535.5983
1666137000000,2022-10-18T23:50:00Z,6.55,6.55,6.55,6.55,301.933,1977.66115
1666137300000,2022-10-18T23:55:00Z,6.55,6.55,6.53,6.53,941.55,6151.63503
1666137600000,2022-10-19T00:00:00Z,6.53,6.6,6.53,6.6,5444.632,35749.69885
1666137900000,2022-10-19T00:05:00Z,6.6,6.6,6.57,6.57,4190.358,27589.37928
1666138200000,2022-10-19T00:10:00Z,6.57,6.57,6.57,6.57,2342.379,15389.43003
1666138500000,2022-10-19T00:15:00Z,6.57,6.57,6.55,6.57,2149.993,14099.29379
1666138800000,2022-10-19T00:20:00Z,6.57,6.58,6.57,6.58,1060.869,6970.19384
1666139100000,2022-10-19T00:25:00Z,6.58,6.59,6.58,6.59,814.594,5361.33198
1666139400000,2022-10-19T00:30:00Z,6.59,6.59,6.58,6.59,458.751,3023.13971
1666139700000,2022-10-19T00:35:00Z,6.59,6.6,6.57,6.57,3114.479,20491.39207
1666140000000,2022-10-19T00:40:00Z,6.57,6.57,6.56,6.56,1379.64,9053.13207
1666140300000,2022-10-19T00:45:00Z,6.56,6.57,6.54,6.54,2734.784,17915.94765
1666140600000,2022-10-19T00:50:00Z,6.54,6.54,6.53,6.53,1135.617,7417.37647
1666140900000,2022-10-19T00:55:00Z,6.53,6.54,6.52,6.52,3354.457,21889.97009
1666141200000,2022-10-19T01:00:00Z,6.52,6.53,6.52,6.52,1715.388,11196.28352
1666141500000,2022-10-19T01:05:00Z,6.52,6.54,6.51,6.54,1472.046,9605.83008
1666141800000,2022-10-19T01:10:00Z,6.54,6.55,6.54,6.55,1122.721,7353.48384
1666142100000,2022-10-19T01:15:00Z,6.55,6.55,6.54,6.55,474.533,3108.16159
1666142400000,2022-10-19T01:20:00Z,6.55,6.55,6.53,6.53,1872.66,12233.59033
1666142700000,2022-10-19T01:25:00Z,6.53,6.53,6.52,6.53,1947.857,12714.33081
1666143000000,2022-10-19T01:30:00Z,6.53,6.54,6.53,6.54,1547.002,10117.39308
1666143300000,2022-10-19T01:35:00Z,6.54,6.55,6.53,6.55,1894.928,12407.0599
1666143600000,2022-10-19T01:40:00Z,6.55,6.57,6.55,6.56,2077.389,13627.89894
1666143900000,2022-10-19T01:45:00Z,6.56,6.56,6.54,6.54,670.54,4389.44871
1666144200000,2022-10-19T01:50:00Z,6.54,6.54,6.53,6.53,1322.612,8640.767
1666144500000,2022-10-19T01:55:00Z,6.53,6.53,6.52,6.52,0.389,2.53628
1666144800000,2022-10-19T02:00:00Z,6.52,6.53,6.51,6.51,1679.846,10948.13329
1666145100000,2022-10-19T02:05:00Z,6.51,6.51,6.5,6.5,4350.948,28281.162
1666145400000,2022-10-19T02:10:00Z,6.5,6.5,6.49,6.5,2439.303,15831.90951
1666145700000,2022-10-19T02:15:00Z,6.5,6.5,6.49,6.5,1546.915,10054.39487
1666146000000,2022-10-19T02:20:00Z,6.5,6.5,6.47,6.48,1402.007,9086.98989
1666146300000,2022-10-19T02:25:00Z,6.48,6.49,6.48,6.48,1292.39,8378.73365
1666146600000,2022-10-19T02:30:00Z,6.48,6.48,6.46,6.46,4678.953,30277.38049
1666146900000,2022-10-19T02:35:00Z,6.46,6.47,6.46,6.47,491.679,3177.11356
1666147200000,2022-10-19T02:40:00Z,6.47,6.47,6.46,6.47,271.872,1759.00795
1666147500000,2022-10-19T02:45:00Z,6.47,6.48,6.47,6.48,2007.555,13000.86077
1666147800000,2022-10-19T02:50:00Z,6.48,6.49,6.48,6.49,1314.753,8521.61115
1666148100000,2022-10-19T02:55:00Z,6.49,6.49,6.48,6.49,1516.871,9830.08456
1666148400000,2022-10-19T03:00:00Z,6.49,6.49,6.49,6.49,102.227,663.45323
1666148700000,2022-10-19T03:05:00Z,6.49,6.49,6.49,6.49,170.023,1103.44927
1666149000000,2022-10-19T03:10:00Z,6.49,6.49,6.49,6.49,348.782,2263.59518
1666149300000,2022-10-19T03:15:00Z,6.49,6.49,6.47,6.49,2399.099,15550.95896
1666149600000,2022-10-19T03:20:00Z,6.49,6.5,6.49,6.49,1381.757,8972.26891
1666149900000,2022-10-19T03:25:00Z,6.49,6.49,6.48,6.49,883.149,5730.52988
1666150200000,2022-10-19T03:30:00Z,6.49,6.49,6.48,6.49,423.548,2747.82652
1666150500000,2022-10-19T03:35:00Z,6.49,6.49,6.49,6.49,214.926,1394.86974
1666150800000,2022-10-19T03:40:00Z,6.49,6.49,6.49,6.49,505.72,3282.1228
1666151100000,2022-10-19T03:45:00Z,6.49,6.5,6.49,6.49,858.211,5576.01663
1666151400000,2022-10-19T03:50:00Z,6.49,6.49,6.48,6.48,234.869,1524.29592
1666151700000,2022-10-19T03:55:00Z,6.48,6.49,6.47,6.47,302.71,1960.85419
1666152000000,2022-10-19T04:00:00Z,6.47,6.48,6.47,6.48,401.512,2600.70707
1666152300000,2022-10-19T04:05:00Z,6.48,6.48,6.47,6.47,751.978,4865.29766
1666152600000,2022-10-19T04:10:00Z,6.47,6.47,6.45,6.45,930.701,6005.98643
1666152900000,2022-10-19T04:15:00Z,6.45,6.47,6.45,6.47,515.332,3324.41404
1666153200000,2022-10-19T04:20:00Z,6.47,6.48,6.47,6.47,1693.828,10968.5882
1666153500000,2022-10-19T04:25:00Z,6.47,6.47,6.46,6.46,638.388,4123.98648
1666153800000,2022-10-19T04:30:00Z,6.46,6.46,6.46,6.46,234.538,1515.11548
1666154100000,2022-10-19T04:35:00Z,6.46,6.46,6.44,6.44,1790.952,11551.03397
1666154400000,2022-10-19T04:40:00Z,6.44,6.45,6.44,6.45,1424.056,9185.1612
1666154700000,2022-10-19T04:45:00Z,6.45,6.46,6.45,6.46,1024.005,6605.8967
1666155000000,2022-10-19T04:50:00Z,6.46,6.46,6.45,6.45,917.849,5920.12605
1666155300000,2022-10-19T04:55:00Z,6.45,6.45,6.45,6.45,525.632,3390.3264
1666155600000,2022-10-19T05:00:00Z,6.45,6.47,6.45,6.47,2413.188,15597.14076
1666155900000,2022-10-19T05:05:00Z,6.47,6.47,6.47,6.47,2256.957,14602.51179
1666156200000,2022-10-19T05:10:00Z,6.47,6.49,6.47,6.48,2398.008,15528.75569
1666156500000,2022-10-19T05:15:00Z,6.48,6.48,6.48,6.48,644.731,4177.85688
1666156800000,2022-10-19T05:20:00Z,6.48,6.48,6.48,6.48,801.714,5195.10672
1666157100000,2022-10-19T05:25:00Z,6.48,6.49,6.48,6.48,2249.195,14574.78749
1666157400000,2022-10-19T05:30:00Z,6.48,6.48,6.47,6.47,592.504,3839.16772
1666157700000,2022-10-19T05:35:00Z,6.47,6.47,6.47,6.47,1468.085,9498.50995
1666158000000,2022-10-19T05:40:00Z,6.47,6.47,6.46,6.46,1461.987,9448.46511
1666158300000,2022-10-19T05:45:00Z,6.46,6.46,6.46,6.46,2474.038,15982.28548
1666158600000,2022-10-19T05:50:00Z,6.46,6.47,6.46,6.47,855.412,5532.8234
1666158900000,2022-10-19T05:55:00Z,6.47,6.48,6.45,6.45,2177.19,14065.45968
1666159200000,2022-10-19T06:00:00Z,6.45,6.45,6.44,6.44,465.143,2995.52092
1666159500000,2022-10-19T06:05:00Z,6.44,6.44,6.43,6.43,1816.257,11686.71642
1666159800000,2022-10-19T06:10:00Z,6.43,6.45,6.43,6.45,1083.175,6983.67871
1666160100000,2022-10-19T06:15:00Z,6.45,6.46,6.45,6.46,481.583,3111.02618
1666160400000,2022-10-19T06:20:00Z,6.46,6.48,6.46,6.46,5297.321,34295.54536
1666160700000,2022-10-19T06:25:00Z,6.46,6.46,6.43,6.43,1791.385,11529.11947
1666161000000,2022-10-19T06:30:00Z,6.43,6.44,6.41,6.42,1774.705,11402.73683
1666161300000,2022-10-19T06:35:00Z,6.42,6.44,6.42,6.42,1387.181,8914.50043
1666161600000,2022-10-19T06:40:00Z,6.42,6.42,6.39,6.41,2909.302,18632.8376
1666161900000,2022-10-19T06:45:00Z,6.41,6.42,6.41,6.42,1064.22,6822.66561
1666162200000,2022-10-19T06:50:00Z,6.42,6.42,6.42,6.42,1304.819,8376.93798
1666162500000,2022-10-19T06:55:00Z,6.42,6.42,6.41,6.41,606.292,3889.06972
1666162800000,2022-10-19T07:00:00Z,6.41,6.41,6.4,6.4,1099.897,7047.85615
1666163100000,2022-10-19T07:05:00Z,6.4,6.4,6.39,6.4,1966.34,12583.00597
1666163400000,2022-10-19T07:10:00Z,6.4,6.41,6.4,6.41,552.01,3537.50186
1666163700000,2022-10-19T07:15:00Z,6.41,6.43,6.41,6.43,669.884,4299.67072
1666164000000,2022-10-19T07:20:00Z,6.43,6.43,6.43,6.43,881.199,5666.10957
1666164300000,2022-10-19T07:25:00Z,6.43,6.43,6.42,6.43,1209.798,7769.20054
1666164600000,2022-10-19T07:30:00Z,6.43,6.43,6.41,6.41,458.119,2940.07824
1666164900000,2022-10-19T07:35:00Z,6.41,6.42,6.4,6.42,1173.015,7521.61448
1666165200000,2022-10-19T07:40:00Z,6.42,6.44,6.42,6.44,221.214,1423.57315
1666165500000,2022-10-19T07:45:00Z,6.44,6.44,6.42,6.43,1942.505,12487.53845
1666165800000,2022-10-19T07:50:00Z,6.43,6.47,6.43,6.47,1408.28,9089.76601
1666166100000,2022-10-19T07:55:00Z,6.47,6.47,6.46,6.47,1045.427,6758.43037
1666166400000,2022-10-19T08:00:00Z,6.47,6.48,6.45,6.48,2509.04,16234.01294
1666166700000,2022-10-19T08:05:00Z,6.48,6.48,6.45,6.45,2522.067,16300.08341
1666167000000,2022-10-19T08:10:00Z,6.45,6.45,6.43,6.43,675.966,4351.79243
1666167300000,2022-10-19T08:15:00Z,6.43,6.43,6.4,6.4,2264.919,14534.19748
1666167600000,2022-10-19T08:20:00Z,6.4,6.4,6.39,6.4,1680.235,10746.47686
1666167900000,2022-10-19T08:25:00Z,6.4,6.41,6.39,6.4,1214.15,7772.71319
1666168200000,2022-10-19T08:30:00Z,6.4,6.42,6.4,6.42,1544.912,9902.81944
1666168500000,2022-10-19T08:35:00Z,6.42,6.47,6.42,6.44,10073.95,64972.35988
1666168800000,2022-10-19T08:40:00Z,6.44,6.49,6.44,6.48,5627.546,36462.06672
1666169100000,2022-10-19T08:45:00Z,6.48,6.48,6.48,6.48,693.772,4495.64256
1666169400000,2022-10-19T08:50:00Z,6.48,6.53,6.48,6.53,3853.282,25068.88038
1666169700000,2022-10-19T08:55:00Z,6.53,6.56,6.51,6.51,6212.348,40599.26812
1666170000000,2022-10-19T09:00:00Z,6.51,6.54,6.51,6.52,2420.884,15796.58478
1666170300000,2022-10-19T09:05:00Z,6.52,6.54,6.52,6.54,1701.186,11123.84599
1666170600000,2022-10-19T09:10:00Z,6.54,6.54,6.53,6.54,1812.676,11854.62646
1666170900000,2022-10-19T09:15:00Z,6.54,6.55,6.52,6.52,1872.943,12231.01622
1666171200000,2022-10-19T09:20:00Z,6.52,6.52,6.51,6.52,1111.769,7238.46688
1666171500000,2022-10-19T09:25:00Z,6.52,6.52,6.5,6.51,2011.29,13088.04967
1666171800000,2022-10-19T09:30:00Z,6.51,6.53,6.51,6.52,255.877,1670.14033
1666172100000,2022-10-19T09:35:00Z,6.52,6.54,6.52,6.54,953.996,6233.13196
1666172400000,2022-10-19T09:40:00Z,6.54,6.54,6.53,6.53,891.081,5826.40076
1666172700000,2022-10-19T09:45:00Z,6.53,6.53,6.52,6.52,987.712,6441.21269
1666173000000,2022-10-19T09:50:00Z,6.52,6.53,6.52,6.53,2357.355,15393.52815
1666173300000,2022-10-19T09:55:00Z,6.53,6.54,6.53,6.53,909.753,5942.93863
1666173600000,2022-10-19T10:00:00Z,6.53,6.53,6.52,6.52,1123.005,7325.6484
1666173900000,2022-10-19T10:05:00Z,6.52,6.52,6.51,6.52,461.118,3004.52584
1666174200000,2022-10-19T10:10:00Z,6.52,6.52,6.51,6.51,158.51,1031.9001
1666174500000,2022-10-19T10:15:00Z,6.51,6.51,6.5,6.51,1489.732,9692.30511
1666174800000,2022-10-19T10:20:00Z,6.51,6.51,6.51,6.51,445.111,2897.67261
1666175100000,2022-10-19T10:25:00Z,6.51,6.51,6.51,6.51,482.429,3140.61279
1666175400000,2022-10-19T10:30:00Z,6.51,6.51,6.5,6.51,120.689,785.6815
1666175700000,2022-10-19T10:35:00Z,6.51,6.54,6.51,6.52,1854.839,12101.46042
1666176000000,2022-10-19T10:40:00Z,6.52,6.53,6.51,6.51,873.119,5691.63355
1666176300000,2022-10-19T10:45:00Z,6.51,6.52,6.5,6.52,918.086,5978.11688
1666176600000,2022-10-19T10:50:00Z,6.52,6.53,6.52,6.52,1220.991,7969.86472
1666176900000,2022-10-19T10:55:00Z,6.52,6.52,6.51,6.52,957.881,6241.78608
1666177200000,2022-10-19T11:00:00Z,6.52,6.53,6.52,6.52,1428.874,9316.28757
1666177500000,2022-10-19T11:05:00Z,6.52,6.52,6.51,6.51,102.688,669.49888
1666177800000,2022-10-19T11:10:00Z,6.51,6.52,6.47,6.47,3849.853,24956.3512
1666178100000,2022-10-19T11:15:00Z,6.47,6.49,6.45,6.45,4600.911,29758.02771
1666178400000,2022-10-19T11:20:00Z,6.45,6.48,6.45,6.48,1822.873,11780.50781
1666178700000,2022-10-19T11:25:00Z,6.48,6.48,6.46,6.46,1878.549,12148.45908
1666179000000,2022-10-19T11:30:00Z,6.46,6.46,6.45,6.46,3601.953,23248.6469
1666179300000,2022-10-19T11:35:00Z,6.46,6.48,6.46,6.48,668.368,4330.47698
1666179600000,2022-10-19T11:40:00Z,6.48,6.48,6.47,6.48,1613.91,10447.10676
1666179900000,2022-10-19T11:45:00Z,6.48,6.48,6.48,6.48,1864.088,12079.29024
1666180200000,2022-10-19T11:50:00Z,6.48,6.48,6.46,6.47,1304.057,8439.58997
1666180500000,2022-10-19T11:55:00Z,6.47,6.49,6.47,6.49,657.701,4262.16349
1666180800000,2022-10-19T12:00:00Z,6.49,6.49,6.46,6.46,3236.96,20929.96174
1666181100000,2022-10-19T12:05:00Z,6.46,6.46,6.43,6.43,6973.559,44925.42063
1666181400000,2022-10-19T12:10:00Z,6.43,6.46,6.43,6.46,4697.575,30268.3773
1666181700000,2022-10-19T12:15:00Z,6.46,6.46,6.46,6.46,2248.394,14524.62524
1666182000000,2022-10-19T12:20:00Z,6.46,6.46,6.45,6.45,284.079,1832.30955
1666182300000,2022-10-19T12:25:00Z,6.45,6.45,6.43,6.44,2383.309,15357.85105
1666182600000,2022-10-19T12:30:00Z,6.44,6.44,6.42,6.43,1469.137,9438.0922
1666182900000,2022-10-19T12:35:00Z,6.43,6.44,6.43,6.44,225.838,1454.39672
1666183200000,2022-10-19T12:40:00Z,6.44,6.45,6.44,6.44,2398.588,15460.85719
1666183500000,2022-10-19T12:45:00Z,6.44,6.45,6.44,6.45,1106.151,7134.67395
1666183800000,2022-10-19T12:50:00Z,6.45,6.46,6.45,6.46,617.824,3991.13915
1666184100000,2022-10-19T12:55:00Z,6.46,6.46,6.46,6.46,1081.924,6989.22904
1666184400000,2022-10-19T13:00:00Z,6.46,6.46,6.45,6.45,1067.53,6894.38125
1666184700000,2022-10-19T13:05:00Z,6.45,6.46,6.43,6.43,2567.085,16538.08419
1666185000000,2022-10-19T13:10:00Z,6.43,6.43,6.43,6.43,672.865,4326.52195
1666185300000,2022-10-19T13:15:00Z,6.43,6.45,6.43,6.45,1122.293,7229.72887
1666185600000,2022-10-19T13:20:00Z,6.45,6.47,6.45,6.47,2244.836,14504.81943
1666185900000,2022-10-19T13:25:00Z,6.47,6.47,6.47,6.47,1216.71,7872.1137
1666186200000,2022-10-19T13:30:00Z,6.47,6.51,6.47,6.51,3396.929,22008.44185
1666186500000,2022-10-19T13:35:00Z,6.51,6.52,6.5,6.51,5059.57,32963.45331
1666186800000,2022-10-19T13:40:00Z,6.51,6.52,6.45,6.47,8563.908,55475.84846
1666187100000,2022-10-19T13:45:00Z,6.47,6.48,6.45,6.45,2530.067,16354.19469
1666187400000,2022-10-19T13:50:00Z,6.45,6.49,6.45,6.49,1861.618,12057.21186
1666187700000,2022-10-19T13:55:00Z,6.49,6.49,6.46,6.47,3324.506,21540.38964
1666188000000,2022-10-19T14:00:00Z,6.47,6.49,6.47,6.49,1885.542,12220.71204
1666188300000,2022-10-19T14:05:00Z,6.49,6.52,6.49,6.51,3219.123,20959.21132
1666188600000,2022-10-19T14:10:00Z,6.51,6.55,6.51,6.55,3846.838,25150.0574
1666188900000,2022-10-19T14:15:00Z,6.55,6.57,6.54,6.55,3614.139,23702.89916
1666189200000,2022-10-19T14:20:00Z,6.55,6.58,6.55,6.57,6996.809,45995.68912
1666189500000,2022-10-19T14:25:00Z,6.57,6.6,6.57,6.6,4689.888,30883.41562
1666189800000,2022-10-19T14:30:00Z,6.6,6.6,6.58,6.58,3618.849,23836.36875
1666190100000,2022-10-19T14:35:00Z,6.58,6.6,6.58,6.6,4099.121,27022.06785
1666190400000,2022-10-19T14:40:00Z,6.6,6.6,6.59,6.6,4468.17,29475.17829
1666190700000,2022-10-19T14:45:00Z,6.6,6.65,6.6,6.63,7696.369,50962.30248
1666191000000,2022-10-19T14:50:00Z,6.63,6.67,6.63,6.63,7349.985,48851.92623
1666191300000,2022-10-19T14:55:00Z,6.63,6.63,6.61,6.62,5048.308,33423.40829
1666191600000,2022-10-19T15:00:00Z,6.62,6.64,6.61,6.64,5349.482,35444.71443
1666191900000,2022-10-19T15:05:00Z,6.64,6.68,6.64,6.67,6505.038,43333.97077
1666192200000,2022-10-19T15:10:00Z,6.67,6.71,6.67,6.71,5661.116,37920.30462
1666192500000,2022-10-19T15:15:00Z,6.71,6.75,6.69,6.75,9095.621,61159.34404
1666192800000,2022-10-19T15:20:00Z,6.75,6.77,6.72,6.72,6381.503,43093.50989
1666193100000,2022-10-19T15:25:00Z,6.72,6.75,6.72,6.72,4559.361,30682.49178
1666193400000,2022-10-19T15:30:00Z,6.72,6.73,6.7,6.71,20051.674,134469.84617
1666193700000,2022-10-19T15:35:00Z,6.71,6.71,6.67,6.67,6183.405,41314.47269
1666194000000,2022-10-19T15:40:00Z,6.67,6.7,6.66,6.7,3277.347,21918.78191
1666194300000,2022-10-19T15:45:00Z,6.7,6.7,6.64,6.64,4735.294,31554.22942
1666194600000,2022-10-19T15:50:00Z,6.64,6.71,6.64,6.71,4212.411,28172.78301
1666194900000,2022-10-19T15:55:00Z,6.71,6.71,6.66,6.67,5344.952,35686.71004
1666195200000,2022-10-19T16:00:00Z,6.67,6.7,6.65,6.69,5440.206,36292.23277
1666195500000,2022-10-19T16:05:00Z,6.69,6.7,6.67,6.67,3356.549,22458.18958
1666195800000,2022-10-19T16:10:00Z,6.67,6.69,6.67,6.69,2978.108,19887.71997
1666196100000,2022-10-19T16:15:00Z,6.69,6.71,6.69,6.7,6749.953,45210.30489
1666196400000,2022-10-19T16:20:00Z,6.7,6.71,6.69,6.69,3677.975,24634.32395
1666196700000,2022-10-19T16:25:00Z,6.69,6.71,6.69,6.7,8350.783,55984.95002
1666197000000,2022-10-19T16:30:00Z,6.7,6.72,6.7,6.7,3880.042,26051.02591
1666197300000,2022-10-19T16:35:00Z,6.7,6.7,6.66,6.68,8105.582,54132.49291
1666197600000,2022-10-19T16:40:00Z,6.68,6.7,6.66,6.66,5342.284,35637.85814
1666197900000,2022-10-19T16:45:00Z,6.66,6.66,6.64,6.65,2495.051,16601.6959
1666198200000,2022-10-19T16:50:00Z,6.65,6.69,6.65,6.69,2936.834,19616.39595
1666198500000,2022-10-19T16:55:00Z,6.69,6.69,6.68,6.69,2181.524,14574.04624
1666198800000,2022-10-19T17:00:00Z,6.69,6.7,6.65,6.66,4975.077,33212.48546
1666199100000,2022-10-19T17:05:00Z,6.66,6.69,6.65,6.69,4699.655,31364.83768
1666199400000,2022-10-19T17:10:00Z,6.69,6.69,6.66,6.67,3053.377,20362.13558
1666199700000,2022-10-19T17:15:00Z,6.67,6.7,6.67,6.7,2894.3,19324.13519
1666200000000,2022-10-19T17:20:00Z,6.7,6.72,6.7,6.7,3816.791,25615.49664
1666200300000,2022-10-19T17:25:00Z,6.7,6.71,6.69,6.71,2217.604,14854.19752
1666200600000,2022-10-19T17:30:00Z,6.71,6.71,6.7,6.71,577.606,3872.08292
1666200900000,2022-10-19T17:35:00Z,6.71,6.74,6.71,6.72,2684.489,18065.98747
1666201200000,2022-10-19T17:40:00Z,6.72,6.72,6.72,6.72,1043.937,7015.25664
1666201500000,2022-10-19T17:45:00Z,6.72,6.72,6.71,6.72,4712.741,31640.60726
1666201800000,2022-10-19T17:50:00Z,6.72,6.72,6.7,6.71,685.567,4599.89492
1666202100000,2022-10-19T17:55:00Z,6.71,6.71,6.7,6.7,216.673,1451.7091
1666202400000,2022-10-19T18:00:00Z,6.7,6.7,6.68,6.68,1864.797,12476.09627
1666202700000,2022-10-19T18:05:00Z,6.68,6.7,6.68,6.69,1933.842,12948.57457
1666203000000,2022-10-19T18:10:00Z,6.69,6.69,6.69,6.69,27.317,182.75073
1666203300000,2022-10-19T18:15:00Z,6.69,6.7,6.67,6.67,2809.671,18796.56234
1666203600000,2022-10-19T18:20:00Z,6.67,6.68,6.66,6.67,1172.13,7810.21097
1666203900000,2022-10-19T18:25:00Z,6.67,6.68,6.67,6.67,328.152,2191.21097
1666204200000,2022-10-19T18:30:00Z,6.67,6.68,6.67,6.68,999.984,6678.24663
1666204500000,2022-10-19T18:35:00Z,6.68,6.68,6.67,6.67,4493.307,29977.95984
1666204800000,2022-10-19T18:40:00Z,6.67,6.68,6.66,6.68,986.822,6577.69917
1666205100000,2022-10-19T18:45:00Z,6.68,6.71,6.67,6.71,7954.978,53311.00326
1666205400000,2022-10-19T18:50:00Z,6.71,6.71,6.67,6.68,4984.331,33299.00415
1666205700000,2022-10-19T18:55:00Z,6.68,6.68,6.65,6.67,6278.189,41845.71159
1666206000000,2022-10-19T19:00:00Z,6.67,6.68,6.67,6.68,1154.268,7706.833
1666206300000,2022-10-19T19:05:00Z,6.68,6.68,6.67,6.67,2807.918,18736.10019
1666206600000,2022-10-19T19:10:00Z,6.67,6.67,6.67,6.67,866.416,5778.99472
1666206900000,2022-10-19T19:15:00Z,6.67,6.68,6.67,6.68,1684.558,11246.88928
1666207200000,2022-10-19T19:20:00Z,6.68,6.68,6.67,6.67,2322.717,15515.22554
1666207500000,2022-10-19T19:25:00Z,6.67,6.68,6.66,6.66,308.9,2059.274
1666207800000,2022-10-19T19:30:00Z,6.66,6.67,6.66,6.67,1744.883,11630.74872
1666208100000,2022-10-19T19:35:00Z,6.67,6.68,6.67,6.68,400,2670
1666208400000,2022-10-19T19:40:00Z,6.68,6.68,6.68,6.68,506.794,3385.38392
1666208700000,2022-10-19T19:45:00Z,6.68,6.68,6.68,6.68,852.135,5692.2618
1666209000000,2022-10-19T19:50:00Z,6.68,6.68,6.67,6.67,1923.403,12829.09801
1666209300000,2022-10-19T19:55:00Z,6.67,6.69,6.67,6.69,533.722,3568.5924
1666209600000,2022-10-19T20:00:00Z,6.69,6.7,6.68,6.7,2654.469,17763.4092
1666209900000,2022-10-19T20:05:00Z,6.7,6.71,6.65,6.66,3795.061,25326.7391
1666210200000,2022-10-19T20:10:00Z,6.66,6.66,6.66,6.66,2089.42,13915.5372
1666210500000,2022-10-19T20:15:00Z,6.66,6.66,6.64,6.65,594.822,3958.50108
1666210800000,2022-10-19T20:20:00Z,6.65,6.66,6.65,6.66,0.389,2.59074
1666211100000,2022-10-19T20:25:00Z,6.66,6.68,6.65,6.66,1289.838,8603.83655
1666211400000,2022-10-19T20:30:00Z,6.66,6.69,6.66,6.69,803.087,5364.71718
1666211700000,2022-10-19T20:35:00Z,6.69,6.69,6.68,6.68,3675.321,24585.80643
1666212000000,2022-10-19T20:40:00Z,6.68,6.68,6.67,6.67,736.58,4918.07211
1666212300000,2022-10-19T20:45:00Z,6.67,6.67,6.67,6.67,451.044,3008.46348
1666212600000,2022-10-19T20:50:00Z,6.67,6.67,6.66,6.66,671.626,4474.02916
1666212900000,2022-10-19T20:55:00Z,6.66,6.67,6.66,6.67,355.734,2372.19342
1666213200000,2022-10-19T21:00:00Z,6.67,6.69,6.67,6.69,1109.042,7410.97831
1666213500000,2022-10-19T21:05:00Z,6.69,6.72,6.69,6.72,1074.027,7204.61366
1666213800000,2022-10-19T21:10:00Z,6.72,6.72,6.69,6.69,1529.741,10255.32694
1666214100000,2022-10-19T21:15:00Z,6.69,6.7,6.69,6.69,883.116,5912.42723
1666214400000,2022-10-19T21:20:00Z,6.69,6.69,6.68,6.68,301.847,2016.34185
1666214700000,2022-10-19T21:25:00Z,6.68,6.68,6.67,6.67,1179.798,7870.86612
1666215000000,2022-10-19T21:30:00Z,6.67,6.67,6.67,6.67,30.365,202.53455
1666215300000,2022-10-19T21:35:00Z,6.67,6.67,6.67,6.67,0.389,2.59463
1666215600000,2022-10-19T21:40:00Z,6.67,6.68,6.67,6.67,1.845,12.31004
1666215900000,2022-10-19T21:45:00Z,6.67,6.67,6.67,6.67,0.389,2.59463
1666216200000,2022-10-19T21:50:00Z,6.67,6.69,6.67,6.67,156.44,1043.54297
1666216500000,2022-10-19T21:55:00Z,6.67,6.68,6.67,6.68,82.623,551.92164
1666216800000,2022-10-19T22:00:00Z,6.68,6.69,6.66,6.69,476.526,3179.25
1666217100000,2022-10-19T22:05:00Z,6.69,6.69,6.68,6.68,538.199,3595.73541
1666217400000,2022-10-19T22:10:00Z,6.68,6.69,6.67,6.69,48.127,321.44153
1666217700000,2022-10-19T22:15:00Z,6.69,6.69,6.69,6.69,29.866,199.80354
1666218000000,2022-10-19T22:20:00Z,6.69,6.71,6.68,6.69,952.948,6377.30238
1666218300000,2022-10-19T22:25:00Z,6.69,6.69,6.67,6.67,452.79,3023.77428
1666218600000,2022-10-19T22:30:00Z,6.67,6.69,6.67,6.69,66.781,446.64201
1666218900000,2022-10-19T22:35:00Z,6.69,6.69,6.6,6.64,12733.193,84420.55642
1666219200000,2022-10-19T22:40:00Z,6.64,6.64,6.58,6.59,7443.605,49140.79909
1666219500000,2022-10-19T22:45:00Z,6.59,6.65,6.58,6.64,4232.738,28032.56176
1666219800000,2022-10-19T22:50:00Z,6.64,6.65,6.61,6.63,5810.13,38556.59004
1666220100000,2022-10-19T22:55:00Z,6.63,6.63,6.59,6.63,8688.685,57485.11159
1666220400000,2022-10-19T23:00:00Z,6.63,6.64,6.58,6.58,9359.904,61824.01774
1666220700000,2022-10-19T23:05:00Z,6.58,6.59,6.58,6.58,3174.556,20895.75986
1666221000000,2022-10-19T23:10:00Z,6.58,6.6,6.58,6.58,5026.402,33111.13515
1666221300000,2022-10-19T23:15:00Z,6.58,6.6,6.56,6.6,6321.582,41557.87381
1666221600000,2022-10-19T23:20:00Z,6.6,6.6,6.59,6.6,1140.298,7519.09124
1666221900000,2022-10-19T23:25:00Z,6.6,6.6,6.59,6.59,1080.316,7119.28244
1666222200000,2022-10-19T23:30:00Z,6.59,6.59,6.57,6.59,7921.733,52116.3123
1666222500000,2022-10-19T23:35:00Z,6.59,6.6,6.56,6.6,2717.579,17887.15231
1666222800000,2022-10-19T23:40:00Z,6.6,6.6,6.59,6.59,1142.13,7529.69905
1666223100000,2022-10-19T23:45:00Z,6.59,6.59,6.53,6.58,4772.079,31299.68001
1666223400000,2022-10-19T23:50:00Z,6.58,6.6,6.57,6.6,4113.534,27096.98572
1666223700000,2022-10-19T23:55:00Z,6.6,6.61,6.57,6.57,2661.958,17562.62986
1666224000000,2022-10-20T00:00:00Z,6.57,6.58,6.56,6.56,5915.849,38884.06784
1666224300000,2022-10-20T00:05:00Z,6.56,6.57,6.55,6.56,4587.016,30091.78187
1666224600000,2022-10-20T00:10:00Z,6.56,6.58,6.52,6.58,10453.302,68513.51721
1666224900000,2022-10-20T00:15:00Z,6.58,6.58,6.57,6.58,1133.766,7457.74287
1666225200000,2022-10-20T00:20:00Z,6.58,6.58,6.56,6.56,2430.324,15964.7958
1666225500000,2022-10-20T00:25:00Z,6.56,6.57,6.54,6.57,3943.32,25855.22576
1666225800000,2022-10-20T00:30:00Z,6.57,6.57,6.54,6.54,5717.65,37468.36952
1666226100000,2022-10-20T00:35:00Z,6.54,6.54,6.51,6.51,4015.012,26200.73691
1666226400000,2022-10-20T00:40:00Z,6.51,6.53,6.5,6.51,7110.104,46267.9873
1666226700000,2022-10-20T00:45:00Z,6.51,6.52,6.47,6.48,10766.913,69829.54056
1666227000000,2022-10-20T00:50:00Z,6.48,6.48,6.46,6.46,7097.243,45907.62877
1666227300000,2022-10-20T00:55:00Z,6.46,6.46,6.43,6.45,2718.275,17527.63199
1666227600000,2022-10-20T01:00:00Z,6.45,6.46,6.44,6.44,2892.661,18651.52974
1666227900000,2022-10-20T01:05:00Z,6.44,6.44,6.41,6.44,9885.056,63547.77887
1666228200000,2022-10-20T01:10:00Z,6.44,6.45,6.43,6.45,3219.905,20742.88269
1666228500000,2022-10-20T01:15:00Z,6.45,6.47,6.44,6.47,6128.896,39577.01315
1666228800000,2022-10-20T01:20:00Z,6.47,6.47,6.44,6.45,3211.449,20718.8007
1666229100000,2022-10-20T01:25:00Z,6.45,6.45,6.44,6.44,2532.487,16312.39502
1666229400000,2022-10-20T01:30:00Z,6.44,6.44,6.42,6.42,3731.881,23985.64254
1666229700000,2022-10-20T01:35:00Z,6.42,6.42,6.42,6.42,2021.128,12975.64176
1666230000000,2022-10-20T01:40:00Z,6.42,6.42,6.41,6.41,3103.984,19902.74362
1666230300000,2022-10-20T01:45:00Z,6.41,6.41,6.4,6.41,2522.825,16167.31233
1666230600000,2022-10-20T01:50:00Z,6.41,6.41,6.39,6.39,1516.666,9699.44091
1666230900000,2022-10-20T01:55:00Z,6.39,6.39,6.37,6.38,2438.362,15563.96562
1666231200000,2022-10-20T02:00:00Z,6.38,6.38,6.35,6.35,2821.018,17947.15519
1666231500000,2022-10-20T02:05:00Z,6.35,6.38,6.35,6.38,1854.509,11826.43502
1666231800000,2022-10-20T02:10:00Z,6.38,6.38,6.37,6.37,1640.808,10452.89696
1666232100000,2022-10-20T02:15:00Z,6.37,6.39,6.37,6.39,738.604,4710.94352
1666232400000,2022-10-20T02:20:00Z,6.39,6.4,6.38,6.4,1394.749,8912.16964
1666232700000,2022-10-20T02:25:00Z,6.4,6.4,6.4,6.4,1918.365,12277.536
1666233000000,2022-10-20T02:30:00Z,6.4,6.4,6.39,6.39,715.923,4575.69797
1666233300000,2022-10-20T02:35:00Z,6.39,6.39,6.38,6.38,95.389,609.53182
1666233600000,2022-10-20T02:40:00Z,6.38,6.39,6.38,6.39,777.665,4966.20372
1666233900000,2022-10-20T02:45:00Z,6.39,6.39,6.38,6.38,2201.846,14056.80189
1666234200000,2022-10-20T02:50:00Z,6.38,6.4,6.38,6.4,4708.773,30100.67357
1666234500000,2022-10-20T02:55:00Z,6.4,6.42,6.4,6.42,4300.613,27592.94125
1666234800000,2022-10-20T03:00:00Z,6.42,6.42,6.4,6.4,2517.496,16140.01756
1666235100000,2022-10-20T03:05:00Z,6.4,6.4,6.38,6.38,1296.763,8279.11922
1666235400000,2022-10-20T03:10:00Z,6.38,6.39,6.38,6.39,302.085,1927.30619
1666235700000,2022-10-20T03:15:00Z,6.39,6.39,6.38,6.38,0.389,2.48182
1666236000000,2022-10-20T03:20:00Z,6.38,6.39,6.38,6.38,400.079,2556.49703
1666236300000,2022-10-20T03:25:00Z,6.38,6.39,6.38,6.38,272.823,1740.6123
1666236600000,2022-10-20T03:30:00Z,6.38,6.38,6.38,6.38,255.303,1628.83314
1666236900000,2022-10-20T03:35:00Z,6.38,6.39,6.38,6.39,256.956,1639.38317
1666237200000,2022-10-20T03:40:00Z,6.39,6.4,6.39,6.4,483.439,3091.10542
1666237500000,2022-10-20T03:45:00Z,6.4,6.41,6.4,6.41,101.023,647.55354
1666237800000,2022-10-20T03:50:00Z,6.41,6.41,6.41,6.41,614.096,3936.35536
1666238100000,2022-10-20T03:55:00Z,6.41,6.41,6.41,6.41,446.319,2860.90479
1666238400000,2022-10-20T04:00:00Z,6.41,6.41,6.4,6.41,199.989,1281.9256
1666238700000,2022-10-20T04:05:00Z,6.41,6.41,6.41,6.41,402.964,2582.99924
1666239000000,2022-10-20T04:10:00Z,6.41,6.42,6.41,6.42,1603.537,10280.67549
1666239300000,2022-10-20T04:15:00Z,6.42,6.47,6.42,6.46,3876.835,25027.29808
1666239600000,2022-10-20T04:20:00Z,6.46,6.47,6.45,6.46,3081.53,19909.46031
1666239900000,2022-10-20T04:25:00Z,6.46,6.47,6.46,6.47,539.477,3487.13222
1666240200000,2022-10-20T04:30:00Z,6.47,6.47,6.46,6.46,1267.558,8190.66769
1666240500000,2022-10-20T04:35:00Z,6.46,6.46,6.46,6.46,1508.463,9744.67098
1666240800000,2022-10-20T04:40:00Z,6.46,6.46,6.46,6.46,1001.315,6468.4949
1666241100000,2022-10-20T04:45:00Z,6.46,6.51,6.46,6.48,10929.575,70931.05387
1666241400000,2022-10-20T04:50:00Z,6.48,6.5,6.48,6.5,2652.427,17220.78639
1666241700000,2022-10-20T04:55:00Z,6.5,6.52,6.5,6.51,2067.073,13460.97486
1666242000000,2022-10-20T05:00:00Z,6.51,6.53,6.51,6.52,1914.289,12481.18307
1666242300000,2022-10-20T05:05:00Z,6.52,6.53,6.52,6.53,1302.579,8504.22265
1666242600000,2022-10-20T05:10:00Z,6.53,6.56,6.53,6.56,2011.625,13181.12974
1666242900000,2022-10-20T05:15:00Z,6.56,6.57,6.54,6.54,1845.302,12107.43965
1666243200000,2022-10-20T05:20:00Z,6.54,6.56,6.54,6.55,1445.756,9469.39617
1666243500000,2022-10-20T05:25:00Z,6.55,6.56,6.54,6.54,1535.089,10056.22426
1666243800000,2022-10-20T05:30:00Z,6.54,6.54,6.54,6.54,1647.615,10775.4021
1666244100000,2022-10-20T05:35:00Z,6.54,6.54,6.53,6.53,713.781,4660.98993
1666244400000,2022-10-20T05:40:00Z,6.53,6.53,6.53,6.53,1263.21,8248.7613
1666244700000,2022-10-20T05:45:00Z,6.53,6.53,6.51,6.51,1808.039,11781.45007
1666245000000,2022-10-20T05:50:00Z,6.51,6.52,6.51,6.52,1125.324,7329.54056
1666245300000,2022-10-20T05:55:00Z,6.52,6.52,6.5,6.5,3543.642,23052.35955
1666245600000,2022-10-20T06:00:00Z,6.5,6.5,6.49,6.49,2142.522,13911.43707
1666245900000,2022-10-20T06:05:00Z,6.49,6.49,6.48,6.49,964.31,6253.52838
1666246200000,2022-10-20T06:10:00Z,6.49,6.49,6.48,6.48,869.503,5634.37944
1666246500000,2022-10-20T06:15:00Z,6.48,6.48,6.46,6.46,554.247,3584.76073
1666246800000,2022-10-20T06:20:00Z,6.46,6.46,6.45,6.45,838.674,5413.71965
1666247100000,2022-10-20T06:25:00Z,6.45,6.45,6.44,6.45,1230.703,7938.03046
1666247400000,2022-10-20T06:30:00Z,6.45,6.45,6.45,6.45,762.37,4917.2865
1666247700000,2022-10-20T06:35:00Z,6.45,6.45,6.45,6.45,791.117,5102.70465
1666248000000,2022-10-20T06:40:00Z,6.45,6.45,6.45,6.45,513.99,3315.2355
1666248300000,2022-10-20T06:45:00Z,6.45,6.45,6.45,6.45,1472.254,9496.0383
1666248600000,2022-10-20T06:50:00Z,6.45,6.46,6.45,6.46,231.022,1490.24669
1666248900000,2022-10-20T06:55:00Z,6.46,6.46,6.46,6.46,1041.952,6731.00992
1666249200000,2022-10-20T07:00:00Z,6.46,6.46,6.45,6.45,1035.067,6684.64477
1666249500000,2022-10-20T07:05:00Z,6.45,6.45,6.44,6.45,2031.817,13105.13965
1666249800000,2022-10-20T07:10:00Z,6.45,6.45,6.44,6.44,866.884,5591.0998
1666250100000,2022-10-20T07:15:00Z,6.44,6.45,6.44,6.45,206.393,1331.23485
1666250400000,2022-10-20T07:20:00Z,6.45,6.46,6.45,6.46,597.91,3861.79755
1666250700000,2022-10-20T07:25:00Z,6.46,6.48,6.46,6.47,3858.527,24967.45435
1666251000000,2022-10-20T07:30:00Z,6.47,6.47,6.46,6.46,221.445,1430.5347
1666251300000,2022-10-20T07:35:00Z,6.46,6.47,6.46,6.46,192.767,1247.17482
1666251600000,2022-10-20T07:40:00Z,6.46,6.47,6.46,6.47,0.389,2.51683
1666251900000,2022-10-20T07:45:00Z,6.47,6.47,6.46,6.47,1475.028,9543.38116
1666252200000,2022-10-20T07:50:00Z,6.47,6.49,6.47,6.49,239.563,1552.37213
1666252500000,2022-10-20T07:55:00Z,6.49,6.49,6.48,6.49,1027.508,6668.48834
1666252800000,2022-10-20T08:00:00Z,6.49,6.49,6.48,6.49,765.038,4964.44183
1666253100000,2022-10-20T08:05:00Z,6.49,6.5,6.49,6.49,1844.167,11980.95152
1666253400000,2022-10-20T08:10:00Z,6.49,6.49,6.47,6.47,4475.606,28972.8805
1666253700000,2022-10-20T08:15:00Z,6.47,6.47,6.46,6.46,433.739,2801.95394
1666254000000,2022-10-20T08:20:00Z,6.46,6.47,6.46,6.47,258.721,1673.77008
1666254300000,2022-10-20T08:25:00Z,6.47,6.47,6.46,6.46,190.389,1229.91294
1666254600000,2022-10-20T08:30:00Z,6.46,6.46,6.44,6.45,3627.086,23386.03546
1666254900000,2022-10-20T08:35:00Z,6.45,6.46,6.44,6.44,1698.902,10961.40415
1666255200000,2022-10-20T08:40:00Z,6.44,6.44,6.43,6.43,1402.271,9024.6963
1666255500000,2022-10-20T08:45:00Z,6.43,6.43,6.42,6.43,479.861,3082.60762
1666255800000,2022-10-20T08:50:00Z,6.43,6.43,6.43,6.43,1101.575,7083.12725
1666256100000,2022-10-20T08:55:00Z,6.43,6.43,6.42,6.42,602.081,3865.36002
1666256400000,2022-10-20T09:00:00Z,6.42,6.42,6.41,6.41,582.066,3731.70077
1666256700000,2022-10-20T09:05:00Z,6.41,6.42,6.41,6.41,5005.169,32117.67785
1666257000000,2022-10-20T09:10:00Z,6.41,6.41,6.39,6.39,3410.057,21790.57857
1666257300000,2022-10-20T09:15:00Z,6.39,6.42,6.38,6.41,2821.944,18029.09063
1666257600000,2022-10-20T09:20:00Z,6.41,6.42,6.41,6.42,408.778,2621.69547
1666257900000,2022-10-20T09:25:00Z,6.42,6.44,6.42,6.44,981.429,6308.07764
1666258200000,2022-10-20T09:30:00Z,6.44,6.44,6.43,6.43,1941.413,12484.23559
1666258500000,2022-10-20T09:35:00Z,6.43,6.43,6.42,6.42,451.915,2904.83343
1666258800000,2022-10-20T09:40:00Z,6.42,6.42,6.41,6.41,0.778,4.98698
1666259100000,2022-10-20T09:45:00Z,6.41,6.43,6.41,6.43,2402.792,15436.31279
1666259400000,2022-10-20T09:50:00Z,6.43,6.46,6.43,6.45,1890.384,12202.6245
1666259700000,2022-10-20T09:55:00Z,6.45,6.47,6.45,6.47,1389.561,8977.64425
1666260000000,2022-10-20T10:00:00Z,6.47,6.48,6.45,6.45,917.326,5930.76944
1666260300000,2022-10-20T10:05:00Z,6.45,6.45,6.45,6.45,1003.433,6472.14285
1666260600000,2022-10-20T10:10:00Z,6.45,6.45,6.45,6.45,590.164,3806.5578
1666260900000,2022-10-20T10:15:00Z,6.45,6.45,6.44,6.44,588.26,3788.3944
1666261200000,2022-10-20T10:20:00Z,6.44,6.45,6.44,6.45,0.778,5.0181
1666261500000,2022-10-20T10:25:00Z,6.45,6.45,6.43,6.44,267.574,1721.77979
1666261800000,2022-10-20T10:30:00Z,6.44,6.44,6.43,6.43,242.04,1557.25617
1666262100000,2022-10-20T10:35:00Z,6.43,6.46,6.43,6.46,1226.756,7911.83365
1666262400000,2022-10-20T10:40:00Z,6.46,6.49,6.46,6.48,1083.085,7015.52675
1666262700000,2022-10-20T10:45:00Z,6.48,6.48,6.46,6.46,2818.349,18221.43089
1666263000000,2022-10-20T10:50:00Z,6.46,6.48,6.46,6.48,712.781,4613.33207
1666263300000,2022-10-20T10:55:00Z,6.48,6.48,6.47,6.47,1359.99,8807.55182
1666263600000,2022-10-20T11:00:00Z,6.47,6.48,6.47,6.48,1939.961,12551.60768
1666263900000,2022-10-20T11:05:00Z,6.48,6.48,6.46,6.46,492.772,3184.26101
1666264200000,2022-10-20T11:10:00Z,6.46,6.46,6.45,6.46,1897.796,12254.02299
1666264500000,2022-10-20T11:15:00Z,6.46,6.47,6.46,6.46,770.235,4976.6681
1666264800000,2022-10-20T11:20:00Z,6.46,6.47,6.45,6.45,331.259,2141.54063
1666265100000,2022-10-20T11:25:00Z,6.45,6.45,6.45,6.45,688.887,4443.32115
1666265400000,2022-10-20T11:30:00Z,6.45,6.46,6.45,6.45,1005.055,6486.52143
1666265700000,2022-10-20T11:35:00Z,6.45,6.45,6.44,6.45,567.465,3656.3607
1666266000000,2022-10-20T11:40:00Z,6.45,6.45,6.44,6.44,285.389,1837.90905
1666266300000,2022-10-20T11:45:00Z,6.44,6.44,6.44,6.44,513.184,3304.90496
1666266600000,2022-10-20T11:50:00Z,6.44,6.44,6.44,6.44,1527.961,9840.06884
1666266900000,2022-10-20T11:55:00Z,6.44,6.44,6.44,6.44,793.532,5110.34608
1666267200000,2022-10-20T12:00:00Z,6.44,6.46,6.44,6.46,97.93,631.68169
1666267500000,2022-10-20T12:05:00Z,6.46,6.47,6.46,6.46,724.501,4682.20042
1666267800000,2022-10-20T12:10:00Z,6.46,6.46,6.45,6.45,986.992,6367.39073
1666268100000,2022-10-20T12:15:00Z,6.45,6.46,6.45,6.45,438.449,2832.37665
1666268400000,2022-10-20T12:20:00Z,6.45,6.48,6.45,6.47,3557.269,23006.776
1666268700000,2022-10-20T12:25:00Z,6.47,6.47,6.45,6.45,582.761,3763.55843
1666269000000,2022-10-20T12:30:00Z,6.45,6.46,6.41,6.42,4381.224,28221.2347
1666269300000,2022-10-20T12:35:00Z,6.42,6.42,6.4,6.41,2679.096,17172.66845
1666269600000,2022-10-20T12:40:00Z,6.41,6.41,6.41,6.41,2207.585,14150.61985
1666269900000,2022-10-20T12:45:00Z,6.41,6.41,6.41,6.41,1526.666,9785.92906
1666270200000,2022-10-20T12:50:00Z,6.41,6.43,6.41,6.43,1344.709,8643.292
1666270500000,2022-10-20T12:55:00Z,6.43,6.43,6.4,6.4,1448.366,9282.556
1666270800000,2022-10-20T13:00:00Z,6.4,6.4,6.39,6.39,1709.095,10921.11705
1666271100000,2022-10-20T13:05:00Z,6.39,6.4,6.39,6.4,2582.351,16501.54947
1666271400000,2022-10-20T13:10:00Z,6.4,6.4,6.4,6.4,0.389,2.4896
1666271700000,2022-10-20T13:15:00Z,6.4,6.45,6.4,6.43,8443.897,54233.69767
1666272000000,2022-10-20T13:20:00Z,6.43,6.44,6.43,6.44,346.828,2231.27858
1666272300000,2022-10-20T13:25:00Z,6.44,6.44,6.43,6.43,711.27,4575.72439
1666272600000,2022-10-20T13:30:00Z,6.43,6.46,6.42,6.45,3287.547,21165.66481
1666272900000,2022-10-20T13:35:00Z,6.45,6.46,6.44,6.44,1647.731,10629.8476
1666273200000,2022-10-20T13:40:00Z,6.44,6.44,6.43,6.44,2053.493,13211.71759
1666273500000,2022-10-20T13:45:00Z,6.44,6.49,6.44,6.48,1327.103,8592.55735
1666273800000,2022-10-20T13:50:00Z,6.48,6.49,6.48,6.49,455.903,2957.73039
1666274100000,2022-10-20T13:55:00Z,6.49,6.49,6.48,6.48,294.986,1912.45928
1666274400000,2022-10-20T14:00:00Z,6.48,6.5,6.47,6.5,1308.53,8478.24427
1666274700000,2022-10-20T14:05:00Z,6.5,6.53,6.5,6.53,725.752,4729.24622
1666275000000,2022-10-20T14:10:00Z,6.53,6.53,6.51,6.51,1408.526,9187.92573
1666275300000,2022-10-20T14:15:00Z,6.51,6.51,6.5,6.51,2419.681,15747.88108
1666275600000,2022-10-20T14:20:00Z,6.51,6.53,6.51,6.53,1780.349,11612.35847
1666275900000,2022-10-20T14:25:00Z,6.53,6.53,6.51,6.52,2607.997,16997.4095
1666276200000,2022-10-20T14:30:00Z,6.52,6.52,6.49,6.49,3177.292,20650.95721
1666276500000,2022-10-20T14:35:00Z,6.49,6.49,6.49,6.49,251.343,1631.21607
1666276800000,2022-10-20T14:40:00Z,6.49,6.49,6.48,6.48,1747.718,11325.21264
1666277100000,2022-10-20T14:45:00Z,6.48,6.48,6.48,6.48,514.492,3333.90816
1666277400000,2022-10-20T14:50:00Z,6.48,6.48,6.47,6.47,1366.213,8851.13764
1666277700000,2022-10-20T14:55:00Z,6.47,6.48,6.47,6.48,1183.569,7667.22279
1666278000000,2022-10-20T15:00:00Z,6.48,6.5,6.48,6.48,1184.226,7685.64925
1666278300000,2022-10-20T15:05:00Z,6.48,6.49,6.48,6.49,718.729,4664.54732
1666278600000,2022-10-20T15:10:00Z,6.49,6.5,6.49,6.5,1618.919,10522.9735
1666278900000,2022-10-20T15:15:00Z,6.5,6.5,6.48,6.48,703.717,4570.25693
1666279200000,2022-10-20T15:20:00Z,6.48,6.48,6.45,6.46,2818.882,18200.78541
1666279500000,2022-10-20T15:25:00Z,6.46,6.46,6.44,6.44,1762.949,11357.46364
1666279800000,2022-10-20T15:30:00Z,6.44,6.46,6.44,6.46,1258.479,8129.77034
1666280100000,2022-10-20T15:35:00Z,6.46,6.48,6.46,6.47,363.069,2350.44518
1666280400000,2022-10-20T15:40:00Z,6.47,6.48,6.47,6.48,2047.355,13266.8604
1666280700000,2022-10-20T15:45:00Z,6.48,6.48,6.46,6.46,1075.535,6952.51351
1666281000000,2022-10-20T15:50:00Z,6.46,6.46,6.46,6.46,326.148,2106.91608
1666281300000,2022-10-20T15:55:00Z,6.46,6.46,6.45,6.45,978.966,6316.23458
1666281600000,2022-10-20T16:00:00Z,6.45,6.45,6.43,6.44,1552.858,9995.52486
1666281900000,2022-10-20T16:05:00Z,6.44,6.44,6.41,6.42,2245.537,14419.00554
1666282200000,2022-10-20T16:10:00Z,6.42,6.42,6.42,6.42,1417.812,9102.35304
1666282500000,2022-10-20T16:15:00Z,6.42,6.43,6.42,6.43,1542.446,9911.08955
1666282800000,2022-10-20T16:20:00Z,6.43,6.43,6.39,6.39,9055.371,57968.29943
1666283100000,2022-10-20T16:25:00Z,6.39,6.39,6.35,6.37,3718.056,23686.14106
1666283400000,2022-10-20T16:30:00Z,6.37,6.38,6.37,6.38,1559.49,9945.24891
1666283700000,2022-10-20T16:35:00Z,6.38,6.38,6.36,6.36,5567.287,35412.62148
1666284000000,2022-10-20T16:40:00Z,6.36,6.37,6.35,6.36,2359.324,15003.6596
1666284300000,2022-10-20T16:45:00Z,6.36,6.36,6.33,6.34,941.707,5972.73453
1666284600000,2022-10-20T16:50:00Z,6.34,6.34,6.34,6.34,1465.299,9289.99566
1666284900000,2022-10-20T16:55:00Z,6.34,6.35,6.34,6.35,725.47,4605.15318
1666285200000,2022-10-20T17:00:00Z,6.35,6.35,6.32,6.32,4491.845,28426.14134
1666285500000,2022-10-20T17:05:00Z,6.32,6.34,6.27,6.27,12297.3,77465.93992
1666285800000,2022-10-20T17:10:00Z,6.27,6.29,6.27,6.29,2760.992,17333.14953
1666286100000,2022-10-20T17:15:00Z,6.29,6.29,6.25,6.25,8280.494,51806.45384
1666286400000,2022-10-20T17:20:00Z,6.25,6.26,6.24,6.25,5259.113,32874.87419
1666286700000,2022-10-20T17:25:00Z,6.25,6.25,6.23,6.23,4245.317,26500.66043
1666287000000,2022-10-20T17:30:00Z,6.23,6.23,6.22,6.23,2760.079,17182.90408
1666287300000,2022-10-20T17:35:00Z,6.23,6.23,6.22,6.22,2233.561,13892.74942
1666287600000,2022-10-20T17:40:00Z,6.22,6.25,6.21,6.25,3530.089,21990.44757
1666287900000,2022-10-20T17:45:00Z,6.25,6.25,6.21,6.21,3965.891,24672.20545
1666288200000,2022-10-20T17:50:00Z,6.21,6.22,6.2,6.21,2405.132,14930.65078
1666288500000,2022-10-20T17:55:00Z,6.21,6.21,6.18,6.21,6095.127,37766.79079
1666288800000,2022-10-20T18:00:00Z,6.21,6.21,6.15,6.16,3941.665,24353.14283
1666289100000,2022-10-20T18:05:00Z,6.16,6.16,6.13,6.13,4136.469,25418.58613
1666289400000,2022-10-20T18:10:00Z,6.13,6.14,6.1,6.1,5036.864,30775.94339
1666289700000,2022-10-20T18:15:00Z,6.1,6.16,6.09,6.15,5949.552,36425.59104
1666290000000,2022-10-20T18:20:00Z,6.15,6.15,6.14,6.14,7130.042,43818.50014
1666290300000,2022-10-20T18:25:00Z,6.14,6.14,6.12,6.13,1992.576,12203.02991
1666290600000,2022-10-20T18:30:00Z,6.13,6.13,6.11,6.13,3078.723,18845.66878
1666290900000,2022-10-20T18:35:00Z,6.13,6.14,6.12,6.12,3395.068,20802.78716
1666291200000,2022-10-20T18:40:00Z,6.12,6.12,6.1,6.11,2465.403,15050.85561
1666291500000,2022-10-20T18:45:00Z,6.11,6.11,6.1,6.11,2091.188,12774.24002
1666291800000,2022-10-20T18:50:00Z,6.11,6.12,6.11,6.12,1511.841,9242.26645
1666292100000,2022-10-20T18:55:00Z,6.12,6.13,6.11,6.13,1397.908,8561.78491
1666292400000,2022-10-20T19:00:00Z,6.13,6.14,6.12,6.13,2848.504,17473.25768
1666292700000,2022-10-20T19:05:00Z,6.13,6.15,6.13,6.15,1687.563,10353.26074
1666293000000,2022-10-20T19:10:00Z,6.15,6.15,6.13,6.13,1307.692,8017.78589
1666293300000,2022-10-20T19:15:00Z,6.13,6.13,6.1,6.1,2722.741,16668.40642
1666293600000,2022-10-20T19:20:00Z,6.1,6.12,6.1,6.12,2323.148,14181.62314
1666293900000,2022-10-20T19:25:00Z,6.12,6.13,6.12,6.13,936.119,5729.30919
1666294200000,2022-10-20T19:30:00Z,6.13,6.13,6.1,6.1,1183.754,7229.96488
1666294500000,2022-10-20T19:35:00Z,6.1,6.1,6.09,6.1,1729.759,10551.32111
1666294800000,2022-10-20T19:40:00Z,6.1,6.1,6.09,6.1,408.862,2493.2392
1666295100000,2022-10-20T19:45:00Z,6.1,6.11,6.1,6.11,474.458,2896.15354
1666295400000,2022-10-20T19:50:00Z,6.11,6.14,6.11,6.14,2348.654,14382.46805
1666295700000,2022-10-20T19:55:00Z,6.14,6.14,6.11,6.11,326.852,2001.76757
1666296000000,2022-10-20T20:00:00Z,6.11,6.11,6.1,6.1,1462.476,8927.44554
1666296300000,2022-10-20T20:05:00Z,6.1,6.11,6.09,6.11,3003.086,18315.81831
1666296600000,2022-10-20T20:10:00Z,6.11,6.12,6.07,6.08,7552.229,45947.7476
1666296900000,2022-10-20T20:15:00Z,6.08,6.08,6.04,6.05,4891.196,29631.0508
1666297200000,2022-10-20T20:20:00Z,6.05,6.06,6.05,6.06,1800.471,10895.56311
1666297500000,2022-10-20T20:25:00Z,6.06,6.06,6.04,6.04,1821.094,11002.02709
1666297800000,2022-10-20T20:30:00Z,6.04,6.06,6.02,6.06,6122.748,36964.5292
1666298100000,2022-10-20T20:35:00Z,6.06,6.1,6.06,6.1,2027.525,12328.2007
1666298400000,2022-10-20T20:40:00Z,6.1,6.1,6.08,6.09,2407.489,14658.20668
1666298700000,2022-10-20T20:45:00Z,6.09,6.1,6.09,6.09,1976.68,12038.75781
1666299000000,2022-10-20T20:50:00Z,6.09,6.09,6.08,6.08,1171.034,7127.69501
1666299300000,2022-10-20T20:55:00Z,6.08,6.09,6.08,6.09,474.549,2885.26181
1666299600000,2022-10-20T21:00:00Z,6.09,6.09,6.06,6.06,3659.064,22195.59445
1666299900000,2022-10-20T21:05:00Z,6.06,6.06,6.05,6.06,131.035,794.06821
1666300200000,2022-10-20T21:10:00Z,6.06,6.08,6.06,6.08,928.519,5628.72407
1666300500000,2022-10-20T21:15:00Z,6.08,6.08,6.07,6.07,253.033,1538.43675
1666300800000,2022-10-20T21:20:00Z,6.07,6.09,6.07,6.08,730.142,4443.44022
1666301100000,2022-10-20T21:25:00Z,6.08,6.08,6.08,6.08,1046.765,6364.3312
1666301400000,2022-10-20T21:30:00Z,6.08,6.08,6.08,6.08,513.133,3119.84864
1666301700000,2022-10-20T21:35:00Z,6.08,6.08,6.08,6.08,611.707,3719.17856
1666302000000,2022-10-20T21:40:00Z,6.08,6.09,6.08,6.08,1183.604,7198.45143
1666302300000,2022-10-20T21:45:00Z,6.08,6.09,6.08,6.08,1518.651,9233.39972
1666302600000,2022-10-20T21:50:00Z,6.08,6.1,6.08,6.1,137.19,835.50739
1666302900000,2022-10-20T21:55:00Z,6.1,6.11,6.1,6.1,409.558,2498.99548
1666303200000,2022-10-20T22:00:00Z,6.1,6.11,6.1,6.11,2335.979,14264.03092
1666303500000,2022-10-20T22:05:00Z,6.11,6.11,6.09,6.1,2055.272,12529.79615
1666303800000,2022-10-20T22:10:00Z,6.1,6.11,6.09,6.1,3592.196,21912.41079
1666304100000,2022-10-20T22:15:00Z,6.1,6.1,6.09,6.09,690.37,4204.3533
1666304400000,2022-10-20T22:20:00Z,6.09,6.09,6.08,6.09,1546.735,9409.37399
1666304700000,2022-10-20T22:25:00Z,6.09,6.09,6.09,6.09,223.779,1362.81411
1666305000000,2022-10-20T22:30:00Z,6.09,6.09,6.08,6.08,1339.661,8145.13888
1666305300000,2022-10-20T22:35:00Z,6.08,6.08,6.06,6.06,2213.026,13418.09373
1666305600000,2022-10-20T22:40:00Z,6.06,6.06,6.06,6.06,208.229,1261.86774
1666305900000,2022-10-20T22:45:00Z,6.06,6.06,6.05,6.06,1543.025,9346.39879
1666306200000,2022-10-20T22:50:00Z,6.06,6.07,6.06,6.06,333.381,2023.50728
1666306500000,2022-10-20T22:55:00Z,6.06,6.07,6.06,6.07,1104.611,6704.65523
1666306800000,2022-10-20T23:00:00Z,6.07,6.09,6.07,6.09,1119.999,6816.6404
1666307100000,2022-10-20T23:05:00Z,6.09,6.09,6.07,6.07,56.378,342.21446
1666307400000,2022-10-20T23:10:00Z,6.07,6.07,6.06,6.06,754.841,4577.00591
1666307700000,2022-10-20T23:15:00Z,6.06,6.07,6.05,6.07,1117.43,6772.60371
1666308000000,2022-10-20T23:20:00Z,6.07,6.07,6.07,6.07,655.473,3978.72111
1666308300000,2022-10-20T23:25:00Z,6.07,6.08,6.07,6.08,814.754,4953.70432
1666308600000,2022-10-20T23:30:00Z,6.08,6.09,6.08,6.09,1472.791,8960.80544
1666308900000,2022-10-20T23:35:00Z,6.09,6.09,6.09,6.09,187.732,1143.28788
1666309200000,2022-10-20T23:40:00Z,6.09,6.1,6.09,6.1,207.766,1267.36871
1666309500000,2022-10-20T23:45:00Z,6.1,6.1,6.09,6.09,1306.575,7958.77864
1666309800000,2022-10-20T23:50:00Z,6.09,6.09,6.09,6.09,602.13,3666.9717
1666310100000,2022-10-20T23:55:00Z,6.09,6.09,6.09,6.09,95.389,580.91901
1666310400000,2022-10-21T00:00:00Z,6.09,6.1,6.08,6.08,4497.778,27388.85167
1666310700000,2022-10-21T00:05:00Z,6.08,6.08,6.06,6.08,1749.618,10609.20527
1666311000000,2022-10-21T00:10:00Z,6.08,6.08,6.06,6.07,2436.243,14785.00625
1666311300000,2022-10-21T00:15:00Z,6.07,6.09,6.04,6.04,2693.729,16334.82653
1666311600000,2022-10-21T00:20:00Z,6.04,6.04,6,6.01,6034.257,36279.24361
1666311900000,2022-10-21T00:25:00Z,6.01,6.04,6.01,6.01,1445.294,8717.71517
1666312200000,2022-10-21T00:30:00Z,6.01,6.02,5.99,6.02,4568.778,27464.43142
1666312500000,2022-10-21T00:35:00Z,6.02,6.06,6.02,6.06,4208.1,25411.06029
1666312800000,2022-10-21T00:40:00Z,6.06,6.07,6.05,6.07,1434.811,8693.48511
1666313100000,2022-10-21T00:45:00Z,6.07,6.07,6.06,6.06,676.659,4102.01085
1666313400000,2022-10-21T00:50:00Z,6.06,6.08,6.06,6.08,137.378,834.02806
1666313700000,2022-10-21T00:55:00Z,6.08,6.09,6.08,6.08,439.711,2673.44677
1666314000000,2022-10-21T01:00:00Z,6.08,6.09,6.07,6.09,3652.819,22221.0068
1666314300000,2022-10-21T01:05:00Z,6.09,6.09,6.05,6.06,2087.418,12667.84787
1666314600000,2022-10-21T01:10:00Z,6.06,6.09,6.06,6.07,2605.675,15845.58523
1666314900000,2022-10-21T01:15:00Z,6.07,6.1,6.07,6.08,2072.263,12607.45512
1666315200000,2022-10-21T01:20:00Z,6.08,6.08,6.07,6.07,222.964,1353.39537
1666315500000,2022-10-21T01:25:00Z,6.07,6.07,6.07,6.07,1220.657,7409.38799
1666315800000,2022-10-21T01:30:00Z,6.07,6.08,6.05,6.05,2119.467,12864.09383
1666316100000,2022-10-21T01:35:00Z,6.05,6.07,6.05,6.07,2770.385,16813.67034
1666316400000,2022-10-21T01:40:00Z,6.07,6.09,6.07,6.09,2024.899,12312.49969
1666316700000,2022-10-21T01:45:00Z,6.09,6.1,6.07,6.1,2109.43,12834.32878
1666317000000,2022-10-21T01:50:00Z,6.1,6.11,6.09,6.1,1575.574,9610.64745
1666317300000,2022-10-21T01:55:00Z,6.1,6.11,6.1,6.11,1805.491,11023.1726
1666317600000,2022-10-21T02:00:00Z,6.11,6.11,6.1,6.1,649.045,3960.64815
1666317900000,2022-10-21T02:05:00Z,6.1,6.11,6.1,6.11,438.032,2671.99909
1666318200000,2022-10-21T02:10:00Z,6.11,6.11,6.11,6.11,2587.656,15810.57816
1666318500000,2022-10-21T02:15:00Z,6.11,6.11,6.11,6.11,185.28,1132.0608
1666318800000,2022-10-21T02:20:00Z,6.11,6.13,6.11,6.13,2251.32,13782.82728
1666319100000,2022-10-21T02:25:00Z,6.13,6.15,6.13,6.15,767.937,4717.28113
1666319400000,2022-10-21T02:30:00Z,6.15,6.15,6.14,6.15,1618.983,9948.91448
1666319700000,2022-10-21T02:35:00Z,6.15,6.16,6.15,6.16,1191.931,7337.13833
1666320000000,2022-10-21T02:40:00Z,6.16,6.16,6.16,6.16,1181.005,7274.9908
1666320300000,2022-10-21T02:45:00Z,6.16,6.17,6.15,6.15,4805.815,29590.39044
1666320600000,2022-10-21T02:50:00Z,6.15,6.15,6.14,6.14,122.225,751.67986
1666320900000,2022-10-21T02:55:00Z,6.14,6.16,6.14,6.16,2208.935,13578.72801
1666321200000,2022-10-21T03:00:00Z,6.16,6.16,6.15,6.15,514.402,3167.06409
1666321500000,2022-10-21T03:05:00Z,6.15,6.16,6.15,6.15,1387.749,8534.66584
1666321800000,2022-10-21T03:10:00Z,6.15,6.15,6.13,6.14,1292.425,7935.03824
1666322100000,2022-10-21T03:15:00Z,6.14,6.14,6.13,6.13,2700.002,16561.20182
1666322400000,2022-10-21T03:20:00Z,6.13,6.13,6.12,6.12,98.896,605.24352
1666322700000,2022-10-21T03:25:00Z,6.12,6.14,6.12,6.12,1208.353,7402.4543
1666323000000,2022-10-21T03:30:00Z,6.12,6.12,6.12,6.12,95,581.4
1666323300000,2022-10-21T03:35:00Z,6.12,6.12,6.11,6.11,338.016,2067.64939
1666323600000,2022-10-21T03:40:00Z,6.11,6.11,6.1,6.1,294.865,1799.72453
1666323900000,2022-10-21T03:45:00Z,6.1,6.11,6.1,6.11,658.806,4018.71823
1666324200000,2022-10-21T03:50:00Z,6.11,6.11,6.1,6.1,209.403,1277.3583
1666324500000,2022-10-21T03:55:00Z,6.1,6.1,6.08,6.08,236.262,1438.56074
1666324800000,2022-10-21T04:00:00Z,6.08,6.09,6.08,6.09,590.69,3597.3021
1666325100000,2022-10-21T04:05:00Z,6.09,6.09,6.09,6.09,3241.715,19742.04435
1666325400000,2022-10-21T04:10:00Z,6.09,6.09,6.08,6.08,401.208,2443.18587
1666325700000,2022-10-21T04:15:00Z,6.08,6.09,6.08,6.09,644.605,3921.11147
1666326000000,2022-10-21T04:20:00Z,6.09,6.09,6.09,6.09,0.389,2.36901
1666326300000,2022-10-21T04:25:00Z,6.09,6.1,6.09,6.09,599.627,3656.53941
1666326600000,2022-10-21T04:30:00Z,6.09,6.09,6.05,6.07,7656.928,46492.90439
1666326900000,2022-10-21T04:35:00Z,6.07,6.07,6.05,6.06,652.43,3953.35583
1666327200000,2022-10-21T04:40:00Z,6.06,6.06,6.05,6.06,572.804,3466.24216
1666327500000,2022-10-21T04:45:00Z,6.06,6.06,6.05,6.06,240.037,1454.60156
1666327800000,2022-10-21T04:50:00Z,6.06,6.06,6.05,6.05,300.28,1816.69789
1666328100000,2022-10-21T04:55:00Z,6.05,6.05,6.05,6.05,787.991,4767.34555
1666328400000,2022-10-21T05:00:00Z,6.05,6.06,6.05,6.06,36.102,218.74737
1666328700000,2022-10-21T05:05:00Z,6.06,6.06,6.05,6.05,445.678,2700.16716
1666329000000,2022-10-21T05:10:00Z,6.05,6.06,6.05,6.06,0.778,4.71079
1666329300000,2022-10-21T05:15:00Z,6.06,6.06,6.05,6.05,347.816,2104.2868
1666329600000,2022-10-21T05:20:00Z,6.05,6.05,6.04,6.05,732.959,4430.55617
1666329900000,2022-10-21T05:25:00Z,6.05,6.05,6.04,6.04,0.389,2.34956
1666330200000,2022-10-21T05:30:00Z,6.04,6.04,6.04,6.04,128.027,773.28308
1666330500000,2022-10-21T05:35:00Z,6.04,6.04,6.04,6.04,94.611,571.45044
1666330800000,2022-10-21T05:40:00Z,6.04,6.05,6.04,6.05,213.539,1291.40604
1666331100000,2022-10-21T05:45:00Z,6.05,6.05,6.05,6.05,3231.043,19547.81015
1666331400000,2022-10-21T05:50:00Z,6.05,6.05,6.02,6.03,2701.492,16282.74455
1666331700000,2022-10-21T05:55:00Z,6.03,6.03,6.02,6.02,243.606,1466.50812
1666332000000,2022-10-21T06:00:00Z,6.02,6.02,6.01,6.02,800.152,4810.85223
1666332300000,2022-10-21T06:05:00Z,6.02,6.04,6.02,6.04,1119.266,6756.14834
1666332600000,2022-10-21T06:10:00Z,6.04,6.04,6.04,6.04,793.06,4790.0824
1666332900000,2022-10-21T06:15:00Z,6.04,6.04,6.03,6.03,678.689,4097.29866
1666333200000,2022-10-21T06:20:00Z,6.03,6.03,6.02,6.02,1507.571,9085.13782
1666333500000,2022-10-21T06:25:00Z,6.02,6.02,6.01,6.01,1126.188,6775.02369
1666333800000,2022-10-21T06:30:00Z,6.01,6.02,6.01,6.02,531.915,3202.1283
1666334100000,2022-10-21T06:35:00Z,6.02,6.03,6.01,6.01,1438.87,8655.8595
1666334400000,2022-10-21T06:40:00Z,6.01,6.01,6.01,6.01,367.234,2207.07634
1666334700000,2022-10-21T06:45:00Z,6.01,6.02,6.01,6.02,1375.288,8279.23376
1666335000000,2022-10-21T06:50:00Z,6.02,6.03,6.02,6.02,1030.9,6209.18624
1666335300000,2022-10-21T06:55:00Z,6.02,6.03,6.01,6.01,765.62,4607.14957
1666335600000,2022-10-21T07:00:00Z,6.01,6.01,6.01,6.01,1288.049,7741.17449
1666335900000,2022-10-21T07:05:00Z,6.01,6.01,5.98,5.99,3018.927,18110.53948
1666336200000,2022-10-21T07:10:00Z,5.99,6,5.99,6,164.282,985.692
1666336500000,2022-10-21T07:15:00Z,6,6.03,6,6.03,1926.716,11596.38633
1666336800000,2022-10-21T07:20:00Z,6.03,6.06,6.03,6.05,3250.383,19649.74968
1666337100000,2022-10-21T07:25:00Z,6.05,6.06,6.05,6.06,1735.104,10514.73024
1666337400000,2022-10-21T07:30:00Z,6.06,6.06,6.05,6.05,329.25,1991.9625
1666337700000,2022-10-21T07:35:00Z,6.05,6.05,6.03,6.03,1617.709,9767.91824
1666338000000,2022-10-21T07:40:00Z,6.03,6.04,6.03,6.03,332.386,2004.29147
1666338300000,2022-10-21T07:45:00Z,6.03,6.03,6.02,6.02,1406.38,8472.34765
1666338600000,2022-10-21T07:50:00Z,6.02,6.02,6.02,6.02,652.922,3930.59044
1666338900000,2022-10-21T07:55:00Z,6.02,6.02,6,6,1927.657,11581.54096
1666339200000,2022-10-21T08:00:00Z,6,6,5.99,6,3584.53,21504.08621
1666339500000,2022-10-21T08:05:00Z,6,6,5.99,5.99,1434.437,8596.2189
1666339800000,2022-10-21T08:10:00Z,5.99,5.99,5.96,5.97,2655.205,15860.74473
1666340100000,2022-10-21T08:15:00Z,5.97,5.98,5.92,5.96,10868.83,64597.43064
1666340400000,2022-10-21T08:20:00Z,5.96,5.96,5.94,5.94,3195.682,19004.25951
1666340700000,2022-10-21T08:25:00Z,5.94,5.95,5.94,5.95,2617.324,15560.26097
1666341000000,2022-10-21T08:30:00Z,5.95,5.95,5.93,5.93,1626.145,9658.06433
1666341300000,2022-10-21T08:35:00Z,5.93,5.94,5.88,5.9,13228.326,78278.27322
1666341600000,2022-10-21T08:40:00Z,5.9,5.94,5.9,5.94,3280.529,19437.63448
1666341900000,2022-10-21T08:45:00Z,5.94,5.96,5.93,5.96,2440.228,14509.10474
1666342200000,2022-10-21T08:50:00Z,5.96,5.96,5.94,5.95,2075.717,12349.47375
1666342500000,2022-10-21T08:55:00Z,5.95,5.96,5.95,5.96,1550.415,9236.4124
1666342800000,2022-10-21T09:00:00Z,5.96,5.98,5.96,5.98,3679.816,21965.1234
1666343100000,2022-10-21T09:05:00Z,5.98,5.98,5.95,5.96,4839.356,28850.83202
1666343400000,2022-10-21T09:10:00Z,5.96,5.96,5.93,5.93,2425.094,14433.84132
1666343700000,2022-10-21T09:15:00Z,5.93,5.93,5.91,5.93,1300.294,7702.28378
1666344000000,2022-10-21T09:20:00Z,5.93,5.95,5.93,5.95,2021.145,12000.46002
1666344300000,2022-10-21T09:25:00Z,5.95,5.98,5.95,5.98,1365.456,8152.83945
1666344600000,2022-10-21T09:30:00Z,5.98,5.99,5.98,5.98,1741.952,10421.92242
1666344900000,2022-10-21T09:35:00Z,5.98,5.98,5.97,5.97,970.563,5802.34875
1666345200000,2022-10-21T09:40:00Z,5.97,5.97,5.96,5.96,1538.38,9168.7448
1666345500000,2022-10-21T09:45:00Z,5.96,5.97,5.95,5.97,5188.85,30940.70089
1666345800000,2022-10-21T09:50:00Z,5.97,5.98,5.97,5.98,3078.082,18406.93036
1666346100000,2022-10-21T09:55:00Z,5.98,5.99,5.98,5.98,2448.927,14644.65371
1666346400000,2022-10-21T10:00:00Z,5.98,5.98,5.97,5.98,82.304,492.17403
1666346700000,2022-10-21T10:05:00Z,5.98,5.98,5.97,5.97,832.998,4980.40839
1666347000000,2022-10-21T10:10:00Z,5.97,5.97,5.96,5.96,879.184,5239.93664
1666347300000,2022-10-21T10:15:00Z,5.96,5.96,5.94,5.95,1054.875,6273.77867
1666347600000,2022-10-21T10:20:00Z,5.95,5.95,5.95,5.95,884.985,5265.66075
1666347900000,2022-10-21T10:25:00Z,5.95,5.95,5.95,5.95,374.834,2230.2623
1666348200000,2022-10-21T10:30:00Z,5.95,5.95,5.93,5.93,1370.731,8140.03267
1666348500000,2022-10-21T10:35:00Z,5.93,5.93,5.93,5.93,1070.893,6350.39549
1666348800000,2022-10-21T10:40:00Z,5.93,5.93,5.93,5.93,950.55,5636.7615
1666349100000,2022-10-21T10:45:00Z,5.93,5.93,5.93,5.93,1154.994,6849.11442
1666349400000,2022-10-21T10:50:00Z,5.93,5.95,5.93,5.95,1129.47,6703.31613
1666349700000,2022-10-21T10:55:00Z,5.95,5.97,5.95,5.97,1047.455,6239.50505
1666350000000,2022-10-21T11:00:00Z,5.97,5.97,5.94,5.94,3210.61,19115.81315
1666350300000,2022-10-21T11:05:00Z,5.94,5.94,5.94,5.94,907.489,5390.48466
1666350600000,2022-10-21T11:10:00Z,5.94,5.94,5.91,5.91,1255.899,7432.95257
1666350900000,2022-10-21T11:15:00Z,5.91,5.92,5.91,5.92,1996.689,11817.25114
1666351200000,2022-10-21T11:20:00Z,5.92,5.95,5.92,5.95,796.388,4733.41553
1666351500000,2022-10-21T11:25:00Z,5.95,5.95,5.95,5.95,2463.635,14658.62825
1666351800000,2022-10-21T11:30:00Z,5.95,5.95,5.94,5.94,847.883,5036.42502
1666352100000,2022-10-21T11:35:00Z,5.94,5.95,5.94,5.95,1496.844,8906.2218
1666352400000,2022-10-21T11:40:00Z,5.95,5.95,5.93,5.93,515.912,3062.1597
1666352700000,2022-10-21T11:45:00Z,5.93,5.93,5.92,5.92,1076.225,6376.09248
1666353000000,2022-10-21T11:50:00Z,5.92,5.92,5.91,5.91,8.225,48.61364
1666353300000,2022-10-21T11:55:00Z,5.91,5.91,5.9,5.9,1929.003,11391.5323
1666353600000,2022-10-21T12:00:00Z,5.9,5.91,5.9,5.9,1245.601,7349.05437
1666353900000,2022-10-21T12:05:00Z,5.9,5.9,5.89,5.9,264.853,1562.62881
1666354200000,2022-10-21T12:10:00Z,5.9,5.9,5.82,5.86,11646.947,68298.33021
1666354500000,2022-10-21T12:15:00Z,5.86,5.86,5.84,5.85,4406.068,25770.62855
1666354800000,2022-10-21T12:20:00Z,5.85,5.86,5.84,5.86,5435.329,31777.51992
1666355100000,2022-10-21T12:25:00Z,5.86,5.91,5.86,5.91,3547.842,20889.0688
1666355400000,2022-10-21T12:30:00Z,5.91,5.91,5.89,5.89,1824.994,10764.16358
1666355700000,2022-10-21T12:35:00Z,5.89,5.9,5.89,5.9,1814.694,10698.91844
1666356000000,2022-10-21T12:40:00Z,5.9,5.95,5.9,5.95,2055.874,12161.65613
1666356300000,2022-10-21T12:45:00Z,5.95,5.95,5.92,5.93,1760.565,10438.73518
1666356600000,2022-10-21T12:50:00Z,5.93,5.93,5.91,5.92,2750.785,16275.58079
1666356900000,2022-10-21T12:55:00Z,5.92,5.96,5.91,5.96,4699.579,27927.94325
1666357200000,2022-10-21T13:00:00Z,5.96,6,5.93,5.98,9239.002,55018.54826
1666357500000,2022-10-21T13:05:00Z,5.98,6.02,5.98,6,2132.921,12793.09674
1666357800000,2022-10-21T13:10:00Z,6,6,5.97,5.97,4238.863,25368.25179
1666358100000,2022-10-21T13:15:00Z,5.97,5.98,5.94,5.94,3924.819,23394.84735
1666358400000,2022-10-21T13:20:00Z,5.94,5.95,5.93,5.93,1766.696,10502.80247
1666358700000,2022-10-21T13:25:00Z,5.93,5.97,5.93,5.96,5229.773,31113.90557
1666359000000,2022-10-21T13:30:00Z,5.96,5.98,5.93,5.96,4360.504,25978.02671
1666359300000,2022-10-21T13:35:00Z,5.96,5.97,5.95,5.96,4327.254,25793.35247
1666359600000,2022-10-21T13:40:00Z,5.96,5.98,5.94,5.98,3765.018,22394.88545
1666359900000,2022-10-21T13:45:00Z,5.98,5.99,5.97,5.99,2881.47,17251.66544
1666360200000,2022-10-21T13:50:00Z,5.99,6.01,5.98,6.01,4699.813,28209.30807
1666360500000,2022-10-21T13:55:00Z,6.01,6.02,6.01,6.02,1362.715,8202.5943
1666360800000,2022-10-21T14:00:00Z,6.02,6.02,6,6,1625.52,9761.16159
1666361100000,2022-10-21T14:05:00Z,6,6.03,6,6.02,2047.261,12327.04632
1666361400000,2022-10-21T14:10:00Z,6.02,6.02,6,6.01,1282.703,7707.34181
1666361700000,2022-10-21T14:15:00Z,6.01,6.01,5.97,5.98,1969.25,11789.54183
1666362000000,2022-10-21T14:20:00Z,5.98,5.99,5.96,5.96,5780.712,34518.80821
1666362300000,2022-10-21T14:25:00Z,5.96,5.96,5.95,5.95,4329.354,25790.41141
1666362600000,2022-10-21T14:30:00Z,5.95,5.96,5.94,5.94,3521.631,20971.59316
1666362900000,2022-10-21T14:35:00Z,5.94,5.94,5.92,5.93,5671.754,33622.28252
1666363200000,2022-10-21T14:40:00Z,5.93,5.95,5.93,5.95,2100.107,12475.98272
1666363500000,2022-10-21T14:45:00Z,5.95,5.98,5.95,5.98,3274.985,19560.82651
1666363800000,2022-10-21T14:50:00Z,5.98,5.98,5.97,5.97,2972.863,17758.64351
1666364100000,2022-10-21T14:55:00Z,5.97,5.97,5.94,5.95,1808.441,10761.68195
1666364400000,2022-10-21T15:00:00Z,5.95,5.95,5.93,5.94,2047.843,12156.56346
1666364700000,2022-10-21T15:05:00Z,5.94,5.94,5.94,5.94,1816.214,10788.31116
1666365000000,2022-10-21T15:10:00Z,5.94,5.96,5.94,5.96,896.87,5344.21205
1666365300000,2022-10-21T15:15:00Z,5.96,5.96,5.95,5.95,1098.237,6536.14929
1666365600000,2022-10-21T15:20:00Z,5.95,5.97,5.95,5.97,745.591,4447.69619
1666365900000,2022-10-21T15:25:00Z,5.97,5.98,5.97,5.97,1152.158,6882.64379
1666366200000,2022-10-21T15:30:00Z,5.97,5.99,5.97,5.99,1286.02,7694.94273
1666366500000,2022-10-21T15:35:00Z,5.99,5.99,5.97,5.97,477.195,2851.95418
1666366800000,2022-10-21T15:40:00Z,5.97,5.98,5.96,5.96,949.272,5667.14384
1666367100000,2022-10-21T15:45:00Z,5.96,5.99,5.96,5.98,2012.647,12034.63036
1666367400000,2022-10-21T15:50:00Z,5.98,5.99,5.98,5.99,1148.68,6873.65496
1666367700000,2022-10-21T15:55:00Z,5.99,6.04,5.99,6.04,2727.636,16391.44758
1666368000000,2022-10-21T16:00:00Z,6.04,6.09,6.03,6.08,8713.662,52780.26548
1666368300000,2022-10-21T16:05:00Z,6.08,6.09,6.07,6.09,5279.007,32061.85899
1666368600000,2022-10-21T16:10:00Z,6.09,6.09,6.06,6.07,5572.634,33833.62183
1666368900000,2022-10-21T16:15:00Z,6.07,6.07,6.06,6.06,3139.506,19054.08508
1666369200000,2022-10-21T16:20:00Z,6.06,6.06,6.05,6.06,2555.975,15487.46161
1666369500000,2022-10-21T16:25:00Z,6.06,6.06,6.02,6.02,3507.597,21200.17728
1666369800000,2022-10-21T16:30:00Z,6.02,6.04,6.02,6.04,3406.794,20550.51823
1666370100000,2022-10-21T16:35:00Z,6.04,6.05,6.02,6.03,2189.888,13222.50068
1666370400000,2022-10-21T16:40:00Z,6.03,6.04,6.03,6.04,1798.219,10853.64166
1666370700000,2022-10-21T16:45:00Z,6.04,6.04,6.03,6.03,1477.948,8921.97759
1666371000000,2022-10-21T16:50:00Z,6.03,6.04,6.03,6.03,1014.15,6119.32647
1666371300000,2022-10-21T16:55:00Z,6.03,6.03,6.01,6.01,1580.422,9518.35806
1666371600000,2022-10-21T17:00:00Z,6.01,6.03,6.01,6.03,1520.2,9163.17437
1666371900000,2022-10-21T17:05:00Z,6.03,6.03,6.01,6.01,850,5122.33824
1666372200000,2022-10-21T17:10:00Z,6.01,6.01,6,6.01,1584.711,9523.57693
1666372500000,2022-10-21T17:15:00Z,6.01,6.02,6,6.01,2307.635,13870.82199
1666372800000,2022-10-21T17:20:00Z,6.01,6.03,6.01,6.01,1841.194,11073.28893
1666373100000,2022-10-21T17:25:00Z,6.01,6.02,6.01,6.01,1826.818,10990.7305
1666373400000,2022-10-21T17:30:00Z,6.01,6.04,6.01,6.03,3038.546,18336.69814
1666373700000,2022-10-21T17:35:00Z,6.03,6.03,6,6,312.878,1879.29998
1666374000000,2022-10-21T17:40:00Z,6,6.01,6,6,638.75,3837.57672
1666374300000,2022-10-21T17:45:00Z,6,6.01,6,6.01,0.389,2.33789
1666374600000,2022-10-21T17:50:00Z,6.01,6.03,6.01,6.03,1478.53,8914.05596
1666374900000,2022-10-21T17:55:00Z,6.03,6.03,6.02,6.03,959.189,5776.0849
1666375200000,2022-10-21T18:00:00Z,6.03,6.04,6.03,6.04,2883.409,17397.29311
1666375500000,2022-10-21T18:05:00Z,6.04,6.04,6.03,6.04,948.079,5724.3342
1666375800000,2022-10-21T18:10:00Z,6.04,6.04,6,6,1471.299,8851.19325
1666376100000,2022-10-21T18:15:00Z,6,6.01,6,6,1513.671,9084.32833
1666376400000,2022-10-21T18:20:00Z,6,6,5.98,5.98,2901.472,17357.97398
1666376700000,2022-10-21T18:25:00Z,5.98,6,5.98,5.99,1460.014,8733.53534
1666377000000,2022-10-21T18:30:00Z,5.99,5.99,5.99,5.99,2616.675,15673.88325
1666377300000,2022-10-21T18:35:00Z,5.99,6,5.99,5.99,805.139,4822.80523
1666377600000,2022-10-21T18:40:00Z,5.99,6,5.99,5.99,43.98,263.49548
1666377900000,2022-10-21T18:45:00Z,5.99,6,5.99,6,190.389,1140.434
1666378200000,2022-10-21T18:50:00Z,6,6,5.99,5.99,1437.835,8622.73061
1666378500000,2022-10-21T18:55:00Z,5.99,6,5.99,6,1031.611,6184.81228
1666378800000,2022-10-21T19:00:00Z,6,6.01,6,6.01,1095.773,6582.98548
1666379100000,2022-10-21T19:05:00Z,6.01,6.03,6.01,6.02,5408.396,32559.04403
1666379400000,2022-10-21T19:10:00Z,6.02,6.04,6.02,6.03,1494.341,9018.52148
1666379700000,2022-10-21T19:15:00Z,6.03,6.04,6.02,6.03,2435.021,14677.74097
1666380000000,2022-10-21T19:20:00Z,6.03,6.03,6.03,6.03,984.52,5936.6556
1666380300000,2022-10-21T19:25:00Z,6.03,6.03,6.02,6.02,2231.723,13440.66834
1666380600000,2022-10-21T19:30:00Z,6.02,6.02,6.02,6.02,406.64,2447.9728
1666380900000,2022-10-21T19:35:00Z,6.02,6.02,6.01,6.02,151.452,911.73715
1666381200000,2022-10-21T19:40:00Z,6.02,6.03,6.02,6.03,2885.658,17388.07062
1666381500000,2022-10-21T19:45:00Z,6.03,6.04,6.03,6.04,4135.141,24965.48106
1666381800000,2022-10-21T19:50:00Z,6.04,6.04,6.02,6.02,2582.554,15552.17217
1666382100000,2022-10-21T19:55:00Z,6.02,6.02,6.01,6.01,1698.256,10216.95404
1666382400000,2022-10-21T20:00:00Z,6.01,6.04,6.01,6.04,3567.621,21517.75755
1666382700000,2022-10-21T20:05:00Z,6.04,6.04,6.04,6.04,1699.065,10262.3526
1666383000000,2022-10-21T20:10:00Z,6.04,6.04,6.02,6.02,4010.163,24182.53068
1666383300000,2022-10-21T20:15:00Z,6.02,6.03,6.02,6.02,933.067,5619.22041
1666383600000,2022-10-21T20:20:00Z,6.02,6.02,6.02,6.02,963.655,5801.2031
1666383900000,2022-10-21T20:25:00Z,6.02,6.02,6.02,6.02,1310.878,7891.48556
1666384200000,2022-10-21T20:30:00Z,6.02,6.02,6.01,6.01,355.776,2140.1277
1666384500000,2022-10-21T20:35:00Z,6.01,6.01,6.01,6.01,1150.328,6913.47128
1666384800000,2022-10-21T20:40:00Z,6.01,6.01,6,6.01,585.105,3516.47716
1666385100000,2022-10-21T20:45:00Z,6.01,6.01,5.99,5.99,2992.078,17953.06417
1666385400000,2022-10-21T20:50:00Z,5.99,6.01,5.99,6.01,177.459,1066.21686
1666385700000,2022-10-21T20:55:00Z,6.01,6.01,6.01,6.01,575.773,3460.39573
1666386000000,2022-10-21T21:00:00Z,6.01,6.02,6.01,6.01,0.778,4.67967
1666386300000,2022-10-21T21:05:00Z,6.01,6.02,6.01,6.02,323.333,1946.46466
1666386600000,2022-10-21T21:10:00Z,6.02,6.02,6.01,6.01,844.794,5077.21194
1666386900000,2022-10-21T21:15:00Z,6.01,6.01,6.01,6.01,102.813,617.90613
1666387200000,2022-10-21T21:20:00Z,6.01,6.01,6,6,98.212,589.272
1666387500000,2022-10-21T21:25:00Z,6,6,6,6,0.389,2.334
1666387800000,2022-10-21T21:30:00Z,6,6,5.99,6,626.697,3760.17811
1666388100000,2022-10-21T21:35:00Z,6,6,5.99,5.99,0.389,2.33011
1666388400000,2022-10-21T21:40:00Z,5.99,6,5.99,5.99,303.824,1821.79828
1666388700000,2022-10-21T21:45:00Z,5.99,6,5.99,6,72.351,434.10211
1666389000000,2022-10-21T21:50:00Z,6,6,5.99,5.99,0.389,2.33011
1666389300000,2022-10-21T21:55:00Z,5.99,6,5.99,6,265.837,1595.01811
1666389600000,2022-10-21T22:00:00Z,6,6.01,6,6,326.218,1958.38385
1666389900000,2022-10-21T22:05:00Z,6,6.01,5.99,6.01,519,3111.85983
1666390200000,2022-10-21T22:10:00Z,6.01,6.01,6.01,6.01,97.08,583.4508
1666390500000,2022-10-21T22:15:00Z,6.01,6.01,6,6,48.942,294.08206
1666390800000,2022-10-21T22:20:00Z,6,6.01,6,6.01,153.372,921.76572
1666391100000,2022-10-21T22:25:00Z,6.01,6.01,5.99,5.99,320.59,1923.48492
1666391400000,2022-10-21T22:30:00Z,5.99,6.01,5.99,6.01,2132.622,12817.05822
1666391700000,2022-10-21T22:35:00Z,6.01,6.02,6.01,6.01,203.026,1220.2693
1666392000000,2022-10-21T22:40:00Z,6.01,6.03,6.01,6.02,430.322,2590.60638
1666392300000,2022-10-21T22:45:00Z,6.02,6.02,6.01,6.02,0.778,4.67967
1666392600000,2022-10-21T22:50:00Z,6.02,6.02,6.01,6.01,0.575,3.45761
1666392900000,2022-10-21T22:55:00Z,6.01,6.03,6.01,6.03,418.197,2518.54594
1666393200000,2022-10-21T23:00:00Z,6.03,6.05,6.03,6.03,870.025,5259.00711
1666393500000,2022-10-21T23:05:00Z,6.03,6.03,6.03,6.03,3129.55,18871.1865
1666393800000,2022-10-21T23:10:00Z,6.03,6.03,6.03,6.03,2499.944,15074.66232
1666394100000,2022-10-21T23:15:00Z,6.03,6.03,6.02,6.02,204.333,1232.08855
1666394400000,2022-10-21T23:20:00Z,6.02,6.02,6.02,6.02,817.074,4918.78548
1666394700000,2022-10-21T23:25:00Z,6.02,6.02,6.02,6.02,617.584,3717.85568
1666395000000,2022-10-21T23:30:00Z,6.02,6.03,6.02,6.03,170.957,1030.87071
1666395300000,2022-10-21T23:35:00Z,6.03,6.03,6.03,6.03,333.122,2008.72566
1666395600000,2022-10-21T23:40:00Z,6.03,6.03,6.02,6.02,963.296,5799.04192
1666395900000,2022-10-21T23:45:00Z,6.02,6.02,6.02,6.02,121.772,733.06744
1666396200000,2022-10-21T23:50:00Z,6.02,6.02,6.01,6.02,100.389,604.33789
1666396500000,2022-10-21T23:55:00Z,6.02,6.03,6.02,6.03,610.054,3678.62562
1666396800000,2022-10-22T00:00:00Z,6.03,6.04,6.01,6.01,898.057,5408.63582
1666397100000,2022-10-22T00:05:00Z,6.01,6.01,6,6.01,1081.297,6497.14676
1666397400000,2022-10-22T00:10:00Z,6.01,6.02,6.01,6.02,303.212,1825.33624
1666397700000,2022-10-22T00:15:00Z,6.02,6.02,6.02,6.02,103.741,624.52082
1666398000000,2022-10-22T00:20:00Z,6.02,6.05,6.02,6.05,4986.503,30141.26812
1666398300000,2022-10-22T00:25:00Z,6.05,6.05,6.04,6.04,4158.935,25127.84995
1666398600000,2022-10-22T00:30:00Z,6.04,6.04,6.03,6.03,838.978,5059.03734
1666398900000,2022-10-22T00:35:00Z,6.03,6.03,6.02,6.02,718.678,4326.93287
1666399200000,2022-10-22T00:40:00Z,6.02,6.02,6.01,6.01,2711.429,16318.58203
1666399500000,2022-10-22T00:45:00Z,6.01,6.01,6.01,6.01,367.918,2211.18718
1666399800000,2022-10-22T00:50:00Z,6.01,6.02,6.01,6.02,0.389,2.34178
1666400100000,2022-10-22T00:55:00Z,6.02,6.02,6.01,6.02,0.778,4.67967
1666400400000,2022-10-22T01:00:00Z,6.02,6.03,6.02,6.03,1908.844,11501.20616
1666400700000,2022-10-22T01:05:00Z,6.03,6.03,6.02,6.02,342.015,2058.9303
1666401000000,2022-10-22T01:10:00Z,6.02,6.02,6.01,6.02,1520.422,9141.80954
1666401300000,2022-10-22T01:15:00Z,6.02,6.02,6.01,6.01,940.568,5652.81368
1666401600000,2022-10-22T01:20:00Z,6.01,6.01,6.01,6.01,230.269,1383.91669
1666401900000,2022-10-22T01:25:00Z,6.01,6.01,6,6.01,0.778,4.67189
1666402200000,2022-10-22T01:30:00Z,6.01,6.01,6,6,245.806,1474.83989
1666402500000,2022-10-22T01:35:00Z,6,6.02,6,6.02,391.694,2354.64373
1666402800000,2022-10-22T01:40:00Z,6.02,6.02,6.02,6.02,1613.145,9711.1329
1666403100000,2022-10-22T01:45:00Z,6.02,6.02,6.01,6.01,438,2633.38
1666403400000,2022-10-22T01:50:00Z,6.01,6.02,6.01,6.02,449.626,2704.25226
1666403700000,2022-10-22T01:55:00Z,6.02,6.02,6.02,6.02,309.961,1865.96522
1666404000000,2022-10-22T02:00:00Z,6.02,6.02,6.02,6.02,0.389,2.34178
1666404300000,2022-10-22T02:05:00Z,6.02,6.03,6.02,6.03,702.009,4227.1157
1666404600000,2022-10-22T02:10:00Z,6.03,6.04,6.03,6.04,735.69,4443.5676
1666404900000,2022-10-22T02:15:00Z,6.04,6.04,6.03,6.03,455.533,2746.86399
1666405200000,2022-10-22T02:20:00Z,6.03,6.03,6.01,6.02,372.621,2240.37842
1666405500000,2022-10-22T02:25:00Z,6.02,6.02,6.01,6.01,0.778,4.67578
1666405800000,2022-10-22T02:30:00Z,6.01,6.01,6.01,6.01,587.384,3530.17784
1666406100000,2022-10-22T02:35:00Z,6.01,6.01,6.01,6.01,193.194,1161.09594
1666406400000,2022-10-22T02:40:00Z,6.01,6.01,5.99,6,475.111,2848.796
1666406700000,2022-10-22T02:45:00Z,6,6,6,6,1057.957,6347.742
1666407000000,2022-10-22T02:50:00Z,6,6,5.99,5.99,1025.913,6145.22276
1666407300000,2022-10-22T02:55:00Z,5.99,6,5.98,6,1498.745,8991.11081
1666407600000,2022-10-22T03:00:00Z,6,6,5.99,5.99,1439.813,8627.94654
1666407900000,2022-10-22T03:05:00Z,5.99,6.01,5.99,6.01,1389.528,8349.06328
1666408200000,2022-10-22T03:10:00Z,6.01,6.01,6.01,6.01,100.389,603.33789
1666408500000,2022-10-22T03:15:00Z,6.01,6.02,6.01,6.02,230.104,1385.06469
1666408800000,2022-10-22T03:20:00Z,6.02,6.02,6.01,6.01,901.258,5425.56927
1666409100000,2022-10-22T03:25:00Z,6.01,6.02,6.01,6.02,455.974,2740.4054
1666409400000,2022-10-22T03:30:00Z,6.02,6.02,6.01,6.02,949.742,5717.44295
1666409700000,2022-10-22T03:35:00Z,6.02,6.03,6.01,6.02,703.783,4241.28369
1666410000000,2022-10-22T03:40:00Z,6.02,6.02,6.01,6.01,742.596,4463.00585
1666410300000,2022-10-22T03:45:00Z,6.01,6.03,6.01,6.03,435.006,2622.73612
1666410600000,2022-10-22T03:50:00Z,6.03,6.03,6.02,6.02,78.378,471.83556
1666410900000,2022-10-22T03:55:00Z,6.02,6.03,6.02,6.03,3.207,19.33821
1666411200000,2022-10-22T04:00:00Z,6.03,6.04,6.02,6.02,3951.838,23852.67457
1666411500000,2022-10-22T04:05:00Z,6.02,6.03,6.02,6.02,191.95,1155.54065
1666411800000,2022-10-22T04:10:00Z,6.02,6.02,6.01,6.01,0.389,2.33789
1666412100000,2022-10-22T04:15:00Z,6.01,6.01,6.01,6.01,3.77,22.6577
1666412400000,2022-10-22T04:20:00Z,6.01,6.01,6,6,0.778,4.67189
1666412700000,2022-10-22T04:25:00Z,6,6.01,6,6.01,0.389,2.33789
1666413000000,2022-10-22T04:30:00Z,6.01,6.01,6.01,6.01,195.712,1176.22912
1666413300000,2022-10-22T04:35:00Z,6.01,6.01,6.01,6.01,0.389,2.33789
1666413600000,2022-10-22T04:40:00Z,6.01,6.01,6,6,0.778,4.67189
1666413900000,2022-10-22T04:45:00Z,6,6,6,6,207.687,1246.122
1666414200000,2022-10-22T04:50:00Z,6,6,6,6,166.615,999.69
1666414500000,2022-10-22T04:55:00Z,6,6,6,6,17.277,103.662
1666414800000,2022-10-22T05:00:00Z,6,6.01,6,6,461.465,2772.40465
1666415100000,2022-10-22T05:05:00Z,6,6,6,6,35.486,212.916
1666415400000,2022-10-22T05:10:00Z,6,6.01,6,6,79.18,475.08389
1666415700000,2022-10-22T05:15:00Z,6,6,5.99,5.99,251.242,1507.43398
1666416000000,2022-10-22T05:20:00Z,5.99,5.99,5.99,5.99,2996.314,17947.92086
1666416300000,2022-10-22T05:25:00Z,5.99,5.99,5.99,5.99,145.557,871.88643
1666416600000,2022-10-22T05:30:00Z,5.99,6,5.99,6,651.755,3904.95947
1666416900000,2022-10-22T05:35:00Z,6,6,6,6,235.097,1410.582
1666417200000,2022-10-22T05:40:00Z,6,6,6,6,100.389,602.334
1666417500000,2022-10-22T05:45:00Z,6,6.01,6,6.01,0.778,4.67578
1666417800000,2022-10-22T05:50:00Z,6.01,6.01,6,6,370.179,2221.074
1666418100000,2022-10-22T05:55:00Z,6,6.01,5.99,6.01,100.778,604.668
1666418400000,2022-10-22T06:00:00Z,6.01,6.02,6,6.02,442.296,2656.05607
1666418700000,2022-10-22T06:05:00Z,6.02,6.03,6.02,6.03,1225.711,7390.0338
1666419000000,2022-10-22T06:10:00Z,6.03,6.03,6.01,6.01,321.432,1934.98438
1666419300000,2022-10-22T06:15:00Z,6.01,6.03,6.01,6.02,125.661,756.4958
1666419600000,2022-10-22T06:20:00Z,6.02,6.02,6.02,6.02,0.389,2.34178
1666419900000,2022-10-22T06:25:00Z,6.02,6.02,6.02,6.02,654.467,3939.89134
1666420200000,2022-10-22T06:30:00Z,6.02,6.03,6.02,6.03,0.389,2.34567
1666420500000,2022-10-22T06:35:00Z,6.03,6.03,6.02,6.02,17.873,107.68587
1666420800000,2022-10-22T06:40:00Z,6.02,6.03,6.02,6.03,0.778,4.68745
1666421100000,2022-10-22T06:45:00Z,6.03,6.03,6.02,6.02,325.936,1962.13472
1666421400000,2022-10-22T06:50:00Z,6.02,6.03,6.02,6.03,356.436,2146.62995
1666421700000,2022-10-22T06:55:00Z,6.03,6.03,6.02,6.02,0.778,4.68356
1666422000000,2022-10-22T07:00:00Z,6.02,6.03,6.02,6.03,100.388,605.33964
1666422300000,2022-10-22T07:05:00Z,6.03,6.05,6.03,6.05,2113.494,12786.20269
1666422600000,2022-10-22T07:10:00Z,6.05,6.06,6.05,6.06,2005.211,12150.57866
1666422900000,2022-10-22T07:15:00Z,6.06,6.06,6.05,6.05,261.333,1582.08115
1666423200000,2022-10-22T07:20:00Z,6.05,6.05,6.03,6.03,209.632,1265.12942
1666423500000,2022-10-22T07:25:00Z,6.03,6.04,6.03,6.04,453.255,2736.42981
1666423800000,2022-10-22T07:30:00Z,6.04,6.05,6.04,6.05,1504.958,9103.9959
1666424100000,2022-10-22T07:35:00Z,6.05,6.05,6.05,6.05,436.743,2642.29515
1666424400000,2022-10-22T07:40:00Z,6.05,6.05,6.05,6.05,556.106,3364.4413
1666424700000,2022-10-22T07:45:00Z,6.05,6.05,6.04,6.04,2171.293,13114.61361
1666425000000,2022-10-22T07:50:00Z,6.04,6.06,6.04,6.06,250.175,1515.05661
1666425300000,2022-10-22T07:55:00Z,6.06,6.08,6.06,6.06,1686.678,10223.43222
1666425600000,2022-10-22T08:00:00Z,6.06,6.07,6.05,6.07,560.925,3398.92672
1666425900000,2022-10-22T08:05:00Z,6.07,6.08,6.07,6.08,1369.817,8328.48736
1666426200000,2022-10-22T08:10:00Z,6.08,6.08,6.07,6.07,365.613,2221.92704
1666426500000,2022-10-22T08:15:00Z,6.07,6.07,6.06,6.06,223.402,1353.82001
1666426800000,2022-10-22T08:20:00Z,6.06,6.07,6.06,6.07,1049.06,6367.7942
1666427100000,2022-10-22T08:25:00Z,6.07,6.08,6.07,6.07,1378.816,8372.46452
1666427400000,2022-10-22T08:30:00Z,6.07,6.07,6.07,6.07,0.389,2.36123
1666427700000,2022-10-22T08:35:00Z,6.07,6.08,6.07,6.08,0.619,3.76352
1666428000000,2022-10-22T08:40:00Z,6.08,6.08,6.07,6.07,201.647,1224.00118
1666428300000,2022-10-22T08:45:00Z,6.07,6.07,6.07,6.07,1909.599,11591.26593
1666428600000,2022-10-22T08:50:00Z,6.07,6.08,6.07,6.08,0.389,2.36512
1666428900000,2022-10-22T08:55:00Z,6.08,6.08,6.07,6.07,10.068,61.15223
1666429200000,2022-10-22T09:00:00Z,6.07,6.09,6.07,6.09,1746.706,10636.49298
1666429500000,2022-10-22T09:05:00Z,6.09,6.09,6.07,6.07,366.585,2227.54803
1666429800000,2022-10-22T09:10:00Z,6.07,6.07,6.06,6.06,150.389,911.35734
1666430100000,2022-10-22T09:15:00Z,6.06,6.07,6.06,6.07,309.096,1876.20883
1666430400000,2022-10-22T09:20:00Z,6.07,6.08,6.07,6.07,131.252,796.70742
1666430700000,2022-10-22T09:25:00Z,6.07,6.07,6.05,6.05,580.036,3511.68816
1666431000000,2022-10-22T09:30:00Z,6.05,6.07,6.05,6.07,452.841,2745.36162
1666431300000,2022-10-22T09:35:00Z,6.07,6.08,6.07,6.08,7.517,45.67156
1666431600000,2022-10-22T09:40:00Z,6.08,6.08,6.07,6.07,233.249,1415.90366
1666431900000,2022-10-22T09:45:00Z,6.07,6.07,6.06,6.06,896.38,5439.34598
1666432200000,2022-10-22T09:50:00Z,6.06,6.06,6.05,6.05,189.867,1150.58659
1666432500000,2022-10-22T09:55:00Z,6.05,6.06,6.05,6.05,281.829,1705.06934
1666432800000,2022-10-22T10:00:00Z,6.05,6.06,6.05,6.06,200,1211
1666433100000,2022-10-22T10:05:00Z,6.06,6.06,6.05,6.06,100.389,608.35345
1666433400000,2022-10-22T10:10:00Z,6.06,6.07,6.06,6.07,208.356,1264.72092
1666433700000,2022-10-22T10:15:00Z,6.07,6.07,6.07,6.07,0.389,2.36123
1666434000000,2022-10-22T10:20:00Z,6.07,6.08,6.07,6.08,254.158,1542.90238
1666434300000,2022-10-22T10:25:00Z,6.08,6.08,6.07,6.08,17.834,108.2674
1666434600000,2022-10-22T10:30:00Z,6.08,6.1,6.07,6.09,1620.423,9868.22061
1666434900000,2022-10-22T10:35:00Z,6.09,6.1,6.09,6.09,486.545,2965.55679
1666435200000,2022-10-22T10:40:00Z,6.09,6.09,6.08,6.08,234.743,1427.23744
1666435500000,2022-10-22T10:45:00Z,6.08,6.09,6.08,6.09,621.484,3783.83756
1666435800000,2022-10-22T10:50:00Z,6.09,6.1,6.09,6.1,4982.367,30342.66888
1666436100000,2022-10-22T10:55:00Z,6.1,6.11,6.1,6.11,1048.066,6401.75689
1666436400000,2022-10-22T11:00:00Z,6.11,6.12,6.11,6.12,1607.59,9833.59991
1666436700000,2022-10-22T11:05:00Z,6.12,6.12,6.1,6.11,2032.239,12417.08353
1666437000000,2022-10-22T11:10:00Z,6.11,6.11,6.1,6.1,399.539,2437.1879
1666437300000,2022-10-22T11:15:00Z,6.1,6.1,6.1,6.1,496.611,3029.3271
1666437600000,2022-10-22T11:20:00Z,6.1,6.11,6.1,6.1,35.208,215.11699
1666437900000,2022-10-22T11:25:00Z,6.1,6.11,6.1,6.11,509.236,3111.43196
1666438200000,2022-10-22T11:30:00Z,6.11,6.11,6.11,6.11,100.388,613.37068
1666438500000,2022-10-22T11:35:00Z,6.11,6.12,6.1,6.12,495.035,3024.41474
1666438800000,2022-10-22T11:40:00Z,6.12,6.13,6.12,6.12,522.738,3199.38394
1666439100000,2022-10-22T11:45:00Z,6.12,6.13,6.12,6.12,1593.25,9763.47918
1666439400000,2022-10-22T11:50:00Z,6.12,6.13,6.12,6.13,1512.42,9256.07837
1666439700000,2022-10-22T11:55:00Z,6.13,6.13,6.13,6.13,316.049,1937.38037
1666440000000,2022-10-22T12:00:00Z,6.13,6.13,6.11,6.11,868.32,5313.35189
1666440300000,2022-10-22T12:05:00Z,6.11,6.11,6.1,6.1,471.056,2873.4416
1666440600000,2022-10-22T12:10:00Z,6.1,6.11,6.1,6.11,503.962,3079.20782
1666440900000,2022-10-22T12:15:00Z,6.11,6.11,6.1,6.1,194.027,1184.00497
1666441200000,2022-10-22T12:20:00Z,6.1,6.13,6.1,6.1,1912.959,11683.47962
1666441500000,2022-10-22T12:25:00Z,6.1,6.1,6.09,6.09,209.509,1275.90981
1666441800000,2022-10-22T12:30:00Z,6.09,6.1,6.09,6.1,1.208,7.3688
1666442100000,2022-10-22T12:35:00Z,6.1,6.11,6.1,6.11,816.109,4978.34951
1666442400000,2022-10-22T12:40:00Z,6.11,6.11,6.1,6.1,1138.78,6946.558
1666442700000,2022-10-22T12:45:00Z,6.1,6.1,6.09,6.09,2088.792,12736.74394
1666443000000,2022-10-22T12:50:00Z,6.09,6.11,6.09,6.1,845.12,5156.63169
1666443300000,2022-10-22T12:55:00Z,6.1,6.11,6.1,6.11,1048.07,6403.70381
1666443600000,2022-10-22T13:00:00Z,6.11,6.11,6.1,6.11,2587.264,15806.60421
1666443900000,2022-10-22T13:05:00Z,6.11,6.12,6.11,6.12,608.224,3717.31597
1666444200000,2022-10-22T13:10:00Z,6.12,6.13,6.12,6.13,3836.907,23520.23991
1666444500000,2022-10-22T13:15:00Z,6.13,6.15,6.13,6.14,4179.698,25675.0602
1666444800000,2022-10-22T13:20:00Z,6.14,6.14,6.12,6.14,623.066,3822.25618
1666445100000,2022-10-22T13:25:00Z,6.14,6.14,6.14,6.14,630.64,3872.1296
1666445400000,2022-10-22T13:30:00Z,6.14,6.15,6.13,6.13,458.011,2812.57969
1666445700000,2022-10-22T13:35:00Z,6.13,6.13,6.13,6.13,221.258,1356.31154
1666446000000,2022-10-22T13:40:00Z,6.13,6.13,6.12,6.13,151.083,926.1349
1666446300000,2022-10-22T13:45:00Z,6.13,6.13,6.1,6.1,1048.829,6413.68964
1666446600000,2022-10-22T13:50:00Z,6.1,6.11,6.09,6.09,1647.883,10052.02386
1666446900000,2022-10-22T13:55:00Z,6.09,6.09,6.08,6.08,988.357,6019.09024
1666447200000,2022-10-22T14:00:00Z,6.08,6.11,6.08,6.11,2118.735,12941.00724
1666447500000,2022-10-22T14:05:00Z,6.11,6.12,6.11,6.11,2591.106,15853.36618
1666447800000,2022-10-22T14:10:00Z,6.11,6.12,6.11,6.12,213.188,1304.68568
1666448100000,2022-10-22T14:15:00Z,6.12,6.12,6.12,6.12,803.11,4915.0332
1666448400000,2022-10-22T14:20:00Z,6.12,6.13,6.12,6.12,2047.279,12546.80192
1666448700000,2022-10-22T14:25:00Z,6.12,6.14,6.12,6.14,336.662,2063.77877
1666449000000,2022-10-22T14:30:00Z,6.14,6.14,6.13,6.13,2405.952,14748.48576
1666449300000,2022-10-22T14:35:00Z,6.13,6.13,6.12,6.12,525.181,3215.10772
1666449600000,2022-10-22T14:40:00Z,6.12,6.12,6.12,6.12,231.217,1415.04804
1666449900000,2022-10-22T14:45:00Z,6.12,6.14,6.12,6.13,839.896,5149.44186
1666450200000,2022-10-22T14:50:00Z,6.13,6.13,6.12,6.12,59.27,362.74018
1666450500000,2022-10-22T14:55:00Z,6.12,6.14,6.12,6.14,522.229,3203.08284
1666450800000,2022-10-22T15:00:00Z,6.14,6.15,6.14,6.15,1675.292,10291.4265
1666451100000,2022-10-22T15:05:00Z,6.15,6.15,6.13,6.13,754.011,4624.61837
1666451400000,2022-10-22T15:10:00Z,6.13,6.13,6.11,6.11,603.194,3689.64305
1666451700000,2022-10-22T15:15:00Z,6.11,6.12,6.11,6.12,352.76,2158.83433
1666452000000,2022-10-22T15:20:00Z,6.12,6.13,6.12,6.12,776.912,4760.66647
1666452300000,2022-10-22T15:25:00Z,6.12,6.13,6.11,6.11,1303.923,7983.51437
1666452600000,2022-10-22T15:30:00Z,6.11,6.12,6.11,6.12,521.611,3192.25932
1666452900000,2022-10-22T15:35:00Z,6.12,6.12,6.1,6.1,532.727,3260.28146
1666453200000,2022-10-22T15:40:00Z,6.1,6.11,6.1,6.11,0.389,2.37679
1666453500000,2022-10-22T15:45:00Z,6.11,6.11,6.11,6.11,265.566,1622.60826
1666453800000,2022-10-22T15:50:00Z,6.11,6.12,6.11,6.12,117.752,719.46861
1666454100000,2022-10-22T15:55:00Z,6.12,6.12,6.12,6.12,689.465,4219.5258
1666454400000,2022-10-22T16:00:00Z,6.12,6.12,6.11,6.11,200,1222
1666454700000,2022-10-22T16:05:00Z,6.11,6.11,6.1,6.1,381.437,2329.43632
1666455000000,2022-10-22T16:10:00Z,6.1,6.1,6.09,6.09,314.647,1916.20412
1666455300000,2022-10-22T16:15:00Z,6.09,6.1,6.08,6.08,542.41,3300.08737
1666455600000,2022-10-22T16:20:00Z,6.08,6.09,6.08,6.08,266.899,1622.74981
1666455900000,2022-10-22T16:25:00Z,6.08,6.08,6.07,6.07,515.488,3132.31902
1666456200000,2022-10-22T16:30:00Z,6.07,6.08,6.07,6.08,617.736,3755.83488
1666456500000,2022-10-22T16:35:00Z,6.08,6.08,6.07,6.07,382.597,2323.36768
1666456800000,2022-10-22T16:40:00Z,6.07,6.08,6.07,6.07,116.862,709.35623
1666457100000,2022-10-22T16:45:00Z,6.07,6.08,6.07,6.08,286.849,1744.03803
1666457400000,2022-10-22T16:50:00Z,6.08,6.1,6.08,6.09,204.814,1247.33365
1666457700000,2022-10-22T16:55:00Z,6.09,6.09,6.09,6.09,160.586,977.96874
1666458000000,2022-10-22T17:00:00Z,6.09,6.09,6.08,6.08,427.573,2599.80964
1666458300000,2022-10-22T17:05:00Z,6.08,6.08,6.07,6.08,662.738,4026.48967
1666458600000,2022-10-22T17:10:00Z,6.08,6.09,6.08,6.09,320.282,1950.51738
1666458900000,2022-10-22T17:15:00Z,6.09,6.09,6.08,6.09,100.389,610.36901
1666459200000,2022-10-22T17:20:00Z,6.09,6.09,6.08,6.08,134.09,815.2672
1666459500000,2022-10-22T17:25:00Z,6.08,6.08,6.07,6.07,371.974,2257.88218
1666459800000,2022-10-22T17:30:00Z,6.07,6.08,6.07,6.07,203.392,1234.59333
1666460100000,2022-10-22T17:35:00Z,6.07,6.07,6.06,6.06,2701.177,16371.91831
1666460400000,2022-10-22T17:40:00Z,6.06,6.06,6.04,6.04,3566.288,21577.15579
1666460700000,2022-10-22T17:45:00Z,6.04,6.05,6.04,6.05,281.34,1702.107
1666461000000,2022-10-22T17:50:00Z,6.05,6.06,6.05,6.06,106.816,647.26871
1666461300000,2022-10-22T17:55:00Z,6.06,6.07,6.06,6.07,8.479,51.46364
1666461600000,2022-10-22T18:00:00Z,6.07,6.07,6.05,6.05,501.004,3032.08198
1666461900000,2022-10-22T18:05:00Z,6.05,6.05,6.05,6.05,700.882,4240.3361
1666462200000,2022-10-22T18:10:00Z,6.05,6.05,6.05,6.05,1620.822,9805.9731
1666462500000,2022-10-22T18:15:00Z,6.05,6.07,6.05,6.07,168.313,1021.65602
1666462800000,2022-10-22T18:20:00Z,6.07,6.07,6.07,6.07,101.268,614.69676
1666463100000,2022-10-22T18:25:00Z,6.07,6.07,6.07,6.07,16.863,102.35841
1666463400000,2022-10-22T18:30:00Z,6.07,6.08,6.06,6.06,434.153,2635.33857
1666463700000,2022-10-22T18:35:00Z,6.06,6.07,6.06,6.07,211.465,1283.59255
1666464000000,2022-10-22T18:40:00Z,6.07,6.07,6.06,6.06,444.213,2692.10816
1666464300000,2022-10-22T18:45:00Z,6.06,6.06,6.05,6.05,165.269,999.87745
1666464600000,2022-10-22T18:50:00Z,6.05,6.06,6.05,6.06,0.778,4.71079
1666464900000,2022-10-22T18:55:00Z,6.06,6.06,6.06,6.06,496.639,3009.63234
1666465200000,2022-10-22T19:00:00Z,6.06,6.06,6.05,6.05,11.021,66.74305
1666465500000,2022-10-22T19:05:00Z,6.05,6.05,6.04,6.05,265.132,1604.04471
1666465800000,2022-10-22T19:10:00Z,6.05,6.06,6.05,6.06,96.48,584.66491
1666466100000,2022-10-22T19:15:00Z,6.06,6.07,6.06,6.07,100.389,609.35734
1666466400000,2022-10-22T19:20:00Z,6.07,6.07,6.06,6.06,100.389,608.35734
1666466700000,2022-10-22T19:25:00Z,6.06,6.06,6.06,6.06,100.389,608.35734
1666467000000,2022-10-22T19:30:00Z,6.06,6.06,6.05,6.05,0.389,2.35345
1666467300000,2022-10-22T19:35:00Z,6.05,6.05,6.05,6.05,0.778,4.7069
1666467600000,2022-10-22T19:40:00Z,6.05,6.07,6.05,6.07,1839.955,11164.1517
1666467900000,2022-10-22T19:45:00Z,6.07,6.07,6.06,6.07,3232.083,19618.71693
1666468200000,2022-10-22T19:50:00Z,6.07,6.07,6.07,6.07,0.389,2.36123
1666468500000,2022-10-22T19:55:00Z,6.07,6.07,6.06,6.07,158.501,962.09718
1666468800000,2022-10-22T20:00:00Z,6.07,6.08,6.07,6.08,2627.986,15956.28312
1666469100000,2022-10-22T20:05:00Z,6.08,6.08,6.07,6.07,0.389,2.36123
1666469400000,2022-10-22T20:10:00Z,6.07,6.08,6.07,6.07,545.721,3312.53036
1666469700000,2022-10-22T20:15:00Z,6.07,6.07,6.06,6.06,10.389,62.96123
1666470000000,2022-10-22T20:20:00Z,6.06,6.07,6.06,6.07,0.389,2.36123
1666470300000,2022-10-22T20:25:00Z,6.07,6.07,6.07,6.07,2.036,12.35852
1666470600000,2022-10-22T20:30:00Z,6.07,6.08,6.07,6.08,302.13,1835.94167
1666470900000,2022-10-22T20:35:00Z,6.08,6.09,6.08,6.08,348.373,2121.58768
1666471200000,2022-10-22T20:40:00Z,6.08,6.09,6.08,6.09,0.778,4.73802
1666471500000,2022-10-22T20:45:00Z,6.09,6.09,6.08,6.08,237.536,1444.22277
1666471800000,2022-10-22T20:50:00Z,6.08,6.1,6.08,6.1,516.412,3147.51611
1666472100000,2022-10-22T20:55:00Z,6.1,6.1,6.1,6.1,1935.556,11806.8916
1666472400000,2022-10-22T21:00:00Z,6.1,6.11,6.1,6.11,405.199,2474.76589
1666472700000,2022-10-22T21:05:00Z,6.11,6.11,6.11,6.11,100.778,615.75358
1666473000000,2022-10-22T21:10:00Z,6.11,6.11,6.08,6.08,1921.362,11721.10242
1666473300000,2022-10-22T21:15:00Z,6.08,6.09,6.08,6.08,3.569,21.70341
1666473600000,2022-10-22T21:20:00Z,6.08,6.1,6.08,6.09,143.153,871.80996
1666473900000,2022-10-22T21:25:00Z,6.09,6.09,6.08,6.08,22.418,136.52173
1666474200000,2022-10-22T21:30:00Z,6.08,6.09,6.08,6.09,571.743,3481.91487
1666474500000,2022-10-22T21:35:00Z,6.09,6.09,6.08,6.09,95.317,580.23362
1666474800000,2022-10-22T21:40:00Z,6.09,6.1,6.09,6.1,740.863,4514.16878
1666475100000,2022-10-22T21:45:00Z,6.1,6.1,6.08,6.08,0.389,2.36512
1666475400000,2022-10-22T21:50:00Z,6.08,6.08,6.08,6.08,0.778,4.73024
1666475700000,2022-10-22T21:55:00Z,6.08,6.08,6.08,6.08,146.586,891.24288
1666476000000,2022-10-22T22:00:00Z,6.08,6.09,6.08,6.09,360.66,2195.59004
1666476300000,2022-10-22T22:05:00Z,6.09,6.09,6.07,6.07,0.389,2.36123
1666476600000,2022-10-22T22:10:00Z,6.07,6.08,6.07,6.08,239.522,1456.29376
1666476900000,2022-10-22T22:15:00Z,6.08,6.09,6.08,6.09,224.558,1366.21339
1666477200000,2022-10-22T22:20:00Z,6.09,6.09,6.08,6.08,28.253,171.77824
1666477500000,2022-10-22T22:25:00Z,6.08,6.1,6.08,6.09,186.213,1134.04106
1666477800000,2022-10-22T22:30:00Z,6.09,6.09,6.08,6.08,335.874,2042.11392
1666478100000,2022-10-22T22:35:00Z,6.08,6.09,6.08,6.09,0.389,2.36901
1666478400000,2022-10-22T22:40:00Z,6.09,6.09,6.09,6.09,0.778,4.73802
1666478700000,2022-10-22T22:45:00Z,6.09,6.09,6.08,6.08,198.526,1207.0711
1666479000000,2022-10-22T22:50:00Z,6.08,6.09,6.08,6.08,33.581,204.5044
1666479300000,2022-10-22T22:55:00Z,6.08,6.09,6.08,6.09,444.379,2706.26811
1666479600000,2022-10-22T23:00:00Z,6.09,6.09,6.08,6.09,449.61,2734.5288
1666479900000,2022-10-22T23:05:00Z,6.09,6.1,6.09,6.1,630.389,3839.0729
1666480200000,2022-10-22T23:10:00Z,6.1,6.1,6.09,6.1,1061.752,6466.07357
1666480500000,2022-10-22T23:15:00Z,6.1,6.11,6.09,6.11,17.241,105.1701
1666480800000,2022-10-22T23:20:00Z,6.11,6.11,6.1,6.1,180.389,1100.37679
1666481100000,2022-10-22T23:25:00Z,6.1,6.1,6.09,6.09,238.687,1453.60772
1666481400000,2022-10-22T23:30:00Z,6.09,6.09,6.08,6.08,123.113,748.52704
1666481700000,2022-10-22T23:35:00Z,6.08,6.09,6.08,6.09,0.389,2.36901
1666482000000,2022-10-22T23:40:00Z,6.09,6.09,6.09,6.09,90.778,552.83802
1666482300000,2022-10-22T23:45:00Z,6.09,6.09,6.09,6.09,245.737,1496.53833
1666482600000,2022-10-22T23:50:00Z,6.09,6.09,6.09,6.09,90.389,550.46901
1666482900000,2022-10-22T23:55:00Z,6.09,6.09,6.09,6.09,0.778,4.73802
1666483200000,2022-10-23T00:00:00Z,6.09,6.12,6.09,6.12,790.178,4825.60285
1666483500000,2022-10-23T00:05:00Z,6.12,6.13,6.11,6.11,964.15,5899.9509
1666483800000,2022-10-23T00:10:00Z,6.11,6.11,6.1,6.1,335.633,2047.3613
1666484100000,2022-10-23T00:15:00Z,6.1,6.11,6.1,6.11,101.887,622.05286
1666484400000,2022-10-23T00:20:00Z,6.11,6.11,6.1,6.1,0.778,4.74969
1666484700000,2022-10-23T00:25:00Z,6.1,6.12,6.1,6.1,1457.62,8904.57703
1666485000000,2022-10-23T00:30:00Z,6.1,6.1,6.1,6.1,270,1647
1666485300000,2022-10-23T00:35:00Z,6.1,6.1,6.1,6.1,242.771,1480.9031
1666485600000,2022-10-23T00:40:00Z,6.1,6.1,6.09,6.1,627.537,3826.86298
1666485900000,2022-10-23T00:45:00Z,6.1,6.11,6.1,6.11,219.571,1340.67881
1666486200000,2022-10-23T00:50:00Z,6.11,6.12,6.11,6.12,0.778,4.75747
1666486500000,2022-10-23T00:55:00Z,6.12,6.12,6.11,6.11,96.733,592.00207
1666486800000,2022-10-23T01:00:00Z,6.11,6.11,6.11,6.11,90,549.9
1666487100000,2022-10-23T01:05:00Z,6.11,6.11,6.09,6.1,130.628,796.42452
1666487400000,2022-10-23T01:10:00Z,6.1,6.1,6.1,6.1,628.676,3834.9236
1666487700000,2022-10-23T01:15:00Z,6.1,6.1,6.09,6.1,188.389,1149.0929
1666488000000,2022-10-23T01:20:00Z,6.1,6.1,6.08,6.08,131.851,801.85796
1666488300000,2022-10-23T01:25:00Z,6.08,6.1,6.08,6.1,90.389,550.4729
1666488600000,2022-10-23T01:30:00Z,6.1,6.1,6.08,6.08,370.012,2250.08313
1666488900000,2022-10-23T01:35:00Z,6.08,6.08,6.08,6.08,188.824,1148.04992
1666489200000,2022-10-23T01:40:00Z,6.08,6.09,6.08,6.08,218.777,1331.06416
1666489500000,2022-10-23T01:45:00Z,6.08,6.08,6.06,6.07,448.349,2721.44121
1666489800000,2022-10-23T01:50:00Z,6.07,6.07,6.06,6.07,744.577,4519.55447
1666490100000,2022-10-23T01:55:00Z,6.07,6.07,6.07,6.07,8.01,48.6207
1666490400000,2022-10-23T02:00:00Z,6.07,6.09,6.07,6.09,405.324,2465.36414
1666490700000,2022-10-23T02:05:00Z,6.09,6.09,6.08,6.09,599.971,3653.8195
1666491000000,2022-10-23T02:10:00Z,6.09,6.1,6.08,6.08,284.888,1733.02682
1666491300000,2022-10-23T02:15:00Z,6.08,6.12,6.08,6.12,1021.857,6244.92051
1666491600000,2022-10-23T02:20:00Z,6.12,6.12,6.11,6.12,366.162,2239.11144
1666491900000,2022-10-23T02:25:00Z,6.12,6.13,6.12,6.13,533.611,3269.23543
1666492200000,2022-10-23T02:30:00Z,6.13,6.13,6.12,6.12,433.87,2656.53368
1666492500000,2022-10-23T02:35:00Z,6.12,6.12,6.11,6.12,303.893,1859.82127
1666492800000,2022-10-23T02:40:00Z,6.12,6.12,6.12,6.12,1512.695,9257.6934
1666493100000,2022-10-23T02:45:00Z,6.12,6.13,6.12,6.12,441.579,2703.36347
1666493400000,2022-10-23T02:50:00Z,6.12,6.12,6.12,6.12,59.407,363.57084
1666493700000,2022-10-23T02:55:00Z,6.12,6.12,6.11,6.11,0.778,4.75358
1666494000000,2022-10-23T03:00:00Z,6.11,6.11,6.11,6.11,0.389,2.37679
1666494300000,2022-10-23T03:05:00Z,6.11,6.12,6.11,6.12,168.522,1031.35075
1666494600000,2022-10-23T03:10:00Z,6.12,6.12,6.11,6.11,88.444,540.39284
1666494900000,2022-10-23T03:15:00Z,6.11,6.11,6.11,6.11,257.355,1572.43905
1666495200000,2022-10-23T03:20:00Z,6.11,6.13,6.11,6.12,646.029,3955.49748
1666495500000,2022-10-23T03:25:00Z,6.12,6.12,6.11,6.11,643.485,3931.69335
1666495800000,2022-10-23T03:30:00Z,6.11,6.11,6.1,6.11,365.302,2231.99133
1666496100000,2022-10-23T03:35:00Z,6.11,6.11,6.11,6.11,442.833,2705.70963
1666496400000,2022-10-23T03:40:00Z,6.11,6.11,6.1,6.11,90.389,552.2729
1666496700000,2022-10-23T03:45:00Z,6.11,6.12,6.11,6.12,0.552,3.37824
1666497000000,2022-10-23T03:50:00Z,6.12,6.12,6.12,6.12,0.389,2.38068
1666497300000,2022-10-23T03:55:00Z,6.12,6.12,6.11,6.11,428.276,2619.83164
1666497600000,2022-10-23T04:00:00Z,6.11,6.12,6.11,6.12,557.146,3406.62478
1666497900000,2022-10-23T04:05:00Z,6.12,6.12,6.12,6.12,424.131,2595.68172
1666498200000,2022-10-23T04:10:00Z,6.12,6.12,6.11,6.11,0.389,2.37679
1666498500000,2022-10-23T04:15:00Z,6.11,6.11,6.11,6.11,254.48,1554.8728
1666498800000,2022-10-23T04:20:00Z,6.11,6.11,6.11,6.11,0.778,4.75358
1666499100000,2022-10-23T04:25:00Z,6.11,6.12,6.11,6.12,301.165,1843.1298
1666499400000,2022-10-23T04:30:00Z,6.12,6.12,6.12,6.12,233.835,1431.0702
1666499700000,2022-10-23T04:35:00Z,6.12,6.12,6.11,6.11,275.424,1682.84064
1666500000000,2022-10-23T04:40:00Z,6.11,6.11,6.1,6.1,205.389,1254.6729
1666500300000,2022-10-23T04:45:00Z,6.1,6.11,6.1,6.11,0.389,2.37679
1666500600000,2022-10-23T04:50:00Z,6.11,6.11,6.09,6.09,1641.023,10013.65776
1666500900000,2022-10-23T04:55:00Z,6.09,6.09,6.08,6.09,167.378,1019.31108
1666501200000,2022-10-23T05:00:00Z,6.09,6.1,6.09,6.1,61.271,373.14428
1666501500000,2022-10-23T05:05:00Z,6.1,6.1,6.1,6.1,308.951,1884.6011
1666501800000,2022-10-23T05:10:00Z,6.1,6.1,6.09,6.09,162.838,991.68731
1666502100000,2022-10-23T05:15:00Z,6.09,6.1,6.09,6.1,109.755,669.5055
1666502400000,2022-10-23T05:20:00Z,6.1,6.1,6.09,6.09,75.686,461.67682
1666502700000,2022-10-23T05:25:00Z,6.09,6.09,6.09,6.09,89.222,543.36198
1666503000000,2022-10-23T05:30:00Z,6.09,6.1,6.09,6.1,90.389,551.3729
1666503300000,2022-10-23T05:35:00Z,6.1,6.1,6.09,6.09,0.389,2.36901
1666503600000,2022-10-23T05:40:00Z,6.09,6.1,6.08,6.08,230.027,1400.46925
1666503900000,2022-10-23T05:45:00Z,6.08,6.09,6.08,6.09,393.534,2394.48671
1666504200000,2022-10-23T05:50:00Z,6.09,6.09,6.09,6.09,0.389,2.36901
1666504500000,2022-10-23T05:55:00Z,6.09,6.1,6.09,6.09,0.778,4.74191
1666504800000,2022-10-23T06:00:00Z,6.09,6.11,6.09,6.1,292.004,1781.98934
1666505100000,2022-10-23T06:05:00Z,6.1,6.11,6.1,6.11,203.576,1243.84936
1666505400000,2022-10-23T06:10:00Z,6.11,6.11,6.1,6.1,272.161,1660.65509
1666505700000,2022-10-23T06:15:00Z,6.1,6.1,6.09,6.09,0.389,2.36901
1666506000000,2022-10-23T06:20:00Z,6.09,6.1,6.09,6.1,90.389,551.3729
1666506300000,2022-10-23T06:25:00Z,6.1,6.1,6.1,6.1,253.77,1547.997
1666506600000,2022-10-23T06:30:00Z,6.1,6.1,6.08,6.08,171.411,1042.92657
1666506900000,2022-10-23T06:35:00Z,6.08,6.08,6.07,6.07,348.394,2115.64296
1666507200000,2022-10-23T06:40:00Z,6.07,6.08,6.07,6.07,240.576,1460.46386
1666507500000,2022-10-23T06:45:00Z,6.07,6.07,6.07,6.07,90.389,548.66123
1666507800000,2022-10-23T06:50:00Z,6.07,6.08,6.07,6.08,171.257,1040.35455
1666508100000,2022-10-23T06:55:00Z,6.08,6.09,6.08,6.09,464.364,2823.33701
1666508400000,2022-10-23T07:00:00Z,6.09,6.09,6.09,6.09,369.493,2250.21237
1666508700000,2022-10-23T07:05:00Z,6.09,6.09,6.08,6.08,106.447,647.19776
1666509000000,2022-10-23T07:10:00Z,6.08,6.08,6.08,6.08,180,1094.4
1666509300000,2022-10-23T07:15:00Z,6.08,6.08,6.08,6.08,180,1094.4
1666509600000,2022-10-23T07:20:00Z,6.08,6.08,6.07,6.07,93.175,565.57225
1666509900000,2022-10-23T07:25:00Z,6.07,6.07,6.07,6.07,423.184,2568.72688
1666510200000,2022-10-23T07:30:00Z,6.07,6.07,6.07,6.07,418.296,2539.05672
1666510500000,2022-10-23T07:35:00Z,6.07,6.08,6.07,6.08,90.389,548.66512
1666510800000,2022-10-23T07:40:00Z,6.08,6.08,6.07,6.08,526.435,3199.63688
1666511100000,2022-10-23T07:45:00Z,6.08,6.08,6.08,6.08,178.356,1084.40448
1666511400000,2022-10-23T07:50:00Z,6.08,6.09,6.08,6.09,9.792,59.56711
1666511700000,2022-10-23T07:55:00Z,6.09,6.09,6.08,6.09,0.778,4.73413
1666512000000,2022-10-23T08:00:00Z,6.09,6.1,6.07,6.1,3722.184,22606.43325
1666512300000,2022-10-23T08:05:00Z,6.1,6.1,6.09,6.09,565.431,3443.47479
1666512600000,2022-10-23T08:10:00Z,6.09,6.1,6.09,6.1,1027.866,6261.50394
1666512900000,2022-10-23T08:15:00Z,6.1,6.1,6.1,6.1,1383.985,8442.3085
1666513200000,2022-10-23T08:20:00Z,6.1,6.1,6.08,6.08,1333.945,8122.02561
1666513500000,2022-10-23T08:25:00Z,6.08,6.1,6.08,6.09,10320.176,62835.54068
1666513800000,2022-10-23T08:30:00Z,6.09,6.09,6.07,6.09,4050.434,24612.95212
1666514100000,2022-10-23T08:35:00Z,6.09,6.09,6.09,6.09,380.639,2318.09151
1666514400000,2022-10-23T08:40:00Z,6.09,6.09,6.09,6.09,0.778,4.73802
1666514700000,2022-10-23T08:45:00Z,6.09,6.09,6.08,6.08,90,547.2
1666515000000,2022-10-23T08:50:00Z,6.08,6.09,6.08,6.09,90.389,549.56901
1666515300000,2022-10-23T08:55:00Z,6.09,6.1,6.08,6.09,1147.597,6989.12862
1666515600000,2022-10-23T09:00:00Z,6.09,6.1,6.09,6.1,294.311,1795.29321
1666515900000,2022-10-23T09:05:00Z,6.1,6.1,6.08,6.08,24.35,148.28761
1666516200000,2022-10-23T09:10:00Z,6.08,6.08,6.08,6.08,377.243,2293.63744
1666516500000,2022-10-23T09:15:00Z,6.08,6.08,6.08,6.08,90.389,549.56512
1666516800000,2022-10-23T09:20:00Z,6.08,6.08,6.07,6.07,213.782,1297.65674
1666517100000,2022-10-23T09:25:00Z,6.07,6.07,6.06,6.06,8.797,53.30982
1666517400000,2022-10-23T09:30:00Z,6.06,6.07,6.06,6.07,326.132,1979.62124
1666517700000,2022-10-23T09:35:00Z,6.07,6.07,6.06,6.06,1180.083,7151.30687
1666518000000,2022-10-23T09:40:00Z,6.06,6.06,6.05,6.05,1375.943,8324.47883
1666518300000,2022-10-23T09:45:00Z,6.05,6.05,6.04,6.04,817.815,4946.92603
1666518600000,2022-10-23T09:50:00Z,6.04,6.04,6.04,6.04,0.778,4.69912
1666518900000,2022-10-23T09:55:00Z,6.04,6.05,6.04,6.05,0.778,4.70301
1666519200000,2022-10-23T10:00:00Z,6.05,6.05,6.04,6.05,555.058,3358.09701
1666519500000,2022-10-23T10:05:00Z,6.05,6.06,6.04,6.04,223.98,1354.9783
1666519800000,2022-10-23T10:10:00Z,6.04,6.04,6.03,6.03,3947.832,23808.37536
1666520100000,2022-10-23T10:15:00Z,6.03,6.04,6.03,6.04,0.389,2.34956
1666520400000,2022-10-23T10:20:00Z,6.04,6.04,6.04,6.04,540.895,3267.0058
1666520700000,2022-10-23T10:25:00Z,6.04,6.04,6.03,6.04,0.778,4.69523
1666521000000,2022-10-23T10:30:00Z,6.04,6.04,6.04,6.04,144.879,875.06916
1666521300000,2022-10-23T10:35:00Z,6.04,6.04,6.04,6.04,127.713,771.38652
1666521600000,2022-10-23T10:40:00Z,6.04,6.04,6.03,6.03,0.389,2.34567
1666521900000,2022-10-23T10:45:00Z,6.03,6.04,6.03,6.04,0.778,4.69912
1666522200000,2022-10-23T10:50:00Z,6.04,6.04,6.04,6.04,89.222,538.90088
1666522500000,2022-10-23T10:55:00Z,6.04,6.05,6.04,6.04,265.149,1601.51013
1666522800000,2022-10-23T11:00:00Z,6.04,6.04,6.03,6.03,209.691,1265.25199
1666523100000,2022-10-23T11:05:00Z,6.03,6.03,6,6.01,6730.623,40451.05245
1666523400000,2022-10-23T11:10:00Z,6.01,6.01,6.01,6.01,914.825,5498.09825
1666523700000,2022-10-23T11:15:00Z,6.01,6.01,6,6,3219.455,19330.91148
1666524000000,2022-10-23T11:20:00Z,6,6.01,6,6,1648.104,9894.50455
1666524300000,2022-10-23T11:25:00Z,6,6.01,6,6.01,1792.77,10774.5477
1666524600000,2022-10-23T11:30:00Z,6.01,6.02,6.01,6.01,102.544,616.41099
1666524900000,2022-10-23T11:35:00Z,6.01,6.02,6,6.01,1240.529,7455.65845
1666525200000,2022-10-23T11:40:00Z,6.01,6.01,6,6,0.389,2.334
1666525500000,2022-10-23T11:45:00Z,6,6.02,6,6.02,90.778,545.57578
1666525800000,2022-10-23T11:50:00Z,6.02,6.02,6.01,6.01,0.389,2.33789
1666526100000,2022-10-23T11:55:00Z,6.01,6.02,6.01,6.02,0.778,4.68356
1666526400000,2022-10-23T12:00:00Z,6.02,6.02,6,6.01,396.666,2383.21873
1666526700000,2022-10-23T12:05:00Z,6.01,6.02,6.01,6.02,0.389,2.34178
1666527000000,2022-10-23T12:10:00Z,6.02,6.02,6.01,6.02,2.02,12.15651
1666527300000,2022-10-23T12:15:00Z,6.02,6.02,6.01,6.01,90,540.90389
1666527600000,2022-10-23T12:20:00Z,6.01,6.01,6,6,3286.532,19719.192
1666527900000,2022-10-23T12:25:00Z,6,6,5.98,6,8072.462,48332.38956
1666528200000,2022-10-23T12:30:00Z,6,6.03,6,6.02,1040.26,6262.36902
1666528500000,2022-10-23T12:35:00Z,6.02,6.02,6,6,1013.256,6082.55201
1666528800000,2022-10-23T12:40:00Z,6,6.01,6,6,193.755,1162.53389
1666529100000,2022-10-23T12:45:00Z,6,6.01,6,6.01,330.886,1986.59455
1666529400000,2022-10-23T12:50:00Z,6.01,6.03,6.01,6.03,547.283,3297.2506
1666529700000,2022-10-23T12:55:00Z,6.03,6.03,6.03,6.03,0.389,2.34567
1666530000000,2022-10-23T13:00:00Z,6.03,6.04,6.03,6.03,670.111,4040.79524
1666530300000,2022-10-23T13:05:00Z,6.03,6.04,6.03,6.03,114.792,692.44368
1666530600000,2022-10-23T13:10:00Z,6.03,6.03,6.02,6.03,183.59,1106.11569
1666530900000,2022-10-23T13:15:00Z,6.03,6.04,6.03,6.04,724.862,4372.36024
1666531200000,2022-10-23T13:20:00Z,6.04,6.04,6.03,6.03,2020.459,12193.59673
1666531500000,2022-10-23T13:25:00Z,6.03,6.03,6.03,6.03,265.23,1599.3369
1666531800000,2022-10-23T13:30:00Z,6.03,6.04,6.03,6.04,494.704,2983.06901
1666532100000,2022-10-23T13:35:00Z,6.04,6.04,6.03,6.03,324.895,1959.12074
1666532400000,2022-10-23T13:40:00Z,6.03,6.04,6.03,6.04,0.778,4.69912
1666532700000,2022-10-23T13:45:00Z,6.04,6.04,6.04,6.04,521.257,3148.39228
1666533000000,2022-10-23T13:50:00Z,6.04,6.04,6.03,6.04,49.143,296.81259
1666533300000,2022-10-23T13:55:00Z,6.04,6.05,6.04,6.04,253.053,1528.44401
1666533600000,2022-10-23T14:00:00Z,6.04,6.04,6.04,6.04,329.574,1990.62696
1666533900000,2022-10-23T14:05:00Z,6.04,6.05,6.04,6.05,345.353,2089.38565
1666534200000,2022-10-23T14:10:00Z,6.05,6.06,6.05,6.06,137.409,831.3707
1666534500000,2022-10-23T14:15:00Z,6.06,6.06,6.05,6.06,222.39,1347.66463
1666534800000,2022-10-23T14:20:00Z,6.06,6.06,6.05,6.05,1016.63,6150.694
1666535100000,2022-10-23T14:25:00Z,6.05,6.05,6.04,6.05,174.513,1054.06241
1666535400000,2022-10-23T14:30:00Z,6.05,6.06,6.04,6.04,1203.045,7279.903
1666535700000,2022-10-23T14:35:00Z,6.04,6.04,6.04,6.04,1668.418,10077.24472
1666536000000,2022-10-23T14:40:00Z,6.04,6.05,6.04,6.05,1185.345,7171.33725
1666536300000,2022-10-23T14:45:00Z,6.05,6.05,6.05,6.05,103.157,624.09985
1666536600000,2022-10-23T14:50:00Z,6.05,6.05,6.04,6.04,550.514,3325.10456
1666536900000,2022-10-23T14:55:00Z,6.04,6.04,6.03,6.03,99.543,600.25207
1666537200000,2022-10-23T15:00:00Z,6.03,6.06,6.03,6.05,1228.703,7433.03403
1666537500000,2022-10-23T15:05:00Z,6.05,6.05,6.04,6.04,1.243,7.51626
1666537800000,2022-10-23T15:10:00Z,6.04,6.04,6.04,6.04,349.882,2113.28728
1666538100000,2022-10-23T15:15:00Z,6.04,6.04,6.03,6.03,248.945,1503.57766
1666538400000,2022-10-23T15:20:00Z,6.03,6.03,6.03,6.03,389.551,2348.99253
1666538700000,2022-10-23T15:25:00Z,6.03,6.04,6.03,6.03,1355.492,8173.62065
1666539000000,2022-10-23T15:30:00Z,6.03,6.05,6.03,6.04,90.389,545.95345
1666539300000,2022-10-23T15:35:00Z,6.04,6.04,6.04,6.04,206.896,1249.65184
1666539600000,2022-10-23T15:40:00Z,6.04,6.04,6.04,6.04,240.422,1452.14888
1666539900000,2022-10-23T15:45:00Z,6.04,6.04,6.03,6.03,206.144,1243.12763
1666540200000,2022-10-23T15:50:00Z,6.03,6.03,6.03,6.03,509.869,3074.51007
1666540500000,2022-10-23T15:55:00Z,6.03,6.04,6.02,6.03,1054.487,6355.29178
1666540800000,2022-10-23T16:00:00Z,6.03,6.03,6.02,6.02,469.563,2829.71572
1666541100000,2022-10-23T16:05:00Z,6.02,6.04,6.02,6.04,450.92,2721.7476
1666541400000,2022-10-23T16:10:00Z,6.04,6.04,6.01,6.01,184.593,1111.21171
1666541700000,2022-10-23T16:15:00Z,6.01,6.02,6.01,6.02,1355.649,8161.00698
1666542000000,2022-10-23T16:20:00Z,6.02,6.02,6.01,6.02,367.55,2212.61947
1666542300000,2022-10-23T16:25:00Z,6.02,6.02,6.01,6.02,4474.902,26916.03877
1666542600000,2022-10-23T16:30:00Z,6.02,6.03,6.01,6.03,564.07,3398.66426
1666542900000,2022-10-23T16:35:00Z,6.03,6.03,6.03,6.03,150.411,906.97833
1666543200000,2022-10-23T16:40:00Z,6.03,6.04,6.03,6.04,105.587,637.74548
1666543500000,2022-10-23T16:45:00Z,6.04,6.04,6.03,6.03,151.268,912.37066
1666543800000,2022-10-23T16:50:00Z,6.03,6.03,6.03,6.03,375.784,2265.97752
1666544100000,2022-10-23T16:55:00Z,6.03,6.03,6.02,6.02,630.224,3794.78171
1666544400000,2022-10-23T17:00:00Z,6.02,6.02,6.01,6.01,1150.476,6914.36076
1666544700000,2022-10-23T17:05:00Z,6.01,6.02,6.01,6.02,1201.185,7231.1337
1666545000000,2022-10-23T17:10:00Z,6.02,6.03,6.02,6.03,263.67,1589.9301
1666545300000,2022-10-23T17:15:00Z,6.03,6.04,6.03,6.04,444.101,2682.37004
1666545600000,2022-10-23T17:20:00Z,6.04,6.04,6.03,6.03,704.826,4252.37365
1666545900000,2022-10-23T17:25:00Z,6.03,6.04,6.03,6.04,531.607,3206.49021
1666546200000,2022-10-23T17:30:00Z,6.04,6.06,6.04,6.05,1805.463,10936.0694
1666546500000,2022-10-23T17:35:00Z,6.05,6.05,6.05,6.05,322.381,1950.40505
1666546800000,2022-10-23T17:40:00Z,6.05,6.05,6.04,6.05,253.287,1532.29271
1666547100000,2022-10-23T17:45:00Z,6.05,6.08,6.05,6.07,1658.663,10071.8241
1666547400000,2022-10-23T17:50:00Z,6.07,6.12,6.07,6.11,13572.093,82791.06854
1666547700000,2022-10-23T17:55:00Z,6.11,6.12,6.11,6.12,4335.294,26527.59815
1666548000000,2022-10-23T18:00:00Z,6.12,6.14,6.11,6.13,5769.887,35356.96096
1666548300000,2022-10-23T18:05:00Z,6.13,6.15,6.13,6.15,2016.821,12397.44625
1666548600000,2022-10-23T18:10:00Z,6.15,6.17,6.15,6.16,10754.475,66297.71708
1666548900000,2022-10-23T18:15:00Z,6.16,6.16,6.16,6.16,431.94,2660.7504
1666549200000,2022-10-23T18:20:00Z,6.16,6.18,6.16,6.18,948,5858.64
1666549500000,2022-10-23T18:25:00Z,6.18,6.2,6.18,6.2,5369.158,33278.26644
1666549800000,2022-10-23T18:30:00Z,6.2,6.2,6.19,6.19,3109.24,19254.48082
1666550100000,2022-10-23T18:35:00Z,6.19,6.19,6.17,6.18,3304.26,20414.35659
1666550400000,2022-10-23T18:40:00Z,6.18,6.18,6.17,6.17,790.683,4882.45521
1666550700000,2022-10-23T18:45:00Z,6.17,6.17,6.16,6.16,532.984,3286.67276
1666551000000,2022-10-23T18:50:00Z,6.16,6.17,6.16,6.17,180.227,1110.20221
1666551300000,2022-10-23T18:55:00Z,6.17,6.17,6.16,6.16,121.933,752.32272
1666551600000,2022-10-23T19:00:00Z,6.16,6.18,6.16,6.17,2668.392,16472.35972
1666551900000,2022-10-23T19:05:00Z,6.17,6.17,6.16,6.16,392.437,2417.41192
1666552200000,2022-10-23T19:10:00Z,6.16,6.16,6.16,6.16,240.122,1479.15152
1666552500000,2022-10-23T19:15:00Z,6.16,6.16,6.15,6.16,227.255,1399.88691
1666552800000,2022-10-23T19:20:00Z,6.16,6.18,6.16,6.17,884.238,5455.76464
1666553100000,2022-10-23T19:25:00Z,6.17,6.2,6.17,6.2,409.837,2533.93458
1666553400000,2022-10-23T19:30:00Z,6.2,6.2,6.19,6.19,2533.066,15684.22048
1666553700000,2022-10-23T19:35:00Z,6.19,6.19,6.18,6.18,464.175,2868.6015
1666554000000,2022-10-23T19:40:00Z,6.18,6.19,6.18,6.19,964.646,5971.15874
1666554300000,2022-10-23T19:45:00Z,6.19,6.19,6.18,6.18,1562.113,9654.75834
1666554600000,2022-10-23T19:50:00Z,6.18,6.19,6.18,6.18,717.772,4435.83257
1666554900000,2022-10-23T19:55:00Z,6.18,6.18,6.18,6.18,302.862,1871.68716
1666555200000,2022-10-23T20:00:00Z,6.18,6.19,6.18,6.19,522.91,3236.8129
1666555500000,2022-10-23T20:05:00Z,6.19,6.2,6.19,6.2,1763.287,10927.70333
1666555800000,2022-10-23T20:10:00Z,6.2,6.2,6.17,6.17,5688.52,35138.77488
1666556100000,2022-10-23T20:15:00Z,6.17,6.17,6.15,6.16,927.624,5710.15207
1666556400000,2022-10-23T20:20:00Z,6.16,6.17,6.16,6.17,136.551,842.44155
1666556700000,2022-10-23T20:25:00Z,6.17,6.17,6.15,6.15,587.138,3613.75479
1666557000000,2022-10-23T20:30:00Z,6.15,6.16,6.15,6.15,600.835,3700.48856
1666557300000,2022-10-23T20:35:00Z,6.15,6.15,6.15,6.15,487.665,2999.13975
1666557600000,2022-10-23T20:40:00Z,6.15,6.15,6.15,6.15,941.809,5792.12535
1666557900000,2022-10-23T20:45:00Z,6.15,6.16,6.15,6.16,2143.403,13202.79474
1666558200000,2022-10-23T20:50:00Z,6.16,6.17,6.16,6.16,828.31,5103.9615
1666558500000,2022-10-23T20:55:00Z,6.16,6.16,6.16,6.16,505.449,3113.56584
1666558800000,2022-10-23T21:00:00Z,6.16,6.16,6.16,6.16,2445.184,15062.33344
1666559100000,2022-10-23T21:05:00Z,6.16,6.16,6.16,6.16,474.022,2919.97552
1666559400000,2022-10-23T21:10:00Z,6.16,6.17,6.16,6.17,2424.679,14938.46381
1666559700000,2022-10-23T21:15:00Z,6.17,6.17,6.17,6.17,126.643,781.38731
1666560000000,2022-10-23T21:20:00Z,6.17,6.18,6.17,6.18,437.319,2702.62753
1666560300000,2022-10-23T21:25:00Z,6.18,6.18,6.17,6.17,0.389,2.40013
1666560600000,2022-10-23T21:30:00Z,6.17,6.18,6.17,6.17,458.212,2828.62658
1666560900000,2022-10-23T21:35:00Z,6.17,6.17,6.17,6.17,3801.502,23455.26734
1666561200000,2022-10-23T21:40:00Z,6.17,6.17,6.16,6.16,2935.029,18105.62352
1666561500000,2022-10-23T21:45:00Z,6.16,6.17,6.16,6.16,1434.864,8838.76613
1666561800000,2022-10-23T21:50:00Z,6.16,6.16,6.16,6.16,6748.367,41569.94072
1666562100000,2022-10-23T21:55:00Z,6.16,6.17,6.16,6.17,272.582,1681.83094
1666562400000,2022-10-23T22:00:00Z,6.17,6.25,6.17,6.23,8922.013,55542.288
1666562700000,2022-10-23T22:05:00Z,6.23,6.24,6.23,6.24,3568.559,22257.28737
1666563000000,2022-10-23T22:10:00Z,6.24,6.24,6.24,6.24,1059.403,6610.67472
1666563300000,2022-10-23T22:15:00Z,6.24,6.24,6.24,6.24,1202.952,7506.42048
1666563600000,2022-10-23T22:20:00Z,6.24,6.26,6.24,6.26,3850.641,24101.80986
1666563900000,2022-10-23T22:25:00Z,6.26,6.28,6.26,6.28,6106.505,38298.42677
1666564200000,2022-10-23T22:30:00Z,6.28,6.28,6.25,6.27,9202.459,57656.25911
1666564500000,2022-10-23T22:35:00Z,6.27,6.28,6.27,6.27,2043.148,12824.68806
1666564800000,2022-10-23T22:40:00Z,6.27,6.28,6.26,6.28,1412.851,8855.34806
1666565100000,2022-10-23T22:45:00Z,6.28,6.28,6.28,6.28,859.805,5399.5754
1666565400000,2022-10-23T22:50:00Z,6.28,6.28,6.28,6.28,1757.169,11035.02132
1666565700000,2022-10-23T22:55:00Z,6.28,6.28,6.27,6.27,1403.442,8802.66937
1666566000000,2022-10-23T23:00:00Z,6.27,6.28,6.27,6.27,762.315,4784.24795
1666566300000,2022-10-23T23:05:00Z,6.27,6.28,6.27,6.28,799.997,5023.98116
1666566600000,2022-10-23T23:10:00Z,6.28,6.29,6.28,6.29,205.32,1289.41349
1666566900000,2022-10-23T23:15:00Z,6.29,6.29,6.28,6.28,304.044,1910.88755
1666567200000,2022-10-23T23:20:00Z,6.28,6.29,6.27,6.28,1217.127,7644.47376
1666567500000,2022-10-23T23:25:00Z,6.28,6.28,6.28,6.28,1038.675,6522.879
1666567800000,2022-10-23T23:30:00Z,6.28,6.29,6.28,6.29,502.626,3161.51754
1666568100000,2022-10-23T23:35:00Z,6.29,6.29,6.28,6.29,667.82,4199.7878
1666568400000,2022-10-23T23:40:00Z,6.29,6.29,6.29,6.29,230.702,1451.11558
1666568700000,2022-10-23T23:45:00Z,6.29,6.29,6.28,6.28,302.054,1897.69912
1666569000000,2022-10-23T23:50:00Z,6.28,6.29,6.28,6.29,994.896,6254.34434
1666569300000,2022-10-23T23:55:00Z,6.29,6.29,6.28,6.28,228.249,1435.68232
1666569600000,2022-10-24T00:00:00Z,6.28,6.3,6.28,6.3,2541.866,15984.72374
1666569900000,2022-10-24T00:05:00Z,6.3,6.3,6.3,6.3,1106.401,6970.3263
1666570200000,2022-10-24T00:10:00Z,6.3,6.3,6.29,6.29,418.971,2637.29677
1666570500000,2022-10-24T00:15:00Z,6.29,6.33,6.29,6.33,2201.51,13889.02937
1666570800000,2022-10-24T00:20:00Z,6.33,6.34,6.32,6.32,161.793,1022.6344
1666571100000,2022-10-24T00:25:00Z,6.32,6.35,6.32,6.34,1441.775,9136.01567
1666571400000,2022-10-24T00:30:00Z,6.34,6.36,6.34,6.36,939.856,5976.11879
1666571700000,2022-10-24T00:35:00Z,6.36,6.36,6.34,6.34,1086.103,6893.75378
1666572000000,2022-10-24T00:40:00Z,6.34,6.34,6.33,6.33,350.64,2221.1512
1666572300000,2022-10-24T00:45:00Z,6.33,6.33,6.32,6.32,689.43,4360.74125
1666572600000,2022-10-24T00:50:00Z,6.32,6.32,6.31,6.31,467.002,2946.78262
1666572900000,2022-10-24T00:55:00Z,6.31,6.32,6.31,6.32,546.564,3451.18305
1666573200000,2022-10-24T01:00:00Z,6.32,6.32,6.3,6.31,2144.421,13530.00921
1666573500000,2022-10-24T01:05:00Z,6.31,6.31,6.31,6.31,532.075,3357.39325
1666573800000,2022-10-24T01:10:00Z,6.31,6.31,6.3,6.31,324.003,2044.3585
1666574100000,2022-10-24T01:15:00Z,6.31,6.31,6.27,6.27,2389.099,15026.90757
1666574400000,2022-10-24T01:20:00Z,6.27,6.29,6.27,6.28,340.365,2138.92767
1666574700000,2022-10-24T01:25:00Z,6.28,6.29,6.28,6.29,185.812,1168.75748
1666575000000,2022-10-24T01:30:00Z,6.29,6.29,6.28,6.29,330.13,2075.88441
1666575300000,2022-10-24T01:35:00Z,6.29,6.29,6.29,6.29,2185.048,13743.95192
1666575600000,2022-10-24T01:40:00Z,6.29,6.29,6.28,6.28,252.675,1586.799
1666575900000,2022-10-24T01:45:00Z,6.28,6.28,6.28,6.28,1382.857,8684.34196
1666576200000,2022-10-24T01:50:00Z,6.28,6.29,6.28,6.29,491.48,3091.4092
1666576500000,2022-10-24T01:55:00Z,6.29,6.29,6.28,6.28,201.268,1263.96304
1666576800000,2022-10-24T02:00:00Z,6.28,6.28,6.28,6.28,329.958,2072.13624
1666577100000,2022-10-24T02:05:00Z,6.28,6.29,6.28,6.29,468.924,2949.53196
1666577400000,2022-10-24T02:10:00Z,6.29,6.29,6.28,6.28,302.292,1898.39376
1666577700000,2022-10-24T02:15:00Z,6.28,6.28,6.28,6.28,174.654,1096.82712
1666578000000,2022-10-24T02:20:00Z,6.28,6.29,6.28,6.29,431.251,2712.5649
1666578300000,2022-10-24T02:25:00Z,6.29,6.29,6.29,6.29,0.778,4.89362
1666578600000,2022-10-24T02:30:00Z,6.29,6.29,6.28,6.28,224.05,1409.27061
1666578900000,2022-10-24T02:35:00Z,6.28,6.29,6.28,6.29,389.962,2452.85709
1666579200000,2022-10-24T02:40:00Z,6.29,6.29,6.29,6.29,700.411,4405.58519
1666579500000,2022-10-24T02:45:00Z,6.29,6.29,6.28,6.28,280.333,1760.49124
1666579800000,2022-10-24T02:50:00Z,6.28,6.29,6.28,6.29,275.311,1731.70619
1666580100000,2022-10-24T02:55:00Z,6.29,6.29,6.28,6.28,1192.525,7491.53329
1666580400000,2022-10-24T03:00:00Z,6.28,6.28,6.28,6.28,209.139,1313.39292
1666580700000,2022-10-24T03:05:00Z,6.28,6.28,6.28,6.28,860.49,5403.8772
1666581000000,2022-10-24T03:10:00Z,6.28,6.28,6.25,6.25,2012.685,12602.83996
1666581300000,2022-10-24T03:15:00Z,6.25,6.26,6.25,6.26,785.302,4914.58328
1666581600000,2022-10-24T03:20:00Z,6.26,6.26,6.26,6.26,61.931,387.68806
1666581900000,2022-10-24T03:25:00Z,6.26,6.26,6.25,6.25,63.731,398.31875
1666582200000,2022-10-24T03:30:00Z,6.25,6.25,6.25,6.25,80.388,502.425
1666582500000,2022-10-24T03:35:00Z,6.25,6.26,6.25,6.25,137.905,861.91014
1666582800000,2022-10-24T03:40:00Z,6.25,6.25,6.24,6.24,474.865,2963.31511
1666583100000,2022-10-24T03:45:00Z,6.24,6.25,6.24,6.25,552.001,3450.00625
1666583400000,2022-10-24T03:50:00Z,6.25,6.25,6.25,6.25,583.316,3645.725
1666583700000,2022-10-24T03:55:00Z,6.25,6.25,6.23,6.23,940.104,5857.05342
1666584000000,2022-10-24T04:00:00Z,6.23,6.23,6.22,6.22,240.389,1497.61958
1666584300000,2022-10-24T04:05:00Z,6.22,6.22,6.2,6.2,1355.376,8415.69599
1666584600000,2022-10-24T04:10:00Z,6.2,6.2,6.2,6.2,2035.727,12621.5074
1666584900000,2022-10-24T04:15:00Z,6.2,6.21,6.19,6.21,1285.684,7982.46481
1666585200000,2022-10-24T04:20:00Z,6.21,6.22,6.21,6.22,399.548,2485.18467
1666585500000,2022-10-24T04:25:00Z,6.22,6.22,6.22,6.22,903.623,5620.53506
1666585800000,2022-10-24T04:30:00Z,6.22,6.23,6.22,6.23,3826.532,23839.29436
1666586100000,2022-10-24T04:35:00Z,6.23,6.23,6.23,6.23,863.305,5378.39015
1666586400000,2022-10-24T04:40:00Z,6.23,6.23,6.22,6.22,778.125,4842.72954
1666586700000,2022-10-24T04:45:00Z,6.22,6.24,6.22,6.24,651.24,4062.56782
1666587000000,2022-10-24T04:50:00Z,6.24,6.24,6.24,6.24,0.389,2.42736
1666587300000,2022-10-24T04:55:00Z,6.24,6.24,6.23,6.23,779.507,4856.32861
1666587600000,2022-10-24T05:00:00Z,6.23,6.24,6.23,6.23,1703.744,10615.91673
1666587900000,2022-10-24T05:05:00Z,6.23,6.23,6.22,6.22,709.248,4413.93071
1666588200000,2022-10-24T05:10:00Z,6.22,6.22,6.21,6.21,2291.561,14230.59381
1666588500000,2022-10-24T05:15:00Z,6.21,6.22,6.21,6.22,80.389,499.21958
1666588800000,2022-10-24T05:20:00Z,6.22,6.23,6.21,6.23,855.708,5321.78972
1666589100000,2022-10-24T05:25:00Z,6.23,6.23,6.22,6.22,740.266,4604.45452
1666589400000,2022-10-24T05:30:00Z,6.22,6.22,6.21,6.21,160.11,995.83074
1666589700000,2022-10-24T05:35:00Z,6.21,6.21,6.2,6.2,808.116,5012.26536
1666590000000,2022-10-24T05:40:00Z,6.2,6.2,6.2,6.2,80.33,498.046
1666590300000,2022-10-24T05:45:00Z,6.2,6.21,6.2,6.21,314.616,1953.76536
1666590600000,2022-10-24T05:50:00Z,6.21,6.22,6.21,6.21,70.74,439.46006
1666590900000,2022-10-24T05:55:00Z,6.21,6.21,6.2,6.2,940.065,5833.06896
1666591200000,2022-10-24T06:00:00Z,6.2,6.2,6.19,6.2,1544.388,9561.45255
1666591500000,2022-10-24T06:05:00Z,6.2,6.21,6.2,6.2,540.153,3349.71682
1666591800000,2022-10-24T06:10:00Z,6.2,6.2,6.19,6.19,192.155,1190.23836
1666592100000,2022-10-24T06:15:00Z,6.19,6.21,6.19,6.2,1106.337,6863.08626
1666592400000,2022-10-24T06:20:00Z,6.2,6.22,6.2,6.21,1410.601,8754.59406
1666592700000,2022-10-24T06:25:00Z,6.21,6.23,6.21,6.23,679.636,4221.98269
1666593000000,2022-10-24T06:30:00Z,6.23,6.23,6.21,6.21,1084.02,6736.92295
1666593300000,2022-10-24T06:35:00Z,6.21,6.22,6.21,6.21,1736.477,10783.96972
1666593600000,2022-10-24T06:40:00Z,6.21,6.21,6.21,6.21,824.007,5117.08347
1666593900000,2022-10-24T06:45:00Z,6.21,6.21,6.2,6.2,603.502,3742.90297
1666594200000,2022-10-24T06:50:00Z,6.2,6.2,6.19,6.19,1639.899,10156.68474
1666594500000,2022-10-24T06:55:00Z,6.19,6.19,6.17,6.17,1119.927,6925.58702
1666594800000,2022-10-24T07:00:00Z,6.17,6.2,6.17,6.2,2056.925,12716.96221
1666595100000,2022-10-24T07:05:00Z,6.2,6.2,6.2,6.2,2361.809,14643.2158
1666595400000,2022-10-24T07:10:00Z,6.2,6.2,6.19,6.19,504.628,3123.64732
1666595700000,2022-10-24T07:15:00Z,6.19,6.19,6.15,6.15,4623.201,28509.1893
1666596000000,2022-10-24T07:20:00Z,6.15,6.15,6.14,6.14,1026.914,6310.52829
1666596300000,2022-10-24T07:25:00Z,6.14,6.14,6.13,6.14,1273.164,7814.22693
1666596600000,2022-10-24T07:30:00Z,6.14,6.15,6.13,6.13,3905.208,23963.62455
1666596900000,2022-10-24T07:35:00Z,6.13,6.14,6.13,6.13,633.093,3881.34404
1666597200000,2022-10-24T07:40:00Z,6.13,6.14,6.13,6.14,1583.336,9721.49393
1666597500000,2022-10-24T07:45:00Z,6.14,6.14,6.13,6.14,917.108,5622.67204
1666597800000,2022-10-24T07:50:00Z,6.14,6.15,6.14,6.15,935.273,5750.32895
1666598100000,2022-10-24T07:55:00Z,6.15,6.15,6.11,6.13,6457.062,39533.11573
1666598400000,2022-10-24T08:00:00Z,6.13,6.14,6.13,6.13,552.51,3387.54222
1666598700000,2022-10-24T08:05:00Z,6.13,6.13,6.11,6.13,1035.217,6334.25426
1666599000000,2022-10-24T08:10:00Z,6.13,6.13,6.12,6.12,1708.037,10454.11157
1666599300000,2022-10-24T08:15:00Z,6.12,6.12,6.11,6.11,1148.596,7018.72156
1666599600000,2022-10-24T08:20:00Z,6.11,6.11,6.11,6.11,135.079,825.33269
1666599900000,2022-10-24T08:25:00Z,6.11,6.11,6.1,6.1,638.919,3897.40979
1666600200000,2022-10-24T08:30:00Z,6.1,6.11,6.1,6.11,923.5,5642.58111
1666600500000,2022-10-24T08:35:00Z,6.11,6.11,6.11,6.11,182.59,1115.6249
1666600800000,2022-10-24T08:40:00Z,6.11,6.11,6.11,6.11,230.983,1411.30613
1666601100000,2022-10-24T08:45:00Z,6.11,6.12,6.11,6.12,1068.066,6535.27617
1666601400000,2022-10-24T08:50:00Z,6.12,6.12,6.12,6.12,393.839,2410.29468
1666601700000,2022-10-24T08:55:00Z,6.12,6.13,6.12,6.13,86.854,532.41502
1666602000000,2022-10-24T09:00:00Z,6.13,6.13,6.12,6.12,473.943,2900.53505
1666602300000,2022-10-24T09:05:00Z,6.12,6.13,6.12,6.12,80.778,494.36525
1666602600000,2022-10-24T09:10:00Z,6.12,6.12,6.11,6.12,1.933,11.81452
1666602900000,2022-10-24T09:15:00Z,6.12,6.12,6.1,6.1,81.999,501.01
1666603200000,2022-10-24T09:20:00Z,6.1,6.11,6.1,6.11,292.497,1787.15278
1666603500000,2022-10-24T09:25:00Z,6.11,6.12,6.11,6.12,269.388,1648.65456
1666603800000,2022-10-24T09:30:00Z,6.12,6.15,6.12,6.14,2367.949,14538.40396
1666604100000,2022-10-24T09:35:00Z,6.14,6.14,6.14,6.14,1237.459,7597.99826
1666604400000,2022-10-24T09:40:00Z,6.14,6.14,6.13,6.14,976.192,5984.85696
1666604700000,2022-10-24T09:45:00Z,6.14,6.15,6.14,6.15,504.466,3100.06591
1666605000000,2022-10-24T09:50:00Z,6.15,6.17,6.15,6.17,3860.694,23801.03409
1666605300000,2022-10-24T09:55:00Z,6.17,6.17,6.17,6.17,2163.709,13350.08453
1666605600000,2022-10-24T10:00:00Z,6.17,6.17,6.17,6.17,2743.483,16927.29011
1666605900000,2022-10-24T10:05:00Z,6.17,6.17,6.16,6.16,2561.297,15779.90627
1666606200000,2022-10-24T10:10:00Z,6.16,6.17,6.16,6.17,1257.572,7755.33432
1666606500000,2022-10-24T10:15:00Z,6.17,6.19,6.17,6.19,1814.555,11204.5718
1666606800000,2022-10-24T10:20:00Z,6.19,6.2,6.19,6.19,3382.553,20938.19456
1666607100000,2022-10-24T10:25:00Z,6.19,6.19,6.18,6.19,621.725,3848.44945
1666607400000,2022-10-24T10:30:00Z,6.19,6.2,6.19,6.2,3478.691,21567.62934
1666607700000,2022-10-24T10:35:00Z,6.2,6.2,6.18,6.19,2896.174,17922.44722
1666608000000,2022-10-24T10:40:00Z,6.19,6.19,6.18,6.18,412.179,2550.86416
1666608300000,2022-10-24T10:45:00Z,6.18,6.18,6.17,6.17,713.689,4403.46113
1666608600000,2022-10-24T10:50:00Z,6.17,6.18,6.17,6.18,489.729,3026.52522
1666608900000,2022-10-24T10:55:00Z,6.18,6.19,6.17,6.18,2721.651,16822.43992
1666609200000,2022-10-24T11:00:00Z,6.18,6.18,6.18,6.18,1451.766,8971.91388
1666609500000,2022-10-24T11:05:00Z,6.18,6.18,6.18,6.18,1418.081,8763.74058
1666609800000,2022-10-24T11:10:00Z,6.18,6.18,6.18,6.18,323.422,1998.74796
1666610100000,2022-10-24T11:15:00Z,6.18,6.18,6.18,6.18,57.307,354.15726
1666610400000,2022-10-24T11:20:00Z,6.18,6.18,6.17,6.17,23.674,146.06858
1666610700000,2022-10-24T11:25:00Z,6.17,6.18,6.17,6.18,178.795,1104.94921
1666611000000,2022-10-24T11:30:00Z,6.18,6.19,6.18,6.19,953.408,5900.79552
1666611300000,2022-10-24T11:35:00Z,6.19,6.2,6.19,6.2,2757.724,17091.92216
1666611600000,2022-10-24T11:40:00Z,6.2,6.2,6.19,6.2,1436.047,8902.52947
1666611900000,2022-10-24T11:45:00Z,6.2,6.22,6.2,6.22,819.004,5086.52604
1666612200000,2022-10-24T11:50:00Z,6.22,6.22,6.21,6.21,1737.916,10794.81203
1666612500000,2022-10-24T11:55:00Z,6.21,6.21,6.21,6.21,450.781,2799.35001
1666612800000,2022-10-24T12:00:00Z,6.21,6.22,6.19,6.19,2088.656,12932.4418
1666613100000,2022-10-24T12:05:00Z,6.19,6.2,6.19,6.2,1457.672,9035.26624
1666613400000,2022-10-24T12:10:00Z,6.2,6.21,6.2,6.21,360.711,2240.01531
1666613700000,2022-10-24T12:15:00Z,6.21,6.21,6.2,6.2,1582.593,9814.47659
1666614000000,2022-10-24T12:20:00Z,6.2,6.2,6.18,6.18,399.36,2469.68413
1666614300000,2022-10-24T12:25:00Z,6.18,6.18,6.16,6.16,1641.247,10120.74937
1666614600000,2022-10-24T12:30:00Z,6.16,6.17,6.16,6.16,1155.827,7120.38054
1666614900000,2022-10-24T12:35:00Z,6.16,6.16,6.15,6.16,2944.045,18128.35098
1666615200000,2022-10-24T12:40:00Z,6.16,6.19,6.16,6.18,4009.089,24764.48331
1666615500000,2022-10-24T12:45:00Z,6.18,6.2,6.18,6.19,1457.328,9018.11385
1666615800000,2022-10-24T12:50:00Z,6.19,6.2,6.19,6.19,3238.658,20048.34727
1666616100000,2022-10-24T12:55:00Z,6.19,6.19,6.18,6.19,1315.631,8135.68521
1666616400000,2022-10-24T13:00:00Z,6.19,6.19,6.18,6.18,2265.15,13998.627
1666616700000,2022-10-24T13:05:00Z,6.18,6.18,6.17,6.17,1523.682,9408.0901
1666617000000,2022-10-24T13:10:00Z,6.17,6.17,6.16,6.16,423.85,2612.26649
1666617300000,2022-10-24T13:15:00Z,6.16,6.17,6.16,6.17,2706.843,16689.14102
1666617600000,2022-10-24T13:20:00Z,6.17,6.18,6.17,6.18,2641.205,16322.6469
1666617900000,2022-10-24T13:25:00Z,6.18,6.18,6.17,6.17,1809.707,11165.89219
1666618200000,2022-10-24T13:30:00Z,6.17,6.17,6.13,6.15,2439.936,15002.07601
1666618500000,2022-10-24T13:35:00Z,6.15,6.2,6.15,6.18,3548.901,21922.36915
1666618800000,2022-10-24T13:40:00Z,6.18,6.18,6.15,6.15,2489.311,15336.76628
1666619100000,2022-10-24T13:45:00Z,6.15,6.2,6.15,6.17,9192.461,56811.47252
1666619400000,2022-10-24T13:50:00Z,6.17,6.18,6.17,6.17,3066.509,18941.40487
1666619700000,2022-10-24T13:55:00Z,6.17,6.19,6.17,6.18,3238.662,20035.38107
1666620000000,2022-10-24T14:00:00Z,6.18,6.18,6.13,6.14,3894.544,23993.17906
1666620300000,2022-10-24T14:05:00Z,6.14,6.15,6.13,6.13,816.975,5013.85664
1666620600000,2022-10-24T14:10:00Z,6.13,6.15,6.13,6.15,650.722,4001.19038
1666620900000,2022-10-24T14:15:00Z,6.15,6.15,6.1,6.12,2141.645,13093.16122
1666621200000,2022-10-24T14:20:00Z,6.12,6.12,6.08,6.08,2825.689,17196.25063
1666621500000,2022-10-24T14:25:00Z,6.08,6.12,6.06,6.12,2457.171,14985.29501
1666621800000,2022-10-24T14:30:00Z,6.12,6.12,6.09,6.09,1063.749,6483.59535
1666622100000,2022-10-24T14:35:00Z,6.09,6.12,6.09,6.12,714.561,4367.85833
1666622400000,2022-10-24T14:40:00Z,6.12,6.12,6.1,6.1,440.088,2685.3368
1666622700000,2022-10-24T14:45:00Z,6.1,6.1,6.1,6.1,1331.422,8121.6742
1666623000000,2022-10-24T14:50:00Z,6.1,6.14,6.1,6.14,823.649,5042.38059
1666623300000,2022-10-24T14:55:00Z,6.14,6.15,6.13,6.15,1236.967,7597.45154
1666623600000,2022-10-24T15:00:00Z,6.15,6.15,6.14,6.14,1112.698,6832.78213
1666623900000,2022-10-24T15:05:00Z,6.14,6.14,6.12,6.12,609.897,3733.36963
1666624200000,2022-10-24T15:10:00Z,6.12,6.13,6.12,6.13,566.117,3465.91864
1666624500000,2022-10-24T15:15:00Z,6.13,6.14,6.12,6.12,1122.884,6882.21059
1666624800000,2022-10-24T15:20:00Z,6.12,6.13,6.12,6.13,606.342,3716.87646
1666625100000,2022-10-24T15:25:00Z,6.13,6.14,6.13,6.14,863.793,5297.29622
1666625400000,2022-10-24T15:30:00Z,6.14,6.14,6.13,6.13,558.567,3424.01571
1666625700000,2022-10-24T15:35:00Z,6.13,6.15,6.13,6.15,715.422,4396.66834
1666626000000,2022-10-24T15:40:00Z,6.15,6.15,6.14,6.15,738.075,4534.11493
1666626300000,2022-10-24T15:45:00Z,6.15,6.15,6.13,6.13,2525.149,15495.45304
1666626600000,2022-10-24T15:50:00Z,6.13,6.16,6.13,6.16,652.204,4013.22881
1666626900000,2022-10-24T15:55:00Z,6.16,6.17,6.16,6.17,516.011,3180.64488
1666627200000,2022-10-24T16:00:00Z,6.17,6.17,6.15,6.15,874.809,5387.31366
1666627500000,2022-10-24T16:05:00Z,6.15,6.15,6.14,6.14,6.469,39.71966
1666627800000,2022-10-24T16:10:00Z,6.14,6.14,6.14,6.14,0.389,2.38846
1666628100000,2022-10-24T16:15:00Z,6.14,6.15,6.14,6.15,1005.791,6183.72092
1666628400000,2022-10-24T16:20:00Z,6.15,6.15,6.15,6.15,244.094,1501.1781
1666628700000,2022-10-24T16:25:00Z,6.15,6.16,6.14,6.15,1122.842,6908.65169
1666629000000,2022-10-24T16:30:00Z,6.15,6.15,6.13,6.14,1478.282,9070.23933
1666629300000,2022-10-24T16:35:00Z,6.14,6.14,6.14,6.14,210.161,1290.38854
1666629600000,2022-10-24T16:40:00Z,6.14,6.14,6.13,6.13,441.259,2704.91767
1666629900000,2022-10-24T16:45:00Z,6.13,6.13,6.13,6.13,239.797,1469.95561
1666630200000,2022-10-24T16:50:00Z,6.13,6.15,6.13,6.15,547.844,3363.78634
1666630500000,2022-10-24T16:55:00Z,6.15,6.15,6.14,6.14,541.072,3325.1928
1666630800000,2022-10-24T17:00:00Z,6.14,6.14,6.13,6.14,1222.06,7493.73198
1666631100000,2022-10-24T17:05:00Z,6.14,6.14,6.13,6.14,270.187,1658.94429
1666631400000,2022-10-24T17:10:00Z,6.14,6.14,6.13,6.13,499.626,3063.50738
1666631700000,2022-10-24T17:15:00Z,6.13,6.14,6.12,6.12,1542.079,9439.34161
1666632000000,2022-10-24T17:20:00Z,6.12,6.12,6.11,6.11,360.722,2204.81142
1666632300000,2022-10-24T17:25:00Z,6.11,6.12,6.11,6.11,653.003,3994.99995
1666632600000,2022-10-24T17:30:00Z,6.11,6.12,6.1,6.12,488.139,2987.35879
1666632900000,2022-10-24T17:35:00Z,6.12,6.13,6.12,6.13,225.022,1378.3567
1666633200000,2022-10-24T17:40:00Z,6.13,6.14,6.13,6.14,373.515,2293.3821
1666633500000,2022-10-24T17:45:00Z,6.14,6.14,6.14,6.14,598.547,3675.07858
1666633800000,2022-10-24T17:50:00Z,6.14,6.14,6.14,6.14,118.868,729.84952
1666634100000,2022-10-24T17:55:00Z,6.14,6.14,6.14,6.14,80.389,493.58846
1666634400000,2022-10-24T18:00:00Z,6.14,6.14,6.13,6.14,0.778,4.77303
1666634700000,2022-10-24T18:05:00Z,6.14,6.14,6.14,6.14,119.346,732.78444
1666635000000,2022-10-24T18:10:00Z,6.14,6.14,6.13,6.14,65.049,399.28482
1666635300000,2022-10-24T18:15:00Z,6.14,6.15,6.14,6.15,168.05,1033.5075
1666635600000,2022-10-24T18:20:00Z,6.15,6.16,6.15,6.16,247.274,1521.58752
1666635900000,2022-10-24T18:25:00Z,6.16,6.16,6.15,6.15,536.264,3300.42359
1666636200000,2022-10-24T18:30:00Z,6.15,6.16,6.15,6.16,0.389,2.39624
1666636500000,2022-10-24T18:35:00Z,6.16,6.16,6.15,6.15,209.747,1289.94405
1666636800000,2022-10-24T18:40:00Z,6.15,6.17,6.15,6.17,438.655,2701.21685
1666637100000,2022-10-24T18:45:00Z,6.17,6.17,6.17,6.17,550.255,3395.07335
1666637400000,2022-10-24T18:50:00Z,6.17,6.17,6.16,6.16,563.63,3477.59321
1666637700000,2022-10-24T18:55:00Z,6.16,6.17,6.16,6.17,156.758,967.19686
1666638000000,2022-10-24T19:00:00Z,6.17,6.17,6.16,6.17,433.223,2672.9693
1666638300000,2022-10-24T19:05:00Z,6.17,6.19,6.17,6.19,516.793,3195.7237
1666638600000,2022-10-24T19:10:00Z,6.19,6.19,6.19,6.19,813.692,5036.75348
1666638900000,2022-10-24T19:15:00Z,6.19,6.19,6.17,6.19,1144.07,7076.49585
1666639200000,2022-10-24T19:20:00Z,6.19,6.19,6.17,6.17,510.849,3154.22146
1666639500000,2022-10-24T19:25:00Z,6.17,6.17,6.17,6.17,571.543,3526.42031
1666639800000,2022-10-24T19:30:00Z,6.17,6.17,6.16,6.16,659.586,4068.20328
1666640100000,2022-10-24T19:35:00Z,6.16,6.17,6.16,6.17,725.102,4473.87934
1666640400000,2022-10-24T19:40:00Z,6.17,6.17,6.16,6.17,108.537,669.08197
1666640700000,2022-10-24T19:45:00Z,6.17,6.17,6.16,6.16,1686.644,10406.54225
1666641000000,2022-10-24T19:50:00Z,6.16,6.16,6.16,6.16,257.462,1585.96592
1666641300000,2022-10-24T19:55:00Z,6.16,6.17,6.16,6.17,115.592,712.05061
1666641600000,2022-10-24T20:00:00Z,6.17,6.17,6.16,6.16,235.557,1451.03112
1666641900000,2022-10-24T20:05:00Z,6.16,6.16,6.15,6.16,191.987,1182.63603
1666642200000,2022-10-24T20:10:00Z,6.16,6.17,6.16,6.17,401.127,2474.9497
1666642500000,2022-10-24T20:15:00Z,6.17,6.18,6.17,6.17,112.529,694.30782
1666642800000,2022-10-24T20:20:00Z,6.17,6.17,6.17,6.17,253.815,1566.03855
1666643100000,2022-10-24T20:25:00Z,6.17,6.17,6.16,6.16,83.694,516.38809
1666643400000,2022-10-24T20:30:00Z,6.16,6.17,6.16,6.17,81.685,503.99645
1666643700000,2022-10-24T20:35:00Z,6.17,6.17,6.16,6.16,370.921,2284.87336
1666644000000,2022-10-24T20:40:00Z,6.16,6.17,6.16,6.17,122.529,756.00393
1666644300000,2022-10-24T20:45:00Z,6.17,6.18,6.17,6.17,564.24,3485.21964
1666644600000,2022-10-24T20:50:00Z,6.17,6.17,6.17,6.17,237.478,1465.23926
1666644900000,2022-10-24T20:55:00Z,6.17,6.17,6.17,6.17,270.589,1669.53413
1666645200000,2022-10-24T21:00:00Z,6.17,6.17,6.17,6.17,5.251,32.39867
1666645500000,2022-10-24T21:05:00Z,6.17,6.19,6.17,6.19,1476.088,9124.66994
1666645800000,2022-10-24T21:10:00Z,6.19,6.19,6.16,6.16,620.359,3830.71924
1666646100000,2022-10-24T21:15:00Z,6.16,6.16,6.15,6.15,300.56,1849.244
1666646400000,2022-10-24T21:20:00Z,6.15,6.16,6.15,6.16,325.305,2000.6788
1666646700000,2022-10-24T21:25:00Z,6.16,6.16,6.14,6.15,439.817,2700.48027
1666647000000,2022-10-24T21:30:00Z,6.15,6.15,6.14,6.14,0.778,4.78081
1666647300000,2022-10-24T21:35:00Z,6.14,6.14,6.14,6.14,52.112,319.96768
1666647600000,2022-10-24T21:40:00Z,6.14,6.14,6.14,6.14,580.859,3566.47426
1666647900000,2022-10-24T21:45:00Z,6.14,6.15,6.14,6.15,0.389,2.39235
1666648200000,2022-10-24T21:50:00Z,6.15,6.16,6.15,6.15,0.778,4.78859
1666648500000,2022-10-24T21:55:00Z,6.15,6.16,6.15,6.15,261.143,1606.03334
1666648800000,2022-10-24T22:00:00Z,6.15,6.16,6.13,6.14,1449.683,8910.50898
1666649100000,2022-10-24T22:05:00Z,6.14,6.14,6.12,6.12,204.758,1255.16265
1666649400000,2022-10-24T22:10:00Z,6.12,6.14,6.12,6.14,137.2,842.40411
1666649700000,2022-10-24T22:15:00Z,6.14,6.14,6.14,6.14,217.09,1332.9326
1666650000000,2022-10-24T22:20:00Z,6.14,6.15,6.14,6.14,218.778,1343.31318
1666650300000,2022-10-24T22:25:00Z,6.14,6.15,6.14,6.14,883.832,5428.7765
1666650600000,2022-10-24T22:30:00Z,6.14,6.15,6.14,6.14,158.006,971.73301
1666650900000,2022-10-24T22:35:00Z,6.14,6.15,6.14,6.15,80.389,494.39235
1666651200000,2022-10-24T22:40:00Z,6.15,6.17,6.15,6.16,409.019,2519.61376
1666651500000,2022-10-24T22:45:00Z,6.16,6.17,6.16,6.17,634.574,3912.12159
1666651800000,2022-10-24T22:50:00Z,6.17,6.17,6.17,6.17,1015.527,6265.80159
1666652100000,2022-10-24T22:55:00Z,6.17,6.18,6.17,6.18,90.112,555.99493
1666652400000,2022-10-24T23:00:00Z,6.18,6.18,6.16,6.16,1687.81,10422.67061
1666652700000,2022-10-24T23:05:00Z,6.16,6.16,6.16,6.16,803.449,4949.24584
1666653000000,2022-10-24T23:10:00Z,6.16,6.16,6.15,6.15,702.463,4323.34745
1666653300000,2022-10-24T23:15:00Z,6.15,6.16,6.14,6.14,364.603,2239.4702
1666653600000,2022-10-24T23:20:00Z,6.14,6.15,6.14,6.14,1589.465,9760.1151
1666653900000,2022-10-24T23:25:00Z,6.14,6.14,6.14,6.14,378.124,2321.68136
1666654200000,2022-10-24T23:30:00Z,6.14,6.15,6.14,6.15,324.695,1995.92297
1666654500000,2022-10-24T23:35:00Z,6.15,6.15,6.13,6.13,234.887,1440.96187
1666654800000,2022-10-24T23:40:00Z,6.13,6.13,6.13,6.13,2.015,12.35195
1666655100000,2022-10-24T23:45:00Z,6.13,6.13,6.13,6.13,397.985,2439.64805
1666655400000,2022-10-24T23:50:00Z,6.13,6.15,6.13,6.14,160.388,984.78621
1666655700000,2022-10-24T23:55:00Z,6.14,6.15,6.14,6.14,152.763,937.96871
1666656000000,2022-10-25T00:00:00Z,6.14,6.15,6.13,6.13,854.364,5246.65651
1666656300000,2022-10-25T00:05:00Z,6.13,6.15,6.13,6.15,489.081,3007.84815
1666656600000,2022-10-25T00:10:00Z,6.15,6.21,6.15,6.19,4756.138,29430.53893
1666656900000,2022-10-25T00:15:00Z,6.19,6.2,6.18,6.18,3523.071,21825.86929
1666657200000,2022-10-25T00:20:00Z,6.18,6.18,6.17,6.17,1024.236,6325.48327
1666657500000,2022-10-25T00:25:00Z,6.17,6.19,6.17,6.19,347.942,2150.6257
1666657800000,2022-10-25T00:30:00Z,6.19,6.19,6.17,6.17,782.77,4839.16106
1666658100000,2022-10-25T00:35:00Z,6.17,6.19,6.17,6.18,1640.21,10136.56888
1666658400000,2022-10-25T00:40:00Z,6.18,6.19,6.18,6.18,227.759,1408.43982
1666658700000,2022-10-25T00:45:00Z,6.18,6.18,6.16,6.16,459.239,2832.65379
1666659000000,2022-10-25T00:50:00Z,6.16,6.16,6.15,6.15,578.106,3559.78162
1666659300000,2022-10-25T00:55:00Z,6.15,6.15,6.15,6.15,362.885,2231.74275
1666659600000,2022-10-25T01:00:00Z,6.15,6.17,6.15,6.15,2368.847,14583.62007
1666659900000,2022-10-25T01:05:00Z,6.15,6.15,6.13,6.13,1441.568,8840.80289
1666660200000,2022-10-25T01:10:00Z,6.13,6.13,6.13,6.13,957.478,5869.34014
1666660500000,2022-10-25T01:15:00Z,6.13,6.13,6.11,6.11,2227.058,13611.73105
1666660800000,2022-10-25T01:20:00Z,6.11,6.11,6.1,6.1,1223.356,7470.22448
1666661100000,2022-10-25T01:25:00Z,6.1,6.1,6.09,6.1,351.244,2139.08415
1666661400000,2022-10-25T01:30:00Z,6.1,6.11,6.09,6.11,2203.182,13447.92143
1666661700000,2022-10-25T01:35:00Z,6.11,6.11,6.11,6.11,516.945,3158.53395
1666662000000,2022-10-25T01:40:00Z,6.11,6.12,6.11,6.12,475.333,2906.72139
1666662300000,2022-10-25T01:45:00Z,6.12,6.13,6.12,6.13,4208.601,25798.72413
1666662600000,2022-10-25T01:50:00Z,6.13,6.13,6.13,6.13,0.389,2.38457
1666662900000,2022-10-25T01:55:00Z,6.13,6.13,6.13,6.13,160.389,983.18457
1666663200000,2022-10-25T02:00:00Z,6.13,6.13,6.13,6.13,579.881,3554.67053
1666663500000,2022-10-25T02:05:00Z,6.13,6.13,6.13,6.13,146.732,899.46716
1666663800000,2022-10-25T02:10:00Z,6.13,6.13,6.12,6.12,227.122,1389.99053
1666664100000,2022-10-25T02:15:00Z,6.12,6.12,6.12,6.12,320,1958.4
1666664400000,2022-10-25T02:20:00Z,6.12,6.13,6.12,6.13,80.389,492.78068
1666664700000,2022-10-25T02:25:00Z,6.13,6.14,6.13,6.13,919.958,5648.53823
1666665000000,2022-10-25T02:30:00Z,6.13,6.13,6.13,6.13,230.691,1414.13583
1666665300000,2022-10-25T02:35:00Z,6.13,6.13,6.12,6.12,475.855,2912.26522
1666665600000,2022-10-25T02:40:00Z,6.12,6.12,6.12,6.12,80.389,491.98068
1666665900000,2022-10-25T02:45:00Z,6.12,6.13,6.12,6.13,654.887,4014.45731
1666666200000,2022-10-25T02:50:00Z,6.13,6.14,6.13,6.13,108.102,662.66915
1666666500000,2022-10-25T02:55:00Z,6.13,6.14,6.12,6.12,0.778,4.76914
1666666800000,2022-10-25T03:00:00Z,6.12,6.14,6.12,6.13,167.911,1029.29832
1666667100000,2022-10-25T03:05:00Z,6.13,6.16,6.13,6.16,1125.267,6922.94816
1666667400000,2022-10-25T03:10:00Z,6.16,6.16,6.15,6.15,120.932,743.73569
1666667700000,2022-10-25T03:15:00Z,6.15,6.16,6.15,6.16,449.675,2769.63847
1666668000000,2022-10-25T03:20:00Z,6.16,6.16,6.16,6.16,1250.075,7700.462
1666668300000,2022-10-25T03:25:00Z,6.16,6.17,6.16,6.17,1158.437,7146.07085
1666668600000,2022-10-25T03:30:00Z,6.17,6.17,6.16,6.16,78.097,481.08141
1666668900000,2022-10-25T03:35:00Z,6.16,6.16,6.15,6.15,1024.695,6312.11731
1666669200000,2022-10-25T03:40:00Z,6.15,6.16,6.15,6.16,0.389,2.39624
1666669500000,2022-10-25T03:45:00Z,6.16,6.16,6.15,6.16,817.224,5034.09595
1666669800000,2022-10-25T03:50:00Z,6.16,6.16,6.16,6.16,272.066,1675.92656
1666670100000,2022-10-25T03:55:00Z,6.16,6.17,6.16,6.16,385.368,2373.87077
1666670400000,2022-10-25T04:00:00Z,6.16,6.17,6.16,6.17,1390.811,8567.39965
1666670700000,2022-10-25T04:05:00Z,6.17,6.17,6.16,6.16,0.389,2.39624
1666671000000,2022-10-25T04:10:00Z,6.16,6.17,6.16,6.16,638.791,3940.26363
1666671300000,2022-10-25T04:15:00Z,6.16,6.16,6.16,6.16,2446.885,15072.8116
1666671600000,2022-10-25T04:20:00Z,6.16,6.16,6.16,6.16,934.89,5758.9224
1666671900000,2022-10-25T04:25:00Z,6.16,6.16,6.15,6.16,0.778,4.78859
1666672200000,2022-10-25T04:30:00Z,6.16,6.17,6.16,6.17,81.509,502.09933
1666672500000,2022-10-25T04:35:00Z,6.17,6.17,6.15,6.15,191.63,1178.6723
1666672800000,2022-10-25T04:40:00Z,6.15,6.15,6.15,6.15,413.667,2544.05205
1666673100000,2022-10-25T04:45:00Z,6.15,6.15,6.15,6.15,1973.794,12138.8331
1666673400000,2022-10-25T04:50:00Z,6.15,6.15,6.14,6.14,330.674,2030.34649
1666673700000,2022-10-25T04:55:00Z,6.14,6.15,6.14,6.15,80.389,493.59235
1666674000000,2022-10-25T05:00:00Z,6.15,6.15,6.15,6.15,1245.4,7659.21
1666674300000,2022-10-25T05:05:00Z,6.15,6.15,6.13,6.13,961.969,5904.67033
1666674600000,2022-10-25T05:10:00Z,6.13,6.13,6.13,6.13,273.321,1675.45773
1666674900000,2022-10-25T05:15:00Z,6.13,6.13,6.12,6.12,642.536,3932.32032
1666675200000,2022-10-25T05:20:00Z,6.12,6.13,6.12,6.13,656.762,4021.96484
1666675500000,2022-10-25T05:25:00Z,6.13,6.14,6.13,6.14,504.838,3099.70143
1666675800000,2022-10-25T05:30:00Z,6.14,6.14,6.13,6.13,2387.691,14638.01969
1666676100000,2022-10-25T05:35:00Z,6.13,6.14,6.13,6.14,80,491.2
1666676400000,2022-10-25T05:40:00Z,6.14,6.14,6.13,6.13,80.388,493.57843
1666676700000,2022-10-25T05:45:00Z,6.13,6.14,6.13,6.14,82.039,503.70557
1666677000000,2022-10-25T05:50:00Z,6.14,6.14,6.14,6.14,474.529,2913.60806
1666677300000,2022-10-25T05:55:00Z,6.14,6.15,6.14,6.15,80.388,493.58621
1666677600000,2022-10-25T06:00:00Z,6.15,6.15,6.14,6.14,650.452,3993.77528
1666677900000,2022-10-25T06:05:00Z,6.14,6.15,6.14,6.14,150.847,926.20447
1666678200000,2022-10-25T06:10:00Z,6.14,6.15,6.14,6.14,384.128,2358.54981
1666678500000,2022-10-25T06:15:00Z,6.14,6.15,6.14,6.15,441.537,2715.45255
1666678800000,2022-10-25T06:20:00Z,6.15,6.15,6.15,6.15,535.124,3291.0126
1666679100000,2022-10-25T06:25:00Z,6.15,6.16,6.15,6.16,749.254,4612.24933
1666679400000,2022-10-25T06:30:00Z,6.16,6.17,6.15,6.15,160.505,987.56009
1666679700000,2022-10-25T06:35:00Z,6.15,6.15,6.15,6.15,1110.012,6826.5738
1666680000000,2022-10-25T06:40:00Z,6.15,6.15,6.13,6.15,639.39,3928.84505
1666680300000,2022-10-25T06:45:00Z,6.15,6.15,6.14,6.14,360.383,2215.03462
1666680600000,2022-10-25T06:50:00Z,6.14,6.14,6.14,6.14,702.092,4310.84488
1666680900000,2022-10-25T06:55:00Z,6.14,6.14,6.13,6.13,0.778,4.76914
1666681200000,2022-10-25T07:00:00Z,6.13,6.15,6.13,6.15,1122.058,6889.37018
1666681500000,2022-10-25T07:05:00Z,6.15,6.15,6.14,6.14,582.968,3579.42352
1666681800000,2022-10-25T07:10:00Z,6.14,6.14,6.12,6.12,852.15,5216.14423
1666682100000,2022-10-25T07:15:00Z,6.12,6.12,6.12,6.12,368.024,2252.30688
1666682400000,2022-10-25T07:20:00Z,6.12,6.13,6.12,6.13,234.243,1435.9057
1666682700000,2022-10-25T07:25:00Z,6.13,6.13,6.12,6.12,316.201,1936.71213
1666683000000,2022-10-25T07:30:00Z,6.12,6.12,6.12,6.12,682.057,4174.18884
1666683300000,2022-10-25T07:35:00Z,6.12,6.12,6.12,6.12,593.699,3633.43788
1666683600000,2022-10-25T07:40:00Z,6.12,6.12,6.11,6.12,28.136,172.18843
1666683900000,2022-10-25T07:45:00Z,6.12,6.13,6.12,6.13,156.063,956.65982
1666684200000,2022-10-25T07:50:00Z,6.13,6.13,6.12,6.12,4.574,28.03473
1666684500000,2022-10-25T07:55:00Z,6.12,6.13,6.12,6.13,160.389,981.58457
1666684800000,2022-10-25T08:00:00Z,6.13,6.13,6.12,6.13,504.274,3091.19573
1666685100000,2022-10-25T08:05:00Z,6.13,6.13,6.13,6.13,174.813,1071.60369
1666685400000,2022-10-25T08:10:00Z,6.13,6.13,6.13,6.13,28.135,172.46755
1666685700000,2022-10-25T08:15:00Z,6.13,6.14,6.13,6.13,157.601,966.09802
1666686000000,2022-10-25T08:20:00Z,6.13,6.13,6.12,6.12,1935.095,11843.5814
1666686300000,2022-10-25T08:25:00Z,6.12,6.12,6.11,6.11,2828.037,17279.30607
1666686600000,2022-10-25T08:30:00Z,6.11,6.12,6.11,6.12,587.661,3593.42009
1666686900000,2022-10-25T08:35:00Z,6.12,6.13,6.12,6.13,222.064,1359.03557
1666687200000,2022-10-25T08:40:00Z,6.13,6.13,6.13,6.13,436.314,2674.60482
1666687500000,2022-10-25T08:45:00Z,6.13,6.13,6.12,6.13,452.978,2772.22925
1666687800000,2022-10-25T08:50:00Z,6.13,6.13,6.12,6.12,913.074,5588.02119
1666688100000,2022-10-25T08:55:00Z,6.12,6.12,6.11,6.11,360.321,2202.6279
1666688400000,2022-10-25T09:00:00Z,6.11,6.11,6.08,6.09,2655.108,16171.27895
1666688700000,2022-10-25T09:05:00Z,6.09,6.09,6.09,6.09,302.788,1843.97892
1666689000000,2022-10-25T09:10:00Z,6.09,6.09,6.09,6.09,1053.245,6414.26205
1666689300000,2022-10-25T09:15:00Z,6.09,6.1,6.09,6.1,762.378,4650.17256
1666689600000,2022-10-25T09:20:00Z,6.1,6.1,6.1,6.1,415.021,2531.6281
1666689900000,2022-10-25T09:25:00Z,6.1,6.12,6.1,6.12,900.159,5505.20277
1666690200000,2022-10-25T09:30:00Z,6.12,6.12,6.1,6.1,417.078,2544.9758
1666690500000,2022-10-25T09:35:00Z,6.1,6.1,6.09,6.1,533.26,3247.55729
1666690800000,2022-10-25T09:40:00Z,6.1,6.1,6.09,6.09,465.824,2841.52251
1666691100000,2022-10-25T09:45:00Z,6.09,6.1,6.09,6.1,253.206,1544.55271
1666691400000,2022-10-25T09:50:00Z,6.1,6.11,6.1,6.11,0.389,2.37679
1666691700000,2022-10-25T09:55:00Z,6.11,6.11,6.1,6.1,90.005,549.0305
1666692000000,2022-10-25T10:00:00Z,6.1,6.1,6.08,6.08,1941.177,11806.85391
1666692300000,2022-10-25T10:05:00Z,6.08,6.09,6.08,6.09,269.745,1642.74705
1666692600000,2022-10-25T10:10:00Z,6.09,6.09,6.09,6.09,240.389,1463.96901
1666692900000,2022-10-25T10:15:00Z,6.09,6.09,6.09,6.09,361.743,2203.01487
1666693200000,2022-10-25T10:20:00Z,6.09,6.1,6.08,6.1,399.465,2432.40083
1666693500000,2022-10-25T10:25:00Z,6.1,6.1,6.1,6.1,1478.97,9021.717
1666693800000,2022-10-25T10:30:00Z,6.1,6.1,6.1,6.1,0.389,2.3729
1666694100000,2022-10-25T10:35:00Z,6.1,6.11,6.1,6.11,385.816,2354.5596
1666694400000,2022-10-25T10:40:00Z,6.11,6.11,6.1,6.11,101.075,617.56436
1666694700000,2022-10-25T10:45:00Z,6.11,6.11,6.11,6.11,1623.129,9917.31819
1666695000000,2022-10-25T10:50:00Z,6.11,6.11,6.11,6.11,238.587,1457.76657
1666695300000,2022-10-25T10:55:00Z,6.11,6.11,6.1,6.1,302.419,1844.7559
1666695600000,2022-10-25T11:00:00Z,6.1,6.1,6.1,6.1,708.397,4321.2217
1666695900000,2022-10-25T11:05:00Z,6.1,6.1,6.09,6.1,390.818,2383.7469
1666696200000,2022-10-25T11:10:00Z,6.1,6.11,6.1,6.11,273.914,1672.82903
1666696500000,2022-10-25T11:15:00Z,6.11,6.11,6.1,6.1,228.601,1396.73489
1666696800000,2022-10-25T11:20:00Z,6.1,6.11,6.1,6.1,85.564,521.94429
1666697100000,2022-10-25T11:25:00Z,6.1,6.12,6.1,6.12,463.73,2837.21982
1666697400000,2022-10-25T11:30:00Z,6.12,6.12,6.12,6.12,707.966,4332.75192
1666697700000,2022-10-25T11:35:00Z,6.12,6.13,6.12,6.12,388.272,2376.3062
1666698000000,2022-10-25T11:40:00Z,6.12,6.12,6.12,6.12,342.768,2097.74016
1666698300000,2022-10-25T11:45:00Z,6.12,6.12,6.11,6.11,464.618,2838.81598
1666698600000,2022-10-25T11:50:00Z,6.11,6.11,6.11,6.11,0.389,2.37679
1666698900000,2022-10-25T11:55:00Z,6.11,6.12,6.11,6.11,275.694,1684.52244
1666699200000,2022-10-25T12:00:00Z,6.11,6.12,6.11,6.12,156.79,959.5548
1666699500000,2022-10-25T12:05:00Z,6.12,6.12,6.11,6.11,590.822,3609.92631
1666699800000,2022-10-25T12:10:00Z,6.11,6.12,6.11,6.11,667.149,4076.33088
1666700100000,2022-10-25T12:15:00Z,6.11,6.12,6.11,6.12,340.123,2081.54887
1666700400000,2022-10-25T12:20:00Z,6.12,6.13,6.12,6.13,273.723,1677.92199
1666700700000,2022-10-25T12:25:00Z,6.13,6.13,6.11,6.11,468.933,2867.1523
1666701000000,2022-10-25T12:30:00Z,6.11,6.12,6.11,6.11,18.182,111.09591
1666701300000,2022-10-25T12:35:00Z,6.11,6.12,6.1,6.1,498.786,3046.26149
1666701600000,2022-10-25T12:40:00Z,6.1,6.11,6.1,6.11,456.181,2784.30409
1666701900000,2022-10-25T12:45:00Z,6.11,6.13,6.11,6.13,685.51,4197.97407
1666702200000,2022-10-25T12:50:00Z,6.13,6.14,6.13,6.13,573.71,3519.38909
1666702500000,2022-10-25T12:55:00Z,6.13,6.14,6.13,6.14,62.298,382.50972
1666702800000,2022-10-25T13:00:00Z,6.14,6.14,6.14,6.14,300.539,1845.30946
1666703100000,2022-10-25T13:05:00Z,6.14,6.14,6.13,6.14,447.475,2745.38303
1666703400000,2022-10-25T13:10:00Z,6.14,6.16,6.14,6.16,2551.6,15682.1987
1666703700000,2022-10-25T13:15:00Z,6.16,6.17,6.16,6.17,649.66,4004.33312
1666704000000,2022-10-25T13:20:00Z,6.17,6.19,6.17,6.18,1311.239,8101.09009
1666704300000,2022-10-25T13:25:00Z,6.18,6.18,6.17,6.17,601.632,3714.88576
1666704600000,2022-10-25T13:30:00Z,6.17,6.21,6.17,6.21,2860.779,17722.3569
1666704900000,2022-10-25T13:35:00Z,6.21,6.21,6.19,6.19,3901.741,24162.94652
1666705200000,2022-10-25T13:40:00Z,6.19,6.21,6.19,6.21,3096.35,19196.19869
1666705500000,2022-10-25T13:45:00Z,6.21,6.23,6.21,6.23,2565.398,15963.24699
1666705800000,2022-10-25T13:50:00Z,6.23,6.24,6.23,6.23,4039.993,25169.41908
1666706100000,2022-10-25T13:55:00Z,6.23,6.24,6.22,6.22,2094.057,13039.27313
1666706400000,2022-10-25T14:00:00Z,6.22,6.24,6.22,6.24,2574.936,16052.45363
1666706700000,2022-10-25T14:05:00Z,6.24,6.24,6.2,6.2,3268.661,20319.10974
1666707000000,2022-10-25T14:10:00Z,6.2,6.22,6.2,6.22,1353.516,8410.4119
1666707300000,2022-10-25T14:15:00Z,6.22,6.24,6.22,6.23,4555.514,28379.44017
1666707600000,2022-10-25T14:20:00Z,6.23,6.24,6.22,6.22,1762.673,10973.5218
1666707900000,2022-10-25T14:25:00Z,6.22,6.24,6.22,6.23,2020.116,12585.27812
1666708200000,2022-10-25T14:30:00Z,6.23,6.24,6.23,6.23,4374.323,27252.08524
1666708500000,2022-10-25T14:35:00Z,6.23,6.24,6.22,6.23,4379.606,27277.80333
1666708800000,2022-10-25T14:40:00Z,6.23,6.23,6.22,6.22,620.696,3860.72912
1666709100000,2022-10-25T14:45:00Z,6.22,6.25,6.22,6.25,1989.053,12403.19342
1666709400000,2022-10-25T14:50:00Z,6.25,6.26,6.25,6.25,3067.615,19172.5986
1666709700000,2022-10-25T14:55:00Z,6.25,6.26,6.24,6.24,2198.622,13743.99973
1666710000000,2022-10-25T15:00:00Z,6.24,6.26,6.24,6.25,2975.099,18594.38473
1666710300000,2022-10-25T15:05:00Z,6.25,6.27,6.25,6.27,2550.295,15960.55324
1666710600000,2022-10-25T15:10:00Z,6.27,6.28,6.26,6.26,2858.229,17932.63356
1666710900000,2022-10-25T15:15:00Z,6.26,6.28,6.26,6.28,2918.544,18317.05957
1666711200000,2022-10-25T15:20:00Z,6.28,6.29,6.27,6.28,2270.43,14256.8979
1666711500000,2022-10-25T15:25:00Z,6.28,6.29,6.28,6.28,2431.115,15271.11053
1666711800000,2022-10-25T15:30:00Z,6.28,6.28,6.28,6.28,3411.535,21424.4398
1666712100000,2022-10-25T15:35:00Z,6.28,6.29,6.28,6.29,1184.602,7440.93251
1666712400000,2022-10-25T15:40:00Z,6.29,6.3,6.29,6.3,502.283,3163.5829
1666712700000,2022-10-25T15:45:00Z,6.3,6.32,6.3,6.31,3948.17,24905.75516
1666713000000,2022-10-25T15:50:00Z,6.31,6.34,6.31,6.34,2802.214,17741.95721
1666713300000,2022-10-25T15:55:00Z,6.34,6.34,6.31,6.32,3503.308,22144.06931
1666713600000,2022-10-25T16:00:00Z,6.32,6.35,6.32,6.35,2942.283,18654.4106
1666713900000,2022-10-25T16:05:00Z,6.35,6.36,6.35,6.36,2121.861,13483.86207
1666714200000,2022-10-25T16:10:00Z,6.36,6.36,6.35,6.36,606.828,3857.32317
1666714500000,2022-10-25T16:15:00Z,6.36,6.38,6.36,6.36,1089.992,6946.70599
1666714800000,2022-10-25T16:20:00Z,6.36,6.36,6.33,6.33,1134.023,7200.04941
1666715100000,2022-10-25T16:25:00Z,6.33,6.38,6.33,6.38,1343.988,8546.09364
1666715400000,2022-10-25T16:30:00Z,6.38,6.43,6.38,6.41,5976.38,38255.89876
1666715700000,2022-10-25T16:35:00Z,6.41,6.45,6.41,6.45,6245.789,40182.49935
1666716000000,2022-10-25T16:40:00Z,6.45,6.5,6.45,6.49,5963.543,38570.41671
1666716300000,2022-10-25T16:45:00Z,6.49,6.49,6.46,6.47,5927.298,38384.13867
1666716600000,2022-10-25T16:50:00Z,6.47,6.51,6.47,6.5,7613.816,49456.33264
1666716900000,2022-10-25T16:55:00Z,6.5,6.53,6.5,6.52,8649.588,56326.44205
1666717200000,2022-10-25T17:00:00Z,6.52,6.6,6.51,6.55,20753.446,135716.94445
1666717500000,2022-10-25T17:05:00Z,6.55,6.65,6.55,6.58,15689.483,103269.84088
1666717800000,2022-10-25T17:10:00Z,6.58,6.66,6.58,6.63,13261.962,87985.30471
1666718100000,2022-10-25T17:15:00Z,6.63,6.65,6.6,6.61,7473.976,49550.02154
1666718400000,2022-10-25T17:20:00Z,6.61,6.63,6.59,6.6,4906.926,32428.99035
1666718700000,2022-10-25T17:25:00Z,6.6,6.62,6.6,6.6,5726.532,37850.58697
1666719000000,2022-10-25T17:30:00Z,6.6,6.64,6.6,6.64,3872.33,25625.69559
1666719300000,2022-10-25T17:35:00Z,6.64,6.65,6.64,6.65,3294.841,21896.74412
1666719600000,2022-10-25T17:40:00Z,6.65,6.66,6.63,6.65,3958.446,26306.55264
1666719900000,2022-10-25T17:45:00Z,6.65,6.66,6.64,6.64,4031.63,26837.90073
1666720200000,2022-10-25T17:50:00Z,6.64,6.68,6.64,6.67,5874.903,39151.50656
1666720500000,2022-10-25T17:55:00Z,6.67,6.69,6.66,6.68,3355.035,22398.37069
1666720800000,2022-10-25T18:00:00Z,6.68,6.71,6.68,6.71,6567.441,43953.77874
1666721100000,2022-10-25T18:05:00Z,6.71,6.73,6.71,6.73,3455.74,23237.53525
1666721400000,2022-10-25T18:10:00Z,6.73,6.73,6.7,6.7,2600.596,17466.08218
1666721700000,2022-10-25T18:15:00Z,6.7,6.71,6.67,6.67,1873.92,12537.19707
1666722000000,2022-10-25T18:20:00Z,6.67,6.68,6.66,6.67,2879.56,19214.09231
1666722300000,2022-10-25T18:25:00Z,6.67,6.72,6.67,6.72,4804.512,32163.38891
1666722600000,2022-10-25T18:30:00Z,6.72,6.76,6.72,6.76,11000.513,74201.00167
1666722900000,2022-10-25T18:35:00Z,6.76,6.78,6.75,6.76,5036.086,34052.29859
1666723200000,2022-10-25T18:40:00Z,6.76,6.76,6.7,6.71,5292.181,35566.55567
1666723500000,2022-10-25T18:45:00Z,6.71,6.73,6.71,6.71,1876.542,12608.29639
1666723800000,2022-10-25T18:50:00Z,6.71,6.73,6.71,6.73,1162.968,7822.49357
1666724100000,2022-10-25T18:55:00Z,6.73,6.74,6.72,6.72,1226.892,8266.74224
1666724400000,2022-10-25T19:00:00Z,6.72,6.74,6.72,6.74,1684.339,11340.09352
1666724700000,2022-10-25T19:05:00Z,6.74,6.74,6.73,6.73,360.374,2427.86057
1666725000000,2022-10-25T19:10:00Z,6.73,6.73,6.72,6.73,2214.021,14899.53265
1666725300000,2022-10-25T19:15:00Z,6.73,6.74,6.73,6.73,4998.148,33647.65776
1666725600000,2022-10-25T19:20:00Z,6.73,6.73,6.72,6.72,1964.984,13217.88221
1666725900000,2022-10-25T19:25:00Z,6.72,6.73,6.72,6.72,1703.321,11454.53242
1666726200000,2022-10-25T19:30:00Z,6.72,6.73,6.66,6.67,7076.336,47294.80167
1666726500000,2022-10-25T19:35:00Z,6.67,6.68,6.66,6.67,1888.561,12593.32072
1666726800000,2022-10-25T19:40:00Z,6.67,6.68,6.66,6.66,1487.201,9922.25675
1666727100000,2022-10-25T19:45:00Z,6.66,6.66,6.65,6.66,1552.263,10337.14967
1666727400000,2022-10-25T19:50:00Z,6.66,6.67,6.64,6.65,3845.45,25612.86767
1666727700000,2022-10-25T19:55:00Z,6.65,6.65,6.64,6.65,1462.209,9723.67547
1666728000000,2022-10-25T20:00:00Z,6.65,6.67,6.58,6.59,10552.808,70023.40926
1666728300000,2022-10-25T20:05:00Z,6.59,6.61,6.59,6.59,3451.542,22775.62062
1666728600000,2022-10-25T20:10:00Z,6.59,6.59,6.56,6.57,4247.88,27931.37262
1666728900000,2022-10-25T20:15:00Z,6.57,6.58,6.55,6.55,2442.338,16027.75869
1666729200000,2022-10-25T20:20:00Z,6.55,6.56,6.53,6.54,4433.839,28997.5337
1666729500000,2022-10-25T20:25:00Z,6.54,6.54,6.52,6.54,2853.016,18647.2853
1666729800000,2022-10-25T20:30:00Z,6.54,6.55,6.54,6.55,3061.716,20031.88761
1666730100000,2022-10-25T20:35:00Z,6.55,6.56,6.53,6.56,5816.033,38088.47706
1666730400000,2022-10-25T20:40:00Z,6.56,6.57,6.55,6.55,2388.681,15672.08954
1666730700000,2022-10-25T20:45:00Z,6.55,6.56,6.55,6.56,1039.037,6816.07348
1666731000000,2022-10-25T20:50:00Z,6.56,6.56,6.55,6.55,2409.976,15787.5579
1666731300000,2022-10-25T20:55:00Z,6.55,6.55,6.54,6.55,2875.063,18822.61908
1666731600000,2022-10-25T21:00:00Z,6.55,6.55,6.54,6.55,3180.254,20817.92949
1666731900000,2022-10-25T21:05:00Z,6.55,6.55,6.54,6.54,1106.213,7242.53656
1666732200000,2022-10-25T21:10:00Z,6.54,6.54,6.53,6.53,952.543,6220.10579
1666732500000,2022-10-25T21:15:00Z,6.53,6.54,6.53,6.54,320.176,2092.43932
1666732800000,2022-10-25T21:20:00Z,6.54,6.55,6.52,6.52,3127.86,20414.2094
1666733100000,2022-10-25T21:25:00Z,6.52,6.55,6.52,6.54,1577.782,10318.75145
1666733400000,2022-10-25T21:30:00Z,6.54,6.54,6.54,6.54,256.575,1678.0005
1666733700000,2022-10-25T21:35:00Z,6.54,6.54,6.54,6.54,192.784,1260.80736
1666734000000,2022-10-25T21:40:00Z,6.54,6.55,6.54,6.55,360.732,2361.08449
1666734300000,2022-10-25T21:45:00Z,6.55,6.55,6.54,6.54,0.389,2.54406
1666734600000,2022-10-25T21:50:00Z,6.54,6.58,6.54,6.58,3222.21,21188.21314
1666734900000,2022-10-25T21:55:00Z,6.58,6.6,6.58,6.6,883.129,5821.11408
1666735200000,2022-10-25T22:00:00Z,6.6,6.6,6.57,6.57,1907.972,12569.56365
1666735500000,2022-10-25T22:05:00Z,6.57,6.57,6.56,6.56,705.038,4625.06504
1666735800000,2022-10-25T22:10:00Z,6.56,6.56,6.55,6.55,1226.124,8039.43328
1666736100000,2022-10-25T22:15:00Z,6.55,6.56,6.52,6.56,5332.42,34912.67363
1666736400000,2022-10-25T22:20:00Z,6.56,6.56,6.56,6.56,465.74,3055.2544
1666736700000,2022-10-25T22:25:00Z,6.56,6.57,6.55,6.55,344.646,2259.77754
1666737000000,2022-10-25T22:30:00Z,6.55,6.55,6.54,6.54,517.23,3385.46269
1666737300000,2022-10-25T22:35:00Z,6.54,6.54,6.53,6.53,880.226,5752.90305
1666737600000,2022-10-25T22:40:00Z,6.53,6.55,6.53,6.55,2306.005,15068.08966
1666737900000,2022-10-25T22:45:00Z,6.55,6.58,6.54,6.57,938.95,6151.45425
1666738200000,2022-10-25T22:50:00Z,6.57,6.57,6.56,6.56,3.938,25.84328
1666738500000,2022-10-25T22:55:00Z,6.56,6.57,6.55,6.57,727.677,4780.83011
1666738800000,2022-10-25T23:00:00Z,6.57,6.57,6.57,6.57,648.78,4262.4846
1666739100000,2022-10-25T23:05:00Z,6.57,6.58,6.55,6.56,8448.372,55443.50314
1666739400000,2022-10-25T23:10:00Z,6.56,6.58,6.56,6.56,3192.744,20973.69562
1666739700000,2022-10-25T23:15:00Z,6.56,6.57,6.56,6.57,1705.762,11205.94193
1666740000000,2022-10-25T23:20:00Z,6.57,6.57,6.57,6.57,1862.418,12236.08626
1666740300000,2022-10-25T23:25:00Z,6.57,6.57,6.56,6.57,1189.66,7809.26074
1666740600000,2022-10-25T23:30:00Z,6.57,6.57,6.55,6.55,737.574,4841.62408
1666740900000,2022-10-25T23:35:00Z,6.55,6.55,6.55,6.55,159.999,1047.99345
1666741200000,2022-10-25T23:40:00Z,6.55,6.56,6.55,6.55,343.34,2251.73042
1666741500000,2022-10-25T23:45:00Z,6.55,6.57,6.55,6.57,1108.237,7275.71532
1666741800000,2022-10-25T23:50:00Z,6.57,6.58,6.57,6.57,2084.142,13698.28322
1666742100000,2022-10-25T23:55:00Z,6.57,6.58,6.57,6.57,2206.968,14501.27309
1666742400000,2022-10-26T00:00:00Z,6.57,6.6,6.57,6.59,2468.659,16274.43424
1666742700000,2022-10-26T00:05:00Z,6.59,6.59,6.58,6.59,1856.949,12230.78841
1666743000000,2022-10-26T00:10:00Z,6.59,6.6,6.58,6.6,2457.586,16208.68286
1666743300000,2022-10-26T00:15:00Z,6.6,6.61,6.58,6.6,4153.742,27409.397
1666743600000,2022-10-26T00:20:00Z,6.6,6.6,6.57,6.57,336.503,2215.34658
1666743900000,2022-10-26T00:25:00Z,6.57,6.57,6.56,6.56,310.252,2035.42072
1666744200000,2022-10-26T00:30:00Z,6.56,6.57,6.55,6.55,976.633,6405.43187
1666744500000,2022-10-26T00:35:00Z,6.55,6.57,6.55,6.56,920.802,6048.06914
1666744800000,2022-10-26T00:40:00Z,6.56,6.57,6.56,6.57,1487.748,9774.50436
1666745100000,2022-10-26T00:45:00Z,6.57,6.57,6.56,6.56,570.104,3744.78328
1666745400000,2022-10-26T00:50:00Z,6.56,6.57,6.55,6.55,2789.077,18297.52449
1666745700000,2022-10-26T00:55:00Z,6.55,6.57,6.55,6.57,2660.009,17473.81234
1666746000000,2022-10-26T01:00:00Z,6.57,6.57,6.55,6.55,2929.912,19200.8375
1666746300000,2022-10-26T01:05:00Z,6.55,6.55,6.55,6.55,570.389,3736.04795
1666746600000,2022-10-26T01:10:00Z,6.55,6.55,6.54,6.54,528.569,3459.09748
1666746900000,2022-10-26T01:15:00Z,6.54,6.54,6.53,6.53,908.068,5936.8808
1666747200000,2022-10-26T01:20:00Z,6.53,6.54,6.53,6.54,428.169,2800.22526
1666747500000,2022-10-26T01:25:00Z,6.54,6.54,6.52,6.53,1862.062,12148.79326
1666747800000,2022-10-26T01:30:00Z,6.53,6.55,6.52,6.55,1901.116,12439.05921
1666748100000,2022-10-26T01:35:00Z,6.55,6.57,6.55,6.57,1348.459,8851.18106
1666748400000,2022-10-26T01:40:00Z,6.57,6.59,6.57,6.59,5030.165,33130.4147
1666748700000,2022-10-26T01:45:00Z,6.59,6.59,6.58,6.59,1666.268,10980.68599
1666749000000,2022-10-26T01:50:00Z,6.59,6.6,6.59,6.6,1087.154,7171.39812
1666749300000,2022-10-26T01:55:00Z,6.6,6.6,6.59,6.6,401.801,2651.88271
1666749600000,2022-10-26T02:00:00Z,6.6,6.6,6.59,6.59,1399.729,9227.2776
1666749900000,2022-10-26T02:05:00Z,6.59,6.6,6.59,6.6,936.757,6175.66954
1666750200000,2022-10-26T02:10:00Z,6.6,6.61,6.6,6.61,284.972,1882.46538
1666750500000,2022-10-26T02:15:00Z,6.61,6.63,6.61,6.62,476.662,3152.17143
1666750800000,2022-10-26T02:20:00Z,6.62,6.62,6.6,6.62,4538.378,30027.68975
1666751100000,2022-10-26T02:25:00Z,6.62,6.62,6.61,6.62,240.389,1591.37129
1666751400000,2022-10-26T02:30:00Z,6.62,6.62,6.61,6.61,1477.256,9765.48665
1666751700000,2022-10-26T02:35:00Z,6.61,6.62,6.61,6.62,1869.003,12372.06687
1666752000000,2022-10-26T02:40:00Z,6.62,6.62,6.61,6.62,1087.659,7200.29869
1666752300000,2022-10-26T02:45:00Z,6.62,6.64,6.62,6.63,2827.964,18751.39822
1666752600000,2022-10-26T02:50:00Z,6.63,6.63,6.62,6.62,107.286,710.23721
1666752900000,2022-10-26T02:55:00Z,6.62,6.63,6.62,6.62,1013.456,6719.21126
1666753200000,2022-10-26T03:00:00Z,6.62,6.63,6.62,6.63,659.352,4371.50376
1666753500000,2022-10-26T03:05:00Z,6.63,6.63,6.63,6.63,1725.13,11437.6119
1666753800000,2022-10-26T03:10:00Z,6.63,6.63,6.62,6.62,2557.607,16931.35834
1666754100000,2022-10-26T03:15:00Z,6.62,6.63,6.62,6.63,3335.693,22112.24871
1666754400000,2022-10-26T03:20:00Z,6.63,6.63,6.63,6.63,306.268,2030.55684
1666754700000,2022-10-26T03:25:00Z,6.63,6.66,6.63,6.66,13350.021,88901.03798
1666755000000,2022-10-26T03:30:00Z,6.66,6.67,6.65,6.65,9764.868,65007.4336
1666755300000,2022-10-26T03:35:00Z,6.65,6.65,6.64,6.65,144.789,962.84296
1666755600000,2022-10-26T03:40:00Z,6.65,6.65,6.64,6.64,872.086,5790.65104
1666755900000,2022-10-26T03:45:00Z,6.64,6.64,6.64,6.64,892.616,5926.97024
1666756200000,2022-10-26T03:50:00Z,6.64,6.64,6.64,6.64,1158.017,7689.23288
1666756500000,2022-10-26T03:55:00Z,6.64,6.64,6.63,6.64,3.401,22.57875
1666756800000,2022-10-26T04:00:00Z,6.64,6.64,6.63,6.63,1023.948,6788.77913
1666757100000,2022-10-26T04:05:00Z,6.63,6.64,6.62,6.63,798.619,5294.78327
1666757400000,2022-10-26T04:10:00Z,6.63,6.63,6.63,6.63,0.389,2.57907
1666757700000,2022-10-26T04:15:00Z,6.63,6.64,6.62,6.63,2622.481,17382.36489
1666758000000,2022-10-26T04:20:00Z,6.63,6.63,6.63,6.63,156.05,1034.6115
1666758300000,2022-10-26T04:25:00Z,6.63,6.64,6.63,6.64,349.176,2315.04441
1666758600000,2022-10-26T04:30:00Z,6.64,6.66,6.64,6.66,1962.641,13060.69804
1666758900000,2022-10-26T04:35:00Z,6.66,6.66,6.64,6.64,806.149,5360.83848
1666759200000,2022-10-26T04:40:00Z,6.64,6.66,6.64,6.66,23309.162,155174.42275
1666759500000,2022-10-26T04:45:00Z,6.66,6.66,6.64,6.64,3646.607,24262.53035
1666759800000,2022-10-26T04:50:00Z,6.64,6.64,6.6,6.62,9914.073,65701.43723
1666760100000,2022-10-26T04:55:00Z,6.62,6.63,6.62,6.62,3624.865,23996.61384
1666760400000,2022-10-26T05:00:00Z,6.62,6.64,6.62,6.64,705.819,4680.49133
1666760700000,2022-10-26T05:05:00Z,6.64,6.64,6.63,6.63,1769.552,11732.12976
1666761000000,2022-10-26T05:10:00Z,6.63,6.63,6.62,6.62,3981.415,26356.9673
1666761300000,2022-10-26T05:15:00Z,6.62,6.62,6.61,6.62,83.43,551.48374
1666761600000,2022-10-26T05:20:00Z,6.62,6.62,6.6,6.6,1218.347,8051.85181
1666761900000,2022-10-26T05:25:00Z,6.6,6.6,6.59,6.6,1400.371,9242.4041
1666762200000,2022-10-26T05:30:00Z,6.6,6.6,6.59,6.6,2005.208,13221.74256
1666762500000,2022-10-26T05:35:00Z,6.6,6.6,6.58,6.6,489.467,3223.7495
1666762800000,2022-10-26T05:40:00Z,6.6,6.6,6.6,6.6,0.389,2.5674
1666763100000,2022-10-26T05:45:00Z,6.6,6.6,6.59,6.59,199.704,1316.20343
1666763400000,2022-10-26T05:50:00Z,6.59,6.6,6.59,6.6,2908.591,19196.7006
1666763700000,2022-10-26T05:55:00Z,6.6,6.61,6.6,6.61,1.011,6.67882
1666764000000,2022-10-26T06:00:00Z,6.61,6.61,6.61,6.61,341.082,2254.55202
1666764300000,2022-10-26T06:05:00Z,6.61,6.63,6.61,6.63,626.153,4139.99459
1666764600000,2022-10-26T06:10:00Z,6.63,6.64,6.62,6.64,2760.299,18313.6118
1666764900000,2022-10-26T06:15:00Z,6.64,6.64,6.63,6.63,3024,20052.98309
1666765200000,2022-10-26T06:20:00Z,6.63,6.63,6.61,6.61,3653.348,24151.20283
1666765500000,2022-10-26T06:25:00Z,6.61,6.62,6.61,6.61,733.487,4848.35662
1666765800000,2022-10-26T06:30:00Z,6.61,6.62,6.61,6.62,2307.392,15272.2887
1666766100000,2022-10-26T06:35:00Z,6.62,6.64,6.62,6.63,1711.997,11336.8777
1666766400000,2022-10-26T06:40:00Z,6.63,6.63,6.63,6.63,583.456,3868.31328
1666766700000,2022-10-26T06:45:00Z,6.63,6.63,6.62,6.63,272.992,1809.82121
1666767000000,2022-10-26T06:50:00Z,6.63,6.63,6.63,6.63,1386.745,9194.11935
1666767300000,2022-10-26T06:55:00Z,6.63,6.64,6.63,6.64,423.158,2805.54507
1666767600000,2022-10-26T07:00:00Z,6.64,6.64,6.63,6.64,339.844,2254.96416
1666767900000,2022-10-26T07:05:00Z,6.64,6.66,6.63,6.65,2799.264,18602.33774
1666768200000,2022-10-26T07:10:00Z,6.65,6.65,6.64,6.64,881.027,5852.25195
1666768500000,2022-10-26T07:15:00Z,6.64,6.65,6.64,6.65,1307.34,8680.74511
1666768800000,2022-10-26T07:20:00Z,6.65,6.66,6.65,6.66,414.445,2757.23744
1666769100000,2022-10-26T07:25:00Z,6.66,6.68,6.66,6.68,7034.909,46925.07896
1666769400000,2022-10-26T07:30:00Z,6.68,6.68,6.66,6.67,494.758,3299.20692
1666769700000,2022-10-26T07:35:00Z,6.67,6.67,6.66,6.67,449.069,2992.09023
1666770000000,2022-10-26T07:40:00Z,6.67,6.67,6.67,6.67,1412.309,9420.10103
1666770300000,2022-10-26T07:45:00Z,6.67,6.68,6.67,6.68,122.195,815.4626
1666770600000,2022-10-26T07:50:00Z,6.68,6.68,6.65,6.66,1776.007,11829.8202
1666770900000,2022-10-26T07:55:00Z,6.66,6.66,6.64,6.64,1235.399,8207.77355
1666771200000,2022-10-26T08:00:00Z,6.64,6.67,6.64,6.67,3805.695,25336.54849
1666771500000,2022-10-26T08:05:00Z,6.67,6.67,6.65,6.66,1216.168,8106.67538
1666771800000,2022-10-26T08:10:00Z,6.66,6.66,6.63,6.63,1760.146,11680.8467
1666772100000,2022-10-26T08:15:00Z,6.63,6.64,6.63,6.63,2284.54,15146.50773
1666772400000,2022-10-26T08:20:00Z,6.63,6.64,6.63,6.64,206.267,1368.6095
1666772700000,2022-10-26T08:25:00Z,6.64,6.65,6.64,6.65,338.715,2252.10646
1666773000000,2022-10-26T08:30:00Z,6.65,6.66,6.65,6.66,204.468,1359.76412
1666773300000,2022-10-26T08:35:00Z,6.66,6.76,6.66,6.73,13496.707,90512.77442
1666773600000,2022-10-26T08:40:00Z,6.73,6.75,6.72,6.73,8828.935,59407.13792
1666773900000,2022-10-26T08:45:00Z,6.73,6.76,6.73,6.75,4389.825,29625.26774
1666774200000,2022-10-26T08:50:00Z,6.75,6.77,6.75,6.77,98.344,664.87373
1666774500000,2022-10-26T08:55:00Z,6.77,6.79,6.77,6.77,2130.818,14448.56958
1666774800000,2022-10-26T09:00:00Z,6.77,6.77,6.74,6.74,1884.444,12736.71446
1666775100000,2022-10-26T09:05:00Z,6.74,6.74,6.72,6.72,547.483,3682.06443
1666775400000,2022-10-26T09:10:00Z,6.72,6.73,6.71,6.73,1527.423,10264.65387
1666775700000,2022-10-26T09:15:00Z,6.73,6.74,6.73,6.74,2233.51,15044.65042
1666776000000,2022-10-26T09:20:00Z,6.74,6.74,6.72,6.73,1660.324,11176.74169
1666776300000,2022-10-26T09:25:00Z,6.73,6.74,6.73,6.74,337.823,2273.5562
1666776600000,2022-10-26T09:30:00Z,6.74,6.75,6.74,6.75,557.187,3760.83736
1666776900000,2022-10-26T09:35:00Z,6.75,6.75,6.75,6.75,1026.885,6931.47375
1666777200000,2022-10-26T09:40:00Z,6.75,6.75,6.74,6.74,1371.875,9248.0375
1666777500000,2022-10-26T09:45:00Z,6.74,6.74,6.73,6.73,1376.556,9264.22188
1666777800000,2022-10-26T09:50:00Z,6.73,6.73,6.72,6.72,288.152,1936.38144
1666778100000,2022-10-26T09:55:00Z,6.72,6.73,6.72,6.72,324.093,2177.91982
1666778400000,2022-10-26T10:00:00Z,6.72,6.73,6.71,6.73,1361.943,9160.49033
1666778700000,2022-10-26T10:05:00Z,6.73,6.74,6.73,6.74,249.696,1682.95104
1666779000000,2022-10-26T10:10:00Z,6.74,6.74,6.71,6.71,1676.053,11256.19263
1666779300000,2022-10-26T10:15:00Z,6.71,6.72,6.71,6.71,960.862,6456.15059
1666779600000,2022-10-26T10:20:00Z,6.71,6.73,6.71,6.73,1387.87,9329.61651
1666779900000,2022-10-26T10:25:00Z,6.73,6.74,6.73,6.74,1651.47,11123.157
1666780200000,2022-10-26T10:30:00Z,6.74,6.74,6.74,6.74,1758.93,11855.1882
1666780500000,2022-10-26T10:35:00Z,6.74,6.74,6.74,6.74,1284.555,8657.9007
1666780800000,2022-10-26T10:40:00Z,6.74,6.75,6.74,6.75,2349.409,15858.40951
1666781100000,2022-10-26T10:45:00Z,6.75,6.75,6.74,6.74,3766.034,25383.86916
1666781400000,2022-10-26T10:50:00Z,6.74,6.74,6.74,6.74,1022.939,6894.60886
1666781700000,2022-10-26T10:55:00Z,6.74,6.75,6.74,6.75,1062.692,7164.73084
1666782000000,2022-10-26T11:00:00Z,6.75,6.77,6.74,6.76,1033.303,6983.01718
1666782300000,2022-10-26T11:05:00Z,6.76,6.76,6.75,6.75,1185.347,8008.92616
1666782600000,2022-10-26T11:10:00Z,6.75,6.75,6.74,6.74,476.062,3208.80991
1666782900000,2022-10-26T11:15:00Z,6.74,6.74,6.73,6.73,3349.022,22549.04651
1666783200000,2022-10-26T11:20:00Z,6.73,6.74,6.73,6.74,544.52,3669.25544
1666783500000,2022-10-26T11:25:00Z,6.74,6.74,6.74,6.74,491.654,3313.74796
1666783800000,2022-10-26T11:30:00Z,6.74,6.74,6.73,6.73,1035.75,6970.5975
1666784100000,2022-10-26T11:35:00Z,6.73,6.73,6.73,6.73,532.993,3587.04289
1666784400000,2022-10-26T11:40:00Z,6.73,6.73,6.72,6.72,1347.412,9058.19833
1666784700000,2022-10-26T11:45:00Z,6.72,6.72,6.71,6.71,1382.626,9277.42046
1666785000000,2022-10-26T11:50:00Z,6.71,6.71,6.7,6.7,1706.203,11434.29314
1666785300000,2022-10-26T11:55:00Z,6.7,6.7,6.69,6.69,163.018,1091.39042
1666785600000,2022-10-26T12:00:00Z,6.69,6.69,6.66,6.66,339.024,2262.3126
1666785900000,2022-10-26T12:05:00Z,6.66,6.67,6.64,6.64,2884.024,19162.45846
1666786200000,2022-10-26T12:10:00Z,6.64,6.66,6.63,6.66,3652.254,24302.12314
1666786500000,2022-10-26T12:15:00Z,6.66,6.67,6.65,6.65,541.333,3609.88417
1666786800000,2022-10-26T12:20:00Z,6.65,6.66,6.62,6.62,28271.082,187415.84986
1666787100000,2022-10-26T12:25:00Z,6.62,6.63,6.62,6.63,477.179,3163.69677
1666787400000,2022-10-26T12:30:00Z,6.63,6.65,6.63,6.65,6830.663,45317.93812
1666787700000,2022-10-26T12:35:00Z,6.65,6.65,6.65,6.65,991.161,6591.22065
1666788000000,2022-10-26T12:40:00Z,6.65,6.66,6.65,6.66,3471.237,23090.88162
1666788300000,2022-10-26T12:45:00Z,6.66,6.68,6.66,6.68,5006.027,33395.25674
1666788600000,2022-10-26T12:50:00Z,6.68,6.7,6.68,6.7,3043.396,20351.62292
1666788900000,2022-10-26T12:55:00Z,6.7,6.72,6.7,6.72,2187.353,14691.58034
1666789200000,2022-10-26T13:00:00Z,6.72,6.73,6.69,6.7,10360.821,69589.97928
1666789500000,2022-10-26T13:05:00Z,6.7,6.7,6.67,6.69,9064.813,60601.8752
1666789800000,2022-10-26T13:10:00Z,6.69,6.7,6.66,6.67,17282.817,115481.09689
1666790100000,2022-10-26T13:15:00Z,6.67,6.68,6.67,6.67,1396.497,9317.12483
1666790400000,2022-10-26T13:20:00Z,6.67,6.67,6.66,6.66,1884.667,12551.88611
1666790700000,2022-10-26T13:25:00Z,6.66,6.67,6.66,6.67,2882.542,19204.84212
1666791000000,2022-10-26T13:30:00Z,6.67,6.67,6.64,6.66,6767.047,45066.79197
1666791300000,2022-10-26T13:35:00Z,6.66,6.72,6.65,6.72,4410.058,29482.1745
1666791600000,2022-10-26T13:40:00Z,6.72,6.76,6.71,6.74,13140.726,88599.29952
1666791900000,2022-10-26T13:45:00Z,6.74,6.82,6.74,6.79,5479.208,37195.73612
1666792200000,2022-10-26T13:50:00Z,6.79,6.8,6.78,6.78,5772.064,39138.74311
1666792500000,2022-10-26T13:55:00Z,6.78,6.78,6.74,6.74,3469.872,23429.7078
1666792800000,2022-10-26T14:00:00Z,6.74,6.79,6.74,6.77,8341.768,56443.29864
1666793100000,2022-10-26T14:05:00Z,6.77,6.8,6.76,6.8,3836.805,26039.17571
1666793400000,2022-10-26T14:10:00Z,6.8,6.84,6.78,6.84,6310.62,42988.54758
1666793700000,2022-10-26T14:15:00Z,6.84,6.88,6.82,6.87,12912.628,88521.78524
1666794000000,2022-10-26T14:20:00Z,6.87,6.87,6.81,6.81,24639.992,168566.46057
1666794300000,2022-10-26T14:25:00Z,6.81,6.87,6.81,6.84,30234.919,207040.97633
1666794600000,2022-10-26T14:30:00Z,6.84,6.87,6.84,6.87,9906.598,67913.35081
1666794900000,2022-10-26T14:35:00Z,6.87,6.87,6.85,6.87,3773.842,25886.49008
1666795200000,2022-10-26T14:40:00Z,6.87,6.89,6.87,6.88,3777.741,26000.53676
1666795500000,2022-10-26T14:45:00Z,6.88,6.89,6.83,6.85,11672.867,80018.76841
1666795800000,2022-10-26T14:50:00Z,6.85,6.85,6.8,6.81,21308.76,145595.99013
1666796100000,2022-10-26T14:55:00Z,6.81,6.82,6.81,6.81,3093.568,21068.79148
1666796400000,2022-10-26T15:00:00Z,6.81,6.81,6.8,6.8,10421.472,70961.83787
1666796700000,2022-10-26T15:05:00Z,6.8,6.81,6.8,6.81,2724.796,18546.80265
1666797000000,2022-10-26T15:10:00Z,6.81,6.81,6.8,6.8,3013.706,20502.04092
1666797300000,2022-10-26T15:15:00Z,6.8,6.81,6.8,6.8,1278.372,8694.44944
1666797600000,2022-10-26T15:20:00Z,6.8,6.8,6.79,6.79,6349.176,43149.19711
1666797900000,2022-10-26T15:25:00Z,6.79,6.81,6.79,6.8,1923.238,13078.1623
1666798200000,2022-10-26T15:30:00Z,6.8,6.82,6.8,6.82,1686.878,11479.2507
1666798500000,2022-10-26T15:35:00Z,6.82,6.82,6.81,6.82,380.454,2592.40896
1666798800000,2022-10-26T15:40:00Z,6.82,6.84,6.81,6.83,4493.399,30654.09416
1666799100000,2022-10-26T15:45:00Z,6.83,6.83,6.78,6.79,6700.189,45598.55872
1666799400000,2022-10-26T15:50:00Z,6.79,6.79,6.76,6.76,2690.133,18220.07391
1666799700000,2022-10-26T15:55:00Z,6.76,6.79,6.76,6.78,13061.353,88525.70547
1666800000000,2022-10-26T16:00:00Z,6.78,6.8,6.78,6.8,1595.852,10835.96825
1666800300000,2022-10-26T16:05:00Z,6.8,6.82,6.8,6.82,1025.426,6989.00338
1666800600000,2022-10-26T16:10:00Z,6.82,6.83,6.8,6.8,1540.442,10507.66727
1666800900000,2022-10-26T16:15:00Z,6.8,6.8,6.77,6.78,2702.33,18302.93653
1666801200000,2022-10-26T16:20:00Z,6.78,6.78,6.77,6.77,3900.372,26422.18034
1666801500000,2022-10-26T16:25:00Z,6.77,6.77,6.75,6.76,10728.261,72425.41486
1666801800000,2022-10-26T16:30:00Z,6.76,6.76,6.76,6.76,157.72,1066.1872
1666802100000,2022-10-26T16:35:00Z,6.76,6.78,6.75,6.77,1039.389,7035.16272
1666802400000,2022-10-26T16:40:00Z,6.77,6.77,6.74,6.75,2501.174,16895.0054
1666802700000,2022-10-26T16:45:00Z,6.75,6.77,6.73,6.73,6131.078,41341.45389
1666803000000,2022-10-26T16:50:00Z,6.73,6.74,6.73,6.74,2359.182,15893.89281
1666803300000,2022-10-26T16:55:00Z,6.74,6.74,6.72,6.73,1463.398,9839.1688
1666803600000,2022-10-26T17:00:00Z,6.73,6.73,6.71,6.72,2205.517,14804.74679
1666803900000,2022-10-26T17:05:00Z,6.72,6.73,6.72,6.73,911.044,6130.48125
1666804200000,2022-10-26T17:10:00Z,6.73,6.74,6.73,6.74,562.737,3792.17273
1666804500000,2022-10-26T17:15:00Z,6.74,6.75,6.73,6.73,1234.175,8318.85868
1666804800000,2022-10-26T17:20:00Z,6.73,6.73,6.71,6.71,515.029,3461.53461
1666805100000,2022-10-26T17:25:00Z,6.71,6.71,6.7,6.71,1158.216,7769.85189
1666805400000,2022-10-26T17:30:00Z,6.71,6.71,6.69,6.7,1226.844,8219.04756
1666805700000,2022-10-26T17:35:00Z,6.7,6.71,6.7,6.71,521.024,3494.44434
1666806000000,2022-10-26T17:40:00Z,6.71,6.73,6.71,6.72,412.063,2769.6854
1666806300000,2022-10-26T17:45:00Z,6.72,6.72,6.72,6.72,1040.79,6994.1088
1666806600000,2022-10-26T17:50:00Z,6.72,6.75,6.72,6.75,834.489,5626.11409
1666806900000,2022-10-26T17:55:00Z,6.75,6.75,6.74,6.75,492.783,3323.35871
1666807200000,2022-10-26T18:00:00Z,6.75,6.77,6.75,6.77,8230.13,55680.61203
1666807500000,2022-10-26T18:05:00Z,6.77,6.77,6.77,6.77,2794.204,18916.76108
1666807800000,2022-10-26T18:10:00Z,6.77,6.78,6.77,6.77,2400.198,16249.3552
1666808100000,2022-10-26T18:15:00Z,6.77,6.77,6.75,6.75,1437.916,9719.30235
1666808400000,2022-10-26T18:20:00Z,6.75,6.75,6.75,6.75,861.746,5816.7855
1666808700000,2022-10-26T18:25:00Z,6.75,6.75,6.75,6.75,322.867,2179.35225
1666809000000,2022-10-26T18:30:00Z,6.75,6.75,6.73,6.73,1601.885,10783.81384
1666809300000,2022-10-26T18:35:00Z,6.73,6.75,6.73,6.75,1824.928,12317.464
1666809600000,2022-10-26T18:40:00Z,6.75,6.75,6.72,6.72,1402.691,9448.5869
1666809900000,2022-10-26T18:45:00Z,6.72,6.73,6.72,6.72,421.12,2832.43811
1666810200000,2022-10-26T18:50:00Z,6.72,6.72,6.71,6.71,1753.622,11775.49957
1666810500000,2022-10-26T18:55:00Z,6.71,6.71,6.7,6.71,2415.785,16191.81635
1666810800000,2022-10-26T19:00:00Z,6.71,6.71,6.69,6.69,3389.989,22705.32425
1666811100000,2022-10-26T19:05:00Z,6.69,6.7,6.69,6.7,1920.716,12867.1972
1666811400000,2022-10-26T19:10:00Z,6.7,6.71,6.7,6.71,3441.508,23091.71868
1666811700000,2022-10-26T19:15:00Z,6.71,6.71,6.71,6.71,216.509,1452.77539
1666812000000,2022-10-26T19:20:00Z,6.71,6.71,6.7,6.7,1265.879,8483.49188
1666812300000,2022-10-26T19:25:00Z,6.7,6.71,6.7,6.7,606.087,4062.02524
1666812600000,2022-10-26T19:30:00Z,6.7,6.72,6.7,6.72,364.351,2447.63872
1666812900000,2022-10-26T19:35:00Z,6.72,6.73,6.7,6.72,3830.828,25746.51541
1666813200000,2022-10-26T19:40:00Z,6.72,6.73,6.72,6.72,431.171,2898.59566
1666813500000,2022-10-26T19:45:00Z,6.72,6.72,6.7,6.7,89.612,601.30246
1666813800000,2022-10-26T19:50:00Z,6.7,6.71,6.7,6.71,2051.054,13762.57234
1666814100000,2022-10-26T19:55:00Z,6.71,6.72,6.71,6.72,126.09,847.3248
1666814400000,2022-10-26T20:00:00Z,6.72,6.73,6.71,6.71,3200.806,21491.37924
1666814700000,2022-10-26T20:05:00Z,6.71,6.76,6.7,6.7,10676.313,71909.81365
1666815000000,2022-10-26T20:10:00Z,6.7,6.71,6.69,6.71,651.316,4363.32334
1666815300000,2022-10-26T20:15:00Z,6.71,6.72,6.71,6.72,2083.522,13982.86452
1666815600000,2022-10-26T20:20:00Z,6.72,6.72,6.71,6.71,820.005,5502.23355
1666815900000,2022-10-26T20:25:00Z,6.71,6.71,6.7,6.71,968.109,6494.38262
1666816200000,2022-10-26T20:30:00Z,6.71,6.72,6.7,6.7,1540.705,10324.58847
1666816500000,2022-10-26T20:35:00Z,6.7,6.72,6.7,6.72,361.454,2427.78122
1666816800000,2022-10-26T20:40:00Z,6.72,6.73,6.72,6.73,296.792,1995.26243
1666817100000,2022-10-26T20:45:00Z,6.73,6.74,6.72,6.74,451.523,3039.65853
1666817400000,2022-10-26T20:50:00Z,6.74,6.74,6.73,6.73,630.861,4250.3635
1666817700000,2022-10-26T20:55:00Z,6.73,6.73,6.71,6.71,453.894,3053.86106
1666818000000,2022-10-26T21:00:00Z,6.71,6.72,6.71,6.71,234.392,1575.11035
1666818300000,2022-10-26T21:05:00Z,6.71,6.73,6.71,6.73,619.863,4167.40933
1666818600000,2022-10-26T21:10:00Z,6.73,6.73,6.72,6.72,2800.087,18832.21899
1666818900000,2022-10-26T21:15:00Z,6.72,6.73,6.72,6.73,307.733,2067.98976
1666819200000,2022-10-26T21:20:00Z,6.73,6.73,6.72,6.72,354.378,2381.42405
1666819500000,2022-10-26T21:25:00Z,6.72,6.72,6.71,6.71,796.988,5348.5132
1666819800000,2022-10-26T21:30:00Z,6.71,6.71,6.7,6.71,354.211,2376.28732
1666820100000,2022-10-26T21:35:00Z,6.71,6.72,6.7,6.72,106.129,712.05068
1666820400000,2022-10-26T21:40:00Z,6.72,6.74,6.71,6.73,1676.495,11281.611
1666820700000,2022-10-26T21:45:00Z,6.73,6.74,6.72,6.72,117.016,787.56563
1666821000000,2022-10-26T21:50:00Z,6.72,6.72,6.72,6.72,0.778,5.22816
1666821300000,2022-10-26T21:55:00Z,6.72,6.73,6.72,6.72,2.479,16.66277
1666821600000,2022-10-26T22:00:00Z,6.72,6.72,6.69,6.69,2010.768,13472.4839
1666821900000,2022-10-26T22:05:00Z,6.69,6.74,6.69,6.73,3116.767,20982.00263
1666822200000,2022-10-26T22:10:00Z,6.73,6.74,6.73,6.73,1061.702,7146.06822
1666822500000,2022-10-26T22:15:00Z,6.73,6.73,6.72,6.72,310.371,2086.95012
1666822800000,2022-10-26T22:20:00Z,6.72,6.74,6.72,6.74,4140.479,27874.23098
1666823100000,2022-10-26T22:25:00Z,6.74,6.75,6.74,6.75,577.222,3893.38327
1666823400000,2022-10-26T22:30:00Z,6.75,6.75,6.74,6.74,1290.047,8698.96455
1666823700000,2022-10-26T22:35:00Z,6.74,6.74,6.72,6.73,1654.71,11134.74516
1666824000000,2022-10-26T22:40:00Z,6.73,6.74,6.72,6.72,290.589,1954.27524
1666824300000,2022-10-26T22:45:00Z,6.72,6.72,6.71,6.71,3110.976,20878.06793
1666824600000,2022-10-26T22:50:00Z,6.71,6.71,6.7,6.7,2150.039,14405.86914
1666824900000,2022-10-26T22:55:00Z,6.7,6.72,6.69,6.72,1482.4,9932.6843
1666825200000,2022-10-26T23:00:00Z,6.72,6.74,6.72,6.74,1501.49,10096.87742
1666825500000,2022-10-26T23:05:00Z,6.74,6.75,6.73,6.73,727.878,4907.08003
1666825800000,2022-10-26T23:10:00Z,6.73,6.75,6.73,6.75,4478.108,30198.06923
1666826100000,2022-10-26T23:15:00Z,6.75,6.75,6.71,6.72,1204.68,8106.29129
1666826400000,2022-10-26T23:20:00Z,6.72,6.72,6.72,6.72,1828.192,12285.45024
1666826700000,2022-10-26T23:25:00Z,6.72,6.72,6.71,6.72,1099.905,7391.33835
1666827000000,2022-10-26T23:30:00Z,6.72,6.73,6.72,6.73,798.189,5365.40625
1666827300000,2022-10-26T23:35:00Z,6.73,6.73,6.72,6.72,1703.487,11447.49826
1666827600000,2022-10-26T23:40:00Z,6.72,6.72,6.71,6.71,1644.983,11037.83593
1666827900000,2022-10-26T23:45:00Z,6.71,6.72,6.7,6.72,2411.512,16189.83466
1666828200000,2022-10-26T23:50:00Z,6.72,6.73,6.71,6.71,5553.978,37273.0384
1666828500000,2022-10-26T23:55:00Z,6.71,6.71,6.69,6.69,12943.868,86663.5254
1666828800000,2022-10-27T00:00:00Z,6.69,6.75,6.68,6.75,6834.892,45787.6313
1666829100000,2022-10-27T00:05:00Z,6.75,6.77,6.75,6.75,4768.831,32251.88912
1666829400000,2022-10-27T00:10:00Z,6.75,6.77,6.75,6.77,2614.19,17695.53125
1666829700000,2022-10-27T00:15:00Z,6.77,6.78,6.77,6.78,1634.547,11077.9121
1666830000000,2022-10-27T00:20:00Z,6.78,6.79,6.77,6.77,1716.75,11638.55446
1666830300000,2022-10-27T00:25:00Z,6.77,6.77,6.73,6.76,2911.493,19639.15744
1666830600000,2022-10-27T00:30:00Z,6.76,6.76,6.75,6.75,1204.104,8127.702
1666830900000,2022-10-27T00:35:00Z,6.75,6.75,6.74,6.74,5187.297,34962.38178
1666831200000,2022-10-27T00:40:00Z,6.74,6.74,6.73,6.73,1902.216,12807.36218
1666831500000,2022-10-27T00:45:00Z,6.73,6.74,6.73,6.74,2907.141,19591.89036
1666831800000,2022-10-27T00:50:00Z,6.74,6.76,6.74,6.76,227.059,1532.65416
1666832100000,2022-10-27T00:55:00Z,6.76,6.83,6.76,6.83,8110.48,55112.00055
1666832400000,2022-10-27T01:00:00Z,6.83,6.83,6.76,6.77,13419.897,91006.88335
1666832700000,2022-10-27T01:05:00Z,6.77,6.77,6.76,6.76,708.107,4790.71118
1666833000000,2022-10-27T01:10:00Z,6.76,6.77,6.76,6.76,889.561,6019.29478
1666833300000,2022-10-27T01:15:00Z,6.76,6.77,6.76,6.77,195.332,1322.39375
1666833600000,2022-10-27T01:20:00Z,6.77,6.79,6.77,6.78,344.391,2336.43052
1666833900000,2022-10-27T01:25:00Z,6.78,6.78,6.75,6.75,324.105,2192.54377
1666834200000,2022-10-27T01:30:00Z,6.75,6.76,6.74,6.74,809.249,5464.18388
1666834500000,2022-10-27T01:35:00Z,6.74,6.75,6.74,6.75,216.316,1459.19855
1666834800000,2022-10-27T01:40:00Z,6.75,6.75,6.74,6.75,150.778,1016.2515
1666835100000,2022-10-27T01:45:00Z,6.75,6.76,6.74,6.76,458.306,3091.55556
1666835400000,2022-10-27T01:50:00Z,6.76,6.76,6.76,6.76,433.983,2933.72508
1666835700000,2022-10-27T01:55:00Z,6.76,6.77,6.76,6.76,212.289,1435.07753
1666836000000,2022-10-27T02:00:00Z,6.76,6.78,6.76,6.78,555.971,3763.5472
1666836300000,2022-10-27T02:05:00Z,6.78,6.79,6.78,6.79,286.065,1941.6995
1666836600000,2022-10-27T02:10:00Z,6.79,6.79,6.78,6.78,295.894,2007.68276
1666836900000,2022-10-27T02:15:00Z,6.78,6.78,6.74,6.74,1046.345,7084.79572
1666837200000,2022-10-27T02:20:00Z,6.74,6.74,6.71,6.72,2835.733,19062.40764
1666837500000,2022-10-27T02:25:00Z,6.72,6.73,6.7,6.71,2006.401,13471.64938
1666837800000,2022-10-27T02:30:00Z,6.71,6.73,6.71,6.73,310.049,2081.95221
1666838100000,2022-10-27T02:35:00Z,6.73,6.74,6.73,6.74,317.015,2136.6811
1666838400000,2022-10-27T02:40:00Z,6.74,6.74,6.74,6.74,418.391,2819.95534
1666838700000,2022-10-27T02:45:00Z,6.74,6.75,6.74,6.75,162.595,1097.49237
1666839000000,2022-10-27T02:50:00Z,6.75,6.75,6.75,6.75,350.05,2362.8375
1666839300000,2022-10-27T02:55:00Z,6.75,6.75,6.7,6.7,2344.612,15743.53742
1666839600000,2022-10-27T03:00:00Z,6.7,6.78,6.69,6.78,11194.628,75237.78757
1666839900000,2022-10-27T03:05:00Z,6.78,6.79,6.77,6.78,1764.753,11961.60941
1666840200000,2022-10-27T03:10:00Z,6.78,6.78,6.77,6.77,1899.164,12857.34028
1666840500000,2022-10-27T03:15:00Z,6.77,6.77,6.77,6.77,1360.445,9210.21265
1666840800000,2022-10-27T03:20:00Z,6.77,6.77,6.76,6.76,2892.571,19568.17108
1666841100000,2022-10-27T03:25:00Z,6.76,6.76,6.75,6.75,1555.185,10506.52917
1666841400000,2022-10-27T03:30:00Z,6.75,6.76,6.75,6.76,187.473,1267.31748
1666841700000,2022-10-27T03:35:00Z,6.76,6.76,6.76,6.76,420.04,2839.4704
1666842000000,2022-10-27T03:40:00Z,6.76,6.77,6.76,6.77,800.253,5417.71281
1666842300000,2022-10-27T03:45:00Z,6.77,6.77,6.76,6.77,260.29,1762.15941
1666842600000,2022-10-27T03:50:00Z,6.77,6.78,6.77,6.78,1373.374,9308.01173
1666842900000,2022-10-27T03:55:00Z,6.78,6.79,6.78,6.78,216.662,1470.38498
1666843200000,2022-10-27T04:00:00Z,6.78,6.78,6.78,6.78,800.974,5430.60372
1666843500000,2022-10-27T04:05:00Z,6.78,6.78,6.76,6.76,756.736,5121.89175
1666843800000,2022-10-27T04:10:00Z,6.76,6.76,6.76,6.76,90.604,612.48304
1666844100000,2022-10-27T04:15:00Z,6.76,6.76,6.75,6.76,1576.451,10656.76832
1666844400000,2022-10-27T04:20:00Z,6.76,6.77,6.76,6.77,2264.762,15332.43874
1666844700000,2022-10-27T04:25:00Z,6.77,6.78,6.77,6.78,6172.893,41794.25278
1666845000000,2022-10-27T04:30:00Z,6.78,6.78,6.78,6.78,1159.537,7861.66086
1666845300000,2022-10-27T04:35:00Z,6.78,6.78,6.78,6.78,271.742,1842.41076
1666845600000,2022-10-27T04:40:00Z,6.78,6.78,6.78,6.78,976.236,6618.88008
1666845900000,2022-10-27T04:45:00Z,6.78,6.81,6.78,6.81,4687.104,31903.73453
1666846200000,2022-10-27T04:50:00Z,6.81,6.83,6.81,6.82,4436.441,30275.77295
1666846500000,2022-10-27T04:55:00Z,6.82,6.86,6.82,6.84,7620.547,52191.22263
1666846800000,2022-10-27T05:00:00Z,6.84,6.85,6.8,6.85,15014.371,102555.1923
1666847100000,2022-10-27T05:05:00Z,6.85,6.85,6.84,6.84,4305.756,29451.37104
1666847400000,2022-10-27T05:10:00Z,6.84,6.84,6.83,6.83,3161.352,21595.03167
1666847700000,2022-10-27T05:15:00Z,6.83,6.83,6.83,6.83,411.757,2812.30031
1666848000000,2022-10-27T05:20:00Z,6.83,6.86,6.83,6.85,396.031,2712.93705
1666848300000,2022-10-27T05:25:00Z,6.85,6.95,6.85,6.91,19590.827,135172.68929
1666848600000,2022-10-27T05:30:00Z,6.91,6.94,6.91,6.91,2619.511,18137.98309
1666848900000,2022-10-27T05:35:00Z,6.91,6.93,6.91,6.93,695.066,4812.21183
1666849200000,2022-10-27T05:40:00Z,6.93,6.95,6.92,6.93,4480.198,31073.67295
1666849500000,2022-10-27T05:45:00Z,6.93,6.95,6.93,6.95,1149.014,7968.38315
1666849800000,2022-10-27T05:50:00Z,6.95,6.95,6.93,6.94,1287.882,8934.32768
1666850100000,2022-10-27T05:55:00Z,6.94,6.94,6.91,6.91,682.789,4734.61128
1666850400000,2022-10-27T06:00:00Z,6.91,7.02,6.91,7,12538.991,87555.19198
1666850700000,2022-10-27T06:05:00Z,7,7.09,7,7.04,24064.895,169450.31423
1666851000000,2022-10-27T06:10:00Z,7.04,7.1,7.04,7.09,18199.346,128657.20867
1666851300000,2022-10-27T06:15:00Z,7.09,7.16,7.09,7.14,13585.798,96886.95639
1666851600000,2022-10-27T06:20:00Z,7.14,7.16,7.14,7.15,4598.446,32863.35906
1666851900000,2022-10-27T06:25:00Z,7.15,7.16,7.14,7.15,999.273,7151.64984
1666852200000,2022-10-27T06:30:00Z,7.15,7.21,7.15,7.18,5673.029,40712.37951
1666852500000,2022-10-27T06:35:00Z,7.18,7.21,7.12,7.13,5740.027,41089.60341
1666852800000,2022-10-27T06:40:00Z,7.13,7.15,7.12,7.13,5635.657,40196.36208
1666853100000,2022-10-27T06:45:00Z,7.13,7.14,7.11,7.12,6085.847,43380.65305
1666853400000,2022-10-27T06:50:00Z,7.12,7.13,7.11,7.11,3622.893,25811.22802
1666853700000,2022-10-27T06:55:00Z,7.11,7.11,7.09,7.09,1834.663,13015.45474
1666854000000,2022-10-27T07:00:00Z,7.09,7.1,7.09,7.1,610.374,4333.6554
1666854300000,2022-10-27T07:05:00Z,7.1,7.1,7.08,7.1,3290.932,23344.0488
1666854600000,2022-10-27T07:10:00Z,7.1,7.1,7.1,7.1,2023.372,14365.9412
1666854900000,2022-10-27T07:15:00Z,7.1,7.13,7.1,7.13,1791.46,12768.29976
1666855200000,2022-10-27T07:20:00Z,7.13,7.14,7.13,7.14,1820.126,12994.96496
1666855500000,2022-10-27T07:25:00Z,7.14,7.14,7.1,7.1,2499.41,17756.51876
1666855800000,2022-10-27T07:30:00Z,7.1,7.11,7.07,7.09,1550.797,10993.89554
1666856100000,2022-10-27T07:35:00Z,7.09,7.09,7.03,7.08,16869.013,119093.62528
1666856400000,2022-10-27T07:40:00Z,7.08,7.1,7.06,7.06,14402.343,101891.26848
1666856700000,2022-10-27T07:45:00Z,7.06,7.1,7.06,7.09,8785.062,62225.51085
1666857000000,2022-10-27T07:50:00Z,7.09,7.1,7.07,7.07,1373.325,9734.32313
1666857300000,2022-10-27T07:55:00Z,7.07,7.08,7.07,7.08,2889.683,20445.41871
1666857600000,2022-10-27T08:00:00Z,7.08,7.08,7.07,7.08,1316.718,9316.86255
1666857900000,2022-10-27T08:05:00Z,7.08,7.08,7.03,7.05,10818.84,76252.65352
1666858200000,2022-10-27T08:10:00Z,7.05,7.07,7.04,7.07,5843.509,41265.81166
1666858500000,2022-10-27T08:15:00Z,7.07,7.07,7.06,7.06,1130.457,7982.52642
1666858800000,2022-10-27T08:20:00Z,7.06,7.06,7.03,7.05,2307.453,16249.24107
1666859100000,2022-10-27T08:25:00Z,7.05,7.05,7.03,7.03,2437.262,17155.58799
1666859400000,2022-10-27T08:30:00Z,7.03,7.03,7.03,7.03,782.54,5501.2562
1666859700000,2022-10-27T08:35:00Z,7.03,7.03,7.03,7.03,367.585,2584.12255
1666860000000,2022-10-27T08:40:00Z,7.03,7.03,6.97,6.97,12816.251,89724.66158
1666860300000,2022-10-27T08:45:00Z,6.97,7,6.96,6.98,2696.781,18829.87608
1666860600000,2022-10-27T08:50:00Z,6.98,7,6.98,6.99,3331.176,23301.4532
1666860900000,2022-10-27T08:55:00Z,6.99,7,6.98,7,5830.433,40779.83697
1666861200000,2022-10-27T09:00:00Z,7,7.01,6.99,6.99,1262.697,8830.55252
1666861500000,2022-10-27T09:05:00Z,6.99,6.99,6.94,6.96,5632.702,39216.43675
1666861800000,2022-10-27T09:10:00Z,6.96,6.96,6.94,6.95,5429.23,37743.65832
1666862100000,2022-10-27T09:15:00Z,6.95,6.95,6.95,6.95,2561.896,17805.1772
1666862400000,2022-10-27T09:20:00Z,6.95,6.97,6.95,6.97,2511.862,17492.1221
1666862700000,2022-10-27T09:25:00Z,6.97,6.97,6.96,6.97,215.57,1502.51901
1666863000000,2022-10-27T09:30:00Z,6.97,6.97,6.96,6.96,444.246,3091.95216
1666863300000,2022-10-27T09:35:00Z,6.96,6.96,6.96,6.96,1328.971,9249.63816
1666863600000,2022-10-27T09:40:00Z,6.96,6.96,6.94,6.95,3619.335,25124.67321
1666863900000,2022-10-27T09:45:00Z,6.95,6.97,6.95,6.97,1298.862,9051.8839
1666864200000,2022-10-27T09:50:00Z,6.97,6.99,6.97,6.99,3721.379,26010.84905
1666864500000,2022-10-27T09:55:00Z,6.99,7,6.98,6.99,239.674,1675.46022
1666864800000,2022-10-27T10:00:00Z,6.99,6.99,6.96,6.96,2100.657,14659.53973
1666865100000,2022-10-27T10:05:00Z,6.96,6.97,6.92,6.94,3801.606,26385.85067
1666865400000,2022-10-27T10:10:00Z,6.94,6.97,6.94,6.97,4338.675,30154.98136
1666865700000,2022-10-27T10:15:00Z,6.97,7,6.97,7,681.122,4760.59121
1666866000000,2022-10-27T10:20:00Z,7,7.02,6.97,6.97,10838.766,75831.87031
1666866300000,2022-10-27T10:25:00Z,6.97,6.97,6.96,6.96,918.411,6392.14056
1666866600000,2022-10-27T10:30:00Z,6.96,6.98,6.95,6.98,3636.153,25319.72456
1666866900000,2022-10-27T10:35:00Z,6.98,6.99,6.96,6.96,2721.373,18964.82946
1666867200000,2022-10-27T10:40:00Z,6.96,6.97,6.94,6.97,4826.036,33564.51596
1666867500000,2022-10-27T10:45:00Z,6.97,7,6.96,7,1998.322,13961.94698
1666867800000,2022-10-27T10:50:00Z,7,7,7,7,579.339,4055.373
1666868100000,2022-10-27T10:55:00Z,7,7,6.99,6.99,2431.532,17000.51629
1666868400000,2022-10-27T11:00:00Z,6.99,7.01,6.99,7,2028.81,14203.9371
1666868700000,2022-10-27T11:05:00Z,7,7,6.99,7,1464.528,10240.42141
1666869000000,2022-10-27T11:10:00Z,7,7.02,7,7.02,2130.486,14914.12127
1666869300000,2022-10-27T11:15:00Z,7.02,7.04,7.02,7.04,5469.065,38452.88742
1666869600000,2022-10-27T11:20:00Z,7.04,7.04,7.03,7.03,505.233,3551.78799
1666869900000,2022-10-27T11:25:00Z,7.03,7.03,7.01,7.02,432.214,3034.39288
1666870200000,2022-10-27T11:30:00Z,7.02,7.03,7.01,7.02,2357.689,16543.31767
1666870500000,2022-10-27T11:35:00Z,7.02,7.02,7.01,7.01,4587.837,32200.25925
1666870800000,2022-10-27T11:40:00Z,7.01,7.01,7,7,756.135,5298.37694
1666871100000,2022-10-27T11:45:00Z,7,7.01,7,7,4294.93,30078.4222
1666871400000,2022-10-27T11:50:00Z,7,7,6.96,6.98,2929.435,20445.52883
1666871700000,2022-10-27T11:55:00Z,6.98,7.01,6.98,7.01,1280.167,8944.35696
1666872000000,2022-10-27T12:00:00Z,7.01,7.01,7,7.01,1140.004,7987.4389
1666872300000,2022-10-27T12:05:00Z,7.01,7.02,7.01,7.01,1576.201,11064.76326
1666872600000,2022-10-27T12:10:00Z,7.01,7.01,6.98,6.98,1619.325,11331.73354
1666872900000,2022-10-27T12:15:00Z,6.98,6.99,6.96,6.99,5413.563,37777.60661
1666873200000,2022-10-27T12:20:00Z,6.99,7.01,6.97,7.01,2374.163,16592.91962
1666873500000,2022-10-27T12:25:00Z,7.01,7.03,7,7,1945.329,13644.49837
1666873800000,2022-10-27T12:30:00Z,7,7.08,6.97,7.04,13321.724,93656.83106
1666874100000,2022-10-27T12:35:00Z,7.04,7.09,7.02,7.02,5090.24,35956.18111
1666874400000,2022-10-27T12:40:00Z,7.02,7.08,7.02,7.08,2839.97,20056.81797
1666874700000,2022-10-27T12:45:00Z,7.08,7.11,7.08,7.09,7977.136,56581.53971
1666875000000,2022-10-27T12:50:00Z,7.09,7.11,7.05,7.1,8211.851,58130.00166
1666875300000,2022-10-27T12:55:00Z,7.1,7.13,7.1,7.12,4341.805,30879.19654
1666875600000,2022-10-27T13:00:00Z,7.12,7.12,7.08,7.1,2775.029,19689.54422
1666875900000,2022-10-27T13:05:00Z,7.1,7.11,7.09,7.1,2756.963,19585.80485
1666876200000,2022-10-27T13:10:00Z,7.1,7.11,7.09,7.1,1842.482,13083.48078
1666876500000,2022-10-27T13:15:00Z,7.1,7.1,7.09,7.09,2519.224,17875.27318
1666876800000,2022-10-27T13:20:00Z,7.09,7.1,7.09,7.1,1822.011,12931.22384
1666877100000,2022-10-27T13:25:00Z,7.1,7.12,7.1,7.11,2694.981,19169.2607
1666877400000,2022-10-27T13:30:00Z,7.11,7.13,7.09,7.11,3797.766,26998.79491
1666877700000,2022-10-27T13:35:00Z,7.11,7.11,7.08,7.08,7563.549,53645.98339
1666878000000,2022-10-27T13:40:00Z,7.08,7.08,7.05,7.06,1263.127,8911.21163
1666878300000,2022-10-27T13:45:00Z,7.06,7.06,7.01,7.01,4365.665,30727.78606
1666878600000,2022-10-27T13:50:00Z,7.01,7.01,6.96,6.97,4159.965,29008.90221
1666878900000,2022-10-27T13:55:00Z,6.97,6.97,6.92,6.95,4825.081,33481.22916
1666879200000,2022-10-27T14:00:00Z,6.95,7,6.91,7,12090.399,84152.71403
1666879500000,2022-10-27T14:05:00Z,7,7.02,7,7.01,1462.19,10252.52311
1666879800000,2022-10-27T14:10:00Z,7.01,7.06,7,7.05,2765.602,19471.51793
1666880100000,2022-10-27T14:15:00Z,7.05,7.06,7.03,7.03,1456.366,10262.48339
1666880400000,2022-10-27T14:20:00Z,7.03,7.05,7.03,7.03,3498.174,24617.16621
1666880700000,2022-10-27T14:25:00Z,7.03,7.04,7.03,7.03,2147.619,15109.33409
1666881000000,2022-10-27T14:30:00Z,7.03,7.07,7.03,7.05,2267.324,16002.53218
1666881300000,2022-10-27T14:35:00Z,7.05,7.05,7.01,7.03,2777.635,19541.92812
1666881600000,2022-10-27T14:40:00Z,7.03,7.03,7,7,3189.96,22351.3526
1666881900000,2022-10-27T14:45:00Z,7,7.03,6.99,7.02,3861.614,27083.87916
1666882200000,2022-10-27T14:50:00Z,7.02,7.05,7.02,7.04,654.463,4605.1448
1666882500000,2022-10-27T14:55:00Z,7.04,7.04,6.99,6.99,3005.398,21109.09312
1666882800000,2022-10-27T15:00:00Z,6.99,7.02,6.98,7.02,2056.575,14415.92868
1666883100000,2022-10-27T15:05:00Z,7.02,7.03,7,7.03,1643.042,11517.7512
1666883400000,2022-10-27T15:10:00Z,7.03,7.04,7.02,7.03,4815.387,33835.61379
1666883700000,2022-10-27T15:15:00Z,7.03,7.03,7.01,7.01,635.18,4459.35971
1666884000000,2022-10-27T15:20:00Z,7.01,7.03,7.01,7.03,1368.853,9605.22767
1666884300000,2022-10-27T15:25:00Z,7.03,7.04,7.01,7.03,2321.941,16325.96133
1666884600000,2022-10-27T15:30:00Z,7.03,7.05,7.02,7.05,4449.268,31314.55362
1666884900000,2022-10-27T15:35:00Z,7.05,7.05,7.01,7.02,2058.914,14451.56454
1666885200000,2022-10-27T15:40:00Z,7.02,7.02,6.99,7,267.308,1873.29193
1666885500000,2022-10-27T15:45:00Z,7,7.01,6.99,7.01,1727.581,12087.31228
1666885800000,2022-10-27T15:50:00Z,7.01,7.01,6.99,6.99,307.457,2150.71843
1666886100000,2022-10-27T15:55:00Z,6.99,6.99,6.97,6.99,248.094,1733.4024
1666886400000,2022-10-27T16:00:00Z,6.99,7.02,6.98,7.02,2051.581,14351.16259
1666886700000,2022-10-27T16:05:00Z,7.02,7.02,7,7.01,2101.813,14736.98237
1666887000000,2022-10-27T16:10:00Z,7.01,7.03,7,7.03,2370.1,16639.68244
1666887300000,2022-10-27T16:15:00Z,7.03,7.04,7.02,7.03,1764.552,12404.2519
1666887600000,2022-10-27T16:20:00Z,7.03,7.03,7.01,7.03,594.422,4173.5216
1666887900000,2022-10-27T16:25:00Z,7.03,7.03,6.98,6.98,2148.717,15067.15348
1666888200000,2022-10-27T16:30:00Z,6.98,7.01,6.98,7,2174.634,15228.98709
1666888500000,2022-10-27T16:35:00Z,7,7.01,6.99,7.01,1506.234,10541.388
1666888800000,2022-10-27T16:40:00Z,7.01,7.03,7.01,7.02,2038.56,14317.67487
1666889100000,2022-10-27T16:45:00Z,7.02,7.04,7.02,7.04,2232.634,15682.17108
1666889400000,2022-10-27T16:50:00Z,7.04,7.06,7.04,7.06,1461.608,10305.57926
1666889700000,2022-10-27T16:55:00Z,7.06,7.06,7.04,7.06,2011.178,14192.04399
1666890000000,2022-10-27T17:00:00Z,7.06,7.06,7.03,7.04,4031.58,28412.49922
1666890300000,2022-10-27T17:05:00Z,7.04,7.07,7.04,7.07,699.177,4935.33817
1666890600000,2022-10-27T17:10:00Z,7.07,7.1,7.05,7.1,8830.082,62600.36532
1666890900000,2022-10-27T17:15:00Z,7.1,7.11,7.07,7.09,7673.668,54359.35799
1666891200000,2022-10-27T17:20:00Z,7.09,7.1,7.09,7.09,1125.582,7985.86793
1666891500000,2022-10-27T17:25:00Z,7.09,7.09,7.08,7.09,352.753,2499.86545
1666891800000,2022-10-27T17:30:00Z,7.09,7.09,7.07,7.07,1657.866,11739.53892
1666892100000,2022-10-27T17:35:00Z,7.07,7.1,7.07,7.07,2150.78,15240.7188
1666892400000,2022-10-27T17:40:00Z,7.07,7.08,7.07,7.08,264.002,1867.24803
1666892700000,2022-10-27T17:45:00Z,7.08,7.08,7.08,7.08,74.883,530.17164
1666893000000,2022-10-27T17:50:00Z,7.08,7.09,7.07,7.07,1355.339,9585.95785
1666893300000,2022-10-27T17:55:00Z,7.07,7.08,7.07,7.07,235.714,1667.33323
1666893600000,2022-10-27T18:00:00Z,7.07,7.07,7.06,7.06,169.699,1198.92438
1666893900000,2022-10-27T18:05:00Z,7.06,7.07,7.05,7.05,2926.002,20632.0641
1666894200000,2022-10-27T18:10:00Z,7.05,7.05,7.04,7.05,1981.087,13959.6533
1666894500000,2022-10-27T18:15:00Z,7.05,7.05,7.04,7.05,1038.454,7320.1462
1666894800000,2022-10-27T18:20:00Z,7.05,7.05,7.04,7.05,530.735,3739.54317
1666895100000,2022-10-27T18:25:00Z,7.05,7.05,7.05,7.05,0.389,2.74245
1666895400000,2022-10-27T18:30:00Z,7.05,7.06,7.05,7.06,1774.157,12508.58423
1666895700000,2022-10-27T18:35:00Z,7.06,7.08,7.06,7.08,355.192,2512.01229
1666896000000,2022-10-27T18:40:00Z,7.08,7.08,7.07,7.07,363.222,2568.69402
1666896300000,2022-10-27T18:45:00Z,7.07,7.07,7.06,7.06,1256.046,8870.44248
1666896600000,2022-10-27T18:50:00Z,7.06,7.06,7.05,7.06,361.691,2552.76554
1666896900000,2022-10-27T18:55:00Z,7.06,7.06,7.05,7.06,270.783,1911.69643
1666897200000,2022-10-27T19:00:00Z,7.06,7.07,7.06,7.07,704.982,4984.22274
1666897500000,2022-10-27T19:05:00Z,7.07,7.08,7.07,7.07,337.388,2387.95704
1666897800000,2022-10-27T19:10:00Z,7.07,7.09,7.07,7.09,432.841,3066.58515
1666898100000,2022-10-27T19:15:00Z,7.09,7.1,7.09,7.09,745.805,5288.7984
1666898400000,2022-10-27T19:20:00Z,7.09,7.1,7.09,7.1,83.647,593.8355
1666898700000,2022-10-27T19:25:00Z,7.1,7.11,7.1,7.11,83.525,593.85886
1666899000000,2022-10-27T19:30:00Z,7.11,7.12,7.1,7.1,2086.207,14816.82497
1666899300000,2022-10-27T19:35:00Z,7.1,7.11,7.09,7.11,712.918,5062.41469
1666899600000,2022-10-27T19:40:00Z,7.11,7.11,7.1,7.1,232.197,1650.17067
1666899900000,2022-10-27T19:45:00Z,7.1,7.1,7.09,7.09,1078.138,7649.8422
1666900200000,2022-10-27T19:50:00Z,7.09,7.09,7.07,7.07,802.794,5681.27985
1666900500000,2022-10-27T19:55:00Z,7.07,7.07,7.06,7.06,316.767,2237.01142
1666900800000,2022-10-27T20:00:00Z,7.06,7.06,6.99,7.01,9430.199,66108.02067
1666901100000,2022-10-27T20:05:00Z,7.01,7.01,6.99,6.99,1225.389,8571.00761
1666901400000,2022-10-27T20:10:00Z,6.99,7,6.96,6.98,5499.736,38346.50406
1666901700000,2022-10-27T20:15:00Z,6.98,6.98,6.91,6.92,6235.716,43257.72193
1666902000000,2022-10-27T20:20:00Z,6.92,6.93,6.84,6.87,13109.707,90206.8425
1666902300000,2022-10-27T20:25:00Z,6.87,6.89,6.86,6.88,3573.35,24563.63292
1666902600000,2022-10-27T20:30:00Z,6.88,6.99,6.88,6.99,12842.411,88607.29
1666902900000,2022-10-27T20:35:00Z,6.99,6.99,6.95,6.95,1702.996,11858.25285
1666903200000,2022-10-27T20:40:00Z,6.95,6.96,6.94,6.95,2006.559,13947.53274
1666903500000,2022-10-27T20:45:00Z,6.95,6.98,6.95,6.97,111.941,780.25387
1666903800000,2022-10-27T20:50:00Z,6.97,6.99,6.97,6.98,1070.062,7465.28338
1666904100000,2022-10-27T20:55:00Z,6.98,6.98,6.96,6.96,2677.353,18649.63518
1666904400000,2022-10-27T21:00:00Z,6.96,6.96,6.95,6.95,266.892,1856.79059
1666904700000,2022-10-27T21:05:00Z,6.95,6.95,6.93,6.93,2751.035,19086.73175
1666905000000,2022-10-27T21:10:00Z,6.93,6.94,6.93,6.93,2777.533,19267.24143
1666905300000,2022-10-27T21:15:00Z,6.93,6.93,6.93,6.93,301.495,2089.36035
1666905600000,2022-10-27T21:20:00Z,6.93,6.93,6.93,6.93,761.601,5277.89493
1666905900000,2022-10-27T21:25:00Z,6.93,6.94,6.91,6.91,4548.73,31537.03358
1666906200000,2022-10-27T21:30:00Z,6.91,6.92,6.91,6.92,2166.425,14981.82056
1666906500000,2022-10-27T21:35:00Z,6.92,6.93,6.92,6.93,405.474,2809.93482
1666906800000,2022-10-27T21:40:00Z,6.93,6.93,6.89,6.89,1181.816,8162.57013
1666907100000,2022-10-27T21:45:00Z,6.89,6.89,6.87,6.87,2085.67,14362.43593
1666907400000,2022-10-27T21:50:00Z,6.87,6.9,6.87,6.9,702.641,4838.51087
1666907700000,2022-10-27T21:55:00Z,6.9,6.91,6.89,6.91,215.196,1484.29246
1666908000000,2022-10-27T22:00:00Z,6.91,6.94,6.91,6.94,1186.017,8208.85238
1666908300000,2022-10-27T22:05:00Z,6.94,6.94,6.9,6.94,1140.831,7894.75305
1666908600000,2022-10-27T22:10:00Z,6.94,6.97,6.94,6.94,1636.658,11386.93603
1666908900000,2022-10-27T22:15:00Z,6.94,6.94,6.92,6.92,1656.163,11476.46949
1666909200000,2022-10-27T22:20:00Z,6.92,6.92,6.89,6.9,673.665,4645.54615
1666909500000,2022-10-27T22:25:00Z,6.9,6.9,6.86,6.86,557.152,3830.48357
1666909800000,2022-10-27T22:30:00Z,6.86,6.87,6.85,6.86,2551.477,17511.02863
1666910100000,2022-10-27T22:35:00Z,6.86,6.86,6.83,6.84,3377.339,23111.98832
1666910400000,2022-10-27T22:40:00Z,6.84,6.92,6.81,6.89,12106.313,83095.2375
1666910700000,2022-10-27T22:45:00Z,6.89,6.91,6.88,6.88,6107.852,42102.07261
1666911000000,2022-10-27T22:50:00Z,6.88,6.9,6.88,6.9,3184.258,21964.8329
1666911300000,2022-10-27T22:55:00Z,6.9,6.91,6.88,6.88,2296.864,15821.01968
1666911600000,2022-10-27T23:00:00Z,6.88,6.88,6.84,6.85,10888.761,74603.79575
1666911900000,2022-10-27T23:05:00Z,6.85,6.86,6.83,6.86,4931.547,33769.85635
1666912200000,2022-10-27T23:10:00Z,6.86,6.86,6.82,6.82,1796.374,12295.00404
1666912500000,2022-10-27T23:15:00Z,6.82,6.87,6.82,6.87,748.862,5137.0887
1666912800000,2022-10-27T23:20:00Z,6.87,6.87,6.85,6.85,1517.231,10396.82512
1666913100000,2022-10-27T23:25:00Z,6.85,6.87,6.85,6.87,2455.274,16865.50901
1666913400000,2022-10-27T23:30:00Z,6.87,6.87,6.84,6.86,2583.047,17688.29321
1666913700000,2022-10-27T23:35:00Z,6.86,6.87,6.83,6.83,3371.473,23124.29401
1666914000000,2022-10-27T23:40:00Z,6.83,6.86,6.83,6.86,2368.399,16200.53644
1666914300000,2022-10-27T23:45:00Z,6.86,6.86,6.83,6.84,1970.926,13492.71935
1666914600000,2022-10-27T23:50:00Z,6.84,6.84,6.82,6.82,3102.963,21181.95378
1666914900000,2022-10-27T23:55:00Z,6.82,6.82,6.79,6.8,5907.609,40150.62617
1666915200000,2022-10-28T00:00:00Z,6.8,6.84,6.79,6.84,4953.202,33719.85158
1666915500000,2022-10-28T00:05:00Z,6.84,6.86,6.84,6.86,5118.694,35052.31519
1666915800000,2022-10-28T00:10:00Z,6.86,6.86,6.81,6.81,1309.44,8962.49362
1666916100000,2022-10-28T00:15:00Z,6.81,6.84,6.79,6.84,6758.739,46157.16404
1666916400000,2022-10-28T00:20:00Z,6.84,6.87,6.83,6.85,17760.88,121529.5415
1666916700000,2022-10-28T00:25:00Z,6.85,6.89,6.85,6.88,10926.398,75122.1464
1666917000000,2022-10-28T00:30:00Z,6.88,6.89,6.85,6.89,9030.753,62036.57816
1666917300000,2022-10-28T00:35:00Z,6.89,6.89,6.88,6.89,823.661,5673.534
1666917600000,2022-10-28T00:40:00Z,6.89,6.9,6.89,6.89,1302.49,8974.18679
1666917900000,2022-10-28T00:45:00Z,6.89,6.9,6.89,6.9,1719.198,11853.84157
1666918200000,2022-10-28T00:50:00Z,6.9,6.9,6.89,6.89,3088.968,21290.33717
1666918500000,2022-10-28T00:55:00Z,6.89,6.89,6.88,6.89,1521.507,10478.63793
1666918800000,2022-10-28T01:00:00Z,6.89,6.89,6.86,6.88,4190.381,28801.03485
1666919100000,2022-10-28T01:05:00Z,6.88,6.92,6.88,6.92,2237.17,15451.65609
1666919400000,2022-10-28T01:10:00Z,6.92,6.93,6.92,6.93,2806.112,19428.55012
1666919700000,2022-10-28T01:15:00Z,6.93,6.93,6.91,6.91,1521.674,10537.71252
1666920000000,2022-10-28T01:20:00Z,6.91,6.91,6.9,6.9,2060.164,14216.52142
1666920300000,2022-10-28T01:25:00Z,6.9,6.9,6.89,6.89,2158.279,14871.42681
1666920600000,2022-10-28T01:30:00Z,6.89,6.89,6.88,6.88,665.619,4579.45873
1666920900000,2022-10-28T01:35:00Z,6.88,6.9,6.88,6.89,1262.304,8692.06304
1666921200000,2022-10-28T01:40:00Z,6.89,6.93,6.89,6.93,6658.753,46068.26852
1666921500000,2022-10-28T01:45:00Z,6.93,6.93,6.92,6.92,554.012,3833.77304
1666921800000,2022-10-28T01:50:00Z,6.92,6.93,6.92,6.92,887.48,6146.22885
1666922100000,2022-10-28T01:55:00Z,6.92,6.92,6.92,6.92,957.9,6628.668
1666922400000,2022-10-28T02:00:00Z,6.92,6.92,6.92,6.92,2390.162,16539.92104
1666922700000,2022-10-28T02:05:00Z,6.92,6.92,6.9,6.9,326.207,2254.07134
1666923000000,2022-10-28T02:10:00Z,6.9,6.9,6.85,6.87,6207.546,42600.61353
1666923300000,2022-10-28T02:15:00Z,6.87,6.88,6.83,6.86,8179.404,56053.13518
1666923600000,2022-10-28T02:20:00Z,6.86,6.86,6.85,6.85,1269.945,8703.97997
1666923900000,2022-10-28T02:25:00Z,6.85,6.9,6.85,6.9,5447.691,37472.4113
1666924200000,2022-10-28T02:30:00Z,6.9,6.92,6.9,6.91,15340.709,105883.91759
1666924500000,2022-10-28T02:35:00Z,6.91,6.91,6.87,6.89,6306.66,43436.38074
1666924800000,2022-10-28T02:40:00Z,6.89,6.92,6.87,6.87,5887.245,40597.41318
1666925100000,2022-10-28T02:45:00Z,6.87,6.88,6.86,6.86,1604.763,11032.0139
1666925400000,2022-10-28T02:50:00Z,6.86,6.86,6.85,6.85,5271.074,36126.62936
1666925700000,2022-10-28T02:55:00Z,6.85,6.87,6.84,6.84,6093.218,41733.45672
1666926000000,2022-10-28T03:00:00Z,6.84,6.86,6.83,6.84,1029.714,7051.27099
1666926300000,2022-10-28T03:05:00Z,6.84,6.85,6.82,6.85,957.13,6543.57934
1666926600000,2022-10-28T03:10:00Z,6.85,6.89,6.85,6.89,1567.308,10764.82061
1666926900000,2022-10-28T03:15:00Z,6.89,6.89,6.85,6.86,9852.975,67780.30966
1666927200000,2022-10-28T03:20:00Z,6.86,6.91,6.86,6.9,9255.237,63804.16704
1666927500000,2022-10-28T03:25:00Z,6.9,6.9,6.84,6.86,3457.456,23743.86979
1666927800000,2022-10-28T03:30:00Z,6.86,6.86,6.84,6.85,4362.746,29878.26053
1666928100000,2022-10-28T03:35:00Z,6.85,6.88,6.83,6.87,5691.975,39045.06923
1666928400000,2022-10-28T03:40:00Z,6.87,6.89,6.87,6.89,1515.283,10420.01307
1666928700000,2022-10-28T03:45:00Z,6.89,6.9,6.88,6.9,866.262,5969.28015
1666929000000,2022-10-28T03:50:00Z,6.9,6.91,6.87,6.87,7595.564,52411.14909
1666929300000,2022-10-28T03:55:00Z,6.87,6.87,6.86,6.87,1212.936,8329.78009
1666929600000,2022-10-28T04:00:00Z,6.87,6.9,6.85,6.9,4282.896,29486.41909
1666929900000,2022-10-28T04:05:00Z,6.9,6.91,6.88,6.91,8510.216,58687.67193
1666930200000,2022-10-28T04:10:00Z,6.91,6.92,6.87,6.92,10196.335,70211.25093
1666930500000,2022-10-28T04:15:00Z,6.92,6.93,6.86,6.89,8683.244,59856.28712
1666930800000,2022-10-28T04:20:00Z,6.89,6.89,6.88,6.89,3250.883,22375.94116
1666931100000,2022-10-28T04:25:00Z,6.89,6.9,6.89,6.9,1507.044,10389.36773
1666931400000,2022-10-28T04:30:00Z,6.9,6.91,6.89,6.89,2162.02,14897.85542
1666931700000,2022-10-28T04:35:00Z,6.89,6.9,6.88,6.9,1800.786,12412.46503
1666932000000,2022-10-28T04:40:00Z,6.9,6.91,6.89,6.89,5181.652,35750.47826
1666932300000,2022-10-28T04:45:00Z,6.89,6.9,6.87,6.9,9381.843,64635.18697
1666932600000,2022-10-28T04:50:00Z,6.9,6.91,6.9,6.91,8501.491,58681.93138
1666932900000,2022-10-28T04:55:00Z,6.91,6.92,6.9,6.91,10295.066,71126.07373
1666933200000,2022-10-28T05:00:00Z,6.91,6.93,6.91,6.92,5173.947,35782.68188
1666933500000,2022-10-28T05:05:00Z,6.92,6.92,6.82,6.83,21950.831,150426.3128
1666933800000,2022-10-28T05:10:00Z,6.83,6.84,6.82,6.82,6962.104,47538.13919
1666934100000,2022-10-28T05:15:00Z,6.82,6.83,6.78,6.83,16733.214,113883.30107
1666934400000,2022-10-28T05:20:00Z,6.83,6.88,6.83,6.87,9715.189,66642.2025
1666934700000,2022-10-28T05:25:00Z,6.87,6.87,6.85,6.85,3431.273,23530.51601
1666935000000,2022-10-28T05:30:00Z,6.85,6.86,6.84,6.85,1983.57,13574.40404
1666935300000,2022-10-28T05:35:00Z,6.85,6.85,6.79,6.79,11399.033,77555.73481
1666935600000,2022-10-28T05:40:00Z,6.79,6.8,6.74,6.75,6173.82,41768.21121
1666935900000,2022-10-28T05:45:00Z,6.75,6.77,6.74,6.77,4399.145,29734.16022
1666936200000,2022-10-28T05:50:00Z,6.77,6.79,6.77,6.78,4766.877,32311.61732
1666936500000,2022-10-28T05:55:00Z,6.78,6.78,6.73,6.75,6634.962,44797.15632
1666936800000,2022-10-28T06:00:00Z,6.75,6.78,6.72,6.75,7641.779,51631.83201
1666937100000,2022-10-28T06:05:00Z,6.75,6.75,6.69,6.72,11877.203,79897.874
1666937400000,2022-10-28T06:10:00Z,6.72,6.72,6.69,6.72,9118.353,61128.86426
1666937700000,2022-10-28T06:15:00Z,6.72,6.72,6.69,6.69,4657.968,31187.39629
1666938000000,2022-10-28T06:20:00Z,6.69,6.69,6.64,6.68,9450.114,63021.93107
1666938300000,2022-10-28T06:25:00Z,6.68,6.68,6.65,6.65,4473.924,29783.13679
1666938600000,2022-10-28T06:30:00Z,6.65,6.66,6.62,6.62,8914.612,59105.84973
1666938900000,2022-10-28T06:35:00Z,6.62,6.65,6.6,6.62,7783.167,51556.76175
1666939200000,2022-10-28T06:40:00Z,6.62,6.65,6.62,6.63,3227.717,21414.70731
1666939500000,2022-10-28T06:45:00Z,6.63,6.63,6.59,6.6,9792.194,64845.51065
1666939800000,2022-10-28T06:50:00Z,6.6,6.6,6.58,6.59,7299.819,48108.67568
1666940100000,2022-10-28T06:55:00Z,6.59,6.6,6.59,6.59,1992.163,13135.30359
1666940400000,2022-10-28T07:00:00Z,6.59,6.6,6.58,6.6,1686.703,11112.29987
1666940700000,2022-10-28T07:05:00Z,6.6,6.62,6.6,6.62,771.044,5104.25812
1666941000000,2022-10-28T07:10:00Z,6.62,6.62,6.61,6.61,1297.866,8579.64426
1666941300000,2022-10-28T07:15:00Z,6.61,6.61,6.6,6.6,1224.999,8088.0613
1666941600000,2022-10-28T07:20:00Z,6.6,6.61,6.58,6.58,2401.865,15842.76701
1666941900000,2022-10-28T07:25:00Z,6.58,6.58,6.57,6.57,1395.556,9169.62889
1666942200000,2022-10-28T07:30:00Z,6.57,6.58,6.53,6.58,7756.48,50780.32117
1666942500000,2022-10-28T07:35:00Z,6.58,6.58,6.55,6.55,3476.542,22831.90081
1666942800000,2022-10-28T07:40:00Z,6.55,6.55,6.55,6.55,1042.774,6830.1697
1666943100000,2022-10-28T07:45:00Z,6.55,6.55,6.54,6.54,3928.283,25696.33469
1666943400000,2022-10-28T07:50:00Z,6.54,6.54,6.53,6.53,2518.811,16463.78233
1666943700000,2022-10-28T07:55:00Z,6.53,6.56,6.51,6.56,4040.095,26423.23973
1666944000000,2022-10-28T08:00:00Z,6.56,6.57,6.55,6.55,4282.563,28093.06073
1666944300000,2022-10-28T08:05:00Z,6.55,6.6,6.55,6.59,3628.142,23893.87124
1666944600000,2022-10-28T08:10:00Z,6.59,6.6,6.59,6.6,4115.696,27155.56287
1666944900000,2022-10-28T08:15:00Z,6.6,6.61,6.6,6.6,1319.206,8708.49803
1666945200000,2022-10-28T08:20:00Z,6.6,6.61,6.59,6.61,3677.486,24258.75111
1666945500000,2022-10-28T08:25:00Z,6.61,6.62,6.6,6.6,1900.972,12571.51838
1666945800000,2022-10-28T08:30:00Z,6.6,6.61,6.6,6.61,1344.926,8885.94969
1666946100000,2022-10-28T08:35:00Z,6.61,6.61,6.59,6.6,610.388,4026.98722
1666946400000,2022-10-28T08:40:00Z,6.6,6.62,6.6,6.62,6740.812,44563.75045
1666946700000,2022-10-28T08:45:00Z,6.62,6.63,6.62,6.63,7463.511,49425.50051
1666947000000,2022-10-28T08:50:00Z,6.63,6.63,6.62,6.63,2636.163,17456.53035
1666947300000,2022-10-28T08:55:00Z,6.63,6.64,6.63,6.64,2381.395,15812.4628
1666947600000,2022-10-28T09:00:00Z,6.64,6.64,6.63,6.63,573.273,3803.2326
1666947900000,2022-10-28T09:05:00Z,6.63,6.63,6.62,6.62,527.91,3494.7642
1666948200000,2022-10-28T09:10:00Z,6.62,6.62,6.61,6.61,2449.314,16189.96554
1666948500000,2022-10-28T09:15:00Z,6.61,6.63,6.61,6.63,1328.852,8798.87625
1666948800000,2022-10-28T09:20:00Z,6.63,6.64,6.63,6.64,630.916,4184.80189
1666949100000,2022-10-28T09:25:00Z,6.64,6.65,6.64,6.65,950.623,6320.14296
1666949400000,2022-10-28T09:30:00Z,6.65,6.66,6.65,6.66,197.777,1317.19093
1666949700000,2022-10-28T09:35:00Z,6.66,6.66,6.66,6.66,1642.941,10941.98706
1666950000000,2022-10-28T09:40:00Z,6.66,6.67,6.65,6.67,2027.123,13511.51739
1666950300000,2022-10-28T09:45:00Z,6.67,6.67,6.66,6.67,2759.344,18387.43225
1666950600000,2022-10-28T09:50:00Z,6.67,6.67,6.66,6.66,1980.088,13206.43696
1666950900000,2022-10-28T09:55:00Z,6.66,6.66,6.65,6.66,1678.433,11166.41667
1666951200000,2022-10-28T10:00:00Z,6.66,6.66,6.63,6.64,2229.898,14807.53921
1666951500000,2022-10-28T10:05:00Z,6.64,6.65,6.64,6.65,910.092,6049.39017
1666951800000,2022-10-28T10:10:00Z,6.65,6.65,6.64,6.65,2681.265,17803.63536
1666952100000,2022-10-28T10:15:00Z,6.65,6.65,6.64,6.64,641.48,4259.4272
1666952400000,2022-10-28T10:20:00Z,6.64,6.65,6.64,6.65,1135.292,7547.71793
1666952700000,2022-10-28T10:25:00Z,6.65,6.65,6.64,6.65,754.608,5015.97646
1666953000000,2022-10-28T10:30:00Z,6.65,6.65,6.64,6.64,1560.071,10358.87144
1666953300000,2022-10-28T10:35:00Z,6.64,6.64,6.62,6.62,548.475,3635.42159
1666953600000,2022-10-28T10:40:00Z,6.62,6.62,6.61,6.61,1976.421,13064.14281
1666953900000,2022-10-28T10:45:00Z,6.61,6.61,6.59,6.6,5088.263,33563.14468
1666954200000,2022-10-28T10:50:00Z,6.6,6.6,6.58,6.6,2219.347,14617.60327
1666954500000,2022-10-28T10:55:00Z,6.6,6.62,6.6,6.62,2233.497,14782.27188
1666954800000,2022-10-28T11:00:00Z,6.62,6.62,6.59,6.59,2671.361,17639.96337
1666955100000,2022-10-28T11:05:00Z,6.59,6.59,6.58,6.59,4193.703,27629.51804
1666955400000,2022-10-28T11:10:00Z,6.59,6.59,6.59,6.59,2260.435,14896.26665
1666955700000,2022-10-28T11:15:00Z,6.59,6.59,6.59,6.59,824.884,5435.98556
1666956000000,2022-10-28T11:20:00Z,6.59,6.59,6.58,6.59,510.797,3366.00746
1666956300000,2022-10-28T11:25:00Z,6.59,6.62,6.59,6.62,3942.207,26044.43397
1666956600000,2022-10-28T11:30:00Z,6.62,6.63,6.62,6.63,2682.024,17767.48747
1666956900000,2022-10-28T11:35:00Z,6.63,6.64,6.62,6.62,1901.366,12594.90451
1666957200000,2022-10-28T11:40:00Z,6.62,6.62,6.61,6.62,955.383,6315.83163
1666957500000,2022-10-28T11:45:00Z,6.62,6.62,6.61,6.61,2804.856,18564.30857
1666957800000,2022-10-28T11:50:00Z,6.61,6.61,6.6,6.6,1374.649,9075.63817
1666958100000,2022-10-28T11:55:00Z,6.6,6.6,6.59,6.59,1330.186,8765.92574
1666958400000,2022-10-28T12:00:00Z,6.59,6.6,6.59,6.59,1381.93,9106.92629
1666958700000,2022-10-28T12:05:00Z,6.59,6.59,6.58,6.58,2310.352,15203.49514
1666959000000,2022-10-28T12:10:00Z,6.58,6.59,6.57,6.57,2309.099,15173.00229
1666959300000,2022-10-28T12:15:00Z,6.57,6.59,6.57,6.59,2526.131,16602.54993
1666959600000,2022-10-28T12:20:00Z,6.59,6.59,6.57,6.57,994.659,6543.35621
1666959900000,2022-10-28T12:25:00Z,6.57,6.57,6.56,6.57,884.208,5808.26526
1666960200000,2022-10-28T12:30:00Z,6.57,6.67,6.53,6.65,30223.955,199614.09925
1666960500000,2022-10-28T12:35:00Z,6.65,6.67,6.61,6.65,10079.839,66883.99275
1666960800000,2022-10-28T12:40:00Z,6.65,6.66,6.63,6.64,8776.21,58317.85394
1666961100000,2022-10-28T12:45:00Z,6.64,6.64,6.61,6.61,5478.607,36263.90245
1666961400000,2022-10-28T12:50:00Z,6.61,6.62,6.61,6.62,2359.303,15611.48504
1666961700000,2022-10-28T12:55:00Z,6.62,6.63,6.61,6.63,2794.282,18479.2546
1666962000000,2022-10-28T13:00:00Z,6.63,6.66,6.63,6.66,4338.462,28789.0416
1666962300000,2022-10-28T13:05:00Z,6.66,6.68,6.66,6.68,4735.53,31610.45187
1666962600000,2022-10-28T13:10:00Z,6.68,6.69,6.66,6.68,4049.492,27037.1003
1666962900000,2022-10-28T13:15:00Z,6.68,6.72,6.67,6.72,13666.926,91563.10655
1666963200000,2022-10-28T13:20:00Z,6.72,6.74,6.72,6.73,4258.662,28670.84474
1666963500000,2022-10-28T13:25:00Z,6.73,6.75,6.73,6.73,2342.768,15782.71597
1666963800000,2022-10-28T13:30:00Z,6.73,6.79,6.73,6.79,5334.128,36043.86723
1666964100000,2022-10-28T13:35:00Z,6.79,6.81,6.77,6.79,3456.617,23487.83448
1666964400000,2022-10-28T13:40:00Z,6.79,6.84,6.79,6.82,3530.793,24112.41444
1666964700000,2022-10-28T13:45:00Z,6.82,6.82,6.79,6.79,13404.714,91129.24802
1666965000000,2022-10-28T13:50:00Z,6.79,6.81,6.77,6.78,6079.037,41260.97893
1666965300000,2022-10-28T13:55:00Z,6.78,6.79,6.76,6.76,2795.65,18952.26067
1666965600000,2022-10-28T14:00:00Z,6.76,6.78,6.74,6.75,2475.647,16748.06949
1666965900000,2022-10-28T14:05:00Z,6.75,6.77,6.73,6.74,3191.472,21531.18072
1666966200000,2022-10-28T14:10:00Z,6.74,6.75,6.71,6.75,3250.849,21852.6671
1666966500000,2022-10-28T14:15:00Z,6.75,6.76,6.74,6.74,8937.981,60319.64284
1666966800000,2022-10-28T14:20:00Z,6.74,6.74,6.73,6.74,1623.391,10937.1594
1666967100000,2022-10-28T14:25:00Z,6.74,6.78,6.74,6.78,4419.397,29914.02691
1666967400000,2022-10-28T14:30:00Z,6.78,6.81,6.78,6.8,4844.97,32960.56684
1666967700000,2022-10-28T14:35:00Z,6.8,6.8,6.78,6.78,540.024,3662.82113
1666968000000,2022-10-28T14:40:00Z,6.78,6.79,6.77,6.79,1314.648,8915.48028
1666968300000,2022-10-28T14:45:00Z,6.79,6.82,6.79,6.79,1864.037,12677.7035
1666968600000,2022-10-28T14:50:00Z,6.79,6.8,6.78,6.79,3438.757,23343.75052
1666968900000,2022-10-28T14:55:00Z,6.79,6.79,6.78,6.79,1917.16,13016.7664
1666969200000,2022-10-28T15:00:00Z,6.79,6.8,6.78,6.78,2731.202,18533.76651
1666969500000,2022-10-28T15:05:00Z,6.78,6.79,6.77,6.79,1714.581,11625.66107
1666969800000,2022-10-28T15:10:00Z,6.79,6.8,6.79,6.79,1500.914,10193.54143
1666970100000,2022-10-28T15:15:00Z,6.79,6.8,6.78,6.78,1608.592,10921.38874
1666970400000,2022-10-28T15:20:00Z,6.78,6.78,6.77,6.77,4778.206,32374.56005
1666970700000,2022-10-28T15:25:00Z,6.77,6.78,6.75,6.76,4918.748,33264.45232
1666971000000,2022-10-28T15:30:00Z,6.76,6.77,6.75,6.75,657.854,4447.14886
1666971300000,2022-10-28T15:35:00Z,6.75,6.77,6.75,6.77,524.253,3547.86822
1666971600000,2022-10-28T15:40:00Z,6.77,6.78,6.77,6.78,1266.264,8583.01992
1666971900000,2022-10-28T15:45:00Z,6.78,6.78,6.77,6.78,1974.127,13382.34251
1666972200000,2022-10-28T15:50:00Z,6.78,6.78,6.77,6.77,185.169,1254.34412
1666972500000,2022-10-28T15:55:00Z,6.77,6.79,6.77,6.78,776.375,5263.76823
1666972800000,2022-10-28T16:00:00Z,6.78,6.82,6.78,6.81,2435.659,16571.49483
1666973100000,2022-10-28T16:05:00Z,6.81,6.83,6.79,6.81,1598.278,10873.99352
1666973400000,2022-10-28T16:10:00Z,6.81,6.84,6.8,6.84,477.307,3251.47341
1666973700000,2022-10-28T16:15:00Z,6.84,6.85,6.84,6.85,1255.567,8599.79438
1666974000000,2022-10-28T16:20:00Z,6.85,6.88,6.84,6.87,3556.207,24447.10942
1666974300000,2022-10-28T16:25:00Z,6.87,6.91,6.87,6.89,5766.753,39704.61647
1666974600000,2022-10-28T16:30:00Z,6.89,6.92,6.89,6.91,2884.898,19926.70454
1666974900000,2022-10-28T16:35:00Z,6.91,6.93,6.9,6.9,7038.297,48621.60475
1666975200000,2022-10-28T16:40:00Z,6.9,6.91,6.89,6.91,2330.03,16075.81584
1666975500000,2022-10-28T16:45:00Z,6.91,6.91,6.89,6.89,3724.152,25660.90728
1666975800000,2022-10-28T16:50:00Z,6.89,6.93,6.88,6.92,3760.127,25984.98891
1666976100000,2022-10-28T16:55:00Z,6.92,6.93,6.92,6.93,3898.197,26982.49901
1666976400000,2022-10-28T17:00:00Z,6.93,6.93,6.91,6.91,1455.607,10076.30871
1666976700000,2022-10-28T17:05:00Z,6.91,6.92,6.89,6.92,5079.686,35076.49112
1666977000000,2022-10-28T17:10:00Z,6.92,6.92,6.91,6.92,1540.812,10647.01538
1666977300000,2022-10-28T17:15:00Z,6.92,6.92,6.9,6.9,1237.548,8548.62249
1666977600000,2022-10-28T17:20:00Z,6.9,6.93,6.9,6.93,3810.493,26316.68308
1666977900000,2022-10-28T17:25:00Z,6.93,6.93,6.93,6.93,5258.119,36438.76467
1666978200000,2022-10-28T17:30:00Z,6.93,6.95,6.93,6.95,1975.028,13720.59191
1666978500000,2022-10-28T17:35:00Z,6.95,6.95,6.9,6.9,627.308,4335.30036
1666978800000,2022-10-28T17:40:00Z,6.9,6.91,6.89,6.89,955.512,6586.11237
1666979100000,2022-10-28T17:45:00Z,6.89,6.89,6.88,6.88,1102.009,7586.32192
1666979400000,2022-10-28T17:50:00Z,6.88,6.89,6.88,6.88,748.737,5151.3323
1666979700000,2022-10-28T17:55:00Z,6.88,6.88,6.86,6.87,309.197,2124.12293
1666980000000,2022-10-28T18:00:00Z,6.87,6.88,6.86,6.87,1293.494,8886.29332
1666980300000,2022-10-28T18:05:00Z,6.87,6.88,6.87,6.87,867.36,5960.23994
1666980600000,2022-10-28T18:10:00Z,6.87,6.88,6.87,6.88,666.378,4583.54064
1666980900000,2022-10-28T18:15:00Z,6.88,6.88,6.88,6.88,522.951,3597.90288
1666981200000,2022-10-28T18:20:00Z,6.88,6.88,6.87,6.87,1643.702,11307.15095
1666981500000,2022-10-28T18:25:00Z,6.87,6.87,6.86,6.86,825.921,5666.56806
1666981800000,2022-10-28T18:30:00Z,6.86,6.86,6.85,6.85,1555.844,10659.99821
1666982100000,2022-10-28T18:35:00Z,6.85,6.86,6.84,6.86,596.371,4086.59973
1666982400000,2022-10-28T18:40:00Z,6.86,6.86,6.85,6.85,379.383,2599.51966
1666982700000,2022-10-28T18:45:00Z,6.85,6.86,6.85,6.85,424.94,2911.589
1666983000000,2022-10-28T18:50:00Z,6.85,6.86,6.84,6.85,2703.737,18519.00768
1666983300000,2022-10-28T18:55:00Z,6.85,6.89,6.85,6.89,6187.616,42625.44243
1666983600000,2022-10-28T19:00:00Z,6.89,6.9,6.86,6.86,689.149,4737.04386
1666983900000,2022-10-28T19:05:00Z,6.86,6.87,6.84,6.86,438.879,3009.74894
1666984200000,2022-10-28T19:10:00Z,6.86,6.86,6.86,6.86,575.027,3944.68522
1666984500000,2022-10-28T19:15:00Z,6.86,6.87,6.85,6.86,1092.098,7489.21689
1666984800000,2022-10-28T19:20:00Z,6.86,6.86,6.86,6.86,552.159,3787.81074
1666985100000,2022-10-28T19:25:00Z,6.86,6.87,6.86,6.86,248.297,1705.7965
1666985400000,2022-10-28T19:30:00Z,6.86,6.87,6.86,6.87,1846.715,12686.93205
1666985700000,2022-10-28T19:35:00Z,6.87,6.87,6.86,6.86,1112.9,7635.18094
1666986000000,2022-10-28T19:40:00Z,6.86,6.89,6.86,6.89,540.912,3722.96774
1666986300000,2022-10-28T19:45:00Z,6.89,6.89,6.88,6.89,722.696,4975.53441
1666986600000,2022-10-28T19:50:00Z,6.89,6.9,6.89,6.9,736.005,5072.94965
1666986900000,2022-10-28T19:55:00Z,6.9,6.9,6.88,6.9,1014.195,6991.22385
1666987200000,2022-10-28T20:00:00Z,6.9,6.91,6.9,6.91,694.626,4797.57434
1666987500000,2022-10-28T20:05:00Z,6.91,6.93,6.91,6.93,1639.635,11341.17669
1666987800000,2022-10-28T20:10:00Z,6.93,6.93,6.91,6.92,321.249,2223.01519
1666988100000,2022-10-28T20:15:00Z,6.92,6.94,6.91,6.93,1449.914,10049.43979
1666988400000,2022-10-28T20:20:00Z,6.93,6.94,6.93,6.93,2041.014,14145.72702
1666988700000,2022-10-28T20:25:00Z,6.93,6.95,6.93,6.95,804.662,5589.22939
1666989000000,2022-10-28T20:30:00Z,6.95,6.95,6.94,6.94,642.183,4458.28393
1666989300000,2022-10-28T20:35:00Z,6.94,6.97,6.94,6.97,2876.088,19995.03782
1666989600000,2022-10-28T20:40:00Z,6.97,6.98,6.96,6.97,2512.211,17512.01394
1666989900000,2022-10-28T20:45:00Z,6.97,6.97,6.92,6.92,1225.253,8495.87931
1666990200000,2022-10-28T20:50:00Z,6.92,6.93,6.91,6.91,1248.21,8636.77561
1666990500000,2022-10-28T20:55:00Z,6.91,6.92,6.91,6.92,180.673,1250.25327
1666990800000,2022-10-28T21:00:00Z,6.92,6.92,6.92,6.92,1222.536,8459.94912
1666991100000,2022-10-28T21:05:00Z,6.92,6.93,6.92,6.92,2.553,17.6884
1666991400000,2022-10-28T21:10:00Z,6.92,6.92,6.91,6.91,0.389,2.68799
1666991700000,2022-10-28T21:15:00Z,6.91,6.91,6.9,6.9,427.656,2952.54546
1666992000000,2022-10-28T21:20:00Z,6.9,6.9,6.9,6.9,281.401,1941.6669
1666992300000,2022-10-28T21:25:00Z,6.9,6.91,6.9,6.91,0.389,2.68799
1666992600000,2022-10-28T21:30:00Z,6.91,6.91,6.9,6.9,0.778,5.37209
1666992900000,2022-10-28T21:35:00Z,6.9,6.91,6.9,6.9,121.225,836.45639
1666993200000,2022-10-28T21:40:00Z,6.9,6.91,6.89,6.91,1121.684,7739.13765
1666993500000,2022-10-28T21:45:00Z,6.91,6.91,6.86,6.86,857.782,5893.43745
1666993800000,2022-10-28T21:50:00Z,6.86,6.88,6.84,6.84,4836.142,33106.17785
1666994100000,2022-10-28T21:55:00Z,6.84,6.87,6.84,6.87,2294.692,15733.14184
1666994400000,2022-10-28T22:00:00Z,6.87,6.88,6.87,6.87,544.547,3742.99662
1666994700000,2022-10-28T22:05:00Z,6.87,6.89,6.87,6.87,633.164,4350.68224
1666995000000,2022-10-28T22:10:00Z,6.87,6.89,6.87,6.89,46.217,317.51857
1666995300000,2022-10-28T22:15:00Z,6.89,6.89,6.88,6.88,96.774,666.50081
1666995600000,2022-10-28T22:20:00Z,6.88,6.88,6.87,6.87,311.288,2138.54856
1666995900000,2022-10-28T22:25:00Z,6.87,6.87,6.87,6.87,359.549,2470.10163
1666996200000,2022-10-28T22:30:00Z,6.87,6.87,6.86,6.86,1120.47,7686.4242
1666996500000,2022-10-28T22:35:00Z,6.86,6.86,6.86,6.86,60.633,415.94238
1666996800000,2022-10-28T22:40:00Z,6.86,6.88,6.86,6.87,3692.65,25396.45857
1666997100000,2022-10-28T22:45:00Z,6.87,6.87,6.86,6.87,657.173,4512.01182
1666997400000,2022-10-28T22:50:00Z,6.87,6.88,6.86,6.88,2079.414,14290.03882
1666997700000,2022-10-28T22:55:00Z,6.88,6.88,6.87,6.87,1046.656,7190.52672
1666998000000,2022-10-28T23:00:00Z,6.87,6.89,6.87,6.87,1437.909,9889.94688
1666998300000,2022-10-28T23:05:00Z,6.87,6.88,6.85,6.87,2000.653,13758.22895
1666998600000,2022-10-28T23:10:00Z,6.87,6.87,6.86,6.87,70.389,482.87243
1666998900000,2022-10-28T23:15:00Z,6.87,6.87,6.86,6.87,1895.64,13022.76721
1666999200000,2022-10-28T23:20:00Z,6.87,6.87,6.86,6.86,70,480.2
1666999500000,2022-10-28T23:25:00Z,6.86,6.9,6.86,6.89,7397.559,50968.50656
1666999800000,2022-10-28T23:30:00Z,6.89,6.89,6.88,6.88,1724.995,11873.9648
1667000100000,2022-10-28T23:35:00Z,6.88,6.88,6.86,6.86,393.223,2699.86857
1667000400000,2022-10-28T23:40:00Z,6.86,6.86,6.85,6.85,776.305,5323.96041
1667000700000,2022-10-28T23:45:00Z,6.85,6.86,6.85,6.86,70.389,482.86854
1667001000000,2022-10-28T23:50:00Z,6.86,6.87,6.86,6.87,394.676,2711.40955
1667001300000,2022-10-28T23:55:00Z,6.87,6.88,6.86,6.86,204.028,1400.33986
1667001600000,2022-10-29T00:00:00Z,6.86,6.86,6.85,6.86,2776.284,19023.24909
1667001900000,2022-10-29T00:05:00Z,6.86,6.89,6.86,6.88,559.863,3847.41731
1667002200000,2022-10-29T00:10:00Z,6.88,6.9,6.87,6.9,5816.32,40052.38535
1667002500000,2022-10-29T00:15:00Z,6.9,6.9,6.88,6.88,1322.827,9115.17666
1667002800000,2022-10-29T00:20:00Z,6.88,6.88,6.83,6.83,6774.543,46445.44636
1667003100000,2022-10-29T00:25:00Z,6.83,6.84,6.83,6.83,755.892,5168.65901
1667003400000,2022-10-29T00:30:00Z,6.83,6.84,6.82,6.82,2309.653,15761.56514
1667003700000,2022-10-29T00:35:00Z,6.82,6.82,6.79,6.8,1058.738,7204.14166
1667004000000,2022-10-29T00:40:00Z,6.8,6.8,6.79,6.8,1201.813,8160.42109
1667004300000,2022-10-29T00:45:00Z,6.8,6.81,6.8,6.8,298.221,2028.04964
1667004600000,2022-10-29T00:50:00Z,6.8,6.82,6.8,6.82,247.906,1685.82132
1667004900000,2022-10-29T00:55:00Z,6.82,6.83,6.81,6.83,1145.727,7819.22442
1667005200000,2022-10-29T01:00:00Z,6.83,6.83,6.83,6.83,807.888,5517.87504
1667005500000,2022-10-29T01:05:00Z,6.83,6.83,6.82,6.82,171.453,1169.30946
1667005800000,2022-10-29T01:10:00Z,6.82,6.82,6.79,6.79,4101.97,27858.64492
1667006100000,2022-10-29T01:15:00Z,6.79,6.8,6.78,6.8,499.606,3393.68484
1667006400000,2022-10-29T01:20:00Z,6.8,6.8,6.76,6.76,1677.31,11347.93493
1667006700000,2022-10-29T01:25:00Z,6.76,6.77,6.76,6.77,302.28,2045.3061
1667007000000,2022-10-29T01:30:00Z,6.77,6.77,6.77,6.77,253.867,1718.67959
1667007300000,2022-10-29T01:35:00Z,6.77,6.78,6.77,6.77,171.834,1163.51618
1667007600000,2022-10-29T01:40:00Z,6.77,6.77,6.76,6.76,0.778,5.25928
1667007900000,2022-10-29T01:45:00Z,6.76,6.76,6.75,6.75,489.392,3305.5675
1667008200000,2022-10-29T01:50:00Z,6.75,6.76,6.74,6.74,442.045,2983.59246
1667008500000,2022-10-29T01:55:00Z,6.74,6.74,6.72,6.72,1648.049,11090.28623
1667008800000,2022-10-29T02:00:00Z,6.72,6.74,6.72,6.72,4024.299,27089.74387
1667009100000,2022-10-29T02:05:00Z,6.72,6.74,6.71,6.74,256.316,1725.02758
1667009400000,2022-10-29T02:10:00Z,6.74,6.74,6.72,6.73,807.5,5435.87109
1667009700000,2022-10-29T02:15:00Z,6.73,6.74,6.73,6.74,221.917,1495.02058
1667010000000,2022-10-29T02:20:00Z,6.74,6.76,6.74,6.76,680.164,4597.71602
1667010300000,2022-10-29T02:25:00Z,6.76,6.76,6.74,6.75,3245.412,21909.99586
1667010600000,2022-10-29T02:30:00Z,6.75,6.75,6.74,6.75,877.139,5915.12917
1667010900000,2022-10-29T02:35:00Z,6.75,6.76,6.75,6.76,239.512,1619.10112
1667011200000,2022-10-29T02:40:00Z,6.76,6.77,6.76,6.77,148.468,1005.12447
1667011500000,2022-10-29T02:45:00Z,6.77,6.79,6.77,6.79,505.919,3431.84639
1667011800000,2022-10-29T02:50:00Z,6.79,6.81,6.79,6.8,2612.492,17749.19954
1667012100000,2022-10-29T02:55:00Z,6.8,6.8,6.79,6.79,781.148,5311.1064
1667012400000,2022-10-29T03:00:00Z,6.79,6.84,6.79,6.84,5827.548,39788.01766
1667012700000,2022-10-29T03:05:00Z,6.84,6.87,6.83,6.87,2128.172,14579.11574
1667013000000,2022-10-29T03:10:00Z,6.87,6.89,6.86,6.88,748.06,5140.32861
1667013300000,2022-10-29T03:15:00Z,6.88,6.9,6.82,6.85,10852.783,74376.13077
1667013600000,2022-10-29T03:20:00Z,6.85,6.86,6.84,6.85,4538.224,31067.67322
1667013900000,2022-10-29T03:25:00Z,6.85,6.89,6.85,6.89,4367.371,30061.02438
1667014200000,2022-10-29T03:30:00Z,6.89,6.9,6.89,6.9,1496.454,10313.29252
1667014500000,2022-10-29T03:35:00Z,6.9,6.95,6.9,6.92,4523.199,31343.92545
1667014800000,2022-10-29T03:40:00Z,6.92,6.93,6.91,6.92,924.05,6394.15389
1667015100000,2022-10-29T03:45:00Z,6.92,6.92,6.9,6.9,1739.31,12007.33871
1667015400000,2022-10-29T03:50:00Z,6.9,6.9,6.88,6.9,557.66,3843.48905
1667015700000,2022-10-29T03:55:00Z,6.9,6.92,6.9,6.91,1217.439,8409.91242
1667016000000,2022-10-29T04:00:00Z,6.91,6.94,6.91,6.94,4043.359,28020.82865
1667016300000,2022-10-29T04:05:00Z,6.94,6.94,6.92,6.92,3967.382,27472.77902
1667016600000,2022-10-29T04:10:00Z,6.92,6.93,6.92,6.93,1810.452,12545.03236
1667016900000,2022-10-29T04:15:00Z,6.93,6.93,6.92,6.92,702.405,4861.47041
1667017200000,2022-10-29T04:20:00Z,6.92,6.92,6.89,6.89,573.563,3963.06
1667017500000,2022-10-29T04:25:00Z,6.89,6.9,6.88,6.88,684.184,4714.72387
1667017800000,2022-10-29T04:30:00Z,6.88,6.88,6.87,6.87,1454.871,10007.36181
1667018100000,2022-10-29T04:35:00Z,6.87,6.87,6.86,6.87,422.055,2895.30457
1667018400000,2022-10-29T04:40:00Z,6.87,6.87,6.85,6.85,2408.212,16505.0903
1667018700000,2022-10-29T04:45:00Z,6.85,6.87,6.84,6.87,348.614,2391.21492
1667019000000,2022-10-29T04:50:00Z,6.87,6.87,6.86,6.86,70,480.2
1667019300000,2022-10-29T04:55:00Z,6.86,6.86,6.85,6.85,0.778,5.3293
1667019600000,2022-10-29T05:00:00Z,6.85,6.87,6.85,6.86,767.606,5266.07217
1667019900000,2022-10-29T05:05:00Z,6.86,6.86,6.85,6.85,297.37,2037.6845
1667020200000,2022-10-29T05:10:00Z,6.85,6.85,6.84,6.84,739.821,5060.37564
1667020500000,2022-10-29T05:15:00Z,6.84,6.84,6.83,6.83,527.321,3606.87175
1667020800000,2022-10-29T05:20:00Z,6.83,6.84,6.82,6.84,2921.681,19965.89368
1667021100000,2022-10-29T05:25:00Z,6.84,6.89,6.84,6.89,4538.639,31204.75624
1667021400000,2022-10-29T05:30:00Z,6.89,6.89,6.87,6.88,1471.326,10117.96301
1667021700000,2022-10-29T05:35:00Z,6.88,6.88,6.87,6.88,2241.849,15408.68935
1667022000000,2022-10-29T05:40:00Z,6.88,6.88,6.88,6.88,0.389,2.67632
1667022300000,2022-10-29T05:45:00Z,6.88,6.88,6.86,6.86,1042.287,7158.58136
1667022600000,2022-10-29T05:50:00Z,6.86,6.86,6.85,6.85,1675.74,11478.96477
1667022900000,2022-10-29T05:55:00Z,6.85,6.86,6.85,6.86,405.423,2781.20178
1667023200000,2022-10-29T06:00:00Z,6.86,6.86,6.85,6.86,6.951,47.67997
1667023500000,2022-10-29T06:05:00Z,6.86,6.86,6.86,6.86,356.364,2444.65704
1667023800000,2022-10-29T06:10:00Z,6.86,6.87,6.86,6.87,201.923,1387.20879
1667024100000,2022-10-29T06:15:00Z,6.87,6.87,6.87,6.87,150.052,1030.85724
1667024400000,2022-10-29T06:20:00Z,6.87,6.87,6.86,6.87,0.778,5.34097
1667024700000,2022-10-29T06:25:00Z,6.87,6.87,6.86,6.86,230.662,1582.34132
1667025000000,2022-10-29T06:30:00Z,6.86,6.88,6.86,6.88,549.214,3773.80567
1667025300000,2022-10-29T06:35:00Z,6.88,6.88,6.87,6.87,70.389,483.57632
1667025600000,2022-10-29T06:40:00Z,6.87,6.87,6.84,6.85,925.859,6347.32193
1667025900000,2022-10-29T06:45:00Z,6.85,6.86,6.85,6.85,899.967,6164.77784
1667026200000,2022-10-29T06:50:00Z,6.85,6.87,6.85,6.87,519.804,3571.04959
1667026500000,2022-10-29T06:55:00Z,6.87,6.87,6.85,6.86,680.23,4666.2377
1667026800000,2022-10-29T07:00:00Z,6.86,6.87,6.86,6.87,561.092,3854.70204
1667027100000,2022-10-29T07:05:00Z,6.87,6.87,6.85,6.85,1143.39,7834.82202
1667027400000,2022-10-29T07:10:00Z,6.85,6.85,6.84,6.84,404.33,2768.90473
1667027700000,2022-10-29T07:15:00Z,6.84,6.86,6.84,6.85,1617.115,11066.45191
1667028000000,2022-10-29T07:20:00Z,6.85,6.87,6.84,6.87,1866.456,12790.10068
1667028300000,2022-10-29T07:25:00Z,6.87,6.88,6.87,6.88,303.303,2085.54258
1667028600000,2022-10-29T07:30:00Z,6.88,6.88,6.87,6.88,727.289,5001.03067
1667028900000,2022-10-29T07:35:00Z,6.88,6.9,6.88,6.9,3657.409,25199.83397
1667029200000,2022-10-29T07:40:00Z,6.9,6.9,6.88,6.88,979.041,6736.50208
1667029500000,2022-10-29T07:45:00Z,6.88,6.88,6.86,6.87,615.575,4228.92136
1667029800000,2022-10-29T07:50:00Z,6.87,6.89,6.87,6.87,1610.973,11075.17187
1667030100000,2022-10-29T07:55:00Z,6.87,6.91,6.87,6.91,448.779,3097.51193
1667030400000,2022-10-29T08:00:00Z,6.91,6.91,6.88,6.89,587.06,4044.07475
1667030700000,2022-10-29T08:05:00Z,6.89,6.89,6.87,6.89,924.094,6358.05997
1667031000000,2022-10-29T08:10:00Z,6.89,6.93,6.88,6.92,1737.735,11990.33569
1667031300000,2022-10-29T08:15:00Z,6.92,6.95,6.92,6.95,2277.375,15806.41171
1667031600000,2022-10-29T08:20:00Z,6.95,6.98,6.95,6.97,4447.818,30969.34462
1667031900000,2022-10-29T08:25:00Z,6.97,7.03,6.97,7.01,6263.129,43823.88968
1667032200000,2022-10-29T08:30:00Z,7.01,7.09,7.01,7.06,5161.595,36382.32282
1667032500000,2022-10-29T08:35:00Z,7.06,7.09,7.05,7.09,16668.855,117849.01464
1667032800000,2022-10-29T08:40:00Z,7.09,7.11,7.08,7.09,11788.864,83546.49506
1667033100000,2022-10-29T08:45:00Z,7.09,7.09,7.05,7.07,5716.521,40417.0521
1667033400000,2022-10-29T08:50:00Z,7.07,7.09,7.05,7.09,9384.636,66240.80453
1667033700000,2022-10-29T08:55:00Z,7.09,7.12,7.09,7.11,5055.371,35940.38665
1667034000000,2022-10-29T09:00:00Z,7.11,7.11,7.08,7.09,20947.853,148664.83172
1667034300000,2022-10-29T09:05:00Z,7.09,7.11,7.09,7.09,639.367,4537.88538
1667034600000,2022-10-29T09:10:00Z,7.09,7.12,7.09,7.12,2709.654,19244.45561
1667034900000,2022-10-29T09:15:00Z,7.12,7.13,7.11,7.11,4935.183,35132.1435
1667035200000,2022-10-29T09:20:00Z,7.11,7.11,7.1,7.1,3620.985,25714.89094
1667035500000,2022-10-29T09:25:00Z,7.1,7.1,7.08,7.08,424.092,3005.438
1667035800000,2022-10-29T09:30:00Z,7.08,7.09,7.07,7.08,10820.489,76618.48659
1667036100000,2022-10-29T09:35:00Z,7.08,7.08,7.06,7.06,25801.619,182598.49555
1667036400000,2022-10-29T09:40:00Z,7.06,7.07,7.06,7.07,90.726,641.42621
1667036700000,2022-10-29T09:45:00Z,7.07,7.08,7.07,7.07,497.062,3517.05564
1667037000000,2022-10-29T09:50:00Z,7.07,7.08,7.07,7.08,678.399,4800.95732
1667037300000,2022-10-29T09:55:00Z,7.08,7.08,7.06,7.07,1414.701,9999.5486
1667037600000,2022-10-29T10:00:00Z,7.07,7.07,7.07,7.07,913.527,6458.63589
1667037900000,2022-10-29T10:05:00Z,7.07,7.09,7.07,7.07,826.111,5843.56489
1667038200000,2022-10-29T10:10:00Z,7.07,7.07,7.06,7.07,1192.573,8430.70821
1667038500000,2022-10-29T10:15:00Z,7.07,7.11,7.07,7.09,5966.908,42302.50843
1667038800000,2022-10-29T10:20:00Z,7.09,7.12,7.09,7.1,12947.733,91911.59435
1667039100000,2022-10-29T10:25:00Z,7.1,7.1,7.01,7.01,4528.463,31957.88109
1667039400000,2022-10-29T10:30:00Z,7.01,7.02,6.95,6.96,2536.266,17704.83929
1667039700000,2022-10-29T10:35:00Z,6.96,6.98,6.96,6.98,4783.038,33299.07204
1667040000000,2022-10-29T10:40:00Z,6.98,7.02,6.97,7.01,1809.619,12656.00947
1667040300000,2022-10-29T10:45:00Z,7.01,7.01,6.99,7.01,1245.542,8725.848
1667040600000,2022-10-29T10:50:00Z,7.01,7.01,6.96,6.96,2789.203,19466.43931
1667040900000,2022-10-29T10:55:00Z,6.96,6.98,6.93,6.97,9527.646,66261.76857
1667041200000,2022-10-29T11:00:00Z,6.97,6.97,6.97,6.97,2576.99,17961.6203
1667041500000,2022-10-29T11:05:00Z,6.97,6.97,6.93,6.97,8490.434,59008.2875
1667041800000,2022-10-29T11:10:00Z,6.97,6.97,6.96,6.97,2010.722,14014.70543
1667042100000,2022-10-29T11:15:00Z,6.97,6.97,6.91,6.93,17594.125,122079.47132
1667042400000,2022-10-29T11:20:00Z,6.93,6.97,6.93,6.97,8860.785,61717.63476
1667042700000,2022-10-29T11:25:00Z,6.97,6.97,6.94,6.94,3768.686,26203.10427
1667043000000,2022-10-29T11:30:00Z,6.94,6.94,6.89,6.9,7585.269,52520.20243
1667043300000,2022-10-29T11:35:00Z,6.9,6.92,6.88,6.88,5439.72,37542.6901
1667043600000,2022-10-29T11:40:00Z,6.88,6.93,6.88,6.91,2425.595,16767.55647
1667043900000,2022-10-29T11:45:00Z,6.91,6.91,6.89,6.91,542.457,3743.57106
1667044200000,2022-10-29T11:50:00Z,6.91,6.92,6.9,6.92,2149.039,14843.08303
1667044500000,2022-10-29T11:55:00Z,6.92,6.92,6.91,6.92,996.048,6888.79116
1667044800000,2022-10-29T12:00:00Z,6.92,6.92,6.91,6.92,3184.088,22004.00708
1667045100000,2022-10-29T12:05:00Z,6.92,6.95,6.92,6.94,2001.048,13890.13976
1667045400000,2022-10-29T12:10:00Z,6.94,6.94,6.93,6.93,2064.395,14308.70225
1667045700000,2022-10-29T12:15:00Z,6.93,6.94,6.93,6.94,239.97,1665.0921
1667046000000,2022-10-29T12:20:00Z,6.94,6.94,6.93,6.93,700.745,4859.89778
1667046300000,2022-10-29T12:25:00Z,6.93,6.93,6.91,6.91,1330.118,9193.91409
1667046600000,2022-10-29T12:30:00Z,6.91,6.93,6.91,6.93,376.035,2604.31135
1667046900000,2022-10-29T12:35:00Z,6.93,6.95,6.93,6.95,717.168,4981.15695
1667047200000,2022-10-29T12:40:00Z,6.95,6.96,6.94,6.95,820.197,5696.81735
1667047500000,2022-10-29T12:45:00Z,6.95,6.96,6.93,6.93,958.969,6666.1158
1667047800000,2022-10-29T12:50:00Z,6.93,6.96,6.93,6.96,2355.541,16365.7899
1667048100000,2022-10-29T12:55:00Z,6.96,6.96,6.95,6.95,586.279,4077.88902
1667048400000,2022-10-29T13:00:00Z,6.95,6.95,6.9,6.92,6147.377,42568.48518
1667048700000,2022-10-29T13:05:00Z,6.92,6.92,6.9,6.91,7888.812,54563.25615
1667049000000,2022-10-29T13:10:00Z,6.91,6.91,6.86,6.87,2313.356,15911.33989
1667049300000,2022-10-29T13:15:00Z,6.87,6.88,6.87,6.88,638.847,4389.07157
1667049600000,2022-10-29T13:20:00Z,6.88,6.88,6.85,6.85,1957.797,13436.93626
1667049900000,2022-10-29T13:25:00Z,6.85,6.92,6.82,6.92,7289.193,50165.02034
1667050200000,2022-10-29T13:30:00Z,6.92,6.93,6.89,6.89,873.718,6044.88248
1667050500000,2022-10-29T13:35:00Z,6.89,6.89,6.87,6.87,1171.946,8063.14966
1667050800000,2022-10-29T13:40:00Z,6.87,6.88,6.87,6.87,6374.422,43835.50161
1667051100000,2022-10-29T13:45:00Z,6.87,6.88,6.86,6.88,1758.101,12084.41455
1667051400000,2022-10-29T13:50:00Z,6.88,6.9,6.88,6.89,2673.41,18426.76704
1667051700000,2022-10-29T13:55:00Z,6.89,6.96,6.88,6.94,5972.672,41400.61628
1667052000000,2022-10-29T14:00:00Z,6.94,6.95,6.93,6.95,4623.273,32124.95789
1667052300000,2022-10-29T14:05:00Z,6.95,6.96,6.94,6.95,2017.633,14017.70624
1667052600000,2022-10-29T14:10:00Z,6.95,6.97,6.95,6.97,6106.761,42498.35939
1667052900000,2022-10-29T14:15:00Z,6.97,7,6.95,6.95,14812.022,103097.06924
1667053200000,2022-10-29T14:20:00Z,6.95,6.96,6.91,6.93,3171.715,21974.89932
1667053500000,2022-10-29T14:25:00Z,6.93,6.94,6.91,6.93,2485.091,17220.63746
1667053800000,2022-10-29T14:30:00Z,6.93,6.93,6.9,6.9,1302.411,9010.02578
1667054100000,2022-10-29T14:35:00Z,6.9,6.93,6.9,6.93,4534.54,31422.43169
1667054400000,2022-10-29T14:40:00Z,6.93,6.93,6.92,6.92,586.026,4058.70545
1667054700000,2022-10-29T14:45:00Z,6.92,6.92,6.88,6.89,13714.389,94804.60122
1667055000000,2022-10-29T14:50:00Z,6.89,6.89,6.88,6.89,667.942,4596.84096
1667055300000,2022-10-29T14:55:00Z,6.89,6.9,6.89,6.9,797.531,5500.58858
1667055600000,2022-10-29T15:00:00Z,6.9,6.9,6.9,6.9,1830.282,12628.9458
1667055900000,2022-10-29T15:05:00Z,6.9,6.93,6.9,6.9,2528.518,17479.52635
1667056200000,2022-10-29T15:10:00Z,6.9,6.91,6.9,6.91,3651.672,25230.30796
1667056500000,2022-10-29T15:15:00Z,6.91,6.92,6.9,6.92,3750.826,25948.78925
1667056800000,2022-10-29T15:20:00Z,6.92,6.94,6.91,6.94,723.921,5010.14415
1667057100000,2022-10-29T15:25:00Z,6.94,6.94,6.91,6.93,19366.147,133827.75406
1667057400000,2022-10-29T15:30:00Z,6.93,6.95,6.93,6.95,799.684,5544.16857
1667057700000,2022-10-29T15:35:00Z,6.95,6.98,6.9,6.9,11365.648,78700.06929
1667058000000,2022-10-29T15:40:00Z,6.9,6.92,6.9,6.91,3367.969,23285.11382
1667058300000,2022-10-29T15:45:00Z,6.91,6.93,6.91,6.92,11963.593,82805.69323
1667058600000,2022-10-29T15:50:00Z,6.92,6.94,6.92,6.94,16386.964,113585.58955
1667058900000,2022-10-29T15:55:00Z,6.94,6.97,6.94,6.97,1849.645,12868.66928
1667059200000,2022-10-29T16:00:00Z,6.97,6.99,6.93,6.93,2662.291,18530.53738
1667059500000,2022-10-29T16:05:00Z,6.93,7.03,6.92,7.01,3127.446,21871.06789
1667059800000,2022-10-29T16:10:00Z,7.01,7.04,7.01,7.04,1342.302,9432.64295
1667060100000,2022-10-29T16:15:00Z,7.04,7.05,7.03,7.03,1860.116,13086.20483
1667060400000,2022-10-29T16:20:00Z,7.03,7.07,7.03,7.07,2253.686,15905.33988
1667060700000,2022-10-29T16:25:00Z,7.07,7.09,7.06,7.09,1847.65,13068.05781
1667061000000,2022-10-29T16:30:00Z,7.09,7.1,7.07,7.08,4117.231,29142.76269
1667061300000,2022-10-29T16:35:00Z,7.08,7.08,7.02,7.04,12171.399,85812.58816
1667061600000,2022-10-29T16:40:00Z,7.04,7.09,7.04,7.09,4111.433,29029.86759
1667061900000,2022-10-29T16:45:00Z,7.09,7.13,7.08,7.11,3646.056,25918.34657
1667062200000,2022-10-29T16:50:00Z,7.11,7.15,7.11,7.12,4310.981,30732.28418
1667062500000,2022-10-29T16:55:00Z,7.12,7.14,7.08,7.08,4782.357,33977.2061
1667062800000,2022-10-29T17:00:00Z,7.08,7.11,7.08,7.11,5548.676,39423.81429
1667063100000,2022-10-29T17:05:00Z,7.11,7.13,7.11,7.11,1157.698,8241.63685
1667063400000,2022-10-29T17:10:00Z,7.11,7.14,7.11,7.14,9553.914,68127.72954
1667063700000,2022-10-29T17:15:00Z,7.14,7.14,7.11,7.12,764.261,5448.40444
1667064000000,2022-10-29T17:20:00Z,7.12,7.13,7.11,7.12,950.209,6764.56259
1667064300000,2022-10-29T17:25:00Z,7.12,7.12,7.09,7.09,3803.761,27017.9921
1667064600000,2022-10-29T17:30:00Z,7.09,7.14,7.09,7.14,1798.556,12792.24358
1667064900000,2022-10-29T17:35:00Z,7.14,7.16,7.12,7.14,27623.467,197495.91859
1667065200000,2022-10-29T17:40:00Z,7.14,7.17,7.14,7.17,16915.195,121013.45829
1667065500000,2022-10-29T17:45:00Z,7.17,7.18,7.14,7.16,25922.157,185824.31013
1667065800000,2022-10-29T17:50:00Z,7.16,7.23,7.09,7.09,34420.548,247530.51015
1667066100000,2022-10-29T17:55:00Z,7.09,7.1,6.98,7.05,63101.364,443705.27851
1667066400000,2022-10-29T18:00:00Z,7.05,7.07,7,7.07,11736.773,82404.26333
1667066700000,2022-10-29T18:05:00Z,7.07,7.12,7.05,7.07,8891.102,63018.14742
1667067000000,2022-10-29T18:10:00Z,7.07,7.15,7.07,7.14,15582.731,111008.68498
1667067300000,2022-10-29T18:15:00Z,7.14,7.15,7.09,7.1,5583.409,39764.03711
1667067600000,2022-10-29T18:20:00Z,7.1,7.1,7.01,7.03,7231.359,50990.79683
1667067900000,2022-10-29T18:25:00Z,7.03,7.12,7.03,7.12,8335.97,59100.47239
1667068200000,2022-10-29T18:30:00Z,7.12,7.12,7.05,7.07,6721.125,47637.61786
1667068500000,2022-10-29T18:35:00Z,7.07,7.09,7.01,7.08,12818.403,90277.35634
1667068800000,2022-10-29T18:40:00Z,7.08,7.11,7.07,7.11,4743.051,33675.22095
1667069100000,2022-10-29T18:45:00Z,7.11,7.11,7.06,7.08,5899.492,41732.87047
1667069400000,2022-10-29T18:50:00Z,7.08,7.09,7.06,7.06,2813.446,19909.89371
1667069700000,2022-10-29T18:55:00Z,7.06,7.06,7.02,7.06,4662.97,32837.02918
1667070000000,2022-10-29T19:00:00Z,7.06,7.06,7.03,7.03,3950.625,27834.51542
1667070300000,2022-10-29T19:05:00Z,7.03,7.03,7.01,7.02,3351.257,23529.02558
1667070600000,2022-10-29T19:10:00Z,7.02,7.03,7.02,7.03,654.339,4599.28214
1667070900000,2022-10-29T19:15:00Z,7.03,7.07,7.02,7.04,1900.002,13382.7923
1667071200000,2022-10-29T19:20:00Z,7.04,7.05,7.02,7.05,1117.403,7850.34386
1667071500000,2022-10-29T19:25:00Z,7.05,7.05,7.02,7.05,1879.489,13211.5388
1667071800000,2022-10-29T19:30:00Z,7.05,7.05,7.01,7.02,2362.435,16609.57773
1667072100000,2022-10-29T19:35:00Z,7.02,7.02,6.97,7.01,2592.875,18141.95707
1667072400000,2022-10-29T19:40:00Z,7.01,7.03,6.99,6.99,5287.743,37021.6123
1667072700000,2022-10-29T19:45:00Z,6.99,7.02,6.99,7.01,1692.592,11864.35419
1667073000000,2022-10-29T19:50:00Z,7.01,7.07,7,7.07,5480.557,38658.34833
1667073300000,2022-10-29T19:55:00Z,7.07,7.07,7.06,7.06,1435.385,10146.73511
1667073600000,2022-10-29T20:00:00Z,7.06,7.07,7.03,7.03,3771.479,26626.34164
1667073900000,2022-10-29T20:05:00Z,7.03,7.05,7.02,7.05,2793.322,19645.21288
1667074200000,2022-10-29T20:10:00Z,7.05,7.08,7.05,7.07,2135.112,15092.49494
1667074500000,2022-10-29T20:15:00Z,7.07,7.08,7.03,7.03,6373.76,44932.80116
1667074800000,2022-10-29T20:20:00Z,7.03,7.09,7.03,7.06,2663.543,18819.20446
1667075100000,2022-10-29T20:25:00Z,7.06,7.06,7.05,7.06,282.291,1990.85155
1667075400000,2022-10-29T20:30:00Z,7.06,7.09,7.05,7.09,3284.922,23240.87047
1667075700000,2022-10-29T20:35:00Z,7.09,7.1,7.04,7.05,2490.766,17605.53915
1667076000000,2022-10-29T20:40:00Z,7.05,7.1,7.05,7.09,2088.453,14813.78916
1667076300000,2022-10-29T20:45:00Z,7.09,7.13,7.08,7.12,5114.778,36324.40751
1667076600000,2022-10-29T20:50:00Z,7.12,7.12,7.08,7.08,3236.205,22976.16739
1667076900000,2022-10-29T20:55:00Z,7.08,7.09,7.07,7.09,1673.215,11849.37449
1667077200000,2022-10-29T21:00:00Z,7.09,7.09,7.07,7.07,1437.223,10176.92794
1667077500000,2022-10-29T21:05:00Z,7.07,7.12,7.06,7.1,4025.508,28556.36875
1667077800000,2022-10-29T21:10:00Z,7.1,7.12,7.08,7.08,3140.466,22295.75976
1667078100000,2022-10-29T21:15:00Z,7.08,7.09,7.08,7.08,704.839,4991.97882
1667078400000,2022-10-29T21:20:00Z,7.08,7.08,7.06,7.06,1150.924,8129.23331
1667078700000,2022-10-29T21:25:00Z,7.06,7.08,7.06,7.08,31.61,223.51389
1667079000000,2022-10-29T21:30:00Z,7.08,7.08,7.07,7.07,0.389,2.75023
1667079300000,2022-10-29T21:35:00Z,7.07,7.07,7.07,7.07,57.146,404.02222
1667079600000,2022-10-29T21:40:00Z,7.07,7.08,7.05,7.06,827.108,5836.48186
1667079900000,2022-10-29T21:45:00Z,7.06,7.07,7.06,7.06,875.598,6181.72577
1667080200000,2022-10-29T21:50:00Z,7.06,7.06,7.04,7.04,7.543,53.1105
1667080500000,2022-10-29T21:55:00Z,7.04,7.05,7.03,7.03,405.305,2852.99544
1667080800000,2022-10-29T22:00:00Z,7.03,7.05,7.03,7.05,203.552,1434.36469
1667081100000,2022-10-29T22:05:00Z,7.05,7.05,7.03,7.03,1543.829,10865.44911
1667081400000,2022-10-29T22:10:00Z,7.03,7.03,7.01,7.02,2543.64,17842.24383
1667081700000,2022-10-29T22:15:00Z,7.02,7.03,7.01,7.03,2134.415,14973.25646
1667082000000,2022-10-29T22:20:00Z,7.03,7.04,7,7.01,2912.989,20439.87513
1667082300000,2022-10-29T22:25:00Z,7.01,7.02,7.01,7.01,2583.979,18122.95037
1667082600000,2022-10-29T22:30:00Z,7.01,7.02,7.01,7.02,50.832,356.62335
1667082900000,2022-10-29T22:35:00Z,7.02,7.03,7.01,7.01,210.389,1475.53467
1667083200000,2022-10-29T22:40:00Z,7.01,7.01,6.99,6.99,357.049,2499.27251
1667083500000,2022-10-29T22:45:00Z,6.99,7,6.95,6.96,4282.906,29877.28525
1667083800000,2022-10-29T22:50:00Z,6.96,6.96,6.93,6.93,2756.941,19168.70801
1667084100000,2022-10-29T22:55:00Z,6.93,6.96,6.93,6.95,1576.366,10946.11627
1667084400000,2022-10-29T23:00:00Z,6.95,6.96,6.95,6.95,848.877,5899.84888
1667084700000,2022-10-29T23:05:00Z,6.95,6.96,6.94,6.96,5604.937,38963.10502
1667085000000,2022-10-29T23:10:00Z,6.96,7,6.96,7,2553.892,17844.25033
1667085300000,2022-10-29T23:15:00Z,7,7.02,7,7.02,1702.715,11943.63446
1667085600000,2022-10-29T23:20:00Z,7.02,7.03,7.02,7.03,1240.971,8719.31739
1667085900000,2022-10-29T23:25:00Z,7.03,7.03,7.02,7.03,635.503,4466.18609
1667086200000,2022-10-29T23:30:00Z,7.03,7.03,7.02,7.03,3463.398,24347.6784
1667086500000,2022-10-29T23:35:00Z,7.03,7.05,7.03,7.05,594.268,4183.44226
1667086800000,2022-10-29T23:40:00Z,7.05,7.07,7.05,7.07,985.487,6954.36194
1667087100000,2022-10-29T23:45:00Z,7.07,7.07,7.05,7.07,1325.152,9347.44746
1667087400000,2022-10-29T23:50:00Z,7.07,7.08,7.06,7.08,2436.262,17221.82844
1667087700000,2022-10-29T23:55:00Z,7.08,7.09,7.07,7.09,1777.203,12583.63679
1667088000000,2022-10-30T00:00:00Z,7.09,7.1,7.07,7.07,628.514,4452.43307
1667088300000,2022-10-30T00:05:00Z,7.07,7.08,7.05,7.08,1144.599,8088.23878
1667088600000,2022-10-30T00:10:00Z,7.08,7.09,7.05,7.05,1932.99,13661.33927
1667088900000,2022-10-30T00:15:00Z,7.05,7.06,7.04,7.06,5124.154,36152.20071
1667089200000,2022-10-30T00:20:00Z,7.06,7.07,7.05,7.07,4571.66,32270.22399
1667089500000,2022-10-30T00:25:00Z,7.07,7.07,7.04,7.04,366.4,2579.456
1667089800000,2022-10-30T00:30:00Z,7.04,7.04,7.02,7.02,1644.922,11563.51512
1667090100000,2022-10-30T00:35:00Z,7.02,7.03,7.02,7.02,436.28,3062.70688
1667090400000,2022-10-30T00:40:00Z,7.02,7.02,7.01,7.01,626.141,4394.07622
1667090700000,2022-10-30T00:45:00Z,7.01,7.03,7.01,7.02,1168.431,8212.51588
1667091000000,2022-10-30T00:50:00Z,7.02,7.02,7,7.01,270.509,1895.44785
1667091300000,2022-10-30T00:55:00Z,7.01,7.01,7,7,4649.05,32556.68538
1667091600000,2022-10-30T01:00:00Z,7,7.04,6.99,7.03,3515.837,24613.83088
1667091900000,2022-10-30T01:05:00Z,7.03,7.07,7.03,7.06,1144.133,8057.026
1667092200000,2022-10-30T01:10:00Z,7.06,7.09,7.06,7.09,3050.39,21562.42585
1667092500000,2022-10-30T01:15:00Z,7.09,7.15,7.09,7.15,7535.085,53683.15213
1667092800000,2022-10-30T01:20:00Z,7.15,7.16,7.13,7.15,3229.3,23069.53383
1667093100000,2022-10-30T01:25:00Z,7.15,7.22,7.15,7.22,6497.196,46708.2125
1667093400000,2022-10-30T01:30:00Z,7.22,7.22,7.14,7.17,5512.563,39438.47451
1667093700000,2022-10-30T01:35:00Z,7.17,7.18,7.16,7.17,2165.181,15518.15268
1667094000000,2022-10-30T01:40:00Z,7.17,7.18,7.17,7.18,634.549,4555.52939
1667094300000,2022-10-30T01:45:00Z,7.18,7.19,7.18,7.19,1785.983,12839.81432
1667094600000,2022-10-30T01:50:00Z,7.19,7.21,7.19,7.21,2680.049,19289.39048
1667094900000,2022-10-30T01:55:00Z,7.21,7.24,7.21,7.24,1428.735,10327.34991
1667095200000,2022-10-30T02:00:00Z,7.24,7.24,7.19,7.19,7110.876,51235.29874
1667095500000,2022-10-30T02:05:00Z,7.19,7.21,7.18,7.21,2271.479,16340.09813
1667095800000,2022-10-30T02:10:00Z,7.21,7.26,7.21,7.24,3964.728,28689.63486
1667096100000,2022-10-30T02:15:00Z,7.24,7.24,7.24,7.24,361.691,2618.64284
1667096400000,2022-10-30T02:20:00Z,7.24,7.25,7.24,7.24,210,1521.1
1667096700000,2022-10-30T02:25:00Z,7.24,7.24,7.21,7.21,1149.459,8296.30544
1667097000000,2022-10-30T02:30:00Z,7.21,7.26,7.21,7.25,5089.681,36842.50489
1667097300000,2022-10-30T02:35:00Z,7.25,7.27,7.25,7.27,1635.612,11866.31987
1667097600000,2022-10-30T02:40:00Z,7.27,7.31,7.26,7.3,4304.8,31365.69589
1667097900000,2022-10-30T02:45:00Z,7.3,7.35,7.29,7.34,10019.824,73358.3285
1667098200000,2022-10-30T02:50:00Z,7.34,7.35,7.29,7.33,9295.552,67939.97124
1667098500000,2022-10-30T02:55:00Z,7.33,7.34,7.31,7.34,5509.041,40322.35705
1667098800000,2022-10-30T03:00:00Z,7.34,7.34,7.33,7.34,3219.681,23614.33106
1667099100000,2022-10-30T03:05:00Z,7.34,7.34,7.32,7.33,7559.927,55413.0271
1667099400000,2022-10-30T03:10:00Z,7.33,7.33,7.29,7.29,1768.157,12940.13222
1667099700000,2022-10-30T03:15:00Z,7.29,7.33,7.29,7.33,3987.725,29197.96973
1667100000000,2022-10-30T03:20:00Z,7.33,7.35,7.33,7.35,1820.642,13349.85018
1667100300000,2022-10-30T03:25:00Z,7.35,7.36,7.33,7.36,4692.516,34488.57201
1667100600000,2022-10-30T03:30:00Z,7.36,7.36,7.32,7.33,6389.388,46868.37485
1667100900000,2022-10-30T03:35:00Z,7.33,7.33,7.31,7.31,1022.145,7476.04521
1667101200000,2022-10-30T03:40:00Z,7.31,7.31,7.3,7.31,1338.464,9777.73944
1667101500000,2022-10-30T03:45:00Z,7.31,7.32,7.29,7.29,3668.77,26797.03193
1667101800000,2022-10-30T03:50:00Z,7.29,7.3,7.28,7.29,2897.369,21129.72165
1667102100000,2022-10-30T03:55:00Z,7.29,7.29,7.28,7.29,2386.037,17384.35981
1667102400000,2022-10-30T04:00:00Z,7.29,7.29,7.26,7.26,3184.143,23148.43079
1667102700000,2022-10-30T04:05:00Z,7.26,7.26,7.26,7.26,2029.269,14732.49294
1667103000000,2022-10-30T04:10:00Z,7.26,7.26,7.24,7.24,3479.306,25206.18672
1667103300000,2022-10-30T04:15:00Z,7.24,7.25,7.23,7.23,4313.246,31215.68373
1667103600000,2022-10-30T04:20:00Z,7.23,7.23,7.22,7.22,1547.764,11180.9112
1667103900000,2022-10-30T04:25:00Z,7.22,7.23,7.22,7.22,781.117,5643.31379
1667104200000,2022-10-30T04:30:00Z,7.22,7.24,7.22,7.23,3303.124,23912.26595
1667104500000,2022-10-30T04:35:00Z,7.23,7.23,7.22,7.22,2161.958,15609.54676
1667104800000,2022-10-30T04:40:00Z,7.22,7.22,7.2,7.2,1811.664,13067.62725
1667105100000,2022-10-30T04:45:00Z,7.2,7.22,7.2,7.21,1136.911,8196.95042
1667105400000,2022-10-30T04:50:00Z,7.21,7.22,7.19,7.22,4105.121,29539.85755
1667105700000,2022-10-30T04:55:00Z,7.22,7.22,7.21,7.22,1738.342,12545.61932
1667106000000,2022-10-30T05:00:00Z,7.22,7.24,7.22,7.24,1940.385,14044.82499
1667106300000,2022-10-30T05:05:00Z,7.24,7.24,7.24,7.24,418.478,3029.78072
1667106600000,2022-10-30T05:10:00Z,7.24,7.28,7.24,7.27,4826.613,35064.70442
1667106900000,2022-10-30T05:15:00Z,7.27,7.27,7.25,7.25,517.295,3751.14028
1667107200000,2022-10-30T05:20:00Z,7.25,7.27,7.25,7.27,2726.991,19808.53306
1667107500000,2022-10-30T05:25:00Z,7.27,7.28,7.27,7.27,4692.203,34157.83491
1667107800000,2022-10-30T05:30:00Z,7.27,7.28,7.27,7.28,1475.517,10739.26119
1667108100000,2022-10-30T05:35:00Z,7.28,7.28,7.25,7.25,403.81,2931.83852
1667108400000,2022-10-30T05:40:00Z,7.25,7.25,7.22,7.22,5668.816,41005.91084
1667108700000,2022-10-30T05:45:00Z,7.22,7.26,7.22,7.26,2698.184,19524.77353
1667109000000,2022-10-30T05:50:00Z,7.26,7.26,7.25,7.25,149.805,1086.1843
1667109300000,2022-10-30T05:55:00Z,7.25,7.25,7.23,7.23,1609.03,11647.45835
1667109600000,2022-10-30T06:00:00Z,7.23,7.24,7.23,7.24,685.51,4959.97166
1667109900000,2022-10-30T06:05:00Z,7.24,7.26,7.24,7.26,997.872,7240.60799
1667110200000,2022-10-30T06:10:00Z,7.26,7.28,7.25,7.26,11981.001,87098.26019
1667110500000,2022-10-30T06:15:00Z,7.26,7.26,7.22,7.22,1709.196,12383.153
1667110800000,2022-10-30T06:20:00Z,7.22,7.22,7.17,7.19,10437.553,75003.33057
1667111100000,2022-10-30T06:25:00Z,7.19,7.2,7.18,7.2,1227.413,8823.96791
1667111400000,2022-10-30T06:30:00Z,7.2,7.21,7.2,7.2,737.797,5314.03748
1667111700000,2022-10-30T06:35:00Z,7.2,7.22,7.19,7.22,4433.832,31941.7704
1667112000000,2022-10-30T06:40:00Z,7.22,7.23,7.22,7.22,1351.246,9757.89211
1667112300000,2022-10-30T06:45:00Z,7.22,7.23,7.21,7.21,1605.847,11583.61365
1667112600000,2022-10-30T06:50:00Z,7.21,7.21,7.2,7.2,1004.343,7237.11096
1667112900000,2022-10-30T06:55:00Z,7.2,7.21,7.19,7.21,2341.376,16855.06854
1667113200000,2022-10-30T07:00:00Z,7.21,7.21,7.2,7.21,531.991,3832.32705
1667113500000,2022-10-30T07:05:00Z,7.21,7.22,7.2,7.22,415.141,2993.92521
1667113800000,2022-10-30T07:10:00Z,7.22,7.29,7.22,7.29,5780.49,42017.6549
1667114100000,2022-10-30T07:15:00Z,7.29,7.29,7.27,7.27,2352.689,17124.5094
1667114400000,2022-10-30T07:20:00Z,7.27,7.31,7.27,7.29,1478.572,10779.25579
1667114700000,2022-10-30T07:25:00Z,7.29,7.3,7.29,7.29,2264.61,16529.79732
1667115000000,2022-10-30T07:30:00Z,7.29,7.29,7.24,7.24,661.551,4800.46526
1667115300000,2022-10-30T07:35:00Z,7.24,7.26,7.23,7.26,1779.456,12876.88851
1667115600000,2022-10-30T07:40:00Z,7.26,7.26,7.25,7.26,1572.624,11415.73688
1667115900000,2022-10-30T07:45:00Z,7.26,7.27,7.25,7.26,1994.543,14485.74311
1667116200000,2022-10-30T07:50:00Z,7.26,7.29,7.26,7.29,2059.214,14995.2833
1667116500000,2022-10-30T07:55:00Z,7.29,7.3,7.28,7.28,435.864,3177.50993
1667116800000,2022-10-30T08:00:00Z,7.28,7.28,7.25,7.25,1757.157,12744.54007
1667117100000,2022-10-30T08:05:00Z,7.25,7.27,7.24,7.26,3157.846,22914.47675
1667117400000,2022-10-30T08:10:00Z,7.26,7.27,7.25,7.26,1459.455,10593.20869
1667117700000,2022-10-30T08:15:00Z,7.26,7.26,7.23,7.23,3334.987,24161.71332
1667118000000,2022-10-30T08:20:00Z,7.23,7.24,7.19,7.19,763.843,5515.58957
1667118300000,2022-10-30T08:25:00Z,7.19,7.21,7.14,7.15,6786.662,48704.01162
1667118600000,2022-10-30T08:30:00Z,7.15,7.17,7.12,7.13,5190.085,37009.98017
1667118900000,2022-10-30T08:35:00Z,7.13,7.18,7.12,7.18,1914.177,13709.87434
1667119200000,2022-10-30T08:40:00Z,7.18,7.2,7.16,7.2,1504.238,10812.07353
1667119500000,2022-10-30T08:45:00Z,7.2,7.21,7.18,7.18,2865.922,20604.67753
1667119800000,2022-10-30T08:50:00Z,7.18,7.19,7.18,7.18,2397.425,17216.35548
1667120100000,2022-10-30T08:55:00Z,7.18,7.18,7.17,7.18,1232.414,8848.0096
1667120400000,2022-10-30T09:00:00Z,7.18,7.18,7.17,7.17,480.012,3445.78616
1667120700000,2022-10-30T09:05:00Z,7.17,7.2,7.17,7.2,3095.772,22217.09631
1667121000000,2022-10-30T09:10:00Z,7.2,7.2,7.19,7.2,2857.496,20568.36658
1667121300000,2022-10-30T09:15:00Z,7.2,7.2,7.18,7.18,956.718,6874.23973
1667121600000,2022-10-30T09:20:00Z,7.18,7.19,7.17,7.17,1899.85,13639.4495
1667121900000,2022-10-30T09:25:00Z,7.17,7.17,7.17,7.17,1566.644,11232.83748
1667122200000,2022-10-30T09:30:00Z,7.17,7.17,7.15,7.15,2328.95,16689.34516
1667122500000,2022-10-30T09:35:00Z,7.15,7.15,7.12,7.12,2368.633,16882.83013
1667122800000,2022-10-30T09:40:00Z,7.12,7.12,7.08,7.08,2820.47,20014.1788
1667123100000,2022-10-30T09:45:00Z,7.08,7.08,7.01,7.01,9243.446,65014.84011
1667123400000,2022-10-30T09:50:00Z,7.01,7.03,7.01,7.01,3169.911,22236.02626
1667123700000,2022-10-30T09:55:00Z,7.01,7.03,7.01,7.03,2553.331,17919.74659
1667124000000,2022-10-30T10:00:00Z,7.03,7.04,7.01,7.04,2456.278,17251.84111
1667124300000,2022-10-30T10:05:00Z,7.04,7.06,7.04,7.06,2004.534,14145.72826
1667124600000,2022-10-30T10:10:00Z,7.06,7.06,7.05,7.05,3874.144,27313.427
1667124900000,2022-10-30T10:15:00Z,7.05,7.05,7.05,7.05,358.261,2525.74005
1667125200000,2022-10-30T10:20:00Z,7.05,7.05,7.04,7.04,1978.132,13926.04928
1667125500000,2022-10-30T10:25:00Z,7.04,7.04,7.03,7.04,3423.843,24096.77602
1667125800000,2022-10-30T10:30:00Z,7.04,7.04,7.02,7.02,1534.724,10784.53162
1667126100000,2022-10-30T10:35:00Z,7.02,7.06,7.02,7.05,2374.122,16723.75708
1667126400000,2022-10-30T10:40:00Z,7.05,7.05,7.03,7.03,4330.56,30462.616
1667126700000,2022-10-30T10:45:00Z,7.03,7.04,7.03,7.04,981.716,6909.42454
1667127000000,2022-10-30T10:50:00Z,7.04,7.04,7.03,7.03,0.389,2.73467
1667127300000,2022-10-30T10:55:00Z,7.03,7.04,7.02,7.03,448.466,3154.60001
1667127600000,2022-10-30T11:00:00Z,7.03,7.03,7.02,7.03,685.015,4815.65156
1667127900000,2022-10-30T11:05:00Z,7.03,7.06,7.03,7.06,14.709,103.84554
1667128200000,2022-10-30T11:10:00Z,7.06,7.07,7.06,7.06,318.731,2251.01579
1667128500000,2022-10-30T11:15:00Z,7.06,7.07,7.05,7.07,1413.547,9980.74822
1667128800000,2022-10-30T11:20:00Z,7.07,7.07,7.05,7.05,2666.229,18806.26411
1667129100000,2022-10-30T11:25:00Z,7.05,7.05,7.03,7.04,1382.13,9727.45623
1667129400000,2022-10-30T11:30:00Z,7.04,7.04,7.01,7.01,4844.394,33993.77845
1667129700000,2022-10-30T11:35:00Z,7.01,7.03,7.01,7.03,2462.648,17295.5589
1667130000000,2022-10-30T11:40:00Z,7.03,7.06,7.02,7.04,3259.375,22974.55482
1667130300000,2022-10-30T11:45:00Z,7.04,7.07,7.03,7.05,1852.999,13060.92914
1667130600000,2022-10-30T11:50:00Z,7.05,7.08,7.05,7.08,2915.575,20622.37481
1667130900000,2022-10-30T11:55:00Z,7.08,7.08,7.07,7.08,1959.044,13853.65658
1667131200000,2022-10-30T12:00:00Z,7.08,7.08,7.07,7.07,750.366,5305.09468
1667131500000,2022-10-30T12:05:00Z,7.07,7.08,7.07,7.08,2189.588,15497.17217
1667131800000,2022-10-30T12:10:00Z,7.08,7.08,7.05,7.05,862.225,6090.88226
1667132100000,2022-10-30T12:15:00Z,7.05,7.05,7,7,4944.445,34663.19456
1667132400000,2022-10-30T12:20:00Z,7,7.01,7,7,1445.382,10123.45758
1667132700000,2022-10-30T12:25:00Z,7,7,6.98,6.99,3207.572,22402.98609
1667133000000,2022-10-30T12:30:00Z,6.99,7.02,6.99,7.02,2869.747,20063.56009
1667133300000,2022-10-30T12:35:00Z,7.02,7.05,7.02,7.04,1309.313,9208.91196
1667133600000,2022-10-30T12:40:00Z,7.04,7.04,7.04,7.04,538.002,3787.53408
1667133900000,2022-10-30T12:45:00Z,7.04,7.06,7.03,7.04,1797.547,12656.0233
1667134200000,2022-10-30T12:50:00Z,7.04,7.05,7.04,7.05,921.116,6493.8678
1667134500000,2022-10-30T12:55:00Z,7.05,7.05,7.04,7.04,360.776,2542.43649
1667134800000,2022-10-30T13:00:00Z,7.04,7.04,7.03,7.03,2004.874,14107.19476
1667135100000,2022-10-30T13:05:00Z,7.03,7.03,7.01,7.02,1983.121,13919.57525
1667135400000,2022-10-30T13:10:00Z,7.02,7.04,7.02,7.04,1090.31,7668.95009
1667135700000,2022-10-30T13:15:00Z,7.04,7.04,7.02,7.02,405.729,2848.91758
1667136000000,2022-10-30T13:20:00Z,7.02,7.03,7.01,7.01,2012.138,14105.14498
1667136300000,2022-10-30T13:25:00Z,7.01,7.01,6.96,6.97,4186.831,29253.23263
1667136600000,2022-10-30T13:30:00Z,6.97,6.97,6.92,6.96,8836.317,61432.53595
1667136900000,2022-10-30T13:35:00Z,6.96,6.97,6.96,6.96,2830.101,19720.6191
1667137200000,2022-10-30T13:40:00Z,6.96,6.96,6.94,6.94,2203.195,15315.33442
1667137500000,2022-10-30T13:45:00Z,6.94,6.98,6.94,6.97,4954.425,34460.57572
1667137800000,2022-10-30T13:50:00Z,6.97,6.97,6.95,6.95,2624.99,18289.72919
1667138100000,2022-10-30T13:55:00Z,6.95,6.95,6.94,6.95,3261.362,22652.80542
1667138400000,2022-10-30T14:00:00Z,6.95,6.98,6.94,6.97,3312.58,23062.60052
1667138700000,2022-10-30T14:05:00Z,6.97,6.98,6.96,6.96,1192.21,8316.73984
1667139000000,2022-10-30T14:10:00Z,6.96,6.97,6.95,6.95,2109.861,14687.11155
1667139300000,2022-10-30T14:15:00Z,6.95,6.97,6.94,6.97,2404.581,16722.54023
1667139600000,2022-10-30T14:20:00Z,6.97,7.01,6.97,7,4601.439,32145.72819
1667139900000,2022-10-30T14:25:00Z,7,7.01,6.99,7,2566.268,17953.58488
1667140200000,2022-10-30T14:30:00Z,7,7,6.99,6.99,710.522,4970.12569
1667140500000,2022-10-30T14:35:00Z,6.99,6.99,6.99,6.99,1839.281,12856.57419
1667140800000,2022-10-30T14:40:00Z,6.99,7.01,6.99,7,4780.669,33496.36026
1667141100000,2022-10-30T14:45:00Z,7,7.03,7,7.02,1129.002,7925.69103
1667141400000,2022-10-30T14:50:00Z,7.02,7.02,7,7,1269.428,8899.49489
1667141700000,2022-10-30T14:55:00Z,7,7.01,7,7.01,322.82,2262.9682
1667142000000,2022-10-30T15:00:00Z,7.01,7.02,7.01,7.02,1078.381,7562.03203
1667142300000,2022-10-30T15:05:00Z,7.02,7.02,7.01,7.01,1997.144,14006.14251
1667142600000,2022-10-30T15:10:00Z,7.01,7.01,7,7,382.98,2680.86
1667142900000,2022-10-30T15:15:00Z,7,7,6.99,7,5648.946,39522.02589
1667143200000,2022-10-30T15:20:00Z,7,7.02,6.99,7.02,150.689,1055.02431
1667143500000,2022-10-30T15:25:00Z,7.02,7.02,7.01,7.01,1412.622,9904.86852
1667143800000,2022-10-30T15:30:00Z,7.01,7.02,7.01,7.02,756.92,5309.17678
1667144100000,2022-10-30T15:35:00Z,7.02,7.02,6.96,6.97,5686.122,39686.12252
1667144400000,2022-10-30T15:40:00Z,6.97,6.98,6.95,6.96,3617.381,25189.59996
1667144700000,2022-10-30T15:45:00Z,6.96,6.96,6.87,6.88,14325.596,98905.52114
1667145000000,2022-10-30T15:50:00Z,6.88,6.9,6.87,6.9,7838.108,53977.88702
1667145300000,2022-10-30T15:55:00Z,6.9,6.92,6.9,6.9,2338.266,16172.7406
1667145600000,2022-10-30T16:00:00Z,6.9,6.9,6.86,6.88,3298.921,22665.85257
1667145900000,2022-10-30T16:05:00Z,6.88,6.96,6.88,6.96,8352.673,57769.27372
1667146200000,2022-10-30T16:10:00Z,6.96,6.96,6.94,6.94,3895.028,27058.6965
1667146500000,2022-10-30T16:15:00Z,6.94,6.98,6.93,6.98,750.119,5220.50771
1667146800000,2022-10-30T16:20:00Z,6.98,6.98,6.92,6.92,1218.983,8458.1671
1667147100000,2022-10-30T16:25:00Z,6.92,6.94,6.92,6.94,3115.767,21585.24449
1667147400000,2022-10-30T16:30:00Z,6.94,6.95,6.94,6.95,467.434,3244.03915
1667147700000,2022-10-30T16:35:00Z,6.95,6.95,6.92,6.92,2904.779,20146.96486
1667148000000,2022-10-30T16:40:00Z,6.92,6.92,6.91,6.92,2367.599,16368.70244
1667148300000,2022-10-30T16:45:00Z,6.92,6.92,6.89,6.9,2272.32,15693.22354
1667148600000,2022-10-30T16:50:00Z,6.9,6.9,6.89,6.89,1419.24,9788.22512
1667148900000,2022-10-30T16:55:00Z,6.89,6.89,6.86,6.89,2653.447,18237.67528
1667149200000,2022-10-30T17:00:00Z,6.89,6.9,6.87,6.88,1678.153,11552.19983
1667149500000,2022-10-30T17:05:00Z,6.88,6.9,6.88,6.9,1027.422,7082.4924
1667149800000,2022-10-30T17:10:00Z,6.9,6.9,6.89,6.89,2400.604,16548.66504
1667150100000,2022-10-30T17:15:00Z,6.89,6.89,6.88,6.89,3044.94,20976.12081
1667150400000,2022-10-30T17:20:00Z,6.89,6.9,6.88,6.89,2883.679,19864.16641
1667150700000,2022-10-30T17:25:00Z,6.89,6.91,6.89,6.91,3954.851,27291.81883
1667151000000,2022-10-30T17:30:00Z,6.91,6.91,6.9,6.91,816.772,5639.88177
1667151300000,2022-10-30T17:35:00Z,6.91,6.91,6.9,6.91,2173.662,15017.36702
1667151600000,2022-10-30T17:40:00Z,6.91,6.93,6.91,6.93,537.902,3723.47491
1667151900000,2022-10-30T17:45:00Z,6.93,6.93,6.92,6.92,1705.225,11801.55699
1667152200000,2022-10-30T17:50:00Z,6.92,6.93,6.91,6.92,524.325,3629.029
1667152500000,2022-10-30T17:55:00Z,6.92,6.93,6.91,6.93,1056.223,7311.57314
1667152800000,2022-10-30T18:00:00Z,6.93,6.93,6.91,6.92,1019.092,7050.68875
1667153100000,2022-10-30T18:05:00Z,6.92,6.93,6.92,6.92,421.973,2923.42614
1667153400000,2022-10-30T18:10:00Z,6.92,6.92,6.91,6.91,791.67,5472.32145
1667153700000,2022-10-30T18:15:00Z,6.91,6.93,6.91,6.93,2892.182,20016.31641
1667154000000,2022-10-30T18:20:00Z,6.93,6.97,6.93,6.96,3380.816,23508.27579
1667154300000,2022-10-30T18:25:00Z,6.96,6.97,6.96,6.96,482.858,3364.12026
1667154600000,2022-10-30T18:30:00Z,6.96,6.96,6.95,6.95,1371.341,9530.81995
1667154900000,2022-10-30T18:35:00Z,6.95,6.97,6.95,6.97,2791.474,19443.9177
1667155200000,2022-10-30T18:40:00Z,6.97,6.98,6.97,6.97,1550.037,10812.00603
1667155500000,2022-10-30T18:45:00Z,6.97,6.97,6.96,6.97,914.66,6374.85239
1667155800000,2022-10-30T18:50:00Z,6.97,6.97,6.96,6.96,32.415,225.92866
1667156100000,2022-10-30T18:55:00Z,6.96,6.96,6.95,6.96,2736.359,19043.66215
1667156400000,2022-10-30T19:00:00Z,6.96,6.96,6.95,6.95,295.165,2053.60836
1667156700000,2022-10-30T19:05:00Z,6.95,6.97,6.95,6.97,1900.522,13237.93734
1667157000000,2022-10-30T19:10:00Z,6.97,6.97,6.96,6.96,70,487.2
1667157300000,2022-10-30T19:15:00Z,6.96,6.96,6.96,6.96,14.88,103.5648
1667157600000,2022-10-30T19:20:00Z,6.96,6.96,6.95,6.95,1176.034,8180.17045
1667157900000,2022-10-30T19:25:00Z,6.95,6.97,6.95,6.97,1193.034,8304.58473
1667158200000,2022-10-30T19:30:00Z,6.97,6.98,6.97,6.97,278.401,1941.13898
1667158500000,2022-10-30T19:35:00Z,6.97,6.97,6.97,6.97,919.379,6408.07163
1667158800000,2022-10-30T19:40:00Z,6.97,6.98,6.97,6.97,745.767,5198.0467
1667159100000,2022-10-30T19:45:00Z,6.97,6.97,6.95,6.96,3400.117,23657.52845
1667159400000,2022-10-30T19:50:00Z,6.96,6.96,6.94,6.95,815.138,5661.10735
1667159700000,2022-10-30T19:55:00Z,6.95,6.95,6.94,6.94,533.987,3707.34171
1667160000000,2022-10-30T20:00:00Z,6.94,6.95,6.94,6.95,619.132,4302.43418
1667160300000,2022-10-30T20:05:00Z,6.95,6.96,6.95,6.96,70.39,489.21439
1667160600000,2022-10-30T20:10:00Z,6.96,6.96,6.94,6.95,418.847,2909.05854
1667160900000,2022-10-30T20:15:00Z,6.95,6.95,6.95,6.95,986.741,6857.84995
1667161200000,2022-10-30T20:20:00Z,6.95,6.97,6.95,6.97,391.792,2728.8783
1667161500000,2022-10-30T20:25:00Z,6.97,6.99,6.97,6.98,2271.758,15850.64432
1667161800000,2022-10-30T20:30:00Z,6.98,6.98,6.97,6.97,528.255,3681.97057
1667162100000,2022-10-30T20:35:00Z,6.97,6.97,6.97,6.97,63.432,442.12104
1667162400000,2022-10-30T20:40:00Z,6.97,6.97,6.96,6.96,72.681,505.85976
1667162700000,2022-10-30T20:45:00Z,6.96,6.96,6.96,6.96,575.235,4003.6356
1667163000000,2022-10-30T20:50:00Z,6.96,6.97,6.96,6.97,584.999,4077.40803
1667163300000,2022-10-30T20:55:00Z,6.97,6.97,6.96,6.96,74.65,519.58895
1667163600000,2022-10-30T21:00:00Z,6.96,6.99,6.96,6.98,573.004,4000.31846
1667163900000,2022-10-30T21:05:00Z,6.98,6.99,6.98,6.99,1434.175,10013.7478
1667164200000,2022-10-30T21:10:00Z,6.99,6.99,6.98,6.99,259.989,1817.3159
1667164500000,2022-10-30T21:15:00Z,6.99,6.99,6.98,6.98,320.758,2238.89473
1667164800000,2022-10-30T21:20:00Z,6.98,6.99,6.98,6.99,1594.327,11130.32012
1667165100000,2022-10-30T21:25:00Z,6.99,7,6.99,7,66.193,463.34711
1667165400000,2022-10-30T21:30:00Z,7,7,6.98,6.98,195.433,1364.68277
1667165700000,2022-10-30T21:35:00Z,6.98,6.98,6.97,6.98,0.778,5.42655
1667166000000,2022-10-30T21:40:00Z,6.98,6.98,6.94,6.94,1486.463,10341.30519
1667166300000,2022-10-30T21:45:00Z,6.94,6.94,6.94,6.94,0.389,2.69966
1667166600000,2022-10-30T21:50:00Z,6.94,6.96,6.94,6.95,115.486,802.63548
1667166900000,2022-10-30T21:55:00Z,6.95,6.96,6.95,6.96,58.679,408.40584
1667167200000,2022-10-30T22:00:00Z,6.96,6.97,6.93,6.93,1373.123,9543.13719
1667167500000,2022-10-30T22:05:00Z,6.93,6.93,6.9,6.91,353.642,2443.66121
1667167800000,2022-10-30T22:10:00Z,6.91,6.91,6.88,6.88,784.711,5416.69638
1667168100000,2022-10-30T22:15:00Z,6.88,6.88,6.85,6.86,1651.262,11325.70839
1667168400000,2022-10-30T22:20:00Z,6.86,6.87,6.81,6.81,1348.443,9211.16374
1667168700000,2022-10-30T22:25:00Z,6.81,6.81,6.78,6.81,2276.521,15490.46685
1667169000000,2022-10-30T22:30:00Z,6.81,6.87,6.81,6.87,748.692,5136.8871
1667169300000,2022-10-30T22:35:00Z,6.87,6.87,6.86,6.86,1216.449,8354.31932
1667169600000,2022-10-30T22:40:00Z,6.86,6.87,6.86,6.87,868.629,5967.48123
1667169900000,2022-10-30T22:45:00Z,6.87,6.88,6.87,6.88,782.428,5382.04488
1667170200000,2022-10-30T22:50:00Z,6.88,6.88,6.87,6.87,1464.015,10071.63065
1667170500000,2022-10-30T22:55:00Z,6.87,6.92,6.87,6.92,2537.271,17532.56251
1667170800000,2022-10-30T23:00:00Z,6.92,6.92,6.91,6.91,1058.91,7320.58553
1667171100000,2022-10-30T23:05:00Z,6.91,6.92,6.9,6.9,1759.032,12155.3368
1667171400000,2022-10-30T23:10:00Z,6.9,6.91,6.9,6.91,369.474,2551.98002
1667171700000,2022-10-30T23:15:00Z,6.91,6.91,6.9,6.91,1537.689,10620.16042
1667172000000,2022-10-30T23:20:00Z,6.91,6.92,6.9,6.92,1483.706,10241.82834
1667172300000,2022-10-30T23:25:00Z,6.92,6.93,6.92,6.92,1168.447,8088.82077
1667172600000,2022-10-30T23:30:00Z,6.92,6.93,6.91,6.93,648.896,4487.54106
1667172900000,2022-10-30T23:35:00Z,6.93,6.93,6.92,6.92,731.805,5070.70695
1667173200000,2022-10-30T23:40:00Z,6.92,6.92,6.87,6.89,5235.744,36074.76394
1667173500000,2022-10-30T23:45:00Z,6.89,6.9,6.88,6.9,836.277,5763.00358
1667173800000,2022-10-30T23:50:00Z,6.9,6.9,6.9,6.9,823.462,5681.8878
1667174100000,2022-10-30T23:55:00Z,6.9,6.9,6.9,6.9,139.613,963.3297
1667174400000,2022-10-31T00:00:00Z,6.9,6.9,6.87,6.89,4078.103,28083.25411
1667174700000,2022-10-31T00:05:00Z,6.89,6.93,6.89,6.91,1771.212,12238.15309
1667175000000,2022-10-31T00:10:00Z,6.91,6.93,6.91,6.92,2835.738,19620.26166
1667175300000,2022-10-31T00:15:00Z,6.92,6.94,6.91,6.91,1300.364,9007.2507
1667175600000,2022-10-31T00:20:00Z,6.91,6.91,6.88,6.88,2886.952,19876.62334
1667175900000,2022-10-31T00:25:00Z,6.88,6.89,6.88,6.88,1051.141,7235.76171
1667176200000,2022-10-31T00:30:00Z,6.88,6.88,6.82,6.82,2466.399,16848.17034
1667176500000,2022-10-31T00:35:00Z,6.82,6.85,6.82,6.82,3569.542,24408.17472
1667176800000,2022-10-31T00:40:00Z,6.82,6.83,6.79,6.82,3294.375,22438.2813
1667177100000,2022-10-31T00:45:00Z,6.82,6.82,6.8,6.81,2154.473,14667.34772
1667177400000,2022-10-31T00:50:00Z,6.81,6.81,6.79,6.8,2421.142,16457.91426
1667177700000,2022-10-31T00:55:00Z,6.8,6.82,6.8,6.8,1715.822,11684.29785
1667178000000,2022-10-31T01:00:00Z,6.8,6.82,6.8,6.81,3533.538,24085.86588
1667178300000,2022-10-31T01:05:00Z,6.81,6.81,6.8,6.81,535.764,3644.5952
1667178600000,2022-10-31T01:10:00Z,6.81,6.81,6.8,6.8,1701.74,11574.7891
1667178900000,2022-10-31T01:15:00Z,6.8,6.81,6.8,6.8,1366.084,9294.28028
1667179200000,2022-10-31T01:20:00Z,6.8,6.82,6.8,6.82,2236.248,15243.3304
1667179500000,2022-10-31T01:25:00Z,6.82,6.82,6.8,6.81,786.741,5356.39421
1667179800000,2022-10-31T01:30:00Z,6.81,6.81,6.8,6.8,815.207,5550.86815
1667180100000,2022-10-31T01:35:00Z,6.8,6.8,6.79,6.79,4380.814,29772.03885
1667180400000,2022-10-31T01:40:00Z,6.79,6.79,6.74,6.75,2369.89,16015.68274
1667180700000,2022-10-31T01:45:00Z,6.75,6.79,6.74,6.77,4502.144,30471.75513
1667181000000,2022-10-31T01:50:00Z,6.77,6.77,6.76,6.77,3926.359,26545.69742
1667181300000,2022-10-31T01:55:00Z,6.77,6.77,6.76,6.77,376.598,2549.43816
1667181600000,2022-10-31T02:00:00Z,6.77,6.8,6.77,6.78,996.087,6762.2992
1667181900000,2022-10-31T02:05:00Z,6.78,6.78,6.74,6.74,1041.291,7023.80626
1667182200000,2022-10-31T02:10:00Z,6.74,6.74,6.72,6.73,3192.759,21470.85209
1667182500000,2022-10-31T02:15:00Z,6.73,6.74,6.73,6.73,1834.022,12353.82061
1667182800000,2022-10-31T02:20:00Z,6.73,6.74,6.7,6.71,5112.343,34356.67035
1667183100000,2022-10-31T02:25:00Z,6.71,6.73,6.7,6.73,2651.886,17823.07809
1667183400000,2022-10-31T02:30:00Z,6.73,6.75,6.73,6.75,3380.918,22785.23382
1667183700000,2022-10-31T02:35:00Z,6.75,6.76,6.75,6.75,70.389,475.12964
1667184000000,2022-10-31T02:40:00Z,6.75,6.78,6.75,6.77,565.355,3827.21438
1667184300000,2022-10-31T02:45:00Z,6.77,6.77,6.77,6.77,577.658,3910.74466
1667184600000,2022-10-31T02:50:00Z,6.77,6.77,6.77,6.77,89.039,602.79403
1667184900000,2022-10-31T02:55:00Z,6.77,6.77,6.77,6.77,121.598,823.21846
1667185200000,2022-10-31T03:00:00Z,6.77,6.79,6.77,6.79,190.748,1294.59041
1667185500000,2022-10-31T03:05:00Z,6.79,6.8,6.79,6.8,2347.432,15946.53351
1667185800000,2022-10-31T03:10:00Z,6.8,6.81,6.8,6.81,272.202,1852.47574
1667186100000,2022-10-31T03:15:00Z,6.81,6.82,6.81,6.82,3059.682,20858.07017
1667186400000,2022-10-31T03:20:00Z,6.82,6.83,6.82,6.82,50.126,341.86321
1667186700000,2022-10-31T03:25:00Z,6.82,6.83,6.82,6.83,435.87,2976.9921
1667187000000,2022-10-31T03:30:00Z,6.83,6.83,6.81,6.83,1697.053,11565.6139
1667187300000,2022-10-31T03:35:00Z,6.83,6.85,6.83,6.85,644.124,4403.65737
1667187600000,2022-10-31T03:40:00Z,6.85,6.85,6.85,6.85,1492.281,10222.12485
1667187900000,2022-10-31T03:45:00Z,6.85,6.86,6.85,6.86,398.851,2734.19874
1667188200000,2022-10-31T03:50:00Z,6.86,6.87,6.86,6.86,2001.474,13738.06226
1667188500000,2022-10-31T03:55:00Z,6.86,6.86,6.86,6.86,116.146,796.76156
1667188800000,2022-10-31T04:00:00Z,6.86,6.88,6.86,6.88,703.515,4835.62431
1667189100000,2022-10-31T04:05:00Z,6.88,6.89,6.88,6.88,1144.197,7873.47536
1667189400000,2022-10-31T04:10:00Z,6.88,6.88,6.88,6.88,1613.515,11100.9832
1667189700000,2022-10-31T04:15:00Z,6.88,6.88,6.87,6.87,1430.252,9827.02404
1667190000000,2022-10-31T04:20:00Z,6.87,6.87,6.85,6.86,718.787,4932.8183
1667190300000,2022-10-31T04:25:00Z,6.86,6.87,6.86,6.86,477.318,3275.98843
1667190600000,2022-10-31T04:30:00Z,6.86,6.87,6.85,6.87,414.634,2846.13661
1667190900000,2022-10-31T04:35:00Z,6.87,6.89,6.87,6.89,147.87,1018.10032
1667191200000,2022-10-31T04:40:00Z,6.89,6.89,6.88,6.88,571.064,3931.46969
1667191500000,2022-10-31T04:45:00Z,6.88,6.89,6.87,6.88,3636.521,25019.86296
1667191800000,2022-10-31T04:50:00Z,6.88,6.9,6.88,6.88,508.999,3503.18765
1667192100000,2022-10-31T04:55:00Z,6.88,6.88,6.88,6.88,928.607,6388.81616
1667192400000,2022-10-31T05:00:00Z,6.88,6.88,6.88,6.88,305.961,2105.01168
1667192700000,2022-10-31T05:05:00Z,6.88,6.9,6.88,6.9,1468.503,10131.96292
1667193000000,2022-10-31T05:10:00Z,6.9,6.91,6.9,6.91,873.611,6035.95201
1667193300000,2022-10-31T05:15:00Z,6.91,6.91,6.91,6.91,1412.544,9760.67904
1667193600000,2022-10-31T05:20:00Z,6.91,6.91,6.89,6.89,1613.605,11120.18848
1667193900000,2022-10-31T05:25:00Z,6.89,6.9,6.89,6.9,773.173,5333.57988
1667194200000,2022-10-31T05:30:00Z,6.9,6.91,6.9,6.91,1449.137,10010.3677
1667194500000,2022-10-31T05:35:00Z,6.91,6.92,6.91,6.91,295.037,2040.01249
1667194800000,2022-10-31T05:40:00Z,6.91,6.91,6.9,6.9,320.97,2214.69689
1667195100000,2022-10-31T05:45:00Z,6.9,6.9,6.88,6.88,1387.921,9558.57846
1667195400000,2022-10-31T05:50:00Z,6.88,6.9,6.88,6.9,997.017,6866.56726
1667195700000,2022-10-31T05:55:00Z,6.9,6.9,6.89,6.9,187.754,1294.1026
1667196000000,2022-10-31T06:00:00Z,6.9,6.9,6.87,6.87,998.405,6881.92804
1667196300000,2022-10-31T06:05:00Z,6.87,6.87,6.86,6.86,271.33,1863.26448
1667196600000,2022-10-31T06:10:00Z,6.86,6.86,6.84,6.85,2198.157,15051.60824
1667196900000,2022-10-31T06:15:00Z,6.85,6.86,6.84,6.84,189.695,1299.15134
1667197200000,2022-10-31T06:20:00Z,6.84,6.84,6.83,6.84,1182.639,8081.04641
1667197500000,2022-10-31T06:25:00Z,6.84,6.85,6.84,6.84,140.389,960.96076
1667197800000,2022-10-31T06:30:00Z,6.84,6.84,6.81,6.83,2512.367,17143.86177
1667198100000,2022-10-31T06:35:00Z,6.83,6.85,6.83,6.84,2650.182,18123.63261
1667198400000,2022-10-31T06:40:00Z,6.84,6.86,6.84,6.86,403.221,2760.97694
1667198700000,2022-10-31T06:45:00Z,6.86,6.86,6.86,6.86,735.336,5044.40496
1667199000000,2022-10-31T06:50:00Z,6.86,6.87,6.86,6.87,1367.95,9397.81261
1667199300000,2022-10-31T06:55:00Z,6.87,6.92,6.87,6.91,1183.723,8168.69415
1667199600000,2022-10-31T07:00:00Z,6.91,6.91,6.87,6.87,1205.965,8313.45244
1667199900000,2022-10-31T07:05:00Z,6.87,6.87,6.87,6.87,578.342,3973.20954
1667200200000,2022-10-31T07:10:00Z,6.87,6.87,6.86,6.86,217.263,1491.12418
1667200500000,2022-10-31T07:15:00Z,6.86,6.86,6.84,6.85,618.482,4235.41619
1667200800000,2022-10-31T07:20:00Z,6.85,6.86,6.85,6.85,847.836,5812.58536
1667201100000,2022-10-31T07:25:00Z,6.85,6.86,6.85,6.85,1190.552,8157.81861
1667201400000,2022-10-31T07:30:00Z,6.85,6.87,6.85,6.87,2035.428,13966.79305
1667201700000,2022-10-31T07:35:00Z,6.87,6.88,6.87,6.87,993.568,6832.22123
1667202000000,2022-10-31T07:40:00Z,6.87,6.88,6.87,6.87,2109.093,14491.16464
1667202300000,2022-10-31T07:45:00Z,6.87,6.88,6.87,6.87,2468.55,16961.50802
1667202600000,2022-10-31T07:50:00Z,6.87,6.88,6.87,6.88,668.668,4599.82951
1667202900000,2022-10-31T07:55:00Z,6.88,6.9,6.88,6.9,385.314,2656.96694
1667203200000,2022-10-31T08:00:00Z,6.9,6.9,6.85,6.85,1917.733,13180.27644
1667203500000,2022-10-31T08:05:00Z,6.85,6.85,6.81,6.83,4415.092,30149.33459
1667203800000,2022-10-31T08:10:00Z,6.83,6.85,6.82,6.82,1600.717,10934.83636
1667204100000,2022-10-31T08:15:00Z,6.82,6.83,6.81,6.83,1113.322,7596.13206
1667204400000,2022-10-31T08:20:00Z,6.83,6.84,6.83,6.84,957.334,6538.64237
1667204700000,2022-10-31T08:25:00Z,6.84,6.87,6.84,6.85,4722.159,32381.99242
1667205000000,2022-10-31T08:30:00Z,6.85,6.85,6.83,6.83,1485.801,10150.83646
1667205300000,2022-10-31T08:35:00Z,6.83,6.84,6.82,6.84,3682.044,25151.07198
1667205600000,2022-10-31T08:40:00Z,6.84,6.84,6.84,6.84,1355.2,9269.568
1667205900000,2022-10-31T08:45:00Z,6.84,6.85,6.83,6.84,451.098,3085.29879
1667206200000,2022-10-31T08:50:00Z,6.84,6.85,6.83,6.83,1204.854,8239.10136
1667206500000,2022-10-31T08:55:00Z,6.83,6.84,6.83,6.83,534.939,3656.87474
1667206800000,2022-10-31T09:00:00Z,6.83,6.84,6.83,6.83,3949.954,27000.00796
1667207100000,2022-10-31T09:05:00Z,6.83,6.83,6.82,6.83,541.614,3697.38894
1667207400000,2022-10-31T09:10:00Z,6.83,6.84,6.83,6.84,740.016,5054.33754
1667207700000,2022-10-31T09:15:00Z,6.84,6.87,6.84,6.87,1392.152,9546.69537
1667208000000,2022-10-31T09:20:00Z,6.87,6.89,6.87,6.88,1101.192,7575.3654
1667208300000,2022-10-31T09:25:00Z,6.88,6.89,6.87,6.88,1688.666,11621.79343
1667208600000,2022-10-31T09:30:00Z,6.88,6.92,6.88,6.91,2470.751,17059.30395
1667208900000,2022-10-31T09:35:00Z,6.91,6.93,6.91,6.93,4455.449,30837.08417
1667209200000,2022-10-31T09:40:00Z,6.93,6.97,6.93,6.97,4960.539,34502.3017
1667209500000,2022-10-31T09:45:00Z,6.97,7.01,6.97,7.01,6946.589,48516.92163
1667209800000,2022-10-31T09:50:00Z,7.01,7.02,6.99,7.02,4204.855,29447.39397
1667210100000,2022-10-31T09:55:00Z,7.02,7.06,7.02,7.05,5211.517,36683.66195
1667210400000,2022-10-31T10:00:00Z,7.05,7.06,7.02,7.06,19822.253,139630.13622
1667210700000,2022-10-31T10:05:00Z,7.06,7.1,7.04,7.07,4262.961,30175.92647
1667211000000,2022-10-31T10:10:00Z,7.07,7.08,7.04,7.04,2761.778,19492.94912
1667211300000,2022-10-31T10:15:00Z,7.04,7.07,7.03,7.03,3581.224,25278.93864
1667211600000,2022-10-31T10:20:00Z,7.03,7.04,7.01,7.04,3509.549,24637.93888
1667211900000,2022-10-31T10:25:00Z,7.04,7.04,7.02,7.03,3581.602,25197.71722
1667212200000,2022-10-31T10:30:00Z,7.03,7.03,7.02,7.03,2211.301,15529.58941
1667212500000,2022-10-31T10:35:00Z,7.03,7.04,7.02,7.02,3622.388,25453.95808
1667212800000,2022-10-31T10:40:00Z,7.02,7.02,7,7.01,5512.906,38675.06067
1667213100000,2022-10-31T10:45:00Z,7.01,7.01,7,7.01,1517.808,10639.01376
1667213400000,2022-10-31T10:50:00Z,7.01,7.01,7,7.01,614.224,4302.00692
1667213700000,2022-10-31T10:55:00Z,7.01,7.05,7.01,7.05,2122.145,14936.4858
1667214000000,2022-10-31T11:00:00Z,7.05,7.05,7.04,7.04,1869.892,13182.0386
1667214300000,2022-10-31T11:05:00Z,7.04,7.09,7.04,7.09,2386.495,16877.16097
1667214600000,2022-10-31T11:10:00Z,7.09,7.1,7.09,7.09,1363.407,9669.51693
1667214900000,2022-10-31T11:15:00Z,7.09,7.1,7.09,7.09,1354.394,9610.70071
1667215200000,2022-10-31T11:20:00Z,7.09,7.09,7.04,7.06,2447.554,17275.40523
1667215500000,2022-10-31T11:25:00Z,7.06,7.07,7.05,7.05,2746.081,19402.14273
1667215800000,2022-10-31T11:30:00Z,7.05,7.06,7.05,7.06,2425.901,17121.82277
1667216100000,2022-10-31T11:35:00Z,7.06,7.08,7.06,7.08,362.036,2561.81789
1667216400000,2022-10-31T11:40:00Z,7.08,7.09,7.07,7.09,607.78,4302.88998
1667216700000,2022-10-31T11:45:00Z,7.09,7.09,7.09,7.09,1152.394,8170.47346
1667217000000,2022-10-31T11:50:00Z,7.09,7.09,7.06,7.06,1847.398,13049.75478
1667217300000,2022-10-31T11:55:00Z,7.06,7.08,7.06,7.08,1003.848,7105.27807
1667217600000,2022-10-31T12:00:00Z,7.08,7.09,7.06,7.06,1405.755,9929.02559
1667217900000,2022-10-31T12:05:00Z,7.06,7.06,7.05,7.06,2373.721,16735.43304
1667218200000,2022-10-31T12:10:00Z,7.06,7.07,7.05,7.05,2304.035,16255.49054
1667218500000,2022-10-31T12:15:00Z,7.05,7.06,7.04,7.06,3820.069,26949.43563
1667218800000,2022-10-31T12:20:00Z,7.06,7.06,7.05,7.05,834.189,5888.64175
1667219100000,2022-10-31T12:25:00Z,7.05,7.07,7.05,7.07,918.458,6493.49417
1667219400000,2022-10-31T12:30:00Z,7.07,7.11,7.07,7.11,2219.614,15749.25045
1667219700000,2022-10-31T12:35:00Z,7.11,7.11,7.07,7.07,3939.425,27924.99643
1667220000000,2022-10-31T12:40:00Z,7.07,7.08,7.06,7.08,147.972,1046.13691
1667220300000,2022-10-31T12:45:00Z,7.08,7.08,7.06,7.06,629.925,4453.90533
1667220600000,2022-10-31T12:50:00Z,7.06,7.06,7.05,7.05,1015.051,7164.77312
1667220900000,2022-10-31T12:55:00Z,7.05,7.05,7.03,7.04,785.798,5533.31054
1667221200000,2022-10-31T13:00:00Z,7.04,7.09,7.04,7.09,2393.055,16900.46907
1667221500000,2022-10-31T13:05:00Z,7.09,7.1,7.08,7.1,3603.619,25555.69029
1667221800000,2022-10-31T13:10:00Z,7.1,7.12,7.1,7.1,4011.241,28509.68423
1667222100000,2022-10-31T13:15:00Z,7.1,7.1,7.08,7.08,616.303,4369.02524
1667222400000,2022-10-31T13:20:00Z,7.08,7.09,7.08,7.09,2424.706,17182.82128
1667222700000,2022-10-31T13:25:00Z,7.09,7.1,7.06,7.06,1519.167,10759.05554
1667223000000,2022-10-31T13:30:00Z,7.06,7.08,7.03,7.05,4139.146,29177.3106
1667223300000,2022-10-31T13:35:00Z,7.05,7.07,7.04,7.04,6608.223,46555.70441
1667223600000,2022-10-31T13:40:00Z,7.04,7.05,7.03,7.05,6995.723,49220.78996
1667223900000,2022-10-31T13:45:00Z,7.05,7.06,7.01,7.02,9527.458,66998.61688
1667224200000,2022-10-31T13:50:00Z,7.02,7.02,6.98,6.98,9152.39,64120.81222
1667224500000,2022-10-31T13:55:00Z,6.98,6.98,6.83,6.83,11830.463,81698.13162
1667224800000,2022-10-31T14:00:00Z,6.83,6.89,6.82,6.86,4828.42,33120.03606
1667225100000,2022-10-31T14:05:00Z,6.86,6.87,6.84,6.84,2825.097,19361.88944
1667225400000,2022-10-31T14:10:00Z,6.84,6.86,6.83,6.85,3532.506,24183.00881
1667225700000,2022-10-31T14:15:00Z,6.85,6.92,6.85,6.92,6876.616,47356.8068
1667226000000,2022-10-31T14:20:00Z,6.92,6.92,6.87,6.87,2660.666,18333.08406
1667226300000,2022-10-31T14:25:00Z,6.87,6.87,6.85,6.87,2215.274,15199.80795
1667226600000,2022-10-31T14:30:00Z,6.87,6.88,6.83,6.83,6175.351,42309.22379
1667226900000,2022-10-31T14:35:00Z,6.83,6.83,6.8,6.82,4143.222,28221.51748
1667227200000,2022-10-31T14:40:00Z,6.82,6.89,6.82,6.89,1847.061,12674.44993
1667227500000,2022-10-31T14:45:00Z,6.89,6.89,6.86,6.86,1837.186,12621.20448
1667227800000,2022-10-31T14:50:00Z,6.86,6.86,6.84,6.85,1248.673,8555.78509
1667228100000,2022-10-31T14:55:00Z,6.85,6.86,6.84,6.85,801.113,5489.05222
1667228400000,2022-10-31T15:00:00Z,6.85,6.86,6.85,6.86,650.673,4460.40761
1667228700000,2022-10-31T15:05:00Z,6.86,6.86,6.83,6.86,2144.282,14681.17228
1667229000000,2022-10-31T15:10:00Z,6.86,6.88,6.86,6.86,1119.537,7691.23492
1667229300000,2022-10-31T15:15:00Z,6.86,6.88,6.86,6.88,281.627,1935.03743
1667229600000,2022-10-31T15:20:00Z,6.88,6.88,6.86,6.88,731.471,5023.64877
1667229900000,2022-10-31T15:25:00Z,6.88,6.91,6.88,6.9,2808.463,19388.3453
1667230200000,2022-10-31T15:30:00Z,6.9,6.9,6.89,6.89,1007.972,6945.6909
1667230500000,2022-10-31T15:35:00Z,6.89,6.89,6.87,6.87,1055.177,7260.29483
1667230800000,2022-10-31T15:40:00Z,6.87,6.87,6.86,6.87,1878.998,12906.43601
1667231100000,2022-10-31T15:45:00Z,6.87,6.88,6.87,6.88,457.173,3144.65024
1667231400000,2022-10-31T15:50:00Z,6.88,6.93,6.87,6.93,1344.356,9294.80791
1667231700000,2022-10-31T15:55:00Z,6.93,6.93,6.89,6.9,2045.472,14119.11805
1667232000000,2022-10-31T16:00:00Z,6.9,6.91,6.89,6.91,1426.716,9848.4278
1667232300000,2022-10-31T16:05:00Z,6.91,6.93,6.89,6.89,1588.937,10984.62664
1667232600000,2022-10-31T16:10:00Z,6.89,6.91,6.88,6.91,1505.54,10379.79288
1667232900000,2022-10-31T16:15:00Z,6.91,6.96,6.91,6.96,1973.116,13702.85044
1667233200000,2022-10-31T16:20:00Z,6.96,6.99,6.96,6.97,1862.398,12993.54019
1667233500000,2022-10-31T16:25:00Z,6.97,6.98,6.93,6.93,3187.044,22131.36267
1667233800000,2022-10-31T16:30:00Z,6.93,6.93,6.89,6.89,1549.994,10713.74528
1667234100000,2022-10-31T16:35:00Z,6.89,6.91,6.89,6.9,1280.954,8840.81252
1667234400000,2022-10-31T16:40:00Z,6.9,6.9,6.86,6.87,2631.751,18084.71607
1667234700000,2022-10-31T16:45:00Z,6.87,6.9,6.86,6.9,1036.443,7129.26778
1667235000000,2022-10-31T16:50:00Z,6.9,6.9,6.89,6.89,396.626,2732.75314
1667235300000,2022-10-31T16:55:00Z,6.89,6.9,6.89,6.9,849.441,5860.34549
1667235600000,2022-10-31T17:00:00Z,6.9,6.92,6.89,6.9,1106.032,7632.70079
1667235900000,2022-10-31T17:05:00Z,6.9,6.9,6.88,6.9,1814.988,12504.67933
1667236200000,2022-10-31T17:10:00Z,6.9,6.9,6.88,6.89,2906.034,20017.84479
1667236500000,2022-10-31T17:15:00Z,6.89,6.92,6.89,6.92,1050.771,7260.27727
1667236800000,2022-10-31T17:20:00Z,6.92,6.93,6.92,6.93,569.781,3944.36536
1667237100000,2022-10-31T17:25:00Z,6.93,6.93,6.91,6.92,1724.485,11917.50267
1667237400000,2022-10-31T17:30:00Z,6.92,6.92,6.92,6.92,717.162,4962.76104
1667237700000,2022-10-31T17:35:00Z,6.92,6.92,6.91,6.91,404.433,2797.82499
1667238000000,2022-10-31T17:40:00Z,6.91,6.91,6.9,6.9,444.612,3067.8228
1667238300000,2022-10-31T17:45:00Z,6.9,6.9,6.88,6.88,210.361,1447.3279
1667238600000,2022-10-31T17:50:00Z,6.88,6.89,6.87,6.87,2480.124,17052.90949
1667238900000,2022-10-31T17:55:00Z,6.87,6.88,6.87,6.88,443.874,3053.15313
1667239200000,2022-10-31T18:00:00Z,6.88,6.9,6.88,6.9,488.086,3364.9934
1667239500000,2022-10-31T18:05:00Z,6.9,6.91,6.9,6.9,209.16,1443.28258
1667239800000,2022-10-31T18:10:00Z,6.9,6.91,6.9,6.91,418.861,2891.54812
1667240100000,2022-10-31T18:15:00Z,6.91,6.91,6.91,6.91,140,967.4
1667240400000,2022-10-31T18:20:00Z,6.91,6.92,6.9,6.9,1562.51,10802.15788
1667240700000,2022-10-31T18:25:00Z,6.9,6.92,6.9,6.9,1761.282,12174.28844
1667241000000,2022-10-31T18:30:00Z,6.9,6.93,6.89,6.91,2224.849,15373.2899
1667241300000,2022-10-31T18:35:00Z,6.91,6.94,6.91,6.94,1209.399,8374.57081
1667241600000,2022-10-31T18:40:00Z,6.94,6.95,6.94,6.95,965.389,6705.46086
1667241900000,2022-10-31T18:45:00Z,6.95,6.96,6.94,6.94,1278.46,8880.82983
1667242200000,2022-10-31T18:50:00Z,6.94,6.97,6.94,6.97,803.072,5585.3446
1667242500000,2022-10-31T18:55:00Z,6.97,6.98,6.97,6.98,1177.185,8215.3513
1667242800000,2022-10-31T19:00:00Z,6.98,6.98,6.93,6.93,1922.776,13345.09509
1667243100000,2022-10-31T19:05:00Z,6.93,6.93,6.91,6.91,698.246,4835.04682
1667243400000,2022-10-31T19:10:00Z,6.91,6.91,6.9,6.9,2104.795,14525.40053
1667243700000,2022-10-31T19:15:00Z,6.9,6.9,6.89,6.89,1423.341,9807.13035
1667244000000,2022-10-31T19:20:00Z,6.89,6.89,6.88,6.88,724.401,4990.40559
1667244300000,2022-10-31T19:25:00Z,6.88,6.88,6.88,6.88,435.237,2994.43056
1667244600000,2022-10-31T19:30:00Z,6.88,6.91,6.88,6.91,786.922,5432.6611
1667244900000,2022-10-31T19:35:00Z,6.91,6.92,6.91,6.91,433.505,2995.52344
1667245200000,2022-10-31T19:40:00Z,6.91,6.92,6.91,6.92,333.954,2310.96168
1667245500000,2022-10-31T19:45:00Z,6.92,6.92,6.91,6.91,873.41,6043.40476
1667245800000,2022-10-31T19:50:00Z,6.91,6.91,6.9,6.91,1701.023,11743.22663
1667246100000,2022-10-31T19:55:00Z,6.91,6.91,6.89,6.89,673.303,4642.02905
1667246400000,2022-10-31T20:00:00Z,6.89,6.91,6.89,6.89,3131.573,21590.67364
1667246700000,2022-10-31T20:05:00Z,6.89,6.91,6.89,6.91,496.122,3424.52518
1667247000000,2022-10-31T20:10:00Z,6.91,6.92,6.9,6.9,385.948,2663.04898
1667247300000,2022-10-31T20:15:00Z,6.9,6.9,6.89,6.89,4.32,29.7648
1667247600000,2022-10-31T20:20:00Z,6.89,6.9,6.88,6.9,259.543,1789.43892
1667247900000,2022-10-31T20:25:00Z,6.9,6.9,6.89,6.89,840.921,5801.63773
1667248200000,2022-10-31T20:30:00Z,6.89,6.91,6.89,6.91,213.295,1471.75847
1667248500000,2022-10-31T20:35:00Z,6.91,6.91,6.91,6.91,491.446,3395.89186
1667248800000,2022-10-31T20:40:00Z,6.91,6.92,6.91,6.92,70.87,490.4204
1667249100000,2022-10-31T20:45:00Z,6.92,6.94,6.92,6.94,1530.407,10605.56222
1667249400000,2022-10-31T20:50:00Z,6.94,6.94,6.92,6.92,315.13,2183.1509
1667249700000,2022-10-31T20:55:00Z,6.92,6.92,6.89,6.89,1002.398,6923.74802
1667250000000,2022-10-31T21:00:00Z,6.89,6.9,6.89,6.9,210,1448.3
1667250300000,2022-10-31T21:05:00Z,6.9,6.9,6.89,6.89,265.786,1831.26554
1667250600000,2022-10-31T21:10:00Z,6.89,6.89,6.87,6.87,804.075,5529.20872
1667250900000,2022-10-31T21:15:00Z,6.87,6.87,6.86,6.86,583.782,4004.76489
1667251200000,2022-10-31T21:20:00Z,6.86,6.86,6.85,6.85,466.502,3195.5387
1667251500000,2022-10-31T21:25:00Z,6.85,6.86,6.85,6.86,276.924,1899.69864
1667251800000,2022-10-31T21:30:00Z,6.86,6.87,6.86,6.87,60.3,414.14134
1667252100000,2022-10-31T21:35:00Z,6.87,6.87,6.85,6.86,50.602,347.12583
1667252400000,2022-10-31T21:40:00Z,6.86,6.87,6.85,6.87,367.153,2515.77833
1667252700000,2022-10-31T21:45:00Z,6.87,6.87,6.85,6.85,0.389,2.66465
1667253000000,2022-10-31T21:50:00Z,6.85,6.85,6.84,6.84,1098.421,7515.59982
1667253300000,2022-10-31T21:55:00Z,6.84,6.87,6.84,6.87,85.928,589.872
1667253600000,2022-10-31T22:00:00Z,6.87,6.88,6.84,6.85,1318.31,9043.13196
1667253900000,2022-10-31T22:05:00Z,6.85,6.87,6.85,6.86,236.351,1622.1286
1667254200000,2022-10-31T22:10:00Z,6.86,6.89,6.85,6.89,382.877,2631.33199
1667254500000,2022-10-31T22:15:00Z,6.89,6.93,6.89,6.92,2253.517,15580.55605
1667254800000,2022-10-31T22:20:00Z,6.92,6.96,6.92,6.96,4136.504,28725.03641
1667255100000,2022-10-31T22:25:00Z,6.96,6.96,6.93,6.93,884.368,6140.87081
1667255400000,2022-10-31T22:30:00Z,6.93,6.94,6.92,6.92,1101.704,7632.39528
1667255700000,2022-10-31T22:35:00Z,6.92,6.93,6.9,6.93,939.919,6499.89363
1667256000000,2022-10-31T22:40:00Z,6.93,6.93,6.92,6.93,1104.498,7649.45807
1667256300000,2022-10-31T22:45:00Z,6.93,6.93,6.92,6.93,346.733,2401.12676
1667256600000,2022-10-31T22:50:00Z,6.93,6.94,6.93,6.94,1110.671,7703.13037
1667256900000,2022-10-31T22:55:00Z,6.94,6.95,6.94,6.94,925.804,6426.86295
1667257200000,2022-10-31T23:00:00Z,6.94,6.94,6.93,6.93,643.829,4467.77987
1667257500000,2022-10-31T23:05:00Z,6.93,6.93,6.93,6.93,195.578,1355.35554
1667257800000,2022-10-31T23:10:00Z,6.93,6.93,6.92,6.92,392.136,2717.0874
1667258100000,2022-10-31T23:15:00Z,6.92,6.94,6.92,6.94,759.849,5263.73806
1667258400000,2022-10-31T23:20:00Z,6.94,6.94,6.92,6.92,489.999,3396.39306
1667258700000,2022-10-31T23:25:00Z,6.92,6.93,6.92,6.92,329.462,2280.05709
1667259000000,2022-10-31T23:30:00Z,6.92,6.93,6.92,6.93,210,1453.9
1667259300000,2022-10-31T23:35:00Z,6.93,6.97,6.93,6.95,1071.78,7457.14583
1667259600000,2022-10-31T23:40:00Z,6.95,6.97,6.95,6.97,266.735,1855.26371
1667259900000,2022-10-31T23:45:00Z,6.97,6.99,6.96,6.99,1962.678,13689.04055
1667260200000,2022-10-31T23:50:00Z,6.99,6.99,6.97,6.99,1068.816,7460.11358
1667260500000,2022-10-31T23:55:00Z,6.99,6.99,6.96,6.96,575.143,4005.92379
