timestamp_ms,datetime_utc,open,high,low,close,volume,turnover
1696118400000,2023-10-01T00:00:00Z,0.000000206,0.0000002062,0.000000206,0.000000206,121684650.4,25.0747471594
1696118700000,2023-10-01T00:05:00Z,0.000000206,0.0000002061,0.000000206,0.0000002061,382338154.6,78.79989366306
1696119000000,2023-10-01T00:10:00Z,0.0000002061,0.0000002061,0.0000002059,0.0000002059,406257611.8,83.64844226962
1696119300000,2023-10-01T00:15:00Z,0.0000002059,0.0000002059,0.0000002059,0.0000002059,151174485,31.1268264615
1696119600000,2023-10-01T00:20:00Z,0.0000002059,0.0000002059,0.0000002057,0.0000002057,377451620,77.6599219591
1696119900000,2023-10-01T00:25:00Z,0.0000002057,0.0000002057,0.0000002057,0.0000002057,244673797,50.3294000429
1696120200000,2023-10-01T00:30:00Z,0.0000002057,0.0000002057,0.0000002057,0.0000002057,0,0
1696120500000,2023-10-01T00:35:00Z,0.0000002057,0.0000002065,0.0000002057,0.0000002065,703781528.4,145.14053311177
1696120800000,2023-10-01T00:40:00Z,0.0000002065,0.0000002065,0.0000002062,0.0000002062,207700390,42.827820418
1696121100000,2023-10-01T00:45:00Z,0.0000002062,0.0000002062,0.0000002058,0.0000002058,79066423,16.2718698534
1696121400000,2023-10-01T00:50:00Z,0.0000002058,0.0000002059,0.0000002058,0.0000002059,49950515,10.2848110385
1696121700000,2023-10-01T00:55:00Z,0.0000002059,0.0000002061,0.0000002059,0.0000002061,448235281,92.3812914141
1696122000000,2023-10-01T01:00:00Z,0.0000002061,0.0000002061,0.0000002061,0.0000002061,93014335,19.1702544435
1696122300000,2023-10-01T01:05:00Z,0.0000002061,0.0000002061,0.0000002061,0.0000002061,370861583,76.4345722563
1696122600000,2023-10-01T01:10:00Z,0.0000002061,0.0000002061,0.0000002061,0.0000002061,35831339,7.3848389679
1696122900000,2023-10-01T01:15:00Z,0.0000002061,0.0000002061,0.000000206,0.000000206,60596641,12.482908046
1696123200000,2023-10-01T01:20:00Z,0.000000206,0.000000206,0.0000002058,0.0000002058,1303638786.2,268.33512831635
1696123500000,2023-10-01T01:25:00Z,0.0000002058,0.0000002065,0.0000002058,0.0000002065,2447936113.1,505.44126548691
1696123800000,2023-10-01T01:30:00Z,0.0000002065,0.0000002065,0.0000002065,0.0000002065,0,0
1696124100000,2023-10-01T01:35:00Z,0.0000002065,0.0000002069,0.0000002065,0.0000002069,249134282,51.5458829458
1696124400000,2023-10-01T01:40:00Z,0.0000002069,0.0000002069,0.0000002066,0.0000002069,441802116.9,91.30701573981
1696124700000,2023-10-01T01:45:00Z,0.0000002069,0.0000002078,0.0000002069,0.0000002078,124555987,25.8827340986
1696125000000,2023-10-01T01:50:00Z,0.0000002078,0.0000002078,0.0000002078,0.0000002078,0,0
1696125300000,2023-10-01T01:55:00Z,0.0000002078,0.0000002078,0.0000002078,0.0000002078,0,0
1696125600000,2023-10-01T02:00:00Z,0.0000002078,0.0000002078,0.0000002078,0.0000002078,0,0
1696125900000,2023-10-01T02:05:00Z,0.0000002078,0.0000002078,0.0000002078,0.0000002078,0,0
1696126200000,2023-10-01T02:10:00Z,0.0000002078,0.0000002085,0.0000002078,0.0000002083,530298060.3,110.47647772528
1696126500000,2023-10-01T02:15:00Z,0.0000002083,0.0000002083,0.0000002082,0.0000002082,5523807,1.1500566174
1696126800000,2023-10-01T02:20:00Z,0.0000002082,0.0000002096,0.0000002082,0.0000002096,414111938,86.69088558683
1696127100000,2023-10-01T02:25:00Z,0.0000002096,0.0000002096,0.000000209,0.0000002091,2013316086,420.84560696019
1696127400000,2023-10-01T02:30:00Z,0.0000002091,0.0000002091,0.000000209,0.0000002091,182648937,38.18588599202
1696127700000,2023-10-01T02:35:00Z,0.0000002091,0.0000002099,0.0000002091,0.0000002099,901436441.2,188.87080592421
1696128000000,2023-10-01T02:40:00Z,0.0000002099,0.0000002099,0.0000002098,0.0000002098,80303486.3,16.84767142574
1696128300000,2023-10-01T02:45:00Z,0.0000002098,0.0000002102,0.0000002098,0.0000002102,391541712,82.22503633849
1696128600000,2023-10-01T02:50:00Z,0.0000002102,0.0000002127,0.0000002102,0.0000002127,743988437.5,157.73331326951
1696128900000,2023-10-01T02:55:00Z,0.0000002127,0.000000213,0.0000002121,0.0000002121,7371666365.8,1566.31203327988
1696129200000,2023-10-01T03:00:00Z,0.0000002121,0.0000002121,0.0000002121,0.0000002121,69170429,14.6710479909
1696129500000,2023-10-01T03:05:00Z,0.0000002121,0.0000002121,0.0000002121,0.0000002121,0,0
1696129800000,2023-10-01T03:10:00Z,0.0000002121,0.0000002121,0.0000002107,0.0000002107,2800383831.7,590.70452738017
1696130100000,2023-10-01T03:15:00Z,0.0000002107,0.000000212,0.0000002107,0.000000212,276275823.1,58.54255990715
1696130400000,2023-10-01T03:20:00Z,0.000000212,0.0000002121,0.0000002117,0.0000002117,398393481.7,84.4577271386
1696130700000,2023-10-01T03:25:00Z,0.0000002117,0.0000002117,0.0000002113,0.0000002117,3639909675,769.14428740382
1696131000000,2023-10-01T03:30:00Z,0.0000002117,0.0000002126,0.0000002117,0.000000212,2187401864.9,463.68722037198
1696131300000,2023-10-01T03:35:00Z,0.000000212,0.000000212,0.0000002114,0.0000002114,396700157.5,83.8624132955
1696131600000,2023-10-01T03:40:00Z,0.0000002114,0.0000002114,0.0000002109,0.0000002109,306983883,64.773599313
1696131900000,2023-10-01T03:45:00Z,0.0000002109,0.0000002109,0.0000002109,0.0000002109,0,0
1696132200000,2023-10-01T03:50:00Z,0.0000002109,0.0000002109,0.00000021,0.0000002101,129782194.5,27.26625721746
1696132500000,2023-10-01T03:55:00Z,0.0000002101,0.0000002101,0.0000002097,0.0000002097,1559268000,327.02655178558
1696132800000,2023-10-01T04:00:00Z,0.0000002097,0.0000002105,0.0000002097,0.0000002105,682280495,143.38520556384
1696133100000,2023-10-01T04:05:00Z,0.0000002105,0.0000002105,0.0000002105,0.0000002105,0,0
1696133400000,2023-10-01T04:10:00Z,0.0000002105,0.000000211,0.0000002105,0.0000002109,53033763.9,11.1861161727
1696133700000,2023-10-01T04:15:00Z,0.0000002109,0.000000211,0.0000002109,0.000000211,12487287.1,2.6348175781
1696134000000,2023-10-01T04:20:00Z,0.000000211,0.000000211,0.000000211,0.000000211,0,0
1696134300000,2023-10-01T04:25:00Z,0.000000211,0.000000211,0.0000002108,0.0000002108,10874652,2.2923766416
1696134600000,2023-10-01T04:30:00Z,0.0000002108,0.0000002108,0.0000002108,0.0000002108,0,0
1696134900000,2023-10-01T04:35:00Z,0.0000002108,0.0000002108,0.0000002108,0.0000002108,0,0
1696135200000,2023-10-01T04:40:00Z,0.0000002108,0.0000002108,0.0000002108,0.0000002108,0,0
1696135500000,2023-10-01T04:45:00Z,0.0000002108,0.0000002108,0.0000002104,0.0000002104,104334231,21.9519222024
1696135800000,2023-10-01T04:50:00Z,0.0000002104,0.0000002104,0.0000002104,0.0000002104,0,0
1696136100000,2023-10-01T04:55:00Z,0.0000002104,0.0000002105,0.0000002104,0.0000002105,101772919,21.4231994495
1696136400000,2023-10-01T05:00:00Z,0.0000002105,0.0000002105,0.0000002099,0.0000002099,102310917.8,21.47506164622
1696136700000,2023-10-01T05:05:00Z,0.0000002099,0.0000002099,0.0000002087,0.0000002087,408758218.3,85.45189408045
1696137000000,2023-10-01T05:10:00Z,0.0000002087,0.0000002088,0.0000002085,0.0000002085,352385368,73.502349228
1696137300000,2023-10-01T05:15:00Z,0.0000002085,0.0000002085,0.0000002084,0.0000002084,248646572,51.8179456048
1696137600000,2023-10-01T05:20:00Z,0.0000002084,0.0000002085,0.0000002084,0.0000002085,211028929,43.9995316965
1696137900000,2023-10-01T05:25:00Z,0.0000002085,0.0000002085,0.0000002084,0.0000002084,310857812,64.7993502289
1696138200000,2023-10-01T05:30:00Z,0.0000002084,0.0000002084,0.0000002082,0.0000002082,55422112,11.5434036533
1696138500000,2023-10-01T05:35:00Z,0.0000002082,0.0000002082,0.0000002029,0.0000002052,19966344458.5,4067.91759641198
1696138800000,2023-10-01T05:40:00Z,0.0000002052,0.0000002052,0.000000204,0.000000204,898701892.9,183.43143111943
1696139100000,2023-10-01T05:45:00Z,0.000000204,0.000000205,0.000000204,0.000000205,114523249,23.477266045
1696139400000,2023-10-01T05:50:00Z,0.000000205,0.0000002055,0.000000205,0.0000002055,399159367.9,81.95485962853
1696139700000,2023-10-01T05:55:00Z,0.0000002055,0.0000002055,0.0000002054,0.0000002054,286690961.6,58.88632351264
1696140000000,2023-10-01T06:00:00Z,0.0000002054,0.0000002057,0.0000002053,0.0000002056,1046342322.7,215.18343178038
1696140300000,2023-10-01T06:05:00Z,0.0000002056,0.0000002069,0.0000002056,0.0000002069,3895724063.5,802.57003607749
1696140600000,2023-10-01T06:10:00Z,0.0000002069,0.000000207,0.0000002069,0.000000207,193903147,40.137951429
1696140900000,2023-10-01T06:15:00Z,0.000000207,0.0000002071,0.000000207,0.0000002071,340343803,70.4852016013
1696141200000,2023-10-01T06:20:00Z,0.0000002071,0.0000002071,0.0000002071,0.0000002071,94767033,19.6262525343
1696141500000,2023-10-01T06:25:00Z,0.0000002071,0.0000002071,0.0000002071,0.0000002071,0,0
1696141800000,2023-10-01T06:30:00Z,0.0000002071,0.0000002072,0.0000002071,0.0000002072,102327960.8,21.20235347776
1696142100000,2023-10-01T06:35:00Z,0.0000002072,0.0000002075,0.0000002072,0.0000002075,6353855.5,1.31842501625
1696142400000,2023-10-01T06:40:00Z,0.0000002075,0.0000002076,0.0000002075,0.0000002076,35232870,7.314343812
1696142700000,2023-10-01T06:45:00Z,0.0000002076,0.0000002078,0.0000002076,0.0000002078,432818290,89.8881757228
1696143000000,2023-10-01T06:50:00Z,0.0000002078,0.0000002078,0.0000002078,0.0000002078,259187449,53.8591519022
1696143300000,2023-10-01T06:55:00Z,0.0000002078,0.0000002078,0.0000002076,0.0000002076,598403106,124.279385688
1696143600000,2023-10-01T07:00:00Z,0.0000002076,0.0000002076,0.0000002073,0.0000002073,180903827.8,37.52182602526
1696143900000,2023-10-01T07:05:00Z,0.0000002073,0.0000002074,0.0000002073,0.0000002074,49015084.6,10.16335487158
1696144200000,2023-10-01T07:10:00Z,0.0000002074,0.0000002075,0.0000002074,0.0000002075,161099684,33.42818443
1696144500000,2023-10-01T07:15:00Z,0.0000002075,0.0000002077,0.0000002072,0.0000002077,403793363.4,83.83133991652
1696144800000,2023-10-01T07:20:00Z,0.0000002077,0.0000002106,0.0000002077,0.0000002097,6567961561.3,1372.14519717623
1696145100000,2023-10-01T07:25:00Z,0.0000002097,0.0000002097,0.0000002095,0.0000002096,1244536487.7,260.8433491873
1696145400000,2023-10-01T07:30:00Z,0.0000002096,0.0000002096,0.0000002094,0.0000002094,384851349.1,80.59597250154
1696145700000,2023-10-01T07:35:00Z,0.0000002094,0.0000002094,0.0000002094,0.0000002094,4221874769.5,884.0605767333
1696146000000,2023-10-01T07:40:00Z,0.0000002094,0.0000002094,0.0000002085,0.0000002085,69379661.1,14.46565933935
1696146300000,2023-10-01T07:45:00Z,0.0000002085,0.0000002086,0.0000002083,0.0000002083,1078995002.1,224.91223644211
1696146600000,2023-10-01T07:50:00Z,0.0000002083,0.0000002086,0.0000002083,0.0000002086,114312600.3,23.84455321315
1696146900000,2023-10-01T07:55:00Z,0.0000002086,0.0000002086,0.0000002084,0.0000002084,115076204,23.9880410096
1696147200000,2023-10-01T08:00:00Z,0.0000002084,0.0000002088,0.0000002084,0.0000002088,167533649,34.9336393797
1696147500000,2023-10-01T08:05:00Z,0.0000002088,0.000000209,0.0000002087,0.0000002089,227300266.5,47.48087140475
1696147800000,2023-10-01T08:10:00Z,0.0000002089,0.0000002089,0.0000002089,0.0000002089,0,0
1696148100000,2023-10-01T08:15:00Z,0.0000002089,0.0000002089,0.0000002088,0.0000002088,246557564,51.4812193632
1696148400000,2023-10-01T08:20:00Z,0.0000002088,0.0000002088,0.0000002088,0.0000002088,0,0
1696148700000,2023-10-01T08:25:00Z,0.0000002088,0.0000002092,0.0000002088,0.0000002092,50672317,10.6006487164
1696149000000,2023-10-01T08:30:00Z,0.0000002092,0.0000002094,0.0000002091,0.0000002091,1538945589.3,321.97193632608
1696149300000,2023-10-01T08:35:00Z,0.0000002091,0.0000002091,0.0000002091,0.0000002091,30772639.9,6.43455900309
1696149600000,2023-10-01T08:40:00Z,0.0000002091,0.0000002092,0.0000002088,0.000000209,1061325670.1,221.8058532988
1696149900000,2023-10-01T08:45:00Z,0.000000209,0.0000002094,0.000000209,0.0000002094,45482509.1,9.51996670954
1696150200000,2023-10-01T08:50:00Z,0.0000002094,0.0000002099,0.0000002092,0.0000002093,1440257272,301.70298677121
1696150500000,2023-10-01T08:55:00Z,0.0000002093,0.0000002093,0.000000209,0.000000209,743255196.9,155.4377365229
1696150800000,2023-10-01T09:00:00Z,0.000000209,0.0000002093,0.000000209,0.0000002091,1071650812.2,224.10897862145
1696151100000,2023-10-01T09:05:00Z,0.0000002091,0.0000002093,0.0000002091,0.0000002093,1748360601.4,365.80908185472
1696151400000,2023-10-01T09:10:00Z,0.0000002093,0.0000002093,0.0000002092,0.0000002092,888048479.7,185.81900286911
1696151700000,2023-10-01T09:15:00Z,0.0000002092,0.0000002093,0.0000002092,0.0000002093,276897590.4,57.94430804866
1696152000000,2023-10-01T09:20:00Z,0.0000002093,0.0000002093,0.0000002093,0.0000002093,0,0
1696152300000,2023-10-01T09:25:00Z,0.0000002093,0.0000002096,0.0000002092,0.0000002094,520250530.7,108.96812116658
1696152600000,2023-10-01T09:30:00Z,0.0000002094,0.0000002094,0.0000002093,0.0000002093,266635929,55.8068999397
1696152900000,2023-10-01T09:35:00Z,0.0000002093,0.0000002093,0.0000002092,0.0000002092,305700924.8,63.96136632614
1696153200000,2023-10-01T09:40:00Z,0.0000002092,0.0000002092,0.0000002091,0.0000002091,543255074.8,113.59463614068
1696153500000,2023-10-01T09:45:00Z,0.0000002091,0.0000002092,0.0000002088,0.0000002092,1200276815,250.82453492092
1696153800000,2023-10-01T09:50:00Z,0.0000002092,0.0000002092,0.0000002092,0.0000002092,937756462,196.1786518504
1696154100000,2023-10-01T09:55:00Z,0.0000002092,0.0000002093,0.0000002091,0.0000002092,189173416.7,39.57916136201
1696154400000,2023-10-01T10:00:00Z,0.0000002092,0.0000002106,0.0000002092,0.0000002102,1348455014.4,282.93849945
1696154700000,2023-10-01T10:05:00Z,0.0000002102,0.0000002105,0.0000002101,0.0000002105,1075194266.6,226.07970737374
1696155000000,2023-10-01T10:10:00Z,0.0000002105,0.0000002107,0.0000002105,0.0000002106,355180498,74.81637906058
1696155300000,2023-10-01T10:15:00Z,0.0000002106,0.0000002109,0.0000002106,0.0000002109,322128787.9,67.88250552234
1696155600000,2023-10-01T10:20:00Z,0.0000002109,0.0000002109,0.0000002109,0.0000002109,66019397,13.9234908273
1696155900000,2023-10-01T10:25:00Z,0.0000002109,0.0000002109,0.0000002106,0.0000002106,180222914.7,37.96709029588
1696156200000,2023-10-01T10:30:00Z,0.0000002106,0.0000002106,0.00000021,0.0000002102,4469318190.5,939.99159254944
1696156500000,2023-10-01T10:35:00Z,0.0000002102,0.0000002108,0.00000021,0.00000021,877978095.1,184.87180037093
1696156800000,2023-10-01T10:40:00Z,0.00000021,0.0000002102,0.00000021,0.0000002102,348964917,73.3471104153
1696157100000,2023-10-01T10:45:00Z,0.0000002102,0.0000002107,0.0000002102,0.0000002105,692346564,145.7761181301
1696157400000,2023-10-01T10:50:00Z,0.0000002105,0.0000002109,0.0000002104,0.0000002109,1291041190.7,272.06419482526
1696157700000,2023-10-01T10:55:00Z,0.0000002109,0.0000002111,0.0000002109,0.0000002111,1116690323.7,235.72838239567
1696158000000,2023-10-01T11:00:00Z,0.0000002111,0.0000002111,0.0000002109,0.0000002109,1640588376.7,346.09111155597
1696158300000,2023-10-01T11:05:00Z,0.0000002109,0.0000002111,0.0000002109,0.000000211,556559022,117.43427318519
1696158600000,2023-10-01T11:10:00Z,0.000000211,0.000000211,0.000000211,0.000000211,257867163.1,54.4099714141
1696158900000,2023-10-01T11:15:00Z,0.000000211,0.000000211,0.0000002106,0.0000002107,1845774163.1,388.90053333479
1696159200000,2023-10-01T11:20:00Z,0.0000002107,0.000000211,0.00000021,0.0000002101,2534985223,533.55464319462
1696159500000,2023-10-01T11:25:00Z,0.0000002101,0.0000002101,0.0000002092,0.0000002094,4265701157.6,894.05057416365
1696159800000,2023-10-01T11:30:00Z,0.0000002094,0.0000002102,0.0000002094,0.0000002102,1371755869,287.7487467447
1696160100000,2023-10-01T11:35:00Z,0.0000002102,0.0000002105,0.0000002102,0.0000002104,367124510,77.2469588384
1696160400000,2023-10-01T11:40:00Z,0.0000002104,0.0000002105,0.0000002104,0.0000002105,231073243,48.6409176515
1696160700000,2023-10-01T11:45:00Z,0.0000002105,0.0000002105,0.0000002101,0.0000002101,460826805.6,96.91939412908
1696161000000,2023-10-01T11:50:00Z,0.0000002101,0.0000002101,0.0000002096,0.0000002096,1197632944.6,251.10363239208
1696161300000,2023-10-01T11:55:00Z,0.0000002096,0.0000002096,0.0000002088,0.0000002089,667040245,139.50535241072
1696161600000,2023-10-01T12:00:00Z,0.0000002089,0.0000002092,0.0000002088,0.0000002091,819822625.5,171.32610303902
1696161900000,2023-10-01T12:05:00Z,0.0000002091,0.0000002093,0.0000002088,0.0000002089,879898670.4,184.00729726016
1696162200000,2023-10-01T12:10:00Z,0.0000002089,0.0000002091,0.0000002089,0.0000002091,516688715,108.00937601063
1696162500000,2023-10-01T12:15:00Z,0.0000002091,0.0000002091,0.0000002051,0.0000002072,22135999480,4584.75141343171
1696162800000,2023-10-01T12:20:00Z,0.0000002072,0.0000002084,0.0000002072,0.0000002074,1399905158.9,290.81443446942
1696163100000,2023-10-01T12:25:00Z,0.0000002074,0.0000002078,0.0000002067,0.0000002071,6183585781.9,1281.16672943258
1696163400000,2023-10-01T12:30:00Z,0.0000002071,0.0000002073,0.0000002064,0.0000002073,3119442614.8,645.38499496465
1696163700000,2023-10-01T12:35:00Z,0.0000002073,0.0000002074,0.0000002068,0.000000207,580783120,120.2673312744
1696164000000,2023-10-01T12:40:00Z,0.000000207,0.0000002072,0.0000002067,0.0000002072,1022075488.1,211.6799827152
1696164300000,2023-10-01T12:45:00Z,0.0000002072,0.0000002075,0.0000002072,0.0000002074,1447922351,300.12266353458
1696164600000,2023-10-01T12:50:00Z,0.0000002074,0.0000002079,0.0000002073,0.0000002079,4856798386.3,1008.91282832968
1696164900000,2023-10-01T12:55:00Z,0.0000002079,0.000000208,0.0000002076,0.000000208,317138077,65.9424528692
1696165200000,2023-10-01T13:00:00Z,0.000000208,0.000000208,0.0000002073,0.0000002079,666666227,138.42471579447
1696165500000,2023-10-01T13:05:00Z,0.0000002079,0.0000002083,0.0000002075,0.0000002083,1132821935.4,235.26298969732
1696165800000,2023-10-01T13:10:00Z,0.0000002083,0.0000002083,0.0000002076,0.0000002079,374982927.4,77.93420057049
1696166100000,2023-10-01T13:15:00Z,0.0000002079,0.0000002085,0.0000002079,0.0000002085,589577837,122.8655742258
1696166400000,2023-10-01T13:20:00Z,0.0000002085,0.0000002091,0.0000002082,0.000000209,935265946.2,195.36785577154
1696166700000,2023-10-01T13:25:00Z,0.000000209,0.000000209,0.0000002084,0.0000002084,231461411,48.2365580524
1696167000000,2023-10-01T13:30:00Z,0.0000002084,0.0000002095,0.0000002084,0.0000002091,2810355161.7,588.03255149277
1696167300000,2023-10-01T13:35:00Z,0.0000002091,0.0000002096,0.0000002091,0.0000002093,550454459,115.2645296185
1696167600000,2023-10-01T13:40:00Z,0.0000002093,0.0000002096,0.0000002093,0.0000002096,59392238,12.4486130848
1696167900000,2023-10-01T13:45:00Z,0.0000002096,0.0000002096,0.0000002095,0.0000002096,275933121,57.8181254283
1696168200000,2023-10-01T13:50:00Z,0.0000002096,0.0000002096,0.0000002093,0.0000002093,184912399.8,38.73950930958
1696168500000,2023-10-01T13:55:00Z,0.0000002093,0.0000002095,0.0000002092,0.0000002093,760676013,159.1675803196
1696168800000,2023-10-01T14:00:00Z,0.0000002093,0.0000002095,0.0000002093,0.0000002095,234710635,49.1718780325
1696169100000,2023-10-01T14:05:00Z,0.0000002095,0.0000002095,0.0000002091,0.0000002095,1388903839.7,290.54658973424
1696169400000,2023-10-01T14:10:00Z,0.0000002095,0.0000002096,0.0000002092,0.0000002095,301724895.1,63.20051437076
1696169700000,2023-10-01T14:15:00Z,0.0000002095,0.0000002096,0.0000002095,0.0000002095,286891935.6,60.12332976596
1696170000000,2023-10-01T14:20:00Z,0.0000002095,0.0000002097,0.0000002095,0.0000002097,2024886799.4,424.59871642935
1696170300000,2023-10-01T14:25:00Z,0.0000002097,0.00000021,0.0000002097,0.0000002097,857784556.1,180.05719936279
1696170600000,2023-10-01T14:30:00Z,0.0000002097,0.0000002101,0.0000002097,0.0000002099,113126338.1,23.74648577813
1696170900000,2023-10-01T14:35:00Z,0.0000002099,0.0000002103,0.0000002099,0.0000002103,391274897.8,82.2506797398
1696171200000,2023-10-01T14:40:00Z,0.0000002103,0.0000002103,0.0000002089,0.0000002089,349224585,73.0296394678
1696171500000,2023-10-01T14:45:00Z,0.0000002089,0.0000002095,0.0000002089,0.0000002095,1005331547,210.6169590965
1696171800000,2023-10-01T14:50:00Z,0.0000002095,0.0000002102,0.0000002095,0.0000002102,555773824.9,116.75028957368
1696172100000,2023-10-01T14:55:00Z,0.0000002102,0.0000002103,0.0000002102,0.0000002103,338958714,71.2830175542
1696172400000,2023-10-01T15:00:00Z,0.0000002103,0.0000002103,0.0000002103,0.0000002103,0,0
1696172700000,2023-10-01T15:05:00Z,0.0000002103,0.0000002103,0.0000002102,0.0000002102,57188532,12.0210294264
1696173000000,2023-10-01T15:10:00Z,0.0000002102,0.0000002102,0.0000002102,0.0000002102,0,0
1696173300000,2023-10-01T15:15:00Z,0.0000002102,0.0000002102,0.0000002099,0.0000002099,443497603,93.1489889291
1696173600000,2023-10-01T15:20:00Z,0.0000002099,0.00000021,0.0000002099,0.00000021,46915783,9.85231443
1696173900000,2023-10-01T15:25:00Z,0.00000021,0.00000021,0.0000002098,0.0000002098,126130326.6,26.4729221485
1696174200000,2023-10-01T15:30:00Z,0.0000002098,0.0000002099,0.0000002098,0.0000002099,108335519,22.7396254381
1696174500000,2023-10-01T15:35:00Z,0.0000002099,0.0000002099,0.0000002099,0.0000002099,0,0
1696174800000,2023-10-01T15:40:00Z,0.0000002099,0.0000002105,0.0000002099,0.0000002105,1422154201,299.04065388057
1696175100000,2023-10-01T15:45:00Z,0.0000002105,0.0000002105,0.00000021,0.00000021,164215376,34.4941245773
1696175400000,2023-10-01T15:50:00Z,0.00000021,0.0000002108,0.00000021,0.0000002108,2705192719.3,568.66642787846
1696175700000,2023-10-01T15:55:00Z,0.0000002108,0.0000002109,0.0000002102,0.0000002109,389126912.4,81.96230470961
1696176000000,2023-10-01T16:00:00Z,0.0000002109,0.0000002109,0.0000002107,0.0000002107,35466263,7.4727416141
1696176300000,2023-10-01T16:05:00Z,0.0000002107,0.0000002107,0.0000002107,0.0000002107,183377662,38.6376733834
1696176600000,2023-10-01T16:10:00Z,0.0000002107,0.0000002109,0.0000002107,0.0000002107,422219914,88.9711272694
1696176900000,2023-10-01T16:15:00Z,0.0000002107,0.0000002107,0.0000002106,0.0000002106,66574194,14.0205252564
1696177200000,2023-10-01T16:20:00Z,0.0000002106,0.0000002106,0.0000002102,0.0000002105,98566705.1,20.73817873496
1696177500000,2023-10-01T16:25:00Z,0.0000002105,0.0000002105,0.0000002099,0.0000002099,683822608.9,143.72955056831
1696177800000,2023-10-01T16:30:00Z,0.0000002099,0.0000002103,0.0000002099,0.0000002103,361997646,76.0654683031
1696178100000,2023-10-01T16:35:00Z,0.0000002103,0.0000002107,0.0000002099,0.00000021,703514246,147.95209753964
1696178400000,2023-10-01T16:40:00Z,0.00000021,0.00000021,0.0000002099,0.0000002099,225081115,47.2601175246
1696178700000,2023-10-01T16:45:00Z,0.0000002099,0.0000002105,0.0000002099,0.0000002105,468267874,98.5047230718
1696179000000,2023-10-01T16:50:00Z,0.0000002105,0.0000002105,0.0000002098,0.0000002098,191064030,40.085233494
1696179300000,2023-10-01T16:55:00Z,0.0000002098,0.0000002098,0.0000002093,0.0000002097,301832210,63.2651260994
1696179600000,2023-10-01T17:00:00Z,0.0000002097,0.0000002097,0.0000002093,0.0000002097,247920924,51.918860994
1696179900000,2023-10-01T17:05:00Z,0.0000002097,0.0000002098,0.000000209,0.000000209,2335905614.4,489.4884553182
1696180200000,2023-10-01T17:10:00Z,0.000000209,0.0000002096,0.000000209,0.0000002096,770413111.8,161.39307445538
1696180500000,2023-10-01T17:15:00Z,0.0000002096,0.0000002096,0.0000002093,0.0000002094,153450112,32.1239205934
1696180800000,2023-10-01T17:20:00Z,0.0000002094,0.0000002096,0.0000002094,0.0000002096,416140155,87.222976488
1696181100000,2023-10-01T17:25:00Z,0.0000002096,0.0000002097,0.0000002096,0.0000002096,532062371,111.5358459934
1696181400000,2023-10-01T17:30:00Z,0.0000002096,0.0000002096,0.0000002089,0.0000002091,3037418184.4,634.87275239319
1696181700000,2023-10-01T17:35:00Z,0.0000002091,0.0000002091,0.0000002066,0.0000002066,624124064.4,129.66614360318
1696182000000,2023-10-01T17:40:00Z,0.0000002066,0.0000002066,0.0000002055,0.0000002055,972450088,200.26486047088
1696182300000,2023-10-01T17:45:00Z,0.0000002055,0.0000002061,0.0000002053,0.0000002053,2581583397.1,530.24148753672
1696182600000,2023-10-01T17:50:00Z,0.0000002053,0.0000002053,0.0000002051,0.0000002051,291970928,59.9046046639
1696182900000,2023-10-01T17:55:00Z,0.0000002051,0.0000002053,0.0000002051,0.0000002053,490134132,100.5580435854
1696183200000,2023-10-01T18:00:00Z,0.0000002053,0.0000002053,0.0000002047,0.0000002048,309416494.8,63.40489751172
1696183500000,2023-10-01T18:05:00Z,0.0000002048,0.0000002051,0.0000002041,0.0000002051,4921294273.9,1007.94474928937
1696183800000,2023-10-01T18:10:00Z,0.0000002051,0.0000002063,0.0000002043,0.0000002063,1005484702.2,206.40905715512
1696184100000,2023-10-01T18:15:00Z,0.0000002063,0.0000002064,0.0000002054,0.0000002054,3967244312.9,817.19381342604
1696184400000,2023-10-01T18:20:00Z,0.0000002054,0.0000002058,0.000000205,0.0000002058,581604773.5,119.5243215374
1696184700000,2023-10-01T18:25:00Z,0.0000002058,0.0000002058,0.0000002056,0.0000002058,569573339,117.1766669762
1696185000000,2023-10-01T18:30:00Z,0.0000002058,0.000000206,0.0000002055,0.0000002056,1401759988,288.2789039767
1696185300000,2023-10-01T18:35:00Z,0.0000002056,0.0000002059,0.0000002056,0.0000002057,545697127,112.28472226147
1696185600000,2023-10-01T18:40:00Z,0.0000002057,0.0000002058,0.0000002051,0.0000002052,264278484,54.3293233816
1696185900000,2023-10-01T18:45:00Z,0.0000002052,0.0000002053,0.0000002051,0.0000002053,238814051,49.0220769279
1696186200000,2023-10-01T18:50:00Z,0.0000002053,0.0000002057,0.0000002052,0.0000002057,318073631,65.3129130133
1696186500000,2023-10-01T18:55:00Z,0.0000002057,0.0000002057,0.0000002052,0.0000002056,617519106,126.9012189452
1696186800000,2023-10-01T19:00:00Z,0.0000002056,0.0000002056,0.0000002054,0.0000002054,469234098,96.4190293379
1696187100000,2023-10-01T19:05:00Z,0.0000002054,0.0000002057,0.0000002051,0.0000002052,1291716352,265.2762317296
1696187400000,2023-10-01T19:10:00Z,0.0000002052,0.0000002054,0.0000002046,0.0000002053,1009336679.6,206.91502237071
1696187700000,2023-10-01T19:15:00Z,0.0000002053,0.000000206,0.0000002053,0.000000206,80801728.7,16.6111098784
1696188000000,2023-10-01T19:20:00Z,0.000000206,0.000000206,0.0000002054,0.0000002054,918175285,188.84488255132
1696188300000,2023-10-01T19:25:00Z,0.0000002054,0.0000002057,0.0000002054,0.0000002057,697103284,143.3122592319
1696188600000,2023-10-01T19:30:00Z,0.0000002057,0.0000002057,0.0000002054,0.0000002057,575238826,118.2490660283
1696188900000,2023-10-01T19:35:00Z,0.0000002057,0.0000002057,0.0000002054,0.0000002055,719602154,147.883278036
1696189200000,2023-10-01T19:40:00Z,0.0000002055,0.0000002056,0.0000002054,0.0000002054,403617867,82.9292462954
1696189500000,2023-10-01T19:45:00Z,0.0000002054,0.0000002055,0.0000002054,0.0000002055,733117666,150.6223435575
1696189800000,2023-10-01T19:50:00Z,0.0000002055,0.0000002055,0.0000002054,0.0000002054,69973070,14.372468578
1696190100000,2023-10-01T19:55:00Z,0.0000002054,0.0000002054,0.0000002054,0.0000002054,596767228,122.5759886312
1696190400000,2023-10-01T20:00:00Z,0.0000002054,0.0000002054,0.0000002054,0.0000002054,0,0
1696190700000,2023-10-01T20:05:00Z,0.0000002054,0.0000002054,0.0000002044,0.0000002049,1343775152,275.32536180317
1696191000000,2023-10-01T20:10:00Z,0.0000002049,0.0000002049,0.0000002043,0.0000002047,1102504124.7,225.43744818256
1696191300000,2023-10-01T20:15:00Z,0.0000002047,0.0000002047,0.0000002043,0.0000002047,613876914,125.5637369975
1696191600000,2023-10-01T20:20:00Z,0.0000002047,0.0000002047,0.0000002047,0.0000002047,815270795.5,166.88593183885
1696191900000,2023-10-01T20:25:00Z,0.0000002047,0.0000002047,0.0000002044,0.0000002046,778163879,159.0881656596
1696192200000,2023-10-01T20:30:00Z,0.0000002046,0.0000002046,0.0000002044,0.0000002044,2830585654.6,578.59313414425
1696192500000,2023-10-01T20:35:00Z,0.0000002044,0.0000002044,0.0000002041,0.0000002044,1482931909,302.9677242
1696192800000,2023-10-01T20:40:00Z,0.0000002044,0.0000002044,0.0000002041,0.0000002043,950771381,194.1873373983
1696193100000,2023-10-01T20:45:00Z,0.0000002043,0.0000002046,0.0000002043,0.0000002044,646930092.2,132.2448591365
1696193400000,2023-10-01T20:50:00Z,0.0000002044,0.0000002044,0.0000002044,0.0000002044,579364164,118.4220351216
1696193700000,2023-10-01T20:55:00Z,0.0000002044,0.0000002044,0.0000002043,0.0000002043,462481221,94.50289809483
1696194000000,2023-10-01T21:00:00Z,0.0000002043,0.0000002049,0.0000002043,0.0000002049,1531709961.9,313.46191506813
1696194300000,2023-10-01T21:05:00Z,0.0000002049,0.0000002049,0.0000002046,0.0000002049,416797662,85.3074635158
1696194600000,2023-10-01T21:10:00Z,0.0000002049,0.000000205,0.0000002047,0.0000002049,230611094,47.2488453458
1696194900000,2023-10-01T21:15:00Z,0.0000002049,0.0000002049,0.0000002049,0.0000002049,127717610,26.169338289
1696195200000,2023-10-01T21:20:00Z,0.0000002049,0.000000205,0.0000002049,0.000000205,410111237,84.072803585
1696195500000,2023-10-01T21:25:00Z,0.000000205,0.0000002053,0.000000205,0.000000205,362045818,74.2687966444
1696195800000,2023-10-01T21:30:00Z,0.000000205,0.0000002057,0.0000002049,0.0000002049,2820870650,579.10085791864
1696196100000,2023-10-01T21:35:00Z,0.0000002049,0.0000002053,0.0000002048,0.0000002053,305153772,62.5983258061
1696196400000,2023-10-01T21:40:00Z,0.0000002053,0.0000002053,0.0000002047,0.0000002048,1485743841.4,304.63617660346
1696196700000,2023-10-01T21:45:00Z,0.0000002048,0.0000002066,0.0000002048,0.0000002066,1081362317,222.1023698827
1696197000000,2023-10-01T21:50:00Z,0.0000002066,0.0000002072,0.0000002063,0.0000002063,1587918820,328.06502436353
1696197300000,2023-10-01T21:55:00Z,0.0000002063,0.0000002067,0.0000002063,0.0000002064,349656279,72.251245198
1696197600000,2023-10-01T22:00:00Z,0.0000002064,0.0000002073,0.0000002064,0.0000002067,1150141942.5,237.92775598998
1696197900000,2023-10-01T22:05:00Z,0.0000002067,0.0000002072,0.0000002067,0.0000002072,552821357.5,114.38356565215
1696198200000,2023-10-01T22:10:00Z,0.0000002072,0.0000002072,0.0000002069,0.0000002069,35233840,7.289881496
1696198500000,2023-10-01T22:15:00Z,0.0000002069,0.000000208,0.0000002069,0.000000208,1221235632.7,253.3242585889
1696198800000,2023-10-01T22:20:00Z,0.000000208,0.000000209,0.000000208,0.000000208,733778686.5,152.83525382784
1696199100000,2023-10-01T22:25:00Z,0.000000208,0.0000002096,0.000000208,0.0000002096,2458159768.5,514.91782177232
1696199400000,2023-10-01T22:30:00Z,0.0000002096,0.0000002098,0.0000002096,0.0000002098,1992913041.5,418.1131561067
1696199700000,2023-10-01T22:35:00Z,0.0000002098,0.0000002106,0.0000002097,0.0000002105,412949316.8,86.89111331355
1696200000000,2023-10-01T22:40:00Z,0.0000002105,0.0000002109,0.0000002105,0.0000002109,356263056.4,75.03670454357
1696200300000,2023-10-01T22:45:00Z,0.0000002109,0.0000002121,0.0000002108,0.0000002121,2582651392.1,545.70028312562
1696200600000,2023-10-01T22:50:00Z,0.0000002121,0.0000002157,0.0000002116,0.0000002142,2480045818,527.40400958836
1696200900000,2023-10-01T22:55:00Z,0.0000002142,0.000000216,0.0000002142,0.000000216,2518626461,543.66748094169
1696201200000,2023-10-01T23:00:00Z,0.000000216,0.0000002161,0.0000002155,0.0000002161,401595998.1,86.76198488455
1696201500000,2023-10-01T23:05:00Z,0.0000002161,0.0000002183,0.0000002161,0.0000002178,1661669618.6,361.43693604187
1696201800000,2023-10-01T23:10:00Z,0.0000002178,0.000000218,0.000000217,0.0000002178,2278865831.8,496.50901820905
1696202100000,2023-10-01T23:15:00Z,0.0000002178,0.0000002183,0.0000002178,0.0000002181,85353412,18.6156495302
1696202400000,2023-10-01T23:20:00Z,0.0000002181,0.0000002183,0.0000002177,0.0000002179,571572267.8,124.56771861092
1696202700000,2023-10-01T23:25:00Z,0.0000002179,0.0000002184,0.0000002173,0.0000002174,906121401.4,197.26396142022
1696203000000,2023-10-01T23:30:00Z,0.0000002174,0.0000002188,0.0000002174,0.0000002178,8077911383.4,1766.62932580264
1696203300000,2023-10-01T23:35:00Z,0.0000002178,0.0000002178,0.0000002166,0.0000002166,1418645834.1,308.14721674142
1696203600000,2023-10-01T23:40:00Z,0.0000002166,0.0000002169,0.0000002144,0.0000002144,5431317625.2,1175.66262930476
1696203900000,2023-10-01T23:45:00Z,0.0000002144,0.0000002159,0.0000002143,0.0000002159,852484902.5,183.00705315832
1696204200000,2023-10-01T23:50:00Z,0.0000002159,0.0000002159,0.0000002159,0.0000002159,368422269,79.5423678771
1696204500000,2023-10-01T23:55:00Z,0.0000002159,0.0000002159,0.0000002143,0.0000002152,500219903.4,107.47799765009
1696204800000,2023-10-02T00:00:00Z,0.0000002152,0.0000002157,0.0000002145,0.0000002148,554144728.9,119.24091616789
1696205100000,2023-10-02T00:05:00Z,0.0000002148,0.0000002154,0.0000002143,0.0000002149,296882948.5,63.8326404319
1696205400000,2023-10-02T00:10:00Z,0.0000002149,0.0000002149,0.0000002142,0.0000002142,151629167,32.4789675714
1696205700000,2023-10-02T00:15:00Z,0.0000002142,0.0000002145,0.0000002142,0.0000002145,80578743.5,17.28414048075
1696206000000,2023-10-02T00:20:00Z,0.0000002145,0.0000002145,0.0000002139,0.0000002139,834228883.7,178.58217688923
1696206300000,2023-10-02T00:25:00Z,0.0000002139,0.0000002142,0.0000002138,0.0000002138,245739798.3,52.59997122934
1696206600000,2023-10-02T00:30:00Z,0.0000002138,0.0000002151,0.0000002138,0.0000002146,2597830922.2,557.56137115669
1696206900000,2023-10-02T00:35:00Z,0.0000002146,0.0000002146,0.0000002144,0.0000002144,185201163.8,39.70712951872
1696207200000,2023-10-02T00:40:00Z,0.0000002144,0.0000002144,0.0000002136,0.0000002141,734946129.4,157.32212591585
1696207500000,2023-10-02T00:45:00Z,0.0000002141,0.0000002141,0.0000002141,0.0000002141,0,0
1696207800000,2023-10-02T00:50:00Z,0.0000002141,0.0000002141,0.0000002129,0.0000002132,1277649242.1,273.08277638192
1696208100000,2023-10-02T00:55:00Z,0.0000002132,0.0000002136,0.0000002129,0.0000002136,215849650.1,46.01572195479
1696208400000,2023-10-02T01:00:00Z,0.0000002136,0.0000002139,0.0000002131,0.0000002135,432259719.6,92.22625059496
1696208700000,2023-10-02T01:05:00Z,0.0000002135,0.0000002146,0.0000002135,0.0000002146,254819385.5,54.54039400945
1696209000000,2023-10-02T01:10:00Z,0.0000002146,0.0000002146,0.0000002146,0.0000002146,0,0
1696209300000,2023-10-02T01:15:00Z,0.0000002146,0.0000002146,0.0000002126,0.0000002131,74234260,15.782555541
1696209600000,2023-10-02T01:20:00Z,0.0000002131,0.000000214,0.0000002129,0.0000002135,2148336789.3,457.9740920042
1696209900000,2023-10-02T01:25:00Z,0.0000002135,0.0000002135,0.0000002128,0.0000002128,105484349,22.4470694672
1696210200000,2023-10-02T01:30:00Z,0.0000002128,0.0000002131,0.0000002126,0.0000002131,139417121,29.6641600141
1696210500000,2023-10-02T01:35:00Z,0.0000002131,0.0000002131,0.0000002131,0.0000002131,0,0
1696210800000,2023-10-02T01:40:00Z,0.0000002131,0.0000002136,0.0000002131,0.0000002134,510007784,108.831160684
1696211100000,2023-10-02T01:45:00Z,0.0000002134,0.0000002163,0.0000002134,0.0000002163,1625763905.5,351.23997226297
1696211400000,2023-10-02T01:50:00Z,0.0000002163,0.0000002166,0.000000216,0.000000216,593002385.1,128.23228292388
1696211700000,2023-10-02T01:55:00Z,0.000000216,0.000000216,0.0000002142,0.0000002142,22758432.4,4.88303525058
1696212000000,2023-10-02T02:00:00Z,0.0000002142,0.0000002142,0.0000002142,0.0000002142,0,0
1696212300000,2023-10-02T02:05:00Z,0.0000002142,0.0000002146,0.0000002142,0.0000002146,16358061,3.5104398906
1696212600000,2023-10-02T02:10:00Z,0.0000002146,0.0000002146,0.0000002146,0.0000002146,0,0
1696212900000,2023-10-02T02:15:00Z,0.0000002146,0.0000002151,0.0000002146,0.0000002151,703730,0.151372323
1696213200000,2023-10-02T02:20:00Z,0.0000002151,0.0000002153,0.0000002151,0.0000002153,538150249.4,115.82980816446
1696213500000,2023-10-02T02:25:00Z,0.0000002153,0.000000216,0.0000002151,0.0000002154,281017160.2,60.51473338305
1696213800000,2023-10-02T02:30:00Z,0.0000002154,0.0000002155,0.000000215,0.000000215,381251714.6,82.09903678622
1696214100000,2023-10-02T02:35:00Z,0.000000215,0.0000002151,0.0000002134,0.0000002134,8207044656.4,1760.01746434431
1696214400000,2023-10-02T02:40:00Z,0.0000002134,0.0000002136,0.0000002134,0.0000002136,719791479,153.7474599144
1696214700000,2023-10-02T02:45:00Z,0.0000002136,0.0000002137,0.0000002136,0.0000002136,94188453.6,20.12165368896
1696215000000,2023-10-02T02:50:00Z,0.0000002136,0.0000002141,0.0000002136,0.0000002141,464683550.1,99.48874807641
1696215300000,2023-10-02T02:55:00Z,0.0000002141,0.0000002141,0.0000002139,0.000000214,509064038.6,108.91992581641
1696215600000,2023-10-02T03:00:00Z,0.000000214,0.0000002142,0.000000214,0.000000214,554456047.2,118.68099285537
1696215900000,2023-10-02T03:05:00Z,0.000000214,0.0000002146,0.000000214,0.0000002146,93256610.3,20.00792247589
1696216200000,2023-10-02T03:10:00Z,0.0000002146,0.0000002146,0.0000002146,0.0000002146,0,0
1696216500000,2023-10-02T03:15:00Z,0.0000002146,0.0000002146,0.0000002143,0.0000002143,46598322.4,9.98602049032
1696216800000,2023-10-02T03:20:00Z,0.0000002143,0.0000002143,0.0000002143,0.0000002143,5944058,1.2738116294
1696217100000,2023-10-02T03:25:00Z,0.0000002143,0.0000002143,0.0000002137,0.0000002137,66100341.7,14.12564302129
1696217400000,2023-10-02T03:30:00Z,0.0000002137,0.0000002137,0.0000002137,0.0000002137,0,0
1696217700000,2023-10-02T03:35:00Z,0.0000002137,0.0000002137,0.0000002137,0.0000002137,0,0
1696218000000,2023-10-02T03:40:00Z,0.0000002137,0.0000002137,0.0000002137,0.0000002137,0,0
1696218300000,2023-10-02T03:45:00Z,0.0000002137,0.0000002137,0.0000002136,0.0000002136,500220724,106.89030961331
1696218600000,2023-10-02T03:50:00Z,0.0000002136,0.0000002136,0.0000002136,0.0000002136,0,0
1696218900000,2023-10-02T03:55:00Z,0.0000002136,0.0000002142,0.0000002136,0.0000002142,513244403,109.91206425105
1696219200000,2023-10-02T04:00:00Z,0.0000002142,0.0000002142,0.0000002142,0.0000002142,0,0
1696219500000,2023-10-02T04:05:00Z,0.0000002142,0.0000002142,0.0000002142,0.0000002142,0,0
1696219800000,2023-10-02T04:10:00Z,0.0000002142,0.0000002142,0.0000002139,0.0000002139,93595353.4,20.02004609226
1696220100000,2023-10-02T04:15:00Z,0.0000002139,0.0000002139,0.0000002119,0.000000212,3243695296,688.91460246619
1696220400000,2023-10-02T04:20:00Z,0.000000212,0.0000002132,0.000000212,0.0000002123,153418717.2,32.61797050704
1696220700000,2023-10-02T04:25:00Z,0.0000002123,0.0000002126,0.0000002123,0.0000002126,117591721.5,24.9999999909
1696221000000,2023-10-02T04:30:00Z,0.0000002126,0.0000002135,0.0000002119,0.000000213,1056121522,224.84166292161
1696221300000,2023-10-02T04:35:00Z,0.000000213,0.000000213,0.0000002128,0.0000002128,480253067,102.2398779643
1696221600000,2023-10-02T04:40:00Z,0.0000002128,0.0000002128,0.0000002125,0.0000002125,678275554,144.133555225
1696221900000,2023-10-02T04:45:00Z,0.0000002125,0.0000002135,0.0000002125,0.0000002135,5351027861,1139.06077449556
1696222200000,2023-10-02T04:50:00Z,0.0000002135,0.0000002135,0.0000002135,0.0000002135,0,0
1696222500000,2023-10-02T04:55:00Z,0.0000002135,0.0000002135,0.000000213,0.0000002131,234521575,49.97037269405
1696222800000,2023-10-02T05:00:00Z,0.0000002131,0.0000002131,0.0000002131,0.0000002131,0,0
1696223100000,2023-10-02T05:05:00Z,0.0000002131,0.0000002131,0.0000002128,0.0000002128,23496240.6,4.99999999968
1696223400000,2023-10-02T05:10:00Z,0.0000002128,0.0000002128,0.0000002128,0.0000002128,10755249,2.2887169872
1696223700000,2023-10-02T05:15:00Z,0.0000002128,0.0000002128,0.0000002128,0.0000002128,0,0
1696224000000,2023-10-02T05:20:00Z,0.0000002128,0.0000002128,0.0000002128,0.0000002128,335524604,71.3996357312
1696224300000,2023-10-02T05:25:00Z,0.0000002128,0.0000002128,0.0000002128,0.0000002128,159774436,33.9999999808
1696224600000,2023-10-02T05:30:00Z,0.0000002128,0.0000002128,0.0000002128,0.0000002128,0,0
1696224900000,2023-10-02T05:35:00Z,0.0000002128,0.0000002128,0.0000002128,0.0000002128,0,0
1696225200000,2023-10-02T05:40:00Z,0.0000002128,0.0000002128,0.0000002128,0.0000002128,0,0
1696225500000,2023-10-02T05:45:00Z,0.0000002128,0.0000002128,0.0000002128,0.0000002128,0,0
1696225800000,2023-10-02T05:50:00Z,0.0000002128,0.0000002129,0.0000002128,0.0000002129,464678900,98.93013781
1696226100000,2023-10-02T05:55:00Z,0.0000002129,0.000000213,0.0000002129,0.000000213,455969633.2,97.1215318716
1696226400000,2023-10-02T06:00:00Z,0.000000213,0.000000213,0.000000213,0.000000213,0,0
1696226700000,2023-10-02T06:05:00Z,0.000000213,0.000000213,0.000000213,0.000000213,0,0
1696227000000,2023-10-02T06:10:00Z,0.000000213,0.000000213,0.0000002127,0.000000213,116148688.8,24.71942079148
1696227300000,2023-10-02T06:15:00Z,0.000000213,0.000000213,0.000000213,0.000000213,0,0
1696227600000,2023-10-02T06:20:00Z,0.000000213,0.000000213,0.000000213,0.000000213,0,0
1696227900000,2023-10-02T06:25:00Z,0.000000213,0.000000213,0.000000213,0.000000213,0,0
1696228200000,2023-10-02T06:30:00Z,0.000000213,0.000000213,0.000000213,0.000000213,0,0
1696228500000,2023-10-02T06:35:00Z,0.000000213,0.000000213,0.0000002125,0.0000002125,640065975.6,136.03180498132
1696228800000,2023-10-02T06:40:00Z,0.0000002125,0.0000002125,0.0000002125,0.0000002125,0,0
1696229100000,2023-10-02T06:45:00Z,0.0000002125,0.0000002125,0.0000002125,0.0000002125,0,0
1696229400000,2023-10-02T06:50:00Z,0.0000002125,0.0000002126,0.0000002125,0.0000002126,7219260,1.534814676
1696229700000,2023-10-02T06:55:00Z,0.0000002126,0.0000002126,0.0000002126,0.0000002126,0,0
1696230000000,2023-10-02T07:00:00Z,0.0000002126,0.0000002131,0.0000002126,0.0000002131,351789007,74.9651262806
1696230300000,2023-10-02T07:05:00Z,0.0000002131,0.0000002135,0.0000002131,0.0000002135,1000000000,213.47892720806
1696230600000,2023-10-02T07:10:00Z,0.0000002135,0.0000002135,0.0000002128,0.0000002128,324705877,69.0974106256
1696230900000,2023-10-02T07:15:00Z,0.0000002128,0.0000002146,0.0000002128,0.0000002146,1216668688.2,259.85876368105
1696231200000,2023-10-02T07:20:00Z,0.0000002146,0.000000215,0.0000002146,0.000000215,852456297.9,183.02257827813
1696231500000,2023-10-02T07:25:00Z,0.000000215,0.000000215,0.0000002139,0.0000002139,99168323,21.2128080197
1696231800000,2023-10-02T07:30:00Z,0.0000002139,0.0000002151,0.0000002139,0.0000002151,30786715322,6621.82743252616
1696232100000,2023-10-02T07:35:00Z,0.0000002151,0.0000002151,0.0000002151,0.0000002151,5361800192.2,1153.32322134222
1696232400000,2023-10-02T07:40:00Z,0.0000002151,0.0000002151,0.0000002151,0.0000002151,931138843.8,200.28796530138
1696232700000,2023-10-02T07:45:00Z,0.0000002151,0.0000002158,0.0000002151,0.0000002154,6891484453.8,1482.53730541917
1696233000000,2023-10-02T07:50:00Z,0.0000002154,0.0000002159,0.0000002153,0.0000002153,2269954352.8,489.57367064733
1696233300000,2023-10-02T07:55:00Z,0.0000002153,0.0000002154,0.0000002153,0.0000002154,139275766.9,30.00000019026
1696233600000,2023-10-02T08:00:00Z,0.0000002154,0.0000002154,0.0000002151,0.0000002151,9760373183,2099.58531207606
1696233900000,2023-10-02T08:05:00Z,0.0000002151,0.0000002151,0.0000002142,0.0000002142,907420880.9,194.38100836113
1696234200000,2023-10-02T08:10:00Z,0.0000002142,0.0000002142,0.0000002142,0.0000002142,0,0
1696234500000,2023-10-02T08:15:00Z,0.0000002142,0.0000002149,0.0000002142,0.0000002149,139599813.9,30.00000000711
1696234800000,2023-10-02T08:20:00Z,0.0000002149,0.0000002149,0.0000002149,0.0000002149,0,0
1696235100000,2023-10-02T08:25:00Z,0.0000002149,0.0000002149,0.000000214,0.000000214,359215493.3,76.89601042209
1696235400000,2023-10-02T08:30:00Z,0.000000214,0.000000215,0.000000214,0.000000215,427708043,91.93503134226
1696235700000,2023-10-02T08:35:00Z,0.000000215,0.000000215,0.000000215,0.000000215,266808324,57.36378966
1696236000000,2023-10-02T08:40:00Z,0.000000215,0.000000215,0.0000002149,0.0000002149,237823549,51.1088180327
1696236300000,2023-10-02T08:45:00Z,0.0000002149,0.0000002149,0.0000002143,0.0000002143,14594440.7,3.12758864201
1696236600000,2023-10-02T08:50:00Z,0.0000002143,0.0000002143,0.0000002143,0.0000002143,0,0
1696236900000,2023-10-02T08:55:00Z,0.0000002143,0.0000002148,0.0000002143,0.0000002148,163040935.9,34.99999998984
1696237200000,2023-10-02T09:00:00Z,0.0000002148,0.0000002148,0.0000002148,0.0000002148,0,0
1696237500000,2023-10-02T09:05:00Z,0.0000002148,0.0000002148,0.0000002144,0.0000002146,278722041.2,59.79535004152
1696237800000,2023-10-02T09:10:00Z,0.0000002146,0.0000002146,0.0000002146,0.0000002146,0,0
1696238100000,2023-10-02T09:15:00Z,0.0000002146,0.0000002153,0.0000002146,0.0000002153,1382572681.6,297.2272917221
1696238400000,2023-10-02T09:20:00Z,0.0000002153,0.0000002153,0.0000002146,0.0000002146,186543643.3,40.0509058522
1696238700000,2023-10-02T09:25:00Z,0.0000002146,0.0000002146,0.0000002139,0.0000002139,599560198.7,128.49167522435
1696239000000,2023-10-02T09:30:00Z,0.0000002139,0.0000002139,0.0000002139,0.0000002139,0,0
1696239300000,2023-10-02T09:35:00Z,0.0000002139,0.0000002141,0.0000002139,0.000000214,549450549,117.59170823216
1696239600000,2023-10-02T09:40:00Z,0.000000214,0.000000214,0.000000214,0.000000214,102803738.3,21.9999999962
1696239900000,2023-10-02T09:45:00Z,0.000000214,0.000000214,0.000000214,0.000000214,0,0
1696240200000,2023-10-02T09:50:00Z,0.000000214,0.000000214,0.000000214,0.000000214,0,0
1696240500000,2023-10-02T09:55:00Z,0.000000214,0.000000214,0.000000214,0.000000214,0,0
1696240800000,2023-10-02T10:00:00Z,0.000000214,0.0000002143,0.0000002129,0.0000002143,2149617709,459.02472303548
1696241100000,2023-10-02T10:05:00Z,0.0000002143,0.0000002143,0.0000002143,0.0000002143,721752.4,0.15467153932
1696241400000,2023-10-02T10:10:00Z,0.0000002143,0.0000002143,0.0000002143,0.0000002143,0,0
1696241700000,2023-10-02T10:15:00Z,0.0000002143,0.0000002143,0.0000002143,0.0000002143,0,0
1696242000000,2023-10-02T10:20:00Z,0.0000002143,0.0000002146,0.0000002143,0.0000002146,955187284,204.85946612634
1696242300000,2023-10-02T10:25:00Z,0.0000002146,0.0000002146,0.0000002146,0.0000002146,0,0
1696242600000,2023-10-02T10:30:00Z,0.0000002146,0.0000002146,0.0000002146,0.0000002146,0,0
1696242900000,2023-10-02T10:35:00Z,0.0000002146,0.0000002146,0.0000002146,0.0000002146,0,0
1696243200000,2023-10-02T10:40:00Z,0.0000002146,0.0000002154,0.0000002143,0.0000002143,559254948.2,119.95072566526
1696243500000,2023-10-02T10:45:00Z,0.0000002143,0.0000002146,0.0000002143,0.0000002146,257417484.4,55.22761072561
1696243800000,2023-10-02T10:50:00Z,0.0000002146,0.0000002146,0.0000002137,0.0000002137,1702691.6,0.36386519492
1696244100000,2023-10-02T10:55:00Z,0.0000002137,0.0000002146,0.0000002137,0.0000002143,95649487.8,20.51238101514
1696244400000,2023-10-02T11:00:00Z,0.0000002143,0.0000002143,0.000000214,0.000000214,137736797.1,29.4756745794
1696244700000,2023-10-02T11:05:00Z,0.000000214,0.0000002146,0.000000214,0.0000002141,376836132.1,80.71750378347
1696245000000,2023-10-02T11:10:00Z,0.0000002141,0.0000002141,0.0000002141,0.0000002141,33359887,7.1423518067
1696245300000,2023-10-02T11:15:00Z,0.0000002141,0.0000002146,0.0000002141,0.0000002146,1741642943.3,372.93534778639
1696245600000,2023-10-02T11:20:00Z,0.0000002146,0.0000002146,0.0000002144,0.0000002145,230474060.4,49.41377929576
1696245900000,2023-10-02T11:25:00Z,0.0000002145,0.0000002145,0.0000002145,0.0000002145,0,0
1696246200000,2023-10-02T11:30:00Z,0.0000002145,0.0000002145,0.0000002137,0.0000002137,157839383.5,33.73027625395
1696246500000,2023-10-02T11:35:00Z,0.0000002137,0.0000002147,0.0000002137,0.0000002147,186754400.7,40.04001937545
1696246800000,2023-10-02T11:40:00Z,0.0000002147,0.0000002147,0.0000002142,0.0000002144,1407460,0.301618678
1696247100000,2023-10-02T11:45:00Z,0.0000002144,0.0000002144,0.0000002144,0.0000002144,0,0
1696247400000,2023-10-02T11:50:00Z,0.0000002144,0.0000002144,0.0000002144,0.0000002144,0,0
1696247700000,2023-10-02T11:55:00Z,0.0000002144,0.0000002144,0.0000002141,0.0000002141,30512343.7,6.53269278617
1696248000000,2023-10-02T12:00:00Z,0.0000002141,0.0000002141,0.0000002141,0.0000002141,0,0
1696248300000,2023-10-02T12:05:00Z,0.0000002141,0.0000002141,0.0000002131,0.0000002131,208560140.3,44.45916589793
1696248600000,2023-10-02T12:10:00Z,0.0000002131,0.0000002131,0.0000002131,0.0000002131,0,0
1696248900000,2023-10-02T12:15:00Z,0.0000002131,0.0000002131,0.0000002131,0.0000002131,0,0
1696249200000,2023-10-02T12:20:00Z,0.0000002131,0.0000002142,0.0000002131,0.0000002142,2111190,0.452146525
1696249500000,2023-10-02T12:25:00Z,0.0000002142,0.0000002142,0.0000002142,0.0000002142,0,0
1696249800000,2023-10-02T12:30:00Z,0.0000002142,0.0000002142,0.0000002142,0.0000002142,0,0
1696250100000,2023-10-02T12:35:00Z,0.0000002142,0.0000002142,0.0000002142,0.0000002142,0,0
1696250400000,2023-10-02T12:40:00Z,0.0000002142,0.0000002145,0.0000002142,0.0000002145,703730,0.150950085
1696250700000,2023-10-02T12:45:00Z,0.0000002145,0.0000002145,0.0000002145,0.0000002145,53723799,11.5237548855
1696251000000,2023-10-02T12:50:00Z,0.0000002145,0.0000002145,0.0000002139,0.0000002139,160283648.9,34.30863099831
1696251300000,2023-10-02T12:55:00Z,0.0000002139,0.0000002143,0.0000002139,0.0000002142,453746071.7,97.20050208291
1696251600000,2023-10-02T13:00:00Z,0.0000002142,0.0000002142,0.000000214,0.000000214,92221807.8,19.7354668692
1696251900000,2023-10-02T13:05:00Z,0.000000214,0.000000214,0.000000214,0.000000214,0,0
1696252200000,2023-10-02T13:10:00Z,0.000000214,0.000000214,0.000000214,0.000000214,0,0
1696252500000,2023-10-02T13:15:00Z,0.000000214,0.0000002146,0.000000214,0.0000002146,1720146914,369.11711356773
1696252800000,2023-10-02T13:20:00Z,0.0000002146,0.0000002155,0.0000002146,0.0000002149,558360729.3,119.99235114496
1696253100000,2023-10-02T13:25:00Z,0.0000002149,0.0000002149,0.0000002141,0.0000002141,97820206.9,20.9999744571
1696253400000,2023-10-02T13:30:00Z,0.0000002141,0.000000215,0.0000002141,0.000000215,1164075481.6,249.49033262732
1696253700000,2023-10-02T13:35:00Z,0.000000215,0.0000002164,0.0000002145,0.0000002164,1363836977.2,293.66792432596
1696254000000,2023-10-02T13:40:00Z,0.0000002164,0.0000002175,0.000000216,0.0000002164,1429520494.2,309.67580766183
1696254300000,2023-10-02T13:45:00Z,0.0000002164,0.0000002167,0.0000002164,0.0000002167,92495523.7,20.04377998579
1696254600000,2023-10-02T13:50:00Z,0.0000002167,0.0000002172,0.0000002156,0.0000002156,3211355299.8,695.23159376537
1696254900000,2023-10-02T13:55:00Z,0.0000002156,0.0000002156,0.0000002146,0.0000002147,98503247.3,21.14811314531
1696255200000,2023-10-02T14:00:00Z,0.0000002147,0.0000002147,0.000000214,0.0000002146,15934365.3,3.4173063486
1696255500000,2023-10-02T14:05:00Z,0.0000002146,0.0000002146,0.0000002145,0.0000002145,233230080.4,50.0278522458
1696255800000,2023-10-02T14:10:00Z,0.0000002145,0.0000002146,0.0000002133,0.0000002133,465703137.9,99.64502410446
1696256100000,2023-10-02T14:15:00Z,0.0000002133,0.0000002133,0.0000002118,0.0000002118,4000091974,850.14241579633
1696256400000,2023-10-02T14:20:00Z,0.0000002118,0.0000002118,0.0000002107,0.0000002115,6638597111.2,1399.96540770004
1696256700000,2023-10-02T14:25:00Z,0.0000002115,0.0000002115,0.0000002115,0.0000002115,0,0
1696257000000,2023-10-02T14:30:00Z,0.0000002115,0.0000002115,0.0000002115,0.0000002115,0,0
1696257300000,2023-10-02T14:35:00Z,0.0000002115,0.000000213,0.0000002115,0.000000213,102414457.4,21.75325298976
1696257600000,2023-10-02T14:40:00Z,0.000000213,0.000000213,0.0000002127,0.0000002128,4699423302.3,1000.00002474963
1696257900000,2023-10-02T14:45:00Z,0.0000002128,0.0000002128,0.0000002128,0.0000002128,0,0
1696258200000,2023-10-02T14:50:00Z,0.0000002128,0.0000002128,0.0000002122,0.0000002126,189729974.4,40.33602975144
1696258500000,2023-10-02T14:55:00Z,0.0000002126,0.0000002126,0.0000002126,0.0000002126,0,0
1696258800000,2023-10-02T15:00:00Z,0.0000002126,0.0000002129,0.0000002122,0.0000002124,1302577964.8,276.73555556762
1696259100000,2023-10-02T15:05:00Z,0.0000002124,0.0000002124,0.0000002124,0.0000002124,0,0
1696259400000,2023-10-02T15:10:00Z,0.0000002124,0.0000002124,0.0000002124,0.0000002124,94299973.8,20.02931443512
1696259700000,2023-10-02T15:15:00Z,0.0000002124,0.0000002124,0.0000002122,0.0000002122,377344656.4,80.12911608808
1696260000000,2023-10-02T15:20:00Z,0.0000002122,0.0000002122,0.000000212,0.000000212,476353298.3,100.9879844534
1696260300000,2023-10-02T15:25:00Z,0.000000212,0.000000212,0.000000212,0.000000212,0,0
1696260600000,2023-10-02T15:30:00Z,0.000000212,0.000000212,0.000000212,0.000000212,0,0
1696260900000,2023-10-02T15:35:00Z,0.000000212,0.0000002123,0.000000212,0.0000002123,12331648.4,2.61800895532
1696261200000,2023-10-02T15:40:00Z,0.0000002123,0.0000002123,0.0000002123,0.0000002123,0,0
1696261500000,2023-10-02T15:45:00Z,0.0000002123,0.0000002128,0.0000002123,0.0000002127,2111190,0.449120486
1696261800000,2023-10-02T15:50:00Z,0.0000002127,0.0000002131,0.0000002121,0.0000002121,480015555.8,101.8799639125
1696262100000,2023-10-02T15:55:00Z,0.0000002121,0.0000002121,0.0000002113,0.0000002116,284259992,60.18563986997
1696262400000,2023-10-02T16:00:00Z,0.0000002116,0.0000002127,0.0000002116,0.0000002117,939106817,198.8482899285
1696262700000,2023-10-02T16:05:00Z,0.0000002117,0.0000002119,0.0000002117,0.0000002119,703730,0.149120387
1696263000000,2023-10-02T16:10:00Z,0.0000002119,0.0000002119,0.0000002114,0.0000002114,10889029,2.3019407306
1696263300000,2023-10-02T16:15:00Z,0.0000002114,0.0000002114,0.0000002114,0.0000002114,1218756523.3,257.64512902562
1696263600000,2023-10-02T16:20:00Z,0.0000002114,0.0000002114,0.0000002114,0.0000002114,188710024.8,39.89329924272
1696263900000,2023-10-02T16:25:00Z,0.0000002114,0.0000002114,0.0000002114,0.0000002114,283451225.6,59.92158909184
1696264200000,2023-10-02T16:30:00Z,0.0000002114,0.0000002114,0.0000002114,0.0000002114,173117719.6,36.59708592344
1696264500000,2023-10-02T16:35:00Z,0.0000002114,0.0000002114,0.0000002114,0.0000002114,188856867.7,39.92434183178
1696264800000,2023-10-02T16:40:00Z,0.0000002114,0.0000002114,0.0000002113,0.0000002113,703730,0.148698149
1696265100000,2023-10-02T16:45:00Z,0.0000002113,0.0000002113,0.0000002113,0.0000002113,0,0
1696265400000,2023-10-02T16:50:00Z,0.0000002113,0.0000002113,0.0000002113,0.0000002113,0,0
1696265700000,2023-10-02T16:55:00Z,0.0000002113,0.0000002113,0.0000002083,0.0000002093,6098247197.8,1275.67831601983
1696266000000,2023-10-02T17:00:00Z,0.0000002093,0.0000002093,0.0000002087,0.0000002088,2690675619.3,562.71118079351
1696266300000,2023-10-02T17:05:00Z,0.0000002088,0.0000002088,0.0000002085,0.0000002085,194920607,40.66526110273
1696266600000,2023-10-02T17:10:00Z,0.0000002085,0.0000002091,0.0000002079,0.0000002085,1798754154.4,374.72942546943
1696266900000,2023-10-02T17:15:00Z,0.0000002085,0.0000002093,0.0000002085,0.0000002093,2510773227.4,524.89792081853
1696267200000,2023-10-02T17:20:00Z,0.0000002093,0.0000002093,0.0000002092,0.0000002093,2714620874.4,568.16223808739
1696267500000,2023-10-02T17:25:00Z,0.0000002093,0.0000002093,0.0000002086,0.0000002086,792911511.7,165.64685541616
1696267800000,2023-10-02T17:30:00Z,0.0000002086,0.0000002086,0.0000002086,0.0000002086,0,0
1696268100000,2023-10-02T17:35:00Z,0.0000002086,0.0000002092,0.0000002083,0.0000002088,1610184188.1,335.49546320902
1696268400000,2023-10-02T17:40:00Z,0.0000002088,0.0000002089,0.0000002079,0.0000002079,1750116638.7,364.53960141917
1696268700000,2023-10-02T17:45:00Z,0.0000002079,0.0000002085,0.0000002079,0.0000002085,192038314.8,40.03037819918
1696269000000,2023-10-02T17:50:00Z,0.0000002085,0.0000002085,0.0000002084,0.0000002085,95979610.9,20.002597206
1696269300000,2023-10-02T17:55:00Z,0.0000002085,0.0000002091,0.0000002085,0.0000002091,6360215.8,1.32992112378
1696269600000,2023-10-02T18:00:00Z,0.0000002091,0.0000002091,0.0000002084,0.0000002084,166329627,34.67826294064
1696269900000,2023-10-02T18:05:00Z,0.0000002084,0.0000002089,0.0000002084,0.0000002089,12686796.2,2.65027172618
1696270200000,2023-10-02T18:10:00Z,0.0000002089,0.0000002089,0.0000002084,0.0000002089,1070686633,223.30607514767
1696270500000,2023-10-02T18:15:00Z,0.0000002089,0.0000002092,0.0000002087,0.0000002087,101150513.5,21.1579437797
1696270800000,2023-10-02T18:20:00Z,0.0000002087,0.0000002087,0.0000002087,0.0000002087,0,0
1696271100000,2023-10-02T18:25:00Z,0.0000002087,0.0000002093,0.0000002087,0.0000002092,3563728420.5,744.51951069066
1696271400000,2023-10-02T18:30:00Z,0.0000002092,0.0000002092,0.0000002085,0.0000002085,960622868.2,200.36916108223
1696271700000,2023-10-02T18:35:00Z,0.0000002085,0.0000002085,0.000000208,0.000000208,1782152265.3,371.04307118238
1696272000000,2023-10-02T18:40:00Z,0.000000208,0.000000208,0.0000002059,0.0000002064,8396323975.2,1731.71303274998
1696272300000,2023-10-02T18:45:00Z,0.0000002064,0.0000002067,0.0000002032,0.0000002044,8667348938.1,1772.38792438987
1696272600000,2023-10-02T18:50:00Z,0.0000002044,0.000000206,0.0000002044,0.000000205,5463375158.8,1121.25614390882
1696272900000,2023-10-02T18:55:00Z,0.000000205,0.0000002058,0.000000205,0.0000002055,3978753399.8,817.50609973724
1696273200000,2023-10-02T19:00:00Z,0.0000002055,0.0000002055,0.0000002045,0.0000002047,458060061.4,93.73980839515
1696273500000,2023-10-02T19:05:00Z,0.0000002047,0.0000002051,0.0000001987,0.0000001987,33539821334.4,6734.41898014218
1696273800000,2023-10-02T19:10:00Z,0.0000001987,0.0000002023,0.0000001987,0.0000002023,2309493664.1,465.10448307745
1696274100000,2023-10-02T19:15:00Z,0.0000002023,0.0000002041,0.0000002023,0.0000002041,1151933313.9,233.71064379221
1696274400000,2023-10-02T19:20:00Z,0.0000002041,0.000000205,0.0000002038,0.0000002047,1252065320.3,255.47754691427
1696274700000,2023-10-02T19:25:00Z,0.0000002047,0.0000002047,0.0000002029,0.0000002029,188716987.2,38.41574260072
1696275000000,2023-10-02T19:30:00Z,0.0000002029,0.000000204,0.0000002029,0.000000204,427448264,87.08285412802
1696275300000,2023-10-02T19:35:00Z,0.000000204,0.000000204,0.0000002036,0.0000002039,920074039.7,187.4863113175
1696275600000,2023-10-02T19:40:00Z,0.0000002039,0.0000002043,0.0000002037,0.0000002043,457628993.2,93.25651134447
1696275900000,2023-10-02T19:45:00Z,0.0000002043,0.0000002043,0.0000002036,0.0000002039,273455410.5,55.71498593874
1696276200000,2023-10-02T19:50:00Z,0.0000002039,0.0000002039,0.0000002032,0.0000002032,194079053.3,39.48859466481
1696276500000,2023-10-02T19:55:00Z,0.0000002032,0.0000002044,0.0000002032,0.0000002044,201195492.2,41.08302398448
1696276800000,2023-10-02T20:00:00Z,0.0000002044,0.0000002044,0.0000002041,0.0000002044,195856644,40.00369982694
1696277100000,2023-10-02T20:05:00Z,0.0000002044,0.0000002044,0.0000002036,0.0000002043,784309500.2,159.77496016826
1696277400000,2023-10-02T20:10:00Z,0.0000002043,0.0000002043,0.0000002036,0.0000002039,490907350.4,100.02861511026
1696277700000,2023-10-02T20:15:00Z,0.0000002039,0.000000204,0.0000002033,0.0000002033,5805710490.4,1181.0849887395
1696278000000,2023-10-02T20:20:00Z,0.0000002033,0.0000002033,0.0000002033,0.0000002033,0,0
1696278300000,2023-10-02T20:25:00Z,0.0000002033,0.0000002033,0.0000002033,0.0000002033,0,0
1696278600000,2023-10-02T20:30:00Z,0.0000002033,0.0000002033,0.0000002033,0.0000002033,0,0
1696278900000,2023-10-02T20:35:00Z,0.0000002033,0.0000002033,0.0000002033,0.0000002033,0,0
1696279200000,2023-10-02T20:40:00Z,0.0000002033,0.0000002033,0.0000002033,0.0000002033,0,0
1696279500000,2023-10-02T20:45:00Z,0.0000002033,0.0000002033,0.0000002033,0.0000002033,0,0
1696279800000,2023-10-02T20:50:00Z,0.0000002033,0.0000002034,0.0000002033,0.0000002034,737825873,150.0737825682
1696280100000,2023-10-02T20:55:00Z,0.0000002034,0.0000002034,0.0000002034,0.0000002034,0,0
1696280400000,2023-10-02T21:00:00Z,0.0000002034,0.0000002035,0.0000002034,0.0000002035,98351170.8,20.0144632578
1696280700000,2023-10-02T21:05:00Z,0.0000002035,0.0000002039,0.0000002032,0.0000002032,464949742.2,94.73427562864
1696281000000,2023-10-02T21:10:00Z,0.0000002032,0.0000002032,0.0000002029,0.0000002029,98551686.7,19.99719254527
1696281300000,2023-10-02T21:15:00Z,0.0000002029,0.0000002029,0.0000002029,0.0000002029,0,0
1696281600000,2023-10-02T21:20:00Z,0.0000002029,0.0000002029,0.0000002015,0.0000002023,594681066.9,120.26323490138
1696281900000,2023-10-02T21:25:00Z,0.0000002023,0.0000002023,0.0000002023,0.0000002023,0,0
1696282200000,2023-10-02T21:30:00Z,0.0000002023,0.0000002023,0.000000202,0.000000202,4955401.3,1.0009910626
1696282500000,2023-10-02T21:35:00Z,0.000000202,0.000000202,0.0000002013,0.0000002013,4950445.8,0.99652473954
1696282800000,2023-10-02T21:40:00Z,0.0000002013,0.000000202,0.0000002013,0.0000002013,2107925069.2,425.02736285763
1696283100000,2023-10-02T21:45:00Z,0.0000002013,0.0000002013,0.0000001989,0.0000001997,919925135.4,184.03526239615
1696283400000,2023-10-02T21:50:00Z,0.0000001997,0.0000002001,0.0000001997,0.0000002,186116803,37.21869772333
1696283700000,2023-10-02T21:55:00Z,0.0000002,0.0000002,0.0000001999,0.0000001999,427000000,85.3573
1696284000000,2023-10-02T22:00:00Z,0.0000001999,0.0000002003,0.0000001999,0.0000002003,7018772,1.4058600316
1696284300000,2023-10-02T22:05:00Z,0.0000002003,0.0000002003,0.0000002003,0.0000002003,0,0
1696284600000,2023-10-02T22:10:00Z,0.0000002003,0.0000002012,0.0000001989,0.0000001999,2601093199.7,519.468298854
1696284900000,2023-10-02T22:15:00Z,0.0000001999,0.0000002,0.0000001996,0.0000001996,205525628.7,41.1026371992
1696285200000,2023-10-02T22:20:00Z,0.0000001996,0.0000002004,0.0000001996,0.0000002004,99919329.2,20.01617269991
1696285500000,2023-10-02T22:25:00Z,0.0000002004,0.0000002004,0.0000002004,0.0000002004,0,0
1696285800000,2023-10-02T22:30:00Z,0.0000002004,0.0000002004,0.0000002004,0.0000002004,0,0
1696286100000,2023-10-02T22:35:00Z,0.0000002004,0.0000002015,0.0000002004,0.0000002013,920784880.4,185.36306304762
1696286400000,2023-10-02T22:40:00Z,0.0000002013,0.0000002016,0.0000002013,0.0000002016,13559283.1,2.73355147296
1696286700000,2023-10-02T22:45:00Z,0.0000002016,0.0000002016,0.0000002016,0.0000002016,0,0
1696287000000,2023-10-02T22:50:00Z,0.0000002016,0.0000002016,0.0000002016,0.0000002016,0,0
1696287300000,2023-10-02T22:55:00Z,0.0000002016,0.0000002023,0.0000002015,0.0000002022,179422866.2,36.25230773256
1696287600000,2023-10-02T23:00:00Z,0.0000002022,0.0000002023,0.0000002022,0.0000002023,119122617.8,24.09850558094
1696287900000,2023-10-02T23:05:00Z,0.0000002023,0.0000002037,0.0000002023,0.0000002037,196634051.6,40.0379007814
1696288200000,2023-10-02T23:10:00Z,0.0000002037,0.0000002037,0.0000002037,0.0000002037,0,0
1696288500000,2023-10-02T23:15:00Z,0.0000002037,0.0000002037,0.0000002037,0.0000002037,0,0
1696288800000,2023-10-02T23:20:00Z,0.0000002037,0.0000002037,0.0000002031,0.0000002031,14360325.7,2.91658214967
1696289100000,2023-10-02T23:25:00Z,0.0000002031,0.0000002031,0.0000002031,0.0000002031,0,0
1696289400000,2023-10-02T23:30:00Z,0.0000002031,0.0000002038,0.0000002031,0.0000002038,245397448.4,49.99999998392
1696289700000,2023-10-02T23:35:00Z,0.0000002038,0.0000002038,0.0000002038,0.0000002038,0,0
1696290000000,2023-10-02T23:40:00Z,0.0000002038,0.0000002038,0.0000002038,0.0000002038,0,0
1696290300000,2023-10-02T23:45:00Z,0.0000002038,0.0000002038,0.0000002038,0.0000002038,0,0
1696290600000,2023-10-02T23:50:00Z,0.0000002038,0.0000002038,0.0000002038,0.0000002038,0,0
1696290900000,2023-10-02T23:55:00Z,0.0000002038,0.0000002038,0.0000002038,0.0000002038,0,0
1696291200000,2023-10-03T00:00:00Z,0.0000002038,0.0000002038,0.0000002038,0.0000002038,0,0
1696291500000,2023-10-03T00:05:00Z,0.0000002038,0.0000002038,0.0000002038,0.0000002038,0,0
1696291800000,2023-10-03T00:10:00Z,0.0000002038,0.0000002038,0.0000002038,0.0000002038,0,0
1696292100000,2023-10-03T00:15:00Z,0.0000002038,0.0000002052,0.0000002038,0.0000002052,239316694,48.95904977767
1696292400000,2023-10-03T00:20:00Z,0.0000002052,0.0000002052,0.0000002045,0.0000002045,92221807.8,18.8593596951
1696292700000,2023-10-03T00:25:00Z,0.0000002045,0.0000002045,0.0000002045,0.0000002045,0,0
1696293000000,2023-10-03T00:30:00Z,0.0000002045,0.0000002045,0.0000002045,0.0000002045,0,0
1696293300000,2023-10-03T00:35:00Z,0.0000002045,0.0000002048,0.0000002045,0.0000002048,102964014,21.0870300672
1696293600000,2023-10-03T00:40:00Z,0.0000002048,0.0000002048,0.0000002048,0.0000002048,0,0
1696293900000,2023-10-03T00:45:00Z,0.0000002048,0.0000002048,0.0000002045,0.0000002045,174998690.4,35.7872321868
1696294200000,2023-10-03T00:50:00Z,0.0000002045,0.0000002045,0.0000002043,0.0000002043,391888394.4,80.08237775547
1696294500000,2023-10-03T00:55:00Z,0.0000002043,0.0000002043,0.0000002039,0.0000002039,588880736.5,120.16103751992
1696294800000,2023-10-03T01:00:00Z,0.0000002039,0.0000002046,0.0000002038,0.0000002046,316001531,64.5606599021
1696295100000,2023-10-03T01:05:00Z,0.0000002046,0.0000002046,0.0000002037,0.0000002037,98199958.7,20.00333158719
1696295400000,2023-10-03T01:10:00Z,0.0000002037,0.0000002037,0.0000002037,0.0000002037,0,0
1696295700000,2023-10-03T01:15:00Z,0.0000002037,0.0000002044,0.0000002037,0.0000002044,195799066.6,40.02132921304
1696296000000,2023-10-03T01:20:00Z,0.0000002044,0.0000002051,0.0000002043,0.0000002044,1268066409.4,259.29029665469
1696296300000,2023-10-03T01:25:00Z,0.0000002044,0.0000002044,0.0000002044,0.0000002044,0,0
1696296600000,2023-10-03T01:30:00Z,0.0000002044,0.0000002044,0.0000002044,0.0000002044,0,0
1696296900000,2023-10-03T01:35:00Z,0.0000002044,0.0000002045,0.0000002044,0.0000002045,195871986.8,40.0558213006
1696297200000,2023-10-03T01:40:00Z,0.0000002045,0.0000002045,0.0000002045,0.0000002045,0,0
1696297500000,2023-10-03T01:45:00Z,0.0000002045,0.0000002045,0.0000002039,0.0000002039,97923983.4,19.98073245376
1696297800000,2023-10-03T01:50:00Z,0.0000002039,0.0000002039,0.0000002039,0.0000002039,0,0
1696298100000,2023-10-03T01:55:00Z,0.0000002039,0.0000002039,0.0000002039,0.0000002039,0,0
1696298400000,2023-10-03T02:00:00Z,0.0000002039,0.0000002039,0.0000002039,0.0000002039,0,0
1696298700000,2023-10-03T02:05:00Z,0.0000002039,0.0000002045,0.0000002039,0.0000002045,391319131.8,80.0247624531
1696299000000,2023-10-03T02:10:00Z,0.0000002045,0.000000205,0.0000002045,0.000000205,30000000,6.15
1696299300000,2023-10-03T02:15:00Z,0.000000205,0.0000002061,0.000000205,0.0000002061,97367926.5,20.04730258175
1696299600000,2023-10-03T02:20:00Z,0.0000002061,0.0000002061,0.0000002061,0.0000002061,0,0
1696299900000,2023-10-03T02:25:00Z,0.0000002061,0.0000002061,0.0000002061,0.0000002061,0,0
1696300200000,2023-10-03T02:30:00Z,0.0000002061,0.0000002061,0.0000002061,0.0000002061,0,0
1696300500000,2023-10-03T02:35:00Z,0.0000002061,0.0000002061,0.0000002061,0.0000002061,0,0
1696300800000,2023-10-03T02:40:00Z,0.0000002061,0.0000002064,0.0000002035,0.0000002035,1443539562.9,295.3324731354
1696301100000,2023-10-03T02:45:00Z,0.0000002035,0.0000002035,0.0000002035,0.0000002035,0,0
1696301400000,2023-10-03T02:50:00Z,0.0000002035,0.0000002035,0.0000002035,0.0000002035,0,0
1696301700000,2023-10-03T02:55:00Z,0.0000002035,0.0000002035,0.000000203,0.000000203,196110008.2,39.83397160652
1696302000000,2023-10-03T03:00:00Z,0.000000203,0.000000203,0.000000203,0.000000203,0,0
1696302300000,2023-10-03T03:05:00Z,0.000000203,0.000000203,0.000000203,0.000000203,0,0
1696302600000,2023-10-03T03:10:00Z,0.000000203,0.000000203,0.000000203,0.000000203,0,0
1696302900000,2023-10-03T03:15:00Z,0.000000203,0.000000203,0.000000203,0.000000203,0,0
1696303200000,2023-10-03T03:20:00Z,0.000000203,0.000000203,0.000000203,0.000000203,1000000,0.203
1696303500000,2023-10-03T03:25:00Z,0.000000203,0.000000203,0.0000002027,0.0000002027,246669955.5,49.99999997985
1696303800000,2023-10-03T03:30:00Z,0.0000002027,0.0000002027,0.0000002027,0.0000002027,0,0
1696304100000,2023-10-03T03:35:00Z,0.0000002027,0.0000002027,0.0000002026,0.0000002026,790208707.8,160.15930601904
1696304400000,2023-10-03T03:40:00Z,0.0000002026,0.0000002026,0.0000002024,0.0000002024,5665389,1.1466747336
1696304700000,2023-10-03T03:45:00Z,0.0000002024,0.0000002024,0.0000002024,0.0000002024,0,0
1696305000000,2023-10-03T03:50:00Z,0.0000002024,0.0000002024,0.0000002024,0.0000002024,0,0
1696305300000,2023-10-03T03:55:00Z,0.0000002024,0.0000002024,0.0000002024,0.0000002024,0,0
1696305600000,2023-10-03T04:00:00Z,0.0000002024,0.0000002024,0.0000002019,0.0000002019,303100954.3,61.19608267317
1696305900000,2023-10-03T04:05:00Z,0.0000002019,0.0000002019,0.0000002004,0.0000002011,488885642.3,98.33395590363
1696306200000,2023-10-03T04:10:00Z,0.0000002011,0.0000002011,0.0000002011,0.0000002011,0,0
1696306500000,2023-10-03T04:15:00Z,0.0000002011,0.0000002011,0.0000002011,0.0000002011,0,0
1696306800000,2023-10-03T04:20:00Z,0.0000002011,0.0000002012,0.0000002011,0.0000002012,140375413.7,28.24353323644
1696307100000,2023-10-03T04:25:00Z,0.0000002012,0.0000002012,0.0000002012,0.0000002012,0,0
1696307400000,2023-10-03T04:30:00Z,0.0000002012,0.0000002012,0.0000002012,0.0000002012,0,0
1696307700000,2023-10-03T04:35:00Z,0.0000002012,0.0000002012,0.0000002012,0.0000002012,0,0
1696308000000,2023-10-03T04:40:00Z,0.0000002012,0.0000002014,0.0000002012,0.0000002014,293564100.7,59.12380988098
1696308300000,2023-10-03T04:45:00Z,0.0000002014,0.0000002014,0.0000002014,0.0000002014,0,0
1696308600000,2023-10-03T04:50:00Z,0.0000002014,0.0000002014,0.0000002014,0.0000002014,0,0
1696308900000,2023-10-03T04:55:00Z,0.0000002014,0.0000002014,0.0000002012,0.0000002013,322924211.7,65.01229071775
1696309200000,2023-10-03T05:00:00Z,0.0000002013,0.0000002013,0.0000002013,0.0000002013,0,0
1696309500000,2023-10-03T05:05:00Z,0.0000002013,0.0000002013,0.0000002013,0.0000002013,0,0
1696309800000,2023-10-03T05:10:00Z,0.0000002013,0.0000002013,0.0000002012,0.0000002012,49701789.2,9.99999998704
1696310100000,2023-10-03T05:15:00Z,0.0000002012,0.0000002012,0.0000002011,0.0000002011,49726504.2,9.99999999462
1696310400000,2023-10-03T05:20:00Z,0.0000002011,0.0000002011,0.0000002011,0.0000002011,0,0
1696310700000,2023-10-03T05:25:00Z,0.0000002011,0.0000002011,0.0000002011,0.0000002011,0,0
1696311000000,2023-10-03T05:30:00Z,0.0000002011,0.0000002011,0.0000002011,0.0000002011,0,0
1696311300000,2023-10-03T05:35:00Z,0.0000002011,0.0000002021,0.0000002011,0.0000002012,970735358.9,195.44975606529
1696311600000,2023-10-03T05:40:00Z,0.0000002012,0.0000002014,0.0000002012,0.0000002014,99419107.4,20.02300823036
1696311900000,2023-10-03T05:45:00Z,0.0000002014,0.0000002014,0.0000002014,0.0000002014,0,0
1696312200000,2023-10-03T05:50:00Z,0.0000002014,0.0000002018,0.0000002014,0.0000002017,225057739.2,45.40559507476
1696312500000,2023-10-03T05:55:00Z,0.0000002017,0.0000002017,0.0000002017,0.0000002017,0,0
1696312800000,2023-10-03T06:00:00Z,0.0000002017,0.0000002017,0.0000002017,0.0000002017,0,0
1696313100000,2023-10-03T06:05:00Z,0.0000002017,0.0000002017,0.0000002017,0.0000002017,0,0
1696313400000,2023-10-03T06:10:00Z,0.0000002017,0.0000002017,0.0000002017,0.0000002017,0,0
1696313700000,2023-10-03T06:15:00Z,0.0000002017,0.0000002019,0.0000002017,0.0000002019,80316637.9,16.21592919201
1696314000000,2023-10-03T06:20:00Z,0.0000002019,0.0000002019,0.0000002019,0.0000002019,0,0
1696314300000,2023-10-03T06:25:00Z,0.0000002019,0.0000002019,0.0000002019,0.0000002019,0,0
1696314600000,2023-10-03T06:30:00Z,0.0000002019,0.0000002033,0.0000002019,0.0000002033,558261650.9,113.06713075937
1696314900000,2023-10-03T06:35:00Z,0.0000002033,0.0000002033,0.0000002022,0.0000002022,3321804140.8,673.16450651189
1696315200000,2023-10-03T06:40:00Z,0.0000002022,0.0000002024,0.0000002022,0.0000002023,3694489485.5,747.75421623978
1696315500000,2023-10-03T06:45:00Z,0.0000002023,0.0000002028,0.0000002023,0.0000002026,1407460,0.285292142
1696315800000,2023-10-03T06:50:00Z,0.0000002026,0.0000002026,0.0000002024,0.0000002024,398981798.4,80.75391599616
1696316100000,2023-10-03T06:55:00Z,0.0000002024,0.0000002033,0.0000002024,0.0000002028,137407038.7,27.84883790348
1696316400000,2023-10-03T07:00:00Z,0.0000002028,0.000000203,0.0000002028,0.000000203,1006467156.3,204.21892522141
1696316700000,2023-10-03T07:05:00Z,0.000000203,0.000000203,0.000000203,0.000000203,0,0
1696317000000,2023-10-03T07:10:00Z,0.000000203,0.000000203,0.000000203,0.000000203,0,0
1696317300000,2023-10-03T07:15:00Z,0.000000203,0.000000203,0.000000203,0.000000203,1039704685.7,211.0600511971
1696317600000,2023-10-03T07:20:00Z,0.000000203,0.0000002036,0.0000002029,0.0000002036,163765026,33.23173618985
1696317900000,2023-10-03T07:25:00Z,0.0000002036,0.0000002036,0.0000002036,0.0000002036,0,0
1696318200000,2023-10-03T07:30:00Z,0.0000002036,0.0000002036,0.0000002025,0.0000002025,24003951.9,4.86080025975
1696318500000,2023-10-03T07:35:00Z,0.0000002025,0.0000002029,0.0000002025,0.0000002029,88258751.2,17.90770061848
1696318800000,2023-10-03T07:40:00Z,0.0000002029,0.0000002031,0.0000002029,0.000000203,1103802731.4,224.13302741056
1696319100000,2023-10-03T07:45:00Z,0.000000203,0.000000203,0.0000002029,0.0000002029,98624315.5,20.020586303
1696319400000,2023-10-03T07:50:00Z,0.0000002029,0.0000002036,0.0000002023,0.0000002028,1172236186.4,237.92156162428
1696319700000,2023-10-03T07:55:00Z,0.0000002028,0.0000002035,0.0000002026,0.0000002027,268225172.6,54.37851140742
1696320000000,2023-10-03T08:00:00Z,0.0000002027,0.0000002028,0.0000002025,0.0000002025,441291713,89.41255311
1696320300000,2023-10-03T08:05:00Z,0.0000002025,0.000000203,0.0000002025,0.0000002026,310809454,63.0250617148
1696320600000,2023-10-03T08:10:00Z,0.0000002026,0.0000002027,0.0000002026,0.0000002027,193625310,39.2412776788
1696320900000,2023-10-03T08:15:00Z,0.0000002027,0.000000203,0.0000002027,0.0000002027,557792705,113.092821517
1696321200000,2023-10-03T08:20:00Z,0.0000002027,0.0000002027,0.0000002027,0.0000002027,99548362,20.1784529774
1696321500000,2023-10-03T08:25:00Z,0.0000002027,0.000000203,0.0000002027,0.000000203,646981650,131.265986167
1696321800000,2023-10-03T08:30:00Z,0.000000203,0.000000203,0.0000002022,0.0000002022,1135346310,230.3477279565
1696322100000,2023-10-03T08:35:00Z,0.0000002022,0.0000002022,0.0000002022,0.0000002022,208687960,42.196705512
1696322400000,2023-10-03T08:40:00Z,0.0000002022,0.0000002022,0.000000202,0.0000002022,458702714,92.7301469098
1696322700000,2023-10-03T08:45:00Z,0.0000002022,0.0000002022,0.0000002022,0.0000002022,53580412,10.8339593064
1696323000000,2023-10-03T08:50:00Z,0.0000002022,0.0000002023,0.0000002021,0.0000002021,665756758,134.6014117114
1696323300000,2023-10-03T08:55:00Z,0.0000002021,0.0000002021,0.000000202,0.000000202,261711205,52.86566341
1696323600000,2023-10-03T09:00:00Z,0.000000202,0.0000002026,0.000000202,0.0000002025,916004366.4,185.52982896694
1696323900000,2023-10-03T09:05:00Z,0.0000002025,0.0000002026,0.0000002023,0.0000002023,190337887,38.5300212577
1696324200000,2023-10-03T09:10:00Z,0.0000002023,0.0000002028,0.0000002022,0.0000002028,680631636.9,137.80708263162
1696324500000,2023-10-03T09:15:00Z,0.0000002028,0.0000002028,0.0000002022,0.0000002022,385851933,78.158552471
1696324800000,2023-10-03T09:20:00Z,0.0000002022,0.0000002025,0.000000202,0.0000002025,182762897,36.962209745
1696325100000,2023-10-03T09:25:00Z,0.0000002025,0.000000203,0.0000002019,0.0000002019,7515986624.6,1523.95772936491
1696325400000,2023-10-03T09:30:00Z,0.0000002019,0.0000002021,0.0000002019,0.000000202,1014995930.4,205.04900042617
1696325700000,2023-10-03T09:35:00Z,0.000000202,0.0000002026,0.0000002004,0.0000002012,2382712134.3,479.66295001087
1696326000000,2023-10-03T09:40:00Z,0.0000002012,0.0000002016,0.0000002011,0.0000002011,2114187158,425.76546106324
1696326300000,2023-10-03T09:45:00Z,0.0000002011,0.0000002017,0.0000002011,0.0000002017,249761378.7,50.28686465511
1696326600000,2023-10-03T09:50:00Z,0.0000002017,0.0000002024,0.0000002011,0.0000002011,2641194300.8,532.10006508713
1696326900000,2023-10-03T09:55:00Z,0.0000002011,0.0000002011,0.0000002002,0.0000002002,187899670.4,37.69845774216
1696327200000,2023-10-03T10:00:00Z,0.0000002002,0.0000002013,0.0000002002,0.0000002013,829374262.2,166.90120822026
1696327500000,2023-10-03T10:05:00Z,0.0000002013,0.0000002014,0.0000002013,0.0000002014,198848979.3,40.03519172332
1696327800000,2023-10-03T10:10:00Z,0.0000002014,0.0000002014,0.0000002008,0.0000002012,447757757,90.0672965812
1696328100000,2023-10-03T10:15:00Z,0.0000002012,0.0000002016,0.0000002008,0.0000002016,382397112,76.9120628724
1696328400000,2023-10-03T10:20:00Z,0.0000002016,0.0000002016,0.0000002012,0.0000002012,485824191,97.8118811157
1696328700000,2023-10-03T10:25:00Z,0.0000002012,0.0000002012,0.0000002011,0.0000002012,272550695.3,54.82275347393
1696329000000,2023-10-03T10:30:00Z,0.0000002012,0.0000002015,0.0000002012,0.0000002014,1164320984,234.3344401833
1696329300000,2023-10-03T10:35:00Z,0.0000002014,0.0000002018,0.0000002012,0.0000002017,631082931.8,127.18307486216
1696329600000,2023-10-03T10:40:00Z,0.0000002017,0.0000002018,0.0000002012,0.0000002012,768241722,154.7105459757
1696329900000,2023-10-03T10:45:00Z,0.0000002012,0.0000002016,0.0000002012,0.0000002014,81036583.4,16.32546625794
1696330200000,2023-10-03T10:50:00Z,0.0000002014,0.0000002016,0.0000002012,0.0000002015,741870069.8,149.41032531606
1696330500000,2023-10-03T10:55:00Z,0.0000002015,0.0000002023,0.0000002012,0.0000002014,1182134102.8,238.24451483401
1696330800000,2023-10-03T11:00:00Z,0.0000002014,0.0000002019,0.0000002012,0.0000002019,838117870,168.96555194406
1696331100000,2023-10-03T11:05:00Z,0.0000002019,0.0000002022,0.0000002015,0.0000002018,600053657.5,121.01704563434
1696331400000,2023-10-03T11:10:00Z,0.0000002018,0.0000002018,0.0000002006,0.0000002007,1741267027.6,350.49805897089
1696331700000,2023-10-03T11:15:00Z,0.0000002007,0.0000002011,0.0000002001,0.0000002011,1183967920.1,237.34391383781
1696332000000,2023-10-03T11:20:00Z,0.0000002011,0.0000002011,0.0000002002,0.0000002002,973470181.5,195.3276368677
1696332300000,2023-10-03T11:25:00Z,0.0000002002,0.0000002009,0.0000002002,0.0000002009,799048594,160.2632906778
1696332600000,2023-10-03T11:30:00Z,0.0000002009,0.0000002009,0.0000002001,0.0000002002,717805295,143.7302550364
1696332900000,2023-10-03T11:35:00Z,0.0000002002,0.0000002007,0.0000002002,0.0000002005,939906564,188.40980457083
1696333200000,2023-10-03T11:40:00Z,0.0000002005,0.0000002008,0.0000002001,0.0000002002,695355924,139.2532499491
1696333500000,2023-10-03T11:45:00Z,0.0000002002,0.0000002008,0.0000002002,0.0000002008,572288269,114.8302370593
1696333800000,2023-10-03T11:50:00Z,0.0000002008,0.0000002008,0.0000002005,0.0000002007,1220022922,244.8213894432
1696334100000,2023-10-03T11:55:00Z,0.0000002007,0.0000002009,0.0000002006,0.0000002006,1833102308,368.0819058405
1696334400000,2023-10-03T12:00:00Z,0.0000002006,0.000000201,0.0000002006,0.000000201,3264305915.6,656.00736064257
1696334700000,2023-10-03T12:05:00Z,0.000000201,0.000000201,0.000000201,0.000000201,0,0
1696335000000,2023-10-03T12:10:00Z,0.000000201,0.0000002012,0.000000201,0.0000002012,420017551,84.4994280978
1696335300000,2023-10-03T12:15:00Z,0.0000002012,0.0000002015,0.0000002006,0.0000002006,2055817490,413.12227092398
1696335600000,2023-10-03T12:20:00Z,0.0000002006,0.0000002014,0.0000002005,0.000000201,307996316.1,61.8107198043
1696335900000,2023-10-03T12:25:00Z,0.000000201,0.0000002012,0.0000002004,0.0000002011,1051711036,211.3755523675
1696336200000,2023-10-03T12:30:00Z,0.0000002011,0.0000002018,0.0000002007,0.0000002012,952608832.1,191.72024294617
1696336500000,2023-10-03T12:35:00Z,0.0000002012,0.0000002018,0.0000002012,0.0000002015,909937282,183.5942262678
1696336800000,2023-10-03T12:40:00Z,0.0000002015,0.0000002018,0.0000002015,0.0000002018,827138546,166.8563396434
1696337100000,2023-10-03T12:45:00Z,0.0000002018,0.0000002018,0.0000002006,0.0000002008,772822788,155.3150228935
1696337400000,2023-10-03T12:50:00Z,0.0000002008,0.0000002009,0.0000002003,0.0000002004,2282382550.6,458.02504078852
1696337700000,2023-10-03T12:55:00Z,0.0000002004,0.0000002008,0.0000002004,0.0000002008,391200907,78.5301463424
1696338000000,2023-10-03T13:00:00Z,0.0000002008,0.0000002009,0.0000002002,0.0000002004,1267605185.7,254.34888831525
1696338300000,2023-10-03T13:05:00Z,0.0000002004,0.0000002008,0.0000002001,0.0000002001,1020914912.3,204.61376846181
1696338600000,2023-10-03T13:10:00Z,0.0000002001,0.0000002005,0.0000001994,0.0000002005,1127956420.2,225.58994439995
1696338900000,2023-10-03T13:15:00Z,0.0000002005,0.0000002005,0.0000002002,0.0000002004,896526917,179.6847146675
1696339200000,2023-10-03T13:20:00Z,0.0000002004,0.0000002008,0.0000002003,0.0000002007,732656167.2,146.96977309191
1696339500000,2023-10-03T13:25:00Z,0.0000002007,0.0000002012,0.0000002005,0.0000002006,696180730.3,139.80445459626
1696339800000,2023-10-03T13:30:00Z,0.0000002006,0.0000002009,0.0000001997,0.0000002004,4604207587.8,923.18999706882
1696340100000,2023-10-03T13:35:00Z,0.0000002004,0.0000002005,0.0000001999,0.0000002005,697670191,139.6561943682
1696340400000,2023-10-03T13:40:00Z,0.0000002005,0.0000002005,0.0000002001,0.0000002001,328660298,65.7649256298
1696340700000,2023-10-03T13:45:00Z,0.0000002001,0.0000002001,0.0000002001,0.0000002001,192448630,38.508970863
1696341000000,2023-10-03T13:50:00Z,0.0000002001,0.0000002001,0.0000001999,0.0000001999,411378671.1,82.31648326149
1696341300000,2023-10-03T13:55:00Z,0.0000001999,0.0000002002,0.0000001997,0.0000001997,1117391287.3,223.41406450101
1696341600000,2023-10-03T14:00:00Z,0.0000001997,0.0000001997,0.0000001989,0.0000001991,412488352.4,82.20557139546
1696341900000,2023-10-03T14:05:00Z,0.0000001991,0.0000001993,0.0000001991,0.0000001993,505905248.5,100.82691602605
1696342200000,2023-10-03T14:10:00Z,0.0000001993,0.0000001994,0.0000001987,0.0000001994,1041431475.6,207.29375853165
1696342500000,2023-10-03T14:15:00Z,0.0000001994,0.0000001994,0.000000199,0.0000001993,976304406.6,194.53477322942
1696342800000,2023-10-03T14:20:00Z,0.0000001993,0.0000001993,0.0000001984,0.0000001984,1844380047.9,366.13711852289
1696343100000,2023-10-03T14:25:00Z,0.0000001984,0.0000001987,0.0000001984,0.0000001987,813700526.2,161.4997986302
1696343400000,2023-10-03T14:30:00Z,0.0000001987,0.0000001988,0.0000001979,0.0000001984,812998172.8,161.19863579699
1696343700000,2023-10-03T14:35:00Z,0.0000001984,0.0000001993,0.0000001984,0.0000001993,875860641.5,174.18056214255
1696344000000,2023-10-03T14:40:00Z,0.0000001993,0.0000001994,0.0000001984,0.000000199,509965843.6,101.44355203564
1696344300000,2023-10-03T14:45:00Z,0.000000199,0.0000001999,0.0000001987,0.0000001987,1386174544.7,276.34607973611
1696344600000,2023-10-03T14:50:00Z,0.0000001987,0.0000001994,0.0000001987,0.0000001994,394507195,78.592756365
1696344900000,2023-10-03T14:55:00Z,0.0000001994,0.0000001994,0.000000199,0.000000199,372849511,74.2650723941
1696345200000,2023-10-03T15:00:00Z,0.000000199,0.0000001994,0.0000001984,0.0000001984,1664559802.3,330.87921156345
1696345500000,2023-10-03T15:05:00Z,0.0000001984,0.0000001994,0.0000001981,0.0000001981,3571334358.6,707.86574383608
1696345800000,2023-10-03T15:10:00Z,0.0000001981,0.0000001988,0.0000001981,0.0000001988,194161464,38.5992990432
1696346100000,2023-10-03T15:15:00Z,0.0000001988,0.0000001992,0.0000001979,0.0000001979,2187412308,433.7674230199
1696346400000,2023-10-03T15:20:00Z,0.0000001979,0.0000001994,0.0000001979,0.0000001987,1026945791.3,204.19328816292
1696346700000,2023-10-03T15:25:00Z,0.0000001987,0.0000001987,0.0000001977,0.0000001977,648640004,128.38437419829
1696347000000,2023-10-03T15:30:00Z,0.0000001977,0.0000001993,0.0000001977,0.0000001993,1253266810.2,249.09004207821
1696347300000,2023-10-03T15:35:00Z,0.0000001993,0.0000001993,0.0000001977,0.0000001984,2019472072.4,399.82971048714
1696347600000,2023-10-03T15:40:00Z,0.0000001984,0.0000001989,0.0000001984,0.0000001987,1466791787.3,291.44852616173
1696347900000,2023-10-03T15:45:00Z,0.0000001987,0.0000001992,0.0000001981,0.0000001992,868813246.8,172.63785687226
1696348200000,2023-10-03T15:50:00Z,0.0000001992,0.0000001992,0.0000001983,0.0000001988,6117399595.7,1215.15667358085
1696348500000,2023-10-03T15:55:00Z,0.0000001988,0.0000002,0.0000001988,0.0000001997,1773232421.6,353.2176294513
1696348800000,2023-10-03T16:00:00Z,0.0000001997,0.0000001997,0.0000001987,0.0000001987,138162579.3,27.48620785161
1696349100000,2023-10-03T16:05:00Z,0.0000001987,0.0000001992,0.0000001987,0.0000001991,737445311,146.8122805398
1696349400000,2023-10-03T16:10:00Z,0.0000001991,0.0000001997,0.0000001991,0.0000001992,914350131.6,182.34547915312
1696349700000,2023-10-03T16:15:00Z,0.0000001992,0.0000001996,0.000000199,0.0000001996,579980924.2,115.53595183344
1696350000000,2023-10-03T16:20:00Z,0.0000001996,0.0000001996,0.0000001985,0.0000001988,672019222.9,133.49902050786
1696350300000,2023-10-03T16:25:00Z,0.0000001988,0.0000001991,0.0000001985,0.0000001986,439573968,87.3272761262
1696350600000,2023-10-03T16:30:00Z,0.0000001986,0.0000001986,0.0000001984,0.0000001984,80891475,16.04886864
1696350900000,2023-10-03T16:35:00Z,0.0000001984,0.0000001998,0.0000001984,0.0000001998,1052532984.1,209.88184468942
1696351200000,2023-10-03T16:40:00Z,0.0000001998,0.0000001998,0.000000199,0.0000001995,259788729,51.7485255705
1696351500000,2023-10-03T16:45:00Z,0.0000001995,0.0000001995,0.0000001987,0.0000001992,758990078.7,150.97732350068
1696351800000,2023-10-03T16:50:00Z,0.0000001992,0.0000001992,0.0000001988,0.000000199,511540524,101.7908060204
1696352100000,2023-10-03T16:55:00Z,0.000000199,0.000000199,0.000000199,0.000000199,76967589,15.316550211
1696352400000,2023-10-03T17:00:00Z,0.000000199,0.000000199,0.0000001989,0.0000001989,181749475,36.1550066458
1696352700000,2023-10-03T17:05:00Z,0.0000001989,0.0000001992,0.0000001989,0.0000001992,558215279.6,111.12250015764
1696353000000,2023-10-03T17:10:00Z,0.0000001992,0.0000001992,0.0000001991,0.0000001992,100460328.6,20.00869745712
1696353300000,2023-10-03T17:15:00Z,0.0000001992,0.0000001992,0.000000198,0.0000001988,989856302.5,196.69862238039
1696353600000,2023-10-03T17:20:00Z,0.0000001988,0.000000199,0.0000001988,0.000000199,2000339650.9,397.82831970126
1696353900000,2023-10-03T17:25:00Z,0.000000199,0.0000001991,0.000000199,0.0000001991,521892861,103.9088686251
1696354200000,2023-10-03T17:30:00Z,0.0000001991,0.0000001997,0.000000199,0.0000001995,1263211836.8,251.66136264159
1696354500000,2023-10-03T17:35:00Z,0.0000001995,0.0000002002,0.0000001994,0.0000002001,625731679.5,124.8612040472
1696354800000,2023-10-03T17:40:00Z,0.0000002001,0.0000002001,0.0000001995,0.0000001998,1588141762.2,316.94694889835
1696355100000,2023-10-03T17:45:00Z,0.0000001998,0.0000001998,0.0000001991,0.0000001991,922543484,183.9282006548
1696355400000,2023-10-03T17:50:00Z,0.0000001991,0.0000001998,0.0000001991,0.0000001992,1045835670.7,208.53503833686
1696355700000,2023-10-03T17:55:00Z,0.0000001992,0.0000001997,0.0000001992,0.0000001993,1373804697,274.0350659865
1696356000000,2023-10-03T18:00:00Z,0.0000001993,0.0000001996,0.0000001993,0.0000001996,139455284.9,27.81589653907
1696356300000,2023-10-03T18:05:00Z,0.0000001996,0.0000001996,0.0000001993,0.0000001993,1611082983,321.4082775446
1696356600000,2023-10-03T18:10:00Z,0.0000001993,0.0000002002,0.0000001993,0.0000001998,1192802761.5,238.02918612735
1696356900000,2023-10-03T18:15:00Z,0.0000001998,0.0000001998,0.0000001993,0.0000001993,1249674880.6,249.37501253522
1696357200000,2023-10-03T18:20:00Z,0.0000001993,0.0000002,0.0000001984,0.0000001995,5467208672,1087.4565307246
1696357500000,2023-10-03T18:25:00Z,0.0000001995,0.0000001996,0.0000001985,0.0000001988,1157982738.6,230.35241902446
1696357800000,2023-10-03T18:30:00Z,0.0000001988,0.0000001999,0.0000001988,0.0000001997,966708784,193.0212627611
1696358100000,2023-10-03T18:35:00Z,0.0000001997,0.0000002017,0.0000001986,0.000000199,18612936700.7,3724.78087127367
1696358400000,2023-10-03T18:40:00Z,0.000000199,0.0000001995,0.0000001989,0.0000001995,613864317.2,122.19139321953
1696358700000,2023-10-03T18:45:00Z,0.0000001995,0.0000002006,0.0000001995,0.0000001998,5958309603.7,1190.68736760413
1696359000000,2023-10-03T18:50:00Z,0.0000001998,0.0000002003,0.0000001992,0.0000002001,841471172.9,168.32725748987
1696359300000,2023-10-03T18:55:00Z,0.0000002001,0.0000002001,0.0000001993,0.0000001993,717211076.6,143.18790595001
1696359600000,2023-10-03T19:00:00Z,0.0000001993,0.0000001998,0.0000001993,0.0000001994,851269423.9,169.85341649823
1696359900000,2023-10-03T19:05:00Z,0.0000001994,0.0000002003,0.0000001992,0.0000002003,816597839,163.0467689296
1696360200000,2023-10-03T19:10:00Z,0.0000002003,0.0000002005,0.0000001998,0.0000001998,364747861.8,72.9933098095
1696360500000,2023-10-03T19:15:00Z,0.0000001998,0.0000002009,0.0000001998,0.0000002003,1323748531.5,265.31938197012
1696360800000,2023-10-03T19:20:00Z,0.0000002003,0.0000002009,0.0000002003,0.0000002009,1334890544.4,267.72356640092
1696361100000,2023-10-03T19:25:00Z,0.0000002009,0.0000002009,0.0000002005,0.0000002006,225481299.7,45.21212246482
1696361400000,2023-10-03T19:30:00Z,0.0000002006,0.0000002008,0.0000002,0.0000002001,1226474521.1,245.52932368656
1696361700000,2023-10-03T19:35:00Z,0.0000002001,0.0000002011,0.0000002001,0.0000002007,1338533163.6,268.52695323879
1696362000000,2023-10-03T19:40:00Z,0.0000002007,0.0000002007,0.0000002004,0.0000002007,818449760,164.0553208725
1696362300000,2023-10-03T19:45:00Z,0.0000002007,0.0000002007,0.0000001999,0.0000002002,585549384.6,117.2603521426
1696362600000,2023-10-03T19:50:00Z,0.0000002002,0.0000002002,0.0000001998,0.0000002001,3359789718.7,672.42894006794
1696362900000,2023-10-03T19:55:00Z,0.0000002001,0.0000002007,0.0000001997,0.0000002004,1059073415.1,212.33363318691
1696363200000,2023-10-03T20:00:00Z,0.0000002004,0.0000002014,0.0000002004,0.000000201,2649364173.3,532.340931031
1696363500000,2023-10-03T20:05:00Z,0.000000201,0.000000202,0.0000002009,0.0000002017,1484404533.3,299.18786328995
1696363800000,2023-10-03T20:10:00Z,0.0000002017,0.0000002037,0.0000002017,0.0000002037,2395636205.2,485.99909874803
1696364100000,2023-10-03T20:15:00Z,0.0000002037,0.0000002048,0.0000002036,0.0000002044,1473392107.3,300.18999217277
1696364400000,2023-10-03T20:20:00Z,0.0000002044,0.0000002054,0.0000002044,0.0000002054,572172226.6,117.13127730414
1696364700000,2023-10-03T20:25:00Z,0.0000002054,0.0000002055,0.0000002046,0.0000002054,1210429034,248.19706531533
1696365000000,2023-10-03T20:30:00Z,0.0000002054,0.0000002058,0.0000002053,0.0000002053,483480548.3,99.40316529172
1696365300000,2023-10-03T20:35:00Z,0.0000002053,0.0000002064,0.0000002053,0.0000002064,1498694155.8,308.61793132595
1696365600000,2023-10-03T20:40:00Z,0.0000002064,0.0000002064,0.0000002057,0.0000002062,1048442272,216.1793119231
1696365900000,2023-10-03T20:45:00Z,0.0000002062,0.0000002067,0.0000002057,0.0000002067,2641353973.3,544.71768822928
1696366200000,2023-10-03T20:50:00Z,0.0000002067,0.0000002067,0.0000002058,0.0000002062,1790218193.7,369.38184260347
1696366500000,2023-10-03T20:55:00Z,0.0000002062,0.0000002064,0.0000002058,0.0000002058,1562915701.4,322.19421165612
1696366800000,2023-10-03T21:00:00Z,0.0000002058,0.0000002066,0.0000002041,0.0000002049,9409315115.1,1925.81459886132
1696367100000,2023-10-03T21:05:00Z,0.0000002049,0.000000205,0.0000002042,0.0000002048,453554212.6,92.79410540552
1696367400000,2023-10-03T21:10:00Z,0.0000002048,0.0000002054,0.0000002048,0.0000002054,1300766945,267.177530503
1696367700000,2023-10-03T21:15:00Z,0.0000002054,0.0000002062,0.0000002047,0.0000002061,2134589864.2,439.62857873466
1696368000000,2023-10-03T21:20:00Z,0.0000002061,0.0000002061,0.0000002049,0.000000205,1798749826.4,369.01990672055
1696368300000,2023-10-03T21:25:00Z,0.000000205,0.000000206,0.0000002049,0.000000206,1725147687.2,354.43051224224
1696368600000,2023-10-03T21:30:00Z,0.000000206,0.0000002066,0.0000002056,0.0000002058,926460303.2,190.751708246
1696368900000,2023-10-03T21:35:00Z,0.0000002058,0.0000002064,0.0000002058,0.0000002059,1517287645.4,313.02684228031
1696369200000,2023-10-03T21:40:00Z,0.0000002059,0.0000002059,0.0000002045,0.0000002045,15148652123,3112.18406249484
1696369500000,2023-10-03T21:45:00Z,0.0000002045,0.000000205,0.0000002043,0.0000002046,3282023193.3,671.50342429119
1696369800000,2023-10-03T21:50:00Z,0.0000002046,0.0000002057,0.0000002046,0.0000002055,610296699,125.22588650528
1696370100000,2023-10-03T21:55:00Z,0.0000002055,0.0000002055,0.0000002049,0.0000002051,680579482,139.6629547996
1696370400000,2023-10-03T22:00:00Z,0.0000002051,0.0000002053,0.0000002048,0.0000002049,3273261648.5,670.8064539148
1696370700000,2023-10-03T22:05:00Z,0.0000002049,0.000000205,0.0000002047,0.000000205,730647024.2,149.66935201466
1696371000000,2023-10-03T22:10:00Z,0.000000205,0.0000002067,0.0000002049,0.000000206,2797332220.3,578.00194859236
1696371300000,2023-10-03T22:15:00Z,0.000000206,0.0000002068,0.000000206,0.0000002065,117571044,24.2873134743
1696371600000,2023-10-03T22:20:00Z,0.0000002065,0.0000002069,0.0000002057,0.0000002057,1870513824,385.71560068515
1696371900000,2023-10-03T22:25:00Z,0.0000002057,0.0000002068,0.0000002057,0.0000002058,587811082.3,121.18582062115
1696372200000,2023-10-03T22:30:00Z,0.0000002058,0.000000207,0.0000002058,0.0000002069,3734988718.5,772.49558623168
1696372500000,2023-10-03T22:35:00Z,0.0000002069,0.0000002069,0.0000002064,0.0000002064,682840171,141.0492949167
1696372800000,2023-10-03T22:40:00Z,0.0000002064,0.0000002076,0.0000002064,0.0000002067,1123867446.8,232.72820185482
1696373100000,2023-10-03T22:45:00Z,0.0000002067,0.0000002078,0.0000002063,0.0000002072,2376476567.8,491.28415245191
1696373400000,2023-10-03T22:50:00Z,0.0000002072,0.0000002074,0.0000002066,0.0000002074,921457650.9,190.71241470493
1696373700000,2023-10-03T22:55:00Z,0.0000002074,0.0000002074,0.0000002061,0.0000002073,1913768671.7,396.0692666312
1696374000000,2023-10-03T23:00:00Z,0.0000002073,0.0000002076,0.0000002069,0.0000002075,615206091.1,127.49993282504
1696374300000,2023-10-03T23:05:00Z,0.0000002075,0.0000002075,0.0000002073,0.0000002073,104819655,21.7291144815
1696374600000,2023-10-03T23:10:00Z,0.0000002073,0.0000002086,0.0000002073,0.0000002079,614721702.8,127.71379499938
1696374900000,2023-10-03T23:15:00Z,0.0000002079,0.0000002087,0.0000002078,0.0000002082,1035623631.9,215.5699895811
1696375200000,2023-10-03T23:20:00Z,0.0000002082,0.0000002082,0.0000002082,0.0000002082,0,0
1696375500000,2023-10-03T23:25:00Z,0.0000002082,0.0000002083,0.0000002079,0.0000002083,995192172,207.1956125046
1696375800000,2023-10-03T23:30:00Z,0.0000002083,0.0000002095,0.0000002075,0.0000002092,8198471829.7,1712.38198885469
1696376100000,2023-10-03T23:35:00Z,0.0000002092,0.0000002094,0.0000002092,0.0000002093,193606041,40.5275522765
1696376400000,2023-10-03T23:40:00Z,0.0000002093,0.0000002095,0.000000209,0.0000002093,1640088015.4,343.19483111392
1696376700000,2023-10-03T23:45:00Z,0.0000002093,0.0000002093,0.0000002082,0.0000002091,391056376.5,81.53637190058
1696377000000,2023-10-03T23:50:00Z,0.0000002091,0.0000002097,0.0000002091,0.0000002096,2247221595.9,470.98598879841
1696377300000,2023-10-03T23:55:00Z,0.0000002096,0.0000002097,0.0000002095,0.0000002095,1143722505.9,239.61879350586
1696377600000,2023-10-04T00:00:00Z,0.0000002095,0.0000002107,0.0000002095,0.0000002097,4756437963.9,1000.36577805585
1696377900000,2023-10-04T00:05:00Z,0.0000002097,0.0000002105,0.0000002097,0.0000002104,226144700.1,47.53970897119
1696378200000,2023-10-04T00:10:00Z,0.0000002104,0.0000002105,0.0000002104,0.0000002105,75050325,15.7946202105
1696378500000,2023-10-04T00:15:00Z,0.0000002105,0.0000002105,0.0000002097,0.00000021,165682817,34.772727114
1696378800000,2023-10-04T00:20:00Z,0.00000021,0.00000021,0.0000002086,0.0000002092,5306136163.5,1110.26702443431
1696379100000,2023-10-04T00:25:00Z,0.0000002092,0.0000002104,0.0000002092,0.0000002104,1157796036.2,242.60224055907
1696379400000,2023-10-04T00:30:00Z,0.0000002104,0.0000002104,0.0000002092,0.0000002092,669889211.5,140.51630969166
1696379700000,2023-10-04T00:35:00Z,0.0000002092,0.0000002098,0.0000002092,0.0000002098,2502320703.3,524.94288956988
1696380000000,2023-10-04T00:40:00Z,0.0000002098,0.0000002099,0.0000002091,0.0000002096,1262589270.7,264.55574736279
1696380300000,2023-10-04T00:45:00Z,0.0000002096,0.0000002096,0.0000002092,0.0000002094,4931432637.8,1032.1091373783
1696380600000,2023-10-04T00:50:00Z,0.0000002094,0.0000002094,0.0000002081,0.0000002085,4108335403.2,856.95775508058
1696380900000,2023-10-04T00:55:00Z,0.0000002085,0.0000002085,0.0000002085,0.0000002085,0,0
1696381200000,2023-10-04T01:00:00Z,0.0000002085,0.0000002088,0.0000002085,0.0000002088,162677740,33.9481230872
1696381500000,2023-10-04T01:05:00Z,0.0000002088,0.0000002088,0.0000002087,0.0000002087,31959971,6.6700459477
1696381800000,2023-10-04T01:10:00Z,0.0000002087,0.0000002087,0.0000002052,0.0000002059,22204883002.8,4587.87857535642
1696382100000,2023-10-04T01:15:00Z,0.0000002059,0.0000002097,0.0000002033,0.0000002079,19323121200.9,4007.38773795725
1696382400000,2023-10-04T01:20:00Z,0.0000002079,0.0000002079,0.0000002065,0.0000002065,349830563.9,72.28760117469
1696382700000,2023-10-04T01:25:00Z,0.0000002065,0.0000002097,0.0000002061,0.0000002082,4400856379,916.45426744478
1696383000000,2023-10-04T01:30:00Z,0.0000002082,0.0000002097,0.0000002082,0.0000002095,8489446089.1,1778.15316655655
1696383300000,2023-10-04T01:35:00Z,0.0000002095,0.0000002097,0.0000002093,0.0000002095,12440601982.4,2607.57341609723
1696383600000,2023-10-04T01:40:00Z,0.0000002095,0.0000002099,0.0000002086,0.0000002099,5331586095.6,1115.2077050351
1696383900000,2023-10-04T01:45:00Z,0.0000002099,0.0000002099,0.0000002085,0.0000002096,551931590.8,115.66658111196
1696384200000,2023-10-04T01:50:00Z,0.0000002096,0.0000002097,0.0000002084,0.0000002085,9138664805.2,1911.56395197841
1696384500000,2023-10-04T01:55:00Z,0.0000002085,0.0000002092,0.0000002081,0.0000002081,3190249999.7,666.04322493757
1696384800000,2023-10-04T02:00:00Z,0.0000002081,0.0000002081,0.0000002065,0.0000002066,2088016961.7,432.83823430919
1696385100000,2023-10-04T02:05:00Z,0.0000002066,0.0000002066,0.000000206,0.000000206,52430493,10.800681558
1696385400000,2023-10-04T02:10:00Z,0.000000206,0.000000206,0.000000206,0.000000206,0,0
1696385700000,2023-10-04T02:15:00Z,0.000000206,0.000000206,0.000000206,0.000000206,0,0
1696386000000,2023-10-04T02:20:00Z,0.000000206,0.0000002062,0.000000206,0.0000002062,128384848,26.4729556576
1696386300000,2023-10-04T02:25:00Z,0.0000002062,0.0000002062,0.0000002062,0.0000002062,0,0
1696386600000,2023-10-04T02:30:00Z,0.0000002062,0.0000002069,0.0000002062,0.0000002069,30000000,6.207
1696386900000,2023-10-04T02:35:00Z,0.0000002069,0.000000207,0.0000002069,0.000000207,67906460.7,14.0566373649
1696387200000,2023-10-04T02:40:00Z,0.000000207,0.000000207,0.0000002069,0.0000002069,320453157,66.3272631219
1696387500000,2023-10-04T02:45:00Z,0.0000002069,0.0000002078,0.0000002069,0.0000002078,110965630,23.058657914
1696387800000,2023-10-04T02:50:00Z,0.0000002078,0.0000002078,0.0000002077,0.0000002077,75634191,15.7092214707
1696388100000,2023-10-04T02:55:00Z,0.0000002077,0.0000002079,0.0000002077,0.0000002079,976007034,202.77422067218
1696388400000,2023-10-04T03:00:00Z,0.0000002079,0.0000002082,0.0000002079,0.0000002082,191296757.4,39.80976612975
1696388700000,2023-10-04T03:05:00Z,0.0000002082,0.0000002082,0.0000002082,0.0000002082,0,0
1696389000000,2023-10-04T03:10:00Z,0.0000002082,0.0000002082,0.0000002082,0.0000002082,0,0
1696389300000,2023-10-04T03:15:00Z,0.0000002082,0.0000002087,0.0000002082,0.0000002087,888061095.3,185.33012727931
1696389600000,2023-10-04T03:20:00Z,0.0000002087,0.0000002087,0.0000002083,0.0000002084,78736570,16.405701188
1696389900000,2023-10-04T03:25:00Z,0.0000002084,0.0000002084,0.0000002083,0.0000002083,297638575.3,61.99811523499
1696390200000,2023-10-04T03:30:00Z,0.0000002083,0.0000002084,0.0000002083,0.0000002084,128173687,26.7113963708
1696390500000,2023-10-04T03:35:00Z,0.0000002084,0.0000002086,0.0000002084,0.0000002086,213485860,44.533150396
1696390800000,2023-10-04T03:40:00Z,0.0000002086,0.0000002091,0.0000002084,0.0000002084,258212742,53.8891865021
1696391100000,2023-10-04T03:45:00Z,0.0000002084,0.0000002084,0.0000002084,0.0000002084,0,0
1696391400000,2023-10-04T03:50:00Z,0.0000002084,0.0000002084,0.0000002084,0.0000002084,0,0
1696391700000,2023-10-04T03:55:00Z,0.0000002084,0.0000002091,0.0000002084,0.0000002091,107198932,22.4152966812
1696392000000,2023-10-04T04:00:00Z,0.0000002091,0.0000002091,0.0000002091,0.0000002091,0,0
1696392300000,2023-10-04T04:05:00Z,0.0000002091,0.0000002091,0.0000002087,0.0000002087,229209168,47.8359533616
1696392600000,2023-10-04T04:10:00Z,0.0000002087,0.0000002087,0.0000002087,0.0000002087,0,0
1696392900000,2023-10-04T04:15:00Z,0.0000002087,0.0000002091,0.0000002087,0.0000002088,744855651.8,155.60211755574
1696393200000,2023-10-04T04:20:00Z,0.0000002088,0.0000002088,0.0000002087,0.0000002087,87504186,18.2621236182
1696393500000,2023-10-04T04:25:00Z,0.0000002087,0.0000002087,0.0000002087,0.0000002087,0,0
1696393800000,2023-10-04T04:30:00Z,0.0000002087,0.0000002087,0.0000002086,0.0000002086,244415797,50.9851352542
1696394100000,2023-10-04T04:35:00Z,0.0000002086,0.0000002086,0.0000002086,0.0000002086,0,0
1696394400000,2023-10-04T04:40:00Z,0.0000002086,0.0000002086,0.0000002083,0.0000002086,281317297.6,58.64139062812
1696394700000,2023-10-04T04:45:00Z,0.0000002086,0.0000002086,0.0000002086,0.0000002086,0,0
1696395000000,2023-10-04T04:50:00Z,0.0000002086,0.0000002086,0.0000002086,0.0000002086,54785100,11.42817186
1696395300000,2023-10-04T04:55:00Z,0.0000002086,0.0000002086,0.0000002086,0.0000002086,0,0
1696395600000,2023-10-04T05:00:00Z,0.0000002086,0.0000002086,0.0000002084,0.0000002084,111011645,23.134826818
1696395900000,2023-10-04T05:05:00Z,0.0000002084,0.0000002084,0.0000002083,0.0000002083,140019635,29.1753598595
1696396200000,2023-10-04T05:10:00Z,0.0000002083,0.0000002092,0.0000002083,0.0000002092,47823351,10.0000000127
1696396500000,2023-10-04T05:15:00Z,0.0000002092,0.0000002092,0.0000002087,0.0000002087,244538944,51.0352776128
1696396800000,2023-10-04T05:20:00Z,0.0000002087,0.0000002091,0.0000002076,0.000000208,908604768,189.27961219627
1696397100000,2023-10-04T05:25:00Z,0.000000208,0.0000002083,0.0000002076,0.0000002081,1183895481.1,246.34887661782
1696397400000,2023-10-04T05:30:00Z,0.0000002081,0.0000002082,0.0000002073,0.0000002073,1023724502,212.4683009164
1696397700000,2023-10-04T05:35:00Z,0.0000002073,0.0000002073,0.0000002073,0.0000002073,0,0
1696398000000,2023-10-04T05:40:00Z,0.0000002073,0.0000002073,0.0000002062,0.0000002065,187985635.8,38.82577273962
1696398300000,2023-10-04T05:45:00Z,0.0000002065,0.0000002065,0.000000206,0.0000002064,612526432,126.3464428735
1696398600000,2023-10-04T05:50:00Z,0.0000002064,0.0000002066,0.0000002059,0.0000002059,1100229997.5,226.74766609199
1696398900000,2023-10-04T05:55:00Z,0.0000002059,0.000000206,0.0000002059,0.000000206,4854368.9,0.9999999934
1696399200000,2023-10-04T06:00:00Z,0.000000206,0.0000002062,0.0000002055,0.0000002056,911548993.1,187.40312350464
1696399500000,2023-10-04T06:05:00Z,0.0000002056,0.0000002056,0.0000002051,0.0000002051,288226918.4,59.15118126612
1696399800000,2023-10-04T06:10:00Z,0.0000002051,0.0000002055,0.0000002051,0.0000002055,344180315,70.6818815153
1696400100000,2023-10-04T06:15:00Z,0.0000002055,0.0000002055,0.0000002051,0.0000002051,648297654,133.197837177
1696400400000,2023-10-04T06:20:00Z,0.0000002051,0.0000002051,0.0000002044,0.0000002044,902706867.3,184.74609880412
1696400700000,2023-10-04T06:25:00Z,0.0000002044,0.0000002044,0.0000002043,0.0000002044,115184804.2,23.54324942088
1696401000000,2023-10-04T06:30:00Z,0.0000002044,0.0000002047,0.000000204,0.0000002044,3057284044.3,625.3271779537
1696401300000,2023-10-04T06:35:00Z,0.0000002044,0.0000002044,0.0000002032,0.0000002035,3205548116.3,652.74664043164
1696401600000,2023-10-04T06:40:00Z,0.0000002035,0.0000002036,0.0000002028,0.0000002033,621417420,126.37512293988
1696401900000,2023-10-04T06:45:00Z,0.0000002033,0.0000002033,0.0000002025,0.0000002025,379031807,76.8755472147
1696402200000,2023-10-04T06:50:00Z,0.0000002025,0.0000002033,0.0000002022,0.0000002022,90886583.6,18.43397798616
1696402500000,2023-10-04T06:55:00Z,0.0000002022,0.0000002026,0.000000202,0.0000002022,1523674324.3,308.3706482803
1696402800000,2023-10-04T07:00:00Z,0.0000002022,0.0000002022,0.000000202,0.000000202,182476994,36.860352788
1696403100000,2023-10-04T07:05:00Z,0.000000202,0.000000202,0.0000002014,0.0000002014,892915725.9,179.99621349304
1696403400000,2023-10-04T07:10:00Z,0.0000002014,0.0000002023,0.0000002014,0.0000002019,1860536350.5,375.90767207062
1696403700000,2023-10-04T07:15:00Z,0.0000002019,0.0000002024,0.0000002019,0.0000002024,562695187.7,113.77467742002
1696404000000,2023-10-04T07:20:00Z,0.0000002024,0.0000002024,0.0000002019,0.0000002019,33740393,6.8121853467
1696404300000,2023-10-04T07:25:00Z,0.0000002019,0.0000002025,0.0000002019,0.0000002019,737894109.1,149.14842932643
1696404600000,2023-10-04T07:30:00Z,0.0000002019,0.0000002023,0.0000002019,0.0000002019,77655513,15.6977102799
1696404900000,2023-10-04T07:35:00Z,0.0000002019,0.0000002027,0.0000002017,0.0000002026,519644835.9,105.26569032289
1696405200000,2023-10-04T07:40:00Z,0.0000002026,0.0000002026,0.0000002022,0.0000002023,292459190,59.1423538465
1696405500000,2023-10-04T07:45:00Z,0.0000002023,0.0000002023,0.0000002019,0.0000002019,34970511,7.0605461709
1696405800000,2023-10-04T07:50:00Z,0.0000002019,0.0000002022,0.0000002019,0.0000002022,82938906,16.7702467932
1696406100000,2023-10-04T07:55:00Z,0.0000002022,0.0000002022,0.0000002022,0.0000002022,0,0
1696406400000,2023-10-04T08:00:00Z,0.0000002022,0.0000002022,0.0000002019,0.0000002019,209225195.7,42.24360419277
1696406700000,2023-10-04T08:05:00Z,0.0000002019,0.0000002019,0.0000002019,0.0000002019,171939265,34.7145376035
1696407000000,2023-10-04T08:10:00Z,0.0000002019,0.0000002022,0.0000002015,0.0000002021,792951676.4,160.20161874996
1696407300000,2023-10-04T08:15:00Z,0.0000002021,0.0000002021,0.0000002021,0.0000002021,475218644,96.0416879524
1696407600000,2023-10-04T08:20:00Z,0.0000002021,0.0000002021,0.0000002021,0.0000002021,122699456,24.7975600576
1696407900000,2023-10-04T08:25:00Z,0.0000002021,0.0000002022,0.0000002021,0.0000002022,200000000,40.44
1696408200000,2023-10-04T08:30:00Z,0.0000002022,0.0000002022,0.0000002021,0.0000002021,95313955,19.2629503055
1696408500000,2023-10-04T08:35:00Z,0.0000002021,0.0000002022,0.0000002021,0.0000002021,587221185,118.7074014885
1696408800000,2023-10-04T08:40:00Z,0.0000002021,0.0000002022,0.0000002019,0.0000002022,459070367,92.8063070973
1696409100000,2023-10-04T08:45:00Z,0.0000002022,0.0000002022,0.000000202,0.0000002021,680114846.1,137.45025350027
1696409400000,2023-10-04T08:50:00Z,0.0000002021,0.0000002023,0.000000202,0.000000202,319538399,64.57156348062
1696409700000,2023-10-04T08:55:00Z,0.000000202,0.0000002025,0.000000202,0.0000002025,427041301,86.4118437285
1696410000000,2023-10-04T09:00:00Z,0.0000002025,0.0000002025,0.0000002023,0.0000002023,532548341,107.7345293843
1696410300000,2023-10-04T09:05:00Z,0.0000002023,0.0000002024,0.0000002023,0.0000002023,531966438,107.6307610635
1696410600000,2023-10-04T09:10:00Z,0.0000002023,0.0000002029,0.0000002023,0.0000002029,529159617.9,107.33277826731
1696410900000,2023-10-04T09:15:00Z,0.0000002029,0.000000203,0.0000002029,0.000000203,479666026,97.3541584949
1696411200000,2023-10-04T09:20:00Z,0.000000203,0.000000203,0.000000203,0.000000203,0,0
1696411500000,2023-10-04T09:25:00Z,0.000000203,0.0000002033,0.000000203,0.0000002033,658672218.7,133.83391748907
1696411800000,2023-10-04T09:30:00Z,0.0000002033,0.0000002034,0.0000002032,0.0000002034,590150015.7,119.96209990364
1696412100000,2023-10-04T09:35:00Z,0.0000002034,0.0000002034,0.0000002034,0.0000002034,70197360,14.278143024
1696412400000,2023-10-04T09:40:00Z,0.0000002034,0.0000002034,0.0000002028,0.0000002028,656646409.7,133.31591995165
1696412700000,2023-10-04T09:45:00Z,0.0000002028,0.0000002028,0.0000002027,0.0000002027,173137929,35.0950582083
1696413000000,2023-10-04T09:50:00Z,0.0000002027,0.0000002035,0.0000002027,0.0000002027,717669830.1,145.93185797921
1696413300000,2023-10-04T09:55:00Z,0.0000002027,0.000000204,0.0000002027,0.000000204,629608005.5,128.16408420063
1696413600000,2023-10-04T10:00:00Z,0.000000204,0.000000204,0.0000002034,0.0000002039,160467582,32.6699267125
1696413900000,2023-10-04T10:05:00Z,0.0000002039,0.000000204,0.0000002034,0.0000002036,450620215,91.8045537229
1696414200000,2023-10-04T10:10:00Z,0.0000002036,0.000000204,0.0000002035,0.0000002039,475069401,96.854360574
1696414500000,2023-10-04T10:15:00Z,0.0000002039,0.0000002039,0.0000002034,0.0000002037,737925915,150.2826550324
1696414800000,2023-10-04T10:20:00Z,0.0000002037,0.0000002039,0.0000002034,0.0000002039,484462503,98.705593695
1696415100000,2023-10-04T10:25:00Z,0.0000002039,0.0000002046,0.0000002034,0.000000204,1762000069.5,359.13379177217
1696415400000,2023-10-04T10:30:00Z,0.000000204,0.0000002047,0.000000203,0.0000002047,1580449812.5,322.3860008505
1696415700000,2023-10-04T10:35:00Z,0.0000002047,0.0000002047,0.0000002041,0.0000002041,803184734,164.2433547554
1696416000000,2023-10-04T10:40:00Z,0.0000002041,0.0000002044,0.000000204,0.0000002044,539350735,110.1843168832
1696416300000,2023-10-04T10:45:00Z,0.0000002044,0.000000205,0.000000204,0.000000204,882866177.5,180.45543098895
1696416600000,2023-10-04T10:50:00Z,0.000000204,0.000000205,0.000000204,0.000000205,302268872.1,61.78091668473
1696416900000,2023-10-04T10:55:00Z,0.000000205,0.000000205,0.0000002033,0.0000002045,870870864,177.62660791734
1696417200000,2023-10-04T11:00:00Z,0.0000002045,0.0000002046,0.0000002043,0.0000002043,532341950,108.843091563
1696417500000,2023-10-04T11:05:00Z,0.0000002043,0.0000002046,0.0000002041,0.0000002041,525527179,107.3652700312
1696417800000,2023-10-04T11:10:00Z,0.0000002041,0.0000002047,0.0000002041,0.0000002047,745431862,152.3302969271
1696418100000,2023-10-04T11:15:00Z,0.0000002047,0.000000205,0.000000204,0.0000002041,595791508,121.675267636
1696418400000,2023-10-04T11:20:00Z,0.0000002041,0.0000002047,0.0000002041,0.0000002042,484291220,99.0392447333
1696418700000,2023-10-04T11:25:00Z,0.0000002042,0.000000205,0.0000002041,0.0000002041,1712916293,349.8661197603
1696419000000,2023-10-04T11:30:00Z,0.0000002041,0.000000205,0.0000002041,0.0000002043,525534803,107.5213109535
1696419300000,2023-10-04T11:35:00Z,0.0000002043,0.0000002043,0.000000204,0.0000002043,562249243,114.7896092169
1696419600000,2023-10-04T11:40:00Z,0.0000002043,0.0000002048,0.0000002042,0.0000002046,1805088053,369.0673312443
1696419900000,2023-10-04T11:45:00Z,0.0000002046,0.000000205,0.0000002046,0.000000205,607989891.3,124.55855771924
1696420200000,2023-10-04T11:50:00Z,0.000000205,0.000000205,0.0000002045,0.0000002046,661730466,135.34640719023
1696420500000,2023-10-04T11:55:00Z,0.0000002046,0.0000002051,0.0000002046,0.0000002047,660277577,135.3626049975
1696420800000,2023-10-04T12:00:00Z,0.0000002047,0.0000002049,0.0000002046,0.0000002046,173963379,35.6162474382
1696421100000,2023-10-04T12:05:00Z,0.0000002046,0.0000002046,0.0000002039,0.0000002043,288192941,58.9089455955
1696421400000,2023-10-04T12:10:00Z,0.0000002043,0.0000002043,0.0000002032,0.0000002032,558505940.7,113.69403885124
1696421700000,2023-10-04T12:15:00Z,0.0000002032,0.0000002035,0.0000002032,0.0000002035,598332873,121.7369551962
1696422000000,2023-10-04T12:20:00Z,0.0000002035,0.000000204,0.0000002033,0.0000002037,1192382767,242.8899168319
1696422300000,2023-10-04T12:25:00Z,0.0000002037,0.0000002039,0.0000002033,0.0000002037,759269720,154.5793255465
1696422600000,2023-10-04T12:30:00Z,0.0000002037,0.0000002037,0.0000002034,0.0000002037,427509837,86.9732171556
1696422900000,2023-10-04T12:35:00Z,0.0000002037,0.0000002039,0.0000002033,0.0000002033,864421745,175.82403268922
1696423200000,2023-10-04T12:40:00Z,0.0000002033,0.0000002033,0.000000203,0.000000203,137723532.3,27.97610314633
1696423500000,2023-10-04T12:45:00Z,0.000000203,0.0000002033,0.0000002029,0.0000002029,617809075.5,125.54071145045
1696423800000,2023-10-04T12:50:00Z,0.0000002029,0.0000002036,0.0000002028,0.0000002036,859329627,174.5208235513
1696424100000,2023-10-04T12:55:00Z,0.0000002036,0.0000002038,0.0000002021,0.0000002026,1441917917.7,292.73957134002
1696424400000,2023-10-04T13:00:00Z,0.0000002026,0.0000002026,0.0000002025,0.0000002026,301080198,60.9890813206
1696424700000,2023-10-04T13:05:00Z,0.0000002026,0.0000002026,0.0000002023,0.0000002025,477665366,96.6617935956
1696425000000,2023-10-04T13:10:00Z,0.0000002025,0.0000002032,0.0000002023,0.0000002025,683768439,138.6629539494
1696425300000,2023-10-04T13:15:00Z,0.0000002025,0.000000203,0.0000002025,0.0000002028,995117011,201.8484838463
1696425600000,2023-10-04T13:20:00Z,0.0000002028,0.0000002028,0.0000002023,0.0000002026,904715120.6,183.25014637756
1696425900000,2023-10-04T13:25:00Z,0.0000002026,0.0000002026,0.0000002023,0.0000002023,200230771.6,40.56522530188
1696426200000,2023-10-04T13:30:00Z,0.0000002023,0.0000002029,0.0000002023,0.0000002029,491983159,99.665180689
1696426500000,2023-10-04T13:35:00Z,0.0000002029,0.0000002033,0.000000202,0.0000002021,1171826192.4,236.99968844487
1696426800000,2023-10-04T13:40:00Z,0.0000002021,0.0000002025,0.0000002017,0.0000002019,4602665610.6,931.45178119635
1696427100000,2023-10-04T13:45:00Z,0.0000002019,0.0000002019,0.0000002018,0.0000002019,400987582,80.9563928058
1696427400000,2023-10-04T13:50:00Z,0.0000002019,0.0000002023,0.0000002018,0.0000002022,581505194,117.5015620866
1696427700000,2023-10-04T13:55:00Z,0.0000002022,0.0000002026,0.0000002019,0.0000002026,746359541,150.9909228934
1696428000000,2023-10-04T14:00:00Z,0.0000002026,0.0000002027,0.0000002017,0.0000002027,888701721.5,179.78286579787
1696428300000,2023-10-04T14:05:00Z,0.0000002027,0.0000002027,0.0000002022,0.0000002025,543892963,110.1097577308
1696428600000,2023-10-04T14:10:00Z,0.0000002025,0.0000002025,0.0000002022,0.0000002022,742449990,150.19786120445
1696428900000,2023-10-04T14:15:00Z,0.0000002022,0.0000002027,0.0000002022,0.0000002022,282126349,57.0699400983
1696429200000,2023-10-04T14:20:00Z,0.0000002022,0.0000002022,0.0000002022,0.0000002022,321218732,64.9504276104
1696429500000,2023-10-04T14:25:00Z,0.0000002022,0.0000002022,0.0000002019,0.0000002019,505947403,102.1984324938
1696429800000,2023-10-04T14:30:00Z,0.0000002019,0.0000002023,0.0000002019,0.0000002022,155883932,31.5128901493
1696430100000,2023-10-04T14:35:00Z,0.0000002022,0.0000002025,0.0000002022,0.0000002022,1292169938.3,261.43312481215
1696430400000,2023-10-04T14:40:00Z,0.0000002022,0.0000002026,0.0000002022,0.0000002023,756857020,153.1228748968
1696430700000,2023-10-04T14:45:00Z,0.0000002023,0.0000002034,0.0000002023,0.0000002023,5944561999.7,1206.08447219298
1696431000000,2023-10-04T14:50:00Z,0.0000002023,0.0000002026,0.000000202,0.0000002022,2109819859.1,426.43834256208
1696431300000,2023-10-04T14:55:00Z,0.0000002022,0.0000002023,0.0000002022,0.0000002023,396514730,80.1896983308
1696431600000,2023-10-04T15:00:00Z,0.0000002023,0.0000002025,0.0000002012,0.0000002017,13005668400.9,2621.06778244476
1696431900000,2023-10-04T15:05:00Z,0.0000002017,0.0000002017,0.0000002016,0.0000002017,189368416.3,38.18422039823
1696432200000,2023-10-04T15:10:00Z,0.0000002017,0.0000002017,0.0000002005,0.0000002017,8516046119.2,1713.39180189722
1696432500000,2023-10-04T15:15:00Z,0.0000002017,0.0000002017,0.0000002013,0.0000002013,175167184,35.2611541392
1696432800000,2023-10-04T15:20:00Z,0.0000002013,0.0000002013,0.0000002004,0.000000201,117303524,23.5246057174
1696433100000,2023-10-04T15:25:00Z,0.000000201,0.0000002013,0.0000002006,0.0000002009,2191881667.7,440.72897427957
1696433400000,2023-10-04T15:30:00Z,0.0000002009,0.000000201,0.0000002008,0.000000201,55087640.8,11.07192920241
1696433700000,2023-10-04T15:35:00Z,0.000000201,0.000000201,0.000000201,0.000000201,0,0
1696434000000,2023-10-04T15:40:00Z,0.000000201,0.0000002015,0.000000201,0.0000002015,322623685,65.0086725275
1696434300000,2023-10-04T15:45:00Z,0.0000002015,0.0000002018,0.0000002015,0.0000002015,683180211,137.701677409
1696434600000,2023-10-04T15:50:00Z,0.0000002015,0.0000002018,0.0000002015,0.0000002018,230277660,46.470031788
1696434900000,2023-10-04T15:55:00Z,0.0000002018,0.0000002018,0.0000002013,0.0000002013,502725705.6,101.36383226638
1696435200000,2023-10-04T16:00:00Z,0.0000002013,0.000000202,0.0000002013,0.0000002015,621657288.7,125.32218123134
1696435500000,2023-10-04T16:05:00Z,0.0000002015,0.0000002022,0.0000002015,0.0000002019,2638082074,531.7078421538
1696435800000,2023-10-04T16:10:00Z,0.0000002019,0.0000002019,0.0000002015,0.0000002015,37870290,7.630863435
1696436100000,2023-10-04T16:15:00Z,0.0000002015,0.000000203,0.0000002015,0.0000002026,928337055.6,188.04541521162
1696436400000,2023-10-04T16:20:00Z,0.0000002026,0.0000002031,0.0000002026,0.0000002031,442611923.4,89.83159449504
1696436700000,2023-10-04T16:25:00Z,0.0000002031,0.0000002031,0.0000002027,0.000000203,208000666,42.201217238
1696437000000,2023-10-04T16:30:00Z,0.000000203,0.0000002042,0.0000002021,0.0000002039,739504104.7,150.34204540425
1696437300000,2023-10-04T16:35:00Z,0.0000002039,0.0000002049,0.0000002039,0.0000002049,625865560.2,127.83457242699
1696437600000,2023-10-04T16:40:00Z,0.0000002049,0.0000002054,0.0000002042,0.0000002054,1924774361.6,393.98691911344
1696437900000,2023-10-04T16:45:00Z,0.0000002054,0.0000002054,0.0000002047,0.0000002053,171317525,35.1111875963
1696438200000,2023-10-04T16:50:00Z,0.0000002053,0.0000002053,0.0000002043,0.0000002043,487395547,99.7782008071
1696438500000,2023-10-04T16:55:00Z,0.0000002043,0.0000002043,0.0000002043,0.0000002043,218659529,44.6721417747
1696438800000,2023-10-04T17:00:00Z,0.0000002043,0.0000002047,0.000000204,0.0000002043,851494275.5,173.99287347268
1696439100000,2023-10-04T17:05:00Z,0.0000002043,0.0000002043,0.0000002043,0.0000002043,362089701,73.9749259143
1696439400000,2023-10-04T17:10:00Z,0.0000002043,0.000000205,0.0000002043,0.000000205,182621691,37.3916601477
1696439700000,2023-10-04T17:15:00Z,0.000000205,0.000000205,0.0000002047,0.0000002047,93122439,19.0621632633
1696440000000,2023-10-04T17:20:00Z,0.0000002047,0.0000002049,0.0000002045,0.0000002045,477957659.8,97.8837396355
1696440300000,2023-10-04T17:25:00Z,0.0000002045,0.0000002046,0.0000002039,0.000000204,1348195071.2,275.153146688
1696440600000,2023-10-04T17:30:00Z,0.000000204,0.000000204,0.0000002027,0.0000002027,3848469361.8,782.10154304404
1696440900000,2023-10-04T17:35:00Z,0.0000002027,0.0000002029,0.0000002022,0.0000002022,571067620,115.6814435893
1696441200000,2023-10-04T17:40:00Z,0.0000002022,0.0000002022,0.000000202,0.000000202,110609652,22.343149704
1696441500000,2023-10-04T17:45:00Z,0.000000202,0.000000203,0.000000202,0.000000203,2160445625.7,437.17319417781
1696441800000,2023-10-04T17:50:00Z,0.000000203,0.0000002033,0.0000002026,0.0000002033,3168686007.6,643.08416454393
1696442100000,2023-10-04T17:55:00Z,0.0000002033,0.0000002039,0.0000002033,0.0000002038,1525856714.6,310.5227684357
1696442400000,2023-10-04T18:00:00Z,0.0000002038,0.0000002038,0.0000002032,0.0000002032,374056033.4,76.11451155012
1696442700000,2023-10-04T18:05:00Z,0.0000002032,0.000000204,0.0000002032,0.000000204,989113400,201.2258405362
1696443000000,2023-10-04T18:10:00Z,0.000000204,0.000000204,0.0000002039,0.000000204,247823796,50.5381732146
1696443300000,2023-10-04T18:15:00Z,0.000000204,0.000000204,0.0000002036,0.000000204,735900326,150.0411446831
1696443600000,2023-10-04T18:20:00Z,0.000000204,0.0000002049,0.0000002039,0.0000002044,2120297138.6,433.36295841785
1696443900000,2023-10-04T18:25:00Z,0.0000002044,0.0000002056,0.0000002044,0.0000002053,1376710255.8,282.29041926682
1696444200000,2023-10-04T18:30:00Z,0.0000002053,0.0000002053,0.0000002047,0.0000002053,1201798775.8,246.38935081722
1696444500000,2023-10-04T18:35:00Z,0.0000002053,0.0000002054,0.0000002048,0.0000002052,803335470.4,164.85830047052
1696444800000,2023-10-04T18:40:00Z,0.0000002052,0.000000208,0.0000002048,0.0000002068,19900719380.6,4106.24438900064
1696445100000,2023-10-04T18:45:00Z,0.0000002068,0.0000002115,0.0000002054,0.0000002073,23159907674.5,4819.70869375531
1696445400000,2023-10-04T18:50:00Z,0.0000002073,0.00000021,0.0000002073,0.0000002074,3663056737.9,765.28154039203
1696445700000,2023-10-04T18:55:00Z,0.0000002074,0.00000021,0.0000002074,0.0000002083,1768108013.9,369.94179966665
1696446000000,2023-10-04T19:00:00Z,0.0000002083,0.000000209,0.0000002055,0.0000002076,46418976754.5,9605.97761551731
1696446300000,2023-10-04T19:05:00Z,0.0000002076,0.0000002076,0.0000002054,0.0000002073,664082369.5,137.6294991051
1696446600000,2023-10-04T19:10:00Z,0.0000002073,0.0000002076,0.0000002058,0.0000002058,716662457.2,147.95717341712
1696446900000,2023-10-04T19:15:00Z,0.0000002058,0.000000207,0.0000002058,0.000000207,2571339824.6,531.03899998838
1696447200000,2023-10-04T19:20:00Z,0.000000207,0.000000207,0.0000002048,0.0000002053,2455791078.4,505.89733927596
1696447500000,2023-10-04T19:25:00Z,0.0000002053,0.0000002053,0.0000002052,0.0000002053,171727066,35.2515314929
1696447800000,2023-10-04T19:30:00Z,0.0000002053,0.0000002053,0.0000002037,0.0000002037,1515133870.2,309.8525108645
1696448100000,2023-10-04T19:35:00Z,0.0000002037,0.000000204,0.0000002031,0.0000002031,382892025,78.01410047552
1696448400000,2023-10-04T19:40:00Z,0.0000002031,0.0000002031,0.0000002022,0.0000002023,381539977,77.2430683892
1696448700000,2023-10-04T19:45:00Z,0.0000002023,0.0000002028,0.0000002022,0.0000002026,151838467.2,30.77768616104
1696449000000,2023-10-04T19:50:00Z,0.0000002026,0.0000002026,0.0000002022,0.0000002023,474198908,95.9401624962
1696449300000,2023-10-04T19:55:00Z,0.0000002023,0.0000002026,0.0000002021,0.0000002021,1067706908,215.8782106924
1696449600000,2023-10-04T20:00:00Z,0.0000002021,0.0000002035,0.0000002021,0.0000002027,901726793.2,182.66092657732
1696449900000,2023-10-04T20:05:00Z,0.0000002027,0.0000002038,0.0000002023,0.0000002029,587429384.5,119.2164603722
1696450200000,2023-10-04T20:10:00Z,0.0000002029,0.0000002032,0.0000002024,0.0000002024,496929988,100.781741594
1696450500000,2023-10-04T20:15:00Z,0.0000002024,0.0000002036,0.0000002024,0.0000002032,924539126,187.9834051147
1696450800000,2023-10-04T20:20:00Z,0.0000002032,0.0000002037,0.0000002032,0.0000002033,872606089,177.6004894011
1696451100000,2023-10-04T20:25:00Z,0.0000002033,0.000000204,0.0000002032,0.0000002037,645220041,131.3108221205
1696451400000,2023-10-04T20:30:00Z,0.0000002037,0.0000002037,0.0000002029,0.0000002034,642214000,130.6220015986
1696451700000,2023-10-04T20:35:00Z,0.0000002034,0.0000002037,0.0000002031,0.0000002034,1700834607,346.0134788028
1696452000000,2023-10-04T20:40:00Z,0.0000002034,0.0000002039,0.0000002032,0.0000002037,999253401,203.4306029735
1696452300000,2023-10-04T20:45:00Z,0.0000002037,0.0000002039,0.0000002032,0.0000002032,604347446,122.9858994792
1696452600000,2023-10-04T20:50:00Z,0.0000002032,0.0000002037,0.0000002028,0.0000002029,769190403,156.2167504863
1696452900000,2023-10-04T20:55:00Z,0.0000002029,0.0000002036,0.0000002029,0.0000002036,532393233,108.3098961302
1696453200000,2023-10-04T21:00:00Z,0.0000002036,0.0000002037,0.0000002026,0.0000002033,1084445194.6,220.31783588492
1696453500000,2023-10-04T21:05:00Z,0.0000002033,0.0000002037,0.0000002033,0.0000002033,247238680,50.2763106872
1696453800000,2023-10-04T21:10:00Z,0.0000002033,0.000000204,0.0000002033,0.0000002036,971392156.3,197.77606787291
1696454100000,2023-10-04T21:15:00Z,0.0000002036,0.0000002042,0.0000002036,0.0000002037,803181350,163.7865907386
1696454400000,2023-10-04T21:20:00Z,0.0000002037,0.0000002038,0.0000002027,0.000000203,6202114708.9,1261.91915535752
1696454700000,2023-10-04T21:25:00Z,0.000000203,0.0000002068,0.000000203,0.0000002068,7922603683.2,1627.35246576625
1696455000000,2023-10-04T21:30:00Z,0.0000002068,0.0000002143,0.0000002068,0.0000002123,10619112237.1,2233.22874997345
1696455300000,2023-10-04T21:35:00Z,0.0000002123,0.0000002125,0.0000002092,0.0000002094,2568592577.2,541.10782119478
1696455600000,2023-10-04T21:40:00Z,0.0000002094,0.0000002104,0.000000208,0.0000002092,3610728395.2,756.10903696394
1696455900000,2023-10-04T21:45:00Z,0.0000002092,0.0000002123,0.0000002082,0.0000002084,6106767822,1289.91898978041
1696456200000,2023-10-04T21:50:00Z,0.0000002084,0.0000002105,0.0000002081,0.0000002094,1219312309,255.0359052355
1696456500000,2023-10-04T21:55:00Z,0.0000002094,0.0000002095,0.0000002081,0.0000002084,2371318688.9,494.55893916502
1696456800000,2023-10-04T22:00:00Z,0.0000002084,0.0000002086,0.0000002081,0.0000002085,591400405,123.15388077136
1696457100000,2023-10-04T22:05:00Z,0.0000002085,0.0000002085,0.0000002081,0.0000002081,120432320,25.061965792
1696457400000,2023-10-04T22:10:00Z,0.0000002081,0.0000002087,0.0000002081,0.0000002086,465245438,97.0343291259
1696457700000,2023-10-04T22:15:00Z,0.0000002086,0.0000002091,0.0000002084,0.0000002085,280445677,58.4840247781
1696458000000,2023-10-04T22:20:00Z,0.0000002085,0.0000002091,0.0000002084,0.0000002088,975752386,203.5977444297
1696458300000,2023-10-04T22:25:00Z,0.0000002088,0.0000002091,0.0000002085,0.0000002085,614710218,128.288468998
1696458600000,2023-10-04T22:30:00Z,0.0000002085,0.0000002128,0.0000002085,0.0000002124,8211272098.7,1729.164950047
1696458900000,2023-10-04T22:35:00Z,0.0000002124,0.0000002146,0.000000212,0.0000002137,2571428059,548.29672285843
1696459200000,2023-10-04T22:40:00Z,0.0000002137,0.0000002137,0.0000002104,0.0000002122,4649176680.9,985.19314463103
1696459500000,2023-10-04T22:45:00Z,0.0000002122,0.0000002122,0.0000002122,0.0000002122,0,0
1696459800000,2023-10-04T22:50:00Z,0.0000002122,0.0000002122,0.0000002119,0.0000002119,53358283,11.3066201677
1696460100000,2023-10-04T22:55:00Z,0.0000002119,0.0000002121,0.0000002119,0.0000002119,548022415,116.1559683575
1696460400000,2023-10-04T23:00:00Z,0.0000002119,0.0000002122,0.0000002119,0.0000002121,669773464,142.0278994022
1696460700000,2023-10-04T23:05:00Z,0.0000002121,0.0000002121,0.0000002117,0.0000002117,427846608.3,90.71115256991
1696461000000,2023-10-04T23:10:00Z,0.0000002117,0.0000002125,0.0000002115,0.0000002115,662517932,140.50201550305
1696461300000,2023-10-04T23:15:00Z,0.0000002115,0.0000002124,0.0000002114,0.0000002114,528000000,111.68804746924
1696461600000,2023-10-04T23:20:00Z,0.0000002114,0.0000002206,0.0000002114,0.0000002142,23191900612.6,5006.05380722694
1696461900000,2023-10-04T23:25:00Z,0.0000002142,0.0000002164,0.0000002139,0.0000002154,3268992410.7,703.01099402428
1696462200000,2023-10-04T23:30:00Z,0.0000002154,0.0000002166,0.0000002134,0.0000002139,1754764798.8,377.41261469743
1696462500000,2023-10-04T23:35:00Z,0.0000002139,0.0000002158,0.0000002135,0.0000002145,800723173,171.98439039616
1696462800000,2023-10-04T23:40:00Z,0.0000002145,0.0000002145,0.0000002142,0.0000002144,505354431.3,108.2787204197
1696463100000,2023-10-04T23:45:00Z,0.0000002144,0.0000002144,0.0000002144,0.0000002144,46728972,10.0186915968
1696463400000,2023-10-04T23:50:00Z,0.0000002144,0.0000002144,0.0000002144,0.0000002144,0,0
1696463700000,2023-10-04T23:55:00Z,0.0000002144,0.000000217,0.0000002135,0.0000002139,796204119.5,170.73513298222
1696464000000,2023-10-05T00:00:00Z,0.0000002139,0.0000002174,0.0000002139,0.0000002147,1562069496.9,336.57750122536
1696464300000,2023-10-05T00:05:00Z,0.0000002147,0.0000002147,0.0000002146,0.0000002146,778692552.7,167.12318368189
1696464600000,2023-10-05T00:10:00Z,0.0000002146,0.0000002146,0.0000002144,0.0000002144,328648132,70.4621595008
1696464900000,2023-10-05T00:15:00Z,0.0000002144,0.0000002148,0.000000214,0.000000214,293760540.3,62.92893100186
1696465200000,2023-10-05T00:20:00Z,0.000000214,0.0000002148,0.000000214,0.0000002148,655663931,140.603151647
1696465500000,2023-10-05T00:25:00Z,0.0000002148,0.0000002148,0.0000002141,0.0000002147,831118211.4,178.2334962909
1696465800000,2023-10-05T00:30:00Z,0.0000002147,0.0000002147,0.0000002141,0.0000002141,382253057,81.8904636559
1696466100000,2023-10-05T00:35:00Z,0.0000002141,0.000000215,0.0000002141,0.0000002146,134745341,28.9538371222
1696466400000,2023-10-05T00:40:00Z,0.0000002146,0.0000002165,0.0000002146,0.0000002165,354640098,76.35741690377
1696466700000,2023-10-05T00:45:00Z,0.0000002165,0.0000002165,0.0000002153,0.0000002153,145147753.7,31.29027741619
1696467000000,2023-10-05T00:50:00Z,0.0000002153,0.0000002165,0.0000002153,0.0000002165,424417799.6,91.86057072284
1696467300000,2023-10-05T00:55:00Z,0.0000002165,0.0000002184,0.0000002156,0.0000002156,1385305976.4,300.96422564677
1696467600000,2023-10-05T01:00:00Z,0.0000002156,0.0000002156,0.0000002156,0.0000002156,0,0
1696467900000,2023-10-05T01:05:00Z,0.0000002156,0.0000002156,0.0000002155,0.0000002155,6360215.8,1.3706265049
1696468200000,2023-10-05T01:10:00Z,0.0000002155,0.0000002155,0.0000002145,0.0000002153,378332259.4,81.3747094117
1696468500000,2023-10-05T01:15:00Z,0.0000002153,0.0000002164,0.0000002136,0.0000002136,1126415733.9,241.67693219582
1696468800000,2023-10-05T01:20:00Z,0.0000002136,0.0000002151,0.0000002136,0.0000002151,194420481,41.7651241941
1696469100000,2023-10-05T01:25:00Z,0.0000002151,0.0000002161,0.0000002144,0.0000002144,685807642.1,147.49478207765
1696469400000,2023-10-05T01:30:00Z,0.0000002144,0.0000002163,0.0000002135,0.000000215,1468231977.9,315.59526484635
1696469700000,2023-10-05T01:35:00Z,0.000000215,0.000000216,0.0000002137,0.0000002147,205618802.2,44.10604655793
1696470000000,2023-10-05T01:40:00Z,0.0000002147,0.0000002151,0.000000214,0.0000002143,1259012095.9,269.92615070589
1696470300000,2023-10-05T01:45:00Z,0.0000002143,0.0000002143,0.0000002139,0.0000002141,659268983.5,141.13940340635
1696470600000,2023-10-05T01:50:00Z,0.0000002141,0.0000002145,0.0000002139,0.0000002145,263056348,56.3676291498
1696470900000,2023-10-05T01:55:00Z,0.0000002145,0.0000002145,0.000000214,0.000000214,233644859.8,49.9999999972
1696471200000,2023-10-05T02:00:00Z,0.000000214,0.0000002161,0.000000214,0.0000002152,479555295.5,103.42059076495
1696471500000,2023-10-05T02:05:00Z,0.0000002152,0.0000002152,0.0000002146,0.0000002146,556813768.2,119.55178514124
1696471800000,2023-10-05T02:10:00Z,0.0000002146,0.0000002146,0.0000002144,0.0000002144,59983184,12.8603946496
1696472100000,2023-10-05T02:15:00Z,0.0000002144,0.0000002144,0.0000002144,0.0000002144,0,0
1696472400000,2023-10-05T02:20:00Z,0.0000002144,0.0000002144,0.0000002144,0.0000002144,0,0
1696472700000,2023-10-05T02:25:00Z,0.0000002144,0.0000002144,0.0000002135,0.0000002135,506244579.1,108.46068690363
1696473000000,2023-10-05T02:30:00Z,0.0000002135,0.0000002146,0.0000002131,0.0000002131,4948133090.3,1054.87317376772
1696473300000,2023-10-05T02:35:00Z,0.0000002131,0.0000002144,0.0000002129,0.0000002144,4809368384.7,1026.30340276546
1696473600000,2023-10-05T02:40:00Z,0.0000002144,0.0000002144,0.0000002141,0.0000002141,45425711,9.7256447251
1696473900000,2023-10-05T02:45:00Z,0.0000002141,0.0000002141,0.0000002141,0.0000002141,0,0
1696474200000,2023-10-05T02:50:00Z,0.0000002141,0.0000002143,0.0000002135,0.0000002135,620741118.4,132.839365855
1696474500000,2023-10-05T02:55:00Z,0.0000002135,0.0000002135,0.0000002133,0.0000002133,322730934.4,68.885346715
1696474800000,2023-10-05T03:00:00Z,0.0000002133,0.0000002135,0.0000002131,0.0000002131,128055138.6,27.32095741566
1696475100000,2023-10-05T03:05:00Z,0.0000002131,0.0000002131,0.0000002131,0.0000002131,0,0
1696475400000,2023-10-05T03:10:00Z,0.0000002131,0.0000002131,0.0000002131,0.0000002131,0,0
1696475700000,2023-10-05T03:15:00Z,0.0000002131,0.0000002147,0.0000002126,0.0000002126,646693460.4,137.76598377725
1696476000000,2023-10-05T03:20:00Z,0.0000002126,0.000000214,0.0000002126,0.0000002131,1079780049.2,230.32046113995
1696476300000,2023-10-05T03:25:00Z,0.0000002131,0.0000002131,0.0000002131,0.0000002131,31156249.7,6.63939681107
1696476600000,2023-10-05T03:30:00Z,0.0000002131,0.0000002131,0.0000002131,0.0000002131,0,0
1696476900000,2023-10-05T03:35:00Z,0.0000002131,0.0000002131,0.0000002125,0.0000002128,465697057,99.0487337296
1696477200000,2023-10-05T03:40:00Z,0.0000002128,0.0000002131,0.0000002128,0.0000002131,168159719.7,35.79096609433
1696477500000,2023-10-05T03:45:00Z,0.0000002131,0.000000214,0.0000002127,0.0000002128,1549075898.9,329.74836513426
1696477800000,2023-10-05T03:50:00Z,0.0000002128,0.000000215,0.0000002128,0.0000002131,2223496973.9,475.10908374104
1696478100000,2023-10-05T03:55:00Z,0.0000002131,0.0000002131,0.0000002125,0.0000002125,1259874880.6,268.21312013191
1696478400000,2023-10-05T04:00:00Z,0.0000002125,0.0000002138,0.0000002118,0.0000002133,515239849.3,109.70615867957
1696478700000,2023-10-05T04:05:00Z,0.0000002133,0.0000002137,0.0000002124,0.0000002137,400000000,85.23
1696479000000,2023-10-05T04:10:00Z,0.0000002137,0.0000002137,0.0000002121,0.0000002137,1400000000,298.2257301603
1696479300000,2023-10-05T04:15:00Z,0.0000002137,0.000000214,0.0000002117,0.0000002136,2437229323.4,518.27707730455
1696479600000,2023-10-05T04:20:00Z,0.0000002136,0.0000002136,0.0000002121,0.0000002122,600000000,127.31
1696479900000,2023-10-05T04:25:00Z,0.0000002122,0.0000002122,0.0000002122,0.0000002122,170505732,36.1813163304
1696480200000,2023-10-05T04:30:00Z,0.0000002122,0.0000002136,0.0000002118,0.0000002135,1527074878,324.4325508469
1696480500000,2023-10-05T04:35:00Z,0.0000002135,0.0000002135,0.0000002116,0.000000212,2025854725.2,429.35825637235
1696480800000,2023-10-05T04:40:00Z,0.000000212,0.0000002126,0.0000002116,0.0000002118,2499999999.9,529.64121845895
1696481100000,2023-10-05T04:45:00Z,0.0000002118,0.0000002119,0.0000002117,0.0000002119,1000000000,211.82
1696481400000,2023-10-05T04:50:00Z,0.0000002119,0.0000002119,0.0000002115,0.0000002115,6360215.8,1.3451856417
1696481700000,2023-10-05T04:55:00Z,0.0000002115,0.0000002116,0.0000002114,0.0000002116,489190177,103.4926414532
1696482000000,2023-10-05T05:00:00Z,0.0000002116,0.0000002128,0.0000002116,0.0000002128,642323815,136.0704782346
1696482300000,2023-10-05T05:05:00Z,0.0000002128,0.0000002128,0.0000002115,0.0000002115,169779626,35.9496150275
1696482600000,2023-10-05T05:10:00Z,0.0000002115,0.0000002122,0.0000002115,0.0000002122,164794755,34.969447011
1696482900000,2023-10-05T05:15:00Z,0.0000002122,0.0000002127,0.0000002118,0.0000002127,247817979,52.58109135707
1696483200000,2023-10-05T05:20:00Z,0.0000002127,0.0000002127,0.0000002116,0.0000002117,209947219.6,44.43115329552
1696483500000,2023-10-05T05:25:00Z,0.0000002117,0.0000002118,0.0000002117,0.0000002118,156568876.9,33.16128812742
1696483800000,2023-10-05T05:30:00Z,0.0000002118,0.0000002118,0.000000211,0.0000002116,599841466.5,126.72635778543
1696484100000,2023-10-05T05:35:00Z,0.0000002116,0.0000002119,0.0000002108,0.000000211,665326453.8,140.75082243268
1696484400000,2023-10-05T05:40:00Z,0.000000211,0.0000002124,0.0000002109,0.0000002109,973112046.5,206.07332982336
1696484700000,2023-10-05T05:45:00Z,0.0000002109,0.0000002116,0.0000002101,0.0000002116,1289895285.9,271.84519437015
1696485000000,2023-10-05T05:50:00Z,0.0000002116,0.0000002121,0.0000002104,0.0000002107,4860448033.9,1025.43598192622
1696485300000,2023-10-05T05:55:00Z,0.0000002107,0.0000002121,0.0000002107,0.0000002121,5689990633.1,1199.89317511451
1696485600000,2023-10-05T06:00:00Z,0.0000002121,0.0000002121,0.000000211,0.000000211,120822497,25.493546867
1696485900000,2023-10-05T06:05:00Z,0.000000211,0.0000002111,0.000000211,0.0000002111,86106057,18.1769886327
1696486200000,2023-10-05T06:10:00Z,0.0000002111,0.0000002121,0.0000002105,0.0000002121,2745206962.8,579.41968078986
1696486500000,2023-10-05T06:15:00Z,0.0000002121,0.0000002121,0.0000002106,0.0000002111,2988231118.1,631.20805091917
1696486800000,2023-10-05T06:20:00Z,0.0000002111,0.0000002117,0.0000002102,0.0000002106,476025489.5,100.37625316457
1696487100000,2023-10-05T06:25:00Z,0.0000002106,0.0000002106,0.0000002102,0.0000002105,646581125.5,136.0253746778
1696487400000,2023-10-05T06:30:00Z,0.0000002105,0.0000002105,0.0000002103,0.0000002103,71530339,15.0428302917
1696487700000,2023-10-05T06:35:00Z,0.0000002103,0.0000002103,0.0000002103,0.0000002103,129000000,27.1287
1696488000000,2023-10-05T06:40:00Z,0.0000002103,0.0000002103,0.00000021,0.0000002101,312612821.9,65.67851420114
1696488300000,2023-10-05T06:45:00Z,0.0000002101,0.0000002101,0.0000002098,0.0000002098,152993767,32.11054243578
1696488600000,2023-10-05T06:50:00Z,0.0000002098,0.0000002103,0.0000002098,0.0000002103,575000000,120.9225
1696488900000,2023-10-05T06:55:00Z,0.0000002103,0.0000002103,0.0000002103,0.0000002103,1037359925.8,218.15679239574
1696489200000,2023-10-05T07:00:00Z,0.0000002103,0.0000002111,0.00000021,0.0000002107,2441349594.7,513.61268457527
1696489500000,2023-10-05T07:05:00Z,0.0000002107,0.0000002115,0.0000002107,0.0000002113,684156476,144.454322089
1696489800000,2023-10-05T07:10:00Z,0.0000002113,0.0000002135,0.0000002113,0.0000002129,802093258.3,170.36546416884
1696490100000,2023-10-05T07:15:00Z,0.0000002129,0.0000002149,0.0000002129,0.000000213,1026283256.3,219.1867095196
1696490400000,2023-10-05T07:20:00Z,0.000000213,0.0000002143,0.0000002129,0.0000002129,432943743.1,92.49178041965
1696490700000,2023-10-05T07:25:00Z,0.0000002129,0.0000002146,0.0000002128,0.0000002133,632679755.4,135.17974400433
1696491000000,2023-10-05T07:30:00Z,0.0000002133,0.0000002135,0.0000002123,0.0000002123,896498275,190.7878072153
1696491300000,2023-10-05T07:35:00Z,0.0000002123,0.0000002123,0.0000002113,0.0000002113,9449753341.3,1999.72108713645
1696491600000,2023-10-05T07:40:00Z,0.0000002113,0.0000002159,0.0000002113,0.000000214,1164425666,250.06757602237
1696491900000,2023-10-05T07:45:00Z,0.000000214,0.0000002146,0.0000002139,0.0000002139,5742186342.7,1228.88682368975
1696492200000,2023-10-05T07:50:00Z,0.0000002139,0.0000002142,0.0000002135,0.0000002135,128700463.1,27.53771133548
1696492500000,2023-10-05T07:55:00Z,0.0000002135,0.0000002137,0.0000002135,0.0000002137,280195822.5,59.85016354835
1696492800000,2023-10-05T08:00:00Z,0.0000002137,0.0000002143,0.0000002135,0.0000002139,326656512.4,69.83930734102
1696493100000,2023-10-05T08:05:00Z,0.0000002139,0.0000002139,0.0000002134,0.0000002138,2197354017,468.98913944252
1696493400000,2023-10-05T08:10:00Z,0.0000002138,0.0000002138,0.0000002132,0.0000002132,173620390,37.0496651525
1696493700000,2023-10-05T08:15:00Z,0.0000002132,0.0000002145,0.0000002132,0.0000002137,1761418587,376.863816593
1696494000000,2023-10-05T08:20:00Z,0.0000002137,0.0000002137,0.0000002136,0.0000002136,246000000,52.56242711257
1696494300000,2023-10-05T08:25:00Z,0.0000002136,0.0000002153,0.0000002136,0.0000002149,1271982080.3,272.92767997147
1696494600000,2023-10-05T08:30:00Z,0.0000002149,0.000000216,0.0000002145,0.0000002148,2944796349.7,634.30143182302
1696494900000,2023-10-05T08:35:00Z,0.0000002148,0.0000002148,0.0000002148,0.0000002148,335949650.7,72.16198497036
1696495200000,2023-10-05T08:40:00Z,0.0000002148,0.0000002167,0.0000002148,0.0000002167,2234714639.5,483.66678375168
1696495500000,2023-10-05T08:45:00Z,0.0000002167,0.0000002175,0.0000002163,0.0000002167,4523061261.2,982.07228453055
1696495800000,2023-10-05T08:50:00Z,0.0000002167,0.0000002172,0.000000216,0.0000002167,19143025106.4,4140.58625473909
1696496100000,2023-10-05T08:55:00Z,0.0000002167,0.0000002171,0.0000002155,0.0000002171,6130475677,1322.52564540172
1696496400000,2023-10-05T09:00:00Z,0.0000002171,0.0000002171,0.0000002156,0.0000002163,241853526,52.2883733176
1696496700000,2023-10-05T09:05:00Z,0.0000002163,0.0000002167,0.0000002161,0.0000002164,725678017,157.0239762189
1696497000000,2023-10-05T09:10:00Z,0.0000002164,0.0000002164,0.0000002156,0.0000002156,360224202.9,77.79756097087
1696497300000,2023-10-05T09:15:00Z,0.0000002156,0.000000216,0.0000002154,0.0000002159,460581916,99.39429313
1696497600000,2023-10-05T09:20:00Z,0.0000002159,0.0000002159,0.000000215,0.0000002157,489924465.8,105.64830663644
1696497900000,2023-10-05T09:25:00Z,0.0000002157,0.0000002157,0.0000002146,0.0000002149,1410797566.6,303.93000218982
1696498200000,2023-10-05T09:30:00Z,0.0000002149,0.000000215,0.0000002148,0.0000002149,535236267,115.0334082806
1696498500000,2023-10-05T09:35:00Z,0.0000002149,0.000000215,0.0000002149,0.000000215,531059831,114.1403635602
1696498800000,2023-10-05T09:40:00Z,0.000000215,0.000000215,0.0000002142,0.0000002142,263816563.7,56.57933653593
1696499100000,2023-10-05T09:45:00Z,0.0000002142,0.0000002144,0.0000002132,0.0000002132,202003553.1,43.08846941523
1696499400000,2023-10-05T09:50:00Z,0.0000002132,0.0000002132,0.0000002129,0.0000002131,201061959,42.8437066063
1696499700000,2023-10-05T09:55:00Z,0.0000002131,0.0000002132,0.0000002131,0.0000002132,497016988,105.9640218416
1696500000000,2023-10-05T10:00:00Z,0.0000002132,0.0000002132,0.0000002122,0.0000002129,589549457.4,125.34828818256
1696500300000,2023-10-05T10:05:00Z,0.0000002129,0.0000002129,0.0000002115,0.0000002128,912260148.8,193.89427165731
1696500600000,2023-10-05T10:10:00Z,0.0000002128,0.0000002128,0.0000002116,0.0000002119,708221200.5,150.11195824655
1696500900000,2023-10-05T10:15:00Z,0.0000002119,0.0000002128,0.0000002119,0.0000002128,1007084438,214.1279579128
1696501200000,2023-10-05T10:20:00Z,0.0000002128,0.0000002128,0.0000002122,0.0000002128,683313214,145.2058155542
1696501500000,2023-10-05T10:25:00Z,0.0000002128,0.0000002135,0.0000002124,0.0000002124,137826852,29.28210669772
1696501800000,2023-10-05T10:30:00Z,0.0000002124,0.0000002129,0.0000002124,0.0000002128,614046187,130.6364477775
1696502100000,2023-10-05T10:35:00Z,0.0000002128,0.000000213,0.0000002127,0.0000002127,213679388.6,45.49477005258
1696502400000,2023-10-05T10:40:00Z,0.0000002127,0.0000002129,0.0000002127,0.0000002129,959739346,204.2759319426
1696502700000,2023-10-05T10:45:00Z,0.0000002129,0.0000002129,0.0000002128,0.0000002129,551152943.3,117.30839257237
1696503000000,2023-10-05T10:50:00Z,0.0000002129,0.0000002129,0.0000002129,0.0000002129,0,0
1696503300000,2023-10-05T10:55:00Z,0.0000002129,0.0000002129,0.0000002129,0.0000002129,0,0
1696503600000,2023-10-05T11:00:00Z,0.0000002129,0.0000002129,0.0000002128,0.0000002128,616611379,131.2401197202
1696503900000,2023-10-05T11:05:00Z,0.0000002128,0.0000002128,0.0000002118,0.0000002118,1516974189.1,321.93602157307
1696504200000,2023-10-05T11:10:00Z,0.0000002118,0.0000002122,0.0000002118,0.0000002118,1167692500,247.5654551328
1696504500000,2023-10-05T11:15:00Z,0.0000002118,0.0000002125,0.0000002118,0.0000002125,1114840072,236.4995378877
1696504800000,2023-10-05T11:20:00Z,0.0000002125,0.0000002125,0.0000002118,0.0000002122,1837760959.7,389.74071598858
1696505100000,2023-10-05T11:25:00Z,0.0000002122,0.0000002122,0.0000002114,0.0000002114,464603542.3,98.42685615081
1696505400000,2023-10-05T11:30:00Z,0.0000002114,0.0000002119,0.0000002111,0.0000002114,1605079428.2,339.35417526294
1696505700000,2023-10-05T11:35:00Z,0.0000002114,0.0000002118,0.0000002109,0.0000002118,569136239,120.088025115
1696506000000,2023-10-05T11:40:00Z,0.0000002118,0.0000002118,0.0000002102,0.0000002108,1166441350,245.83305936919
1696506300000,2023-10-05T11:45:00Z,0.0000002108,0.0000002108,0.0000002047,0.0000002079,53101419052,11009.0732074632
1696506600000,2023-10-05T11:50:00Z,0.0000002079,0.0000002091,0.0000002079,0.0000002088,585606244,122.2348031142
1696506900000,2023-10-05T11:55:00Z,0.0000002088,0.0000002092,0.000000208,0.0000002086,1133654618.2,236.87692197741
1696507200000,2023-10-05T12:00:00Z,0.0000002086,0.000000209,0.0000002081,0.000000209,626556710.8,130.6582365127
1696507500000,2023-10-05T12:05:00Z,0.000000209,0.0000002094,0.0000002084,0.0000002094,910130137.9,190.34791536661
1696507800000,2023-10-05T12:10:00Z,0.0000002094,0.0000002094,0.0000002068,0.0000002068,1437824163.4,299.55000459716
1696508100000,2023-10-05T12:15:00Z,0.0000002068,0.0000002078,0.0000002063,0.000000207,3095192632.2,640.50174711931
1696508400000,2023-10-05T12:20:00Z,0.000000207,0.0000002074,0.0000002059,0.0000002069,511249631.2,105.80983430716
1696508700000,2023-10-05T12:25:00Z,0.0000002069,0.0000002069,0.0000002055,0.0000002067,346402453,71.58966799674
1696509000000,2023-10-05T12:30:00Z,0.0000002067,0.0000002071,0.0000002065,0.0000002071,549135721.9,113.44132725849
1696509300000,2023-10-05T12:35:00Z,0.0000002071,0.0000002071,0.0000002061,0.0000002063,796113602,164.2907829654
1696509600000,2023-10-05T12:40:00Z,0.0000002063,0.0000002068,0.0000002048,0.000000206,2605568329.5,536.70921645058
1696509900000,2023-10-05T12:45:00Z,0.000000206,0.0000002062,0.0000002058,0.0000002059,1363172702.9,280.74323940501
1696510200000,2023-10-05T12:50:00Z,0.0000002059,0.000000206,0.0000002037,0.0000002057,6154945534,1258.55259888619
1696510500000,2023-10-05T12:55:00Z,0.0000002057,0.0000002067,0.0000002057,0.0000002062,1245835785.9,256.81338048049
1696510800000,2023-10-05T13:00:00Z,0.0000002062,0.0000002066,0.0000002058,0.0000002066,189395645,39.0570944755
1696511100000,2023-10-05T13:05:00Z,0.0000002066,0.0000002074,0.0000002065,0.0000002071,508645950,105.29068037812
1696511400000,2023-10-05T13:10:00Z,0.0000002071,0.0000002079,0.0000002064,0.0000002079,1511022165.5,313.47477719685
1696511700000,2023-10-05T13:15:00Z,0.0000002079,0.0000002085,0.0000002075,0.0000002076,346428613.2,72.00878247353
1696512000000,2023-10-05T13:20:00Z,0.0000002076,0.0000002087,0.0000002076,0.0000002079,1360741684,283.1508623402
1696512300000,2023-10-05T13:25:00Z,0.0000002079,0.0000002096,0.0000002079,0.0000002088,1384605179.2,289.32646064784
1696512600000,2023-10-05T13:30:00Z,0.0000002088,0.0000002121,0.0000002088,0.0000002121,6438885615.1,1355.05044416758
1696512900000,2023-10-05T13:35:00Z,0.0000002121,0.0000002147,0.0000002112,0.0000002135,8880200661.3,1887.1157794547
1696513200000,2023-10-05T13:40:00Z,0.0000002135,0.000000214,0.0000002125,0.0000002133,1793487468.8,382.88333746238
1696513500000,2023-10-05T13:45:00Z,0.0000002133,0.000000214,0.0000002115,0.0000002122,7147290856,1516.63293126449
1696513800000,2023-10-05T13:50:00Z,0.0000002122,0.0000002128,0.0000002111,0.0000002128,1483454613.6,313.94863159563
1696514100000,2023-10-05T13:55:00Z,0.0000002128,0.0000002128,0.0000002119,0.000000212,1175973213.3,249.6737097695
1696514400000,2023-10-05T14:00:00Z,0.000000212,0.0000002128,0.000000212,0.0000002127,540126371.3,114.89406697279
1696514700000,2023-10-05T14:05:00Z,0.0000002127,0.0000002127,0.0000002114,0.0000002122,599380301.4,127.0396320868
1696515000000,2023-10-05T14:10:00Z,0.0000002122,0.0000002122,0.0000002108,0.0000002108,1078143731,227.6847665405
1696515300000,2023-10-05T14:15:00Z,0.0000002108,0.0000002125,0.0000002108,0.0000002118,439836899,93.26780595927
1696515600000,2023-10-05T14:20:00Z,0.0000002118,0.0000002124,0.0000002115,0.0000002115,484928408,102.7361653548
1696515900000,2023-10-05T14:25:00Z,0.0000002115,0.0000002119,0.0000002113,0.0000002119,767515016,162.3315992102
1696516200000,2023-10-05T14:30:00Z,0.0000002119,0.0000002125,0.0000002115,0.0000002118,506498706,107.3979957673
1696516500000,2023-10-05T14:35:00Z,0.0000002118,0.0000002119,0.0000002115,0.0000002115,613244132,129.8422831679
1696516800000,2023-10-05T14:40:00Z,0.0000002115,0.0000002119,0.0000002107,0.0000002107,899393240,190.11783296515
1696517100000,2023-10-05T14:45:00Z,0.0000002107,0.0000002119,0.0000002107,0.0000002114,674914432,142.9299746114
1696517400000,2023-10-05T14:50:00Z,0.0000002114,0.0000002121,0.0000002114,0.0000002121,321293362,68.098753608
1696517700000,2023-10-05T14:55:00Z,0.0000002121,0.0000002123,0.0000002118,0.0000002118,616911498,130.8924538445
1696518000000,2023-10-05T15:00:00Z,0.0000002118,0.0000002122,0.0000002106,0.0000002108,2213889427.9,467.17001199527
1696518300000,2023-10-05T15:05:00Z,0.0000002108,0.0000002108,0.0000002093,0.0000002093,1013446138.4,213.07416126299
1696518600000,2023-10-05T15:10:00Z,0.0000002093,0.0000002102,0.0000002082,0.0000002098,3630047148,758.97119612411
1696518900000,2023-10-05T15:15:00Z,0.0000002098,0.0000002098,0.0000002086,0.0000002091,365296938.7,76.3574664688
1696519200000,2023-10-05T15:20:00Z,0.0000002091,0.0000002099,0.0000002091,0.0000002093,321668937,67.3984924025
1696519500000,2023-10-05T15:25:00Z,0.0000002093,0.0000002095,0.0000002078,0.0000002084,1524304003.5,318.13430834639
1696519800000,2023-10-05T15:30:00Z,0.0000002084,0.000000209,0.0000002078,0.0000002086,846652395.9,176.32695310493
1696520100000,2023-10-05T15:35:00Z,0.0000002086,0.0000002086,0.0000002072,0.0000002072,517543254.1,107.45708116204
1696520400000,2023-10-05T15:40:00Z,0.0000002072,0.0000002085,0.0000002072,0.0000002078,261449345,54.4370283832
1696520700000,2023-10-05T15:45:00Z,0.0000002078,0.0000002085,0.000000207,0.0000002085,461770571,95.8959966417
1696521000000,2023-10-05T15:50:00Z,0.0000002085,0.0000002087,0.0000002074,0.000000208,212288222,44.1085229027
1696521300000,2023-10-05T15:55:00Z,0.000000208,0.000000209,0.0000002075,0.0000002083,472279748.7,98.31436809
1696521600000,2023-10-05T16:00:00Z,0.0000002083,0.0000002085,0.0000002075,0.0000002078,533528826,110.9503470691
1696521900000,2023-10-05T16:05:00Z,0.0000002078,0.0000002078,0.0000002074,0.0000002075,290856812,60.3492754531
1696522200000,2023-10-05T16:10:00Z,0.0000002075,0.0000002075,0.0000002075,0.0000002075,0,0
1696522500000,2023-10-05T16:15:00Z,0.0000002075,0.0000002075,0.0000002075,0.0000002075,0,0
1696522800000,2023-10-05T16:20:00Z,0.0000002075,0.000000209,0.0000002075,0.000000209,424553222,88.6415256988
1696523100000,2023-10-05T16:25:00Z,0.000000209,0.000000209,0.0000002086,0.0000002086,162726786,33.9448075596
1696523400000,2023-10-05T16:30:00Z,0.0000002086,0.0000002091,0.0000002086,0.0000002091,428328600,89.505217806
1696523700000,2023-10-05T16:35:00Z,0.0000002091,0.0000002102,0.0000002091,0.0000002094,924959888.4,194.3071255753
1696524000000,2023-10-05T16:40:00Z,0.0000002094,0.0000002096,0.0000002092,0.0000002092,582075819.3,121.85954542386
1696524300000,2023-10-05T16:45:00Z,0.0000002092,0.0000002099,0.0000002092,0.0000002099,330465571.1,69.23321779543
1696524600000,2023-10-05T16:50:00Z,0.0000002099,0.0000002099,0.0000002091,0.0000002092,405474189,84.81901965
1696524900000,2023-10-05T16:55:00Z,0.0000002092,0.0000002094,0.0000002082,0.000000209,2099553254.9,438.86828121868
1696525200000,2023-10-05T17:00:00Z,0.000000209,0.0000002091,0.000000208,0.000000208,4393519614.2,915.21543849405
1696525500000,2023-10-05T17:05:00Z,0.000000208,0.0000002091,0.000000208,0.000000209,260122606.2,54.38550219952
1696525800000,2023-10-05T17:10:00Z,0.000000209,0.0000002091,0.0000002079,0.0000002083,696644921,145.150997367
1696526100000,2023-10-05T17:15:00Z,0.0000002083,0.0000002087,0.0000002083,0.0000002087,184913491,38.5665467648
1696526400000,2023-10-05T17:20:00Z,0.0000002087,0.0000002088,0.0000002078,0.0000002086,665229980,138.7540420919
1696526700000,2023-10-05T17:25:00Z,0.0000002086,0.0000002086,0.0000002082,0.0000002082,440890539,91.8964847943
1696527000000,2023-10-05T17:30:00Z,0.0000002082,0.0000002085,0.0000002081,0.0000002082,638764996,132.9750158129
1696527300000,2023-10-05T17:35:00Z,0.0000002082,0.000000209,0.0000002082,0.0000002088,1904731064.3,397.3672668382
1696527600000,2023-10-05T17:40:00Z,0.0000002088,0.0000002088,0.0000002079,0.0000002085,1372692368.3,286.12761358043
1696527900000,2023-10-05T17:45:00Z,0.0000002085,0.0000002085,0.0000002077,0.0000002084,945668133,196.9211621555
1696528200000,2023-10-05T17:50:00Z,0.0000002084,0.0000002086,0.0000002076,0.0000002084,1177248386,244.801758258
1696528500000,2023-10-05T17:55:00Z,0.0000002084,0.0000002084,0.0000002077,0.0000002084,556899389,115.9684017974
1696528800000,2023-10-05T18:00:00Z,0.0000002084,0.0000002084,0.0000002076,0.0000002084,712258904,148.3044855164
1696529100000,2023-10-05T18:05:00Z,0.0000002084,0.0000002084,0.0000002073,0.0000002082,1587823835.6,329.62144792941
1696529400000,2023-10-05T18:10:00Z,0.0000002082,0.0000002086,0.0000002076,0.0000002084,1124987949,234.0883656098
1696529700000,2023-10-05T18:15:00Z,0.0000002084,0.0000002084,0.0000002072,0.0000002083,1339977473.9,278.29068554442
1696530000000,2023-10-05T18:20:00Z,0.0000002083,0.0000002086,0.0000002077,0.0000002077,1515144000,315.7126723781
1696530300000,2023-10-05T18:25:00Z,0.0000002077,0.0000002082,0.0000002077,0.0000002079,567061144.9,117.98310200258
1696530600000,2023-10-05T18:30:00Z,0.0000002079,0.0000002081,0.0000002078,0.000000208,874051931,181.8165718804
1696530900000,2023-10-05T18:35:00Z,0.000000208,0.000000208,0.0000002073,0.0000002074,606596524,125.933747758
1696531200000,2023-10-05T18:40:00Z,0.0000002074,0.0000002079,0.0000002073,0.0000002079,554890327,115.2116619261
1696531500000,2023-10-05T18:45:00Z,0.0000002079,0.00000021,0.0000002075,0.00000021,8968948108.8,1869.0404442188
1696531800000,2023-10-05T18:50:00Z,0.00000021,0.0000002103,0.0000002085,0.0000002097,2175945370.7,455.71467122485
1696532100000,2023-10-05T18:55:00Z,0.0000002097,0.0000002098,0.0000002088,0.0000002093,364144163,76.2243852202
1696532400000,2023-10-05T19:00:00Z,0.0000002093,0.0000002107,0.0000002082,0.0000002099,1289496640.7,270.15629887066
1696532700000,2023-10-05T19:05:00Z,0.0000002099,0.0000002106,0.0000002099,0.0000002104,481232934,101.1924277525
1696533000000,2023-10-05T19:10:00Z,0.0000002104,0.0000002109,0.0000002095,0.0000002109,3981847522.9,836.70304387591
1696533300000,2023-10-05T19:15:00Z,0.0000002109,0.0000002109,0.0000002096,0.0000002099,1019322188,214.1987843836
1696533600000,2023-10-05T19:20:00Z,0.0000002099,0.000000211,0.0000002098,0.0000002098,1262384511,265.78761164078
1696533900000,2023-10-05T19:25:00Z,0.0000002098,0.0000002104,0.0000002098,0.0000002104,1125354510,236.620559297
1696534200000,2023-10-05T19:30:00Z,0.0000002104,0.0000002104,0.0000002093,0.0000002093,1403583775,294.2196472803
1696534500000,2023-10-05T19:35:00Z,0.0000002093,0.0000002104,0.0000002083,0.0000002098,1564637505.7,327.02333544748
1696534800000,2023-10-05T19:40:00Z,0.0000002098,0.0000002104,0.0000002091,0.0000002091,998367069,209.2565991567
1696535100000,2023-10-05T19:45:00Z,0.0000002091,0.0000002099,0.0000002091,0.0000002098,345675890,72.3882321042
1696535400000,2023-10-05T19:50:00Z,0.0000002098,0.0000002098,0.0000002087,0.0000002087,580927986,121.361083566
1696535700000,2023-10-05T19:55:00Z,0.0000002087,0.0000002098,0.0000002087,0.000000209,1129476958,236.4259565639
1696536000000,2023-10-05T20:00:00Z,0.000000209,0.0000002098,0.000000209,0.0000002098,675968702,141.4898836884
1696536300000,2023-10-05T20:05:00Z,0.0000002098,0.0000002098,0.0000002093,0.0000002095,2047018377,428.8317470162
1696536600000,2023-10-05T20:10:00Z,0.0000002095,0.0000002099,0.0000002092,0.0000002093,1408792920,295.1329445219
1696536900000,2023-10-05T20:15:00Z,0.0000002093,0.0000002101,0.0000002093,0.0000002096,1262399854,264.510626724
1696537200000,2023-10-05T20:20:00Z,0.0000002096,0.0000002099,0.0000002096,0.0000002099,1085389996,227.6138912553
1696537500000,2023-10-05T20:25:00Z,0.0000002099,0.0000002099,0.0000002096,0.0000002096,796434867,166.9634959886
1696537800000,2023-10-05T20:30:00Z,0.0000002096,0.00000021,0.0000002095,0.00000021,1510033302.7,316.7078461591
1696538100000,2023-10-05T20:35:00Z,0.00000021,0.00000021,0.0000002088,0.0000002088,656863080.3,137.56029813627
1696538400000,2023-10-05T20:40:00Z,0.0000002088,0.0000002103,0.0000002086,0.0000002097,3106253920.4,651.54518666405
1696538700000,2023-10-05T20:45:00Z,0.0000002097,0.0000002097,0.0000002085,0.0000002092,1471570082,307.3885394861
1696539000000,2023-10-05T20:50:00Z,0.0000002092,0.0000002094,0.0000002088,0.0000002091,1022424968,213.7688401688
1696539300000,2023-10-05T20:55:00Z,0.0000002091,0.0000002098,0.0000002091,0.0000002098,1744803825,365.1691431041
1696539600000,2023-10-05T21:00:00Z,0.0000002098,0.0000002102,0.0000002092,0.0000002102,847185736,177.5350950085
1696539900000,2023-10-05T21:05:00Z,0.0000002102,0.0000002102,0.00000021,0.00000021,96678931.9,20.316732187
1696540200000,2023-10-05T21:10:00Z,0.00000021,0.0000002101,0.0000002093,0.0000002093,703869342,147.5069086107
1696540500000,2023-10-05T21:15:00Z,0.0000002093,0.0000002104,0.0000002092,0.0000002104,1325057981,278.430064816
1696540800000,2023-10-05T21:20:00Z,0.0000002104,0.0000002104,0.0000002096,0.0000002104,179885245.9,37.74632869378
1696541100000,2023-10-05T21:25:00Z,0.0000002104,0.0000002104,0.00000021,0.00000021,130923155.8,27.49405364878
1696541400000,2023-10-05T21:30:00Z,0.00000021,0.00000021,0.0000002093,0.0000002099,628054323,131.6911125471
1696541700000,2023-10-05T21:35:00Z,0.0000002099,0.0000002099,0.0000002091,0.0000002092,1134141981.9,237.88939986529
1696542000000,2023-10-05T21:40:00Z,0.0000002092,0.00000021,0.0000002091,0.0000002091,851319782,178.3564390229
1696542300000,2023-10-05T21:45:00Z,0.0000002091,0.0000002099,0.0000002089,0.0000002098,1201319258,251.5203267096
1696542600000,2023-10-05T21:50:00Z,0.0000002098,0.0000002104,0.0000002095,0.0000002096,608058157,127.6121471163
1696542900000,2023-10-05T21:55:00Z,0.0000002096,0.0000002104,0.0000002096,0.0000002102,1043372944,219.3083348414
1696543200000,2023-10-05T22:00:00Z,0.0000002102,0.0000002104,0.0000002097,0.0000002097,593960616,124.7956303666
1696543500000,2023-10-05T22:05:00Z,0.0000002097,0.0000002104,0.0000002097,0.0000002097,1013057397,212.655129754
1696543800000,2023-10-05T22:10:00Z,0.0000002097,0.0000002111,0.0000002097,0.0000002097,230684784,48.47616677962
1696544100000,2023-10-05T22:15:00Z,0.0000002097,0.0000002106,0.0000002097,0.0000002099,233284095,49.0298126414
1696544400000,2023-10-05T22:20:00Z,0.0000002099,0.000000211,0.0000002099,0.0000002109,701072985,147.5839892473
1696544700000,2023-10-05T22:25:00Z,0.0000002109,0.000000211,0.0000002099,0.000000211,433403001,91.2864667204
1696545000000,2023-10-05T22:30:00Z,0.000000211,0.0000002111,0.0000002104,0.0000002104,739405538,155.8228152966
1696545300000,2023-10-05T22:35:00Z,0.0000002104,0.0000002115,0.0000002103,0.0000002113,848298564,178.8089756388
1696545600000,2023-10-05T22:40:00Z,0.0000002113,0.0000002117,0.0000002102,0.0000002113,1336477350.7,282.33639623343
1696545900000,2023-10-05T22:45:00Z,0.0000002113,0.0000002116,0.0000002106,0.0000002116,1053616911,222.3317343887
1696546200000,2023-10-05T22:50:00Z,0.0000002116,0.0000002117,0.0000002107,0.0000002108,1090615410,230.1793958959
1696546500000,2023-10-05T22:55:00Z,0.0000002108,0.0000002111,0.0000002107,0.0000002107,639701201,134.8812051545
1696546800000,2023-10-05T23:00:00Z,0.0000002107,0.0000002109,0.00000021,0.0000002106,698930476,147.0862937127
1696547100000,2023-10-05T23:05:00Z,0.0000002106,0.0000002112,0.0000002106,0.0000002108,380843639,80.3779463155
1696547400000,2023-10-05T23:10:00Z,0.0000002108,0.0000002111,0.0000002102,0.0000002102,624347223.3,131.66047994834
1696547700000,2023-10-05T23:15:00Z,0.0000002102,0.0000002109,0.0000002102,0.0000002109,373422826,78.7548740034
1696548000000,2023-10-05T23:20:00Z,0.0000002109,0.0000002112,0.0000002101,0.0000002101,430744502,90.7261968943
1696548300000,2023-10-05T23:25:00Z,0.0000002101,0.0000002113,0.0000002101,0.0000002112,761800996.6,160.69598730208
1696548600000,2023-10-05T23:30:00Z,0.0000002112,0.0000002112,0.0000002102,0.000000211,677522581,142.80111171522
1696548900000,2023-10-05T23:35:00Z,0.000000211,0.000000211,0.00000021,0.0000002108,1061593182,223.2682039711
1696549200000,2023-10-05T23:40:00Z,0.0000002108,0.0000002111,0.0000002107,0.0000002109,603932890,127.3484616608
1696549500000,2023-10-05T23:45:00Z,0.0000002109,0.0000002111,0.0000002109,0.0000002109,376047576,79.3250067584
1696549800000,2023-10-05T23:50:00Z,0.0000002109,0.0000002111,0.0000002102,0.0000002102,742444990,156.4669977202
1696550100000,2023-10-05T23:55:00Z,0.0000002102,0.0000002108,0.0000002102,0.0000002103,508570242,106.9886687242
1696550400000,2023-10-06T00:00:00Z,0.0000002103,0.0000002104,0.00000021,0.0000002104,451212583,94.8732829229
1696550700000,2023-10-06T00:05:00Z,0.0000002104,0.0000002105,0.0000002104,0.0000002105,71467064,15.043816972
1696551000000,2023-10-06T00:10:00Z,0.0000002105,0.0000002105,0.0000002103,0.0000002103,304074711,63.9602530977
1696551300000,2023-10-06T00:15:00Z,0.0000002103,0.0000002107,0.0000002103,0.0000002107,188935469,39.8087033183
1696551600000,2023-10-06T00:20:00Z,0.0000002107,0.0000002107,0.0000002097,0.0000002104,780223756.5,164.11646917175
1696551900000,2023-10-06T00:25:00Z,0.0000002104,0.0000002108,0.0000002096,0.0000002107,650464439,136.8074275266
1696552200000,2023-10-06T00:30:00Z,0.0000002107,0.0000002107,0.00000021,0.00000021,564314125,118.624966664
1696552500000,2023-10-06T00:35:00Z,0.00000021,0.0000002109,0.00000021,0.0000002106,334049544,70.3903368423
1696552800000,2023-10-06T00:40:00Z,0.0000002106,0.0000002106,0.0000002101,0.0000002101,182233425,38.2872425925
1696553100000,2023-10-06T00:45:00Z,0.0000002101,0.0000002109,0.0000002101,0.0000002108,658727536,138.9166618952
1696553400000,2023-10-06T00:50:00Z,0.0000002108,0.0000002108,0.0000002106,0.0000002106,83185815,17.518932639
1696553700000,2023-10-06T00:55:00Z,0.0000002106,0.0000002106,0.0000002099,0.0000002104,887524274,186.7546735556
1696554000000,2023-10-06T01:00:00Z,0.0000002104,0.0000002108,0.0000002098,0.0000002108,824499434.9,173.57802694236
1696554300000,2023-10-06T01:05:00Z,0.0000002108,0.0000002115,0.0000002108,0.0000002108,1754884283,370.1618258203
1696554600000,2023-10-06T01:10:00Z,0.0000002108,0.0000002116,0.0000002108,0.0000002116,1070734156,226.1366066909
1696554900000,2023-10-06T01:15:00Z,0.0000002116,0.0000002116,0.0000002116,0.0000002116,36414452,7.7052980432
1696555200000,2023-10-06T01:20:00Z,0.0000002116,0.0000002116,0.0000002111,0.0000002111,188776923,39.8508084453
1696555500000,2023-10-06T01:25:00Z,0.0000002111,0.0000002116,0.0000002109,0.0000002116,268400351,56.6733124654
1696555800000,2023-10-06T01:30:00Z,0.0000002116,0.0000002116,0.000000211,0.000000211,128201210,27.0757320835
1696556100000,2023-10-06T01:35:00Z,0.000000211,0.0000002116,0.000000211,0.0000002116,149163027,31.5628965132
1696556400000,2023-10-06T01:40:00Z,0.0000002116,0.0000002117,0.0000002109,0.0000002116,90510720.5,19.12405570055
1696556700000,2023-10-06T01:45:00Z,0.0000002116,0.0000002116,0.0000002116,0.0000002116,239243611,50.6239480876
1696557000000,2023-10-06T01:50:00Z,0.0000002116,0.0000002116,0.0000002114,0.0000002116,286876102,60.6556069752
1696557300000,2023-10-06T01:55:00Z,0.0000002116,0.0000002116,0.0000002113,0.0000002113,280185477,59.2031912901
1696557600000,2023-10-06T02:00:00Z,0.0000002113,0.0000002114,0.0000002113,0.0000002114,83238355,17.596588247
1696557900000,2023-10-06T02:05:00Z,0.0000002114,0.0000002116,0.0000002112,0.0000002116,242211022,51.2101893736
1696558200000,2023-10-06T02:10:00Z,0.0000002116,0.0000002116,0.0000002112,0.0000002112,100000000,21.12
1696558500000,2023-10-06T02:15:00Z,0.0000002112,0.0000002112,0.0000002112,0.0000002112,0,0
1696558800000,2023-10-06T02:20:00Z,0.0000002112,0.0000002116,0.0000002112,0.0000002116,30059775,6.36064839
1696559100000,2023-10-06T02:25:00Z,0.0000002116,0.0000002126,0.0000002109,0.0000002126,36336210.8,7.67319136765
1696559400000,2023-10-06T02:30:00Z,0.0000002126,0.0000002134,0.0000002126,0.0000002134,2006085634,427.86836482376
1696559700000,2023-10-06T02:35:00Z,0.0000002134,0.0000002134,0.0000002128,0.0000002128,41371557,8.8038673296
1696560000000,2023-10-06T02:40:00Z,0.0000002128,0.0000002128,0.0000002123,0.0000002123,91951774,19.5213616202
1696560300000,2023-10-06T02:45:00Z,0.0000002123,0.0000002127,0.0000002123,0.0000002127,40977770,8.715971679
1696560600000,2023-10-06T02:50:00Z,0.0000002127,0.0000002127,0.0000002127,0.0000002127,72755443,15.4750827261
1696560900000,2023-10-06T02:55:00Z,0.0000002127,0.0000002127,0.0000002121,0.0000002124,622180338,132.00459118938
1696561200000,2023-10-06T03:00:00Z,0.0000002124,0.0000002127,0.000000212,0.000000212,155146147.9,32.988012102
1696561500000,2023-10-06T03:05:00Z,0.000000212,0.0000002127,0.000000212,0.0000002127,247610682,52.6667920614
1696561800000,2023-10-06T03:10:00Z,0.0000002127,0.0000002127,0.0000002127,0.0000002127,95544024,20.3222139048
1696562100000,2023-10-06T03:15:00Z,0.0000002127,0.0000002127,0.0000002118,0.0000002124,1906337713.2,403.92548013439
1696562400000,2023-10-06T03:20:00Z,0.0000002124,0.0000002124,0.0000002124,0.0000002124,0,0
1696562700000,2023-10-06T03:25:00Z,0.0000002124,0.0000002124,0.0000002124,0.0000002124,0,0
1696563000000,2023-10-06T03:30:00Z,0.0000002124,0.0000002127,0.0000002124,0.0000002127,141761436,30.1526574372
1696563300000,2023-10-06T03:35:00Z,0.0000002127,0.0000002127,0.0000002127,0.0000002127,237827821,50.5859775267
1696563600000,2023-10-06T03:40:00Z,0.0000002127,0.0000002127,0.000000212,0.000000212,91431136,19.383400832
1696563900000,2023-10-06T03:45:00Z,0.000000212,0.000000212,0.000000212,0.000000212,87348732,18.517931184
1696564200000,2023-10-06T03:50:00Z,0.000000212,0.000000212,0.000000212,0.000000212,0,0
1696564500000,2023-10-06T03:55:00Z,0.000000212,0.000000212,0.000000212,0.000000212,0,0
1696564800000,2023-10-06T04:00:00Z,0.000000212,0.0000002128,0.000000212,0.0000002124,98803245,20.9881169304
1696565100000,2023-10-06T04:05:00Z,0.0000002124,0.0000002131,0.0000002124,0.0000002131,12752282,2.7175112942
1696565400000,2023-10-06T04:10:00Z,0.0000002131,0.0000002131,0.0000002131,0.0000002131,0,0
1696565700000,2023-10-06T04:15:00Z,0.0000002131,0.0000002131,0.0000002131,0.0000002131,0,0
1696566000000,2023-10-06T04:20:00Z,0.0000002131,0.0000002135,0.0000002131,0.0000002135,145852398.5,31.12678737115
1696566300000,2023-10-06T04:25:00Z,0.0000002135,0.0000002136,0.0000002135,0.0000002136,138291850,29.53913916
1696566600000,2023-10-06T04:30:00Z,0.0000002136,0.000000214,0.0000002136,0.000000214,39937100,8.5465394
1696566900000,2023-10-06T04:35:00Z,0.000000214,0.0000002141,0.0000002136,0.0000002141,205022827.6,43.79959560966
1696567200000,2023-10-06T04:40:00Z,0.0000002141,0.000000215,0.0000002141,0.0000002148,1719731856.4,369.24171713402
1696567500000,2023-10-06T04:45:00Z,0.0000002148,0.0000002148,0.0000002138,0.0000002146,502986247.5,107.7362956781
1696567800000,2023-10-06T04:50:00Z,0.0000002146,0.0000002146,0.0000002133,0.0000002139,167017349,35.6731498245
1696568100000,2023-10-06T04:55:00Z,0.0000002139,0.0000002139,0.0000002138,0.0000002138,60661420,12.969411596
1696568400000,2023-10-06T05:00:00Z,0.0000002138,0.0000002143,0.0000002134,0.0000002142,2114506721,452.7577256051
1696568700000,2023-10-06T05:05:00Z,0.0000002142,0.0000002142,0.0000002133,0.0000002133,541291882,115.7060038386
1696569000000,2023-10-06T05:10:00Z,0.0000002133,0.0000002141,0.0000002133,0.0000002141,298702437,63.9521917617
1696569300000,2023-10-06T05:15:00Z,0.0000002141,0.0000002141,0.0000002134,0.000000214,542790376,116.038918555
1696569600000,2023-10-06T05:20:00Z,0.000000214,0.0000002143,0.0000002133,0.0000002143,191572510.5,40.95668500685
1696569900000,2023-10-06T05:25:00Z,0.0000002143,0.0000002143,0.0000002143,0.0000002143,0,0
1696570200000,2023-10-06T05:30:00Z,0.0000002143,0.0000002143,0.0000002134,0.0000002134,544622607,116.4996775903
1696570500000,2023-10-06T05:35:00Z,0.0000002134,0.0000002134,0.0000002134,0.0000002134,95019339,20.2771269426
1696570800000,2023-10-06T05:40:00Z,0.0000002134,0.0000002141,0.0000002134,0.0000002141,298582061,63.9264192601
1696571100000,2023-10-06T05:45:00Z,0.0000002141,0.0000002144,0.0000002141,0.0000002144,736056278,157.76087629232
1696571400000,2023-10-06T05:50:00Z,0.0000002144,0.0000002148,0.0000002144,0.0000002146,94429214,20.268660469
1696571700000,2023-10-06T05:55:00Z,0.0000002146,0.0000002152,0.0000002146,0.0000002152,189609118,40.7342883586
1696572000000,2023-10-06T06:00:00Z,0.0000002152,0.0000002152,0.000000215,0.000000215,98345823,21.144351945
1696572300000,2023-10-06T06:05:00Z,0.000000215,0.0000002152,0.000000215,0.0000002152,74792468,16.0953391136
1696572600000,2023-10-06T06:10:00Z,0.0000002152,0.0000002157,0.0000002147,0.0000002147,1046375629,225.29772350741
1696572900000,2023-10-06T06:15:00Z,0.0000002147,0.0000002147,0.0000002147,0.0000002147,177490211,38.1071483017
1696573200000,2023-10-06T06:20:00Z,0.0000002147,0.0000002151,0.0000002147,0.0000002149,124614013,26.7857061161
1696573500000,2023-10-06T06:25:00Z,0.0000002149,0.000000215,0.0000002149,0.000000215,959081640,206.2025526
1696573800000,2023-10-06T06:30:00Z,0.000000215,0.000000215,0.000000215,0.000000215,0,0
1696574100000,2023-10-06T06:35:00Z,0.000000215,0.000000215,0.0000002149,0.000000215,657897433.4,141.43656528042
1696574400000,2023-10-06T06:40:00Z,0.000000215,0.0000002151,0.000000215,0.0000002151,298102470.4,64.09251491944
1696574700000,2023-10-06T06:45:00Z,0.0000002151,0.0000002151,0.000000215,0.0000002151,47374031.6,10.18693301056
1696575000000,2023-10-06T06:50:00Z,0.0000002151,0.0000002157,0.0000002151,0.0000002157,444093166.1,95.72291313277
1696575300000,2023-10-06T06:55:00Z,0.0000002157,0.0000002158,0.0000002157,0.0000002158,48097049,10.3793431742
1696575600000,2023-10-06T07:00:00Z,0.0000002158,0.0000002165,0.0000002158,0.0000002163,1220225192.8,263.57628162834
1696575900000,2023-10-06T07:05:00Z,0.0000002163,0.0000002163,0.000000216,0.000000216,323444935,69.9502578354
1696576200000,2023-10-06T07:10:00Z,0.000000216,0.0000002168,0.000000216,0.0000002168,69112217,14.9835286456
1696576500000,2023-10-06T07:15:00Z,0.0000002168,0.0000002168,0.0000002168,0.0000002168,188787327,40.9290924936
1696576800000,2023-10-06T07:20:00Z,0.0000002168,0.0000002168,0.000000216,0.0000002162,592773312,128.0819490071
1696577100000,2023-10-06T07:25:00Z,0.0000002162,0.0000002169,0.000000216,0.000000216,446941816,96.6609765597
1696577400000,2023-10-06T07:30:00Z,0.000000216,0.0000002168,0.0000002159,0.0000002168,482104612.9,104.27897849961
1696577700000,2023-10-06T07:35:00Z,0.0000002168,0.0000002168,0.0000002163,0.0000002163,244221607,52.8251335941
1696578000000,2023-10-06T07:40:00Z,0.0000002163,0.000000217,0.0000002163,0.0000002168,576151020,124.94984829277
1696578300000,2023-10-06T07:45:00Z,0.0000002168,0.0000002174,0.0000002168,0.0000002174,1968582149.6,427.23462433554
1696578600000,2023-10-06T07:50:00Z,0.0000002174,0.0000002196,0.000000217,0.0000002179,7701255279.2,1683.15386829846
1696578900000,2023-10-06T07:55:00Z,0.0000002179,0.0000002199,0.0000002179,0.0000002198,658068957.7,144.61096355154
1696579200000,2023-10-06T08:00:00Z,0.0000002198,0.0000002198,0.000000218,0.0000002195,2843048020.6,623.04981030136
1696579500000,2023-10-06T08:05:00Z,0.0000002195,0.0000002195,0.0000002176,0.0000002176,1034607749.8,225.27198011136
1696579800000,2023-10-06T08:10:00Z,0.0000002176,0.0000002176,0.000000215,0.0000002153,569836566.6,123.10195828833
1696580100000,2023-10-06T08:15:00Z,0.0000002153,0.0000002153,0.0000002152,0.0000002152,180568764,38.8583980128
1696580400000,2023-10-06T08:20:00Z,0.0000002152,0.0000002153,0.0000002152,0.0000002153,582944171,125.5078800163
1696580700000,2023-10-06T08:25:00Z,0.0000002153,0.0000002157,0.000000215,0.0000002153,459008840,98.807943502
1696581000000,2023-10-06T08:30:00Z,0.0000002153,0.0000002153,0.0000002146,0.0000002151,831024948.8,178.70819686254
1696581300000,2023-10-06T08:35:00Z,0.0000002151,0.0000002151,0.0000002145,0.0000002145,94504659,20.2712493555
1696581600000,2023-10-06T08:40:00Z,0.0000002145,0.0000002149,0.0000002145,0.0000002149,124736433,26.7917234469
1696581900000,2023-10-06T08:45:00Z,0.0000002149,0.0000002149,0.0000002145,0.0000002148,1143477733,245.5286563066
1696582200000,2023-10-06T08:50:00Z,0.0000002148,0.000000215,0.0000002148,0.0000002148,1050916550,225.77852226262
1696582500000,2023-10-06T08:55:00Z,0.0000002148,0.0000002148,0.0000002146,0.0000002146,458685510,98.510758207
1696582800000,2023-10-06T09:00:00Z,0.0000002146,0.0000002149,0.0000002144,0.0000002144,1489623713.2,319.78727307158
1696583100000,2023-10-06T09:05:00Z,0.0000002144,0.0000002147,0.0000002139,0.0000002143,3331996466.5,713.33796319344
1696583400000,2023-10-06T09:10:00Z,0.0000002143,0.0000002143,0.0000002142,0.0000002142,865357483,185.3889870192
1696583700000,2023-10-06T09:15:00Z,0.0000002142,0.0000002143,0.0000002141,0.0000002143,970554327.1,207.91646691609
1696584000000,2023-10-06T09:20:00Z,0.0000002143,0.0000002143,0.0000002139,0.0000002142,3624429071.2,775.98916077697
1696584300000,2023-10-06T09:25:00Z,0.0000002142,0.0000002142,0.0000002141,0.0000002141,282986478.6,60.58740506826
1696584600000,2023-10-06T09:30:00Z,0.0000002141,0.0000002141,0.0000002139,0.0000002141,287930177,61.6184508957
1696584900000,2023-10-06T09:35:00Z,0.0000002141,0.0000002141,0.0000002141,0.0000002141,30000000,6.423
1696585200000,2023-10-06T09:40:00Z,0.0000002141,0.0000002142,0.0000002136,0.0000002142,355409694,76.0181106384
1696585500000,2023-10-06T09:45:00Z,0.0000002142,0.0000002142,0.0000002136,0.0000002136,72000000,15.3792
1696585800000,2023-10-06T09:50:00Z,0.0000002136,0.0000002138,0.0000002129,0.0000002132,1696720086.9,362.31533649923
1696586100000,2023-10-06T09:55:00Z,0.0000002132,0.0000002132,0.0000002119,0.000000212,1142669906.7,242.54577439143
1696586400000,2023-10-06T10:00:00Z,0.000000212,0.000000212,0.0000002118,0.0000002118,211923535,44.9128718852
1696586700000,2023-10-06T10:05:00Z,0.0000002118,0.0000002123,0.0000002118,0.0000002123,403466391,85.515446177
1696587000000,2023-10-06T10:10:00Z,0.0000002123,0.0000002124,0.0000002121,0.0000002123,697747833,148.1790356438
1696587300000,2023-10-06T10:15:00Z,0.0000002123,0.0000002126,0.0000002121,0.0000002125,386282954,81.9859313559
1696587600000,2023-10-06T10:20:00Z,0.0000002125,0.0000002125,0.0000002125,0.0000002125,574525815,122.0867356875
1696587900000,2023-10-06T10:25:00Z,0.0000002125,0.0000002128,0.0000002119,0.0000002125,1038959348.7,220.63548453185
1696588200000,2023-10-06T10:30:00Z,0.0000002125,0.0000002142,0.0000002125,0.000000214,668619893.4,142.85464761614
1696588500000,2023-10-06T10:35:00Z,0.000000214,0.0000002142,0.000000214,0.0000002142,274177284,58.72326819
1696588800000,2023-10-06T10:40:00Z,0.0000002142,0.000000215,0.0000002142,0.0000002149,960413023.7,206.3103113259
1696589100000,2023-10-06T10:45:00Z,0.0000002149,0.000000215,0.0000002148,0.000000215,722318436,155.2818343594
1696589400000,2023-10-06T10:50:00Z,0.000000215,0.000000215,0.0000002148,0.0000002149,332551617,71.4575276434
1696589700000,2023-10-06T10:55:00Z,0.0000002149,0.0000002149,0.0000002141,0.0000002141,827359847,177.4478047039
1696590000000,2023-10-06T11:00:00Z,0.0000002141,0.0000002141,0.0000002132,0.0000002132,151762087,32.3986653884
1696590300000,2023-10-06T11:05:00Z,0.0000002132,0.000000214,0.0000002132,0.000000214,671873561,143.6450216946
1696590600000,2023-10-06T11:10:00Z,0.000000214,0.000000214,0.0000002128,0.0000002131,2122906575,452.29134201808
1696590900000,2023-10-06T11:15:00Z,0.0000002131,0.0000002137,0.0000002129,0.0000002136,422697602,90.1122730934
1696591200000,2023-10-06T11:20:00Z,0.0000002136,0.0000002137,0.0000002129,0.0000002129,1195497321,254.99352123767
1696591500000,2023-10-06T11:25:00Z,0.0000002129,0.0000002138,0.0000002129,0.000000213,1364764016,291.3714773016
1696591800000,2023-10-06T11:30:00Z,0.000000213,0.0000002139,0.000000213,0.0000002131,632179801.5,135.0153198791
1696592100000,2023-10-06T11:35:00Z,0.0000002131,0.0000002138,0.000000213,0.0000002131,862598763,183.923326596
1696592400000,2023-10-06T11:40:00Z,0.0000002131,0.000000214,0.0000002131,0.0000002131,1760290627,375.59857671132
1696592700000,2023-10-06T11:45:00Z,0.0000002131,0.0000002139,0.0000002131,0.0000002138,924497901.5,197.18622648869
1696593000000,2023-10-06T11:50:00Z,0.0000002138,0.000000214,0.0000002128,0.0000002138,810527078,173.1436303392
1696593300000,2023-10-06T11:55:00Z,0.0000002138,0.0000002138,0.0000002129,0.0000002129,919485242,196.0955790169
1696593600000,2023-10-06T12:00:00Z,0.0000002129,0.0000002136,0.0000002129,0.0000002134,453014178,96.6924084802
1696593900000,2023-10-06T12:05:00Z,0.0000002134,0.000000214,0.0000002134,0.000000214,1364149784,291.3384856844
1696594200000,2023-10-06T12:10:00Z,0.000000214,0.000000214,0.0000002135,0.0000002135,1102262309,235.7791245239
1696594500000,2023-10-06T12:15:00Z,0.0000002135,0.0000002137,0.0000002135,0.0000002137,355095838,75.8744613031
1696594800000,2023-10-06T12:20:00Z,0.0000002137,0.0000002163,0.0000002137,0.0000002157,2512549826.9,540.57868798922
1696595100000,2023-10-06T12:25:00Z,0.0000002157,0.0000002159,0.0000002146,0.0000002146,1304640550,280.90154682169
1696595400000,2023-10-06T12:30:00Z,0.0000002146,0.0000002161,0.0000002145,0.0000002145,1208086106,260.16053482995
1696595700000,2023-10-06T12:35:00Z,0.0000002145,0.0000002156,0.0000002145,0.0000002148,1438894150,309.5366450617
1696596000000,2023-10-06T12:40:00Z,0.0000002148,0.0000002156,0.0000002147,0.000000215,1090943468,234.57715542046
1696596300000,2023-10-06T12:45:00Z,0.000000215,0.0000002161,0.0000002149,0.0000002159,1622933313,349.7190090544
1696596600000,2023-10-06T12:50:00Z,0.0000002159,0.0000002159,0.000000215,0.0000002159,387279183,83.5288178244
1696596900000,2023-10-06T12:55:00Z,0.0000002159,0.0000002159,0.0000002128,0.0000002133,4065997963.4,872.70162728268
1696597200000,2023-10-06T13:00:00Z,0.0000002133,0.000000214,0.0000002128,0.0000002137,2003373120.3,427.5313746507
1696597500000,2023-10-06T13:05:00Z,0.0000002137,0.0000002161,0.0000002137,0.0000002161,683688707.1,146.84920886955
1696597800000,2023-10-06T13:10:00Z,0.0000002161,0.0000002161,0.0000002151,0.0000002159,1772987472,381.63896694256
1696598100000,2023-10-06T13:15:00Z,0.0000002159,0.0000002162,0.0000002155,0.0000002162,861396512,185.8642933198
1696598400000,2023-10-06T13:20:00Z,0.0000002162,0.0000002162,0.0000002158,0.0000002162,1000025992,216.1844940216
1696598700000,2023-10-06T13:25:00Z,0.0000002162,0.0000002162,0.0000002157,0.0000002157,740675504,159.89627278974
1696599000000,2023-10-06T13:30:00Z,0.0000002157,0.0000002184,0.0000002157,0.0000002184,1281058789.3,277.66550195376
1696599300000,2023-10-06T13:35:00Z,0.0000002184,0.0000002184,0.0000002165,0.0000002165,1611140714.9,350.51780906587
1696599600000,2023-10-06T13:40:00Z,0.0000002165,0.0000002177,0.0000002156,0.0000002166,969823129.9,209.83982703512
1696599900000,2023-10-06T13:45:00Z,0.0000002166,0.0000002175,0.0000002165,0.0000002175,1512968031,328.36711445924
1696600200000,2023-10-06T13:50:00Z,0.0000002175,0.0000002175,0.0000002159,0.0000002168,621867509,134.5367006447
1696600500000,2023-10-06T13:55:00Z,0.0000002168,0.0000002168,0.0000002154,0.0000002157,596101436.8,128.7095259004
1696600800000,2023-10-06T14:00:00Z,0.0000002157,0.000000216,0.0000002157,0.000000216,194035319,41.911628904
1696601100000,2023-10-06T14:05:00Z,0.000000216,0.0000002168,0.0000002155,0.0000002156,741657467,160.19119651252
1696601400000,2023-10-06T14:10:00Z,0.0000002156,0.0000002162,0.0000002154,0.0000002154,964149813.6,207.91050933874
1696601700000,2023-10-06T14:15:00Z,0.0000002154,0.0000002164,0.0000002154,0.0000002163,951468523.9,205.53542991107
1696602000000,2023-10-06T14:20:00Z,0.0000002163,0.0000002163,0.0000002156,0.0000002156,56718860,12.228586216
1696602300000,2023-10-06T14:25:00Z,0.0000002156,0.0000002162,0.0000002154,0.0000002162,842536524,181.8121168251
1696602600000,2023-10-06T14:30:00Z,0.0000002162,0.0000002165,0.0000002157,0.0000002165,539786803,116.5355383635
1696602900000,2023-10-06T14:35:00Z,0.0000002165,0.0000002165,0.0000002154,0.000000216,568335058,122.7130897889
1696603200000,2023-10-06T14:40:00Z,0.000000216,0.0000002164,0.0000002154,0.0000002164,643477445.2,138.8789086131
1696603500000,2023-10-06T14:45:00Z,0.0000002164,0.0000002164,0.0000002151,0.0000002151,479410741.8,103.34060306074
1696603800000,2023-10-06T14:50:00Z,0.0000002151,0.0000002158,0.0000002151,0.0000002158,581552321,125.3516247699
1696604100000,2023-10-06T14:55:00Z,0.0000002158,0.0000002158,0.0000002148,0.0000002148,215283458,46.2428867784
1696604400000,2023-10-06T15:00:00Z,0.0000002148,0.0000002153,0.000000214,0.0000002153,1536138974.9,329.2408222527
1696604700000,2023-10-06T15:05:00Z,0.0000002153,0.0000002153,0.0000002152,0.0000002152,138321979,29.7668898808
1696605000000,2023-10-06T15:10:00Z,0.0000002152,0.0000002153,0.0000002144,0.0000002144,313698029.3,67.34708228439
1696605300000,2023-10-06T15:15:00Z,0.0000002144,0.0000002146,0.0000002144,0.0000002146,59363178,12.7371522064
1696605600000,2023-10-06T15:20:00Z,0.0000002146,0.0000002146,0.0000002136,0.0000002136,534966054.3,114.65724028013
1696605900000,2023-10-06T15:25:00Z,0.0000002136,0.0000002148,0.0000002135,0.0000002148,294386515.5,63.06771374465
1696606200000,2023-10-06T15:30:00Z,0.0000002148,0.0000002163,0.0000002148,0.0000002149,650989813.8,140.35871222844
1696606500000,2023-10-06T15:35:00Z,0.0000002149,0.0000002149,0.0000002134,0.000000214,2043826605.4,437.4291868657
1696606800000,2023-10-06T15:40:00Z,0.000000214,0.0000002142,0.0000002127,0.0000002128,462822095.3,98.81815364809
1696607100000,2023-10-06T15:45:00Z,0.0000002128,0.0000002133,0.0000002114,0.000000212,8080678487.9,1717.4995795194
1696607400000,2023-10-06T15:50:00Z,0.000000212,0.0000002121,0.0000002112,0.0000002121,744271764.4,157.48853124392
1696607700000,2023-10-06T15:55:00Z,0.0000002121,0.0000002121,0.0000002114,0.0000002116,466965366,98.8674017421
1696608000000,2023-10-06T16:00:00Z,0.0000002116,0.0000002121,0.0000002115,0.0000002116,430363822,91.1341425687
1696608300000,2023-10-06T16:05:00Z,0.0000002116,0.0000002121,0.0000002111,0.0000002113,764160614,161.5689459314
1696608600000,2023-10-06T16:10:00Z,0.0000002113,0.0000002121,0.0000002113,0.0000002121,484318284,102.5092032128
1696608900000,2023-10-06T16:15:00Z,0.0000002121,0.0000002121,0.0000002112,0.0000002117,515988315,109.2021208067
1696609200000,2023-10-06T16:20:00Z,0.0000002117,0.0000002117,0.00000021,0.0000002109,4502790945,947.54201618145
1696609500000,2023-10-06T16:25:00Z,0.0000002109,0.0000002117,0.0000002109,0.0000002112,553932531.5,117.13484840355
1696609800000,2023-10-06T16:30:00Z,0.0000002112,0.0000002113,0.0000002096,0.0000002096,3313993927.8,696.6598900124
1696610100000,2023-10-06T16:35:00Z,0.0000002096,0.00000021,0.0000002096,0.0000002099,479130053,100.5481867665
1696610400000,2023-10-06T16:40:00Z,0.0000002099,0.0000002112,0.0000002099,0.0000002112,905993631.5,190.29690135235
1696610700000,2023-10-06T16:45:00Z,0.0000002112,0.0000002112,0.0000002103,0.0000002104,235067806.3,49.47126748406
1696611000000,2023-10-06T16:50:00Z,0.0000002104,0.0000002104,0.0000002102,0.0000002102,85855423,18.0468099146
1696611300000,2023-10-06T16:55:00Z,0.0000002102,0.0000002109,0.0000002102,0.0000002106,558136750.8,117.66006491608
1696611600000,2023-10-06T17:00:00Z,0.0000002106,0.0000002106,0.0000002098,0.0000002101,176674008,37.0932658535
1696611900000,2023-10-06T17:05:00Z,0.0000002101,0.0000002101,0.0000002088,0.0000002092,1211884624.1,253.48841682813
1696612200000,2023-10-06T17:10:00Z,0.0000002092,0.0000002092,0.0000002083,0.0000002083,1383140618.9,288.78500828411
1696612500000,2023-10-06T17:15:00Z,0.0000002083,0.0000002092,0.0000002081,0.000000209,1668661084.1,348.04082606492
1696612800000,2023-10-06T17:20:00Z,0.000000209,0.0000002095,0.0000002089,0.0000002092,853220855,178.6104486507
1696613100000,2023-10-06T17:25:00Z,0.0000002092,0.0000002097,0.0000002092,0.0000002093,616442531.1,129.16598426207
1696613400000,2023-10-06T17:30:00Z,0.0000002093,0.0000002097,0.0000002093,0.0000002095,1116032814.8,233.9377944488
1696613700000,2023-10-06T17:35:00Z,0.0000002095,0.0000002097,0.0000002094,0.0000002094,1917571099.5,401.82001800215
1696614000000,2023-10-06T17:40:00Z,0.0000002094,0.0000002097,0.0000002093,0.0000002096,1469822834,307.9550856121
1696614300000,2023-10-06T17:45:00Z,0.0000002096,0.0000002103,0.0000002094,0.0000002103,875871380,183.68886335907
1696614600000,2023-10-06T17:50:00Z,0.0000002103,0.0000002104,0.0000002102,0.0000002104,1083264952,227.9005782326
1696614900000,2023-10-06T17:55:00Z,0.0000002104,0.0000002108,0.00000021,0.0000002101,943943971,198.46988032924
1696615200000,2023-10-06T18:00:00Z,0.0000002101,0.0000002109,0.0000002101,0.0000002101,761060295,160.1543449435
1696615500000,2023-10-06T18:05:00Z,0.0000002101,0.0000002101,0.0000002099,0.0000002099,460052426,96.5817971371
1696615800000,2023-10-06T18:10:00Z,0.0000002099,0.0000002101,0.0000002091,0.0000002097,1019545726.6,213.76833385957
1696616100000,2023-10-06T18:15:00Z,0.0000002097,0.0000002097,0.0000002088,0.0000002097,325311052,68.11507256283
1696616400000,2023-10-06T18:20:00Z,0.0000002097,0.0000002099,0.0000002088,0.0000002092,1668670867,349.3650151934
1696616700000,2023-10-06T18:25:00Z,0.0000002092,0.00000021,0.0000002092,0.0000002092,689014383,144.5514047702
1696617000000,2023-10-06T18:30:00Z,0.0000002092,0.00000021,0.000000209,0.0000002099,1871147080,392.04368589137
1696617300000,2023-10-06T18:35:00Z,0.0000002099,0.0000002099,0.0000002078,0.0000002091,5476392363.9,1141.50922274342
1696617600000,2023-10-06T18:40:00Z,0.0000002091,0.0000002091,0.0000002087,0.0000002087,1061900613,221.932855962
1696617900000,2023-10-06T18:45:00Z,0.0000002087,0.0000002091,0.0000002087,0.0000002089,651462328,136.093060187
1696618200000,2023-10-06T18:50:00Z,0.0000002089,0.0000002091,0.0000002087,0.0000002089,754540853,157.7201102543
1696618500000,2023-10-06T18:55:00Z,0.0000002089,0.0000002091,0.0000002088,0.0000002091,546435748,114.1686255657
1696618800000,2023-10-06T19:00:00Z,0.0000002091,0.0000002091,0.0000002086,0.0000002086,844611324.4,176.22884968948
1696619100000,2023-10-06T19:05:00Z,0.0000002086,0.0000002086,0.0000002085,0.0000002085,747367026,155.843353275
1696619400000,2023-10-06T19:10:00Z,0.0000002085,0.0000002086,0.0000002085,0.0000002086,394500680,82.292841848
1696619700000,2023-10-06T19:15:00Z,0.0000002086,0.0000002091,0.0000002086,0.0000002087,1876077610.6,391.72837411868
1696620000000,2023-10-06T19:20:00Z,0.0000002087,0.0000002091,0.0000002087,0.0000002088,1009750064,210.9870221514
1696620300000,2023-10-06T19:25:00Z,0.0000002088,0.0000002091,0.0000002088,0.0000002091,657823645,137.4396658194
1696620600000,2023-10-06T19:30:00Z,0.0000002091,0.0000002091,0.0000002091,0.0000002091,840889640,175.830023724
1696620900000,2023-10-06T19:35:00Z,0.0000002091,0.0000002091,0.0000002091,0.0000002091,45650611,9.5455427601
1696621200000,2023-10-06T19:40:00Z,0.0000002091,0.0000002091,0.0000002087,0.0000002091,1303938869,272.2508095473
1696621500000,2023-10-06T19:45:00Z,0.0000002091,0.0000002096,0.0000002087,0.0000002087,747295802,156.08047593924
1696621800000,2023-10-06T19:50:00Z,0.0000002087,0.0000002096,0.0000002085,0.0000002091,1170381487,244.8738776719
1696622100000,2023-10-06T19:55:00Z,0.0000002091,0.0000002099,0.0000002091,0.0000002091,958432024.5,200.83579378907
1696622400000,2023-10-06T20:00:00Z,0.0000002091,0.0000002097,0.0000002084,0.0000002087,1291005730.2,269.90195367144
1696622700000,2023-10-06T20:05:00Z,0.0000002087,0.0000002095,0.0000002085,0.0000002092,925893988.3,193.71998568729
1696623000000,2023-10-06T20:10:00Z,0.0000002092,0.0000002095,0.0000002088,0.0000002095,1666824635.6,348.63512549791
1696623300000,2023-10-06T20:15:00Z,0.0000002095,0.0000002095,0.0000002089,0.0000002089,1291692727,270.2024329817
1696623600000,2023-10-06T20:20:00Z,0.0000002089,0.0000002095,0.0000002089,0.0000002089,1233126007,257.9106256996
1696623900000,2023-10-06T20:25:00Z,0.0000002089,0.0000002094,0.0000002089,0.000000209,1537477913.4,321.24776350742
1696624200000,2023-10-06T20:30:00Z,0.000000209,0.0000002095,0.0000002089,0.0000002089,1111564043,232.6882273367
1696624500000,2023-10-06T20:35:00Z,0.0000002089,0.0000002095,0.0000002089,0.0000002094,579492724,121.2476219732
1696624800000,2023-10-06T20:40:00Z,0.0000002094,0.0000002095,0.0000002089,0.000000209,1950432143,407.987967352
1696625100000,2023-10-06T20:45:00Z,0.000000209,0.0000002095,0.000000209,0.0000002095,1134637176,237.3906936926
1696625400000,2023-10-06T20:50:00Z,0.0000002095,0.0000002095,0.000000209,0.0000002095,1332641671,278.9461783785
1696625700000,2023-10-06T20:55:00Z,0.0000002095,0.0000002095,0.000000209,0.000000209,782981173,163.8569691205
1696626000000,2023-10-06T21:00:00Z,0.000000209,0.0000002091,0.000000209,0.0000002091,235422580,49.226861478
1696626300000,2023-10-06T21:05:00Z,0.0000002091,0.0000002095,0.0000002091,0.0000002095,1034896691,216.4978291888
1696626600000,2023-10-06T21:10:00Z,0.0000002095,0.0000002095,0.0000002091,0.0000002094,995814265,208.3830296904
1696626900000,2023-10-06T21:15:00Z,0.0000002094,0.0000002094,0.0000002091,0.0000002094,1024069888.7,214.21537765101
1696627200000,2023-10-06T21:20:00Z,0.0000002094,0.0000002094,0.0000002085,0.0000002093,636200972.7,133.03594577836
1696627500000,2023-10-06T21:25:00Z,0.0000002093,0.0000002099,0.0000002087,0.0000002099,2815596630.8,590.20542752431
1696627800000,2023-10-06T21:30:00Z,0.0000002099,0.00000021,0.000000209,0.0000002098,558726327,116.9219591664
1696628100000,2023-10-06T21:35:00Z,0.0000002098,0.0000002098,0.000000209,0.0000002098,388151122,81.1725987101
1696628400000,2023-10-06T21:40:00Z,0.0000002098,0.0000002114,0.0000002094,0.0000002108,1469676511.3,309.27244232262
1696628700000,2023-10-06T21:45:00Z,0.0000002108,0.0000002113,0.0000002094,0.0000002113,732328744.2,154.27260345228
1696629000000,2023-10-06T21:50:00Z,0.0000002113,0.0000002114,0.0000002095,0.0000002101,928112080.4,195.06658778625
1696629300000,2023-10-06T21:55:00Z,0.0000002101,0.0000002102,0.0000002094,0.0000002095,1588806587.3,333.53258123602
1696629600000,2023-10-06T22:00:00Z,0.0000002095,0.0000002099,0.0000002095,0.0000002099,223136247,46.8241626999
1696629900000,2023-10-06T22:05:00Z,0.0000002099,0.0000002114,0.0000002099,0.0000002114,1691080288.6,356.92372671986
1696630200000,2023-10-06T22:10:00Z,0.0000002114,0.000000212,0.0000002113,0.0000002117,1797484942.6,380.61652564286
1696630500000,2023-10-06T22:15:00Z,0.0000002117,0.0000002117,0.0000002106,0.0000002106,473684072,100.0431934073
1696630800000,2023-10-06T22:20:00Z,0.0000002106,0.0000002113,0.0000002098,0.0000002113,530470984,111.7730273535
1696631100000,2023-10-06T22:25:00Z,0.0000002113,0.0000002114,0.0000002104,0.000000211,804706212,169.619110238
1696631400000,2023-10-06T22:30:00Z,0.000000211,0.0000002111,0.0000002105,0.0000002111,777479234,163.703250208
1696631700000,2023-10-06T22:35:00Z,0.0000002111,0.0000002111,0.0000002104,0.0000002105,619763674,130.51967298347
1696632000000,2023-10-06T22:40:00Z,0.0000002105,0.0000002111,0.0000002096,0.0000002105,780668723.4,164.4892133125
1696632300000,2023-10-06T22:45:00Z,0.0000002105,0.0000002116,0.0000002105,0.000000211,641105847.5,135.18676022205
1696632600000,2023-10-06T22:50:00Z,0.000000211,0.0000002126,0.000000211,0.0000002126,774355256.4,164.25344461218
1696632900000,2023-10-06T22:55:00Z,0.0000002126,0.0000002126,0.0000002118,0.0000002118,719269536,152.5517014712
1696633200000,2023-10-06T23:00:00Z,0.0000002118,0.0000002126,0.0000002118,0.0000002119,610167554,129.3241555782
1696633500000,2023-10-06T23:05:00Z,0.0000002119,0.0000002128,0.0000002117,0.0000002128,318973697,67.6743179526
1696633800000,2023-10-06T23:10:00Z,0.0000002128,0.0000002128,0.0000002128,0.0000002128,172826570,36.777494096
1696634100000,2023-10-06T23:15:00Z,0.0000002128,0.0000002128,0.0000002118,0.0000002118,258745989,55.004166148
1696634400000,2023-10-06T23:20:00Z,0.0000002118,0.0000002118,0.0000002117,0.0000002118,352638359,74.6821447978
1696634700000,2023-10-06T23:25:00Z,0.0000002118,0.0000002125,0.0000002115,0.0000002115,934109322,197.9962715139
1696635000000,2023-10-06T23:30:00Z,0.0000002115,0.0000002123,0.0000002115,0.0000002123,460374894,97.5236134992
1696635300000,2023-10-06T23:35:00Z,0.0000002123,0.0000002123,0.0000002115,0.0000002115,66759202,14.119571223
1696635600000,2023-10-06T23:40:00Z,0.0000002115,0.0000002123,0.0000002112,0.0000002112,297452908,63.0291267109
1696635900000,2023-10-06T23:45:00Z,0.0000002112,0.0000002119,0.0000002111,0.0000002119,377508709,79.7854191464
1696636200000,2023-10-06T23:50:00Z,0.0000002119,0.000000212,0.0000002119,0.000000212,33277835,7.05490102
1696636500000,2023-10-06T23:55:00Z,0.000000212,0.000000212,0.0000002112,0.0000002112,920726976,194.4986793019
1696636800000,2023-10-07T00:00:00Z,0.0000002112,0.0000002112,0.0000002112,0.0000002112,112363739,23.7312216768
1696637100000,2023-10-07T00:05:00Z,0.0000002112,0.0000002114,0.0000002112,0.0000002114,384756658,81.3375575012
1696637400000,2023-10-07T00:10:00Z,0.0000002114,0.0000002115,0.0000002114,0.0000002115,106471268,22.518673182
1696637700000,2023-10-07T00:15:00Z,0.0000002115,0.0000002122,0.0000002115,0.0000002115,351545887.4,74.42178562858
1696638000000,2023-10-07T00:20:00Z,0.0000002115,0.0000002115,0.0000002115,0.0000002115,0,0
1696638300000,2023-10-07T00:25:00Z,0.0000002115,0.0000002119,0.0000002112,0.0000002119,764687982,161.910855576
1696638600000,2023-10-07T00:30:00Z,0.0000002119,0.0000002119,0.0000002119,0.0000002119,77434562,16.4083836878
1696638900000,2023-10-07T00:35:00Z,0.0000002119,0.0000002119,0.0000002119,0.0000002119,101266027,21.4582711213
1696639200000,2023-10-07T00:40:00Z,0.0000002119,0.0000002119,0.0000002116,0.0000002117,241040113,51.0244982403
1696639500000,2023-10-07T00:45:00Z,0.0000002117,0.000000212,0.0000002115,0.0000002119,434339854.2,91.9257798243
1696639800000,2023-10-07T00:50:00Z,0.0000002119,0.0000002119,0.0000002119,0.0000002119,0,0
1696640100000,2023-10-07T00:55:00Z,0.0000002119,0.0000002119,0.0000002113,0.0000002113,886933596,187.539377664
1696640400000,2023-10-07T01:00:00Z,0.0000002113,0.0000002119,0.0000002113,0.0000002119,346647858.2,73.43220087548
1696640700000,2023-10-07T01:05:00Z,0.0000002119,0.0000002124,0.0000002119,0.0000002124,171052891.3,36.26566359847
1696641000000,2023-10-07T01:10:00Z,0.0000002124,0.0000002124,0.0000002117,0.0000002117,340966244,72.1969796262
1696641300000,2023-10-07T01:15:00Z,0.0000002117,0.0000002125,0.0000002117,0.0000002125,627098804,133.07617095364
1696641600000,2023-10-07T01:20:00Z,0.0000002125,0.0000002125,0.0000002118,0.0000002119,159139370,33.7136340143
1696641900000,2023-10-07T01:25:00Z,0.0000002119,0.0000002125,0.0000002119,0.0000002125,95064347,20.2011737375
1696642200000,2023-10-07T01:30:00Z,0.0000002125,0.0000002125,0.0000002123,0.0000002123,40413739,8.5798367897
1696642500000,2023-10-07T01:35:00Z,0.0000002123,0.0000002123,0.0000002118,0.0000002119,630517963.1,133.66907351798
1696642800000,2023-10-07T01:40:00Z,0.0000002119,0.0000002119,0.0000002119,0.0000002119,176123735,37.3206194465
1696643100000,2023-10-07T01:45:00Z,0.0000002119,0.000000212,0.0000002119,0.000000212,170184877,36.079193924
1696643400000,2023-10-07T01:50:00Z,0.000000212,0.000000212,0.000000212,0.000000212,0,0
1696643700000,2023-10-07T01:55:00Z,0.000000212,0.000000212,0.0000002119,0.0000002119,131854261,27.9399179059
1696644000000,2023-10-07T02:00:00Z,0.0000002119,0.0000002119,0.0000002119,0.0000002119,0,0
1696644300000,2023-10-07T02:05:00Z,0.0000002119,0.0000002119,0.0000002113,0.0000002113,619408634.6,130.94276932118
1696644600000,2023-10-07T02:10:00Z,0.0000002113,0.0000002119,0.0000002113,0.0000002114,570130259,120.5637083287
1696644900000,2023-10-07T02:15:00Z,0.0000002114,0.0000002114,0.0000002113,0.0000002113,314111761,66.3762591454
1696645200000,2023-10-07T02:20:00Z,0.0000002113,0.0000002113,0.0000002113,0.0000002113,0,0
1696645500000,2023-10-07T02:25:00Z,0.0000002113,0.0000002116,0.0000002113,0.0000002116,100961823,21.3635217468
1696645800000,2023-10-07T02:30:00Z,0.0000002116,0.0000002124,0.0000002116,0.0000002124,124325229,26.4066786396
1696646100000,2023-10-07T02:35:00Z,0.0000002124,0.0000002124,0.0000002113,0.0000002123,307248960.4,65.12181085932
1696646400000,2023-10-07T02:40:00Z,0.0000002123,0.0000002123,0.0000002123,0.0000002123,0,0
1696646700000,2023-10-07T02:45:00Z,0.0000002123,0.0000002123,0.0000002123,0.0000002123,0,0
1696647000000,2023-10-07T02:50:00Z,0.0000002123,0.0000002123,0.0000002122,0.0000002122,58556623,12.4257154006
1696647300000,2023-10-07T02:55:00Z,0.0000002122,0.0000002122,0.0000002113,0.0000002113,33720327,7.1251050951
1696647600000,2023-10-07T03:00:00Z,0.0000002113,0.0000002123,0.0000002113,0.0000002123,199958500,42.45118955
1696647900000,2023-10-07T03:05:00Z,0.0000002123,0.0000002123,0.0000002116,0.0000002116,230947287,48.8684459292
1696648200000,2023-10-07T03:10:00Z,0.0000002116,0.0000002116,0.0000002116,0.0000002116,0,0
1696648500000,2023-10-07T03:15:00Z,0.0000002116,0.0000002116,0.0000002116,0.0000002116,0,0
1696648800000,2023-10-07T03:20:00Z,0.0000002116,0.0000002125,0.0000002116,0.0000002125,244047847,51.8601674875
1696649100000,2023-10-07T03:25:00Z,0.0000002125,0.0000002125,0.0000002112,0.0000002112,674990359.9,142.8109267372
1696649400000,2023-10-07T03:30:00Z,0.0000002112,0.0000002124,0.0000002112,0.0000002124,602309471,127.8977598342
1696649700000,2023-10-07T03:35:00Z,0.0000002124,0.0000002124,0.0000002124,0.0000002124,0,0
1696650000000,2023-10-07T03:40:00Z,0.0000002124,0.0000002124,0.0000002124,0.0000002124,54842118,11.6484658632
1696650300000,2023-10-07T03:45:00Z,0.0000002124,0.0000002124,0.0000002124,0.0000002124,56805389,12.0654646236
1696650600000,2023-10-07T03:50:00Z,0.0000002124,0.0000002124,0.0000002124,0.0000002124,0,0
1696650900000,2023-10-07T03:55:00Z,0.0000002124,0.0000002124,0.0000002123,0.0000002123,50004039,10.6208578822
1696651200000,2023-10-07T04:00:00Z,0.0000002123,0.0000002123,0.0000002123,0.0000002123,8893978,1.8881915294
1696651500000,2023-10-07T04:05:00Z,0.0000002123,0.0000002123,0.0000002123,0.0000002123,0,0
1696651800000,2023-10-07T04:10:00Z,0.0000002123,0.0000002123,0.0000002123,0.0000002123,0,0
1696652100000,2023-10-07T04:15:00Z,0.0000002123,0.0000002123,0.0000002123,0.0000002123,297266766.5,63.10973452795
1696652400000,2023-10-07T04:20:00Z,0.0000002123,0.0000002123,0.0000002123,0.0000002123,0,0
1696652700000,2023-10-07T04:25:00Z,0.0000002123,0.0000002124,0.0000002123,0.0000002124,304624331,64.7022079044
1696653000000,2023-10-07T04:30:00Z,0.0000002124,0.0000002124,0.0000002124,0.0000002124,0,0
1696653300000,2023-10-07T04:35:00Z,0.0000002124,0.0000002126,0.0000002124,0.0000002124,122793415,26.088337969
1696653600000,2023-10-07T04:40:00Z,0.0000002124,0.0000002124,0.0000002123,0.0000002123,4976157.2,1.05643817356
1696653900000,2023-10-07T04:45:00Z,0.0000002123,0.0000002123,0.0000002123,0.0000002123,0,0
1696654200000,2023-10-07T04:50:00Z,0.0000002123,0.0000002127,0.0000002123,0.0000002127,233104433,49.5813128991
1696654500000,2023-10-07T04:55:00Z,0.0000002127,0.0000002127,0.0000002124,0.0000002124,145022695,30.8152937331
1696654800000,2023-10-07T05:00:00Z,0.0000002124,0.0000002127,0.0000002124,0.0000002127,226098438,48.0911377626
1696655100000,2023-10-07T05:05:00Z,0.0000002127,0.0000002127,0.0000002127,0.0000002127,67919814,14.4465444378
1696655400000,2023-10-07T05:10:00Z,0.0000002127,0.0000002127,0.0000002124,0.0000002125,266040077,56.5288179439
1696655700000,2023-10-07T05:15:00Z,0.0000002125,0.0000002125,0.0000002125,0.0000002125,48011889,10.2025264125
1696656000000,2023-10-07T05:20:00Z,0.0000002125,0.0000002127,0.0000002124,0.0000002124,109693572,23.318413047
1696656300000,2023-10-07T05:25:00Z,0.0000002124,0.0000002125,0.0000002124,0.0000002125,146060634,31.037884725
1696656600000,2023-10-07T05:30:00Z,0.0000002125,0.0000002125,0.0000002125,0.0000002125,0,0
1696656900000,2023-10-07T05:35:00Z,0.0000002125,0.0000002127,0.0000002125,0.0000002127,175637335,37.3447027409
1696657200000,2023-10-07T05:40:00Z,0.0000002127,0.0000002128,0.0000002127,0.0000002128,1777890373.2,378.33507141696
1696657500000,2023-10-07T05:45:00Z,0.0000002128,0.0000002128,0.0000002127,0.0000002127,320704766,68.2139037282
1696657800000,2023-10-07T05:50:00Z,0.0000002127,0.0000002127,0.0000002127,0.0000002127,206648572,43.9541512644
1696658100000,2023-10-07T05:55:00Z,0.0000002127,0.0000002129,0.0000002125,0.0000002126,750507071.1,159.53956877282
1696658400000,2023-10-07T06:00:00Z,0.0000002126,0.0000002126,0.0000002126,0.0000002126,0,0
1696658700000,2023-10-07T06:05:00Z,0.0000002126,0.0000002127,0.0000002126,0.0000002127,278366443,59.2085424261
1696659000000,2023-10-07T06:10:00Z,0.0000002127,0.0000002127,0.0000002115,0.0000002125,715041465.4,151.75738092472
1696659300000,2023-10-07T06:15:00Z,0.0000002125,0.0000002125,0.0000002111,0.0000002111,690162307.6,146.0235189152
1696659600000,2023-10-07T06:20:00Z,0.0000002111,0.0000002122,0.0000002111,0.000000212,498377481,105.5771733816
1696659900000,2023-10-07T06:25:00Z,0.000000212,0.0000002125,0.000000212,0.0000002125,103955572,22.09055905
1696660200000,2023-10-07T06:30:00Z,0.0000002125,0.0000002125,0.0000002112,0.0000002112,465512846.2,98.3774344593
1696660500000,2023-10-07T06:35:00Z,0.0000002112,0.000000212,0.0000002112,0.0000002115,426412686,90.2995282042
1696660800000,2023-10-07T06:40:00Z,0.0000002115,0.0000002122,0.0000002113,0.0000002122,102199272,21.6426173667
1696661100000,2023-10-07T06:45:00Z,0.0000002122,0.0000002122,0.0000002113,0.000000212,581939686.6,123.02999254648
1696661400000,2023-10-07T06:50:00Z,0.000000212,0.000000212,0.000000211,0.000000211,44871868.2,9.5103547782
1696661700000,2023-10-07T06:55:00Z,0.000000211,0.000000212,0.000000211,0.0000002114,301536437,63.8058538666
1696662000000,2023-10-07T07:00:00Z,0.0000002114,0.0000002122,0.0000002114,0.0000002121,967177420.1,204.96897172889
1696662300000,2023-10-07T07:05:00Z,0.0000002121,0.0000002121,0.0000002115,0.0000002115,231092520,48.87606798
1696662600000,2023-10-07T07:10:00Z,0.0000002115,0.0000002121,0.0000002115,0.0000002121,742184993.7,157.23158126692
1696662900000,2023-10-07T07:15:00Z,0.0000002121,0.0000002123,0.0000002121,0.0000002123,771122603,163.6143992095
1696663200000,2023-10-07T07:20:00Z,0.0000002123,0.0000002124,0.0000002117,0.0000002117,680594462,144.2480183095
1696663500000,2023-10-07T07:25:00Z,0.0000002117,0.0000002118,0.0000002117,0.0000002118,399367800,84.58610004
1696663800000,2023-10-07T07:30:00Z,0.0000002118,0.0000002124,0.0000002117,0.0000002124,306310716,64.9902510349
1696664100000,2023-10-07T07:35:00Z,0.0000002124,0.0000002126,0.0000002124,0.0000002126,298728050,63.4882619609
1696664400000,2023-10-07T07:40:00Z,0.0000002126,0.0000002127,0.0000002118,0.0000002118,121833001.7,25.86224074412
1696664700000,2023-10-07T07:45:00Z,0.0000002118,0.0000002119,0.0000002118,0.0000002119,478390670,101.370982973
1696665000000,2023-10-07T07:50:00Z,0.0000002119,0.0000002126,0.0000002119,0.0000002125,292082571,62.0935862404
1696665300000,2023-10-07T07:55:00Z,0.0000002125,0.0000002125,0.0000002123,0.0000002123,416847054.9,88.54590413207
1696665600000,2023-10-07T08:00:00Z,0.0000002123,0.0000002126,0.000000212,0.0000002126,492634276,104.7058651658
1696665900000,2023-10-07T08:05:00Z,0.0000002126,0.0000002126,0.0000002118,0.0000002118,784486870,166.467655521
1696666200000,2023-10-07T08:10:00Z,0.0000002118,0.0000002128,0.0000002118,0.0000002128,245773706,52.3006446368
1696666500000,2023-10-07T08:15:00Z,0.0000002128,0.0000002128,0.0000002123,0.0000002128,556274169,118.2552085497
1696666800000,2023-10-07T08:20:00Z,0.0000002128,0.0000002128,0.0000002123,0.0000002128,585124440.5,124.31288253785
1696667100000,2023-10-07T08:25:00Z,0.0000002128,0.0000002128,0.0000002128,0.0000002128,0,0
1696667400000,2023-10-07T08:30:00Z,0.0000002128,0.0000002134,0.0000002128,0.0000002133,386618236.4,82.44732811751
1696667700000,2023-10-07T08:35:00Z,0.0000002133,0.0000002139,0.0000002128,0.0000002128,1234382577.8,263.03089094052
1696668000000,2023-10-07T08:40:00Z,0.0000002128,0.0000002136,0.0000002128,0.0000002136,214157574,45.6164357384
1696668300000,2023-10-07T08:45:00Z,0.0000002136,0.0000002136,0.000000213,0.000000213,1072245765,228.5337060083
1696668600000,2023-10-07T08:50:00Z,0.000000213,0.0000002139,0.000000213,0.0000002137,401764771,85.7851816705
1696668900000,2023-10-07T08:55:00Z,0.0000002137,0.0000002137,0.0000002137,0.0000002137,0,0
1696669200000,2023-10-07T09:00:00Z,0.0000002137,0.000000214,0.0000002131,0.000000214,761904786.2,162.71522770952
1696669500000,2023-10-07T09:05:00Z,0.000000214,0.000000214,0.0000002132,0.0000002132,538859032,115.1777372914
1696669800000,2023-10-07T09:10:00Z,0.0000002132,0.0000002132,0.0000002132,0.0000002132,132491822,28.2472564504
1696670100000,2023-10-07T09:15:00Z,0.0000002132,0.0000002138,0.0000002131,0.0000002135,868722394,185.5994710828
1696670400000,2023-10-07T09:20:00Z,0.0000002135,0.0000002136,0.0000002132,0.0000002135,611786148.4,130.56660008462
1696670700000,2023-10-07T09:25:00Z,0.0000002135,0.0000002138,0.0000002132,0.0000002134,507525939,108.372458744
1696671000000,2023-10-07T09:30:00Z,0.0000002134,0.0000002134,0.0000002132,0.0000002132,211861416,45.1731414226
1696671300000,2023-10-07T09:35:00Z,0.0000002132,0.0000002136,0.0000002132,0.0000002133,305743707.2,65.24697160496
1696671600000,2023-10-07T09:40:00Z,0.0000002133,0.0000002133,0.0000002132,0.0000002132,392746258,83.7335022056
1696671900000,2023-10-07T09:45:00Z,0.0000002132,0.0000002141,0.0000002132,0.0000002138,40064637.6,8.56722073326
1696672200000,2023-10-07T09:50:00Z,0.0000002138,0.0000002138,0.0000002132,0.0000002132,266720119,56.8647293708
1696672500000,2023-10-07T09:55:00Z,0.0000002132,0.0000002135,0.0000002132,0.0000002132,544568612,116.1334104211
1696672800000,2023-10-07T10:00:00Z,0.0000002132,0.0000002136,0.0000002132,0.0000002133,295163213,62.9749713492
1696673100000,2023-10-07T10:05:00Z,0.0000002133,0.0000002138,0.0000002132,0.0000002136,806828622,172.1713707113
1696673400000,2023-10-07T10:10:00Z,0.0000002136,0.0000002139,0.0000002136,0.0000002137,3905528401.8,834.62110028126
1696673700000,2023-10-07T10:15:00Z,0.0000002137,0.000000214,0.0000002132,0.0000002134,2997967219.6,640.42923599791
1696674000000,2023-10-07T10:20:00Z,0.0000002134,0.0000002137,0.0000002132,0.0000002132,570501286,121.8686808704
1696674300000,2023-10-07T10:25:00Z,0.0000002132,0.0000002139,0.0000002132,0.0000002132,742931726.9,158.55228235961
1696674600000,2023-10-07T10:30:00Z,0.0000002132,0.0000002136,0.0000002132,0.0000002134,860510498.5,183.5835925552
1696674900000,2023-10-07T10:35:00Z,0.0000002134,0.0000002135,0.0000002124,0.0000002133,1327341224.8,282.99030522901
1696675200000,2023-10-07T10:40:00Z,0.0000002133,0.0000002141,0.0000002129,0.0000002136,5971454356.1,1276.5437963543
1696675500000,2023-10-07T10:45:00Z,0.0000002136,0.0000002148,0.0000002128,0.0000002148,5318079504.4,1139.58141615732
1696675800000,2023-10-07T10:50:00Z,0.0000002148,0.000000215,0.0000002124,0.0000002132,1733174279.4,370.33831071772
1696676100000,2023-10-07T10:55:00Z,0.0000002132,0.0000002141,0.0000002129,0.0000002141,353032048.5,75.51770271473
1696676400000,2023-10-07T11:00:00Z,0.0000002141,0.0000002141,0.0000002132,0.0000002134,1769939893.6,377.9202079719
1696676700000,2023-10-07T11:05:00Z,0.0000002134,0.0000002144,0.0000002134,0.0000002137,1184930909,253.3585577523
1696677000000,2023-10-07T11:10:00Z,0.0000002137,0.0000002137,0.0000002137,0.0000002137,816374882,174.4593122834
1696677300000,2023-10-07T11:15:00Z,0.0000002137,0.0000002147,0.0000002137,0.0000002139,576779130,123.5362396638
1696677600000,2023-10-07T11:20:00Z,0.0000002139,0.0000002147,0.0000002139,0.000000214,1054913552,225.7532483723
1696677900000,2023-10-07T11:25:00Z,0.000000214,0.0000002153,0.0000002139,0.0000002145,1541106581.6,330.24712416458
1696678200000,2023-10-07T11:30:00Z,0.0000002145,0.0000002147,0.0000002142,0.0000002142,1390722859,298.0675656708
1696678500000,2023-10-07T11:35:00Z,0.0000002142,0.0000002148,0.0000002142,0.0000002142,965573387,207.1878987391
1696678800000,2023-10-07T11:40:00Z,0.0000002142,0.0000002149,0.000000213,0.0000002134,2528911182,539.92677692545
1696679100000,2023-10-07T11:45:00Z,0.0000002134,0.0000002145,0.0000002134,0.0000002145,2374497876,508.49390259022
1696679400000,2023-10-07T11:50:00Z,0.0000002145,0.0000002148,0.0000002133,0.0000002141,614534123,131.6454668377
1696679700000,2023-10-07T11:55:00Z,0.0000002141,0.0000002145,0.0000002136,0.0000002145,770831197,165.1623992553
1696680000000,2023-10-07T12:00:00Z,0.0000002145,0.0000002147,0.0000002134,0.0000002146,1048098851,224.532146412
1696680300000,2023-10-07T12:05:00Z,0.0000002146,0.0000002147,0.0000002139,0.0000002147,1192534667,255.5038807492
1696680600000,2023-10-07T12:10:00Z,0.0000002147,0.0000002147,0.0000002141,0.0000002141,438010268,93.8185729263
1696680900000,2023-10-07T12:15:00Z,0.0000002141,0.0000002144,0.0000002141,0.0000002141,635457711,136.075074114
1696681200000,2023-10-07T12:20:00Z,0.0000002141,0.0000002146,0.0000002141,0.0000002146,981602367,210.480421015
1696681500000,2023-10-07T12:25:00Z,0.0000002146,0.0000002146,0.0000002142,0.0000002142,967985030,207.5031397323
1696681800000,2023-10-07T12:30:00Z,0.0000002142,0.0000002146,0.0000002141,0.0000002146,585075650,125.4111856246
1696682100000,2023-10-07T12:35:00Z,0.0000002146,0.0000002146,0.0000002143,0.0000002143,925106529,198.4128508248
1696682400000,2023-10-07T12:40:00Z,0.0000002143,0.0000002146,0.0000002142,0.0000002146,1263645180,270.9654114732
1696682700000,2023-10-07T12:45:00Z,0.0000002146,0.0000002146,0.0000002142,0.0000002146,1408964242,302.2473782378
1696683000000,2023-10-07T12:50:00Z,0.0000002146,0.0000002155,0.0000002142,0.0000002144,1038984946,222.74189116707
1696683300000,2023-10-07T12:55:00Z,0.0000002144,0.0000002152,0.0000002144,0.0000002145,687622999,147.7638736073
1696683600000,2023-10-07T13:00:00Z,0.0000002145,0.0000002145,0.0000002134,0.000000214,844080718,180.71079305517
1696683900000,2023-10-07T13:05:00Z,0.000000214,0.0000002169,0.000000214,0.0000002159,3010865460.9,650.36397852726
1696684200000,2023-10-07T13:10:00Z,0.0000002159,0.0000002168,0.0000002156,0.0000002166,1110114669,240.4044661549
1696684500000,2023-10-07T13:15:00Z,0.0000002166,0.0000002166,0.0000002157,0.0000002157,755171383,163.10013144
1696684800000,2023-10-07T13:20:00Z,0.0000002157,0.0000002157,0.0000002144,0.0000002145,759791729.3,163.03226744524
1696685100000,2023-10-07T13:25:00Z,0.0000002145,0.0000002148,0.0000002144,0.0000002148,377834828,81.0738509157
1696685400000,2023-10-07T13:30:00Z,0.0000002148,0.0000002149,0.0000002144,0.0000002149,1083451500,232.7937682361
1696685700000,2023-10-07T13:35:00Z,0.0000002149,0.0000002153,0.0000002149,0.0000002153,1019594046.3,219.1591574385
1696686000000,2023-10-07T13:40:00Z,0.0000002153,0.0000002156,0.0000002151,0.0000002152,1060979018,228.287073228
1696686300000,2023-10-07T13:45:00Z,0.0000002152,0.0000002158,0.000000215,0.0000002158,692737612,149.3510830147
1696686600000,2023-10-07T13:50:00Z,0.0000002158,0.0000002158,0.0000002149,0.0000002149,495784160,106.6787878415
1696686900000,2023-10-07T13:55:00Z,0.0000002149,0.0000002159,0.0000002149,0.0000002155,853965691,184.1622056333
1696687200000,2023-10-07T14:00:00Z,0.0000002155,0.000000216,0.000000215,0.0000002152,619611197.3,133.338435888
1696687500000,2023-10-07T14:05:00Z,0.0000002152,0.0000002158,0.0000002145,0.0000002149,605698702.5,130.38851800085
1696687800000,2023-10-07T14:10:00Z,0.0000002149,0.0000002171,0.0000002149,0.0000002156,5000854868,1082.86543038835
1696688100000,2023-10-07T14:15:00Z,0.0000002156,0.0000002158,0.0000002151,0.0000002154,1339579148,288.4233661669
1696688400000,2023-10-07T14:20:00Z,0.0000002154,0.0000002158,0.0000002154,0.0000002158,238246763,51.3361571322
1696688700000,2023-10-07T14:25:00Z,0.0000002158,0.0000002158,0.0000002154,0.0000002154,288215491,62.136686931
1696689000000,2023-10-07T14:30:00Z,0.0000002154,0.0000002154,0.0000002154,0.0000002154,0,0
1696689300000,2023-10-07T14:35:00Z,0.0000002154,0.0000002154,0.0000002154,0.0000002154,0,0
1696689600000,2023-10-07T14:40:00Z,0.0000002154,0.0000002154,0.0000002141,0.0000002141,319747694.9,68.59852184694
1696689900000,2023-10-07T14:45:00Z,0.0000002141,0.000000215,0.000000214,0.000000215,2747726842,590.1434825594
1696690200000,2023-10-07T14:50:00Z,0.000000215,0.000000215,0.0000002143,0.0000002143,346846673,74.3728082353
1696690500000,2023-10-07T14:55:00Z,0.0000002143,0.0000002153,0.000000214,0.000000214,2539687479.6,546.34275267384
1696690800000,2023-10-07T15:00:00Z,0.000000214,0.0000002142,0.000000214,0.0000002142,135642043,29.0545256106
1696691100000,2023-10-07T15:05:00Z,0.0000002142,0.0000002142,0.0000002136,0.000000214,2403423472.4,513.76512512971
1696691400000,2023-10-07T15:10:00Z,0.000000214,0.0000002148,0.000000214,0.0000002148,567997707,121.7956213771
1696691700000,2023-10-07T15:15:00Z,0.0000002148,0.0000002148,0.0000002141,0.0000002147,491024123,105.3055043495
1696692000000,2023-10-07T15:20:00Z,0.0000002147,0.0000002147,0.0000002141,0.0000002141,273773013,58.7411992047
1696692300000,2023-10-07T15:25:00Z,0.0000002141,0.0000002142,0.0000002141,0.0000002142,196484628,42.0870073176
1696692600000,2023-10-07T15:30:00Z,0.0000002142,0.0000002142,0.0000002142,0.0000002142,517550385,110.859292467
1696692900000,2023-10-07T15:35:00Z,0.0000002142,0.0000002147,0.0000002142,0.0000002147,323154309,69.354113797
1696693200000,2023-10-07T15:40:00Z,0.0000002147,0.0000002147,0.0000002137,0.0000002139,276751061,59.2396455814
1696693500000,2023-10-07T15:45:00Z,0.0000002139,0.0000002147,0.0000002139,0.0000002147,630635922.8,135.24892134128
1696693800000,2023-10-07T15:50:00Z,0.0000002147,0.0000002147,0.000000214,0.0000002143,726015055,155.532256698
1696694100000,2023-10-07T15:55:00Z,0.0000002143,0.0000002146,0.0000002143,0.0000002143,925660504,198.4345078216
1696694400000,2023-10-07T16:00:00Z,0.0000002143,0.0000002146,0.0000002141,0.0000002141,1146622738,245.8841950743
1696694700000,2023-10-07T16:05:00Z,0.0000002141,0.0000002146,0.0000002141,0.0000002146,155779565,33.3788935375
1696695000000,2023-10-07T16:10:00Z,0.0000002146,0.0000002146,0.0000002146,0.0000002146,299017346,64.1691224516
1696695300000,2023-10-07T16:15:00Z,0.0000002146,0.0000002152,0.0000002139,0.0000002139,777875033.3,166.71072790901
1696695600000,2023-10-07T16:20:00Z,0.0000002139,0.000000214,0.0000002139,0.000000214,789366068.1,168.9092644435
1696695900000,2023-10-07T16:25:00Z,0.000000214,0.0000002149,0.0000002136,0.0000002142,3739084309.5,800.40563474919
1696696200000,2023-10-07T16:30:00Z,0.0000002142,0.000000215,0.0000002142,0.0000002142,547350371,117.354018898
1696696500000,2023-10-07T16:35:00Z,0.0000002142,0.0000002142,0.0000002141,0.0000002141,275235058,58.9517989174
1696696800000,2023-10-07T16:40:00Z,0.0000002141,0.0000002152,0.0000002141,0.0000002141,560356149.3,120.34409367933
1696697100000,2023-10-07T16:45:00Z,0.0000002141,0.0000002148,0.0000002141,0.0000002148,550981393,118.2242726154
1696697400000,2023-10-07T16:50:00Z,0.0000002148,0.0000002149,0.0000002148,0.0000002148,111998125.6,24.05767975564
1696697700000,2023-10-07T16:55:00Z,0.0000002148,0.0000002148,0.0000002148,0.0000002148,38043478,8.1717390744
1696698000000,2023-10-07T17:00:00Z,0.0000002148,0.0000002148,0.0000002148,0.0000002148,0,0
1696698300000,2023-10-07T17:05:00Z,0.0000002148,0.0000002153,0.0000002148,0.0000002149,632419567.8,136.07412126399
1696698600000,2023-10-07T17:10:00Z,0.0000002149,0.0000002149,0.0000002149,0.0000002149,99589094,21.4016963006
1696698900000,2023-10-07T17:15:00Z,0.0000002149,0.0000002149,0.0000002142,0.0000002149,722193832.2,155.1447884987
1696699200000,2023-10-07T17:20:00Z,0.0000002149,0.0000002149,0.0000002148,0.0000002148,166052655,35.668110294
1696699500000,2023-10-07T17:25:00Z,0.0000002148,0.0000002149,0.0000002148,0.0000002149,989856159.7,212.70964763703
1696699800000,2023-10-07T17:30:00Z,0.0000002149,0.0000002149,0.0000002149,0.0000002149,99803684,21.4478116916
1696700100000,2023-10-07T17:35:00Z,0.0000002149,0.0000002149,0.0000002144,0.0000002145,1449187422.1,311.07404390424
1696700400000,2023-10-07T17:40:00Z,0.0000002145,0.0000002149,0.0000002145,0.0000002149,805206889,172.74607015033
1696700700000,2023-10-07T17:45:00Z,0.0000002149,0.0000002149,0.0000002147,0.0000002147,314403192,67.5231052568
1696701000000,2023-10-07T17:50:00Z,0.0000002147,0.0000002149,0.0000002147,0.0000002149,1108917169,238.2064884171
1696701300000,2023-10-07T17:55:00Z,0.0000002149,0.0000002149,0.0000002148,0.0000002149,188476650,40.492498353
1696701600000,2023-10-07T18:00:00Z,0.0000002149,0.0000002149,0.0000002149,0.0000002149,0,0
1696701900000,2023-10-07T18:05:00Z,0.0000002149,0.0000002149,0.0000002149,0.0000002149,0,0
1696702200000,2023-10-07T18:10:00Z,0.0000002149,0.0000002149,0.0000002149,0.0000002149,0,0
1696702500000,2023-10-07T18:15:00Z,0.0000002149,0.0000002149,0.0000002145,0.0000002147,144996474.3,31.11513213845
1696702800000,2023-10-07T18:20:00Z,0.0000002147,0.0000002149,0.0000002146,0.0000002149,501748972,107.7407234785
1696703100000,2023-10-07T18:25:00Z,0.0000002149,0.0000002149,0.0000002146,0.0000002149,111096521,23.8642979186
1696703400000,2023-10-07T18:30:00Z,0.0000002149,0.0000002149,0.0000002146,0.0000002146,1265221012,271.76451544053
1696703700000,2023-10-07T18:35:00Z,0.0000002146,0.0000002148,0.0000002146,0.0000002148,892901765,191.7114636848
1696704000000,2023-10-07T18:40:00Z,0.0000002148,0.0000002149,0.0000002146,0.0000002149,482233742,103.6076767781
1696704300000,2023-10-07T18:45:00Z,0.0000002149,0.0000002149,0.0000002149,0.0000002149,246549644,52.9835184956
1696704600000,2023-10-07T18:50:00Z,0.0000002149,0.0000002154,0.0000002146,0.0000002151,188008469.5,40.41171938245
1696704900000,2023-10-07T18:55:00Z,0.0000002151,0.0000002153,0.0000002151,0.0000002152,693730837,149.3193270087
1696705200000,2023-10-07T19:00:00Z,0.0000002152,0.0000002152,0.0000002142,0.0000002142,1107680100,237.80381123673
1696705500000,2023-10-07T19:05:00Z,0.0000002142,0.0000002145,0.0000002142,0.0000002144,1183351162.2,253.68555788478
1696705800000,2023-10-07T19:10:00Z,0.0000002144,0.0000002144,0.0000002142,0.0000002142,612162836.7,131.16802032461
1696706100000,2023-10-07T19:15:00Z,0.0000002142,0.0000002144,0.0000002142,0.0000002142,1799189209.3,385.51993098578
1696706400000,2023-10-07T19:20:00Z,0.0000002142,0.0000002143,0.0000002142,0.0000002143,344524454.9,73.82587664697
1696706700000,2023-10-07T19:25:00Z,0.0000002143,0.0000002143,0.0000002143,0.0000002143,555462142.5,119.03553713775
1696707000000,2023-10-07T19:30:00Z,0.0000002143,0.0000002143,0.0000002142,0.0000002142,322127247,69.01424371444
1696707300000,2023-10-07T19:35:00Z,0.0000002142,0.0000002148,0.0000002142,0.0000002143,2036920109.3,436.48635743788
1696707600000,2023-10-07T19:40:00Z,0.0000002143,0.0000002148,0.0000002143,0.0000002148,764912600,164.2083548694
1696707900000,2023-10-07T19:45:00Z,0.0000002148,0.0000002148,0.0000002145,0.0000002148,1178939099,253.1842168671
1696708200000,2023-10-07T19:50:00Z,0.0000002148,0.0000002148,0.0000002144,0.0000002145,1018991272,218.7238048508
1696708500000,2023-10-07T19:55:00Z,0.0000002145,0.0000002147,0.0000002145,0.0000002145,359012821,77.0360590347
1696708800000,2023-10-07T20:00:00Z,0.0000002145,0.0000002147,0.0000002144,0.0000002147,1110745706,238.3206990573
1696709100000,2023-10-07T20:05:00Z,0.0000002147,0.0000002147,0.0000002144,0.0000002147,337129428,72.3220787235
1696709400000,2023-10-07T20:10:00Z,0.0000002147,0.0000002148,0.0000002136,0.0000002147,5926946040.1,1268.595451476
1696709700000,2023-10-07T20:15:00Z,0.0000002147,0.0000002147,0.000000214,0.0000002141,1060254571,227.2039675095
1696710000000,2023-10-07T20:20:00Z,0.0000002141,0.0000002147,0.0000002141,0.0000002147,1820864817,390.5439368249
1696710300000,2023-10-07T20:25:00Z,0.0000002147,0.0000002147,0.0000002143,0.0000002143,1106040019,237.3064237969
1696710600000,2023-10-07T20:30:00Z,0.0000002143,0.0000002147,0.0000002142,0.0000002147,1285766876,275.84234904651
1696710900000,2023-10-07T20:35:00Z,0.0000002147,0.0000002147,0.0000002141,0.0000002147,1555144935.6,333.50195308566
1696711200000,2023-10-07T20:40:00Z,0.0000002147,0.0000002147,0.0000002144,0.0000002147,1223896591,262.5950540408
1696711500000,2023-10-07T20:45:00Z,0.0000002147,0.0000002147,0.0000002144,0.0000002144,804674147,172.6956960805
1696711800000,2023-10-07T20:50:00Z,0.0000002144,0.0000002147,0.0000002144,0.0000002147,952926747,204.5521357746
1696712100000,2023-10-07T20:55:00Z,0.0000002147,0.0000002147,0.0000002147,0.0000002147,397882722,85.4254204134
1696712400000,2023-10-07T21:00:00Z,0.0000002147,0.0000002147,0.0000002143,0.0000002143,568397582,121.8462781411
1696712700000,2023-10-07T21:05:00Z,0.0000002143,0.0000002143,0.0000002139,0.0000002142,532442721,114.0047457205
1696713000000,2023-10-07T21:10:00Z,0.0000002142,0.0000002143,0.0000002138,0.0000002142,560171979,119.9926994757
1696713300000,2023-10-07T21:15:00Z,0.0000002142,0.0000002142,0.0000002138,0.0000002138,1056322721,226.0839528922
1696713600000,2023-10-07T21:20:00Z,0.0000002138,0.0000002143,0.0000002138,0.0000002143,927793726,198.6884550112
1696713900000,2023-10-07T21:25:00Z,0.0000002143,0.0000002143,0.0000002138,0.0000002143,857902088,183.5625929157
1696714200000,2023-10-07T21:30:00Z,0.0000002143,0.0000002143,0.0000002142,0.0000002142,487813393,104.5224559728
1696714500000,2023-10-07T21:35:00Z,0.0000002142,0.0000002142,0.0000002138,0.0000002142,1100110572,235.4607459264
1696714800000,2023-10-07T21:40:00Z,0.0000002142,0.0000002143,0.0000002138,0.0000002138,503654147,107.8429485437
1696715100000,2023-10-07T21:45:00Z,0.0000002138,0.0000002147,0.0000002138,0.0000002139,1399665005,300.24857545653
1696715400000,2023-10-07T21:50:00Z,0.0000002139,0.0000002147,0.0000002138,0.0000002145,425795841,91.2334711131
1696715700000,2023-10-07T21:55:00Z,0.0000002145,0.0000002147,0.0000002113,0.000000214,5190086229,1105.95723689187
1696716000000,2023-10-07T22:00:00Z,0.000000214,0.000000214,0.0000002133,0.000000214,684726451,146.4199716127
1696716300000,2023-10-07T22:05:00Z,0.000000214,0.0000002148,0.0000002135,0.0000002148,734809145.5,157.241947827
1696716600000,2023-10-07T22:10:00Z,0.0000002148,0.0000002148,0.0000002135,0.0000002142,244061581,52.22893766258
1696716900000,2023-10-07T22:15:00Z,0.0000002142,0.0000002142,0.0000002139,0.0000002142,1111488200,237.8306017498
1696717200000,2023-10-07T22:20:00Z,0.0000002142,0.0000002142,0.0000002139,0.0000002139,276381153,59.1179286267
1696717500000,2023-10-07T22:25:00Z,0.0000002139,0.0000002142,0.0000002138,0.0000002138,434431128,93.0301398744
1696717800000,2023-10-07T22:30:00Z,0.0000002138,0.0000002142,0.0000002138,0.0000002138,623006617,133.2384100726
1696718100000,2023-10-07T22:35:00Z,0.0000002138,0.0000002139,0.0000002138,0.0000002139,665158543,142.2309337411
1696718400000,2023-10-07T22:40:00Z,0.0000002139,0.0000002142,0.0000002138,0.0000002138,1451896750,310.7273229189
1696718700000,2023-10-07T22:45:00Z,0.0000002138,0.0000002149,0.0000002138,0.0000002149,1328079397.2,284.50649084035
1696719000000,2023-10-07T22:50:00Z,0.0000002149,0.0000002151,0.0000002144,0.0000002151,1125515384,241.8504026029
1696719300000,2023-10-07T22:55:00Z,0.0000002151,0.0000002151,0.0000002144,0.0000002148,1510437897,324.2077800714
1696719600000,2023-10-07T23:00:00Z,0.0000002148,0.000000215,0.0000002144,0.000000215,611326910,131.2965022488
1696719900000,2023-10-07T23:05:00Z,0.000000215,0.0000002152,0.0000002145,0.0000002145,491966829,105.7287144313
1696720200000,2023-10-07T23:10:00Z,0.0000002145,0.000000215,0.0000002144,0.0000002144,729399205.4,156.65027840146
1696720500000,2023-10-07T23:15:00Z,0.0000002144,0.000000215,0.0000002143,0.0000002148,834671777.1,179.20735434934
1696720800000,2023-10-07T23:20:00Z,0.0000002148,0.0000002152,0.0000002144,0.0000002149,412518306.9,88.48455770114
1696721100000,2023-10-07T23:25:00Z,0.0000002149,0.0000002149,0.0000002147,0.0000002147,655318230,140.7435684281
1696721400000,2023-10-07T23:30:00Z,0.0000002147,0.0000002148,0.0000002144,0.0000002148,174756065,37.52147989
1696721700000,2023-10-07T23:35:00Z,0.0000002148,0.000000215,0.0000002144,0.0000002148,962917555,206.652904954
1696722000000,2023-10-07T23:40:00Z,0.0000002148,0.0000002153,0.0000002148,0.0000002149,1627784031,350.16750312835
1696722300000,2023-10-07T23:45:00Z,0.0000002149,0.0000002149,0.0000002144,0.0000002144,821938127,176.4296991416
1696722600000,2023-10-07T23:50:00Z,0.0000002144,0.000000215,0.0000002144,0.0000002146,442134608,94.8987868284
1696722900000,2023-10-07T23:55:00Z,0.0000002146,0.0000002147,0.0000002146,0.0000002147,493592987,105.9469522558
1696723200000,2023-10-08T00:00:00Z,0.0000002147,0.0000002147,0.0000002138,0.0000002138,1584076360.7,339.63521130132
1696723500000,2023-10-08T00:05:00Z,0.0000002138,0.0000002143,0.0000002138,0.0000002143,423392873.2,90.73309272676
1696723800000,2023-10-08T00:10:00Z,0.0000002143,0.0000002148,0.0000002143,0.0000002148,402532032,86.44052436452
1696724100000,2023-10-08T00:15:00Z,0.0000002148,0.0000002148,0.0000002145,0.0000002148,220044718,47.247547113
1696724400000,2023-10-08T00:20:00Z,0.0000002148,0.0000002148,0.0000002148,0.0000002148,1108281929.4,238.05895843512
1696724700000,2023-10-08T00:25:00Z,0.0000002148,0.0000002148,0.0000002148,0.0000002148,0,0
1696725000000,2023-10-08T00:30:00Z,0.0000002148,0.0000002148,0.0000002132,0.0000002132,2157278413,461.15211747626
1696725300000,2023-10-08T00:35:00Z,0.0000002132,0.0000002142,0.0000002131,0.0000002142,367018664.8,78.42383199536
1696725600000,2023-10-08T00:40:00Z,0.0000002142,0.0000002147,0.0000002142,0.0000002145,516579857.8,110.82784008374
1696725900000,2023-10-08T00:45:00Z,0.0000002145,0.0000002145,0.0000002131,0.0000002133,927572909,197.77645983406
1696726200000,2023-10-08T00:50:00Z,0.0000002133,0.0000002134,0.0000002131,0.0000002131,344950644,73.5480613339
1696726500000,2023-10-08T00:55:00Z,0.0000002131,0.0000002141,0.0000002131,0.0000002141,390119618.8,83.39914779776
1696726800000,2023-10-08T01:00:00Z,0.0000002141,0.0000002142,0.0000002139,0.0000002139,748395130.4,160.1834095191
1696727100000,2023-10-08T01:05:00Z,0.0000002139,0.000000214,0.0000002139,0.000000214,313114911,67.006590954
1696727400000,2023-10-08T01:10:00Z,0.000000214,0.0000002141,0.0000002133,0.0000002141,530906597.1,113.48228305027
1696727700000,2023-10-08T01:15:00Z,0.0000002141,0.0000002141,0.0000002126,0.0000002126,1149740931,244.84899403876
1696728000000,2023-10-08T01:20:00Z,0.0000002126,0.0000002137,0.0000002126,0.0000002133,1326335234.5,283.24420284025
1696728300000,2023-10-08T01:25:00Z,0.0000002133,0.0000002136,0.0000002133,0.0000002136,580725239,124.03642371706
1696728600000,2023-10-08T01:30:00Z,0.0000002136,0.0000002136,0.0000002129,0.0000002129,146517526.6,31.19360394964
1696728900000,2023-10-08T01:35:00Z,0.0000002129,0.0000002129,0.0000002129,0.0000002129,0,0
1696729200000,2023-10-08T01:40:00Z,0.0000002129,0.0000002135,0.0000002123,0.0000002135,3951214644.6,840.72817203041
1696729500000,2023-10-08T01:45:00Z,0.0000002135,0.0000002136,0.0000002135,0.0000002136,554370088.5,118.4134509036
1696729800000,2023-10-08T01:50:00Z,0.0000002136,0.0000002136,0.0000002136,0.0000002136,211200788,45.1124883168
1696730100000,2023-10-08T01:55:00Z,0.0000002136,0.0000002136,0.0000002129,0.0000002129,1373702675,292.75550397696
1696730400000,2023-10-08T02:00:00Z,0.0000002129,0.0000002135,0.0000002129,0.000000213,499351256.7,106.4042015986
1696730700000,2023-10-08T02:05:00Z,0.000000213,0.000000213,0.000000213,0.000000213,403182077.5,85.8777825075
1696731000000,2023-10-08T02:10:00Z,0.000000213,0.0000002132,0.000000213,0.0000002132,334695615.3,71.33639167496
1696731300000,2023-10-08T02:15:00Z,0.0000002132,0.0000002136,0.0000002132,0.0000002136,322919997,68.9519676677
1696731600000,2023-10-08T02:20:00Z,0.0000002136,0.0000002137,0.0000002136,0.0000002137,4842172.8,1.03477232736
1696731900000,2023-10-08T02:25:00Z,0.0000002137,0.0000002137,0.0000002137,0.0000002137,0,0
1696732200000,2023-10-08T02:30:00Z,0.0000002137,0.0000002138,0.0000002137,0.0000002138,115149131,24.6188842078
1696732500000,2023-10-08T02:35:00Z,0.0000002138,0.000000214,0.0000002138,0.000000214,183599974,39.290394436
1696732800000,2023-10-08T02:40:00Z,0.000000214,0.000000214,0.0000002137,0.000000214,521765899,111.5848344706
1696733100000,2023-10-08T02:45:00Z,0.000000214,0.000000214,0.0000002137,0.0000002137,772842979.7,165.18215079209
1696733400000,2023-10-08T02:50:00Z,0.0000002137,0.000000214,0.0000002137,0.000000214,128963339,27.598154546
1696733700000,2023-10-08T02:55:00Z,0.000000214,0.000000214,0.0000002137,0.0000002137,48371102,10.3369044974
1696734000000,2023-10-08T03:00:00Z,0.0000002137,0.0000002137,0.0000002136,0.0000002136,492832926,105.2941196818
1696734300000,2023-10-08T03:05:00Z,0.0000002136,0.0000002136,0.0000002136,0.0000002136,0,0
1696734600000,2023-10-08T03:10:00Z,0.0000002136,0.000000214,0.0000002135,0.000000214,300019710.1,64.18037308715
1696734900000,2023-10-08T03:15:00Z,0.000000214,0.0000002151,0.0000002138,0.0000002138,504308254.9,108.10785670868
1696735200000,2023-10-08T03:20:00Z,0.0000002138,0.0000002146,0.0000002138,0.0000002142,639757341,137.16564124188
1696735500000,2023-10-08T03:25:00Z,0.0000002142,0.0000002143,0.0000002142,0.0000002143,334325922,71.63295889293
1696735800000,2023-10-08T03:30:00Z,0.0000002143,0.0000002148,0.0000002143,0.0000002148,568064295,121.8975053616
1696736100000,2023-10-08T03:35:00Z,0.0000002148,0.0000002148,0.0000002148,0.0000002148,0,0
1696736400000,2023-10-08T03:40:00Z,0.0000002148,0.0000002154,0.0000002148,0.0000002152,523560395,112.71288374269
1696736700000,2023-10-08T03:45:00Z,0.0000002152,0.0000002152,0.0000002142,0.0000002142,580144947,124.31926707976
1696737000000,2023-10-08T03:50:00Z,0.0000002142,0.0000002142,0.0000002142,0.0000002142,0,0
1696737300000,2023-10-08T03:55:00Z,0.0000002142,0.0000002142,0.0000002142,0.0000002142,0,0
1696737600000,2023-10-08T04:00:00Z,0.0000002142,0.0000002148,0.0000002142,0.0000002148,321479868,68.968618274
1696737900000,2023-10-08T04:05:00Z,0.0000002148,0.0000002148,0.0000002148,0.0000002148,0,0
1696738200000,2023-10-08T04:10:00Z,0.0000002148,0.0000002148,0.0000002148,0.0000002148,104464252,22.4389213296
1696738500000,2023-10-08T04:15:00Z,0.0000002148,0.0000002148,0.0000002148,0.0000002148,301545601,64.7719950948
1696738800000,2023-10-08T04:20:00Z,0.0000002148,0.0000002148,0.0000002148,0.0000002148,0,0
1696739100000,2023-10-08T04:25:00Z,0.0000002148,0.0000002148,0.0000002148,0.0000002148,0,0
1696739400000,2023-10-08T04:30:00Z,0.0000002148,0.0000002148,0.0000002148,0.0000002148,0,0
1696739700000,2023-10-08T04:35:00Z,0.0000002148,0.0000002148,0.0000002144,0.0000002144,155943993,33.4343920992
1696740000000,2023-10-08T04:40:00Z,0.0000002144,0.0000002144,0.0000002144,0.0000002144,91857255,19.694195472
1696740300000,2023-10-08T04:45:00Z,0.0000002144,0.0000002144,0.0000002144,0.0000002144,705190,0.151192736
1696740600000,2023-10-08T04:50:00Z,0.0000002144,0.0000002145,0.0000002144,0.0000002145,219818873.2,47.1511483014
1696740900000,2023-10-08T04:55:00Z,0.0000002145,0.0000002147,0.0000002145,0.0000002147,447512315,96.0633503447
1696741200000,2023-10-08T05:00:00Z,0.0000002147,0.0000002147,0.0000002147,0.0000002147,466425522,100.1415595734
1696741500000,2023-10-08T05:05:00Z,0.0000002147,0.0000002147,0.0000002146,0.0000002146,162201275,34.808393615
1696741800000,2023-10-08T05:10:00Z,0.0000002146,0.0000002147,0.0000002146,0.0000002147,360444959,77.3875326973
1696742100000,2023-10-08T05:15:00Z,0.0000002147,0.0000002147,0.0000002146,0.0000002146,83459509,17.9104106314
1696742400000,2023-10-08T05:20:00Z,0.0000002146,0.0000002146,0.0000002146,0.0000002146,0,0
1696742700000,2023-10-08T05:25:00Z,0.0000002146,0.0000002146,0.0000002145,0.0000002145,10133451,2.1736252395
1696743000000,2023-10-08T05:30:00Z,0.0000002145,0.0000002145,0.0000002142,0.0000002142,294298977,63.0501710673
1696743300000,2023-10-08T05:35:00Z,0.0000002142,0.0000002142,0.0000002142,0.0000002142,487706427,104.4667166634
1696743600000,2023-10-08T05:40:00Z,0.0000002142,0.0000002142,0.0000002142,0.0000002142,78501029,16.8149204118
1696743900000,2023-10-08T05:45:00Z,0.0000002142,0.0000002145,0.0000002142,0.0000002142,1154353668,247.36986489827
1696744200000,2023-10-08T05:50:00Z,0.0000002142,0.0000002145,0.0000002142,0.0000002142,402029659,86.1944908935
1696744500000,2023-10-08T05:55:00Z,0.0000002142,0.0000002145,0.0000002142,0.0000002145,293295577,62.9119012665
1696744800000,2023-10-08T06:00:00Z,0.0000002145,0.0000002145,0.0000002145,0.0000002145,0,0
1696745100000,2023-10-08T06:05:00Z,0.0000002145,0.0000002145,0.0000002142,0.0000002142,474133299,101.5691358472
1696745400000,2023-10-08T06:10:00Z,0.0000002142,0.0000002142,0.0000002142,0.0000002142,83394079,17.8630117218
1696745700000,2023-10-08T06:15:00Z,0.0000002142,0.0000002144,0.0000002142,0.0000002144,279321910,59.886617504
1696746000000,2023-10-08T06:20:00Z,0.0000002144,0.0000002144,0.0000002144,0.0000002144,205504983.4,44.06026844096
1696746300000,2023-10-08T06:25:00Z,0.0000002144,0.0000002144,0.0000002143,0.0000002143,352885753,75.636921024
1696746600000,2023-10-08T06:30:00Z,0.0000002143,0.0000002143,0.0000002143,0.0000002143,903690943,193.6609690849
1696746900000,2023-10-08T06:35:00Z,0.0000002143,0.0000002143,0.0000002143,0.0000002143,1104263767,236.6437252681
1696747200000,2023-10-08T06:40:00Z,0.0000002143,0.0000002143,0.0000002143,0.0000002143,562278074,120.4961912582
1696747500000,2023-10-08T06:45:00Z,0.0000002143,0.0000002143,0.0000002142,0.0000002142,473072104,101.3633482334
1696747800000,2023-10-08T06:50:00Z,0.0000002142,0.0000002143,0.0000002142,0.0000002142,551711367,118.2001139813
1696748100000,2023-10-08T06:55:00Z,0.0000002142,0.0000002142,0.0000002142,0.0000002142,208300522,44.6179718124
1696748400000,2023-10-08T07:00:00Z,0.0000002142,0.0000002142,0.0000002142,0.0000002142,525219984,112.5021205728
1696748700000,2023-10-08T07:05:00Z,0.0000002142,0.0000002142,0.0000002142,0.0000002142,394275938,84.4539059196
1696749000000,2023-10-08T07:10:00Z,0.0000002142,0.0000002143,0.0000002142,0.0000002143,515920143,110.5616866449
1696749300000,2023-10-08T07:15:00Z,0.0000002143,0.0000002143,0.0000002142,0.0000002143,317802781,68.0777081781
1696749600000,2023-10-08T07:20:00Z,0.0000002143,0.0000002144,0.0000002143,0.0000002144,472474008.3,101.29842737952
1696749900000,2023-10-08T07:25:00Z,0.0000002144,0.0000002148,0.0000002144,0.0000002146,731912523,157.0854829662
1696750200000,2023-10-08T07:30:00Z,0.0000002146,0.0000002148,0.0000002146,0.0000002148,255701714.9,54.92472836052
1696750500000,2023-10-08T07:35:00Z,0.0000002148,0.0000002148,0.0000002145,0.0000002146,540065461.5,115.8929224301
1696750800000,2023-10-08T07:40:00Z,0.0000002146,0.0000002147,0.0000002145,0.0000002145,1232115227.8,264.37974827922
1696751100000,2023-10-08T07:45:00Z,0.0000002145,0.0000002146,0.0000002145,0.0000002146,997945259.6,214.118166763
1696751400000,2023-10-08T07:50:00Z,0.0000002146,0.0000002146,0.0000002146,0.0000002146,0,0
1696751700000,2023-10-08T07:55:00Z,0.0000002146,0.0000002146,0.0000002146,0.0000002146,0,0
1696752000000,2023-10-08T08:00:00Z,0.0000002146,0.0000002146,0.0000002143,0.0000002143,6021800670.2,1291.62201765325
1696752300000,2023-10-08T08:05:00Z,0.0000002143,0.0000002143,0.0000002137,0.0000002137,281810421,60.3893519649
1696752600000,2023-10-08T08:10:00Z,0.0000002137,0.0000002141,0.0000002137,0.000000214,340672644,72.8887139579
1696752900000,2023-10-08T08:15:00Z,0.000000214,0.000000214,0.0000002138,0.000000214,666573878,142.5687973719
1696753200000,2023-10-08T08:20:00Z,0.000000214,0.0000002141,0.000000214,0.0000002141,149650478,32.0401673398
1696753500000,2023-10-08T08:25:00Z,0.0000002141,0.0000002141,0.0000002141,0.0000002141,0,0
1696753800000,2023-10-08T08:30:00Z,0.0000002141,0.0000002142,0.0000002134,0.000000214,1056684205.9,226.21829814656
1696754100000,2023-10-08T08:35:00Z,0.000000214,0.0000002142,0.0000002135,0.0000002135,419194739,89.6195213581
1696754400000,2023-10-08T08:40:00Z,0.0000002135,0.0000002136,0.0000002135,0.0000002136,494868234,105.7038547824
1696754700000,2023-10-08T08:45:00Z,0.0000002136,0.000000214,0.0000002136,0.000000214,379591720,81.1925371316
1696755000000,2023-10-08T08:50:00Z,0.000000214,0.0000002142,0.0000002136,0.0000002136,866930957,185.5550300446
1696755300000,2023-10-08T08:55:00Z,0.0000002136,0.0000002142,0.0000002136,0.0000002142,899452465,192.6339096463
1696755600000,2023-10-08T09:00:00Z,0.0000002142,0.0000002142,0.0000002139,0.0000002142,636981689,136.2887158649
1696755900000,2023-10-08T09:05:00Z,0.0000002142,0.0000002142,0.0000002142,0.0000002142,87792878,18.8052344676
1696756200000,2023-10-08T09:10:00Z,0.0000002142,0.0000002148,0.0000002138,0.0000002148,744688779.8,159.61162393504
1696756500000,2023-10-08T09:15:00Z,0.0000002148,0.0000002148,0.0000002144,0.0000002144,208742216,44.7914632512
1696756800000,2023-10-08T09:20:00Z,0.0000002144,0.0000002144,0.0000002135,0.0000002142,120759506.6,25.83288197338
1696757100000,2023-10-08T09:25:00Z,0.0000002142,0.0000002142,0.000000214,0.0000002142,572184073,122.4840561684
1696757400000,2023-10-08T09:30:00Z,0.0000002142,0.0000002142,0.0000002139,0.0000002142,810611955,173.5964018571
1696757700000,2023-10-08T09:35:00Z,0.0000002142,0.0000002143,0.0000002142,0.0000002143,352915308.8,75.62975067584
1696758000000,2023-10-08T09:40:00Z,0.0000002143,0.0000002143,0.0000002143,0.0000002143,0,0
1696758300000,2023-10-08T09:45:00Z,0.0000002143,0.0000002148,0.0000002143,0.0000002143,753989703,161.8474867259
1696758600000,2023-10-08T09:50:00Z,0.0000002143,0.0000002143,0.0000002143,0.0000002143,597237299,127.9879531757
1696758900000,2023-10-08T09:55:00Z,0.0000002143,0.0000002147,0.0000002143,0.0000002147,530833651,113.9485004183
1696759200000,2023-10-08T10:00:00Z,0.0000002147,0.0000002148,0.0000002143,0.0000002147,804386419,172.6050855881
1696759500000,2023-10-08T10:05:00Z,0.0000002147,0.0000002148,0.0000002147,0.0000002147,1175080245,252.305734568
1696759800000,2023-10-08T10:10:00Z,0.0000002147,0.0000002148,0.0000002147,0.0000002148,859810085,184.6589819199
1696760100000,2023-10-08T10:15:00Z,0.0000002148,0.0000002148,0.0000002147,0.0000002148,1064166168,228.5477651079
1696760400000,2023-10-08T10:20:00Z,0.0000002148,0.0000002148,0.0000002147,0.0000002148,1086492542,233.2959626688
1696760700000,2023-10-08T10:25:00Z,0.0000002148,0.0000002148,0.0000002147,0.0000002147,470640069,101.0701672335
1696761000000,2023-10-08T10:30:00Z,0.0000002147,0.0000002148,0.0000002147,0.0000002148,355694651,76.394504892
1696761300000,2023-10-08T10:35:00Z,0.0000002148,0.0000002148,0.0000002147,0.0000002147,1335638096,286.7614992112
1696761600000,2023-10-08T10:40:00Z,0.0000002147,0.000000215,0.0000002147,0.0000002149,1119258639.5,240.41507631462
1696761900000,2023-10-08T10:45:00Z,0.0000002149,0.0000002149,0.000000214,0.000000214,1358213650.2,291.62416455607
1696762200000,2023-10-08T10:50:00Z,0.000000214,0.0000002149,0.0000002138,0.0000002144,1077269553.8,230.8083492771
1696762500000,2023-10-08T10:55:00Z,0.0000002144,0.0000002145,0.0000002144,0.0000002144,1084849994,232.5982134765
1696762800000,2023-10-08T11:00:00Z,0.0000002144,0.0000002151,0.0000002144,0.0000002151,2103123847.4,451.18115293923
1696763100000,2023-10-08T11:05:00Z,0.0000002151,0.0000002151,0.0000002144,0.0000002144,1410509206.2,302.56965396328
1696763400000,2023-10-08T11:10:00Z,0.0000002144,0.0000002153,0.0000002144,0.0000002145,2253767715.3,484.41899053662
1696763700000,2023-10-08T11:15:00Z,0.0000002145,0.0000002151,0.0000002144,0.0000002151,1103266554,237.1110525192
1696764000000,2023-10-08T11:20:00Z,0.0000002151,0.0000002151,0.0000002139,0.0000002139,1220025526,261.61398142261
1696764300000,2023-10-08T11:25:00Z,0.0000002139,0.0000002149,0.0000002139,0.0000002141,1368372249.1,293.83731027379
1696764600000,2023-10-08T11:30:00Z,0.0000002141,0.0000002148,0.000000214,0.0000002142,2235992720,479.54478623397
1696764900000,2023-10-08T11:35:00Z,0.0000002142,0.0000002148,0.0000002141,0.0000002142,1100605166,236.09079675799
1696765200000,2023-10-08T11:40:00Z,0.0000002142,0.0000002148,0.0000002142,0.0000002148,1812116825,389.0052280304
1696765500000,2023-10-08T11:45:00Z,0.0000002148,0.0000002148,0.0000002144,0.0000002145,1970116946,422.75637805669
1696765800000,2023-10-08T11:50:00Z,0.0000002145,0.0000002148,0.0000002144,0.0000002148,1712058225,367.4293325472
1696766100000,2023-10-08T11:55:00Z,0.0000002148,0.0000002148,0.0000002145,0.0000002148,333742196.3,71.64981630705
1696766400000,2023-10-08T12:00:00Z,0.0000002148,0.0000002148,0.0000002144,0.0000002144,871837020,186.921857088
1696766700000,2023-10-08T12:05:00Z,0.0000002144,0.0000002148,0.0000002144,0.0000002144,344076259,73.7856434336
1696767000000,2023-10-08T12:10:00Z,0.0000002144,0.0000002148,0.0000002141,0.0000002148,1691129653,362.46785749814
1696767300000,2023-10-08T12:15:00Z,0.0000002148,0.0000002148,0.0000002142,0.0000002144,1031180852,221.2033577402
1696767600000,2023-10-08T12:20:00Z,0.0000002144,0.0000002148,0.0000002144,0.0000002144,1777977688,381.3030297806
1696767900000,2023-10-08T12:25:00Z,0.0000002144,0.0000002144,0.0000002143,0.0000002144,1424298717,305.3661905723
1696768200000,2023-10-08T12:30:00Z,0.0000002144,0.0000002144,0.0000002144,0.0000002144,1253255240,268.697923456
1696768500000,2023-10-08T12:35:00Z,0.0000002144,0.0000002144,0.0000002138,0.0000002141,978289144.8,209.49302169764
1696768800000,2023-10-08T12:40:00Z,0.0000002141,0.0000002142,0.000000213,0.0000002133,1382569761,295.21943836502
1696769100000,2023-10-08T12:45:00Z,0.0000002133,0.0000002136,0.000000213,0.0000002136,1473086993,314.4769202604
1696769400000,2023-10-08T12:50:00Z,0.0000002136,0.0000002136,0.000000213,0.0000002134,2112587013.8,450.40846881898
1696769700000,2023-10-08T12:55:00Z,0.0000002134,0.0000002134,0.0000002129,0.0000002133,1260149943.3,268.5873194034
1696770000000,2023-10-08T13:00:00Z,0.0000002133,0.0000002133,0.000000213,0.000000213,1086290143,231.379800459
1696770300000,2023-10-08T13:05:00Z,0.000000213,0.0000002133,0.0000002129,0.0000002129,1593607912.4,339.62256496486
1696770600000,2023-10-08T13:10:00Z,0.0000002129,0.0000002129,0.0000002105,0.0000002105,1536277814.5,325.4045601088
1696770900000,2023-10-08T13:15:00Z,0.0000002105,0.0000002111,0.0000002094,0.000000211,2132183662.5,447.94650636743
1696771200000,2023-10-08T13:20:00Z,0.000000211,0.0000002114,0.0000002102,0.0000002113,1103331722,232.6303171201
1696771500000,2023-10-08T13:25:00Z,0.0000002113,0.0000002114,0.0000002108,0.0000002109,1227307912,259.2782304387
1696771800000,2023-10-08T13:30:00Z,0.0000002109,0.0000002114,0.0000002109,0.0000002112,1293640556,273.3303405955
1696772100000,2023-10-08T13:35:00Z,0.0000002112,0.0000002114,0.0000002111,0.0000002111,438390742,92.6006984564
1696772400000,2023-10-08T13:40:00Z,0.0000002111,0.000000212,0.0000002108,0.0000002112,1416503000,299.13026768307
1696772700000,2023-10-08T13:45:00Z,0.0000002112,0.0000002128,0.0000002112,0.0000002128,1304430077.7,276.65994610484
1696773000000,2023-10-08T13:50:00Z,0.0000002128,0.0000002128,0.0000002119,0.0000002123,631424241.1,134.06254884764
1696773300000,2023-10-08T13:55:00Z,0.0000002123,0.0000002124,0.0000002113,0.0000002113,1762209401.9,372.83959695301
1696773600000,2023-10-08T14:00:00Z,0.0000002113,0.0000002117,0.0000002113,0.0000002117,317142952,67.0843801624
1696773900000,2023-10-08T14:05:00Z,0.0000002117,0.0000002123,0.0000002113,0.0000002113,1398500807,296.08708576437
1696774200000,2023-10-08T14:10:00Z,0.0000002113,0.0000002123,0.0000002113,0.0000002119,1048037410.7,222.20310680832
1696774500000,2023-10-08T14:15:00Z,0.0000002119,0.0000002121,0.0000002112,0.0000002121,549734926,116.5063142033
1696774800000,2023-10-08T14:20:00Z,0.0000002121,0.0000002121,0.0000002111,0.0000002111,1070607337,226.5186004088
1696775100000,2023-10-08T14:25:00Z,0.0000002111,0.0000002116,0.000000211,0.0000002116,285330631,60.3223917595
1696775400000,2023-10-08T14:30:00Z,0.0000002116,0.0000002117,0.0000002113,0.0000002117,617912711,130.6685599765
1696775700000,2023-10-08T14:35:00Z,0.0000002117,0.0000002126,0.0000002117,0.0000002126,634386262,134.7578292944
1696776000000,2023-10-08T14:40:00Z,0.0000002126,0.0000002126,0.0000002116,0.0000002126,1874022713,397.18781244787
1696776300000,2023-10-08T14:45:00Z,0.0000002126,0.0000002128,0.0000002125,0.0000002128,342421964,72.8026174974
1696776600000,2023-10-08T14:50:00Z,0.0000002128,0.0000002128,0.0000002117,0.0000002123,848790641,180.1644785587
1696776900000,2023-10-08T14:55:00Z,0.0000002123,0.0000002128,0.0000002121,0.0000002128,1344998095,286.0353731403
1696777200000,2023-10-08T15:00:00Z,0.0000002128,0.0000002128,0.0000002118,0.0000002125,950728555.9,201.88936770672
1696777500000,2023-10-08T15:05:00Z,0.0000002125,0.0000002127,0.0000002124,0.0000002124,452605544,96.20701920578
1696777800000,2023-10-08T15:10:00Z,0.0000002124,0.0000002124,0.0000002113,0.000000212,619038823,131.1934748631
1696778100000,2023-10-08T15:15:00Z,0.000000212,0.000000212,0.0000002113,0.0000002113,125024789,26.4651818003
1696778400000,2023-10-08T15:20:00Z,0.0000002113,0.0000002119,0.0000002113,0.0000002119,98029538,20.7724591022
1696778700000,2023-10-08T15:25:00Z,0.0000002119,0.0000002123,0.0000002114,0.0000002114,683993009,144.8330471524
1696779000000,2023-10-08T15:30:00Z,0.0000002114,0.0000002114,0.0000002107,0.0000002108,389099043,82.0587654412
1696779300000,2023-10-08T15:35:00Z,0.0000002108,0.0000002116,0.0000002108,0.0000002111,1874525469,395.36838138736
1696779600000,2023-10-08T15:40:00Z,0.0000002111,0.0000002113,0.0000002108,0.0000002108,543163611,114.6261389073
1696779900000,2023-10-08T15:45:00Z,0.0000002108,0.0000002109,0.0000002107,0.0000002109,281312602,59.3041985868
1696780200000,2023-10-08T15:50:00Z,0.0000002109,0.0000002109,0.0000002106,0.0000002106,137419162,28.9404755172
1696780500000,2023-10-08T15:55:00Z,0.0000002106,0.0000002106,0.0000002106,0.0000002106,430935409,90.7549971354
1696780800000,2023-10-08T16:00:00Z,0.0000002106,0.0000002107,0.0000002106,0.0000002106,505091482,106.3771976176
1696781100000,2023-10-08T16:05:00Z,0.0000002106,0.0000002108,0.0000002106,0.0000002108,367244790,77.4041799042
1696781400000,2023-10-08T16:10:00Z,0.0000002108,0.0000002108,0.0000002106,0.0000002108,1019838726,214.9765977552
1696781700000,2023-10-08T16:15:00Z,0.0000002108,0.0000002108,0.0000002106,0.0000002108,751753368,158.3389122074
1696782000000,2023-10-08T16:20:00Z,0.0000002108,0.0000002108,0.0000002106,0.0000002106,56160811,11.8274667966
1696782300000,2023-10-08T16:25:00Z,0.0000002106,0.0000002108,0.0000002102,0.0000002102,1190476336.6,250.6902759741
1696782600000,2023-10-08T16:30:00Z,0.0000002102,0.0000002108,0.0000002101,0.0000002101,785748304,165.24218383421
1696782900000,2023-10-08T16:35:00Z,0.0000002101,0.0000002107,0.0000002101,0.0000002103,839281463,176.6945915988
1696783200000,2023-10-08T16:40:00Z,0.0000002103,0.0000002103,0.0000002101,0.0000002101,534352923.3,112.30507723144
1696783500000,2023-10-08T16:45:00Z,0.0000002101,0.0000002104,0.0000002101,0.0000002104,894606645.8,187.96699071958
1696783800000,2023-10-08T16:50:00Z,0.0000002104,0.0000002104,0.0000002098,0.0000002098,1560901324.8,327.89114923068
1696784100000,2023-10-08T16:55:00Z,0.0000002098,0.0000002098,0.0000002086,0.0000002097,857391798,179.5469316162
1696784400000,2023-10-08T17:00:00Z,0.0000002097,0.0000002097,0.000000209,0.0000002097,624813781,130.6855467394
1696784700000,2023-10-08T17:05:00Z,0.0000002097,0.0000002101,0.0000002097,0.0000002101,911507458.2,191.36918733316
1696785000000,2023-10-08T17:10:00Z,0.0000002101,0.0000002101,0.0000002099,0.0000002099,734025787,154.1482895675
1696785300000,2023-10-08T17:15:00Z,0.0000002099,0.0000002101,0.0000002086,0.0000002093,1983148111.6,415.05167109246
1696785600000,2023-10-08T17:20:00Z,0.0000002093,0.0000002094,0.0000002086,0.0000002092,1325668867,277.05267534412
1696785900000,2023-10-08T17:25:00Z,0.0000002092,0.0000002092,0.0000002092,0.0000002092,57273608,11.9816387936
1696786200000,2023-10-08T17:30:00Z,0.0000002092,0.0000002092,0.0000002092,0.0000002092,0,0
1696786500000,2023-10-08T17:35:00Z,0.0000002092,0.0000002092,0.0000002092,0.0000002092,0,0
1696786800000,2023-10-08T17:40:00Z,0.0000002092,0.0000002094,0.0000002085,0.0000002086,2048215243,427.97073383165
1696787100000,2023-10-08T17:45:00Z,0.0000002086,0.0000002091,0.0000002086,0.0000002087,545985525,114.1460946599
1696787400000,2023-10-08T17:50:00Z,0.0000002087,0.0000002092,0.0000002087,0.0000002091,798705520,167.0284446909
1696787700000,2023-10-08T17:55:00Z,0.0000002091,0.0000002091,0.0000002087,0.000000209,605807785,126.5961970683
1696788000000,2023-10-08T18:00:00Z,0.000000209,0.000000209,0.000000209,0.000000209,0,0
1696788300000,2023-10-08T18:05:00Z,0.000000209,0.000000209,0.0000002069,0.000000207,3942183534.9,818.24960541653
1696788600000,2023-10-08T18:10:00Z,0.000000207,0.0000002074,0.0000002066,0.0000002066,1198710743.5,248.2676769852
1696788900000,2023-10-08T18:15:00Z,0.0000002066,0.0000002069,0.0000002066,0.0000002067,606005211,125.3039898104
1696789200000,2023-10-08T18:20:00Z,0.0000002067,0.0000002068,0.0000002052,0.0000002056,2412880320.4,496.87515219091
1696789500000,2023-10-08T18:25:00Z,0.0000002056,0.0000002066,0.0000002054,0.0000002066,1396547592,288.0347408622
1696789800000,2023-10-08T18:30:00Z,0.0000002066,0.0000002067,0.0000002066,0.0000002067,449063300,92.82138411
1696790100000,2023-10-08T18:35:00Z,0.0000002067,0.0000002068,0.0000002067,0.0000002068,314486246.2,65.00482858404
1696790400000,2023-10-08T18:40:00Z,0.0000002068,0.0000002072,0.0000002068,0.0000002072,1546069738.7,320.18588332265
1696790700000,2023-10-08T18:45:00Z,0.0000002072,0.0000002072,0.0000002072,0.0000002072,518934927,107.5233168744
1696791000000,2023-10-08T18:50:00Z,0.0000002072,0.0000002072,0.0000002071,0.0000002071,892792459,184.9626530509
1696791300000,2023-10-08T18:55:00Z,0.0000002071,0.0000002071,0.0000002064,0.0000002068,1110882710.3,229.71578466182
1696791600000,2023-10-08T19:00:00Z,0.0000002068,0.0000002069,0.0000002066,0.0000002068,781811367,161.6356937902
1696791900000,2023-10-08T19:05:00Z,0.0000002068,0.0000002071,0.0000002067,0.0000002067,826351698.7,170.8632281497
1696792200000,2023-10-08T19:10:00Z,0.0000002067,0.0000002067,0.0000002065,0.0000002066,1088945664,224.909886243
1696792500000,2023-10-08T19:15:00Z,0.0000002066,0.0000002066,0.0000002057,0.0000002061,1410046783.1,290.37910741443
1696792800000,2023-10-08T19:20:00Z,0.0000002061,0.0000002062,0.0000002047,0.0000002059,1560833576,320.56555453383
1696793100000,2023-10-08T19:25:00Z,0.0000002059,0.0000002065,0.0000002055,0.0000002065,1441610214,297.1101322477
1696793400000,2023-10-08T19:30:00Z,0.0000002065,0.0000002066,0.0000002057,0.0000002059,1309699293,269.98650101227
1696793700000,2023-10-08T19:35:00Z,0.0000002059,0.0000002068,0.0000002059,0.0000002063,814588134,168.005824208
1696794000000,2023-10-08T19:40:00Z,0.0000002063,0.0000002067,0.0000002061,0.0000002061,860574494,177.52598337255
1696794300000,2023-10-08T19:45:00Z,0.0000002061,0.0000002067,0.000000206,0.0000002067,997349444.6,205.8601098481
1696794600000,2023-10-08T19:50:00Z,0.0000002067,0.0000002074,0.0000002061,0.0000002074,1310884943,271.0630204421
1696794900000,2023-10-08T19:55:00Z,0.0000002074,0.0000002077,0.0000002074,0.0000002077,465925319.5,96.67621737065
1696795200000,2023-10-08T20:00:00Z,0.0000002077,0.0000002079,0.0000002071,0.0000002079,2448613985,508.63725549982
1696795500000,2023-10-08T20:05:00Z,0.0000002079,0.0000002079,0.0000002076,0.0000002079,1687715511,350.6204275827
1696795800000,2023-10-08T20:10:00Z,0.0000002079,0.0000002079,0.000000207,0.000000207,1407819064,292.3111861927
1696796100000,2023-10-08T20:15:00Z,0.000000207,0.0000002078,0.000000207,0.0000002078,1905505641,395.675779126
1696796400000,2023-10-08T20:20:00Z,0.0000002078,0.0000002078,0.0000002071,0.0000002078,1560394057.6,323.67468392153
1696796700000,2023-10-08T20:25:00Z,0.0000002078,0.0000002078,0.0000002069,0.0000002071,1234527315,256.2896511798
1696797000000,2023-10-08T20:30:00Z,0.0000002071,0.0000002078,0.0000002071,0.0000002078,1861316620,386.6048081355
1696797300000,2023-10-08T20:35:00Z,0.0000002078,0.0000002078,0.0000002077,0.0000002077,693888041,144.1205461157
1696797600000,2023-10-08T20:40:00Z,0.0000002077,0.0000002079,0.000000207,0.0000002071,607089706.5,125.9922307787
1696797900000,2023-10-08T20:45:00Z,0.0000002071,0.0000002076,0.0000002068,0.0000002076,3910711299,810.38973518832
1696798200000,2023-10-08T20:50:00Z,0.0000002076,0.0000002076,0.000000207,0.0000002076,2101976782,436.1277641217
1696798500000,2023-10-08T20:55:00Z,0.0000002076,0.0000002079,0.0000002076,0.0000002077,950057440,197.3301841604
1696798800000,2023-10-08T21:00:00Z,0.0000002077,0.0000002078,0.0000002069,0.0000002078,644484682,133.5479817734
1696799100000,2023-10-08T21:05:00Z,0.0000002078,0.0000002079,0.0000002071,0.0000002079,739383437,153.3990132395
1696799400000,2023-10-08T21:10:00Z,0.0000002079,0.0000002079,0.0000002071,0.0000002079,1177417824,244.4631438984
1696799700000,2023-10-08T21:15:00Z,0.0000002079,0.0000002079,0.0000002071,0.0000002079,1453397090,301.6076719641
1696800000000,2023-10-08T21:20:00Z,0.0000002079,0.0000002079,0.0000002069,0.0000002078,1085924157,225.0692921948
1696800300000,2023-10-08T21:25:00Z,0.0000002078,0.0000002079,0.0000002073,0.0000002073,1483372533,307.9542843032
1696800600000,2023-10-08T21:30:00Z,0.0000002073,0.0000002079,0.0000002073,0.0000002079,1252916541.3,260.32120552474
1696800900000,2023-10-08T21:35:00Z,0.0000002079,0.0000002079,0.0000002072,0.0000002073,1309428853,271.9261151405
1696801200000,2023-10-08T21:40:00Z,0.0000002073,0.0000002079,0.0000002073,0.0000002077,1374056055,285.0804117787
1696801500000,2023-10-08T21:45:00Z,0.0000002077,0.0000002077,0.0000002069,0.0000002073,442336223,91.6692367496
1696801800000,2023-10-08T21:50:00Z,0.0000002073,0.0000002079,0.0000002071,0.0000002079,508484371,105.5295511867
1696802100000,2023-10-08T21:55:00Z,0.0000002079,0.0000002079,0.000000207,0.0000002072,804933862,167.0496415748
1696802400000,2023-10-08T22:00:00Z,0.0000002072,0.0000002079,0.0000002071,0.0000002079,800833032,166.197148312
1696802700000,2023-10-08T22:05:00Z,0.0000002079,0.0000002079,0.0000002072,0.0000002072,816490687,169.4393536578
1696803000000,2023-10-08T22:10:00Z,0.0000002072,0.0000002076,0.0000002071,0.0000002071,681652656,141.2655216553
1696803300000,2023-10-08T22:15:00Z,0.0000002071,0.0000002074,0.0000002071,0.0000002074,366259322,75.8984871226
1696803600000,2023-10-08T22:20:00Z,0.0000002074,0.0000002077,0.0000002071,0.0000002075,1133123778,234.8134889555
1696803900000,2023-10-08T22:25:00Z,0.0000002075,0.0000002075,0.000000207,0.0000002072,737962564.6,152.86350274642
1696804200000,2023-10-08T22:30:00Z,0.0000002072,0.0000002073,0.0000002068,0.0000002072,1298863442,268.863523174
1696804500000,2023-10-08T22:35:00Z,0.0000002072,0.0000002072,0.0000002068,0.0000002069,1655559654,342.6136917392
1696804800000,2023-10-08T22:40:00Z,0.0000002069,0.0000002077,0.0000002061,0.0000002069,674786985.9,139.58220730085
1696805100000,2023-10-08T22:45:00Z,0.0000002069,0.0000002069,0.0000002067,0.0000002067,877185526,181.3569445777
1696805400000,2023-10-08T22:50:00Z,0.0000002067,0.000000207,0.0000002035,0.0000002035,4919706565.1,1007.65713193599
1696805700000,2023-10-08T22:55:00Z,0.0000002035,0.0000002051,0.0000002017,0.0000002036,8726750804,1773.84798702625
1696806000000,2023-10-08T23:00:00Z,0.0000002036,0.0000002043,0.0000002036,0.0000002043,642627151,131.0373303889
1696806300000,2023-10-08T23:05:00Z,0.0000002043,0.0000002047,0.0000002043,0.0000002047,61249915,12.5378576005
1696806600000,2023-10-08T23:10:00Z,0.0000002047,0.0000002053,0.0000002047,0.0000002053,1218417306.9,249.92149419378
1696806900000,2023-10-08T23:15:00Z,0.0000002053,0.0000002054,0.0000002051,0.0000002054,1454502374,298.51097018197
1696807200000,2023-10-08T23:20:00Z,0.0000002054,0.0000002064,0.0000002054,0.0000002059,8043824473.7,1656.50662583765
1696807500000,2023-10-08T23:25:00Z,0.0000002059,0.0000002064,0.0000002057,0.0000002058,2441252421.8,502.71474212237
1696807800000,2023-10-08T23:30:00Z,0.0000002058,0.0000002064,0.0000002055,0.0000002064,1185482789.6,243.8967651608
1696808100000,2023-10-08T23:35:00Z,0.0000002064,0.0000002064,0.0000002057,0.0000002057,252758162,51.9923539234
1696808400000,2023-10-08T23:40:00Z,0.0000002057,0.0000002071,0.0000002054,0.0000002058,3718572547.8,766.03549548006
1696808700000,2023-10-08T23:45:00Z,0.0000002058,0.0000002065,0.0000002058,0.0000002065,315774096.4,65.16870347936
1696809000000,2023-10-08T23:50:00Z,0.0000002065,0.0000002066,0.0000002061,0.0000002061,884622632,182.6977035853
1696809300000,2023-10-08T23:55:00Z,0.0000002061,0.0000002062,0.0000002061,0.0000002062,539968678,111.2939568494
1696809600000,2023-10-09T00:00:00Z,0.0000002062,0.0000002062,0.0000002047,0.0000002055,1046335044.4,215.07719366677
1696809900000,2023-10-09T00:05:00Z,0.0000002055,0.0000002055,0.0000002053,0.0000002053,375876248.7,77.20401058931
1696810200000,2023-10-09T00:10:00Z,0.0000002053,0.0000002053,0.0000002039,0.0000002039,1082340204.6,220.86869468764
1696810500000,2023-10-09T00:15:00Z,0.0000002039,0.0000002044,0.0000002039,0.000000204,1288188336,263.070861007
1696810800000,2023-10-09T00:20:00Z,0.000000204,0.0000002044,0.000000204,0.0000002044,1197357890.1,244.43152910483
1696811100000,2023-10-09T00:25:00Z,0.0000002044,0.0000002044,0.0000002038,0.0000002038,140330572,28.6646905653
1696811400000,2023-10-09T00:30:00Z,0.0000002038,0.0000002047,0.0000002038,0.0000002046,155888131,31.89106812
1696811700000,2023-10-09T00:35:00Z,0.0000002046,0.0000002046,0.0000002036,0.0000002036,20000000,4.07200000002
1696812000000,2023-10-09T00:40:00Z,0.0000002036,0.0000002052,0.0000002036,0.0000002052,130394987,26.7570513324
1696812300000,2023-10-09T00:45:00Z,0.0000002052,0.0000002052,0.0000002038,0.0000002043,1260341957,257.8516397165
1696812600000,2023-10-09T00:50:00Z,0.0000002043,0.0000002043,0.0000002042,0.0000002042,68497846,13.9872601532
1696812900000,2023-10-09T00:55:00Z,0.0000002042,0.0000002047,0.0000002037,0.0000002037,338408661,69.16179332592
1696813200000,2023-10-09T01:00:00Z,0.0000002037,0.0000002042,0.0000002036,0.000000204,584663056,119.3257984604
1696813500000,2023-10-09T01:05:00Z,0.000000204,0.0000002041,0.000000204,0.0000002041,357246022,72.9139130902
1696813800000,2023-10-09T01:10:00Z,0.0000002041,0.0000002041,0.0000002041,0.0000002041,216936937,44.2768288417
1696814100000,2023-10-09T01:15:00Z,0.0000002041,0.0000002044,0.0000002036,0.0000002042,1896509949,386.79844548005
1696814400000,2023-10-09T01:20:00Z,0.0000002042,0.0000002042,0.0000002041,0.0000002041,236718177,48.3334842097
1696814700000,2023-10-09T01:25:00Z,0.0000002041,0.0000002044,0.0000002041,0.0000002044,167874820,34.313613208
1696815000000,2023-10-09T01:30:00Z,0.0000002044,0.0000002044,0.0000002029,0.0000002044,1475986591.5,300.56652157074
1696815300000,2023-10-09T01:35:00Z,0.0000002044,0.0000002044,0.000000203,0.0000002041,793146173.6,161.69995711972
1696815600000,2023-10-09T01:40:00Z,0.0000002041,0.0000002041,0.0000002041,0.0000002041,57800175,11.7970157175
1696815900000,2023-10-09T01:45:00Z,0.0000002041,0.0000002043,0.0000002041,0.0000002043,5276569.2,1.07800308756
1696816200000,2023-10-09T01:50:00Z,0.0000002043,0.0000002051,0.0000002043,0.0000002044,875126297,179.3043941052
1696816500000,2023-10-09T01:55:00Z,0.0000002044,0.0000002047,0.0000002044,0.0000002046,348292737,71.2825336979
1696816800000,2023-10-09T02:00:00Z,0.0000002046,0.0000002051,0.0000002046,0.0000002051,377030403,77.3289356553
1696817100000,2023-10-09T02:05:00Z,0.0000002051,0.0000002051,0.0000002047,0.0000002047,116676902,23.8837618394
1696817400000,2023-10-09T02:10:00Z,0.0000002047,0.0000002047,0.0000002047,0.0000002047,0,0
1696817700000,2023-10-09T02:15:00Z,0.0000002047,0.0000002047,0.0000002047,0.0000002047,0,0
1696818000000,2023-10-09T02:20:00Z,0.0000002047,0.0000002051,0.0000002047,0.0000002048,312281507,64.0338057166
1696818300000,2023-10-09T02:25:00Z,0.0000002048,0.0000002048,0.0000002046,0.0000002046,241247540,49.3849426568
1696818600000,2023-10-09T02:30:00Z,0.0000002046,0.0000002046,0.0000002045,0.0000002046,303094393,61.9886623687
1696818900000,2023-10-09T02:35:00Z,0.0000002046,0.0000002046,0.0000002046,0.0000002046,0,0
1696819200000,2023-10-09T02:40:00Z,0.0000002046,0.0000002046,0.0000002046,0.0000002046,0,0
1696819500000,2023-10-09T02:45:00Z,0.0000002046,0.0000002046,0.0000002046,0.0000002046,0,0
1696819800000,2023-10-09T02:50:00Z,0.0000002046,0.0000002047,0.0000002046,0.0000002047,323530034,66.2265979598
1696820100000,2023-10-09T02:55:00Z,0.0000002047,0.000000205,0.0000002047,0.000000205,238071698,48.80469809
1696820400000,2023-10-09T03:00:00Z,0.000000205,0.000000205,0.0000002037,0.0000002037,752794539,153.6520867359
1696820700000,2023-10-09T03:05:00Z,0.0000002037,0.000000205,0.0000002037,0.000000205,520758041,106.7222625248
1696821000000,2023-10-09T03:10:00Z,0.000000205,0.000000205,0.0000002037,0.0000002043,429637715,87.5821803941
1696821300000,2023-10-09T03:15:00Z,0.0000002043,0.0000002043,0.0000002042,0.0000002042,228056167,46.5690693014
1696821600000,2023-10-09T03:20:00Z,0.0000002042,0.0000002042,0.0000002042,0.0000002042,0,0
1696821900000,2023-10-09T03:25:00Z,0.0000002042,0.0000002042,0.0000002033,0.0000002033,251927447,51.2168499751
1696822200000,2023-10-09T03:30:00Z,0.0000002033,0.0000002033,0.0000002033,0.0000002033,0,0
1696822500000,2023-10-09T03:35:00Z,0.0000002033,0.0000002039,0.0000002033,0.0000002039,193857497,39.5275436383
1696822800000,2023-10-09T03:40:00Z,0.0000002039,0.0000002039,0.0000002039,0.0000002039,0,0
1696823100000,2023-10-09T03:45:00Z,0.0000002039,0.0000002049,0.0000002039,0.0000002049,284074910,58.206949059
1696823400000,2023-10-09T03:50:00Z,0.0000002049,0.0000002049,0.0000002047,0.0000002047,48941877,10.0184022219
1696823700000,2023-10-09T03:55:00Z,0.0000002047,0.0000002047,0.0000002046,0.0000002046,99989026,20.4577547196
1696824000000,2023-10-09T04:00:00Z,0.0000002046,0.0000002046,0.0000002045,0.0000002045,178019017,36.4048889765
1696824300000,2023-10-09T04:05:00Z,0.0000002045,0.0000002045,0.0000002045,0.0000002045,0,0
1696824600000,2023-10-09T04:10:00Z,0.0000002045,0.0000002045,0.000000204,0.000000204,48286286.4,9.8504024256
1696824900000,2023-10-09T04:15:00Z,0.000000204,0.0000002046,0.000000204,0.0000002046,376714218,77.000206833
1696825200000,2023-10-09T04:20:00Z,0.0000002046,0.0000002047,0.0000002043,0.0000002043,295723492,60.4827410399
1696825500000,2023-10-09T04:25:00Z,0.0000002043,0.0000002048,0.0000002043,0.0000002047,330364523.5,67.6398203153
1696825800000,2023-10-09T04:30:00Z,0.0000002047,0.0000002047,0.0000002047,0.0000002047,0,0
1696826100000,2023-10-09T04:35:00Z,0.0000002047,0.0000002047,0.0000002047,0.0000002047,0,0
1696826400000,2023-10-09T04:40:00Z,0.0000002047,0.0000002047,0.0000002047,0.0000002047,0,0
1696826700000,2023-10-09T04:45:00Z,0.0000002047,0.0000002047,0.0000002047,0.0000002047,0,0
1696827000000,2023-10-09T04:50:00Z,0.0000002047,0.000000205,0.0000002047,0.000000205,665620309,136.4049178702
1696827300000,2023-10-09T04:55:00Z,0.000000205,0.000000205,0.000000205,0.000000205,0,0
1696827600000,2023-10-09T05:00:00Z,0.000000205,0.000000205,0.0000002049,0.0000002049,157069704,32.1835823496
1696827900000,2023-10-09T05:05:00Z,0.0000002049,0.0000002054,0.0000002049,0.0000002054,746544801,153.16836673043
1696828200000,2023-10-09T05:10:00Z,0.0000002054,0.0000002054,0.000000205,0.000000205,261075906,53.52056073
1696828500000,2023-10-09T05:15:00Z,0.000000205,0.000000205,0.0000002049,0.0000002049,95125562.3,19.49122771527
1696828800000,2023-10-09T05:20:00Z,0.0000002049,0.0000002049,0.0000002047,0.0000002047,466289626,95.4674544631
1696829100000,2023-10-09T05:25:00Z,0.0000002047,0.0000002047,0.0000002042,0.0000002042,581645143,118.8882357048
1696829400000,2023-10-09T05:30:00Z,0.0000002042,0.0000002043,0.0000002042,0.0000002042,562809416,114.94893982107
1696829700000,2023-10-09T05:35:00Z,0.0000002042,0.0000002047,0.0000002042,0.0000002047,370348333,75.7881164459
1696830000000,2023-10-09T05:40:00Z,0.0000002047,0.0000002047,0.0000002046,0.0000002046,322396108,65.9901613712
1696830300000,2023-10-09T05:45:00Z,0.0000002046,0.0000002047,0.0000002046,0.0000002047,210395288,43.0679154536
1696830600000,2023-10-09T05:50:00Z,0.0000002047,0.0000002047,0.0000002045,0.0000002045,364787478,74.6504720357
1696830900000,2023-10-09T05:55:00Z,0.0000002045,0.0000002045,0.0000002044,0.0000002044,167998847,34.3409156272
1696831200000,2023-10-09T06:00:00Z,0.0000002044,0.0000002052,0.0000002043,0.0000002052,1831800018.4,374.6602959917
1696831500000,2023-10-09T06:05:00Z,0.0000002052,0.0000002052,0.000000205,0.000000205,302416569,61.995396645
1696831800000,2023-10-09T06:10:00Z,0.000000205,0.0000002053,0.000000205,0.0000002053,265956066,54.5886244363
1696832100000,2023-10-09T06:15:00Z,0.0000002053,0.0000002053,0.0000002047,0.0000002047,163166318.4,33.42255418892
1696832400000,2023-10-09T06:20:00Z,0.0000002047,0.0000002053,0.0000002047,0.0000002047,711463810,145.7356746574
1696832700000,2023-10-09T06:25:00Z,0.0000002047,0.0000002047,0.0000002047,0.0000002047,0,0
1696833000000,2023-10-09T06:30:00Z,0.0000002047,0.0000002048,0.0000002047,0.0000002048,257289629,52.6929160192
1696833300000,2023-10-09T06:35:00Z,0.0000002048,0.0000002048,0.0000002048,0.0000002048,260824411,53.4168393728
1696833600000,2023-10-09T06:40:00Z,0.0000002048,0.0000002048,0.0000002048,0.0000002048,0,0
1696833900000,2023-10-09T06:45:00Z,0.0000002048,0.0000002048,0.0000002042,0.0000002046,540692877.6,110.52050696802
1696834200000,2023-10-09T06:50:00Z,0.0000002046,0.0000002048,0.0000002041,0.0000002047,1803093867.4,369.09935516538
1696834500000,2023-10-09T06:55:00Z,0.0000002047,0.0000002047,0.0000002042,0.0000002042,141207082,28.8344861444
1696834800000,2023-10-09T07:00:00Z,0.0000002042,0.0000002042,0.0000002036,0.0000002042,1265425352.2,257.88254175855
1696835100000,2023-10-09T07:05:00Z,0.0000002042,0.0000002044,0.0000002039,0.0000002039,307932979,62.8394716694
1696835400000,2023-10-09T07:10:00Z,0.0000002039,0.0000002041,0.0000002039,0.0000002041,131425445,26.8239333245
1696835700000,2023-10-09T07:15:00Z,0.0000002041,0.0000002041,0.0000002038,0.0000002039,408555499,83.2698685523
1696836000000,2023-10-09T07:20:00Z,0.0000002039,0.0000002039,0.0000002031,0.0000002034,1780533306.2,362.03145921805
1696836300000,2023-10-09T07:25:00Z,0.0000002034,0.0000002034,0.0000002025,0.0000002026,460273275.8,93.26550741971
1696836600000,2023-10-09T07:30:00Z,0.0000002026,0.000000203,0.0000002019,0.000000203,1459536677.7,295.40447102858
1696836900000,2023-10-09T07:35:00Z,0.000000203,0.000000203,0.0000002021,0.0000002022,378203037,76.4412795903
1696837200000,2023-10-09T07:40:00Z,0.0000002022,0.0000002025,0.0000002022,0.0000002025,127833232,25.88622948
1696837500000,2023-10-09T07:45:00Z,0.0000002025,0.0000002027,0.0000002023,0.0000002026,361217633,73.2017192661
1696837800000,2023-10-09T07:50:00Z,0.0000002026,0.0000002026,0.000000202,0.0000002026,661699255.2,134.0189677126
1696838100000,2023-10-09T07:55:00Z,0.0000002026,0.0000002026,0.0000002017,0.0000002017,2558971669.2,516.48956279333
1696838400000,2023-10-09T08:00:00Z,0.0000002017,0.0000002028,0.0000002017,0.0000002023,483267469,97.7952744646
1696838700000,2023-10-09T08:05:00Z,0.0000002023,0.0000002037,0.0000002023,0.0000002037,1878030500,381.81022866477
1696839000000,2023-10-09T08:10:00Z,0.0000002037,0.0000002037,0.0000002027,0.0000002028,744814905,151.0173308298
1696839300000,2023-10-09T08:15:00Z,0.0000002028,0.0000002029,0.0000002028,0.0000002029,275865857,55.9731823853
1696839600000,2023-10-09T08:20:00Z,0.0000002029,0.000000203,0.0000002026,0.0000002026,666016234,135.0351760216
1696839900000,2023-10-09T08:25:00Z,0.0000002026,0.0000002028,0.0000002025,0.0000002028,499621164,101.2689053605
1696840200000,2023-10-09T08:30:00Z,0.0000002028,0.000000203,0.0000002019,0.0000002019,2324950362,470.7923701949
1696840500000,2023-10-09T08:35:00Z,0.0000002019,0.0000002023,0.0000002015,0.0000002023,722127890.5,145.9061985916
1696840800000,2023-10-09T08:40:00Z,0.0000002023,0.0000002023,0.0000002017,0.0000002017,795221247.4,160.71548728776
1696841100000,2023-10-09T08:45:00Z,0.0000002017,0.0000002025,0.0000002017,0.0000002018,973784028,196.6564108721
1696841400000,2023-10-09T08:50:00Z,0.0000002018,0.0000002019,0.0000002008,0.000000201,698234258.3,140.59118115944
1696841700000,2023-10-09T08:55:00Z,0.000000201,0.0000002018,0.000000201,0.0000002018,838143924.3,168.85580813141
1696842000000,2023-10-09T09:00:00Z,0.0000002018,0.0000002019,0.0000002013,0.0000002019,667462242,134.534898152
1696842300000,2023-10-09T09:05:00Z,0.0000002019,0.0000002019,0.0000002014,0.0000002019,1179466247.3,237.91154198917
1696842600000,2023-10-09T09:10:00Z,0.0000002019,0.000000202,0.0000002019,0.0000002019,1103683517,222.858558083
1696842900000,2023-10-09T09:15:00Z,0.0000002019,0.0000002023,0.0000002018,0.0000002022,1269384959,256.5541116701
1696843200000,2023-10-09T09:20:00Z,0.0000002022,0.000000203,0.000000202,0.000000203,1959017798,396.84581549086
1696843500000,2023-10-09T09:25:00Z,0.000000203,0.000000203,0.0000002026,0.0000002026,115396748,23.3929377132
1696843800000,2023-10-09T09:30:00Z,0.0000002026,0.000000203,0.0000002025,0.0000002027,905708883,183.6387695137
1696844100000,2023-10-09T09:35:00Z,0.0000002027,0.000000203,0.0000002026,0.0000002026,842032576.8,170.8406174772
1696844400000,2023-10-09T09:40:00Z,0.0000002026,0.0000002029,0.0000002026,0.0000002028,1364925702,276.8511502498
1696844700000,2023-10-09T09:45:00Z,0.0000002028,0.000000203,0.0000002021,0.0000002028,751581641.9,152.17996698396
1696845000000,2023-10-09T09:50:00Z,0.0000002028,0.000000203,0.0000002011,0.0000002011,2845480135.9,573.17541719472
1696845300000,2023-10-09T09:55:00Z,0.0000002011,0.0000002011,0.000000199,0.0000001997,9679317736.1,1932.19642012529
1696845600000,2023-10-09T10:00:00Z,0.0000001997,0.0000002025,0.0000001997,0.0000002025,2473523567,497.22806753336
1696845900000,2023-10-09T10:05:00Z,0.0000002025,0.0000002025,0.0000002009,0.0000002019,707462326,142.6153143793
1696846200000,2023-10-09T10:10:00Z,0.0000002019,0.0000002022,0.0000002015,0.0000002016,2123695333.4,428.46519138833
1696846500000,2023-10-09T10:15:00Z,0.0000002016,0.0000002017,0.0000002008,0.0000002015,2714551732.8,546.64626016456
1696846800000,2023-10-09T10:20:00Z,0.0000002015,0.0000002015,0.0000002009,0.0000002009,706743974,142.2459011084
1696847100000,2023-10-09T10:25:00Z,0.0000002009,0.0000002009,0.0000001997,0.0000001997,1744186619.1,349.14948894859
1696847400000,2023-10-09T10:30:00Z,0.0000001997,0.0000002009,0.0000001995,0.0000001997,1536390996.4,307.42880502991
1696847700000,2023-10-09T10:35:00Z,0.0000001997,0.0000001997,0.0000001996,0.0000001996,938309489,187.3301931057
1696848000000,2023-10-09T10:40:00Z,0.0000001996,0.0000001998,0.0000001971,0.0000001971,3852395824.4,764.41180230039
1696848300000,2023-10-09T10:45:00Z,0.0000001971,0.0000001977,0.0000001956,0.0000001963,6215686462.4,1223.02847882143
1696848600000,2023-10-09T10:50:00Z,0.0000001963,0.0000001965,0.0000001954,0.0000001965,549917870.8,107.70239380595
1696848900000,2023-10-09T10:55:00Z,0.0000001965,0.0000001975,0.0000001963,0.0000001969,1991105527.4,391.87083103544
1696849200000,2023-10-09T11:00:00Z,0.0000001969,0.0000001973,0.0000001965,0.0000001967,752022296,148.1241399192
1696849500000,2023-10-09T11:05:00Z,0.0000001967,0.0000001974,0.0000001965,0.000000197,1453288600,286.2517166882
1696849800000,2023-10-09T11:10:00Z,0.000000197,0.0000001973,0.0000001968,0.0000001972,1589240890,313.2789756349
1696850100000,2023-10-09T11:15:00Z,0.0000001972,0.0000001974,0.0000001964,0.0000001967,2721160894.3,535.44322447127
1696850400000,2023-10-09T11:20:00Z,0.0000001967,0.0000001973,0.0000001965,0.0000001966,1384788453,272.4555040425
1696850700000,2023-10-09T11:25:00Z,0.0000001966,0.0000001974,0.0000001966,0.0000001973,1672046460,329.5410975731
1696851000000,2023-10-09T11:30:00Z,0.0000001973,0.0000001973,0.0000001965,0.0000001968,1812176106,356.9850923878
1696851300000,2023-10-09T11:35:00Z,0.0000001968,0.0000001974,0.0000001965,0.000000197,974882450,191.74504549
1696851600000,2023-10-09T11:40:00Z,0.000000197,0.000000197,0.000000196,0.0000001961,1319666065,258.7896565685
1696851900000,2023-10-09T11:45:00Z,0.0000001961,0.0000001963,0.000000195,0.0000001959,3485979298.7,681.73418866
1696852200000,2023-10-09T11:50:00Z,0.0000001959,0.0000001961,0.0000001952,0.000000196,2034305960,397.751136754
1696852500000,2023-10-09T11:55:00Z,0.000000196,0.000000196,0.0000001955,0.0000001955,1555855453,304.5041842259
1696852800000,2023-10-09T12:00:00Z,0.0000001955,0.0000001959,0.0000001955,0.0000001957,2390890171,468.1839066433
1696853100000,2023-10-09T12:05:00Z,0.0000001957,0.0000001963,0.0000001957,0.000000196,1001141494,196.3064795819
1696853400000,2023-10-09T12:10:00Z,0.000000196,0.0000001968,0.000000196,0.0000001962,2375293729,466.5880352915
1696853700000,2023-10-09T12:15:00Z,0.0000001962,0.0000001973,0.0000001962,0.0000001971,1928471485.6,379.72691112246
1696854000000,2023-10-09T12:20:00Z,0.0000001971,0.0000001977,0.0000001969,0.0000001969,1491811180.7,294.42273795799
1696854300000,2023-10-09T12:25:00Z,0.0000001969,0.0000001982,0.0000001969,0.0000001981,555585436,110.0908828807
1696854600000,2023-10-09T12:30:00Z,0.0000001981,0.0000001982,0.0000001976,0.0000001976,1582984056.1,312.99668593338
1696854900000,2023-10-09T12:35:00Z,0.0000001976,0.0000001982,0.0000001976,0.0000001976,1301353820,257.63919552994
1696855200000,2023-10-09T12:40:00Z,0.0000001976,0.0000001981,0.0000001976,0.0000001981,2087365461,413.3166282626
1696855500000,2023-10-09T12:45:00Z,0.0000001981,0.0000001982,0.0000001978,0.0000001978,1794279035,355.2552230541
1696855800000,2023-10-09T12:50:00Z,0.0000001978,0.0000001991,0.0000001978,0.0000001983,4662092837.3,925.8234599051
1696856100000,2023-10-09T12:55:00Z,0.0000001983,0.0000001988,0.000000198,0.000000198,2119937785.9,420.51928442509
1696856400000,2023-10-09T13:00:00Z,0.000000198,0.0000001987,0.000000198,0.0000001987,1633735787,324.0336118976
1696856700000,2023-10-09T13:05:00Z,0.0000001987,0.0000001995,0.0000001987,0.0000001995,1657085148.4,329.55765873557
1696857000000,2023-10-09T13:10:00Z,0.0000001995,0.0000002,0.0000001988,0.0000002,1032542898.4,205.84557912553
1696857300000,2023-10-09T13:15:00Z,0.0000002,0.0000002001,0.0000001988,0.0000001997,1688268554.5,336.82245541052
1696857600000,2023-10-09T13:20:00Z,0.0000001997,0.0000001999,0.0000001988,0.0000001988,1697162782,338.14740884036
1696857900000,2023-10-09T13:25:00Z,0.0000001988,0.0000001992,0.0000001987,0.0000001991,1898075254,377.6666792802
1696858200000,2023-10-09T13:30:00Z,0.0000001991,0.0000001994,0.0000001987,0.000000199,1380163194,274.9489600215
1696858500000,2023-10-09T13:35:00Z,0.000000199,0.0000001994,0.000000199,0.0000001994,1536265869,305.94390119853
1696858800000,2023-10-09T13:40:00Z,0.0000001994,0.0000001997,0.000000199,0.000000199,1392405485.8,277.36103317446
1696859100000,2023-10-09T13:45:00Z,0.000000199,0.0000001995,0.0000001988,0.0000001994,1386412564.9,276.01334651579
1696859400000,2023-10-09T13:50:00Z,0.0000001994,0.0000001996,0.0000001988,0.0000001988,1975555299,393.716810555
1696859700000,2023-10-09T13:55:00Z,0.0000001988,0.0000001993,0.0000001986,0.0000001986,783937357,155.99799641385
1696860000000,2023-10-09T14:00:00Z,0.0000001986,0.0000001993,0.0000001985,0.0000001985,704090863,139.9794766701
1696860300000,2023-10-09T14:05:00Z,0.0000001985,0.000000199,0.0000001985,0.000000199,3579115364,711.4619079999
1696860600000,2023-10-09T14:10:00Z,0.000000199,0.000000199,0.0000001987,0.0000001987,877515154,174.3824283016
1696860900000,2023-10-09T14:15:00Z,0.0000001987,0.0000001987,0.0000001987,0.0000001987,518952341.7,103.11583029579
1696861200000,2023-10-09T14:20:00Z,0.0000001987,0.0000001993,0.0000001987,0.0000001988,1375264529,273.7322775711
1696861500000,2023-10-09T14:25:00Z,0.0000001988,0.0000001994,0.0000001977,0.0000001978,1825319827.1,362.6796204152
1696861800000,2023-10-09T14:30:00Z,0.0000001978,0.0000001978,0.000000192,0.0000001956,21221930581.7,4115.23700837251
1696862100000,2023-10-09T14:35:00Z,0.0000001956,0.0000001966,0.0000001956,0.0000001963,4064614211,798.31710643317
1696862400000,2023-10-09T14:40:00Z,0.0000001963,0.0000001963,0.0000001961,0.0000001961,320895192,62.9275471512
1696862700000,2023-10-09T14:45:00Z,0.0000001961,0.0000001962,0.0000001955,0.0000001955,1046804721.1,205.07519332991
1696863000000,2023-10-09T14:50:00Z,0.0000001955,0.0000001955,0.0000001952,0.0000001952,1949480959,381.0211506692
1696863300000,2023-10-09T14:55:00Z,0.0000001952,0.000000196,0.0000001952,0.0000001953,2010889991.2,392.9720184159
1696863600000,2023-10-09T15:00:00Z,0.0000001953,0.0000001958,0.0000001952,0.0000001958,685788366.6,134.09037143712
1696863900000,2023-10-09T15:05:00Z,0.0000001958,0.0000001958,0.0000001952,0.0000001953,469692717.2,91.71495965053
1696864200000,2023-10-09T15:10:00Z,0.0000001953,0.0000001958,0.0000001952,0.0000001958,615361197,120.3690523015
1696864500000,2023-10-09T15:15:00Z,0.0000001958,0.0000001961,0.0000001954,0.0000001959,1331071790,260.7271622175
1696864800000,2023-10-09T15:20:00Z,0.0000001959,0.0000001959,0.0000001948,0.0000001948,381778690.4,74.64447758632
1696865100000,2023-10-09T15:25:00Z,0.0000001948,0.000000195,0.0000001939,0.0000001941,1830271725,356.0246566919
1696865400000,2023-10-09T15:30:00Z,0.0000001941,0.0000001949,0.0000001938,0.000000194,671443007,130.7091199393
1696865700000,2023-10-09T15:35:00Z,0.000000194,0.000000194,0.0000001932,0.0000001933,2853315810.7,551.70175319302
1696866000000,2023-10-09T15:40:00Z,0.0000001933,0.0000001946,0.0000001933,0.0000001937,1242430741,241.0866338671
1696866300000,2023-10-09T15:45:00Z,0.0000001937,0.0000001937,0.0000001934,0.0000001934,412887824,79.8742640443
1696866600000,2023-10-09T15:50:00Z,0.0000001934,0.0000001934,0.0000001915,0.0000001929,22649510830.6,4351.43415114783
1696866900000,2023-10-09T15:55:00Z,0.0000001929,0.0000001932,0.0000001928,0.0000001928,554709460,107.0985109016
1696867200000,2023-10-09T16:00:00Z,0.0000001928,0.000000193,0.0000001928,0.000000193,417502582,80.5411856672
1696867500000,2023-10-09T16:05:00Z,0.000000193,0.0000001931,0.0000001925,0.0000001928,1832896019,353.60284097173
1696867800000,2023-10-09T16:10:00Z,0.0000001928,0.0000001934,0.0000001928,0.0000001934,994174721.5,192.22374601125
1696868100000,2023-10-09T16:15:00Z,0.0000001934,0.0000001934,0.0000001928,0.0000001934,1019604026.5,196.8381270132
1696868400000,2023-10-09T16:20:00Z,0.0000001934,0.0000001934,0.0000001929,0.0000001929,1429138251,275.9166142489
1696868700000,2023-10-09T16:25:00Z,0.0000001929,0.000000193,0.0000001928,0.0000001928,326010008.5,62.891178483
1696869000000,2023-10-09T16:30:00Z,0.0000001928,0.0000001934,0.0000001926,0.0000001931,828903686,159.9240994774
1696869300000,2023-10-09T16:35:00Z,0.0000001931,0.0000001931,0.000000191,0.0000001922,6799290255,1304.0962061817
1696869600000,2023-10-09T16:40:00Z,0.0000001922,0.0000001922,0.0000001919,0.0000001919,513404682,98.5724077029
1696869900000,2023-10-09T16:45:00Z,0.0000001919,0.000000192,0.0000001911,0.000000192,1092672594,209.2617778614
1696870200000,2023-10-09T16:50:00Z,0.000000192,0.000000192,0.0000001912,0.0000001919,738437185,141.510814255
1696870500000,2023-10-09T16:55:00Z,0.0000001919,0.0000001925,0.0000001919,0.0000001921,5688916888.4,1094.86281512843
1696870800000,2023-10-09T17:00:00Z,0.0000001921,0.0000001929,0.0000001917,0.0000001923,8462781904.7,1629.90403987139
1696871100000,2023-10-09T17:05:00Z,0.0000001923,0.000000193,0.0000001916,0.0000001922,898082508,172.6770048368
1696871400000,2023-10-09T17:10:00Z,0.0000001922,0.0000001929,0.0000001922,0.0000001928,658898675,126.9355082604
1696871700000,2023-10-09T17:15:00Z,0.0000001928,0.0000001932,0.0000001927,0.0000001931,1449452399,279.782161227
1696872000000,2023-10-09T17:20:00Z,0.0000001931,0.0000001932,0.000000193,0.000000193,1360566955,262.7676985123
1696872300000,2023-10-09T17:25:00Z,0.000000193,0.0000001947,0.000000193,0.0000001947,300325531.3,58.16671297732
1696872600000,2023-10-09T17:30:00Z,0.0000001947,0.0000001954,0.0000001939,0.0000001953,1717024724.1,334.60179099661
1696872900000,2023-10-09T17:35:00Z,0.0000001953,0.0000001959,0.0000001948,0.0000001956,1635739961,319.76732665059
1696873200000,2023-10-09T17:40:00Z,0.0000001956,0.0000001956,0.0000001949,0.0000001949,115094493,22.4319166857
1696873500000,2023-10-09T17:45:00Z,0.0000001949,0.0000001949,0.0000001949,0.0000001949,0,0
1696873800000,2023-10-09T17:50:00Z,0.0000001949,0.0000001949,0.0000001949,0.0000001949,0,0
1696874100000,2023-10-09T17:55:00Z,0.0000001949,0.0000001956,0.0000001949,0.0000001953,598532697.4,116.98263391376
1696874400000,2023-10-09T18:00:00Z,0.0000001953,0.0000001961,0.0000001953,0.000000196,1532341617,300.0353673731
1696874700000,2023-10-09T18:05:00Z,0.000000196,0.0000001963,0.0000001959,0.0000001963,997105061.8,195.54257797981
1696875000000,2023-10-09T18:10:00Z,0.0000001963,0.0000001963,0.0000001958,0.000000196,1515131976,296.971606746
1696875300000,2023-10-09T18:15:00Z,0.000000196,0.0000001963,0.000000196,0.0000001963,539294656,105.8432223527
1696875600000,2023-10-09T18:20:00Z,0.0000001963,0.0000001963,0.0000001959,0.0000001963,716433889.4,140.50361762156
1696875900000,2023-10-09T18:25:00Z,0.0000001963,0.0000001963,0.0000001958,0.0000001963,1046160779,205.2999355702
1696876200000,2023-10-09T18:30:00Z,0.0000001963,0.0000001964,0.0000001959,0.0000001963,779500059.8,152.84417526042
1696876500000,2023-10-09T18:35:00Z,0.0000001963,0.0000001963,0.0000001957,0.0000001963,1210980001.9,237.39483337818
1696876800000,2023-10-09T18:40:00Z,0.0000001963,0.0000001963,0.0000001958,0.0000001962,1483866884,290.9334524549
1696877100000,2023-10-09T18:45:00Z,0.0000001962,0.0000001964,0.0000001959,0.000000196,1033939645,202.8965156703
1696877400000,2023-10-09T18:50:00Z,0.000000196,0.000000196,0.0000001951,0.0000001951,2215543048,433.47489647899
1696877700000,2023-10-09T18:55:00Z,0.0000001951,0.0000001958,0.0000001951,0.0000001958,2195191168,428.6958610034
1696878000000,2023-10-09T19:00:00Z,0.0000001958,0.0000001958,0.0000001936,0.0000001944,2594852461.6,504.46966104828
1696878300000,2023-10-09T19:05:00Z,0.0000001944,0.0000001947,0.0000001939,0.0000001944,1132881821,220.1094112064
1696878600000,2023-10-09T19:10:00Z,0.0000001944,0.0000001944,0.0000001938,0.0000001938,920110229,178.4191947553
1696878900000,2023-10-09T19:15:00Z,0.0000001938,0.0000001943,0.0000001937,0.0000001938,2468920056.3,479.14817047154
1696879200000,2023-10-09T19:20:00Z,0.0000001938,0.0000001943,0.0000001936,0.0000001939,1225116281.8,237.67708385454
1696879500000,2023-10-09T19:25:00Z,0.0000001939,0.0000001943,0.0000001936,0.0000001943,1251484800,242.5404285338
1696879800000,2023-10-09T19:30:00Z,0.0000001943,0.0000001949,0.0000001939,0.0000001941,1675049752.9,325.93064313382
1696880100000,2023-10-09T19:35:00Z,0.0000001941,0.0000001945,0.0000001937,0.0000001944,2708613588,526.4075364662
1696880400000,2023-10-09T19:40:00Z,0.0000001944,0.0000001947,0.000000194,0.0000001944,1615732660.3,314.03351899399
1696880700000,2023-10-09T19:45:00Z,0.0000001944,0.000000195,0.0000001942,0.0000001943,1217729075.8,236.94007614894
1696881000000,2023-10-09T19:50:00Z,0.0000001943,0.0000001949,0.000000194,0.0000001948,1234689618,240.0320371525
1696881300000,2023-10-09T19:55:00Z,0.0000001948,0.0000001948,0.0000001938,0.0000001944,1530408599,297.3211535728
1696881600000,2023-10-09T20:00:00Z,0.0000001944,0.0000001947,0.0000001937,0.0000001944,1811975176,351.751662901
1696881900000,2023-10-09T20:05:00Z,0.0000001944,0.0000001946,0.0000001938,0.0000001938,1626781281,315.7064276514
1696882200000,2023-10-09T20:10:00Z,0.0000001938,0.0000001949,0.0000001937,0.0000001949,7910983656.4,1538.00126417856
1696882500000,2023-10-09T20:15:00Z,0.0000001949,0.0000001949,0.0000001932,0.0000001934,2075300733.5,402.07363323846
1696882800000,2023-10-09T20:20:00Z,0.0000001934,0.0000001938,0.0000001933,0.0000001934,2944150045,569.5926484372
1696883100000,2023-10-09T20:25:00Z,0.0000001934,0.0000001936,0.0000001932,0.0000001935,2769656741,535.6904792709
1696883400000,2023-10-09T20:30:00Z,0.0000001935,0.0000001937,0.0000001935,0.0000001936,1387014680,268.5827257634
1696883700000,2023-10-09T20:35:00Z,0.0000001936,0.0000001938,0.0000001935,0.0000001936,1607083213,311.1859523672
1696884000000,2023-10-09T20:40:00Z,0.0000001936,0.0000001941,0.0000001935,0.0000001941,2112429984.6,409.12946144784
1696884300000,2023-10-09T20:45:00Z,0.0000001941,0.0000001943,0.0000001927,0.0000001931,3136890583.2,606.58665625633
1696884600000,2023-10-09T20:50:00Z,0.0000001931,0.0000001937,0.0000001926,0.0000001931,2671046126,515.9267523446
1696884900000,2023-10-09T20:55:00Z,0.0000001931,0.0000001937,0.0000001929,0.000000193,2504437398,483.7942795557
1696885200000,2023-10-09T21:00:00Z,0.000000193,0.0000001937,0.0000001928,0.0000001935,1839291535,355.230131861
1696885500000,2023-10-09T21:05:00Z,0.0000001935,0.0000001936,0.0000001929,0.0000001936,731237189,141.4713039081
1696885800000,2023-10-09T21:10:00Z,0.0000001936,0.0000001941,0.0000001931,0.0000001939,2936119893,568.5002110001
1696886100000,2023-10-09T21:15:00Z,0.0000001939,0.000000194,0.0000001932,0.000000194,593583547,115.0710112663
1696886400000,2023-10-09T21:20:00Z,0.000000194,0.0000001941,0.0000001932,0.0000001932,1005927405.2,194.58521237116
1696886700000,2023-10-09T21:25:00Z,0.0000001932,0.0000001939,0.0000001932,0.0000001932,696507915,134.6163210189
1696887000000,2023-10-09T21:30:00Z,0.0000001932,0.0000001944,0.0000001932,0.0000001944,2185685120,423.62792248581
1696887300000,2023-10-09T21:35:00Z,0.0000001944,0.0000001945,0.0000001936,0.0000001945,794724253,154.3976060161
1696887600000,2023-10-09T21:40:00Z,0.0000001945,0.0000001946,0.0000001943,0.0000001944,502396309,97.6771034596
1696887900000,2023-10-09T21:45:00Z,0.0000001944,0.0000001944,0.0000001937,0.0000001944,1515270669,294.3324853743
1696888200000,2023-10-09T21:50:00Z,0.0000001944,0.0000001946,0.0000001937,0.0000001941,1293962349,251.2636368777
1696888500000,2023-10-09T21:55:00Z,0.0000001941,0.0000001947,0.0000001939,0.0000001947,1103993779,214.7611609994
1696888800000,2023-10-09T22:00:00Z,0.0000001947,0.0000001947,0.0000001945,0.0000001947,830837810,161.732170809
1696889100000,2023-10-09T22:05:00Z,0.0000001947,0.0000001947,0.0000001943,0.0000001946,1571584409.7,305.91540025941
1696889400000,2023-10-09T22:10:00Z,0.0000001946,0.0000001947,0.0000001946,0.0000001946,1575875306,306.6984492581
1696889700000,2023-10-09T22:15:00Z,0.0000001946,0.0000001951,0.0000001945,0.0000001951,1655902290.7,322.44531705156
1696890000000,2023-10-09T22:20:00Z,0.0000001951,0.0000001953,0.0000001943,0.0000001945,1910000358,371.86191456128
1696890300000,2023-10-09T22:25:00Z,0.0000001945,0.0000001952,0.0000001945,0.0000001952,1582741393,308.7015497076
1696890600000,2023-10-09T22:30:00Z,0.0000001952,0.0000001953,0.0000001946,0.0000001952,1743500523,339.8571390102
1696890900000,2023-10-09T22:35:00Z,0.0000001952,0.0000001953,0.000000195,0.0000001951,1633365333,318.8315081815
1696891200000,2023-10-09T22:40:00Z,0.0000001951,0.0000001953,0.0000001949,0.0000001951,2225169638.8,434.21075007762
1696891500000,2023-10-09T22:45:00Z,0.0000001951,0.0000001953,0.0000001951,0.0000001953,482579009,94.2476804577
1696891800000,2023-10-09T22:50:00Z,0.0000001953,0.0000001953,0.0000001951,0.0000001951,425989830,83.1845756462
1696892100000,2023-10-09T22:55:00Z,0.0000001951,0.0000001954,0.0000001951,0.0000001954,6337054.7,1.23826048838
1696892400000,2023-10-09T23:00:00Z,0.0000001954,0.0000001954,0.0000001951,0.0000001954,1117987064,218.2772881255
1696892700000,2023-10-09T23:05:00Z,0.0000001954,0.0000001954,0.0000001951,0.0000001951,651297061,127.1620837927
1696893000000,2023-10-09T23:10:00Z,0.0000001951,0.0000001954,0.000000195,0.0000001954,1931212249,376.9658552304
1696893300000,2023-10-09T23:15:00Z,0.0000001954,0.0000001954,0.000000195,0.000000195,1661240026,324.4467155676
1696893600000,2023-10-09T23:20:00Z,0.000000195,0.0000001976,0.000000195,0.0000001969,1372643805.7,269.79903862908
1696893900000,2023-10-09T23:25:00Z,0.0000001969,0.000000197,0.0000001959,0.000000196,1364846047,268.314690456
1696894200000,2023-10-09T23:30:00Z,0.000000196,0.000000196,0.000000196,0.000000196,565983921,110.932848516
1696894500000,2023-10-09T23:35:00Z,0.000000196,0.0000001966,0.000000196,0.0000001964,1003183694,196.9894960892
1696894800000,2023-10-09T23:40:00Z,0.0000001964,0.0000001966,0.0000001953,0.0000001963,208302351.4,40.86409161197
1696895100000,2023-10-09T23:45:00Z,0.0000001963,0.0000001963,0.0000001956,0.0000001962,789617321,154.820246349
1696895400000,2023-10-09T23:50:00Z,0.0000001962,0.0000001962,0.0000001955,0.0000001955,298079896,58.2810963827
1696895700000,2023-10-09T23:55:00Z,0.0000001955,0.0000001959,0.0000001953,0.0000001953,1109584889.6,217.15785625646
1696896000000,2023-10-10T00:00:00Z,0.0000001953,0.0000001958,0.0000001953,0.0000001958,53538161,10.4827719238
1696896300000,2023-10-10T00:05:00Z,0.0000001958,0.0000001958,0.0000001958,0.0000001958,0,0
1696896600000,2023-10-10T00:10:00Z,0.0000001958,0.0000001958,0.0000001954,0.0000001958,635960848,124.4527934596
1696896900000,2023-10-10T00:15:00Z,0.0000001958,0.0000001958,0.0000001951,0.0000001955,90365517,17.6489822683
1696897200000,2023-10-10T00:20:00Z,0.0000001955,0.0000001955,0.0000001953,0.0000001954,511677010,99.9535039445
1696897500000,2023-10-10T00:25:00Z,0.0000001954,0.0000001964,0.0000001954,0.0000001954,369611187,72.3579316772
1696897800000,2023-10-10T00:30:00Z,0.0000001954,0.0000001962,0.0000001954,0.0000001962,162406553,31.824691107
1696898100000,2023-10-10T00:35:00Z,0.0000001962,0.0000001962,0.0000001955,0.0000001959,1044001981,204.4995187993
1696898400000,2023-10-10T00:40:00Z,0.0000001959,0.0000001959,0.0000001956,0.0000001956,107587717,21.0613991019
1696898700000,2023-10-10T00:45:00Z,0.0000001956,0.0000001962,0.0000001956,0.0000001962,516672932,101.2076190644
1696899000000,2023-10-10T00:50:00Z,0.0000001962,0.0000001962,0.0000001958,0.0000001958,323158469,63.2744282302
1696899300000,2023-10-10T00:55:00Z,0.0000001958,0.0000001958,0.0000001958,0.0000001958,225204883,44.0951160914
1696899600000,2023-10-10T01:00:00Z,0.0000001958,0.0000001963,0.0000001958,0.0000001958,790133579,154.9374452745
1696899900000,2023-10-10T01:05:00Z,0.0000001958,0.0000001958,0.0000001958,0.0000001958,167267177,32.7509132566
1696900200000,2023-10-10T01:10:00Z,0.0000001958,0.0000001958,0.0000001958,0.0000001958,0,0
1696900500000,2023-10-10T01:15:00Z,0.0000001958,0.0000001958,0.0000001958,0.0000001958,41708068,8.1664397144
1696900800000,2023-10-10T01:20:00Z,0.0000001958,0.0000001964,0.0000001956,0.0000001964,129023601,25.340235234
1696901100000,2023-10-10T01:25:00Z,0.0000001964,0.0000001964,0.0000001956,0.0000001956,54383416,10.6373961696
1696901400000,2023-10-10T01:30:00Z,0.0000001956,0.0000001964,0.0000001956,0.0000001964,93898420,18.441649688
1696901700000,2023-10-10T01:35:00Z,0.0000001964,0.0000001964,0.0000001962,0.0000001962,193320543,37.9294905366
1696902000000,2023-10-10T01:40:00Z,0.0000001962,0.0000001962,0.0000001951,0.0000001951,936090423,183.1134282219
1696902300000,2023-10-10T01:45:00Z,0.0000001951,0.0000001954,0.0000001951,0.0000001954,167989721,32.8251914834
1696902600000,2023-10-10T01:50:00Z,0.0000001954,0.0000001956,0.0000001944,0.0000001956,2228168752,433.9314181683
1696902900000,2023-10-10T01:55:00Z,0.0000001956,0.0000001957,0.000000195,0.000000195,201552335,39.3359548546
1696903200000,2023-10-10T02:00:00Z,0.000000195,0.000000195,0.000000195,0.000000195,198748857,38.756027115
1696903500000,2023-10-10T02:05:00Z,0.000000195,0.000000195,0.000000195,0.000000195,22039961.4,4.297792473
1696903800000,2023-10-10T02:10:00Z,0.000000195,0.000000195,0.000000195,0.000000195,0,0
1696904100000,2023-10-10T02:15:00Z,0.000000195,0.0000001951,0.000000195,0.0000001951,263954970,51.497614647
1696904400000,2023-10-10T02:20:00Z,0.0000001951,0.0000001951,0.0000001944,0.0000001944,84223248.3,16.40773485369
1696904700000,2023-10-10T02:25:00Z,0.0000001944,0.0000001946,0.0000001944,0.0000001946,525982015,102.356100119
1696905000000,2023-10-10T02:30:00Z,0.0000001946,0.0000001949,0.0000001936,0.0000001936,662565292.9,128.77922554237
1696905300000,2023-10-10T02:35:00Z,0.0000001936,0.0000001936,0.0000001925,0.0000001933,466835855.9,90.10745631333
1696905600000,2023-10-10T02:40:00Z,0.0000001933,0.0000001933,0.0000001933,0.0000001933,80115734,15.4863713822
1696905900000,2023-10-10T02:45:00Z,0.0000001933,0.0000001933,0.0000001933,0.0000001933,0,0
1696906200000,2023-10-10T02:50:00Z,0.0000001933,0.0000001933,0.0000001933,0.0000001933,0,0
1696906500000,2023-10-10T02:55:00Z,0.0000001933,0.0000001933,0.0000001927,0.0000001927,151513689,29.1966878703
1696906800000,2023-10-10T03:00:00Z,0.0000001927,0.0000001931,0.0000001927,0.0000001931,417795244,80.5802630858
1696907100000,2023-10-10T03:05:00Z,0.0000001931,0.0000001931,0.0000001923,0.0000001923,551179366,106.33040321482
1696907400000,2023-10-10T03:10:00Z,0.0000001923,0.0000001926,0.0000001923,0.0000001926,205383947,39.5318316548
1696907700000,2023-10-10T03:15:00Z,0.0000001926,0.0000001926,0.0000001926,0.0000001926,0,0
1696908000000,2023-10-10T03:20:00Z,0.0000001926,0.0000001926,0.0000001923,0.0000001923,110075520,21.1783716154
1696908300000,2023-10-10T03:25:00Z,0.0000001923,0.0000001923,0.0000001923,0.0000001923,54310234,10.4438579982
1696908600000,2023-10-10T03:30:00Z,0.0000001923,0.0000001929,0.0000001922,0.0000001929,48637460,9.3583287718
1696908900000,2023-10-10T03:35:00Z,0.0000001929,0.0000001929,0.0000001926,0.0000001929,241802084.1,46.60995563679
1696909200000,2023-10-10T03:40:00Z,0.0000001929,0.0000001931,0.0000001929,0.0000001929,163153424,31.5037573924
1696909500000,2023-10-10T03:45:00Z,0.0000001929,0.000000193,0.000000192,0.0000001922,2683964412,515.95225209661
1696909800000,2023-10-10T03:50:00Z,0.0000001922,0.0000001923,0.0000001918,0.0000001918,1250000000,240.22435275896
1696910100000,2023-10-10T03:55:00Z,0.0000001918,0.0000001931,0.0000001918,0.000000193,466519645,90.0429952342
1696910400000,2023-10-10T04:00:00Z,0.000000193,0.0000001932,0.000000193,0.0000001932,15527950.3,2.99999999796
1696910700000,2023-10-10T04:05:00Z,0.0000001932,0.0000001932,0.0000001922,0.0000001922,256220002,49.2454843844
1696911000000,2023-10-10T04:10:00Z,0.0000001922,0.0000001922,0.000000192,0.0000001921,2198997628,422.37841590615
1696911300000,2023-10-10T04:15:00Z,0.0000001921,0.0000001921,0.0000001912,0.0000001912,309164097.8,59.1728154564
1696911600000,2023-10-10T04:20:00Z,0.0000001912,0.0000001917,0.0000001912,0.0000001913,450710649.9,86.27857957876
1696911900000,2023-10-10T04:25:00Z,0.0000001913,0.0000001914,0.0000001913,0.0000001914,184628969,35.3379846666
1696912200000,2023-10-10T04:30:00Z,0.0000001914,0.0000001917,0.0000001914,0.0000001917,101825583,19.5199642611
1696912500000,2023-10-10T04:35:00Z,0.0000001917,0.0000001917,0.0000001915,0.0000001916,230590838,44.1741136664
1696912800000,2023-10-10T04:40:00Z,0.0000001916,0.0000001916,0.0000001916,0.0000001916,180448928,34.5740146048
1696913100000,2023-10-10T04:45:00Z,0.0000001916,0.0000001916,0.0000001913,0.0000001913,327634664,62.6765112232
1696913400000,2023-10-10T04:50:00Z,0.0000001913,0.0000001913,0.0000001913,0.0000001913,11842204,2.2654136252
1696913700000,2023-10-10T04:55:00Z,0.0000001913,0.0000001913,0.0000001913,0.0000001913,0,0
1696914000000,2023-10-10T05:00:00Z,0.0000001913,0.0000001913,0.0000001913,0.0000001913,0,0
1696914300000,2023-10-10T05:05:00Z,0.0000001913,0.0000001917,0.0000001913,0.0000001917,25376776,4.8610182128
1696914600000,2023-10-10T05:10:00Z,0.0000001917,0.0000001917,0.0000001914,0.0000001914,1001502684.3,191.81369277371
1696914900000,2023-10-10T05:15:00Z,0.0000001914,0.0000001916,0.0000001914,0.0000001916,774260793,148.325766216
1696915200000,2023-10-10T05:20:00Z,0.0000001916,0.0000001916,0.0000001916,0.0000001916,229844236,44.0381556176
1696915500000,2023-10-10T05:25:00Z,0.0000001916,0.0000001916,0.0000001914,0.0000001914,225975190,43.251651366
1696915800000,2023-10-10T05:30:00Z,0.0000001914,0.0000001914,0.0000001914,0.0000001914,63830018,12.2170654452
1696916100000,2023-10-10T05:35:00Z,0.0000001914,0.0000001918,0.0000001914,0.0000001917,287348695,55.0999396707
1696916400000,2023-10-10T05:40:00Z,0.0000001917,0.0000001918,0.0000001915,0.0000001915,190896297.3,36.59081879304
1696916700000,2023-10-10T05:45:00Z,0.0000001915,0.0000001915,0.0000001915,0.0000001915,253523934,48.549833361
1696917000000,2023-10-10T05:50:00Z,0.0000001915,0.0000001915,0.0000001915,0.0000001915,479574323.1,91.83848287365
1696917300000,2023-10-10T05:55:00Z,0.0000001915,0.0000001915,0.0000001915,0.0000001915,0,0
1696917600000,2023-10-10T06:00:00Z,0.0000001915,0.0000001915,0.0000001915,0.0000001915,0,0
1696917900000,2023-10-10T06:05:00Z,0.0000001915,0.0000001921,0.0000001915,0.0000001921,510771327,98.1191719167
1696918200000,2023-10-10T06:10:00Z,0.0000001921,0.0000001924,0.0000001919,0.0000001924,262175046,50.3934466959
1696918500000,2023-10-10T06:15:00Z,0.0000001924,0.0000001924,0.0000001916,0.0000001916,251411865,48.2703816935
1696918800000,2023-10-10T06:20:00Z,0.0000001916,0.0000001922,0.0000001916,0.0000001922,215605371,41.4393523062
1696919100000,2023-10-10T06:25:00Z,0.0000001922,0.0000001924,0.0000001922,0.0000001924,442322027,85.0513159754
1696919400000,2023-10-10T06:30:00Z,0.0000001924,0.0000001928,0.000000192,0.0000001921,2648756781.7,509.52921024901
1696919700000,2023-10-10T06:35:00Z,0.0000001921,0.0000001927,0.0000001921,0.0000001923,1255418220,241.679572934
1696920000000,2023-10-10T06:40:00Z,0.0000001923,0.0000001923,0.0000001921,0.0000001923,168820663.2,32.44623732512
1696920300000,2023-10-10T06:45:00Z,0.0000001923,0.0000001926,0.0000001923,0.0000001924,508096785,97.8083573724
1696920600000,2023-10-10T06:50:00Z,0.0000001924,0.0000001924,0.0000001924,0.0000001924,0,0
1696920900000,2023-10-10T06:55:00Z,0.0000001924,0.0000001924,0.0000001924,0.0000001924,0,0
1696921200000,2023-10-10T07:00:00Z,0.0000001924,0.0000001932,0.0000001921,0.0000001925,1572632314.7,303.29035312586
1696921500000,2023-10-10T07:05:00Z,0.0000001925,0.0000001926,0.0000001922,0.0000001925,630889300.9,121.42218406498
1696921800000,2023-10-10T07:10:00Z,0.0000001925,0.0000001925,0.0000001924,0.0000001924,575637907,110.7597009609
1696922100000,2023-10-10T07:15:00Z,0.0000001924,0.0000001926,0.0000001922,0.0000001922,713096349,137.26148308917
1696922400000,2023-10-10T07:20:00Z,0.0000001922,0.0000001924,0.0000001922,0.0000001924,1222739838,235.1069869383
1696922700000,2023-10-10T07:25:00Z,0.0000001924,0.0000001924,0.0000001924,0.0000001924,324784011,62.4884437164
1696923000000,2023-10-10T07:30:00Z,0.0000001924,0.0000001924,0.0000001922,0.0000001922,356870731,68.622108304
1696923300000,2023-10-10T07:35:00Z,0.0000001922,0.0000001924,0.0000001922,0.0000001924,590307281,113.5436322131
1696923600000,2023-10-10T07:40:00Z,0.0000001924,0.0000001924,0.0000001919,0.0000001919,85067543,16.3495324937
1696923900000,2023-10-10T07:45:00Z,0.0000001919,0.0000001924,0.0000001919,0.0000001921,306784673,58.9506577975
1696924200000,2023-10-10T07:50:00Z,0.0000001921,0.0000001921,0.0000001915,0.0000001919,767201688,147.2403384122
1696924500000,2023-10-10T07:55:00Z,0.0000001919,0.000000192,0.0000001912,0.000000192,310093136.6,59.41507389252
1696924800000,2023-10-10T08:00:00Z,0.000000192,0.0000001921,0.000000192,0.000000192,1279166512,245.61170873405
1696925100000,2023-10-10T08:05:00Z,0.000000192,0.000000192,0.0000001918,0.000000192,540704533,103.7505570158
1696925400000,2023-10-10T08:10:00Z,0.000000192,0.000000192,0.0000001913,0.0000001913,944228799,180.9633862399
1696925700000,2023-10-10T08:15:00Z,0.0000001913,0.0000001918,0.0000001913,0.0000001913,676159257,129.4842693629
1696926000000,2023-10-10T08:20:00Z,0.0000001913,0.0000001921,0.0000001913,0.000000192,826033485,158.3741239082
1696926300000,2023-10-10T08:25:00Z,0.000000192,0.000000192,0.0000001916,0.0000001916,552312892,105.8548531714
1696926600000,2023-10-10T08:30:00Z,0.0000001916,0.0000001917,0.0000001915,0.0000001915,472141359,90.48063220601
1696926900000,2023-10-10T08:35:00Z,0.0000001915,0.0000001921,0.0000001913,0.0000001921,957635366.9,183.81418251528
1696927200000,2023-10-10T08:40:00Z,0.0000001921,0.0000001923,0.0000001918,0.0000001918,640793292.3,123.02468140549
1696927500000,2023-10-10T08:45:00Z,0.0000001918,0.000000192,0.0000001918,0.000000192,537462224,103.1843228348
1696927800000,2023-10-10T08:50:00Z,0.000000192,0.0000001924,0.000000192,0.0000001922,1038329633,199.66539026191
1696928100000,2023-10-10T08:55:00Z,0.0000001922,0.0000001922,0.0000001921,0.0000001921,221485717,42.5474062357
1696928400000,2023-10-10T09:00:00Z,0.0000001921,0.0000001921,0.0000001921,0.0000001921,61346578,11.7846776338
1696928700000,2023-10-10T09:05:00Z,0.0000001921,0.0000001924,0.0000001921,0.0000001924,1097909677,211.2378218548
1696929000000,2023-10-10T09:10:00Z,0.0000001924,0.0000001924,0.000000192,0.0000001921,1200727142,230.7491227184
1696929300000,2023-10-10T09:15:00Z,0.0000001921,0.0000001924,0.0000001921,0.0000001924,45316732,8.7189392368
1696929600000,2023-10-10T09:20:00Z,0.0000001924,0.0000001924,0.0000001924,0.0000001924,0,0
1696929900000,2023-10-10T09:25:00Z,0.0000001924,0.0000001924,0.0000001924,0.0000001924,0,0
1696930200000,2023-10-10T09:30:00Z,0.0000001924,0.0000001924,0.000000192,0.0000001924,1481391789.8,284.86606044572
1696930500000,2023-10-10T09:35:00Z,0.0000001924,0.0000001925,0.0000001924,0.0000001925,287998121,55.4113986849
1696930800000,2023-10-10T09:40:00Z,0.0000001925,0.000000193,0.0000001925,0.0000001925,1047265503,201.8403934445
1696931100000,2023-10-10T09:45:00Z,0.0000001925,0.000000193,0.0000001925,0.000000193,1859461033,358.8468932036
1696931400000,2023-10-10T09:50:00Z,0.000000193,0.000000193,0.0000001927,0.0000001927,592295129,114.1352713583
1696931700000,2023-10-10T09:55:00Z,0.0000001927,0.0000001932,0.0000001925,0.0000001929,2040201624,393.58738906685
1696932000000,2023-10-10T10:00:00Z,0.0000001929,0.0000001931,0.0000001925,0.0000001931,1375220104,265.1134494012
1696932300000,2023-10-10T10:05:00Z,0.0000001931,0.0000001931,0.0000001923,0.0000001927,979741412,188.6994280058
1696932600000,2023-10-10T10:10:00Z,0.0000001927,0.0000001928,0.0000001925,0.0000001925,1671950202,322.0469411703
1696932900000,2023-10-10T10:15:00Z,0.0000001925,0.0000001928,0.0000001925,0.0000001925,642887570,123.7924423918
1696933200000,2023-10-10T10:20:00Z,0.0000001925,0.0000001929,0.0000001925,0.0000001925,1918119717,369.367361084
1696933500000,2023-10-10T10:25:00Z,0.0000001925,0.0000001928,0.0000001925,0.0000001927,1191012953,229.3505904301
1696933800000,2023-10-10T10:30:00Z,0.0000001927,0.000000193,0.0000001925,0.0000001925,965924502,186.113220261
1696934100000,2023-10-10T10:35:00Z,0.0000001925,0.0000001929,0.0000001924,0.0000001924,1769163326,340.9933164902
1696934400000,2023-10-10T10:40:00Z,0.0000001924,0.0000001927,0.0000001924,0.0000001925,2279128524,438.78575196692
1696934700000,2023-10-10T10:45:00Z,0.0000001925,0.0000001928,0.0000001924,0.0000001924,493566606,95.0554034001
1696935000000,2023-10-10T10:50:00Z,0.0000001924,0.0000001926,0.0000001924,0.0000001924,1105311906,212.746059867
1696935300000,2023-10-10T10:55:00Z,0.0000001924,0.0000001926,0.0000001921,0.0000001923,1168667486.1,224.93651270061
1696935600000,2023-10-10T11:00:00Z,0.0000001923,0.0000001926,0.0000001923,0.0000001926,1327523237,255.4340253204
1696935900000,2023-10-10T11:05:00Z,0.0000001926,0.0000001926,0.0000001921,0.0000001926,1628222384,313.3013671227
1696936200000,2023-10-10T11:10:00Z,0.0000001926,0.0000001926,0.000000192,0.000000192,1265821356,243.5033786005
1696936500000,2023-10-10T11:15:00Z,0.000000192,0.0000001926,0.000000192,0.0000001926,1803706099.9,346.8982245817
1696936800000,2023-10-10T11:20:00Z,0.0000001926,0.0000001926,0.0000001919,0.0000001921,2607592809.1,501.51250433269
1696937100000,2023-10-10T11:25:00Z,0.0000001921,0.0000001926,0.0000001919,0.0000001923,1592345434.8,306.13816000382
1696937400000,2023-10-10T11:30:00Z,0.0000001923,0.0000001926,0.000000192,0.000000192,1326113675,254.8886158899
1696937700000,2023-10-10T11:35:00Z,0.000000192,0.0000001929,0.000000192,0.0000001929,1187051308.9,228.39167217611
1696938000000,2023-10-10T11:40:00Z,0.0000001929,0.0000001929,0.0000001921,0.0000001921,1898364538,365.4452389999
1696938300000,2023-10-10T11:45:00Z,0.0000001921,0.0000001928,0.0000001919,0.0000001921,1541323357,296.5829507757
1696938600000,2023-10-10T11:50:00Z,0.0000001921,0.0000001924,0.0000001919,0.000000192,2199655538,422.51918080561
1696938900000,2023-10-10T11:55:00Z,0.000000192,0.0000001923,0.0000001918,0.0000001923,1410173479,270.8313729458
1696939200000,2023-10-10T12:00:00Z,0.0000001923,0.0000001924,0.0000001918,0.000000192,1393809670.2,267.94640261308
1696939500000,2023-10-10T12:05:00Z,0.000000192,0.0000001926,0.0000001918,0.0000001918,2193350218,421.5752712955
1696939800000,2023-10-10T12:10:00Z,0.0000001918,0.0000001924,0.0000001913,0.0000001919,2859754407,549.00367001607
1696940100000,2023-10-10T12:15:00Z,0.0000001919,0.0000001924,0.0000001914,0.0000001918,1751216237,336.2092975351
1696940400000,2023-10-10T12:20:00Z,0.0000001918,0.0000001924,0.0000001918,0.0000001924,1507396101,289.9385827104
1696940700000,2023-10-10T12:25:00Z,0.0000001924,0.0000001924,0.0000001921,0.0000001922,1378461304,265.0738643349
1696941000000,2023-10-10T12:30:00Z,0.0000001922,0.0000001924,0.0000001915,0.0000001922,2077289673.4,399.26688023205
1696941300000,2023-10-10T12:35:00Z,0.0000001922,0.0000001924,0.000000192,0.0000001922,1608756608,309.3549754884
1696941600000,2023-10-10T12:40:00Z,0.0000001922,0.0000001924,0.0000001908,0.000000192,4968226734,951.42684704833
1696941900000,2023-10-10T12:45:00Z,0.000000192,0.000000192,0.0000001904,0.0000001904,1458842042,278.2583678108
1696942200000,2023-10-10T12:50:00Z,0.0000001904,0.000000191,0.0000001891,0.0000001895,2687775387.4,510.75905854544
1696942500000,2023-10-10T12:55:00Z,0.0000001895,0.0000001897,0.0000001895,0.0000001897,89344315,16.9486165555
1696942800000,2023-10-10T13:00:00Z,0.0000001897,0.0000001897,0.0000001897,0.0000001897,0,0
1696943100000,2023-10-10T13:05:00Z,0.0000001897,0.0000001897,0.0000001891,0.0000001891,232788006.1,44.13660595651
1696943400000,2023-10-10T13:10:00Z,0.0000001891,0.0000001894,0.0000001891,0.0000001894,219176372,41.5120048568
1696943700000,2023-10-10T13:15:00Z,0.0000001894,0.0000001894,0.0000001894,0.0000001894,0,0
1696944000000,2023-10-10T13:20:00Z,0.0000001894,0.0000001897,0.0000001894,0.0000001897,1690305607,320.2933301749
1696944300000,2023-10-10T13:25:00Z,0.0000001897,0.0000001897,0.000000189,0.000000189,140306023.2,26.6143437105
1696944600000,2023-10-10T13:30:00Z,0.000000189,0.0000001902,0.000000189,0.0000001899,1234159641,234.3606348336
1696944900000,2023-10-10T13:35:00Z,0.0000001899,0.0000001904,0.0000001898,0.0000001899,906417916,172.261813226
1696945200000,2023-10-10T13:40:00Z,0.0000001899,0.0000001899,0.0000001889,0.0000001889,2170048203,411.34017723228
1696945500000,2023-10-10T13:45:00Z,0.0000001889,0.0000001899,0.0000001889,0.0000001897,1393904342.9,264.34856902857
1696945800000,2023-10-10T13:50:00Z,0.0000001897,0.0000001904,0.0000001897,0.0000001899,2024670734,384.4007282861
1696946100000,2023-10-10T13:55:00Z,0.0000001899,0.0000001903,0.0000001897,0.0000001899,870571536.5,165.36688985605
1696946400000,2023-10-10T14:00:00Z,0.0000001899,0.0000001905,0.0000001899,0.0000001905,1232162980,234.3306278538
1696946700000,2023-10-10T14:05:00Z,0.0000001905,0.0000001908,0.0000001901,0.0000001908,1340678005,255.2162508067
1696947000000,2023-10-10T14:10:00Z,0.0000001908,0.000000191,0.0000001908,0.0000001909,590207269,112.674484866
1696947300000,2023-10-10T14:15:00Z,0.0000001909,0.000000191,0.0000001902,0.000000191,629964722,120.0166211701
1696947600000,2023-10-10T14:20:00Z,0.000000191,0.0000001911,0.0000001909,0.0000001909,1094259163,208.9085089309
1696947900000,2023-10-10T14:25:00Z,0.0000001909,0.000000191,0.0000001904,0.0000001908,2787313872,531.7734331153
1696948200000,2023-10-10T14:30:00Z,0.0000001908,0.000000191,0.0000001906,0.000000191,1483648343,283.15675341643
1696948500000,2023-10-10T14:35:00Z,0.000000191,0.000000192,0.000000191,0.0000001915,977639578,187.14021685147
1696948800000,2023-10-10T14:40:00Z,0.0000001915,0.0000001918,0.0000001909,0.0000001918,478289569.8,91.67238983762
1696949100000,2023-10-10T14:45:00Z,0.0000001918,0.0000001922,0.0000001917,0.0000001917,3947958100.9,757.83497359061
1696949400000,2023-10-10T14:50:00Z,0.0000001917,0.0000001917,0.0000001914,0.0000001917,1426199849,273.29664988768
1696949700000,2023-10-10T14:55:00Z,0.0000001917,0.000000192,0.0000001917,0.0000001918,793695282.7,152.2556152901
1696950000000,2023-10-10T15:00:00Z,0.0000001918,0.000000192,0.0000001918,0.000000192,1129623163.5,216.72946702074
1696950300000,2023-10-10T15:05:00Z,0.000000192,0.000000192,0.0000001917,0.0000001917,1286876689,246.91437660502
1696950600000,2023-10-10T15:10:00Z,0.0000001917,0.0000001917,0.0000001905,0.0000001905,1015598928,193.9731632505
1696950900000,2023-10-10T15:15:00Z,0.0000001905,0.000000191,0.0000001902,0.0000001909,602738072.5,114.9239994755
1696951200000,2023-10-10T15:20:00Z,0.0000001909,0.000000191,0.0000001901,0.0000001901,1411883051,268.9881179319
1696951500000,2023-10-10T15:25:00Z,0.0000001901,0.0000001906,0.0000001901,0.0000001902,415883645,79.1474478574
1696951800000,2023-10-10T15:30:00Z,0.0000001902,0.0000001902,0.0000001901,0.0000001901,71454914,13.5877163962
1696952100000,2023-10-10T15:35:00Z,0.0000001901,0.0000001901,0.0000001888,0.000000189,3547863290,671.17494904329
1696952400000,2023-10-10T15:40:00Z,0.000000189,0.0000001896,0.000000189,0.0000001896,210762068,39.9604880928
1696952700000,2023-10-10T15:45:00Z,0.0000001896,0.0000001896,0.0000001893,0.0000001894,3177135158.2,601.49909998785
1696953000000,2023-10-10T15:50:00Z,0.0000001894,0.0000001895,0.0000001889,0.0000001895,459048430.5,86.81193680825
1696953300000,2023-10-10T15:55:00Z,0.0000001895,0.0000001895,0.0000001868,0.0000001888,2164381588.2,406.1812787039
1696953600000,2023-10-10T16:00:00Z,0.0000001888,0.0000001888,0.0000001888,0.0000001888,0,0
1696953900000,2023-10-10T16:05:00Z,0.0000001888,0.0000001891,0.0000001887,0.0000001887,471546703.3,88.99087019246
1696954200000,2023-10-10T16:10:00Z,0.0000001887,0.0000001887,0.0000001887,0.0000001887,0,0
1696954500000,2023-10-10T16:15:00Z,0.0000001887,0.0000001888,0.0000001887,0.0000001887,159000474.3,30.0151490672
1696954800000,2023-10-10T16:20:00Z,0.0000001887,0.0000001887,0.0000001887,0.0000001887,0,0
1696955100000,2023-10-10T16:25:00Z,0.0000001887,0.00000019,0.0000001887,0.0000001896,1574301241.1,298.80557365007
1696955400000,2023-10-10T16:30:00Z,0.0000001896,0.00000019,0.0000001896,0.0000001898,1763784434,334.9677563991
1696955700000,2023-10-10T16:35:00Z,0.0000001898,0.0000001898,0.0000001896,0.0000001896,748287090,141.875232264
1696956000000,2023-10-10T16:40:00Z,0.0000001896,0.0000001896,0.0000001896,0.0000001896,482051360,91.396937856
1696956300000,2023-10-10T16:45:00Z,0.0000001896,0.0000001899,0.0000001896,0.0000001899,1170485952,222.1409026458
1696956600000,2023-10-10T16:50:00Z,0.0000001899,0.0000001902,0.0000001896,0.0000001902,1433792847,271.99850508896
1696956900000,2023-10-10T16:55:00Z,0.0000001902,0.0000001902,0.0000001897,0.0000001897,896596109,170.28396575937
1696957200000,2023-10-10T17:00:00Z,0.0000001897,0.0000001899,0.0000001896,0.0000001896,1671345135,317.0377308117
1696957500000,2023-10-10T17:05:00Z,0.0000001896,0.0000001901,0.0000001896,0.0000001896,1161496492,220.5523630447
1696957800000,2023-10-10T17:10:00Z,0.0000001896,0.0000001902,0.0000001896,0.0000001898,2181266718,413.99660715507
1696958100000,2023-10-10T17:15:00Z,0.0000001898,0.0000001898,0.0000001896,0.0000001898,1022696815,193.9315244912
1696958400000,2023-10-10T17:20:00Z,0.0000001898,0.0000001899,0.0000001896,0.0000001897,2047692678,388.4229678516
1696958700000,2023-10-10T17:25:00Z,0.0000001897,0.00000019,0.0000001897,0.0000001899,1530614473,290.6336998717
1696959000000,2023-10-10T17:30:00Z,0.0000001899,0.00000019,0.0000001899,0.0000001899,1786035292.2,339.2935170076
1696959300000,2023-10-10T17:35:00Z,0.0000001899,0.00000019,0.0000001899,0.00000019,216714401.4,41.1566964048
1696959600000,2023-10-10T17:40:00Z,0.00000019,0.0000001903,0.0000001897,0.0000001897,2766792911.1,525.18770707861
1696959900000,2023-10-10T17:45:00Z,0.0000001897,0.0000001897,0.0000001889,0.0000001889,321359260.3,60.77747987039
1696960200000,2023-10-10T17:50:00Z,0.0000001889,0.0000001889,0.0000001889,0.0000001889,0,0
1696960500000,2023-10-10T17:55:00Z,0.0000001889,0.0000001889,0.0000001889,0.0000001889,0,0
1696960800000,2023-10-10T18:00:00Z,0.0000001889,0.0000001897,0.0000001889,0.0000001889,859004173.9,162.61592147462
1696961100000,2023-10-10T18:05:00Z,0.0000001889,0.0000001889,0.0000001889,0.0000001889,267684058,50.5655185562
1696961400000,2023-10-10T18:10:00Z,0.0000001889,0.0000001889,0.0000001889,0.0000001889,0,0
1696961700000,2023-10-10T18:15:00Z,0.0000001889,0.0000001889,0.0000001887,0.0000001887,1089912815,205.8552684975
1696962000000,2023-10-10T18:20:00Z,0.0000001887,0.0000001887,0.0000001887,0.0000001887,0,0
1696962300000,2023-10-10T18:25:00Z,0.0000001887,0.0000001887,0.0000001887,0.0000001887,0,0
1696962600000,2023-10-10T18:30:00Z,0.0000001887,0.0000001887,0.0000001887,0.0000001887,0,0
1696962900000,2023-10-10T18:35:00Z,0.0000001887,0.0000001887,0.0000001887,0.0000001887,7772692.1,1.46670699927
1696963200000,2023-10-10T18:40:00Z,0.0000001887,0.0000001887,0.0000001887,0.0000001887,0,0
1696963500000,2023-10-10T18:45:00Z,0.0000001887,0.0000001887,0.0000001887,0.0000001887,0,0
1696963800000,2023-10-10T18:50:00Z,0.0000001887,0.0000001887,0.0000001887,0.0000001887,0,0
1696964100000,2023-10-10T18:55:00Z,0.0000001887,0.0000001887,0.0000001887,0.0000001887,0,0
1696964400000,2023-10-10T19:00:00Z,0.0000001887,0.0000001887,0.0000001887,0.0000001887,0,0
1696964700000,2023-10-10T19:05:00Z,0.0000001887,0.0000001896,0.0000001887,0.0000001896,137130801.6,25.99999998336
1696965000000,2023-10-10T19:10:00Z,0.0000001896,0.0000001896,0.0000001896,0.0000001896,5274261.6,0.99999999936
1696965300000,2023-10-10T19:15:00Z,0.0000001896,0.0000001896,0.0000001896,0.0000001896,0,0
1696965600000,2023-10-10T19:20:00Z,0.0000001896,0.0000001896,0.0000001896,0.0000001896,0,0
1696965900000,2023-10-10T19:25:00Z,0.0000001896,0.0000001896,0.0000001896,0.0000001896,0,0
1696966200000,2023-10-10T19:30:00Z,0.0000001896,0.0000001896,0.0000001896,0.0000001896,0,0
1696966500000,2023-10-10T19:35:00Z,0.0000001896,0.0000001896,0.0000001896,0.0000001896,263435194,49.9473127824
1696966800000,2023-10-10T19:40:00Z,0.0000001896,0.0000001896,0.0000001896,0.0000001896,0,0
1696967100000,2023-10-10T19:45:00Z,0.0000001896,0.0000001896,0.0000001896,0.0000001896,0,0
1696967400000,2023-10-10T19:50:00Z,0.0000001896,0.0000001896,0.0000001896,0.0000001896,1174126538.9,222.61439177544
1696967700000,2023-10-10T19:55:00Z,0.0000001896,0.0000001896,0.0000001896,0.0000001896,0,0
1696968000000,2023-10-10T20:00:00Z,0.0000001896,0.0000001896,0.000000189,0.000000189,3192553.4,0.6033925926
1696968300000,2023-10-10T20:05:00Z,0.000000189,0.0000001902,0.000000189,0.0000001902,678614309.1,128.83497277141
1696968600000,2023-10-10T20:10:00Z,0.0000001902,0.0000001902,0.0000001891,0.00000019,3364245240,638.1007563615
1696968900000,2023-10-10T20:15:00Z,0.00000019,0.00000019,0.0000001896,0.0000001899,2661070154,505.00011062222
1696969200000,2023-10-10T20:20:00Z,0.0000001899,0.0000001899,0.0000001896,0.0000001897,2079163928,394.3161067555
1696969500000,2023-10-10T20:25:00Z,0.0000001897,0.0000001897,0.0000001897,0.0000001897,179108003,33.9767881691
1696969800000,2023-10-10T20:30:00Z,0.0000001897,0.0000001897,0.0000001889,0.0000001889,1238808255,234.52842346856
1696970100000,2023-10-10T20:35:00Z,0.0000001889,0.0000001889,0.0000001889,0.0000001889,0,0
1696970400000,2023-10-10T20:40:00Z,0.0000001889,0.0000001889,0.0000001889,0.0000001889,0,0
1696970700000,2023-10-10T20:45:00Z,0.0000001889,0.0000001889,0.0000001886,0.0000001887,3310882689.8,624.79007354258
1696971000000,2023-10-10T20:50:00Z,0.0000001887,0.0000001887,0.0000001887,0.0000001887,0,0
1696971300000,2023-10-10T20:55:00Z,0.0000001887,0.0000001887,0.0000001887,0.0000001887,0,0
1696971600000,2023-10-10T21:00:00Z,0.0000001887,0.000000189,0.0000001887,0.0000001889,651488563.1,123.0809631082
1696971900000,2023-10-10T21:05:00Z,0.0000001889,0.000000189,0.0000001886,0.0000001886,1252910052.9,236.3999999981
1696972200000,2023-10-10T21:10:00Z,0.0000001886,0.0000001888,0.0000001886,0.0000001888,400000000,75.52
1696972500000,2023-10-10T21:15:00Z,0.0000001888,0.0000001898,0.0000001888,0.0000001896,1150065575,217.88655717182
1696972800000,2023-10-10T21:20:00Z,0.0000001896,0.0000001919,0.0000001893,0.0000001909,3461524214.8,659.14923879589
1696973100000,2023-10-10T21:25:00Z,0.0000001909,0.0000001937,0.0000001909,0.0000001916,2496213998.1,480.11941455734
1696973400000,2023-10-10T21:30:00Z,0.0000001916,0.000000192,0.0000001916,0.000000192,1484581156,284.7948385192
1696973700000,2023-10-10T21:35:00Z,0.000000192,0.000000192,0.0000001916,0.0000001916,1854789309,355.4507433934
1696974000000,2023-10-10T21:40:00Z,0.0000001916,0.0000001921,0.0000001905,0.0000001905,2643962855.9,505.81000391343
1696974300000,2023-10-10T21:45:00Z,0.0000001905,0.0000001907,0.0000001904,0.0000001904,1298369384,247.3879630094
1696974600000,2023-10-10T21:50:00Z,0.0000001904,0.0000001906,0.0000001897,0.0000001899,2347563179.7,446.63414082404
1696974900000,2023-10-10T21:55:00Z,0.0000001899,0.0000001908,0.0000001897,0.0000001903,2320189142.8,441.35044693882
1696975200000,2023-10-10T22:00:00Z,0.0000001903,0.0000001904,0.0000001902,0.0000001902,627122874,119.34921885072
1696975500000,2023-10-10T22:05:00Z,0.0000001902,0.0000001905,0.0000001902,0.0000001904,671650384,127.8940709138
1696975800000,2023-10-10T22:10:00Z,0.0000001904,0.0000001907,0.0000001901,0.0000001901,687919774,131.0244368725
1696976100000,2023-10-10T22:15:00Z,0.0000001901,0.0000001906,0.0000001899,0.0000001906,1057740395,201.1816162797
1696976400000,2023-10-10T22:20:00Z,0.0000001906,0.0000001907,0.0000001906,0.0000001906,386725467,73.7152940278
1696976700000,2023-10-10T22:25:00Z,0.0000001906,0.0000001906,0.0000001899,0.00000019,1621551572,308.136120931
1696977000000,2023-10-10T22:30:00Z,0.00000019,0.0000001901,0.0000001899,0.0000001899,437713298,83.1848726986
1696977300000,2023-10-10T22:35:00Z,0.0000001899,0.00000019,0.0000001898,0.00000019,473874414,89.9523642664
1696977600000,2023-10-10T22:40:00Z,0.00000019,0.00000019,0.0000001895,0.0000001899,664134323.5,126.08447319125
1696977900000,2023-10-10T22:45:00Z,0.0000001899,0.0000001902,0.0000001899,0.0000001902,1043768914,198.3977534284
1696978200000,2023-10-10T22:50:00Z,0.0000001902,0.0000001906,0.0000001902,0.0000001906,268793187.2,51.17887197805
1696978500000,2023-10-10T22:55:00Z,0.0000001906,0.0000001907,0.0000001904,0.0000001904,1537140183,292.8109311516
1696978800000,2023-10-10T23:00:00Z,0.0000001904,0.0000001907,0.0000001904,0.0000001906,1525215431,290.5889762717
1696979100000,2023-10-10T23:05:00Z,0.0000001906,0.0000001907,0.0000001902,0.0000001902,349905622,66.5976143364
1696979400000,2023-10-10T23:10:00Z,0.0000001902,0.0000001902,0.0000001902,0.0000001902,367967756,69.9874671912
1696979700000,2023-10-10T23:15:00Z,0.0000001902,0.0000001907,0.0000001902,0.0000001906,441485799.1,84.11836470685
1696980000000,2023-10-10T23:20:00Z,0.0000001906,0.0000001934,0.0000001906,0.0000001934,2589184704.2,496.05190746189
1696980300000,2023-10-10T23:25:00Z,0.0000001934,0.0000001934,0.0000001924,0.0000001924,1315661955.9,253.93706974453
1696980600000,2023-10-10T23:30:00Z,0.0000001924,0.0000001924,0.0000001912,0.000000192,1147946846,219.9842450293
1696980900000,2023-10-10T23:35:00Z,0.000000192,0.000000192,0.0000001912,0.0000001912,373103895,71.4515745642
1696981200000,2023-10-10T23:40:00Z,0.0000001912,0.0000001921,0.0000001912,0.0000001917,1140795049,218.59417277
1696981500000,2023-10-10T23:45:00Z,0.0000001917,0.0000001923,0.0000001916,0.0000001921,926310602,177.730006683
1696981800000,2023-10-10T23:50:00Z,0.0000001921,0.0000001924,0.0000001916,0.0000001916,1116021876,214.175296567
1696982100000,2023-10-10T23:55:00Z,0.0000001916,0.0000001924,0.0000001916,0.0000001924,562723814,108.1938200556
1696982400000,2023-10-11T00:00:00Z,0.0000001924,0.0000001924,0.0000001924,0.0000001924,55586769,10.6948943556
1696982700000,2023-10-11T00:05:00Z,0.0000001924,0.0000001924,0.0000001924,0.0000001924,0,0
1696983000000,2023-10-11T00:10:00Z,0.0000001924,0.0000001924,0.0000001924,0.0000001924,97701363,18.7977422412
1696983300000,2023-10-11T00:15:00Z,0.0000001924,0.0000001924,0.0000001924,0.0000001924,65829403,12.6655771372
1696983600000,2023-10-11T00:20:00Z,0.0000001924,0.0000001924,0.0000001923,0.0000001924,428688173,82.4529794113
1696983900000,2023-10-11T00:25:00Z,0.0000001924,0.0000001924,0.0000001923,0.0000001923,363092236,69.8226369828
1696984200000,2023-10-11T00:30:00Z,0.0000001923,0.0000001923,0.0000001921,0.0000001921,102582893,19.7061737453
1696984500000,2023-10-11T00:35:00Z,0.0000001921,0.0000001921,0.0000001919,0.0000001919,519595403,99.7402782972
1696984800000,2023-10-11T00:40:00Z,0.0000001919,0.0000001919,0.0000001919,0.0000001919,0,0
1696985100000,2023-10-11T00:45:00Z,0.0000001919,0.0000001919,0.0000001918,0.0000001918,964489518,185.0524339917
1696985400000,2023-10-11T00:50:00Z,0.0000001918,0.0000001918,0.0000001917,0.0000001918,252596358,48.4341779
1696985700000,2023-10-11T00:55:00Z,0.0000001918,0.0000001918,0.0000001917,0.0000001917,5887195,1.1285752815
1696986000000,2023-10-11T01:00:00Z,0.0000001917,0.0000001919,0.0000001917,0.0000001919,158227258.7,30.36381094453
1696986300000,2023-10-11T01:05:00Z,0.0000001919,0.0000001919,0.0000001918,0.0000001918,546206412,104.7623898216
1696986600000,2023-10-11T01:10:00Z,0.0000001918,0.0000001918,0.0000001917,0.0000001917,157391028,30.1812058651
1696986900000,2023-10-11T01:15:00Z,0.0000001917,0.0000001917,0.0000001917,0.0000001917,116923835,22.4142991695
1696987200000,2023-10-11T01:20:00Z,0.0000001917,0.0000001917,0.0000001915,0.0000001915,109871211,21.0403369065
1696987500000,2023-10-11T01:25:00Z,0.0000001915,0.0000001917,0.0000001915,0.0000001917,88325305,16.9319609685
1696987800000,2023-10-11T01:30:00Z,0.0000001917,0.0000001918,0.0000001917,0.0000001918,40215787,7.7133879466
1696988100000,2023-10-11T01:35:00Z,0.0000001918,0.0000001918,0.0000001917,0.0000001917,756837219.7,145.14281982329
1696988400000,2023-10-11T01:40:00Z,0.0000001917,0.0000001917,0.0000001917,0.0000001917,122524950,23.488032915
1696988700000,2023-10-11T01:45:00Z,0.0000001917,0.0000001917,0.0000001909,0.0000001917,1418588371,271.29367636067
1696989000000,2023-10-11T01:50:00Z,0.0000001917,0.0000001917,0.0000001916,0.0000001916,336579542,64.4886402472
1696989300000,2023-10-11T01:55:00Z,0.0000001916,0.0000001917,0.0000001916,0.0000001917,164727284,31.5782203428
1696989600000,2023-10-11T02:00:00Z,0.0000001917,0.0000001917,0.0000001911,0.0000001911,45237251,8.6448386661
1696989900000,2023-10-11T02:05:00Z,0.0000001911,0.000000192,0.0000001911,0.000000192,52083333.4,10.0000000128
1696990200000,2023-10-11T02:10:00Z,0.000000192,0.000000192,0.0000001912,0.0000001912,358598391,68.6453192942
1696990500000,2023-10-11T02:15:00Z,0.0000001912,0.0000001919,0.0000001912,0.0000001919,58792220,11.282227018
1696990800000,2023-10-11T02:20:00Z,0.0000001919,0.0000001919,0.0000001919,0.0000001919,281349856,53.9910373664
1696991100000,2023-10-11T02:25:00Z,0.0000001919,0.0000001919,0.0000001919,0.0000001919,0,0
1696991400000,2023-10-11T02:30:00Z,0.0000001919,0.0000001919,0.0000001907,0.0000001913,299417780,57.2568498044
1696991700000,2023-10-11T02:35:00Z,0.0000001913,0.0000001913,0.0000001906,0.0000001906,252628753,48.1510403218
1696992000000,2023-10-11T02:40:00Z,0.0000001906,0.0000001911,0.0000001905,0.0000001911,423196790,80.8526237892
1696992300000,2023-10-11T02:45:00Z,0.0000001911,0.0000001911,0.0000001911,0.0000001911,0,0
1696992600000,2023-10-11T02:50:00Z,0.0000001911,0.0000001911,0.0000001908,0.0000001908,221616722,42.2844705576
1696992900000,2023-10-11T02:55:00Z,0.0000001908,0.0000001908,0.0000001908,0.0000001908,0,0
1696993200000,2023-10-11T03:00:00Z,0.0000001908,0.0000001908,0.0000001902,0.0000001902,81240050,15.46385185776
1696993500000,2023-10-11T03:05:00Z,0.0000001902,0.0000001907,0.0000001902,0.0000001907,104000000,19.8328
1696993800000,2023-10-11T03:10:00Z,0.0000001907,0.0000001907,0.0000001907,0.0000001907,0,0
1696994100000,2023-10-11T03:15:00Z,0.0000001907,0.0000001909,0.0000001901,0.0000001901,160139602,30.4825383402
1696994400000,2023-10-11T03:20:00Z,0.0000001901,0.0000001908,0.0000001901,0.0000001908,104933860,20.021380488
1696994700000,2023-10-11T03:25:00Z,0.0000001908,0.0000001908,0.0000001898,0.0000001898,358996692.9,68.16045391193
1696995000000,2023-10-11T03:30:00Z,0.0000001898,0.0000001898,0.0000001898,0.0000001898,0,0
1696995300000,2023-10-11T03:35:00Z,0.0000001898,0.0000001898,0.0000001898,0.0000001898,0,0
1696995600000,2023-10-11T03:40:00Z,0.0000001898,0.0000001903,0.0000001898,0.0000001898,548815831.7,104.38299997209
1696995900000,2023-10-11T03:45:00Z,0.0000001898,0.0000001898,0.0000001898,0.0000001898,34956742,6.6347896316
1696996200000,2023-10-11T03:50:00Z,0.0000001898,0.0000001898,0.0000001898,0.0000001898,0,0
1696996500000,2023-10-11T03:55:00Z,0.0000001898,0.0000001898,0.0000001894,0.0000001894,137943228.3,26.13754616948
1696996800000,2023-10-11T04:00:00Z,0.0000001894,0.0000001902,0.0000001894,0.0000001902,200000000,38.04
1696997100000,2023-10-11T04:05:00Z,0.0000001902,0.0000001902,0.0000001897,0.0000001901,277994633.6,52.82012705696
1696997400000,2023-10-11T04:10:00Z,0.0000001901,0.0000001901,0.0000001899,0.0000001899,121455205,23.0643434295
1696997700000,2023-10-11T04:15:00Z,0.0000001899,0.0000001902,0.0000001898,0.0000001902,379688998,72.16822283998
1696998000000,2023-10-11T04:20:00Z,0.0000001902,0.0000001902,0.0000001902,0.0000001902,0,0
1696998300000,2023-10-11T04:25:00Z,0.0000001902,0.0000001902,0.0000001902,0.0000001902,0,0
1696998600000,2023-10-11T04:30:00Z,0.0000001902,0.0000001902,0.0000001902,0.0000001902,0,0
1696998900000,2023-10-11T04:35:00Z,0.0000001902,0.0000001902,0.0000001901,0.0000001901,108843758,20.6911983958
1696999200000,2023-10-11T04:40:00Z,0.0000001901,0.0000001901,0.0000001901,0.0000001901,0,0
1696999500000,2023-10-11T04:45:00Z,0.0000001901,0.0000001902,0.0000001901,0.0000001902,153230193,29.1443827086
1696999800000,2023-10-11T04:50:00Z,0.0000001902,0.0000001902,0.0000001902,0.0000001902,0,0
1697000100000,2023-10-11T04:55:00Z,0.0000001902,0.0000001902,0.0000001902,0.0000001902,0,0
1697000400000,2023-10-11T05:00:00Z,0.0000001902,0.0000001907,0.0000001902,0.0000001907,219593713.8,41.85369326176
1697000700000,2023-10-11T05:05:00Z,0.0000001907,0.0000001907,0.0000001903,0.0000001903,56891642,10.8264794726
1697001000000,2023-10-11T05:10:00Z,0.0000001903,0.0000001906,0.0000001903,0.0000001906,634565650,120.8371426927
1697001300000,2023-10-11T05:15:00Z,0.0000001906,0.0000001906,0.0000001905,0.0000001905,238396988,45.414626214
1697001600000,2023-10-11T05:20:00Z,0.0000001905,0.0000001909,0.0000001905,0.0000001909,604338725.8,115.34075477006
1697001900000,2023-10-11T05:25:00Z,0.0000001909,0.0000001909,0.0000001905,0.0000001905,339815539,64.7394333432
1697002200000,2023-10-11T05:30:00Z,0.0000001905,0.0000001909,0.0000001904,0.0000001909,713572007,135.9910372724
1697002500000,2023-10-11T05:35:00Z,0.0000001909,0.0000001912,0.0000001906,0.0000001906,193815492.5,37.0342742744
1697002800000,2023-10-11T05:40:00Z,0.0000001906,0.0000001909,0.0000001906,0.0000001909,231060056,44.1093646904
1697003100000,2023-10-11T05:45:00Z,0.0000001909,0.0000001909,0.0000001906,0.0000001906,693120636,132.1087932216
1697003400000,2023-10-11T05:50:00Z,0.0000001906,0.0000001908,0.0000001906,0.0000001908,366745022,69.9749501976
1697003700000,2023-10-11T05:55:00Z,0.0000001908,0.0000001908,0.0000001908,0.0000001908,0,0
1697004000000,2023-10-11T06:00:00Z,0.0000001908,0.0000001908,0.0000001904,0.0000001904,709317775.4,135.11611251446
1697004300000,2023-10-11T06:05:00Z,0.0000001904,0.0000001904,0.0000001904,0.0000001904,0,0
1697004600000,2023-10-11T06:10:00Z,0.0000001904,0.0000001904,0.0000001893,0.0000001893,1715836758.1,325.84560600812
1697004900000,2023-10-11T06:15:00Z,0.0000001893,0.0000001893,0.0000001893,0.0000001893,0,0
1697005200000,2023-10-11T06:20:00Z,0.0000001893,0.0000001895,0.0000001893,0.0000001895,62394577.1,11.82377236045
1697005500000,2023-10-11T06:25:00Z,0.0000001895,0.0000001895,0.0000001895,0.0000001895,0,0
1697005800000,2023-10-11T06:30:00Z,0.0000001895,0.0000001895,0.0000001895,0.0000001895,0,0
1697006100000,2023-10-11T06:35:00Z,0.0000001895,0.0000001895,0.0000001895,0.0000001895,0,0
1697006400000,2023-10-11T06:40:00Z,0.0000001895,0.0000001897,0.0000001895,0.0000001897,151675179,28.7602183779
1697006700000,2023-10-11T06:45:00Z,0.0000001897,0.0000001897,0.0000001897,0.0000001897,487333391,92.4471442727
1697007000000,2023-10-11T06:50:00Z,0.0000001897,0.0000001897,0.0000001897,0.0000001897,0,0
1697007300000,2023-10-11T06:55:00Z,0.0000001897,0.0000001897,0.0000001897,0.0000001897,0,0
1697007600000,2023-10-11T07:00:00Z,0.0000001897,0.0000001897,0.0000001897,0.0000001897,1415644622.7,268.54778492619
1697007900000,2023-10-11T07:05:00Z,0.0000001897,0.00000019,0.0000001897,0.0000001898,1096880769.5,208.196375805
1697008200000,2023-10-11T07:10:00Z,0.0000001898,0.0000001898,0.0000001897,0.0000001898,2848924021.4,540.50316215153
1697008500000,2023-10-11T07:15:00Z,0.0000001898,0.0000001898,0.0000001898,0.0000001898,0,0
1697008800000,2023-10-11T07:20:00Z,0.0000001898,0.0000001898,0.0000001898,0.0000001898,0,0
1697009100000,2023-10-11T07:25:00Z,0.0000001898,0.0000001898,0.0000001898,0.0000001898,0,0
1697009400000,2023-10-11T07:30:00Z,0.0000001898,0.0000001898,0.0000001898,0.0000001898,160000000,30.368
1697009700000,2023-10-11T07:35:00Z,0.0000001898,0.0000001898,0.0000001898,0.0000001898,0,0
1697010000000,2023-10-11T07:40:00Z,0.0000001898,0.0000001898,0.0000001897,0.0000001897,26624097.4,5.05059127678
1697010300000,2023-10-11T07:45:00Z,0.0000001897,0.0000001897,0.0000001897,0.0000001897,0,0
1697010600000,2023-10-11T07:50:00Z,0.0000001897,0.0000001898,0.0000001897,0.0000001898,25553691.6,4.85009066568
1697010900000,2023-10-11T07:55:00Z,0.0000001898,0.0000001898,0.0000001898,0.0000001898,0,0
1697011200000,2023-10-11T08:00:00Z,0.0000001898,0.0000001898,0.0000001898,0.0000001898,0,0
1697011500000,2023-10-11T08:05:00Z,0.0000001898,0.0000001898,0.0000001898,0.0000001898,0,0
1697011800000,2023-10-11T08:10:00Z,0.0000001898,0.0000001898,0.0000001898,0.0000001898,0,0
1697012100000,2023-10-11T08:15:00Z,0.0000001898,0.0000001898,0.0000001897,0.0000001897,500000000,94.85
1697012400000,2023-10-11T08:20:00Z,0.0000001897,0.0000001897,0.0000001897,0.0000001897,35443489.6,6.72362997712
1697012700000,2023-10-11T08:25:00Z,0.0000001897,0.0000001897,0.0000001897,0.0000001897,0,0
1697013000000,2023-10-11T08:30:00Z,0.0000001897,0.0000001897,0.0000001897,0.0000001897,0,0
1697013300000,2023-10-11T08:35:00Z,0.0000001897,0.0000001897,0.0000001897,0.0000001897,0,0
1697013600000,2023-10-11T08:40:00Z,0.0000001897,0.0000001897,0.0000001897,0.0000001897,0,0
1697013900000,2023-10-11T08:45:00Z,0.0000001897,0.0000001897,0.0000001897,0.0000001897,0,0
1697014200000,2023-10-11T08:50:00Z,0.0000001897,0.0000001898,0.0000001897,0.0000001898,5268703.8,0.99999998124
1697014500000,2023-10-11T08:55:00Z,0.0000001898,0.0000001898,0.0000001898,0.0000001898,177385991,33.6678610918
1697014800000,2023-10-11T09:00:00Z,0.0000001898,0.0000001898,0.0000001897,0.0000001897,123584605.9,23.45380538603
1697015100000,2023-10-11T09:05:00Z,0.0000001897,0.0000001897,0.0000001897,0.0000001897,0,0
1697015400000,2023-10-11T09:10:00Z,0.0000001897,0.0000001903,0.0000001897,0.0000001903,449778684,85.3992067602
1697015700000,2023-10-11T09:15:00Z,0.0000001903,0.000000191,0.0000001902,0.0000001903,443089893.4,84.33751181884
1697016000000,2023-10-11T09:20:00Z,0.0000001903,0.0000001904,0.0000001897,0.0000001897,3124344501.4,593.34537642772
1697016300000,2023-10-11T09:25:00Z,0.0000001897,0.0000001899,0.0000001893,0.0000001899,653600088.2,123.98965392977
1697016600000,2023-10-11T09:30:00Z,0.0000001899,0.0000001905,0.0000001898,0.0000001904,459836889.6,87.46588579191
1697016900000,2023-10-11T09:35:00Z,0.0000001904,0.0000001918,0.0000001897,0.0000001918,1066609966.1,203.67012470961
1697017200000,2023-10-11T09:40:00Z,0.0000001918,0.0000001937,0.0000001912,0.0000001936,25404918951.4,4898.65970242433
1697017500000,2023-10-11T09:45:00Z,0.0000001936,0.0000001947,0.0000001936,0.0000001939,13329125609.3,2586.42575295063
1697017800000,2023-10-11T09:50:00Z,0.0000001939,0.0000001939,0.0000001938,0.0000001938,2065706815.7,400.33398088266
1697018100000,2023-10-11T09:55:00Z,0.0000001938,0.0000001938,0.00000019,0.0000001904,27146275025.3,5182.36164803149
1697018400000,2023-10-11T10:00:00Z,0.0000001904,0.0000001909,0.0000001901,0.0000001903,2518490337,479.9799496477
1697018700000,2023-10-11T10:05:00Z,0.0000001903,0.0000001909,0.0000001903,0.0000001909,332837209,63.4624338051
1697019000000,2023-10-11T10:10:00Z,0.0000001909,0.0000001912,0.0000001899,0.0000001912,8507286659.4,1617.9875737459
1697019300000,2023-10-11T10:15:00Z,0.0000001912,0.0000001912,0.0000001905,0.0000001906,552234319.5,105.24483532975
1697019600000,2023-10-11T10:20:00Z,0.0000001906,0.0000001911,0.0000001904,0.0000001911,1178224152,224.6411873015
1697019900000,2023-10-11T10:25:00Z,0.0000001911,0.0000001911,0.0000001901,0.000000191,1244690484.6,236.93651851195
1697020200000,2023-10-11T10:30:00Z,0.000000191,0.000000191,0.0000001902,0.0000001909,982475651,187.1225946764
1697020500000,2023-10-11T10:35:00Z,0.0000001909,0.0000001912,0.0000001905,0.0000001912,1022917998.4,195.1898334821
1697020800000,2023-10-11T10:40:00Z,0.0000001912,0.0000001912,0.0000001905,0.0000001905,1101915568,210.298249775
1697021100000,2023-10-11T10:45:00Z,0.0000001905,0.0000001911,0.0000001905,0.0000001905,464364977,88.6804234365
1697021400000,2023-10-11T10:50:00Z,0.0000001905,0.0000001911,0.0000001903,0.0000001903,598877340,114.3637244319
1697021700000,2023-10-11T10:55:00Z,0.0000001903,0.000000191,0.0000001902,0.0000001909,1329579577,253.2943858668
1697022000000,2023-10-11T11:00:00Z,0.0000001909,0.000000191,0.0000001897,0.0000001903,2030031702,386.4973676162
1697022300000,2023-10-11T11:05:00Z,0.0000001903,0.0000001903,0.000000189,0.0000001899,2490936922,472.6141537209
1697022600000,2023-10-11T11:10:00Z,0.0000001899,0.0000001899,0.0000001897,0.0000001898,2329097522,442.1384229157
1697022900000,2023-10-11T11:15:00Z,0.0000001898,0.0000001899,0.000000189,0.0000001899,1010951468.2,191.8826071076
1697023200000,2023-10-11T11:20:00Z,0.0000001899,0.0000001899,0.0000001897,0.0000001897,931799769,176.8705159499
1697023500000,2023-10-11T11:25:00Z,0.0000001897,0.0000001899,0.0000001897,0.0000001897,760564393,144.3056051739
1697023800000,2023-10-11T11:30:00Z,0.0000001897,0.00000019,0.0000001897,0.0000001899,1741934830,330.8677104872
1697024100000,2023-10-11T11:35:00Z,0.0000001899,0.00000019,0.0000001897,0.0000001899,1780698214.2,337.97871316684
1697024400000,2023-10-11T11:40:00Z,0.0000001899,0.00000019,0.0000001897,0.00000019,1866222397,354.1012502509
1697024700000,2023-10-11T11:45:00Z,0.00000019,0.00000019,0.0000001897,0.00000019,2106347295,399.8927887023
1697025000000,2023-10-11T11:50:00Z,0.00000019,0.00000019,0.0000001897,0.0000001899,1924337769,365.31004683357
1697025300000,2023-10-11T11:55:00Z,0.0000001899,0.0000001901,0.0000001897,0.0000001897,1929038278.7,366.16783284667
1697025600000,2023-10-11T12:00:00Z,0.0000001897,0.0000001901,0.0000001897,0.0000001901,842705937,159.8985751475
1697025900000,2023-10-11T12:05:00Z,0.0000001901,0.0000001909,0.0000001901,0.0000001909,1471980359.2,280.41962663687
1697026200000,2023-10-11T12:10:00Z,0.0000001909,0.0000001909,0.0000001903,0.0000001903,803001537,152.9918416798
1697026500000,2023-10-11T12:15:00Z,0.0000001903,0.000000191,0.0000001903,0.000000191,1078677794,205.8078691891
1697026800000,2023-10-11T12:20:00Z,0.000000191,0.000000191,0.00000019,0.0000001906,1512052926.5,288.464479488
1697027100000,2023-10-11T12:25:00Z,0.0000001906,0.0000001909,0.0000001906,0.0000001906,975509528,186.0132842001
1697027400000,2023-10-11T12:30:00Z,0.0000001906,0.000000191,0.0000001902,0.0000001908,1583359452.6,301.78376457282
1697027700000,2023-10-11T12:35:00Z,0.0000001908,0.0000001908,0.0000001903,0.0000001903,980913964.2,186.89827118062
1697028000000,2023-10-11T12:40:00Z,0.0000001903,0.0000001904,0.0000001897,0.0000001903,1290061269.4,245.29282983397
1697028300000,2023-10-11T12:45:00Z,0.0000001903,0.0000001906,0.0000001897,0.0000001906,1123167770,213.5551671748
1697028600000,2023-10-11T12:50:00Z,0.0000001906,0.000000191,0.0000001898,0.0000001908,1629741994,310.8415124793
1697028900000,2023-10-11T12:55:00Z,0.0000001908,0.0000001908,0.0000001904,0.0000001905,1249291311,237.9767654974
1697029200000,2023-10-11T13:00:00Z,0.0000001905,0.0000001909,0.0000001905,0.0000001908,1085319809.7,207.07659312021
1697029500000,2023-10-11T13:05:00Z,0.0000001908,0.0000001908,0.0000001905,0.0000001905,2308316076,439.8471931938
1697029800000,2023-10-11T13:10:00Z,0.0000001905,0.0000001905,0.0000001893,0.0000001893,1775586637.9,337.40693525307
1697030100000,2023-10-11T13:15:00Z,0.0000001893,0.00000019,0.0000001893,0.00000019,469321956,89.1549951474
1697030400000,2023-10-11T13:20:00Z,0.00000019,0.00000019,0.0000001897,0.0000001897,496083418,94.1354280344
1697030700000,2023-10-11T13:25:00Z,0.0000001897,0.0000001902,0.000000189,0.0000001897,670977915.5,127.3278973187
1697031000000,2023-10-11T13:30:00Z,0.0000001897,0.0000001902,0.0000001897,0.0000001897,1480531006,280.8877726112
1697031300000,2023-10-11T13:35:00Z,0.0000001897,0.0000001904,0.0000001897,0.0000001904,448094962,85.1775999422
1697031600000,2023-10-11T13:40:00Z,0.0000001904,0.0000001913,0.0000001903,0.0000001909,1173795129.5,223.88902805456
1697031900000,2023-10-11T13:45:00Z,0.0000001909,0.0000001912,0.0000001907,0.0000001908,940822977,179.7359829664
1697032200000,2023-10-11T13:50:00Z,0.0000001908,0.0000001909,0.0000001904,0.0000001904,916012417,174.7860167326
1697032500000,2023-10-11T13:55:00Z,0.0000001904,0.0000001909,0.0000001902,0.0000001902,1082486242.8,206.21502828022
1697032800000,2023-10-11T14:00:00Z,0.0000001902,0.0000001912,0.0000001902,0.0000001912,744492628,142.03242894015
1697033100000,2023-10-11T14:05:00Z,0.0000001912,0.0000001912,0.0000001907,0.0000001912,758691718,144.8423968911
1697033400000,2023-10-11T14:10:00Z,0.0000001912,0.0000001912,0.0000001906,0.0000001912,488134389,93.10918141
1697033700000,2023-10-11T14:15:00Z,0.0000001912,0.0000001912,0.0000001907,0.0000001907,310477454,59.3343439063
1697034000000,2023-10-11T14:20:00Z,0.0000001907,0.0000001911,0.0000001901,0.0000001911,943195487,179.84830830016
1697034300000,2023-10-11T14:25:00Z,0.0000001911,0.0000001911,0.0000001905,0.0000001909,729861122,139.2997636886
1697034600000,2023-10-11T14:30:00Z,0.0000001909,0.0000001911,0.0000001904,0.0000001905,3351595268.7,638.80259895565
1697034900000,2023-10-11T14:35:00Z,0.0000001905,0.0000001912,0.0000001905,0.0000001912,2977446018.2,568.24420829997
1697035200000,2023-10-11T14:40:00Z,0.0000001912,0.0000001912,0.0000001909,0.0000001909,926167725,176.97258312661
1697035500000,2023-10-11T14:45:00Z,0.0000001909,0.0000001919,0.0000001909,0.0000001919,672351726.5,128.79054762796
1697035800000,2023-10-11T14:50:00Z,0.0000001919,0.0000001919,0.0000001909,0.0000001913,1262449696.8,241.42215040802
1697036100000,2023-10-11T14:55:00Z,0.0000001913,0.0000001914,0.0000001911,0.0000001913,424521261,81.1899774687
1697036400000,2023-10-11T15:00:00Z,0.0000001913,0.0000001922,0.0000001913,0.0000001914,2244088799.5,429.80309410031
1697036700000,2023-10-11T15:05:00Z,0.0000001914,0.0000001937,0.000000191,0.0000001936,51757881070.5,9991.6473192075
1697037000000,2023-10-11T15:10:00Z,0.0000001936,0.0000001945,0.000000193,0.000000193,18371824626.8,3564.33704526309
1697037300000,2023-10-11T15:15:00Z,0.000000193,0.0000001937,0.0000001928,0.0000001929,11531881248.1,2229.01301413957
1697037600000,2023-10-11T15:20:00Z,0.0000001929,0.0000001938,0.0000001928,0.0000001935,720922331,139.3920897976
1697037900000,2023-10-11T15:25:00Z,0.0000001935,0.0000001954,0.000000192,0.000000192,19300351202.6,3717.14133315126
1697038200000,2023-10-11T15:30:00Z,0.000000192,0.0000001928,0.0000001916,0.000000192,29260613957,5615.45457472674
1697038500000,2023-10-11T15:35:00Z,0.000000192,0.0000001925,0.0000001915,0.0000001915,11978858901.1,2297.12772935181
1697038800000,2023-10-11T15:40:00Z,0.0000001915,0.0000001915,0.0000001914,0.0000001914,61709467,11.8111919838
1697039100000,2023-10-11T15:45:00Z,0.0000001914,0.0000001916,0.0000001913,0.0000001913,1460938635.8,279.7933548434
1697039400000,2023-10-11T15:50:00Z,0.0000001913,0.0000001913,0.0000001905,0.0000001908,8484985968.2,1620.32272804728
1697039700000,2023-10-11T15:55:00Z,0.0000001908,0.0000001913,0.0000001907,0.000000191,759940002.6,145.07527708432
1697040000000,2023-10-11T16:00:00Z,0.000000191,0.0000001913,0.0000001906,0.0000001907,749869550,143.1431418694
1697040300000,2023-10-11T16:05:00Z,0.0000001907,0.0000001907,0.0000001896,0.0000001898,4076475923,774.08917075052
1697040600000,2023-10-11T16:10:00Z,0.0000001898,0.00000019,0.0000001889,0.00000019,766754850.6,145.34800044773
1697040900000,2023-10-11T16:15:00Z,0.00000019,0.00000019,0.00000019,0.00000019,647878603,123.09693457
1697041200000,2023-10-11T16:20:00Z,0.00000019,0.00000019,0.0000001888,0.00000019,990110499,187.23474982427
1697041500000,2023-10-11T16:25:00Z,0.00000019,0.00000019,0.0000001897,0.0000001897,70863568,13.4428188496
1697041800000,2023-10-11T16:30:00Z,0.0000001897,0.00000019,0.0000001897,0.0000001897,144104415,27.3693687228
1697042100000,2023-10-11T16:35:00Z,0.0000001897,0.00000019,0.0000001897,0.00000019,1389838959,263.7753693384
1697042400000,2023-10-11T16:40:00Z,0.00000019,0.0000001904,0.0000001897,0.0000001902,1007678297.7,191.59093363818
1697042700000,2023-10-11T16:45:00Z,0.0000001902,0.0000001904,0.0000001897,0.00000019,990216262.8,188.1516522691
1697043000000,2023-10-11T16:50:00Z,0.00000019,0.0000001901,0.0000001894,0.00000019,518508901,98.4960285111
1697043300000,2023-10-11T16:55:00Z,0.00000019,0.0000001902,0.00000019,0.0000001902,689969197,131.2214134688
1697043600000,2023-10-11T17:00:00Z,0.0000001902,0.0000001902,0.0000001889,0.00000019,361185266.8,68.59886493352
1697043900000,2023-10-11T17:05:00Z,0.00000019,0.00000019,0.0000001899,0.0000001899,750081901,142.4600899607
1697044200000,2023-10-11T17:10:00Z,0.0000001899,0.00000019,0.0000001899,0.00000019,1812966853,344.4480890317
1697044500000,2023-10-11T17:15:00Z,0.00000019,0.0000001902,0.0000001899,0.0000001899,778459281.4,147.82968753786
1697044800000,2023-10-11T17:20:00Z,0.0000001899,0.0000001899,0.0000001889,0.0000001897,2059515815.3,389.90607684269
1697045100000,2023-10-11T17:25:00Z,0.0000001897,0.00000019,0.0000001897,0.00000019,196821850,37.3845131269
1697045400000,2023-10-11T17:30:00Z,0.00000019,0.00000019,0.0000001897,0.00000019,1158361990,219.8918334913
1697045700000,2023-10-11T17:35:00Z,0.00000019,0.00000019,0.0000001897,0.00000019,814584253,154.7510761996
1697046000000,2023-10-11T17:40:00Z,0.00000019,0.00000019,0.0000001897,0.00000019,1324417766,251.448445265
1697046300000,2023-10-11T17:45:00Z,0.00000019,0.00000019,0.0000001897,0.00000019,805684206,153.0689702271
1697046600000,2023-10-11T17:50:00Z,0.00000019,0.0000001904,0.0000001897,0.0000001904,1048527419.1,199.11830486824
1697046900000,2023-10-11T17:55:00Z,0.0000001904,0.0000001904,0.0000001897,0.0000001904,1056438704,200.8694980242
1697047200000,2023-10-11T18:00:00Z,0.0000001904,0.0000001905,0.0000001897,0.0000001905,1271559465.4,242.01388246576
1697047500000,2023-10-11T18:05:00Z,0.0000001905,0.0000001905,0.0000001898,0.0000001898,1011362080,192.3480650385
1697047800000,2023-10-11T18:10:00Z,0.0000001898,0.0000001903,0.0000001897,0.00000019,795044208,151.06527908237
1697048100000,2023-10-11T18:15:00Z,0.00000019,0.0000001904,0.0000001897,0.0000001904,1667753793.8,316.80500050097
1697048400000,2023-10-11T18:20:00Z,0.0000001904,0.0000001905,0.0000001897,0.0000001897,795705231.4,151.1229031385
1697048700000,2023-10-11T18:25:00Z,0.0000001897,0.0000001902,0.0000001893,0.0000001897,1413128949,268.17138383226
1697049000000,2023-10-11T18:30:00Z,0.0000001897,0.00000019,0.0000001897,0.00000019,148439550.8,28.1905617341
1697049300000,2023-10-11T18:35:00Z,0.00000019,0.00000019,0.0000001893,0.0000001897,778165920.2,147.64016542266
1697049600000,2023-10-11T18:40:00Z,0.0000001897,0.0000001897,0.0000001897,0.0000001897,321566118,61.0010925846
1697049900000,2023-10-11T18:45:00Z,0.0000001897,0.0000001897,0.0000001896,0.0000001897,561019957.6,106.39711722152
1697050200000,2023-10-11T18:50:00Z,0.0000001897,0.0000001898,0.0000001897,0.0000001898,725045978,137.5580619289
1697050500000,2023-10-11T18:55:00Z,0.0000001898,0.0000001903,0.0000001897,0.0000001903,886078005,168.1276662453
1697050800000,2023-10-11T19:00:00Z,0.0000001903,0.0000001903,0.0000001897,0.0000001897,1238871460,235.1116604578
1697051100000,2023-10-11T19:05:00Z,0.0000001897,0.00000019,0.0000001897,0.0000001897,1938725695.2,367.87085927986
1697051400000,2023-10-11T19:10:00Z,0.0000001897,0.0000001901,0.0000001891,0.0000001897,1499573458.1,284.25613953991
1697051700000,2023-10-11T19:15:00Z,0.0000001897,0.00000019,0.0000001897,0.0000001898,867122906.8,164.65675818944
1697052000000,2023-10-11T19:20:00Z,0.0000001898,0.0000001901,0.0000001897,0.0000001897,1708751297.1,324.3902996053
1697052300000,2023-10-11T19:25:00Z,0.0000001897,0.00000019,0.0000001891,0.0000001891,1101861579.5,209.04320110995
1697052600000,2023-10-11T19:30:00Z,0.0000001891,0.0000001898,0.000000189,0.0000001897,628861766,119.2714126139
1697052900000,2023-10-11T19:35:00Z,0.0000001897,0.00000019,0.0000001897,0.00000019,1492912309,283.3657754317
1697053200000,2023-10-11T19:40:00Z,0.00000019,0.0000001903,0.0000001897,0.0000001903,907961236,172.3696611005
1697053500000,2023-10-11T19:45:00Z,0.0000001903,0.0000001903,0.0000001897,0.0000001897,228699227,43.3842433619
1697053800000,2023-10-11T19:50:00Z,0.0000001897,0.0000001897,0.0000001897,0.0000001897,145219373,27.5481150581
1697054100000,2023-10-11T19:55:00Z,0.0000001897,0.0000001897,0.000000189,0.0000001894,584876072.2,110.75459742194
1697054400000,2023-10-11T20:00:00Z,0.0000001894,0.0000001894,0.0000001887,0.0000001891,2608667156.6,492.48948623651
1697054700000,2023-10-11T20:05:00Z,0.0000001891,0.0000001891,0.0000001891,0.0000001891,0,0
1697055000000,2023-10-11T20:10:00Z,0.0000001891,0.0000001891,0.0000001891,0.0000001891,0,0
1697055300000,2023-10-11T20:15:00Z,0.0000001891,0.0000001891,0.0000001891,0.0000001891,0,0
1697055600000,2023-10-11T20:20:00Z,0.0000001891,0.0000001891,0.0000001887,0.0000001887,634658431.4,119.77691570881
1697055900000,2023-10-11T20:25:00Z,0.0000001887,0.0000001887,0.0000001887,0.0000001887,0,0
1697056200000,2023-10-11T20:30:00Z,0.0000001887,0.0000001887,0.0000001887,0.0000001887,0,0
1697056500000,2023-10-11T20:35:00Z,0.0000001887,0.0000001887,0.0000001887,0.0000001887,0,0
1697056800000,2023-10-11T20:40:00Z,0.0000001887,0.0000001887,0.0000001887,0.0000001887,0,0
1697057100000,2023-10-11T20:45:00Z,0.0000001887,0.0000001887,0.0000001887,0.0000001887,0,0
1697057400000,2023-10-11T20:50:00Z,0.0000001887,0.0000001892,0.0000001887,0.000000189,423375400.9,80.0595716724
1697057700000,2023-10-11T20:55:00Z,0.000000189,0.000000189,0.0000001888,0.0000001888,305124630,57.6265091838
1697058000000,2023-10-11T21:00:00Z,0.0000001888,0.0000001888,0.0000001888,0.0000001888,80860952.5,15.266547832
1697058300000,2023-10-11T21:05:00Z,0.0000001888,0.0000001888,0.0000001888,0.0000001888,209711555.4,39.59354165952
1697058600000,2023-10-11T21:10:00Z,0.0000001888,0.0000001888,0.0000001888,0.0000001888,0,0
1697058900000,2023-10-11T21:15:00Z,0.0000001888,0.0000001888,0.0000001888,0.0000001888,971464,0.1834124032
1697059200000,2023-10-11T21:20:00Z,0.0000001888,0.0000001888,0.0000001885,0.0000001885,3748750621.9,707.01441233427
1697059500000,2023-10-11T21:25:00Z,0.0000001885,0.0000001885,0.0000001883,0.0000001884,1989787320.5,374.83695245015
1697059800000,2023-10-11T21:30:00Z,0.0000001884,0.0000001884,0.0000001883,0.0000001883,547439956.8,103.08294386544
1697060100000,2023-10-11T21:35:00Z,0.0000001883,0.0000001883,0.0000001883,0.0000001883,0,0
1697060400000,2023-10-11T21:40:00Z,0.0000001883,0.0000001887,0.0000001883,0.0000001887,1965487686.3,370.88752640481
1697060700000,2023-10-11T21:45:00Z,0.0000001887,0.0000001887,0.0000001887,0.0000001887,278720241,52.5945094767
1697061000000,2023-10-11T21:50:00Z,0.0000001887,0.000000189,0.0000001887,0.000000189,155117520,29.309455404
1697061300000,2023-10-11T21:55:00Z,0.000000189,0.0000001897,0.000000189,0.0000001897,127429881,24.1734484257
1697061600000,2023-10-11T22:00:00Z,0.0000001897,0.0000001897,0.0000001896,0.0000001896,11821934,2.2414386864
1697061900000,2023-10-11T22:05:00Z,0.0000001896,0.0000001896,0.0000001892,0.0000001893,1165919337.3,220.61509555832
1697062200000,2023-10-11T22:10:00Z,0.0000001893,0.0000001893,0.0000001892,0.0000001893,918424690.2,173.84844684827
1697062500000,2023-10-11T22:15:00Z,0.0000001893,0.0000001893,0.0000001893,0.0000001893,157695775.6,29.85181032108
1697062800000,2023-10-11T22:20:00Z,0.0000001893,0.0000001897,0.0000001893,0.0000001897,927742545.6,175.8445344034
1697063100000,2023-10-11T22:25:00Z,0.0000001897,0.0000001899,0.0000001897,0.0000001899,4208080800.7,798.32409302559
1697063400000,2023-10-11T22:30:00Z,0.0000001899,0.0000001919,0.0000001899,0.000000191,32986824129.4,6303.96321198035
1697063700000,2023-10-11T22:35:00Z,0.000000191,0.0000001917,0.0000001909,0.0000001913,36906277830.9,7065.53872204979
1697064000000,2023-10-11T22:40:00Z,0.0000001913,0.0000001917,0.0000001912,0.0000001913,12706071987.9,2433.3655299934
1697064300000,2023-10-11T22:45:00Z,0.0000001913,0.000000192,0.0000001913,0.0000001917,29971641444.3,5749.90531712967
1697064600000,2023-10-11T22:50:00Z,0.0000001917,0.0000001917,0.0000001905,0.0000001907,13349846892.7,2550.53818014563
1697064900000,2023-10-11T22:55:00Z,0.0000001907,0.0000001912,0.0000001906,0.0000001909,971179062.4,185.29599373088
1697065200000,2023-10-11T23:00:00Z,0.0000001909,0.0000001909,0.0000001909,0.0000001909,342780378,65.4367741602
1697065500000,2023-10-11T23:05:00Z,0.0000001909,0.000000191,0.0000001908,0.000000191,928009800,177.1542912698
1697065800000,2023-10-11T23:10:00Z,0.000000191,0.000000191,0.000000191,0.000000191,0,0
1697066100000,2023-10-11T23:15:00Z,0.000000191,0.0000001914,0.000000191,0.0000001911,469640119,89.79749566116
1697066400000,2023-10-11T23:20:00Z,0.0000001911,0.0000001913,0.0000001911,0.0000001913,263830949,50.4708605437
1697066700000,2023-10-11T23:25:00Z,0.0000001913,0.0000001914,0.0000001911,0.0000001911,1957195972.4,374.52347001786
1697067000000,2023-10-11T23:30:00Z,0.0000001911,0.0000001913,0.0000001911,0.0000001911,931974171,178.1858921009
1697067300000,2023-10-11T23:35:00Z,0.0000001911,0.0000001913,0.0000001911,0.0000001913,444094572,84.9384918185
1697067600000,2023-10-11T23:40:00Z,0.0000001913,0.0000001916,0.0000001913,0.0000001916,4397381677.2,842.26909536962
1697067900000,2023-10-11T23:45:00Z,0.0000001916,0.0000001916,0.0000001911,0.0000001913,832303296.7,159.14037959946
1697068200000,2023-10-11T23:50:00Z,0.0000001913,0.0000001914,0.0000001911,0.0000001911,606981470,116.0919893709
1697068500000,2023-10-11T23:55:00Z,0.0000001911,0.0000001918,0.0000001911,0.0000001913,16544157757.7,3172.02250095292
1697068800000,2023-10-12T00:00:00Z,0.0000001913,0.0000001913,0.0000001906,0.0000001906,4578182796.1,873.88533405868
1697069100000,2023-10-12T00:05:00Z,0.0000001906,0.0000001906,0.0000001898,0.0000001898,805259621.2,153.24964556254
1697069400000,2023-10-12T00:10:00Z,0.0000001898,0.0000001903,0.0000001897,0.0000001897,244300701.6,46.39652723748
1697069700000,2023-10-12T00:15:00Z,0.0000001897,0.0000001903,0.0000001895,0.0000001895,786511582.1,149.46446731837
1697070000000,2023-10-12T00:20:00Z,0.0000001895,0.0000001897,0.0000001878,0.0000001883,24468635969.1,4604.94715682171
1697070300000,2023-10-12T00:25:00Z,0.0000001883,0.0000001893,0.0000001879,0.0000001879,51817167992.4,9758.50693530765
1697070600000,2023-10-12T00:30:00Z,0.0000001879,0.0000001887,0.0000001876,0.0000001883,39952259194.8,7527.82230275795
1697070900000,2023-10-12T00:35:00Z,0.0000001883,0.0000001887,0.0000001878,0.0000001878,3514462243.4,661.94893759002
1697071200000,2023-10-12T00:40:00Z,0.0000001878,0.0000001897,0.000000187,0.0000001883,57185936680.4,10731.59786075913
1697071500000,2023-10-12T00:45:00Z,0.0000001883,0.0000001883,0.0000001883,0.0000001883,0,0
1697071800000,2023-10-12T00:50:00Z,0.0000001883,0.0000001883,0.0000001883,0.0000001883,0,0
1697072100000,2023-10-12T00:55:00Z,0.0000001883,0.0000001883,0.0000001883,0.0000001883,0,0
1697072400000,2023-10-12T01:00:00Z,0.0000001883,0.0000001887,0.0000001883,0.0000001887,264690312,49.9470618744
1697072700000,2023-10-12T01:05:00Z,0.0000001887,0.0000001887,0.0000001887,0.0000001887,0,0
1697073000000,2023-10-12T01:10:00Z,0.0000001887,0.0000001887,0.0000001884,0.0000001884,69199021,13.0370955564
1697073300000,2023-10-12T01:15:00Z,0.0000001884,0.0000001884,0.0000001884,0.0000001884,0,0
1697073600000,2023-10-12T01:20:00Z,0.0000001884,0.0000001893,0.0000001884,0.0000001893,150000000,28.39328897625
1697073900000,2023-10-12T01:25:00Z,0.0000001893,0.0000001893,0.0000001893,0.0000001893,0,0
1697074200000,2023-10-12T01:30:00Z,0.0000001893,0.0000001893,0.000000188,0.0000001884,548622961.1,103.2991646522
1697074500000,2023-10-12T01:35:00Z,0.0000001884,0.0000001884,0.0000001884,0.0000001884,0,0
1697074800000,2023-10-12T01:40:00Z,0.0000001884,0.0000001884,0.0000001884,0.0000001884,0,0
1697075100000,2023-10-12T01:45:00Z,0.0000001884,0.0000001884,0.0000001884,0.0000001884,0,0
1697075400000,2023-10-12T01:50:00Z,0.0000001884,0.0000001884,0.0000001878,0.0000001878,73570034.3,13.81702278279
1697075700000,2023-10-12T01:55:00Z,0.0000001878,0.0000001878,0.0000001878,0.0000001878,0,0
1697076000000,2023-10-12T02:00:00Z,0.0000001878,0.0000001878,0.0000001878,0.0000001878,0,0
1697076300000,2023-10-12T02:05:00Z,0.0000001878,0.000000189,0.0000001878,0.000000189,18596932.1,3.5148201669
1697076600000,2023-10-12T02:10:00Z,0.000000189,0.0000001898,0.0000001883,0.0000001883,558291677.1,105.82893875178
1697076900000,2023-10-12T02:15:00Z,0.0000001883,0.0000001883,0.0000001883,0.0000001883,0,0
1697077200000,2023-10-12T02:20:00Z,0.0000001883,0.0000001883,0.0000001883,0.0000001883,0,0
1697077500000,2023-10-12T02:25:00Z,0.0000001883,0.0000001883,0.0000001883,0.0000001883,0,0
1697077800000,2023-10-12T02:30:00Z,0.0000001883,0.0000001883,0.0000001883,0.0000001883,0,0
1697078100000,2023-10-12T02:35:00Z,0.0000001883,0.0000001884,0.000000188,0.000000188,546999468.9,102.88345965437
1697078400000,2023-10-12T02:40:00Z,0.000000188,0.000000188,0.000000188,0.000000188,0,0
1697078700000,2023-10-12T02:45:00Z,0.000000188,0.000000188,0.000000188,0.000000188,0,0
1697079000000,2023-10-12T02:50:00Z,0.000000188,0.000000188,0.000000188,0.000000188,0,0
1697079300000,2023-10-12T02:55:00Z,0.000000188,0.000000188,0.000000188,0.000000188,0,0
1697079600000,2023-10-12T03:00:00Z,0.000000188,0.0000001901,0.000000188,0.0000001895,1112189563.1,210.78333175693
1697079900000,2023-10-12T03:05:00Z,0.0000001895,0.0000001895,0.0000001895,0.0000001895,0,0
1697080200000,2023-10-12T03:10:00Z,0.0000001895,0.0000001895,0.0000001895,0.0000001895,0,0
1697080500000,2023-10-12T03:15:00Z,0.0000001895,0.0000001895,0.000000188,0.000000188,13852777.6,2.6043221888
1697080800000,2023-10-12T03:20:00Z,0.000000188,0.000000188,0.000000188,0.000000188,0,0
1697081100000,2023-10-12T03:25:00Z,0.000000188,0.000000188,0.000000188,0.000000188,0,0
1697081400000,2023-10-12T03:30:00Z,0.000000188,0.000000188,0.000000188,0.000000188,0,0
1697081700000,2023-10-12T03:35:00Z,0.000000188,0.0000001882,0.000000188,0.0000001882,509454391.1,95.87619097574
1697082000000,2023-10-12T03:40:00Z,0.0000001882,0.0000001882,0.0000001882,0.0000001882,22737912.7,4.27927517014
1697082300000,2023-10-12T03:45:00Z,0.0000001882,0.0000001882,0.0000001882,0.0000001882,0,0
1697082600000,2023-10-12T03:50:00Z,0.0000001882,0.0000001889,0.0000001882,0.0000001889,32026045.8,6.04972005162
1697082900000,2023-10-12T03:55:00Z,0.0000001889,0.0000001889,0.0000001889,0.0000001889,0,0
1697083200000,2023-10-12T04:00:00Z,0.0000001889,0.0000001889,0.0000001889,0.0000001889,0,0
1697083500000,2023-10-12T04:05:00Z,0.0000001889,0.0000001889,0.0000001889,0.0000001889,0,0
1697083800000,2023-10-12T04:10:00Z,0.0000001889,0.0000001889,0.0000001889,0.0000001889,0,0
1697084100000,2023-10-12T04:15:00Z,0.0000001889,0.0000001889,0.0000001887,0.0000001887,1902391561.5,359.0213977301
1697084400000,2023-10-12T04:20:00Z,0.0000001887,0.0000001887,0.0000001883,0.0000001885,9329197420.4,1758.53374882758
1697084700000,2023-10-12T04:25:00Z,0.0000001885,0.0000001885,0.0000001885,0.0000001885,0,0
1697085000000,2023-10-12T04:30:00Z,0.0000001885,0.0000001888,0.0000001885,0.0000001888,1068064975,201.65066728
1697085300000,2023-10-12T04:35:00Z,0.0000001888,0.0000001888,0.0000001888,0.0000001888,0,0
1697085600000,2023-10-12T04:40:00Z,0.0000001888,0.0000001888,0.0000001888,0.0000001888,0,0
1697085900000,2023-10-12T04:45:00Z,0.0000001888,0.0000001888,0.0000001888,0.0000001888,0,0
1697086200000,2023-10-12T04:50:00Z,0.0000001888,0.0000001901,0.0000001888,0.0000001901,987076750.6,187.50330457616
1697086500000,2023-10-12T04:55:00Z,0.0000001901,0.0000001901,0.0000001901,0.0000001901,882106722.4,167.68848792824
1697086800000,2023-10-12T05:00:00Z,0.0000001901,0.0000001901,0.0000001891,0.0000001891,1341307879.9,254.60519622007
1697087100000,2023-10-12T05:05:00Z,0.0000001891,0.0000001891,0.0000001891,0.0000001891,0,0
1697087400000,2023-10-12T05:10:00Z,0.0000001891,0.0000001891,0.0000001891,0.0000001891,0,0
1697087700000,2023-10-12T05:15:00Z,0.0000001891,0.0000001891,0.0000001891,0.0000001891,0,0
1697088000000,2023-10-12T05:20:00Z,0.0000001891,0.0000001891,0.0000001891,0.0000001891,0,0
1697088300000,2023-10-12T05:25:00Z,0.0000001891,0.0000001891,0.0000001891,0.0000001891,0,0
1697088600000,2023-10-12T05:30:00Z,0.0000001891,0.0000001891,0.0000001891,0.0000001891,0,0
1697088900000,2023-10-12T05:35:00Z,0.0000001891,0.0000001891,0.0000001891,0.0000001891,0,0
1697089200000,2023-10-12T05:40:00Z,0.0000001891,0.0000001892,0.0000001891,0.0000001892,11820948,2.2365233616
1697089500000,2023-10-12T05:45:00Z,0.0000001892,0.0000001892,0.0000001892,0.0000001892,0,0
1697089800000,2023-10-12T05:50:00Z,0.0000001892,0.0000001892,0.0000001892,0.0000001892,0,0
1697090100000,2023-10-12T05:55:00Z,0.0000001892,0.00000019,0.0000001892,0.00000019,54952559.9,10.440986381
1697090400000,2023-10-12T06:00:00Z,0.00000019,0.00000019,0.00000019,0.00000019,0,0
1697090700000,2023-10-12T06:05:00Z,0.00000019,0.00000019,0.00000019,0.00000019,0,0
1697091000000,2023-10-12T06:10:00Z,0.00000019,0.00000019,0.00000019,0.00000019,0,0
1697091300000,2023-10-12T06:15:00Z,0.00000019,0.00000019,0.00000019,0.00000019,0,0
1697091600000,2023-10-12T06:20:00Z,0.00000019,0.00000019,0.00000019,0.00000019,0,0
1697091900000,2023-10-12T06:25:00Z,0.00000019,0.00000019,0.00000019,0.00000019,0,0
1697092200000,2023-10-12T06:30:00Z,0.00000019,0.00000019,0.00000019,0.00000019,5263157.8,0.999999982
1697092500000,2023-10-12T06:35:00Z,0.00000019,0.00000019,0.00000019,0.00000019,0,0
1697092800000,2023-10-12T06:40:00Z,0.00000019,0.00000019,0.00000019,0.00000019,0,0
1697093100000,2023-10-12T06:45:00Z,0.00000019,0.00000019,0.0000001892,0.0000001892,154294658,29.1925492936
1697093400000,2023-10-12T06:50:00Z,0.0000001892,0.0000001892,0.0000001892,0.0000001892,0,0
1697093700000,2023-10-12T06:55:00Z,0.0000001892,0.0000001892,0.0000001892,0.0000001892,0,0
1697094000000,2023-10-12T07:00:00Z,0.0000001892,0.0000001892,0.0000001892,0.0000001892,0,0
1697094300000,2023-10-12T07:05:00Z,0.0000001892,0.0000001892,0.0000001892,0.0000001892,142706131,26.9999999852
1697094600000,2023-10-12T07:10:00Z,0.0000001892,0.0000001892,0.0000001892,0.0000001892,0,0
1697094900000,2023-10-12T07:15:00Z,0.0000001892,0.0000001892,0.0000001892,0.0000001892,0,0
1697095200000,2023-10-12T07:20:00Z,0.0000001892,0.0000001892,0.0000001892,0.0000001892,0,0
1697095500000,2023-10-12T07:25:00Z,0.0000001892,0.0000001892,0.0000001883,0.0000001883,1030246281.3,194.78377182315
1697095800000,2023-10-12T07:30:00Z,0.0000001883,0.0000001888,0.0000001883,0.0000001887,1802062735.4,340.05979797911
1697096100000,2023-10-12T07:35:00Z,0.0000001887,0.0000001887,0.0000001887,0.0000001887,0,0
1697096400000,2023-10-12T07:40:00Z,0.0000001887,0.0000001887,0.0000001887,0.0000001887,0,0
1697096700000,2023-10-12T07:45:00Z,0.0000001887,0.0000001887,0.0000001887,0.0000001887,893408.5,0.16858618395
1697097000000,2023-10-12T07:50:00Z,0.0000001887,0.0000001887,0.0000001887,0.0000001887,0,0
1697097300000,2023-10-12T07:55:00Z,0.0000001887,0.0000001887,0.0000001887,0.0000001887,0,0
1697097600000,2023-10-12T08:00:00Z,0.0000001887,0.0000001887,0.0000001887,0.0000001887,0,0
1697097900000,2023-10-12T08:05:00Z,0.0000001887,0.0000001901,0.0000001887,0.0000001901,61242205.2,11.64214320852
1697098200000,2023-10-12T08:10:00Z,0.0000001901,0.0000001901,0.0000001901,0.0000001901,0,0
1697098500000,2023-10-12T08:15:00Z,0.0000001901,0.0000001901,0.0000001901,0.0000001901,0,0
1697098800000,2023-10-12T08:20:00Z,0.0000001901,0.0000001901,0.0000001901,0.0000001901,105207785.3,19.99999998553
1697099100000,2023-10-12T08:25:00Z,0.0000001901,0.0000001901,0.0000001901,0.0000001901,526038926.8,99.99999998468
1697099400000,2023-10-12T08:30:00Z,0.0000001901,0.0000001901,0.0000001901,0.0000001901,5260389.2,0.99999998692
1697099700000,2023-10-12T08:35:00Z,0.0000001901,0.0000001901,0.0000001901,0.0000001901,0,0
1697100000000,2023-10-12T08:40:00Z,0.0000001901,0.0000001901,0.0000001901,0.0000001901,0,0
1697100300000,2023-10-12T08:45:00Z,0.0000001901,0.0000001901,0.0000001885,0.0000001885,2580707230.3,486.87558051393
1697100600000,2023-10-12T08:50:00Z,0.0000001885,0.0000001885,0.0000001883,0.0000001884,652420000.8,122.8659549782
1697100900000,2023-10-12T08:55:00Z,0.0000001884,0.0000001887,0.0000001883,0.0000001885,6878354707.4,1297.0780026025
1697101200000,2023-10-12T09:00:00Z,0.0000001885,0.0000001885,0.0000001884,0.0000001885,1686308961.2,317.71019662996
1697101500000,2023-10-12T09:05:00Z,0.0000001885,0.0000001885,0.0000001885,0.0000001885,0,0
1697101800000,2023-10-12T09:10:00Z,0.0000001885,0.0000001885,0.0000001885,0.0000001885,0,0
1697102100000,2023-10-12T09:15:00Z,0.0000001885,0.0000001898,0.0000001885,0.0000001898,356969134.9,67.71096093522
1697102400000,2023-10-12T09:20:00Z,0.0000001898,0.0000001898,0.0000001888,0.0000001888,126277420.2,23.84117693376
1697102700000,2023-10-12T09:25:00Z,0.0000001888,0.0000001888,0.0000001888,0.0000001888,0,0
1697103000000,2023-10-12T09:30:00Z,0.0000001888,0.0000001888,0.0000001888,0.0000001888,0,0
1697103300000,2023-10-12T09:35:00Z,0.0000001888,0.0000001888,0.0000001878,0.0000001878,5158476924.5,971.44659051684
1697103600000,2023-10-12T09:40:00Z,0.0000001878,0.0000001878,0.0000001878,0.0000001878,0,0
1697103900000,2023-10-12T09:45:00Z,0.0000001878,0.0000001878,0.0000001878,0.0000001878,0,0
1697104200000,2023-10-12T09:50:00Z,0.0000001878,0.0000001878,0.0000001878,0.0000001878,0,0
1697104500000,2023-10-12T09:55:00Z,0.0000001878,0.0000001888,0.0000001878,0.0000001887,1923151850.7,362.91660168448
1697104800000,2023-10-12T10:00:00Z,0.0000001887,0.0000001887,0.0000001887,0.0000001887,0,0
1697105100000,2023-10-12T10:05:00Z,0.0000001887,0.0000001887,0.0000001887,0.0000001887,0,0
1697105400000,2023-10-12T10:10:00Z,0.0000001887,0.0000001887,0.0000001887,0.0000001887,6692754.3,1.26292273641
1697105700000,2023-10-12T10:15:00Z,0.0000001887,0.0000001892,0.0000001887,0.0000001892,122304587,23.1388871779
1697106000000,2023-10-12T10:20:00Z,0.0000001892,0.0000001892,0.0000001881,0.0000001881,378197076,71.1388699956
1697106300000,2023-10-12T10:25:00Z,0.0000001881,0.0000001881,0.000000188,0.0000001881,1589967469,298.9825690592
1697106600000,2023-10-12T10:30:00Z,0.0000001881,0.0000001881,0.0000001872,0.0000001872,1152603307,215.98407390401
1697106900000,2023-10-12T10:35:00Z,0.0000001872,0.0000001877,0.0000001872,0.0000001873,763202178,143.0682395616
1697107200000,2023-10-12T10:40:00Z,0.0000001873,0.0000001874,0.0000001873,0.0000001874,258319617,48.4090962258
1697107500000,2023-10-12T10:45:00Z,0.0000001874,0.0000001875,0.0000001872,0.0000001872,815671141,152.8986766197
1697107800000,2023-10-12T10:50:00Z,0.0000001872,0.0000001874,0.0000001872,0.0000001874,394729278,73.9323300727
1697108100000,2023-10-12T10:55:00Z,0.0000001874,0.0000001874,0.0000001871,0.0000001872,1395046405,261.0507792634
1697108400000,2023-10-12T11:00:00Z,0.0000001872,0.0000001877,0.0000001872,0.0000001872,1875214334,351.5711992513
1697108700000,2023-10-12T11:05:00Z,0.0000001872,0.0000001875,0.0000001871,0.0000001871,895145483.8,167.69760529928
1697109000000,2023-10-12T11:10:00Z,0.0000001871,0.0000001877,0.0000001871,0.0000001875,1138090370,213.5530641016
1697109300000,2023-10-12T11:15:00Z,0.0000001875,0.0000001878,0.0000001861,0.0000001861,2140422818.7,400.88697870489
1697109600000,2023-10-12T11:20:00Z,0.0000001861,0.0000001863,0.0000001853,0.0000001855,1694814413.9,314.76096957033
1697109900000,2023-10-12T11:25:00Z,0.0000001855,0.0000001876,0.0000001855,0.0000001876,2452774891.4,456.99877145756
1697110200000,2023-10-12T11:30:00Z,0.0000001876,0.0000001876,0.0000001862,0.0000001869,10296783278,1918.86040718312
1697110500000,2023-10-12T11:35:00Z,0.0000001869,0.0000001869,0.0000001861,0.0000001861,1446235684,269.6545687042
1697110800000,2023-10-12T11:40:00Z,0.0000001861,0.0000001864,0.0000001858,0.0000001861,1395400413,259.8725749606
1697111100000,2023-10-12T11:45:00Z,0.0000001861,0.0000001861,0.0000001858,0.0000001858,2406434062,447.3264373782
1697111400000,2023-10-12T11:50:00Z,0.0000001858,0.0000001861,0.0000001858,0.0000001859,811919322,150.9933104282
1697111700000,2023-10-12T11:55:00Z,0.0000001859,0.000000186,0.000000183,0.0000001838,5846226694.6,1076.42964525923
1697112000000,2023-10-12T12:00:00Z,0.0000001838,0.0000001848,0.0000001832,0.0000001843,1494618862.9,275.22462858329
1697112300000,2023-10-12T12:05:00Z,0.0000001843,0.0000001846,0.0000001836,0.0000001836,497214873.7,91.43029350384
1697112600000,2023-10-12T12:10:00Z,0.0000001836,0.0000001836,0.000000183,0.000000183,4224502191,773.9025952847
1697112900000,2023-10-12T12:15:00Z,0.000000183,0.0000001835,0.0000001829,0.0000001829,810927252,148.5464172119
1697113200000,2023-10-12T12:20:00Z,0.0000001829,0.0000001838,0.0000001829,0.0000001833,1627148149,298.02980090528
1697113500000,2023-10-12T12:25:00Z,0.0000001833,0.0000001833,0.0000001828,0.0000001828,884699060.1,161.81082375248
1697113800000,2023-10-12T12:30:00Z,0.0000001828,0.0000001829,0.0000001828,0.0000001829,827672019.7,151.38121240313
1697114100000,2023-10-12T12:35:00Z,0.0000001829,0.0000001831,0.0000001825,0.0000001829,1605758290.9,293.5227858774
1697114400000,2023-10-12T12:40:00Z,0.0000001829,0.0000001829,0.0000001825,0.0000001826,1168956849,213.462169047
1697114700000,2023-10-12T12:45:00Z,0.0000001826,0.0000001828,0.0000001826,0.0000001828,459821646.4,83.98142089632
1697115000000,2023-10-12T12:50:00Z,0.0000001828,0.0000001829,0.0000001824,0.0000001824,1170062776.1,213.63487773366
1697115300000,2023-10-12T12:55:00Z,0.0000001824,0.0000001825,0.000000181,0.0000001815,3185622517.9,578.47310873821
1697115600000,2023-10-12T13:00:00Z,0.0000001815,0.0000001822,0.0000001801,0.0000001815,9178313488,1665.86062781182
1697115900000,2023-10-12T13:05:00Z,0.0000001815,0.0000001826,0.0000001815,0.0000001825,1142575082,208.52308266615
1697116200000,2023-10-12T13:10:00Z,0.0000001825,0.0000001826,0.0000001825,0.0000001826,433408515,79.1238629603
1697116500000,2023-10-12T13:15:00Z,0.0000001826,0.0000001826,0.0000001797,0.0000001799,3552972546.8,642.28834684297
1697116800000,2023-10-12T13:20:00Z,0.0000001799,0.0000001799,0.0000001786,0.000000179,6337643923.6,1134.44039327917
1697117100000,2023-10-12T13:25:00Z,0.000000179,0.0000001799,0.000000179,0.0000001798,2458357234.9,441.44341480382
1697117400000,2023-10-12T13:30:00Z,0.0000001798,0.0000001798,0.0000001778,0.0000001784,3369401311.4,601.76211827192
1697117700000,2023-10-12T13:35:00Z,0.0000001784,0.0000001784,0.0000001758,0.0000001761,10318779428.5,1825.2976939675
1697118000000,2023-10-12T13:40:00Z,0.0000001761,0.0000001774,0.0000001745,0.0000001755,27554851041.1,4841.21440483865
1697118300000,2023-10-12T13:45:00Z,0.0000001755,0.0000001765,0.0000001752,0.0000001763,538889456.5,94.7114590919
1697118600000,2023-10-12T13:50:00Z,0.0000001763,0.0000001768,0.0000001763,0.0000001766,267118584,47.1494347138
1697118900000,2023-10-12T13:55:00Z,0.0000001766,0.0000001766,0.0000001751,0.0000001751,810838826,142.79403573084
1697119200000,2023-10-12T14:00:00Z,0.0000001751,0.0000001752,0.0000001743,0.0000001744,1949198719.3,340.91177114057
1697119500000,2023-10-12T14:05:00Z,0.0000001744,0.0000001751,0.0000001744,0.0000001751,128974840,22.58053708
1697119800000,2023-10-12T14:10:00Z,0.0000001751,0.0000001756,0.0000001749,0.000000175,4035727499,708.05498085777
1697120100000,2023-10-12T14:15:00Z,0.000000175,0.0000001763,0.000000175,0.000000176,3720276334.9,653.7492955372
1697120400000,2023-10-12T14:20:00Z,0.000000176,0.0000001786,0.000000176,0.0000001786,1697737684,302.32599969815
1697120700000,2023-10-12T14:25:00Z,0.0000001786,0.0000001803,0.000000178,0.0000001801,3982605259.8,712.57150565761
1697121000000,2023-10-12T14:30:00Z,0.0000001801,0.0000001815,0.0000001797,0.0000001814,3755273423.8,678.53306560595
1697121300000,2023-10-12T14:35:00Z,0.0000001814,0.0000001814,0.0000001806,0.0000001811,1495477820.9,270.37264118103
1697121600000,2023-10-12T14:40:00Z,0.0000001811,0.0000001811,0.0000001802,0.0000001805,669807835.7,120.85145997284
1697121900000,2023-10-12T14:45:00Z,0.0000001805,0.0000001811,0.0000001804,0.0000001805,1663426021.8,300.52667278579
1697122200000,2023-10-12T14:50:00Z,0.0000001805,0.0000001811,0.0000001804,0.0000001809,679455061.5,122.908841957
1697122500000,2023-10-12T14:55:00Z,0.0000001809,0.0000001809,0.0000001806,0.0000001806,465385542,84.0779380961
1697122800000,2023-10-12T15:00:00Z,0.0000001806,0.0000001806,0.0000001794,0.0000001794,5396255743.5,970.31075842219
1697123100000,2023-10-12T15:05:00Z,0.0000001794,0.0000001804,0.0000001789,0.0000001789,2126771453.5,381.21704057332
1697123400000,2023-10-12T15:10:00Z,0.0000001789,0.0000001797,0.0000001789,0.0000001796,364875134.1,65.55955648427
1697123700000,2023-10-12T15:15:00Z,0.0000001796,0.0000001796,0.0000001795,0.0000001795,860472018,154.5059810231
1697124000000,2023-10-12T15:20:00Z,0.0000001795,0.0000001797,0.0000001794,0.0000001794,342280806,61.4772436767
1697124300000,2023-10-12T15:25:00Z,0.0000001794,0.0000001795,0.000000179,0.0000001791,626918701.2,112.3114967827
1697124600000,2023-10-12T15:30:00Z,0.0000001791,0.0000001792,0.0000001768,0.000000177,5597761799.7,992.12241223056
1697124900000,2023-10-12T15:35:00Z,0.000000177,0.0000001772,0.0000001758,0.0000001758,10836634640.7,1908.67833497045
1697125200000,2023-10-12T15:40:00Z,0.0000001758,0.0000001771,0.0000001758,0.0000001771,66923480,11.852148308
1697125500000,2023-10-12T15:45:00Z,0.0000001771,0.0000001771,0.0000001771,0.0000001771,0,0
1697125800000,2023-10-12T15:50:00Z,0.0000001771,0.0000001771,0.0000001771,0.0000001771,23000000,4.0733
1697126100000,2023-10-12T15:55:00Z,0.0000001771,0.0000001771,0.0000001771,0.0000001771,0,0
1697126400000,2023-10-12T16:00:00Z,0.0000001771,0.0000001771,0.0000001768,0.0000001771,2102394084.5,372.025531989
1697126700000,2023-10-12T16:05:00Z,0.0000001771,0.0000001778,0.0000001768,0.0000001768,1040914084,184.59583614652
1697127000000,2023-10-12T16:10:00Z,0.0000001768,0.0000001776,0.0000001768,0.000000177,1352475283.3,239.90035653429
1697127300000,2023-10-12T16:15:00Z,0.000000177,0.0000001776,0.0000001769,0.0000001773,1128717326,200.1121003537
1697127600000,2023-10-12T16:20:00Z,0.0000001773,0.0000001773,0.0000001773,0.0000001773,191372393,33.9303252789
1697127900000,2023-10-12T16:25:00Z,0.0000001773,0.000000178,0.0000001772,0.000000178,1093527399,194.34519163218
1697128200000,2023-10-12T16:30:00Z,0.000000178,0.0000001782,0.0000001772,0.0000001781,1012501461.7,180.11362421867
1697128500000,2023-10-12T16:35:00Z,0.0000001781,0.000000179,0.0000001781,0.0000001786,2069850417.6,369.81633687559
1697128800000,2023-10-12T16:40:00Z,0.0000001786,0.0000001791,0.0000001786,0.0000001787,814320842,145.63358390321
1697129100000,2023-10-12T16:45:00Z,0.0000001787,0.0000001793,0.0000001786,0.000000179,5636449516,1009.67859383598
1697129400000,2023-10-12T16:50:00Z,0.000000179,0.000000179,0.0000001786,0.0000001787,545525707.3,97.52326478961
1697129700000,2023-10-12T16:55:00Z,0.0000001787,0.0000001787,0.0000001783,0.0000001783,439343378,78.3595394046
1697130000000,2023-10-12T17:00:00Z,0.0000001783,0.0000001783,0.0000001774,0.0000001774,174588459,31.0047970776
1697130300000,2023-10-12T17:05:00Z,0.0000001774,0.0000001777,0.0000001774,0.0000001777,899841396,159.8583020794
1697130600000,2023-10-12T17:10:00Z,0.0000001777,0.0000001781,0.0000001777,0.0000001781,2209125755,392.8674664278
1697130900000,2023-10-12T17:15:00Z,0.0000001781,0.0000001782,0.000000178,0.0000001782,497523059,88.6346177439
1697131200000,2023-10-12T17:20:00Z,0.0000001782,0.0000001782,0.0000001779,0.000000178,541086015,96.2883966896
1697131500000,2023-10-12T17:25:00Z,0.000000178,0.0000001782,0.0000001777,0.000000178,1174023072,208.8070222402
1697131800000,2023-10-12T17:30:00Z,0.000000178,0.000000178,0.0000001763,0.0000001764,2952872494.4,522.8351827106
1697132100000,2023-10-12T17:35:00Z,0.0000001764,0.0000001764,0.0000001757,0.0000001763,2101573637,370.5043489149
1697132400000,2023-10-12T17:40:00Z,0.0000001763,0.0000001768,0.0000001761,0.0000001765,1668206073.4,294.42602760732
1697132700000,2023-10-12T17:45:00Z,0.0000001765,0.0000001767,0.0000001765,0.0000001766,1502059237,265.2589275257
1697133000000,2023-10-12T17:50:00Z,0.0000001766,0.0000001766,0.0000001765,0.0000001766,841257419,148.5467731271
1697133300000,2023-10-12T17:55:00Z,0.0000001766,0.0000001769,0.0000001766,0.0000001769,1113096289.3,196.84212759913
1697133600000,2023-10-12T18:00:00Z,0.0000001769,0.0000001769,0.0000001767,0.0000001768,455822399,80.5839612604
1697133900000,2023-10-12T18:05:00Z,0.0000001768,0.0000001768,0.0000001768,0.0000001768,1545048293,273.1645382024
1697134200000,2023-10-12T18:10:00Z,0.0000001768,0.0000001769,0.0000001768,0.0000001769,280787070.5,49.65631331765
1697134500000,2023-10-12T18:15:00Z,0.0000001769,0.0000001772,0.0000001769,0.0000001772,476657010,84.463622172
1697134800000,2023-10-12T18:20:00Z,0.0000001772,0.0000001772,0.0000001768,0.0000001768,1707737080.1,302.15948825782
1697135100000,2023-10-12T18:25:00Z,0.0000001768,0.0000001771,0.0000001768,0.0000001768,818316274,144.8740387625
1697135400000,2023-10-12T18:30:00Z,0.0000001768,0.0000001771,0.0000001764,0.000000177,1121897106,198.2647689854
1697135700000,2023-10-12T18:35:00Z,0.000000177,0.000000177,0.0000001768,0.0000001768,1206835321,213.5321390201
1697136000000,2023-10-12T18:40:00Z,0.0000001768,0.0000001781,0.0000001768,0.0000001775,2083944725.8,369.66861497747
1697136300000,2023-10-12T18:45:00Z,0.0000001775,0.0000001775,0.000000176,0.0000001762,1418289035.8,250.38262826286
1697136600000,2023-10-12T18:50:00Z,0.0000001762,0.0000001764,0.0000001759,0.000000176,1476111833.4,259.99312827862
1697136900000,2023-10-12T18:55:00Z,0.000000176,0.0000001776,0.000000176,0.0000001774,1109769680.4,196.55303735366
1697137200000,2023-10-12T19:00:00Z,0.0000001774,0.0000001781,0.0000001769,0.0000001781,1858851254.8,329.97735709374
1697137500000,2023-10-12T19:05:00Z,0.0000001781,0.0000001782,0.0000001765,0.000000177,3070279412.2,544.66813206982
1697137800000,2023-10-12T19:10:00Z,0.000000177,0.000000177,0.0000001763,0.0000001766,1839929598,325.0252408798
1697138100000,2023-10-12T19:15:00Z,0.0000001766,0.0000001767,0.0000001764,0.0000001764,728423364,128.6369640188
1697138400000,2023-10-12T19:20:00Z,0.0000001764,0.0000001772,0.0000001764,0.0000001772,3482794796,616.27844281147
1697138700000,2023-10-12T19:25:00Z,0.0000001772,0.0000001772,0.0000001766,0.0000001767,1074784422,189.9244347706
1697139000000,2023-10-12T19:30:00Z,0.0000001767,0.0000001777,0.0000001767,0.0000001777,1622774035,287.6096082599
1697139300000,2023-10-12T19:35:00Z,0.0000001777,0.0000001781,0.0000001775,0.000000178,1674357436,297.8747676911
1697139600000,2023-10-12T19:40:00Z,0.000000178,0.0000001784,0.0000001775,0.0000001781,2470385069,439.4483569778
1697139900000,2023-10-12T19:45:00Z,0.0000001781,0.0000001781,0.0000001772,0.0000001774,1185755333,210.56239774418
1697140200000,2023-10-12T19:50:00Z,0.0000001774,0.000000178,0.0000001774,0.0000001776,1612342828,286.53094363545
1697140500000,2023-10-12T19:55:00Z,0.0000001776,0.0000001776,0.0000001768,0.0000001768,951820336,168.848557149
1697140800000,2023-10-12T20:00:00Z,0.0000001768,0.0000001769,0.0000001766,0.0000001767,1153556750,203.8938499202
1697141100000,2023-10-12T20:05:00Z,0.0000001767,0.0000001768,0.0000001766,0.0000001766,888429195,157.0042750804
1697141400000,2023-10-12T20:10:00Z,0.0000001766,0.0000001773,0.0000001763,0.0000001768,741298572,130.9849227153
1697141700000,2023-10-12T20:15:00Z,0.0000001768,0.000000177,0.0000001768,0.000000177,1456329830,257.6299721712
1697142000000,2023-10-12T20:20:00Z,0.000000177,0.000000177,0.0000001766,0.0000001769,701317601.1,123.93460765619
1697142300000,2023-10-12T20:25:00Z,0.0000001769,0.0000001773,0.0000001766,0.000000177,3405317978.4,602.56570512231
1697142600000,2023-10-12T20:30:00Z,0.000000177,0.0000001773,0.000000177,0.0000001773,2089735414,370.2612955394
1697142900000,2023-10-12T20:35:00Z,0.0000001773,0.0000001773,0.000000177,0.000000177,830066462,146.9682131802
1697143200000,2023-10-12T20:40:00Z,0.000000177,0.0000001772,0.000000177,0.0000001771,968955757.4,171.62339544598
1697143500000,2023-10-12T20:45:00Z,0.0000001771,0.0000001773,0.0000001771,0.0000001773,2173134155.8,385.1260008868
1697143800000,2023-10-12T20:50:00Z,0.0000001773,0.0000001773,0.000000177,0.000000177,2684167708.6,475.67326403712
1697144100000,2023-10-12T20:55:00Z,0.000000177,0.0000001772,0.000000177,0.0000001772,2226750221,394.3274884698
1697144400000,2023-10-12T21:00:00Z,0.0000001772,0.0000001773,0.000000177,0.0000001773,1960164209,347.3903618437
1697144700000,2023-10-12T21:05:00Z,0.0000001773,0.0000001773,0.000000177,0.0000001772,1831031179,324.3699553251
1697145000000,2023-10-12T21:10:00Z,0.0000001772,0.0000001773,0.000000177,0.0000001771,1516568837.7,268.74586010561
1697145300000,2023-10-12T21:15:00Z,0.0000001771,0.0000001773,0.0000001771,0.0000001772,1175082931,208.2223586428
1697145600000,2023-10-12T21:20:00Z,0.0000001772,0.0000001772,0.000000177,0.000000177,567894232.6,100.5172791702
1697145900000,2023-10-12T21:25:00Z,0.000000177,0.0000001776,0.000000177,0.0000001776,536599115,95.0502830046
1697146200000,2023-10-12T21:30:00Z,0.0000001776,0.0000001779,0.0000001776,0.0000001779,189722577,33.7488168783
1697146500000,2023-10-12T21:35:00Z,0.0000001779,0.000000178,0.0000001772,0.0000001772,132784904.5,23.6207272742
1697146800000,2023-10-12T21:40:00Z,0.0000001772,0.0000001778,0.0000001769,0.000000177,4090993639,725.16673615991
1697147100000,2023-10-12T21:45:00Z,0.000000177,0.0000001777,0.000000177,0.0000001777,967226938.2,171.64889967722
1697147400000,2023-10-12T21:50:00Z,0.0000001777,0.0000001778,0.0000001775,0.0000001778,1027345891,182.4593180289
1697147700000,2023-10-12T21:55:00Z,0.0000001778,0.0000001778,0.0000001775,0.0000001777,687457729,122.0924596987
1697148000000,2023-10-12T22:00:00Z,0.0000001777,0.0000001778,0.0000001776,0.0000001777,776346165,137.9463505659
1697148300000,2023-10-12T22:05:00Z,0.0000001777,0.000000178,0.0000001777,0.000000178,373004748,66.367233825
1697148600000,2023-10-12T22:10:00Z,0.000000178,0.0000001788,0.0000001779,0.0000001785,1273101452.7,227.18994447034
1697148900000,2023-10-12T22:15:00Z,0.0000001785,0.0000001788,0.0000001785,0.0000001786,564765069,100.9265514503
1697149200000,2023-10-12T22:20:00Z,0.0000001786,0.0000001786,0.0000001783,0.0000001785,751741342.9,134.14572512014
1697149500000,2023-10-12T22:25:00Z,0.0000001785,0.0000001788,0.0000001783,0.0000001786,1108116081,197.8336501725
1697149800000,2023-10-12T22:30:00Z,0.0000001786,0.0000001786,0.0000001785,0.0000001785,73390985,13.1002908225
1697150100000,2023-10-12T22:35:00Z,0.0000001785,0.0000001787,0.0000001776,0.0000001776,391447644,69.8850587564
1697150400000,2023-10-12T22:40:00Z,0.0000001776,0.0000001776,0.0000001759,0.0000001759,3960287483.4,698.41165863493
1697150700000,2023-10-12T22:45:00Z,0.0000001759,0.0000001762,0.0000001757,0.000000176,1250425450,219.94602043618
1697151000000,2023-10-12T22:50:00Z,0.000000176,0.0000001764,0.0000001759,0.0000001761,427452805,75.241836574
1697151300000,2023-10-12T22:55:00Z,0.0000001761,0.0000001763,0.0000001761,0.0000001762,564086181.4,99.40243982618
1697151600000,2023-10-12T23:00:00Z,0.0000001762,0.0000001765,0.0000001761,0.0000001762,812883444,143.31134320738
1697151900000,2023-10-12T23:05:00Z,0.0000001762,0.0000001766,0.0000001762,0.0000001766,88633472,15.6526711552
1697152200000,2023-10-12T23:10:00Z,0.0000001766,0.0000001767,0.0000001765,0.0000001767,392618054,69.3187354516
1697152500000,2023-10-12T23:15:00Z,0.0000001767,0.0000001767,0.0000001767,0.0000001767,101997424,18.0229448208
1697152800000,2023-10-12T23:20:00Z,0.0000001767,0.0000001767,0.0000001757,0.0000001767,1068773208.6,188.06007880116
1697153100000,2023-10-12T23:25:00Z,0.0000001767,0.0000001767,0.0000001764,0.0000001767,520922984,92.0000680435
1697153400000,2023-10-12T23:30:00Z,0.0000001767,0.0000001776,0.0000001767,0.0000001776,540503421.5,95.92860510255
1697153700000,2023-10-12T23:35:00Z,0.0000001776,0.0000001791,0.0000001776,0.0000001781,507394977.9,90.35794709118
1697154000000,2023-10-12T23:40:00Z,0.0000001781,0.0000001781,0.0000001778,0.0000001778,538791202,95.8194826744
1697154300000,2023-10-12T23:45:00Z,0.0000001778,0.000000178,0.0000001776,0.0000001779,885486059,157.4963471389
1697154600000,2023-10-12T23:50:00Z,0.0000001779,0.0000001779,0.0000001773,0.0000001773,1309317670,232.5229737757
1697154900000,2023-10-12T23:55:00Z,0.0000001773,0.0000001776,0.0000001773,0.0000001776,1024486314,181.8051786474
1697155200000,2023-10-13T00:00:00Z,0.0000001776,0.000000178,0.0000001774,0.000000178,701992419,124.8111489208
1697155500000,2023-10-13T00:05:00Z,0.000000178,0.000000179,0.000000178,0.000000179,156348617.7,27.97618095806
1697155800000,2023-10-13T00:10:00Z,0.000000179,0.000000179,0.000000179,0.000000179,0,0
1697156100000,2023-10-13T00:15:00Z,0.000000179,0.000000179,0.0000001783,0.0000001783,611595930,109.2160989186
1697156400000,2023-10-13T00:20:00Z,0.0000001783,0.0000001783,0.000000177,0.0000001771,342628210,60.682509197
1697156700000,2023-10-13T00:25:00Z,0.0000001771,0.0000001771,0.0000001769,0.0000001769,428350163,75.7916728417
1697157000000,2023-10-13T00:30:00Z,0.0000001769,0.0000001777,0.0000001769,0.0000001777,379870465.9,67.35826252748
1697157300000,2023-10-13T00:35:00Z,0.0000001777,0.0000001804,0.0000001777,0.0000001801,1182458809,212.80978921777
1697157600000,2023-10-13T00:40:00Z,0.0000001801,0.0000001801,0.0000001792,0.0000001795,901077675,161.6069114138
1697157900000,2023-10-13T00:45:00Z,0.0000001795,0.0000001801,0.0000001795,0.0000001795,991177779,178.16457559728
1697158200000,2023-10-13T00:50:00Z,0.0000001795,0.0000001799,0.0000001793,0.0000001793,449508252,80.7088737687
1697158500000,2023-10-13T00:55:00Z,0.0000001793,0.0000001798,0.0000001793,0.0000001797,118307724.6,21.26645523788
1697158800000,2023-10-13T01:00:00Z,0.0000001797,0.0000001797,0.0000001797,0.0000001797,41991455,7.5458644635
1697159100000,2023-10-13T01:05:00Z,0.0000001797,0.0000001797,0.0000001784,0.0000001784,1144879252.5,205.34912916691
1697159400000,2023-10-13T01:10:00Z,0.0000001784,0.0000001792,0.0000001784,0.0000001789,717965842.7,128.64397345694
1697159700000,2023-10-13T01:15:00Z,0.0000001789,0.0000001799,0.0000001789,0.0000001799,409662964.2,73.51900069044
1697160000000,2023-10-13T01:20:00Z,0.0000001799,0.0000001799,0.0000001772,0.0000001778,3372223478.1,599.37133820109
1697160300000,2023-10-13T01:25:00Z,0.0000001778,0.0000001778,0.0000001778,0.0000001778,0,0
1697160600000,2023-10-13T01:30:00Z,0.0000001778,0.0000001786,0.0000001778,0.0000001786,57636608,10.2938981888
1697160900000,2023-10-13T01:35:00Z,0.0000001786,0.0000001786,0.0000001783,0.0000001783,37815525,6.7425081075
1697161200000,2023-10-13T01:40:00Z,0.0000001783,0.0000001783,0.0000001783,0.0000001783,0,0
1697161500000,2023-10-13T01:45:00Z,0.0000001783,0.0000001792,0.0000001783,0.0000001792,242137891,43.2887584667
1697161800000,2023-10-13T01:50:00Z,0.0000001792,0.0000001794,0.0000001792,0.0000001794,497247621,89.1959176427
1697162100000,2023-10-13T01:55:00Z,0.0000001794,0.0000001794,0.0000001793,0.0000001793,162941725,29.2284641577
1697162400000,2023-10-13T02:00:00Z,0.0000001793,0.0000001793,0.0000001788,0.0000001788,86063482,15.3881505816
1697162700000,2023-10-13T02:05:00Z,0.0000001788,0.0000001788,0.0000001784,0.0000001786,820978590,146.55561508056
1697163000000,2023-10-13T02:10:00Z,0.0000001786,0.0000001786,0.0000001786,0.0000001786,0,0
1697163300000,2023-10-13T02:15:00Z,0.0000001786,0.0000001793,0.0000001786,0.0000001793,561362901,100.57283677419
1697163600000,2023-10-13T02:20:00Z,0.0000001793,0.0000001793,0.0000001787,0.0000001787,695076284,124.56638246514
1697163900000,2023-10-13T02:25:00Z,0.0000001787,0.0000001787,0.0000001785,0.0000001785,563057700,100.50579945
1697164200000,2023-10-13T02:30:00Z,0.0000001785,0.0000001785,0.0000001783,0.0000001783,37849245,6.7485203835
1697164500000,2023-10-13T02:35:00Z,0.0000001783,0.0000001783,0.0000001783,0.0000001783,0,0
1697164800000,2023-10-13T02:40:00Z,0.0000001783,0.0000001784,0.0000001783,0.0000001784,334924432.5,59.750518758
1697165100000,2023-10-13T02:45:00Z,0.0000001784,0.0000001784,0.0000001784,0.0000001784,0,0
1697165400000,2023-10-13T02:50:00Z,0.0000001784,0.0000001784,0.0000001784,0.0000001784,5608618.5,1.0005775404
1697165700000,2023-10-13T02:55:00Z,0.0000001784,0.0000001785,0.0000001784,0.0000001785,142541450.9,25.44328159516
1697166000000,2023-10-13T03:00:00Z,0.0000001785,0.0000001786,0.0000001785,0.0000001786,47804593,8.5379003098
1697166300000,2023-10-13T03:05:00Z,0.0000001786,0.0000001786,0.0000001786,0.0000001786,0,0
1697166600000,2023-10-13T03:10:00Z,0.0000001786,0.0000001786,0.0000001784,0.0000001784,155014954,27.674892398
1697166900000,2023-10-13T03:15:00Z,0.0000001784,0.0000001786,0.0000001784,0.0000001786,106189898,18.9655157828
1697167200000,2023-10-13T03:20:00Z,0.0000001786,0.0000001786,0.0000001786,0.0000001786,0,0
1697167500000,2023-10-13T03:25:00Z,0.0000001786,0.0000001786,0.0000001786,0.0000001786,254606955,45.472802163
1697167800000,2023-10-13T03:30:00Z,0.0000001786,0.0000001787,0.0000001786,0.0000001787,16359460,2.923435502
1697168100000,2023-10-13T03:35:00Z,0.0000001787,0.0000001787,0.0000001762,0.0000001762,567360849.6,100.55737919515
1697168400000,2023-10-13T03:40:00Z,0.0000001762,0.0000001762,0.0000001744,0.0000001755,4676495669.2,820.93561739203
1697168700000,2023-10-13T03:45:00Z,0.0000001755,0.0000001755,0.0000001755,0.0000001755,0,0
1697169000000,2023-10-13T03:50:00Z,0.0000001755,0.0000001755,0.0000001755,0.0000001755,1506055.8,0.2643127929
1697169300000,2023-10-13T03:55:00Z,0.0000001755,0.0000001761,0.0000001755,0.0000001761,375292306,66.0889750866
1697169600000,2023-10-13T04:00:00Z,0.0000001761,0.0000001784,0.0000001761,0.0000001781,1645830290.3,293.28796616478
1697169900000,2023-10-13T04:05:00Z,0.0000001781,0.0000001782,0.0000001767,0.0000001767,2201350351.1,390.95213264704
1697170200000,2023-10-13T04:10:00Z,0.0000001767,0.0000001767,0.0000001767,0.0000001767,0,0
1697170500000,2023-10-13T04:15:00Z,0.0000001767,0.0000001767,0.0000001767,0.0000001767,0,0
1697170800000,2023-10-13T04:20:00Z,0.0000001767,0.0000001767,0.0000001767,0.0000001767,0,0
1697171100000,2023-10-13T04:25:00Z,0.0000001767,0.0000001767,0.0000001767,0.0000001767,0,0
1697171400000,2023-10-13T04:30:00Z,0.0000001767,0.0000001767,0.0000001761,0.0000001761,539253165,95.1521881075
1697171700000,2023-10-13T04:35:00Z,0.0000001761,0.0000001763,0.0000001761,0.0000001761,92118462,16.239693068
1697172000000,2023-10-13T04:40:00Z,0.0000001761,0.0000001783,0.0000001761,0.0000001774,509911898.7,90.38830846924
1697172300000,2023-10-13T04:45:00Z,0.0000001774,0.0000001777,0.0000001764,0.0000001764,2637273091.1,465.96360161034
1697172600000,2023-10-13T04:50:00Z,0.0000001764,0.0000001771,0.0000001764,0.0000001771,45520497,8.0616800187
1697172900000,2023-10-13T04:55:00Z,0.0000001771,0.0000001771,0.0000001771,0.0000001771,0,0
1697173200000,2023-10-13T05:00:00Z,0.0000001771,0.0000001771,0.0000001765,0.0000001765,100846784,17.799457376
1697173500000,2023-10-13T05:05:00Z,0.0000001765,0.0000001765,0.0000001765,0.0000001765,0,0
1697173800000,2023-10-13T05:10:00Z,0.0000001765,0.0000001767,0.0000001764,0.0000001764,647035245,114.2575778989
1697174100000,2023-10-13T05:15:00Z,0.0000001764,0.0000001764,0.0000001763,0.0000001763,174322868,30.7331216284
1697174400000,2023-10-13T05:20:00Z,0.0000001763,0.0000001766,0.0000001763,0.0000001766,373394702,65.9027708557
1697174700000,2023-10-13T05:25:00Z,0.0000001766,0.0000001767,0.0000001766,0.0000001766,150361705,26.561196418
1697175000000,2023-10-13T05:30:00Z,0.0000001766,0.0000001776,0.0000001766,0.0000001776,178005550,31.5334692154
1697175300000,2023-10-13T05:35:00Z,0.0000001776,0.0000001779,0.000000177,0.0000001779,281978439,50.1588963981
1697175600000,2023-10-13T05:40:00Z,0.0000001779,0.0000001779,0.0000001775,0.0000001776,283615152,50.366180329
1697175900000,2023-10-13T05:45:00Z,0.0000001776,0.0000001779,0.0000001755,0.0000001758,2741760177.1,484.38304821289
1697176200000,2023-10-13T05:50:00Z,0.0000001758,0.000000176,0.0000001758,0.0000001759,312031747.9,54.89583500447
1697176500000,2023-10-13T05:55:00Z,0.0000001759,0.0000001781,0.0000001752,0.0000001781,1932435658.6,340.14729790341
1697176800000,2023-10-13T06:00:00Z,0.0000001781,0.0000001783,0.0000001775,0.0000001775,487773882,86.6079662006
1697177100000,2023-10-13T06:05:00Z,0.0000001775,0.0000001775,0.0000001769,0.0000001773,359483122,63.6602624652
1697177400000,2023-10-13T06:10:00Z,0.0000001773,0.0000001773,0.0000001772,0.0000001772,418684631.5,74.19879679775
1697177700000,2023-10-13T06:15:00Z,0.0000001772,0.0000001773,0.0000001772,0.0000001773,90732002,16.0811932575
1697178000000,2023-10-13T06:20:00Z,0.0000001773,0.0000001774,0.0000001773,0.0000001774,50372185,8.936025619
1697178300000,2023-10-13T06:25:00Z,0.0000001774,0.0000001778,0.0000001774,0.0000001778,214483410,38.135150298
1697178600000,2023-10-13T06:30:00Z,0.0000001778,0.0000001779,0.0000001772,0.0000001772,225305301.4,39.96668277458
1697178900000,2023-10-13T06:35:00Z,0.0000001772,0.0000001772,0.000000177,0.0000001771,115811642,20.5101713982
1697179200000,2023-10-13T06:40:00Z,0.0000001771,0.0000001771,0.000000177,0.000000177,325811478,57.668631606
1697179500000,2023-10-13T06:45:00Z,0.000000177,0.0000001772,0.000000177,0.0000001772,308019450,54.58104654
1697179800000,2023-10-13T06:50:00Z,0.0000001772,0.0000001775,0.0000001772,0.0000001775,104302015,18.5136076625
1697180100000,2023-10-13T06:55:00Z,0.0000001775,0.0000001775,0.0000001775,0.0000001775,11267605.7,2.00000001175
1697180400000,2023-10-13T07:00:00Z,0.0000001775,0.0000001775,0.0000001773,0.0000001773,69906960,12.394504008
1697180700000,2023-10-13T07:05:00Z,0.0000001773,0.0000001778,0.0000001772,0.0000001774,815759902.3,144.73920578403
1697181000000,2023-10-13T07:10:00Z,0.0000001774,0.0000001781,0.0000001774,0.0000001778,593496079.5,105.58897375503
1697181300000,2023-10-13T07:15:00Z,0.0000001778,0.0000001784,0.0000001778,0.0000001783,255138701,45.4846756793
1697181600000,2023-10-13T07:20:00Z,0.0000001783,0.0000001793,0.0000001775,0.0000001793,2507540688.7,448.91280400168
1697181900000,2023-10-13T07:25:00Z,0.0000001793,0.0000001793,0.0000001793,0.0000001793,0,0
1697182200000,2023-10-13T07:30:00Z,0.0000001793,0.0000001804,0.0000001793,0.0000001795,1930103807.2,346.52633017589
1697182500000,2023-10-13T07:35:00Z,0.0000001795,0.0000001805,0.0000001794,0.0000001801,379570341.7,68.28748890728
1697182800000,2023-10-13T07:40:00Z,0.0000001801,0.0000001805,0.00000018,0.0000001802,111281590,20.031460303
1697183100000,2023-10-13T07:45:00Z,0.0000001802,0.0000001804,0.000000179,0.0000001796,1862607151.4,334.70714694048
1697183400000,2023-10-13T07:50:00Z,0.0000001796,0.0000001796,0.0000001796,0.0000001796,0,0
1697183700000,2023-10-13T07:55:00Z,0.0000001796,0.0000001797,0.0000001793,0.0000001795,328019064,58.875291271
1697184000000,2023-10-13T08:00:00Z,0.0000001795,0.0000001802,0.0000001794,0.0000001802,981155841,176.495727146
1697184300000,2023-10-13T08:05:00Z,0.0000001802,0.0000001802,0.0000001798,0.0000001801,119710529,21.5398740902
1697184600000,2023-10-13T08:10:00Z,0.0000001801,0.0000001801,0.0000001796,0.0000001796,561989350,101.036464295
1697184900000,2023-10-13T08:15:00Z,0.0000001796,0.0000001801,0.0000001796,0.0000001801,115846263,20.8568918524
1697185200000,2023-10-13T08:20:00Z,0.0000001801,0.0000001801,0.0000001798,0.0000001798,182365835,32.789377133
1697185500000,2023-10-13T08:25:00Z,0.0000001798,0.00000018,0.0000001794,0.00000018,568067876.8,102.11255988612
1697185800000,2023-10-13T08:30:00Z,0.00000018,0.00000018,0.0000001789,0.0000001797,389774947.9,70.04141382347
1697186100000,2023-10-13T08:35:00Z,0.0000001797,0.0000001797,0.0000001794,0.0000001794,556222978,99.8203788345
1697186400000,2023-10-13T08:40:00Z,0.0000001794,0.0000001795,0.0000001789,0.0000001792,1578600500.3,283.17633733535
1697186700000,2023-10-13T08:45:00Z,0.0000001792,0.0000001793,0.000000179,0.000000179,258187459,46.2640365142
1697187000000,2023-10-13T08:50:00Z,0.000000179,0.0000001791,0.0000001787,0.0000001787,1053524729.9,188.42717327673
1697187300000,2023-10-13T08:55:00Z,0.0000001787,0.0000001787,0.0000001765,0.0000001768,4520302579.8,802.4755688745
1697187600000,2023-10-13T09:00:00Z,0.0000001768,0.0000001783,0.0000001767,0.0000001783,772725502,137.3743780795
1697187900000,2023-10-13T09:05:00Z,0.0000001783,0.0000001791,0.0000001783,0.0000001786,424633591,75.894331282
1697188200000,2023-10-13T09:10:00Z,0.0000001786,0.0000001786,0.0000001774,0.0000001774,457324666,81.2830494956
1697188500000,2023-10-13T09:15:00Z,0.0000001774,0.0000001776,0.0000001774,0.0000001776,598477151,106.1909876651
1697188800000,2023-10-13T09:20:00Z,0.0000001776,0.0000001779,0.0000001772,0.0000001772,274907613.5,48.80231756052
1697189100000,2023-10-13T09:25:00Z,0.0000001772,0.0000001779,0.0000001772,0.0000001777,1117699087.2,198.47380616208
1697189400000,2023-10-13T09:30:00Z,0.0000001777,0.0000001782,0.0000001773,0.000000178,744829447,132.5871286594
1697189700000,2023-10-13T09:35:00Z,0.000000178,0.000000178,0.0000001774,0.0000001774,504519504,89.68885776572
1697190000000,2023-10-13T09:40:00Z,0.0000001774,0.000000178,0.0000001774,0.0000001775,1146931401,203.722627809
1697190300000,2023-10-13T09:45:00Z,0.0000001775,0.0000001776,0.0000001775,0.0000001775,292247481.7,51.88943575535
1697190600000,2023-10-13T09:50:00Z,0.0000001775,0.0000001775,0.0000001774,0.0000001774,667866287,118.5431116717
1697190900000,2023-10-13T09:55:00Z,0.0000001774,0.0000001775,0.0000001768,0.0000001772,827345360.2,146.80640843077
1697191200000,2023-10-13T10:00:00Z,0.0000001772,0.0000001775,0.0000001772,0.0000001772,885630605.7,156.99785588718
1697191500000,2023-10-13T10:05:00Z,0.0000001772,0.0000001776,0.0000001772,0.0000001774,2158463082,382.8520828105
1697191800000,2023-10-13T10:10:00Z,0.0000001774,0.0000001778,0.0000001768,0.0000001768,488922172.4,86.63508089974
1697192100000,2023-10-13T10:15:00Z,0.0000001768,0.0000001772,0.0000001768,0.0000001771,220413696,39.0340640564
1697192400000,2023-10-13T10:20:00Z,0.0000001771,0.0000001774,0.0000001771,0.0000001772,1645530380.8,291.71337248644
1697192700000,2023-10-13T10:25:00Z,0.0000001772,0.0000001775,0.0000001768,0.0000001775,1543166546,273.506096169
1697193000000,2023-10-13T10:30:00Z,0.0000001775,0.0000001775,0.0000001771,0.0000001771,114737916,20.3287718564
1697193300000,2023-10-13T10:35:00Z,0.0000001771,0.0000001775,0.0000001766,0.0000001773,464591870,82.2117539182
1697193600000,2023-10-13T10:40:00Z,0.0000001773,0.0000001774,0.0000001769,0.0000001774,210045315,37.2092272445
1697193900000,2023-10-13T10:45:00Z,0.0000001774,0.0000001774,0.000000177,0.0000001773,778008220.8,137.83436556
1697194200000,2023-10-13T10:50:00Z,0.0000001773,0.0000001774,0.000000177,0.0000001771,452805756.8,80.20197175162
1697194500000,2023-10-13T10:55:00Z,0.0000001771,0.0000001773,0.000000177,0.000000177,466298358.8,82.6610440519
1697194800000,2023-10-13T11:00:00Z,0.000000177,0.0000001774,0.000000177,0.0000001773,920850972,163.325351382
1697195100000,2023-10-13T11:05:00Z,0.0000001773,0.0000001776,0.0000001773,0.0000001774,805583981,142.8974750921
1697195400000,2023-10-13T11:10:00Z,0.0000001774,0.0000001779,0.0000001774,0.0000001774,899122468,159.6547436927
1697195700000,2023-10-13T11:15:00Z,0.0000001774,0.0000001777,0.0000001774,0.0000001777,1202485703,213.4882236778
1697196000000,2023-10-13T11:20:00Z,0.0000001777,0.0000001777,0.0000001772,0.0000001774,800430796,141.8817691469
1697196300000,2023-10-13T11:25:00Z,0.0000001774,0.0000001778,0.0000001774,0.0000001775,555743028,98.6350704111
1697196600000,2023-10-13T11:30:00Z,0.0000001775,0.0000001778,0.0000001774,0.0000001778,756301325,134.2915227876
1697196900000,2023-10-13T11:35:00Z,0.0000001778,0.0000001778,0.0000001769,0.0000001769,1425946527.9,252.96190138731
1697197200000,2023-10-13T11:40:00Z,0.0000001769,0.0000001773,0.0000001769,0.0000001773,927779555.3,164.33549750773
1697197500000,2023-10-13T11:45:00Z,0.0000001773,0.0000001785,0.0000001773,0.0000001785,965013389,172.2548899365
1697197800000,2023-10-13T11:50:00Z,0.0000001785,0.0000001786,0.0000001783,0.0000001786,1076511382,192.1461613642
1697198100000,2023-10-13T11:55:00Z,0.0000001786,0.0000001788,0.0000001765,0.0000001766,1623816352.5,288.06891525159
1697198400000,2023-10-13T12:00:00Z,0.0000001766,0.0000001768,0.0000001765,0.0000001768,565604763,99.9178882964
1697198700000,2023-10-13T12:05:00Z,0.0000001768,0.0000001769,0.0000001763,0.0000001765,337023613,59.5633882403
1697199000000,2023-10-13T12:10:00Z,0.0000001765,0.0000001772,0.0000001765,0.000000177,1028298795,181.9676663804
1697199300000,2023-10-13T12:15:00Z,0.000000177,0.0000001771,0.0000001768,0.000000177,669578045,118.4948396836
1697199600000,2023-10-13T12:20:00Z,0.000000177,0.0000001771,0.0000001769,0.0000001771,547541030,96.9418260746
1697199900000,2023-10-13T12:25:00Z,0.0000001771,0.0000001771,0.0000001769,0.0000001769,517280983,91.5193548381
1697200200000,2023-10-13T12:30:00Z,0.0000001769,0.0000001778,0.0000001768,0.0000001778,1088332504,192.5856460101
1697200500000,2023-10-13T12:35:00Z,0.0000001778,0.0000001782,0.0000001776,0.0000001776,549509466.2,97.64417130572
1697200800000,2023-10-13T12:40:00Z,0.0000001776,0.000000178,0.0000001772,0.0000001775,1119531115.4,198.81526583498
1697201100000,2023-10-13T12:45:00Z,0.0000001775,0.0000001775,0.0000001766,0.0000001766,3545068622,627.08825444578
1697201400000,2023-10-13T12:50:00Z,0.0000001766,0.0000001776,0.0000001766,0.0000001776,1076018503.5,190.72223845682
1697201700000,2023-10-13T12:55:00Z,0.0000001776,0.0000001776,0.0000001769,0.000000177,697562911,123.5268582299
1697202000000,2023-10-13T13:00:00Z,0.000000177,0.0000001777,0.0000001768,0.000000177,1326089176,235.2096448803
1697202300000,2023-10-13T13:05:00Z,0.000000177,0.0000001772,0.0000001756,0.000000176,2715650985.6,478.42262621242
1697202600000,2023-10-13T13:10:00Z,0.000000176,0.000000176,0.0000001755,0.000000176,1050737823.9,184.69964334764
1697202900000,2023-10-13T13:15:00Z,0.000000176,0.0000001781,0.0000001756,0.0000001781,1500155627,266.1275184887
1697203200000,2023-10-13T13:20:00Z,0.0000001781,0.0000001785,0.0000001772,0.0000001772,1243440789.3,221.23803252872
1697203500000,2023-10-13T13:25:00Z,0.0000001772,0.0000001772,0.0000001752,0.0000001753,977501134.7,172.07245964639
1697203800000,2023-10-13T13:30:00Z,0.0000001753,0.0000001778,0.0000001753,0.0000001772,4144652391.9,734.20934572883
1697204100000,2023-10-13T13:35:00Z,0.0000001772,0.0000001772,0.0000001764,0.0000001764,623239209.5,110.15476949845
1697204400000,2023-10-13T13:40:00Z,0.0000001764,0.0000001768,0.0000001761,0.0000001768,1039829812.9,183.36492934702
1697204700000,2023-10-13T13:45:00Z,0.0000001768,0.0000001768,0.0000001763,0.0000001766,157169361.9,27.74373762582
1697205000000,2023-10-13T13:50:00Z,0.0000001766,0.000000177,0.0000001766,0.0000001768,2816782640,497.92469860288
1697205300000,2023-10-13T13:55:00Z,0.0000001768,0.0000001769,0.0000001765,0.0000001767,783304421.9,138.39016621201
1697205600000,2023-10-13T14:00:00Z,0.0000001767,0.0000001767,0.0000001761,0.0000001761,705650179,124.3821551148
1697205900000,2023-10-13T14:05:00Z,0.0000001761,0.0000001771,0.0000001761,0.0000001768,379310748.2,67.0772147507
1697206200000,2023-10-13T14:10:00Z,0.0000001768,0.0000001774,0.0000001768,0.0000001774,461121433,81.697018804
1697206500000,2023-10-13T14:15:00Z,0.0000001774,0.0000001779,0.0000001774,0.0000001779,204508316,36.3820294164
1697206800000,2023-10-13T14:20:00Z,0.0000001779,0.0000001779,0.000000176,0.0000001761,2424044140.5,427.31188560825
1697207100000,2023-10-13T14:25:00Z,0.0000001761,0.0000001766,0.0000001761,0.0000001766,1162620629.2,204.99274290889
1697207400000,2023-10-13T14:30:00Z,0.0000001766,0.0000001766,0.000000176,0.0000001761,572339773,100.80124465
1697207700000,2023-10-13T14:35:00Z,0.0000001761,0.0000001767,0.0000001758,0.0000001761,833392119.7,146.7893865926
1697208000000,2023-10-13T14:40:00Z,0.0000001761,0.0000001761,0.0000001755,0.0000001758,2888992390,507.7553324076
1697208300000,2023-10-13T14:45:00Z,0.0000001758,0.0000001769,0.0000001758,0.0000001769,156875148,27.6427857271
1697208600000,2023-10-13T14:50:00Z,0.0000001769,0.0000001771,0.0000001766,0.0000001769,1118684777,197.98630409353
1697208900000,2023-10-13T14:55:00Z,0.0000001769,0.0000001769,0.0000001764,0.0000001764,503004456,88.8497105058
1697209200000,2023-10-13T15:00:00Z,0.0000001764,0.0000001765,0.0000001761,0.0000001764,470782497.5,83.0543153627
1697209500000,2023-10-13T15:05:00Z,0.0000001764,0.0000001768,0.0000001762,0.0000001768,128195080,22.5926162937
1697209800000,2023-10-13T15:10:00Z,0.0000001768,0.0000001768,0.000000175,0.0000001765,9454483407,1659.8513038361
1697210100000,2023-10-13T15:15:00Z,0.0000001765,0.0000001765,0.0000001757,0.0000001763,941922393.6,165.90635318602
1697210400000,2023-10-13T15:20:00Z,0.0000001763,0.0000001763,0.000000176,0.000000176,125000000,22
1697210700000,2023-10-13T15:25:00Z,0.000000176,0.0000001764,0.000000176,0.0000001763,495220034.5,87.30693379866
1697211000000,2023-10-13T15:30:00Z,0.0000001763,0.0000001765,0.0000001762,0.0000001762,388984096,68.593443574
1697211300000,2023-10-13T15:35:00Z,0.0000001762,0.0000001765,0.0000001761,0.0000001765,709454332,125.0956506419
1697211600000,2023-10-13T15:40:00Z,0.0000001765,0.0000001765,0.0000001764,0.0000001764,150687432,26.5850713049
1697211900000,2023-10-13T15:45:00Z,0.0000001764,0.0000001767,0.0000001764,0.0000001764,518681772.3,91.57676192739
1697212200000,2023-10-13T15:50:00Z,0.0000001764,0.0000001764,0.0000001763,0.0000001763,206668821,36.4357131423
1697212500000,2023-10-13T15:55:00Z,0.0000001763,0.0000001765,0.0000001763,0.0000001764,222004754.7,39.15640333635
1697212800000,2023-10-13T16:00:00Z,0.0000001764,0.0000001765,0.0000001764,0.0000001765,161689850,28.538258525
1697213100000,2023-10-13T16:05:00Z,0.0000001765,0.0000001765,0.0000001762,0.0000001765,174798932,30.8121020327
1697213400000,2023-10-13T16:10:00Z,0.0000001765,0.0000001766,0.0000001764,0.0000001766,490273826,86.5501880108
1697213700000,2023-10-13T16:15:00Z,0.0000001766,0.0000001766,0.0000001765,0.0000001766,922614143.6,162.92643786056
1697214000000,2023-10-13T16:20:00Z,0.0000001766,0.0000001766,0.0000001763,0.0000001766,349030458,61.6241430753
1697214300000,2023-10-13T16:25:00Z,0.0000001766,0.0000001767,0.0000001759,0.0000001767,2545085902,448.05209999467
1697214600000,2023-10-13T16:30:00Z,0.0000001767,0.0000001768,0.0000001765,0.0000001765,864241897,152.722133604
1697214900000,2023-10-13T16:35:00Z,0.0000001765,0.0000001766,0.0000001765,0.0000001766,1200000000,211.91295846926
1697215200000,2023-10-13T16:40:00Z,0.0000001766,0.0000001766,0.0000001761,0.0000001761,705335629,124.2096042669
1697215500000,2023-10-13T16:45:00Z,0.0000001761,0.0000001779,0.0000001761,0.0000001775,261595418,46.4925763365
1697215800000,2023-10-13T16:50:00Z,0.0000001775,0.0000001779,0.0000001775,0.0000001776,238647106,42.395186139
1697216100000,2023-10-13T16:55:00Z,0.0000001776,0.0000001788,0.0000001776,0.0000001778,3155941022.5,561.87972239661
1697216400000,2023-10-13T17:00:00Z,0.0000001778,0.0000001781,0.0000001772,0.000000178,2359280254,418.98265336465
1697216700000,2023-10-13T17:05:00Z,0.000000178,0.000000178,0.0000001775,0.0000001778,541259100,96.2734153676
1697217000000,2023-10-13T17:10:00Z,0.0000001778,0.0000001779,0.0000001768,0.0000001768,876846795,155.7101359979
1697217300000,2023-10-13T17:15:00Z,0.0000001768,0.0000001777,0.0000001768,0.0000001775,2705987001.4,480.54570855759
1697217600000,2023-10-13T17:20:00Z,0.0000001775,0.0000001775,0.0000001767,0.0000001767,79516040,14.050484268
1697217900000,2023-10-13T17:25:00Z,0.0000001767,0.0000001775,0.0000001767,0.0000001775,425393762,75.4174180468
1697218200000,2023-10-13T17:30:00Z,0.0000001775,0.0000001775,0.0000001766,0.0000001769,1074920281.6,190.0761057515
1697218500000,2023-10-13T17:35:00Z,0.0000001769,0.0000001772,0.0000001768,0.0000001772,959137073,169.7207308897
1697218800000,2023-10-13T17:40:00Z,0.0000001772,0.0000001775,0.000000177,0.0000001775,325211090,57.597759688
1697219100000,2023-10-13T17:45:00Z,0.0000001775,0.0000001775,0.0000001764,0.0000001771,1327151775,234.60827284492
1697219400000,2023-10-13T17:50:00Z,0.0000001771,0.0000001774,0.0000001766,0.0000001774,433092835.4,76.60434322058
1697219700000,2023-10-13T17:55:00Z,0.0000001774,0.0000001774,0.0000001764,0.0000001764,1343937322,237.23213055694
1697220000000,2023-10-13T18:00:00Z,0.0000001764,0.0000001777,0.0000001764,0.0000001769,582420436,103.233221182
1697220300000,2023-10-13T18:05:00Z,0.0000001769,0.0000001775,0.0000001768,0.0000001768,496722373,88.0272893275
1697220600000,2023-10-13T18:10:00Z,0.0000001768,0.0000001772,0.0000001763,0.0000001772,999189445,176.41336134916
1697220900000,2023-10-13T18:15:00Z,0.0000001772,0.0000001773,0.0000001766,0.0000001767,1440492808,254.9779084498
1697221200000,2023-10-13T18:20:00Z,0.0000001767,0.0000001773,0.0000001767,0.0000001772,196580543,34.8438763168
1697221500000,2023-10-13T18:25:00Z,0.0000001772,0.0000001773,0.0000001769,0.0000001773,289411332,51.2586193966
1697221800000,2023-10-13T18:30:00Z,0.0000001773,0.0000001774,0.0000001767,0.0000001767,977515958,173.233140954
1697222100000,2023-10-13T18:35:00Z,0.0000001767,0.0000001775,0.0000001767,0.0000001775,1965700917.3,348.00430466791
1697222400000,2023-10-13T18:40:00Z,0.0000001775,0.0000001775,0.0000001768,0.0000001768,196722720,34.813537572
1697222700000,2023-10-13T18:45:00Z,0.0000001768,0.0000001775,0.0000001768,0.0000001771,1131901694,200.4046608357
1697223000000,2023-10-13T18:50:00Z,0.0000001771,0.0000001773,0.0000001771,0.0000001772,526588422,93.332240219
1697223300000,2023-10-13T18:55:00Z,0.0000001772,0.0000001777,0.0000001772,0.0000001776,881533682,156.4950914179
1697223600000,2023-10-13T19:00:00Z,0.0000001776,0.0000001776,0.000000177,0.0000001776,362681792,64.3179121866
1697223900000,2023-10-13T19:05:00Z,0.0000001776,0.0000001776,0.0000001768,0.0000001771,565782174,100.1857876256
1697224200000,2023-10-13T19:10:00Z,0.0000001771,0.0000001777,0.0000001768,0.0000001777,1111297143,196.8408704762
1697224500000,2023-10-13T19:15:00Z,0.0000001777,0.0000001777,0.0000001772,0.0000001775,1053211904,186.8331643545
1697224800000,2023-10-13T19:20:00Z,0.0000001775,0.0000001776,0.0000001768,0.0000001775,1044356440,185.0477849164
1697225100000,2023-10-13T19:25:00Z,0.0000001775,0.0000001776,0.000000177,0.0000001771,1340797929,237.7169722173
1697225400000,2023-10-13T19:30:00Z,0.0000001771,0.0000001776,0.0000001771,0.0000001773,782171432.7,138.71325660835
1697225700000,2023-10-13T19:35:00Z,0.0000001773,0.0000001776,0.000000177,0.0000001773,1012691157,179.6159561415
1697226000000,2023-10-13T19:40:00Z,0.0000001773,0.0000001777,0.0000001769,0.0000001771,820325146.1,145.41513693195
1697226300000,2023-10-13T19:45:00Z,0.0000001771,0.0000001777,0.000000177,0.0000001772,1086488747,192.7418641373
1697226600000,2023-10-13T19:50:00Z,0.0000001772,0.0000001775,0.0000001769,0.0000001769,506177606,89.7383664946
1697226900000,2023-10-13T19:55:00Z,0.0000001769,0.0000001774,0.0000001768,0.0000001774,933609238,165.3032937288
1697227200000,2023-10-13T20:00:00Z,0.0000001774,0.0000001774,0.0000001764,0.0000001767,905025994.4,159.94325645019
1697227500000,2023-10-13T20:05:00Z,0.0000001767,0.0000001768,0.0000001767,0.0000001768,611952874,108.1647296228
1697227800000,2023-10-13T20:10:00Z,0.0000001768,0.0000001768,0.0000001767,0.0000001768,1014184688,179.2816320537
1697228100000,2023-10-13T20:15:00Z,0.0000001768,0.0000001769,0.0000001767,0.0000001768,359399465,63.5492517152
1697228400000,2023-10-13T20:20:00Z,0.0000001768,0.0000001768,0.0000001768,0.0000001768,0,0
1697228700000,2023-10-13T20:25:00Z,0.0000001768,0.0000001769,0.0000001768,0.0000001769,101440362,17.9448000378
1697229000000,2023-10-13T20:30:00Z,0.0000001769,0.0000001769,0.0000001765,0.0000001766,1158214586.2,204.50391536532
1697229300000,2023-10-13T20:35:00Z,0.0000001766,0.0000001766,0.0000001762,0.0000001762,1135354142.5,200.1317330673
1697229600000,2023-10-13T20:40:00Z,0.0000001762,0.0000001762,0.0000001759,0.0000001761,856007532.6,150.66474406504
1697229900000,2023-10-13T20:45:00Z,0.0000001761,0.0000001763,0.0000001753,0.0000001759,1963805045.5,345.40659112349
1697230200000,2023-10-13T20:50:00Z,0.0000001759,0.0000001768,0.0000001758,0.0000001768,1847304185.2,325.3391263397
1697230500000,2023-10-13T20:55:00Z,0.0000001768,0.0000001769,0.0000001765,0.0000001768,958676513,169.3489086819
1697230800000,2023-10-13T21:00:00Z,0.0000001768,0.000000177,0.0000001767,0.000000177,2466257398.8,436.40599697474
1697231100000,2023-10-13T21:05:00Z,0.000000177,0.0000001773,0.000000177,0.0000001772,1086956643.8,192.68905939807
1697231400000,2023-10-13T21:10:00Z,0.0000001772,0.0000001776,0.0000001769,0.0000001772,1771787770.4,314.15018151832
1697231700000,2023-10-13T21:15:00Z,0.0000001772,0.0000001786,0.0000001772,0.0000001786,907129743.8,161.61342299533
1697232000000,2023-10-13T21:20:00Z,0.0000001786,0.0000001786,0.0000001768,0.000000177,1336993943,236.7458915683
1697232300000,2023-10-13T21:25:00Z,0.000000177,0.000000177,0.0000001752,0.0000001758,2821821281,495.19809840912
1697232600000,2023-10-13T21:30:00Z,0.0000001758,0.0000001786,0.0000001756,0.0000001786,6295215303.2,1113.87503713748
1697232900000,2023-10-13T21:35:00Z,0.0000001786,0.0000001822,0.0000001779,0.0000001796,5505767601.2,996.84970451683
1697233200000,2023-10-13T21:40:00Z,0.0000001796,0.0000001806,0.0000001795,0.0000001806,1174792484,211.8151423226
1697233500000,2023-10-13T21:45:00Z,0.0000001806,0.0000001807,0.0000001802,0.0000001807,821429739,148.2248698244
1697233800000,2023-10-13T21:50:00Z,0.0000001807,0.0000001807,0.0000001798,0.0000001807,539541467,97.2171113396
1697234100000,2023-10-13T21:55:00Z,0.0000001807,0.0000001807,0.0000001797,0.0000001797,392168040,70.4831144949
1697234400000,2023-10-13T22:00:00Z,0.0000001797,0.0000001805,0.0000001797,0.00000018,660855027.4,118.94443223596
1697234700000,2023-10-13T22:05:00Z,0.00000018,0.0000001804,0.0000001796,0.0000001803,506217709,91.137162552
1697235000000,2023-10-13T22:10:00Z,0.0000001803,0.0000001803,0.0000001777,0.0000001782,2674876741.1,477.11588604231
1697235300000,2023-10-13T22:15:00Z,0.0000001782,0.0000001782,0.0000001779,0.0000001782,343363189,61.1776353753
1697235600000,2023-10-13T22:20:00Z,0.0000001782,0.0000001782,0.0000001765,0.0000001765,3697048732.3,653.68721961683
1697235900000,2023-10-13T22:25:00Z,0.0000001765,0.0000001765,0.0000001761,0.0000001764,716565100.5,126.3077382121
1697236200000,2023-10-13T22:30:00Z,0.0000001764,0.0000001764,0.0000001757,0.0000001762,414009638,72.9536386647
1697236500000,2023-10-13T22:35:00Z,0.0000001762,0.0000001765,0.0000001762,0.0000001765,2116408341.7,373.23918970676
1697236800000,2023-10-13T22:40:00Z,0.0000001765,0.0000001765,0.0000001757,0.0000001759,812821255.7,143.22800259729
1697237100000,2023-10-13T22:45:00Z,0.0000001759,0.0000001783,0.0000001759,0.0000001783,1044877325.7,185.73890337741
1697237400000,2023-10-13T22:50:00Z,0.0000001783,0.0000001783,0.0000001763,0.0000001763,3972504637.4,705.31979511206
1697237700000,2023-10-13T22:55:00Z,0.0000001763,0.0000001769,0.0000001763,0.0000001769,538618765,95.0515926563
1697238000000,2023-10-13T23:00:00Z,0.0000001769,0.0000001769,0.0000001763,0.0000001766,394914693.1,69.71064386976
1697238300000,2023-10-13T23:05:00Z,0.0000001766,0.0000001772,0.0000001765,0.0000001771,692616846,122.5109124573
1697238600000,2023-10-13T23:10:00Z,0.0000001771,0.0000001774,0.0000001771,0.0000001774,314531239,55.7442030822
1697238900000,2023-10-13T23:15:00Z,0.0000001774,0.0000001774,0.0000001767,0.0000001772,875628042.8,155.08606058636
1697239200000,2023-10-13T23:20:00Z,0.0000001772,0.0000001772,0.0000001768,0.0000001768,255621052,45.1938019936
1697239500000,2023-10-13T23:25:00Z,0.0000001768,0.0000001772,0.0000001763,0.0000001768,708971444,125.4558924608
1697239800000,2023-10-13T23:30:00Z,0.0000001768,0.0000001768,0.0000001763,0.0000001763,579778401,102.4018117803
1697240100000,2023-10-13T23:35:00Z,0.0000001763,0.0000001767,0.0000001763,0.0000001764,734704241,129.6900348018
1697240400000,2023-10-13T23:40:00Z,0.0000001764,0.0000001765,0.0000001764,0.0000001765,645912144,114.003493416
1697240700000,2023-10-13T23:45:00Z,0.0000001765,0.0000001767,0.0000001765,0.0000001767,47509474,8.3949240558
1697241000000,2023-10-13T23:50:00Z,0.0000001767,0.0000001773,0.0000001767,0.0000001773,499425112,88.3079589633
1697241300000,2023-10-13T23:55:00Z,0.0000001773,0.0000001774,0.0000001767,0.000000177,488148788,86.3681237259
1697241600000,2023-10-14T00:00:00Z,0.000000177,0.000000177,0.0000001767,0.0000001767,244658952,43.2403475131
1697241900000,2023-10-14T00:05:00Z,0.0000001767,0.0000001767,0.0000001763,0.0000001765,402207161.2,70.973510699
1697242200000,2023-10-14T00:10:00Z,0.0000001765,0.0000001786,0.0000001765,0.0000001783,431767069.8,76.81319974749
1697242500000,2023-10-14T00:15:00Z,0.0000001783,0.0000001793,0.0000001772,0.0000001772,883060120.9,157.54081703141
1697242800000,2023-10-14T00:20:00Z,0.0000001772,0.0000001772,0.0000001772,0.0000001772,0,0
1697243100000,2023-10-14T00:25:00Z,0.0000001772,0.0000001772,0.0000001772,0.0000001772,0,0
1697243400000,2023-10-14T00:30:00Z,0.0000001772,0.0000001772,0.0000001772,0.0000001772,574076930,101.726431996
1697243700000,2023-10-14T00:35:00Z,0.0000001772,0.0000001773,0.0000001768,0.0000001773,273373731,48.4514415298
1697244000000,2023-10-14T00:40:00Z,0.0000001773,0.0000001773,0.0000001768,0.0000001768,916755831,162.2979291208
1697244300000,2023-10-14T00:45:00Z,0.0000001768,0.0000001771,0.0000001765,0.000000177,515827454,91.225825671
1697244600000,2023-10-14T00:50:00Z,0.000000177,0.0000001772,0.0000001768,0.0000001769,275213565,48.7297618357
1697244900000,2023-10-14T00:55:00Z,0.0000001769,0.000000177,0.0000001769,0.0000001769,300559259,53.1785130733
1697245200000,2023-10-14T01:00:00Z,0.0000001769,0.0000001773,0.0000001769,0.0000001772,369543709,65.5124021243
1697245500000,2023-10-14T01:05:00Z,0.0000001772,0.0000001772,0.0000001769,0.0000001769,6341467,1.1218055123
1697245800000,2023-10-14T01:10:00Z,0.0000001769,0.000000177,0.0000001763,0.0000001765,998369740,176.5564296836
1697246100000,2023-10-14T01:15:00Z,0.0000001765,0.000000177,0.0000001765,0.000000177,602420226,106.490388381
1697246400000,2023-10-14T01:20:00Z,0.000000177,0.000000177,0.0000001762,0.0000001767,756195685.6,133.58847706416
1697246700000,2023-10-14T01:25:00Z,0.0000001767,0.0000001769,0.0000001767,0.0000001769,359040555,63.5142741795
1697247000000,2023-10-14T01:30:00Z,0.0000001769,0.000000177,0.0000001768,0.000000177,271236518,47.982471936
1697247300000,2023-10-14T01:35:00Z,0.000000177,0.000000177,0.0000001762,0.0000001762,71284191,12.5602744542
1697247600000,2023-10-14T01:40:00Z,0.0000001762,0.0000001772,0.0000001762,0.0000001772,124369894,22.0383452168
1697247900000,2023-10-14T01:45:00Z,0.0000001772,0.0000001772,0.0000001764,0.0000001764,128236486,22.6209161304
1697248200000,2023-10-14T01:50:00Z,0.0000001764,0.0000001767,0.0000001764,0.0000001767,127805136,22.5831675312
1697248500000,2023-10-14T01:55:00Z,0.0000001767,0.0000001771,0.0000001766,0.0000001771,676119865,119.6114240475
1697248800000,2023-10-14T02:00:00Z,0.0000001771,0.0000001791,0.0000001771,0.0000001785,1346555203.7,239.82525458977
1697249100000,2023-10-14T02:05:00Z,0.0000001785,0.000000179,0.0000001785,0.000000179,209139887,37.436039773
1697249400000,2023-10-14T02:10:00Z,0.000000179,0.000000179,0.0000001769,0.0000001769,386845024.9,68.49736478826
1697249700000,2023-10-14T02:15:00Z,0.0000001769,0.0000001769,0.0000001766,0.0000001767,213900302.7,37.78390861829
1697250000000,2023-10-14T02:20:00Z,0.0000001767,0.0000001769,0.0000001767,0.0000001769,825841665,146.0913905385
1697250300000,2023-10-14T02:25:00Z,0.0000001769,0.0000001771,0.0000001769,0.0000001771,515735385,91.3141505741
1697250600000,2023-10-14T02:30:00Z,0.0000001771,0.0000001771,0.0000001765,0.0000001765,113635280.1,20.09954369045
1697250900000,2023-10-14T02:35:00Z,0.0000001765,0.0000001769,0.0000001765,0.0000001766,152482420,26.9428777253
1697251200000,2023-10-14T02:40:00Z,0.0000001766,0.0000001769,0.0000001766,0.0000001769,49644920,8.782186348
1697251500000,2023-10-14T02:45:00Z,0.0000001769,0.000000178,0.0000001769,0.0000001779,209510754,37.27725199293
1697251800000,2023-10-14T02:50:00Z,0.0000001779,0.000000178,0.0000001779,0.000000178,110298988,19.633219864
1697252100000,2023-10-14T02:55:00Z,0.000000178,0.000000178,0.000000178,0.000000178,0,0
1697252400000,2023-10-14T03:00:00Z,0.000000178,0.0000001794,0.000000178,0.0000001793,233518923.7,41.86962023432
1697252700000,2023-10-14T03:05:00Z,0.0000001793,0.0000001793,0.0000001773,0.0000001773,452331328.9,80.25834461397
1697253000000,2023-10-14T03:10:00Z,0.0000001773,0.0000001773,0.0000001773,0.0000001773,0,0
1697253300000,2023-10-14T03:15:00Z,0.0000001773,0.0000001773,0.0000001772,0.0000001772,107930959,19.1253659348
1697253600000,2023-10-14T03:20:00Z,0.0000001772,0.0000001772,0.0000001772,0.0000001772,0,0
1697253900000,2023-10-14T03:25:00Z,0.0000001772,0.0000001772,0.0000001772,0.0000001772,0,0
1697254200000,2023-10-14T03:30:00Z,0.0000001772,0.0000001779,0.0000001772,0.0000001779,280906854.2,49.97332936218
1697254500000,2023-10-14T03:35:00Z,0.0000001779,0.0000001779,0.0000001779,0.0000001779,0,0
1697254800000,2023-10-14T03:40:00Z,0.0000001779,0.0000001779,0.0000001779,0.0000001779,0,0
1697255100000,2023-10-14T03:45:00Z,0.0000001779,0.0000001779,0.0000001772,0.0000001772,300553688,53.2581135136
1697255400000,2023-10-14T03:50:00Z,0.0000001772,0.0000001772,0.000000177,0.000000177,306217747.3,54.2005412721
1697255700000,2023-10-14T03:55:00Z,0.000000177,0.000000177,0.000000177,0.000000177,0,0
1697256000000,2023-10-14T04:00:00Z,0.000000177,0.0000001789,0.000000177,0.0000001789,85554373,15.3056773297
1697256300000,2023-10-14T04:05:00Z,0.0000001789,0.0000001795,0.0000001771,0.0000001774,1827396670.4,324.38085256618
1697256600000,2023-10-14T04:10:00Z,0.0000001774,0.0000001774,0.0000001774,0.0000001774,0,0
1697256900000,2023-10-14T04:15:00Z,0.0000001774,0.0000001774,0.0000001774,0.0000001774,304817307,54.0745902618
1697257200000,2023-10-14T04:20:00Z,0.0000001774,0.0000001774,0.0000001774,0.0000001774,0,0
1697257500000,2023-10-14T04:25:00Z,0.0000001774,0.0000001774,0.0000001774,0.0000001774,0,0
1697257800000,2023-10-14T04:30:00Z,0.0000001774,0.000000178,0.000000177,0.0000001778,860813646,152.66568242188
1697258100000,2023-10-14T04:35:00Z,0.0000001778,0.0000001778,0.0000001778,0.0000001778,0,0
1697258400000,2023-10-14T04:40:00Z,0.0000001778,0.0000001778,0.0000001778,0.0000001778,328082342,58.3330404076
1697258700000,2023-10-14T04:45:00Z,0.0000001778,0.0000001778,0.0000001778,0.0000001778,43764507,7.7813293446
1697259000000,2023-10-14T04:50:00Z,0.0000001778,0.0000001778,0.0000001778,0.0000001778,0,0
1697259300000,2023-10-14T04:55:00Z,0.0000001778,0.0000001778,0.0000001778,0.0000001778,0,0
1697259600000,2023-10-14T05:00:00Z,0.0000001778,0.0000001778,0.0000001778,0.0000001778,56242969.6,9.99999999488
1697259900000,2023-10-14T05:05:00Z,0.0000001778,0.0000001778,0.0000001778,0.0000001778,0,0
1697260200000,2023-10-14T05:10:00Z,0.0000001778,0.0000001778,0.0000001772,0.0000001772,616671652,109.3222216215
1697260500000,2023-10-14T05:15:00Z,0.0000001772,0.0000001772,0.0000001772,0.0000001772,34802404,6.1669859888
1697260800000,2023-10-14T05:20:00Z,0.0000001772,0.0000001772,0.0000001771,0.0000001771,388649257.7,68.83294835964
1697261100000,2023-10-14T05:25:00Z,0.0000001771,0.0000001772,0.0000001771,0.0000001772,138506366,24.5433280552
1697261400000,2023-10-14T05:30:00Z,0.0000001772,0.0000001773,0.0000001772,0.0000001773,359890929.6,63.79660075867
1697261700000,2023-10-14T05:35:00Z,0.0000001773,0.0000001773,0.0000001769,0.0000001769,399048990,70.6925058964
1697262000000,2023-10-14T05:40:00Z,0.0000001769,0.0000001783,0.0000001769,0.0000001783,547437893.4,97.38751595214
1697262300000,2023-10-14T05:45:00Z,0.0000001783,0.0000001783,0.0000001783,0.0000001783,0,0
1697262600000,2023-10-14T05:50:00Z,0.0000001783,0.0000001793,0.0000001783,0.0000001786,546652415.6,97.73134853708
1697262900000,2023-10-14T05:55:00Z,0.0000001786,0.0000001789,0.0000001786,0.0000001789,162895824,29.1420629136
1697263200000,2023-10-14T06:00:00Z,0.0000001789,0.0000001789,0.0000001774,0.0000001775,2501480159.9,443.99693393075
1697263500000,2023-10-14T06:05:00Z,0.0000001775,0.0000001777,0.0000001766,0.0000001766,1393774349,246.97782163358
1697263800000,2023-10-14T06:10:00Z,0.0000001766,0.0000001783,0.0000001765,0.0000001782,6182181728.1,1093.36076051878
1697264100000,2023-10-14T06:15:00Z,0.0000001782,0.0000001789,0.0000001782,0.0000001787,1926212266.2,343.6089842385
1697264400000,2023-10-14T06:20:00Z,0.0000001787,0.000000179,0.0000001783,0.0000001783,445448344,79.63193442076
1697264700000,2023-10-14T06:25:00Z,0.0000001783,0.000000179,0.0000001783,0.000000179,589770600,105.37977251679
1697265000000,2023-10-14T06:30:00Z,0.000000179,0.000000179,0.0000001783,0.0000001786,507465651.8,90.58255922262
1697265300000,2023-10-14T06:35:00Z,0.0000001786,0.0000001789,0.0000001783,0.0000001783,538010467,96.1237416999
1697265600000,2023-10-14T06:40:00Z,0.0000001783,0.0000001788,0.0000001783,0.0000001786,242862057,43.39198200933
1697265900000,2023-10-14T06:45:00Z,0.0000001786,0.0000001786,0.0000001786,0.0000001786,0,0
1697266200000,2023-10-14T06:50:00Z,0.0000001786,0.0000001786,0.0000001784,0.0000001785,523429526.6,93.43404860114
1697266500000,2023-10-14T06:55:00Z,0.0000001785,0.0000001786,0.0000001785,0.0000001786,323981708.6,57.84585176866
1697266800000,2023-10-14T07:00:00Z,0.0000001786,0.0000001786,0.0000001785,0.0000001785,99568136,17.772912276
1697267100000,2023-10-14T07:05:00Z,0.0000001785,0.0000001787,0.0000001785,0.0000001787,103693167,18.5299689429
1697267400000,2023-10-14T07:10:00Z,0.0000001787,0.0000001787,0.0000001785,0.0000001785,572556976,102.2128633309
1697267700000,2023-10-14T07:15:00Z,0.0000001785,0.0000001786,0.0000001785,0.0000001786,164927800,29.45610508
1697268000000,2023-10-14T07:20:00Z,0.0000001786,0.0000001786,0.0000001781,0.0000001786,170612081,30.4486356846
1697268300000,2023-10-14T07:25:00Z,0.0000001786,0.0000001787,0.0000001782,0.0000001787,166465430,29.692372341
1697268600000,2023-10-14T07:30:00Z,0.0000001787,0.0000001787,0.0000001781,0.0000001781,166970854,29.7375090974
1697268900000,2023-10-14T07:35:00Z,0.0000001781,0.0000001781,0.0000001781,0.0000001781,0,0
1697269200000,2023-10-14T07:40:00Z,0.0000001781,0.0000001781,0.0000001778,0.0000001778,609287823.1,108.43881326621
1697269500000,2023-10-14T07:45:00Z,0.0000001778,0.0000001785,0.0000001778,0.0000001785,1625184103.8,290.0953625283
1697269800000,2023-10-14T07:50:00Z,0.0000001785,0.0000001785,0.0000001785,0.0000001785,470615608.6,84.0048861351
1697270100000,2023-10-14T07:55:00Z,0.0000001785,0.0000001797,0.0000001785,0.0000001797,170778211,30.6692753439
1697270400000,2023-10-14T08:00:00Z,0.0000001797,0.0000001807,0.0000001786,0.0000001792,22929105391.1,4127.57074908139
1697270700000,2023-10-14T08:05:00Z,0.0000001792,0.0000001792,0.0000001792,0.0000001792,440837904,78.9981523968
1697271000000,2023-10-14T08:10:00Z,0.0000001792,0.0000001796,0.0000001786,0.0000001791,1198510061.4,214.37691428464
1697271300000,2023-10-14T08:15:00Z,0.0000001791,0.0000001791,0.0000001791,0.0000001791,0,0
1697271600000,2023-10-14T08:20:00Z,0.0000001791,0.0000001795,0.0000001789,0.0000001795,664586309,119.0211765877
1697271900000,2023-10-14T08:25:00Z,0.0000001795,0.0000001795,0.0000001787,0.0000001794,236872189.7,42.43919390868
1697272200000,2023-10-14T08:30:00Z,0.0000001794,0.0000001794,0.0000001794,0.0000001794,0,0
1697272500000,2023-10-14T08:35:00Z,0.0000001794,0.0000001795,0.0000001788,0.0000001788,517327727.8,92.6226511102
1697272800000,2023-10-14T08:40:00Z,0.0000001788,0.0000001789,0.0000001785,0.0000001785,2008237174.9,358.62339463953
1697273100000,2023-10-14T08:45:00Z,0.0000001785,0.000000179,0.0000001785,0.0000001785,1719059247.2,307.04337393594
1697273400000,2023-10-14T08:50:00Z,0.0000001785,0.0000001795,0.0000001785,0.0000001795,660562013,118.0721621815
1697273700000,2023-10-14T08:55:00Z,0.0000001795,0.0000001795,0.0000001787,0.0000001788,712522784,127.5538046221
1697274000000,2023-10-14T09:00:00Z,0.0000001788,0.000000179,0.0000001787,0.000000179,458499933,81.9610045314
1697274300000,2023-10-14T09:05:00Z,0.000000179,0.000000179,0.0000001787,0.0000001789,1087813926,194.4922480015
1697274600000,2023-10-14T09:10:00Z,0.0000001789,0.0000001789,0.0000001785,0.0000001787,528981420.2,94.55776553441
1697274900000,2023-10-14T09:15:00Z,0.0000001787,0.000000179,0.0000001786,0.000000179,668535338,119.5605918577
1697275200000,2023-10-14T09:20:00Z,0.000000179,0.000000179,0.0000001785,0.0000001786,1075876272.5,192.08142216037
1697275500000,2023-10-14T09:25:00Z,0.0000001786,0.0000001787,0.0000001786,0.0000001787,329521864,58.8728640374
1697275800000,2023-10-14T09:30:00Z,0.0000001787,0.0000001787,0.0000001785,0.0000001786,1241368363.3,221.58828866127
1697276100000,2023-10-14T09:35:00Z,0.0000001786,0.0000001786,0.0000001786,0.0000001786,0,0
1697276400000,2023-10-14T09:40:00Z,0.0000001786,0.0000001786,0.0000001786,0.0000001786,11783035,2.104450051
1697276700000,2023-10-14T09:45:00Z,0.0000001786,0.0000001786,0.0000001786,0.0000001786,0,0
1697277000000,2023-10-14T09:50:00Z,0.0000001786,0.0000001786,0.0000001786,0.0000001786,0,0
1697277300000,2023-10-14T09:55:00Z,0.0000001786,0.0000001786,0.0000001786,0.0000001786,0,0
1697277600000,2023-10-14T10:00:00Z,0.0000001786,0.0000001792,0.0000001786,0.0000001787,1240741602,222.0929153638
1697277900000,2023-10-14T10:05:00Z,0.0000001787,0.0000001792,0.0000001787,0.0000001787,439217278,78.5617253311
1697278200000,2023-10-14T10:10:00Z,0.0000001787,0.0000001792,0.0000001787,0.0000001787,1139420985,203.7354929786
1697278500000,2023-10-14T10:15:00Z,0.0000001787,0.000000179,0.0000001769,0.0000001788,15150695493,2695.56846666131
1697278800000,2023-10-14T10:20:00Z,0.0000001788,0.0000001788,0.0000001756,0.0000001769,8519239300,1503.08005508786
1697279100000,2023-10-14T10:25:00Z,0.0000001769,0.0000001774,0.0000001766,0.0000001767,1584392222,280.5177577797
1697279400000,2023-10-14T10:30:00Z,0.0000001767,0.0000001775,0.0000001764,0.0000001768,3121323475.8,551.13718256377
1697279700000,2023-10-14T10:35:00Z,0.0000001768,0.0000001775,0.0000001763,0.000000177,794608196.6,140.65703096118
1697280000000,2023-10-14T10:40:00Z,0.000000177,0.0000001774,0.0000001769,0.0000001771,677960785,120.1528085791
1697280300000,2023-10-14T10:45:00Z,0.0000001771,0.0000001774,0.000000177,0.0000001774,714954857,126.7110796786
1697280600000,2023-10-14T10:50:00Z,0.0000001774,0.0000001775,0.000000177,0.0000001775,1467659764,260.244215282
1697280900000,2023-10-14T10:55:00Z,0.0000001775,0.000000178,0.0000001775,0.0000001777,974519126,173.3713433549
1697281200000,2023-10-14T11:00:00Z,0.0000001777,0.0000001781,0.0000001775,0.0000001776,784233035,139.3584238988
1697281500000,2023-10-14T11:05:00Z,0.0000001776,0.000000178,0.000000177,0.000000177,1723187672,305.79640761981
1697281800000,2023-10-14T11:10:00Z,0.000000177,0.000000178,0.000000177,0.000000178,201408455,35.8263429664
1697282100000,2023-10-14T11:15:00Z,0.000000178,0.000000178,0.0000001771,0.0000001772,960335685,170.2129843957
1697282400000,2023-10-14T11:20:00Z,0.0000001772,0.000000178,0.0000001772,0.0000001779,1211049653,215.2380145916
1697282700000,2023-10-14T11:25:00Z,0.0000001779,0.000000178,0.0000001775,0.0000001776,1926687080,342.3500342541
1697283000000,2023-10-14T11:30:00Z,0.0000001776,0.000000178,0.0000001774,0.0000001778,724391281,128.707345674
1697283300000,2023-10-14T11:35:00Z,0.0000001778,0.0000001779,0.0000001778,0.0000001779,389763709,69.3389638311
1697283600000,2023-10-14T11:40:00Z,0.0000001779,0.0000001779,0.0000001779,0.0000001779,0,0
1697283900000,2023-10-14T11:45:00Z,0.0000001779,0.0000001779,0.0000001779,0.0000001779,438673535,78.0400218765
1697284200000,2023-10-14T11:50:00Z,0.0000001779,0.0000001779,0.0000001779,0.0000001779,341079624,60.6780651096
1697284500000,2023-10-14T11:55:00Z,0.0000001779,0.000000178,0.0000001779,0.0000001779,1196935698,212.9394989171
1697284800000,2023-10-14T12:00:00Z,0.0000001779,0.0000001779,0.0000001779,0.0000001779,307880655.1,54.77196854229
1697285100000,2023-10-14T12:05:00Z,0.0000001779,0.0000001779,0.0000001771,0.0000001778,562752168,99.9253078026
1697285400000,2023-10-14T12:10:00Z,0.0000001778,0.0000001778,0.000000177,0.000000177,573957818,101.702015162
1697285700000,2023-10-14T12:15:00Z,0.000000177,0.0000001773,0.0000001769,0.0000001773,867031757.3,153.60379181157
1697286000000,2023-10-14T12:20:00Z,0.0000001773,0.0000001774,0.0000001771,0.0000001771,712091240,126.1786639711
1697286300000,2023-10-14T12:25:00Z,0.0000001771,0.0000001775,0.000000177,0.0000001775,575753106.9,102.01553005529
1697286600000,2023-10-14T12:30:00Z,0.0000001775,0.0000001776,0.0000001772,0.0000001776,157766937,28.003504438
1697286900000,2023-10-14T12:35:00Z,0.0000001776,0.0000001776,0.0000001771,0.0000001772,499181403,88.498413196
1697287200000,2023-10-14T12:40:00Z,0.0000001772,0.0000001773,0.0000001771,0.0000001773,1289189922,228.5105523254
1697287500000,2023-10-14T12:45:00Z,0.0000001773,0.0000001773,0.0000001772,0.0000001773,736291797,130.5409962714
1697287800000,2023-10-14T12:50:00Z,0.0000001773,0.0000001774,0.0000001773,0.0000001774,508759059,90.2377290126
1697288100000,2023-10-14T12:55:00Z,0.0000001774,0.0000001777,0.0000001773,0.0000001777,1168888647,207.5663645971
1697288400000,2023-10-14T13:00:00Z,0.0000001777,0.0000001777,0.0000001775,0.0000001775,496686741,88.2360498577
1697288700000,2023-10-14T13:05:00Z,0.0000001775,0.0000001778,0.0000001768,0.0000001775,1815208694,322.07719022824
1697289000000,2023-10-14T13:10:00Z,0.0000001775,0.0000001775,0.0000001768,0.0000001771,539242007.1,95.45638279201
1697289300000,2023-10-14T13:15:00Z,0.0000001771,0.0000001779,0.0000001765,0.0000001771,1135238704.7,201.029087802
1697289600000,2023-10-14T13:20:00Z,0.0000001771,0.0000001771,0.0000001761,0.0000001767,1395137932.8,246.3954486322
1697289900000,2023-10-14T13:25:00Z,0.0000001767,0.0000001772,0.0000001766,0.0000001772,842435368,149.2292525744
1697290200000,2023-10-14T13:30:00Z,0.0000001772,0.0000001775,0.0000001772,0.0000001773,696157988,123.500449395
1697290500000,2023-10-14T13:35:00Z,0.0000001773,0.0000001775,0.000000177,0.0000001775,1210717133,214.5307015938
1697290800000,2023-10-14T13:40:00Z,0.0000001775,0.0000001779,0.0000001774,0.0000001779,1769194395,314.2432777104
1697291100000,2023-10-14T13:45:00Z,0.0000001779,0.000000178,0.0000001774,0.0000001775,1202429295,213.7512885506
1697291400000,2023-10-14T13:50:00Z,0.0000001775,0.0000001784,0.0000001775,0.0000001784,505409195.7,90.0003714683
1697291700000,2023-10-14T13:55:00Z,0.0000001784,0.0000001784,0.0000001776,0.0000001783,1650720740,294.007236332
1697292000000,2023-10-14T14:00:00Z,0.0000001783,0.0000001789,0.0000001782,0.0000001784,652354572,116.39662301506
1697292300000,2023-10-14T14:05:00Z,0.0000001784,0.0000001787,0.0000001783,0.0000001785,1559747604,278.46591788687
1697292600000,2023-10-14T14:10:00Z,0.0000001785,0.0000001787,0.0000001785,0.0000001785,208125619,37.1749938769
1697292900000,2023-10-14T14:15:00Z,0.0000001785,0.0000001786,0.000000178,0.0000001786,746650510,133.0257096052
1697293200000,2023-10-14T14:20:00Z,0.0000001786,0.0000001786,0.0000001782,0.0000001783,283704186,50.5781117978
1697293500000,2023-10-14T14:25:00Z,0.0000001783,0.0000001783,0.000000178,0.000000178,71225103,12.678068334
1697293800000,2023-10-14T14:30:00Z,0.000000178,0.0000001784,0.000000178,0.0000001784,81349029,14.5126667736
1697294100000,2023-10-14T14:35:00Z,0.0000001784,0.0000001784,0.0000001784,0.0000001784,0,0
1697294400000,2023-10-14T14:40:00Z,0.0000001784,0.0000001785,0.0000001776,0.000000178,2501931946,444.9683147287
1697294700000,2023-10-14T14:45:00Z,0.000000178,0.0000001783,0.0000001772,0.0000001779,2776204558,493.58262487827
1697295000000,2023-10-14T14:50:00Z,0.0000001779,0.0000001782,0.0000001774,0.0000001775,1273801269,226.53907645553
1697295300000,2023-10-14T14:55:00Z,0.0000001775,0.0000001781,0.0000001774,0.0000001778,513909057.8,91.30129492818
1697295600000,2023-10-14T15:00:00Z,0.0000001778,0.0000001778,0.0000001775,0.0000001775,604028576,107.3007129468
1697295900000,2023-10-14T15:05:00Z,0.0000001775,0.0000001775,0.0000001774,0.0000001775,315272659.4,55.9369029594
1697296200000,2023-10-14T15:10:00Z,0.0000001775,0.0000001779,0.0000001775,0.0000001779,450257215,80.02459079304
1697296500000,2023-10-14T15:15:00Z,0.0000001779,0.0000001779,0.0000001775,0.0000001775,708712392,125.8303376057
1697296800000,2023-10-14T15:20:00Z,0.0000001775,0.0000001778,0.0000001775,0.0000001776,154760032,27.4922085046
1697297100000,2023-10-14T15:25:00Z,0.0000001776,0.0000001778,0.0000001776,0.0000001778,392436526,69.7647215788
1697297400000,2023-10-14T15:30:00Z,0.0000001778,0.000000178,0.0000001777,0.0000001778,623140846.6,110.7684298644
1697297700000,2023-10-14T15:35:00Z,0.0000001778,0.0000001778,0.0000001778,0.0000001778,0,0
1697298000000,2023-10-14T15:40:00Z,0.0000001778,0.000000178,0.0000001777,0.0000001779,1077783499,191.73521423191
1697298300000,2023-10-14T15:45:00Z,0.0000001779,0.000000178,0.0000001774,0.0000001774,534159114,94.82039398398
1697298600000,2023-10-14T15:50:00Z,0.0000001774,0.0000001781,0.0000001774,0.0000001781,224052935,39.8867959339
1697298900000,2023-10-14T15:55:00Z,0.0000001781,0.0000001781,0.000000178,0.000000178,627998935,111.8115908373
1697299200000,2023-10-14T16:00:00Z,0.000000178,0.0000001785,0.0000001777,0.0000001777,1217143054,216.73321159073
1697299500000,2023-10-14T16:05:00Z,0.0000001777,0.0000001779,0.0000001776,0.0000001779,655839594,116.6129490093
1697299800000,2023-10-14T16:10:00Z,0.0000001779,0.0000001779,0.0000001776,0.0000001776,38128014,6.7715352864
1697300100000,2023-10-14T16:15:00Z,0.0000001776,0.0000001781,0.0000001776,0.0000001778,536811872,95.524187383
1697300400000,2023-10-14T16:20:00Z,0.0000001778,0.0000001784,0.0000001778,0.0000001784,10103272204.5,1802.33101259245
1697300700000,2023-10-14T16:25:00Z,0.0000001784,0.0000001793,0.0000001784,0.000000179,971315700.9,173.71745691094
1697301000000,2023-10-14T16:30:00Z,0.000000179,0.000000179,0.000000179,0.000000179,0,0
1697301300000,2023-10-14T16:35:00Z,0.000000179,0.0000001793,0.0000001784,0.0000001786,1022648690.2,182.84060080924
1697301600000,2023-10-14T16:40:00Z,0.0000001786,0.0000001793,0.0000001782,0.0000001793,1137466665,203.50290509631
1697301900000,2023-10-14T16:45:00Z,0.0000001793,0.0000001793,0.0000001788,0.0000001789,382691258,68.4841775781
1697302200000,2023-10-14T16:50:00Z,0.0000001789,0.0000001791,0.0000001789,0.0000001791,40387757,7.2334472787
1697302500000,2023-10-14T16:55:00Z,0.0000001791,0.0000001813,0.0000001786,0.0000001796,22681553036.8,4096.69984708491
1697302800000,2023-10-14T17:00:00Z,0.0000001796,0.0000001801,0.0000001796,0.0000001801,504354417,90.8342305017
1697303100000,2023-10-14T17:05:00Z,0.0000001801,0.0000001804,0.0000001798,0.00000018,1089598149,196.2652618948
1697303400000,2023-10-14T17:10:00Z,0.00000018,0.0000001803,0.0000001798,0.0000001799,1048634355,188.8376648456
1697303700000,2023-10-14T17:15:00Z,0.0000001799,0.0000001836,0.0000001799,0.0000001828,2921894239.8,531.14759513378
1697304000000,2023-10-14T17:20:00Z,0.0000001828,0.0000001992,0.0000001818,0.0000001939,51762969642.8,9817.88448307897
1697304300000,2023-10-14T17:25:00Z,0.0000001939,0.0000002123,0.0000001939,0.000000208,67507088294.8,13815.67022232461
1697304600000,2023-10-14T17:30:00Z,0.000000208,0.0000002149,0.0000002066,0.0000002123,34984464512.4,7389.05321279688
1697304900000,2023-10-14T17:35:00Z,0.0000002123,0.0000002129,0.0000002068,0.0000002072,15502941360.1,3258.9879643851
1697305200000,2023-10-14T17:40:00Z,0.0000002072,0.0000002099,0.0000002042,0.0000002042,8773555574.9,1824.15714233774
1697305500000,2023-10-14T17:45:00Z,0.0000002042,0.0000002084,0.0000001954,0.0000001998,21294925024.8,4269.68509019059
1697305800000,2023-10-14T17:50:00Z,0.0000001998,0.0000002,0.0000001958,0.0000001969,5727605109.3,1127.82139661956
1697306100000,2023-10-14T17:55:00Z,0.0000001969,0.0000001992,0.0000001969,0.0000001981,2151099617.5,425.89239509546
1697306400000,2023-10-14T18:00:00Z,0.0000001981,0.0000001981,0.0000001931,0.0000001934,3950660882.8,767.97567022863
1697306700000,2023-10-14T18:05:00Z,0.0000001934,0.0000001949,0.0000001934,0.0000001944,1610140150,312.62479759066
1697307000000,2023-10-14T18:10:00Z,0.0000001944,0.0000001956,0.0000001915,0.0000001934,9554265918,1853.64376403942
1697307300000,2023-10-14T18:15:00Z,0.0000001934,0.000000194,0.0000001922,0.0000001927,17514749768.6,3383.00757479383
1697307600000,2023-10-14T18:20:00Z,0.0000001927,0.0000001927,0.000000191,0.0000001915,1279480274.5,245.9272551353
1697307900000,2023-10-14T18:25:00Z,0.0000001915,0.0000001921,0.0000001914,0.0000001914,868268175.5,166.44071049045
1697308200000,2023-10-14T18:30:00Z,0.0000001914,0.000000193,0.0000001909,0.0000001919,2587125490,498.03650333394
1697308500000,2023-10-14T18:35:00Z,0.0000001919,0.0000001919,0.000000191,0.000000191,492052955,94.0820625336
1697308800000,2023-10-14T18:40:00Z,0.000000191,0.0000001913,0.0000001909,0.000000191,782569563.7,149.58418293073
1697309100000,2023-10-14T18:45:00Z,0.000000191,0.0000001921,0.000000191,0.0000001918,2372524542.8,454.4803428973
1697309400000,2023-10-14T18:50:00Z,0.0000001918,0.0000001934,0.0000001915,0.0000001923,2070822706.2,398.73261179085
1697309700000,2023-10-14T18:55:00Z,0.0000001923,0.0000001941,0.0000001923,0.0000001941,1180978034.1,227.80667803515
1697310000000,2023-10-14T19:00:00Z,0.0000001941,0.0000001941,0.0000001907,0.0000001908,7979729393.9,1531.18019864905
1697310300000,2023-10-14T19:05:00Z,0.0000001908,0.0000001909,0.0000001907,0.0000001909,21444531339.4,4090.04680361807
1697310600000,2023-10-14T19:10:00Z,0.0000001909,0.0000001913,0.0000001909,0.0000001913,439156708,83.9356730538
1697310900000,2023-10-14T19:15:00Z,0.0000001913,0.0000001929,0.0000001913,0.0000001929,1399516783,268.8659497375
1697311200000,2023-10-14T19:20:00Z,0.0000001929,0.0000001946,0.000000192,0.0000001939,1381466049.2,266.80748208649
1697311500000,2023-10-14T19:25:00Z,0.0000001939,0.0000001946,0.0000001923,0.0000001946,2286886879.3,443.5734287641
1697311800000,2023-10-14T19:30:00Z,0.0000001946,0.0000001947,0.0000001938,0.0000001941,2104949537.7,409.13522548873
1697312100000,2023-10-14T19:35:00Z,0.0000001941,0.0000001941,0.0000001932,0.0000001933,651906351.3,126.23193920012
1697312400000,2023-10-14T19:40:00Z,0.0000001933,0.0000001937,0.0000001932,0.0000001937,998070874,193.2162414543
1697312700000,2023-10-14T19:45:00Z,0.0000001937,0.0000001937,0.0000001932,0.0000001937,1893348828.5,366.26717516615
1697313000000,2023-10-14T19:50:00Z,0.0000001937,0.0000001937,0.0000001932,0.0000001932,835946082,161.6259043205
1697313300000,2023-10-14T19:55:00Z,0.0000001932,0.0000001934,0.0000001931,0.0000001934,1051651516,203.2044980832
1697313600000,2023-10-14T20:00:00Z,0.0000001934,0.0000001934,0.000000193,0.0000001932,3971578828,766.59916882959
1697313900000,2023-10-14T20:05:00Z,0.0000001932,0.0000001936,0.000000193,0.0000001934,2436203388.6,471.02000335898
1697314200000,2023-10-14T20:10:00Z,0.0000001934,0.0000001934,0.0000001934,0.0000001934,926664189,179.2168541526
1697314500000,2023-10-14T20:15:00Z,0.0000001934,0.0000001934,0.0000001925,0.0000001925,9173293079.8,1770.59073892915
1697314800000,2023-10-14T20:20:00Z,0.0000001925,0.0000001925,0.0000001882,0.0000001894,16893517078.1,3205.10087660668
1697315100000,2023-10-14T20:25:00Z,0.0000001894,0.0000001913,0.0000001876,0.0000001898,35509991026.2,6720.50117055784
1697315400000,2023-10-14T20:30:00Z,0.0000001898,0.0000001909,0.0000001894,0.0000001907,2138710438.3,406.342141055
1697315700000,2023-10-14T20:35:00Z,0.0000001907,0.0000001907,0.0000001903,0.0000001903,1096154808,208.7724976176
1697316000000,2023-10-14T20:40:00Z,0.0000001903,0.0000001905,0.0000001896,0.0000001905,2616664164.1,497.36748342587
1697316300000,2023-10-14T20:45:00Z,0.0000001905,0.0000001905,0.00000019,0.0000001905,1587797245,302.0819483249
1697316600000,2023-10-14T20:50:00Z,0.0000001905,0.0000001905,0.0000001866,0.0000001871,12036105220,2255.99386758365
1697316900000,2023-10-14T20:55:00Z,0.0000001871,0.0000001887,0.0000001871,0.000000188,1326497266.5,249.76105720169
1697317200000,2023-10-14T21:00:00Z,0.000000188,0.000000189,0.0000001876,0.0000001887,4611620472.6,870.40423695999
1697317500000,2023-10-14T21:05:00Z,0.0000001887,0.0000001887,0.0000001858,0.0000001867,2330618957.6,434.66970587835
1697317800000,2023-10-14T21:10:00Z,0.0000001867,0.0000001878,0.0000001867,0.0000001877,791688426,148.3557055022
1697318100000,2023-10-14T21:15:00Z,0.0000001877,0.0000001877,0.0000001863,0.0000001863,1106924694,206.796996205
1697318400000,2023-10-14T21:20:00Z,0.0000001863,0.0000001866,0.0000001855,0.0000001858,1567862061.4,291.21131595713
1697318700000,2023-10-14T21:25:00Z,0.0000001858,0.0000001863,0.0000001858,0.0000001863,219869112,40.9616155656
1697319000000,2023-10-14T21:30:00Z,0.0000001863,0.0000001866,0.0000001854,0.0000001857,1007694353,187.214589852
1697319300000,2023-10-14T21:35:00Z,0.0000001857,0.0000001875,0.0000001851,0.0000001872,1118174016.6,207.31355630862
1697319600000,2023-10-14T21:40:00Z,0.0000001872,0.0000001886,0.0000001866,0.0000001866,739768941.4,139.11341748925
1697319900000,2023-10-14T21:45:00Z,0.0000001866,0.0000001868,0.0000001864,0.0000001866,575998081.2,107.46496006787
1697320200000,2023-10-14T21:50:00Z,0.0000001866,0.0000001866,0.0000001856,0.0000001856,1705627162,316.9276888206
1697320500000,2023-10-14T21:55:00Z,0.0000001856,0.0000001857,0.0000001856,0.0000001856,1166128596,216.4634674176
1697320800000,2023-10-14T22:00:00Z,0.0000001856,0.0000001856,0.000000185,0.0000001853,817950837.7,151.48096832758
1697321100000,2023-10-14T22:05:00Z,0.0000001853,0.0000001856,0.0000001849,0.0000001849,2741492071.6,507.19993594024
1697321400000,2023-10-14T22:10:00Z,0.0000001849,0.0000001864,0.0000001849,0.0000001863,1393200378.3,259.29743343233
1697321700000,2023-10-14T22:15:00Z,0.0000001863,0.0000001864,0.0000001863,0.0000001864,574502805,107.0645380653
1697322000000,2023-10-14T22:20:00Z,0.0000001864,0.0000001867,0.0000001859,0.0000001867,202404345,37.6867578176
1697322300000,2023-10-14T22:25:00Z,0.0000001867,0.0000001875,0.0000001866,0.0000001874,1239276697,231.98839652359
1697322600000,2023-10-14T22:30:00Z,0.0000001874,0.0000001874,0.000000187,0.0000001871,746815291,139.7488656264
1697322900000,2023-10-14T22:35:00Z,0.0000001871,0.0000001871,0.0000001832,0.0000001838,5216484452.4,963.46565208763
1697323200000,2023-10-14T22:40:00Z,0.0000001838,0.000000184,0.0000001835,0.0000001839,305307684.8,56.1599097374
1697323500000,2023-10-14T22:45:00Z,0.0000001839,0.0000001865,0.0000001839,0.0000001855,701348360.8,130.21533962988
1697323800000,2023-10-14T22:50:00Z,0.0000001855,0.0000001867,0.0000001854,0.0000001862,3402701644.4,634.36100951384
1697324100000,2023-10-14T22:55:00Z,0.0000001862,0.0000001864,0.0000001855,0.0000001855,133670451,24.7965020175
1697324400000,2023-10-14T23:00:00Z,0.0000001855,0.0000001861,0.0000001854,0.0000001857,333042585,61.8586500721
1697324700000,2023-10-14T23:05:00Z,0.0000001857,0.0000001867,0.0000001857,0.0000001867,213234897,39.7306075149
1697325000000,2023-10-14T23:10:00Z,0.0000001867,0.0000001867,0.0000001857,0.0000001857,2251068632.8,419.30821721319
1697325300000,2023-10-14T23:15:00Z,0.0000001857,0.0000001868,0.000000185,0.0000001868,1415828651.2,262.37470601356
1697325600000,2023-10-14T23:20:00Z,0.0000001868,0.0000001869,0.0000001868,0.0000001869,526612059,98.3982135822
1697325900000,2023-10-14T23:25:00Z,0.0000001869,0.0000001879,0.0000001868,0.0000001879,788831683,147.63425269044
1697326200000,2023-10-14T23:30:00Z,0.0000001879,0.0000001879,0.0000001869,0.000000187,900045227,168.39356744215
1697326500000,2023-10-14T23:35:00Z,0.000000187,0.0000001873,0.000000187,0.0000001873,683999934,127.9415736923
1697326800000,2023-10-14T23:40:00Z,0.0000001873,0.0000001873,0.000000187,0.0000001871,459313475,85.9737630512
1697327100000,2023-10-14T23:45:00Z,0.0000001871,0.0000001873,0.0000001871,0.0000001873,180802787,33.8450179603
1697327400000,2023-10-14T23:50:00Z,0.0000001873,0.0000001874,0.000000186,0.0000001874,3186369723.4,594.09673440073
1697327700000,2023-10-14T23:55:00Z,0.0000001874,0.0000001874,0.0000001867,0.0000001867,150879794,28.1692575398
1697328000000,2023-10-15T00:00:00Z,0.0000001867,0.0000001873,0.0000001867,0.0000001873,551477883,103.1891664497
1697328300000,2023-10-15T00:05:00Z,0.0000001873,0.0000001873,0.0000001864,0.0000001865,173005424,32.3341602704
1697328600000,2023-10-15T00:10:00Z,0.0000001865,0.0000001865,0.0000001864,0.0000001864,422796335,78.809236844
1697328900000,2023-10-15T00:15:00Z,0.0000001864,0.0000001864,0.0000001849,0.0000001856,1354457224.9,251.54968448632
1697329200000,2023-10-15T00:20:00Z,0.0000001856,0.0000001856,0.0000001843,0.0000001847,1418021586.9,262.12334888443
1697329500000,2023-10-15T00:25:00Z,0.0000001847,0.0000001847,0.0000001843,0.0000001844,804656657,148.3884499267
1697329800000,2023-10-15T00:30:00Z,0.0000001844,0.0000001857,0.0000001844,0.0000001851,610562079.8,113.23984115638
1697330100000,2023-10-15T00:35:00Z,0.0000001851,0.0000001859,0.0000001846,0.0000001856,1491055003.5,276.139519385
1697330400000,2023-10-15T00:40:00Z,0.0000001856,0.0000001856,0.000000185,0.000000185,282407158,52.24532423
1697330700000,2023-10-15T00:45:00Z,0.000000185,0.0000001856,0.000000185,0.0000001856,474927893.1,88.08268503694
1697331000000,2023-10-15T00:50:00Z,0.0000001856,0.0000001856,0.0000001849,0.0000001855,215509759,39.8678136577
1697331300000,2023-10-15T00:55:00Z,0.0000001855,0.0000001855,0.0000001843,0.0000001852,805322086.8,148.6814504702
1697331600000,2023-10-15T01:00:00Z,0.0000001852,0.0000001856,0.000000185,0.0000001856,371569623.1,68.8720324655
1697331900000,2023-10-15T01:05:00Z,0.0000001856,0.0000001857,0.0000001856,0.0000001857,5805369.5,1.07805711615
1697332200000,2023-10-15T01:10:00Z,0.0000001857,0.0000001859,0.0000001857,0.0000001857,345215526.4,64.13149289336
1697332500000,2023-10-15T01:15:00Z,0.0000001857,0.0000001857,0.0000001846,0.0000001848,240362699.7,44.40976728253
1697332800000,2023-10-15T01:20:00Z,0.0000001848,0.0000001848,0.0000001842,0.0000001845,136977038,25.2546890839
1697333100000,2023-10-15T01:25:00Z,0.0000001845,0.0000001845,0.0000001841,0.0000001841,366056657,67.4004967971
1697333400000,2023-10-15T01:30:00Z,0.0000001841,0.0000001841,0.0000001841,0.0000001841,0,0
1697333700000,2023-10-15T01:35:00Z,0.0000001841,0.0000001852,0.0000001841,0.0000001852,968824621.1,179.04086456464
1697334000000,2023-10-15T01:40:00Z,0.0000001852,0.0000001853,0.000000185,0.0000001853,520904834,96.43739429
1697334300000,2023-10-15T01:45:00Z,0.0000001853,0.0000001854,0.0000001838,0.0000001838,1129364906.2,208.48550154029
1697334600000,2023-10-15T01:50:00Z,0.0000001838,0.0000001839,0.0000001831,0.0000001834,9133558841.5,1674.98908791466
1697334900000,2023-10-15T01:55:00Z,0.0000001834,0.000000189,0.0000001827,0.0000001883,12008577506,2218.86597803612
1697335200000,2023-10-15T02:00:00Z,0.0000001883,0.0000002043,0.0000001881,0.000000201,21351685754.7,4227.14021080355
1697335500000,2023-10-15T02:05:00Z,0.000000201,0.0000002043,0.000000196,0.0000002026,20482277831.9,4079.45681597417
1697335800000,2023-10-15T02:10:00Z,0.0000002026,0.0000002026,0.0000001979,0.0000001979,507637133.3,101.65952899979
1697336100000,2023-10-15T02:15:00Z,0.0000001979,0.0000001979,0.0000001961,0.0000001967,5386676240.7,1056.84721492045
1697336400000,2023-10-15T02:20:00Z,0.0000001967,0.0000001975,0.0000001959,0.0000001959,437438741.6,85.95044996696
1697336700000,2023-10-15T02:25:00Z,0.0000001959,0.0000001996,0.0000001959,0.000000199,2544067993.9,506.86119635806
1697337000000,2023-10-15T02:30:00Z,0.000000199,0.0000001993,0.000000199,0.000000199,464000000,92.3615
1697337300000,2023-10-15T02:35:00Z,0.000000199,0.000000199,0.0000001979,0.0000001979,152715710.5,30.34612347235
1697337600000,2023-10-15T02:40:00Z,0.0000001979,0.0000001986,0.0000001979,0.0000001986,1398580831.1,277.62054647469
1697337900000,2023-10-15T02:45:00Z,0.0000001986,0.0000002012,0.0000001986,0.0000002007,3366219989.7,675.75046607828
1697338200000,2023-10-15T02:50:00Z,0.0000002007,0.0000002007,0.0000001985,0.0000001985,647045784.5,128.9194176233
1697338500000,2023-10-15T02:55:00Z,0.0000001985,0.0000001985,0.0000001985,0.0000001985,0,0
1697338800000,2023-10-15T03:00:00Z,0.0000001985,0.0000002001,0.0000001985,0.0000002,322708389.9,64.57178429291
1697339100000,2023-10-15T03:05:00Z,0.0000002,0.0000002024,0.0000002,0.0000002024,1125262841.7,226.53951892969
1697339400000,2023-10-15T03:10:00Z,0.0000002024,0.0000002038,0.0000002017,0.0000002036,3557391336.4,722.74682123845
1697339700000,2023-10-15T03:15:00Z,0.0000002036,0.0000002051,0.0000002036,0.0000002044,8028012799.2,1642.65378488672
1697340000000,2023-10-15T03:20:00Z,0.0000002044,0.0000002044,0.0000002033,0.0000002033,108882513.9,22.14967335417
1697340300000,2023-10-15T03:25:00Z,0.0000002033,0.0000002038,0.0000002028,0.0000002028,3089980705.1,628.45374158054
1697340600000,2023-10-15T03:30:00Z,0.0000002028,0.0000002028,0.0000002017,0.0000002025,1119007976.8,226.40995775425
1697340900000,2023-10-15T03:35:00Z,0.0000002025,0.0000002025,0.0000002011,0.0000002015,1552748532,312.44585279382
1697341200000,2023-10-15T03:40:00Z,0.0000002015,0.0000002019,0.0000002015,0.0000002016,227301110,45.8780350416
1697341500000,2023-10-15T03:45:00Z,0.0000002016,0.0000002016,0.0000002016,0.0000002016,175004757.8,35.28095917248
1697341800000,2023-10-15T03:50:00Z,0.0000002016,0.0000002017,0.0000001995,0.0000001995,1321641044.2,264.770458653
1697342100000,2023-10-15T03:55:00Z,0.0000001995,0.0000002,0.0000001988,0.0000001988,2269190275,451.44076191615
1697342400000,2023-10-15T04:00:00Z,0.0000001988,0.0000001997,0.0000001988,0.0000001994,201256317.3,40.13802093651
1697342700000,2023-10-15T04:05:00Z,0.0000001994,0.0000001994,0.0000001985,0.0000001987,372993038.6,74.09969538733
1697343000000,2023-10-15T04:10:00Z,0.0000001987,0.0000001987,0.0000001987,0.0000001987,0,0
1697343300000,2023-10-15T04:15:00Z,0.0000001987,0.0000001987,0.0000001981,0.0000001981,71302082.8,14.12602346118
1697343600000,2023-10-15T04:20:00Z,0.0000001981,0.0000001986,0.0000001981,0.0000001986,277564461,55.0571288346
1697343900000,2023-10-15T04:25:00Z,0.0000001986,0.0000001986,0.0000001975,0.0000001975,18234285.2,3.601271327
1697344200000,2023-10-15T04:30:00Z,0.0000001975,0.0000001975,0.0000001965,0.0000001972,639970837.8,126.10548160388
1697344500000,2023-10-15T04:35:00Z,0.0000001972,0.0000001972,0.0000001959,0.0000001959,15710463,3.07769810448
1697344800000,2023-10-15T04:40:00Z,0.0000001959,0.0000001959,0.0000001949,0.0000001949,137267393.1,26.77728272454
1697345100000,2023-10-15T04:45:00Z,0.0000001949,0.0000001949,0.0000001945,0.0000001945,11032063.5,2.14738676841
1697345400000,2023-10-15T04:50:00Z,0.0000001945,0.0000001945,0.0000001944,0.0000001944,53446646,10.3900279824
1697345700000,2023-10-15T04:55:00Z,0.0000001944,0.0000001952,0.0000001944,0.0000001952,5240890952.2,1022.02873974404
1697346000000,2023-10-15T05:00:00Z,0.0000001952,0.0000001952,0.0000001944,0.0000001944,242253776.2,47.13511769984
1697346300000,2023-10-15T05:05:00Z,0.0000001944,0.0000001944,0.0000001937,0.0000001944,802278820,155.57218959757
1697346600000,2023-10-15T05:10:00Z,0.0000001944,0.0000001948,0.0000001934,0.0000001934,789267159,153.06302276697
1697346900000,2023-10-15T05:15:00Z,0.0000001934,0.0000001954,0.0000001934,0.0000001954,2406253139.2,468.8424757717
1697347200000,2023-10-15T05:20:00Z,0.0000001954,0.0000001954,0.0000001954,0.0000001954,0,0
1697347500000,2023-10-15T05:25:00Z,0.0000001954,0.0000001954,0.0000001954,0.0000001954,0,0
1697347800000,2023-10-15T05:30:00Z,0.0000001954,0.0000001956,0.0000001954,0.0000001956,236775147,46.31053292339
1697348100000,2023-10-15T05:35:00Z,0.0000001956,0.0000001956,0.0000001947,0.0000001947,95057742,18.5077423674
1697348400000,2023-10-15T05:40:00Z,0.0000001947,0.0000001958,0.0000001947,0.0000001955,611065578.6,119.39313363096
1697348700000,2023-10-15T05:45:00Z,0.0000001955,0.0000001957,0.0000001946,0.0000001946,1548537481.6,301.86370149763
1697349000000,2023-10-15T05:50:00Z,0.0000001946,0.0000001955,0.0000001946,0.0000001955,473016496,92.474724968
1697349300000,2023-10-15T05:55:00Z,0.0000001955,0.0000001955,0.0000001952,0.0000001952,88799164,17.3370608611
1697349600000,2023-10-15T06:00:00Z,0.0000001952,0.0000001952,0.0000001946,0.0000001949,252121062,49.1011536822
1697349900000,2023-10-15T06:05:00Z,0.0000001949,0.0000001949,0.0000001948,0.0000001948,56812227,11.0670218196
1697350200000,2023-10-15T06:10:00Z,0.0000001948,0.0000001953,0.0000001948,0.0000001951,215629068,42.07499337
1697350500000,2023-10-15T06:15:00Z,0.0000001951,0.0000001951,0.0000001951,0.0000001951,71244807,13.8998618457
1697350800000,2023-10-15T06:20:00Z,0.0000001951,0.0000001958,0.0000001951,0.0000001956,1716259331.9,335.45596619126
1697351100000,2023-10-15T06:25:00Z,0.0000001956,0.000000196,0.0000001956,0.000000196,118176272.2,23.16199921198
1697351400000,2023-10-15T06:30:00Z,0.000000196,0.0000001964,0.000000196,0.0000001961,600664151,117.9288114464
1697351700000,2023-10-15T06:35:00Z,0.0000001961,0.0000001961,0.0000001953,0.0000001953,190926570,37.287959121
1697352000000,2023-10-15T06:40:00Z,0.0000001953,0.0000001959,0.0000001949,0.0000001955,811380148.4,158.45554179736
1697352300000,2023-10-15T06:45:00Z,0.0000001955,0.0000001955,0.0000001952,0.0000001952,833003532,162.7106032756
1697352600000,2023-10-15T06:50:00Z,0.0000001952,0.0000001952,0.0000001945,0.0000001945,235486172.3,45.80981610833
1697352900000,2023-10-15T06:55:00Z,0.0000001945,0.0000001945,0.0000001938,0.0000001942,324471813.3,62.94071919886
1697353200000,2023-10-15T07:00:00Z,0.0000001942,0.0000001942,0.0000001937,0.0000001938,193641186,37.5122908789
1697353500000,2023-10-15T07:05:00Z,0.0000001938,0.0000001938,0.0000001935,0.0000001935,462941168.8,89.67343543687
1697353800000,2023-10-15T07:10:00Z,0.0000001935,0.0000001937,0.0000001933,0.0000001936,464858109.4,89.99043331042
1697354100000,2023-10-15T07:15:00Z,0.0000001936,0.0000001936,0.0000001935,0.0000001935,456933677.3,88.45266557458
1697354400000,2023-10-15T07:20:00Z,0.0000001935,0.0000001944,0.0000001935,0.0000001944,496890457.2,96.31043988222
1697354700000,2023-10-15T07:25:00Z,0.0000001944,0.0000001945,0.0000001943,0.0000001944,537583269.4,104.49380641424
1697355000000,2023-10-15T07:30:00Z,0.0000001944,0.000000195,0.0000001944,0.000000195,631612118.1,122.97007975828
1697355300000,2023-10-15T07:35:00Z,0.000000195,0.0000001954,0.0000001948,0.0000001954,422352007.1,82.33862296387
1697355600000,2023-10-15T07:40:00Z,0.0000001954,0.0000001962,0.0000001951,0.0000001951,614493982,120.47970290136
1697355900000,2023-10-15T07:45:00Z,0.0000001951,0.0000001962,0.0000001951,0.0000001955,1101169286.2,215.64059280468
1697356200000,2023-10-15T07:50:00Z,0.0000001955,0.0000001955,0.0000001948,0.0000001955,1190610497,232.1904650871
1697356500000,2023-10-15T07:55:00Z,0.0000001955,0.0000001975,0.0000001955,0.0000001974,1601060115.1,315.96856526158
1697356800000,2023-10-15T08:00:00Z,0.0000001974,0.0000001974,0.000000196,0.000000196,513474769.3,100.77367878115
1697357100000,2023-10-15T08:05:00Z,0.000000196,0.000000196,0.0000001955,0.0000001955,1474286986,288.54171995457
1697357400000,2023-10-15T08:10:00Z,0.0000001955,0.0000001964,0.0000001955,0.0000001962,1071709681,209.9908562578
1697357700000,2023-10-15T08:15:00Z,0.0000001962,0.0000001964,0.0000001961,0.0000001961,546331673,107.220098158
1697358000000,2023-10-15T08:20:00Z,0.0000001961,0.0000001964,0.0000001961,0.0000001962,388507468,76.2524333836
1697358300000,2023-10-15T08:25:00Z,0.0000001962,0.0000001963,0.0000001959,0.0000001963,599447151,117.5589300065
1697358600000,2023-10-15T08:30:00Z,0.0000001963,0.0000001963,0.0000001962,0.0000001962,417544210,81.9531424306
1697358900000,2023-10-15T08:35:00Z,0.0000001962,0.0000001962,0.0000001959,0.0000001959,526840108,103.2381991863
1697359200000,2023-10-15T08:40:00Z,0.0000001959,0.0000001963,0.0000001951,0.0000001959,2077824086.4,406.69165761169
1697359500000,2023-10-15T08:45:00Z,0.0000001959,0.0000001963,0.0000001954,0.0000001963,1893292931.1,371.57197401453
1697359800000,2023-10-15T08:50:00Z,0.0000001963,0.0000001963,0.0000001959,0.0000001959,123807167,24.2538240153
1697360100000,2023-10-15T08:55:00Z,0.0000001959,0.0000001971,0.0000001957,0.0000001964,1155548851.2,226.87489836248
1697360400000,2023-10-15T09:00:00Z,0.0000001964,0.000000197,0.0000001961,0.000000197,1597456288,314.5854071015
1697360700000,2023-10-15T09:05:00Z,0.000000197,0.000000197,0.0000001964,0.000000197,1283370236.4,252.72747866886
1697361000000,2023-10-15T09:10:00Z,0.000000197,0.000000197,0.0000001966,0.0000001966,547387719,107.737636042
1697361300000,2023-10-15T09:15:00Z,0.0000001966,0.0000001973,0.0000001966,0.0000001971,109203031.9,21.51971262361
1697361600000,2023-10-15T09:20:00Z,0.0000001971,0.0000001971,0.0000001961,0.0000001961,269985823,52.9675141525
1697361900000,2023-10-15T09:25:00Z,0.0000001961,0.0000001968,0.000000196,0.0000001967,1946240732.2,381.7790445561
1697362200000,2023-10-15T09:30:00Z,0.0000001967,0.0000001967,0.0000001962,0.0000001962,581182304,114.0279680448
1697362500000,2023-10-15T09:35:00Z,0.0000001962,0.0000001963,0.000000196,0.0000001962,268192949,52.6196062196
1697362800000,2023-10-15T09:40:00Z,0.0000001962,0.0000001962,0.0000001956,0.0000001956,805948915.3,157.81918799857
1697363100000,2023-10-15T09:45:00Z,0.0000001956,0.0000001959,0.0000001956,0.0000001959,466488179,91.3236987699
1697363400000,2023-10-15T09:50:00Z,0.0000001959,0.0000001971,0.0000001959,0.000000197,1194983069.3,234.93534554079
1697363700000,2023-10-15T09:55:00Z,0.000000197,0.0000001984,0.000000197,0.0000001982,1553711599.3,306.51067056078
1697364000000,2023-10-15T10:00:00Z,0.0000001982,0.0000001982,0.0000001974,0.0000001975,925640781.8,183.04266705412
1697364300000,2023-10-15T10:05:00Z,0.0000001975,0.0000001981,0.000000197,0.0000001972,1496101496,295.32348579398
1697364600000,2023-10-15T10:10:00Z,0.0000001972,0.0000001972,0.0000001964,0.000000197,1579763812.2,310.94764434723
1697364900000,2023-10-15T10:15:00Z,0.000000197,0.000000197,0.0000001964,0.0000001965,1054028878.6,207.29643261824
1697365200000,2023-10-15T10:20:00Z,0.0000001965,0.0000001965,0.0000001963,0.0000001963,327090708.5,64.24268204307
1697365500000,2023-10-15T10:25:00Z,0.0000001963,0.0000001965,0.0000001963,0.0000001963,1141943172.4,224.34404494422
1697365800000,2023-10-15T10:30:00Z,0.0000001963,0.0000001964,0.000000196,0.0000001964,431638273.8,84.61461298112
1697366100000,2023-10-15T10:35:00Z,0.0000001964,0.0000001964,0.000000196,0.0000001963,499500796,98.0333001172
1697366400000,2023-10-15T10:40:00Z,0.0000001963,0.0000001963,0.000000196,0.0000001962,1008046194,197.7749102838
1697366700000,2023-10-15T10:45:00Z,0.0000001962,0.0000001963,0.0000001957,0.0000001963,1416892731.3,277.79794181667
1697367000000,2023-10-15T10:50:00Z,0.0000001963,0.0000001964,0.0000001962,0.0000001964,626515783,122.94033172103
1697367300000,2023-10-15T10:55:00Z,0.0000001964,0.0000001969,0.0000001961,0.0000001964,3724056132.1,732.00157270003
1697367600000,2023-10-15T11:00:00Z,0.0000001964,0.0000001964,0.0000001961,0.0000001963,750965635,147.4021995184
1697367900000,2023-10-15T11:05:00Z,0.0000001963,0.0000001963,0.0000001958,0.0000001963,874648679.9,171.56977217912
1697368200000,2023-10-15T11:10:00Z,0.0000001963,0.0000001963,0.0000001959,0.000000196,965039857.9,189.26114547381
1697368500000,2023-10-15T11:15:00Z,0.000000196,0.0000001961,0.0000001956,0.0000001956,15416951053.1,3016.16723567374
1697368800000,2023-10-15T11:20:00Z,0.0000001956,0.0000001969,0.000000195,0.0000001969,7697661429.7,1504.6750726102
1697369100000,2023-10-15T11:25:00Z,0.0000001969,0.000000197,0.000000196,0.0000001969,1201996531.3,236.38273682414
1697369400000,2023-10-15T11:30:00Z,0.0000001969,0.0000001969,0.0000001966,0.0000001969,639561426,125.8287206189
1697369700000,2023-10-15T11:35:00Z,0.0000001969,0.000000197,0.0000001964,0.000000197,2115261782.3,415.89074627344
1697370000000,2023-10-15T11:40:00Z,0.000000197,0.000000197,0.000000197,0.000000197,0,0
1697370300000,2023-10-15T11:45:00Z,0.000000197,0.000000197,0.0000001956,0.0000001959,1713741786.6,337.21601209733
1697370600000,2023-10-15T11:50:00Z,0.0000001959,0.0000001959,0.0000001949,0.0000001951,894975959.3,174.62983128435
1697370900000,2023-10-15T11:55:00Z,0.0000001951,0.0000001952,0.0000001951,0.0000001951,501566453.1,97.87388730231
1697371200000,2023-10-15T12:00:00Z,0.0000001951,0.0000001951,0.0000001934,0.0000001946,8623331176,1674.23967202341
1697371500000,2023-10-15T12:05:00Z,0.0000001946,0.0000001954,0.0000001946,0.0000001952,2861780197.5,558.63289973274
1697371800000,2023-10-15T12:10:00Z,0.0000001952,0.0000001963,0.000000195,0.0000001963,1975549404.8,386.19655795858
1697372100000,2023-10-15T12:15:00Z,0.0000001963,0.0000001964,0.0000001959,0.0000001963,1098170277,215.4363602958
1697372400000,2023-10-15T12:20:00Z,0.0000001963,0.0000001963,0.0000001956,0.0000001956,1030710155,202.2186072105
1697372700000,2023-10-15T12:25:00Z,0.0000001956,0.0000001961,0.0000001943,0.0000001943,2103511413.7,410.54450978969
1697373000000,2023-10-15T12:30:00Z,0.0000001943,0.0000001943,0.0000001938,0.0000001938,2016844566.2,391.33527403456
1697373300000,2023-10-15T12:35:00Z,0.0000001938,0.0000001939,0.0000001938,0.0000001938,686209779,132.9975255432
1697373600000,2023-10-15T12:40:00Z,0.0000001938,0.0000001954,0.0000001938,0.0000001953,1613351358,314.1401212323
1697373900000,2023-10-15T12:45:00Z,0.0000001953,0.0000001971,0.0000001952,0.0000001965,1959741318.7,384.20326178727
1697374200000,2023-10-15T12:50:00Z,0.0000001965,0.0000001982,0.000000196,0.0000001976,3627779886.1,714.88563687651
1697374500000,2023-10-15T12:55:00Z,0.0000001976,0.0000001976,0.0000001966,0.0000001971,1940018818.4,382.26847138448
1697374800000,2023-10-15T13:00:00Z,0.0000001971,0.0000001971,0.0000001968,0.0000001968,2244706997.9,441.87390322885
1697375100000,2023-10-15T13:05:00Z,0.0000001968,0.0000001968,0.0000001953,0.0000001955,1993240309.2,390.70133595809
1697375400000,2023-10-15T13:10:00Z,0.0000001955,0.0000001955,0.0000001937,0.0000001942,1437615513.2,279.29738520501
1697375700000,2023-10-15T13:15:00Z,0.0000001942,0.0000001949,0.0000001942,0.0000001943,1267829256.4,246.51641443192
1697376000000,2023-10-15T13:20:00Z,0.0000001943,0.000000195,0.0000001943,0.0000001949,1257749326,245.1424773377
1697376300000,2023-10-15T13:25:00Z,0.0000001949,0.0000001958,0.0000001939,0.0000001945,1652108846.2,321.44550720134
1697376600000,2023-10-15T13:30:00Z,0.0000001945,0.0000001973,0.0000001938,0.0000001973,2553669904.4,501.65575253252
1697376900000,2023-10-15T13:35:00Z,0.0000001973,0.0000001983,0.000000197,0.0000001977,480194912.5,94.73670507676
1697377200000,2023-10-15T13:40:00Z,0.0000001977,0.0000001978,0.0000001973,0.0000001973,881265224,174.0691238725
1697377500000,2023-10-15T13:45:00Z,0.0000001973,0.0000001977,0.0000001973,0.0000001974,1982577607,391.5777639132
1697377800000,2023-10-15T13:50:00Z,0.0000001974,0.0000001976,0.0000001964,0.0000001964,1263149435.9,249.11442743518
1697378100000,2023-10-15T13:55:00Z,0.0000001964,0.0000001988,0.000000196,0.0000001988,1177693509.7,232.11539310511
1697378400000,2023-10-15T14:00:00Z,0.0000001988,0.0000001992,0.0000001984,0.0000001989,1623415569.5,323.14987922825
1697378700000,2023-10-15T14:05:00Z,0.0000001989,0.0000001989,0.0000001974,0.0000001974,1067762391,211.4932515942
1697379000000,2023-10-15T14:10:00Z,0.0000001974,0.0000001985,0.0000001973,0.0000001973,588739025,116.641145353
1697379300000,2023-10-15T14:15:00Z,0.0000001973,0.0000001982,0.0000001973,0.000000198,422755443.2,83.5022346388
1697379600000,2023-10-15T14:20:00Z,0.000000198,0.000000198,0.0000001974,0.0000001974,828861319,163.857273706
1697379900000,2023-10-15T14:25:00Z,0.0000001974,0.0000001983,0.0000001974,0.0000001983,663812291,131.5790425347
1697380200000,2023-10-15T14:30:00Z,0.0000001983,0.0000001983,0.0000001974,0.0000001974,1670584530.2,330.07388629634
1697380500000,2023-10-15T14:35:00Z,0.0000001974,0.0000001985,0.0000001974,0.0000001978,5825376743.3,1154.08854907124
1697380800000,2023-10-15T14:40:00Z,0.0000001978,0.0000001987,0.0000001975,0.0000001985,858834955.6,170.11359371378
1697381100000,2023-10-15T14:45:00Z,0.0000001985,0.0000001985,0.0000001968,0.0000001969,1988477096.3,392.53576672743
1697381400000,2023-10-15T14:50:00Z,0.0000001969,0.000000197,0.0000001961,0.0000001962,553747587,108.6972526884
1697381700000,2023-10-15T14:55:00Z,0.0000001962,0.0000001965,0.000000195,0.000000195,926042718,181.56105390889
1697382000000,2023-10-15T15:00:00Z,0.000000195,0.0000001957,0.000000195,0.0000001957,584485844.3,114.22067995269
1697382300000,2023-10-15T15:05:00Z,0.0000001957,0.0000001965,0.0000001957,0.0000001959,426695301.2,83.65284842753
1697382600000,2023-10-15T15:10:00Z,0.0000001959,0.0000001959,0.0000001952,0.0000001958,573696426,112.1372840505
1697382900000,2023-10-15T15:15:00Z,0.0000001958,0.0000001958,0.0000001952,0.0000001952,1182195639,231.0681044182
1697383200000,2023-10-15T15:20:00Z,0.0000001952,0.0000001959,0.0000001952,0.0000001959,446628878.9,87.42951259841
1697383500000,2023-10-15T15:25:00Z,0.0000001959,0.0000001969,0.0000001959,0.0000001966,480179936,94.3052075453
1697383800000,2023-10-15T15:30:00Z,0.0000001966,0.0000001971,0.0000001965,0.0000001969,1272480599.6,250.54737008606
1697384100000,2023-10-15T15:35:00Z,0.0000001969,0.0000001969,0.0000001952,0.0000001952,934209739.9,182.91654973317
1697384400000,2023-10-15T15:40:00Z,0.0000001952,0.0000001952,0.0000001938,0.0000001949,4950824468.4,960.97841478002
1697384700000,2023-10-15T15:45:00Z,0.0000001949,0.0000001958,0.0000001949,0.0000001952,303230640.2,59.19029923968
1697385000000,2023-10-15T15:50:00Z,0.0000001952,0.0000001952,0.0000001947,0.0000001947,419454312,81.6677545464
1697385300000,2023-10-15T15:55:00Z,0.0000001947,0.0000001947,0.0000001941,0.0000001944,632921771,122.9866989501
1697385600000,2023-10-15T16:00:00Z,0.0000001944,0.0000001956,0.0000001944,0.0000001956,101948049,19.8768860797
1697385900000,2023-10-15T16:05:00Z,0.0000001956,0.0000001958,0.0000001956,0.0000001958,68330539,13.3791195362
1697386200000,2023-10-15T16:10:00Z,0.0000001958,0.0000001958,0.0000001951,0.0000001958,898747077,175.9243635012
1697386500000,2023-10-15T16:15:00Z,0.0000001958,0.0000001958,0.0000001952,0.0000001952,867810601,169.4266682531
1697386800000,2023-10-15T16:20:00Z,0.0000001952,0.0000001953,0.0000001952,0.0000001952,714329842.3,139.45044159076
1697387100000,2023-10-15T16:25:00Z,0.0000001952,0.0000001956,0.0000001952,0.0000001956,442070015,86.4244293004
1697387400000,2023-10-15T16:30:00Z,0.0000001956,0.0000001969,0.0000001956,0.0000001969,1506143188.9,296.53126761811
1697387700000,2023-10-15T16:35:00Z,0.0000001969,0.0000001978,0.0000001959,0.000000196,26955063186.1,5298.00669654313
1697388000000,2023-10-15T16:40:00Z,0.000000196,0.0000001961,0.0000001959,0.0000001959,134990116.7,26.46982224777
1697388300000,2023-10-15T16:45:00Z,0.0000001959,0.0000001959,0.0000001952,0.0000001952,9150787901.4,1787.68126409087
1697388600000,2023-10-15T16:50:00Z,0.0000001952,0.0000001957,0.0000001952,0.0000001957,432078071,84.5576784947
1697388900000,2023-10-15T16:55:00Z,0.0000001957,0.0000001969,0.0000001957,0.0000001965,17322265838.9,3402.27650055016
1697389200000,2023-10-15T17:00:00Z,0.0000001965,0.0000001975,0.0000001965,0.0000001975,4879242321,960.24313304064
1697389500000,2023-10-15T17:05:00Z,0.0000001975,0.0000001975,0.0000001955,0.0000001963,5853168078.7,1146.43455528394
1697389800000,2023-10-15T17:10:00Z,0.0000001963,0.0000001965,0.0000001958,0.0000001959,1049027436,205.7387846381
1697390100000,2023-10-15T17:15:00Z,0.0000001959,0.0000001964,0.0000001959,0.0000001961,659850679,129.386877945
1697390400000,2023-10-15T17:20:00Z,0.0000001961,0.0000001964,0.0000001958,0.0000001962,753996558.4,147.93542874092
1697390700000,2023-10-15T17:25:00Z,0.0000001962,0.0000001962,0.000000196,0.0000001962,395470867,77.5652492437
1697391000000,2023-10-15T17:30:00Z,0.0000001962,0.000000197,0.000000196,0.0000001965,553859039.5,108.75895167053
1697391300000,2023-10-15T17:35:00Z,0.0000001965,0.0000001969,0.0000001961,0.0000001967,210836092.4,41.43364980416
1697391600000,2023-10-15T17:40:00Z,0.0000001967,0.0000001968,0.0000001961,0.0000001961,730065950,143.20646164
1697391900000,2023-10-15T17:45:00Z,0.0000001961,0.0000001968,0.000000196,0.0000001961,1124687977,220.8112931773
1697392200000,2023-10-15T17:50:00Z,0.0000001961,0.0000001968,0.0000001961,0.0000001963,832011680,163.3239114081
1697392500000,2023-10-15T17:55:00Z,0.0000001963,0.0000001965,0.0000001962,0.0000001965,1339087071,262.97978316755
1697392800000,2023-10-15T18:00:00Z,0.0000001965,0.0000001965,0.0000001962,0.0000001962,955941981,187.5558166722
1697393100000,2023-10-15T18:05:00Z,0.0000001962,0.0000001969,0.0000001962,0.0000001962,867877567,170.3153621041
1697393400000,2023-10-15T18:10:00Z,0.0000001962,0.0000001964,0.0000001962,0.0000001964,1007201949,197.755919656
1697393700000,2023-10-15T18:15:00Z,0.0000001964,0.0000001965,0.0000001962,0.0000001964,1074173511,210.8742350814
1697394000000,2023-10-15T18:20:00Z,0.0000001964,0.0000001964,0.0000001963,0.0000001963,1214295316,238.3723842155
1697394300000,2023-10-15T18:25:00Z,0.0000001963,0.0000001963,0.0000001962,0.0000001963,551674447,108.2875013586
1697394600000,2023-10-15T18:30:00Z,0.0000001963,0.0000001965,0.0000001963,0.0000001964,1026500507,201.5896085802
1697394900000,2023-10-15T18:35:00Z,0.0000001964,0.000000197,0.0000001964,0.0000001966,1220225472.2,239.97703507366
1697395200000,2023-10-15T18:40:00Z,0.0000001966,0.0000001973,0.0000001966,0.0000001973,713746400.3,140.59999411183
1697395500000,2023-10-15T18:45:00Z,0.0000001973,0.0000001979,0.0000001972,0.0000001978,1316410315.2,260.19125366039
1697395800000,2023-10-15T18:50:00Z,0.0000001978,0.0000001978,0.0000001971,0.0000001971,1005562059.2,198.4926496387
1697396100000,2023-10-15T18:55:00Z,0.0000001971,0.0000001976,0.0000001971,0.0000001976,789325350,155.8346580382
1697396400000,2023-10-15T19:00:00Z,0.0000001976,0.0000001976,0.0000001975,0.0000001975,448092918.7,88.49835144325
1697396700000,2023-10-15T19:05:00Z,0.0000001975,0.0000001978,0.0000001971,0.0000001978,2133759204,421.44756163851
1697397000000,2023-10-15T19:10:00Z,0.0000001978,0.0000001979,0.0000001971,0.0000001977,1437484585,284.3187931753
1697397300000,2023-10-15T19:15:00Z,0.0000001977,0.000000198,0.0000001973,0.0000001974,1978331266.7,390.97800499115
1697397600000,2023-10-15T19:20:00Z,0.0000001974,0.0000001977,0.000000197,0.0000001977,1435514813,283.177569309
1697397900000,2023-10-15T19:25:00Z,0.0000001977,0.0000001977,0.0000001969,0.0000001974,1675374052,330.45987490186
1697398200000,2023-10-15T19:30:00Z,0.0000001974,0.0000001979,0.0000001971,0.0000001971,1205857758,237.868429372
1697398500000,2023-10-15T19:35:00Z,0.0000001971,0.0000001977,0.0000001971,0.0000001972,418682404,82.6160938072
1697398800000,2023-10-15T19:40:00Z,0.0000001972,0.0000001977,0.0000001972,0.0000001973,1327806984,262.1274523317
1697399100000,2023-10-15T19:45:00Z,0.0000001973,0.0000001977,0.0000001973,0.0000001977,1498988934,296.0573728907
1697399400000,2023-10-15T19:50:00Z,0.0000001977,0.0000001977,0.0000001974,0.0000001977,578207670,114.2676426522
1697399700000,2023-10-15T19:55:00Z,0.0000001977,0.0000001977,0.0000001972,0.0000001977,1305355808,257.8321490126
1697400000000,2023-10-15T20:00:00Z,0.0000001977,0.0000001977,0.000000197,0.0000001976,2529797288,499.3714308314
1697400300000,2023-10-15T20:05:00Z,0.0000001976,0.0000001977,0.0000001974,0.0000001974,1801567686,355.8810738976
1697400600000,2023-10-15T20:10:00Z,0.0000001974,0.0000001977,0.0000001974,0.0000001977,1508293623,298.1013876048
1697400900000,2023-10-15T20:15:00Z,0.0000001977,0.0000001977,0.0000001973,0.0000001974,1805681548,356.8422422643
1697401200000,2023-10-15T20:20:00Z,0.0000001974,0.0000001977,0.0000001972,0.0000001972,1727048383,341.0974307126
1697401500000,2023-10-15T20:25:00Z,0.0000001972,0.0000001977,0.0000001972,0.0000001975,402379973,79.5436177623
1697401800000,2023-10-15T20:30:00Z,0.0000001975,0.000000199,0.0000001975,0.0000001981,1751044776.8,347.42124178773
1697402100000,2023-10-15T20:35:00Z,0.0000001981,0.0000001987,0.0000001981,0.0000001981,1204361578,239.0441123542
1697402400000,2023-10-15T20:40:00Z,0.0000001981,0.0000001984,0.0000001978,0.0000001978,1308320318,259.1171470868
1697402700000,2023-10-15T20:45:00Z,0.0000001978,0.0000001991,0.0000001976,0.0000001985,1235907408,245.4397102244
1697403000000,2023-10-15T20:50:00Z,0.0000001985,0.0000001985,0.0000001979,0.000000198,1041934620,206.498874034
1697403300000,2023-10-15T20:55:00Z,0.000000198,0.000000201,0.000000198,0.000000201,1792755331.9,356.8606354247
1697403600000,2023-10-15T21:00:00Z,0.000000201,0.0000002014,0.0000002006,0.0000002008,791091048,158.9314362621
1697403900000,2023-10-15T21:05:00Z,0.0000002008,0.0000002008,0.0000002,0.0000002001,1011227854.3,202.5772917195
1697404200000,2023-10-15T21:10:00Z,0.0000002001,0.0000002004,0.0000001977,0.0000001977,1826925583.3,363.62435964237
1697404500000,2023-10-15T21:15:00Z,0.0000001977,0.0000001984,0.0000001977,0.000000198,1421751124.8,281.54217179304
1697404800000,2023-10-15T21:20:00Z,0.000000198,0.0000001983,0.0000001975,0.0000001977,872481685.1,172.70437456128
1697405100000,2023-10-15T21:25:00Z,0.0000001977,0.0000001979,0.0000001976,0.0000001976,1001436380,197.9520132959
1697405400000,2023-10-15T21:30:00Z,0.0000001976,0.0000002007,0.0000001976,0.0000001999,1453208957.1,290.12417304932
1697405700000,2023-10-15T21:35:00Z,0.0000001999,0.0000002005,0.0000001992,0.0000001992,1078906275,215.71238511715
1697406000000,2023-10-15T21:40:00Z,0.0000001992,0.0000001992,0.0000001979,0.0000001982,1803300295.5,357.48301089605
1697406300000,2023-10-15T21:45:00Z,0.0000001982,0.0000001982,0.0000001978,0.000000198,569963564,112.8109797844
1697406600000,2023-10-15T21:50:00Z,0.000000198,0.000000198,0.0000001971,0.0000001974,984757549.4,194.7454647815
1697406900000,2023-10-15T21:55:00Z,0.0000001974,0.0000001983,0.000000197,0.0000001977,2351850525,465.11704481044
1697407200000,2023-10-15T22:00:00Z,0.0000001977,0.0000001986,0.0000001974,0.0000001974,1149188420,227.20387882319
1697407500000,2023-10-15T22:05:00Z,0.0000001974,0.0000001986,0.0000001974,0.0000001979,938097337,185.54721498681
1697407800000,2023-10-15T22:10:00Z,0.0000001979,0.0000001989,0.0000001973,0.0000001973,1866607367,369.01901328522
1697408100000,2023-10-15T22:15:00Z,0.0000001973,0.0000001973,0.0000001972,0.0000001972,214019090,42.215966457
1697408400000,2023-10-15T22:20:00Z,0.0000001972,0.0000001972,0.0000001945,0.0000001967,26312618104.2,5147.70268185223
1697408700000,2023-10-15T22:25:00Z,0.0000001967,0.0000001971,0.0000001959,0.0000001962,2343280140,460.14652096083
1697409000000,2023-10-15T22:30:00Z,0.0000001962,0.0000001969,0.0000001956,0.0000001958,1473893724.9,289.33983073038
1697409300000,2023-10-15T22:35:00Z,0.0000001958,0.0000001968,0.0000001956,0.0000001968,1618024712.5,317.22794657382
1697409600000,2023-10-15T22:40:00Z,0.0000001968,0.000000198,0.0000001968,0.0000001977,476648974.2,94.21782282173
1697409900000,2023-10-15T22:45:00Z,0.0000001977,0.0000001991,0.0000001977,0.0000001991,1188703757.9,235.88062077291
1697410200000,2023-10-15T22:50:00Z,0.0000001991,0.0000001991,0.0000001957,0.0000001966,2763296872.9,542.9890759735
1697410500000,2023-10-15T22:55:00Z,0.0000001966,0.0000001966,0.0000001955,0.0000001959,2888228459.4,566.395176914
1697410800000,2023-10-15T23:00:00Z,0.0000001959,0.0000001959,0.0000001955,0.0000001957,2030418420.8,397.27052185606
1697411100000,2023-10-15T23:05:00Z,0.0000001957,0.000000196,0.0000001949,0.0000001959,1623573571,317.06050807848
1697411400000,2023-10-15T23:10:00Z,0.0000001959,0.0000001961,0.0000001954,0.0000001954,936480619,183.28221075248
1697411700000,2023-10-15T23:15:00Z,0.0000001954,0.000000196,0.0000001954,0.000000196,934905641,182.9648170029
1697412000000,2023-10-15T23:20:00Z,0.000000196,0.000000196,0.000000196,0.000000196,1132356002,221.941776392
1697412300000,2023-10-15T23:25:00Z,0.000000196,0.0000001967,0.0000001958,0.0000001967,488991592.2,95.82500790842
1697412600000,2023-10-15T23:30:00Z,0.0000001967,0.0000001975,0.0000001965,0.0000001965,291542664.6,57.37925679484
1697412900000,2023-10-15T23:35:00Z,0.0000001965,0.0000001967,0.0000001965,0.0000001965,762216552,149.8284578822
1697413200000,2023-10-15T23:40:00Z,0.0000001965,0.0000001978,0.0000001965,0.0000001977,349123530.6,69.00742518608
1697413500000,2023-10-15T23:45:00Z,0.0000001977,0.0000001984,0.0000001977,0.0000001984,109439961,21.69968756822
1697413800000,2023-10-15T23:50:00Z,0.0000001984,0.0000001989,0.0000001972,0.0000001972,2202004179,436.5985364553
1697414100000,2023-10-15T23:55:00Z,0.0000001972,0.0000001974,0.0000001965,0.0000001966,2078532804.9,409.00904947605
1697414400000,2023-10-16T00:00:00Z,0.0000001966,0.0000001971,0.0000001966,0.0000001971,439211483,86.4801279417
1697414700000,2023-10-16T00:05:00Z,0.0000001971,0.0000001977,0.0000001964,0.0000001964,1426278504,280.56760074026
1697415000000,2023-10-16T00:10:00Z,0.0000001964,0.000000198,0.0000001964,0.000000198,497916580,98.4580507596
1697415300000,2023-10-16T00:15:00Z,0.000000198,0.0000001991,0.000000198,0.0000001991,297422313,59.08214497234
1697415600000,2023-10-16T00:20:00Z,0.0000001991,0.0000001991,0.0000001987,0.0000001987,167446489.2,33.27161740404
1697415900000,2023-10-16T00:25:00Z,0.0000001987,0.0000001987,0.0000001966,0.000000197,2576956003,509.48132280806
1697416200000,2023-10-16T00:30:00Z,0.000000197,0.0000001981,0.000000197,0.0000001981,215893356,42.728885168
1697416500000,2023-10-16T00:35:00Z,0.0000001981,0.0000001988,0.0000001973,0.0000001973,583745157,115.46995209577
1697416800000,2023-10-16T00:40:00Z,0.0000001973,0.0000001988,0.0000001973,0.0000001981,251722812,49.8862689702
1697417100000,2023-10-16T00:45:00Z,0.0000001981,0.0000001988,0.0000001981,0.0000001988,270797403,53.7891698218
1697417400000,2023-10-16T00:50:00Z,0.0000001988,0.0000001988,0.0000001983,0.0000001983,451409245.7,89.57105738178
1697417700000,2023-10-16T00:55:00Z,0.0000001983,0.0000001986,0.0000001961,0.0000001967,2749613694.2,541.53351123948
1697418000000,2023-10-16T01:00:00Z,0.0000001967,0.0000001967,0.000000196,0.0000001963,301756108.3,59.28729174316
1697418300000,2023-10-16T01:05:00Z,0.0000001963,0.0000001963,0.0000001963,0.0000001963,0,0
1697418600000,2023-10-16T01:10:00Z,0.0000001963,0.0000001982,0.0000001958,0.0000001982,359208042.3,70.57024204796
1697418900000,2023-10-16T01:15:00Z,0.0000001982,0.0000001982,0.000000198,0.0000001981,423524796,83.879282339
1697419200000,2023-10-16T01:20:00Z,0.0000001981,0.0000001981,0.000000198,0.000000198,175905289,34.829247222
1697419500000,2023-10-16T01:25:00Z,0.000000198,0.0000001981,0.000000198,0.0000001981,343219097,67.9786344432
1697419800000,2023-10-16T01:30:00Z,0.0000001981,0.0000001981,0.0000001981,0.0000001981,185244938,36.6970222178
1697420100000,2023-10-16T01:35:00Z,0.0000001981,0.0000001981,0.0000001964,0.0000001968,1195944349.6,235.22347026144
1697420400000,2023-10-16T01:40:00Z,0.0000001968,0.0000001968,0.0000001955,0.0000001956,161448194.1,31.56611069887
1697420700000,2023-10-16T01:45:00Z,0.0000001956,0.0000001984,0.0000001956,0.0000001984,142697703.7,28.24385057291
1697421000000,2023-10-16T01:50:00Z,0.0000001984,0.0000001993,0.0000001984,0.0000001993,71920746.4,14.30630461399
1697421300000,2023-10-16T01:55:00Z,0.0000001993,0.0000001994,0.0000001993,0.0000001994,328685317,65.5398522098
1697421600000,2023-10-16T02:00:00Z,0.0000001994,0.0000001994,0.0000001971,0.0000001971,175649740.9,34.81162620673
1697421900000,2023-10-16T02:05:00Z,0.0000001971,0.0000001971,0.0000001971,0.0000001971,0,0
1697422200000,2023-10-16T02:10:00Z,0.0000001971,0.0000001972,0.0000001971,0.0000001972,100000000,19.72
1697422500000,2023-10-16T02:15:00Z,0.0000001972,0.0000001984,0.0000001971,0.0000001984,117748515.1,23.35328818821
1697422800000,2023-10-16T02:20:00Z,0.0000001984,0.0000001987,0.0000001984,0.0000001987,1131211110,224.771647557
1697423100000,2023-10-16T02:25:00Z,0.0000001987,0.0000001988,0.0000001987,0.0000001988,222680014,44.2687867832
1697423400000,2023-10-16T02:30:00Z,0.0000001988,0.0000001994,0.0000001987,0.0000001987,839739476.1,166.9261474074
1697423700000,2023-10-16T02:35:00Z,0.0000001987,0.0000001987,0.0000001969,0.0000001972,1334823893.5,263.59841299746
1697424000000,2023-10-16T02:40:00Z,0.0000001972,0.0000001984,0.0000001972,0.0000001984,48204581.4,9.56324523023
1697424300000,2023-10-16T02:45:00Z,0.0000001984,0.0000001994,0.0000001984,0.0000001993,440207501.7,87.68398181988
1697424600000,2023-10-16T02:50:00Z,0.0000001993,0.0000001997,0.0000001993,0.0000001996,732317173.1,146.10364132187
1697424900000,2023-10-16T02:55:00Z,0.0000001996,0.0000001996,0.0000001996,0.0000001996,0,0
1697425200000,2023-10-16T03:00:00Z,0.0000001996,0.0000001996,0.0000001996,0.0000001996,0,0
1697425500000,2023-10-16T03:05:00Z,0.0000001996,0.0000001996,0.0000001987,0.0000001987,1395327635,277.55042228286
1697425800000,2023-10-16T03:10:00Z,0.0000001987,0.0000001987,0.0000001987,0.0000001987,0,0
1697426100000,2023-10-16T03:15:00Z,0.0000001987,0.0000001988,0.0000001987,0.0000001988,168137202,33.4256757576
1697426400000,2023-10-16T03:20:00Z,0.0000001988,0.0000001988,0.0000001988,0.0000001988,0,0
1697426700000,2023-10-16T03:25:00Z,0.0000001988,0.0000001988,0.0000001983,0.0000001983,5404292.5,1.07167120275
1697427000000,2023-10-16T03:30:00Z,0.0000001983,0.0000001983,0.0000001983,0.0000001983,0,0
1697427300000,2023-10-16T03:35:00Z,0.0000001983,0.0000001983,0.0000001982,0.0000001982,177484938,35.1775147116
1697427600000,2023-10-16T03:40:00Z,0.0000001982,0.0000001991,0.0000001982,0.0000001991,520471735,103.5753526249
1697427900000,2023-10-16T03:45:00Z,0.0000001991,0.0000001991,0.0000001985,0.0000001986,588209958,116.990479527
1697428200000,2023-10-16T03:50:00Z,0.0000001986,0.0000001986,0.0000001986,0.0000001986,0,0
1697428500000,2023-10-16T03:55:00Z,0.0000001986,0.0000001991,0.0000001986,0.0000001991,178340857,35.5076646287
1697428800000,2023-10-16T04:00:00Z,0.0000001991,0.0000001991,0.0000001987,0.0000001987,121544185,24.1803163695
1697429100000,2023-10-16T04:05:00Z,0.0000001987,0.0000001987,0.0000001984,0.0000001984,192717674,38.2351865216
1697429400000,2023-10-16T04:10:00Z,0.0000001984,0.0000001984,0.0000001984,0.0000001984,0,0
1697429700000,2023-10-16T04:15:00Z,0.0000001984,0.0000001984,0.0000001982,0.0000001982,170351703,33.7714800368
1697430000000,2023-10-16T04:20:00Z,0.0000001982,0.0000001988,0.0000001981,0.0000001981,256390907,50.9327963501
1697430300000,2023-10-16T04:25:00Z,0.0000001981,0.0000001981,0.0000001978,0.000000198,123163429,24.3715853186
1697430600000,2023-10-16T04:30:00Z,0.000000198,0.000000198,0.000000198,0.000000198,0,0
1697430900000,2023-10-16T04:35:00Z,0.000000198,0.000000198,0.0000001978,0.0000001978,215403602,42.6068324756
1697431200000,2023-10-16T04:40:00Z,0.0000001978,0.000000198,0.0000001975,0.000000198,102133786.8,20.2072997205
1697431500000,2023-10-16T04:45:00Z,0.000000198,0.000000198,0.000000198,0.000000198,0,0
1697431800000,2023-10-16T04:50:00Z,0.000000198,0.000000198,0.000000198,0.000000198,89930296.4,17.8061986872
1697432100000,2023-10-16T04:55:00Z,0.000000198,0.000000198,0.000000198,0.000000198,0,0
1697432400000,2023-10-16T05:00:00Z,0.000000198,0.000000198,0.000000196,0.0000001976,2302014815,452.59763516529
1697432700000,2023-10-16T05:05:00Z,0.0000001976,0.0000001976,0.000000196,0.0000001961,108558430.9,21.28033067689
1697433000000,2023-10-16T05:10:00Z,0.0000001961,0.0000001961,0.0000001961,0.0000001961,0,0
1697433300000,2023-10-16T05:15:00Z,0.0000001961,0.0000001984,0.0000001961,0.0000001984,202103055.8,40.09352823349
1697433600000,2023-10-16T05:20:00Z,0.0000001984,0.0000001986,0.0000001982,0.0000001982,234308423,46.4949516292
1697433900000,2023-10-16T05:25:00Z,0.0000001982,0.0000001987,0.0000001982,0.0000001987,294857538,58.5881928006
1697434200000,2023-10-16T05:30:00Z,0.0000001987,0.0000001989,0.0000001983,0.0000001987,157773406,31.3694487402
1697434500000,2023-10-16T05:35:00Z,0.0000001987,0.0000002001,0.0000001987,0.0000002001,977340159.9,195.0526749073
1697434800000,2023-10-16T05:40:00Z,0.0000002001,0.0000002003,0.0000002001,0.0000002003,43335771,8.6801549313
1697435100000,2023-10-16T05:45:00Z,0.0000002003,0.0000002003,0.0000001996,0.0000001996,598992132.4,119.55882962704
1697435400000,2023-10-16T05:50:00Z,0.0000001996,0.0000002001,0.0000001996,0.0000002001,271366060,54.2858798545
1697435700000,2023-10-16T05:55:00Z,0.0000002001,0.0000002003,0.0000001996,0.0000002002,910680428.4,182.09866091522
1697436000000,2023-10-16T06:00:00Z,0.0000002002,0.0000002007,0.0000002002,0.0000002007,290184037.7,58.12155164414
1697436300000,2023-10-16T06:05:00Z,0.0000002007,0.0000002007,0.0000002004,0.0000002005,200000000,40.09480143075
1697436600000,2023-10-16T06:10:00Z,0.0000002005,0.0000002006,0.0000001996,0.0000002005,1019494430.1,204.28907156061
1697436900000,2023-10-16T06:15:00Z,0.0000002005,0.0000002007,0.0000002005,0.0000002005,560211816,112.382469108
1697437200000,2023-10-16T06:20:00Z,0.0000002005,0.0000002005,0.0000002003,0.0000002003,128307493,25.6999908479
1697437500000,2023-10-16T06:25:00Z,0.0000002003,0.0000002004,0.0000002003,0.0000002004,298000103.4,59.71922072136
1697437800000,2023-10-16T06:30:00Z,0.0000002004,0.0000002005,0.0000002004,0.0000002005,10178063,2.0407016315
1697438100000,2023-10-16T06:35:00Z,0.0000002005,0.0000002011,0.0000002005,0.0000002009,267965796,53.81943037604
1697438400000,2023-10-16T06:40:00Z,0.0000002009,0.0000002014,0.0000002009,0.0000002011,154004305,30.9852861985
1697438700000,2023-10-16T06:45:00Z,0.0000002011,0.0000002011,0.000000201,0.000000201,237431079,47.723646879
1697439000000,2023-10-16T06:50:00Z,0.000000201,0.0000002014,0.000000201,0.0000002014,92798126,18.6895425764
1697439300000,2023-10-16T06:55:00Z,0.0000002014,0.0000002017,0.0000002012,0.0000002017,6471128703.8,1304.46994970446
1697439600000,2023-10-16T07:00:00Z,0.0000002017,0.0000002019,0.0000002017,0.0000002019,157037859.2,31.67560413408
1697439900000,2023-10-16T07:05:00Z,0.0000002019,0.000000202,0.0000002019,0.0000002019,405958178,81.974198278
1697440200000,2023-10-16T07:10:00Z,0.0000002019,0.0000002021,0.0000002019,0.0000002021,67854584,13.7134114264
1697440500000,2023-10-16T07:15:00Z,0.0000002021,0.0000002023,0.000000202,0.000000202,396896552.3,80.26549169699
1697440800000,2023-10-16T07:20:00Z,0.000000202,0.000000203,0.000000202,0.000000203,3972382181,805.8102721849
1697441100000,2023-10-16T07:25:00Z,0.000000203,0.0000002034,0.000000202,0.0000002021,1444892015,292.72889498595
1697441400000,2023-10-16T07:30:00Z,0.0000002021,0.0000002021,0.000000202,0.000000202,150765281,30.4551663378
1697441700000,2023-10-16T07:35:00Z,0.000000202,0.0000002021,0.000000202,0.0000002021,269331226,54.414808642
1697442000000,2023-10-16T07:40:00Z,0.0000002021,0.0000002028,0.0000002012,0.0000002016,1953781546,394.43369901096
1697442300000,2023-10-16T07:45:00Z,0.0000002016,0.0000002021,0.0000002012,0.0000002021,940230611,189.84007669202
1697442600000,2023-10-16T07:50:00Z,0.0000002021,0.0000002021,0.0000002017,0.0000002017,713274175,144.04002652498
1697442900000,2023-10-16T07:55:00Z,0.0000002017,0.0000002017,0.0000002014,0.0000002014,105210460.7,21.19186817455
1697443200000,2023-10-16T08:00:00Z,0.0000002014,0.0000002014,0.000000201,0.000000201,103143434,20.731830234
1697443500000,2023-10-16T08:05:00Z,0.000000201,0.0000002012,0.000000201,0.0000002011,594680140,119.6153267528
1697443800000,2023-10-16T08:10:00Z,0.0000002011,0.0000002011,0.0000001994,0.0000001994,4339433910.1,869.33790853413
1697444100000,2023-10-16T08:15:00Z,0.0000001994,0.0000002006,0.000000199,0.0000002002,2544336369.7,508.02723166935
1697444400000,2023-10-16T08:20:00Z,0.0000002002,0.0000002002,0.0000001992,0.0000001992,204721621,40.8255659095
1697444700000,2023-10-16T08:25:00Z,0.0000001992,0.0000002004,0.0000001992,0.0000002004,1770824695,354.75768603325
1697445000000,2023-10-16T08:30:00Z,0.0000002004,0.0000002004,0.0000001995,0.0000001995,539728201,107.7308522637
1697445300000,2023-10-16T08:35:00Z,0.0000001995,0.0000001995,0.0000001981,0.0000001993,10668423554.3,2118.48302655544
1697445600000,2023-10-16T08:40:00Z,0.0000001993,0.0000001993,0.0000001989,0.0000001989,323939198,64.4727333886
1697445900000,2023-10-16T08:45:00Z,0.0000001989,0.0000001995,0.0000001989,0.0000001994,1065195010,212.4237690718
1697446200000,2023-10-16T08:50:00Z,0.0000001994,0.0000001994,0.0000001991,0.0000001991,609722305.6,121.46609229076
1697446500000,2023-10-16T08:55:00Z,0.0000001991,0.0000001995,0.0000001991,0.0000001993,1111847743,221.6273339166
1697446800000,2023-10-16T09:00:00Z,0.0000001993,0.0000001995,0.0000001991,0.0000001991,468945280.4,93.46662066124
1697447100000,2023-10-16T09:05:00Z,0.0000001991,0.0000001994,0.0000001967,0.0000001977,4583246297.1,906.65445943596
1697447400000,2023-10-16T09:10:00Z,0.0000001977,0.0000001977,0.000000197,0.0000001976,583586070,115.1793226803
1697447700000,2023-10-16T09:15:00Z,0.0000001976,0.0000001977,0.0000001969,0.000000197,720858983,142.2007751587
1697448000000,2023-10-16T09:20:00Z,0.000000197,0.0000001977,0.0000001968,0.0000001977,1059761070,209.0444495315
1697448300000,2023-10-16T09:25:00Z,0.0000001977,0.000000198,0.0000001973,0.0000001973,439259873,86.8361945065
1697448600000,2023-10-16T09:30:00Z,0.0000001973,0.0000001979,0.0000001973,0.0000001976,235123553,46.5087980689
1697448900000,2023-10-16T09:35:00Z,0.0000001976,0.0000001982,0.0000001976,0.0000001982,425883115.6,84.32586597052
1697449200000,2023-10-16T09:40:00Z,0.0000001982,0.0000001982,0.000000197,0.0000001977,168912054,33.3133149968
1697449500000,2023-10-16T09:45:00Z,0.0000001977,0.0000001978,0.0000001977,0.0000001978,30000000,5.934
1697449800000,2023-10-16T09:50:00Z,0.0000001978,0.0000001978,0.0000001973,0.0000001976,254210657,50.2038709786
1697450100000,2023-10-16T09:55:00Z,0.0000001976,0.0000001978,0.0000001969,0.0000001978,451501925,89.12100264937
1697450400000,2023-10-16T10:00:00Z,0.0000001978,0.0000001978,0.0000001973,0.0000001977,135788229,26.8311921977
1697450700000,2023-10-16T10:05:00Z,0.0000001977,0.000000198,0.0000001977,0.0000001979,662977721,131.2331839516
1697451000000,2023-10-16T10:10:00Z,0.0000001979,0.000000198,0.0000001968,0.0000001968,796965964.6,157.40750134472
1697451300000,2023-10-16T10:15:00Z,0.0000001968,0.0000001973,0.0000001961,0.0000001971,2101655641.8,413.20768505651
1697451600000,2023-10-16T10:20:00Z,0.0000001971,0.0000001972,0.0000001964,0.0000001971,1207829516.9,237.70105064655
1697451900000,2023-10-16T10:25:00Z,0.0000001971,0.0000001978,0.0000001964,0.0000001975,7622854682.5,1504.72854584656
1697452200000,2023-10-16T10:30:00Z,0.0000001975,0.0000001975,0.000000197,0.0000001972,742221979,146.2852236073
1697452500000,2023-10-16T10:35:00Z,0.0000001972,0.0000001972,0.0000001964,0.0000001971,956827757,188.3587123985
1697452800000,2023-10-16T10:40:00Z,0.0000001971,0.0000001978,0.0000001969,0.0000001977,1090455677.1,215.30391912669
1697453100000,2023-10-16T10:45:00Z,0.0000001977,0.0000001977,0.0000001971,0.0000001972,560838456,110.7836342297
1697453400000,2023-10-16T10:50:00Z,0.0000001972,0.0000001979,0.0000001972,0.0000001979,614893762,121.5539957877
1697453700000,2023-10-16T10:55:00Z,0.0000001979,0.000000198,0.0000001979,0.0000001979,799234717,158.1765416211
1697454000000,2023-10-16T11:00:00Z,0.0000001979,0.0000001979,0.0000001971,0.0000001972,614077093,121.1592108404
1697454300000,2023-10-16T11:05:00Z,0.0000001972,0.0000001982,0.0000001967,0.0000001977,3669880993.4,724.21085528737
1697454600000,2023-10-16T11:10:00Z,0.0000001977,0.0000001977,0.0000001962,0.0000001964,768673890.3,151.24340695496
1697454900000,2023-10-16T11:15:00Z,0.0000001964,0.0000001973,0.0000001964,0.0000001967,1325493918.7,261.08222211091
1697455200000,2023-10-16T11:20:00Z,0.0000001967,0.0000001974,0.0000001967,0.0000001971,922954625,181.9240129977
1697455500000,2023-10-16T11:25:00Z,0.0000001971,0.0000001975,0.000000197,0.0000001975,953096574,188.0809432319
1697455800000,2023-10-16T11:30:00Z,0.0000001975,0.0000001978,0.0000001964,0.0000001968,735992687,145.1479921274
1697456100000,2023-10-16T11:35:00Z,0.0000001968,0.0000001974,0.0000001968,0.0000001969,1349793433,266.2705882366
1697456400000,2023-10-16T11:40:00Z,0.0000001969,0.0000001973,0.0000001967,0.000000197,1114773863,219.5101449749
1697456700000,2023-10-16T11:45:00Z,0.000000197,0.000000197,0.0000001964,0.0000001967,675215995,132.8479069484
1697457000000,2023-10-16T11:50:00Z,0.0000001967,0.0000001973,0.0000001962,0.0000001972,1910480544,375.9352836111
1697457300000,2023-10-16T11:55:00Z,0.0000001972,0.0000001985,0.0000001972,0.000000198,2430962639,480.36633349141
1697457600000,2023-10-16T12:00:00Z,0.000000198,0.0000001981,0.0000001974,0.0000001976,1098521101,217.1345321909
1697457900000,2023-10-16T12:05:00Z,0.0000001976,0.0000001985,0.0000001976,0.0000001984,952323091.6,188.75499483206
1697458200000,2023-10-16T12:10:00Z,0.0000001984,0.0000001992,0.0000001979,0.0000001988,1476338520,293.21818664978
1697458500000,2023-10-16T12:15:00Z,0.0000001988,0.0000001988,0.000000198,0.0000001987,1529223777,303.7258120074
1697458800000,2023-10-16T12:20:00Z,0.0000001987,0.0000001993,0.000000198,0.0000001983,988754511,196.22178281698
1697459100000,2023-10-16T12:25:00Z,0.0000001983,0.0000001991,0.0000001983,0.0000001991,554710630,110.1043480818
1697459400000,2023-10-16T12:30:00Z,0.0000001991,0.0000001991,0.0000001977,0.0000001978,747433775,148.0521782762
1697459700000,2023-10-16T12:35:00Z,0.0000001978,0.0000001987,0.0000001978,0.0000001979,1629864123,323.2190058261
1697460000000,2023-10-16T12:40:00Z,0.0000001979,0.0000001987,0.0000001979,0.0000001979,821393281.4,162.88851879847
1697460300000,2023-10-16T12:45:00Z,0.0000001979,0.0000001984,0.0000001974,0.0000001984,1113374016,220.11475955995
1697460600000,2023-10-16T12:50:00Z,0.0000001984,0.0000001985,0.0000001978,0.000000198,1015556819,201.337144907
1697460900000,2023-10-16T12:55:00Z,0.000000198,0.0000001986,0.0000001978,0.0000001978,568320346.1,112.59495083238
1697461200000,2023-10-16T13:00:00Z,0.0000001978,0.0000001984,0.0000001978,0.0000001979,701984106.2,139.12116157308
1697461500000,2023-10-16T13:05:00Z,0.0000001979,0.0000001988,0.0000001979,0.0000001988,913936766.4,181.47967386154
1697461800000,2023-10-16T13:10:00Z,0.0000001988,0.0000001988,0.0000001984,0.0000001987,946389914,188.0147443148
1697462100000,2023-10-16T13:15:00Z,0.0000001987,0.0000001987,0.0000001985,0.0000001987,363216260,72.1649913622
1697462400000,2023-10-16T13:20:00Z,0.0000001987,0.0000001988,0.0000001981,0.0000001981,1185330486,235.2356544373
1697462700000,2023-10-16T13:25:00Z,0.0000001981,0.0000001995,0.0000001981,0.0000001994,1016032221.6,201.88391831194
1697463000000,2023-10-16T13:30:00Z,0.0000001994,0.0000002002,0.0000001983,0.0000001983,1308544329.3,260.87603343587
1697463300000,2023-10-16T13:35:00Z,0.0000001983,0.0000001992,0.0000001976,0.0000001984,3723932733,738.12817417476
1697463600000,2023-10-16T13:40:00Z,0.0000001984,0.0000001984,0.0000001964,0.0000001964,4838727383.5,956.1162705451
1697463900000,2023-10-16T13:45:00Z,0.0000001964,0.0000001991,0.0000001964,0.000000197,3323376264.8,656.55962444831
1697464200000,2023-10-16T13:50:00Z,0.000000197,0.0000001972,0.000000197,0.000000197,415516592.1,81.9126290679
1697464500000,2023-10-16T13:55:00Z,0.000000197,0.000000197,0.0000001952,0.0000001966,5485224292.4,1072.59722063983
1697464800000,2023-10-16T14:00:00Z,0.0000001966,0.0000001978,0.0000001965,0.0000001978,1232162966.4,243.05431235662
1697465100000,2023-10-16T14:05:00Z,0.0000001978,0.0000001989,0.0000001959,0.0000001959,1265185973.4,249.99660684063
1697465400000,2023-10-16T14:10:00Z,0.0000001959,0.000000197,0.0000001958,0.0000001969,720561165.5,141.688483245
1697465700000,2023-10-16T14:15:00Z,0.0000001969,0.000000197,0.0000001963,0.0000001963,1868565839.5,367.6561182451
1697466000000,2023-10-16T14:20:00Z,0.0000001963,0.0000001972,0.0000001963,0.000000197,864056689,170.0597257897
1697466300000,2023-10-16T14:25:00Z,0.000000197,0.000000197,0.0000001965,0.0000001966,817849428,160.82154386
1697466600000,2023-10-16T14:30:00Z,0.0000001966,0.0000001981,0.0000001966,0.0000001976,1240324288,245.38676010986
1697466900000,2023-10-16T14:35:00Z,0.0000001976,0.0000001976,0.0000001976,0.0000001976,0,0
1697467200000,2023-10-16T14:40:00Z,0.0000001976,0.0000001981,0.0000001976,0.0000001978,678916523,134.2764520659
1697467500000,2023-10-16T14:45:00Z,0.0000001978,0.000000198,0.0000001977,0.0000001977,135996664,26.9092383528
1697467800000,2023-10-16T14:50:00Z,0.0000001977,0.0000001988,0.0000001975,0.000000198,842337149.5,166.75273083963
1697468100000,2023-10-16T14:55:00Z,0.000000198,0.0000001981,0.0000001976,0.0000001981,1323084786,261.60788069408
1697468400000,2023-10-16T15:00:00Z,0.0000001981,0.0000001981,0.0000001974,0.0000001974,197278520,38.943202086
1697468700000,2023-10-16T15:05:00Z,0.0000001974,0.0000001984,0.0000001974,0.0000001977,2876332174.6,568.57067347438
1697469000000,2023-10-16T15:10:00Z,0.0000001977,0.0000001985,0.0000001973,0.0000001984,208341973,41.28262161209
1697469300000,2023-10-16T15:15:00Z,0.0000001984,0.0000001988,0.0000001984,0.0000001987,1463593159,290.8465539553
1697469600000,2023-10-16T15:20:00Z,0.0000001987,0.0000001994,0.0000001986,0.0000001986,875436936.8,174.14527251451
1697469900000,2023-10-16T15:25:00Z,0.0000001986,0.000000199,0.0000001986,0.000000199,404225646,80.3706930044
1697470200000,2023-10-16T15:30:00Z,0.000000199,0.0000001995,0.000000199,0.0000001991,734947320,146.36185885996
1697470500000,2023-10-16T15:35:00Z,0.0000001991,0.0000001994,0.0000001987,0.0000001993,297035016.8,59.16335296286
1697470800000,2023-10-16T15:40:00Z,0.0000001993,0.0000001993,0.0000001993,0.0000001993,475232797,94.7138964421
1697471100000,2023-10-16T15:45:00Z,0.0000001993,0.0000001993,0.0000001991,0.0000001991,512821353,102.1027313823
1697471400000,2023-10-16T15:50:00Z,0.0000001991,0.0000002005,0.0000001991,0.0000001999,10100939291.1,2023.14427840859
1697471700000,2023-10-16T15:55:00Z,0.0000001999,0.0000001999,0.0000001999,0.0000001999,72983062,14.5893140938
1697472000000,2023-10-16T16:00:00Z,0.0000001999,0.0000002,0.0000001994,0.0000001996,1246879100.4,248.87826705984
1697472300000,2023-10-16T16:05:00Z,0.0000001996,0.0000001999,0.0000001989,0.0000001996,783616116,156.3291224082
1697472600000,2023-10-16T16:10:00Z,0.0000001996,0.0000001996,0.0000001913,0.000000198,68182116590.6,13394.99051223847
1697472900000,2023-10-16T16:15:00Z,0.000000198,0.0000001982,0.0000001944,0.0000001953,26107561294.1,5121.29029233301
1697473200000,2023-10-16T16:20:00Z,0.0000001953,0.0000001983,0.0000001953,0.0000001973,12039289851,2385.33846979676
1697473500000,2023-10-16T16:25:00Z,0.0000001973,0.0000001982,0.0000001973,0.000000198,780329608,154.1670050585
1697473800000,2023-10-16T16:30:00Z,0.000000198,0.000000198,0.000000198,0.000000198,101285989,20.054625822
1697474100000,2023-10-16T16:35:00Z,0.000000198,0.0000001981,0.0000001977,0.0000001978,522897770,103.4796781815
1697474400000,2023-10-16T16:40:00Z,0.0000001978,0.0000001978,0.0000001973,0.0000001974,447732529,88.4966270905
1697474700000,2023-10-16T16:45:00Z,0.0000001974,0.0000001974,0.0000001954,0.0000001957,5121845556.4,1004.96758422232
1697475000000,2023-10-16T16:50:00Z,0.0000001957,0.0000001963,0.0000001956,0.0000001963,928878363,181.9151111679
1697475300000,2023-10-16T16:55:00Z,0.0000001963,0.000000197,0.0000001962,0.000000197,340130015,66.8523290819
1697475600000,2023-10-16T17:00:00Z,0.000000197,0.0000001974,0.000000197,0.0000001974,810498186.3,159.82197163463
1697475900000,2023-10-16T17:05:00Z,0.0000001974,0.0000001982,0.0000001974,0.0000001982,473790491.9,93.88183894109
1697476200000,2023-10-16T17:10:00Z,0.0000001982,0.0000001982,0.0000001955,0.0000001956,11726283925.4,2297.76038322853
1697476500000,2023-10-16T17:15:00Z,0.0000001956,0.0000001959,0.0000001955,0.0000001958,562564660,110.1603430946
1697476800000,2023-10-16T17:20:00Z,0.0000001958,0.0000001958,0.000000195,0.000000195,545643606.6,106.55848510856
1697477100000,2023-10-16T17:25:00Z,0.000000195,0.0000001952,0.0000001943,0.0000001951,634078111.3,123.63609615509
1697477400000,2023-10-16T17:30:00Z,0.0000001951,0.0000001951,0.0000001951,0.0000001951,506955259,98.9069710309
1697477700000,2023-10-16T17:35:00Z,0.0000001951,0.0000001954,0.0000001945,0.0000001947,828013252,161.5118326262
1697478000000,2023-10-16T17:40:00Z,0.0000001947,0.0000001955,0.0000001947,0.0000001953,1858675585.4,362.728250754
1697478300000,2023-10-16T17:45:00Z,0.0000001953,0.0000001955,0.0000001951,0.0000001954,508668573,99.3375181842
1697478600000,2023-10-16T17:50:00Z,0.0000001954,0.0000001956,0.0000001954,0.0000001955,4306508413.5,842.27025435085
1697478900000,2023-10-16T17:55:00Z,0.0000001955,0.0000001955,0.0000001953,0.0000001954,827198890,161.639235881
1697479200000,2023-10-16T18:00:00Z,0.0000001954,0.0000001958,0.0000001952,0.0000001955,239046016,46.7365208957
1697479500000,2023-10-16T18:05:00Z,0.0000001955,0.0000001955,0.0000001942,0.000000195,1027079383,199.8448512486
1697479800000,2023-10-16T18:10:00Z,0.000000195,0.000000195,0.0000001947,0.0000001949,592081913,115.3287970279
1697480100000,2023-10-16T18:15:00Z,0.0000001949,0.0000001961,0.0000001949,0.0000001961,2578645765.8,504.64945216167
1697480400000,2023-10-16T18:20:00Z,0.0000001961,0.0000001961,0.0000001953,0.0000001955,1290578753,252.40003705206
1697480700000,2023-10-16T18:25:00Z,0.0000001955,0.0000001957,0.000000195,0.0000001957,1719381232,335.813728244
1697481000000,2023-10-16T18:30:00Z,0.0000001957,0.0000001957,0.0000001949,0.0000001955,1119779938,218.792358132
1697481300000,2023-10-16T18:35:00Z,0.0000001955,0.0000001955,0.0000001949,0.0000001949,1105177317,215.4456299085
1697481600000,2023-10-16T18:40:00Z,0.0000001949,0.0000001953,0.0000001935,0.0000001949,3828446307.4,742.50863815321
1697481900000,2023-10-16T18:45:00Z,0.0000001949,0.0000001953,0.0000001942,0.0000001946,496882059,96.6745036185
1697482200000,2023-10-16T18:50:00Z,0.0000001946,0.0000001954,0.0000001945,0.0000001946,1408250965,274.6647321994
1697482500000,2023-10-16T18:55:00Z,0.0000001946,0.0000001951,0.000000194,0.0000001941,1205986499.3,234.86700361082
1697482800000,2023-10-16T19:00:00Z,0.0000001941,0.000000195,0.0000001941,0.000000195,588062602.9,114.50700957871
1697483100000,2023-10-16T19:05:00Z,0.000000195,0.0000001959,0.0000001941,0.0000001959,1406412991,274.00374808486
1697483400000,2023-10-16T19:10:00Z,0.0000001959,0.0000001959,0.0000001955,0.0000001959,489964626,95.8358637401
1697483700000,2023-10-16T19:15:00Z,0.0000001959,0.0000001959,0.0000001941,0.0000001949,878242167.2,171.40940983336
1697484000000,2023-10-16T19:20:00Z,0.0000001949,0.0000001951,0.0000001949,0.0000001951,95222721,18.5779528671
1697484300000,2023-10-16T19:25:00Z,0.0000001951,0.0000001952,0.0000001941,0.0000001941,1418447449,276.1435705017
1697484600000,2023-10-16T19:30:00Z,0.0000001941,0.0000001953,0.000000194,0.0000001949,4536871502,885.03360103999
1697484900000,2023-10-16T19:35:00Z,0.0000001949,0.0000001949,0.0000001939,0.0000001941,581033914,112.8137311357
1697485200000,2023-10-16T19:40:00Z,0.0000001941,0.0000001941,0.0000001941,0.0000001941,149447826,29.0078230266
1697485500000,2023-10-16T19:45:00Z,0.0000001941,0.0000001941,0.0000001939,0.0000001941,270433320,52.4711474989
1697485800000,2023-10-16T19:50:00Z,0.0000001941,0.0000001947,0.0000001934,0.0000001944,3135772387.2,609.8990496386
1697486100000,2023-10-16T19:55:00Z,0.0000001944,0.0000001944,0.0000001937,0.0000001939,618031793,119.743262352
1697486400000,2023-10-16T20:00:00Z,0.0000001939,0.0000001945,0.0000001938,0.0000001938,1327288280,257.4597672363
1697486700000,2023-10-16T20:05:00Z,0.0000001938,0.0000001943,0.0000001938,0.0000001938,1101973757,213.8670170552
1697487000000,2023-10-16T20:10:00Z,0.0000001938,0.000000194,0.0000001938,0.0000001938,479362611,92.9282031529
1697487300000,2023-10-16T20:15:00Z,0.0000001938,0.000000195,0.0000001938,0.0000001945,8905979931,1732.41295296994
1697487600000,2023-10-16T20:20:00Z,0.0000001945,0.0000001951,0.0000001945,0.0000001951,6564401589.5,1278.67229931924
1697487900000,2023-10-16T20:25:00Z,0.0000001951,0.0000001958,0.0000001932,0.0000001932,8478659234.5,1649.11802771407
1697488200000,2023-10-16T20:30:00Z,0.0000001932,0.0000001947,0.0000001932,0.0000001947,1747265913.2,340.10825714424
1697488500000,2023-10-16T20:35:00Z,0.0000001947,0.0000001967,0.0000001932,0.0000001949,32545602445.8,6358.15493273357
1697488800000,2023-10-16T20:40:00Z,0.0000001949,0.0000001965,0.0000001913,0.000000194,77798073074,15097.67151260439
1697489100000,2023-10-16T20:45:00Z,0.000000194,0.0000001968,0.0000001912,0.000000193,107656353787.9,20917.29365092417
1697489400000,2023-10-16T20:50:00Z,0.000000193,0.0000001952,0.0000001917,0.0000001952,29162983674.1,5636.9009079442
1697489700000,2023-10-16T20:55:00Z,0.0000001952,0.0000001991,0.0000001951,0.0000001985,3689685851.1,729.22653644544
1697490000000,2023-10-16T21:00:00Z,0.0000001985,0.000000201,0.0000001969,0.000000198,33565157477.1,6678.4916355764
1697490300000,2023-10-16T21:05:00Z,0.000000198,0.0000002006,0.000000197,0.0000001989,35021633494,6958.21137390976
1697490600000,2023-10-16T21:10:00Z,0.0000001989,0.0000001989,0.0000001939,0.0000001939,15319876099,2989.35641371828
1697490900000,2023-10-16T21:15:00Z,0.0000001939,0.0000001992,0.0000001925,0.0000001974,29162045953.1,5696.61620019967
1697491200000,2023-10-16T21:20:00Z,0.0000001974,0.000000198,0.0000001961,0.0000001961,7070304545,1391.37365420004
1697491500000,2023-10-16T21:25:00Z,0.0000001961,0.0000001963,0.000000196,0.0000001961,924603873,181.2950121804
1697491800000,2023-10-16T21:30:00Z,0.0000001961,0.0000001965,0.000000196,0.0000001964,785955750,154.2359573556
1697492100000,2023-10-16T21:35:00Z,0.0000001964,0.0000001965,0.000000196,0.0000001965,1099392474,215.7558076779
1697492400000,2023-10-16T21:40:00Z,0.0000001965,0.0000001978,0.0000001962,0.0000001962,1148121436.8,225.92528745562
1697492700000,2023-10-16T21:45:00Z,0.0000001962,0.0000001962,0.0000001946,0.0000001946,1972223331.6,385.20244199225
1697493000000,2023-10-16T21:50:00Z,0.0000001946,0.0000001946,0.0000001936,0.0000001939,1578110850.7,306.03155829512
1697493300000,2023-10-16T21:55:00Z,0.0000001939,0.0000001943,0.0000001938,0.0000001943,393914667,76.4046624646
1697493600000,2023-10-16T22:00:00Z,0.0000001943,0.0000001975,0.0000001943,0.0000001975,636106166.2,124.94338540092
1697493900000,2023-10-16T22:05:00Z,0.0000001975,0.0000001981,0.0000001975,0.0000001981,320717577,63.5086711781
1697494200000,2023-10-16T22:10:00Z,0.0000001981,0.0000001982,0.0000001981,0.0000001982,1154681906,228.8077506651
1697494500000,2023-10-16T22:15:00Z,0.0000001982,0.0000001982,0.0000001982,0.0000001982,145158920,28.770497944
1697494800000,2023-10-16T22:20:00Z,0.0000001982,0.0000001982,0.0000001955,0.0000001955,5720244682.1,1129.35532880278
1697495100000,2023-10-16T22:25:00Z,0.0000001955,0.000000197,0.0000001949,0.0000001968,1229145751.7,240.6817264567
1697495400000,2023-10-16T22:30:00Z,0.0000001968,0.0000001981,0.0000001967,0.0000001981,910144930.6,179.70809475514
1697495700000,2023-10-16T22:35:00Z,0.0000001981,0.0000001981,0.0000001974,0.0000001978,500985814,98.98325504
1697496000000,2023-10-16T22:40:00Z,0.0000001978,0.0000001981,0.0000001977,0.0000001981,572836976.4,113.36996128318
1697496300000,2023-10-16T22:45:00Z,0.0000001981,0.0000001982,0.0000001981,0.0000001982,163856378,32.4763341196
1697496600000,2023-10-16T22:50:00Z,0.0000001982,0.0000001982,0.000000198,0.0000001982,690692962,136.8226180998
1697496900000,2023-10-16T22:55:00Z,0.0000001982,0.0000001982,0.0000001954,0.0000001954,772135128.2,151.80030424791
1697497200000,2023-10-16T23:00:00Z,0.0000001954,0.0000001955,0.0000001946,0.0000001946,1347218500,262.52196555958
1697497500000,2023-10-16T23:05:00Z,0.0000001946,0.0000001966,0.0000001946,0.0000001966,604121171.5,118.38430641815
1697497800000,2023-10-16T23:10:00Z,0.0000001966,0.0000001979,0.0000001966,0.0000001979,582223946.7,114.97694397202
1697498100000,2023-10-16T23:15:00Z,0.0000001979,0.0000001979,0.0000001979,0.0000001979,55443319,10.9722328301
1697498400000,2023-10-16T23:20:00Z,0.0000001979,0.0000001981,0.0000001979,0.0000001981,229720719,45.5076744339
1697498700000,2023-10-16T23:25:00Z,0.0000001981,0.0000001981,0.000000197,0.000000197,1245988480,246.2768849385
1697499000000,2023-10-16T23:30:00Z,0.000000197,0.0000001971,0.0000001962,0.0000001969,426940090,84.0464066523
1697499300000,2023-10-16T23:35:00Z,0.0000001969,0.0000001969,0.0000001969,0.0000001969,0,0
1697499600000,2023-10-16T23:40:00Z,0.0000001969,0.0000001969,0.0000001961,0.0000001963,239060129,46.9863040309
1697499900000,2023-10-16T23:45:00Z,0.0000001963,0.0000001969,0.0000001962,0.0000001964,573133210,112.7033500929
1697500200000,2023-10-16T23:50:00Z,0.0000001964,0.0000001964,0.000000196,0.000000196,344135275,67.4783416324
1697500500000,2023-10-16T23:55:00Z,0.000000196,0.0000001966,0.0000001943,0.0000001966,5528204714.3,1077.08004494144
1697500800000,2023-10-17T00:00:00Z,0.0000001966,0.0000001966,0.0000001959,0.0000001959,319302109,62.6341788045
1697501100000,2023-10-17T00:05:00Z,0.0000001959,0.0000001959,0.0000001959,0.0000001959,146209147,28.6423718973
1697501400000,2023-10-17T00:10:00Z,0.0000001959,0.0000001959,0.0000001951,0.0000001951,585184476.4,114.18149134564
1697501700000,2023-10-17T00:15:00Z,0.0000001951,0.0000001956,0.0000001951,0.0000001956,156673419,30.6390959572
1697502000000,2023-10-17T00:20:00Z,0.0000001956,0.0000001961,0.0000001956,0.0000001961,66256670,12.992932987
1697502300000,2023-10-17T00:25:00Z,0.0000001961,0.0000001961,0.000000196,0.000000196,190405153,37.3344759992
1697502600000,2023-10-17T00:30:00Z,0.000000196,0.000000196,0.000000196,0.000000196,174913417,34.283029732
1697502900000,2023-10-17T00:35:00Z,0.000000196,0.0000001968,0.000000196,0.0000001968,511220866,100.4819339083
1697503200000,2023-10-17T00:40:00Z,0.0000001968,0.0000001968,0.0000001961,0.0000001961,231671660,45.430812526
1697503500000,2023-10-17T00:45:00Z,0.0000001961,0.0000001961,0.0000001961,0.0000001961,240297888,47.1224158368
1697503800000,2023-10-17T00:50:00Z,0.0000001961,0.0000001963,0.0000001951,0.0000001963,2812961847,549.29104263282
1697504100000,2023-10-17T00:55:00Z,0.0000001963,0.0000001963,0.0000001956,0.0000001963,792950069.2,155.56518251674
1697504400000,2023-10-17T01:00:00Z,0.0000001963,0.0000001963,0.0000001944,0.0000001958,14936634773.7,2906.30560322868
1697504700000,2023-10-17T01:05:00Z,0.0000001958,0.0000001958,0.0000001958,0.0000001958,0,0
1697505000000,2023-10-17T01:10:00Z,0.0000001958,0.0000001958,0.0000001958,0.0000001958,65835069,12.8905065102
1697505300000,2023-10-17T01:15:00Z,0.0000001958,0.0000001958,0.000000195,0.0000001957,448802181,87.7591180756
1697505600000,2023-10-17T01:20:00Z,0.0000001957,0.0000001958,0.0000001951,0.0000001955,731824718.9,143.02395378982
1697505900000,2023-10-17T01:25:00Z,0.0000001955,0.0000001966,0.0000001955,0.0000001966,1167516981,229.00880769403
1697506200000,2023-10-17T01:30:00Z,0.0000001966,0.0000001966,0.0000001966,0.0000001966,0,0
1697506500000,2023-10-17T01:35:00Z,0.0000001966,0.0000001966,0.0000001962,0.0000001962,276214523,54.1932894126
1697506800000,2023-10-17T01:40:00Z,0.0000001962,0.0000001962,0.0000001956,0.0000001956,32179368,6.2942843808
1697507100000,2023-10-17T01:45:00Z,0.0000001956,0.0000001958,0.0000001956,0.0000001958,143978978,28.1910838924
1697507400000,2023-10-17T01:50:00Z,0.0000001958,0.000000197,0.0000001953,0.000000197,12241847081,2404.65020975666
1697507700000,2023-10-17T01:55:00Z,0.000000197,0.000000197,0.0000001954,0.0000001954,2239144403,437.86205673565
1697508000000,2023-10-17T02:00:00Z,0.0000001954,0.0000001963,0.0000001952,0.0000001963,3383400399,661.59312120738
1697508300000,2023-10-17T02:05:00Z,0.0000001963,0.0000001963,0.0000001963,0.0000001963,98939243,19.4217734009
1697508600000,2023-10-17T02:10:00Z,0.0000001963,0.0000001963,0.0000001963,0.0000001963,0,0
1697508900000,2023-10-17T02:15:00Z,0.0000001963,0.0000001963,0.0000001963,0.0000001963,0,0
1697509200000,2023-10-17T02:20:00Z,0.0000001963,0.000000197,0.0000001963,0.0000001968,3069041152,603.84784062308
1697509500000,2023-10-17T02:25:00Z,0.0000001968,0.0000001968,0.0000001959,0.0000001959,3538389573.5,696.26052146877
1697509800000,2023-10-17T02:30:00Z,0.0000001959,0.0000001974,0.0000001959,0.0000001961,3145602349.4,620.27541034822
1697510100000,2023-10-17T02:35:00Z,0.0000001961,0.0000001968,0.0000001961,0.0000001962,10200920427.4,2007.39162358488
1697510400000,2023-10-17T02:40:00Z,0.0000001962,0.0000001963,0.0000001962,0.0000001963,56922350,11.173857305
1697510700000,2023-10-17T02:45:00Z,0.0000001963,0.0000001963,0.0000001962,0.0000001962,64016850,12.561520266
1697511000000,2023-10-17T02:50:00Z,0.0000001962,0.0000001965,0.0000001962,0.0000001965,127146164,24.9765289184
1697511300000,2023-10-17T02:55:00Z,0.0000001965,0.0000001966,0.0000001965,0.0000001966,170135763,33.4486910058
1697511600000,2023-10-17T03:00:00Z,0.0000001966,0.0000001972,0.0000001963,0.0000001963,629071967,123.89495736088
1697511900000,2023-10-17T03:05:00Z,0.0000001963,0.0000001969,0.0000001963,0.0000001969,32080004,6.3165527876
1697512200000,2023-10-17T03:10:00Z,0.0000001969,0.000000198,0.0000001952,0.0000001972,45337995345,8902.41185759201
1697512500000,2023-10-17T03:15:00Z,0.0000001972,0.0000001983,0.0000001954,0.0000001968,38808582162,7629.59772123952
1697512800000,2023-10-17T03:20:00Z,0.0000001968,0.0000001974,0.0000001954,0.0000001974,29944100316,5875.5024213746
1697513100000,2023-10-17T03:25:00Z,0.0000001974,0.0000001974,0.0000001954,0.0000001957,7664418407,1499.5154326495
1697513400000,2023-10-17T03:30:00Z,0.0000001957,0.0000001966,0.0000001957,0.0000001959,286373491,56.2448706304
1697513700000,2023-10-17T03:35:00Z,0.0000001959,0.0000001959,0.0000001959,0.0000001959,0,0
1697514000000,2023-10-17T03:40:00Z,0.0000001959,0.0000001961,0.0000001955,0.0000001961,1350144237,264.14776391102
1697514300000,2023-10-17T03:45:00Z,0.0000001961,0.0000001961,0.0000001961,0.0000001961,0,0
1697514600000,2023-10-17T03:50:00Z,0.0000001961,0.0000001962,0.0000001961,0.0000001962,97873800,19.20283956
1697514900000,2023-10-17T03:55:00Z,0.0000001962,0.0000001962,0.0000001962,0.0000001962,0,0
1697515200000,2023-10-17T04:00:00Z,0.0000001962,0.0000001962,0.0000001962,0.0000001962,0,0
1697515500000,2023-10-17T04:05:00Z,0.0000001962,0.0000001965,0.0000001962,0.0000001965,278659464,54.756584676
1697515800000,2023-10-17T04:10:00Z,0.0000001965,0.0000001965,0.0000001965,0.0000001965,0,0
1697516100000,2023-10-17T04:15:00Z,0.0000001965,0.000000197,0.0000001965,0.000000197,5694747118,1121.18706107567
1697516400000,2023-10-17T04:20:00Z,0.000000197,0.000000197,0.000000197,0.000000197,0,0
1697516700000,2023-10-17T04:25:00Z,0.000000197,0.0000001974,0.0000001962,0.0000001964,2940993275,579.46236131072
1697517000000,2023-10-17T04:30:00Z,0.0000001964,0.0000001964,0.0000001952,0.0000001952,13150946718,2571.98539768666
1697517300000,2023-10-17T04:35:00Z,0.0000001952,0.0000001972,0.0000001952,0.000000196,6519910845,1284.98954208562
1697517600000,2023-10-17T04:40:00Z,0.000000196,0.0000001968,0.0000001954,0.0000001954,1985987258.2,388.35174788292
1697517900000,2023-10-17T04:45:00Z,0.0000001954,0.0000001954,0.0000001954,0.0000001954,0,0
1697518200000,2023-10-17T04:50:00Z,0.0000001954,0.0000001959,0.0000001954,0.0000001959,371367896,72.7275460005
1697518500000,2023-10-17T04:55:00Z,0.0000001959,0.0000001962,0.0000001959,0.0000001962,370416173,72.6604951811
1697518800000,2023-10-17T05:00:00Z,0.0000001962,0.0000001962,0.0000001962,0.0000001962,0,0
1697519100000,2023-10-17T05:05:00Z,0.0000001962,0.0000001965,0.0000001962,0.0000001965,284944947,55.9916820855
1697519400000,2023-10-17T05:10:00Z,0.0000001965,0.0000001969,0.0000001963,0.0000001967,1935907130,380.7923350341
1697519700000,2023-10-17T05:15:00Z,0.0000001967,0.0000001967,0.0000001967,0.0000001967,83443475,16.4133315325
1697520000000,2023-10-17T05:20:00Z,0.0000001967,0.0000001967,0.0000001962,0.0000001962,217062429,42.5876485698
1697520300000,2023-10-17T05:25:00Z,0.0000001962,0.0000001964,0.0000001962,0.0000001964,163420375,32.09576165
1697520600000,2023-10-17T05:30:00Z,0.0000001964,0.0000001964,0.0000001963,0.0000001963,56613187,11.1131686081
1697520900000,2023-10-17T05:35:00Z,0.0000001963,0.0000001964,0.0000001963,0.0000001964,110985074,21.7974685336
1697521200000,2023-10-17T05:40:00Z,0.0000001964,0.0000001967,0.0000001964,0.0000001967,194870579,38.3310428893
1697521500000,2023-10-17T05:45:00Z,0.0000001967,0.0000001968,0.0000001963,0.0000001963,362726996,71.2741110384
1697521800000,2023-10-17T05:50:00Z,0.0000001963,0.0000001968,0.0000001962,0.0000001968,295494737,58.0319745084
1697522100000,2023-10-17T05:55:00Z,0.0000001968,0.0000001968,0.0000001968,0.0000001968,119996295,23.615270856
1697522400000,2023-10-17T06:00:00Z,0.0000001968,0.0000001968,0.0000001964,0.0000001968,536008070,105.4498700848
1697522700000,2023-10-17T06:05:00Z,0.0000001968,0.0000001968,0.0000001968,0.0000001968,205300673,40.4031724464
1697523000000,2023-10-17T06:10:00Z,0.0000001968,0.0000001968,0.0000001961,0.0000001965,1020203753,200.3547023748
1697523300000,2023-10-17T06:15:00Z,0.0000001965,0.0000001969,0.0000001965,0.0000001969,225924420,44.458028212
1697523600000,2023-10-17T06:20:00Z,0.0000001969,0.0000001969,0.0000001961,0.0000001961,273385890,53.7673233819
1697523900000,2023-10-17T06:25:00Z,0.0000001961,0.0000001968,0.0000001959,0.000000196,381097566,74.7122545432
1697524200000,2023-10-17T06:30:00Z,0.000000196,0.0000001967,0.000000196,0.0000001967,328453045,64.6023254839
1697524500000,2023-10-17T06:35:00Z,0.0000001967,0.0000001967,0.000000196,0.0000001967,298874104,58.7440992852
1697524800000,2023-10-17T06:40:00Z,0.0000001967,0.0000001967,0.0000001961,0.0000001961,211975586,41.6006785005
1697525100000,2023-10-17T06:45:00Z,0.0000001961,0.0000001967,0.0000001961,0.0000001967,267313503,52.4507174847
1697525400000,2023-10-17T06:50:00Z,0.0000001967,0.000000197,0.0000001962,0.000000197,381475181.2,75.04259478144
1697525700000,2023-10-17T06:55:00Z,0.000000197,0.000000197,0.0000001964,0.0000001967,71539969,14.0594499116
1697526000000,2023-10-17T07:00:00Z,0.0000001967,0.000000197,0.0000001961,0.0000001969,676028110,132.96048360865
1697526300000,2023-10-17T07:05:00Z,0.0000001969,0.000000197,0.0000001962,0.000000197,213905115,42.0579132886
1697526600000,2023-10-17T07:10:00Z,0.000000197,0.000000197,0.0000001963,0.0000001966,376966089,74.02915599
1697526900000,2023-10-17T07:15:00Z,0.0000001966,0.0000001966,0.0000001962,0.0000001962,46944636,9.2105375832
1697527200000,2023-10-17T07:20:00Z,0.0000001962,0.0000001962,0.0000001962,0.0000001962,0,0
1697527500000,2023-10-17T07:25:00Z,0.0000001962,0.0000001966,0.0000001962,0.0000001966,224043581,44.001093979
1697527800000,2023-10-17T07:30:00Z,0.0000001966,0.0000001966,0.0000001962,0.0000001962,79661911,15.6296669382
1697528100000,2023-10-17T07:35:00Z,0.0000001962,0.0000001968,0.0000001961,0.0000001968,206552834,40.601937423
1697528400000,2023-10-17T07:40:00Z,0.0000001968,0.0000001968,0.0000001968,0.0000001968,0,0
1697528700000,2023-10-17T07:45:00Z,0.0000001968,0.0000001968,0.0000001966,0.0000001966,234365008,46.0761605728
1697529000000,2023-10-17T07:50:00Z,0.0000001966,0.0000001967,0.0000001962,0.0000001962,298241248,58.6332916123
1697529300000,2023-10-17T07:55:00Z,0.0000001962,0.0000001962,0.0000001962,0.0000001962,0,0
1697529600000,2023-10-17T08:00:00Z,0.0000001962,0.0000001968,0.0000001962,0.0000001962,604784084,118.92858939301
1697529900000,2023-10-17T08:05:00Z,0.0000001962,0.0000001966,0.0000001962,0.0000001962,278122061,54.6494694526
1697530200000,2023-10-17T08:10:00Z,0.0000001962,0.0000001967,0.0000001962,0.0000001966,170245034,33.4465283114
1697530500000,2023-10-17T08:15:00Z,0.0000001966,0.0000001966,0.0000001962,0.0000001965,476730279.7,93.66366343845
1697530800000,2023-10-17T08:20:00Z,0.0000001965,0.0000001965,0.0000001964,0.0000001964,328117638,64.4423041032
1697531100000,2023-10-17T08:25:00Z,0.0000001964,0.0000001966,0.0000001963,0.0000001966,291187702,57.173926264
1697531400000,2023-10-17T08:30:00Z,0.0000001966,0.0000001966,0.0000001966,0.0000001966,297782727,58.5440841282
1697531700000,2023-10-17T08:35:00Z,0.0000001966,0.0000001967,0.0000001964,0.0000001964,282766987,55.5641385403
1697532000000,2023-10-17T08:40:00Z,0.0000001964,0.0000001967,0.0000001964,0.0000001964,665662189,130.8325775851
1697532300000,2023-10-17T08:45:00Z,0.0000001964,0.0000001968,0.0000001944,0.0000001965,22639890844,4420.02299955161
1697532600000,2023-10-17T08:50:00Z,0.0000001965,0.0000001965,0.0000001962,0.0000001962,201863532,39.6513611682
1697532900000,2023-10-17T08:55:00Z,0.0000001962,0.0000001963,0.0000001961,0.0000001961,432347891,84.8031413563
1697533200000,2023-10-17T09:00:00Z,0.0000001961,0.0000001965,0.000000196,0.000000196,2197945044,431.70934218722
1697533500000,2023-10-17T09:05:00Z,0.000000196,0.0000001963,0.0000001956,0.0000001963,513955124.4,100.60519023014
1697533800000,2023-10-17T09:10:00Z,0.0000001963,0.0000001963,0.0000001956,0.0000001956,794107722.3,155.44992419511
1697534100000,2023-10-17T09:15:00Z,0.0000001956,0.0000001961,0.0000001949,0.0000001949,3933980509,769.76797197353
1697534400000,2023-10-17T09:20:00Z,0.0000001949,0.0000001959,0.0000001949,0.0000001952,141446523,27.6463435226
1697534700000,2023-10-17T09:25:00Z,0.0000001952,0.0000001955,0.0000001952,0.0000001955,308546109,60.3116726159
1697535000000,2023-10-17T09:30:00Z,0.0000001955,0.0000001958,0.0000001953,0.0000001955,375703335,73.3978637331
1697535300000,2023-10-17T09:35:00Z,0.0000001955,0.0000001955,0.0000001951,0.0000001953,3364655362,656.77789630605
1697535600000,2023-10-17T09:40:00Z,0.0000001953,0.0000001953,0.000000195,0.000000195,61503634,11.9949440127
1697535900000,2023-10-17T09:45:00Z,0.000000195,0.0000001952,0.0000001945,0.0000001952,1479107017,287.96781211973
1697536200000,2023-10-17T09:50:00Z,0.0000001952,0.0000001952,0.0000001948,0.0000001948,198232660,38.6612138096
1697536500000,2023-10-17T09:55:00Z,0.0000001948,0.0000001952,0.0000001945,0.0000001952,604907991,117.7987690452
1697536800000,2023-10-17T10:00:00Z,0.0000001952,0.0000001952,0.0000001947,0.000000195,261263756,50.9711762612
1697537100000,2023-10-17T10:05:00Z,0.000000195,0.000000195,0.0000001912,0.0000001932,8310341327,1606.8879816464
1697537400000,2023-10-17T10:10:00Z,0.0000001932,0.0000001937,0.0000001932,0.0000001937,516546567,100.0550700279
1697537700000,2023-10-17T10:15:00Z,0.0000001937,0.0000001937,0.0000001932,0.0000001932,2187864190,423.36683276341
1697538000000,2023-10-17T10:20:00Z,0.0000001932,0.0000001939,0.0000001932,0.0000001939,804356750,155.7492326615
1697538300000,2023-10-17T10:25:00Z,0.0000001939,0.0000001941,0.0000001939,0.0000001939,2065104510,400.5655725856
1697538600000,2023-10-17T10:30:00Z,0.0000001939,0.0000001941,0.0000001939,0.000000194,1032926609,200.3507903451
1697538900000,2023-10-17T10:35:00Z,0.000000194,0.0000001941,0.0000001939,0.0000001941,2606030432,505.4124853911
1697539200000,2023-10-17T10:40:00Z,0.0000001941,0.0000001941,0.0000001939,0.0000001941,3167857309,614.3406392445
1697539500000,2023-10-17T10:45:00Z,0.0000001941,0.0000001945,0.0000001941,0.0000001942,2238728906,435.2065834893
1697539800000,2023-10-17T10:50:00Z,0.0000001942,0.0000001944,0.0000001938,0.0000001944,1362924192.2,264.77353600518
1697540100000,2023-10-17T10:55:00Z,0.0000001944,0.0000001944,0.0000001938,0.0000001943,3157653216.3,613.07278104684
1697540400000,2023-10-17T11:00:00Z,0.0000001943,0.0000001948,0.0000001926,0.0000001942,16911499544.5,3281.31962012328
1697540700000,2023-10-17T11:05:00Z,0.0000001942,0.0000001954,0.000000192,0.0000001946,39398166753,7643.75572342987
1697541000000,2023-10-17T11:10:00Z,0.0000001946,0.0000001946,0.0000001934,0.0000001934,3399244206.3,659.51529649455
1697541300000,2023-10-17T11:15:00Z,0.0000001934,0.0000001947,0.0000001919,0.0000001935,24128054327,4666.8470960857
1697541600000,2023-10-17T11:20:00Z,0.0000001935,0.0000001955,0.0000001913,0.0000001922,117396120621.7,22746.8712679235
1697541900000,2023-10-17T11:25:00Z,0.0000001922,0.0000001953,0.0000001916,0.0000001935,182691889434.1,35372.75238296623
1697542200000,2023-10-17T11:30:00Z,0.0000001935,0.0000001935,0.0000001928,0.0000001935,6160455546.2,1189.13840304406
1697542500000,2023-10-17T11:35:00Z,0.0000001935,0.0000001935,0.0000001928,0.0000001935,2643781928,510.73925840652
1697542800000,2023-10-17T11:40:00Z,0.0000001935,0.0000001936,0.0000001928,0.0000001935,3206677641,620.0982245148
1697543100000,2023-10-17T11:45:00Z,0.0000001935,0.0000001947,0.0000001926,0.0000001934,32349138158,6259.81339256435
1697543400000,2023-10-17T11:50:00Z,0.0000001934,0.0000001942,0.0000001932,0.000000194,1823610619,353.295058196
1697543700000,2023-10-17T11:55:00Z,0.000000194,0.0000001943,0.0000001929,0.0000001934,5500184838.7,1063.95570001202
1697544000000,2023-10-17T12:00:00Z,0.0000001934,0.0000001941,0.000000193,0.0000001936,3540507232.1,684.76357520909
1697544300000,2023-10-17T12:05:00Z,0.0000001936,0.0000001936,0.0000001926,0.0000001934,2550514785,492.79261587322
1697544600000,2023-10-17T12:10:00Z,0.0000001934,0.0000001935,0.0000001928,0.0000001929,3659355377.9,706.6139505383
1697544900000,2023-10-17T12:15:00Z,0.0000001929,0.0000001929,0.0000001928,0.0000001929,3336900146,643.597159848
1697545200000,2023-10-17T12:20:00Z,0.0000001929,0.0000001929,0.0000001928,0.0000001928,1793324046,345.7976461128
1697545500000,2023-10-17T12:25:00Z,0.0000001928,0.0000001943,0.0000001926,0.0000001939,32579506058,6296.92633096243
1697545800000,2023-10-17T12:30:00Z,0.0000001939,0.0000001939,0.0000001927,0.0000001933,4943844110,954.45211386924
1697546100000,2023-10-17T12:35:00Z,0.0000001933,0.000000194,0.0000001926,0.0000001926,16101590469.5,3116.62796165721
1697546400000,2023-10-17T12:40:00Z,0.0000001926,0.0000001928,0.0000001926,0.0000001927,3502521201,674.9359058057
1697546700000,2023-10-17T12:45:00Z,0.0000001927,0.0000001927,0.0000001918,0.0000001927,17825755301,3422.90544020753
1697547000000,2023-10-17T12:50:00Z,0.0000001927,0.0000001927,0.0000001918,0.0000001927,5081574431.1,975.74563520665
1697547300000,2023-10-17T12:55:00Z,0.0000001927,0.0000001927,0.000000192,0.0000001926,4755508699,915.34502197118
1697547600000,2023-10-17T13:00:00Z,0.0000001926,0.0000001926,0.0000001896,0.0000001902,9636935106.4,1840.42259110987
1697547900000,2023-10-17T13:05:00Z,0.0000001902,0.0000001908,0.0000001902,0.0000001906,3282462269,625.5739740547
1697548200000,2023-10-17T13:10:00Z,0.0000001906,0.0000001912,0.0000001906,0.0000001907,4637797110,885.66808605867
1697548500000,2023-10-17T13:15:00Z,0.0000001907,0.0000001912,0.0000001907,0.0000001909,2023932760.4,386.36135828868
1697548800000,2023-10-17T13:20:00Z,0.0000001909,0.0000001912,0.0000001908,0.000000191,2594246291,495.6246437167
1697549100000,2023-10-17T13:25:00Z,0.000000191,0.000000191,0.0000001906,0.000000191,5507565761.1,1050.36351304756
1697549400000,2023-10-17T13:30:00Z,0.000000191,0.0000001911,0.0000001906,0.0000001911,2027834451,386.8249870822
1697549700000,2023-10-17T13:35:00Z,0.0000001911,0.0000001911,0.0000001907,0.0000001907,1339634379,255.7399196873
1697550000000,2023-10-17T13:40:00Z,0.0000001907,0.0000001907,0.0000001907,0.0000001907,0,0
1697550300000,2023-10-17T13:45:00Z,0.0000001907,0.0000001907,0.0000001906,0.0000001906,151595238.2,28.89405240092
1697550600000,2023-10-17T13:50:00Z,0.0000001906,0.0000001912,0.0000001906,0.0000001907,2861868157,545.6784935676
1697550900000,2023-10-17T13:55:00Z,0.0000001907,0.0000001912,0.0000001907,0.0000001907,1580729810,301.6294744835
1697551200000,2023-10-17T14:00:00Z,0.0000001907,0.000000191,0.0000001907,0.0000001907,1229485363,234.6738807653
1697551500000,2023-10-17T14:05:00Z,0.0000001907,0.000000191,0.0000001907,0.000000191,2684465898,512.4925140789
1697551800000,2023-10-17T14:10:00Z,0.000000191,0.000000191,0.0000001906,0.000000191,994079333.4,189.68361611154
1697552100000,2023-10-17T14:15:00Z,0.000000191,0.0000001914,0.0000001907,0.0000001912,5397101293,1031.18889087981
1697552400000,2023-10-17T14:20:00Z,0.0000001912,0.0000001913,0.0000001907,0.0000001912,3287811617,628.1144175821
1697552700000,2023-10-17T14:25:00Z,0.0000001912,0.0000001912,0.0000001907,0.0000001907,1810206620,345.7369074286
1697553000000,2023-10-17T14:30:00Z,0.0000001907,0.0000001911,0.0000001892,0.0000001897,4873660785.6,926.31616350676
1697553300000,2023-10-17T14:35:00Z,0.0000001897,0.0000001897,0.0000001884,0.0000001893,4092620104.5,774.06813251208
1697553600000,2023-10-17T14:40:00Z,0.0000001893,0.0000001894,0.0000001886,0.0000001892,1500681969,283.5481344113
1697553900000,2023-10-17T14:45:00Z,0.0000001892,0.0000001892,0.0000001885,0.0000001885,2380409799,449.2253081171
1697554200000,2023-10-17T14:50:00Z,0.0000001885,0.0000001892,0.0000001885,0.000000189,1372951169,259.3306097087
1697554500000,2023-10-17T14:55:00Z,0.000000189,0.000000189,0.0000001888,0.0000001888,3228670671,609.915127518
1697554800000,2023-10-17T15:00:00Z,0.0000001888,0.00000019,0.0000001888,0.00000019,5834561988.4,1105.76255797014
1697555100000,2023-10-17T15:05:00Z,0.00000019,0.0000001903,0.00000019,0.0000001902,916458780,174.2883122243
1697555400000,2023-10-17T15:10:00Z,0.0000001902,0.0000001906,0.0000001902,0.0000001903,2104766170.9,400.7929405348
1697555700000,2023-10-17T15:15:00Z,0.0000001903,0.0000001906,0.0000001902,0.0000001905,1534569850.6,292.03176213776
1697556000000,2023-10-17T15:20:00Z,0.0000001905,0.0000001907,0.0000001903,0.0000001906,1783935961.3,339.87372457313
1697556300000,2023-10-17T15:25:00Z,0.0000001906,0.0000001906,0.00000019,0.00000019,21743574070.1,4131.62064654774
1697556600000,2023-10-17T15:30:00Z,0.00000019,0.0000001901,0.00000019,0.00000019,1397145214.2,265.482896222
1697556900000,2023-10-17T15:35:00Z,0.00000019,0.0000001901,0.00000019,0.00000019,1284403440.9,244.0563740912
1697557200000,2023-10-17T15:40:00Z,0.00000019,0.00000019,0.0000001893,0.0000001896,1451512625.9,275.44482772
1697557500000,2023-10-17T15:45:00Z,0.0000001896,0.0000001897,0.0000001893,0.0000001897,2774538661,525.8292063116
1697557800000,2023-10-17T15:50:00Z,0.0000001897,0.0000001897,0.0000001893,0.0000001893,1537279152,291.1637696292
1697558100000,2023-10-17T15:55:00Z,0.0000001893,0.0000001898,0.0000001893,0.0000001896,763504997,144.7084551722
1697558400000,2023-10-17T16:00:00Z,0.0000001896,0.0000001896,0.0000001893,0.0000001893,683676264,129.4902874128
1697558700000,2023-10-17T16:05:00Z,0.0000001893,0.0000001897,0.0000001893,0.0000001897,501727590,95.1067897809
1697559000000,2023-10-17T16:10:00Z,0.0000001897,0.0000001897,0.0000001894,0.0000001896,1830531749,346.829668171
1697559300000,2023-10-17T16:15:00Z,0.0000001896,0.0000001903,0.0000001895,0.0000001902,1572640442.4,298.71780733342
1697559600000,2023-10-17T16:20:00Z,0.0000001902,0.0000001908,0.0000001891,0.0000001903,27507958622,5229.39923528316
1697559900000,2023-10-17T16:25:00Z,0.0000001903,0.0000001925,0.0000001889,0.0000001925,50762149103.4,9635.229413015
1697560200000,2023-10-17T16:30:00Z,0.0000001925,0.0000001925,0.000000188,0.0000001889,5826695524,1106.24043528944
1697560500000,2023-10-17T16:35:00Z,0.0000001889,0.0000001912,0.0000001881,0.0000001881,20678085625.3,3916.20049970239
1697560800000,2023-10-17T16:40:00Z,0.0000001881,0.0000001915,0.0000001881,0.0000001886,119104980483.4,22557.57848308788
1697561100000,2023-10-17T16:45:00Z,0.0000001886,0.0000001899,0.000000188,0.000000188,20062443843,3795.02693300881
1697561400000,2023-10-17T16:50:00Z,0.000000188,0.0000001906,0.0000001878,0.0000001889,321560498936.5,60793.09431427224
1697561700000,2023-10-17T16:55:00Z,0.0000001889,0.0000001902,0.0000001883,0.0000001883,42524695563.9,8034.02985723076
1697562000000,2023-10-17T17:00:00Z,0.0000001883,0.0000001885,0.0000001859,0.0000001859,3683704564.7,690.33469189425
1697562300000,2023-10-17T17:05:00Z,0.0000001859,0.0000001868,0.0000001859,0.0000001868,2401462470,447.7998545421
1697562600000,2023-10-17T17:10:00Z,0.0000001868,0.0000001868,0.0000001858,0.0000001863,1913564510.8,356.33548688788
1697562900000,2023-10-17T17:15:00Z,0.0000001863,0.0000001863,0.000000185,0.0000001854,2580612564.9,478.87096513931
1697563200000,2023-10-17T17:20:00Z,0.0000001854,0.000000186,0.000000185,0.0000001853,4424610008,820.60456420021
1697563500000,2023-10-17T17:25:00Z,0.0000001853,0.0000001866,0.0000001853,0.0000001866,640050450,119.2811349241
1697563800000,2023-10-17T17:30:00Z,0.0000001866,0.0000001867,0.0000001859,0.0000001866,2608925690,486.23851981976
1697564100000,2023-10-17T17:35:00Z,0.0000001866,0.0000001867,0.0000001861,0.0000001867,3087320623,575.6765584719
1697564400000,2023-10-17T17:40:00Z,0.0000001867,0.0000001867,0.0000001864,0.0000001867,1194800260.7,222.87178766749
1697564700000,2023-10-17T17:45:00Z,0.0000001867,0.0000001867,0.0000001858,0.0000001859,664712385,123.6600155226
1697565000000,2023-10-17T17:50:00Z,0.0000001859,0.0000001865,0.0000001857,0.0000001865,2984400162,555.2090616677
1697565300000,2023-10-17T17:55:00Z,0.0000001865,0.0000001878,0.0000001852,0.0000001865,127530910574,23758.39305126899
1697565600000,2023-10-17T18:00:00Z,0.0000001865,0.0000001876,0.0000001853,0.0000001865,62533097046.2,11642.11949439056
1697565900000,2023-10-17T18:05:00Z,0.0000001865,0.0000001867,0.0000001858,0.0000001862,2096548243,390.74805417128
1697566200000,2023-10-17T18:10:00Z,0.0000001862,0.0000001867,0.0000001852,0.0000001859,4958730617.3,923.71211774797
1697566500000,2023-10-17T18:15:00Z,0.0000001859,0.0000001859,0.0000001852,0.0000001854,2689685488,499.1206437003
1697566800000,2023-10-17T18:20:00Z,0.0000001854,0.0000001857,0.0000001853,0.0000001853,2134979838,395.7284319416
1697567100000,2023-10-17T18:25:00Z,0.0000001853,0.0000001867,0.0000001846,0.000000185,113403849499,21028.06758601019
1697567400000,2023-10-17T18:30:00Z,0.000000185,0.0000001853,0.0000001844,0.0000001849,7489103468.4,1383.19347616139
1697567700000,2023-10-17T18:35:00Z,0.0000001849,0.0000001854,0.0000001839,0.0000001839,12800144203.2,2361.02015968103
1697568000000,2023-10-17T18:40:00Z,0.0000001839,0.0000001852,0.0000001839,0.0000001844,1359721945,250.9963088998
1697568300000,2023-10-17T18:45:00Z,0.0000001844,0.0000001849,0.0000001839,0.0000001843,2190169020.8,403.6586939422
1697568600000,2023-10-17T18:50:00Z,0.0000001843,0.0000001843,0.0000001813,0.0000001824,4283828659.2,781.20183318518
1697568900000,2023-10-17T18:55:00Z,0.0000001824,0.0000001824,0.0000001816,0.000000182,1646640009,299.5311071889
1697569200000,2023-10-17T19:00:00Z,0.000000182,0.0000001848,0.0000001818,0.0000001848,3868759883.6,709.15138575895
1697569500000,2023-10-17T19:05:00Z,0.0000001848,0.0000001848,0.0000001847,0.0000001848,3021751673,558.2023091704
1697569800000,2023-10-17T19:10:00Z,0.0000001848,0.0000001852,0.0000001848,0.0000001852,1605322873,297.15336261259
1697570100000,2023-10-17T19:15:00Z,0.0000001852,0.0000001854,0.0000001851,0.0000001853,2521558705,466.9076379415
1697570400000,2023-10-17T19:20:00Z,0.0000001853,0.0000001854,0.0000001826,0.0000001829,4738907082.8,872.57461093372
1697570700000,2023-10-17T19:25:00Z,0.0000001829,0.000000183,0.0000001825,0.0000001826,4283833860,782.68775109423
1697571000000,2023-10-17T19:30:00Z,0.0000001826,0.0000001845,0.0000001823,0.0000001845,5710175035.5,1045.87626072777
1697571300000,2023-10-17T19:35:00Z,0.0000001845,0.0000001852,0.0000001843,0.000000185,2339706690,432.09180900429
1697571600000,2023-10-17T19:40:00Z,0.000000185,0.0000001855,0.0000001845,0.0000001852,5899673395.2,1091.24430372898
1697571900000,2023-10-17T19:45:00Z,0.0000001852,0.0000001852,0.0000001848,0.0000001851,2780624818,514.2596742379
1697572200000,2023-10-17T19:50:00Z,0.0000001851,0.0000001867,0.0000001834,0.0000001835,48605374718.9,9001.22708160209
1697572500000,2023-10-17T19:55:00Z,0.0000001835,0.0000001864,0.000000183,0.0000001861,217938056502.4,40336.01431517104
1697572800000,2023-10-17T20:00:00Z,0.0000001861,0.0000001867,0.0000001841,0.0000001846,277917700723,51488.40559259053
1697573100000,2023-10-17T20:05:00Z,0.0000001846,0.0000001853,0.0000001836,0.0000001849,17066153829.9,3145.53921014877
1697573400000,2023-10-17T20:10:00Z,0.0000001849,0.0000001853,0.0000001842,0.0000001851,6524332037.3,1204.73521508151
1697573700000,2023-10-17T20:15:00Z,0.0000001851,0.0000001852,0.000000183,0.0000001842,1732324755.7,319.0349083639
1697574000000,2023-10-17T20:20:00Z,0.0000001842,0.0000001845,0.0000001835,0.0000001845,4065957870,748.2603439579
1697574300000,2023-10-17T20:25:00Z,0.0000001845,0.000000185,0.0000001845,0.0000001846,2120067179.9,391.63298233434
1697574600000,2023-10-17T20:30:00Z,0.0000001846,0.000000186,0.0000001846,0.0000001849,11814702728.4,2192.27161872933
1697574900000,2023-10-17T20:35:00Z,0.0000001849,0.0000001856,0.0000001849,0.0000001856,2817651470,522.0178721272
1697575200000,2023-10-17T20:40:00Z,0.0000001856,0.0000001857,0.0000001847,0.0000001847,2777079013,514.0037989168
1697575500000,2023-10-17T20:45:00Z,0.0000001847,0.0000001853,0.0000001847,0.0000001847,2375632340,438.9484781726
1697575800000,2023-10-17T20:50:00Z,0.0000001847,0.0000001876,0.0000001837,0.0000001868,123512754623.4,22941.03775410139
1697576100000,2023-10-17T20:55:00Z,0.0000001868,0.0000001872,0.0000001842,0.0000001859,207284388436,38427.68700397485
1697576400000,2023-10-17T21:00:00Z,0.0000001859,0.0000001866,0.0000001838,0.0000001843,171638348430,31769.95772914357
1697576700000,2023-10-17T21:05:00Z,0.0000001843,0.000000186,0.0000001838,0.0000001848,147989711524,27384.28720148553
1697577000000,2023-10-17T21:10:00Z,0.0000001848,0.0000001855,0.0000001836,0.0000001855,18380774187.6,3389.83684076654
1697577300000,2023-10-17T21:15:00Z,0.0000001855,0.0000001855,0.0000001845,0.0000001846,2454579442,453.4602330023
1697577600000,2023-10-17T21:20:00Z,0.0000001846,0.0000001856,0.0000001846,0.000000185,1911716198,354.3204023708
1697577900000,2023-10-17T21:25:00Z,0.000000185,0.0000001857,0.0000001845,0.0000001846,2775508314.5,513.28837583213
1697578200000,2023-10-17T21:30:00Z,0.0000001846,0.0000001852,0.0000001842,0.0000001842,2386637101.6,440.80483872718
1697578500000,2023-10-17T21:35:00Z,0.0000001842,0.000000186,0.0000001842,0.000000185,11285907050,2092.96264506603
1697578800000,2023-10-17T21:40:00Z,0.000000185,0.000000186,0.000000185,0.0000001853,3050844894,565.8843572077
1697579100000,2023-10-17T21:45:00Z,0.0000001853,0.0000001861,0.0000001852,0.0000001853,1761399056.7,326.79294539664
1697579400000,2023-10-17T21:50:00Z,0.0000001853,0.000000186,0.0000001853,0.000000186,2864553823,532.1205540209
1697579700000,2023-10-17T21:55:00Z,0.000000186,0.0000001864,0.0000001857,0.000000186,1900301892.8,353.27851902071
1697580000000,2023-10-17T22:00:00Z,0.000000186,0.0000001861,0.0000001854,0.0000001857,1874147451,347.9448666198
1697580300000,2023-10-17T22:05:00Z,0.0000001857,0.0000001859,0.0000001845,0.000000185,4235172098,783.27837626759
1697580600000,2023-10-17T22:10:00Z,0.000000185,0.0000001856,0.0000001847,0.0000001855,2323682531,430.06707770567
1697580900000,2023-10-17T22:15:00Z,0.0000001855,0.0000001856,0.0000001855,0.0000001855,778511928.5,144.45028231005
1697581200000,2023-10-17T22:20:00Z,0.0000001855,0.0000001856,0.0000001851,0.0000001853,2753477839,510.7638739631
1697581500000,2023-10-17T22:25:00Z,0.0000001853,0.000000186,0.0000001853,0.0000001854,1789739174,331.8198070237
1697581800000,2023-10-17T22:30:00Z,0.0000001854,0.0000001856,0.0000001854,0.0000001854,1015453737,188.451668311
1697582100000,2023-10-17T22:35:00Z,0.0000001854,0.0000001859,0.0000001854,0.0000001854,4461713237,827.6893149871
1697582400000,2023-10-17T22:40:00Z,0.0000001854,0.0000001859,0.0000001847,0.0000001854,2782199837.9,515.41739566111
1697582700000,2023-10-17T22:45:00Z,0.0000001854,0.0000001854,0.0000001847,0.0000001847,2760283502,510.6928270901
1697583000000,2023-10-17T22:50:00Z,0.0000001847,0.0000001847,0.0000001847,0.0000001847,2207010170,407.634778399
1697583300000,2023-10-17T22:55:00Z,0.0000001847,0.0000001858,0.0000001846,0.000000185,2656971186,491.8412965653
1697583600000,2023-10-17T23:00:00Z,0.000000185,0.0000001859,0.0000001847,0.0000001847,1617107723,299.7524517652
1697583900000,2023-10-17T23:05:00Z,0.0000001847,0.0000001858,0.0000001847,0.0000001857,1730760894,320.7693315865
1697584200000,2023-10-17T23:10:00Z,0.0000001857,0.0000001874,0.0000001852,0.0000001852,1739765354.1,324.46805642388
1697584500000,2023-10-17T23:15:00Z,0.0000001852,0.0000001852,0.0000001847,0.0000001849,1400689471.1,259.03961221329
1697584800000,2023-10-17T23:20:00Z,0.0000001849,0.0000001852,0.0000001847,0.0000001847,1179051162,218.2264536966
1697585100000,2023-10-17T23:25:00Z,0.0000001847,0.0000001851,0.0000001847,0.0000001847,1586510061.1,293.04486797841
1697585400000,2023-10-17T23:30:00Z,0.0000001847,0.0000001849,0.0000001847,0.0000001847,3969885348,733.4537446154
1697585700000,2023-10-17T23:35:00Z,0.0000001847,0.0000001849,0.0000001847,0.0000001847,1664951231,307.6244308807
1697586000000,2023-10-17T23:40:00Z,0.0000001847,0.000000185,0.0000001847,0.0000001849,1150368643,212.6576719892
1697586300000,2023-10-17T23:45:00Z,0.0000001849,0.0000001849,0.0000001847,0.0000001847,2068412748,382.0690941613
1697586600000,2023-10-17T23:50:00Z,0.0000001847,0.000000185,0.0000001847,0.0000001847,1852697532,342.3296234553
1697586900000,2023-10-17T23:55:00Z,0.0000001847,0.0000001849,0.0000001847,0.0000001849,1978608683,365.5510964951
1697587200000,2023-10-18T00:00:00Z,0.0000001849,0.000000185,0.0000001847,0.0000001849,783446370,144.8441420629
1697587500000,2023-10-18T00:05:00Z,0.0000001849,0.0000001849,0.0000001847,0.0000001847,114012042,21.0580241574
1697587800000,2023-10-18T00:10:00Z,0.0000001847,0.0000001847,0.0000001838,0.000000184,5950657243.2,1094.86978234666
1697588100000,2023-10-18T00:15:00Z,0.000000184,0.000000184,0.0000001839,0.0000001839,929819254,171.0327825194
1697588400000,2023-10-18T00:20:00Z,0.0000001839,0.0000001839,0.0000001838,0.0000001838,129071932,23.7234211016
1697588700000,2023-10-18T00:25:00Z,0.0000001838,0.000000185,0.0000001838,0.0000001846,2810661801.4,518.44440064136
1697589000000,2023-10-18T00:30:00Z,0.0000001846,0.0000001848,0.000000184,0.0000001846,1176939836,217.0020215359
1697589300000,2023-10-18T00:35:00Z,0.0000001846,0.0000001846,0.0000001837,0.0000001843,1177943196.4,216.88366058004
1697589600000,2023-10-18T00:40:00Z,0.0000001843,0.0000001845,0.0000001843,0.0000001844,649186286,119.6863989904
1697589900000,2023-10-18T00:45:00Z,0.0000001844,0.0000001867,0.0000001844,0.0000001867,1381577076.7,256.82480219492
1697590200000,2023-10-18T00:50:00Z,0.0000001867,0.0000001867,0.0000001843,0.0000001849,2095844770.5,388.21327537348
1697590500000,2023-10-18T00:55:00Z,0.0000001849,0.0000001849,0.0000001842,0.0000001842,480273358,88.6549602923
1697590800000,2023-10-18T01:00:00Z,0.0000001842,0.0000001845,0.0000001842,0.0000001845,197226604,36.388308438
1697591100000,2023-10-18T01:05:00Z,0.0000001845,0.0000001849,0.0000001845,0.0000001849,585274387,108.2172341563
1697591400000,2023-10-18T01:10:00Z,0.0000001849,0.000000185,0.0000001846,0.0000001849,1260176063.6,232.84528208896
1697591700000,2023-10-18T01:15:00Z,0.0000001849,0.0000001849,0.0000001843,0.0000001846,666635741,122.9757460997
1697592000000,2023-10-18T01:20:00Z,0.0000001846,0.0000001846,0.0000001843,0.0000001845,586422784.1,108.16498060945
1697592300000,2023-10-18T01:25:00Z,0.0000001845,0.0000001846,0.0000001843,0.0000001843,634175740,116.878800001
1697592600000,2023-10-18T01:30:00Z,0.0000001843,0.0000001843,0.0000001839,0.0000001839,28437922,5.2355255559
1697592900000,2023-10-18T01:35:00Z,0.0000001839,0.0000001844,0.0000001839,0.0000001844,697731685,128.661722714
1697593200000,2023-10-18T01:40:00Z,0.0000001844,0.0000001848,0.0000001841,0.0000001846,380283540,70.011184936
1697593500000,2023-10-18T01:45:00Z,0.0000001846,0.0000001846,0.0000001842,0.0000001842,778021601,143.3115789042
1697593800000,2023-10-18T01:50:00Z,0.0000001842,0.0000001843,0.0000001842,0.0000001842,215919676,39.7877985409
1697594100000,2023-10-18T01:55:00Z,0.0000001842,0.000000187,0.0000001842,0.000000187,655980344.1,121.99391003533
1697594400000,2023-10-18T02:00:00Z,0.000000187,0.000000187,0.0000001852,0.0000001853,585477337.3,108.52670045369
1697594700000,2023-10-18T02:05:00Z,0.0000001853,0.0000001853,0.000000185,0.000000185,135114110,24.99611035
1697595000000,2023-10-18T02:10:00Z,0.000000185,0.000000185,0.0000001849,0.000000185,445043655,82.3324418352
1697595300000,2023-10-18T02:15:00Z,0.000000185,0.0000001851,0.000000185,0.0000001851,149075263,27.5938311813
1697595600000,2023-10-18T02:20:00Z,0.0000001851,0.0000001864,0.0000001843,0.0000001864,457307282.1,85.08909535192
1697595900000,2023-10-18T02:25:00Z,0.0000001864,0.000000187,0.0000001856,0.0000001857,1760670260.9,327.17194698891
1697596200000,2023-10-18T02:30:00Z,0.0000001857,0.0000001857,0.0000001844,0.0000001846,904698314.6,166.92219282588
1697596500000,2023-10-18T02:35:00Z,0.0000001846,0.0000001846,0.0000001846,0.0000001846,0,0
1697596800000,2023-10-18T02:40:00Z,0.0000001846,0.0000001846,0.0000001845,0.0000001845,457621521.3,84.43117067985
1697597100000,2023-10-18T02:45:00Z,0.0000001845,0.0000001845,0.0000001842,0.0000001842,609742143,112.3339211597
1697597400000,2023-10-18T02:50:00Z,0.0000001842,0.000000185,0.0000001842,0.000000185,81427277,15.064046245
1697597700000,2023-10-18T02:55:00Z,0.000000185,0.000000185,0.0000001849,0.0000001849,92620356,17.1255038244
1697598000000,2023-10-18T03:00:00Z,0.0000001849,0.000000185,0.0000001849,0.000000185,614404794,113.66488689
1697598300000,2023-10-18T03:05:00Z,0.000000185,0.000000185,0.0000001846,0.0000001846,89552530,16.531397038
1697598600000,2023-10-18T03:10:00Z,0.0000001846,0.0000001851,0.0000001846,0.0000001847,665896350.1,122.99321685751
1697598900000,2023-10-18T03:15:00Z,0.0000001847,0.0000001849,0.0000001847,0.0000001849,95001578,17.5657917722
1697599200000,2023-10-18T03:20:00Z,0.0000001849,0.0000001849,0.0000001847,0.0000001847,218024204,40.2690704788
1697599500000,2023-10-18T03:25:00Z,0.0000001847,0.0000001847,0.0000001847,0.0000001847,0,0
1697599800000,2023-10-18T03:30:00Z,0.0000001847,0.0000001847,0.0000001846,0.0000001846,207125204,38.2353126584
1697600100000,2023-10-18T03:35:00Z,0.0000001846,0.0000001846,0.0000001845,0.0000001846,603063830,111.277891841
1697600400000,2023-10-18T03:40:00Z,0.0000001846,0.0000001846,0.0000001845,0.0000001845,169627666,31.296304377
1697600700000,2023-10-18T03:45:00Z,0.0000001845,0.0000001845,0.0000001845,0.0000001845,0,0
1697601000000,2023-10-18T03:50:00Z,0.0000001845,0.0000001846,0.0000001845,0.0000001846,80282129,14.8200810134
1697601300000,2023-10-18T03:55:00Z,0.0000001846,0.0000001846,0.0000001846,0.0000001846,0,0
1697601600000,2023-10-18T04:00:00Z,0.0000001846,0.0000001847,0.0000001846,0.0000001847,114324343,21.1157061521
1697601900000,2023-10-18T04:05:00Z,0.0000001847,0.0000001847,0.0000001847,0.0000001847,6078444,1.1226886068
1697602200000,2023-10-18T04:10:00Z,0.0000001847,0.0000001847,0.0000001846,0.0000001846,123948223,22.8808419658
1697602500000,2023-10-18T04:15:00Z,0.0000001846,0.0000001846,0.0000001846,0.0000001846,0,0
1697602800000,2023-10-18T04:20:00Z,0.0000001846,0.0000001846,0.0000001846,0.0000001846,0,0
1697603100000,2023-10-18T04:25:00Z,0.0000001846,0.0000001846,0.0000001846,0.0000001846,0,0
1697603400000,2023-10-18T04:30:00Z,0.0000001846,0.0000001846,0.0000001845,0.0000001845,594837505,109.7475196725
1697603700000,2023-10-18T04:35:00Z,0.0000001845,0.0000001845,0.0000001845,0.0000001845,777356390,143.422253955
1697604000000,2023-10-18T04:40:00Z,0.0000001845,0.0000001851,0.0000001845,0.0000001851,537776080,99.37513326464
1697604300000,2023-10-18T04:45:00Z,0.0000001851,0.0000001852,0.0000001845,0.0000001852,800902230.6,147.84609866582
1697604600000,2023-10-18T04:50:00Z,0.0000001852,0.0000001852,0.0000001845,0.0000001845,246610700,45.49967415
1697604900000,2023-10-18T04:55:00Z,0.0000001845,0.0000001845,0.0000001845,0.0000001845,0,0
1697605200000,2023-10-18T05:00:00Z,0.0000001845,0.0000001845,0.0000001842,0.0000001842,725321485,133.7013092234
1697605500000,2023-10-18T05:05:00Z,0.0000001842,0.0000001845,0.0000001842,0.0000001845,103449476,19.086428322
1697605800000,2023-10-18T05:10:00Z,0.0000001845,0.0000001848,0.0000001843,0.0000001848,385753303,71.2362243879
1697606100000,2023-10-18T05:15:00Z,0.0000001848,0.0000001848,0.0000001844,0.0000001846,1206789974,222.7512828511
1697606400000,2023-10-18T05:20:00Z,0.0000001846,0.000000185,0.0000001845,0.0000001848,817128100,151.0653528176
1697606700000,2023-10-18T05:25:00Z,0.0000001848,0.0000001857,0.0000001848,0.0000001852,4100185400,760.45099848678
1697607000000,2023-10-18T05:30:00Z,0.0000001852,0.0000001856,0.0000001852,0.0000001856,1792121376,332.4842607751
1697607300000,2023-10-18T05:35:00Z,0.0000001856,0.0000001857,0.0000001848,0.0000001856,4801285147.6,889.5570802434
1697607600000,2023-10-18T05:40:00Z,0.0000001856,0.0000001858,0.0000001855,0.0000001858,4889926440.1,907.97082172267
1697607900000,2023-10-18T05:45:00Z,0.0000001858,0.0000001863,0.0000001858,0.0000001863,593565714,110.4485241717
1697608200000,2023-10-18T05:50:00Z,0.0000001863,0.0000001863,0.0000001863,0.0000001863,0,0
1697608500000,2023-10-18T05:55:00Z,0.0000001863,0.0000001863,0.000000186,0.000000186,1952141641,363.2839860708
1697608800000,2023-10-18T06:00:00Z,0.000000186,0.0000001862,0.000000186,0.0000001861,671598110,124.9908004482
1697609100000,2023-10-18T06:05:00Z,0.0000001861,0.0000001864,0.0000001861,0.0000001863,744227195,138.6677879896
1697609400000,2023-10-18T06:10:00Z,0.0000001863,0.0000001866,0.0000001857,0.0000001857,1484477421.1,276.36671836641
1697609700000,2023-10-18T06:15:00Z,0.0000001857,0.0000001857,0.0000001847,0.0000001849,1150965745,212.6585928803
1697610000000,2023-10-18T06:20:00Z,0.0000001849,0.0000001856,0.0000001849,0.0000001856,818259608,151.6440967134
1697610300000,2023-10-18T06:25:00Z,0.0000001856,0.0000001856,0.0000001849,0.0000001849,282670119,52.2986803841
1697610600000,2023-10-18T06:30:00Z,0.0000001849,0.0000001849,0.0000001848,0.0000001848,521212271,96.3200276808
1697610900000,2023-10-18T06:35:00Z,0.0000001848,0.0000001848,0.0000001848,0.0000001848,0,0
1697611200000,2023-10-18T06:40:00Z,0.0000001848,0.0000001849,0.0000001845,0.0000001849,690385851.3,127.54022014298
1697611500000,2023-10-18T06:45:00Z,0.0000001849,0.0000001849,0.0000001846,0.0000001846,253139494.6,46.74467127688
1697611800000,2023-10-18T06:50:00Z,0.0000001846,0.000000185,0.0000001845,0.0000001846,834909067,154.124703872
1697612100000,2023-10-18T06:55:00Z,0.0000001846,0.0000001854,0.0000001846,0.0000001847,381409524.2,70.61154618904
1697612400000,2023-10-18T07:00:00Z,0.0000001847,0.0000001855,0.0000001847,0.0000001852,329156758,61.0378637275
1697612700000,2023-10-18T07:05:00Z,0.0000001852,0.0000001855,0.0000001852,0.0000001853,864765670,160.2889078483
1697613000000,2023-10-18T07:10:00Z,0.0000001853,0.0000001853,0.0000001848,0.0000001853,932326557,172.7243292491
1697613300000,2023-10-18T07:15:00Z,0.0000001853,0.0000001853,0.000000185,0.000000185,1146106478,212.0732329711
1697613600000,2023-10-18T07:20:00Z,0.000000185,0.0000001857,0.000000185,0.0000001857,590903977.1,109.40463466119
1697613900000,2023-10-18T07:25:00Z,0.0000001857,0.0000001857,0.0000001847,0.000000185,1251671971.1,231.42786479777
1697614200000,2023-10-18T07:30:00Z,0.000000185,0.0000001853,0.000000185,0.0000001853,369003512,68.3320990101
1697614500000,2023-10-18T07:35:00Z,0.0000001853,0.0000001853,0.000000185,0.000000185,162057821,29.980696885
1697614800000,2023-10-18T07:40:00Z,0.000000185,0.0000001854,0.000000185,0.0000001853,630640065,116.7724505527
1697615100000,2023-10-18T07:45:00Z,0.0000001853,0.0000001855,0.0000001853,0.0000001855,969550765,179.8252121328
1697615400000,2023-10-18T07:50:00Z,0.0000001855,0.0000001855,0.000000185,0.0000001855,1619520747,300.1247184426
1697615700000,2023-10-18T07:55:00Z,0.0000001855,0.0000001855,0.0000001851,0.0000001851,345903931,64.0804431858
1697616000000,2023-10-18T08:00:00Z,0.0000001851,0.0000001856,0.0000001847,0.0000001856,979012317.6,181.28069267062
1697616300000,2023-10-18T08:05:00Z,0.0000001856,0.0000001856,0.000000185,0.000000185,1755054298,325.35202802431
1697616600000,2023-10-18T08:10:00Z,0.000000185,0.0000001856,0.0000001849,0.0000001854,1765397117.8,327.26382261276
1697616900000,2023-10-18T08:15:00Z,0.0000001854,0.0000001854,0.000000185,0.0000001852,1336272855.1,247.28683760244
1697617200000,2023-10-18T08:20:00Z,0.0000001852,0.0000001856,0.0000001849,0.0000001856,889330262,164.692627341
1697617500000,2023-10-18T08:25:00Z,0.0000001856,0.0000001856,0.0000001856,0.0000001856,6316713,1.1723819328
1697617800000,2023-10-18T08:30:00Z,0.0000001856,0.0000001859,0.0000001856,0.0000001856,1725480538.7,320.29005291252
1697618100000,2023-10-18T08:35:00Z,0.0000001856,0.000000186,0.0000001856,0.0000001859,587629899,109.2404685971
1697618400000,2023-10-18T08:40:00Z,0.0000001859,0.0000001859,0.0000001848,0.0000001848,4304900242,797.53841828382
1697618700000,2023-10-18T08:45:00Z,0.0000001848,0.0000001857,0.0000001848,0.0000001857,1136452709,210.7144692513
1697619000000,2023-10-18T08:50:00Z,0.0000001857,0.0000001857,0.0000001854,0.0000001854,893522543,165.6590794722
1697619300000,2023-10-18T08:55:00Z,0.0000001854,0.0000001856,0.0000001852,0.0000001853,1520213269,281.8438479618
1697619600000,2023-10-18T09:00:00Z,0.0000001853,0.0000001856,0.0000001853,0.0000001856,1786687411,331.408081145
1697619900000,2023-10-18T09:05:00Z,0.0000001856,0.0000001856,0.0000001852,0.0000001853,1588206438,294.4664391535
1697620200000,2023-10-18T09:10:00Z,0.0000001853,0.0000001853,0.0000001842,0.0000001842,835504111.3,154.38099217296
1697620500000,2023-10-18T09:15:00Z,0.0000001842,0.0000001846,0.0000001839,0.000000184,2411288646,444.10820227645
1697620800000,2023-10-18T09:20:00Z,0.000000184,0.000000185,0.0000001839,0.000000185,2301999840.9,425.05877283037
1697621100000,2023-10-18T09:25:00Z,0.000000185,0.000000185,0.0000001845,0.0000001845,27847785862.7,5138.28964310781
1697621400000,2023-10-18T09:30:00Z,0.0000001845,0.0000001845,0.0000001845,0.0000001845,223150140.9,41.17120099605
1697621700000,2023-10-18T09:35:00Z,0.0000001845,0.0000001845,0.0000001839,0.0000001839,1024160474.9,188.54727188025
1697622000000,2023-10-18T09:40:00Z,0.0000001839,0.0000001856,0.0000001839,0.0000001856,1400982645,259.3934118362
1697622300000,2023-10-18T09:45:00Z,0.0000001856,0.0000001856,0.0000001844,0.0000001851,1703175324,315.3654470065
1697622600000,2023-10-18T09:50:00Z,0.0000001851,0.0000001856,0.0000001846,0.0000001846,2105396121,390.1156372431
1697622900000,2023-10-18T09:55:00Z,0.0000001846,0.0000001852,0.0000001845,0.0000001852,1954113481,361.26299661848
1697623200000,2023-10-18T10:00:00Z,0.0000001852,0.0000001856,0.0000001847,0.0000001856,4525995802,838.4601002287
1697623500000,2023-10-18T10:05:00Z,0.0000001856,0.0000001856,0.0000001848,0.0000001856,3983188472,738.37490336889
1697623800000,2023-10-18T10:10:00Z,0.0000001856,0.0000001869,0.0000001854,0.000000186,7348243819,1368.62046373762
1697624100000,2023-10-18T10:15:00Z,0.000000186,0.0000001866,0.0000001844,0.0000001849,5191968406.6,963.20884783152
1697624400000,2023-10-18T10:20:00Z,0.0000001849,0.000000185,0.0000001839,0.0000001839,2325343578.1,428.39369556449
1697624700000,2023-10-18T10:25:00Z,0.0000001839,0.0000001843,0.0000001831,0.0000001838,2451031670.4,449.83426083888
1697625000000,2023-10-18T10:30:00Z,0.0000001838,0.0000001843,0.0000001836,0.0000001843,2500458002,460.1234137799
1697625300000,2023-10-18T10:35:00Z,0.0000001843,0.0000001851,0.0000001843,0.0000001851,867326738,159.918692403
1697625600000,2023-10-18T10:40:00Z,0.0000001851,0.0000001851,0.0000001849,0.0000001849,703730,0.130119677
1697625900000,2023-10-18T10:45:00Z,0.0000001849,0.0000001849,0.0000001849,0.0000001849,0,0
1697626200000,2023-10-18T10:50:00Z,0.0000001849,0.0000001849,0.0000001843,0.0000001846,1374933594,253.7789825014
1697626500000,2023-10-18T10:55:00Z,0.0000001846,0.0000001846,0.0000001843,0.0000001846,2867050573,528.6317420884
1697626800000,2023-10-18T11:00:00Z,0.0000001846,0.0000001847,0.0000001842,0.0000001843,435502019.5,80.3413060562
1697627100000,2023-10-18T11:05:00Z,0.0000001843,0.0000001849,0.0000001843,0.0000001849,3578648141,661.2602692606
1697627400000,2023-10-18T11:10:00Z,0.0000001849,0.000000185,0.0000001842,0.0000001842,4184156524.5,773.05972245842
1697627700000,2023-10-18T11:15:00Z,0.0000001842,0.0000001849,0.0000001842,0.0000001843,2854599013,526.5881754355
1697628000000,2023-10-18T11:20:00Z,0.0000001843,0.0000001849,0.0000001843,0.0000001843,6255854917,1154.46393803696
1697628300000,2023-10-18T11:25:00Z,0.0000001843,0.0000001843,0.0000001837,0.0000001843,3628327997.5,668.2534787578
1697628600000,2023-10-18T11:30:00Z,0.0000001843,0.0000001843,0.0000001836,0.0000001837,3701272171.3,680.48766849656
1697628900000,2023-10-18T11:35:00Z,0.0000001837,0.0000001847,0.0000001835,0.0000001847,4325372652.8,795.52361428406
1697629200000,2023-10-18T11:40:00Z,0.0000001847,0.000000185,0.0000001829,0.0000001836,3336961569.8,612.41288248176
1697629500000,2023-10-18T11:45:00Z,0.0000001836,0.0000001842,0.0000001829,0.0000001836,3464325541,635.3420335876
1697629800000,2023-10-18T11:50:00Z,0.0000001836,0.0000001839,0.0000001829,0.0000001833,4478983290.7,821.47162359866
1697630100000,2023-10-18T11:55:00Z,0.0000001833,0.0000001836,0.0000001829,0.0000001829,3375895503.9,618.78224649039
1697630400000,2023-10-18T12:00:00Z,0.0000001829,0.0000001842,0.0000001829,0.000000184,3288539075,603.172165554
1697630700000,2023-10-18T12:05:00Z,0.000000184,0.0000001842,0.0000001837,0.0000001837,2730990972,502.1114120892
1697631000000,2023-10-18T12:10:00Z,0.0000001837,0.0000001838,0.0000001835,0.0000001836,2200059839,403.9897049347
1697631300000,2023-10-18T12:15:00Z,0.0000001836,0.0000001841,0.0000001836,0.0000001839,3093781254,568.4012066514
1697631600000,2023-10-18T12:20:00Z,0.0000001839,0.0000001841,0.0000001836,0.0000001841,354422930,65.1819045046
1697631900000,2023-10-18T12:25:00Z,0.0000001841,0.0000001841,0.0000001841,0.0000001841,1152473009,212.1702809569
1697632200000,2023-10-18T12:30:00Z,0.0000001841,0.0000001842,0.0000001841,0.0000001842,776590113,142.9904081168
1697632500000,2023-10-18T12:35:00Z,0.0000001842,0.0000001842,0.0000001836,0.0000001836,1542591157.2,283.23892528816
1697632800000,2023-10-18T12:40:00Z,0.0000001836,0.0000001838,0.0000001824,0.0000001829,6276867847,1148.09181190825
1697633100000,2023-10-18T12:45:00Z,0.0000001829,0.0000001837,0.0000001828,0.0000001829,4049964061,742.03022512282
1697633400000,2023-10-18T12:50:00Z,0.0000001829,0.0000001839,0.0000001828,0.0000001831,4233993950,775.929860708
1697633700000,2023-10-18T12:55:00Z,0.0000001831,0.0000001839,0.0000001831,0.0000001836,3386365515,621.1895393422
1697634000000,2023-10-18T13:00:00Z,0.0000001836,0.0000001837,0.000000183,0.0000001837,1648533381,302.0764994785
1697634300000,2023-10-18T13:05:00Z,0.0000001837,0.0000001837,0.0000001826,0.0000001833,5273794333,965.47309031174
1697634600000,2023-10-18T13:10:00Z,0.0000001833,0.0000001841,0.000000183,0.0000001841,2189564949.9,401.32981806474
1697634900000,2023-10-18T13:15:00Z,0.0000001841,0.0000001841,0.0000001832,0.0000001832,2120332134.2,388.46922754934
1697635200000,2023-10-18T13:20:00Z,0.0000001832,0.0000001836,0.0000001832,0.0000001836,1572063899,288.1179057824
1697635500000,2023-10-18T13:25:00Z,0.0000001836,0.0000001837,0.000000183,0.0000001833,2078933256.6,380.97548925172
1697635800000,2023-10-18T13:30:00Z,0.0000001833,0.0000001839,0.0000001833,0.0000001833,951250264,174.4476356784
1697636100000,2023-10-18T13:35:00Z,0.0000001833,0.0000001837,0.0000001833,0.0000001836,1407460,0.258480029
1697636400000,2023-10-18T13:40:00Z,0.0000001836,0.0000001837,0.0000001804,0.0000001821,5528183220.3,1004.99845779085
1697636700000,2023-10-18T13:45:00Z,0.0000001821,0.0000001821,0.0000001813,0.0000001818,2685312256.8,487.7704676403
1697637000000,2023-10-18T13:50:00Z,0.0000001818,0.0000001818,0.0000001803,0.0000001811,3554281327.5,643.05638636111
1697637300000,2023-10-18T13:55:00Z,0.0000001811,0.0000001815,0.0000001805,0.0000001813,1595989204,288.48320215637
1697637600000,2023-10-18T14:00:00Z,0.0000001813,0.0000001813,0.0000001804,0.000000181,4533578217.9,820.38074265148
1697637900000,2023-10-18T14:05:00Z,0.000000181,0.0000001815,0.0000001805,0.0000001812,1898461399.9,343.63580313815
1697638200000,2023-10-18T14:10:00Z,0.0000001812,0.0000001812,0.0000001802,0.0000001805,2376419862.8,429.32577128968
1697638500000,2023-10-18T14:15:00Z,0.0000001805,0.0000001811,0.0000001805,0.0000001805,3646063705.5,658.3109732008
1697638800000,2023-10-18T14:20:00Z,0.0000001805,0.0000001808,0.0000001805,0.0000001808,1097109516,198.3394688812
1697639100000,2023-10-18T14:25:00Z,0.0000001808,0.0000001811,0.0000001808,0.0000001808,688348038.9,124.52014475041
1697639400000,2023-10-18T14:30:00Z,0.0000001808,0.0000001809,0.0000001801,0.0000001801,2588693355.9,467.75265415493
1697639700000,2023-10-18T14:35:00Z,0.0000001801,0.0000001806,0.0000001801,0.0000001805,3466471727,625.6926936068
1697640000000,2023-10-18T14:40:00Z,0.0000001805,0.0000001807,0.0000001804,0.0000001804,693757046,125.273688858
1697640300000,2023-10-18T14:45:00Z,0.0000001804,0.0000001809,0.0000001803,0.0000001807,647721630,116.9569309649
1697640600000,2023-10-18T14:50:00Z,0.0000001807,0.0000001807,0.0000001805,0.0000001807,2813101490.5,508.00362749814
1697640900000,2023-10-18T14:55:00Z,0.0000001807,0.0000001811,0.0000001807,0.0000001811,2274141118,411.3991148901
1697641200000,2023-10-18T15:00:00Z,0.0000001811,0.0000001817,0.000000181,0.0000001814,2922348659,530.1759999655
1697641500000,2023-10-18T15:05:00Z,0.0000001814,0.0000001814,0.000000181,0.000000181,1703132109,308.2753257868
1697641800000,2023-10-18T15:10:00Z,0.000000181,0.0000001825,0.000000181,0.0000001816,312522738,56.8075671498
1697642100000,2023-10-18T15:15:00Z,0.0000001816,0.0000001818,0.0000001812,0.0000001817,548032046.1,99.45684625688
1697642400000,2023-10-18T15:20:00Z,0.0000001817,0.0000001817,0.0000001812,0.0000001812,300019174,54.4196038876
1697642700000,2023-10-18T15:25:00Z,0.0000001812,0.0000001815,0.0000001812,0.0000001815,750291408,136.1521654275
1697643000000,2023-10-18T15:30:00Z,0.0000001815,0.0000001815,0.0000001811,0.0000001814,841191347,152.5182738256
1697643300000,2023-10-18T15:35:00Z,0.0000001814,0.0000001815,0.0000001811,0.0000001811,1716446884,311.3892205721
1697643600000,2023-10-18T15:40:00Z,0.0000001811,0.0000001818,0.000000181,0.0000001818,2052946815.4,372.19660119722
1697643900000,2023-10-18T15:45:00Z,0.0000001818,0.0000001818,0.0000001811,0.0000001811,1852018107,336.0598163595
1697644200000,2023-10-18T15:50:00Z,0.0000001811,0.0000001818,0.0000001811,0.0000001817,992395587,180.1516271861
1697644500000,2023-10-18T15:55:00Z,0.0000001817,0.0000001817,0.0000001811,0.0000001811,2689782473,488.1969196801
1697644800000,2023-10-18T16:00:00Z,0.0000001811,0.0000001816,0.0000001811,0.0000001815,1481377060,268.6893257853
1697645100000,2023-10-18T16:05:00Z,0.0000001815,0.0000001821,0.0000001812,0.0000001814,1782111683,323.4936657138
1697645400000,2023-10-18T16:10:00Z,0.0000001814,0.0000001819,0.0000001814,0.0000001819,952047188,173.0851230859
1697645700000,2023-10-18T16:15:00Z,0.0000001819,0.0000001819,0.000000181,0.0000001811,2202662427,399.32366911395
1697646000000,2023-10-18T16:20:00Z,0.0000001811,0.0000001819,0.0000001811,0.0000001817,1960506847,356.29453747081
1697646300000,2023-10-18T16:25:00Z,0.0000001817,0.0000001817,0.0000001807,0.0000001811,545574737,98.87090221424
1697646600000,2023-10-18T16:30:00Z,0.0000001811,0.0000001818,0.000000181,0.0000001812,1242569286,225.2589985941
1697646900000,2023-10-18T16:35:00Z,0.0000001812,0.0000001819,0.00000018,0.0000001808,9865166111.1,1780.26414776299
1697647200000,2023-10-18T16:40:00Z,0.0000001808,0.0000001814,0.0000001808,0.0000001814,1493897251,270.896402574
1697647500000,2023-10-18T16:45:00Z,0.0000001814,0.0000001815,0.0000001812,0.0000001815,881858531.6,160.03824867632
1697647800000,2023-10-18T16:50:00Z,0.0000001815,0.0000001816,0.0000001808,0.0000001812,3751984485.3,680.1585086072
1697648100000,2023-10-18T16:55:00Z,0.0000001812,0.0000001817,0.0000001808,0.0000001814,2570640634.3,465.99520591369
1697648400000,2023-10-18T17:00:00Z,0.0000001814,0.0000001815,0.0000001813,0.0000001815,950776042.9,172.56320168497
1697648700000,2023-10-18T17:05:00Z,0.0000001815,0.0000001818,0.0000001815,0.0000001816,1345873312,244.5980471809
1697649000000,2023-10-18T17:10:00Z,0.0000001816,0.0000001818,0.0000001815,0.0000001815,2239435226,406.7482168008
1697649300000,2023-10-18T17:15:00Z,0.0000001815,0.0000001815,0.0000001814,0.0000001814,1197124874,217.1707691845
1697649600000,2023-10-18T17:20:00Z,0.0000001814,0.0000001817,0.0000001814,0.0000001815,1311400975.7,238.00190246439
1697649900000,2023-10-18T17:25:00Z,0.0000001815,0.0000001815,0.0000001814,0.0000001814,1597344861,289.8667388455
1697650200000,2023-10-18T17:30:00Z,0.0000001814,0.0000001814,0.0000001814,0.0000001814,0,0
1697650500000,2023-10-18T17:35:00Z,0.0000001814,0.0000001814,0.000000181,0.0000001811,3593742914.1,651.50259067723
1697650800000,2023-10-18T17:40:00Z,0.0000001811,0.0000001813,0.0000001811,0.0000001811,2002607908,362.7632114569
1697651100000,2023-10-18T17:45:00Z,0.0000001811,0.0000001813,0.0000001806,0.0000001806,1413575361,255.7032435647
1697651400000,2023-10-18T17:50:00Z,0.0000001806,0.0000001812,0.0000001803,0.0000001808,3016170666,545.1422623572
1697651700000,2023-10-18T17:55:00Z,0.0000001808,0.000000181,0.0000001805,0.0000001806,1832011320,331.318360207
1697652000000,2023-10-18T18:00:00Z,0.0000001806,0.000000181,0.0000001805,0.0000001805,2085379891,376.841986761
1697652300000,2023-10-18T18:05:00Z,0.0000001805,0.0000001811,0.0000001805,0.0000001811,2575484742,465.3867787863
1697652600000,2023-10-18T18:10:00Z,0.0000001811,0.0000001811,0.0000001805,0.0000001807,3265228422,590.114387549
1697652900000,2023-10-18T18:15:00Z,0.0000001807,0.000000181,0.0000001807,0.000000181,4206498831.7,760.75911451566
1697653200000,2023-10-18T18:20:00Z,0.000000181,0.000000181,0.000000181,0.000000181,76941259,13.926367879
1697653500000,2023-10-18T18:25:00Z,0.000000181,0.0000001811,0.000000181,0.0000001811,459628917,83.2387968687
1697653800000,2023-10-18T18:30:00Z,0.0000001811,0.0000001821,0.0000001811,0.000000182,2765554213.1,502.02494876599
1697654100000,2023-10-18T18:35:00Z,0.000000182,0.0000001827,0.0000001812,0.0000001827,3871954396.6,704.51001381402
1697654400000,2023-10-18T18:40:00Z,0.0000001827,0.0000001839,0.0000001822,0.0000001831,4729907059.5,866.38934751925
1697654700000,2023-10-18T18:45:00Z,0.0000001831,0.0000001831,0.0000001816,0.0000001816,3455097844,629.93481099768
1697655000000,2023-10-18T18:50:00Z,0.0000001816,0.0000001826,0.0000001816,0.0000001824,2101967211.6,383.03563731956
1697655300000,2023-10-18T18:55:00Z,0.0000001824,0.0000001828,0.0000001819,0.0000001821,2205099603.6,401.82078802324
1697655600000,2023-10-18T19:00:00Z,0.0000001821,0.0000001822,0.0000001817,0.0000001817,3013251346,548.2562984085
1697655900000,2023-10-18T19:05:00Z,0.0000001817,0.0000001822,0.0000001817,0.0000001822,2271081815,413.0305409108
1697656200000,2023-10-18T19:10:00Z,0.0000001822,0.0000001822,0.0000001819,0.0000001819,1309478847,238.3518348387
1697656500000,2023-10-18T19:15:00Z,0.0000001819,0.0000001831,0.0000001819,0.0000001831,3450101950,629.5279695349
1697656800000,2023-10-18T19:20:00Z,0.0000001831,0.0000001831,0.0000001822,0.0000001829,2667153094.4,486.92658448935
1697657100000,2023-10-18T19:25:00Z,0.0000001829,0.000000183,0.0000001825,0.0000001829,3402118205,622.0470209707
1697657400000,2023-10-18T19:30:00Z,0.0000001829,0.0000001829,0.0000001826,0.0000001826,3965920624,724.5912814442
1697657700000,2023-10-18T19:35:00Z,0.0000001826,0.0000001833,0.0000001826,0.0000001833,1297464362.3,237.30634845601
1697658000000,2023-10-18T19:40:00Z,0.0000001833,0.0000001834,0.0000001829,0.0000001833,3682474615.4,674.57544231656
1697658300000,2023-10-18T19:45:00Z,0.0000001833,0.0000001841,0.000000183,0.0000001835,5516258901.5,1011.85515798818
1697658600000,2023-10-18T19:50:00Z,0.0000001835,0.000000184,0.0000001832,0.000000184,2912594864.2,535.0816836831
1697658900000,2023-10-18T19:55:00Z,0.000000184,0.000000184,0.0000001834,0.0000001836,1877590070,345.0998106491
1697659200000,2023-10-18T20:00:00Z,0.0000001836,0.0000001836,0.0000001832,0.0000001836,4125825441.5,756.98634396065
1697659500000,2023-10-18T20:05:00Z,0.0000001836,0.0000001844,0.0000001835,0.0000001842,4910889506,902.73644917461
1697659800000,2023-10-18T20:10:00Z,0.0000001842,0.0000001842,0.0000001831,0.000000184,5224819348,959.17870027016
1697660100000,2023-10-18T20:15:00Z,0.000000184,0.0000001843,0.0000001831,0.0000001831,3343985480,614.4956125201
1697660400000,2023-10-18T20:20:00Z,0.0000001831,0.0000001844,0.0000001831,0.0000001844,3862951166.1,710.45687534874
1697660700000,2023-10-18T20:25:00Z,0.0000001844,0.0000001844,0.0000001835,0.0000001843,4101830020,755.0181186
1697661000000,2023-10-18T20:30:00Z,0.0000001843,0.0000001844,0.0000001827,0.0000001831,3211513027,589.3284266128
1697661300000,2023-10-18T20:35:00Z,0.0000001831,0.0000001831,0.0000001822,0.0000001828,3377587613.8,617.02190810377
1697661600000,2023-10-18T20:40:00Z,0.0000001828,0.0000001829,0.0000001823,0.0000001829,3098169340,565.9148586315
1697661900000,2023-10-18T20:45:00Z,0.0000001829,0.000000183,0.0000001824,0.000000183,3412699929,623.8331062952
1697662200000,2023-10-18T20:50:00Z,0.000000183,0.000000183,0.0000001824,0.000000183,4809492568.3,878.76218001261
1697662500000,2023-10-18T20:55:00Z,0.000000183,0.000000183,0.0000001827,0.000000183,7052169710,1290.1100993317
1697662800000,2023-10-18T21:00:00Z,0.000000183,0.000000183,0.0000001827,0.0000001829,2796364590,511.2713231383
1697663100000,2023-10-18T21:05:00Z,0.0000001829,0.0000001831,0.0000001826,0.000000183,1777875115,325.27749454854
1697663400000,2023-10-18T21:10:00Z,0.000000183,0.0000001834,0.000000183,0.0000001834,1079117742.6,197.78029341886
1697663700000,2023-10-18T21:15:00Z,0.0000001834,0.0000001834,0.0000001831,0.0000001831,2794686314,512.1286478437
1697664000000,2023-10-18T21:20:00Z,0.0000001831,0.0000001845,0.0000001831,0.000000184,1722180263.4,315.9342052477
1697664300000,2023-10-18T21:25:00Z,0.000000184,0.0000001849,0.000000184,0.0000001841,1060975582,195.603716312
1697664600000,2023-10-18T21:30:00Z,0.0000001841,0.0000001848,0.0000001841,0.0000001842,3121096556.4,576.18103737776
1697664900000,2023-10-18T21:35:00Z,0.0000001842,0.0000001847,0.000000184,0.0000001846,3697219877.3,681.2140296564
1697665200000,2023-10-18T21:40:00Z,0.0000001846,0.0000001848,0.0000001841,0.0000001844,1519725261.6,280.67737975612
1697665500000,2023-10-18T21:45:00Z,0.0000001844,0.0000001848,0.0000001843,0.0000001844,4268006987.8,787.86453009328
1697665800000,2023-10-18T21:50:00Z,0.0000001844,0.0000001847,0.0000001843,0.0000001844,2381773566.7,439.45313348781
1697666100000,2023-10-18T21:55:00Z,0.0000001844,0.0000001851,0.0000001844,0.0000001851,2131873275,394.06935783146
1697666400000,2023-10-18T22:00:00Z,0.0000001851,0.0000001851,0.0000001841,0.0000001843,3324240151,613.44057273796
1697666700000,2023-10-18T22:05:00Z,0.0000001843,0.0000001852,0.0000001843,0.0000001845,2509639621,463.7998737649
1697667000000,2023-10-18T22:10:00Z,0.0000001845,0.0000001858,0.0000001845,0.0000001847,4440005212,820.72577639259
1697667300000,2023-10-18T22:15:00Z,0.0000001847,0.0000001854,0.0000001843,0.0000001848,4177800202,772.41628362553
1697667600000,2023-10-18T22:20:00Z,0.0000001848,0.0000001854,0.0000001843,0.000000185,4622891581.1,854.54920033753
1697667900000,2023-10-18T22:25:00Z,0.000000185,0.0000001856,0.0000001844,0.0000001849,2305023924,426.25956954098
1697668200000,2023-10-18T22:30:00Z,0.0000001849,0.0000001856,0.0000001849,0.0000001856,2431014339,450.2062257954
1697668500000,2023-10-18T22:35:00Z,0.0000001856,0.000000186,0.0000001849,0.000000186,799662911,148.19676401475
1697668800000,2023-10-18T22:40:00Z,0.000000186,0.000000186,0.0000001848,0.0000001852,2084099942.8,385.98934153585
1697669100000,2023-10-18T22:45:00Z,0.0000001852,0.0000001858,0.0000001851,0.0000001851,2605201697,482.7477457163
1697669400000,2023-10-18T22:50:00Z,0.0000001851,0.0000001858,0.0000001851,0.0000001854,3384254197,627.0492949846
1697669700000,2023-10-18T22:55:00Z,0.0000001854,0.0000001858,0.0000001847,0.0000001847,2524468247.2,467.6562068385
1697670000000,2023-10-18T23:00:00Z,0.0000001847,0.0000001847,0.0000001843,0.0000001843,1410080973.5,260.1632153772
1697670300000,2023-10-18T23:05:00Z,0.0000001843,0.0000001843,0.0000001839,0.000000184,2322868464,427.591085048
1697670600000,2023-10-18T23:10:00Z,0.000000184,0.0000001863,0.000000184,0.0000001863,793493794.5,147.00831826265
1697670900000,2023-10-18T23:15:00Z,0.0000001863,0.0000001863,0.0000001839,0.0000001842,2456499237.6,452.82433337358
1697671200000,2023-10-18T23:20:00Z,0.0000001842,0.0000001842,0.0000001839,0.0000001839,1201562219,221.0351189337
1697671500000,2023-10-18T23:25:00Z,0.0000001839,0.0000001842,0.0000001839,0.0000001842,745177523,137.2265236268
1697671800000,2023-10-18T23:30:00Z,0.0000001842,0.0000001843,0.0000001839,0.000000184,821669237,151.2593398484
1697672100000,2023-10-18T23:35:00Z,0.000000184,0.000000184,0.0000001839,0.0000001839,1187769546,218.4377470955
1697672400000,2023-10-18T23:40:00Z,0.0000001839,0.000000184,0.0000001838,0.0000001838,1575254063.2,289.70691774666
1697672700000,2023-10-18T23:45:00Z,0.0000001838,0.0000001841,0.0000001831,0.0000001831,2350649947.8,431.5735504691
1697673000000,2023-10-18T23:50:00Z,0.0000001831,0.0000001834,0.000000183,0.000000183,1354371426.1,248.04960683573
1697673300000,2023-10-18T23:55:00Z,0.000000183,0.0000001832,0.000000183,0.0000001831,2877028926,526.8731214164
1697673600000,2023-10-19T00:00:00Z,0.0000001831,0.0000001831,0.0000001829,0.0000001829,1300499194,237.8613025827
1697673900000,2023-10-19T00:05:00Z,0.0000001829,0.000000183,0.0000001829,0.0000001829,554978353,101.5139720738
1697674200000,2023-10-19T00:10:00Z,0.0000001829,0.0000001839,0.0000001818,0.0000001837,1022603992.8,187.48254411399
1697674500000,2023-10-19T00:15:00Z,0.0000001837,0.000000184,0.0000001829,0.0000001837,4475747650,820.32723863164
1697674800000,2023-10-19T00:20:00Z,0.0000001837,0.0000001844,0.0000001832,0.0000001832,1272330188.6,234.13891971342
1697675100000,2023-10-19T00:25:00Z,0.0000001832,0.0000001833,0.000000183,0.000000183,547744092.4,100.30605984072
1697675400000,2023-10-19T00:30:00Z,0.000000183,0.0000001832,0.000000183,0.0000001831,1452316337.8,265.94236693476
1697675700000,2023-10-19T00:35:00Z,0.0000001831,0.0000001831,0.0000001821,0.0000001823,3323092154.9,606.48811884011
1697676000000,2023-10-19T00:40:00Z,0.0000001823,0.0000001828,0.0000001822,0.0000001822,2467514293,449.8838338085
1697676300000,2023-10-19T00:45:00Z,0.0000001822,0.0000001828,0.0000001822,0.0000001828,1247059725.4,227.6674554138
1697676600000,2023-10-19T00:50:00Z,0.0000001828,0.0000001828,0.0000001823,0.0000001828,844043619,154.0315572837
1697676900000,2023-10-19T00:55:00Z,0.0000001828,0.0000001828,0.0000001822,0.0000001826,2975645627,542.6863595011
1697677200000,2023-10-19T01:00:00Z,0.0000001826,0.0000001826,0.0000001822,0.0000001822,2425331542.7,442.15992663941
1697677500000,2023-10-19T01:05:00Z,0.0000001822,0.0000001822,0.0000001821,0.0000001821,526313570,95.841701097
1697677800000,2023-10-19T01:10:00Z,0.0000001821,0.0000001827,0.0000001821,0.0000001821,1226279675,223.87754284591
1697678100000,2023-10-19T01:15:00Z,0.0000001821,0.0000001825,0.0000001819,0.0000001821,2418868617.3,440.26420721135
1697678400000,2023-10-19T01:20:00Z,0.0000001821,0.0000001822,0.0000001821,0.0000001822,405654615.9,73.8847407979
1697678700000,2023-10-19T01:25:00Z,0.0000001822,0.0000001826,0.0000001822,0.0000001826,220366951,40.1836913406
1697679000000,2023-10-19T01:30:00Z,0.0000001826,0.0000001826,0.000000182,0.0000001825,1286067218,234.6870540102
1697679300000,2023-10-19T01:35:00Z,0.0000001825,0.0000001825,0.0000001821,0.0000001821,258720577,47.1130170717
1697679600000,2023-10-19T01:40:00Z,0.0000001821,0.0000001821,0.0000001809,0.0000001809,786758112.6,143.08096621271
1697679900000,2023-10-19T01:45:00Z,0.0000001809,0.0000001811,0.0000001808,0.0000001811,980685565,177.4921763489
1697680200000,2023-10-19T01:50:00Z,0.0000001811,0.0000001812,0.0000001803,0.0000001806,5110068826.2,923.56938132886
1697680500000,2023-10-19T01:55:00Z,0.0000001806,0.0000001816,0.0000001806,0.0000001816,1821774783,330.0682378504
1697680800000,2023-10-19T02:00:00Z,0.0000001816,0.0000001817,0.0000001816,0.0000001817,630311601,114.47846385147
1697681100000,2023-10-19T02:05:00Z,0.0000001817,0.0000001817,0.0000001817,0.0000001817,0,0
1697681400000,2023-10-19T02:10:00Z,0.0000001817,0.0000001817,0.0000001816,0.0000001816,70515941,12.8056948856
1697681700000,2023-10-19T02:15:00Z,0.0000001816,0.0000001816,0.0000001805,0.0000001808,3181055262,574.48480224624
1697682000000,2023-10-19T02:20:00Z,0.0000001808,0.0000001815,0.0000001808,0.0000001815,91564883,16.6190262645
1697682300000,2023-10-19T02:25:00Z,0.0000001815,0.0000001815,0.0000001807,0.0000001807,741661876,134.1377668596
1697682600000,2023-10-19T02:30:00Z,0.0000001807,0.000000181,0.0000001807,0.000000181,531354986,96.0796457678
1697682900000,2023-10-19T02:35:00Z,0.000000181,0.000000181,0.000000181,0.000000181,765817810,138.61302361
1697683200000,2023-10-19T02:40:00Z,0.000000181,0.0000001816,0.000000181,0.0000001811,562000390.7,101.77958506394
1697683500000,2023-10-19T02:45:00Z,0.0000001811,0.0000001811,0.0000001811,0.0000001811,383082161,69.3761793571
1697683800000,2023-10-19T02:50:00Z,0.0000001811,0.0000001811,0.0000001811,0.0000001811,0,0
1697684100000,2023-10-19T02:55:00Z,0.0000001811,0.0000001811,0.000000181,0.000000181,62477393,11.3096493953
1697684400000,2023-10-19T03:00:00Z,0.000000181,0.000000181,0.000000181,0.000000181,0,0
1697684700000,2023-10-19T03:05:00Z,0.000000181,0.000000181,0.000000181,0.000000181,0,0
1697685000000,2023-10-19T03:10:00Z,0.000000181,0.000000181,0.000000181,0.000000181,0,0
1697685300000,2023-10-19T03:15:00Z,0.000000181,0.0000001813,0.000000181,0.0000001813,296573686,53.7688092718
1697685600000,2023-10-19T03:20:00Z,0.0000001813,0.0000001813,0.0000001813,0.0000001813,416459277.4,75.50406699262
1697685900000,2023-10-19T03:25:00Z,0.0000001813,0.0000001815,0.000000181,0.000000181,714124758.7,129.5457586242
1697686200000,2023-10-19T03:30:00Z,0.000000181,0.000000181,0.0000001799,0.0000001805,4623685449,832.93184362511
1697686500000,2023-10-19T03:35:00Z,0.0000001805,0.0000001806,0.0000001805,0.0000001806,119997096,21.6714755376
1697686800000,2023-10-19T03:40:00Z,0.0000001806,0.0000001806,0.0000001806,0.0000001806,18384820,3.320298492
1697687100000,2023-10-19T03:45:00Z,0.0000001806,0.0000001806,0.00000018,0.00000018,830868017,149.55624306
1697687400000,2023-10-19T03:50:00Z,0.00000018,0.00000018,0.00000018,0.00000018,0,0
1697687700000,2023-10-19T03:55:00Z,0.00000018,0.0000001801,0.0000001797,0.0000001797,958011310,172.2589617262
1697688000000,2023-10-19T04:00:00Z,0.0000001797,0.0000001807,0.0000001797,0.0000001807,1417195485,255.60944915037
1697688300000,2023-10-19T04:05:00Z,0.0000001807,0.0000001807,0.00000018,0.00000018,90782455,16.3495529366
1697688600000,2023-10-19T04:10:00Z,0.00000018,0.0000001801,0.00000018,0.0000001801,559912610,100.840261061
1697688900000,2023-10-19T04:15:00Z,0.0000001801,0.0000001804,0.0000001795,0.0000001804,466669820,83.8779147959
1697689200000,2023-10-19T04:20:00Z,0.0000001804,0.0000001804,0.0000001803,0.0000001803,703730,0.126882519
1697689500000,2023-10-19T04:25:00Z,0.0000001803,0.0000001803,0.0000001797,0.0000001797,948362586,170.515265765
1697689800000,2023-10-19T04:30:00Z,0.0000001797,0.0000001798,0.0000001797,0.0000001798,498506590,89.6075215862
1697690100000,2023-10-19T04:35:00Z,0.0000001798,0.00000018,0.0000001797,0.00000018,893058965,160.6870000711
1697690400000,2023-10-19T04:40:00Z,0.00000018,0.00000018,0.00000018,0.00000018,0,0
1697690700000,2023-10-19T04:45:00Z,0.00000018,0.00000018,0.00000018,0.00000018,0,0
1697691000000,2023-10-19T04:50:00Z,0.00000018,0.00000018,0.00000018,0.00000018,0,0
1697691300000,2023-10-19T04:55:00Z,0.00000018,0.00000018,0.00000018,0.00000018,0,0
1697691600000,2023-10-19T05:00:00Z,0.00000018,0.00000018,0.00000018,0.00000018,0,0
1697691900000,2023-10-19T05:05:00Z,0.00000018,0.00000018,0.00000018,0.00000018,0,0
1697692200000,2023-10-19T05:10:00Z,0.00000018,0.00000018,0.0000001795,0.0000001795,163226236.8,29.3758709991
1697692500000,2023-10-19T05:15:00Z,0.0000001795,0.00000018,0.0000001795,0.00000018,1499222185,269.6745738018
1697692800000,2023-10-19T05:20:00Z,0.00000018,0.00000018,0.0000001798,0.00000018,1671743576,300.7652721256
1697693100000,2023-10-19T05:25:00Z,0.00000018,0.00000018,0.0000001798,0.0000001798,1077329797.3,193.70389755454
1697693400000,2023-10-19T05:30:00Z,0.0000001798,0.0000001798,0.0000001798,0.0000001798,0,0
1697693700000,2023-10-19T05:35:00Z,0.0000001798,0.0000001798,0.0000001798,0.0000001798,0,0
1697694000000,2023-10-19T05:40:00Z,0.0000001798,0.0000001799,0.0000001798,0.0000001799,671281513.4,120.74674253532
1697694300000,2023-10-19T05:45:00Z,0.0000001799,0.00000018,0.0000001799,0.0000001799,963390603,173.3445981273
1697694600000,2023-10-19T05:50:00Z,0.0000001799,0.0000001806,0.0000001798,0.0000001806,4508593928,813.2636301287
1697694900000,2023-10-19T05:55:00Z,0.0000001806,0.000000181,0.0000001798,0.000000181,1981831073,357.2092733105
1697695200000,2023-10-19T06:00:00Z,0.000000181,0.0000001812,0.0000001805,0.0000001805,1526310743,275.9173657423
1697695500000,2023-10-19T06:05:00Z,0.0000001805,0.0000001807,0.0000001805,0.0000001807,703976395,127.2085345765
1697695800000,2023-10-19T06:10:00Z,0.0000001807,0.0000001814,0.0000001807,0.0000001812,2537255195.1,459.72685159091
1697696100000,2023-10-19T06:15:00Z,0.0000001812,0.0000001819,0.0000001806,0.0000001811,594416542.4,107.53325083486
1697696400000,2023-10-19T06:20:00Z,0.0000001811,0.0000001811,0.0000001804,0.0000001808,2868254078,517.9634757528
1697696700000,2023-10-19T06:25:00Z,0.0000001808,0.0000001808,0.0000001804,0.0000001805,3405981860.2,615.04584261956
1697697000000,2023-10-19T06:30:00Z,0.0000001805,0.0000001814,0.0000001801,0.0000001814,1119786186.1,202.52805147198
1697697300000,2023-10-19T06:35:00Z,0.0000001814,0.0000001825,0.000000181,0.000000181,2462743257.7,448.17012305348
1697697600000,2023-10-19T06:40:00Z,0.000000181,0.0000001815,0.000000181,0.0000001813,166999333.8,30.29334740264
1697697900000,2023-10-19T06:45:00Z,0.0000001813,0.0000001813,0.0000001805,0.0000001808,1236259124,223.1897195254
1697698200000,2023-10-19T06:50:00Z,0.0000001808,0.0000001811,0.0000001807,0.0000001811,1584897972.1,286.88424276927
1697698500000,2023-10-19T06:55:00Z,0.0000001811,0.0000001811,0.0000001808,0.0000001811,1131139085,204.6506167663
1697698800000,2023-10-19T07:00:00Z,0.0000001811,0.0000001811,0.0000001811,0.0000001811,1106650057,200.4143253227
1697699100000,2023-10-19T07:05:00Z,0.0000001811,0.0000001811,0.0000001809,0.0000001809,650124199,117.6552203559
1697699400000,2023-10-19T07:10:00Z,0.0000001809,0.000000181,0.0000001809,0.0000001809,1149954535,208.0431843181
1697699700000,2023-10-19T07:15:00Z,0.0000001809,0.0000001809,0.0000001809,0.0000001809,0,0
1697700000000,2023-10-19T07:20:00Z,0.0000001809,0.000000181,0.0000001809,0.000000181,318305140,57.61323034
1697700300000,2023-10-19T07:25:00Z,0.000000181,0.000000181,0.0000001809,0.0000001809,27639579.8,4.99999998582
1697700600000,2023-10-19T07:30:00Z,0.0000001809,0.0000001811,0.0000001808,0.0000001811,329528380,59.6639142503
1697700900000,2023-10-19T07:35:00Z,0.0000001811,0.000000182,0.0000001811,0.000000182,1361381076.3,246.88120073539
1697701200000,2023-10-19T07:40:00Z,0.000000182,0.000000182,0.0000001808,0.0000001808,1234534653,223.6993428771
1697701500000,2023-10-19T07:45:00Z,0.0000001808,0.0000001822,0.0000001808,0.0000001814,3192335643,579.41785886522
1697701800000,2023-10-19T07:50:00Z,0.0000001814,0.0000001825,0.0000001811,0.0000001825,1430451728.2,260.1440815668
1697702100000,2023-10-19T07:55:00Z,0.0000001825,0.0000001828,0.0000001803,0.0000001814,2066396566.7,374.6442186762
1697702400000,2023-10-19T08:00:00Z,0.0000001814,0.0000001815,0.0000001807,0.0000001815,2483955948,450.1612674885
1697702700000,2023-10-19T08:05:00Z,0.0000001815,0.0000001815,0.0000001807,0.0000001811,1579129634.2,286.00710029736
1697703000000,2023-10-19T08:10:00Z,0.0000001811,0.0000001811,0.0000001804,0.0000001804,1613354888,291.667301957
1697703300000,2023-10-19T08:15:00Z,0.0000001804,0.0000001804,0.0000001801,0.0000001801,1131459785,203.7897377873
1697703600000,2023-10-19T08:20:00Z,0.0000001801,0.0000001808,0.0000001801,0.0000001807,798599857,144.069856389
1697703900000,2023-10-19T08:25:00Z,0.0000001807,0.0000001807,0.0000001802,0.0000001804,1625017550.4,293.11565597774
1697704200000,2023-10-19T08:30:00Z,0.0000001804,0.0000001805,0.0000001801,0.0000001801,1217014979,219.5256699882
1697704500000,2023-10-19T08:35:00Z,0.0000001801,0.0000001804,0.0000001801,0.0000001804,1379689890,248.5305204081
1697704800000,2023-10-19T08:40:00Z,0.0000001804,0.0000001808,0.0000001801,0.0000001808,1051623811.3,189.88535957173
1697705100000,2023-10-19T08:45:00Z,0.0000001808,0.0000001808,0.0000001804,0.0000001807,1658607560.8,299.67509747644
1697705400000,2023-10-19T08:50:00Z,0.0000001807,0.0000001808,0.0000001802,0.0000001807,3645294110,658.2122481647
1697705700000,2023-10-19T08:55:00Z,0.0000001807,0.0000001811,0.0000001807,0.0000001811,2040197488,368.9998348967
1697706000000,2023-10-19T09:00:00Z,0.0000001811,0.0000001811,0.0000001808,0.0000001808,3659076012,661.8825583268
1697706300000,2023-10-19T09:05:00Z,0.0000001808,0.0000001809,0.00000018,0.0000001808,3942953315.5,712.70111362375
1697706600000,2023-10-19T09:10:00Z,0.0000001808,0.0000001809,0.0000001805,0.0000001808,2602091356,470.3841331874
1697706900000,2023-10-19T09:15:00Z,0.0000001808,0.0000001809,0.0000001806,0.0000001806,2910947186,525.9696783661
1697707200000,2023-10-19T09:20:00Z,0.0000001806,0.0000001815,0.0000001806,0.0000001808,2480073849,449.3485256463
1697707500000,2023-10-19T09:25:00Z,0.0000001808,0.0000001835,0.0000001807,0.0000001807,1888645623.4,345.17371444651
1697707800000,2023-10-19T09:30:00Z,0.0000001807,0.0000001823,0.0000001807,0.0000001816,2898468435,526.3046709999
1697708100000,2023-10-19T09:35:00Z,0.0000001816,0.0000001823,0.0000001813,0.0000001817,3446441789.5,626.04732096145
1697708400000,2023-10-19T09:40:00Z,0.0000001817,0.0000001821,0.0000001814,0.0000001814,3576063654,649.7146546506
1697708700000,2023-10-19T09:45:00Z,0.0000001814,0.0000001817,0.0000001808,0.0000001808,2137935704,387.8834908011
1697709000000,2023-10-19T09:50:00Z,0.0000001808,0.0000001818,0.0000001808,0.0000001816,1474227775.8,266.97785393018
1697709300000,2023-10-19T09:55:00Z,0.0000001816,0.0000001817,0.0000001812,0.0000001814,2279886272,413.6004212306
1697709600000,2023-10-19T10:00:00Z,0.0000001814,0.0000001815,0.0000001812,0.0000001813,5774119242,1047.073359676
1697709900000,2023-10-19T10:05:00Z,0.0000001813,0.0000001817,0.0000001813,0.0000001813,4907381013,890.3249244658
1697710200000,2023-10-19T10:10:00Z,0.0000001813,0.0000001815,0.0000001813,0.0000001815,1932385421,350.6514881819
1697710500000,2023-10-19T10:15:00Z,0.0000001815,0.0000001815,0.0000001808,0.0000001812,4697875141.9,850.863291558
1697710800000,2023-10-19T10:20:00Z,0.0000001812,0.0000001812,0.0000001797,0.0000001798,5224495140,941.49659900015
1697711100000,2023-10-19T10:25:00Z,0.0000001798,0.0000001805,0.0000001796,0.0000001799,3718611510.2,669.1725648593
1697711400000,2023-10-19T10:30:00Z,0.0000001799,0.0000001805,0.0000001798,0.0000001803,5175496000,933.0346448592
1697711700000,2023-10-19T10:35:00Z,0.0000001803,0.0000001804,0.0000001801,0.0000001803,5095653476.9,918.57006344969
1697712000000,2023-10-19T10:40:00Z,0.0000001803,0.0000001807,0.0000001803,0.0000001807,3513343735,633.7061742812
1697712300000,2023-10-19T10:45:00Z,0.0000001807,0.0000001807,0.0000001801,0.0000001804,3240688997,584.3948763652
1697712600000,2023-10-19T10:50:00Z,0.0000001804,0.0000001806,0.0000001801,0.0000001805,4713897080,850.2924903351
1697712900000,2023-10-19T10:55:00Z,0.0000001805,0.0000001809,0.0000001805,0.0000001805,2843888128,513.5420975884
1697713200000,2023-10-19T11:00:00Z,0.0000001805,0.0000001808,0.0000001803,0.0000001804,8296881736.1,1498.52444898115
1697713500000,2023-10-19T11:05:00Z,0.0000001804,0.0000001807,0.0000001804,0.0000001804,3877465912,700.0119990944
1697713800000,2023-10-19T11:10:00Z,0.0000001804,0.0000001806,0.0000001798,0.0000001804,5039914537.6,908.90324289498
1697714100000,2023-10-19T11:15:00Z,0.0000001804,0.0000001806,0.0000001798,0.0000001803,5501682509,991.9475066218
1697714400000,2023-10-19T11:20:00Z,0.0000001803,0.0000001806,0.0000001801,0.0000001801,5457537277,984.5506512694
1697714700000,2023-10-19T11:25:00Z,0.0000001801,0.0000001805,0.0000001796,0.0000001798,9091332106.5,1635.11056504995
1697715000000,2023-10-19T11:30:00Z,0.0000001798,0.0000001799,0.0000001795,0.0000001798,17382097094.8,3125.96495057159
1697715300000,2023-10-19T11:35:00Z,0.0000001798,0.0000001799,0.0000001795,0.0000001798,7522322098.2,1352.02163790076
1697715600000,2023-10-19T11:40:00Z,0.0000001798,0.0000001798,0.0000001796,0.0000001797,5881970959,1056.8669039511
1697715900000,2023-10-19T11:45:00Z,0.0000001797,0.0000001799,0.0000001796,0.0000001797,3826646278.5,687.46690280435
1697716200000,2023-10-19T11:50:00Z,0.0000001797,0.0000001799,0.0000001794,0.0000001797,5385779280.1,967.74965972719
1697716500000,2023-10-19T11:55:00Z,0.0000001797,0.0000001798,0.0000001797,0.0000001798,574603808,103.3137646784
1697716800000,2023-10-19T12:00:00Z,0.0000001798,0.0000001798,0.0000001798,0.0000001798,0,0
1697717100000,2023-10-19T12:05:00Z,0.0000001798,0.0000001798,0.0000001798,0.0000001798,0,0
1697717400000,2023-10-19T12:10:00Z,0.0000001798,0.0000001798,0.0000001798,0.0000001798,0,0
1697717700000,2023-10-19T12:15:00Z,0.0000001798,0.0000001803,0.0000001792,0.0000001801,7532062695.4,1351.20875402577
1697718000000,2023-10-19T12:20:00Z,0.0000001801,0.0000001805,0.0000001798,0.0000001804,5454900812.5,983.3281116253
1697718300000,2023-10-19T12:25:00Z,0.0000001804,0.0000001806,0.0000001797,0.00000018,2643177515.5,476.0486978567
1697718600000,2023-10-19T12:30:00Z,0.00000018,0.0000001803,0.0000001797,0.0000001801,2822907129,507.9867529548
1697718900000,2023-10-19T12:35:00Z,0.0000001801,0.0000001803,0.0000001801,0.0000001803,577555261.1,104.13321357633
1697719200000,2023-10-19T12:40:00Z,0.0000001803,0.0000001803,0.0000001803,0.0000001803,641862971,115.7278936713
1697719500000,2023-10-19T12:45:00Z,0.0000001803,0.0000001805,0.0000001799,0.00000018,3311001701.5,596.96016864901
1697719800000,2023-10-19T12:50:00Z,0.00000018,0.0000001805,0.00000018,0.0000001804,3554949105,640.7109648125
1697720100000,2023-10-19T12:55:00Z,0.0000001804,0.0000001804,0.0000001801,0.0000001804,2612284121,470.9918786879
1697720400000,2023-10-19T13:00:00Z,0.0000001804,0.0000001804,0.0000001797,0.0000001797,4561462379,820.6815762178
1697720700000,2023-10-19T13:05:00Z,0.0000001797,0.0000001804,0.0000001797,0.0000001803,3067293675.1,552.68690627628
1697721000000,2023-10-19T13:10:00Z,0.0000001803,0.0000001804,0.0000001799,0.0000001804,3375380558,608.2654092038
1697721300000,2023-10-19T13:15:00Z,0.0000001804,0.0000001812,0.0000001801,0.0000001807,3734058432,674.79414139274
1697721600000,2023-10-19T13:20:00Z,0.0000001807,0.0000001809,0.0000001807,0.0000001809,1452060056,262.6235466253
1697721900000,2023-10-19T13:25:00Z,0.0000001809,0.000000181,0.0000001809,0.0000001809,4252906473,769.4353930874
1697722200000,2023-10-19T13:30:00Z,0.0000001809,0.0000001812,0.00000018,0.0000001805,2382965739.1,429.90325978922
1697722500000,2023-10-19T13:35:00Z,0.0000001805,0.0000001811,0.0000001803,0.0000001808,2922614419,528.1221258779
1697722800000,2023-10-19T13:40:00Z,0.0000001808,0.000000181,0.0000001802,0.0000001804,5535233072,999.0655215072
1697723100000,2023-10-19T13:45:00Z,0.0000001804,0.0000001806,0.0000001799,0.0000001804,3206808298,578.1075041059
1697723400000,2023-10-19T13:50:00Z,0.0000001804,0.0000001809,0.00000018,0.0000001809,2007055119.4,362.0574929817
1697723700000,2023-10-19T13:55:00Z,0.0000001809,0.0000001812,0.0000001809,0.0000001811,1098561158,198.9747752959
1697724000000,2023-10-19T14:00:00Z,0.0000001811,0.0000001811,0.0000001805,0.0000001809,4789590449,866.2424967342
1697724300000,2023-10-19T14:05:00Z,0.0000001809,0.000000181,0.0000001805,0.0000001805,3431064856,619.9265950965
1697724600000,2023-10-19T14:10:00Z,0.0000001805,0.0000001807,0.0000001805,0.0000001805,1870649337,337.89002959355
1697724900000,2023-10-19T14:15:00Z,0.0000001805,0.0000001807,0.0000001805,0.0000001805,2838658562,512.77600108
1697725200000,2023-10-19T14:20:00Z,0.0000001805,0.0000001807,0.0000001805,0.0000001806,3280779367,592.6365519577
1697725500000,2023-10-19T14:25:00Z,0.0000001806,0.0000001807,0.0000001804,0.0000001807,2596383621,468.7239727395
1697725800000,2023-10-19T14:30:00Z,0.0000001807,0.0000001807,0.00000018,0.0000001803,4772081937,860.5065213646
1697726100000,2023-10-19T14:35:00Z,0.0000001803,0.0000001807,0.00000018,0.0000001807,3848211647,694.5784913071
1697726400000,2023-10-19T14:40:00Z,0.0000001807,0.0000001807,0.0000001796,0.0000001798,2786427413,500.9591847266
1697726700000,2023-10-19T14:45:00Z,0.0000001798,0.0000001803,0.0000001795,0.0000001796,2306915685.4,414.8334275999
1697727000000,2023-10-19T14:50:00Z,0.0000001796,0.0000001805,0.0000001796,0.0000001798,3702078814,666.5911757637
1697727300000,2023-10-19T14:55:00Z,0.0000001798,0.0000001811,0.0000001798,0.0000001799,3109710078.1,562.04991213152
1697727600000,2023-10-19T15:00:00Z,0.0000001799,0.0000001807,0.0000001799,0.0000001807,2824425483,509.9083693717
1697727900000,2023-10-19T15:05:00Z,0.0000001807,0.0000001807,0.0000001801,0.0000001801,773514993,139.3229781963
1697728200000,2023-10-19T15:10:00Z,0.0000001801,0.0000001809,0.00000018,0.0000001809,1593390168,287.584023221
1697728500000,2023-10-19T15:15:00Z,0.0000001809,0.0000001809,0.0000001797,0.0000001803,6994906359,1258.782836428
1697728800000,2023-10-19T15:20:00Z,0.0000001803,0.0000001805,0.0000001787,0.0000001788,6451059789.9,1156.63299338184
1697729100000,2023-10-19T15:25:00Z,0.0000001788,0.0000001801,0.0000001788,0.0000001801,2155758257.2,387.76513169746
1697729400000,2023-10-19T15:30:00Z,0.0000001801,0.0000001801,0.0000001799,0.0000001799,2456974554.8,442.28158096366
1697729700000,2023-10-19T15:35:00Z,0.0000001799,0.0000001801,0.0000001791,0.0000001794,2323995173.8,417.36136823495
1697730000000,2023-10-19T15:40:00Z,0.0000001794,0.0000001799,0.0000001794,0.0000001794,718131573,129.0939231407
1697730300000,2023-10-19T15:45:00Z,0.0000001794,0.00000018,0.0000001794,0.0000001797,1718562168,309.0753246345
1697730600000,2023-10-19T15:50:00Z,0.0000001797,0.0000001798,0.0000001795,0.0000001797,2475127978.7,444.65678808636
1697730900000,2023-10-19T15:55:00Z,0.0000001797,0.0000001797,0.0000001797,0.0000001797,922790165,165.8253926505
1697731200000,2023-10-19T16:00:00Z,0.0000001797,0.0000001803,0.0000001797,0.0000001799,3637446678.4,654.642400458
1697731500000,2023-10-19T16:05:00Z,0.0000001799,0.0000001802,0.0000001797,0.0000001801,3393072523.1,610.57350889763
1697731800000,2023-10-19T16:10:00Z,0.0000001801,0.0000001801,0.0000001798,0.0000001799,2736898448,492.3922411943
1697732100000,2023-10-19T16:15:00Z,0.0000001799,0.0000001806,0.0000001798,0.0000001799,2186638527,393.7274385183
1697732400000,2023-10-19T16:20:00Z,0.0000001799,0.0000001805,0.0000001795,0.0000001796,5563122167.6,1001.48937512998
1697732700000,2023-10-19T16:25:00Z,0.0000001796,0.00000018,0.0000001794,0.0000001796,2926715092.1,525.93418299455
1697733000000,2023-10-19T16:30:00Z,0.0000001796,0.0000001802,0.0000001794,0.0000001795,4302792090,773.2616694175
1697733300000,2023-10-19T16:35:00Z,0.0000001795,0.0000001803,0.0000001793,0.0000001798,3082929863,553.8006672153
1697733600000,2023-10-19T16:40:00Z,0.0000001798,0.0000001803,0.0000001794,0.0000001803,445139831,80.1133399511
1697733900000,2023-10-19T16:45:00Z,0.0000001803,0.0000001804,0.000000177,0.0000001772,4964577952.4,886.65596000664
1697734200000,2023-10-19T16:50:00Z,0.0000001772,0.0000001783,0.0000001772,0.0000001774,4210470611,748.7437793091
1697734500000,2023-10-19T16:55:00Z,0.0000001774,0.000000178,0.000000177,0.000000178,4486015959,796.856878264
1697734800000,2023-10-19T17:00:00Z,0.000000178,0.000000178,0.0000001772,0.0000001773,1345150018.3,238.87790270415
1697735100000,2023-10-19T17:05:00Z,0.0000001773,0.000000178,0.0000001772,0.0000001778,1711972730,303.8687212754
1697735400000,2023-10-19T17:10:00Z,0.0000001778,0.0000001779,0.0000001772,0.0000001779,3295722247.2,585.25337119298
1697735700000,2023-10-19T17:15:00Z,0.0000001779,0.000000178,0.0000001771,0.0000001779,7385146015.2,1312.54359271223
1697736000000,2023-10-19T17:20:00Z,0.0000001779,0.0000001782,0.0000001779,0.000000178,1844558012,328.3506401396
1697736300000,2023-10-19T17:25:00Z,0.000000178,0.0000001784,0.0000001779,0.000000178,3497212680,623.0951582243
1697736600000,2023-10-19T17:30:00Z,0.000000178,0.0000001783,0.0000001775,0.0000001776,3796497356,674.588811575
1697736900000,2023-10-19T17:35:00Z,0.0000001776,0.0000001782,0.0000001773,0.0000001781,4140133380.7,736.53859706475
1697737200000,2023-10-19T17:40:00Z,0.0000001781,0.0000001782,0.0000001769,0.0000001772,4234203878.5,752.37583389797
1697737500000,2023-10-19T17:45:00Z,0.0000001772,0.0000001776,0.0000001772,0.0000001774,2473041825,438.9073668458
1697737800000,2023-10-19T17:50:00Z,0.0000001774,0.0000001777,0.0000001772,0.0000001774,2436429353,432.4067500205
1697738100000,2023-10-19T17:55:00Z,0.0000001774,0.0000001776,0.0000001772,0.0000001773,2582269786,457.9572706076
1697738400000,2023-10-19T18:00:00Z,0.0000001773,0.0000001778,0.0000001772,0.0000001776,2829400567,501.9548947619
1697738700000,2023-10-19T18:05:00Z,0.0000001776,0.0000001776,0.0000001769,0.0000001769,1406060395,249.06431345455
1697739000000,2023-10-19T18:10:00Z,0.0000001769,0.0000001769,0.0000001769,0.0000001769,256793554.8,45.42677984412
1697739300000,2023-10-19T18:15:00Z,0.0000001769,0.0000001769,0.0000001769,0.0000001769,1780233377.2,314.92328442668
1697739600000,2023-10-19T18:20:00Z,0.0000001769,0.0000001769,0.0000001768,0.0000001768,592737728,104.85523362
1697739900000,2023-10-19T18:25:00Z,0.0000001768,0.0000001768,0.0000001768,0.0000001768,703730,0.124419464
1697740200000,2023-10-19T18:30:00Z,0.0000001768,0.0000001773,0.0000001768,0.0000001768,5523967931.5,977.71429395465
1697740500000,2023-10-19T18:35:00Z,0.0000001768,0.0000001769,0.0000001755,0.0000001769,4519197627.8,797.29541910341
1697740800000,2023-10-19T18:40:00Z,0.0000001769,0.0000001769,0.000000176,0.0000001762,3390883585.4,598.59483406888
1697741100000,2023-10-19T18:45:00Z,0.0000001762,0.0000001771,0.0000001762,0.000000177,4965991134.5,878.08186846602
1697741400000,2023-10-19T18:50:00Z,0.000000177,0.000000177,0.0000001758,0.0000001758,8886384636.2,1566.23757166103
1697741700000,2023-10-19T18:55:00Z,0.0000001758,0.0000001775,0.0000001758,0.000000177,4659604936,823.15125312573
1697742000000,2023-10-19T19:00:00Z,0.000000177,0.0000001773,0.0000001766,0.0000001768,6381484038,1128.3995814698
1697742300000,2023-10-19T19:05:00Z,0.0000001768,0.0000001776,0.0000001767,0.0000001774,2089609460.6,370.02386851548
1697742600000,2023-10-19T19:10:00Z,0.0000001774,0.0000001785,0.0000001771,0.0000001777,6158652742,1096.23346701652
1697742900000,2023-10-19T19:15:00Z,0.0000001777,0.000000178,0.0000001777,0.0000001778,3325690021,591.5788978407
1697743200000,2023-10-19T19:20:00Z,0.0000001778,0.0000001779,0.0000001769,0.000000177,3966129430.4,703.66493493676
1697743500000,2023-10-19T19:25:00Z,0.000000177,0.0000001778,0.000000177,0.0000001773,4384573796,777.770531873
1697743800000,2023-10-19T19:30:00Z,0.0000001773,0.0000001777,0.000000177,0.0000001773,4040100720,716.3841841525
1697744100000,2023-10-19T19:35:00Z,0.0000001773,0.0000001779,0.0000001773,0.0000001778,2250518991,399.4181586018
1697744400000,2023-10-19T19:40:00Z,0.0000001778,0.000000178,0.0000001774,0.0000001775,4168570343,740.53290353933
1697744700000,2023-10-19T19:45:00Z,0.0000001775,0.0000001783,0.0000001775,0.0000001779,5775434416.1,1027.64058023214
1697745000000,2023-10-19T19:50:00Z,0.0000001779,0.0000001783,0.0000001778,0.0000001783,4567653221,813.4048316683
1697745300000,2023-10-19T19:55:00Z,0.0000001783,0.0000001783,0.0000001774,0.0000001776,6223447059,1106.3332775709
1697745600000,2023-10-19T20:00:00Z,0.0000001776,0.000000178,0.0000001773,0.0000001773,7878133234.8,1400.63075803204
1697745900000,2023-10-19T20:05:00Z,0.0000001773,0.000000178,0.0000001773,0.0000001776,5818253587,1033.378065462
1697746200000,2023-10-19T20:10:00Z,0.0000001776,0.0000001776,0.0000001773,0.0000001773,4995706519,886.0754674239
1697746500000,2023-10-19T20:15:00Z,0.0000001773,0.000000178,0.0000001773,0.0000001779,7245355659.5,1286.79550938245
1697746800000,2023-10-19T20:20:00Z,0.0000001779,0.000000178,0.0000001774,0.0000001776,5705071715,1013.3322582134
1697747100000,2023-10-19T20:25:00Z,0.0000001776,0.0000001777,0.0000001758,0.0000001761,28080908677.7,4946.61788789821
1697747400000,2023-10-19T20:30:00Z,0.0000001761,0.0000001768,0.0000001753,0.0000001753,2989647729,526.9458678929
1697747700000,2023-10-19T20:35:00Z,0.0000001753,0.0000001767,0.000000175,0.0000001755,5807806358.2,1022.41980069104
1697748000000,2023-10-19T20:40:00Z,0.0000001755,0.0000001766,0.0000001755,0.0000001763,5055939587,890.2458992121
1697748300000,2023-10-19T20:45:00Z,0.0000001763,0.0000001765,0.0000001757,0.0000001765,6017090173,1060.3788642968
1697748600000,2023-10-19T20:50:00Z,0.0000001765,0.0000001767,0.0000001754,0.0000001765,5206075601.9,916.88246215029
1697748900000,2023-10-19T20:55:00Z,0.0000001765,0.0000001768,0.0000001759,0.0000001768,3498045071.3,616.97589924839
1697749200000,2023-10-19T21:00:00Z,0.0000001768,0.0000001768,0.0000001761,0.0000001766,2109504498,372.0101581606
1697749500000,2023-10-19T21:05:00Z,0.0000001766,0.0000001767,0.0000001762,0.0000001767,2890113749,510.5734891533
1697749800000,2023-10-19T21:10:00Z,0.0000001767,0.000000177,0.0000001767,0.0000001769,2922223440.7,516.60252716506
1697750100000,2023-10-19T21:15:00Z,0.0000001769,0.0000001772,0.0000001763,0.0000001772,4398712521.9,777.415936851
1697750400000,2023-10-19T21:20:00Z,0.0000001772,0.0000001772,0.0000001764,0.0000001764,3928521731,694.91509241171
1697750700000,2023-10-19T21:25:00Z,0.0000001764,0.0000001766,0.0000001759,0.0000001766,5490114591,967.51860364503
1697751000000,2023-10-19T21:30:00Z,0.0000001766,0.0000001771,0.0000001759,0.0000001761,1987143764,350.6013423204
1697751300000,2023-10-19T21:35:00Z,0.0000001761,0.0000001774,0.0000001761,0.0000001762,4634547967.8,818.88456062438
1697751600000,2023-10-19T21:40:00Z,0.0000001762,0.0000001774,0.0000001758,0.0000001758,1853556662,326.6423307872
1697751900000,2023-10-19T21:45:00Z,0.0000001758,0.0000001765,0.0000001755,0.0000001758,3584564174,630.7292331651
1697752200000,2023-10-19T21:50:00Z,0.0000001758,0.0000001772,0.0000001756,0.0000001764,5647361089,995.1698595295
1697752500000,2023-10-19T21:55:00Z,0.0000001764,0.0000001769,0.0000001754,0.0000001764,6137199325.4,1080.02195722474
1697752800000,2023-10-19T22:00:00Z,0.0000001764,0.0000001772,0.0000001763,0.0000001763,2976432805,526.2799205569
1697753100000,2023-10-19T22:05:00Z,0.0000001763,0.0000001793,0.0000001763,0.0000001787,5127066034,913.8967634859
1697753400000,2023-10-19T22:10:00Z,0.0000001787,0.0000001798,0.0000001784,0.0000001786,2944111933.1,527.48167859335
1697753700000,2023-10-19T22:15:00Z,0.0000001786,0.000000179,0.0000001775,0.0000001775,1487635553.8,264.6570673903
1697754000000,2023-10-19T22:20:00Z,0.0000001775,0.0000001775,0.0000001772,0.0000001773,3642530497,645.8072794193
1697754300000,2023-10-19T22:25:00Z,0.0000001773,0.0000001775,0.0000001773,0.0000001775,2383407226,422.6283644302
1697754600000,2023-10-19T22:30:00Z,0.0000001775,0.0000001788,0.0000001775,0.0000001782,8576250845.4,1527.66897388726
1697754900000,2023-10-19T22:35:00Z,0.0000001782,0.0000001787,0.0000001779,0.0000001787,1497742538.7,266.76874649747
1697755200000,2023-10-19T22:40:00Z,0.0000001787,0.0000001791,0.0000001781,0.0000001787,3573917172.9,638.39270412921
1697755500000,2023-10-19T22:45:00Z,0.0000001787,0.0000001791,0.0000001783,0.0000001789,3040862305,543.8543177553
1697755800000,2023-10-19T22:50:00Z,0.0000001789,0.0000001789,0.000000178,0.0000001783,3441669634,614.1773000394
1697756100000,2023-10-19T22:55:00Z,0.0000001783,0.0000001793,0.0000001779,0.0000001783,3645430118,650.76912262651
1697756400000,2023-10-19T23:00:00Z,0.0000001783,0.000000179,0.0000001783,0.0000001789,2631414833,470.3988513026
1697756700000,2023-10-19T23:05:00Z,0.0000001789,0.000000179,0.0000001786,0.0000001787,2576196834,460.6846723274
1697757000000,2023-10-19T23:10:00Z,0.0000001787,0.0000001794,0.0000001787,0.0000001794,1188927098,213.2054647811
1697757300000,2023-10-19T23:15:00Z,0.0000001794,0.0000001794,0.000000179,0.0000001794,2156774981,386.5607630763
1697757600000,2023-10-19T23:20:00Z,0.0000001794,0.0000001809,0.0000001794,0.00000018,2881137306.8,517.91091335894
1697757900000,2023-10-19T23:25:00Z,0.00000018,0.0000001806,0.0000001799,0.0000001806,1594270180.5,287.5792922126
1697758200000,2023-10-19T23:30:00Z,0.0000001806,0.0000001809,0.0000001801,0.0000001802,1585763542.1,286.33020179907
1697758500000,2023-10-19T23:35:00Z,0.0000001802,0.0000001813,0.0000001801,0.0000001811,3547456121.3,640.86469189009
1697758800000,2023-10-19T23:40:00Z,0.0000001811,0.0000001818,0.0000001807,0.000000181,3655411538.7,661.53433194855
1697759100000,2023-10-19T23:45:00Z,0.000000181,0.0000001818,0.0000001809,0.0000001815,1489056016.3,270.01048988625
1697759400000,2023-10-19T23:50:00Z,0.0000001815,0.0000001817,0.0000001812,0.0000001815,2309083573,418.7912569819
1697759700000,2023-10-19T23:55:00Z,0.0000001815,0.0000001828,0.0000001814,0.0000001817,3621137188,658.69877716977
1697760000000,2023-10-20T00:00:00Z,0.0000001817,0.0000001819,0.0000001815,0.0000001815,1047680443,190.3129811672
1697760300000,2023-10-20T00:05:00Z,0.0000001815,0.0000001818,0.0000001813,0.0000001816,1883423047,341.9899095875
1697760600000,2023-10-20T00:10:00Z,0.0000001816,0.0000001824,0.0000001816,0.0000001822,2554672889,465.14188915015
1697760900000,2023-10-20T00:15:00Z,0.0000001822,0.0000001822,0.0000001814,0.0000001819,2060066741.5,374.21799442785
1697761200000,2023-10-20T00:20:00Z,0.0000001819,0.0000001819,0.0000001812,0.0000001812,803301530,145.7173725217
1697761500000,2023-10-20T00:25:00Z,0.0000001812,0.0000001812,0.0000001806,0.0000001806,257986187,46.5923053722
1697761800000,2023-10-20T00:30:00Z,0.0000001806,0.000000181,0.0000001806,0.000000181,177916055,32.202805955
1697762100000,2023-10-20T00:35:00Z,0.000000181,0.000000181,0.0000001802,0.0000001809,371554153,67.023887584
1697762400000,2023-10-20T00:40:00Z,0.0000001809,0.0000001812,0.0000001801,0.0000001805,2768543266,499.61162893728
1697762700000,2023-10-20T00:45:00Z,0.0000001805,0.0000001811,0.0000001802,0.0000001811,1000253516.1,180.57993188811
1697763000000,2023-10-20T00:50:00Z,0.0000001811,0.0000001811,0.0000001809,0.0000001809,1373664429,248.5652364057
1697763300000,2023-10-20T00:55:00Z,0.0000001809,0.0000001811,0.0000001808,0.0000001811,171133838,30.9594272491
1697763600000,2023-10-20T01:00:00Z,0.0000001811,0.0000001811,0.0000001795,0.0000001805,8941186184,1608.38684909469
1697763900000,2023-10-20T01:05:00Z,0.0000001805,0.0000001807,0.0000001805,0.0000001807,444250336,80.2759653422
1697764200000,2023-10-20T01:10:00Z,0.0000001807,0.0000001809,0.0000001802,0.0000001809,2175097771,393.0065769879
1697764500000,2023-10-20T01:15:00Z,0.0000001809,0.0000001809,0.00000018,0.00000018,2250827445,405.86673809777
1697764800000,2023-10-20T01:20:00Z,0.00000018,0.0000001806,0.00000018,0.0000001803,439872491.7,79.34790134201
1697765100000,2023-10-20T01:25:00Z,0.0000001803,0.0000001803,0.0000001792,0.0000001792,384780031,68.9525815552
1697765400000,2023-10-20T01:30:00Z,0.0000001792,0.0000001799,0.0000001792,0.0000001793,1559440753,280.3124821865
1697765700000,2023-10-20T01:35:00Z,0.0000001793,0.0000001793,0.0000001792,0.0000001792,964107870,172.768130304
1697766000000,2023-10-20T01:40:00Z,0.0000001792,0.0000001792,0.0000001792,0.0000001792,305525738,54.7502122496
1697766300000,2023-10-20T01:45:00Z,0.0000001792,0.0000001792,0.000000179,0.000000179,280269816,50.1864449336
1697766600000,2023-10-20T01:50:00Z,0.000000179,0.0000001792,0.0000001788,0.0000001788,1791576276,320.913673086
1697766900000,2023-10-20T01:55:00Z,0.0000001788,0.0000001789,0.0000001788,0.0000001789,581209784,103.9784303576
1697767200000,2023-10-20T02:00:00Z,0.0000001789,0.0000001791,0.0000001788,0.000000179,1405410267,251.4128513987
1697767500000,2023-10-20T02:05:00Z,0.000000179,0.0000001792,0.000000179,0.0000001792,1328632524,237.9928537508
1697767800000,2023-10-20T02:10:00Z,0.0000001792,0.0000001792,0.0000001792,0.0000001792,421829092,75.5917732864
1697768100000,2023-10-20T02:15:00Z,0.0000001792,0.0000001793,0.0000001792,0.0000001793,813571871,145.8006613245
1697768400000,2023-10-20T02:20:00Z,0.0000001793,0.0000001809,0.0000001793,0.0000001809,3172655687,573.13747013201
1697768700000,2023-10-20T02:25:00Z,0.0000001809,0.0000001809,0.0000001805,0.0000001808,784779473,141.73889672853
1697769000000,2023-10-20T02:30:00Z,0.0000001808,0.0000001808,0.0000001799,0.0000001799,126484529,22.7545667671
1697769300000,2023-10-20T02:35:00Z,0.0000001799,0.0000001799,0.0000001799,0.0000001799,0,0
1697769600000,2023-10-20T02:40:00Z,0.0000001799,0.0000001801,0.0000001799,0.00000018,710571478.7,127.91522216877
1697769900000,2023-10-20T02:45:00Z,0.00000018,0.00000018,0.00000018,0.00000018,0,0
1697770200000,2023-10-20T02:50:00Z,0.00000018,0.00000018,0.0000001799,0.0000001799,574332113,103.3223471287
1697770500000,2023-10-20T02:55:00Z,0.0000001799,0.0000001799,0.0000001799,0.0000001799,0,0
1697770800000,2023-10-20T03:00:00Z,0.0000001799,0.0000001805,0.0000001799,0.0000001805,403584036,72.77335361744
1697771100000,2023-10-20T03:05:00Z,0.0000001805,0.0000001805,0.0000001805,0.0000001805,0,0
1697771400000,2023-10-20T03:10:00Z,0.0000001805,0.0000001807,0.00000018,0.0000001807,654802521,117.9954344837
1697771700000,2023-10-20T03:15:00Z,0.0000001807,0.0000001807,0.0000001802,0.0000001805,395432310,71.2815483711
1697772000000,2023-10-20T03:20:00Z,0.0000001805,0.0000001805,0.0000001803,0.0000001803,79998609,14.4237492027
1697772300000,2023-10-20T03:25:00Z,0.0000001803,0.000000181,0.0000001803,0.0000001808,1606561383,290.126735802
1697772600000,2023-10-20T03:30:00Z,0.0000001808,0.0000001808,0.0000001805,0.0000001805,886009321,160.1050366282
1697772900000,2023-10-20T03:35:00Z,0.0000001805,0.0000001806,0.0000001789,0.0000001799,4546218138,814.81762895602
1697773200000,2023-10-20T03:40:00Z,0.0000001799,0.0000001808,0.0000001793,0.0000001798,1785113474,320.7259175977
1697773500000,2023-10-20T03:45:00Z,0.0000001798,0.0000001811,0.0000001794,0.0000001811,379626463,68.6143524493
1697773800000,2023-10-20T03:50:00Z,0.0000001811,0.0000001812,0.000000181,0.000000181,458231114,83.0119323228
1697774100000,2023-10-20T03:55:00Z,0.000000181,0.000000181,0.0000001809,0.000000181,1057697064,191.41165033399
1697774400000,2023-10-20T04:00:00Z,0.000000181,0.000000181,0.0000001802,0.0000001803,948458603,170.9816822726
1697774700000,2023-10-20T04:05:00Z,0.0000001803,0.0000001803,0.0000001796,0.0000001798,677758045,121.763496491
1697775000000,2023-10-20T04:10:00Z,0.0000001798,0.0000001798,0.0000001794,0.0000001795,995414755,178.6423831225
1697775300000,2023-10-20T04:15:00Z,0.0000001795,0.0000001798,0.0000001795,0.0000001798,1112239105,199.980591079
1697775600000,2023-10-20T04:20:00Z,0.0000001798,0.0000001798,0.0000001798,0.0000001798,165071551,29.6798648698
1697775900000,2023-10-20T04:25:00Z,0.0000001798,0.0000001798,0.0000001797,0.0000001797,921252443,165.5581376892
1697776200000,2023-10-20T04:30:00Z,0.0000001797,0.0000001798,0.0000001797,0.0000001798,751453702,135.0909596
1697776500000,2023-10-20T04:35:00Z,0.0000001798,0.0000001798,0.0000001798,0.0000001798,257921459,46.3742783282
1697776800000,2023-10-20T04:40:00Z,0.0000001798,0.00000018,0.0000001798,0.00000018,295248167,53.14467006
1697777100000,2023-10-20T04:45:00Z,0.00000018,0.00000018,0.0000001795,0.0000001799,1291437158.5,232.28178869605
1697777400000,2023-10-20T04:50:00Z,0.0000001799,0.0000001799,0.0000001794,0.0000001797,898845310,161.46446002895
1697777700000,2023-10-20T04:55:00Z,0.0000001797,0.00000018,0.0000001792,0.0000001792,1582828071.7,284.13201148514
1697778000000,2023-10-20T05:00:00Z,0.0000001792,0.0000001792,0.0000001787,0.0000001789,1029377598,184.1973872705
1697778300000,2023-10-20T05:05:00Z,0.0000001789,0.000000179,0.0000001787,0.0000001787,1000251733,178.8603507698
1697778600000,2023-10-20T05:10:00Z,0.0000001787,0.0000001788,0.0000001787,0.0000001788,206390349,36.9025944012
1697778900000,2023-10-20T05:15:00Z,0.0000001788,0.0000001788,0.0000001786,0.0000001786,802753535.1,143.45142238256
1697779200000,2023-10-20T05:20:00Z,0.0000001786,0.000000179,0.0000001786,0.000000179,1610163175,288.0270645773
1697779500000,2023-10-20T05:25:00Z,0.000000179,0.000000179,0.0000001785,0.0000001786,758147140,135.4359006829
1697779800000,2023-10-20T05:30:00Z,0.0000001786,0.0000001789,0.0000001786,0.0000001789,981391775,175.5004980505
1697780100000,2023-10-20T05:35:00Z,0.0000001789,0.0000001793,0.0000001789,0.0000001793,1244060453.2,222.81734728231
1697780400000,2023-10-20T05:40:00Z,0.0000001793,0.0000001796,0.0000001793,0.0000001796,233589745.3,41.95271825588
1697780700000,2023-10-20T05:45:00Z,0.0000001796,0.0000001796,0.0000001791,0.0000001791,371532543,66.5989767828
1697781000000,2023-10-20T05:50:00Z,0.0000001791,0.0000001797,0.0000001791,0.0000001794,1930965099,346.70827680602
1697781300000,2023-10-20T05:55:00Z,0.0000001794,0.0000001797,0.0000001785,0.0000001785,2350568774,420.70683275622
1697781600000,2023-10-20T06:00:00Z,0.0000001785,0.0000001793,0.0000001782,0.0000001782,535507086.6,95.74887116151
1697781900000,2023-10-20T06:05:00Z,0.0000001782,0.0000001815,0.0000001782,0.0000001815,2117554401,380.68948627109
1697782200000,2023-10-20T06:10:00Z,0.0000001815,0.0000001825,0.0000001812,0.0000001821,987216599.3,179.63438904501
1697782500000,2023-10-20T06:15:00Z,0.0000001821,0.0000001823,0.0000001817,0.0000001821,1279897754,232.9809385257
1697782800000,2023-10-20T06:20:00Z,0.0000001821,0.0000001821,0.0000001811,0.000000182,1320255511.6,239.69420524773
1697783100000,2023-10-20T06:25:00Z,0.000000182,0.000000182,0.0000001819,0.0000001819,642049362.4,116.8028993887
1697783400000,2023-10-20T06:30:00Z,0.0000001819,0.0000001822,0.0000001818,0.0000001818,1287383690.5,234.47932840408
1697783700000,2023-10-20T06:35:00Z,0.0000001818,0.0000001824,0.0000001818,0.0000001824,1837664489,334.6685640006
1697784000000,2023-10-20T06:40:00Z,0.0000001824,0.0000001832,0.0000001824,0.0000001825,4028882167.7,737.27402791421
1697784300000,2023-10-20T06:45:00Z,0.0000001825,0.0000001825,0.000000182,0.000000182,980077085.6,178.5679306483
1697784600000,2023-10-20T06:50:00Z,0.000000182,0.0000001823,0.000000182,0.0000001821,706396991,128.6832716419
1697784900000,2023-10-20T06:55:00Z,0.0000001821,0.0000001821,0.0000001821,0.0000001821,1302741862,237.2292930702
1697785200000,2023-10-20T07:00:00Z,0.0000001821,0.0000001824,0.0000001814,0.0000001814,2331704873,423.92429317974
1697785500000,2023-10-20T07:05:00Z,0.0000001814,0.0000001819,0.0000001807,0.0000001816,8078302325.5,1465.11417636772
1697785800000,2023-10-20T07:10:00Z,0.0000001816,0.0000001819,0.0000001815,0.0000001819,1310833066,238.1455924141
1697786100000,2023-10-20T07:15:00Z,0.0000001819,0.0000001824,0.0000001818,0.0000001824,1093658305,199.1884672469
1697786400000,2023-10-20T07:20:00Z,0.0000001824,0.0000001824,0.0000001818,0.0000001822,1251008114,227.8575502218
1697786700000,2023-10-20T07:25:00Z,0.0000001822,0.0000001822,0.0000001819,0.0000001821,771405245,140.4315311619
1697787000000,2023-10-20T07:30:00Z,0.0000001821,0.0000001829,0.0000001821,0.0000001821,1745041487,318.59311685074
1697787300000,2023-10-20T07:35:00Z,0.0000001821,0.0000001822,0.000000182,0.0000001822,852874031,155.3206278033
1697787600000,2023-10-20T07:40:00Z,0.0000001822,0.0000001828,0.0000001821,0.0000001822,2007345234.1,365.85391993702
1697787900000,2023-10-20T07:45:00Z,0.0000001822,0.0000001827,0.0000001822,0.0000001826,1538772456,280.9844057061
1697788200000,2023-10-20T07:50:00Z,0.0000001826,0.0000001826,0.0000001816,0.0000001816,515194611.5,93.60630289813
1697788500000,2023-10-20T07:55:00Z,0.0000001816,0.0000001826,0.0000001803,0.0000001809,6017208005.6,1088.89686241451
1697788800000,2023-10-20T08:00:00Z,0.0000001809,0.000000181,0.0000001804,0.000000181,2497440015,451.112430531
1697789100000,2023-10-20T08:05:00Z,0.000000181,0.000000181,0.0000001802,0.0000001808,2191125492,395.236732975
1697789400000,2023-10-20T08:10:00Z,0.0000001808,0.0000001827,0.0000001808,0.0000001827,1078040465.3,196.74633121655
1697789700000,2023-10-20T08:15:00Z,0.0000001827,0.0000001831,0.0000001819,0.0000001825,4062460947.5,740.40532992294
1697790000000,2023-10-20T08:20:00Z,0.0000001825,0.0000001825,0.0000001808,0.0000001815,2450303203,444.8841084673
1697790300000,2023-10-20T08:25:00Z,0.0000001815,0.0000001815,0.0000001804,0.0000001809,3237230003.8,585.39736778896
1697790600000,2023-10-20T08:30:00Z,0.0000001809,0.0000001813,0.0000001801,0.0000001809,5165461638.6,931.3669695449
1697790900000,2023-10-20T08:35:00Z,0.0000001809,0.000000181,0.00000018,0.0000001805,3837497295.2,693.34138064558
1697791200000,2023-10-20T08:40:00Z,0.0000001805,0.0000001814,0.0000001802,0.000000181,2825134769,510.74178610269
1697791500000,2023-10-20T08:45:00Z,0.000000181,0.0000001811,0.00000018,0.0000001801,3108170599.8,560.51647658806
1697791800000,2023-10-20T08:50:00Z,0.0000001801,0.0000001805,0.0000001797,0.00000018,1616304712,291.2773810177
1697792100000,2023-10-20T08:55:00Z,0.00000018,0.0000001806,0.0000001799,0.00000018,833449269,150.0902504864
1697792400000,2023-10-20T09:00:00Z,0.00000018,0.000000181,0.00000018,0.000000181,438375627.8,79.0198057985
1697792700000,2023-10-20T09:05:00Z,0.000000181,0.000000181,0.0000001802,0.0000001809,3165690831.5,571.8043742653
1697793000000,2023-10-20T09:10:00Z,0.0000001809,0.0000001818,0.0000001809,0.0000001816,6710169550,1216.3119598715
1697793300000,2023-10-20T09:15:00Z,0.0000001816,0.0000001816,0.0000001809,0.000000181,1608221435,291.1058715464
1697793600000,2023-10-20T09:20:00Z,0.000000181,0.0000001811,0.0000001799,0.0000001807,3665631690,661.7237198006
1697793900000,2023-10-20T09:25:00Z,0.0000001807,0.0000001808,0.0000001792,0.0000001804,4254587727.8,766.55437384309
1697794200000,2023-10-20T09:30:00Z,0.0000001804,0.0000001804,0.0000001795,0.0000001799,7152864904.5,1286.41022325814
1697794500000,2023-10-20T09:35:00Z,0.0000001799,0.0000001802,0.0000001796,0.00000018,2070401718.2,372.37843257749
1697794800000,2023-10-20T09:40:00Z,0.00000018,0.00000018,0.0000001794,0.0000001794,985707177.9,177.22764024516
1697795100000,2023-10-20T09:45:00Z,0.0000001794,0.00000018,0.0000001792,0.00000018,2088998463.5,375.56879064088
1697795400000,2023-10-20T09:50:00Z,0.00000018,0.00000018,0.00000018,0.00000018,0,0
1697795700000,2023-10-20T09:55:00Z,0.00000018,0.00000018,0.0000001796,0.0000001799,1742224472.5,313.05724080303
1697796000000,2023-10-20T10:00:00Z,0.0000001799,0.0000001811,0.0000001798,0.0000001811,2994949864.7,540.28570210087
1697796300000,2023-10-20T10:05:00Z,0.0000001811,0.0000001811,0.0000001805,0.000000181,1746222942,316.0035680327
1697796600000,2023-10-20T10:10:00Z,0.000000181,0.0000001814,0.0000001805,0.0000001806,4312911351.6,779.9936837586
1697796900000,2023-10-20T10:15:00Z,0.0000001806,0.0000001818,0.0000001805,0.0000001818,4999061320.8,906.39871809998
1697797200000,2023-10-20T10:20:00Z,0.0000001818,0.0000001824,0.0000001816,0.0000001818,4789042062.2,870.96683738265
1697797500000,2023-10-20T10:25:00Z,0.0000001818,0.0000001824,0.0000001815,0.0000001824,5686880415.4,1034.69643246538
1697797800000,2023-10-20T10:30:00Z,0.0000001824,0.0000001831,0.0000001821,0.0000001831,8135523529.3,1484.11205814783
1697798100000,2023-10-20T10:35:00Z,0.0000001831,0.0000001842,0.0000001824,0.0000001836,5175475172.9,947.91441612477
1697798400000,2023-10-20T10:40:00Z,0.0000001836,0.0000001844,0.0000001832,0.0000001835,5326970470.1,978.38180054951
1697798700000,2023-10-20T10:45:00Z,0.0000001835,0.0000001848,0.0000001835,0.0000001846,16470736654.7,3034.46748235838
1697799000000,2023-10-20T10:50:00Z,0.0000001846,0.0000001855,0.000000184,0.0000001847,10956676731.3,2023.78170357629
1697799300000,2023-10-20T10:55:00Z,0.0000001847,0.0000001855,0.0000001847,0.0000001851,8573183803.7,1586.86857373285
1697799600000,2023-10-20T11:00:00Z,0.0000001851,0.0000001855,0.000000185,0.0000001852,6726819915.4,1245.70254021031
1697799900000,2023-10-20T11:05:00Z,0.0000001852,0.0000001854,0.0000001851,0.0000001853,3820527800,707.9290527933
1697800200000,2023-10-20T11:10:00Z,0.0000001853,0.0000001855,0.0000001851,0.0000001851,3375482842,625.1743984355
1697800500000,2023-10-20T11:15:00Z,0.0000001851,0.0000001857,0.0000001848,0.0000001856,10540789286.1,1951.84290753533
1697800800000,2023-10-20T11:20:00Z,0.0000001856,0.0000001864,0.0000001856,0.0000001864,3572254099,664.800024089
1697801100000,2023-10-20T11:25:00Z,0.0000001864,0.0000001864,0.0000001849,0.0000001855,3001286858.7,556.78901867865
1697801400000,2023-10-20T11:30:00Z,0.0000001855,0.0000001858,0.0000001851,0.0000001858,6074961701,1127.7180051958
1697801700000,2023-10-20T11:35:00Z,0.0000001858,0.0000001859,0.0000001852,0.0000001857,6156949950,1142.4710331284
1697802000000,2023-10-20T11:40:00Z,0.0000001857,0.000000186,0.0000001854,0.0000001856,12942971539.4,2404.48005059514
1697802300000,2023-10-20T11:45:00Z,0.0000001856,0.000000186,0.0000001851,0.0000001858,6306825634.8,1170.6688217212
1697802600000,2023-10-20T11:50:00Z,0.0000001858,0.000000186,0.0000001857,0.0000001857,1948139899,362.0292937267
1697802900000,2023-10-20T11:55:00Z,0.0000001857,0.0000001858,0.0000001844,0.0000001844,11396871663.3,2111.1296273206
1697803200000,2023-10-20T12:00:00Z,0.0000001844,0.0000001844,0.0000001833,0.000000184,4243007648,779.64590199962
1697803500000,2023-10-20T12:05:00Z,0.000000184,0.0000001845,0.0000001831,0.0000001843,13923862624.9,2564.18065283578
1697803800000,2023-10-20T12:10:00Z,0.0000001843,0.0000001843,0.0000001837,0.000000184,2588193689,476.5539906595
1697804100000,2023-10-20T12:15:00Z,0.000000184,0.0000001843,0.0000001837,0.0000001838,4061947388.4,746.93955232179
1697804400000,2023-10-20T12:20:00Z,0.0000001838,0.0000001852,0.0000001833,0.0000001835,7076743791.9,1305.04563232468
1697804700000,2023-10-20T12:25:00Z,0.0000001835,0.0000001843,0.0000001835,0.0000001837,4605995849,847.0775304722
1697805000000,2023-10-20T12:30:00Z,0.0000001837,0.0000001839,0.0000001837,0.0000001837,2341641422,430.2642341271
1697805300000,2023-10-20T12:35:00Z,0.0000001837,0.0000001839,0.0000001837,0.0000001837,2567231503,471.6642984269
1697805600000,2023-10-20T12:40:00Z,0.0000001837,0.0000001837,0.0000001832,0.0000001832,5706071191.1,1046.17667573337
1697805900000,2023-10-20T12:45:00Z,0.0000001832,0.0000001836,0.000000183,0.0000001833,3731019073,683.7814839801
1697806200000,2023-10-20T12:50:00Z,0.0000001833,0.0000001833,0.000000183,0.0000001833,2685336319.5,491.77214562924
1697806500000,2023-10-20T12:55:00Z,0.0000001833,0.0000001836,0.0000001831,0.0000001833,2941599740,539.83786593526
1697806800000,2023-10-20T13:00:00Z,0.0000001833,0.0000001843,0.0000001826,0.0000001836,2905716688.6,533.09609705122
1697807100000,2023-10-20T13:05:00Z,0.0000001836,0.0000001837,0.0000001831,0.0000001837,1663034145.3,305.13381190205
1697807400000,2023-10-20T13:10:00Z,0.0000001837,0.0000001844,0.0000001835,0.0000001838,3371606018,620.32837224349
1697807700000,2023-10-20T13:15:00Z,0.0000001838,0.000000184,0.0000001834,0.000000184,3112896607,572.07407826139
1697808000000,2023-10-20T13:20:00Z,0.000000184,0.0000001843,0.0000001838,0.0000001838,3532591261.7,650.05085305647
1697808300000,2023-10-20T13:25:00Z,0.0000001838,0.0000001842,0.0000001838,0.000000184,3501386788,644.15471916504
1697808600000,2023-10-20T13:30:00Z,0.000000184,0.000000184,0.0000001838,0.0000001839,1944147366,357.4784224119
1697808900000,2023-10-20T13:35:00Z,0.0000001839,0.0000001845,0.0000001839,0.000000184,1767092179,325.6217402845
1697809200000,2023-10-20T13:40:00Z,0.000000184,0.0000001845,0.000000184,0.0000001844,660626254.7,121.81974784141
1697809500000,2023-10-20T13:45:00Z,0.0000001844,0.0000001845,0.0000001843,0.0000001843,1904421242,351.2789453521
1697809800000,2023-10-20T13:50:00Z,0.0000001843,0.0000001845,0.000000184,0.000000184,3589786063,661.7168198714
1697810100000,2023-10-20T13:55:00Z,0.000000184,0.0000001844,0.0000001839,0.0000001842,3108134555.8,572.22237247259
1697810400000,2023-10-20T14:00:00Z,0.0000001842,0.0000001847,0.0000001842,0.0000001843,2234292988.6,411.91476348682
1697810700000,2023-10-20T14:05:00Z,0.0000001843,0.0000001855,0.0000001843,0.0000001853,3564530880.3,658.95797685915
1697811000000,2023-10-20T14:10:00Z,0.0000001853,0.0000001853,0.0000001843,0.0000001843,3993998327,738.5001848863
1697811300000,2023-10-20T14:15:00Z,0.0000001843,0.0000001846,0.0000001843,0.0000001846,934232742,172.3168615544
1697811600000,2023-10-20T14:20:00Z,0.0000001846,0.0000001852,0.0000001839,0.0000001852,1496376836.6,276.35922736436
1697811900000,2023-10-20T14:25:00Z,0.0000001852,0.0000001852,0.0000001845,0.0000001852,1578932682.7,291.9584029385
1697812200000,2023-10-20T14:30:00Z,0.0000001852,0.0000001869,0.0000001852,0.0000001865,3485858998.5,648.28715654633
1697812500000,2023-10-20T14:35:00Z,0.0000001865,0.0000001874,0.0000001865,0.0000001867,2283846612.9,426.42856837241
1697812800000,2023-10-20T14:40:00Z,0.0000001867,0.0000001882,0.0000001867,0.0000001882,612446184.9,114.85378605856
1697813100000,2023-10-20T14:45:00Z,0.0000001882,0.0000001908,0.0000001882,0.0000001901,7706591778.8,1461.97883029247
1697813400000,2023-10-20T14:50:00Z,0.0000001901,0.0000001902,0.0000001883,0.0000001894,4849512732.8,919.37170572506
1697813700000,2023-10-20T14:55:00Z,0.0000001894,0.0000001899,0.0000001894,0.0000001897,2298809077,436.16459277604
1697814000000,2023-10-20T15:00:00Z,0.0000001897,0.00000019,0.0000001897,0.0000001898,2620130987.1,497.50045250582
1697814300000,2023-10-20T15:05:00Z,0.0000001898,0.0000001899,0.0000001887,0.0000001887,7069373125,1339.43946740214
1697814600000,2023-10-20T15:10:00Z,0.0000001887,0.0000001892,0.0000001884,0.0000001892,886261122,167.5050103626
1697814900000,2023-10-20T15:15:00Z,0.0000001892,0.0000001892,0.0000001883,0.0000001883,2244588699.2,423.97481209998
1697815200000,2023-10-20T15:20:00Z,0.0000001883,0.0000001894,0.0000001883,0.0000001894,3048650521.8,575.98259660698
1697815500000,2023-10-20T15:25:00Z,0.0000001894,0.0000001897,0.0000001894,0.0000001897,961635055,182.2537514601
1697815800000,2023-10-20T15:30:00Z,0.0000001897,0.0000001897,0.0000001888,0.0000001895,1332920301.7,252.63158429096
1697816100000,2023-10-20T15:35:00Z,0.0000001895,0.0000001895,0.0000001886,0.0000001891,2222681142,420.1353727525
1697816400000,2023-10-20T15:40:00Z,0.0000001891,0.0000001891,0.0000001888,0.0000001889,519531223,98.1317657314
1697816700000,2023-10-20T15:45:00Z,0.0000001889,0.0000001889,0.0000001882,0.0000001888,1018953663,192.1016343822
1697817000000,2023-10-20T15:50:00Z,0.0000001888,0.0000001888,0.0000001881,0.0000001883,2604333611.3,490.88204557594
1697817300000,2023-10-20T15:55:00Z,0.0000001883,0.0000001887,0.0000001883,0.0000001887,1021404632.5,192.65508403165
1697817600000,2023-10-20T16:00:00Z,0.0000001887,0.0000001888,0.0000001883,0.0000001884,3416095006.6,643.77155697788
1697817900000,2023-10-20T16:05:00Z,0.0000001884,0.0000001884,0.0000001882,0.0000001882,1360731703,256.3274752294
1697818200000,2023-10-20T16:10:00Z,0.0000001882,0.0000001882,0.0000001867,0.0000001868,5691331141.6,1064.25229420507
1697818500000,2023-10-20T16:15:00Z,0.0000001868,0.0000001868,0.0000001861,0.0000001861,2120894672,395.7762001939
1697818800000,2023-10-20T16:20:00Z,0.0000001861,0.000000187,0.0000001858,0.0000001868,5739321829.2,1072.09169076473
1697819100000,2023-10-20T16:25:00Z,0.0000001868,0.0000001875,0.0000001866,0.0000001875,1970256609,368.4849853577
1697819400000,2023-10-20T16:30:00Z,0.0000001875,0.0000001914,0.0000001875,0.0000001901,10734346152,2031.13846402327
1697819700000,2023-10-20T16:35:00Z,0.0000001901,0.0000001912,0.0000001898,0.0000001902,2014007773,383.26581524169
1697820000000,2023-10-20T16:40:00Z,0.0000001902,0.0000001902,0.000000189,0.000000189,2049182839.7,388.78821981817
1697820300000,2023-10-20T16:45:00Z,0.000000189,0.000000189,0.0000001869,0.0000001869,6512937205.8,1221.37413840211
1697820600000,2023-10-20T16:50:00Z,0.0000001869,0.0000001869,0.0000001869,0.0000001869,1381910696,258.2791090824
1697820900000,2023-10-20T16:55:00Z,0.0000001869,0.0000001869,0.0000001869,0.0000001869,256421444,47.9251678836
1697821200000,2023-10-20T17:00:00Z,0.0000001869,0.0000001887,0.0000001869,0.000000187,22141391858,4159.53575899232
1697821500000,2023-10-20T17:05:00Z,0.000000187,0.0000001873,0.0000001869,0.0000001869,3933134845.9,735.69196717195
1697821800000,2023-10-20T17:10:00Z,0.0000001869,0.0000001872,0.0000001869,0.0000001871,2138990286,400.0304507852
1697822100000,2023-10-20T17:15:00Z,0.0000001871,0.0000001891,0.000000187,0.0000001891,826666575.2,155.71996695567
1697822400000,2023-10-20T17:20:00Z,0.0000001891,0.0000001933,0.0000001891,0.0000001895,5753080096.3,1097.63889763946
1697822700000,2023-10-20T17:25:00Z,0.0000001895,0.0000001895,0.0000001876,0.0000001876,288057042.2,54.29953345881
1697823000000,2023-10-20T17:30:00Z,0.0000001876,0.0000001876,0.0000001875,0.0000001876,696965271.3,130.75054598896
1697823300000,2023-10-20T17:35:00Z,0.0000001876,0.0000001876,0.0000001869,0.0000001873,6114999123.5,1146.07191609441
1697823600000,2023-10-20T17:40:00Z,0.0000001873,0.0000001873,0.000000187,0.0000001871,3106441981,581.6113573464
1697823900000,2023-10-20T17:45:00Z,0.0000001871,0.0000001873,0.0000001869,0.000000187,2468981856,461.8356060366
1697824200000,2023-10-20T17:50:00Z,0.000000187,0.0000001871,0.000000187,0.0000001871,3737214517,699.2328361307
1697824500000,2023-10-20T17:55:00Z,0.0000001871,0.0000001873,0.0000001871,0.0000001872,3310611074,619.8066365995
1697824800000,2023-10-20T18:00:00Z,0.0000001872,0.000000189,0.0000001872,0.000000189,5353872350.9,1007.80064737125
1697825100000,2023-10-20T18:05:00Z,0.000000189,0.0000001897,0.0000001889,0.0000001896,3238947584.4,612.87080716845
1697825400000,2023-10-20T18:10:00Z,0.0000001896,0.0000001907,0.0000001878,0.0000001879,4704505642.3,887.52702560077
1697825700000,2023-10-20T18:15:00Z,0.0000001879,0.0000001879,0.0000001877,0.0000001877,1130739851.3,212.26398476351
1697826000000,2023-10-20T18:20:00Z,0.0000001877,0.0000001882,0.0000001877,0.0000001877,4312781023,809.95535396265
1697826300000,2023-10-20T18:25:00Z,0.0000001877,0.0000001878,0.0000001864,0.0000001864,2268334803.8,424.55796486917
1697826600000,2023-10-20T18:30:00Z,0.0000001864,0.0000001895,0.0000001864,0.0000001891,16127263431.2,3017.5979994303
1697826900000,2023-10-20T18:35:00Z,0.0000001891,0.0000001894,0.0000001864,0.0000001867,9179339025.5,1727.17006909026
1697827200000,2023-10-20T18:40:00Z,0.0000001867,0.0000001871,0.0000001864,0.0000001868,3254940381,607.6354019196
1697827500000,2023-10-20T18:45:00Z,0.0000001868,0.000000187,0.0000001864,0.0000001868,4286505741,799.6199409302
1697827800000,2023-10-20T18:50:00Z,0.0000001868,0.0000001868,0.0000001864,0.0000001864,1285568322,239.6697602355
1697828100000,2023-10-20T18:55:00Z,0.0000001864,0.0000001889,0.0000001864,0.0000001888,3538853766.4,665.51979177594
1697828400000,2023-10-20T19:00:00Z,0.0000001888,0.0000001889,0.0000001871,0.0000001876,6044601442.3,1139.0976678531
1697828700000,2023-10-20T19:05:00Z,0.0000001876,0.0000001876,0.0000001858,0.0000001861,6400795988.4,1192.5056600053
1697829000000,2023-10-20T19:10:00Z,0.0000001861,0.0000001877,0.0000001861,0.0000001874,3537667187.2,661.51984265522
1697829300000,2023-10-20T19:15:00Z,0.0000001874,0.0000001877,0.000000187,0.0000001875,5069065183,950.8227320388
1697829600000,2023-10-20T19:20:00Z,0.0000001875,0.0000001877,0.000000187,0.000000187,2849327903,534.2659058365
1697829900000,2023-10-20T19:25:00Z,0.000000187,0.0000001874,0.000000185,0.0000001851,4144509538.5,773.68799102573
1697830200000,2023-10-20T19:30:00Z,0.0000001851,0.0000001879,0.000000185,0.0000001871,3302378458,616.36050686619
1697830500000,2023-10-20T19:35:00Z,0.0000001871,0.0000001872,0.0000001867,0.0000001868,3473719438,649.23131715399
1697830800000,2023-10-20T19:40:00Z,0.0000001868,0.0000001871,0.0000001868,0.0000001871,2714121266,507.49312225111
1697831100000,2023-10-20T19:45:00Z,0.0000001871,0.0000001872,0.0000001867,0.0000001869,5466020693.2,1021.63718298546
1697831400000,2023-10-20T19:50:00Z,0.0000001869,0.0000001874,0.0000001857,0.0000001857,4347069625.8,813.28030336306
1697831700000,2023-10-20T19:55:00Z,0.0000001857,0.0000001861,0.0000001857,0.0000001858,1692774163.2,314.78257075876
1697832000000,2023-10-20T20:00:00Z,0.0000001858,0.0000001865,0.0000001843,0.0000001863,4852252728.7,897.87876740856
1697832300000,2023-10-20T20:05:00Z,0.0000001863,0.0000001867,0.000000186,0.0000001861,5411362420,1008.3172675163
1697832600000,2023-10-20T20:10:00Z,0.0000001861,0.0000001867,0.0000001857,0.000000186,2693710237.3,501.83294141725
1697832900000,2023-10-20T20:15:00Z,0.000000186,0.0000001865,0.000000186,0.0000001862,3593162913,669.0647862704
1697833200000,2023-10-20T20:20:00Z,0.0000001862,0.0000001867,0.0000001861,0.0000001864,5310484094,988.9927370399
1697833500000,2023-10-20T20:25:00Z,0.0000001864,0.0000001867,0.0000001861,0.0000001865,4673027518.2,871.41266749242
1697833800000,2023-10-20T20:30:00Z,0.0000001865,0.0000001867,0.0000001862,0.0000001864,4056740963,756.4714617531
1697834100000,2023-10-20T20:35:00Z,0.0000001864,0.0000001867,0.0000001862,0.0000001867,6142621370.2,1145.15200262681
1697834400000,2023-10-20T20:40:00Z,0.0000001867,0.0000001869,0.0000001864,0.0000001865,2958560137,552.228796022
1697834700000,2023-10-20T20:45:00Z,0.0000001865,0.0000001873,0.0000001863,0.0000001869,5830641300.7,1089.20232850563
1697835000000,2023-10-20T20:50:00Z,0.0000001869,0.0000001872,0.0000001869,0.0000001871,3051443287.3,570.9155007456
1697835300000,2023-10-20T20:55:00Z,0.0000001871,0.0000001871,0.0000001863,0.0000001863,3795669826,708.93417718448
1697835600000,2023-10-20T21:00:00Z,0.0000001863,0.0000001868,0.0000001863,0.0000001868,2635963622,492.3043346725
1697835900000,2023-10-20T21:05:00Z,0.0000001868,0.0000001871,0.0000001863,0.000000187,5114388181.9,954.90333563521
1697836200000,2023-10-20T21:10:00Z,0.000000187,0.0000001873,0.0000001864,0.0000001873,2627698824,491.19435977817
1697836500000,2023-10-20T21:15:00Z,0.0000001873,0.0000001873,0.0000001867,0.000000187,3760186102,703.0942345287
1697836800000,2023-10-20T21:20:00Z,0.000000187,0.0000001872,0.0000001864,0.0000001864,3828892042,715.0498339425
1697837100000,2023-10-20T21:25:00Z,0.0000001864,0.0000001869,0.0000001862,0.0000001868,2728809218.7,509.11096280383
1697837400000,2023-10-20T21:30:00Z,0.0000001868,0.0000001872,0.0000001865,0.0000001872,2206452531,412.3985651037
1697837700000,2023-10-20T21:35:00Z,0.0000001872,0.0000001873,0.0000001866,0.0000001871,3035235943,567.9089113126
1697838000000,2023-10-20T21:40:00Z,0.0000001871,0.0000001888,0.000000187,0.0000001885,3987632969.4,747.1369916516
1697838300000,2023-10-20T21:45:00Z,0.0000001885,0.0000001885,0.0000001869,0.0000001872,2262282472.8,423.51389565074
1697838600000,2023-10-20T21:50:00Z,0.0000001872,0.0000001888,0.0000001872,0.0000001877,4307571530,809.49609414836
1697838900000,2023-10-20T21:55:00Z,0.0000001877,0.0000001881,0.0000001872,0.0000001878,3437635476.4,645.66335291036
1697839200000,2023-10-20T22:00:00Z,0.0000001878,0.0000001888,0.0000001878,0.0000001888,1697206109.2,320.20612510354
1697839500000,2023-10-20T22:05:00Z,0.0000001888,0.0000001889,0.0000001885,0.0000001889,2442121128,460.9425581659
1697839800000,2023-10-20T22:10:00Z,0.0000001889,0.0000001889,0.0000001885,0.0000001889,2056452824,388.1884146102
1697840100000,2023-10-20T22:15:00Z,0.0000001889,0.0000001889,0.0000001889,0.0000001889,512035610.9,96.72352689901
1697840400000,2023-10-20T22:20:00Z,0.0000001889,0.0000001892,0.0000001889,0.0000001891,1463910881,276.80288924233
1697840700000,2023-10-20T22:25:00Z,0.0000001891,0.0000001891,0.0000001882,0.0000001885,4162149428.1,785.66779005114
1697841000000,2023-10-20T22:30:00Z,0.0000001885,0.0000001895,0.0000001885,0.0000001892,1844142341.7,348.32953574018
1697841300000,2023-10-20T22:35:00Z,0.0000001892,0.0000001895,0.0000001888,0.0000001891,5006935710.8,947.46575914784
1697841600000,2023-10-20T22:40:00Z,0.0000001891,0.0000001896,0.0000001888,0.0000001892,4793958120.7,907.17685074183
1697841900000,2023-10-20T22:45:00Z,0.0000001892,0.0000001901,0.0000001891,0.0000001893,3273471347.4,619.63056292014
1697842200000,2023-10-20T22:50:00Z,0.0000001893,0.00000019,0.0000001888,0.0000001888,3321987445.5,629.44934279985
1697842500000,2023-10-20T22:55:00Z,0.0000001888,0.0000001896,0.0000001888,0.0000001889,3863658662,731.0292970585
1697842800000,2023-10-20T23:00:00Z,0.0000001889,0.0000001894,0.0000001882,0.0000001894,3831927853.9,723.40210179528
1697843100000,2023-10-20T23:05:00Z,0.0000001894,0.0000001896,0.000000189,0.0000001891,2215300153.4,419.22181001776
1697843400000,2023-10-20T23:10:00Z,0.0000001891,0.0000001891,0.0000001885,0.0000001888,2388148369,450.7690868166
1697843700000,2023-10-20T23:15:00Z,0.0000001888,0.0000001893,0.0000001885,0.0000001887,1382571987,261.1018876835
1697844000000,2023-10-20T23:20:00Z,0.0000001887,0.0000001887,0.0000001884,0.0000001885,3029615271.2,571.18283613128
1697844300000,2023-10-20T23:25:00Z,0.0000001885,0.0000001895,0.0000001885,0.0000001895,2495949665,472.2140809668
1697844600000,2023-10-20T23:30:00Z,0.0000001895,0.0000001901,0.0000001892,0.0000001897,1767140046.8,335.29848353246
1697844900000,2023-10-20T23:35:00Z,0.0000001897,0.00000019,0.0000001894,0.0000001899,2776230421,526.77460160134
1697845200000,2023-10-20T23:40:00Z,0.0000001899,0.0000001899,0.0000001891,0.0000001891,1075752477.3,203.71883190293
1697845500000,2023-10-20T23:45:00Z,0.0000001891,0.0000001894,0.0000001891,0.0000001892,2047655286,387.4321399022
1697845800000,2023-10-20T23:50:00Z,0.0000001892,0.0000001895,0.0000001892,0.0000001892,5091497650,963.6642624475
1697846100000,2023-10-20T23:55:00Z,0.0000001892,0.0000001933,0.0000001892,0.0000001906,20711299694.9,3961.76319181957
1697846400000,2023-10-21T00:00:00Z,0.0000001906,0.0000001906,0.0000001903,0.0000001903,2016267148.2,384.20426467488
1697846700000,2023-10-21T00:05:00Z,0.0000001903,0.0000001904,0.0000001896,0.0000001899,2070376295.2,393.30997343111
1697847000000,2023-10-21T00:10:00Z,0.0000001899,0.0000001899,0.0000001897,0.0000001897,1982815772.5,376.27244575775
1697847300000,2023-10-21T00:15:00Z,0.0000001897,0.0000001898,0.0000001889,0.0000001889,1704371266.5,322.86793213327
1697847600000,2023-10-21T00:20:00Z,0.0000001889,0.0000001892,0.0000001889,0.0000001892,1450176948.1,274.12445508252
1697847900000,2023-10-21T00:25:00Z,0.0000001892,0.0000001894,0.0000001892,0.0000001894,700226102,132.5129983956
1697848200000,2023-10-21T00:30:00Z,0.0000001894,0.0000001894,0.0000001888,0.0000001889,631823978,119.40653754731
1697848500000,2023-10-21T00:35:00Z,0.0000001889,0.0000001892,0.0000001888,0.0000001888,1800172195.6,340.41367268058
1697848800000,2023-10-21T00:40:00Z,0.0000001888,0.0000001888,0.000000188,0.000000188,766354611.7,144.42687966705
1697849100000,2023-10-21T00:45:00Z,0.000000188,0.0000001891,0.000000188,0.0000001891,802100841.4,151.47531131924
1697849400000,2023-10-21T00:50:00Z,0.0000001891,0.0000001891,0.0000001886,0.0000001889,1651837311,311.9102570261
1697849700000,2023-10-21T00:55:00Z,0.0000001889,0.000000189,0.0000001888,0.000000189,514648256,97.2239534692
1697850000000,2023-10-21T01:00:00Z,0.000000189,0.0000001892,0.0000001885,0.0000001891,2132955217.8,403.01899358448
1697850300000,2023-10-21T01:05:00Z,0.0000001891,0.0000001891,0.0000001889,0.0000001889,56767608.2,10.72340118898
1697850600000,2023-10-21T01:10:00Z,0.0000001889,0.0000001891,0.0000001889,0.000000189,1627600286,307.7162162739
1697850900000,2023-10-21T01:15:00Z,0.000000189,0.0000001891,0.000000189,0.0000001891,212082056,40.1047167896
1697851200000,2023-10-21T01:20:00Z,0.0000001891,0.00000019,0.0000001891,0.0000001898,2196846704.4,416.56657501951
1697851500000,2023-10-21T01:25:00Z,0.0000001898,0.0000001898,0.000000188,0.0000001881,2690966841.3,508.06712054253
1697851800000,2023-10-21T01:30:00Z,0.0000001881,0.0000001884,0.000000188,0.0000001881,1790831002.4,337.0047331393
1697852100000,2023-10-21T01:35:00Z,0.0000001881,0.0000001881,0.0000001863,0.0000001864,664194556.4,124.38255237366
1697852400000,2023-10-21T01:40:00Z,0.0000001864,0.0000001881,0.0000001864,0.0000001881,997861691.5,187.27304979689
1697852700000,2023-10-21T01:45:00Z,0.0000001881,0.000000189,0.0000001881,0.0000001887,864730341.5,163.1524485598
1697853000000,2023-10-21T01:50:00Z,0.0000001887,0.0000001887,0.0000001881,0.0000001881,1093765944,205.7373740664
1697853300000,2023-10-21T01:55:00Z,0.0000001881,0.0000001882,0.0000001881,0.0000001881,893227126,168.0578236627
1697853600000,2023-10-21T02:00:00Z,0.0000001881,0.0000001886,0.0000001881,0.0000001884,1526326481.4,287.44901103558
1697853900000,2023-10-21T02:05:00Z,0.0000001884,0.0000001886,0.0000001884,0.0000001886,493434478,93.03829406996
1697854200000,2023-10-21T02:10:00Z,0.0000001886,0.0000001888,0.0000001885,0.0000001887,574063445,108.2628242744
1697854500000,2023-10-21T02:15:00Z,0.0000001887,0.0000001887,0.0000001885,0.0000001885,400504280,75.56920308
1697854800000,2023-10-21T02:20:00Z,0.0000001885,0.0000001885,0.0000001884,0.0000001884,543754673.3,102.44338045012
1697855100000,2023-10-21T02:25:00Z,0.0000001884,0.0000001884,0.0000001882,0.0000001882,253546261,47.7174063202
1697855400000,2023-10-21T02:30:00Z,0.0000001882,0.0000001882,0.0000001882,0.0000001882,0,0
1697855700000,2023-10-21T02:35:00Z,0.0000001882,0.0000001882,0.0000001881,0.0000001881,63781516,11.9973031596
1697856000000,2023-10-21T02:40:00Z,0.0000001881,0.0000001885,0.0000001881,0.0000001883,10029843,1.8887601829
1697856300000,2023-10-21T02:45:00Z,0.0000001883,0.0000001884,0.0000001881,0.0000001884,295620730,55.6359268866
1697856600000,2023-10-21T02:50:00Z,0.0000001884,0.0000001884,0.0000001884,0.0000001884,0,0
1697856900000,2023-10-21T02:55:00Z,0.0000001884,0.0000001888,0.000000188,0.0000001887,483163826,91.03098242535
1697857200000,2023-10-21T03:00:00Z,0.0000001887,0.0000001887,0.0000001887,0.0000001887,0,0
1697857500000,2023-10-21T03:05:00Z,0.0000001887,0.0000001887,0.0000001884,0.0000001884,59739812,11.2549805808
1697857800000,2023-10-21T03:10:00Z,0.0000001884,0.0000001884,0.0000001884,0.0000001884,0,0
1697858100000,2023-10-21T03:15:00Z,0.0000001884,0.0000001884,0.0000001884,0.0000001884,0,0
1697858400000,2023-10-21T03:20:00Z,0.0000001884,0.0000001884,0.0000001884,0.0000001884,0,0
1697858700000,2023-10-21T03:25:00Z,0.0000001884,0.0000001884,0.0000001884,0.0000001884,0,0
1697859000000,2023-10-21T03:30:00Z,0.0000001884,0.0000001884,0.0000001879,0.000000188,166102472.4,31.22720315496
1697859300000,2023-10-21T03:35:00Z,0.000000188,0.000000188,0.000000188,0.000000188,0,0
1697859600000,2023-10-21T03:40:00Z,0.000000188,0.0000001882,0.000000188,0.0000001882,74527542,14.0260834044
1697859900000,2023-10-21T03:45:00Z,0.0000001882,0.0000001882,0.0000001881,0.0000001881,437241200,82.24506972
1697860200000,2023-10-21T03:50:00Z,0.0000001881,0.0000001881,0.0000001881,0.0000001881,0,0
1697860500000,2023-10-21T03:55:00Z,0.0000001881,0.0000001889,0.0000001881,0.0000001889,1253249451.8,236.65469450784
1697860800000,2023-10-21T04:00:00Z,0.0000001889,0.0000001889,0.0000001889,0.0000001889,0,0
1697861100000,2023-10-21T04:05:00Z,0.0000001889,0.0000001889,0.0000001886,0.0000001888,731847265.7,138.04963840542
1697861400000,2023-10-21T04:10:00Z,0.0000001888,0.0000001888,0.0000001887,0.0000001888,552019768,104.2110257047
1697861700000,2023-10-21T04:15:00Z,0.0000001888,0.0000001902,0.0000001885,0.0000001902,2551465997.2,483.03211054853
1697862000000,2023-10-21T04:20:00Z,0.0000001902,0.0000001917,0.0000001901,0.0000001904,9195711147.5,1759.70348599436
1697862300000,2023-10-21T04:25:00Z,0.0000001904,0.000000191,0.0000001875,0.0000001875,2358906801.2,447.59111070846
1697862600000,2023-10-21T04:30:00Z,0.0000001875,0.0000001883,0.0000001875,0.0000001883,352596568,66.359108616
1697862900000,2023-10-21T04:35:00Z,0.0000001883,0.0000001883,0.0000001883,0.0000001883,28677642,5.3999999886
1697863200000,2023-10-21T04:40:00Z,0.0000001883,0.0000001899,0.0000001883,0.0000001894,1541583872.2,292.05525404651
1697863500000,2023-10-21T04:45:00Z,0.0000001894,0.0000001894,0.0000001892,0.0000001894,739662732,140.002586731
1697863800000,2023-10-21T04:50:00Z,0.0000001894,0.0000001897,0.0000001887,0.0000001897,634729145.5,120.33865431935
1697864100000,2023-10-21T04:55:00Z,0.0000001897,0.0000001898,0.0000001897,0.0000001898,187793897,35.6432816506
1697864400000,2023-10-21T05:00:00Z,0.0000001898,0.0000001907,0.0000001892,0.0000001904,1434852393,272.54427842228
1697864700000,2023-10-21T05:05:00Z,0.0000001904,0.0000001905,0.0000001898,0.0000001898,1272366183.7,241.94480658563
1697865000000,2023-10-21T05:10:00Z,0.0000001898,0.0000001898,0.0000001894,0.0000001894,75091654,14.2223592676
1697865300000,2023-10-21T05:15:00Z,0.0000001894,0.0000001896,0.0000001893,0.0000001896,1371496416,259.7255822457
1697865600000,2023-10-21T05:20:00Z,0.0000001896,0.0000001897,0.0000001896,0.0000001897,280034788,53.1146938704
1697865900000,2023-10-21T05:25:00Z,0.0000001897,0.0000001897,0.0000001897,0.0000001897,100228790,19.013401463
1697866200000,2023-10-21T05:30:00Z,0.0000001897,0.0000001897,0.0000001896,0.0000001897,490082347,92.9579942334
1697866500000,2023-10-21T05:35:00Z,0.0000001897,0.0000001897,0.0000001896,0.0000001896,529208399.2,100.37188797312
1697866800000,2023-10-21T05:40:00Z,0.0000001896,0.0000001896,0.000000189,0.000000189,73756656,13.9604339154
1697867100000,2023-10-21T05:45:00Z,0.000000189,0.0000001893,0.000000189,0.0000001893,1030685968.8,194.89640287974
1697867400000,2023-10-21T05:50:00Z,0.0000001893,0.0000001896,0.0000001893,0.0000001893,531582897,100.7244051306
1697867700000,2023-10-21T05:55:00Z,0.0000001893,0.0000001897,0.0000001893,0.0000001897,123569903,23.4412105991
1697868000000,2023-10-21T06:00:00Z,0.0000001897,0.0000001897,0.0000001896,0.0000001896,272961280,51.7559569508
1697868300000,2023-10-21T06:05:00Z,0.0000001896,0.0000001912,0.0000001896,0.0000001909,3417280778,650.81100653823
1697868600000,2023-10-21T06:10:00Z,0.0000001909,0.0000001911,0.0000001896,0.00000019,4827256190.2,918.19037700286
1697868900000,2023-10-21T06:15:00Z,0.00000019,0.0000001916,0.00000019,0.0000001913,2915748412.9,557.15061992912
1697869200000,2023-10-21T06:20:00Z,0.0000001913,0.000000192,0.0000001902,0.0000001909,4705238055.9,897.39690728002
1697869500000,2023-10-21T06:25:00Z,0.0000001909,0.000000191,0.0000001909,0.000000191,50065458.9,9.5625026499
1697869800000,2023-10-21T06:30:00Z,0.000000191,0.000000191,0.0000001901,0.0000001901,559416576.2,106.62632004328
1697870100000,2023-10-21T06:35:00Z,0.0000001901,0.0000001905,0.0000001899,0.0000001905,1548960672,294.735160475
1697870400000,2023-10-21T06:40:00Z,0.0000001905,0.0000001906,0.0000001899,0.0000001899,757066410.6,144.07642746856
1697870700000,2023-10-21T06:45:00Z,0.0000001899,0.0000001905,0.0000001898,0.0000001898,468689805,89.2154078525
1697871000000,2023-10-21T06:50:00Z,0.0000001898,0.0000001905,0.0000001896,0.0000001905,2835886601.9,538.44011648119
1697871300000,2023-10-21T06:55:00Z,0.0000001905,0.000000191,0.0000001901,0.000000191,2063186763,393.09152478138
1697871600000,2023-10-21T07:00:00Z,0.000000191,0.0000001914,0.0000001905,0.0000001906,3229732470.9,617.09952440699
1697871900000,2023-10-21T07:05:00Z,0.0000001906,0.0000001907,0.0000001905,0.0000001907,1185110284.8,225.93483070918
1697872200000,2023-10-21T07:10:00Z,0.0000001907,0.0000001925,0.0000001907,0.0000001912,6809580349.8,1305.39196334676
1697872500000,2023-10-21T07:15:00Z,0.0000001912,0.0000001913,0.0000001912,0.0000001913,416397330,79.656809229
1697872800000,2023-10-21T07:20:00Z,0.0000001913,0.0000001917,0.0000001913,0.0000001914,1266348597.6,242.51067626064
1697873100000,2023-10-21T07:25:00Z,0.0000001914,0.0000001916,0.0000001914,0.0000001915,1038340743,198.8302658622
1697873400000,2023-10-21T07:30:00Z,0.0000001915,0.0000001915,0.0000001913,0.0000001913,608550523,116.4714668737
1697873700000,2023-10-21T07:35:00Z,0.0000001913,0.0000001914,0.000000191,0.0000001911,1213194791.7,231.8733753997
1697874000000,2023-10-21T07:40:00Z,0.0000001911,0.0000001922,0.000000191,0.0000001922,863105158,165.27253333103
1697874300000,2023-10-21T07:45:00Z,0.0000001922,0.0000001922,0.0000001911,0.0000001913,1467981570,280.6827319449
1697874600000,2023-10-21T07:50:00Z,0.0000001913,0.0000001914,0.000000191,0.0000001914,1920953026,367.25878592244
1697874900000,2023-10-21T07:55:00Z,0.0000001914,0.0000001916,0.000000191,0.000000191,602843737.4,115.17170471404
1697875200000,2023-10-21T08:00:00Z,0.000000191,0.0000001912,0.000000191,0.0000001912,936285697,178.9628020696
1697875500000,2023-10-21T08:05:00Z,0.0000001912,0.0000001917,0.0000001912,0.0000001913,549041026.6,105.17265054153
1697875800000,2023-10-21T08:10:00Z,0.0000001913,0.0000001918,0.0000001913,0.0000001917,1007048258.4,192.98595385132
1697876100000,2023-10-21T08:15:00Z,0.0000001917,0.0000001917,0.0000001917,0.0000001917,503864900,96.59090133
1697876400000,2023-10-21T08:20:00Z,0.0000001917,0.000000192,0.0000001913,0.0000001914,2376993551.7,455.27179652079
1697876700000,2023-10-21T08:25:00Z,0.0000001914,0.0000001914,0.0000001909,0.000000191,3763235271,719.07335140974
1697877000000,2023-10-21T08:30:00Z,0.000000191,0.0000001916,0.0000001908,0.0000001909,2198051467,420.19742827369
1697877300000,2023-10-21T08:35:00Z,0.0000001909,0.0000001909,0.0000001909,0.0000001909,0,0
1697877600000,2023-10-21T08:40:00Z,0.0000001909,0.0000001909,0.0000001901,0.0000001908,2025173603.7,385.90359981104
1697877900000,2023-10-21T08:45:00Z,0.0000001908,0.0000001909,0.0000001906,0.0000001906,815865579,155.5597464135
1697878200000,2023-10-21T08:50:00Z,0.0000001906,0.0000001909,0.0000001901,0.0000001908,2433020442,463.5570365889
1697878500000,2023-10-21T08:55:00Z,0.0000001908,0.0000001909,0.0000001901,0.0000001903,1619366820,308.6404499521
1697878800000,2023-10-21T09:00:00Z,0.0000001903,0.0000001907,0.0000001902,0.0000001906,1025878082,195.3703341259
1697879100000,2023-10-21T09:05:00Z,0.0000001906,0.0000001906,0.0000001902,0.0000001906,1318890794,250.9053833944
1697879400000,2023-10-21T09:10:00Z,0.0000001906,0.0000001908,0.0000001902,0.0000001905,1710311091,325.860294356
1697879700000,2023-10-21T09:15:00Z,0.0000001905,0.0000001908,0.0000001905,0.0000001908,3436647397,655.3796884045
1697880000000,2023-10-21T09:20:00Z,0.0000001908,0.0000001909,0.0000001908,0.0000001909,824623267,157.4205816703
1697880300000,2023-10-21T09:25:00Z,0.0000001909,0.0000001909,0.0000001909,0.0000001909,904241627,172.6197265943
1697880600000,2023-10-21T09:30:00Z,0.0000001909,0.000000191,0.0000001909,0.000000191,274660918,52.454325076
1697880900000,2023-10-21T09:35:00Z,0.000000191,0.000000191,0.000000191,0.000000191,118669977.1,22.6659656261
1697881200000,2023-10-21T09:40:00Z,0.000000191,0.0000001912,0.000000191,0.0000001911,1277592936.9,244.20964197779
1697881500000,2023-10-21T09:45:00Z,0.0000001911,0.0000001913,0.0000001911,0.0000001912,2917209929,557.5478933726
1697881800000,2023-10-21T09:50:00Z,0.0000001912,0.0000001916,0.0000001911,0.0000001916,2098847480.4,401.69748710874
1697882100000,2023-10-21T09:55:00Z,0.0000001916,0.0000001916,0.0000001913,0.0000001916,1854934909,355.1409231159
1697882400000,2023-10-21T10:00:00Z,0.0000001916,0.0000001917,0.0000001914,0.0000001916,2363011374.3,452.49279791785
1697882700000,2023-10-21T10:05:00Z,0.0000001916,0.0000001916,0.0000001914,0.0000001915,2047354345,392.0981391609
1697883000000,2023-10-21T10:10:00Z,0.0000001915,0.0000001915,0.0000001913,0.0000001913,2293591203,438.9681984562
1697883300000,2023-10-21T10:15:00Z,0.0000001913,0.0000001916,0.0000001912,0.0000001912,3104473171,594.0671493465
1697883600000,2023-10-21T10:20:00Z,0.0000001912,0.0000001915,0.0000001912,0.0000001914,511187370.2,97.85137904718
1697883900000,2023-10-21T10:25:00Z,0.0000001914,0.0000001916,0.0000001914,0.0000001915,1046380825,200.3916637103
1697884200000,2023-10-21T10:30:00Z,0.0000001915,0.0000001915,0.0000001915,0.0000001915,0,0
1697884500000,2023-10-21T10:35:00Z,0.0000001915,0.0000001915,0.0000001912,0.0000001914,2671210013.8,511.01253068602
1697884800000,2023-10-21T10:40:00Z,0.0000001914,0.0000001914,0.0000001912,0.0000001914,2904198155,555.6576400996
1697885100000,2023-10-21T10:45:00Z,0.0000001914,0.0000001915,0.0000001911,0.0000001913,2138909621,409.1339543192
1697885400000,2023-10-21T10:50:00Z,0.0000001913,0.0000001913,0.0000001912,0.0000001912,538504218,102.9620064816
1697885700000,2023-10-21T10:55:00Z,0.0000001912,0.0000001912,0.0000001912,0.0000001912,0,0
1697886000000,2023-10-21T11:00:00Z,0.0000001912,0.0000001912,0.0000001911,0.0000001911,825630728,157.7809914568
1697886300000,2023-10-21T11:05:00Z,0.0000001911,0.0000001911,0.0000001907,0.0000001911,6999202536,1336.17463709286
1697886600000,2023-10-21T11:10:00Z,0.0000001911,0.0000001911,0.0000001906,0.0000001906,2920443030.3,557.26415426447
1697886900000,2023-10-21T11:15:00Z,0.0000001906,0.0000001911,0.0000001906,0.0000001909,3051944592.4,582.50330139598
1697887200000,2023-10-21T11:20:00Z,0.0000001909,0.000000191,0.0000001909,0.000000191,62561523.9,11.9492510649
1697887500000,2023-10-21T11:25:00Z,0.000000191,0.000000191,0.000000191,0.000000191,0,0
1697887800000,2023-10-21T11:30:00Z,0.000000191,0.0000001911,0.0000001908,0.0000001911,1054922169.7,201.43920935927
1697888100000,2023-10-21T11:35:00Z,0.0000001911,0.0000001917,0.0000001906,0.0000001915,11025607077.5,2107.40302912845
1697888400000,2023-10-21T11:40:00Z,0.0000001915,0.0000001933,0.0000001915,0.0000001933,2549358686.7,489.26733717238
1697888700000,2023-10-21T11:45:00Z,0.0000001933,0.000000196,0.0000001921,0.000000194,20574743400.3,4007.14267508601
1697889000000,2023-10-21T11:50:00Z,0.000000194,0.0000001943,0.0000001939,0.0000001939,4157744288.8,806.8351525357
1697889300000,2023-10-21T11:55:00Z,0.0000001939,0.0000001966,0.0000001939,0.0000001946,13271177832.5,2588.99886671006
1697889600000,2023-10-21T12:00:00Z,0.0000001946,0.0000001952,0.0000001945,0.0000001945,3869589020.8,753.9891632352
1697889900000,2023-10-21T12:05:00Z,0.0000001945,0.000000195,0.0000001939,0.0000001944,3896200066.5,757.45437841969
1697890200000,2023-10-21T12:10:00Z,0.0000001944,0.0000001946,0.0000001939,0.0000001942,3419026144.2,664.06657068932
1697890500000,2023-10-21T12:15:00Z,0.0000001942,0.0000001956,0.0000001938,0.0000001938,7178821204.2,1394.62251001416
1697890800000,2023-10-21T12:20:00Z,0.0000001938,0.0000001942,0.0000001936,0.0000001937,3537778430.7,685.8249271115
1697891100000,2023-10-21T12:25:00Z,0.0000001937,0.0000001964,0.0000001936,0.0000001937,7890614807.6,1535.83217779929
1697891400000,2023-10-21T12:30:00Z,0.0000001937,0.0000001944,0.0000001937,0.0000001941,2510959484.9,487.21340312499
1697891700000,2023-10-21T12:35:00Z,0.0000001941,0.0000001941,0.0000001937,0.0000001937,2909113607.6,563.90279215816
1697892000000,2023-10-21T12:40:00Z,0.0000001937,0.0000001939,0.0000001936,0.0000001938,1928807820,373.67326660855
1697892300000,2023-10-21T12:45:00Z,0.0000001938,0.0000001938,0.0000001931,0.0000001931,2792525329.9,540.56544400771
1697892600000,2023-10-21T12:50:00Z,0.0000001931,0.0000001932,0.0000001928,0.0000001931,3612148645.7,697.12503569282
1697892900000,2023-10-21T12:55:00Z,0.0000001931,0.0000001931,0.0000001926,0.0000001927,1537861770.8,296.49736501196
1697893200000,2023-10-21T13:00:00Z,0.0000001927,0.0000001929,0.0000001924,0.0000001928,3427922214.5,660.56606435155
1697893500000,2023-10-21T13:05:00Z,0.0000001928,0.0000001928,0.0000001925,0.0000001925,3087430753,594.8034113497
1697893800000,2023-10-21T13:10:00Z,0.0000001925,0.0000001933,0.0000001925,0.0000001931,1773546703.5,342.00031491695
1697894100000,2023-10-21T13:15:00Z,0.0000001931,0.0000001935,0.0000001926,0.0000001934,3186087927.6,615.42739502108
1697894400000,2023-10-21T13:20:00Z,0.0000001934,0.0000001935,0.0000001931,0.0000001935,2847909080,550.8413914072
1697894700000,2023-10-21T13:25:00Z,0.0000001935,0.0000001935,0.000000193,0.0000001935,2654730338,513.2798329189
1697895000000,2023-10-21T13:30:00Z,0.0000001935,0.0000001941,0.0000001934,0.0000001937,3185648131,616.88786838825
1697895300000,2023-10-21T13:35:00Z,0.0000001937,0.0000001941,0.0000001931,0.0000001941,3962999073.7,767.37407998503
1697895600000,2023-10-21T13:40:00Z,0.0000001941,0.0000001942,0.0000001939,0.0000001942,2242317840,434.9112687218
1697895900000,2023-10-21T13:45:00Z,0.0000001942,0.0000001952,0.0000001942,0.0000001943,5130271569,998.06722479521
1697896200000,2023-10-21T13:50:00Z,0.0000001943,0.0000001946,0.0000001939,0.0000001941,2665720182,517.8753274954
1697896500000,2023-10-21T13:55:00Z,0.0000001941,0.0000001942,0.0000001938,0.0000001939,2429573898.9,471.26908478232
1697896800000,2023-10-21T14:00:00Z,0.0000001939,0.0000001942,0.0000001934,0.0000001942,2906289760.4,563.23602936568
1697897100000,2023-10-21T14:05:00Z,0.0000001942,0.0000001942,0.0000001935,0.0000001937,786877370,152.3793170956
1697897400000,2023-10-21T14:10:00Z,0.0000001937,0.0000001945,0.0000001937,0.0000001938,2449528620,475.1531009027
1697897700000,2023-10-21T14:15:00Z,0.0000001938,0.0000001945,0.0000001938,0.0000001941,1503254222,291.9177978392
1697898000000,2023-10-21T14:20:00Z,0.0000001941,0.0000001941,0.0000001932,0.0000001933,2527768904.9,489.08775820218
1697898300000,2023-10-21T14:25:00Z,0.0000001933,0.0000001933,0.000000193,0.0000001932,1029938596.6,198.97710862687
1697898600000,2023-10-21T14:30:00Z,0.0000001932,0.0000001943,0.0000001932,0.0000001933,1849401046.8,357.73028806954
1697898900000,2023-10-21T14:35:00Z,0.0000001933,0.0000001935,0.0000001931,0.0000001934,2191810155,423.7294768759
1697899200000,2023-10-21T14:40:00Z,0.0000001934,0.0000001935,0.0000001931,0.0000001931,957338757,185.1143650211
1697899500000,2023-10-21T14:45:00Z,0.0000001931,0.0000001937,0.0000001931,0.0000001934,2760411841,534.2224661863
1697899800000,2023-10-21T14:50:00Z,0.0000001934,0.0000001951,0.0000001932,0.0000001951,6829207386,1323.26126236823
1697900100000,2023-10-21T14:55:00Z,0.0000001951,0.0000001951,0.0000001933,0.0000001938,1587079442.8,307.59193684345
1697900400000,2023-10-21T15:00:00Z,0.0000001938,0.0000001939,0.0000001932,0.0000001937,1724224676.6,333.52999594668
1697900700000,2023-10-21T15:05:00Z,0.0000001937,0.0000001937,0.0000001926,0.0000001933,7104511084.9,1373.74931731496
1697901000000,2023-10-21T15:10:00Z,0.0000001933,0.0000001934,0.000000193,0.0000001932,1963489664,379.41470186862
1697901300000,2023-10-21T15:15:00Z,0.0000001932,0.0000001941,0.0000001931,0.0000001937,2883864871,558.31785481251
1697901600000,2023-10-21T15:20:00Z,0.0000001937,0.000000195,0.0000001934,0.000000195,2374197709,460.00191126254
1697901900000,2023-10-21T15:25:00Z,0.000000195,0.000000195,0.0000001938,0.0000001938,1184933999,229.6684521944
1697902200000,2023-10-21T15:30:00Z,0.0000001938,0.0000001939,0.0000001937,0.0000001939,2284579287,442.7792901357
1697902500000,2023-10-21T15:35:00Z,0.0000001939,0.0000001942,0.0000001939,0.0000001942,173002062,33.5758812964
1697902800000,2023-10-21T15:40:00Z,0.0000001942,0.0000001942,0.0000001941,0.0000001941,163562634,31.7475072594
1697903100000,2023-10-21T15:45:00Z,0.0000001941,0.0000001945,0.0000001941,0.0000001945,687020304,133.4946514674
1697903400000,2023-10-21T15:50:00Z,0.0000001945,0.0000001949,0.0000001939,0.0000001939,2669584304.6,519.17599206911
1697903700000,2023-10-21T15:55:00Z,0.0000001939,0.0000001941,0.0000001935,0.0000001935,1176142587.8,228.08896764497
1697904000000,2023-10-21T16:00:00Z,0.0000001935,0.0000001948,0.0000001935,0.0000001948,1147565778.4,222.51159171893
1697904300000,2023-10-21T16:05:00Z,0.0000001948,0.0000001959,0.0000001948,0.0000001956,2571610011.6,502.63067697753
1697904600000,2023-10-21T16:10:00Z,0.0000001956,0.0000001969,0.0000001954,0.0000001969,4599643470.8,900.87888198601
1697904900000,2023-10-21T16:15:00Z,0.0000001969,0.0000001973,0.0000001959,0.0000001972,2860434645.5,563.3392657501
1697905200000,2023-10-21T16:20:00Z,0.0000001972,0.0000001974,0.0000001968,0.0000001974,3702217635.3,730.22320986049
1697905500000,2023-10-21T16:25:00Z,0.0000001974,0.0000001982,0.0000001972,0.0000001982,3993951973,788.69890525875
1697905800000,2023-10-21T16:30:00Z,0.0000001982,0.0000001982,0.0000001968,0.0000001973,1214839295,239.6136272595
1697906100000,2023-10-21T16:35:00Z,0.0000001973,0.0000001979,0.0000001972,0.0000001972,2033523220.8,402.10504453975
1697906400000,2023-10-21T16:40:00Z,0.0000001972,0.0000001996,0.0000001972,0.0000001989,2898639563.8,576.10731624833
1697906700000,2023-10-21T16:45:00Z,0.0000001989,0.0000001995,0.0000001984,0.0000001995,2926240836.9,581.37113308293
1697907000000,2023-10-21T16:50:00Z,0.0000001995,0.0000001995,0.0000001986,0.0000001988,353849824,70.320025687
1697907300000,2023-10-21T16:55:00Z,0.0000001988,0.0000001995,0.0000001987,0.0000001994,2561201236,510.13908392774
1697907600000,2023-10-21T17:00:00Z,0.0000001994,0.0000001995,0.0000001975,0.0000001988,13001415833.9,2577.79328526056
1697907900000,2023-10-21T17:05:00Z,0.0000001988,0.0000001993,0.0000001985,0.0000001991,3840775270,763.7626438074
1697908200000,2023-10-21T17:10:00Z,0.0000001991,0.0000002015,0.0000001991,0.0000002015,4548585630.5,908.23286319699
1697908500000,2023-10-21T17:15:00Z,0.0000002015,0.0000002015,0.0000001994,0.0000002013,11362630981,2272.25215623177
1697908800000,2023-10-21T17:20:00Z,0.0000002013,0.0000002013,0.000000201,0.0000002011,2685320556,539.9796815989
1697909100000,2023-10-21T17:25:00Z,0.0000002011,0.0000002013,0.0000002006,0.0000002013,3595333483,722.47106875428
1697909400000,2023-10-21T17:30:00Z,0.0000002013,0.0000002018,0.0000002012,0.0000002015,2526605724.2,508.88712414514
1697909700000,2023-10-21T17:35:00Z,0.0000002015,0.0000002027,0.0000002013,0.0000002027,4940643689.6,997.99333521005
1697910000000,2023-10-21T17:40:00Z,0.0000002027,0.0000002041,0.0000002025,0.0000002036,1717662158,349.11305153812
1697910300000,2023-10-21T17:45:00Z,0.0000002036,0.0000002051,0.0000002029,0.0000002036,4377089846.9,891.24426641532
1697910600000,2023-10-21T17:50:00Z,0.0000002036,0.0000002043,0.0000002022,0.0000002022,6560955537.6,1332.53187490058
1697910900000,2023-10-21T17:55:00Z,0.0000002022,0.0000002031,0.0000002022,0.0000002028,2728940472,553.51382862244
1697911200000,2023-10-21T18:00:00Z,0.0000002028,0.0000002059,0.0000002027,0.0000002035,2158848947.3,440.87274813588
1697911500000,2023-10-21T18:05:00Z,0.0000002035,0.0000002042,0.0000002016,0.000000202,3354409184.8,679.7429349644
1697911800000,2023-10-21T18:10:00Z,0.000000202,0.0000002021,0.0000002012,0.0000002018,4110205728.2,829.90438766407
1697912100000,2023-10-21T18:15:00Z,0.0000002018,0.0000002018,0.0000002016,0.0000002018,1509507591,304.4892103621
1697912400000,2023-10-21T18:20:00Z,0.0000002018,0.0000002066,0.0000002018,0.0000002045,6342629742.2,1295.6296892595
1697912700000,2023-10-21T18:25:00Z,0.0000002045,0.0000002068,0.0000002043,0.0000002047,8649977592.9,1773.05471373226
1697913000000,2023-10-21T18:30:00Z,0.0000002047,0.0000002047,0.000000203,0.0000002036,3163926972.4,646.28919967997
1697913300000,2023-10-21T18:35:00Z,0.0000002036,0.0000002037,0.0000002028,0.0000002037,2757142233,560.58983547174
1697913600000,2023-10-21T18:40:00Z,0.0000002037,0.0000002043,0.0000002032,0.0000002041,2566065866.2,522.56122424126
1697913900000,2023-10-21T18:45:00Z,0.0000002041,0.0000002047,0.0000002034,0.0000002035,1858549652.8,378.54182825326
1697914200000,2023-10-21T18:50:00Z,0.0000002035,0.0000002046,0.0000002032,0.0000002043,1453588297.8,296.58040457912
1697914500000,2023-10-21T18:55:00Z,0.0000002043,0.0000002046,0.0000002035,0.0000002035,1965365773.1,400.96986294174
1697914800000,2023-10-21T19:00:00Z,0.0000002035,0.0000002046,0.0000002033,0.0000002036,2838954403.9,578.72776605447
1697915100000,2023-10-21T19:05:00Z,0.0000002036,0.0000002041,0.0000002033,0.0000002034,1588864774.7,323.46073285133
1697915400000,2023-10-21T19:10:00Z,0.0000002034,0.000000204,0.0000002034,0.0000002039,3797166715.9,773.87827699361
1697915700000,2023-10-21T19:15:00Z,0.0000002039,0.0000002044,0.0000002025,0.0000002025,3303236751.4,671.89356194623
1697916000000,2023-10-21T19:20:00Z,0.0000002025,0.0000002032,0.000000202,0.0000002021,4231587253.7,856.37889057523
1697916300000,2023-10-21T19:25:00Z,0.0000002021,0.0000002044,0.000000202,0.0000002044,3746584192,762.96546320269
1697916600000,2023-10-21T19:30:00Z,0.0000002044,0.0000002046,0.0000002039,0.000000204,2023117273.7,413.12663327853
1697916900000,2023-10-21T19:35:00Z,0.000000204,0.0000002047,0.0000002039,0.0000002047,4373716075.5,893.73027212327
1697917200000,2023-10-21T19:40:00Z,0.0000002047,0.0000002052,0.000000204,0.0000002044,2915880275,596.44097210724
1697917500000,2023-10-21T19:45:00Z,0.0000002044,0.0000002092,0.0000002044,0.0000002069,5985270408,1232.37285083264
1697917800000,2023-10-21T19:50:00Z,0.0000002069,0.0000002083,0.0000002039,0.0000002051,8659875161.9,1774.82255908519
1697918100000,2023-10-21T19:55:00Z,0.0000002051,0.0000002085,0.0000002048,0.0000002085,4251602613.6,875.04280654911
1697918400000,2023-10-21T20:00:00Z,0.0000002085,0.0000002099,0.000000207,0.0000002072,3973688032.4,825.77843731024
1697918700000,2023-10-21T20:05:00Z,0.0000002072,0.0000002072,0.0000002059,0.0000002068,3413196168.4,705.38219489383
1697919000000,2023-10-21T20:10:00Z,0.0000002068,0.0000002074,0.000000206,0.0000002072,4457862893,920.33841281583
1697919300000,2023-10-21T20:15:00Z,0.0000002072,0.0000002091,0.0000002072,0.0000002091,3962455806,826.58509253566
1697919600000,2023-10-21T20:20:00Z,0.0000002091,0.0000002098,0.0000002086,0.0000002089,10926947674.6,2282.30151191025
1697919900000,2023-10-21T20:25:00Z,0.0000002089,0.0000002091,0.0000002086,0.0000002087,3876552817,809.9261059327
1697920200000,2023-10-21T20:30:00Z,0.0000002087,0.0000002109,0.0000002086,0.0000002094,7001984003,1467.17069656842
1697920500000,2023-10-21T20:35:00Z,0.0000002094,0.0000002126,0.0000002094,0.0000002111,42165514796,8921.42112069323
1697920800000,2023-10-21T20:40:00Z,0.0000002111,0.0000002127,0.0000002106,0.0000002122,10163147210.6,2149.36684722002
1697921100000,2023-10-21T20:45:00Z,0.0000002122,0.0000002124,0.0000002113,0.0000002119,1443915491.3,305.6152573543
1697921400000,2023-10-21T20:50:00Z,0.0000002119,0.0000002128,0.0000002119,0.0000002119,3494629550.3,742.47403779199
1697921700000,2023-10-21T20:55:00Z,0.0000002119,0.000000212,0.0000002103,0.0000002105,3225242496.8,681.81592041816
1697922000000,2023-10-21T21:00:00Z,0.0000002105,0.0000002133,0.0000002098,0.0000002133,15739100246.4,3316.59694316006
1697922300000,2023-10-21T21:05:00Z,0.0000002133,0.0000002147,0.0000002127,0.0000002147,4309128865.9,919.59299383911
1697922600000,2023-10-21T21:10:00Z,0.0000002147,0.0000002147,0.0000002116,0.000000213,3476392924.7,739.71026271067
1697922900000,2023-10-21T21:15:00Z,0.000000213,0.0000002136,0.0000002116,0.0000002136,1769539033.8,375.80132895034
1697923200000,2023-10-21T21:20:00Z,0.0000002136,0.0000002158,0.0000002134,0.0000002141,11690867932.2,2505.23868891414
1697923500000,2023-10-21T21:25:00Z,0.0000002141,0.0000002142,0.0000002133,0.0000002141,5414153506.7,1157.38337861763
1697923800000,2023-10-21T21:30:00Z,0.0000002141,0.0000002142,0.0000002122,0.0000002122,22516001037.8,4820.95549385517
1697924100000,2023-10-21T21:35:00Z,0.0000002122,0.0000002129,0.0000002103,0.0000002124,3357205019.1,709.33000895065
1697924400000,2023-10-21T21:40:00Z,0.0000002124,0.000000213,0.0000002118,0.0000002123,8971671863.2,1905.37143922364
1697924700000,2023-10-21T21:45:00Z,0.0000002123,0.0000002123,0.0000002116,0.0000002117,2418156252.2,512.22494380555
1697925000000,2023-10-21T21:50:00Z,0.0000002117,0.0000002142,0.0000002105,0.0000002142,6425153080.8,1361.97549649894
1697925300000,2023-10-21T21:55:00Z,0.0000002142,0.0000002142,0.0000002128,0.0000002132,4925253167.1,1051.48871988784
1697925600000,2023-10-21T22:00:00Z,0.0000002132,0.0000002133,0.0000002115,0.000000212,6654958154.2,1413.52930089825
1697925900000,2023-10-21T22:05:00Z,0.000000212,0.000000212,0.000000211,0.0000002111,1601543701,338.51852982495
1697926200000,2023-10-21T22:10:00Z,0.0000002111,0.0000002123,0.0000002108,0.0000002111,6650510520.9,1406.35606135504
1697926500000,2023-10-21T22:15:00Z,0.0000002111,0.0000002117,0.0000002106,0.0000002117,3308068426,698.6905751752
1697926800000,2023-10-21T22:20:00Z,0.0000002117,0.0000002121,0.0000002106,0.0000002121,3249477707.1,686.25178586948
1697927100000,2023-10-21T22:25:00Z,0.0000002121,0.0000002121,0.0000002115,0.0000002116,8791580242,1860.10988740459
1697927400000,2023-10-21T22:30:00Z,0.0000002116,0.0000002135,0.0000002116,0.0000002135,4260855890.5,907.65029780041
1697927700000,2023-10-21T22:35:00Z,0.0000002135,0.0000002148,0.0000002117,0.0000002117,4162428452.1,889.19125680621
1697928000000,2023-10-21T22:40:00Z,0.0000002117,0.0000002117,0.0000002098,0.0000002106,33592965019.4,7098.38305099404
1697928300000,2023-10-21T22:45:00Z,0.0000002106,0.0000002106,0.0000002099,0.0000002101,3285469192,690.31369180916
1697928600000,2023-10-21T22:50:00Z,0.0000002101,0.0000002137,0.0000002101,0.0000002137,1512775155.3,318.9917203972
1697928900000,2023-10-21T22:55:00Z,0.0000002137,0.0000002137,0.0000002119,0.0000002132,3079937422.7,654.22681556266
1697929200000,2023-10-21T23:00:00Z,0.0000002132,0.0000002132,0.0000002107,0.0000002113,1196586271.7,253.33990421001
1697929500000,2023-10-21T23:05:00Z,0.0000002113,0.0000002126,0.0000002113,0.0000002126,1141826888,241.66701795604
1697929800000,2023-10-21T23:10:00Z,0.0000002126,0.0000002126,0.0000002093,0.0000002093,5013372269.7,1055.68899639211
1697930100000,2023-10-21T23:15:00Z,0.0000002093,0.0000002109,0.0000002059,0.0000002105,38658611617.8,8024.19557212304
1697930400000,2023-10-21T23:20:00Z,0.0000002105,0.0000002105,0.0000002092,0.0000002092,1707576964.2,358.02250712583
1697930700000,2023-10-21T23:25:00Z,0.0000002092,0.0000002092,0.0000002059,0.0000002065,2203933319.2,456.66239288844
1697931000000,2023-10-21T23:30:00Z,0.0000002065,0.0000002065,0.0000002052,0.0000002063,1157059191,237.98222451886
1697931300000,2023-10-21T23:35:00Z,0.0000002063,0.0000002063,0.0000002041,0.0000002047,11552135037.7,2370.72721966387
1697931600000,2023-10-21T23:40:00Z,0.0000002047,0.0000002054,0.0000002039,0.0000002049,24016696367.3,4910.83286908062
1697931900000,2023-10-21T23:45:00Z,0.0000002049,0.0000002049,0.0000002043,0.0000002047,5450585532.8,1115.99847862114
1697932200000,2023-10-21T23:50:00Z,0.0000002047,0.0000002054,0.0000002025,0.0000002025,11000017411.1,2244.07148513539
1697932500000,2023-10-21T23:55:00Z,0.0000002025,0.0000002048,0.0000002025,0.0000002048,1101096028.6,225.2423479119
1697932800000,2023-10-22T00:00:00Z,0.0000002048,0.0000002049,0.0000002038,0.0000002039,903471500.7,184.30374651135
1697933100000,2023-10-22T00:05:00Z,0.0000002039,0.000000204,0.0000002037,0.0000002038,4268214823,870.013038859
1697933400000,2023-10-22T00:10:00Z,0.0000002038,0.0000002045,0.0000002038,0.0000002044,269115459,55.0069327385
1697933700000,2023-10-22T00:15:00Z,0.0000002044,0.000000205,0.0000002044,0.000000205,3775382847,773.25001803936
1697934000000,2023-10-22T00:20:00Z,0.000000205,0.000000205,0.0000002046,0.0000002047,2144012401,439.0038268923
1697934300000,2023-10-22T00:25:00Z,0.0000002047,0.0000002053,0.0000002047,0.0000002048,620900477,127.1254205736
1697934600000,2023-10-22T00:30:00Z,0.0000002048,0.0000002054,0.0000002048,0.0000002054,1174406779,240.9969222602
1697934900000,2023-10-22T00:35:00Z,0.0000002054,0.0000002072,0.0000002054,0.0000002064,16020457472.9,3302.77339391033
1697935200000,2023-10-22T00:40:00Z,0.0000002064,0.0000002072,0.0000002064,0.0000002072,1579623537,327.2188548915
1697935500000,2023-10-22T00:45:00Z,0.0000002072,0.000000208,0.0000002072,0.000000208,555529939.7,115.34692207248
1697935800000,2023-10-22T00:50:00Z,0.000000208,0.0000002084,0.0000002076,0.0000002084,864359146.2,179.620908372
1697936100000,2023-10-22T00:55:00Z,0.0000002084,0.0000002084,0.0000002079,0.0000002081,2097574908.2,436.92638410945
1697936400000,2023-10-22T01:00:00Z,0.0000002081,0.0000002083,0.0000002081,0.0000002083,456636048,95.0828631242
1697936700000,2023-10-22T01:05:00Z,0.0000002083,0.0000002083,0.0000002083,0.0000002083,84914367,17.6876626461
1697937000000,2023-10-22T01:10:00Z,0.0000002083,0.0000002087,0.0000002083,0.0000002087,2004961074,418.11532296
1697937300000,2023-10-22T01:15:00Z,0.0000002087,0.0000002094,0.0000002087,0.0000002093,816208814,170.8744993844
1697937600000,2023-10-22T01:20:00Z,0.0000002093,0.0000002093,0.0000002089,0.000000209,1158524758,242.1170231726
1697937900000,2023-10-22T01:25:00Z,0.000000209,0.000000209,0.0000002086,0.0000002089,210526216.5,43.9603465427
1697938200000,2023-10-22T01:30:00Z,0.0000002089,0.0000002089,0.0000002087,0.0000002087,149995183,31.3039946921
1697938500000,2023-10-22T01:35:00Z,0.0000002087,0.0000002087,0.0000002075,0.000000208,1798837810.8,374.00365328728
1697938800000,2023-10-22T01:40:00Z,0.000000208,0.0000002089,0.0000002079,0.0000002089,1908823787,397.97040035532
1697939100000,2023-10-22T01:45:00Z,0.0000002089,0.0000002089,0.0000002083,0.0000002083,1942574021,404.8235937313
1697939400000,2023-10-22T01:50:00Z,0.0000002083,0.0000002091,0.0000002083,0.0000002089,3651354676.1,762.18652725541
1697939700000,2023-10-22T01:55:00Z,0.0000002089,0.0000002099,0.0000002089,0.0000002094,4065724889.9,851.11111172747
1697940000000,2023-10-22T02:00:00Z,0.0000002094,0.0000002094,0.0000002081,0.0000002085,3509345272.8,731.73591326835
1697940300000,2023-10-22T02:05:00Z,0.0000002085,0.0000002088,0.0000002085,0.0000002088,2013244048,420.11394934132
1697940600000,2023-10-22T02:10:00Z,0.0000002088,0.0000002091,0.0000002088,0.0000002088,1959233539,409.42269022166
1697940900000,2023-10-22T02:15:00Z,0.0000002088,0.0000002094,0.0000002088,0.0000002094,744586721,155.79932469027
1697941200000,2023-10-22T02:20:00Z,0.0000002094,0.0000002094,0.0000002086,0.0000002088,705142692.6,147.38068235363
1697941500000,2023-10-22T02:25:00Z,0.0000002088,0.0000002088,0.0000002084,0.0000002087,313007114.9,65.27264739643
1697941800000,2023-10-22T02:30:00Z,0.0000002087,0.0000002088,0.0000002084,0.0000002084,2274104912,474.47167384113
1697942100000,2023-10-22T02:35:00Z,0.0000002084,0.0000002091,0.0000002083,0.0000002091,2571191461,536.5038794767
1697942400000,2023-10-22T02:40:00Z,0.0000002091,0.000000211,0.0000002084,0.0000002107,23063168264,4831.79757405481
1697942700000,2023-10-22T02:45:00Z,0.0000002107,0.0000002107,0.0000002086,0.000000209,4814094749.3,1005.83340504075
1697943000000,2023-10-22T02:50:00Z,0.000000209,0.000000209,0.0000002083,0.0000002087,1989464375.1,415.26298136963
1697943300000,2023-10-22T02:55:00Z,0.0000002087,0.0000002089,0.0000002085,0.0000002085,1447243670,301.94307767673
1697943600000,2023-10-22T03:00:00Z,0.0000002085,0.0000002085,0.0000002083,0.0000002084,516990430,107.7028120507
1697943900000,2023-10-22T03:05:00Z,0.0000002084,0.0000002084,0.0000002084,0.0000002084,0,0
1697944200000,2023-10-22T03:10:00Z,0.0000002084,0.0000002094,0.0000002084,0.0000002091,2718555641,568.1526383723
1697944500000,2023-10-22T03:15:00Z,0.0000002091,0.0000002094,0.0000002085,0.0000002093,893824933.2,186.85240041455
1697944800000,2023-10-22T03:20:00Z,0.0000002093,0.0000002093,0.0000002091,0.0000002091,638311525,133.4709398775
1697945100000,2023-10-22T03:25:00Z,0.0000002091,0.0000002091,0.0000002087,0.0000002087,300536065,62.7218767655
1697945400000,2023-10-22T03:30:00Z,0.0000002087,0.0000002088,0.0000002085,0.0000002087,1180545244.9,246.41560700545
1697945700000,2023-10-22T03:35:00Z,0.0000002087,0.0000002095,0.0000002085,0.0000002085,2629199348,549.75795144814
1697946000000,2023-10-22T03:40:00Z,0.0000002085,0.0000002086,0.0000002077,0.000000208,1706536864.4,355.1949400355
1697946300000,2023-10-22T03:45:00Z,0.000000208,0.000000208,0.0000002069,0.0000002069,589212249.2,122.35037723674
1697946600000,2023-10-22T03:50:00Z,0.0000002069,0.0000002077,0.0000002069,0.0000002077,909300608,188.5946374366
1697946900000,2023-10-22T03:55:00Z,0.0000002077,0.0000002079,0.0000002077,0.0000002079,598540525.2,124.43096201524
1697947200000,2023-10-22T04:00:00Z,0.0000002079,0.0000002087,0.0000002079,0.0000002084,439567737.7,91.66278913111
1697947500000,2023-10-22T04:05:00Z,0.0000002084,0.0000002084,0.0000002074,0.0000002076,1671181376.6,346.88063716686
1697947800000,2023-10-22T04:10:00Z,0.0000002076,0.0000002076,0.0000002062,0.000000207,1634303840.9,337.85973538208
1697948100000,2023-10-22T04:15:00Z,0.000000207,0.0000002079,0.000000207,0.0000002077,1673154181,347.39267651125
1697948400000,2023-10-22T04:20:00Z,0.0000002077,0.0000002077,0.0000002061,0.0000002065,2683578931,554.53309664191
1697948700000,2023-10-22T04:25:00Z,0.0000002065,0.0000002069,0.0000002065,0.0000002067,727652931,150.44785451292
1697949000000,2023-10-22T04:30:00Z,0.0000002067,0.0000002093,0.0000002067,0.0000002093,295133444.1,61.59226581303
1697949300000,2023-10-22T04:35:00Z,0.0000002093,0.0000002093,0.0000002093,0.0000002093,0,0
1697949600000,2023-10-22T04:40:00Z,0.0000002093,0.0000002093,0.0000002089,0.0000002089,1667427061.7,348.74127479193
1697949900000,2023-10-22T04:45:00Z,0.0000002089,0.0000002089,0.0000002069,0.0000002069,898418348.6,186.21769840006
1697950200000,2023-10-22T04:50:00Z,0.0000002069,0.0000002087,0.0000002069,0.0000002087,1563472666,325.542527484
1697950500000,2023-10-22T04:55:00Z,0.0000002087,0.0000002095,0.0000002087,0.0000002095,290161811.5,60.69482731317
1697950800000,2023-10-22T05:00:00Z,0.0000002095,0.0000002114,0.0000002095,0.0000002107,1722157814.7,362.04305871111
1697951100000,2023-10-22T05:05:00Z,0.0000002107,0.0000002108,0.000000208,0.0000002089,1864021437,390.43219051382
1697951400000,2023-10-22T05:10:00Z,0.0000002089,0.0000002096,0.0000002077,0.0000002096,1364925377,284.47306504615
1697951700000,2023-10-22T05:15:00Z,0.0000002096,0.00000021,0.0000002092,0.0000002099,1853658703.5,388.3549661033
1697952000000,2023-10-22T05:20:00Z,0.0000002099,0.0000002105,0.0000002095,0.0000002105,1551912413.5,325.43814958866
1697952300000,2023-10-22T05:25:00Z,0.0000002105,0.000000211,0.0000002105,0.0000002105,736566744,155.3627137485
1697952600000,2023-10-22T05:30:00Z,0.0000002105,0.0000002106,0.0000002099,0.0000002099,2367305975,497.71985764348
1697952900000,2023-10-22T05:35:00Z,0.0000002099,0.0000002099,0.0000002099,0.0000002099,0,0
1697953200000,2023-10-22T05:40:00Z,0.0000002099,0.000000211,0.0000002099,0.0000002109,1035593812,218.4501052171
1697953500000,2023-10-22T05:45:00Z,0.0000002109,0.0000002109,0.0000002102,0.0000002102,1198450184,251.9142286768
1697953800000,2023-10-22T05:50:00Z,0.0000002102,0.0000002109,0.0000002102,0.0000002109,159729633,33.6869795997
1697954100000,2023-10-22T05:55:00Z,0.0000002109,0.0000002114,0.0000002105,0.000000211,2512626190,530.6080986637
1697954400000,2023-10-22T06:00:00Z,0.000000211,0.0000002118,0.000000211,0.0000002116,1079735794,228.33771104059
1697954700000,2023-10-22T06:05:00Z,0.0000002116,0.0000002118,0.0000002112,0.0000002113,1736406196.6,367.27943732278
1697955000000,2023-10-22T06:10:00Z,0.0000002113,0.0000002121,0.0000002109,0.0000002113,3267068028,691.36533468258
1697955300000,2023-10-22T06:15:00Z,0.0000002113,0.0000002118,0.0000002113,0.0000002118,1791961380.3,379.34300418287
1697955600000,2023-10-22T06:20:00Z,0.0000002118,0.0000002121,0.0000002107,0.0000002109,9607384315.6,2033.46488617129
1697955900000,2023-10-22T06:25:00Z,0.0000002109,0.0000002125,0.0000002106,0.0000002113,7156932189.4,1513.87607871678
1697956200000,2023-10-22T06:30:00Z,0.0000002113,0.0000002114,0.0000002106,0.0000002106,2751498211.9,580.22330802174
1697956500000,2023-10-22T06:35:00Z,0.0000002106,0.0000002115,0.0000002106,0.0000002113,4813111096.4,1016.95699858921
1697956800000,2023-10-22T06:40:00Z,0.0000002113,0.0000002113,0.0000002103,0.0000002104,893263416,188.14576428502
1697957100000,2023-10-22T06:45:00Z,0.0000002104,0.0000002112,0.0000002102,0.0000002109,1995835765.3,420.96537286378
1697957400000,2023-10-22T06:50:00Z,0.0000002109,0.0000002119,0.0000002102,0.0000002116,1140606764,240.70834104266
1697957700000,2023-10-22T06:55:00Z,0.0000002116,0.0000002116,0.0000002108,0.0000002115,3300718861.6,696.94754982564
1697958000000,2023-10-22T07:00:00Z,0.0000002115,0.0000002115,0.0000002109,0.000000211,449656932.1,95.00278004549
1697958300000,2023-10-22T07:05:00Z,0.000000211,0.0000002116,0.000000211,0.0000002113,1117473805.4,236.33494925416
1697958600000,2023-10-22T07:10:00Z,0.0000002113,0.0000002115,0.0000002104,0.0000002104,1713010207.8,361.07969012349
1697958900000,2023-10-22T07:15:00Z,0.0000002104,0.0000002114,0.0000002104,0.0000002114,1356936999,286.65254340486
1697959200000,2023-10-22T07:20:00Z,0.0000002114,0.0000002115,0.0000002106,0.0000002112,1045791210.9,220.99502172354
1697959500000,2023-10-22T07:25:00Z,0.0000002112,0.0000002114,0.0000002106,0.0000002112,2726851298.6,575.06478079032
1697959800000,2023-10-22T07:30:00Z,0.0000002112,0.0000002115,0.0000002106,0.0000002106,1365132991.1,288.04044257845
1697960100000,2023-10-22T07:35:00Z,0.0000002106,0.000000211,0.0000002099,0.000000211,760978667.5,160.19008873538
1697960400000,2023-10-22T07:40:00Z,0.000000211,0.0000002112,0.00000021,0.0000002108,1485777599.1,313.25593783826
1697960700000,2023-10-22T07:45:00Z,0.0000002108,0.0000002113,0.00000021,0.0000002113,1880556411,396.18178161331
1697961000000,2023-10-22T07:50:00Z,0.0000002113,0.0000002116,0.0000002105,0.0000002116,1879013977.7,396.51763515123
1697961300000,2023-10-22T07:55:00Z,0.0000002116,0.0000002116,0.0000002102,0.0000002102,11479165643.1,2415.70380888118
1697961600000,2023-10-22T08:00:00Z,0.0000002102,0.0000002118,0.0000002102,0.0000002115,5226721500.1,1105.11402186518
1697961900000,2023-10-22T08:05:00Z,0.0000002115,0.0000002115,0.0000002108,0.0000002112,1221428877,257.5945606474
1697962200000,2023-10-22T08:10:00Z,0.0000002112,0.0000002116,0.0000002106,0.0000002106,2067992584,436.2530603729
1697962500000,2023-10-22T08:15:00Z,0.0000002106,0.0000002117,0.0000002106,0.0000002113,2233532237,472.3489078546
1697962800000,2023-10-22T08:20:00Z,0.0000002113,0.0000002117,0.0000002105,0.0000002116,1151407790,243.4224685078
1697963100000,2023-10-22T08:25:00Z,0.0000002116,0.0000002116,0.0000002105,0.0000002111,4698092485,990.8832645895
1697963400000,2023-10-22T08:30:00Z,0.0000002111,0.0000002111,0.0000002082,0.0000002097,8493767716.4,1775.26600257775
1697963700000,2023-10-22T08:35:00Z,0.0000002097,0.0000002097,0.0000002085,0.0000002085,5255072152,1098.6524992917
1697964000000,2023-10-22T08:40:00Z,0.0000002085,0.0000002096,0.0000002076,0.0000002091,22091484168.1,4598.50529276592
1697964300000,2023-10-22T08:45:00Z,0.0000002091,0.0000002091,0.0000002085,0.0000002087,2673124702.7,558.01944108751
1697964600000,2023-10-22T08:50:00Z,0.0000002087,0.0000002089,0.0000002086,0.0000002087,2098100971.3,437.96544158618
1697964900000,2023-10-22T08:55:00Z,0.0000002087,0.0000002089,0.0000002082,0.0000002088,3803944325,793.68727807096
1697965200000,2023-10-22T09:00:00Z,0.0000002088,0.0000002088,0.0000002073,0.0000002073,2685270435.5,557.29524541072
1697965500000,2023-10-22T09:05:00Z,0.0000002073,0.0000002075,0.0000002073,0.0000002073,2263581818,469.36426724033
1697965800000,2023-10-22T09:10:00Z,0.0000002073,0.0000002074,0.0000002068,0.0000002073,1996177146.4,413.71607279379
1697966100000,2023-10-22T09:15:00Z,0.0000002073,0.0000002082,0.0000002073,0.0000002078,3786172690.5,786.44847685108
1697966400000,2023-10-22T09:20:00Z,0.0000002078,0.0000002079,0.0000002067,0.0000002079,3037410657,630.33469752528
1697966700000,2023-10-22T09:25:00Z,0.0000002079,0.0000002079,0.0000002074,0.0000002077,4232405567.2,878.76716074794
1697967000000,2023-10-22T09:30:00Z,0.0000002077,0.0000002079,0.0000002077,0.0000002079,2435715947.3,506.26197521934
1697967300000,2023-10-22T09:35:00Z,0.0000002079,0.0000002079,0.000000207,0.0000002071,2814625156,584.1330428567
1697967600000,2023-10-22T09:40:00Z,0.0000002071,0.0000002078,0.0000002047,0.000000206,2732968943.9,563.28267388693
1697967900000,2023-10-22T09:45:00Z,0.000000206,0.000000206,0.0000002052,0.0000002052,3911938857,804.73340432179
1697968200000,2023-10-22T09:50:00Z,0.0000002052,0.000000206,0.0000002051,0.0000002058,894583573.5,183.72796445345
1697968500000,2023-10-22T09:55:00Z,0.0000002058,0.0000002058,0.0000002051,0.0000002052,1641148325.7,337.36728989426
1697968800000,2023-10-22T10:00:00Z,0.0000002052,0.0000002064,0.0000002052,0.0000002057,7914678751.8,1631.57393695038
1697969100000,2023-10-22T10:05:00Z,0.0000002057,0.0000002062,0.0000002053,0.0000002055,3629163444.3,746.3257865996
1697969400000,2023-10-22T10:10:00Z,0.0000002055,0.0000002065,0.0000002052,0.0000002057,5095629715.2,1049.05949998298
1697969700000,2023-10-22T10:15:00Z,0.0000002057,0.000000206,0.0000002034,0.000000204,6494744781.7,1327.17934514975
1697970000000,2023-10-22T10:20:00Z,0.000000204,0.0000002053,0.000000204,0.0000002053,3807710682,779.1550630771
1697970300000,2023-10-22T10:25:00Z,0.0000002053,0.0000002053,0.0000002042,0.0000002051,4719870860,966.712776198
1697970600000,2023-10-22T10:30:00Z,0.0000002051,0.0000002062,0.000000204,0.0000002062,3351820876,686.85261097908
1697970900000,2023-10-22T10:35:00Z,0.0000002062,0.0000002072,0.0000002062,0.0000002072,2480139645.5,512.2200145473
1697971200000,2023-10-22T10:40:00Z,0.0000002072,0.0000002072,0.0000002066,0.0000002066,7006206642,1448.7120086868
1697971500000,2023-10-22T10:45:00Z,0.0000002066,0.0000002072,0.0000002065,0.0000002067,3158734315,653.7099052454
1697971800000,2023-10-22T10:50:00Z,0.0000002067,0.0000002072,0.0000002066,0.0000002072,4126814383,854.4330118723
1697972100000,2023-10-22T10:55:00Z,0.0000002072,0.0000002072,0.0000002066,0.0000002067,3246238337,671.5794515288
1697972400000,2023-10-22T11:00:00Z,0.0000002067,0.0000002072,0.0000002054,0.0000002065,6853750606,1414.6309158479
1697972700000,2023-10-22T11:05:00Z,0.0000002065,0.0000002067,0.0000002057,0.0000002063,4082800192,842.32702103528
1697973000000,2023-10-22T11:10:00Z,0.0000002063,0.000000207,0.0000002061,0.0000002068,4571958090.3,944.61796843314
1697973300000,2023-10-22T11:15:00Z,0.0000002068,0.0000002072,0.0000002062,0.0000002062,5469554920.6,1130.17267298348
1697973600000,2023-10-22T11:20:00Z,0.0000002062,0.000000207,0.000000206,0.0000002067,3756595589,775.555280335
1697973900000,2023-10-22T11:25:00Z,0.0000002067,0.0000002072,0.0000002055,0.0000002058,7710978557,1592.6782221614
1697974200000,2023-10-22T11:30:00Z,0.0000002058,0.0000002067,0.0000002058,0.0000002062,2668101032,550.5783041832
1697974500000,2023-10-22T11:35:00Z,0.0000002062,0.0000002066,0.0000002058,0.0000002066,6537235980,1347.67025337148
1697974800000,2023-10-22T11:40:00Z,0.0000002066,0.0000002066,0.0000002057,0.0000002058,4073741337.6,839.57387349817
1697975100000,2023-10-22T11:45:00Z,0.0000002058,0.0000002058,0.0000002048,0.0000002048,4790352603,982.6938126175
1697975400000,2023-10-22T11:50:00Z,0.0000002048,0.0000002051,0.0000002048,0.000000205,4560768316,934.4007819815
1697975700000,2023-10-22T11:55:00Z,0.000000205,0.0000002057,0.0000002035,0.0000002047,11367439469.4,2324.51407023282
1697976000000,2023-10-22T12:00:00Z,0.0000002047,0.0000002065,0.0000002047,0.0000002063,4430026791.9,910.45204508129
1697976300000,2023-10-22T12:05:00Z,0.0000002063,0.0000002063,0.0000002052,0.0000002056,5057634819,1040.27673956344
1697976600000,2023-10-22T12:10:00Z,0.0000002056,0.0000002056,0.0000002051,0.0000002055,2404814468,493.9332700168
1697976900000,2023-10-22T12:15:00Z,0.0000002055,0.0000002059,0.000000205,0.0000002052,4423987223.2,909.01655944041
1697977200000,2023-10-22T12:20:00Z,0.0000002052,0.0000002058,0.0000002052,0.0000002055,3603816198.2,740.44830659616
1697977500000,2023-10-22T12:25:00Z,0.0000002055,0.0000002059,0.0000002047,0.0000002054,2716038532.6,557.70076367152
1697977800000,2023-10-22T12:30:00Z,0.0000002054,0.0000002059,0.0000002051,0.0000002054,3442258511,707.0002477633
1697978100000,2023-10-22T12:35:00Z,0.0000002054,0.0000002061,0.000000205,0.0000002051,6675578489,1371.3806882555
1697978400000,2023-10-22T12:40:00Z,0.0000002051,0.0000002062,0.0000002051,0.0000002062,4377315532.9,900.61026877771
1697978700000,2023-10-22T12:45:00Z,0.0000002062,0.0000002062,0.0000002053,0.0000002055,3475234357.1,715.10411300528
1697979000000,2023-10-22T12:50:00Z,0.0000002055,0.0000002061,0.0000002055,0.0000002058,3695173271,760.292270275
1697979300000,2023-10-22T12:55:00Z,0.0000002058,0.0000002058,0.0000002044,0.0000002044,3658712247.5,751.6769896666
1697979600000,2023-10-22T13:00:00Z,0.0000002044,0.0000002051,0.0000002043,0.0000002044,3111911087.9,636.47540748793
1697979900000,2023-10-22T13:05:00Z,0.0000002044,0.0000002057,0.0000002044,0.0000002055,3277734682.2,673.20402650088
1697980200000,2023-10-22T13:10:00Z,0.0000002055,0.0000002059,0.0000002055,0.0000002057,5384773005.9,1107.63223255369
1697980500000,2023-10-22T13:15:00Z,0.0000002057,0.0000002058,0.0000002057,0.0000002058,5048760332.2,1038.93168408426
1697980800000,2023-10-22T13:20:00Z,0.0000002058,0.0000002065,0.0000002057,0.0000002057,4399658097.3,906.88243326777
1697981100000,2023-10-22T13:25:00Z,0.0000002057,0.0000002065,0.0000002057,0.0000002059,1955866891.9,402.92909594065
1697981400000,2023-10-22T13:30:00Z,0.0000002059,0.0000002063,0.0000002057,0.0000002059,3859171119.8,795.23421592902
1697981700000,2023-10-22T13:35:00Z,0.0000002059,0.0000002065,0.0000002057,0.0000002057,1955694056,402.4895159139
1697982000000,2023-10-22T13:40:00Z,0.0000002057,0.0000002062,0.0000002044,0.0000002044,4823049953,988.52083963043
1697982300000,2023-10-22T13:45:00Z,0.0000002044,0.0000002061,0.0000002044,0.000000206,2146327624,441.6484320888
1697982600000,2023-10-22T13:50:00Z,0.000000206,0.0000002069,0.000000206,0.0000002069,3283667494,677.82149154617
1697982900000,2023-10-22T13:55:00Z,0.0000002069,0.0000002072,0.0000002062,0.0000002072,2861743286,592.15164447991
1697983200000,2023-10-22T14:00:00Z,0.0000002072,0.0000002077,0.0000002051,0.0000002051,2199229777.4,455.05067118038
1697983500000,2023-10-22T14:05:00Z,0.0000002051,0.000000206,0.0000002049,0.0000002057,2544407173,522.8807941989
1697983800000,2023-10-22T14:10:00Z,0.0000002057,0.0000002068,0.0000002056,0.0000002067,2580327965.9,532.67473076962
1697984100000,2023-10-22T14:15:00Z,0.0000002067,0.0000002067,0.0000002054,0.000000206,1806618319.5,372.6611288912
1697984400000,2023-10-22T14:20:00Z,0.000000206,0.000000206,0.000000205,0.0000002053,3131627004,643.592162655
1697984700000,2023-10-22T14:25:00Z,0.0000002053,0.0000002053,0.0000002044,0.0000002048,2453366916.4,502.27544891108
1697985000000,2023-10-22T14:30:00Z,0.0000002048,0.0000002048,0.0000002044,0.0000002044,959486537,196.1934224224
1697985300000,2023-10-22T14:35:00Z,0.0000002044,0.0000002044,0.0000002038,0.000000204,840166778.3,171.40327569525
1697985600000,2023-10-22T14:40:00Z,0.000000204,0.000000204,0.0000002039,0.0000002039,467482110,95.3591722246
1697985900000,2023-10-22T14:45:00Z,0.0000002039,0.0000002039,0.0000002029,0.0000002029,927174099,188.26662315861
1697986200000,2023-10-22T14:50:00Z,0.0000002029,0.0000002033,0.0000002017,0.0000002029,3299537487.9,668.71500480826
1697986500000,2023-10-22T14:55:00Z,0.0000002029,0.0000002036,0.0000002024,0.000000203,4310513082.5,874.71410989215
1697986800000,2023-10-22T15:00:00Z,0.000000203,0.0000002034,0.0000002026,0.0000002026,3085640740.3,625.97523836114
1697987100000,2023-10-22T15:05:00Z,0.0000002026,0.0000002029,0.000000202,0.0000002024,813739716,164.7973337357
1697987400000,2023-10-22T15:10:00Z,0.0000002024,0.0000002024,0.0000002021,0.0000002022,3072570947,621.20124496454
1697987700000,2023-10-22T15:15:00Z,0.0000002022,0.0000002037,0.0000002022,0.0000002034,2926075379.3,594.26765282419
1697988000000,2023-10-22T15:20:00Z,0.0000002034,0.0000002037,0.0000002029,0.0000002032,1488058043,302.4979070938
1697988300000,2023-10-22T15:25:00Z,0.0000002032,0.0000002037,0.0000002028,0.0000002037,1356548821,275.8188347917
1697988600000,2023-10-22T15:30:00Z,0.0000002037,0.0000002038,0.0000002033,0.0000002033,1655007915.7,336.67081561106
1697988900000,2023-10-22T15:35:00Z,0.0000002033,0.0000002036,0.0000002025,0.000000203,3396856893.5,689.36229366655
1697989200000,2023-10-22T15:40:00Z,0.000000203,0.000000205,0.0000002029,0.0000002047,1551651127.7,316.44924351246
1697989500000,2023-10-22T15:45:00Z,0.0000002047,0.0000002047,0.0000002043,0.0000002044,805464256,164.7102751336
1697989800000,2023-10-22T15:50:00Z,0.0000002044,0.0000002051,0.0000002043,0.0000002046,761443546,155.8295895434
1697990100000,2023-10-22T15:55:00Z,0.0000002046,0.0000002051,0.0000002046,0.0000002047,2182194016,446.8881541548
1697990400000,2023-10-22T16:00:00Z,0.0000002047,0.0000002061,0.0000002047,0.0000002061,678239198.9,139.41431028473
1697990700000,2023-10-22T16:05:00Z,0.0000002061,0.0000002066,0.0000002057,0.0000002064,853773778,176.01861801172
1697991000000,2023-10-22T16:10:00Z,0.0000002064,0.0000002066,0.000000206,0.0000002064,2939472964,606.7723694058
1697991300000,2023-10-22T16:15:00Z,0.0000002064,0.0000002079,0.0000002064,0.0000002074,2072590896.9,429.85141821328
1697991600000,2023-10-22T16:20:00Z,0.0000002074,0.0000002079,0.0000002071,0.0000002079,2641223278.7,548.64667106027
1697991900000,2023-10-22T16:25:00Z,0.0000002079,0.0000002079,0.0000002073,0.0000002079,2887821744,599.5969861682
1697992200000,2023-10-22T16:30:00Z,0.0000002079,0.0000002079,0.0000002061,0.0000002061,2144741281.4,443.37957351702
1697992500000,2023-10-22T16:35:00Z,0.0000002061,0.0000002068,0.0000002059,0.0000002059,1705563655,351.6785323787
1697992800000,2023-10-22T16:40:00Z,0.0000002059,0.0000002073,0.0000002059,0.0000002066,3070325320,633.4261836287
1697993100000,2023-10-22T16:45:00Z,0.0000002066,0.0000002067,0.0000002049,0.0000002055,3927967344.5,809.41270872113
1697993400000,2023-10-22T16:50:00Z,0.0000002055,0.0000002055,0.0000002048,0.0000002048,949531739,194.520169454
1697993700000,2023-10-22T16:55:00Z,0.0000002048,0.0000002053,0.0000002048,0.000000205,1261921162,258.6153059372
1697994000000,2023-10-22T17:00:00Z,0.000000205,0.0000002052,0.000000205,0.000000205,5006137042,1026.4949524223
1697994300000,2023-10-22T17:05:00Z,0.000000205,0.0000002052,0.000000205,0.0000002052,3240056536,664.4757506241
1697994600000,2023-10-22T17:10:00Z,0.0000002052,0.0000002052,0.0000002041,0.0000002049,5468311881,1120.31387155586
1697994900000,2023-10-22T17:15:00Z,0.0000002049,0.0000002056,0.0000002044,0.0000002047,3369614739,690.12755553869
1697995200000,2023-10-22T17:20:00Z,0.0000002047,0.0000002054,0.0000002046,0.0000002047,4253411085,871.8050488549
1697995500000,2023-10-22T17:25:00Z,0.0000002047,0.0000002053,0.0000002044,0.0000002044,5396420249,1105.85988872701
1697995800000,2023-10-22T17:30:00Z,0.0000002044,0.0000002053,0.000000204,0.0000002053,4318920206,883.83969878838
1697996100000,2023-10-22T17:35:00Z,0.0000002053,0.0000002057,0.0000002038,0.0000002056,6810575220.1,1394.0541484318
1697996400000,2023-10-22T17:40:00Z,0.0000002056,0.0000002065,0.0000002054,0.0000002062,3743790969.5,770.80094123899
1697996700000,2023-10-22T17:45:00Z,0.0000002062,0.0000002073,0.0000002055,0.0000002055,515483410.2,106.73175613514
1697997000000,2023-10-22T17:50:00Z,0.0000002055,0.0000002065,0.0000002055,0.0000002065,511325567,105.1748357901
1697997300000,2023-10-22T17:55:00Z,0.0000002065,0.0000002065,0.0000002049,0.0000002054,6588480329,1352.45532053647
1697997600000,2023-10-22T18:00:00Z,0.0000002054,0.0000002067,0.0000002052,0.0000002067,2520484433,519.0940174261
1697997900000,2023-10-22T18:05:00Z,0.0000002067,0.0000002067,0.0000002048,0.0000002064,3353926649,689.37052873962
1697998200000,2023-10-22T18:10:00Z,0.0000002064,0.0000002067,0.0000002061,0.0000002067,4363546992.4,901.15550294848
1697998500000,2023-10-22T18:15:00Z,0.0000002067,0.0000002067,0.0000002061,0.0000002064,4148838774,856.7305600433
1697998800000,2023-10-22T18:20:00Z,0.0000002064,0.0000002067,0.000000206,0.0000002067,5704751084,1177.2843788857
1697999100000,2023-10-22T18:25:00Z,0.0000002067,0.0000002067,0.0000002055,0.0000002066,3743800474.7,772.45890065276
1697999400000,2023-10-22T18:30:00Z,0.0000002066,0.0000002067,0.0000002058,0.0000002061,2796396399.2,576.46300954222
1697999700000,2023-10-22T18:35:00Z,0.0000002061,0.0000002063,0.0000002058,0.0000002059,3650873131,752.4173113682
1698000000000,2023-10-22T18:40:00Z,0.0000002059,0.0000002066,0.0000002057,0.0000002057,3905917092.9,805.29846198093
1698000300000,2023-10-22T18:45:00Z,0.0000002057,0.0000002067,0.0000002057,0.0000002067,5737963784.4,1183.20019466546
1698000600000,2023-10-22T18:50:00Z,0.0000002067,0.0000002067,0.000000206,0.0000002066,4765031674.3,984.55273552539
1698000900000,2023-10-22T18:55:00Z,0.0000002066,0.0000002066,0.0000002056,0.0000002061,4771054849,983.01098185762
1698001200000,2023-10-22T19:00:00Z,0.0000002061,0.0000002085,0.000000206,0.0000002077,8838715953.2,1831.46372289618
1698001500000,2023-10-22T19:05:00Z,0.0000002077,0.0000002087,0.0000002077,0.000000208,5201657087.4,1083.09568224318
1698001800000,2023-10-22T19:10:00Z,0.000000208,0.0000002087,0.0000002074,0.0000002087,6142508993,1279.5364033739
1698002100000,2023-10-22T19:15:00Z,0.0000002087,0.0000002092,0.0000002084,0.000000209,4010090775.3,837.43155198908
1698002400000,2023-10-22T19:20:00Z,0.000000209,0.0000002092,0.0000002088,0.0000002091,5969091364.6,1247.74564318472
1698002700000,2023-10-22T19:25:00Z,0.0000002091,0.0000002092,0.000000209,0.0000002091,3298192644.6,689.65219224866
1698003000000,2023-10-22T19:30:00Z,0.0000002091,0.0000002108,0.000000209,0.0000002108,27935538514,5860.63684962641
1698003300000,2023-10-22T19:35:00Z,0.0000002108,0.000000212,0.0000002103,0.0000002118,18969122608.5,4015.5303867503
1698003600000,2023-10-22T19:40:00Z,0.0000002118,0.0000002119,0.0000002111,0.0000002118,5360523990,1135.2524119357
1698003900000,2023-10-22T19:45:00Z,0.0000002118,0.000000212,0.0000002113,0.000000212,8848841395.6,1875.7666578762
1698004200000,2023-10-22T19:50:00Z,0.000000212,0.000000212,0.0000002117,0.0000002119,5574634359,1181.1691566813
1698004500000,2023-10-22T19:55:00Z,0.0000002119,0.000000214,0.0000002119,0.0000002135,27682271793.2,5878.45404461635
1698004800000,2023-10-22T20:00:00Z,0.0000002135,0.0000002135,0.0000002115,0.0000002129,12007892672.4,2549.45078355775
1698005100000,2023-10-22T20:05:00Z,0.0000002129,0.0000002191,0.0000002128,0.0000002191,10747434304.3,2326.77119259454
1698005400000,2023-10-22T20:10:00Z,0.0000002191,0.0000002193,0.0000002177,0.0000002187,7657081933.4,1674.7611011999
1698005700000,2023-10-22T20:15:00Z,0.0000002187,0.0000002221,0.0000002187,0.0000002213,12975804067.7,2867.2940458336
1698006000000,2023-10-22T20:20:00Z,0.0000002213,0.0000002325,0.0000002213,0.0000002324,68561630919,15464.36390328024
1698006300000,2023-10-22T20:25:00Z,0.0000002324,0.000000233,0.0000002213,0.000000227,24044463847.7,5550.30327411267
1698006600000,2023-10-22T20:30:00Z,0.000000227,0.00000023,0.0000002245,0.0000002295,11449664052.7,2610.12440693097
1698006900000,2023-10-22T20:35:00Z,0.0000002295,0.0000002368,0.0000002291,0.0000002347,14627275127.3,3409.4445484636
1698007200000,2023-10-22T20:40:00Z,0.0000002347,0.0000002409,0.0000002303,0.0000002368,44682150860.8,10558.66264615601
1698007500000,2023-10-22T20:45:00Z,0.0000002368,0.0000002427,0.0000002358,0.0000002408,11445185089.4,2734.80553693811
1698007800000,2023-10-22T20:50:00Z,0.0000002408,0.0000002422,0.0000002361,0.0000002398,10332161410.5,2477.36461760322
1698008100000,2023-10-22T20:55:00Z,0.0000002398,0.0000002415,0.0000002361,0.0000002383,9730504088.3,2332.7459642247
1698008400000,2023-10-22T21:00:00Z,0.0000002383,0.0000002425,0.0000002376,0.0000002407,5890559963.4,1411.2258667582
1698008700000,2023-10-22T21:05:00Z,0.0000002407,0.0000002429,0.0000002362,0.0000002429,18413703863.7,4380.15010072085
1698009000000,2023-10-22T21:10:00Z,0.0000002429,0.000000244,0.0000002409,0.0000002422,47706031206.2,11609.95510902727
1698009300000,2023-10-22T21:15:00Z,0.0000002422,0.0000002446,0.0000002407,0.000000243,12979847625.1,3143.84367280972
1698009600000,2023-10-22T21:20:00Z,0.000000243,0.0000002513,0.0000002426,0.0000002506,17964451352.2,4448.0018559529
1698009900000,2023-10-22T21:25:00Z,0.0000002506,0.0000002535,0.0000002455,0.0000002495,33163824018.7,8299.78019406009
1698010200000,2023-10-22T21:30:00Z,0.0000002495,0.0000002555,0.0000002462,0.0000002511,11363837167.3,2841.96849301695
1698010500000,2023-10-22T21:35:00Z,0.0000002511,0.000000253,0.0000002454,0.000000253,16915866488.9,4255.39099171824
1698010800000,2023-10-22T21:40:00Z,0.000000253,0.00000027,0.0000002502,0.000000265,36516746613.2,9392.27943474115
1698011100000,2023-10-22T21:45:00Z,0.000000265,0.0000002751,0.0000002629,0.0000002691,100379381425.3,26917.86449235574
1698011400000,2023-10-22T21:50:00Z,0.0000002691,0.0000002829,0.0000002669,0.0000002691,27715056331.3,7520.47100451934
1698011700000,2023-10-22T21:55:00Z,0.0000002691,0.0000002719,0.0000002633,0.0000002692,23543812009.3,6264.19932789514
1698012000000,2023-10-22T22:00:00Z,0.0000002692,0.000000275,0.000000261,0.0000002626,22970225030,6070.28990655644
1698012300000,2023-10-22T22:05:00Z,0.0000002626,0.0000002667,0.0000002586,0.0000002615,55749997665.7,14593.05669997861
1698012600000,2023-10-22T22:10:00Z,0.0000002615,0.0000002664,0.0000002603,0.0000002635,13333073730,3507.89004590208
1698012900000,2023-10-22T22:15:00Z,0.0000002635,0.0000002636,0.000000257,0.0000002576,22857628533.3,5934.17882267906
1698013200000,2023-10-22T22:20:00Z,0.0000002576,0.0000002658,0.0000002576,0.0000002658,18246661828.8,4786.57042102369
1698013500000,2023-10-22T22:25:00Z,0.0000002658,0.0000002765,0.0000002638,0.0000002765,18795596148.1,5055.63976515125
1698013800000,2023-10-22T22:30:00Z,0.0000002765,0.00000028,0.0000002688,0.0000002688,15047178266.4,4122.98064549673
1698014100000,2023-10-22T22:35:00Z,0.0000002688,0.0000002736,0.0000002669,0.0000002703,21481116696,5808.90999818612
1698014400000,2023-10-22T22:40:00Z,0.0000002703,0.000000282,0.0000002703,0.0000002815,4638492449.3,1285.72997922872
1698014700000,2023-10-22T22:45:00Z,0.0000002815,0.0000002815,0.000000277,0.0000002799,3916456986.7,1093.6388149019
1698015000000,2023-10-22T22:50:00Z,0.0000002799,0.0000002884,0.0000002781,0.0000002835,25987346392.3,7308.41004840189
1698015300000,2023-10-22T22:55:00Z,0.0000002835,0.0000002879,0.0000002819,0.0000002858,7907999917.9,2247.62324713363
1698015600000,2023-10-22T23:00:00Z,0.0000002858,0.000000295,0.0000002836,0.0000002925,16342623270.9,4722.52964178427
1698015900000,2023-10-22T23:05:00Z,0.0000002925,0.0000002978,0.0000002883,0.0000002978,24380383057.9,7155.00657746524
1698016200000,2023-10-22T23:10:00Z,0.0000002978,0.0000003,0.0000002942,0.0000002992,17401182511.6,5190.56275875728
1698016500000,2023-10-22T23:15:00Z,0.0000002992,0.0000003017,0.000000297,0.000000298,28413438812.9,8486.74138146312
1698016800000,2023-10-22T23:20:00Z,0.000000298,0.0000003024,0.0000002958,0.0000002998,8086529455.2,2413.44326105919
1698017100000,2023-10-22T23:25:00Z,0.0000002998,0.0000002998,0.0000002953,0.0000002953,6883072564.1,2048.68841602057
1698017400000,2023-10-22T23:30:00Z,0.0000002953,0.0000002954,0.0000002882,0.0000002912,21831117798.8,6354.48863967708
1698017700000,2023-10-22T23:35:00Z,0.0000002912,0.0000002977,0.0000002911,0.0000002961,42047858706.7,12353.57013985295
1698018000000,2023-10-22T23:40:00Z,0.0000002961,0.0000002992,0.0000002886,0.0000002891,20688731133.7,6129.82880160821
1698018300000,2023-10-22T23:45:00Z,0.0000002891,0.0000002958,0.0000002891,0.0000002931,9889517934.3,2895.95332548936
1698018600000,2023-10-22T23:50:00Z,0.0000002931,0.0000002931,0.0000002902,0.0000002912,3023604889.8,880.37765772654
1698018900000,2023-10-22T23:55:00Z,0.0000002912,0.0000002931,0.0000002902,0.0000002911,8844363135.3,2582.59842340342
1698019200000,2023-10-23T00:00:00Z,0.0000002911,0.0000002919,0.0000002837,0.0000002867,11155602637.3,3214.55215352231
1698019500000,2023-10-23T00:05:00Z,0.0000002867,0.0000002925,0.0000002867,0.0000002872,16428863215.9,4771.425839871
1698019800000,2023-10-23T00:10:00Z,0.0000002872,0.0000002876,0.0000002834,0.0000002852,15999026542.1,4550.05302591119
1698020100000,2023-10-23T00:15:00Z,0.0000002852,0.0000002853,0.000000282,0.0000002831,15963877688.2,4516.25248116685
1698020400000,2023-10-23T00:20:00Z,0.0000002831,0.0000002848,0.0000002692,0.0000002732,24768692808.1,6770.99566998212
1698020700000,2023-10-23T00:25:00Z,0.0000002732,0.0000002754,0.000000269,0.0000002752,32887960399,8958.98437731458
1698021000000,2023-10-23T00:30:00Z,0.0000002752,0.0000002753,0.0000002693,0.0000002742,17270249053,4722.53696672942
1698021300000,2023-10-23T00:35:00Z,0.0000002742,0.0000002742,0.0000002677,0.0000002688,16711089538.2,4534.31158894032
1698021600000,2023-10-23T00:40:00Z,0.0000002688,0.0000002724,0.0000002688,0.0000002709,11377608787.3,3085.40977644204
1698021900000,2023-10-23T00:45:00Z,0.0000002709,0.0000002795,0.0000002709,0.0000002783,17637230802.5,4880.70451149844
1698022200000,2023-10-23T00:50:00Z,0.0000002783,0.0000002783,0.0000002733,0.0000002746,3689026984.2,1013.1124173956
1698022500000,2023-10-23T00:55:00Z,0.0000002746,0.0000002779,0.0000002746,0.0000002773,6835069998.6,1896.66476895577
1698022800000,2023-10-23T01:00:00Z,0.0000002773,0.0000002786,0.000000277,0.0000002784,2773518340,769.6513192528
1698023100000,2023-10-23T01:05:00Z,0.0000002784,0.0000002826,0.0000002784,0.0000002791,29315980108.6,8269.33605311109
1698023400000,2023-10-23T01:10:00Z,0.0000002791,0.0000002791,0.000000277,0.000000277,6920166407.4,1920.66101670268
1698023700000,2023-10-23T01:15:00Z,0.000000277,0.0000002786,0.0000002764,0.0000002774,3350740647.7,928.86413025445
1698024000000,2023-10-23T01:20:00Z,0.0000002774,0.0000002774,0.0000002719,0.0000002723,4547414200.4,1251.24466374325
1698024300000,2023-10-23T01:25:00Z,0.0000002723,0.0000002734,0.000000271,0.000000273,12138044741.5,3302.95121856344
1698024600000,2023-10-23T01:30:00Z,0.000000273,0.000000273,0.0000002709,0.0000002709,2908075253.1,789.83539413157
1698024900000,2023-10-23T01:35:00Z,0.0000002709,0.0000002712,0.0000002709,0.000000271,1999606198.7,541.94505569973
1698025200000,2023-10-23T01:40:00Z,0.000000271,0.0000002717,0.0000002709,0.000000271,3909025506.2,1060.46422347571
1698025500000,2023-10-23T01:45:00Z,0.000000271,0.000000271,0.0000002701,0.0000002701,5765457880.2,1560.51625653397
1698025800000,2023-10-23T01:50:00Z,0.0000002701,0.0000002706,0.0000002694,0.0000002695,2013703922,544.10462805133
1698026100000,2023-10-23T01:55:00Z,0.0000002695,0.0000002699,0.0000002695,0.0000002697,528332898.9,142.52921177875
1698026400000,2023-10-23T02:00:00Z,0.0000002697,0.0000002715,0.0000002697,0.0000002711,1385855039.9,374.8285062988
1698026700000,2023-10-23T02:05:00Z,0.0000002711,0.0000002714,0.0000002694,0.0000002701,1656471649.3,447.04663188751
1698027000000,2023-10-23T02:10:00Z,0.0000002701,0.0000002721,0.0000002701,0.0000002721,5764425846.9,1563.15328691669
1698027300000,2023-10-23T02:15:00Z,0.0000002721,0.0000002769,0.0000002718,0.0000002769,5661340059.2,1557.38894293771
1698027600000,2023-10-23T02:20:00Z,0.0000002769,0.000000277,0.0000002757,0.0000002757,1295506243,358.6388885188
1698027900000,2023-10-23T02:25:00Z,0.0000002757,0.0000002799,0.0000002749,0.0000002799,6252581469.5,1735.85423957563
1698028200000,2023-10-23T02:30:00Z,0.0000002799,0.0000002856,0.0000002779,0.0000002856,14213553009.5,4028.19277435198
1698028500000,2023-10-23T02:35:00Z,0.0000002856,0.0000002903,0.0000002832,0.000000285,33971589338.9,9754.56565949421
1698028800000,2023-10-23T02:40:00Z,0.000000285,0.000000294,0.0000002826,0.0000002926,40970776046.6,11723.15778779111
1698029100000,2023-10-23T02:45:00Z,0.0000002926,0.0000002926,0.0000002842,0.0000002884,59044519400,16990.15432607785
1698029400000,2023-10-23T02:50:00Z,0.0000002884,0.0000002958,0.0000002864,0.0000002958,8694029200.7,2519.49171805904
1698029700000,2023-10-23T02:55:00Z,0.0000002958,0.0000002991,0.0000002924,0.0000002953,30496093231.8,8989.41423092912
1698030000000,2023-10-23T03:00:00Z,0.0000002953,0.0000002969,0.0000002892,0.0000002904,18350666173,5384.36212237674
1698030300000,2023-10-23T03:05:00Z,0.0000002904,0.0000002924,0.0000002878,0.0000002907,21965111857.7,6362.9222925007
1698030600000,2023-10-23T03:10:00Z,0.0000002907,0.0000002907,0.0000002871,0.0000002892,10866443130.4,3138.45360961802
1698030900000,2023-10-23T03:15:00Z,0.0000002892,0.0000002895,0.000000286,0.0000002872,18662665334.5,5369.8380656479
1698031200000,2023-10-23T03:20:00Z,0.0000002872,0.0000002892,0.0000002872,0.0000002892,6646138393.5,1918.47500095016
1698031500000,2023-10-23T03:25:00Z,0.0000002892,0.0000002924,0.0000002886,0.0000002913,10034701090.5,2915.02199915758
1698031800000,2023-10-23T03:30:00Z,0.0000002913,0.0000002931,0.0000002895,0.0000002906,10464441336.9,3048.21923863943
1698032100000,2023-10-23T03:35:00Z,0.0000002906,0.0000002913,0.0000002889,0.0000002913,5221401610.8,1515.15393769854
1698032400000,2023-10-23T03:40:00Z,0.0000002913,0.0000002919,0.0000002894,0.0000002916,5491586141.1,1597.8365764426
1698032700000,2023-10-23T03:45:00Z,0.0000002916,0.0000002922,0.0000002861,0.0000002887,26523260263.3,7678.35080709501
1698033000000,2023-10-23T03:50:00Z,0.0000002887,0.0000002895,0.0000002864,0.0000002871,10491625675.6,3016.08853042425
1698033300000,2023-10-23T03:55:00Z,0.0000002871,0.0000002875,0.0000002862,0.0000002871,4252360244.9,1219.72636168515
1698033600000,2023-10-23T04:00:00Z,0.0000002871,0.0000002902,0.0000002842,0.0000002879,45062124877.1,12914.64128691451
1698033900000,2023-10-23T04:05:00Z,0.0000002879,0.0000002879,0.0000002789,0.0000002808,23825419408.1,6712.64252466501
1698034200000,2023-10-23T04:10:00Z,0.0000002808,0.0000002808,0.0000002742,0.0000002763,20691378916.8,5735.59270442752
1698034500000,2023-10-23T04:15:00Z,0.0000002763,0.0000002763,0.00000027,0.0000002716,7500335784.5,2027.32413381876
1698034800000,2023-10-23T04:20:00Z,0.0000002716,0.000000278,0.0000002712,0.0000002758,3455071309.1,940.3227586211
1698035100000,2023-10-23T04:25:00Z,0.0000002758,0.0000002787,0.0000002748,0.0000002784,1563623448.3,433.24624210496
1698035400000,2023-10-23T04:30:00Z,0.0000002784,0.0000002785,0.0000002758,0.0000002758,5652182436.8,1573.91167457361
1698035700000,2023-10-23T04:35:00Z,0.0000002758,0.0000002766,0.0000002744,0.0000002766,2227858802.9,613.90811758427
1698036000000,2023-10-23T04:40:00Z,0.0000002766,0.0000002791,0.000000273,0.000000275,4155636228,1140.70294086711
1698036300000,2023-10-23T04:45:00Z,0.000000275,0.0000002757,0.0000002743,0.0000002743,1602211345,440.59172830713
1698036600000,2023-10-23T04:50:00Z,0.0000002743,0.0000002757,0.0000002743,0.0000002757,1000831941,275.76023808357
1698036900000,2023-10-23T04:55:00Z,0.0000002757,0.0000002757,0.0000002746,0.0000002753,1261675001.8,346.61331763846
1698037200000,2023-10-23T05:00:00Z,0.0000002753,0.0000002754,0.0000002742,0.0000002747,4300278697.3,1182.23225743702
1698037500000,2023-10-23T05:05:00Z,0.0000002747,0.0000002747,0.0000002709,0.0000002709,20151582438.2,5502.84853602592
1698037800000,2023-10-23T05:10:00Z,0.0000002709,0.0000002716,0.0000002615,0.0000002655,40965545359.8,10920.85449896213
1698038100000,2023-10-23T05:15:00Z,0.0000002655,0.0000002686,0.000000264,0.0000002686,10441962007.4,2772.16075074705
1698038400000,2023-10-23T05:20:00Z,0.0000002686,0.0000002686,0.0000002633,0.000000266,6373843858.9,1696.35194997275
1698038700000,2023-10-23T05:25:00Z,0.000000266,0.0000002692,0.0000002639,0.0000002661,5118823713.4,1362.77891362437
1698039000000,2023-10-23T05:30:00Z,0.0000002661,0.0000002687,0.0000002606,0.0000002641,17032861331.6,4491.86446683156
1698039300000,2023-10-23T05:35:00Z,0.0000002641,0.0000002651,0.0000002618,0.0000002618,8537896120.8,2242.4930492313
1698039600000,2023-10-23T05:40:00Z,0.0000002618,0.0000002645,0.0000002562,0.0000002585,15183274961,3953.60102195672
1698039900000,2023-10-23T05:45:00Z,0.0000002585,0.0000002657,0.0000002585,0.0000002646,3823662954,1002.06205090089
1698040200000,2023-10-23T05:50:00Z,0.0000002646,0.0000002695,0.0000002646,0.0000002695,2920003670.1,781.37465116938
1698040500000,2023-10-23T05:55:00Z,0.0000002695,0.0000002695,0.0000002647,0.0000002654,7521813966.9,1994.59343331532
1698040800000,2023-10-23T06:00:00Z,0.0000002654,0.0000002688,0.0000002651,0.0000002679,1385990619.3,369.68917257779
1698041100000,2023-10-23T06:05:00Z,0.0000002679,0.000000268,0.000000266,0.0000002668,2392811828.1,638.63806059009
1698041400000,2023-10-23T06:10:00Z,0.0000002668,0.0000002693,0.0000002668,0.0000002668,3747652012.5,1000.78357318149
1698041700000,2023-10-23T06:15:00Z,0.0000002668,0.0000002677,0.0000002656,0.0000002656,882845431.8,235.76460480366
1698042000000,2023-10-23T06:20:00Z,0.0000002656,0.0000002685,0.0000002648,0.0000002672,2088947672.6,556.56497138599
1698042300000,2023-10-23T06:25:00Z,0.0000002672,0.0000002708,0.0000002672,0.0000002708,3374498194.3,908.84515914301
1698042600000,2023-10-23T06:30:00Z,0.0000002708,0.0000002708,0.0000002683,0.0000002683,2282845793,614.5557160484
1698042900000,2023-10-23T06:35:00Z,0.0000002683,0.0000002685,0.0000002677,0.0000002678,2375732327.5,637.02750159962
1698043200000,2023-10-23T06:40:00Z,0.0000002678,0.0000002764,0.0000002673,0.0000002749,13140083992.7,3584.9495174106
1698043500000,2023-10-23T06:45:00Z,0.0000002749,0.0000002792,0.000000274,0.0000002778,4095644681.1,1132.3255717341
1698043800000,2023-10-23T06:50:00Z,0.0000002778,0.0000002778,0.0000002736,0.0000002739,6242735199,1715.22988272777
1698044100000,2023-10-23T06:55:00Z,0.0000002739,0.0000002762,0.0000002713,0.0000002717,9163227943.5,2497.25516116678
1698044400000,2023-10-23T07:00:00Z,0.0000002717,0.0000002741,0.0000002717,0.0000002735,1399699137.1,382.37860208724
1698044700000,2023-10-23T07:05:00Z,0.0000002735,0.0000002753,0.0000002732,0.0000002742,771386114.7,211.15965681619
1698045000000,2023-10-23T07:10:00Z,0.0000002742,0.0000002742,0.0000002721,0.0000002722,1075792485,293.44538215251
1698045300000,2023-10-23T07:15:00Z,0.0000002722,0.0000002739,0.0000002718,0.0000002739,1554557594.9,424.18612327682
1698045600000,2023-10-23T07:20:00Z,0.0000002739,0.0000002796,0.0000002739,0.0000002793,15183091335.4,4215.43107418426
1698045900000,2023-10-23T07:25:00Z,0.0000002793,0.0000002793,0.000000275,0.000000275,2181238004.4,602.29111583115
1698046200000,2023-10-23T07:30:00Z,0.000000275,0.0000002768,0.000000275,0.0000002752,1836377780.8,507.0589887345
1698046500000,2023-10-23T07:35:00Z,0.0000002752,0.0000002752,0.0000002727,0.000000274,4118765486.9,1126.02082083393
1698046800000,2023-10-23T07:40:00Z,0.000000274,0.0000002764,0.000000274,0.0000002764,393810899.6,108.2892920903
1698047100000,2023-10-23T07:45:00Z,0.0000002764,0.0000002764,0.0000002733,0.0000002748,3119364295,855.88327162337
1698047400000,2023-10-23T07:50:00Z,0.0000002748,0.0000002749,0.0000002679,0.0000002683,8209068394.2,2235.37612759037
1698047700000,2023-10-23T07:55:00Z,0.0000002683,0.0000002737,0.000000268,0.000000268,3465324551.3,937.13622184813
1698048000000,2023-10-23T08:00:00Z,0.000000268,0.0000002787,0.000000268,0.0000002778,8063704271.5,2220.75756001495
1698048300000,2023-10-23T08:05:00Z,0.0000002778,0.0000002789,0.0000002764,0.0000002773,4703758369.2,1306.00504146964
1698048600000,2023-10-23T08:10:00Z,0.0000002773,0.0000002782,0.0000002758,0.0000002777,2621105621,725.00201326886
1698048900000,2023-10-23T08:15:00Z,0.0000002777,0.0000002777,0.0000002706,0.0000002752,1342190383.8,368.10040615306
1698049200000,2023-10-23T08:20:00Z,0.0000002752,0.0000002764,0.000000274,0.000000276,3060557458.7,843.14791087466
1698049500000,2023-10-23T08:25:00Z,0.000000276,0.0000002893,0.000000276,0.0000002856,11135712591,3172.26515759586
1698049800000,2023-10-23T08:30:00Z,0.0000002856,0.0000002856,0.0000002803,0.0000002826,5726647783,1619.0094229952
1698050100000,2023-10-23T08:35:00Z,0.0000002826,0.0000002827,0.000000278,0.00000028,6290438071.3,1766.85578066156
1698050400000,2023-10-23T08:40:00Z,0.00000028,0.0000002822,0.0000002781,0.0000002805,4746060853.2,1333.71568670434
1698050700000,2023-10-23T08:45:00Z,0.0000002805,0.0000002856,0.0000002789,0.0000002856,7812702074,2195.35748741968
1698051000000,2023-10-23T08:50:00Z,0.0000002856,0.0000002857,0.0000002817,0.0000002848,4073873908.8,1156.09042337291
1698051300000,2023-10-23T08:55:00Z,0.0000002848,0.0000002929,0.0000002848,0.0000002865,20418624046.4,5888.43330673963
1698051600000,2023-10-23T09:00:00Z,0.0000002865,0.0000003,0.0000002856,0.0000002896,48197595986.9,13941.46128101127
1698051900000,2023-10-23T09:05:00Z,0.0000002896,0.0000002959,0.0000002868,0.0000002874,11191121052.5,3257.78090213188
1698052200000,2023-10-23T09:10:00Z,0.0000002874,0.0000002898,0.0000002854,0.0000002876,3368515349.6,966.61667073835
1698052500000,2023-10-23T09:15:00Z,0.0000002876,0.0000002912,0.0000002859,0.0000002859,3087607319.5,891.35373601878
1698052800000,2023-10-23T09:20:00Z,0.0000002859,0.0000002868,0.0000002824,0.0000002844,10365178291.7,2942.16029290183
1698053100000,2023-10-23T09:25:00Z,0.0000002844,0.0000002928,0.0000002841,0.0000002923,8236375602.5,2372.57952971391
1698053400000,2023-10-23T09:30:00Z,0.0000002923,0.000000309,0.0000002923,0.0000003049,70089959750.9,21092.15104862979
1698053700000,2023-10-23T09:35:00Z,0.0000003049,0.0000003077,0.0000002967,0.0000002976,14148001549.4,4255.98017559459
1698054000000,2023-10-23T09:40:00Z,0.0000002976,0.0000003024,0.0000002964,0.0000003023,12523188951.7,3742.87691575153
1698054300000,2023-10-23T09:45:00Z,0.0000003023,0.0000003067,0.0000003023,0.0000003048,18812721757.2,5739.12024486271
1698054600000,2023-10-23T09:50:00Z,0.0000003048,0.0000003156,0.0000003048,0.0000003145,94047287552.1,29085.94339195927
1698054900000,2023-10-23T09:55:00Z,0.0000003145,0.000000327,0.0000003128,0.0000003251,84565995582.2,27045.89459884633
1698055200000,2023-10-23T10:00:00Z,0.0000003251,0.0000003306,0.0000003208,0.0000003299,40035314329.6,13069.13950244845
1698055500000,2023-10-23T10:05:00Z,0.0000003299,0.000000338,0.0000003254,0.0000003318,123719114592.6,40878.34835239704
1698055800000,2023-10-23T10:10:00Z,0.0000003318,0.0000003347,0.0000003222,0.0000003243,26368508084.9,8636.07092499369
1698056100000,2023-10-23T10:15:00Z,0.0000003243,0.0000003243,0.000000305,0.0000003114,19221534082.6,5988.00236210864
1698056400000,2023-10-23T10:20:00Z,0.0000003114,0.0000003126,0.0000003063,0.0000003074,21081434424.7,6520.61644570128
1698056700000,2023-10-23T10:25:00Z,0.0000003074,0.0000003092,0.0000003052,0.000000307,10246681258.2,3143.22922287944
1698057000000,2023-10-23T10:30:00Z,0.000000307,0.0000003089,0.0000003064,0.0000003088,64946074306.7,19971.69614276498
1698057300000,2023-10-23T10:35:00Z,0.0000003088,0.000000315,0.0000003085,0.0000003125,34472670978.4,10747.41741019898
1698057600000,2023-10-23T10:40:00Z,0.0000003125,0.0000003143,0.0000003095,0.0000003111,125758965104.5,39276.06033446281
1698057900000,2023-10-23T10:45:00Z,0.0000003111,0.0000003204,0.0000003092,0.0000003201,16137788972.5,5104.42928704157
1698058200000,2023-10-23T10:50:00Z,0.0000003201,0.0000003208,0.0000003148,0.0000003149,22076172082.7,7014.51463006916
1698058500000,2023-10-23T10:55:00Z,0.0000003149,0.0000003178,0.0000003085,0.0000003178,12160029578.2,3801.79102684169
1698058800000,2023-10-23T11:00:00Z,0.0000003178,0.0000003223,0.0000003155,0.0000003212,9731009111.8,3106.0489768949
1698059100000,2023-10-23T11:05:00Z,0.0000003212,0.0000003212,0.0000003136,0.0000003138,13618145476.8,4303.20067528183
1698059400000,2023-10-23T11:10:00Z,0.0000003138,0.0000003198,0.0000003118,0.0000003153,6113517579.6,1935.8744644058
1698059700000,2023-10-23T11:15:00Z,0.0000003153,0.0000003166,0.0000003112,0.0000003142,11650170250.5,3652.95986085432
1698060000000,2023-10-23T11:20:00Z,0.0000003142,0.0000003142,0.0000003104,0.0000003104,8260488396.1,2575.54404957311
1698060300000,2023-10-23T11:25:00Z,0.0000003104,0.000000314,0.00000031,0.0000003124,5943467291.3,1855.61280538817
1698060600000,2023-10-23T11:30:00Z,0.0000003124,0.0000003127,0.0000003075,0.0000003075,6834608828.9,2115.32817031994
1698060900000,2023-10-23T11:35:00Z,0.0000003075,0.0000003123,0.0000003073,0.0000003123,12143060897.9,3748.24817821371
1698061200000,2023-10-23T11:40:00Z,0.0000003123,0.000000322,0.0000003123,0.0000003203,22837813309.8,7278.39861942274
1698061500000,2023-10-23T11:45:00Z,0.0000003203,0.0000003203,0.0000003152,0.0000003152,16971359499.3,5382.63464450831
1698061800000,2023-10-23T11:50:00Z,0.0000003152,0.0000003152,0.0000003108,0.0000003112,17211728761.2,5379.77098634152
1698062100000,2023-10-23T11:55:00Z,0.0000003112,0.0000003164,0.0000003112,0.0000003164,10143339743.2,3176.66228843965
1698062400000,2023-10-23T12:00:00Z,0.0000003164,0.000000317,0.000000315,0.0000003157,5981654122.6,1891.5683346053
1698062700000,2023-10-23T12:05:00Z,0.0000003157,0.0000003169,0.0000003152,0.000000316,8040901446.2,2538.62451862589
1698063000000,2023-10-23T12:10:00Z,0.000000316,0.0000003199,0.000000316,0.0000003162,6782968384.2,2154.83787903022
1698063300000,2023-10-23T12:15:00Z,0.0000003162,0.00000032,0.000000316,0.000000316,10527134809.7,3346.04748225099
1698063600000,2023-10-23T12:20:00Z,0.000000316,0.0000003184,0.0000003147,0.0000003175,8494348872.4,2687.93447122666
1698063900000,2023-10-23T12:25:00Z,0.0000003175,0.0000003183,0.0000003151,0.0000003151,2952334214.3,934.46301307535
1698064200000,2023-10-23T12:30:00Z,0.0000003151,0.0000003151,0.0000003119,0.0000003133,14395628127.5,4515.81018737858
1698064500000,2023-10-23T12:35:00Z,0.0000003133,0.0000003137,0.0000003119,0.0000003136,7010632893.9,2195.9273295133
1698064800000,2023-10-23T12:40:00Z,0.0000003136,0.0000003143,0.0000003115,0.0000003127,16567140935.5,5185.07232057456
1698065100000,2023-10-23T12:45:00Z,0.0000003127,0.0000003166,0.0000003127,0.0000003161,2793489866.6,879.34341466672
1698065400000,2023-10-23T12:50:00Z,0.0000003161,0.0000003184,0.000000314,0.0000003153,8298393899.3,2630.12096135248
1698065700000,2023-10-23T12:55:00Z,0.0000003153,0.0000003153,0.0000003125,0.0000003126,6999109332.1,2197.27685911719
1698066000000,2023-10-23T13:00:00Z,0.0000003126,0.0000003136,0.000000312,0.000000312,2890053664.2,904.69414257881
1698066300000,2023-10-23T13:05:00Z,0.000000312,0.0000003131,0.0000003117,0.000000313,3428646897,1071.10528480036
1698066600000,2023-10-23T13:10:00Z,0.000000313,0.0000003164,0.000000313,0.0000003163,9873025802.7,3111.36734029236
1698066900000,2023-10-23T13:15:00Z,0.0000003163,0.000000317,0.0000003119,0.0000003119,4162593380.8,1306.76899904291
1698067200000,2023-10-23T13:20:00Z,0.0000003119,0.0000003122,0.0000003018,0.0000003036,16810890820.3,5168.48483246178
1698067500000,2023-10-23T13:25:00Z,0.0000003036,0.0000003036,0.0000002858,0.0000002975,30405412225.4,9023.61459417736
1698067800000,2023-10-23T13:30:00Z,0.0000002975,0.0000002988,0.0000002923,0.0000002964,20709184780.5,6139.37750545887
1698068100000,2023-10-23T13:35:00Z,0.0000002964,0.0000002978,0.000000294,0.0000002948,4953448538.4,1466.08876185106
1698068400000,2023-10-23T13:40:00Z,0.0000002948,0.0000002977,0.0000002782,0.0000002795,31722440427.7,9018.19654711546
1698068700000,2023-10-23T13:45:00Z,0.0000002795,0.0000002911,0.0000002795,0.0000002893,27195343801.5,7719.69438916874
1698069000000,2023-10-23T13:50:00Z,0.0000002893,0.0000002902,0.0000002869,0.0000002869,11094635759.5,3203.49739383973
1698069300000,2023-10-23T13:55:00Z,0.0000002869,0.0000002877,0.0000002852,0.0000002861,3776879937.2,1082.0519997722
1698069600000,2023-10-23T14:00:00Z,0.0000002861,0.0000002906,0.0000002861,0.0000002873,22299862776.3,6424.06933388993
1698069900000,2023-10-23T14:05:00Z,0.0000002873,0.0000002951,0.0000002858,0.000000292,12413971544.5,3633.41686140659
1698070200000,2023-10-23T14:10:00Z,0.000000292,0.0000003014,0.0000002903,0.0000002978,8644301412.9,2567.55473101213
1698070500000,2023-10-23T14:15:00Z,0.0000002978,0.0000003081,0.0000002957,0.0000003058,4976051163,1500.17100232065
1698070800000,2023-10-23T14:20:00Z,0.0000003058,0.0000003085,0.0000002973,0.0000002985,4060284072.7,1230.09920945297
1698071100000,2023-10-23T14:25:00Z,0.0000002985,0.0000003038,0.0000002985,0.0000003028,5875324051.6,1771.35789746131
1698071400000,2023-10-23T14:30:00Z,0.0000003028,0.0000003044,0.0000002997,0.0000002997,8663846868.3,2623.61446846544
1698071700000,2023-10-23T14:35:00Z,0.0000002997,0.0000003012,0.0000002979,0.0000003002,6626063370.9,1979.65222999928
1698072000000,2023-10-23T14:40:00Z,0.0000003002,0.0000003034,0.0000003002,0.0000003015,5405939100.7,1635.01936935794
1698072300000,2023-10-23T14:45:00Z,0.0000003015,0.0000003018,0.0000002971,0.000000298,6562104586,1967.8661879249
1698072600000,2023-10-23T14:50:00Z,0.000000298,0.0000003011,0.000000298,0.0000002997,19811267662.9,5938.93665460945
1698072900000,2023-10-23T14:55:00Z,0.0000002997,0.0000003034,0.0000002997,0.0000003014,7233780252.4,2184.77288344962
1698073200000,2023-10-23T15:00:00Z,0.0000003014,0.0000003031,0.0000003014,0.0000003016,3176507571.3,959.45997343207
1698073500000,2023-10-23T15:05:00Z,0.0000003016,0.0000003016,0.0000003002,0.0000003002,1686837016.9,508.05765959417
1698073800000,2023-10-23T15:10:00Z,0.0000003002,0.0000003027,0.0000002992,0.000000302,9098474830,2737.81668536939
1698074100000,2023-10-23T15:15:00Z,0.000000302,0.0000003021,0.0000002984,0.0000002992,6867500959,2059.21523568854
1698074400000,2023-10-23T15:20:00Z,0.0000002992,0.0000002996,0.0000002922,0.0000002936,12379560053.4,3649.1092747691
1698074700000,2023-10-23T15:25:00Z,0.0000002936,0.000000295,0.0000002898,0.0000002905,9918720291.6,2899.32863976524
1698075000000,2023-10-23T15:30:00Z,0.0000002905,0.0000002936,0.0000002892,0.0000002936,4004025539.6,1163.28078206312
1698075300000,2023-10-23T15:35:00Z,0.0000002936,0.000000298,0.0000002936,0.0000002969,5194345276.9,1539.7293586239
1698075600000,2023-10-23T15:40:00Z,0.0000002969,0.0000002997,0.0000002967,0.0000002967,12354813340.2,3684.32787523431
1698075900000,2023-10-23T15:45:00Z,0.0000002967,0.0000002978,0.0000002959,0.0000002962,3630074920.7,1077.50813208116
1698076200000,2023-10-23T15:50:00Z,0.0000002962,0.0000002979,0.0000002955,0.0000002979,1893353438.5,561.55524869911
1698076500000,2023-10-23T15:55:00Z,0.0000002979,0.0000002979,0.0000002958,0.0000002967,3587166053.3,1065.82532306371
1698076800000,2023-10-23T16:00:00Z,0.0000002967,0.0000002975,0.000000292,0.000000292,7705022863.2,2270.75930323439
1698077100000,2023-10-23T16:05:00Z,0.000000292,0.0000002964,0.0000002913,0.000000294,11742544963.5,3438.31780734568
1698077400000,2023-10-23T16:10:00Z,0.000000294,0.0000002948,0.0000002923,0.0000002935,5297597762,1554.52227965678
1698077700000,2023-10-23T16:15:00Z,0.0000002935,0.0000002935,0.0000002892,0.0000002892,1550554747.5,451.19133645437
1698078000000,2023-10-23T16:20:00Z,0.0000002892,0.0000002898,0.0000002832,0.0000002865,3973178871.2,1137.21722959557
1698078300000,2023-10-23T16:25:00Z,0.0000002865,0.0000002879,0.0000002858,0.0000002859,7971403234.1,2283.90231438335
1698078600000,2023-10-23T16:30:00Z,0.0000002859,0.0000002865,0.00000028,0.0000002815,4807509358.7,1362.16425933152
1698078900000,2023-10-23T16:35:00Z,0.0000002815,0.0000002855,0.0000002784,0.0000002838,5647469041.5,1591.70912596671
1698079200000,2023-10-23T16:40:00Z,0.0000002838,0.000000285,0.0000002804,0.0000002837,7567126782.8,2132.4636015558
1698079500000,2023-10-23T16:45:00Z,0.0000002837,0.0000002865,0.000000283,0.000000286,4863666765.6,1385.91434586306
1698079800000,2023-10-23T16:50:00Z,0.000000286,0.0000002882,0.000000286,0.000000287,6769867840.9,1943.71566278196
1698080100000,2023-10-23T16:55:00Z,0.000000287,0.0000002873,0.000000284,0.000000284,41858606816.3,11934.01489686038
1698080400000,2023-10-23T17:00:00Z,0.000000284,0.000000284,0.0000002765,0.0000002774,14895330058.6,4193.69668697551
1698080700000,2023-10-23T17:05:00Z,0.0000002774,0.0000002784,0.0000002733,0.0000002753,26261148619.4,7229.24410104807
1698081000000,2023-10-23T17:10:00Z,0.0000002753,0.0000002753,0.0000002727,0.000000273,3521177058.9,962.65234050439
1698081300000,2023-10-23T17:15:00Z,0.000000273,0.000000274,0.0000002687,0.0000002708,4295489282.9,1161.84756150483
1698081600000,2023-10-23T17:20:00Z,0.0000002708,0.000000273,0.0000002708,0.000000271,14246318332.6,3866.59287955467
1698081900000,2023-10-23T17:25:00Z,0.000000271,0.000000271,0.0000002634,0.0000002661,15029853104.7,3988.98065274369
1698082200000,2023-10-23T17:30:00Z,0.0000002661,0.0000002722,0.000000265,0.0000002715,15645628916.7,4217.05242596522
1698082500000,2023-10-23T17:35:00Z,0.0000002715,0.0000002772,0.0000002715,0.0000002747,22283332955.8,6127.702722188
1698082800000,2023-10-23T17:40:00Z,0.0000002747,0.0000002752,0.0000002735,0.000000274,2791652143.6,766.12532667018
1698083100000,2023-10-23T17:45:00Z,0.000000274,0.0000002749,0.0000002728,0.0000002734,3287100240.2,900.3169500314
1698083400000,2023-10-23T17:50:00Z,0.0000002734,0.0000002736,0.0000002709,0.0000002714,5163807041.5,1408.12113197781
1698083700000,2023-10-23T17:55:00Z,0.0000002714,0.0000002714,0.0000002664,0.0000002671,9507588608,2547.72032668232
1698084000000,2023-10-23T18:00:00Z,0.0000002671,0.0000002713,0.0000002668,0.0000002713,10680807138.8,2862.18454642464
1698084300000,2023-10-23T18:05:00Z,0.0000002713,0.0000002713,0.0000002682,0.0000002682,8836705624.8,2385.17114277546
1698084600000,2023-10-23T18:10:00Z,0.0000002682,0.0000002682,0.000000265,0.0000002652,17244124732.2,4591.86429621587
1698084900000,2023-10-23T18:15:00Z,0.0000002652,0.0000002657,0.0000002619,0.0000002643,28265389320.5,7445.09126617168
1698085200000,2023-10-23T18:20:00Z,0.0000002643,0.0000002648,0.0000002629,0.0000002648,4536978823.1,1196.67259427661
1698085500000,2023-10-23T18:25:00Z,0.0000002648,0.0000002659,0.0000002636,0.0000002659,6561815555.2,1733.92415182836
1698085800000,2023-10-23T18:30:00Z,0.0000002659,0.0000002667,0.0000002643,0.0000002659,5635959133.9,1494.19472122759
1698086100000,2023-10-23T18:35:00Z,0.0000002659,0.000000266,0.0000002648,0.000000266,3231272355.5,856.73451488279
1698086400000,2023-10-23T18:40:00Z,0.000000266,0.0000002692,0.0000002657,0.0000002676,3497098313.4,934.18456742115
1698086700000,2023-10-23T18:45:00Z,0.0000002676,0.0000002786,0.0000002675,0.000000278,18959450714.9,5192.45432776534
1698087000000,2023-10-23T18:50:00Z,0.000000278,0.0000002832,0.0000002763,0.0000002779,15757698475.8,4404.00095956849
1698087300000,2023-10-23T18:55:00Z,0.0000002779,0.0000002807,0.0000002779,0.0000002807,3993054006.7,1115.87716570965
1698087600000,2023-10-23T19:00:00Z,0.0000002807,0.000000285,0.0000002807,0.0000002824,13045306605.2,3689.81847023848
1698087900000,2023-10-23T19:05:00Z,0.0000002824,0.0000002824,0.0000002762,0.0000002774,18060723355.8,5031.99846623367
1698088200000,2023-10-23T19:10:00Z,0.0000002774,0.0000002823,0.0000002764,0.0000002823,4272678768.9,1194.73840840504
1698088500000,2023-10-23T19:15:00Z,0.0000002823,0.0000002836,0.000000278,0.000000278,9101080574.9,2548.85462294898
1698088800000,2023-10-23T19:20:00Z,0.000000278,0.000000281,0.0000002772,0.0000002772,4266800770.6,1191.7008930806
1698089100000,2023-10-23T19:25:00Z,0.0000002772,0.0000002802,0.0000002771,0.0000002799,4798297022.3,1339.14669932422
1698089400000,2023-10-23T19:30:00Z,0.0000002799,0.0000002998,0.0000002799,0.0000002948,17671116992.5,5152.02142723829
1698089700000,2023-10-23T19:35:00Z,0.0000002948,0.0000002983,0.00000029,0.0000002922,17349882077.3,5101.56409262695
1698090000000,2023-10-23T19:40:00Z,0.0000002922,0.0000003059,0.0000002904,0.0000003043,26743881160.3,8049.72217401101
1698090300000,2023-10-23T19:45:00Z,0.0000003043,0.0000003043,0.0000002949,0.0000002964,14647013686.2,4388.64897570794
1698090600000,2023-10-23T19:50:00Z,0.0000002964,0.0000003016,0.0000002964,0.000000301,14565683694,4366.05734222364
1698090900000,2023-10-23T19:55:00Z,0.000000301,0.000000315,0.000000299,0.0000003104,27658522141.1,8419.27533966862
1698091200000,2023-10-23T20:00:00Z,0.0000003104,0.0000003248,0.0000003074,0.0000003224,19871276690.8,6311.12648383562
1698091500000,2023-10-23T20:05:00Z,0.0000003224,0.000000333,0.0000003213,0.0000003258,23486867575.1,7658.00774122486
1698091800000,2023-10-23T20:10:00Z,0.0000003258,0.0000003269,0.0000003224,0.0000003269,12489672504.9,4056.32105778258
1698092100000,2023-10-23T20:15:00Z,0.0000003269,0.0000003269,0.0000003205,0.0000003223,14844139178.4,4781.06961470148
1698092400000,2023-10-23T20:20:00Z,0.0000003223,0.0000003223,0.0000003143,0.0000003185,17344102164.1,5516.9031041252
1698092700000,2023-10-23T20:25:00Z,0.0000003185,0.0000003198,0.0000003127,0.0000003168,20240726714.9,6416.19101078697
1698093000000,2023-10-23T20:30:00Z,0.0000003168,0.0000003286,0.0000003168,0.0000003219,56568335226.2,18199.15580476868
1698093300000,2023-10-23T20:35:00Z,0.0000003219,0.0000003239,0.0000003162,0.0000003194,22773374400.5,7269.71992876236
1698093600000,2023-10-23T20:40:00Z,0.0000003194,0.0000003214,0.0000003171,0.0000003175,7619171972.8,2431.04137661969
1698093900000,2023-10-23T20:45:00Z,0.0000003175,0.0000003208,0.0000003164,0.0000003184,7891797795.9,2514.1558097443
1698094200000,2023-10-23T20:50:00Z,0.0000003184,0.0000003219,0.0000003144,0.000000316,22403792199.6,7151.92917428892
1698094500000,2023-10-23T20:55:00Z,0.000000316,0.0000003173,0.0000003136,0.000000314,9229567439.8,2913.90655803637
1698094800000,2023-10-23T21:00:00Z,0.000000314,0.0000003156,0.0000003119,0.0000003121,10044412024.6,3144.57146223902
1698095100000,2023-10-23T21:05:00Z,0.0000003121,0.0000003127,0.0000003044,0.0000003044,16769050851.3,5192.62936282889
1698095400000,2023-10-23T21:10:00Z,0.0000003044,0.0000003092,0.0000003039,0.000000306,19779095919.5,6067.94671835906
1698095700000,2023-10-23T21:15:00Z,0.000000306,0.0000003073,0.0000003029,0.0000003051,6175275609.6,1880.6249706653
1698096000000,2023-10-23T21:20:00Z,0.0000003051,0.0000003057,0.000000303,0.0000003042,7361971940.7,2242.00020562007
1698096300000,2023-10-23T21:25:00Z,0.0000003042,0.0000003058,0.0000003034,0.0000003058,5493198047.6,1673.71660857078
1698096600000,2023-10-23T21:30:00Z,0.0000003058,0.0000003066,0.0000003034,0.0000003034,3269434532.3,1000.58652807072
1698096900000,2023-10-23T21:35:00Z,0.0000003034,0.0000003035,0.0000002985,0.0000003003,10725702271.2,3227.26386705362
1698097200000,2023-10-23T21:40:00Z,0.0000003003,0.0000003003,0.0000002969,0.0000002986,9408544857,2806.5147768248
1698097500000,2023-10-23T21:45:00Z,0.0000002986,0.0000002998,0.0000002967,0.0000002978,4978358219.1,1486.36633026039
1698097800000,2023-10-23T21:50:00Z,0.0000002978,0.000000301,0.0000002973,0.0000003009,4437795273.4,1324.75275189034
1698098100000,2023-10-23T21:55:00Z,0.0000003009,0.0000003026,0.0000002979,0.000000299,3499699719.6,1050.91025970946
1698098400000,2023-10-23T22:00:00Z,0.000000299,0.000000302,0.0000002978,0.0000003002,3103376362.3,927.51139889027
1698098700000,2023-10-23T22:05:00Z,0.0000003002,0.0000003065,0.0000002999,0.0000003047,13331751613.5,4050.01353014422
1698099000000,2023-10-23T22:10:00Z,0.0000003047,0.000000306,0.0000003031,0.0000003058,16150526606.2,4914.50729479052
1698099300000,2023-10-23T22:15:00Z,0.0000003058,0.0000003068,0.0000003049,0.0000003068,5240495803.6,1602.23793787355
1698099600000,2023-10-23T22:20:00Z,0.0000003068,0.000000311,0.0000003066,0.000000311,17477567738.6,5401.55666839901
1698099900000,2023-10-23T22:25:00Z,0.000000311,0.0000003184,0.000000311,0.0000003167,17381596936.6,5489.31657755644
1698100200000,2023-10-23T22:30:00Z,0.0000003167,0.0000003167,0.0000003134,0.0000003138,9328577300.8,2931.89068099043
1698100500000,2023-10-23T22:35:00Z,0.0000003138,0.0000003165,0.0000003136,0.0000003165,7531661485.7,2372.70090935287
1698100800000,2023-10-23T22:40:00Z,0.0000003165,0.0000003237,0.0000003149,0.0000003191,20561842325.8,6580.76803088048
1698101100000,2023-10-23T22:45:00Z,0.0000003191,0.000000328,0.0000003182,0.000000328,43752181955.8,14233.49055417238
1698101400000,2023-10-23T22:50:00Z,0.000000328,0.00000033,0.0000003218,0.0000003271,17597402227.1,5729.53771638718
1698101700000,2023-10-23T22:55:00Z,0.0000003271,0.000000336,0.0000003271,0.000000336,8497451011.8,2815.63892227484
1698102000000,2023-10-23T23:00:00Z,0.000000336,0.000000336,0.0000003221,0.0000003242,17889312032.9,5837.40890286006
1698102300000,2023-10-23T23:05:00Z,0.0000003242,0.0000003247,0.0000003227,0.0000003242,17526377306.8,5671.21156764791
1698102600000,2023-10-23T23:10:00Z,0.0000003242,0.0000003242,0.00000031,0.0000003139,51316896897.8,16106.80316207028
1698102900000,2023-10-23T23:15:00Z,0.0000003139,0.0000003194,0.00000031,0.0000003193,14443299040.5,4579.57207798547
1698103200000,2023-10-23T23:20:00Z,0.0000003193,0.0000003194,0.000000316,0.000000317,1775483011.4,563.66800803926
1698103500000,2023-10-23T23:25:00Z,0.000000317,0.000000317,0.0000003131,0.0000003154,5596484066.6,1763.66472740561
1698103800000,2023-10-23T23:30:00Z,0.0000003154,0.0000003183,0.0000003154,0.0000003173,7924370959,2515.18303001389
1698104100000,2023-10-23T23:35:00Z,0.0000003173,0.0000003173,0.0000003122,0.0000003122,6443153975.3,2030.88458361724
1698104400000,2023-10-23T23:40:00Z,0.0000003122,0.0000003154,0.0000003122,0.0000003132,2727075757.1,856.88438761185
1698104700000,2023-10-23T23:45:00Z,0.0000003132,0.0000003155,0.0000003117,0.0000003155,10367352097,3241.95808394419
1698105000000,2023-10-23T23:50:00Z,0.0000003155,0.000000317,0.0000003142,0.0000003149,3626528972.5,1143.56177235092
1698105300000,2023-10-23T23:55:00Z,0.0000003149,0.0000003184,0.0000003139,0.0000003184,4050748868,1279.62535346618
1698105600000,2023-10-24T00:00:00Z,0.0000003184,0.0000003184,0.0000003128,0.0000003132,5704950590.6,1794.00509244406
1698105900000,2023-10-24T00:05:00Z,0.0000003132,0.0000003161,0.0000003132,0.0000003148,1908973657.7,602.09753399238
1698106200000,2023-10-24T00:10:00Z,0.0000003148,0.0000003166,0.0000003129,0.0000003155,3779206403.8,1187.02624063317
1698106500000,2023-10-24T00:15:00Z,0.0000003155,0.000000321,0.0000003155,0.000000321,1294815529.1,409.92143475424
1698106800000,2023-10-24T00:20:00Z,0.000000321,0.0000003213,0.0000003187,0.0000003207,321030118.2,102.66475090403
1698107100000,2023-10-24T00:25:00Z,0.0000003207,0.0000003219,0.0000003207,0.0000003219,965945629.4,310.32087977935
1698107400000,2023-10-24T00:30:00Z,0.0000003219,0.0000003233,0.0000003219,0.0000003233,385124842.6,124.16402501528
1698107700000,2023-10-24T00:35:00Z,0.0000003233,0.0000003233,0.0000003216,0.0000003216,135453453.9,43.60784888944
1698108000000,2023-10-24T00:40:00Z,0.0000003216,0.0000003226,0.00000032,0.0000003202,14549975733.4,4675.61307994666
1698108300000,2023-10-24T00:45:00Z,0.0000003202,0.0000003202,0.0000003168,0.0000003168,10463352708.6,3323.03018661328
1698108600000,2023-10-24T00:50:00Z,0.0000003168,0.0000003168,0.0000003166,0.0000003166,8475565.6,2.68399538208
1698108900000,2023-10-24T00:55:00Z,0.0000003166,0.0000003166,0.0000003127,0.0000003149,2717675375.3,854.1299747728
1698109200000,2023-10-24T01:00:00Z,0.0000003149,0.0000003149,0.0000003076,0.0000003105,6407166409.5,1982.45292479209
1698109500000,2023-10-24T01:05:00Z,0.0000003105,0.0000003105,0.000000309,0.000000309,855559143.1,264.66886053137
1698109800000,2023-10-24T01:10:00Z,0.000000309,0.00000031,0.000000306,0.000000306,618443116.4,190.71344199451
1698110100000,2023-10-24T01:15:00Z,0.000000306,0.0000003068,0.0000003037,0.0000003037,388622795.1,118.3470991266
1698110400000,2023-10-24T01:20:00Z,0.0000003037,0.000000304,0.0000003036,0.0000003036,2099249914.1,638.0986986178
1698110700000,2023-10-24T01:25:00Z,0.0000003036,0.0000003043,0.0000003036,0.0000003039,2855370786.3,867.93855240244
1698111000000,2023-10-24T01:30:00Z,0.0000003039,0.0000003047,0.0000003039,0.0000003045,85743303.7,26.11523219364
1698111300000,2023-10-24T01:35:00Z,0.0000003045,0.0000003045,0.000000304,0.000000304,82927375,25.2476605875
1698111600000,2023-10-24T01:40:00Z,0.000000304,0.0000003061,0.000000304,0.0000003061,775226946.8,237.06084936957
1698111900000,2023-10-24T01:45:00Z,0.0000003061,0.0000003072,0.0000003056,0.0000003056,775116280.8,237.23875193882
1698112200000,2023-10-24T01:50:00Z,0.0000003056,0.0000003056,0.0000003043,0.0000003049,593237715,180.91471765314
1698112500000,2023-10-24T01:55:00Z,0.0000003049,0.000000306,0.0000003049,0.000000306,351746491.4,107.63183642262
1698112800000,2023-10-24T02:00:00Z,0.000000306,0.0000003104,0.000000306,0.0000003101,8298911255.5,2560.20013192056
1698113100000,2023-10-24T02:05:00Z,0.0000003101,0.0000003101,0.0000003078,0.0000003089,903777115.2,278.63491817602
1698113400000,2023-10-24T02:10:00Z,0.0000003089,0.000000312,0.0000003089,0.0000003115,7533780171.2,2347.15334453293
1698113700000,2023-10-24T02:15:00Z,0.0000003115,0.000000314,0.0000003115,0.0000003134,1936519673.2,606.71597740082
1698114000000,2023-10-24T02:20:00Z,0.0000003134,0.0000003149,0.0000003134,0.0000003149,430892015.5,135.47617545929
1698114300000,2023-10-24T02:25:00Z,0.0000003149,0.0000003152,0.0000003125,0.0000003125,1466408812.6,459.65942761338
1698114600000,2023-10-24T02:30:00Z,0.0000003125,0.0000003145,0.0000003121,0.0000003143,3340725976.8,1043.78817594948
1698114900000,2023-10-24T02:35:00Z,0.0000003143,0.000000315,0.0000003129,0.0000003133,2416608451.5,757.86930199174
1698115200000,2023-10-24T02:40:00Z,0.0000003133,0.0000003133,0.0000003112,0.000000312,3332159896.9,1039.70548974893
1698115500000,2023-10-24T02:45:00Z,0.000000312,0.0000003158,0.000000312,0.0000003158,5876316337.5,1848.64532456785
1698115800000,2023-10-24T02:50:00Z,0.0000003158,0.0000003159,0.0000003144,0.0000003144,1300504043.3,409.50668650645
1698116100000,2023-10-24T02:55:00Z,0.0000003144,0.0000003157,0.0000003144,0.0000003157,2430235640.6,766.8070036005
1698116400000,2023-10-24T03:00:00Z,0.0000003157,0.0000003188,0.0000003157,0.0000003181,10102389654.5,3204.4957155239
1698116700000,2023-10-24T03:05:00Z,0.0000003181,0.0000003236,0.0000003181,0.0000003236,2982971993.9,962.45948710245
1698117000000,2023-10-24T03:10:00Z,0.0000003236,0.0000003236,0.000000322,0.0000003224,1803640441.5,581.09333821064
1698117300000,2023-10-24T03:15:00Z,0.0000003224,0.0000003239,0.0000003224,0.0000003239,1091017945.7,353.05878209593
1698117600000,2023-10-24T03:20:00Z,0.0000003239,0.0000003269,0.0000003232,0.0000003266,3639666974,1186.74823734325
1698117900000,2023-10-24T03:25:00Z,0.0000003266,0.0000003329,0.0000003262,0.0000003317,40483029750.1,13330.70555446676
1698118200000,2023-10-24T03:30:00Z,0.0000003317,0.0000003443,0.0000003317,0.0000003422,28354673578,9608.57051282768
1698118500000,2023-10-24T03:35:00Z,0.0000003422,0.000000344,0.0000003399,0.0000003436,2990154712.8,1022.26143686317
1698118800000,2023-10-24T03:40:00Z,0.0000003436,0.0000003436,0.0000003417,0.0000003417,1432398572.1,491.13880593891
1698119100000,2023-10-24T03:45:00Z,0.0000003417,0.0000003417,0.0000003373,0.0000003391,11228185300.9,3808.82038715143
1698119400000,2023-10-24T03:50:00Z,0.0000003391,0.0000003391,0.0000003387,0.0000003391,1135753479.7,384.95087424039
1698119700000,2023-10-24T03:55:00Z,0.0000003391,0.0000003404,0.0000003375,0.0000003375,1693047640.2,573.55053571616
1698120000000,2023-10-24T04:00:00Z,0.0000003375,0.0000003399,0.000000337,0.0000003388,2260563413.1,764.32333126054
1698120300000,2023-10-24T04:05:00Z,0.0000003388,0.0000003417,0.0000003388,0.0000003416,4469779612.3,1523.63520320176
1698120600000,2023-10-24T04:10:00Z,0.0000003416,0.000000344,0.0000003413,0.0000003426,5431325497.1,1863.603554724
1698120900000,2023-10-24T04:15:00Z,0.0000003426,0.0000003435,0.0000003426,0.0000003435,286942696,98.508591974
1698121200000,2023-10-24T04:20:00Z,0.0000003435,0.0000003447,0.0000003426,0.0000003426,1479982761.9,508.84868043797
1698121500000,2023-10-24T04:25:00Z,0.0000003426,0.0000003442,0.0000003419,0.0000003439,2120620677.5,727.11610008615
1698121800000,2023-10-24T04:30:00Z,0.0000003439,0.0000003447,0.0000003426,0.0000003428,1677524376,575.4125188357
1698122100000,2023-10-24T04:35:00Z,0.0000003428,0.0000003428,0.0000003399,0.0000003399,6712565064.8,2283.38934015698
1698122400000,2023-10-24T04:40:00Z,0.0000003399,0.0000003404,0.0000003394,0.0000003396,948217858.5,322.2876921779
1698122700000,2023-10-24T04:45:00Z,0.0000003396,0.0000003398,0.0000003382,0.0000003388,3226793927.3,1092.93523628652
1698123000000,2023-10-24T04:50:00Z,0.0000003388,0.0000003388,0.0000003346,0.0000003357,5815329976,1955.0322140499
1698123300000,2023-10-24T04:55:00Z,0.0000003357,0.0000003367,0.0000003344,0.0000003355,6335861899.3,2122.68441052384
1698123600000,2023-10-24T05:00:00Z,0.0000003355,0.000000336,0.0000003339,0.0000003344,2285508792.8,765.21445368566
1698123900000,2023-10-24T05:05:00Z,0.0000003344,0.0000003344,0.0000003306,0.0000003311,5915835462.8,1962.69881656917
1698124200000,2023-10-24T05:10:00Z,0.0000003311,0.0000003315,0.0000003276,0.0000003291,12686507716,4188.65970851632
1698124500000,2023-10-24T05:15:00Z,0.0000003291,0.0000003292,0.0000003262,0.0000003272,5566827433.8,1824.37782752424
1698124800000,2023-10-24T05:20:00Z,0.0000003272,0.0000003324,0.0000003271,0.0000003324,3474724786.6,1145.2335908403
1698125100000,2023-10-24T05:25:00Z,0.0000003324,0.0000003337,0.0000003324,0.0000003337,2682646726.6,894.47119371458
1698125400000,2023-10-24T05:30:00Z,0.0000003337,0.0000003343,0.0000003307,0.0000003311,4614476523.6,1533.49256900643
1698125700000,2023-10-24T05:35:00Z,0.0000003311,0.0000003319,0.0000003296,0.0000003311,2918010707.8,965.57319829311
1698126000000,2023-10-24T05:40:00Z,0.0000003311,0.0000003311,0.0000003279,0.0000003287,2525747245.7,832.12987355496
1698126300000,2023-10-24T05:45:00Z,0.0000003287,0.0000003288,0.0000003129,0.000000318,54655281518.1,17623.69401912264
1698126600000,2023-10-24T05:50:00Z,0.000000318,0.0000003193,0.0000003111,0.0000003126,17929590577.2,5653.29844742281
1698126900000,2023-10-24T05:55:00Z,0.0000003126,0.0000003128,0.0000003082,0.00000031,3848703231.3,1196.78937609931
1698127200000,2023-10-24T06:00:00Z,0.00000031,0.0000003129,0.00000031,0.0000003129,663128792,205.76867822482
1698127500000,2023-10-24T06:05:00Z,0.0000003129,0.0000003129,0.00000031,0.00000031,1133705069.6,353.35249720003
1698127800000,2023-10-24T06:10:00Z,0.00000031,0.0000003126,0.00000031,0.0000003108,3591845350.9,1121.18740351438
1698128100000,2023-10-24T06:15:00Z,0.0000003108,0.0000003119,0.0000003087,0.0000003087,1427596277.1,441.77644857419
1698128400000,2023-10-24T06:20:00Z,0.0000003087,0.0000003092,0.0000003084,0.0000003092,2892374723.7,893.18567748204
1698128700000,2023-10-24T06:25:00Z,0.0000003092,0.0000003096,0.0000003086,0.0000003086,1467332097.3,453.6692053632
1698129000000,2023-10-24T06:30:00Z,0.0000003086,0.0000003127,0.0000003085,0.0000003127,3383041034.5,1050.77532018178
1698129300000,2023-10-24T06:35:00Z,0.0000003127,0.0000003156,0.0000003117,0.0000003144,7232723796.9,2274.21309858866
1698129600000,2023-10-24T06:40:00Z,0.0000003144,0.0000003145,0.0000003134,0.0000003134,1904282891.8,597.73838838089
1698129900000,2023-10-24T06:45:00Z,0.0000003134,0.0000003146,0.000000313,0.000000313,1470245320.5,461.6368481926
1698130200000,2023-10-24T06:50:00Z,0.000000313,0.0000003148,0.0000003129,0.0000003129,2517134920.9,790.2337878775
1698130500000,2023-10-24T06:55:00Z,0.0000003129,0.0000003129,0.0000003113,0.0000003119,1739136194.3,542.37508560536
1698130800000,2023-10-24T07:00:00Z,0.0000003119,0.0000003135,0.0000003116,0.0000003129,452750058.2,141.20240152098
1698131100000,2023-10-24T07:05:00Z,0.0000003129,0.0000003134,0.000000312,0.000000312,916594833.6,286.37458804446
1698131400000,2023-10-24T07:10:00Z,0.000000312,0.0000003126,0.0000003114,0.0000003115,1053642908.2,328.39603035215
1698131700000,2023-10-24T07:15:00Z,0.0000003115,0.0000003188,0.0000003115,0.0000003184,6092880149.1,1932.8307443402
1698132000000,2023-10-24T07:20:00Z,0.0000003184,0.0000003184,0.0000003151,0.0000003164,2899950887.9,917.2685584965
1698132300000,2023-10-24T07:25:00Z,0.0000003164,0.0000003164,0.0000003087,0.0000003101,35560658821.2,11069.64261813231
1698132600000,2023-10-24T07:30:00Z,0.0000003101,0.0000003134,0.0000003101,0.0000003124,26584568501.5,8281.78476940925
1698132900000,2023-10-24T07:35:00Z,0.0000003124,0.0000003129,0.0000003099,0.0000003099,9386995663.7,2923.71776612191
1698133200000,2023-10-24T07:40:00Z,0.0000003099,0.0000003108,0.0000003096,0.0000003096,4612629558.1,1431.05960199968
1698133500000,2023-10-24T07:45:00Z,0.0000003096,0.0000003111,0.0000003096,0.000000311,1156600430.8,358.61114990294
1698133800000,2023-10-24T07:50:00Z,0.000000311,0.0000003127,0.00000031,0.0000003127,3396083353,1055.7692239453
1698134100000,2023-10-24T07:55:00Z,0.0000003127,0.0000003134,0.0000003125,0.0000003134,950839553.9,297.56800567036
1698134400000,2023-10-24T08:00:00Z,0.0000003134,0.0000003145,0.0000003127,0.0000003145,7790495815.3,2447.39516540086
1698134700000,2023-10-24T08:05:00Z,0.0000003145,0.0000003176,0.0000003145,0.0000003168,2675259044.8,847.32612096934
1698135000000,2023-10-24T08:10:00Z,0.0000003168,0.0000003178,0.0000003168,0.0000003171,2473321595.1,784.65539767474
1698135300000,2023-10-24T08:15:00Z,0.0000003171,0.0000003182,0.0000003166,0.0000003182,4687265195.8,1487.77177598306
1698135600000,2023-10-24T08:20:00Z,0.0000003182,0.0000003193,0.000000317,0.0000003193,2077526136.9,661.74694612077
1698135900000,2023-10-24T08:25:00Z,0.0000003193,0.0000003204,0.0000003182,0.0000003188,12992209857.3,4141.56233139814
1698136200000,2023-10-24T08:30:00Z,0.0000003188,0.0000003224,0.0000003188,0.0000003222,3160402104.9,1012.42351485501
1698136500000,2023-10-24T08:35:00Z,0.0000003222,0.0000003225,0.0000003211,0.0000003225,1401744338,451.1820478658
1698136800000,2023-10-24T08:40:00Z,0.0000003225,0.0000003225,0.0000003217,0.0000003222,2735509106.4,881.29846441407
1698137100000,2023-10-24T08:45:00Z,0.0000003222,0.0000003222,0.0000003209,0.0000003209,1833915907.9,589.36645994481
1698137400000,2023-10-24T08:50:00Z,0.0000003209,0.0000003209,0.0000003183,0.000000319,5013737172,1600.57364654904
1698137700000,2023-10-24T08:55:00Z,0.000000319,0.000000319,0.000000316,0.0000003173,8931141591.1,2835.01463377939
1698138000000,2023-10-24T09:00:00Z,0.0000003173,0.0000003178,0.0000003163,0.0000003165,1793000116.2,568.04900891148
1698138300000,2023-10-24T09:05:00Z,0.0000003165,0.0000003173,0.0000003155,0.0000003155,4889861361.6,1547.18156719121
1698138600000,2023-10-24T09:10:00Z,0.0000003155,0.0000003163,0.0000003155,0.0000003161,3345063222.5,1057.28516026546
1698138900000,2023-10-24T09:15:00Z,0.0000003161,0.0000003162,0.0000003149,0.0000003155,2668760112.6,842.70048002764
1698139200000,2023-10-24T09:20:00Z,0.0000003155,0.0000003178,0.0000003155,0.0000003175,3387940105.7,1072.58108200379
1698139500000,2023-10-24T09:25:00Z,0.0000003175,0.0000003175,0.000000316,0.0000003171,40763604020.1,12897.2162914402
1698139800000,2023-10-24T09:30:00Z,0.0000003171,0.0000003179,0.0000003171,0.0000003179,851331855.3,270.17931530635
1698140100000,2023-10-24T09:35:00Z,0.0000003179,0.0000003223,0.0000003179,0.0000003218,10275198579.9,3299.22179151739
1698140400000,2023-10-24T09:40:00Z,0.0000003218,0.0000003227,0.0000003218,0.0000003227,1608150235.9,518.35525247076
1698140700000,2023-10-24T09:45:00Z,0.0000003227,0.0000003279,0.0000003225,0.0000003241,6942819371.5,2264.07215361972
1698141000000,2023-10-24T09:50:00Z,0.0000003241,0.0000003255,0.0000003241,0.0000003248,2286202281.5,742.58617577592
1698141300000,2023-10-24T09:55:00Z,0.0000003248,0.0000003248,0.0000003233,0.0000003233,1217664479.2,394.37593473234
1698141600000,2023-10-24T10:00:00Z,0.0000003233,0.0000003237,0.0000003224,0.0000003227,7008998030.6,2263.57069300942
1698141900000,2023-10-24T10:05:00Z,0.0000003227,0.0000003255,0.0000003227,0.0000003255,3766958080.5,1224.0494852343
1698142200000,2023-10-24T10:10:00Z,0.0000003255,0.0000003255,0.0000003239,0.000000324,3741261256,1214.49728925586
1698142500000,2023-10-24T10:15:00Z,0.000000324,0.0000003269,0.0000003233,0.0000003247,28428498081.7,9232.89095339208
1698142800000,2023-10-24T10:20:00Z,0.0000003247,0.0000003247,0.0000003234,0.0000003236,5360977478,1736.48254216885
1698143100000,2023-10-24T10:25:00Z,0.0000003236,0.0000003253,0.0000003234,0.0000003253,2045038934.8,663.37893664118
1698143400000,2023-10-24T10:30:00Z,0.0000003253,0.0000003263,0.0000003246,0.0000003259,4528546031.1,1471.67422110533
1698143700000,2023-10-24T10:35:00Z,0.0000003259,0.0000003272,0.0000003259,0.0000003272,8191553729.9,2678.53763452955
1698144000000,2023-10-24T10:40:00Z,0.0000003272,0.0000003279,0.000000327,0.0000003277,2131895066,697.7785415218
1698144300000,2023-10-24T10:45:00Z,0.0000003277,0.0000003282,0.0000003277,0.0000003278,6098536375,1999.9015320078
1698144600000,2023-10-24T10:50:00Z,0.0000003278,0.0000003281,0.000000326,0.000000326,3089601723.8,1009.75480561173
1698144900000,2023-10-24T10:55:00Z,0.000000326,0.0000003262,0.0000003247,0.0000003256,6970198518.5,2266.01151132966
1698145200000,2023-10-24T11:00:00Z,0.0000003256,0.0000003256,0.0000003228,0.0000003234,5979606656,1938.15333291392
1698145500000,2023-10-24T11:05:00Z,0.0000003234,0.0000003253,0.0000003234,0.0000003251,5114840825,1658.73664037222
1698145800000,2023-10-24T11:10:00Z,0.0000003251,0.0000003255,0.0000003242,0.0000003255,5607864087.8,1822.30003709332
1698146100000,2023-10-24T11:15:00Z,0.0000003255,0.0000003284,0.0000003253,0.0000003284,11116337628.3,3627.89798281487
1698146400000,2023-10-24T11:20:00Z,0.0000003284,0.000000329,0.0000003274,0.000000329,8052135807.4,2643.0474148471
1698146700000,2023-10-24T11:25:00Z,0.000000329,0.0000003311,0.0000003284,0.0000003311,7126671570.8,2348.19544475522
1698147000000,2023-10-24T11:30:00Z,0.0000003311,0.0000003326,0.0000003308,0.0000003321,5065460061.2,1680.43361606939
1698147300000,2023-10-24T11:35:00Z,0.0000003321,0.0000003337,0.000000332,0.0000003333,5108204919.7,1701.09984230785
1698147600000,2023-10-24T11:40:00Z,0.0000003333,0.0000003352,0.0000003332,0.0000003332,4381692067.6,1465.00839789548
1698147900000,2023-10-24T11:45:00Z,0.0000003332,0.0000003359,0.000000333,0.0000003359,6275894414.8,2097.54132495474
1698148200000,2023-10-24T11:50:00Z,0.0000003359,0.0000003453,0.0000003359,0.0000003453,18591978478,6348.02456788416
1698148500000,2023-10-24T11:55:00Z,0.0000003453,0.0000003466,0.0000003446,0.0000003463,8302557137.2,2870.61064362037
1698148800000,2023-10-24T12:00:00Z,0.0000003463,0.0000003531,0.0000003463,0.0000003524,11201985729,3909.61899583824
1698149100000,2023-10-24T12:05:00Z,0.0000003524,0.0000003528,0.0000003457,0.0000003479,14019507252.2,4888.71917848915
1698149400000,2023-10-24T12:10:00Z,0.0000003479,0.0000003498,0.0000003455,0.0000003498,5227371075.7,1817.86586993104
1698149700000,2023-10-24T12:15:00Z,0.0000003498,0.0000003498,0.0000003464,0.0000003474,4589020351,1598.45474620553
1698150000000,2023-10-24T12:20:00Z,0.0000003474,0.0000003474,0.0000003426,0.0000003426,4163012701.4,1433.5236091302
1698150300000,2023-10-24T12:25:00Z,0.0000003426,0.0000003443,0.000000342,0.000000342,5688194645,1953.86756007057
1698150600000,2023-10-24T12:30:00Z,0.000000342,0.0000003428,0.0000003387,0.000000342,13549846019,4623.48811373565
1698150900000,2023-10-24T12:35:00Z,0.000000342,0.0000003434,0.0000003392,0.0000003424,30896911812,10572.9498707055
1698151200000,2023-10-24T12:40:00Z,0.0000003424,0.0000003434,0.0000003411,0.0000003431,5128813532,1757.75104952655
1698151500000,2023-10-24T12:45:00Z,0.0000003431,0.0000003433,0.0000003409,0.0000003411,10756498440,3680.7529348233
1698151800000,2023-10-24T12:50:00Z,0.0000003411,0.0000003426,0.0000003409,0.000000341,5730180126.4,1957.8498990055
1698152100000,2023-10-24T12:55:00Z,0.000000341,0.0000003422,0.0000003401,0.0000003408,6163704177,2102.77370674568
1698152400000,2023-10-24T13:00:00Z,0.0000003408,0.0000003415,0.000000337,0.0000003375,5222111263.9,1771.5134102221
1698152700000,2023-10-24T13:05:00Z,0.0000003375,0.0000003382,0.0000003331,0.0000003331,6346236647.8,2136.83953386945
1698153000000,2023-10-24T13:10:00Z,0.0000003331,0.0000003335,0.0000003312,0.0000003316,5497644704.8,1824.39814292145
1698153300000,2023-10-24T13:15:00Z,0.0000003316,0.0000003367,0.0000003313,0.000000335,9149508814.5,3053.10800924954
1698153600000,2023-10-24T13:20:00Z,0.000000335,0.0000003356,0.0000003347,0.0000003347,5141105321.1,1723.20218387232
1698153900000,2023-10-24T13:25:00Z,0.0000003347,0.0000003375,0.0000003347,0.0000003361,4012733864.2,1348.05461679192
1698154200000,2023-10-24T13:30:00Z,0.0000003361,0.0000003366,0.0000003328,0.0000003329,3137344782.5,1052.16044638135
1698154500000,2023-10-24T13:35:00Z,0.0000003329,0.0000003348,0.0000003321,0.0000003326,11368389943.5,3785.47224913696
1698154800000,2023-10-24T13:40:00Z,0.0000003326,0.0000003333,0.0000003326,0.0000003331,6554169603.1,2182.72590576184
1698155100000,2023-10-24T13:45:00Z,0.0000003331,0.0000003331,0.0000003317,0.0000003331,5071988881.6,1686.57066036022
1698155400000,2023-10-24T13:50:00Z,0.0000003331,0.0000003342,0.0000003316,0.0000003342,7640638416.3,2543.56014562229
1698155700000,2023-10-24T13:55:00Z,0.0000003342,0.0000003353,0.0000003342,0.0000003342,3100784240.5,1038.29154593829
1698156000000,2023-10-24T14:00:00Z,0.0000003342,0.0000003345,0.0000003339,0.0000003345,3370347376.6,1126.20853660378
1698156300000,2023-10-24T14:05:00Z,0.0000003345,0.0000003353,0.0000003337,0.0000003339,3921615870,1311.74332856086
1698156600000,2023-10-24T14:10:00Z,0.0000003339,0.0000003349,0.0000003337,0.0000003344,3252616435.4,1086.30046403301
1698156900000,2023-10-24T14:15:00Z,0.0000003344,0.0000003346,0.0000003317,0.0000003335,2286941699.4,762.43266310327
1698157200000,2023-10-24T14:20:00Z,0.0000003335,0.0000003338,0.0000003311,0.0000003324,4449422396.2,1476.07946027235
1698157500000,2023-10-24T14:25:00Z,0.0000003324,0.0000003343,0.000000332,0.0000003342,3831008356.5,1277.4670673853
1698157800000,2023-10-24T14:30:00Z,0.0000003342,0.000000335,0.0000003314,0.0000003314,3277106332.3,1091.47535541807
1698158100000,2023-10-24T14:35:00Z,0.0000003314,0.0000003327,0.0000003313,0.0000003327,2240900652.5,744.3118813404
1698158400000,2023-10-24T14:40:00Z,0.0000003327,0.0000003327,0.0000003312,0.0000003315,1987251288,659.5631251074
1698158700000,2023-10-24T14:45:00Z,0.0000003315,0.0000003328,0.0000003315,0.0000003327,4275832178,1419.84033649116
1698159000000,2023-10-24T14:50:00Z,0.0000003327,0.0000003328,0.0000003327,0.0000003328,1450789595,482.822777216
1698159300000,2023-10-24T14:55:00Z,0.0000003328,0.0000003339,0.0000003327,0.0000003331,3009927980.4,1003.15978773196
1698159600000,2023-10-24T15:00:00Z,0.0000003331,0.0000003331,0.0000003326,0.000000333,2452192027.2,816.076139815
1698159900000,2023-10-24T15:05:00Z,0.000000333,0.0000003359,0.000000333,0.0000003355,3752749835.4,1253.69517744785
1698160200000,2023-10-24T15:10:00Z,0.0000003355,0.0000003367,0.0000003346,0.0000003346,2133479401,716.13148019829
1698160500000,2023-10-24T15:15:00Z,0.0000003346,0.0000003357,0.0000003327,0.0000003327,1250150837.3,418.55974557175
1698160800000,2023-10-24T15:20:00Z,0.0000003327,0.0000003327,0.0000003268,0.0000003279,11707529581.1,3869.05582099487
1698161100000,2023-10-24T15:25:00Z,0.0000003279,0.0000003284,0.0000003248,0.000000325,3013690747.5,984.3444168492
1698161400000,2023-10-24T15:30:00Z,0.000000325,0.000000325,0.0000003172,0.0000003184,6745025751.7,2153.4038261429
1698161700000,2023-10-24T15:35:00Z,0.0000003184,0.0000003184,0.0000003066,0.0000003074,12388971735.7,3846.34233961105
1698162000000,2023-10-24T15:40:00Z,0.0000003074,0.0000003093,0.0000003041,0.0000003085,14666526118.4,4498.67615652074
1698162300000,2023-10-24T15:45:00Z,0.0000003085,0.0000003128,0.0000003085,0.000000312,7891998170.1,2459.95269494708
1698162600000,2023-10-24T15:50:00Z,0.000000312,0.0000003127,0.0000003057,0.0000003057,4440057443.5,1377.7901090185
1698162900000,2023-10-24T15:55:00Z,0.0000003057,0.0000003057,0.0000003032,0.0000003057,6006463510.7,1833.94642922934
1698163200000,2023-10-24T16:00:00Z,0.0000003057,0.000000308,0.0000003057,0.0000003068,6831538469.8,2092.44354116377
1698163500000,2023-10-24T16:05:00Z,0.0000003068,0.0000003068,0.0000002983,0.0000002999,11358011860.6,3402.59615567023
1698163800000,2023-10-24T16:10:00Z,0.0000002999,0.000000306,0.0000002999,0.0000003051,48805076961.6,14868.33230664545
1698164100000,2023-10-24T16:15:00Z,0.0000003051,0.0000003065,0.0000003036,0.0000003065,11726029556.6,3575.33727978187
1698164400000,2023-10-24T16:20:00Z,0.0000003065,0.0000003069,0.000000305,0.0000003065,5932255458,1813.51951423073
1698164700000,2023-10-24T16:25:00Z,0.0000003065,0.0000003065,0.0000003035,0.0000003036,3480863801.8,1060.2812268016
1698165000000,2023-10-24T16:30:00Z,0.0000003036,0.0000003052,0.0000003027,0.0000003049,4548765004.8,1381.54193751186
1698165300000,2023-10-24T16:35:00Z,0.0000003049,0.0000003105,0.0000003049,0.0000003102,7840924231.6,2412.97772666842
1698165600000,2023-10-24T16:40:00Z,0.0000003102,0.0000003103,0.0000003069,0.0000003094,5451424783.3,1684.84435646232
1698165900000,2023-10-24T16:45:00Z,0.0000003094,0.0000003094,0.0000003079,0.000000308,1542161357.7,476.04450819815
1698166200000,2023-10-24T16:50:00Z,0.000000308,0.0000003087,0.0000003013,0.000000307,23713426926.1,7256.98262360832
1698166500000,2023-10-24T16:55:00Z,0.000000307,0.0000003078,0.0000003065,0.0000003075,4157810164.3,1277.33317292773
1698166800000,2023-10-24T17:00:00Z,0.0000003075,0.0000003102,0.0000003075,0.0000003102,3058326486,944.4652947021
1698167100000,2023-10-24T17:05:00Z,0.0000003102,0.000000311,0.0000003094,0.0000003097,10685922033.6,3318.04454330228
1698167400000,2023-10-24T17:10:00Z,0.0000003097,0.0000003098,0.0000003076,0.0000003076,4216937905.3,1301.79424866259
1698167700000,2023-10-24T17:15:00Z,0.0000003076,0.0000003087,0.000000307,0.0000003087,2924804269.4,899.67689264374
1698168000000,2023-10-24T17:20:00Z,0.0000003087,0.0000003095,0.0000003082,0.0000003093,4216555070.2,1303.41176533817
1698168300000,2023-10-24T17:25:00Z,0.0000003093,0.0000003102,0.0000003079,0.0000003084,6337066457.5,1957.06177901523
1698168600000,2023-10-24T17:30:00Z,0.0000003084,0.0000003084,0.0000003067,0.0000003078,4294794741,1320.39743842637
1698168900000,2023-10-24T17:35:00Z,0.0000003078,0.0000003078,0.0000003069,0.0000003078,4823474293,1483.19212044071
1698169200000,2023-10-24T17:40:00Z,0.0000003078,0.0000003078,0.0000003064,0.0000003067,3242780527.6,996.1570511603
1698169500000,2023-10-24T17:45:00Z,0.0000003067,0.000000307,0.000000303,0.0000003032,9190817356.9,2805.18971249161
1698169800000,2023-10-24T17:50:00Z,0.0000003032,0.0000003042,0.0000003023,0.0000003033,6396333832,1940.06645277328
1698170100000,2023-10-24T17:55:00Z,0.0000003033,0.0000003054,0.0000003032,0.0000003045,3779617210.8,1149.46940229205
1698170400000,2023-10-24T18:00:00Z,0.0000003045,0.0000003062,0.0000003045,0.0000003047,2212427842.7,675.28465030948
1698170700000,2023-10-24T18:05:00Z,0.0000003047,0.0000003047,0.0000003027,0.0000003028,5315025081.7,1611.73396348418
1698171000000,2023-10-24T18:10:00Z,0.0000003028,0.0000003046,0.0000003027,0.0000003041,7593272608.5,2303.89064558003
1698171300000,2023-10-24T18:15:00Z,0.0000003041,0.0000003046,0.0000003032,0.0000003042,4035408783,1226.88716120144
1698171600000,2023-10-24T18:20:00Z,0.0000003042,0.0000003046,0.0000003023,0.000000303,3882722106.8,1179.29408820657
1698171900000,2023-10-24T18:25:00Z,0.000000303,0.0000003051,0.000000303,0.0000003049,1532590812.3,466.13999065189
1698172200000,2023-10-24T18:30:00Z,0.0000003049,0.0000003066,0.0000003044,0.0000003063,5129983264.7,1566.8290235457
1698172500000,2023-10-24T18:35:00Z,0.0000003063,0.0000003071,0.0000003062,0.0000003067,5249554751.6,1609.94833474691
1698172800000,2023-10-24T18:40:00Z,0.0000003067,0.0000003085,0.0000003067,0.0000003085,3929746945,1207.99654105638
1698173100000,2023-10-24T18:45:00Z,0.0000003085,0.0000003118,0.0000003084,0.0000003118,3068636452,950.78699388327
1698173400000,2023-10-24T18:50:00Z,0.0000003118,0.0000003164,0.0000003118,0.0000003164,1992226279.7,625.36331266631
1698173700000,2023-10-24T18:55:00Z,0.0000003164,0.0000003164,0.000000315,0.000000315,2261823609,713.9053378117
1698174000000,2023-10-24T19:00:00Z,0.000000315,0.0000003156,0.0000003134,0.0000003149,7334969104.7,2308.08907421993
1698174300000,2023-10-24T19:05:00Z,0.0000003149,0.0000003149,0.0000003107,0.0000003112,8307119476.6,2593.59576649035
1698174600000,2023-10-24T19:10:00Z,0.0000003112,0.0000003131,0.000000311,0.0000003131,4186415472.6,1306.60586637784
1698174900000,2023-10-24T19:15:00Z,0.0000003131,0.0000003131,0.0000003114,0.0000003115,5445087059.2,1699.52341328466
1698175200000,2023-10-24T19:20:00Z,0.0000003115,0.0000003128,0.0000003114,0.0000003117,8759124273,2734.37568129436
1698175500000,2023-10-24T19:25:00Z,0.0000003117,0.0000003127,0.0000003117,0.0000003123,5911416536,1846.8724438968
1698175800000,2023-10-24T19:30:00Z,0.0000003123,0.0000003165,0.0000003123,0.0000003165,3223353100.5,1015.69377180899
1698176100000,2023-10-24T19:35:00Z,0.0000003165,0.0000003165,0.0000003146,0.0000003155,6639544818,2092.54816802519
1698176400000,2023-10-24T19:40:00Z,0.0000003155,0.0000003164,0.0000003148,0.0000003148,5647197004.3,1781.21068491816
1698176700000,2023-10-24T19:45:00Z,0.0000003148,0.000000315,0.0000003144,0.0000003148,5524754122.9,1739.11909331212
1698177000000,2023-10-24T19:50:00Z,0.0000003148,0.0000003152,0.000000312,0.0000003121,6960414464.2,2184.04428526103
1698177300000,2023-10-24T19:55:00Z,0.0000003121,0.0000003134,0.000000312,0.0000003133,2954726282,923.2040437417
1698177600000,2023-10-24T20:00:00Z,0.0000003133,0.0000003136,0.000000312,0.0000003124,6390483751,1999.4774976758
1698177900000,2023-10-24T20:05:00Z,0.0000003124,0.0000003127,0.0000003115,0.0000003122,3832659496.6,1195.72532117398
1698178200000,2023-10-24T20:10:00Z,0.0000003122,0.0000003145,0.0000003122,0.0000003145,3494409450.8,1095.19099254942
1698178500000,2023-10-24T20:15:00Z,0.0000003145,0.0000003145,0.0000003134,0.0000003139,2932318970,920.5861690731
1698178800000,2023-10-24T20:20:00Z,0.0000003139,0.0000003162,0.0000003139,0.0000003158,5032984695.5,1586.40300500915
1698179100000,2023-10-24T20:25:00Z,0.0000003158,0.000000317,0.0000003151,0.0000003169,5347153717.9,1689.64140010849
1698179400000,2023-10-24T20:30:00Z,0.0000003169,0.0000003169,0.0000003151,0.0000003157,6246082902,1972.6194161731
1698179700000,2023-10-24T20:35:00Z,0.0000003157,0.0000003162,0.0000003147,0.0000003148,6984031656.6,2201.97631493302
1698180000000,2023-10-24T20:40:00Z,0.0000003148,0.0000003152,0.0000003134,0.0000003134,14613738971,4590.22785084781
1698180300000,2023-10-24T20:45:00Z,0.0000003134,0.0000003143,0.0000003123,0.0000003143,3509222278,1099.22451349578
1698180600000,2023-10-24T20:50:00Z,0.0000003143,0.0000003143,0.0000003127,0.0000003127,7709345797.5,2414.1504342591
1698180900000,2023-10-24T20:55:00Z,0.0000003127,0.0000003132,0.0000003121,0.0000003121,6576921057.8,2055.44497569404
1698181200000,2023-10-24T21:00:00Z,0.0000003121,0.0000003124,0.0000003106,0.000000311,5284260163.8,1644.94857355447
1698181500000,2023-10-24T21:05:00Z,0.000000311,0.0000003117,0.0000003108,0.0000003109,4970338487,1547.0393262828
1698181800000,2023-10-24T21:10:00Z,0.0000003109,0.0000003109,0.0000003096,0.00000031,2017460238.6,625.7266889862
1698182100000,2023-10-24T21:15:00Z,0.00000031,0.0000003127,0.0000003084,0.0000003127,4189092631.4,1302.43555251943
1698182400000,2023-10-24T21:20:00Z,0.0000003127,0.0000003133,0.0000003122,0.0000003131,3315829129.9,1037.53025855266
1698182700000,2023-10-24T21:25:00Z,0.0000003131,0.0000003139,0.0000003131,0.0000003131,3804724300,1193.4499144675
1698183000000,2023-10-24T21:30:00Z,0.0000003131,0.0000003131,0.0000003105,0.0000003108,3312695502.2,1030.27154816396
1698183300000,2023-10-24T21:35:00Z,0.0000003108,0.0000003115,0.0000003105,0.0000003106,5261900390.1,1635.38553791805
1698183600000,2023-10-24T21:40:00Z,0.0000003106,0.0000003107,0.0000003101,0.0000003107,4144148918.7,1286.86268734419
1698183900000,2023-10-24T21:45:00Z,0.0000003107,0.0000003108,0.0000003105,0.0000003107,2847001594,884.537314213
1698184200000,2023-10-24T21:50:00Z,0.0000003107,0.0000003109,0.0000003105,0.0000003105,3258771585,1012.3774625066
1698184500000,2023-10-24T21:55:00Z,0.0000003105,0.0000003172,0.0000003105,0.0000003171,43719277944.4,13713.15692522463
1698184800000,2023-10-24T22:00:00Z,0.0000003171,0.0000003171,0.0000003154,0.0000003166,5773780850.1,1826.07984707404
1698185100000,2023-10-24T22:05:00Z,0.0000003166,0.0000003207,0.0000003163,0.0000003175,6131154011.5,1950.68371892004
1698185400000,2023-10-24T22:10:00Z,0.0000003175,0.0000003197,0.0000003169,0.0000003197,5289442500.8,1682.93645610128
1698185700000,2023-10-24T22:15:00Z,0.0000003197,0.0000003201,0.000000315,0.000000315,4956026884.2,1570.22007703015
1698186000000,2023-10-24T22:20:00Z,0.000000315,0.0000003178,0.0000003149,0.0000003173,3323040631,1053.5816860378
1698186300000,2023-10-24T22:25:00Z,0.0000003173,0.0000003176,0.0000003165,0.000000317,6602946873.7,2091.75489221925
1698186600000,2023-10-24T22:30:00Z,0.000000317,0.000000317,0.0000003142,0.0000003146,5241340279.1,1650.88157010067
1698186900000,2023-10-24T22:35:00Z,0.0000003146,0.0000003161,0.0000003135,0.0000003158,2236167434.8,703.6646569835
1698187200000,2023-10-24T22:40:00Z,0.0000003158,0.0000003178,0.0000003158,0.0000003177,2054333556.5,652.24067041019
1698187500000,2023-10-24T22:45:00Z,0.0000003177,0.0000003178,0.0000003173,0.0000003178,5767661993.9,1832.18713114331
1698187800000,2023-10-24T22:50:00Z,0.0000003178,0.0000003178,0.0000003173,0.0000003176,1355357680,430.3865829977
1698188100000,2023-10-24T22:55:00Z,0.0000003176,0.0000003187,0.0000003172,0.0000003187,3203468960.6,1017.71912133397
1698188400000,2023-10-24T23:00:00Z,0.0000003187,0.0000003205,0.0000003187,0.0000003197,1897114118.6,606.39102007072
1698188700000,2023-10-24T23:05:00Z,0.0000003197,0.0000003204,0.0000003191,0.0000003191,2322248468,742.3119726599
1698189000000,2023-10-24T23:10:00Z,0.0000003191,0.0000003192,0.0000003178,0.0000003178,7588599333.5,2414.49159522253
1698189300000,2023-10-24T23:15:00Z,0.0000003178,0.000000321,0.000000315,0.000000315,10875900825.6,3461.91978777506
1698189600000,2023-10-24T23:20:00Z,0.000000315,0.0000003173,0.000000315,0.0000003169,1736554308,549.9802146003
1698189900000,2023-10-24T23:25:00Z,0.0000003169,0.0000003169,0.0000003149,0.0000003149,3337720401.5,1054.3187706098
1698190200000,2023-10-24T23:30:00Z,0.0000003149,0.0000003149,0.0000003134,0.0000003135,1550507884.5,486.34195413997
1698190500000,2023-10-24T23:35:00Z,0.0000003135,0.0000003135,0.000000312,0.000000312,2659315002.6,831.17617895366
1698190800000,2023-10-24T23:40:00Z,0.000000312,0.0000003149,0.0000003119,0.0000003149,2773642512,867.1604594305
1698191100000,2023-10-24T23:45:00Z,0.0000003149,0.0000003158,0.0000003149,0.000000315,2508790968.3,791.0626929474
1698191400000,2023-10-24T23:50:00Z,0.000000315,0.0000003154,0.0000003148,0.0000003149,2576352583,811.195449603
1698191700000,2023-10-24T23:55:00Z,0.0000003149,0.0000003159,0.0000003149,0.0000003154,1928942247,608.57448747531
1698192000000,2023-10-25T00:00:00Z,0.0000003154,0.0000003174,0.0000003154,0.0000003174,803741674,254.4695218976
1698192300000,2023-10-25T00:05:00Z,0.0000003174,0.0000003174,0.0000003159,0.0000003162,2002735751.9,633.40377363988
1698192600000,2023-10-25T00:10:00Z,0.0000003162,0.0000003162,0.0000003135,0.0000003136,3845309533.8,1209.25277382227
1698192900000,2023-10-25T00:15:00Z,0.0000003136,0.0000003151,0.0000003135,0.0000003151,3199131479,1004.86313358698
1698193200000,2023-10-25T00:20:00Z,0.0000003151,0.0000003163,0.0000003151,0.0000003156,1547317558.7,489.01308631629
1698193500000,2023-10-25T00:25:00Z,0.0000003156,0.0000003156,0.000000312,0.0000003121,729881709.7,228.73187043128
1698193800000,2023-10-25T00:30:00Z,0.0000003121,0.0000003127,0.0000003117,0.0000003117,2857078653.3,891.21781808803
1698194100000,2023-10-25T00:35:00Z,0.0000003117,0.0000003118,0.0000003117,0.0000003118,1169891575.8,364.66172246044
1698194400000,2023-10-25T00:40:00Z,0.0000003118,0.0000003127,0.0000003117,0.0000003117,715589171,223.4939316869
1698194700000,2023-10-25T00:45:00Z,0.0000003117,0.0000003127,0.0000003117,0.0000003127,1526294926,476.6199117224
1698195000000,2023-10-25T00:50:00Z,0.0000003127,0.0000003133,0.0000003127,0.0000003133,1031546403.6,323.12958427611
1698195300000,2023-10-25T00:55:00Z,0.0000003133,0.000000314,0.0000003131,0.000000314,248828388.3,77.97354349482
1698195600000,2023-10-25T01:00:00Z,0.000000314,0.0000003143,0.0000003138,0.0000003143,215251810.7,67.57603619751
1698195900000,2023-10-25T01:05:00Z,0.0000003143,0.0000003155,0.0000003135,0.0000003154,2179811457.2,685.40229021277
1698196200000,2023-10-25T01:10:00Z,0.0000003154,0.0000003162,0.0000003147,0.0000003162,1414124275.8,445.57157629366
1698196500000,2023-10-25T01:15:00Z,0.0000003162,0.0000003162,0.0000003157,0.0000003157,2558966014.5,808.24231804718
1698196800000,2023-10-25T01:20:00Z,0.0000003157,0.000000316,0.0000003152,0.000000316,5495550386,1735.28697789004
1698197100000,2023-10-25T01:25:00Z,0.000000316,0.0000003164,0.0000003155,0.0000003164,4293406394.6,1357.08136279709
1698197400000,2023-10-25T01:30:00Z,0.0000003164,0.0000003171,0.0000003162,0.0000003171,1216460952.2,385.11557200512
1698197700000,2023-10-25T01:35:00Z,0.0000003171,0.0000003175,0.0000003163,0.0000003165,1213399586.8,384.87875440868
1698198000000,2023-10-25T01:40:00Z,0.0000003165,0.0000003171,0.0000003165,0.0000003167,952070792.2,301.85008791528
1698198300000,2023-10-25T01:45:00Z,0.0000003167,0.0000003175,0.0000003155,0.0000003163,1306560703.9,413.76000663655
1698198600000,2023-10-25T01:50:00Z,0.0000003163,0.0000003163,0.0000003145,0.0000003154,1970764458,621.30067947848
1698198900000,2023-10-25T01:55:00Z,0.0000003154,0.0000003155,0.0000003148,0.0000003148,862917878,271.98061801662
1698199200000,2023-10-25T02:00:00Z,0.0000003148,0.0000003152,0.0000003142,0.0000003148,1374406095.6,432.89059386525
1698199500000,2023-10-25T02:05:00Z,0.0000003148,0.0000003151,0.0000003147,0.0000003149,2413201830,759.56075929005
1698199800000,2023-10-25T02:10:00Z,0.0000003149,0.0000003149,0.0000003142,0.0000003148,1633948642.7,514.30196094784
1698200100000,2023-10-25T02:15:00Z,0.0000003148,0.0000003148,0.0000003146,0.0000003146,2059417161,648.1008621261
1698200400000,2023-10-25T02:20:00Z,0.0000003146,0.0000003147,0.0000003123,0.0000003123,1687723227.3,529.38886871916
1698200700000,2023-10-25T02:25:00Z,0.0000003123,0.0000003127,0.0000003123,0.0000003127,165491769,51.7492761663
1698201000000,2023-10-25T02:30:00Z,0.0000003127,0.000000313,0.0000003127,0.000000313,259130555,81.107863715
1698201300000,2023-10-25T02:35:00Z,0.000000313,0.000000313,0.0000003111,0.0000003111,560176616,174.70341605844
1698201600000,2023-10-25T02:40:00Z,0.0000003111,0.0000003111,0.000000311,0.000000311,189650369,58.981264759
1698201900000,2023-10-25T02:45:00Z,0.000000311,0.0000003117,0.000000311,0.0000003113,620697516,193.3563451348
1698202200000,2023-10-25T02:50:00Z,0.0000003113,0.0000003117,0.0000003113,0.0000003114,1249904478,389.3639523118
1698202500000,2023-10-25T02:55:00Z,0.0000003114,0.000000312,0.0000003114,0.0000003117,299405794.9,93.3587067246
1698202800000,2023-10-25T03:00:00Z,0.0000003117,0.0000003117,0.0000003115,0.0000003115,97331007,30.3223151549
1698203100000,2023-10-25T03:05:00Z,0.0000003115,0.0000003115,0.0000003106,0.0000003115,3637599523.3,1130.68720395786
1698203400000,2023-10-25T03:10:00Z,0.0000003115,0.0000003115,0.0000003109,0.0000003109,108056450,33.594750305
1698203700000,2023-10-25T03:15:00Z,0.0000003109,0.0000003116,0.0000003109,0.0000003112,321047921,99.9821130152
1698204000000,2023-10-25T03:20:00Z,0.0000003112,0.0000003122,0.0000003112,0.0000003113,2271168728,707.62887057596
1698204300000,2023-10-25T03:25:00Z,0.0000003113,0.0000003113,0.0000003112,0.0000003112,144933942,45.1034427504
1698204600000,2023-10-25T03:30:00Z,0.0000003112,0.0000003117,0.0000003112,0.0000003117,1036752785,322.94538258216
1698204900000,2023-10-25T03:35:00Z,0.0000003117,0.0000003117,0.000000311,0.000000311,1142331483,355.7919592397
1698205200000,2023-10-25T03:40:00Z,0.000000311,0.0000003113,0.000000311,0.0000003113,569002581,177.1014831268
1698205500000,2023-10-25T03:45:00Z,0.0000003113,0.0000003115,0.0000003107,0.0000003108,731354522,227.5913356719
1698205800000,2023-10-25T03:50:00Z,0.0000003108,0.0000003114,0.0000003108,0.0000003114,1250575704.7,389.29089202288
1698206100000,2023-10-25T03:55:00Z,0.0000003114,0.0000003114,0.0000003109,0.0000003111,987713532,307.1066970948
1698206400000,2023-10-25T04:00:00Z,0.0000003111,0.0000003134,0.0000003111,0.0000003134,904250805.9,281.50616040187
1698206700000,2023-10-25T04:05:00Z,0.0000003134,0.0000003187,0.0000003134,0.0000003181,4744083475.6,1509.66572709692
1698207000000,2023-10-25T04:10:00Z,0.0000003181,0.0000003191,0.0000003168,0.0000003185,3338181541.3,1061.68380990037
1698207300000,2023-10-25T04:15:00Z,0.0000003185,0.0000003185,0.0000003104,0.0000003104,5021352819,1566.68350796615
1698207600000,2023-10-25T04:20:00Z,0.0000003104,0.0000003135,0.0000003104,0.0000003126,2182016909,682.10814094654
1698207900000,2023-10-25T04:25:00Z,0.0000003126,0.0000003126,0.0000003113,0.000000312,2068970134,645.85601042428
1698208200000,2023-10-25T04:30:00Z,0.000000312,0.000000312,0.0000003115,0.0000003115,653685118,203.6232847642
1698208500000,2023-10-25T04:35:00Z,0.0000003115,0.0000003115,0.0000003106,0.0000003106,1275036834,396.3340647335
1698208800000,2023-10-25T04:40:00Z,0.0000003106,0.0000003113,0.0000003098,0.0000003098,820026198.7,254.19582231181
1698209100000,2023-10-25T04:45:00Z,0.0000003098,0.0000003111,0.0000003098,0.0000003102,1886138682,585.5477395287
1698209400000,2023-10-25T04:50:00Z,0.0000003102,0.0000003108,0.00000031,0.0000003103,3543095194,1099.64154173744
1698209700000,2023-10-25T04:55:00Z,0.0000003103,0.0000003111,0.0000003103,0.0000003111,1198573453,372.6566291924
1698210000000,2023-10-25T05:00:00Z,0.0000003111,0.0000003114,0.000000311,0.0000003112,4139025919.5,1288.38159619324
1698210300000,2023-10-25T05:05:00Z,0.0000003112,0.0000003112,0.0000003079,0.000000309,29448314231.1,9096.80457430268
1698210600000,2023-10-25T05:10:00Z,0.000000309,0.0000003103,0.000000308,0.0000003088,20685813066.1,6387.28344532398
1698210900000,2023-10-25T05:15:00Z,0.0000003088,0.0000003095,0.0000003077,0.0000003077,441315134.5,136.19223699065
1698211200000,2023-10-25T05:20:00Z,0.0000003077,0.0000003096,0.0000003077,0.0000003096,419721317,129.9457197432
1698211500000,2023-10-25T05:25:00Z,0.0000003096,0.0000003112,0.0000003091,0.000000311,1668619239.2,518.15849166941
1698211800000,2023-10-25T05:30:00Z,0.000000311,0.0000003119,0.000000311,0.0000003111,1736854546.2,541.06557988442
1698212100000,2023-10-25T05:35:00Z,0.0000003111,0.0000003113,0.0000003087,0.0000003088,4710265594.7,1460.91614882377
1698212400000,2023-10-25T05:40:00Z,0.0000003088,0.0000003088,0.0000003045,0.0000003049,1425620138.5,437.33233738866
1698212700000,2023-10-25T05:45:00Z,0.0000003049,0.0000003049,0.0000003027,0.0000003037,470513408.9,142.53195442035
1698213000000,2023-10-25T05:50:00Z,0.0000003037,0.0000003042,0.0000003037,0.0000003042,374008948,113.713872054
1698213300000,2023-10-25T05:55:00Z,0.0000003042,0.0000003044,0.0000003038,0.0000003043,2564385072,779.87384467123
1698213600000,2023-10-25T06:00:00Z,0.0000003043,0.0000003049,0.000000304,0.0000003047,1380021645,420.2372825946
1698213900000,2023-10-25T06:05:00Z,0.0000003047,0.0000003052,0.0000003044,0.0000003044,2183093281.4,665.53318404246
1698214200000,2023-10-25T06:10:00Z,0.0000003044,0.000000305,0.0000003039,0.000000304,2794044168.9,850.66019174266
1698214500000,2023-10-25T06:15:00Z,0.000000304,0.0000003077,0.000000304,0.0000003042,1601436473,491.04192900442
1698214800000,2023-10-25T06:20:00Z,0.0000003042,0.0000003045,0.000000303,0.0000003045,314901479.2,95.73414803916
1698215100000,2023-10-25T06:25:00Z,0.0000003045,0.0000003058,0.0000003045,0.0000003058,520668831.9,159.17134816634
1698215400000,2023-10-25T06:30:00Z,0.0000003058,0.0000003067,0.0000003058,0.0000003064,1653763671.5,506.8137080942
1698215700000,2023-10-25T06:35:00Z,0.0000003064,0.0000003073,0.0000003064,0.0000003073,797892170,244.7602107433
1698216000000,2023-10-25T06:40:00Z,0.0000003073,0.0000003081,0.0000003071,0.0000003081,3968617208.6,1222.0640680205
1698216300000,2023-10-25T06:45:00Z,0.0000003081,0.0000003081,0.0000003058,0.0000003058,3238920159.1,994.78982287175
1698216600000,2023-10-25T06:50:00Z,0.0000003058,0.0000003058,0.0000003041,0.0000003042,846286192,257.65936101235
1698216900000,2023-10-25T06:55:00Z,0.0000003042,0.0000003045,0.0000003036,0.000000304,5960758139.1,1812.99435553382
1698217200000,2023-10-25T07:00:00Z,0.000000304,0.0000003059,0.000000304,0.0000003059,252590623.2,77.02821561976
1698217500000,2023-10-25T07:05:00Z,0.0000003059,0.0000003059,0.0000003033,0.0000003036,3369147016.8,1023.09438639132
1698217800000,2023-10-25T07:10:00Z,0.0000003036,0.0000003036,0.0000002994,0.0000003002,10909307757,3274.70379363288
1698218100000,2023-10-25T07:15:00Z,0.0000003002,0.0000003021,0.0000003002,0.0000003011,1934788840.6,581.99557295186
1698218400000,2023-10-25T07:20:00Z,0.0000003011,0.0000003011,0.0000002986,0.0000002986,2616341507.3,783.68175017409
1698218700000,2023-10-25T07:25:00Z,0.0000002986,0.0000002997,0.0000002981,0.0000002985,4245079144.1,1269.29293039065
1698219000000,2023-10-25T07:30:00Z,0.0000002985,0.0000002995,0.0000002982,0.000000299,7308509136.2,2183.53372204307
1698219300000,2023-10-25T07:35:00Z,0.000000299,0.000000299,0.0000002978,0.0000002982,2169041069.2,647.2705372744
1698219600000,2023-10-25T07:40:00Z,0.0000002982,0.0000002985,0.000000294,0.000000294,5284158474.6,1561.97246925325
1698219900000,2023-10-25T07:45:00Z,0.000000294,0.0000002973,0.0000002929,0.0000002963,13609275018.6,4021.24305013213
1698220200000,2023-10-25T07:50:00Z,0.0000002963,0.0000002971,0.0000002914,0.0000002922,11791695564.9,3477.86277169264
1698220500000,2023-10-25T07:55:00Z,0.0000002922,0.0000002923,0.0000002898,0.0000002916,11761432079,3418.65216417092
1698220800000,2023-10-25T08:00:00Z,0.0000002916,0.0000002942,0.0000002896,0.0000002896,3895909289.6,1140.18792573702
1698221100000,2023-10-25T08:05:00Z,0.0000002896,0.000000291,0.0000002885,0.0000002893,3968999790.4,1150.59448786338
1698221400000,2023-10-25T08:10:00Z,0.0000002893,0.0000002893,0.0000002871,0.0000002878,3471904333.4,1001.56031758163
1698221700000,2023-10-25T08:15:00Z,0.0000002878,0.000000291,0.0000002872,0.000000291,10592833092.5,3055.57926430562
1698222000000,2023-10-25T08:20:00Z,0.000000291,0.000000291,0.0000002894,0.0000002906,4332670387.3,1258.36146574954
1698222300000,2023-10-25T08:25:00Z,0.0000002906,0.0000002912,0.0000002899,0.0000002904,3367833140.6,979.70121886617
1698222600000,2023-10-25T08:30:00Z,0.0000002904,0.000000291,0.0000002902,0.0000002903,7144025175.9,2076.17528813162
1698222900000,2023-10-25T08:35:00Z,0.0000002903,0.0000002922,0.0000002903,0.0000002916,7806437386.9,2278.28620959403
1698223200000,2023-10-25T08:40:00Z,0.0000002916,0.0000002925,0.0000002912,0.0000002912,3351950469,977.4918156872
1698223500000,2023-10-25T08:45:00Z,0.0000002912,0.0000002915,0.0000002901,0.0000002913,5021906640,1462.13654120439
1698223800000,2023-10-25T08:50:00Z,0.0000002913,0.0000002925,0.0000002888,0.0000002888,14843347669,4329.42952489466
1698224100000,2023-10-25T08:55:00Z,0.0000002888,0.0000002899,0.0000002887,0.0000002897,3545210329.4,1025.57489208884
1698224400000,2023-10-25T09:00:00Z,0.0000002897,0.0000002897,0.0000002882,0.0000002895,5985611869.4,1729.02040360292
1698224700000,2023-10-25T09:05:00Z,0.0000002895,0.0000002905,0.0000002895,0.0000002898,1846792270.9,535.48151424755
1698225000000,2023-10-25T09:10:00Z,0.0000002898,0.0000002919,0.0000002898,0.0000002919,2996199545.7,871.83314442095
1698225300000,2023-10-25T09:15:00Z,0.0000002919,0.000000294,0.0000002919,0.000000294,4095452135.9,1199.51539313919
1698225600000,2023-10-25T09:20:00Z,0.000000294,0.0000002945,0.0000002931,0.0000002945,5704956006.7,1675.6663986615
1698225900000,2023-10-25T09:25:00Z,0.0000002945,0.0000002972,0.0000002941,0.000000297,4070829376.9,1204.47859925526
1698226200000,2023-10-25T09:30:00Z,0.000000297,0.0000002989,0.000000297,0.0000002985,3569044497.6,1064.04596981255
1698226500000,2023-10-25T09:35:00Z,0.0000002985,0.0000002989,0.0000002972,0.0000002976,13139063932.3,3916.41087105558
1698226800000,2023-10-25T09:40:00Z,0.0000002976,0.0000002976,0.0000002971,0.0000002973,3119855893.6,927.46142157012
1698227100000,2023-10-25T09:45:00Z,0.0000002973,0.0000002973,0.0000002962,0.0000002962,3922073407,1164.4168355908
1698227400000,2023-10-25T09:50:00Z,0.0000002962,0.0000002962,0.000000294,0.0000002955,4091674778.1,1207.99651170163
1698227700000,2023-10-25T09:55:00Z,0.0000002955,0.0000002955,0.0000002942,0.0000002942,2282926686,672.2322602156
1698228000000,2023-10-25T10:00:00Z,0.0000002942,0.0000002943,0.0000002937,0.0000002943,1187937976,349.070595351
1698228300000,2023-10-25T10:05:00Z,0.0000002943,0.0000002954,0.0000002943,0.0000002954,4147317909,1222.8583433546
1698228600000,2023-10-25T10:10:00Z,0.0000002954,0.0000002956,0.0000002945,0.000000295,3764497798.1,1109.94720566326
1698228900000,2023-10-25T10:15:00Z,0.000000295,0.0000002957,0.0000002926,0.0000002926,4032068856.2,1185.16856200089
1698229200000,2023-10-25T10:20:00Z,0.0000002926,0.0000002936,0.0000002924,0.0000002925,4027662688.2,1180.0759457718
1698229500000,2023-10-25T10:25:00Z,0.0000002925,0.0000002934,0.0000002925,0.0000002929,3806600480,1115.4317967338
1698229800000,2023-10-25T10:30:00Z,0.0000002929,0.0000002934,0.000000291,0.000000292,9208876371,2691.29605180685
1698230100000,2023-10-25T10:35:00Z,0.000000292,0.0000002922,0.0000002913,0.0000002915,4570970005.3,1332.33169213416
1698230400000,2023-10-25T10:40:00Z,0.0000002915,0.0000002938,0.0000002911,0.0000002938,8251652021.2,2414.394762457
1698230700000,2023-10-25T10:45:00Z,0.0000002938,0.0000002939,0.0000002924,0.0000002938,5264639713,1544.2050400843
1698231000000,2023-10-25T10:50:00Z,0.0000002938,0.0000002944,0.0000002934,0.0000002937,6613155670,1942.4980739346
1698231300000,2023-10-25T10:55:00Z,0.0000002937,0.0000002946,0.0000002937,0.000000294,4659327925.6,1371.07764050738
1698231600000,2023-10-25T11:00:00Z,0.000000294,0.0000002943,0.0000002936,0.0000002943,4473764720.3,1314.66021326261
1698231900000,2023-10-25T11:05:00Z,0.0000002943,0.0000003009,0.0000002943,0.0000002996,17104975275.9,5116.28639902683
1698232200000,2023-10-25T11:10:00Z,0.0000002996,0.0000003028,0.0000002994,0.0000003028,12801087775.7,3852.23229744613
1698232500000,2023-10-25T11:15:00Z,0.0000003028,0.0000003052,0.0000002995,0.0000002995,11946342335.3,3621.1172084469
1698232800000,2023-10-25T11:20:00Z,0.0000002995,0.0000002995,0.0000002941,0.0000002973,13148138537.6,3903.0842578486
1698233100000,2023-10-25T11:25:00Z,0.0000002973,0.0000002976,0.0000002962,0.0000002967,8693670779.2,2581.84933261658
1698233400000,2023-10-25T11:30:00Z,0.0000002967,0.0000002967,0.0000002949,0.0000002952,7204827351,2131.00838775473
1698233700000,2023-10-25T11:35:00Z,0.0000002952,0.0000002975,0.0000002952,0.0000002969,6498738004.8,1922.48384658518
1698234000000,2023-10-25T11:40:00Z,0.0000002969,0.0000002972,0.0000002948,0.000000295,6696863601.3,1980.87988333949
1698234300000,2023-10-25T11:45:00Z,0.000000295,0.0000002961,0.0000002943,0.0000002961,9135548958.4,2698.69897679751
1698234600000,2023-10-25T11:50:00Z,0.0000002961,0.0000002961,0.0000002945,0.0000002959,4343283561.8,1283.23243411978
1698234900000,2023-10-25T11:55:00Z,0.0000002959,0.000000298,0.0000002952,0.0000002968,12402098856.9,3674.39869115802
1698235200000,2023-10-25T12:00:00Z,0.0000002968,0.0000002987,0.0000002963,0.0000002975,10322535819.3,3069.92450714425
1698235500000,2023-10-25T12:05:00Z,0.0000002975,0.0000003011,0.0000002975,0.0000003003,12181608737.8,3648.82278961638
1698235800000,2023-10-25T12:10:00Z,0.0000003003,0.0000003013,0.0000002992,0.0000003002,6570186280.4,1971.91883158647
1698236100000,2023-10-25T12:15:00Z,0.0000003002,0.0000003043,0.0000003002,0.0000003033,17529930214.6,5309.99879219679
1698236400000,2023-10-25T12:20:00Z,0.0000003033,0.0000003047,0.0000003021,0.0000003034,13779167558.4,4176.51256277527
1698236700000,2023-10-25T12:25:00Z,0.0000003034,0.0000003053,0.0000003025,0.0000003033,15159994341,4613.45694060085
1698237000000,2023-10-25T12:30:00Z,0.0000003033,0.0000003038,0.0000003021,0.0000003023,9683327699.9,2932.22074656531
1698237300000,2023-10-25T12:35:00Z,0.0000003023,0.0000003035,0.0000003022,0.0000003031,17126123626.3,5184.09823728671
1698237600000,2023-10-25T12:40:00Z,0.0000003031,0.000000304,0.0000003025,0.0000003035,8110055834.5,2462.31271747045
1698237900000,2023-10-25T12:45:00Z,0.0000003035,0.000000304,0.000000303,0.0000003039,6569622145.2,1994.98617985953
1698238200000,2023-10-25T12:50:00Z,0.0000003039,0.0000003039,0.0000003025,0.0000003032,9092731447.1,2755.27817234249
1698238500000,2023-10-25T12:55:00Z,0.0000003032,0.0000003033,0.0000003022,0.0000003025,14170526757.4,4289.36767436728
1698238800000,2023-10-25T13:00:00Z,0.0000003025,0.0000003029,0.0000003023,0.0000003025,6385749747.1,1931.51184556019
1698239100000,2023-10-25T13:05:00Z,0.0000003025,0.0000003073,0.0000003024,0.0000003073,6088601433.7,1850.61428503848
1698239400000,2023-10-25T13:10:00Z,0.0000003073,0.0000003117,0.0000003054,0.0000003112,12747105357.5,3939.4927181253
1698239700000,2023-10-25T13:15:00Z,0.0000003112,0.0000003224,0.0000003112,0.0000003205,132358814807.6,42011.78693791632
1698240000000,2023-10-25T13:20:00Z,0.0000003205,0.0000003294,0.0000003149,0.0000003267,184697151099.5,59301.20382019113
1698240300000,2023-10-25T13:25:00Z,0.0000003267,0.0000003292,0.0000003213,0.0000003256,91376562803.5,29687.71719960765
1698240600000,2023-10-25T13:30:00Z,0.0000003256,0.0000003377,0.0000003256,0.0000003307,118945709043.9,39428.05311846767
1698240900000,2023-10-25T13:35:00Z,0.0000003307,0.0000003307,0.000000321,0.0000003274,67271908812.6,21961.20897215053
1698241200000,2023-10-25T13:40:00Z,0.0000003274,0.0000003274,0.0000003262,0.0000003271,1986649322.6,649.26211781579
1698241500000,2023-10-25T13:45:00Z,0.0000003271,0.000000328,0.0000003264,0.0000003272,20902982019.7,6841.81794177757
1698241800000,2023-10-25T13:50:00Z,0.0000003272,0.0000003332,0.0000003264,0.0000003326,11701125728.6,3870.90144039101
1698242100000,2023-10-25T13:55:00Z,0.0000003326,0.0000003437,0.0000003326,0.0000003408,11449160573.1,3876.40414606521
1698242400000,2023-10-25T14:00:00Z,0.0000003408,0.0000003528,0.0000003401,0.0000003434,52258840164.2,18117.51545524004
1698242700000,2023-10-25T14:05:00Z,0.0000003434,0.0000003525,0.0000003406,0.0000003521,41090267246.1,14214.66327993944
1698243000000,2023-10-25T14:10:00Z,0.0000003521,0.0000003621,0.0000003516,0.0000003555,19739053638.9,7045.8495133692
1698243300000,2023-10-25T14:15:00Z,0.0000003555,0.00000036,0.0000003498,0.000000353,28083715263.3,9910.9058357274
1698243600000,2023-10-25T14:20:00Z,0.000000353,0.0000003659,0.000000352,0.0000003622,13115446983,4718.31476799093
1698243900000,2023-10-25T14:25:00Z,0.0000003622,0.000000376,0.0000003622,0.0000003741,11939155069.7,4390.00125521848
1698244200000,2023-10-25T14:30:00Z,0.0000003741,0.000000382,0.0000003715,0.0000003801,11682019813.4,4403.39769152674
1698244500000,2023-10-25T14:35:00Z,0.0000003801,0.000000383,0.0000003705,0.0000003714,59770244080.3,22414.32267872467
1698244800000,2023-10-25T14:40:00Z,0.0000003714,0.0000003765,0.0000003663,0.000000369,74600181990.5,27639.01308605542
1698245100000,2023-10-25T14:45:00Z,0.000000369,0.0000003746,0.0000003635,0.0000003709,86408725061.1,31851.12245936408
1698245400000,2023-10-25T14:50:00Z,0.0000003709,0.0000003725,0.0000003539,0.0000003546,177837635425.7,64240.80573473587
1698245700000,2023-10-25T14:55:00Z,0.0000003546,0.000000362,0.0000003546,0.0000003579,115323174809.3,41348.69367679914
1698246000000,2023-10-25T15:00:00Z,0.0000003579,0.0000003579,0.0000003488,0.0000003529,28268817242,9936.50599533307
1698246300000,2023-10-25T15:05:00Z,0.0000003529,0.0000003555,0.0000003529,0.0000003532,5994713134.5,2123.89005087399
1698246600000,2023-10-25T15:10:00Z,0.0000003532,0.0000003538,0.0000003506,0.0000003523,4681196018.4,1646.42709975657
1698246900000,2023-10-25T15:15:00Z,0.0000003523,0.0000003636,0.0000003523,0.0000003595,31778359540.8,11413.30072369331
1698247200000,2023-10-25T15:20:00Z,0.0000003595,0.0000003604,0.0000003478,0.0000003525,134312412252.7,47656.23682694572
1698247500000,2023-10-25T15:25:00Z,0.0000003525,0.00000036,0.0000003506,0.000000355,71720492578.7,25509.14517050753
1698247800000,2023-10-25T15:30:00Z,0.000000355,0.000000365,0.000000355,0.0000003618,48050469497.6,17360.3232798679
1698248100000,2023-10-25T15:35:00Z,0.0000003618,0.0000003629,0.0000003516,0.0000003556,99342304694.4,35410.79494373288
1698248400000,2023-10-25T15:40:00Z,0.0000003556,0.000000363,0.0000003556,0.000000363,7031643232.2,2532.71104877179
1698248700000,2023-10-25T15:45:00Z,0.000000363,0.0000003659,0.0000003608,0.0000003653,10165088961.7,3695.3613360979
1698249000000,2023-10-25T15:50:00Z,0.0000003653,0.0000003698,0.0000003641,0.0000003698,7941185419,2911.14507138664
1698249300000,2023-10-25T15:55:00Z,0.0000003698,0.0000003698,0.0000003647,0.0000003663,19266822937.8,7063.97959558514
1698249600000,2023-10-25T16:00:00Z,0.0000003663,0.0000003678,0.000000365,0.0000003677,10768894765,3948.09152870001
1698249900000,2023-10-25T16:05:00Z,0.0000003677,0.000000374,0.0000003677,0.000000374,11442016743,4235.07442325364
1698250200000,2023-10-25T16:10:00Z,0.000000374,0.0000003829,0.0000003734,0.0000003829,22276331146.6,8436.07141760925
1698250500000,2023-10-25T16:15:00Z,0.0000003829,0.000000408,0.0000003825,0.000000402,89178938929.3,35198.98129351333
1698250800000,2023-10-25T16:20:00Z,0.000000402,0.0000004073,0.00000039,0.0000003979,78512760340.8,31171.05825301634
1698251100000,2023-10-25T16:25:00Z,0.0000003979,0.0000004256,0.0000003956,0.000000422,53612459106.4,22121.24481580622
1698251400000,2023-10-25T16:30:00Z,0.000000422,0.0000004333,0.0000004129,0.0000004298,121147958228.3,51532.31630633821
1698251700000,2023-10-25T16:35:00Z,0.0000004298,0.0000004318,0.00000041,0.0000004134,44422688412.1,18522.80019723913
1698252000000,2023-10-25T16:40:00Z,0.0000004134,0.0000004134,0.0000003947,0.0000004047,33803997951.5,13602.67527162299
1698252300000,2023-10-25T16:45:00Z,0.0000004047,0.000000408,0.0000003977,0.0000004025,34443824208.4,13847.9388107473
1698252600000,2023-10-25T16:50:00Z,0.0000004025,0.0000004025,0.0000003919,0.0000003952,43184954384.1,17110.46901624936
1698252900000,2023-10-25T16:55:00Z,0.0000003952,0.0000004117,0.0000003942,0.0000004049,29651459702.1,11929.15601271045
1698253200000,2023-10-25T17:00:00Z,0.0000004049,0.0000004053,0.0000003928,0.0000003989,61225168929.1,24432.88674526294
1698253500000,2023-10-25T17:05:00Z,0.0000003989,0.0000004072,0.0000003984,0.0000004072,10637984787.7,4290.9352587294
1698253800000,2023-10-25T17:10:00Z,0.0000004072,0.0000004094,0.0000004042,0.000000409,19727795651.4,8047.81106192609
1698254100000,2023-10-25T17:15:00Z,0.000000409,0.000000409,0.000000401,0.0000004015,20023548716,8111.26879460571
1698254400000,2023-10-25T17:20:00Z,0.0000004015,0.0000004028,0.0000003965,0.0000004004,23393070909.1,9342.69263062037
1698254700000,2023-10-25T17:25:00Z,0.0000004004,0.0000004061,0.0000003983,0.000000406,13484864566.2,5438.03659220543
1698255000000,2023-10-25T17:30:00Z,0.000000406,0.000000406,0.0000004008,0.0000004024,8882922345.8,3580.6021224245
1698255300000,2023-10-25T17:35:00Z,0.0000004024,0.0000004029,0.0000003884,0.000000395,41099176068,16173.65803735274
1698255600000,2023-10-25T17:40:00Z,0.000000395,0.0000003995,0.0000003887,0.0000003952,35020461186.4,13771.18786799943
1698255900000,2023-10-25T17:45:00Z,0.0000003952,0.0000003952,0.0000003875,0.0000003924,18432814972.5,7199.22490796614
1698256200000,2023-10-25T17:50:00Z,0.0000003924,0.0000003951,0.0000003879,0.000000391,6973332927.1,2731.59488148993
1698256500000,2023-10-25T17:55:00Z,0.000000391,0.0000003974,0.0000003909,0.0000003953,13189200190.5,5206.73322584893
1698256800000,2023-10-25T18:00:00Z,0.0000003953,0.0000004015,0.0000003947,0.0000004015,16242189111.2,6452.72107069029
1698257100000,2023-10-25T18:05:00Z,0.0000004015,0.0000004049,0.0000003981,0.0000004032,36026320612.2,14449.82836567606
1698257400000,2023-10-25T18:10:00Z,0.0000004032,0.0000004039,0.0000003972,0.0000004015,10093081082.3,4052.18891374008
1698257700000,2023-10-25T18:15:00Z,0.0000004015,0.0000004038,0.0000003981,0.0000003981,7786890445.5,3119.79302323923
1698258000000,2023-10-25T18:20:00Z,0.0000003981,0.0000004019,0.0000003981,0.0000004011,7261452408.5,2905.27239435677
1698258300000,2023-10-25T18:25:00Z,0.0000004011,0.0000004037,0.000000398,0.0000004018,12185961496.9,4883.83495590137
1698258600000,2023-10-25T18:30:00Z,0.0000004018,0.0000004151,0.0000004016,0.0000004116,25228799487.3,10294.17835254097
1698258900000,2023-10-25T18:35:00Z,0.0000004116,0.0000004129,0.0000004095,0.0000004125,5743478082.4,2359.93541892649
1698259200000,2023-10-25T18:40:00Z,0.0000004125,0.0000004129,0.0000004083,0.0000004117,23922867341.7,9833.01434904693
1698259500000,2023-10-25T18:45:00Z,0.0000004117,0.0000004161,0.0000004117,0.0000004156,16179851970.7,6699.45228608356
1698259800000,2023-10-25T18:50:00Z,0.0000004156,0.0000004162,0.0000004081,0.0000004112,23909242563,9828.27927520999
1698260100000,2023-10-25T18:55:00Z,0.0000004112,0.0000004141,0.000000409,0.000000413,9061912313.7,3725.27673766772
1698260400000,2023-10-25T19:00:00Z,0.000000413,0.0000004167,0.0000004119,0.0000004158,9603151439,3983.93662077595
1698260700000,2023-10-25T19:05:00Z,0.0000004158,0.000000422,0.0000004148,0.0000004197,17831835486,7444.04304692895
1698261000000,2023-10-25T19:10:00Z,0.0000004197,0.0000004295,0.0000004191,0.0000004279,9010044417.4,3830.03441192673
1698261300000,2023-10-25T19:15:00Z,0.0000004279,0.0000004419,0.000000424,0.0000004353,37274350439.4,16128.64623537379
1698261600000,2023-10-25T19:20:00Z,0.0000004353,0.0000004483,0.0000004353,0.0000004446,16559810216.5,7325.86433510127
1698261900000,2023-10-25T19:25:00Z,0.0000004446,0.0000004446,0.0000004369,0.00000044,14011586811.3,6154.45408639817
1698262200000,2023-10-25T19:30:00Z,0.00000044,0.00000044,0.0000004337,0.0000004378,9254273877,4035.77755782683
1698262500000,2023-10-25T19:35:00Z,0.0000004378,0.0000004415,0.0000004354,0.0000004406,6391961946.6,2801.71871180862
1698262800000,2023-10-25T19:40:00Z,0.0000004406,0.0000004504,0.0000004386,0.0000004474,17326613620.4,7704.7150463885
1698263100000,2023-10-25T19:45:00Z,0.0000004474,0.0000004504,0.0000004393,0.0000004418,16483077137,7308.78405374118
1698263400000,2023-10-25T19:50:00Z,0.0000004418,0.0000004425,0.0000004382,0.0000004386,4537827416.8,1996.46986999182
1698263700000,2023-10-25T19:55:00Z,0.0000004386,0.0000004409,0.0000004301,0.0000004301,27363854983.7,11902.05355410251
1698264000000,2023-10-25T20:00:00Z,0.0000004301,0.0000004362,0.0000004292,0.0000004328,10763792259.8,4661.15136127994
1698264300000,2023-10-25T20:05:00Z,0.0000004328,0.0000004336,0.0000004276,0.0000004298,9572353656.8,4119.59192920286
1698264600000,2023-10-25T20:10:00Z,0.0000004298,0.0000004436,0.0000004235,0.0000004399,28100806628.4,12151.23200100053
1698264900000,2023-10-25T20:15:00Z,0.0000004399,0.0000004413,0.0000004337,0.0000004356,16056384199.8,7026.14905788404
1698265200000,2023-10-25T20:20:00Z,0.0000004356,0.0000004374,0.0000004274,0.0000004274,41760113559.6,18107.49777762432
1698265500000,2023-10-25T20:25:00Z,0.0000004274,0.000000457,0.0000004232,0.0000004269,129862824019.9,56421.03181624959
1698265800000,2023-10-25T20:30:00Z,0.0000004269,0.0000004292,0.0000004216,0.0000004216,16951039162.7,7190.43374968084
1698266100000,2023-10-25T20:35:00Z,0.0000004216,0.0000004256,0.0000004216,0.0000004248,9159526456.1,3874.362399001
1698266400000,2023-10-25T20:40:00Z,0.0000004248,0.0000004273,0.000000422,0.0000004227,9272936570.7,3945.39464695349
1698266700000,2023-10-25T20:45:00Z,0.0000004227,0.0000004256,0.0000004197,0.0000004217,10928457832.4,4617.84038452746
1698267000000,2023-10-25T20:50:00Z,0.0000004217,0.0000004259,0.0000004113,0.000000416,13717274701.9,5718.74770361968
1698267300000,2023-10-25T20:55:00Z,0.000000416,0.0000004195,0.000000414,0.0000004179,15528528225.1,6473.72695297744
1698267600000,2023-10-25T21:00:00Z,0.0000004179,0.0000004194,0.0000004132,0.0000004189,13754886055.7,5720.40185307143
1698267900000,2023-10-25T21:05:00Z,0.0000004189,0.0000004189,0.0000004118,0.0000004142,6593549923.8,2743.39568308619
1698268200000,2023-10-25T21:10:00Z,0.0000004142,0.0000004149,0.0000004088,0.0000004116,13829648065.3,5694.35175432717
1698268500000,2023-10-25T21:15:00Z,0.0000004116,0.0000004135,0.0000004098,0.0000004123,8825919679.4,3639.67706012643
1698268800000,2023-10-25T21:20:00Z,0.0000004123,0.0000004134,0.0000004117,0.0000004131,4541459424.8,1874.98330297312
1698269100000,2023-10-25T21:25:00Z,0.0000004131,0.0000004202,0.0000004065,0.0000004117,23467463576.3,9679.80377212866
1698269400000,2023-10-25T21:30:00Z,0.0000004117,0.0000004185,0.0000004103,0.0000004153,6901037602.5,2872.65629854572
1698269700000,2023-10-25T21:35:00Z,0.0000004153,0.0000004179,0.0000004108,0.0000004123,9824938263,4073.95305118996
1698270000000,2023-10-25T21:40:00Z,0.0000004123,0.0000004123,0.0000004066,0.000000409,12184592023.3,4980.68640340554
1698270300000,2023-10-25T21:45:00Z,0.000000409,0.0000004109,0.000000404,0.0000004082,16097817669.6,6552.07108587973
1698270600000,2023-10-25T21:50:00Z,0.0000004082,0.0000004111,0.0000004067,0.0000004067,6411674071.4,2627.19260604136
1698270900000,2023-10-25T21:55:00Z,0.0000004067,0.000000411,0.0000004053,0.0000004072,3593019167.5,1465.94859139076
1698271200000,2023-10-25T22:00:00Z,0.0000004072,0.0000004129,0.0000004067,0.0000004108,5480037043.4,2237.74279699679
1698271500000,2023-10-25T22:05:00Z,0.0000004108,0.000000416,0.0000004108,0.000000413,13769715375.4,5688.15598997513
1698271800000,2023-10-25T22:10:00Z,0.000000413,0.0000004186,0.000000412,0.0000004141,8338550385.4,3449.49808420034
1698272100000,2023-10-25T22:15:00Z,0.0000004141,0.0000004163,0.0000004141,0.0000004163,3526120458.4,1464.27199574794
1698272400000,2023-10-25T22:20:00Z,0.0000004163,0.0000004199,0.0000004076,0.0000004076,11931046557.8,4933.89634833327
1698272700000,2023-10-25T22:25:00Z,0.0000004076,0.0000004099,0.0000003964,0.0000003979,19730926931.2,7934.81920849296
1698273000000,2023-10-25T22:30:00Z,0.0000003979,0.0000003984,0.0000003912,0.0000003951,17946554970.1,7085.78123756219
1698273300000,2023-10-25T22:35:00Z,0.0000003951,0.0000003972,0.0000003915,0.0000003968,7003032610.5,2765.56711311426
1698273600000,2023-10-25T22:40:00Z,0.0000003968,0.0000004012,0.0000003953,0.0000004012,6796264470.5,2704.42286798609
1698273900000,2023-10-25T22:45:00Z,0.0000004012,0.0000004012,0.0000003921,0.0000003942,11588122890.2,4603.72497101086
1698274200000,2023-10-25T22:50:00Z,0.0000003942,0.0000003949,0.000000386,0.0000003941,18886989059.7,7362.38443408332
1698274500000,2023-10-25T22:55:00Z,0.0000003941,0.0000003976,0.0000003918,0.0000003961,7637901288.4,3015.59005077907
1698274800000,2023-10-25T23:00:00Z,0.0000003961,0.0000003998,0.0000003961,0.0000003986,2205215605.1,877.6595796191
1698275100000,2023-10-25T23:05:00Z,0.0000003986,0.0000004019,0.0000003981,0.0000004009,8188328542.5,3273.21094448717
1698275400000,2023-10-25T23:10:00Z,0.0000004009,0.0000004019,0.0000003919,0.0000004007,29177883876.6,11565.16821910584
1698275700000,2023-10-25T23:15:00Z,0.0000004007,0.0000004038,0.0000004007,0.0000004038,5645371116.8,2269.88649567258
1698276000000,2023-10-25T23:20:00Z,0.0000004038,0.0000004106,0.0000004038,0.0000004091,7453630102.9,3045.06365379454
1698276300000,2023-10-25T23:25:00Z,0.0000004091,0.0000004109,0.0000004067,0.0000004083,3373857154.7,1379.4437492684
1698276600000,2023-10-25T23:30:00Z,0.0000004083,0.0000004113,0.0000004083,0.0000004113,7044946578.1,2890.19606406512
1698276900000,2023-10-25T23:35:00Z,0.0000004113,0.0000004183,0.0000004113,0.0000004162,3878193838.3,1612.15552732331
1698277200000,2023-10-25T23:40:00Z,0.0000004162,0.0000004238,0.0000004162,0.0000004232,7761618213.3,3256.49744504967
1698277500000,2023-10-25T23:45:00Z,0.0000004232,0.0000004274,0.0000004201,0.0000004219,4782436100.9,2020.87237323467
1698277800000,2023-10-25T23:50:00Z,0.0000004219,0.0000004226,0.0000004195,0.0000004211,3846699648.7,1619.46498457053
1698278100000,2023-10-25T23:55:00Z,0.0000004211,0.0000004284,0.0000004211,0.0000004257,4626965802.1,1963.85049701876
1698278400000,2023-10-26T00:00:00Z,0.0000004257,0.00000044,0.0000004257,0.0000004365,15534822383.3,6751.4985327086
1698278700000,2023-10-26T00:05:00Z,0.0000004365,0.0000004365,0.0000004274,0.0000004294,9989827455.9,4323.62222935779
1698279000000,2023-10-26T00:10:00Z,0.0000004294,0.0000004375,0.0000004285,0.0000004364,3380883557.7,1460.63418747455
1698279300000,2023-10-26T00:15:00Z,0.0000004364,0.0000004391,0.0000004346,0.0000004373,2270750046.5,992.85726234927
1698279600000,2023-10-26T00:20:00Z,0.0000004373,0.00000044,0.0000004292,0.0000004326,10599597081.5,4612.06300586466
1698279900000,2023-10-26T00:25:00Z,0.0000004326,0.0000004326,0.000000415,0.0000004225,11761880459.1,4944.50173445321
1698280200000,2023-10-26T00:30:00Z,0.0000004225,0.0000004225,0.0000004151,0.0000004185,13985252847.8,5844.15568680617
1698280500000,2023-10-26T00:35:00Z,0.0000004185,0.0000004227,0.0000004158,0.0000004172,3204538331.9,1343.50744661444
1698280800000,2023-10-26T00:40:00Z,0.0000004172,0.0000004243,0.0000004148,0.0000004153,5048613180.1,2125.77027452618
1698281100000,2023-10-26T00:45:00Z,0.0000004153,0.0000004204,0.0000004131,0.0000004195,4231970823.4,1763.11657717744
1698281400000,2023-10-26T00:50:00Z,0.0000004195,0.0000004219,0.0000004168,0.0000004186,2854187047.6,1199.16467466893
1698281700000,2023-10-26T00:55:00Z,0.0000004186,0.0000004256,0.0000004176,0.000000422,2233049761,940.746056518
1698282000000,2023-10-26T01:00:00Z,0.000000422,0.0000004248,0.0000004168,0.0000004199,3449649707,1450.15783193957
1698282300000,2023-10-26T01:05:00Z,0.0000004199,0.0000004199,0.0000004133,0.0000004152,11006422828.3,4572.37641950107
1698282600000,2023-10-26T01:10:00Z,0.0000004152,0.0000004199,0.0000004134,0.0000004146,5955951452.8,2480.172126939
1698282900000,2023-10-26T01:15:00Z,0.0000004146,0.0000004189,0.0000004146,0.0000004151,4857145222.8,2025.35175194441
1698283200000,2023-10-26T01:20:00Z,0.0000004151,0.0000004168,0.0000004117,0.0000004168,2218661099.6,916.39372683334
1698283500000,2023-10-26T01:25:00Z,0.0000004168,0.0000004172,0.0000004111,0.0000004128,3956560409.9,1633.15608227955
1698283800000,2023-10-26T01:30:00Z,0.0000004128,0.0000004162,0.0000004128,0.0000004129,1803187500.1,746.76411339862
1698284100000,2023-10-26T01:35:00Z,0.0000004129,0.0000004162,0.000000412,0.0000004149,2258218190.8,934.39756992738
1698284400000,2023-10-26T01:40:00Z,0.0000004149,0.0000004149,0.0000004115,0.0000004128,6184597434.9,2552.62082280461
1698284700000,2023-10-26T01:45:00Z,0.0000004128,0.0000004162,0.0000004106,0.0000004135,3752072508.3,1551.64957877316
1698285000000,2023-10-26T01:50:00Z,0.0000004135,0.000000414,0.0000004125,0.0000004125,2946171109.1,1217.30220867525
1698285300000,2023-10-26T01:55:00Z,0.0000004125,0.0000004182,0.0000004125,0.000000416,13464529008.6,5603.20426986497
1698285600000,2023-10-26T02:00:00Z,0.000000416,0.000000416,0.0000004129,0.0000004129,2291734668,948.41336262931
1698285900000,2023-10-26T02:05:00Z,0.0000004129,0.0000004137,0.0000004117,0.0000004134,1656393781.5,685.09393502814
1698286200000,2023-10-26T02:10:00Z,0.0000004134,0.0000004134,0.0000004121,0.0000004134,231006250,95.3224939095
1698286500000,2023-10-26T02:15:00Z,0.0000004134,0.0000004138,0.0000004117,0.0000004138,1019260537.7,420.99072416912
1698286800000,2023-10-26T02:20:00Z,0.0000004138,0.0000004138,0.0000004109,0.0000004128,527954635.3,217.40977083983
1698287100000,2023-10-26T02:25:00Z,0.0000004128,0.0000004365,0.0000004128,0.0000004166,80532463760.3,33664.12177214503
1698287400000,2023-10-26T02:30:00Z,0.0000004166,0.0000004206,0.0000004133,0.0000004164,34828172624.8,14516.24639295606
1698287700000,2023-10-26T02:35:00Z,0.0000004164,0.0000004295,0.0000004156,0.0000004259,13013719949.8,5457.47573139252
1698288000000,2023-10-26T02:40:00Z,0.0000004259,0.0000004324,0.0000004252,0.0000004304,11902985487,5106.9602463465
1698288300000,2023-10-26T02:45:00Z,0.0000004304,0.0000004304,0.0000004227,0.00000043,8442607903.9,3588.50049053373
1698288600000,2023-10-26T02:50:00Z,0.00000043,0.0000004309,0.0000004266,0.00000043,13463970313,5782.14267576058
1698288900000,2023-10-26T02:55:00Z,0.00000043,0.0000004302,0.0000004276,0.0000004279,12430022231.5,5337.6154246945
1698289200000,2023-10-26T03:00:00Z,0.0000004279,0.0000004298,0.0000004269,0.0000004289,1144980487.9,490.91057845222
1698289500000,2023-10-26T03:05:00Z,0.0000004289,0.0000004299,0.000000427,0.0000004282,5927997943.3,2542.69592210595
1698289800000,2023-10-26T03:10:00Z,0.0000004282,0.0000004363,0.0000004281,0.0000004348,11182266092.1,4839.5556065498
1698290100000,2023-10-26T03:15:00Z,0.0000004348,0.0000004514,0.0000004348,0.000000449,17626297206.3,7796.35644785261
1698290400000,2023-10-26T03:20:00Z,0.000000449,0.000000453,0.0000004418,0.0000004418,18200771063.4,8089.3601111803
1698290700000,2023-10-26T03:25:00Z,0.0000004418,0.0000004598,0.0000004418,0.0000004544,19403383210.3,8758.42948802179
1698291000000,2023-10-26T03:30:00Z,0.0000004544,0.000000488,0.0000004526,0.0000004592,20020480851.1,9314.45011593801
1698291300000,2023-10-26T03:35:00Z,0.0000004592,0.0000004686,0.0000004553,0.0000004594,27593762255.6,12669.93073752141
1698291600000,2023-10-26T03:40:00Z,0.0000004594,0.0000004622,0.0000004562,0.0000004562,14775668230.6,6783.60358126919
1698291900000,2023-10-26T03:45:00Z,0.0000004562,0.0000004579,0.000000448,0.0000004524,49964288453,22599.38681762725
1698292200000,2023-10-26T03:50:00Z,0.0000004524,0.0000004614,0.0000004475,0.000000456,18885530622.9,8572.98197694995
1698292500000,2023-10-26T03:55:00Z,0.000000456,0.0000004683,0.000000456,0.0000004618,16108703052.7,7427.99255062655
1698292800000,2023-10-26T04:00:00Z,0.0000004618,0.0000004705,0.0000004575,0.0000004634,19337312184.5,8956.24518704779
1698293100000,2023-10-26T04:05:00Z,0.0000004634,0.0000004669,0.0000004503,0.0000004523,33736185358.7,15402.67249121617
1698293400000,2023-10-26T04:10:00Z,0.0000004523,0.0000004587,0.0000004469,0.0000004495,13914060629.8,6265.35073085091
1698293700000,2023-10-26T04:15:00Z,0.0000004495,0.0000004717,0.0000004495,0.0000004508,15279083886.8,7023.61629673502
1698294000000,2023-10-26T04:20:00Z,0.0000004508,0.0000004561,0.00000045,0.0000004531,11412411325.6,5148.59679856782
1698294300000,2023-10-26T04:25:00Z,0.0000004531,0.0000004648,0.0000004512,0.0000004562,3589760653.5,1633.73970677076
1698294600000,2023-10-26T04:30:00Z,0.0000004562,0.0000004687,0.0000004544,0.0000004606,9045249626.8,4178.16599458172
1698294900000,2023-10-26T04:35:00Z,0.0000004606,0.0000004791,0.0000004526,0.0000004637,35132241799.3,16214.93412698476
1698295200000,2023-10-26T04:40:00Z,0.0000004637,0.0000004809,0.0000004587,0.0000004616,14063730509.1,6601.36236228071
1698295500000,2023-10-26T04:45:00Z,0.0000004616,0.0000004917,0.0000004587,0.0000004652,10919643818.1,5110.20557157488
1698295800000,2023-10-26T04:50:00Z,0.0000004652,0.0000004899,0.000000463,0.000000476,15691854095,7510.80759366537
1698296100000,2023-10-26T04:55:00Z,0.000000476,0.000000482,0.0000004758,0.0000004812,24091053150.1,11480.86951537515
1698296400000,2023-10-26T05:00:00Z,0.0000004812,0.0000005228,0.0000004703,0.0000005228,79900861834.5,38590.12853380177
1698296700000,2023-10-26T05:05:00Z,0.0000005228,0.000000722,0.000000504,0.00000053,39742378886.1,23986.70332359169
1698297000000,2023-10-26T05:10:00Z,0.00000053,0.00000053,0.0000004798,0.00000051,120093471126.7,59475.61454449242
1698297300000,2023-10-26T05:15:00Z,0.00000051,0.00000051,0.000000486,0.0000004938,32769952094,16388.11511085166
1698297600000,2023-10-26T05:20:00Z,0.0000004938,0.0000005107,0.0000004937,0.0000004945,13479710235.4,6745.53047046328
1698297900000,2023-10-26T05:25:00Z,0.0000004945,0.0000005093,0.0000004841,0.000000497,29063309880.6,14454.82416303514
1698298200000,2023-10-26T05:30:00Z,0.000000497,0.0000005077,0.0000004898,0.0000004898,47189430632.2,23457.75367779385
1698298500000,2023-10-26T05:35:00Z,0.0000004898,0.0000005299,0.0000004898,0.0000005156,44178160686.1,22498.1788672263
1698298800000,2023-10-26T05:40:00Z,0.0000005156,0.0000005739,0.0000005156,0.0000005465,58437274289.3,31422.59744520619
1698299100000,2023-10-26T05:45:00Z,0.0000005465,0.0000005947,0.0000005401,0.0000005819,50195282353.7,28346.02495137924
1698299400000,2023-10-26T05:50:00Z,0.0000005819,0.00000065,0.00000058,0.0000006126,132277355015.7,80748.32705345102
1698299700000,2023-10-26T05:55:00Z,0.0000006126,0.0000006385,0.0000005812,0.000000594,65536139250.1,40216.0454099987
1698300000000,2023-10-26T06:00:00Z,0.000000594,0.0000005967,0.0000005312,0.0000005532,47853318760.2,27366.40009793734
1698300300000,2023-10-26T06:05:00Z,0.0000005532,0.0000005546,0.00000053,0.000000539,53986001001.5,29183.03928561673
1698300600000,2023-10-26T06:10:00Z,0.000000539,0.000000549,0.0000005085,0.0000005416,37713351611.8,20264.29961989721
1698300900000,2023-10-26T06:15:00Z,0.0000005416,0.0000006063,0.0000005416,0.0000005814,126612016505.6,73741.46417812019
1698301200000,2023-10-26T06:20:00Z,0.0000005814,0.000000617,0.0000005738,0.0000005876,80669698533.5,48085.7698035943
1698301500000,2023-10-26T06:25:00Z,0.0000005876,0.0000006054,0.00000058,0.0000005895,53400769838.4,31503.37081440131
1698301800000,2023-10-26T06:30:00Z,0.0000005895,0.0000005916,0.0000005428,0.0000005811,35727677745.9,20498.51575680835
1698302100000,2023-10-26T06:35:00Z,0.0000005811,0.000000595,0.0000005725,0.0000005814,27805086593.2,16198.3941854041
1698302400000,2023-10-26T06:40:00Z,0.0000005814,0.0000006243,0.0000005778,0.0000006145,54787319735.1,32891.71362694646
1698302700000,2023-10-26T06:45:00Z,0.0000006145,0.000000621,0.0000005791,0.0000005832,35320525424.7,21187.32846894056
1698303000000,2023-10-26T06:50:00Z,0.0000005832,0.0000006081,0.0000005802,0.0000006054,14709823464.3,8752.13454322499
1698303300000,2023-10-26T06:55:00Z,0.0000006054,0.0000006131,0.0000005977,0.0000006042,15592134209.7,9456.90170424574
1698303600000,2023-10-26T07:00:00Z,0.0000006042,0.0000006119,0.0000005781,0.0000005788,26517144046.5,15676.37682359589
1698303900000,2023-10-26T07:05:00Z,0.0000005788,0.0000005831,0.00000055,0.0000005722,85502690500.4,47827.04344106343
1698304200000,2023-10-26T07:10:00Z,0.0000005722,0.0000005729,0.0000005451,0.0000005622,65794821358.3,36936.73671562075
1698304500000,2023-10-26T07:15:00Z,0.0000005622,0.0000005757,0.000000558,0.0000005641,53425963532.3,30375.8747182867
1698304800000,2023-10-26T07:20:00Z,0.0000005641,0.0000005764,0.00000056,0.0000005729,24186287720.3,13811.70568754303
1698305100000,2023-10-26T07:25:00Z,0.0000005729,0.0000006021,0.0000005709,0.0000005943,47425506821.3,27883.86120124129
1698305400000,2023-10-26T07:30:00Z,0.0000005943,0.0000005951,0.0000005694,0.0000005876,8165104548,4748.30057508516
1698305700000,2023-10-26T07:35:00Z,0.0000005876,0.0000005949,0.0000005748,0.0000005766,14880554548.5,8669.67643293021
1698306000000,2023-10-26T07:40:00Z,0.0000005766,0.0000006063,0.0000005706,0.0000006,26557118656.6,15707.9688669949
1698306300000,2023-10-26T07:45:00Z,0.0000006,0.000000602,0.0000005744,0.0000005778,20198145439,11874.1818723359
1698306600000,2023-10-26T07:50:00Z,0.0000005778,0.0000005832,0.00000056,0.0000005621,37168774886.8,21389.52165818549
1698306900000,2023-10-26T07:55:00Z,0.0000005621,0.000000575,0.0000005587,0.0000005641,22763203799,12878.28390357473
1698307200000,2023-10-26T08:00:00Z,0.0000005641,0.000000588,0.0000005554,0.0000005853,17080372105.5,9818.52179727303
1698307500000,2023-10-26T08:05:00Z,0.0000005853,0.000000588,0.0000005724,0.0000005853,14416348932.4,8394.30685312513
1698307800000,2023-10-26T08:10:00Z,0.0000005853,0.0000006,0.00000057,0.0000005727,68509082524.1,40092.74039237973
1698308100000,2023-10-26T08:15:00Z,0.0000005727,0.000000578,0.0000005664,0.0000005704,56729846041.7,32546.37442562366
1698308400000,2023-10-26T08:20:00Z,0.0000005704,0.0000005708,0.0000005622,0.0000005676,26644238852.9,15078.03608422664
1698308700000,2023-10-26T08:25:00Z,0.0000005676,0.0000005708,0.0000005615,0.0000005644,10557222552.9,5979.36783343843
1698309000000,2023-10-26T08:30:00Z,0.0000005644,0.0000005666,0.0000005618,0.0000005658,7332181423.4,4131.82042476306
1698309300000,2023-10-26T08:35:00Z,0.0000005658,0.000000575,0.0000005641,0.0000005694,8252455686.3,4703.01127996156
1698309600000,2023-10-26T08:40:00Z,0.0000005694,0.000000583,0.0000005694,0.0000005795,9152575616.7,5285.55613392578
1698309900000,2023-10-26T08:45:00Z,0.0000005795,0.0000005876,0.0000005773,0.0000005799,14290942206.5,8338.19992878343
1698310200000,2023-10-26T08:50:00Z,0.0000005799,0.0000006254,0.0000005799,0.0000006052,37992742784.2,23046.03772375618
1698310500000,2023-10-26T08:55:00Z,0.0000006052,0.0000006201,0.0000005995,0.0000006027,17718598500.6,10818.8487013156
1698310800000,2023-10-26T09:00:00Z,0.0000006027,0.000000624,0.0000005993,0.0000006192,17988406265.7,11112.76221205819
1698311100000,2023-10-26T09:05:00Z,0.0000006192,0.0000006192,0.0000006077,0.0000006115,17374939870.3,10648.9906711142
1698311400000,2023-10-26T09:10:00Z,0.0000006115,0.0000006148,0.00000057,0.0000005943,81948928079.7,48385.73472637486
1698311700000,2023-10-26T09:15:00Z,0.0000005943,0.000000609,0.000000582,0.0000005865,46491306075,27558.88453675594
1698312000000,2023-10-26T09:20:00Z,0.0000005865,0.0000005865,0.0000005568,0.0000005624,47157860361.7,26957.60042542279
1698312300000,2023-10-26T09:25:00Z,0.0000005624,0.0000005706,0.000000546,0.0000005512,63696983645.8,35316.98448562959
1698312600000,2023-10-26T09:30:00Z,0.0000005512,0.0000005525,0.0000005271,0.0000005378,49013557079.7,26551.24669455927
1698312900000,2023-10-26T09:35:00Z,0.0000005378,0.0000005471,0.0000005228,0.0000005471,55971875759.4,30060.24151647317
1698313200000,2023-10-26T09:40:00Z,0.0000005471,0.000000555,0.0000005286,0.0000005304,29232413817.2,15795.45967954717
1698313500000,2023-10-26T09:45:00Z,0.0000005304,0.0000005351,0.0000005208,0.0000005273,20669964538.2,10917.96259378749
1698313800000,2023-10-26T09:50:00Z,0.0000005273,0.0000005322,0.0000005127,0.000000516,23620176454.9,12381.20510416627
1698314100000,2023-10-26T09:55:00Z,0.000000516,0.0000005248,0.0000005129,0.000000514,18665892430.4,9670.49100298994
1698314400000,2023-10-26T10:00:00Z,0.000000514,0.0000005203,0.000000514,0.0000005176,10148132972.4,5252.60798450325
1698314700000,2023-10-26T10:05:00Z,0.0000005176,0.0000005267,0.0000005107,0.0000005241,24975250098.9,13011.68159034158
1698315000000,2023-10-26T10:10:00Z,0.0000005241,0.000000532,0.0000005117,0.0000005248,12092719515.9,6298.11133825006
1698315300000,2023-10-26T10:15:00Z,0.0000005248,0.0000005553,0.0000005248,0.0000005484,28669339410.5,15541.47403073663
1698315600000,2023-10-26T10:20:00Z,0.0000005484,0.0000005497,0.0000005355,0.0000005383,17693479216.2,9578.14813182164
1698315900000,2023-10-26T10:25:00Z,0.0000005383,0.0000005384,0.0000005245,0.0000005285,13424453968.5,7104.48280333241
1698316200000,2023-10-26T10:30:00Z,0.0000005285,0.0000005335,0.0000005241,0.0000005335,14796583714,7829.462521601
1698316500000,2023-10-26T10:35:00Z,0.0000005335,0.0000005519,0.0000005284,0.0000005431,18185991128.9,9788.93137177645
1698316800000,2023-10-26T10:40:00Z,0.0000005431,0.0000005471,0.0000005351,0.0000005415,8740931866.5,4728.29112665591
1698317100000,2023-10-26T10:45:00Z,0.0000005415,0.0000005481,0.0000005329,0.0000005329,16591592462.3,8947.27913523877
1698317400000,2023-10-26T10:50:00Z,0.0000005329,0.000000539,0.0000005303,0.0000005339,8630218866.4,4618.80736581174
1698317700000,2023-10-26T10:55:00Z,0.0000005339,0.0000005468,0.000000532,0.0000005347,13114212632.4,7034.82160938057
1698318000000,2023-10-26T11:00:00Z,0.0000005347,0.0000005395,0.0000005326,0.0000005383,9383239367.9,5029.85857841565
1698318300000,2023-10-26T11:05:00Z,0.0000005383,0.0000005438,0.0000005352,0.0000005393,13141598314.4,7082.94799655384
1698318600000,2023-10-26T11:10:00Z,0.0000005393,0.0000005476,0.0000005363,0.0000005432,4759478636.5,2571.42413160953
1698318900000,2023-10-26T11:15:00Z,0.0000005432,0.0000005603,0.0000005388,0.0000005537,21509783563.4,11825.4686164937
1698319200000,2023-10-26T11:20:00Z,0.0000005537,0.0000005736,0.0000005481,0.0000005686,14789550890.9,8262.99476391576
1698319500000,2023-10-26T11:25:00Z,0.0000005686,0.0000005793,0.0000005565,0.0000005586,23727985592.3,13448.0581081812
1698319800000,2023-10-26T11:30:00Z,0.0000005586,0.0000005618,0.0000005507,0.0000005597,13949020624.5,7746.03634312833
1698320100000,2023-10-26T11:35:00Z,0.0000005597,0.0000005759,0.0000005597,0.000000568,23025840162.5,13128.46314427635
1698320400000,2023-10-26T11:40:00Z,0.000000568,0.000000568,0.0000005336,0.0000005388,42536456445.5,23259.93688982857
1698320700000,2023-10-26T11:45:00Z,0.0000005388,0.0000005412,0.0000004945,0.0000005024,48540804573.4,24871.40866812483
1698321000000,2023-10-26T11:50:00Z,0.0000005024,0.0000005044,0.0000004921,0.0000004983,35505188684.5,17679.1667082551
1698321300000,2023-10-26T11:55:00Z,0.0000004983,0.00000053,0.0000004983,0.000000525,36217119721.5,18608.52806438167
1698321600000,2023-10-26T12:00:00Z,0.000000525,0.0000005372,0.0000005191,0.0000005261,21585992729,11430.53826758557
1698321900000,2023-10-26T12:05:00Z,0.0000005261,0.0000005295,0.000000518,0.0000005247,12479669858.8,6530.39598419812
1698322200000,2023-10-26T12:10:00Z,0.0000005247,0.00000053,0.0000005204,0.0000005261,13303903104.1,6973.65776219528
1698322500000,2023-10-26T12:15:00Z,0.0000005261,0.0000005328,0.00000052,0.0000005205,17382779675.1,9095.95639620735
1698322800000,2023-10-26T12:20:00Z,0.0000005205,0.0000005334,0.0000005196,0.0000005296,11822618274.5,6217.42478393274
1698323100000,2023-10-26T12:25:00Z,0.0000005296,0.0000005336,0.000000525,0.0000005282,11935500671.9,6302.45832834824
1698323400000,2023-10-26T12:30:00Z,0.0000005282,0.0000005458,0.000000527,0.0000005458,19631505475.3,10485.80630084921
1698323700000,2023-10-26T12:35:00Z,0.0000005458,0.00000055,0.0000005385,0.0000005469,16840076297.6,9198.28921831307
1698324000000,2023-10-26T12:40:00Z,0.0000005469,0.0000005514,0.0000005397,0.0000005445,26204910444.6,14276.37846488414
1698324300000,2023-10-26T12:45:00Z,0.0000005445,0.0000005512,0.00000054,0.0000005444,29610144935.6,16102.29365148363
1698324600000,2023-10-26T12:50:00Z,0.0000005444,0.0000005444,0.00000054,0.0000005407,26497139184.2,14323.35079850014
1698324900000,2023-10-26T12:55:00Z,0.0000005407,0.0000005803,0.00000054,0.0000005687,35748945442.6,20122.77730801151
1698325200000,2023-10-26T13:00:00Z,0.0000005687,0.0000005706,0.000000557,0.0000005644,17898232748.3,10056.13796428562
1698325500000,2023-10-26T13:05:00Z,0.0000005644,0.000000567,0.0000005545,0.0000005615,9199712456.8,5148.3276601807
1698325800000,2023-10-26T13:10:00Z,0.0000005615,0.0000005623,0.000000545,0.0000005493,20135600540.5,11113.05174141923
1698326100000,2023-10-26T13:15:00Z,0.0000005493,0.0000005514,0.0000005383,0.0000005401,8501037395.9,4610.77802297739
1698326400000,2023-10-26T13:20:00Z,0.0000005401,0.0000005488,0.0000005318,0.000000543,13997099252,7608.94597192999
1698326700000,2023-10-26T13:25:00Z,0.000000543,0.000000543,0.0000005361,0.0000005387,12419669025.6,6696.70569024691
1698327000000,2023-10-26T13:30:00Z,0.0000005387,0.0000005509,0.0000005385,0.0000005473,11171586827.4,6098.41685323884
1698327300000,2023-10-26T13:35:00Z,0.0000005473,0.0000005473,0.0000005395,0.0000005395,6925652608.2,3762.15103928806
1698327600000,2023-10-26T13:40:00Z,0.0000005395,0.0000005474,0.0000005378,0.0000005402,8336676054.3,4519.27219253824
1698327900000,2023-10-26T13:45:00Z,0.0000005402,0.0000005463,0.0000005401,0.0000005424,9301851860.9,5051.62081670938
1698328200000,2023-10-26T13:50:00Z,0.0000005424,0.0000005448,0.0000005324,0.0000005352,10139506606.1,5473.94143372071
1698328500000,2023-10-26T13:55:00Z,0.0000005352,0.0000005352,0.0000005202,0.0000005221,9938239459.4,5252.67326303426
1698328800000,2023-10-26T14:00:00Z,0.0000005221,0.0000005328,0.0000005221,0.0000005317,3749201845.6,1986.08689851152
1698329100000,2023-10-26T14:05:00Z,0.0000005317,0.0000005336,0.0000005279,0.0000005303,7446971814.9,3947.90319101953
1698329400000,2023-10-26T14:10:00Z,0.0000005303,0.0000005303,0.0000005167,0.0000005199,7215549655.3,3761.4711034365
1698329700000,2023-10-26T14:15:00Z,0.0000005199,0.0000005624,0.0000005199,0.0000005362,51419548133,27817.21797544507
1698330000000,2023-10-26T14:20:00Z,0.0000005362,0.0000005408,0.0000005238,0.0000005271,11621562371.7,6218.30660852761
1698330300000,2023-10-26T14:25:00Z,0.0000005271,0.0000005322,0.0000005238,0.0000005322,4955615127.4,2616.21460457488
1698330600000,2023-10-26T14:30:00Z,0.0000005322,0.0000005322,0.0000005122,0.0000005146,13674792604.1,7127.43795349764
1698330900000,2023-10-26T14:35:00Z,0.0000005146,0.0000005181,0.0000004902,0.0000004977,31706111940.2,15895.25554434219
1698331200000,2023-10-26T14:40:00Z,0.0000004977,0.0000005097,0.000000495,0.0000005035,8599006302.9,4325.01789437203
1698331500000,2023-10-26T14:45:00Z,0.0000005035,0.0000005099,0.0000004968,0.0000005005,38021500479.8,19142.08291136292
1698331800000,2023-10-26T14:50:00Z,0.0000005005,0.0000005049,0.0000004967,0.0000005011,11961682468.7,5975.9407021634
1698332100000,2023-10-26T14:55:00Z,0.0000005011,0.0000005091,0.000000501,0.0000005038,14790402667.8,7475.29076777009
1698332400000,2023-10-26T15:00:00Z,0.0000005038,0.0000005286,0.0000005038,0.000000516,66805869473.6,34013.39742315618
1698332700000,2023-10-26T15:05:00Z,0.000000516,0.0000005381,0.0000005091,0.0000005147,15619030373.5,8034.5641232529
1698333000000,2023-10-26T15:10:00Z,0.0000005147,0.0000005199,0.000000501,0.000000501,6675932039.9,3409.62925114571
1698333300000,2023-10-26T15:15:00Z,0.000000501,0.0000005139,0.0000004993,0.0000005012,14384898761.2,7279.15152760189
1698333600000,2023-10-26T15:20:00Z,0.0000005012,0.0000005162,0.0000005012,0.0000005083,9680452045.1,4922.01171017797
1698333900000,2023-10-26T15:25:00Z,0.0000005083,0.0000005083,0.0000004902,0.0000004919,9354633560.7,4675.77734478667
1698334200000,2023-10-26T15:30:00Z,0.0000004919,0.000000492,0.0000004794,0.0000004906,17055980638.3,8297.22640862015
1698334500000,2023-10-26T15:35:00Z,0.0000004906,0.000000496,0.0000004801,0.0000004826,13577973058.5,6632.36256481969
1698334800000,2023-10-26T15:40:00Z,0.0000004826,0.0000004826,0.000000462,0.0000004716,20646914955.3,9707.48525830749
1698335100000,2023-10-26T15:45:00Z,0.0000004716,0.0000004738,0.0000004573,0.0000004718,16350316127,7606.82066286408
1698335400000,2023-10-26T15:50:00Z,0.0000004718,0.0000004743,0.0000004579,0.0000004696,19566950307.2,9135.09500700034
1698335700000,2023-10-26T15:55:00Z,0.0000004696,0.0000004762,0.0000004686,0.0000004701,7049318465,3326.53659526915
1698336000000,2023-10-26T16:00:00Z,0.0000004701,0.0000004883,0.0000004701,0.0000004883,31500362836.6,15232.80550736377
1698336300000,2023-10-26T16:05:00Z,0.0000004883,0.0000004883,0.0000004645,0.0000004645,17498852980.4,8445.38739522192
1698336600000,2023-10-26T16:10:00Z,0.0000004645,0.0000004714,0.0000004609,0.0000004658,15575559578.7,7254.60188763352
1698336900000,2023-10-26T16:15:00Z,0.0000004658,0.0000004729,0.0000004456,0.0000004694,51159956630.8,23590.63878319027
1698337200000,2023-10-26T16:20:00Z,0.0000004694,0.0000004707,0.0000004596,0.0000004664,13890948241.5,6444.70228703818
1698337500000,2023-10-26T16:25:00Z,0.0000004664,0.0000004679,0.0000004411,0.0000004455,17617482456.2,7920.73544124762
1698337800000,2023-10-26T16:30:00Z,0.0000004455,0.000000449,0.000000425,0.0000004408,51771473109.1,22576.02807343301
1698338100000,2023-10-26T16:35:00Z,0.0000004408,0.0000004434,0.0000004375,0.0000004385,10520792295.6,4636.19269758573
1698338400000,2023-10-26T16:40:00Z,0.0000004385,0.0000004459,0.0000004376,0.0000004435,11989667337.3,5296.46511251456
1698338700000,2023-10-26T16:45:00Z,0.0000004435,0.0000004561,0.0000004435,0.0000004541,18285821050.9,8235.33384273824
1698339000000,2023-10-26T16:50:00Z,0.0000004541,0.0000004541,0.0000004451,0.0000004456,11071530294.2,4979.19329225885
1698339300000,2023-10-26T16:55:00Z,0.0000004456,0.0000004456,0.0000004353,0.0000004441,20128539520.6,8867.78842039824
1698339600000,2023-10-26T17:00:00Z,0.0000004441,0.0000004551,0.0000004391,0.0000004546,13206485766.5,5926.73407792702
1698339900000,2023-10-26T17:05:00Z,0.0000004546,0.0000004784,0.0000004525,0.0000004718,21063855348.6,9809.1984621835
1698340200000,2023-10-26T17:10:00Z,0.0000004718,0.000000492,0.0000004633,0.0000004699,46149808565.7,21789.82613812018
1698340500000,2023-10-26T17:15:00Z,0.0000004699,0.000000492,0.0000004557,0.0000004756,36958258818.5,17320.47345423586
1698340800000,2023-10-26T17:20:00Z,0.0000004756,0.0000004845,0.000000466,0.0000004771,27982680914.6,13323.14035189619
1698341100000,2023-10-26T17:25:00Z,0.0000004771,0.000000506,0.0000004771,0.0000005,52326003812,25789.20911145694
1698341400000,2023-10-26T17:30:00Z,0.0000005,0.0000005,0.0000004814,0.0000004918,29744552407.5,14588.73046917578
1698341700000,2023-10-26T17:35:00Z,0.0000004918,0.0000004981,0.0000004801,0.0000004806,12519041313.2,6120.96491709361
1698342000000,2023-10-26T17:40:00Z,0.0000004806,0.0000004829,0.0000004669,0.0000004675,16584049669.6,7836.84125749311
1698342300000,2023-10-26T17:45:00Z,0.0000004675,0.0000004824,0.0000004673,0.0000004824,8009021320.2,3788.68513521025
1698342600000,2023-10-26T17:50:00Z,0.0000004824,0.000000485,0.0000004742,0.000000482,10296932346.1,4936.46411721813
1698342900000,2023-10-26T17:55:00Z,0.000000482,0.0000004821,0.0000004747,0.0000004767,9461973499.8,4534.44719329242
1698343200000,2023-10-26T18:00:00Z,0.0000004767,0.000000482,0.0000004731,0.000000482,7604595789.4,3626.25020772244
1698343500000,2023-10-26T18:05:00Z,0.000000482,0.0000004855,0.0000004688,0.0000004696,15682657766.9,7515.26369806984
1698343800000,2023-10-26T18:10:00Z,0.0000004696,0.0000004756,0.0000004677,0.0000004742,8367971069.5,3943.68241696289
1698344100000,2023-10-26T18:15:00Z,0.0000004742,0.00000048,0.0000004691,0.00000048,28514303592,13464.381529612
1698344400000,2023-10-26T18:20:00Z,0.00000048,0.000000492,0.0000004778,0.0000004911,12480142664.6,6063.91360024081
1698344700000,2023-10-26T18:25:00Z,0.0000004911,0.0000004915,0.0000004844,0.0000004881,13238626322.8,6475.15596435815
1698345000000,2023-10-26T18:30:00Z,0.0000004881,0.0000004918,0.0000004811,0.0000004891,15018359243,7328.93939260571
1698345300000,2023-10-26T18:35:00Z,0.0000004891,0.0000004962,0.000000487,0.0000004962,16201567082.4,7949.26180378558
1698345600000,2023-10-26T18:40:00Z,0.0000004962,0.0000005062,0.000000489,0.0000004917,20787939906.6,10382.45773335858
1698345900000,2023-10-26T18:45:00Z,0.0000004917,0.0000004917,0.0000004495,0.0000004821,22409747864.6,10785.09202489924
1698346200000,2023-10-26T18:50:00Z,0.0000004821,0.0000004857,0.0000004764,0.0000004811,9003209541.4,4329.54095992569
1698346500000,2023-10-26T18:55:00Z,0.0000004811,0.000000487,0.0000004796,0.0000004865,12542677882.7,6064.23600926354
1698346800000,2023-10-26T19:00:00Z,0.0000004865,0.0000004908,0.0000004825,0.0000004879,6700173294.4,3264.6310004983
1698347100000,2023-10-26T19:05:00Z,0.0000004879,0.0000004888,0.000000482,0.0000004861,10119379567.1,4919.84841182301
1698347400000,2023-10-26T19:10:00Z,0.0000004861,0.0000004883,0.0000004801,0.0000004819,4406964030.1,2133.43444169843
1698347700000,2023-10-26T19:15:00Z,0.0000004819,0.0000004844,0.0000004773,0.0000004821,9493053849.1,4567.66834258415
1698348000000,2023-10-26T19:20:00Z,0.0000004821,0.0000004835,0.000000475,0.0000004758,9658252561.7,4641.07441231524
1698348300000,2023-10-26T19:25:00Z,0.0000004758,0.0000004964,0.0000004753,0.0000004941,13738575103.7,6647.61663825419
1698348600000,2023-10-26T19:30:00Z,0.0000004941,0.0000004999,0.0000004919,0.0000004949,12718412352.2,6305.23048366855
1698348900000,2023-10-26T19:35:00Z,0.0000004949,0.0000005056,0.0000004948,0.0000004999,12762813520.3,6362.16073260843
1698349200000,2023-10-26T19:40:00Z,0.0000004999,0.0000005252,0.000000498,0.0000005238,16210380198.7,8313.64175067677
1698349500000,2023-10-26T19:45:00Z,0.0000005238,0.0000005292,0.0000005203,0.0000005269,10957185467.5,5749.53348638751
1698349800000,2023-10-26T19:50:00Z,0.0000005269,0.0000005346,0.0000005228,0.0000005272,13928612165.6,7353.86747183909
1698350100000,2023-10-26T19:55:00Z,0.0000005272,0.0000005295,0.0000005163,0.0000005199,9069738858.5,4728.1060635192
1698350400000,2023-10-26T20:00:00Z,0.0000005199,0.00000053,0.0000005171,0.0000005284,11063376780.4,5779.19946060813
1698350700000,2023-10-26T20:05:00Z,0.0000005284,0.0000005296,0.0000005169,0.0000005185,9670722989.3,5060.41083665526
1698351000000,2023-10-26T20:10:00Z,0.0000005185,0.0000005226,0.000000517,0.0000005226,8878888035.7,4608.02777918022
1698351300000,2023-10-26T20:15:00Z,0.0000005226,0.0000005273,0.0000005201,0.0000005213,14215155034.9,7452.58782704561
1698351600000,2023-10-26T20:20:00Z,0.0000005213,0.00000053,0.0000005164,0.0000005277,11359759593.3,5940.17666757363
1698351900000,2023-10-26T20:25:00Z,0.0000005277,0.0000005468,0.0000005275,0.0000005428,13120277366.6,7096.2496048307
1698352200000,2023-10-26T20:30:00Z,0.0000005428,0.0000005641,0.00000053,0.0000005395,33447229260.1,18301.00387199374
1698352500000,2023-10-26T20:35:00Z,0.0000005395,0.0000005596,0.0000005363,0.0000005452,23585932759.7,12851.9912124459
1698352800000,2023-10-26T20:40:00Z,0.0000005452,0.0000005615,0.000000542,0.0000005535,36777347491.4,20394.84954226725
1698353100000,2023-10-26T20:45:00Z,0.0000005535,0.0000005676,0.0000005527,0.000000559,29909849600,16732.1830957987
1698353400000,2023-10-26T20:50:00Z,0.000000559,0.0000005606,0.00000055,0.0000005502,10011039461.3,5556.5851069664
1698353700000,2023-10-26T20:55:00Z,0.0000005502,0.000000556,0.0000005483,0.0000005557,17633452744.7,9744.47498963706
1698354000000,2023-10-26T21:00:00Z,0.0000005557,0.0000005621,0.0000005517,0.0000005603,6787006938.4,3766.82687457113
1698354300000,2023-10-26T21:05:00Z,0.0000005603,0.0000005621,0.00000055,0.0000005509,8472693463.5,4706.33412271136
1698354600000,2023-10-26T21:10:00Z,0.0000005509,0.0000005564,0.0000005509,0.0000005554,8122555815.1,4496.03629765852
1698354900000,2023-10-26T21:15:00Z,0.0000005554,0.0000005556,0.0000005439,0.000000546,22219159347.6,12202.9086226826
1698355200000,2023-10-26T21:20:00Z,0.000000546,0.0000005547,0.0000005456,0.0000005456,9938839533.3,5465.17921252995
1698355500000,2023-10-26T21:25:00Z,0.0000005456,0.0000005495,0.0000005456,0.0000005486,8453436864.4,4631.13032540663
1698355800000,2023-10-26T21:30:00Z,0.0000005486,0.0000005586,0.0000005456,0.0000005555,7971132078.4,4393.23329481822
1698356100000,2023-10-26T21:35:00Z,0.0000005555,0.0000005581,0.0000005424,0.0000005505,14930368749.5,8213.2091064764
1698356400000,2023-10-26T21:40:00Z,0.0000005505,0.000000553,0.0000005478,0.000000552,7383318088.4,4069.96855222517
1698356700000,2023-10-26T21:45:00Z,0.000000552,0.0000005592,0.0000005485,0.0000005592,7267020367.4,4018.59794856796
1698357000000,2023-10-26T21:50:00Z,0.0000005592,0.0000005592,0.0000005482,0.000000555,16697056837.9,9248.83803361588
1698357300000,2023-10-26T21:55:00Z,0.000000555,0.0000005579,0.000000555,0.0000005577,7220415926,4023.85968313604
1698357600000,2023-10-26T22:00:00Z,0.0000005577,0.0000005679,0.0000005562,0.0000005616,8156750085.9,4567.4750270146
1698357900000,2023-10-26T22:05:00Z,0.0000005616,0.0000005662,0.0000005567,0.0000005591,10822378404.8,6068.32650561009
1698358200000,2023-10-26T22:10:00Z,0.0000005591,0.0000005736,0.0000005554,0.0000005727,9196225142,5206.91405838977
1698358500000,2023-10-26T22:15:00Z,0.0000005727,0.0000005761,0.0000005682,0.0000005682,10073694791,5758.57310173989
1698358800000,2023-10-26T22:20:00Z,0.0000005682,0.0000005802,0.0000005681,0.0000005773,15738240949.3,9037.75870479728
1698359100000,2023-10-26T22:25:00Z,0.0000005773,0.0000005799,0.000000569,0.0000005694,8988573361.8,5161.93579610136
1698359400000,2023-10-26T22:30:00Z,0.0000005694,0.00000057,0.0000005588,0.0000005669,18700850934.5,10541.26716581581
1698359700000,2023-10-26T22:35:00Z,0.0000005669,0.0000005697,0.0000005599,0.0000005657,7111071451.2,4003.54196991618
1698360000000,2023-10-26T22:40:00Z,0.0000005657,0.0000005692,0.0000005617,0.0000005643,5705704599.5,3222.05367093092
1698360300000,2023-10-26T22:45:00Z,0.0000005643,0.0000005698,0.0000005558,0.0000005603,10447147565.9,5866.47789141631
1698360600000,2023-10-26T22:50:00Z,0.0000005603,0.0000005628,0.0000005573,0.0000005625,7346479198.7,4112.99974400898
1698360900000,2023-10-26T22:55:00Z,0.0000005625,0.0000005665,0.0000005571,0.0000005591,6829505281.5,3840.75760470131
1698361200000,2023-10-26T23:00:00Z,0.0000005591,0.0000005623,0.0000005487,0.0000005548,10361186900.8,5759.05809039912
1698361500000,2023-10-26T23:05:00Z,0.0000005548,0.0000005574,0.0000005446,0.0000005504,16737155482.2,9186.16006493682
1698361800000,2023-10-26T23:10:00Z,0.0000005504,0.0000005574,0.0000005486,0.0000005493,14872892860.3,8220.15302147874
1698362100000,2023-10-26T23:15:00Z,0.0000005493,0.0000005496,0.0000005409,0.0000005446,11217986353.4,6108.47835939571
1698362400000,2023-10-26T23:20:00Z,0.0000005446,0.00000055,0.0000005407,0.0000005437,9885558719.8,5404.55178905718
1698362700000,2023-10-26T23:25:00Z,0.0000005437,0.0000005465,0.0000005356,0.0000005357,6996819732.2,3795.25129290015
1698363000000,2023-10-26T23:30:00Z,0.0000005357,0.0000005428,0.0000005327,0.0000005367,3776877718.7,2024.63248829913
1698363300000,2023-10-26T23:35:00Z,0.0000005367,0.0000005423,0.0000005367,0.0000005407,5773766219.4,3120.31879080572
1698363600000,2023-10-26T23:40:00Z,0.0000005407,0.0000005476,0.0000005358,0.0000005445,3521719986.3,1904.67381415564
1698363900000,2023-10-26T23:45:00Z,0.0000005445,0.0000005462,0.000000542,0.0000005461,4428053858.4,2412.96860326107
1698364200000,2023-10-26T23:50:00Z,0.0000005461,0.0000005489,0.000000544,0.0000005466,4153936349.8,2270.46827041062
1698364500000,2023-10-26T23:55:00Z,0.0000005466,0.0000005466,0.000000541,0.0000005425,5574801330.3,3026.6109947703
1698364800000,2023-10-27T00:00:00Z,0.0000005425,0.0000005429,0.0000005405,0.0000005418,5565955008.7,3019.86108191795
1698365100000,2023-10-27T00:05:00Z,0.0000005418,0.0000005434,0.0000005399,0.000000542,4180863290.2,2263.48812575806
1698365400000,2023-10-27T00:10:00Z,0.000000542,0.000000544,0.00000054,0.000000544,5660188740.9,3066.94712057
1698365700000,2023-10-27T00:15:00Z,0.000000544,0.000000544,0.0000005318,0.0000005331,5191003983.4,2775.23331682441
1698366000000,2023-10-27T00:20:00Z,0.0000005331,0.0000005338,0.0000005247,0.0000005285,5960589131.2,3151.81154418161
1698366300000,2023-10-27T00:25:00Z,0.0000005285,0.0000005343,0.0000005261,0.0000005261,8083783945.8,4283.5039534236
1698366600000,2023-10-27T00:30:00Z,0.0000005261,0.0000005313,0.0000005221,0.0000005227,9530220729.2,5010.9021044653
1698366900000,2023-10-27T00:35:00Z,0.0000005227,0.0000005277,0.0000005227,0.0000005277,3485391001.7,1831.03304965498
1698367200000,2023-10-27T00:40:00Z,0.0000005277,0.0000005277,0.0000005207,0.0000005214,3307595981.8,1731.53755119838
1698367500000,2023-10-27T00:45:00Z,0.0000005214,0.0000005214,0.0000005162,0.0000005196,2684131678.8,1390.59144774867
1698367800000,2023-10-27T00:50:00Z,0.0000005196,0.0000005196,0.0000005083,0.0000005096,8391106569.8,4303.18234322046
1698368100000,2023-10-27T00:55:00Z,0.0000005096,0.0000005096,0.0000005013,0.0000005035,4255260006.2,2144.36787050235
1698368400000,2023-10-27T01:00:00Z,0.0000005035,0.0000005035,0.0000004812,0.0000004815,29335241286.3,14302.4556222844
1698368700000,2023-10-27T01:05:00Z,0.0000004815,0.0000004958,0.0000004745,0.0000004948,18380380509.6,8929.66870160678
1698369000000,2023-10-27T01:10:00Z,0.0000004948,0.0000004963,0.0000004918,0.0000004925,9205152017.2,4541.85088612597
1698369300000,2023-10-27T01:15:00Z,0.0000004925,0.000000504,0.0000004925,0.0000004987,9223964056.9,4601.0485595893
1698369600000,2023-10-27T01:20:00Z,0.0000004987,0.0000005049,0.0000004954,0.0000005007,4755544691.9,2378.15422676722
1698369900000,2023-10-27T01:25:00Z,0.0000005007,0.0000005045,0.0000004984,0.0000005,10876166769.1,5450.22476853758
1698370200000,2023-10-27T01:30:00Z,0.0000005,0.0000005076,0.0000004983,0.0000005055,9648771426.9,4840.84027191333
1698370500000,2023-10-27T01:35:00Z,0.0000005055,0.0000005055,0.00000049,0.0000005038,22420813641.9,11147.48919999412
1698370800000,2023-10-27T01:40:00Z,0.0000005038,0.0000005121,0.0000005037,0.0000005084,11945429775.1,6080.26737040262
1698371100000,2023-10-27T01:45:00Z,0.0000005084,0.000000512,0.0000005084,0.0000005117,2120070363.5,1082.1739398842
1698371400000,2023-10-27T01:50:00Z,0.0000005117,0.0000005117,0.0000004943,0.0000005009,19131854569.3,9566.41579094431
1698371700000,2023-10-27T01:55:00Z,0.0000005009,0.0000005073,0.0000004982,0.0000005073,8162803458.5,4119.73027703012
1698372000000,2023-10-27T02:00:00Z,0.0000005073,0.0000005121,0.000000504,0.0000005121,7259816418,3680.35579188637
1698372300000,2023-10-27T02:05:00Z,0.0000005121,0.0000005131,0.0000005086,0.000000511,2578332918,1319.7828689087
1698372600000,2023-10-27T02:10:00Z,0.000000511,0.0000005127,0.0000005087,0.0000005101,2368252546.5,1209.05581749134
1698372900000,2023-10-27T02:15:00Z,0.0000005101,0.0000005143,0.0000005101,0.0000005139,3119828358.8,1596.53186612063
1698373200000,2023-10-27T02:20:00Z,0.0000005139,0.0000005139,0.0000005129,0.0000005129,1241287310,636.7793764395
1698373500000,2023-10-27T02:25:00Z,0.0000005129,0.000000513,0.0000005109,0.000000512,3756154779,1922.57276616569
1698373800000,2023-10-27T02:30:00Z,0.000000512,0.000000513,0.000000512,0.000000512,4491958361.2,2303.93269603095
1698374100000,2023-10-27T02:35:00Z,0.000000512,0.000000513,0.0000005094,0.000000513,2177995365.8,1109.61187487331
1698374400000,2023-10-27T02:40:00Z,0.000000513,0.000000513,0.0000005082,0.0000005089,4875979479.3,2484.15512934653
1698374700000,2023-10-27T02:45:00Z,0.0000005089,0.0000005275,0.0000005089,0.0000005263,8962863387.7,4647.87706532751
1698375000000,2023-10-27T02:50:00Z,0.0000005263,0.00000053,0.0000005172,0.0000005182,8444341377.3,4408.19092828356
1698375300000,2023-10-27T02:55:00Z,0.0000005182,0.0000005232,0.0000005162,0.000000523,3996390059.4,2077.52645933898
1698375600000,2023-10-27T03:00:00Z,0.000000523,0.0000005254,0.0000005173,0.000000522,3937377927.2,2053.78184410365
1698375900000,2023-10-27T03:05:00Z,0.000000522,0.000000526,0.000000518,0.0000005255,1760296493.2,921.67655984193
1698376200000,2023-10-27T03:10:00Z,0.0000005255,0.0000005261,0.0000005234,0.0000005249,1730743271.4,909.09624064191
1698376500000,2023-10-27T03:15:00Z,0.0000005249,0.000000525,0.0000005196,0.000000525,8087774158.5,4219.68400901855
1698376800000,2023-10-27T03:20:00Z,0.000000525,0.0000005253,0.0000005208,0.0000005231,2740117998.9,1431.67456011632
1698377100000,2023-10-27T03:25:00Z,0.0000005231,0.0000005264,0.0000005225,0.0000005264,5120834713.1,2681.18991144093
1698377400000,2023-10-27T03:30:00Z,0.0000005264,0.0000005264,0.0000005237,0.0000005237,2659606760.5,1396.27313985247
1698377700000,2023-10-27T03:35:00Z,0.0000005237,0.0000005247,0.0000005237,0.000000524,1610907242.2,844.28767142813
1698378000000,2023-10-27T03:40:00Z,0.000000524,0.000000526,0.0000005234,0.0000005253,2537835886,1331.68661421031
1698378300000,2023-10-27T03:45:00Z,0.0000005253,0.0000005269,0.0000005253,0.0000005268,3335381137.5,1755.52420113071
1698378600000,2023-10-27T03:50:00Z,0.0000005268,0.0000005297,0.0000005253,0.0000005287,1984263798.4,1045.98394468318
1698378900000,2023-10-27T03:55:00Z,0.0000005287,0.00000053,0.0000005264,0.000000528,3182650065.1,1679.71138745883
1698379200000,2023-10-27T04:00:00Z,0.000000528,0.0000005281,0.0000005265,0.0000005265,683806100.1,360.69112148715
1698379500000,2023-10-27T04:05:00Z,0.0000005265,0.00000053,0.0000005265,0.0000005287,2977926415.1,1576.58589521835
1698379800000,2023-10-27T04:10:00Z,0.0000005287,0.000000529,0.0000005283,0.0000005283,991427161.7,524.18137958772
1698380100000,2023-10-27T04:15:00Z,0.0000005283,0.0000005285,0.0000005237,0.000000524,5985683628.5,3147.27858538926
1698380400000,2023-10-27T04:20:00Z,0.000000524,0.0000005268,0.0000005237,0.0000005268,4970550176.1,2609.91429099258
1698380700000,2023-10-27T04:25:00Z,0.0000005268,0.0000005297,0.0000005263,0.0000005285,3698046983.2,1953.78557981258
1698381000000,2023-10-27T04:30:00Z,0.0000005285,0.0000005306,0.0000005243,0.0000005243,9625409143.6,5085.53425304893
1698381300000,2023-10-27T04:35:00Z,0.0000005243,0.000000527,0.0000005236,0.0000005264,4064902007.7,2136.61968460535
1698381600000,2023-10-27T04:40:00Z,0.0000005264,0.0000005264,0.0000005221,0.0000005255,473529705.2,248.50700447276
1698381900000,2023-10-27T04:45:00Z,0.0000005255,0.0000005276,0.0000005246,0.0000005276,2080970607.2,1095.51472589074
1698382200000,2023-10-27T04:50:00Z,0.0000005276,0.0000005276,0.000000525,0.000000525,3324502087.7,1748.29742957933
1698382500000,2023-10-27T04:55:00Z,0.000000525,0.0000005273,0.0000005244,0.0000005245,8304915965.5,4370.72770532807
1698382800000,2023-10-27T05:00:00Z,0.0000005245,0.0000005261,0.0000005074,0.0000005089,8374771517.3,4326.13639338158
1698383100000,2023-10-27T05:05:00Z,0.0000005089,0.00000052,0.0000005037,0.0000005154,30905569617.8,15828.62185477834
1698383400000,2023-10-27T05:10:00Z,0.0000005154,0.0000005161,0.0000005136,0.0000005142,6470121993.9,3333.45548214788
1698383700000,2023-10-27T05:15:00Z,0.0000005142,0.0000005142,0.0000005094,0.0000005126,8171684238,4184.13693559083
1698384000000,2023-10-27T05:20:00Z,0.0000005126,0.000000514,0.0000005112,0.0000005112,9109346353.7,4670.59371021491
1698384300000,2023-10-27T05:25:00Z,0.0000005112,0.0000005155,0.0000005066,0.0000005116,13909600696.8,7110.56530202891
1698384600000,2023-10-27T05:30:00Z,0.0000005116,0.0000005276,0.0000005094,0.0000005267,12703855769.1,6585.18803843146
1698384900000,2023-10-27T05:35:00Z,0.0000005267,0.0000005324,0.0000005249,0.0000005324,28935640180.6,15322.76229773853
1698385200000,2023-10-27T05:40:00Z,0.0000005324,0.0000005413,0.0000005318,0.0000005413,3279799513.3,1754.06372962616
1698385500000,2023-10-27T05:45:00Z,0.0000005413,0.0000005482,0.0000005412,0.0000005466,2822669971,1533.54292825672
1698385800000,2023-10-27T05:50:00Z,0.0000005466,0.0000005495,0.0000005452,0.0000005475,1413148081.9,773.7470568668
1698386100000,2023-10-27T05:55:00Z,0.0000005475,0.0000005477,0.0000005369,0.0000005369,10098153192.3,5496.82766685524
1698386400000,2023-10-27T06:00:00Z,0.0000005369,0.0000005404,0.0000005289,0.0000005289,6149054781.2,3293.94296157319
1698386700000,2023-10-27T06:05:00Z,0.0000005289,0.00000054,0.0000005289,0.0000005373,4187616265.6,2244.88965632586
1698387000000,2023-10-27T06:10:00Z,0.0000005373,0.0000005452,0.0000005371,0.000000545,2374126892,1285.7128693816
1698387300000,2023-10-27T06:15:00Z,0.000000545,0.0000005468,0.0000005383,0.0000005412,8503369330.6,4609.09777747239
1698387600000,2023-10-27T06:20:00Z,0.0000005412,0.0000005418,0.0000005351,0.0000005371,5722686610.9,3080.63319265023
1698387900000,2023-10-27T06:25:00Z,0.0000005371,0.0000005395,0.0000005351,0.0000005367,5140078263.1,2760.15767237011
1698388200000,2023-10-27T06:30:00Z,0.0000005367,0.00000054,0.0000005363,0.0000005376,5132495409.2,2759.74379589389
1698388500000,2023-10-27T06:35:00Z,0.0000005376,0.0000005434,0.0000005376,0.0000005434,3416756241.3,1852.26664766385
1698388800000,2023-10-27T06:40:00Z,0.0000005434,0.0000005434,0.0000005379,0.000000538,3375031555.8,1827.13807785816
1698389100000,2023-10-27T06:45:00Z,0.000000538,0.000000543,0.0000005373,0.0000005401,4645328641.8,2512.1790498455
1698389400000,2023-10-27T06:50:00Z,0.0000005401,0.0000005434,0.0000005401,0.0000005414,2441220815.1,1325.69135765394
1698389700000,2023-10-27T06:55:00Z,0.0000005414,0.0000005519,0.0000005408,0.0000005519,8007141959.4,4386.48601268344
1698390000000,2023-10-27T07:00:00Z,0.0000005519,0.0000005519,0.0000005427,0.0000005441,6474398238.3,3525.81907373955
1698390300000,2023-10-27T07:05:00Z,0.0000005441,0.0000005511,0.0000005441,0.0000005473,3742576540.6,2050.20322312625
1698390600000,2023-10-27T07:10:00Z,0.0000005473,0.0000005492,0.0000005451,0.0000005474,6431545174.9,3515.80861499895
1698390900000,2023-10-27T07:15:00Z,0.0000005474,0.0000005491,0.000000539,0.0000005399,6967376296.9,3798.46953918495
1698391200000,2023-10-27T07:20:00Z,0.0000005399,0.0000005399,0.0000005325,0.0000005356,16839871795.4,9031.151314506
1698391500000,2023-10-27T07:25:00Z,0.0000005356,0.0000005413,0.0000005353,0.0000005378,3931432539.7,2119.96952472734
1698391800000,2023-10-27T07:30:00Z,0.0000005378,0.0000005397,0.0000005342,0.0000005364,7015313707.3,3764.1097327224
1698392100000,2023-10-27T07:35:00Z,0.0000005364,0.0000005386,0.0000005344,0.0000005344,7402611204.5,3969.85964236428
1698392400000,2023-10-27T07:40:00Z,0.0000005344,0.0000005405,0.0000005344,0.000000539,3297922713.3,1776.85478741826
1698392700000,2023-10-27T07:45:00Z,0.000000539,0.0000005438,0.0000005368,0.0000005413,3276480495.3,1767.73579475654
1698393000000,2023-10-27T07:50:00Z,0.0000005413,0.0000005465,0.0000005413,0.0000005457,8159698602.3,4439.59052937707
1698393300000,2023-10-27T07:55:00Z,0.0000005457,0.0000005465,0.0000005439,0.0000005464,2763665959.5,1505.87779370364
1698393600000,2023-10-27T08:00:00Z,0.0000005464,0.0000005464,0.0000005411,0.0000005426,5077712644,2756.90572901036
1698393900000,2023-10-27T08:05:00Z,0.0000005426,0.0000005426,0.000000537,0.0000005405,7054838840.5,3806.01742530605
1698394200000,2023-10-27T08:10:00Z,0.0000005405,0.0000005461,0.0000005394,0.0000005394,5886013799,3201.51011110345
1698394500000,2023-10-27T08:15:00Z,0.0000005394,0.0000005398,0.0000005367,0.0000005393,10145945552,5465.22109982967
1698394800000,2023-10-27T08:20:00Z,0.0000005393,0.0000005403,0.0000005369,0.0000005403,3447438627.8,1856.48987835356
1698395100000,2023-10-27T08:25:00Z,0.0000005403,0.0000005403,0.0000005356,0.0000005359,4054592401.7,2178.14489548194
1698395400000,2023-10-27T08:30:00Z,0.0000005359,0.0000005403,0.0000005346,0.0000005382,5417777993.1,2910.86490584622
1698395700000,2023-10-27T08:35:00Z,0.0000005382,0.0000005384,0.0000005354,0.0000005362,2506823210,1346.06439527203
1698396000000,2023-10-27T08:40:00Z,0.0000005362,0.0000005418,0.0000005362,0.0000005398,3486161962,1884.013112299
1698396300000,2023-10-27T08:45:00Z,0.0000005398,0.0000005556,0.0000005398,0.0000005527,13261900157,7267.98314457121
1698396600000,2023-10-27T08:50:00Z,0.0000005527,0.000000566,0.0000005527,0.0000005644,13999796608.4,7854.74951199666
1698396900000,2023-10-27T08:55:00Z,0.0000005644,0.0000005696,0.0000005608,0.0000005642,7717443212.9,4360.52065763347
1698397200000,2023-10-27T09:00:00Z,0.0000005642,0.0000005647,0.0000005542,0.0000005557,11948580975.5,6671.98319219239
1698397500000,2023-10-27T09:05:00Z,0.0000005557,0.0000005654,0.0000005557,0.0000005624,6463126059.1,3613.68629391642
1698397800000,2023-10-27T09:10:00Z,0.0000005624,0.0000005644,0.0000005586,0.0000005644,7054295095.6,3959.01532155885
1698398100000,2023-10-27T09:15:00Z,0.0000005644,0.0000005691,0.0000005644,0.0000005691,5685261742.3,3223.8974703017
1698398400000,2023-10-27T09:20:00Z,0.0000005691,0.000000579,0.0000005691,0.0000005747,10666360331,6111.0090725268
1698398700000,2023-10-27T09:25:00Z,0.0000005747,0.0000005783,0.0000005676,0.0000005718,19327927946.5,11062.50768441797
1698399000000,2023-10-27T09:30:00Z,0.0000005718,0.0000005786,0.0000005706,0.000000578,15115508768.8,8681.91086883052
1698399300000,2023-10-27T09:35:00Z,0.000000578,0.000000578,0.0000005707,0.0000005756,9706510741.9,5573.40003234543
1698399600000,2023-10-27T09:40:00Z,0.0000005756,0.0000005765,0.0000005718,0.0000005754,8888228294.7,5102.52714456954
1698399900000,2023-10-27T09:45:00Z,0.0000005754,0.0000005947,0.0000005754,0.000000588,39023462366.4,22931.94716052756
1698400200000,2023-10-27T09:50:00Z,0.000000588,0.0000006252,0.0000005869,0.0000006021,42581404407.5,25955.43614745756
1698400500000,2023-10-27T09:55:00Z,0.0000006021,0.0000006219,0.0000006021,0.0000006133,28959509978.1,17781.70510411143
1698400800000,2023-10-27T10:00:00Z,0.0000006133,0.0000006173,0.0000006084,0.0000006135,15399296311.2,9428.23602203224
1698401100000,2023-10-27T10:05:00Z,0.0000006135,0.0000006279,0.000000601,0.0000006067,38072923823.6,23378.74707925191
1698401400000,2023-10-27T10:10:00Z,0.0000006067,0.0000006207,0.0000006032,0.0000006159,18157289428.6,11136.20593628721
1698401700000,2023-10-27T10:15:00Z,0.0000006159,0.0000006193,0.0000006064,0.0000006189,15731877862.3,9647.54570897053
1698402000000,2023-10-27T10:20:00Z,0.0000006189,0.000000622,0.0000006147,0.0000006173,9943588341.4,6155.77870152048
1698402300000,2023-10-27T10:25:00Z,0.0000006173,0.000000638,0.0000006161,0.0000006306,21066054515.8,13164.46357502788
1698402600000,2023-10-27T10:30:00Z,0.0000006306,0.0000006306,0.0000006116,0.0000006188,17404576523.6,10762.47996377025
1698402900000,2023-10-27T10:35:00Z,0.0000006188,0.0000006201,0.0000006079,0.0000006098,19242538319.5,11775.19140966067
1698403200000,2023-10-27T10:40:00Z,0.0000006098,0.0000006174,0.0000006097,0.0000006097,13766249961.6,8429.27097452293
1698403500000,2023-10-27T10:45:00Z,0.0000006097,0.0000006134,0.0000006,0.0000006105,29362707263.6,17744.06774240757
1698403800000,2023-10-27T10:50:00Z,0.0000006105,0.0000006226,0.0000006105,0.0000006186,25100500367.8,15521.07765243105
1698404100000,2023-10-27T10:55:00Z,0.0000006186,0.0000006201,0.0000006126,0.0000006153,14173825293.6,8713.07219937358
1698404400000,2023-10-27T11:00:00Z,0.0000006153,0.000000635,0.000000613,0.0000006316,23344475904.9,14574.9915451375
1698404700000,2023-10-27T11:05:00Z,0.0000006316,0.0000006399,0.000000628,0.0000006393,12111223030.7,7700.43788419708
1698405000000,2023-10-27T11:10:00Z,0.0000006393,0.0000006622,0.0000006393,0.0000006513,25889977194.5,16828.36799567259
1698405300000,2023-10-27T11:15:00Z,0.0000006513,0.0000006513,0.0000006325,0.0000006449,22950513487.8,14683.83371592424
1698405600000,2023-10-27T11:20:00Z,0.0000006449,0.0000006449,0.0000006331,0.0000006355,8473431554.9,5399.94413681876
1698405900000,2023-10-27T11:25:00Z,0.0000006355,0.0000006386,0.0000006161,0.0000006164,19669843953.8,12309.72704638076
1698406200000,2023-10-27T11:30:00Z,0.0000006164,0.0000006184,0.0000005946,0.0000006042,23139691563.6,13970.55490200016
1698406500000,2023-10-27T11:35:00Z,0.0000006042,0.0000006189,0.0000006002,0.0000006169,23283867147.9,14234.76920282346
1698406800000,2023-10-27T11:40:00Z,0.0000006169,0.0000006292,0.000000616,0.0000006251,21042836467.7,13104.27249128551
1698407100000,2023-10-27T11:45:00Z,0.0000006251,0.0000006259,0.0000006118,0.0000006218,25223959153.1,15596.47108029521
1698407400000,2023-10-27T11:50:00Z,0.0000006218,0.000000636,0.0000006215,0.0000006286,22083871014.2,13873.8249382411
1698407700000,2023-10-27T11:55:00Z,0.0000006286,0.0000006389,0.0000006273,0.000000631,18893758824,11985.10007028141
1698408000000,2023-10-27T12:00:00Z,0.000000631,0.0000006375,0.00000063,0.0000006369,9175601831.8,5814.41407245522
1698408300000,2023-10-27T12:05:00Z,0.0000006369,0.0000006391,0.0000006294,0.0000006294,9091728550.1,5761.37404175622
1698408600000,2023-10-27T12:10:00Z,0.0000006294,0.0000006294,0.0000006183,0.0000006189,11910358947.3,7423.57558415536
1698408900000,2023-10-27T12:15:00Z,0.0000006189,0.0000006293,0.0000006135,0.0000006229,16543666673.5,10276.93488280886
1698409200000,2023-10-27T12:20:00Z,0.0000006229,0.0000006278,0.0000006193,0.0000006206,11080354089.6,6911.4337628461
1698409500000,2023-10-27T12:25:00Z,0.0000006206,0.0000006211,0.0000006095,0.0000006114,11080060050.2,6794.48032692815
1698409800000,2023-10-27T12:30:00Z,0.0000006114,0.0000006114,0.000000599,0.0000006003,10408721357.4,6293.72631304225
1698410100000,2023-10-27T12:35:00Z,0.0000006003,0.0000006086,0.0000005955,0.0000005981,21750326194,13087.29826673068
1698410400000,2023-10-27T12:40:00Z,0.0000005981,0.0000006081,0.0000005962,0.0000006064,16576762159.7,9984.85332778957
1698410700000,2023-10-27T12:45:00Z,0.0000006064,0.0000006111,0.0000005977,0.0000006066,19704301968,11904.90200966644
1698411000000,2023-10-27T12:50:00Z,0.0000006066,0.0000006419,0.0000006019,0.000000617,40849219993.7,25495.5125662573
1698411300000,2023-10-27T12:55:00Z,0.000000617,0.00000063,0.0000006099,0.00000063,21990718701.2,13545.64253255417
1698411600000,2023-10-27T13:00:00Z,0.00000063,0.000000646,0.0000006226,0.0000006325,23358130352.5,14826.0808991551
1698411900000,2023-10-27T13:05:00Z,0.0000006325,0.0000006335,0.0000006195,0.0000006255,18616244553.2,11640.40702138368
1698412200000,2023-10-27T13:10:00Z,0.0000006255,0.000000627,0.0000006185,0.0000006224,9939181252.2,6182.95384865655
1698412500000,2023-10-27T13:15:00Z,0.0000006224,0.0000006375,0.0000006202,0.0000006294,14238925201.6,8986.46038608472
1698412800000,2023-10-27T13:20:00Z,0.0000006294,0.00000066,0.0000006294,0.0000006563,18362289137.6,11812.97001029836
1698413100000,2023-10-27T13:25:00Z,0.0000006563,0.0000006563,0.0000006445,0.0000006502,11117356329.3,7219.81972848701
1698413400000,2023-10-27T13:30:00Z,0.0000006502,0.0000006753,0.0000006496,0.0000006743,25550021615.9,17037.28477789946
1698413700000,2023-10-27T13:35:00Z,0.0000006743,0.000000686,0.0000006645,0.0000006727,48204183628.4,32597.00426832085
1698414000000,2023-10-27T13:40:00Z,0.0000006727,0.0000006904,0.0000006695,0.0000006707,17598585371.1,11938.16804807668
1698414300000,2023-10-27T13:45:00Z,0.0000006707,0.0000006732,0.0000006591,0.0000006591,15863568211.5,10597.6866982784
1698414600000,2023-10-27T13:50:00Z,0.0000006591,0.0000006596,0.0000006497,0.0000006544,19872188338.5,12984.72884245362
1698414900000,2023-10-27T13:55:00Z,0.0000006544,0.0000006692,0.0000006544,0.0000006651,9938054267.7,6584.48876343468
1698415200000,2023-10-27T14:00:00Z,0.0000006651,0.0000006651,0.0000006516,0.0000006524,16539843688.8,10860.35905375243
1698415500000,2023-10-27T14:05:00Z,0.0000006524,0.000000659,0.000000647,0.0000006543,23719596300.2,15453.38376115512
1698415800000,2023-10-27T14:10:00Z,0.0000006543,0.0000006614,0.0000006515,0.0000006515,6818667172.7,4477.17358968535
1698416100000,2023-10-27T14:15:00Z,0.0000006515,0.0000006531,0.0000006355,0.0000006391,19168534692.6,12346.13587321808
1698416400000,2023-10-27T14:20:00Z,0.0000006391,0.0000006484,0.0000006337,0.0000006337,6960719904.4,4474.57885871952
1698416700000,2023-10-27T14:25:00Z,0.0000006337,0.0000006447,0.0000006295,0.000000637,11818029792,7530.80200959659
1698417000000,2023-10-27T14:30:00Z,0.000000637,0.0000006431,0.0000006288,0.0000006301,9525927400.4,6056.89209906816
1698417300000,2023-10-27T14:35:00Z,0.0000006301,0.0000006439,0.0000006301,0.000000637,12870524210.1,8236.54514361189
1698417600000,2023-10-27T14:40:00Z,0.000000637,0.000000637,0.0000006219,0.0000006304,9413662536.8,5911.78502588518
1698417900000,2023-10-27T14:45:00Z,0.0000006304,0.0000006362,0.0000006232,0.0000006299,5918945936.8,3734.75870950829
1698418200000,2023-10-27T14:50:00Z,0.0000006299,0.00000064,0.0000006287,0.0000006384,4633746677.1,2939.93922611206
1698418500000,2023-10-27T14:55:00Z,0.0000006384,0.000000652,0.0000006384,0.0000006426,21224458812.6,13721.05061113067
1698418800000,2023-10-27T15:00:00Z,0.0000006426,0.0000006462,0.0000006324,0.000000646,15106259360.2,9678.4172357378
1698419100000,2023-10-27T15:05:00Z,0.000000646,0.0000006542,0.0000006376,0.0000006519,38553693451.4,25006.8467347289
1698419400000,2023-10-27T15:10:00Z,0.0000006519,0.00000066,0.0000006416,0.000000646,12897033666.5,8431.13839790237
1698419700000,2023-10-27T15:15:00Z,0.000000646,0.000000646,0.0000006288,0.0000006328,8719938470.2,5540.5635333345
1698420000000,2023-10-27T15:20:00Z,0.0000006328,0.0000006416,0.00000063,0.0000006376,14319637540.9,9121.49971423621
1698420300000,2023-10-27T15:25:00Z,0.0000006376,0.000000645,0.0000006321,0.0000006377,14823551291.5,9455.88897727212
1698420600000,2023-10-27T15:30:00Z,0.0000006377,0.0000006412,0.0000006279,0.0000006369,25834585086.6,16373.8881941622
1698420900000,2023-10-27T15:35:00Z,0.0000006369,0.0000006369,0.0000006277,0.0000006281,2938716401.4,1854.91626486131
1698421200000,2023-10-27T15:40:00Z,0.0000006281,0.0000006357,0.0000006232,0.0000006348,5829184205.8,3676.61130381668
1698421500000,2023-10-27T15:45:00Z,0.0000006348,0.0000006375,0.0000006314,0.0000006317,5964074477.2,3790.53628520264
1698421800000,2023-10-27T15:50:00Z,0.0000006317,0.0000006365,0.0000006296,0.0000006354,4599246600,2907.01067016682
1698422100000,2023-10-27T15:55:00Z,0.0000006354,0.0000006419,0.000000634,0.0000006416,3442496677.6,2193.77421931626
1698422400000,2023-10-27T16:00:00Z,0.0000006416,0.0000006462,0.0000006356,0.0000006356,15792946721.2,10123.27221311931
1698422700000,2023-10-27T16:05:00Z,0.0000006356,0.0000006566,0.0000006321,0.000000652,14496888177.5,9389.02195202699
1698423000000,2023-10-27T16:10:00Z,0.000000652,0.0000006563,0.0000006419,0.0000006419,12094009974.6,7835.42486831245
1698423300000,2023-10-27T16:15:00Z,0.0000006419,0.0000006563,0.0000006419,0.0000006525,9197325308,5982.8376507055
1698423600000,2023-10-27T16:20:00Z,0.0000006525,0.0000006541,0.0000006366,0.0000006366,5833827165.6,3759.24273601775
1698423900000,2023-10-27T16:25:00Z,0.0000006366,0.0000006376,0.0000006308,0.0000006357,13493192450.9,8570.77814903577
1698424200000,2023-10-27T16:30:00Z,0.0000006357,0.0000006376,0.0000006181,0.0000006211,18072934685.9,11327.48172084895
1698424500000,2023-10-27T16:35:00Z,0.0000006211,0.0000006216,0.0000006124,0.0000006189,3721012856.1,2294.21187275859
1698424800000,2023-10-27T16:40:00Z,0.0000006189,0.00000062,0.0000006069,0.0000006138,10196171762.6,6248.8085865683
1698425100000,2023-10-27T16:45:00Z,0.0000006138,0.0000006213,0.000000585,0.0000005887,25624148149.2,15340.61527153387
1698425400000,2023-10-27T16:50:00Z,0.0000005887,0.0000006033,0.0000005886,0.0000005944,18433521044.5,10950.26777793259
1698425700000,2023-10-27T16:55:00Z,0.0000005944,0.0000006052,0.0000005935,0.0000006052,9570066984.1,5723.14601054931
1698426000000,2023-10-27T17:00:00Z,0.0000006052,0.0000006085,0.0000006,0.0000006034,4680678775.5,2827.06185750299
1698426300000,2023-10-27T17:05:00Z,0.0000006034,0.0000006066,0.0000005881,0.0000005881,26053188006.6,15611.14956009944
1698426600000,2023-10-27T17:10:00Z,0.0000005881,0.0000005905,0.0000005487,0.0000005791,43145737309.8,24714.45158608283
1698426900000,2023-10-27T17:15:00Z,0.0000005791,0.000000588,0.000000579,0.0000005852,9012133509.6,5262.83974197475
1698427200000,2023-10-27T17:20:00Z,0.0000005852,0.000000599,0.000000585,0.0000005878,12402003331.1,7315.01758566324
1698427500000,2023-10-27T17:25:00Z,0.0000005878,0.0000006016,0.0000005878,0.0000005978,6068923624.8,3606.46672016041
1698427800000,2023-10-27T17:30:00Z,0.0000005978,0.0000006021,0.0000005917,0.0000005966,4076433412.2,2436.5610889401
1698428100000,2023-10-27T17:35:00Z,0.0000005966,0.0000005996,0.0000005823,0.0000005823,7628114774.8,4492.50708352252
1698428400000,2023-10-27T17:40:00Z,0.0000005823,0.0000005892,0.0000005806,0.0000005858,5463898461.9,3184.52022225961
1698428700000,2023-10-27T17:45:00Z,0.0000005858,0.0000005958,0.0000005858,0.0000005958,6206204272.4,3663.73159499219
1698429000000,2023-10-27T17:50:00Z,0.0000005958,0.0000005968,0.0000005844,0.0000005868,4234814413,2497.06384757132
1698429300000,2023-10-27T17:55:00Z,0.0000005868,0.0000005941,0.0000005852,0.0000005881,2146449222.7,1265.44633886971
1698429600000,2023-10-27T18:00:00Z,0.0000005881,0.0000005909,0.0000005856,0.0000005869,632325972.7,371.96041322156
1698429900000,2023-10-27T18:05:00Z,0.0000005869,0.0000005876,0.0000005836,0.0000005869,1955480313.9,1146.67922103073
1698430200000,2023-10-27T18:10:00Z,0.0000005869,0.0000005951,0.0000005844,0.0000005917,8215319165,4845.72271998686
1698430500000,2023-10-27T18:15:00Z,0.0000005917,0.0000005926,0.0000005856,0.0000005882,4115266596.8,2426.88006595528
1698430800000,2023-10-27T18:20:00Z,0.0000005882,0.0000005935,0.0000005851,0.0000005851,7459861286,4404.82011015113
1698431100000,2023-10-27T18:25:00Z,0.0000005851,0.0000005908,0.0000005811,0.0000005821,7637986159.9,4471.47532615694
1698431400000,2023-10-27T18:30:00Z,0.0000005821,0.0000005906,0.0000005817,0.0000005893,13251519388.4,7770.54022410743
1698431700000,2023-10-27T18:35:00Z,0.0000005893,0.0000005958,0.0000005875,0.0000005947,10495922950.7,6208.54913903827
1698432000000,2023-10-27T18:40:00Z,0.0000005947,0.0000005947,0.0000005872,0.0000005902,8489789648,5009.91136190407
1698432300000,2023-10-27T18:45:00Z,0.0000005902,0.000000596,0.0000005893,0.0000005946,5358427719.6,3176.33553108918
1698432600000,2023-10-27T18:50:00Z,0.0000005946,0.0000006028,0.0000005946,0.0000006015,10968277095.1,6578.25053179783
1698432900000,2023-10-27T18:55:00Z,0.0000006015,0.0000006028,0.0000005955,0.0000005966,11310084662.5,6779.79818554114
1698433200000,2023-10-27T19:00:00Z,0.0000005966,0.0000006009,0.0000005952,0.0000005977,7996581904.4,4785.63547443804
1698433500000,2023-10-27T19:05:00Z,0.0000005977,0.0000006038,0.0000005965,0.0000005984,11892594793.4,7130.02880385827
1698433800000,2023-10-27T19:10:00Z,0.0000005984,0.0000006035,0.0000005958,0.0000006006,13478566848.7,8071.06575389309
1698434100000,2023-10-27T19:15:00Z,0.0000006006,0.0000006139,0.0000005993,0.0000006122,20014981897.3,12202.93671156943
1698434400000,2023-10-27T19:20:00Z,0.0000006122,0.0000006196,0.0000006061,0.0000006168,9931390377.2,6084.81957136597
1698434700000,2023-10-27T19:25:00Z,0.0000006168,0.0000006168,0.0000006027,0.0000006064,18761366544.8,11395.15893330248
1698435000000,2023-10-27T19:30:00Z,0.0000006064,0.000000616,0.0000006046,0.0000006105,15794086196.9,9602.53186708431
1698435300000,2023-10-27T19:35:00Z,0.0000006105,0.0000006173,0.000000607,0.0000006173,9298086433.5,5685.48601045497
1698435600000,2023-10-27T19:40:00Z,0.0000006173,0.000000626,0.0000006149,0.0000006227,14405265192.5,8940.32868087215
1698435900000,2023-10-27T19:45:00Z,0.0000006227,0.0000006331,0.0000006216,0.0000006268,21169117008.6,13245.65993619105
1698436200000,2023-10-27T19:50:00Z,0.0000006268,0.0000006461,0.0000006182,0.0000006383,27891614647.9,17695.75801178994
1698436500000,2023-10-27T19:55:00Z,0.0000006383,0.0000006413,0.0000006351,0.0000006379,12330396175.9,7876.73088477571
1698436800000,2023-10-27T20:00:00Z,0.0000006379,0.0000006524,0.000000629,0.0000006368,75802523945.9,48654.66596986583
1698437100000,2023-10-27T20:05:00Z,0.0000006368,0.0000006446,0.0000006296,0.0000006296,22342547369.2,14228.16787293064
1698437400000,2023-10-27T20:10:00Z,0.0000006296,0.0000006313,0.0000006237,0.0000006238,9839724193.7,6176.69956076767
1698437700000,2023-10-27T20:15:00Z,0.0000006238,0.000000626,0.0000006221,0.0000006245,9849368571.7,6152.2447944465
1698438000000,2023-10-27T20:20:00Z,0.0000006245,0.0000006385,0.0000006245,0.0000006385,22301833142.5,14066.85940381442
1698438300000,2023-10-27T20:25:00Z,0.0000006385,0.0000006385,0.0000006308,0.000000634,18358228359.8,11658.73671074606
1698438600000,2023-10-27T20:30:00Z,0.000000634,0.0000006365,0.000000614,0.0000006145,64994542525.6,40490.98818263073
1698438900000,2023-10-27T20:35:00Z,0.0000006145,0.00000062,0.0000006124,0.0000006172,11806439555.7,7287.13885056926
1698439200000,2023-10-27T20:40:00Z,0.0000006172,0.0000006185,0.0000006124,0.0000006149,14019460674.8,8631.83829497076
1698439500000,2023-10-27T20:45:00Z,0.0000006149,0.0000006262,0.0000006149,0.0000006235,12238288768.8,7596.08674786721
1698439800000,2023-10-27T20:50:00Z,0.0000006235,0.000000626,0.0000006211,0.0000006211,7177927617.3,4479.38460260402
1698440100000,2023-10-27T20:55:00Z,0.0000006211,0.0000006231,0.0000006196,0.000000623,10859142287.2,6750.89534410166
1698440400000,2023-10-27T21:00:00Z,0.000000623,0.0000006238,0.0000006178,0.0000006201,8960747067.8,5556.20897933085
1698440700000,2023-10-27T21:05:00Z,0.0000006201,0.0000006201,0.0000006175,0.0000006183,8951359054.6,5537.30873925938
1698441000000,2023-10-27T21:10:00Z,0.0000006183,0.000000621,0.0000006166,0.0000006175,9668983444.6,5987.96129148753
1698441300000,2023-10-27T21:15:00Z,0.0000006175,0.0000006195,0.0000006169,0.0000006191,5675274697.3,3508.95094488866
1698441600000,2023-10-27T21:20:00Z,0.0000006191,0.0000006191,0.0000006,0.0000006122,11652480806.6,7111.16415747088
1698441900000,2023-10-27T21:25:00Z,0.0000006122,0.0000006168,0.000000608,0.0000006101,6400318186,3915.01551800365
1698442200000,2023-10-27T21:30:00Z,0.0000006101,0.0000006171,0.0000006076,0.0000006168,7613712789.5,4665.4563418239
1698442500000,2023-10-27T21:35:00Z,0.0000006168,0.0000006175,0.0000006105,0.0000006105,4604934587.7,2831.98592783986
1698442800000,2023-10-27T21:40:00Z,0.0000006105,0.0000006124,0.0000006099,0.0000006117,4683434950.9,2860.04320836465
1698443100000,2023-10-27T21:45:00Z,0.0000006117,0.0000006117,0.0000006098,0.0000006104,7685402470.9,4696.66009627914
1698443400000,2023-10-27T21:50:00Z,0.0000006104,0.000000616,0.000000604,0.0000006149,13778968435.7,8379.51962083089
1698443700000,2023-10-27T21:55:00Z,0.0000006149,0.0000006149,0.0000006008,0.0000006106,7692862796.5,4674.71049535244
1698444000000,2023-10-27T22:00:00Z,0.0000006106,0.0000006152,0.0000006106,0.0000006134,5363309923.8,3286.28860367586
1698444300000,2023-10-27T22:05:00Z,0.0000006134,0.000000616,0.0000006128,0.0000006133,4875987518.7,2996.35265123515
1698444600000,2023-10-27T22:10:00Z,0.0000006133,0.0000006158,0.0000006056,0.0000006062,8809000022.3,5378.65997385816
1698444900000,2023-10-27T22:15:00Z,0.0000006062,0.0000006089,0.0000006053,0.0000006068,3464816112.9,2105.02467369117
1698445200000,2023-10-27T22:20:00Z,0.0000006068,0.0000006079,0.0000006034,0.0000006048,11496230723.9,6958.95090179126
1698445500000,2023-10-27T22:25:00Z,0.0000006048,0.0000006058,0.0000006014,0.0000006044,7419162055.4,4473.16882963889
1698445800000,2023-10-27T22:30:00Z,0.0000006044,0.0000006061,0.0000006021,0.0000006031,4666948225.3,2819.29740226159
1698446100000,2023-10-27T22:35:00Z,0.0000006031,0.0000006076,0.0000006031,0.0000006048,8128117542.9,4918.91852492349
1698446400000,2023-10-27T22:40:00Z,0.0000006048,0.0000006048,0.0000006003,0.0000006003,4168449402.8,2513.79145195903
1698446700000,2023-10-27T22:45:00Z,0.0000006003,0.0000006047,0.0000006002,0.0000006019,5555134943.5,3345.39438560761
1698447000000,2023-10-27T22:50:00Z,0.0000006019,0.0000006019,0.0000005889,0.0000005889,14318299609.1,8532.14871948943
1698447300000,2023-10-27T22:55:00Z,0.0000005889,0.0000005919,0.000000578,0.0000005869,17777765547.4,10385.93014911127
1698447600000,2023-10-27T23:00:00Z,0.0000005869,0.000000588,0.0000005478,0.0000005632,92420219383.1,52634.4442090709
1698447900000,2023-10-27T23:05:00Z,0.0000005632,0.000000567,0.0000005537,0.0000005537,12556942372.4,7069.63020871273
1698448200000,2023-10-27T23:10:00Z,0.0000005537,0.0000005557,0.0000005427,0.0000005442,18109155541.1,9973.71915947359
1698448500000,2023-10-27T23:15:00Z,0.0000005442,0.00000056,0.000000542,0.000000559,8297043412.1,4584.11552227457
1698448800000,2023-10-27T23:20:00Z,0.000000559,0.0000005602,0.0000005507,0.0000005561,6035726428.1,3350.33033841701
1698449100000,2023-10-27T23:25:00Z,0.0000005561,0.0000005589,0.0000005511,0.0000005589,6870850740.7,3806.28930088208
1698449400000,2023-10-27T23:30:00Z,0.0000005589,0.0000005593,0.00000055,0.00000055,9597558872,5323.69905340991
1698449700000,2023-10-27T23:35:00Z,0.00000055,0.000000552,0.0000005466,0.0000005474,12997880053.9,7139.27354204638
1698450000000,2023-10-27T23:40:00Z,0.0000005474,0.0000005579,0.0000005467,0.0000005538,8761105399.3,4845.26947715928
1698450300000,2023-10-27T23:45:00Z,0.0000005538,0.000000554,0.0000005397,0.000000548,11657294695.1,6402.47433046469
1698450600000,2023-10-27T23:50:00Z,0.000000548,0.0000005519,0.0000005293,0.0000005331,29004364688.9,15580.65545957121
1698450900000,2023-10-27T23:55:00Z,0.0000005331,0.0000005396,0.0000005297,0.0000005316,15407090820.5,8242.14337238483
1698451200000,2023-10-28T00:00:00Z,0.0000005316,0.0000005374,0.0000005258,0.000000527,18966899571.4,10061.69050671276
1698451500000,2023-10-28T00:05:00Z,0.000000527,0.0000005346,0.0000005201,0.0000005227,25051395330.1,13182.88005868725
1698451800000,2023-10-28T00:10:00Z,0.0000005227,0.0000005227,0.0000005082,0.0000005115,13716276051.4,7086.21512321592
1698452100000,2023-10-28T00:15:00Z,0.0000005115,0.0000005138,0.0000005084,0.00000051,4311297376.5,2200.20904735298
1698452400000,2023-10-28T00:20:00Z,0.00000051,0.0000005184,0.0000005072,0.0000005184,9517486692.9,4850.40796997493
1698452700000,2023-10-28T00:25:00Z,0.0000005184,0.0000005246,0.0000005156,0.000000524,4776210153.6,2487.87622640103
1698453000000,2023-10-28T00:30:00Z,0.000000524,0.000000524,0.0000005125,0.0000005217,7486756274,3884.19963036765
1698453300000,2023-10-28T00:35:00Z,0.0000005217,0.0000005232,0.0000005164,0.0000005203,2086290649.7,1085.66948776916
1698453600000,2023-10-28T00:40:00Z,0.0000005203,0.0000005211,0.0000005139,0.000000518,5431941541.1,2814.32624835745
1698453900000,2023-10-28T00:45:00Z,0.000000518,0.0000005197,0.0000005118,0.0000005129,12381571704.3,6395.70861996851
1698454200000,2023-10-28T00:50:00Z,0.0000005129,0.0000005147,0.0000005047,0.0000005063,6580567155.4,3350.55662642649
1698454500000,2023-10-28T00:55:00Z,0.0000005063,0.0000005073,0.0000004944,0.0000004969,7838093467.5,3915.66222156843
1698454800000,2023-10-28T01:00:00Z,0.0000004969,0.0000004969,0.00000049,0.000000491,10599698064.3,5212.32732498293
1698455100000,2023-10-28T01:05:00Z,0.000000491,0.0000004922,0.0000004889,0.000000491,7972137041.6,3914.04486924901
1698455400000,2023-10-28T01:10:00Z,0.000000491,0.000000507,0.0000004906,0.000000507,3839132317.2,1913.19752196843
1698455700000,2023-10-28T01:15:00Z,0.000000507,0.000000512,0.0000004942,0.0000004999,9136988047.8,4602.21955880779
1698456000000,2023-10-28T01:20:00Z,0.0000004999,0.0000005059,0.0000004965,0.0000005028,4581878823.5,2291.75371139568
1698456300000,2023-10-28T01:25:00Z,0.0000005028,0.000000504,0.000000494,0.0000004987,8143474179.3,4053.86589582153
1698456600000,2023-10-28T01:30:00Z,0.0000004987,0.00000051,0.0000004947,0.0000005047,13035046393,6502.8287012971
1698456900000,2023-10-28T01:35:00Z,0.0000005047,0.0000005047,0.000000494,0.000000494,6122463689.8,3053.8015800682
1698457200000,2023-10-28T01:40:00Z,0.000000494,0.0000005093,0.000000494,0.000000508,3993928688.7,2009.20214407507
1698457500000,2023-10-28T01:45:00Z,0.000000508,0.0000005197,0.0000005076,0.0000005197,4963502196,2558.60234058892
1698457800000,2023-10-28T01:50:00Z,0.0000005197,0.0000005249,0.0000005165,0.000000523,12927167987.1,6738.0727922442
1698458100000,2023-10-28T01:55:00Z,0.000000523,0.0000005292,0.0000005204,0.0000005288,15214764230.2,7993.73932705908
1698458400000,2023-10-28T02:00:00Z,0.0000005288,0.0000005341,0.0000005255,0.0000005322,6175220136.5,3263.93720682966
1698458700000,2023-10-28T02:05:00Z,0.0000005322,0.0000005322,0.0000005269,0.0000005302,3333337390.4,1763.93616879694
1698459000000,2023-10-28T02:10:00Z,0.0000005302,0.0000005332,0.0000005288,0.0000005288,1879861197.2,997.65676167086
1698459300000,2023-10-28T02:15:00Z,0.0000005288,0.000000533,0.0000005283,0.0000005283,1440979300.6,766.10115390015
1698459600000,2023-10-28T02:20:00Z,0.0000005283,0.0000005308,0.0000005219,0.0000005283,2132371217.4,1120.65846595661
1698459900000,2023-10-28T02:25:00Z,0.0000005283,0.0000005602,0.0000005283,0.0000005352,27078264246.1,14775.04259848048
1698460200000,2023-10-28T02:30:00Z,0.0000005352,0.0000005579,0.000000524,0.0000005313,10165886497.9,5416.43542322923
1698460500000,2023-10-28T02:35:00Z,0.0000005313,0.000000536,0.0000005295,0.000000536,2868661183.2,1525.05762184399
1698460800000,2023-10-28T02:40:00Z,0.000000536,0.0000005393,0.0000005349,0.0000005349,1291848216.8,692.86486936933
1698461100000,2023-10-28T02:45:00Z,0.0000005349,0.0000005783,0.0000005296,0.0000005591,27520269985.5,15257.13468074753
1698461400000,2023-10-28T02:50:00Z,0.0000005591,0.0000005819,0.0000005534,0.0000005609,10998314703.5,6230.43636818397
1698461700000,2023-10-28T02:55:00Z,0.0000005609,0.0000005645,0.0000005586,0.0000005586,4529952083.9,2548.93535788645
1698462000000,2023-10-28T03:00:00Z,0.0000005586,0.000000571,0.0000005526,0.0000005676,13093580615.5,7300.86981389061
1698462300000,2023-10-28T03:05:00Z,0.0000005676,0.0000005937,0.0000005676,0.0000005875,5210083072.9,3062.58128486506
1698462600000,2023-10-28T03:10:00Z,0.0000005875,0.0000005907,0.0000005847,0.0000005872,1516701108,891.43816160542
1698462900000,2023-10-28T03:15:00Z,0.0000005872,0.0000005874,0.0000005755,0.0000005821,5453299547.7,3173.35388433941
1698463200000,2023-10-28T03:20:00Z,0.0000005821,0.0000005821,0.0000005727,0.0000005807,4134808091.4,2387.46252432547
1698463500000,2023-10-28T03:25:00Z,0.0000005807,0.0000005807,0.0000005727,0.0000005784,3422404174.1,1974.2636807268
1698463800000,2023-10-28T03:30:00Z,0.0000005784,0.0000005784,0.0000005658,0.0000005664,6564795430.5,3748.89021068371
1698464100000,2023-10-28T03:35:00Z,0.0000005664,0.0000005689,0.0000005574,0.0000005574,6470715386.1,3647.88533493639
1698464400000,2023-10-28T03:40:00Z,0.0000005574,0.0000005574,0.0000005464,0.0000005505,11660245505.8,6438.67133793763
1698464700000,2023-10-28T03:45:00Z,0.0000005505,0.0000005511,0.0000005427,0.0000005427,4248445099.8,2320.12805551382
1698465000000,2023-10-28T03:50:00Z,0.0000005427,0.0000005446,0.0000005402,0.0000005402,3685986161.5,2001.19937451134
1698465300000,2023-10-28T03:55:00Z,0.0000005402,0.0000005761,0.0000005402,0.0000005761,17400107884.9,9774.48173144375
1698465600000,2023-10-28T04:00:00Z,0.0000005761,0.0000005761,0.0000005677,0.000000568,3034211687.6,1734.08739369716
1698465900000,2023-10-28T04:05:00Z,0.000000568,0.000000572,0.0000005675,0.0000005679,3896803740.6,2216.91920364075
1698466200000,2023-10-28T04:10:00Z,0.0000005679,0.0000005754,0.0000005675,0.0000005754,5305325763.6,3031.0551369152
1698466500000,2023-10-28T04:15:00Z,0.0000005754,0.000000576,0.0000005675,0.0000005705,5380133980.3,3068.5789971329
1698466800000,2023-10-28T04:20:00Z,0.0000005705,0.0000005832,0.0000005705,0.0000005826,4977317950.9,2881.42089007013
1698467100000,2023-10-28T04:25:00Z,0.0000005826,0.0000005857,0.00000058,0.0000005838,16910901160.2,9854.36625826416
1698467400000,2023-10-28T04:30:00Z,0.0000005838,0.0000005873,0.0000005736,0.0000005873,12602058855.4,7308.55141542471
1698467700000,2023-10-28T04:35:00Z,0.0000005873,0.000000605,0.0000005873,0.0000006036,6425823912.2,3849.20268775941
1698468000000,2023-10-28T04:40:00Z,0.0000006036,0.000000605,0.0000006002,0.0000006023,3673724896,2212.69344000476
1698468300000,2023-10-28T04:45:00Z,0.0000006023,0.0000006097,0.0000006023,0.0000006035,3562665686.2,2158.71086307283
1698468600000,2023-10-28T04:50:00Z,0.0000006035,0.000000606,0.0000005944,0.0000005971,4247507345.9,2551.14722409973
1698468900000,2023-10-28T04:55:00Z,0.0000005971,0.0000006008,0.0000005943,0.0000005958,3668817780.1,2189.70143819535
1698469200000,2023-10-28T05:00:00Z,0.0000005958,0.0000005959,0.0000005813,0.0000005832,10878757544,6400.07195669436
1698469500000,2023-10-28T05:05:00Z,0.0000005832,0.0000005849,0.0000005736,0.0000005766,8994118184.2,5204.07459774065
1698469800000,2023-10-28T05:10:00Z,0.0000005766,0.0000005806,0.0000005754,0.0000005798,3474649156.8,2011.91881476035
1698470100000,2023-10-28T05:15:00Z,0.0000005798,0.0000005836,0.0000005754,0.00000058,4180210250.6,2417.65701150576
1698470400000,2023-10-28T05:20:00Z,0.00000058,0.0000005876,0.00000058,0.0000005843,4089204303.6,2393.98492443615
1698470700000,2023-10-28T05:25:00Z,0.0000005843,0.0000005902,0.0000005822,0.0000005888,4181867287.5,2454.07540233557
1698471000000,2023-10-28T05:30:00Z,0.0000005888,0.0000005888,0.0000005715,0.0000005765,6178876274.9,3558.74241323655
1698471300000,2023-10-28T05:35:00Z,0.0000005765,0.000000584,0.000000576,0.000000584,3228358806.7,1872.27272283151
1698471600000,2023-10-28T05:40:00Z,0.000000584,0.0000005852,0.0000005763,0.000000579,1596935821.8,926.39749440229
1698471900000,2023-10-28T05:45:00Z,0.000000579,0.000000579,0.000000569,0.0000005736,2603347671,1489.32778547685
1698472200000,2023-10-28T05:50:00Z,0.0000005736,0.0000005736,0.0000005705,0.0000005717,1733564380.4,990.55289525216
1698472500000,2023-10-28T05:55:00Z,0.0000005717,0.0000005739,0.0000005652,0.0000005697,8985852367.1,5114.15435951257
1698472800000,2023-10-28T06:00:00Z,0.0000005697,0.000000576,0.000000568,0.000000576,2346054476.8,1347.85869455303
1698473100000,2023-10-28T06:05:00Z,0.000000576,0.000000578,0.0000005749,0.0000005767,132396353.9,76.2557536772
1698473400000,2023-10-28T06:10:00Z,0.0000005767,0.0000005851,0.0000005741,0.0000005826,10338595591.1,6015.71945946251
1698473700000,2023-10-28T06:15:00Z,0.0000005826,0.000000585,0.0000005804,0.000000585,2265838753.6,1320.37618967255
1698474000000,2023-10-28T06:20:00Z,0.000000585,0.0000005851,0.0000005844,0.0000005851,3676335550.2,2149.23420702848
1698474300000,2023-10-28T06:25:00Z,0.0000005851,0.000000586,0.0000005831,0.0000005837,1792143229.2,1049.276955599
1698474600000,2023-10-28T06:30:00Z,0.0000005837,0.0000005862,0.0000005837,0.0000005839,2485382473.7,1452.25404804439
1698474900000,2023-10-28T06:35:00Z,0.0000005839,0.0000005839,0.0000005804,0.0000005819,1527151010,889.80828202838
1698475200000,2023-10-28T06:40:00Z,0.0000005819,0.0000005872,0.0000005781,0.0000005836,7689131329.4,4480.54421617247
1698475500000,2023-10-28T06:45:00Z,0.0000005836,0.0000005907,0.0000005836,0.0000005874,2949233351.7,1735.26121895172
1698475800000,2023-10-28T06:50:00Z,0.0000005874,0.0000005886,0.0000005836,0.0000005886,2889085923.8,1692.0880219956
1698476100000,2023-10-28T06:55:00Z,0.0000005886,0.0000005886,0.000000584,0.000000584,2671689677.6,1564.44728995632
1698476400000,2023-10-28T07:00:00Z,0.000000584,0.0000005905,0.000000584,0.0000005888,1859425496.8,1094.07208944338
1698476700000,2023-10-28T07:05:00Z,0.0000005888,0.0000005888,0.0000005811,0.0000005811,3199827754.2,1872.09733400454
1698477000000,2023-10-28T07:10:00Z,0.0000005811,0.0000005829,0.0000005724,0.0000005752,1793978319.8,1033.06145089891
1698477300000,2023-10-28T07:15:00Z,0.0000005752,0.0000005752,0.0000005635,0.000000572,27665118328.2,15657.48201020428
1698477600000,2023-10-28T07:20:00Z,0.000000572,0.00000058,0.0000005632,0.0000005745,11566213462.6,6583.12850985943
1698477900000,2023-10-28T07:25:00Z,0.0000005745,0.0000005853,0.0000005745,0.0000005793,5615270101.9,3260.49954994949
1698478200000,2023-10-28T07:30:00Z,0.0000005793,0.0000005857,0.0000005744,0.0000005779,1201132662.2,697.3923554387
1698478500000,2023-10-28T07:35:00Z,0.0000005779,0.0000005843,0.000000572,0.00000058,3230327473,1868.78068838063
1698478800000,2023-10-28T07:40:00Z,0.00000058,0.0000005829,0.0000005771,0.0000005771,1113072750.3,645.75556804564
1698479100000,2023-10-28T07:45:00Z,0.0000005771,0.0000005771,0.0000005714,0.0000005719,1071106944,615.41416143855
1698479400000,2023-10-28T07:50:00Z,0.0000005719,0.0000005745,0.0000005683,0.000000574,3033487651.5,1735.38196243903
1698479700000,2023-10-28T07:55:00Z,0.000000574,0.0000005749,0.000000569,0.0000005707,2344256844,1342.09711345539
1698480000000,2023-10-28T08:00:00Z,0.0000005707,0.0000005745,0.0000005664,0.0000005724,6101743842.2,3480.5558797324
1698480300000,2023-10-28T08:05:00Z,0.0000005724,0.000000573,0.0000005705,0.000000573,3146052767.7,1799.91539507696
1698480600000,2023-10-28T08:10:00Z,0.000000573,0.0000005808,0.0000005705,0.0000005802,4504644861.1,2588.32355676144
1698480900000,2023-10-28T08:15:00Z,0.0000005802,0.0000005841,0.000000579,0.0000005815,4642719759.9,2702.33582307786
1698481200000,2023-10-28T08:20:00Z,0.0000005815,0.000000595,0.0000005815,0.0000005934,6121808768.8,3600.8315289646
1698481500000,2023-10-28T08:25:00Z,0.0000005934,0.0000005935,0.0000005892,0.0000005929,3356667407.1,1986.63128505032
1698481800000,2023-10-28T08:30:00Z,0.0000005929,0.0000006014,0.0000005887,0.0000005969,11498093379,6848.58129903191
1698482100000,2023-10-28T08:35:00Z,0.0000005969,0.0000006121,0.0000005969,0.0000006121,6991655473.9,4231.46886371324
1698482400000,2023-10-28T08:40:00Z,0.0000006121,0.0000006177,0.000000605,0.0000006068,26184572061.6,15970.04563194297
1698482700000,2023-10-28T08:45:00Z,0.0000006068,0.0000006104,0.000000605,0.0000006079,5896299583.5,3590.63473618714
1698483000000,2023-10-28T08:50:00Z,0.0000006079,0.0000006083,0.0000005971,0.0000006019,21385246997.4,12884.37221098889
1698483300000,2023-10-28T08:55:00Z,0.0000006019,0.0000006082,0.000000599,0.0000006082,1363664339.4,824.30305400789
1698483600000,2023-10-28T09:00:00Z,0.0000006082,0.0000006167,0.0000006082,0.0000006167,4404155118.2,2693.28979634635
1698483900000,2023-10-28T09:05:00Z,0.0000006167,0.0000006206,0.0000006139,0.0000006206,8585169766.4,5302.53983204046
1698484200000,2023-10-28T09:10:00Z,0.0000006206,0.0000006219,0.0000006125,0.0000006153,9202401048.6,5666.09129866928
1698484500000,2023-10-28T09:15:00Z,0.0000006153,0.0000006157,0.0000006119,0.0000006157,4844416721.9,2970.58194315998
1698484800000,2023-10-28T09:20:00Z,0.0000006157,0.0000006157,0.0000006116,0.0000006131,2272180125.4,1393.25957194875
1698485100000,2023-10-28T09:25:00Z,0.0000006131,0.0000006168,0.0000006131,0.0000006154,8420988597.9,5181.69559983805
1698485400000,2023-10-28T09:30:00Z,0.0000006154,0.0000006195,0.0000006141,0.0000006185,12761592642.9,7867.80995348907
1698485700000,2023-10-28T09:35:00Z,0.0000006185,0.00000062,0.0000006147,0.0000006147,5338681186.6,3301.42264308567
1698486000000,2023-10-28T09:40:00Z,0.0000006147,0.0000006153,0.0000006124,0.0000006128,5367533986.6,3292.26177221595
1698486300000,2023-10-28T09:45:00Z,0.0000006128,0.000000615,0.0000006104,0.0000006113,4202385875.3,2572.19166637271
1698486600000,2023-10-28T09:50:00Z,0.0000006113,0.0000006139,0.0000006107,0.0000006108,3860134517.4,2362.65743751343
1698486900000,2023-10-28T09:55:00Z,0.0000006108,0.000000614,0.0000006036,0.0000006041,11751764002.1,7170.83071521251
1698487200000,2023-10-28T10:00:00Z,0.0000006041,0.0000006062,0.0000005993,0.0000005997,3877152677.9,2334.5277194832
1698487500000,2023-10-28T10:05:00Z,0.0000005997,0.0000006035,0.0000005918,0.0000005928,6801585200.4,4064.2243037165
1698487800000,2023-10-28T10:10:00Z,0.0000005928,0.000000597,0.0000005928,0.0000005958,10272153369,6112.04580484965
1698488100000,2023-10-28T10:15:00Z,0.0000005958,0.000000597,0.0000005937,0.000000597,6648634746.5,3955.45229575988
1698488400000,2023-10-28T10:20:00Z,0.000000597,0.000000597,0.0000005917,0.000000592,11216431324.1,6658.40301021329
1698488700000,2023-10-28T10:25:00Z,0.000000592,0.000000592,0.0000005851,0.0000005874,9304304793.2,5463.56542278989
1698489000000,2023-10-28T10:30:00Z,0.0000005874,0.0000005973,0.0000005873,0.0000005941,9376879302.2,5561.84323971633
1698489300000,2023-10-28T10:35:00Z,0.0000005941,0.0000005953,0.0000005919,0.0000005929,789068249.2,467.77033446025
1698489600000,2023-10-28T10:40:00Z,0.0000005929,0.0000005929,0.0000005875,0.0000005875,6968424548.5,4105.90645388526
1698489900000,2023-10-28T10:45:00Z,0.0000005875,0.0000005884,0.0000005847,0.0000005873,5417120086.1,3177.64035343536
1698490200000,2023-10-28T10:50:00Z,0.0000005873,0.0000005926,0.0000005867,0.0000005905,5811261477.3,3427.49113273571
1698490500000,2023-10-28T10:55:00Z,0.0000005905,0.0000005941,0.0000005904,0.0000005913,4660007901.1,2756.37466596183
1698490800000,2023-10-28T11:00:00Z,0.0000005913,0.0000005943,0.0000005865,0.0000005943,6686633151.3,3952.65077452328
1698491100000,2023-10-28T11:05:00Z,0.0000005943,0.0000006014,0.0000005927,0.0000005969,7534479020.4,4493.55496876928
1698491400000,2023-10-28T11:10:00Z,0.0000005969,0.0000005983,0.0000005904,0.0000005926,7330138305.6,4367.69705093347
1698491700000,2023-10-28T11:15:00Z,0.0000005926,0.0000005961,0.0000005904,0.0000005934,6719722110.7,3982.67220848493
1698492000000,2023-10-28T11:20:00Z,0.0000005934,0.0000005954,0.0000005901,0.0000005914,8982866744.5,5330.72505079383
1698492300000,2023-10-28T11:25:00Z,0.0000005914,0.0000005962,0.0000005906,0.0000005935,9483216600.4,5617.55305163754
1698492600000,2023-10-28T11:30:00Z,0.0000005935,0.0000005977,0.000000593,0.0000005945,7807803685.4,4641.76320952344
1698492900000,2023-10-28T11:35:00Z,0.0000005945,0.000000597,0.000000593,0.0000005959,7484058480.9,4457.71597633113
1698493200000,2023-10-28T11:40:00Z,0.0000005959,0.0000005976,0.0000005887,0.0000005887,11310828178.5,6702.52520761257
1698493500000,2023-10-28T11:45:00Z,0.0000005887,0.000000598,0.0000005887,0.0000005956,7502493562.6,4450.47076828164
1698493800000,2023-10-28T11:50:00Z,0.0000005956,0.0000006011,0.0000005829,0.0000005948,30447432704.4,18018.37349069976
1698494100000,2023-10-28T11:55:00Z,0.0000005948,0.0000005948,0.0000005552,0.0000005728,53763738996.9,31389.35418289432
1698494400000,2023-10-28T12:00:00Z,0.0000005728,0.0000005806,0.0000005593,0.0000005641,30118255441.3,17109.96922780891
1698494700000,2023-10-28T12:05:00Z,0.0000005641,0.0000005661,0.0000005508,0.0000005539,22739229140.6,12668.3794179742
1698495000000,2023-10-28T12:10:00Z,0.0000005539,0.000000559,0.0000005488,0.0000005553,16096738321.6,8904.54543072748
1698495300000,2023-10-28T12:15:00Z,0.0000005553,0.0000005593,0.0000005486,0.0000005523,9286391227.7,5132.7454771969
1698495600000,2023-10-28T12:20:00Z,0.0000005523,0.0000005571,0.0000005508,0.0000005515,8423010216.1,4665.46888858273
1698495900000,2023-10-28T12:25:00Z,0.0000005515,0.0000005515,0.000000541,0.0000005438,12961678911.1,7097.67790334925
1698496200000,2023-10-28T12:30:00Z,0.0000005438,0.0000005536,0.0000005438,0.0000005453,12151943927.1,6668.85234166084
1698496500000,2023-10-28T12:35:00Z,0.0000005453,0.0000005586,0.0000005255,0.0000005532,38294689583.9,20570.93782886785
1698496800000,2023-10-28T12:40:00Z,0.0000005532,0.0000005559,0.0000005486,0.0000005551,7566395044.1,4188.11461947528
1698497100000,2023-10-28T12:45:00Z,0.0000005551,0.0000005551,0.0000005503,0.0000005505,3674088515.4,2028.44976493867
1698497400000,2023-10-28T12:50:00Z,0.0000005505,0.0000005647,0.0000005505,0.0000005618,12069535606.7,6753.29542927999
1698497700000,2023-10-28T12:55:00Z,0.0000005618,0.0000005618,0.0000005589,0.0000005605,5242755868.8,2935.55304271754
1698498000000,2023-10-28T13:00:00Z,0.0000005605,0.0000005606,0.0000005578,0.0000005592,3141329250.5,1756.85244016616
1698498300000,2023-10-28T13:05:00Z,0.0000005592,0.0000005626,0.0000005588,0.0000005596,5176322685.5,2903.35570855679
1698498600000,2023-10-28T13:10:00Z,0.0000005596,0.000000561,0.000000558,0.0000005582,4049730449.3,2263.22699345828
1698498900000,2023-10-28T13:15:00Z,0.0000005582,0.0000005598,0.0000005581,0.0000005598,2602020694.9,1453.35446131919
1698499200000,2023-10-28T13:20:00Z,0.0000005598,0.000000562,0.0000005583,0.0000005607,4120906767.3,2307.96793440661
1698499500000,2023-10-28T13:25:00Z,0.0000005607,0.0000005607,0.0000005411,0.0000005442,13511527736.4,7429.59478353164
1698499800000,2023-10-28T13:30:00Z,0.0000005442,0.0000005516,0.0000005442,0.0000005477,6750390023.3,3695.5301211614
1698500100000,2023-10-28T13:35:00Z,0.0000005477,0.0000005565,0.0000005473,0.0000005543,10553202315.2,5843.18826909342
1698500400000,2023-10-28T13:40:00Z,0.0000005543,0.0000005579,0.000000553,0.0000005544,16341459092,9074.01249009787
1698500700000,2023-10-28T13:45:00Z,0.0000005544,0.0000005613,0.000000553,0.0000005538,15497101058.9,8653.10157399509
1698501000000,2023-10-28T13:50:00Z,0.0000005538,0.0000005587,0.0000005538,0.0000005586,5882828322.3,3274.41915103154
1698501300000,2023-10-28T13:55:00Z,0.0000005586,0.0000005596,0.0000005442,0.000000552,34213512798.5,18866.11625116392
1698501600000,2023-10-28T14:00:00Z,0.000000552,0.0000005573,0.0000005486,0.000000556,5400196624.5,2986.4038888367
1698501900000,2023-10-28T14:05:00Z,0.000000556,0.0000005576,0.0000005542,0.0000005576,4300286105.8,2391.21297730803
1698502200000,2023-10-28T14:10:00Z,0.0000005576,0.0000005596,0.0000005537,0.0000005549,4663788962.8,2593.74003946238
1698502500000,2023-10-28T14:15:00Z,0.0000005549,0.0000005549,0.0000005487,0.0000005514,7200826709.1,3964.40818511472
1698502800000,2023-10-28T14:20:00Z,0.0000005514,0.0000005521,0.0000005486,0.0000005493,3915608217.3,2156.52658675655
1698503100000,2023-10-28T14:25:00Z,0.0000005493,0.0000005564,0.0000005482,0.0000005555,12117525750,6687.69028014408
1698503400000,2023-10-28T14:30:00Z,0.0000005555,0.0000005555,0.0000005508,0.0000005524,8247966766.5,4555.14434013202
1698503700000,2023-10-28T14:35:00Z,0.0000005524,0.0000005585,0.0000005514,0.0000005559,4989667397.4,2769.9372160011
1698504000000,2023-10-28T14:40:00Z,0.0000005559,0.000000567,0.0000005557,0.0000005642,7448996907.8,4190.50884492875
1698504300000,2023-10-28T14:45:00Z,0.0000005642,0.0000005677,0.0000005506,0.0000005507,14233504723,7914.42836771852
1698504600000,2023-10-28T14:50:00Z,0.0000005507,0.0000005622,0.0000005499,0.0000005603,5604259778,3108.90571780125
1698504900000,2023-10-28T14:55:00Z,0.0000005603,0.000000566,0.0000005578,0.0000005605,10882542029.4,6120.40090533659
1698505200000,2023-10-28T15:00:00Z,0.0000005605,0.0000005648,0.0000005596,0.0000005618,4858745980.8,2734.2203040539
1698505500000,2023-10-28T15:05:00Z,0.0000005618,0.0000005806,0.0000005618,0.0000005794,12385966494.9,7083.56111783284
1698505800000,2023-10-28T15:10:00Z,0.0000005794,0.0000005855,0.0000005746,0.0000005785,7607024316.5,4416.67925648877
1698506100000,2023-10-28T15:15:00Z,0.0000005785,0.0000005816,0.0000005762,0.0000005767,1585135223,916.21867609411
1698506400000,2023-10-28T15:20:00Z,0.0000005767,0.0000005862,0.000000564,0.0000005767,15472074071.9,8911.85933021803
1698506700000,2023-10-28T15:25:00Z,0.0000005767,0.0000005767,0.0000005722,0.0000005736,3876346412.9,2225.08230161787
1698507000000,2023-10-28T15:30:00Z,0.0000005736,0.0000005738,0.0000005683,0.0000005684,4936076835.5,2818.84964982824
1698507300000,2023-10-28T15:35:00Z,0.0000005684,0.0000005709,0.0000005674,0.0000005709,5607822308.9,3188.80595362529
1698507600000,2023-10-28T15:40:00Z,0.0000005709,0.0000005761,0.0000005702,0.0000005736,4370517774.8,2504.97296247637
1698507900000,2023-10-28T15:45:00Z,0.0000005736,0.000000586,0.0000005706,0.0000005776,6715270620.1,3876.38376884541
1698508200000,2023-10-28T15:50:00Z,0.0000005776,0.0000005808,0.0000005751,0.0000005806,2321389601.2,1342.60496397861
1698508500000,2023-10-28T15:55:00Z,0.0000005806,0.0000005806,0.0000005714,0.0000005715,2877157361.4,1651.08371377988
1698508800000,2023-10-28T16:00:00Z,0.0000005715,0.0000005746,0.0000005685,0.00000057,4905426458.9,2802.37188217479
1698509100000,2023-10-28T16:05:00Z,0.00000057,0.0000005706,0.0000005637,0.0000005639,6981619537.5,3954.86108887666
1698509400000,2023-10-28T16:10:00Z,0.0000005639,0.0000005682,0.0000005639,0.000000564,2518986735.3,1424.41245294989
1698509700000,2023-10-28T16:15:00Z,0.000000564,0.0000005661,0.0000005623,0.0000005636,2315917445.9,1306.05101067397
1698510000000,2023-10-28T16:20:00Z,0.0000005636,0.0000005661,0.0000005623,0.0000005643,5604203844.2,3163.41235561872
1698510300000,2023-10-28T16:25:00Z,0.0000005643,0.0000005665,0.0000005631,0.0000005665,3272275893.1,1849.31483006778
1698510600000,2023-10-28T16:30:00Z,0.0000005665,0.0000005677,0.0000005642,0.0000005672,4417236043.5,2501.79166867436
1698510900000,2023-10-28T16:35:00Z,0.0000005672,0.0000005679,0.0000005646,0.0000005674,4376843848.2,2480.813802333
1698511200000,2023-10-28T16:40:00Z,0.0000005674,0.0000005679,0.0000005648,0.0000005662,2141060591.3,1213.90172758257
1698511500000,2023-10-28T16:45:00Z,0.0000005662,0.000000568,0.0000005654,0.0000005679,2636872514.6,1496.26436843738
1698511800000,2023-10-28T16:50:00Z,0.0000005679,0.0000005685,0.0000005615,0.0000005624,7100645384.1,4008.46134367839
1698512100000,2023-10-28T16:55:00Z,0.0000005624,0.0000005632,0.00000056,0.0000005608,10168720205.6,5709.96799791017
1698512400000,2023-10-28T17:00:00Z,0.0000005608,0.0000005609,0.0000005502,0.0000005529,10141485709.2,5655.8437042649
1698512700000,2023-10-28T17:05:00Z,0.0000005529,0.000000553,0.00000055,0.000000553,8084979998,4455.51753836664
1698513000000,2023-10-28T17:10:00Z,0.000000553,0.0000005574,0.0000005511,0.0000005556,4992149442.8,2760.72558218379
1698513300000,2023-10-28T17:15:00Z,0.0000005556,0.0000005571,0.000000553,0.0000005571,4616720942.2,2563.94993394087
1698513600000,2023-10-28T17:20:00Z,0.0000005571,0.0000005571,0.0000005524,0.0000005544,4574251177.2,2533.64491839472
1698513900000,2023-10-28T17:25:00Z,0.0000005544,0.0000005544,0.00000055,0.00000055,4890595426,2702.00685470558
1698514200000,2023-10-28T17:30:00Z,0.00000055,0.0000005542,0.00000055,0.0000005533,6998697061.9,3867.67611859548
1698514500000,2023-10-28T17:35:00Z,0.0000005533,0.0000005543,0.0000005525,0.0000005528,4059433956,2246.38996666456
1698514800000,2023-10-28T17:40:00Z,0.0000005528,0.0000005574,0.0000005528,0.0000005574,9103502534.7,5053.83794734816
1698515100000,2023-10-28T17:45:00Z,0.0000005574,0.0000005595,0.0000005561,0.0000005591,5394916934.1,3011.15831716538
1698515400000,2023-10-28T17:50:00Z,0.0000005591,0.0000005594,0.0000005565,0.0000005594,2942838313.6,1641.01141071774
1698515700000,2023-10-28T17:55:00Z,0.0000005594,0.0000005596,0.0000005562,0.000000558,9003423604.7,5028.04481099528
1698516000000,2023-10-28T18:00:00Z,0.000000558,0.0000005587,0.0000005522,0.0000005543,8117225595.8,4515.13895799516
1698516300000,2023-10-28T18:05:00Z,0.0000005543,0.0000005543,0.0000005509,0.000000551,3204800443.4,1767.8635844258
1698516600000,2023-10-28T18:10:00Z,0.000000551,0.0000005525,0.0000005489,0.0000005489,7515915188.1,4138.11414108296
1698516900000,2023-10-28T18:15:00Z,0.0000005489,0.000000551,0.0000005482,0.0000005487,5700728387.2,3133.12345635927
1698517200000,2023-10-28T18:20:00Z,0.0000005487,0.0000005555,0.0000005487,0.0000005554,6920781949.6,3823.67337949881
1698517500000,2023-10-28T18:25:00Z,0.0000005554,0.0000005578,0.0000005513,0.0000005574,15078576226.7,8357.84798408325
1698517800000,2023-10-28T18:30:00Z,0.0000005574,0.00000056,0.0000005552,0.0000005569,4429412448,2469.71377859947
1698518100000,2023-10-28T18:35:00Z,0.0000005569,0.00000056,0.0000005568,0.0000005578,6282755284.8,3508.54284689186
1698518400000,2023-10-28T18:40:00Z,0.0000005578,0.0000005586,0.0000005536,0.0000005568,7635927899.3,4245.22810737295
1698518700000,2023-10-28T18:45:00Z,0.0000005568,0.0000005595,0.0000005561,0.0000005572,5440380693.3,3037.51078230859
1698519000000,2023-10-28T18:50:00Z,0.0000005572,0.0000005593,0.0000005567,0.0000005568,5381505081.2,3004.65931940006
1698519300000,2023-10-28T18:55:00Z,0.0000005568,0.0000005592,0.000000554,0.000000559,5266094310.8,2939.60980698561
1698519600000,2023-10-28T19:00:00Z,0.000000559,0.0000005593,0.0000005564,0.0000005586,6819415030.7,3801.8270291512
1698519900000,2023-10-28T19:05:00Z,0.0000005586,0.0000005587,0.0000005563,0.0000005563,6459232348.3,3599.79862821686
1698520200000,2023-10-28T19:10:00Z,0.0000005563,0.0000005589,0.0000005563,0.0000005589,8433489996.1,4700.7781967034
1698520500000,2023-10-28T19:15:00Z,0.0000005589,0.0000005589,0.0000005569,0.0000005569,4208714484.7,2347.62904624922
1698520800000,2023-10-28T19:20:00Z,0.0000005569,0.0000005595,0.0000005569,0.0000005578,1745017512.5,973.26946792642
1698521100000,2023-10-28T19:25:00Z,0.0000005578,0.0000005594,0.0000005577,0.0000005577,3676657175.5,2054.25997759618
1698521400000,2023-10-28T19:30:00Z,0.0000005577,0.0000005593,0.0000005567,0.0000005582,6379651289.9,3556.63577574321
1698521700000,2023-10-28T19:35:00Z,0.0000005582,0.0000005596,0.0000005558,0.0000005563,7402395937.9,4129.14966935361
1698522000000,2023-10-28T19:40:00Z,0.0000005563,0.0000005583,0.0000005543,0.0000005571,7013263285,3903.63413666454
1698522300000,2023-10-28T19:45:00Z,0.0000005571,0.0000005617,0.000000554,0.0000005617,5075106509.8,2834.35220105909
1698522600000,2023-10-28T19:50:00Z,0.0000005617,0.000000572,0.0000005606,0.0000005689,13805351567.3,7830.68926859747
1698522900000,2023-10-28T19:55:00Z,0.0000005689,0.000000576,0.0000005667,0.0000005686,10611579323.9,6053.09432915214
1698523200000,2023-10-28T20:00:00Z,0.0000005686,0.0000005686,0.0000005618,0.0000005641,16255733342.8,9173.06492922376
1698523500000,2023-10-28T20:05:00Z,0.0000005641,0.0000005699,0.000000562,0.000000567,7319876231.1,4141.36907417405
1698523800000,2023-10-28T20:10:00Z,0.000000567,0.0000005678,0.000000564,0.0000005642,7878113474.9,4456.80405009621
1698524100000,2023-10-28T20:15:00Z,0.0000005642,0.0000005655,0.0000005621,0.0000005623,6848422424.9,3860.91122936488
1698524400000,2023-10-28T20:20:00Z,0.0000005623,0.0000005649,0.0000005621,0.0000005643,6892949295.1,3884.90508102098
1698524700000,2023-10-28T20:25:00Z,0.0000005643,0.0000005647,0.0000005617,0.0000005641,5988022887.6,3370.4828009274
1698525000000,2023-10-28T20:30:00Z,0.0000005641,0.0000005662,0.0000005622,0.0000005642,8656265949.8,4883.24232710166
1698525300000,2023-10-28T20:35:00Z,0.0000005642,0.0000005701,0.0000005642,0.0000005679,11366485976.6,6436.74790399392
1698525600000,2023-10-28T20:40:00Z,0.0000005679,0.0000005736,0.0000005679,0.0000005726,11302602933.5,6457.86770429556
1698525900000,2023-10-28T20:45:00Z,0.0000005726,0.0000005733,0.0000005679,0.0000005696,10066801995.4,5734.20348793563
1698526200000,2023-10-28T20:50:00Z,0.0000005696,0.0000005696,0.0000005569,0.0000005569,10286696848.1,5803.93984338896
1698526500000,2023-10-28T20:55:00Z,0.0000005569,0.0000005596,0.0000005569,0.0000005587,9769921061.6,5454.66061220228
1698526800000,2023-10-28T21:00:00Z,0.0000005587,0.0000005592,0.0000005561,0.0000005587,4569915919.1,2546.09123926518
1698527100000,2023-10-28T21:05:00Z,0.0000005587,0.0000005587,0.0000005501,0.0000005526,13821466128.6,7652.89845308988
1698527400000,2023-10-28T21:10:00Z,0.0000005526,0.0000005544,0.0000005469,0.0000005519,10108549680.2,5571.60863438331
1698527700000,2023-10-28T21:15:00Z,0.0000005519,0.000000553,0.0000005496,0.000000553,8018792926.8,4426.34159133242
1698528000000,2023-10-28T21:20:00Z,0.000000553,0.0000005542,0.0000005487,0.0000005493,8066274403.8,4447.13015680454
1698528300000,2023-10-28T21:25:00Z,0.0000005493,0.0000005498,0.0000005412,0.0000005461,14615698283.3,7982.47450096847
1698528600000,2023-10-28T21:30:00Z,0.0000005461,0.000000548,0.000000543,0.000000546,4990631367.2,2723.02050891775
1698528900000,2023-10-28T21:35:00Z,0.000000546,0.0000005507,0.0000005457,0.0000005477,4543108964.2,2489.63947916959
1698529200000,2023-10-28T21:40:00Z,0.0000005477,0.0000005497,0.0000005476,0.0000005494,6823924773.1,3743.01212765425
1698529500000,2023-10-28T21:45:00Z,0.0000005494,0.0000005494,0.0000005446,0.0000005459,10409466360.6,5699.5614925858
1698529800000,2023-10-28T21:50:00Z,0.0000005459,0.0000005471,0.0000005411,0.0000005421,5328521316.5,2895.93539734408
1698530100000,2023-10-28T21:55:00Z,0.0000005421,0.0000005437,0.0000005402,0.0000005431,9441590798.6,5111.80386029742
1698530400000,2023-10-28T22:00:00Z,0.0000005431,0.0000005434,0.0000005402,0.0000005429,7844098652.8,4250.66494482637
1698530700000,2023-10-28T22:05:00Z,0.0000005429,0.0000005473,0.0000005429,0.0000005444,3406325583,1856.19112702567
1698531000000,2023-10-28T22:10:00Z,0.0000005444,0.0000005484,0.0000005433,0.000000545,5527278896.5,3014.4204439724
1698531300000,2023-10-28T22:15:00Z,0.000000545,0.0000005458,0.0000005346,0.0000005458,8522950836.3,4601.38002497758
1698531600000,2023-10-28T22:20:00Z,0.0000005458,0.0000005458,0.0000005267,0.000000531,15965580537.4,8538.0033744813
1698531900000,2023-10-28T22:25:00Z,0.000000531,0.0000005364,0.0000005289,0.0000005364,6580962881.4,3504.45244496526
1698532200000,2023-10-28T22:30:00Z,0.0000005364,0.0000005367,0.0000005263,0.0000005283,9242564415.1,4919.64070690513
1698532500000,2023-10-28T22:35:00Z,0.0000005283,0.0000005332,0.0000005249,0.0000005249,9523715749.5,5034.12743652439
1698532800000,2023-10-28T22:40:00Z,0.0000005249,0.0000005356,0.0000005245,0.0000005283,9684652517,5127.98154406597
1698533100000,2023-10-28T22:45:00Z,0.0000005283,0.0000005335,0.0000005263,0.0000005269,7090479150.6,3749.32244572922
1698533400000,2023-10-28T22:50:00Z,0.0000005269,0.0000005332,0.0000005253,0.0000005321,5142916194.9,2722.91768658221
1698533700000,2023-10-28T22:55:00Z,0.0000005321,0.000000536,0.0000005311,0.0000005345,5733632126,3059.52222166953
1698534000000,2023-10-28T23:00:00Z,0.0000005345,0.0000005345,0.0000005259,0.0000005324,9063107939.7,4800.52015835948
1698534300000,2023-10-28T23:05:00Z,0.0000005324,0.0000005324,0.0000005288,0.000000531,4023929636.5,2135.73141135397
1698534600000,2023-10-28T23:10:00Z,0.000000531,0.0000005313,0.0000005244,0.0000005246,5579503720.6,2940.7754983225
1698534900000,2023-10-28T23:15:00Z,0.0000005246,0.0000005285,0.0000005244,0.0000005284,2886759851.6,1520.34983378717
1698535200000,2023-10-28T23:20:00Z,0.0000005284,0.0000005288,0.0000005242,0.0000005288,3539647965.9,1863.91233264066
1698535500000,2023-10-28T23:25:00Z,0.0000005288,0.0000005303,0.0000005244,0.0000005245,5488226581.9,2893.44054801573
1698535800000,2023-10-28T23:30:00Z,0.0000005245,0.0000005271,0.0000005229,0.0000005248,6236500170.1,3275.62315159093
1698536100000,2023-10-28T23:35:00Z,0.0000005248,0.0000005248,0.0000005229,0.000000523,3463078493.5,1815.0855713383
1698536400000,2023-10-28T23:40:00Z,0.000000523,0.0000005246,0.0000005225,0.0000005245,2386843021.1,1249.51110381241
1698536700000,2023-10-28T23:45:00Z,0.0000005245,0.0000005247,0.0000005228,0.0000005247,1565837802,819.9701872701
1698537000000,2023-10-28T23:50:00Z,0.0000005247,0.0000005273,0.0000005227,0.0000005244,4902756620.1,2575.37316104143
1698537300000,2023-10-28T23:55:00Z,0.0000005244,0.0000005246,0.0000005231,0.0000005244,2535058264,1326.7593054233
1698537600000,2023-10-29T00:00:00Z,0.0000005244,0.0000005263,0.0000005203,0.0000005216,5194263583.3,2721.03897811961
1698537900000,2023-10-29T00:05:00Z,0.0000005216,0.0000005222,0.0000005098,0.0000005181,23582985032.5,12188.56951718566
1698538200000,2023-10-29T00:10:00Z,0.0000005181,0.0000005181,0.0000005113,0.0000005149,6480832004.1,3333.56174304508
1698538500000,2023-10-29T00:15:00Z,0.0000005149,0.0000005149,0.0000005121,0.0000005145,2389825147.8,1226.62939430993
1698538800000,2023-10-29T00:20:00Z,0.0000005145,0.0000005159,0.0000005124,0.0000005142,4341001273.5,2232.72909742545
1698539100000,2023-10-29T00:25:00Z,0.0000005142,0.0000005159,0.0000005126,0.0000005126,2250193707.4,1156.62026746094
1698539400000,2023-10-29T00:30:00Z,0.0000005126,0.0000005181,0.0000005126,0.0000005153,3032679680.3,1565.74504503278
1698539700000,2023-10-29T00:35:00Z,0.0000005153,0.0000005183,0.0000005152,0.0000005158,1730450295,895.08631233324
1698540000000,2023-10-29T00:40:00Z,0.0000005158,0.0000005196,0.0000005158,0.0000005196,2034602041,1053.7281484422
1698540300000,2023-10-29T00:45:00Z,0.0000005196,0.0000005256,0.0000005173,0.0000005252,4961049440.9,2599.21669145377
1698540600000,2023-10-29T00:50:00Z,0.0000005252,0.00000053,0.0000005242,0.0000005267,8130043218,4278.91474675344
1698540900000,2023-10-29T00:55:00Z,0.0000005267,0.0000005278,0.000000525,0.0000005271,5181206483.5,2728.71122733483
1698541200000,2023-10-29T01:00:00Z,0.0000005271,0.000000536,0.0000005207,0.000000531,8709051994.3,4599.94170822999
1698541500000,2023-10-29T01:05:00Z,0.000000531,0.000000542,0.0000005307,0.000000541,17531297444.7,9410.56934741788
1698541800000,2023-10-29T01:10:00Z,0.000000541,0.0000005473,0.0000005368,0.0000005388,8485825364.6,4618.57132522733
1698542100000,2023-10-29T01:15:00Z,0.0000005388,0.0000005392,0.0000005334,0.0000005334,2658705536.6,1428.24475085208
1698542400000,2023-10-29T01:20:00Z,0.0000005334,0.0000005368,0.0000005326,0.0000005347,4794383770.8,2568.55813607519
1698542700000,2023-10-29T01:25:00Z,0.0000005347,0.0000005378,0.0000005326,0.0000005377,3802769282.9,2036.96601733299
1698543000000,2023-10-29T01:30:00Z,0.0000005377,0.0000005377,0.0000005315,0.0000005337,2150629786.5,1146.8921437687
1698543300000,2023-10-29T01:35:00Z,0.0000005337,0.0000005346,0.0000005315,0.0000005315,1531801245.5,817.79138714592
1698543600000,2023-10-29T01:40:00Z,0.0000005315,0.0000005339,0.0000005305,0.0000005305,3284143148,1746.44167820458
1698543900000,2023-10-29T01:45:00Z,0.0000005305,0.0000005325,0.0000005281,0.0000005303,2887542472.4,1530.78528857748
1698544200000,2023-10-29T01:50:00Z,0.0000005303,0.0000005315,0.0000005303,0.0000005315,1323921352.3,702.75381306555
1698544500000,2023-10-29T01:55:00Z,0.0000005315,0.0000005376,0.000000531,0.0000005332,2079938193.3,1113.0348031181
1698544800000,2023-10-29T02:00:00Z,0.0000005332,0.0000005332,0.0000005307,0.0000005307,1941420803.1,1032.25773360718
1698545100000,2023-10-29T02:05:00Z,0.0000005307,0.0000005332,0.0000005299,0.0000005299,1374357652.7,730.37042470354
1698545400000,2023-10-29T02:10:00Z,0.0000005299,0.0000005301,0.0000005299,0.0000005301,125176891.9,66.33413137199
1698545700000,2023-10-29T02:15:00Z,0.0000005301,0.0000005302,0.0000005288,0.0000005302,213292742,112.9867745
1698546000000,2023-10-29T02:20:00Z,0.0000005302,0.0000005354,0.0000005288,0.0000005326,1082292037,576.23622203482
1698546300000,2023-10-29T02:25:00Z,0.0000005326,0.0000005326,0.0000005305,0.0000005305,89916491.7,47.7435637512
1698546600000,2023-10-29T02:30:00Z,0.0000005305,0.0000005321,0.0000005268,0.0000005307,509053862.4,269.13402561087
1698546900000,2023-10-29T02:35:00Z,0.0000005307,0.0000005308,0.0000005284,0.0000005284,949623159.4,502.21217139176
1698547200000,2023-10-29T02:40:00Z,0.0000005284,0.0000005364,0.0000005277,0.0000005306,2652828990.4,1407.02389968376
1698547500000,2023-10-29T02:45:00Z,0.0000005306,0.0000005376,0.0000005288,0.000000529,2101673263.3,1116.44771598526
1698547800000,2023-10-29T02:50:00Z,0.000000529,0.0000005354,0.000000529,0.0000005326,269750015.8,144.02077445737
1698548100000,2023-10-29T02:55:00Z,0.0000005326,0.0000005326,0.0000005306,0.0000005306,135117925,71.72786292848
1698548400000,2023-10-29T03:00:00Z,0.0000005306,0.0000005314,0.0000005306,0.0000005308,589241173,312.8332825936
1698548700000,2023-10-29T03:05:00Z,0.0000005308,0.0000005308,0.0000005305,0.0000005305,40530071.9,21.50483748184
1698549000000,2023-10-29T03:10:00Z,0.0000005305,0.0000005305,0.0000005284,0.0000005284,92047028.7,48.67641601626
1698549300000,2023-10-29T03:15:00Z,0.0000005284,0.0000005354,0.0000005249,0.000000528,5372813262.8,2846.91356541979
1698549600000,2023-10-29T03:20:00Z,0.000000528,0.0000005347,0.000000528,0.0000005284,1319346597.9,699.86742343678
1698549900000,2023-10-29T03:25:00Z,0.0000005284,0.000000536,0.0000005254,0.0000005289,2585004340.6,1370.53764405106
1698550200000,2023-10-29T03:30:00Z,0.0000005289,0.0000005323,0.0000005289,0.0000005323,399354708.9,211.65400381947
1698550500000,2023-10-29T03:35:00Z,0.0000005323,0.0000005327,0.0000005319,0.0000005324,1231086818.3,655.39419727418
1698550800000,2023-10-29T03:40:00Z,0.0000005324,0.0000005338,0.000000531,0.0000005328,771985327.1,411.40512287066
1698551100000,2023-10-29T03:45:00Z,0.0000005328,0.0000005354,0.0000005275,0.0000005305,4054623111.8,2155.65383802452
1698551400000,2023-10-29T03:50:00Z,0.0000005305,0.000000536,0.0000005266,0.0000005284,3567989946.5,1899.10330051709
1698551700000,2023-10-29T03:55:00Z,0.0000005284,0.0000005347,0.0000005245,0.0000005306,2867459008.4,1520.12618206472
1698552000000,2023-10-29T04:00:00Z,0.0000005306,0.0000005326,0.0000005305,0.0000005321,1070448855.7,569.29745637682
1698552300000,2023-10-29T04:05:00Z,0.0000005321,0.0000005332,0.0000005313,0.0000005313,1529559647.2,812.84545642576
1698552600000,2023-10-29T04:10:00Z,0.0000005313,0.0000005333,0.00000053,0.0000005305,5556902623.3,2951.15769247527
1698552900000,2023-10-29T04:15:00Z,0.0000005305,0.0000005319,0.000000527,0.0000005307,4534016393,2403.06228885667
1698553200000,2023-10-29T04:20:00Z,0.0000005307,0.0000005308,0.0000005291,0.0000005308,538173935,285.4167259957
1698553500000,2023-10-29T04:25:00Z,0.0000005308,0.0000005398,0.0000005295,0.0000005326,7745328933.1,4136.71797283079
1698553800000,2023-10-29T04:30:00Z,0.0000005326,0.000000541,0.0000005305,0.0000005326,4168255639.2,2235.62494997055
1698554100000,2023-10-29T04:35:00Z,0.0000005326,0.0000005424,0.00000053,0.0000005343,10401570416.4,5594.16285342297
1698554400000,2023-10-29T04:40:00Z,0.0000005343,0.0000005389,0.000000534,0.0000005389,476463143.5,255.85326468687
1698554700000,2023-10-29T04:45:00Z,0.0000005389,0.0000005417,0.0000005377,0.0000005377,5032166853.4,2713.85005766768
1698555000000,2023-10-29T04:50:00Z,0.0000005377,0.000000541,0.0000005362,0.0000005388,2475286608.7,1330.44603325554
1698555300000,2023-10-29T04:55:00Z,0.0000005388,0.0000005388,0.0000005356,0.0000005356,722900359.8,388.52868594897
1698555600000,2023-10-29T05:00:00Z,0.0000005356,0.0000005395,0.0000005356,0.0000005369,679908573.1,365.42344979855
1698555900000,2023-10-29T05:05:00Z,0.0000005369,0.0000005447,0.0000005369,0.0000005441,3064316580,1656.4817187093
1698556200000,2023-10-29T05:10:00Z,0.0000005441,0.0000005458,0.0000005424,0.0000005458,2514178625.7,1368.3589490532
1698556500000,2023-10-29T05:15:00Z,0.0000005458,0.0000005458,0.0000005421,0.0000005421,1593471570.5,866.1925405514
1698556800000,2023-10-29T05:20:00Z,0.0000005421,0.0000005458,0.0000005421,0.0000005458,1649439369,898.56609795991
1698557100000,2023-10-29T05:25:00Z,0.0000005458,0.0000005458,0.0000005428,0.0000005457,804877137.2,437.91678980964
1698557400000,2023-10-29T05:30:00Z,0.0000005457,0.0000005457,0.0000005445,0.0000005452,474378891,258.3932411397
1698557700000,2023-10-29T05:35:00Z,0.0000005452,0.0000005453,0.0000005431,0.0000005431,4075198905,2216.88192508476
1698558000000,2023-10-29T05:40:00Z,0.0000005431,0.0000005431,0.0000005398,0.0000005398,908014636.9,492.2137890878
1698558300000,2023-10-29T05:45:00Z,0.0000005398,0.000000542,0.000000535,0.0000005365,8311665821.9,4469.66344940461
1698558600000,2023-10-29T05:50:00Z,0.0000005365,0.000000541,0.0000005365,0.000000541,704856578.4,380.66386326315
1698558900000,2023-10-29T05:55:00Z,0.000000541,0.000000541,0.0000005376,0.0000005398,4388770602.2,2366.17177776511
1698559200000,2023-10-29T06:00:00Z,0.0000005398,0.0000005409,0.0000005363,0.0000005376,2549673015.8,1372.88587623275
1698559500000,2023-10-29T06:05:00Z,0.0000005376,0.0000005421,0.0000005376,0.0000005421,3450394951.1,1865.60508969245
1698559800000,2023-10-29T06:10:00Z,0.0000005421,0.0000005449,0.0000005402,0.0000005449,3268049718.2,1774.66123994292
1698560100000,2023-10-29T06:15:00Z,0.0000005449,0.000000553,0.0000005449,0.0000005526,2093789506,1151.72585021296
1698560400000,2023-10-29T06:20:00Z,0.0000005526,0.0000005549,0.0000005507,0.0000005549,1935415687.8,1069.03499871893
1698560700000,2023-10-29T06:25:00Z,0.0000005549,0.0000005633,0.0000005528,0.0000005601,5769304459.4,3221.96560312978
1698561000000,2023-10-29T06:30:00Z,0.0000005601,0.0000005676,0.0000005601,0.0000005672,7931141120.2,4474.85718682575
1698561300000,2023-10-29T06:35:00Z,0.0000005672,0.0000005684,0.0000005652,0.0000005663,2176694864.2,1233.17018192229
1698561600000,2023-10-29T06:40:00Z,0.0000005663,0.0000005684,0.0000005658,0.000000566,917266648,519.63137913786
1698561900000,2023-10-29T06:45:00Z,0.000000566,0.0000005665,0.0000005619,0.0000005654,3118565283.2,1760.23157203232
1698562200000,2023-10-29T06:50:00Z,0.0000005654,0.0000005654,0.0000005581,0.0000005581,1928910376.5,1080.56392727872
1698562500000,2023-10-29T06:55:00Z,0.0000005581,0.0000005601,0.000000556,0.0000005578,4224122072,2358.17929898084
1698562800000,2023-10-29T07:00:00Z,0.0000005578,0.0000005632,0.0000005578,0.0000005632,2382979086.1,1338.49507188869
1698563100000,2023-10-29T07:05:00Z,0.0000005632,0.0000005632,0.0000005574,0.0000005574,7572146995.1,4242.28453405673
1698563400000,2023-10-29T07:10:00Z,0.0000005574,0.0000005586,0.0000005516,0.0000005539,3772203973.8,2089.92383967185
1698563700000,2023-10-29T07:15:00Z,0.0000005539,0.000000558,0.0000005524,0.0000005531,7730655923.1,4287.31291600129
1698564000000,2023-10-29T07:20:00Z,0.0000005531,0.0000005531,0.0000005501,0.0000005516,1574228275.9,868.78251125398
1698564300000,2023-10-29T07:25:00Z,0.0000005516,0.0000005528,0.0000005465,0.0000005473,12067144295.2,6620.8794750921
1698564600000,2023-10-29T07:30:00Z,0.0000005473,0.0000005525,0.0000005473,0.0000005519,2733745177.1,1503.99436483084
1698564900000,2023-10-29T07:35:00Z,0.0000005519,0.0000005574,0.0000005519,0.0000005564,3577751989.7,1986.71881771747
1698565200000,2023-10-29T07:40:00Z,0.0000005564,0.0000005586,0.000000554,0.0000005586,1626078491.9,906.00094385567
1698565500000,2023-10-29T07:45:00Z,0.0000005586,0.0000005628,0.0000005558,0.0000005628,3716829641.2,2075.23142053822
1698565800000,2023-10-29T07:50:00Z,0.0000005628,0.0000005628,0.0000005561,0.0000005578,1778304838.9,993.25654896476
1698566100000,2023-10-29T07:55:00Z,0.0000005578,0.0000005595,0.0000005569,0.0000005569,2964289317.8,1654.56348872993
1698566400000,2023-10-29T08:00:00Z,0.0000005569,0.0000005596,0.0000005547,0.0000005547,1992666542,1108.25360773478
1698566700000,2023-10-29T08:05:00Z,0.0000005547,0.0000005565,0.0000005494,0.0000005494,5115189674,2827.60755899767
1698567000000,2023-10-29T08:10:00Z,0.0000005494,0.0000005511,0.0000005472,0.0000005501,3766036259.2,2068.58110882279
1698567300000,2023-10-29T08:15:00Z,0.0000005501,0.0000005501,0.0000005394,0.000000545,16552935251.2,9020.04231318811
1698567600000,2023-10-29T08:20:00Z,0.000000545,0.0000005463,0.0000005317,0.0000005397,16529514315.4,8876.49984016888
1698567900000,2023-10-29T08:25:00Z,0.0000005397,0.0000005444,0.0000005396,0.000000541,3917581349.2,2122.05441038518
1698568200000,2023-10-29T08:30:00Z,0.000000541,0.0000005433,0.0000005408,0.0000005433,3042079063.8,1649.59628539437
1698568500000,2023-10-29T08:35:00Z,0.0000005433,0.0000005433,0.0000005397,0.0000005397,3355220678.7,1816.30539686194
1698568800000,2023-10-29T08:40:00Z,0.0000005397,0.00000054,0.0000005322,0.0000005322,4061347967.4,2181.27535339321
1698569100000,2023-10-29T08:45:00Z,0.0000005322,0.0000005349,0.0000005322,0.0000005339,3901152175.3,2084.17482926891
1698569400000,2023-10-29T08:50:00Z,0.0000005339,0.0000005347,0.00000053,0.0000005335,9080857973.1,4831.97995934448
1698569700000,2023-10-29T08:55:00Z,0.0000005335,0.0000005353,0.0000005324,0.0000005334,2927486368.9,1561.7070516308
1698570000000,2023-10-29T09:00:00Z,0.0000005334,0.0000005397,0.0000005334,0.0000005352,5784347313.6,3103.90172767806
1698570300000,2023-10-29T09:05:00Z,0.0000005352,0.0000005389,0.0000005352,0.0000005374,6760572527.7,3634.53520984074
1698570600000,2023-10-29T09:10:00Z,0.0000005374,0.0000005389,0.0000005357,0.000000537,1937583913.9,1041.1030561546
1698570900000,2023-10-29T09:15:00Z,0.000000537,0.0000005411,0.000000537,0.0000005378,3593893333.7,1936.12349776928
1698571200000,2023-10-29T09:20:00Z,0.0000005378,0.0000005398,0.0000005355,0.0000005398,5221458192,2811.40259123929
1698571500000,2023-10-29T09:25:00Z,0.0000005398,0.000000542,0.0000005355,0.000000537,10794516778.6,5811.71655642567
1698571800000,2023-10-29T09:30:00Z,0.000000537,0.0000005399,0.000000537,0.0000005378,3008898102,1620.65631454428
1698572100000,2023-10-29T09:35:00Z,0.0000005378,0.0000005389,0.0000005355,0.0000005355,2147051649.3,1153.1491913051
1698572400000,2023-10-29T09:40:00Z,0.0000005355,0.0000005391,0.0000005316,0.0000005384,7705377105.6,4126.47201354401
1698572700000,2023-10-29T09:45:00Z,0.0000005384,0.0000005405,0.0000005369,0.0000005399,2484191638.7,1339.08391434997
1698573000000,2023-10-29T09:50:00Z,0.0000005399,0.000000541,0.0000005369,0.0000005387,2403825970,1292.26476051214
1698573300000,2023-10-29T09:55:00Z,0.0000005387,0.0000005437,0.0000005381,0.0000005407,3765984418.9,2039.06638495992
1698573600000,2023-10-29T10:00:00Z,0.0000005407,0.0000005426,0.0000005399,0.0000005399,2527706810.2,1366.3336192512
1698573900000,2023-10-29T10:05:00Z,0.0000005399,0.0000005422,0.0000005337,0.0000005337,4103138878.3,2211.15269162211
1698574200000,2023-10-29T10:10:00Z,0.0000005337,0.0000005367,0.0000005296,0.0000005341,21662567673.5,11576.21081922662
1698574500000,2023-10-29T10:15:00Z,0.0000005341,0.0000005352,0.0000005327,0.0000005347,4965421037.4,2650.6094416785
1698574800000,2023-10-29T10:20:00Z,0.0000005347,0.0000005361,0.0000005329,0.0000005354,2701773185.5,1445.07789084462
1698575100000,2023-10-29T10:25:00Z,0.0000005354,0.0000005354,0.0000005328,0.0000005345,2700787737.3,1443.27702269243
1698575400000,2023-10-29T10:30:00Z,0.0000005345,0.0000005376,0.0000005325,0.0000005376,5353203308.7,2863.22435923413
1698575700000,2023-10-29T10:35:00Z,0.0000005376,0.0000005376,0.0000005251,0.000000528,17337690161.3,9177.88642154655
1698576000000,2023-10-29T10:40:00Z,0.000000528,0.0000005288,0.0000005252,0.0000005252,7920335377.4,4174.7557489514
1698576300000,2023-10-29T10:45:00Z,0.0000005252,0.0000005308,0.000000525,0.0000005296,9646572674.1,5087.1221544423
1698576600000,2023-10-29T10:50:00Z,0.0000005296,0.00000053,0.0000005266,0.0000005299,5847654163.3,3092.86989194771
1698576900000,2023-10-29T10:55:00Z,0.0000005299,0.0000005302,0.0000005255,0.0000005302,4542579681.6,2397.9298940776
1698577200000,2023-10-29T11:00:00Z,0.0000005302,0.000000531,0.0000005273,0.0000005289,5923882905.1,3136.69927726376
1698577500000,2023-10-29T11:05:00Z,0.0000005289,0.0000005291,0.0000005251,0.0000005253,6709230133.9,3532.25600279804
1698577800000,2023-10-29T11:10:00Z,0.0000005253,0.0000005272,0.0000005231,0.0000005242,9512800942.3,4996.46029836456
1698578100000,2023-10-29T11:15:00Z,0.0000005242,0.0000005261,0.0000005229,0.0000005235,5130599438.1,2694.80199489757
1698578400000,2023-10-29T11:20:00Z,0.0000005235,0.0000005264,0.0000005234,0.0000005247,5089693659.6,2673.57293113556
1698578700000,2023-10-29T11:25:00Z,0.0000005247,0.0000005285,0.0000005237,0.0000005262,5754868790.7,3025.27951850151
1698579000000,2023-10-29T11:30:00Z,0.0000005262,0.0000005283,0.0000005237,0.0000005277,5722643200.6,3011.37958213489
1698579300000,2023-10-29T11:35:00Z,0.0000005277,0.0000005314,0.0000005264,0.0000005306,9155898857.9,4846.27238897676
1698579600000,2023-10-29T11:40:00Z,0.0000005306,0.0000005338,0.0000005291,0.0000005338,5070035781.1,2693.63974319183
1698579900000,2023-10-29T11:45:00Z,0.0000005338,0.0000005338,0.0000005307,0.0000005331,4683660892.4,2490.03724339894
1698580200000,2023-10-29T11:50:00Z,0.0000005331,0.0000005358,0.0000005288,0.0000005333,8565489632.3,4561.83588403863
1698580500000,2023-10-29T11:55:00Z,0.0000005333,0.0000005333,0.0000005267,0.0000005273,5739927989,3045.74675387759
1698580800000,2023-10-29T12:00:00Z,0.0000005273,0.0000005281,0.0000005245,0.0000005251,6339446116.1,3337.96938712173
1698581100000,2023-10-29T12:05:00Z,0.0000005251,0.0000005273,0.0000005247,0.0000005249,4304831753.3,2262.75777971619
1698581400000,2023-10-29T12:10:00Z,0.0000005249,0.0000005312,0.0000005249,0.000000526,7560925391.5,3995.50151204563
1698581700000,2023-10-29T12:15:00Z,0.000000526,0.0000005276,0.0000005249,0.0000005276,2892103188,1521.92259867619
1698582000000,2023-10-29T12:20:00Z,0.0000005276,0.0000005297,0.0000005264,0.0000005273,4407632859,2325.43793415419
1698582300000,2023-10-29T12:25:00Z,0.0000005273,0.0000005309,0.0000005253,0.0000005281,5205442581.7,2753.63784888118
1698582600000,2023-10-29T12:30:00Z,0.0000005281,0.0000005291,0.0000005249,0.000000528,2899137213.5,1528.15365038223
1698582900000,2023-10-29T12:35:00Z,0.000000528,0.0000005309,0.0000005262,0.0000005266,3974251517.7,2100.84033135646
1698583200000,2023-10-29T12:40:00Z,0.0000005266,0.0000005344,0.0000005266,0.0000005314,5284368080.5,2805.1252926859
1698583500000,2023-10-29T12:45:00Z,0.0000005314,0.0000005314,0.0000005275,0.0000005292,4519468686.3,2391.50528961515
1698583800000,2023-10-29T12:50:00Z,0.0000005292,0.0000005292,0.0000005255,0.0000005255,4211412009.5,2219.92545418685
1698584100000,2023-10-29T12:55:00Z,0.0000005255,0.0000005325,0.0000005255,0.0000005325,5975875942.6,3163.21092356533
1698584400000,2023-10-29T13:00:00Z,0.0000005325,0.0000005332,0.0000005295,0.0000005298,7544403639.8,4008.42351838386
1698584700000,2023-10-29T13:05:00Z,0.0000005298,0.0000005332,0.0000005269,0.0000005269,4382523440.3,2325.63751717981
1698585000000,2023-10-29T13:10:00Z,0.0000005269,0.0000005302,0.000000525,0.0000005281,6945688671.6,3666.45642131832
1698585300000,2023-10-29T13:15:00Z,0.0000005281,0.0000005303,0.0000005249,0.0000005303,6002009948.9,3166.19245938335
1698585600000,2023-10-29T13:20:00Z,0.0000005303,0.0000005303,0.0000005267,0.0000005284,5670933326.5,2992.01048633865
1698585900000,2023-10-29T13:25:00Z,0.0000005284,0.0000005288,0.0000005247,0.0000005284,9376131947.7,4945.36861521222
1698586200000,2023-10-29T13:30:00Z,0.0000005284,0.0000005314,0.0000005246,0.0000005246,4370590873.7,2311.42778534981
1698586500000,2023-10-29T13:35:00Z,0.0000005246,0.0000005284,0.0000005246,0.0000005255,2445130267.3,1287.02328021292
1698586800000,2023-10-29T13:40:00Z,0.0000005255,0.0000005276,0.0000005227,0.000000523,7405016122.3,3885.05802327266
1698587100000,2023-10-29T13:45:00Z,0.000000523,0.0000005246,0.0000005208,0.0000005222,3458651470.4,1807.60275790868
1698587400000,2023-10-29T13:50:00Z,0.0000005222,0.000000527,0.0000005202,0.0000005228,4586930860,2402.12814178519
1698587700000,2023-10-29T13:55:00Z,0.0000005228,0.0000005232,0.0000005204,0.0000005231,4235103596.8,2211.45752881142
1698588000000,2023-10-29T14:00:00Z,0.0000005231,0.0000005231,0.0000005153,0.0000005158,9481609819,4914.07061155574
1698588300000,2023-10-29T14:05:00Z,0.0000005158,0.0000005187,0.0000005158,0.0000005171,2206425918.2,1142.052642058
1698588600000,2023-10-29T14:10:00Z,0.0000005171,0.0000005188,0.0000005171,0.0000005178,2325037624.6,1204.32613387273
1698588900000,2023-10-29T14:15:00Z,0.0000005178,0.0000005206,0.000000515,0.0000005189,3475811458.5,1800.78572742292
1698589200000,2023-10-29T14:20:00Z,0.0000005189,0.0000005256,0.0000005159,0.0000005256,16321517717,8510.71297903105
1698589500000,2023-10-29T14:25:00Z,0.0000005256,0.0000005256,0.0000005223,0.0000005251,2764530144,1447.3979928757
1698589800000,2023-10-29T14:30:00Z,0.0000005251,0.0000005251,0.0000005231,0.0000005243,2178761250.3,1142.41744824864
1698590100000,2023-10-29T14:35:00Z,0.0000005243,0.0000005259,0.0000005201,0.0000005211,10029052588.2,5232.62936602584
1698590400000,2023-10-29T14:40:00Z,0.0000005211,0.0000005233,0.0000005192,0.0000005221,4474511687.8,2333.43795104211
1698590700000,2023-10-29T14:45:00Z,0.0000005221,0.0000005238,0.0000005212,0.0000005212,2379794364.5,1245.46502972328
1698591000000,2023-10-29T14:50:00Z,0.0000005212,0.0000005252,0.0000005212,0.0000005221,2801453402,1469.2309332366
1698591300000,2023-10-29T14:55:00Z,0.0000005221,0.0000005242,0.0000005212,0.0000005242,708273022.4,370.27305277943
1698591600000,2023-10-29T15:00:00Z,0.0000005242,0.0000005274,0.0000005235,0.0000005271,3208514025,1686.42518767363
1698591900000,2023-10-29T15:05:00Z,0.0000005271,0.0000005293,0.0000005256,0.0000005291,3398754375.5,1791.87074204009
1698592200000,2023-10-29T15:10:00Z,0.0000005291,0.0000005331,0.0000005273,0.0000005331,2558703527.5,1359.02838309298
1698592500000,2023-10-29T15:15:00Z,0.0000005331,0.0000005347,0.0000005304,0.0000005332,4736475059.4,2524.53473320586
1698592800000,2023-10-29T15:20:00Z,0.0000005332,0.0000005349,0.0000005311,0.0000005349,2524592457.3,1344.56965343259
1698593100000,2023-10-29T15:25:00Z,0.0000005349,0.0000005371,0.0000005344,0.0000005362,1757166175,941.69648159137
1698593400000,2023-10-29T15:30:00Z,0.0000005362,0.0000005388,0.0000005344,0.0000005354,3230975154.6,1732.25783149624
1698593700000,2023-10-29T15:35:00Z,0.0000005354,0.0000005371,0.0000005298,0.0000005298,9798294596.9,5213.68575573155
1698594000000,2023-10-29T15:40:00Z,0.0000005298,0.0000005352,0.0000005298,0.0000005351,2234080134.4,1192.08458956422
1698594300000,2023-10-29T15:45:00Z,0.0000005351,0.0000005373,0.0000005328,0.0000005348,1842058234.8,986.85018741315
1698594600000,2023-10-29T15:50:00Z,0.0000005348,0.0000005385,0.0000005348,0.0000005384,5725346331,3078.80018126313
1698594900000,2023-10-29T15:55:00Z,0.0000005384,0.0000005437,0.0000005359,0.0000005426,3510228146.7,1895.51607339209
1698595200000,2023-10-29T16:00:00Z,0.0000005426,0.0000005446,0.0000005421,0.0000005445,4160657688.2,2260.58531837053
1698595500000,2023-10-29T16:05:00Z,0.0000005445,0.0000005445,0.0000005421,0.0000005421,4151042602.5,2255.43164257519
1698595800000,2023-10-29T16:10:00Z,0.0000005421,0.0000005445,0.0000005421,0.0000005421,1666036001.1,906.18198316587
1698596100000,2023-10-29T16:15:00Z,0.0000005421,0.0000005446,0.0000005421,0.0000005445,1317078853.8,715.57305973786
1698596400000,2023-10-29T16:20:00Z,0.0000005445,0.0000005445,0.0000005397,0.0000005397,4285752653.1,2320.12839761848
1698596700000,2023-10-29T16:25:00Z,0.0000005397,0.0000005414,0.0000005377,0.0000005384,1034146329.2,557.70929438823
1698597000000,2023-10-29T16:30:00Z,0.0000005384,0.0000005407,0.0000005381,0.0000005381,2750415282.5,1485.13901384671
1698597300000,2023-10-29T16:35:00Z,0.0000005381,0.000000541,0.0000005381,0.0000005409,1200022198.7,648.20059972658
1698597600000,2023-10-29T16:40:00Z,0.0000005409,0.0000005419,0.0000005389,0.0000005394,2591557514.3,1400.82335211187
1698597900000,2023-10-29T16:45:00Z,0.0000005394,0.0000005417,0.0000005394,0.0000005417,1465293794,793.0196392035
1698598200000,2023-10-29T16:50:00Z,0.0000005417,0.0000005417,0.00000054,0.0000005401,993835016.1,536.7567116699
1698598500000,2023-10-29T16:55:00Z,0.0000005401,0.0000005417,0.0000005396,0.0000005402,1772872632,958.8469913324
1698598800000,2023-10-29T17:00:00Z,0.0000005402,0.0000005415,0.0000005363,0.0000005388,12938030838,6967.96132540961
1698599100000,2023-10-29T17:05:00Z,0.0000005388,0.0000005397,0.0000005348,0.0000005362,4348735068.7,2337.52165164328
1698599400000,2023-10-29T17:10:00Z,0.0000005362,0.0000005374,0.0000005323,0.0000005346,4204925723,2252.90187309738
1698599700000,2023-10-29T17:15:00Z,0.0000005346,0.0000005384,0.0000005346,0.000000536,4157110789.8,2229.83180155399
1698600000000,2023-10-29T17:20:00Z,0.000000536,0.0000005367,0.0000005347,0.0000005351,6029668866.8,3227.71043762805
1698600300000,2023-10-29T17:25:00Z,0.0000005351,0.0000005367,0.000000535,0.0000005362,3255321252.6,1744.15488324712
1698600600000,2023-10-29T17:30:00Z,0.0000005362,0.0000005367,0.0000005342,0.0000005366,3589031975,1922.4590424865
1698600900000,2023-10-29T17:35:00Z,0.0000005366,0.0000005385,0.0000005339,0.0000005384,3832301119.7,2057.48049167057
1698601200000,2023-10-29T17:40:00Z,0.0000005384,0.0000005386,0.0000005357,0.0000005379,2056497668,1105.2757101781
1698601500000,2023-10-29T17:45:00Z,0.0000005379,0.0000005417,0.000000537,0.0000005396,7504397222.9,4047.36814008901
1698601800000,2023-10-29T17:50:00Z,0.0000005396,0.0000005457,0.0000005394,0.000000544,7433124791.8,4036.59358557424
1698602100000,2023-10-29T17:55:00Z,0.000000544,0.0000005464,0.0000005427,0.0000005463,3058130963,1667.92185391956
1698602400000,2023-10-29T18:00:00Z,0.0000005463,0.0000005464,0.0000005438,0.0000005452,4305475304.9,2348.55682443402
1698602700000,2023-10-29T18:05:00Z,0.0000005452,0.0000005628,0.0000005452,0.000000562,9129357809.4,5048.93913434331
1698603000000,2023-10-29T18:10:00Z,0.000000562,0.0000005629,0.0000005553,0.0000005571,8942272037,5002.63539933676
1698603300000,2023-10-29T18:15:00Z,0.0000005571,0.0000005592,0.0000005552,0.0000005581,7380750396.6,4112.09928646599
1698603600000,2023-10-29T18:20:00Z,0.0000005581,0.0000005603,0.000000556,0.0000005599,6603687349.2,3685.17668935778
1698603900000,2023-10-29T18:25:00Z,0.0000005599,0.0000005602,0.0000005582,0.0000005599,8848324988.2,4942.53178216495
1698604200000,2023-10-29T18:30:00Z,0.0000005599,0.000000564,0.0000005594,0.0000005612,6151795330.3,3455.92954166831
1698604500000,2023-10-29T18:35:00Z,0.0000005612,0.0000005644,0.0000005607,0.0000005619,6978157719.5,3929.06069243197
1698604800000,2023-10-29T18:40:00Z,0.0000005619,0.0000005633,0.00000056,0.0000005618,4205019333.4,2362.09333144952
1698605100000,2023-10-29T18:45:00Z,0.0000005618,0.0000005645,0.00000056,0.0000005633,3359788032.4,1888.41125039554
1698605400000,2023-10-29T18:50:00Z,0.0000005633,0.0000005677,0.0000005618,0.0000005619,4178077675.8,2357.55827795097
1698605700000,2023-10-29T18:55:00Z,0.0000005619,0.0000005672,0.0000005596,0.0000005642,4373627713.4,2463.05401273306
1698606000000,2023-10-29T19:00:00Z,0.0000005642,0.0000005673,0.0000005642,0.0000005647,3666450774.4,2073.45880414774
1698606300000,2023-10-29T19:05:00Z,0.0000005647,0.0000005681,0.0000005645,0.0000005681,3923132191.6,2220.96904524016
1698606600000,2023-10-29T19:10:00Z,0.0000005681,0.00000057,0.000000566,0.000000567,9646730934.7,5477.03957506616
1698606900000,2023-10-29T19:15:00Z,0.000000567,0.000000567,0.0000005574,0.0000005593,15327891492,8602.36032951403
1698607200000,2023-10-29T19:20:00Z,0.0000005593,0.0000005603,0.0000005564,0.0000005587,6412131480.4,3581.10364924545
1698607500000,2023-10-29T19:25:00Z,0.0000005587,0.0000005589,0.0000005571,0.0000005585,3469938631,1935.3778869571
1698607800000,2023-10-29T19:30:00Z,0.0000005585,0.0000005602,0.0000005578,0.0000005591,7147624008.6,3995.33423184319
1698608100000,2023-10-29T19:35:00Z,0.0000005591,0.0000005603,0.0000005575,0.0000005576,7281963664.3,4073.02023602515
1698608400000,2023-10-29T19:40:00Z,0.0000005576,0.0000005594,0.000000556,0.0000005582,3273216242.7,1826.40541677924
1698608700000,2023-10-29T19:45:00Z,0.0000005582,0.0000005592,0.0000005562,0.0000005562,5445669858.4,3035.67538929132
1698609000000,2023-10-29T19:50:00Z,0.0000005562,0.0000005587,0.0000005551,0.0000005564,5133753486.3,2859.85927211929
1698609300000,2023-10-29T19:55:00Z,0.0000005564,0.0000005661,0.000000556,0.0000005661,12912448049.2,7202.22341817268
1698609600000,2023-10-29T20:00:00Z,0.0000005661,0.0000005749,0.0000005653,0.0000005732,7100673379.6,4053.74944543234
1698609900000,2023-10-29T20:05:00Z,0.0000005732,0.000000575,0.0000005723,0.0000005749,3600210050.2,2067.05353878146
1698610200000,2023-10-29T20:10:00Z,0.0000005749,0.0000005812,0.0000005726,0.0000005787,13153354966.7,7591.88013021568
1698610500000,2023-10-29T20:15:00Z,0.0000005787,0.0000005787,0.0000005722,0.0000005749,11056526864.4,6359.92134755796
1698610800000,2023-10-29T20:20:00Z,0.0000005749,0.0000005749,0.0000005659,0.0000005698,12556796130.9,7170.58444582678
1698611100000,2023-10-29T20:25:00Z,0.0000005698,0.0000005746,0.0000005695,0.0000005724,6843125336,3912.31177182032
1698611400000,2023-10-29T20:30:00Z,0.0000005724,0.0000005745,0.0000005672,0.0000005703,3690392207.6,2111.37958418085
1698611700000,2023-10-29T20:35:00Z,0.0000005703,0.0000005724,0.0000005646,0.0000005658,6909151133.8,3932.03613160259
1698612000000,2023-10-29T20:40:00Z,0.0000005658,0.0000005688,0.0000005649,0.0000005663,4573043756,2592.40136381214
1698612300000,2023-10-29T20:45:00Z,0.0000005663,0.0000005707,0.0000005663,0.0000005682,5844711017.6,3321.67234789184
1698612600000,2023-10-29T20:50:00Z,0.0000005682,0.0000005756,0.000000566,0.0000005729,9981102860.2,5702.66108253585
1698612900000,2023-10-29T20:55:00Z,0.0000005729,0.0000005845,0.0000005704,0.0000005829,9900765836.7,5720.65470106876
1698613200000,2023-10-29T21:00:00Z,0.0000005829,0.0000005898,0.0000005817,0.0000005898,21535386815.3,12629.86515277029
1698613500000,2023-10-29T21:05:00Z,0.0000005898,0.0000006003,0.0000005898,0.0000005946,5333050970.6,3175.42390444558
1698613800000,2023-10-29T21:10:00Z,0.0000005946,0.0000005966,0.0000005874,0.0000005903,5074359138.4,3004.31155350416
1698614100000,2023-10-29T21:15:00Z,0.0000005903,0.0000005956,0.0000005894,0.0000005942,9224802451.1,5462.02870264598
1698614400000,2023-10-29T21:20:00Z,0.0000005942,0.0000005968,0.0000005937,0.0000005968,4618630518.2,2748.69540614502
1698614700000,2023-10-29T21:25:00Z,0.0000005968,0.0000005968,0.0000005935,0.0000005952,2350416080,1396.34626971436
1698615000000,2023-10-29T21:30:00Z,0.0000005952,0.000000598,0.0000005924,0.0000005974,7511600940.9,4472.92496842201
1698615300000,2023-10-29T21:35:00Z,0.0000005974,0.0000005974,0.000000593,0.0000005932,4610990447.9,2740.80944932211
1698615600000,2023-10-29T21:40:00Z,0.0000005932,0.0000005967,0.000000593,0.0000005967,8289783829,4924.62639577542
1698615900000,2023-10-29T21:45:00Z,0.0000005967,0.0000006012,0.0000005882,0.0000005882,77109013200.3,45857.07314595121
1698616200000,2023-10-29T21:50:00Z,0.0000005882,0.0000005914,0.0000005817,0.0000005875,49170525110.6,28846.27912505884
1698616500000,2023-10-29T21:55:00Z,0.0000005875,0.0000005908,0.0000005779,0.0000005848,30598126673.1,17905.20844150596
1698616800000,2023-10-29T22:00:00Z,0.0000005848,0.000000586,0.0000005752,0.0000005782,7414016514.9,4316.87338740076
1698617100000,2023-10-29T22:05:00Z,0.0000005782,0.0000005882,0.0000005736,0.0000005859,73578944531.5,42863.79767933371
1698617400000,2023-10-29T22:10:00Z,0.0000005859,0.0000005868,0.0000005782,0.0000005819,89405211912,52130.80940694051
1698617700000,2023-10-29T22:15:00Z,0.0000005819,0.0000005864,0.000000578,0.0000005857,67803806213,39558.47407306108
1698618000000,2023-10-29T22:20:00Z,0.0000005857,0.0000005882,0.0000005771,0.000000582,65325387670.6,38111.26158284581
1698618300000,2023-10-29T22:25:00Z,0.000000582,0.0000005834,0.0000005736,0.0000005782,13781427310.7,7988.50990673546
1698618600000,2023-10-29T22:30:00Z,0.0000005782,0.0000005806,0.000000575,0.0000005785,6488799894.4,3744.89221068221
1698618900000,2023-10-29T22:35:00Z,0.0000005785,0.0000005818,0.0000005749,0.0000005806,12696365557,7348.13516434437
1698619200000,2023-10-29T22:40:00Z,0.0000005806,0.0000005816,0.0000005772,0.0000005772,6422940857.5,3721.44571413588
1698619500000,2023-10-29T22:45:00Z,0.0000005772,0.0000005821,0.0000005772,0.0000005796,4475782029.6,2597.99703752987
1698619800000,2023-10-29T22:50:00Z,0.0000005796,0.000000582,0.0000005667,0.0000005728,25229898543.4,14530.94447207437
1698620100000,2023-10-29T22:55:00Z,0.0000005728,0.0000005784,0.0000005726,0.000000577,22937623368.5,13217.85396565606
1698620400000,2023-10-29T23:00:00Z,0.000000577,0.0000005785,0.0000005729,0.0000005762,25250889655.3,14545.49991599407
1698620700000,2023-10-29T23:05:00Z,0.0000005762,0.0000005791,0.0000005659,0.0000005691,24969433529.2,14289.22598980937
1698621000000,2023-10-29T23:10:00Z,0.0000005691,0.0000005702,0.0000005615,0.0000005638,22831460338.1,12901.54292348949
1698621300000,2023-10-29T23:15:00Z,0.0000005638,0.0000005655,0.00000056,0.0000005654,9874753446.4,5562.99423172539
1698621600000,2023-10-29T23:20:00Z,0.0000005654,0.0000005654,0.0000005629,0.0000005652,1676116919.5,944.24655194108
1698621900000,2023-10-29T23:25:00Z,0.0000005652,0.0000005663,0.0000005629,0.0000005656,2557154249.4,1444.47569163479
1698622200000,2023-10-29T23:30:00Z,0.0000005656,0.00000057,0.0000005628,0.0000005684,17647518144,9994.3066534339
1698622500000,2023-10-29T23:35:00Z,0.0000005684,0.0000005684,0.0000005595,0.0000005599,45225702791.6,25549.05988116465
1698622800000,2023-10-29T23:40:00Z,0.0000005599,0.0000005625,0.0000005536,0.0000005595,21987401852.2,12291.16903061691
1698623100000,2023-10-29T23:45:00Z,0.0000005595,0.0000005622,0.0000005544,0.0000005574,31549852211.8,17620.64308447219
1698623400000,2023-10-29T23:50:00Z,0.0000005574,0.0000005616,0.0000005574,0.0000005587,2079639709.3,1163.24895447567
1698623700000,2023-10-29T23:55:00Z,0.0000005587,0.0000005611,0.0000005578,0.000000561,3473084520.4,1945.70416842904
1698624000000,2023-10-30T00:00:00Z,0.000000561,0.000000561,0.0000005582,0.0000005592,1861658562.5,1042.06351323482
1698624300000,2023-10-30T00:05:00Z,0.0000005592,0.000000561,0.0000005574,0.0000005592,5383803245.4,3010.84964329092
1698624600000,2023-10-30T00:10:00Z,0.0000005592,0.0000005596,0.0000005537,0.0000005537,3599291502.1,2003.70236210092
1698624900000,2023-10-30T00:15:00Z,0.0000005537,0.0000005542,0.0000005524,0.0000005537,2952400110.9,1633.70036004341
1698625200000,2023-10-30T00:20:00Z,0.0000005537,0.0000005578,0.0000005534,0.0000005558,3067577647.7,1704.80882409597
1698625500000,2023-10-30T00:25:00Z,0.0000005558,0.0000005593,0.0000005547,0.0000005564,2926369011.1,1630.23841216638
1698625800000,2023-10-30T00:30:00Z,0.0000005564,0.0000005584,0.0000005557,0.0000005577,4822876448.6,2686.5307108782
1698626100000,2023-10-30T00:35:00Z,0.0000005577,0.0000005578,0.0000005558,0.0000005567,737268864.7,410.31843254658
1698626400000,2023-10-30T00:40:00Z,0.0000005567,0.0000005587,0.0000005552,0.0000005584,3654812580,2035.31673233482
1698626700000,2023-10-30T00:45:00Z,0.0000005584,0.0000005593,0.0000005558,0.0000005561,3255396345.2,1816.62614692462
1698627000000,2023-10-30T00:50:00Z,0.0000005561,0.000000559,0.0000005558,0.0000005578,1697726264.1,945.40471468337
1698627300000,2023-10-30T00:55:00Z,0.0000005578,0.0000005578,0.00000055,0.0000005516,11849756391.5,6554.71390821567
1698627600000,2023-10-30T01:00:00Z,0.0000005516,0.0000005565,0.0000005516,0.0000005565,5034338851.9,2793.00550149423
1698627900000,2023-10-30T01:05:00Z,0.0000005565,0.0000005581,0.0000005558,0.0000005575,3367687094.3,1875.01059834369
1698628200000,2023-10-30T01:10:00Z,0.0000005575,0.0000005581,0.0000005553,0.0000005553,697780220.7,388.33647451106
1698628500000,2023-10-30T01:15:00Z,0.0000005553,0.0000005593,0.0000005553,0.0000005593,7177801531.2,4008.98835007566
1698628800000,2023-10-30T01:20:00Z,0.0000005593,0.0000005595,0.0000005566,0.0000005566,5191971498.7,2899.07014430523
1698629100000,2023-10-30T01:25:00Z,0.0000005566,0.0000005618,0.0000005566,0.0000005608,5916871038.6,3317.67475889444
1698629400000,2023-10-30T01:30:00Z,0.0000005608,0.0000005622,0.0000005595,0.0000005604,1815636072.1,1017.01139877242
1698629700000,2023-10-30T01:35:00Z,0.0000005604,0.0000005662,0.0000005604,0.000000564,2731590300.4,1542.31896325817
1698630000000,2023-10-30T01:40:00Z,0.000000564,0.000000566,0.0000005618,0.0000005634,6214957144.7,3509.15841236987
1698630300000,2023-10-30T01:45:00Z,0.0000005634,0.000000566,0.0000005621,0.0000005632,1386195437.2,783.10215191539
1698630600000,2023-10-30T01:50:00Z,0.0000005632,0.0000005632,0.0000005593,0.0000005607,4521886929.3,2535.83343856999
1698630900000,2023-10-30T01:55:00Z,0.0000005607,0.0000005617,0.0000005596,0.0000005608,4540699531.6,2546.72604052812
1698631200000,2023-10-30T02:00:00Z,0.0000005608,0.0000005608,0.000000553,0.0000005575,7092286860.8,3948.27528452921
1698631500000,2023-10-30T02:05:00Z,0.0000005575,0.0000005599,0.000000557,0.0000005599,2414682128.1,1347.33800528625
1698631800000,2023-10-30T02:10:00Z,0.0000005599,0.0000005673,0.0000005593,0.0000005662,8641074799.5,4878.67616908824
1698632100000,2023-10-30T02:15:00Z,0.0000005662,0.0000005772,0.0000005635,0.000000565,3297690366.2,1876.72744583082
1698632400000,2023-10-30T02:20:00Z,0.000000565,0.0000005799,0.000000565,0.000000573,8821126410.6,5056.10323878486
1698632700000,2023-10-30T02:25:00Z,0.000000573,0.0000005788,0.0000005655,0.0000005725,11533177813.5,6600.86901425615
1698633000000,2023-10-30T02:30:00Z,0.0000005725,0.0000005731,0.0000005684,0.0000005695,1989817644.6,1137.70899297758
1698633300000,2023-10-30T02:35:00Z,0.0000005695,0.0000005726,0.0000005695,0.0000005718,1574618309,900.06878974817
1698633600000,2023-10-30T02:40:00Z,0.0000005718,0.0000005718,0.0000005674,0.0000005694,5284574494.3,3008.78109237856
1698633900000,2023-10-30T02:45:00Z,0.0000005694,0.0000005728,0.0000005694,0.0000005728,3476294181,1982.07496612779
1698634200000,2023-10-30T02:50:00Z,0.0000005728,0.000000575,0.0000005728,0.000000575,398144078.8,228.77997353224
1698634500000,2023-10-30T02:55:00Z,0.000000575,0.000000575,0.0000005725,0.0000005725,1192374441.8,683.01268050076
1698634800000,2023-10-30T03:00:00Z,0.0000005725,0.0000005725,0.0000005691,0.0000005706,1437614750.1,819.63092546016
1698635100000,2023-10-30T03:05:00Z,0.0000005706,0.0000005739,0.0000005706,0.0000005716,2661989412.7,1525.48591755654
1698635400000,2023-10-30T03:10:00Z,0.0000005716,0.0000005749,0.0000005708,0.000000571,1774921470.1,1015.34672907658
1698635700000,2023-10-30T03:15:00Z,0.000000571,0.0000005747,0.0000005704,0.0000005718,3958232029.9,2267.58975482566
1698636000000,2023-10-30T03:20:00Z,0.0000005718,0.0000005759,0.0000005718,0.0000005759,1523969754.9,876.24129731081
1698636300000,2023-10-30T03:25:00Z,0.0000005759,0.0000005787,0.0000005758,0.0000005777,2915092843.5,1682.52920730255
1698636600000,2023-10-30T03:30:00Z,0.0000005777,0.00000058,0.000000575,0.00000058,5248034709.8,3040.47699280287
1698636900000,2023-10-30T03:35:00Z,0.00000058,0.0000005805,0.0000005789,0.0000005798,1715310826,994.24127220715
1698637200000,2023-10-30T03:40:00Z,0.0000005798,0.0000005819,0.0000005797,0.0000005801,1576508380.4,915.05311880126
1698637500000,2023-10-30T03:45:00Z,0.0000005801,0.0000005804,0.0000005795,0.0000005795,3445957189,1998.85964582564
1698637800000,2023-10-30T03:50:00Z,0.0000005795,0.0000005826,0.0000005795,0.0000005809,4285779096.9,2494.28417458844
1698638100000,2023-10-30T03:55:00Z,0.0000005809,0.0000005859,0.0000005809,0.0000005858,2035398811.8,1189.07701869004
1698638400000,2023-10-30T04:00:00Z,0.0000005858,0.0000005858,0.0000005803,0.0000005836,4533590003.2,2640.86974440682
1698638700000,2023-10-30T04:05:00Z,0.0000005836,0.0000005848,0.0000005805,0.0000005838,3754606548.1,2186.92514704748
1698639000000,2023-10-30T04:10:00Z,0.0000005838,0.0000005861,0.0000005838,0.0000005852,1589913012.2,930.35385759942
1698639300000,2023-10-30T04:15:00Z,0.0000005852,0.0000005899,0.0000005797,0.0000005873,6564526305.4,3840.01383345505
1698639600000,2023-10-30T04:20:00Z,0.0000005873,0.0000005904,0.0000005862,0.0000005862,3765632080.6,2219.11458009689
1698639900000,2023-10-30T04:25:00Z,0.0000005862,0.0000005961,0.0000005818,0.0000005881,20075000549,11804.8916060485
1698640200000,2023-10-30T04:30:00Z,0.0000005881,0.000000594,0.0000005867,0.0000005935,19449754373.8,11472.90091172242
1698640500000,2023-10-30T04:35:00Z,0.0000005935,0.0000005958,0.0000005893,0.0000005942,14623527760,8665.93236410925
1698640800000,2023-10-30T04:40:00Z,0.0000005942,0.0000005942,0.0000005914,0.0000005917,2199196574.5,1302.59101803126
1698641100000,2023-10-30T04:45:00Z,0.0000005917,0.0000005926,0.0000005893,0.00000059,3822188614.8,2258.44188878118
1698641400000,2023-10-30T04:50:00Z,0.00000059,0.000000593,0.000000588,0.0000005893,12218610616.1,7218.71348288817
1698641700000,2023-10-30T04:55:00Z,0.0000005893,0.0000005925,0.0000005886,0.0000005925,12084162588.1,7136.60897080361
1698642000000,2023-10-30T05:00:00Z,0.0000005925,0.0000006,0.0000005919,0.0000005997,6012869052.1,3579.62775988322
1698642300000,2023-10-30T05:05:00Z,0.0000005997,0.0000006036,0.000000597,0.0000006019,5391806329.7,3243.38475433349
1698642600000,2023-10-30T05:10:00Z,0.0000006019,0.0000006187,0.0000006019,0.0000006166,5075554603.7,3096.81501063962
1698642900000,2023-10-30T05:15:00Z,0.0000006166,0.0000006195,0.0000006003,0.0000006036,9222442609.9,5623.27030093142
1698643200000,2023-10-30T05:20:00Z,0.0000006036,0.0000006042,0.000000596,0.0000005974,9417883703.7,5649.0181960711
1698643500000,2023-10-30T05:25:00Z,0.0000005974,0.0000006047,0.0000005956,0.0000006023,3780950899.9,2269.99080108555
1698643800000,2023-10-30T05:30:00Z,0.0000006023,0.000000615,0.0000006023,0.0000006142,7704437091.4,4707.83404529735
1698644100000,2023-10-30T05:35:00Z,0.0000006142,0.0000006163,0.0000006124,0.000000614,4289299915.7,2636.19567587584
1698644400000,2023-10-30T05:40:00Z,0.000000614,0.0000006295,0.000000614,0.0000006295,12056417308,7485.08886090199
1698644700000,2023-10-30T05:45:00Z,0.0000006295,0.0000006362,0.0000006271,0.0000006327,6972756948.7,4417.32193514545
1698645000000,2023-10-30T05:50:00Z,0.0000006327,0.0000006462,0.0000006313,0.0000006384,9855052547.8,6297.73196756571
1698645300000,2023-10-30T05:55:00Z,0.0000006384,0.0000006398,0.0000006299,0.0000006299,13392813554,8514.74850642058
1698645600000,2023-10-30T06:00:00Z,0.0000006299,0.0000006313,0.0000006257,0.0000006276,5065109212.4,3183.59766589751
1698645900000,2023-10-30T06:05:00Z,0.0000006276,0.0000006289,0.0000006177,0.0000006214,9930900587.4,6167.40673585911
1698646200000,2023-10-30T06:10:00Z,0.0000006214,0.0000006261,0.0000006197,0.0000006197,7668731939.7,4786.6983169291
1698646500000,2023-10-30T06:15:00Z,0.0000006197,0.0000006228,0.0000006146,0.000000616,9289734708.3,5727.64644994379
1698646800000,2023-10-30T06:20:00Z,0.000000616,0.00000062,0.0000006159,0.00000062,5902206973.7,3652.00166343499
1698647100000,2023-10-30T06:25:00Z,0.00000062,0.00000062,0.0000006132,0.0000006139,9886862039.6,6094.84139168041
1698647400000,2023-10-30T06:30:00Z,0.0000006139,0.0000006165,0.0000006084,0.0000006113,7492000758.3,4590.91634713762
1698647700000,2023-10-30T06:35:00Z,0.0000006113,0.0000006165,0.0000006102,0.0000006124,2111465868.4,1298.29135427175
1698648000000,2023-10-30T06:40:00Z,0.0000006124,0.0000006165,0.0000006083,0.0000006086,3642359537,2231.65355561992
1698648300000,2023-10-30T06:45:00Z,0.0000006086,0.0000006144,0.0000006014,0.0000006049,8868768547.8,5374.54606289226
1698648600000,2023-10-30T06:50:00Z,0.0000006049,0.0000006056,0.0000006027,0.0000006056,4263447056.5,2576.85017041025
1698648900000,2023-10-30T06:55:00Z,0.0000006056,0.000000606,0.0000006036,0.0000006036,2498297426.9,1511.32299920154
1698649200000,2023-10-30T07:00:00Z,0.0000006036,0.0000006054,0.000000599,0.0000006032,15986673020.8,9631.62399588914
1698649500000,2023-10-30T07:05:00Z,0.0000006032,0.000000604,0.0000006001,0.0000006032,3910382575.2,2355.99981261404
1698649800000,2023-10-30T07:10:00Z,0.0000006032,0.0000006046,0.0000005995,0.0000006019,4491256257.4,2702.12459015022
1698650100000,2023-10-30T07:15:00Z,0.0000006019,0.0000006034,0.0000005944,0.0000006009,12526218306,7516.24844289719
1698650400000,2023-10-30T07:20:00Z,0.0000006009,0.0000006025,0.0000005972,0.0000006005,8846660642.4,5305.5811457755
1698650700000,2023-10-30T07:25:00Z,0.0000006005,0.0000006047,0.0000005998,0.0000006047,4144889080.3,2493.79950409859
1698651000000,2023-10-30T07:30:00Z,0.0000006047,0.000000605,0.0000005992,0.0000005992,3562136324.7,2146.3510705512
1698651300000,2023-10-30T07:35:00Z,0.0000005992,0.0000006014,0.0000005948,0.0000006013,7106527265.8,4254.29112716737
1698651600000,2023-10-30T07:40:00Z,0.0000006013,0.0000006056,0.0000005965,0.0000006056,7294111939.2,4383.00543374603
1698651900000,2023-10-30T07:45:00Z,0.0000006056,0.0000006103,0.0000006017,0.0000006103,3297998586,1993.07901258458
1698652200000,2023-10-30T07:50:00Z,0.0000006103,0.0000006188,0.0000006083,0.0000006188,7853614426.5,4814.97392924933
1698652500000,2023-10-30T07:55:00Z,0.0000006188,0.0000006188,0.0000006111,0.0000006138,2294758931.4,1409.5740318084
1698652800000,2023-10-30T08:00:00Z,0.0000006138,0.0000006162,0.00000061,0.0000006127,3764765170.4,2307.44509040236
1698653100000,2023-10-30T08:05:00Z,0.0000006127,0.0000006149,0.0000006091,0.0000006092,2513479397,1538.89224258345
1698653400000,2023-10-30T08:10:00Z,0.0000006092,0.0000006113,0.0000006081,0.0000006113,7189377533.3,4383.20805518912
1698653700000,2023-10-30T08:15:00Z,0.0000006113,0.0000006113,0.000000598,0.0000006095,15524597097.1,9389.41652242276
1698654000000,2023-10-30T08:20:00Z,0.0000006095,0.000000618,0.0000006058,0.0000006177,19122248168.9,11727.69965704543
1698654300000,2023-10-30T08:25:00Z,0.0000006177,0.0000006268,0.0000006163,0.0000006199,27060975225.5,16844.45635577782
1698654600000,2023-10-30T08:30:00Z,0.0000006199,0.0000006223,0.0000006099,0.000000612,27318991690.7,16799.28970877573
1698654900000,2023-10-30T08:35:00Z,0.000000612,0.0000006187,0.0000006082,0.0000006156,20936276166.7,12847.99348082103
1698655200000,2023-10-30T08:40:00Z,0.0000006156,0.0000006207,0.0000006147,0.0000006207,3777762004.7,2335.40347425157
1698655500000,2023-10-30T08:45:00Z,0.0000006207,0.0000006237,0.0000006179,0.0000006232,7180309785.5,4465.67454347117
1698655800000,2023-10-30T08:50:00Z,0.0000006232,0.0000006306,0.0000006217,0.0000006292,6446229273.8,4029.2237453724
1698656100000,2023-10-30T08:55:00Z,0.0000006292,0.0000006319,0.0000006248,0.0000006319,12173935501.4,7640.09820357931
1698656400000,2023-10-30T09:00:00Z,0.0000006319,0.0000006319,0.0000006201,0.0000006284,22098311358.9,13846.94126841413
1698656700000,2023-10-30T09:05:00Z,0.0000006284,0.0000006328,0.0000006216,0.0000006305,12920616665.1,8107.20702752969
1698657000000,2023-10-30T09:10:00Z,0.0000006305,0.0000006322,0.0000006187,0.0000006221,5865243025.7,3669.53827254517
1698657300000,2023-10-30T09:15:00Z,0.0000006221,0.0000006234,0.000000614,0.0000006221,14763577370.4,9150.11333742574
1698657600000,2023-10-30T09:20:00Z,0.0000006221,0.0000006283,0.0000006202,0.0000006283,11274303588,7022.92054639953
1698657900000,2023-10-30T09:25:00Z,0.0000006283,0.0000006401,0.000000623,0.0000006376,12779558717.5,8067.33425727876
1698658200000,2023-10-30T09:30:00Z,0.0000006376,0.0000006449,0.0000006372,0.0000006376,10460871867.6,6706.48069867664
1698658500000,2023-10-30T09:35:00Z,0.0000006376,0.0000006492,0.000000636,0.0000006433,33671284274.7,21602.49033503705
1698658800000,2023-10-30T09:40:00Z,0.0000006433,0.0000006456,0.000000636,0.0000006376,14915290599.6,9549.98400000827
1698659100000,2023-10-30T09:45:00Z,0.0000006376,0.000000641,0.0000006329,0.000000641,6010746245.2,3834.70458014646
1698659400000,2023-10-30T09:50:00Z,0.000000641,0.0000006415,0.000000632,0.0000006366,5548743859.1,3534.95976825179
1698659700000,2023-10-30T09:55:00Z,0.0000006366,0.0000006383,0.0000006291,0.0000006291,35527576810.2,22457.93881200144
1698660000000,2023-10-30T10:00:00Z,0.0000006291,0.0000006388,0.0000006284,0.0000006319,13481872859.6,8523.43391232665
1698660300000,2023-10-30T10:05:00Z,0.0000006319,0.0000006331,0.0000006303,0.0000006307,4624644459.3,2922.29027153294
1698660600000,2023-10-30T10:10:00Z,0.0000006307,0.0000006331,0.000000625,0.0000006257,4349056758,2728.77434357576
1698660900000,2023-10-30T10:15:00Z,0.0000006257,0.0000006268,0.00000062,0.0000006239,8302576666.6,5181.32841610545
1698661200000,2023-10-30T10:20:00Z,0.0000006239,0.0000006244,0.0000006203,0.0000006216,8062567661.7,5009.13771391306
1698661500000,2023-10-30T10:25:00Z,0.0000006216,0.0000006225,0.0000006053,0.0000006109,26725680283.6,16359.15554802564
1698661800000,2023-10-30T10:30:00Z,0.0000006109,0.0000006167,0.0000006073,0.0000006106,15091468796.3,9224.23003323638
1698662100000,2023-10-30T10:35:00Z,0.0000006106,0.0000006168,0.000000608,0.0000006133,8169481439.5,5008.28026274398
1698662400000,2023-10-30T10:40:00Z,0.0000006133,0.0000006228,0.0000006124,0.0000006202,6502931579.9,4001.68488137214
1698662700000,2023-10-30T10:45:00Z,0.0000006202,0.0000006228,0.0000006156,0.000000618,4746297424.9,2941.24481620075
1698663000000,2023-10-30T10:50:00Z,0.000000618,0.0000006211,0.0000006104,0.0000006135,17875111563.4,10989.23904947925
1698663300000,2023-10-30T10:55:00Z,0.0000006135,0.0000006234,0.0000006124,0.0000006232,10628833198.7,6581.0989818879
1698663600000,2023-10-30T11:00:00Z,0.0000006232,0.0000006295,0.0000006171,0.000000618,11509427011.3,7154.29155630372
1698663900000,2023-10-30T11:05:00Z,0.000000618,0.0000006207,0.0000006154,0.000000619,14331080025.2,8847.04185734343
1698664200000,2023-10-30T11:10:00Z,0.000000619,0.000000631,0.0000006174,0.000000631,22324649849.6,13921.29766604139
1698664500000,2023-10-30T11:15:00Z,0.000000631,0.000000631,0.0000006257,0.0000006279,10488676199.3,6587.77834910798
1698664800000,2023-10-30T11:20:00Z,0.0000006279,0.00000063,0.000000621,0.0000006258,16273077749.7,10194.15986482971
1698665100000,2023-10-30T11:25:00Z,0.0000006258,0.0000006279,0.00000062,0.00000062,10136105972.6,6321.02519461338
1698665400000,2023-10-30T11:30:00Z,0.00000062,0.0000006236,0.0000006175,0.0000006216,4699956062.6,2916.90226623899
1698665700000,2023-10-30T11:35:00Z,0.0000006216,0.0000006227,0.0000006187,0.0000006188,2794143711.3,1732.19367652787
1698666000000,2023-10-30T11:40:00Z,0.0000006188,0.000000624,0.0000006188,0.0000006238,629723394,391.98384465231
1698666300000,2023-10-30T11:45:00Z,0.0000006238,0.0000006267,0.0000006192,0.0000006207,1918340010.5,1196.01780381856
1698666600000,2023-10-30T11:50:00Z,0.0000006207,0.0000006263,0.0000006171,0.0000006263,10826741019,6744.12429239906
1698666900000,2023-10-30T11:55:00Z,0.0000006263,0.0000006263,0.0000006168,0.00000062,20139445891,12523.0007429552
1698667200000,2023-10-30T12:00:00Z,0.00000062,0.0000006259,0.0000006187,0.0000006208,4636137849.6,2888.46933086379
1698667500000,2023-10-30T12:05:00Z,0.0000006208,0.0000006212,0.0000006186,0.0000006187,2566533260.1,1589.80037168613
1698667800000,2023-10-30T12:10:00Z,0.0000006187,0.0000006215,0.000000614,0.000000619,5690915752.2,3513.89033187252
1698668100000,2023-10-30T12:15:00Z,0.000000619,0.0000006193,0.0000006147,0.0000006148,1455135783,897.6765312221
1698668400000,2023-10-30T12:20:00Z,0.0000006148,0.0000006215,0.0000006136,0.0000006169,10058604571.1,6214.86497791204
1698668700000,2023-10-30T12:25:00Z,0.0000006169,0.0000006287,0.0000006169,0.000000627,8173710305.9,5092.7749773831
1698669000000,2023-10-30T12:30:00Z,0.000000627,0.0000006357,0.0000006256,0.0000006326,9360332903.5,5907.2104589767
1698669300000,2023-10-30T12:35:00Z,0.0000006326,0.000000641,0.0000006322,0.000000641,9124472630.1,5800.70810245317
1698669600000,2023-10-30T12:40:00Z,0.000000641,0.0000006656,0.0000006378,0.0000006551,34095443425.1,22230.89057687459
1698669900000,2023-10-30T12:45:00Z,0.0000006551,0.0000006622,0.0000006507,0.0000006508,30482344528.6,19975.18303472362
1698670200000,2023-10-30T12:50:00Z,0.0000006508,0.0000006553,0.0000006485,0.0000006531,23593978764.6,15374.88825709956
1698670500000,2023-10-30T12:55:00Z,0.0000006531,0.000000658,0.0000006497,0.0000006497,13530779300.9,8867.89378903732
1698670800000,2023-10-30T13:00:00Z,0.0000006497,0.0000006508,0.0000006409,0.0000006436,18990799537.8,12235.20200927929
1698671100000,2023-10-30T13:05:00Z,0.0000006436,0.0000006524,0.0000006401,0.000000643,17252093332.1,11136.2287503912
1698671400000,2023-10-30T13:10:00Z,0.000000643,0.0000006481,0.0000006376,0.0000006442,24430971485.5,15727.08339550894
1698671700000,2023-10-30T13:15:00Z,0.0000006442,0.0000006517,0.0000006425,0.0000006425,26647316909.4,17251.30415469677
1698672000000,2023-10-30T13:20:00Z,0.0000006425,0.0000006555,0.0000006425,0.0000006555,16214960552.5,10509.99910249213
1698672300000,2023-10-30T13:25:00Z,0.0000006555,0.000000658,0.0000006478,0.0000006517,5807245246.4,3796.70343103095
1698672600000,2023-10-30T13:30:00Z,0.0000006517,0.0000006584,0.00000065,0.0000006524,14635411176.7,9581.72213972914
1698672900000,2023-10-30T13:35:00Z,0.0000006524,0.0000006544,0.0000006481,0.0000006498,6012788519.4,3915.07049067883
1698673200000,2023-10-30T13:40:00Z,0.0000006498,0.000000654,0.0000006434,0.0000006434,6751520358.3,4395.82583936379
1698673500000,2023-10-30T13:45:00Z,0.0000006434,0.0000006544,0.0000006434,0.0000006533,12725100907.1,8259.20880231999
1698673800000,2023-10-30T13:50:00Z,0.0000006533,0.0000006533,0.0000006475,0.0000006499,7520990301.5,4886.59385863391
1698674100000,2023-10-30T13:55:00Z,0.0000006499,0.0000006534,0.0000006496,0.0000006515,6379484436.5,4156.47415981764
1698674400000,2023-10-30T14:00:00Z,0.0000006515,0.0000006765,0.0000006497,0.0000006755,15042874116,10086.22710980924
1698674700000,2023-10-30T14:05:00Z,0.0000006755,0.00000068,0.0000006678,0.000000672,9160285593.8,6185.39442098234
1698675000000,2023-10-30T14:10:00Z,0.000000672,0.0000006732,0.0000006684,0.0000006706,2764218998.7,1852.4828437754
1698675300000,2023-10-30T14:15:00Z,0.0000006706,0.0000006946,0.0000006677,0.0000006877,18282862572,12493.7406508596
1698675600000,2023-10-30T14:20:00Z,0.0000006877,0.0000007055,0.0000006877,0.0000006964,22233554844,15500.9604358857
1698675900000,2023-10-30T14:25:00Z,0.0000006964,0.0000006994,0.0000006903,0.0000006972,27622741070.7,19224.16308119017
1698676200000,2023-10-30T14:30:00Z,0.0000006972,0.0000007033,0.0000006826,0.0000006944,38717511753,26812.96644553716
1698676500000,2023-10-30T14:35:00Z,0.0000006944,0.0000006967,0.000000686,0.0000006898,20865468280.3,14415.29448330184
1698676800000,2023-10-30T14:40:00Z,0.0000006898,0.0000006973,0.0000006732,0.0000006854,33918385723.6,23223.12591990901
1698677100000,2023-10-30T14:45:00Z,0.0000006854,0.000000699,0.0000006854,0.0000006888,11814457787.3,8187.80897271353
1698677400000,2023-10-30T14:50:00Z,0.0000006888,0.0000007078,0.0000006882,0.000000693,96687594335.1,67582.93365742514
1698677700000,2023-10-30T14:55:00Z,0.000000693,0.0000006949,0.0000006741,0.0000006741,13368259363.1,9165.59452145345
1698678000000,2023-10-30T15:00:00Z,0.0000006741,0.0000006762,0.0000006509,0.0000006636,30769453785.8,20309.23242035886
1698678300000,2023-10-30T15:05:00Z,0.0000006636,0.0000006663,0.0000006586,0.0000006627,3955540482.3,2618.49312269905
1698678600000,2023-10-30T15:10:00Z,0.0000006627,0.0000006627,0.0000006565,0.0000006598,6153483243.1,4058.91934597756
1698678900000,2023-10-30T15:15:00Z,0.0000006598,0.0000006601,0.0000006533,0.0000006566,8876173078.7,5839.22386225014
1698679200000,2023-10-30T15:20:00Z,0.0000006566,0.0000006609,0.00000064,0.000000651,31117134091.9,20111.23036619262
1698679500000,2023-10-30T15:25:00Z,0.000000651,0.0000006542,0.0000006462,0.0000006504,2521134257.6,1640.69060114173
1698679800000,2023-10-30T15:30:00Z,0.0000006504,0.00000066,0.0000006439,0.0000006541,63899156674.7,41618.19425194231
1698680100000,2023-10-30T15:35:00Z,0.0000006541,0.0000006561,0.000000652,0.0000006541,1943192809.7,1272.03944848212
1698680400000,2023-10-30T15:40:00Z,0.0000006541,0.0000006583,0.0000006521,0.0000006578,5567776994.2,3653.13345109016
1698680700000,2023-10-30T15:45:00Z,0.0000006578,0.0000006586,0.000000655,0.0000006563,863779268.5,567.0333145744
1698681000000,2023-10-30T15:50:00Z,0.0000006563,0.0000006575,0.0000006304,0.0000006412,75093628766.1,48733.5102229439
1698681300000,2023-10-30T15:55:00Z,0.0000006412,0.0000006426,0.0000006283,0.0000006378,10649386356.6,6772.6170005233
1698681600000,2023-10-30T16:00:00Z,0.0000006378,0.0000006428,0.0000006361,0.0000006423,2409677945,1542.49437526253
1698681900000,2023-10-30T16:05:00Z,0.0000006423,0.0000006542,0.00000064,0.0000006497,8942214505,5809.10589414341
1698682200000,2023-10-30T16:10:00Z,0.0000006497,0.0000006556,0.0000006454,0.0000006491,12012629038.1,7813.73530596245
1698682500000,2023-10-30T16:15:00Z,0.0000006491,0.000000652,0.0000006474,0.0000006493,6859922785,4455.94645731198
1698682800000,2023-10-30T16:20:00Z,0.0000006493,0.0000006519,0.0000006475,0.0000006515,6091378629.9,3954.79340638357
1698683100000,2023-10-30T16:25:00Z,0.0000006515,0.0000006518,0.0000006489,0.0000006518,3493441143.3,2270.10672321421
1698683400000,2023-10-30T16:30:00Z,0.0000006518,0.0000006579,0.000000651,0.0000006566,14258629317,9324.54375884556
1698683700000,2023-10-30T16:35:00Z,0.0000006566,0.0000006646,0.0000006559,0.0000006584,9186966084.3,6068.89991268162
1698684000000,2023-10-30T16:40:00Z,0.0000006584,0.0000006664,0.0000006563,0.0000006661,3735258075.7,2478.45096278441
1698684300000,2023-10-30T16:45:00Z,0.0000006661,0.000000668,0.0000006629,0.000000668,5532295174.1,3676.45817356473
1698684600000,2023-10-30T16:50:00Z,0.000000668,0.000000668,0.0000006571,0.0000006573,2372446208.9,1573.41851011222
1698684900000,2023-10-30T16:55:00Z,0.0000006573,0.0000006662,0.0000006567,0.0000006622,15691730580.9,10390.92062013603
1698685200000,2023-10-30T17:00:00Z,0.0000006622,0.0000006622,0.000000656,0.0000006601,2895546487.9,1907.60570205405
1698685500000,2023-10-30T17:05:00Z,0.0000006601,0.0000006644,0.0000006588,0.0000006638,6558269037.1,4338.48803776286
1698685800000,2023-10-30T17:10:00Z,0.0000006638,0.000000675,0.0000006486,0.0000006531,72124770697.1,47684.63150767339
1698686100000,2023-10-30T17:15:00Z,0.0000006531,0.0000006564,0.0000006365,0.0000006365,17392179551.9,11284.9536279709
1698686400000,2023-10-30T17:20:00Z,0.0000006365,0.0000006375,0.0000006156,0.0000006275,132819764466,83293.8515509291
1698686700000,2023-10-30T17:25:00Z,0.0000006275,0.0000006305,0.000000625,0.0000006252,9700998118.3,6085.3831449638
1698687000000,2023-10-30T17:30:00Z,0.0000006252,0.0000006337,0.0000006206,0.0000006326,18628186317.7,11646.74405229772
1698687300000,2023-10-30T17:35:00Z,0.0000006326,0.0000006366,0.00000063,0.0000006338,10738183354.6,6801.37291352743
1698687600000,2023-10-30T17:40:00Z,0.0000006338,0.0000006359,0.0000006293,0.0000006331,14001518486.2,8854.97576601041
1698687900000,2023-10-30T17:45:00Z,0.0000006331,0.0000006432,0.0000006284,0.000000641,20227885679.4,12868.40097995
1698688200000,2023-10-30T17:50:00Z,0.000000641,0.0000006432,0.0000006387,0.0000006421,9522383578.9,6108.21659622701
1698688500000,2023-10-30T17:55:00Z,0.0000006421,0.0000006454,0.0000006401,0.0000006408,3090862451.6,1985.93742935172
1698688800000,2023-10-30T18:00:00Z,0.0000006408,0.0000006462,0.0000006326,0.0000006346,12746227133.2,8156.69371880708
1698689100000,2023-10-30T18:05:00Z,0.0000006346,0.0000006379,0.0000006326,0.000000635,6524198297.5,4142.7259775551
1698689400000,2023-10-30T18:10:00Z,0.000000635,0.0000006386,0.000000635,0.0000006366,9152792904.1,5828.59458517902
1698689700000,2023-10-30T18:15:00Z,0.0000006366,0.0000006389,0.0000006349,0.000000635,3732757030.8,2376.22631795898
1698690000000,2023-10-30T18:20:00Z,0.000000635,0.0000006374,0.0000006322,0.0000006344,5554210679.5,3526.48441464679
1698690300000,2023-10-30T18:25:00Z,0.0000006344,0.0000006344,0.0000006301,0.0000006317,3898226641.8,2460.59572202811
1698690600000,2023-10-30T18:30:00Z,0.0000006317,0.00000064,0.0000006317,0.00000064,7673982794,4874.64442329168
1698690900000,2023-10-30T18:35:00Z,0.00000064,0.0000006411,0.0000006369,0.0000006372,4670548791.4,2982.90210443757
1698691200000,2023-10-30T18:40:00Z,0.0000006372,0.0000006415,0.0000006372,0.0000006406,8666264239.2,5541.380723518
1698691500000,2023-10-30T18:45:00Z,0.0000006406,0.000000642,0.000000625,0.0000006314,65526764564.9,41601.05651498589
1698691800000,2023-10-30T18:50:00Z,0.0000006314,0.0000006329,0.0000006256,0.0000006294,15460947852.6,9739.22242762243
1698692100000,2023-10-30T18:55:00Z,0.0000006294,0.0000006294,0.0000006195,0.0000006252,8913932321.5,5558.54008294006
1698692400000,2023-10-30T19:00:00Z,0.0000006252,0.0000006336,0.0000006252,0.0000006332,8961285570.1,5651.81741517723
1698692700000,2023-10-30T19:05:00Z,0.0000006332,0.0000006376,0.0000006326,0.0000006345,4890016074,3101.91949243012
1698693000000,2023-10-30T19:10:00Z,0.0000006345,0.0000006378,0.0000006338,0.0000006339,6723136636.4,4272.20428885467
1698693300000,2023-10-30T19:15:00Z,0.0000006339,0.0000006371,0.0000006339,0.0000006371,6767214275.9,4298.68063982934
1698693600000,2023-10-30T19:20:00Z,0.0000006371,0.0000006387,0.0000006344,0.0000006367,8301258291.2,5282.21093288671
1698693900000,2023-10-30T19:25:00Z,0.0000006367,0.0000006408,0.0000006358,0.0000006388,6983950501.9,4454.56724106341
1698694200000,2023-10-30T19:30:00Z,0.0000006388,0.0000006596,0.0000006387,0.0000006509,40414872203,26366.25659757985
1698694500000,2023-10-30T19:35:00Z,0.0000006509,0.0000006523,0.0000006373,0.0000006511,33637694249.9,21754.78763828011
1698694800000,2023-10-30T19:40:00Z,0.0000006511,0.0000006542,0.0000006479,0.0000006542,6856664785.1,4454.82470502349
1698695100000,2023-10-30T19:45:00Z,0.0000006542,0.0000006718,0.0000006512,0.0000006663,31784490379.8,21079.71143720768
1698695400000,2023-10-30T19:50:00Z,0.0000006663,0.0000006719,0.0000006609,0.0000006609,40965328551.3,27295.02411229726
1698695700000,2023-10-30T19:55:00Z,0.0000006609,0.0000006638,0.0000006508,0.0000006532,7479914282.5,4922.34240629634
1698696000000,2023-10-30T20:00:00Z,0.0000006532,0.000000662,0.0000006511,0.0000006569,20082918464.9,13225.87310467721
1698696300000,2023-10-30T20:05:00Z,0.0000006569,0.0000006606,0.0000006569,0.0000006586,8577075786.5,5650.84385986351
1698696600000,2023-10-30T20:10:00Z,0.0000006586,0.0000006603,0.000000652,0.0000006547,18135158931.2,11888.83887397809
1698696900000,2023-10-30T20:15:00Z,0.0000006547,0.0000006644,0.0000006514,0.0000006583,32215394006.2,21205.58595765191
1698697200000,2023-10-30T20:20:00Z,0.0000006583,0.0000006605,0.0000006525,0.0000006543,18900106674.2,12399.29206471377
1698697500000,2023-10-30T20:25:00Z,0.0000006543,0.0000006562,0.0000006408,0.0000006502,43583029354.8,28268.97761489104
1698697800000,2023-10-30T20:30:00Z,0.0000006502,0.0000006532,0.0000006455,0.0000006507,14484087627.4,9389.35019527527
1698698100000,2023-10-30T20:35:00Z,0.0000006507,0.0000006557,0.00000065,0.0000006546,8193615080.5,5351.39737969632
1698698400000,2023-10-30T20:40:00Z,0.0000006546,0.0000006578,0.000000653,0.0000006558,6715933440.2,4399.82580672012
1698698700000,2023-10-30T20:45:00Z,0.0000006558,0.0000006634,0.0000006552,0.00000066,8630461484.3,5684.28444647629
1698699000000,2023-10-30T20:50:00Z,0.00000066,0.00000067,0.0000006461,0.0000006486,11883906526.7,7846.26574440137
1698699300000,2023-10-30T20:55:00Z,0.0000006486,0.000000653,0.0000006456,0.0000006487,10522278006.2,6827.15066637226
1698699600000,2023-10-30T21:00:00Z,0.0000006487,0.000000651,0.0000006389,0.0000006389,17750780700,11482.88373909077
1698699900000,2023-10-30T21:05:00Z,0.0000006389,0.0000006483,0.0000006388,0.0000006464,6074200255.3,3908.42358212967
1698700200000,2023-10-30T21:10:00Z,0.0000006464,0.0000006506,0.0000006375,0.0000006424,9799241113.1,6305.12227815852
1698700500000,2023-10-30T21:15:00Z,0.0000006424,0.0000006497,0.0000006403,0.0000006487,7064603855,4571.01093555598
1698700800000,2023-10-30T21:20:00Z,0.0000006487,0.0000006507,0.000000646,0.0000006477,7076443792.9,4591.47342035537
1698701100000,2023-10-30T21:25:00Z,0.0000006477,0.000000651,0.0000006452,0.0000006507,5651160619.3,3665.82322661531
1698701400000,2023-10-30T21:30:00Z,0.0000006507,0.0000006525,0.0000006477,0.0000006515,8199192348.8,5334.27842021051
1698701700000,2023-10-30T21:35:00Z,0.0000006515,0.000000652,0.0000006478,0.0000006478,3771973798.2,2449.45308374712
1698702000000,2023-10-30T21:40:00Z,0.0000006478,0.0000006519,0.000000645,0.0000006515,7297579065,4731.85281378065
1698702300000,2023-10-30T21:45:00Z,0.0000006515,0.0000006522,0.0000006479,0.0000006498,4722596721.3,3071.82793759038
1698702600000,2023-10-30T21:50:00Z,0.0000006498,0.0000006498,0.0000006461,0.0000006481,5614044543.6,3639.0429725513
1698702900000,2023-10-30T21:55:00Z,0.0000006481,0.0000006488,0.0000006454,0.0000006481,3119833069,2019.3520444763
1698703200000,2023-10-30T22:00:00Z,0.0000006481,0.0000006514,0.0000006469,0.0000006479,5849018024.9,3797.24445420442
1698703500000,2023-10-30T22:05:00Z,0.0000006479,0.000000652,0.0000006473,0.0000006484,6392079170.1,4150.28132326482
1698703800000,2023-10-30T22:10:00Z,0.0000006484,0.000000649,0.000000645,0.0000006461,6405416241.6,4143.64454779372
1698704100000,2023-10-30T22:15:00Z,0.0000006461,0.0000006496,0.0000006461,0.0000006474,5458464420,3536.13345961353
1698704400000,2023-10-30T22:20:00Z,0.0000006474,0.000000649,0.0000006474,0.000000649,6251482848.8,4051.30946655479
1698704700000,2023-10-30T22:25:00Z,0.000000649,0.0000006492,0.0000006474,0.0000006474,3291089098,2133.6748782632
1698705000000,2023-10-30T22:30:00Z,0.0000006474,0.0000006489,0.0000006453,0.0000006478,4491198105.6,2903.83166957491
1698705300000,2023-10-30T22:35:00Z,0.0000006478,0.0000006836,0.0000006478,0.0000006541,48272704467.8,31890.29518038681
1698705600000,2023-10-30T22:40:00Z,0.0000006541,0.0000006695,0.0000006541,0.0000006674,8494367162.8,5603.76233846802
1698705900000,2023-10-30T22:45:00Z,0.0000006674,0.0000006781,0.0000006674,0.0000006706,12441389284.8,8365.28801984483
1698706200000,2023-10-30T22:50:00Z,0.0000006706,0.0000006718,0.0000006665,0.0000006689,4665590185,3122.6204462796
1698706500000,2023-10-30T22:55:00Z,0.0000006689,0.0000006717,0.0000006662,0.0000006681,6658355177.1,4456.6855236127
1698706800000,2023-10-30T23:00:00Z,0.0000006681,0.0000006682,0.0000006652,0.000000668,3756231955.9,2504.04777216358
1698707100000,2023-10-30T23:05:00Z,0.000000668,0.0000006795,0.0000006665,0.000000679,10322456621,6962.17166262782
1698707400000,2023-10-30T23:10:00Z,0.000000679,0.00000071,0.0000006788,0.0000007056,19474818842.7,13494.37478045527
1698707700000,2023-10-30T23:15:00Z,0.0000007056,0.0000007082,0.000000692,0.0000006935,28200553989.1,19796.18934297598
1698708000000,2023-10-30T23:20:00Z,0.0000006935,0.0000007002,0.000000686,0.0000006912,17702084855.5,12257.04334521183
1698708300000,2023-10-30T23:25:00Z,0.0000006912,0.0000006946,0.0000006831,0.0000006861,8465064600.1,5840.40128128263
1698708600000,2023-10-30T23:30:00Z,0.0000006861,0.0000006867,0.0000006788,0.0000006851,10815806777.2,7384.38572322402
1698708900000,2023-10-30T23:35:00Z,0.0000006851,0.0000006946,0.0000006832,0.0000006921,12453621798.6,8590.58956788739
1698709200000,2023-10-30T23:40:00Z,0.0000006921,0.0000007084,0.0000006921,0.0000006999,27743669269.8,19381.65931664441
1698709500000,2023-10-30T23:45:00Z,0.0000006999,0.0000007145,0.0000006979,0.0000007006,18149653673.8,12793.16438959718
1698709800000,2023-10-30T23:50:00Z,0.0000007006,0.0000007023,0.0000007,0.0000007016,12529583613.2,8781.53644568855
1698710100000,2023-10-30T23:55:00Z,0.0000007016,0.0000007107,0.0000006965,0.0000007007,47532443820.9,33332.33581903311
1698710400000,2023-10-31T00:00:00Z,0.0000007007,0.0000007018,0.0000006945,0.0000006977,7607968754,5309.99932293306
1698710700000,2023-10-31T00:05:00Z,0.0000006977,0.0000007,0.0000006914,0.0000006972,19319747707,13430.98751540335
1698711000000,2023-10-31T00:10:00Z,0.0000006972,0.0000007056,0.0000006942,0.0000006969,7774004040.5,5427.14097643009
1698711300000,2023-10-31T00:15:00Z,0.0000006969,0.0000007027,0.0000006938,0.0000006956,6091569457.9,4243.02782072434
1698711600000,2023-10-31T00:20:00Z,0.0000006956,0.0000007044,0.0000006912,0.0000007044,10244187630.8,7132.11299945661
1698711900000,2023-10-31T00:25:00Z,0.0000007044,0.0000007045,0.0000006969,0.0000006969,3330219723.2,2335.18791955984
1698712200000,2023-10-31T00:30:00Z,0.0000006969,0.0000007002,0.0000006883,0.0000006965,7464841488.3,5177.86180690014
1698712500000,2023-10-31T00:35:00Z,0.0000006965,0.0000007064,0.0000006963,0.000000706,5716194511,4011.28102696793
1698712800000,2023-10-31T00:40:00Z,0.000000706,0.000000722,0.0000007035,0.0000007125,16548041379.6,11859.51561485962
1698713100000,2023-10-31T00:45:00Z,0.0000007125,0.0000007166,0.0000007084,0.0000007098,5442764384.4,3873.96347202645
1698713400000,2023-10-31T00:50:00Z,0.0000007098,0.0000007238,0.0000007065,0.0000007129,18233220767.4,13017.87174324677
1698713700000,2023-10-31T00:55:00Z,0.0000007129,0.0000007191,0.0000007129,0.0000007139,2910848024.8,2082.52033838535
1698714000000,2023-10-31T01:00:00Z,0.0000007139,0.0000007155,0.0000007001,0.0000007032,8108744830.2,5750.33629935608
1698714300000,2023-10-31T01:05:00Z,0.0000007032,0.0000007103,0.0000007015,0.0000007084,3345768694.1,2359.21376744713
1698714600000,2023-10-31T01:10:00Z,0.0000007084,0.0000007124,0.0000006986,0.0000007021,5164205196.6,3645.85404817037
1698714900000,2023-10-31T01:15:00Z,0.0000007021,0.0000007031,0.00000069,0.0000006935,12358416450.9,8571.62650096811
1698715200000,2023-10-31T01:20:00Z,0.0000006935,0.0000006972,0.0000006935,0.0000006935,3168628839.8,2205.63307568545
1698715500000,2023-10-31T01:25:00Z,0.0000006935,0.0000006992,0.0000006882,0.0000006992,8828978971.7,6132.92854870363
1698715800000,2023-10-31T01:30:00Z,0.0000006992,0.0000006992,0.00000069,0.00000069,1417052275.1,982.96884484665
1698716100000,2023-10-31T01:35:00Z,0.00000069,0.0000006946,0.0000006885,0.0000006946,2493328629,1720.59186567147
1698716400000,2023-10-31T01:40:00Z,0.0000006946,0.0000007091,0.0000006923,0.000000708,9075855513.1,6376.25458911112
1698716700000,2023-10-31T01:45:00Z,0.000000708,0.0000007176,0.000000708,0.0000007156,5635608553.3,4023.01778104068
1698717000000,2023-10-31T01:50:00Z,0.0000007156,0.0000007194,0.0000007136,0.000000716,8164753129.4,5853.79081017482
1698717300000,2023-10-31T01:55:00Z,0.000000716,0.0000007236,0.000000716,0.0000007225,5265716264.9,3788.48896787264
1698717600000,2023-10-31T02:00:00Z,0.0000007225,0.0000007225,0.0000007094,0.000000712,10536362655.5,7550.02474421184
1698717900000,2023-10-31T02:05:00Z,0.000000712,0.0000007164,0.0000007067,0.000000712,3384437360.8,2407.06768300825
1698718200000,2023-10-31T02:10:00Z,0.000000712,0.0000007176,0.00000071,0.0000007175,3944575429.3,2812.1437511622
1698718500000,2023-10-31T02:15:00Z,0.0000007175,0.0000007176,0.0000007112,0.000000712,1914719115.6,1364.98324706141
1698718800000,2023-10-31T02:20:00Z,0.000000712,0.0000007136,0.0000007064,0.0000007065,3581982964,2544.4384531369
1698719100000,2023-10-31T02:25:00Z,0.0000007065,0.0000007088,0.0000007057,0.0000007057,1377158137.2,972.7547254444
1698719400000,2023-10-31T02:30:00Z,0.0000007057,0.0000007063,0.0000006854,0.0000006877,27813016015.3,19297.66387021531
1698719700000,2023-10-31T02:35:00Z,0.0000006877,0.0000006923,0.0000006529,0.0000006702,20375324397.9,13756.2958561402
1698720000000,2023-10-31T02:40:00Z,0.0000006702,0.0000006738,0.0000006671,0.000000672,9971364452.8,6682.28929647217
1698720300000,2023-10-31T02:45:00Z,0.000000672,0.0000006753,0.0000006581,0.0000006624,5795270883.2,3852.63594086871
1698720600000,2023-10-31T02:50:00Z,0.0000006624,0.0000006716,0.0000006586,0.0000006716,4318444682.4,2874.56038240138
1698720900000,2023-10-31T02:55:00Z,0.0000006716,0.0000006765,0.0000006665,0.0000006756,4250431206.8,2854.31750589495
1698721200000,2023-10-31T03:00:00Z,0.0000006756,0.0000006812,0.000000674,0.0000006772,5556340948.4,3763.61481812985
1698721500000,2023-10-31T03:05:00Z,0.0000006772,0.0000006772,0.0000006717,0.0000006721,885597935.1,595.86808243678
1698721800000,2023-10-31T03:10:00Z,0.0000006721,0.0000006721,0.0000006711,0.0000006711,185860832.4,124.8772987275
1698722100000,2023-10-31T03:15:00Z,0.0000006711,0.0000006731,0.0000006692,0.0000006711,3428589483.2,2300.56723847254
1698722400000,2023-10-31T03:20:00Z,0.0000006711,0.0000006727,0.0000006664,0.0000006664,2066787888.1,1385.48676352351
1698722700000,2023-10-31T03:25:00Z,0.0000006664,0.0000006668,0.000000656,0.0000006595,4211165897.2,2783.94541537818
1698723000000,2023-10-31T03:30:00Z,0.0000006595,0.0000006615,0.0000006581,0.0000006608,2254458320.8,1487.58316047807
1698723300000,2023-10-31T03:35:00Z,0.0000006608,0.0000006632,0.0000006545,0.0000006588,4154955709.1,2736.26668808256
1698723600000,2023-10-31T03:40:00Z,0.0000006588,0.00000067,0.0000006588,0.0000006665,3384211959.4,2260.12218569568
1698723900000,2023-10-31T03:45:00Z,0.0000006665,0.0000006715,0.0000006632,0.000000665,5309212304.7,3544.73782130704
1698724200000,2023-10-31T03:50:00Z,0.000000665,0.0000006752,0.0000006635,0.0000006725,4472075594.6,3004.18311417868
1698724500000,2023-10-31T03:55:00Z,0.0000006725,0.000000675,0.0000006669,0.0000006716,3756093529.1,2514.84929555859
1698724800000,2023-10-31T04:00:00Z,0.0000006716,0.0000006802,0.0000006697,0.0000006783,4222931273.2,2855.81478844235
1698725100000,2023-10-31T04:05:00Z,0.0000006783,0.0000006868,0.0000006704,0.0000006736,6658878062.3,4515.23915342761
1698725400000,2023-10-31T04:10:00Z,0.0000006736,0.0000006821,0.0000006728,0.0000006815,3791735828.1,2574.00490238632
1698725700000,2023-10-31T04:15:00Z,0.0000006815,0.0000006815,0.0000006776,0.0000006796,408319323.8,277.62089589812
1698726000000,2023-10-31T04:20:00Z,0.0000006796,0.00000068,0.0000006774,0.00000068,503212746.6,341.36026519966
1698726300000,2023-10-31T04:25:00Z,0.00000068,0.0000006848,0.0000006791,0.0000006848,1335950474.4,909.6738796167
1698726600000,2023-10-31T04:30:00Z,0.0000006848,0.0000006877,0.0000006791,0.000000681,3889593619.4,2662.98724362933
1698726900000,2023-10-31T04:35:00Z,0.000000681,0.000000692,0.000000681,0.000000692,3354795759.5,2300.42802565148
1698727200000,2023-10-31T04:40:00Z,0.000000692,0.0000006968,0.0000006903,0.000000692,5341560471.9,3705.64951162543
1698727500000,2023-10-31T04:45:00Z,0.000000692,0.000000692,0.000000674,0.0000006782,7250001806.2,4950.39916935391
1698727800000,2023-10-31T04:50:00Z,0.0000006782,0.0000006804,0.000000668,0.0000006712,5018821798.8,3375.27149747666
1698728100000,2023-10-31T04:55:00Z,0.0000006712,0.0000006748,0.0000006704,0.0000006741,6547365449.1,4407.7098598054
1698728400000,2023-10-31T05:00:00Z,0.0000006741,0.0000006807,0.0000006726,0.0000006744,2819802419.8,1908.58254795033
1698728700000,2023-10-31T05:05:00Z,0.0000006744,0.0000006761,0.0000006726,0.000000673,2502949909.9,1688.66913172887
1698729000000,2023-10-31T05:10:00Z,0.000000673,0.0000006766,0.0000006727,0.000000674,3964033940.6,2671.65226858869
1698729300000,2023-10-31T05:15:00Z,0.000000674,0.0000006756,0.0000006729,0.0000006756,1515035795.4,1022.4488760653
1698729600000,2023-10-31T05:20:00Z,0.0000006756,0.0000006767,0.0000006728,0.000000674,4057441900.6,2737.5358879527
1698729900000,2023-10-31T05:25:00Z,0.000000674,0.0000006882,0.0000006739,0.0000006804,11209406695.9,7630.90756334665
1698730200000,2023-10-31T05:30:00Z,0.0000006804,0.0000006811,0.0000006779,0.0000006779,3215639306,2185.10829588923
1698730500000,2023-10-31T05:35:00Z,0.0000006779,0.0000006837,0.0000006779,0.0000006808,1967646496.1,1340.08586151718
1698730800000,2023-10-31T05:40:00Z,0.0000006808,0.0000006825,0.0000006799,0.0000006799,1319670149.3,898.80352747042
1698731100000,2023-10-31T05:45:00Z,0.0000006799,0.0000006828,0.0000006799,0.0000006828,459446650.2,313.1282293138
1698731400000,2023-10-31T05:50:00Z,0.0000006828,0.0000006828,0.0000006801,0.0000006801,1674540567.6,1140.86862088651
1698731700000,2023-10-31T05:55:00Z,0.0000006801,0.0000006813,0.0000006723,0.0000006752,4152258659.6,2813.12701550334
1698732000000,2023-10-31T06:00:00Z,0.0000006752,0.0000006784,0.0000006731,0.0000006784,2472045728.9,1671.25933398802
1698732300000,2023-10-31T06:05:00Z,0.0000006784,0.0000006788,0.0000006755,0.0000006784,1782323654.2,1208.05869189253
1698732600000,2023-10-31T06:10:00Z,0.0000006784,0.0000006812,0.0000006772,0.0000006812,2468650379.1,1676.04967111809
1698732900000,2023-10-31T06:15:00Z,0.0000006812,0.0000006812,0.0000006787,0.0000006808,513288375.4,348.83127182378
1698733200000,2023-10-31T06:20:00Z,0.0000006808,0.0000006811,0.0000006781,0.0000006781,4021461567.1,2733.20964153732
1698733500000,2023-10-31T06:25:00Z,0.0000006781,0.0000006802,0.0000006757,0.0000006774,4714379202.2,3196.2021059089
1698733800000,2023-10-31T06:30:00Z,0.0000006774,0.0000006789,0.0000006661,0.0000006684,12193955805.5,8207.57940329157
1698734100000,2023-10-31T06:35:00Z,0.0000006684,0.000000674,0.0000006684,0.000000674,2341313004.9,1574.13979182942
1698734400000,2023-10-31T06:40:00Z,0.000000674,0.000000674,0.000000671,0.0000006729,1270061163.1,854.38036192443
1698734700000,2023-10-31T06:45:00Z,0.0000006729,0.0000006748,0.0000006707,0.0000006719,4677085363.9,3144.03441726421
1698735000000,2023-10-31T06:50:00Z,0.0000006719,0.0000006726,0.0000006675,0.0000006693,6671647582,4468.38121505405
1698735300000,2023-10-31T06:55:00Z,0.0000006693,0.0000006695,0.0000006671,0.0000006675,1263534712.6,844.67289201792
1698735600000,2023-10-31T07:00:00Z,0.0000006675,0.000000669,0.0000006645,0.0000006662,858294390.4,572.41285508621
1698735900000,2023-10-31T07:05:00Z,0.0000006662,0.0000006662,0.0000006546,0.0000006576,4940011870.9,3251.89376152308
1698736200000,2023-10-31T07:10:00Z,0.0000006576,0.0000006604,0.0000006544,0.00000066,7784406957.6,5116.83737078982
1698736500000,2023-10-31T07:15:00Z,0.00000066,0.0000006607,0.0000006569,0.0000006586,3303629816.4,2174.48228938624
1698736800000,2023-10-31T07:20:00Z,0.0000006586,0.0000006594,0.0000006542,0.0000006594,3427209077.9,2250.98520494477
1698737100000,2023-10-31T07:25:00Z,0.0000006594,0.0000006608,0.0000006563,0.0000006593,12771395624.6,8403.78745087127
1698737400000,2023-10-31T07:30:00Z,0.0000006593,0.0000006619,0.0000006587,0.0000006593,4849506493.6,3200.94865430591
1698737700000,2023-10-31T07:35:00Z,0.0000006593,0.0000006639,0.0000006592,0.0000006611,5001771253.4,3311.76081809726
1698738000000,2023-10-31T07:40:00Z,0.0000006611,0.0000006689,0.0000006611,0.0000006661,8698630351.6,5788.72485277354
1698738300000,2023-10-31T07:45:00Z,0.0000006661,0.0000006677,0.0000006661,0.0000006667,1016455056.1,677.59520322017
1698738600000,2023-10-31T07:50:00Z,0.0000006667,0.000000669,0.0000006584,0.0000006666,28451641500,18913.77248090104
1698738900000,2023-10-31T07:55:00Z,0.0000006666,0.0000006666,0.0000006258,0.000000647,147295607747.7,95841.74042888435
1698739200000,2023-10-31T08:00:00Z,0.000000647,0.0000006493,0.0000006128,0.0000006433,117692228319.4,75676.05032243872
1698739500000,2023-10-31T08:05:00Z,0.0000006433,0.0000006536,0.0000006433,0.0000006536,25667730240.9,16666.01400136005
1698739800000,2023-10-31T08:10:00Z,0.0000006536,0.0000006607,0.0000006335,0.0000006577,102879474331.4,67014.23386168067
1698740100000,2023-10-31T08:15:00Z,0.0000006577,0.0000006648,0.0000006542,0.000000658,15637050942.5,10312.86882702087
1698740400000,2023-10-31T08:20:00Z,0.000000658,0.00000066,0.0000006565,0.0000006585,7377338810.9,4857.70284487485
1698740700000,2023-10-31T08:25:00Z,0.0000006585,0.0000006668,0.0000006585,0.0000006668,3351151349.2,2216.83092044766
1698741000000,2023-10-31T08:30:00Z,0.0000006668,0.0000006669,0.0000006638,0.0000006651,4581233888.1,3047.62085164274
1698741300000,2023-10-31T08:35:00Z,0.0000006651,0.0000006796,0.0000006646,0.0000006784,7301455322.3,4903.48064349859
1698741600000,2023-10-31T08:40:00Z,0.0000006784,0.0000006991,0.0000006784,0.0000006924,7196227992.2,4965.6076282513
1698741900000,2023-10-31T08:45:00Z,0.0000006924,0.0000007071,0.0000006924,0.0000006956,18276257825.5,12784.94721968999
1698742200000,2023-10-31T08:50:00Z,0.0000006956,0.0000006961,0.0000006778,0.0000006937,35949237111.9,24714.71943649961
1698742500000,2023-10-31T08:55:00Z,0.0000006937,0.0000006968,0.00000068,0.0000006823,7855624723.9,5381.99236058775
1698742800000,2023-10-31T09:00:00Z,0.0000006823,0.0000006868,0.0000006771,0.0000006836,2704757204.8,1839.59509779324
1698743100000,2023-10-31T09:05:00Z,0.0000006836,0.0000006859,0.0000006803,0.0000006826,2687515620.1,1837.24903113396
1698743400000,2023-10-31T09:10:00Z,0.0000006826,0.0000006882,0.00000068,0.0000006854,2308254601.7,1580.82746393581
1698743700000,2023-10-31T09:15:00Z,0.0000006854,0.0000006944,0.0000006789,0.0000006942,4073709270.6,2793.61960543767
1698744000000,2023-10-31T09:20:00Z,0.0000006942,0.0000006946,0.000000685,0.000000685,1047316672.8,724.94062590959
1698744300000,2023-10-31T09:25:00Z,0.000000685,0.0000006859,0.0000006785,0.0000006818,3030545502.9,2069.50483359857
1698744600000,2023-10-31T09:30:00Z,0.0000006818,0.0000006923,0.0000006796,0.000000691,3777599926.8,2588.19361296426
1698744900000,2023-10-31T09:35:00Z,0.000000691,0.0000006931,0.000000686,0.0000006863,3235191760.5,2235.40539669378
1698745200000,2023-10-31T09:40:00Z,0.0000006863,0.0000006877,0.000000669,0.0000006719,7295747001.1,4913.49062819681
1698745500000,2023-10-31T09:45:00Z,0.0000006719,0.0000006762,0.0000006653,0.0000006749,11971481785.4,8029.90851065088
1698745800000,2023-10-31T09:50:00Z,0.0000006749,0.0000006762,0.0000006695,0.0000006695,6577239567.2,4412.1955791525
1698746100000,2023-10-31T09:55:00Z,0.0000006695,0.0000006763,0.0000006684,0.0000006739,5107396692.2,3433.26400918906
1698746400000,2023-10-31T10:00:00Z,0.0000006739,0.0000006747,0.0000006685,0.0000006739,9050368563.1,6071.92759496585
1698746700000,2023-10-31T10:05:00Z,0.0000006739,0.000000674,0.0000006696,0.0000006728,5621433806,3773.80425345548
1698747000000,2023-10-31T10:10:00Z,0.0000006728,0.0000006737,0.0000006696,0.0000006722,7268416641.1,4878.49345398895
1698747300000,2023-10-31T10:15:00Z,0.0000006722,0.0000006722,0.0000006636,0.0000006648,18269572157.2,12216.18014564145
1698747600000,2023-10-31T10:20:00Z,0.0000006648,0.0000006666,0.0000006625,0.0000006658,5028534848.6,3340.83490543747
1698747900000,2023-10-31T10:25:00Z,0.0000006658,0.0000006658,0.0000006635,0.0000006657,4126723893,2744.92076872557
1698748200000,2023-10-31T10:30:00Z,0.0000006657,0.0000006657,0.000000659,0.0000006598,7413227705.9,4899.2456296034
1698748500000,2023-10-31T10:35:00Z,0.0000006598,0.0000006616,0.0000006559,0.0000006616,10798900454.7,7118.47406752332
1698748800000,2023-10-31T10:40:00Z,0.0000006616,0.0000006635,0.0000006597,0.0000006622,6716297756.8,4446.80870067762
1698749100000,2023-10-31T10:45:00Z,0.0000006622,0.0000006706,0.00000066,0.0000006682,9860145911.4,6551.71666743865
1698749400000,2023-10-31T10:50:00Z,0.0000006682,0.0000006725,0.0000006681,0.0000006694,8291304657.8,5558.27252755091
1698749700000,2023-10-31T10:55:00Z,0.0000006694,0.0000006694,0.0000006637,0.0000006656,8480017305.4,5650.17223088038
1698750000000,2023-10-31T11:00:00Z,0.0000006656,0.0000006694,0.0000006601,0.0000006607,13605556307.4,9038.94437846045
1698750300000,2023-10-31T11:05:00Z,0.0000006607,0.000000663,0.0000006584,0.0000006584,16362277584.8,10808.13723274155
1698750600000,2023-10-31T11:10:00Z,0.0000006584,0.0000006608,0.000000658,0.0000006595,12053048599.3,7942.71193616324
1698750900000,2023-10-31T11:15:00Z,0.0000006595,0.000000667,0.000000659,0.0000006648,8934403425.6,5919.66050245046
1698751200000,2023-10-31T11:20:00Z,0.0000006648,0.0000006699,0.0000006648,0.0000006678,14057250773.7,9384.5541108962
1698751500000,2023-10-31T11:25:00Z,0.0000006678,0.0000006767,0.0000006651,0.0000006679,20144590855.9,13515.12304965055
1698751800000,2023-10-31T11:30:00Z,0.0000006679,0.0000006688,0.0000006656,0.0000006688,8397374081.8,5602.39640832791
1698752100000,2023-10-31T11:35:00Z,0.0000006688,0.0000006699,0.0000006656,0.0000006666,9332584179.2,6237.85513125407
1698752400000,2023-10-31T11:40:00Z,0.0000006666,0.0000006732,0.0000006653,0.0000006732,7765733590.2,5204.15000499049
1698752700000,2023-10-31T11:45:00Z,0.0000006732,0.0000006739,0.0000006714,0.0000006737,9716917986.3,6538.96526109021
1698753000000,2023-10-31T11:50:00Z,0.0000006737,0.0000006793,0.0000006719,0.0000006782,13061342380.1,8834.52661748748
1698753300000,2023-10-31T11:55:00Z,0.0000006782,0.0000006783,0.0000006733,0.0000006733,9540178442.6,6449.40808307088
1698753600000,2023-10-31T12:00:00Z,0.0000006733,0.000000674,0.0000006713,0.0000006719,8288185970.9,5572.16461890126
1698753900000,2023-10-31T12:05:00Z,0.0000006719,0.0000006747,0.0000006718,0.0000006726,6251766880.2,4209.69453426272
1698754200000,2023-10-31T12:10:00Z,0.0000006726,0.0000006743,0.0000006664,0.0000006676,7134546700.4,4789.18035999398
1698754500000,2023-10-31T12:15:00Z,0.0000006676,0.0000006694,0.0000006639,0.0000006667,5115545851,3412.50555128377
1698754800000,2023-10-31T12:20:00Z,0.0000006667,0.0000006688,0.0000006639,0.0000006659,9623887746,6408.23304206232
1698755100000,2023-10-31T12:25:00Z,0.0000006659,0.0000006694,0.0000006642,0.0000006681,8383726063.5,5595.1742556301
1698755400000,2023-10-31T12:30:00Z,0.0000006681,0.0000006692,0.0000006643,0.0000006651,6840436317.7,4560.9823149794
1698755700000,2023-10-31T12:35:00Z,0.0000006651,0.0000006667,0.000000658,0.000000658,10585497335.5,7022.72768317898
1698756000000,2023-10-31T12:40:00Z,0.000000658,0.0000006607,0.0000006464,0.0000006477,11791195655.3,7733.26721891147
1698756300000,2023-10-31T12:45:00Z,0.0000006477,0.0000006487,0.0000006272,0.0000006272,18278493034.6,11678.3357966368
1698756600000,2023-10-31T12:50:00Z,0.0000006272,0.0000006318,0.000000617,0.0000006193,44749019079.9,27918.2377299465
1698756900000,2023-10-31T12:55:00Z,0.0000006193,0.0000006354,0.0000006176,0.0000006337,21038079970.3,13170.09556356073
1698757200000,2023-10-31T13:00:00Z,0.0000006337,0.000000635,0.0000006244,0.0000006265,10216211911.3,6435.49322331651
1698757500000,2023-10-31T13:05:00Z,0.0000006265,0.0000006293,0.0000006226,0.0000006241,12838776661.5,8039.83155796917
1698757800000,2023-10-31T13:10:00Z,0.0000006241,0.00000066,0.000000624,0.0000006508,32360686604.7,20893.24239575265
1698758100000,2023-10-31T13:15:00Z,0.0000006508,0.0000006537,0.0000006478,0.0000006495,5631757218,3669.03032233677
1698758400000,2023-10-31T13:20:00Z,0.0000006495,0.00000066,0.0000006495,0.0000006576,14700242231.7,9610.43045209545
1698758700000,2023-10-31T13:25:00Z,0.0000006576,0.0000006576,0.0000006392,0.0000006449,16827405564.6,10910.73124168501
1698759000000,2023-10-31T13:30:00Z,0.0000006449,0.0000006535,0.000000644,0.0000006511,15505456218,10062.71737181558
1698759300000,2023-10-31T13:35:00Z,0.0000006511,0.0000006534,0.0000006432,0.0000006464,9494311818.7,6151.90322496211
1698759600000,2023-10-31T13:40:00Z,0.0000006464,0.0000006484,0.0000006437,0.0000006476,9822572121.4,6345.22843332697
1698759900000,2023-10-31T13:45:00Z,0.0000006476,0.0000006511,0.0000006437,0.0000006437,17477582663.4,11293.93923953726
1698760200000,2023-10-31T13:50:00Z,0.0000006437,0.0000006437,0.0000006337,0.0000006407,19501785907.5,12456.33810600865
1698760500000,2023-10-31T13:55:00Z,0.0000006407,0.0000006432,0.0000006386,0.0000006389,10323009856.3,6621.48729665309
1698760800000,2023-10-31T14:00:00Z,0.0000006389,0.0000006515,0.0000006389,0.0000006488,10644360017.1,6878.19823186555
1698761100000,2023-10-31T14:05:00Z,0.0000006488,0.0000006586,0.0000006482,0.0000006562,11925636717.7,7764.83238325583
1698761400000,2023-10-31T14:10:00Z,0.0000006562,0.0000006619,0.0000006562,0.0000006601,9434892884,6220.90327693323
1698761700000,2023-10-31T14:15:00Z,0.0000006601,0.0000006659,0.0000006601,0.0000006601,6628813510.1,4394.73930579464
1698762000000,2023-10-31T14:20:00Z,0.0000006601,0.0000006601,0.0000006539,0.0000006554,5955821671.3,3912.7631982261
1698762300000,2023-10-31T14:25:00Z,0.0000006554,0.0000006568,0.0000006518,0.0000006558,10058873940.5,6582.71643341751
1698762600000,2023-10-31T14:30:00Z,0.0000006558,0.0000006558,0.0000006444,0.0000006491,5871252445.4,3811.26158235853
1698762900000,2023-10-31T14:35:00Z,0.0000006491,0.0000006511,0.0000006481,0.0000006502,10155497015.7,6595.17320988746
1698763200000,2023-10-31T14:40:00Z,0.0000006502,0.0000006525,0.0000006441,0.0000006497,19328371468.9,12547.42714547162
1698763500000,2023-10-31T14:45:00Z,0.0000006497,0.0000006497,0.0000006427,0.0000006461,7484567323.2,4838.91416275249
1698763800000,2023-10-31T14:50:00Z,0.0000006461,0.0000006512,0.000000642,0.000000651,9757233782.5,6302.32855246939
1698764100000,2023-10-31T14:55:00Z,0.000000651,0.0000006512,0.0000006454,0.0000006464,6639231328.7,4307.39234256805
1698764400000,2023-10-31T15:00:00Z,0.0000006464,0.0000006511,0.0000006432,0.0000006432,5497110736.3,3558.44690195413
1698764700000,2023-10-31T15:05:00Z,0.0000006432,0.0000006492,0.0000006415,0.0000006415,7765450798.3,5012.11826504537
1698765000000,2023-10-31T15:10:00Z,0.0000006415,0.000000642,0.000000636,0.0000006416,9448303153.6,6047.49093612784
1698765300000,2023-10-31T15:15:00Z,0.0000006416,0.0000006416,0.0000006307,0.0000006323,12749479682.3,8091.2435740847
1698765600000,2023-10-31T15:20:00Z,0.0000006323,0.0000006425,0.0000006323,0.0000006386,11203346640.2,7145.4310714712
1698765900000,2023-10-31T15:25:00Z,0.0000006386,0.0000006443,0.0000006374,0.0000006413,3021163950,1935.97957258114
1698766200000,2023-10-31T15:30:00Z,0.0000006413,0.0000006504,0.0000006413,0.0000006504,4719203179.1,3046.30034078696
1698766500000,2023-10-31T15:35:00Z,0.0000006504,0.000000651,0.0000006484,0.0000006485,7531148458.9,4895.99754863362
1698766800000,2023-10-31T15:40:00Z,0.0000006485,0.0000006491,0.0000006368,0.0000006384,9638220977.3,6183.41207483279
1698767100000,2023-10-31T15:45:00Z,0.0000006384,0.0000006454,0.0000006377,0.0000006421,13127912189.5,8431.15510747936
1698767400000,2023-10-31T15:50:00Z,0.0000006421,0.0000006491,0.0000006411,0.0000006491,8080505001.1,5196.99947564856
1698767700000,2023-10-31T15:55:00Z,0.0000006491,0.0000006506,0.0000006471,0.000000648,5080182519.3,3295.50220701243
1698768000000,2023-10-31T16:00:00Z,0.000000648,0.000000648,0.0000006373,0.0000006476,10121693199,6503.53757370842
1698768300000,2023-10-31T16:05:00Z,0.0000006476,0.0000006591,0.0000006476,0.0000006574,11110980682.8,7277.44290021597
1698768600000,2023-10-31T16:10:00Z,0.0000006574,0.0000006646,0.000000655,0.000000655,17543734489.6,11591.35742424692
1698768900000,2023-10-31T16:15:00Z,0.000000655,0.000000667,0.0000006516,0.000000666,16783685554.8,11033.18378485783
1698769200000,2023-10-31T16:20:00Z,0.000000666,0.000000667,0.0000006584,0.00000066,9900928345.9,6563.86289821527
1698769500000,2023-10-31T16:25:00Z,0.00000066,0.0000006616,0.0000006578,0.0000006603,3756104868.5,2478.93774382193
1698769800000,2023-10-31T16:30:00Z,0.0000006603,0.0000006615,0.0000006579,0.0000006608,2567291903.7,1694.70514373959
1698770100000,2023-10-31T16:35:00Z,0.0000006608,0.0000006616,0.0000006568,0.0000006595,2654051709.7,1747.9209493426
1698770400000,2023-10-31T16:40:00Z,0.0000006595,0.0000006727,0.0000006569,0.0000006709,14074422839.1,9362.72154634467
1698770700000,2023-10-31T16:45:00Z,0.0000006709,0.0000006803,0.0000006675,0.0000006778,20849070555.4,14008.28605908062
1698771000000,2023-10-31T16:50:00Z,0.0000006778,0.0000006843,0.0000006738,0.0000006756,10830839171.9,7340.18928249502
1698771300000,2023-10-31T16:55:00Z,0.0000006756,0.00000068,0.0000006745,0.00000068,5596453670.2,3790.55886714287
1698771600000,2023-10-31T17:00:00Z,0.00000068,0.00000068,0.0000006726,0.000000675,4217444050.9,2847.86084274519
1698771900000,2023-10-31T17:05:00Z,0.000000675,0.0000006873,0.000000675,0.0000006845,15895149026.2,10853.22457147425
1698772200000,2023-10-31T17:10:00Z,0.0000006845,0.0000006867,0.0000006806,0.0000006819,10622428146.9,7249.68370844849
1698772500000,2023-10-31T17:15:00Z,0.0000006819,0.0000006927,0.000000679,0.0000006926,13924652434.3,9530.72997137318
1698772800000,2023-10-31T17:20:00Z,0.0000006926,0.0000006929,0.0000006857,0.0000006899,13562947600.4,9355.01013926424
1698773100000,2023-10-31T17:25:00Z,0.0000006899,0.0000006929,0.0000006792,0.0000006811,10545186091.9,7212.90204716571
1698773400000,2023-10-31T17:30:00Z,0.0000006811,0.0000006829,0.0000006754,0.0000006807,10902267447.6,7415.97927165141
1698773700000,2023-10-31T17:35:00Z,0.0000006807,0.0000006857,0.0000006803,0.0000006837,10897118859.9,7446.70612553139
1698774000000,2023-10-31T17:40:00Z,0.0000006837,0.0000006858,0.0000006801,0.0000006823,8587886836.7,5861.05077248976
1698774300000,2023-10-31T17:45:00Z,0.0000006823,0.0000006847,0.0000006795,0.0000006808,8932157375.7,6097.13578980361
1698774600000,2023-10-31T17:50:00Z,0.0000006808,0.0000006848,0.0000006794,0.0000006826,9333473259.6,6369.72875480727
1698774900000,2023-10-31T17:55:00Z,0.0000006826,0.0000006835,0.0000006741,0.0000006776,4874957723.7,3302.6961300866
1698775200000,2023-10-31T18:00:00Z,0.0000006776,0.0000006776,0.0000006742,0.0000006745,3951320656.6,2672.4810403213
1698775500000,2023-10-31T18:05:00Z,0.0000006745,0.000000678,0.0000006711,0.0000006726,8296985447.7,5602.04804342678
1698775800000,2023-10-31T18:10:00Z,0.0000006726,0.0000006751,0.000000671,0.0000006724,8807925930.7,5923.05021952546
1698776100000,2023-10-31T18:15:00Z,0.0000006724,0.0000006896,0.0000006719,0.0000006887,11541589368.2,7854.39371040216
1698776400000,2023-10-31T18:20:00Z,0.0000006887,0.0000006894,0.0000006827,0.0000006846,3362958795.1,2311.38407001984
1698776700000,2023-10-31T18:25:00Z,0.0000006846,0.0000006847,0.0000006778,0.0000006792,9641128529.4,6572.85880864231
1698777000000,2023-10-31T18:30:00Z,0.0000006792,0.0000006803,0.0000006753,0.0000006776,5144367582.8,3484.96202382103
1698777300000,2023-10-31T18:35:00Z,0.0000006776,0.0000006776,0.0000006744,0.0000006744,4850378409.9,3280.87211668905
1698777600000,2023-10-31T18:40:00Z,0.0000006744,0.0000006775,0.00000067,0.0000006723,1737661852.2,1172.47888611064
1698777900000,2023-10-31T18:45:00Z,0.0000006723,0.0000006728,0.000000668,0.0000006698,5832935623.1,3911.11381811611
1698778200000,2023-10-31T18:50:00Z,0.0000006698,0.0000006732,0.0000006682,0.0000006727,7486635027,5026.146613273
1698778500000,2023-10-31T18:55:00Z,0.0000006727,0.0000006803,0.0000006723,0.0000006803,6401459907.7,4325.32495052238
1698778800000,2023-10-31T19:00:00Z,0.0000006803,0.0000006803,0.0000006693,0.0000006696,5630938536.1,3797.20909031949
1698779100000,2023-10-31T19:05:00Z,0.0000006696,0.0000006711,0.0000006597,0.0000006609,7712048478.6,5124.49247371723
1698779400000,2023-10-31T19:10:00Z,0.0000006609,0.0000006684,0.0000006608,0.0000006679,7111048761.3,4734.23374598381
1698779700000,2023-10-31T19:15:00Z,0.0000006679,0.0000006782,0.0000006659,0.0000006659,8387032339.3,5638.69784952147
1698780000000,2023-10-31T19:20:00Z,0.0000006659,0.0000006659,0.0000006626,0.0000006638,11343685801.1,7540.4323624739
1698780300000,2023-10-31T19:25:00Z,0.0000006638,0.0000006656,0.000000662,0.0000006651,14733636830.2,9790.17601998831
1698780600000,2023-10-31T19:30:00Z,0.0000006651,0.0000006691,0.0000006581,0.0000006607,8764049954.9,5821.81090018831
1698780900000,2023-10-31T19:35:00Z,0.0000006607,0.0000006685,0.0000006587,0.0000006671,6852750817.4,4548.74241335964
1698781200000,2023-10-31T19:40:00Z,0.0000006671,0.000000668,0.0000006586,0.0000006604,5625792986.9,3737.39964737381
1698781500000,2023-10-31T19:45:00Z,0.0000006604,0.000000667,0.0000006589,0.000000667,5920528408.3,3925.89159043394
1698781800000,2023-10-31T19:50:00Z,0.000000667,0.0000006696,0.0000006611,0.0000006611,4776894499.6,3178.93422806666
1698782100000,2023-10-31T19:55:00Z,0.0000006611,0.000000668,0.0000006585,0.0000006667,5503674922.9,3649.9522994386
1698782400000,2023-10-31T20:00:00Z,0.0000006667,0.0000006752,0.0000006657,0.0000006752,6771444080.3,4533.16800981394
1698782700000,2023-10-31T20:05:00Z,0.0000006752,0.0000006771,0.00000067,0.0000006705,5841977655.3,3927.88577567351
1698783000000,2023-10-31T20:10:00Z,0.0000006705,0.0000006723,0.0000006693,0.0000006693,3249320286.4,2181.07383035401
1698783300000,2023-10-31T20:15:00Z,0.0000006693,0.0000006727,0.0000006684,0.000000671,7589399423.9,5090.5617430337
1698783600000,2023-10-31T20:20:00Z,0.000000671,0.0000006726,0.0000006686,0.0000006723,2003739887.4,1343.42696928463
1698783900000,2023-10-31T20:25:00Z,0.0000006723,0.0000006723,0.000000663,0.0000006706,9645329635,6440.78056050238
1698784200000,2023-10-31T20:30:00Z,0.0000006706,0.000000671,0.0000006601,0.0000006617,10978542253,7310.79064375094
1698784500000,2023-10-31T20:35:00Z,0.0000006617,0.000000665,0.0000006591,0.0000006609,6068869743,4020.00734124869
1698784800000,2023-10-31T20:40:00Z,0.0000006609,0.0000006629,0.0000006598,0.0000006629,4037074362.9,2668.29562172141
1698785100000,2023-10-31T20:45:00Z,0.0000006629,0.0000006848,0.000000661,0.0000006774,12297965285.9,8294.39874333473
1698785400000,2023-10-31T20:50:00Z,0.0000006774,0.0000006876,0.0000006765,0.0000006867,14810449512.8,10106.43725679307
1698785700000,2023-10-31T20:55:00Z,0.0000006867,0.0000006893,0.0000006855,0.0000006861,6231007005.6,4284.84723557655
1698786000000,2023-10-31T21:00:00Z,0.0000006861,0.0000006861,0.0000006801,0.0000006858,6118429522.1,4183.90760584428
1698786300000,2023-10-31T21:05:00Z,0.0000006858,0.0000006872,0.0000006792,0.0000006792,5120562894.6,3506.14134944825
1698786600000,2023-10-31T21:10:00Z,0.0000006792,0.0000006823,0.0000006786,0.0000006823,4755536045.2,3233.46977590101
1698786900000,2023-10-31T21:15:00Z,0.0000006823,0.0000006837,0.0000006811,0.0000006811,2097375518.4,1431.02290470579
1698787200000,2023-10-31T21:20:00Z,0.0000006811,0.0000006846,0.0000006784,0.0000006814,5713277972.8,3897.08000738973
1698787500000,2023-10-31T21:25:00Z,0.0000006814,0.000000685,0.00000068,0.0000006812,11672779534,7977.79805507407
1698787800000,2023-10-31T21:30:00Z,0.0000006812,0.0000006816,0.0000006769,0.0000006776,3203606707.5,2177.77829644913
1698788100000,2023-10-31T21:35:00Z,0.0000006776,0.0000006793,0.000000677,0.0000006776,2559609817.9,1735.60554572994
1698788400000,2023-10-31T21:40:00Z,0.0000006776,0.000000682,0.0000006767,0.0000006784,5753359701.7,3905.55985013737
1698788700000,2023-10-31T21:45:00Z,0.0000006784,0.0000006788,0.0000006751,0.0000006751,3592329253.5,2430.4274717804
1698789000000,2023-10-31T21:50:00Z,0.0000006751,0.0000006772,0.0000006693,0.0000006693,7995273379.8,5381.00077412446
1698789300000,2023-10-31T21:55:00Z,0.0000006693,0.0000006735,0.000000668,0.0000006719,5928061900.9,3975.71136919483
1698789600000,2023-10-31T22:00:00Z,0.0000006719,0.0000006792,0.0000006715,0.0000006763,9946589551.5,6713.64869640035
1698789900000,2023-10-31T22:05:00Z,0.0000006763,0.0000006798,0.0000006763,0.000000679,4939002707.2,3349.47772257592
1698790200000,2023-10-31T22:10:00Z,0.000000679,0.000000682,0.0000006772,0.0000006801,3365162004.9,2283.11485927355
1698790500000,2023-10-31T22:15:00Z,0.0000006801,0.0000006818,0.0000006789,0.0000006804,7940511006.4,5398.11496590183
1698790800000,2023-10-31T22:20:00Z,0.0000006804,0.0000006833,0.0000006796,0.0000006808,3135223684.8,2137.64158231908
1698791100000,2023-10-31T22:25:00Z,0.0000006808,0.0000006848,0.0000006784,0.0000006827,4177505677.4,2844.25682479139
1698791400000,2023-10-31T22:30:00Z,0.0000006827,0.000000686,0.0000006789,0.000000686,5438047140.2,3706.22858128299
1698791700000,2023-10-31T22:35:00Z,0.000000686,0.000000695,0.0000006826,0.000000695,16579363936.3,11415.28410502382
1698792000000,2023-10-31T22:40:00Z,0.000000695,0.0000006999,0.0000006941,0.0000006969,9636713924.5,6721.74739176088
1698792300000,2023-10-31T22:45:00Z,0.0000006969,0.000000705,0.0000006948,0.000000705,9739983887.2,6808.79616668947
1698792600000,2023-10-31T22:50:00Z,0.000000705,0.0000007074,0.0000007021,0.0000007032,6088828763.9,4293.23996431396
1698792900000,2023-10-31T22:55:00Z,0.0000007032,0.0000007041,0.0000006995,0.0000007033,10670835130.1,7500.75456891603
1698793200000,2023-10-31T23:00:00Z,0.0000007033,0.0000007112,0.0000007023,0.0000007089,11528975254.6,8144.79561299086
1698793500000,2023-10-31T23:05:00Z,0.0000007089,0.0000007115,0.0000007072,0.0000007081,8598607437,6102.84746736422
1698793800000,2023-10-31T23:10:00Z,0.0000007081,0.0000007085,0.000000705,0.000000705,2541832349,1796.88189301417
1698794100000,2023-10-31T23:15:00Z,0.000000705,0.0000007104,0.000000705,0.0000007082,11950826735.8,8469.78860264948
1698794400000,2023-10-31T23:20:00Z,0.0000007082,0.000000709,0.0000007041,0.0000007059,6046487478.3,4274.18323798751
1698794700000,2023-10-31T23:25:00Z,0.0000007059,0.0000007071,0.0000007032,0.0000007053,11779351270.1,8303.08842525119
1698795000000,2023-10-31T23:30:00Z,0.0000007053,0.000000715,0.0000007053,0.0000007137,16377420245.1,11649.02608606299
1698795300000,2023-10-31T23:35:00Z,0.0000007137,0.0000007981,0.0000007137,0.0000007952,96816475878.9,73282.68514579551
1698795600000,2023-10-31T23:40:00Z,0.0000007952,0.0000007953,0.00000076,0.00000077,64865722470.2,50874.19013168845
1698795900000,2023-10-31T23:45:00Z,0.00000077,0.0000007759,0.000000765,0.0000007759,35685679193.7,27442.37603754673
1698796200000,2023-10-31T23:50:00Z,0.0000007759,0.0000007778,0.000000765,0.0000007721,32076840287.7,24695.31755287059
1698796500000,2023-10-31T23:55:00Z,0.0000007721,0.00000078,0.0000007673,0.0000007744,25240384535.8,19493.94451486998
