timestamp_ms,datetime_utc,open,high,low,close,volume,turnover,mark_open,mark_high,mark_low,mark_close,index_open,index_high,index_low,index_close,premium_open,premium_high,premium_low,premium_close,basis,basis_pct
1769904000000,2026-02-01T00:00:00Z,0.2342,0.2352,0.2338,0.2351,476694.8,111739.64233,0.2342,0.2352,0.2339,0.2351,0.2345,0.2354,0.2342,0.2353,-0.00051246,-0.0000158,-0.0009587,-0.0009587,-0.00020000000000000573,-0.000849978750531261
1769904300000,2026-02-01T00:05:00Z,0.2351,0.2354,0.2348,0.2354,286419.3,67336.24539,0.2351,0.2354,0.2349,0.2354,0.2353,0.2356,0.2352,0.2355,-0.0009587,-0.00000101,-0.00052356,-0.00000101,-9.999999999998899e-05,-0.00042462845010611034
1769904600000,2026-02-01T00:10:00Z,0.2354,0.2362,0.2352,0.2362,851512.8,200720.01625,0.2354,0.2362,0.2353,0.2362,0.2355,0.2364,0.2355,0.2364,-0.00000101,-0.00091454,-0.00139711,-0.00091454,-0.00020000000000000573,-0.0008460236886633068
1769904900000,2026-02-01T00:15:00Z,0.2362,0.237,0.2356,0.2366,419664.7,99166.01532,0.2362,0.2369,0.2357,0.2368,0.2364,0.2372,0.2359,0.237,-0.00091454,-0.00049636,-0.00089949,-0.00049636,-0.0003999999999999837,-0.0016877637130801
1769905200000,2026-02-01T00:20:00Z,0.2366,0.2367,0.2356,0.236,268601.2,63422.84455,0.2368,0.2368,0.2357,0.236,0.237,0.237,0.236,0.2363,-0.00049636,-0.00056593,-0.00093915,-0.00056593,-0.00030000000000002247,-0.0012695725772324268
1769905500000,2026-02-01T00:25:00Z,0.236,0.2369,0.2358,0.2359,526491.6,124541.42335,0.236,0.2369,0.2358,0.236,0.2363,0.2371,0.2361,0.2363,-0.00056593,-0.00009839,-0.00011752,-0.00011752,-0.00040000000000001146,-0.0016927634363098241
1769905800000,2026-02-01T00:30:00Z,0.2359,0.2365,0.2353,0.2355,218789,51630.51933,0.236,0.2365,0.2353,0.2354,0.2363,0.2366,0.2356,0.2357,-0.00011752,-0.00061365,-0.00093914,-0.00093914,-0.00020000000000000573,-0.0008485362749257775
1769906100000,2026-02-01T00:35:00Z,0.2355,0.2356,0.2346,0.2353,309064.8,72639.05524,0.2354,0.2356,0.2347,0.2353,0.2357,0.2358,0.2349,0.2355,-0.00093914,-0.00002011,-0.00003664,-0.00003664,-0.00019999999999997797,-0.0008492569002122207
1769906400000,2026-02-01T00:40:00Z,0.2353,0.2359,0.2352,0.2359,119847.8,28242.33612,0.2353,0.2359,0.2352,0.2359,0.2355,0.2361,0.2354,0.2361,-0.00003664,-0.0001432,-0.0005047,-0.0005047,-0.00020000000000000573,-0.0008470986869970594
1769906700000,2026-02-01T00:45:00Z,0.2359,0.2359,0.2354,0.2355,108421.9,25545.42096,0.2359,0.2359,0.2355,0.2355,0.2361,0.2361,0.2357,0.2357,-0.0005047,-0.00036938,-0.00037468,-0.00037468,-0.00020000000000000573,-0.0008485362749257775
1769907000000,2026-02-01T00:50:00Z,0.2355,0.2359,0.2353,0.2359,240680,56735.23774,0.2355,0.236,0.2354,0.2359,0.2357,0.2362,0.2356,0.236,-0.00037468,-0.00052002,-0.00061466,-0.00052002,-9.999999999998899e-05,-0.0004237288135592754
1769907300000,2026-02-01T00:55:00Z,0.2359,0.2362,0.2357,0.236,90354.2,21322.09229,0.2359,0.2362,0.2358,0.236,0.236,0.2363,0.236,0.2362,-0.00052002,-0.00005586,-0.0005591,-0.0005591,-0.00020000000000000573,-0.0008467400508044273
1769907600000,2026-02-01T01:00:00Z,0.236,0.2362,0.235,0.2351,155800.8,36693.65486,0.236,0.2362,0.235,0.2351,0.2362,0.2364,0.2353,0.2354,-0.0005591,-0.00086268,-0.00093056,-0.00093056,-0.0002999999999999947,-0.0012744265080713454
1769907900000,2026-02-01T01:05:00Z,0.2351,0.2351,0.2337,0.2342,362158.1,84877.304,0.2351,0.2351,0.2339,0.2342,0.2354,0.2354,0.2342,0.2344,-0.00093056,0,0,0,-0.00020000000000000573,-0.000853242320819137
1769908200000,2026-02-01T01:10:00Z,0.2342,0.2346,0.2339,0.2346,359516.2,84166.56997,0.2342,0.2346,0.2339,0.2346,0.2344,0.2347,0.2341,0.2347,0,-0.00043634,-0.0004443,-0.00043634,-9.999999999998899e-05,-0.00042607584149974005
1769908500000,2026-02-01T01:15:00Z,0.2346,0.2346,0.233,0.2331,620027.5,144677.36317,0.2346,0.2346,0.233,0.2331,0.2347,0.2347,0.2332,0.2332,-0.00043634,0,-0.00030141,0,-9.999999999998899e-05,-0.0004288164665522684
1769908800000,2026-02-01T01:20:00Z,0.2331,0.2338,0.233,0.2338,142568,33272.56988,0.2331,0.2338,0.2331,0.2338,0.2332,0.2339,0.2331,0.2339,0,0,0,0,-9.999999999998899e-05,-0.0004275331338178238
1769909100000,2026-02-01T01:25:00Z,0.2338,0.2354,0.2336,0.2354,150992,35446.37221,0.2338,0.2355,0.2337,0.2355,0.2339,0.2356,0.2338,0.2356,0,0,-0.00006488,-0.00006488,-0.00020000000000000573,-0.0008488964346349988
1769909400000,2026-02-01T01:30:00Z,0.2354,0.2354,0.2348,0.2354,163394.5,38424.63277,0.2355,0.2355,0.2349,0.2354,0.2356,0.2356,0.2351,0.2355,-0.00006488,-0.00048474,-0.0004937,-0.00048474,-9.999999999998899e-05,-0.00042462845010611034
1769909700000,2026-02-01T01:35:00Z,0.2354,0.2356,0.2349,0.2349,205915.1,48453.36797,0.2354,0.2356,0.235,0.235,0.2355,0.2357,0.2351,0.2352,-0.00048474,-0.00045367,-0.0004757,-0.00045367,-0.0002999999999999947,-0.0012755102040816102
1769910000000,2026-02-01T01:40:00Z,0.2349,0.2356,0.2348,0.2353,136335.6,32067.55805,0.235,0.2356,0.235,0.2353,0.2352,0.2357,0.2352,0.2355,-0.00045367,-0.00042889,-0.00085255,-0.00042889,-0.00019999999999997797,-0.0008492569002122207
1769910300000,2026-02-01T01:45:00Z,0.2353,0.2364,0.2352,0.2364,92566.2,21819.61457,0.2353,0.2364,0.2353,0.2364,0.2355,0.2366,0.2355,0.2366,-0.00042889,-0.00000475,-0.00006201,-0.00006201,-0.00020000000000000573,-0.0008453085376162542
1769910600000,2026-02-01T01:50:00Z,0.2364,0.2365,0.2359,0.2362,72142.3,17037.10943,0.2364,0.2365,0.236,0.2363,0.2366,0.2367,0.2362,0.2365,-0.00006201,-0.000006,-0.00050728,-0.000006,-0.0002999999999999947,-0.0012684989429175254
1769910900000,2026-02-01T01:55:00Z,0.2362,0.2366,0.2362,0.2364,48506.5,11470.21203,0.2363,0.2366,0.2362,0.2364,0.2365,0.2368,0.2364,0.2367,-0.000006,-0.00007457,-0.0005093,-0.0005093,-0.0002999999999999947,-0.0012674271229404087
1769911200000,2026-02-01T02:00:00Z,0.2364,0.2368,0.2359,0.2362,110181.6,26060.94666,0.2364,0.2368,0.236,0.2362,0.2367,0.2369,0.2363,0.2364,-0.0005093,-0.00008027,-0.00091899,-0.00091899,-0.00020000000000000573,-0.0008460236886633068
1769911500000,2026-02-01T02:05:00Z,0.2362,0.2368,0.2359,0.2366,90197.7,21315.21974,0.2362,0.2368,0.236,0.2366,0.2364,0.2369,0.2363,0.2368,-0.00091899,0,-0.00061882,0,-0.00020000000000000573,-0.0008445945945946187
1769911800000,2026-02-01T02:10:00Z,0.2366,0.2375,0.2365,0.2371,188702.1,44727.85193,0.2366,0.2375,0.2365,0.2371,0.2368,0.2376,0.2368,0.2374,0,-0.00000012,-0.00051392,-0.00051392,-0.0002999999999999947,-0.0012636899747261782
1769912100000,2026-02-01T02:15:00Z,0.2371,0.2373,0.2366,0.2371,170967.5,40498.09653,0.2371,0.2373,0.2367,0.2371,0.2374,0.2375,0.237,0.2374,-0.00051392,-0.00006913,-0.00093527,-0.00006913,-0.0002999999999999947,-0.0012636899747261782
1769912400000,2026-02-01T02:20:00Z,0.2371,0.2373,0.236,0.2361,108118.3,25560.65937,0.2371,0.2373,0.236,0.2361,0.2374,0.2375,0.2363,0.2363,-0.00006913,-0.00090752,-0.0012726,-0.0012726,-0.00020000000000000573,-0.0008463817181549121
1769912700000,2026-02-01T02:25:00Z,0.2361,0.2365,0.236,0.2365,30841.4,7286.7097,0.2361,0.2365,0.236,0.2365,0.2363,0.2368,0.2363,0.2368,-0.0012726,-0.00049133,-0.00092262,-0.00049133,-0.00030000000000002247,-0.0012668918918919867
1769913000000,2026-02-01T02:30:00Z,0.2365,0.237,0.2365,0.237,59804.3,14156.50751,0.2365,0.237,0.2365,0.237,0.2368,0.2372,0.2368,0.2372,-0.00049133,-0.00028974,-0.00094787,-0.00094787,-0.00020000000000000573,-0.0008431703204047459
1769913300000,2026-02-01T02:35:00Z,0.237,0.2382,0.2369,0.238,476285.6,113234.97102,0.237,0.2382,0.2369,0.238,0.2372,0.2384,0.2372,0.2382,-0.00094787,0,-0.00083101,-0.00083101,-0.00020000000000000573,-0.000839630562552501
1769913600000,2026-02-01T02:40:00Z,0.238,0.2381,0.2375,0.2377,89364,21239.31078,0.238,0.2382,0.2375,0.2377,0.2382,0.2384,0.2378,0.238,-0.00083101,-0.00049899,-0.00126279,-0.00126279,-0.0002999999999999947,-0.0012605042016806502
1769913900000,2026-02-01T02:45:00Z,0.2377,0.2386,0.2376,0.2386,167192.9,39805.51732,0.2377,0.2386,0.2377,0.2386,0.238,0.2387,0.238,0.2387,-0.00126279,-0.00005127,-0.00091727,-0.00005127,-9.999999999998899e-05,-0.0004189359028068244
1769914200000,2026-02-01T02:50:00Z,0.2386,0.2388,0.238,0.2383,280342,66811.84018,0.2386,0.2388,0.238,0.2383,0.2387,0.239,0.2383,0.2386,-0.00005127,-0.00042789,-0.00056637,-0.00042789,-0.0002999999999999947,-0.0012573344509639343
1769914500000,2026-02-01T02:55:00Z,0.2383,0.2383,0.2374,0.2377,455235.8,108284.35781,0.2383,0.2383,0.2375,0.2377,0.2386,0.2386,0.2378,0.238,-0.00042789,-0.00020214,-0.00050919,-0.00020214,-0.0002999999999999947,-0.0012605042016806502
1769914800000,2026-02-01T03:00:00Z,0.2377,0.2378,0.2368,0.2368,57881.6,13744.5231,0.2377,0.2378,0.2368,0.2368,0.238,0.2381,0.2372,0.2372,-0.00020214,-0.00047177,-0.00099751,-0.00099751,-0.0003999999999999837,-0.001686340640809375
1769915100000,2026-02-01T03:05:00Z,0.2368,0.2378,0.2366,0.2378,129429.7,30682.60506,0.2368,0.2379,0.2366,0.2379,0.2372,0.2381,0.237,0.2381,-0.00099751,-0.00043107,-0.000873,-0.00043107,-0.0002999999999999947,-0.0012599748005039677
1769915400000,2026-02-01T03:10:00Z,0.2378,0.2381,0.2378,0.2379,77262.9,18384.03148,0.2379,0.2381,0.2378,0.2379,0.2381,0.2384,0.2381,0.2381,-0.00043107,-0.00090239,-0.00091322,-0.00091322,-0.00020000000000000573,-0.0008399832003360173
1769915700000,2026-02-01T03:15:00Z,0.2379,0.2381,0.2376,0.2378,55320.6,13150.88935,0.2379,0.2381,0.2376,0.2378,0.2381,0.2384,0.2379,0.238,-0.00091322,-0.00005989,-0.00006434,-0.00005989,-0.00019999999999997797,-0.000840336134453689
1769916000000,2026-02-01T03:20:00Z,0.2378,0.2382,0.2374,0.2377,65824.2,15648.22927,0.2378,0.2382,0.2375,0.2377,0.238,0.2384,0.2378,0.238,-0.00005989,-0.00093527,-0.00096158,-0.00096158,-0.0002999999999999947,-0.0012605042016806502
1769916300000,2026-02-01T03:25:00Z,0.2377,0.2381,0.2375,0.2381,39827.9,9469.79449,0.2377,0.2381,0.2375,0.2381,0.238,0.2384,0.2378,0.2384,-0.00096158,-0.0004801,-0.00049609,-0.0004801,-0.0002999999999999947,-0.0012583892617449442
1769916600000,2026-02-01T03:30:00Z,0.2381,0.2381,0.2375,0.2375,104223.9,24776.84226,0.2381,0.2381,0.2375,0.2375,0.2384,0.2384,0.2378,0.2378,-0.0004801,-0.00050592,-0.00088079,-0.00088079,-0.00030000000000002247,-0.0012615643397814232
1769916900000,2026-02-01T03:35:00Z,0.2375,0.2375,0.2372,0.2375,64351.4,15274.65496,0.2375,0.2375,0.2373,0.2375,0.2378,0.2378,0.2376,0.2378,-0.00088079,-0.00007512,-0.00084217,-0.00084217,-0.00030000000000002247,-0.0012615643397814232
1769917200000,2026-02-01T03:40:00Z,0.2375,0.2378,0.237,0.2374,76911,18268.39763,0.2375,0.2378,0.2372,0.2374,0.2378,0.2381,0.2375,0.2377,-0.00084217,-0.00089466,-0.00090513,-0.00090513,-0.0002999999999999947,-0.0012620950778291743
1769917500000,2026-02-01T03:45:00Z,0.2374,0.238,0.2374,0.2379,89581.9,21292.18089,0.2374,0.2381,0.2374,0.2379,0.2377,0.2383,0.2377,0.2382,-0.00090513,-0.00054336,-0.00091893,-0.00091893,-0.0002999999999999947,-0.0012594458438286932
1769917800000,2026-02-01T03:50:00Z,0.2379,0.2382,0.2379,0.2381,87329.2,20791.2129,0.2379,0.2382,0.2379,0.2381,0.2382,0.2384,0.2382,0.2384,-0.00091893,-0.00048703,-0.00089647,-0.00048703,-0.0002999999999999947,-0.0012583892617449442
1769918100000,2026-02-01T03:55:00Z,0.2381,0.2381,0.2376,0.2379,48270.3,11477.99618,0.2381,0.2381,0.2377,0.2379,0.2384,0.2384,0.238,0.2382,-0.00048703,-0.00012498,-0.000562,-0.00012498,-0.0002999999999999947,-0.0012594458438286932
1769918400000,2026-02-01T04:00:00Z,0.2379,0.238,0.2375,0.2379,35593,8461.40157,0.2379,0.238,0.2376,0.2379,0.2382,0.2382,0.2379,0.2382,-0.00012498,-0.00048158,-0.00088474,-0.00048158,-0.0002999999999999947,-0.0012594458438286932
1769918700000,2026-02-01T04:05:00Z,0.2379,0.238,0.2376,0.238,80558.9,19161.48738,0.2379,0.238,0.2376,0.238,0.2382,0.2383,0.2379,0.2383,-0.00048158,-0.00012306,-0.00049135,-0.00049135,-0.00030000000000002247,-0.0012589173310953523
1769919000000,2026-02-01T04:10:00Z,0.238,0.2387,0.2379,0.2383,119690.3,28522.79639,0.238,0.2387,0.238,0.2383,0.2383,0.239,0.2383,0.2386,-0.00049135,-0.00049036,-0.00089079,-0.00049036,-0.0002999999999999947,-0.0012573344509639343
1769919300000,2026-02-01T04:15:00Z,0.2383,0.2387,0.2381,0.2385,175383.2,41813.16958,0.2383,0.2387,0.2381,0.2385,0.2386,0.2389,0.2384,0.2387,-0.00049036,-0.00046608,-0.000523,-0.000523,-0.00020000000000000573,-0.0008378718056137652
1769919600000,2026-02-01T04:20:00Z,0.2385,0.2386,0.2382,0.2382,40183.2,9576.74365,0.2385,0.2386,0.2382,0.2382,0.2387,0.2388,0.2385,0.2385,-0.000523,-0.00085842,-0.00090507,-0.00090507,-0.0002999999999999947,-0.0012578616352201036
1769919900000,2026-02-01T04:25:00Z,0.2382,0.2382,0.2375,0.2377,56137.2,13345.77773,0.2382,0.2382,0.2376,0.2377,0.2385,0.2385,0.2379,0.238,-0.00090507,-0.00092923,-0.00094829,-0.00094829,-0.0002999999999999947,-0.0012605042016806502
1769920200000,2026-02-01T04:30:00Z,0.2377,0.238,0.2374,0.2376,123561.5,29378.95518,0.2377,0.238,0.2375,0.2376,0.238,0.2383,0.2378,0.2379,-0.00094829,-0.00087793,-0.00133838,-0.00087793,-0.0002999999999999947,-0.0012610340479192717
1769920500000,2026-02-01T04:35:00Z,0.2376,0.2378,0.2373,0.2378,52594.8,12488.33562,0.2376,0.2378,0.2373,0.2378,0.2379,0.238,0.2376,0.238,-0.00087793,0,-0.00093455,0,-0.00019999999999997797,-0.000840336134453689
1769920800000,2026-02-01T04:40:00Z,0.2378,0.2386,0.2375,0.2382,449950,107143.37389,0.2378,0.2382,0.2376,0.2382,0.238,0.2386,0.2379,0.2384,0,-0.00040776,-0.00050113,-0.00050113,-0.00020000000000000573,-0.0008389261744966683
1769921100000,2026-02-01T04:45:00Z,0.2382,0.2385,0.2374,0.2382,784566.1,186775.89517,0.2382,0.2384,0.2376,0.2382,0.2384,0.2385,0.2378,0.2384,-0.00050113,-0.00035976,-0.00052052,-0.00052052,-0.00020000000000000573,-0.0008389261744966683
1769921400000,2026-02-01T04:50:00Z,0.2382,0.2382,0.2378,0.2379,48667.2,11582.62974,0.2382,0.2382,0.2379,0.2379,0.2384,0.2384,0.2381,0.2381,-0.00052052,-0.00056563,-0.00070852,-0.00070852,-0.00020000000000000573,-0.0008399832003360173
1769921700000,2026-02-01T04:55:00Z,0.2379,0.238,0.2376,0.2376,30023.5,7139.47863,0.2379,0.238,0.2377,0.2377,0.2381,0.2382,0.238,0.238,-0.00070852,-0.00049508,-0.00055107,-0.00055107,-0.0003999999999999837,-0.0016806722689074946
1769922000000,2026-02-01T05:00:00Z,0.2376,0.238,0.2372,0.2375,169850.4,40358.60056,0.2377,0.238,0.2372,0.2375,0.238,0.2383,0.2375,0.2378,-0.00055107,-0.00047263,-0.00095347,-0.00047263,-0.00030000000000002247,-0.0012615643397814232
1769922300000,2026-02-01T05:05:00Z,0.2375,0.2379,0.2372,0.2374,195112.3,46336.33211,0.2375,0.2379,0.2373,0.2374,0.2378,0.2381,0.2375,0.2377,-0.00047263,-0.00112923,-0.00116379,-0.00112923,-0.0002999999999999947,-0.0012620950778291743
1769922600000,2026-02-01T05:10:00Z,0.2374,0.2386,0.2374,0.238,514471.4,122425.96338,0.2374,0.2386,0.2374,0.238,0.2377,0.2388,0.2377,0.2383,-0.00112923,-0.00047251,-0.00086427,-0.00047251,-0.00030000000000002247,-0.0012589173310953523
1769922900000,2026-02-01T05:15:00Z,0.238,0.2387,0.238,0.2384,79765,19011.57529,0.238,0.2387,0.238,0.2384,0.2383,0.2389,0.2383,0.2387,-0.00047251,-0.00050075,-0.00053545,-0.00053545,-0.0002999999999999947,-0.0012568077084205895
1769923200000,2026-02-01T05:20:00Z,0.2384,0.2389,0.2376,0.2389,138164.7,32925.46152,0.2384,0.2389,0.2376,0.2389,0.2387,0.2391,0.2379,0.2391,-0.00053545,-0.000001,-0.00006453,-0.00006453,-0.00020000000000000573,-0.000836470096194085
1769923500000,2026-02-01T05:25:00Z,0.2389,0.239,0.2384,0.2388,174216.7,41596.91953,0.2389,0.239,0.2385,0.2389,0.2391,0.2392,0.2388,0.2391,-0.00006453,-0.00042712,-0.00048979,-0.00048979,-0.0002999999999999947,-0.0012547051442910694
1769923800000,2026-02-01T05:30:00Z,0.2388,0.2388,0.238,0.2383,62249.4,14852.95744,0.2389,0.2389,0.2381,0.2383,0.2391,0.2391,0.2384,0.2386,-0.00048979,-0.00051908,-0.00092849,-0.00051908,-0.0002999999999999947,-0.0012573344509639343
1769924100000,2026-02-01T05:35:00Z,0.2383,0.2383,0.2373,0.2374,95469.4,22676.67272,0.2383,0.2384,0.2373,0.2374,0.2386,0.2386,0.2376,0.2376,-0.00051908,-0.00048957,-0.00086701,-0.00086701,-0.00020000000000000573,-0.0008417508417508659
1769924400000,2026-02-01T05:40:00Z,0.2374,0.2378,0.2366,0.2366,251409.9,59611.88785,0.2374,0.2378,0.2367,0.2367,0.2376,0.2378,0.2369,0.2369,-0.00086701,-0.00050345,-0.00084265,-0.00084265,-0.0002999999999999947,-0.0012663571127057608
1769924700000,2026-02-01T05:45:00Z,0.2366,0.2371,0.2366,0.2368,79623.7,18864.77775,0.2367,0.237,0.2367,0.2369,0.2369,0.2372,0.2368,0.2371,-0.00084265,-0.00003538,-0.00005554,-0.00005554,-0.0002999999999999947,-0.0012652889076338874
1769925000000,2026-02-01T05:50:00Z,0.2368,0.2375,0.2368,0.2373,76826.7,18232.78735,0.2369,0.2375,0.2369,0.2373,0.2371,0.2377,0.2371,0.2375,-0.00005554,0,-0.00007595,-0.00007595,-0.00019999999999997797,-0.0008421052631578021
1769925300000,2026-02-01T05:55:00Z,0.2373,0.2375,0.2371,0.2373,26005.5,6168.36118,0.2373,0.2375,0.2371,0.2373,0.2375,0.2376,0.2372,0.2374,-0.00007595,-0.00012868,-0.00044458,-0.00012868,-9.999999999998899e-05,-0.0004212299915753538
1769925600000,2026-02-01T06:00:00Z,0.2373,0.2379,0.2373,0.2378,50948.4,12109.87248,0.2373,0.238,0.2373,0.2379,0.2374,0.2381,0.2374,0.238,-0.00012868,0,-0.00014138,-0.00014138,-0.00019999999999997797,-0.000840336134453689
1769925900000,2026-02-01T06:05:00Z,0.2378,0.2387,0.2375,0.2387,54248.4,12929.7298,0.2379,0.2387,0.2376,0.2387,0.238,0.2387,0.2378,0.2387,-0.00014138,-0.00048625,-0.00051095,-0.00048625,0.0,0.0
1769926200000,2026-02-01T06:10:00Z,0.2387,0.2388,0.2382,0.2386,98857.5,23562.23066,0.2387,0.2389,0.2383,0.2386,0.2387,0.239,0.2385,0.2387,-0.00048625,-0.00042191,-0.00053612,-0.00042191,-9.999999999998899e-05,-0.0004189359028068244
1769926500000,2026-02-01T06:15:00Z,0.2386,0.2391,0.2386,0.239,51049.6,12190.05819,0.2386,0.2391,0.2386,0.239,0.2387,0.2393,0.2387,0.2392,-0.00042191,-0.00009719,-0.00051527,-0.00009719,-0.00020000000000000573,-0.0008361204013378166
1769926800000,2026-02-01T06:20:00Z,0.239,0.2397,0.239,0.2397,149966.1,35881.26743,0.239,0.2396,0.239,0.2396,0.2392,0.2398,0.2391,0.2398,-0.00009719,-0.00043507,-0.00056849,-0.00043507,-0.00010000000000001674,-0.0004170141784821382
1769927100000,2026-02-01T06:25:00Z,0.2397,0.2399,0.239,0.2391,301694,72230.47894,0.2396,0.2399,0.2391,0.2392,0.2398,0.2401,0.2393,0.2394,-0.00043507,-0.00011734,-0.00085804,-0.00085804,-0.0002999999999999947,-0.0012531328320801783
1769927400000,2026-02-01T06:30:00Z,0.2391,0.2398,0.2388,0.2389,112129.4,26823.12763,0.2392,0.2398,0.2389,0.2389,0.2394,0.2399,0.2391,0.2391,-0.00085804,-0.0004373,-0.00104422,-0.00104422,-0.00020000000000000573,-0.000836470096194085
1769927700000,2026-02-01T06:35:00Z,0.2389,0.239,0.2373,0.2381,531834.7,126629.52501,0.2389,0.239,0.2374,0.2381,0.2391,0.2391,0.2376,0.2382,-0.00104422,-0.0001264,-0.00043242,-0.0001264,-9.999999999998899e-05,-0.0004198152812761922
1769928000000,2026-02-01T06:40:00Z,0.2381,0.2387,0.2381,0.2385,191508.3,45654.52111,0.2381,0.2387,0.2381,0.2386,0.2382,0.2388,0.2382,0.2388,-0.0001264,-0.00013965,-0.00016064,-0.00013965,-0.00030000000000002247,-0.00125628140703527
1769928300000,2026-02-01T06:45:00Z,0.2385,0.2388,0.238,0.2386,249018.7,59344.79648,0.2386,0.2388,0.238,0.2387,0.2388,0.2389,0.2382,0.2388,-0.00013965,0,0,0,-0.00020000000000000573,-0.0008375209380234746
1769928600000,2026-02-01T06:50:00Z,0.2386,0.2386,0.2382,0.2384,38552,9194.05085,0.2387,0.2387,0.2382,0.2384,0.2388,0.2388,0.2384,0.2384,0,-0.00003618,-0.00050507,-0.00003618,0.0,0.0
1769928900000,2026-02-01T06:55:00Z,0.2384,0.2385,0.2383,0.2384,58492.6,13946.90829,0.2384,0.2386,0.2383,0.2385,0.2384,0.2387,0.2384,0.2386,-0.00003618,-0.00000373,-0.00000431,-0.00000431,-0.00020000000000000573,-0.0008382229673093282
1769929200000,2026-02-01T07:00:00Z,0.2384,0.2385,0.2382,0.2382,107938.2,25726.68921,0.2385,0.2386,0.2383,0.2383,0.2386,0.2387,0.2385,0.2385,-0.00000431,0,-0.00050838,-0.00050838,-0.0002999999999999947,-0.0012578616352201036
1769929500000,2026-02-01T07:05:00Z,0.2382,0.2387,0.2377,0.2386,219852,52356.04638,0.2383,0.2386,0.2378,0.2386,0.2385,0.2388,0.238,0.2388,-0.00050838,0,-0.00010314,0,-0.00020000000000000573,-0.0008375209380234746
1769929800000,2026-02-01T07:10:00Z,0.2386,0.2389,0.2376,0.2378,384610.8,91633.22256,0.2386,0.2389,0.2376,0.2378,0.2388,0.2389,0.2378,0.238,0,0,0,0,-0.00019999999999997797,-0.000840336134453689
1769930100000,2026-02-01T07:15:00Z,0.2378,0.2381,0.2375,0.2375,115712.3,27512.17584,0.2378,0.2382,0.2375,0.2376,0.238,0.2383,0.2377,0.2378,0,-0.00018962,-0.00042955,-0.00042955,-0.00030000000000002247,-0.0012615643397814232
1769930400000,2026-02-01T07:20:00Z,0.2375,0.2381,0.2374,0.2376,206329,49026.91998,0.2376,0.2381,0.2375,0.2376,0.2378,0.2382,0.2377,0.2377,-0.00042955,-0.00024558,-0.00043811,-0.00043811,-9.999999999998899e-05,-0.0004206983592763525
1769930700000,2026-02-01T07:25:00Z,0.2376,0.2376,0.2372,0.2376,107012.3,25405.60317,0.2376,0.2377,0.2373,0.2376,0.2377,0.2378,0.2374,0.2376,-0.00043811,-0.00013723,-0.00044021,-0.00044021,0.0,0.0
1769931000000,2026-02-01T07:30:00Z,0.2376,0.2376,0.2372,0.2374,139707.1,33178.04536,0.2376,0.2377,0.2373,0.2374,0.2376,0.2378,0.2374,0.2376,-0.00044021,-0.00012612,-0.00042192,-0.00012612,-0.00020000000000000573,-0.0008417508417508659
1769931300000,2026-02-01T07:35:00Z,0.2374,0.2385,0.2374,0.2384,139786.2,33250.18509,0.2374,0.2385,0.2374,0.2384,0.2376,0.2387,0.2376,0.2386,-0.00012612,-0.00013046,-0.0004471,-0.0004471,-0.00020000000000000573,-0.0008382229673093282
1769931600000,2026-02-01T07:40:00Z,0.2384,0.2406,0.2384,0.2404,682080.5,163697.08407,0.2384,0.2406,0.2384,0.2404,0.2386,0.2408,0.2386,0.2406,-0.0004471,0,0,0,-0.00020000000000000573,-0.0008312551953449947
1769931900000,2026-02-01T07:45:00Z,0.2404,0.2404,0.2398,0.2398,335012,80441.09009,0.2404,0.2404,0.2398,0.2398,0.2406,0.2406,0.24,0.24,0,-0.0004767,-0.00092498,-0.0004767,-0.00019999999999997797,-0.0008333333333332416
1769932200000,2026-02-01T07:50:00Z,0.2398,0.2401,0.2396,0.2397,55752.4,13372.21153,0.2398,0.2401,0.2397,0.2397,0.24,0.2403,0.2399,0.2399,-0.0004767,-0.00002174,-0.00053197,-0.00053197,-0.00020000000000000573,-0.0008336807002918121
1769932500000,2026-02-01T07:55:00Z,0.2397,0.2397,0.239,0.2391,148949.3,35633.55355,0.2397,0.2397,0.239,0.2391,0.2399,0.2399,0.2392,0.2393,-0.00053197,-0.00010493,-0.00010852,-0.00010852,-0.00020000000000000573,-0.0008357709987463674
1769932800000,2026-02-01T08:00:00Z,0.2391,0.2396,0.2388,0.2389,287113.8,68711.16964,0.2391,0.2396,0.2389,0.2389,0.2393,0.2397,0.2391,0.2391,-0.00010852,-0.00049356,-0.00050627,-0.00050627,-0.00020000000000000573,-0.000836470096194085
1769933100000,2026-02-01T08:05:00Z,0.2389,0.2392,0.2388,0.239,42814.1,10230.08249,0.2389,0.2392,0.2389,0.239,0.2391,0.2393,0.2391,0.2392,-0.00050627,-0.00043451,-0.00051392,-0.00043451,-0.00020000000000000573,-0.0008361204013378166
1769933400000,2026-02-01T08:10:00Z,0.239,0.2394,0.2388,0.2388,72504.5,17338.03655,0.239,0.2393,0.2389,0.2389,0.2392,0.2394,0.2391,0.2391,-0.00043451,-0.00045896,-0.00051613,-0.00051613,-0.0002999999999999947,-0.0012547051442910694
1769933700000,2026-02-01T08:15:00Z,0.2388,0.239,0.2383,0.2388,159576.5,38079.15562,0.2389,0.239,0.2384,0.2388,0.2391,0.2391,0.2386,0.239,-0.00051613,-0.00042151,-0.0005087,-0.0005087,-0.00019999999999997797,-0.0008368200836819163
1769934000000,2026-02-01T08:20:00Z,0.2388,0.2391,0.2383,0.239,77891.6,18582.78352,0.2388,0.2391,0.2383,0.2389,0.239,0.2392,0.2386,0.2391,-0.0005087,0,-0.00091833,0,-0.00010000000000001674,-0.00041823504809710056
1769934300000,2026-02-01T08:25:00Z,0.239,0.239,0.238,0.2385,212773.6,50751.89671,0.2389,0.239,0.2381,0.2386,0.2391,0.2391,0.2382,0.2387,0,0,-0.00009249,0,-0.00020000000000000573,-0.0008378718056137652
1769934600000,2026-02-01T08:30:00Z,0.2385,0.2386,0.2384,0.2385,33887.7,8083.02873,0.2386,0.2386,0.2385,0.2385,0.2387,0.2388,0.2386,0.2387,0,-0.00010527,-0.00051742,-0.00010527,-0.00020000000000000573,-0.0008378718056137652
1769934900000,2026-02-01T08:35:00Z,0.2385,0.2405,0.2385,0.2402,223768,53672.00693,0.2385,0.2405,0.2385,0.2403,0.2387,0.2405,0.2387,0.2404,-0.00010527,0.00002391,-0.00042075,-0.00042075,-0.00020000000000000573,-0.0008319467554076778
1769935200000,2026-02-01T08:40:00Z,0.2402,0.2406,0.24,0.2406,177160,42560.976,0.2403,0.2406,0.24,0.2406,0.2404,0.2407,0.2402,0.2407,-0.00042075,-0.0000294,-0.00043168,-0.00043168,-9.999999999998899e-05,-0.00041545492314079346
1769935500000,2026-02-01T08:45:00Z,0.2406,0.2406,0.2391,0.2393,146486.5,35080.13949,0.2406,0.2406,0.2392,0.2393,0.2407,0.2407,0.2393,0.2394,-0.00043168,-0.0000109,-0.00086396,-0.0000109,-9.999999999998899e-05,-0.0004177109440266875
1769935800000,2026-02-01T08:50:00Z,0.2393,0.2395,0.2389,0.2389,99020.7,23698.10715,0.2393,0.2395,0.2389,0.2389,0.2394,0.2396,0.239,0.2391,-0.0000109,-0.00009172,-0.00048323,-0.00048323,-0.00020000000000000573,-0.000836470096194085
1769936100000,2026-02-01T08:55:00Z,0.2389,0.2392,0.2389,0.239,19687.9,4704.51901,0.2389,0.2392,0.2389,0.239,0.2391,0.2393,0.2391,0.2391,-0.00048323,-0.00009163,-0.00049176,-0.00009163,-0.00010000000000001674,-0.00041823504809710056
1769936400000,2026-02-01T09:00:00Z,0.239,0.2391,0.2386,0.2387,38196.4,9120.142,0.239,0.2391,0.2386,0.2387,0.2391,0.2392,0.2388,0.2389,-0.00009163,-0.00002855,-0.00050477,-0.00050477,-0.00020000000000000573,-0.0008371703641691324
1769936700000,2026-02-01T09:05:00Z,0.2387,0.2393,0.2387,0.239,49678.3,11877.86119,0.2387,0.2393,0.2387,0.239,0.2389,0.2395,0.2389,0.2392,-0.00050477,-0.00049335,-0.00058256,-0.00058256,-0.00020000000000000573,-0.0008361204013378166
1769937000000,2026-02-01T09:10:00Z,0.239,0.2391,0.2383,0.2383,54839.3,13089.04677,0.239,0.2391,0.2384,0.2384,0.2392,0.2393,0.2387,0.2387,-0.00058256,-0.00060489,-0.00063827,-0.00063827,-0.0003999999999999837,-0.0016757436112274139
1769937300000,2026-02-01T09:15:00Z,0.2383,0.2383,0.2376,0.2378,174012.6,41394.17855,0.2384,0.2384,0.2377,0.2378,0.2387,0.2387,0.238,0.238,-0.00063827,-0.00052764,-0.00093565,-0.00052764,-0.00019999999999997797,-0.000840336134453689
1769937600000,2026-02-01T09:20:00Z,0.2378,0.238,0.2372,0.2377,177324,42165.79704,0.2378,0.238,0.2373,0.2377,0.238,0.2383,0.2376,0.2378,-0.00052764,-0.00047184,-0.00049722,-0.00049722,-0.00010000000000001674,-0.0004205214465938467
1769937900000,2026-02-01T09:25:00Z,0.2377,0.2378,0.237,0.2372,79084.5,18769.61592,0.2377,0.2378,0.2371,0.2372,0.2378,0.238,0.2374,0.2374,-0.00049722,-0.00050454,-0.00052109,-0.00052109,-0.00020000000000000573,-0.0008424599831508245
1769938200000,2026-02-01T09:30:00Z,0.2372,0.2378,0.237,0.2378,311045.9,73809.72807,0.2372,0.2378,0.237,0.2377,0.2374,0.2379,0.2372,0.2379,-0.00052109,-0.0000026,-0.00042555,-0.00042555,-9.999999999998899e-05,-0.0004203446826397183
1769938500000,2026-02-01T09:35:00Z,0.2378,0.2383,0.2377,0.2381,60478.5,14401.60315,0.2377,0.2383,0.2377,0.2381,0.2379,0.2385,0.2378,0.2383,-0.00042555,-0.00009274,-0.00049664,-0.00009274,-0.00020000000000000573,-0.000839278220730196
1769938800000,2026-02-01T09:40:00Z,0.2381,0.2385,0.2381,0.2384,78918.5,18805.94879,0.2381,0.2385,0.2381,0.2384,0.2383,0.2387,0.2383,0.2386,-0.00009274,-0.00007148,-0.00008255,-0.00008255,-0.00020000000000000573,-0.0008382229673093282
1769939100000,2026-02-01T09:45:00Z,0.2384,0.2389,0.238,0.2386,192644.9,45945.46663,0.2384,0.2389,0.238,0.2388,0.2386,0.239,0.2382,0.2388,-0.00008255,0,-0.00000234,0,-0.00020000000000000573,-0.0008375209380234746
1769939400000,2026-02-01T09:50:00Z,0.2386,0.2386,0.2384,0.2386,49209.4,11735.37773,0.2388,0.2388,0.2385,0.2386,0.2388,0.2388,0.2386,0.2388,0,-0.00003179,-0.0000865,-0.0000865,-0.00020000000000000573,-0.0008375209380234746
1769939700000,2026-02-01T09:55:00Z,0.2386,0.2398,0.2386,0.2392,283276.8,67764.47964,0.2386,0.2397,0.2386,0.2392,0.2388,0.2398,0.2387,0.2394,-0.0000865,0,-0.00007913,-0.00007913,-0.00020000000000000573,-0.0008354218880534909
1769940000000,2026-02-01T10:00:00Z,0.2392,0.2396,0.2389,0.2389,103447.3,24751.35657,0.2392,0.2396,0.2389,0.2389,0.2394,0.2397,0.2391,0.2391,-0.00007913,-0.0004866,-0.00051473,-0.00051473,-0.00020000000000000573,-0.000836470096194085
1769940300000,2026-02-01T10:05:00Z,0.2389,0.2398,0.2388,0.2393,157884.1,37803.8715,0.2389,0.2398,0.2389,0.2393,0.2391,0.2399,0.2391,0.2394,-0.00051473,-0.00006237,-0.00045988,-0.00006237,-9.999999999998899e-05,-0.0004177109440266875
1769940600000,2026-02-01T10:10:00Z,0.2393,0.2402,0.2393,0.24,61900,14851.17795,0.2393,0.2402,0.2393,0.24,0.2394,0.2403,0.2394,0.2402,-0.00006237,0,-0.00000712,-0.00000712,-0.00020000000000000573,-0.0008326394671107649
1769940900000,2026-02-01T10:15:00Z,0.24,0.24,0.2385,0.2385,162866.4,38950.06921,0.24,0.24,0.2386,0.2386,0.2402,0.2402,0.2388,0.2388,-0.00000712,-0.0000294,-0.00047957,-0.0000294,-0.00030000000000002247,-0.00125628140703527
1769941200000,2026-02-01T10:20:00Z,0.2385,0.2387,0.2382,0.2386,30106,7178.67421,0.2386,0.2387,0.2383,0.2386,0.2388,0.2388,0.2386,0.2387,-0.0000294,-0.00046045,-0.00047464,-0.00047464,-9.999999999998899e-05,-0.0004189359028068244
1769941500000,2026-02-01T10:25:00Z,0.2386,0.239,0.2383,0.2388,43918.9,10482.83056,0.2386,0.239,0.2384,0.2388,0.2387,0.2391,0.2386,0.239,-0.00047464,-0.00000058,-0.00006472,-0.00006472,-0.00019999999999997797,-0.0008368200836819163
1769941800000,2026-02-01T10:30:00Z,0.2388,0.2393,0.2368,0.2371,868506.7,206737.61833,0.2388,0.2392,0.2368,0.2371,0.239,0.2394,0.237,0.2372,-0.00006472,-0.00066107,-0.00091579,-0.00066107,-9.999999999998899e-05,-0.00042158516020231445
1769942100000,2026-02-01T10:35:00Z,0.2371,0.2374,0.2354,0.2357,911642.5,215135.87528,0.2371,0.2374,0.2355,0.2357,0.2372,0.2374,0.2356,0.2358,-0.00066107,0,-0.00020038,0,-0.00010000000000001674,-0.00042408821034782334
1769942400000,2026-02-01T10:40:00Z,0.2357,0.2357,0.2349,0.2351,409971.7,96485.22421,0.2357,0.2357,0.235,0.2351,0.2358,0.2358,0.2352,0.2352,0,-0.00005776,-0.00006634,-0.00006634,-9.999999999998899e-05,-0.0004251700680271641
1769942700000,2026-02-01T10:45:00Z,0.2351,0.2358,0.2347,0.2358,222787,52425.16892,0.2351,0.2359,0.2349,0.2359,0.2352,0.236,0.235,0.236,-0.00006634,0,-0.00010229,0,-0.00019999999999997797,-0.0008474576271185508
1769943000000,2026-02-01T10:50:00Z,0.2358,0.236,0.235,0.235,294810.7,69438.37071,0.2359,0.236,0.235,0.235,0.236,0.2361,0.2352,0.2352,0,0,-0.00049401,-0.00049401,-0.00020000000000000573,-0.0008503401360544461
1769943300000,2026-02-01T10:55:00Z,0.235,0.2352,0.2343,0.2346,319903.8,75052.13507,0.235,0.2352,0.2343,0.2347,0.2352,0.2353,0.2345,0.2348,-0.00049401,-0.0000724,-0.00007869,-0.00007869,-0.00020000000000000573,-0.0008517887563884401
1769943600000,2026-02-01T11:00:00Z,0.2346,0.2355,0.2346,0.2352,532304.2,125080.88782,0.2347,0.2355,0.2347,0.2352,0.2348,0.2356,0.2348,0.2353,-0.00007869,-0.00004415,-0.00050055,-0.00050055,-0.00010000000000001674,-0.0004249893752656895
1769943900000,2026-02-01T11:05:00Z,0.2352,0.2353,0.2348,0.2353,255524.7,60058.68872,0.2352,0.2353,0.2349,0.2353,0.2353,0.2355,0.2351,0.2355,-0.00050055,-0.00004817,-0.00013819,-0.00004817,-0.00019999999999997797,-0.0008492569002122207
1769944200000,2026-02-01T11:10:00Z,0.2353,0.2355,0.235,0.2355,88012,20700.12488,0.2353,0.2355,0.2351,0.2355,0.2355,0.2356,0.2353,0.2356,-0.00004817,-0.00002145,-0.00018636,-0.00002145,-0.00010000000000001674,-0.00042444821731755833
1769944500000,2026-02-01T11:15:00Z,0.2355,0.2355,0.2346,0.235,149774.6,35188.65122,0.2355,0.2355,0.2347,0.235,0.2356,0.2356,0.2349,0.2352,-0.00002145,-0.00008085,-0.0008837,-0.0008837,-0.00020000000000000573,-0.0008503401360544461
1769944800000,2026-02-01T11:20:00Z,0.235,0.2352,0.2345,0.2345,24601.8,5780.51834,0.235,0.2351,0.2346,0.2346,0.2352,0.2353,0.2348,0.2348,-0.0008837,-0.00012353,-0.00043015,-0.00012353,-0.00030000000000002247,-0.0012776831345827193
1769945100000,2026-02-01T11:25:00Z,0.2345,0.2346,0.2342,0.2343,110095.6,25802.63083,0.2346,0.2346,0.2343,0.2344,0.2348,0.2348,0.2344,0.2346,-0.00012353,-0.00055085,-0.00093143,-0.00055085,-0.0002999999999999947,-0.0012787723785166016
1769945400000,2026-02-01T11:30:00Z,0.2343,0.2347,0.2342,0.2347,91888.8,21547.89805,0.2344,0.2347,0.2343,0.2347,0.2346,0.2349,0.2345,0.2349,-0.00055085,-0.00001137,-0.00009467,-0.00001137,-0.00020000000000000573,-0.000851426138782485
1769945700000,2026-02-01T11:35:00Z,0.2347,0.2363,0.2347,0.2359,277060.7,65325.96053,0.2347,0.2363,0.2347,0.2359,0.2349,0.2365,0.2349,0.2361,-0.00001137,-0.0005472,-0.00056591,-0.00056591,-0.00020000000000000573,-0.0008470986869970594
1769946000000,2026-02-01T11:40:00Z,0.2359,0.2369,0.2358,0.2364,445108.6,105129.77316,0.2359,0.2368,0.2359,0.2364,0.2361,0.2369,0.2361,0.2366,-0.00056591,-0.00008934,-0.00095635,-0.00095635,-0.00020000000000000573,-0.0008453085376162542
1769946300000,2026-02-01T11:45:00Z,0.2364,0.2367,0.2353,0.2355,250065.9,58947.04481,0.2364,0.2367,0.2354,0.2355,0.2366,0.2369,0.2356,0.2357,-0.00095635,-0.00043744,-0.0005439,-0.00043744,-0.00020000000000000573,-0.0008485362749257775
1769946600000,2026-02-01T11:50:00Z,0.2355,0.2358,0.2353,0.2353,29448.7,6937.69414,0.2355,0.2358,0.2353,0.2353,0.2357,0.2359,0.2355,0.2355,-0.00043744,-0.00048744,-0.00053534,-0.00053534,-0.00019999999999997797,-0.0008492569002122207
1769946900000,2026-02-01T11:55:00Z,0.2353,0.2356,0.2353,0.2356,90807.6,21380.63568,0.2353,0.2356,0.2353,0.2356,0.2355,0.2357,0.2355,0.2357,-0.00053534,-0.00045659,-0.00047221,-0.00045659,-9.999999999998899e-05,-0.0004242681374628298
1769947200000,2026-02-01T12:00:00Z,0.2356,0.2358,0.2347,0.2348,108721.5,25583.14709,0.2356,0.2358,0.2348,0.2348,0.2357,0.2358,0.235,0.235,-0.00045659,-0.00052233,-0.00061454,-0.00061454,-0.00019999999999997797,-0.0008510638297871404
1769947500000,2026-02-01T12:05:00Z,0.2348,0.2349,0.2343,0.2343,49104.6,11523.07469,0.2348,0.2349,0.2344,0.2344,0.235,0.235,0.2346,0.2346,-0.00061454,-0.00046636,-0.00054737,-0.00054737,-0.0002999999999999947,-0.0012787723785166016
1769947800000,2026-02-01T12:10:00Z,0.2343,0.2349,0.2342,0.2347,42566.2,9986.94658,0.2344,0.2348,0.2343,0.2348,0.2346,0.2349,0.2345,0.2349,-0.00054737,0,-0.00014787,0,-0.00020000000000000573,-0.000851426138782485
1769948100000,2026-02-01T12:15:00Z,0.2347,0.2347,0.2339,0.2345,194002.2,45448.74546,0.2348,0.2348,0.234,0.2345,0.2349,0.2349,0.2342,0.2346,0,-0.00045066,-0.00047423,-0.00045066,-0.00010000000000001674,-0.0004262574595056127
1769948400000,2026-02-01T12:20:00Z,0.2345,0.2346,0.2328,0.2332,595839.9,139123.84211,0.2345,0.2346,0.2328,0.2332,0.2346,0.2347,0.233,0.2333,-0.00045066,-0.00005979,-0.0005122,-0.0005122,-0.00010000000000001674,-0.0004286326618089016
1769948700000,2026-02-01T12:25:00Z,0.2332,0.2334,0.2329,0.2333,130343.1,30391.35039,0.2332,0.2334,0.233,0.2333,0.2333,0.2335,0.2331,0.2334,-0.0005122,-0.0000601,-0.00006886,-0.00006886,-9.999999999998899e-05,-0.0004284490145672193
1769949000000,2026-02-01T12:30:00Z,0.2333,0.234,0.2333,0.2336,86170.2,20126.72369,0.2333,0.234,0.2333,0.2336,0.2334,0.2341,0.2334,0.2338,-0.00006886,-0.00026127,-0.00047557,-0.00026127,-0.00020000000000000573,-0.0008554319931565685
1769949300000,2026-02-01T12:35:00Z,0.2336,0.2349,0.2336,0.2338,256419.8,60051.37474,0.2336,0.2349,0.2336,0.2338,0.2338,0.2349,0.2338,0.234,-0.00026127,-0.00013484,-0.00054908,-0.00013484,-0.00020000000000000573,-0.0008547008547008791
1769949600000,2026-02-01T12:40:00Z,0.2338,0.2342,0.2333,0.2335,232368.9,54307.00125,0.2338,0.2342,0.2333,0.2333,0.234,0.2343,0.2335,0.2335,-0.00013484,-0.0000181,-0.0000535,-0.0000535,0.0,0.0
1769949900000,2026-02-01T12:45:00Z,0.2335,0.2339,0.2335,0.2339,109579.8,25613.84431,0.2333,0.2339,0.2333,0.2339,0.2335,0.234,0.2335,0.234,-0.0000535,-0.00051223,-0.00052286,-0.00051223,-0.00010000000000001674,-0.00042735042735049885
1769950200000,2026-02-01T12:50:00Z,0.2339,0.2339,0.2333,0.2335,87843.6,20527.63939,0.2339,0.2339,0.2335,0.2335,0.234,0.2341,0.2337,0.2337,-0.00051223,-0.00008071,-0.00049166,-0.00008071,-0.00019999999999997797,-0.000855798031664433
1769950500000,2026-02-01T12:55:00Z,0.2335,0.2337,0.2333,0.2335,166646.1,38886.72777,0.2335,0.2337,0.2333,0.2335,0.2337,0.2338,0.2335,0.2337,-0.00008071,-0.00001755,-0.00049965,-0.00049965,-0.00019999999999997797,-0.000855798031664433
1769950800000,2026-02-01T13:00:00Z,0.2335,0.2356,0.2334,0.235,429887.7,101026.37269,0.2335,0.2356,0.2335,0.2351,0.2337,0.2357,0.2337,0.2353,-0.00049965,-0.00049885,-0.00085552,-0.00085552,-0.00030000000000002247,-0.0012749681257969506
1769951100000,2026-02-01T13:05:00Z,0.235,0.2351,0.2347,0.2351,81611.7,19172.6232,0.2351,0.2351,0.2347,0.2351,0.2353,0.2353,0.235,0.2353,-0.00085552,-0.00009259,-0.00059081,-0.00009259,-0.00020000000000000573,-0.000849978750531261
1769951400000,2026-02-01T13:10:00Z,0.2351,0.2357,0.2348,0.2354,302662.2,71209.03392,0.2351,0.2357,0.235,0.2355,0.2353,0.2358,0.2352,0.2356,-0.00009259,-0.00004042,-0.00007003,-0.00004042,-0.00020000000000000573,-0.0008488964346349988
1769951700000,2026-02-01T13:15:00Z,0.2354,0.2354,0.2347,0.2351,66927.5,15733.74933,0.2355,0.2355,0.2347,0.2351,0.2356,0.2356,0.2349,0.2352,-0.00004042,-0.00000034,-0.00094731,-0.00094731,-9.999999999998899e-05,-0.0004251700680271641
1769952000000,2026-02-01T13:20:00Z,0.2351,0.2352,0.2346,0.2347,92403.2,21709.26673,0.2351,0.2352,0.2347,0.2347,0.2352,0.2354,0.235,0.235,-0.00094731,-0.00000017,-0.00050093,-0.00000017,-0.0002999999999999947,-0.0012765957446808287
1769952300000,2026-02-01T13:25:00Z,0.2347,0.2352,0.2347,0.2352,95641.3,22463.79622,0.2347,0.2352,0.2347,0.2352,0.235,0.2353,0.235,0.2353,-0.00000017,-0.00004817,-0.00007068,-0.00007068,-0.00010000000000001674,-0.0004249893752656895
1769952600000,2026-02-01T13:30:00Z,0.2352,0.2356,0.2351,0.2351,71685.4,16870.94662,0.2352,0.2355,0.2352,0.2352,0.2353,0.2356,0.2353,0.2354,-0.00007068,-0.0000656,-0.0005078,-0.0005078,-0.0002999999999999947,-0.0012744265080713454
1769952900000,2026-02-01T13:35:00Z,0.2351,0.2352,0.2338,0.2338,115955.4,27195.87261,0.2352,0.2352,0.234,0.234,0.2354,0.2354,0.2342,0.2342,-0.0005078,-0.00044735,-0.00049833,-0.00044735,-0.0003999999999999837,-0.0017079419299743112
1769953200000,2026-02-01T13:40:00Z,0.2338,0.2343,0.2337,0.2342,83500.3,19542.50385,0.234,0.2343,0.2337,0.2342,0.2342,0.2344,0.2339,0.2343,-0.00044735,-0.00006662,-0.0001793,-0.0001793,-0.00010000000000001674,-0.00042680324370472357
1769953500000,2026-02-01T13:45:00Z,0.2342,0.2345,0.2332,0.2333,192067.1,44858.02631,0.2342,0.2346,0.2333,0.2333,0.2343,0.2347,0.2336,0.2336,-0.0001793,-0.00005083,-0.00095619,-0.00095619,-0.0002999999999999947,-0.0012842465753424431
1769953800000,2026-02-01T13:50:00Z,0.2333,0.2333,0.2322,0.2327,511029,118875.18561,0.2333,0.2333,0.2323,0.2327,0.2336,0.2336,0.2324,0.2328,-0.00095619,0,0,0,-0.00010000000000001674,-0.0004295532646048829
1769954100000,2026-02-01T13:55:00Z,0.2327,0.233,0.2318,0.2328,336003.6,78133.90097,0.2327,0.233,0.2321,0.2329,0.2328,0.233,0.2322,0.233,0,0,-0.00091107,0,-0.00020000000000000573,-0.0008583690987124709
1769954400000,2026-02-01T14:00:00Z,0.2328,0.233,0.232,0.2327,134927,31377.52174,0.2329,0.233,0.2321,0.2327,0.233,0.233,0.2322,0.2328,0,-0.00006639,-0.00011765,-0.00011765,-0.00010000000000001674,-0.0004295532646048829
1769954700000,2026-02-01T14:05:00Z,0.2327,0.2334,0.2325,0.2327,125437.7,29222.36529,0.2327,0.2334,0.2325,0.2328,0.2328,0.2335,0.2327,0.233,-0.00011765,0,-0.00128734,-0.00128734,-0.00030000000000002247,-0.0012875536480687658
1769955000000,2026-02-01T14:10:00Z,0.2327,0.2327,0.2317,0.2319,310436.7,72030.37505,0.2328,0.2328,0.2318,0.2319,0.233,0.233,0.232,0.2321,-0.00128734,-0.00004959,-0.00007623,-0.00004959,-0.00020000000000000573,-0.0008616975441620238
1769955300000,2026-02-01T14:15:00Z,0.2319,0.2321,0.2312,0.2316,353434.3,81816.73677,0.2319,0.2321,0.2313,0.2316,0.2321,0.2322,0.2315,0.2318,-0.00004959,-0.00010215,-0.0005258,-0.00010215,-0.00020000000000000573,-0.0008628127696290152
1769955600000,2026-02-01T14:20:00Z,0.2316,0.2318,0.2312,0.2314,371059.1,85886.87595,0.2316,0.2318,0.2313,0.2314,0.2318,0.2319,0.2315,0.2315,-0.00010215,0,-0.00055127,0,-0.00010000000000001674,-0.00043196544276465114
1769955900000,2026-02-01T14:25:00Z,0.2314,0.2317,0.2301,0.2305,1072098.8,247641.09944,0.2314,0.2317,0.2302,0.2305,0.2315,0.2318,0.2303,0.2306,0,-0.00009501,-0.00015721,-0.00015721,-9.999999999998899e-05,-0.0004336513443191196
1769956200000,2026-02-01T14:30:00Z,0.2305,0.2315,0.2294,0.2296,1129639.7,260446.95893,0.2305,0.2315,0.2295,0.2296,0.2306,0.2316,0.2297,0.2297,-0.00015721,-0.00049207,-0.00052601,-0.00049207,-9.999999999998899e-05,-0.00043535045711793203
1769956500000,2026-02-01T14:35:00Z,0.2296,0.2297,0.2283,0.2287,1949124.3,446687.18354,0.2296,0.2297,0.2284,0.2287,0.2297,0.2299,0.2285,0.2289,-0.00049207,-0.00003656,-0.00008199,-0.00003656,-0.00020000000000000573,-0.0008737439930100731
1769956800000,2026-02-01T14:40:00Z,0.2287,0.2319,0.2287,0.2308,977262.7,225218.84213,0.2287,0.2318,0.2287,0.2308,0.2289,0.2319,0.2288,0.231,-0.00003656,0,-0.00074694,-0.00074694,-0.00020000000000000573,-0.0008658008658008905
1769957100000,2026-02-01T14:45:00Z,0.2308,0.2323,0.2307,0.2319,574841.8,133135.13769,0.2308,0.2323,0.2307,0.2319,0.231,0.2325,0.231,0.2321,-0.00074694,0,-0.00094377,0,-0.00020000000000000573,-0.0008616975441620238
1769957400000,2026-02-01T14:50:00Z,0.2319,0.235,0.2319,0.2332,1443534.7,336880.03764,0.2319,0.2348,0.2319,0.2332,0.2321,0.235,0.2321,0.2334,0,-0.00002794,-0.00043019,-0.00002794,-0.00020000000000000573,-0.0008568980291345575
1769957700000,2026-02-01T14:55:00Z,0.2332,0.2335,0.2326,0.2326,357859.3,83375.58575,0.2332,0.2335,0.2326,0.2326,0.2334,0.2336,0.2328,0.2328,-0.00002794,-0.00047714,-0.00128538,-0.00128538,-0.00020000000000000573,-0.0008591065292096466
1769958000000,2026-02-01T15:00:00Z,0.2326,0.2326,0.231,0.231,334118.1,77408.65269,0.2326,0.2326,0.231,0.231,0.2328,0.2328,0.2313,0.2313,-0.00128538,-0.00008549,-0.00043436,-0.00008549,-0.0002999999999999947,-0.001297016861219173
1769958300000,2026-02-01T15:05:00Z,0.231,0.2314,0.2307,0.2308,167526.4,38690.53047,0.231,0.2314,0.2307,0.2308,0.2313,0.2315,0.231,0.231,-0.00008549,-0.00043389,-0.0005135,-0.00043389,-0.00020000000000000573,-0.0008658008658008905
1769958600000,2026-02-01T15:10:00Z,0.2308,0.2308,0.2291,0.2294,291850,67004.03498,0.2308,0.2308,0.2292,0.2294,0.231,0.231,0.2295,0.2296,-0.00043389,-0.00088442,-0.00095363,-0.00088442,-0.00020000000000000573,-0.0008710801393728472
1769958900000,2026-02-01T15:15:00Z,0.2294,0.2295,0.227,0.228,994858.2,226931.15745,0.2294,0.2295,0.2271,0.228,0.2296,0.2296,0.2273,0.2282,-0.00088442,-0.00137316,-0.00191003,-0.00191003,-0.00019999999999997797,-0.0008764241893075284
1769959200000,2026-02-01T15:20:00Z,0.228,0.2283,0.2272,0.2277,200596.3,45671.96943,0.228,0.2283,0.2273,0.2277,0.2282,0.2284,0.2275,0.2278,-0.00191003,0,0,0,-9.999999999998899e-05,-0.0004389815627743151
1769959500000,2026-02-01T15:25:00Z,0.2277,0.2278,0.2255,0.2257,1195767.4,270620.99838,0.2277,0.2278,0.2257,0.2258,0.2278,0.228,0.2259,0.226,0,-0.00015333,-0.00044891,-0.00044891,-0.0002999999999999947,-0.0013274336283185606
1769959800000,2026-02-01T15:30:00Z,0.2257,0.2266,0.2247,0.225,1173280.8,264540.84396,0.2258,0.2266,0.2247,0.225,0.226,0.2266,0.2249,0.2252,-0.00044891,-0.00005144,-0.00056092,-0.00056092,-0.00020000000000000573,-0.0008880994671403451
1769960100000,2026-02-01T15:35:00Z,0.225,0.2269,0.2238,0.2264,1257381.8,282516.87136,0.225,0.2269,0.2238,0.2266,0.2252,0.227,0.224,0.2268,-0.00056092,-0.00006262,-0.0004466,-0.0004466,-0.00040000000000001146,-0.0017636684303351474
1769960400000,2026-02-01T15:40:00Z,0.2264,0.2267,0.2252,0.2252,433109.9,97797.06869,0.2266,0.2267,0.2252,0.2253,0.2268,0.2268,0.2254,0.2255,-0.0004466,-0.00000199,-0.00045287,-0.00000199,-0.0002999999999999947,-0.0013303769401330143
1769960700000,2026-02-01T15:45:00Z,0.2252,0.2276,0.2251,0.2267,438570.1,99150.06418,0.2253,0.2275,0.2251,0.2268,0.2255,0.2276,0.2253,0.227,-0.00000199,-0.00000061,-0.00045257,-0.00045257,-0.0002999999999999947,-0.0013215859030836772
1769961000000,2026-02-01T15:50:00Z,0.2267,0.2276,0.2263,0.2265,356823.8,80957.29931,0.2268,0.2276,0.2264,0.2265,0.227,0.2277,0.2266,0.2267,-0.00045257,-0.00051601,-0.00051782,-0.00051782,-0.00020000000000000573,-0.0008822232024702502
1769961300000,2026-02-01T15:55:00Z,0.2265,0.2288,0.2265,0.227,663852.9,151188.44245,0.2265,0.2287,0.2265,0.227,0.2267,0.2287,0.2267,0.2272,-0.00051782,-0.00008909,-0.00090096,-0.00008909,-0.00020000000000000573,-0.0008802816901408702
1769961600000,2026-02-01T16:00:00Z,0.227,0.227,0.2256,0.2261,785890.2,177871.66008,0.227,0.227,0.2258,0.2261,0.2272,0.2272,0.226,0.2262,-0.00008909,-0.00093461,-0.00095693,-0.00093461,-0.00010000000000001674,-0.0004420866489832747
1769961900000,2026-02-01T16:05:00Z,0.2261,0.2289,0.2259,0.2269,732743.6,166804.9818,0.2261,0.2289,0.226,0.2269,0.2262,0.229,0.2262,0.2271,-0.00093461,-0.00000122,-0.00003809,-0.00003809,-0.00020000000000000573,-0.0008806693086746179
1769962200000,2026-02-01T16:10:00Z,0.2269,0.2283,0.2258,0.228,462094.7,104994.40808,0.2269,0.2283,0.2261,0.2281,0.2271,0.2283,0.2263,0.2282,-0.00003809,0,0,0,-0.00019999999999997797,-0.0008764241893075284
1769962500000,2026-02-01T16:15:00Z,0.228,0.228,0.2253,0.2253,254412.4,57536.01378,0.2281,0.2281,0.2253,0.2253,0.2282,0.2282,0.2255,0.2255,0,-0.00000075,-0.00096295,-0.00000075,-0.00020000000000000573,-0.0008869179600887172
1769962800000,2026-02-01T16:20:00Z,0.2253,0.2287,0.2246,0.2284,752575.3,170252.52436,0.2253,0.2287,0.2248,0.2285,0.2255,0.2287,0.225,0.2286,-0.00000075,0,0,0,-0.00020000000000000573,-0.0008748906386701913
1769963100000,2026-02-01T16:25:00Z,0.2284,0.23,0.2281,0.2283,567086.5,129902.8101,0.2285,0.2299,0.2282,0.2283,0.2286,0.23,0.2284,0.2285,0,-0.00000004,-0.00099038,-0.00099038,-0.00020000000000000573,-0.0008752735229759551
1769963400000,2026-02-01T16:30:00Z,0.2283,0.2288,0.2277,0.2286,328824.7,75085.04321,0.2283,0.2288,0.2277,0.2286,0.2285,0.2289,0.2279,0.2287,-0.00099038,-0.00053617,-0.00055845,-0.00053617,-9.999999999998899e-05,-0.0004372540445998644
1769963700000,2026-02-01T16:35:00Z,0.2286,0.2288,0.2272,0.2273,192844.6,43946.26717,0.2286,0.2288,0.2272,0.2274,0.2287,0.2289,0.2274,0.2276,-0.00053617,-0.0005516,-0.00057337,-0.00057337,-0.0002999999999999947,-0.0013181019332161455
1769964000000,2026-02-01T16:40:00Z,0.2273,0.2277,0.2259,0.2264,266950.1,60448.24693,0.2274,0.2277,0.2261,0.2264,0.2276,0.2277,0.2264,0.2266,-0.00057337,0,-0.00090066,0,-0.00020000000000000573,-0.0008826125330979953
1769964300000,2026-02-01T16:45:00Z,0.2264,0.2277,0.2264,0.2268,132783.7,30159.49709,0.2264,0.2277,0.2264,0.2269,0.2266,0.2277,0.2266,0.2271,0,-0.00011125,-0.00057877,-0.00057877,-0.0002999999999999947,-0.0013210039630118658
1769964600000,2026-02-01T16:50:00Z,0.2268,0.2274,0.2262,0.2274,418092.1,94817.19063,0.2269,0.2274,0.2262,0.2274,0.2271,0.2275,0.2265,0.2275,-0.00057877,-0.00011805,-0.00048,-0.00011805,-0.00010000000000001674,-0.0004395604395605131
1769964900000,2026-02-01T16:55:00Z,0.2274,0.2282,0.2269,0.2273,222542.5,50645.331,0.2274,0.2282,0.2272,0.2274,0.2275,0.2282,0.2273,0.2277,-0.00011805,-0.0004787,-0.00186596,-0.0004787,-0.00040000000000001146,-0.001756697408871372
1769965200000,2026-02-01T17:00:00Z,0.2273,0.2282,0.227,0.2282,231206.4,52638.53559,0.2274,0.2282,0.227,0.2282,0.2277,0.2284,0.2273,0.2284,-0.0004787,-0.00007928,-0.00011817,-0.00011817,-0.00020000000000000573,-0.0008756567425569428
1769965500000,2026-02-01T17:05:00Z,0.2282,0.2287,0.2279,0.2283,166347.5,37972.48477,0.2282,0.2287,0.228,0.2283,0.2284,0.2288,0.2282,0.2284,-0.00011817,0,-0.00007688,-0.00007688,-9.999999999998899e-05,-0.00043782837127841065
1769965800000,2026-02-01T17:10:00Z,0.2283,0.2285,0.2278,0.2281,82967.3,18933.50474,0.2283,0.2285,0.2279,0.2281,0.2284,0.2286,0.2281,0.2283,-0.00007688,-0.00043878,-0.00053864,-0.00043878,-0.00020000000000000573,-0.0008760402978537264
1769966100000,2026-02-01T17:15:00Z,0.2281,0.2281,0.2275,0.228,62584.5,14254.36837,0.2281,0.2281,0.2276,0.228,0.2283,0.2283,0.2278,0.2282,-0.00043878,0,-0.00016862,-0.00016862,-0.00019999999999997797,-0.0008764241893075284
1769966400000,2026-02-01T17:20:00Z,0.228,0.228,0.226,0.2267,290835.6,65911.45917,0.228,0.228,0.226,0.2267,0.2282,0.2282,0.2262,0.2268,-0.00016862,-0.00001755,-0.00045947,-0.00001755,-9.999999999998899e-05,-0.0004409171075837257
1769966700000,2026-02-01T17:25:00Z,0.2267,0.2273,0.2266,0.2272,163147.9,37037.39811,0.2267,0.2273,0.2267,0.2272,0.2268,0.2274,0.2268,0.2274,-0.00001755,0,-0.00001993,-0.00001993,-0.00019999999999997797,-0.0008795074758134476
1769967000000,2026-02-01T17:30:00Z,0.2272,0.2276,0.2258,0.2261,324567.9,73519.47769,0.2272,0.2276,0.2261,0.2261,0.2274,0.2277,0.2263,0.2264,-0.00001993,-0.00059814,-0.00095139,-0.00095139,-0.0002999999999999947,-0.0013250883392225915
1769967300000,2026-02-01T17:35:00Z,0.2261,0.2264,0.2255,0.2263,471990.8,106632.62234,0.2261,0.2264,0.2256,0.2263,0.2264,0.2266,0.2258,0.2265,-0.00095139,0,-0.00011218,-0.00011218,-0.00020000000000000573,-0.000883002207505544
1769967600000,2026-02-01T17:40:00Z,0.2263,0.2272,0.226,0.2267,196212,44518.11095,0.2263,0.2272,0.2261,0.2267,0.2265,0.2274,0.2263,0.2269,-0.00011218,-0.00060277,-0.0009904,-0.00060277,-0.00019999999999997797,-0.00088144557073591
1769967900000,2026-02-01T17:45:00Z,0.2267,0.227,0.2259,0.226,83147.9,18827.25649,0.2267,0.227,0.226,0.226,0.2269,0.2272,0.2262,0.2262,-0.00060277,-0.00006413,-0.00017059,-0.00017059,-0.00020000000000000573,-0.0008841732979664267
1769968200000,2026-02-01T17:50:00Z,0.226,0.2277,0.226,0.2275,143933.5,32684.13695,0.226,0.2277,0.226,0.2275,0.2262,0.2278,0.2262,0.2277,-0.00017059,0,-0.00005997,-0.00005997,-0.00020000000000000573,-0.000878348704435686
1769968500000,2026-02-01T17:55:00Z,0.2275,0.2282,0.2269,0.2282,116449.8,26494.55623,0.2275,0.2282,0.2271,0.2282,0.2277,0.2283,0.2273,0.2283,-0.00005997,0,-0.00000004,-0.00000004,-0.00010000000000001674,-0.00043802014892692397
1769968800000,2026-02-01T18:00:00Z,0.2282,0.2317,0.2281,0.2308,1472448.2,339232.60632,0.2282,0.2316,0.2282,0.2308,0.2283,0.2318,0.2283,0.231,-0.00000004,-0.00000423,-0.00099572,-0.00000423,-0.00020000000000000573,-0.0008658008658008905
1769969100000,2026-02-01T18:05:00Z,0.2308,0.2327,0.2301,0.2317,706238.3,163340.94476,0.2308,0.2327,0.2302,0.2317,0.231,0.2327,0.2304,0.2319,-0.00000423,-0.00022898,-0.00129862,-0.00129862,-0.00020000000000000573,-0.0008624407072014047
1769969400000,2026-02-01T18:10:00Z,0.2317,0.2328,0.2311,0.2325,358736,83156.72876,0.2317,0.2328,0.2313,0.2327,0.2319,0.2329,0.2315,0.2328,-0.00129862,0,-0.00009296,0,-0.0002999999999999947,-0.0012886597938144102
1769969700000,2026-02-01T18:15:00Z,0.2325,0.2326,0.2313,0.2323,506513.2,117390.8938,0.2327,0.2327,0.2313,0.2323,0.2328,0.2328,0.2315,0.2324,0,0,-0.00006833,-0.00006833,-9.999999999998899e-05,-0.0004302925989672504
1769970000000,2026-02-01T18:20:00Z,0.2323,0.2336,0.2312,0.2312,848395.9,197360.03943,0.2323,0.2336,0.2312,0.2312,0.2324,0.2337,0.2314,0.2314,-0.00006833,-0.00044894,-0.00094673,-0.00044894,-0.00020000000000000573,-0.0008643042350907767
1769970300000,2026-02-01T18:25:00Z,0.2312,0.2322,0.2306,0.2319,463099.2,107016.72303,0.2312,0.2322,0.2308,0.2319,0.2314,0.2323,0.2311,0.2321,-0.00044894,-0.00001607,-0.00007744,-0.00007744,-0.00020000000000000573,-0.0008616975441620238
1769970600000,2026-02-01T18:30:00Z,0.2319,0.2319,0.2312,0.2314,140043.7,32420.66631,0.2319,0.2319,0.2312,0.2314,0.2321,0.2321,0.2315,0.2317,-0.00007744,-0.00006245,-0.00054747,-0.00054747,-0.0002999999999999947,-0.0012947777298230243
1769970900000,2026-02-01T18:35:00Z,0.2314,0.2314,0.2306,0.2311,174529.6,40302.55084,0.2314,0.2314,0.2306,0.2311,0.2317,0.2317,0.2308,0.2313,-0.00054747,-0.00051636,-0.00052085,-0.00051636,-0.00020000000000000573,-0.0008646779074794887
1769971200000,2026-02-01T18:40:00Z,0.2311,0.2314,0.2301,0.2301,187723.7,43349.41179,0.2311,0.2314,0.2302,0.2302,0.2313,0.2316,0.2305,0.2305,-0.00051636,-0.00086855,-0.00138649,-0.00138649,-0.00040000000000001146,-0.0017353579175705485
1769971500000,2026-02-01T18:45:00Z,0.2301,0.2305,0.2296,0.2298,515426.7,118471.89668,0.2302,0.2305,0.2297,0.2298,0.2305,0.2307,0.23,0.2301,-0.00138649,-0.00010117,-0.0005757,-0.0005757,-0.0002999999999999947,-0.001303780964797891
1769971800000,2026-02-01T18:50:00Z,0.2298,0.23,0.2292,0.2295,68467.8,15719.00723,0.2298,0.2301,0.2292,0.2296,0.2301,0.2303,0.2295,0.2299,-0.0005757,-0.00009804,-0.00053044,-0.00009804,-0.0003999999999999837,-0.0017398869073509513
1769972100000,2026-02-01T18:55:00Z,0.2295,0.2302,0.2293,0.2302,81809.8,18790.6865,0.2296,0.2302,0.2294,0.2302,0.2299,0.2304,0.2297,0.2304,-0.00009804,-0.00057815,-0.000873,-0.00057815,-0.00020000000000000573,-0.0008680555555555804
1769972400000,2026-02-01T19:00:00Z,0.2302,0.2309,0.2294,0.2295,366958.2,84436.97984,0.2302,0.2309,0.2294,0.2295,0.2304,0.2311,0.2297,0.2297,-0.00057815,-0.00005904,-0.00063331,-0.00063331,-0.00019999999999997797,-0.0008707009142358641
1769972700000,2026-02-01T19:05:00Z,0.2295,0.2296,0.2292,0.2294,113867.4,26114.76543,0.2295,0.2296,0.2293,0.2294,0.2297,0.2298,0.2296,0.2297,-0.00063331,-0.00060365,-0.00091476,-0.00060365,-0.0002999999999999947,-0.001306051371353917
1769973000000,2026-02-01T19:10:00Z,0.2294,0.2299,0.2293,0.2293,97008.5,22276.37462,0.2294,0.2299,0.2293,0.2293,0.2297,0.2301,0.2296,0.2297,-0.00060365,-0.00111308,-0.00188185,-0.00188185,-0.0003999999999999837,-0.0017414018284718491
1769973300000,2026-02-01T19:15:00Z,0.2293,0.2293,0.2283,0.229,320130.4,73197.28034,0.2293,0.2293,0.2284,0.229,0.2297,0.2297,0.2286,0.2292,-0.00188185,-0.00054303,-0.00102165,-0.00054303,-0.00019999999999997797,-0.0008726003490400436
1769973600000,2026-02-01T19:20:00Z,0.229,0.2296,0.2288,0.2294,113795.2,26096.98553,0.229,0.2296,0.2288,0.2295,0.2292,0.2297,0.2291,0.2297,-0.00054303,-0.00013989,-0.0005326,-0.0005326,-0.0002999999999999947,-0.001306051371353917
1769973900000,2026-02-01T19:25:00Z,0.2294,0.23,0.2294,0.2298,134745.2,30961.54472,0.2295,0.23,0.2294,0.2298,0.2297,0.2302,0.2296,0.23,-0.0005326,-0.00044339,-0.00054332,-0.00044339,-0.00020000000000000573,-0.0008695652173913292
1769974200000,2026-02-01T19:30:00Z,0.2298,0.2304,0.2294,0.23,97434.7,22403.04564,0.2298,0.2304,0.2296,0.2301,0.23,0.2306,0.2299,0.2304,-0.00044339,-0.00043478,-0.00043704,-0.00043704,-0.0003999999999999837,-0.0017361111111110403
1769974500000,2026-02-01T19:35:00Z,0.23,0.23,0.229,0.2295,166310,38144.59859,0.2301,0.2301,0.229,0.2295,0.2304,0.2304,0.2294,0.2297,-0.00043704,-0.00017982,-0.00145095,-0.00145095,-0.00019999999999997797,-0.0008707009142358641
1769974800000,2026-02-01T19:40:00Z,0.2295,0.2296,0.2291,0.2292,43864.2,10057.36943,0.2295,0.2296,0.2292,0.2293,0.2297,0.2299,0.2295,0.2296,-0.00145095,-0.00054656,-0.00103944,-0.00103944,-0.00040000000000001146,-0.0017421602787456945
1769975100000,2026-02-01T19:45:00Z,0.2292,0.2292,0.2274,0.2276,943304.8,215044.05238,0.2293,0.2293,0.2275,0.2277,0.2296,0.2296,0.2278,0.2279,-0.00103944,-0.00050815,-0.00064684,-0.00050815,-0.0002999999999999947,-0.0013163668275559225
1769975400000,2026-02-01T19:50:00Z,0.2276,0.2283,0.2276,0.2277,250629.5,57137.68547,0.2277,0.2283,0.2277,0.2279,0.2279,0.2284,0.2279,0.2281,-0.00050815,-0.00003191,-0.00045946,-0.00045946,-0.0003999999999999837,-0.0017536168347215418
1769975700000,2026-02-01T19:55:00Z,0.2277,0.2285,0.2269,0.2284,191734.3,43629.8838,0.2279,0.2285,0.227,0.2285,0.2281,0.2286,0.2273,0.2286,-0.00045946,0,-0.00065046,-0.00065046,-0.00020000000000000573,-0.0008748906386701913
1769976000000,2026-02-01T20:00:00Z,0.2284,0.2284,0.2274,0.2282,76258.4,17374.49794,0.2285,0.2285,0.2275,0.2282,0.2286,0.2286,0.2278,0.2283,-0.00065046,-0.00054763,-0.00101632,-0.00054763,-0.00010000000000001674,-0.00043802014892692397
1769976300000,2026-02-01T20:05:00Z,0.2282,0.2284,0.2275,0.2282,69312.7,15800.46145,0.2282,0.2284,0.2275,0.2282,0.2283,0.2285,0.2278,0.2283,-0.00054763,-0.00011053,-0.00144842,-0.00011053,-0.00010000000000001674,-0.00043802014892692397
1769976600000,2026-02-01T20:10:00Z,0.2282,0.2289,0.2276,0.2278,555150.4,126740.42541,0.2282,0.2289,0.2278,0.2279,0.2283,0.2291,0.2279,0.2281,-0.00011053,-0.00051375,-0.00052246,-0.00051375,-0.0002999999999999947,-0.0013152126260411868
1769976900000,2026-02-01T20:15:00Z,0.2278,0.2283,0.2276,0.2277,271913.7,61974.49243,0.2279,0.2283,0.2277,0.2277,0.2281,0.2284,0.228,0.228,-0.00051375,-0.00013448,-0.00052254,-0.00013448,-0.0002999999999999947,-0.0013157894736841873
1769977200000,2026-02-01T20:20:00Z,0.2277,0.2286,0.2276,0.228,211992.6,48363.99467,0.2277,0.2286,0.2276,0.2281,0.228,0.2287,0.2278,0.2283,-0.00013448,0,-0.00006428,-0.00006428,-0.0002999999999999947,-0.0013140604467805287
1769977500000,2026-02-01T20:25:00Z,0.228,0.228,0.226,0.2261,308258.5,69929.23043,0.2281,0.2281,0.2261,0.2261,0.2283,0.2283,0.2264,0.2264,-0.00006428,-0.0014161,-0.00145832,-0.00145832,-0.0002999999999999947,-0.0013250883392225915
1769977800000,2026-02-01T20:30:00Z,0.2261,0.228,0.2261,0.228,114242.7,25943.74128,0.2261,0.228,0.2261,0.228,0.2264,0.2282,0.2264,0.2282,-0.00145832,-0.00004982,-0.00054038,-0.00054038,-0.00019999999999997797,-0.0008764241893075284
1769978100000,2026-02-01T20:35:00Z,0.228,0.2309,0.2278,0.2309,580767.6,133266.09912,0.228,0.2309,0.2279,0.2309,0.2282,0.231,0.2281,0.231,-0.00054038,0,-0.00056305,0,-0.00010000000000001674,-0.0004329004329005054
1769978400000,2026-02-01T20:40:00Z,0.2309,0.2315,0.2301,0.2304,479130.1,110460.77849,0.2309,0.2315,0.2301,0.2304,0.231,0.2316,0.2304,0.2305,0,-0.00053191,-0.0018472,-0.00053191,-0.00010000000000001674,-0.00043383947939269735
1769978700000,2026-02-01T20:45:00Z,0.2304,0.2305,0.2296,0.2296,232877,53540.395,0.2304,0.2305,0.2296,0.2296,0.2305,0.2307,0.2299,0.2299,-0.00053191,-0.00054895,-0.00055486,-0.00054895,-0.0002999999999999947,-0.0013049151805132437
1769979000000,2026-02-01T20:50:00Z,0.2296,0.2299,0.2287,0.2289,207461.1,47613.01776,0.2296,0.2299,0.2287,0.2289,0.2299,0.2301,0.229,0.2291,-0.00054895,-0.00087773,-0.00139442,-0.00087773,-0.00020000000000000573,-0.0008729812309035606
1769979300000,2026-02-01T20:55:00Z,0.2289,0.2292,0.2288,0.229,68274.6,15631.36973,0.2289,0.2292,0.2289,0.229,0.2291,0.2292,0.2291,0.2291,-0.00087773,-0.00017993,-0.00054185,-0.00054185,-9.999999999998899e-05,-0.00043649061545171974
1769979600000,2026-02-01T21:00:00Z,0.229,0.2292,0.2279,0.228,131600.9,30082.49602,0.229,0.2292,0.228,0.228,0.2291,0.2292,0.2282,0.2282,-0.00054185,-0.0001362,-0.00090026,-0.0001362,-0.00019999999999997797,-0.0008764241893075284
1769979900000,2026-02-01T21:05:00Z,0.228,0.2284,0.2268,0.2271,173573.1,39465.32134,0.228,0.2284,0.2268,0.2271,0.2282,0.2285,0.2271,0.2273,-0.0001362,-0.00005167,-0.00009995,-0.00005167,-0.00020000000000000573,-0.0008798944126705047
1769980200000,2026-02-01T21:10:00Z,0.2271,0.2283,0.2271,0.2279,321022.6,73116.35248,0.2271,0.2282,0.2271,0.2279,0.2273,0.2284,0.2273,0.228,-0.00005167,0,-0.00090977,-0.00090977,-0.00010000000000001674,-0.0004385964912281436
1769980500000,2026-02-01T21:15:00Z,0.2279,0.2279,0.2271,0.2273,443345.9,100819.6885,0.2279,0.2279,0.2272,0.2274,0.228,0.228,0.2273,0.2276,-0.00090977,0,-0.00104509,-0.00104509,-0.0002999999999999947,-0.0013181019332161455
1769980800000,2026-02-01T21:20:00Z,0.2273,0.2275,0.2268,0.2268,317654,72174.12825,0.2274,0.2275,0.2268,0.2268,0.2276,0.2276,0.227,0.227,-0.00104509,0,-0.00065608,-0.00065608,-0.00020000000000000573,-0.0008810572687224922
1769981100000,2026-02-01T21:25:00Z,0.2268,0.2278,0.2267,0.2274,194041.5,44070.49704,0.2268,0.2278,0.2268,0.2274,0.227,0.2278,0.2269,0.2275,-0.00065608,0,-0.00001105,0,-0.00010000000000001674,-0.0004395604395605131
1769981400000,2026-02-01T21:30:00Z,0.2274,0.2283,0.2267,0.2273,146181,33232.93739,0.2274,0.2283,0.2267,0.2273,0.2275,0.2283,0.227,0.2275,0,-0.00005068,-0.0000574,-0.0000574,-0.00020000000000000573,-0.0008791208791209043
1769981700000,2026-02-01T21:35:00Z,0.2273,0.2287,0.2273,0.2285,149307.9,34052.9411,0.2273,0.2287,0.2273,0.2285,0.2275,0.2287,0.2275,0.2286,-0.0000574,-0.00015582,-0.00043768,-0.00015582,-9.999999999998899e-05,-0.00043744531933503493
1769982000000,2026-02-01T21:40:00Z,0.2285,0.2287,0.2273,0.2273,156552.9,35679.03457,0.2285,0.2287,0.2273,0.2273,0.2286,0.2288,0.2273,0.2273,-0.00015582,0,0,0,0.0,0.0
1769982300000,2026-02-01T21:45:00Z,0.2273,0.2279,0.2261,0.2274,420150.6,95420.16484,0.2273,0.2279,0.2261,0.2275,0.2273,0.228,0.2262,0.2277,0,0,0,0,-0.00030000000000002247,-0.00131752305665359
1769982600000,2026-02-01T21:50:00Z,0.2274,0.2276,0.2266,0.227,153369.9,34827.40975,0.2275,0.2276,0.2268,0.227,0.2277,0.2277,0.227,0.2271,0,-0.00003964,-0.00044032,-0.00044032,-9.999999999998899e-05,-0.00044033465433724787
1769982900000,2026-02-01T21:55:00Z,0.227,0.2271,0.2258,0.227,455109.4,103076.51116,0.227,0.2271,0.226,0.227,0.2271,0.2272,0.2262,0.2271,-0.00044032,-0.00012566,-0.00015057,-0.00012566,-9.999999999998899e-05,-0.00044033465433724787
1769983200000,2026-02-01T22:00:00Z,0.227,0.228,0.2267,0.228,418298.7,95096.61378,0.227,0.2281,0.2269,0.228,0.2271,0.2282,0.227,0.2282,-0.00012566,0,-0.00054064,-0.00054064,-0.00019999999999997797,-0.0008764241893075284
1769983500000,2026-02-01T22:05:00Z,0.228,0.2281,0.2271,0.2279,293362.9,66769.79129,0.228,0.2281,0.2271,0.228,0.2282,0.2283,0.2275,0.2282,-0.00054064,-0.00054485,-0.00075815,-0.00075815,-0.0002999999999999947,-0.0013146362839614142
1769983800000,2026-02-01T22:10:00Z,0.2279,0.2312,0.2279,0.2304,895535.7,205745.858,0.228,0.2312,0.228,0.2304,0.2282,0.2314,0.2282,0.2305,-0.00075815,0,-0.00076177,-0.00076177,-0.00010000000000001674,-0.00043383947939269735
1769984100000,2026-02-01T22:15:00Z,0.2304,0.2304,0.2295,0.2299,117268.1,26959.26002,0.2304,0.2304,0.2296,0.2299,0.2305,0.2305,0.2299,0.2301,-0.00076177,0,-0.00006307,-0.00006307,-0.00020000000000000573,-0.0008691873098653008
1769984400000,2026-02-01T22:20:00Z,0.2299,0.2299,0.2273,0.2273,352845.9,80627.08298,0.2299,0.2299,0.2274,0.2275,0.2301,0.2301,0.2276,0.2277,-0.00006307,-0.00013296,-0.00051188,-0.00013296,-0.00040000000000001146,-0.001756697408871372
1769984700000,2026-02-01T22:25:00Z,0.2273,0.2291,0.2271,0.2291,297580.4,67840.29783,0.2275,0.2292,0.2272,0.2291,0.2277,0.2293,0.2274,0.2293,-0.00013296,0,-0.00074982,-0.00074982,-0.00020000000000000573,-0.0008722197993894711
1769985000000,2026-02-01T22:30:00Z,0.2291,0.2304,0.2291,0.2302,128856.9,29609.298,0.2291,0.2304,0.2291,0.2302,0.2293,0.2306,0.2293,0.2304,-0.00074982,0,-0.0003695,-0.0003695,-0.00020000000000000573,-0.0008680555555555804
1769985300000,2026-02-01T22:35:00Z,0.2302,0.2312,0.2296,0.2308,127647.8,29395.51254,0.2302,0.2312,0.2297,0.231,0.2304,0.2314,0.23,0.2312,-0.0003695,0,-0.00018336,-0.00018336,-0.0003999999999999837,-0.0017301038062283033
1769985600000,2026-02-01T22:40:00Z,0.2308,0.2308,0.2298,0.2299,134011.2,30848.85624,0.231,0.231,0.2298,0.2301,0.2312,0.2312,0.2301,0.2303,-0.00018336,0,-0.00059009,-0.00059009,-0.00040000000000001146,-0.001736864958749507
1769985900000,2026-02-01T22:45:00Z,0.2299,0.2304,0.2293,0.2293,93381.1,21457.69257,0.2301,0.2304,0.2293,0.2293,0.2303,0.2306,0.2297,0.2297,-0.00059009,-0.00073679,-0.00075076,-0.00075076,-0.0003999999999999837,-0.0017414018284718491
1769986200000,2026-02-01T22:50:00Z,0.2293,0.2299,0.2289,0.2291,339227.5,77779.86138,0.2293,0.2299,0.2289,0.2291,0.2297,0.2302,0.2291,0.2293,-0.00075076,-0.00087522,-0.00089917,-0.00087522,-0.00020000000000000573,-0.0008722197993894711
1769986500000,2026-02-01T22:55:00Z,0.2291,0.2299,0.229,0.2294,78747.4,18060.7734,0.2291,0.2299,0.229,0.2296,0.2293,0.23,0.2292,0.2297,-0.00087522,0,-0.0000323,0,-0.0002999999999999947,-0.001306051371353917
1769986800000,2026-02-01T23:00:00Z,0.2294,0.2294,0.2273,0.2276,256828.1,58519.10828,0.2296,0.2296,0.2273,0.2276,0.2297,0.2297,0.2275,0.2278,0,0,-0.00023529,-0.00023529,-0.00020000000000000573,-0.0008779631255487521
1769987100000,2026-02-01T23:05:00Z,0.2276,0.2276,0.2221,0.2232,3850031.9,862879.27021,0.2276,0.2276,0.2223,0.223,0.2278,0.2278,0.2225,0.223,-0.00023529,0,-0.00007997,0,0.00020000000000000573,0.0008968609865471109
1769987400000,2026-02-01T23:10:00Z,0.2232,0.2275,0.2214,0.2264,2900185.5,650313.518,0.223,0.2275,0.2217,0.2266,0.223,0.2276,0.2219,0.2267,0,-0.00006824,-0.00140986,-0.00140986,-0.00030000000000002247,-0.0013233348037054364
1769987700000,2026-02-01T23:15:00Z,0.2264,0.2282,0.2252,0.2258,1021349.6,231628.58374,0.2266,0.2282,0.2253,0.2258,0.2267,0.2283,0.2256,0.2259,-0.00140986,-0.00007315,-0.00074736,-0.00007315,-9.999999999998899e-05,-0.0004426737494466091
1769988000000,2026-02-01T23:20:00Z,0.2258,0.2276,0.2245,0.2263,1449683.7,327097.76607,0.2258,0.2276,0.2246,0.2265,0.2259,0.2277,0.2248,0.2266,-0.00007315,0,-0.00015028,-0.00015028,-0.0002999999999999947,-0.0013239187996469317
1769988300000,2026-02-01T23:25:00Z,0.2263,0.2288,0.2263,0.228,945755.5,215439.4437,0.2265,0.2288,0.2265,0.2281,0.2266,0.2288,0.2266,0.2282,-0.00015028,-0.00001465,-0.00004319,-0.00004319,-0.00019999999999997797,-0.0008764241893075284
1769988600000,2026-02-01T23:30:00Z,0.228,0.2299,0.2271,0.2298,721731.9,164821.8138,0.2281,0.2299,0.2272,0.2298,0.2282,0.23,0.2274,0.2299,-0.00004319,0,-0.00005446,-0.00005446,-9.999999999998899e-05,-0.0004349717268377077
1769988900000,2026-02-01T23:35:00Z,0.2298,0.2318,0.2295,0.2305,700064,161548.04784,0.2298,0.2317,0.2297,0.2305,0.2299,0.2319,0.2298,0.2305,-0.00005446,-0.00087825,-0.000956,-0.000956,0.0,0.0
1769989200000,2026-02-01T23:40:00Z,0.2305,0.2305,0.2296,0.2298,180270.4,41466.30813,0.2305,0.2305,0.2296,0.2299,0.2305,0.2306,0.2298,0.2301,-0.000956,-0.00006249,-0.00008238,-0.00006249,-0.0002999999999999947,-0.001303780964797891
1769989500000,2026-02-01T23:45:00Z,0.2298,0.2298,0.2278,0.228,339617.4,77640.29758,0.2299,0.2299,0.2278,0.228,0.2301,0.2301,0.2281,0.2282,-0.00006249,-0.00092807,-0.00134192,-0.00134192,-0.00019999999999997797,-0.0008764241893075284
1769989800000,2026-02-01T23:50:00Z,0.228,0.2284,0.2271,0.2273,602946.9,137289.75212,0.228,0.2284,0.2273,0.2273,0.2282,0.2286,0.2275,0.2275,-0.00134192,0,-0.00007787,0,-0.00020000000000000573,-0.0008791208791209043
1769990100000,2026-02-01T23:55:00Z,0.2273,0.2279,0.2272,0.2276,239818.7,54566.90133,0.2273,0.2279,0.2272,0.2276,0.2275,0.228,0.2274,0.2276,0,0,-0.00008179,0,0.0,0.0
1769990400000,2026-02-02T00:00:00Z,0.2276,0.2284,0.2254,0.2266,479138.5,108757.58032,0.2276,0.2284,0.2256,0.2266,0.2276,0.2284,0.2259,0.2268,0,-0.00045869,-0.00142986,-0.00142986,-0.00020000000000000573,-0.0008818342151675737
1769990700000,2026-02-02T00:05:00Z,0.2266,0.2293,0.2265,0.229,353891.9,80625.31982,0.2266,0.2293,0.2265,0.2291,0.2268,0.2294,0.2267,0.2291,-0.00142986,-0.00005453,-0.00008714,-0.00008714,-9.999999999998899e-05,-0.00043649061545171974
1769991000000,2026-02-02T00:10:00Z,0.229,0.2304,0.2288,0.2296,541970,124394.20603,0.2291,0.2304,0.2289,0.2299,0.2291,0.2306,0.2291,0.2301,-0.00008714,-0.00008972,-0.00049205,-0.00049205,-0.0005000000000000004,-0.002172968274663192
1769991300000,2026-02-02T00:15:00Z,0.2296,0.2321,0.2294,0.2313,384984.2,88904.75873,0.2299,0.2319,0.2295,0.2313,0.2301,0.2321,0.2297,0.2315,-0.00049205,-0.00009948,-0.00095084,-0.00095084,-0.00020000000000000573,-0.0008639308855291824
1769991600000,2026-02-02T00:20:00Z,0.2313,0.2323,0.2312,0.2319,220283.6,51020.60176,0.2313,0.2323,0.2312,0.2319,0.2315,0.2324,0.2314,0.2321,-0.00095084,0,-0.00052951,-0.00052951,-0.00020000000000000573,-0.0008616975441620238
1769991900000,2026-02-02T00:25:00Z,0.2319,0.2324,0.2313,0.2319,341471.2,79205.51921,0.2319,0.2324,0.2314,0.2319,0.2321,0.2326,0.2316,0.2321,-0.00052951,-0.00000055,-0.00090021,-0.00000055,-0.00020000000000000573,-0.0008616975441620238
1769992200000,2026-02-02T00:30:00Z,0.2319,0.2332,0.2314,0.2317,169114.7,39236.41303,0.2319,0.233,0.2315,0.2317,0.2321,0.2333,0.2318,0.2319,-0.00000055,-0.00083608,-0.00091029,-0.00083608,-0.00020000000000000573,-0.0008624407072014047
1769992500000,2026-02-02T00:35:00Z,0.2317,0.2333,0.2316,0.2321,256822.3,59780.66341,0.2317,0.2334,0.2317,0.2323,0.2319,0.2336,0.2319,0.2326,-0.00083608,-0.00047883,-0.00091648,-0.00047883,-0.0005000000000000004,-0.002149613069647465
1769992800000,2026-02-02T00:40:00Z,0.2321,0.2325,0.2317,0.2325,92945,21587.50792,0.2323,0.2326,0.2317,0.2325,0.2326,0.2327,0.2321,0.2327,-0.00047883,0,-0.00047131,-0.00047131,-0.00019999999999997797,-0.0008594757198108207
1769993100000,2026-02-02T00:45:00Z,0.2325,0.2328,0.2317,0.2319,221355.8,51425.95865,0.2325,0.2328,0.2317,0.2319,0.2327,0.2329,0.232,0.2322,-0.00047131,-0.00047826,-0.00048603,-0.00048603,-0.0002999999999999947,-0.0012919896640826646
1769993400000,2026-02-02T00:50:00Z,0.2319,0.2325,0.2314,0.2314,108580.7,25162.08208,0.2319,0.2325,0.2314,0.2314,0.2322,0.2326,0.2317,0.2317,-0.00048603,-0.00092583,-0.00208927,-0.00092583,-0.0002999999999999947,-0.0012947777298230243
1769993700000,2026-02-02T00:55:00Z,0.2314,0.2314,0.2308,0.2311,313288.6,72378.42425,0.2314,0.2314,0.2309,0.2312,0.2317,0.2317,0.2311,0.2314,-0.00092583,-0.00007132,-0.00051452,-0.00051452,-0.0002999999999999947,-0.001296456352636105
1769994000000,2026-02-02T01:00:00Z,0.2311,0.2325,0.2308,0.2319,353950.4,82021.97376,0.2312,0.2325,0.2309,0.232,0.2314,0.2327,0.2311,0.2323,-0.00051452,-0.00044136,-0.00090645,-0.00090645,-0.00040000000000001146,-0.0017219113215669885
1769994300000,2026-02-02T01:05:00Z,0.2319,0.2319,0.2294,0.2296,169816.5,39091.17382,0.232,0.232,0.2296,0.2296,0.2323,0.2323,0.2298,0.2299,-0.00090645,-0.00091389,-0.00093444,-0.00091389,-0.0002999999999999947,-0.0013049151805132437
1769994600000,2026-02-02T01:10:00Z,0.2296,0.2296,0.2279,0.2282,298215.8,68132.94677,0.2296,0.2296,0.228,0.2282,0.2299,0.2299,0.2283,0.2285,-0.00091389,-0.00048155,-0.00145763,-0.00048155,-0.00030000000000002247,-0.0013129102844639932
1769994900000,2026-02-02T01:15:00Z,0.2282,0.2317,0.2276,0.2309,1140441.1,262657.69488,0.2282,0.2317,0.2277,0.231,0.2285,0.2319,0.228,0.2313,-0.00048155,-0.00092928,-0.0013901,-0.0013901,-0.00040000000000001146,-0.0017293558149589774
1769995200000,2026-02-02T01:20:00Z,0.2309,0.2334,0.2304,0.2334,530725.4,123236.85186,0.231,0.2333,0.2305,0.2333,0.2313,0.2336,0.2308,0.2336,-0.0013901,-0.00000176,-0.00049841,-0.00049841,-0.00020000000000000573,-0.0008561643835616684
1769995500000,2026-02-02T01:25:00Z,0.2334,0.2348,0.2333,0.2343,534738.6,125071.96105,0.2333,0.2347,0.2333,0.2343,0.2336,0.2349,0.2336,0.2345,-0.00049841,-0.00047693,-0.00047805,-0.00047693,-0.00019999999999997797,-0.0008528784648186694
1769995800000,2026-02-02T01:30:00Z,0.2343,0.2344,0.2326,0.2327,295688.2,68955.78026,0.2343,0.2344,0.2327,0.2328,0.2345,0.2346,0.233,0.2331,-0.00047693,-0.00001787,-0.00091361,-0.00001787,-0.00040000000000001146,-0.0017160017160017652
1769996100000,2026-02-02T01:35:00Z,0.2327,0.2336,0.2323,0.2333,180669.1,42085.42652,0.2328,0.2336,0.2325,0.2333,0.2331,0.2338,0.2328,0.2335,-0.00001787,-0.00094813,-0.0009649,-0.00094813,-0.00020000000000000573,-0.0008565310492505598
1769996400000,2026-02-02T01:40:00Z,0.2333,0.2336,0.233,0.2333,51063.2,11913.71431,0.2333,0.2336,0.233,0.2333,0.2335,0.2338,0.2333,0.2336,-0.00094813,-0.00012686,-0.00054059,-0.00054059,-0.0002999999999999947,-0.0012842465753424431
1769996700000,2026-02-02T01:45:00Z,0.2333,0.2334,0.2317,0.2323,154273.4,35827.85909,0.2333,0.2334,0.2317,0.2323,0.2336,0.2336,0.2321,0.2325,-0.00054059,-0.00091437,-0.00129974,-0.00129974,-0.00020000000000000573,-0.0008602150537634655
1769997000000,2026-02-02T01:50:00Z,0.2323,0.2331,0.2322,0.2324,73997.4,17213.88168,0.2323,0.2331,0.2323,0.2324,0.2325,0.2333,0.2325,0.2327,-0.00129974,-0.00094305,-0.00129257,-0.00129257,-0.0002999999999999947,-0.0012892135797163504
1769997300000,2026-02-02T01:55:00Z,0.2324,0.2326,0.2319,0.232,41606.6,9656.99427,0.2324,0.2326,0.232,0.232,0.2327,0.2328,0.2324,0.2324,-0.00129257,-0.00045417,-0.00135453,-0.00045417,-0.0003999999999999837,-0.0017211703958691209
1769997600000,2026-02-02T02:00:00Z,0.232,0.2323,0.2313,0.2314,84708.7,19623.38328,0.232,0.2323,0.2313,0.2314,0.2324,0.2326,0.2317,0.2318,-0.00045417,-0.00050494,-0.00087403,-0.00087403,-0.00040000000000001146,-0.0017256255392580303
1769997900000,2026-02-02T02:05:00Z,0.2314,0.2318,0.2309,0.2312,185099.4,42832.822,0.2314,0.2318,0.2309,0.2313,0.2318,0.2321,0.2313,0.2316,-0.00087403,-0.00090945,-0.00095482,-0.00090945,-0.00040000000000001146,-0.001727115716753072
1769998200000,2026-02-02T02:10:00Z,0.2312,0.2312,0.2303,0.2309,127525,29426.05194,0.2313,0.2313,0.2304,0.2309,0.2316,0.2316,0.2307,0.2312,-0.00090945,-0.00009077,-0.00097266,-0.00009077,-0.0002999999999999947,-0.0012975778546712574
1769998500000,2026-02-02T02:15:00Z,0.2309,0.2329,0.2308,0.2319,387799.5,89988.23182,0.2309,0.2329,0.2309,0.2318,0.2312,0.233,0.2312,0.2322,-0.00009077,-0.00129547,-0.00130224,-0.00130224,-0.0002999999999999947,-0.0012919896640826646
1769998800000,2026-02-02T02:20:00Z,0.2319,0.2321,0.2313,0.232,68245.3,15807.5091,0.2318,0.2321,0.2313,0.232,0.2322,0.2323,0.2317,0.2323,-0.00130224,-0.00086275,-0.00137989,-0.00137989,-0.0002999999999999947,-0.0012914334911751817
1769999100000,2026-02-02T02:25:00Z,0.232,0.2332,0.2319,0.2325,216469.6,50396.62105,0.232,0.2332,0.232,0.2325,0.2323,0.2335,0.2323,0.2329,-0.00137989,-0.00088898,-0.0009668,-0.0009668,-0.0003999999999999837,-0.0017174753112923302
1769999400000,2026-02-02T02:30:00Z,0.2325,0.2327,0.2314,0.2315,164053.2,38071.70578,0.2325,0.2327,0.2314,0.2316,0.2329,0.233,0.2317,0.2318,-0.0009668,-0.00054682,-0.00140077,-0.00140077,-0.0002999999999999947,-0.0012942191544434629
1769999700000,2026-02-02T02:35:00Z,0.2315,0.2316,0.2303,0.2315,191421.5,44217.28775,0.2316,0.2316,0.2303,0.2315,0.2318,0.2318,0.2306,0.2318,-0.00140077,-0.00032836,-0.00051006,-0.00051006,-0.0002999999999999947,-0.0012942191544434629
1770000000000,2026-02-02T02:40:00Z,0.2315,0.2319,0.2306,0.2308,80680.8,18653.00049,0.2315,0.2319,0.2307,0.2308,0.2318,0.2321,0.231,0.2311,-0.00051006,-0.0009622,-0.00100752,-0.00100752,-0.0002999999999999947,-0.0012981393336217858
1770000300000,2026-02-02T02:45:00Z,0.2308,0.231,0.23,0.2309,86161.1,19854.34022,0.2308,0.231,0.2302,0.2309,0.2311,0.2313,0.2305,0.2312,-0.00100752,-0.0009557,-0.00099324,-0.00099324,-0.0002999999999999947,-0.0012975778546712574
1770000600000,2026-02-02T02:50:00Z,0.2309,0.2311,0.2299,0.2301,123016.7,28334.98908,0.2309,0.2311,0.23,0.2301,0.2312,0.2313,0.2302,0.2304,-0.00099324,-0.00010798,-0.0013385,-0.00010798,-0.0002999999999999947,-0.0013020833333333105
1770000900000,2026-02-02T02:55:00Z,0.2301,0.2302,0.2294,0.2297,146390.4,33630.64569,0.2301,0.2302,0.2294,0.2297,0.2304,0.2305,0.2297,0.23,-0.00010798,-0.00000339,-0.00076,-0.00076,-0.00030000000000002247,-0.0013043478260870542
1770001200000,2026-02-02T03:00:00Z,0.2297,0.23,0.2286,0.2289,263491.1,60341.20888,0.2297,0.23,0.2287,0.2289,0.23,0.2303,0.229,0.2292,-0.00076,-0.00054422,-0.00087531,-0.00087531,-0.0002999999999999947,-0.0013089005235601865
1770001500000,2026-02-02T03:05:00Z,0.2289,0.2294,0.2281,0.2291,285734.2,65395.551,0.2289,0.2294,0.2282,0.2291,0.2292,0.2296,0.2285,0.2294,-0.00087531,-0.00043622,-0.00102179,-0.00102179,-0.0002999999999999947,-0.0013077593722754784
1770001800000,2026-02-02T03:10:00Z,0.2291,0.2291,0.2261,0.2263,662128.8,150354.34426,0.2291,0.2291,0.2263,0.2264,0.2294,0.2294,0.2266,0.2267,-0.00102179,-0.00010355,-0.00100487,-0.00100487,-0.00040000000000001146,-0.0017644464049405004
1770002100000,2026-02-02T03:15:00Z,0.2263,0.2267,0.2246,0.2253,1146364.6,258609.6236,0.2264,0.2267,0.2248,0.2253,0.2267,0.227,0.225,0.2256,-0.00100487,-0.00048471,-0.00095903,-0.00095903,-0.0002999999999999947,-0.0013297872340425297
1770002400000,2026-02-02T03:20:00Z,0.2253,0.2254,0.2207,0.2228,3498936.1,778761.77202,0.2253,0.2254,0.2209,0.223,0.2256,0.2257,0.2212,0.2232,-0.00095903,-0.00000991,-0.00055146,-0.00000991,-0.00040000000000001146,-0.001792114695340553
1770002700000,2026-02-02T03:25:00Z,0.2228,0.2235,0.221,0.2214,1426203.3,316738.214,0.223,0.2234,0.2211,0.2214,0.2232,0.2237,0.2214,0.2216,-0.00000991,-0.00050453,-0.00051615,-0.00051615,-0.00019999999999997797,-0.000902527075812175
1770003000000,2026-02-02T03:30:00Z,0.2214,0.2236,0.2208,0.2215,1821072.1,404370.82091,0.2214,0.2235,0.2209,0.2215,0.2216,0.2237,0.2212,0.2217,-0.00051615,-0.00045825,-0.00136499,-0.00045825,-0.00020000000000000573,-0.0009021199819576262
1770003300000,2026-02-02T03:35:00Z,0.2215,0.2217,0.2198,0.2202,773644.2,170589.88605,0.2215,0.2216,0.22,0.2202,0.2217,0.2218,0.2203,0.2204,-0.00045825,-0.00053428,-0.00086119,-0.00086119,-0.00020000000000000573,-0.0009074410163339643
1770003600000,2026-02-02T03:40:00Z,0.2202,0.2216,0.22,0.2213,568345,125552.57543,0.2202,0.2216,0.22,0.2213,0.2204,0.2216,0.2202,0.2215,-0.00086119,-0.00045341,-0.00052822,-0.00045341,-0.00020000000000000573,-0.0009029345372460755
1770003900000,2026-02-02T03:45:00Z,0.2213,0.229,0.2212,0.2288,2116507.8,478088.81488,0.2213,0.229,0.2212,0.2289,0.2215,0.2291,0.2215,0.229,-0.00045341,-0.00000352,-0.00008007,-0.00008007,-0.00020000000000000573,-0.0008733624454148721
1770004200000,2026-02-02T03:50:00Z,0.2288,0.2291,0.2263,0.2281,894159,203670.11963,0.2289,0.229,0.2264,0.2281,0.229,0.2292,0.2267,0.2283,-0.00008007,-0.00000749,-0.00050065,-0.00050065,-0.00020000000000000573,-0.0008760402978537264
1770004500000,2026-02-02T03:55:00Z,0.2281,0.2303,0.2281,0.2294,1338390.6,306671.07275,0.2281,0.2303,0.2281,0.2295,0.2283,0.2304,0.2283,0.2297,-0.00050065,-0.00011496,-0.00050039,-0.00011496,-0.0002999999999999947,-0.001306051371353917
1770004800000,2026-02-02T04:00:00Z,0.2294,0.2297,0.2273,0.2273,561063.6,128117.77468,0.2295,0.2297,0.2273,0.2273,0.2297,0.2299,0.2276,0.2276,-0.00011496,-0.00000069,-0.00003675,-0.00003675,-0.0002999999999999947,-0.0013181019332161455
1770005100000,2026-02-02T04:05:00Z,0.2273,0.2278,0.2268,0.2278,329905.5,74960.14646,0.2273,0.2278,0.2268,0.2278,0.2276,0.228,0.227,0.2279,-0.00003675,0,-0.00061536,0,-9.999999999998899e-05,-0.00043878894251860024
1770005400000,2026-02-02T04:10:00Z,0.2278,0.228,0.2254,0.2258,404384.8,91315.77543,0.2278,0.2279,0.2254,0.2258,0.2279,0.2281,0.2257,0.226,0,-0.00051271,-0.00061801,-0.00061801,-0.00020000000000000573,-0.0008849557522124147
1770005700000,2026-02-02T04:15:00Z,0.2258,0.2287,0.2255,0.2287,448807.7,102016.34348,0.2258,0.2287,0.2257,0.2286,0.226,0.2287,0.2259,0.2287,-0.00061801,-0.00006345,-0.00009731,-0.00009731,0.0,0.0
1770006000000,2026-02-02T04:20:00Z,0.2287,0.2304,0.2274,0.2304,525809,120514.80573,0.2286,0.2304,0.2275,0.2304,0.2287,0.2306,0.2277,0.2304,-0.00009731,-0.00014497,-0.00081725,-0.00081725,0.0,0.0
1770006300000,2026-02-02T04:25:00Z,0.2304,0.2321,0.2304,0.2318,792257.8,183232.08344,0.2304,0.2322,0.2304,0.2319,0.2304,0.2323,0.2304,0.2321,-0.00081725,-0.00000504,-0.00052217,-0.00052217,-0.0002999999999999947,-0.001292546316242976
1770006600000,2026-02-02T04:30:00Z,0.2318,0.2326,0.2304,0.2316,1457967.3,337884.69732,0.2319,0.2326,0.2304,0.2317,0.2321,0.2328,0.2308,0.2319,-0.00052217,-0.00004245,-0.0004663,-0.00004245,-0.0002999999999999947,-0.0012936610608020472
1770006900000,2026-02-02T04:35:00Z,0.2316,0.2319,0.2305,0.2309,262188,60671.69553,0.2317,0.2319,0.2306,0.231,0.2319,0.2321,0.2308,0.2312,-0.00004245,-0.00001272,-0.0009402,-0.00001272,-0.0002999999999999947,-0.0012975778546712574
1770007200000,2026-02-02T04:40:00Z,0.2309,0.2309,0.23,0.2301,226530.4,52164.38852,0.231,0.231,0.2301,0.2301,0.2312,0.2312,0.2303,0.2303,-0.00001272,-0.00036803,-0.00045772,-0.00045772,-0.00020000000000000573,-0.0008684324793747535
1770007500000,2026-02-02T04:45:00Z,0.2301,0.2301,0.2289,0.229,146094.2,33521.41578,0.2301,0.2301,0.229,0.229,0.2303,0.2303,0.2292,0.2292,-0.00045772,0,-0.00097541,-0.00097541,-0.00019999999999997797,-0.0008726003490400436
1770007800000,2026-02-02T04:50:00Z,0.229,0.2297,0.2283,0.2285,124139.1,28397.84622,0.229,0.2297,0.2283,0.2285,0.2292,0.2297,0.2285,0.2288,-0.00097541,-0.00056113,-0.00088472,-0.00056113,-0.0002999999999999947,-0.001311188811188788
1770008100000,2026-02-02T04:55:00Z,0.2285,0.2287,0.2279,0.228,77868.7,17770.18305,0.2285,0.2287,0.2279,0.2281,0.2288,0.2289,0.2282,0.2283,-0.00056113,-0.00007408,-0.00009365,-0.00007408,-0.0002999999999999947,-0.0013140604467805287
1770008400000,2026-02-02T05:00:00Z,0.228,0.228,0.2267,0.2276,186588.2,42440.37525,0.2281,0.2281,0.2267,0.2276,0.2283,0.2283,0.227,0.2278,-0.00007408,-0.00045883,-0.00047202,-0.00047202,-0.00020000000000000573,-0.0008779631255487521
1770008700000,2026-02-02T05:05:00Z,0.2276,0.2276,0.2248,0.2252,729352.5,164852.41997,0.2276,0.2276,0.2248,0.2252,0.2278,0.2278,0.225,0.2253,-0.00047202,-0.00005669,-0.00098876,-0.00098876,-9.999999999998899e-05,-0.0004438526409231646
1770009000000,2026-02-02T05:10:00Z,0.2252,0.2256,0.2248,0.2252,162711.7,36642.30282,0.2252,0.2256,0.2249,0.2252,0.2253,0.2256,0.225,0.2254,-0.00098876,-0.00049529,-0.00089711,-0.00089711,-0.00019999999999997797,-0.0008873114463175598
1770009300000,2026-02-02T05:15:00Z,0.2252,0.2254,0.2237,0.2249,662611.6,148923.97923,0.2252,0.2254,0.2238,0.2249,0.2254,0.2255,0.2241,0.2251,-0.00089711,0,-0.00045951,-0.00045951,-0.00020000000000000573,-0.0008884940026655074
1770009600000,2026-02-02T05:20:00Z,0.2249,0.2249,0.2239,0.2243,277192.7,62139.68412,0.2249,0.2249,0.2239,0.2243,0.2251,0.2251,0.2241,0.2245,-0.00045951,-0.00051501,-0.00055643,-0.00051501,-0.00020000000000000573,-0.0008908685968819854
1770009900000,2026-02-02T05:25:00Z,0.2243,0.2246,0.2219,0.2227,1285347.9,286262.99782,0.2243,0.2246,0.222,0.2227,0.2245,0.2246,0.2222,0.2229,-0.00051501,0,-0.00003131,-0.00003131,-0.00019999999999997797,-0.0008972633467921847
1770010200000,2026-02-02T05:30:00Z,0.2227,0.2241,0.2225,0.2227,273117.5,61026.49769,0.2227,0.2241,0.2225,0.2226,0.2229,0.2243,0.2227,0.2229,-0.00003131,0,-0.00099263,-0.00099263,-0.00019999999999997797,-0.0008972633467921847
1770010500000,2026-02-02T05:35:00Z,0.2227,0.2231,0.2216,0.2224,423522.7,94102.30575,0.2226,0.2231,0.2217,0.2225,0.2229,0.2232,0.2219,0.2227,-0.00099263,-0.00005249,-0.00007329,-0.00005249,-0.00030000000000002247,-0.001347103726987079
1770010800000,2026-02-02T05:40:00Z,0.2224,0.2239,0.2222,0.2233,202884.8,45277.51431,0.2225,0.2239,0.2222,0.2233,0.2227,0.224,0.2224,0.2234,-0.00005249,-0.00000987,-0.00008285,-0.00000987,-9.999999999998899e-05,-0.0004476275738585004
1770011100000,2026-02-02T05:45:00Z,0.2233,0.224,0.223,0.2239,480064.4,107263.65533,0.2233,0.224,0.223,0.2239,0.2234,0.2242,0.2233,0.2241,-0.00000987,-0.00091087,-0.00097233,-0.00097233,-0.00020000000000000573,-0.0008924587237840505
1770011400000,2026-02-02T05:50:00Z,0.2239,0.2259,0.2235,0.224,600969.2,135115.58757,0.2239,0.2259,0.2235,0.224,0.2241,0.226,0.2238,0.2241,-0.00097233,-0.00046721,-0.00053,-0.00046721,-9.999999999998899e-05,-0.00044622936189196336
1770011700000,2026-02-02T05:55:00Z,0.224,0.2246,0.2236,0.2241,148351.4,33250.39888,0.224,0.2246,0.2236,0.2242,0.2241,0.2247,0.2238,0.2244,-0.00046721,-0.00005486,-0.00006841,-0.00006841,-0.0002999999999999947,-0.0013368983957219016
1770012000000,2026-02-02T06:00:00Z,0.2241,0.2244,0.2214,0.2239,1283738.7,285555.83426,0.2242,0.2244,0.2217,0.2239,0.2244,0.2246,0.2219,0.2241,-0.00006841,-0.00004896,-0.00095705,-0.00004896,-0.00020000000000000573,-0.0008924587237840505
1770012300000,2026-02-02T06:05:00Z,0.2239,0.2248,0.2232,0.2247,679975.9,152285.93451,0.2239,0.2248,0.2234,0.2247,0.2241,0.225,0.2236,0.2248,-0.00004896,0,0,0,-9.999999999998899e-05,-0.0004448398576511966
1770012600000,2026-02-02T06:10:00Z,0.2247,0.2247,0.2232,0.224,272675.9,61042.22192,0.2247,0.2247,0.2233,0.224,0.2248,0.2249,0.2235,0.2242,0,0,-0.00002345,0,-0.00020000000000000573,-0.000892060660124914
1770012900000,2026-02-02T06:15:00Z,0.224,0.2265,0.2234,0.2263,510311.8,115086.80317,0.224,0.2264,0.2235,0.2263,0.2242,0.2265,0.2237,0.2264,0,-0.00006366,-0.00092769,-0.00006366,-9.999999999998899e-05,-0.0004416961130741563
1770013200000,2026-02-02T06:20:00Z,0.2263,0.2267,0.2253,0.2253,204034.8,46071.32355,0.2263,0.2267,0.2253,0.2254,0.2264,0.2268,0.2256,0.2257,-0.00006366,-0.00037466,-0.0004934,-0.0004934,-0.00040000000000001146,-0.0017722640673460853
1770013500000,2026-02-02T06:25:00Z,0.2253,0.2253,0.2233,0.2246,545172.9,122298.41008,0.2254,0.2254,0.2233,0.2247,0.2257,0.2257,0.2236,0.2249,-0.0004934,-0.00001506,-0.00004268,-0.00001506,-0.0002999999999999947,-0.0013339261894174954
1770013800000,2026-02-02T06:30:00Z,0.2246,0.2251,0.2226,0.2226,627168.4,140253.60536,0.2247,0.2251,0.2227,0.2227,0.2249,0.2252,0.2229,0.223,-0.00001506,-0.00047219,-0.0009587,-0.00047219,-0.00040000000000001146,-0.0017937219730942218
1770014100000,2026-02-02T06:35:00Z,0.2226,0.2227,0.2204,0.2207,1896211.6,419832.34613,0.2227,0.2227,0.2205,0.2208,0.223,0.223,0.2207,0.221,-0.00047219,-0.0000492,-0.00090054,-0.00090054,-0.0002999999999999947,-0.0013574660633483924
1770014400000,2026-02-02T06:40:00Z,0.2207,0.2308,0.2207,0.2278,5358948.3,1221948.83247,0.2208,0.2308,0.2208,0.2277,0.221,0.2309,0.221,0.2278,-0.00090054,0,0,0,0.0,0.0
1770014700000,2026-02-02T06:45:00Z,0.2278,0.2294,0.2261,0.2266,1130121.9,256919.92657,0.2277,0.2294,0.2263,0.2266,0.2278,0.2295,0.2264,0.2268,0,-0.00018613,-0.00049423,-0.00018613,-0.00020000000000000573,-0.0008818342151675737
1770015000000,2026-02-02T06:50:00Z,0.2266,0.2271,0.2258,0.2265,396504,89808.84277,0.2266,0.2271,0.2258,0.2265,0.2268,0.2272,0.226,0.2266,-0.00018613,0,-0.00001072,0,-9.999999999998899e-05,-0.0004413062665489364
1770015300000,2026-02-02T06:55:00Z,0.2265,0.2276,0.2258,0.2268,286868.1,64925.6737,0.2265,0.2276,0.2258,0.2267,0.2266,0.2276,0.226,0.2269,0,-0.00003509,-0.00088245,-0.00088245,-9.999999999998899e-05,-0.000440722785367955
1770015600000,2026-02-02T07:00:00Z,0.2268,0.2272,0.2261,0.227,415486,94162.32142,0.2267,0.2272,0.2261,0.227,0.2269,0.2272,0.2263,0.2272,-0.00088245,-0.00004887,-0.00046868,-0.00046868,-0.00020000000000000573,-0.0008802816901408702
1770015900000,2026-02-02T07:05:00Z,0.227,0.2283,0.2255,0.228,853594.5,193953.5628,0.227,0.2283,0.2256,0.2281,0.2272,0.2285,0.2257,0.2283,-0.00046868,0,-0.00005486,-0.00005486,-0.0002999999999999947,-0.0013140604467805287
1770016200000,2026-02-02T07:10:00Z,0.228,0.228,0.226,0.2263,310029.7,70330.62943,0.2281,0.2281,0.226,0.2264,0.2283,0.2283,0.2263,0.2265,-0.00005486,-0.00036335,-0.00052616,-0.00036335,-0.00020000000000000573,-0.000883002207505544
1770016500000,2026-02-02T07:15:00Z,0.2263,0.227,0.2254,0.2266,273272.1,61827.3758,0.2264,0.227,0.2255,0.2266,0.2265,0.2271,0.2257,0.2267,-0.00036335,-0.00008628,-0.00052018,-0.00008628,-0.00010000000000001674,-0.0004411116012351863
1770016800000,2026-02-02T07:20:00Z,0.2266,0.2272,0.2255,0.2257,228668.5,51759.32323,0.2266,0.2272,0.2255,0.2257,0.2267,0.2273,0.2258,0.2259,-0.00008628,-0.00049809,-0.00095417,-0.00049809,-0.00019999999999997797,-0.0008853474988932182
1770017100000,2026-02-02T07:25:00Z,0.2257,0.2258,0.2252,0.2256,87899.4,19823.68959,0.2257,0.2258,0.2252,0.2256,0.2259,0.226,0.2255,0.2258,-0.00049809,-0.00044986,-0.00091767,-0.00091767,-0.00020000000000000573,-0.0008857395925598128
1770017400000,2026-02-02T07:30:00Z,0.2256,0.2263,0.2254,0.2257,178948.3,40391.5143,0.2256,0.2263,0.2254,0.2257,0.2258,0.2265,0.2257,0.226,-0.00091767,-0.00050535,-0.00136137,-0.00136137,-0.0002999999999999947,-0.0013274336283185606
1770017700000,2026-02-02T07:35:00Z,0.2257,0.2269,0.2254,0.2262,401471.8,90842.71805,0.2257,0.2269,0.2254,0.2263,0.226,0.227,0.2257,0.2265,-0.00136137,-0.00044185,-0.00051506,-0.00044185,-0.0002999999999999947,-0.0013245033112582547
1770018000000,2026-02-02T07:40:00Z,0.2262,0.2268,0.2258,0.2264,327629.2,74202.07698,0.2263,0.2268,0.2259,0.2264,0.2265,0.2269,0.2261,0.2266,-0.00044185,-0.00052797,-0.00068251,-0.00068251,-0.00020000000000000573,-0.0008826125330979953
1770018300000,2026-02-02T07:45:00Z,0.2264,0.2279,0.2263,0.2265,570396.1,129335.18634,0.2264,0.2279,0.2263,0.2265,0.2266,0.2279,0.2265,0.2267,-0.00068251,-0.00004489,-0.00136221,-0.00004489,-0.00020000000000000573,-0.0008822232024702502
1770018600000,2026-02-02T07:50:00Z,0.2265,0.2265,0.2255,0.2261,249377.8,56288.41911,0.2265,0.2265,0.2255,0.2261,0.2267,0.2267,0.2257,0.2263,-0.00004489,0,-0.00047669,0,-0.00020000000000000573,-0.0008837825894830125
1770018900000,2026-02-02T07:55:00Z,0.2261,0.2265,0.2252,0.2252,171248.4,38657.98943,0.2261,0.2265,0.2253,0.2253,0.2263,0.2267,0.2256,0.2256,0,-0.0000409,-0.00104904,-0.00104904,-0.0003999999999999837,-0.0017730496453899987
1770019200000,2026-02-02T08:00:00Z,0.2252,0.2265,0.2252,0.2263,189711.7,42850.7663,0.2253,0.2265,0.2252,0.2264,0.2256,0.2267,0.2255,0.2266,-0.00104904,-0.00004404,-0.00092767,-0.00092767,-0.0002999999999999947,-0.0013239187996469317
1770019500000,2026-02-02T08:05:00Z,0.2263,0.2267,0.2256,0.2257,203402.4,46022.06706,0.2264,0.2267,0.2256,0.2257,0.2266,0.2268,0.2259,0.2259,-0.00092767,-0.00007786,-0.00044445,-0.00044445,-0.00019999999999997797,-0.0008853474988932182
1770019800000,2026-02-02T08:10:00Z,0.2257,0.2266,0.2257,0.2261,105938,23961.48706,0.2257,0.2266,0.2257,0.2262,0.2259,0.2267,0.2259,0.2264,-0.00044445,-0.00001439,-0.0009416,-0.00001439,-0.0002999999999999947,-0.0013250883392225915
1770020100000,2026-02-02T08:15:00Z,0.2261,0.2272,0.2256,0.2272,258445.6,58497.68034,0.2262,0.2272,0.2256,0.2272,0.2264,0.2274,0.2259,0.2274,-0.00001439,-0.00050353,-0.00088292,-0.00050353,-0.00019999999999997797,-0.0008795074758134476
1770020400000,2026-02-02T08:20:00Z,0.2272,0.2272,0.2255,0.2261,126509.1,28594.74384,0.2272,0.2272,0.2256,0.226,0.2274,0.2274,0.2259,0.2263,-0.00050353,-0.00049703,-0.00179571,-0.00049703,-0.00020000000000000573,-0.0008837825894830125
1770020700000,2026-02-02T08:25:00Z,0.2261,0.2262,0.2254,0.2257,236787.9,53470.3797,0.226,0.2262,0.2254,0.2257,0.2263,0.2265,0.2257,0.2259,-0.00049703,-0.00076914,-0.00092601,-0.00092601,-0.00019999999999997797,-0.0008853474988932182
1770021000000,2026-02-02T08:30:00Z,0.2257,0.2269,0.2257,0.2267,168639.9,38198.32911,0.2257,0.2269,0.2257,0.2268,0.2259,0.2271,0.2259,0.2271,-0.00092601,-0.00047412,-0.00052601,-0.00052601,-0.0003999999999999837,-0.0017613386173491135
1770021300000,2026-02-02T08:35:00Z,0.2267,0.228,0.2264,0.2277,245387.2,55787.48776,0.2268,0.2281,0.2265,0.2278,0.2271,0.2283,0.2268,0.228,-0.00052601,-0.00007085,-0.00046734,-0.00046734,-0.0002999999999999947,-0.0013157894736841873
1770021600000,2026-02-02T08:40:00Z,0.2277,0.2277,0.227,0.2276,103725.7,23575.69506,0.2278,0.2278,0.2271,0.2277,0.228,0.228,0.2273,0.2279,-0.00046734,-0.00006832,-0.00092144,-0.00092144,-0.0002999999999999947,-0.0013163668275559225
1770021900000,2026-02-02T08:45:00Z,0.2276,0.2284,0.2271,0.228,117597.5,26792.69825,0.2277,0.2284,0.2271,0.2282,0.2279,0.2285,0.2274,0.2284,-0.00092144,0,-0.0004469,0,-0.0003999999999999837,-0.001751313485113764
1770022200000,2026-02-02T08:50:00Z,0.228,0.2282,0.2276,0.2278,52405.3,11942.62499,0.2282,0.2282,0.2277,0.2279,0.2284,0.2284,0.228,0.2282,0,-0.00003802,-0.00091675,-0.00091675,-0.0003999999999999837,-0.0017528483786151785
1770022500000,2026-02-02T08:55:00Z,0.2278,0.2285,0.2276,0.2277,166348.2,37922.85583,0.2279,0.2284,0.2277,0.2277,0.2282,0.2287,0.2279,0.228,-0.00091675,-0.00048876,-0.00090183,-0.00090183,-0.0002999999999999947,-0.0013157894736841873
1770022800000,2026-02-02T09:00:00Z,0.2277,0.2279,0.2267,0.2275,167054.3,37980.84835,0.2277,0.2279,0.2268,0.2275,0.228,0.2282,0.2271,0.2276,-0.00090183,0,-0.00000427,0,-9.999999999998899e-05,-0.00043936731107200786
1770023100000,2026-02-02T09:05:00Z,0.2275,0.2275,0.2264,0.2266,115194.4,26127.7655,0.2275,0.2275,0.2265,0.2267,0.2276,0.2276,0.2267,0.2269,0,-0.00006762,-0.00047356,-0.00047356,-0.0002999999999999947,-0.0013221683561039873
1770023400000,2026-02-02T09:10:00Z,0.2266,0.227,0.2261,0.2265,48836.7,11069.30793,0.2267,0.227,0.2261,0.2265,0.2269,0.2272,0.2263,0.2265,-0.00047356,-0.00052415,-0.00090788,-0.00052415,0.0,0.0
1770023700000,2026-02-02T09:15:00Z,0.2265,0.2271,0.2261,0.2269,109423.3,24795.82568,0.2265,0.2271,0.2261,0.227,0.2265,0.2272,0.2264,0.2272,-0.00052415,-0.00003714,-0.0005602,-0.00003714,-0.00030000000000002247,-0.0013204225352113665
1770024000000,2026-02-02T09:20:00Z,0.2269,0.2275,0.2265,0.2272,80881.9,18359.22671,0.227,0.2275,0.2266,0.2272,0.2272,0.2277,0.2268,0.2274,-0.00003714,-0.00004997,-0.00007331,-0.00007331,-0.00019999999999997797,-0.0008795074758134476
1770024300000,2026-02-02T09:25:00Z,0.2272,0.2292,0.2266,0.2291,608023.2,138507.49615,0.2272,0.2291,0.2267,0.2291,0.2274,0.2293,0.227,0.2293,-0.00007331,-0.00000615,-0.00050896,-0.00000615,-0.00020000000000000573,-0.0008722197993894711
1770024600000,2026-02-02T09:30:00Z,0.2291,0.2291,0.2276,0.2276,486200.7,110986.91024,0.2291,0.2291,0.2277,0.2277,0.2293,0.2293,0.228,0.228,-0.00000615,-0.00000607,-0.00044809,-0.00000607,-0.00040000000000001146,-0.0017543859649123308
1770024900000,2026-02-02T09:35:00Z,0.2276,0.2306,0.2276,0.2287,1103978.6,252861.35264,0.2277,0.2305,0.2277,0.2288,0.228,0.2307,0.228,0.229,-0.00000607,-0.00005955,-0.00048751,-0.00005955,-0.00030000000000002247,-0.0013100436681223687
1770025200000,2026-02-02T09:40:00Z,0.2287,0.2291,0.2285,0.2289,236759.9,54175.45223,0.2288,0.2291,0.2285,0.2289,0.229,0.2292,0.2287,0.229,-0.00005955,-0.00003429,-0.00006965,-0.00006965,-0.00010000000000001674,-0.00043668122270749667
1770025500000,2026-02-02T09:45:00Z,0.2289,0.2312,0.2288,0.2311,755849.3,173996.56603,0.2289,0.2312,0.2288,0.2311,0.229,0.2313,0.229,0.2313,-0.00006965,-0.00004987,-0.00050432,-0.00004987,-0.00020000000000000573,-0.0008646779074794887
1770025800000,2026-02-02T09:50:00Z,0.2311,0.2311,0.2294,0.2302,1001175.6,230346.88381,0.2311,0.2311,0.2294,0.2304,0.2313,0.2313,0.2296,0.2305,-0.00004987,-0.00004631,-0.00047382,-0.00047382,-0.00030000000000002247,-0.0013015184381779715
1770026100000,2026-02-02T09:55:00Z,0.2302,0.2304,0.2292,0.2295,563931,129500.9205,0.2304,0.2304,0.2293,0.2295,0.2305,0.2306,0.2295,0.2297,-0.00047382,-0.0000182,-0.00044939,-0.00044939,-0.00019999999999997797,-0.0008707009142358641
1770026400000,2026-02-02T10:00:00Z,0.2295,0.23,0.2295,0.2296,1174220.7,269970.90267,0.2295,0.23,0.2295,0.2296,0.2297,0.2301,0.2297,0.2298,-0.00044939,-0.00008447,-0.00044969,-0.00008447,-0.00020000000000000573,-0.0008703220191471093
1770026700000,2026-02-02T10:05:00Z,0.2296,0.2302,0.2295,0.2297,233665.8,53738.26584,0.2296,0.2302,0.2296,0.2297,0.2298,0.2304,0.2297,0.2299,-0.00008447,-0.00030846,-0.00091698,-0.00091698,-0.00020000000000000573,-0.000869943453675536
1770027000000,2026-02-02T10:10:00Z,0.2297,0.2305,0.2296,0.23,111532.4,25639.08977,0.2297,0.2305,0.2296,0.2301,0.2299,0.2306,0.2298,0.2303,-0.00091698,-0.00007994,-0.00043757,-0.00007994,-0.0002999999999999947,-0.0013026487190620699
1770027300000,2026-02-02T10:15:00Z,0.23,0.2303,0.2288,0.2291,618426.5,141780.38897,0.2301,0.2303,0.2289,0.2291,0.2303,0.2305,0.229,0.2292,-0.00007994,-0.00033353,-0.00051371,-0.00051371,-9.999999999998899e-05,-0.0004363001745200218
1770027600000,2026-02-02T10:20:00Z,0.2291,0.2294,0.2286,0.229,695473.7,159287.08932,0.2291,0.2294,0.2286,0.2291,0.2292,0.2295,0.2288,0.2293,-0.00051371,0,-0.00003275,0,-0.0002999999999999947,-0.001308329699084146
1770027900000,2026-02-02T10:25:00Z,0.229,0.2297,0.2289,0.2294,277758.8,63697.87056,0.2291,0.2297,0.229,0.2294,0.2293,0.2298,0.2292,0.2297,0,-0.00055006,-0.00057244,-0.00057244,-0.0002999999999999947,-0.001306051371353917
1770028200000,2026-02-02T10:30:00Z,0.2294,0.2302,0.2293,0.2302,107839,24787.79918,0.2294,0.2302,0.2293,0.2301,0.2297,0.2304,0.2296,0.2304,-0.00057244,-0.00043682,-0.00072324,-0.00043682,-0.00020000000000000573,-0.0008680555555555804
1770028500000,2026-02-02T10:35:00Z,0.2302,0.2302,0.229,0.2292,289428.9,66383.67159,0.2301,0.2302,0.229,0.2292,0.2304,0.2304,0.2293,0.2294,-0.00043682,-0.00005047,-0.00006947,-0.00005047,-0.00020000000000000573,-0.0008718395815170258
1770028800000,2026-02-02T10:40:00Z,0.2292,0.2295,0.229,0.2294,106937.5,24521.88696,0.2292,0.2296,0.229,0.2295,0.2294,0.2297,0.2292,0.2297,-0.00005047,-0.00035874,-0.0004427,-0.0004427,-0.0002999999999999947,-0.001306051371353917
1770029100000,2026-02-02T10:45:00Z,0.2294,0.2295,0.2289,0.2291,87283.2,20010.17374,0.2295,0.2295,0.229,0.2291,0.2297,0.2297,0.2292,0.2293,-0.0004427,0,-0.000484,0,-0.00020000000000000573,-0.0008722197993894711
1770029400000,2026-02-02T10:50:00Z,0.2291,0.2294,0.229,0.2293,111894.6,25648.6769,0.2291,0.2294,0.2291,0.2294,0.2293,0.2295,0.2293,0.2295,0,-0.00033331,-0.00055764,-0.00055764,-0.00020000000000000573,-0.0008714596949891317
1770029700000,2026-02-02T10:55:00Z,0.2293,0.2294,0.2291,0.2294,117518.5,26941.39165,0.2294,0.2294,0.2291,0.2293,0.2295,0.2295,0.2292,0.2293,-0.00055764,0,-0.00040013,0,9.999999999998899e-05,0.00043610989969467505
1770030000000,2026-02-02T11:00:00Z,0.2294,0.2295,0.2286,0.2289,1147844,262781.58532,0.2293,0.2295,0.2289,0.229,0.2293,0.2296,0.2291,0.2291,0,-0.00004153,-0.00064204,-0.00004153,-0.00020000000000000573,-0.0008729812309035606
1770030300000,2026-02-02T11:05:00Z,0.2289,0.2298,0.2289,0.2292,110148.6,25260.70655,0.229,0.2298,0.2289,0.2292,0.2291,0.2299,0.2291,0.2294,-0.00004153,-0.00004329,-0.00054196,-0.00054196,-0.00020000000000000573,-0.0008718395815170258
1770030600000,2026-02-02T11:10:00Z,0.2292,0.2299,0.2286,0.2299,360454.1,82569.42139,0.2292,0.2299,0.2286,0.2299,0.2294,0.2299,0.2288,0.2299,-0.00054196,0,0,0,0.0,0.0
1770030900000,2026-02-02T11:15:00Z,0.2299,0.2299,0.2293,0.2296,164565.2,37776.61155,0.2299,0.2299,0.2293,0.2296,0.2299,0.2299,0.2294,0.2297,0,-0.00000296,-0.00004093,-0.00004093,-9.999999999998899e-05,-0.00043535045711793203
1770031200000,2026-02-02T11:20:00Z,0.2296,0.2298,0.2288,0.2293,346656,79508.15657,0.2296,0.2297,0.2289,0.2293,0.2297,0.2298,0.2291,0.2294,-0.00004093,0,-0.00005904,-0.00005904,-9.999999999998899e-05,-0.0004359197907584524
1770031500000,2026-02-02T11:25:00Z,0.2293,0.2298,0.2292,0.2298,160510.6,36830.3205,0.2293,0.2298,0.2293,0.2298,0.2294,0.2299,0.2294,0.2299,-0.00005904,0,0,0,-9.999999999998899e-05,-0.0004349717268377077
1770031800000,2026-02-02T11:30:00Z,0.2298,0.2306,0.2297,0.2304,443200.4,102054.71965,0.2298,0.2306,0.2298,0.2304,0.2299,0.2307,0.2299,0.2306,0,0,-0.00048057,-0.00048057,-0.00020000000000000573,-0.0008673026886383596
1770032100000,2026-02-02T11:35:00Z,0.2304,0.2306,0.2299,0.2304,84819.2,19536.91191,0.2304,0.2306,0.23,0.2304,0.2306,0.2307,0.2302,0.2305,-0.00048057,-0.00002354,-0.00014402,-0.00014402,-0.00010000000000001674,-0.00043383947939269735
1770032400000,2026-02-02T11:40:00Z,0.2304,0.2304,0.2293,0.2299,214912.4,49381.13164,0.2304,0.2304,0.2295,0.2299,0.2305,0.2305,0.2297,0.2301,-0.00014402,-0.00012423,-0.00015156,-0.00012423,-0.00020000000000000573,-0.0008691873098653008
1770032700000,2026-02-02T11:45:00Z,0.2299,0.2303,0.2295,0.2303,323922,74458.1252,0.2299,0.2303,0.2296,0.2303,0.2301,0.2304,0.2298,0.2304,-0.00012423,-0.00002213,-0.00007832,-0.00007832,-9.999999999998899e-05,-0.00043402777777773
1770033000000,2026-02-02T11:50:00Z,0.2303,0.2308,0.2301,0.2306,483418.9,111402.17079,0.2303,0.2307,0.2302,0.2306,0.2304,0.2308,0.2303,0.2306,-0.00007832,0,-0.00008834,-0.00008834,0.0,0.0
1770033300000,2026-02-02T11:55:00Z,0.2306,0.2306,0.2288,0.2292,3197255.4,734008.90514,0.2306,0.2306,0.229,0.2292,0.2306,0.2307,0.2292,0.2293,-0.00008834,0,-0.00091709,-0.00091709,-0.00010000000000001674,-0.0004361098996947961
1770033600000,2026-02-02T12:00:00Z,0.2292,0.2294,0.2288,0.2291,270873.1,62054.66733,0.2292,0.2294,0.2288,0.2291,0.2293,0.2295,0.229,0.2293,-0.00091709,0,-0.00070244,-0.00070244,-0.00020000000000000573,-0.0008722197993894711
1770033900000,2026-02-02T12:05:00Z,0.2291,0.2294,0.229,0.2294,128708.7,29499.87407,0.2291,0.2294,0.2291,0.2294,0.2293,0.2295,0.2293,0.2295,-0.00070244,-0.00005815,-0.00015625,-0.00005815,-0.00010000000000001674,-0.00043572984749462633
1770034200000,2026-02-02T12:10:00Z,0.2294,0.2295,0.2291,0.2292,83678.6,19185.54596,0.2294,0.2295,0.2292,0.2293,0.2295,0.2297,0.2294,0.2295,-0.00005815,0,-0.00010553,0,-0.00030000000000002247,-0.001307189542483758
1770034500000,2026-02-02T12:15:00Z,0.2292,0.2302,0.2288,0.2293,409345.8,93999.8554,0.2293,0.2302,0.2289,0.2293,0.2295,0.2304,0.2291,0.2296,0,-0.00058027,-0.00061591,-0.00058027,-0.0002999999999999947,-0.0013066202090592104
1770034800000,2026-02-02T12:20:00Z,0.2293,0.2298,0.229,0.2296,96601.8,22161.18962,0.2293,0.2298,0.2292,0.2296,0.2296,0.2301,0.2295,0.2299,-0.00058027,-0.0000919,-0.00018246,-0.00018246,-0.0002999999999999947,-0.0013049151805132437
1770035100000,2026-02-02T12:25:00Z,0.2296,0.2306,0.2291,0.2293,380450.5,87510.18088,0.2296,0.2306,0.2291,0.2293,0.2299,0.2307,0.2295,0.2296,-0.00018246,-0.00048463,-0.00049307,-0.00048463,-0.0002999999999999947,-0.0013066202090592104
1770035400000,2026-02-02T12:30:00Z,0.2293,0.2295,0.2289,0.2289,125395.2,28740.69513,0.2293,0.2295,0.2289,0.2289,0.2296,0.2297,0.2291,0.2291,-0.00048463,-0.00091848,-0.00094091,-0.00094091,-0.00020000000000000573,-0.0008729812309035606
1770035700000,2026-02-02T12:35:00Z,0.2289,0.2295,0.2287,0.2293,49807.8,11404.57031,0.2289,0.2295,0.2287,0.2294,0.2291,0.2296,0.229,0.2296,-0.00094091,-0.00006455,-0.00044851,-0.00044851,-0.0002999999999999947,-0.0013066202090592104
1770036000000,2026-02-02T12:40:00Z,0.2293,0.2298,0.2293,0.2294,101188.8,23237.31323,0.2294,0.2298,0.2293,0.2294,0.2296,0.23,0.2295,0.2296,-0.00044851,-0.00051374,-0.00095472,-0.00095472,-0.00020000000000000573,-0.0008710801393728472
1770036300000,2026-02-02T12:45:00Z,0.2294,0.2298,0.2292,0.2294,66887.6,15352.61457,0.2294,0.2298,0.2293,0.2294,0.2296,0.2299,0.2295,0.2297,-0.00095472,-0.00048585,-0.00053023,-0.00048585,-0.0002999999999999947,-0.001306051371353917
1770036600000,2026-02-02T12:50:00Z,0.2294,0.23,0.2292,0.23,115619.8,26550.96364,0.2294,0.23,0.2292,0.23,0.2297,0.2302,0.2295,0.2302,-0.00048585,-0.00005082,-0.00016826,-0.00005082,-0.00019999999999997797,-0.0008688097306688878
1770036900000,2026-02-02T12:55:00Z,0.23,0.2307,0.2299,0.23,181218.2,41767.05526,0.23,0.2307,0.2299,0.2301,0.2302,0.2309,0.2301,0.2304,-0.00005082,-0.00043674,-0.00080689,-0.00080689,-0.0003999999999999837,-0.0017361111111110403
1770037200000,2026-02-02T13:00:00Z,0.23,0.2302,0.2295,0.2299,284060.7,65279.638,0.2301,0.2302,0.2295,0.2299,0.2304,0.2304,0.2298,0.2301,-0.00080689,-0.00004576,-0.00050499,-0.00050499,-0.00020000000000000573,-0.0008691873098653008
1770037500000,2026-02-02T13:05:00Z,0.2299,0.2299,0.2294,0.2296,50377.4,11570.96864,0.2299,0.2299,0.2295,0.2296,0.2301,0.2302,0.2298,0.2299,-0.00050499,-0.00054782,-0.00062969,-0.00054782,-0.0002999999999999947,-0.0013049151805132437
1770037800000,2026-02-02T13:10:00Z,0.2296,0.23,0.2296,0.2299,193428.2,44456.83883,0.2296,0.23,0.2296,0.2299,0.2299,0.2302,0.2298,0.2301,-0.00054782,-0.00049543,-0.00094652,-0.00094652,-0.00020000000000000573,-0.0008691873098653008
1770038100000,2026-02-02T13:15:00Z,0.2299,0.23,0.2294,0.23,39119.8,8983.90648,0.2299,0.23,0.2294,0.23,0.2301,0.2302,0.2297,0.2302,-0.00094652,-0.0004732,-0.00092335,-0.0004732,-0.00019999999999997797,-0.0008688097306688878
1770038400000,2026-02-02T13:20:00Z,0.23,0.2312,0.2297,0.2305,186354.7,43019.82019,0.23,0.2312,0.2298,0.2305,0.2302,0.2314,0.2301,0.2307,-0.0004732,-0.00046624,-0.00047863,-0.00046624,-0.00019999999999997797,-0.0008669267446899783
1770038700000,2026-02-02T13:25:00Z,0.2305,0.2305,0.23,0.2303,121226.5,27914.06805,0.2305,0.2305,0.2301,0.2303,0.2307,0.2308,0.2304,0.2305,-0.00046624,-0.00056105,-0.00090242,-0.00056105,-0.00020000000000000573,-0.0008676789587852742
1770039000000,2026-02-02T13:30:00Z,0.2303,0.2306,0.2301,0.2303,163681.4,37702.89449,0.2303,0.2306,0.2302,0.2304,0.2305,0.2307,0.2304,0.2306,-0.00056105,-0.00013158,-0.00043805,-0.00043805,-0.0002999999999999947,-0.0013009540329574792
1770039300000,2026-02-02T13:35:00Z,0.2303,0.2309,0.2302,0.2308,205609.5,47434.27192,0.2304,0.2309,0.2303,0.2308,0.2306,0.2311,0.2305,0.231,-0.00043805,-0.00000515,-0.00007562,-0.00000515,-0.00020000000000000573,-0.0008658008658008905
1770039600000,2026-02-02T13:40:00Z,0.2308,0.2311,0.2302,0.2306,152645.5,35223.51954,0.2308,0.2311,0.2302,0.2307,0.231,0.2313,0.2305,0.2309,-0.00000515,-0.0004768,-0.0009734,-0.0009734,-0.0002999999999999947,-0.0012992637505413371
1770039900000,2026-02-02T13:45:00Z,0.2306,0.2306,0.2301,0.2306,63096.3,14538.6261,0.2307,0.2307,0.2302,0.2306,0.2309,0.2309,0.2305,0.2307,-0.0009734,-0.00048629,-0.000833,-0.00048629,-9.999999999998899e-05,-0.00043346337234498913
1770040200000,2026-02-02T13:50:00Z,0.2306,0.2309,0.2301,0.2307,208916.9,48176.44709,0.2306,0.2309,0.2302,0.2307,0.2307,0.2311,0.2304,0.2309,-0.00048629,-0.00008586,-0.00046536,-0.00046536,-0.00020000000000000573,-0.0008661758336942647
1770040500000,2026-02-02T13:55:00Z,0.2307,0.2317,0.2306,0.2309,211589.8,48940.60387,0.2307,0.2317,0.2306,0.2311,0.2309,0.2319,0.2308,0.2314,-0.00046536,-0.0000003,-0.00006343,-0.0000003,-0.0005000000000000004,-0.0021607605877268818
1770040800000,2026-02-02T14:00:00Z,0.2309,0.2311,0.2302,0.2303,402132.3,92775.98275,0.2311,0.2311,0.2303,0.2303,0.2314,0.2314,0.2306,0.2306,-0.0000003,-0.00049142,-0.00050571,-0.00050571,-0.0002999999999999947,-0.0013009540329574792
1770041100000,2026-02-02T14:05:00Z,0.2303,0.2306,0.2301,0.2304,82101.9,18920.21463,0.2303,0.2306,0.2302,0.2304,0.2306,0.2307,0.2305,0.2306,-0.00050571,-0.00007107,-0.00044549,-0.00007107,-0.00020000000000000573,-0.0008673026886383596
1770041400000,2026-02-02T14:10:00Z,0.2304,0.2305,0.2288,0.2296,860488.3,197493.95561,0.2304,0.2305,0.2289,0.2296,0.2306,0.2306,0.229,0.2298,-0.00007107,-0.00005539,-0.00006811,-0.00006811,-0.00020000000000000573,-0.0008703220191471093
1770041700000,2026-02-02T14:15:00Z,0.2296,0.2299,0.229,0.2292,581052.1,133297.35881,0.2296,0.2299,0.2292,0.2292,0.2298,0.23,0.2293,0.2294,-0.00006811,-0.00046742,-0.00056181,-0.00056181,-0.00020000000000000573,-0.0008718395815170258
1770042000000,2026-02-02T14:20:00Z,0.2292,0.2309,0.2291,0.2309,368087.9,84762.86453,0.2292,0.2309,0.2292,0.2309,0.2294,0.231,0.2294,0.231,-0.00056181,-0.00003981,-0.00072338,-0.00003981,-0.00010000000000001674,-0.0004329004329005054
1770042300000,2026-02-02T14:25:00Z,0.2309,0.2309,0.2298,0.2302,176374.3,40578.01141,0.2309,0.2309,0.2299,0.2302,0.231,0.2311,0.2301,0.2304,-0.00003981,-0.00046303,-0.00053399,-0.00053399,-0.00020000000000000573,-0.0008680555555555804
1770042600000,2026-02-02T14:30:00Z,0.2302,0.2328,0.2302,0.2318,1510863,350299.08449,0.2302,0.2328,0.2302,0.2318,0.2304,0.2329,0.2304,0.2321,-0.00053399,-0.0000593,-0.00092833,-0.00092833,-0.0002999999999999947,-0.001292546316242976
1770042900000,2026-02-02T14:35:00Z,0.2318,0.234,0.2317,0.2327,1422626.5,331604.3174,0.2318,0.234,0.2317,0.2327,0.2321,0.2342,0.232,0.233,-0.00092833,0,-0.00057266,-0.00057266,-0.00030000000000002247,-0.0012875536480687658
1770043200000,2026-02-02T14:40:00Z,0.2327,0.2343,0.2323,0.2328,1223554.4,285658.22729,0.2327,0.2341,0.2324,0.2328,0.233,0.2343,0.2328,0.2331,-0.00057266,-0.00047753,-0.00137689,-0.00137689,-0.0002999999999999947,-0.0012870012870012644
1770043500000,2026-02-02T14:45:00Z,0.2328,0.2341,0.2322,0.2325,545558,127113.04979,0.2328,0.234,0.2322,0.2325,0.2331,0.2343,0.2325,0.2327,-0.00137689,-0.00084019,-0.00095511,-0.00095511,-0.00019999999999997797,-0.0008594757198108207
1770043800000,2026-02-02T14:50:00Z,0.2325,0.2334,0.2323,0.2327,227333.8,52922.24943,0.2325,0.2334,0.2323,0.2327,0.2327,0.2335,0.2326,0.233,-0.00095511,-0.00005471,-0.00048906,-0.00048906,-0.00030000000000002247,-0.0012875536480687658
1770044100000,2026-02-02T14:55:00Z,0.2327,0.2331,0.2315,0.2317,917660.5,212789.12147,0.2327,0.2331,0.2315,0.2318,0.233,0.2333,0.2318,0.232,-0.00048906,-0.00043435,-0.00046518,-0.00043435,-0.00030000000000002247,-0.0012931034482759588
1770044400000,2026-02-02T15:00:00Z,0.2317,0.2326,0.2312,0.232,539930.5,125247.69493,0.2318,0.2326,0.2314,0.232,0.232,0.2327,0.2317,0.2322,-0.00043435,-0.00086212,-0.00136243,-0.00086212,-0.00019999999999997797,-0.0008613264427216967
1770044700000,2026-02-02T15:05:00Z,0.232,0.2328,0.2314,0.2328,245414,56913.09895,0.232,0.2328,0.2314,0.2328,0.2322,0.233,0.2317,0.233,-0.00086212,-0.00048074,-0.00130681,-0.00048074,-0.00020000000000000573,-0.0008583690987124709
1770045000000,2026-02-02T15:10:00Z,0.2328,0.2342,0.2324,0.2336,324522.8,75593.38895,0.2328,0.2341,0.2324,0.2338,0.233,0.2342,0.2327,0.234,-0.00048074,-0.00005594,-0.00047462,-0.00005594,-0.00040000000000001146,-0.0017094017094017582
1770045300000,2026-02-02T15:15:00Z,0.2336,0.2347,0.2329,0.2342,305936.6,71533.38001,0.2338,0.2347,0.233,0.2342,0.234,0.2349,0.2332,0.2344,-0.00005594,-0.0008754,-0.00128632,-0.0008754,-0.00020000000000000573,-0.000853242320819137
1770045600000,2026-02-02T15:20:00Z,0.2342,0.2354,0.2339,0.2346,666177.9,156426.55311,0.2342,0.2353,0.2339,0.2346,0.2344,0.2355,0.2342,0.2349,-0.0008754,-0.00080136,-0.00089073,-0.00080136,-0.0002999999999999947,-0.0012771392081736685
1770045900000,2026-02-02T15:25:00Z,0.2346,0.2356,0.2338,0.2344,296469,69597.4073,0.2346,0.2355,0.2339,0.2344,0.2349,0.2357,0.2342,0.2347,-0.00080136,-0.00004155,-0.00051215,-0.00051215,-0.0002999999999999947,-0.0012782275244993383
1770046200000,2026-02-02T15:30:00Z,0.2344,0.2352,0.2338,0.2343,261404.3,61262.80265,0.2344,0.2352,0.2339,0.2343,0.2347,0.2354,0.2342,0.2347,-0.00051215,-0.00131793,-0.00132226,-0.00132226,-0.0003999999999999837,-0.0017043033659990784
1770046500000,2026-02-02T15:35:00Z,0.2343,0.2363,0.2337,0.236,580233.6,136549.53589,0.2343,0.2362,0.2337,0.2362,0.2347,0.2364,0.2341,0.2364,-0.00132226,-0.0000864,-0.00043772,-0.00043772,-0.00040000000000001146,-0.0016920473773266137
1770046800000,2026-02-02T15:40:00Z,0.236,0.2369,0.2351,0.2356,754754,178104.93107,0.2362,0.2368,0.2351,0.2356,0.2364,0.2371,0.2355,0.2358,-0.00043772,-0.00042846,-0.00089156,-0.00042846,-0.00020000000000000573,-0.0008481764206955289
1770047100000,2026-02-02T15:45:00Z,0.2356,0.236,0.2349,0.2357,96670.2,22755.07849,0.2356,0.2359,0.235,0.2357,0.2358,0.2361,0.2354,0.236,-0.00042846,-0.00046123,-0.00049507,-0.00046123,-0.0002999999999999947,-0.0012711864406779437
1770047400000,2026-02-02T15:50:00Z,0.2357,0.2357,0.2343,0.2346,789154.9,185634.9435,0.2357,0.2357,0.2344,0.2347,0.236,0.236,0.2347,0.235,-0.00046123,-0.00048377,-0.00097827,-0.00048377,-0.0003999999999999837,-0.001702127659574399
1770047700000,2026-02-02T15:55:00Z,0.2346,0.2349,0.2341,0.2348,257425.9,60350.35961,0.2347,0.2349,0.2342,0.2349,0.235,0.2351,0.2345,0.2351,-0.00048377,-0.0000852,-0.00077689,-0.00077689,-0.0002999999999999947,-0.001276052743513376
1770048000000,2026-02-02T16:00:00Z,0.2348,0.2349,0.2343,0.2346,373215.7,87565.36328,0.2349,0.2349,0.2345,0.2346,0.2351,0.2351,0.2347,0.2349,-0.00077689,-0.00090336,-0.00177156,-0.00177156,-0.0002999999999999947,-0.0012771392081736685
1770048300000,2026-02-02T16:05:00Z,0.2346,0.2349,0.2339,0.2348,426950.2,100089.90585,0.2346,0.2349,0.2341,0.2348,0.2349,0.2351,0.2345,0.235,-0.00177156,-0.00046771,-0.0007624,-0.00046771,-0.00019999999999997797,-0.0008510638297871404
1770048600000,2026-02-02T16:10:00Z,0.2348,0.2352,0.2345,0.2347,263135.7,61804.38593,0.2348,0.2352,0.2345,0.2348,0.235,0.2353,0.2347,0.235,-0.00046771,0,0,0,-0.0002999999999999947,-0.0012765957446808287
1770048900000,2026-02-02T16:15:00Z,0.2347,0.2356,0.2345,0.2351,440212.4,103541.38805,0.2348,0.2355,0.2346,0.2353,0.235,0.2356,0.2348,0.2355,0,-0.00044477,-0.0005126,-0.0005126,-0.0003999999999999837,-0.0016985138004245593
1770049200000,2026-02-02T16:20:00Z,0.2351,0.2352,0.2344,0.2346,203070.4,47679.52136,0.2353,0.2353,0.2344,0.2347,0.2355,0.2355,0.2346,0.2349,-0.0005126,-0.00004386,-0.00008139,-0.00004386,-0.0002999999999999947,-0.0012771392081736685
1770049500000,2026-02-02T16:25:00Z,0.2346,0.2351,0.2336,0.2351,393926.8,92258.96388,0.2347,0.2351,0.2338,0.2351,0.2349,0.2353,0.234,0.2353,-0.00004386,-0.00010076,-0.00046111,-0.00010076,-0.00020000000000000573,-0.000849978750531261
1770049800000,2026-02-02T16:30:00Z,0.2351,0.2352,0.2341,0.2346,109802.3,25770.48507,0.2351,0.2352,0.2341,0.2346,0.2353,0.2353,0.2343,0.2348,-0.00010076,-0.00006935,-0.00087654,-0.00006935,-0.00020000000000000573,-0.0008517887563884401
1770050100000,2026-02-02T16:35:00Z,0.2346,0.2348,0.2338,0.234,197126.2,46166.96359,0.2346,0.2347,0.2338,0.234,0.2348,0.2349,0.2341,0.2342,-0.00006935,-0.00042643,-0.00056494,-0.00056494,-0.00019999999999997797,-0.0008539709649870964
1770050400000,2026-02-02T16:40:00Z,0.234,0.2342,0.2337,0.2342,82663.8,19345.81326,0.234,0.2342,0.2337,0.2342,0.2342,0.2344,0.2339,0.2343,-0.00056494,-0.00007361,-0.00010683,-0.00010683,-0.00010000000000001674,-0.00042680324370472357
1770050700000,2026-02-02T16:45:00Z,0.2342,0.2342,0.233,0.233,415681.7,96962.71005,0.2342,0.2342,0.233,0.233,0.2343,0.2343,0.2332,0.2332,-0.00010683,-0.00003603,-0.0004988,-0.00003603,-0.00019999999999997797,-0.0008576329331045368
1770051000000,2026-02-02T16:50:00Z,0.233,0.233,0.2323,0.2328,517119.7,120266.58361,0.233,0.233,0.2324,0.2328,0.2332,0.2332,0.2326,0.2329,-0.00003603,-0.00006443,-0.00009716,-0.00006443,-9.999999999998899e-05,-0.00042936882782305274
1770051300000,2026-02-02T16:55:00Z,0.2328,0.2328,0.2322,0.2324,63114.4,14668.00655,0.2328,0.2328,0.2323,0.2324,0.2329,0.2329,0.2324,0.2325,-0.00006443,-0.00049187,-0.00049583,-0.00049187,-0.00010000000000001674,-0.0004301075268817924
1770051600000,2026-02-02T17:00:00Z,0.2324,0.2338,0.2321,0.2336,151027,35230.61994,0.2324,0.2338,0.2322,0.2336,0.2325,0.2339,0.2324,0.2338,-0.00049187,-0.00004223,-0.00010282,-0.00004223,-0.00020000000000000573,-0.0008554319931565685
1770051900000,2026-02-02T17:05:00Z,0.2336,0.234,0.2332,0.2333,120756.2,28220.08199,0.2336,0.234,0.2332,0.2333,0.2338,0.2342,0.2334,0.2335,-0.00004223,-0.00009358,-0.0004719,-0.00009358,-0.00020000000000000573,-0.0008565310492505598
1770052200000,2026-02-02T17:10:00Z,0.2333,0.2336,0.2329,0.2333,137609.5,32122.16327,0.2333,0.2335,0.2329,0.2333,0.2335,0.2337,0.2331,0.2335,-0.00009358,0,-0.00047868,-0.00047868,-0.00020000000000000573,-0.0008565310492505598
1770052500000,2026-02-02T17:15:00Z,0.2333,0.2334,0.2328,0.2333,117929,27488.99271,0.2333,0.2334,0.2329,0.2333,0.2335,0.2335,0.2331,0.2334,-0.00047868,-0.00002498,-0.00087921,-0.00087921,-9.999999999998899e-05,-0.0004284490145672193
1770052800000,2026-02-02T17:20:00Z,0.2333,0.2335,0.2329,0.2331,115349.1,26894.53725,0.2333,0.2335,0.233,0.2331,0.2334,0.2336,0.2332,0.2333,-0.00087921,-0.0004291,-0.00046856,-0.0004291,-0.00020000000000000573,-0.0008572653236176841
1770053100000,2026-02-02T17:25:00Z,0.2331,0.2331,0.2319,0.2321,266412.1,61865.58782,0.2331,0.2331,0.232,0.2321,0.2333,0.2333,0.2322,0.2322,-0.0004291,-0.00048713,-0.00088732,-0.00048713,-9.999999999998899e-05,-0.00043066322136084835
1770053400000,2026-02-02T17:30:00Z,0.2321,0.2326,0.2319,0.2321,91836.9,21333.87262,0.2321,0.2326,0.232,0.2321,0.2322,0.2328,0.2322,0.2323,-0.00048713,-0.00051952,-0.00052379,-0.00051952,-0.00020000000000000573,-0.0008609556607834943
1770053700000,2026-02-02T17:35:00Z,0.2321,0.2325,0.231,0.2312,475468.9,109993.21152,0.2321,0.2325,0.2312,0.2312,0.2323,0.2326,0.2314,0.2314,-0.00051952,-0.00045172,-0.00045209,-0.00045209,-0.00020000000000000573,-0.0008643042350907767
1770054000000,2026-02-02T17:40:00Z,0.2312,0.2312,0.2298,0.2304,969163.9,223256.42236,0.2312,0.2312,0.23,0.2304,0.2314,0.2314,0.2302,0.2306,-0.00045209,-0.00009913,-0.00013428,-0.00013428,-0.00020000000000000573,-0.0008673026886383596
1770054300000,2026-02-02T17:45:00Z,0.2304,0.2309,0.2303,0.2304,157582.5,36346.32019,0.2304,0.2309,0.2304,0.2304,0.2306,0.231,0.2305,0.2306,-0.00013428,-0.0000629,-0.00009263,-0.0000629,-0.00020000000000000573,-0.0008673026886383596
1770054600000,2026-02-02T17:50:00Z,0.2304,0.2305,0.2292,0.2305,432922.8,99455.40385,0.2304,0.2305,0.2293,0.2305,0.2306,0.2306,0.2295,0.2305,-0.0000629,-0.00000047,-0.0001272,-0.0001272,0.0,0.0
1770054900000,2026-02-02T17:55:00Z,0.2305,0.2305,0.2298,0.2301,79940.8,18396.96152,0.2305,0.2305,0.2298,0.2301,0.2305,0.2306,0.23,0.2302,-0.0001272,0,-0.00010594,0,-9.999999999998899e-05,-0.0004344048653344439
1770055200000,2026-02-02T18:00:00Z,0.2301,0.2301,0.2295,0.2298,182858.4,42022.25764,0.2301,0.2301,0.2296,0.2298,0.2302,0.2302,0.2298,0.23,0,0,-0.00007347,-0.00007347,-0.00020000000000000573,-0.0008695652173913292
1770055500000,2026-02-02T18:05:00Z,0.2298,0.23,0.2295,0.2298,135816.8,31202.81625,0.2298,0.23,0.2296,0.2298,0.23,0.2301,0.2297,0.2299,-0.00007347,-0.00000521,-0.00001192,-0.00001192,-9.999999999998899e-05,-0.0004349717268377077
1770055800000,2026-02-02T18:10:00Z,0.2298,0.2298,0.2291,0.2294,103158.6,23668.30058,0.2298,0.2298,0.2293,0.2295,0.2299,0.2299,0.2295,0.2296,-0.00001192,-0.00006054,-0.00014226,-0.00006054,-0.00020000000000000573,-0.0008710801393728472
1770056100000,2026-02-02T18:15:00Z,0.2294,0.2295,0.2289,0.2295,240594.8,55119.44165,0.2295,0.2296,0.2289,0.2295,0.2296,0.2297,0.229,0.2296,-0.00006054,-0.00006165,-0.00043865,-0.00006165,-9.999999999998899e-05,-0.0004355400696863632
1770056400000,2026-02-02T18:20:00Z,0.2295,0.2299,0.2291,0.2298,88191.7,20235.96373,0.2295,0.2299,0.2291,0.2299,0.2296,0.23,0.2293,0.23,-0.00006165,-0.00000165,-0.00010618,-0.00000165,-0.00020000000000000573,-0.0008695652173913292
1770056700000,2026-02-02T18:25:00Z,0.2298,0.23,0.2287,0.2291,119488.3,27410.74202,0.2299,0.2301,0.2289,0.2291,0.23,0.2302,0.229,0.2292,-0.00000165,0,0,0,-9.999999999998899e-05,-0.0004363001745200218
1770057000000,2026-02-02T18:30:00Z,0.2291,0.2311,0.2291,0.231,579491.7,133492.36246,0.2291,0.2311,0.2291,0.231,0.2292,0.2312,0.2292,0.2311,0,0,-0.00007,-0.00007,-9.999999999998899e-05,-0.0004327131112072219
1770057300000,2026-02-02T18:35:00Z,0.231,0.231,0.2302,0.2308,227919.5,52559.29256,0.231,0.231,0.2303,0.2308,0.2311,0.2311,0.2305,0.2309,-0.00007,-0.00043422,-0.0004395,-0.00043422,-9.999999999998899e-05,-0.0004330879168470723
1770057600000,2026-02-02T18:40:00Z,0.2308,0.231,0.23,0.23,188826.1,43513.50176,0.2308,0.231,0.23,0.2301,0.2309,0.231,0.2301,0.2302,-0.00043422,0,0,0,-0.00019999999999997797,-0.0008688097306688878
1770057900000,2026-02-02T18:45:00Z,0.23,0.2305,0.23,0.2303,82058.5,18888.57226,0.2301,0.2304,0.23,0.2304,0.2302,0.2305,0.2301,0.2305,0,-0.00001318,-0.00009118,-0.00001318,-0.00020000000000000573,-0.0008676789587852742
1770058200000,2026-02-02T18:50:00Z,0.2303,0.2304,0.2299,0.2304,132425.8,30479.13596,0.2304,0.2304,0.23,0.2304,0.2305,0.2305,0.2301,0.2305,-0.00001318,-0.0000049,-0.00007656,-0.00007656,-0.00010000000000001674,-0.00043383947939269735
1770058500000,2026-02-02T18:55:00Z,0.2304,0.2307,0.2302,0.2306,48423.5,11157.9801,0.2304,0.2306,0.2303,0.2306,0.2305,0.2307,0.2304,0.2307,-0.00007656,0,-0.00004956,0,-9.999999999998899e-05,-0.00043346337234498913
1770058800000,2026-02-02T19:00:00Z,0.2306,0.2306,0.2299,0.2301,49078.2,11306.63527,0.2306,0.2306,0.2301,0.2302,0.2307,0.2307,0.2302,0.2303,0,-0.00005216,-0.00007328,-0.00005216,-0.00020000000000000573,-0.0008684324793747535
1770059100000,2026-02-02T19:05:00Z,0.2301,0.2301,0.2295,0.2296,67680.8,15546.30375,0.2302,0.2302,0.2296,0.2296,0.2303,0.2303,0.2298,0.2298,-0.00005216,-0.00006172,-0.00006707,-0.00006707,-0.00020000000000000573,-0.0008703220191471093
1770059400000,2026-02-02T19:10:00Z,0.2296,0.2305,0.2296,0.2299,209495.1,48231.42646,0.2296,0.2305,0.2296,0.23,0.2298,0.2305,0.2298,0.2302,-0.00006707,-0.00002547,-0.00032765,-0.00032765,-0.0002999999999999947,-0.0013032145960034523
1770059700000,2026-02-02T19:15:00Z,0.2299,0.23,0.2293,0.2295,174821.7,40162.5274,0.23,0.23,0.2294,0.2295,0.2302,0.2302,0.2295,0.2295,-0.00032765,-0.00014147,-0.00050326,-0.00050326,0.0,0.0
1770060000000,2026-02-02T19:20:00Z,0.2295,0.2299,0.2293,0.2294,113708.9,26096.0099,0.2295,0.2299,0.2293,0.2295,0.2295,0.2299,0.2294,0.2296,-0.00050326,0,-0.00007218,-0.00007218,-0.00020000000000000573,-0.0008710801393728472
1770060300000,2026-02-02T19:25:00Z,0.2294,0.2297,0.2291,0.2296,81634.1,18727.31504,0.2295,0.2297,0.2292,0.2296,0.2296,0.2298,0.2293,0.2297,-0.00007218,-0.00010226,-0.00026306,-0.00010226,-9.999999999998899e-05,-0.00043535045711793203
1770060600000,2026-02-02T19:30:00Z,0.2296,0.2296,0.229,0.2292,207397.7,47541.04647,0.2296,0.2296,0.229,0.2292,0.2297,0.2297,0.2292,0.2293,-0.00010226,-0.00043696,-0.00054895,-0.00043696,-0.00010000000000001674,-0.0004361098996947961
1770060900000,2026-02-02T19:35:00Z,0.2292,0.2293,0.2289,0.2291,167173.2,38296.99356,0.2292,0.2293,0.2289,0.2291,0.2293,0.2294,0.2291,0.2293,-0.00043696,-0.00011068,-0.00043669,-0.00043669,-0.00020000000000000573,-0.0008722197993894711
1770061200000,2026-02-02T19:40:00Z,0.2291,0.2299,0.2291,0.2298,224800.9,51625.33554,0.2291,0.2298,0.2291,0.2298,0.2293,0.23,0.2293,0.2299,-0.00043669,-0.00001955,-0.00006633,-0.00001955,-9.999999999998899e-05,-0.0004349717268377077
1770061500000,2026-02-02T19:45:00Z,0.2298,0.2298,0.2293,0.2293,92815,21304.67502,0.2298,0.2298,0.2293,0.2294,0.2299,0.2299,0.2295,0.2296,-0.00001955,0,-0.00052625,-0.00052625,-0.0002999999999999947,-0.0013066202090592104
1770061800000,2026-02-02T19:50:00Z,0.2293,0.2295,0.2288,0.2294,300447.1,68837.65786,0.2294,0.2295,0.2289,0.2294,0.2296,0.2296,0.2291,0.2296,-0.00052625,0,-0.00052849,-0.00052849,-0.00020000000000000573,-0.0008710801393728472
1770062100000,2026-02-02T19:55:00Z,0.2294,0.2298,0.2289,0.2289,248188,56883.81377,0.2294,0.2298,0.2292,0.2292,0.2296,0.2299,0.2293,0.2293,-0.00052849,-0.00004026,-0.0008705,-0.0008705,-0.00040000000000001146,-0.0017444395987789422
1770062400000,2026-02-02T20:00:00Z,0.2289,0.2292,0.228,0.2292,622038.2,142209.04044,0.2292,0.2292,0.2283,0.2292,0.2293,0.2295,0.2284,0.2295,-0.0008705,-0.00007455,-0.00091305,-0.00091305,-0.00030000000000002247,-0.001307189542483758
1770062700000,2026-02-02T20:05:00Z,0.2292,0.23,0.2292,0.2295,218522.3,50188.11961,0.2292,0.23,0.2292,0.2295,0.2295,0.2301,0.2294,0.2297,-0.00091305,-0.00011278,-0.00094468,-0.00011278,-0.00019999999999997797,-0.0008707009142358641
1770063000000,2026-02-02T20:10:00Z,0.2295,0.2296,0.2291,0.2293,106135.1,24337.81048,0.2295,0.2296,0.2291,0.2293,0.2297,0.2297,0.2294,0.2296,-0.00011278,-0.00050108,-0.00092896,-0.00092896,-0.0002999999999999947,-0.0013066202090592104
1770063300000,2026-02-02T20:15:00Z,0.2293,0.2302,0.2293,0.2295,190610.2,43788.37441,0.2293,0.2302,0.2293,0.2296,0.2296,0.2303,0.2295,0.2299,-0.00092896,-0.00006983,-0.00053153,-0.00053153,-0.0003999999999999837,-0.0017398869073509513
1770063600000,2026-02-02T20:20:00Z,0.2295,0.2299,0.2291,0.2297,130032,29851.6862,0.2296,0.2299,0.2292,0.2298,0.2299,0.23,0.2295,0.23,-0.00053153,-0.00005645,-0.00053082,-0.00005645,-0.00030000000000002247,-0.0013043478260870542
1770063900000,2026-02-02T20:25:00Z,0.2297,0.2302,0.2294,0.2297,114853.6,26398.61039,0.2298,0.2302,0.2296,0.2297,0.23,0.2303,0.2298,0.23,-0.00005645,-0.00000043,-0.00006433,-0.00006433,-0.00030000000000002247,-0.0013043478260870542
1770064200000,2026-02-02T20:30:00Z,0.2297,0.2299,0.2288,0.2289,214491.1,49156.4211,0.2297,0.2299,0.2289,0.2289,0.23,0.2301,0.2292,0.2292,-0.00006433,-0.0008831,-0.000937,-0.000937,-0.0002999999999999947,-0.0013089005235601865
1770064500000,2026-02-02T20:35:00Z,0.2289,0.2291,0.2286,0.2287,65833.4,15064.45635,0.2289,0.2291,0.2286,0.2288,0.2292,0.2293,0.2289,0.229,-0.000937,-0.00011728,-0.00053679,-0.00053679,-0.00030000000000002247,-0.0013100436681223687
1770064800000,2026-02-02T20:40:00Z,0.2287,0.2293,0.2287,0.229,58118.4,13309.01096,0.2288,0.2293,0.2287,0.2291,0.229,0.2295,0.2289,0.2294,-0.00053679,-0.00049223,-0.00130819,-0.00049223,-0.0003999999999999837,-0.0017436791630339307
1770065100000,2026-02-02T20:45:00Z,0.229,0.2294,0.2286,0.2289,93041.4,21300.23733,0.2291,0.2293,0.2287,0.2289,0.2294,0.2294,0.2289,0.229,-0.00049223,-0.00091427,-0.00098477,-0.00091427,-0.00010000000000001674,-0.00043668122270749667
1770065400000,2026-02-02T20:50:00Z,0.2289,0.2294,0.2288,0.229,54349.7,12450.8709,0.2289,0.2293,0.2289,0.229,0.229,0.2294,0.229,0.2292,-0.00091427,0,-0.00013453,-0.00013453,-0.00019999999999997797,-0.0008726003490400436
1770065700000,2026-02-02T20:55:00Z,0.229,0.2299,0.229,0.2294,211070.3,48449.55968,0.229,0.2299,0.229,0.2295,0.2292,0.23,0.2292,0.2297,-0.00013453,-0.0005255,-0.00087726,-0.00087726,-0.0002999999999999947,-0.001306051371353917
1770066000000,2026-02-02T21:00:00Z,0.2294,0.2306,0.2293,0.2305,484089.4,111405.29105,0.2295,0.2306,0.2294,0.2305,0.2297,0.2307,0.2296,0.2306,-0.00087726,-0.00057974,-0.0008819,-0.00057974,-9.999999999998899e-05,-0.0004336513443191196
1770066300000,2026-02-02T21:05:00Z,0.2305,0.2311,0.2301,0.2308,337056.3,77767.00587,0.2305,0.231,0.2302,0.2308,0.2306,0.2312,0.2305,0.231,-0.00057974,-0.00099636,-0.00102417,-0.00099636,-0.00020000000000000573,-0.0008658008658008905
1770066600000,2026-02-02T21:10:00Z,0.2308,0.2308,0.2305,0.2306,57585.6,13280.24842,0.2308,0.2308,0.2305,0.2306,0.231,0.231,0.2308,0.2308,-0.00099636,-0.00012381,-0.00051117,-0.00051117,-0.00020000000000000573,-0.0008665511265164893
1770066900000,2026-02-02T21:15:00Z,0.2306,0.2308,0.2302,0.2307,50346.8,11608.29964,0.2306,0.2308,0.2303,0.2308,0.2308,0.231,0.2305,0.231,-0.00051117,-0.00016169,-0.00096045,-0.00016169,-0.00030000000000002247,-0.0012987012987013958
1770067200000,2026-02-02T21:20:00Z,0.2307,0.2307,0.2301,0.2302,93998.4,21661.15894,0.2308,0.2308,0.2302,0.2302,0.231,0.231,0.2305,0.2306,-0.00016169,-0.00059488,-0.00088956,-0.00059488,-0.00040000000000001146,-0.0017346053772767192
1770067500000,2026-02-02T21:25:00Z,0.2302,0.2307,0.2302,0.2304,35048.4,8075.28118,0.2302,0.2306,0.2302,0.2304,0.2306,0.2309,0.2305,0.2307,-0.00059488,-0.00051574,-0.0009588,-0.00051574,-0.0002999999999999947,-0.0013003901170350878
1770067800000,2026-02-02T21:30:00Z,0.2304,0.231,0.2303,0.2309,48977.8,11302.87885,0.2304,0.231,0.2304,0.2309,0.2307,0.2312,0.2307,0.2312,-0.00051574,-0.00044329,-0.00068567,-0.00044329,-0.0002999999999999947,-0.0012975778546712574
1770068100000,2026-02-02T21:35:00Z,0.2309,0.2312,0.2306,0.2308,86296.5,19923.60601,0.2309,0.2311,0.2307,0.2308,0.2312,0.2313,0.231,0.2311,-0.00044329,-0.00050852,-0.00086581,-0.00050852,-0.0002999999999999947,-0.0012981393336217858
1770068400000,2026-02-02T21:40:00Z,0.2308,0.231,0.2306,0.2306,194371.9,44850.20931,0.2308,0.231,0.2306,0.2306,0.2311,0.2312,0.2309,0.2309,-0.00050852,-0.00043803,-0.00049489,-0.00049489,-0.0002999999999999947,-0.0012992637505413371
1770068700000,2026-02-02T21:45:00Z,0.2306,0.231,0.2306,0.2308,146907.5,33917.32029,0.2306,0.2309,0.2306,0.2308,0.2309,0.2312,0.2309,0.2311,-0.00049489,-0.0001868,-0.00048758,-0.0001868,-0.0002999999999999947,-0.0012981393336217858
1770069000000,2026-02-02T21:50:00Z,0.2308,0.2314,0.2306,0.2309,289384.2,66895.66411,0.2308,0.2313,0.2306,0.2309,0.2311,0.2315,0.2309,0.2312,-0.0001868,0,-0.00051634,0,-0.0002999999999999947,-0.0012975778546712574
1770069300000,2026-02-02T21:55:00Z,0.2309,0.2311,0.2306,0.2306,39958.5,9226.11001,0.2309,0.2311,0.2307,0.2307,0.2312,0.2314,0.231,0.231,0,-0.00056891,-0.000883,-0.00056891,-0.00040000000000001146,-0.001731601731601781
1770069600000,2026-02-02T22:00:00Z,0.2306,0.2314,0.2306,0.2313,205828.1,47551.04491,0.2307,0.2314,0.2307,0.2313,0.231,0.2316,0.231,0.2316,-0.00056891,-0.00095713,-0.00109192,-0.00109192,-0.0002999999999999947,-0.0012953367875647441
1770069900000,2026-02-02T22:05:00Z,0.2313,0.2314,0.2309,0.231,202882.2,46901.54501,0.2313,0.2314,0.231,0.2311,0.2316,0.2316,0.2313,0.2314,-0.00109192,-0.00056551,-0.00106505,-0.00056551,-0.0003999999999999837,-0.0017286084701814335
1770070200000,2026-02-02T22:10:00Z,0.231,0.2315,0.2307,0.231,203475.4,47028.30637,0.2311,0.2314,0.2307,0.231,0.2314,0.2317,0.2311,0.2313,-0.00056551,0,-0.00091212,0,-0.0002999999999999947,-0.001297016861219173
1770070500000,2026-02-02T22:15:00Z,0.231,0.231,0.2303,0.2304,97275.4,22429.87762,0.231,0.231,0.2303,0.2304,0.2313,0.2313,0.2307,0.2308,0,-0.00073587,-0.0008941,-0.0008941,-0.00040000000000001146,-0.0017331022530329785
1770070800000,2026-02-02T22:20:00Z,0.2304,0.2309,0.2304,0.2308,38093.2,8788.46353,0.2304,0.2309,0.2304,0.2308,0.2308,0.2312,0.2308,0.2311,-0.0008941,-0.00052527,-0.00114086,-0.00052527,-0.0002999999999999947,-0.0012981393336217858
1770071100000,2026-02-02T22:25:00Z,0.2308,0.2308,0.2305,0.2307,27405.6,6320.45145,0.2308,0.2308,0.2305,0.2307,0.2311,0.2311,0.2308,0.2311,-0.00052527,-0.00068212,-0.00069121,-0.00068212,-0.00040000000000001146,-0.001730852444829128
1770071400000,2026-02-02T22:30:00Z,0.2307,0.2316,0.2305,0.2316,76046.3,17587.5408,0.2307,0.2316,0.2306,0.2316,0.2311,0.2318,0.231,0.2318,-0.00068212,-0.0004485,-0.00056588,-0.0004485,-0.00020000000000000573,-0.0008628127696290152
1770071700000,2026-02-02T22:35:00Z,0.2316,0.2316,0.231,0.2314,45470.1,10517.15785,0.2316,0.2316,0.2311,0.2314,0.2318,0.2318,0.2314,0.2317,-0.0004485,-0.00005021,-0.00031563,-0.00005021,-0.0002999999999999947,-0.0012947777298230243
1770072000000,2026-02-02T22:40:00Z,0.2314,0.2315,0.2312,0.2314,37337.6,8638.06511,0.2314,0.2315,0.2312,0.2314,0.2317,0.2317,0.2315,0.2317,-0.00005021,-0.00048075,-0.00077629,-0.00048075,-0.0002999999999999947,-0.0012947777298230243
1770072300000,2026-02-02T22:45:00Z,0.2314,0.2314,0.2311,0.2313,41999.6,9714.15335,0.2314,0.2314,0.2312,0.2313,0.2317,0.2317,0.2315,0.2315,-0.00048075,-0.0005174,-0.00066321,-0.0005174,-0.00020000000000000573,-0.0008639308855291824
1770072600000,2026-02-02T22:50:00Z,0.2313,0.2313,0.231,0.2313,35955.2,8309.38656,0.2313,0.2313,0.2311,0.2313,0.2315,0.2316,0.2314,0.2316,-0.0005174,-0.00047922,-0.00063236,-0.00063236,-0.0002999999999999947,-0.0012953367875647441
1770072900000,2026-02-02T22:55:00Z,0.2313,0.2313,0.2307,0.2311,76383.1,17637.06066,0.2313,0.2313,0.2307,0.2311,0.2316,0.2316,0.231,0.2313,-0.00063236,-0.00013111,-0.0004748,-0.00013111,-0.00020000000000000573,-0.0008646779074794887
1770073200000,2026-02-02T23:00:00Z,0.2311,0.2312,0.2303,0.2305,110329.1,25441.17322,0.2311,0.2312,0.2303,0.2305,0.2313,0.2314,0.2307,0.2308,-0.00013111,-0.00048648,-0.000684,-0.000684,-0.0002999999999999947,-0.0012998266897746738
1770073500000,2026-02-02T23:05:00Z,0.2305,0.2308,0.2304,0.2305,41432.6,9552.3169,0.2305,0.2308,0.2305,0.2306,0.2308,0.231,0.2308,0.2309,-0.000684,-0.00124763,-0.00131458,-0.00131458,-0.0003999999999999837,-0.0017323516673884093
1770073800000,2026-02-02T23:10:00Z,0.2305,0.2309,0.2304,0.2307,66111.7,15255.37289,0.2306,0.2309,0.2305,0.2307,0.2309,0.2312,0.2308,0.231,-0.00131458,-0.00038873,-0.00097348,-0.00038873,-0.00030000000000002247,-0.0012987012987013958
1770074100000,2026-02-02T23:15:00Z,0.2307,0.2309,0.2306,0.2307,37725.2,8702.52966,0.2307,0.2309,0.2306,0.2307,0.231,0.2312,0.2309,0.231,-0.00038873,-0.0005319,-0.00093437,-0.0005319,-0.00030000000000002247,-0.0012987012987013958
1770074400000,2026-02-02T23:20:00Z,0.2307,0.2308,0.2301,0.2301,74169.7,17081.86255,0.2307,0.2308,0.2301,0.2302,0.231,0.231,0.2304,0.2305,-0.0005319,-0.00096104,-0.00107054,-0.00096104,-0.00040000000000001146,-0.0017353579175705485
1770074700000,2026-02-02T23:25:00Z,0.2301,0.2302,0.2297,0.2299,273298,62813.92419,0.2302,0.2302,0.2298,0.2299,0.2305,0.2305,0.2301,0.2302,-0.00096104,-0.00049552,-0.00101854,-0.00049552,-0.0002999999999999947,-0.0013032145960034523
1770075000000,2026-02-02T23:30:00Z,0.2299,0.2299,0.2296,0.2299,76692.5,17619.9242,0.2299,0.2299,0.2296,0.2299,0.2302,0.2302,0.2299,0.2301,-0.00049552,-0.00013786,-0.00058608,-0.00058608,-0.00020000000000000573,-0.0008691873098653008
1770075300000,2026-02-02T23:35:00Z,0.2299,0.2304,0.2299,0.2301,180503.3,41530.52643,0.2299,0.2304,0.2299,0.2301,0.2301,0.2305,0.2301,0.2303,-0.00058608,-0.00010173,-0.00047439,-0.00010173,-0.00020000000000000573,-0.0008684324793747535
1770075600000,2026-02-02T23:40:00Z,0.2301,0.2301,0.2296,0.2297,109086.3,25069.68366,0.2301,0.2301,0.2297,0.2297,0.2303,0.2303,0.23,0.23,-0.00010173,-0.00050169,-0.00061812,-0.00061812,-0.00030000000000002247,-0.0013043478260870542
1770075900000,2026-02-02T23:45:00Z,0.2297,0.2299,0.2295,0.2295,38178.9,8767.20543,0.2297,0.2299,0.2295,0.2295,0.23,0.2301,0.2298,0.2298,-0.00061812,-0.00046333,-0.0005692,-0.00046333,-0.0002999999999999947,-0.0013054830287206037
1770076200000,2026-02-02T23:50:00Z,0.2295,0.2296,0.2292,0.2296,97468.8,22368.56143,0.2295,0.2296,0.2293,0.2296,0.2298,0.2299,0.2296,0.2298,-0.00046333,-0.00058098,-0.00099225,-0.00058098,-0.00020000000000000573,-0.0008703220191471093
1770076500000,2026-02-02T23:55:00Z,0.2296,0.2298,0.2293,0.2298,107381.3,24641.25698,0.2296,0.2298,0.2294,0.2298,0.2298,0.23,0.2296,0.23,-0.00058098,-0.0005567,-0.00104501,-0.00104501,-0.00020000000000000573,-0.0008695652173913292
1770076800000,2026-02-03T00:00:00Z,0.2298,0.2302,0.2289,0.2289,210531.9,48346.36702,0.2298,0.2302,0.2289,0.2289,0.23,0.2304,0.2292,0.2292,-0.00104501,-0.00063548,-0.00089203,-0.00089203,-0.0002999999999999947,-0.0013089005235601865
1770077100000,2026-02-03T00:05:00Z,0.2289,0.2289,0.2278,0.2282,574750.6,131177.75705,0.2289,0.2289,0.2281,0.2282,0.2292,0.2293,0.2284,0.2285,-0.00089203,-0.00055227,-0.00110888,-0.00110888,-0.00030000000000002247,-0.0013129102844639932
1770077400000,2026-02-03T00:10:00Z,0.2282,0.2284,0.2276,0.2283,200873.7,45768.40172,0.2282,0.2284,0.2276,0.2284,0.2285,0.2286,0.2279,0.2286,-0.00110888,-0.00047314,-0.00060188,-0.00060188,-0.0002999999999999947,-0.0013123359580052263
1770077700000,2026-02-03T00:15:00Z,0.2283,0.2289,0.2282,0.2288,101637.4,23228.83988,0.2284,0.2289,0.2283,0.2289,0.2286,0.2291,0.2285,0.2291,-0.00060188,-0.00011511,-0.00015749,-0.00015749,-0.0002999999999999947,-0.0013094718463552803
1770078000000,2026-02-03T00:20:00Z,0.2288,0.2293,0.2287,0.2287,160230.5,36689.97561,0.2289,0.2293,0.2287,0.2287,0.2291,0.2295,0.229,0.229,-0.00015749,-0.00018378,-0.00045807,-0.00045807,-0.00030000000000002247,-0.0013100436681223687
1770078300000,2026-02-03T00:25:00Z,0.2287,0.2295,0.2285,0.2294,62879,14402.83166,0.2287,0.2295,0.2285,0.2295,0.229,0.2297,0.2288,0.2297,-0.00045807,-0.00016827,-0.00074971,-0.00016827,-0.0002999999999999947,-0.001306051371353917
1770078600000,2026-02-03T00:30:00Z,0.2294,0.2294,0.2281,0.2283,155439.9,35522.26863,0.2295,0.2295,0.2282,0.2283,0.2297,0.2297,0.2285,0.2286,-0.00016827,-0.00045301,-0.00088016,-0.00045301,-0.0002999999999999947,-0.0013123359580052263
1770078900000,2026-02-03T00:35:00Z,0.2283,0.2284,0.2278,0.2282,152678.8,34835.8889,0.2283,0.2284,0.2278,0.2282,0.2286,0.2286,0.228,0.2284,-0.00045301,-0.00048345,-0.00064877,-0.00048345,-0.00020000000000000573,-0.0008756567425569428
1770079200000,2026-02-03T00:40:00Z,0.2282,0.2287,0.2282,0.2286,148684.8,33974.89261,0.2282,0.2287,0.2282,0.2286,0.2284,0.2288,0.2284,0.2288,-0.00048345,-0.00051749,-0.00061372,-0.00061372,-0.00020000000000000573,-0.0008741258741258992
1770079500000,2026-02-03T00:45:00Z,0.2286,0.2289,0.2285,0.2286,55181.7,12619.88284,0.2286,0.2289,0.2286,0.2286,0.2288,0.2291,0.2288,0.2289,-0.00061372,-0.0006062,-0.00110048,-0.0006062,-0.0002999999999999947,-0.0013106159895150491
1770079800000,2026-02-03T00:50:00Z,0.2286,0.2286,0.2282,0.2286,112659.5,25736.67792,0.2286,0.2287,0.2282,0.2287,0.2289,0.2289,0.2285,0.2289,-0.0006062,-0.00052985,-0.0006303,-0.00052985,-0.0002999999999999947,-0.0013106159895150491
1770080100000,2026-02-03T00:55:00Z,0.2286,0.2294,0.2286,0.2294,49689.2,11376.22751,0.2287,0.2294,0.2287,0.2294,0.2289,0.2296,0.2289,0.2296,-0.00052985,-0.00007708,-0.0004398,-0.00007708,-0.00020000000000000573,-0.0008710801393728472
1770080400000,2026-02-03T01:00:00Z,0.2294,0.2296,0.2288,0.2289,203533.3,46646.1494,0.2294,0.2296,0.2289,0.2289,0.2296,0.2298,0.2292,0.2292,-0.00007708,-0.00062273,-0.00087824,-0.00062273,-0.0002999999999999947,-0.0013089005235601865
1770080700000,2026-02-03T01:05:00Z,0.2289,0.229,0.2284,0.2287,227888.4,52128.29942,0.2289,0.229,0.2284,0.2287,0.2292,0.2293,0.2287,0.229,-0.00062273,-0.00008522,-0.00103016,-0.00008522,-0.00030000000000002247,-0.0013100436681223687
1770081000000,2026-02-03T01:10:00Z,0.2287,0.2292,0.2287,0.2288,122491.1,28038.70365,0.2287,0.2292,0.2287,0.2288,0.229,0.2294,0.229,0.229,-0.00008522,-0.00088694,-0.00091946,-0.00088694,-0.00020000000000000573,-0.0008733624454148721
1770081300000,2026-02-03T01:15:00Z,0.2288,0.2289,0.2273,0.2274,276563.9,63042.96718,0.2288,0.2289,0.2275,0.2275,0.229,0.2291,0.2277,0.2278,-0.00088694,-0.00065448,-0.00131877,-0.00065448,-0.00040000000000001146,-0.0017559262510975042
1770081600000,2026-02-03T01:20:00Z,0.2274,0.2289,0.2273,0.2284,129072.8,29446.71257,0.2275,0.2289,0.2274,0.2285,0.2278,0.229,0.2277,0.2287,-0.00065448,0,-0.00006762,0,-0.0002999999999999947,-0.0013117621337997145
1770081900000,2026-02-03T01:25:00Z,0.2284,0.2286,0.2281,0.2283,75361.1,17206.12893,0.2285,0.2286,0.2282,0.2285,0.2287,0.2288,0.2285,0.2287,0,-0.00018337,-0.00053819,-0.00018337,-0.0003999999999999837,-0.0017490161783995791
1770082200000,2026-02-03T01:30:00Z,0.2283,0.2285,0.2281,0.2283,120601.1,27529.18827,0.2285,0.2285,0.2281,0.2283,0.2287,0.2287,0.2283,0.2285,-0.00018337,-0.00013413,-0.00046911,-0.00046911,-0.00020000000000000573,-0.0008752735229759551
1770082500000,2026-02-03T01:35:00Z,0.2283,0.2285,0.228,0.2283,76735.6,17510.99195,0.2283,0.2285,0.2281,0.2283,0.2285,0.2286,0.2283,0.2285,-0.00046911,-0.00007133,-0.00007248,-0.00007248,-0.00020000000000000573,-0.0008752735229759551
1770082800000,2026-02-03T01:40:00Z,0.2283,0.2287,0.2283,0.2287,157328.5,35933.59168,0.2283,0.2287,0.2283,0.2287,0.2285,0.2289,0.2285,0.2289,-0.00007248,-0.00047822,-0.00087596,-0.00047822,-0.00020000000000000573,-0.0008737439930100731
1770083100000,2026-02-03T01:45:00Z,0.2287,0.2288,0.2285,0.2287,200396,45829.2311,0.2287,0.2288,0.2286,0.2287,0.2289,0.229,0.2288,0.2289,-0.00047822,-0.00001171,-0.00064368,-0.00064368,-0.00020000000000000573,-0.0008737439930100731
1770083400000,2026-02-03T01:50:00Z,0.2287,0.2295,0.2286,0.2292,122974,28168.07643,0.2287,0.2295,0.2287,0.2292,0.2289,0.2296,0.2289,0.2294,-0.00064368,-0.00018827,-0.00047613,-0.00047613,-0.00020000000000000573,-0.0008718395815170258
1770083700000,2026-02-03T01:55:00Z,0.2292,0.2293,0.229,0.2293,91047.6,20862.39298,0.2292,0.2293,0.229,0.2293,0.2294,0.2295,0.2293,0.2295,-0.00047613,-0.00043911,-0.00064278,-0.00064278,-0.00020000000000000573,-0.0008714596949891317
1770084000000,2026-02-03T02:00:00Z,0.2293,0.2294,0.2286,0.2287,81094,18580.58548,0.2293,0.2294,0.2287,0.2287,0.2295,0.2296,0.229,0.229,-0.00064278,-0.00091427,-0.00107343,-0.00091427,-0.00030000000000002247,-0.0013100436681223687
1770084300000,2026-02-03T02:05:00Z,0.2287,0.2287,0.2282,0.2283,132051.6,30154.54437,0.2287,0.2287,0.2283,0.2284,0.229,0.229,0.2285,0.2287,-0.00091427,-0.00108233,-0.00131228,-0.00131228,-0.0003999999999999837,-0.0017490161783995791
1770084600000,2026-02-03T02:10:00Z,0.2283,0.2284,0.2268,0.2272,376882,85649.78972,0.2284,0.2284,0.227,0.2273,0.2287,0.2287,0.2273,0.2275,-0.00131228,-0.00024312,-0.00028084,-0.00024312,-0.0002999999999999947,-0.0013186813186812955
1770084900000,2026-02-03T02:15:00Z,0.2272,0.2277,0.227,0.2276,232014.2,52750.32368,0.2273,0.2277,0.2271,0.2276,0.2275,0.2279,0.2273,0.2277,-0.00024312,-0.00046583,-0.00066624,-0.00046583,-0.00010000000000001674,-0.000439174352217904
1770085200000,2026-02-03T02:20:00Z,0.2276,0.228,0.2275,0.2279,233081.8,53102.73313,0.2276,0.2281,0.2275,0.228,0.2277,0.2283,0.2277,0.2282,-0.00046583,-0.00051819,-0.00066113,-0.00066113,-0.0002999999999999947,-0.0013146362839614142
1770085500000,2026-02-03T02:25:00Z,0.2279,0.2279,0.2268,0.2271,150536.7,34179.50741,0.228,0.228,0.2268,0.2271,0.2282,0.2282,0.2271,0.2273,-0.00066113,-0.00046838,-0.00068873,-0.00068873,-0.00020000000000000573,-0.0008798944126705047
1770085800000,2026-02-03T02:30:00Z,0.2271,0.2272,0.226,0.2269,708062.9,160338.05639,0.2271,0.2272,0.2261,0.2269,0.2273,0.2274,0.2263,0.2271,-0.00068873,-0.00003874,-0.00051812,-0.00003874,-0.00020000000000000573,-0.0008806693086746179
1770086100000,2026-02-03T02:35:00Z,0.2269,0.2272,0.2264,0.2265,80339.2,18219.28397,0.2269,0.2272,0.2264,0.2266,0.2271,0.2274,0.2266,0.2268,-0.00003874,-0.00007241,-0.00068761,-0.00007241,-0.0002999999999999947,-0.0013227513227512995
1770086400000,2026-02-03T02:40:00Z,0.2265,0.2267,0.2261,0.2265,294664,66676.9565,0.2266,0.2267,0.2262,0.2266,0.2268,0.2269,0.2264,0.2268,-0.00007241,-0.00000414,-0.00056644,-0.00056644,-0.0002999999999999947,-0.0013227513227512995
1770086700000,2026-02-03T02:45:00Z,0.2265,0.2266,0.2254,0.2257,257607.8,58179.0739,0.2266,0.2266,0.2254,0.2257,0.2268,0.2268,0.2257,0.2259,-0.00056644,-0.00092799,-0.00101064,-0.00092799,-0.00019999999999997797,-0.0008853474988932182
1770087000000,2026-02-03T02:50:00Z,0.2257,0.2258,0.2254,0.2256,134004.9,30237.73881,0.2257,0.2258,0.2255,0.2257,0.2259,0.226,0.2257,0.2259,-0.00092799,-0.00014915,-0.000561,-0.000561,-0.0002999999999999947,-0.0013280212483399501
1770087300000,2026-02-03T02:55:00Z,0.2256,0.2259,0.2249,0.2252,178028.4,40109.39778,0.2257,0.2259,0.2251,0.2252,0.2259,0.2261,0.2254,0.2254,-0.000561,-0.00049526,-0.00092611,-0.00092611,-0.00019999999999997797,-0.0008873114463175598
1770087600000,2026-02-03T03:00:00Z,0.2252,0.2253,0.2242,0.2247,822710.2,184828.24856,0.2252,0.2253,0.2246,0.2247,0.2254,0.2255,0.2247,0.2248,-0.00092611,-0.00005507,-0.0008916,-0.00005507,-9.999999999998899e-05,-0.0004448398576511966
1770087900000,2026-02-03T03:05:00Z,0.2247,0.2263,0.2247,0.2256,355517.6,80153.63838,0.2247,0.2263,0.2247,0.2256,0.2248,0.2263,0.2248,0.2258,-0.00005507,-0.0000316,-0.0013369,-0.0013369,-0.00020000000000000573,-0.0008857395925598128
1770088200000,2026-02-03T03:10:00Z,0.2256,0.2262,0.2256,0.2259,51267.9,11588.02355,0.2256,0.2262,0.2256,0.2259,0.2258,0.2264,0.2258,0.2261,-0.0013369,-0.00002801,-0.0006358,-0.0006358,-0.00020000000000000573,-0.0008845643520566374
1770088500000,2026-02-03T03:15:00Z,0.2259,0.2262,0.225,0.225,216858.8,48892.29523,0.2259,0.2262,0.2251,0.2251,0.2261,0.2264,0.2253,0.2253,-0.0006358,0,-0.00049348,-0.00049348,-0.0002999999999999947,-0.001331557922769617
1770088800000,2026-02-03T03:20:00Z,0.225,0.2259,0.2247,0.2258,352473.9,79487.9379,0.2251,0.2259,0.2248,0.2258,0.2253,0.226,0.225,0.226,-0.00049348,-0.00031151,-0.00061666,-0.00031151,-0.00020000000000000573,-0.0008849557522124147
1770089100000,2026-02-03T03:25:00Z,0.2258,0.2267,0.2257,0.2265,270317.8,61109.01462,0.2258,0.2267,0.2258,0.2266,0.226,0.2269,0.226,0.2267,-0.00031151,-0.00015097,-0.00060968,-0.00015097,-0.00020000000000000573,-0.0008822232024702502
1770089400000,2026-02-03T03:30:00Z,0.2265,0.2274,0.2264,0.2272,206324,46868.3484,0.2266,0.2273,0.2265,0.2273,0.2267,0.2274,0.2267,0.2274,-0.00015097,-0.00000589,-0.00046847,-0.00000589,-0.00019999999999997797,-0.0008795074758134476
1770089700000,2026-02-03T03:35:00Z,0.2272,0.2284,0.2272,0.2282,106727.2,24315.98248,0.2273,0.2284,0.2272,0.2282,0.2274,0.2285,0.2273,0.2284,-0.00000589,-0.00015661,-0.00093299,-0.00015661,-0.00020000000000000573,-0.0008756567425569428
1770090000000,2026-02-03T03:40:00Z,0.2282,0.2287,0.2281,0.2285,398509.4,91061.69947,0.2282,0.2286,0.2282,0.2285,0.2284,0.2288,0.2284,0.2286,-0.00015661,-0.00000756,-0.00004359,-0.00000756,-9.999999999998899e-05,-0.00043744531933503493
1770090300000,2026-02-03T03:45:00Z,0.2285,0.2288,0.2283,0.2285,100273.6,22923.16198,0.2285,0.2288,0.2284,0.2286,0.2286,0.2289,0.2286,0.2288,-0.00000756,-0.00019164,-0.0002214,-0.0002214,-0.0002999999999999947,-0.001311188811188788
1770090600000,2026-02-03T03:50:00Z,0.2285,0.229,0.2281,0.2282,111065.9,25396.81206,0.2286,0.2289,0.2283,0.2283,0.2288,0.2291,0.2286,0.2286,-0.0002214,-0.00070891,-0.00091197,-0.00091197,-0.00040000000000001146,-0.0017497812773403826
1770090900000,2026-02-03T03:55:00Z,0.2282,0.2301,0.2281,0.2297,858555.8,196857.044323,0.2283,0.2301,0.22819,0.2297,0.2286,0.23028,0.2285,0.22992,-0.00091197,-0.00010521,-0.00054858,-0.00010521,-0.00022000000000002573,-0.0009568545581072796
1770091200000,2026-02-03T04:00:00Z,0.2297,0.2297,0.2282,0.2283,111787.3,25589.685964,0.2297,0.2297,0.22844,0.22844,0.22992,0.22992,0.22869,0.22869,-0.00010521,-0.00018381,-0.00032133,-0.00018381,-0.00039000000000000146,-0.0017053653417289844
1770091500000,2026-02-03T04:05:00Z,0.2283,0.229,0.22815,0.2288,99220.8,22686.269134,0.22844,0.22887,0.22817,0.22886,0.22869,0.22908,0.22848,0.22908,-0.00018381,0,-0.00014243,0,-0.00028000000000000247,-0.001222280426052045
1770091800000,2026-02-03T04:10:00Z,0.2288,0.22996,0.2288,0.22986,138403.4,31788.355398,0.22886,0.22996,0.22884,0.22986,0.22908,0.23009,0.22906,0.23003,0,-0.00005837,-0.00055304,-0.00005837,-0.00017000000000000348,-0.0007390340390384014
1770092100000,2026-02-03T04:15:00Z,0.22986,0.23025,0.22936,0.22958,226669.1,52096.525664,0.22986,0.2301,0.22939,0.22958,0.23003,0.23031,0.22964,0.22978,-0.00005837,-0.00008103,-0.00035026,-0.00008103,-0.00020000000000000573,-0.0008703977717817291
1770092400000,2026-02-03T04:20:00Z,0.22958,0.22973,0.22932,0.22932,35288.8,8102.227193,0.22958,0.22973,0.22937,0.22937,0.22978,0.22998,0.22964,0.22964,-0.00008103,-0.00010543,-0.00015764,-0.00015764,-0.0003200000000000147,-0.0013934854554956222
1770092700000,2026-02-03T04:25:00Z,0.22932,0.22947,0.22899,0.22902,42850.3,9822.582329,0.22937,0.22943,0.22902,0.22902,0.22964,0.22965,0.22928,0.22928,-0.00015764,-0.00010388,-0.00030656,-0.00030656,-0.0002600000000000102,-0.0011339846475925078
1770093000000,2026-02-03T04:30:00Z,0.22902,0.22968,0.22902,0.2292,36048.5,8265.64745,0.22902,0.22968,0.22902,0.22922,0.22928,0.22973,0.22928,0.22946,-0.00030656,-0.00018358,-0.00022634,-0.00022634,-0.0002600000000000102,-0.001133095092826681
1770093300000,2026-02-03T04:35:00Z,0.2292,0.22995,0.2292,0.22988,127397.8,29259.041788,0.22922,0.22995,0.22922,0.22988,0.22946,0.23004,0.22946,0.22998,-0.00022634,0,-0.00000139,-0.00000139,-9.999999999998899e-05,-0.0004348204191668362
1770093600000,2026-02-03T04:40:00Z,0.22988,0.23158,0.22977,0.23149,313910.7,72504.274395,0.22988,0.23158,0.2298,0.23149,0.22998,0.23158,0.22998,0.23155,-0.00000139,0,0,0,-6.0000000000004494e-05,-0.00025912329950336644
1770093900000,2026-02-03T04:45:00Z,0.23149,0.2316,0.23094,0.23104,205770.3,47567.61505,0.23149,0.23159,0.23101,0.23113,0.23155,0.23166,0.23117,0.23129,0,0,-0.00012552,-0.00012552,-0.0002500000000000002,-0.0010808941156124356
1770094200000,2026-02-03T04:50:00Z,0.23104,0.23117,0.23033,0.23063,193540.6,44641.140591,0.23113,0.23117,0.23044,0.23063,0.23129,0.23131,0.23067,0.23078,-0.00012552,-0.00029582,-0.00033993,-0.00033993,-0.00015000000000001124,-0.0006499696680822048
1770094500000,2026-02-03T04:55:00Z,0.23063,0.23089,0.23053,0.23059,73066.7,16857.984452,0.23063,0.23089,0.23057,0.2306,0.23078,0.23101,0.23078,0.23087,-0.00033993,-0.00050002,-0.00051104,-0.00051104,-0.00028000000000000247,-0.0012128037423658443
1770094800000,2026-02-03T05:00:00Z,0.23059,0.23079,0.22992,0.22992,146648.6,33772.982821,0.2306,0.23078,0.22994,0.22998,0.23087,0.23094,0.23015,0.23019,-0.00051104,-0.00013181,-0.00054713,-0.00054713,-0.00026999999999999247,-0.0011729440896650265
1770095100000,2026-02-03T05:05:00Z,0.22992,0.23027,0.22974,0.22979,135184.2,31082.142562,0.22998,0.23025,0.22983,0.22983,0.23019,0.23036,0.23,0.23003,-0.00054713,-0.00038251,-0.00047555,-0.00047555,-0.00024000000000001798,-0.0010433421727601528
1770095400000,2026-02-03T05:10:00Z,0.22979,0.23001,0.22859,0.22862,255620.7,58569.652488,0.22983,0.23,0.22867,0.22869,0.23003,0.23012,0.2289,0.22891,-0.00047555,-0.00057973,-0.00069201,-0.00069201,-0.00029000000000001247,-0.0012668734437115568
1770095700000,2026-02-03T05:15:00Z,0.22862,0.22934,0.2285,0.22894,271562,62153.956849,0.22869,0.22933,0.22858,0.22894,0.22891,0.22949,0.22881,0.22908,-0.00069201,-0.00027456,-0.00083344,-0.00027456,-0.00014000000000000123,-0.0006111402130260225
1770096000000,2026-02-03T05:20:00Z,0.22894,0.22969,0.22869,0.22939,163032.2,37364.065195,0.22894,0.2297,0.2287,0.22949,0.22908,0.22983,0.22892,0.22965,-0.00027456,0,0,0,-0.00025999999999998247,-0.0011321576311778031
1770096300000,2026-02-03T05:25:00Z,0.22939,0.22947,0.22889,0.22903,75530.1,17302.004837,0.22949,0.22951,0.22895,0.22903,0.22965,0.22967,0.2292,0.22922,0,-0.00031158,-0.00054881,-0.00054881,-0.00018999999999999573,-0.0008288980019195346
1770096600000,2026-02-03T05:30:00Z,0.22903,0.22929,0.22894,0.22911,95774.5,21942.043022,0.22903,0.22929,0.22894,0.22911,0.22922,0.22944,0.22919,0.22934,-0.00054881,-0.00039656,-0.00062284,-0.00062284,-0.00022999999999998022,-0.0010028778233190034
1770096900000,2026-02-03T05:35:00Z,0.22911,0.22925,0.22876,0.22896,71024.9,16264.770388,0.22911,0.22922,0.22884,0.22896,0.22934,0.2294,0.22907,0.22915,-0.00062284,-0.00026353,-0.00050722,-0.00050722,-0.00018999999999999573,-0.0008291512109971449
1770097200000,2026-02-03T05:40:00Z,0.22896,0.22912,0.22868,0.22903,92293,21127.649597,0.22896,0.22912,0.22869,0.22903,0.22915,0.22931,0.22893,0.22924,-0.00050722,-0.00014374,-0.00049609,-0.00014374,-0.00020999999999998797,-0.0009160704938055662
1770097500000,2026-02-03T05:45:00Z,0.22903,0.22917,0.22868,0.22891,131808.6,30178.289303,0.22903,0.22917,0.22874,0.22904,0.22924,0.22929,0.22896,0.22923,-0.00014374,-0.00031252,-0.00032478,-0.00032478,-0.00031999999999998696,-0.0013959778388517514
1770097800000,2026-02-03T05:50:00Z,0.22891,0.22894,0.22814,0.2284,129394.6,29571.825155,0.22904,0.22904,0.2282,0.22825,0.22923,0.22923,0.22847,0.22857,-0.00032478,-0.00051385,-0.00051417,-0.00051385,-0.00017000000000000348,-0.0007437546484665682
1770098100000,2026-02-03T05:55:00Z,0.2284,0.22842,0.22769,0.22792,118877.4,27096.4927,0.22825,0.22842,0.22779,0.22794,0.22857,0.22858,0.228,0.22817,-0.00051385,-0.0001852,-0.00022738,-0.00022738,-0.0002500000000000002,-0.0010956742779506517
1770098400000,2026-02-03T06:00:00Z,0.22792,0.22833,0.22766,0.2279,127315,29026.761154,0.22794,0.22831,0.22774,0.2279,0.22817,0.22845,0.22798,0.22811,-0.00022738,0,-0.00080615,-0.00080615,-0.00021000000000001573,-0.0009206084783657697
1770098700000,2026-02-03T06:05:00Z,0.2279,0.2279,0.2263,0.22663,601366.2,136417.248752,0.2279,0.2279,0.22647,0.22664,0.22811,0.22811,0.22668,0.22686,-0.00080615,-0.0005069,-0.0006706,-0.0006706,-0.00023000000000000798,-0.0010138411355021068
1770099000000,2026-02-03T06:10:00Z,0.22663,0.22685,0.2264,0.22657,204900.4,46442.625411,0.22664,0.2268,0.22647,0.22657,0.22686,0.22698,0.22665,0.22675,-0.0006706,-0.00005347,-0.00009318,-0.00009318,-0.00018000000000001348,-0.0007938257993385379
1770099300000,2026-02-03T06:15:00Z,0.22657,0.22751,0.22629,0.22745,141798.1,32149.982328,0.22657,0.22752,0.2264,0.22752,0.22675,0.22769,0.22659,0.22767,-0.00009318,0,-0.00037811,0,-0.00021999999999999797,-0.0009663108885667763
1770099600000,2026-02-03T06:20:00Z,0.22745,0.22776,0.22708,0.22769,300318,68298.143003,0.22752,0.22776,0.22714,0.22769,0.22767,0.22787,0.2274,0.22786,0,-0.00032066,-0.0007469,-0.00032066,-0.00017000000000000348,-0.000746072149565538
1770099900000,2026-02-03T06:25:00Z,0.22769,0.22894,0.22765,0.22854,192699.1,43973.599326,0.22769,0.22885,0.22766,0.2286,0.22786,0.22897,0.22785,0.22882,-0.00032066,0,-0.00077084,0,-0.00028000000000000247,-0.0012236692596801087
1770100200000,2026-02-03T06:30:00Z,0.22854,0.22886,0.2282,0.22879,179255.7,40944.118548,0.2286,0.22886,0.22825,0.22879,0.22882,0.22899,0.22849,0.22899,0,-0.0002972,-0.00055136,-0.0002972,-0.00020000000000000573,-0.0008734005851784171
1770100500000,2026-02-03T06:35:00Z,0.22879,0.22918,0.22869,0.22869,89918.8,20588.285119,0.22879,0.22918,0.22874,0.22874,0.22899,0.22936,0.22899,0.22904,-0.0002972,-0.00025238,-0.00038231,-0.00025238,-0.0003499999999999892,-0.0015281173594131558
1770100800000,2026-02-03T06:40:00Z,0.22869,0.22884,0.22825,0.22825,38678.1,8843.950221,0.22874,0.22884,0.22838,0.22838,0.22904,0.22911,0.22875,0.22875,-0.00025238,-0.00026717,-0.00072023,-0.00072023,-0.0005000000000000004,-0.0021857923497267777
1770101100000,2026-02-03T06:45:00Z,0.22825,0.22913,0.22825,0.22893,93792.4,21459.018572,0.22838,0.22912,0.2283,0.22905,0.22875,0.22934,0.22864,0.22925,-0.00072023,-0.00020349,-0.00089275,-0.00089275,-0.0003200000000000147,-0.0013958560523446662
1770101400000,2026-02-03T06:50:00Z,0.22893,0.22948,0.22885,0.22929,100447.5,23022.861863,0.22905,0.22948,0.22893,0.22929,0.22925,0.2297,0.2292,0.22949,-0.00089275,-0.00025103,-0.00048926,-0.00025103,-0.00020000000000000573,-0.000871497668743761
1770101700000,2026-02-03T06:55:00Z,0.22929,0.22974,0.22928,0.22949,189029.2,43384.148658,0.22929,0.22974,0.22929,0.22949,0.22949,0.22985,0.22949,0.22967,-0.00025103,-0.00009443,-0.0005065,-0.00009443,-0.00018000000000001348,-0.0007837331823921865
1770102000000,2026-02-03T07:00:00Z,0.22949,0.22951,0.22883,0.22931,297613.5,68207.62989,0.22949,0.22951,0.22899,0.22931,0.22967,0.22968,0.22921,0.22949,-0.00009443,-0.00015302,-0.00042928,-0.00015302,-0.00017999999999998573,-0.0007843479018693003
1770102300000,2026-02-03T07:05:00Z,0.22931,0.23036,0.22929,0.23017,187376.6,43056.583675,0.22931,0.23036,0.2293,0.23026,0.22949,0.23059,0.22949,0.23056,-0.00015302,-0.0005323,-0.00107535,-0.0005323,-0.0003899999999999737,-0.0016915336571823982
1770102600000,2026-02-03T07:10:00Z,0.23017,0.23077,0.22993,0.22994,254936,58703.387105,0.23026,0.23075,0.22994,0.22994,0.23056,0.23099,0.23028,0.23028,-0.0005323,-0.00090885,-0.00154946,-0.00090885,-0.00034000000000000696,-0.001476463435817296
1770102900000,2026-02-03T07:15:00Z,0.22994,0.23024,0.22925,0.22948,158953.8,36522.761674,0.22994,0.23021,0.22936,0.22948,0.23028,0.23045,0.22972,0.22986,-0.00090885,-0.00063932,-0.00082073,-0.00082073,-0.0003800000000000192,-0.0016531801966415175
1770103200000,2026-02-03T07:20:00Z,0.22948,0.23019,0.22948,0.22975,72876.4,16757.154426,0.22948,0.23019,0.22948,0.22974,0.22986,0.23043,0.22986,0.23003,-0.00082073,-0.00081047,-0.00120783,-0.00120783,-0.00028000000000000247,-0.0012172325348867646
1770103500000,2026-02-03T07:25:00Z,0.22975,0.23018,0.22949,0.2296,167604.6,38521.529724,0.22974,0.23018,0.22958,0.2296,0.23003,0.2304,0.22984,0.22986,-0.00120783,-0.00038133,-0.00058323,-0.00038133,-0.0002600000000000102,-0.0011311232924389202
1770103800000,2026-02-03T07:30:00Z,0.2296,0.23059,0.22946,0.23054,151712.7,34909.923419,0.2296,0.23057,0.22952,0.23054,0.22986,0.23077,0.22981,0.23077,-0.00038133,-0.00019325,-0.00038263,-0.00038263,-0.00023000000000000798,-0.0009966633444555531
1770104100000,2026-02-03T07:35:00Z,0.23054,0.23111,0.2301,0.23027,296104.7,68284.038644,0.23054,0.23114,0.23016,0.23027,0.23077,0.23134,0.23047,0.23056,-0.00038263,-0.00059979,-0.00082081,-0.00059979,-0.0002899999999999847,-0.0012578070784176993
1770104400000,2026-02-03T07:40:00Z,0.23027,0.23037,0.23002,0.2302,121275.5,27920.843988,0.23027,0.23037,0.23002,0.23022,0.23056,0.23066,0.23035,0.23046,-0.00059979,-0.00012014,-0.00091022,-0.00012014,-0.0002600000000000102,-0.0011281784257572256
1770104700000,2026-02-03T07:45:00Z,0.2302,0.23022,0.22989,0.23003,85186.2,19597.295496,0.23022,0.23022,0.2299,0.23003,0.23046,0.23046,0.23018,0.23028,-0.00012014,-0.00054359,-0.00079368,-0.00079368,-0.0002500000000000002,-0.0010856348792774022
1770105000000,2026-02-03T07:50:00Z,0.23003,0.23015,0.22961,0.22961,69135.1,15888.754156,0.23003,0.23015,0.22965,0.22966,0.23028,0.23032,0.22991,0.22992,-0.00079368,-0.00038531,-0.00049059,-0.00038531,-0.0003100000000000047,-0.0013482950591510296
1770105300000,2026-02-03T07:55:00Z,0.22961,0.22972,0.22935,0.22957,161428.2,37051.609561,0.22966,0.22971,0.22941,0.22957,0.22992,0.22994,0.22968,0.22977,-0.00038531,-0.00037867,-0.00080264,-0.00080264,-0.00020000000000000573,-0.0008704356530443736
1770105600000,2026-02-03T08:00:00Z,0.22957,0.22989,0.22928,0.22951,190074.7,43637.297754,0.22957,0.22986,0.2293,0.22951,0.22977,0.23008,0.22957,0.22975,-0.00080264,-0.00015068,-0.00067372,-0.00015068,-0.00024000000000001798,-0.0010446137105550293
1770105900000,2026-02-03T08:05:00Z,0.22951,0.22979,0.22918,0.22949,96872.8,22230.228677,0.22951,0.22978,0.22924,0.22955,0.22975,0.22997,0.22955,0.22978,-0.00015068,-0.00047406,-0.00083885,-0.00083885,-0.00029000000000001247,-0.0012620767690835254
1770106200000,2026-02-03T08:10:00Z,0.22949,0.22949,0.22879,0.22899,406750.4,93181.650124,0.22955,0.22955,0.22887,0.229,0.22978,0.22978,0.22911,0.22924,-0.00083885,-0.00042554,-0.00063595,-0.00063595,-0.0002500000000000002,-0.0010905601116733565
1770106500000,2026-02-03T08:15:00Z,0.22899,0.22987,0.22892,0.22978,127117.9,29136.827921,0.229,0.22987,0.22896,0.22983,0.22924,0.22999,0.22921,0.22999,-0.00063595,0,-0.0000265,-0.0000265,-0.00020999999999998797,-0.0009130831775294055
1770106800000,2026-02-03T08:20:00Z,0.22978,0.23019,0.2295,0.23014,45824.5,10533.913475,0.22983,0.23022,0.22961,0.2302,0.22999,0.23045,0.22982,0.23043,-0.0000265,-0.00011915,-0.00090489,-0.00011915,-0.0002899999999999847,-0.0012585166861953075
1770107100000,2026-02-03T08:25:00Z,0.23014,0.23105,0.23013,0.23064,298422.8,68873.651871,0.2302,0.23108,0.2302,0.23071,0.23043,0.23128,0.23043,0.231,-0.00011915,-0.00020983,-0.00061373,-0.00061373,-0.0003599999999999992,-0.001558441558441555
1770107400000,2026-02-03T08:30:00Z,0.23064,0.23071,0.23,0.23042,161037.2,37080.015498,0.23071,0.23071,0.23009,0.23042,0.231,0.231,0.23039,0.23057,-0.00061373,-0.00044785,-0.00081137,-0.00044785,-0.00014999999999998348,-0.0006505616515591078
1770107700000,2026-02-03T08:35:00Z,0.23042,0.23113,0.23038,0.2308,155094.6,35799.726046,0.23042,0.23113,0.23038,0.2308,0.23057,0.23136,0.23057,0.23103,-0.00044785,-0.0003997,-0.00136822,-0.00136822,-0.00023000000000000798,-0.0009955417045405704
1770108000000,2026-02-03T08:40:00Z,0.2308,0.2311,0.23061,0.23096,195318.5,45090.516131,0.2308,0.23102,0.23061,0.231,0.23103,0.23129,0.23092,0.23127,-0.00136822,-0.00052656,-0.00057042,-0.00052656,-0.0003100000000000047,-0.0013404246119254756
1770108300000,2026-02-03T08:45:00Z,0.23096,0.23096,0.23024,0.23027,50625.5,11675.621256,0.231,0.231,0.23035,0.23035,0.23127,0.23127,0.23068,0.23068,-0.00052656,-0.00071492,-0.00074084,-0.00074084,-0.0004099999999999937,-0.001777353910178575
1770108600000,2026-02-03T08:50:00Z,0.23027,0.2303,0.22949,0.22957,195698.8,44991.098969,0.23035,0.23037,0.22961,0.22963,0.23068,0.2307,0.22986,0.22991,-0.00074084,-0.00062867,-0.00091593,-0.00091593,-0.00034000000000000696,-0.0014788395459092991
1770108900000,2026-02-03T08:55:00Z,0.22957,0.22959,0.22916,0.22944,230679,52901.605534,0.22963,0.22963,0.22923,0.22944,0.22991,0.22991,0.22957,0.22971,-0.00091593,-0.00080159,-0.00087399,-0.00080159,-0.00026999999999999247,-0.0011753950633407013
1770109200000,2026-02-03T09:00:00Z,0.22944,0.22977,0.22928,0.22954,102757.7,23583.85378,0.22944,0.22977,0.22933,0.22954,0.22971,0.22998,0.22961,0.22976,-0.00080159,0,-0.00142241,0,-0.00021999999999999797,-0.0009575208913648937
1770109500000,2026-02-03T09:05:00Z,0.22954,0.23003,0.22954,0.2297,44244.1,10167.762802,0.22954,0.23006,0.22954,0.22975,0.22976,0.23027,0.22973,0.22999,0,-0.0002854,-0.00046454,-0.0002854,-0.00029000000000001247,-0.0012609243880169244
1770109800000,2026-02-03T09:10:00Z,0.2297,0.2297,0.22705,0.22712,1287089.4,293652.542256,0.22975,0.22975,0.2271,0.2271,0.22999,0.22999,0.22734,0.22735,-0.0002854,0,-0.00063003,-0.00063003,-0.00023000000000000798,-0.001011656036947473
1770110100000,2026-02-03T09:15:00Z,0.22712,0.22742,0.2253,0.22665,1212276.1,274550.309155,0.2271,0.22742,0.22546,0.22668,0.22735,0.22759,0.22567,0.2269,-0.00063003,-0.00049437,-0.00054428,-0.00054428,-0.0002500000000000002,-0.0011018069634200099
1770110400000,2026-02-03T09:20:00Z,0.22665,0.22699,0.22566,0.22572,365183.1,82740.795565,0.22668,0.22698,0.2257,0.2257,0.2269,0.22711,0.22592,0.22592,-0.00054428,-0.00087063,-0.00114678,-0.00114678,-0.00020000000000000573,-0.0008852691218130564
1770110700000,2026-02-03T09:25:00Z,0.22572,0.22588,0.22533,0.22542,242005.6,54586.148048,0.2257,0.22587,0.22542,0.22547,0.22592,0.22599,0.2257,0.22573,-0.00114678,-0.00019627,-0.00082129,-0.00082129,-0.00030999999999997696,-0.001373322110485877
1770111000000,2026-02-03T09:30:00Z,0.22542,0.22636,0.22531,0.22628,368025.2,83150.043369,0.22547,0.22633,0.22544,0.22628,0.22573,0.22651,0.22569,0.22646,-0.00082129,-0.00012376,-0.0007427,-0.00012376,-0.00017999999999998573,-0.0007948423562659442
1770111300000,2026-02-03T09:35:00Z,0.22628,0.22726,0.22624,0.22679,434116.7,98488.725888,0.22628,0.22726,0.22628,0.22681,0.22646,0.22742,0.22646,0.22706,-0.00012376,-0.00048896,-0.00078523,-0.00048896,-0.0002700000000000202,-0.0011891130097772403
1770111600000,2026-02-03T09:40:00Z,0.22679,0.22736,0.22666,0.22715,192807.1,43794.672191,0.22681,0.22735,0.22671,0.22716,0.22706,0.22752,0.22696,0.22739,-0.00048896,-0.00039892,-0.00054459,-0.00039892,-0.00024000000000001798,-0.001055455385021408
1770111900000,2026-02-03T09:45:00Z,0.22715,0.22731,0.22694,0.22702,157572.5,35785.945924,0.22716,0.22731,0.22702,0.22707,0.22739,0.22747,0.22725,0.22731,-0.00039892,-0.00022352,-0.00099784,-0.00022352,-0.00029000000000001247,-0.0012757907703137234
1770112200000,2026-02-03T09:50:00Z,0.22702,0.22769,0.22702,0.22735,90359.4,20551.98429,0.22707,0.22769,0.22707,0.22738,0.22731,0.22791,0.2273,0.22761,-0.00022352,-0.00042067,-0.00063871,-0.00063871,-0.0002600000000000102,-0.0011423048196476878
1770112500000,2026-02-03T09:55:00Z,0.22735,0.22754,0.22711,0.2274,38295.3,8706.506708,0.22738,0.22754,0.22718,0.22742,0.22761,0.22769,0.22743,0.22763,-0.00063871,-0.00040318,-0.0006395,-0.0006395,-0.00023000000000000798,-0.0010104116329130958
1770112800000,2026-02-03T10:00:00Z,0.2274,0.22833,0.22715,0.22825,122385,27862.740458,0.22742,0.22833,0.22724,0.22828,0.22763,0.22849,0.2274,0.22844,-0.0006395,0,-0.0006851,-0.0006851,-0.00018999999999999573,-0.0008317282437401319
1770113100000,2026-02-03T10:05:00Z,0.22825,0.22863,0.22804,0.22863,103968.5,23730.734723,0.22828,0.22863,0.22811,0.22863,0.22844,0.22877,0.22829,0.22877,-0.0006851,-0.00036197,-0.00067718,-0.00067718,-0.00014000000000000123,-0.0006119683524937764
1770113400000,2026-02-03T10:10:00Z,0.22863,0.22867,0.22821,0.22833,68000.5,15531.103536,0.22863,0.22867,0.22826,0.22838,0.22877,0.22882,0.22847,0.22855,-0.00067718,-0.00017342,-0.00020538,-0.00017342,-0.00021999999999999797,-0.0009625902428352569
1770113700000,2026-02-03T10:15:00Z,0.22833,0.22848,0.22789,0.22796,71208.7,16247.059046,0.22838,0.22847,0.22795,0.22796,0.22855,0.22858,0.22815,0.22816,-0.00017342,-0.00037783,-0.00071234,-0.00071234,-0.00020000000000000573,-0.0008765778401122271
1770114000000,2026-02-03T10:20:00Z,0.22796,0.22877,0.22786,0.22873,120823.5,27596.395077,0.22796,0.22877,0.2279,0.22873,0.22816,0.22887,0.22812,0.22886,-0.00071234,0,0,0,-0.000130000000000019,-0.0005680328585162064
1770114300000,2026-02-03T10:25:00Z,0.22873,0.2289,0.22853,0.22864,105193.1,24060.948518,0.22873,0.2289,0.22859,0.2287,0.22886,0.22898,0.22875,0.22887,0,-0.00002318,-0.00011925,-0.00002318,-0.00022999999999998022,-0.0010049373006509382
1770114600000,2026-02-03T10:30:00Z,0.22864,0.22864,0.22769,0.22775,91724.5,20922.07375,0.2287,0.2287,0.22778,0.22778,0.22887,0.22887,0.228,0.228,-0.00002318,-0.0003551,-0.00067376,-0.00067376,-0.0002500000000000002,-0.0010964912280701765
1770114900000,2026-02-03T10:35:00Z,0.22775,0.22806,0.22745,0.22784,195899.2,44614.712457,0.22778,0.22806,0.22753,0.22791,0.228,0.22819,0.22775,0.22811,-0.00067376,-0.00019082,-0.00067828,-0.00019082,-0.0002700000000000202,-0.001183639472184561
1770115200000,2026-02-03T10:40:00Z,0.22784,0.22794,0.2274,0.22762,162653.5,37023.98637,0.22791,0.22794,0.22745,0.22762,0.22811,0.22811,0.22766,0.22782,-0.00019082,-0.00033932,-0.00034686,-0.00033932,-0.00020000000000000573,-0.0008778860503906845
1770115500000,2026-02-03T10:45:00Z,0.22762,0.22795,0.22747,0.2277,62592,14254.168514,0.22762,0.22795,0.22758,0.2277,0.22782,0.22812,0.22781,0.22788,-0.00033932,-0.00039825,-0.00059122,-0.00059122,-0.00017999999999998573,-0.0007898894154817699
1770115800000,2026-02-03T10:50:00Z,0.2277,0.22788,0.22728,0.22772,182212,41443.605069,0.2277,0.22788,0.22737,0.22772,0.22788,0.22803,0.22763,0.22797,-0.00059122,-0.0005555,-0.00095293,-0.0005555,-0.0002500000000000002,-0.0010966355222178366
1770116100000,2026-02-03T10:55:00Z,0.22772,0.22794,0.2276,0.22784,56579.5,12887.942394,0.22772,0.22793,0.22764,0.22784,0.22797,0.22812,0.22792,0.22808,-0.0005555,-0.00065032,-0.00069992,-0.00069992,-0.00024000000000001798,-0.0010522623640828567
1770116400000,2026-02-03T11:00:00Z,0.22784,0.2281,0.22766,0.2281,99764.4,22733.082367,0.22784,0.2281,0.22766,0.2281,0.22808,0.22828,0.22792,0.22828,-0.00069992,-0.00087915,-0.00088686,-0.00088686,-0.00018000000000001348,-0.0007885053443140594
1770116700000,2026-02-03T11:05:00Z,0.2281,0.22827,0.22766,0.22782,139184.2,31727.815858,0.2281,0.22827,0.22773,0.22782,0.22828,0.22846,0.22794,0.22805,-0.00088686,-0.0003997,-0.0011598,-0.0003997,-0.00023000000000000798,-0.0010085507564131023
1770117000000,2026-02-03T11:10:00Z,0.22782,0.2279,0.22756,0.22772,73310.6,16695.114385,0.22782,0.22797,0.22757,0.22772,0.22805,0.22816,0.22781,0.22791,-0.0003997,-0.00032416,-0.00059676,-0.00032416,-0.00018999999999999573,-0.000833662410600657
1770117300000,2026-02-03T11:15:00Z,0.22772,0.22813,0.22744,0.22764,119172.4,27143.081528,0.22772,0.22815,0.22751,0.22771,0.22791,0.22837,0.22773,0.22799,-0.00032416,-0.00079857,-0.00093707,-0.00093707,-0.0003499999999999892,-0.0015351550506600693
1770117600000,2026-02-03T11:20:00Z,0.22764,0.2281,0.22763,0.22784,102780.7,23429.758802,0.22771,0.2281,0.2277,0.22791,0.22799,0.22826,0.22799,0.22815,-0.00093707,-0.00074509,-0.00074801,-0.00074509,-0.0003100000000000047,-0.0013587552049090718
1770117900000,2026-02-03T11:25:00Z,0.22784,0.22799,0.22745,0.22765,152719.9,34768.730535,0.22791,0.22799,0.22755,0.22765,0.22815,0.2282,0.22774,0.22787,-0.00074509,-0.00043584,-0.00067976,-0.00043584,-0.00021999999999999797,-0.000965462763856576
1770118200000,2026-02-03T11:30:00Z,0.22765,0.22836,0.22738,0.22799,304426.4,69329.249656,0.22765,0.22835,0.22744,0.22797,0.22787,0.22841,0.22768,0.22816,-0.00043584,-0.00038439,-0.00055362,-0.00038439,-0.00017000000000000348,-0.0007450911640953869
1770118500000,2026-02-03T11:35:00Z,0.22799,0.22829,0.22732,0.22737,227072.4,51771.029924,0.22797,0.22829,0.2274,0.2274,0.22816,0.2284,0.22769,0.22769,-0.00038439,-0.00038763,-0.00067135,-0.00067135,-0.0003200000000000147,-0.0014054196495235395
1770118800000,2026-02-03T11:40:00Z,0.22737,0.22818,0.22737,0.22792,366317.3,83490.760977,0.2274,0.22818,0.2274,0.22797,0.22769,0.22834,0.22766,0.22819,-0.00067135,-0.00060219,-0.00061498,-0.00061498,-0.00026999999999999247,-0.001183224505894178
1770119100000,2026-02-03T11:45:00Z,0.22792,0.22865,0.22788,0.22837,349065,79715.648731,0.22797,0.22862,0.22797,0.22848,0.22819,0.22876,0.22818,0.22865,-0.00061498,0,-0.00016823,0,-0.00028000000000000247,-0.0012245790509512464
1770119400000,2026-02-03T11:50:00Z,0.22837,0.22838,0.22778,0.22792,186152.7,42446.183217,0.22848,0.22848,0.22782,0.22792,0.22865,0.22865,0.22804,0.2281,0,-0.00034782,-0.00043402,-0.00043402,-0.00017999999999998573,-0.0007891275756246634
1770119700000,2026-02-03T11:55:00Z,0.22792,0.22834,0.22777,0.22789,161901.5,36922.230177,0.22792,0.22833,0.22783,0.22789,0.2281,0.22845,0.22807,0.22811,-0.00043402,-0.00044464,-0.00059491,-0.00044464,-0.00021999999999999797,-0.0009644469773354872
1770120000000,2026-02-03T12:00:00Z,0.22789,0.22812,0.22672,0.22752,877949.5,199476.972004,0.22789,0.22812,0.22731,0.22752,0.22811,0.2282,0.22753,0.22776,-0.00044464,-0.00054346,-0.00061172,-0.00061172,-0.00023999999999999022,-0.0010537407797681342
1770120300000,2026-02-03T12:05:00Z,0.22752,0.22828,0.22738,0.22819,248229.8,56548.592258,0.22752,0.2283,0.22746,0.22827,0.22776,0.2285,0.22774,0.22845,-0.00061172,-0.00043594,-0.00044696,-0.00044696,-0.00025999999999998247,-0.0011381046180782774
1770120600000,2026-02-03T12:10:00Z,0.22819,0.22955,0.22796,0.2289,744759.7,170451.105775,0.22827,0.22955,0.22802,0.22891,0.22845,0.22966,0.22824,0.22914,-0.00044696,0.00073051,-0.00089068,-0.00089068,-0.00024000000000001798,-0.0010473946059178579
1770120900000,2026-02-03T12:15:00Z,0.2289,0.2289,0.22817,0.22837,279827.6,63942.3151,0.22891,0.22891,0.22825,0.22841,0.22914,0.22914,0.22853,0.22867,-0.00089068,-0.00051606,-0.00089556,-0.00089556,-0.00030000000000002247,-0.0013119342283641163
1770121200000,2026-02-03T12:20:00Z,0.22837,0.22869,0.2282,0.22844,168841.3,38564.134266,0.22841,0.22866,0.22825,0.22844,0.22867,0.2289,0.22855,0.22866,-0.00089556,-0.00050295,-0.0007694,-0.0007694,-0.00021999999999999797,-0.0009621271757193999
1770121500000,2026-02-03T12:25:00Z,0.22844,0.22973,0.22843,0.2293,321647.7,73742.310789,0.22844,0.22961,0.22843,0.22941,0.22866,0.2298,0.22866,0.22961,-0.0007694,-0.00016894,-0.00022677,-0.00016894,-0.0003100000000000047,-0.0013501154130917848
1770121800000,2026-02-03T12:30:00Z,0.2293,0.22961,0.22885,0.22885,277778.1,63688.580932,0.22941,0.22961,0.22895,0.22895,0.22961,0.22979,0.22923,0.22923,-0.00016894,-0.00047329,-0.00067962,-0.00067962,-0.00037999999999999146,-0.0016577236836364851
1770122100000,2026-02-03T12:35:00Z,0.22885,0.22949,0.22878,0.22946,255660.3,58602.061433,0.22895,0.22948,0.22879,0.22946,0.22923,0.22964,0.2291,0.22958,-0.00067962,-0.00018603,-0.00018659,-0.00018659,-0.00012000000000000899,-0.0005226936144263829
1770122400000,2026-02-03T12:40:00Z,0.22946,0.22966,0.22922,0.22923,176731.4,40548.549738,0.22946,0.22966,0.2293,0.22934,0.22958,0.2298,0.2295,0.22953,-0.00018659,-0.00016906,-0.00031141,-0.00031141,-0.00030000000000002247,-0.0013070186903673701
1770122700000,2026-02-03T12:45:00Z,0.22923,0.22979,0.22916,0.22965,243883.5,55991.641891,0.22934,0.22979,0.22923,0.22965,0.22953,0.22987,0.22946,0.2298,-0.00031141,0,-0.00002702,-0.00002702,-0.00015000000000001124,-0.0006527415143603622
1770123000000,2026-02-03T12:50:00Z,0.22965,0.22967,0.22922,0.22959,188568,43267.354569,0.22965,0.22965,0.22925,0.22959,0.2298,0.22987,0.22944,0.22984,-0.00002702,-0.00053943,-0.00063428,-0.00063428,-0.0002500000000000002,-0.001087713191785591
1770123300000,2026-02-03T12:55:00Z,0.22959,0.22988,0.22917,0.22924,330361.3,75858.807653,0.22959,0.22981,0.22929,0.22929,0.22984,0.23005,0.22958,0.22958,-0.00063428,-0.00034348,-0.00055068,-0.00034348,-0.00034000000000000696,-0.001480965240874671
1770123600000,2026-02-03T13:00:00Z,0.22924,0.22931,0.22859,0.22863,152175,34842.221675,0.22929,0.22932,0.22867,0.22867,0.22958,0.22961,0.22896,0.22896,-0.00034348,-0.00059293,-0.00077702,-0.00077702,-0.00032999999999999696,-0.0014412997903563809
1770123900000,2026-02-03T13:05:00Z,0.22863,0.22947,0.2285,0.22913,269464,61742.938875,0.22867,0.22945,0.22852,0.22914,0.22896,0.22961,0.22879,0.22941,-0.00077702,-0.00062984,-0.00094126,-0.00094126,-0.00028000000000000247,-0.0012205222091452093
1770124200000,2026-02-03T13:10:00Z,0.22913,0.2292,0.22885,0.22898,207921.9,47616.25602,0.22914,0.22917,0.22891,0.22909,0.22941,0.22941,0.2292,0.22937,-0.00094126,-0.00055127,-0.00059854,-0.00059854,-0.00039000000000000146,-0.0017003095435322905
1770124500000,2026-02-03T13:15:00Z,0.22898,0.22911,0.2286,0.22882,303284.8,69408.827282,0.22909,0.2291,0.22864,0.22882,0.22937,0.22938,0.22902,0.22915,-0.00059854,-0.00100183,-0.00101165,-0.00100183,-0.00032999999999999696,-0.001440104734889797
1770124800000,2026-02-03T13:20:00Z,0.22882,0.22885,0.22815,0.22841,344695.2,78727.985486,0.22882,0.22883,0.22821,0.22844,0.22915,0.22916,0.22856,0.22875,-0.00100183,-0.00024778,-0.00104116,-0.00024778,-0.00034000000000000696,-0.001486338797814238
1770125100000,2026-02-03T13:25:00Z,0.22841,0.22907,0.22841,0.22895,246675.7,56433.352618,0.22844,0.22907,0.22843,0.22898,0.22875,0.22933,0.22871,0.22926,-0.00024778,-0.00063192,-0.00094484,-0.00063192,-0.0003100000000000047,-0.0013521765680886537
1770125400000,2026-02-03T13:30:00Z,0.22895,0.22896,0.22826,0.22871,301222,68868.609393,0.22898,0.22898,0.22828,0.22871,0.22926,0.22926,0.22862,0.22896,-0.00063192,-0.00084805,-0.00089797,-0.00089797,-0.0002500000000000002,-0.0010918937805730268
1770125700000,2026-02-03T13:35:00Z,0.22871,0.22919,0.22841,0.22877,243186.1,55645.449562,0.22871,0.22919,0.22847,0.22877,0.22896,0.22938,0.22879,0.22908,-0.00089797,-0.00056742,-0.00097054,-0.00097054,-0.0003100000000000047,-0.0013532390431290585
1770126000000,2026-02-03T13:40:00Z,0.22877,0.22889,0.22837,0.22837,163317.8,37337.248438,0.22877,0.22889,0.22839,0.22842,0.22908,0.22921,0.22876,0.22879,-0.00097054,-0.00096845,-0.00104726,-0.00096845,-0.0004200000000000037,-0.0018357445692556654
1770126300000,2026-02-03T13:45:00Z,0.22837,0.22867,0.22824,0.2285,147671.8,33734.527293,0.22842,0.22865,0.22824,0.2285,0.22879,0.22895,0.22861,0.22882,-0.00096845,-0.00111467,-0.00122897,-0.00111467,-0.00031999999999998696,-0.0013984791539200549
1770126600000,2026-02-03T13:50:00Z,0.2285,0.22856,0.22798,0.2283,234025.5,53416.51452,0.2285,0.22856,0.22805,0.22832,0.22882,0.22887,0.22843,0.22868,-0.00111467,-0.00111175,-0.00112539,-0.00111175,-0.00037999999999999146,-0.0016617106874234366
1770126900000,2026-02-03T13:55:00Z,0.2283,0.22958,0.2283,0.22901,333332.1,76327.992545,0.22832,0.22953,0.22832,0.22901,0.22868,0.22975,0.22866,0.22931,-0.00111175,-0.00068267,-0.00116672,-0.00116672,-0.00030000000000002247,-0.0013082726440191116
1770127200000,2026-02-03T14:00:00Z,0.22901,0.22962,0.22877,0.22918,359774.1,82472.952736,0.22901,0.22962,0.22882,0.22918,0.22931,0.22981,0.22915,0.22947,-0.00116672,-0.00071406,-0.00084712,-0.00071406,-0.00029000000000001247,-0.0012637817579640583
1770127500000,2026-02-03T14:05:00Z,0.22918,0.22954,0.22904,0.2294,116075.4,26623.263435,0.22918,0.22954,0.22912,0.22947,0.22947,0.22977,0.2294,0.22972,-0.00071406,-0.00028602,-0.00037477,-0.00037477,-0.0003200000000000147,-0.0013930001741250858
1770127800000,2026-02-03T14:10:00Z,0.2294,0.22951,0.22924,0.2293,158936.4,36456.583621,0.22947,0.22951,0.22928,0.2293,0.22972,0.22975,0.22958,0.22958,-0.00037477,-0.00069211,-0.00091516,-0.00069211,-0.00028000000000000247,-0.0012196184336614796
1770128100000,2026-02-03T14:15:00Z,0.2293,0.22955,0.22816,0.22852,360589.3,82485.087808,0.2293,0.22955,0.2282,0.22852,0.22958,0.22978,0.22856,0.22885,-0.00069211,-0.00097717,-0.0012731,-0.0012731,-0.00032999999999999696,-0.001441992571553406
1770128400000,2026-02-03T14:20:00Z,0.22852,0.22889,0.22849,0.22887,236302.1,54044.006815,0.22852,0.22889,0.22851,0.22888,0.22885,0.22919,0.22885,0.22919,-0.0012731,-0.00073763,-0.00076121,-0.00076121,-0.0003200000000000147,-0.0013962214756316363
1770128700000,2026-02-03T14:25:00Z,0.22887,0.22979,0.22887,0.22924,362207.6,83059.872646,0.22888,0.22979,0.22888,0.22924,0.22919,0.22992,0.22919,0.22954,-0.00076121,-0.00041482,-0.00051701,-0.00051701,-0.0002999999999999947,-0.0013069617495861058
1770129000000,2026-02-03T14:30:00Z,0.22924,0.22937,0.22786,0.22837,679606.8,155359.804998,0.22924,0.22934,0.22786,0.22837,0.22954,0.22957,0.22818,0.22853,-0.00051701,-0.00121149,-0.00178973,-0.00178973,-0.00016000000000002124,-0.0007001268980003554
1770129300000,2026-02-03T14:35:00Z,0.22837,0.22911,0.22673,0.22705,811979.5,184884.708551,0.22837,0.2291,0.22684,0.22705,0.22853,0.22923,0.22712,0.22728,-0.00178973,-0.00023726,-0.00070148,-0.00070148,-0.00023000000000000798,-0.0010119676170362898
1770129600000,2026-02-03T14:40:00Z,0.22705,0.22829,0.2258,0.22671,961880.8,218110.740808,0.22705,0.22826,0.22594,0.2267,0.22728,0.22837,0.22617,0.22693,-0.00070148,-0.00049018,-0.00049214,-0.00049018,-0.00021999999999999797,-0.0009694619486185079
1770129900000,2026-02-03T14:45:00Z,0.22671,0.22789,0.22608,0.22695,571964.5,129889.635881,0.2267,0.22789,0.22619,0.22703,0.22693,0.22804,0.2264,0.22727,-0.00049018,-0.00055019,-0.00061098,-0.00061098,-0.00031999999999998696,-0.0014080168962026971
1770130200000,2026-02-03T14:50:00Z,0.22695,0.22695,0.22482,0.22513,647024.5,145989.375258,0.22703,0.22703,0.22486,0.2252,0.22727,0.22727,0.22518,0.22538,-0.00061098,-0.00010143,-0.00062831,-0.00062831,-0.0002500000000000002,-0.0011092377318306869
1770130500000,2026-02-03T14:55:00Z,0.22513,0.22526,0.22414,0.22417,666558.6,149692.503964,0.2252,0.22524,0.22427,0.2243,0.22538,0.22539,0.2246,0.22462,-0.00062831,-0.00085247,-0.00122086,-0.00085247,-0.0004499999999999782,-0.0020033834921199278
1770130800000,2026-02-03T15:00:00Z,0.22417,0.22585,0.22351,0.22515,1236572.6,277441.269862,0.2243,0.22578,0.22367,0.22536,0.22462,0.22592,0.22399,0.22551,-0.00085247,0,-0.00122719,0,-0.0003599999999999992,-0.0015963815351869063
1770131100000,2026-02-03T15:05:00Z,0.22515,0.22648,0.22474,0.22629,533903.9,120451.074631,0.22536,0.22648,0.22481,0.22638,0.22551,0.22663,0.2251,0.22658,0,-0.0003127,-0.00031917,-0.00031917,-0.00029000000000001247,-0.0012799011386707233
1770131400000,2026-02-03T15:10:00Z,0.22629,0.22631,0.22366,0.22378,566683.3,127498.427981,0.22638,0.22639,0.22376,0.22378,0.22658,0.22659,0.22411,0.22412,-0.00031917,-0.00073569,-0.00110781,-0.00110781,-0.00034000000000000696,-0.0015170444404783462
1770131700000,2026-02-03T15:15:00Z,0.22378,0.22539,0.22329,0.22438,520003.5,116571.311026,0.22378,0.22536,0.22336,0.22452,0.22412,0.22552,0.22373,0.22476,-0.00110781,-0.00078221,-0.00100546,-0.00100546,-0.00037999999999999146,-0.0016906922940024536
1770132000000,2026-02-03T15:20:00Z,0.22438,0.22592,0.22426,0.22439,539961.3,121544.603387,0.22452,0.2258,0.22437,0.22444,0.22476,0.22596,0.22467,0.22477,-0.00100546,-0.00025078,-0.00079649,-0.00025078,-0.00037999999999999146,-0.0016906170752324218
1770132300000,2026-02-03T15:25:00Z,0.22439,0.22926,0.22407,0.22766,3290121.4,747783.045819,0.22444,0.22918,0.22413,0.22765,0.22477,0.22939,0.22445,0.22783,-0.00025078,0,-0.00113394,0,-0.00017000000000000348,-0.000746170390203237
1770132600000,2026-02-03T15:30:00Z,0.22766,0.22945,0.22625,0.22808,1043604.6,237623.758938,0.22765,0.22931,0.22633,0.22815,0.22783,0.22943,0.2266,0.22817,0,0,-0.00019281,-0.00019281,-9.000000000000674e-05,-0.0003944427400622638
1770132900000,2026-02-03T15:35:00Z,0.22808,0.22814,0.22701,0.22746,527780.4,120093.352856,0.22815,0.22815,0.22714,0.2275,0.22817,0.22817,0.22736,0.22762,-0.00019281,0,0,0,-0.00015999999999999348,-0.000702925929180184
1770133200000,2026-02-03T15:40:00Z,0.22746,0.22773,0.22583,0.22606,1253803.5,283672.704155,0.2275,0.22771,0.22608,0.22608,0.22762,0.22783,0.2262,0.2262,0,-0.00001361,-0.00044091,-0.00044091,-0.00014000000000000123,-0.0006189213085764864
1770133500000,2026-02-03T15:45:00Z,0.22606,0.2261,0.2215,0.225,12015126.7,2686947.668431,0.22608,0.22608,0.22192,0.22513,0.2262,0.22625,0.2223,0.22549,-0.00044091,-0.00059609,-0.00073848,-0.00059609,-0.0004899999999999904,-0.0021730453678654948
1770133800000,2026-02-03T15:50:00Z,0.225,0.22618,0.22451,0.22515,1301353.7,293244.483254,0.22513,0.22614,0.22458,0.22517,0.22549,0.22643,0.22496,0.22545,-0.00059609,0,-0.00038197,0,-0.00030000000000002247,-0.0013306719893547236
1770134100000,2026-02-03T15:55:00Z,0.22515,0.22538,0.2231,0.22366,1280920.8,286850.202869,0.22517,0.22536,0.22335,0.22367,0.22545,0.22552,0.22362,0.22396,0,-0.00016894,-0.00137076,-0.00137076,-0.0002999999999999947,-0.0013395249151633985
1770134400000,2026-02-03T16:00:00Z,0.22366,0.22374,0.2215,0.22155,1614613.1,358977.393912,0.22367,0.22374,0.22153,0.22153,0.22396,0.22402,0.22182,0.22185,-0.00137076,-0.00129506,-0.00154574,-0.00129506,-0.0002999999999999947,-0.00135226504394859
1770134700000,2026-02-03T16:05:00Z,0.22155,0.22198,0.21807,0.21845,4508831.5,991476.51183,0.22153,0.22197,0.21833,0.21854,0.22185,0.22224,0.21859,0.21877,-0.00129506,-0.00036921,-0.00096324,-0.00036921,-0.00031999999999998696,-0.0014627234081454814
1770135000000,2026-02-03T16:10:00Z,0.21845,0.21872,0.21695,0.21767,2754839,600412.165842,0.21854,0.21868,0.2174,0.21774,0.21877,0.21893,0.21756,0.21799,-0.00036921,-0.00000316,-0.00022076,-0.00000316,-0.00031999999999998696,-0.001467957245745158
1770135300000,2026-02-03T16:15:00Z,0.21767,0.21816,0.21616,0.21762,2464669.6,534966.627663,0.21774,0.21809,0.21624,0.21762,0.21799,0.21825,0.21653,0.21785,-0.00000316,-0.00068779,-0.00122449,-0.00068779,-0.00022999999999998022,-0.0010557723204038568
1770135600000,2026-02-03T16:20:00Z,0.21762,0.21803,0.21626,0.2163,1431374.7,310975.878595,0.21762,0.21793,0.21644,0.21644,0.21785,0.21819,0.21668,0.21668,-0.00068779,-0.0014315,-0.00170684,-0.0014315,-0.0003800000000000192,-0.0017537382314935352
1770135900000,2026-02-03T16:25:00Z,0.2163,0.21778,0.21593,0.21721,1214638.8,263620.20637,0.21644,0.21773,0.216,0.21722,0.21668,0.21784,0.21627,0.21742,-0.0014315,-0.00016601,-0.00032671,-0.00032671,-0.00021000000000001573,-0.0009658725048294349
1770136200000,2026-02-03T16:30:00Z,0.21721,0.21739,0.215,0.2162,1835123.7,396793.62759,0.21722,0.21739,0.21515,0.21623,0.21742,0.21754,0.21542,0.21649,-0.00032671,-0.00037838,-0.00053377,-0.00053377,-0.0002899999999999847,-0.001339553790013325
1770136500000,2026-02-03T16:35:00Z,0.2162,0.21701,0.21601,0.21628,801765,173549.271624,0.21623,0.217,0.21612,0.21627,0.21649,0.21722,0.21639,0.21648,-0.00053377,-0.00007677,-0.00225235,-0.00225235,-0.00020000000000000573,-0.0009238728750924137
1770136800000,2026-02-03T16:40:00Z,0.21628,0.21704,0.21566,0.21602,685509.2,148288.332818,0.21627,0.21704,0.21571,0.21602,0.21648,0.21721,0.21604,0.21618,-0.00225235,-0.00115319,-0.00126478,-0.00126478,-0.00016000000000002124,-0.0007401239707652014
1770137100000,2026-02-03T16:45:00Z,0.21602,0.21627,0.2147,0.21542,1245460.9,268185.181512,0.21602,0.21625,0.2149,0.21546,0.21618,0.21635,0.21507,0.2157,-0.00126478,0,-0.00127778,-0.00127778,-0.00028000000000000247,-0.0012980992118683471
1770137400000,2026-02-03T16:50:00Z,0.21542,0.21586,0.2149,0.21552,421328.8,90743.261977,0.21546,0.21586,0.21495,0.2155,0.2157,0.21602,0.21526,0.21581,-0.00127778,-0.00078768,-0.00105736,-0.00078768,-0.00029000000000001247,-0.0013437746165609215
1770137700000,2026-02-03T16:55:00Z,0.21552,0.21665,0.21548,0.2161,401084.9,86687.849638,0.2155,0.21662,0.2155,0.21626,0.21581,0.21681,0.21581,0.21653,-0.00078768,-0.00066885,-0.0009449,-0.0009449,-0.0004300000000000137,-0.0019858680090519268
1770138000000,2026-02-03T17:00:00Z,0.2161,0.2171,0.2161,0.21658,596914.1,129363.502866,0.21626,0.2171,0.21624,0.2166,0.21653,0.21727,0.21646,0.21686,-0.0009449,-0.00042378,-0.00059154,-0.00059154,-0.00028000000000000247,-0.0012911555842479133
1770138300000,2026-02-03T17:05:00Z,0.21658,0.21663,0.21475,0.21533,691783.6,149246.958543,0.2166,0.21663,0.21507,0.21533,0.21686,0.21686,0.21525,0.21555,-0.00059154,-0.00051227,-0.00083223,-0.00051227,-0.00021999999999999797,-0.0010206448619809695
1770138600000,2026-02-03T17:10:00Z,0.21533,0.21566,0.21325,0.21436,1890746.2,404752.025157,0.21533,0.21566,0.21395,0.21434,0.21555,0.21583,0.21418,0.21461,-0.00051227,0,-0.00077649,-0.00077649,-0.0002500000000000002,-0.00116490377894786
1770138900000,2026-02-03T17:15:00Z,0.21436,0.21511,0.21366,0.21413,1116821.8,239394.18439,0.21434,0.2151,0.21375,0.2143,0.21461,0.21531,0.21398,0.21454,-0.00077649,-0.00019225,-0.00072147,-0.00019225,-0.00041000000000002146,-0.0019110655355645634
1770139200000,2026-02-03T17:20:00Z,0.21413,0.21515,0.21384,0.21467,530431.1,113791.976539,0.2143,0.21514,0.21389,0.21468,0.21454,0.21533,0.21414,0.21496,-0.00019225,-0.00088773,-0.00097979,-0.00088773,-0.00029000000000001247,-0.0013490882024563289
1770139500000,2026-02-03T17:25:00Z,0.21467,0.21515,0.21396,0.21446,531431.9,114007.270045,0.21468,0.2151,0.21401,0.21463,0.21496,0.21527,0.21424,0.21484,-0.00088773,-0.00040064,-0.00050751,-0.00040064,-0.00037999999999999146,-0.0017687581455966834
1770139800000,2026-02-03T17:30:00Z,0.21446,0.21454,0.21321,0.21346,674430.1,144228.277488,0.21463,0.21463,0.21334,0.21367,0.21484,0.21484,0.21357,0.21391,-0.00040064,-0.00000891,-0.00017598,-0.00000891,-0.0004499999999999782,-0.002103688467112235
1770140100000,2026-02-03T17:35:00Z,0.21346,0.21428,0.21301,0.21317,624731.6,133386.319001,0.21367,0.21426,0.21315,0.21315,0.21391,0.21448,0.21346,0.21346,-0.00000891,-0.00011541,-0.00125975,-0.00011541,-0.00029000000000001247,-0.0013585683500422208
1770140400000,2026-02-03T17:40:00Z,0.21317,0.21318,0.2117,0.21179,2622348.1,556793.446273,0.21315,0.21316,0.21178,0.21179,0.21346,0.21347,0.212,0.21204,-0.00011541,-0.00038455,-0.00043742,-0.00038455,-0.0002500000000000002,-0.00117902282588191
1770140700000,2026-02-03T17:45:00Z,0.21179,0.21299,0.21172,0.21216,722243.6,153323.74111,0.21179,0.21292,0.21179,0.21216,0.21204,0.21304,0.21203,0.21239,-0.00038455,-0.00055246,-0.00071138,-0.00071138,-0.00023000000000000798,-0.001082913508168972
1770141000000,2026-02-03T17:50:00Z,0.21216,0.21367,0.21127,0.21171,987708.9,209725.433991,0.21216,0.21367,0.21138,0.21171,0.21239,0.21383,0.21169,0.21195,-0.00071138,-0.00042677,-0.00091115,-0.00042677,-0.00023999999999999022,-0.0011323425336163728
1770141300000,2026-02-03T17:55:00Z,0.21171,0.21177,0.21031,0.21056,1190550.6,250983.346528,0.21171,0.21177,0.21054,0.21057,0.21195,0.21202,0.2108,0.21086,-0.00042677,-0.00057779,-0.00060416,-0.00057779,-0.0002999999999999947,-0.001422744949255405
1770141600000,2026-02-03T18:00:00Z,0.21056,0.21175,0.2097,0.20987,1906251.5,401600.946808,0.21057,0.21172,0.20987,0.2099,0.21086,0.21189,0.21012,0.21021,-0.00057779,-0.00033853,-0.00062605,-0.00033853,-0.00034000000000000696,-0.0016174301888587934
1770141900000,2026-02-03T18:05:00Z,0.20987,0.21185,0.20986,0.21126,686622.6,144857.808773,0.2099,0.21185,0.2099,0.21135,0.21021,0.212,0.21017,0.21166,-0.00033853,-0.00088252,-0.00097639,-0.00097639,-0.0003999999999999837,-0.0018898233015212308
1770142200000,2026-02-03T18:10:00Z,0.21126,0.2115,0.21025,0.21039,464653.7,98010.226034,0.21135,0.2115,0.21041,0.21057,0.21166,0.21171,0.21067,0.21084,-0.00097639,-0.00062428,-0.00091962,-0.00091962,-0.00045000000000000595,-0.002134319863403557
1770142500000,2026-02-03T18:15:00Z,0.21039,0.211,0.2089,0.20993,1619295.1,340087.860212,0.21057,0.211,0.20903,0.20994,0.21084,0.21115,0.20929,0.21001,-0.00091962,-0.00048487,-0.00056323,-0.00048487,-7.999999999999674e-05,-0.0003809342412265927
1770142800000,2026-02-03T18:20:00Z,0.20993,0.21046,0.20761,0.20855,2647251.7,552785.934797,0.20994,0.21042,0.20803,0.20864,0.21001,0.21054,0.20823,0.20886,-0.00048487,-0.00014807,-0.00043309,-0.00043309,-0.00030999999999997696,-0.0014842478215071194
1770143100000,2026-02-03T18:25:00Z,0.20855,0.20886,0.20773,0.20837,1104361.4,229950.910773,0.20864,0.20875,0.20789,0.20841,0.20886,0.20886,0.2081,0.20854,-0.00043309,0,-0.0003638,-0.0003638,-0.00017000000000000348,-0.0008151913302004578
1770143400000,2026-02-03T18:30:00Z,0.20837,0.20922,0.20766,0.20922,600385.8,125125.586311,0.20841,0.20918,0.20786,0.20914,0.20854,0.2093,0.208,0.2093,-0.0003638,0,-0.00029394,0,-8.00000000000245e-05,-0.00038222646918310794
1770143700000,2026-02-03T18:35:00Z,0.20922,0.20961,0.20815,0.20875,606983.2,126701.306203,0.20914,0.20957,0.20827,0.20875,0.2093,0.20971,0.20854,0.20891,0,-0.00099247,-0.0010363,-0.0010363,-0.00016000000000002124,-0.0007658800440382041
1770144000000,2026-02-03T18:40:00Z,0.20875,0.20935,0.20676,0.20788,1438903.2,298933.630335,0.20875,0.20934,0.20704,0.20788,0.20891,0.20941,0.20728,0.20805,-0.0010363,0,-0.00125982,0,-0.00017000000000000348,-0.0008171112713290242
1770144300000,2026-02-03T18:45:00Z,0.20788,0.20857,0.20675,0.20746,950921.8,197356.974078,0.20788,0.20846,0.20695,0.20751,0.20805,0.20858,0.20712,0.20774,0,-0.00028506,-0.00061233,-0.00028506,-0.00028000000000000247,-0.0013478386444594323
1770144600000,2026-02-03T18:50:00Z,0.20746,0.20757,0.2064,0.2066,582982.8,120666.628893,0.20751,0.20754,0.20648,0.20658,0.20774,0.20777,0.20674,0.20681,-0.00028506,-0.00041553,-0.00087759,-0.00087759,-0.00020999999999998797,-0.0010154247860354334
1770144900000,2026-02-03T18:55:00Z,0.2066,0.20782,0.2066,0.20679,774101.6,160442.708026,0.20658,0.2078,0.20658,0.20695,0.20681,0.20798,0.20681,0.20717,-0.00087759,0,-0.00057509,0,-0.00037999999999999146,-0.0018342424096152506
1770145200000,2026-02-03T19:00:00Z,0.20679,0.20786,0.20661,0.20702,959130.9,198612.34784,0.20695,0.20772,0.20668,0.20709,0.20717,0.20781,0.20687,0.20728,0,0,-0.00109876,-0.00109876,-0.00025999999999998247,-0.0012543419529138483
1770145500000,2026-02-03T19:05:00Z,0.20702,0.20987,0.20673,0.20952,1019371.5,212686.287022,0.20709,0.20976,0.20684,0.20955,0.20728,0.20987,0.20696,0.20971,-0.00109876,0,0,0,-0.00018999999999999573,-0.0009060130656620844
1770145800000,2026-02-03T19:10:00Z,0.20952,0.21383,0.20948,0.21331,2892854.6,613981.210912,0.20955,0.21369,0.20955,0.21336,0.20971,0.21386,0.20971,0.21353,0,-0.00083387,-0.00107469,-0.00083387,-0.00021999999999999797,-0.001030300192010481
1770146100000,2026-02-03T19:15:00Z,0.21331,0.21492,0.21265,0.21436,1697752.8,362868.039234,0.21336,0.21474,0.21277,0.21436,0.21353,0.21493,0.21303,0.21459,-0.00083387,0,-0.00035126,-0.00035126,-0.00023000000000000798,-0.0010718113612004658
1770146400000,2026-02-03T19:20:00Z,0.21436,0.21544,0.21381,0.21386,1090764.6,234138.04981,0.21436,0.21543,0.21382,0.21387,0.21459,0.21559,0.21417,0.21418,-0.00035126,0,-0.00108249,0,-0.0003200000000000147,-0.0014940704080680489
1770146700000,2026-02-03T19:25:00Z,0.21386,0.21444,0.21265,0.21423,591458.4,126232.345225,0.21387,0.21441,0.21271,0.2142,0.21418,0.21454,0.21299,0.21439,0,-0.00001245,-0.00022813,-0.00022813,-0.00015999999999999348,-0.0007463034656466882
1770147000000,2026-02-03T19:30:00Z,0.21423,0.21709,0.21406,0.21551,1436257.7,309882.603439,0.2142,0.21708,0.21415,0.2156,0.21439,0.21722,0.21435,0.21589,-0.00022813,-0.00094089,-0.00156742,-0.00156742,-0.00037999999999999146,-0.0017601556348139861
1770147300000,2026-02-03T19:35:00Z,0.21551,0.21625,0.21528,0.21578,438452.3,94631.397852,0.2156,0.21625,0.21537,0.21582,0.21589,0.21637,0.21566,0.21606,-0.00156742,0,0,0,-0.00028000000000000247,-0.001295936313986867
1770147600000,2026-02-03T19:40:00Z,0.21578,0.21604,0.2148,0.21544,530830.8,114342.742976,0.21582,0.21604,0.21497,0.21544,0.21606,0.21623,0.2152,0.2156,0,-0.000447,-0.00091196,-0.00091196,-0.00016000000000002124,-0.000742115027829412
1770147900000,2026-02-03T19:45:00Z,0.21544,0.21554,0.21403,0.21431,462256.8,99210.895328,0.21544,0.21552,0.21412,0.2143,0.2156,0.21564,0.21419,0.21452,-0.00091196,0,-0.00065463,0,-0.00020999999999998797,-0.0009789297035240909
1770148200000,2026-02-03T19:50:00Z,0.21431,0.21529,0.2131,0.21422,725797.7,155511.621941,0.2143,0.21521,0.21321,0.21423,0.21452,0.21542,0.21356,0.21446,0,-0.00050757,-0.00097761,-0.00050757,-0.00024000000000001798,-0.001119089806957092
1770148500000,2026-02-03T19:55:00Z,0.21422,0.21469,0.21388,0.21433,380310,81501.625215,0.21423,0.21466,0.2139,0.21443,0.21446,0.21486,0.21419,0.21465,-0.00050757,-0.00048302,-0.00066564,-0.00048302,-0.0003200000000000147,-0.0014907989750757732
1770148800000,2026-02-03T20:00:00Z,0.21433,0.2145,0.21231,0.21266,542866.1,115719.53553,0.21443,0.21453,0.21245,0.21271,0.21465,0.21476,0.21276,0.21292,-0.00048302,-0.00042509,-0.00085409,-0.00042509,-0.0002600000000000102,-0.0012211159120797024
1770149100000,2026-02-03T20:05:00Z,0.21266,0.21281,0.21128,0.21148,753522.6,159562.902987,0.21271,0.21278,0.21133,0.21149,0.21292,0.21298,0.21159,0.21174,-0.00042509,-0.0004852,-0.00060209,-0.00060209,-0.0002600000000000102,-0.0012279210352319364
1770149400000,2026-02-03T20:10:00Z,0.21148,0.21195,0.21092,0.2111,762671.9,161338.479846,0.21149,0.21191,0.21096,0.2111,0.21174,0.21214,0.21127,0.21133,-0.00060209,-0.00118658,-0.00155735,-0.00118658,-0.00022999999999998022,-0.0010883452420384244
1770149700000,2026-02-03T20:15:00Z,0.2111,0.21297,0.21037,0.2124,1416885.1,299767.675165,0.2111,0.21291,0.21039,0.21248,0.21133,0.21296,0.21067,0.21266,-0.00118658,0,-0.00048643,-0.00048643,-0.00025999999999998247,-0.0012226088592118052
1770150000000,2026-02-03T20:20:00Z,0.2124,0.21335,0.2115,0.21317,1311066.6,278332.767382,0.21248,0.21326,0.21156,0.21312,0.21266,0.21342,0.21182,0.21336,-0.00048643,-0.00040126,-0.00053838,-0.00040126,-0.00018999999999999573,-0.0008905136857892563
1770150300000,2026-02-03T20:25:00Z,0.21317,0.21639,0.21317,0.21549,1393208.5,299588.015287,0.21312,0.21636,0.21312,0.21557,0.21336,0.21653,0.21336,0.21576,-0.00040126,-0.00056384,-0.00138551,-0.00056384,-0.0002700000000000202,-0.001251390433815444
1770150600000,2026-02-03T20:30:00Z,0.21549,0.2232,0.21545,0.21961,4834671.7,1063913.480893,0.21557,0.22316,0.21551,0.21963,0.21576,0.22339,0.21575,0.21985,-0.00056384,0,-0.00060175,0,-0.00023999999999999022,-0.0010916534000454412
1770150900000,2026-02-03T20:35:00Z,0.21961,0.22177,0.21919,0.22176,1132331.3,249190.467792,0.21963,0.22177,0.21927,0.22173,0.21985,0.22187,0.21949,0.22183,0,0,-0.00052124,0,-6.999999999998674e-05,-0.0003155569580308648
1770151200000,2026-02-03T20:40:00Z,0.22176,0.22244,0.22133,0.22174,726675.2,161265.625911,0.22173,0.22243,0.22148,0.22174,0.22183,0.22257,0.22166,0.22184,0,-0.00015814,-0.00029465,-0.00029465,-0.00010000000000001674,-0.0004507753335738223
1770151500000,2026-02-03T20:45:00Z,0.22174,0.22363,0.22036,0.221,1232457.4,273521.629171,0.22174,0.22347,0.22047,0.22097,0.22184,0.22354,0.22071,0.22113,-0.00029465,-0.00003849,-0.00050348,-0.00050348,-0.00012999999999999123,-0.000587889476778326
1770151800000,2026-02-03T20:50:00Z,0.221,0.22212,0.221,0.22157,873361.1,193411.021795,0.22097,0.22212,0.22097,0.22157,0.22113,0.22229,0.22113,0.22177,-0.00050348,0,-0.00053021,-0.00053021,-0.00020000000000000573,-0.0009018352347026457
1770152100000,2026-02-03T20:55:00Z,0.22157,0.22194,0.22047,0.22126,561530.3,124242.441951,0.22157,0.22189,0.22058,0.22126,0.22177,0.22209,0.2208,0.22144,-0.00053021,-0.00037282,-0.00079072,-0.00037282,-0.00017999999999998573,-0.0008128612716762361
1770152400000,2026-02-03T21:00:00Z,0.22126,0.22253,0.22072,0.22253,711113.5,157573.185648,0.22126,0.22253,0.22082,0.22253,0.22144,0.22262,0.22101,0.22259,-0.00037282,0,0,0,-6.0000000000004494e-05,-0.00026955388831485913
1770152700000,2026-02-03T21:05:00Z,0.22253,0.22397,0.22192,0.22375,588108.6,130961.918259,0.22253,0.22387,0.22202,0.22375,0.22259,0.22399,0.22217,0.22388,0,0,-0.00039465,0,-0.00012999999999999123,-0.0005806682151152012
1770153000000,2026-02-03T21:10:00Z,0.22375,0.22379,0.22235,0.22274,764566,170496.05376,0.22375,0.22375,0.22242,0.22271,0.22388,0.22388,0.22266,0.22292,0,-0.00065535,-0.00066424,-0.00066424,-0.00018000000000001348,-0.0008074645612776488
1770153300000,2026-02-03T21:15:00Z,0.22274,0.22293,0.22082,0.22118,383676.7,85114.322083,0.22271,0.22293,0.22088,0.22118,0.22292,0.22313,0.22111,0.22138,-0.00066424,0,-0.00054845,-0.00054845,-0.00020000000000000573,-0.000903423976872372
1770153600000,2026-02-03T21:20:00Z,0.22118,0.22129,0.22022,0.22044,491054.4,108437.278937,0.22118,0.22129,0.22029,0.22044,0.22138,0.22147,0.22056,0.22066,-0.00054845,-0.00054409,-0.0005904,-0.00054409,-0.00021999999999999797,-0.0009970089730807485
1770153900000,2026-02-03T21:25:00Z,0.22044,0.22117,0.21953,0.21975,381174.6,83894.022787,0.22044,0.22118,0.21964,0.21975,0.22066,0.22141,0.21994,0.21994,-0.00054409,-0.00072944,-0.00079259,-0.00079259,-0.00018999999999999573,-0.0008638719650813664
1770154200000,2026-02-03T21:30:00Z,0.21975,0.21982,0.21862,0.21872,480975.5,105356.392853,0.21975,0.2198,0.21873,0.21873,0.21994,0.21999,0.21902,0.21902,-0.00079259,-0.00059386,-0.00077934,-0.00059386,-0.0002999999999999947,-0.001369737923477284
1770154500000,2026-02-03T21:35:00Z,0.21872,0.21906,0.21792,0.21824,348771.7,76194.74038,0.21873,0.21904,0.21803,0.21834,0.21902,0.2192,0.2182,0.21857,-0.00059386,-0.00012757,-0.00015145,-0.00015145,-0.00032999999999999696,-0.0015098137896325983
1770154800000,2026-02-03T21:40:00Z,0.21824,0.2192,0.21824,0.21862,327435.6,71649.662237,0.21834,0.2192,0.21834,0.2187,0.21857,0.21944,0.21857,0.21901,-0.00015145,-0.00044077,-0.00060657,-0.00060657,-0.00039000000000000146,-0.0017807406054518124
1770155100000,2026-02-03T21:45:00Z,0.21862,0.21909,0.21778,0.21786,491157.8,107278.822741,0.2187,0.21901,0.21786,0.21788,0.21901,0.21928,0.21814,0.21815,-0.00060657,-0.0004116,-0.00065973,-0.00065973,-0.00029000000000001247,-0.0013293605317442698
1770155400000,2026-02-03T21:50:00Z,0.21786,0.21811,0.21742,0.21765,452310.1,98494.369867,0.21788,0.21807,0.21753,0.21765,0.21815,0.2183,0.21786,0.21797,-0.00065973,-0.0007607,-0.00169363,-0.00169363,-0.00031999999999998696,-0.0014680919392576362
1770155700000,2026-02-03T21:55:00Z,0.21765,0.21837,0.21754,0.21815,316735,69063.966668,0.21765,0.2183,0.21756,0.21815,0.21797,0.21847,0.2179,0.21839,-0.00169363,-0.00038943,-0.00052589,-0.00052589,-0.00023999999999999022,-0.001098951417189387
1770156000000,2026-02-03T22:00:00Z,0.21815,0.21848,0.2175,0.21782,304158.8,66258.841838,0.21815,0.21844,0.21757,0.21782,0.21839,0.21869,0.21789,0.21809,-0.00052589,-0.000508,-0.00099243,-0.00099243,-0.00026999999999999247,-0.0012380210005043444
1770156300000,2026-02-03T22:05:00Z,0.21782,0.21806,0.21598,0.21621,577936.4,125422.280801,0.21782,0.21799,0.21605,0.21621,0.21809,0.21816,0.21638,0.21653,-0.00099243,-0.00065546,-0.00068918,-0.00068918,-0.00031999999999998696,-0.0014778552625501638
1770156600000,2026-02-03T22:10:00Z,0.21621,0.21685,0.2157,0.2157,502036.4,108501.686913,0.21621,0.21685,0.21583,0.21583,0.21653,0.21709,0.21603,0.21603,-0.00068918,0,0,0,-0.00032999999999999696,-0.0015275656158866683
1770156900000,2026-02-03T22:15:00Z,0.2157,0.21576,0.21436,0.21504,527024.2,113276.868321,0.21583,0.21583,0.21449,0.21504,0.21603,0.21603,0.21478,0.21527,0,-0.00000571,-0.00035209,-0.00035209,-0.00022999999999998022,-0.0010684256979606086
1770157200000,2026-02-03T22:20:00Z,0.21504,0.21628,0.21486,0.21497,475516.5,102403.163499,0.21504,0.21628,0.21501,0.21501,0.21527,0.21646,0.21527,0.21528,-0.00035209,0,0,0,-0.0003100000000000047,-0.0014399851356373314
1770157500000,2026-02-03T22:25:00Z,0.21497,0.21636,0.21497,0.21618,297000.6,64103.618928,0.21501,0.21637,0.21501,0.21622,0.21528,0.21656,0.21528,0.21644,0,0,0,0,-0.00025999999999998247,-0.0012012566993161269
1770157800000,2026-02-03T22:30:00Z,0.21618,0.2167,0.21573,0.21624,195434.5,42247.576654,0.21622,0.2166,0.21578,0.21632,0.21644,0.21684,0.21607,0.21659,0,0,-0.00018143,0,-0.00035000000000001696,-0.0016159564153470471
1770158100000,2026-02-03T22:35:00Z,0.21624,0.21728,0.21601,0.21671,275836.2,59815.036118,0.21632,0.2172,0.21602,0.21679,0.21659,0.21741,0.21631,0.21702,0,0,-0.00008313,-0.00008313,-0.00030999999999997696,-0.001428439775135826
1770158400000,2026-02-03T22:40:00Z,0.21671,0.21695,0.21595,0.21599,105210.7,22756.743529,0.21679,0.21695,0.21606,0.21606,0.21702,0.21716,0.21626,0.21626,-0.00008313,0,-0.000451,0,-0.0002700000000000202,-0.001248497179321281
1770158700000,2026-02-03T22:45:00Z,0.21599,0.2161,0.21409,0.21411,420280.2,90422.376479,0.21606,0.21606,0.21409,0.21411,0.21626,0.21626,0.21432,0.21436,0,-0.00052055,-0.00108313,-0.00108313,-0.0002500000000000002,-0.0011662623623810422
1770159000000,2026-02-03T22:50:00Z,0.21411,0.2152,0.21386,0.2151,524024.3,112395.165921,0.21411,0.21512,0.214,0.2151,0.21436,0.21529,0.21426,0.21529,-0.00108313,0,-0.00036163,0,-0.00018999999999999573,-0.0008825305402015687
1770159300000,2026-02-03T22:55:00Z,0.2151,0.2151,0.21395,0.21434,455974,97739.332395,0.2151,0.21512,0.21398,0.21434,0.21529,0.21531,0.21425,0.21456,0,-0.00015478,-0.00110959,-0.00110959,-0.00021999999999999797,-0.001025354213273667
1770159600000,2026-02-03T23:00:00Z,0.21434,0.21459,0.21244,0.21255,965346.7,205937.219631,0.21434,0.21459,0.2126,0.2126,0.21456,0.21478,0.21284,0.21288,-0.00110959,-0.00028582,-0.00049993,-0.00028582,-0.0003300000000000247,-0.0015501691093575004
1770159900000,2026-02-03T23:05:00Z,0.21255,0.21368,0.21178,0.21353,682294.5,145041.129764,0.2126,0.21369,0.21205,0.21358,0.21288,0.2139,0.21233,0.21379,-0.00028582,-0.000479,-0.00075734,-0.00075734,-0.0002600000000000102,-0.0012161466860003284
1770160200000,2026-02-03T23:10:00Z,0.21353,0.21462,0.21344,0.21462,715875.8,153395.590457,0.21358,0.21462,0.21355,0.21462,0.21379,0.2148,0.21377,0.21479,-0.00075734,-0.00005732,-0.00134559,-0.00134559,-0.00017000000000000348,-0.0007914707388612294
1770160500000,2026-02-03T23:15:00Z,0.21462,0.21492,0.21422,0.21445,279109.1,59905.568766,0.21462,0.21492,0.21423,0.21456,0.21479,0.21513,0.21445,0.21478,-0.00134559,0,-0.00055931,0,-0.00032999999999999696,-0.0015364559083713427
1770160800000,2026-02-03T23:20:00Z,0.21445,0.21483,0.21392,0.21483,436385.7,93524.822074,0.21456,0.2148,0.21401,0.21479,0.21478,0.21493,0.21424,0.21493,0,0,-0.00015246,-0.00015246,-0.00010000000000001674,-0.0004652677615968768
1770161100000,2026-02-03T23:25:00Z,0.21483,0.21508,0.2137,0.21377,346560.1,74312.162369,0.21479,0.21515,0.21378,0.21378,0.21493,0.21531,0.2141,0.2141,-0.00015246,-0.00044907,-0.0008877,-0.00044907,-0.0003300000000000247,-0.0015413358243812456
1770161400000,2026-02-03T23:30:00Z,0.21377,0.21377,0.21316,0.21353,336269.2,71776.515132,0.21378,0.21378,0.21324,0.21356,0.2141,0.2141,0.21352,0.2138,-0.00044907,-0.00043694,-0.00062759,-0.00062759,-0.00026999999999999247,-0.0012628624883067937
1770161700000,2026-02-03T23:35:00Z,0.21353,0.21374,0.21321,0.21337,537898.9,114832.341561,0.21356,0.21374,0.21333,0.21341,0.2138,0.21395,0.21359,0.21369,-0.00062759,-0.00042741,-0.00099681,-0.00099681,-0.00031999999999998696,-0.00149749637325091
1770162000000,2026-02-03T23:40:00Z,0.21337,0.21359,0.21238,0.21282,374568.5,79747.227748,0.21341,0.21359,0.21247,0.21282,0.21369,0.21383,0.21276,0.21305,-0.00099681,-0.00104914,-0.00141078,-0.00104914,-0.00022999999999998022,-0.00107955878901657
1770162300000,2026-02-03T23:45:00Z,0.21282,0.21304,0.21112,0.21176,1010277.8,214054.007754,0.21282,0.21304,0.21116,0.21184,0.21305,0.21331,0.21143,0.21209,-0.00104914,-0.0007092,-0.00096172,-0.00096172,-0.00032999999999999696,-0.001555943231646928
1770162600000,2026-02-03T23:50:00Z,0.21176,0.21232,0.21171,0.21186,427812.2,90686.800838,0.21184,0.21232,0.21174,0.21188,0.21209,0.21254,0.21203,0.21219,-0.00096172,-0.00047573,-0.00097246,-0.00097246,-0.00032999999999999696,-0.001555209953343687
1770162900000,2026-02-03T23:55:00Z,0.21186,0.21274,0.21176,0.21274,288819.3,61268.901356,0.21188,0.21279,0.2118,0.21274,0.21219,0.213,0.21209,0.21294,-0.00097246,-0.00039018,-0.000479,-0.00039018,-0.00019999999999997797,-0.0009392317084623743
1770163200000,2026-02-04T00:00:00Z,0.21274,0.2129,0.21193,0.21219,464332.4,98561.204108,0.21274,0.2129,0.212,0.21223,0.21294,0.21303,0.21224,0.21247,-0.00039018,-0.00059135,-0.00108192,-0.00108192,-0.00028000000000000247,-0.0013178331058502494
1770163500000,2026-02-04T00:05:00Z,0.21219,0.21268,0.21206,0.2123,342812.3,72796.643982,0.21223,0.21267,0.21208,0.21232,0.21247,0.21288,0.21234,0.21256,-0.00108192,-0.00052978,-0.00116074,-0.00052978,-0.0002600000000000102,-0.001223184042152852
1770163800000,2026-02-04T00:10:00Z,0.2123,0.21239,0.21182,0.21191,199344.1,42285.4829,0.21232,0.21239,0.21185,0.21191,0.21256,0.21257,0.21209,0.21212,-0.00052978,-0.00032346,-0.00057189,-0.00032346,-0.00021000000000001573,-0.000990005657175258
1770164100000,2026-02-04T00:15:00Z,0.21191,0.21269,0.21145,0.21215,888954.8,188425.636324,0.21191,0.21269,0.21191,0.21215,0.21212,0.21283,0.21212,0.21239,-0.00032346,-0.00025892,-0.00098672,-0.00098672,-0.00023999999999999022,-0.0011299967041762335
1770164400000,2026-02-04T00:20:00Z,0.21215,0.21269,0.21202,0.21261,241167.9,51197.777615,0.21215,0.21269,0.21208,0.21266,0.21239,0.21285,0.21231,0.21285,-0.00098672,-0.00050065,-0.00058465,-0.00050065,-0.00024000000000001798,-0.0011275546159267933
1770164700000,2026-02-04T00:25:00Z,0.21261,0.21312,0.21243,0.2131,221218.6,47063.998105,0.21266,0.2131,0.21249,0.2131,0.21285,0.21327,0.21269,0.21327,-0.00050065,-0.00025164,-0.00035127,-0.00025164,-0.00016999999999997573,-0.000797111642518759
1770165000000,2026-02-04T00:30:00Z,0.2131,0.2144,0.21287,0.21432,430009,91820.330144,0.2131,0.21438,0.21298,0.21435,0.21327,0.21457,0.2132,0.21452,-0.00025164,0,-0.00054703,0,-0.00019999999999997797,-0.0009323140033562278
1770165300000,2026-02-04T00:35:00Z,0.21432,0.21555,0.21432,0.21555,212412.7,45678.560132,0.21435,0.2155,0.21432,0.2155,0.21452,0.21571,0.21449,0.21571,0,-0.00056906,-0.00057472,-0.00057472,-0.00016000000000002124,-0.000741736590793293
1770165600000,2026-02-04T00:40:00Z,0.21555,0.2157,0.21505,0.21521,145230.6,31282.171268,0.2155,0.2157,0.21523,0.21529,0.21571,0.21588,0.21544,0.21554,-0.00057472,-0.00022824,-0.0002882,-0.0002882,-0.00032999999999999696,-0.0015310383223531455
1770165900000,2026-02-04T00:45:00Z,0.21521,0.21562,0.21508,0.21562,248990.8,53627.656508,0.21529,0.21562,0.21517,0.21562,0.21554,0.21578,0.2154,0.21572,-0.0002882,-0.0006503,-0.00069089,-0.0006503,-9.999999999998899e-05,-0.00046356387910248927
1770166200000,2026-02-04T00:50:00Z,0.21562,0.21579,0.21518,0.21521,133712.5,28809.686668,0.21562,0.21579,0.21519,0.21521,0.21572,0.21602,0.21547,0.21547,-0.0006503,-0.00063913,-0.0006827,-0.0006827,-0.00025999999999998247,-0.0012066645008585069
1770166500000,2026-02-04T00:55:00Z,0.21521,0.21556,0.21521,0.21545,144307.9,31085.35534,0.21521,0.21556,0.21521,0.21545,0.21547,0.21578,0.21547,0.21564,-0.0006827,-0.00051793,-0.00074538,-0.00074538,-0.00018999999999999573,-0.0008810981265071217
1770166800000,2026-02-04T01:00:00Z,0.21545,0.21847,0.21545,0.21845,332373.7,72287.838494,0.21545,0.21847,0.21545,0.21845,0.21564,0.21857,0.21564,0.21855,-0.00074538,0,-0.00004551,0,-9.999999999998899e-05,-0.0004575611988102905
1770167100000,2026-02-04T01:05:00Z,0.21845,0.21869,0.21776,0.21865,292130.6,63778.260569,0.21845,0.21867,0.21779,0.21857,0.21855,0.21882,0.21804,0.21879,0,0,-0.0006167,0,-0.00014000000000000123,-0.0006398829928241749
1770167400000,2026-02-04T01:10:00Z,0.21865,0.2199,0.21852,0.21987,274080.4,60059.903854,0.21857,0.21988,0.21855,0.21987,0.21879,0.22003,0.21874,0.22,0,0,-0.00022474,0,-0.00012999999999999123,-0.000590909090909051
1770167700000,2026-02-04T01:15:00Z,0.21987,0.22021,0.21948,0.21966,297817.7,65452.077416,0.21987,0.22021,0.21954,0.21966,0.22,0.22026,0.21969,0.21986,0,0,-0.0004055,0,-0.00020000000000000573,-0.0009096697898663046
1770168000000,2026-02-04T01:20:00Z,0.21966,0.21997,0.21944,0.21963,163784.9,35987.30688,0.21966,0.21997,0.21952,0.21968,0.21986,0.22022,0.21976,0.21993,0,-0.00025769,-0.00059608,-0.00059608,-0.0002999999999999947,-0.0013640703860318952
1770168300000,2026-02-04T01:25:00Z,0.21963,0.21987,0.21889,0.21899,132252.9,29011.517291,0.21968,0.21987,0.21892,0.21899,0.21993,0.22009,0.21918,0.21919,-0.00059608,-0.00047663,-0.00111654,-0.00047663,-0.00020000000000000573,-0.0009124503855103141
1770168600000,2026-02-04T01:30:00Z,0.21899,0.2197,0.21875,0.21963,142383.3,31217.46225,0.21899,0.21966,0.21876,0.21963,0.21919,0.21981,0.21902,0.21977,-0.00047663,-0.00016998,-0.00019431,-0.00019431,-0.00014000000000000123,-0.0006370296218774229
1770168900000,2026-02-04T01:35:00Z,0.21963,0.21986,0.21936,0.21964,109565.6,24068.306747,0.21963,0.21986,0.21946,0.21969,0.21977,0.21994,0.21961,0.21986,-0.00019431,-0.00014026,-0.00015425,-0.00014026,-0.00021999999999999797,-0.0010006367688528972
1770169200000,2026-02-04T01:40:00Z,0.21964,0.22033,0.21959,0.21975,385689.8,84854.248697,0.21969,0.22018,0.21968,0.21977,0.21986,0.2203,0.21986,0.22,-0.00014026,-0.0007187,-0.00073522,-0.00073522,-0.0002500000000000002,-0.0011363636363636374
1770169500000,2026-02-04T01:45:00Z,0.21975,0.21975,0.218,0.21858,278458.4,60839.050535,0.21977,0.21977,0.218,0.21858,0.22,0.22,0.21822,0.21862,-0.00073522,-0.00050206,-0.00052286,-0.00050206,-4.000000000001225e-05,-0.0001829658768640209
1770169800000,2026-02-04T01:50:00Z,0.21858,0.21966,0.21851,0.21937,405680.6,88799.544667,0.21858,0.21953,0.21856,0.21943,0.21862,0.21963,0.21862,0.21957,-0.00050206,-0.00020552,-0.00031196,-0.00031196,-0.00019999999999997797,-0.0009108712483489456
1770170100000,2026-02-04T01:55:00Z,0.21937,0.21937,0.21869,0.21919,219254.2,48013.320546,0.21943,0.21943,0.21874,0.21927,0.21957,0.21957,0.21895,0.21946,-0.00031196,-0.00007354,-0.00044137,-0.00007354,-0.00026999999999999247,-0.001230292536225246
1770170400000,2026-02-04T02:00:00Z,0.21919,0.21919,0.21818,0.21821,165614.5,36221.042453,0.21927,0.21927,0.21822,0.21824,0.21946,0.21946,0.21841,0.21846,-0.00007354,-0.00024131,-0.00047588,-0.00024131,-0.0002500000000000002,-0.0011443742561567346
1770170700000,2026-02-04T02:05:00Z,0.21821,0.21946,0.21818,0.219,119596,26165.33333,0.21824,0.21946,0.2182,0.2192,0.21846,0.21955,0.21836,0.21935,-0.00024131,0,-0.00003952,0,-0.0003499999999999892,-0.0015956234328697936
1770171000000,2026-02-04T02:10:00Z,0.219,0.21918,0.21847,0.21879,159407.3,34872.059017,0.2192,0.2192,0.21852,0.21852,0.21935,0.21935,0.21878,0.2189,0,-0.00067681,-0.00092001,-0.00067681,-0.00010999999999999899,-0.0005025125628140657
1770171300000,2026-02-04T02:15:00Z,0.21879,0.2195,0.21853,0.21885,222024.9,48626.643756,0.21852,0.2195,0.21852,0.21885,0.2189,0.21966,0.21882,0.21911,-0.00067681,-0.00009404,-0.00084362,-0.00084362,-0.0002600000000000102,-0.0011866185934006218
1770171600000,2026-02-04T02:20:00Z,0.21885,0.2194,0.21834,0.21931,93230.4,20406.730798,0.21885,0.21939,0.21834,0.21935,0.21911,0.21952,0.2186,0.2195,-0.00084362,0,0,0,-0.00018999999999999573,-0.0008656036446469054
1770171900000,2026-02-04T02:25:00Z,0.21931,0.21962,0.21848,0.21895,124983.9,27372.913763,0.21935,0.21961,0.21864,0.21895,0.2195,0.21977,0.21883,0.21919,0,-0.00021404,-0.00037551,-0.00021404,-0.00023999999999999022,-0.0010949404626123009
1770172200000,2026-02-04T02:30:00Z,0.21895,0.21903,0.21835,0.21837,157770.1,34502.021345,0.21895,0.21903,0.21839,0.21839,0.21919,0.21919,0.21863,0.21863,-0.00021404,-0.00026797,-0.00157354,-0.00026797,-0.00025999999999998247,-0.0011892238027717261
1770172500000,2026-02-04T02:35:00Z,0.21837,0.21889,0.21807,0.21886,223447.6,48797.709749,0.21839,0.21889,0.21821,0.21886,0.21863,0.21913,0.21848,0.2191,-0.00026797,-0.00048844,-0.0005429,-0.00048844,-0.00023999999999999022,-0.00109539023277038
1770172800000,2026-02-04T02:40:00Z,0.21886,0.21886,0.21711,0.21847,490301.2,106814.358362,0.21886,0.21886,0.2172,0.21854,0.2191,0.2191,0.2175,0.21878,-0.00048844,-0.00027788,-0.00029824,-0.00029824,-0.0003100000000000047,-0.0014169485327726699
1770173100000,2026-02-04T02:45:00Z,0.21847,0.21882,0.21822,0.21831,176523.9,38588.886251,0.21854,0.21882,0.21825,0.21833,0.21878,0.21903,0.21849,0.21857,-0.00029824,-0.00038184,-0.00049737,-0.00049737,-0.00025999999999998247,-0.0011895502584983414
1770173400000,2026-02-04T02:50:00Z,0.21831,0.21842,0.2178,0.21841,186427.7,40655.859287,0.21833,0.21842,0.21782,0.21841,0.21857,0.21858,0.21809,0.21845,-0.00049737,-0.00046148,-0.00067028,-0.00067028,-4.000000000001225e-05,-0.00018310826276041311
1770173700000,2026-02-04T02:55:00Z,0.21841,0.21884,0.2183,0.21841,138319.6,30228.120671,0.21841,0.21886,0.21832,0.21854,0.21845,0.21905,0.21845,0.21883,-0.00067028,-0.00059622,-0.00121562,-0.00121562,-0.0004200000000000037,-0.001919298085271689
1770174000000,2026-02-04T03:00:00Z,0.21841,0.21911,0.21837,0.21876,242255.2,52987.715185,0.21854,0.2191,0.21845,0.21873,0.21883,0.21919,0.21872,0.21895,-0.00121562,-0.00006174,-0.00049858,-0.00049858,-0.00018999999999999573,-0.0008677780315140247
1770174300000,2026-02-04T03:05:00Z,0.21876,0.21968,0.21864,0.21959,162595.6,35629.90263,0.21873,0.21968,0.21873,0.21959,0.21895,0.21971,0.21895,0.21971,-0.00049858,0,0,0,-0.00011999999999998123,-0.0005461745027535444
1770174600000,2026-02-04T03:10:00Z,0.21959,0.22149,0.21946,0.22101,650482,143542.991712,0.21959,0.22149,0.21952,0.22099,0.21971,0.22169,0.21971,0.22122,0,0,-0.00021539,-0.00021539,-0.00020999999999998797,-0.0009492812584756712
1770174900000,2026-02-04T03:15:00Z,0.22101,0.22127,0.22042,0.22092,204153.9,45081.742375,0.22099,0.22127,0.22053,0.22094,0.22122,0.22144,0.22076,0.22116,-0.00021539,-0.00004317,-0.00028753,-0.00028753,-0.00023999999999999022,-0.0010851871947910572
1770175200000,2026-02-04T03:20:00Z,0.22092,0.22205,0.22092,0.22125,588334.5,130394.802664,0.22094,0.22188,0.22094,0.22126,0.22116,0.22193,0.22116,0.22145,-0.00028753,-0.00003965,-0.00031058,-0.00031058,-0.00020000000000000573,-0.0009031384059607394
1770175500000,2026-02-04T03:25:00Z,0.22125,0.22128,0.22033,0.22062,122415.6,27028.537376,0.22126,0.22128,0.22036,0.22062,0.22145,0.22145,0.22057,0.22077,-0.00031058,-0.00048506,-0.00048916,-0.00048506,-0.00014999999999998348,-0.0006794401413234746
1770175800000,2026-02-04T03:30:00Z,0.22062,0.22179,0.22054,0.22086,506084.4,111989.953724,0.22062,0.22173,0.22054,0.22094,0.22077,0.22187,0.22074,0.22116,-0.00048506,-0.00040051,-0.00040587,-0.00040051,-0.0002999999999999947,-0.001356483993488853
1770176100000,2026-02-04T03:35:00Z,0.22086,0.22316,0.22086,0.22267,472824.2,105107.795501,0.22094,0.2231,0.22089,0.22271,0.22116,0.22325,0.22104,0.2229,-0.00040051,0,-0.00015427,-0.00015427,-0.00022999999999998022,-0.0010318528488110373
1770176400000,2026-02-04T03:40:00Z,0.22267,0.2231,0.22186,0.22225,303801,67595.103741,0.22271,0.22311,0.22186,0.22225,0.2229,0.22331,0.2221,0.22238,-0.00015427,-0.00007777,-0.00020823,-0.00007777,-0.00012999999999999123,-0.0005845849446892312
1770176700000,2026-02-04T03:45:00Z,0.22225,0.22257,0.22199,0.22218,122689.6,27278.945498,0.22225,0.22259,0.22205,0.22218,0.22238,0.22278,0.22229,0.22237,-0.00007777,-0.00022523,-0.00059747,-0.00059747,-0.00019000000000002348,-0.0008544318028512096
1770177000000,2026-02-04T03:50:00Z,0.22218,0.2225,0.22213,0.22235,125400.1,27880.329493,0.22218,0.2225,0.22213,0.22241,0.22237,0.22262,0.22236,0.22259,-0.00059747,-0.00004257,-0.00016781,-0.00016781,-0.00024000000000001798,-0.0010782155532594365
1770177300000,2026-02-04T03:55:00Z,0.22235,0.22247,0.22198,0.22198,84564.8,18791.594879,0.22241,0.22247,0.22199,0.22199,0.22259,0.22261,0.22224,0.22224,-0.00016781,-0.00052306,-0.00061426,-0.00061426,-0.00025999999999998247,-0.0011699064074873222
1770177600000,2026-02-04T04:00:00Z,0.22198,0.2225,0.22134,0.2225,187747.1,41655.665516,0.22199,0.2225,0.22135,0.2225,0.22224,0.22264,0.22161,0.22264,-0.00061426,0,-0.00012811,0,-0.00014000000000000123,-0.0006288178224937174
1770177900000,2026-02-04T04:05:00Z,0.2225,0.22343,0.22212,0.22296,679962.8,151441.410339,0.2225,0.22347,0.22233,0.22296,0.22264,0.22359,0.22254,0.22309,0,-0.00024419,-0.00057621,-0.00057621,-0.000130000000000019,-0.0005827244609799587
1770178200000,2026-02-04T04:10:00Z,0.22296,0.22305,0.22249,0.22291,157065.2,35001.372272,0.22296,0.22305,0.22249,0.22293,0.22309,0.22316,0.22261,0.22303,-0.00057621,0,-0.0007599,-0.0007599,-0.00012000000000000899,-0.0005380442092992377
1770178500000,2026-02-04T04:15:00Z,0.22291,0.22298,0.22233,0.22267,76817.3,17102.42799,0.22293,0.22298,0.22241,0.22271,0.22303,0.22312,0.22261,0.22285,-0.0007599,-0.00003433,-0.00007016,-0.00003433,-0.00017999999999998573,-0.0008077181960959647
1770178800000,2026-02-04T04:20:00Z,0.22267,0.22319,0.22267,0.22281,163630.1,36482.939662,0.22271,0.22309,0.22267,0.22281,0.22285,0.22319,0.22279,0.22292,-0.00003433,0,-0.00014135,-0.00014135,-0.00010999999999999899,-0.0004934505652251884
1770179100000,2026-02-04T04:25:00Z,0.22281,0.22313,0.22222,0.22257,205996.9,45858.874087,0.22281,0.22316,0.22228,0.22257,0.22292,0.22332,0.22246,0.22269,-0.00014135,-0.00022653,-0.00082236,-0.00082236,-0.00012000000000000899,-0.0005388656877273743
1770179400000,2026-02-04T04:30:00Z,0.22257,0.2228,0.2223,0.2228,148776.5,33114.264987,0.22257,0.22284,0.22232,0.2228,0.22269,0.22297,0.22255,0.22294,-0.00082236,-0.00053191,-0.00080913,-0.00053191,-0.00014000000000000123,-0.0006279716515654491
1770179700000,2026-02-04T04:35:00Z,0.2228,0.22291,0.22252,0.22265,87423.7,19472.453231,0.2228,0.22292,0.22259,0.22275,0.22294,0.22308,0.22276,0.22292,-0.00053191,-0.00011381,-0.00032932,-0.00011381,-0.0002700000000000202,-0.0012111968419164733
1770180000000,2026-02-04T04:40:00Z,0.22265,0.22271,0.22221,0.22225,73755.4,16405.642551,0.22275,0.22275,0.22225,0.22228,0.22292,0.22292,0.22245,0.22247,-0.00011381,-0.00020244,-0.0005139,-0.00020244,-0.00021999999999999797,-0.0009888973794219354
1770180300000,2026-02-04T04:45:00Z,0.22225,0.22292,0.22214,0.22288,137876,30668.78243,0.22228,0.22292,0.22224,0.22289,0.22247,0.22308,0.22244,0.22308,-0.00020244,-0.00038418,-0.00039136,-0.00039136,-0.00020000000000000573,-0.0008965393580778453
1770180600000,2026-02-04T04:50:00Z,0.22288,0.22309,0.22254,0.22279,202641.1,45150.891809,0.22289,0.22311,0.22266,0.22279,0.22308,0.22329,0.22283,0.22297,-0.00039136,-0.0002718,-0.0009248,-0.0002718,-0.00018000000000001348,-0.0008072834910526685
1770180900000,2026-02-04T04:55:00Z,0.22279,0.22284,0.2224,0.22252,124006.9,27606.087978,0.22279,0.22286,0.22247,0.22253,0.22297,0.22304,0.22264,0.22272,-0.0002718,-0.00022223,-0.00059231,-0.00059231,-0.00020000000000000573,-0.0008979885057471521
1770181200000,2026-02-04T05:00:00Z,0.22252,0.22298,0.22239,0.22276,137628.7,30649.483298,0.22253,0.22298,0.22242,0.22276,0.22272,0.22312,0.22262,0.22292,-0.00059231,-0.00031161,-0.00064025,-0.00064025,-0.00015999999999999348,-0.0007177462766911604
1770181500000,2026-02-04T05:05:00Z,0.22276,0.22292,0.2224,0.22254,105636.6,23526.001553,0.22276,0.22292,0.22245,0.22254,0.22292,0.22307,0.2227,0.22278,-0.00064025,-0.00063815,-0.0007548,-0.0007548,-0.00024000000000001798,-0.0010772959870725288
1770181800000,2026-02-04T05:10:00Z,0.22254,0.22293,0.22248,0.22252,221672.3,49374.781069,0.22254,0.2229,0.22252,0.22253,0.22278,0.22308,0.22274,0.22276,-0.0007548,-0.00032695,-0.00088499,-0.00088499,-0.00024000000000001798,-0.0010773927096427453
1770182100000,2026-02-04T05:15:00Z,0.22252,0.22256,0.22135,0.22138,138224.9,30699.624832,0.22253,0.22256,0.22149,0.22149,0.22276,0.22276,0.2217,0.2217,-0.00088499,-0.00039156,-0.00073087,-0.00073087,-0.0003200000000000147,-0.001443391971132227
1770182400000,2026-02-04T05:20:00Z,0.22138,0.22184,0.22138,0.22173,100171.8,22197.469854,0.22149,0.22184,0.22147,0.22174,0.2217,0.22201,0.22167,0.22195,-0.00073087,-0.00030122,-0.00057252,-0.00057252,-0.00021999999999999797,-0.0009912142374408558
1770182700000,2026-02-04T05:25:00Z,0.22173,0.22244,0.22173,0.22223,133261.3,29599.690622,0.22174,0.22244,0.22174,0.22223,0.22195,0.22253,0.22195,0.22241,-0.00057252,-0.00048484,-0.00053748,-0.00048484,-0.00017999999999998573,-0.000809316127871884
1770183000000,2026-02-04T05:30:00Z,0.22223,0.22234,0.2219,0.22215,137233.9,30484.310908,0.22223,0.22234,0.22199,0.22216,0.22241,0.22249,0.22222,0.22235,-0.00048484,-0.00024005,-0.00044749,-0.00044749,-0.00020000000000000573,-0.0008994827973915257
1770183300000,2026-02-04T05:35:00Z,0.22215,0.2225,0.22203,0.22204,125631.6,27925.314816,0.22216,0.2225,0.22208,0.22208,0.22235,0.22262,0.22235,0.22235,-0.00044749,-0.00049006,-0.00069757,-0.00069757,-0.0003100000000000047,-0.001394198335956846
1770183600000,2026-02-04T05:40:00Z,0.22204,0.22226,0.2215,0.22171,212642.6,47171.872541,0.22208,0.22226,0.22156,0.22171,0.22235,0.22241,0.22179,0.22192,-0.00069757,-0.00066801,-0.00089762,-0.00089762,-0.00021000000000001573,-0.000946286950252414
1770183900000,2026-02-04T05:45:00Z,0.22171,0.2222,0.2217,0.22204,95004,21088.001544,0.22171,0.2222,0.2217,0.22212,0.22192,0.22239,0.22192,0.22236,-0.00089762,-0.00076856,-0.0008965,-0.00076856,-0.0003200000000000147,-0.0014391077531930865
1770184200000,2026-02-04T05:50:00Z,0.22204,0.22225,0.2199,0.22045,1175145,259295.168902,0.22212,0.22225,0.22033,0.22045,0.22236,0.2224,0.22057,0.22062,-0.00076856,-0.00046295,-0.0007828,-0.0007828,-0.00017000000000000348,-0.0007705557066449255
1770184500000,2026-02-04T05:55:00Z,0.22045,0.22124,0.22045,0.22124,207831,45918.963618,0.22045,0.22127,0.22045,0.22124,0.22062,0.22143,0.22062,0.22138,-0.0007828,-0.00032085,-0.00035199,-0.00035199,-0.00014000000000000123,-0.0006323967838106479
1770184800000,2026-02-04T06:00:00Z,0.22124,0.22175,0.22118,0.2216,513682.4,113757.322692,0.22124,0.22177,0.22122,0.2216,0.22138,0.22188,0.22136,0.22169,-0.00035199,-0.00010987,-0.0003782,-0.00010987,-9.000000000000674e-05,-0.00040597230366731357
1770185100000,2026-02-04T06:05:00Z,0.2216,0.22313,0.22154,0.22313,417444.3,92936.122714,0.2216,0.22318,0.22154,0.22318,0.22169,0.22331,0.22165,0.22331,-0.00010987,0,-0.0000438,0,-0.00018000000000001348,-0.0008060543638888248
1770185400000,2026-02-04T06:10:00Z,0.22313,0.22364,0.22295,0.22326,212909.2,47552.960923,0.22318,0.22363,0.22308,0.22328,0.22331,0.22372,0.22322,0.22344,0,0,-0.00027574,-0.00027574,-0.00018000000000001348,-0.0008055853920516178
1770185700000,2026-02-04T06:15:00Z,0.22326,0.22335,0.22261,0.22261,174485,38917.937311,0.22328,0.22334,0.22266,0.22266,0.22344,0.22344,0.22285,0.22288,-0.00027574,-0.00024206,-0.00032136,-0.00024206,-0.00026999999999999247,-0.001211414213926743
1770186000000,2026-02-04T06:20:00Z,0.22261,0.2227,0.22197,0.22216,199341,44317.60668,0.22266,0.2227,0.22199,0.22226,0.22288,0.22288,0.22217,0.22239,-0.00024206,0,0,0,-0.00023000000000000798,-0.001034219164530815
1770186300000,2026-02-04T06:25:00Z,0.22216,0.22245,0.22206,0.22219,95578.6,21239.261103,0.22226,0.22245,0.22213,0.22219,0.22239,0.22252,0.22228,0.22228,0,0,-0.00039455,-0.00039455,-9.000000000000674e-05,-0.00040489472737091387
1770186600000,2026-02-04T06:30:00Z,0.22219,0.22219,0.22184,0.22195,139917.5,31062.956188,0.22219,0.22219,0.22188,0.22195,0.22228,0.2223,0.22205,0.22211,-0.00039455,-0.0000863,-0.00037472,-0.0000863,-0.00015999999999999348,-0.0007203637837107445
1770186900000,2026-02-04T06:35:00Z,0.22195,0.22291,0.22177,0.2225,170330.8,37868.046072,0.22195,0.22287,0.22182,0.2225,0.22211,0.22294,0.22201,0.22261,-0.0000863,-0.00017361,-0.00047657,-0.00047657,-0.00010999999999999899,-0.0004941377296617357
1770187200000,2026-02-04T06:40:00Z,0.2225,0.22293,0.22241,0.22287,90209.7,20088.128506,0.2225,0.22293,0.22243,0.22286,0.22261,0.22299,0.22256,0.22286,-0.00047657,0,0,0,1.0000000000010001e-05,4.4871219599793595e-05
1770187500000,2026-02-04T06:45:00Z,0.22287,0.22367,0.22285,0.22302,253828.9,56653.484506,0.22286,0.22369,0.22285,0.22306,0.22286,0.22374,0.22286,0.22321,0,-0.00013481,-0.00019171,-0.00013481,-0.00018999999999999573,-0.0008512163433537733
1770187800000,2026-02-04T06:50:00Z,0.22302,0.22308,0.22228,0.22234,525523,117021.610354,0.22306,0.22314,0.22232,0.22234,0.22321,0.22329,0.2224,0.22241,-0.00013481,-0.00007348,-0.00028904,-0.00028904,-6.999999999998674e-05,-0.00031473404972792024
1770188100000,2026-02-04T06:55:00Z,0.22234,0.22241,0.22207,0.22208,135198.6,30045.658288,0.22234,0.22241,0.22208,0.22208,0.22241,0.22246,0.22219,0.22219,-0.00028904,-0.00016887,-0.00039222,-0.00016887,-0.00010999999999999899,-0.0004950717854088798
1770188400000,2026-02-04T07:00:00Z,0.22208,0.22227,0.22124,0.22124,418453.1,92808.744483,0.22208,0.22227,0.22135,0.22135,0.22219,0.22231,0.22149,0.22149,-0.00016887,-0.00050833,-0.00052466,-0.00052466,-0.0002500000000000002,-0.0011287191295318083
1770188700000,2026-02-04T07:05:00Z,0.22124,0.22131,0.22062,0.22089,281939.2,62281.710357,0.22135,0.22135,0.22072,0.22089,0.22149,0.22149,0.22083,0.22096,-0.00052466,-0.00016681,-0.00070544,-0.00016681,-6.999999999998674e-05,-0.0003167994207095707
1770189000000,2026-02-04T07:10:00Z,0.22089,0.22224,0.22087,0.22213,431686.5,95734.050522,0.22089,0.22223,0.22089,0.22213,0.22096,0.22234,0.22096,0.22229,-0.00016681,0,-0.00035259,0,-0.00015999999999999348,-0.0007197804669575486
1770189300000,2026-02-04T07:15:00Z,0.22213,0.22226,0.22163,0.22205,161332,35809.312973,0.22213,0.22226,0.22168,0.22205,0.22229,0.22236,0.22186,0.22218,0,0,-0.00014577,-0.00014577,-0.00012999999999999123,-0.0005851111711224739
1770189600000,2026-02-04T07:20:00Z,0.22205,0.2222,0.22108,0.2211,198898.1,44087.030207,0.22205,0.22215,0.22112,0.22113,0.22218,0.2223,0.22132,0.22133,-0.00014577,-0.00016544,-0.00037023,-0.00037023,-0.00023000000000000798,-0.00103917227669095
1770189900000,2026-02-04T07:25:00Z,0.2211,0.22163,0.2211,0.22155,159183.8,35243.014075,0.22113,0.22163,0.22112,0.22158,0.22133,0.2218,0.22131,0.22171,-0.00037023,-0.00015182,-0.00043056,-0.00015182,-0.00015999999999999348,-0.0007216634342158382
1770190200000,2026-02-04T07:30:00Z,0.22155,0.22204,0.22111,0.22182,259719.5,57577.028867,0.22158,0.22204,0.22122,0.22187,0.22171,0.22211,0.22139,0.222,-0.00015182,0,-0.0002112,0,-0.00018000000000001348,-0.0008108108108108715
1770190500000,2026-02-04T07:35:00Z,0.22182,0.22307,0.22178,0.22267,418779.9,93097.593049,0.22187,0.22307,0.22185,0.22273,0.222,0.22312,0.22196,0.22291,0,0,-0.00096093,0,-0.00023999999999999022,-0.0010766677134268997
1770190800000,2026-02-04T07:40:00Z,0.22267,0.22272,0.22219,0.22241,247093.4,54959.737556,0.22273,0.22273,0.22222,0.2224,0.22291,0.22291,0.22241,0.22257,0,-0.00009854,-0.00023573,-0.00023573,-0.00015999999999999348,-0.0007188749606864964
1770191100000,2026-02-04T07:45:00Z,0.22241,0.22286,0.22199,0.22262,587491.7,130663.883278,0.2224,0.22285,0.22214,0.22266,0.22257,0.22292,0.22227,0.22279,-0.00023573,0,-0.00023397,0,-0.00016999999999997573,-0.0007630504062120191
1770191400000,2026-02-04T07:50:00Z,0.22262,0.22307,0.22244,0.22244,161725.5,36017.973606,0.22266,0.22307,0.22252,0.22253,0.22279,0.22312,0.22267,0.22268,0,0,-0.00009877,-0.00009877,-0.00023999999999999022,-0.0010777797736662036
1770191700000,2026-02-04T07:55:00Z,0.22244,0.22248,0.22192,0.22245,158451.8,35217.899267,0.22253,0.22253,0.222,0.22248,0.22268,0.22268,0.2222,0.22268,-0.00009877,-0.00032984,-0.00034307,-0.00034307,-0.00022999999999998022,-0.0010328722830967318
1770192000000,2026-02-04T08:00:00Z,0.22245,0.22289,0.22175,0.22213,266340.1,59243.637263,0.22248,0.22289,0.22175,0.22213,0.22268,0.22298,0.22196,0.22225,-0.00034307,-0.00074472,-0.00101291,-0.00101291,-0.00012000000000000899,-0.0005399325084364859
1770192300000,2026-02-04T08:05:00Z,0.22213,0.22293,0.22212,0.22293,219239.4,48805.2152,0.22213,0.22293,0.22213,0.22293,0.22225,0.22303,0.22225,0.22303,-0.00101291,-0.00010258,-0.00050103,-0.00010258,-0.00010000000000001674,-0.0004483701744160729
1770192600000,2026-02-04T08:10:00Z,0.22293,0.22321,0.22242,0.22252,184205.1,41049.066367,0.22293,0.22322,0.22249,0.22252,0.22303,0.22338,0.22268,0.22269,-0.00010258,-0.00021968,-0.00048146,-0.00048146,-0.00017000000000000348,-0.0007633930576137388
1770192900000,2026-02-04T08:15:00Z,0.22252,0.22347,0.22247,0.22332,137778.1,30734.064706,0.22252,0.22347,0.2225,0.22332,0.22269,0.22366,0.22269,0.2235,-0.00048146,-0.00054396,-0.00059383,-0.00054396,-0.00018000000000001348,-0.0008053691275168388
1770193200000,2026-02-04T08:20:00Z,0.22332,0.22349,0.22236,0.22254,264106.1,58907.68982,0.22332,0.22349,0.22245,0.22257,0.2235,0.22365,0.2227,0.22277,-0.00054396,-0.00039305,-0.00104731,-0.00104731,-0.00023000000000000798,-0.0010324549984289087
1770193500000,2026-02-04T08:25:00Z,0.22254,0.22303,0.22244,0.22262,277053.5,61695.958943,0.22257,0.22301,0.22247,0.22264,0.22277,0.22323,0.22273,0.2229,-0.00104731,-0.00056153,-0.00066164,-0.00066164,-0.0002799999999999747,-0.0012561686855090835
1770193800000,2026-02-04T08:30:00Z,0.22262,0.22314,0.22229,0.223,133210.6,29686.691262,0.22264,0.22313,0.22231,0.223,0.2229,0.22333,0.22256,0.22323,-0.00066164,-0.00002132,-0.00063289,-0.00063289,-0.00023000000000000798,-0.0010303274649465035
1770194100000,2026-02-04T08:35:00Z,0.223,0.2234,0.22287,0.22323,129351.1,28864.728464,0.223,0.2234,0.22288,0.22329,0.22323,0.22356,0.2231,0.22349,-0.00063289,-0.0002533,-0.00032185,-0.0002533,-0.00025999999999998247,-0.0011633630140050226
1770194400000,2026-02-04T08:40:00Z,0.22323,0.224,0.22295,0.22396,229291.5,51301.325298,0.22329,0.2239,0.223,0.2239,0.22349,0.22405,0.22322,0.22405,-0.0002533,-0.00027338,-0.00041858,-0.00027338,-9.000000000000674e-05,-0.00040169604998887187
1770194700000,2026-02-04T08:45:00Z,0.22396,0.22533,0.22384,0.2248,627868.7,141168.38369,0.2239,0.22534,0.22386,0.22483,0.22405,0.22549,0.22401,0.22502,-0.00027338,-0.00036859,-0.00061639,-0.00061639,-0.00021999999999999797,-0.0009776908719224867
1770195000000,2026-02-04T08:50:00Z,0.2248,0.22503,0.2243,0.22446,257320.5,57820.633352,0.22483,0.22501,0.2243,0.22446,0.22502,0.22514,0.22448,0.22458,-0.00061639,-0.00022902,-0.00054343,-0.00022902,-0.00012000000000000899,-0.0005343307507347448
1770195300000,2026-02-04T08:55:00Z,0.22446,0.22496,0.22442,0.22489,239612.4,53847.383229,0.22446,0.22497,0.22445,0.22493,0.22458,0.22517,0.22458,0.22514,-0.00022902,-0.00039333,-0.00067871,-0.00039333,-0.0002500000000000002,-0.0011104201829972471
1770195600000,2026-02-04T09:00:00Z,0.22489,0.22497,0.22409,0.22427,166123.9,37306.777374,0.22493,0.22496,0.22409,0.22427,0.22514,0.22519,0.22429,0.22448,-0.00039333,-0.00030744,-0.00071487,-0.00030744,-0.00021000000000001573,-0.0009354953670706331
1770195900000,2026-02-04T09:05:00Z,0.22427,0.22465,0.22391,0.22413,217370.9,48733.563247,0.22427,0.22464,0.22392,0.22414,0.22448,0.22472,0.22408,0.22428,-0.00030744,-0.00016779,-0.00021124,-0.00016779,-0.00015000000000001124,-0.0006688068485821795
1770196200000,2026-02-04T09:10:00Z,0.22413,0.22445,0.22364,0.22372,324224.5,72594.480644,0.22414,0.22443,0.22369,0.22384,0.22428,0.22455,0.22388,0.22408,-0.00016779,-0.00003625,-0.00019581,-0.00019581,-0.0003599999999999992,-0.0016065690824705427
1770196500000,2026-02-04T09:15:00Z,0.22372,0.22406,0.22338,0.22388,173282.3,38762.855475,0.22384,0.22406,0.22342,0.22389,0.22408,0.22421,0.22367,0.22413,-0.00019581,-0.00049005,-0.00075568,-0.00075568,-0.0002500000000000002,-0.0011154240842368279
1770196800000,2026-02-04T09:20:00Z,0.22388,0.22452,0.22377,0.22428,494968.3,110889.392847,0.22389,0.22453,0.22388,0.22428,0.22413,0.22476,0.22413,0.2245,-0.00075568,-0.00011499,-0.00071394,-0.00011499,-0.00021999999999999797,-0.000979955456570147
1770197100000,2026-02-04T09:25:00Z,0.22428,0.22439,0.22354,0.22366,516501,115704.7047,0.22428,0.2244,0.2236,0.22366,0.2245,0.22462,0.22383,0.22391,-0.00011499,-0.00060262,-0.00064694,-0.00060262,-0.0002500000000000002,-0.001116520030369346
1770197400000,2026-02-04T09:30:00Z,0.22366,0.22473,0.22366,0.22456,312502.7,70141.976028,0.22366,0.22473,0.22366,0.22456,0.22391,0.22491,0.22391,0.22479,-0.00060262,-0.00022948,-0.00087568,-0.00087568,-0.00022999999999998022,-0.0010231771875972252
1770197700000,2026-02-04T09:35:00Z,0.22456,0.22472,0.22235,0.22271,992862.8,221957.103681,0.22456,0.22472,0.22236,0.22271,0.22479,0.22496,0.22264,0.22297,-0.00087568,-0.00051928,-0.00063897,-0.00063897,-0.0002600000000000102,-0.0011660761537427018
1770198000000,2026-02-04T09:40:00Z,0.22271,0.22375,0.22251,0.22275,546291.6,121893.706844,0.22271,0.22374,0.22255,0.2228,0.22297,0.22382,0.22273,0.22301,-0.00063897,-0.00036752,-0.00044502,-0.00036752,-0.0002600000000000102,-0.0011658670014798001
1770198300000,2026-02-04T09:45:00Z,0.22275,0.22358,0.22263,0.22324,359327.7,80202.389798,0.2228,0.22356,0.22268,0.22331,0.22301,0.22366,0.22285,0.22346,-0.00036752,-0.00023087,-0.00024473,-0.00023087,-0.00021999999999999797,-0.0009845162445180256
1770198600000,2026-02-04T09:50:00Z,0.22324,0.22367,0.22305,0.22351,375590,83906.849931,0.22331,0.22367,0.22312,0.22352,0.22346,0.2238,0.22329,0.22368,-0.00023087,-0.0001418,-0.00036524,-0.0001418,-0.00017000000000000348,-0.0007600143061516608
1770198900000,2026-02-04T09:55:00Z,0.22351,0.22389,0.22342,0.22356,438607.6,98088.045876,0.22352,0.22389,0.22351,0.22356,0.22368,0.22398,0.22363,0.22366,-0.0001418,0,0,0,-9.999999999998899e-05,-0.000447107216310422
1770199200000,2026-02-04T10:00:00Z,0.22356,0.22438,0.22349,0.22398,348894.4,78166.3727,0.22356,0.2244,0.22355,0.2241,0.22366,0.22446,0.22361,0.22423,0,-0.0001133,-0.00033428,-0.00033428,-0.0002500000000000002,-0.0011149266378272318
1770199500000,2026-02-04T10:05:00Z,0.22398,0.22483,0.22378,0.22438,406597,91236.709242,0.2241,0.22483,0.22398,0.22445,0.22423,0.22491,0.22414,0.22461,-0.00033428,-0.00020008,-0.00079251,-0.00020008,-0.00023000000000000798,-0.0010239971506166598
1770199800000,2026-02-04T10:10:00Z,0.22438,0.2249,0.22407,0.2245,357455.7,80230.5719,0.22445,0.2249,0.22411,0.2245,0.22461,0.22503,0.22427,0.22458,-0.00020008,-0.0001361,-0.0002783,-0.0002783,-7.999999999999674e-05,-0.0003562205004897887
1770200100000,2026-02-04T10:15:00Z,0.2245,0.22525,0.22433,0.22474,553079.3,124358.27414,0.2245,0.22532,0.22444,0.22483,0.22458,0.22542,0.22453,0.22496,-0.0002783,0,-0.00010938,-0.00010938,-0.00021999999999999797,-0.0009779516358463637
1770200400000,2026-02-04T10:20:00Z,0.22474,0.22511,0.22462,0.22466,219991.2,49485.772856,0.22483,0.22511,0.22469,0.22474,0.22496,0.22524,0.22486,0.22491,-0.00010938,-0.00027802,-0.00035766,-0.00027802,-0.0002500000000000002,-0.0011115557334044738
1770200700000,2026-02-04T10:25:00Z,0.22466,0.22562,0.22466,0.22526,515375.5,116131.634242,0.22474,0.22557,0.22474,0.2253,0.22491,0.22567,0.2249,0.2254,-0.00027802,0,-0.00002614,-0.00002614,-0.00014000000000000123,-0.0006211180124223658
1770201000000,2026-02-04T10:30:00Z,0.22526,0.22562,0.22486,0.22551,750957.4,169145.580751,0.2253,0.22562,0.22497,0.22551,0.2254,0.22569,0.22508,0.22562,-0.00002614,-0.0002483,-0.00042246,-0.00042246,-0.00010999999999999899,-0.0004875454303696436
1770201300000,2026-02-04T10:35:00Z,0.22551,0.22586,0.22488,0.22528,566165.9,127693.378622,0.22551,0.22584,0.22495,0.22528,0.22562,0.22593,0.22511,0.22539,-0.00042246,-0.00028277,-0.00067526,-0.00067526,-0.00010999999999999899,-0.0004880429477794001
1770201600000,2026-02-04T10:40:00Z,0.22528,0.22608,0.22527,0.22594,452922.5,102238.798435,0.22528,0.22608,0.22527,0.22599,0.22539,0.2262,0.22539,0.22606,-0.00067526,-0.00005129,-0.0006984,-0.00005129,-0.00012000000000000899,-0.0005308325223392417
1770201900000,2026-02-04T10:45:00Z,0.22594,0.22671,0.22526,0.22566,896011.6,202494.270574,0.22599,0.22667,0.22537,0.22566,0.22606,0.22669,0.22551,0.22575,-0.00005129,-0.00031646,-0.00045225,-0.00045225,-9.000000000000674e-05,-0.0003986710963455448
1770202200000,2026-02-04T10:50:00Z,0.22566,0.22702,0.22561,0.22646,1224852.2,277591.081813,0.22566,0.22696,0.22565,0.22646,0.22575,0.22703,0.22575,0.22658,-0.00045225,-0.00014422,-0.00019374,-0.00019374,-0.00012000000000000899,-0.0005296142642775575
1770202500000,2026-02-04T10:55:00Z,0.22646,0.22676,0.2259,0.22596,340958.9,77189.115515,0.22646,0.22676,0.22595,0.22596,0.22658,0.22685,0.2261,0.2261,-0.00019374,-0.0002041,-0.00021346,-0.00021346,-0.00014000000000000123,-0.0006191950464396339
1770202800000,2026-02-04T11:00:00Z,0.22596,0.22609,0.22399,0.22536,1391351.8,313205.529721,0.22596,0.22609,0.22416,0.22538,0.2261,0.22618,0.22412,0.2255,-0.00021346,0,-0.00010676,0,-0.00014000000000000123,-0.0006208425720620897
1770203100000,2026-02-04T11:05:00Z,0.22536,0.22549,0.22372,0.22411,2512279.4,564151.617899,0.22538,0.22547,0.224,0.22418,0.2255,0.22552,0.22411,0.22428,0,0,-0.00015177,0,-0.00017000000000000348,-0.0007579810950597623
1770203400000,2026-02-04T11:10:00Z,0.22411,0.22538,0.22403,0.22524,683966.3,153780.578441,0.22418,0.22538,0.22417,0.22533,0.22428,0.22546,0.22427,0.22542,0,0,0,0,-0.00018000000000001348,-0.0007985094490285399
1770203700000,2026-02-04T11:15:00Z,0.22524,0.22606,0.2246,0.22525,681166.1,153430.528788,0.22533,0.22606,0.22466,0.22528,0.22542,0.22614,0.22483,0.22539,0,0,-0.00089408,0,-0.00014000000000000123,-0.0006211455699010658
1770204000000,2026-02-04T11:20:00Z,0.22525,0.22666,0.22523,0.22628,545341.4,123413.119627,0.22528,0.22672,0.22525,0.22631,0.22539,0.22679,0.22539,0.22647,0,0,-0.00038355,-0.00038355,-0.00018999999999999573,-0.0008389632180862619
1770204300000,2026-02-04T11:25:00Z,0.22628,0.2273,0.22621,0.22654,735381.8,166844.168707,0.22631,0.22729,0.22631,0.22654,0.22647,0.2274,0.22647,0.22672,-0.00038355,-0.00060826,-0.00069648,-0.00069648,-0.00018000000000001348,-0.0007939308398024589
1770204600000,2026-02-04T11:30:00Z,0.22654,0.22801,0.22639,0.22797,732873.3,166572.178996,0.22654,0.22801,0.22644,0.228,0.22672,0.22812,0.22662,0.22812,-0.00069648,0,-0.00011119,-0.00011119,-0.00014999999999998348,-0.0006575486586006641
1770204900000,2026-02-04T11:35:00Z,0.22797,0.22839,0.22588,0.2259,1753744.2,398019.620405,0.228,0.22839,0.2259,0.2259,0.22812,0.2285,0.22605,0.22606,-0.00011119,-0.00002919,-0.00027802,-0.00002919,-0.00016000000000002124,-0.0007077766964523632
1770205200000,2026-02-04T11:40:00Z,0.2259,0.22612,0.2255,0.22585,518946.5,117200.408316,0.2259,0.22612,0.22561,0.22585,0.22606,0.22627,0.22577,0.22588,-0.00002919,0,-0.00019537,-0.00019537,-3.0000000000002247e-05,-0.00013281388347796284
1770205500000,2026-02-04T11:45:00Z,0.22585,0.22702,0.22558,0.2267,826947.5,187299.853331,0.22585,0.22701,0.22568,0.22678,0.22588,0.22711,0.22583,0.2269,-0.00019537,-0.00011669,-0.00036659,-0.00011669,-0.00019999999999997797,-0.00088144557073591
1770205800000,2026-02-04T11:50:00Z,0.2267,0.22687,0.22638,0.22663,233254,52863.835553,0.22678,0.22687,0.22647,0.22663,0.2269,0.22693,0.2266,0.22672,-0.00011669,0,-0.00033072,0,-9.000000000000674e-05,-0.00039696541990122945
1770206100000,2026-02-04T11:55:00Z,0.22663,0.22799,0.22658,0.22754,542913.6,123454.123231,0.22663,0.22786,0.22659,0.22752,0.22672,0.228,0.22672,0.22767,0,-0.00006586,-0.00048367,-0.00006586,-0.000130000000000019,-0.0005710018886986384
1770206400000,2026-02-04T12:00:00Z,0.22754,0.22775,0.22686,0.22709,569201,129404.400888,0.22752,0.22775,0.22697,0.22709,0.22767,0.22791,0.22711,0.22721,-0.00006586,0,-0.00026622,0,-0.00012000000000000899,-0.0005281457682320716
1770206700000,2026-02-04T12:05:00Z,0.22709,0.22813,0.22698,0.22812,446157.6,101537.527323,0.22709,0.22812,0.22704,0.22812,0.22721,0.22822,0.22719,0.22822,0,0,-0.00021494,-0.00021494,-0.00010000000000001674,-0.0004381736920516026
1770207000000,2026-02-04T12:10:00Z,0.22812,0.22883,0.22775,0.2283,1091699.9,249395.467946,0.22812,0.2288,0.22783,0.22833,0.22822,0.22884,0.22788,0.22849,-0.00021494,0,-0.00025693,-0.00025693,-0.00018999999999999573,-0.0008315462383473926
1770207300000,2026-02-04T12:15:00Z,0.2283,0.22975,0.22829,0.22962,1565237.8,358694.956833,0.22833,0.22976,0.22833,0.22966,0.22849,0.22986,0.22847,0.22977,-0.00025693,-0.00008386,-0.00019371,-0.00008386,-0.00015000000000001124,-0.0006528267397833104
1770207600000,2026-02-04T12:20:00Z,0.22962,0.23014,0.2276,0.22782,1820272.7,417446.711623,0.22966,0.23003,0.22776,0.22785,0.22977,0.23008,0.22794,0.22805,-0.00008386,0,-0.00042636,0,-0.00023000000000000798,-0.0010085507564131023
1770207900000,2026-02-04T12:25:00Z,0.22782,0.22785,0.22517,0.22518,1669123.9,377655.533587,0.22785,0.22785,0.22526,0.22533,0.22805,0.22805,0.22537,0.22552,0,0,-0.00059437,-0.00059437,-0.00034000000000000696,-0.0015076268180206057
1770208200000,2026-02-04T12:30:00Z,0.22518,0.22634,0.2251,0.22581,665866,150338.152378,0.22533,0.22629,0.22518,0.22581,0.22552,0.22641,0.22537,0.22593,-0.00059437,-0.00023594,-0.00050362,-0.00023594,-0.00011999999999998123,-0.0005311379630858285
1770208500000,2026-02-04T12:35:00Z,0.22581,0.22617,0.22531,0.22559,326012.2,73579.11791,0.22581,0.22617,0.22532,0.22563,0.22593,0.22625,0.22554,0.22582,-0.00023594,-0.00023335,-0.00057611,-0.00057611,-0.00022999999999998022,-0.001018510317952264
1770208800000,2026-02-04T12:40:00Z,0.22559,0.22611,0.22551,0.22595,198458.9,44816.814604,0.22563,0.22611,0.22553,0.22597,0.22582,0.22625,0.22569,0.22613,-0.00057611,0,-0.00047437,0,-0.00017999999999998573,-0.0007960022995621356
1770209100000,2026-02-04T12:45:00Z,0.22595,0.22605,0.22551,0.2256,127369.2,28761.921464,0.22597,0.22603,0.22557,0.22557,0.22613,0.22613,0.22573,0.22575,0,-0.00027434,-0.00049838,-0.00027434,-0.00015000000000001124,-0.0006644518272425747
1770209400000,2026-02-04T12:50:00Z,0.2256,0.22579,0.22517,0.2257,89031.8,20079.543624,0.22557,0.2258,0.22517,0.2257,0.22575,0.22589,0.22534,0.22577,-0.00027434,0,0,0,-6.999999999998674e-05,-0.0003100500509367353
1770209700000,2026-02-04T12:55:00Z,0.2257,0.22625,0.2257,0.22606,140716.6,31798.113227,0.2257,0.22623,0.2257,0.22618,0.22577,0.22632,0.22577,0.22632,0,-0.00005188,-0.00028529,-0.00005188,-0.00025999999999998247,-0.0011488158359843693
1770210000000,2026-02-04T13:00:00Z,0.22606,0.22637,0.22571,0.22585,199087.9,45010.57171,0.22618,0.22636,0.22579,0.22592,0.22632,0.22647,0.22591,0.2261,-0.00005188,0,-0.00021723,-0.00021723,-0.0002500000000000002,-0.001105705440070766
1770210300000,2026-02-04T13:05:00Z,0.22585,0.22717,0.22582,0.2268,251089.3,56907.631224,0.22592,0.2272,0.22591,0.22684,0.2261,0.22735,0.2261,0.22702,-0.00021723,0,0,0,-0.00021999999999999797,-0.0009690776143071006
1770210600000,2026-02-04T13:10:00Z,0.2268,0.22704,0.22649,0.22684,223157.1,50594.319795,0.22684,0.22704,0.22652,0.22698,0.22702,0.22718,0.22677,0.22708,0,-0.00020906,-0.00025005,-0.00020906,-0.00023999999999999022,-0.0010568962480182764
1770210900000,2026-02-04T13:15:00Z,0.22684,0.22695,0.22615,0.22632,442764,100251.974947,0.22698,0.22698,0.22618,0.22632,0.22708,0.2271,0.22641,0.22654,-0.00020906,-0.00055907,-0.00083116,-0.00055907,-0.00021999999999999797,-0.0009711309261057561
1770211200000,2026-02-04T13:20:00Z,0.22632,0.22639,0.22522,0.22563,231152.5,52166.107627,0.22632,0.22639,0.22532,0.22563,0.22654,0.22654,0.22552,0.22576,-0.00055907,-0.00032532,-0.00037681,-0.00037681,-0.00012999999999999123,-0.0005758327427356096
1770211500000,2026-02-04T13:25:00Z,0.22563,0.2262,0.22563,0.2258,94730.7,21407.67248,0.22563,0.2262,0.22563,0.22576,0.22576,0.22629,0.22576,0.22597,-0.00037681,-0.00033573,-0.00059167,-0.00059167,-0.00017000000000000348,-0.0007523122538390205
1770211800000,2026-02-04T13:30:00Z,0.2258,0.22635,0.22456,0.22504,434057.5,97782.694994,0.22576,0.22635,0.22468,0.22504,0.22597,0.22645,0.22487,0.22513,-0.00059167,-0.00055828,-0.00058999,-0.00055828,-9.000000000000674e-05,-0.00039976902234267644
1770212100000,2026-02-04T13:35:00Z,0.22504,0.22509,0.22387,0.22414,699052.3,156792.594276,0.22504,0.22504,0.22406,0.22414,0.22513,0.22517,0.22417,0.22424,-0.00055828,-0.00006607,-0.00022827,-0.00022827,-9.999999999998899e-05,-0.0004459507670352702
1770212400000,2026-02-04T13:40:00Z,0.22414,0.22424,0.22338,0.22367,341492.1,76430.260986,0.22414,0.22424,0.22351,0.22367,0.22424,0.22432,0.22367,0.2238,-0.00022827,0,-0.00025321,0,-0.00012999999999999123,-0.0005808757819481289
1770212700000,2026-02-04T13:45:00Z,0.22367,0.22418,0.22201,0.22207,1169959.4,260720.117894,0.22367,0.22417,0.22207,0.22207,0.2238,0.22417,0.22222,0.22223,0,-0.00013554,-0.000237,-0.000237,-0.00016000000000002124,-0.0007199748008820646
1770213000000,2026-02-04T13:50:00Z,0.22207,0.22303,0.22185,0.22262,684931.3,152253.657033,0.22207,0.22303,0.22185,0.22262,0.22223,0.22308,0.22199,0.22268,-0.000237,0,-0.00007574,-0.00007574,-5.999999999997674e-05,-0.00026944494341645745
1770213300000,2026-02-04T13:55:00Z,0.22262,0.223,0.22111,0.22117,767207.8,170167.636818,0.22262,0.22294,0.22115,0.22117,0.22268,0.22297,0.22129,0.22129,-0.00007574,-0.0005406,-0.00059413,-0.00059413,-0.00011999999999998123,-0.0005422748429661586
1770213600000,2026-02-04T14:00:00Z,0.22117,0.22213,0.221,0.22172,560811.2,124264.175636,0.22117,0.2221,0.22104,0.22173,0.22129,0.22209,0.22114,0.22181,-0.00059413,0,-0.0000741,-0.0000741,-9.000000000000674e-05,-0.0004057526712051158
1770213900000,2026-02-04T14:05:00Z,0.22172,0.22265,0.22065,0.22098,494485.1,109617.243509,0.22173,0.22265,0.22076,0.22096,0.22181,0.22271,0.22095,0.22103,-0.0000741,-0.00037207,-0.00064464,-0.00064464,-4.999999999999449e-05,-0.0002262136361579627
1770214200000,2026-02-04T14:10:00Z,0.22098,0.22207,0.22092,0.22175,208271,46133.141768,0.22096,0.22205,0.22095,0.22175,0.22103,0.22206,0.22103,0.2218,-0.00064464,0,-0.00011486,-0.00011486,-4.999999999999449e-05,-0.000225428313796188
1770214500000,2026-02-04T14:15:00Z,0.22175,0.2218,0.22068,0.22178,450697.6,99687.219448,0.22175,0.22178,0.2208,0.22178,0.2218,0.22182,0.22094,0.22182,-0.00011486,0,-0.00045259,0,-3.999999999998449e-05,-0.0001803263907672189
1770214800000,2026-02-04T14:20:00Z,0.22178,0.22178,0.22006,0.22027,938405.5,207100.057542,0.22178,0.22178,0.22024,0.22029,0.22182,0.22182,0.22034,0.22043,0,0,-0.00022144,0,-0.00015999999999999348,-0.0007258540126116839
1770215100000,2026-02-04T14:25:00Z,0.22027,0.22089,0.22017,0.22058,270896.6,59707.46165,0.22029,0.22086,0.22021,0.22061,0.22043,0.22091,0.22034,0.22074,0,-0.00005729,-0.00039719,-0.00039719,-0.00015999999999999348,-0.0007248346470961017
1770215400000,2026-02-04T14:30:00Z,0.22058,0.22098,0.21744,0.2179,2793009.6,610494.810859,0.22061,0.22097,0.21752,0.21783,0.22074,0.22108,0.21763,0.21794,-0.00039719,0,-0.00041163,0,-3.999999999998449e-05,-0.00018353675323476412
1770215700000,2026-02-04T14:35:00Z,0.2179,0.22259,0.21769,0.22096,1655489.9,365812.345582,0.21783,0.22252,0.21776,0.22085,0.21794,0.22256,0.21792,0.22105,0,-0.00006932,-0.00018199,-0.00018199,-9.000000000000674e-05,-0.0004071477041393655
1770216000000,2026-02-04T14:40:00Z,0.22096,0.2224,0.21996,0.22092,1087801.5,240275.814053,0.22085,0.22237,0.22006,0.22104,0.22105,0.22238,0.22017,0.22117,-0.00018199,-0.00009903,-0.00088074,-0.00088074,-0.0002500000000000002,-0.0011303522177510523
1770216300000,2026-02-04T14:45:00Z,0.22092,0.22316,0.22047,0.22252,565440.5,125506.81745,0.22104,0.22312,0.22055,0.22265,0.22117,0.22323,0.22073,0.22277,-0.00088074,0,-0.00031229,0,-0.0002500000000000002,-0.001122233693944428
1770216600000,2026-02-04T14:50:00Z,0.22252,0.22252,0.21927,0.22075,1365470.1,301556.080121,0.22265,0.22265,0.21946,0.22075,0.22277,0.22277,0.21964,0.2208,0,-0.00002578,-0.00023063,-0.00002578,-4.999999999999449e-05,-0.0002264492753622939
1770216900000,2026-02-04T14:55:00Z,0.22075,0.22166,0.21838,0.21858,892838.5,195996.514595,0.22075,0.22162,0.21843,0.21859,0.2208,0.22174,0.21864,0.21877,-0.00002578,-0.00025586,-0.00057671,-0.00025586,-0.00018999999999999573,-0.0008684920235863954
1770217200000,2026-02-04T15:00:00Z,0.21858,0.22062,0.21748,0.22023,1265084.1,276849.655757,0.21859,0.22061,0.21769,0.22029,0.21877,0.22071,0.21779,0.22043,-0.00025586,-0.00004299,-0.00039576,-0.00004299,-0.00019999999999997797,-0.000907317515764542
1770217500000,2026-02-04T15:05:00Z,0.22023,0.22249,0.21887,0.22202,911340.2,201476.82795,0.22029,0.22248,0.21903,0.22209,0.22043,0.2225,0.21919,0.22219,-0.00004299,0,0,0,-0.00017000000000000348,-0.0007651109410864732
1770217800000,2026-02-04T15:10:00Z,0.22202,0.22279,0.22099,0.22176,846040.1,187788.527085,0.22209,0.22279,0.22105,0.22182,0.22219,0.22282,0.22121,0.22197,0,-0.00011077,-0.00025032,-0.00011077,-0.00020999999999998797,-0.0009460737937558588
1770218100000,2026-02-04T15:15:00Z,0.22176,0.22191,0.2202,0.22022,356406.1,78804.561558,0.22182,0.22189,0.22027,0.22027,0.22197,0.22199,0.22045,0.22046,-0.00011077,0,-0.0002496,0,-0.00023999999999999022,-0.0010886328585684034
1770218400000,2026-02-04T15:20:00Z,0.22022,0.22285,0.22021,0.22215,622645,137815.523312,0.22027,0.22272,0.22025,0.22224,0.22046,0.22276,0.2204,0.22239,0,0,-0.00087485,0,-0.00024000000000001798,-0.001079185215162633
1770218700000,2026-02-04T15:25:00Z,0.22215,0.22261,0.21974,0.22038,703528.6,155321.763712,0.22224,0.22259,0.21994,0.22038,0.22239,0.22262,0.22014,0.22054,0,-0.0000693,-0.0004195,-0.0000693,-0.00016000000000002124,-0.0007254919742451312
1770219000000,2026-02-04T15:30:00Z,0.22038,0.22064,0.21756,0.21757,965171,211261.906288,0.22038,0.22064,0.2176,0.2176,0.22054,0.22066,0.21789,0.21789,-0.0000693,-0.00014675,-0.0007653,-0.00014675,-0.00031999999999998696,-0.0014686309605763778
1770219300000,2026-02-04T15:35:00Z,0.21757,0.21935,0.21566,0.21788,1884291.5,409180.644315,0.2176,0.21921,0.21572,0.21794,0.21789,0.21921,0.21598,0.21812,-0.00014675,0,-0.00002245,-0.00002245,-0.00024000000000001798,-0.0011003117549973317
1770219600000,2026-02-04T15:40:00Z,0.21788,0.22041,0.21782,0.21914,828723.2,181878.530353,0.21794,0.22039,0.21789,0.21914,0.21812,0.22044,0.21806,0.2193,-0.00002245,-0.00036605,-0.00053445,-0.00053445,-0.00015999999999999348,-0.0007295941632466643
1770219900000,2026-02-04T15:45:00Z,0.21914,0.21949,0.218,0.21885,483337.2,105765.037087,0.21914,0.21948,0.21818,0.21885,0.2193,0.21961,0.21833,0.21902,-0.00053445,-0.00022457,-0.00052546,-0.00022457,-0.00017000000000000348,-0.0007761848233038238
1770220200000,2026-02-04T15:50:00Z,0.21885,0.21974,0.2185,0.2197,291962.9,63985.409179,0.21885,0.21974,0.2185,0.21968,0.21902,0.21985,0.21867,0.21981,-0.00022457,0,-0.0007998,-0.0007998,-0.00010999999999999899,-0.0005004321914380555
1770220500000,2026-02-04T15:55:00Z,0.2197,0.22081,0.21949,0.21974,327193.7,72019.850298,0.21968,0.22081,0.21964,0.21976,0.21981,0.22087,0.21978,0.21994,-0.0007998,0,-0.00056406,0,-0.00020000000000000573,-0.0009093389106120111
1770220800000,2026-02-04T16:00:00Z,0.21974,0.22027,0.21936,0.21948,1071188.8,235331.417642,0.21976,0.22027,0.21945,0.21957,0.21994,0.22033,0.21964,0.21976,0,-0.00057487,-0.00065914,-0.00065914,-0.00028000000000000247,-0.0012741172187841394
1770221100000,2026-02-04T16:05:00Z,0.21948,0.22098,0.21915,0.22,420963.8,92680.094026,0.21957,0.22095,0.21924,0.22,0.21976,0.22105,0.21943,0.22019,-0.00065914,-0.00027076,-0.00055809,-0.00055809,-0.00018999999999999573,-0.000862891139470438
1770221400000,2026-02-04T16:10:00Z,0.22,0.22235,0.21922,0.22127,2097174.6,463655.400616,0.22,0.22234,0.21936,0.22125,0.22019,0.22248,0.21958,0.22146,-0.00055809,-0.00033715,-0.00076249,-0.00033715,-0.00018999999999999573,-0.000857942743610565
1770221700000,2026-02-04T16:15:00Z,0.22127,0.2215,0.2188,0.21941,1744286.5,383521.401454,0.22125,0.2215,0.21893,0.21946,0.22146,0.22159,0.2191,0.21967,-0.00033715,-0.00053775,-0.00124446,-0.00053775,-0.0002600000000000102,-0.001183593572176493
1770222000000,2026-02-04T16:20:00Z,0.21941,0.22043,0.21848,0.2197,625856.9,137308.039465,0.21946,0.22035,0.21864,0.21979,0.21967,0.22054,0.21878,0.22004,-0.00053775,0,-0.00084718,-0.00084718,-0.00034000000000000696,-0.001545173604799159
1770222300000,2026-02-04T16:25:00Z,0.2197,0.22056,0.21886,0.2199,569175.2,125109.937979,0.21979,0.22046,0.21889,0.21996,0.22004,0.22071,0.21919,0.22021,-0.00084718,-0.00010292,-0.00010939,-0.00010939,-0.00030999999999997696,-0.0014077471504471957
1770222600000,2026-02-04T16:30:00Z,0.2199,0.21994,0.21723,0.21769,765072.5,166891.172162,0.21996,0.21996,0.21732,0.21769,0.22021,0.22021,0.21761,0.21788,-0.00010939,-0.00089101,-0.00114713,-0.00089101,-0.00018999999999999573,-0.0008720396548558644
1770222900000,2026-02-04T16:35:00Z,0.21769,0.21775,0.21614,0.21614,970866,210557.795128,0.21769,0.21775,0.21624,0.21624,0.21788,0.21798,0.2165,0.2165,-0.00089101,0,-0.00060641,-0.00060641,-0.0003599999999999992,-0.001662817551963045
1770223200000,2026-02-04T16:40:00Z,0.21614,0.2175,0.21614,0.21728,513053.7,111328.157726,0.21624,0.2175,0.21623,0.21722,0.2165,0.21767,0.2165,0.21736,-0.00060641,-0.00043215,-0.00059782,-0.00043215,-7.999999999999674e-05,-0.00036805299963193203
1770223500000,2026-02-04T16:45:00Z,0.21728,0.21728,0.21621,0.21659,710721.5,153989.36958,0.21722,0.21726,0.21628,0.21659,0.21736,0.21744,0.21649,0.21679,-0.00043215,0,-0.00059673,-0.00059673,-0.00020000000000000573,-0.0009225517782185788
1770223800000,2026-02-04T16:50:00Z,0.21659,0.21944,0.21654,0.21872,857001.5,186831.124461,0.21659,0.21944,0.21655,0.21871,0.21679,0.21954,0.21676,0.21896,-0.00059673,-0.0004247,-0.0006444,-0.0004247,-0.00023999999999999022,-0.0010960906101570617
1770224100000,2026-02-04T16:55:00Z,0.21872,0.22019,0.2187,0.21877,1384100.9,304079.308483,0.21871,0.2199,0.21871,0.21882,0.21896,0.22006,0.21896,0.21907,-0.0004247,0,-0.00056579,-0.00056579,-0.0002999999999999947,-0.0013694252978499783
1770224400000,2026-02-04T17:00:00Z,0.21877,0.21953,0.21753,0.21821,1426548,311352.021175,0.21882,0.21947,0.21758,0.21821,0.21907,0.21975,0.21783,0.21837,-0.00056579,-0.00017944,-0.00065358,-0.00017944,-0.00016000000000002124,-0.0007327013783945653
1770224700000,2026-02-04T17:05:00Z,0.21821,0.21843,0.21694,0.21741,568419,123622.987672,0.21821,0.21835,0.21694,0.21742,0.21837,0.21854,0.21718,0.2176,-0.00017944,-0.00027739,-0.0007023,-0.00027739,-0.00018999999999999573,-0.0008731617647058628
1770225000000,2026-02-04T17:10:00Z,0.21741,0.22003,0.21676,0.21926,784852.4,171276.954493,0.21742,0.22003,0.21688,0.21926,0.2176,0.22017,0.21705,0.21944,-0.00027739,-0.00002637,-0.00098513,-0.00098513,-0.00017999999999998573,-0.0008202697776156842
1770225300000,2026-02-04T17:15:00Z,0.21926,0.22064,0.21828,0.21843,1121043.1,246144.825268,0.21926,0.22058,0.21839,0.21843,0.21944,0.2208,0.21871,0.21874,-0.00098513,-0.00103019,-0.00108966,-0.00103019,-0.00030999999999997696,-0.001417207643777896
1770225600000,2026-02-04T17:20:00Z,0.21843,0.21849,0.21751,0.2182,675723.3,147331.182036,0.21843,0.21847,0.21756,0.2182,0.21874,0.21876,0.21782,0.21834,-0.00103019,-0.00032481,-0.0006514,-0.0006514,-0.00014000000000000123,-0.0006412017953650326
1770225900000,2026-02-04T17:25:00Z,0.2182,0.2186,0.21618,0.21635,642587.7,139369.866375,0.2182,0.21852,0.21619,0.21636,0.21834,0.21871,0.21646,0.2166,-0.0006514,0,-0.00058088,-0.00058088,-0.0002500000000000002,-0.001154201292705449
1770226200000,2026-02-04T17:30:00Z,0.21635,0.21894,0.21602,0.21864,860607.4,187178.986135,0.21636,0.21894,0.2161,0.21867,0.2166,0.21906,0.2163,0.21889,-0.00058088,-0.00033877,-0.00072365,-0.00033877,-0.0002500000000000002,-0.0011421261821005994
1770226500000,2026-02-04T17:35:00Z,0.21864,0.21864,0.21665,0.21698,455578.2,99146.255741,0.21867,0.21867,0.21673,0.217,0.21889,0.21889,0.21697,0.21724,-0.00033877,0,-0.00064976,-0.00064976,-0.00025999999999998247,-0.0011968329957649719
1770226800000,2026-02-04T17:40:00Z,0.21698,0.21972,0.21628,0.21925,776688.6,169253.870089,0.217,0.21971,0.21641,0.21935,0.21724,0.21984,0.21663,0.21955,-0.00064976,-0.0000667,-0.00082913,-0.0000667,-0.0002999999999999947,-0.0013664313368253005
1770227100000,2026-02-04T17:45:00Z,0.21925,0.21925,0.21777,0.21837,267002.4,58346.965923,0.21935,0.21935,0.21782,0.21837,0.21955,0.21955,0.21807,0.21859,-0.0000667,-0.00057609,-0.00098387,-0.00057609,-0.00021999999999999797,-0.0010064504323161992
1770227400000,2026-02-04T17:50:00Z,0.21837,0.21906,0.21785,0.21873,282126.2,61678.894267,0.21837,0.21906,0.21788,0.21877,0.21859,0.21919,0.21812,0.21898,-0.00057609,-0.0001606,-0.00026267,-0.0001606,-0.0002500000000000002,-0.0011416567723079743
1770227700000,2026-02-04T17:55:00Z,0.21873,0.22051,0.21873,0.21988,519987.7,114293.02965,0.21877,0.2205,0.21877,0.21988,0.21898,0.22059,0.21898,0.22012,-0.0001606,-0.00034639,-0.00120187,-0.00120187,-0.00024000000000001798,-0.0010903143739779118
1770228000000,2026-02-04T18:00:00Z,0.21988,0.21989,0.2182,0.21842,476765.5,104309.946266,0.21988,0.21988,0.21821,0.21842,0.22012,0.22014,0.21846,0.21858,-0.00120187,-0.00035983,-0.00058376,-0.00035983,-0.00015999999999999348,-0.0007319974380089371
1770228300000,2026-02-04T18:05:00Z,0.21842,0.2185,0.2154,0.21576,1384083.6,300524.879032,0.21842,0.21848,0.21558,0.21573,0.21858,0.21866,0.21587,0.2159,-0.00035983,-0.00069912,-0.00077336,-0.00069912,-0.00014000000000000123,-0.0006484483557202466
1770228600000,2026-02-04T18:10:00Z,0.21576,0.21843,0.21574,0.21607,664097.5,144268.839266,0.21573,0.2184,0.21573,0.2161,0.2159,0.21846,0.2159,0.21638,-0.00069912,-0.00094281,-0.00110819,-0.00110819,-0.00030999999999997696,-0.001432664756446885
1770228900000,2026-02-04T18:15:00Z,0.21607,0.21708,0.21499,0.21661,1301479.9,280847.267797,0.2161,0.21703,0.21507,0.21661,0.21638,0.21717,0.2153,0.2168,-0.00110819,-0.00071742,-0.00083381,-0.00083381,-0.00018999999999999573,-0.0008763837638376187
1770229200000,2026-02-04T18:20:00Z,0.21661,0.21701,0.21552,0.2158,409561.8,88513.286574,0.21661,0.21699,0.21569,0.2158,0.2168,0.21711,0.21594,0.21598,-0.00083381,-0.00049974,-0.00115319,-0.00115319,-0.00018000000000001348,-0.0008334105009723746
1770229500000,2026-02-04T18:25:00Z,0.2158,0.22059,0.2158,0.21929,1397909.7,305397.615209,0.2158,0.22056,0.2158,0.21931,0.21598,0.2206,0.21598,0.21955,-0.00115319,0,-0.00122331,0,-0.00025999999999998247,-0.0011842404919152015
1770229800000,2026-02-04T18:30:00Z,0.21929,0.22078,0.21849,0.22019,995523,218757.530321,0.21931,0.22077,0.21868,0.22015,0.21955,0.22098,0.21893,0.22046,0,-0.00017113,-0.00051169,-0.00051169,-0.00026999999999999247,-0.0012247119658894696
1770230100000,2026-02-04T18:35:00Z,0.22019,0.22175,0.21911,0.22131,772459.4,170483.189156,0.22015,0.22174,0.21922,0.22131,0.22046,0.22195,0.21957,0.22158,-0.00051169,0,-0.00023416,0,-0.00026999999999999247,-0.0012185215272136134
1770230400000,2026-02-04T18:40:00Z,0.22131,0.2238,0.22072,0.22337,1574277.9,350715.96487,0.22131,0.22377,0.22094,0.22342,0.22158,0.22402,0.22118,0.22369,0,-0.00072216,-0.00093026,-0.00093026,-0.00031999999999998696,-0.0014305512092627607
1770230700000,2026-02-04T18:45:00Z,0.22337,0.22341,0.22098,0.22164,581653,129195.567739,0.22342,0.22342,0.22103,0.22166,0.22369,0.2237,0.22133,0.22192,-0.00093026,-0.00036497,-0.00039388,-0.00036497,-0.00028000000000000247,-0.001261715933669802
1770231000000,2026-02-04T18:50:00Z,0.22164,0.22176,0.22113,0.22137,256675,56830.887217,0.22166,0.22176,0.22116,0.22137,0.22192,0.22192,0.22145,0.22159,-0.00036497,-0.00014081,-0.00078746,-0.00014081,-0.00021999999999999797,-0.00099282458594701
1770231300000,2026-02-04T18:55:00Z,0.22137,0.2214,0.21999,0.22008,377193.3,83238.729475,0.22137,0.2214,0.22004,0.22008,0.22159,0.22159,0.22031,0.22034,-0.00014081,-0.00040155,-0.00060794,-0.00060794,-0.0002600000000000102,-0.0011799945538713361
1770231600000,2026-02-04T19:00:00Z,0.22008,0.22161,0.22008,0.22094,539131.6,119115.049387,0.22008,0.22161,0.22008,0.22106,0.22034,0.22174,0.22034,0.22123,-0.00060794,-0.00002285,-0.00044276,-0.00044276,-0.00029000000000001247,-0.0013108529584595781
1770231900000,2026-02-04T19:05:00Z,0.22094,0.22094,0.21896,0.21944,634258.8,139313.069526,0.22106,0.22106,0.21916,0.21947,0.22123,0.22123,0.21939,0.21975,-0.00044276,-0.00031252,-0.0005921,-0.00031252,-0.0003100000000000047,-0.0014106939704209543
1770232200000,2026-02-04T19:10:00Z,0.21944,0.21999,0.21937,0.21965,300480.5,66028.778355,0.21947,0.21999,0.21947,0.21965,0.21975,0.22019,0.21972,0.21988,-0.00031252,-0.00032716,-0.00118978,-0.00032716,-0.00022999999999998022,-0.0010460251046024206
1770232500000,2026-02-04T19:15:00Z,0.21965,0.22073,0.21965,0.21989,387623,85399.807058,0.21965,0.22073,0.21965,0.21989,0.21988,0.22089,0.21987,0.2202,-0.00032716,-0.00045717,-0.00052599,-0.00052599,-0.0003100000000000047,-0.0014078110808356254
1770232800000,2026-02-04T19:20:00Z,0.21989,0.2201,0.21857,0.21961,211789.2,46393.764348,0.21989,0.2201,0.2186,0.21965,0.2202,0.22031,0.21881,0.21987,-0.00052599,-0.00026104,-0.00028228,-0.00028228,-0.0002600000000000102,-0.0011825169418293092
1770233100000,2026-02-04T19:25:00Z,0.21961,0.21995,0.21862,0.21866,183660,40261.250229,0.21965,0.21995,0.21865,0.21868,0.21987,0.22016,0.21897,0.21901,-0.00028228,-0.00056652,-0.0008092,-0.0008092,-0.00035000000000001696,-0.001598100543354262
1770233400000,2026-02-04T19:30:00Z,0.21866,0.21923,0.21855,0.21921,158217.8,34618.300811,0.21868,0.21923,0.21861,0.21921,0.21901,0.21939,0.21891,0.21939,-0.0008092,-0.00008974,-0.00094381,-0.00008974,-0.00018000000000001348,-0.0008204567209080336
1770233700000,2026-02-04T19:35:00Z,0.21921,0.21973,0.21901,0.21908,238128.9,52235.455352,0.21921,0.21972,0.21914,0.21917,0.21939,0.21986,0.21937,0.21941,-0.00008974,-0.0000958,-0.00080622,-0.00080622,-0.00032999999999999696,-0.001504033544505706
1770234000000,2026-02-04T19:40:00Z,0.21908,0.22091,0.21903,0.22063,353796.4,77964.76201,0.21917,0.22091,0.21906,0.22065,0.21941,0.2211,0.21931,0.2209,-0.00080622,-0.00019967,-0.00077107,-0.00019967,-0.0002700000000000202,-0.001222272521503034
1770234300000,2026-02-04T19:45:00Z,0.22063,0.22311,0.22047,0.2216,750609.3,166630.919721,0.22065,0.2231,0.22056,0.22161,0.2209,0.22321,0.22084,0.22191,-0.00019967,-0.00008674,-0.00121252,-0.00121252,-0.0003100000000000047,-0.0013969627326393796
1770234600000,2026-02-04T19:50:00Z,0.2216,0.22299,0.22091,0.22224,326883.8,72649.496077,0.22161,0.22299,0.22092,0.22229,0.22191,0.22312,0.22121,0.22255,-0.00121252,-0.0007727,-0.00081693,-0.0007727,-0.0003100000000000047,-0.001392945405526869
1770234900000,2026-02-04T19:55:00Z,0.22224,0.2243,0.22184,0.22407,1341303.2,299378.516448,0.22229,0.2243,0.22189,0.22407,0.22255,0.2245,0.22217,0.22428,-0.0007727,-0.00039955,-0.00085306,-0.00085306,-0.00021000000000001573,-0.0009363295880150514
1770235200000,2026-02-04T20:00:00Z,0.22407,0.22449,0.22281,0.22369,528473.1,118118.84678,0.22407,0.22444,0.22286,0.22369,0.22428,0.22466,0.22316,0.22395,-0.00085306,-0.0002506,-0.00092653,-0.0002506,-0.0002600000000000102,-0.0011609734315695924
1770235500000,2026-02-04T20:05:00Z,0.22369,0.22393,0.22262,0.22285,481427.8,107413.050978,0.22369,0.22393,0.22275,0.22285,0.22395,0.2241,0.22298,0.22304,-0.0002506,-0.00031314,-0.00035218,-0.00035218,-0.00018999999999999573,-0.0008518651362984027
1770235800000,2026-02-04T20:10:00Z,0.22285,0.22287,0.22213,0.22238,458547.4,101985.22762,0.22285,0.22287,0.22217,0.22243,0.22304,0.22308,0.2224,0.22267,-0.00035218,-0.00031709,-0.00066797,-0.00066797,-0.00029000000000001247,-0.001302375712938485
1770236100000,2026-02-04T20:15:00Z,0.22238,0.2234,0.22238,0.22322,284685.7,63462.578417,0.22243,0.2234,0.22243,0.22322,0.22267,0.22357,0.22267,0.22346,-0.00066797,-0.00046013,-0.00072289,-0.00072289,-0.00023999999999999022,-0.0010740177212923577
1770236400000,2026-02-04T20:20:00Z,0.22322,0.22353,0.22298,0.22306,173743.7,38771.700541,0.22322,0.22353,0.22303,0.22309,0.22346,0.22369,0.22331,0.22342,-0.00072289,-0.00088694,-0.00099476,-0.00088694,-0.0003599999999999992,-0.001611315012084859
1770236700000,2026-02-04T20:25:00Z,0.22306,0.22316,0.22251,0.22298,184438.7,41105.929679,0.22309,0.22316,0.22256,0.22298,0.22342,0.22343,0.2229,0.22328,-0.00088694,-0.00048271,-0.00093414,-0.00048271,-0.0002999999999999947,-0.0013436044428520007
1770237000000,2026-02-04T20:30:00Z,0.22298,0.22314,0.22226,0.22294,149743.2,33326.372624,0.22298,0.22314,0.2223,0.22294,0.22328,0.22339,0.22264,0.22323,-0.00048271,-0.000892,-0.001414,-0.000892,-0.00029000000000001247,-0.0012991085427586455
1770237300000,2026-02-04T20:35:00Z,0.22294,0.22306,0.22241,0.22275,106409.2,23704.487379,0.22294,0.22304,0.22244,0.22278,0.22323,0.2233,0.22278,0.22306,-0.000892,-0.0003714,-0.00048469,-0.00048469,-0.0003100000000000047,-0.0013897606025284888
1770237600000,2026-02-04T20:40:00Z,0.22275,0.2228,0.22178,0.22187,589009.2,130941.933477,0.22278,0.2228,0.22187,0.22187,0.22306,0.22306,0.22216,0.22218,-0.00048469,-0.00050038,-0.00084273,-0.00050038,-0.00030999999999997696,-0.0013952651003689665
1770237900000,2026-02-04T20:45:00Z,0.22187,0.22235,0.22182,0.22191,79163.6,17577.599314,0.22187,0.22235,0.22182,0.22197,0.22218,0.22242,0.22212,0.2222,-0.00050038,0,-0.00067444,0,-0.00029000000000001247,-0.0013051305130513612
1770238200000,2026-02-04T20:50:00Z,0.22191,0.22208,0.2214,0.2217,71825.7,15915.001878,0.22197,0.22204,0.22143,0.2217,0.2222,0.22225,0.2217,0.22186,0,-0.00036999,-0.00080813,-0.00036999,-0.00015999999999999348,-0.0007211755160911993
1770238500000,2026-02-04T20:55:00Z,0.2217,0.22231,0.22148,0.22177,635756.5,141027.280737,0.2217,0.22231,0.22169,0.22178,0.22186,0.22251,0.22186,0.2221,-0.00036999,-0.00043173,-0.00076988,-0.00043173,-0.00032999999999999696,-0.0014858171994596892
1770238800000,2026-02-04T21:00:00Z,0.22177,0.22281,0.22086,0.22145,671733.9,149081.840878,0.22178,0.22258,0.22115,0.22153,0.2221,0.22278,0.22144,0.22175,-0.00043173,-0.00048756,-0.00082821,-0.00082821,-0.0002999999999999947,-0.0013528748590755117
1770239100000,2026-02-04T21:05:00Z,0.22145,0.22174,0.22019,0.2204,384911.8,85049.07805,0.22153,0.22174,0.22027,0.22045,0.22175,0.22187,0.22051,0.22069,-0.00082821,0,-0.00080568,0,-0.0002899999999999847,-0.0013140604467804828
1770239400000,2026-02-04T21:10:00Z,0.2204,0.2208,0.21992,0.22056,502440,110599.992566,0.22045,0.2208,0.22001,0.22059,0.22069,0.22089,0.22024,0.22079,0,-0.00013774,-0.0002731,-0.0002731,-0.00022999999999998022,-0.0010417138457356776
1770239700000,2026-02-04T21:15:00Z,0.22056,0.22068,0.219,0.21919,356579.7,78421.855619,0.22059,0.22068,0.21909,0.2192,0.22079,0.22081,0.21934,0.21947,-0.0002731,-0.00026328,-0.00048573,-0.00026328,-0.00028000000000000247,-0.0012758007928190755
1770240000000,2026-02-04T21:20:00Z,0.21919,0.21956,0.21834,0.21882,399774.6,87441.116898,0.2192,0.21956,0.21871,0.21882,0.21947,0.21968,0.21899,0.21904,-0.00026328,-0.00005735,-0.00070618,-0.00070618,-0.00022000000000002573,-0.0010043827611396353
1770240300000,2026-02-04T21:25:00Z,0.21882,0.21937,0.21859,0.21928,157263.2,34424.644537,0.21882,0.2194,0.21861,0.2193,0.21904,0.21959,0.21885,0.2195,-0.00070618,0,-0.00006565,-0.00006565,-0.00021999999999999797,-0.001002277904328009
1770240600000,2026-02-04T21:30:00Z,0.21928,0.21962,0.21881,0.21902,120865.2,26488.848947,0.2193,0.21962,0.21898,0.21902,0.2195,0.21979,0.21925,0.21925,-0.00006565,-0.00007966,-0.00025249,-0.00025249,-0.00023000000000000798,-0.0010490307867731265
1770240900000,2026-02-04T21:35:00Z,0.21902,0.21924,0.2178,0.21875,472900.5,103317.691324,0.21902,0.21922,0.2181,0.21878,0.21925,0.21935,0.21837,0.21898,-0.00025249,0,-0.00002756,-0.00002756,-0.00023000000000000798,-0.001050324230523372
1770241200000,2026-02-04T21:40:00Z,0.21875,0.21891,0.2168,0.21739,666482.3,144976.958715,0.21878,0.21891,0.21693,0.21736,0.21898,0.21903,0.2172,0.21751,-0.00002756,-0.00025027,-0.00036349,-0.00036349,-0.00012000000000000899,-0.0005516987724702725
1770241500000,2026-02-04T21:45:00Z,0.21739,0.21765,0.21609,0.21625,667774.8,144869.275026,0.21736,0.21765,0.21611,0.21625,0.21751,0.21781,0.21639,0.2164,-0.00036349,-0.00025553,-0.00069859,-0.00069859,-0.00015000000000001124,-0.0006931608133087395
1770241800000,2026-02-04T21:50:00Z,0.21625,0.21711,0.21623,0.21695,191310.7,41442.707918,0.21625,0.21706,0.21624,0.21698,0.2164,0.21716,0.2164,0.21716,-0.00069859,0,0,0,-0.00020999999999998797,-0.0009670289187695155
1770242100000,2026-02-04T21:55:00Z,0.21695,0.21816,0.21676,0.21807,824460.1,179582.829656,0.21698,0.21816,0.21692,0.2181,0.21716,0.21825,0.21711,0.21825,0,0,-0.00022089,0,-0.00017999999999998573,-0.0008247422680411717
1770242400000,2026-02-04T22:00:00Z,0.21807,0.21819,0.21565,0.21568,450910.9,97676.771891,0.2181,0.21823,0.21579,0.2158,0.21825,0.21838,0.21611,0.21612,0,-0.00052445,-0.000543,-0.00052445,-0.00043999999999999595,-0.0020359059781602626
1770242700000,2026-02-04T22:05:00Z,0.21568,0.21579,0.21307,0.21463,1510297.7,323772.585027,0.2158,0.2158,0.21369,0.21467,0.21612,0.21612,0.214,0.21491,-0.00052445,-0.00008166,-0.00057845,-0.00008166,-0.00028000000000000247,-0.0013028709692429505
1770243000000,2026-02-04T22:10:00Z,0.21463,0.21562,0.21451,0.21554,510063.9,109669.403359,0.21467,0.21562,0.21455,0.21562,0.21491,0.21585,0.2148,0.21583,-0.00008166,-0.00001676,-0.00038168,-0.00001676,-0.0002899999999999847,-0.001343650094982091
1770243300000,2026-02-04T22:15:00Z,0.21554,0.21767,0.21551,0.2174,707553.7,153669.712069,0.21562,0.21766,0.21559,0.2174,0.21583,0.21782,0.2158,0.21758,-0.00001676,0,0,0,-0.00017999999999998573,-0.0008272819192939872
1770243600000,2026-02-04T22:20:00Z,0.2174,0.22071,0.21727,0.22014,577004.7,126510.112108,0.2174,0.22053,0.21732,0.22017,0.21758,0.2207,0.21758,0.22039,0,0,-0.00022459,0,-0.0002500000000000002,-0.0011343527383275113
1770243900000,2026-02-04T22:25:00Z,0.22014,0.2214,0.22009,0.22129,335487.1,74111.198567,0.22017,0.2214,0.22009,0.22129,0.22039,0.22161,0.22031,0.22141,0,0,-0.00000528,0,-0.00012000000000000899,-0.0005419809403369721
1770244200000,2026-02-04T22:30:00Z,0.22129,0.22136,0.21894,0.21923,479819.6,105647.414974,0.22129,0.22129,0.21906,0.21923,0.22141,0.22145,0.2193,0.21942,0,-0.00025895,-0.00025941,-0.00025941,-0.00018999999999999573,-0.0008659192416370236
1770244500000,2026-02-04T22:35:00Z,0.21923,0.21933,0.217,0.21753,368483.2,80284.311399,0.21923,0.21932,0.21712,0.21746,0.21942,0.21954,0.21738,0.21773,-0.00025941,-0.00026292,-0.00121154,-0.00026292,-0.00020000000000000573,-0.0009185688697010321
1770244800000,2026-02-04T22:40:00Z,0.21753,0.21761,0.21603,0.21657,280238.4,60749.291701,0.21746,0.2176,0.21608,0.21657,0.21773,0.21782,0.2164,0.21672,-0.00026292,-0.00033181,-0.00034784,-0.00034784,-0.00014999999999998348,-0.0006921373200442206
1770245100000,2026-02-04T22:45:00Z,0.21657,0.21783,0.21643,0.21716,213333.6,46365.3766,0.21657,0.21776,0.21645,0.21722,0.21672,0.21791,0.21672,0.2175,-0.00034784,0,-0.00075217,-0.00075217,-0.00034000000000000696,-0.0015632183908046297
1770245400000,2026-02-04T22:50:00Z,0.21716,0.21716,0.21628,0.21667,316514.5,68589.203585,0.21722,0.21722,0.21641,0.21667,0.2175,0.2175,0.21669,0.21688,-0.00075217,-0.00024747,-0.00073872,-0.00073872,-0.00020999999999998797,-0.0009682773884175027
1770245700000,2026-02-04T22:55:00Z,0.21667,0.21685,0.21517,0.21557,399576.9,86165.870873,0.21667,0.21685,0.2152,0.21564,0.21688,0.2171,0.21552,0.21592,-0.00073872,-0.00054932,-0.00074873,-0.00074873,-0.0003499999999999892,-0.0016209707298999129
1770246000000,2026-02-04T23:00:00Z,0.21557,0.21623,0.21524,0.21568,434575.6,93666.305594,0.21564,0.21623,0.2154,0.21568,0.21592,0.21646,0.21572,0.21606,-0.00074873,-0.00120734,-0.00133628,-0.00120734,-0.00037999999999999146,-0.0017587707118392644
1770246300000,2026-02-04T23:05:00Z,0.21568,0.21672,0.21537,0.21617,224093.5,48443.325785,0.21568,0.21669,0.21543,0.21617,0.21606,0.21691,0.21581,0.21638,-0.00120734,-0.00033646,-0.00058301,-0.00033646,-0.00020999999999998797,-0.0009705148350124225
1770246600000,2026-02-04T23:10:00Z,0.21617,0.21667,0.21599,0.21667,171691.9,37158.894225,0.21617,0.21667,0.21609,0.21666,0.21638,0.21693,0.21638,0.21679,-0.00033646,-0.0000983,-0.00043568,-0.0000983,-0.00012000000000000899,-0.000553531066931173
1770246900000,2026-02-04T23:15:00Z,0.21667,0.22052,0.21625,0.2181,3334430.2,729255.095242,0.21666,0.2199,0.21636,0.2181,0.21679,0.22014,0.21659,0.21831,-0.0000983,-0.00057709,-0.00060866,-0.00057709,-0.00021000000000001573,-0.0009619348632679022
1770247200000,2026-02-04T23:20:00Z,0.2181,0.21934,0.2177,0.21912,432496.2,94391.626699,0.2181,0.21934,0.21778,0.21917,0.21831,0.21955,0.21801,0.21939,-0.00057709,0,-0.00058408,0,-0.00026999999999999247,-0.0012306850813619237
1770247500000,2026-02-04T23:25:00Z,0.21912,0.22025,0.21911,0.21984,411698,90467.927509,0.21917,0.22025,0.21916,0.21984,0.21939,0.22046,0.21939,0.22003,0,-0.00066503,-0.00077029,-0.00077029,-0.00018999999999999573,-0.0008635186110984672
1770247800000,2026-02-04T23:30:00Z,0.21984,0.22095,0.21966,0.22079,229457.6,50519.913054,0.21984,0.22094,0.2197,0.2208,0.22003,0.22111,0.21997,0.22107,-0.00077029,-0.00035892,-0.00107573,-0.00107573,-0.00028000000000000247,-0.0012665671506762676
1770248100000,2026-02-04T23:35:00Z,0.22079,0.22094,0.21982,0.22008,608472.8,134012.487619,0.2208,0.22093,0.21988,0.22008,0.22107,0.22116,0.22015,0.22033,-0.00107573,-0.00108957,-0.00110401,-0.00110401,-0.0002500000000000002,-0.0011346616438977907
1770248400000,2026-02-04T23:40:00Z,0.22008,0.22008,0.219,0.21956,326063,71564.863161,0.22008,0.22008,0.21905,0.21956,0.22033,0.22033,0.21927,0.21973,-0.00110401,-0.00043107,-0.0005124,-0.00043107,-0.00017000000000000348,-0.0007736767851454215
1770248700000,2026-02-04T23:45:00Z,0.21956,0.21991,0.21939,0.2196,194332,42686.946823,0.21956,0.21991,0.21946,0.2196,0.21973,0.22008,0.21968,0.21979,-0.00043107,0,-0.00011423,0,-0.00019000000000002348,-0.0008644615314619568
1770249000000,2026-02-04T23:50:00Z,0.2196,0.22028,0.2196,0.21969,183763.2,40422.598598,0.2196,0.22033,0.2196,0.2197,0.21979,0.2205,0.21979,0.21993,0,-0.00011878,-0.00046226,-0.00011878,-0.00023999999999999022,-0.001091256308825491
1770249300000,2026-02-04T23:55:00Z,0.21969,0.21975,0.21866,0.21887,442478.3,96930.501225,0.2197,0.21975,0.21874,0.21887,0.21993,0.21995,0.21898,0.21911,-0.00011878,-0.00045839,-0.00063577,-0.00063577,-0.00023999999999999022,-0.0010953402400620247
1770249600000,2026-02-05T00:00:00Z,0.21887,0.21903,0.21818,0.21825,224759,49148.136869,0.21887,0.21903,0.21819,0.21826,0.21911,0.21927,0.21847,0.21853,-0.00063577,-0.00044571,-0.00072054,-0.00044571,-0.00028000000000000247,-0.0012812886102594723
1770249900000,2026-02-05T00:05:00Z,0.21825,0.21898,0.21812,0.21827,255588.6,55833.316692,0.21826,0.2189,0.21817,0.21827,0.21853,0.21906,0.21842,0.21848,-0.00044571,-0.00033532,-0.00069571,-0.00033532,-0.00021000000000001573,-0.0009611863786159636
1770250200000,2026-02-05T00:10:00Z,0.21827,0.21871,0.2181,0.2183,282014.2,61592.113601,0.21827,0.2187,0.21827,0.21842,0.21848,0.21884,0.21848,0.21862,-0.00033532,-0.00021777,-0.00024518,-0.00021777,-0.0003200000000000147,-0.0014637270149117862
1770250500000,2026-02-05T00:15:00Z,0.2183,0.2187,0.2181,0.2187,183822.7,40129.579433,0.21842,0.21864,0.21816,0.21864,0.21862,0.21883,0.2184,0.21883,-0.00021777,-0.00052527,-0.00118038,-0.00052527,-0.00012999999999999123,-0.0005940684549650013
1770250800000,2026-02-05T00:20:00Z,0.2187,0.21974,0.2187,0.21923,445653,97699.667086,0.21864,0.21974,0.21864,0.21925,0.21883,0.21988,0.21883,0.21951,-0.00052527,-0.00052014,-0.00066919,-0.00052014,-0.00028000000000000247,-0.001275568311238679
1770251100000,2026-02-05T00:25:00Z,0.21923,0.22034,0.21914,0.22015,200654.8,44097.832883,0.21925,0.22033,0.21919,0.2202,0.21951,0.2205,0.21948,0.22041,-0.00052014,-0.00031557,-0.00033371,-0.00033371,-0.00025999999999998247,-0.0011796197994645545
1770251400000,2026-02-05T00:30:00Z,0.22015,0.22015,0.218,0.21809,258608.3,56549.700257,0.2202,0.2202,0.21808,0.21809,0.22041,0.22041,0.21828,0.21828,-0.00033371,-0.00065676,-0.00089244,-0.00065676,-0.00018999999999999573,-0.0008704416345977448
1770251700000,2026-02-05T00:35:00Z,0.21809,0.21863,0.21738,0.21832,293974.5,64085.287467,0.21809,0.21862,0.21756,0.21832,0.21828,0.21862,0.21776,0.21842,-0.00065676,-0.00054811,-0.0006774,-0.00054811,-0.00010000000000001674,-0.00045783353172794037
1770252000000,2026-02-05T00:40:00Z,0.21832,0.2192,0.21832,0.21862,85016.9,18592.443904,0.21832,0.2192,0.21832,0.21862,0.21842,0.2193,0.21842,0.21878,-0.00054811,-0.0003101,-0.00054063,-0.00054063,-0.00015999999999999348,-0.0007313282749794016
1770252300000,2026-02-05T00:45:00Z,0.21862,0.21894,0.21821,0.21889,124075.3,27126.490847,0.21862,0.21894,0.21824,0.21889,0.21878,0.21903,0.21843,0.21899,-0.00054063,-0.00004326,-0.00022452,-0.00004326,-9.999999999998899e-05,-0.0004566418557924517
1770252600000,2026-02-05T00:50:00Z,0.21889,0.21929,0.2188,0.21898,123293.1,27004.812317,0.21889,0.21928,0.21886,0.21898,0.21899,0.21939,0.21899,0.2192,-0.00004326,-0.0002669,-0.00072879,-0.00072879,-0.00021999999999999797,-0.001003649635036487
1770252900000,2026-02-05T00:55:00Z,0.21898,0.21911,0.21845,0.21864,101041.4,22105.665415,0.21898,0.21911,0.21848,0.21864,0.2192,0.21933,0.21875,0.21891,-0.00072879,-0.00048463,-0.00062933,-0.00048463,-0.00026999999999999247,-0.0012333835822940591
1770253200000,2026-02-05T01:00:00Z,0.21864,0.21951,0.21844,0.21939,213705.5,46783.126646,0.21864,0.21951,0.21852,0.21939,0.21891,0.21967,0.21881,0.21957,-0.00048463,-0.00018347,-0.0010207,-0.0010207,-0.00017999999999998573,-0.0008197841235140763
1770253500000,2026-02-05T01:05:00Z,0.21939,0.2207,0.21934,0.22043,297437.4,65446.014548,0.21939,0.22056,0.21935,0.22054,0.21957,0.22077,0.21956,0.22071,-0.0010207,-0.00029191,-0.00031659,-0.00029191,-0.00028000000000000247,-0.0012686330478909088
1770253800000,2026-02-05T01:10:00Z,0.22043,0.22107,0.2203,0.22042,408135.6,90125.211593,0.22054,0.22107,0.22043,0.22053,0.22071,0.22111,0.22063,0.22075,-0.00029191,-0.00053548,-0.00054753,-0.00053548,-0.00032999999999999696,-0.0014949037372593294
1770254100000,2026-02-05T01:15:00Z,0.22042,0.22042,0.21807,0.21807,325661.8,71293.067247,0.22053,0.22053,0.21809,0.21809,0.22075,0.22075,0.21833,0.21833,-0.00053548,-0.00076819,-0.00096177,-0.00096177,-0.00025999999999998247,-0.0011908578756926783
1770254400000,2026-02-05T01:20:00Z,0.21807,0.21839,0.21673,0.21824,560299.4,121820.009795,0.21809,0.21839,0.21677,0.21826,0.21833,0.21851,0.21703,0.21845,-0.00096177,-0.00071136,-0.00086918,-0.00086918,-0.00021000000000001573,-0.0009613183794919465
1770254700000,2026-02-05T01:25:00Z,0.21824,0.22197,0.21823,0.22139,631021.1,139257.306811,0.21826,0.22194,0.21826,0.22139,0.21845,0.222,0.21845,0.22152,-0.00086918,0,-0.00009758,0,-0.00012999999999999123,-0.0005868544600938572
1770255000000,2026-02-05T01:30:00Z,0.22139,0.22223,0.22065,0.2218,526050.8,116458.32896,0.22139,0.22219,0.22075,0.22175,0.22152,0.22222,0.22092,0.22187,0,-0.00055021,-0.00061293,-0.00061293,-7.00000000000145e-05,-0.00031550006760722263
1770255300000,2026-02-05T01:35:00Z,0.2218,0.22182,0.2209,0.22128,185513.3,41059.595131,0.22175,0.2218,0.22104,0.22128,0.22187,0.22188,0.22119,0.22138,-0.00061293,-0.00025149,-0.00066907,-0.00066907,-9.999999999998899e-05,-0.00045171198843612335
1770255600000,2026-02-05T01:40:00Z,0.22128,0.22135,0.21864,0.21981,2307986.3,507033.876108,0.22128,0.22134,0.21869,0.21982,0.22138,0.22149,0.21891,0.21997,-0.00066907,-0.00038361,-0.00048457,-0.00038361,-0.00015999999999999348,-0.0007273719143519275
1770255900000,2026-02-05T01:45:00Z,0.21981,0.21991,0.21893,0.21933,306925.2,67342.11716,0.21982,0.21991,0.21894,0.21934,0.21997,0.21999,0.21913,0.21953,-0.00038361,0,-0.00002371,0,-0.00020000000000000573,-0.0009110372158702944
1770256200000,2026-02-05T01:50:00Z,0.21933,0.21934,0.21821,0.21843,434871.9,95163.978878,0.21934,0.21934,0.21821,0.21846,0.21953,0.21953,0.21845,0.21867,0,-0.00003158,-0.0004944,-0.00003158,-0.00023999999999999022,-0.001097544244752322
1770256500000,2026-02-05T01:55:00Z,0.21843,0.21874,0.21833,0.21835,111128.5,24285.753048,0.21846,0.21874,0.21839,0.21839,0.21867,0.21888,0.21858,0.21858,-0.00003158,-0.00001599,-0.00052781,-0.00052781,-0.00023000000000000798,-0.0010522463171379266
1770256800000,2026-02-05T02:00:00Z,0.21835,0.21875,0.21712,0.21742,347504.7,75680.344142,0.21839,0.21873,0.21725,0.21742,0.21858,0.21882,0.21752,0.21759,-0.00052781,-0.00046517,-0.00077213,-0.00077213,-0.00017000000000000348,-0.0007812859046831356
1770257100000,2026-02-05T02:05:00Z,0.21742,0.21816,0.21682,0.21785,386237,83985.183932,0.21742,0.21813,0.21696,0.21794,0.21759,0.21826,0.21715,0.21812,-0.00077213,0,-0.00050411,0,-0.0002700000000000202,-0.0012378507243719981
1770257400000,2026-02-05T02:10:00Z,0.21785,0.21817,0.21636,0.21639,288218.5,62638.479633,0.21794,0.21814,0.21636,0.21639,0.21812,0.21826,0.21662,0.21662,0,-0.000318,-0.00102182,-0.000318,-0.00023000000000000798,-0.0010617671498476962
1770257700000,2026-02-05T02:15:00Z,0.21639,0.21862,0.21568,0.21798,661559.8,143453.45702,0.21639,0.21862,0.21579,0.21803,0.21662,0.21875,0.21605,0.21824,-0.000318,0,-0.00010818,0,-0.00025999999999998247,-0.001191348973606958
1770258000000,2026-02-05T02:20:00Z,0.21798,0.21867,0.21786,0.21836,255147.9,55691.667817,0.21803,0.21867,0.21802,0.21836,0.21824,0.21882,0.21824,0.21856,0,0,-0.00024639,-0.00024639,-0.00020000000000000573,-0.0009150805270864098
1770258300000,2026-02-05T02:25:00Z,0.21836,0.21866,0.21784,0.21827,203622.6,44449.799914,0.21836,0.21866,0.21788,0.2183,0.21856,0.21878,0.21813,0.2185,-0.00024639,-0.00042785,-0.00060329,-0.00042785,-0.00023000000000000798,-0.0010526315789474048
1770258600000,2026-02-05T02:30:00Z,0.21827,0.21884,0.21814,0.21823,165931.6,36247.671899,0.2183,0.21884,0.21816,0.21822,0.2185,0.21895,0.2184,0.21843,-0.00042785,-0.00023636,-0.00024484,-0.00023636,-0.00020000000000000573,-0.0009156251430664547
1770258900000,2026-02-05T02:35:00Z,0.21823,0.22031,0.21823,0.21916,527286.9,115683.226331,0.21822,0.22031,0.21822,0.21916,0.21843,0.22049,0.21843,0.21938,-0.00023636,-0.00056322,-0.00056795,-0.00056795,-0.00021999999999999797,-0.0010028261464126082
1770259200000,2026-02-05T02:40:00Z,0.21916,0.21954,0.21854,0.21905,461424.4,101123.625477,0.21916,0.21954,0.21862,0.21914,0.21938,0.21979,0.21894,0.21942,-0.00056795,-0.00004625,-0.00034159,-0.00034159,-0.0003700000000000092,-0.0016862637863458627
1770259500000,2026-02-05T02:45:00Z,0.21905,0.21906,0.21662,0.21694,375816.6,81675.917718,0.21914,0.21914,0.21665,0.21694,0.21942,0.21942,0.21698,0.21712,-0.00034159,-0.00112101,-0.00127369,-0.00112101,-0.00018000000000001348,-0.0008290346352248226
1770259800000,2026-02-05T02:50:00Z,0.21694,0.21739,0.2164,0.21699,314098.7,68126.716494,0.21694,0.21738,0.21649,0.21704,0.21712,0.21759,0.2167,0.21729,-0.00112101,-0.00015576,-0.00024814,-0.00015576,-0.00030000000000002247,-0.001380643379815097
1770260100000,2026-02-05T02:55:00Z,0.21699,0.217,0.21554,0.21589,406044.8,87844.586335,0.21704,0.21704,0.21557,0.21589,0.21729,0.21729,0.2159,0.21622,-0.00015576,-0.00080141,-0.00087485,-0.00087485,-0.00032999999999999696,-0.0015262232910923919
1770260400000,2026-02-05T03:00:00Z,0.21589,0.21739,0.21572,0.21704,465203.7,100853.780141,0.21589,0.21739,0.21585,0.21704,0.21622,0.21761,0.21615,0.21731,-0.00087485,-0.00039985,-0.00129822,-0.00039985,-0.00026999999999999247,-0.001242464681790955
1770260700000,2026-02-05T03:05:00Z,0.21704,0.21764,0.21555,0.21764,382973,82783.942923,0.21704,0.21761,0.21565,0.21761,0.21731,0.21783,0.21592,0.21783,-0.00039985,0,-0.00026685,0,-0.00018999999999999573,-0.0008722398200431334
1770261000000,2026-02-05T03:10:00Z,0.21764,0.21797,0.21654,0.2167,177025.4,38468.693458,0.21761,0.21797,0.21655,0.2167,0.21783,0.21815,0.21685,0.21689,0,-0.00019557,-0.00052245,-0.00052245,-0.00018999999999999573,-0.0008760201023560133
1770261300000,2026-02-05T03:15:00Z,0.2167,0.21707,0.2152,0.21668,705371.2,152374.789826,0.2167,0.21707,0.21524,0.2168,0.21689,0.21721,0.21552,0.21699,-0.00052245,-0.00002114,-0.00043308,-0.00043308,-0.00030999999999997696,-0.001428637264389958
1770261600000,2026-02-05T03:20:00Z,0.21668,0.21804,0.21666,0.21711,375711.2,81710.383142,0.2168,0.21803,0.21675,0.21713,0.21699,0.21811,0.21694,0.21738,-0.00043308,-0.00049609,-0.00074826,-0.00074826,-0.00026999999999999247,-0.0012420645873585082
1770261900000,2026-02-05T03:25:00Z,0.21711,0.21732,0.21623,0.21656,117558.8,25476.584293,0.21713,0.21732,0.21628,0.21656,0.21738,0.21754,0.21657,0.21678,-0.00074826,-0.00024599,-0.00075068,-0.00075068,-0.00021999999999999797,-0.0010148537687978503
1770262200000,2026-02-05T03:30:00Z,0.21656,0.21656,0.21557,0.21578,235478.3,50863.853919,0.21656,0.21656,0.2156,0.21577,0.21678,0.21678,0.21586,0.21598,-0.00075068,-0.00057872,-0.00060511,-0.00060511,-0.00020000000000000573,-0.0009260116677470401
1770262500000,2026-02-05T03:35:00Z,0.21578,0.21591,0.21493,0.21518,244815.8,52716.214932,0.21577,0.21591,0.21502,0.21518,0.21598,0.21606,0.21522,0.21533,-0.00060511,-0.00032413,-0.000592,-0.000592,-0.00014999999999998348,-0.0006966052106068987
1770262800000,2026-02-05T03:40:00Z,0.21518,0.21587,0.21499,0.21521,200386.1,43175.877572,0.21518,0.21587,0.21508,0.21522,0.21533,0.21595,0.21527,0.21545,-0.000592,-0.00016039,-0.00040542,-0.00040542,-0.00023999999999999022,-0.001113947551636065
1770263100000,2026-02-05T03:45:00Z,0.21521,0.21539,0.2146,0.21514,258173,55493.857371,0.21522,0.21538,0.2148,0.2151,0.21545,0.21551,0.21504,0.21531,-0.00040542,-0.00063738,-0.00069231,-0.00069231,-0.00017000000000000348,-0.0007895592401653592
1770263400000,2026-02-05T03:50:00Z,0.21514,0.21552,0.2148,0.21525,171447.7,36884.454587,0.2151,0.21551,0.21481,0.21525,0.21531,0.21566,0.21506,0.21544,-0.00069231,-0.00020395,-0.00071125,-0.00071125,-0.00018999999999999573,-0.0008819160787225944
1770263700000,2026-02-05T03:55:00Z,0.21525,0.21549,0.21483,0.2152,88041.7,18949.69142,0.21525,0.21548,0.21489,0.2152,0.21544,0.21567,0.21512,0.2154,-0.00071125,-0.00042749,-0.00045962,-0.00042749,-0.00020000000000000573,-0.0009285051067781138
1770264000000,2026-02-05T04:00:00Z,0.2152,0.21559,0.21492,0.21494,138752.3,29861.089338,0.2152,0.21559,0.21506,0.21506,0.2154,0.21576,0.21533,0.21533,-0.00042749,-0.0002595,-0.00094682,-0.00094682,-0.00039000000000000146,-0.0018111735475781427
1770264300000,2026-02-05T04:05:00Z,0.21494,0.21585,0.21414,0.21565,485515.2,104235.720225,0.21506,0.21585,0.2142,0.2157,0.21533,0.21591,0.21445,0.21583,-0.00094682,-0.00043991,-0.00084324,-0.00043991,-0.00017999999999998573,-0.000833989714126793
1770264600000,2026-02-05T04:10:00Z,0.21565,0.21692,0.21406,0.21465,487990.7,105122.520849,0.2157,0.21692,0.21418,0.21465,0.21583,0.21698,0.21435,0.21483,-0.00043991,-0.00013185,-0.00045915,-0.00045915,-0.00017999999999998573,-0.0008378718056136746
1770264900000,2026-02-05T04:15:00Z,0.21465,0.21567,0.21389,0.21533,1231079,264781.379417,0.21465,0.21567,0.21404,0.21533,0.21483,0.21567,0.21427,0.21541,-0.00045915,0,0,0,-7.999999999999674e-05,-0.0003713848010770008
1770265200000,2026-02-05T04:20:00Z,0.21533,0.21614,0.2148,0.21525,413496.6,89169.327824,0.21533,0.21611,0.21487,0.21521,0.21541,0.21623,0.21506,0.21533,0,0,0,0,-7.999999999999674e-05,-0.0003715227789903717
1770265500000,2026-02-05T04:25:00Z,0.21525,0.21575,0.21397,0.2146,540748.2,116120.43524,0.21521,0.21575,0.21428,0.2146,0.21533,0.21577,0.2144,0.2147,0,-0.00018822,-0.00027486,-0.00027486,-9.999999999998899e-05,-0.00046576618537489046
1770265800000,2026-02-05T04:30:00Z,0.2146,0.21482,0.21396,0.21427,429268.5,92057.662044,0.2146,0.21482,0.21409,0.21427,0.2147,0.21496,0.21433,0.21446,-0.00027486,-0.00023569,-0.00024162,-0.00024162,-0.00019000000000002348,-0.0008859460971744077
1770266100000,2026-02-05T04:35:00Z,0.21427,0.21487,0.21406,0.21419,340711.6,73080.809483,0.21427,0.21476,0.21413,0.21424,0.21446,0.21491,0.21438,0.21448,-0.00024162,-0.00014631,-0.00051661,-0.00051661,-0.00029000000000001247,-0.0013521074226035643
1770266400000,2026-02-05T04:40:00Z,0.21419,0.21627,0.21419,0.21612,535245.4,115364.90268,0.21424,0.21627,0.21424,0.21612,0.21448,0.21639,0.21448,0.2163,-0.00051661,0,-0.00057821,0,-0.00017999999999998573,-0.0008321775312065914
1770266700000,2026-02-05T04:45:00Z,0.21612,0.21625,0.21527,0.2154,136295.3,29421.868192,0.21612,0.21625,0.21534,0.21539,0.2163,0.21647,0.21563,0.21563,0,-0.00016207,-0.00100259,-0.00016207,-0.00022999999999998022,-0.0010666419329405938
1770267000000,2026-02-05T04:50:00Z,0.2154,0.21555,0.21431,0.21436,262290.8,56355.020556,0.21539,0.21555,0.21435,0.21438,0.21563,0.21573,0.21461,0.21465,-0.00016207,-0.00033619,-0.00064182,-0.00064182,-0.00029000000000001247,-0.0013510365711624154
1770267300000,2026-02-05T04:55:00Z,0.21436,0.21488,0.21407,0.21473,179111.5,38431.786873,0.21438,0.21484,0.21414,0.21479,0.21465,0.21498,0.2144,0.21497,-0.00064182,0,-0.00043599,0,-0.00023999999999999022,-0.001116434851374565
1770267600000,2026-02-05T05:00:00Z,0.21473,0.21503,0.21442,0.21476,52640.8,11302.263707,0.21479,0.21503,0.21449,0.21476,0.21497,0.21515,0.21468,0.21495,0,-0.00004605,-0.00024912,-0.00024912,-0.00018999999999999573,-0.0008839264945335926
1770267900000,2026-02-05T05:05:00Z,0.21476,0.21495,0.2135,0.2137,209504.4,44842.203523,0.21476,0.21496,0.21362,0.21372,0.21495,0.21519,0.21387,0.21398,-0.00024912,-0.00078517,-0.00088199,-0.00088199,-0.00028000000000000247,-0.0013085335078044792
1770268200000,2026-02-05T05:10:00Z,0.2137,0.21547,0.2137,0.21464,283034,60753.921815,0.21372,0.21544,0.21372,0.21473,0.21398,0.21554,0.21397,0.21492,-0.00088199,-0.00003756,-0.00013173,-0.00013173,-0.00028000000000000247,-0.0013028103480364902
1770268500000,2026-02-05T05:15:00Z,0.21464,0.21502,0.21307,0.21347,426567.9,91179.10445,0.21473,0.21502,0.21317,0.21347,0.21492,0.21516,0.21336,0.21359,-0.00013173,-0.00013494,-0.00044533,-0.00013494,-0.00012000000000000899,-0.0005618240554333489
1770268800000,2026-02-05T05:20:00Z,0.21347,0.21353,0.21182,0.21266,1145339.7,243413.048456,0.21347,0.21351,0.21189,0.21261,0.21359,0.21366,0.21212,0.21272,-0.00013494,-0.00044004,-0.00122491,-0.00122491,-6.0000000000004494e-05,-0.0002820609251598557
1770269100000,2026-02-05T05:25:00Z,0.21266,0.21476,0.21261,0.21373,967005.1,206510.584339,0.21261,0.21472,0.21261,0.21377,0.21272,0.21487,0.21272,0.214,-0.00122491,0,-0.00061026,0,-0.00026999999999999247,-0.001261682242990619
1770269400000,2026-02-05T05:30:00Z,0.21373,0.21429,0.21297,0.21418,399014.4,85295.971254,0.21377,0.21427,0.21306,0.21418,0.214,0.21453,0.21332,0.21436,0,-0.00041805,-0.0005295,-0.00041805,-0.00017999999999998573,-0.0008397089009142832
1770269700000,2026-02-05T05:35:00Z,0.21418,0.21647,0.21418,0.21597,806177.8,174029.636142,0.21418,0.21647,0.21418,0.21597,0.21436,0.21667,0.21436,0.2162,-0.00041805,0,-0.00067722,-0.00067722,-0.00023000000000000798,-0.0010638297872340794
1770270000000,2026-02-05T05:40:00Z,0.21597,0.21778,0.21573,0.21701,734122.6,159407.674582,0.21597,0.21767,0.21583,0.2171,0.2162,0.21792,0.21614,0.21734,-0.00067722,-0.0002482,-0.0006085,-0.0006085,-0.00032999999999999696,-0.0015183583325664716
1770270300000,2026-02-05T05:45:00Z,0.21701,0.21719,0.2152,0.21535,1242175.6,268382.063513,0.2171,0.21718,0.21527,0.21535,0.21734,0.2174,0.21548,0.21548,-0.0006085,-0.000164,-0.00062832,-0.000164,-0.00012999999999999123,-0.0006033042509745277
1770270600000,2026-02-05T05:50:00Z,0.21535,0.21604,0.215,0.2152,289331.3,62321.672378,0.21535,0.21604,0.21512,0.2152,0.21548,0.21612,0.21531,0.21538,-0.000164,-0.00016852,-0.00040525,-0.00040525,-0.00017999999999998573,-0.0008357321942612394
1770270900000,2026-02-05T05:55:00Z,0.2152,0.21539,0.21464,0.21499,334707.2,71921.879654,0.2152,0.21535,0.21481,0.21499,0.21538,0.21548,0.21501,0.21516,-0.00040525,-0.0003308,-0.00038527,-0.0003308,-0.00017000000000000348,-0.0007901096858152235
1770271200000,2026-02-05T06:00:00Z,0.21499,0.21527,0.21342,0.21386,397324.7,85110.502516,0.21499,0.21527,0.21366,0.21395,0.21516,0.2154,0.21393,0.21421,-0.0003308,-0.00030978,-0.00081657,-0.00081657,-0.00035000000000001696,-0.0016339106484291907
1770271500000,2026-02-05T06:05:00Z,0.21386,0.21433,0.21309,0.21328,726482.1,155226.42038,0.21395,0.2141,0.21311,0.21328,0.21421,0.21431,0.21335,0.21343,-0.00081657,-0.00100612,-0.00125896,-0.00125896,-0.00015000000000001124,-0.0007028065407862588
1770271800000,2026-02-05T06:10:00Z,0.21328,0.21382,0.21305,0.21343,395444.6,84443.820036,0.21328,0.21381,0.21307,0.21343,0.21343,0.2139,0.21334,0.21359,-0.00125896,0,-0.00029735,0,-0.00015999999999999348,-0.0007490987405777119
1770272100000,2026-02-05T06:15:00Z,0.21343,0.21398,0.21251,0.21278,293345.8,62566.796675,0.21343,0.21398,0.21266,0.21278,0.21359,0.21404,0.21286,0.21292,0,-0.00009001,-0.00028261,-0.00028261,-0.00014000000000000123,-0.0006575239526582812
1770272400000,2026-02-05T06:20:00Z,0.21278,0.21291,0.21227,0.21262,177389.7,37717.633046,0.21278,0.21291,0.21228,0.2127,0.21292,0.21302,0.21248,0.21285,-0.00028261,0,-0.00004948,0,-0.00023000000000000798,-0.0010805731735964669
1770272700000,2026-02-05T06:25:00Z,0.21262,0.21265,0.21168,0.21204,450282.2,95519.650694,0.2127,0.2127,0.21185,0.21204,0.21285,0.21285,0.21207,0.21222,0,-0.00024265,-0.00038116,-0.00038116,-0.00017999999999998573,-0.0008481764206954374
1770273000000,2026-02-05T06:30:00Z,0.21204,0.21339,0.21204,0.21312,254337.5,54049.45153,0.21204,0.21338,0.21204,0.21326,0.21222,0.21351,0.21218,0.21342,-0.00038116,-0.00007256,-0.00042867,-0.00042867,-0.0002999999999999947,-0.0014056789429294102
1770273300000,2026-02-05T06:35:00Z,0.21312,0.21351,0.21249,0.21324,499208.9,106360.538308,0.21326,0.21351,0.21264,0.21324,0.21342,0.21358,0.21284,0.21339,-0.00042867,0,-0.00060118,-0.00060118,-0.00014999999999998348,-0.0007029382820187614
1770273600000,2026-02-05T06:40:00Z,0.21324,0.21331,0.21265,0.21265,84318.6,17964.499659,0.21324,0.21333,0.21274,0.21274,0.21339,0.2135,0.21299,0.21299,-0.00060118,-0.0004822,-0.00070123,-0.0004822,-0.00034000000000000696,-0.001596319076012991
1770273900000,2026-02-05T06:45:00Z,0.21265,0.21326,0.21074,0.21201,986359.7,208696.826093,0.21274,0.21325,0.2111,0.21201,0.21299,0.21347,0.21121,0.21215,-0.0004822,-0.00021609,-0.00046206,-0.00021609,-0.00014000000000000123,-0.0006599104407259073
1770274200000,2026-02-05T06:50:00Z,0.21201,0.21214,0.21133,0.21159,205694.1,43539.597118,0.21201,0.21214,0.21138,0.21169,0.21215,0.21229,0.21159,0.21192,-0.00021609,-0.00027243,-0.00058126,-0.00058126,-0.00032999999999999696,-0.0015571913929784682
1770274500000,2026-02-05T06:55:00Z,0.21159,0.21235,0.21157,0.21187,250417.6,53094.594818,0.21169,0.21228,0.21163,0.2119,0.21192,0.21251,0.21186,0.21216,-0.00058126,-0.00046489,-0.00054296,-0.00046489,-0.0002899999999999847,-0.0013668929110104862
1770274800000,2026-02-05T07:00:00Z,0.21187,0.21524,0.21161,0.2145,697697,149128.534208,0.2119,0.21517,0.21164,0.2145,0.21216,0.21528,0.21193,0.21468,-0.00046489,0,-0.00035823,0,-0.00018000000000001348,-0.0008384572386808901
1770275100000,2026-02-05T07:05:00Z,0.2145,0.21462,0.21264,0.21298,346115.6,73993.073817,0.2145,0.21462,0.21276,0.21298,0.21468,0.21476,0.21301,0.21324,0,-0.00041595,-0.00089064,-0.00041595,-0.0002600000000000102,-0.001219283436503518
1770275400000,2026-02-05T07:10:00Z,0.21298,0.21298,0.21212,0.21222,759957.8,161493.549367,0.21298,0.21298,0.21222,0.21222,0.21324,0.21324,0.21252,0.21252,-0.00041595,-0.00065875,-0.00077344,-0.00077344,-0.0002999999999999947,-0.0014116318464144303
1770275700000,2026-02-05T07:15:00Z,0.21222,0.2134,0.21199,0.21337,335546.5,71445.717371,0.21222,0.21339,0.21199,0.21337,0.21252,0.21356,0.21226,0.21352,-0.00077344,0,-0.00032685,-0.00032685,-0.00014999999999998348,-0.0007025103034843737
1770276000000,2026-02-05T07:20:00Z,0.21337,0.21432,0.21304,0.21339,159327.5,34031.399282,0.21337,0.21431,0.21312,0.21339,0.21352,0.21451,0.21334,0.21359,-0.00032685,-0.00128882,-0.00145685,-0.00128882,-0.00020000000000000573,-0.0009363734257222048
1770276300000,2026-02-05T07:25:00Z,0.21339,0.21454,0.2133,0.21407,377123.4,80765.326642,0.21339,0.21454,0.2133,0.21409,0.21359,0.21469,0.21359,0.21432,-0.00128882,-0.00012423,-0.00044286,-0.00012423,-0.0002500000000000002,-0.0011664800298618898
1770276600000,2026-02-05T07:30:00Z,0.21407,0.21421,0.21337,0.21348,428643.9,91630.352533,0.21409,0.21421,0.21343,0.21348,0.21432,0.21439,0.21374,0.21376,-0.00012423,-0.0008087,-0.00103144,-0.00103144,-0.00028000000000000247,-0.0013098802395209695
1770276900000,2026-02-05T07:35:00Z,0.21348,0.21355,0.21266,0.21272,285929.7,60954.711718,0.21348,0.21353,0.21271,0.21278,0.21376,0.21378,0.213,0.21308,-0.00103144,-0.00031224,-0.00032594,-0.00031224,-0.0003599999999999992,-0.0016895062887178488
1770277200000,2026-02-05T07:40:00Z,0.21272,0.21307,0.21168,0.21234,584421.3,123998.257754,0.21278,0.213,0.21176,0.2124,0.21308,0.21322,0.21206,0.2126,-0.00031224,0,-0.00045398,-0.00045398,-0.0002600000000000102,-0.0012229539040452032
1770277500000,2026-02-05T07:45:00Z,0.21234,0.2125,0.2119,0.21207,94736,20108.264932,0.2124,0.2125,0.21193,0.21209,0.2126,0.21264,0.21215,0.21231,-0.00045398,-0.00024506,-0.00049036,-0.00049036,-0.00023999999999999022,-0.0011304224954076126
1770277800000,2026-02-05T07:50:00Z,0.21207,0.21223,0.21155,0.21209,109287.9,23160.778361,0.21209,0.21223,0.21162,0.21212,0.21231,0.21235,0.21185,0.21228,-0.00049036,0,-0.00009956,-0.00009956,-0.00018999999999999573,-0.0008950442811380994
1770278100000,2026-02-05T07:55:00Z,0.21209,0.21209,0.21093,0.21142,291479.7,61616.672171,0.21212,0.21212,0.21106,0.21142,0.21228,0.21228,0.21124,0.21154,-0.00009956,-0.00044377,-0.00058927,-0.00058927,-0.00012000000000000899,-0.0005672686016829394
1770278400000,2026-02-05T08:00:00Z,0.21142,0.21273,0.21142,0.21257,342444.6,72660.953224,0.21142,0.21273,0.21142,0.21259,0.21154,0.21289,0.21153,0.21278,-0.00058927,0,-0.00061612,-0.00061612,-0.00020999999999998797,-0.0009869348622990317
1770278700000,2026-02-05T08:05:00Z,0.21257,0.21331,0.21233,0.21307,167029.6,35575.708789,0.21259,0.21329,0.21239,0.21307,0.21278,0.21344,0.21259,0.21332,-0.00061612,-0.00047231,-0.00053371,-0.00053371,-0.0002500000000000002,-0.0011719482467654238
1770279000000,2026-02-05T08:10:00Z,0.21307,0.21308,0.21223,0.21246,446428.2,94848.193066,0.21307,0.21307,0.21223,0.21246,0.21332,0.21333,0.2125,0.21272,-0.00053371,-0.00116139,-0.00122231,-0.00122231,-0.00025999999999998247,-0.0012222640090258673
1770279300000,2026-02-05T08:15:00Z,0.21246,0.21278,0.21221,0.21256,94108.4,20001.709779,0.21246,0.21276,0.21225,0.21257,0.21272,0.21293,0.21254,0.21278,-0.00122231,-0.00015941,-0.00024975,-0.00024975,-0.00021999999999999797,-0.0010339317605037972
1770279600000,2026-02-05T08:20:00Z,0.21256,0.21287,0.21227,0.21248,146440.3,31120.905038,0.21257,0.21286,0.21236,0.21248,0.21278,0.21299,0.21258,0.21267,-0.00024975,-0.00056659,-0.00070772,-0.00070772,-0.00018999999999999573,-0.0008934029247190282
1770279900000,2026-02-05T08:25:00Z,0.21248,0.2138,0.21245,0.21345,417419.3,89097.395096,0.21248,0.21379,0.21247,0.21345,0.21267,0.21393,0.21267,0.21359,-0.00070772,-0.00033194,-0.00072309,-0.00072309,-0.00014000000000000123,-0.0006554613980055304
1770280200000,2026-02-05T08:30:00Z,0.21345,0.21478,0.2133,0.21406,352717.8,75580.945501,0.21345,0.21477,0.21338,0.2141,0.21359,0.21493,0.21359,0.21432,-0.00072309,0,-0.00047691,-0.00047691,-0.0002600000000000102,-0.0012131392310564119
1770280500000,2026-02-05T08:35:00Z,0.21406,0.21458,0.21359,0.21429,174687.7,37416.231004,0.2141,0.21451,0.21365,0.21431,0.21432,0.21467,0.21388,0.21451,-0.00047691,0,-0.00098706,0,-0.00021999999999999797,-0.001025593212437639
1770280800000,2026-02-05T08:40:00Z,0.21429,0.2143,0.21352,0.21364,130296.8,27847.937933,0.21431,0.21431,0.21359,0.21364,0.21451,0.21451,0.21384,0.21385,0,-0.00034877,-0.0009812,-0.0009812,-0.00021000000000001573,-0.0009819967266776512
1770281100000,2026-02-05T08:45:00Z,0.21364,0.21402,0.21287,0.21329,256593.5,54730.400614,0.21364,0.214,0.21295,0.21329,0.21385,0.21403,0.21323,0.21356,-0.0009812,-0.00021234,-0.00128531,-0.00128531,-0.00026999999999999247,-0.0012642817006929784
1770281400000,2026-02-05T08:50:00Z,0.21329,0.21357,0.21277,0.21353,179304.4,38223.142286,0.21329,0.21357,0.21282,0.21355,0.21356,0.2138,0.21308,0.2138,-0.00128531,-0.00046007,-0.00054153,-0.00046007,-0.00026999999999999247,-0.0012628624883067937
1770281700000,2026-02-05T08:55:00Z,0.21353,0.21377,0.21291,0.21293,221411.2,47286.531303,0.21355,0.21377,0.21303,0.21303,0.2138,0.21386,0.21327,0.21327,-0.00046007,-0.00012526,-0.00028004,-0.00012526,-0.0003399999999999792,-0.001594223285037648
1770282000000,2026-02-05T09:00:00Z,0.21293,0.21341,0.21269,0.21292,273114,58163.878554,0.21303,0.2134,0.21274,0.21292,0.21327,0.21356,0.21299,0.21313,-0.00012526,-0.00046982,-0.00051039,-0.00051039,-0.00020999999999998797,-0.0009853141275277435
1770282300000,2026-02-05T09:05:00Z,0.21292,0.21507,0.21265,0.21448,844089.4,180662.680945,0.21292,0.21507,0.21271,0.2145,0.21313,0.21527,0.21296,0.21474,-0.00051039,-0.00013488,-0.00041461,-0.00013488,-0.00025999999999998247,-0.00121076650833558
1770282600000,2026-02-05T09:10:00Z,0.21448,0.21509,0.2138,0.21441,480484.1,103004.069041,0.2145,0.21503,0.21398,0.21445,0.21474,0.21519,0.21426,0.21471,-0.00013488,-0.00034289,-0.00034593,-0.00034593,-0.00030000000000002247,-0.0013972334777142307
1770282900000,2026-02-05T09:15:00Z,0.21441,0.21529,0.21381,0.21386,223301.1,47891.736519,0.21445,0.21521,0.21384,0.21386,0.21471,0.21547,0.21417,0.21418,-0.00034593,-0.00074497,-0.00122393,-0.00074497,-0.0003200000000000147,-0.0014940704080680489
1770283200000,2026-02-05T09:20:00Z,0.21386,0.21458,0.21319,0.21342,506137.8,108095.488667,0.21386,0.21458,0.21329,0.21342,0.21418,0.21467,0.21361,0.21375,-0.00074497,-0.00086393,-0.00107867,-0.00107867,-0.00032999999999999696,-0.001543859649122793
1770283500000,2026-02-05T09:25:00Z,0.21342,0.21364,0.21318,0.21356,155081.8,33095.970447,0.21342,0.21364,0.21323,0.21363,0.21375,0.21392,0.21356,0.21392,-0.00107867,-0.0005996,-0.00061587,-0.00061587,-0.0003599999999999992,-0.0016828721017202656
1770283800000,2026-02-05T09:30:00Z,0.21356,0.21369,0.2123,0.21251,352671.1,75182.557734,0.21363,0.21366,0.21235,0.21251,0.21392,0.21399,0.21271,0.21285,-0.00061587,-0.00069697,-0.00083772,-0.00083772,-0.00034000000000000696,-0.001597369039229537
1770284100000,2026-02-05T09:35:00Z,0.21251,0.2127,0.21216,0.21247,215985.3,45891.563935,0.21251,0.2127,0.21226,0.21247,0.21285,0.21295,0.21256,0.21275,-0.00083772,-0.0006581,-0.00123608,-0.00123608,-0.00028000000000000247,-0.0013160987074030668
1770284400000,2026-02-05T09:40:00Z,0.21247,0.21336,0.2124,0.21246,314909.5,67038.897805,0.21247,0.21331,0.21241,0.21246,0.21275,0.21351,0.21275,0.21276,-0.00123608,-0.00049884,-0.00126296,-0.00049884,-0.0002999999999999947,-0.0014100394811054461
1770284700000,2026-02-05T09:45:00Z,0.21246,0.21288,0.21239,0.21255,92825.3,19739.559347,0.21246,0.21288,0.21241,0.21255,0.21276,0.21312,0.21274,0.21283,-0.00049884,-0.00111053,-0.00126068,-0.00111053,-0.00028000000000000247,-0.0013156040031950499
1770285000000,2026-02-05T09:50:00Z,0.21255,0.21288,0.21238,0.21285,74482.4,15841.140545,0.21255,0.21288,0.21244,0.21285,0.21283,0.21313,0.21275,0.21313,-0.00111053,-0.00040475,-0.00079183,-0.00040475,-0.0002799999999999747,-0.0013137521700369481
1770285300000,2026-02-05T09:55:00Z,0.21285,0.21301,0.21245,0.21271,358951.6,76330.934053,0.21285,0.21301,0.21266,0.21271,0.21313,0.21323,0.21294,0.21295,-0.00040475,-0.00071289,-0.00079587,-0.00079587,-0.00023999999999999022,-0.001127025123268327
1770285600000,2026-02-05T10:00:00Z,0.21271,0.2128,0.21218,0.2124,315110.2,66968.957405,0.21271,0.2128,0.21224,0.2124,0.21295,0.21309,0.21254,0.21266,-0.00079587,-0.00059295,-0.00081989,-0.00081989,-0.00025999999999998247,-0.0012226088592118052
1770285900000,2026-02-05T10:05:00Z,0.2124,0.21247,0.21185,0.21195,544541.8,115463.05648,0.2124,0.21247,0.21185,0.21197,0.21266,0.21274,0.21205,0.2122,-0.00081989,-0.00013589,-0.0006626,-0.0006626,-0.0002500000000000002,-0.001178133836003771
1770286200000,2026-02-05T10:10:00Z,0.21195,0.21276,0.21193,0.21269,182367.5,38716.729803,0.21197,0.21275,0.21197,0.21269,0.2122,0.21284,0.2122,0.2128,-0.0006626,-0.00032323,-0.00039522,-0.00032323,-0.00010999999999999899,-0.000516917293233078
1770286500000,2026-02-05T10:15:00Z,0.21269,0.21351,0.21261,0.21332,285881.5,60864.251786,0.21269,0.21351,0.21269,0.21332,0.2128,0.21374,0.21279,0.21352,-0.00032323,-0.00073969,-0.00115112,-0.00073969,-0.00019999999999997797,-0.0009366804046458317
1770286800000,2026-02-05T10:20:00Z,0.21332,0.21361,0.21261,0.21294,168633.2,35934.502849,0.21332,0.21361,0.21263,0.21294,0.21352,0.21368,0.21294,0.21312,-0.00073969,-0.00094251,-0.00110932,-0.00094251,-0.00018000000000001348,-0.0008445945945946579
1770287100000,2026-02-05T10:25:00Z,0.21294,0.21298,0.21261,0.21275,180668.5,38446.794714,0.21294,0.21297,0.2127,0.21276,0.21312,0.21312,0.21295,0.21301,-0.00094251,-0.0005471,-0.00060236,-0.00060236,-0.0002600000000000102,-0.0012205999718323563
1770287400000,2026-02-05T10:30:00Z,0.21275,0.21303,0.21219,0.21232,94216.8,20037.845757,0.21276,0.21303,0.21222,0.21236,0.21301,0.21327,0.2125,0.21265,-0.00060236,-0.00079145,-0.00101582,-0.00079145,-0.00032999999999999696,-0.0015518457559369713
1770287700000,2026-02-05T10:35:00Z,0.21232,0.21234,0.21135,0.21144,662351,140167.593139,0.21236,0.21236,0.21141,0.21147,0.21265,0.21265,0.21165,0.21174,-0.00079145,-0.00068853,-0.00072605,-0.00072605,-0.00030000000000002247,-0.0014168319637292077
1770288000000,2026-02-05T10:40:00Z,0.21144,0.2115,0.21083,0.21093,308369.5,65102.959154,0.21147,0.21152,0.21085,0.21093,0.21174,0.21179,0.21108,0.21116,-0.00072605,-0.00038304,-0.00095096,-0.00038304,-0.00022999999999998022,-0.0010892214434551062
1770288300000,2026-02-05T10:45:00Z,0.21093,0.21113,0.20961,0.20985,661043.3,138912.186487,0.21093,0.21113,0.20974,0.20985,0.21116,0.21129,0.21,0.21011,-0.00038304,-0.0007372,-0.00098557,-0.00098557,-0.00025999999999998247,-0.0012374470515443456
1770288600000,2026-02-05T10:50:00Z,0.20985,0.20996,0.20815,0.20874,1771350.5,369982.754512,0.20985,0.20996,0.20833,0.20874,0.21011,0.21018,0.20859,0.20894,-0.00098557,-0.00010527,-0.00026879,-0.00026879,-0.00019999999999997797,-0.0009572125969176701
1770288900000,2026-02-05T10:55:00Z,0.20874,0.20877,0.20761,0.2086,1723361.1,358997.828331,0.20874,0.20874,0.20775,0.20866,0.20894,0.20894,0.20792,0.20889,-0.00026879,-0.0003207,-0.00053999,-0.00053999,-0.0002899999999999847,-0.0013882904878164811
1770289200000,2026-02-05T11:00:00Z,0.2086,0.20957,0.20847,0.20894,715181.9,149497.726275,0.20866,0.20953,0.20858,0.20899,0.20889,0.2097,0.2088,0.20923,-0.00053999,-0.00042669,-0.00055754,-0.00055754,-0.00029000000000001247,-0.0013860345074798665
1770289500000,2026-02-05T11:05:00Z,0.20894,0.20954,0.20887,0.20917,296981.6,62166.301482,0.20899,0.20947,0.2089,0.20919,0.20923,0.20961,0.20912,0.20941,-0.00055754,-0.0002363,-0.00035478,-0.00035478,-0.00024000000000001798,-0.001146077073683291
1770289800000,2026-02-05T11:10:00Z,0.20917,0.2092,0.20654,0.20705,797367.3,165435.835594,0.20919,0.20919,0.20679,0.20705,0.20941,0.20941,0.20703,0.20715,-0.00035478,-0.00056971,-0.0007211,-0.0007211,-9.999999999998899e-05,-0.0004827419744146222
1770290100000,2026-02-05T11:15:00Z,0.20705,0.20818,0.20679,0.207,698356,144791.91608,0.20705,0.20814,0.20681,0.20706,0.20715,0.20832,0.20699,0.20727,-0.0007211,-0.00028182,-0.00072979,-0.00028182,-0.0002700000000000202,-0.0013026487190621904
1770290400000,2026-02-05T11:20:00Z,0.207,0.207,0.20362,0.20399,3534256.7,724725.638766,0.20706,0.20706,0.2039,0.20399,0.20727,0.20727,0.20399,0.20411,-0.00028182,0,-0.00002737,-0.00002737,-0.00012000000000000899,-0.000587918279359213
1770290700000,2026-02-05T11:25:00Z,0.20399,0.20508,0.20328,0.20387,1795678.9,366642.828163,0.20399,0.20504,0.20338,0.20387,0.20411,0.2051,0.20358,0.20399,-0.00002737,0,-0.00074309,0,-0.00012000000000000899,-0.000588264130594681
1770291000000,2026-02-05T11:30:00Z,0.20387,0.20493,0.20378,0.20463,1008176.9,206096.001831,0.20387,0.20486,0.20387,0.20463,0.20399,0.20499,0.20399,0.20468,0,0,-0.00013323,0,-4.999999999999449e-05,-0.00024428376001560723
1770291300000,2026-02-05T11:35:00Z,0.20463,0.20788,0.20438,0.20719,1257304.5,259577.194712,0.20463,0.20787,0.20446,0.20728,0.20468,0.20801,0.20458,0.20744,0,0,0,0,-0.0002500000000000002,-0.0012051677593521027
1770291600000,2026-02-05T11:40:00Z,0.20719,0.20871,0.20696,0.20813,625618.5,130127.12104,0.20728,0.20869,0.20709,0.20818,0.20744,0.20879,0.20725,0.20838,0,0,-0.00036412,-0.00036412,-0.0002500000000000002,-0.0011997312601977168
1770291900000,2026-02-05T11:45:00Z,0.20813,0.20838,0.20694,0.20744,674656.4,140036.154789,0.20818,0.20837,0.20701,0.20744,0.20838,0.20843,0.20721,0.2076,-0.00036412,-0.00012913,-0.00013487,-0.00012913,-0.00015999999999999348,-0.0007707129094412017
1770292200000,2026-02-05T11:50:00Z,0.20744,0.20766,0.20614,0.20643,550763,113896.100917,0.20744,0.20766,0.20629,0.20643,0.2076,0.20777,0.20649,0.20657,-0.00012913,-0.00020402,-0.00071096,-0.00020402,-0.00014000000000000123,-0.0006777363605557498
1770292500000,2026-02-05T11:55:00Z,0.20643,0.20703,0.20619,0.20677,323005.6,66696.082525,0.20643,0.20702,0.20621,0.20677,0.20657,0.2071,0.20634,0.20685,-0.00020402,0,-0.0000823,-0.0000823,-7.999999999999674e-05,-0.0003867536862460563
1770292800000,2026-02-05T12:00:00Z,0.20677,0.20796,0.2065,0.20739,559380.6,115904.432461,0.20677,0.2079,0.20654,0.20737,0.20685,0.20802,0.20663,0.20749,-0.0000823,0,-0.00011137,-0.00011137,-0.00010000000000001674,-0.0004819509373946539
1770293100000,2026-02-05T12:05:00Z,0.20739,0.20755,0.20624,0.20661,238979.1,49429.102867,0.20737,0.20754,0.20634,0.20661,0.20749,0.20765,0.20655,0.20683,-0.00011137,-0.00007395,-0.00091432,-0.00091432,-0.00022000000000002573,-0.0010636754822802579
1770293400000,2026-02-05T12:10:00Z,0.20661,0.20749,0.20661,0.20672,393876.3,81588.893731,0.20661,0.20746,0.20661,0.20672,0.20683,0.20763,0.20683,0.20688,-0.00091432,-0.00021134,-0.00057869,-0.00057869,-0.00016000000000002124,-0.0007733952049498319
1770293700000,2026-02-05T12:15:00Z,0.20672,0.2069,0.20513,0.20537,688263.2,141724.233075,0.20672,0.20688,0.20529,0.20538,0.20688,0.20706,0.20551,0.20563,-0.00057869,-0.00040316,-0.00068742,-0.00068742,-0.0002600000000000102,-0.0012644069445120372
1770294000000,2026-02-05T12:20:00Z,0.20537,0.20619,0.20493,0.2051,676419.6,139073.854206,0.20538,0.20622,0.20507,0.2051,0.20563,0.20641,0.20533,0.20533,-0.00068742,-0.00031024,-0.00059143,-0.00059143,-0.00023000000000000798,-0.0011201480543515704
1770294300000,2026-02-05T12:25:00Z,0.2051,0.20846,0.20471,0.20727,1541095.8,319887.80033,0.2051,0.20831,0.20487,0.20728,0.20533,0.20838,0.20513,0.20754,-0.00059143,-0.00024251,-0.00041433,-0.00041433,-0.00026999999999999247,-0.001300954032957466
1770294600000,2026-02-05T12:30:00Z,0.20727,0.20833,0.2064,0.20776,434680.1,90024.42222,0.20728,0.2083,0.2066,0.20776,0.20754,0.20845,0.20676,0.20793,-0.00041433,-0.00059594,-0.00072801,-0.00072801,-0.00017000000000000348,-0.0008175828403789904
1770294900000,2026-02-05T12:35:00Z,0.20776,0.20821,0.20688,0.20715,589394.9,122360.189001,0.20776,0.2082,0.20697,0.20715,0.20793,0.2084,0.20722,0.20737,-0.00072801,-0.00012178,-0.0005774,-0.00012178,-0.00021999999999999797,-0.0010609056276221149
1770295200000,2026-02-05T12:40:00Z,0.20715,0.20787,0.20633,0.20678,477335.7,98788.021788,0.20715,0.20777,0.2065,0.20678,0.20737,0.20798,0.20674,0.20705,-0.00012178,-0.00037977,-0.00074057,-0.00037977,-0.0002700000000000202,-0.0013040328423087188
1770295500000,2026-02-05T12:45:00Z,0.20678,0.20709,0.20634,0.20707,624711.5,129143.91903,0.20678,0.20707,0.20639,0.20707,0.20705,0.20723,0.20665,0.20713,-0.00037977,-0.00024437,-0.00032729,-0.00032729,-6.0000000000004494e-05,-0.0002896731521267054
1770295800000,2026-02-05T12:50:00Z,0.20707,0.20797,0.20655,0.20661,429309.1,89028.214517,0.20707,0.20795,0.20664,0.20664,0.20713,0.20811,0.20687,0.20687,-0.00032729,0,-0.00049961,-0.00049961,-0.0002600000000000102,-0.0012568279595881965
1770296100000,2026-02-05T12:55:00Z,0.20661,0.20795,0.20597,0.20742,1221714.4,253287.087291,0.20664,0.20795,0.20607,0.20742,0.20687,0.20815,0.20629,0.20758,-0.00049961,-0.00066966,-0.00084724,-0.00066966,-0.00015999999999999348,-0.0007707871663936482
1770296400000,2026-02-05T13:00:00Z,0.20742,0.20799,0.20726,0.2077,234628.5,48710.117789,0.20742,0.20798,0.20733,0.2077,0.20758,0.20815,0.20755,0.20785,-0.00066966,-0.00032538,-0.00091731,-0.00091731,-0.00015000000000001124,-0.0007216742843397221
1770296700000,2026-02-05T13:05:00Z,0.2077,0.20936,0.20766,0.20876,1482724.8,309553.306063,0.2077,0.20911,0.20768,0.20876,0.20785,0.2093,0.20785,0.20896,-0.00091731,-0.00025164,-0.00078739,-0.00078739,-0.00020000000000000573,-0.000957120980091911
1770297000000,2026-02-05T13:10:00Z,0.20876,0.20908,0.20743,0.20745,365169.4,76039.475302,0.20876,0.20908,0.20744,0.20749,0.20896,0.20924,0.20782,0.20788,-0.00078739,-0.00126804,-0.00169951,-0.00126804,-0.0004300000000000137,-0.0020685010583029327
1770297300000,2026-02-05T13:15:00Z,0.20745,0.20764,0.20702,0.20733,193369,40091.377317,0.20749,0.20764,0.20711,0.20733,0.20788,0.20793,0.2073,0.20752,-0.00126804,-0.00029747,-0.00068061,-0.00029747,-0.00019000000000002348,-0.0009155744024673452
1770297600000,2026-02-05T13:20:00Z,0.20733,0.20752,0.20665,0.20725,311986.6,64585.446794,0.20733,0.20752,0.2067,0.20727,0.20752,0.20771,0.20694,0.20745,-0.00029747,-0.00025838,-0.00052784,-0.00025838,-0.00020000000000000573,-0.0009640877319836382
1770297900000,2026-02-05T13:25:00Z,0.20725,0.20747,0.20594,0.20622,258277.5,53301.216982,0.20727,0.20747,0.206,0.20622,0.20745,0.2076,0.20623,0.2064,-0.00025838,-0.00032997,-0.00059994,-0.00059994,-0.00018000000000001348,-0.0008720930232558793
1770298200000,2026-02-05T13:30:00Z,0.20622,0.20801,0.20621,0.20766,397525.7,82329.348631,0.20622,0.20801,0.20622,0.20766,0.2064,0.20809,0.2064,0.20768,-0.00059994,-0.0001589,-0.00026979,-0.00026979,-1.9999999999992246e-05,-9.630200308162676e-05
1770298500000,2026-02-05T13:35:00Z,0.20766,0.20766,0.20678,0.20678,138266.2,28648.985608,0.20766,0.20766,0.20691,0.20691,0.20768,0.20768,0.20713,0.20716,-0.00026979,-0.00004136,-0.0000762,-0.00004136,-0.0003800000000000192,-0.001834330951921313
1770298800000,2026-02-05T13:40:00Z,0.20678,0.20713,0.20659,0.20671,134035.2,27725.115396,0.20691,0.20712,0.20669,0.20671,0.20716,0.20731,0.20692,0.20692,-0.00004136,-0.00010707,-0.00055539,-0.00010707,-0.00020999999999998797,-0.0010148849797022423
1770299100000,2026-02-05T13:45:00Z,0.20671,0.20695,0.20615,0.20686,170405.3,35207.689901,0.20671,0.20695,0.20625,0.20687,0.20692,0.20706,0.20645,0.20703,-0.00010707,-0.00004251,-0.00035678,-0.00004251,-0.00017000000000000348,-0.0008211370332802178
1770299400000,2026-02-05T13:50:00Z,0.20686,0.20707,0.20614,0.20668,181412.8,37502.802132,0.20687,0.20705,0.20631,0.20676,0.20703,0.20714,0.20648,0.20691,-0.00004251,0,0,0,-0.00023000000000000798,-0.0011115944130298582
1770299700000,2026-02-05T13:55:00Z,0.20668,0.20673,0.20526,0.20585,381846.3,78602.096073,0.20676,0.20676,0.20535,0.20588,0.20691,0.20693,0.20566,0.20615,0,-0.00039066,-0.00042385,-0.00039066,-0.0002999999999999947,-0.001455251030802788
1770300000000,2026-02-05T14:00:00Z,0.20585,0.20881,0.20584,0.20731,2001805.7,415967.23197,0.20588,0.20868,0.20588,0.20731,0.20615,0.20883,0.20615,0.20754,-0.00039066,-0.00018442,-0.00071222,-0.00071222,-0.00023000000000000798,-0.0011082201021490217
1770300300000,2026-02-05T14:05:00Z,0.20731,0.20731,0.20623,0.20654,442000.5,91352.197344,0.20731,0.20731,0.20626,0.20656,0.20754,0.20754,0.20657,0.20678,-0.00071222,-0.00074035,-0.00084349,-0.00084349,-0.00023999999999999022,-0.0011606538349936658
1770300600000,2026-02-05T14:10:00Z,0.20654,0.20715,0.20603,0.20644,223718.7,46224.829618,0.20656,0.20714,0.2061,0.20644,0.20678,0.20725,0.20638,0.20666,-0.00084349,-0.00050851,-0.00067604,-0.00067604,-0.00021999999999999797,-0.0010645504693699698
1770300900000,2026-02-05T14:15:00Z,0.20644,0.20691,0.20568,0.20637,244690,50471.504911,0.20644,0.20691,0.2057,0.20639,0.20666,0.20702,0.20596,0.20661,-0.00067604,0,-0.0003876,0,-0.00023999999999999022,-0.0011616088282270472
1770301200000,2026-02-05T14:20:00Z,0.20637,0.20696,0.20625,0.20686,135118.2,27932.138589,0.20639,0.20696,0.20627,0.20688,0.20661,0.2071,0.20647,0.20706,0,-0.00003682,-0.00051108,-0.00051108,-0.00020000000000000573,-0.0009659036028204662
1770301500000,2026-02-05T14:25:00Z,0.20686,0.20757,0.20678,0.2073,248656.6,51521.410844,0.20688,0.20761,0.20687,0.2073,0.20706,0.20786,0.20706,0.20753,-0.00051108,-0.00067586,-0.0010813,-0.0010813,-0.00022999999999998022,-0.001108273502626031
1770301800000,2026-02-05T14:30:00Z,0.2073,0.2089,0.20653,0.20818,615158.5,127723.640412,0.2073,0.20888,0.20658,0.20819,0.20753,0.20892,0.20684,0.20843,-0.0010813,-0.00058116,-0.0007429,-0.0007429,-0.0002500000000000002,-0.0011994434582353799
1770302100000,2026-02-05T14:35:00Z,0.20818,0.2106,0.20784,0.20985,1889951.7,396014.715342,0.20819,0.21056,0.20801,0.20989,0.20843,0.21074,0.20823,0.2101,-0.0007429,0,-0.00031566,0,-0.0002500000000000002,-0.0011899095668729187
1770302400000,2026-02-05T14:40:00Z,0.20985,0.20989,0.20822,0.20887,458747.1,95863.120479,0.20989,0.20989,0.2083,0.20893,0.2101,0.2101,0.20855,0.20917,0,0,-0.00064903,0,-0.0002999999999999947,-0.0014342400917913406
1770302700000,2026-02-05T14:45:00Z,0.20887,0.21003,0.20805,0.20833,557012.4,116242.912014,0.20893,0.21001,0.2081,0.20833,0.20917,0.21011,0.20833,0.20852,0,-0.0006815,-0.0011859,-0.0011859,-0.00019000000000002348,-0.0009111835795128691
1770303000000,2026-02-05T14:50:00Z,0.20833,0.20887,0.20725,0.20752,266364.5,55422.529051,0.20833,0.20877,0.2074,0.20752,0.20852,0.20892,0.20764,0.2077,-0.0011859,-0.00022425,-0.00100653,-0.00100653,-0.00017999999999998573,-0.000866634569089965
1770303300000,2026-02-05T14:55:00Z,0.20752,0.20765,0.20533,0.20577,808382.9,166776.73765,0.20752,0.20759,0.2054,0.20577,0.2077,0.20787,0.20565,0.20601,-0.00100653,-0.00018132,-0.00056838,-0.00018132,-0.00023999999999999022,-0.0011649919906800165
1770303600000,2026-02-05T15:00:00Z,0.20577,0.20661,0.20349,0.2041,1149162.9,235179.477562,0.20577,0.20655,0.20374,0.20419,0.20601,0.20666,0.20397,0.20438,-0.00018132,-0.00025974,-0.00095664,-0.00025974,-0.00028000000000000247,-0.0013699970642920172
1770303900000,2026-02-05T15:05:00Z,0.2041,0.20424,0.2012,0.20192,1927739,389685.382629,0.20419,0.20424,0.20136,0.20198,0.20438,0.20441,0.20158,0.2022,-0.00025974,-0.00010392,-0.00103781,-0.00103781,-0.00028000000000000247,-0.0013847675568743941
1770304200000,2026-02-05T15:10:00Z,0.20192,0.20245,0.19798,0.19826,3290598.3,656770.928233,0.20198,0.20245,0.19808,0.19826,0.2022,0.20262,0.19828,0.19841,-0.00103781,0,0,0,-0.00015000000000001124,-0.0007560102817398882
1770304500000,2026-02-05T15:15:00Z,0.19826,0.20144,0.19825,0.19962,1671984.7,334414.753593,0.19826,0.20138,0.19826,0.19962,0.19841,0.20146,0.19841,0.1998,0,0,-0.00098306,-0.00098306,-0.00018000000000001348,-0.0009009009009009684
1770304800000,2026-02-05T15:20:00Z,0.19962,0.19977,0.19301,0.19578,5385859.3,1053306.574025,0.19962,0.19977,0.19313,0.19574,0.1998,0.19988,0.19332,0.19574,-0.00098306,0,-0.00063944,0,4.000000000001225e-05,0.00020435271278232477
1770305100000,2026-02-05T15:25:00Z,0.19578,0.19783,0.19294,0.19333,2932012.6,573189.352528,0.19574,0.19777,0.19309,0.19333,0.19574,0.1979,0.19321,0.19346,0,0,-0.00007307,0,-0.00012999999999999123,-0.0006719735345807466
1770305400000,2026-02-05T15:30:00Z,0.19333,0.19677,0.19012,0.19128,5705011.5,1099637.065118,0.19333,0.19672,0.19027,0.19128,0.19346,0.19681,0.19046,0.19144,0,-0.00014502,-0.00049498,-0.00014502,-0.00015999999999999348,-0.0008357709987463094
1770305700000,2026-02-05T15:35:00Z,0.19128,0.19461,0.19122,0.19414,2852773,549589.708564,0.19128,0.1945,0.19128,0.19414,0.19144,0.19469,0.19144,0.1943,-0.00014502,0,0,0,-0.00015999999999999348,-0.0008234688625836
1770306000000,2026-02-05T15:40:00Z,0.19414,0.19663,0.19256,0.19636,1705862.4,333042.161683,0.19414,0.19662,0.19273,0.19636,0.1943,0.19672,0.19289,0.19653,0,-0.0001169,-0.00071922,-0.00071922,-0.00017000000000000348,-0.000865007886836633
1770306300000,2026-02-05T15:45:00Z,0.19636,0.1971,0.19409,0.19606,1484579.9,289539.44929,0.19636,0.19698,0.1941,0.19606,0.19653,0.19705,0.19429,0.19607,-0.00071922,-0.00051011,-0.00099488,-0.00051011,-9.999999999982245e-06,-5.1002193094212505e-05
1770306600000,2026-02-05T15:50:00Z,0.19606,0.19938,0.19586,0.19673,2114333.1,419067.34783,0.19606,0.19936,0.19595,0.19681,0.19607,0.19953,0.19599,0.19709,-0.00051011,-0.00001355,-0.00112965,-0.00112965,-0.0003599999999999992,-0.0018265766908518912
1770306900000,2026-02-05T15:55:00Z,0.19673,0.19691,0.19438,0.19457,1201430,234598.071428,0.19681,0.19691,0.19441,0.19464,0.19709,0.19709,0.19461,0.19489,-0.00112965,0,-0.00065482,-0.00065482,-0.0003200000000000147,-0.0016419518702858777
1770307200000,2026-02-05T16:00:00Z,0.19457,0.19511,0.19265,0.19338,1832655.1,355335.077739,0.19464,0.195,0.1927,0.19338,0.19489,0.19519,0.19294,0.19356,-0.00065482,-0.00077484,-0.00080498,-0.00077484,-0.00018000000000001348,-0.0009299442033478687
1770307500000,2026-02-05T16:05:00Z,0.19338,0.19506,0.19282,0.19333,1360280.8,263634.168822,0.19338,0.1949,0.19296,0.19341,0.19356,0.19505,0.19317,0.19367,-0.00077484,0,-0.00019889,-0.00019889,-0.00034000000000000696,-0.0017555635875458613
1770307800000,2026-02-05T16:10:00Z,0.19333,0.19635,0.19333,0.19389,1023689.1,199340.983561,0.19341,0.19635,0.19341,0.19389,0.19367,0.19654,0.19367,0.1941,-0.00019889,-0.0008902,-0.00110163,-0.00110163,-0.00020999999999998797,-0.0010819165378670168
1770308100000,2026-02-05T16:15:00Z,0.19389,0.19632,0.19347,0.19503,1156475.9,225439.707063,0.19389,0.19627,0.19359,0.19507,0.1941,0.19641,0.19382,0.19529,-0.00110163,-0.00036987,-0.00053778,-0.00053778,-0.00025999999999998247,-0.0013313533719083541
1770308400000,2026-02-05T16:20:00Z,0.19503,0.19944,0.19472,0.19944,2307736.8,455233.363891,0.19507,0.19938,0.19488,0.19938,0.19529,0.19955,0.19517,0.19955,-0.00053778,-0.00080752,-0.00096738,-0.00080752,-0.00010999999999999899,-0.0005512402906539663
1770308700000,2026-02-05T16:25:00Z,0.19944,0.19998,0.19829,0.1989,1364526.3,271720.05646,0.19938,0.19991,0.19846,0.1989,0.19955,0.20013,0.19875,0.19903,-0.00080752,-0.00044267,-0.00077821,-0.00077821,-0.000130000000000019,-0.0006531678641411796
1770309000000,2026-02-05T16:30:00Z,0.1989,0.20028,0.19756,0.19903,1100825.8,218968.906752,0.1989,0.20015,0.19768,0.19906,0.19903,0.20042,0.19798,0.19934,-0.00077821,-0.00002785,-0.00136108,-0.00002785,-0.00030999999999997696,-0.0015551319353866609
1770309300000,2026-02-05T16:35:00Z,0.19903,0.19991,0.19794,0.19806,575813.6,114517.503481,0.19906,0.19982,0.19804,0.19807,0.19934,0.19993,0.19823,0.19831,-0.00002785,-0.00025864,-0.00046686,-0.00025864,-0.00024999999999997247,-0.0012606525137409737
1770309600000,2026-02-05T16:40:00Z,0.19806,0.19853,0.1965,0.19662,453160.7,89415.318506,0.19807,0.19846,0.1965,0.19662,0.19831,0.19853,0.19676,0.19684,-0.00025864,-0.00040954,-0.00130227,-0.00130227,-0.00021999999999999797,-0.0011176590123958443
1770309900000,2026-02-05T16:45:00Z,0.19662,0.19674,0.19503,0.19606,1021527.4,199909.100125,0.19662,0.19673,0.19509,0.19606,0.19684,0.1969,0.19538,0.19614,-0.00130227,-0.00035073,-0.00055783,-0.00035073,-7.999999999999674e-05,-0.000407871928214524
1770310200000,2026-02-05T16:50:00Z,0.19606,0.20003,0.19606,0.19915,1316378.1,261123.284543,0.19606,0.20003,0.19606,0.19935,0.19614,0.20018,0.19614,0.19957,-0.00035073,0,0,0,-0.0004200000000000037,-0.0021045247281655747
1770310500000,2026-02-05T16:55:00Z,0.19915,0.19956,0.19686,0.19747,699221.2,138513.229449,0.19935,0.19947,0.19695,0.19747,0.19957,0.19968,0.19713,0.19766,0,0,-0.00063758,-0.00063758,-0.00018999999999999573,-0.0009612465850450052
1770310800000,2026-02-05T17:00:00Z,0.19747,0.20081,0.196,0.19629,1872495.6,372148.879879,0.19747,0.20023,0.1961,0.19629,0.19766,0.20041,0.19635,0.19646,-0.00063758,0,-0.00115408,0,-0.00017000000000000348,-0.0008653160948793825
1770311100000,2026-02-05T17:05:00Z,0.19629,0.19698,0.19464,0.19475,915163.6,179265.004791,0.19629,0.1969,0.19475,0.19475,0.19646,0.19713,0.19501,0.19501,0,-0.00039706,-0.00042862,-0.00039706,-0.00025999999999998247,-0.0013332649607711528
1770311400000,2026-02-05T17:10:00Z,0.19475,0.19536,0.19383,0.19474,1249511.2,243032.046871,0.19475,0.19532,0.19395,0.19485,0.19501,0.19551,0.19424,0.19505,-0.00039706,-0.0005606,-0.001136,-0.0005606,-0.0003100000000000047,-0.0015893360676749793
1770311700000,2026-02-05T17:15:00Z,0.19474,0.19499,0.19284,0.19317,1217704.8,236162.272731,0.19485,0.19497,0.19299,0.19317,0.19505,0.19517,0.19313,0.19344,-0.0005606,-0.00017961,-0.00098534,-0.00098534,-0.00026999999999999247,-0.0013957816377170827
1770312000000,2026-02-05T17:20:00Z,0.19317,0.19697,0.19089,0.19672,3012205,581560.876558,0.19317,0.19686,0.19098,0.19682,0.19344,0.19702,0.19123,0.197,-0.00098534,-0.00053392,-0.001051,-0.00053392,-0.00028000000000000247,-0.0014213197969543273
1770312300000,2026-02-05T17:25:00Z,0.19672,0.19767,0.19546,0.19666,990760.4,194637.736734,0.19682,0.19763,0.1955,0.19668,0.197,0.19777,0.19577,0.19677,-0.00053392,0,-0.00069601,-0.00069601,-0.00010999999999999899,-0.0005590283071606393
1770312600000,2026-02-05T17:30:00Z,0.19666,0.19726,0.1931,0.19338,3179361.9,617643.589834,0.19668,0.19726,0.19341,0.19342,0.19677,0.19735,0.19355,0.19364,-0.00069601,-0.00002722,-0.0000635,-0.0000635,-0.0002600000000000102,-0.001342697789712922
1770312900000,2026-02-05T17:35:00Z,0.19338,0.19479,0.193,0.19353,888546.3,172214.645816,0.19342,0.19467,0.1931,0.19362,0.19364,0.19475,0.19332,0.19389,-0.0000635,0,-0.00107426,-0.00107426,-0.0003599999999999992,-0.0018567228841095424
1770313200000,2026-02-05T17:40:00Z,0.19353,0.19578,0.19344,0.19404,837278.8,162697.163021,0.19362,0.19572,0.19349,0.19404,0.19389,0.19587,0.19376,0.19419,-0.00107426,-0.00035507,-0.00115783,-0.00035507,-0.00015000000000001124,-0.0007724393635100223
1770313500000,2026-02-05T17:45:00Z,0.19404,0.195,0.19265,0.19334,587407.2,113842.910716,0.19404,0.19492,0.19271,0.19337,0.19419,0.19504,0.19293,0.19353,-0.00035507,-0.0004044,-0.00096494,-0.00096494,-0.00018999999999999573,-0.0009817599338603612
1770313800000,2026-02-05T17:50:00Z,0.19334,0.1941,0.19273,0.19278,473112.3,91448.005448,0.19337,0.194,0.1928,0.19288,0.19353,0.19409,0.19305,0.19313,-0.00096494,-0.00050033,-0.00126993,-0.00050033,-0.0003499999999999892,-0.0018122508155128112
1770314100000,2026-02-05T17:55:00Z,0.19278,0.193,0.19196,0.19236,655483.3,126191.931328,0.19288,0.193,0.19196,0.19236,0.19313,0.19313,0.1922,0.19254,-0.00050033,-0.00030412,-0.00059551,-0.00030412,-0.00017999999999998573,-0.0009348706762230483
1770314400000,2026-02-05T18:00:00Z,0.19236,0.19402,0.19184,0.19279,747291.4,144105.916449,0.19236,0.19401,0.19191,0.19293,0.19254,0.19408,0.19217,0.19313,-0.00030412,-0.00028869,-0.00034999,-0.00034999,-0.00034000000000000696,-0.001760472220783964
1770314700000,2026-02-05T18:05:00Z,0.19279,0.19356,0.19217,0.19241,516963.2,99641.858866,0.19293,0.19356,0.1922,0.19242,0.19313,0.19366,0.19241,0.19264,-0.00034999,-0.00048208,-0.00061105,-0.00061105,-0.00023000000000000798,-0.0011939368770764534
1770315000000,2026-02-05T18:10:00Z,0.19241,0.19309,0.1921,0.19252,635035.6,122283.728613,0.19242,0.19309,0.19218,0.19254,0.19264,0.19321,0.19237,0.19274,-0.00061105,-0.00053994,-0.00094261,-0.00094261,-0.00021999999999999797,-0.0011414340562415585
1770315300000,2026-02-05T18:15:00Z,0.19252,0.19288,0.19064,0.19119,959980.9,183889.952963,0.19254,0.19288,0.19075,0.19119,0.19274,0.19302,0.19099,0.19142,-0.00094261,-0.00016838,-0.00054595,-0.00016838,-0.00023000000000000798,-0.0012015463378957684
1770315600000,2026-02-05T18:20:00Z,0.19119,0.19268,0.18952,0.19245,1927535.5,367113.30633,0.19119,0.19268,0.18964,0.19246,0.19142,0.19273,0.18988,0.19263,-0.00016838,-0.000865,-0.00098044,-0.000865,-0.00017999999999998573,-0.0009344338888022932
1770315900000,2026-02-05T18:25:00Z,0.19245,0.1926,0.19054,0.19152,823444.2,157453.937697,0.19246,0.19259,0.19062,0.19149,0.19263,0.19279,0.19085,0.19156,-0.000865,0,-0.00030656,0,-4.000000000001225e-05,-0.00020881186051374112
1770316200000,2026-02-05T18:30:00Z,0.19152,0.19218,0.18951,0.19056,1078389.1,205792.188848,0.19149,0.19211,0.18971,0.19056,0.19156,0.1922,0.18992,0.19072,0,-0.00073362,-0.00144355,-0.00073362,-0.00015999999999999348,-0.0008389261744966101
1770316500000,2026-02-05T18:35:00Z,0.19056,0.19147,0.18989,0.19034,409594.6,78085.885164,0.19056,0.19146,0.18994,0.19036,0.19072,0.19165,0.19019,0.19057,-0.00073362,-0.00068094,-0.00115704,-0.00068094,-0.00022999999999998022,-0.0012069055989923924
1770316800000,2026-02-05T18:40:00Z,0.19034,0.19153,0.19,0.19036,650303.1,124088.449243,0.19036,0.19153,0.19001,0.19036,0.19057,0.19164,0.19024,0.19054,-0.00068094,-0.00050877,-0.00053625,-0.00050877,-0.00017999999999998573,-0.0009446835310170345
1770317100000,2026-02-05T18:45:00Z,0.19036,0.1916,0.18975,0.19078,530203.2,101090.934502,0.19036,0.19156,0.18997,0.19082,0.19054,0.19165,0.19019,0.19099,-0.00050877,-0.00038312,-0.00050893,-0.00050893,-0.00020999999999998797,-0.0010995340070160111
1770317400000,2026-02-05T18:50:00Z,0.19078,0.19268,0.19032,0.192,644182.4,123367.82641,0.19082,0.19258,0.19038,0.19211,0.19099,0.1927,0.19056,0.19229,-0.00050893,0,-0.00107553,0,-0.0002899999999999847,-0.001508138748764807
1770317700000,2026-02-05T18:55:00Z,0.192,0.19423,0.19176,0.19351,1208954.5,233877.519275,0.19211,0.19421,0.19183,0.19354,0.19229,0.19431,0.19201,0.19369,0,-0.00008442,-0.00029018,-0.00029018,-0.00018000000000001348,-0.0009293200474986498
1770318000000,2026-02-05T19:00:00Z,0.19351,0.1938,0.19197,0.1922,915680.5,176475.091275,0.19354,0.19372,0.19202,0.19233,0.19369,0.1939,0.19221,0.19253,-0.00029018,-0.00055893,-0.00092299,-0.00092299,-0.00032999999999999696,-0.0017140185945047368
1770318300000,2026-02-05T19:05:00Z,0.1922,0.1935,0.19131,0.19164,531638.8,102107.250685,0.19233,0.19344,0.19144,0.1917,0.19253,0.19353,0.19165,0.19192,-0.00092299,-0.00063813,-0.0009314,-0.00063813,-0.00028000000000000247,-0.0014589412255106423
1770318600000,2026-02-05T19:10:00Z,0.19164,0.19305,0.19134,0.19181,480002.4,92216.635537,0.1917,0.19295,0.19142,0.19188,0.19192,0.19298,0.19163,0.19206,-0.00063813,-0.00016142,-0.00026504,-0.00026504,-0.0002500000000000002,-0.0013016765594085192
1770318900000,2026-02-05T19:15:00Z,0.19181,0.19299,0.19138,0.19226,428478.2,82336.963983,0.19188,0.19295,0.19145,0.19222,0.19206,0.19297,0.19165,0.19233,-0.00026504,0,-0.00032873,-0.00032873,-7.00000000000145e-05,-0.00036395778089749124
1770319200000,2026-02-05T19:20:00Z,0.19226,0.19232,0.19061,0.19107,491809.3,94075.600242,0.19222,0.1923,0.19065,0.19107,0.19233,0.19237,0.19084,0.19117,-0.00032873,0,-0.00049265,-0.00049265,-0.00010000000000001674,-0.0005230946278182598
1770319500000,2026-02-05T19:25:00Z,0.19107,0.19142,0.19013,0.1914,451376.4,86129.021968,0.19107,0.1914,0.19019,0.1914,0.19117,0.19154,0.19038,0.19154,-0.00049265,0,-0.00038287,-0.00038287,-0.00014000000000000123,-0.0007309178239532278
1770319800000,2026-02-05T19:30:00Z,0.1914,0.19249,0.1908,0.19248,485126.1,93054.164357,0.1914,0.19249,0.19098,0.19248,0.19154,0.19263,0.19111,0.19262,-0.00038287,-0.00035775,-0.0016572,-0.00035775,-0.00014000000000000123,-0.0007268196448966942
1770320100000,2026-02-05T19:35:00Z,0.19248,0.19286,0.1919,0.19198,386645.7,74373.831837,0.19248,0.1928,0.19196,0.19209,0.19262,0.19285,0.1921,0.19225,-0.00035775,-0.00016338,-0.00044479,-0.00044479,-0.00026999999999999247,-0.0014044213263978802
1770320400000,2026-02-05T19:40:00Z,0.19198,0.19221,0.1912,0.19136,466745.3,89428.302639,0.19209,0.19221,0.19131,0.19139,0.19225,0.19229,0.19147,0.19157,-0.00044479,-0.00051945,-0.00080386,-0.00051945,-0.00020999999999998797,-0.001096205042543133
1770320700000,2026-02-05T19:45:00Z,0.19136,0.19159,0.19037,0.19112,641479.6,122373.232074,0.19139,0.19159,0.19042,0.19107,0.19157,0.19167,0.19059,0.1912,-0.00051945,-0.00021936,-0.00032758,-0.00032758,-7.999999999999674e-05,-0.00041841004184098714
1770321000000,2026-02-05T19:50:00Z,0.19112,0.19143,0.18953,0.19066,952029.5,181209.362402,0.19107,0.19141,0.18961,0.19066,0.1912,0.19153,0.18982,0.19075,-0.00032758,-0.00028555,-0.00060935,-0.00060935,-9.000000000000674e-05,-0.0004718217562254613
1770321300000,2026-02-05T19:55:00Z,0.19066,0.19084,0.18977,0.1905,572043.1,108832.742195,0.19066,0.19084,0.19015,0.1905,0.19075,0.19098,0.19034,0.1906,-0.00060935,-0.00011997,-0.0003625,-0.00011997,-9.999999999998899e-05,-0.0005246589716683578
1770321600000,2026-02-05T20:00:00Z,0.1905,0.19206,0.19024,0.19097,691210.5,132129.868564,0.1905,0.19203,0.19041,0.19098,0.1906,0.19204,0.19059,0.19119,-0.00011997,-0.00076903,-0.00101818,-0.00076903,-0.00021999999999999797,-0.0011506877974789371
1770321900000,2026-02-05T20:05:00Z,0.19097,0.19222,0.19016,0.19209,1034611.7,197974.007933,0.19098,0.19222,0.1902,0.19212,0.19119,0.19235,0.19038,0.1923,-0.00076903,0,-0.00016504,-0.00016504,-0.00020999999999998797,-0.0010920436817472073
1770322200000,2026-02-05T20:10:00Z,0.19209,0.19215,0.18975,0.18983,707573.9,134790.506614,0.19212,0.19215,0.18976,0.18976,0.1923,0.1923,0.19,0.19002,-0.00016504,-0.00038531,-0.00073272,-0.00073272,-0.00018999999999999573,-0.000999894747921249
1770322500000,2026-02-05T20:15:00Z,0.18983,0.18998,0.18615,0.18643,3852453.4,723923.099352,0.18976,0.18996,0.18641,0.18643,0.19002,0.19009,0.18654,0.18658,-0.00073272,-0.00000564,-0.00060662,-0.00060662,-0.00014999999999998348,-0.0008039446886053354
1770322800000,2026-02-05T20:20:00Z,0.18643,0.18709,0.18255,0.18433,4710125.7,867903.020804,0.18643,0.18706,0.18277,0.18437,0.18658,0.18725,0.18295,0.18457,-0.00060662,-0.0002002,-0.00056473,-0.0002002,-0.00024000000000001798,-0.0013003196619169853
1770323100000,2026-02-05T20:25:00Z,0.18433,0.18535,0.18013,0.18343,4964691.8,905605.287952,0.18437,0.18528,0.18042,0.18353,0.18457,0.18547,0.1807,0.18376,-0.0002002,-0.00042029,-0.00068429,-0.00042029,-0.00032999999999999696,-0.0017958206356116508
1770323400000,2026-02-05T20:30:00Z,0.18343,0.18557,0.18215,0.18524,2353994.1,432986.010799,0.18353,0.18547,0.1822,0.18524,0.18376,0.18558,0.18244,0.18536,-0.00042029,0,0,0,-0.00012000000000000899,-0.000647388864911572
1770323700000,2026-02-05T20:35:00Z,0.18524,0.18753,0.18287,0.1873,2718747,504472.899125,0.18524,0.18753,0.18301,0.1873,0.18536,0.18752,0.18319,0.18736,0,-0.00015157,-0.00122737,-0.00122737,-6.0000000000004494e-05,-0.0003202391118702204
1770324000000,2026-02-05T20:40:00Z,0.1873,0.18946,0.18718,0.18758,1343865.6,252903.217957,0.1873,0.18941,0.18727,0.18758,0.18736,0.18944,0.18736,0.18775,-0.00122737,0,-0.00101228,-0.00101228,-0.00017000000000000348,-0.0009054593874833741
1770324300000,2026-02-05T20:45:00Z,0.18758,0.18796,0.1847,0.18495,760407,141495.423054,0.18758,0.18792,0.18474,0.18503,0.18775,0.18795,0.18493,0.18524,-0.00101228,-0.00035738,-0.0005875,-0.00035738,-0.0002899999999999847,-0.0015655366011659724
1770324600000,2026-02-05T20:50:00Z,0.18495,0.18553,0.18278,0.18282,1906971.5,350819.243805,0.18503,0.18552,0.18281,0.18284,0.18524,0.18562,0.18294,0.18304,-0.00035738,-0.0003168,-0.0006107,-0.0003168,-0.00021999999999999797,-0.0012019230769230657
1770324900000,2026-02-05T20:55:00Z,0.18282,0.18571,0.1821,0.18454,2468632.8,454076.315415,0.18284,0.18567,0.18243,0.18454,0.18304,0.18577,0.18252,0.18468,-0.0003168,-0.00028713,-0.0006781,-0.00028713,-0.00014000000000000123,-0.0007580680095300045
1770325200000,2026-02-05T21:00:00Z,0.18454,0.18996,0.18419,0.18883,3818430.7,711766.771967,0.18454,0.18989,0.18423,0.18905,0.18468,0.19005,0.18442,0.18921,-0.00028713,-0.00004543,-0.00031717,-0.00004543,-0.00037999999999999146,-0.0020083505100152816
1770325500000,2026-02-05T21:05:00Z,0.18883,0.1898,0.18667,0.18667,1285447.3,241775.449089,0.18905,0.18972,0.18675,0.18675,0.18921,0.18986,0.18696,0.18696,-0.00004543,-0.00011911,-0.00067082,-0.00067082,-0.0002899999999999847,-0.0015511339323918739
1770325800000,2026-02-05T21:10:00Z,0.18667,0.18687,0.18465,0.18494,674748.8,125214.682593,0.18675,0.18683,0.18482,0.18502,0.18696,0.18696,0.18501,0.1852,-0.00067082,-0.00031585,-0.00032179,-0.00031585,-0.0002600000000000102,-0.0014038876889849363
1770326100000,2026-02-05T21:15:00Z,0.18494,0.18533,0.18297,0.18316,863497.6,158774.381367,0.18502,0.18532,0.18303,0.18317,0.1852,0.18547,0.18324,0.1834,-0.00031585,-0.00073005,-0.00113675,-0.00073005,-0.00024000000000001798,-0.0013086150490731624
1770326400000,2026-02-05T21:20:00Z,0.18316,0.18877,0.18265,0.18715,2234796.9,415934.575573,0.18317,0.18874,0.18272,0.1872,0.1834,0.18886,0.18294,0.18739,-0.00073005,0,-0.00081987,-0.00081987,-0.00023999999999999022,-0.001280751374139443
1770326700000,2026-02-05T21:25:00Z,0.18715,0.18865,0.18549,0.18865,885375.3,165367.656866,0.1872,0.18865,0.18558,0.18865,0.18739,0.1887,0.18582,0.1887,-0.00081987,0,-0.00094569,-0.00094569,-4.999999999999449e-05,-0.0002649708532061181
1770327000000,2026-02-05T21:30:00Z,0.18865,0.18926,0.18682,0.18692,984593.8,185398.609031,0.18865,0.18921,0.18692,0.18692,0.1887,0.18933,0.18717,0.18717,-0.00094569,-0.00026237,-0.00075723,-0.00026237,-0.0002500000000000002,-0.0013356841374151853
1770327300000,2026-02-05T21:35:00Z,0.18692,0.18736,0.18588,0.18715,670211.4,125089.534899,0.18692,0.1873,0.18603,0.18715,0.18717,0.18743,0.18626,0.18731,-0.00026237,-0.00030884,-0.00046292,-0.00046292,-0.00015999999999999348,-0.0008541989215738267
1770327600000,2026-02-05T21:40:00Z,0.18715,0.18759,0.1851,0.18585,715872.5,133695.266078,0.18715,0.1875,0.18521,0.18585,0.18731,0.18768,0.18542,0.18602,-0.00046292,-0.00012931,-0.00097865,-0.00097865,-0.00017000000000000348,-0.0009138802279324991
1770327900000,2026-02-05T21:45:00Z,0.18585,0.18694,0.18532,0.18553,806206.7,150135.905137,0.18585,0.1869,0.18542,0.18553,0.18602,0.18694,0.18561,0.18574,-0.00097865,-0.0001265,-0.00101081,-0.0001265,-0.00020999999999998797,-0.0011306126843974803
1770328200000,2026-02-05T21:50:00Z,0.18553,0.18598,0.18447,0.18501,573063.7,106124.054564,0.18553,0.18597,0.18458,0.18503,0.18574,0.18601,0.18476,0.18525,-0.0001265,-0.00053208,-0.00136324,-0.00136324,-0.00023999999999999022,-0.0012955465587044007
1770328500000,2026-02-05T21:55:00Z,0.18501,0.18553,0.1835,0.1835,1135357.4,209111.662645,0.18503,0.18548,0.18355,0.18355,0.18525,0.18561,0.18375,0.18375,-0.00136324,-0.00031202,-0.00039797,-0.00031202,-0.0002500000000000002,-0.001360544217687076
1770328800000,2026-02-05T22:00:00Z,0.1835,0.1839,0.18232,0.18316,1769757,324049.264259,0.18355,0.18382,0.18248,0.18316,0.18375,0.18388,0.18261,0.18318,-0.00031202,0,-0.00050626,-0.00050626,-2.0000000000020002e-05,-0.00010918222513385741
1770329100000,2026-02-05T22:05:00Z,0.18316,0.18492,0.18116,0.18465,1794735.5,327928.584709,0.18316,0.18481,0.1812,0.18465,0.18318,0.18489,0.18139,0.18474,-0.00050626,0,-0.00025166,0,-8.999999999997899e-05,-0.00048717115946724583
1770329400000,2026-02-05T22:10:00Z,0.18465,0.1853,0.18306,0.18343,517992.4,95277.506882,0.18465,0.18526,0.1831,0.18343,0.18474,0.18545,0.1833,0.18357,0,0,0,0,-0.00014000000000000123,-0.0007626518494307415
1770329700000,2026-02-05T22:15:00Z,0.18343,0.1838,0.18001,0.18184,1191596,216083.885777,0.18343,0.18376,0.18027,0.18193,0.18357,0.18379,0.18032,0.1821,0,0,0,0,-0.0002600000000000102,-0.001427786930258156
1770330000000,2026-02-05T22:20:00Z,0.18184,0.18225,0.18051,0.18133,638891.3,115820.052061,0.18193,0.18223,0.18069,0.18133,0.1821,0.18234,0.18077,0.18146,0,0,-0.00016732,0,-0.000130000000000019,-0.0007164113303208365
1770330300000,2026-02-05T22:25:00Z,0.18133,0.18678,0.18096,0.18624,771963.4,142320.388486,0.18133,0.18669,0.18108,0.18633,0.18146,0.18676,0.18123,0.18638,0,0,0,0,-0.00014000000000000123,-0.0007511535572486385
1770330600000,2026-02-05T22:30:00Z,0.18624,0.18798,0.184,0.18448,918382.3,170975.76952,0.18633,0.18793,0.18403,0.18456,0.18638,0.18797,0.18423,0.18473,0,0,-0.0001766,-0.0001766,-0.0002500000000000002,-0.001353326476479187
1770330900000,2026-02-05T22:35:00Z,0.18448,0.18504,0.18378,0.18424,260424.9,48035.460334,0.18456,0.18497,0.18381,0.18424,0.18473,0.18506,0.18396,0.18434,-0.0001766,0,-0.00021142,-0.00021142,-0.00010000000000001674,-0.0005424758598243287
1770331200000,2026-02-05T22:40:00Z,0.18424,0.18482,0.18352,0.18447,267535,49266.431225,0.18424,0.18465,0.18359,0.18447,0.18434,0.18477,0.18376,0.18459,-0.00021142,0,0,0,-0.00012000000000000899,-0.0006500893872908012
1770331500000,2026-02-05T22:45:00Z,0.18447,0.18489,0.18357,0.18415,499362.1,92047.312753,0.18447,0.18492,0.18361,0.18415,0.18459,0.18504,0.18379,0.18425,0,-0.00009604,-0.00034366,-0.00034366,-9.999999999998899e-05,-0.0005427408412482441
1770331800000,2026-02-05T22:50:00Z,0.18415,0.18565,0.18405,0.18453,483984.7,89416.43799,0.18415,0.18559,0.18408,0.18458,0.18425,0.18572,0.18421,0.18479,-0.00034366,-0.00043337,-0.00074556,-0.00074556,-0.0002600000000000102,-0.00140700254342773
1770332100000,2026-02-05T22:55:00Z,0.18453,0.18456,0.18358,0.18386,471744.7,86825.471879,0.18458,0.18458,0.18362,0.18386,0.18479,0.18479,0.1838,0.18387,-0.00074556,-0.00001365,-0.00026639,-0.00026639,-1.0000000000010001e-05,-5.438625115576223e-05
1770332400000,2026-02-05T23:00:00Z,0.18386,0.188,0.1835,0.18782,1672278.9,312245.644318,0.18386,0.18792,0.18359,0.18782,0.18387,0.188,0.18374,0.18788,-0.00026639,0,-0.00038946,-0.00038946,-6.0000000000004494e-05,-0.00031935277836919577
1770332700000,2026-02-05T23:05:00Z,0.18782,0.18832,0.18707,0.18768,893358,167699.508338,0.18782,0.18832,0.18711,0.18768,0.18788,0.18841,0.18729,0.18785,-0.00038946,0,-0.0004438,0,-0.00016999999999997573,-0.0009049773755654817
1770333000000,2026-02-05T23:10:00Z,0.18768,0.18812,0.1873,0.1874,574296.3,107775.682183,0.18768,0.1881,0.18738,0.18741,0.18785,0.18822,0.18754,0.18758,0,0,-0.00010396,-0.00010396,-0.00017999999999998573,-0.000959590574688057
1770333300000,2026-02-05T23:15:00Z,0.1874,0.18773,0.18649,0.18672,360473.9,67426.458982,0.18741,0.18773,0.18656,0.18678,0.18758,0.18789,0.18677,0.18697,-0.00010396,-0.00026167,-0.00026433,-0.00026167,-0.0002500000000000002,-0.001337112905813768
1770333600000,2026-02-05T23:20:00Z,0.18672,0.18673,0.18503,0.18509,556485,103338.199583,0.18678,0.18678,0.18509,0.18514,0.18697,0.18697,0.18525,0.18532,-0.00026167,-0.00060559,-0.00072216,-0.00060559,-0.00023000000000000798,-0.0012410964817613208
1770333900000,2026-02-05T23:25:00Z,0.18509,0.18621,0.18509,0.18614,312988.6,58140.140337,0.18514,0.18622,0.18514,0.18614,0.18532,0.18635,0.18528,0.18629,-0.00060559,-0.00024022,-0.00073001,-0.00073001,-0.00015000000000001124,-0.0008051961994739987
1770334200000,2026-02-05T23:30:00Z,0.18614,0.18667,0.18474,0.18475,391106.8,72657.039896,0.18614,0.18667,0.18478,0.18481,0.18629,0.18675,0.18504,0.18506,-0.00073001,-0.00058456,-0.00080104,-0.00080104,-0.0003100000000000047,-0.0016751323894953242
1770334500000,2026-02-05T23:35:00Z,0.18475,0.18485,0.1834,0.1836,1094037.4,201179.114692,0.18481,0.18483,0.18345,0.18361,0.18506,0.18506,0.18366,0.18382,-0.00080104,0,-0.00073024,0,-0.00021999999999999797,-0.0011968229790011858
1770334800000,2026-02-05T23:40:00Z,0.1836,0.18364,0.18253,0.18277,786068.1,143844.359631,0.18361,0.18361,0.18257,0.18281,0.18382,0.18382,0.18273,0.18302,0,-0.0002804,-0.00070762,-0.00070762,-0.0002500000000000002,-0.0013659709321385653
1770335100000,2026-02-05T23:45:00Z,0.18277,0.18354,0.1823,0.18334,606818.7,111070.148042,0.18281,0.18354,0.18241,0.18336,0.18302,0.1836,0.18261,0.18354,-0.00070762,0,-0.00013917,0,-0.00020000000000000573,-0.0010896807235480316
1770335400000,2026-02-05T23:50:00Z,0.18334,0.18336,0.18087,0.18129,904679.7,164622.067156,0.18336,0.1834,0.18093,0.18129,0.18354,0.18358,0.18116,0.18149,0,-0.00037495,-0.00054128,-0.00054128,-0.00020000000000000573,-0.0011019890903080374
1770335700000,2026-02-05T23:55:00Z,0.18129,0.18206,0.1811,0.18173,463254.6,84071.38427,0.18129,0.18206,0.18123,0.18173,0.18149,0.18215,0.18138,0.1819,-0.00054128,-0.00053937,-0.00101062,-0.00101062,-0.00017000000000000348,-0.0009345794392523556
1770336000000,2026-02-06T00:00:00Z,0.18173,0.18297,0.17946,0.18098,1698830.1,307406.086289,0.18173,0.18295,0.17965,0.18106,0.1819,0.18311,0.17987,0.18133,-0.00101062,-0.00016428,-0.00119486,-0.00016428,-0.0003499999999999892,-0.0019301825401201633
1770336300000,2026-02-06T00:05:00Z,0.18098,0.18137,0.17698,0.17839,2973486,532040.952549,0.18106,0.18136,0.17707,0.17839,0.18133,0.18158,0.17728,0.17864,-0.00016428,-0.00102901,-0.00119792,-0.00102901,-0.0002500000000000002,-0.0013994626063591595
1770336600000,2026-02-06T00:10:00Z,0.17839,0.17913,0.16447,0.16763,14348261,2454344.982075,0.17839,0.17905,0.16527,0.16774,0.17864,0.17928,0.16565,0.16803,-0.00102901,0,-0.00046461,0,-0.00040000000000001146,-0.0023805272867940927
1770336900000,2026-02-06T00:15:00Z,0.16763,0.1721,0.15753,0.1595,18695119.4,3090342.757465,0.16774,0.17204,0.15822,0.15943,0.16803,0.17223,0.15834,0.15986,0,0,-0.00091467,0,-0.0003599999999999992,-0.0022519704741648895
1770337200000,2026-02-06T00:20:00Z,0.1595,0.16657,0.15818,0.16508,14012134.6,2275966.465612,0.15943,0.16628,0.15884,0.16507,0.15986,0.16658,0.15886,0.16522,0,0,-0.00016441,-0.00016441,-0.00014000000000000123,-0.0008473550417625059
1770337500000,2026-02-06T00:25:00Z,0.16508,0.16753,0.16319,0.16655,7134529.8,1178240.717633,0.16507,0.16741,0.16345,0.16675,0.16522,0.16757,0.16356,0.1669,-0.00016441,0,-0.00013082,0,-0.0003499999999999892,-0.0020970641102455913
1770337800000,2026-02-06T00:30:00Z,0.16655,0.17281,0.16596,0.17226,3710593.5,626162.967105,0.16675,0.17279,0.16613,0.17236,0.1669,0.17286,0.16622,0.17245,0,-0.0001207,-0.0003683,-0.0001207,-0.00018999999999999573,-0.0011017686285879718
1770338100000,2026-02-06T00:35:00Z,0.17226,0.17691,0.17213,0.17517,2677021.3,465655.709401,0.17236,0.1765,0.17229,0.17519,0.17245,0.17649,0.17236,0.17532,-0.0001207,0,0,0,-0.00015000000000001124,-0.0008555783709788457
1770338400000,2026-02-06T00:40:00Z,0.17517,0.17548,0.1729,0.17392,1884919.7,327755.477191,0.17519,0.17542,0.173,0.17392,0.17532,0.17548,0.17319,0.17406,0,0,0,0,-0.00014000000000000123,-0.0008043203493048446
1770338700000,2026-02-06T00:45:00Z,0.17392,0.17645,0.17269,0.17367,1392379.6,243221.931135,0.17392,0.17633,0.17276,0.17366,0.17406,0.17638,0.17298,0.17365,0,0,-0.00036598,-0.00036598,1.9999999999992246e-05,0.00011517420097893605
1770339000000,2026-02-06T00:50:00Z,0.17367,0.17739,0.17367,0.17726,1705034.4,299779.396706,0.17366,0.17739,0.17366,0.1773,0.17365,0.17754,0.17365,0.17739,-0.00036598,0,0,0,-0.00012999999999999123,-0.0007328485258469544
1770339300000,2026-02-06T00:55:00Z,0.17726,0.17742,0.17442,0.17464,818846.5,143660.312662,0.1773,0.17742,0.17445,0.17468,0.17739,0.17755,0.17464,0.17486,0,-0.00011409,-0.00021325,-0.00021325,-0.00021999999999999797,-0.001258149376644161
1770339600000,2026-02-06T01:00:00Z,0.17464,0.177,0.1739,0.17666,1770109,310539.821174,0.17468,0.177,0.17398,0.17668,0.17486,0.177,0.17415,0.17681,-0.00021325,-0.00034449,-0.00046042,-0.00034449,-0.00014999999999998348,-0.0008483683049600333
1770339900000,2026-02-06T01:05:00Z,0.17666,0.17801,0.17459,0.17743,1599698,282659.19343,0.17668,0.17797,0.17459,0.17743,0.17681,0.17803,0.17478,0.17753,-0.00034449,0,-0.00015863,-0.00015863,-9.999999999998899e-05,-0.0005632850785782064
1770340200000,2026-02-06T01:10:00Z,0.17743,0.17868,0.17657,0.1773,1215622.3,215779.254114,0.17743,0.17868,0.17662,0.17732,0.17753,0.17885,0.17683,0.1775,-0.00015863,0,-0.00025242,-0.00025242,-0.00019999999999997797,-0.0011267605633801577
1770340500000,2026-02-06T01:15:00Z,0.1773,0.18019,0.1773,0.17859,1465607.4,261821.988812,0.17732,0.18016,0.17732,0.17864,0.1775,0.18023,0.1775,0.17884,-0.00025242,0,-0.00029272,-0.00029272,-0.0002500000000000002,-0.001397897562066653
1770340800000,2026-02-06T01:20:00Z,0.17859,0.1792,0.17772,0.17867,596353.3,106401.009212,0.17864,0.17919,0.17781,0.17867,0.17884,0.17935,0.17801,0.17885,-0.00029272,-0.00026793,-0.00072288,-0.00072288,-0.00018000000000001348,-0.0010064299692480484
1770341100000,2026-02-06T01:25:00Z,0.17867,0.17888,0.17738,0.17784,792765.9,141169.107174,0.17867,0.17884,0.17742,0.17784,0.17885,0.17893,0.17762,0.17793,-0.00072288,-0.0001159,-0.00034801,-0.0001159,-9.000000000000674e-05,-0.000505816894284307
1770341400000,2026-02-06T01:30:00Z,0.17784,0.17837,0.17674,0.17802,849246.2,150937.864128,0.17784,0.17834,0.17682,0.17803,0.17793,0.17843,0.17704,0.17821,-0.0001159,-0.00019064,-0.0009331,-0.00019064,-0.00018999999999999573,-0.001066157903596856
1770341700000,2026-02-06T01:35:00Z,0.17802,0.1791,0.17732,0.17836,701598.3,124991.29169,0.17803,0.17907,0.17738,0.17836,0.17821,0.17927,0.17764,0.17858,-0.00019064,-0.0007748,-0.00082217,-0.00082217,-0.00021999999999999797,-0.0012319408668383805
1770342000000,2026-02-06T01:40:00Z,0.17836,0.17917,0.17787,0.17891,1027251.8,183385.084279,0.17836,0.17916,0.17792,0.17891,0.17858,0.17935,0.17816,0.17908,-0.00082217,-0.00074341,-0.00082247,-0.00074341,-0.00016999999999997573,-0.000949296403841723
1770342300000,2026-02-06T01:45:00Z,0.17891,0.1809,0.17833,0.18052,1314686.3,236233.165429,0.17891,0.1808,0.17843,0.18053,0.17908,0.18097,0.17866,0.18077,-0.00074341,-0.00022016,-0.00097261,-0.00097261,-0.00024999999999997247,-0.0013829728384133013
1770342600000,2026-02-06T01:50:00Z,0.18052,0.18061,0.17939,0.18001,886065.9,159584.543466,0.18053,0.18055,0.17953,0.18001,0.18077,0.18077,0.17982,0.1803,-0.00097261,-0.00109694,-0.00115068,-0.00115068,-0.0002899999999999847,-0.0016084303937880463
1770342900000,2026-02-06T01:55:00Z,0.18001,0.18149,0.18001,0.18141,1388066.6,251087.811166,0.18001,0.18146,0.18001,0.18141,0.1803,0.18167,0.18029,0.1816,-0.00115068,-0.00033175,-0.00110004,-0.00033175,-0.00019000000000002348,-0.0010462555066080587
1770343200000,2026-02-06T02:00:00Z,0.18141,0.18322,0.18115,0.18275,1942632,353797.804139,0.18141,0.18318,0.18122,0.18275,0.1816,0.18342,0.18151,0.18295,-0.00033175,-0.00080327,-0.00130656,-0.00080327,-0.00020000000000000573,-0.00109319486198418
1770343500000,2026-02-06T02:05:00Z,0.18275,0.18305,0.18136,0.18188,702419.4,127905.395768,0.18275,0.18305,0.18137,0.18193,0.18295,0.18315,0.18167,0.18218,-0.00080327,-0.00034363,-0.00056605,-0.00034363,-0.00030000000000002247,-0.0016467230211879595
1770343800000,2026-02-06T02:10:00Z,0.18188,0.18188,0.17943,0.17984,855586.9,154616.363747,0.18193,0.18193,0.1795,0.17987,0.18218,0.18218,0.17974,0.18012,-0.00034363,-0.00032553,-0.00135946,-0.00135946,-0.00028000000000000247,-0.0015545192094159586
1770344100000,2026-02-06T02:15:00Z,0.17984,0.18038,0.17863,0.17869,1167573.1,209687.660031,0.17987,0.17994,0.17872,0.17872,0.18012,0.18035,0.17901,0.17901,-0.00135946,-0.00054295,-0.00070052,-0.00070052,-0.0003200000000000147,-0.0017876096307469678
1770344400000,2026-02-06T02:20:00Z,0.17869,0.17869,0.17645,0.17686,941259.1,166902.544356,0.17872,0.17872,0.17656,0.17686,0.17901,0.17901,0.17681,0.17705,-0.00070052,-0.00015531,-0.00043741,-0.00015531,-0.00019000000000002348,-0.0010731431798928182
1770344700000,2026-02-06T02:25:00Z,0.17686,0.17723,0.17634,0.17716,509652.6,90147.987734,0.17686,0.17721,0.1764,0.17716,0.17705,0.17741,0.17666,0.17736,-0.00015531,-0.00090722,-0.00117276,-0.00090722,-0.00019999999999997797,-0.0011276499774468764
1770345000000,2026-02-06T02:30:00Z,0.17716,0.17915,0.17689,0.17838,1297817.2,231094.205006,0.17716,0.17911,0.17696,0.17843,0.17736,0.17921,0.17717,0.17863,-0.00090722,-0.00029943,-0.00125493,-0.00029943,-0.0002500000000000002,-0.0013995409505682148
1770345300000,2026-02-06T02:35:00Z,0.17838,0.17951,0.17792,0.17869,732607.5,130772.130047,0.17843,0.17951,0.17797,0.17869,0.17863,0.17956,0.17819,0.17883,-0.00029943,0,-0.00141489,0,-0.00014000000000000123,-0.0007828664094391391
1770345600000,2026-02-06T02:40:00Z,0.17869,0.17888,0.17751,0.17762,605233.2,107880.926995,0.17869,0.17876,0.17765,0.1777,0.17883,0.17895,0.17786,0.17791,0,-0.00014432,-0.00044853,-0.00044853,-0.00029000000000001247,-0.0016300376594908237
1770345900000,2026-02-06T02:45:00Z,0.17762,0.17801,0.17592,0.17672,866206.7,153025.174868,0.1777,0.17798,0.17598,0.17672,0.17791,0.17809,0.17618,0.17687,-0.00044853,-0.00034675,-0.00057385,-0.00034675,-0.00015000000000001124,-0.0008480805111099182
1770346200000,2026-02-06T02:50:00Z,0.17672,0.17713,0.17497,0.17547,875707.7,154106.063699,0.17672,0.17712,0.17508,0.17547,0.17687,0.17727,0.17529,0.17567,-0.00034675,-0.00086655,-0.00088166,-0.00088166,-0.00020000000000000573,-0.0011384983207150096
1770346500000,2026-02-06T02:55:00Z,0.17547,0.1758,0.17444,0.17526,702334.6,122892.864696,0.17547,0.17563,0.17447,0.17526,0.17567,0.17579,0.17463,0.17539,-0.00088166,0,-0.00021122,-0.00021122,-0.00012999999999999123,-0.0007412053138718925
1770346800000,2026-02-06T03:00:00Z,0.17526,0.17661,0.1751,0.17594,1015431.3,178451.171005,0.17526,0.17659,0.17516,0.17602,0.17539,0.17671,0.17532,0.17621,-0.00021122,-0.00025647,-0.0008427,-0.00025647,-0.00026999999999999247,-0.0015322626411667468
1770347100000,2026-02-06T03:05:00Z,0.17594,0.17642,0.17477,0.17514,599703,105250.219136,0.17602,0.17642,0.17482,0.17514,0.17621,0.1765,0.17502,0.17529,-0.00025647,0,-0.00065804,0,-0.00015000000000001124,-0.0008557247989047364
1770347400000,2026-02-06T03:10:00Z,0.17514,0.17516,0.17387,0.17417,908352.8,158207.565379,0.17514,0.17514,0.1739,0.17417,0.17529,0.17529,0.17405,0.17433,0,-0.00040904,-0.00088259,-0.00088259,-0.00016000000000002124,-0.000917799575517818
1770347700000,2026-02-06T03:15:00Z,0.17417,0.17506,0.1739,0.17438,595970.3,103970.427139,0.17417,0.17503,0.1739,0.17438,0.17433,0.17516,0.17412,0.17446,-0.00088259,-0.00071134,-0.00109136,-0.00071134,-7.999999999999674e-05,-0.00045855783560699723
1770348000000,2026-02-06T03:20:00Z,0.17438,0.17486,0.17343,0.17362,642708.3,111880.876225,0.17438,0.17486,0.1735,0.17362,0.17446,0.17496,0.17367,0.17376,-0.00071134,-0.00045071,-0.00076781,-0.00076781,-0.00014000000000000123,-0.0008057090239410753
1770348300000,2026-02-06T03:25:00Z,0.17362,0.17476,0.17312,0.17449,664214.5,115513.448855,0.17362,0.17472,0.17323,0.17452,0.17376,0.17477,0.17339,0.17461,-0.00076781,0,-0.00032312,-0.00032312,-0.00011999999999998123,-0.0006872458622070972
1770348600000,2026-02-06T03:30:00Z,0.17449,0.1756,0.17431,0.17431,580737.6,101641.98465,0.17452,0.17558,0.17435,0.17435,0.17461,0.17566,0.17454,0.17456,-0.00032312,-0.00034598,-0.00070764,-0.00070764,-0.0002500000000000002,-0.0014321723189734202
1770348900000,2026-02-06T03:35:00Z,0.17431,0.17501,0.1742,0.17431,477755.5,83410.02478,0.17435,0.175,0.17425,0.17431,0.17456,0.1751,0.17448,0.17455,-0.00070764,-0.00063074,-0.00094912,-0.00063074,-0.00024000000000001798,-0.0013749641936408935
1770349200000,2026-02-06T03:40:00Z,0.17431,0.17442,0.17366,0.17414,312732.4,54443.075517,0.17431,0.17442,0.17372,0.17414,0.17455,0.17455,0.17393,0.17427,-0.00063074,-0.00048643,-0.0010518,-0.00048643,-0.000130000000000019,-0.0007459688988352498
1770349500000,2026-02-06T03:45:00Z,0.17414,0.17444,0.17328,0.17389,611160.3,106150.183816,0.17414,0.17444,0.17331,0.1739,0.17427,0.17455,0.17352,0.17409,-0.00048643,0,-0.00034718,0,-0.00020000000000000573,-0.0011488310643920142
1770349800000,2026-02-06T03:50:00Z,0.17389,0.17455,0.17324,0.17409,689635.7,120051.960348,0.1739,0.17455,0.17334,0.17413,0.17409,0.17467,0.17351,0.17432,0,0,-0.00070692,-0.00070692,-0.00023000000000000798,-0.0013194125745755391
1770350100000,2026-02-06T03:55:00Z,0.17409,0.17497,0.17397,0.17448,555067.6,96885.547957,0.17413,0.17497,0.17399,0.17448,0.17432,0.17513,0.17419,0.1747,-0.00070692,-0.00068873,-0.00077052,-0.00077052,-0.00021999999999999797,-0.0012593016599885402
1770350400000,2026-02-06T04:00:00Z,0.17448,0.1746,0.17352,0.17352,760833.6,132364.398575,0.17448,0.1746,0.17357,0.17357,0.1747,0.1747,0.17373,0.17373,-0.00077052,-0.00019585,-0.00021924,-0.00021924,-0.00020999999999998797,-0.0012087722327749264
1770350700000,2026-02-06T04:05:00Z,0.17352,0.17403,0.17283,0.17318,425937.5,73869.877989,0.17357,0.17403,0.17288,0.17318,0.17373,0.1741,0.17301,0.1733,-0.00021924,-0.00029556,-0.00040944,-0.00029556,-0.00012000000000000899,-0.0006924408540104384
1770351000000,2026-02-06T04:10:00Z,0.17318,0.17403,0.17265,0.17373,918935.8,159079.034901,0.17318,0.17402,0.17279,0.17373,0.1733,0.17407,0.1729,0.17375,-0.00029556,-0.00034184,-0.00061874,-0.00061874,-1.9999999999992246e-05,-0.00011510791366902013
1770351300000,2026-02-06T04:15:00Z,0.17373,0.17497,0.17362,0.17469,558020.3,97240.690458,0.17373,0.17497,0.17365,0.17475,0.17375,0.17505,0.17375,0.17489,-0.00061874,0,-0.00046461,-0.00046461,-0.00019999999999997797,-0.0011435759620331521
1770351600000,2026-02-06T04:20:00Z,0.17469,0.17607,0.17427,0.17605,575435.3,100774.041757,0.17475,0.17603,0.17432,0.17603,0.17489,0.17602,0.17448,0.17602,-0.00046461,-0.00006108,-0.00030208,-0.00030208,3.0000000000002247e-05,0.00017043517782071494
1770351900000,2026-02-06T04:25:00Z,0.17605,0.17682,0.17541,0.17602,756800.2,133246.70051,0.17603,0.1768,0.17552,0.17602,0.17602,0.17689,0.17566,0.17617,-0.00030208,-0.00066018,-0.00069701,-0.00069701,-0.00014999999999998348,-0.0008514503036838479
1770352200000,2026-02-06T04:30:00Z,0.17602,0.17635,0.17528,0.17635,546050.1,95927.191977,0.17602,0.17635,0.1754,0.17635,0.17617,0.17649,0.1756,0.17648,-0.00069701,-0.00052687,-0.00053051,-0.00052687,-0.00012999999999999123,-0.0007366273798730238
1770352500000,2026-02-06T04:35:00Z,0.17635,0.17635,0.17482,0.175,1048590.5,183703.308984,0.17635,0.17635,0.17488,0.17504,0.17648,0.17649,0.17499,0.17516,-0.00052687,-0.00009005,-0.00060125,-0.00009005,-0.00016000000000002124,-0.0009134505594885889
1770352800000,2026-02-06T04:40:00Z,0.175,0.17518,0.17436,0.17491,306269.2,53495.47895,0.17504,0.17517,0.17443,0.17491,0.17516,0.17518,0.1746,0.17496,-0.00009005,0,-0.00050721,-0.00050721,-4.999999999999449e-05,-0.0002857796067672296
1770353100000,2026-02-06T04:45:00Z,0.17491,0.1762,0.17491,0.17614,504907.3,88623.444194,0.17491,0.1762,0.17491,0.17619,0.17496,0.17633,0.17492,0.17633,-0.00050721,0,-0.00043687,0,-0.00018999999999999573,-0.0010775250949923197
1770353400000,2026-02-06T04:50:00Z,0.17614,0.17641,0.17561,0.176,394168.8,69354.52574,0.17619,0.17641,0.17566,0.176,0.17633,0.17651,0.17582,0.17615,0,-0.00006594,-0.00045979,-0.00006594,-0.00015000000000001124,-0.0008515469770082953
1770353700000,2026-02-06T04:55:00Z,0.176,0.17623,0.17578,0.176,302196.6,53174.530426,0.176,0.17623,0.1758,0.17603,0.17615,0.17633,0.17597,0.1762,-0.00006594,-0.00050726,-0.00080784,-0.00080784,-0.00020000000000000573,-0.0011350737797957192
1770354000000,2026-02-06T05:00:00Z,0.176,0.17722,0.17549,0.17711,717783.4,126729.861926,0.17603,0.1772,0.17558,0.17711,0.1762,0.1773,0.17576,0.1772,-0.00080784,-0.00007501,-0.00012144,-0.00007501,-9.000000000000674e-05,-0.000507900677200941
1770354300000,2026-02-06T05:05:00Z,0.17711,0.17863,0.177,0.17713,840451.2,149640.426264,0.17711,0.17862,0.17708,0.17713,0.1772,0.17871,0.17717,0.17723,-0.00007501,-0.00026951,-0.00084358,-0.00084358,-9.999999999998899e-05,-0.0005642385600631326
1770354600000,2026-02-06T05:10:00Z,0.17713,0.17893,0.17694,0.17836,767897.9,136696.482434,0.17713,0.17893,0.17698,0.17839,0.17723,0.17897,0.17715,0.17854,-0.00084358,0,-0.00063073,-0.00063073,-0.00018000000000001348,-0.00100817743922938
1770354900000,2026-02-06T05:15:00Z,0.17836,0.17839,0.17674,0.17735,343740.4,60970.046591,0.17839,0.17839,0.17674,0.17736,0.17854,0.17854,0.17689,0.17748,-0.00063073,0,-0.00026427,0,-0.00012999999999999123,-0.0007324768988054498
1770355200000,2026-02-06T05:20:00Z,0.17735,0.1776,0.1765,0.17664,390320.7,69124.771595,0.17736,0.1776,0.17654,0.17669,0.17748,0.17767,0.17668,0.17684,0,-0.00001595,-0.00048397,-0.00001595,-0.00020000000000000573,-0.0011309658448315186
1770355500000,2026-02-06T05:25:00Z,0.17664,0.17697,0.1761,0.17664,487489.5,86025.382233,0.17669,0.17697,0.17614,0.17671,0.17684,0.17712,0.17631,0.17688,-0.00001595,-0.00032738,-0.00046183,-0.00046183,-0.00024000000000001798,-0.0013568521031208614
1770355800000,2026-02-06T05:30:00Z,0.17664,0.17819,0.17664,0.17814,316841.1,56218.907838,0.17671,0.17817,0.17669,0.17814,0.17688,0.17823,0.17685,0.17823,-0.00046183,-0.00021047,-0.00059789,-0.00059789,-9.000000000000674e-05,-0.0005049654940246128
1770356100000,2026-02-06T05:35:00Z,0.17814,0.17855,0.17771,0.17851,440523.7,78476.056975,0.17814,0.17855,0.17781,0.17851,0.17823,0.17863,0.17792,0.17858,-0.00059789,0,-0.00012239,0,-6.999999999998674e-05,-0.0003919811849030504
1770356400000,2026-02-06T05:40:00Z,0.17851,0.1788,0.17788,0.17829,578228.6,103041.464918,0.17851,0.1788,0.17792,0.17833,0.17858,0.17882,0.17806,0.17846,0,-0.00035029,-0.00061518,-0.00061518,-0.00017000000000000348,-0.0009525944189174239
1770356700000,2026-02-06T05:45:00Z,0.17829,0.17829,0.1775,0.17796,370496.4,65890.218136,0.17833,0.17833,0.17753,0.17796,0.17846,0.17846,0.17768,0.17806,-0.00061518,0,-0.00048094,-0.00048094,-9.999999999998899e-05,-0.0005616084465909749
1770357000000,2026-02-06T05:50:00Z,0.17796,0.18025,0.17775,0.18024,1416002.3,253885.552703,0.17796,0.18024,0.17784,0.18024,0.17806,0.18037,0.17798,0.18033,-0.00048094,0,-0.00072067,-0.00072067,-8.999999999997899e-05,-0.0004990850108133921
1770357300000,2026-02-06T05:55:00Z,0.18024,0.18024,0.17835,0.17915,536342.9,96043.75167,0.18024,0.18024,0.17842,0.17915,0.18033,0.18033,0.17862,0.17927,-0.00072067,-0.00022553,-0.00049636,-0.00022553,-0.00012000000000000899,-0.0006693813800413286
1770357600000,2026-02-06T06:00:00Z,0.17915,0.18019,0.17898,0.1799,1003129.6,180318.638281,0.17915,0.18023,0.1791,0.18001,0.17927,0.18029,0.17922,0.18011,-0.00022553,0,0,0,-0.00020999999999998797,-0.0011659541391371272
1770357900000,2026-02-06T06:05:00Z,0.1799,0.18052,0.17927,0.17981,1344644.5,241908.875659,0.18001,0.18029,0.17933,0.17981,0.18011,0.18039,0.17945,0.17993,0,-0.00013225,-0.00079622,-0.00079622,-0.00012000000000000899,-0.0006669260267882453
1770358200000,2026-02-06T06:10:00Z,0.17981,0.17982,0.17892,0.17926,528373.2,94768.273147,0.17981,0.17982,0.179,0.17928,0.17993,0.17997,0.17916,0.1794,-0.00079622,-0.00013736,-0.00018494,-0.00013736,-0.00014000000000000123,-0.0007803790412486133
1770358500000,2026-02-06T06:15:00Z,0.17926,0.17935,0.17825,0.1783,433935.3,77621.536356,0.17928,0.17934,0.17834,0.17834,0.1794,0.1794,0.17848,0.17848,-0.00013736,0,-0.0005606,0,-0.00018000000000001348,-0.0010085163603765883
1770358800000,2026-02-06T06:20:00Z,0.1783,0.17892,0.17822,0.17855,399025.5,71265.292899,0.17834,0.17891,0.17831,0.17855,0.17848,0.17904,0.17846,0.17868,0,-0.0006303,-0.00076234,-0.0006303,-0.000130000000000019,-0.0007275576449519755
1770359100000,2026-02-06T06:25:00Z,0.17855,0.17855,0.17746,0.17805,802069.9,142717.356543,0.17855,0.17855,0.17756,0.17809,0.17868,0.17868,0.17769,0.17824,-0.0006303,-0.00028601,-0.00053239,-0.00053239,-0.00018999999999999573,-0.0010659784560143387
1770359400000,2026-02-06T06:30:00Z,0.17805,0.17818,0.17691,0.177,429902.2,76265.271887,0.17809,0.17817,0.17701,0.17701,0.17824,0.17825,0.17715,0.17719,-0.00053239,-0.0004371,-0.0004381,-0.0004381,-0.00018999999999999573,-0.0010722952762571012
1770359700000,2026-02-06T06:35:00Z,0.177,0.17716,0.17595,0.1761,500429.8,88315.50268,0.17701,0.17714,0.17597,0.1761,0.17719,0.17726,0.1761,0.17621,-0.0004381,-0.0002835,-0.00056132,-0.00056132,-0.00010999999999999899,-0.0006242551501049826
1770360000000,2026-02-06T06:40:00Z,0.1761,0.17642,0.17437,0.17482,1517326.3,265941.960701,0.1761,0.17641,0.17441,0.17482,0.17621,0.17648,0.17459,0.17496,-0.00056132,-0.00036949,-0.00064599,-0.00036949,-0.00014000000000000123,-0.000800182898948338
1770360300000,2026-02-06T06:45:00Z,0.17482,0.17538,0.17376,0.17398,1399499,244186.235472,0.17482,0.17537,0.17382,0.17399,0.17496,0.17547,0.17393,0.17414,-0.00036949,0,-0.00042465,0,-0.00015999999999999348,-0.0009188009647409756
1770360600000,2026-02-06T06:50:00Z,0.17398,0.17442,0.17302,0.17341,746878.3,129780.403075,0.17399,0.17442,0.17313,0.17341,0.17414,0.17451,0.17321,0.17355,0,-0.00008434,-0.0005586,-0.0005586,-0.00014000000000000123,-0.0008066839527513755
1770360900000,2026-02-06T06:55:00Z,0.17341,0.17404,0.17275,0.17332,814603.4,141142.414401,0.17341,0.17402,0.17301,0.17332,0.17355,0.17408,0.17314,0.17345,-0.0005586,-0.00011434,-0.0007269,-0.0007269,-0.00012999999999999123,-0.0007494955318535096
1770361200000,2026-02-06T07:00:00Z,0.17332,0.17346,0.17254,0.17264,943323.7,163205.894675,0.17332,0.17345,0.1726,0.17268,0.17345,0.17356,0.17275,0.17285,-0.0007269,-0.00060948,-0.00064672,-0.00064672,-0.00021000000000001573,-0.0012149262366214389
1770361500000,2026-02-06T07:05:00Z,0.17264,0.17302,0.17089,0.17111,1556464.8,267480.207504,0.17268,0.17301,0.17095,0.17111,0.17285,0.17312,0.17115,0.17127,-0.00064672,-0.00056738,-0.000669,-0.000669,-0.00015999999999999348,-0.0009341974659893354
1770361800000,2026-02-06T07:10:00Z,0.17111,0.17177,0.17099,0.17176,544285.7,93185.943141,0.17111,0.17176,0.171,0.17176,0.17127,0.17184,0.17119,0.17184,-0.000669,-0.00063605,-0.00074954,-0.00074954,-7.999999999999674e-05,-0.00046554934823089355
1770362100000,2026-02-06T07:15:00Z,0.17176,0.17186,0.17045,0.17129,904805.6,154693.689349,0.17176,0.17176,0.17051,0.17129,0.17184,0.17189,0.1707,0.17144,-0.00074954,-0.00032953,-0.00114765,-0.00114765,-0.00015000000000001124,-0.0008749416705553618
1770362400000,2026-02-06T07:20:00Z,0.17129,0.17238,0.17129,0.17194,1015919.1,174596.787788,0.17129,0.17238,0.17129,0.17195,0.17144,0.1725,0.17144,0.17203,-0.00114765,-0.00004333,-0.00069627,-0.00069627,-8.999999999997899e-05,-0.0005231645643200546
1770362700000,2026-02-06T07:25:00Z,0.17194,0.17259,0.17161,0.17257,483576.6,83188.463572,0.17195,0.17259,0.1717,0.17257,0.17203,0.17274,0.17191,0.17272,-0.00069627,-0.00053107,-0.00060912,-0.00053107,-0.00015000000000001124,-0.0008684576192682448
1770363000000,2026-02-06T07:30:00Z,0.17257,0.17377,0.17237,0.17369,575166.5,99663.374192,0.17257,0.17377,0.1724,0.17369,0.17272,0.1739,0.17259,0.17381,-0.00053107,-0.00052707,-0.00084368,-0.00052707,-0.00011999999999998123,-0.0006904090673723102
1770363300000,2026-02-06T07:35:00Z,0.17369,0.1741,0.17344,0.17398,353405,61412.811822,0.17369,0.1741,0.17355,0.17398,0.17381,0.17414,0.17372,0.17406,-0.00052707,-0.00026357,-0.00065175,-0.00065175,-7.999999999999674e-05,-0.0004596116281741741
1770363600000,2026-02-06T07:40:00Z,0.17398,0.17474,0.17346,0.17407,1106004.4,192610.092756,0.17398,0.17472,0.17358,0.17407,0.17406,0.17486,0.17376,0.17427,-0.00065175,-0.00105649,-0.00136297,-0.00105649,-0.00020000000000000573,-0.0011476444597464035
1770363900000,2026-02-06T07:45:00Z,0.17407,0.17479,0.17374,0.17374,429012.5,74833.564125,0.17407,0.17479,0.17396,0.17396,0.17427,0.17491,0.17413,0.17413,-0.00105649,-0.00041304,-0.00046285,-0.00041304,-0.00039000000000000146,-0.0022397059668064173
1770364200000,2026-02-06T07:50:00Z,0.17374,0.1741,0.17315,0.17332,506635.8,87999.50483,0.17396,0.17409,0.17317,0.17332,0.17413,0.1743,0.17343,0.17354,-0.00041304,-0.0004923,-0.0006698,-0.0004923,-0.00021999999999999797,-0.0012677192578079864
1770364500000,2026-02-06T07:55:00Z,0.17332,0.17376,0.17289,0.17336,331532.8,57459.518516,0.17332,0.17376,0.17303,0.17336,0.17354,0.17395,0.1733,0.17351,-0.0004923,-0.00027896,-0.00086123,-0.00027896,-0.00015000000000001124,-0.0008645034868307949
1770364800000,2026-02-06T08:00:00Z,0.17336,0.17378,0.17226,0.1727,621215.7,107458.783863,0.17336,0.17378,0.17231,0.1727,0.17351,0.1739,0.17255,0.17286,-0.00027896,-0.00062819,-0.00074801,-0.00074801,-0.00016000000000002124,-0.0009256045354623466
1770365100000,2026-02-06T08:05:00Z,0.1727,0.17406,0.1727,0.17404,785697.3,136349.780641,0.1727,0.17409,0.1727,0.17404,0.17286,0.17427,0.17286,0.17416,-0.00074801,-0.00043385,-0.00188704,-0.00188704,-0.00012000000000000899,-0.0006890215893431843
1770365400000,2026-02-06T08:10:00Z,0.17404,0.17404,0.17303,0.17309,479770.6,83265.120353,0.17404,0.17404,0.17307,0.17309,0.17416,0.17416,0.17331,0.17331,-0.00188704,-0.00071104,-0.0011733,-0.00071104,-0.00021999999999999797,-0.0012694016502221336
1770365700000,2026-02-06T08:15:00Z,0.17309,0.17318,0.17105,0.17164,835811.7,143675.120757,0.17309,0.17318,0.17108,0.17164,0.17331,0.17332,0.17127,0.17178,-0.00071104,-0.00086463,-0.00091655,-0.00086463,-0.00014000000000000123,-0.0008149959250203821
1770366000000,2026-02-06T08:20:00Z,0.17164,0.17246,0.1715,0.17161,585852.5,100772.988433,0.17164,0.17245,0.17153,0.17163,0.17178,0.17259,0.17169,0.17185,-0.00086463,-0.0005794,-0.00096134,-0.00096134,-0.00023999999999999022,-0.0013965667733487938
1770366300000,2026-02-06T08:25:00Z,0.17161,0.17256,0.17122,0.17156,1082060.3,186059.618719,0.17163,0.17255,0.17128,0.17156,0.17185,0.17269,0.17148,0.17174,-0.00096134,-0.00058148,-0.00102224,-0.00102224,-0.00018000000000001348,-0.001048095959007881
1770366600000,2026-02-06T08:30:00Z,0.17156,0.17175,0.17048,0.17078,907882.1,155360.350513,0.17156,0.17175,0.17057,0.17081,0.17174,0.17191,0.17077,0.17102,-0.00102224,-0.00062154,-0.00083534,-0.00083534,-0.00024000000000001798,-0.0014033446380541338
1770366900000,2026-02-06T08:35:00Z,0.17078,0.17201,0.17067,0.17169,370256.2,63489.362425,0.17081,0.17201,0.17071,0.1717,0.17102,0.17216,0.17092,0.1719,-0.00083534,-0.0002368,-0.00065239,-0.00065239,-0.00020999999999998797,-0.0012216404886561255
1770367200000,2026-02-06T08:40:00Z,0.17169,0.17169,0.17004,0.17075,806764,137720.420952,0.1717,0.1717,0.17011,0.17075,0.1719,0.1719,0.17029,0.17083,-0.00065239,-0.00013188,-0.0008205,-0.00013188,-7.999999999999674e-05,-0.00046830182052330817
1770367500000,2026-02-06T08:45:00Z,0.17075,0.17169,0.17058,0.17161,462971.4,79251.919251,0.17075,0.17169,0.1706,0.17165,0.17083,0.17173,0.17074,0.17173,-0.00013188,0,-0.00029448,-0.00029448,-0.00011999999999998123,-0.0006987713270831027
1770367800000,2026-02-06T08:50:00Z,0.17161,0.17201,0.17112,0.17124,460445.4,79029.54585,0.17165,0.17196,0.17121,0.17129,0.17173,0.17199,0.17128,0.17137,-0.00029448,0,0,0,-0.00012999999999999123,-0.000758592519110645
1770368100000,2026-02-06T08:55:00Z,0.17124,0.17175,0.17098,0.17117,283180,48510.20641,0.17129,0.17174,0.17101,0.17117,0.17137,0.17175,0.17113,0.17129,0,0,-0.0004023,-0.0004023,-0.00012000000000000899,-0.0007005662910853464
1770368400000,2026-02-06T09:00:00Z,0.17117,0.17161,0.17102,0.17131,271871.8,46576.194352,0.17117,0.17161,0.17105,0.17131,0.17129,0.17171,0.17116,0.1714,-0.0004023,0,-0.00017948,0,-9.000000000000674e-05,-0.0005250875145858036
1770368700000,2026-02-06T09:05:00Z,0.17131,0.1717,0.17078,0.17143,475018.3,81311.645562,0.17131,0.1717,0.17078,0.17142,0.1714,0.17181,0.17092,0.17149,0,-0.00026788,-0.00049384,-0.00026788,-6.0000000000004494e-05,-0.00034987462825823365
1770369000000,2026-02-06T09:10:00Z,0.17143,0.17156,0.17067,0.17113,604232.2,103390.031972,0.17142,0.17155,0.17072,0.17115,0.17149,0.17166,0.1709,0.17133,-0.00026788,-0.00030717,-0.00061098,-0.00061098,-0.00020000000000000573,-0.001167337885951122
1770369300000,2026-02-06T09:15:00Z,0.17113,0.17142,0.17053,0.17106,666376.7,113892.459196,0.17115,0.17141,0.17065,0.17106,0.17133,0.17146,0.17079,0.17119,-0.00061098,-0.00078577,-0.00079861,-0.00079861,-0.000130000000000019,-0.0007593901512939949
1770369600000,2026-02-06T09:20:00Z,0.17106,0.17205,0.17059,0.17176,1124047.9,192612.576716,0.17106,0.172,0.17065,0.17176,0.17119,0.17212,0.17082,0.17187,-0.00079861,-0.00051839,-0.00069417,-0.00069417,-0.00010999999999999899,-0.0006400186187234479
1770369900000,2026-02-06T09:25:00Z,0.17176,0.17176,0.17084,0.17152,648837.3,111212.845239,0.17176,0.17176,0.1709,0.17155,0.17187,0.17187,0.17104,0.17169,-0.00069417,0,-0.00035685,0,-0.00017000000000000348,-0.000990156677733144
1770370200000,2026-02-06T09:30:00Z,0.17152,0.17342,0.17119,0.17331,999900.4,172469.266831,0.17155,0.17342,0.1713,0.17331,0.17169,0.1735,0.17146,0.1734,0,0,-0.00074936,-0.00074936,-9.000000000000674e-05,-0.000519031141868551
1770370500000,2026-02-06T09:35:00Z,0.17331,0.17411,0.17313,0.17371,714462.2,124095.224448,0.17331,0.17411,0.1733,0.17371,0.1734,0.17419,0.17336,0.17381,-0.00074936,-0.00031852,-0.00069414,-0.00031852,-9.999999999998899e-05,-0.0005753408894769518
1770370800000,2026-02-06T09:40:00Z,0.17371,0.17498,0.17345,0.17489,841201.9,146540.860794,0.17371,0.17498,0.17352,0.17497,0.17381,0.17508,0.17361,0.17508,-0.00031852,0,-0.00085827,0,-0.00019000000000002348,-0.001085218185972261
1770371100000,2026-02-06T09:45:00Z,0.17489,0.17718,0.17454,0.17693,943270.1,165819.226971,0.17497,0.17717,0.1746,0.17695,0.17508,0.17728,0.17477,0.17705,0,0,-0.0002437,0,-0.00012000000000000899,-0.0006777746399322732
1770371400000,2026-02-06T09:50:00Z,0.17693,0.17824,0.17692,0.17799,1183612.2,210333.395942,0.17695,0.1782,0.17695,0.17803,0.17705,0.17837,0.17705,0.1782,0,0,-0.00022762,-0.00022762,-0.00020999999999998797,-0.001178451178451111
1770371700000,2026-02-06T09:55:00Z,0.17799,0.17875,0.17766,0.1783,400134.6,71291.895703,0.17803,0.17875,0.17775,0.17835,0.1782,0.1788,0.17792,0.1785,-0.00022762,-0.00005426,-0.00054606,-0.00005426,-0.00020000000000000573,-0.001120448179271741
1770372000000,2026-02-06T10:00:00Z,0.1783,0.17905,0.17747,0.17773,1106969.8,197332.438322,0.17835,0.17899,0.17757,0.17773,0.1785,0.17913,0.17777,0.17791,-0.00005426,0,-0.00003767,0,-0.00018000000000001348,-0.00101174751278744
1770372300000,2026-02-06T10:05:00Z,0.17773,0.17882,0.17771,0.17882,512928.6,91369.747555,0.17773,0.17882,0.17771,0.17882,0.17791,0.17884,0.1779,0.17884,0,-0.0002082,-0.00086576,-0.00086576,-1.9999999999992246e-05,-0.00011183180496528878
1770372600000,2026-02-06T10:10:00Z,0.17882,0.1789,0.17718,0.17798,784514.4,139506.586468,0.17882,0.1789,0.17726,0.17798,0.17884,0.17896,0.17749,0.17811,-0.00086576,-0.00022943,-0.00047716,-0.00022943,-0.00012999999999999123,-0.0007298860254898166
1770372900000,2026-02-06T10:15:00Z,0.17798,0.18002,0.17798,0.18002,1070383,191770.339932,0.17798,0.18002,0.17798,0.18002,0.17811,0.18017,0.17811,0.18017,-0.00022943,0,-0.00039587,-0.00039587,-0.00014999999999998348,-0.0008325470389076066
1770373200000,2026-02-06T10:20:00Z,0.18002,0.18125,0.17933,0.17989,1235409.2,222734.988778,0.18002,0.18115,0.17943,0.17989,0.18017,0.18135,0.17963,0.17998,-0.00039587,-0.00075768,-0.00103078,-0.00103078,-9.000000000000674e-05,-0.0005000555617291184
1770373500000,2026-02-06T10:25:00Z,0.17989,0.18094,0.17988,0.18015,610648.6,110266.148957,0.17989,0.18086,0.17988,0.18015,0.17998,0.18096,0.17998,0.1802,-0.00103078,-0.00046619,-0.00058974,-0.00058974,-4.999999999999449e-05,-0.0002774694783573501
1770373800000,2026-02-06T10:30:00Z,0.18015,0.18092,0.17964,0.18068,527835.6,95095.683843,0.18015,0.18092,0.17968,0.1807,0.1802,0.18097,0.17987,0.18083,-0.00058974,0,-0.00068771,-0.00068771,-0.00014999999999998348,-0.0008295083780345268
1770374100000,2026-02-06T10:35:00Z,0.18068,0.18119,0.18018,0.18037,591312.9,106857.83627,0.1807,0.18119,0.18031,0.18042,0.18083,0.18132,0.18049,0.18062,-0.00068771,0,-0.00116891,0,-0.0002500000000000002,-0.001384121359760825
1770374400000,2026-02-06T10:40:00Z,0.18037,0.18071,0.18017,0.18028,200819.3,36235.598582,0.18042,0.18071,0.18017,0.18028,0.18062,0.18085,0.18036,0.1804,0,-0.00100746,-0.00111216,-0.00100746,-0.00012000000000000899,-0.0006651884700665686
1770374700000,2026-02-06T10:45:00Z,0.18028,0.18047,0.17996,0.18033,257575,46421.347749,0.18028,0.18052,0.18002,0.18041,0.1804,0.18067,0.18023,0.18058,-0.00100746,-0.0000809,-0.00035979,-0.00035979,-0.0002500000000000002,-0.0013844279543692559
1770375000000,2026-02-06T10:50:00Z,0.18033,0.18093,0.18008,0.18079,356049.1,64220.212138,0.18041,0.18093,0.18008,0.18079,0.18058,0.18103,0.18025,0.18097,-0.00035979,-0.00061483,-0.00073605,-0.00073605,-0.00017999999999998573,-0.000994639995579299
1770375300000,2026-02-06T10:55:00Z,0.18079,0.18198,0.18079,0.18189,733357.7,133165.378745,0.18079,0.18198,0.18079,0.18191,0.18097,0.18205,0.18097,0.18205,-0.00073605,-0.00028435,-0.00060666,-0.00028435,-0.00015999999999999348,-0.0008788794287283355
1770375600000,2026-02-06T11:00:00Z,0.18189,0.18191,0.18115,0.18142,407385.4,73930.298894,0.18191,0.18191,0.18127,0.18142,0.18205,0.18205,0.18146,0.18163,-0.00028435,-0.00079893,-0.0008081,-0.0008081,-0.00021000000000001573,-0.0011561966635468574
1770375900000,2026-02-06T11:05:00Z,0.18142,0.18185,0.18141,0.18151,287806.3,52274.826326,0.18142,0.18185,0.18142,0.18152,0.18163,0.18205,0.18162,0.18177,-0.0008081,-0.00063205,-0.00083002,-0.00083002,-0.00025999999999998247,-0.0014303790504482724
1770376200000,2026-02-06T11:10:00Z,0.18151,0.18218,0.18149,0.18205,313058.9,56941.763805,0.18152,0.18219,0.18152,0.1821,0.18177,0.18243,0.18176,0.1823,-0.00083002,-0.00076083,-0.00101148,-0.00076083,-0.0002500000000000002,-0.0013713658804168965
1770376500000,2026-02-06T11:15:00Z,0.18205,0.18264,0.18101,0.18155,711421.9,129352.084346,0.1821,0.18251,0.18107,0.18155,0.1823,0.18275,0.18135,0.18177,-0.00076083,-0.00037636,-0.00149347,-0.00149347,-0.00021999999999999797,-0.0012103207349947625
1770376800000,2026-02-06T11:20:00Z,0.18155,0.18185,0.18105,0.18153,221009.6,40098.863163,0.18155,0.18185,0.1811,0.18157,0.18177,0.18201,0.18134,0.1818,-0.00149347,-0.00035111,-0.0005982,-0.00035111,-0.00026999999999999247,-0.0014851485148514438
1770377100000,2026-02-06T11:25:00Z,0.18153,0.18207,0.18129,0.18205,285724.7,51925.847836,0.18157,0.18207,0.18138,0.18205,0.1818,0.18228,0.18161,0.18223,-0.00035111,-0.00035677,-0.0006971,-0.00035677,-0.00018000000000001348,-0.0009877627174450611
1770377400000,2026-02-06T11:30:00Z,0.18205,0.18281,0.18191,0.18244,656290.6,119708.161224,0.18205,0.18281,0.18196,0.18244,0.18223,0.18288,0.18216,0.18259,-0.00035677,0,-0.00025105,-0.00025105,-0.00015000000000001124,-0.0008215126786790692
1770377700000,2026-02-06T11:35:00Z,0.18244,0.18334,0.1821,0.18266,615935.6,112589.474546,0.18244,0.18334,0.1821,0.18266,0.18259,0.18345,0.18228,0.18283,-0.00025105,0,-0.00094849,0,-0.00017000000000000348,-0.0009298255209757889
1770378000000,2026-02-06T11:40:00Z,0.18266,0.1829,0.18233,0.1827,217590.7,39730.618726,0.18266,0.18285,0.18235,0.1827,0.18283,0.183,0.18253,0.18287,0,-0.00059502,-0.00127786,-0.00059502,-0.00017000000000000348,-0.0009296221359435854
1770378300000,2026-02-06T11:45:00Z,0.1827,0.18279,0.18206,0.18261,384885.4,70177.563345,0.1827,0.18279,0.18213,0.18262,0.18287,0.18296,0.18236,0.18283,-0.00059502,-0.00028202,-0.00042583,-0.00042583,-0.00021999999999999797,-0.001203303615380397
1770378600000,2026-02-06T11:50:00Z,0.18261,0.18393,0.18261,0.18313,818216.3,150115.035523,0.18262,0.18386,0.18262,0.18318,0.18283,0.18405,0.18279,0.18338,-0.00042583,-0.00017211,-0.00058942,-0.00017211,-0.0002500000000000002,-0.0013632893445304844
1770378900000,2026-02-06T11:55:00Z,0.18313,0.18338,0.18261,0.18305,495269.2,90657.496871,0.18318,0.18338,0.18268,0.18305,0.18338,0.1836,0.18291,0.18328,-0.00017211,-0.00072692,-0.00127832,-0.00072692,-0.00023000000000000798,-0.001254910519423876
1770379200000,2026-02-06T12:00:00Z,0.18305,0.18305,0.18205,0.18205,879069.3,160347.346561,0.18305,0.18305,0.18212,0.18212,0.18328,0.18328,0.18241,0.18241,-0.00072692,-0.00104993,-0.00106393,-0.00106393,-0.0003599999999999992,-0.001973576010087162
1770379500000,2026-02-06T12:05:00Z,0.18205,0.18336,0.18182,0.18299,512313,93552.882609,0.18212,0.18336,0.18184,0.18299,0.18241,0.1835,0.18213,0.18311,-0.00106393,-0.00046129,-0.00130966,-0.00130966,-0.00011999999999998123,-0.0006553437824257617
1770379800000,2026-02-06T12:10:00Z,0.18299,0.18351,0.18248,0.18321,544453.1,99598.928149,0.18299,0.18348,0.18254,0.18335,0.18311,0.18363,0.18274,0.18352,-0.00130966,0,-0.0005158,0,-0.00030999999999997696,-0.0016891891891890637
1770380100000,2026-02-06T12:15:00Z,0.18321,0.1836,0.1826,0.18344,867362.3,158836.788447,0.18335,0.18353,0.18261,0.18344,0.18352,0.18361,0.1828,0.18357,0,-0.00017716,-0.00032938,-0.00017716,-0.000130000000000019,-0.0007081767173286429
1770380400000,2026-02-06T12:20:00Z,0.18344,0.18427,0.18324,0.18402,611920.3,112561.706256,0.18344,0.18427,0.18331,0.18402,0.18357,0.18439,0.18344,0.18416,-0.00017716,0,-0.00050711,-0.00050711,-0.00014000000000000123,-0.0007602085143353673
1770380700000,2026-02-06T12:25:00Z,0.18402,0.18422,0.18371,0.18396,317284,58376.666982,0.18402,0.18422,0.18381,0.18396,0.18416,0.1843,0.18397,0.18409,-0.00050711,0,-0.00084289,-0.00084289,-0.00012999999999999123,-0.0007061763267966279
1770381000000,2026-02-06T12:30:00Z,0.18396,0.1843,0.18363,0.18404,691396,127209.709216,0.18396,0.18426,0.18373,0.18411,0.18409,0.18435,0.18391,0.1843,-0.00084289,-0.00031033,-0.00063403,-0.00063403,-0.00025999999999998247,-0.0014107433532283369
1770381300000,2026-02-06T12:35:00Z,0.18404,0.18432,0.18401,0.18412,161010.9,29657.616944,0.18411,0.18432,0.18402,0.18414,0.1843,0.18444,0.18422,0.18433,-0.00063403,-0.00033788,-0.0007432,-0.0007432,-0.00020999999999998797,-0.0011392611077957358
1770381600000,2026-02-06T12:40:00Z,0.18412,0.18439,0.18396,0.18422,240689.5,44335.348898,0.18414,0.18439,0.18402,0.18424,0.18433,0.18455,0.18422,0.18445,-0.0007432,-0.00042463,-0.00042905,-0.00042905,-0.00023000000000000798,-0.0012469503930604931
1770381900000,2026-02-06T12:45:00Z,0.18422,0.18446,0.18309,0.1834,629013.5,115554.346203,0.18424,0.18443,0.18317,0.18348,0.18445,0.18464,0.18343,0.18373,-0.00042905,-0.00083583,-0.00125768,-0.00125768,-0.00032999999999999696,-0.0017961138627333422
1770382200000,2026-02-06T12:50:00Z,0.1834,0.18377,0.1831,0.18346,350286.2,64247.027277,0.18348,0.1837,0.18314,0.18347,0.18373,0.18388,0.18337,0.18369,-0.00125768,-0.00026696,-0.00111091,-0.00026696,-0.00022999999999998022,-0.0012521095323642017
1770382500000,2026-02-06T12:55:00Z,0.18346,0.18381,0.18346,0.18366,196211.4,36041.11837,0.18347,0.18381,0.18347,0.18366,0.18369,0.18399,0.18367,0.18386,-0.00026696,-0.00057733,-0.00067619,-0.00057733,-0.00020000000000000573,-0.0010877841836180013
1770382800000,2026-02-06T13:00:00Z,0.18366,0.18475,0.18311,0.18459,563251.8,103565.062359,0.18366,0.18467,0.18321,0.18461,0.18386,0.18489,0.18345,0.18482,-0.00057733,-0.00007694,-0.00040762,-0.00007694,-0.00023000000000000798,-0.0012444540634130937
1770383100000,2026-02-06T13:05:00Z,0.18459,0.18467,0.18376,0.18392,471496.7,86863.011559,0.18461,0.18469,0.18382,0.184,0.18482,0.18491,0.18394,0.18418,-0.00007694,-0.00032706,-0.0003728,-0.0003728,-0.0002600000000000102,-0.0014116625040721587
1770383400000,2026-02-06T13:10:00Z,0.18392,0.18414,0.18329,0.18379,576498,105953.576827,0.184,0.18414,0.18329,0.18379,0.18418,0.18429,0.18352,0.18398,-0.0003728,-0.00089169,-0.00094804,-0.00089169,-0.00018999999999999573,-0.0010327209479290996
1770383700000,2026-02-06T13:15:00Z,0.18379,0.18425,0.18281,0.18425,601065.9,110131.635457,0.18379,0.18425,0.18286,0.18425,0.18398,0.18433,0.1831,0.18433,-0.00089169,-0.00018869,-0.00065397,-0.00065397,-7.999999999999674e-05,-0.00043400423154123984
1770384000000,2026-02-06T13:20:00Z,0.18425,0.18612,0.1842,0.18554,1609042.7,298330.985609,0.18425,0.18592,0.18425,0.18561,0.18433,0.186,0.18433,0.18575,-0.00065397,0,-0.00034318,0,-0.00020999999999998797,-0.0011305518169582125
1770384300000,2026-02-06T13:25:00Z,0.18554,0.18556,0.18436,0.18491,368881.3,68126.335562,0.18561,0.18561,0.18444,0.18491,0.18575,0.18575,0.18467,0.185,0,-0.00045128,-0.00075189,-0.00075189,-9.000000000000674e-05,-0.00048648648648652294
1770384600000,2026-02-06T13:30:00Z,0.18491,0.18587,0.18471,0.18572,414658.8,76852.355649,0.18491,0.18586,0.18476,0.18572,0.185,0.18594,0.18499,0.18578,-0.00075189,0,-0.00087242,0,-6.0000000000004494e-05,-0.0003229626439875363
1770384900000,2026-02-06T13:35:00Z,0.18572,0.1864,0.18546,0.18605,506214,94097.670508,0.18572,0.1864,0.18556,0.18607,0.18578,0.18651,0.18569,0.18625,0,-0.00027055,-0.00039322,-0.00027055,-0.00020000000000000573,-0.0010738255033557354
1770385200000,2026-02-06T13:40:00Z,0.18605,0.18677,0.18585,0.18633,679794,126720.383507,0.18607,0.18676,0.1859,0.18633,0.18625,0.18688,0.18609,0.18656,-0.00027055,-0.00062891,-0.0007294,-0.00062891,-0.00023000000000000798,-0.0012328473413379501
1770385500000,2026-02-06T13:45:00Z,0.18633,0.1865,0.18598,0.18647,290564.2,54106.011599,0.18633,0.1865,0.18607,0.18647,0.18656,0.18672,0.18632,0.18671,-0.00062891,-0.00052582,-0.0006734,-0.0006734,-0.00023999999999999022,-0.001285415885597934
1770385800000,2026-02-06T13:50:00Z,0.18647,0.18668,0.18538,0.18637,661471.3,123065.884711,0.18647,0.18666,0.18544,0.18637,0.18671,0.18688,0.18573,0.1866,-0.0006734,-0.00081037,-0.00084223,-0.00081037,-0.00022999999999998022,-0.001232583065380387
1770386100000,2026-02-06T13:55:00Z,0.18637,0.18658,0.18579,0.18584,233154.5,43420.141844,0.18637,0.18657,0.18581,0.18584,0.1866,0.1868,0.1861,0.18612,-0.00081037,-0.00072709,-0.00111816,-0.00111816,-0.00028000000000000247,-0.001504405759724922
1770386400000,2026-02-06T14:00:00Z,0.18584,0.18636,0.18545,0.18564,302455.6,56219.603888,0.18584,0.18636,0.18554,0.18564,0.18612,0.18658,0.1858,0.18585,-0.00111816,-0.00061357,-0.0011615,-0.0011615,-0.00020999999999998797,-0.0011299435028247942
1770386700000,2026-02-06T14:05:00Z,0.18564,0.18612,0.18521,0.18603,234562.3,43529.202458,0.18564,0.18604,0.18529,0.18603,0.18585,0.1862,0.18555,0.1862,-0.0011615,-0.00025469,-0.00103808,-0.00025469,-0.00017000000000000348,-0.0009129967776584505
1770387000000,2026-02-06T14:10:00Z,0.18603,0.18634,0.18538,0.18626,307471.2,57137.405317,0.18603,0.18634,0.18554,0.18626,0.1862,0.18648,0.18576,0.1864,-0.00025469,-0.0002166,-0.00031816,-0.0002166,-0.00014000000000000123,-0.0007510729613733971
1770387300000,2026-02-06T14:15:00Z,0.18626,0.18626,0.18551,0.18571,217394.6,40400.853399,0.18626,0.18626,0.18554,0.18571,0.1864,0.1864,0.18576,0.18589,-0.0002166,-0.00040571,-0.00082976,-0.00040571,-0.00018000000000001348,-0.0009683145946528241
1770387600000,2026-02-06T14:20:00Z,0.18571,0.18579,0.18494,0.18513,501032.4,92849.730536,0.18571,0.18579,0.18503,0.18522,0.18589,0.18593,0.18521,0.1854,-0.00040571,-0.00026747,-0.00029696,-0.00026747,-0.0002700000000000202,-0.0014563106796117596
1770387900000,2026-02-06T14:25:00Z,0.18513,0.18688,0.1851,0.18679,323625.9,60234.886737,0.18522,0.18682,0.18516,0.18679,0.1854,0.18684,0.18534,0.18684,-0.00026747,-0.0000966,-0.00024746,-0.00024746,-4.999999999999449e-05,-0.0002676086491115098
1770388200000,2026-02-06T14:30:00Z,0.18679,0.19014,0.1867,0.18932,2366500.8,445382.971867,0.18679,0.19012,0.18672,0.18934,0.18684,0.19016,0.18683,0.18948,-0.00024746,-0.00022172,-0.00033056,-0.00022172,-0.00016000000000002124,-0.0008444162972346486
1770388500000,2026-02-06T14:35:00Z,0.18932,0.19149,0.18877,0.19085,2292950.5,435642.426324,0.18934,0.19144,0.18883,0.19085,0.18948,0.1916,0.18896,0.19102,-0.00022172,-0.0001832,-0.00056405,-0.00056405,-0.00017000000000000348,-0.000889959166579434
1770388800000,2026-02-06T14:40:00Z,0.19085,0.1913,0.19003,0.19112,806481.6,153744.166963,0.19085,0.19127,0.19015,0.19112,0.19102,0.1913,0.19037,0.1913,-0.00056405,-0.00005744,-0.00029275,-0.00005744,-0.00017999999999998573,-0.0009409304756925548
1770389100000,2026-02-06T14:45:00Z,0.19112,0.19242,0.1898,0.18998,1745556.4,334060.010604,0.19112,0.19239,0.18993,0.18998,0.1913,0.19257,0.1901,0.19016,-0.00005744,-0.00030756,-0.00103279,-0.00030756,-0.00017999999999998573,-0.0009465713083718223
1770389400000,2026-02-06T14:50:00Z,0.18998,0.1909,0.18919,0.19002,772675,146849.555141,0.18998,0.1909,0.18945,0.19002,0.19016,0.19106,0.18963,0.1902,-0.00030756,-0.00000256,-0.00107438,-0.00107438,-0.00018000000000001348,-0.0009463722397477049
1770389700000,2026-02-06T14:55:00Z,0.19002,0.19107,0.18915,0.19049,646736.3,122822.124971,0.19002,0.19107,0.18921,0.19049,0.1902,0.19127,0.18945,0.19069,-0.00107438,-0.00022518,-0.00024638,-0.00022518,-0.00020000000000000573,-0.001048822696523183
1770390000000,2026-02-06T15:00:00Z,0.19049,0.19055,0.18885,0.18927,916519.1,173694.466904,0.19049,0.19051,0.189,0.18933,0.19069,0.19077,0.18926,0.18961,-0.00022518,-0.00101266,-0.00105902,-0.00101266,-0.00034000000000000696,-0.0017931543694953164
1770390300000,2026-02-06T15:05:00Z,0.18927,0.18967,0.18803,0.18879,669788.8,126467.921197,0.18933,0.18964,0.18806,0.18888,0.18961,0.18984,0.18825,0.1891,-0.00101266,-0.00018523,-0.00024038,-0.00018523,-0.00030999999999997696,-0.0016393442622949603
1770390600000,2026-02-06T15:10:00Z,0.18879,0.18965,0.18767,0.18772,791792.8,149497.360788,0.18888,0.18966,0.18768,0.18772,0.1891,0.18989,0.18797,0.18798,-0.00018523,-0.00093187,-0.00112598,-0.00112598,-0.0002600000000000102,-0.0013831258644537196
1770390900000,2026-02-06T15:15:00Z,0.18772,0.18924,0.18752,0.18869,453814.5,85519.651829,0.18772,0.18924,0.18762,0.18869,0.18798,0.18939,0.1879,0.18885,-0.00112598,-0.00015983,-0.00090122,-0.00090122,-0.00015999999999999348,-0.0008472332539051814
1770391200000,2026-02-06T15:20:00Z,0.18869,0.18968,0.18837,0.18942,597096,112844.418531,0.18869,0.18967,0.18849,0.18942,0.18885,0.18982,0.1887,0.1896,-0.00090122,-0.0003804,-0.00052831,-0.0003804,-0.00017999999999998573,-0.0009493670886075197
1770391500000,2026-02-06T15:25:00Z,0.18942,0.18961,0.18838,0.18886,267242.1,50473.410791,0.18942,0.18961,0.18839,0.18886,0.1896,0.18976,0.18859,0.18906,-0.0003804,-0.00068511,-0.00069851,-0.00068511,-0.00020000000000000573,-0.001057865227969987
1770391800000,2026-02-06T15:30:00Z,0.18886,0.1896,0.18862,0.18952,390035.8,73764.068063,0.18886,0.18961,0.1887,0.18955,0.18906,0.18988,0.18893,0.18981,-0.00068511,-0.00074377,-0.00091851,-0.00091851,-0.00029000000000001247,-0.0015278436331068567
1770392100000,2026-02-06T15:35:00Z,0.18952,0.19043,0.189,0.19022,522884.2,99108.739324,0.18955,0.19042,0.18908,0.19022,0.18981,0.19065,0.18939,0.1905,-0.00091851,-0.00081983,-0.00132807,-0.00132807,-0.00028000000000000247,-0.0014698162729658922
1770392400000,2026-02-06T15:40:00Z,0.19022,0.19025,0.18937,0.18977,397449.4,75415.727082,0.19022,0.19022,0.18941,0.18977,0.1905,0.1905,0.1897,0.18999,-0.00132807,-0.00083301,-0.00130327,-0.00083301,-0.00021999999999999797,-0.001157955681877983
1770392700000,2026-02-06T15:45:00Z,0.18977,0.19075,0.18949,0.19021,507315.5,96450.417196,0.18977,0.19071,0.18953,0.19024,0.18999,0.1909,0.18981,0.19052,-0.00083301,-0.00003479,-0.00059252,-0.00059252,-0.0003100000000000047,-0.0016271257610749777
1770393000000,2026-02-06T15:50:00Z,0.19021,0.19021,0.18914,0.18928,571056.3,108266.762549,0.19024,0.19024,0.18916,0.18928,0.19052,0.19052,0.18937,0.18957,-0.00059252,-0.00124391,-0.00143405,-0.00143405,-0.0002899999999999847,-0.001529777918446931
1770393300000,2026-02-06T15:55:00Z,0.18928,0.19026,0.18914,0.18974,252740,47976.143497,0.18928,0.19026,0.18916,0.18974,0.18957,0.19046,0.18945,0.19,-0.00143405,-0.00061277,-0.00091116,-0.00091116,-0.0002600000000000102,-0.0013684210526316326
1770393600000,2026-02-06T16:00:00Z,0.18974,0.1905,0.18893,0.19043,754187.1,143065.151788,0.18974,0.1905,0.18897,0.19042,0.19,0.1907,0.18926,0.19066,-0.00091116,-0.00050993,-0.00104164,-0.00050993,-0.00023000000000000798,-0.0012063358858701771
1770393900000,2026-02-06T16:05:00Z,0.19043,0.19196,0.19036,0.19186,608981.3,116353.481103,0.19042,0.19196,0.19039,0.19189,0.19066,0.19209,0.19064,0.19209,-0.00050993,-0.00017587,-0.0005118,-0.00017587,-0.00023000000000000798,-0.0011973554063199957
1770394200000,2026-02-06T16:10:00Z,0.19186,0.19253,0.19164,0.19235,574530.7,110353.757297,0.19189,0.19248,0.19168,0.19235,0.19209,0.19268,0.1919,0.19262,-0.00017587,-0.00095727,-0.0013396,-0.0013396,-0.0002700000000000202,-0.0014017236008722885
1770394500000,2026-02-06T16:15:00Z,0.19235,0.19266,0.19175,0.19263,594110.3,114190.054153,0.19235,0.19266,0.1918,0.19263,0.19262,0.19287,0.19207,0.19284,-0.0013396,-0.00082684,-0.00082784,-0.00082784,-0.00021000000000001573,-0.0010889856876167585
1770394800000,2026-02-06T16:20:00Z,0.19263,0.19351,0.19241,0.19318,796624.4,153732.653836,0.19263,0.19349,0.19249,0.19322,0.19284,0.19366,0.19272,0.19344,-0.00082784,-0.00068232,-0.00099498,-0.00068232,-0.0002600000000000102,-0.0013440860215054291
1770395100000,2026-02-06T16:25:00Z,0.19318,0.19477,0.19286,0.19409,996652.7,193331.04561,0.19322,0.19472,0.19288,0.19409,0.19344,0.19483,0.19311,0.19424,-0.00068232,-0.00096288,-0.00105897,-0.00096288,-0.00014999999999998348,-0.0007722405271827815
1770395400000,2026-02-06T16:30:00Z,0.19409,0.19497,0.19369,0.19494,929623.5,180668.641832,0.19409,0.19494,0.19377,0.19494,0.19424,0.1952,0.19403,0.1952,-0.00096288,-0.00067282,-0.00077564,-0.00077564,-0.0002600000000000102,-0.0013319672131148065
1770395700000,2026-02-06T16:35:00Z,0.19494,0.1955,0.19469,0.195,727496.8,141927.717655,0.19494,0.19554,0.19477,0.195,0.1952,0.19582,0.19506,0.19527,-0.00077564,-0.00074202,-0.0010849,-0.00074202,-0.00026999999999999247,-0.001382700875710516
1770396000000,2026-02-06T16:40:00Z,0.195,0.19501,0.19412,0.19477,658791,128159.685522,0.195,0.195,0.19417,0.19477,0.19527,0.19528,0.1945,0.19495,-0.00074202,-0.00069363,-0.00143015,-0.00069363,-0.00018000000000001348,-0.000923313670171908
1770396300000,2026-02-06T16:45:00Z,0.19477,0.19558,0.19445,0.19536,675823,131776.589673,0.19477,0.19552,0.19458,0.19539,0.19495,0.1957,0.19483,0.19563,-0.00069363,-0.00041886,-0.00062148,-0.00041886,-0.00026999999999999247,-0.001380156417727304
1770396600000,2026-02-06T16:50:00Z,0.19536,0.19581,0.19469,0.19557,495761.8,96773.018982,0.19539,0.1958,0.19475,0.19558,0.19563,0.19599,0.19498,0.1958,-0.00041886,-0.00080768,-0.00133965,-0.00133965,-0.00023000000000000798,-0.0011746680286006536
1770396900000,2026-02-06T16:55:00Z,0.19557,0.19564,0.19377,0.19444,507549.8,98770.486834,0.19558,0.19564,0.1939,0.19451,0.1958,0.19583,0.19416,0.19472,-0.00133965,-0.00045315,-0.00072047,-0.00045315,-0.00028000000000000247,-0.0014379622021364136
1770397200000,2026-02-06T17:00:00Z,0.19444,0.19518,0.19382,0.19473,458303.9,89077.121208,0.19451,0.19518,0.19393,0.1948,0.19472,0.19538,0.19418,0.19508,-0.00045315,-0.00010245,-0.00049651,-0.00049651,-0.00035000000000001696,-0.0017941357391840114
1770397500000,2026-02-06T17:05:00Z,0.19473,0.19654,0.19464,0.19654,676338,132396.98385,0.1948,0.19654,0.19467,0.19654,0.19508,0.19671,0.19496,0.19671,-0.00049651,0,-0.00059331,0,-0.00017000000000000348,-0.0008642163591073331
1770397800000,2026-02-06T17:10:00Z,0.19654,0.1968,0.19577,0.19602,757728.4,148736.687093,0.19654,0.1968,0.19579,0.19602,0.19671,0.19697,0.19608,0.19629,0,-0.00089984,-0.00109528,-0.00089984,-0.00026999999999999247,-0.0013755158184318736
1770398100000,2026-02-06T17:15:00Z,0.19602,0.19748,0.19576,0.19719,984690.1,193641.917087,0.19602,0.19747,0.1958,0.1973,0.19629,0.19773,0.19607,0.19757,-0.00089984,-0.0003935,-0.00091426,-0.0003935,-0.00037999999999999146,-0.0019233689325301993
1770398400000,2026-02-06T17:20:00Z,0.19719,0.1978,0.19694,0.19739,593842,117254.722889,0.1973,0.19773,0.19702,0.19739,0.19757,0.19803,0.1973,0.1977,-0.0003935,-0.00072754,-0.00078862,-0.00078862,-0.00030999999999997696,-0.0015680323722811178
1770398700000,2026-02-06T17:25:00Z,0.19739,0.19837,0.19704,0.19813,714482.8,141355.170665,0.19739,0.19835,0.19707,0.19816,0.1977,0.19855,0.19739,0.19842,-0.00078862,-0.0006587,-0.00075923,-0.0006587,-0.00029000000000001247,-0.0014615462150993472
1770399000000,2026-02-06T17:30:00Z,0.19813,0.20042,0.19804,0.19941,1039869.7,207299.45927,0.19816,0.20045,0.19812,0.19955,0.19842,0.20072,0.19838,0.19978,-0.0006587,-0.00019717,-0.00033585,-0.00033585,-0.0003700000000000092,-0.0018520372409651076
1770399300000,2026-02-06T17:35:00Z,0.19941,0.19941,0.1972,0.19847,694284.2,137659.884324,0.19955,0.19955,0.19726,0.19847,0.19978,0.19978,0.1976,0.1987,-0.00033585,-0.00032277,-0.00105373,-0.00032277,-0.00022999999999998022,-0.001157523905384903
1770399600000,2026-02-06T17:40:00Z,0.19847,0.1999,0.19815,0.19936,535227.2,106624.182369,0.19847,0.1999,0.19824,0.19934,0.1987,0.20006,0.19847,0.19963,-0.00032277,-0.00083333,-0.00094344,-0.00083333,-0.00026999999999999247,-0.0013525021289384986
1770399900000,2026-02-06T17:45:00Z,0.19936,0.20041,0.19893,0.19945,972093.8,194167.469962,0.19934,0.20033,0.19902,0.19945,0.19963,0.20046,0.19927,0.1996,-0.00083333,-0.00014546,-0.00081752,-0.00081752,-0.00015000000000001124,-0.0007515030060120803
1770400200000,2026-02-06T17:50:00Z,0.19945,0.19958,0.19821,0.19835,455655.4,90581.39763,0.19945,0.19958,0.19834,0.19835,0.1996,0.19982,0.19866,0.19868,-0.00081752,-0.00094458,-0.00144164,-0.00094458,-0.00032999999999999696,-0.0016609623515200169
1770400500000,2026-02-06T17:55:00Z,0.19835,0.19953,0.198,0.19848,638889.5,126978.342336,0.19835,0.19952,0.19809,0.19852,0.19868,0.1997,0.19839,0.1988,-0.00094458,-0.00078699,-0.00094562,-0.00094562,-0.0003200000000000147,-0.0016096579476861906
1770400800000,2026-02-06T18:00:00Z,0.19848,0.19864,0.19696,0.19709,756767.8,149775.157601,0.19852,0.19861,0.19707,0.19709,0.1988,0.19884,0.19731,0.19734,-0.00094562,-0.00025289,-0.0004856,-0.0004856,-0.0002500000000000002,-0.0012668490929360506
1770401100000,2026-02-06T18:05:00Z,0.19709,0.19713,0.19312,0.19347,2092667.5,408028.35741,0.19709,0.19713,0.19322,0.19345,0.19734,0.19738,0.19344,0.19364,-0.0004856,-0.00058546,-0.00091607,-0.00091607,-0.00017000000000000348,-0.0008779177855815093
1770401400000,2026-02-06T18:10:00Z,0.19347,0.19457,0.19345,0.19454,693031.1,134576.966184,0.19345,0.19456,0.19345,0.19454,0.19364,0.19471,0.19364,0.19469,-0.00091607,-0.00034986,-0.00088139,-0.00088139,-0.00015000000000001124,-0.0007704555960758705
1770401700000,2026-02-06T18:15:00Z,0.19454,0.19464,0.19342,0.19368,559172.6,108433.966508,0.19454,0.19463,0.19345,0.19368,0.19469,0.1948,0.19369,0.19383,-0.00088139,-0.0010304,-0.00111441,-0.00111441,-0.00015000000000001124,-0.000773874013310691
1770402000000,2026-02-06T18:20:00Z,0.19368,0.19379,0.19239,0.19265,850138.8,164008.413859,0.19368,0.19379,0.19248,0.19265,0.19383,0.19401,0.19269,0.19282,-0.00111441,-0.00024844,-0.00050567,-0.00050567,-0.00017000000000000348,-0.0008816512809874676
1770402300000,2026-02-06T18:25:00Z,0.19265,0.19327,0.19257,0.19271,403907,77873.4047,0.19265,0.19324,0.19262,0.19274,0.19282,0.19337,0.19282,0.19292,-0.00050567,-0.00021719,-0.00081485,-0.00021719,-0.00021000000000001573,-0.0010885341074021134
1770402600000,2026-02-06T18:30:00Z,0.19271,0.19297,0.19206,0.19293,545925.2,105077.409245,0.19274,0.19296,0.19211,0.19293,0.19292,0.19303,0.19229,0.19299,-0.00021719,-0.00057608,-0.0010953,-0.00057608,-6.0000000000004494e-05,-0.0003108969376651873
1770402900000,2026-02-06T18:35:00Z,0.19293,0.19377,0.19229,0.1935,481670.4,92908.365261,0.19293,0.19377,0.19238,0.1935,0.19299,0.19381,0.19251,0.19359,-0.00057608,-0.00000435,-0.00085078,-0.00085078,-9.000000000000674e-05,-0.00046490004649003944
1770403200000,2026-02-06T18:40:00Z,0.1935,0.19401,0.19332,0.19332,380478.5,73676.947656,0.1935,0.194,0.19337,0.19337,0.19359,0.19406,0.19348,0.19348,-0.00085078,0,-0.00000872,-0.00000872,-0.00016000000000002124,-0.0008269588587968846
1770403500000,2026-02-06T18:45:00Z,0.19332,0.19414,0.19305,0.19368,496844.1,96215.427626,0.19337,0.19414,0.19321,0.19373,0.19348,0.19429,0.19339,0.19393,-0.00000872,-0.00071539,-0.00084531,-0.00071539,-0.0002500000000000002,-0.0012891249419893789
1770403800000,2026-02-06T18:50:00Z,0.19368,0.19383,0.19268,0.19342,470080.6,90874.085279,0.19373,0.19382,0.19279,0.19342,0.19393,0.19399,0.19306,0.19361,-0.00071539,0,-0.00015878,0,-0.00018999999999999573,-0.0009813542688910475
1770404100000,2026-02-06T18:55:00Z,0.19342,0.1937,0.1929,0.19322,164250.1,31745.701587,0.19342,0.1937,0.19292,0.19323,0.19361,0.19382,0.19318,0.19341,0,0,-0.00067337,-0.00067337,-0.00018999999999999573,-0.0009823690605449342
1770404400000,2026-02-06T19:00:00Z,0.19322,0.19346,0.19287,0.19338,195750.4,37823.295534,0.19323,0.19346,0.19296,0.19338,0.19341,0.19363,0.19312,0.19349,-0.00067337,-0.00059965,-0.00110143,-0.00110143,-0.00010999999999999899,-0.0005685048322910692
1770404700000,2026-02-06T19:05:00Z,0.19338,0.19362,0.19268,0.1927,199536.1,38562.395558,0.19338,0.19362,0.19273,0.19273,0.19349,0.19375,0.19293,0.19293,-0.00110143,-0.00029876,-0.00032036,-0.00029876,-0.00022999999999998022,-0.0011921422277508954
1770405000000,2026-02-06T19:10:00Z,0.1927,0.19308,0.19196,0.19226,518651.5,99797.860078,0.19273,0.19307,0.19196,0.19226,0.19293,0.1932,0.19218,0.1924,-0.00029876,-0.00039635,-0.00057211,-0.00039635,-0.00014000000000000123,-0.0007276507276507341
1770405300000,2026-02-06T19:15:00Z,0.19226,0.19257,0.19164,0.1923,391288.1,75158.804313,0.19226,0.19257,0.19174,0.19234,0.1924,0.19266,0.19191,0.19248,-0.00039635,-0.00025398,-0.00048891,-0.00025398,-0.00018000000000001348,-0.0009351620947631623
1770405600000,2026-02-06T19:20:00Z,0.1923,0.19335,0.19217,0.19334,640643.2,123429.894535,0.19234,0.19335,0.19232,0.19334,0.19248,0.19344,0.19244,0.19344,-0.00025398,-0.00038527,-0.00075901,-0.00075901,-9.999999999998899e-05,-0.0005169561621173955
1770405900000,2026-02-06T19:25:00Z,0.19334,0.19387,0.19268,0.19269,327841.3,63384.227922,0.19334,0.19387,0.19269,0.19271,0.19344,0.19396,0.19291,0.19292,-0.00075901,-0.00040148,-0.00052199,-0.00040148,-0.00023000000000000798,-0.001192204022392743
1770406200000,2026-02-06T19:30:00Z,0.19269,0.19346,0.1923,0.19301,165744.4,31967.282479,0.19271,0.19344,0.19238,0.19308,0.19292,0.19355,0.19259,0.1932,-0.00040148,0,-0.00075308,-0.00075308,-0.00019000000000002348,-0.000983436853002192
1770406500000,2026-02-06T19:35:00Z,0.19301,0.19324,0.19252,0.19283,137647.7,26543.440687,0.19308,0.19316,0.19266,0.19283,0.1932,0.19329,0.19281,0.19293,-0.00075308,-0.00003419,-0.00076723,-0.00003419,-9.999999999998899e-05,-0.0005183227077177681
1770406800000,2026-02-06T19:40:00Z,0.19283,0.19337,0.19233,0.19333,243372.2,46943.140579,0.19283,0.19337,0.19236,0.19333,0.19293,0.19338,0.19252,0.19338,-0.00003419,0,0,0,-4.999999999999449e-05,-0.00025855827903606627
1770407100000,2026-02-06T19:45:00Z,0.19333,0.19439,0.1932,0.19411,618704.4,119863.568696,0.19333,0.19439,0.19329,0.19413,0.19338,0.19447,0.19338,0.19428,0,0,0,0,-0.00017000000000000348,-0.0008750257360510782
1770407400000,2026-02-06T19:50:00Z,0.19411,0.19447,0.19345,0.1942,253748.3,49210.129499,0.19413,0.19447,0.19354,0.1942,0.19428,0.19456,0.19369,0.19431,0,-0.00013565,-0.0001943,-0.00013565,-0.00010999999999999899,-0.0005661057073748082
1770407700000,2026-02-06T19:55:00Z,0.1942,0.19465,0.19391,0.19427,335479.6,65183.112233,0.1942,0.19462,0.19398,0.19434,0.19431,0.19475,0.19412,0.1945,-0.00013565,0,-0.00052532,0,-0.00023000000000000798,-0.0011825192802056965
1770408000000,2026-02-06T20:00:00Z,0.19427,0.19427,0.19378,0.1938,177099.5,34351.00407,0.19434,0.19434,0.19381,0.19382,0.1945,0.1945,0.19399,0.194,0,-0.00021914,-0.00051012,-0.00051012,-0.00020000000000000573,-0.001030927835051576
1770408300000,2026-02-06T20:05:00Z,0.1938,0.1938,0.19258,0.1926,277355.3,53571.058039,0.19382,0.19382,0.19258,0.1926,0.194,0.194,0.19283,0.19283,-0.00051012,-0.00065302,-0.00065836,-0.00065302,-0.00023000000000000798,-0.0011927604625836643
1770408600000,2026-02-06T20:10:00Z,0.1926,0.19271,0.19205,0.19241,365068.1,70242.316194,0.1926,0.19271,0.19214,0.19241,0.19283,0.1929,0.19234,0.19264,-0.00065302,-0.00093079,-0.00101006,-0.00093079,-0.00023000000000000798,-0.0011939368770764534
1770408900000,2026-02-06T20:15:00Z,0.19241,0.19257,0.19167,0.1922,336835.3,64749.966751,0.19241,0.19257,0.19168,0.19221,0.19264,0.19265,0.19191,0.19237,-0.00093079,0,-0.00034766,0,-0.00017000000000000348,-0.0008837136767687449
1770409200000,2026-02-06T20:20:00Z,0.1922,0.19275,0.19184,0.19234,229326.9,44101.512219,0.19221,0.19275,0.19189,0.19236,0.19237,0.19286,0.19207,0.19255,0,0,-0.00046625,-0.00046625,-0.00020999999999998797,-0.001090625811477476
1770409500000,2026-02-06T20:25:00Z,0.19234,0.19266,0.19212,0.19251,213416.5,41048.652646,0.19236,0.19266,0.19215,0.19251,0.19255,0.19276,0.19229,0.19265,-0.00046625,-0.00045185,-0.00054087,-0.00054087,-0.00014000000000000123,-0.0007267064624967623
1770409800000,2026-02-06T20:30:00Z,0.19251,0.1944,0.19223,0.19431,1124281.4,217306.847019,0.19251,0.19437,0.19231,0.19437,0.19265,0.19451,0.19247,0.19451,-0.00054087,0,-0.00024987,0,-0.00019999999999997797,-0.0010282247699345945
1770410100000,2026-02-06T20:35:00Z,0.19431,0.19536,0.19316,0.19343,960938.5,187031.469039,0.19437,0.19545,0.19325,0.19343,0.19451,0.19561,0.19353,0.1937,0,-0.0005517,-0.00063773,-0.00063773,-0.0002700000000000202,-0.0013939081053176057
1770410400000,2026-02-06T20:40:00Z,0.19343,0.19395,0.19319,0.19363,269416.9,52135.397815,0.19343,0.19395,0.19322,0.19363,0.1937,0.1941,0.19344,0.19379,-0.00063773,0,-0.00045912,0,-0.00015999999999999348,-0.0008256359977294674
1770410700000,2026-02-06T20:45:00Z,0.19363,0.19398,0.1934,0.1937,87488.2,16942.619868,0.19363,0.19394,0.1934,0.1937,0.19379,0.19412,0.19361,0.19389,0,-0.00026919,-0.00029269,-0.00026919,-0.00018999999999999573,-0.000979937077724461
1770411000000,2026-02-06T20:50:00Z,0.1937,0.19468,0.19347,0.19357,224658.5,43592.952637,0.1937,0.19471,0.1935,0.19357,0.19389,0.1949,0.19375,0.19375,-0.00026919,-0.00016127,-0.00046881,-0.00046881,-0.00018000000000001348,-0.0009290322580645856
1770411300000,2026-02-06T20:55:00Z,0.19357,0.19357,0.19241,0.19292,491490.2,94790.22007,0.19357,0.19357,0.19245,0.19292,0.19375,0.19375,0.19264,0.1931,-0.00046881,-0.00018778,-0.00027585,-0.00027585,-0.00017999999999998573,-0.0009321595028481913
1770411600000,2026-02-06T21:00:00Z,0.19292,0.19339,0.19267,0.19303,257150.3,49622.340742,0.19292,0.19339,0.19279,0.19311,0.1931,0.19349,0.19297,0.19329,-0.00027585,0,-0.00002916,-0.00002916,-0.00025999999999998247,-0.0013451290806559184
1770411900000,2026-02-06T21:05:00Z,0.19303,0.19304,0.19185,0.19248,470647.4,90497.209535,0.19311,0.19311,0.19186,0.19249,0.19329,0.19329,0.19207,0.19261,-0.00002916,0,0,0,-0.00012999999999999123,-0.0006749389958984021
1770412200000,2026-02-06T21:10:00Z,0.19248,0.1929,0.19242,0.1928,91859.4,17706.044361,0.19249,0.19289,0.19247,0.19281,0.19261,0.19297,0.19259,0.19294,0,-0.00020477,-0.00023077,-0.00020477,-0.00014000000000000123,-0.0007256141805742782
1770412500000,2026-02-06T21:15:00Z,0.1928,0.19344,0.19257,0.19337,100457,19390.501498,0.19281,0.19344,0.19261,0.19344,0.19294,0.19359,0.19277,0.19359,-0.00020477,0,-0.00038624,-0.00038624,-0.00022000000000002573,-0.0011364223358645887
1770412800000,2026-02-06T21:20:00Z,0.19337,0.19431,0.19336,0.19392,148380.1,28761.460918,0.19344,0.19434,0.19344,0.19392,0.19359,0.19452,0.19359,0.19412,-0.00038624,-0.00028614,-0.00075971,-0.00075971,-0.00019999999999997797,-0.0010302905419327117
1770413100000,2026-02-06T21:25:00Z,0.19392,0.19517,0.19392,0.19486,120943.1,23534.793828,0.19392,0.19517,0.19392,0.19492,0.19412,0.19536,0.19412,0.19511,-0.00075971,-0.00022927,-0.00041064,-0.00022927,-0.0002500000000000002,-0.001281328481369485
1770413400000,2026-02-06T21:30:00Z,0.19486,0.19486,0.19395,0.19407,226917.6,44105.103647,0.19492,0.19496,0.19401,0.19407,0.19511,0.19515,0.19423,0.19428,-0.00022927,-0.00053405,-0.00056845,-0.00053405,-0.00021000000000001573,-0.0010809141445337436
1770413700000,2026-02-06T21:35:00Z,0.19407,0.19463,0.19406,0.19457,193915.8,37706.920293,0.19407,0.19471,0.19407,0.19461,0.19428,0.19491,0.19428,0.19484,-0.00053405,-0.00032738,-0.00094395,-0.00094395,-0.0002700000000000202,-0.0013857524122357842
1770414000000,2026-02-06T21:40:00Z,0.19457,0.19483,0.19441,0.19473,98229.9,19117.266738,0.19461,0.19483,0.19442,0.19473,0.19484,0.19505,0.19468,0.19495,-0.00094395,-0.00051479,-0.00102216,-0.00051479,-0.00022000000000002573,-0.0011284944857657129
1770414300000,2026-02-06T21:45:00Z,0.19473,0.1951,0.19464,0.19471,234351.7,45667.485124,0.19473,0.19507,0.19468,0.19474,0.19495,0.19523,0.19488,0.19497,-0.00051479,-0.00041123,-0.00062157,-0.00062157,-0.0002600000000000102,-0.0013335384931015552
1770414600000,2026-02-06T21:50:00Z,0.19471,0.19509,0.19465,0.19489,169606.3,33055.13218,0.19474,0.19509,0.19474,0.19489,0.19497,0.19522,0.19494,0.19509,-0.00062157,-0.00030032,-0.00040635,-0.00030032,-0.00020000000000000573,-0.0010251678712389447
1770414900000,2026-02-06T21:55:00Z,0.19489,0.19542,0.19489,0.1953,111677.8,21806.845235,0.19489,0.19537,0.19489,0.19531,0.19509,0.19552,0.19509,0.1955,-0.00030032,-0.00040768,-0.00051272,-0.00040768,-0.00020000000000000573,-0.0010230179028133284
1770415200000,2026-02-06T22:00:00Z,0.1953,0.19596,0.19504,0.19564,416999.3,81506.881072,0.19531,0.19596,0.19504,0.19564,0.1955,0.19616,0.19526,0.19586,-0.00040768,-0.00039746,-0.00060526,-0.00039746,-0.00021999999999999797,-0.0011232513019503623
1770415500000,2026-02-06T22:05:00Z,0.19564,0.1964,0.19554,0.19637,432095.5,84698.652057,0.19564,0.1964,0.19556,0.19637,0.19586,0.19654,0.1958,0.19653,-0.00039746,-0.00020349,-0.00022248,-0.00020349,-0.00016000000000002124,-0.0008141250699639812
1770415800000,2026-02-06T22:10:00Z,0.19637,0.19663,0.19507,0.19537,264536.1,51870.327285,0.19637,0.19663,0.19515,0.19537,0.19653,0.19675,0.19535,0.19554,-0.00020349,0,0,0,-0.00017000000000000348,-0.0008693873376291474
1770416100000,2026-02-06T22:15:00Z,0.19537,0.19562,0.19503,0.19528,142372.3,27809.04729,0.19537,0.1956,0.19513,0.19528,0.19554,0.19578,0.19535,0.19544,0,0,-0.00007484,-0.00007484,-0.00015999999999999348,-0.0008186655751125331
1770416400000,2026-02-06T22:20:00Z,0.19528,0.19586,0.19528,0.19565,50706.4,9920.209006,0.19528,0.19587,0.19528,0.19565,0.19544,0.19603,0.19544,0.19578,-0.00007484,0,0,0,-0.000130000000000019,-0.0006640106241700837
1770416700000,2026-02-06T22:25:00Z,0.19565,0.19623,0.19546,0.19595,214266.9,41975.68229,0.19565,0.19616,0.19552,0.19595,0.19578,0.19631,0.19571,0.1961,0,0,-0.00004211,-0.00004211,-0.00014999999999998348,-0.0007649158592553976
1770417000000,2026-02-06T22:30:00Z,0.19595,0.19689,0.1958,0.19673,114111.1,22395.379455,0.19595,0.19685,0.19584,0.19677,0.1961,0.19703,0.19603,0.19695,-0.00004211,0,0,0,-0.00021999999999999797,-0.0011170347804011068
1770417300000,2026-02-06T22:35:00Z,0.19673,0.19819,0.19656,0.19757,232052.5,45822.230677,0.19677,0.19814,0.19668,0.19764,0.19695,0.19825,0.19688,0.19788,0,0,0,0,-0.0003100000000000047,-0.001566606023852864
1770417600000,2026-02-06T22:40:00Z,0.19757,0.1976,0.19695,0.19713,108756.5,21453.468519,0.19764,0.19764,0.19705,0.19713,0.19788,0.19788,0.19736,0.19736,0,-0.00006353,-0.0005043,-0.00006353,-0.00023000000000000798,-0.0011653830563437776
1770417900000,2026-02-06T22:45:00Z,0.19713,0.19796,0.19661,0.19739,194555.1,38394.715284,0.19713,0.19803,0.19664,0.19754,0.19736,0.19828,0.19694,0.19783,-0.00006353,0,-0.0006633,-0.0006633,-0.00043999999999999595,-0.0022241318303593788
1770418200000,2026-02-06T22:50:00Z,0.19739,0.19783,0.19728,0.19783,167885.4,33170.84464,0.19754,0.19783,0.19749,0.19783,0.19783,0.1981,0.19779,0.19805,-0.0006633,-0.00034278,-0.00096883,-0.00034278,-0.00021999999999999797,-0.0011108305983337438
1770418500000,2026-02-06T22:55:00Z,0.19783,0.19783,0.19675,0.19688,76819.7,15140.963415,0.19783,0.19783,0.19679,0.1969,0.19805,0.1981,0.19708,0.1972,-0.00034278,-0.00039067,-0.0005921,-0.0005921,-0.00031999999999998696,-0.0016227180527382708
1770418800000,2026-02-06T23:00:00Z,0.19688,0.19794,0.19638,0.19768,331143.3,65328.723526,0.1969,0.19794,0.19649,0.19775,0.1972,0.19823,0.19679,0.19803,-0.0005921,-0.00018332,-0.00066811,-0.00066811,-0.00035000000000001696,-0.001767408978437696
1770419100000,2026-02-06T23:05:00Z,0.19768,0.19797,0.19631,0.1967,567250.8,111808.085514,0.19775,0.19797,0.19639,0.1967,0.19803,0.19825,0.19675,0.1969,-0.00066811,-0.00115676,-0.00134107,-0.00134107,-0.00019999999999997797,-0.0010157440325036973
1770419400000,2026-02-06T23:10:00Z,0.1967,0.19671,0.19617,0.19626,477625,93812.711682,0.1967,0.19671,0.19621,0.19626,0.1969,0.19694,0.19648,0.19656,-0.00134107,-0.00106393,-0.00163577,-0.00106393,-0.00030000000000002247,-0.0015262515262516405
1770419700000,2026-02-06T23:15:00Z,0.19626,0.19629,0.19469,0.1952,694332.7,135829.816783,0.19626,0.19627,0.1948,0.1952,0.19656,0.19656,0.19512,0.19548,-0.00106393,-0.00064135,-0.00151697,-0.00151697,-0.0002799999999999747,-0.0014323715981173252
1770420000000,2026-02-06T23:20:00Z,0.1952,0.19602,0.1948,0.19502,626005.1,122246.957934,0.1952,0.19602,0.19488,0.19501,0.19548,0.19628,0.19523,0.19531,-0.00151697,-0.00057397,-0.00150109,-0.00057397,-0.00029000000000001247,-0.0014848190056833365
1770420300000,2026-02-06T23:25:00Z,0.19502,0.19618,0.19502,0.19611,526270.5,102970.101047,0.19501,0.19614,0.19501,0.19614,0.19531,0.19641,0.19531,0.19641,-0.00057397,-0.00044576,-0.00080584,-0.00080584,-0.0002999999999999947,-0.001527417137620257
1770420600000,2026-02-06T23:30:00Z,0.19611,0.19711,0.19611,0.19659,340471.7,66973.678598,0.19614,0.1971,0.19614,0.19666,0.19641,0.19739,0.19641,0.19701,-0.00080584,-0.00080417,-0.00098143,-0.00080417,-0.0004200000000000037,-0.002131871478605166
1770420900000,2026-02-06T23:35:00Z,0.19659,0.19724,0.19644,0.19724,362297.8,71299.853201,0.19666,0.19724,0.19649,0.19724,0.19701,0.19747,0.19681,0.19747,-0.00080417,-0.00085202,-0.00120079,-0.00085202,-0.00023000000000000798,-0.0011647338836279332
1770421200000,2026-02-06T23:40:00Z,0.19724,0.19739,0.19685,0.19713,448901.2,88481.564559,0.19724,0.19739,0.19685,0.19713,0.19747,0.19763,0.19715,0.19734,-0.00085202,-0.0010576,-0.00141842,-0.0010576,-0.00020999999999998797,-0.0010641532380662206
1770421500000,2026-02-06T23:45:00Z,0.19713,0.19727,0.1969,0.19706,288748.5,56895.9723,0.19713,0.19727,0.19693,0.19706,0.19734,0.19752,0.19723,0.19736,-0.0010576,-0.00066362,-0.0007655,-0.00066362,-0.0002999999999999947,-0.0015200648561005002
1770421800000,2026-02-06T23:50:00Z,0.19706,0.19729,0.19679,0.19693,289279.2,56988.521996,0.19706,0.19729,0.19682,0.19693,0.19736,0.19752,0.19711,0.19722,-0.00066362,-0.00081171,-0.00119422,-0.00119422,-0.00029000000000001247,-0.001470439103539258
1770422100000,2026-02-06T23:55:00Z,0.19693,0.19744,0.19679,0.19707,154193.9,30400.356218,0.19693,0.19744,0.19687,0.19707,0.19722,0.19769,0.19716,0.19743,-0.00119422,-0.0014841,-0.00151083,-0.0014841,-0.0003599999999999992,-0.001823431089500072
1770422400000,2026-02-07T00:00:00Z,0.19707,0.19712,0.1952,0.19523,1358855.2,266334.172422,0.19707,0.19708,0.19522,0.19533,0.19743,0.19744,0.19555,0.19565,-0.0014841,-0.00158481,-0.00167483,-0.00158481,-0.0004200000000000037,-0.002146690518783561
1770422700000,2026-02-07T00:05:00Z,0.19523,0.19539,0.19453,0.19487,1058338.8,206480.153798,0.19533,0.19539,0.19461,0.19487,0.19565,0.19565,0.19489,0.1951,-0.00158481,-0.00046846,-0.00078198,-0.00078198,-0.00023000000000000798,-0.0011788826242952741
1770423000000,2026-02-07T00:10:00Z,0.19487,0.19578,0.19487,0.19546,558880.6,109205.934945,0.19487,0.19574,0.19487,0.19551,0.1951,0.19585,0.1951,0.1957,-0.00078198,-0.00030446,-0.00067506,-0.00067506,-0.00024000000000001798,-0.0012263668880941132
1770423300000,2026-02-07T00:15:00Z,0.19546,0.19571,0.1942,0.19439,822063.9,160192.685078,0.19551,0.19568,0.19433,0.19437,0.1957,0.19578,0.19452,0.19455,-0.00067506,-0.00072023,-0.00103796,-0.00103796,-0.00015999999999999348,-0.000822410691338954
1770423600000,2026-02-07T00:20:00Z,0.19439,0.19462,0.19359,0.19369,1267435.6,246009.450674,0.19437,0.19461,0.19362,0.19369,0.19455,0.19471,0.19381,0.19383,-0.00103796,-0.00059017,-0.00063323,-0.00059017,-0.00014000000000000123,-0.0007222824124232638
1770423900000,2026-02-07T00:25:00Z,0.19369,0.19395,0.19283,0.19296,776228.9,150041.69125,0.19369,0.19384,0.19295,0.19304,0.19383,0.19395,0.19311,0.19323,-0.00059017,-0.00029448,-0.00041153,-0.00041153,-0.0002700000000000202,-0.00139729855612493
1770424200000,2026-02-07T00:30:00Z,0.19296,0.19337,0.19249,0.1932,903971.2,174472.395554,0.19304,0.19336,0.19271,0.1932,0.19323,0.19346,0.19278,0.19336,-0.00041153,-0.00070386,-0.00091846,-0.00091846,-0.00015999999999999348,-0.0008274720728175086
1770424500000,2026-02-07T00:35:00Z,0.1932,0.19331,0.192,0.19237,1186686.6,228605.253683,0.1932,0.19325,0.19205,0.19242,0.19336,0.19339,0.19221,0.19255,-0.00091846,-0.0001048,-0.0004112,-0.0001048,-0.00017999999999998573,-0.0009348221241235301
1770424800000,2026-02-07T00:40:00Z,0.19237,0.19287,0.19226,0.19234,351008.4,67613.226466,0.19242,0.19286,0.19234,0.19234,0.19255,0.19294,0.19246,0.19247,-0.0001048,0,-0.00024828,0,-0.00012999999999999123,-0.0006754299371330142
1770425100000,2026-02-07T00:45:00Z,0.19234,0.19306,0.19233,0.19304,391103.1,75375.397329,0.19234,0.19309,0.19234,0.19309,0.19247,0.19321,0.19246,0.19321,0,-0.00047175,-0.00057968,-0.00047175,-0.00017000000000000348,-0.0008798716422545597
1770425400000,2026-02-07T00:50:00Z,0.19304,0.19434,0.19297,0.19409,701919.1,136052.874025,0.19309,0.19434,0.19306,0.19409,0.19321,0.19445,0.19319,0.19423,-0.00047175,-0.00052308,-0.00061965,-0.00061965,-0.00014000000000000123,-0.0007207949338413285
1770425700000,2026-02-07T00:55:00Z,0.19409,0.19419,0.19325,0.19348,507173.9,98192.030029,0.19409,0.19419,0.19329,0.19351,0.19423,0.19431,0.19342,0.19365,-0.00061965,-0.0001499,-0.00036288,-0.0001499,-0.00016999999999997573,-0.0008778724502968022
1770426000000,2026-02-07T01:00:00Z,0.19348,0.19369,0.19287,0.19369,323295.7,62484.864087,0.19351,0.19369,0.19294,0.19368,0.19365,0.19376,0.19312,0.19376,-0.0001499,-0.00033019,-0.00082775,-0.00033019,-6.999999999998674e-05,-0.0003612716763005096
1770426300000,2026-02-07T01:05:00Z,0.19369,0.19386,0.19322,0.19325,319153.8,61765.577807,0.19368,0.19388,0.19328,0.19328,0.19376,0.194,0.19344,0.19345,-0.00033019,-0.00012454,-0.00060272,-0.00060272,-0.00020000000000000573,-0.0010338588782631466
1770426600000,2026-02-07T01:10:00Z,0.19325,0.19325,0.19251,0.19267,417454.1,80493.737524,0.19328,0.19328,0.19257,0.19267,0.19345,0.19345,0.19272,0.19281,-0.00060272,-0.00072728,-0.000747,-0.000747,-0.00014000000000000123,-0.0007261034178725233
1770426900000,2026-02-07T01:15:00Z,0.19267,0.1937,0.19257,0.19327,825560.4,159596.735309,0.19267,0.19364,0.19263,0.1933,0.19281,0.19373,0.1928,0.19345,-0.000747,-0.00019758,-0.00067574,-0.00019758,-0.00018000000000001348,-0.000930472990436875
1770427200000,2026-02-07T01:20:00Z,0.19327,0.19395,0.1932,0.19352,317973.7,61531.411603,0.1933,0.19393,0.19324,0.19352,0.19345,0.19396,0.19338,0.19357,-0.00019758,0,0,0,-4.999999999999449e-05,-0.00025830448933199615
1770427500000,2026-02-07T01:25:00Z,0.19352,0.19429,0.19352,0.1938,239500.8,46455.915444,0.19352,0.19429,0.19352,0.1938,0.19357,0.19437,0.19357,0.19395,0,0,-0.00013236,-0.00013236,-0.00015000000000001124,-0.0007733952049497872
1770427800000,2026-02-07T01:30:00Z,0.1938,0.19415,0.19337,0.19399,290771.2,56318.241567,0.1938,0.1941,0.19343,0.19402,0.19395,0.19419,0.19361,0.19418,-0.00013236,-0.00019246,-0.00054047,-0.00019246,-0.00018999999999999573,-0.0009784735812132853
1770428100000,2026-02-07T01:35:00Z,0.19399,0.19487,0.19386,0.19416,524884.4,102027.518452,0.19402,0.19481,0.19393,0.19427,0.19418,0.19497,0.19408,0.19446,-0.00019246,-0.00040321,-0.00087445,-0.00040321,-0.0002999999999999947,-0.001542733724159183
1770428400000,2026-02-07T01:40:00Z,0.19416,0.19439,0.19392,0.194,212509.5,41267.963201,0.19427,0.19439,0.19392,0.194,0.19446,0.19447,0.19414,0.19414,-0.00040321,-0.00005216,-0.00035263,-0.00035263,-0.00014000000000000123,-0.0007211290821057032
1770428700000,2026-02-07T01:45:00Z,0.194,0.19546,0.19388,0.19526,711662,138782.925519,0.194,0.19546,0.19395,0.19526,0.19414,0.19559,0.19408,0.19539,-0.00035263,-0.00008352,-0.00039627,-0.00008352,-0.000130000000000019,-0.0006653359946774092
1770429000000,2026-02-07T01:50:00Z,0.19526,0.1956,0.19478,0.19507,409062.1,79868.534265,0.19526,0.19551,0.19478,0.19513,0.19539,0.19567,0.19494,0.19527,-0.00008352,-0.00003045,-0.00010919,-0.00003045,-0.00020000000000000573,-0.0010242228708967364
1770429300000,2026-02-07T01:55:00Z,0.19507,0.19531,0.19498,0.19502,168627.6,32910.052417,0.19513,0.19531,0.19502,0.19509,0.19527,0.1954,0.19518,0.19525,-0.00003045,0,-0.00070769,-0.00070769,-0.00023000000000000798,-0.0011779769526248807
1770429600000,2026-02-07T02:00:00Z,0.19502,0.19503,0.19435,0.19499,244206.7,47541.396773,0.19509,0.19509,0.19448,0.19499,0.19525,0.19525,0.19465,0.19508,-0.00070769,-0.00039676,-0.00050377,-0.00039676,-9.000000000000674e-05,-0.0004613491900759009
1770429900000,2026-02-07T02:05:00Z,0.19499,0.19519,0.19459,0.19464,199895.5,38963.446109,0.19499,0.19519,0.19462,0.19465,0.19508,0.1953,0.1948,0.19482,-0.00039676,-0.00044433,-0.00050497,-0.00050497,-0.00017999999999998573,-0.0009239297813365451
1770430200000,2026-02-07T02:10:00Z,0.19464,0.19568,0.19458,0.19552,192396.3,37537.626439,0.19465,0.19564,0.19465,0.19554,0.19482,0.19568,0.19482,0.19566,-0.00050497,0,-0.00061764,0,-0.00014000000000000123,-0.0007155269344781827
1770430500000,2026-02-07T02:15:00Z,0.19552,0.19605,0.19523,0.19577,213152.5,41686.525422,0.19554,0.19605,0.19531,0.19592,0.19566,0.19617,0.19542,0.19605,0,-0.00031493,-0.00041307,-0.00031493,-0.00028000000000000247,-0.0014282070900280667
1770430800000,2026-02-07T02:20:00Z,0.19577,0.19588,0.19558,0.19574,163166.2,31940.122457,0.19592,0.19592,0.19563,0.19574,0.19605,0.19605,0.19578,0.19594,-0.00031493,-0.00023818,-0.00062248,-0.00023818,-0.00020000000000000573,-0.0010207206287639365
1770431100000,2026-02-07T02:25:00Z,0.19574,0.19614,0.19543,0.19553,195335.7,38256.506149,0.19574,0.19612,0.19552,0.19553,0.19594,0.19623,0.19574,0.19574,-0.00023818,-0.00076677,-0.00085513,-0.00076677,-0.00020999999999998797,-0.0010728517421068151
1770431400000,2026-02-07T02:30:00Z,0.19553,0.19572,0.19516,0.19539,230671.2,45077.25501,0.19553,0.19572,0.19517,0.19539,0.19574,0.19581,0.19543,0.19553,-0.00076677,-0.00072494,-0.0008464,-0.00072494,-0.00014000000000000123,-0.0007160026594384556
1770431700000,2026-02-07T02:35:00Z,0.19539,0.19555,0.1952,0.19546,78477.5,15332.697959,0.19539,0.19556,0.19523,0.19547,0.19553,0.19575,0.19542,0.19568,-0.00072494,-0.00052264,-0.00068894,-0.00068894,-0.00021999999999999797,-0.0011242845461978638
1770432000000,2026-02-07T02:40:00Z,0.19546,0.19552,0.19506,0.19526,134838.3,26337.698781,0.19547,0.19552,0.19513,0.19536,0.19568,0.1957,0.19534,0.19553,-0.00068894,-0.00011527,-0.00040072,-0.00040072,-0.0002700000000000202,-0.0013808622717742557
1770432300000,2026-02-07T02:45:00Z,0.19526,0.19537,0.19459,0.19489,201484.5,39269.842511,0.19536,0.19537,0.19464,0.19492,0.19553,0.19553,0.1948,0.19507,-0.00040072,-0.00005384,-0.00060272,-0.00005384,-0.00017999999999998573,-0.0009227456810375031
1770432600000,2026-02-07T02:50:00Z,0.19489,0.1957,0.19484,0.1956,142752.3,27902.034733,0.19492,0.1957,0.19487,0.1956,0.19507,0.19576,0.19501,0.19564,-0.00005384,0,-0.0002976,0,-4.000000000001225e-05,-0.00020445716622373872
1770432900000,2026-02-07T02:55:00Z,0.1956,0.19569,0.19511,0.19557,96294.6,18812.421263,0.1956,0.19567,0.19518,0.19557,0.19564,0.19571,0.1953,0.19563,0,0,0,0,-6.0000000000004494e-05,-0.0003067014261616546
1770433200000,2026-02-07T03:00:00Z,0.19557,0.19624,0.19521,0.19553,569831.3,111499.140308,0.19557,0.19621,0.19527,0.19555,0.19563,0.19636,0.19538,0.19574,0,-0.0001962,-0.00027925,-0.0001962,-0.00020999999999998797,-0.0010728517421068151
1770433500000,2026-02-07T03:05:00Z,0.19553,0.19641,0.19527,0.19637,416861.3,81594.153757,0.19555,0.19643,0.19536,0.19638,0.19574,0.19656,0.19552,0.1965,-0.0001962,-0.00018635,-0.00045003,-0.00045003,-0.000130000000000019,-0.0006615776081425902
1770433800000,2026-02-07T03:10:00Z,0.19637,0.19757,0.19632,0.1969,524986.2,103445.621824,0.19638,0.19752,0.19638,0.1969,0.1965,0.19765,0.1965,0.19702,-0.00045003,0,-0.00019774,0,-0.00012000000000000899,-0.0006090752207898131
1770434100000,2026-02-07T03:15:00Z,0.1969,0.1969,0.19638,0.19648,192869.1,37929.681419,0.1969,0.1969,0.19643,0.19651,0.19702,0.19702,0.19661,0.19667,0,-0.00039491,-0.00048597,-0.00048597,-0.00019000000000002348,-0.000966085320587906
1770434400000,2026-02-07T03:20:00Z,0.19648,0.19686,0.19636,0.19686,167258.3,32868.230129,0.19651,0.19686,0.19642,0.19686,0.19667,0.19702,0.19655,0.19702,-0.00048597,-0.00054701,-0.00079717,-0.00054701,-0.00015999999999999348,-0.0008121002943863236
1770434700000,2026-02-07T03:25:00Z,0.19686,0.19762,0.19686,0.19733,164786.5,32495.538907,0.19686,0.19762,0.19686,0.19733,0.19702,0.19771,0.19701,0.19746,-0.00054701,0,-0.0001582,-0.0001582,-0.00012999999999999123,-0.0006583611870758191
1770435000000,2026-02-07T03:30:00Z,0.19733,0.19733,0.1968,0.19695,153184.4,30184.376604,0.19733,0.19733,0.19684,0.197,0.19746,0.19746,0.19699,0.1971,-0.0001582,-0.00012639,-0.00015158,-0.00015158,-0.00015000000000001124,-0.0007610350076104071
1770435300000,2026-02-07T03:35:00Z,0.19695,0.19744,0.19674,0.19744,133888.8,26394.282198,0.197,0.19743,0.1968,0.19743,0.1971,0.19743,0.19691,0.19743,-0.00015158,-0.0000567,-0.00041635,-0.00041635,1.0000000000010001e-05,5.065086359727499e-05
1770435600000,2026-02-07T03:40:00Z,0.19744,0.19776,0.1969,0.19755,576101.5,113672.972288,0.19743,0.19775,0.19695,0.19763,0.19743,0.19786,0.19705,0.19776,-0.00041635,-0.00011692,-0.00018463,-0.00011692,-0.00020999999999998797,-0.0010618932038834344
1770435900000,2026-02-07T03:45:00Z,0.19755,0.19755,0.19676,0.19719,426882.5,84149.270696,0.19763,0.19763,0.19684,0.19725,0.19776,0.19776,0.19695,0.19738,-0.00011692,-0.00000598,-0.00026298,-0.00000598,-0.00018999999999999573,-0.0009626101935352909
1770436200000,2026-02-07T03:50:00Z,0.19719,0.19743,0.19696,0.19712,150335.8,29642.863429,0.19725,0.19743,0.19696,0.19712,0.19738,0.19747,0.1971,0.19723,-0.00000598,-0.0001386,-0.00096371,-0.00096371,-0.00010999999999999899,-0.0005577244841048471
1770436500000,2026-02-07T03:55:00Z,0.19712,0.1973,0.19672,0.19708,245991.2,48445.64223,0.19712,0.19725,0.19682,0.19711,0.19723,0.19742,0.19694,0.19727,-0.00096371,0,-0.00053124,-0.00053124,-0.00018999999999999573,-0.0009631469559486781
1770436800000,2026-02-07T04:00:00Z,0.19708,0.19807,0.19675,0.19764,567839.8,112150.848741,0.19711,0.19804,0.19683,0.19774,0.19727,0.19818,0.19699,0.19789,-0.00053124,-0.00016087,-0.00034447,-0.00016087,-0.0002500000000000002,-0.0012633281115771399
1770437100000,2026-02-07T04:05:00Z,0.19764,0.19792,0.19725,0.19768,483282.7,95486.338168,0.19774,0.19788,0.19728,0.19768,0.19789,0.19803,0.19754,0.19779,-0.00016087,-0.00050354,-0.00088283,-0.00050354,-0.00010999999999999899,-0.0005561454067445219
1770437400000,2026-02-07T04:10:00Z,0.19768,0.19865,0.19744,0.19838,735561.1,145815.67056,0.19768,0.19862,0.19753,0.19845,0.19779,0.19871,0.19773,0.19861,-0.00050354,-0.00035963,-0.00057264,-0.00035963,-0.00023000000000000798,-0.0011580484366346506
1770437700000,2026-02-07T04:15:00Z,0.19838,0.19838,0.19764,0.19803,455717.2,90209.811298,0.19845,0.19845,0.19775,0.19803,0.19861,0.19861,0.19791,0.19818,-0.00035963,-0.00054649,-0.00104062,-0.00054649,-0.00014999999999998348,-0.000756887677868521
1770438000000,2026-02-07T04:20:00Z,0.19803,0.19882,0.19783,0.19836,526287.1,104401.210375,0.19803,0.19876,0.19786,0.19836,0.19818,0.19882,0.19803,0.19844,-0.00054649,0,-0.0001027,-0.0001027,-7.999999999999674e-05,-0.0004031445273130253
1770438300000,2026-02-07T04:25:00Z,0.19836,0.19836,0.19654,0.19675,499033.1,98382.811247,0.19836,0.19836,0.19666,0.19675,0.19844,0.19844,0.19693,0.19693,-0.0001027,-0.00081738,-0.00098212,-0.00098212,-0.00017999999999998573,-0.0009140303661198686
1770438600000,2026-02-07T04:30:00Z,0.19675,0.19794,0.19656,0.1972,964387.6,190509.472714,0.19675,0.19793,0.19659,0.1972,0.19693,0.19812,0.19682,0.19745,-0.00098212,-0.00044469,-0.00119584,-0.00044469,-0.0002500000000000002,-0.0012661433274246657
1770438900000,2026-02-07T04:35:00Z,0.1972,0.19742,0.19684,0.19693,443872.4,87506.775212,0.1972,0.19742,0.19684,0.19698,0.19745,0.19757,0.19708,0.19718,-0.00044469,-0.00060495,-0.00086858,-0.00060495,-0.0002500000000000002,-0.0012678770666396198
1770439200000,2026-02-07T04:40:00Z,0.19693,0.19709,0.19564,0.19575,680267.4,133590.906248,0.19698,0.19709,0.19571,0.19575,0.19718,0.19721,0.19593,0.19593,-0.00060495,-0.00075105,-0.00107878,-0.00075105,-0.00017999999999998573,-0.0009186954524574375
1770439500000,2026-02-07T04:45:00Z,0.19575,0.19606,0.19554,0.19564,275330.4,53904.256233,0.19575,0.19605,0.19561,0.19572,0.19593,0.19617,0.19582,0.19593,-0.00075105,-0.00046744,-0.00075375,-0.00075375,-0.0002899999999999847,-0.0014801204511814665
1770439800000,2026-02-07T04:50:00Z,0.19564,0.19609,0.19558,0.19585,114074.7,22345.387306,0.19572,0.19605,0.19562,0.19589,0.19593,0.19622,0.19583,0.19608,-0.00075375,-0.00047379,-0.00056417,-0.00047379,-0.00023000000000000798,-0.001172990616075112
1770440100000,2026-02-07T04:55:00Z,0.19585,0.19592,0.19559,0.19586,73649.1,14414.1826,0.19589,0.19595,0.19559,0.19591,0.19608,0.19612,0.19578,0.19608,-0.00047379,-0.00027799,-0.00053075,-0.00027799,-0.00021999999999999797,-0.001121991024071797
1770440400000,2026-02-07T05:00:00Z,0.19586,0.19612,0.19561,0.19561,139091.5,27245.76038,0.19591,0.19611,0.19569,0.19569,0.19608,0.19626,0.19593,0.19593,-0.00027799,-0.00045859,-0.00078373,-0.00078373,-0.00031999999999998696,-0.0016332363599243964
1770440700000,2026-02-07T05:05:00Z,0.19561,0.19615,0.19549,0.19615,212808.9,41637.845988,0.19569,0.19615,0.19549,0.19615,0.19593,0.19628,0.19572,0.19628,-0.00078373,0,-0.00064766,0,-0.000130000000000019,-0.0006623191359283625
1770441000000,2026-02-07T05:10:00Z,0.19615,0.19615,0.19531,0.19565,391468.3,76538.683054,0.19615,0.19615,0.1954,0.19565,0.19628,0.1963,0.19562,0.19587,0,-0.00061608,-0.00064803,-0.00064803,-0.00021999999999999797,-0.00112319395517434
1770441300000,2026-02-07T05:15:00Z,0.19565,0.19613,0.19565,0.19585,260576.9,51039.592432,0.19565,0.19611,0.19565,0.1959,0.19587,0.19631,0.19587,0.19611,-0.00064803,-0.00031455,-0.00071611,-0.00071611,-0.0002600000000000102,-0.0013257865483657651
1770441600000,2026-02-07T05:20:00Z,0.19585,0.19643,0.19584,0.19624,226680.3,44471.102296,0.1959,0.19643,0.19587,0.19624,0.19611,0.19653,0.19609,0.19638,-0.00071611,-0.00031208,-0.0003944,-0.00031208,-0.00014000000000000123,-0.0007129035543334414
1770441900000,2026-02-07T05:25:00Z,0.19624,0.19631,0.1947,0.19485,1227764.2,240040.309923,0.19624,0.19631,0.19475,0.19485,0.19638,0.19638,0.19502,0.19503,-0.00031208,-0.00104971,-0.00111281,-0.00111281,-0.00018000000000001348,-0.0009229349330872864
1770442200000,2026-02-07T05:30:00Z,0.19485,0.19545,0.19476,0.19529,516379.2,100782.953339,0.19485,0.19545,0.19478,0.19529,0.19503,0.19557,0.195,0.19549,-0.00111281,-0.00093808,-0.00107218,-0.00107218,-0.00020000000000000573,-0.0010230702337715777
1770442500000,2026-02-07T05:35:00Z,0.19529,0.1962,0.19529,0.19543,222092.9,43472.360147,0.19529,0.1962,0.19529,0.19543,0.19549,0.19634,0.19548,0.19571,-0.00107218,-0.00070692,-0.00142743,-0.00142743,-0.00028000000000000247,-0.001430688263246653
1770442800000,2026-02-07T05:40:00Z,0.19543,0.19573,0.19521,0.19567,152320.3,29772.421969,0.19543,0.19573,0.19521,0.19567,0.19571,0.19587,0.19551,0.19587,-0.00142743,-0.00070603,-0.00098309,-0.00070603,-0.00019999999999997797,-0.0010210854137947516
1770443100000,2026-02-07T05:45:00Z,0.19567,0.19575,0.19552,0.19575,168392.5,32945.819684,0.19567,0.19575,0.19557,0.19575,0.19587,0.19594,0.1958,0.19591,-0.00070603,-0.00055671,-0.00097104,-0.00097104,-0.00015999999999999348,-0.0008167015466285206
1770443400000,2026-02-07T05:50:00Z,0.19575,0.19576,0.19498,0.19504,278086.8,54290.903475,0.19575,0.19576,0.19506,0.19507,0.19591,0.19595,0.1953,0.19535,-0.00097104,-0.00087135,-0.00115189,-0.00087135,-0.0003100000000000047,-0.0015868953160993332
1770443700000,2026-02-07T05:55:00Z,0.19504,0.19544,0.19495,0.19539,227612.3,44431.004794,0.19507,0.19543,0.195,0.19542,0.19535,0.19564,0.19528,0.19564,-0.00087135,-0.00043382,-0.00048984,-0.00048984,-0.0002500000000000002,-0.001277857288897977
1770444000000,2026-02-07T06:00:00Z,0.19539,0.19571,0.19527,0.1955,294134.2,57484.65424,0.19542,0.19571,0.19531,0.1955,0.19564,0.19584,0.19551,0.19563,-0.00048984,-0.00070991,-0.00111612,-0.00070991,-0.00012999999999999123,-0.0006645197566834904
1770444300000,2026-02-07T06:05:00Z,0.1955,0.19646,0.19546,0.19646,401211.2,78687.499738,0.1955,0.19646,0.1955,0.19646,0.19563,0.19658,0.19563,0.19655,-0.00070991,-0.00052398,-0.00054758,-0.00052398,-9.000000000000674e-05,-0.000457898753497872
1770444600000,2026-02-07T06:10:00Z,0.19646,0.19651,0.19546,0.19612,694593.2,136134.974066,0.19646,0.19651,0.19565,0.19612,0.19655,0.19659,0.19579,0.19627,-0.00052398,-0.00008524,-0.00063284,-0.00008524,-0.00015000000000001124,-0.0007642533245020188
1770444900000,2026-02-07T06:15:00Z,0.19612,0.19612,0.19482,0.19491,550197.5,107339.192663,0.19612,0.19612,0.19485,0.19501,0.19627,0.19627,0.19495,0.19519,-0.00008524,-0.00002272,-0.00061744,-0.00061744,-0.00028000000000000247,-0.0014344997182232822
1770445200000,2026-02-07T06:20:00Z,0.19491,0.19572,0.19491,0.19554,228862.7,44738.246828,0.19501,0.19571,0.19501,0.19554,0.19519,0.19579,0.19519,0.19565,-0.00061744,0,-0.0008254,-0.0008254,-0.00010999999999999899,-0.0005622284692052082
1770445500000,2026-02-07T06:25:00Z,0.19554,0.19595,0.19538,0.19538,148052.1,28977.491632,0.19554,0.19595,0.19543,0.19547,0.19565,0.19601,0.1956,0.19564,-0.0008254,0,-0.00079112,-0.00079112,-0.0002600000000000102,-0.001328971580453947
1770445800000,2026-02-07T06:30:00Z,0.19538,0.19549,0.19508,0.19542,277290.3,54155.597701,0.19547,0.19549,0.19516,0.19542,0.19564,0.19564,0.1953,0.19554,-0.00079112,-0.00026951,-0.00046448,-0.00026951,-0.00011999999999998123,-0.0006136851795028191
1770446100000,2026-02-07T06:35:00Z,0.19542,0.19573,0.19531,0.19542,121461.7,23748.402699,0.19542,0.19573,0.19536,0.19542,0.19554,0.19575,0.19552,0.19554,-0.00026951,-0.00005889,-0.00054401,-0.00054401,-0.00011999999999998123,-0.0006136851795028191
1770446400000,2026-02-07T06:40:00Z,0.19542,0.19543,0.19455,0.19468,267185.8,52096.511646,0.19542,0.19543,0.19463,0.19471,0.19554,0.19554,0.19479,0.19488,-0.00054401,-0.00021681,-0.00080117,-0.00080117,-0.00020000000000000573,-0.0010262725779967452
1770446700000,2026-02-07T06:45:00Z,0.19468,0.19501,0.19415,0.19461,525994.9,102364.569018,0.19471,0.19496,0.19422,0.19465,0.19488,0.19506,0.19442,0.19483,-0.00080117,-0.0004774,-0.00065196,-0.00065196,-0.00021999999999999797,-0.0011291895498639736
1770447000000,2026-02-07T06:50:00Z,0.19461,0.19473,0.19372,0.19374,508324.3,98724.273627,0.19465,0.19473,0.19374,0.19374,0.19483,0.19486,0.19391,0.19391,-0.00065196,-0.00058358,-0.00063032,-0.00058358,-0.00017000000000000348,-0.0008766953741426614
1770447300000,2026-02-07T06:55:00Z,0.19374,0.19392,0.19148,0.19158,1276389.2,245945.419124,0.19374,0.19392,0.19158,0.19158,0.19391,0.19401,0.19179,0.19179,-0.00058358,-0.00072502,-0.00127925,-0.00072502,-0.00020999999999998797,-0.001094947598936274
1770447600000,2026-02-07T07:00:00Z,0.19158,0.19263,0.19149,0.19154,1079471.7,207437.189063,0.19158,0.19263,0.19157,0.19162,0.19179,0.1927,0.19178,0.19183,-0.00072502,-0.00040927,-0.00119222,-0.00040927,-0.00029000000000001247,-0.001511755199916658
1770447900000,2026-02-07T07:05:00Z,0.19154,0.19177,0.1898,0.19031,1747115.5,333081.771391,0.19162,0.19172,0.18983,0.19031,0.19183,0.1919,0.19006,0.19048,-0.00040927,-0.00048679,-0.00061851,-0.00061851,-0.00017000000000000348,-0.0008924821503570111
1770448200000,2026-02-07T07:10:00Z,0.19031,0.19104,0.18888,0.18891,1851241.3,351708.164979,0.19031,0.191,0.18892,0.18892,0.19048,0.19115,0.18911,0.18913,-0.00061851,-0.00023423,-0.00098425,-0.00098425,-0.00021999999999999797,-0.0011632210648760005
1770448500000,2026-02-07T07:15:00Z,0.18891,0.18972,0.18671,0.18845,3435788.5,646227.311436,0.18892,0.18969,0.18688,0.18852,0.18913,0.18977,0.18705,0.18871,-0.00098425,-0.00071691,-0.00079515,-0.00079515,-0.00025999999999998247,-0.0013777754226060224
1770448800000,2026-02-07T07:20:00Z,0.18845,0.18959,0.18806,0.18892,1031963.9,194731.581803,0.18852,0.18958,0.18812,0.18892,0.18871,0.1897,0.18831,0.18908,-0.00079515,-0.00042333,-0.00051165,-0.00042333,-0.00015999999999999348,-0.0008462026655383619
1770449100000,2026-02-07T07:25:00Z,0.18892,0.18983,0.18892,0.18955,652103.1,123501.005148,0.18892,0.1898,0.18892,0.18955,0.18908,0.18987,0.18908,0.18958,-0.00042333,0,-0.00040408,-0.00040408,-3.0000000000002247e-05,-0.00015824454056336242
1770449400000,2026-02-07T07:30:00Z,0.18955,0.18975,0.18802,0.1885,618476.7,116876.431551,0.18955,0.18967,0.18811,0.1885,0.18958,0.18973,0.1883,0.18868,-0.00040408,-0.00018097,-0.00057436,-0.00018097,-0.00017999999999998573,-0.0009539961840151883
1770449700000,2026-02-07T07:35:00Z,0.1885,0.18953,0.18842,0.18927,611537.5,115559.080968,0.1885,0.18945,0.18849,0.18927,0.18868,0.18957,0.18864,0.18938,-0.00018097,-0.0000754,-0.0001459,-0.0001459,-0.00010999999999999899,-0.0005808427500263966
1770450000000,2026-02-07T07:40:00Z,0.18927,0.19178,0.18927,0.19088,1232068.8,235031.55385,0.18927,0.19175,0.18927,0.19092,0.18938,0.19181,0.18935,0.19105,-0.0001459,-0.00041055,-0.00051504,-0.00051504,-0.00017000000000000348,-0.0008898194190002799
1770450300000,2026-02-07T07:45:00Z,0.19088,0.19092,0.18979,0.19024,688842.2,131114.046965,0.19092,0.19092,0.18985,0.19024,0.19105,0.19106,0.18999,0.19037,-0.00051504,0,-0.00003251,-0.00003251,-0.000130000000000019,-0.0006828807059936911
1770450600000,2026-02-07T07:50:00Z,0.19024,0.19044,0.18981,0.18992,256183.3,48695.526968,0.19024,0.19044,0.18985,0.18992,0.19037,0.19048,0.18999,0.19,-0.00003251,-0.00010985,-0.0002333,-0.0002333,-7.999999999999674e-05,-0.0004210526315789302
1770450900000,2026-02-07T07:55:00Z,0.18992,0.18992,0.18918,0.18922,272413.7,51633.311285,0.18992,0.18992,0.18924,0.18926,0.19,0.19001,0.18936,0.18938,-0.0002333,-0.00030849,-0.00041488,-0.00041488,-0.00015999999999999348,-0.0008448621818565503
1770451200000,2026-02-07T08:00:00Z,0.18922,0.18922,0.18821,0.18892,537851.5,101546.104039,0.18926,0.18926,0.18831,0.18895,0.18938,0.18938,0.18845,0.1891,-0.00041488,-0.00055765,-0.00057655,-0.00055765,-0.00017999999999998573,-0.0009518773135906173
1770451500000,2026-02-07T08:05:00Z,0.18892,0.18965,0.18892,0.18896,463215.5,87699.764464,0.18895,0.18965,0.18895,0.18896,0.1891,0.18973,0.18908,0.1891,-0.00055765,-0.00025427,-0.00033229,-0.00033229,-0.00014000000000000123,-0.0007403490216816565
1770451800000,2026-02-07T08:10:00Z,0.18896,0.18998,0.18893,0.18919,525885.5,99613.395263,0.18896,0.19,0.18894,0.18923,0.1891,0.19011,0.18908,0.18944,-0.00033229,-0.00035046,-0.00115075,-0.00035046,-0.0002500000000000002,-0.0013196790540540553
1770452100000,2026-02-07T08:15:00Z,0.18919,0.18943,0.1884,0.18899,378770.3,71563.638515,0.18923,0.18941,0.18848,0.18899,0.18944,0.18955,0.18866,0.18912,-0.00035046,-0.00005864,-0.0011279,-0.0011279,-0.000130000000000019,-0.0006873942470390174
1770452400000,2026-02-07T08:20:00Z,0.18899,0.18998,0.18899,0.18982,632846.8,119974.906121,0.18899,0.18998,0.18899,0.18985,0.18912,0.1901,0.18911,0.18997,-0.0011279,-0.00004454,-0.0000586,-0.0000586,-0.00015000000000001124,-0.0007895983576354752
1770452700000,2026-02-07T08:25:00Z,0.18982,0.19012,0.18944,0.18962,637828,121073.182949,0.18985,0.19011,0.1895,0.18963,0.18997,0.19025,0.18964,0.18982,-0.0000586,-0.00008454,-0.00090759,-0.00090759,-0.00019999999999997797,-0.0010536297545041512
1770453000000,2026-02-07T08:30:00Z,0.18962,0.19063,0.18962,0.18978,372907,70859.047,0.18963,0.19062,0.18962,0.18982,0.18982,0.19075,0.1898,0.18999,-0.00090759,-0.00022001,-0.00032707,-0.00032707,-0.00020999999999998797,-0.001105321332701658
1770453300000,2026-02-07T08:35:00Z,0.18978,0.18996,0.1892,0.1892,485399.2,91994.047229,0.18982,0.18996,0.18927,0.18927,0.18999,0.1901,0.1894,0.18944,-0.00032707,-0.00029239,-0.00075516,-0.00029239,-0.00023999999999999022,-0.0012668918918918404
1770453600000,2026-02-07T08:40:00Z,0.1892,0.18992,0.1892,0.18961,293519.5,55704.64342,0.18927,0.18992,0.18926,0.18971,0.18944,0.19001,0.18944,0.18985,-0.00029239,0,-0.00084889,-0.00084889,-0.00023999999999999022,-0.0012641559125624979
1770453900000,2026-02-07T08:45:00Z,0.18961,0.19029,0.18961,0.1901,229746.9,43654.99696,0.18971,0.19029,0.1897,0.1901,0.18985,0.19039,0.18983,0.19021,-0.00084889,-0.00027299,-0.00045278,-0.00045278,-0.00010999999999999899,-0.0005783081856894958
1770454200000,2026-02-07T08:50:00Z,0.1901,0.19065,0.18997,0.19042,217940.2,41490.177538,0.1901,0.19068,0.19001,0.19045,0.19021,0.19082,0.19014,0.19059,-0.00045278,0,-0.00014181,0,-0.00017000000000000348,-0.0008919670496878297
1770454500000,2026-02-07T08:55:00Z,0.19042,0.19073,0.19031,0.19035,209114,39835.163179,0.19045,0.19075,0.19038,0.19039,0.19059,0.1909,0.19059,0.1906,0,-0.00062504,-0.00065142,-0.00065142,-0.0002500000000000002,-0.00131164742917104
1770454800000,2026-02-07T09:00:00Z,0.19035,0.19088,0.19025,0.19056,299703.8,57133.436033,0.19039,0.19088,0.19028,0.1906,0.1906,0.19107,0.19048,0.19084,-0.00065142,-0.00020348,-0.00050719,-0.00050719,-0.00028000000000000247,-0.0014671976524837688
1770455100000,2026-02-07T09:05:00Z,0.19056,0.19104,0.1903,0.19103,270110.9,51489.797251,0.1906,0.19103,0.19034,0.19103,0.19084,0.19107,0.19056,0.19107,-0.00050719,-0.00004981,-0.00056525,-0.00004981,-3.999999999998449e-05,-0.0002093473596063458
1770455400000,2026-02-07T09:10:00Z,0.19103,0.19127,0.19072,0.19119,366573.2,70006.932867,0.19103,0.19127,0.19078,0.19119,0.19107,0.19136,0.19092,0.19135,-0.00004981,-0.00013997,-0.00015592,-0.00015592,-0.00015999999999999348,-0.0008361640972040423
1770455700000,2026-02-07T09:15:00Z,0.19119,0.19121,0.19044,0.19084,555754.5,106055.718772,0.19119,0.1912,0.19058,0.19085,0.19135,0.19135,0.19072,0.19106,-0.00015592,-0.00063031,-0.00135794,-0.00063031,-0.00021999999999999797,-0.0011514707421752222
1770456000000,2026-02-07T09:20:00Z,0.19084,0.19084,0.19042,0.19071,98046.4,18690.626403,0.19085,0.19085,0.19048,0.19071,0.19106,0.19107,0.19064,0.19087,-0.00063031,-0.0000584,-0.00098259,-0.00098259,-0.00016000000000002124,-0.000838266883219056
1770456300000,2026-02-07T09:25:00Z,0.19071,0.19071,0.18991,0.19012,248621.4,47298.084005,0.19071,0.19071,0.18993,0.19012,0.19087,0.19087,0.19008,0.19029,-0.00098259,-0.00008811,-0.00051864,-0.00008811,-0.00016999999999997573,-0.0008933732723736178
1770456600000,2026-02-07T09:30:00Z,0.19012,0.19062,0.18933,0.18979,565425.9,107348.492748,0.19012,0.19062,0.18948,0.18979,0.19029,0.19068,0.18961,0.1899,-0.00008811,-0.00095433,-0.00101095,-0.00101095,-0.00011000000000002674,-0.0005792522380201513
1770456900000,2026-02-07T09:35:00Z,0.18979,0.19016,0.18949,0.18951,306672.1,58229.201479,0.18979,0.19016,0.18954,0.18954,0.1899,0.19027,0.18971,0.18971,-0.00101095,-0.0002673,-0.00027412,-0.0002673,-0.00019999999999997797,-0.0010542406831478466
1770457200000,2026-02-07T09:40:00Z,0.18951,0.18988,0.1894,0.18979,252561.4,47882.286255,0.18954,0.18988,0.18943,0.18979,0.18971,0.19002,0.18959,0.1899,-0.0002673,-0.00023611,-0.00058624,-0.00058624,-0.00011000000000002674,-0.0005792522380201513
1770457500000,2026-02-07T09:45:00Z,0.18979,0.18994,0.18934,0.1894,328975.1,62374.339068,0.18979,0.18994,0.18941,0.18942,0.1899,0.18998,0.1895,0.18951,-0.00058624,-0.00001086,-0.00013153,-0.00013153,-0.00010999999999999899,-0.0005804443037306685
1770457800000,2026-02-07T09:50:00Z,0.1894,0.18958,0.18932,0.18954,203605.5,38574.67467,0.18942,0.18956,0.18936,0.18954,0.18951,0.18964,0.18946,0.18962,-0.00013153,-0.0001063,-0.00027691,-0.0001063,-8.00000000000245e-05,-0.00042189642442793214
1770458100000,2026-02-07T09:55:00Z,0.18954,0.18998,0.18944,0.18962,191714.5,36359.592656,0.18954,0.18996,0.18946,0.18962,0.18962,0.19003,0.18957,0.18969,-0.0001063,-0.00015113,-0.00047459,-0.00015113,-6.999999999998674e-05,-0.00036902314302275684
1770458400000,2026-02-07T10:00:00Z,0.18962,0.19027,0.18947,0.18996,177792.7,33754.686009,0.18962,0.1903,0.18949,0.18999,0.18969,0.19039,0.18962,0.1901,-0.00015113,-0.00019829,-0.0004215,-0.0004215,-0.00014000000000000123,-0.0007364544976328313
1770458700000,2026-02-07T10:05:00Z,0.18996,0.19006,0.18934,0.18971,285393.9,54141.795655,0.18999,0.19007,0.18938,0.18975,0.1901,0.19018,0.18956,0.18991,-0.0004215,0,-0.00045252,0,-0.00020000000000000573,-0.001053130430203811
1770459000000,2026-02-07T10:10:00Z,0.18971,0.18982,0.18952,0.18973,147241.6,27933.057255,0.18975,0.18982,0.1896,0.18973,0.18991,0.18996,0.18974,0.18977,0,-0.00031712,-0.00049036,-0.00049036,-3.999999999998449e-05,-0.00021078147230850237
1770459300000,2026-02-07T10:15:00Z,0.18973,0.18993,0.18946,0.1895,172363.7,32680.709047,0.18973,0.18989,0.18949,0.1895,0.18977,0.1899,0.1896,0.1896,-0.00049036,0,-0.00006149,0,-9.999999999998899e-05,-0.0005274261603374947
1770459600000,2026-02-07T10:20:00Z,0.1895,0.18971,0.18938,0.1896,105377.9,19975.691048,0.1895,0.18971,0.18947,0.1896,0.1896,0.18976,0.18957,0.1897,0,0,-0.00042705,0,-0.00010000000000001674,-0.0005271481286242317
1770459900000,2026-02-07T10:25:00Z,0.1896,0.18993,0.18951,0.18975,164347.9,31185.41169,0.1896,0.18991,0.18954,0.18975,0.1897,0.18997,0.18965,0.18984,0,-0.00004021,-0.00033245,-0.00033245,-9.000000000000674e-05,-0.0004740834386852441
1770460200000,2026-02-07T10:30:00Z,0.18975,0.1899,0.18916,0.18917,117221.6,22213.505946,0.18975,0.18989,0.18923,0.18928,0.18984,0.18996,0.18938,0.18944,-0.00033245,-0.0002358,-0.00069452,-0.0002358,-0.00026999999999999247,-0.0014252533783783387
1770460500000,2026-02-07T10:35:00Z,0.18917,0.18937,0.18864,0.18869,206713.7,39071.951171,0.18928,0.18937,0.18866,0.18869,0.18944,0.18946,0.18883,0.18886,-0.0002358,-0.00022295,-0.00039512,-0.00039512,-0.00017000000000000348,-0.0009001376681139653
1770460800000,2026-02-07T10:40:00Z,0.18869,0.18967,0.18861,0.18933,487044.2,92193.169068,0.18869,0.18966,0.18868,0.18934,0.18886,0.18972,0.18883,0.18948,-0.00039512,-0.00018074,-0.00049981,-0.00049981,-0.00015000000000001124,-0.0007916402786574373
1770461100000,2026-02-07T10:45:00Z,0.18933,0.18935,0.18876,0.18903,206665.6,39075.162216,0.18934,0.18935,0.1888,0.18903,0.18948,0.18948,0.18897,0.18913,-0.00049981,-0.00034197,-0.00085989,-0.00034197,-9.999999999998899e-05,-0.000528736847670856
1770461400000,2026-02-07T10:50:00Z,0.18903,0.18976,0.18903,0.18953,159636.3,30254.90213,0.18903,0.18976,0.18903,0.18953,0.18913,0.18978,0.18913,0.18962,-0.00034197,-0.00001997,-0.00002225,-0.00002225,-9.000000000000674e-05,-0.0004746334774813139
1770461700000,2026-02-07T10:55:00Z,0.18953,0.19012,0.18939,0.18991,290191.2,55092.259139,0.18953,0.19012,0.18943,0.18995,0.18962,0.19021,0.18952,0.19006,-0.00002225,-0.00013043,-0.00033252,-0.00033252,-0.00015000000000001124,-0.0007892244554351848
1770462000000,2026-02-07T11:00:00Z,0.18991,0.19034,0.18973,0.1902,165468,31452.665078,0.18995,0.19037,0.18974,0.1902,0.19006,0.19049,0.18989,0.19026,-0.00033252,-0.00032301,-0.00043696,-0.00032301,-6.0000000000004494e-05,-0.00031535793125199457
1770462300000,2026-02-07T11:05:00Z,0.1902,0.1902,0.18971,0.18997,168423.7,31993.71114,0.1902,0.1902,0.18978,0.18997,0.19026,0.19031,0.18992,0.19008,-0.00032301,-0.00008334,-0.00074859,-0.00008334,-0.00010999999999999899,-0.0005787037037036984
1770462600000,2026-02-07T11:10:00Z,0.18997,0.19022,0.18969,0.18979,127831.1,24282.308843,0.18997,0.19021,0.18977,0.18985,0.19008,0.19033,0.18991,0.19003,-0.00008334,-0.00047349,-0.00051507,-0.00051507,-0.00024000000000001798,-0.0012629584802400567
1770462900000,2026-02-07T11:15:00Z,0.18979,0.19022,0.1897,0.19019,131585.6,24987.38917,0.18985,0.19021,0.18976,0.19019,0.19003,0.19029,0.18991,0.19026,-0.00051507,-0.00056952,-0.00058037,-0.00058037,-7.00000000000145e-05,-0.000367917586460709
1770463200000,2026-02-07T11:20:00Z,0.19019,0.19032,0.18983,0.18989,105626.9,20086.366199,0.19019,0.19032,0.18986,0.18989,0.19026,0.19042,0.19002,0.19003,-0.00058037,-0.00067798,-0.00083005,-0.00067798,-0.00014000000000000123,-0.0007367257801399843
1770463500000,2026-02-07T11:25:00Z,0.18989,0.18999,0.1898,0.18992,64166,12185.342823,0.18989,0.18999,0.18982,0.18996,0.19003,0.19015,0.18999,0.19011,-0.00067798,-0.00028206,-0.00056307,-0.00028206,-0.00018999999999999573,-0.0009994213876176725
1770463800000,2026-02-07T11:30:00Z,0.18992,0.1904,0.18985,0.18997,174133.9,33097.854313,0.18996,0.19042,0.18988,0.18997,0.19011,0.19052,0.19003,0.1901,-0.00028206,-0.00007318,-0.00062903,-0.00007318,-0.00012999999999999123,-0.0006838506049447198
1770464100000,2026-02-07T11:35:00Z,0.18997,0.1901,0.18949,0.18951,328914.8,62417.466278,0.18997,0.1901,0.18951,0.18952,0.1901,0.19021,0.18971,0.18972,-0.00007318,-0.00040076,-0.00084731,-0.00084731,-0.00020999999999998797,-0.001106894370651423
1770464400000,2026-02-07T11:40:00Z,0.18951,0.18979,0.18949,0.18955,136144.7,25819.897847,0.18952,0.18979,0.18952,0.1896,0.18972,0.18996,0.18972,0.18978,-0.00084731,-0.00038013,-0.00107854,-0.00038013,-0.00023000000000000798,-0.0012119296026979027
1770464700000,2026-02-07T11:45:00Z,0.18955,0.19,0.18955,0.18974,338619.6,64269.795997,0.1896,0.19,0.1896,0.18975,0.18978,0.19014,0.18975,0.18991,-0.00038013,-0.00057313,-0.0006268,-0.00057313,-0.00017000000000000348,-0.000895160865673232
1770465000000,2026-02-07T11:50:00Z,0.18974,0.19,0.18968,0.18973,257704.5,48916.154521,0.18975,0.19,0.18969,0.18977,0.18991,0.19012,0.18983,0.18989,-0.00057313,-0.00010407,-0.00035458,-0.00035458,-0.00015999999999999348,-0.0008425930802042945
1770465300000,2026-02-07T11:55:00Z,0.18973,0.19051,0.18973,0.19027,356214.2,67755.198332,0.18977,0.1905,0.18977,0.19028,0.18989,0.19063,0.18989,0.19046,-0.00035458,-0.00046766,-0.00048677,-0.00046766,-0.00018999999999999573,-0.0009975847947075278
1770465600000,2026-02-07T12:00:00Z,0.19027,0.19157,0.19001,0.19136,1277089.6,243769.528135,0.19028,0.19149,0.19003,0.19139,0.19046,0.19169,0.19021,0.19158,-0.00046766,-0.00023863,-0.0010865,-0.00023863,-0.00021999999999999797,-0.0011483453387618643
1770465900000,2026-02-07T12:05:00Z,0.19136,0.19368,0.19107,0.19353,887871.4,170891.748435,0.19139,0.19367,0.19112,0.19357,0.19158,0.19374,0.19131,0.19369,-0.00023863,0,-0.00033129,-0.00033129,-0.00015999999999999348,-0.0008260622644431487
1770466200000,2026-02-07T12:10:00Z,0.19353,0.19417,0.19267,0.19398,771087.3,149180.690468,0.19357,0.19416,0.19278,0.19405,0.19369,0.1943,0.19293,0.1942,-0.00033129,-0.00025769,-0.00039007,-0.00039007,-0.00021999999999999797,-0.0011328527291452005
1770466500000,2026-02-07T12:15:00Z,0.19398,0.19789,0.19359,0.19739,1898013.9,371880.552081,0.19405,0.19786,0.19378,0.19739,0.1942,0.19793,0.19394,0.1975,-0.00039007,-0.00057591,-0.00061968,-0.00057591,-0.00010999999999999899,-0.0005569620253164506
1770466800000,2026-02-07T12:20:00Z,0.19739,0.1974,0.19619,0.19686,631408.3,124127.948378,0.19739,0.19739,0.19627,0.19686,0.1975,0.1975,0.19654,0.1971,-0.00057591,-0.00061606,-0.0011873,-0.0011873,-0.00023999999999999022,-0.0012176560121765106
1770467100000,2026-02-07T12:25:00Z,0.19686,0.19686,0.19604,0.1961,865911.7,170085.397851,0.19686,0.19686,0.19609,0.1961,0.1971,0.1971,0.19629,0.19631,-0.0011873,-0.00014567,-0.00069348,-0.00014567,-0.00021000000000001573,-0.0010697366410270272
1770467400000,2026-02-07T12:30:00Z,0.1961,0.19825,0.19604,0.19788,1010638.8,199769.945066,0.1961,0.19825,0.1961,0.19788,0.19631,0.19841,0.19629,0.19805,-0.00014567,-0.0003486,-0.00050441,-0.00050441,-0.00017000000000000348,-0.0008583690987124639
1770467700000,2026-02-07T12:35:00Z,0.19788,0.19793,0.19645,0.19661,439463.6,86642.56595,0.19788,0.19792,0.1965,0.19661,0.19805,0.19807,0.19674,0.19681,-0.00050441,-0.00052111,-0.00084613,-0.00052111,-0.00020000000000000573,-0.001016208525989562
1770468000000,2026-02-07T12:40:00Z,0.19661,0.19702,0.19643,0.19654,579164.8,113927.381647,0.19661,0.19703,0.19648,0.19656,0.19681,0.19714,0.19658,0.19667,-0.00052111,0,-0.00002195,-0.00002195,-0.000130000000000019,-0.0006610057456654243
1770468300000,2026-02-07T12:45:00Z,0.19654,0.19699,0.19633,0.19672,246679.6,48505.096195,0.19656,0.19689,0.19641,0.19672,0.19667,0.19698,0.19656,0.19681,-0.00002195,0,-0.00018979,-0.00018979,-9.000000000000674e-05,-0.0004572938366953241
1770468600000,2026-02-07T12:50:00Z,0.19672,0.19703,0.19573,0.19574,577394.7,113354.98872,0.19672,0.19703,0.19578,0.19578,0.19681,0.19713,0.19601,0.19601,-0.00018979,-0.0003962,-0.00111123,-0.00111123,-0.00026999999999999247,-0.0013774807407784934
1770468900000,2026-02-07T12:55:00Z,0.19574,0.19659,0.19568,0.19646,288549.4,56598.994481,0.19578,0.19659,0.19577,0.19649,0.19601,0.19678,0.19599,0.1967,-0.00111123,-0.00012508,-0.00049814,-0.00049814,-0.00024000000000001798,-0.0012201321809863649
1770469200000,2026-02-07T13:00:00Z,0.19646,0.1976,0.19586,0.19617,369443.7,72637.416584,0.19649,0.19757,0.19591,0.19617,0.1967,0.19771,0.19613,0.19637,-0.00049814,-0.00063626,-0.00102958,-0.00063626,-0.00019999999999997797,-0.001018485512043479
1770469500000,2026-02-07T13:05:00Z,0.19617,0.19665,0.19587,0.19643,246397,48343.16365,0.19617,0.19662,0.19591,0.19643,0.19637,0.19663,0.19612,0.19652,-0.00063626,-0.00027309,-0.0007918,-0.00027309,-9.000000000000674e-05,-0.0004579686545898979
1770469800000,2026-02-07T13:10:00Z,0.19643,0.19668,0.19606,0.19632,283733.3,55729.148105,0.19643,0.19667,0.19613,0.19632,0.19652,0.19678,0.19629,0.19648,-0.00027309,-0.00026309,-0.00038616,-0.00026309,-0.00015999999999999348,-0.0008143322475569701
1770470100000,2026-02-07T13:15:00Z,0.19632,0.19664,0.19627,0.1964,280569.6,55114.318529,0.19632,0.19661,0.19632,0.19649,0.19648,0.19679,0.19648,0.19669,-0.00026309,-0.00045253,-0.00098697,-0.00098697,-0.00029000000000001247,-0.001474401342213699
1770470400000,2026-02-07T13:20:00Z,0.1964,0.1965,0.19562,0.19586,248027,48606.454265,0.19649,0.1965,0.19569,0.19586,0.19669,0.19669,0.1959,0.19603,-0.00098697,-0.00044822,-0.00102997,-0.00044822,-0.00017000000000000348,-0.000867214201907889
1770470700000,2026-02-07T13:25:00Z,0.19586,0.19591,0.19543,0.19565,170505.2,33365.739965,0.19586,0.19586,0.19548,0.19565,0.19603,0.19603,0.19571,0.19584,-0.00044822,-0.00022834,-0.00091929,-0.00091929,-0.00018999999999999573,-0.0009701797385620697
1770471000000,2026-02-07T13:30:00Z,0.19565,0.19573,0.19457,0.19484,344277.5,67168.00075,0.19565,0.19572,0.19459,0.19489,0.19584,0.19584,0.19482,0.19512,-0.00091929,-0.00062196,-0.00126294,-0.00062196,-0.0002799999999999747,-0.0014350143501433718
1770471300000,2026-02-07T13:35:00Z,0.19484,0.1952,0.19426,0.19426,375668.9,73130.986011,0.19489,0.1952,0.19435,0.19435,0.19512,0.19534,0.19457,0.19457,-0.00062196,-0.00030476,-0.00080033,-0.00080033,-0.0003100000000000047,-0.001593256925528112
1770471600000,2026-02-07T13:40:00Z,0.19426,0.19508,0.19426,0.19448,194674.8,37900.402179,0.19435,0.19507,0.19432,0.19448,0.19457,0.19525,0.19454,0.19473,-0.00080033,-0.00053252,-0.00119545,-0.00119545,-0.0002500000000000002,-0.0012838288912853707
1770471900000,2026-02-07T13:45:00Z,0.19448,0.19511,0.19439,0.19505,217655.8,42388.854366,0.19448,0.19511,0.1944,0.19505,0.19473,0.1952,0.19463,0.1952,-0.00119545,-0.0000564,-0.00082322,-0.0000564,-0.00015000000000001124,-0.0007684426229508772
1770472200000,2026-02-07T13:50:00Z,0.19505,0.19566,0.19478,0.19544,395992.4,77332.357691,0.19505,0.19566,0.19486,0.19551,0.1952,0.19579,0.19503,0.19566,-0.0000564,-0.00013265,-0.00064977,-0.00064977,-0.00021999999999999797,-0.0011243994684656954
1770472500000,2026-02-07T13:55:00Z,0.19544,0.19576,0.19533,0.19565,152793,29882.432365,0.19551,0.19576,0.19537,0.19565,0.19566,0.19587,0.19554,0.19582,-0.00064977,-0.00001347,-0.00058212,-0.00058212,-0.00017000000000000348,-0.0008681442140741675
1770472800000,2026-02-07T14:00:00Z,0.19565,0.1958,0.19526,0.19544,203810,39834.590215,0.19565,0.19579,0.19536,0.19544,0.19582,0.19589,0.19556,0.19559,-0.00058212,-0.00040062,-0.00064847,-0.00040062,-0.00015000000000001124,-0.0007669103737410462
1770473100000,2026-02-07T14:05:00Z,0.19544,0.19544,0.19502,0.19536,253166.4,49407.76688,0.19544,0.19544,0.19509,0.19536,0.19559,0.19559,0.19529,0.19553,-0.00040062,-0.00056382,-0.00086081,-0.00056382,-0.00017000000000000348,-0.0008694318007467063
1770473400000,2026-02-07T14:10:00Z,0.19536,0.19566,0.19468,0.19499,149310.2,29126.564571,0.19536,0.19565,0.1947,0.19499,0.19553,0.19578,0.19493,0.19509,-0.00056382,-0.00061493,-0.00065476,-0.00065476,-0.00010000000000001674,-0.0005125839356195435
1770473700000,2026-02-07T14:15:00Z,0.19499,0.19499,0.1946,0.19495,155285.8,30245.594213,0.19499,0.19499,0.19464,0.19495,0.19509,0.19511,0.19479,0.1951,-0.00065476,-0.00041315,-0.0005886,-0.0005886,-0.00014999999999998348,-0.0007688364941055022
1770474000000,2026-02-07T14:20:00Z,0.19495,0.1953,0.19494,0.19519,73487.9,14340.059216,0.19495,0.1953,0.19494,0.19521,0.1951,0.19542,0.1951,0.19536,-0.0005886,-0.00008994,-0.00067669,-0.00067669,-0.00017000000000000348,-0.000870188370188388
1770474300000,2026-02-07T14:25:00Z,0.19519,0.19555,0.19489,0.19489,96003.6,18744.572028,0.19521,0.19555,0.19496,0.19496,0.19536,0.19569,0.19512,0.19512,-0.00067669,0,-0.00050586,0,-0.00022999999999998022,-0.0011787617876177748
1770474600000,2026-02-07T14:30:00Z,0.19489,0.19546,0.19447,0.19458,489864.4,95510.393252,0.19496,0.19497,0.19449,0.19458,0.19512,0.19514,0.19473,0.19474,0,-0.0005225,-0.00118237,-0.00118237,-0.00015999999999999348,-0.0008216082982437788
1770474900000,2026-02-07T14:35:00Z,0.19458,0.19512,0.19315,0.1934,910374.6,176589.074635,0.19458,0.1951,0.1932,0.1934,0.19474,0.19512,0.19339,0.19351,-0.00118237,-0.00058691,-0.00098229,-0.00098229,-0.00010999999999999899,-0.0005684460751382305
1770475200000,2026-02-07T14:40:00Z,0.1934,0.1945,0.19335,0.19404,354529.6,68788.656074,0.1934,0.1945,0.1934,0.19405,0.19351,0.19455,0.19351,0.19419,-0.00098229,-0.00016632,-0.00025872,-0.00016632,-0.00015000000000001124,-0.0007724393635100223
1770475500000,2026-02-07T14:45:00Z,0.19404,0.19417,0.19211,0.19235,794579.8,153196.262661,0.19405,0.19414,0.19219,0.1924,0.19419,0.19428,0.19234,0.19255,-0.00016632,-0.00006849,-0.00029652,-0.00029652,-0.00020000000000000573,-0.0010386912490262567
1770475800000,2026-02-07T14:50:00Z,0.19235,0.193,0.19235,0.19245,177316.7,34179.713049,0.1924,0.193,0.1924,0.19245,0.19255,0.19311,0.19254,0.19265,-0.00029652,-0.00074419,-0.0007578,-0.0007578,-0.00019999999999997797,-0.0010381520892809653
1770476100000,2026-02-07T14:55:00Z,0.19245,0.19253,0.19212,0.19241,235709.6,45342.716523,0.19245,0.19252,0.19224,0.19241,0.19265,0.19265,0.19244,0.1926,-0.0007578,-0.00064033,-0.00073555,-0.00073555,-0.00018999999999999573,-0.0009865005192107774
1770476400000,2026-02-07T15:00:00Z,0.19241,0.19359,0.19187,0.19343,790882.2,152323.912093,0.19241,0.19359,0.19199,0.19343,0.1926,0.19371,0.19219,0.19359,-0.00073555,-0.00004485,-0.00030693,-0.00030693,-0.00016000000000002124,-0.0008264889715378957
1770476700000,2026-02-07T15:05:00Z,0.19343,0.19412,0.19339,0.19374,407492.3,78967.819077,0.19343,0.19414,0.19343,0.19377,0.19359,0.19428,0.19359,0.194,-0.00030693,-0.00001257,-0.00089863,-0.00089863,-0.0002600000000000102,-0.001340206185567063
1770477000000,2026-02-07T15:10:00Z,0.19374,0.19467,0.19327,0.19452,230453.8,44717.629904,0.19377,0.19463,0.1933,0.19452,0.194,0.19479,0.19354,0.19469,-0.00089863,-0.00003713,-0.00054137,-0.00003713,-0.00017000000000000348,-0.0008731830088859391
1770477300000,2026-02-07T15:15:00Z,0.19452,0.19504,0.19417,0.19468,333150.5,64840.377248,0.19452,0.19504,0.19419,0.19468,0.19469,0.19513,0.19439,0.19483,-0.00003713,-0.00036618,-0.00043832,-0.00036618,-0.00015000000000001124,-0.0007699019658164104
1770477600000,2026-02-07T15:20:00Z,0.19468,0.19619,0.19468,0.19557,866028.1,169319.949565,0.19468,0.19617,0.19468,0.19557,0.19483,0.19635,0.19483,0.19576,-0.00036618,-0.00038704,-0.0007545,-0.0007545,-0.00018999999999999573,-0.0009705762157743959
1770477900000,2026-02-07T15:25:00Z,0.19557,0.19595,0.19513,0.19575,293977.6,57479.060544,0.19557,0.19595,0.19516,0.19575,0.19576,0.19606,0.19543,0.19594,-0.0007545,-0.00048332,-0.00075001,-0.00048332,-0.00018999999999999573,-0.0009696845973256902
1770478200000,2026-02-07T15:30:00Z,0.19575,0.19729,0.1957,0.19678,928647.1,182601.06568,0.19575,0.19724,0.19575,0.19691,0.19594,0.19739,0.19594,0.19713,-0.00048332,-0.00062909,-0.00087348,-0.00087348,-0.0003499999999999892,-0.0017754781108912353
1770478500000,2026-02-07T15:35:00Z,0.19678,0.19719,0.19664,0.19703,203705.7,40101.532986,0.19691,0.19719,0.1967,0.19708,0.19713,0.19732,0.19693,0.19728,-0.00087348,-0.00073671,-0.00092492,-0.00073671,-0.0002500000000000002,-0.0012672343876723449
1770478800000,2026-02-07T15:40:00Z,0.19703,0.19703,0.19586,0.19594,192390,37786.374352,0.19708,0.19708,0.19587,0.19594,0.19728,0.19728,0.19609,0.19612,-0.00073671,-0.00023453,-0.00033848,-0.00033848,-0.00017999999999998573,-0.0009178054252497744
1770479100000,2026-02-07T15:45:00Z,0.19594,0.19636,0.19587,0.19616,84900.8,16652.58527,0.19594,0.19636,0.19594,0.19616,0.19612,0.19652,0.19608,0.19632,-0.00033848,-0.00030964,-0.0004379,-0.0004379,-0.00015999999999999348,-0.0008149959250203417
1770479400000,2026-02-07T15:50:00Z,0.19616,0.19639,0.19575,0.19638,338233.2,66285.908904,0.19616,0.19642,0.19578,0.19642,0.19632,0.1966,0.19597,0.1966,-0.0004379,-0.00051398,-0.00078086,-0.00078086,-0.00021999999999999797,-0.001119023397761943
1770479700000,2026-02-07T15:55:00Z,0.19638,0.19679,0.19625,0.19671,229136.4,45047.07885,0.19642,0.19682,0.19634,0.19671,0.1966,0.19702,0.19653,0.1969,-0.00078086,-0.00051946,-0.00053691,-0.00053691,-0.00018999999999999573,-0.0009649568308785969
1770480000000,2026-02-07T16:00:00Z,0.19671,0.19759,0.19669,0.19707,387452.4,76425.499355,0.19671,0.19759,0.1967,0.19707,0.1969,0.19772,0.19689,0.19721,-0.00053691,-0.00024555,-0.00057798,-0.00057798,-0.00014000000000000123,-0.0007099031489275454
1770480300000,2026-02-07T16:05:00Z,0.19707,0.20116,0.19611,0.19889,11643765.8,2314750.777555,0.19707,0.20105,0.19637,0.19898,0.19721,0.20105,0.19658,0.19915,-0.00057798,-0.00093243,-0.0011048,-0.0011048,-0.00025999999999998247,-0.0013055485814711647
1770480600000,2026-02-07T16:10:00Z,0.19889,0.20261,0.19783,0.20019,22571636.2,4508341.920528,0.19898,0.20232,0.19828,0.20018,0.19915,0.20254,0.19834,0.2003,-0.0011048,0,-0.00076705,0,-0.00010999999999999899,-0.0005491762356465251
1770480900000,2026-02-07T16:15:00Z,0.20019,0.20285,0.19664,0.19719,15675203.9,3141773.876017,0.20018,0.20254,0.19687,0.19717,0.2003,0.20263,0.19694,0.19739,0,-0.0000709,-0.00032324,-0.0000709,-0.00020000000000000573,-0.0010132225543340884
1770481200000,2026-02-07T16:20:00Z,0.19719,0.19861,0.19671,0.19783,935596.4,185009.912031,0.19717,0.1986,0.19682,0.19783,0.19739,0.19873,0.197,0.19801,-0.0000709,-0.0003887,-0.00039448,-0.00039448,-0.00017999999999998573,-0.0009090449977273155
1770481500000,2026-02-07T16:25:00Z,0.19783,0.1985,0.19741,0.19837,705011.2,139565.644378,0.19783,0.19848,0.1975,0.19837,0.19801,0.19863,0.19771,0.19853,-0.00039448,-0.0001127,-0.00019948,-0.0001127,-0.00016000000000002124,-0.0008059235380044388
1770481800000,2026-02-07T16:30:00Z,0.19837,0.19862,0.19775,0.19843,392037.3,77693.39821,0.19837,0.19859,0.19778,0.19843,0.19853,0.19872,0.19801,0.19857,-0.0001127,-0.00012674,-0.00080894,-0.00080894,-0.00014000000000000123,-0.0007050410434607505
1770482100000,2026-02-07T16:35:00Z,0.19843,0.19843,0.19712,0.19821,332521.3,65783.793741,0.19843,0.19843,0.19721,0.19834,0.19857,0.19861,0.19746,0.19852,-0.00080894,-0.00063415,-0.00094692,-0.00094692,-0.0003100000000000047,-0.001561555510779794
1770482400000,2026-02-07T16:40:00Z,0.19821,0.19843,0.19773,0.19783,253286.1,50143.814026,0.19834,0.19841,0.19776,0.19783,0.19852,0.19857,0.19799,0.19801,-0.00094692,-0.00062341,-0.00074046,-0.00062341,-0.00017999999999998573,-0.0009090449977273155
1770482700000,2026-02-07T16:45:00Z,0.19783,0.19787,0.19687,0.19745,253037.8,49928.488081,0.19783,0.19784,0.19703,0.19745,0.19801,0.19801,0.1973,0.19768,-0.00062341,-0.00073559,-0.00087518,-0.00087518,-0.00023000000000000798,-0.001163496560097167
1770483000000,2026-02-07T16:50:00Z,0.19745,0.19745,0.19686,0.19717,171583.6,33820.820825,0.19745,0.19745,0.19693,0.19717,0.19768,0.19768,0.19719,0.19729,-0.00087518,-0.0003768,-0.00070716,-0.0003768,-0.00011999999999998123,-0.0006082416746919825
1770483300000,2026-02-07T16:55:00Z,0.19717,0.19726,0.19648,0.19683,264128.1,51945.942084,0.19717,0.19726,0.19654,0.19686,0.19729,0.19742,0.19677,0.19706,-0.0003768,-0.00036871,-0.00088424,-0.00036871,-0.00023000000000000798,-0.0011671572110017658
1770483600000,2026-02-07T17:00:00Z,0.19683,0.19715,0.19582,0.19636,476120.6,93440.713291,0.19686,0.19715,0.19586,0.19636,0.19706,0.19729,0.19607,0.19644,-0.00036871,-0.00058747,-0.00080077,-0.00058747,-7.999999999999674e-05,-0.00040724903278353055
1770483900000,2026-02-07T17:05:00Z,0.19636,0.19642,0.19531,0.19557,438586.1,85913.211703,0.19636,0.19642,0.19535,0.19562,0.19644,0.19651,0.19557,0.19583,-0.00058747,-0.00063062,-0.00063073,-0.00063062,-0.0002600000000000102,-0.0013276821733136405
1770484200000,2026-02-07T17:10:00Z,0.19557,0.19562,0.19507,0.19552,478125.4,93368.949071,0.19562,0.19562,0.19516,0.19556,0.19583,0.19583,0.19537,0.19575,-0.00063062,-0.00061885,-0.0009033,-0.00061885,-0.00023000000000000798,-0.0011749680715198363
1770484500000,2026-02-07T17:15:00Z,0.19552,0.19648,0.19543,0.19632,390939.8,76589.35808,0.19556,0.19645,0.19551,0.19633,0.19575,0.19656,0.19569,0.19653,-0.00061885,0,-0.00101357,0,-0.00021000000000001573,-0.0010685391543276636
1770484800000,2026-02-07T17:20:00Z,0.19632,0.19667,0.19517,0.1958,597022.5,116805.630312,0.19633,0.19662,0.19524,0.1958,0.19653,0.19675,0.1955,0.19604,0,-0.00074173,-0.00092758,-0.00074173,-0.00023999999999999022,-0.0012242399510303521
1770485100000,2026-02-07T17:25:00Z,0.1958,0.1962,0.19564,0.19597,295239.9,57852.120808,0.1958,0.1962,0.19569,0.19597,0.19604,0.19637,0.19591,0.19618,-0.00074173,-0.00075142,-0.00084327,-0.00075142,-0.00020999999999998797,-0.0010704455092261595
1770485400000,2026-02-07T17:30:00Z,0.19597,0.19619,0.19567,0.1958,189574.3,37146.85758,0.19597,0.19619,0.19568,0.1958,0.19618,0.19637,0.19592,0.19601,-0.00075142,-0.00068162,-0.00076948,-0.00068162,-0.00020999999999998797,-0.0010713739094943523
1770485700000,2026-02-07T17:35:00Z,0.1958,0.19736,0.1958,0.19733,450671.8,88625.445966,0.1958,0.19734,0.1958,0.19733,0.19601,0.19745,0.19601,0.19745,-0.00068162,-0.00008913,-0.0001172,-0.0001172,-0.00011999999999998123,-0.000607748797163744
1770486000000,2026-02-07T17:40:00Z,0.19733,0.1974,0.19641,0.19655,203332.1,40021.263268,0.19733,0.19739,0.19643,0.19665,0.19745,0.19746,0.19662,0.19682,-0.0001172,-0.00034522,-0.00043872,-0.00034522,-0.00026999999999999247,-0.0013718118077430774
1770486300000,2026-02-07T17:45:00Z,0.19655,0.19672,0.19615,0.19641,226943.7,44573.6579,0.19665,0.19672,0.19618,0.19643,0.19682,0.19686,0.19636,0.19659,-0.00034522,-0.00048817,-0.00065176,-0.00048817,-0.00017999999999998573,-0.0009156111704562071
1770486600000,2026-02-07T17:50:00Z,0.19641,0.19657,0.19589,0.19591,183189,35905.200487,0.19643,0.19657,0.19596,0.19596,0.19659,0.1967,0.19617,0.19618,-0.00048817,-0.000181,-0.00072957,-0.00072957,-0.00026999999999999247,-0.001376287083290817
1770486900000,2026-02-07T17:55:00Z,0.19591,0.19618,0.19561,0.19618,81805.7,16024.662121,0.19596,0.19618,0.19575,0.19618,0.19618,0.19628,0.19597,0.19628,-0.00072957,-0.00026597,-0.00038151,-0.00038151,-0.00010000000000001674,-0.0005094762584064435
1770487200000,2026-02-07T18:00:00Z,0.19618,0.1965,0.19601,0.19625,191127.3,37510.37382,0.19618,0.19651,0.19607,0.19632,0.19628,0.19666,0.19622,0.19648,-0.00038151,0,-0.00036483,0,-0.00022999999999998022,-0.0011706026058630917
1770487500000,2026-02-07T18:05:00Z,0.19625,0.19668,0.19619,0.19623,141274.7,27755.74073,0.19632,0.19668,0.19623,0.19627,0.19648,0.19684,0.1964,0.19647,0,-0.00047781,-0.00097444,-0.00097444,-0.00024000000000001798,-0.0012215605435945333
1770487800000,2026-02-07T18:10:00Z,0.19623,0.19652,0.1961,0.19614,55276.7,10849.000664,0.19627,0.19652,0.19614,0.19615,0.19647,0.19667,0.19635,0.19635,-0.00097444,-0.00023519,-0.00053604,-0.00053604,-0.00020999999999998797,-0.001069518716577479
1770488100000,2026-02-07T18:15:00Z,0.19614,0.19764,0.19614,0.19743,210131.5,41410.064039,0.19615,0.19761,0.19615,0.19751,0.19635,0.19779,0.19635,0.1977,-0.00053604,-0.00040252,-0.00074453,-0.00074453,-0.00026999999999999247,-0.0013657056145674885
1770488400000,2026-02-07T18:20:00Z,0.19743,0.19852,0.19732,0.19754,760307.9,150544.667402,0.19751,0.19852,0.19738,0.19754,0.1977,0.19875,0.1976,0.1978,-0.00074453,-0.00085551,-0.00128399,-0.00085551,-0.0002600000000000102,-0.0013144590495450467
1770488700000,2026-02-07T18:25:00Z,0.19754,0.19831,0.19722,0.19831,236847.9,46803.319606,0.19754,0.19831,0.1973,0.19831,0.1978,0.19842,0.19753,0.19842,-0.00085551,-0.00012532,-0.00045843,-0.00045843,-0.00011000000000002674,-0.0005543795988308978
1770489000000,2026-02-07T18:30:00Z,0.19831,0.19882,0.19809,0.19874,352198.9,69883.02092,0.19831,0.19881,0.19814,0.19874,0.19842,0.19892,0.19829,0.19885,-0.00045843,-0.00009079,-0.00050872,-0.00009079,-0.00010999999999999899,-0.0005531807895398491
1770489300000,2026-02-07T18:35:00Z,0.19874,0.19959,0.19872,0.199,469330.6,93423.785757,0.19874,0.19952,0.19874,0.19901,0.19885,0.19965,0.19885,0.19922,-0.00009079,-0.00026533,-0.00091245,-0.00026533,-0.00021999999999999797,-0.0011043067965063645
1770489600000,2026-02-07T18:40:00Z,0.199,0.1992,0.19872,0.199,110400.8,21961.622445,0.19901,0.1992,0.19873,0.19905,0.19922,0.19938,0.19893,0.19926,-0.00026533,-0.00055631,-0.00076865,-0.00076865,-0.00025999999999998247,-0.0013048278630933578
1770489900000,2026-02-07T18:45:00Z,0.199,0.19936,0.19859,0.19936,139551.4,27763.014931,0.19905,0.19936,0.19869,0.19936,0.19926,0.19944,0.19889,0.19944,-0.00076865,-0.0006523,-0.00065376,-0.0006523,-7.999999999999674e-05,-0.00040112314480543894
1770490200000,2026-02-07T18:50:00Z,0.19936,0.19948,0.19884,0.19898,218237.8,43456.590098,0.19936,0.19948,0.19887,0.19898,0.19944,0.19963,0.19909,0.19915,-0.0006523,-0.00055788,-0.00081804,-0.00081804,-0.00017000000000000348,-0.0008536279186542982
1770490500000,2026-02-07T18:55:00Z,0.19898,0.19898,0.19843,0.19855,245702.8,48818.826736,0.19898,0.19898,0.19846,0.19855,0.19915,0.19917,0.19866,0.19876,-0.00081804,-0.0005128,-0.0006699,-0.0005128,-0.00020999999999998797,-0.0010565506138055342
1770490800000,2026-02-07T19:00:00Z,0.19855,0.19855,0.19712,0.19752,681633.1,134773.758146,0.19855,0.19855,0.19737,0.19752,0.19876,0.19877,0.19759,0.19771,-0.0005128,-0.00062023,-0.00079513,-0.00079513,-0.00018999999999999573,-0.0009610034899600209
1770491100000,2026-02-07T19:05:00Z,0.19752,0.19783,0.19724,0.19732,187118.9,36971.510715,0.19752,0.19784,0.19731,0.19732,0.19771,0.19806,0.19756,0.19757,-0.00079513,-0.00048638,-0.000634,-0.000634,-0.0002500000000000002,-0.0012653742977172659
1770491400000,2026-02-07T19:10:00Z,0.19732,0.19739,0.19706,0.19728,162223.5,31996.26948,0.19732,0.19739,0.19709,0.19728,0.19757,0.19757,0.19733,0.19748,-0.000634,-0.00049163,-0.000617,-0.000617,-0.00019999999999997797,-0.0010127607859022583
1770491700000,2026-02-07T19:15:00Z,0.19728,0.19735,0.1971,0.19715,103412.3,20393.512319,0.19728,0.19735,0.1971,0.19715,0.19748,0.19755,0.19725,0.19725,-0.000617,-0.00002001,-0.00068756,-0.00002001,-0.00010000000000001674,-0.0005069708491762572
1770492000000,2026-02-07T19:20:00Z,0.19715,0.19767,0.19691,0.19762,194291.9,38307.39838,0.19715,0.19764,0.19695,0.19762,0.19725,0.19781,0.19712,0.19776,-0.00002001,-0.00010531,-0.00063122,-0.00063122,-0.00014000000000000123,-0.000707928802589003
1770492300000,2026-02-07T19:25:00Z,0.19762,0.19762,0.19734,0.19737,101267.1,19993.417939,0.19762,0.19762,0.19737,0.19738,0.19776,0.19777,0.19752,0.19758,-0.00063122,-0.00031696,-0.0003864,-0.00031696,-0.00021000000000001573,-0.0010628606134224909
1770492600000,2026-02-07T19:30:00Z,0.19737,0.19739,0.19647,0.19661,383513.2,75421.66744,0.19738,0.19738,0.19653,0.19663,0.19758,0.19758,0.19675,0.19686,-0.00031696,-0.00033123,-0.00054486,-0.00033123,-0.0002500000000000002,-0.0012699380270242823
1770492900000,2026-02-07T19:35:00Z,0.19661,0.19714,0.19661,0.19693,77678.7,15295.153736,0.19663,0.19713,0.19663,0.19693,0.19686,0.19729,0.19686,0.19711,-0.00033123,-0.00033571,-0.00044028,-0.00044028,-0.00018000000000001348,-0.000913195677540528
1770493200000,2026-02-07T19:40:00Z,0.19693,0.19729,0.19692,0.19706,103217.2,20346.00183,0.19693,0.19729,0.19692,0.19706,0.19711,0.19745,0.19711,0.1972,-0.00044028,-0.00029952,-0.00051443,-0.00029952,-0.00013999999999997348,-0.0007099391480728879
1770493500000,2026-02-07T19:45:00Z,0.19706,0.19724,0.19687,0.1971,79219.4,15609.070442,0.19706,0.19724,0.1969,0.19716,0.1972,0.19743,0.19708,0.19737,-0.00029952,-0.00000263,-0.00062179,-0.00062179,-0.00026999999999999247,-0.0013679890560875131
1770493800000,2026-02-07T19:50:00Z,0.1971,0.19711,0.1967,0.19686,46287.2,9113.204374,0.19716,0.19716,0.1967,0.19686,0.19737,0.19737,0.19686,0.19697,-0.00062179,-0.00016472,-0.00039426,-0.00016472,-0.00010999999999999899,-0.0005584606792912575
1770494100000,2026-02-07T19:55:00Z,0.19686,0.19686,0.19649,0.19684,150935.7,29682.588486,0.19686,0.19686,0.19649,0.19684,0.19697,0.19697,0.19667,0.19688,-0.00016472,0,0,0,-4.000000000001225e-05,-0.00020316944331578751
1770494400000,2026-02-07T20:00:00Z,0.19684,0.19719,0.19672,0.19719,76593.7,15083.75217,0.19684,0.19719,0.19673,0.19719,0.19688,0.19729,0.1968,0.19726,0,-0.00012102,-0.00059438,-0.00012102,-6.999999999998674e-05,-0.00035486160397438276
1770494700000,2026-02-07T20:05:00Z,0.19719,0.19721,0.19649,0.1965,83054.4,16355.453718,0.19719,0.19721,0.1965,0.1965,0.19726,0.19729,0.1967,0.1967,-0.00012102,-0.00012347,-0.00046699,-0.00046699,-0.00020000000000000573,-0.0010167768174885903
1770495000000,2026-02-07T20:10:00Z,0.1965,0.19687,0.19634,0.19661,62909.4,12364.65138,0.1965,0.19687,0.19641,0.19661,0.1967,0.19698,0.19658,0.19679,-0.00046699,0,-0.0007163,-0.0007163,-0.00017999999999998573,-0.0009146806240153755
1770495300000,2026-02-07T20:15:00Z,0.19661,0.19661,0.19622,0.19631,91388.9,17946.741964,0.19661,0.19661,0.19628,0.19631,0.19679,0.1968,0.19647,0.19647,-0.0007163,-0.00030396,-0.00080092,-0.00080092,-0.00015999999999999348,-0.0008143736957295948
1770495600000,2026-02-07T20:20:00Z,0.19631,0.19669,0.19631,0.19644,45141.5,8871.807378,0.19631,0.19669,0.19631,0.19646,0.19647,0.19683,0.19647,0.19666,-0.00080092,-0.00067327,-0.00090895,-0.00067327,-0.00021999999999999797,-0.0011186819892199632
1770495900000,2026-02-07T20:25:00Z,0.19644,0.19686,0.19644,0.1967,154948.3,30472.33082,0.19646,0.19686,0.19646,0.1967,0.19666,0.19706,0.19666,0.19691,-0.00067327,-0.00072052,-0.00084046,-0.00084046,-0.00020999999999998797,-0.001066477070742918
1770496200000,2026-02-07T20:30:00Z,0.1967,0.1968,0.19628,0.19656,134932.6,26520.110937,0.1967,0.1968,0.1963,0.19656,0.19691,0.19692,0.19648,0.19663,-0.00084046,-0.00048118,-0.00059417,-0.00048118,-6.999999999998674e-05,-0.00035599857600562856
1770496500000,2026-02-07T20:35:00Z,0.19656,0.19698,0.19656,0.19695,117637.8,23156.260746,0.19656,0.19704,0.19656,0.19695,0.19663,0.19718,0.19663,0.19712,-0.00048118,-0.00010743,-0.00068032,-0.00068032,-0.00017000000000000348,-0.0008624188311688489
1770496800000,2026-02-07T20:40:00Z,0.19695,0.19706,0.19668,0.19668,85633.7,16860.535491,0.19695,0.19706,0.19679,0.19679,0.19712,0.19717,0.19693,0.19693,-0.00068032,-0.00019571,-0.00033928,-0.00019571,-0.0002500000000000002,-0.0012694866196110305
1770497100000,2026-02-07T20:45:00Z,0.19668,0.19699,0.19668,0.19687,51616.6,10162.021404,0.19679,0.19699,0.19677,0.19691,0.19693,0.19712,0.1969,0.19703,-0.00019571,0,-0.00009809,-0.00009809,-0.00016000000000002124,-0.0008120590772979811
1770497400000,2026-02-07T20:50:00Z,0.19687,0.19776,0.19687,0.19736,562763.7,111083.942089,0.19691,0.19776,0.19691,0.19739,0.19703,0.19787,0.19703,0.19756,-0.00009809,-0.00002159,-0.00026002,-0.00026002,-0.00020000000000000573,-0.0010123506782749835
1770497700000,2026-02-07T20:55:00Z,0.19736,0.19736,0.19676,0.19721,213780.5,42123.411426,0.19739,0.19739,0.19682,0.19723,0.19756,0.19756,0.19699,0.19735,-0.00026002,0,-0.00023033,0,-0.00014000000000000123,-0.0007093995439574423
1770498000000,2026-02-07T21:00:00Z,0.19721,0.19769,0.19644,0.1968,264615.4,52112.012339,0.19723,0.19765,0.19647,0.1968,0.19735,0.19775,0.19665,0.19694,0,-0.00039575,-0.00091927,-0.00039575,-0.00014000000000000123,-0.0007108764090586028
1770498300000,2026-02-07T21:05:00Z,0.1968,0.19756,0.1967,0.19756,427430.7,84300.344206,0.1968,0.19756,0.19677,0.19756,0.19694,0.19765,0.19693,0.19765,-0.00039575,-0.00018958,-0.00054544,-0.00018958,-8.999999999997899e-05,-0.0004553503668099114
1770498600000,2026-02-07T21:10:00Z,0.19756,0.19819,0.19744,0.1979,549341.5,108638.807701,0.19756,0.19822,0.19752,0.1979,0.19765,0.19835,0.19765,0.19798,-0.00018958,-0.00023475,-0.00043191,-0.00023475,-7.999999999999674e-05,-0.0004040812203252689
1770498900000,2026-02-07T21:15:00Z,0.1979,0.19819,0.1976,0.1976,511329.7,101208.557733,0.1979,0.19819,0.1976,0.1976,0.19798,0.19832,0.19779,0.19779,-0.00023475,-0.00052226,-0.0008898,-0.0008898,-0.00018999999999999573,-0.0009606147934677978
1770499200000,2026-02-07T21:20:00Z,0.1976,0.1976,0.1972,0.19745,152187.9,30036.351686,0.1976,0.1976,0.19721,0.19745,0.19779,0.19779,0.19742,0.19762,-0.0008898,-0.00079093,-0.00086692,-0.00086692,-0.00017000000000000348,-0.0008602368181358338
1770499500000,2026-02-07T21:25:00Z,0.19745,0.198,0.19744,0.19781,369789.6,73108.045147,0.19745,0.198,0.19745,0.19781,0.19762,0.1982,0.19762,0.19803,-0.00086692,-0.00074486,-0.00077663,-0.00074486,-0.00021999999999999797,-0.0011109427864464878
1770499800000,2026-02-07T21:30:00Z,0.19781,0.198,0.19769,0.19786,172722.7,34179.840158,0.19781,0.198,0.19771,0.19786,0.19803,0.19815,0.19792,0.19799,-0.00074486,-0.00008031,-0.00098425,-0.00098425,-0.00012999999999999123,-0.0006565988181220831
1770500100000,2026-02-07T21:35:00Z,0.19786,0.19789,0.19707,0.19709,156230,30854.184387,0.19786,0.19789,0.19713,0.19713,0.19799,0.19801,0.19735,0.19735,-0.00098425,-0.00030379,-0.00081425,-0.00030379,-0.0002600000000000102,-0.0013174562959210043
1770500400000,2026-02-07T21:40:00Z,0.19709,0.19727,0.19701,0.19701,136496.8,26909.310871,0.19713,0.19727,0.19706,0.19706,0.19735,0.19743,0.19723,0.19723,-0.00030379,-0.00036931,-0.00075281,-0.00036931,-0.00021999999999999797,-0.0011154489682096943
1770500700000,2026-02-07T21:45:00Z,0.19701,0.19737,0.19669,0.19731,199750.2,39356.117217,0.19706,0.19737,0.19676,0.19732,0.19723,0.19753,0.19694,0.19748,-0.00036931,-0.00012099,-0.00052733,-0.00052733,-0.00016999999999997573,-0.0008608466680168915
1770501000000,2026-02-07T21:50:00Z,0.19731,0.19736,0.19686,0.19706,73815.5,14549.667964,0.19732,0.19736,0.19689,0.19708,0.19748,0.19748,0.19705,0.19724,-0.00052733,-0.00036508,-0.00079657,-0.00036508,-0.00017999999999998573,-0.0009125937943621259
1770501300000,2026-02-07T21:55:00Z,0.19706,0.19733,0.19688,0.19723,290159.1,57200.789359,0.19708,0.19733,0.19692,0.19723,0.19724,0.1974,0.19708,0.19733,-0.00036508,-0.0004932,-0.00070734,-0.0004932,-0.00010000000000001674,-0.0005067653169817906
1770501600000,2026-02-07T22:00:00Z,0.19723,0.19731,0.19709,0.19725,94380.9,18610.841598,0.19723,0.19731,0.19709,0.19727,0.19733,0.19742,0.19725,0.19739,-0.0004932,-0.00020701,-0.00023888,-0.00020701,-0.00014000000000000123,-0.0007092557880338478
1770501900000,2026-02-07T22:05:00Z,0.19725,0.19785,0.19718,0.19768,147646.8,29165.984344,0.19727,0.19785,0.19721,0.19772,0.19739,0.19789,0.19737,0.19783,-0.00020701,0,-0.00039514,-0.00039514,-0.00015000000000001124,-0.0007582267603498521
1770502200000,2026-02-07T22:10:00Z,0.19768,0.19777,0.19676,0.19735,279915.3,55254.384022,0.19772,0.19777,0.19693,0.19735,0.19783,0.19783,0.19706,0.19739,-0.00039514,0,0,0,-4.000000000001225e-05,-0.00020264451086687393
1770502500000,2026-02-07T22:15:00Z,0.19735,0.19751,0.19684,0.19707,114894,22655.775159,0.19735,0.19748,0.19688,0.19708,0.19739,0.19748,0.19703,0.19722,0,0,-0.00011803,-0.00011803,-0.00015000000000001124,-0.000760571950106537
1770502800000,2026-02-07T22:20:00Z,0.19707,0.1975,0.19704,0.19707,92846.5,18313.677316,0.19708,0.1975,0.19708,0.19709,0.19722,0.19761,0.19722,0.19728,-0.00011803,0,-0.00020395,0,-0.00021000000000001573,-0.0010644768856448484
1770503100000,2026-02-07T22:25:00Z,0.19707,0.19743,0.19705,0.1974,70813.9,13969.675769,0.19709,0.19743,0.19706,0.19743,0.19728,0.19756,0.19726,0.19756,0,0,0,0,-0.00016000000000002124,-0.000809880542620071
1770503400000,2026-02-07T22:30:00Z,0.1974,0.19754,0.19704,0.19708,147602.3,29115.100975,0.19743,0.19754,0.19706,0.19708,0.19756,0.19763,0.19727,0.19727,0,-0.00022246,-0.00035973,-0.00022246,-0.00018999999999999573,-0.0009631469559486781
1770503700000,2026-02-07T22:35:00Z,0.19708,0.19736,0.19652,0.19721,119664.3,23556.951302,0.19708,0.19736,0.19673,0.19721,0.19727,0.19746,0.19694,0.19725,-0.00022246,0,0,0,-4.000000000001225e-05,-0.00020278833967053104
1770504000000,2026-02-07T22:40:00Z,0.19721,0.19744,0.19682,0.19703,321604,63369.299762,0.19721,0.1975,0.19705,0.19707,0.19725,0.19763,0.19714,0.19723,0,0,0,0,-0.00019999999999997797,-0.001014044516554165
1770504300000,2026-02-07T22:45:00Z,0.19703,0.19703,0.19664,0.19672,16789,3304.228566,0.19707,0.19708,0.19664,0.19675,0.19723,0.19725,0.19687,0.19695,0,-0.00015157,-0.00083406,-0.00083406,-0.00022999999999998022,-0.0011678090886010674
1770504600000,2026-02-07T22:50:00Z,0.19672,0.1968,0.19667,0.19669,2194.3,431.716582,0.19675,0.19683,0.1967,0.19671,0.19695,0.19698,0.19687,0.1969,-0.00083406,-0.00023593,-0.00033876,-0.00023593,-0.00020999999999998797,-0.0010665312341289384
1770504900000,2026-02-07T22:55:00Z,0.19669,0.19686,0.19663,0.19668,14060.6,2766.960568,0.19671,0.1969,0.19663,0.19678,0.1969,0.19706,0.19682,0.19694,-0.00023593,-0.00013439,-0.00017459,-0.00013439,-0.0002600000000000102,-0.0013201990453945882
1770505200000,2026-02-07T23:00:00Z,0.19668,0.1969,0.1963,0.19635,69019.1,13571.604576,0.19678,0.1969,0.19637,0.19637,0.19694,0.19704,0.19657,0.19658,-0.00013439,-0.00035918,-0.00074303,-0.00074303,-0.00023000000000000798,-0.001170007121782521
1770505500000,2026-02-07T23:05:00Z,0.19635,0.19651,0.19568,0.19606,289796.1,56819.536269,0.19637,0.19651,0.19577,0.1961,0.19658,0.19666,0.19589,0.1963,-0.00074303,-0.00042111,-0.00060365,-0.00042111,-0.00023999999999999022,-0.0012226184411614376
1770505800000,2026-02-07T23:10:00Z,0.19606,0.19649,0.19592,0.19646,75752.7,14863.858097,0.1961,0.19649,0.19595,0.19646,0.1963,0.1966,0.19613,0.1966,-0.00042111,-0.00057334,-0.00066955,-0.00066955,-0.00014000000000000123,-0.0007121057985757947
1770506100000,2026-02-07T23:15:00Z,0.19646,0.19655,0.19601,0.19601,75685.6,14859.117436,0.19646,0.19655,0.1961,0.1961,0.1966,0.19666,0.19627,0.19629,-0.00066955,-0.00024641,-0.00080858,-0.00080858,-0.00028000000000000247,-0.0014264608487442175
1770506400000,2026-02-07T23:20:00Z,0.19601,0.19609,0.19551,0.19591,253188.7,49562.594011,0.1961,0.1961,0.19551,0.19596,0.19629,0.19629,0.19563,0.19608,-0.00080858,0,-0.00030621,-0.00030621,-0.00017000000000000348,-0.0008669930640555053
1770506700000,2026-02-07T23:25:00Z,0.19591,0.19624,0.19585,0.19615,114513,22441.868937,0.19596,0.19629,0.1959,0.19621,0.19608,0.19642,0.19606,0.19633,-0.00030621,0,-0.00045283,0,-0.00018000000000001348,-0.0009168237151735011
1770507000000,2026-02-07T23:30:00Z,0.19615,0.19645,0.19606,0.19642,110839.5,21755.625861,0.19621,0.19645,0.19608,0.19642,0.19633,0.19652,0.19624,0.19651,0,-0.00015642,-0.00033696,-0.00015642,-8.999999999997899e-05,-0.00045799195969660066
1770507300000,2026-02-07T23:35:00Z,0.19642,0.19659,0.19629,0.19645,75929.3,14917.608385,0.19642,0.19662,0.19636,0.19645,0.19651,0.1967,0.19646,0.19657,-0.00015642,0,-0.00031576,-0.00031576,-0.00011999999999998123,-0.0006104695528309571
1770507600000,2026-02-07T23:40:00Z,0.19645,0.19658,0.19623,0.19649,58304,11451.313714,0.19645,0.19658,0.19625,0.19652,0.19657,0.19664,0.19641,0.19662,-0.00031576,-0.00006469,-0.00031795,-0.00006469,-0.00012999999999999123,-0.0006611738378597866
1770507900000,2026-02-07T23:45:00Z,0.19649,0.19669,0.19643,0.19656,100116.6,19682.356339,0.19652,0.19668,0.19644,0.19656,0.19662,0.19675,0.19653,0.19666,-0.00006469,-0.00017796,-0.00038444,-0.00038444,-9.999999999998899e-05,-0.0005084918132817501
1770508200000,2026-02-07T23:50:00Z,0.19656,0.19674,0.19641,0.19655,91011.9,17890.040581,0.19656,0.19671,0.19646,0.19655,0.19666,0.19679,0.19657,0.19661,-0.00038444,-0.00006857,-0.00031698,-0.00031698,-6.0000000000004494e-05,-0.00030517267687302013
1770508500000,2026-02-07T23:55:00Z,0.19655,0.19655,0.1962,0.19625,122059.6,23965.176811,0.19655,0.19655,0.19629,0.19629,0.19661,0.19661,0.19643,0.19643,-0.00031698,-0.00003165,-0.00042893,-0.00003165,-0.00017999999999998573,-0.0009163569719492223
1770508800000,2026-02-08T00:00:00Z,0.19625,0.19634,0.19572,0.1961,336939.8,66030.655437,0.19629,0.19634,0.19578,0.19611,0.19643,0.19648,0.19588,0.19624,-0.00003165,-0.00021408,-0.00023354,-0.00021408,-0.00014000000000000123,-0.0007134121483897332
1770509100000,2026-02-08T00:05:00Z,0.1961,0.19611,0.19556,0.19556,89939,17608.487703,0.19611,0.19611,0.19556,0.19556,0.19624,0.19624,0.1957,0.1957,-0.00021408,0,-0.00076722,-0.00076722,-0.00014000000000000123,-0.0007153806847215188
1770509400000,2026-02-08T00:10:00Z,0.19556,0.19585,0.19549,0.19579,118915.2,23263.082736,0.19556,0.19585,0.19549,0.19579,0.1957,0.19594,0.19567,0.19585,-0.00076722,-0.00005425,-0.00055691,-0.00005425,-6.0000000000004494e-05,-0.00030635690579527443
1770509700000,2026-02-08T00:15:00Z,0.19579,0.19582,0.19502,0.19502,240554.4,47001.769652,0.19579,0.19582,0.19502,0.19502,0.19585,0.1959,0.19509,0.19509,-0.00005425,-0.00011342,-0.00031497,-0.00031497,-7.00000000000145e-05,-0.00035880875493369467
1770510000000,2026-02-08T00:20:00Z,0.19502,0.19519,0.19491,0.19497,100702.2,19641.580104,0.19502,0.19519,0.19492,0.19497,0.19509,0.19527,0.19505,0.1951,-0.00031497,-0.00006993,-0.00038359,-0.00038359,-0.00012999999999999123,-0.0006663249615581304
1770510300000,2026-02-08T00:25:00Z,0.19497,0.19525,0.19493,0.19497,48621.4,9486.607984,0.19497,0.1953,0.19493,0.19497,0.1951,0.19539,0.19508,0.19509,-0.00038359,-0.00004766,-0.00035841,-0.00035841,-0.00012000000000000899,-0.0006151007227433952
1770510600000,2026-02-08T00:30:00Z,0.19497,0.19531,0.19481,0.19521,127104,24784.088345,0.19497,0.19533,0.19483,0.19525,0.19509,0.1954,0.19495,0.19533,-0.00035841,0,0,0,-0.00012000000000000899,-0.0006143449546921056
1770510900000,2026-02-08T00:35:00Z,0.19521,0.19568,0.19504,0.1955,82261,16073.86691,0.19525,0.19568,0.19511,0.19561,0.19533,0.19571,0.19521,0.19567,0,0,-0.00012394,0,-0.00017000000000000348,-0.0008688097306690012
1770511200000,2026-02-08T00:40:00Z,0.1955,0.19551,0.19499,0.19521,95983.1,18738.391967,0.19561,0.19561,0.19504,0.19533,0.19567,0.19567,0.19516,0.19544,0,-0.00035413,-0.0006159,-0.00035413,-0.00023000000000000798,-0.0011768317642243552
1770511500000,2026-02-08T00:45:00Z,0.19521,0.19564,0.19507,0.1956,189090.6,36927.100823,0.19533,0.19564,0.19516,0.19564,0.19544,0.19573,0.19526,0.19573,-0.00035413,-0.00028555,-0.00076015,-0.00076015,-0.00012999999999999123,-0.0006641802483011866
1770511800000,2026-02-08T00:50:00Z,0.1956,0.19595,0.19542,0.19542,100444,19653.821621,0.19564,0.19595,0.19547,0.19547,0.19573,0.19603,0.19558,0.19558,-0.00076015,-0.0000356,-0.00015816,-0.0000356,-0.00015999999999999348,-0.0008180795582370052
1770512100000,2026-02-08T00:55:00Z,0.19542,0.19571,0.19541,0.19567,102191.3,19976.25709,0.19547,0.19571,0.19542,0.19567,0.19558,0.19575,0.19556,0.19574,-0.0000356,-0.00040435,-0.00041625,-0.00040435,-6.999999999998674e-05,-0.00035761724736889107
1770512400000,2026-02-08T01:00:00Z,0.19567,0.19636,0.19566,0.19626,125509.1,24608.222776,0.19567,0.19636,0.19567,0.19629,0.19574,0.19642,0.19574,0.19641,-0.00040435,0,-0.00029903,-0.00029903,-0.00015000000000001124,-0.0007637085688101992
1770512700000,2026-02-08T01:05:00Z,0.19626,0.19633,0.19591,0.19612,91717.1,17984.023272,0.19629,0.19634,0.19594,0.19614,0.19641,0.19648,0.1961,0.19629,-0.00029903,-0.00050863,-0.00078961,-0.00050863,-0.00017000000000000348,-0.0008660655153089994
1770513000000,2026-02-08T01:10:00Z,0.19612,0.19646,0.19592,0.19638,91903,18029.706254,0.19614,0.1964,0.19597,0.1964,0.19629,0.19651,0.19609,0.19651,-0.00050863,0,-0.00027119,0,-0.00012999999999999123,-0.0006615439417840885
1770513300000,2026-02-08T01:15:00Z,0.19638,0.19638,0.19573,0.19584,115221.8,22574.600205,0.1964,0.1964,0.19582,0.19584,0.19651,0.19651,0.19597,0.19597,0,-0.00050196,-0.00052481,-0.00050196,-0.000130000000000019,-0.0006633668418636475
1770513600000,2026-02-08T01:20:00Z,0.19584,0.19584,0.19534,0.19534,71295.6,13948.552373,0.19584,0.19584,0.19534,0.19534,0.19597,0.19598,0.19548,0.19552,-0.00050196,-0.00029781,-0.00058087,-0.00029781,-0.00017999999999998573,-0.0009206219312601562
1770513900000,2026-02-08T01:25:00Z,0.19534,0.19538,0.19509,0.19518,29524.5,5763.349305,0.19534,0.19538,0.19512,0.19518,0.19552,0.19554,0.19533,0.19533,-0.00029781,-0.00076974,-0.00083567,-0.00083567,-0.00015000000000001124,-0.000767931193365132
1770514200000,2026-02-08T01:30:00Z,0.19518,0.19551,0.19505,0.19531,62472.6,12200.51632,0.19518,0.19551,0.19508,0.19537,0.19533,0.19567,0.19529,0.19557,-0.00083567,-0.00048024,-0.0007716,-0.0007716,-0.00025999999999998247,-0.0013294472567366288
1770514500000,2026-02-08T01:35:00Z,0.19531,0.19579,0.19531,0.19553,64635.4,12642.935893,0.19537,0.19579,0.19537,0.19558,0.19557,0.19591,0.19554,0.19574,-0.0007716,-0.00004395,-0.00039073,-0.00039073,-0.00020999999999998797,-0.0010728517421068151
1770514800000,2026-02-08T01:40:00Z,0.19553,0.19568,0.19506,0.19521,137622,26900.796674,0.19558,0.19566,0.19513,0.19524,0.19574,0.19582,0.19532,0.19544,-0.00039073,-0.00020381,-0.00064666,-0.00020381,-0.00023000000000000798,-0.0011768317642243552
1770515100000,2026-02-08T01:45:00Z,0.19521,0.19541,0.19486,0.19491,115775.3,22586.920093,0.19524,0.19541,0.19489,0.19491,0.19544,0.19558,0.19504,0.19504,-0.00020381,-0.00049661,-0.00070993,-0.00070993,-0.00012999999999999123,-0.000666529942575837
1770515400000,2026-02-08T01:50:00Z,0.19491,0.19551,0.19491,0.19541,81940.9,16001.57683,0.19491,0.19552,0.19491,0.19542,0.19504,0.19566,0.19504,0.19561,-0.00070993,-0.0003602,-0.00070192,-0.0003602,-0.00020000000000000573,-0.0010224426154082395
1770515700000,2026-02-08T01:55:00Z,0.19541,0.19542,0.19513,0.19532,77632.6,15156.874524,0.19542,0.19542,0.19517,0.19534,0.19561,0.19561,0.19536,0.19555,-0.0003602,-0.00066554,-0.00080017,-0.00080017,-0.00023000000000000798,-0.0011761697775505393
1770516000000,2026-02-08T02:00:00Z,0.19532,0.19553,0.19494,0.1952,353936.5,69064.707461,0.19534,0.19553,0.19507,0.1952,0.19555,0.19571,0.19525,0.19535,-0.00080017,-0.00058628,-0.00101977,-0.00101977,-0.00014999999999998348,-0.0007678525723060327
1770516300000,2026-02-08T02:05:00Z,0.1952,0.19542,0.19518,0.19537,139177.7,27177.969684,0.1952,0.1954,0.1952,0.19537,0.19535,0.19558,0.19535,0.19555,-0.00101977,-0.00053929,-0.00087938,-0.00053929,-0.00018000000000001348,-0.0009204806954743722
1770516600000,2026-02-08T02:10:00Z,0.19537,0.1957,0.19536,0.19536,45527.8,8903.99234,0.19537,0.1957,0.19537,0.1954,0.19555,0.19578,0.19554,0.19556,-0.00053929,-0.00020459,-0.00035417,-0.00020459,-0.00020000000000000573,-0.0010227040294539052
1770516900000,2026-02-08T02:15:00Z,0.19536,0.19544,0.1951,0.19541,36314,7089.703609,0.1954,0.19544,0.19511,0.19541,0.19556,0.19556,0.19527,0.19548,-0.00020459,-0.00013083,-0.00017588,-0.00013083,-6.999999999998674e-05,-0.0003580928995292958
1770517200000,2026-02-08T02:20:00Z,0.19541,0.19618,0.19541,0.19563,150142.8,29408.779389,0.19541,0.19619,0.19541,0.19563,0.19548,0.19629,0.19548,0.19581,-0.00013083,0,-0.00067263,-0.00067263,-0.00018000000000001348,-0.0009192584648384326
1770517500000,2026-02-08T02:25:00Z,0.19563,0.19563,0.19478,0.19487,79040.6,15421.062588,0.19563,0.19563,0.19482,0.1949,0.19581,0.19582,0.19501,0.19508,-0.00067263,-0.00023831,-0.00081295,-0.00023831,-0.00021000000000001573,-0.0010764814435104354
1770517800000,2026-02-08T02:30:00Z,0.19487,0.19509,0.19458,0.19462,139599.7,27194.631328,0.1949,0.19509,0.19465,0.19465,0.19508,0.19525,0.19481,0.19481,-0.00023831,-0.00031009,-0.0006448,-0.0006448,-0.00019000000000002348,-0.0009753092757046531
1770518100000,2026-02-08T02:35:00Z,0.19462,0.19462,0.19412,0.1942,138831.4,26979.824899,0.19465,0.19465,0.1942,0.19427,0.19481,0.19481,0.19435,0.19443,-0.0006448,-0.00031692,-0.000353,-0.00031692,-0.00022999999999998022,-0.0011829450187727214
1770518400000,2026-02-08T02:40:00Z,0.1942,0.1944,0.19415,0.19437,68317.3,13270.90056,0.19427,0.1944,0.19416,0.19437,0.19443,0.19452,0.19432,0.19452,-0.00031692,-0.00031053,-0.00053368,-0.00053368,-0.00015000000000001124,-0.0007711289327576148
1770518700000,2026-02-08T02:45:00Z,0.19437,0.19444,0.19406,0.1943,97302.7,18899.786719,0.19437,0.19444,0.19412,0.1943,0.19452,0.19458,0.19427,0.19448,-0.00053368,-0.00057833,-0.00073507,-0.00073507,-0.00017999999999998573,-0.0009255450431920287
1770519000000,2026-02-08T02:50:00Z,0.1943,0.19463,0.19386,0.19393,329355.4,63991.725884,0.1943,0.19463,0.1939,0.19393,0.19448,0.19474,0.19402,0.19406,-0.00073507,-0.00055374,-0.00071352,-0.00055374,-0.000130000000000019,-0.0006698959084820106
1770519300000,2026-02-08T02:55:00Z,0.19393,0.19453,0.19393,0.19448,70936.8,13775.945591,0.19393,0.1945,0.19393,0.19448,0.19406,0.19468,0.19406,0.19468,-0.00055374,-0.00048401,-0.00090843,-0.00048401,-0.00020000000000000573,-0.0010273268954181516
1770519600000,2026-02-08T03:00:00Z,0.19448,0.19487,0.19448,0.19459,152207.6,29639.614618,0.19448,0.19487,0.19448,0.19461,0.19468,0.19503,0.19464,0.19483,-0.00048401,-0.00076265,-0.00101964,-0.00101964,-0.00023999999999999022,-0.0012318431453061142
1770519900000,2026-02-08T03:05:00Z,0.19459,0.19476,0.19437,0.19439,159018,30935.622526,0.19461,0.19476,0.19442,0.19442,0.19483,0.19492,0.19464,0.19464,-0.00101964,-0.00068836,-0.00085241,-0.00085241,-0.0002500000000000002,-0.0012844225236333755
1770520200000,2026-02-08T03:10:00Z,0.19439,0.19443,0.19421,0.19437,25412.4,4938.144757,0.19442,0.19443,0.19425,0.19439,0.19464,0.19464,0.19448,0.1946,-0.00085241,-0.0005349,-0.00068336,-0.0005349,-0.00023000000000000798,-0.0011819116135663309
1770520500000,2026-02-08T03:15:00Z,0.19437,0.19442,0.19409,0.19411,25758.6,5005.521162,0.19439,0.19442,0.19414,0.19416,0.1946,0.19462,0.19442,0.19444,-0.0005349,-0.00107694,-0.00113797,-0.00113797,-0.00032999999999999696,-0.001697181649866267
1770520800000,2026-02-08T03:20:00Z,0.19411,0.19465,0.19405,0.19425,129587.2,25189.331393,0.19416,0.19464,0.19414,0.19425,0.19444,0.19474,0.19437,0.19444,-0.00113797,-0.00041701,-0.0008795,-0.0008795,-0.00018999999999999573,-0.0009771651923472316
1770521100000,2026-02-08T03:25:00Z,0.19425,0.19454,0.19425,0.19438,49451,9615.785606,0.19425,0.19456,0.19425,0.19442,0.19444,0.19473,0.19444,0.19466,-0.0008795,-0.00064754,-0.00078712,-0.00078712,-0.00028000000000000247,-0.0014384054248433292
1770521400000,2026-02-08T03:30:00Z,0.19438,0.19476,0.19419,0.19467,98787.6,19217.850746,0.19442,0.19476,0.19424,0.19467,0.19466,0.19486,0.19447,0.19478,-0.00078712,-0.00041785,-0.00052494,-0.00041785,-0.00010999999999999899,-0.0005647397063353475
1770521700000,2026-02-08T03:35:00Z,0.19467,0.19467,0.19423,0.19424,43213.4,8403.161485,0.19467,0.19467,0.19425,0.19425,0.19478,0.19478,0.19443,0.19443,-0.00041785,-0.00049652,-0.00054028,-0.00054028,-0.00018999999999999573,-0.0009772154502905711
1770522000000,2026-02-08T03:40:00Z,0.19424,0.19427,0.19392,0.19407,26686.5,5179.356149,0.19425,0.19427,0.19395,0.19407,0.19443,0.19443,0.19412,0.19418,-0.00054028,-0.00011524,-0.00049232,-0.00011524,-0.00010999999999999899,-0.0005664847049129621
1770522300000,2026-02-08T03:45:00Z,0.19407,0.19417,0.19386,0.19387,29075.2,5641.627196,0.19407,0.19418,0.19386,0.19388,0.19418,0.19431,0.19408,0.1941,-0.00011524,-0.00061383,-0.00083879,-0.00061383,-0.00023000000000000798,-0.001184956208140175
1770522600000,2026-02-08T03:50:00Z,0.19387,0.19387,0.19326,0.19338,137388.7,26590.488452,0.19388,0.19388,0.19338,0.19338,0.1941,0.1941,0.19356,0.19356,-0.00061383,-0.00035938,-0.00095154,-0.00095154,-0.00018000000000001348,-0.0009299442033478687
1770522900000,2026-02-08T03:55:00Z,0.19338,0.19361,0.19325,0.19356,47907.5,9267.174728,0.19338,0.19361,0.1933,0.19356,0.19356,0.1937,0.19347,0.1937,-0.00095154,-0.00015575,-0.0004349,-0.00015575,-0.00014000000000000123,-0.0007227671657201922
1770523200000,2026-02-08T04:00:00Z,0.19356,0.19367,0.19352,0.19365,37605.7,7280.103083,0.19356,0.19365,0.19354,0.19365,0.1937,0.19385,0.19368,0.19385,-0.00015575,-0.00024953,-0.00039023,-0.00039023,-0.00020000000000000573,-0.0010317255610008034
1770523500000,2026-02-08T04:05:00Z,0.19365,0.19386,0.19362,0.19376,147395.4,28562.882558,0.19365,0.19386,0.19365,0.19377,0.19385,0.19398,0.19385,0.19394,-0.00039023,-0.00048035,-0.00051348,-0.00051348,-0.00018000000000001348,-0.0009281220996185082
1770523800000,2026-02-08T04:10:00Z,0.19376,0.19377,0.19319,0.19338,69793.4,13506.555095,0.19377,0.19377,0.19327,0.19338,0.19394,0.19394,0.19348,0.19356,-0.00051348,-0.0008623,-0.00114332,-0.00114332,-0.00018000000000001348,-0.0009299442033478687
1770524100000,2026-02-08T04:15:00Z,0.19338,0.19364,0.1928,0.19356,282989.9,54644.581582,0.19338,0.19364,0.19281,0.19357,0.19356,0.19368,0.19295,0.19364,-0.00114332,-0.00000413,-0.00009164,-0.00000413,-7.999999999999674e-05,-0.00041313778145009674
1770524400000,2026-02-08T04:20:00Z,0.19356,0.19411,0.19355,0.19411,110872.9,21497.639764,0.19357,0.19412,0.19357,0.19411,0.19364,0.1942,0.19362,0.1942,-0.00000413,0,-0.00003127,-0.00003127,-9.000000000000674e-05,-0.0004634397528321665
1770524700000,2026-02-08T04:25:00Z,0.19411,0.19442,0.19407,0.19426,111008.9,21559.080125,0.19411,0.19442,0.19411,0.19427,0.1942,0.19445,0.1942,0.19438,-0.00003127,-0.0001779,-0.00018741,-0.00018741,-0.00012000000000000899,-0.0006173474637308828
1770525000000,2026-02-08T04:30:00Z,0.19426,0.19435,0.19368,0.19376,77027.1,14945.360566,0.19427,0.19435,0.1937,0.19376,0.19438,0.19445,0.19385,0.19385,-0.00018741,-0.00029359,-0.00088997,-0.00029359,-9.000000000000674e-05,-0.000464276502450383
1770525300000,2026-02-08T04:35:00Z,0.19376,0.19376,0.19332,0.19361,48690.4,9424.404186,0.19376,0.19376,0.1934,0.19363,0.19385,0.19386,0.19355,0.19372,-0.00029359,0,-0.0001223,0,-0.00010999999999999899,-0.0005678298575263214
1770525600000,2026-02-08T04:40:00Z,0.19361,0.19371,0.19352,0.19352,50283,9734.483577,0.19363,0.19371,0.19357,0.19358,0.19372,0.19383,0.19371,0.19374,0,-0.00044025,-0.00052822,-0.00052822,-0.00021999999999999797,-0.0011355424796118405
1770525900000,2026-02-08T04:45:00Z,0.19352,0.19357,0.1934,0.19352,40916.9,7918.258917,0.19358,0.19358,0.19342,0.19353,0.19374,0.19374,0.19357,0.19367,-0.00052822,-0.00014701,-0.00055518,-0.00014701,-0.00015000000000001124,-0.0007745133474467456
1770526200000,2026-02-08T04:50:00Z,0.19352,0.19352,0.19341,0.19352,45347.7,8772.775438,0.19353,0.19353,0.19345,0.19352,0.19367,0.19367,0.19357,0.19366,-0.00014701,-0.00026678,-0.00037738,-0.00026678,-0.00014000000000000123,-0.0007229164515129672
1770526500000,2026-02-08T04:55:00Z,0.19352,0.19411,0.19352,0.19409,100010.7,19380.672317,0.19352,0.19411,0.19352,0.1941,0.19366,0.19423,0.19366,0.19423,-0.00026678,-0.00026007,-0.00030888,-0.00026007,-0.00014000000000000123,-0.0007207949338413285
1770526800000,2026-02-08T05:00:00Z,0.19409,0.19409,0.19363,0.19372,84970,16473.221826,0.1941,0.1941,0.19366,0.19372,0.19423,0.19423,0.1938,0.19385,-0.00026007,-0.00024558,-0.00044759,-0.00024558,-0.00012999999999999123,-0.0006706216146504577
1770527100000,2026-02-08T05:05:00Z,0.19372,0.19399,0.19368,0.19383,41640.2,8069.541878,0.19372,0.19399,0.19368,0.19383,0.19385,0.19409,0.19383,0.19398,-0.00024558,-0.00036454,-0.00055314,-0.00055314,-0.00015000000000001124,-0.0007732755954222663
1770527400000,2026-02-08T05:10:00Z,0.19383,0.19442,0.19383,0.1943,178082.4,34567.200465,0.19383,0.19442,0.19383,0.1943,0.19398,0.19451,0.19398,0.19439,-0.00055314,-0.00016711,-0.00024542,-0.00016711,-9.000000000000674e-05,-0.000462986779155341
1770527700000,2026-02-08T05:15:00Z,0.1943,0.19445,0.19405,0.19426,86215.2,16743.807612,0.1943,0.19448,0.19406,0.19426,0.19439,0.19459,0.19421,0.19431,-0.00016711,-0.00009232,-0.00029529,-0.00009232,-5.000000000002225e-05,-0.0002573207760795751
1770528000000,2026-02-08T05:20:00Z,0.19426,0.19426,0.19384,0.1939,45458.1,8816.456354,0.19426,0.19426,0.19387,0.1939,0.19431,0.19431,0.194,0.19402,-0.00009232,-0.00025122,-0.00025751,-0.00025122,-0.00012000000000000899,-0.0006184929388723275
1770528300000,2026-02-08T05:25:00Z,0.1939,0.19398,0.1938,0.19398,27210.4,5275.7809,0.1939,0.19398,0.19386,0.19398,0.19402,0.19413,0.19401,0.1941,-0.00025122,-0.00044348,-0.00044475,-0.00044475,-0.00011999999999998123,-0.0006182380216382341
1770528600000,2026-02-08T05:30:00Z,0.19398,0.19398,0.19333,0.19335,189975.5,36768.23889,0.19398,0.19398,0.19334,0.19335,0.1941,0.1941,0.19355,0.19355,-0.00044475,-0.00076643,-0.00089152,-0.00076643,-0.00020000000000000573,-0.0010333247222940106
1770528900000,2026-02-08T05:35:00Z,0.19335,0.19351,0.19327,0.19349,29708.4,5745.783183,0.19335,0.19354,0.19328,0.19349,0.19355,0.19369,0.19349,0.19365,-0.00076643,-0.00026941,-0.00054335,-0.00054335,-0.00015999999999999348,-0.0008262328943970746
1770529200000,2026-02-08T05:40:00Z,0.19349,0.1935,0.19332,0.19337,35476.7,6861.060531,0.19349,0.1935,0.19335,0.19337,0.19365,0.19367,0.19352,0.19352,-0.00054335,-0.00029098,-0.00033335,-0.00033335,-0.00015000000000001124,-0.0007751136833402813
1770529500000,2026-02-08T05:45:00Z,0.19337,0.19339,0.19323,0.19323,18150.6,3508.63569,0.19337,0.19339,0.19328,0.19328,0.19352,0.19354,0.19346,0.19351,-0.00033335,-0.0007672,-0.00081047,-0.0007672,-0.0002799999999999747,-0.0014469536458062877
1770529800000,2026-02-08T05:50:00Z,0.19323,0.19323,0.19289,0.19298,78906.6,15235.950728,0.19328,0.19328,0.19292,0.19298,0.19351,0.19351,0.19307,0.19307,-0.0007672,-0.00028848,-0.00058518,-0.00058518,-8.999999999997899e-05,-0.00046615217278696324
1770530100000,2026-02-08T05:55:00Z,0.19298,0.19318,0.19298,0.19311,35033.7,6765.228576,0.19298,0.19318,0.19298,0.19313,0.19307,0.1933,0.19307,0.19328,-0.00058518,-0.00020038,-0.00049322,-0.00049322,-0.00017000000000000348,-0.0008795529801324683
1770530400000,2026-02-08T06:00:00Z,0.19311,0.19321,0.19287,0.19291,56200,10848.368479,0.19313,0.19321,0.19288,0.19291,0.19328,0.19338,0.19307,0.19307,-0.00049322,-0.00053006,-0.00073247,-0.00073247,-0.00015999999999999348,-0.00082871497384365
1770530700000,2026-02-08T06:05:00Z,0.19291,0.19319,0.19271,0.19291,99620,19216.823538,0.19291,0.19319,0.19276,0.19291,0.19307,0.19328,0.19293,0.19305,-0.00073247,-0.00050681,-0.00059205,-0.00050681,-0.00014000000000000123,-0.0007252007252007316
1770531000000,2026-02-08T06:10:00Z,0.19291,0.19353,0.19278,0.19348,83299.1,16084.005542,0.19291,0.19352,0.19278,0.19348,0.19305,0.19359,0.19294,0.19359,-0.00050681,0,-0.00017227,0,-0.00010999999999999899,-0.0005682111679322226
1770531300000,2026-02-08T06:15:00Z,0.19348,0.19353,0.19303,0.1933,126368.5,24427.011873,0.19348,0.19353,0.19312,0.19333,0.19359,0.1936,0.19323,0.19346,0,0,-0.000197,0,-0.00015999999999999348,-0.0008270443502532487
1770531600000,2026-02-08T06:20:00Z,0.1933,0.1933,0.19296,0.19306,88793.8,17142.917031,0.19333,0.19333,0.19299,0.19306,0.19346,0.19346,0.19318,0.1932,0,-0.00072252,-0.00079633,-0.00079633,-0.00014000000000000123,-0.0007246376811594266
1770531900000,2026-02-08T06:25:00Z,0.19306,0.19368,0.19299,0.19345,265955.5,51424.852066,0.19306,0.19347,0.19303,0.19345,0.1932,0.19366,0.1932,0.1936,-0.00079633,-0.00036892,-0.00054788,-0.00054788,-0.00014999999999998348,-0.0007747933884296668
1770532200000,2026-02-08T06:30:00Z,0.19345,0.19354,0.19315,0.19315,41290.2,7982.388685,0.19345,0.19354,0.1932,0.1932,0.1936,0.19369,0.19336,0.1934,-0.00054788,-0.00026929,-0.00071754,-0.00026929,-0.0002500000000000002,-0.0012926577042399186
1770532500000,2026-02-08T06:35:00Z,0.19315,0.19334,0.19312,0.19332,44001.9,8503.89519,0.1932,0.19332,0.19314,0.19332,0.1934,0.19347,0.1933,0.19346,-0.00026929,-0.0003187,-0.00058534,-0.0003187,-0.00014000000000000123,-0.0007236638064716285
1770532800000,2026-02-08T06:40:00Z,0.19332,0.19332,0.1928,0.19303,82570.6,15942.375831,0.19332,0.19332,0.19288,0.19303,0.19346,0.19346,0.19303,0.19314,-0.0003187,-0.00025777,-0.00030653,-0.00025777,-0.00010999999999999899,-0.0005695350522936677
1770533100000,2026-02-08T06:45:00Z,0.19303,0.19312,0.19293,0.19299,73753.5,14236.16625,0.19303,0.19312,0.19294,0.19299,0.19314,0.19325,0.19308,0.19312,-0.00025777,0,-0.00041358,-0.00041358,-0.000130000000000019,-0.0006731565865783916
1770533400000,2026-02-08T06:50:00Z,0.19299,0.19305,0.19253,0.19287,196461.5,37872.149431,0.19299,0.19299,0.19254,0.19287,0.19312,0.19312,0.19271,0.19299,-0.00041358,-0.00013462,-0.00021124,-0.00013462,-0.00011999999999998123,-0.0006217938753302308
1770533700000,2026-02-08T06:55:00Z,0.19287,0.19289,0.19266,0.19277,136538,26319.150879,0.19287,0.19289,0.19266,0.19277,0.19299,0.19302,0.19282,0.19293,-0.00013462,-0.00050946,-0.00054183,-0.00050946,-0.00015999999999999348,-0.0008293163323484865
1770534000000,2026-02-08T07:00:00Z,0.19277,0.19301,0.19264,0.1927,111268.8,21468.831065,0.19277,0.19301,0.19266,0.19272,0.19293,0.19315,0.19283,0.19289,-0.00050946,-0.00035904,-0.00081124,-0.00081124,-0.00018999999999999573,-0.0009850173674114558
1770534300000,2026-02-08T07:05:00Z,0.1927,0.1929,0.19196,0.19202,295732.7,56862.667845,0.19272,0.1929,0.19199,0.19202,0.19289,0.19304,0.19209,0.19209,-0.00081124,-0.00034661,-0.00056725,-0.00034661,-7.00000000000145e-05,-0.000364412514967018
1770534600000,2026-02-08T07:10:00Z,0.19202,0.19262,0.1919,0.1925,168672,32411.46002,0.19202,0.19263,0.1919,0.19257,0.19209,0.19272,0.19205,0.19267,-0.00034661,-0.00008648,-0.00039461,-0.00039461,-0.00017000000000000348,-0.0008823376758187755
1770534900000,2026-02-08T07:15:00Z,0.1925,0.19253,0.19233,0.19233,57068.7,10982.271111,0.19257,0.19257,0.19233,0.19233,0.19267,0.19267,0.19245,0.19245,-0.00039461,-0.00006475,-0.00061233,-0.00061233,-0.00012000000000000899,-0.0006235385814497738
1770535200000,2026-02-08T07:20:00Z,0.19233,0.19233,0.1914,0.19189,304489.6,58352.308237,0.19233,0.19233,0.19151,0.1919,0.19245,0.19245,0.19166,0.19202,-0.00061233,-0.00017202,-0.00023382,-0.00017202,-0.00012999999999999123,-0.000677012811165458
1770535500000,2026-02-08T07:25:00Z,0.19189,0.19215,0.19189,0.19214,71002.2,13636.70544,0.1919,0.19214,0.1919,0.19214,0.19202,0.19227,0.19202,0.19222,-0.00017202,-0.00033973,-0.00048257,-0.00033973,-7.999999999999674e-05,-0.00041618978254082166
1770535800000,2026-02-08T07:30:00Z,0.19214,0.19249,0.19184,0.19248,49477.7,9501.703568,0.19214,0.19252,0.19187,0.19251,0.19222,0.19264,0.19199,0.19264,-0.00033973,0,-0.00027355,0,-0.00015999999999999348,-0.0008305647840531222
1770536100000,2026-02-08T07:35:00Z,0.19248,0.19271,0.19214,0.19238,77863.9,14978.295735,0.19251,0.19271,0.19221,0.19238,0.19264,0.19283,0.19234,0.19247,0,-0.00020794,-0.00037017,-0.00037017,-9.000000000000674e-05,-0.0004676053410921533
1770536400000,2026-02-08T07:40:00Z,0.19238,0.1924,0.19217,0.19226,70694.6,13593.000462,0.19238,0.1924,0.19218,0.19229,0.19247,0.19258,0.19235,0.19247,-0.00037017,-0.00041302,-0.00055314,-0.00041302,-0.00021000000000001573,-0.0010910791292150243
1770536700000,2026-02-08T07:45:00Z,0.19226,0.19268,0.19224,0.19254,160386.6,30864.803905,0.19229,0.19269,0.19225,0.1926,0.19247,0.19285,0.19245,0.19276,-0.00041302,-0.000341,-0.00039403,-0.00039403,-0.00021999999999999797,-0.0011413156256484644
1770537000000,2026-02-08T07:50:00Z,0.19254,0.19278,0.19252,0.19268,73137.2,14087.34077,0.1926,0.1928,0.19254,0.19273,0.19276,0.19296,0.19267,0.19291,-0.00039403,-0.00010488,-0.00021564,-0.00021564,-0.00023000000000000798,-0.0011922658234410242
1770537300000,2026-02-08T07:55:00Z,0.19268,0.19298,0.19256,0.19284,112176.7,21625.519352,0.19273,0.19298,0.1926,0.19285,0.19291,0.1931,0.19276,0.19302,-0.00021564,-0.00031711,-0.00033421,-0.00031711,-0.00017999999999998573,-0.0009325458501708928
1770537600000,2026-02-08T08:00:00Z,0.19284,0.19372,0.19255,0.1935,257298.2,49682.641166,0.19285,0.19368,0.19257,0.19356,0.19302,0.19377,0.19281,0.19369,-0.00031711,0,-0.00067091,0,-0.00018999999999999573,-0.000980948939026257
1770537900000,2026-02-08T08:05:00Z,0.1935,0.19351,0.19298,0.19311,268026.3,51781.076123,0.19356,0.19356,0.19305,0.19311,0.19369,0.19369,0.1932,0.19321,0,-0.00008229,-0.00051482,-0.00008229,-9.999999999998899e-05,-0.0005175715542673205
1770538200000,2026-02-08T08:10:00Z,0.19311,0.19333,0.19284,0.19299,91577.9,17681.832647,0.19311,0.19333,0.19289,0.19308,0.19321,0.19343,0.19302,0.19323,-0.00008229,-0.00009859,-0.00042246,-0.00042246,-0.00024000000000001798,-0.0012420431609999377
1770538500000,2026-02-08T08:15:00Z,0.19299,0.19299,0.19239,0.19249,117223.6,22584.610127,0.19308,0.19308,0.19243,0.19249,0.19323,0.19323,0.19258,0.19261,-0.00042246,-0.00011927,-0.00051304,-0.00011927,-0.00012000000000000899,-0.0006230206115986137
1770538800000,2026-02-08T08:20:00Z,0.19249,0.19433,0.19249,0.19413,385536.2,74717.729044,0.19249,0.19433,0.19249,0.19413,0.19261,0.19446,0.19261,0.19426,-0.00011927,0,-0.00020033,-0.00020033,-0.00012999999999999123,-0.0006692062184700465
1770539100000,2026-02-08T08:25:00Z,0.19413,0.19508,0.19374,0.19468,505598,98305.496265,0.19413,0.19502,0.19382,0.19473,0.19426,0.19518,0.19398,0.19487,-0.00020033,-0.00003573,-0.00047205,-0.00047205,-0.00018999999999999573,-0.0009750089803458497
1770539400000,2026-02-08T08:30:00Z,0.19468,0.19616,0.19388,0.19597,607744,118679.642451,0.19473,0.19619,0.19391,0.19606,0.19487,0.1963,0.1941,0.19619,-0.00047205,0,-0.00006188,0,-0.00021999999999999797,-0.0011213619450532544
1770539700000,2026-02-08T08:35:00Z,0.19597,0.19606,0.1951,0.19511,251330.5,49166.016203,0.19606,0.19607,0.19517,0.19517,0.19619,0.1962,0.19539,0.19539,0,-0.00053985,-0.00068153,-0.00053985,-0.00028000000000000247,-0.0014330313731511462
1770540000000,2026-02-08T08:40:00Z,0.19511,0.19517,0.19438,0.19444,143912.7,28037.796005,0.19517,0.19517,0.19443,0.19444,0.19539,0.19539,0.19463,0.19463,-0.00053985,-0.00038699,-0.00051911,-0.00051911,-0.00018999999999999573,-0.0009762112726712003
1770540300000,2026-02-08T08:45:00Z,0.19444,0.19535,0.19433,0.19515,291090.9,56715.475468,0.19444,0.19526,0.19436,0.19519,0.19463,0.19538,0.19454,0.19532,-0.00051911,-0.00007867,-0.00008102,-0.00007867,-0.00017000000000000348,-0.0008703665779234256
1770540600000,2026-02-08T08:50:00Z,0.19515,0.19515,0.19461,0.19504,203925.6,39732.262514,0.19519,0.19519,0.19471,0.19506,0.19532,0.19532,0.19487,0.19521,-0.00007867,-0.00009655,-0.00010922,-0.00009655,-0.00017000000000000348,-0.0008708570257671404
1770540900000,2026-02-08T08:55:00Z,0.19504,0.19564,0.19494,0.19554,124290.4,24285.277627,0.19506,0.19561,0.19495,0.19554,0.19521,0.1957,0.19508,0.19563,-0.00009655,-0.00008092,-0.00031991,-0.00031991,-9.000000000000674e-05,-0.00046005213924248193
1770541200000,2026-02-08T09:00:00Z,0.19554,0.19558,0.19508,0.19519,195288.4,38150.08108,0.19554,0.19558,0.19517,0.19526,0.19563,0.19568,0.19531,0.19539,-0.00031991,-0.00009263,-0.0001699,-0.00009263,-0.00020000000000000573,-0.0010235938379651247
1770541500000,2026-02-08T09:05:00Z,0.19519,0.19589,0.19511,0.19557,196890.5,38487.869453,0.19526,0.19587,0.19514,0.19564,0.19539,0.19596,0.19526,0.19582,-0.00009263,-0.00016539,-0.00022667,-0.00016539,-0.0002500000000000002,-0.0012766826677561038
1770541800000,2026-02-08T09:10:00Z,0.19557,0.19557,0.19474,0.19496,215562.8,42051.772549,0.19564,0.19564,0.19479,0.19496,0.19582,0.19582,0.19501,0.19512,-0.00016539,-0.00042337,-0.00077093,-0.00042337,-0.00015999999999999348,-0.0008200082000819675
1770542100000,2026-02-08T09:15:00Z,0.19496,0.195,0.1946,0.19462,111212.3,21665.480013,0.19496,0.19498,0.19468,0.19468,0.19512,0.19513,0.19487,0.19488,-0.00042337,-0.00037086,-0.00067705,-0.00067705,-0.0002600000000000102,-0.0013341543513957833
1770542400000,2026-02-08T09:20:00Z,0.19462,0.19468,0.19443,0.19447,77417,15060.835841,0.19468,0.19469,0.1945,0.1945,0.19488,0.19492,0.1947,0.19477,-0.00067705,-0.00065063,-0.00097085,-0.00097085,-0.0002999999999999947,-0.001540278276942007
1770542700000,2026-02-08T09:25:00Z,0.19447,0.19456,0.19436,0.1944,86699,16856.58328,0.1945,0.19456,0.19437,0.19445,0.19477,0.19477,0.19461,0.19466,-0.00097085,-0.00037202,-0.00072979,-0.00037202,-0.0002600000000000102,-0.0013356621802117037
1770543000000,2026-02-08T09:30:00Z,0.1944,0.1948,0.19413,0.19413,128440.9,24985.60502,0.19445,0.1948,0.19413,0.19413,0.19466,0.19491,0.19431,0.19431,-0.00037202,-0.00035416,-0.00094456,-0.00035416,-0.00018000000000001348,-0.0009263547938861277
1770543300000,2026-02-08T09:35:00Z,0.19413,0.19413,0.19303,0.1935,283519.4,54835.177859,0.19413,0.19413,0.19308,0.1935,0.19431,0.19431,0.19333,0.19367,-0.00035416,-0.00055935,-0.00079533,-0.00055935,-0.00017000000000000348,-0.0008777817937729306
1770543600000,2026-02-08T09:40:00Z,0.1935,0.19362,0.19271,0.19275,190300.1,36749.626074,0.1935,0.1936,0.19274,0.19275,0.19367,0.19379,0.19301,0.19301,-0.00055935,-0.00074896,-0.00135439,-0.00074896,-0.00025999999999998247,-0.0013470804621521293
1770543900000,2026-02-08T09:45:00Z,0.19275,0.19343,0.19273,0.19325,87390.9,16880.459711,0.19275,0.19342,0.19275,0.19325,0.19301,0.19358,0.19301,0.19343,-0.00074896,-0.00005309,-0.00068841,-0.00068841,-0.00017999999999998573,-0.0009305691981594671
1770544200000,2026-02-08T09:50:00Z,0.19325,0.19331,0.19291,0.19327,67008.5,12939.390786,0.19325,0.19331,0.19291,0.19327,0.19343,0.19345,0.1931,0.19337,-0.00068841,0,-0.00015659,-0.00015659,-9.999999999998899e-05,-0.0005171433004084862
1770544500000,2026-02-08T09:55:00Z,0.19327,0.19353,0.19308,0.19308,158424,30639.29856,0.19327,0.19352,0.19318,0.19318,0.19337,0.19365,0.19335,0.19335,-0.00015659,-0.00014855,-0.00074044,-0.00014855,-0.00026999999999999247,-0.00139643134212564
1770544800000,2026-02-08T10:00:00Z,0.19308,0.19391,0.19308,0.19364,207926.4,40259.142433,0.19318,0.19391,0.19314,0.19364,0.19335,0.19398,0.19329,0.19373,-0.00014855,-0.00028348,-0.00045931,-0.00045931,-9.000000000000674e-05,-0.0004645640840345157
1770545100000,2026-02-08T10:05:00Z,0.19364,0.19429,0.19354,0.19379,99030.2,19195.464821,0.19364,0.19434,0.19357,0.19379,0.19373,0.19448,0.19372,0.19401,-0.00045931,-0.0002488,-0.00097309,-0.00097309,-0.00021999999999999797,-0.001133962166898603
1770545400000,2026-02-08T10:10:00Z,0.19379,0.194,0.19355,0.19376,44934.5,8707.220964,0.19379,0.194,0.1936,0.19376,0.19401,0.19424,0.19388,0.19399,-0.00097309,-0.0003823,-0.00113605,-0.0003823,-0.00023000000000000798,-0.0011856281251611319
1770545700000,2026-02-08T10:15:00Z,0.19376,0.19416,0.19374,0.19385,71303.3,13832.208428,0.19376,0.19416,0.19376,0.19387,0.19399,0.19435,0.19399,0.19409,-0.0003823,-0.00045113,-0.00074543,-0.00074543,-0.00024000000000001798,-0.0012365397496007932
1770546000000,2026-02-08T10:20:00Z,0.19385,0.19408,0.19178,0.19214,657164.9,126629.286321,0.19387,0.19407,0.19181,0.19214,0.19409,0.19425,0.19202,0.19231,-0.00074543,-0.00033816,-0.00091759,-0.00091759,-0.00017000000000000348,-0.0008839893921273126
1770546300000,2026-02-08T10:25:00Z,0.19214,0.19253,0.19175,0.19224,133406.6,25633.957834,0.19214,0.19252,0.19186,0.19224,0.19231,0.19267,0.19204,0.19242,-0.00091759,-0.00031106,-0.00069268,-0.00031106,-0.00018000000000001348,-0.0009354536950421655
1770546600000,2026-02-08T10:30:00Z,0.19224,0.19226,0.19176,0.19195,84028.1,16134.280981,0.19224,0.19226,0.19181,0.19195,0.19242,0.19242,0.19205,0.19213,-0.00031106,-0.0007227,-0.00102254,-0.00102254,-0.00017999999999998573,-0.0009368656638733448
1770546900000,2026-02-08T10:35:00Z,0.19195,0.19277,0.19195,0.19262,84023.7,16172.323947,0.19195,0.19277,0.19195,0.19271,0.19213,0.19286,0.19213,0.19286,-0.00102254,-0.00021577,-0.00036399,-0.00021577,-0.00023999999999999022,-0.001244426008503527
1770547200000,2026-02-08T10:40:00Z,0.19262,0.19262,0.19221,0.1923,45059.6,8667.0708,0.19271,0.19271,0.19223,0.1923,0.19286,0.19286,0.19242,0.1925,-0.00021577,-0.00046317,-0.00065036,-0.00065036,-0.00020000000000000573,-0.0010389610389610687
1770547500000,2026-02-08T10:45:00Z,0.1923,0.1929,0.19219,0.19277,117762.4,22679.540753,0.1923,0.19295,0.1922,0.19286,0.1925,0.19306,0.19241,0.19299,-0.00065036,-0.0001918,-0.00069411,-0.0001918,-0.00021999999999999797,-0.0011399554381055909
1770547800000,2026-02-08T10:50:00Z,0.19277,0.19301,0.19256,0.19267,123869.5,23876.976484,0.19286,0.19304,0.19261,0.19267,0.19299,0.1932,0.19278,0.19282,-0.0001918,-0.0004764,-0.00103037,-0.0004764,-0.00014999999999998348,-0.0007779276008711933
1770548100000,2026-02-08T10:55:00Z,0.19267,0.1927,0.19247,0.1926,76844.6,14801.746814,0.19267,0.1927,0.19253,0.1926,0.19282,0.19284,0.19268,0.19272,-0.0004764,-0.00008347,-0.00074276,-0.00074276,-0.00012000000000000899,-0.0006226650062266967
1770548400000,2026-02-08T11:00:00Z,0.1926,0.19332,0.19246,0.19322,117633.3,22681.118571,0.1926,0.19336,0.19247,0.19328,0.19272,0.19353,0.19266,0.19347,-0.00074276,-0.00031388,-0.00053015,-0.00031388,-0.0002500000000000002,-0.001292190003618133
1770548700000,2026-02-08T11:05:00Z,0.19322,0.19367,0.1932,0.19349,167940.6,32492.387431,0.19328,0.19367,0.19323,0.1935,0.19347,0.19379,0.19342,0.19366,-0.00031388,-0.0004445,-0.00059704,-0.00059704,-0.00017000000000000348,-0.0008778271196943276
1770549000000,2026-02-08T11:10:00Z,0.19349,0.19402,0.19314,0.19396,148062.8,28647.92053,0.1935,0.19405,0.19328,0.19405,0.19366,0.19417,0.19344,0.19417,-0.00059704,-0.00019823,-0.00044335,-0.00044335,-0.00021000000000001573,-0.0010815264973992671
1770549300000,2026-02-08T11:15:00Z,0.19396,0.19535,0.19396,0.19449,339050.9,66011.14637,0.19405,0.1953,0.19401,0.19452,0.19417,0.19542,0.19413,0.19469,-0.00044335,0,-0.0001458,0,-0.00020000000000000573,-0.0010272741281011132
1770549600000,2026-02-08T11:20:00Z,0.19449,0.19463,0.19424,0.19436,275030.9,53494.094547,0.19452,0.19462,0.19428,0.1944,0.19469,0.19472,0.19441,0.19457,0,-0.00040423,-0.0007892,-0.0007892,-0.00020999999999998797,-0.0010793030785834815
1770549900000,2026-02-08T11:25:00Z,0.19436,0.19469,0.1942,0.19459,69756.9,13565.310857,0.1944,0.19469,0.19425,0.1946,0.19457,0.19482,0.19446,0.19478,-0.0007892,-0.00017836,-0.00028169,-0.00017836,-0.00018999999999999573,-0.0009754594927610417
1770550200000,2026-02-08T11:30:00Z,0.19459,0.19625,0.1943,0.19556,325718.7,63622.021373,0.1946,0.19615,0.19438,0.19556,0.19478,0.19629,0.19453,0.19568,-0.00017836,-0.00070525,-0.00073242,-0.00070525,-0.00011999999999998123,-0.0006132461161078354
1770550500000,2026-02-08T11:35:00Z,0.19556,0.19594,0.19532,0.19552,326583.1,63876.205318,0.19556,0.19594,0.19537,0.19556,0.19568,0.19602,0.19554,0.19575,-0.00070525,0,-0.00074919,0,-0.00023000000000000798,-0.0011749680715198363
1770550800000,2026-02-08T11:40:00Z,0.19552,0.19552,0.19509,0.1953,257822.3,50335.585784,0.19556,0.19556,0.19513,0.1953,0.19575,0.19575,0.19523,0.19543,0,-0.0002747,-0.00086999,-0.0002747,-0.00012999999999999123,-0.0006651998157907754
1770551100000,2026-02-08T11:45:00Z,0.1953,0.19554,0.19511,0.19536,100568.9,19643.785551,0.1953,0.19554,0.19512,0.19538,0.19543,0.19559,0.19527,0.19548,-0.0002747,-0.00015427,-0.00039992,-0.00039992,-0.00011999999999998123,-0.0006138735420502416
1770551400000,2026-02-08T11:50:00Z,0.19536,0.19607,0.19522,0.19551,319515.7,62533.054057,0.19538,0.19599,0.19529,0.19551,0.19548,0.19615,0.19548,0.19569,-0.00039992,-0.00064848,-0.00071623,-0.00071623,-0.00018000000000001348,-0.0009198221677143108
1770551700000,2026-02-08T11:55:00Z,0.19551,0.19567,0.1952,0.19567,68492.5,13387.680228,0.19551,0.19571,0.19531,0.19571,0.19569,0.19591,0.19551,0.19591,-0.00071623,-0.0002013,-0.00066688,-0.00066688,-0.00023999999999999022,-0.001225052319942781
1770552000000,2026-02-08T12:00:00Z,0.19567,0.1959,0.19521,0.19566,116578.3,22787.521028,0.19571,0.1959,0.19521,0.19566,0.19591,0.19602,0.19544,0.19575,-0.00066688,-0.00060344,-0.0013365,-0.00060344,-9.000000000000674e-05,-0.00045977011494256314
1770552300000,2026-02-08T12:05:00Z,0.19566,0.19577,0.1948,0.1948,109978.3,21457.39182,0.19566,0.19576,0.1948,0.1948,0.19575,0.19587,0.19502,0.19502,-0.00060344,-0.0007756,-0.00080895,-0.00080895,-0.00021999999999999797,-0.0011280894267254537
1770552600000,2026-02-08T12:10:00Z,0.1948,0.19509,0.19465,0.19473,70905.5,13818.262526,0.1948,0.19507,0.1947,0.19473,0.19502,0.1952,0.19486,0.19491,-0.00080895,-0.00043767,-0.00073853,-0.00043767,-0.00018000000000001348,-0.0009235031553025165
1770552900000,2026-02-08T12:15:00Z,0.19473,0.19507,0.1947,0.19479,93109.2,18147.476591,0.19473,0.19507,0.19473,0.19483,0.19491,0.19521,0.19488,0.19501,-0.00043767,-0.0003904,-0.00063042,-0.0003904,-0.00021999999999999797,-0.0011281472744987333
1770553200000,2026-02-08T12:20:00Z,0.19479,0.19489,0.19456,0.19461,103979.8,20245.818513,0.19483,0.19489,0.19462,0.19464,0.19501,0.19502,0.1948,0.1948,-0.0003904,-0.00002391,-0.00058855,-0.00002391,-0.00018999999999999573,-0.0009753593429157892
1770553500000,2026-02-08T12:25:00Z,0.19461,0.19544,0.19461,0.19525,150895.3,29434.779674,0.19464,0.1954,0.19464,0.19525,0.1948,0.19546,0.1948,0.19539,-0.00002391,0,-0.00002282,0,-0.00014000000000000123,-0.0007165156865755731
1770553800000,2026-02-08T12:30:00Z,0.19525,0.19525,0.19445,0.19445,75457.8,14710.933929,0.19525,0.19525,0.19447,0.19455,0.19539,0.19539,0.19468,0.19477,0,-0.00011485,-0.00077634,-0.00077634,-0.00031999999999998696,-0.0016429634954047696
1770554100000,2026-02-08T12:35:00Z,0.19445,0.19521,0.19423,0.19477,101094.1,19689.141014,0.19455,0.19521,0.19427,0.19477,0.19477,0.19543,0.19447,0.19498,-0.00077634,-0.00056904,-0.0010127,-0.0010127,-0.00020999999999998797,-0.001077033541901672
1770554400000,2026-02-08T12:40:00Z,0.19477,0.1948,0.19375,0.19413,173555.6,33702.758412,0.19477,0.1948,0.19377,0.19413,0.19498,0.19502,0.19399,0.19431,-0.0010127,-0.00055859,-0.00062291,-0.00062291,-0.00018000000000001348,-0.0009263547938861277
1770554700000,2026-02-08T12:45:00Z,0.19413,0.19505,0.19396,0.19461,152608,29701.28101,0.19413,0.19512,0.194,0.19463,0.19431,0.19528,0.1942,0.1949,-0.00062291,-0.00065095,-0.00125631,-0.00065095,-0.0002899999999999847,-0.001487942534633067
1770555000000,2026-02-08T12:50:00Z,0.19461,0.1949,0.19429,0.19479,787728,153302.645138,0.19463,0.19484,0.1943,0.19479,0.1949,0.19503,0.19454,0.19503,-0.00065095,-0.00074632,-0.00082088,-0.00082088,-0.00024000000000001798,-0.0012305799107830487
1770555300000,2026-02-08T12:55:00Z,0.19479,0.19508,0.1945,0.19494,587938.3,114517.501214,0.19479,0.19507,0.19451,0.19499,0.19503,0.19522,0.19472,0.19519,-0.00082088,-0.00036234,-0.0004172,-0.0004172,-0.0002500000000000002,-0.0012808033198422062
1770555600000,2026-02-08T13:00:00Z,0.19494,0.19516,0.1943,0.19445,332550.4,64776.31779,0.19499,0.19516,0.19439,0.19445,0.19519,0.19528,0.19464,0.1947,-0.0004172,-0.00052546,-0.00056538,-0.00056538,-0.0002500000000000002,-0.0012840267077555223
1770555900000,2026-02-08T13:05:00Z,0.19445,0.19445,0.1937,0.19392,371415.9,72014.21531,0.19445,0.19445,0.19371,0.19398,0.1947,0.1947,0.19392,0.19412,-0.00056538,-0.00024283,-0.00039913,-0.00039913,-0.00019999999999997797,-0.0010302905419327117
1770556200000,2026-02-08T13:10:00Z,0.19392,0.19413,0.19383,0.19396,142963.8,27736.723107,0.19398,0.19412,0.1939,0.19396,0.19412,0.19423,0.19408,0.19414,-0.00039913,-0.0003422,-0.00047301,-0.0003422,-0.00018000000000001348,-0.000927165962707394
1770556500000,2026-02-08T13:15:00Z,0.19396,0.19474,0.19384,0.19474,116048.2,22539.77382,0.19396,0.19474,0.19389,0.19474,0.19414,0.19482,0.19406,0.19482,-0.0003422,-0.00011667,-0.00024191,-0.00024191,-7.999999999999674e-05,-0.00041063545837181366
1770556800000,2026-02-08T13:20:00Z,0.19474,0.19518,0.19449,0.1951,209065.8,40722.976214,0.19474,0.1952,0.19455,0.1952,0.19482,0.19528,0.19467,0.19528,-0.00024191,0,-0.00004526,0,-0.00018000000000001348,-0.0009217533797624615
1770557100000,2026-02-08T13:25:00Z,0.1951,0.19525,0.19442,0.19482,226097.4,44020.514168,0.1952,0.19528,0.19451,0.19488,0.19528,0.19538,0.19471,0.19507,0,-0.0000536,-0.00033955,-0.00033955,-0.0002500000000000002,-0.0012815912236633015
1770557400000,2026-02-08T13:30:00Z,0.19482,0.19483,0.19411,0.1942,229024.3,44508.613455,0.19488,0.19488,0.19414,0.19431,0.19507,0.19507,0.1944,0.19456,-0.00033955,-0.00069265,-0.00082038,-0.00069265,-0.0003599999999999992,-0.0018503289473684168
1770557700000,2026-02-08T13:35:00Z,0.1942,0.19453,0.19362,0.19382,437790.6,84916.997274,0.19431,0.19453,0.19362,0.19382,0.19456,0.19479,0.19384,0.19403,-0.00069265,-0.00049997,-0.0011688,-0.00049997,-0.00021000000000001573,-0.001082306859764035
1770558000000,2026-02-08T13:40:00Z,0.19382,0.19431,0.19362,0.19367,247797,48084.188147,0.19382,0.19428,0.19365,0.19369,0.19403,0.19447,0.19387,0.19391,-0.00049997,-0.00043895,-0.00066479,-0.00066479,-0.00023999999999999022,-0.001237687587024858
1770558300000,2026-02-08T13:45:00Z,0.19367,0.19417,0.19367,0.19387,146928.4,28500.927832,0.19369,0.19417,0.19369,0.19387,0.19391,0.19433,0.19391,0.19402,-0.00066479,-0.00040739,-0.00053758,-0.00040739,-0.00015000000000001124,-0.0007731161735904094
1770558600000,2026-02-08T13:50:00Z,0.19387,0.19458,0.19387,0.19451,70420.5,13680.997372,0.19387,0.19458,0.19387,0.19454,0.19402,0.19464,0.19402,0.19464,-0.00040739,0,-0.00052468,0,-0.000130000000000019,-0.0006678997122894523
1770558900000,2026-02-08T13:55:00Z,0.19451,0.19472,0.19404,0.19471,148740.3,28907.191548,0.19454,0.19473,0.19415,0.19473,0.19464,0.1949,0.19431,0.1949,0,-0.00031131,-0.0003896,-0.0003896,-0.00018999999999999573,-0.0009748589020010043
1770559200000,2026-02-08T14:00:00Z,0.19471,0.19516,0.19455,0.19466,261745.7,51005.054337,0.19473,0.19516,0.19458,0.19471,0.1949,0.19532,0.19477,0.19494,-0.0003896,-0.00039312,-0.00067018,-0.00067018,-0.00028000000000000247,-0.0014363393864779033
1770559500000,2026-02-08T14:05:00Z,0.19466,0.19491,0.19442,0.19444,183260.1,35668.285852,0.19471,0.19491,0.19447,0.19447,0.19494,0.19511,0.19472,0.19472,-0.00067018,-0.00056604,-0.00104415,-0.00104415,-0.00028000000000000247,-0.0014379622021364136
1770559800000,2026-02-08T14:10:00Z,0.19444,0.19488,0.19434,0.19443,136403.4,26539.57755,0.19447,0.19487,0.19437,0.19443,0.19472,0.19501,0.19459,0.19464,-0.00104415,-0.0009481,-0.00100615,-0.0009481,-0.00021000000000001573,-0.0010789149198521153
1770560100000,2026-02-08T14:15:00Z,0.19443,0.19459,0.194,0.19415,99227.8,19282.73286,0.19443,0.19459,0.1941,0.19415,0.19464,0.19476,0.19433,0.19437,-0.0009481,-0.0005207,-0.00061289,-0.00061289,-0.00021999999999999797,-0.0011318619128466224
1770560400000,2026-02-08T14:20:00Z,0.19415,0.19426,0.19394,0.19417,60153.3,11676.068379,0.19415,0.19426,0.19394,0.19417,0.19437,0.19444,0.19415,0.19434,-0.00061289,-0.00024952,-0.00090942,-0.00024952,-0.00017000000000000348,-0.0008747555829988858
1770560700000,2026-02-08T14:25:00Z,0.19417,0.19464,0.19417,0.19463,76054,14789.446242,0.19417,0.19465,0.19417,0.19463,0.19434,0.19478,0.19434,0.19467,-0.00024952,-0.00029079,-0.00029461,-0.00029079,-4.000000000001225e-05,-0.00020547593363133635
1770561000000,2026-02-08T14:30:00Z,0.19463,0.19526,0.19463,0.19524,96648.4,18842.909694,0.19463,0.19526,0.19463,0.19524,0.19467,0.19533,0.19467,0.19529,-0.00029079,-0.00022441,-0.00053321,-0.00022441,-4.999999999999449e-05,-0.0002560294945977495
1770561300000,2026-02-08T14:35:00Z,0.19524,0.19545,0.19507,0.19524,103839.4,20277.383907,0.19524,0.19543,0.19519,0.19526,0.19529,0.19555,0.19529,0.19538,-0.00022441,-0.00009851,-0.00011289,-0.00011289,-0.00014000000000000123,-0.0007165523595045615
1770561600000,2026-02-08T14:40:00Z,0.19524,0.19529,0.19466,0.1949,88880.4,17325.404464,0.19526,0.19526,0.1947,0.1949,0.19538,0.19538,0.19484,0.19499,-0.00011289,-0.00026186,-0.00063249,-0.00026186,-9.000000000000674e-05,-0.000461562131391388
1770561900000,2026-02-08T14:45:00Z,0.1949,0.19537,0.19482,0.19511,177160.1,34569.538853,0.1949,0.19537,0.19484,0.19511,0.19499,0.19545,0.19499,0.1952,-0.00026186,-0.00012206,-0.00020366,-0.00020366,-9.000000000000674e-05,-0.0004610655737705263
1770562200000,2026-02-08T14:50:00Z,0.19511,0.1953,0.19474,0.19488,87629.2,17095.047424,0.19511,0.1953,0.1948,0.19488,0.1952,0.1954,0.195,0.19508,-0.00020366,-0.00033597,-0.00069553,-0.00069553,-0.00020000000000000573,-0.0010252204223908433
1770562500000,2026-02-08T14:55:00Z,0.19488,0.19504,0.1947,0.19504,45700.7,8906.166361,0.19488,0.19504,0.19473,0.19504,0.19508,0.19512,0.19493,0.19512,-0.00069553,-0.00046358,-0.00066258,-0.00066258,-7.999999999999674e-05,-0.00041000410004098374
1770562800000,2026-02-08T15:00:00Z,0.19504,0.19538,0.19474,0.19477,134944.9,26321.214717,0.19504,0.19538,0.19482,0.19483,0.19512,0.19546,0.19502,0.19505,-0.00066258,-0.00044195,-0.00091773,-0.00091773,-0.00028000000000000247,-0.0014355293514483592
1770563100000,2026-02-08T15:05:00Z,0.19477,0.19517,0.19471,0.19515,61529.6,11997.414627,0.19483,0.19517,0.19472,0.19515,0.19505,0.19529,0.19495,0.19528,-0.00091773,-0.0003336,-0.00072584,-0.0003336,-0.000130000000000019,-0.0006657107742729363
1770563400000,2026-02-08T15:10:00Z,0.19515,0.19548,0.19468,0.19497,125878,24567.030655,0.19515,0.19548,0.19469,0.19497,0.19528,0.1956,0.19492,0.19511,-0.0003336,-0.00051477,-0.00066055,-0.00051477,-0.00014000000000000123,-0.0007175439495669172
1770563700000,2026-02-08T15:15:00Z,0.19497,0.19497,0.19407,0.19437,446298.6,86746.04658,0.19497,0.19497,0.19411,0.19437,0.19511,0.19511,0.19435,0.19453,-0.00051477,-0.00117349,-0.00128505,-0.00128505,-0.00016000000000002124,-0.0008224952449494742
1770564000000,2026-02-08T15:20:00Z,0.19437,0.19479,0.19377,0.19394,154379.7,30008.324225,0.19437,0.19473,0.1938,0.19393,0.19453,0.1948,0.19404,0.19411,-0.00128505,-0.00094042,-0.00108574,-0.00094042,-0.00017000000000000348,-0.0008757920766575832
1770564300000,2026-02-08T15:25:00Z,0.19394,0.19402,0.19219,0.19251,841900,162391.073621,0.19393,0.19402,0.19229,0.1926,0.19411,0.1942,0.19243,0.19278,-0.00094042,-0.00055569,-0.00064553,-0.00064553,-0.0002700000000000202,-0.0014005602240897408
1770564600000,2026-02-08T15:30:00Z,0.19251,0.19319,0.1923,0.19286,340792.1,65722.42432,0.1926,0.19309,0.19235,0.19286,0.19278,0.19327,0.19255,0.19302,-0.00064553,-0.00014377,-0.00029099,-0.00014377,-0.00015999999999999348,-0.0008289296445963811
1770564900000,2026-02-08T15:35:00Z,0.19286,0.19321,0.19262,0.19315,204441.1,39440.937263,0.19286,0.19321,0.19266,0.19315,0.19302,0.19338,0.19285,0.19328,-0.00014377,-0.00024117,-0.00091935,-0.00091935,-0.000130000000000019,-0.0006725993377484426
1770565200000,2026-02-08T15:40:00Z,0.19315,0.19344,0.19297,0.19314,112715.3,21772.427323,0.19315,0.19343,0.19297,0.19314,0.19328,0.19358,0.19314,0.19329,-0.00091935,-0.00025831,-0.0006663,-0.00025831,-0.00014999999999998348,-0.0007760360080706891
1770565500000,2026-02-08T15:45:00Z,0.19314,0.19322,0.19226,0.19228,150189.9,28946.301631,0.19314,0.19322,0.19233,0.19233,0.19329,0.19333,0.19254,0.19254,-0.00025831,-0.00029123,-0.00075688,-0.00075688,-0.00025999999999998247,-0.0013503687545444191
1770565800000,2026-02-08T15:50:00Z,0.19228,0.19263,0.19217,0.19252,69248.7,13321.036696,0.19233,0.19262,0.19224,0.19252,0.19254,0.19281,0.19246,0.19272,-0.00075688,-0.00058238,-0.00069596,-0.00058238,-0.00020000000000000573,-0.00103777501037778
1770566100000,2026-02-08T15:55:00Z,0.19252,0.19289,0.19252,0.19289,115429.5,22246.473181,0.19252,0.19289,0.19252,0.19289,0.19272,0.19305,0.19272,0.19304,-0.00058238,-0.00069515,-0.00092715,-0.00092715,-0.00014999999999998348,-0.0007770410277661805
1770566400000,2026-02-08T16:00:00Z,0.19289,0.19307,0.19245,0.19307,132744.1,25584.016262,0.19289,0.19307,0.19249,0.19307,0.19304,0.19326,0.19274,0.19326,-0.00092715,-0.00029778,-0.00039043,-0.00029778,-0.00018999999999999573,-0.0009831315326502936
1770566700000,2026-02-08T16:05:00Z,0.19307,0.19309,0.19241,0.19241,208013.9,40081.298169,0.19307,0.19309,0.19246,0.19249,0.19326,0.19328,0.19269,0.19271,-0.00029778,-0.00034653,-0.0010238,-0.0010238,-0.0002999999999999947,-0.001556743293030952
1770567000000,2026-02-08T16:10:00Z,0.19241,0.19269,0.19216,0.19231,109685.7,21104.842001,0.19249,0.19269,0.19217,0.19244,0.19271,0.19284,0.19242,0.19266,-0.0010238,-0.00091666,-0.00128072,-0.00128072,-0.0003499999999999892,-0.001816671857157631
1770567300000,2026-02-08T16:15:00Z,0.19231,0.19277,0.19231,0.19276,104597.5,20143.749479,0.19244,0.19277,0.19244,0.19276,0.19266,0.19293,0.19262,0.19293,-0.00128072,-0.00073181,-0.00082643,-0.00082643,-0.00017000000000000348,-0.0008811486031203208
1770567600000,2026-02-08T16:20:00Z,0.19276,0.19294,0.19247,0.19247,161591.7,31143.799098,0.19276,0.19294,0.1925,0.1925,0.19293,0.1931,0.19272,0.19272,-0.00082643,-0.00068545,-0.00101741,-0.00101741,-0.0002500000000000002,-0.0012972187629721888
1770567900000,2026-02-08T16:25:00Z,0.19247,0.19279,0.19247,0.19257,89580,17256.354581,0.1925,0.19279,0.1925,0.19257,0.19272,0.19297,0.19271,0.19274,-0.00101741,-0.00054081,-0.00082795,-0.00082795,-0.00017000000000000348,-0.0008820172252775941
1770568200000,2026-02-08T16:30:00Z,0.19257,0.19257,0.19183,0.19183,372039.5,71437.635957,0.19257,0.19258,0.1919,0.1919,0.19274,0.19278,0.19212,0.19212,-0.00082795,-0.00063093,-0.00080744,-0.00080744,-0.00029000000000001247,-0.0015094732458880516
1770568500000,2026-02-08T16:35:00Z,0.19183,0.1919,0.1903,0.1904,2230168.7,425681.991245,0.1919,0.1919,0.19038,0.1904,0.19212,0.19212,0.19061,0.19061,-0.00080744,-0.00067528,-0.00067852,-0.00067528,-0.00020999999999998797,-0.0011017260374586223
1770568800000,2026-02-08T16:40:00Z,0.1904,0.1904,0.18952,0.18975,729237.2,138556.771144,0.1904,0.1904,0.18961,0.18975,0.19061,0.19061,0.18983,0.18991,-0.00067528,-0.00058602,-0.00077255,-0.00077255,-0.00015999999999999348,-0.0008425043441629903
1770569100000,2026-02-08T16:45:00Z,0.18975,0.18982,0.18711,0.18718,1837640.5,346023.735376,0.18975,0.18981,0.18719,0.18719,0.18991,0.19001,0.18741,0.18741,-0.00077255,-0.00027479,-0.00088553,-0.00088553,-0.00022999999999998022,-0.0012272557494262858
1770569400000,2026-02-08T16:50:00Z,0.18718,0.18812,0.18642,0.1871,1793154.6,335499.917593,0.18719,0.18803,0.18649,0.1871,0.18741,0.18812,0.18669,0.18718,-0.00088553,-0.00031974,-0.00045714,-0.00031974,-8.00000000000245e-05,-0.0004273960893259135
1770569700000,2026-02-08T16:55:00Z,0.1871,0.18766,0.18704,0.18744,327260,61324.364347,0.1871,0.18765,0.18707,0.18744,0.18718,0.18778,0.18718,0.18759,-0.00031974,-0.00016943,-0.0004041,-0.0004041,-0.00015000000000001124,-0.0007996161842316287
1770570000000,2026-02-08T17:00:00Z,0.18744,0.18834,0.18731,0.18829,404416.8,76017.129328,0.18744,0.18835,0.18735,0.18835,0.18759,0.18853,0.18748,0.18853,-0.0004041,-0.00033115,-0.00052142,-0.00052142,-0.00023999999999999022,-0.0012730069484962086
1770570300000,2026-02-08T17:05:00Z,0.18829,0.18863,0.18819,0.18858,297753.7,56094.987378,0.18835,0.18861,0.18823,0.1886,0.18853,0.18876,0.18835,0.18875,-0.00052142,-0.00023128,-0.00027071,-0.00023128,-0.00017000000000000348,-0.0009006622516556476
1770570600000,2026-02-08T17:10:00Z,0.18858,0.18862,0.18816,0.18816,391261.6,73721.196035,0.1886,0.18862,0.18821,0.18821,0.18875,0.18877,0.18837,0.18837,-0.00023128,-0.00054302,-0.00071299,-0.00054302,-0.00021000000000001573,-0.001114827201783807
1770570900000,2026-02-08T17:15:00Z,0.18816,0.18934,0.18809,0.18895,488155.3,92243.720311,0.18821,0.18934,0.18811,0.18901,0.18837,0.18948,0.18827,0.1892,-0.00054302,-0.00048943,-0.00092175,-0.00092175,-0.0002500000000000002,-0.0013213530655391131
1770571200000,2026-02-08T17:20:00Z,0.18895,0.18903,0.18775,0.18801,269949.5,50806.597973,0.18901,0.18903,0.18784,0.18801,0.1892,0.1892,0.18807,0.18823,-0.00092175,-0.0004295,-0.00089072,-0.00089072,-0.00021999999999999797,-0.0011687828720182646
1770571500000,2026-02-08T17:25:00Z,0.18801,0.18843,0.18797,0.18822,166941,31426.066679,0.18801,0.18843,0.18797,0.18827,0.18823,0.18857,0.18819,0.18847,-0.00089072,-0.00058514,-0.00066507,-0.00066507,-0.0002500000000000002,-0.0013264710564015506
1770571800000,2026-02-08T17:30:00Z,0.18822,0.18897,0.18822,0.18885,131074.7,24726.170959,0.18827,0.18897,0.18827,0.18894,0.18847,0.18915,0.18847,0.18915,-0.00066507,-0.00047467,-0.00102974,-0.00102974,-0.00030000000000002247,-0.0015860428231563438
1770572100000,2026-02-08T17:35:00Z,0.18885,0.18958,0.1888,0.18948,391625.9,74153.273646,0.18894,0.18958,0.18887,0.18948,0.18915,0.18974,0.18909,0.18965,-0.00102974,-0.00026073,-0.00079325,-0.00026073,-0.00017000000000000348,-0.0008963880833113814
1770572400000,2026-02-08T17:40:00Z,0.18948,0.18989,0.18934,0.18981,136095.8,25797.89433,0.18948,0.18987,0.18939,0.18982,0.18965,0.18998,0.18957,0.18997,-0.00026073,-0.00021747,-0.00057012,-0.00021747,-0.00015999999999999348,-0.0008422382481444096
1770572700000,2026-02-08T17:45:00Z,0.18981,0.18981,0.18944,0.18958,105599.8,20019.082172,0.18982,0.18982,0.18944,0.18958,0.18997,0.18997,0.18959,0.18972,-0.00021747,0,-0.00044155,-0.00044155,-0.00014000000000000123,-0.0007379295804343308
1770573000000,2026-02-08T17:50:00Z,0.18958,0.19013,0.18938,0.18945,141991.4,26948.704201,0.18958,0.19019,0.18938,0.18945,0.18972,0.19032,0.18962,0.18963,-0.00044155,-0.00082914,-0.00109765,-0.00109765,-0.00017999999999998573,-0.0009492168960606747
1770573300000,2026-02-08T17:55:00Z,0.18945,0.19,0.18945,0.18995,64252.8,12197.259798,0.18945,0.19,0.18945,0.18996,0.18963,0.1902,0.18963,0.19018,-0.00109765,-0.00041951,-0.00048254,-0.00048254,-0.00022999999999998022,-0.0012093805868123894
1770573600000,2026-02-08T18:00:00Z,0.18995,0.19067,0.18985,0.19059,254094.8,48329.533387,0.18996,0.19067,0.18988,0.19063,0.19018,0.19085,0.1901,0.19082,-0.00048254,-0.00017652,-0.00054706,-0.00017652,-0.00022999999999998022,-0.0012053243894768904
1770573900000,2026-02-08T18:05:00Z,0.19059,0.19077,0.19041,0.19077,112441.1,21428.016907,0.19063,0.19082,0.19046,0.19081,0.19082,0.19099,0.19063,0.19099,-0.00017652,-0.0003962,-0.00059414,-0.00059414,-0.00021999999999999797,-0.0011518927692549241
1770574200000,2026-02-08T18:10:00Z,0.19077,0.19092,0.1906,0.1906,218791.9,41744.627706,0.19081,0.19095,0.19066,0.19073,0.19099,0.19113,0.1909,0.19096,-0.00059414,-0.00048986,-0.00051016,-0.00051016,-0.0003599999999999992,-0.0018852115626309133
1770574500000,2026-02-08T18:15:00Z,0.1906,0.19101,0.19016,0.19051,236501.9,45074.455746,0.19073,0.1909,0.19019,0.19052,0.19096,0.1911,0.19045,0.19071,-0.00051016,-0.00020895,-0.00028889,-0.00020895,-0.00019999999999997797,-0.0010487127051543076
1770574800000,2026-02-08T18:20:00Z,0.19051,0.19069,0.19013,0.19037,76694,14598.265443,0.19052,0.19069,0.19021,0.19037,0.19071,0.19082,0.19045,0.19052,-0.00020895,-0.00050107,-0.00086752,-0.00050107,-0.00014999999999998348,-0.000787318916649084
1770575100000,2026-02-08T18:25:00Z,0.19037,0.1907,0.19027,0.19053,57435.2,10941.992091,0.19037,0.19067,0.19032,0.19053,0.19052,0.19086,0.19052,0.19074,-0.00050107,-0.00060274,-0.00074051,-0.00060274,-0.00020999999999998797,-0.001100975149417993
1770575400000,2026-02-08T18:30:00Z,0.19053,0.19251,0.19053,0.19245,810240,155284.797917,0.19053,0.19249,0.19053,0.19247,0.19074,0.19261,0.19074,0.19261,-0.00060274,-0.00010235,-0.00056189,-0.00010235,-0.00015999999999999348,-0.0008306941487980556
1770575700000,2026-02-08T18:35:00Z,0.19245,0.19328,0.19231,0.19252,318497.2,61420.642827,0.19247,0.19328,0.19233,0.19252,0.19261,0.19341,0.19247,0.19263,-0.00010235,-0.00001203,-0.00031672,-0.00031672,-0.00010999999999999899,-0.0005710429320458858
1770576000000,2026-02-08T18:40:00Z,0.19252,0.19253,0.19209,0.19234,115833,22277.33849,0.19252,0.19253,0.19214,0.19234,0.19263,0.19263,0.19234,0.1925,-0.00031672,-0.00029846,-0.00047354,-0.00047354,-0.00015999999999999348,-0.0008311688311687973
1770576300000,2026-02-08T18:45:00Z,0.19234,0.19286,0.19232,0.1926,160827,30983.699067,0.19234,0.19286,0.19234,0.19261,0.1925,0.19298,0.1925,0.19276,-0.00047354,-0.00005738,-0.00057505,-0.00057505,-0.00015999999999999348,-0.0008300477277443115
1770576600000,2026-02-08T18:50:00Z,0.1926,0.1926,0.19181,0.19206,232742.8,44686.383217,0.19261,0.19262,0.19183,0.19206,0.19276,0.19277,0.19202,0.19216,-0.00057505,-0.00029663,-0.0004683,-0.0004683,-9.999999999998899e-05,-0.0005203996669441559
1770576900000,2026-02-08T18:55:00Z,0.19206,0.19225,0.19187,0.19187,73607.1,14142.360035,0.19206,0.19227,0.19191,0.19192,0.19216,0.19238,0.19209,0.19211,-0.0004683,-0.00008878,-0.00038646,-0.00038646,-0.00023999999999999022,-0.001249284264223571
1770577200000,2026-02-08T19:00:00Z,0.19187,0.19226,0.19166,0.19204,169371.7,32519.955064,0.19192,0.19226,0.19172,0.19211,0.19211,0.19231,0.19186,0.19226,-0.00038646,-0.00017153,-0.00057475,-0.00057475,-0.00021999999999999797,-0.0011442837823780192
1770577500000,2026-02-08T19:05:00Z,0.19204,0.1921,0.19179,0.19184,79227.7,15211.244778,0.19211,0.19212,0.19181,0.19185,0.19226,0.19227,0.19194,0.19201,-0.00057475,-0.00007989,-0.00014618,-0.00007989,-0.00016999999999997573,-0.0008853705536168727
1770577800000,2026-02-08T19:10:00Z,0.19184,0.19199,0.19137,0.19168,97000.8,18593.611544,0.19185,0.19199,0.19137,0.19182,0.19201,0.19207,0.19157,0.19198,-0.00007989,-0.00039209,-0.00043141,-0.00039209,-0.00030000000000002247,-0.00156266277737276
1770578100000,2026-02-08T19:15:00Z,0.19168,0.1921,0.19168,0.19193,58906.4,11306.893033,0.19182,0.1921,0.19179,0.19198,0.19198,0.19223,0.19195,0.19212,-0.00039209,-0.00003336,-0.00086333,-0.00086333,-0.00019000000000002348,-0.000988965230064665
1770578400000,2026-02-08T19:20:00Z,0.19193,0.19225,0.19183,0.19195,107229.6,20587.042275,0.19198,0.19225,0.19192,0.19196,0.19212,0.19229,0.19207,0.19214,-0.00086333,-0.00019307,-0.00064871,-0.00019307,-0.00018999999999999573,-0.0009888622879150398
1770578700000,2026-02-08T19:25:00Z,0.19195,0.192,0.19155,0.19155,117234.2,22475.095192,0.19196,0.192,0.1916,0.1916,0.19214,0.19216,0.19173,0.19173,-0.00019307,0,-0.00021404,0,-0.00018000000000001348,-0.0009388202159287199
1770579000000,2026-02-08T19:30:00Z,0.19155,0.19174,0.19143,0.19152,92860.4,17791.049622,0.1916,0.19174,0.19147,0.19158,0.19173,0.19187,0.1916,0.19174,0,-0.00025052,-0.00025927,-0.00025927,-0.00021999999999999797,-0.0011473870866798685
1770579300000,2026-02-08T19:35:00Z,0.19152,0.19212,0.19152,0.19196,85794.5,16446.441247,0.19158,0.19212,0.19158,0.19197,0.19174,0.19221,0.19172,0.19212,-0.00025927,-0.0002111,-0.00057983,-0.0002111,-0.00016000000000002124,-0.0008328128253176204
1770579600000,2026-02-08T19:40:00Z,0.19196,0.1921,0.19177,0.19191,47131.3,9046.175968,0.19197,0.1921,0.19183,0.19191,0.19212,0.1922,0.19197,0.19202,-0.0002111,-0.00038855,-0.00039787,-0.00039787,-0.00010999999999999899,-0.0005728569940631131
1770579900000,2026-02-08T19:45:00Z,0.19191,0.19207,0.19143,0.19175,68582.4,13152.539602,0.19191,0.19207,0.19155,0.19178,0.19202,0.19216,0.19171,0.19195,-0.00039787,-0.00020785,-0.00032558,-0.00020785,-0.00020000000000000573,-0.0010419380046887508
1770580200000,2026-02-08T19:50:00Z,0.19175,0.19268,0.19175,0.1925,316681.2,60871.614184,0.19178,0.19268,0.19178,0.19258,0.19195,0.19282,0.19195,0.19274,-0.00020785,0,-0.00010161,-0.00010161,-0.00023999999999999022,-0.0012452007886271153
1770580500000,2026-02-08T19:55:00Z,0.1925,0.19254,0.19219,0.1923,84823,16317.84182,0.19258,0.19258,0.19223,0.19231,0.19274,0.19274,0.19245,0.1925,-0.00010161,-0.00033844,-0.00046266,-0.00033844,-0.00020000000000000573,-0.0010389610389610687
1770580800000,2026-02-08T20:00:00Z,0.1923,0.19233,0.19057,0.19073,269622.5,51542.253922,0.19231,0.19237,0.1906,0.19073,0.1925,0.19256,0.19081,0.19093,-0.00033844,-0.00062974,-0.00112661,-0.00112661,-0.00019999999999997797,-0.0010475043209552087
1770581100000,2026-02-08T20:05:00Z,0.19073,0.19104,0.19033,0.19076,116408.4,22190.006091,0.19073,0.19104,0.19047,0.19085,0.19093,0.19119,0.19066,0.19103,-0.00112661,-0.00030937,-0.00064548,-0.00030937,-0.00026999999999999247,-0.0014133905669266214
1770581400000,2026-02-08T20:10:00Z,0.19076,0.1909,0.19066,0.19066,82610.7,15756.922658,0.19085,0.1909,0.19066,0.19066,0.19103,0.19103,0.19085,0.19086,-0.00030937,-0.00054691,-0.00057021,-0.00054691,-0.00020000000000000573,-0.0010478885046631338
1770581700000,2026-02-08T20:15:00Z,0.19066,0.19125,0.19048,0.19115,72663.7,13865.405022,0.19066,0.19125,0.19053,0.19115,0.19086,0.19139,0.19076,0.1913,-0.00054691,-0.00031954,-0.00073932,-0.00073932,-0.00015000000000001124,-0.0007841087297439166
1770582000000,2026-02-08T20:20:00Z,0.19115,0.19127,0.19084,0.19091,38717.7,7395.347555,0.19115,0.19127,0.1909,0.19091,0.1913,0.19138,0.19109,0.19111,-0.00073932,-0.00060536,-0.00065251,-0.00060536,-0.00020000000000000573,-0.0010465177123123108
1770582300000,2026-02-08T20:25:00Z,0.19091,0.19098,0.19033,0.19066,149690.4,28530.703717,0.19091,0.19098,0.19041,0.19066,0.19111,0.19116,0.19062,0.1908,-0.00060536,-0.00014311,-0.00092583,-0.00014311,-0.00014000000000000123,-0.0007337526205450799
1770582600000,2026-02-08T20:30:00Z,0.19066,0.19107,0.19054,0.19097,81032.6,15458.062682,0.19066,0.19104,0.19065,0.19103,0.1908,0.1912,0.1908,0.19119,-0.00014311,-0.00015888,-0.00035896,-0.00015888,-0.00021999999999999797,-0.0011506877974789371
1770582900000,2026-02-08T20:35:00Z,0.19097,0.19107,0.19086,0.19086,23789.5,4543.057744,0.19103,0.19107,0.1909,0.1909,0.19119,0.19121,0.19108,0.19108,-0.00015888,-0.00053415,-0.00074219,-0.00053415,-0.00021999999999999797,-0.0011513502198032132
1770583200000,2026-02-08T20:40:00Z,0.19086,0.19128,0.19069,0.19092,118640.3,22660.909677,0.1909,0.19128,0.19074,0.19105,0.19108,0.1914,0.19091,0.19119,-0.00053415,-0.00028602,-0.00085577,-0.00028602,-0.00026999999999999247,-0.0014122077514513963
1770583500000,2026-02-08T20:45:00Z,0.19092,0.19116,0.19013,0.19027,219372,41789.360853,0.19105,0.19117,0.19029,0.19033,0.19119,0.19132,0.19046,0.19052,-0.00028602,-0.00042938,-0.00049112,-0.00042938,-0.0002500000000000002,-0.0013121981944152856
1770583800000,2026-02-08T20:50:00Z,0.19027,0.19043,0.18959,0.18968,231381.2,43935.308362,0.19033,0.19043,0.18968,0.18971,0.19052,0.19062,0.18985,0.18995,-0.00042938,-0.0005457,-0.0011566,-0.0011566,-0.0002700000000000202,-0.0014214266912346417
1770584100000,2026-02-08T20:55:00Z,0.18968,0.18978,0.18948,0.18978,172171.8,32643.04111,0.18971,0.18978,0.1895,0.18978,0.18995,0.18995,0.18974,0.18992,-0.0011566,-0.00031258,-0.00053065,-0.00031258,-0.00014000000000000123,-0.0007371524852569567
1770584400000,2026-02-08T21:00:00Z,0.18978,0.19035,0.18955,0.19029,57536.1,10925.275624,0.18978,0.19038,0.18961,0.19029,0.18992,0.19052,0.18976,0.19043,-0.00031258,0,-0.00051259,0,-0.00014000000000000123,-0.0007351782807330843
1770584700000,2026-02-08T21:05:00Z,0.19029,0.19059,0.19019,0.19057,51085.9,9729.814326,0.19029,0.19059,0.19027,0.19057,0.19043,0.19074,0.19041,0.19067,0,0,-0.00009399,0,-0.00010000000000001674,-0.0005244663554833835
1770585000000,2026-02-08T21:10:00Z,0.19057,0.19058,0.19018,0.19026,82191.8,15645.620247,0.19057,0.19058,0.19021,0.19033,0.19067,0.19067,0.19036,0.19049,0,-0.00016511,-0.0002026,-0.0002026,-0.00022999999999998022,-0.0012074124625963579
1770585300000,2026-02-08T21:15:00Z,0.19026,0.19047,0.19013,0.19034,38815,7387.326816,0.19033,0.19047,0.19017,0.19035,0.19049,0.19061,0.19036,0.19051,-0.0002026,-0.00004364,-0.00046276,-0.00046276,-0.00017000000000000348,-0.000892341609364356
1770585600000,2026-02-08T21:20:00Z,0.19034,0.19043,0.18999,0.19028,38793.7,7381.154372,0.19035,0.19043,0.19005,0.19035,0.19051,0.19059,0.19023,0.19049,-0.00046276,-0.00001286,-0.00017104,-0.00017104,-0.00020999999999998797,-0.0011024200745445324
1770585900000,2026-02-08T21:25:00Z,0.19028,0.19034,0.18969,0.18999,118822.5,22573.684911,0.19035,0.19035,0.18985,0.19004,0.19049,0.19049,0.19004,0.1902,-0.00017104,-0.00049287,-0.00054934,-0.00054934,-0.00021000000000001573,-0.0011041009463723223
1770586200000,2026-02-08T21:30:00Z,0.18999,0.19004,0.18915,0.18936,170542.3,32304.58111,0.19004,0.19004,0.1892,0.18942,0.1902,0.1902,0.18939,0.18963,-0.00054934,-0.0004381,-0.00108063,-0.0004381,-0.00026999999999999247,-0.0014238253440910851
1770586500000,2026-02-08T21:35:00Z,0.18936,0.18936,0.18825,0.18862,516205.5,97327.705528,0.18942,0.18942,0.1883,0.18862,0.18963,0.18963,0.18852,0.18886,-0.0004381,-0.00077853,-0.00084587,-0.00084587,-0.00023999999999999022,-0.0012707825902784613
1770586800000,2026-02-08T21:40:00Z,0.18862,0.18896,0.18862,0.1888,92771.2,17515.278784,0.18862,0.18895,0.18862,0.18883,0.18886,0.1891,0.18886,0.18905,-0.00084587,-0.0002987,-0.00101888,-0.0002987,-0.0002500000000000002,-0.00132240148108966
1770587100000,2026-02-08T21:45:00Z,0.1888,0.18936,0.1888,0.18911,148890,28157.897176,0.18883,0.18938,0.18882,0.18922,0.18905,0.18954,0.18905,0.18942,-0.0002987,-0.00026897,-0.00060029,-0.00060029,-0.0003100000000000047,-0.0016365748073065396
1770587400000,2026-02-08T21:50:00Z,0.18911,0.18911,0.18845,0.18879,101070.7,19074.334049,0.18922,0.18922,0.18845,0.18879,0.18942,0.18942,0.18867,0.18896,-0.00060029,-0.00046008,-0.00086334,-0.00086334,-0.00016999999999997573,-0.0008996613039795498
1770587700000,2026-02-08T21:55:00Z,0.18879,0.18957,0.18879,0.18936,163272.1,30904.178449,0.18879,0.18958,0.18879,0.18948,0.18896,0.18972,0.18896,0.18963,-0.00086334,0,-0.00023417,0,-0.00026999999999999247,-0.0014238253440910851
1770588000000,2026-02-08T22:00:00Z,0.18936,0.18984,0.18936,0.18984,94418.2,17903.237317,0.18948,0.18984,0.18948,0.18984,0.18963,0.19004,0.18963,0.19003,0,-0.00049152,-0.00083264,-0.00049152,-0.00018999999999999573,-0.0009998421301899475
1770588300000,2026-02-08T22:05:00Z,0.18984,0.19017,0.18959,0.18959,82146.2,15600.999566,0.18984,0.19017,0.18959,0.18959,0.19003,0.19029,0.18982,0.18982,-0.00049152,-0.00041174,-0.00093236,-0.00093236,-0.00022999999999998022,-0.001211674217679803
1770588600000,2026-02-08T22:10:00Z,0.18959,0.19036,0.18935,0.19033,662088.7,125752.513288,0.18959,0.19036,0.18955,0.19033,0.18982,0.19037,0.18979,0.19036,-0.00093236,0,-0.00039443,0,-3.0000000000002247e-05,-0.00015759613364153314
1770588900000,2026-02-08T22:15:00Z,0.19033,0.19058,0.19012,0.1905,147654.6,28102.772222,0.19033,0.19058,0.19017,0.19051,0.19036,0.19065,0.19027,0.19061,0,0,-0.00024595,-0.00024595,-0.00010999999999999899,-0.0005770945910497823
1770589200000,2026-02-08T22:20:00Z,0.1905,0.19085,0.19033,0.19061,82820.8,15782.502494,0.19051,0.19087,0.19039,0.19061,0.19061,0.19096,0.19048,0.19066,-0.00024595,0,0,0,-4.999999999999449e-05,-0.0002622469317108701
1770589500000,2026-02-08T22:25:00Z,0.19061,0.1907,0.19026,0.19034,42498,8093.11022,0.19061,0.1907,0.19029,0.19034,0.19066,0.19073,0.19038,0.19049,0,-0.00002703,-0.00004311,-0.00002703,-0.00014999999999998348,-0.00078744291038891
1770589800000,2026-02-08T22:30:00Z,0.19034,0.1904,0.18985,0.1899,60422.4,11477.857635,0.19034,0.19038,0.18986,0.18992,0.19049,0.19049,0.18997,0.19006,-0.00002703,0,-0.00018944,-0.00018944,-0.00015999999999999348,-0.0008418394191307665
1770590100000,2026-02-08T22:35:00Z,0.1899,0.19005,0.18928,0.18979,132952.7,25207.030109,0.18992,0.19005,0.18934,0.18979,0.19006,0.1901,0.18956,0.18993,-0.00018944,-0.00014433,-0.00037355,-0.00014433,-0.00014000000000000123,-0.0007371136734586492
1770590400000,2026-02-08T22:40:00Z,0.18979,0.19022,0.18969,0.19009,122414.7,23255.65993,0.18979,0.19019,0.18979,0.19009,0.18993,0.19029,0.18993,0.19018,-0.00014433,0,0,0,-8.999999999997899e-05,-0.0004732358817960826
1770590700000,2026-02-08T22:45:00Z,0.19009,0.19044,0.18993,0.19023,82259.3,15642.706158,0.19009,0.19043,0.19003,0.19027,0.19018,0.19061,0.19017,0.19049,0,-0.00037715,-0.0010707,-0.0010707,-0.00025999999999998247,-0.001364901044674169
1770591000000,2026-02-08T22:50:00Z,0.19023,0.19033,0.1899,0.18997,83598.9,15893.097117,0.19027,0.19033,0.18997,0.18997,0.19049,0.19054,0.1902,0.1902,-0.0010707,-0.00070065,-0.0008114,-0.0008114,-0.00023000000000000798,-0.0012092534174553522
1770591300000,2026-02-08T22:55:00Z,0.18997,0.19079,0.18992,0.1905,107820.1,20538.401416,0.18997,0.19079,0.18996,0.19055,0.1902,0.19091,0.1902,0.19074,-0.0008114,0,-0.00078563,-0.00078563,-0.00023999999999999022,-0.0012582573136205842
1770591600000,2026-02-08T23:00:00Z,0.1905,0.19253,0.19046,0.19241,243015.5,46610.93484,0.19055,0.1926,0.19051,0.19252,0.19074,0.19276,0.19071,0.19269,-0.00078563,-0.00031842,-0.00048908,-0.00031842,-0.00028000000000000247,-0.001453111214904782
1770591900000,2026-02-08T23:05:00Z,0.19241,0.19488,0.19236,0.19361,824725,159978.115795,0.19252,0.19485,0.19244,0.19361,0.19269,0.19507,0.19262,0.19379,-0.00031842,0,-0.00053401,-0.00053401,-0.00017999999999998573,-0.000928840497445615
1770592200000,2026-02-08T23:10:00Z,0.19361,0.19361,0.19148,0.19179,484013,92967.424156,0.19361,0.19361,0.19153,0.19179,0.19379,0.19379,0.19174,0.19192,-0.00053401,0,-0.00032308,0,-0.000130000000000019,-0.0006773655689871769
1770592500000,2026-02-08T23:15:00Z,0.19179,0.19206,0.19117,0.19146,310219.9,59460.909638,0.19179,0.19204,0.19127,0.19146,0.19192,0.19219,0.19145,0.19165,0,-0.00050858,-0.00058726,-0.00058726,-0.00018999999999999573,-0.0009913905557004735
1770592800000,2026-02-08T23:20:00Z,0.19146,0.19182,0.18937,0.1894,495680.3,94345.54943,0.19146,0.19182,0.1894,0.1894,0.19165,0.19201,0.18965,0.18965,-0.00058726,-0.00032915,-0.0013314,-0.00032915,-0.0002500000000000002,-0.001318217769575535
1770593100000,2026-02-08T23:25:00Z,0.1894,0.1905,0.18933,0.19004,211031.4,40104.430658,0.1894,0.1905,0.1894,0.19011,0.18965,0.19066,0.18964,0.19031,-0.00032915,-0.0004736,-0.00049716,-0.00049716,-0.0002700000000000202,-0.0014187378487731607
1770593400000,2026-02-08T23:30:00Z,0.19004,0.19045,0.1894,0.18949,261493.2,49661.053927,0.19011,0.19045,0.18952,0.18954,0.19031,0.19059,0.18977,0.18979,-0.00049716,-0.00045326,-0.0008024,-0.0008024,-0.0002999999999999947,-0.0015806944517624466
1770593700000,2026-02-08T23:35:00Z,0.18949,0.18985,0.18861,0.18927,463488.7,87649.483406,0.18954,0.18985,0.18869,0.18927,0.18979,0.19003,0.18892,0.18937,-0.0008024,-0.00052507,-0.00060763,-0.00052507,-0.00010000000000001674,-0.0005280667476369896
1770594000000,2026-02-08T23:40:00Z,0.18927,0.1903,0.18905,0.19018,277181.9,52589.75823,0.18927,0.19029,0.18911,0.19018,0.18937,0.19048,0.18929,0.19037,-0.00052507,-0.00077098,-0.00129012,-0.00129012,-0.00019000000000002348,-0.0009980564164522954
1770594300000,2026-02-08T23:45:00Z,0.19018,0.19098,0.19013,0.19097,174507.7,33254.964209,0.19018,0.19098,0.19015,0.19098,0.19037,0.19117,0.19037,0.19117,-0.00129012,-0.00002484,-0.00067755,-0.00002484,-0.00020000000000000573,-0.0010461892556363746
1770594600000,2026-02-08T23:50:00Z,0.19097,0.19149,0.19036,0.1906,750757.6,143265.74666,0.19098,0.19145,0.19057,0.1906,0.19117,0.19154,0.19075,0.19075,-0.00002484,-0.0004289,-0.0012557,-0.0004289,-0.00015000000000001124,-0.0007863695937091022
1770594900000,2026-02-08T23:55:00Z,0.1906,0.1906,0.18991,0.19018,135042.3,25686.654192,0.1906,0.1906,0.18996,0.19018,0.19075,0.19078,0.19019,0.19032,-0.0004289,-0.00048501,-0.00078667,-0.00078667,-0.00014000000000000123,-0.0007356031946195946
1770595200000,2026-02-09T00:00:00Z,0.19018,0.19069,0.18995,0.19068,379643.9,72266.93061,0.19018,0.19069,0.19003,0.19068,0.19032,0.19084,0.19025,0.19083,-0.00078667,-0.00031547,-0.00034594,-0.00031547,-0.00015000000000001124,-0.000786039930828545
1770595500000,2026-02-09T00:05:00Z,0.19068,0.19088,0.1901,0.19043,175323.5,33394.491233,0.19068,0.19092,0.19013,0.19043,0.19083,0.19106,0.1903,0.19054,-0.00031547,-0.00080455,-0.00116299,-0.00080455,-0.00010999999999999899,-0.0005773066022882282
1770595800000,2026-02-09T00:10:00Z,0.19043,0.19047,0.18997,0.19017,293012.1,55727.850552,0.19043,0.19048,0.18999,0.19017,0.19054,0.19066,0.19018,0.19028,-0.00080455,-0.00005812,-0.00007579,-0.00007579,-0.00010999999999999899,-0.0005780954383014452
1770596100000,2026-02-09T00:15:00Z,0.19017,0.1903,0.18962,0.19006,192818.4,36636.493599,0.19017,0.1903,0.18965,0.19008,0.19028,0.19042,0.18983,0.19027,-0.00007579,-0.00031635,-0.00071549,-0.00071549,-0.00020999999999998797,-0.0011036947495663425
1770596400000,2026-02-09T00:20:00Z,0.19006,0.19048,0.19004,0.19043,111189.3,21162.112703,0.19008,0.19045,0.19008,0.19045,0.19027,0.19063,0.19027,0.19063,-0.00071549,-0.00057392,-0.00073357,-0.00057392,-0.00020000000000000573,-0.0010491528091066764
1770596700000,2026-02-09T00:25:00Z,0.19043,0.19057,0.18916,0.18922,164467.1,31201.998998,0.19045,0.19058,0.18918,0.18922,0.19063,0.19076,0.18941,0.18943,-0.00057392,-0.00053201,-0.00056506,-0.00053201,-0.00020999999999998797,-0.0011085889246686797
1770597000000,2026-02-09T00:30:00Z,0.18922,0.18966,0.18886,0.18959,133031.2,25183.626148,0.18922,0.18966,0.1889,0.18963,0.18943,0.18978,0.18912,0.18976,-0.00053201,-0.00039813,-0.00067187,-0.00039813,-0.00017000000000000348,-0.0008958684654300352
1770597300000,2026-02-09T00:35:00Z,0.18959,0.18959,0.18871,0.18896,160260,30290.132731,0.18963,0.18963,0.18871,0.18896,0.18976,0.18976,0.18889,0.18907,-0.00039813,-0.00043052,-0.00073351,-0.00043052,-0.00010999999999999899,-0.0005817951023430422
1770597600000,2026-02-09T00:40:00Z,0.18896,0.18905,0.18834,0.18893,145001.1,27357.075672,0.18896,0.18905,0.18838,0.18893,0.18907,0.18917,0.18855,0.18904,-0.00043052,-0.00007343,-0.00070666,-0.00007343,-0.00011000000000002674,-0.0005818874312316268
1770597900000,2026-02-09T00:45:00Z,0.18893,0.18954,0.18856,0.1895,120815.2,22849.534758,0.18893,0.18956,0.18861,0.1895,0.18904,0.18967,0.18873,0.18959,-0.00007343,0,0,0,-9.000000000000674e-05,-0.0004747085816762843
1770598200000,2026-02-09T00:50:00Z,0.1895,0.18985,0.18942,0.18967,97176.8,18423.483404,0.1895,0.18985,0.18947,0.18967,0.18959,0.18994,0.18958,0.18976,0,0,-0.00014789,-0.00014789,-9.000000000000674e-05,-0.00047428330522769147
1770598500000,2026-02-09T00:55:00Z,0.18967,0.18992,0.18942,0.18977,51586.3,9784.180656,0.18967,0.18991,0.1895,0.18979,0.18976,0.19002,0.18971,0.18999,-0.00014789,-0.00056376,-0.00059477,-0.00056376,-0.00021999999999999797,-0.001157955681877983
1770598800000,2026-02-09T01:00:00Z,0.18977,0.19023,0.18965,0.19006,105897.6,20114.786632,0.18979,0.19023,0.1897,0.19006,0.18999,0.19037,0.18989,0.19021,-0.00056376,0,-0.00010585,0,-0.00014999999999998348,-0.0007886020713946874
1770599100000,2026-02-09T01:05:00Z,0.19006,0.19006,0.18943,0.18996,91536.1,17356.31948,0.19006,0.19006,0.18943,0.18996,0.19021,0.19021,0.18964,0.19008,0,-0.00029784,-0.0004123,-0.0004123,-0.00012000000000000899,-0.0006313131313131786
1770599400000,2026-02-09T01:10:00Z,0.18996,0.18996,0.18963,0.18969,51180.7,9715.2697,0.18996,0.18996,0.18968,0.18969,0.19008,0.1901,0.18986,0.18987,-0.0004123,-0.00013138,-0.00119448,-0.00119448,-0.00018000000000001348,-0.0009480170643072285
1770599700000,2026-02-09T01:15:00Z,0.18969,0.19045,0.1895,0.19044,136735.6,26002.523027,0.18969,0.19045,0.18955,0.19044,0.18987,0.19055,0.18978,0.19052,-0.00119448,0,-0.00016499,-0.00016499,-7.999999999999674e-05,-0.00041990342221287394
1770600000000,2026-02-09T01:20:00Z,0.19044,0.19206,0.19038,0.19193,306533.6,58628.558026,0.19044,0.19203,0.1904,0.19201,0.19052,0.1922,0.19052,0.19215,-0.00016499,-0.00054141,-0.00068341,-0.00068341,-0.00021999999999999797,-0.0011449388498568722
1770600300000,2026-02-09T01:25:00Z,0.19193,0.19212,0.19141,0.19141,139634.6,26775.454487,0.19201,0.19216,0.19141,0.19141,0.19215,0.19231,0.19161,0.19161,-0.00068341,-0.00069498,-0.00069779,-0.00069498,-0.00020000000000000573,-0.0010437868587234785
1770600600000,2026-02-09T01:30:00Z,0.19141,0.19148,0.19066,0.19077,193729.8,36983.963514,0.19141,0.19147,0.19074,0.19077,0.19161,0.19169,0.1909,0.19092,-0.00069498,-0.00005803,-0.00031253,-0.00031253,-0.00015000000000001124,-0.0007856693903206119
1770600900000,2026-02-09T01:35:00Z,0.19077,0.19077,0.18989,0.18998,253390.1,48185.901332,0.19077,0.19077,0.1899,0.19003,0.19092,0.19092,0.19002,0.19018,-0.00031253,0,-0.00024744,-0.00024744,-0.00019999999999997797,-0.0010516352928803133
1770601200000,2026-02-09T01:40:00Z,0.18998,0.19001,0.1886,0.18937,545843,103252.467579,0.19003,0.19003,0.18863,0.18944,0.19018,0.19018,0.18884,0.18957,-0.00024744,-0.00012135,-0.00043549,-0.00043549,-0.00019999999999997797,-0.0010550192541012712
1770601500000,2026-02-09T01:45:00Z,0.18937,0.18972,0.18902,0.18909,224682.5,42534.192539,0.18944,0.18971,0.18908,0.18914,0.18957,0.18976,0.1892,0.18928,-0.00043549,-0.00003352,-0.000646,-0.000646,-0.00018999999999999573,-0.0010038038884192504
1770601800000,2026-02-09T01:50:00Z,0.18909,0.19054,0.18909,0.19007,998283,189662.790999,0.18914,0.19056,0.18914,0.19007,0.18928,0.1907,0.18928,0.1903,-0.000646,-0.00048931,-0.00091535,-0.00048931,-0.00023000000000000798,-0.001208617971623794
1770602100000,2026-02-09T01:55:00Z,0.19007,0.19036,0.18993,0.18998,54871.6,10435.133657,0.19007,0.19036,0.18997,0.18998,0.1903,0.19055,0.19014,0.19014,-0.00048931,-0.00040711,-0.00089016,-0.00089016,-0.00015999999999999348,-0.0008414852214157646
1770602400000,2026-02-09T02:00:00Z,0.18998,0.19,0.18926,0.18973,200610.3,38033.522696,0.18998,0.19,0.18927,0.18973,0.19014,0.19014,0.18953,0.18988,-0.00089016,-0.00063973,-0.00076028,-0.00063973,-0.00014999999999998348,-0.0007899726142826179
1770602700000,2026-02-09T02:05:00Z,0.18973,0.18987,0.18919,0.18952,144272.3,27351.916017,0.18973,0.18987,0.1893,0.18956,0.18988,0.18999,0.18954,0.18977,-0.00063973,0,-0.00070197,0,-0.0002500000000000002,-0.0013173842019286518
1770603000000,2026-02-09T02:10:00Z,0.18952,0.18972,0.18917,0.18922,146463.2,27730.370692,0.18956,0.18972,0.18919,0.18922,0.18977,0.18988,0.18944,0.18944,0,-0.00057801,-0.00111281,-0.00057801,-0.00021999999999999797,-0.0011613175675675568
1770603300000,2026-02-09T02:15:00Z,0.18922,0.18954,0.18914,0.18929,66073.4,12509.336011,0.18922,0.18954,0.18921,0.18932,0.18944,0.18971,0.18944,0.18956,-0.00057801,-0.00057328,-0.00098766,-0.00098766,-0.00026999999999999247,-0.0014243511289301143
1770603600000,2026-02-09T02:20:00Z,0.18929,0.18949,0.18917,0.18934,56417.8,10682.252033,0.18932,0.18949,0.18923,0.18934,0.18956,0.18969,0.18945,0.18954,-0.00098766,-0.00049596,-0.00101413,-0.00049596,-0.00019999999999997797,-0.0010551862403713095
1770603900000,2026-02-09T02:25:00Z,0.18934,0.18947,0.18918,0.18947,51443.7,9738.170333,0.18934,0.18947,0.18925,0.18947,0.18954,0.18964,0.18945,0.18963,-0.00049596,-0.00050266,-0.00063998,-0.00050266,-0.00015999999999999348,-0.0008437483520539656
1770604200000,2026-02-09T02:30:00Z,0.18947,0.19001,0.18939,0.1896,80647.9,15302.544997,0.18947,0.19002,0.18944,0.1896,0.18963,0.19018,0.18963,0.18984,-0.00050266,-0.0006496,-0.00068885,-0.00068885,-0.00024000000000001798,-0.001264222503160651
1770604500000,2026-02-09T02:35:00Z,0.1896,0.19032,0.18947,0.1902,113514.2,21535.345159,0.1896,0.19032,0.18957,0.1902,0.18984,0.19042,0.18981,0.19039,-0.00068885,-0.00039836,-0.00044515,-0.00039836,-0.00018999999999999573,-0.0009979515730867993
1770604800000,2026-02-09T02:40:00Z,0.1902,0.19176,0.19001,0.19131,670109,128180.305315,0.1902,0.19176,0.19009,0.19131,0.19039,0.19187,0.1903,0.19151,-0.00039836,0,-0.00081251,0,-0.00020000000000000573,-0.0010443318886742504
1770605100000,2026-02-09T02:45:00Z,0.19131,0.1915,0.19102,0.19122,151988,29062.447265,0.19131,0.1915,0.19105,0.19122,0.19151,0.19164,0.19123,0.19129,0,-0.00004601,-0.00004884,-0.00004884,-6.999999999998674e-05,-0.0003659365361492328
1770605400000,2026-02-09T02:50:00Z,0.19122,0.19122,0.19058,0.1906,80903.8,15443.998683,0.19122,0.19122,0.19062,0.19062,0.19129,0.19136,0.19086,0.19086,-0.00004884,-0.0002548,-0.00029452,-0.0002548,-0.0002600000000000102,-0.0013622550560620885
1770605700000,2026-02-09T02:55:00Z,0.1906,0.19077,0.19042,0.19042,50882.7,9698.781841,0.19062,0.19077,0.19044,0.19047,0.19086,0.19093,0.19066,0.19069,-0.0002548,-0.0001973,-0.00064063,-0.00064063,-0.00026999999999999247,-0.0014159106403062167
1770606000000,2026-02-09T03:00:00Z,0.19042,0.19079,0.19039,0.19067,99016.4,18871.008397,0.19047,0.19079,0.19041,0.19067,0.19069,0.19092,0.19062,0.19081,-0.00064063,0,-0.00022271,0,-0.00014000000000000123,-0.0007337141659242242
1770606300000,2026-02-09T03:05:00Z,0.19067,0.19107,0.19041,0.19077,113390,21631.72431,0.19067,0.19111,0.19041,0.19078,0.19081,0.19122,0.19055,0.19097,0,0,-0.00002899,0,-0.00020000000000000573,-0.0010472849138608458
1770606600000,2026-02-09T03:10:00Z,0.19077,0.19084,0.19055,0.19061,67280.4,12830.846403,0.19078,0.19085,0.19055,0.19068,0.19097,0.19103,0.19076,0.19088,0,-0.0001839,-0.00041001,-0.0001839,-0.00026999999999999247,-0.0014145012573344115
1770606900000,2026-02-09T03:15:00Z,0.19061,0.19132,0.19059,0.19099,80188.6,15320.09716,0.19068,0.19132,0.19062,0.19099,0.19088,0.19147,0.19082,0.19118,-0.0001839,0,0,0,-0.00018999999999999573,-0.0009938278062558623
1770607200000,2026-02-09T03:20:00Z,0.19099,0.19118,0.1906,0.19065,53258.3,10166.236254,0.19099,0.19117,0.1906,0.19065,0.19118,0.19134,0.1908,0.19085,0,-0.00019373,-0.0003608,-0.00019373,-0.00020000000000000573,-0.001047943411055833
1770607500000,2026-02-09T03:25:00Z,0.19065,0.1913,0.19065,0.1913,55747.7,10648.625356,0.19065,0.1913,0.19065,0.1913,0.19085,0.1915,0.19085,0.1915,-0.00019373,-0.00007294,-0.00054283,-0.00007294,-0.00020000000000000573,-0.0010443864229765312
1770607800000,2026-02-09T03:30:00Z,0.1913,0.19243,0.1913,0.1922,233070.1,44756.719061,0.1913,0.19242,0.1913,0.19229,0.1915,0.19261,0.1915,0.19251,-0.00007294,-0.00059295,-0.00075819,-0.00059295,-0.00030999999999997696,-0.0016103059581319256
1770608100000,2026-02-09T03:35:00Z,0.1922,0.19283,0.19205,0.19279,178818.5,34416.295985,0.19229,0.19279,0.19213,0.19279,0.19251,0.193,0.19235,0.193,-0.00059295,-0.00019965,-0.00032689,-0.00019965,-0.00021000000000001573,-0.0010880829015544856
1770608400000,2026-02-09T03:40:00Z,0.19279,0.19326,0.1926,0.19269,331072.8,63885.400354,0.19279,0.19314,0.19266,0.19269,0.193,0.19335,0.19292,0.19293,-0.00019965,-0.00058148,-0.00098223,-0.00098223,-0.00023999999999999022,-0.0012439744985227297
1770608700000,2026-02-09T03:45:00Z,0.19269,0.19278,0.19226,0.19264,185643.6,35745.652407,0.19269,0.19278,0.19228,0.19267,0.19293,0.19296,0.19253,0.19292,-0.00098223,-0.00107842,-0.00117512,-0.00107842,-0.00028000000000000247,-0.0014513788098693887
1770609000000,2026-02-09T03:50:00Z,0.19264,0.19322,0.19257,0.19314,102889.7,19843.379464,0.19267,0.19322,0.19257,0.19314,0.19292,0.19338,0.19281,0.19334,-0.00107842,-0.00041378,-0.00062466,-0.00062466,-0.00020000000000000573,-0.0010344470880314768
1770609300000,2026-02-09T03:55:00Z,0.19314,0.19329,0.19285,0.19301,190079.7,36693.307134,0.19314,0.19331,0.19285,0.19301,0.19334,0.19353,0.19306,0.19318,-0.00062466,-0.0006325,-0.0007504,-0.0006325,-0.00017000000000000348,-0.0008800082824309115
1770609600000,2026-02-09T04:00:00Z,0.19301,0.19302,0.19243,0.19243,87456.2,16855.644628,0.19301,0.19302,0.19246,0.19246,0.19318,0.19318,0.19274,0.19274,-0.0006325,-0.00067541,-0.00073319,-0.00067541,-0.0003100000000000047,-0.0016083843519767809
1770609900000,2026-02-09T04:05:00Z,0.19243,0.19249,0.19206,0.19226,134429.1,25847.727367,0.19246,0.19249,0.19208,0.19227,0.19274,0.19274,0.19238,0.19255,-0.00067541,-0.00084117,-0.00116679,-0.00084117,-0.00029000000000001247,-0.001506102311088094
1770610200000,2026-02-09T04:10:00Z,0.19226,0.19226,0.192,0.19218,63367.1,12175.242343,0.19227,0.19227,0.192,0.19218,0.19255,0.19255,0.1922,0.19236,-0.00084117,-0.00057215,-0.00058136,-0.00058136,-0.00018000000000001348,-0.0009357454772302634
1770610500000,2026-02-09T04:15:00Z,0.19218,0.19252,0.19198,0.19249,141403,27166.715518,0.19218,0.19252,0.19206,0.19249,0.19236,0.19266,0.19228,0.19262,-0.00058136,-0.00019194,-0.0012358,-0.00019194,-0.000130000000000019,-0.0006749039559755943
1770610800000,2026-02-09T04:20:00Z,0.19249,0.1926,0.19217,0.19256,87764.5,16888.491862,0.19249,0.1926,0.19219,0.19256,0.19262,0.1928,0.19243,0.19277,-0.00019194,-0.00047109,-0.00098966,-0.00047109,-0.00020999999999998797,-0.0010893811277687814
1770611100000,2026-02-09T04:25:00Z,0.19256,0.1927,0.19229,0.19245,45021.4,8666.541661,0.19256,0.1927,0.19235,0.19245,0.19277,0.19285,0.19258,0.19263,-0.00047109,-0.00053779,-0.0006581,-0.00053779,-0.00017999999999998573,-0.0009344338888022932
1770611400000,2026-02-09T04:30:00Z,0.19245,0.19245,0.19194,0.19205,60325.9,11590.152238,0.19245,0.19245,0.192,0.19205,0.19263,0.19265,0.19219,0.19222,-0.00053779,-0.00080605,-0.00101767,-0.00080605,-0.00017000000000000348,-0.0008844032878993002
1770611700000,2026-02-09T04:35:00Z,0.19205,0.19215,0.19138,0.19156,118403.9,22690.350865,0.19205,0.19215,0.19145,0.1916,0.19222,0.19235,0.19164,0.19184,-0.00080605,-0.00067314,-0.0011107,-0.0011107,-0.00028000000000000247,-0.001459549624687252
1770612000000,2026-02-09T04:40:00Z,0.19156,0.19173,0.19147,0.19173,38498.3,7375.754251,0.1916,0.19173,0.1915,0.19173,0.19184,0.19197,0.19176,0.19193,-0.0011107,-0.00115529,-0.00126248,-0.00115529,-0.00019999999999997797,-0.0010420465794819883
1770612300000,2026-02-09T04:45:00Z,0.19173,0.19215,0.19173,0.19186,118970.1,22835.203798,0.19173,0.19215,0.19173,0.19186,0.19193,0.19237,0.19193,0.19213,-0.00115529,-0.00065276,-0.00090438,-0.00090438,-0.00026999999999999247,-0.0014052984958100893
1770612600000,2026-02-09T04:50:00Z,0.19186,0.19189,0.19163,0.19163,43956.7,8427.639021,0.19186,0.19189,0.19169,0.19169,0.19213,0.19216,0.19196,0.19198,-0.00090438,-0.00086077,-0.00097478,-0.00097478,-0.00035000000000001696,-0.0018231065736015052
1770612900000,2026-02-09T04:55:00Z,0.19163,0.19195,0.19163,0.1917,50095.4,9605.585878,0.19169,0.19195,0.19166,0.19171,0.19198,0.19212,0.19192,0.19194,-0.00097478,-0.00053939,-0.00061503,-0.00053939,-0.00023999999999999022,-0.0012503907471084204
1770613200000,2026-02-09T05:00:00Z,0.1917,0.19171,0.19113,0.19131,191168,36576.323127,0.19171,0.19171,0.19118,0.19135,0.19194,0.19194,0.19145,0.19158,-0.00053939,-0.00093072,-0.00097572,-0.00097572,-0.00026999999999999247,-0.001409332915753171
1770613500000,2026-02-09T05:05:00Z,0.19131,0.19192,0.19123,0.1916,141423.3,27090.673071,0.19135,0.19191,0.1913,0.19162,0.19158,0.19214,0.19153,0.19188,-0.00097572,-0.0006844,-0.00102056,-0.0006844,-0.00028000000000000247,-0.001459245361684399
1770613800000,2026-02-09T05:10:00Z,0.1916,0.1918,0.19152,0.19159,80036.4,15341.228848,0.19162,0.1918,0.19155,0.19159,0.19188,0.19205,0.19182,0.19183,-0.0006844,-0.00111429,-0.00126444,-0.00111429,-0.00023999999999999022,-0.0012511077516550602
1770614100000,2026-02-09T05:15:00Z,0.19159,0.19207,0.19159,0.19171,71352.5,13688.043385,0.19159,0.19207,0.19159,0.1918,0.19183,0.19224,0.19183,0.19202,-0.00111429,-0.0005752,-0.00085805,-0.00085805,-0.0003100000000000047,-0.0016144151650869948
1770614400000,2026-02-09T05:20:00Z,0.19171,0.19212,0.19171,0.19202,62083.6,11919.052354,0.1918,0.19212,0.19178,0.19202,0.19202,0.19226,0.19201,0.19219,-0.00085805,-0.00051899,-0.000847,-0.00051899,-0.00017000000000000348,-0.0008845413392996695
1770614700000,2026-02-09T05:25:00Z,0.19202,0.19243,0.19189,0.19243,84763.5,16284.13672,0.19202,0.19245,0.19192,0.19243,0.19219,0.19257,0.19208,0.19253,-0.00051899,-0.00012643,-0.00018758,-0.00018758,-0.00010000000000001674,-0.0005193995740924362
1770615000000,2026-02-09T05:30:00Z,0.19243,0.19265,0.19241,0.19247,84938.1,16351.49055,0.19243,0.19265,0.19243,0.19247,0.19253,0.19277,0.19253,0.19264,-0.00018758,-0.00017851,-0.00076769,-0.00076769,-0.00017000000000000348,-0.0008824750830564964
1770615300000,2026-02-09T05:35:00Z,0.19247,0.19269,0.19218,0.1922,34428.4,6624.107181,0.19247,0.19269,0.19221,0.19221,0.19264,0.19281,0.19244,0.19244,-0.00076769,-0.00068445,-0.00097429,-0.00097429,-0.00023999999999999022,-0.001247141966327116
1770615600000,2026-02-09T05:40:00Z,0.1922,0.1922,0.19173,0.19173,84039,16133.124218,0.19221,0.19221,0.19177,0.19177,0.19244,0.19244,0.19199,0.19201,-0.00097429,-0.00067317,-0.00101899,-0.00067317,-0.0002799999999999747,-0.0014582573824278668
1770615900000,2026-02-09T05:45:00Z,0.19173,0.19173,0.19144,0.19146,95433.7,18287.552912,0.19177,0.19177,0.1915,0.1915,0.19201,0.19201,0.19173,0.19175,-0.00067317,-0.0010013,-0.00107602,-0.00107602,-0.00029000000000001247,-0.0015123859191656453
1770616200000,2026-02-09T05:50:00Z,0.19146,0.19214,0.19146,0.19198,54461.7,10447.719589,0.1915,0.19212,0.1915,0.19198,0.19175,0.19227,0.19174,0.19215,-0.00107602,-0.00021917,-0.00070342,-0.00021917,-0.00016999999999997573,-0.000884725474889283
1770616500000,2026-02-09T05:55:00Z,0.19198,0.19205,0.19175,0.19194,124327.2,23861.555238,0.19198,0.192,0.19178,0.19194,0.19215,0.19221,0.192,0.19215,-0.00021917,-0.00069399,-0.00086552,-0.00069399,-0.00020999999999998797,-0.0010928961748633255
1770616800000,2026-02-09T06:00:00Z,0.19194,0.19194,0.19065,0.19088,298961.1,57185.442064,0.19194,0.19194,0.19073,0.19088,0.19215,0.19217,0.19091,0.191,-0.00069399,-0.00038528,-0.00044458,-0.00038528,-0.00012000000000000899,-0.0006282722513089475
1770617100000,2026-02-09T06:05:00Z,0.19088,0.19095,0.19068,0.19077,58065.7,11078.929372,0.19088,0.19095,0.19068,0.19079,0.191,0.19113,0.19087,0.19101,-0.00038528,-0.00017928,-0.00088042,-0.00017928,-0.00024000000000001798,-0.0012564787183918012
1770617400000,2026-02-09T06:10:00Z,0.19077,0.19101,0.19054,0.19087,72085.5,13754.568691,0.19079,0.19101,0.1906,0.19087,0.19101,0.19116,0.19081,0.19105,-0.00017928,-0.0003657,-0.00055252,-0.00055252,-0.00017999999999998573,-0.0009421617377649083
1770617700000,2026-02-09T06:15:00Z,0.19087,0.19087,0.18975,0.18992,250747,47665.231486,0.19087,0.19088,0.18978,0.18997,0.19105,0.19108,0.18998,0.19019,-0.00055252,-0.00029771,-0.00049609,-0.00029771,-0.00026999999999999247,-0.0014196329985803275
1770618000000,2026-02-09T06:20:00Z,0.18992,0.18996,0.18957,0.18967,115839.5,21981.428019,0.18997,0.18998,0.18963,0.18967,0.19019,0.19021,0.18984,0.18984,-0.00029771,-0.00061063,-0.00099179,-0.00061063,-0.00017000000000000348,-0.0008954909397387457
1770618300000,2026-02-09T06:25:00Z,0.18967,0.18986,0.18951,0.18958,150948.2,28632.937273,0.18967,0.18985,0.18956,0.18959,0.18984,0.18989,0.18967,0.1897,-0.00061063,0,-0.00027172,0,-0.00012000000000000899,-0.0006325777543490194
1770618600000,2026-02-09T06:30:00Z,0.18958,0.18968,0.18921,0.1893,123172.4,23328.728591,0.18959,0.18968,0.18927,0.1893,0.1897,0.18973,0.18935,0.18941,0,-0.00006193,-0.00041048,-0.00041048,-0.00010999999999999899,-0.0005807507523361966
1770618900000,2026-02-09T06:35:00Z,0.1893,0.18983,0.18921,0.18974,63661.7,12062.936775,0.1893,0.18983,0.18925,0.18974,0.18941,0.18988,0.18934,0.18981,-0.00041048,0,-0.00009338,-0.00009338,-7.00000000000145e-05,-0.00036878984247412937
1770619200000,2026-02-09T06:40:00Z,0.18974,0.18997,0.18958,0.1899,76682,14555.410534,0.18974,0.19001,0.18966,0.18993,0.18981,0.1901,0.18971,0.19005,-0.00009338,-0.00005122,-0.00055307,-0.00055307,-0.00014999999999998348,-0.0007892659826360614
1770619500000,2026-02-09T06:45:00Z,0.1899,0.19012,0.18966,0.18985,112642.8,21389.643384,0.18993,0.19012,0.18967,0.18988,0.19005,0.19021,0.18983,0.19003,-0.00055307,-0.00023467,-0.00025898,-0.00023467,-0.00018000000000001348,-0.0009472188601800425
1770619800000,2026-02-09T06:50:00Z,0.18985,0.18995,0.18963,0.18988,79412.4,15070.827305,0.18988,0.18995,0.18975,0.18988,0.19003,0.19012,0.18994,0.19007,-0.00023467,-0.00022373,-0.00027656,-0.00027656,-0.00018999999999999573,-0.000999631714631429
1770620100000,2026-02-09T06:55:00Z,0.18988,0.19014,0.18985,0.19005,77590.8,14739.76174,0.18988,0.19012,0.18987,0.19005,0.19007,0.19029,0.19007,0.19024,-0.00027656,-0.00061218,-0.00096465,-0.00096465,-0.00018999999999999573,-0.0009987384356601962
1770620400000,2026-02-09T07:00:00Z,0.19005,0.1901,0.18957,0.19005,61380.3,11652.012578,0.19005,0.1901,0.18964,0.19007,0.19024,0.19024,0.18978,0.1902,-0.00096465,-0.0003161,-0.00072333,-0.0003161,-0.00015000000000001124,-0.0007886435331230875
1770620700000,2026-02-09T07:05:00Z,0.19005,0.19033,0.18957,0.19014,131451.5,24982.517917,0.19007,0.19033,0.18975,0.19014,0.1902,0.19048,0.18988,0.19033,-0.0003161,-0.00028039,-0.00067469,-0.00028039,-0.00018999999999999573,-0.0009982661692849038
1770621000000,2026-02-09T07:10:00Z,0.19014,0.19035,0.19003,0.19015,70035.1,13321.858107,0.19014,0.19035,0.1901,0.19021,0.19033,0.19038,0.19026,0.19037,-0.00028039,0,-0.00032443,0,-0.00021999999999999797,-0.0011556442716814518
1770621300000,2026-02-09T07:15:00Z,0.19015,0.19018,0.18973,0.19013,43427.3,8250.633842,0.19021,0.19021,0.18974,0.19013,0.19037,0.19037,0.18985,0.19027,0,-0.00034393,-0.00045244,-0.00034393,-0.00014000000000000123,-0.0007357964997109436
1770621600000,2026-02-09T07:20:00Z,0.19013,0.19021,0.1897,0.18987,54998.9,10445.628689,0.19013,0.19021,0.18976,0.18987,0.19027,0.19028,0.18988,0.19002,-0.00034393,-0.00028663,-0.00062314,-0.00028663,-0.00014999999999998348,-0.0007893905904640747
1770621900000,2026-02-09T07:25:00Z,0.18987,0.18988,0.18959,0.18969,74098.9,14058.605225,0.18987,0.18988,0.18964,0.18975,0.19002,0.19004,0.18981,0.18992,-0.00028663,-0.00017623,-0.00039338,-0.00017623,-0.00023000000000000798,-0.0012110362257793175
1770622200000,2026-02-09T07:30:00Z,0.18969,0.18977,0.18926,0.18941,111627.9,21161.943828,0.18975,0.18977,0.18932,0.18949,0.18992,0.18992,0.18955,0.18972,-0.00017623,-0.00055451,-0.00106126,-0.00055451,-0.0003100000000000047,-0.0016339869281046
1770622500000,2026-02-09T07:35:00Z,0.18941,0.18966,0.18881,0.18917,321869.4,60890.496388,0.18949,0.18966,0.18888,0.18917,0.18972,0.18984,0.18899,0.18931,-0.00055451,-0.00043456,-0.00082345,-0.00082345,-0.00014000000000000123,-0.0007395277587026635
1770622800000,2026-02-09T07:40:00Z,0.18917,0.18931,0.18866,0.18887,85539.2,16168.723699,0.18917,0.18931,0.18871,0.1889,0.18931,0.18938,0.18883,0.18903,-0.00082345,-0.00016951,-0.00025892,-0.00025892,-0.00015999999999999348,-0.0008464264931492011
1770623100000,2026-02-09T07:45:00Z,0.18887,0.18912,0.18852,0.18882,153304.2,28964.54726,0.1889,0.18912,0.18857,0.18887,0.18903,0.18916,0.18871,0.18898,-0.00025892,0,-0.00022466,-0.00022466,-0.00016000000000002124,-0.0008466504392000277
1770623400000,2026-02-09T07:50:00Z,0.18882,0.18897,0.18872,0.18879,172818.4,32635.024009,0.18887,0.18899,0.18878,0.18882,0.18898,0.18912,0.18892,0.18897,-0.00022466,-0.00003761,-0.00005531,-0.00003761,-0.00017999999999998573,-0.0009525321479599182
1770623700000,2026-02-09T07:55:00Z,0.18879,0.18893,0.18856,0.18856,88921.4,16786.00757,0.18882,0.18892,0.18861,0.18865,0.18897,0.18901,0.18878,0.18883,-0.00003761,-0.00046958,-0.00069316,-0.00069316,-0.00026999999999999247,-0.001429857543822446
1770624000000,2026-02-09T08:00:00Z,0.18856,0.18913,0.18829,0.1891,248247,46851.38909,0.18865,0.18912,0.18842,0.1891,0.18883,0.18921,0.18859,0.18921,-0.00069316,0,-0.00072733,0,-0.00010999999999999899,-0.0005813646213202209
1770624300000,2026-02-09T08:05:00Z,0.1891,0.1891,0.18859,0.18875,250242.5,47265.375957,0.1891,0.18916,0.18861,0.18887,0.18921,0.18927,0.18876,0.18902,0,0,-0.00036913,-0.00036913,-0.00026999999999999247,-0.0014284202729869457
1770624600000,2026-02-09T08:10:00Z,0.18875,0.18896,0.18849,0.18864,266699.1,50329.109063,0.18887,0.18896,0.18856,0.18864,0.18902,0.18908,0.18872,0.18873,-0.00036913,-0.00019505,-0.00048751,-0.00048751,-9.000000000000674e-05,-0.00047687172150695034
1770624900000,2026-02-09T08:15:00Z,0.18864,0.18867,0.18792,0.18806,197683.3,37208.860135,0.18864,0.18868,0.18793,0.18807,0.18873,0.18882,0.18806,0.1882,-0.00048751,-0.0000772,-0.00069921,-0.0000772,-0.00014000000000000123,-0.000743889479277371
1770625200000,2026-02-09T08:20:00Z,0.18806,0.18827,0.18767,0.18804,418900.6,78752.63239,0.18807,0.18827,0.1878,0.18804,0.1882,0.18835,0.18786,0.18814,-0.0000772,-0.00025326,-0.0004723,-0.00025326,-9.999999999998899e-05,-0.0005315190815349686
1770625500000,2026-02-09T08:25:00Z,0.18804,0.18806,0.18724,0.18736,231542.1,43454.592391,0.18804,0.18807,0.1873,0.18743,0.18814,0.1882,0.18752,0.18766,-0.00025326,-0.00055769,-0.0006507,-0.0006507,-0.0002999999999999947,-0.0015986358307577254
1770625800000,2026-02-09T08:30:00Z,0.18736,0.18742,0.18564,0.18615,834943.2,155594.689609,0.18743,0.18743,0.18567,0.18619,0.18766,0.18766,0.1858,0.18633,-0.0006507,-0.00039388,-0.00119808,-0.00039388,-0.00017999999999998573,-0.000966028014812353
1770626100000,2026-02-09T08:35:00Z,0.18615,0.18729,0.18615,0.18723,263640,49258.012303,0.18619,0.18729,0.18619,0.18724,0.18633,0.18739,0.18633,0.18739,-0.00039388,0,-0.00030926,-0.00030926,-0.00015999999999999348,-0.0008538342494262953
1770626400000,2026-02-09T08:40:00Z,0.18723,0.18731,0.18703,0.18713,110346.2,20656.0935,0.18724,0.18731,0.18705,0.18719,0.18739,0.18749,0.18723,0.18735,-0.00030926,-0.00007984,-0.00038473,-0.00038473,-0.00021999999999999797,-0.0011742727515345502
1770626700000,2026-02-09T08:45:00Z,0.18713,0.18745,0.18702,0.18707,249071.9,46624.585951,0.18719,0.18743,0.18704,0.18707,0.18735,0.1875,0.1872,0.18729,-0.00038473,-0.00086484,-0.00090815,-0.00086484,-0.00022000000000002573,-0.0011746489401464346
1770627000000,2026-02-09T08:50:00Z,0.18707,0.18713,0.18675,0.18702,131740,24630.922335,0.18707,0.18713,0.18681,0.18702,0.18729,0.18729,0.18698,0.18718,-0.00086484,-0.00041908,-0.00056108,-0.00056108,-0.00016000000000002124,-0.0008547921786516787
1770627300000,2026-02-09T08:55:00Z,0.18702,0.18737,0.18646,0.18646,250406.6,46798.2651,0.18702,0.18737,0.18648,0.18648,0.18718,0.1875,0.18669,0.18669,-0.00056108,-0.00075663,-0.00077699,-0.00077699,-0.00023000000000000798,-0.001231988858535583
1770627600000,2026-02-09T09:00:00Z,0.18646,0.18667,0.18632,0.18653,167751.4,31287.679999,0.18648,0.18667,0.18634,0.18654,0.18669,0.18684,0.18659,0.18675,-0.00077699,-0.00043375,-0.00099282,-0.00099282,-0.00021999999999999797,-0.001178045515394902
1770627900000,2026-02-09T09:05:00Z,0.18653,0.18678,0.18634,0.18648,155092.4,28937.320509,0.18654,0.18678,0.18634,0.18653,0.18675,0.18693,0.18657,0.18674,-0.00099282,-0.0002378,-0.00034643,-0.0002378,-0.00025999999999998247,-0.0013923101638641023
1770628200000,2026-02-09T09:10:00Z,0.18648,0.18658,0.18613,0.18619,63295,11799.109711,0.18653,0.18658,0.18619,0.18619,0.18674,0.18675,0.18642,0.18642,-0.0002378,-0.00076365,-0.00089661,-0.00089661,-0.00023000000000000798,-0.0012337732003004397
1770628500000,2026-02-09T09:15:00Z,0.18619,0.1864,0.18575,0.18593,194662.7,36213.69256,0.18619,0.1864,0.18583,0.18593,0.18642,0.18656,0.18601,0.18609,-0.00089661,-0.00015557,-0.00065721,-0.00065721,-0.00015999999999999348,-0.0008597990219785774
1770628800000,2026-02-09T09:20:00Z,0.18593,0.18614,0.18545,0.1855,466274.4,86649.650141,0.18593,0.18612,0.18547,0.1855,0.18609,0.18626,0.18569,0.18571,-0.00065721,-0.00054684,-0.00062693,-0.00062693,-0.00020999999999998797,-0.001130795326045921
1770629100000,2026-02-09T09:25:00Z,0.1855,0.1859,0.1855,0.18576,90868.6,16880.025979,0.1855,0.1859,0.1855,0.18578,0.18571,0.18604,0.18571,0.18596,-0.00062693,-0.00018992,-0.00087942,-0.00018992,-0.00019999999999997797,-0.0010755001075498925
1770629400000,2026-02-09T09:30:00Z,0.18576,0.18579,0.18521,0.18556,319792.8,59290.539622,0.18578,0.18578,0.18531,0.18556,0.18596,0.18596,0.18546,0.1857,-0.00018992,-0.00072573,-0.00118617,-0.00118617,-0.00014000000000000123,-0.0007539041464728122
1770629700000,2026-02-09T09:35:00Z,0.18556,0.18575,0.18478,0.18507,273739.7,50677.092051,0.18556,0.18578,0.18501,0.18507,0.1857,0.18594,0.18521,0.18527,-0.00118617,-0.00056841,-0.00062008,-0.00062008,-0.00019999999999997797,-0.001079505586441291
1770630000000,2026-02-09T09:40:00Z,0.18507,0.18516,0.18477,0.18516,134004,24787.505039,0.18507,0.18516,0.18481,0.18516,0.18527,0.18534,0.18505,0.18532,-0.00062008,0,-0.00050159,0,-0.00016000000000002124,-0.0008633714655731774
1770630300000,2026-02-09T09:45:00Z,0.18516,0.1855,0.18507,0.18526,109118.8,20213.031768,0.18516,0.18556,0.18512,0.18526,0.18532,0.18572,0.1853,0.18551,0,-0.00089743,-0.00091801,-0.00089743,-0.0002500000000000002,-0.0013476362460244742
1770630600000,2026-02-09T09:50:00Z,0.18526,0.18526,0.18465,0.18505,172798.7,31944.298718,0.18526,0.18526,0.18471,0.18506,0.18551,0.18551,0.18492,0.18524,-0.00089743,-0.00039538,-0.00040586,-0.00040586,-0.00018999999999999573,-0.0010256963938673922
1770630900000,2026-02-09T09:55:00Z,0.18505,0.18522,0.18492,0.18522,53959.9,9986.004612,0.18506,0.1853,0.18496,0.18522,0.18524,0.18546,0.18514,0.18543,-0.00040586,-0.00121328,-0.00135764,-0.00135764,-0.00021000000000001573,-0.001132502831257163
1770631200000,2026-02-09T10:00:00Z,0.18522,0.18535,0.18479,0.1848,182540.7,33790.495481,0.18522,0.18535,0.18481,0.18491,0.18543,0.18548,0.18507,0.18514,-0.00135764,-0.00063311,-0.00104312,-0.00104312,-0.00034000000000000696,-0.0018364480933348113
1770631500000,2026-02-09T10:05:00Z,0.1848,0.18516,0.18461,0.1851,165155.7,30540.393605,0.18491,0.18516,0.18461,0.18512,0.18514,0.18537,0.18486,0.18536,-0.00104312,-0.00045525,-0.00066063,-0.00045525,-0.0002600000000000102,-0.0014026758739750227
1770631800000,2026-02-09T10:10:00Z,0.1851,0.18536,0.18457,0.18457,133645.9,24731.394657,0.18512,0.18531,0.18466,0.18466,0.18536,0.18556,0.18491,0.18491,-0.00045525,-0.00083961,-0.00091144,-0.00083961,-0.0003399999999999792,-0.0018387323562813218
1770632100000,2026-02-09T10:15:00Z,0.18457,0.18461,0.18354,0.18381,754368.3,138781.098416,0.18466,0.18466,0.18357,0.1839,0.18491,0.18491,0.18381,0.18412,-0.00083961,-0.00075757,-0.00082275,-0.00082275,-0.0003100000000000047,-0.0016836845535520568
1770632400000,2026-02-09T10:20:00Z,0.18381,0.18392,0.18309,0.1831,358968.3,65854.615197,0.1839,0.18391,0.1831,0.18312,0.18412,0.18412,0.18335,0.1834,-0.00082275,-0.0007463,-0.00095102,-0.0007463,-0.0002999999999999947,-0.0016357688113413016
1770632700000,2026-02-09T10:25:00Z,0.1831,0.18329,0.18209,0.18256,1065929.7,194763.78929,0.18312,0.18327,0.18248,0.18256,0.1834,0.18354,0.18276,0.18285,-0.0007463,-0.00083746,-0.00123949,-0.00083746,-0.00029000000000001247,-0.001585999453103705
1770633000000,2026-02-09T10:30:00Z,0.18256,0.18269,0.1818,0.18201,568051.2,103553.280782,0.18256,0.18269,0.18183,0.18201,0.18285,0.18296,0.18197,0.18218,-0.00083746,-0.00126536,-0.00145941,-0.00126536,-0.00017000000000000348,-0.0009331430453397929
1770633300000,2026-02-09T10:35:00Z,0.18201,0.1825,0.18133,0.18207,532732.2,96933.711165,0.18201,0.18245,0.18138,0.18211,0.18218,0.18259,0.18164,0.18229,-0.00126536,0,-0.00113715,-0.00113715,-0.00021999999999999797,-0.001206868177080465
1770633600000,2026-02-09T10:40:00Z,0.18207,0.18232,0.18118,0.18156,1396965,253595.821342,0.18211,0.18232,0.18132,0.18156,0.18229,0.18248,0.18155,0.18171,-0.00113715,-0.00086631,-0.00117276,-0.00086631,-0.00015000000000001124,-0.0008254911672445723
1770633900000,2026-02-09T10:45:00Z,0.18156,0.18212,0.18128,0.18138,369352.6,67073.595714,0.18156,0.18212,0.18134,0.18138,0.18171,0.18225,0.18157,0.18158,-0.00086631,-0.00070913,-0.0013723,-0.0013723,-0.00019999999999997797,-0.0011014428901860226
1770634200000,2026-02-09T10:50:00Z,0.18138,0.1822,0.18138,0.18204,303315.8,55201.247898,0.18138,0.18219,0.18138,0.18204,0.18158,0.18238,0.18158,0.18226,-0.0013723,-0.00041638,-0.00080899,-0.00080899,-0.00021999999999999797,-0.0012070668276088993
1770634500000,2026-02-09T10:55:00Z,0.18204,0.18236,0.18196,0.18205,235751.6,42934.912148,0.18204,0.18231,0.18196,0.18208,0.18226,0.18248,0.18216,0.18232,-0.00080899,-0.00094825,-0.00095581,-0.00094825,-0.0002700000000000202,-0.0014809126810005496
1770634800000,2026-02-09T11:00:00Z,0.18205,0.18387,0.18205,0.18368,817982.9,149980.603556,0.18208,0.18384,0.18208,0.18368,0.18232,0.18392,0.18232,0.18386,-0.00094825,-0.00012715,-0.00054349,-0.00012715,-0.00017999999999998573,-0.0009790057652560955
1770635100000,2026-02-09T11:05:00Z,0.18368,0.18375,0.18333,0.18373,175430.1,32193.182454,0.18368,0.18375,0.18336,0.18373,0.18386,0.18386,0.18351,0.18383,-0.00012715,-0.00025366,-0.00041869,-0.00025366,-9.999999999998899e-05,-0.0005439808518739542
1770635400000,2026-02-09T11:10:00Z,0.18373,0.18373,0.18295,0.18296,121046.7,22184.187811,0.18373,0.18373,0.18302,0.18302,0.18383,0.18383,0.18321,0.18321,-0.00025366,-0.00046311,-0.00100256,-0.00046311,-0.0002500000000000002,-0.0013645543365536827
1770635700000,2026-02-09T11:15:00Z,0.18296,0.18336,0.18273,0.18273,131317.1,24042.786169,0.18302,0.18335,0.18279,0.18279,0.18321,0.18348,0.18301,0.18301,-0.00046311,-0.00027895,-0.00087268,-0.00087268,-0.00028000000000000247,-0.0015299710398339022
1770636000000,2026-02-09T11:20:00Z,0.18273,0.18367,0.18272,0.18364,101061.6,18533.675487,0.18279,0.18366,0.18278,0.18364,0.18301,0.18376,0.183,0.18372,-0.00087268,-0.00027422,-0.00044832,-0.00044832,-7.999999999999674e-05,-0.0004354452427607051
1770636300000,2026-02-09T11:25:00Z,0.18364,0.1838,0.18336,0.18336,63112.7,11591.368838,0.18364,0.18382,0.18346,0.18346,0.18372,0.18393,0.1836,0.1836,-0.00044832,0,-0.00036577,-0.00036577,-0.00024000000000001798,-0.001307189542483758
1770636600000,2026-02-09T11:30:00Z,0.18336,0.18381,0.18304,0.18326,121732.3,22321.800456,0.18346,0.18381,0.18311,0.18326,0.1836,0.18384,0.18329,0.18338,-0.00036577,0,-0.00062693,-0.00062693,-0.00011999999999998123,-0.0006543788853745296
1770636900000,2026-02-09T11:35:00Z,0.18326,0.18334,0.18301,0.18317,96277.1,17634.43744,0.18326,0.18334,0.18301,0.18317,0.18338,0.18345,0.18316,0.18332,-0.00062693,-0.00045458,-0.00067418,-0.00045458,-0.00015000000000001124,-0.0008182413266419989
1770637200000,2026-02-09T11:40:00Z,0.18317,0.18344,0.18307,0.18319,248286.5,45507.199448,0.18317,0.18342,0.18317,0.18319,0.18332,0.18351,0.18329,0.18333,-0.00045458,0,-0.00068201,-0.00068201,-0.00014000000000000123,-0.0007636502481863374
1770637500000,2026-02-09T11:45:00Z,0.18319,0.18337,0.18288,0.18319,127884,23426.349867,0.18319,0.18337,0.18294,0.18319,0.18333,0.18349,0.18311,0.18329,-0.00068201,-0.00006572,-0.00030302,-0.00006572,-0.00010000000000001674,-0.0005455835015550043
1770637800000,2026-02-09T11:50:00Z,0.18319,0.18353,0.18319,0.18346,122910.9,22535.366044,0.18319,0.18353,0.18319,0.1835,0.18329,0.18368,0.18329,0.18368,-0.00006572,-0.00047315,-0.00054486,-0.00047315,-0.00021999999999999797,-0.0011977351916376195
1770638100000,2026-02-09T11:55:00Z,0.18346,0.18359,0.18331,0.18355,95969.6,17610.93568,0.1835,0.18358,0.18331,0.18355,0.18368,0.1837,0.18342,0.18365,-0.00047315,-0.00038407,-0.00060889,-0.00060889,-0.00010000000000001674,-0.000544514021236138
1770638400000,2026-02-09T12:00:00Z,0.18355,0.184,0.18334,0.18385,138462.9,25430.340717,0.18355,0.18408,0.18346,0.18397,0.18365,0.1842,0.18361,0.18412,-0.00060889,0,-0.00059886,0,-0.00026999999999999247,-0.001466434933738825
1770638700000,2026-02-09T12:05:00Z,0.18385,0.18449,0.18368,0.18436,296779.6,54625.52394,0.18397,0.18449,0.1838,0.18437,0.18412,0.18458,0.18401,0.18458,0,-0.00083874,-0.00088006,-0.00088006,-0.00021999999999999797,-0.0011918951132300249
1770639000000,2026-02-09T12:10:00Z,0.18436,0.18458,0.1841,0.18449,130122.5,23991.96718,0.18437,0.18454,0.18416,0.18449,0.18458,0.18469,0.18434,0.18464,-0.00088006,-0.00037912,-0.0004469,-0.00037912,-0.00015000000000001124,-0.0008123916811092463
1770639300000,2026-02-09T12:15:00Z,0.18449,0.18449,0.18419,0.18423,107686.5,19846.824314,0.18449,0.18449,0.18419,0.18426,0.18464,0.18464,0.18439,0.18447,-0.00037912,-0.00053841,-0.00079465,-0.00053841,-0.00023999999999999022,-0.0013010245568384573
1770639600000,2026-02-09T12:20:00Z,0.18423,0.18424,0.18404,0.18404,45405.8,8360.840405,0.18426,0.18426,0.18404,0.18404,0.18447,0.18447,0.18422,0.18422,-0.00053841,-0.00062625,-0.00100802,-0.00062625,-0.00017999999999998573,-0.0009770926066658655
1770639900000,2026-02-09T12:25:00Z,0.18404,0.18415,0.18378,0.18392,134786.1,24797.5494,0.18404,0.18415,0.18384,0.18394,0.18422,0.18431,0.18405,0.18415,-0.00062625,-0.00049755,-0.00108924,-0.00108924,-0.00023000000000000798,-0.0012489818083084876
1770640200000,2026-02-09T12:30:00Z,0.18392,0.18424,0.18384,0.1842,68384.1,12587.84851,0.18394,0.18422,0.18385,0.1842,0.18415,0.18439,0.18403,0.18439,-0.00108924,-0.00061186,-0.00097905,-0.00097905,-0.00018999999999999573,-0.0010304246434188174
1770640500000,2026-02-09T12:35:00Z,0.1842,0.18475,0.18419,0.18461,87300.8,16116.516195,0.1842,0.18475,0.18419,0.18466,0.18439,0.18486,0.18439,0.18483,-0.00097905,-0.00055889,-0.00066312,-0.00066312,-0.00021999999999999797,-0.001190282962722491
1770640800000,2026-02-09T12:40:00Z,0.18461,0.18482,0.18445,0.18447,196397.3,36273.132374,0.18466,0.18482,0.18451,0.18452,0.18483,0.18499,0.18473,0.18477,-0.00066312,-0.00091166,-0.00102634,-0.00091166,-0.0002999999999999947,-0.0016236402013313565
1770641100000,2026-02-09T12:45:00Z,0.18447,0.1846,0.1844,0.18441,96652.9,17827.88278,0.18452,0.18461,0.1844,0.18443,0.18477,0.18487,0.18466,0.1847,-0.00091166,-0.00101093,-0.00120356,-0.00120356,-0.00029000000000001247,-0.0015701136978885353
1770641400000,2026-02-09T12:50:00Z,0.18441,0.18443,0.18404,0.18411,64008.3,11793.345188,0.18443,0.18443,0.18405,0.18411,0.1847,0.1847,0.18435,0.18442,-0.00120356,-0.00120743,-0.00135693,-0.00135693,-0.0003100000000000047,-0.0016809456674981278
1770641700000,2026-02-09T12:55:00Z,0.18411,0.18432,0.18398,0.18429,105342.8,19392.93499,0.18411,0.18432,0.18403,0.18429,0.18442,0.18454,0.18434,0.18453,-0.00135693,-0.00086878,-0.00095004,-0.00086878,-0.00023999999999999022,-0.0013006015282067426
1770642000000,2026-02-09T13:00:00Z,0.18429,0.1844,0.18402,0.18402,85536.7,15755.913391,0.18429,0.1844,0.18403,0.18403,0.18453,0.18464,0.18431,0.18431,-0.00086878,-0.00104689,-0.00130396,-0.00104689,-0.00029000000000001247,-0.0015734360588140223
1770642300000,2026-02-09T13:05:00Z,0.18402,0.18447,0.1839,0.18429,174618.4,32154.532444,0.18403,0.18447,0.1839,0.18435,0.18431,0.18463,0.18408,0.18454,-0.00104689,-0.00074023,-0.00084747,-0.00084747,-0.0002500000000000002,-0.0013547198439362751
1770642600000,2026-02-09T13:10:00Z,0.18429,0.18479,0.18418,0.18453,386310,71317.05071,0.18435,0.18477,0.18423,0.18453,0.18454,0.18493,0.18439,0.18468,-0.00084747,-0.00036305,-0.00048512,-0.00048512,-0.00015000000000001124,-0.000812215724496487
1770642900000,2026-02-09T13:15:00Z,0.18453,0.18467,0.18383,0.18417,209459.4,38600.315862,0.18453,0.18456,0.18388,0.18417,0.18468,0.18469,0.1841,0.18428,-0.00048512,-0.00040182,-0.00048617,-0.00048617,-0.00010999999999999899,-0.0005969177338832157
1770643200000,2026-02-09T13:20:00Z,0.18417,0.18436,0.18402,0.18428,80733.9,14868.561251,0.18417,0.18437,0.18402,0.18428,0.18428,0.18452,0.18418,0.18437,-0.00048617,-0.00034769,-0.00065355,-0.00034769,-9.000000000000674e-05,-0.0004881488311547797
1770643500000,2026-02-09T13:25:00Z,0.18428,0.18428,0.18385,0.18398,63933.7,11765.938986,0.18428,0.18428,0.18387,0.18398,0.18437,0.18437,0.18405,0.1841,-0.00034769,-0.00026154,-0.00058176,-0.00026154,-0.00012000000000000899,-0.0006518196632265561
1770643800000,2026-02-09T13:30:00Z,0.18398,0.18398,0.18307,0.18312,140035.5,25687.377998,0.18398,0.18398,0.18307,0.18313,0.1841,0.18411,0.18331,0.18336,-0.00026154,-0.00078007,-0.00097202,-0.00097202,-0.00023999999999999022,-0.0013089005235601562
1770644100000,2026-02-09T13:35:00Z,0.18312,0.18391,0.18306,0.18391,269879.3,49546.311135,0.18313,0.18391,0.18309,0.18391,0.18336,0.18399,0.18332,0.18399,-0.00097202,-0.00072291,-0.00091345,-0.00072291,-7.999999999999674e-05,-0.0004348062394695187
1770644400000,2026-02-09T13:40:00Z,0.18391,0.18411,0.18322,0.18322,174852.6,32132.129845,0.18391,0.1841,0.18335,0.18335,0.18399,0.18418,0.18356,0.18356,-0.00072291,-0.00048611,-0.00089611,-0.00089611,-0.00034000000000000696,-0.0018522553933319186
1770644700000,2026-02-09T13:45:00Z,0.18322,0.18333,0.1829,0.18304,273134.9,50012.529076,0.18335,0.18335,0.183,0.18304,0.18356,0.18356,0.18315,0.1832,-0.00089611,-0.0002304,-0.00043577,-0.0002304,-0.00015999999999999348,-0.0008733624454148116
1770645000000,2026-02-09T13:50:00Z,0.18304,0.18318,0.18277,0.18277,216354.4,39585.834923,0.18304,0.18318,0.1828,0.1828,0.1832,0.18329,0.18297,0.18297,-0.0002304,-0.00043138,-0.00094377,-0.00043138,-0.00020000000000000573,-0.0010930753675466238
1770645300000,2026-02-09T13:55:00Z,0.18277,0.18277,0.18212,0.18219,278130.3,50712.033675,0.1828,0.1828,0.18218,0.18219,0.18297,0.18297,0.18234,0.18234,-0.00043138,-0.00052759,-0.00089875,-0.00052759,-0.00015000000000001124,-0.0008226390259954548
1770645600000,2026-02-09T14:00:00Z,0.18219,0.18299,0.18219,0.18251,303351.9,55392.492492,0.18219,0.18299,0.18219,0.18251,0.18234,0.18312,0.18234,0.18265,-0.00052759,-0.00067345,-0.0011307,-0.0011307,-0.00014000000000000123,-0.0007664932931836913
1770645900000,2026-02-09T14:05:00Z,0.18251,0.18266,0.18175,0.18211,368242.9,67061.169254,0.18251,0.18266,0.18185,0.18212,0.18265,0.18283,0.18198,0.18226,-0.0011307,-0.00025793,-0.00069715,-0.00025793,-0.00015000000000001124,-0.0008230001097334096
1770646200000,2026-02-09T14:10:00Z,0.18211,0.18245,0.18187,0.18245,182150.7,33187.975065,0.18212,0.18245,0.18195,0.18245,0.18226,0.18254,0.18207,0.18254,-0.00025793,0,-0.00051191,0,-9.000000000000674e-05,-0.000493042620795479
1770646500000,2026-02-09T14:15:00Z,0.18245,0.18272,0.18179,0.18195,162482.9,29608.202672,0.18245,0.1827,0.18179,0.18197,0.18254,0.18279,0.18194,0.18211,0,-0.00028755,-0.00076531,-0.00028755,-0.00015999999999999348,-0.0008785898632694167
1770646800000,2026-02-09T14:20:00Z,0.18195,0.1824,0.18191,0.1822,232467.1,42353.451309,0.18197,0.18241,0.18193,0.18224,0.18211,0.18254,0.18205,0.18238,-0.00028755,0,-0.00051531,-0.00051531,-0.00017999999999998573,-0.0009869503235003056
1770647100000,2026-02-09T14:25:00Z,0.1822,0.18286,0.1822,0.18237,270339.7,49323.850742,0.18224,0.18286,0.18224,0.18237,0.18238,0.18291,0.18238,0.18247,-0.00051531,-0.00000892,-0.00064491,-0.00000892,-9.999999999998899e-05,-0.0005480352934728393
1770647400000,2026-02-09T14:30:00Z,0.18237,0.18274,0.18167,0.18251,763547.1,139088.87362,0.18237,0.18267,0.18181,0.18251,0.18247,0.18274,0.18196,0.18266,-0.00000892,-0.00024076,-0.00114097,-0.00114097,-0.00014999999999998348,-0.0008211978539361846
1770647700000,2026-02-09T14:35:00Z,0.18251,0.18499,0.18205,0.18494,1398789.9,256953.664984,0.18251,0.18499,0.18213,0.18496,0.18266,0.1851,0.18229,0.18508,-0.00114097,0,0,0,-0.00014000000000000123,-0.0007564296520423668
1770648000000,2026-02-09T14:40:00Z,0.18494,0.18639,0.18465,0.18489,1014090,188095.211143,0.18496,0.18632,0.18476,0.18496,0.18508,0.18643,0.18492,0.18511,0,-0.00033002,-0.00083057,-0.00083057,-0.00021999999999999797,-0.0011884825239046944
1770648300000,2026-02-09T14:45:00Z,0.18489,0.18586,0.18467,0.18562,874612,161958.510853,0.18496,0.18586,0.18476,0.18562,0.18511,0.18592,0.18491,0.18575,-0.00083057,0,-0.00022485,0,-0.00012999999999999123,-0.000699865410497934
1770648600000,2026-02-09T14:50:00Z,0.18562,0.18613,0.18525,0.18595,585366.1,108681.29599,0.18562,0.18605,0.18532,0.18595,0.18575,0.18615,0.18558,0.18605,0,-0.00052769,-0.00056506,-0.00056506,-9.999999999998899e-05,-0.0005374899220639022
1770648900000,2026-02-09T14:55:00Z,0.18595,0.18637,0.18523,0.1857,291301.1,54103.762861,0.18595,0.18633,0.18529,0.18573,0.18605,0.18647,0.18552,0.18594,-0.00056506,-0.0007019,-0.00099396,-0.0007019,-0.00023999999999999022,-0.0012907389480477048
1770649200000,2026-02-09T15:00:00Z,0.1857,0.18741,0.1857,0.18741,743720.3,138802.139629,0.18573,0.18741,0.18573,0.18741,0.18594,0.18755,0.18594,0.18755,-0.0007019,0,-0.00029462,-0.00029462,-0.00014000000000000123,-0.0007464676086377032
1770649500000,2026-02-09T15:05:00Z,0.18741,0.1877,0.18666,0.18675,1703463.3,318725.171928,0.18741,0.18769,0.18675,0.18675,0.18755,0.18777,0.18701,0.18701,-0.00029462,-0.00076851,-0.00096087,-0.00076851,-0.0002600000000000102,-0.0013902999839581318
1770649800000,2026-02-09T15:10:00Z,0.18675,0.18677,0.18621,0.18639,155130.7,28925.086733,0.18675,0.18677,0.1863,0.1864,0.18701,0.18701,0.1865,0.18665,-0.00076851,-0.00071624,-0.00087415,-0.00071624,-0.0002600000000000102,-0.001392981516206859
1770650100000,2026-02-09T15:15:00Z,0.18639,0.18683,0.18566,0.18603,580194.5,107919.092176,0.1864,0.18683,0.18576,0.18603,0.18665,0.18701,0.18598,0.18624,-0.00071624,-0.00065366,-0.00066992,-0.00065366,-0.00020999999999998797,-0.0011275773195875644
1770650400000,2026-02-09T15:20:00Z,0.18603,0.18606,0.18479,0.18486,598312.4,110783.179161,0.18603,0.18606,0.18485,0.18486,0.18624,0.18624,0.18504,0.18508,-0.00065366,-0.000567,-0.00073089,-0.000567,-0.00021999999999999797,-0.0011886751674951264
1770650700000,2026-02-09T15:25:00Z,0.18486,0.18492,0.18431,0.18454,257927.8,47622.156832,0.18486,0.18492,0.18435,0.18454,0.18508,0.1851,0.18457,0.18473,-0.000567,-0.00041573,-0.00072551,-0.00072551,-0.00018999999999999573,-0.0010285281221241581
1770651000000,2026-02-09T15:30:00Z,0.18454,0.18507,0.18402,0.18459,329597.6,60817.802541,0.18454,0.18507,0.18408,0.18459,0.18473,0.18519,0.18432,0.18476,-0.00072551,-0.00099924,-0.00107794,-0.00099924,-0.00017000000000000348,-0.0009201125784802093
1770651300000,2026-02-09T15:35:00Z,0.18459,0.187,0.18459,0.1866,523016.7,97345.601249,0.18459,0.18701,0.18459,0.18664,0.18476,0.18715,0.18476,0.18683,-0.00099924,0,-0.00021162,0,-0.00023000000000000798,-0.001231065674677557
1770651600000,2026-02-09T15:40:00Z,0.1866,0.18758,0.18655,0.18718,237329.4,44397.953985,0.18664,0.18758,0.18663,0.18724,0.18683,0.18773,0.1868,0.18743,0,-0.00004799,-0.00065521,-0.00065521,-0.0002500000000000002,-0.0013338312970175544
1770651900000,2026-02-09T15:45:00Z,0.18718,0.18767,0.18675,0.18709,283007.8,52992.14661,0.18724,0.18761,0.18677,0.18709,0.18743,0.18768,0.1869,0.18727,-0.00065521,-0.0002493,-0.00030576,-0.00030576,-0.00017999999999998573,-0.0009611790462967146
1770652200000,2026-02-09T15:50:00Z,0.18709,0.18712,0.18645,0.18712,315268.6,58902.349669,0.18709,0.18712,0.18654,0.18712,0.18727,0.18727,0.18673,0.18721,-0.00030576,-0.00075253,-0.00120435,-0.00075253,-8.999999999997899e-05,-0.00048074355002392495
1770652500000,2026-02-09T15:55:00Z,0.18712,0.18757,0.18706,0.1875,148165.4,27747.860358,0.18712,0.18755,0.18711,0.18754,0.18721,0.18771,0.18721,0.18768,-0.00075253,-0.00031614,-0.00042982,-0.00031614,-0.00018000000000001348,-0.0009590792838875398
1770652800000,2026-02-09T16:00:00Z,0.1875,0.18802,0.18702,0.18702,468400.3,87847.451051,0.18754,0.18794,0.18705,0.18707,0.18768,0.18807,0.18726,0.18728,-0.00031614,-0.0005206,-0.00061542,-0.0005206,-0.0002600000000000102,-0.0013882956001709218
1770653100000,2026-02-09T16:05:00Z,0.18702,0.18711,0.18613,0.1862,444927,82996.441255,0.18707,0.18711,0.18623,0.18627,0.18728,0.18728,0.18641,0.18645,-0.0005206,-0.00076286,-0.00076675,-0.00076675,-0.0002500000000000002,-0.0013408420488066517
1770653400000,2026-02-09T16:10:00Z,0.1862,0.18654,0.18568,0.18602,201860.4,37542.355968,0.18627,0.18654,0.18568,0.18602,0.18645,0.18669,0.1858,0.18609,-0.00076675,0,-0.00039474,0,-7.00000000000145e-05,-0.0003761620721157209
1770653700000,2026-02-09T16:15:00Z,0.18602,0.18654,0.18576,0.18594,159989.7,29770.950835,0.18602,0.18652,0.18582,0.18596,0.18609,0.18657,0.18591,0.18609,0,0,-0.00007572,0,-0.00015000000000001124,-0.0008060615831050095
1770654000000,2026-02-09T16:20:00Z,0.18594,0.1868,0.18594,0.18668,181092.1,33771.321024,0.18596,0.18677,0.18596,0.18668,0.18609,0.18686,0.18609,0.18677,0,0,-0.00027421,0,-8.999999999997899e-05,-0.0004818761042992932
1770654300000,2026-02-09T16:25:00Z,0.18668,0.18726,0.18654,0.18714,163989.1,30632.885201,0.18668,0.18725,0.18654,0.18715,0.18677,0.18733,0.18663,0.18727,0,0,-0.00004831,0,-0.00012999999999999123,-0.0006941848667698576
1770654600000,2026-02-09T16:30:00Z,0.18714,0.18741,0.18631,0.18639,264625.8,49471.482584,0.18715,0.18739,0.18633,0.18639,0.18727,0.18747,0.1865,0.18655,0,-0.00030227,-0.0004915,-0.00030227,-0.00015999999999999348,-0.0008576789064593594
1770654900000,2026-02-09T16:35:00Z,0.18639,0.1865,0.1862,0.1863,93674.9,17454.944424,0.18639,0.1865,0.18626,0.18638,0.18655,0.18666,0.18643,0.18656,-0.00030227,-0.00020719,-0.00051399,-0.00051399,-0.0002600000000000102,-0.0013936535162950806
1770655200000,2026-02-09T16:40:00Z,0.1863,0.189,0.18629,0.18863,686779.9,128911.365759,0.18638,0.18902,0.18635,0.18869,0.18656,0.18914,0.18652,0.18884,-0.00051399,0,-0.00021939,0,-0.00021000000000001573,-0.0011120525312434638
1770655500000,2026-02-09T16:45:00Z,0.18863,0.19102,0.18861,0.18985,1510872.1,287243.991115,0.18869,0.19077,0.18869,0.1899,0.18884,0.19086,0.18884,0.19002,0,0,0,0,-0.00017000000000000348,-0.0008946426691927349
1770655800000,2026-02-09T16:50:00Z,0.18985,0.18989,0.18884,0.18907,298079.9,56428.084871,0.1899,0.1899,0.18885,0.18911,0.19002,0.19002,0.18899,0.18921,0,-0.00006122,-0.00010849,-0.00010849,-0.00014000000000000123,-0.0007399186089530217
1770656100000,2026-02-09T16:55:00Z,0.18907,0.18945,0.18887,0.18896,257386,48705.378737,0.18911,0.18945,0.18889,0.18896,0.18921,0.18955,0.18899,0.18903,-0.00010849,0,-0.00008576,-0.00008576,-7.00000000000145e-05,-0.0003703115907528672
1770656400000,2026-02-09T17:00:00Z,0.18896,0.18973,0.18888,0.18914,203783.9,38597.798622,0.18896,0.18972,0.18888,0.18914,0.18903,0.18977,0.18897,0.18922,-0.00008576,0,-0.00018666,0,-7.999999999999674e-05,-0.000422788288764384
1770656700000,2026-02-09T17:05:00Z,0.18914,0.18922,0.18785,0.18833,559237.8,105344.229247,0.18914,0.18922,0.18785,0.1884,0.18922,0.18929,0.18796,0.18854,0,0,-0.00023292,0,-0.00021000000000001573,-0.001113822000636553
1770657000000,2026-02-09T17:10:00Z,0.18833,0.18837,0.18794,0.18815,191502.6,36035.031869,0.1884,0.1884,0.18799,0.18815,0.18854,0.18854,0.18815,0.18821,0,-0.00032179,-0.00047587,-0.00047587,-5.999999999997674e-05,-0.00031879283778745414
1770657300000,2026-02-09T17:15:00Z,0.18815,0.18869,0.18815,0.1885,160095,30161.261842,0.18815,0.18868,0.18815,0.18859,0.18821,0.18875,0.18821,0.18866,-0.00047587,0,-0.00001209,-0.00001209,-0.00015999999999999348,-0.0008480865048234575
1770657600000,2026-02-09T17:20:00Z,0.1885,0.18851,0.18808,0.18813,102454.5,19290.33194,0.18859,0.18859,0.18817,0.18817,0.18866,0.18866,0.18835,0.18835,-0.00001209,-0.00032572,-0.0007854,-0.00032572,-0.00021999999999999797,-0.0011680382267055906
1770657900000,2026-02-09T17:25:00Z,0.18813,0.18844,0.18782,0.18844,141635.4,26638.713465,0.18817,0.18844,0.1879,0.18844,0.18835,0.18854,0.18808,0.18854,-0.00032572,-0.00000366,-0.00057381,-0.00057381,-0.00010000000000001674,-0.0005303914288745981
1770658200000,2026-02-09T17:30:00Z,0.18844,0.19031,0.18844,0.18991,380312.3,72081.703597,0.18844,0.19023,0.18844,0.18993,0.18854,0.19026,0.18854,0.19004,-0.00057381,0,0,0,-0.00012999999999999123,-0.0006840665123131511
1770658500000,2026-02-09T17:35:00Z,0.18991,0.19193,0.18978,0.19193,1074464.1,205555.538689,0.18993,0.19197,0.18989,0.19197,0.19004,0.19205,0.19001,0.19205,0,0,-0.00005697,0,-0.00012000000000000899,-0.0006248372819578703
1770658800000,2026-02-09T17:40:00Z,0.19193,0.19267,0.19107,0.19192,912495.7,175136.657992,0.19197,0.19256,0.19121,0.19197,0.19205,0.19266,0.19136,0.19212,0,0,-0.00000557,0,-0.00020000000000000573,-0.0010410160316469172
1770659100000,2026-02-09T17:45:00Z,0.19192,0.19229,0.19115,0.19168,394584.1,75665.273442,0.19197,0.19227,0.19118,0.19168,0.19212,0.19242,0.19135,0.19181,0,0,-0.00031994,-0.00031994,-0.000130000000000019,-0.0006777540274230696
1770659400000,2026-02-09T17:50:00Z,0.19168,0.19168,0.19127,0.19132,200826.9,38436.66411,0.19168,0.19168,0.19128,0.19132,0.19181,0.19181,0.19139,0.19146,-0.00031994,-0.00006414,-0.00043554,-0.00043554,-0.00014000000000000123,-0.000731223232006692
1770659700000,2026-02-09T17:55:00Z,0.19132,0.19184,0.19132,0.19164,140981.7,27013.260817,0.19132,0.19179,0.19132,0.19172,0.19146,0.19184,0.19146,0.19182,-0.00043554,0,-0.0004528,-0.0004528,-0.00017999999999998573,-0.0009383797309977361
1770660000000,2026-02-09T18:00:00Z,0.19164,0.19216,0.19121,0.19152,245986.5,47151.324337,0.19172,0.19209,0.19128,0.19166,0.19182,0.19215,0.19143,0.19178,-0.0004528,-0.00007272,-0.00030503,-0.00030503,-0.0002600000000000102,-0.0013557200959433216
1770660300000,2026-02-09T18:05:00Z,0.19152,0.19216,0.1909,0.19126,229935.8,44001.959256,0.19166,0.19216,0.19091,0.19126,0.19178,0.19217,0.19104,0.19134,-0.00030503,-0.00014466,-0.00023536,-0.00023536,-7.999999999999674e-05,-0.0004181038988188394
1770660600000,2026-02-09T18:10:00Z,0.19126,0.19132,0.1905,0.19059,225869.4,43099.503416,0.19126,0.19132,0.19055,0.1906,0.19134,0.19138,0.19068,0.19073,-0.00023536,0,0,0,-0.00014000000000000123,-0.0007340219157972067
1770660900000,2026-02-09T18:15:00Z,0.19059,0.19071,0.1898,0.18999,161103.9,30641.505622,0.1906,0.19071,0.18983,0.18999,0.19073,0.19081,0.18997,0.19006,0,0,-0.00064196,0,-7.00000000000145e-05,-0.0003683047458698016
1770661200000,2026-02-09T18:20:00Z,0.18999,0.19024,0.18878,0.18908,875814.6,165874.579602,0.18999,0.19022,0.18882,0.18911,0.19006,0.19026,0.18891,0.18919,0,0,0,0,-0.00010999999999999899,-0.0005814260796025107
1770661500000,2026-02-09T18:25:00Z,0.18908,0.18922,0.18849,0.18897,168784.2,31875.330651,0.18911,0.18919,0.18855,0.189,0.18919,0.18926,0.18869,0.1891,0,0,0,0,-0.00012999999999999123,-0.0006874669487043429
1770661800000,2026-02-09T18:30:00Z,0.18897,0.19008,0.18864,0.18961,573673.8,108688.402658,0.189,0.19003,0.18874,0.18961,0.1891,0.1901,0.18888,0.18973,0,-0.0002751,-0.0008095,-0.0008095,-0.00012000000000000899,-0.0006324777315132504
1770662100000,2026-02-09T18:35:00Z,0.18961,0.19002,0.18941,0.18943,234085.5,44436.646261,0.18961,0.19,0.18947,0.18948,0.18973,0.19009,0.18964,0.18966,-0.0008095,-0.00000969,-0.00045632,-0.00045632,-0.00023000000000000798,-0.0012126964040915743
1770662400000,2026-02-09T18:40:00Z,0.18943,0.18981,0.18904,0.18977,108884.4,20632.297196,0.18948,0.18982,0.18907,0.18979,0.18966,0.18998,0.18929,0.18994,-0.00045632,-0.00037011,-0.0005688,-0.00037011,-0.00017000000000000348,-0.0008950194798357559
1770662700000,2026-02-09T18:45:00Z,0.18977,0.1904,0.18943,0.18973,161205,30617.775184,0.18979,0.19031,0.18952,0.18984,0.18994,0.19039,0.18968,0.19002,-0.00037011,0,-0.00035314,-0.00035314,-0.0002899999999999847,-0.0015261551415639656
1770663000000,2026-02-09T18:50:00Z,0.18973,0.18994,0.18912,0.18931,180977.7,34308.473837,0.18984,0.18994,0.18921,0.18931,0.19002,0.19004,0.18938,0.18942,-0.00035314,0,-0.00059915,0,-0.00010999999999999899,-0.0005807200929152096
1770663300000,2026-02-09T18:55:00Z,0.18931,0.18971,0.18925,0.18967,64281.9,12180.287395,0.18931,0.18971,0.18931,0.18967,0.18942,0.18974,0.18942,0.1897,0,-0.00008592,-0.0005471,-0.00008592,-3.0000000000002247e-05,-0.00015814443858725485
1770663600000,2026-02-09T19:00:00Z,0.18967,0.18981,0.189,0.18938,152183.4,28830.160175,0.18967,0.18981,0.18906,0.18938,0.1897,0.18986,0.18921,0.18953,-0.00008592,-0.00013536,-0.00090982,-0.00013536,-0.00015000000000001124,-0.0007914314356566836
1770663900000,2026-02-09T19:05:00Z,0.18938,0.18956,0.18902,0.18927,77098.9,14591.051186,0.18938,0.18956,0.1891,0.18927,0.18953,0.18964,0.18922,0.18939,-0.00013536,-0.00009226,-0.00082372,-0.00009226,-0.00012000000000000899,-0.0006336131791541738
1770664200000,2026-02-09T19:10:00Z,0.18927,0.18942,0.18902,0.18929,66520.2,12582.513539,0.18927,0.18943,0.18908,0.18929,0.18939,0.18955,0.18922,0.18943,-0.00009226,-0.00014004,-0.00025689,-0.00025689,-0.00013999999999997348,-0.0007390592831123554
1770664500000,2026-02-09T19:15:00Z,0.18929,0.18958,0.18904,0.18917,84241.4,15941.507085,0.18929,0.18958,0.18904,0.18917,0.18943,0.18963,0.18922,0.18929,-0.00025689,-0.00012663,-0.00075812,-0.00075812,-0.00012000000000000899,-0.000633947910613392
1770664800000,2026-02-09T19:20:00Z,0.18917,0.18923,0.18873,0.18912,125867.6,23790.391674,0.18917,0.18923,0.18877,0.18912,0.18929,0.18934,0.18893,0.18927,-0.00075812,-0.00011665,-0.00057242,-0.00057242,-0.00014999999999998348,-0.0007925186241875812
1770665100000,2026-02-09T19:25:00Z,0.18912,0.18934,0.18906,0.18932,65282.6,12350.478648,0.18912,0.18934,0.18909,0.18932,0.18927,0.18944,0.18927,0.18944,-0.00057242,-0.00016001,-0.0005006,-0.0005006,-0.00012000000000000899,-0.0006334459459459934
1770665400000,2026-02-09T19:30:00Z,0.18932,0.19029,0.18922,0.18995,174014.4,33032.921949,0.18932,0.19029,0.18924,0.18997,0.18944,0.19036,0.18938,0.19007,-0.0005006,-0.00066029,-0.00078309,-0.00066029,-0.00011999999999998123,-0.0006313463460829234
1770665700000,2026-02-09T19:35:00Z,0.18995,0.19064,0.18979,0.19027,379378.8,72154.601949,0.18997,0.19062,0.18989,0.19027,0.19007,0.19069,0.19006,0.19037,-0.00066029,0,-0.00034865,-0.00034865,-0.00010000000000001674,-0.000525292850764389
1770666000000,2026-02-09T19:40:00Z,0.19027,0.19036,0.19005,0.19028,116116.8,22088.578353,0.19027,0.19035,0.19009,0.1903,0.19037,0.19049,0.19025,0.19047,-0.00034865,-0.00004531,-0.00072554,-0.00004531,-0.00018999999999999573,-0.000997532419803621
1770666300000,2026-02-09T19:45:00Z,0.19028,0.19056,0.18987,0.19056,190451.1,36211.764444,0.1903,0.19056,0.18994,0.19056,0.19047,0.19067,0.19008,0.19067,-0.00004531,-0.00027283,-0.00095385,-0.00027283,-0.00010999999999999899,-0.00057691299103162
1770666600000,2026-02-09T19:50:00Z,0.19056,0.191,0.19042,0.19059,264856.8,50499.587868,0.19056,0.19097,0.19043,0.19059,0.19067,0.19103,0.19056,0.19067,-0.00027283,-0.00002139,-0.00030089,-0.00030089,-7.999999999999674e-05,-0.0004195730843866195
1770666900000,2026-02-09T19:55:00Z,0.19059,0.19104,0.19048,0.19072,138296.1,26368.424579,0.19059,0.19107,0.19055,0.19072,0.19067,0.1912,0.19066,0.1909,-0.00030089,-0.00000906,-0.00007597,-0.00007597,-0.00017999999999998573,-0.0009429020429543517
1770667200000,2026-02-09T20:00:00Z,0.19072,0.19072,0.18983,0.19024,270819.7,51505.96163,0.19072,0.19072,0.18985,0.19023,0.1909,0.1909,0.18999,0.19024,-0.00007597,-0.00005859,-0.00063096,-0.00005859,0.0,0.0
1770667500000,2026-02-09T20:05:00Z,0.19024,0.19132,0.19017,0.19046,322589,61550.51673,0.19023,0.19137,0.19017,0.1905,0.19024,0.19147,0.19024,0.19067,-0.00005859,-0.00004058,-0.00043007,-0.00043007,-0.00021000000000001573,-0.0011013793465150035
1770667800000,2026-02-09T20:10:00Z,0.19046,0.19089,0.19034,0.1906,137556.1,26208.046322,0.1905,0.19089,0.19036,0.19067,0.19067,0.19101,0.19055,0.19083,-0.00043007,-0.00031995,-0.00050107,-0.00050107,-0.00023000000000000798,-0.0012052612272703872
1770668100000,2026-02-09T20:15:00Z,0.1906,0.1906,0.18918,0.18933,357775.9,67874.402542,0.19067,0.19067,0.18923,0.18936,0.19083,0.19083,0.18942,0.18954,-0.00050107,-0.00034349,-0.00043374,-0.00034349,-0.00020999999999998797,-0.0011079455523899334
1770668400000,2026-02-09T20:20:00Z,0.18933,0.18979,0.18894,0.18959,249024.8,47145.702994,0.18936,0.18979,0.18896,0.18959,0.18954,0.18982,0.18911,0.18966,-0.00034349,0,-0.00011332,0,-6.999999999998674e-05,-0.0003690815142886573
1770668700000,2026-02-09T20:25:00Z,0.18959,0.18959,0.18872,0.18878,76379.7,14437.089354,0.18959,0.18959,0.18875,0.18881,0.18966,0.18966,0.18891,0.18897,0,-0.0002034,-0.00049513,-0.00049513,-0.00018999999999999573,-0.0010054506006244152
1770669000000,2026-02-09T20:30:00Z,0.18878,0.18938,0.1887,0.18918,125272,23678.295606,0.18881,0.18938,0.18874,0.18926,0.18897,0.18947,0.18886,0.18936,-0.00049513,0,-0.00000438,-0.00000438,-0.00018000000000001348,-0.0009505703422053944
1770669300000,2026-02-09T20:35:00Z,0.18918,0.1897,0.18904,0.18957,120964.9,22909.122141,0.18926,0.1897,0.18909,0.18963,0.18936,0.18975,0.18919,0.1897,-0.00000438,0,0,0,-0.000130000000000019,-0.0006852925672114864
1770669600000,2026-02-09T20:40:00Z,0.18957,0.1899,0.18949,0.18964,173045.6,32822.641574,0.18963,0.18989,0.18961,0.1897,0.1897,0.18995,0.18967,0.18977,0,0,0,0,-0.00012999999999999123,-0.000685039785002852
1770669900000,2026-02-09T20:45:00Z,0.18964,0.18982,0.1894,0.1895,111553,21151.549168,0.1897,0.18983,0.18946,0.18955,0.18977,0.18991,0.18956,0.18966,0,0,0,0,-0.00015999999999999348,-0.0008436148898027707
1770670200000,2026-02-09T20:50:00Z,0.1895,0.1895,0.18913,0.18929,70996.2,13440.167739,0.18955,0.18955,0.18917,0.18933,0.18966,0.18966,0.18926,0.18946,0,0,-0.00028358,0,-0.00016999999999997573,-0.0008972870262851036
1770670500000,2026-02-09T20:55:00Z,0.18929,0.18959,0.189,0.1893,182316,34512.163034,0.18933,0.18959,0.18912,0.18931,0.18946,0.18973,0.18924,0.18946,0,-0.00025508,-0.00039854,-0.00039854,-0.00015999999999999348,-0.0008445054365037131
1770670800000,2026-02-09T21:00:00Z,0.1893,0.18965,0.18912,0.18921,95714.9,18126.379128,0.18931,0.18965,0.18916,0.18921,0.18946,0.18974,0.18931,0.18938,-0.00039854,-0.000293,-0.00043877,-0.000293,-0.00017000000000000348,-0.0008976660682226396
1770671100000,2026-02-09T21:05:00Z,0.18921,0.18939,0.18888,0.18904,70857.3,13399.565877,0.18921,0.18939,0.18891,0.18908,0.18938,0.18949,0.18905,0.18921,-0.000293,-0.00005781,-0.00009407,-0.00005781,-0.00016999999999997573,-0.0008984725965856759
1770671400000,2026-02-09T21:10:00Z,0.18904,0.18911,0.18885,0.18895,41090.1,7765.416343,0.18908,0.18911,0.18888,0.189,0.18921,0.18921,0.189,0.18912,-0.00005781,-0.00006726,-0.00026735,-0.00026735,-0.00017000000000000348,-0.0008989001692047561
1770671700000,2026-02-09T21:15:00Z,0.18895,0.18923,0.1888,0.18916,93597.3,17689.508239,0.189,0.18923,0.18884,0.18917,0.18912,0.18929,0.18898,0.18927,-0.00026735,0,-0.000091,0,-0.00010999999999999899,-0.0005811803244042848
1770672000000,2026-02-09T21:20:00Z,0.18916,0.18934,0.18894,0.18927,56013.6,10591.008811,0.18917,0.18934,0.18896,0.18928,0.18927,0.18943,0.18907,0.18938,0,0,0,0,-0.00010999999999999899,-0.0005808427500263966
1770672300000,2026-02-09T21:25:00Z,0.18927,0.1896,0.18907,0.18938,85662.6,16223.938979,0.18928,0.1896,0.18913,0.18938,0.18938,0.18966,0.18927,0.18951,0,-0.00037965,-0.00075756,-0.00075756,-0.000130000000000019,-0.0006859796316818056
1770672600000,2026-02-09T21:30:00Z,0.18938,0.18944,0.18724,0.18735,852428.7,160350.850925,0.18938,0.18944,0.18725,0.18735,0.18951,0.18955,0.18734,0.18739,-0.00075756,-0.00002861,-0.00006861,-0.00006861,-4.000000000001225e-05,-0.00021345856235664788
1770672900000,2026-02-09T21:35:00Z,0.18735,0.18762,0.18705,0.18755,384508.8,72019.164472,0.18735,0.18762,0.18714,0.18755,0.18739,0.18766,0.18725,0.18763,-0.00006861,0,-0.00050146,0,-7.999999999999674e-05,-0.000426371049405728
1770673200000,2026-02-09T21:40:00Z,0.18755,0.18805,0.18748,0.18766,239224.3,44954.411754,0.18755,0.18798,0.18755,0.18766,0.18763,0.18803,0.18763,0.18775,0,0,-0.00035137,0,-9.000000000000674e-05,-0.00047936085219710647
1770673500000,2026-02-09T21:45:00Z,0.18766,0.18783,0.18716,0.18779,151684.5,28455.471555,0.18766,0.18783,0.1872,0.18779,0.18775,0.18794,0.18737,0.18786,0,-0.00010777,-0.000477,-0.000477,-6.999999999998674e-05,-0.00037261790695191494
1770673800000,2026-02-09T21:50:00Z,0.18779,0.19021,0.18779,0.19008,1017094.1,192458.821242,0.18779,0.1902,0.18779,0.19012,0.18786,0.19034,0.18786,0.19025,-0.000477,-0.00022171,-0.00034254,-0.00022171,-0.00017000000000000348,-0.0008935611038107936
1770674100000,2026-02-09T21:55:00Z,0.19008,0.19008,0.18913,0.18944,236361.6,44833.622536,0.19012,0.19012,0.18919,0.18946,0.19025,0.19025,0.18943,0.18968,-0.00022171,-0.00085835,-0.00092261,-0.00085835,-0.00023999999999999022,-0.0012652889076338583
1770674400000,2026-02-09T22:00:00Z,0.18944,0.18998,0.18929,0.18993,130514.7,24740.152438,0.18946,0.18998,0.18932,0.18993,0.18968,0.19007,0.1895,0.19002,-0.00085835,-0.00021619,-0.00052659,-0.00052659,-9.000000000000674e-05,-0.00047363435427853247
1770674700000,2026-02-09T22:05:00Z,0.18993,0.19017,0.18987,0.19017,150414.8,28581.216047,0.18993,0.19017,0.18993,0.19017,0.19002,0.19029,0.19002,0.19029,-0.00052659,-0.00019975,-0.00041006,-0.00041006,-0.00011999999999998123,-0.0006306164275578393
1770675000000,2026-02-09T22:10:00Z,0.19017,0.19083,0.19017,0.19081,230338.4,43888.617199,0.19017,0.19082,0.19017,0.1908,0.19029,0.19093,0.19029,0.1908,-0.00041006,0,0,0,1.0000000000010001e-05,5.241090146755766e-05
1770675300000,2026-02-09T22:15:00Z,0.19081,0.19081,0.19016,0.19029,115235.1,21945.06335,0.1908,0.1908,0.19026,0.19034,0.1908,0.1908,0.19036,0.19046,0,0,0,0,-0.00017000000000000348,-0.0008925758689488789
1770675600000,2026-02-09T22:20:00Z,0.19029,0.19034,0.18944,0.18993,165188.2,31363.91159,0.19034,0.19034,0.18973,0.18997,0.19046,0.19046,0.18989,0.19013,0,0,-0.00045495,0,-0.00020000000000000573,-0.001051911849787018
1770675900000,2026-02-09T22:25:00Z,0.18993,0.19036,0.18989,0.19,29420,5591.704572,0.18997,0.19036,0.18992,0.19,0.19013,0.19047,0.19009,0.19016,0,-0.00000689,-0.00006919,-0.00000689,-0.00015999999999999348,-0.0008413967185527634
1770676200000,2026-02-09T22:30:00Z,0.19,0.19025,0.18974,0.18982,51466.7,9775.948085,0.19,0.19025,0.1898,0.18983,0.19016,0.19028,0.18997,0.19001,-0.00000689,0,0,0,-0.00019000000000002348,-0.0009999473711911134
1770676500000,2026-02-09T22:35:00Z,0.18982,0.18998,0.1896,0.1898,75791.4,14385.435217,0.18983,0.18994,0.18965,0.1898,0.19001,0.19009,0.1898,0.18999,0,0,-0.00061005,0,-0.00018999999999999573,-0.001000052634349154
1770676800000,2026-02-09T22:40:00Z,0.1898,0.19004,0.18969,0.19,53219.5,10107.210705,0.1898,0.19004,0.18977,0.19001,0.18999,0.19014,0.18993,0.19014,0,0,-0.00012302,0,-0.00014000000000000123,-0.0007362995687388305
1770677100000,2026-02-09T22:45:00Z,0.19,0.19033,0.18991,0.18994,59523.3,11310.609814,0.19001,0.19033,0.18994,0.18994,0.19014,0.1904,0.19006,0.19007,0,-0.00018288,-0.00042982,-0.00018288,-0.00012999999999999123,-0.0006839585415898945
1770677400000,2026-02-09T22:50:00Z,0.18994,0.19002,0.18952,0.18952,38249.5,7260.916426,0.18994,0.19004,0.18963,0.18963,0.19007,0.19016,0.18983,0.18983,-0.00018288,-0.00037996,-0.00059754,-0.00059754,-0.0003100000000000047,-0.001633040088500262
1770677700000,2026-02-09T22:55:00Z,0.18952,0.18996,0.18952,0.18992,73956.4,14030.956019,0.18963,0.18996,0.1896,0.18992,0.18983,0.19,0.18981,0.18999,-0.00059754,-0.00012715,-0.0002554,-0.0002554,-6.999999999998674e-05,-0.00036844044423383726
1770678000000,2026-02-09T23:00:00Z,0.18992,0.19011,0.18967,0.18992,107458.4,20405.347926,0.18992,0.19011,0.18974,0.18996,0.18999,0.1902,0.18991,0.19011,-0.0002554,0,-0.00032741,0,-0.00018999999999999573,-0.0009994213876176725
1770678300000,2026-02-09T23:05:00Z,0.18992,0.19013,0.18986,0.18995,118089.6,22435.638893,0.18996,0.19013,0.18991,0.18995,0.19011,0.19019,0.19006,0.19012,0,-0.00023075,-0.00088484,-0.00023075,-0.00017000000000000348,-0.0008941721018304412
1770678600000,2026-02-09T23:10:00Z,0.18995,0.19,0.18914,0.18952,321559.4,60960.608972,0.18995,0.19,0.18922,0.18958,0.19012,0.19017,0.18943,0.18974,-0.00023075,-0.00007781,-0.00040241,-0.00040241,-0.00021999999999999797,-0.0011594813955939601
1770678900000,2026-02-09T23:15:00Z,0.18952,0.18979,0.18936,0.1895,197009.6,37348.907233,0.18958,0.18976,0.18943,0.18957,0.18974,0.18984,0.18962,0.18973,-0.00040241,0,-0.00064183,-0.00064183,-0.00023000000000000798,-0.0012122489854003477
1770679200000,2026-02-09T23:20:00Z,0.1895,0.18968,0.18908,0.18942,129756.1,24569.385005,0.18957,0.18968,0.18913,0.18942,0.18973,0.18982,0.18935,0.18963,-0.00064183,-0.00044847,-0.00135207,-0.00044847,-0.00020999999999998797,-0.0011074197120708115
1770679500000,2026-02-09T23:25:00Z,0.18942,0.18952,0.18907,0.18945,125952.2,23843.648831,0.18942,0.18952,0.18921,0.18945,0.18963,0.18967,0.18945,0.18965,-0.00044847,-0.0008104,-0.00098977,-0.00098977,-0.00020000000000000573,-0.0010545742156604573
1770679800000,2026-02-09T23:30:00Z,0.18945,0.18952,0.18929,0.18943,77793.9,14733.393993,0.18945,0.18952,0.18935,0.18943,0.18965,0.18973,0.18958,0.18963,-0.00098977,-0.00098803,-0.00117821,-0.00098803,-0.00020000000000000573,-0.00105468544006753
1770680100000,2026-02-09T23:35:00Z,0.18943,0.18962,0.18943,0.18946,51876.2,9831.294833,0.18943,0.18963,0.18943,0.18952,0.18963,0.18982,0.18963,0.18974,-0.00098803,-0.00050424,-0.00119702,-0.00119702,-0.00028000000000000247,-0.0014757035943923395
1770680400000,2026-02-09T23:40:00Z,0.18946,0.1897,0.18937,0.18937,106478.3,20177.111537,0.18952,0.1897,0.18937,0.18937,0.18974,0.18984,0.18962,0.18962,-0.00119702,-0.00087346,-0.00110295,-0.00087346,-0.0002500000000000002,-0.0013184263263368854
1770680700000,2026-02-09T23:45:00Z,0.18937,0.18947,0.18878,0.18892,148986.4,28183.983935,0.18937,0.18945,0.18881,0.18892,0.18962,0.18966,0.18902,0.18912,-0.00087346,-0.00092891,-0.00094478,-0.00092891,-0.00020000000000000573,-0.0010575296108291333
1770681000000,2026-02-09T23:50:00Z,0.18892,0.18898,0.1887,0.18888,63799,12043.334221,0.18892,0.18898,0.18872,0.18888,0.18912,0.18912,0.18889,0.18901,-0.00092891,-0.0006352,-0.00065613,-0.0006352,-0.000130000000000019,-0.000687794296598164
1770681300000,2026-02-09T23:55:00Z,0.18888,0.18895,0.18857,0.18889,74257.4,14012.443241,0.18888,0.18898,0.18864,0.18891,0.18901,0.18912,0.1888,0.18905,-0.0006352,-0.00012177,-0.00037908,-0.00012177,-0.00015999999999999348,-0.0008463369478973471
1770681600000,2026-02-10T00:00:00Z,0.18889,0.18934,0.1885,0.1885,128143.7,24221.327552,0.18891,0.18933,0.18864,0.18864,0.18905,0.18943,0.18881,0.18881,-0.00012177,-0.00042132,-0.00056838,-0.00042132,-0.0003100000000000047,-0.0016418621895026996
1770681900000,2026-02-10T00:05:00Z,0.1885,0.18864,0.18822,0.18825,286590.3,53998.385838,0.18864,0.18864,0.18823,0.18825,0.18881,0.18884,0.18846,0.18848,-0.00042132,-0.00057577,-0.00095864,-0.00057577,-0.00023000000000000798,-0.0012202886247878182
1770682200000,2026-02-10T00:10:00Z,0.18825,0.18859,0.18803,0.18858,291462.4,54876.345906,0.18825,0.18859,0.18813,0.18858,0.18848,0.18873,0.18835,0.18869,-0.00057577,-0.00029586,-0.00069971,-0.00029586,-0.00010999999999999899,-0.0005829667708940536
1770682500000,2026-02-10T00:15:00Z,0.18858,0.18889,0.18838,0.18847,200970.6,37920.557653,0.18858,0.18889,0.18851,0.18851,0.18869,0.18902,0.18866,0.18877,-0.00029586,-0.00085323,-0.00094362,-0.00085323,-0.0002999999999999947,-0.0015892355776871046
1770682800000,2026-02-10T00:20:00Z,0.18847,0.18857,0.18788,0.18796,205241.8,38604.915945,0.18851,0.18857,0.1879,0.18798,0.18877,0.18878,0.1881,0.18818,-0.00085323,-0.00065033,-0.00123249,-0.00123249,-0.00021999999999999797,-0.0011690934211924645
1770683100000,2026-02-10T00:25:00Z,0.18796,0.18835,0.1879,0.18823,59675,11227.45485,0.18798,0.18839,0.18796,0.18823,0.18818,0.18855,0.18813,0.18844,-0.00123249,-0.00086013,-0.00092275,-0.00086013,-0.00020999999999998797,-0.0011144130757800253
1770683400000,2026-02-10T00:30:00Z,0.18823,0.18887,0.18817,0.18887,140583,26520.185164,0.18823,0.18887,0.18817,0.18887,0.18844,0.18893,0.18836,0.18893,-0.00086013,-0.00049954,-0.00076295,-0.00049954,-5.999999999997674e-05,-0.00031757793891905333
1770683700000,2026-02-10T00:35:00Z,0.18887,0.18887,0.18853,0.18855,117049.2,22082.887079,0.18887,0.18887,0.1886,0.1886,0.18893,0.18894,0.18875,0.1888,-0.00049954,-0.00059765,-0.00099894,-0.00099894,-0.0002500000000000002,-0.0013241525423728826
1770684000000,2026-02-10T00:40:00Z,0.18855,0.18862,0.188,0.18815,88607.1,16676.609924,0.1886,0.18862,0.18807,0.18817,0.1888,0.1888,0.18826,0.18837,-0.00099894,-0.00053906,-0.00059554,-0.00059554,-0.00021999999999999797,-0.0011679142113924614
1770684300000,2026-02-10T00:45:00Z,0.18815,0.18831,0.18801,0.18812,98115.5,18457.252282,0.18817,0.18831,0.18803,0.18817,0.18837,0.18847,0.18823,0.18835,-0.00059554,-0.00016538,-0.00082705,-0.00082705,-0.00022999999999998022,-0.0012211308733739328
1770684600000,2026-02-10T00:50:00Z,0.18812,0.18859,0.18812,0.18835,49165.1,9259.413512,0.18817,0.18859,0.18816,0.18845,0.18835,0.18869,0.18834,0.18859,-0.00082705,-0.0002711,-0.00046308,-0.00046308,-0.00024000000000001798,-0.0012726019407180548
1770684900000,2026-02-10T00:55:00Z,0.18835,0.1884,0.1882,0.18826,50374.5,9486.404166,0.18845,0.18845,0.1883,0.18837,0.18859,0.18862,0.18849,0.18858,-0.00046308,-0.00066367,-0.00075543,-0.00075543,-0.00031999999999998696,-0.0016968925654893784
1770685200000,2026-02-10T01:00:00Z,0.18826,0.1888,0.1882,0.18857,126122.4,23778.769288,0.18837,0.1888,0.18824,0.18861,0.18858,0.18893,0.18845,0.18875,-0.00075543,0,-0.00074739,-0.00074739,-0.00018000000000001348,-0.0009536423841060317
1770685500000,2026-02-10T01:05:00Z,0.18857,0.18897,0.18816,0.18894,114989.1,21680.830792,0.18861,0.18896,0.18824,0.18894,0.18875,0.18903,0.18846,0.189,-0.00074739,-0.00012359,-0.00072406,-0.00072406,-6.0000000000004494e-05,-0.00031746031746034126
1770685800000,2026-02-10T01:10:00Z,0.18894,0.18902,0.18867,0.18888,118980,22472.92265,0.18894,0.18907,0.18873,0.18891,0.189,0.1892,0.18891,0.1891,-0.00072406,-0.0002543,-0.0004354,-0.0004354,-0.00021999999999999797,-0.001163405605499725
1770686100000,2026-02-10T01:15:00Z,0.18888,0.18897,0.18848,0.18876,111715.2,21087.166042,0.18891,0.18897,0.18849,0.18876,0.1891,0.1891,0.18872,0.18892,-0.0004354,-0.0006407,-0.00103318,-0.0006407,-0.00015999999999999348,-0.000846919330933694
1770686400000,2026-02-10T01:20:00Z,0.18876,0.18908,0.18868,0.18868,152236.3,28761.014484,0.18876,0.18907,0.18868,0.18869,0.18892,0.18919,0.1889,0.1889,-0.0006407,-0.00065741,-0.00085842,-0.00085842,-0.00022000000000002573,-0.0011646373742722378
1770686700000,2026-02-10T01:25:00Z,0.18868,0.18951,0.18868,0.18928,175533.2,33225.293061,0.18869,0.18951,0.18869,0.18933,0.1889,0.18963,0.1889,0.18951,-0.00085842,-0.00002395,-0.00089701,-0.00089701,-0.00023000000000000798,-0.0012136562714369055
1770687000000,2026-02-10T01:30:00Z,0.18928,0.18928,0.18864,0.1891,133902.1,25311.747446,0.18933,0.18933,0.18867,0.18916,0.18951,0.18951,0.18889,0.18932,-0.00089701,-0.00022491,-0.00057529,-0.00022491,-0.00021999999999999797,-0.0011620536657510987
1770687300000,2026-02-10T01:35:00Z,0.1891,0.18975,0.18877,0.18952,189960.7,35985.210613,0.18916,0.18972,0.18881,0.18959,0.18932,0.18981,0.18901,0.18974,-0.00022491,-0.00009629,-0.00043359,-0.00009629,-0.00021999999999999797,-0.0011594813955939601
1770687600000,2026-02-10T01:40:00Z,0.18952,0.18953,0.18931,0.1894,92056.8,17436.762637,0.18959,0.18959,0.18932,0.1894,0.18974,0.18977,0.18958,0.18961,-0.00009629,-0.00088983,-0.00097722,-0.00097722,-0.00020999999999998797,-0.0011075365223352565
1770687900000,2026-02-10T01:45:00Z,0.1894,0.18959,0.18915,0.18933,82824.7,15685.399674,0.1894,0.18959,0.18921,0.18933,0.18961,0.18981,0.18949,0.1896,-0.00097722,-0.00090586,-0.00124087,-0.00124087,-0.00026999999999999247,-0.0014240506329113527
1770688200000,2026-02-10T01:50:00Z,0.18933,0.18948,0.18897,0.18916,127412,24105.330105,0.18933,0.18948,0.18899,0.18924,0.1896,0.1896,0.18927,0.18943,-0.00124087,-0.00021586,-0.00089625,-0.00089625,-0.00026999999999999247,-0.0014253286174312014
1770688500000,2026-02-10T01:55:00Z,0.18916,0.18925,0.18901,0.18925,71310.7,13487.124534,0.18924,0.18925,0.18901,0.18925,0.18943,0.18943,0.18921,0.18934,-0.00089625,-0.00088214,-0.00098874,-0.00098874,-9.000000000000674e-05,-0.00047533537551498224
1770688800000,2026-02-10T02:00:00Z,0.18925,0.18928,0.18886,0.18888,57253.8,10827.304533,0.18925,0.18928,0.1889,0.18891,0.18934,0.18943,0.18909,0.18911,-0.00098874,-0.00057393,-0.00062935,-0.00062935,-0.00023000000000000798,-0.0012162233620644492
1770689100000,2026-02-10T02:05:00Z,0.18888,0.18925,0.18885,0.1889,218097.3,41239.289155,0.18891,0.18925,0.18891,0.18892,0.18911,0.18942,0.18909,0.18913,-0.00062935,-0.00058547,-0.0006589,-0.00058547,-0.00022999999999998022,-0.001216094749642998
1770689400000,2026-02-10T02:10:00Z,0.1889,0.18901,0.18883,0.18892,237937.5,44949.237463,0.18892,0.18901,0.18887,0.18892,0.18913,0.18918,0.18909,0.18915,-0.00058547,-0.0008818,-0.00101855,-0.00101855,-0.00023000000000000798,-0.0012159661644198148
1770689700000,2026-02-10T02:15:00Z,0.18892,0.18933,0.18874,0.18883,168699.3,31890.233893,0.18892,0.18933,0.18882,0.18884,0.18915,0.1895,0.18904,0.18909,-0.00101855,-0.00078732,-0.00134059,-0.00134059,-0.0002600000000000102,-0.0013750066106087589
1770690000000,2026-02-10T02:20:00Z,0.18883,0.189,0.18863,0.18865,116339.6,21970.152827,0.18884,0.189,0.18866,0.1887,0.18909,0.18921,0.18893,0.18897,-0.00134059,-0.0010605,-0.00119157,-0.0010605,-0.00031999999999998696,-0.001693390485262142
1770690300000,2026-02-10T02:25:00Z,0.18865,0.18874,0.18839,0.18839,42520.9,8018.165012,0.1887,0.18874,0.18839,0.18839,0.18897,0.18897,0.1886,0.18863,-0.0010605,-0.00126393,-0.00151292,-0.00126393,-0.00023999999999999022,-0.0012723320786724817
1770690600000,2026-02-10T02:30:00Z,0.18839,0.18868,0.18839,0.18848,83270.4,15698.327887,0.18839,0.18868,0.18839,0.18853,0.18863,0.18886,0.18858,0.18874,-0.00126393,-0.00032371,-0.00083137,-0.00032371,-0.00025999999999998247,-0.0013775564268304677
1770690900000,2026-02-10T02:35:00Z,0.18848,0.18848,0.18807,0.1881,91334.2,17194.536821,0.18853,0.18853,0.18815,0.18815,0.18874,0.18874,0.18839,0.18839,-0.00032371,-0.00063424,-0.00103484,-0.00103484,-0.00029000000000001247,-0.00153935983863269
1770691200000,2026-02-10T02:40:00Z,0.1881,0.18818,0.18784,0.18785,38785.8,7291.309269,0.18815,0.18818,0.18784,0.18785,0.18839,0.18842,0.18798,0.18798,-0.00103484,-0.00080898,-0.00122592,-0.00080898,-0.000130000000000019,-0.0006915629322269336
1770691500000,2026-02-10T02:45:00Z,0.18785,0.18837,0.18759,0.18811,173668.6,32647.044878,0.18785,0.18837,0.18763,0.18823,0.18798,0.18847,0.18781,0.1884,-0.00080898,-0.00097839,-0.00099543,-0.00099543,-0.00029000000000001247,-0.0015392781316348855
1770691800000,2026-02-10T02:50:00Z,0.18811,0.18828,0.1881,0.1881,75424.6,14193.3542,0.18823,0.18828,0.18813,0.18813,0.1884,0.1884,0.1883,0.1883,-0.00099543,-0.00064109,-0.00079658,-0.00079658,-0.00020000000000000573,-0.0010621348911312042
1770692100000,2026-02-10T02:55:00Z,0.1881,0.18817,0.18803,0.18814,51176,9627.143038,0.18813,0.18815,0.18804,0.18814,0.1883,0.1883,0.18821,0.18829,-0.00079658,-0.00034823,-0.00083212,-0.00034823,-0.00015000000000001124,-0.0007966434754899953
1770692400000,2026-02-10T03:00:00Z,0.18814,0.18827,0.1878,0.1878,115005.3,21621.465911,0.18814,0.18831,0.18782,0.18782,0.18829,0.18843,0.18801,0.18802,-0.00034823,-0.00060277,-0.00094479,-0.00094479,-0.00021999999999999797,-0.0011700882884799382
1770692700000,2026-02-10T03:05:00Z,0.1878,0.1878,0.18657,0.1869,425169.4,79463.85714,0.18782,0.18782,0.18657,0.1869,0.18802,0.18802,0.1868,0.18701,-0.00094479,-0.00030508,-0.00030927,-0.00030927,-0.00010999999999999899,-0.0005882038393668733
1770693000000,2026-02-10T03:10:00Z,0.1869,0.18729,0.1869,0.18706,93657,17518.654534,0.1869,0.18729,0.1869,0.18706,0.18701,0.1874,0.18701,0.18721,-0.00030927,-0.00062483,-0.00084394,-0.00062483,-0.00014999999999998348,-0.0008012392500399738
1770693300000,2026-02-10T03:15:00Z,0.18706,0.18726,0.18598,0.18601,499620.7,93180.198847,0.18706,0.18726,0.18603,0.18603,0.18721,0.1874,0.18627,0.18627,-0.00062483,-0.00073799,-0.00091403,-0.00091403,-0.00025999999999998247,-0.0013958232673000617
1770693600000,2026-02-10T03:20:00Z,0.18601,0.18645,0.18601,0.18621,113172.6,21075.081458,0.18603,0.18645,0.18603,0.18621,0.18627,0.18659,0.18624,0.18639,-0.00091403,-0.00055269,-0.00097716,-0.00097716,-0.00018000000000001348,-0.000965717044905915
1770693900000,2026-02-10T03:25:00Z,0.18621,0.18652,0.18538,0.18561,730929.1,135871.366132,0.18621,0.18652,0.18559,0.18561,0.18639,0.18665,0.18572,0.18582,-0.00097716,-0.00028908,-0.00042707,-0.00042707,-0.00021000000000001573,-0.0011301259283178113
1770694200000,2026-02-10T03:30:00Z,0.18561,0.18561,0.18421,0.18538,841227.3,155529.045514,0.18561,0.18561,0.18421,0.18545,0.18582,0.18582,0.18442,0.18556,-0.00042707,-0.00004161,-0.00008664,-0.00004161,-0.00018000000000001348,-0.000970036645828915
1770694500000,2026-02-10T03:35:00Z,0.18538,0.1857,0.18516,0.18531,208233.1,38605.45361,0.18545,0.18573,0.18525,0.18531,0.18556,0.18581,0.18535,0.18538,-0.00004161,0,-0.00045107,-0.00045107,-6.999999999998674e-05,-0.0003776027618944155
1770694800000,2026-02-10T03:40:00Z,0.18531,0.18535,0.18499,0.18508,126178.3,23363.182713,0.18531,0.18535,0.18499,0.18508,0.18538,0.18545,0.18518,0.18525,-0.00045107,-0.00081266,-0.00113319,-0.00113319,-0.00017000000000000348,-0.0009176788124156734
1770695100000,2026-02-10T03:45:00Z,0.18508,0.18533,0.1849,0.18528,146653.3,27148.266446,0.18508,0.18535,0.185,0.18533,0.18525,0.1855,0.18518,0.18549,-0.00113319,-0.00026461,-0.00104618,-0.00104618,-0.00020999999999998797,-0.0011321365033154778
1770695400000,2026-02-10T03:50:00Z,0.18528,0.1856,0.18526,0.18556,184420.7,34193.177757,0.18533,0.1856,0.18529,0.18556,0.18549,0.18568,0.18546,0.18568,-0.00104618,-0.00046552,-0.00062044,-0.00046552,-0.00012000000000000899,-0.0006462731581215477
1770695700000,2026-02-10T03:55:00Z,0.18556,0.18608,0.18554,0.18584,158232.2,29411.26775,0.18556,0.18608,0.18554,0.1859,0.18568,0.18621,0.18567,0.18608,-0.00046552,0,-0.00081536,-0.00081536,-0.00023999999999999022,-0.0012897678417884255
1770696000000,2026-02-10T04:00:00Z,0.18584,0.18615,0.18563,0.18608,98499.4,18320.60394,0.1859,0.18616,0.18573,0.18609,0.18608,0.18628,0.1859,0.18625,-0.00081536,-0.00060155,-0.0006149,-0.0006149,-0.00017000000000000348,-0.0009127516778523677
1770696300000,2026-02-10T04:05:00Z,0.18608,0.1865,0.18608,0.18639,156243,29117.965802,0.18609,0.18648,0.18609,0.18639,0.18625,0.18658,0.18625,0.18647,-0.0006149,-0.00007246,-0.00045199,-0.00045199,-7.999999999999674e-05,-0.0004290234354051415
1770696600000,2026-02-10T04:10:00Z,0.18639,0.18688,0.18623,0.18688,201619.4,37633.164366,0.18639,0.18688,0.18627,0.18688,0.18647,0.18699,0.18638,0.18696,-0.00045199,-0.00021162,-0.00023746,-0.00021162,-7.999999999999674e-05,-0.0004278990158322462
1770696900000,2026-02-10T04:15:00Z,0.18688,0.18709,0.18665,0.18677,171307.5,32015.665531,0.18688,0.18719,0.18668,0.18677,0.18696,0.1873,0.18687,0.18692,-0.00021162,-0.00064995,-0.00084733,-0.00084733,-0.00015000000000001124,-0.0008024823453884615
1770697200000,2026-02-10T04:20:00Z,0.18677,0.18708,0.18675,0.18677,113114.2,21139.323317,0.18677,0.18712,0.18676,0.18684,0.18692,0.18721,0.18692,0.18701,-0.00084733,-0.00072961,-0.0008357,-0.00072961,-0.00024000000000001798,-0.0012833538313460134
1770697500000,2026-02-10T04:25:00Z,0.18677,0.18707,0.18654,0.18702,206544.8,38576.345847,0.18684,0.18707,0.18658,0.18703,0.18701,0.1872,0.18675,0.18715,-0.00072961,-0.00003743,-0.0005442,-0.0005442,-0.000130000000000019,-0.0006946299759552177
1770697800000,2026-02-10T04:30:00Z,0.18702,0.18703,0.18669,0.18671,79713.7,14888.497663,0.18703,0.18704,0.18671,0.18671,0.18715,0.18716,0.18686,0.18686,-0.0005442,-0.00035129,-0.00046024,-0.00046024,-0.00015000000000001124,-0.0008027400192658206
1770698100000,2026-02-10T04:35:00Z,0.18671,0.1871,0.18664,0.18668,129801.4,24254.506432,0.18671,0.1871,0.18667,0.18668,0.18686,0.18718,0.18682,0.18684,-0.00046024,-0.00072822,-0.00074244,-0.00074244,-0.00015999999999999348,-0.0008563476771568908
1770698400000,2026-02-10T04:40:00Z,0.18668,0.18668,0.18628,0.18651,111226.7,20735.380398,0.18668,0.18668,0.1863,0.18653,0.18684,0.18684,0.18654,0.18675,-0.00074244,-0.00087952,-0.00117761,-0.00087952,-0.00023999999999999022,-0.0012851405622489435
1770698700000,2026-02-10T04:45:00Z,0.18651,0.18696,0.1864,0.18685,348055,64928.267008,0.18653,0.187,0.18653,0.18697,0.18675,0.18712,0.18673,0.1871,-0.00087952,-0.00020353,-0.00049521,-0.00049521,-0.0002500000000000002,-0.0013361838588989857
1770699000000,2026-02-10T04:50:00Z,0.18685,0.18726,0.18685,0.1872,92480.3,17302.208123,0.18697,0.18725,0.18696,0.18721,0.1871,0.1874,0.1871,0.18737,-0.00049521,-0.00035175,-0.00059883,-0.00035175,-0.00017000000000000348,-0.0009072957250360435
1770699300000,2026-02-10T04:55:00Z,0.1872,0.1874,0.18714,0.18717,295068.8,55259.042183,0.18721,0.1874,0.18714,0.1872,0.18737,0.1875,0.1873,0.18735,-0.00035175,-0.00042284,-0.00096061,-0.00096061,-0.00017999999999998573,-0.0009607686148918374
1770699600000,2026-02-10T05:00:00Z,0.18717,0.18725,0.18675,0.18677,175252.2,32784.952079,0.1872,0.18725,0.18676,0.18683,0.18735,0.18737,0.18698,0.18703,-0.00096061,-0.00068921,-0.00082174,-0.00068921,-0.0002600000000000102,-0.0013901513126236978
1770699900000,2026-02-10T05:05:00Z,0.18677,0.18682,0.18657,0.18663,110598.1,20644.793294,0.18683,0.18683,0.18659,0.18663,0.18703,0.18703,0.18677,0.18677,-0.00068921,-0.00054854,-0.00073699,-0.00054854,-0.00014000000000000123,-0.0007495850511324155
1770700200000,2026-02-10T05:10:00Z,0.18663,0.18695,0.18656,0.18693,257689.7,48129.343063,0.18663,0.18693,0.18656,0.18693,0.18677,0.18701,0.18673,0.18701,-0.00054854,-0.00042323,-0.00053155,-0.00042323,-7.999999999999674e-05,-0.0004277846104486217
1770700500000,2026-02-10T05:15:00Z,0.18693,0.18693,0.18619,0.1863,64537.5,12031.613813,0.18693,0.18693,0.18621,0.1863,0.18701,0.18701,0.18645,0.18645,-0.00042323,-0.00060337,-0.00069934,-0.00060337,-0.00015000000000001124,-0.0008045052292840506
1770700800000,2026-02-10T05:20:00Z,0.1863,0.18634,0.18607,0.18628,103892.2,19344.587127,0.1863,0.18634,0.18607,0.18628,0.18645,0.18654,0.18634,0.18645,-0.00060337,-0.00047921,-0.00088139,-0.00047921,-0.00017000000000000348,-0.0009117725931885411
1770701100000,2026-02-10T05:25:00Z,0.18628,0.18633,0.18587,0.18587,219197.9,40791.693924,0.18628,0.18633,0.18598,0.18598,0.18645,0.18647,0.18623,0.18623,-0.00047921,-0.0008755,-0.00109718,-0.0008755,-0.0003599999999999992,-0.0019330934865488868
1770701400000,2026-02-10T05:30:00Z,0.18587,0.1861,0.18535,0.186,332942.9,61799.974146,0.18598,0.1861,0.18538,0.18603,0.18623,0.18623,0.18562,0.1862,-0.0008755,-0.00066833,-0.00080142,-0.00066833,-0.00020000000000000573,-0.001074113856068774
1770701700000,2026-02-10T05:35:00Z,0.186,0.1864,0.18571,0.18589,328089.3,61064.27141,0.18603,0.1864,0.18581,0.18589,0.1862,0.18646,0.18598,0.186,-0.00066833,-0.00057075,-0.00078206,-0.00078206,-0.00010999999999999899,-0.0005913978494623602
1770702000000,2026-02-10T05:40:00Z,0.18589,0.18601,0.18506,0.18512,126208.6,23422.810191,0.18589,0.18601,0.18509,0.18512,0.186,0.18612,0.18537,0.18539,-0.00078206,-0.00108454,-0.00135329,-0.00135329,-0.00026999999999999247,-0.0014563892335076997
1770702300000,2026-02-10T05:45:00Z,0.18512,0.18514,0.18439,0.18463,279036.1,51559.033694,0.18512,0.18515,0.18444,0.18463,0.18539,0.18543,0.18465,0.18482,-0.00135329,-0.00048723,-0.00091158,-0.00091158,-0.00019000000000002348,-0.0010280272697761252
1770702600000,2026-02-10T05:50:00Z,0.18463,0.18464,0.18409,0.18464,397072.3,73216.043367,0.18463,0.18464,0.18413,0.18464,0.18482,0.18482,0.18432,0.1847,-0.00091158,-0.00043458,-0.00071071,-0.00071071,-6.0000000000004494e-05,-0.0003248511099079832
1770702900000,2026-02-10T05:55:00Z,0.18464,0.1847,0.18432,0.18465,148788.4,27457.742553,0.18464,0.18475,0.18432,0.18474,0.1847,0.18492,0.18454,0.18492,-0.00071071,-0.00049804,-0.00052417,-0.00052417,-0.00026999999999999247,-0.0014600908500972986
1770703200000,2026-02-10T06:00:00Z,0.18465,0.18479,0.18431,0.18466,236541.5,43666.936052,0.18474,0.18479,0.18444,0.1847,0.18492,0.18492,0.18463,0.18482,-0.00052417,0,-0.00037836,0,-0.00016000000000002124,-0.0008657071745483239
1770703500000,2026-02-10T06:05:00Z,0.18466,0.18485,0.18427,0.18437,505703.6,93314.827968,0.1847,0.18485,0.18432,0.18437,0.18482,0.18499,0.18447,0.18449,0,-0.00022154,-0.00032148,-0.00032148,-0.00011999999999998123,-0.0006504417583607851
1770703800000,2026-02-10T06:10:00Z,0.18437,0.18452,0.18421,0.18442,121156.3,22331.049476,0.18437,0.18452,0.18423,0.18442,0.18449,0.18464,0.18443,0.18456,-0.00032148,-0.00073252,-0.00078693,-0.00078693,-0.00014000000000000123,-0.0007585609016038211
1770704100000,2026-02-10T06:15:00Z,0.18442,0.18451,0.18411,0.18442,157496.8,29024.900797,0.18442,0.18451,0.18418,0.18442,0.18456,0.18468,0.18434,0.18463,-0.00078693,-0.00089336,-0.00094998,-0.00089336,-0.00020999999999998797,-0.0011374099550451606
1770704400000,2026-02-10T06:20:00Z,0.18442,0.18451,0.18351,0.18376,555001.9,102014.853127,0.18442,0.18451,0.18354,0.18376,0.18463,0.18467,0.18376,0.18396,-0.00089336,-0.00035166,-0.00139257,-0.00139257,-0.00020000000000000573,-0.001087192868014817
1770704700000,2026-02-10T06:25:00Z,0.18376,0.18399,0.18329,0.18378,382748.8,70295.527648,0.18376,0.18399,0.18333,0.18381,0.18396,0.18412,0.18357,0.18401,-0.00139257,-0.00074581,-0.00114995,-0.00114995,-0.00023000000000000798,-0.0012499320689093416
1770705000000,2026-02-10T06:30:00Z,0.18378,0.18418,0.18378,0.18395,366400.2,67406.787161,0.18381,0.18418,0.18381,0.18395,0.18401,0.18429,0.18401,0.18416,-0.00114995,-0.00066281,-0.00115141,-0.00066281,-0.00020999999999998797,-0.0011403127715029755
1770705300000,2026-02-10T06:35:00Z,0.18395,0.18421,0.18375,0.18375,126121,23211.172978,0.18395,0.1842,0.18379,0.18379,0.18416,0.18436,0.18402,0.18402,-0.00066281,-0.00067398,-0.0012602,-0.00067398,-0.00026999999999999247,-0.0014672318226279344
1770705600000,2026-02-10T06:40:00Z,0.18375,0.1838,0.1829,0.1831,908070.5,166389.584665,0.18379,0.1838,0.18291,0.1831,0.18402,0.18402,0.18313,0.18329,-0.00067398,-0.00110013,-0.00162388,-0.00162388,-0.00018999999999999573,-0.0010366086529543113
1770705900000,2026-02-10T06:45:00Z,0.1831,0.18315,0.18096,0.18157,2381607.8,433189.481679,0.1831,0.18315,0.18124,0.18159,0.18329,0.18329,0.1815,0.18183,-0.00162388,0,-0.00068122,0,-0.00025999999999998247,-0.001429907056041261
1770706200000,2026-02-10T06:50:00Z,0.18157,0.1817,0.18097,0.18124,488775.9,88631.854357,0.18159,0.1817,0.18101,0.18128,0.18183,0.18192,0.1813,0.18157,0,-0.00108927,-0.00125806,-0.00108927,-0.00032999999999999696,-0.001817480861375761
1770706500000,2026-02-10T06:55:00Z,0.18124,0.18185,0.18117,0.18166,612661.8,111304.109398,0.18128,0.18179,0.1812,0.18166,0.18157,0.18201,0.18146,0.1819,-0.00108927,-0.0010001,-0.00112908,-0.0010001,-0.00024000000000001798,-0.0013194062671798678
1770706800000,2026-02-10T07:00:00Z,0.18166,0.18324,0.18166,0.18301,199144.5,36353.586714,0.18166,0.18324,0.18166,0.18308,0.1819,0.18338,0.1819,0.18326,-0.0010001,-0.00033125,-0.00087632,-0.00087632,-0.0002500000000000002,-0.0013641820364509452
1770707100000,2026-02-10T07:05:00Z,0.18301,0.18336,0.18301,0.18328,200870.5,36795.590691,0.18308,0.18336,0.18307,0.18328,0.18326,0.18351,0.18326,0.18346,-0.00087632,-0.00056648,-0.00097878,-0.00097878,-0.00018000000000001348,-0.0009811403030634115
1770707400000,2026-02-10T07:10:00Z,0.18328,0.1835,0.18263,0.18276,305502.5,55927.626403,0.18328,0.18348,0.18266,0.18276,0.18346,0.18371,0.18291,0.18292,-0.00097878,-0.00062163,-0.00145428,-0.00145428,-0.00015999999999999348,-0.0008746993221079897
1770707700000,2026-02-10T07:15:00Z,0.18276,0.18276,0.18211,0.18246,190458.7,34738.644473,0.18276,0.18276,0.18215,0.18248,0.18292,0.18294,0.1824,0.18274,-0.00145428,-0.00089318,-0.00101389,-0.00101389,-0.00028000000000000247,-0.0015322315858597047
1770708000000,2026-02-10T07:20:00Z,0.18246,0.18284,0.18244,0.18262,205111.5,37461.922819,0.18248,0.18284,0.18245,0.18267,0.18274,0.18301,0.18266,0.1829,-0.00101389,-0.0009625,-0.0010282,-0.0010282,-0.00028000000000000247,-0.0015308911973756286
1770708300000,2026-02-10T07:25:00Z,0.18262,0.18301,0.18255,0.18298,111588.8,20398.754574,0.18267,0.18301,0.18257,0.183,0.1829,0.18315,0.18281,0.18315,-0.0010282,-0.00041837,-0.00080083,-0.00080083,-0.00017000000000000348,-0.0009282009282009472
1770708600000,2026-02-10T07:30:00Z,0.18298,0.18316,0.18278,0.18284,182614,33423.378964,0.183,0.18316,0.18281,0.18284,0.18315,0.1833,0.18301,0.18303,-0.00080083,-0.0004469,-0.00084342,-0.0004469,-0.00018999999999999573,-0.0010380811888761172
1770708900000,2026-02-10T07:35:00Z,0.18284,0.18297,0.18249,0.18273,127872.6,23366.245972,0.18284,0.18297,0.18253,0.18273,0.18303,0.18312,0.18275,0.18292,-0.0004469,-0.00064449,-0.00075015,-0.00064449,-0.00018999999999999573,-0.0010387054450032567
1770709200000,2026-02-10T07:40:00Z,0.18273,0.18278,0.18257,0.18262,78893.3,14410.540188,0.18273,0.18278,0.18261,0.18266,0.18292,0.18293,0.18283,0.18291,-0.00064449,-0.00058526,-0.00109676,-0.00109676,-0.0002899999999999847,-0.0015854791974194125
1770709500000,2026-02-10T07:45:00Z,0.18262,0.18285,0.18243,0.18258,233793.1,42701.922302,0.18266,0.18285,0.18249,0.1826,0.18291,0.183,0.18272,0.18285,-0.00109676,-0.00101601,-0.00109046,-0.00109046,-0.0002700000000000202,-0.0014766201804759104
1770709800000,2026-02-10T07:50:00Z,0.18258,0.18279,0.18256,0.1827,181196,33097.544865,0.1826,0.18279,0.18258,0.18273,0.18285,0.18295,0.18281,0.18295,-0.00109046,-0.00070726,-0.00101842,-0.00101842,-0.0002500000000000002,-0.001366493577480187
1770710100000,2026-02-10T07:55:00Z,0.1827,0.18304,0.18269,0.18272,172789.3,31595.794097,0.18273,0.18304,0.18272,0.18272,0.18295,0.18313,0.18292,0.18292,-0.00101842,-0.00078601,-0.00078708,-0.00078708,-0.00020000000000000573,-0.001093374152635063
1770710400000,2026-02-10T08:00:00Z,0.18272,0.18291,0.18254,0.18276,209030.4,38203.50784,0.18272,0.18291,0.18255,0.18276,0.18292,0.18306,0.18275,0.18287,-0.00078708,-0.00051135,-0.00092557,-0.00051135,-0.00010999999999999899,-0.0006015202056105374
1770710700000,2026-02-10T08:05:00Z,0.18276,0.18307,0.18267,0.18295,510570.2,93368.321974,0.18276,0.18307,0.18274,0.18297,0.18287,0.18321,0.18287,0.18316,-0.00051135,-0.00036265,-0.00102522,-0.00102522,-0.00020999999999998797,-0.0011465385455338938
1770711000000,2026-02-10T08:10:00Z,0.18295,0.18295,0.18249,0.18266,128073.4,23407.084146,0.18297,0.18297,0.18252,0.18266,0.18316,0.18316,0.18276,0.18283,-0.00102522,-0.00113586,-0.0011406,-0.00113586,-0.00017000000000000348,-0.0009298255209757889
1770711300000,2026-02-10T08:15:00Z,0.18266,0.18305,0.1823,0.18286,204139.9,37272.496904,0.18266,0.18305,0.1824,0.18286,0.18283,0.1832,0.18263,0.18303,-0.00113586,-0.00080441,-0.0010518,-0.0010518,-0.00017000000000000348,-0.0009288094847839342
1770711600000,2026-02-10T08:20:00Z,0.18286,0.18368,0.18266,0.18355,318348.3,58290.270081,0.18286,0.18368,0.18267,0.18355,0.18303,0.18376,0.1829,0.18365,-0.0010518,-0.00039214,-0.00073611,-0.00039214,-0.00010000000000001674,-0.000544514021236138
1770711900000,2026-02-10T08:25:00Z,0.18355,0.18371,0.18347,0.18353,272087,49955.93014,0.18355,0.18371,0.18352,0.18354,0.18365,0.18381,0.1836,0.1836,-0.00039214,0,-0.00024458,0,-7.00000000000145e-05,-0.0003812636165578131
1770712200000,2026-02-10T08:30:00Z,0.18353,0.18362,0.18335,0.18336,132484.8,24307.661836,0.18354,0.18362,0.18335,0.18336,0.1836,0.18371,0.18342,0.18346,0,-0.00007273,-0.00025371,-0.00007273,-0.00010000000000001674,-0.0005450779461463901
1770712500000,2026-02-10T08:35:00Z,0.18336,0.18345,0.18289,0.18339,125322.4,22958.998553,0.18336,0.18342,0.18296,0.18339,0.18346,0.18352,0.18309,0.18349,-0.00007273,-0.0002947,-0.00043343,-0.00043343,-9.999999999998899e-05,-0.0005449888277289716
1770712800000,2026-02-10T08:40:00Z,0.18339,0.18389,0.18328,0.18351,212196,38954.32466,0.18339,0.18389,0.18336,0.18352,0.18349,0.18395,0.18344,0.18366,-0.00043343,-0.00021482,-0.00066019,-0.00066019,-0.00014999999999998348,-0.0008167265599476396
1770713100000,2026-02-10T08:45:00Z,0.18351,0.1836,0.18343,0.18356,51047.7,9368.176302,0.18352,0.18365,0.18349,0.1836,0.18366,0.18382,0.1836,0.18382,-0.00066019,-0.00086043,-0.00093628,-0.00086043,-0.0002600000000000102,-0.00141442715700147
1770713400000,2026-02-10T08:50:00Z,0.18356,0.18369,0.18327,0.18369,276065.6,50648.820179,0.1836,0.18369,0.18331,0.18369,0.18382,0.18384,0.18351,0.18383,-0.00086043,-0.00081422,-0.00083669,-0.00083669,-0.00014000000000000123,-0.0007615731926236263
1770713700000,2026-02-10T08:55:00Z,0.18369,0.18369,0.1834,0.1834,68959.5,12655.037973,0.18369,0.18369,0.18345,0.18346,0.18383,0.18384,0.18367,0.18367,-0.00083669,-0.00090862,-0.00103004,-0.00090862,-0.00026999999999999247,-0.0014700277671911171
1770714000000,2026-02-10T09:00:00Z,0.1834,0.1845,0.18327,0.18448,491858.4,90539.374565,0.18346,0.18448,0.1833,0.18448,0.18367,0.18457,0.18354,0.18457,-0.00090862,0,-0.00016553,-0.00016553,-9.000000000000674e-05,-0.00048761987321886945
1770714300000,2026-02-10T09:05:00Z,0.18448,0.18448,0.18395,0.18411,139175,25629.980587,0.18448,0.18448,0.18398,0.18411,0.18457,0.18457,0.18409,0.18422,-0.00016553,-0.00065738,-0.00071754,-0.00071754,-0.00010999999999999899,-0.0005971121485180707
1770714600000,2026-02-10T09:10:00Z,0.18411,0.18417,0.18381,0.18399,111327.1,20476.642487,0.18411,0.18416,0.18382,0.18399,0.18422,0.18431,0.18401,0.18411,-0.00071754,-0.00044421,-0.00062191,-0.00044421,-0.00012000000000000899,-0.0006517842594101841
1770714900000,2026-02-10T09:15:00Z,0.18399,0.18414,0.18379,0.18404,160013.8,29439.593014,0.18399,0.18411,0.18381,0.18404,0.18411,0.18423,0.184,0.18419,-0.00044421,-0.00059921,-0.00064253,-0.00059921,-0.00014999999999998348,-0.0008143764590910662
1770715200000,2026-02-10T09:20:00Z,0.18404,0.18405,0.18363,0.18397,234085.3,43039.97427,0.18404,0.18404,0.18371,0.18399,0.18419,0.1842,0.1839,0.18417,-0.00059921,-0.00031289,-0.0007257,-0.00031289,-0.00020000000000000573,-0.0010859531954173086
1770715500000,2026-02-10T09:25:00Z,0.18397,0.18412,0.18391,0.18395,139607.8,25691.736246,0.18399,0.18412,0.18395,0.18395,0.18417,0.18427,0.1841,0.1841,-0.00031289,-0.00013294,-0.00024152,-0.00024152,-0.00015000000000001124,-0.0008147745790331952
1770715800000,2026-02-10T09:30:00Z,0.18395,0.18402,0.18373,0.1839,69747.8,12824.895323,0.18395,0.18402,0.18373,0.18395,0.1841,0.18412,0.18391,0.18411,-0.00024152,-0.00018784,-0.00036961,-0.00018784,-0.00020999999999998797,-0.0011406224539676714
1770716100000,2026-02-10T09:35:00Z,0.1839,0.1839,0.18357,0.18369,105748.1,19424.074141,0.18395,0.18395,0.1836,0.18372,0.18411,0.18411,0.18383,0.18392,-0.00018784,-0.00055942,-0.00074748,-0.00055942,-0.00023000000000000798,-0.0012505437146585906
1770716400000,2026-02-10T09:40:00Z,0.18369,0.18397,0.18369,0.18396,75977.5,13966.660321,0.18372,0.18396,0.18369,0.18396,0.18392,0.1841,0.18389,0.1841,-0.00055942,-0.00007965,-0.00085919,-0.00085919,-0.00014000000000000123,-0.0007604562737642652
1770716700000,2026-02-10T09:45:00Z,0.18396,0.18435,0.18382,0.18387,218914.1,40285.120863,0.18396,0.1843,0.18388,0.18388,0.1841,0.1844,0.18409,0.18409,-0.00085919,-0.00067354,-0.00077273,-0.00077273,-0.00021999999999999797,-0.0011950676299635938
1770717000000,2026-02-10T09:50:00Z,0.18387,0.1839,0.18325,0.18385,595196.4,109241.659109,0.18388,0.1839,0.18331,0.18385,0.18409,0.18409,0.18352,0.184,-0.00077273,0,-0.00093277,-0.00093277,-0.00014999999999998348,-0.000815217391304258
1770717300000,2026-02-10T09:55:00Z,0.18385,0.1839,0.18368,0.18374,90174.7,16571.070314,0.18385,0.1839,0.1837,0.18374,0.184,0.18401,0.18392,0.18394,-0.00093277,-0.00077115,-0.00086796,-0.00077115,-0.00020000000000000573,-0.0010873110796999334
1770717600000,2026-02-10T10:00:00Z,0.18374,0.18406,0.18368,0.18381,142323.3,26166.491424,0.18374,0.18404,0.18371,0.18381,0.18394,0.18418,0.1839,0.18397,-0.00077115,-0.00041668,-0.00041926,-0.00041668,-0.00015999999999999348,-0.0008697070174484617
1770717900000,2026-02-10T10:05:00Z,0.18381,0.18401,0.18368,0.18396,149713.5,27518.620327,0.18381,0.18401,0.18371,0.18399,0.18397,0.18412,0.18386,0.18412,-0.00041668,-0.00011858,-0.00055073,-0.00011858,-0.00015999999999999348,-0.0008689984792526259
1770718200000,2026-02-10T10:10:00Z,0.18396,0.18396,0.1833,0.18354,130035.2,23863.800151,0.18399,0.18399,0.18334,0.18354,0.18412,0.18412,0.18346,0.18362,-0.00011858,-0.00017531,-0.00026295,-0.00026295,-7.999999999999674e-05,-0.00043568238753946597
1770718500000,2026-02-10T10:15:00Z,0.18354,0.18363,0.18309,0.1835,170340.4,31226.951403,0.18354,0.18357,0.18313,0.1835,0.18362,0.18371,0.18329,0.18366,-0.00026295,-0.00035537,-0.00039323,-0.00035537,-0.00015999999999999348,-0.0008711749972775427
1770718800000,2026-02-10T10:20:00Z,0.1835,0.1835,0.18331,0.18344,53282.5,9770.897989,0.1835,0.1835,0.18331,0.18344,0.18366,0.18366,0.18348,0.18356,-0.00035537,-0.00055937,-0.00061006,-0.00061006,-0.00012000000000000899,-0.0006537371976465951
1770719100000,2026-02-10T10:25:00Z,0.18344,0.184,0.18327,0.18335,187091.1,34342.05049,0.18344,0.18397,0.18334,0.18337,0.18356,0.18405,0.18345,0.18352,-0.00061006,-0.00016151,-0.0006444,-0.0006444,-0.00016999999999997573,-0.0009263295553616812
1770719400000,2026-02-10T10:30:00Z,0.18335,0.18335,0.18285,0.18291,52298,9574.720742,0.18337,0.18337,0.18286,0.18291,0.18352,0.18352,0.183,0.18301,-0.0006444,-0.00040388,-0.00040833,-0.00040833,-0.00010000000000001674,-0.0005464182285121946
1770719700000,2026-02-10T10:35:00Z,0.18291,0.18291,0.18271,0.18281,59968.8,10962.40789,0.18291,0.18291,0.18273,0.18282,0.18301,0.18302,0.18286,0.18295,-0.00040833,-0.00031931,-0.00052475,-0.00031931,-0.00014000000000000123,-0.0007652364033889108
1770720000000,2026-02-10T10:40:00Z,0.18281,0.18292,0.18272,0.18272,39073,7142.3586,0.18282,0.18292,0.18272,0.18272,0.18295,0.18301,0.18282,0.18282,-0.00031931,-0.00031831,-0.00035401,-0.00035401,-0.00010000000000001674,-0.0005469861065529851
1770720300000,2026-02-10T10:45:00Z,0.18272,0.18285,0.18251,0.18276,138319.9,25266.775156,0.18272,0.18285,0.18258,0.18277,0.18282,0.18294,0.1827,0.1829,-0.00035401,-0.0006043,-0.00074522,-0.0006043,-0.00014000000000000123,-0.0007654455986878143
1770720600000,2026-02-10T10:50:00Z,0.18276,0.18291,0.18255,0.18264,131608.7,24044.485615,0.18277,0.18293,0.18255,0.18264,0.1829,0.18305,0.18266,0.18279,-0.0006043,-0.00057439,-0.00063376,-0.00057439,-0.00015000000000001124,-0.0008206138191367756
1770720900000,2026-02-10T10:55:00Z,0.18264,0.18275,0.18262,0.18267,64716.7,11821.382267,0.18264,0.18275,0.18262,0.18267,0.18279,0.18287,0.18277,0.18277,-0.00057439,-0.00025028,-0.00058453,-0.00025028,-9.999999999998899e-05,-0.00054713574437812
1770721200000,2026-02-10T11:00:00Z,0.18267,0.1829,0.18254,0.18265,241215.9,44053.795616,0.18267,0.1829,0.1826,0.1827,0.18277,0.18293,0.18273,0.18283,-0.00025028,-0.00028116,-0.00029779,-0.00028116,-0.00017999999999998573,-0.0009845211398566195
1770721500000,2026-02-10T11:05:00Z,0.18265,0.18289,0.18258,0.18268,114991.2,21010.533905,0.1827,0.18289,0.18259,0.1827,0.18283,0.18297,0.18272,0.18282,-0.00028116,-0.00016499,-0.00020213,-0.00016499,-0.00014000000000000123,-0.0007657805491740577
1770721800000,2026-02-10T11:10:00Z,0.18268,0.1828,0.18255,0.18265,114003.4,20828.431699,0.1827,0.1828,0.18263,0.18271,0.18282,0.18287,0.18276,0.18283,-0.00016499,-0.0002466,-0.00025324,-0.0002466,-0.00017999999999998573,-0.0009845211398566195
1770722100000,2026-02-10T11:15:00Z,0.18265,0.18275,0.18253,0.18265,51085.3,9330.167727,0.18271,0.18274,0.18256,0.18269,0.18283,0.18284,0.18267,0.18283,-0.0002466,-0.00002412,-0.00030011,-0.00030011,-0.00017999999999998573,-0.0009845211398566195
1770722400000,2026-02-10T11:20:00Z,0.18265,0.18272,0.18238,0.18267,199604.2,36444.780031,0.18269,0.18273,0.18249,0.18267,0.18283,0.18286,0.18263,0.18282,-0.00030011,-0.0005698,-0.0010291,-0.0010291,-0.00015000000000001124,-0.0008204791598294017
1770722700000,2026-02-10T11:25:00Z,0.18267,0.18267,0.18228,0.1825,96375.8,17585.740498,0.18267,0.18267,0.18233,0.18252,0.18282,0.18282,0.18253,0.18271,-0.0010291,-0.0006604,-0.00076385,-0.0006604,-0.00021000000000001573,-0.0011493623775382612
1770723000000,2026-02-10T11:30:00Z,0.1825,0.18305,0.18235,0.18275,230395,42100.162747,0.18252,0.18303,0.18242,0.18275,0.18271,0.18316,0.18262,0.18289,-0.0006604,-0.00046271,-0.0005149,-0.0005149,-0.00014000000000000123,-0.0007654874514735701
1770723300000,2026-02-10T11:35:00Z,0.18275,0.18275,0.18211,0.18215,137101,24999.66288,0.18275,0.18275,0.18215,0.18215,0.18289,0.1829,0.18242,0.18242,-0.0005149,-0.00091403,-0.00093173,-0.00091403,-0.00026999999999999247,-0.001480100866133058
1770723600000,2026-02-10T11:40:00Z,0.18215,0.18215,0.18141,0.1821,444820.6,80883.796405,0.18215,0.18215,0.18163,0.1821,0.18242,0.18243,0.18173,0.18217,-0.00091403,-0.00020827,-0.00048079,-0.00020827,-6.999999999998674e-05,-0.00038425646374258516
1770723900000,2026-02-10T11:45:00Z,0.1821,0.18245,0.18187,0.18235,144438.5,26316.59788,0.1821,0.18245,0.18194,0.18235,0.18217,0.18255,0.1821,0.18247,-0.00020827,0,-0.00004718,0,-0.00011999999999998123,-0.0006576423521673768
1770724200000,2026-02-10T11:50:00Z,0.18235,0.18245,0.18141,0.18145,360791.4,65586.897168,0.18235,0.18243,0.18146,0.18147,0.18247,0.1825,0.1816,0.18164,0,-0.00018039,-0.00056205,-0.00018039,-0.00018999999999999573,-0.001046025104602487
1770724500000,2026-02-10T11:55:00Z,0.18145,0.18173,0.1814,0.18163,134382.2,24405.45933,0.18147,0.18173,0.18143,0.18167,0.18164,0.18186,0.1816,0.18184,-0.00018039,-0.00045533,-0.00070978,-0.00045533,-0.00020999999999998797,-0.0011548614166299383
1770724800000,2026-02-10T12:00:00Z,0.18163,0.18248,0.18163,0.1822,219925.6,40061.91433,0.18167,0.18247,0.18166,0.18223,0.18184,0.18249,0.18181,0.18237,-0.00045533,-0.00014064,-0.00059379,-0.00014064,-0.00017000000000000348,-0.0009321708614355622
1770725100000,2026-02-10T12:05:00Z,0.1822,0.18254,0.18169,0.18187,371621.2,67697.697442,0.18223,0.18253,0.18177,0.1819,0.18237,0.18255,0.1819,0.18204,-0.00014064,-0.00015549,-0.00066293,-0.00015549,-0.00017000000000000348,-0.00093386068995827
1770725400000,2026-02-10T12:10:00Z,0.18187,0.18194,0.18171,0.18175,124178.2,22582.425285,0.1819,0.18194,0.18174,0.18176,0.18204,0.18207,0.18191,0.18193,-0.00015549,-0.0005654,-0.00059521,-0.0005654,-0.00018000000000001348,-0.0009893915242126833
1770725700000,2026-02-10T12:15:00Z,0.18175,0.18178,0.18137,0.18144,111579.2,20261.525005,0.18176,0.18178,0.18146,0.18146,0.18193,0.18193,0.18168,0.18168,-0.0005654,-0.0005045,-0.00079352,-0.0005045,-0.00024000000000001798,-0.001321003963011988
1770726000000,2026-02-10T12:20:00Z,0.18144,0.18182,0.18138,0.18161,111122.2,20182.009572,0.18146,0.18182,0.18141,0.18161,0.18168,0.18193,0.1816,0.18177,-0.0005045,-0.00059597,-0.00125555,-0.00059597,-0.00015999999999999348,-0.000880233261814345
1770726300000,2026-02-10T12:25:00Z,0.18161,0.18167,0.18142,0.18142,38750.8,7035.557736,0.18161,0.18168,0.18144,0.18144,0.18177,0.18186,0.18162,0.18166,-0.00059597,-0.00067097,-0.00079568,-0.00079568,-0.00023999999999999022,-0.001321149399977927
1770726600000,2026-02-10T12:30:00Z,0.18142,0.18151,0.18107,0.18113,146752.8,26615.269028,0.18144,0.18151,0.18114,0.18114,0.18166,0.18166,0.18138,0.18138,-0.00079568,-0.00040862,-0.00066448,-0.00066448,-0.0002500000000000002,-0.0013783217554305888
1770726900000,2026-02-10T12:35:00Z,0.18113,0.18113,0.18077,0.18086,309213.7,55936.76729,0.18114,0.18114,0.18079,0.18091,0.18138,0.18138,0.18097,0.18107,-0.00066448,-0.00008016,-0.00067273,-0.00067273,-0.00021000000000001573,-0.0011597724636881633
1770727200000,2026-02-10T12:40:00Z,0.18086,0.18094,0.18041,0.18059,451893.6,81598.580626,0.18091,0.18094,0.1805,0.18061,0.18107,0.18107,0.18072,0.18084,-0.00067273,-0.00087899,-0.00132996,-0.00087899,-0.0002500000000000002,-0.0013824375138243763
1770727500000,2026-02-10T12:45:00Z,0.18059,0.18083,0.18043,0.18072,158039.7,28551.821561,0.18061,0.18081,0.18055,0.18073,0.18084,0.181,0.18075,0.18094,-0.00087899,-0.00059615,-0.00089909,-0.00089909,-0.00021999999999999797,-0.0012158726649718027
1770727800000,2026-02-10T12:50:00Z,0.18072,0.18087,0.18059,0.18072,43189.8,7805.125566,0.18073,0.18087,0.18059,0.18072,0.18094,0.18101,0.18083,0.18092,-0.00089909,-0.00080127,-0.00094517,-0.00094517,-0.00020000000000000573,-0.0011054609772275356
1770728100000,2026-02-10T12:55:00Z,0.18072,0.18079,0.18065,0.18071,102760.2,18567.511417,0.18072,0.18081,0.18067,0.18071,0.18092,0.181,0.18089,0.18089,-0.00094517,-0.00086751,-0.00089647,-0.00089647,-0.00017999999999998573,-0.0009950798828016237
1770728400000,2026-02-10T13:00:00Z,0.18071,0.1809,0.18034,0.18061,306569.9,55367.581051,0.18071,0.1809,0.1804,0.1807,0.18089,0.18106,0.18063,0.1809,-0.00089647,-0.00024881,-0.00056811,-0.00024881,-0.00029000000000001247,-0.0016030956329464482
1770728700000,2026-02-10T13:05:00Z,0.18061,0.18112,0.18022,0.18082,655273.5,118371.816747,0.1807,0.18112,0.18034,0.18088,0.1809,0.18121,0.18045,0.18109,-0.00024881,-0.00058208,-0.00100198,-0.00058208,-0.00026999999999999247,-0.0014909713402175297
1770729000000,2026-02-10T13:10:00Z,0.18082,0.18087,0.18046,0.18079,272248.6,49194.533906,0.18088,0.18088,0.1805,0.18086,0.18109,0.18109,0.1807,0.18104,-0.00058208,-0.00042278,-0.00082052,-0.00082052,-0.0002500000000000002,-0.0013809102960671686
1770729300000,2026-02-10T13:15:00Z,0.18079,0.18102,0.18048,0.18082,508280.2,91896.22236,0.18086,0.18102,0.18053,0.18087,0.18104,0.18116,0.18075,0.18109,-0.00082052,-0.00049533,-0.00055573,-0.00049533,-0.00026999999999999247,-0.0014909713402175297
1770729600000,2026-02-10T13:20:00Z,0.18082,0.18101,0.18062,0.18101,495191.5,89519.567927,0.18087,0.18101,0.18065,0.18101,0.18109,0.18118,0.18089,0.18118,-0.00049533,-0.00042497,-0.00115679,-0.00115679,-0.00017000000000000348,-0.0009382934098686581
1770729900000,2026-02-10T13:25:00Z,0.18101,0.18116,0.18087,0.18105,250432.1,45330.094691,0.18101,0.18116,0.18091,0.18108,0.18118,0.18129,0.18114,0.18125,-0.00115679,-0.00052389,-0.00068946,-0.00068946,-0.00020000000000000573,-0.0011034482758621007
1770730200000,2026-02-10T13:30:00Z,0.18105,0.18218,0.1808,0.18207,2024068.9,368015.212195,0.18108,0.18218,0.1809,0.18213,0.18125,0.18227,0.1811,0.18225,-0.00068946,0,-0.00034185,-0.00034185,-0.00017999999999998573,-0.000987654320987576
1770730500000,2026-02-10T13:35:00Z,0.18207,0.18214,0.18182,0.18191,121483.7,22107.788015,0.18213,0.18215,0.18183,0.18194,0.18225,0.18227,0.18199,0.18209,-0.00034185,-0.00029512,-0.00035316,-0.00029512,-0.00018000000000001348,-0.0009885221593718132
1770730800000,2026-02-10T13:40:00Z,0.18191,0.18219,0.1817,0.18217,178918.6,32544.768535,0.18194,0.18219,0.18175,0.18217,0.18209,0.18229,0.18192,0.18229,-0.00029512,-0.00044664,-0.00074335,-0.00044664,-0.00012000000000000899,-0.0006582917329530362
1770731100000,2026-02-10T13:45:00Z,0.18217,0.18231,0.1818,0.18187,164813.9,30018.284696,0.18217,0.18234,0.18188,0.18188,0.18229,0.18251,0.18213,0.18213,-0.00044664,-0.00072678,-0.00118719,-0.00118719,-0.00025999999999998247,-0.0014275517487507962
1770731400000,2026-02-10T13:50:00Z,0.18187,0.18229,0.18166,0.18222,230274.4,41902.065554,0.18188,0.18229,0.18166,0.18224,0.18213,0.18235,0.18186,0.18235,-0.00118719,-0.0002307,-0.00061944,-0.00061944,-0.000130000000000019,-0.0007129147244311433
1770731700000,2026-02-10T13:55:00Z,0.18222,0.18229,0.18204,0.18218,115356.8,21012.675071,0.18224,0.18228,0.18209,0.18219,0.18235,0.18238,0.18225,0.18235,-0.00061944,-0.00023411,-0.0005497,-0.00023411,-0.00017000000000000348,-0.0009322731011790703
1770732000000,2026-02-10T14:00:00Z,0.18218,0.18252,0.18199,0.18202,575473.5,104989.867825,0.18219,0.18252,0.18204,0.18204,0.18235,0.18262,0.18219,0.18219,-0.00023411,-0.00017236,-0.00025174,-0.00017236,-0.00017000000000000348,-0.0009330918272133678
1770732300000,2026-02-10T14:05:00Z,0.18202,0.18221,0.18199,0.18221,290744.7,52948.709875,0.18204,0.18221,0.18204,0.18221,0.18219,0.18235,0.18215,0.18229,-0.00017236,-0.00045776,-0.00061732,-0.00061732,-7.999999999999674e-05,-0.00043886115530197346
1770732600000,2026-02-10T14:10:00Z,0.18221,0.18273,0.1821,0.1826,489082.8,89165.910637,0.18221,0.18273,0.18216,0.18265,0.18229,0.18286,0.18229,0.18283,-0.00061732,-0.00080237,-0.0011841,-0.0011841,-0.00022999999999998022,-0.0012579992342612275
1770732900000,2026-02-10T14:15:00Z,0.1826,0.1843,0.18257,0.18414,1314184.1,241226.298251,0.18265,0.1843,0.18263,0.18414,0.18283,0.18442,0.18277,0.18427,-0.0011841,-0.00030547,-0.00116881,-0.00030547,-0.00012999999999999123,-0.0007054865143538896
1770733200000,2026-02-10T14:20:00Z,0.18414,0.18415,0.18357,0.18386,1032964.8,189906.06676,0.18414,0.18415,0.1836,0.18386,0.18427,0.18432,0.18373,0.18401,-0.00030547,-0.00022327,-0.00063605,-0.00022327,-0.00015000000000001124,-0.0008151730884191687
1770733500000,2026-02-10T14:25:00Z,0.18386,0.18386,0.18347,0.18366,227587.6,41799.906576,0.18386,0.18386,0.18352,0.18371,0.18401,0.18401,0.18372,0.1839,-0.00022327,-0.00054346,-0.00062211,-0.00062211,-0.00024000000000001798,-0.0013050570962480584
1770733800000,2026-02-10T14:30:00Z,0.18366,0.18469,0.18358,0.18417,585935.2,107908.327196,0.18371,0.18468,0.18364,0.18418,0.1839,0.18469,0.18382,0.18429,-0.00062211,-0.00026019,-0.00033232,-0.00026019,-0.00012000000000000899,-0.0006511476477291713
1770734100000,2026-02-10T14:35:00Z,0.18417,0.18451,0.18237,0.18292,1013104.9,185490.56108,0.18418,0.1845,0.18244,0.18292,0.18429,0.18451,0.18258,0.18298,-0.00026019,0,-0.00071849,0,-6.0000000000004494e-05,-0.0003279046890370778
1770734400000,2026-02-10T14:40:00Z,0.18292,0.18303,0.18133,0.18294,1434278.1,261140.080203,0.18292,0.18302,0.18156,0.18302,0.18298,0.18312,0.18172,0.1831,0,0,-0.00008669,-0.00008669,-0.00016000000000002124,-0.0008738394320044851
1770734700000,2026-02-10T14:45:00Z,0.18294,0.1832,0.18154,0.18181,404026.3,73673.948831,0.18302,0.18323,0.18159,0.18181,0.1831,0.1833,0.18176,0.18187,-0.00008669,-0.0003179,-0.0005391,-0.0005391,-6.0000000000004494e-05,-0.0003299059767966377
1770735000000,2026-02-10T14:50:00Z,0.18181,0.18337,0.18176,0.18315,472243.5,86269.847723,0.18181,0.18337,0.18178,0.18315,0.18187,0.18344,0.18187,0.18329,-0.0005391,-0.00032014,-0.00033735,-0.00032014,-0.00014000000000000123,-0.0007638169021768849
1770735300000,2026-02-10T14:55:00Z,0.18315,0.18351,0.18275,0.18286,452333.6,82830.680249,0.18315,0.18348,0.18279,0.18289,0.18329,0.18354,0.18296,0.18304,-0.00032014,-0.00011136,-0.00051982,-0.00051982,-0.00018000000000001348,-0.000983391608391682
1770735600000,2026-02-10T15:00:00Z,0.18286,0.18286,0.18203,0.18226,206791.3,37737.091071,0.18289,0.18289,0.18206,0.18226,0.18304,0.18304,0.18224,0.18236,-0.00051982,0,-0.00078773,0,-9.999999999998899e-05,-0.000548365869708209
1770735900000,2026-02-10T15:05:00Z,0.18226,0.18447,0.18198,0.18362,712559.4,130782.95195,0.18226,0.18443,0.18199,0.18362,0.18236,0.18444,0.18217,0.18374,0,-0.00069813,-0.00106196,-0.00106196,-0.00011999999999998123,-0.0006530967671709004
1770736200000,2026-02-10T15:10:00Z,0.18362,0.18406,0.18275,0.18285,307887.1,56477.892723,0.18362,0.18406,0.18279,0.18285,0.18374,0.1841,0.18293,0.18295,-0.00106196,-0.00005053,-0.00038145,-0.00038145,-9.999999999998899e-05,-0.0005465974309920141
1770736500000,2026-02-10T15:15:00Z,0.18285,0.1833,0.18247,0.18318,232180,42477.788608,0.18285,0.18327,0.18251,0.18318,0.18295,0.1833,0.18264,0.18319,-0.00038145,0,-0.00046495,0,-9.999999999982245e-06,-5.458813253988889e-05
1770736800000,2026-02-10T15:20:00Z,0.18318,0.18434,0.18316,0.18387,216229.7,39744.900469,0.18318,0.18436,0.18318,0.18392,0.18319,0.18438,0.18319,0.18401,0,-0.00062967,-0.00093019,-0.00062967,-0.00014000000000000123,-0.0007608282158578405
1770737100000,2026-02-10T15:25:00Z,0.18387,0.1851,0.18387,0.18459,356430.2,65805.072412,0.18392,0.18508,0.18388,0.18459,0.18401,0.1851,0.18397,0.18464,-0.00062967,-0.0001901,-0.00062198,-0.0001901,-4.999999999999449e-05,-0.0002707972270363653
1770737400000,2026-02-10T15:30:00Z,0.18459,0.18547,0.18449,0.1849,474437,87845.326399,0.18459,0.18545,0.18453,0.18491,0.18464,0.18551,0.18464,0.18501,-0.0001901,0,0,0,-0.00010999999999999899,-0.0005945624560834494
1770737700000,2026-02-10T15:35:00Z,0.1849,0.18546,0.18439,0.18536,569645.4,105450.073936,0.18491,0.18545,0.18454,0.18536,0.18501,0.18549,0.18463,0.1854,0,0,0,0,-4.000000000001225e-05,-0.00021574973031290317
1770738000000,2026-02-10T15:40:00Z,0.18536,0.18558,0.18462,0.18486,331095.8,61305.230384,0.18536,0.18556,0.18469,0.18486,0.1854,0.18558,0.18481,0.18492,0,0,-0.00039281,0,-6.0000000000004494e-05,-0.00032446463335498863
1770738300000,2026-02-10T15:45:00Z,0.18486,0.18487,0.18385,0.18476,365920.5,67495.273619,0.18486,0.18486,0.18389,0.18476,0.18492,0.18492,0.18401,0.18478,0,-0.00011912,-0.0001854,-0.00011912,-1.9999999999992246e-05,-0.00010823682216685922
1770738600000,2026-02-10T15:50:00Z,0.18476,0.18476,0.18377,0.18434,318400.1,58632.295822,0.18476,0.1848,0.18389,0.18434,0.18478,0.18482,0.18395,0.1844,-0.00011912,0,-0.00010886,-0.00010886,-6.0000000000004494e-05,-0.0003253796095444929
1770738900000,2026-02-10T15:55:00Z,0.18434,0.18475,0.18371,0.18438,318256.9,58633.795599,0.18434,0.18471,0.18381,0.18438,0.1844,0.18472,0.18391,0.18438,-0.00010886,0,-0.00015913,-0.00015913,0.0,0.0
1770739200000,2026-02-10T16:00:00Z,0.18438,0.18438,0.18323,0.18329,433907.7,79663.331706,0.18438,0.18438,0.18331,0.18331,0.18438,0.18439,0.18345,0.18345,-0.00015913,0,-0.00047455,0,-0.00015999999999999348,-0.0008721722540201334
1770739500000,2026-02-10T16:05:00Z,0.18329,0.18356,0.18273,0.18302,354400.1,64890.935476,0.18331,0.18353,0.18274,0.18304,0.18345,0.18356,0.18291,0.18313,0,-0.00019858,-0.00024619,-0.00019858,-0.00010999999999999899,-0.0006006661934145088
1770739800000,2026-02-10T16:10:00Z,0.18302,0.18525,0.183,0.18495,439503,80946.317104,0.18304,0.18521,0.18304,0.18505,0.18313,0.18526,0.18311,0.18505,-0.00019858,0,0,0,-9.999999999998899e-05,-0.0005403944879761632
1770740100000,2026-02-10T16:15:00Z,0.18495,0.18536,0.18434,0.18444,396048.7,73202.283065,0.18505,0.18529,0.18442,0.18444,0.18505,0.18534,0.18456,0.18456,0,-0.00021507,-0.00026322,-0.00021507,-0.00012000000000000899,-0.000650195058517604
1770740400000,2026-02-10T16:20:00Z,0.18444,0.18461,0.18366,0.18413,204412.4,37659.203392,0.18444,0.18457,0.18368,0.18419,0.18456,0.18469,0.18381,0.18428,-0.00021507,-0.00008576,-0.00034369,-0.00008576,-0.00015000000000001124,-0.0008139787280226353
1770740700000,2026-02-10T16:25:00Z,0.18413,0.1846,0.18401,0.18417,91555.1,16872.837598,0.18419,0.1846,0.18401,0.18419,0.18428,0.18464,0.18408,0.18428,-0.00008576,0,-0.0000302,0,-0.00010999999999999899,-0.0005969177338832157
1770741000000,2026-02-10T16:30:00Z,0.18417,0.18422,0.1837,0.18394,155496.1,28598.767381,0.18419,0.1842,0.18373,0.18394,0.18428,0.18428,0.18383,0.18402,0,-0.00026328,-0.00057666,-0.00026328,-7.999999999999674e-05,-0.00043473535485271574
1770741300000,2026-02-10T16:35:00Z,0.18394,0.18485,0.1839,0.18469,236736,43632.726221,0.18394,0.18484,0.18394,0.18469,0.18402,0.18486,0.184,0.1847,-0.00026328,0,-0.00056244,0,-1.0000000000010001e-05,-5.414185165138062e-05
1770741600000,2026-02-10T16:40:00Z,0.18469,0.185,0.18415,0.18434,259513,47931.869491,0.18469,0.18499,0.18421,0.18438,0.1847,0.18507,0.18432,0.18452,0,-0.00019607,-0.00059697,-0.00059697,-0.00017999999999998573,-0.0009755040104052988
1770741900000,2026-02-10T16:45:00Z,0.18434,0.18459,0.18349,0.18371,225323.7,41478.095321,0.18438,0.18459,0.18354,0.18371,0.18452,0.18465,0.18368,0.18379,-0.00059697,-0.0001068,-0.00081632,-0.00081632,-7.999999999999674e-05,-0.00043527939496162325
1770742200000,2026-02-10T16:50:00Z,0.18371,0.18375,0.18295,0.18321,422124.7,77328.036669,0.18371,0.18375,0.18304,0.18323,0.18379,0.18382,0.18319,0.18338,-0.00081632,-0.00068084,-0.00078988,-0.00078988,-0.00016999999999997573,-0.0009270367542805962
1770742500000,2026-02-10T16:55:00Z,0.18321,0.18369,0.18314,0.18347,147206.4,27011.357559,0.18323,0.18369,0.18319,0.18354,0.18338,0.1838,0.18334,0.18366,-0.00078988,-0.00023006,-0.00032714,-0.00032714,-0.00018999999999999573,-0.0010345203092671008
1770742800000,2026-02-10T17:00:00Z,0.18347,0.18357,0.18265,0.18276,188705.6,34532.194918,0.18354,0.18357,0.18265,0.18276,0.18366,0.18368,0.18281,0.18287,-0.00032714,-0.00079153,-0.00080177,-0.00080177,-0.00010999999999999899,-0.0006015202056105374
1770743100000,2026-02-10T17:05:00Z,0.18276,0.18313,0.18263,0.18304,62914.5,11507.202748,0.18276,0.18313,0.18268,0.18305,0.18287,0.18322,0.1828,0.18317,-0.00080177,-0.00005059,-0.00046361,-0.00046361,-0.00012999999999999123,-0.000709723207948852
1770743400000,2026-02-10T17:10:00Z,0.18304,0.18321,0.18252,0.18268,74833.2,13680.788385,0.18305,0.18321,0.18256,0.18268,0.18317,0.18328,0.18275,0.18283,-0.00046361,-0.00057348,-0.00058391,-0.00058391,-0.00014999999999998348,-0.0008204342832138242
1770743700000,2026-02-10T17:15:00Z,0.18268,0.18388,0.18255,0.18354,224312.9,41136.408233,0.18268,0.1838,0.18264,0.18366,0.18283,0.18385,0.1828,0.18374,-0.00058391,0,-0.0002796,-0.0002796,-0.00019999999999997797,-0.001088494611951551
1770744000000,2026-02-10T17:20:00Z,0.18354,0.18396,0.18314,0.18368,87842.4,16126.375169,0.18366,0.18392,0.18324,0.18368,0.18374,0.184,0.18336,0.18382,-0.0002796,-0.00056445,-0.00065652,-0.00056445,-0.00014000000000000123,-0.0007616146230007682
1770744300000,2026-02-10T17:25:00Z,0.18368,0.18386,0.18337,0.18342,125534.1,23047.09627,0.18368,0.18386,0.18342,0.18348,0.18382,0.18394,0.18355,0.18365,-0.00056445,-0.00050933,-0.00054167,-0.00050933,-0.00023000000000000798,-0.001252382248842951
1770744600000,2026-02-10T17:30:00Z,0.18342,0.18458,0.18323,0.18422,331047.1,60891.646912,0.18348,0.18443,0.18328,0.18432,0.18365,0.18452,0.18345,0.18446,-0.00050933,0,-0.00071361,0,-0.00024000000000001798,-0.0013010950883661388
1770744900000,2026-02-10T17:35:00Z,0.18422,0.1844,0.18382,0.18405,144246.9,26555.543492,0.18432,0.1844,0.18382,0.18406,0.18446,0.18448,0.184,0.18423,0,-0.00014884,-0.00072382,-0.00014884,-0.00018000000000001348,-0.0009770395701026624
1770745200000,2026-02-10T17:40:00Z,0.18405,0.18467,0.18374,0.18405,170872.6,31483.655841,0.18406,0.18467,0.18383,0.18407,0.18423,0.18473,0.18395,0.18419,-0.00014884,-0.0001033,-0.00047176,-0.0001033,-0.00014000000000000123,-0.0007600846951517522
1770745500000,2026-02-10T17:45:00Z,0.18405,0.1843,0.18383,0.18389,173949.7,32013.530103,0.18407,0.18432,0.18388,0.18398,0.18419,0.1844,0.18399,0.18412,-0.0001033,-0.00023768,-0.00036364,-0.00036364,-0.00023000000000000798,-0.001249185313925744
1770745800000,2026-02-10T17:50:00Z,0.18389,0.18427,0.18345,0.18352,88979.2,16368.366025,0.18398,0.18427,0.18349,0.18352,0.18412,0.1843,0.18365,0.18365,-0.00036364,-0.00029071,-0.00052443,-0.00052443,-0.000130000000000019,-0.0007078682276069643
1770746100000,2026-02-10T17:55:00Z,0.18352,0.18391,0.18341,0.18391,46247.1,8490.665108,0.18352,0.18391,0.18348,0.18391,0.18365,0.18393,0.18362,0.18393,-0.00052443,-0.0000288,-0.00003485,-0.00003485,-2.0000000000020002e-05,-0.00010873701951840374
1770746400000,2026-02-10T18:00:00Z,0.18391,0.18435,0.18351,0.18351,307525.8,56570.402693,0.18391,0.18432,0.18353,0.18357,0.18393,0.18435,0.18364,0.18368,-0.00003485,0,-0.00037701,0,-0.00017000000000000348,-0.0009255226480836427
1770746700000,2026-02-10T18:05:00Z,0.18351,0.18362,0.18303,0.18322,83867,15367.304698,0.18357,0.18362,0.18306,0.18326,0.18368,0.18369,0.18321,0.1834,0,-0.00001363,-0.00062694,-0.00062694,-0.00018000000000001348,-0.0009814612868048718
1770747000000,2026-02-10T18:10:00Z,0.18322,0.18325,0.18281,0.18309,106188.9,19432.652156,0.18326,0.18327,0.18285,0.18309,0.1834,0.18341,0.18303,0.18319,-0.00062694,-0.00020206,-0.00036284,-0.00020206,-9.999999999998899e-05,-0.0005458813253997979
1770747300000,2026-02-10T18:15:00Z,0.18309,0.18355,0.18297,0.18332,144453.9,26468.223743,0.18309,0.18357,0.18302,0.18332,0.18319,0.1837,0.18316,0.18345,-0.00020206,-0.00020955,-0.00083259,-0.00083259,-0.00012999999999999123,-0.0007086399563913396
1770747600000,2026-02-10T18:20:00Z,0.18332,0.18335,0.18211,0.18219,515491.4,94103.127958,0.18332,0.18335,0.18217,0.18222,0.18345,0.18347,0.18234,0.18239,-0.00083259,-0.00042823,-0.00100241,-0.00100241,-0.00020000000000000573,-0.0010965513460168086
1770747900000,2026-02-10T18:25:00Z,0.18219,0.18229,0.18121,0.1816,751025.7,136320.651533,0.18222,0.18228,0.18129,0.18162,0.18239,0.18244,0.18146,0.18172,-0.00100241,0,-0.00077333,0,-0.00011999999999998123,-0.0006603565925598792
1770748200000,2026-02-10T18:30:00Z,0.1816,0.18197,0.18068,0.18089,313945.2,56926.671178,0.18162,0.18198,0.18069,0.18089,0.18172,0.18205,0.18085,0.18101,0,-0.00015467,-0.00163173,-0.00163173,-0.00012000000000000899,-0.0006629467985194684
1770748500000,2026-02-10T18:35:00Z,0.18089,0.18195,0.18086,0.18169,194790.8,35351.332878,0.18089,0.18195,0.18086,0.18173,0.18101,0.18201,0.181,0.18188,-0.00163173,-0.00008094,-0.0005066,-0.00008094,-0.00018999999999999573,-0.001044644820760918
1770748800000,2026-02-10T18:40:00Z,0.18169,0.18179,0.18137,0.18153,150677.5,27365.42149,0.18173,0.18179,0.18147,0.18154,0.18188,0.18193,0.18163,0.18173,-0.00008094,-0.00042105,-0.00076176,-0.00042105,-0.00020000000000000573,-0.001100533758873085
1770749100000,2026-02-10T18:45:00Z,0.18153,0.1816,0.18015,0.18053,521186.6,94082.407234,0.18154,0.1816,0.18025,0.18053,0.18173,0.18177,0.18048,0.18064,-0.00042105,-0.0002312,-0.00084208,-0.0002312,-0.00010999999999999899,-0.0006089459698848483
1770749400000,2026-02-10T18:50:00Z,0.18053,0.18096,0.18042,0.18086,340471.7,61514.495365,0.18053,0.18096,0.18048,0.18086,0.18064,0.18101,0.18064,0.18101,-0.0002312,-0.00007113,-0.00026225,-0.00026225,-0.00015000000000001124,-0.0008286834981493356
1770749700000,2026-02-10T18:55:00Z,0.18086,0.18149,0.18073,0.18117,143005.9,25906.539047,0.18086,0.18148,0.18078,0.18117,0.18101,0.18153,0.18091,0.18128,-0.00026225,0,0,0,-0.00010999999999999899,-0.0006067961165048488
1770750000000,2026-02-10T19:00:00Z,0.18117,0.18128,0.18043,0.18065,145277.3,26272.731749,0.18117,0.18128,0.18057,0.18065,0.18128,0.18138,0.1807,0.18075,0,-0.00086932,-0.00092174,-0.00092174,-9.999999999998899e-05,-0.0005532503457814052
1770750300000,2026-02-10T19:05:00Z,0.18065,0.18128,0.18063,0.18116,186160.1,33705.240431,0.18065,0.18128,0.18065,0.18116,0.18075,0.18139,0.18075,0.18125,-0.00092174,-0.00044495,-0.00058628,-0.00044495,-9.000000000000674e-05,-0.0004965517241379683
1770750600000,2026-02-10T19:10:00Z,0.18116,0.18142,0.18093,0.18108,230751,41815.423974,0.18116,0.18141,0.18096,0.18115,0.18125,0.18147,0.18107,0.1813,-0.00044495,-0.00029412,-0.00048441,-0.00048441,-0.00021999999999999797,-0.0012134583563154881
1770750900000,2026-02-10T19:15:00Z,0.18108,0.18122,0.18044,0.18059,167132.8,30224.876537,0.18115,0.18122,0.18049,0.18061,0.1813,0.1813,0.18064,0.18077,-0.00048441,0,-0.00023581,-0.00023581,-0.00017999999999998573,-0.0009957404436576078
1770751200000,2026-02-10T19:20:00Z,0.18059,0.18074,0.18047,0.18071,104361,18845.23791,0.18061,0.18074,0.18051,0.18071,0.18077,0.18084,0.18068,0.18084,-0.00023581,-0.00071502,-0.00077263,-0.00077263,-0.00012999999999999123,-0.0007188675071886266
1770751500000,2026-02-10T19:25:00Z,0.18071,0.18088,0.18039,0.18088,130328.2,23536.610703,0.18071,0.18088,0.18045,0.18088,0.18084,0.18098,0.18062,0.18098,-0.00077263,-0.0001152,-0.00063176,-0.00063176,-9.999999999998899e-05,-0.0005525472427891976
1770751800000,2026-02-10T19:30:00Z,0.18088,0.18195,0.18087,0.18152,214729.6,38949.673754,0.18088,0.18195,0.18088,0.18157,0.18098,0.18201,0.18098,0.18174,-0.00063176,-0.00054333,-0.0009417,-0.0009417,-0.00022000000000002573,-0.0012105205238253864
1770752100000,2026-02-10T19:35:00Z,0.18152,0.18273,0.18138,0.1826,292702.8,53378.867998,0.18157,0.18273,0.18143,0.1826,0.18174,0.18275,0.1816,0.18264,-0.0009417,0,0,0,-3.999999999998449e-05,-0.00021901007446334042
1770752400000,2026-02-10T19:40:00Z,0.1826,0.18262,0.18235,0.1825,55012.2,10037.725307,0.1826,0.18266,0.18239,0.1825,0.18264,0.18273,0.18247,0.18256,0,0,-0.0001631,0,-6.0000000000004494e-05,-0.00032865907099038395
1770752700000,2026-02-10T19:45:00Z,0.1825,0.18266,0.18224,0.18238,125163.7,22838.839943,0.1825,0.18266,0.18231,0.18244,0.18256,0.18269,0.18237,0.18251,0,-0.00003921,-0.00009589,-0.00009589,-0.000130000000000019,-0.0007122897375487315
1770753000000,2026-02-10T19:50:00Z,0.18238,0.18238,0.1818,0.18182,74680.5,13594.815062,0.18244,0.18244,0.18186,0.18186,0.18251,0.18251,0.18195,0.18196,-0.00009589,0,-0.00037091,-0.00037091,-0.00014000000000000123,-0.0007693998681028865
1770753300000,2026-02-10T19:55:00Z,0.18182,0.18201,0.18168,0.18194,96085.6,17474.573967,0.18186,0.182,0.18179,0.18194,0.18196,0.18211,0.1819,0.18204,-0.00037091,-0.00052162,-0.00054374,-0.00052162,-0.00010000000000001674,-0.0005493298176225924
1770753600000,2026-02-10T20:00:00Z,0.18194,0.18219,0.18155,0.18184,267790.4,48695.125995,0.18194,0.18219,0.18159,0.18184,0.18204,0.18223,0.18173,0.1819,-0.00052162,0,-0.00053342,0,-6.0000000000004494e-05,-0.00032985156679496696
1770753900000,2026-02-10T20:05:00Z,0.18184,0.18198,0.18156,0.18156,61388.3,11157.651919,0.18184,0.18198,0.18167,0.18167,0.1819,0.18207,0.18182,0.18182,0,-0.0001911,-0.00057493,-0.0001911,-0.0002600000000000102,-0.0014299857001430548
1770754200000,2026-02-10T20:10:00Z,0.18156,0.18159,0.18117,0.18123,98036.9,17780.726876,0.18167,0.18167,0.18119,0.18123,0.18182,0.18182,0.18138,0.18138,-0.0001911,-0.00057917,-0.00077852,-0.00057917,-0.00015000000000001124,-0.0008269930532584145
1770754500000,2026-02-10T20:15:00Z,0.18123,0.18165,0.18119,0.18158,136991.6,24857.357065,0.18123,0.18165,0.18119,0.18158,0.18138,0.18178,0.18138,0.1817,-0.00057917,-0.00003043,-0.00064743,-0.00003043,-0.00012000000000000899,-0.0006604292790314199
1770754800000,2026-02-10T20:20:00Z,0.18158,0.18186,0.18146,0.18152,147980.5,26877.863468,0.18158,0.18186,0.18149,0.1816,0.1817,0.18202,0.18165,0.18179,-0.00003043,-0.00069277,-0.00085556,-0.00085556,-0.0002700000000000202,-0.001485230210682767
1770755100000,2026-02-10T20:25:00Z,0.18152,0.18175,0.18138,0.18165,119304.2,21655.806738,0.1816,0.18175,0.18145,0.18167,0.18179,0.18185,0.18164,0.18182,-0.00085556,-0.00060445,-0.00063865,-0.00063865,-0.00017000000000000348,-0.0009349906500935182
1770755400000,2026-02-10T20:30:00Z,0.18165,0.18227,0.18145,0.1816,185706.6,33776.473986,0.18167,0.18221,0.18158,0.18162,0.18182,0.18229,0.18173,0.18178,-0.00063865,-0.00015898,-0.00074519,-0.00074519,-0.00017999999999998573,-0.000990207943668092
1770755700000,2026-02-10T20:35:00Z,0.1816,0.18222,0.18147,0.18216,126403.8,22995.174119,0.18162,0.18222,0.1815,0.18218,0.18178,0.18234,0.18167,0.1823,-0.00074519,-0.0001024,-0.0002927,-0.0001024,-0.00014000000000000123,-0.0007679648930334681
1770756000000,2026-02-10T20:40:00Z,0.18216,0.1824,0.18204,0.1824,43854.9,7990.357467,0.18218,0.1824,0.18207,0.1824,0.1823,0.18249,0.18219,0.18249,-0.0001024,-0.00011398,-0.00043042,-0.00011398,-9.000000000000674e-05,-0.0004931777083676187
1770756300000,2026-02-10T20:45:00Z,0.1824,0.18272,0.18212,0.18223,394697.5,72061.974533,0.1824,0.18265,0.1822,0.18223,0.18249,0.18269,0.18228,0.18229,-0.00011398,0,-0.00016266,-0.00016266,-6.0000000000004494e-05,-0.0003291458664765181
1770756600000,2026-02-10T20:50:00Z,0.18223,0.18225,0.18196,0.18222,95078.7,17316.013853,0.18223,0.18225,0.18206,0.18222,0.18229,0.18229,0.18217,0.18228,-0.00016266,0,-0.00004358,0,-6.0000000000004494e-05,-0.00032916392363399437
1770756900000,2026-02-10T20:55:00Z,0.18222,0.18224,0.18175,0.182,360582.1,65623.17861,0.18222,0.18224,0.18181,0.182,0.18228,0.1823,0.18194,0.18212,0,-0.00048291,-0.00070359,-0.00048291,-0.00012000000000000899,-0.0006589062156820173
1770757200000,2026-02-10T21:00:00Z,0.182,0.18246,0.18192,0.18224,106498.2,19400.644789,0.182,0.1824,0.18198,0.18233,0.18212,0.18247,0.18208,0.18246,-0.00048291,0,-0.0005365,-0.0005365,-0.00021999999999999797,-0.0012057437246519673
1770757500000,2026-02-10T21:05:00Z,0.18224,0.18249,0.18205,0.18207,79023.7,14407.317629,0.18233,0.18249,0.18212,0.18212,0.18246,0.18256,0.1823,0.1823,-0.0005365,-0.0005072,-0.00052206,-0.0005072,-0.00022999999999998022,-0.0012616566099834352
1770757800000,2026-02-10T21:10:00Z,0.18207,0.18225,0.182,0.18214,50661,9228.180186,0.18212,0.18225,0.18202,0.18219,0.1823,0.18236,0.18222,0.18236,-0.0005072,-0.0002917,-0.0005896,-0.0005896,-0.00021999999999999797,-0.0012064049133581815
1770758100000,2026-02-10T21:15:00Z,0.18214,0.18244,0.18212,0.18243,39180.3,7144.088732,0.18219,0.18244,0.18216,0.18243,0.18236,0.1826,0.18233,0.18255,-0.0005896,-0.0006732,-0.00068487,-0.0006732,-0.00011999999999998123,-0.0006573541495479662
1770758400000,2026-02-10T21:20:00Z,0.18243,0.18261,0.18195,0.18206,195895.6,35676.662015,0.18243,0.18264,0.182,0.18206,0.18255,0.18279,0.18223,0.18226,-0.0006732,-0.00078076,-0.0009438,-0.0009438,-0.00020000000000000573,-0.0010973334796444954
1770758700000,2026-02-10T21:25:00Z,0.18206,0.18215,0.18163,0.18163,106421.6,19363.100699,0.18206,0.18214,0.18172,0.18172,0.18226,0.18234,0.18187,0.18187,-0.0009438,-0.00038325,-0.00042839,-0.00038325,-0.00023999999999999022,-0.001319623907186398
1770759000000,2026-02-10T21:30:00Z,0.18163,0.18173,0.18098,0.18136,182226.7,33029.813694,0.18172,0.18172,0.18106,0.18136,0.18187,0.18187,0.18125,0.18155,-0.00038325,-0.00101284,-0.00114974,-0.00101284,-0.00018999999999999573,-0.0010465436518865092
1770759300000,2026-02-10T21:35:00Z,0.18136,0.1817,0.18133,0.18165,93151.3,16905.005725,0.18136,0.1817,0.18134,0.18166,0.18155,0.18185,0.18153,0.18182,-0.00101284,-0.00045743,-0.00067636,-0.00067636,-0.00017000000000000348,-0.0009349906500935182
1770759600000,2026-02-10T21:40:00Z,0.18165,0.18165,0.18111,0.18125,179284.7,32499.387777,0.18166,0.18167,0.18115,0.18125,0.18182,0.18183,0.18131,0.18139,-0.00067636,0,-0.00018572,0,-0.00014000000000000123,-0.0007718176305198812
1770759900000,2026-02-10T21:45:00Z,0.18125,0.18157,0.18118,0.18154,112599.9,20427.310424,0.18125,0.18161,0.18118,0.18153,0.18139,0.18163,0.18128,0.18153,0,0,0,0,1.0000000000010001e-05,5.508731339178098e-05
1770760200000,2026-02-10T21:50:00Z,0.18154,0.18215,0.18154,0.18206,103718.2,18870.445808,0.18153,0.18215,0.18153,0.18213,0.18153,0.18229,0.18153,0.18228,0,-0.00027852,-0.0004272,-0.0004272,-0.00021999999999999797,-0.0012069343866578778
1770760500000,2026-02-10T21:55:00Z,0.18206,0.1821,0.18161,0.18172,114402.1,20807.065713,0.18213,0.18214,0.18165,0.18176,0.18228,0.18229,0.18182,0.18192,-0.0004272,-0.00052903,-0.00052985,-0.00052985,-0.00020000000000000573,-0.001099384344766962
1770760800000,2026-02-10T22:00:00Z,0.18172,0.18211,0.18172,0.18199,161403.9,29361.432637,0.18176,0.1821,0.18176,0.18199,0.18192,0.18221,0.18192,0.1821,-0.00052985,-0.00041007,-0.00070645,-0.00041007,-0.00010999999999999899,-0.0006040637012630366
1770761100000,2026-02-10T22:05:00Z,0.18199,0.18207,0.18151,0.1816,118462.4,21524.626217,0.18199,0.18206,0.18156,0.1816,0.1821,0.18219,0.18164,0.18165,-0.00041007,-0.00032264,-0.00061335,-0.00061335,-4.999999999999449e-05,-0.0002752546105146958
1770761400000,2026-02-10T22:10:00Z,0.1816,0.1821,0.18154,0.18194,150280,27315.498795,0.1816,0.1821,0.18155,0.182,0.18165,0.18219,0.18165,0.1821,-0.00061335,0,-0.00011038,-0.00011038,-0.00016000000000002124,-0.000878638110928178
1770761700000,2026-02-10T22:15:00Z,0.18194,0.18214,0.18183,0.18183,47216.3,8593.322597,0.182,0.18214,0.18186,0.18186,0.1821,0.18221,0.18201,0.18201,-0.00011038,0,-0.00013009,-0.00013009,-0.00018000000000001348,-0.0009889566507335502
1770762000000,2026-02-10T22:20:00Z,0.18183,0.1823,0.18181,0.1823,43186.7,7863.36486,0.18186,0.1823,0.18184,0.1823,0.18201,0.1823,0.18199,0.1823,-0.00013009,0,0,0,0.0,0.0
1770762300000,2026-02-10T22:25:00Z,0.1823,0.18265,0.18224,0.18263,125280.3,22856.995927,0.1823,0.18265,0.18224,0.18265,0.1823,0.18266,0.1823,0.18266,0,0,0,0,-3.0000000000002247e-05,-0.00016423957078726733
1770762600000,2026-02-10T22:30:00Z,0.18263,0.18296,0.18251,0.18287,60666.8,11084.138369,0.18265,0.18288,0.1826,0.18287,0.18266,0.18289,0.18264,0.18289,0,0,0,0,-1.9999999999992246e-05,-0.00010935535021046665
1770762900000,2026-02-10T22:35:00Z,0.18287,0.18322,0.18282,0.18322,79116.4,14480.869847,0.18287,0.18322,0.18287,0.18322,0.18289,0.18327,0.18289,0.18327,0,0,0,0,-4.999999999999449e-05,-0.0002728215201614803
1770763200000,2026-02-10T22:40:00Z,0.18322,0.18332,0.18268,0.1827,57185.9,10463.620294,0.18322,0.18332,0.1827,0.1827,0.18327,0.18337,0.18281,0.18285,0,-0.00001159,-0.00017248,-0.00001159,-0.00015000000000001124,-0.0008203445447088391
1770763500000,2026-02-10T22:45:00Z,0.1827,0.1827,0.1824,0.18243,46066.5,8407.160191,0.1827,0.18274,0.18243,0.18243,0.18285,0.18291,0.18264,0.18264,-0.00001159,-0.00073036,-0.00103098,-0.00103098,-0.00020999999999998797,-0.0011498028909329172
1770763800000,2026-02-10T22:50:00Z,0.18243,0.18243,0.18206,0.18206,14601.3,2660.643311,0.18243,0.18243,0.18209,0.18209,0.18264,0.18264,0.1823,0.18231,-0.00103098,-0.00082191,-0.00100532,-0.00100532,-0.0002500000000000002,-0.0013712906587680337
1770764100000,2026-02-10T22:55:00Z,0.18206,0.18232,0.18196,0.18214,120561.5,21950.510654,0.18209,0.18232,0.18196,0.18214,0.18231,0.18238,0.18211,0.1822,-0.00100532,-0.00005643,-0.00047056,-0.00005643,-6.0000000000004494e-05,-0.0003293084522502991
1770764400000,2026-02-10T23:00:00Z,0.18214,0.18235,0.182,0.18209,90581.8,16498.577036,0.18214,0.18235,0.18204,0.18219,0.1822,0.18242,0.18217,0.18229,-0.00005643,0,0,0,-0.00020000000000000573,-0.0010971528882550098
1770764700000,2026-02-10T23:05:00Z,0.18209,0.18216,0.18189,0.18211,73757.3,13424.267536,0.18219,0.18219,0.18193,0.18211,0.18229,0.18229,0.1821,0.18219,0,-0.00029052,-0.00054233,-0.00029052,-7.999999999999674e-05,-0.00043910203633567565
1770765000000,2026-02-10T23:10:00Z,0.18211,0.1825,0.18211,0.18222,89768.3,16369.627399,0.18211,0.18257,0.18211,0.18222,0.18219,0.18263,0.18219,0.18229,-0.00029052,-0.00047415,-0.00060035,-0.00047415,-7.00000000000145e-05,-0.0003840035108893219
1770765300000,2026-02-10T23:15:00Z,0.18222,0.18244,0.18204,0.18244,63261.6,11525.334762,0.18222,0.18244,0.18204,0.18244,0.18229,0.18246,0.18215,0.18246,-0.00047415,0,0,0,-2.0000000000020002e-05,-0.0001096130658775622
1770765600000,2026-02-10T23:20:00Z,0.18244,0.18254,0.18215,0.18216,48832.4,8901.502422,0.18244,0.18254,0.18222,0.18225,0.18246,0.18257,0.18231,0.18236,0,-0.00011631,-0.00032315,-0.00011631,-0.00020000000000000573,-0.0010967317394165702
1770765900000,2026-02-10T23:25:00Z,0.18216,0.18256,0.18215,0.18252,50369.1,9190.915541,0.18225,0.18261,0.18217,0.18259,0.18236,0.18266,0.18229,0.18265,-0.00011631,0,0,0,-0.000130000000000019,-0.0007117437722420968
1770766200000,2026-02-10T23:30:00Z,0.18252,0.18295,0.18245,0.18276,256782.1,46930.931608,0.18259,0.18291,0.18248,0.18279,0.18265,0.18296,0.18256,0.18287,0,0,-0.00010138,-0.00010138,-0.00010999999999999899,-0.0006015202056105374
1770766500000,2026-02-10T23:35:00Z,0.18276,0.18322,0.18276,0.1829,58805.7,10763.737361,0.18279,0.18322,0.18279,0.18294,0.18287,0.18332,0.18287,0.1831,-0.00010138,-0.00050212,-0.00058205,-0.00050212,-0.00020000000000000573,-0.0010922992900054926
1770766800000,2026-02-10T23:40:00Z,0.1829,0.1829,0.1827,0.18288,41285.3,7546.995104,0.18294,0.18294,0.18275,0.18289,0.1831,0.1831,0.18293,0.18306,-0.00050212,-0.00029805,-0.00060261,-0.00029805,-0.00018000000000001348,-0.0009832841691249507
1770767100000,2026-02-10T23:45:00Z,0.18288,0.18288,0.1826,0.18283,67679.9,12368.791886,0.18289,0.18289,0.18267,0.18283,0.18306,0.18307,0.18285,0.18301,-0.00029805,-0.00085081,-0.00097689,-0.00097689,-0.00018000000000001348,-0.0009835528113218593
1770767400000,2026-02-10T23:50:00Z,0.18283,0.1829,0.18267,0.1828,52383.2,9574.114243,0.18283,0.1829,0.18268,0.18284,0.18301,0.18303,0.18284,0.18301,-0.00097689,-0.0003765,-0.00068028,-0.0003765,-0.00021000000000001573,-0.0011474782798755025
1770767700000,2026-02-10T23:55:00Z,0.1828,0.18281,0.18266,0.18275,50277.2,9187.641241,0.18284,0.18284,0.18272,0.18275,0.18301,0.18301,0.18282,0.18284,-0.0003765,-0.0000146,-0.00027746,-0.00027746,-9.000000000000674e-05,-0.0004922336469044341
1770768000000,2026-02-11T00:00:00Z,0.18275,0.18317,0.18271,0.18282,103367.3,18911.511675,0.18275,0.18317,0.18272,0.18283,0.18284,0.18329,0.18284,0.18298,-0.00027746,-0.00009692,-0.00071978,-0.00009692,-0.00015999999999999348,-0.000874412504098773
1770768300000,2026-02-11T00:05:00Z,0.18282,0.18305,0.18281,0.18302,53035.4,9703.503393,0.18283,0.18305,0.18283,0.18302,0.18298,0.1831,0.18298,0.1831,-0.00009692,-0.00001169,-0.0002367,-0.0002367,-8.00000000000245e-05,-0.00043691971600231833
1770768600000,2026-02-11T00:10:00Z,0.18302,0.18321,0.18295,0.18305,179253.9,32821.757194,0.18302,0.18319,0.18296,0.18305,0.1831,0.18329,0.18305,0.18311,-0.0002367,-0.00026374,-0.00029427,-0.00026374,-6.0000000000004494e-05,-0.00032767189121295665
1770768900000,2026-02-11T00:15:00Z,0.18305,0.18349,0.18305,0.18348,147852,27103.237629,0.18305,0.18349,0.18305,0.18348,0.18311,0.18355,0.18311,0.18355,-0.00026374,0,-0.00009218,-0.00009218,-6.999999999998674e-05,-0.0003813674748024339
1770769200000,2026-02-11T00:20:00Z,0.18348,0.18384,0.18339,0.18366,120694.7,22161.752676,0.18348,0.1838,0.18345,0.18367,0.18355,0.18388,0.18355,0.18375,-0.00009218,0,0,0,-9.000000000000674e-05,-0.0004897959183673837
1770769500000,2026-02-11T00:25:00Z,0.18366,0.18381,0.18351,0.1836,240660.1,44199.406679,0.18367,0.18382,0.18356,0.18362,0.18375,0.18391,0.18363,0.18379,0,-0.00027019,-0.00047037,-0.00027019,-0.00018999999999999573,-0.0010337885630338742
1770769800000,2026-02-11T00:30:00Z,0.1836,0.1836,0.18339,0.18347,42406.9,7781.499286,0.18362,0.18364,0.18341,0.18347,0.18379,0.18381,0.18359,0.18361,-0.00027019,-0.00064517,-0.0007627,-0.00064517,-0.00014000000000000123,-0.0007624857033930681
1770770100000,2026-02-11T00:35:00Z,0.18347,0.18375,0.18337,0.1834,82661.1,15175.375844,0.18347,0.18375,0.18342,0.18343,0.18361,0.18388,0.18361,0.18364,-0.00064517,-0.00048653,-0.00094958,-0.00094958,-0.00023999999999999022,-0.0013069048137660107
1770770400000,2026-02-11T00:40:00Z,0.1834,0.18357,0.18311,0.18351,63621.5,11664.48453,0.18343,0.18357,0.18313,0.18351,0.18364,0.18367,0.18328,0.18361,-0.00094958,-0.00018661,-0.00047861,-0.00018661,-9.999999999998899e-05,-0.0005446326452806982
1770770700000,2026-02-11T00:45:00Z,0.18351,0.18358,0.18343,0.18351,113792,20878.949259,0.18351,0.18358,0.18346,0.18354,0.18361,0.18368,0.18356,0.18366,-0.00018661,-0.00040382,-0.00047247,-0.00047247,-0.00014999999999998348,-0.0008167265599476396
1770771000000,2026-02-11T00:50:00Z,0.18351,0.18383,0.18336,0.18383,148179.7,27190.565288,0.18354,0.18383,0.18341,0.18383,0.18366,0.1839,0.18356,0.1839,-0.00047247,-0.00022832,-0.00045747,-0.00022832,-7.00000000000145e-05,-0.0003806416530724007
1770771300000,2026-02-11T00:55:00Z,0.18383,0.18383,0.18357,0.18362,43795.3,8044.012305,0.18383,0.18383,0.18363,0.18365,0.1839,0.1839,0.18375,0.18381,-0.00022832,-0.0005062,-0.00073837,-0.00073837,-0.00018999999999999573,-0.0010336760785593588
1770771600000,2026-02-11T01:00:00Z,0.18362,0.18382,0.18337,0.18378,86942.8,15959.774874,0.18365,0.18382,0.18339,0.18378,0.18381,0.1839,0.18355,0.1839,-0.00073837,-0.00023697,-0.00050372,-0.00050372,-0.00012000000000000899,-0.0006525285481240292
1770771900000,2026-02-11T01:05:00Z,0.18378,0.18398,0.18351,0.18376,134919,24803.08569,0.18378,0.18394,0.18358,0.18376,0.1839,0.18406,0.18374,0.18389,-0.00050372,0,-0.00041552,-0.00041552,-0.00012999999999999123,-0.0007069443689161522
1770772200000,2026-02-11T01:10:00Z,0.18376,0.18388,0.18355,0.18385,78089.3,14341.663119,0.18376,0.18388,0.18356,0.18385,0.18389,0.18393,0.18373,0.18393,-0.00041552,-0.00005023,-0.00011608,-0.00005023,-7.999999999999674e-05,-0.00043494807807316224
1770772500000,2026-02-11T01:15:00Z,0.18385,0.18428,0.18385,0.18425,140978.2,25955.862035,0.18385,0.1843,0.18385,0.1843,0.18393,0.18437,0.18393,0.18437,-0.00005023,0,-0.00005063,-0.00005063,-0.00012000000000000899,-0.0006508651082063729
1770772800000,2026-02-11T01:20:00Z,0.18425,0.18425,0.1835,0.1836,106398.8,19554.078587,0.1843,0.1843,0.18354,0.1836,0.18437,0.18437,0.18365,0.1837,-0.00005063,-0.00008361,-0.00014281,-0.00008361,-9.999999999998899e-05,-0.0005443658138268317
1770773100000,2026-02-11T01:25:00Z,0.1836,0.18375,0.18356,0.18356,62111.1,11407.320877,0.1836,0.18376,0.18359,0.1836,0.1837,0.18385,0.18368,0.18373,-0.00008361,-0.00055308,-0.00059947,-0.00055308,-0.00017000000000000348,-0.0009252707777717492
1770773400000,2026-02-11T01:30:00Z,0.18356,0.1839,0.18355,0.18382,65299.8,11999.001941,0.1836,0.1839,0.1836,0.18383,0.18373,0.18397,0.18373,0.18393,-0.00055308,-0.00003533,-0.000103,-0.000103,-0.00010999999999999899,-0.0005980536073506169
1770773700000,2026-02-11T01:35:00Z,0.18382,0.18395,0.1835,0.1835,52655.8,9677.128809,0.18383,0.18395,0.18358,0.18358,0.18393,0.18405,0.18373,0.18373,-0.000103,-0.00017971,-0.00022049,-0.00017971,-0.00023000000000000798,-0.0012518369346323844
1770774000000,2026-02-11T01:40:00Z,0.1835,0.18423,0.1835,0.18415,78690.5,14476.341519,0.18358,0.18425,0.18357,0.18423,0.18373,0.18435,0.18371,0.18435,-0.00017971,0,-0.00039777,-0.00039777,-0.00020000000000000573,-0.0010848928668294316
1770774300000,2026-02-11T01:45:00Z,0.18415,0.18444,0.18408,0.18409,60777.3,11199.140228,0.18423,0.18444,0.18408,0.18412,0.18435,0.18454,0.18425,0.18427,-0.00039777,-0.00017192,-0.000471,-0.00017192,-0.00017999999999998573,-0.0009768274814130663
1770774600000,2026-02-11T01:50:00Z,0.18409,0.18426,0.18389,0.18405,43653.7,8034.811868,0.18412,0.1843,0.18389,0.18415,0.18427,0.18435,0.18399,0.18422,-0.00017192,0,0,0,-0.00017000000000000348,-0.0009228096840734095
1770774900000,2026-02-11T01:55:00Z,0.18405,0.1842,0.18389,0.18414,93454.8,17206.23135,0.18415,0.1842,0.18393,0.18414,0.18422,0.18424,0.18399,0.18419,0,0,-0.00001378,-0.00001378,-4.999999999999449e-05,-0.0002714588196970221
1770775200000,2026-02-11T02:00:00Z,0.18414,0.185,0.18412,0.18493,298451,55070.264095,0.18414,0.18504,0.18413,0.18493,0.18419,0.18508,0.18419,0.18502,-0.00001378,0,-0.0003236,-0.0003236,-8.999999999997899e-05,-0.00048643389903782827
1770775500000,2026-02-11T02:05:00Z,0.18493,0.18493,0.18454,0.18461,80379.3,14843.708079,0.18493,0.18493,0.18454,0.18461,0.18502,0.18503,0.18464,0.18473,-0.0003236,-0.00011777,-0.00045333,-0.00045333,-0.00012000000000000899,-0.0006495967087100579
1770775800000,2026-02-11T02:10:00Z,0.18461,0.1847,0.18449,0.18453,75317.1,13903.71044,0.18461,0.1847,0.18457,0.18457,0.18473,0.18485,0.18471,0.18472,-0.00045333,-0.00037448,-0.00074196,-0.00037448,-0.00018999999999999573,-0.0010285838025118868
1770776100000,2026-02-11T02:15:00Z,0.18453,0.185,0.18453,0.18484,34616.8,6394.974721,0.18457,0.185,0.18456,0.18484,0.18472,0.1851,0.18471,0.18497,-0.00037448,-0.00041706,-0.00051384,-0.00041706,-0.00012999999999999123,-0.0007028166729739484
1770776400000,2026-02-11T02:20:00Z,0.18484,0.18506,0.1847,0.18486,64254.8,11877.843144,0.18484,0.18506,0.18473,0.18486,0.18497,0.18512,0.18488,0.18493,-0.00041706,-0.00013819,-0.00090082,-0.00090082,-7.00000000000145e-05,-0.0003785216027686935
1770776700000,2026-02-11T02:25:00Z,0.18486,0.18518,0.18468,0.18513,60798,11250.229754,0.18486,0.18518,0.18478,0.18513,0.18493,0.18529,0.1849,0.18525,-0.00090082,-0.00000458,-0.00042104,-0.00000458,-0.00012000000000000899,-0.0006477732793522753
1770777000000,2026-02-11T02:30:00Z,0.18513,0.18553,0.18513,0.18529,179884.2,33349.926475,0.18513,0.18549,0.18513,0.18532,0.18525,0.1855,0.18525,0.1854,-0.00000458,0,-0.00022192,0,-0.00010999999999999899,-0.0005933117583602966
1770777300000,2026-02-11T02:35:00Z,0.18529,0.18552,0.18517,0.18538,75292.6,13952.708402,0.18532,0.18556,0.18519,0.18548,0.1854,0.18557,0.18525,0.18549,0,0,0,0,-0.00010999999999999899,-0.0005930238826890883
1770777600000,2026-02-11T02:40:00Z,0.18538,0.18543,0.18496,0.18496,77579.7,14363.089807,0.18548,0.18548,0.18505,0.18505,0.18549,0.18549,0.18512,0.18512,0,0,0,0,-0.00015999999999999348,-0.0008643042350907167
1770777900000,2026-02-11T02:45:00Z,0.18496,0.18496,0.1843,0.18443,211019.9,38955.143403,0.18505,0.18505,0.18441,0.18443,0.18512,0.18512,0.18453,0.18456,0,-0.00016425,-0.00055993,-0.00055993,-0.00012999999999999123,-0.0007043779800606374
1770778200000,2026-02-11T02:50:00Z,0.18443,0.18471,0.18415,0.18423,382927.2,70559.422139,0.18443,0.18471,0.18425,0.18425,0.18456,0.18478,0.18442,0.18442,-0.00055993,-0.00050896,-0.00081085,-0.00050896,-0.00018999999999999573,-0.0010302570220149427
1770778500000,2026-02-11T02:55:00Z,0.18423,0.18438,0.18406,0.1841,45460,8373.660227,0.18425,0.18438,0.18414,0.18415,0.18442,0.18448,0.18436,0.18436,-0.00050896,-0.00048709,-0.00056039,-0.00056039,-0.00025999999999998247,-0.0014102842265132484
1770778800000,2026-02-11T03:00:00Z,0.1841,0.18425,0.18337,0.18358,407576.3,74847.938948,0.18415,0.18425,0.18349,0.18364,0.18436,0.18442,0.18364,0.18384,-0.00056039,-0.00060735,-0.00105092,-0.00105092,-0.0002600000000000102,-0.0014142732811140678
1770779100000,2026-02-11T03:05:00Z,0.18358,0.1839,0.18353,0.18385,51921.5,9537.584647,0.18364,0.1839,0.18353,0.18388,0.18384,0.18402,0.18373,0.18402,-0.00105092,-0.00011297,-0.00016467,-0.00016467,-0.00016999999999997573,-0.0009238126290619267
1770779400000,2026-02-11T03:10:00Z,0.18385,0.18394,0.18328,0.18334,82610.8,15173.331299,0.18388,0.18394,0.18332,0.18334,0.18402,0.18402,0.18348,0.18348,-0.00016467,-0.00036945,-0.00063243,-0.00036945,-0.00014000000000000123,-0.0007630259428820647
1770779700000,2026-02-11T03:15:00Z,0.18334,0.18334,0.18232,0.18234,428294.2,78265.074931,0.18334,0.18334,0.18234,0.18234,0.18348,0.18348,0.18248,0.18248,-0.00036945,-0.00014337,-0.0005062,-0.00014337,-0.00014000000000000123,-0.0007672073651907126
1770780000000,2026-02-11T03:20:00Z,0.18234,0.18306,0.18183,0.18298,267044.7,48616.035339,0.18234,0.18311,0.18199,0.18311,0.18248,0.18319,0.18212,0.18319,-0.00014337,0,-0.00022135,0,-0.00020999999999998797,-0.0011463507833396364
1770780300000,2026-02-11T03:25:00Z,0.18298,0.18377,0.18298,0.18346,455709.3,83548.141893,0.18311,0.18376,0.18302,0.18347,0.18319,0.18389,0.18316,0.18364,0,-0.00016773,-0.00063167,-0.00016773,-0.00017999999999998573,-0.0009801786103244704
1770780600000,2026-02-11T03:30:00Z,0.18346,0.1836,0.18331,0.18342,59952.8,11000.494417,0.18347,0.1836,0.18331,0.18344,0.18364,0.18367,0.18347,0.18356,-0.00016773,0,-0.00060394,-0.00060394,-0.00014000000000000123,-0.0007626933972543104
1770780900000,2026-02-11T03:35:00Z,0.18342,0.18407,0.18341,0.18406,218954.5,40232.54612,0.18344,0.18416,0.18344,0.18414,0.18356,0.18424,0.18356,0.18424,-0.00060394,-0.00019525,-0.00034145,-0.00034145,-0.00017999999999998573,-0.0009769865392964922
1770781200000,2026-02-11T03:40:00Z,0.18406,0.18483,0.18406,0.18438,211944.9,39099.246284,0.18414,0.18483,0.18414,0.18439,0.18424,0.18494,0.18424,0.18454,-0.00034145,-0.00018076,-0.00093254,-0.00093254,-0.00016000000000002124,-0.0008670207001193304
1770781500000,2026-02-11T03:45:00Z,0.18438,0.18438,0.18398,0.184,68586.1,12626.596408,0.18439,0.18439,0.184,0.18406,0.18454,0.18454,0.18418,0.18422,-0.00093254,-0.000049,-0.00068066,-0.00068066,-0.00021999999999999797,-0.0011942242970361414
1770781800000,2026-02-11T03:50:00Z,0.184,0.184,0.18334,0.18334,104911.4,19266.079897,0.18406,0.18406,0.18334,0.18334,0.18422,0.18422,0.18352,0.18352,-0.00068066,-0.00103648,-0.00110692,-0.00103648,-0.00017999999999998573,-0.0009808195292065483
1770782100000,2026-02-11T03:55:00Z,0.18334,0.1836,0.18309,0.18309,81793.1,14998.254225,0.18334,0.1836,0.18311,0.18311,0.18352,0.18375,0.18331,0.18332,-0.00103648,-0.00097055,-0.00102876,-0.00097055,-0.00023000000000000798,-0.0012546367008510143
1770782400000,2026-02-11T04:00:00Z,0.18309,0.18341,0.18306,0.18323,88366.6,16193.548869,0.18311,0.18341,0.1831,0.18323,0.18332,0.18356,0.18328,0.18342,-0.00097055,-0.00046349,-0.00082266,-0.00082266,-0.00018999999999999573,-0.0010358739504961057
1770782700000,2026-02-11T04:05:00Z,0.18323,0.18336,0.18282,0.18302,89887.7,16462.554528,0.18323,0.18336,0.18285,0.18302,0.18342,0.18353,0.18307,0.18314,-0.00082266,-0.00094455,-0.00098266,-0.00098266,-0.00012000000000000899,-0.0006552364311456207
1770783000000,2026-02-11T04:10:00Z,0.18302,0.18304,0.18247,0.18255,161593,29525.155827,0.18302,0.18302,0.1825,0.18256,0.18314,0.18317,0.18267,0.18271,-0.00098266,-0.00034128,-0.00074689,-0.00034128,-0.00016000000000002124,-0.0008757046686006306
1770783300000,2026-02-11T04:15:00Z,0.18255,0.18283,0.18234,0.18252,76376.2,13944.446342,0.18256,0.18282,0.18245,0.18253,0.18271,0.18285,0.18254,0.18264,-0.00034128,0,-0.00030079,0,-0.00012000000000000899,-0.0006570302233903252
1770783600000,2026-02-11T04:20:00Z,0.18252,0.18258,0.1813,0.1817,688407.9,125172.954106,0.18253,0.18258,0.18135,0.18175,0.18264,0.18268,0.18151,0.18191,0,-0.00019222,-0.00053658,-0.00053658,-0.00020999999999998797,-0.0011544170194051344
1770783900000,2026-02-11T04:25:00Z,0.1817,0.1823,0.18166,0.18185,441897.3,80384.051549,0.18175,0.18228,0.18175,0.18187,0.18191,0.18237,0.18191,0.18201,-0.00053658,-0.00028354,-0.00036611,-0.00028354,-0.00015999999999999348,-0.0008790725784297207
1770784200000,2026-02-11T04:30:00Z,0.18185,0.18194,0.18126,0.18155,207788.6,37750.493409,0.18187,0.18194,0.18132,0.18156,0.18201,0.18204,0.18153,0.18174,-0.00028354,0,-0.000637,-0.000637,-0.00019000000000002348,-0.0010454495433037498
1770784500000,2026-02-11T04:35:00Z,0.18155,0.1817,0.18052,0.18099,774942.5,140361.256581,0.18156,0.18168,0.18054,0.181,0.18174,0.18182,0.18074,0.18119,-0.000637,0,-0.00087034,0,-0.00019999999999997797,-0.0011038136762513272
1770784800000,2026-02-11T04:40:00Z,0.18099,0.18125,0.18026,0.18071,497502.8,89947.213953,0.181,0.18121,0.18032,0.18078,0.18119,0.18136,0.18053,0.18095,0,-0.00037332,-0.00084132,-0.00037332,-0.00023999999999999022,-0.0013263332412268042
1770785100000,2026-02-11T04:45:00Z,0.18071,0.1812,0.18064,0.1811,180129.4,32587.150027,0.18078,0.18119,0.18069,0.18113,0.18095,0.18127,0.18085,0.18124,-0.00037332,-0.00029566,-0.00080895,-0.00029566,-0.00014000000000000123,-0.0007724564113882213
1770785400000,2026-02-11T04:50:00Z,0.1811,0.1811,0.17967,0.18003,573366.7,103281.916806,0.18113,0.18113,0.17976,0.18003,0.18124,0.18124,0.17996,0.18009,-0.00029566,-0.00050816,-0.00073807,-0.00073807,-6.0000000000004494e-05,-0.0003331667499583791
1770785700000,2026-02-11T04:55:00Z,0.18003,0.18046,0.17989,0.18043,152139.4,27415.381733,0.18003,0.18048,0.17992,0.18045,0.18009,0.18065,0.18009,0.18062,-0.00073807,-0.00039026,-0.00085308,-0.00039026,-0.00018999999999999573,-0.0010519322334182025
1770786000000,2026-02-11T05:00:00Z,0.18043,0.18122,0.18042,0.18094,359361.4,64992.197357,0.18045,0.18122,0.18045,0.18094,0.18062,0.18132,0.18062,0.18108,-0.00039026,-0.00066133,-0.00072708,-0.00072708,-0.00014000000000000123,-0.0007731389441131061
1770786300000,2026-02-11T05:05:00Z,0.18094,0.18111,0.18084,0.18105,71759.7,12986.722323,0.18094,0.18111,0.1809,0.18105,0.18108,0.1812,0.18106,0.18119,-0.00072708,-0.00026408,-0.00037327,-0.00026408,-0.00014000000000000123,-0.000772669573376021
1770786600000,2026-02-11T05:10:00Z,0.18105,0.18125,0.18055,0.18066,167174.4,30242.457403,0.18105,0.18125,0.18064,0.18066,0.18119,0.18135,0.18082,0.18083,-0.00026408,-0.00031873,-0.00133047,-0.00031873,-0.00017000000000000348,-0.0009401094951059199
1770786900000,2026-02-11T05:15:00Z,0.18066,0.18104,0.1803,0.18034,128067,23134.158046,0.18066,0.18103,0.18034,0.18034,0.18083,0.18112,0.18052,0.18053,-0.00031873,0,-0.00082636,-0.00082636,-0.00018999999999999573,-0.0010524566554035103
1770787200000,2026-02-11T05:20:00Z,0.18034,0.18063,0.18021,0.18027,86365.6,15580.832317,0.18034,0.18063,0.18023,0.18027,0.18053,0.18074,0.18043,0.18046,-0.00082636,-0.00053449,-0.00119888,-0.00119888,-0.00018999999999999573,-0.0010528649008090198
1770787500000,2026-02-11T05:25:00Z,0.18027,0.18032,0.17971,0.17988,155286.5,27936.150578,0.18027,0.18032,0.17971,0.17988,0.18046,0.18047,0.17987,0.17997,-0.00119888,-0.00034956,-0.00069725,-0.00034956,-8.999999999997899e-05,-0.0005000833472244207
1770787800000,2026-02-11T05:30:00Z,0.17988,0.17996,0.17967,0.17978,117416.9,21109.896275,0.17988,0.17996,0.17974,0.17981,0.17997,0.18003,0.17987,0.17997,-0.00034956,-0.00036635,-0.0006156,-0.0006156,-0.00018999999999999573,-0.0010557315108073331
1770788100000,2026-02-11T05:35:00Z,0.17978,0.18,0.17955,0.1797,422876.3,75994.628866,0.17981,0.17996,0.17966,0.17972,0.17997,0.18008,0.17984,0.17993,-0.0006156,-0.00056074,-0.00103729,-0.00103729,-0.00023000000000000798,-0.0012782748846774188
1770788400000,2026-02-11T05:40:00Z,0.1797,0.17977,0.17906,0.17927,439450.2,78800.94897,0.17972,0.17977,0.17911,0.17927,0.17993,0.17993,0.1792,0.17927,-0.00103729,-0.00025178,-0.00077883,-0.00025178,0.0,0.0
1770788700000,2026-02-11T05:45:00Z,0.17927,0.17949,0.17864,0.17921,351873.9,63007.588116,0.17927,0.17949,0.17875,0.17921,0.17927,0.17955,0.17888,0.17929,-0.00025178,-0.00021916,-0.00023054,-0.00021916,-7.999999999999674e-05,-0.00044620447319982564
1770789000000,2026-02-11T05:50:00Z,0.17921,0.17941,0.17902,0.17911,214945.7,38518.386175,0.17921,0.17943,0.17906,0.17911,0.17929,0.17953,0.17919,0.17925,-0.00021916,0,-0.00043171,-0.00043171,-0.00014000000000000123,-0.0007810320781032147
1770789300000,2026-02-11T05:55:00Z,0.17911,0.17928,0.17892,0.17908,133522.8,23907.102723,0.17911,0.17928,0.17897,0.17908,0.17925,0.17938,0.17912,0.17919,-0.00043171,-0.0006214,-0.00068212,-0.0006214,-0.00010999999999999899,-0.000613873542050332
1770789600000,2026-02-11T06:00:00Z,0.17908,0.17941,0.17899,0.17927,68605.2,12296.075834,0.17908,0.17941,0.17905,0.17929,0.17919,0.17949,0.17919,0.17941,-0.0006214,-0.0002663,-0.00087051,-0.00087051,-0.00013999999999997348,-0.0007803355442838944
1770789900000,2026-02-11T06:05:00Z,0.17927,0.17928,0.17847,0.17849,347959.8,62251.863787,0.17929,0.17929,0.17853,0.17854,0.17941,0.17941,0.17871,0.17873,-0.00087051,-0.00030421,-0.00069772,-0.00030421,-0.00023999999999999022,-0.001342807586862811
1770790200000,2026-02-11T06:10:00Z,0.17849,0.17866,0.17714,0.17751,1582253.5,281110.638297,0.17854,0.17863,0.17724,0.17751,0.17873,0.17878,0.17739,0.17769,-0.00030421,-0.00038825,-0.00094042,-0.00094042,-0.00017999999999998573,-0.0010130001688332811
1770790500000,2026-02-11T06:15:00Z,0.17751,0.17788,0.17672,0.17709,1522048.1,269732.993303,0.17751,0.17788,0.17675,0.17709,0.17769,0.17794,0.17691,0.17714,-0.00094042,-0.00015927,-0.00075752,-0.00015927,-4.999999999999449e-05,-0.00028226261713895504
1770790800000,2026-02-11T06:20:00Z,0.17709,0.17822,0.17666,0.17812,528862.2,93733.800039,0.17709,0.17823,0.17669,0.17822,0.17714,0.17829,0.17681,0.17829,-0.00015927,-0.00009062,-0.00017331,-0.00017331,-0.00017000000000000348,-0.000953502720287192
1770791100000,2026-02-11T06:25:00Z,0.17812,0.17862,0.17812,0.17844,261041.1,46577.35136,0.17822,0.17862,0.17822,0.17847,0.17829,0.17874,0.17829,0.17864,-0.00017331,-0.00020594,-0.00047094,-0.00047094,-0.00020000000000000573,-0.0011195700850873587
1770791400000,2026-02-11T06:30:00Z,0.17844,0.17876,0.178,0.17823,297140.8,52990.360895,0.17847,0.17876,0.17803,0.17829,0.17864,0.17889,0.17823,0.17851,-0.00047094,-0.00081624,-0.00108594,-0.00108594,-0.00028000000000000247,-0.0015685395776147133
1770791700000,2026-02-11T06:35:00Z,0.17823,0.17855,0.17811,0.17818,149378.8,26641.680246,0.17829,0.17855,0.17816,0.17819,0.17851,0.17867,0.17836,0.17838,-0.00108594,-0.00089459,-0.00098621,-0.00098621,-0.00020000000000000573,-0.001121201928467349
1770792000000,2026-02-11T06:40:00Z,0.17818,0.17818,0.17736,0.17739,184758,32848.618378,0.17819,0.17819,0.17742,0.17742,0.17838,0.17838,0.17758,0.17762,-0.00098621,-0.0007023,-0.00086065,-0.00086065,-0.00023000000000000798,-0.001294899223060511
1770792300000,2026-02-11T06:45:00Z,0.17739,0.17746,0.17667,0.1767,308783.6,54702.666356,0.17742,0.17746,0.17668,0.1767,0.17762,0.17763,0.17677,0.17683,-0.00086065,-0.00032535,-0.00073347,-0.00032535,-0.00012999999999999123,-0.0007351693717128951
1770792600000,2026-02-11T06:50:00Z,0.1767,0.1769,0.17618,0.1765,412571.5,72811.962011,0.1767,0.1769,0.17624,0.17652,0.17683,0.17696,0.17636,0.17663,-0.00032535,-0.00022536,-0.00059535,-0.00059535,-0.000130000000000019,-0.0007360018116968748
1770792900000,2026-02-11T06:55:00Z,0.1765,0.17671,0.17642,0.17661,197904.4,34945.524766,0.17652,0.1767,0.17646,0.17662,0.17663,0.17676,0.17657,0.17668,-0.00059535,-0.00027149,-0.00037552,-0.00027149,-7.00000000000145e-05,-0.0003961965134707635
1770793200000,2026-02-11T07:00:00Z,0.17661,0.17683,0.17642,0.17678,238379.6,42087.203033,0.17662,0.17682,0.17648,0.17678,0.17668,0.17688,0.1766,0.17686,-0.00027149,-0.0001045,-0.00047712,-0.0001045,-7.999999999999674e-05,-0.0004523351803686348
1770793500000,2026-02-11T07:05:00Z,0.17678,0.17728,0.17642,0.17646,205951.3,36439.916667,0.17678,0.17731,0.17653,0.17653,0.17686,0.17738,0.17671,0.17671,-0.0001045,-0.00024149,-0.00067143,-0.00024149,-0.0002500000000000002,-0.001414747326127555
1770793800000,2026-02-11T07:10:00Z,0.17646,0.17667,0.17615,0.17656,131897.3,23260.280037,0.17653,0.17667,0.1762,0.17655,0.17671,0.17676,0.17636,0.1766,-0.00024149,-0.00041729,-0.00075334,-0.00075334,-4.000000000001225e-05,-0.00022650056625148497
1770794100000,2026-02-11T07:15:00Z,0.17656,0.17673,0.17633,0.17663,190541.9,33631.003625,0.17655,0.17673,0.17638,0.17663,0.1766,0.17682,0.17654,0.17674,-0.00075334,-0.00014901,-0.00073523,-0.00073523,-0.00010999999999999899,-0.0006223831617064557
1770794400000,2026-02-11T07:20:00Z,0.17663,0.17692,0.1759,0.17685,508250.8,89613.78824,0.17663,0.1769,0.17596,0.17685,0.17674,0.17695,0.17612,0.17695,-0.00073523,-0.00034941,-0.00049354,-0.00034941,-9.999999999998899e-05,-0.0005651313930488216
1770794700000,2026-02-11T07:25:00Z,0.17685,0.17728,0.17678,0.17712,275466.4,48764.182714,0.17685,0.17728,0.17683,0.17712,0.17695,0.17744,0.17695,0.17727,-0.00034941,-0.00062653,-0.00082074,-0.00082074,-0.00015000000000001124,-0.0008461668641056649
1770795000000,2026-02-11T07:30:00Z,0.17712,0.17824,0.17699,0.17783,956885.4,169975.531873,0.17712,0.17825,0.17706,0.17794,0.17727,0.17846,0.17727,0.17816,-0.00082074,-0.00060954,-0.00090527,-0.00060954,-0.0003300000000000247,-0.0018522676246072334
1770795300000,2026-02-11T07:35:00Z,0.17783,0.17794,0.17658,0.17694,1325682.9,234932.751683,0.17794,0.17799,0.17659,0.17699,0.17816,0.17823,0.1768,0.17719,-0.00060954,-0.00057944,-0.00076217,-0.00076217,-0.0002500000000000002,-0.0014109148371804292
1770795600000,2026-02-11T07:40:00Z,0.17694,0.17721,0.17677,0.17708,180176.6,31882.131666,0.17699,0.17721,0.17679,0.17708,0.17719,0.17731,0.17699,0.17721,-0.00076217,-0.00035998,-0.00086453,-0.00086453,-0.000130000000000019,-0.0007335929123639692
1770795900000,2026-02-11T07:45:00Z,0.17708,0.17717,0.17687,0.17688,150041.2,26563.896542,0.17708,0.17717,0.1769,0.1769,0.17721,0.17729,0.1771,0.1771,-0.00086453,-0.00078205,-0.0007928,-0.0007928,-0.00021999999999999797,-0.001242236024844709
1770796200000,2026-02-11T07:50:00Z,0.17688,0.17757,0.17679,0.17737,215135.1,38134.831596,0.1769,0.17757,0.17682,0.17737,0.1771,0.17767,0.17701,0.17754,-0.0007928,0,-0.00069007,-0.00069007,-0.00017000000000000348,-0.0009575306973076686
1770796500000,2026-02-11T07:55:00Z,0.17737,0.17737,0.1771,0.1771,64300.4,11393.360018,0.17737,0.17737,0.17711,0.17711,0.17754,0.17754,0.17725,0.17725,-0.00069007,-0.00011606,-0.00027605,-0.00011606,-0.00014999999999998348,-0.0008462623413257179
1770796800000,2026-02-11T08:00:00Z,0.1771,0.1771,0.17668,0.17679,407707,72111.41718,0.17711,0.17714,0.17669,0.17679,0.17725,0.17729,0.17691,0.17698,-0.00011606,-0.00102676,-0.0011802,-0.0011802,-0.00018999999999999573,-0.001073567634760966
1770797100000,2026-02-11T08:05:00Z,0.17679,0.17708,0.17625,0.17657,322275.8,56929.833963,0.17679,0.17708,0.17634,0.17657,0.17698,0.17718,0.17652,0.17669,-0.0011802,-0.00022273,-0.00101436,-0.00022273,-0.00012000000000000899,-0.0006791555832249079
1770797400000,2026-02-11T08:10:00Z,0.17657,0.17705,0.17633,0.17692,340810.3,60237.360732,0.17657,0.17705,0.17637,0.17694,0.17669,0.17718,0.17655,0.1771,-0.00022273,-0.00041483,-0.00050949,-0.00041483,-0.00018000000000001348,-0.0010163749294184838
1770797700000,2026-02-11T08:15:00Z,0.17692,0.17698,0.1765,0.17684,238048,42092.020538,0.17694,0.17698,0.17657,0.17684,0.1771,0.17712,0.17672,0.17698,-0.00041483,-0.00067984,-0.00078635,-0.00078635,-0.00014000000000000123,-0.0007910498361396838
1770798000000,2026-02-11T08:20:00Z,0.17684,0.17691,0.17591,0.1763,2364789.6,416756.615052,0.17684,0.17686,0.17601,0.17638,0.17698,0.17701,0.17608,0.17641,-0.00078635,-0.00016722,-0.0002869,-0.00016722,-0.00010999999999999899,-0.0006235474179468227
1770798300000,2026-02-11T08:25:00Z,0.1763,0.17669,0.1763,0.17669,430270.8,75947.827221,0.17638,0.1767,0.17632,0.17669,0.17641,0.17677,0.17639,0.17675,-0.00016722,-0.00004296,-0.00011031,-0.00011031,-5.999999999997674e-05,-0.00033946251768020785
1770798600000,2026-02-11T08:30:00Z,0.17669,0.1767,0.17618,0.17637,166139.1,29311.790047,0.17669,0.1767,0.17621,0.17637,0.17675,0.17676,0.17634,0.17648,-0.00011031,-0.00036652,-0.0005198,-0.00036652,-0.00010999999999999899,-0.0006233000906618256
1770798900000,2026-02-11T08:35:00Z,0.17637,0.1767,0.17611,0.17628,89496.1,15786.669842,0.17637,0.17669,0.17611,0.17628,0.17648,0.17671,0.17621,0.17633,-0.00036652,-0.00003102,-0.00038823,-0.00003102,-4.999999999999449e-05,-0.0002835592355242698
1770799200000,2026-02-11T08:40:00Z,0.17628,0.1765,0.17612,0.17647,74642.1,13155.507327,0.17628,0.17649,0.17619,0.17647,0.17633,0.1765,0.17628,0.17649,-0.00003102,0,0,0,-2.0000000000020002e-05,-0.00011332086803796249
1770799500000,2026-02-11T08:45:00Z,0.17647,0.1765,0.17623,0.17623,87471.4,15430.823194,0.17647,0.17656,0.17629,0.17629,0.17649,0.1766,0.17637,0.17637,0,0,-0.00007949,-0.00007949,-0.00014000000000000123,-0.0007937857912343439
1770799800000,2026-02-11T08:50:00Z,0.17623,0.17656,0.17621,0.17639,100927.9,17807.82806,0.17629,0.17656,0.17629,0.17641,0.17637,0.17658,0.17637,0.17649,-0.00007949,0,-0.00014114,-0.00014114,-0.00010000000000001674,-0.0005666043401893407
1770800100000,2026-02-11T08:55:00Z,0.17639,0.17671,0.17636,0.17662,59878.8,10574.363701,0.17641,0.17671,0.17638,0.17665,0.17649,0.17674,0.17645,0.17673,-0.00014114,-0.00000639,-0.00027925,-0.00027925,-0.00010999999999999899,-0.0006224183783172014
1770800400000,2026-02-11T09:00:00Z,0.17662,0.17696,0.17655,0.17657,134989.7,23859.426424,0.17665,0.17695,0.17658,0.17658,0.17673,0.177,0.17667,0.17667,-0.00027925,-0.00001881,-0.00018454,-0.00001881,-9.999999999998899e-05,-0.0005660270560932189
1770800700000,2026-02-11T09:05:00Z,0.17657,0.1767,0.17588,0.176,407342.1,71725.057937,0.17658,0.1767,0.17595,0.176,0.17667,0.17676,0.17599,0.17606,-0.00001881,0,-0.00005143,-0.00005143,-6.0000000000004494e-05,-0.00034079291150746616
1770801000000,2026-02-11T09:10:00Z,0.176,0.1763,0.176,0.1763,95001.8,16733.922396,0.176,0.17629,0.176,0.17629,0.17606,0.17629,0.17606,0.17629,-0.00005143,0,0,0,1.0000000000010001e-05,5.6724714958364065e-05
1770801300000,2026-02-11T09:15:00Z,0.1763,0.17647,0.17581,0.17598,195622.4,34459.570698,0.17629,0.17648,0.17585,0.17598,0.17629,0.17654,0.17592,0.176,0,-0.00002334,-0.00019415,-0.00002334,-1.9999999999992246e-05,-0.00011363636363631959
1770801600000,2026-02-11T09:20:00Z,0.17598,0.17626,0.17591,0.17603,83054.5,14624.337155,0.17598,0.17627,0.17594,0.17603,0.176,0.17631,0.176,0.17608,-0.00002334,0,-0.0006946,-0.0006946,-4.999999999999449e-05,-0.0002839618355292736
1770801900000,2026-02-11T09:25:00Z,0.17603,0.17659,0.17603,0.17658,163213.2,28775.233187,0.17603,0.17654,0.17603,0.17654,0.17608,0.17656,0.17608,0.17654,-0.0006946,0,-0.00008998,-0.00008998,3.999999999998449e-05,0.0002265775461650872
1770802200000,2026-02-11T09:30:00Z,0.17658,0.17695,0.1765,0.17654,255642.5,45170.313582,0.17654,0.17693,0.17654,0.17654,0.17654,0.17693,0.17654,0.1766,-0.00008998,-0.00003246,-0.00017287,-0.00017287,-6.0000000000004494e-05,-0.0003397508493771489
1770802500000,2026-02-11T09:35:00Z,0.17654,0.17681,0.17651,0.17661,127131.2,22452.294131,0.17654,0.17681,0.17654,0.17661,0.1766,0.17689,0.1766,0.17661,-0.00017287,-0.00014667,-0.00027849,-0.00014667,0.0,0.0
1770802800000,2026-02-11T09:40:00Z,0.17661,0.17661,0.17581,0.17601,97466.7,17181.161139,0.17661,0.17661,0.17585,0.17601,0.17661,0.17661,0.17596,0.17608,-0.00014667,0,-0.00062245,-0.00062245,-6.999999999998674e-05,-0.00039754656974095155
1770803100000,2026-02-11T09:45:00Z,0.17601,0.17603,0.17555,0.17558,319045.2,56064.337316,0.17601,0.17603,0.17556,0.17558,0.17608,0.17613,0.17567,0.17571,-0.00062245,-0.00013921,-0.00024753,-0.00024753,-0.00012999999999999123,-0.0007398554436286565
1770803400000,2026-02-11T09:50:00Z,0.17558,0.17597,0.17558,0.17582,273144.1,48010.469893,0.17558,0.17597,0.17558,0.17584,0.17571,0.17606,0.17571,0.17596,-0.00024753,-0.00029564,-0.000744,-0.00029564,-0.00014000000000000123,-0.0007956353716753878
1770803700000,2026-02-11T09:55:00Z,0.17582,0.17592,0.17573,0.17583,124165.1,21832.335463,0.17584,0.17593,0.17574,0.17583,0.17596,0.17604,0.17583,0.17594,-0.00029564,-0.00009531,-0.00041255,-0.00009531,-0.00011000000000002674,-0.0006252131408436213
1770804000000,2026-02-11T10:00:00Z,0.17583,0.1759,0.17507,0.17531,432065.6,75768.927955,0.17583,0.1759,0.17521,0.17531,0.17594,0.176,0.17534,0.17541,-0.00009531,-0.0000208,-0.00013075,-0.00013075,-0.00010000000000001674,-0.0005700929251468943
1770804300000,2026-02-11T10:05:00Z,0.17531,0.1757,0.17513,0.17544,116701.1,20479.85371,0.17531,0.1757,0.17521,0.17544,0.17541,0.17573,0.17533,0.17555,-0.00013075,-0.00028424,-0.0005262,-0.0005262,-0.00010999999999999899,-0.000626602107661629
1770804600000,2026-02-11T10:10:00Z,0.17544,0.176,0.17542,0.17542,126807.6,22290.876345,0.17544,0.176,0.17542,0.17542,0.17555,0.1761,0.17555,0.17559,-0.0005262,-0.00085591,-0.00094129,-0.00094129,-0.00017000000000000348,-0.000968164474058907
1770804900000,2026-02-11T10:15:00Z,0.17542,0.17555,0.17523,0.17526,130816.9,22949.41701,0.17542,0.17555,0.17524,0.17526,0.17559,0.17565,0.17543,0.17543,-0.00094129,-0.00055029,-0.00066697,-0.00066697,-0.00017000000000000348,-0.0009690474833267029
1770805200000,2026-02-11T10:20:00Z,0.17526,0.17582,0.17517,0.17569,88191.6,15479.986347,0.17526,0.17583,0.17524,0.17579,0.17543,0.17594,0.17543,0.1759,-0.00066697,-0.0001442,-0.00030193,-0.0001442,-0.00020999999999998797,-0.001193860147811188
1770805500000,2026-02-11T10:25:00Z,0.17569,0.17591,0.17551,0.17578,78746.5,13835.722473,0.17579,0.1759,0.17561,0.17578,0.1759,0.176,0.17574,0.17589,-0.0001442,-0.00040237,-0.00087107,-0.00087107,-0.00010999999999999899,-0.0006253908692933026
1770805800000,2026-02-11T10:30:00Z,0.17578,0.17582,0.17478,0.17482,295367.2,51714.233903,0.17578,0.17582,0.17478,0.17482,0.17589,0.17593,0.17492,0.175,-0.00087107,-0.00039584,-0.0005334,-0.00039584,-0.00017999999999998573,-0.001028571428571347
1770806100000,2026-02-11T10:35:00Z,0.17482,0.17506,0.17455,0.175,314124.5,54899.068383,0.17482,0.17504,0.1746,0.175,0.175,0.17507,0.17471,0.17507,-0.00039584,-0.00054687,-0.00068966,-0.00068966,-7.00000000000145e-05,-0.000399840063974493
1770806400000,2026-02-11T10:40:00Z,0.175,0.17524,0.17498,0.17506,158450.3,27748.244679,0.175,0.17522,0.175,0.17511,0.17507,0.17534,0.17507,0.17527,-0.00068966,-0.00022753,-0.00073153,-0.00073153,-0.00021000000000001573,-0.0011981514235180906
1770806700000,2026-02-11T10:45:00Z,0.17506,0.17529,0.1749,0.17491,124813.5,21854.051005,0.17511,0.17529,0.17492,0.17492,0.17527,0.17542,0.17509,0.17509,-0.00073153,-0.00030106,-0.00065749,-0.00030106,-0.00017999999999998573,-0.0010280427208863199
1770807000000,2026-02-11T10:50:00Z,0.17491,0.17532,0.17478,0.17488,334668.6,58552.79408,0.17492,0.1753,0.17482,0.17488,0.17509,0.17535,0.17494,0.17494,-0.00030106,-0.00016256,-0.00020005,-0.00016256,-6.0000000000004494e-05,-0.00034297473419460665
1770807300000,2026-02-11T10:55:00Z,0.17488,0.17536,0.17478,0.17522,133564.2,23370.37177,0.17488,0.17536,0.17486,0.17523,0.17494,0.17548,0.17494,0.17539,-0.00016256,0,-0.00056805,-0.00056805,-0.00017000000000000348,-0.0009692684873710217
1770807600000,2026-02-11T11:00:00Z,0.17522,0.17568,0.1751,0.17564,710672.8,124589.598675,0.17523,0.1757,0.17516,0.17564,0.17539,0.17583,0.17531,0.17574,-0.00056805,-0.00029197,-0.00072904,-0.00072904,-0.00010000000000001674,-0.0005690224194834229
1770807900000,2026-02-11T11:05:00Z,0.17564,0.17566,0.17537,0.17553,79118,13889.784187,0.17564,0.17565,0.17537,0.17553,0.17574,0.17577,0.1755,0.17558,-0.00072904,-0.00044664,-0.00064182,-0.00064182,-5.000000000002225e-05,-0.000284770474997279
1770808200000,2026-02-11T11:10:00Z,0.17553,0.17566,0.17528,0.17528,112775.7,19791.879248,0.17553,0.17569,0.17528,0.17528,0.17558,0.17581,0.1755,0.1755,-0.00064182,-0.00092247,-0.00119109,-0.00092247,-0.00021999999999999797,-0.0012535612535612421
1770808500000,2026-02-11T11:15:00Z,0.17528,0.17576,0.17509,0.17569,134131.2,23527.997326,0.17528,0.17576,0.17523,0.17569,0.1755,0.17589,0.17541,0.17581,-0.00092247,-0.00008995,-0.0003854,-0.00008995,-0.00011999999999998123,-0.0006825550309992676
1770808800000,2026-02-11T11:20:00Z,0.17569,0.17625,0.17569,0.17605,368993.3,64979.429315,0.17569,0.17622,0.17569,0.17605,0.17581,0.17636,0.17581,0.17619,-0.00008995,-0.00060373,-0.00060995,-0.00060995,-0.00014000000000000123,-0.0007945967421533641
1770809100000,2026-02-11T11:25:00Z,0.17605,0.17645,0.17603,0.17628,406513.7,71638.16971,0.17605,0.17644,0.17604,0.17633,0.17619,0.17658,0.17619,0.17648,-0.00060995,-0.00004405,-0.00042789,-0.00042789,-0.00020000000000000573,-0.0011332728921124532
1770809400000,2026-02-11T11:30:00Z,0.17628,0.17654,0.17619,0.17644,206862.3,36480.143474,0.17633,0.17651,0.17625,0.17649,0.17648,0.17671,0.1764,0.17671,-0.00042789,-0.00053616,-0.00117344,-0.00117344,-0.00026999999999999247,-0.0015279271122177153
1770809700000,2026-02-11T11:35:00Z,0.17644,0.17673,0.17644,0.1766,125602.4,22183.26259,0.17649,0.17673,0.17649,0.1766,0.17671,0.17689,0.17671,0.17679,-0.00117344,-0.00057759,-0.00125627,-0.00125627,-0.00018999999999999573,-0.0010747214208948227
1770810000000,2026-02-11T11:40:00Z,0.1766,0.17666,0.17641,0.17649,197781.3,34909.36892,0.1766,0.17666,0.17645,0.17649,0.17679,0.17683,0.17665,0.17665,-0.00125627,-0.00064074,-0.0010528,-0.0010528,-0.00015999999999999348,-0.0009057458250778006
1770810300000,2026-02-11T11:45:00Z,0.17649,0.1768,0.17628,0.17675,108124.2,19080.707559,0.17649,0.1768,0.17628,0.17675,0.17665,0.17692,0.17649,0.17691,-0.0010528,-0.00085248,-0.00099229,-0.00099229,-0.00016000000000002124,-0.0009044146741282077
1770810600000,2026-02-11T11:50:00Z,0.17675,0.17705,0.17661,0.17672,501127,88621.64219,0.17675,0.17705,0.17663,0.17672,0.17691,0.17723,0.17684,0.17693,-0.00099229,-0.00055209,-0.00062461,-0.00062461,-0.00021000000000001573,-0.0011869100774318415
1770810900000,2026-02-11T11:55:00Z,0.17672,0.17676,0.17658,0.17666,61259.6,10823.798888,0.17672,0.17673,0.1766,0.17667,0.17693,0.17693,0.17679,0.17685,-0.00062461,-0.00049349,-0.00052565,-0.00049349,-0.00018999999999999573,-0.001074356799547615
1770811200000,2026-02-11T12:00:00Z,0.17666,0.17673,0.17606,0.17611,511274.1,90166.94297,0.17667,0.17673,0.17611,0.17611,0.17685,0.1769,0.17636,0.17637,-0.00049349,-0.00096769,-0.00105287,-0.00096769,-0.0002600000000000102,-0.0014741736122923978
1770811500000,2026-02-11T12:05:00Z,0.17611,0.17715,0.17611,0.17667,775162.2,136975.718761,0.17611,0.17709,0.17611,0.17669,0.17637,0.17719,0.17637,0.17692,-0.00096769,-0.00022537,-0.00106289,-0.00106289,-0.0002500000000000002,-0.001413068053357451
1770811800000,2026-02-11T12:10:00Z,0.17667,0.1767,0.17631,0.17645,350422.4,61811.96033,0.17669,0.1767,0.17631,0.17645,0.17692,0.17692,0.17655,0.1766,-0.00106289,-0.00101314,-0.00122836,-0.00101314,-0.00015000000000001124,-0.0008493771234428721
1770812100000,2026-02-11T12:15:00Z,0.17645,0.17684,0.17645,0.17682,328509.8,58047.627597,0.17645,0.17684,0.17645,0.17682,0.1766,0.17702,0.1766,0.17697,-0.00101314,-0.00076569,-0.00087669,-0.00076569,-0.00014999999999998348,-0.000847601288353865
1770812400000,2026-02-11T12:20:00Z,0.17682,0.17747,0.17677,0.17738,132539.6,23490.652912,0.17682,0.17751,0.17677,0.17743,0.17697,0.17766,0.17697,0.17766,-0.00076569,-0.00063826,-0.00114331,-0.00114331,-0.00028000000000000247,-0.0015760441292356324
1770812700000,2026-02-11T12:25:00Z,0.17738,0.1775,0.17715,0.17717,281691.5,49941.605629,0.17743,0.17749,0.17718,0.1772,0.17766,0.17766,0.17737,0.17741,-0.00114331,-0.00055933,-0.00090666,-0.00090666,-0.00024000000000001798,-0.0013527986021082124
1770813000000,2026-02-11T12:30:00Z,0.17717,0.17726,0.17698,0.1771,173342.8,30703.334181,0.1772,0.17726,0.17699,0.17712,0.17741,0.17741,0.17718,0.17729,-0.00090666,-0.00012173,-0.00053521,-0.00012173,-0.00018999999999999573,-0.0010716904506740128
1770813300000,2026-02-11T12:35:00Z,0.1771,0.17716,0.17679,0.1768,130350.2,23076.514744,0.17712,0.17716,0.1768,0.1768,0.17729,0.17731,0.17702,0.17702,-0.00012173,-0.00069229,-0.00131752,-0.00131752,-0.00021999999999999797,-0.0012427974240198732
1770813600000,2026-02-11T12:40:00Z,0.1768,0.1768,0.17658,0.17667,69718.8,12317.918684,0.1768,0.1768,0.17658,0.17667,0.17702,0.17702,0.17681,0.17688,-0.00131752,-0.00070625,-0.00091074,-0.00091074,-0.00021000000000001573,-0.0011872455902307538
1770813900000,2026-02-11T12:45:00Z,0.17667,0.17672,0.17651,0.17672,98584.9,17413.453169,0.17667,0.17672,0.17658,0.17672,0.17688,0.1769,0.17679,0.17683,-0.00091074,-0.00071788,-0.00079443,-0.00071788,-0.00010999999999999899,-0.000622066391449409
1770814200000,2026-02-11T12:50:00Z,0.17672,0.17672,0.17647,0.17661,114262.8,20181.549848,0.17672,0.17672,0.17653,0.17664,0.17683,0.17688,0.17673,0.17683,-0.00071788,-0.0004517,-0.00070664,-0.00070664,-0.00021999999999999797,-0.001244132782898818
1770814500000,2026-02-11T12:55:00Z,0.17661,0.17678,0.17659,0.17677,74067,13086.095857,0.17664,0.1768,0.17664,0.17679,0.17683,0.17694,0.17679,0.17694,-0.00070664,-0.00018471,-0.00050311,-0.00050311,-0.00016999999999997573,-0.0009607776647449742
1770814800000,2026-02-11T13:00:00Z,0.17677,0.17706,0.17676,0.17692,84371.3,14928.137434,0.17679,0.17708,0.17679,0.17693,0.17694,0.17726,0.17688,0.17716,-0.00050311,-0.00053364,-0.00082095,-0.00082095,-0.00024000000000001798,-0.0013547076089411715
1770815100000,2026-02-11T13:05:00Z,0.17692,0.17724,0.17669,0.17679,147823,26161.27555,0.17693,0.17724,0.17675,0.17681,0.17716,0.17741,0.177,0.17707,-0.00082095,-0.00090633,-0.00142666,-0.00142666,-0.00028000000000000247,-0.0015812955328401337
1770815400000,2026-02-11T13:10:00Z,0.17679,0.17694,0.17666,0.17693,77917.1,13774.008749,0.17681,0.17694,0.17668,0.17693,0.17707,0.17718,0.17693,0.17716,-0.00142666,-0.00060633,-0.00112345,-0.00060633,-0.00023000000000000798,-0.0012982614585685705
1770815700000,2026-02-11T13:15:00Z,0.17693,0.17701,0.17649,0.17673,151638.9,26789.101903,0.17693,0.17701,0.17652,0.17673,0.17716,0.17724,0.17678,0.17693,-0.00060633,-0.00091527,-0.00135628,-0.00091527,-0.00020000000000000573,-0.0011303905499350348
1770816000000,2026-02-11T13:20:00Z,0.17673,0.17707,0.1765,0.17657,135218.6,23902.741641,0.17673,0.17707,0.1765,0.17657,0.17693,0.17725,0.17669,0.17674,-0.00091527,-0.00053264,-0.00152947,-0.00053264,-0.00017000000000000348,-0.0009618648862736419
1770816300000,2026-02-11T13:25:00Z,0.17657,0.17667,0.17616,0.17665,161026.7,28406.149017,0.17657,0.17667,0.17621,0.17667,0.17674,0.17674,0.17642,0.17672,-0.00053264,-0.00049323,-0.00112558,-0.00112558,-6.999999999998674e-05,-0.00039610683567217487
1770816600000,2026-02-11T13:30:00Z,0.17665,0.17904,0.17659,0.17881,3061185.6,543948.428604,0.17667,0.17897,0.17661,0.17881,0.17672,0.17913,0.17672,0.17896,-0.00112558,-0.00078424,-0.00080201,-0.00080201,-0.00015000000000001124,-0.0008381761287439161
1770816900000,2026-02-11T13:35:00Z,0.17881,0.17895,0.17786,0.17889,534079.2,95320.88085,0.17881,0.17895,0.17787,0.17889,0.17896,0.17911,0.17808,0.17906,-0.00080201,-0.00007367,-0.00034385,-0.00034385,-0.00017000000000000348,-0.0009494024349380291
1770817200000,2026-02-11T13:40:00Z,0.17889,0.17889,0.17806,0.17827,266724.5,47557.128889,0.17889,0.17896,0.17808,0.17827,0.17906,0.17916,0.17835,0.17848,-0.00034385,-0.00084041,-0.0012435,-0.00084041,-0.00020999999999998797,-0.0011766024204391975
1770817500000,2026-02-11T13:45:00Z,0.17827,0.17903,0.17826,0.17849,187487.3,33492.574131,0.17827,0.17903,0.17827,0.17849,0.17848,0.17913,0.17848,0.17872,-0.00084041,-0.0006777,-0.00097168,-0.00097168,-0.00022999999999998022,-0.0012869292748432198
1770817800000,2026-02-11T13:50:00Z,0.17849,0.17859,0.17761,0.17815,390522.7,69540.716125,0.17849,0.17862,0.17766,0.17815,0.17872,0.17888,0.17791,0.17827,-0.00097168,-0.00049668,-0.0014966,-0.00049668,-0.00012000000000000899,-0.0006731362539967969
1770818100000,2026-02-11T13:55:00Z,0.17815,0.17964,0.17815,0.17962,420116.1,75294.750835,0.17815,0.17961,0.17815,0.1796,0.17827,0.1798,0.17827,0.17978,-0.00049668,-0.00056971,-0.00080703,-0.00056971,-0.00015999999999999348,-0.0008899766381132133
1770818400000,2026-02-11T14:00:00Z,0.17962,0.18246,0.17949,0.18192,1992635.9,360808.746683,0.1796,0.18234,0.17954,0.1821,0.17978,0.18252,0.17973,0.1823,-0.00056971,-0.0007928,-0.00102563,-0.00102563,-0.00037999999999999146,-0.0020844761382336338
1770818700000,2026-02-11T14:05:00Z,0.18192,0.18411,0.18181,0.18411,1549791.1,283821.595439,0.1821,0.18411,0.18189,0.18411,0.1823,0.18431,0.1821,0.18431,-0.00102563,-0.00084783,-0.00135519,-0.00084783,-0.00020000000000000573,-0.001085128316423448
1770819000000,2026-02-11T14:10:00Z,0.18411,0.18632,0.18373,0.1861,3136269.4,581609.556377,0.18411,0.18632,0.18378,0.1861,0.18431,0.18652,0.18404,0.18623,-0.00084783,-0.00117187,-0.00135792,-0.00117187,-0.000130000000000019,-0.0006980615368094238
1770819300000,2026-02-11T14:15:00Z,0.1861,0.18633,0.18434,0.18461,1170940.8,216743.958728,0.1861,0.18629,0.18435,0.18461,0.18623,0.18652,0.18458,0.18476,-0.00117187,-0.00012281,-0.00025162,-0.00025162,-0.00015000000000001124,-0.000811864039835523
1770819600000,2026-02-11T14:20:00Z,0.18461,0.18461,0.18172,0.18184,2038186.1,372629.639113,0.18461,0.18461,0.18177,0.18184,0.18476,0.18476,0.18183,0.182,-0.00025162,-0.000451,-0.00103339,-0.000451,-0.00015999999999999348,-0.0008791208791208433
1770819900000,2026-02-11T14:25:00Z,0.18184,0.18242,0.18122,0.18147,1232335.6,224133.864953,0.18184,0.18235,0.18142,0.18149,0.182,0.18241,0.18159,0.18168,-0.000451,-0.00047055,-0.00054476,-0.00047055,-0.00021000000000001573,-0.0011558784676354895
1770820200000,2026-02-11T14:30:00Z,0.18147,0.18218,0.17965,0.17985,2568185.7,464636.670407,0.18149,0.18217,0.17984,0.17988,0.18168,0.18236,0.17995,0.1801,-0.00047055,-0.00065782,-0.00102291,-0.00065782,-0.0002500000000000002,-0.0013881177123820111
1770820500000,2026-02-11T14:35:00Z,0.17985,0.17985,0.17832,0.1784,2228054,399396.121677,0.17988,0.17988,0.17845,0.17845,0.1801,0.1801,0.17868,0.17868,-0.00065782,0,-0.0004334,0,-0.00028000000000000247,-0.001567047235280963
1770820800000,2026-02-11T14:40:00Z,0.1784,0.1789,0.17774,0.17828,1162202.7,207251.301189,0.17845,0.1789,0.17779,0.17834,0.17868,0.17903,0.17795,0.17852,0,-0.00035738,-0.00048767,-0.00048767,-0.00024000000000001798,-0.0013443871835089511
1770821100000,2026-02-11T14:45:00Z,0.17828,0.17885,0.177,0.17715,782328.9,139242.56293,0.17834,0.1788,0.17712,0.17722,0.17852,0.1788,0.17733,0.17743,-0.00048767,-0.00052667,-0.00093999,-0.00052667,-0.00028000000000000247,-0.001578087132953855
1770821400000,2026-02-11T14:50:00Z,0.17715,0.17768,0.17639,0.17742,980551.1,173685.051237,0.17722,0.17768,0.17648,0.17742,0.17743,0.17785,0.1767,0.17762,-0.00052667,-0.00091047,-0.00108467,-0.00108467,-0.00020000000000000573,-0.0011259993244004376
1770821700000,2026-02-11T14:55:00Z,0.17742,0.17746,0.1753,0.17553,2344962.9,412544.970365,0.17742,0.17746,0.17538,0.17556,0.17762,0.17762,0.17562,0.1758,-0.00108467,-0.00085699,-0.00131519,-0.00131519,-0.0002700000000000202,-0.0015358361774745176
1770822000000,2026-02-11T15:00:00Z,0.17553,0.17676,0.17484,0.17571,2494929.2,438710.502659,0.17556,0.17662,0.17489,0.17575,0.1758,0.17676,0.17518,0.176,-0.00131519,-0.00056388,-0.00080366,-0.00080366,-0.0002899999999999847,-0.001647727272727186
1770822300000,2026-02-11T15:05:00Z,0.17571,0.17619,0.17313,0.17328,2450853.4,427314.172373,0.17575,0.17613,0.17316,0.17332,0.176,0.17631,0.17334,0.17358,-0.00080366,-0.00071525,-0.0011686,-0.0011686,-0.00030000000000002247,-0.0017283097131007169
1770822600000,2026-02-11T15:10:00Z,0.17328,0.17441,0.17282,0.17424,1290231.4,224113.024558,0.17332,0.1744,0.17284,0.17419,0.17358,0.17447,0.1731,0.17432,-0.0011686,-0.00060805,-0.00087137,-0.00060805,-7.999999999999674e-05,-0.0004589261128958051
1770822900000,2026-02-11T15:15:00Z,0.17424,0.17543,0.17389,0.17497,1425960.8,248965.059099,0.17419,0.1754,0.17403,0.17503,0.17432,0.17553,0.17425,0.17525,-0.00060805,-0.00013519,-0.00107424,-0.00013519,-0.00028000000000000247,-0.0015977175463623536
1770823200000,2026-02-11T15:20:00Z,0.17497,0.17639,0.17424,0.17533,1379806.4,242032.80078,0.17503,0.17639,0.17437,0.17538,0.17525,0.17653,0.1746,0.17567,-0.00013519,-0.00100905,-0.00108163,-0.00108163,-0.0003399999999999792,-0.0019354471452153424
1770823500000,2026-02-11T15:25:00Z,0.17533,0.17581,0.17423,0.17438,788705.3,137898.536087,0.17538,0.17581,0.17426,0.17438,0.17567,0.17602,0.17452,0.17464,-0.00108163,-0.0004076,-0.00158915,-0.00158915,-0.00025999999999998247,-0.0014887769125056258
1770823800000,2026-02-11T15:30:00Z,0.17438,0.17484,0.17421,0.17471,1013060.6,176796.79702,0.17438,0.17482,0.17429,0.17471,0.17464,0.17497,0.17454,0.17481,-0.00158915,-0.00023409,-0.0005795,-0.00023409,-9.999999999998899e-05,-0.0005720496539098964
1770824100000,2026-02-11T15:35:00Z,0.17471,0.1753,0.17416,0.17446,473462.9,82689.04306,0.17471,0.1753,0.17423,0.17452,0.17481,0.17542,0.17442,0.17472,-0.00023409,-0.00084347,-0.00111422,-0.00084347,-0.00025999999999998247,-0.0014880952380951378
1770824400000,2026-02-11T15:40:00Z,0.17446,0.1754,0.1742,0.17507,655452.9,114630.896233,0.17452,0.1754,0.17424,0.17512,0.17472,0.17545,0.17443,0.1753,-0.00084347,-0.00021206,-0.00107132,-0.00021206,-0.00023000000000000798,-0.0013120365088420305
1770824700000,2026-02-11T15:45:00Z,0.17507,0.17534,0.17397,0.17399,477080.8,83279.698645,0.17512,0.17531,0.17402,0.17406,0.1753,0.17546,0.17426,0.1743,-0.00021206,-0.00040477,-0.0011832,-0.0011832,-0.0003100000000000047,-0.001778542742398191
1770825000000,2026-02-11T15:50:00Z,0.17399,0.17489,0.17334,0.17478,543334.2,94542.877268,0.17406,0.1749,0.17334,0.17486,0.1743,0.17511,0.1736,0.17507,-0.0011832,-0.00062072,-0.00113674,-0.00062072,-0.00029000000000001247,-0.0016564802650369135
1770825300000,2026-02-11T15:55:00Z,0.17478,0.17565,0.17467,0.1752,513793.2,90068.567428,0.17486,0.17565,0.17479,0.1752,0.17507,0.17573,0.175,0.17529,-0.00062072,0,-0.00155898,0,-9.000000000000674e-05,-0.0005134348793428418
1770825600000,2026-02-11T16:00:00Z,0.1752,0.17608,0.17516,0.17576,998657.4,175255.714331,0.1752,0.17608,0.17519,0.17589,0.17529,0.17621,0.17529,0.17605,0,-0.00082969,-0.0009202,-0.00082969,-0.00029000000000001247,-0.0016472593013349187
1770825900000,2026-02-11T16:05:00Z,0.17576,0.17623,0.17562,0.17612,317873,55912.064211,0.17589,0.17623,0.17568,0.17612,0.17605,0.1764,0.17588,0.17632,-0.00082969,-0.00052768,-0.00058129,-0.00058129,-0.00020000000000000573,-0.0011343012704174552
1770826200000,2026-02-11T16:10:00Z,0.17612,0.17846,0.17596,0.17833,1227584,217844.323605,0.17612,0.1784,0.176,0.17833,0.17632,0.17857,0.17619,0.17839,-0.00058129,0,-0.00016583,-0.00016583,-6.0000000000004494e-05,-0.000336341723190787
1770826500000,2026-02-11T16:15:00Z,0.17833,0.17838,0.17744,0.1778,388882.8,69151.766885,0.17833,0.17837,0.1775,0.1778,0.17839,0.17854,0.1777,0.17799,-0.00016583,-0.00056026,-0.00091986,-0.00091986,-0.00018999999999999573,-0.001067475700882048
1770826800000,2026-02-11T16:20:00Z,0.1778,0.17855,0.17743,0.17793,422157.5,75108.759406,0.1778,0.17854,0.1775,0.17793,0.17799,0.17865,0.17768,0.17804,-0.00091986,0,0,0,-0.00010999999999999899,-0.0006178386879352898
1770827100000,2026-02-11T16:25:00Z,0.17793,0.17816,0.1765,0.1765,888888.9,157369.046271,0.17793,0.17815,0.17655,0.17655,0.17804,0.17827,0.1767,0.17672,0,-0.00030245,-0.0005725,-0.0005725,-0.00021999999999999797,-0.0012449071978270596
1770827400000,2026-02-11T16:30:00Z,0.1765,0.17708,0.17619,0.17644,430451.3,75960.149966,0.17655,0.17708,0.17623,0.17644,0.17672,0.17723,0.17641,0.17653,-0.0005725,-0.0009254,-0.00104751,-0.00104751,-8.999999999997899e-05,-0.000509828357786093
1770827700000,2026-02-11T16:35:00Z,0.17644,0.17654,0.17457,0.17524,1052759.2,184372.534961,0.17644,0.17654,0.17465,0.17524,0.17653,0.17661,0.17484,0.17534,-0.00104751,-0.00008614,-0.00101354,-0.00008614,-9.999999999998899e-05,-0.0005703205201322515
1770828000000,2026-02-11T16:40:00Z,0.17524,0.17609,0.17512,0.17518,313253.6,55001.767977,0.17524,0.17609,0.17522,0.17527,0.17534,0.17618,0.17534,0.1755,-0.00008614,-0.00053028,-0.00116046,-0.00116046,-0.00031999999999998696,-0.0018233618233617491
1770828300000,2026-02-11T16:45:00Z,0.17518,0.17544,0.17419,0.17446,463976.6,81181.816548,0.17527,0.17547,0.17423,0.17446,0.1755,0.17567,0.17448,0.1747,-0.00116046,-0.00113059,-0.00116467,-0.00116467,-0.00023999999999999022,-0.0013737836290783642
1770828600000,2026-02-11T16:50:00Z,0.17446,0.17469,0.17397,0.17449,985570.3,171817.290491,0.17446,0.17469,0.17405,0.1745,0.1747,0.17488,0.17431,0.17473,-0.00116467,-0.00121703,-0.00135472,-0.00121703,-0.00023999999999999022,-0.0013735477594001616
1770828900000,2026-02-11T16:55:00Z,0.17449,0.17463,0.17422,0.17424,244753.6,42688.739568,0.1745,0.17463,0.17423,0.17424,0.17473,0.17487,0.1744,0.1744,-0.00121703,-0.00054853,-0.00067115,-0.00067115,-0.00015999999999999348,-0.0009174311926605131
1770829200000,2026-02-11T17:00:00Z,0.17424,0.17442,0.17356,0.17367,786529,136792.039912,0.17424,0.17442,0.17367,0.17367,0.1744,0.17455,0.17382,0.17382,-0.00067115,0,-0.00047046,0,-0.00015000000000001124,-0.0008629616845012728
1770829500000,2026-02-11T17:05:00Z,0.17367,0.17444,0.17354,0.17428,609897.6,106049.969431,0.17367,0.17442,0.17359,0.17428,0.17382,0.1745,0.17374,0.17443,0,-0.00031476,-0.00078436,-0.00078436,-0.00015000000000001124,-0.0008599438170040202
1770829800000,2026-02-11T17:10:00Z,0.17428,0.1748,0.17409,0.17451,229614.8,40060.136047,0.17428,0.17478,0.17411,0.17451,0.17443,0.17489,0.1743,0.17468,-0.00078436,-0.00040002,-0.00056941,-0.00056941,-0.00017000000000000348,-0.0009732081520494818
1770830100000,2026-02-11T17:15:00Z,0.17451,0.1755,0.17448,0.17548,826441.7,144505.307378,0.17451,0.1755,0.17451,0.17548,0.17468,0.1756,0.17468,0.1756,-0.00056941,-0.00033961,-0.00034727,-0.00033961,-0.00012000000000000899,-0.0006833712984055182
1770830400000,2026-02-11T17:20:00Z,0.17548,0.17677,0.17548,0.17644,1499784.2,264282.030217,0.17548,0.17675,0.17548,0.17647,0.1756,0.17681,0.1756,0.1766,-0.00033961,-0.00000981,-0.00014057,-0.00014057,-0.00015999999999999348,-0.0009060022650056256
1770830700000,2026-02-11T17:25:00Z,0.17644,0.17741,0.17644,0.17709,718793.9,127278.980667,0.17647,0.1774,0.17647,0.17709,0.1766,0.17744,0.1766,0.17718,-0.00014057,-0.00079853,-0.00080313,-0.00079853,-9.000000000000674e-05,-0.0005079580088046435
1770831000000,2026-02-11T17:30:00Z,0.17709,0.17792,0.17669,0.17769,332860.7,59047.30044,0.17709,0.17792,0.17673,0.17769,0.17718,0.17796,0.17686,0.17779,-0.00079853,0,-0.00059838,0,-0.00010000000000001674,-0.0005624613307836028
1770831300000,2026-02-11T17:35:00Z,0.17769,0.1779,0.17742,0.17743,270050.5,47980.089683,0.17769,0.17787,0.17747,0.17747,0.17779,0.17792,0.17759,0.17759,0,0,-0.00015454,0,-0.00015999999999999348,-0.0009009516301593191
1770831600000,2026-02-11T17:40:00Z,0.17743,0.17757,0.17674,0.17683,186281.2,32985.763361,0.17747,0.17757,0.17674,0.17683,0.17759,0.17767,0.17692,0.17694,0,-0.00002884,-0.00057244,-0.00057244,-0.00010999999999999899,-0.0006216796654233016
1770831900000,2026-02-11T17:45:00Z,0.17683,0.17687,0.17615,0.17678,749030.2,132141.88055,0.17683,0.17687,0.17624,0.17678,0.17694,0.17701,0.17643,0.17691,-0.00057244,-0.00055729,-0.00104295,-0.00104295,-0.000130000000000019,-0.0007348369227291785
1770832200000,2026-02-11T17:50:00Z,0.17678,0.17733,0.17662,0.17688,274525.4,48595.916672,0.17678,0.17733,0.1767,0.17688,0.17691,0.17739,0.17688,0.17701,-0.00104295,-0.00046591,-0.00078803,-0.00078803,-0.00012999999999999123,-0.0007344217840799459
1770832500000,2026-02-11T17:55:00Z,0.17688,0.17691,0.17605,0.17617,283790.4,50057.201565,0.17688,0.17691,0.17608,0.17617,0.17701,0.17702,0.17631,0.17636,-0.00078803,-0.00047959,-0.00139076,-0.00139076,-0.00018999999999999573,-0.0010773418008618494
1770832800000,2026-02-11T18:00:00Z,0.17617,0.17641,0.17543,0.17547,449187.2,79021.302333,0.17617,0.17641,0.17555,0.17555,0.17636,0.17656,0.17576,0.17576,-0.00139076,-0.00031923,-0.00077659,-0.00031923,-0.00029000000000001247,-0.001649977241693289
1770833100000,2026-02-11T18:05:00Z,0.17547,0.17549,0.1749,0.17502,387024.4,67761.388274,0.17555,0.17555,0.1749,0.17511,0.17576,0.17576,0.1751,0.17529,-0.00031923,-0.00024081,-0.0006549,-0.0006549,-0.00026999999999999247,-0.001540304638028367
1770833400000,2026-02-11T18:10:00Z,0.17502,0.17547,0.1747,0.17547,257803.7,45109.679103,0.17511,0.17547,0.17474,0.17547,0.17529,0.17562,0.17491,0.17558,-0.0006549,-0.00026207,-0.00066355,-0.00066355,-0.00011000000000002674,-0.0006264950449938873
1770833700000,2026-02-11T18:15:00Z,0.17547,0.17744,0.17542,0.17724,893717.9,158068.151122,0.17547,0.17742,0.17544,0.17724,0.17558,0.17748,0.17558,0.17729,-0.00066355,0,-0.00021179,0,-4.999999999999449e-05,-0.000282023802808926
1770834000000,2026-02-11T18:20:00Z,0.17724,0.17812,0.17665,0.17786,257923,45753.400636,0.17724,0.1781,0.17669,0.17792,0.17729,0.17816,0.17683,0.17802,0,0,-0.00052783,-0.00052783,-0.00016000000000002124,-0.0008987754184924234
1770834300000,2026-02-11T18:25:00Z,0.17786,0.17852,0.17768,0.17819,609035.2,108405.08573,0.17792,0.17842,0.1778,0.17819,0.17802,0.17846,0.17791,0.17829,-0.00052783,-0.00068024,-0.00076422,-0.00068024,-0.00010000000000001674,-0.0005608839531101955
1770834600000,2026-02-11T18:30:00Z,0.17819,0.17827,0.1771,0.1772,438075.5,77812.936417,0.17819,0.17826,0.17717,0.17726,0.17829,0.17834,0.17733,0.17745,-0.00068024,-0.00046779,-0.00062452,-0.00062452,-0.0002500000000000002,-0.0014088475626937178
1770834900000,2026-02-11T18:35:00Z,0.1772,0.17853,0.17702,0.17826,960697.2,170905.819816,0.17726,0.17853,0.17707,0.17826,0.17745,0.17866,0.17728,0.17839,-0.00062452,0,-0.00114111,0,-0.00012999999999999123,-0.0007287404002466015
1770835200000,2026-02-11T18:40:00Z,0.17826,0.17852,0.17791,0.17811,164546.3,29313.77886,0.17826,0.1785,0.17795,0.17811,0.17839,0.17858,0.17804,0.17818,0,-0.00007108,-0.00057305,-0.00007108,-7.00000000000145e-05,-0.00039286115164448586
1770835500000,2026-02-11T18:45:00Z,0.17811,0.17917,0.17805,0.1789,740597.8,132394.868411,0.17811,0.17911,0.17811,0.1789,0.17818,0.17921,0.17818,0.179,-0.00007108,-0.00010614,-0.00067603,-0.00010614,-9.999999999998899e-05,-0.0005586592178770335
1770835800000,2026-02-11T18:50:00Z,0.1789,0.179,0.17807,0.17839,407177.2,72620.591164,0.1789,0.179,0.17812,0.17839,0.179,0.17908,0.17824,0.17853,-0.00010614,0,-0.00038743,-0.00038743,-0.00014000000000000123,-0.0007841819302078152
1770836100000,2026-02-11T18:55:00Z,0.17839,0.17852,0.17793,0.17819,169019.8,30122.893465,0.17839,0.17851,0.17793,0.17819,0.17853,0.17863,0.1781,0.17828,-0.00038743,0,-0.00083763,0,-9.000000000000674e-05,-0.0005048238725600557
1770836400000,2026-02-11T19:00:00Z,0.17819,0.17847,0.17774,0.17844,313307.7,55791.390258,0.17819,0.17844,0.17779,0.17844,0.17828,0.17853,0.17791,0.17853,0,-0.00026803,-0.00099601,-0.00026803,-9.000000000000674e-05,-0.0005041169551336287
1770836700000,2026-02-11T19:05:00Z,0.17844,0.17912,0.17784,0.17848,1139671.4,203436.221566,0.17844,0.17911,0.17789,0.17848,0.17853,0.1792,0.17807,0.17863,-0.00026803,-0.00015308,-0.00084892,-0.00084892,-0.00015000000000001124,-0.000839724570340991
1770837000000,2026-02-11T19:10:00Z,0.17848,0.17861,0.17795,0.17832,391064.2,69722.26404,0.17848,0.17861,0.17796,0.17835,0.17863,0.17867,0.17812,0.17848,-0.00084892,-0.00034995,-0.00049103,-0.00034995,-0.00015999999999999348,-0.0008964589870013082
1770837300000,2026-02-11T19:15:00Z,0.17832,0.17876,0.17808,0.1781,139447,24875.144175,0.17835,0.17876,0.1781,0.1781,0.17848,0.17879,0.17827,0.17827,-0.00034995,0,-0.00075212,-0.00075212,-0.00017000000000000348,-0.000953609693162077
1770837600000,2026-02-11T19:20:00Z,0.1781,0.17846,0.17773,0.17832,191884.3,34185.835807,0.1781,0.17846,0.17779,0.17838,0.17827,0.17853,0.17791,0.17848,-0.00075212,-0.00024928,-0.00067735,-0.00067735,-0.00015999999999999348,-0.0008964589870013082
1770837900000,2026-02-11T19:25:00Z,0.17832,0.17835,0.17733,0.17733,164748.2,29287.354715,0.17838,0.17838,0.17735,0.17736,0.17848,0.17848,0.17753,0.17753,-0.00067735,-0.00079343,-0.00091068,-0.00079343,-0.00020000000000000573,-0.0011265701571565691
1770838200000,2026-02-11T19:30:00Z,0.17733,0.17735,0.1765,0.17675,614584.1,108641.25112,0.17736,0.17736,0.17654,0.17675,0.17753,0.17753,0.17674,0.1769,-0.00079343,-0.00082161,-0.0011326,-0.0011326,-0.00015000000000001124,-0.0008479366873940714
1770838500000,2026-02-11T19:35:00Z,0.17675,0.17751,0.17667,0.17729,258623.3,45826.499584,0.17675,0.17751,0.17667,0.17736,0.1769,0.17758,0.1768,0.17751,-0.0011326,-0.00028659,-0.00060665,-0.00060665,-0.00021999999999999797,-0.0012393667962368204
1770838800000,2026-02-11T19:40:00Z,0.17729,0.17797,0.17722,0.17782,559438.3,99413.467279,0.17736,0.17797,0.17728,0.17782,0.17751,0.17803,0.17741,0.17787,-0.00060665,-0.00013997,-0.00067069,-0.00067069,-4.999999999999449e-05,-0.00028110417720804236
1770839100000,2026-02-11T19:45:00Z,0.17782,0.17798,0.17706,0.17714,424490,75338.519482,0.17782,0.17798,0.17709,0.17716,0.17787,0.17807,0.17718,0.17727,-0.00067069,-0.00016629,-0.00019025,-0.00019025,-0.000130000000000019,-0.0007333446155582951
1770839400000,2026-02-11T19:50:00Z,0.17714,0.17732,0.17673,0.177,138340.4,24492.907394,0.17716,0.17732,0.17678,0.177,0.17727,0.17739,0.17692,0.17712,-0.00019025,-0.0003176,-0.00054974,-0.00054974,-0.00012000000000000899,-0.0006775067750678014
1770839700000,2026-02-11T19:55:00Z,0.177,0.17718,0.17672,0.17702,104467.6,18484.30689,0.177,0.17718,0.17679,0.17704,0.17712,0.17729,0.17693,0.1772,-0.00054974,0,-0.00082514,-0.00082514,-0.00017999999999998573,-0.0010158013544017254
1770840000000,2026-02-11T20:00:00Z,0.17702,0.17734,0.17688,0.17716,209137.6,37045.486557,0.17704,0.17734,0.17692,0.17716,0.1772,0.17746,0.17708,0.17731,-0.00082514,-0.00077482,-0.00097896,-0.00097896,-0.00014999999999998348,-0.0008459759742822372
1770840300000,2026-02-11T20:05:00Z,0.17716,0.17718,0.17612,0.1766,470929.2,83088.474999,0.17716,0.17717,0.17616,0.17664,0.17731,0.17731,0.17635,0.17683,-0.00097896,-0.00099201,-0.00105803,-0.00099201,-0.00022999999999998022,-0.0013006842730304826
1770840600000,2026-02-11T20:10:00Z,0.1766,0.17754,0.17657,0.17749,353176.9,62595.591379,0.17664,0.17754,0.17662,0.17749,0.17683,0.17767,0.17681,0.17761,-0.00099201,-0.00043521,-0.00080417,-0.00080417,-0.00011999999999998123,-0.0006756376330160534
1770840900000,2026-02-11T20:15:00Z,0.17749,0.1778,0.177,0.17704,368579.4,65457.176622,0.17749,0.17778,0.17709,0.17709,0.17761,0.17786,0.17724,0.17724,-0.00080417,0,-0.00011781,-0.00011781,-0.00020000000000000573,-0.0011284134506883644
1770841200000,2026-02-11T20:20:00Z,0.17704,0.17739,0.17638,0.17648,351554.2,62112.431361,0.17709,0.17739,0.1764,0.17642,0.17724,0.1775,0.17658,0.1766,-0.00011781,-0.00046668,-0.00057419,-0.00046668,-0.00012000000000000899,-0.0006795016987542978
1770841500000,2026-02-11T20:25:00Z,0.17648,0.17648,0.1758,0.17607,440561.7,77591.872986,0.17642,0.17647,0.17585,0.1761,0.1766,0.17661,0.17603,0.17627,-0.00046668,-0.00044936,-0.00052757,-0.00044936,-0.00020000000000000573,-0.0011346230215011387
1770841800000,2026-02-11T20:30:00Z,0.17607,0.17667,0.17595,0.17645,170054.9,29991.208268,0.1761,0.17666,0.176,0.17645,0.17627,0.17679,0.17615,0.17662,-0.00044936,-0.00053308,-0.00095492,-0.00053308,-0.00017000000000000348,-0.0009625184010870993
1770842100000,2026-02-11T20:35:00Z,0.17645,0.17696,0.17635,0.17682,72534.4,12816.416855,0.17645,0.17696,0.1764,0.17688,0.17662,0.1771,0.17661,0.17709,-0.00053308,-0.00040438,-0.00118363,-0.00040438,-0.00026999999999999247,-0.001524648483821743
1770842400000,2026-02-11T20:40:00Z,0.17682,0.17704,0.17667,0.17697,99268.7,17555.401019,0.17688,0.17704,0.17669,0.17697,0.17709,0.17719,0.17685,0.17714,-0.00040438,-0.00029372,-0.00076866,-0.00029372,-0.00017000000000000348,-0.0009596928982725725
1770842700000,2026-02-11T20:45:00Z,0.17697,0.17889,0.17689,0.17845,221715.1,39492.791358,0.17697,0.17893,0.17692,0.17846,0.17714,0.17902,0.17709,0.17858,-0.00029372,0,-0.00045056,-0.00045056,-0.00012999999999999123,-0.0007279650576771825
1770843000000,2026-02-11T20:50:00Z,0.17845,0.17864,0.17802,0.17843,275432.5,49122.598249,0.17846,0.17862,0.17805,0.1785,0.17858,0.17867,0.17819,0.17859,-0.00045056,0,-0.00019874,0,-0.00015999999999999348,-0.0008959068256900917
1770843300000,2026-02-11T20:55:00Z,0.17843,0.17927,0.17843,0.17877,475304.7,85011.089978,0.1785,0.17922,0.17845,0.17878,0.17859,0.17929,0.17854,0.17887,0,-0.00012825,-0.00020854,-0.00012825,-9.999999999998899e-05,-0.0005590652429137865
1770843600000,2026-02-11T21:00:00Z,0.17877,0.17899,0.17858,0.17869,383330.5,68533.994488,0.17878,0.17899,0.17865,0.17874,0.17887,0.1791,0.17878,0.17894,-0.00012825,-0.00061202,-0.00088983,-0.00061202,-0.0002500000000000002,-0.0013971163518497834
1770843900000,2026-02-11T21:05:00Z,0.17869,0.17933,0.17869,0.17917,190095.2,34041.871667,0.17874,0.17933,0.17874,0.17917,0.17894,0.1794,0.17893,0.1793,-0.00061202,-0.00031143,-0.00032688,-0.00031143,-0.00012999999999999123,-0.000725041829336259
1770844200000,2026-02-11T21:10:00Z,0.17917,0.17934,0.17879,0.17906,193477.6,34640.706744,0.17917,0.17931,0.17884,0.17906,0.1793,0.17939,0.17895,0.17915,-0.00031143,0,-0.00007491,0,-9.000000000000674e-05,-0.000502372313703638
1770844500000,2026-02-11T21:15:00Z,0.17906,0.17914,0.17854,0.17909,87708.6,15686.479483,0.17906,0.17914,0.17859,0.17909,0.17915,0.17922,0.17871,0.17918,0,-0.00015186,-0.0001538,-0.00015186,-9.000000000000674e-05,-0.0005022882018082751
1770844800000,2026-02-11T21:20:00Z,0.17909,0.18001,0.17887,0.17997,697523.7,125247.106886,0.17909,0.18003,0.17891,0.17997,0.17918,0.18015,0.17901,0.1801,-0.00015186,-0.00016592,-0.00022766,-0.00016592,-0.000130000000000019,-0.0007218212104387506
1770845100000,2026-02-11T21:25:00Z,0.17997,0.1813,0.1798,0.1812,543078.3,98139.820494,0.17997,0.18131,0.17986,0.1812,0.1801,0.18141,0.18,0.18125,-0.00016592,0,-0.00023373,-0.00023373,-4.999999999999449e-05,-0.0002758620689654869
1770845400000,2026-02-11T21:30:00Z,0.1812,0.18154,0.18067,0.18095,511152.3,92591.957131,0.1812,0.18155,0.18072,0.18095,0.18125,0.1817,0.18089,0.18112,-0.00023373,-0.00008202,-0.0002803,-0.0002803,-0.00017000000000000348,-0.0009386042402827048
1770845700000,2026-02-11T21:35:00Z,0.18095,0.18168,0.18095,0.18129,224860.7,40771.416204,0.18095,0.18163,0.18095,0.18129,0.18112,0.18175,0.18112,0.1814,-0.0002803,0,-0.00040033,0,-0.00010999999999999899,-0.0006063947078279988
1770846000000,2026-02-11T21:40:00Z,0.18129,0.1813,0.18009,0.18036,98395.3,17755.931108,0.18129,0.1813,0.18014,0.18036,0.1814,0.18141,0.18029,0.18046,0,-0.00002062,-0.00012053,-0.00012053,-0.00010000000000001674,-0.0005541394214785367
1770846300000,2026-02-11T21:45:00Z,0.18036,0.1807,0.18028,0.18057,127624.4,23038.256834,0.18036,0.1807,0.18034,0.18057,0.18046,0.18074,0.18046,0.18068,-0.00012053,-0.00026495,-0.00068284,-0.00026495,-0.00010999999999999899,-0.0006088111578481237
1770846600000,2026-02-11T21:50:00Z,0.18057,0.1811,0.18053,0.18104,76383.5,13816.954414,0.18057,0.1811,0.18057,0.18104,0.18068,0.1812,0.18068,0.1812,-0.00026495,-0.00051722,-0.00061612,-0.00061612,-0.00015999999999999348,-0.0008830022075054828
1770846900000,2026-02-11T21:55:00Z,0.18104,0.18109,0.18042,0.18054,77204.6,13960.793109,0.18104,0.18109,0.18046,0.18054,0.1812,0.18122,0.18067,0.18072,-0.00061612,-0.00048628,-0.00061222,-0.00061222,-0.00017999999999998573,-0.0009960159362549011
1770847200000,2026-02-11T22:00:00Z,0.18054,0.18071,0.18005,0.18015,134341.4,24238.50566,0.18054,0.18071,0.18008,0.18015,0.18072,0.18079,0.18023,0.1803,-0.00061222,-0.00042293,-0.00102461,-0.00042293,-0.00014999999999998348,-0.0008319467554075623
1770847500000,2026-02-11T22:05:00Z,0.18015,0.18087,0.18015,0.18062,156740.5,28301.525964,0.18015,0.18087,0.18015,0.18062,0.1803,0.18093,0.1803,0.18074,-0.00042293,0,-0.00041665,0,-0.00012000000000000899,-0.0006639371472834402
1770847800000,2026-02-11T22:10:00Z,0.18062,0.18084,0.18031,0.18061,315376.8,56949.246568,0.18062,0.18084,0.18035,0.18061,0.18074,0.1809,0.18047,0.18067,0,0,-0.0002802,-0.0002802,-6.0000000000004494e-05,-0.00033209719377873747
1770848100000,2026-02-11T22:15:00Z,0.18061,0.18115,0.18053,0.18053,228536.4,41328.381468,0.18061,0.18115,0.18056,0.18066,0.18067,0.1812,0.18065,0.18079,-0.0002802,0,-0.00019041,-0.00019041,-0.0002600000000000102,-0.0014381326400797069
1770848400000,2026-02-11T22:20:00Z,0.18053,0.18097,0.18023,0.18074,159975.6,28886.332547,0.18066,0.18097,0.18023,0.18074,0.18079,0.18099,0.18041,0.18086,-0.00019041,0,-0.00042473,0,-0.00011999999999998123,-0.0006634966272253746
1770848700000,2026-02-11T22:25:00Z,0.18074,0.18101,0.18026,0.18063,176652.9,31914.667574,0.18074,0.18101,0.1803,0.18063,0.18086,0.18112,0.18048,0.1807,0,-0.00060614,-0.00074011,-0.00060614,-6.999999999998674e-05,-0.0003873824017708176
1770849000000,2026-02-11T22:30:00Z,0.18063,0.1811,0.1801,0.18012,206873.7,37368.227548,0.18063,0.18103,0.18018,0.18018,0.1807,0.18105,0.18034,0.18035,-0.00060614,-0.00012089,-0.00084637,-0.00084637,-0.00023000000000000798,-0.0012752980316052562
1770849300000,2026-02-11T22:35:00Z,0.18012,0.1803,0.17983,0.18005,120959,21774.351318,0.18018,0.1803,0.17986,0.18005,0.18035,0.1804,0.18002,0.1802,-0.00084637,-0.00005524,-0.00035911,-0.00005524,-0.00015000000000001124,-0.0008324084350722044
1770849600000,2026-02-11T22:40:00Z,0.18005,0.18018,0.17968,0.17968,91677.8,16497.985093,0.18005,0.18017,0.17977,0.17979,0.1802,0.18026,0.17995,0.17997,-0.00005524,0,-0.0003645,-0.0003645,-0.0002899999999999847,-0.0016113796743900913
1770849900000,2026-02-11T22:45:00Z,0.17968,0.17972,0.17946,0.1796,45840.4,8234.838088,0.17979,0.17979,0.17946,0.1796,0.17997,0.17997,0.17968,0.17973,-0.0003645,-0.00031641,-0.0005751,-0.00031641,-0.00012999999999999123,-0.0007233071829966686
1770850200000,2026-02-11T22:50:00Z,0.1796,0.1796,0.17832,0.17862,213922.2,38237.029719,0.1796,0.1796,0.17832,0.17862,0.17973,0.17973,0.17857,0.17875,-0.00031641,-0.00036521,-0.0007092,-0.00036521,-0.00012999999999999123,-0.0007272727272726782
1770850500000,2026-02-11T22:55:00Z,0.17862,0.17884,0.17853,0.17864,72283.8,12914.510072,0.17862,0.17886,0.17858,0.17864,0.17875,0.17904,0.17875,0.17883,-0.00036521,-0.00033083,-0.00047617,-0.00047617,-0.00018999999999999573,-0.0010624615556673698
1770850800000,2026-02-11T23:00:00Z,0.17864,0.17864,0.17808,0.17864,136445.5,24338.418731,0.17864,0.17864,0.17808,0.17864,0.17883,0.17883,0.17832,0.17876,-0.00047617,-0.00035456,-0.00052614,-0.00035456,-0.00012000000000000899,-0.0006712911165809408
1770851100000,2026-02-11T23:05:00Z,0.17864,0.17929,0.17831,0.17836,245648,43909.821215,0.17864,0.17929,0.17837,0.17842,0.17876,0.1793,0.17853,0.17863,-0.00035456,-0.00097536,-0.0012633,-0.0012633,-0.0002700000000000202,-0.0015115042266137838
1770851400000,2026-02-11T23:10:00Z,0.17836,0.17837,0.17753,0.17787,532275.1,94641.826043,0.17842,0.17842,0.17761,0.1779,0.17863,0.17863,0.17779,0.17808,-0.0012633,0,-0.00079659,0,-0.00020999999999998797,-0.0011792452830188004
1770851700000,2026-02-11T23:15:00Z,0.17787,0.17827,0.17778,0.178,200217.3,35654.186673,0.1779,0.17827,0.17783,0.17801,0.17808,0.17835,0.17794,0.17818,0,-0.00040775,-0.00067833,-0.00067833,-0.00018000000000001348,-0.0010102143899428301
1770852000000,2026-02-11T23:20:00Z,0.178,0.17819,0.17669,0.17704,740326.4,131237.499855,0.17801,0.17819,0.17677,0.17708,0.17818,0.17826,0.1769,0.17721,-0.00067833,0,-0.00057229,0,-0.00017000000000000348,-0.0009593138084758393
1770852300000,2026-02-11T23:25:00Z,0.17704,0.17726,0.17682,0.17716,148010,26210.917621,0.17708,0.17726,0.17693,0.17716,0.17721,0.17737,0.17701,0.17728,0,-0.0000243,-0.0003894,-0.0003894,-0.00011999999999998123,-0.0006768953068590999
1770852600000,2026-02-11T23:30:00Z,0.17716,0.17741,0.1769,0.17698,117664,20846.840431,0.17716,0.17741,0.17692,0.17706,0.17728,0.1775,0.17707,0.17722,-0.0003894,-0.00003581,-0.00020632,-0.00020632,-0.00023999999999999022,-0.0013542489560997078
1770852900000,2026-02-11T23:35:00Z,0.17698,0.17756,0.17652,0.17756,138886.9,24574.998035,0.17706,0.17756,0.17653,0.17756,0.17722,0.17761,0.1767,0.17761,-0.00020632,-0.00035635,-0.00093748,-0.00035635,-4.999999999999449e-05,-0.0002815156804233686
1770853200000,2026-02-11T23:40:00Z,0.17756,0.17787,0.17746,0.17787,224663.5,39908.838645,0.17756,0.17787,0.17749,0.17787,0.17761,0.17794,0.17758,0.17794,-0.00035635,-0.00042976,-0.00058577,-0.00058577,-6.999999999998674e-05,-0.0003933910306844259
1770853500000,2026-02-11T23:45:00Z,0.17787,0.17807,0.17759,0.17759,140958.9,25081.579446,0.17787,0.1781,0.17764,0.17764,0.17794,0.17825,0.1778,0.1778,-0.00058577,-0.00008944,-0.00037355,-0.00008944,-0.00021000000000001573,-0.0011811023622048129
1770853800000,2026-02-11T23:50:00Z,0.17759,0.17762,0.1774,0.17755,86797,15407.456346,0.17764,0.17764,0.17742,0.17755,0.1778,0.1778,0.17759,0.17772,-0.00008944,-0.0004052,-0.00082765,-0.0004052,-0.00016999999999997573,-0.0009565608822866067
1770854100000,2026-02-11T23:55:00Z,0.17755,0.17784,0.17745,0.17767,153585.6,27282.882513,0.17755,0.1778,0.17747,0.17767,0.17772,0.17794,0.17763,0.17782,-0.0004052,-0.00006239,-0.00064775,-0.00064775,-0.00015000000000001124,-0.000843549656956536
1770854400000,2026-02-12T00:00:00Z,0.17767,0.17851,0.17767,0.17849,342915.3,61100.018154,0.17767,0.17853,0.17767,0.17849,0.17782,0.17867,0.17782,0.17864,-0.00064775,-0.00105516,-0.00142019,-0.00142019,-0.00014999999999998348,-0.0008396775638154024
1770854700000,2026-02-12T00:05:00Z,0.17849,0.17921,0.17848,0.17909,403985.6,72280.629341,0.17849,0.17921,0.17848,0.17909,0.17864,0.1793,0.17864,0.17923,-0.00142019,-0.00007144,-0.00022218,-0.00007144,-0.00014000000000000123,-0.00078111923227139
1770855000000,2026-02-12T00:10:00Z,0.17909,0.17925,0.1787,0.1792,157566,28188.917605,0.17909,0.17925,0.17875,0.17925,0.17923,0.17937,0.17893,0.17937,-0.00007144,-0.00024527,-0.00024905,-0.00024905,-0.00017000000000000348,-0.0009477616100797429
1770855300000,2026-02-12T00:15:00Z,0.1792,0.17956,0.17901,0.1794,248305.3,44521.243335,0.17925,0.17956,0.17906,0.17946,0.17937,0.17968,0.17918,0.17961,-0.00024905,-0.00017344,-0.00064277,-0.00017344,-0.00020999999999998797,-0.0011691999331885083
1770855600000,2026-02-12T00:20:00Z,0.1794,0.17965,0.1788,0.17915,333012.9,59671.595314,0.17946,0.17963,0.17884,0.17915,0.17961,0.17972,0.179,0.17922,-0.00017344,-0.00048145,-0.00074285,-0.00048145,-6.999999999998674e-05,-0.0003905814083248898
1770855900000,2026-02-12T00:25:00Z,0.17915,0.17933,0.1785,0.17881,284727.8,50964.357689,0.17915,0.1793,0.17857,0.17885,0.17922,0.17931,0.17872,0.179,-0.00048145,-0.00019716,-0.00086131,-0.00086131,-0.00018999999999999573,-0.0010614525139664567
1770856200000,2026-02-12T00:30:00Z,0.17881,0.17936,0.17878,0.17911,139452.2,24959.616243,0.17885,0.17936,0.17884,0.17911,0.179,0.17948,0.179,0.17925,-0.00086131,-0.00040429,-0.00075813,-0.00075813,-0.00014000000000000123,-0.0007810320781032147
1770856500000,2026-02-12T00:35:00Z,0.17911,0.18007,0.17902,0.17949,362033.7,65092.02533,0.17911,0.18009,0.17908,0.17949,0.17925,0.18022,0.17922,0.17973,-0.00075813,-0.00050455,-0.00089078,-0.00089078,-0.00023999999999999022,-0.001335336337840039
1770856800000,2026-02-12T00:40:00Z,0.17949,0.17989,0.17949,0.17986,72105.6,12955.448992,0.17949,0.1799,0.17949,0.17988,0.17973,0.18008,0.17971,0.18006,-0.00089078,-0.00060034,-0.00089784,-0.00060034,-0.00020000000000000573,-0.0011107408641564242
1770857100000,2026-02-12T00:45:00Z,0.17986,0.18017,0.17965,0.17977,417826.1,75163.148184,0.17988,0.18017,0.17979,0.17979,0.18006,0.18029,0.18001,0.18003,-0.00060034,-0.00030808,-0.00117897,-0.00117897,-0.00025999999999998247,-0.001444203743820377
1770857400000,2026-02-12T00:50:00Z,0.17977,0.17978,0.17952,0.17964,64809.9,11642.70641,0.17979,0.17979,0.17952,0.17964,0.18003,0.18003,0.17976,0.1798,-0.00117897,-0.00074509,-0.00075907,-0.00074509,-0.00015999999999999348,-0.000889877641824213
1770857700000,2026-02-12T00:55:00Z,0.17964,0.17978,0.17918,0.17918,110081.2,19764.575307,0.17964,0.17978,0.1792,0.1792,0.1798,0.17991,0.17937,0.17937,-0.00074509,-0.00078801,-0.00092598,-0.00092598,-0.00018999999999999573,-0.0010592629759714318
1770858000000,2026-02-12T01:00:00Z,0.17918,0.1797,0.17918,0.17941,89298,16026.391102,0.1792,0.1797,0.1792,0.17945,0.17937,0.17979,0.17936,0.17959,-0.00092598,-0.00044168,-0.00072192,-0.00072192,-0.00018000000000001348,-0.001002282977894167
1770858300000,2026-02-12T01:05:00Z,0.17941,0.17958,0.17913,0.17931,115180.6,20646.551773,0.17945,0.17954,0.17919,0.17931,0.17959,0.17965,0.17935,0.17944,-0.00072192,-0.00057989,-0.00089624,-0.00089624,-0.00012999999999999123,-0.0007244761480160011
1770858600000,2026-02-12T01:10:00Z,0.17931,0.17969,0.17929,0.17969,156872.8,28165.739272,0.17931,0.17969,0.17929,0.17969,0.17944,0.17977,0.17944,0.17977,-0.00089624,-0.00003852,-0.00059091,-0.00059091,-8.00000000000245e-05,-0.00044501307225913386
1770858900000,2026-02-12T01:15:00Z,0.17969,0.18015,0.17957,0.17973,385893.8,69384.333637,0.17969,0.18015,0.17961,0.17976,0.17977,0.1802,0.1797,0.17988,-0.00059091,-0.00001473,-0.00054414,-0.00054414,-0.00015000000000001124,-0.0008338892595064
1770859200000,2026-02-12T01:20:00Z,0.17973,0.1799,0.17949,0.17957,119877.8,21537.664926,0.17976,0.1799,0.17949,0.17957,0.17988,0.18,0.17964,0.17964,-0.00054414,-0.00019949,-0.00046576,-0.00046576,-6.999999999998674e-05,-0.0003896682253394942
1770859500000,2026-02-12T01:25:00Z,0.17957,0.18055,0.17956,0.18013,266983.5,48107.591839,0.17957,0.18051,0.17956,0.18013,0.17964,0.18054,0.17964,0.18021,-0.00046576,-0.00003923,-0.00019439,-0.00019439,-7.999999999999674e-05,-0.00044392653015924054
1770859800000,2026-02-12T01:30:00Z,0.18013,0.18026,0.1798,0.1798,111666.2,20104.722297,0.18013,0.18026,0.1798,0.1798,0.18021,0.18031,0.17988,0.17988,-0.00019439,-0.00007739,-0.00017828,-0.00007739,-8.00000000000245e-05,-0.0004447409384035162
1770860100000,2026-02-12T01:35:00Z,0.1798,0.18068,0.17975,0.18022,761172,137228.500167,0.1798,0.18068,0.17977,0.18028,0.17988,0.1807,0.17985,0.18038,-0.00007739,0,-0.00018352,-0.00018352,-0.00016000000000002124,-0.0008870162989246105
1770860400000,2026-02-12T01:40:00Z,0.18022,0.18041,0.17996,0.18002,143986.4,25941.454731,0.18028,0.18041,0.18001,0.18002,0.18038,0.18049,0.18008,0.18008,-0.00018352,-0.00032173,-0.00040711,-0.00032173,-5.999999999997674e-05,-0.0003331852509994266
1770860700000,2026-02-12T01:45:00Z,0.18002,0.18002,0.17966,0.17969,131511.2,23649.176514,0.18002,0.18004,0.1797,0.1797,0.18008,0.18016,0.17983,0.17983,-0.00032173,-0.00027538,-0.00037791,-0.00027538,-0.00014000000000000123,-0.0007785130400934285
1770861000000,2026-02-12T01:50:00Z,0.17969,0.17996,0.17954,0.17969,190387.8,34217.115427,0.1797,0.17996,0.17962,0.17969,0.17983,0.18006,0.17974,0.17978,-0.00027538,-0.00032639,-0.0012299,-0.0012299,-9.000000000000674e-05,-0.0005006118589387403
1770861300000,2026-02-12T01:55:00Z,0.17969,0.17987,0.17952,0.17957,121710.6,21869.75462,0.17969,0.17987,0.17957,0.17957,0.17978,0.17993,0.17969,0.1797,-0.0012299,-0.00005659,-0.00096257,-0.00005659,-0.00012999999999999123,-0.0007234279354479201
1770861600000,2026-02-12T02:00:00Z,0.17957,0.17957,0.17928,0.17953,172468.3,30947.835419,0.17957,0.17958,0.17929,0.17953,0.1797,0.17971,0.17945,0.17966,-0.00005659,0,-0.00062765,-0.00062765,-0.00012999999999999123,-0.0007235890014471293
1770861900000,2026-02-12T02:05:00Z,0.17953,0.18008,0.17935,0.17977,181724.8,32668.786142,0.17953,0.18008,0.17937,0.17987,0.17966,0.18017,0.17954,0.18001,-0.00062765,0,-0.00047554,-0.00047554,-0.00023999999999999022,-0.0013332592633742027
1770862200000,2026-02-12T02:10:00Z,0.17977,0.17984,0.17912,0.17912,173317.3,31105.084437,0.17987,0.17987,0.17916,0.17916,0.18001,0.18001,0.17933,0.17933,-0.00047554,-0.00038518,-0.00100072,-0.00100072,-0.00020999999999998797,-0.001171025483744984
1770862500000,2026-02-12T02:15:00Z,0.17912,0.1793,0.17901,0.17912,206606.7,37016.599477,0.17916,0.17932,0.17904,0.17912,0.17933,0.1794,0.17913,0.17917,-0.00100072,-0.00010099,-0.00025342,-0.00025342,-4.999999999999449e-05,-0.0002790645755427499
1770862800000,2026-02-12T02:20:00Z,0.17912,0.17953,0.1791,0.17936,147553.4,26470.781869,0.17912,0.17955,0.1791,0.17945,0.17917,0.17962,0.17916,0.17955,-0.00025342,-0.00007428,-0.00053992,-0.00053992,-0.00018999999999999573,-0.0010582010582010344
1770863100000,2026-02-12T02:25:00Z,0.17936,0.17967,0.17936,0.17967,183461.4,32935.090103,0.17945,0.17967,0.17943,0.17967,0.17955,0.17972,0.17953,0.17972,-0.00053992,-0.00023899,-0.00042465,-0.00042465,-4.999999999999449e-05,-0.00027821054974401564
1770863400000,2026-02-12T02:30:00Z,0.17967,0.18092,0.17966,0.18087,304858.7,54966.156815,0.17967,0.18092,0.17966,0.18089,0.17972,0.18095,0.17968,0.18095,-0.00042465,0,0,0,-7.999999999999674e-05,-0.00044211108040893474
1770863700000,2026-02-12T02:35:00Z,0.18087,0.18102,0.18073,0.18076,130668.1,23638.500954,0.18089,0.18101,0.18076,0.18076,0.18095,0.18109,0.18087,0.18087,0,0,-0.00007416,-0.00007416,-0.00010999999999999899,-0.0006081716149720738
1770864000000,2026-02-12T02:40:00Z,0.18076,0.18118,0.18071,0.18108,142652.7,25816.862009,0.18076,0.18121,0.18074,0.18109,0.18087,0.18128,0.18085,0.18118,-0.00007416,0,-0.00033968,0,-0.00010000000000001674,-0.0005519372999228211
1770864300000,2026-02-12T02:45:00Z,0.18108,0.18111,0.18057,0.18066,135085.8,24419.966707,0.18109,0.18111,0.18065,0.18067,0.18118,0.18118,0.1808,0.18084,0,-0.00056841,-0.00083278,-0.00056841,-0.00018000000000001348,-0.0009953550099536246
1770864600000,2026-02-12T02:50:00Z,0.18066,0.18091,0.18049,0.18055,111831.8,20204.410296,0.18067,0.18091,0.1805,0.18055,0.18084,0.18103,0.18064,0.18064,-0.00056841,0,-0.00061106,0,-9.000000000000674e-05,-0.0004982285208149178
1770864900000,2026-02-12T02:55:00Z,0.18055,0.18055,0.17993,0.18003,64414.6,11604.510906,0.18055,0.18055,0.17993,0.18003,0.18064,0.18068,0.18003,0.1801,0,-0.00031404,-0.00079807,-0.00031404,-7.00000000000145e-05,-0.00038867295946704326
1770865200000,2026-02-12T03:00:00Z,0.18003,0.1806,0.17986,0.18054,245080.7,44161.535842,0.18003,0.18058,0.17986,0.18054,0.1801,0.18062,0.17998,0.18055,-0.00031404,0,0,0,-9.999999999982245e-06,-5.538631957896564e-05
1770865500000,2026-02-12T03:05:00Z,0.18054,0.18074,0.1804,0.18064,66210.9,11955.481459,0.18054,0.18073,0.18042,0.18064,0.18055,0.18073,0.18047,0.18067,0,0,-0.00003734,-0.00003734,-3.0000000000002247e-05,-0.00016604859688936874
1770865800000,2026-02-12T03:10:00Z,0.18064,0.18082,0.18057,0.18073,108994.2,19691.674314,0.18064,0.18086,0.18059,0.18073,0.18067,0.18091,0.18065,0.18081,-0.00003734,-0.00001315,-0.00028344,-0.00028344,-7.999999999999674e-05,-0.00044245340412586
1770866100000,2026-02-12T03:15:00Z,0.18073,0.18083,0.18026,0.18029,120714.6,21807.811616,0.18073,0.18083,0.1803,0.1803,0.18081,0.18084,0.18046,0.18046,-0.00028344,-0.00032466,-0.0003756,-0.0003756,-0.00017000000000000348,-0.000942037016513374
1770866400000,2026-02-12T03:20:00Z,0.18029,0.18049,0.18006,0.18006,124514.7,22444.91925,0.1803,0.18049,0.18008,0.18009,0.18046,0.18055,0.18017,0.18018,-0.0003756,0,0,0,-0.00012000000000000899,-0.0006660006660007159
1770866700000,2026-02-12T03:25:00Z,0.18006,0.18024,0.1799,0.18016,106302.5,19139.391683,0.18009,0.18028,0.1799,0.18018,0.18018,0.18034,0.17998,0.18028,0,-0.00001775,-0.00047174,-0.00001775,-0.00012000000000000899,-0.0006656312402929277
1770867000000,2026-02-12T03:30:00Z,0.18016,0.18057,0.18004,0.18057,124632.1,22470.627178,0.18018,0.18057,0.18007,0.18057,0.18028,0.18062,0.18018,0.18062,-0.00001775,0,-0.00022429,0,-4.999999999999449e-05,-0.00027682427195213426
1770867300000,2026-02-12T03:35:00Z,0.18057,0.18075,0.18037,0.18062,212546.9,38377.098627,0.18057,0.18077,0.1804,0.18062,0.18062,0.18082,0.18048,0.18067,0,-0.00010532,-0.00035476,-0.00010532,-4.999999999999449e-05,-0.00027674766148223
1770867600000,2026-02-12T03:40:00Z,0.18062,0.18083,0.18062,0.18072,98879.5,17869.209263,0.18062,0.18084,0.18062,0.18072,0.18067,0.18088,0.18067,0.18077,-0.00010532,0,0,0,-4.999999999999449e-05,-0.0002765945676826603
1770867900000,2026-02-12T03:45:00Z,0.18072,0.18098,0.18068,0.1807,56288,10178.891803,0.18072,0.18097,0.18068,0.18073,0.18077,0.18096,0.18074,0.18076,0,0,-0.00006855,-0.00006855,-6.0000000000004494e-05,-0.0003319318433281948
1770868200000,2026-02-12T03:50:00Z,0.1807,0.18096,0.18051,0.18096,53452.8,9658.540846,0.18073,0.18098,0.18054,0.18098,0.18076,0.18097,0.18059,0.18097,-0.00006855,0,0,0,-9.999999999982245e-06,-5.525777753208955e-05
1770868500000,2026-02-12T03:55:00Z,0.18096,0.18111,0.18083,0.1809,134850.6,24404.449888,0.18098,0.18111,0.18088,0.18091,0.18097,0.18112,0.18089,0.18094,0,0,0,0,-3.999999999998449e-05,-0.00022106775726751682
1770868800000,2026-02-12T04:00:00Z,0.1809,0.1809,0.1804,0.18048,150943,27264.859663,0.18091,0.18091,0.18051,0.18057,0.18094,0.18094,0.18055,0.18062,0,0,0,0,-0.00014000000000000123,-0.0007751079614660681
1770869100000,2026-02-12T04:05:00Z,0.18048,0.18101,0.1804,0.18101,234628.8,42389.852304,0.18057,0.18102,0.18045,0.18101,0.18062,0.18106,0.1805,0.18102,0,0,0,0,-9.999999999982245e-06,-5.52425146391683e-05
1770869400000,2026-02-12T04:10:00Z,0.18101,0.18108,0.1808,0.1809,211431.9,38263.936152,0.18101,0.18108,0.18083,0.1809,0.18102,0.18113,0.18089,0.18095,0,0,-0.00031862,-0.00031862,-4.999999999999449e-05,-0.00027631942525556505
1770869700000,2026-02-12T04:15:00Z,0.1809,0.18097,0.17999,0.18047,230627.2,41626.07538,0.1809,0.18095,0.17999,0.18047,0.18095,0.18101,0.18011,0.18048,-0.00031862,-0.00044376,-0.00083228,-0.00044376,-1.0000000000010001e-05,-5.540780141849513e-05
1770870000000,2026-02-12T04:20:00Z,0.18047,0.18069,0.18033,0.18058,139460,25173.190348,0.18047,0.18067,0.18039,0.18058,0.18048,0.18067,0.18045,0.18058,-0.00044376,0,-0.00024244,-0.00024244,0.0,0.0
1770870300000,2026-02-12T04:25:00Z,0.18058,0.18071,0.18044,0.1805,139255.4,25149.918329,0.18058,0.18068,0.18048,0.18053,0.18058,0.18068,0.1805,0.18059,-0.00024244,0,0,0,-9.000000000000674e-05,-0.0004983664654743161
1770870600000,2026-02-12T04:30:00Z,0.1805,0.18117,0.18047,0.18116,312108.4,56405.25961,0.18053,0.18117,0.18052,0.18116,0.18059,0.1812,0.18059,0.1812,0,0,0,0,-4.000000000001225e-05,-0.0002207505518764473
1770870900000,2026-02-12T04:35:00Z,0.18116,0.18193,0.18116,0.18176,216302.6,39270.283049,0.18116,0.18191,0.18116,0.18175,0.1812,0.18195,0.1812,0.18175,0,-0.00028561,-0.00039565,-0.00039565,1.0000000000010001e-05,5.502063273733151e-05
1770871200000,2026-02-12T04:40:00Z,0.18176,0.18187,0.18156,0.18182,95225.1,17300.770534,0.18175,0.18187,0.18161,0.18185,0.18175,0.18188,0.18166,0.18188,-0.00039565,0,-0.00016821,-0.00016821,-5.999999999997674e-05,-0.0003298878381349062
1770871500000,2026-02-12T04:45:00Z,0.18182,0.18195,0.18146,0.18146,91823.1,16686.694701,0.18185,0.18192,0.18149,0.18153,0.18188,0.18196,0.18157,0.18162,-0.00016821,0,-0.00012895,0,-0.00015999999999999348,-0.0008809602466688331
1770871800000,2026-02-12T04:50:00Z,0.18146,0.18152,0.18085,0.18105,176379.8,31942.120564,0.18153,0.18153,0.18086,0.18105,0.18162,0.18162,0.18092,0.18111,0,-0.0001195,-0.00081641,-0.0001195,-6.0000000000004494e-05,-0.0003312903760146016
1770872100000,2026-02-12T04:55:00Z,0.18105,0.18129,0.18101,0.18109,84732.2,15347.639896,0.18105,0.18129,0.18102,0.18109,0.18111,0.18132,0.18108,0.1811,-0.0001195,0,-0.00013638,-0.00013638,-1.0000000000010001e-05,-5.521811154064053e-05
1770872400000,2026-02-12T05:00:00Z,0.18109,0.18126,0.181,0.18126,115590.1,20936.866531,0.18109,0.18126,0.18101,0.18126,0.1811,0.1813,0.18104,0.1813,-0.00013638,0,-0.00002186,0,-3.999999999998449e-05,-0.00022062879205727798
1770872700000,2026-02-12T05:05:00Z,0.18126,0.18144,0.18109,0.18124,87658.9,15889.068473,0.18126,0.18144,0.1811,0.18124,0.1813,0.18146,0.18114,0.18129,0,0,0,0,-4.999999999999449e-05,-0.00027580120249321246
1770873000000,2026-02-12T05:10:00Z,0.18124,0.18131,0.18039,0.1805,265994.6,48121.342199,0.18124,0.18131,0.18042,0.1805,0.18129,0.18135,0.1805,0.18058,0,0,-0.00031811,-0.00031811,-7.999999999999674e-05,-0.00044301694539814347
1770873300000,2026-02-12T05:15:00Z,0.1805,0.1806,0.1799,0.18014,826199.2,148904.533374,0.1805,0.1806,0.17994,0.18017,0.18058,0.18065,0.18003,0.18024,-0.00031811,0,-0.00010145,-0.00010145,-0.00010000000000001674,-0.0005548158011541097
1770873600000,2026-02-12T05:20:00Z,0.18014,0.18144,0.18014,0.18133,349159.6,63247.460261,0.18017,0.18144,0.18017,0.18133,0.18024,0.18146,0.18024,0.18142,-0.00010145,-0.00016919,-0.00023706,-0.00023706,-9.000000000000674e-05,-0.0004960864292801606
1770873900000,2026-02-12T05:25:00Z,0.18133,0.18156,0.18088,0.18113,231843.2,42000.074274,0.18133,0.18156,0.18094,0.18123,0.18142,0.18159,0.18107,0.18136,-0.00023706,0,-0.00039099,0,-0.00022999999999998022,-0.0012681958535508393
1770874200000,2026-02-12T05:30:00Z,0.18113,0.18239,0.18107,0.18228,437169,79524.878753,0.18123,0.18237,0.18111,0.1823,0.18136,0.18247,0.18125,0.18244,0,-0.00012489,-0.00026689,-0.00026689,-0.00015999999999999348,-0.0008770006577504576
1770874500000,2026-02-12T05:35:00Z,0.18228,0.18244,0.18182,0.18192,247442.1,45064.281862,0.1823,0.18244,0.18188,0.18192,0.18244,0.18254,0.18199,0.18202,-0.00026689,0,-0.00001736,-0.00001736,-9.999999999998899e-05,-0.0005493901769035765
1770874800000,2026-02-12T05:40:00Z,0.18192,0.18239,0.18192,0.18215,154353.9,28120.095935,0.18192,0.18239,0.18192,0.18216,0.18202,0.18247,0.18202,0.18226,-0.00001736,0,-0.00028171,0,-0.00010999999999999899,-0.0006035334138044496
1770875100000,2026-02-12T05:45:00Z,0.18215,0.1822,0.18182,0.18182,247987.6,45165.520538,0.18216,0.1822,0.18192,0.18192,0.18226,0.18229,0.18203,0.18203,0,-0.00017442,-0.00060743,-0.00017442,-0.00020999999999998797,-0.001153655990770686
1770875400000,2026-02-12T05:50:00Z,0.18182,0.18244,0.18181,0.18219,1120937.8,204256.828689,0.18192,0.18243,0.18189,0.18219,0.18203,0.18252,0.182,0.18235,-0.00017442,-0.0001238,-0.00072813,-0.0001238,-0.00016000000000002124,-0.0008774335069921647
1770875700000,2026-02-12T05:55:00Z,0.18219,0.18249,0.18218,0.18231,92114.1,16796.075955,0.18219,0.18249,0.18219,0.18231,0.18235,0.18263,0.18235,0.18237,-0.0001238,-0.00074597,-0.00095948,-0.00095948,-6.0000000000004494e-05,-0.0003290014805066869
1770876000000,2026-02-12T06:00:00Z,0.18231,0.18245,0.18203,0.18213,146871,26775.17856,0.18231,0.18246,0.18212,0.18215,0.18237,0.18259,0.18227,0.18231,-0.00095948,-0.00017591,-0.00057652,-0.00057652,-0.00018000000000001348,-0.0009873292743130574
1770876300000,2026-02-12T06:05:00Z,0.18213,0.18232,0.18207,0.18226,36438.4,6639.527349,0.18215,0.18234,0.1821,0.18234,0.18231,0.18246,0.18224,0.18246,-0.00057652,-0.00006976,-0.00028109,-0.00006976,-0.00020000000000000573,-0.0010961306587745573
1770876600000,2026-02-12T06:10:00Z,0.18226,0.1829,0.18226,0.18245,111277.4,20323.159218,0.18234,0.1829,0.18229,0.18258,0.18246,0.18296,0.1824,0.18271,-0.00006976,-0.00012763,-0.00048528,-0.00012763,-0.0002600000000000102,-0.0014230200864758919
1770876900000,2026-02-12T06:15:00Z,0.18245,0.18284,0.18241,0.18264,186031.7,33983.459307,0.18258,0.18284,0.18251,0.18266,0.18271,0.18289,0.18264,0.18279,-0.00012763,0,-0.00012678,0,-0.00015000000000001124,-0.0008206138191367756
1770877200000,2026-02-12T06:20:00Z,0.18264,0.18314,0.18261,0.18307,146216,26749.538555,0.18266,0.18319,0.18265,0.18308,0.18279,0.18336,0.18277,0.18326,0,-0.0004099,-0.00044511,-0.00044511,-0.00018999999999999573,-0.001036778347702694
1770877500000,2026-02-12T06:25:00Z,0.18307,0.18375,0.18307,0.18347,1281664.5,235188.049319,0.18308,0.18376,0.18308,0.18353,0.18326,0.18394,0.18326,0.18369,-0.00044511,-0.00042232,-0.00092487,-0.00042232,-0.00021999999999999797,-0.0011976699874788937
1770877800000,2026-02-12T06:30:00Z,0.18347,0.18368,0.18338,0.18351,134445.3,24674.275959,0.18353,0.18367,0.18342,0.18359,0.18369,0.1838,0.1836,0.18374,-0.00042232,-0.00046572,-0.00055509,-0.00055509,-0.00022999999999998022,-0.0012517688037443138
1770878100000,2026-02-12T06:35:00Z,0.18351,0.1837,0.18339,0.18363,189831.7,34837.723729,0.18359,0.18372,0.18339,0.18363,0.18374,0.1839,0.18362,0.18378,-0.00055509,-0.00010378,-0.00085325,-0.00010378,-0.00015000000000001124,-0.0008161932745674787
1770878400000,2026-02-12T06:40:00Z,0.18363,0.18399,0.18355,0.18369,153278.4,28168.767852,0.18363,0.18405,0.18361,0.18372,0.18378,0.18421,0.18378,0.18396,-0.00010378,-0.00061764,-0.00073245,-0.00073245,-0.0002700000000000202,-0.0014677103718200707
1770878700000,2026-02-12T06:45:00Z,0.18369,0.1838,0.18335,0.18343,105566.6,19380.698084,0.18372,0.18383,0.18339,0.18343,0.18396,0.18405,0.18362,0.18368,-0.00073245,-0.00067613,-0.00137891,-0.00067613,-0.0002500000000000002,-0.001361062717770036
1770879000000,2026-02-12T06:50:00Z,0.18343,0.18343,0.1831,0.18314,52856.1,9685.730143,0.18343,0.18343,0.18314,0.18315,0.18368,0.18368,0.18334,0.1834,-0.00067613,-0.00093664,-0.00117678,-0.00093664,-0.0002600000000000102,-0.001417666303162542
1770879300000,2026-02-12T06:55:00Z,0.18314,0.18326,0.1829,0.18321,83115.6,15214.328757,0.18315,0.18326,0.18291,0.18321,0.1834,0.18342,0.18312,0.18327,-0.00093664,-0.00089172,-0.00093021,-0.00093021,-5.999999999997674e-05,-0.0003273858241936855
1770879600000,2026-02-12T07:00:00Z,0.18321,0.1833,0.18296,0.18316,99536.2,18224.340913,0.18321,0.1833,0.18297,0.18316,0.18327,0.18339,0.18314,0.18328,-0.00093021,0,-0.00027476,-0.00027476,-0.00012000000000000899,-0.0006547359231777008
1770879900000,2026-02-12T07:05:00Z,0.18316,0.18316,0.18254,0.18257,641362.3,117177.501435,0.18316,0.18316,0.18262,0.18262,0.18328,0.18328,0.1828,0.18282,-0.00027476,-0.00059622,-0.00090159,-0.00059622,-0.0002500000000000002,-0.001367465266382235
1770880200000,2026-02-12T07:10:00Z,0.18257,0.18258,0.18215,0.18251,290635.3,53000.027721,0.18262,0.18262,0.18221,0.18251,0.18282,0.18282,0.18242,0.18264,-0.00059622,-0.00039538,-0.00057135,-0.00039538,-0.00012999999999999123,-0.0007117827420060843
1770880500000,2026-02-12T07:15:00Z,0.18251,0.18281,0.1823,0.18281,160077.1,29230.369603,0.18251,0.18281,0.18233,0.18281,0.18264,0.18293,0.18248,0.18291,-0.00039538,-0.00017195,-0.0008258,-0.0008258,-9.999999999998899e-05,-0.0005467169646273522
1770880800000,2026-02-12T07:20:00Z,0.18281,0.1834,0.18259,0.1834,53306.5,9751.500524,0.18281,0.1834,0.18264,0.1834,0.18291,0.18347,0.18281,0.18347,-0.0008258,-0.00022216,-0.00050155,-0.00022216,-6.999999999998674e-05,-0.0003815337657381956
1770881100000,2026-02-12T07:25:00Z,0.1834,0.1839,0.1834,0.18354,150090.1,27580.610213,0.1834,0.1839,0.1834,0.18355,0.18347,0.18402,0.18345,0.18367,-0.00022216,-0.00004286,-0.00061655,-0.00004286,-0.00012999999999999123,-0.0007077911471660654
1770881400000,2026-02-12T07:30:00Z,0.18354,0.18382,0.18335,0.18362,161457.4,29629.114904,0.18355,0.18382,0.18337,0.18362,0.18367,0.18387,0.18347,0.18367,-0.00004286,0,-0.00028087,0,-4.999999999999449e-05,-0.0002722273642946289
1770881700000,2026-02-12T07:35:00Z,0.18362,0.18384,0.18353,0.18384,127450.6,23417.546378,0.18362,0.18389,0.18359,0.18389,0.18367,0.18399,0.18367,0.18399,0,0,-0.00010398,-0.00010398,-0.00014999999999998348,-0.000815261699005291
1770882000000,2026-02-12T07:40:00Z,0.18384,0.18384,0.18334,0.18338,47054.8,8637.946248,0.18389,0.1839,0.18339,0.18344,0.18399,0.184,0.18358,0.18365,-0.00010398,-0.00070947,-0.00077204,-0.00077204,-0.0002700000000000202,-0.0014701878573374365
1770882300000,2026-02-12T07:45:00Z,0.18338,0.18376,0.18332,0.18375,163123.3,29964.395856,0.18344,0.18376,0.18333,0.18375,0.18365,0.18393,0.18353,0.18389,-0.00077204,-0.00049708,-0.00082874,-0.00049708,-0.00014000000000000123,-0.0007613247049866836
1770882600000,2026-02-12T07:50:00Z,0.18375,0.18385,0.18368,0.18373,87681.4,16111.758685,0.18375,0.18385,0.18371,0.18375,0.18389,0.18396,0.18384,0.18391,-0.00049708,-0.00045652,-0.00052531,-0.00045652,-0.00017999999999998573,-0.000978739600891663
1770882900000,2026-02-12T07:55:00Z,0.18373,0.18438,0.18367,0.18422,134292.2,24715.792276,0.18375,0.18438,0.18373,0.18432,0.18391,0.18447,0.18389,0.18442,-0.00045652,0,-0.00012564,-0.00012564,-0.00020000000000000573,-0.0010844810758052583
1770883200000,2026-02-12T08:00:00Z,0.18422,0.18466,0.18398,0.18421,514620.4,94947.50321,0.18432,0.18457,0.18409,0.18421,0.18442,0.18464,0.1842,0.18434,-0.00012564,0,-0.00065431,0,-0.00012999999999999123,-0.0007052186177714616
1770883500000,2026-02-12T08:05:00Z,0.18421,0.18452,0.18381,0.18417,135797.8,25018.932563,0.18421,0.1845,0.18388,0.1842,0.18434,0.18459,0.18402,0.18437,0,0,-0.00062142,-0.00062142,-0.00020000000000000573,-0.0010847751803439048
1770883800000,2026-02-12T08:10:00Z,0.18417,0.18417,0.18392,0.18414,156431.2,28785.961098,0.1842,0.1842,0.18392,0.18415,0.18437,0.18437,0.18411,0.18432,-0.00062142,-0.00041524,-0.0005013,-0.0005013,-0.00018000000000001348,-0.000976562500000073
1770884100000,2026-02-12T08:15:00Z,0.18414,0.18414,0.18367,0.18388,115104.9,21170.637203,0.18415,0.18415,0.18368,0.18393,0.18432,0.18432,0.18385,0.18412,-0.0005013,-0.00042562,-0.000593,-0.00042562,-0.00024000000000001798,-0.0013034977188790895
1770884400000,2026-02-12T08:20:00Z,0.18388,0.18419,0.18378,0.184,173402.4,31891.318698,0.18393,0.18419,0.18382,0.184,0.18412,0.18433,0.18398,0.18411,-0.00042562,-0.00040217,-0.0007993,-0.00040217,-0.00010999999999999899,-0.0005974689044592851
1770884700000,2026-02-12T08:25:00Z,0.184,0.18405,0.18286,0.18297,256952.3,47119.707364,0.184,0.18406,0.18293,0.18297,0.18411,0.1842,0.18315,0.18315,-0.00040217,-0.00059029,-0.00104841,-0.00059029,-0.00018000000000001348,-0.0009828009828010563
1770885000000,2026-02-12T08:30:00Z,0.18297,0.18301,0.18194,0.1824,1186577.4,216458.123776,0.18297,0.18301,0.18205,0.18242,0.18315,0.18316,0.18229,0.18266,-0.00059029,-0.00109571,-0.00147635,-0.00147635,-0.00025999999999998247,-0.0014234096134894474
1770885300000,2026-02-12T08:35:00Z,0.1824,0.18302,0.1824,0.18276,210929.9,38549.041792,0.18242,0.18302,0.18242,0.18275,0.18266,0.1832,0.18265,0.18289,-0.00147635,-0.0007023,-0.00100235,-0.0007023,-0.00012999999999999123,-0.0007108097763682609
1770885600000,2026-02-12T08:40:00Z,0.18276,0.18286,0.18257,0.18257,144142.1,26342.502112,0.18275,0.18288,0.18257,0.18257,0.18289,0.18306,0.18272,0.18272,-0.0007023,-0.00009617,-0.00098939,-0.00009617,-0.00014999999999998348,-0.0008209281961470199
1770885900000,2026-02-12T08:45:00Z,0.18257,0.18257,0.18224,0.18236,90417.5,16491.927963,0.18257,0.18257,0.18225,0.1824,0.18272,0.18272,0.18244,0.18254,-0.00009617,-0.00014977,-0.00035843,-0.00035843,-0.00018000000000001348,-0.000986085241590958
1770886200000,2026-02-12T08:50:00Z,0.18236,0.18324,0.18236,0.18323,244386.6,44711.764911,0.1824,0.18324,0.1824,0.18323,0.18254,0.18334,0.18254,0.18334,-0.00035843,-0.00050109,-0.00108409,-0.00050109,-0.00010999999999999899,-0.0005999781826115358
1770886500000,2026-02-12T08:55:00Z,0.18323,0.18327,0.18281,0.18287,107028.6,19595.015302,0.18323,0.18329,0.18283,0.18287,0.18334,0.18346,0.1831,0.1831,-0.00050109,-0.00100207,-0.00121969,-0.00121969,-0.00023000000000000798,-0.0012561441835063241
1770886800000,2026-02-12T09:00:00Z,0.18287,0.18289,0.18253,0.18284,402150.8,73490.668956,0.18287,0.18287,0.18256,0.18284,0.1831,0.1831,0.18281,0.18287,-0.00121969,-0.00064532,-0.0007825,-0.0007825,-3.0000000000002247e-05,-0.00016405096516652402
1770887100000,2026-02-12T09:05:00Z,0.18284,0.18284,0.18235,0.18244,50010.3,9131.667031,0.18284,0.18284,0.18235,0.18244,0.18287,0.18287,0.18247,0.18252,-0.0007825,-0.00044744,-0.00045918,-0.00045918,-7.999999999999674e-05,-0.0004383081306158051
1770887400000,2026-02-12T09:10:00Z,0.18244,0.18328,0.18244,0.18274,249838.1,45679.51701,0.18244,0.18328,0.18244,0.18274,0.18252,0.18334,0.18252,0.18279,-0.00045918,-0.00003445,-0.00034023,-0.00003445,-4.999999999999449e-05,-0.00027353793971220797
1770887700000,2026-02-12T09:15:00Z,0.18274,0.18303,0.18258,0.18277,136501.4,24950.989148,0.18274,0.18303,0.18265,0.18286,0.18279,0.18313,0.18276,0.18301,-0.00003445,-0.00025024,-0.00030572,-0.00030572,-0.00024000000000001798,-0.0013114037484291457
1770888000000,2026-02-12T09:20:00Z,0.18277,0.183,0.18269,0.18295,160201.8,29294.507369,0.18286,0.18301,0.18272,0.18295,0.18301,0.18317,0.18291,0.18303,-0.00030572,-0.0004425,-0.0006358,-0.0006358,-7.999999999999674e-05,-0.00043708681636888346
1770888300000,2026-02-12T09:25:00Z,0.18295,0.18361,0.18295,0.18335,501104.6,91838.990324,0.18295,0.18355,0.18295,0.18335,0.18303,0.18366,0.18303,0.18349,-0.0006358,-0.00051092,-0.00072342,-0.00072342,-0.00013999999999997348,-0.0007629843588204997
1770888600000,2026-02-12T09:30:00Z,0.18335,0.18425,0.1831,0.18401,194522.4,35752.190768,0.18335,0.18425,0.18315,0.18408,0.18349,0.18434,0.18332,0.18421,-0.00072342,0,-0.00039706,0,-0.00020000000000000573,-0.001085717387763996
1770888900000,2026-02-12T09:35:00Z,0.18401,0.18401,0.18349,0.18349,159276.4,29269.910353,0.18408,0.18408,0.18353,0.18354,0.18421,0.18421,0.18373,0.18375,0,-0.00056257,-0.00091425,-0.00091425,-0.0002600000000000102,-0.0014149659863946136
1770889200000,2026-02-12T09:40:00Z,0.18349,0.18385,0.18349,0.18377,64272.5,11806.72007,0.18354,0.18385,0.18354,0.18377,0.18375,0.18401,0.18375,0.18398,-0.00091425,-0.00083476,-0.00098206,-0.00098206,-0.00021000000000001573,-0.0011414284161322737
1770889500000,2026-02-12T09:45:00Z,0.18377,0.18394,0.18348,0.1835,118996.9,21860.639934,0.18377,0.18394,0.18356,0.18356,0.18398,0.18408,0.18382,0.18382,-0.00098206,-0.00099146,-0.00120316,-0.00120316,-0.0003200000000000147,-0.0017408334240018209
1770889800000,2026-02-12T09:50:00Z,0.1835,0.18365,0.18336,0.18345,100530,18448.135643,0.18356,0.18365,0.18339,0.18347,0.18382,0.18382,0.18365,0.18371,-0.00120316,-0.0004899,-0.00117598,-0.00117598,-0.0002600000000000102,-0.0014152740732677057
1770890100000,2026-02-12T09:55:00Z,0.18345,0.18402,0.183,0.18355,1194820.7,219276.900613,0.18347,0.18396,0.18313,0.18357,0.18371,0.18418,0.1833,0.18378,-0.00117598,-0.00064226,-0.00086347,-0.00086347,-0.00023000000000000798,-0.0012514963543367504
1770890400000,2026-02-12T10:00:00Z,0.18355,0.18397,0.18345,0.18354,201741.7,37065.090256,0.18357,0.18394,0.1835,0.18359,0.18378,0.1841,0.18371,0.1838,-0.00086347,-0.00028004,-0.00073669,-0.00073669,-0.00025999999999998247,-0.001414581066376401
1770890700000,2026-02-12T10:05:00Z,0.18354,0.18374,0.18312,0.18318,284704.9,52216.744621,0.18359,0.18374,0.18315,0.18318,0.1838,0.1838,0.18335,0.18335,-0.00073669,-0.00060755,-0.00112459,-0.00112459,-0.00017000000000000348,-0.0009271884374147994
1770891000000,2026-02-12T10:10:00Z,0.18318,0.18324,0.18308,0.18319,48428.4,8868.930027,0.18318,0.18324,0.18308,0.18319,0.18335,0.18337,0.18328,0.18334,-0.00112459,-0.00092482,-0.00107335,-0.00107335,-0.00015000000000001124,-0.0008181520671976177
1770891300000,2026-02-12T10:15:00Z,0.18319,0.18323,0.18275,0.1828,148730,27207.534929,0.18319,0.18323,0.18278,0.1828,0.18334,0.18335,0.18294,0.18294,-0.00107335,-0.00035652,-0.0006177,-0.0006177,-0.00014000000000000123,-0.0007652782333005425
1770891600000,2026-02-12T10:20:00Z,0.1828,0.18312,0.18266,0.18266,81453.8,14904.389549,0.1828,0.18312,0.18266,0.18267,0.18294,0.18318,0.18276,0.18276,-0.0006177,-0.00051142,-0.00065102,-0.00051142,-0.00010000000000001674,-0.0005471656817685311
1770891900000,2026-02-12T10:25:00Z,0.18266,0.18312,0.18266,0.18293,266987.9,48826.866717,0.18267,0.18307,0.18266,0.18293,0.18276,0.18315,0.18276,0.18302,-0.00051142,-0.0003187,-0.00036156,-0.00036156,-8.999999999997899e-05,-0.0004917495355697683
1770892200000,2026-02-12T10:30:00Z,0.18293,0.1836,0.18284,0.18316,159526.9,29232.407943,0.18293,0.18356,0.18286,0.18316,0.18302,0.18364,0.18299,0.18327,-0.00036156,-0.00015364,-0.00045897,-0.00045897,-0.00010999999999999899,-0.0006002073443553172
1770892500000,2026-02-12T10:35:00Z,0.18316,0.1834,0.18297,0.18328,62685.8,11484.303992,0.18316,0.1834,0.18301,0.18333,0.18327,0.18349,0.18315,0.18348,-0.00045897,-0.00040615,-0.00068524,-0.00040615,-0.00020000000000000573,-0.001090037061260114
1770892800000,2026-02-12T10:40:00Z,0.18328,0.18329,0.1828,0.18299,153955.1,28169.114333,0.18333,0.18333,0.18286,0.18299,0.18348,0.18348,0.18303,0.18316,-0.00040615,-0.00047739,-0.00070174,-0.00047739,-0.00016999999999997573,-0.0009281502511464061
1770893100000,2026-02-12T10:45:00Z,0.18299,0.18377,0.18294,0.18361,226220.7,41501.935825,0.18299,0.18377,0.18299,0.18366,0.18316,0.18393,0.18316,0.18387,-0.00047739,-0.00065642,-0.00065772,-0.00065642,-0.0002600000000000102,-0.0014140425300484592
1770893400000,2026-02-12T10:50:00Z,0.18361,0.18415,0.18342,0.18402,161669.3,29722.107732,0.18366,0.18415,0.18352,0.18403,0.18387,0.18426,0.18373,0.18422,-0.00065642,-0.00075906,-0.00078096,-0.00078096,-0.00020000000000000573,-0.0010856584518510789
1770893700000,2026-02-12T10:55:00Z,0.18402,0.18445,0.18396,0.18442,198021.8,36473.907635,0.18403,0.18445,0.184,0.18442,0.18422,0.1846,0.18418,0.18456,-0.00078096,-0.000002,-0.00031808,-0.000002,-0.00014000000000000123,-0.0007585609016038211
1770894000000,2026-02-12T11:00:00Z,0.18442,0.18519,0.18432,0.18442,2127857.4,393260.661381,0.18442,0.18492,0.18438,0.18447,0.18456,0.18497,0.18453,0.1846,-0.000002,-0.00032849,-0.0005644,-0.0005644,-0.00017999999999998573,-0.0009750812567713204
1770894300000,2026-02-12T11:05:00Z,0.18442,0.18447,0.18388,0.18419,375498.7,69137.866642,0.18447,0.18447,0.18392,0.18419,0.1846,0.1846,0.18412,0.1843,-0.0005644,-0.00001514,-0.00093794,-0.00001514,-0.00010999999999999899,-0.0005968529571351004
1770894600000,2026-02-12T11:10:00Z,0.18419,0.18419,0.18347,0.1837,587634.6,107957.521933,0.18419,0.18419,0.18351,0.18374,0.1843,0.1843,0.18368,0.1839,-0.00001514,-0.0008211,-0.00091945,-0.0008211,-0.00020000000000000573,-0.0010875475802066652
1770894900000,2026-02-12T11:15:00Z,0.1837,0.1841,0.18354,0.18388,151530.7,27859.90421,0.18374,0.1841,0.18358,0.18388,0.1839,0.18418,0.18377,0.18401,-0.0008211,0,-0.00048246,0,-0.000130000000000019,-0.0007064833432966632
1770895200000,2026-02-12T11:20:00Z,0.18388,0.18455,0.18388,0.18453,146837.3,27055.831072,0.18388,0.18455,0.18388,0.18455,0.18401,0.18472,0.18401,0.18472,0,-0.00042463,-0.00057835,-0.00057835,-0.00018999999999999573,-0.0010285838025118868
1770895500000,2026-02-12T11:25:00Z,0.18453,0.18596,0.1844,0.18523,1718651.5,318309.53828,0.18455,0.18584,0.18447,0.1853,0.18472,0.18594,0.18465,0.18543,-0.00057835,-0.00011596,-0.00040926,-0.00011596,-0.00020000000000000573,-0.001078574125006772
1770895800000,2026-02-12T11:30:00Z,0.18523,0.18554,0.18488,0.18501,596301,110455.864566,0.1853,0.18554,0.1849,0.18501,0.18543,0.18569,0.18508,0.18518,-0.00011596,-0.00047708,-0.0009387,-0.00047708,-0.00017000000000000348,-0.0009180257047197509
1770896100000,2026-02-12T11:35:00Z,0.18501,0.18504,0.18469,0.18489,297694.2,55036.121939,0.18501,0.18504,0.18474,0.1849,0.18518,0.18518,0.18491,0.18503,-0.00047708,-0.00006986,-0.00066408,-0.00006986,-0.00014000000000000123,-0.000756634059341735
1770896400000,2026-02-12T11:40:00Z,0.18489,0.18489,0.1844,0.18478,456229.9,84216.929277,0.1849,0.18493,0.18452,0.18478,0.18503,0.18506,0.18471,0.18479,-0.00006986,-0.00031487,-0.00068088,-0.00031487,-1.0000000000010001e-05,-5.4115482439580065e-05
1770896700000,2026-02-12T11:45:00Z,0.18478,0.18482,0.1846,0.18479,71085.5,13128.380592,0.18478,0.18483,0.18466,0.18479,0.18479,0.18496,0.18479,0.18493,-0.00031487,-0.00031095,-0.00052564,-0.00031095,-0.00014000000000000123,-0.000757043205537237
1770897000000,2026-02-12T11:50:00Z,0.18479,0.18488,0.18454,0.18471,218214.9,40309.319731,0.18479,0.18488,0.18455,0.18471,0.18493,0.185,0.18471,0.18482,-0.00031095,-0.00030589,-0.00049775,-0.00049775,-0.00010999999999999899,-0.0005951736825018882
1770897300000,2026-02-12T11:55:00Z,0.18471,0.18481,0.18431,0.18441,273822,50536.137408,0.18471,0.18481,0.18431,0.18441,0.18482,0.18491,0.18447,0.18457,-0.00049775,-0.00015483,-0.00033317,-0.00033317,-0.00016000000000002124,-0.0008668797746113736
1770897600000,2026-02-12T12:00:00Z,0.18441,0.18462,0.18363,0.18363,354913,65351.999653,0.18441,0.18461,0.18364,0.18364,0.18457,0.18469,0.18378,0.18378,-0.00033317,-0.00016435,-0.00029686,-0.00016435,-0.00015000000000001124,-0.0008161932745674787
1770897900000,2026-02-12T12:05:00Z,0.18363,0.18369,0.18307,0.18326,582684.8,106865.332672,0.18364,0.18369,0.18309,0.18326,0.18378,0.18378,0.18319,0.18332,-0.00016435,-0.00004268,-0.00018385,-0.00004268,-6.0000000000004494e-05,-0.0003272965306567995
1770898200000,2026-02-12T12:10:00Z,0.18326,0.1834,0.18312,0.18335,410967.2,75329.005613,0.18326,0.1834,0.18322,0.18336,0.18332,0.18351,0.18332,0.18351,-0.00004268,-0.00022611,-0.00082385,-0.00022611,-0.00015999999999999348,-0.0008718870906217289
1770898500000,2026-02-12T12:15:00Z,0.18335,0.18335,0.18292,0.18306,134817,24690.190755,0.18336,0.18337,0.18292,0.18306,0.18351,0.18351,0.18307,0.18315,-0.00022611,0,-0.00062992,0,-9.000000000000674e-05,-0.0004914004914005281
1770898800000,2026-02-12T12:20:00Z,0.18306,0.18321,0.18258,0.18267,272798.1,49900.908458,0.18306,0.18321,0.1826,0.18267,0.18315,0.18327,0.18269,0.18274,0,-0.00007671,-0.00012351,-0.00012351,-7.00000000000145e-05,-0.00038305789646500213
1770899100000,2026-02-12T12:25:00Z,0.18267,0.18295,0.1826,0.18278,599995.5,109624.466576,0.18267,0.18295,0.18263,0.18278,0.18274,0.18298,0.18272,0.18286,-0.00012351,0,-0.00011313,-0.00011313,-7.999999999999674e-05,-0.00043749316416929205
1770899400000,2026-02-12T12:30:00Z,0.18278,0.18284,0.1823,0.18237,103195,18839.088018,0.18278,0.18283,0.18231,0.18237,0.18286,0.18291,0.18245,0.18248,-0.00011313,-0.00043921,-0.00076443,-0.00076443,-0.00010999999999999899,-0.000602805786935549
1770899700000,2026-02-12T12:35:00Z,0.18237,0.18257,0.18222,0.18226,179166.5,32677.140074,0.18237,0.18256,0.18225,0.18229,0.18248,0.18259,0.18231,0.18238,-0.00076443,0,-0.00025454,-0.00025454,-0.00011999999999998123,-0.0006579668823334864
1770900000000,2026-02-12T12:40:00Z,0.18226,0.18256,0.18223,0.18224,100419.3,18317.760114,0.18229,0.18256,0.18225,0.18228,0.18238,0.1826,0.1823,0.18239,-0.00025454,0,-0.00029923,0,-0.00014999999999998348,-0.0008224135095124923
1770900300000,2026-02-12T12:45:00Z,0.18224,0.1823,0.1817,0.18217,257449.9,46857.185049,0.18228,0.1823,0.18177,0.18217,0.18239,0.18239,0.18189,0.18222,0,-0.00007634,-0.00008546,-0.00008546,-4.999999999999449e-05,-0.0002743935901657035
1770900600000,2026-02-12T12:50:00Z,0.18217,0.1824,0.18144,0.18158,251386.1,45670.783337,0.18217,0.18238,0.18155,0.18158,0.18222,0.18242,0.18171,0.18174,-0.00008546,-0.0002693,-0.00076486,-0.0002693,-0.00016000000000002124,-0.000880378562782113
1770900900000,2026-02-12T12:55:00Z,0.18158,0.182,0.18151,0.18187,289852,52709.928422,0.18158,0.182,0.18156,0.1819,0.18174,0.18209,0.18171,0.18203,-0.0002693,0,-0.00009985,-0.00009985,-0.00015999999999999348,-0.0008789759929681562
1770901200000,2026-02-12T13:00:00Z,0.18187,0.18187,0.18114,0.18118,224560,40731.87847,0.1819,0.1819,0.18123,0.18123,0.18203,0.18203,0.18141,0.18141,-0.00009985,-0.00035921,-0.00086078,-0.00086078,-0.00022999999999998022,-0.0012678463149770147
1770901500000,2026-02-12T13:05:00Z,0.18118,0.18147,0.18073,0.18143,805881,145965.805863,0.18123,0.18147,0.18076,0.18143,0.18141,0.18157,0.1809,0.18147,-0.00086078,-0.0005735,-0.00059845,-0.0005735,-3.999999999998449e-05,-0.0002204221083373808
1770901800000,2026-02-12T13:10:00Z,0.18143,0.18149,0.1809,0.181,317767.2,57589.575093,0.18143,0.18149,0.18103,0.18103,0.18147,0.18157,0.18119,0.18119,-0.0005735,-0.00047066,-0.00077549,-0.00047066,-0.00018999999999999573,-0.0010486229924388528
1770902100000,2026-02-12T13:15:00Z,0.181,0.18114,0.18035,0.18059,518515.4,93733.247624,0.18103,0.18113,0.18041,0.18059,0.18119,0.18123,0.18059,0.18074,-0.00047066,-0.00072735,-0.00076252,-0.00076252,-0.00015000000000001124,-0.0008299214341043002
1770902400000,2026-02-12T13:20:00Z,0.18059,0.18063,0.18021,0.18061,474127.4,85555.567209,0.18059,0.18063,0.18029,0.18061,0.18074,0.18076,0.18048,0.18074,-0.00076252,-0.00053545,-0.00077498,-0.00077498,-0.000130000000000019,-0.0007192652428904447
1770902700000,2026-02-12T13:25:00Z,0.18061,0.18061,0.17938,0.17986,1173230.3,210811.993906,0.18061,0.18061,0.17945,0.17986,0.18074,0.18074,0.17963,0.17997,-0.00077498,-0.00049994,-0.00091194,-0.00049994,-0.00010999999999999899,-0.0006112129799410957
1770903000000,2026-02-12T13:30:00Z,0.17986,0.18123,0.17979,0.18074,895086.2,161734.764535,0.17986,0.1812,0.1798,0.18083,0.17997,0.18136,0.17997,0.18103,-0.00049994,-0.00042535,-0.0007065,-0.00042535,-0.0002899999999999847,-0.0016019444291000648
1770903300000,2026-02-12T13:35:00Z,0.18074,0.18084,0.18059,0.18068,219142,39605.954196,0.18083,0.18084,0.18059,0.18068,0.18103,0.18106,0.18082,0.1809,-0.00042535,-0.00067,-0.00085802,-0.00067,-0.00021999999999999797,-0.001216141514648966
1770903600000,2026-02-12T13:40:00Z,0.18068,0.18124,0.18068,0.18111,386556.8,69976.537522,0.18068,0.18124,0.18068,0.18111,0.1809,0.1814,0.1809,0.18127,-0.00067,-0.00047179,-0.0005878,-0.00047179,-0.00015999999999999348,-0.0008826612235890853
1770903900000,2026-02-12T13:45:00Z,0.18111,0.18119,0.18063,0.18071,178895.6,32358.507535,0.18111,0.18119,0.18068,0.18074,0.18127,0.18129,0.1809,0.18095,-0.00047179,-0.00066607,-0.00095533,-0.00095533,-0.00023999999999999022,-0.0013263332412268042
1770904200000,2026-02-12T13:50:00Z,0.18071,0.18134,0.18069,0.18114,171614.3,31081.216584,0.18074,0.18133,0.18072,0.18119,0.18095,0.18148,0.18091,0.18137,-0.00095533,-0.00029308,-0.00077606,-0.00029308,-0.00023000000000000798,-0.0012681259304185256
1770904500000,2026-02-12T13:55:00Z,0.18114,0.18191,0.18114,0.18176,240243.1,43611.350748,0.18119,0.18191,0.18119,0.18176,0.18137,0.1821,0.18137,0.18196,-0.00029308,-0.00055789,-0.00103355,-0.00103355,-0.00020000000000000573,-0.001099142668718431
1770904800000,2026-02-12T14:00:00Z,0.18176,0.18183,0.18002,0.18011,430539.4,77750.318332,0.18176,0.18183,0.18006,0.18012,0.18196,0.18201,0.18036,0.18041,-0.00103355,-0.00088598,-0.00123409,-0.00088598,-0.0002999999999999947,-0.001662878997838228
1770905100000,2026-02-12T14:05:00Z,0.18011,0.18033,0.17972,0.18004,274147.7,49329.761822,0.18012,0.18028,0.17972,0.18004,0.18041,0.18053,0.17995,0.18015,-0.00088598,-0.00076901,-0.0009693,-0.0009693,-0.00010999999999999899,-0.0006106022758812045
1770905400000,2026-02-12T14:10:00Z,0.18004,0.18054,0.17994,0.17997,161928.1,29184.043975,0.18004,0.18054,0.17995,0.17997,0.18015,0.18066,0.18015,0.18018,-0.0009693,-0.00097011,-0.00117427,-0.00117427,-0.00021000000000001573,-0.0011655011655012527
1770905700000,2026-02-12T14:15:00Z,0.17997,0.18003,0.17958,0.17998,323213.9,58133.435649,0.17997,0.18002,0.17967,0.17998,0.18018,0.18021,0.17988,0.18016,-0.00117427,-0.00052532,-0.00085746,-0.00085746,-0.00017999999999998573,-0.0009991119005327805
1770906000000,2026-02-12T14:20:00Z,0.17998,0.18057,0.17986,0.18002,158798.5,28611.215049,0.17998,0.18057,0.1799,0.18002,0.18016,0.18063,0.18009,0.18021,-0.00085746,-0.00080748,-0.00118802,-0.00118802,-0.00018999999999999573,-0.0010543255091282156
1770906300000,2026-02-12T14:25:00Z,0.18002,0.18043,0.17992,0.18036,80081.7,14421.169812,0.18002,0.18039,0.17993,0.18038,0.18021,0.18043,0.18014,0.18042,-0.00118802,0,-0.00026238,0,-6.0000000000004494e-05,-0.00033255736614568504
1770906600000,2026-02-12T14:30:00Z,0.18036,0.18167,0.18016,0.18132,513221.6,92882.588062,0.18038,0.18166,0.18031,0.18132,0.18042,0.18171,0.18039,0.18144,0,-0.00003969,-0.00072021,-0.00003969,-0.00011999999999998123,-0.000661375661375558
1770906900000,2026-02-12T14:35:00Z,0.18132,0.18151,0.18043,0.18115,413871.7,74889.576921,0.18132,0.18151,0.18049,0.18113,0.18144,0.18164,0.1807,0.1813,-0.00003969,0,-0.00086413,-0.00086413,-0.00014999999999998348,-0.000827357970215022
1770907200000,2026-02-12T14:40:00Z,0.18115,0.18161,0.18029,0.18038,267663,48414.676765,0.18113,0.18158,0.18042,0.18042,0.1813,0.18166,0.18064,0.18065,-0.00086413,-0.00054946,-0.00117559,-0.00054946,-0.00026999999999999247,-0.0014946028231386241
1770907500000,2026-02-12T14:45:00Z,0.18038,0.18143,0.18022,0.18086,810636.4,146789.828346,0.18042,0.18143,0.18037,0.18097,0.18065,0.18157,0.1806,0.18118,-0.00054946,-0.0008715,-0.00097053,-0.0008715,-0.0003200000000000147,-0.0017661993597528132
1770907800000,2026-02-12T14:50:00Z,0.18086,0.1819,0.18083,0.18175,593038.8,107582.618726,0.18097,0.1819,0.18084,0.18175,0.18118,0.18206,0.18101,0.18189,-0.0008715,-0.0009392,-0.00110313,-0.00110313,-0.00014000000000000123,-0.0007696959700918205
1770908100000,2026-02-12T14:55:00Z,0.18175,0.18175,0.1808,0.18087,210015.9,38074.401754,0.18175,0.18175,0.18081,0.18094,0.18189,0.18193,0.18098,0.18111,-0.00110313,-0.00040582,-0.00094958,-0.00040582,-0.00023999999999999022,-0.001325161504058253
1770908400000,2026-02-12T15:00:00Z,0.18087,0.18126,0.17992,0.17996,634984.5,114702.905716,0.18094,0.18126,0.17993,0.17996,0.18111,0.18136,0.18011,0.18011,-0.00040582,-0.00048338,-0.00133578,-0.00048338,-0.00014999999999998348,-0.000832824385097904
1770908700000,2026-02-12T15:05:00Z,0.17996,0.18043,0.1792,0.17972,1029001.5,184915.710867,0.17996,0.18043,0.17938,0.17972,0.18011,0.18058,0.17955,0.17991,-0.00048338,-0.00085078,-0.00126269,-0.00085078,-0.00018999999999999573,-0.001056083597354209
1770909000000,2026-02-12T15:10:00Z,0.17972,0.18052,0.1792,0.18045,534943.9,96221.70355,0.17972,0.18052,0.1793,0.18045,0.17991,0.18065,0.17952,0.18054,-0.00085078,-0.00021328,-0.0008135,-0.0008135,-9.000000000000674e-05,-0.0004985044865404162
1770909300000,2026-02-12T15:15:00Z,0.18045,0.18152,0.18007,0.1807,458289.7,82911.383661,0.18045,0.18152,0.18011,0.18074,0.18054,0.18159,0.1803,0.18099,-0.0008135,-0.00107623,-0.00118796,-0.00107623,-0.00029000000000001247,-0.001602298469528772
1770909600000,2026-02-12T15:20:00Z,0.1807,0.1825,0.1807,0.18202,817820.3,148707.084377,0.18074,0.1825,0.18074,0.18205,0.18099,0.18262,0.18099,0.18224,-0.00107623,-0.00085411,-0.00106132,-0.00085411,-0.00022000000000002573,-0.0012071992976296407
1770909900000,2026-02-12T15:25:00Z,0.18202,0.18268,0.1818,0.18266,234089,42638.197295,0.18205,0.18272,0.1818,0.18268,0.18224,0.18288,0.18205,0.18284,-0.00085411,-0.00024712,-0.00058021,-0.00024712,-0.00018000000000001348,-0.0009844672938088682
1770910200000,2026-02-12T15:30:00Z,0.18266,0.183,0.18166,0.18181,272969.8,49796.093639,0.18268,0.18296,0.18166,0.18181,0.18284,0.18314,0.18191,0.18191,-0.00024712,-0.00069781,-0.00147325,-0.00069781,-9.999999999998899e-05,-0.0005497223901928921
1770910500000,2026-02-12T15:35:00Z,0.18181,0.18181,0.18065,0.18086,310475.9,56239.240926,0.18181,0.18181,0.18066,0.18087,0.18191,0.18191,0.18087,0.18112,-0.00069781,-0.00053138,-0.00109768,-0.00053138,-0.0002600000000000102,-0.0014355123674912225
1770910800000,2026-02-12T15:40:00Z,0.18086,0.18101,0.17995,0.18076,352511.1,63671.792373,0.18087,0.181,0.18008,0.18076,0.18112,0.18119,0.18032,0.1809,-0.00053138,-0.00057179,-0.00088096,-0.00088096,-0.00014000000000000123,-0.0007739082365948106
1770911100000,2026-02-12T15:45:00Z,0.18076,0.18111,0.18013,0.18052,303122.6,54731.910617,0.18076,0.18111,0.18021,0.18058,0.1809,0.18129,0.18043,0.18083,-0.00088096,-0.00072712,-0.00108696,-0.00072712,-0.00030999999999997696,-0.0017143173146047502
1770911400000,2026-02-12T15:50:00Z,0.18052,0.18073,0.17935,0.17935,377654.5,67925.271123,0.18058,0.18073,0.17954,0.17954,0.18083,0.18091,0.17971,0.17971,-0.00072712,-0.00087534,-0.00113802,-0.00087534,-0.0003599999999999992,-0.0020032274219575937
1770911700000,2026-02-12T15:55:00Z,0.17935,0.17956,0.17879,0.17909,517149.1,92645.619508,0.17954,0.17955,0.17899,0.17909,0.17971,0.17971,0.17922,0.1793,-0.00087534,-0.00071012,-0.00094211,-0.00071012,-0.00020999999999998797,-0.0011712214166201226
1770912000000,2026-02-12T16:00:00Z,0.17909,0.17981,0.17853,0.17977,1008782,180670.220834,0.17909,0.1798,0.17855,0.17978,0.1793,0.17989,0.17883,0.17987,-0.00071012,-0.00032971,-0.00062348,-0.00032971,-9.999999999998899e-05,-0.000555957080113354
1770912300000,2026-02-12T16:05:00Z,0.17977,0.17988,0.17747,0.17764,977687.5,174383.002739,0.17978,0.17987,0.17758,0.17776,0.17987,0.18005,0.17773,0.17796,-0.00032971,-0.00053333,-0.00101387,-0.00101387,-0.0003200000000000147,-0.0017981568891886643
1770912600000,2026-02-12T16:10:00Z,0.17764,0.17815,0.17696,0.17715,850607.2,150982.000367,0.17776,0.17815,0.17706,0.17715,0.17796,0.17829,0.17726,0.17734,-0.00101387,-0.00043447,-0.00049521,-0.00049521,-0.00018999999999999573,-0.001071388293673146
1770912900000,2026-02-12T16:15:00Z,0.17715,0.17807,0.1765,0.17722,1367990.2,242485.106645,0.17715,0.17807,0.17667,0.17726,0.17734,0.17818,0.17687,0.17744,-0.00049521,-0.00040688,-0.00077406,-0.00077406,-0.00021999999999999797,-0.001239855725879159
1770913200000,2026-02-12T16:20:00Z,0.17722,0.17733,0.1758,0.17672,887414.9,156631.576761,0.17726,0.17733,0.1759,0.17677,0.17744,0.17744,0.17605,0.17689,-0.00077406,0,-0.00048132,0,-0.00017000000000000348,-0.0009610492396404743
1770913500000,2026-02-12T16:25:00Z,0.17672,0.17729,0.17575,0.17619,592684.3,104514.681295,0.17677,0.17727,0.17581,0.17619,0.17689,0.17736,0.17601,0.17626,0,-0.0008557,-0.00099177,-0.00099177,-6.999999999998674e-05,-0.0003971405877679947
1770913800000,2026-02-12T16:30:00Z,0.17619,0.17665,0.17543,0.17665,1351048.3,237962.636174,0.17619,0.17665,0.17557,0.17665,0.17626,0.17667,0.17572,0.17667,-0.00099177,-0.00034263,-0.0006805,-0.0006805,-1.9999999999992246e-05,-0.00011320541121861237
1770914100000,2026-02-12T16:35:00Z,0.17665,0.17836,0.17665,0.17818,970641.4,172376.196149,0.17665,0.17836,0.17665,0.17818,0.17667,0.17843,0.17667,0.17835,-0.0006805,-0.00033806,-0.00100387,-0.00033806,-0.00017000000000000348,-0.000953181945612579
1770914400000,2026-02-12T16:40:00Z,0.17818,0.17867,0.17797,0.17829,394780.7,70413.812459,0.17818,0.17867,0.17803,0.17831,0.17835,0.17872,0.17819,0.1784,-0.00033806,-0.0003871,-0.00059181,-0.0003871,-0.00010999999999999899,-0.0006165919282511154
1770914700000,2026-02-12T16:45:00Z,0.17829,0.17861,0.17729,0.17803,431751.6,76838.601881,0.17831,0.17857,0.17739,0.17803,0.1784,0.17863,0.17759,0.17816,-0.0003871,-0.00071091,-0.00094572,-0.00071091,-0.000130000000000019,-0.0007296811854513863
1770915000000,2026-02-12T16:50:00Z,0.17803,0.1784,0.17622,0.17647,933902.5,165439.623263,0.17803,0.17832,0.17631,0.17646,0.17816,0.17844,0.1765,0.17659,-0.00071091,-0.00020302,-0.00054069,-0.00054069,-0.00012000000000000899,-0.0006795401778130641
1770915300000,2026-02-12T16:55:00Z,0.17647,0.17705,0.176,0.17674,1493051.7,263384.758193,0.17646,0.17705,0.17638,0.17674,0.17659,0.1772,0.17659,0.17689,-0.00054069,-0.00026319,-0.00037128,-0.00037128,-0.00014999999999998348,-0.0008479846232120724
1770915600000,2026-02-12T17:00:00Z,0.17674,0.17786,0.17651,0.1773,440082.2,77934.599486,0.17674,0.17786,0.17657,0.1773,0.17689,0.17796,0.1768,0.17748,-0.00037128,0,-0.00134483,-0.00134483,-0.00017999999999998573,-0.00101419878296138
1770915900000,2026-02-12T17:05:00Z,0.1773,0.17785,0.17639,0.17762,422425.4,74857.493449,0.1773,0.17785,0.17647,0.17769,0.17748,0.17794,0.17669,0.17786,-0.00134483,0,-0.00052035,-0.00052035,-0.00023999999999999022,-0.0013493759136398867
1770916200000,2026-02-12T17:10:00Z,0.17762,0.17777,0.17616,0.17689,510833.9,90496.239713,0.17769,0.17777,0.17625,0.17689,0.17786,0.17787,0.17645,0.17701,-0.00052035,0,-0.00113172,0,-0.00012000000000000899,-0.0006779278006892774
1770916500000,2026-02-12T17:15:00Z,0.17689,0.17747,0.17649,0.17653,336856.3,59613.174799,0.17689,0.17746,0.1766,0.1766,0.17701,0.17751,0.17681,0.17681,0,-0.00025662,-0.00069451,-0.00025662,-0.00028000000000000247,-0.0015836208359255837
1770916800000,2026-02-12T17:20:00Z,0.17653,0.17843,0.17653,0.17843,341399.8,60691.297953,0.1766,0.17842,0.1766,0.17842,0.17681,0.17847,0.17681,0.17844,-0.00025662,-0.00024995,-0.00074694,-0.00074694,-9.999999999982245e-06,-5.604124635721949e-05
1770917100000,2026-02-12T17:25:00Z,0.17843,0.17896,0.17784,0.17817,361490.8,64521.872283,0.17842,0.17894,0.17792,0.17817,0.17844,0.1791,0.17813,0.17835,-0.00074694,-0.00066827,-0.00161707,-0.00161707,-0.00018000000000001348,-0.0010092514718251387
1770917400000,2026-02-12T17:30:00Z,0.17817,0.17825,0.17753,0.17817,320057.1,56928.193088,0.17817,0.17825,0.17758,0.17821,0.17835,0.17838,0.17774,0.17838,-0.00161707,-0.0001325,-0.00079203,-0.0001325,-0.00021000000000001573,-0.001177262024890771
1770917700000,2026-02-12T17:35:00Z,0.17817,0.17925,0.17773,0.17844,363622.6,64945.447966,0.17821,0.17919,0.17775,0.17846,0.17838,0.17937,0.17793,0.17868,-0.0001325,-0.00002307,-0.0011676,-0.0011676,-0.00024000000000001798,-0.0013431833445266285
1770918000000,2026-02-12T17:40:00Z,0.17844,0.17879,0.17823,0.17832,148384.7,26484.891837,0.17846,0.17879,0.17829,0.17832,0.17868,0.17892,0.17854,0.17855,-0.0011676,-0.00059352,-0.00132271,-0.00132271,-0.00022999999999998022,-0.0012881545785493153
1770918300000,2026-02-12T17:45:00Z,0.17832,0.17846,0.1774,0.17775,202257.6,35973.402416,0.17832,0.17837,0.17752,0.17775,0.17855,0.17862,0.17776,0.17792,-0.00132271,-0.00015371,-0.00131392,-0.00131392,-0.00017000000000000348,-0.000955485611510811
1770918600000,2026-02-12T17:50:00Z,0.17775,0.17814,0.17709,0.17714,257339.8,45680.15481,0.17775,0.17808,0.17713,0.17714,0.17792,0.17824,0.17735,0.17737,-0.00131392,-0.0005235,-0.00139286,-0.00139286,-0.00023000000000000798,-0.0012967243615042451
1770918900000,2026-02-12T17:55:00Z,0.17714,0.17721,0.17673,0.17686,250345.3,44300.415202,0.17714,0.17721,0.17678,0.17686,0.17737,0.17737,0.17693,0.177,-0.00139286,-0.00006565,-0.00072006,-0.00006565,-0.00014000000000000123,-0.0007909604519774081
1770919200000,2026-02-12T18:00:00Z,0.17686,0.17766,0.17666,0.17754,388638.9,68893.143372,0.17686,0.17766,0.17675,0.17754,0.177,0.17774,0.1769,0.17767,-0.00006565,-0.00036582,-0.00092472,-0.00092472,-0.00012999999999999123,-0.0007316935892384266
1770919500000,2026-02-12T18:05:00Z,0.17754,0.17855,0.17754,0.17824,211435.8,37674.03478,0.17754,0.17855,0.17754,0.17837,0.17767,0.17868,0.17767,0.17852,-0.00092472,0,-0.0000938,0,-0.00028000000000000247,-0.0015684517140936727
1770919800000,2026-02-12T18:10:00Z,0.17824,0.17837,0.17784,0.17806,118547.9,21118.744737,0.17837,0.17837,0.17786,0.17806,0.17852,0.17852,0.17804,0.1782,0,0,-0.00086543,-0.00086543,-0.00014000000000000123,-0.0007856341189674593
1770920100000,2026-02-12T18:15:00Z,0.17806,0.17819,0.17682,0.17683,229143.8,40662.317882,0.17806,0.17819,0.17687,0.17687,0.1782,0.17829,0.17707,0.17711,-0.00086543,-0.00068381,-0.00098969,-0.00098969,-0.00028000000000000247,-0.001580938399864505
1770920400000,2026-02-12T18:20:00Z,0.17683,0.17754,0.17683,0.17735,109542.1,19416.563847,0.17687,0.17755,0.17687,0.17745,0.17711,0.17768,0.17709,0.17759,-0.00098969,-0.00028206,-0.00041576,-0.00028206,-0.00023999999999999022,-0.0013514274452389786
1770920700000,2026-02-12T18:25:00Z,0.17735,0.17797,0.17694,0.17721,460866.4,81782.280871,0.17745,0.17802,0.17698,0.17721,0.17759,0.17816,0.17715,0.17737,-0.00028206,-0.00081618,-0.0009229,-0.00081618,-0.00015999999999999348,-0.0009020691210463634
1770921000000,2026-02-12T18:30:00Z,0.17721,0.17739,0.17663,0.17725,244181,43235.917743,0.17721,0.17736,0.17672,0.17734,0.17737,0.17751,0.17691,0.17748,-0.00081618,-0.00056254,-0.00078344,-0.00078344,-0.00023000000000000798,-0.0012959206671174666
1770921300000,2026-02-12T18:35:00Z,0.17725,0.17847,0.17721,0.17838,197025.6,35074.984428,0.17734,0.17847,0.17727,0.17838,0.17748,0.17859,0.17741,0.17854,-0.00078344,-0.00002435,-0.00075567,-0.00075567,-0.00015999999999999348,-0.0008961577237593451
1770921600000,2026-02-12T18:40:00Z,0.17838,0.17848,0.17811,0.17819,166347.2,29658.893631,0.17838,0.17846,0.17817,0.17823,0.17854,0.17862,0.17836,0.17844,-0.00075567,-0.00053615,-0.00104041,-0.00053615,-0.0002500000000000002,-0.001401031158932976
1770921900000,2026-02-12T18:45:00Z,0.17819,0.17889,0.17793,0.17854,244334.9,43636.130913,0.17823,0.17889,0.17793,0.17856,0.17844,0.17895,0.17812,0.17868,-0.00053615,-0.00038234,-0.00070017,-0.00070017,-0.00014000000000000123,-0.0007835236176404815
1770922200000,2026-02-12T18:50:00Z,0.17854,0.17877,0.17839,0.17859,84188.4,15033.928383,0.17856,0.17877,0.17842,0.17862,0.17868,0.17887,0.17857,0.17877,-0.00070017,-0.00054,-0.00072399,-0.00054,-0.00018000000000001348,-0.0010068803490519296
1770922500000,2026-02-12T18:55:00Z,0.17859,0.17901,0.17828,0.17846,141401.2,25269.855485,0.17862,0.17905,0.1784,0.17846,0.17877,0.17918,0.1786,0.17868,-0.00054,-0.00068943,-0.00094645,-0.00094645,-0.00021999999999999797,-0.0012312513991493059
1770922800000,2026-02-12T19:00:00Z,0.17846,0.17881,0.17831,0.17839,169824.8,30329.159895,0.17846,0.17881,0.17839,0.17841,0.17868,0.17896,0.17852,0.17857,-0.00094645,-0.00023507,-0.0003362,-0.00023507,-0.00018000000000001348,-0.001008008064064588
1770923100000,2026-02-12T19:05:00Z,0.17839,0.17886,0.17829,0.1783,114896.1,20517.864119,0.17841,0.17886,0.17841,0.17844,0.17857,0.17901,0.17855,0.17863,-0.00023507,-0.00042139,-0.00075097,-0.00042139,-0.0003300000000000247,-0.0018473940547501803
1770923400000,2026-02-12T19:10:00Z,0.1783,0.17897,0.17785,0.17878,172845.7,30820.939195,0.17844,0.17897,0.17793,0.17888,0.17863,0.1791,0.17818,0.17904,-0.00042139,-0.00011793,-0.00025606,-0.00011793,-0.0002600000000000102,-0.001452189454870477
1770923700000,2026-02-12T19:15:00Z,0.17878,0.17947,0.17852,0.17934,302223.4,54091.111434,0.17888,0.17945,0.1786,0.17938,0.17904,0.17961,0.17882,0.17955,-0.00011793,-0.00045364,-0.00055064,-0.00045364,-0.00020999999999998797,-0.0011695906432747868
1770924000000,2026-02-12T19:20:00Z,0.17934,0.18171,0.17932,0.1817,1068811.6,193489.919032,0.17938,0.18171,0.17938,0.1817,0.17955,0.18177,0.17954,0.18173,-0.00045364,-0.00012109,-0.000182,-0.00012109,-3.0000000000002247e-05,-0.0001650800638309704
1770924300000,2026-02-12T19:25:00Z,0.1817,0.18201,0.18088,0.18109,1764195.9,320643.139679,0.1817,0.182,0.18091,0.18109,0.18173,0.18201,0.18105,0.18121,-0.00012109,0,-0.0004544,-0.0004544,-0.00012000000000000899,-0.0006622151095414656
1770924600000,2026-02-12T19:30:00Z,0.18109,0.18237,0.18093,0.18202,1604945.6,291842.46264,0.18109,0.18239,0.18097,0.18211,0.18121,0.18245,0.1811,0.18226,-0.0004544,-0.00014804,-0.00054942,-0.00014804,-0.00024000000000001798,-0.0013168001755734554
1770924900000,2026-02-12T19:35:00Z,0.18202,0.18338,0.18174,0.18232,413707.8,75557.604575,0.18211,0.18338,0.18178,0.18232,0.18226,0.18345,0.18194,0.18243,-0.00014804,-0.00023487,-0.00067136,-0.00067136,-0.00010999999999999899,-0.0006029710025763251
1770925200000,2026-02-12T19:40:00Z,0.18232,0.18233,0.18151,0.18164,242280.8,44056.670852,0.18232,0.18232,0.18154,0.18164,0.18243,0.18243,0.18171,0.18174,-0.00067136,-0.00000054,-0.00101944,-0.00101944,-0.00010000000000001674,-0.0005502366017388397
1770925500000,2026-02-12T19:45:00Z,0.18164,0.18207,0.18137,0.18155,287395.1,52216.951678,0.18164,0.18208,0.18145,0.18155,0.18174,0.18221,0.18165,0.18166,-0.00101944,-0.00030927,-0.00079884,-0.00030927,-0.00010999999999999899,-0.0006055268083232357
1770925800000,2026-02-12T19:50:00Z,0.18155,0.18167,0.18061,0.18066,266123.6,48183.752467,0.18155,0.18167,0.18071,0.18071,0.18166,0.18182,0.18089,0.18089,-0.00030927,-0.00047323,-0.00052835,-0.00047323,-0.00023000000000000798,-0.0012714909613577754
1770926100000,2026-02-12T19:55:00Z,0.18066,0.1809,0.18017,0.18029,286125.7,51661.360322,0.18071,0.1809,0.18026,0.18034,0.18089,0.181,0.18037,0.18051,-0.00047323,0,-0.00067576,0,-0.00021999999999999797,-0.0012187690432662898
1770926400000,2026-02-12T20:00:00Z,0.18029,0.1809,0.18023,0.18055,224544.6,40530.64945,0.18034,0.1809,0.18027,0.18055,0.18051,0.18098,0.18046,0.18071,0,-0.00042026,-0.00057546,-0.00042026,-0.00016000000000002124,-0.0008853964916165194
1770926700000,2026-02-12T20:05:00Z,0.18055,0.18055,0.17978,0.17991,165696.4,29854.489744,0.18055,0.18055,0.1798,0.17991,0.18071,0.18071,0.18001,0.18003,-0.00042026,-0.00064861,-0.00099069,-0.00064861,-0.00012000000000000899,-0.0006665555740710381
1770927000000,2026-02-12T20:10:00Z,0.17991,0.17991,0.1792,0.17962,168625.1,30267.352655,0.17991,0.17991,0.17925,0.17962,0.18003,0.18003,0.17943,0.17971,-0.00064861,-0.00060621,-0.0006794,-0.00060621,-9.000000000000674e-05,-0.0005008068554894371
1770927300000,2026-02-12T20:15:00Z,0.17962,0.18024,0.17945,0.17991,83341.9,14982.205354,0.17962,0.18024,0.17958,0.17993,0.17971,0.18031,0.17971,0.18008,-0.00060621,-0.0003528,-0.00041189,-0.0003528,-0.00017000000000000348,-0.000944024877832094
1770927600000,2026-02-12T20:20:00Z,0.17991,0.17991,0.17916,0.1793,48163.6,8645.9632,0.17993,0.17993,0.17918,0.1793,0.18008,0.18008,0.17943,0.17946,-0.0003528,-0.00070879,-0.00102351,-0.00102351,-0.00016000000000002124,-0.0008915635796278904
1770927900000,2026-02-12T20:25:00Z,0.1793,0.17954,0.17892,0.17921,121512,21769.300913,0.1793,0.17954,0.179,0.17928,0.17946,0.17959,0.17913,0.1794,-0.00102351,0,-0.00011307,0,-0.00018999999999999573,-0.0010590858416945135
1770928200000,2026-02-12T20:30:00Z,0.17921,0.17937,0.17882,0.17925,223030.2,39946.08256,0.17928,0.17936,0.17883,0.17927,0.1794,0.17946,0.17899,0.1794,0,0,-0.00039188,-0.00039188,-0.00015000000000001124,-0.0008361204013378553
1770928500000,2026-02-12T20:35:00Z,0.17925,0.17957,0.17922,0.17952,91997.6,16505.782818,0.17927,0.17959,0.17923,0.17952,0.1794,0.17969,0.17933,0.17955,-0.00039188,-0.00046895,-0.00050192,-0.00050192,-2.999999999997449e-05,-0.00016708437761055135
1770928800000,2026-02-12T20:40:00Z,0.17952,0.17962,0.17912,0.17932,136692.3,24508.833382,0.17952,0.17962,0.17922,0.17932,0.17955,0.17972,0.17939,0.17948,-0.00050192,-0.00007118,-0.00086465,-0.00086465,-0.00015999999999999348,-0.0008914642299977351
1770929100000,2026-02-12T20:45:00Z,0.17932,0.17939,0.17846,0.17866,330377.9,59055.350558,0.17932,0.17939,0.17848,0.17866,0.17948,0.17948,0.17869,0.17885,-0.00086465,-0.00064485,-0.00079749,-0.00064485,-0.00018999999999999573,-0.001062342745317281
1770929400000,2026-02-12T20:50:00Z,0.17866,0.1789,0.17801,0.17888,329555.8,58861.816264,0.17866,0.1789,0.17802,0.17888,0.17885,0.17895,0.17818,0.17894,-0.00064485,0,-0.00013676,-0.00013676,-5.999999999997674e-05,-0.00033530792444381774
1770929700000,2026-02-12T20:55:00Z,0.17888,0.17906,0.17842,0.1786,345633.1,61728.465861,0.17888,0.17906,0.17856,0.1786,0.17894,0.17907,0.17871,0.17871,-0.00013676,-0.00035453,-0.00065208,-0.00065208,-0.00010999999999999899,-0.0006155223546527838
1770930000000,2026-02-12T21:00:00Z,0.1786,0.17932,0.17859,0.1793,201671.4,36112.841749,0.1786,0.17932,0.17859,0.1793,0.17871,0.17939,0.17871,0.17939,-0.00065208,-0.00056059,-0.00088649,-0.00056059,-9.000000000000674e-05,-0.0005017002062545668
1770930300000,2026-02-12T21:05:00Z,0.1793,0.17937,0.1788,0.17936,389009,69721.554612,0.1793,0.17936,0.17885,0.17936,0.17939,0.1794,0.17896,0.17938,-0.00056059,0,-0.00053109,0,-2.0000000000020002e-05,-0.0001114951499610882
1770930600000,2026-02-12T21:10:00Z,0.17936,0.17949,0.17905,0.17949,221466.7,39708.086236,0.17936,0.17946,0.1791,0.17945,0.17938,0.1795,0.1792,0.17946,0,0,-0.00001727,0,3.0000000000002247e-05,0.0001671681711802198
1770930900000,2026-02-12T21:15:00Z,0.17949,0.17988,0.17915,0.1797,147533.9,26491.281324,0.17945,0.17982,0.17919,0.17978,0.17946,0.17986,0.17927,0.17985,0,0,0,0,-0.00015000000000001124,-0.0008340283569641992
1770931200000,2026-02-12T21:20:00Z,0.1797,0.17977,0.17887,0.17916,140288.1,25158.601404,0.17978,0.17978,0.17887,0.17916,0.17985,0.17987,0.17904,0.17921,0,-0.00014137,-0.00080723,-0.00014137,-4.999999999999449e-05,-0.0002790022878187294
1770931500000,2026-02-12T21:25:00Z,0.17916,0.1792,0.17887,0.17906,29682.4,5312.869647,0.17916,0.1792,0.1789,0.17906,0.17921,0.17931,0.17906,0.17918,-0.00014137,-0.00027764,-0.00035974,-0.00027764,-0.00012000000000000899,-0.0006697176024110335
1770931800000,2026-02-12T21:30:00Z,0.17906,0.17992,0.17892,0.1798,80891,14493.304936,0.17906,0.17992,0.17896,0.17987,0.17918,0.17995,0.17908,0.17993,-0.00027764,0,0,0,-0.000130000000000019,-0.0007225031956873173
1770932100000,2026-02-12T21:35:00Z,0.1798,0.18009,0.17944,0.17959,87145.7,15669.296799,0.17987,0.18016,0.17946,0.17959,0.17993,0.18024,0.17963,0.17971,0,-0.00051076,-0.00093153,-0.00051076,-0.00012000000000000899,-0.0006677424739859161
1770932400000,2026-02-12T21:40:00Z,0.17959,0.1797,0.17934,0.17962,131967.4,23686.706027,0.17959,0.1797,0.17939,0.17962,0.17971,0.17978,0.17953,0.1797,-0.00051076,-0.00042796,-0.00054174,-0.00054174,-7.999999999999674e-05,-0.00044518642181411654
1770932700000,2026-02-12T21:45:00Z,0.17962,0.17973,0.17943,0.17958,92416.2,16600.648288,0.17962,0.17973,0.17946,0.17958,0.1797,0.17978,0.17956,0.17961,-0.00054174,0,-0.00013901,0,-3.0000000000002247e-05,-0.0001670285618840947
1770933000000,2026-02-12T21:50:00Z,0.17958,0.18007,0.17958,0.17979,234028,42106.673688,0.17958,0.18,0.17958,0.17979,0.17961,0.18003,0.17961,0.17984,0,0,-0.00006505,0,-4.999999999999449e-05,-0.00027802491103199787
1770933300000,2026-02-12T21:55:00Z,0.17979,0.17982,0.17956,0.17972,26998.3,4850.302008,0.17979,0.17982,0.17957,0.17972,0.17984,0.17987,0.17967,0.17975,0,0,-0.00000428,-0.00000428,-3.0000000000002247e-05,-0.00016689847009736995
1770933600000,2026-02-12T22:00:00Z,0.17972,0.17975,0.1795,0.17956,105231.8,18898.971505,0.17972,0.17974,0.17953,0.17958,0.17975,0.17978,0.17965,0.17972,-0.00000428,-0.0002569,-0.00046027,-0.00046027,-0.00015999999999999348,-0.000890273759180912
1770933900000,2026-02-12T22:05:00Z,0.17956,0.17956,0.17917,0.17935,185725.6,33315.25083,0.17958,0.17958,0.17921,0.17939,0.17972,0.17972,0.17935,0.17952,-0.00046027,0,-0.00068993,0,-0.00017000000000000348,-0.0009469696969697163
1770934200000,2026-02-12T22:10:00Z,0.17935,0.1798,0.17927,0.17955,259211.4,46534.861822,0.17939,0.17979,0.17933,0.17955,0.17952,0.17981,0.17939,0.17963,0,0,-0.00020916,0,-8.00000000000245e-05,-0.000445359906474556
1770934500000,2026-02-12T22:15:00Z,0.17955,0.17963,0.1792,0.17963,37674.7,6761.536149,0.17955,0.17969,0.17926,0.1796,0.17963,0.17978,0.17943,0.1796,0,-0.00017299,-0.00052515,-0.00017299,3.0000000000002247e-05,0.00016703786191537998
1770934800000,2026-02-12T22:20:00Z,0.17963,0.1797,0.17908,0.1797,109974,19719.322136,0.1796,0.1797,0.17914,0.1797,0.1796,0.17983,0.17936,0.17983,-0.00017299,0,0,0,-0.00012999999999999123,-0.0007229049658009856
1770935100000,2026-02-12T22:25:00Z,0.1797,0.18005,0.17953,0.17988,87637.8,15754.137636,0.1797,0.18005,0.17959,0.17994,0.17983,0.18023,0.17977,0.18015,0,0,-0.00081791,-0.00081791,-0.00026999999999999247,-0.001498751040799292
1770935400000,2026-02-12T22:30:00Z,0.17988,0.18049,0.17979,0.18024,41332.5,7442.623485,0.17994,0.18049,0.17983,0.1803,0.18015,0.18063,0.18004,0.18051,-0.00081791,-0.00015256,-0.00065882,-0.00065882,-0.00026999999999999247,-0.001495762007644964
1770935700000,2026-02-12T22:35:00Z,0.18024,0.18088,0.18023,0.18057,123370.7,22285.115158,0.1803,0.18088,0.18028,0.18063,0.18051,0.18105,0.18051,0.18084,-0.00065882,-0.00015213,-0.00064062,-0.00015213,-0.00026999999999999247,-0.0014930325149302836
1770936000000,2026-02-12T22:40:00Z,0.18057,0.18093,0.18026,0.18093,86853.5,15682.54871,0.18063,0.18102,0.18031,0.18101,0.18084,0.18114,0.18051,0.18114,-0.00015213,0,0,0,-0.00020999999999998797,-0.0011593242795627028
1770936300000,2026-02-12T22:45:00Z,0.18093,0.18205,0.18092,0.18185,95088.9,17278.451565,0.18101,0.18205,0.18098,0.18185,0.18114,0.18214,0.18112,0.18204,0,-0.0000779,-0.00066871,-0.00066871,-0.00018999999999999573,-0.0010437266534827276
1770936600000,2026-02-12T22:50:00Z,0.18185,0.18185,0.18136,0.18158,75093.7,13641.529317,0.18185,0.18187,0.18142,0.18158,0.18204,0.18207,0.18165,0.18173,-0.00066871,-0.00075155,-0.00099768,-0.00099768,-0.00015000000000001124,-0.0008254003191548519
1770936900000,2026-02-12T22:55:00Z,0.18158,0.18223,0.18157,0.18209,60777.7,11063.723211,0.18158,0.18228,0.18157,0.18217,0.18173,0.1824,0.18173,0.18231,-0.00099768,0,-0.00029031,-0.00029031,-0.00021999999999999797,-0.0012067357797158574
1770937200000,2026-02-12T23:00:00Z,0.18209,0.18275,0.18191,0.18217,163377.4,29764.32761,0.18217,0.18275,0.18199,0.18217,0.18231,0.18284,0.18217,0.18239,-0.00029031,-0.00111432,-0.00120607,-0.00111432,-0.00021999999999999797,-0.001206206480618444
1770937500000,2026-02-12T23:05:00Z,0.18217,0.18289,0.18217,0.18286,219786.1,40120.187288,0.18217,0.18289,0.18217,0.18286,0.18239,0.18297,0.18239,0.18297,-0.00111432,-0.00015923,-0.00016312,-0.00016312,-0.00010999999999999899,-0.0006011914521506203
1770937800000,2026-02-12T23:10:00Z,0.18286,0.1829,0.18212,0.18235,119238.7,21752.502811,0.18286,0.1829,0.18212,0.18235,0.18297,0.18301,0.18238,0.18248,-0.00016312,-0.00072615,-0.00109071,-0.00072615,-0.00012999999999999123,-0.0007124068391056073
1770938100000,2026-02-12T23:15:00Z,0.18235,0.18259,0.1821,0.18247,170635.1,31113.388522,0.18235,0.18259,0.18221,0.18247,0.18248,0.18267,0.1824,0.18251,-0.00072615,-0.00047917,-0.00067449,-0.00047917,-4.000000000001225e-05,-0.0002191660730919525
1770938400000,2026-02-12T23:20:00Z,0.18247,0.18324,0.1824,0.18312,142757.2,26103.101515,0.18247,0.18324,0.18242,0.18317,0.18251,0.18339,0.18251,0.18332,-0.00047917,-0.00032417,-0.00045364,-0.00045364,-0.00020000000000000573,-0.0010909884355226147
1770938700000,2026-02-12T23:25:00Z,0.18312,0.18327,0.183,0.18319,106340.9,19472.034112,0.18317,0.18327,0.18301,0.18319,0.18332,0.18342,0.18318,0.18333,-0.00045364,-0.00043443,-0.00058506,-0.00058506,-0.00014000000000000123,-0.0007636502481863374
1770939000000,2026-02-12T23:30:00Z,0.18319,0.18327,0.18267,0.18295,895984.1,163991.531206,0.18319,0.18327,0.18274,0.18295,0.18333,0.18342,0.18297,0.18311,-0.00058506,-0.00046144,-0.00058115,-0.00046144,-0.00015999999999999348,-0.0008737917099011167
1770939300000,2026-02-12T23:35:00Z,0.18295,0.18306,0.18276,0.18304,225083.1,41162.668576,0.18295,0.18306,0.1828,0.18304,0.18311,0.18316,0.18299,0.18315,-0.00046144,-0.00067067,-0.00091202,-0.00067067,-0.00010999999999999899,-0.000600600600600595
1770939600000,2026-02-12T23:40:00Z,0.18304,0.18344,0.18303,0.18319,139833.6,25618.449423,0.18304,0.18344,0.18304,0.18325,0.18315,0.1835,0.18315,0.18338,-0.00067067,-0.00040437,-0.00076722,-0.00076722,-0.00018999999999999573,-0.001036099901843144
1770939900000,2026-02-12T23:45:00Z,0.18319,0.18326,0.18264,0.18271,143626.9,26269.21268,0.18325,0.18326,0.18264,0.18271,0.18338,0.18338,0.18281,0.18287,-0.00076722,-0.00065895,-0.00086285,-0.00086285,-0.00015999999999999348,-0.0008749384808880269
1770940200000,2026-02-12T23:50:00Z,0.18271,0.18274,0.18252,0.18264,103783.7,18952.016609,0.18271,0.18274,0.18256,0.18264,0.18287,0.18289,0.18275,0.18275,-0.00086285,-0.00058867,-0.00081442,-0.00081442,-0.00010999999999999899,-0.000601915184678517
1770940500000,2026-02-12T23:55:00Z,0.18264,0.18288,0.18235,0.18264,471020.2,85992.0006,0.18264,0.18288,0.18251,0.18264,0.18275,0.18297,0.18266,0.18275,-0.00081442,0,-0.00088832,-0.00088832,-0.00010999999999999899,-0.000601915184678517
1770940800000,2026-02-13T00:00:00Z,0.18264,0.18361,0.18227,0.18317,614855.3,112546.416894,0.18264,0.18355,0.18234,0.18317,0.18275,0.18362,0.18253,0.18324,-0.00088832,-0.00007145,-0.00037121,-0.00037121,-6.999999999998674e-05,-0.00038201266099097765
1770941100000,2026-02-13T00:05:00Z,0.18317,0.18339,0.18272,0.18292,246169.4,45053.031148,0.18317,0.18339,0.18277,0.18292,0.18324,0.18352,0.18299,0.18301,-0.00037121,-0.00054526,-0.00091161,-0.00054526,-9.000000000000674e-05,-0.0004917764056609296
1770941400000,2026-02-13T00:10:00Z,0.18292,0.18321,0.18281,0.18287,184791.4,33822.462059,0.18292,0.18321,0.18284,0.18287,0.18301,0.18326,0.18294,0.18301,-0.00054526,-0.00048305,-0.00060702,-0.00060702,-0.00014000000000000123,-0.0007649855199169511
1770941700000,2026-02-13T00:15:00Z,0.18287,0.18298,0.18236,0.18246,244327.5,44597.729337,0.18287,0.18298,0.18238,0.18255,0.18301,0.18309,0.18254,0.18273,-0.00060702,-0.00021226,-0.00064666,-0.00021226,-0.00026999999999999247,-0.0014775898867180675
1770942000000,2026-02-13T00:20:00Z,0.18246,0.18266,0.18231,0.18233,272018.7,49640.209717,0.18255,0.18266,0.18235,0.1824,0.18273,0.18281,0.18252,0.18257,-0.00021226,-0.0003632,-0.00101801,-0.00101801,-0.00024000000000001798,-0.0013145642767158786
1770942300000,2026-02-13T00:25:00Z,0.18233,0.18245,0.18195,0.18195,166110.1,30273.088877,0.1824,0.18243,0.18195,0.18195,0.18257,0.18258,0.18218,0.18218,-0.00101801,-0.00082654,-0.00094155,-0.00082654,-0.00023000000000000798,-0.0012624876495773848
1770942600000,2026-02-13T00:30:00Z,0.18195,0.18206,0.18065,0.18098,463909.2,84162.128284,0.18195,0.18206,0.18072,0.18098,0.18218,0.18222,0.18099,0.18116,-0.00082654,-0.00096584,-0.00161008,-0.00096584,-0.00017999999999998573,-0.0009935968204900958
1770942900000,2026-02-13T00:35:00Z,0.18098,0.1814,0.18097,0.1813,1013992.2,183745.888034,0.18098,0.1814,0.18097,0.1813,0.18116,0.1815,0.18116,0.18139,-0.00096584,-0.00022996,-0.00058779,-0.00058779,-9.000000000000674e-05,-0.0004961684767628135
1770943200000,2026-02-13T00:40:00Z,0.1813,0.18138,0.18064,0.18065,97565.4,17662.104309,0.1813,0.1814,0.1807,0.1807,0.18139,0.18152,0.18091,0.18091,-0.00058779,-0.00085852,-0.00095865,-0.00085852,-0.00025999999999998247,-0.0014371787076445884
1770943500000,2026-02-13T00:45:00Z,0.18065,0.18124,0.18065,0.18106,193156.1,34952.647865,0.1807,0.18127,0.1807,0.18106,0.18091,0.18137,0.18086,0.1812,-0.00085852,-0.00022161,-0.000715,-0.00022161,-0.00014000000000000123,-0.0007726269315673357
1770943800000,2026-02-13T00:50:00Z,0.18106,0.18152,0.18082,0.18149,150402.7,27229.19953,0.18106,0.18152,0.18088,0.18149,0.1812,0.18155,0.18101,0.18155,-0.00022161,-0.0003832,-0.00049779,-0.0003832,-5.999999999997674e-05,-0.00033048746901667166
1770944100000,2026-02-13T00:55:00Z,0.18149,0.18171,0.18141,0.18141,120708.7,21910.690515,0.18149,0.1817,0.18147,0.18147,0.18155,0.18175,0.18155,0.18162,-0.0003832,-0.00013992,-0.00043782,-0.00043782,-0.00021000000000001573,-0.0011562603237529772
1770944400000,2026-02-13T01:00:00Z,0.18141,0.18151,0.18108,0.18133,306426.1,55555.152502,0.18147,0.18151,0.1812,0.18133,0.18162,0.18167,0.18136,0.18148,-0.00043782,-0.00026477,-0.0011652,-0.0011652,-0.00015000000000001124,-0.0008265373594887107
1770944700000,2026-02-13T01:05:00Z,0.18133,0.18184,0.1812,0.18155,246544.2,44754.817205,0.18133,0.18184,0.18121,0.1816,0.18148,0.18194,0.18142,0.18178,-0.0011652,-0.00042997,-0.00052045,-0.00042997,-0.00023000000000000798,-0.0012652657057982614
1770945000000,2026-02-13T01:10:00Z,0.18155,0.18183,0.1815,0.18175,225597.3,40979.722653,0.1816,0.18183,0.18154,0.18176,0.18178,0.18194,0.18172,0.18193,-0.00042997,-0.00014656,-0.00054784,-0.00054784,-0.00018000000000001348,-0.0009893915242126833
1770945300000,2026-02-13T01:15:00Z,0.18175,0.18191,0.18156,0.18187,122842.5,22326.850872,0.18176,0.18191,0.18158,0.18187,0.18193,0.18201,0.18173,0.18194,-0.00054784,-0.00016203,-0.00069798,-0.00069798,-6.999999999998674e-05,-0.0003847422227107109
1770945600000,2026-02-13T01:20:00Z,0.18187,0.18187,0.18131,0.18135,103681.2,18819.900505,0.18187,0.18191,0.1814,0.1814,0.18194,0.18203,0.18165,0.18165,-0.00069798,-0.00064896,-0.00125079,-0.00125079,-0.0002999999999999947,-0.0016515276630883276
1770945900000,2026-02-13T01:25:00Z,0.18135,0.18157,0.18087,0.18135,116535.6,21116.086534,0.1814,0.18157,0.18087,0.18138,0.18165,0.18166,0.18101,0.18153,-0.00125079,-0.00031962,-0.00035931,-0.00031962,-0.00017999999999998573,-0.0009915716410509874
1770946200000,2026-02-13T01:30:00Z,0.18135,0.18163,0.18117,0.18147,157185.6,28509.860855,0.18138,0.18163,0.18127,0.18147,0.18153,0.1817,0.18139,0.18159,-0.00031962,-0.00002337,-0.00032789,-0.00002337,-0.00012000000000000899,-0.000660829340822782
1770946500000,2026-02-13T01:35:00Z,0.18147,0.18182,0.18141,0.18171,98471.1,17883.183105,0.18147,0.18183,0.18141,0.18177,0.18159,0.18195,0.18152,0.18188,-0.00002337,0,-0.00008237,-0.00008237,-0.00016999999999997573,-0.0009346822080491298
1770946800000,2026-02-13T01:40:00Z,0.18171,0.18174,0.18139,0.18139,115402.9,20953.950185,0.18177,0.18177,0.18144,0.18144,0.18188,0.18188,0.18162,0.18162,-0.00008237,-0.0001723,-0.00062163,-0.0001723,-0.00023000000000000798,-0.0012663803545865432
1770947100000,2026-02-13T01:45:00Z,0.18139,0.18164,0.18137,0.18147,352281,63933.769759,0.18144,0.18164,0.18139,0.18147,0.18162,0.18175,0.18158,0.18161,-0.0001723,-0.00047966,-0.00064612,-0.00064612,-0.00014000000000000123,-0.000770882660646447
1770947400000,2026-02-13T01:50:00Z,0.18147,0.18163,0.18105,0.18114,173766.2,31521.778737,0.18147,0.18163,0.18111,0.18114,0.18161,0.18175,0.18124,0.18131,-0.00064612,-0.00024581,-0.00107358,-0.00107358,-0.00017000000000000348,-0.0009376206497159753
1770947700000,2026-02-13T01:55:00Z,0.18114,0.18114,0.18074,0.18109,66430.5,12019.840628,0.18114,0.18114,0.1808,0.18109,0.18131,0.18131,0.18099,0.18121,-0.00107358,-0.00033272,-0.00052278,-0.00033272,-0.00012000000000000899,-0.0006622151095414656
1770948000000,2026-02-13T02:00:00Z,0.18109,0.18138,0.18109,0.18128,97910.9,17744.119622,0.18109,0.18138,0.18109,0.18128,0.18121,0.1815,0.18121,0.18139,-0.00033272,-0.00060353,-0.00087149,-0.00060353,-0.00010999999999999899,-0.00060642813826561
1770948300000,2026-02-13T02:05:00Z,0.18128,0.1816,0.18112,0.18154,99266.6,18010.377842,0.18128,0.18157,0.18121,0.18154,0.18139,0.18165,0.18139,0.18164,-0.00060353,-0.00015048,-0.00079432,-0.00079432,-9.999999999998899e-05,-0.0005505395287381027
1770948600000,2026-02-13T02:10:00Z,0.18154,0.18154,0.18117,0.18128,84464.5,15320.063052,0.18154,0.18154,0.18124,0.18128,0.18164,0.18165,0.18137,0.18137,-0.00079432,-0.00004215,-0.00018077,-0.00018077,-9.000000000000674e-05,-0.0004962231901637908
1770948900000,2026-02-13T02:15:00Z,0.18128,0.1816,0.18117,0.1814,63652.8,11549.995586,0.18128,0.1816,0.18121,0.18146,0.18137,0.18169,0.18137,0.18158,-0.00018077,-0.00019758,-0.00030727,-0.00030727,-0.00017999999999998573,-0.000991298601167451
1770949200000,2026-02-13T02:20:00Z,0.1814,0.18147,0.18084,0.18145,129342.5,23446.209074,0.18146,0.18147,0.18089,0.18145,0.18158,0.18159,0.18105,0.18153,-0.00030727,0,-0.00063068,0,-7.999999999999674e-05,-0.0004406985071337891
1770949500000,2026-02-13T02:25:00Z,0.18145,0.1816,0.18117,0.18117,198601.4,36028.577495,0.18145,0.1816,0.18125,0.18125,0.18153,0.18167,0.18142,0.18142,0,-0.00033834,-0.00072936,-0.00072936,-0.0002500000000000002,-0.0013780178591114554
1770949800000,2026-02-13T02:30:00Z,0.18117,0.18125,0.18089,0.18115,99745.1,18061.415145,0.18125,0.18125,0.18093,0.1812,0.18142,0.18142,0.18109,0.18132,-0.00072936,0,-0.00010168,0,-0.00017000000000000348,-0.0009375689388925848
1770950100000,2026-02-13T02:35:00Z,0.18115,0.1812,0.18081,0.18108,102646.8,18582.533472,0.1812,0.1812,0.18082,0.18108,0.18132,0.18132,0.18097,0.1812,0,-0.0000884,-0.00042771,-0.0000884,-0.00012000000000000899,-0.0006622516556291887
1770950400000,2026-02-13T02:40:00Z,0.18108,0.18139,0.18078,0.18136,230827.9,41771.364624,0.18108,0.18139,0.18087,0.18136,0.1812,0.18149,0.18101,0.18148,-0.0000884,-0.00025511,-0.00067445,-0.00067445,-0.00012000000000000899,-0.0006612298875909687
1770950700000,2026-02-13T02:45:00Z,0.18136,0.18142,0.18113,0.18118,154344.4,27981.888333,0.18136,0.18144,0.1812,0.18126,0.18148,0.18159,0.18138,0.18146,-0.00067445,-0.00076041,-0.00084227,-0.00076041,-0.00028000000000000247,-0.0015430397883831283
1770951000000,2026-02-13T02:50:00Z,0.18118,0.18185,0.18118,0.18161,116310.3,21132.272312,0.18126,0.18185,0.18126,0.18162,0.18146,0.18201,0.18144,0.18185,-0.00076041,-0.00081303,-0.00091139,-0.00091139,-0.00024000000000001798,-0.0013197690404180256
1770951300000,2026-02-13T02:55:00Z,0.18161,0.18172,0.18149,0.18151,71437.5,12972.392097,0.18162,0.18172,0.18151,0.18151,0.18185,0.18189,0.18171,0.18172,-0.00091139,-0.00060291,-0.00067295,-0.00067295,-0.00020999999999998797,-0.0011556240369799031
1770951600000,2026-02-13T03:00:00Z,0.18151,0.18153,0.1812,0.18132,111146.4,20157.629275,0.18151,0.18153,0.1813,0.18133,0.18172,0.18173,0.18151,0.18158,-0.00067295,-0.00023161,-0.00109341,-0.00023161,-0.00025999999999998247,-0.0014318757572418905
1770951900000,2026-02-13T03:05:00Z,0.18132,0.18132,0.18024,0.18056,167009.1,30181.496948,0.18133,0.18133,0.18033,0.18056,0.18158,0.18158,0.1805,0.18066,-0.00023161,-0.00037611,-0.00126769,-0.00037611,-9.999999999998899e-05,-0.0005535259603674803
1770952200000,2026-02-13T03:10:00Z,0.18056,0.18056,0.18026,0.18029,113210.9,20421.361471,0.18056,0.18056,0.1803,0.18032,0.18066,0.18071,0.1805,0.18052,-0.00037611,-0.00088887,-0.00116715,-0.00116715,-0.00023000000000000798,-0.001274097052958165
1770952500000,2026-02-13T03:15:00Z,0.18029,0.18051,0.18018,0.18044,61691.1,11126.064811,0.18032,0.18051,0.18021,0.18044,0.18052,0.18064,0.18041,0.18055,-0.00116715,-0.00069356,-0.000935,-0.000935,-0.00010999999999999899,-0.0006092495153696982
1770952800000,2026-02-13T03:20:00Z,0.18044,0.18062,0.18028,0.18058,115393.3,20823.825121,0.18044,0.18062,0.18028,0.18058,0.18055,0.18072,0.18042,0.18069,-0.000935,-0.00017111,-0.0003502,-0.00017111,-0.00010999999999999899,-0.0006087774641651392
1770953100000,2026-02-13T03:25:00Z,0.18058,0.18109,0.18058,0.18085,106440.8,19249.180174,0.18058,0.18112,0.18058,0.18085,0.18069,0.18121,0.18069,0.18102,-0.00017111,-0.00058938,-0.00078737,-0.00058938,-0.00016999999999997573,-0.0009391227488673944
1770953400000,2026-02-13T03:30:00Z,0.18085,0.18169,0.18084,0.18132,258462,46859.646871,0.18085,0.18169,0.18084,0.18141,0.18102,0.18176,0.18102,0.18153,-0.00058938,0,-0.00044982,-0.00044982,-0.00020999999999998797,-0.0011568335812261773
1770953700000,2026-02-13T03:35:00Z,0.18132,0.1815,0.18097,0.1814,188309.9,34138.590382,0.18141,0.1815,0.18102,0.18141,0.18153,0.18159,0.18118,0.18156,-0.00044982,-0.00007108,-0.00020158,-0.00020158,-0.00015999999999999348,-0.0008812513769552406
1770954000000,2026-02-13T03:40:00Z,0.1814,0.1814,0.18094,0.18094,71416.4,12944.278326,0.18141,0.18141,0.18104,0.18104,0.18156,0.18156,0.18119,0.18119,-0.00020158,-0.0002288,-0.00051055,-0.00051055,-0.0002500000000000002,-0.0013797670953143123
1770954300000,2026-02-13T03:45:00Z,0.18094,0.18102,0.18077,0.18077,122601.9,22176.988418,0.18104,0.18104,0.18077,0.18077,0.18119,0.18119,0.18097,0.18097,-0.00051055,-0.00080876,-0.00080992,-0.00080992,-0.00020000000000000573,-0.0011051555506437847
1770954600000,2026-02-13T03:50:00Z,0.18077,0.18095,0.18048,0.18062,106948.6,19319.675965,0.18077,0.18095,0.18052,0.18062,0.18097,0.18107,0.18072,0.18077,-0.00080992,-0.00073661,-0.0007968,-0.0007968,-0.00014999999999998348,-0.0008297837030479808
1770954900000,2026-02-13T03:55:00Z,0.18062,0.18062,0.18037,0.18057,153955.9,27790.185569,0.18062,0.18062,0.18041,0.18057,0.18077,0.18078,0.18063,0.1807,-0.0007968,-0.00056912,-0.000859,-0.000859,-0.00012999999999999123,-0.0007194244604316061
1770955200000,2026-02-13T04:00:00Z,0.18057,0.18057,0.18032,0.18034,94378.5,17028.496173,0.18057,0.18057,0.18032,0.18034,0.1807,0.18074,0.1805,0.18053,-0.000859,-0.00064993,-0.00077033,-0.00077033,-0.00018999999999999573,-0.0010524566554035103
1770955500000,2026-02-13T04:05:00Z,0.18034,0.18037,0.17991,0.18016,183606.7,33062.870932,0.18034,0.18036,0.17992,0.18016,0.18053,0.18055,0.18009,0.18029,-0.00077033,-0.00072253,-0.00073822,-0.00073822,-0.000130000000000019,-0.0007210605136170557
1770955800000,2026-02-13T04:10:00Z,0.18016,0.18016,0.17975,0.1799,94876.5,17071.894854,0.18016,0.18016,0.17981,0.1799,0.18029,0.18031,0.17997,0.18001,-0.00073822,-0.0003112,-0.00062366,-0.0003112,-0.00010999999999999899,-0.0006110771623798622
1770956100000,2026-02-13T04:15:00Z,0.1799,0.18033,0.17988,0.18012,49668.3,8944.501095,0.1799,0.18033,0.1799,0.1802,0.18001,0.18042,0.18001,0.18034,-0.0003112,-0.00018052,-0.00035126,-0.00018052,-0.00021999999999999797,-0.0012199179327936009
1770956400000,2026-02-13T04:20:00Z,0.18012,0.18012,0.17934,0.17993,200859,36085.898556,0.1802,0.1802,0.17936,0.17994,0.18034,0.18034,0.17954,0.18009,-0.00018052,-0.00037529,-0.00065425,-0.00037529,-0.00015999999999999348,-0.0008884446665555749
1770956700000,2026-02-13T04:25:00Z,0.17993,0.1801,0.17982,0.17986,68589.9,12345.84997,0.17994,0.1801,0.17985,0.17987,0.18009,0.1802,0.18001,0.18002,-0.00037529,-0.00041613,-0.00050255,-0.00050255,-0.00016000000000002124,-0.0008887901344296257
1770957000000,2026-02-13T04:30:00Z,0.17986,0.18002,0.17972,0.18002,104764.7,18840.610047,0.17987,0.18002,0.17976,0.18002,0.18002,0.18011,0.1799,0.18011,-0.00050255,-0.00038874,-0.00054596,-0.00038874,-8.999999999997899e-05,-0.0004996946310586808
1770957300000,2026-02-13T04:35:00Z,0.18002,0.18028,0.17992,0.17997,85291,15361.175815,0.18002,0.18027,0.17996,0.17997,0.18011,0.18035,0.1801,0.1801,-0.00038874,-0.00031266,-0.00059903,-0.00031266,-0.000130000000000019,-0.0007218212104387506
1770957600000,2026-02-13T04:40:00Z,0.17997,0.18014,0.17977,0.17984,39671.1,7136.631016,0.17997,0.18014,0.17983,0.17984,0.1801,0.1802,0.17993,0.17993,-0.00031266,-0.00008479,-0.00015721,-0.00015721,-9.000000000000674e-05,-0.000500194520091184
1770957900000,2026-02-13T04:45:00Z,0.17984,0.1801,0.17982,0.17986,121786.8,21910.874547,0.17984,0.1801,0.17984,0.17988,0.17993,0.18021,0.17993,0.18002,-0.00015721,-0.00021615,-0.00072687,-0.00021615,-0.00016000000000002124,-0.0008887901344296257
1770958200000,2026-02-13T04:50:00Z,0.17986,0.18016,0.17986,0.18011,28081.4,5055.870723,0.17988,0.18016,0.17988,0.18014,0.18002,0.18029,0.18002,0.18028,-0.00021615,-0.00019106,-0.00040593,-0.00019106,-0.00017000000000000348,-0.0009429775904149295
1770958500000,2026-02-13T04:55:00Z,0.18011,0.18031,0.17989,0.17996,284331.5,51179.835277,0.18014,0.18032,0.17996,0.17996,0.18028,0.18041,0.18009,0.18009,-0.00019106,0,-0.00073018,-0.00073018,-0.00012999999999999123,-0.0007218612915763853
1770958800000,2026-02-13T05:00:00Z,0.17996,0.18011,0.17993,0.17993,133664.2,24064.317794,0.17996,0.18011,0.17993,0.17993,0.18009,0.18025,0.18009,0.18012,-0.00073018,-0.00070546,-0.00102291,-0.00102291,-0.00018999999999999573,-0.0010548523206750818
1770959100000,2026-02-13T05:05:00Z,0.17993,0.17993,0.17911,0.17968,265092.3,47557.910023,0.17993,0.17993,0.17911,0.17968,0.18012,0.18012,0.17932,0.17983,-0.00102291,-0.00029741,-0.00045128,-0.00045128,-0.00014999999999998348,-0.000834121114385717
1770959400000,2026-02-13T05:10:00Z,0.17968,0.1797,0.17934,0.17954,155219.6,27862.272051,0.17968,0.1797,0.17937,0.17956,0.17983,0.17983,0.17955,0.17972,-0.00045128,-0.00061217,-0.00094224,-0.00094224,-0.00017999999999998573,-0.0010015579790784873
1770959700000,2026-02-13T05:15:00Z,0.17954,0.17976,0.17941,0.17957,85086.8,15278.407518,0.17956,0.17976,0.17945,0.17957,0.17972,0.1799,0.17961,0.17974,-0.00094224,-0.000345,-0.0006442,-0.0006442,-0.00017000000000000348,-0.0009458106153332784
1770960000000,2026-02-13T05:20:00Z,0.17957,0.18028,0.17957,0.17989,121119.8,21794.982614,0.17957,0.18028,0.17957,0.17997,0.17974,0.18037,0.17974,0.1801,-0.0006442,-0.00016366,-0.00040376,-0.00016366,-0.00021000000000001573,-0.0011660188784009757
1770960300000,2026-02-13T05:25:00Z,0.17989,0.18001,0.17959,0.17987,91027.3,16366.855446,0.17997,0.18003,0.17962,0.17987,0.1801,0.18017,0.1798,0.17999,-0.00016366,-0.00054957,-0.00073753,-0.00054957,-0.00012000000000000899,-0.0006667037057614811
1770960600000,2026-02-13T05:30:00Z,0.17987,0.18034,0.17983,0.18002,106120.2,19108.545196,0.17987,0.18034,0.17984,0.18003,0.17999,0.18039,0.17999,0.1802,-0.00054957,-0.00017707,-0.00033172,-0.00017707,-0.00017999999999998573,-0.0009988901220864912
1770960900000,2026-02-13T05:35:00Z,0.18002,0.18043,0.17985,0.17992,209271.7,37720.454714,0.18003,0.18043,0.17987,0.17992,0.1802,0.18052,0.18001,0.18002,-0.00017707,-0.00051504,-0.00052255,-0.00051504,-0.00010000000000001674,-0.0005554938340185353
1770961200000,2026-02-13T05:40:00Z,0.17992,0.18014,0.17968,0.18003,47385.2,8525.305096,0.17992,0.18014,0.17978,0.18004,0.18002,0.18021,0.17989,0.18016,-0.00051504,0,-0.00008779,0,-0.00012999999999999123,-0.0007215808170514612
1770961500000,2026-02-13T05:45:00Z,0.18003,0.18007,0.17954,0.17979,124490.5,22386.205646,0.18004,0.18007,0.17964,0.17979,0.18016,0.18016,0.1798,0.17983,0,-0.00058584,-0.00084627,-0.00084627,-3.999999999998449e-05,-0.00022243229716946278
1770961800000,2026-02-13T05:50:00Z,0.17979,0.17984,0.17953,0.17978,85978.8,15450.947516,0.17979,0.17984,0.17953,0.17978,0.17983,0.17993,0.1797,0.17989,-0.00084627,-0.00053885,-0.0005651,-0.0005651,-0.00010999999999999899,-0.0006114847962643781
1770962100000,2026-02-13T05:55:00Z,0.17978,0.17984,0.1793,0.17932,200539.5,36006.92717,0.17978,0.17983,0.1793,0.17934,0.17989,0.17993,0.17943,0.17947,-0.0005651,0,-0.00027098,-0.00027098,-0.00014999999999998348,-0.0008357942831670112
1770962400000,2026-02-13T06:00:00Z,0.17932,0.17972,0.17927,0.1796,117165.4,21033.483909,0.17934,0.17972,0.17934,0.17961,0.17947,0.17983,0.17947,0.17974,-0.00027098,-0.00009849,-0.00060483,-0.00060483,-0.00014000000000000123,-0.0007789028596862203
1770962700000,2026-02-13T06:05:00Z,0.1796,0.17972,0.17946,0.17962,87892.9,15782.141354,0.17961,0.17972,0.17946,0.17962,0.17974,0.17981,0.17957,0.17974,-0.00060483,-0.00016796,-0.00031746,-0.00016796,-0.00012000000000000899,-0.000667631022588233
1770963000000,2026-02-13T06:10:00Z,0.17962,0.17974,0.17953,0.17958,32609.4,5857.374226,0.17962,0.17974,0.17957,0.17962,0.17974,0.17985,0.17971,0.17977,-0.00016796,-0.00049874,-0.00076788,-0.00049874,-0.00019000000000002348,-0.0010569060466152499
1770963300000,2026-02-13T06:15:00Z,0.17958,0.17992,0.1795,0.17983,100982.5,18156.030819,0.17962,0.17992,0.17958,0.17984,0.17977,0.17997,0.17973,0.17994,-0.00049874,-0.00015834,-0.00018849,-0.00015834,-0.00010999999999999899,-0.0006113148827386851
1770963600000,2026-02-13T06:20:00Z,0.17983,0.17993,0.17877,0.17886,303387.1,54335.496019,0.17984,0.17993,0.17883,0.17886,0.17994,0.17996,0.17896,0.17899,-0.00015834,0,-0.0005645,0,-0.000130000000000019,-0.0007262975585229285
1770963900000,2026-02-13T06:25:00Z,0.17886,0.17886,0.1783,0.1787,1029862.4,183847.956569,0.17886,0.17886,0.17846,0.1787,0.17899,0.17899,0.17857,0.17871,0,-0.00024776,-0.00030861,-0.00024776,-1.0000000000010001e-05,-5.595657769576409e-05
1770964200000,2026-02-13T06:30:00Z,0.1787,0.17933,0.17868,0.17923,217748.2,38956.992561,0.1787,0.17933,0.17869,0.1793,0.17871,0.17939,0.17871,0.17939,-0.00024776,0,0,0,-0.00015999999999999348,-0.0008919114777857935
1770964500000,2026-02-13T06:35:00Z,0.17923,0.17932,0.17909,0.17913,79976.8,14331.778442,0.1793,0.17932,0.1791,0.17919,0.17939,0.17943,0.17924,0.17929,0,-0.00009856,-0.00044199,-0.00044199,-0.00015999999999999348,-0.0008924089463996513
1770964800000,2026-02-13T06:40:00Z,0.17913,0.17933,0.17904,0.1793,99881.8,17893.03424,0.17919,0.17933,0.17913,0.1793,0.17929,0.1794,0.17924,0.17938,-0.00044199,0,-0.0002933,0,-8.00000000000245e-05,-0.0004459805998440433
1770965100000,2026-02-13T06:45:00Z,0.1793,0.1797,0.17923,0.17945,119708.4,21478.023408,0.1793,0.1797,0.17929,0.17952,0.17938,0.17971,0.17938,0.17958,0,0,-0.00015999,0,-0.00012999999999999123,-0.0007239113487024794
1770965400000,2026-02-13T06:50:00Z,0.17945,0.18024,0.17945,0.18024,257674,46362.065923,0.17952,0.18028,0.17951,0.18024,0.17958,0.1804,0.17957,0.18032,0,-0.00038394,-0.00090219,-0.00038394,-7.999999999999674e-05,-0.00044365572315881066
1770965700000,2026-02-13T06:55:00Z,0.18024,0.18077,0.18014,0.18064,62339.6,11259.056102,0.18024,0.18077,0.18014,0.18066,0.18032,0.18082,0.18028,0.18075,-0.00038394,0,0,0,-0.00010999999999999899,-0.0006085753803596072
1770966000000,2026-02-13T07:00:00Z,0.18064,0.18078,0.18056,0.1807,114669,20719.836061,0.18066,0.18078,0.18056,0.1807,0.18075,0.18084,0.18065,0.18077,0,-0.00024434,-0.00029254,-0.00024434,-6.999999999998674e-05,-0.0003872323947556937
1770966300000,2026-02-13T07:05:00Z,0.1807,0.18082,0.18038,0.18038,74157.8,13393.463399,0.1807,0.18082,0.18038,0.18039,0.18077,0.18085,0.18051,0.18054,-0.00024434,-0.00045768,-0.00051455,-0.00045768,-0.00015999999999999348,-0.0008862301982939708
1770966600000,2026-02-13T07:10:00Z,0.18038,0.18138,0.18038,0.18134,473309.3,85684.232481,0.18039,0.18137,0.18039,0.18134,0.18054,0.18152,0.18054,0.1814,-0.00045768,0,-0.00044833,-0.00044833,-6.0000000000004494e-05,-0.0003307607497243908
1770966900000,2026-02-13T07:15:00Z,0.18134,0.18156,0.18124,0.18129,164540,29840.282199,0.18134,0.18154,0.18126,0.18134,0.1814,0.18161,0.18133,0.18144,-0.00044833,-0.00017696,-0.00037294,-0.00017696,-0.00014999999999998348,-0.0008267195767194857
1770967200000,2026-02-13T07:20:00Z,0.18129,0.1816,0.18129,0.18148,125974.8,22861.313563,0.18134,0.1816,0.18134,0.18148,0.18144,0.18166,0.18144,0.18151,-0.00017696,0,0,0,-3.0000000000002247e-05,-0.0001652801498540149
1770967500000,2026-02-13T07:25:00Z,0.18148,0.18153,0.18124,0.1814,152096.4,27589.914903,0.18148,0.1815,0.18133,0.18144,0.18151,0.18153,0.18139,0.1815,0,0,0,0,-9.999999999998899e-05,-0.000550964187327763
1770967800000,2026-02-13T07:30:00Z,0.1814,0.1814,0.18066,0.18069,134539.8,24337.140036,0.18144,0.18144,0.18069,0.18069,0.1815,0.1815,0.18085,0.18085,0,-0.00069656,-0.00101066,-0.00101066,-0.00016000000000002124,-0.0008847110865359205
1770968100000,2026-02-13T07:35:00Z,0.18069,0.18082,0.18039,0.18044,148757.9,26859.961402,0.18069,0.18082,0.18046,0.18051,0.18085,0.18091,0.18061,0.18063,-0.00101066,-0.00012857,-0.00020624,-0.00012857,-0.00019000000000002348,-0.001051873996567699
1770968400000,2026-02-13T07:40:00Z,0.18044,0.18053,0.18032,0.18033,68901,12429.120932,0.18051,0.18053,0.18034,0.18034,0.18063,0.18066,0.18052,0.18052,-0.00012857,-0.00075566,-0.00082187,-0.00082187,-0.00019000000000002348,-0.0010525149567916212
1770968700000,2026-02-13T07:45:00Z,0.18033,0.18054,0.18022,0.18054,86175.3,15543.939593,0.18034,0.18054,0.18027,0.18054,0.18052,0.18061,0.18044,0.18061,-0.00082187,-0.00005911,-0.00078263,-0.00005911,-6.999999999998674e-05,-0.0003875754387906912
1770969000000,2026-02-13T07:50:00Z,0.18054,0.18084,0.18031,0.18079,234810.9,42427.96608,0.18054,0.18082,0.18036,0.18082,0.18061,0.18097,0.18053,0.18097,-0.00005911,-0.00020203,-0.0007014,-0.0007014,-0.00017999999999998573,-0.000994639995579299
1770969300000,2026-02-13T07:55:00Z,0.18079,0.18088,0.18035,0.18061,136879.8,24717.278576,0.18082,0.18088,0.18044,0.18061,0.18097,0.18099,0.18062,0.18069,-0.0007014,-0.00010403,-0.00096317,-0.00010403,-7.999999999999674e-05,-0.0004427472466655418
1770969600000,2026-02-13T08:00:00Z,0.18061,0.18063,0.18037,0.18062,112217.3,20253.651676,0.18061,0.18063,0.18041,0.18062,0.18069,0.18076,0.18055,0.18076,-0.00010403,-0.00021202,-0.00057589,-0.00057589,-0.00014000000000000123,-0.0007745076344324033
1770969900000,2026-02-13T08:05:00Z,0.18062,0.181,0.18061,0.18074,202636.5,36638.16429,0.18062,0.181,0.18062,0.18077,0.18076,0.18114,0.18076,0.18091,-0.00057589,-0.00025189,-0.0006748,-0.00025189,-0.00016999999999997573,-0.0009396937703829293
1770970200000,2026-02-13T08:10:00Z,0.18074,0.18092,0.18072,0.1808,91956.7,16628.655825,0.18077,0.18093,0.18077,0.18083,0.18091,0.18106,0.1809,0.18098,-0.00025189,-0.00037765,-0.00044413,-0.00044413,-0.00018000000000001348,-0.0009945850370207399
1770970500000,2026-02-13T08:15:00Z,0.1808,0.18119,0.18069,0.18117,75869.7,13721.817121,0.18083,0.18119,0.18069,0.18117,0.18098,0.18131,0.18087,0.18128,-0.00044413,-0.00030201,-0.00036043,-0.00036043,-0.00010999999999999899,-0.0006067961165048488
1770970800000,2026-02-13T08:20:00Z,0.18117,0.18142,0.18084,0.18121,311758.8,56446.143619,0.18117,0.18144,0.18089,0.1813,0.18128,0.18158,0.18102,0.18146,-0.00036043,-0.00030072,-0.00038242,-0.00038242,-0.0002500000000000002,-0.0013777140967706394
1770971100000,2026-02-13T08:25:00Z,0.18121,0.18178,0.18121,0.18171,62191.7,11295.817946,0.1813,0.18178,0.18128,0.18177,0.18146,0.1819,0.18142,0.1819,-0.00038242,-0.00033313,-0.00054104,-0.00054104,-0.00018999999999999573,-0.0010445299615172937
1770971400000,2026-02-13T08:30:00Z,0.18171,0.18217,0.18155,0.182,68653,12485.574942,0.18177,0.18217,0.18155,0.18202,0.1819,0.18226,0.18169,0.18214,-0.00054104,-0.00029385,-0.00033697,-0.00029385,-0.00014000000000000123,-0.0007686395080707217
1770971700000,2026-02-13T08:35:00Z,0.182,0.18243,0.18194,0.18225,279026.9,50864.260537,0.18202,0.18245,0.18194,0.18225,0.18214,0.18255,0.18206,0.18241,-0.00029385,-0.00047526,-0.00049627,-0.00049627,-0.00015999999999999348,-0.0008771448933720382
1770972000000,2026-02-13T08:40:00Z,0.18225,0.18238,0.18197,0.18212,80388.8,14643.819884,0.18225,0.18238,0.18197,0.18219,0.18241,0.18249,0.18214,0.18229,-0.00049627,0,-0.00015669,0,-0.00017000000000000348,-0.0009325799550167507
1770972300000,2026-02-13T08:45:00Z,0.18212,0.18307,0.18212,0.18285,272345.3,49685.963898,0.18219,0.18307,0.18214,0.18295,0.18229,0.18318,0.18229,0.1831,0,0,-0.00050319,-0.00050319,-0.0002500000000000002,-0.001365374112506828
1770972600000,2026-02-13T08:50:00Z,0.18285,0.18288,0.18235,0.18239,88694.2,16190.93512,0.18295,0.18295,0.18238,0.18242,0.1831,0.1831,0.18258,0.18263,-0.00050319,-0.00032904,-0.00082512,-0.00032904,-0.00023999999999999022,-0.0013141323988391297
1770972900000,2026-02-13T08:55:00Z,0.18239,0.18249,0.18224,0.18236,143328.1,26145.512474,0.18242,0.18249,0.18225,0.18236,0.18263,0.1827,0.18247,0.18252,-0.00032904,-0.00043582,-0.00069484,-0.00043582,-0.00015999999999999348,-0.0008766162612316102
1770973200000,2026-02-13T09:00:00Z,0.18236,0.18238,0.18172,0.18197,200667.2,36515.091948,0.18236,0.18237,0.18179,0.182,0.18252,0.18255,0.18201,0.18218,-0.00043582,-0.0000562,-0.00080246,-0.0000562,-0.00021000000000001573,-0.0011527061148315716
1770973500000,2026-02-13T09:05:00Z,0.18197,0.18217,0.18191,0.18195,164588,29964.559665,0.182,0.18217,0.18191,0.18195,0.18218,0.18231,0.18206,0.18209,-0.0000562,-0.00033688,-0.0006742,-0.00033688,-0.00014000000000000123,-0.0007688505684002484
1770973800000,2026-02-13T09:10:00Z,0.18195,0.18199,0.1815,0.18169,145446.1,26433.002446,0.18195,0.18199,0.18155,0.18172,0.18209,0.18209,0.18171,0.18187,-0.00033688,-0.00027447,-0.00043913,-0.00043913,-0.00018000000000001348,-0.000989717930389913
1770974100000,2026-02-13T09:15:00Z,0.18169,0.18194,0.18163,0.18172,175360.1,31864.646222,0.18172,0.18194,0.18163,0.18172,0.18187,0.18201,0.1818,0.18182,-0.00043913,-0.00009004,-0.00070378,-0.00009004,-0.00010000000000001674,-0.0005499945000550915
1770974400000,2026-02-13T09:20:00Z,0.18172,0.18201,0.18152,0.18181,216549,39341.738427,0.18172,0.18201,0.18163,0.18183,0.18182,0.18209,0.1818,0.18201,-0.00009004,-0.00036301,-0.00066556,-0.00036301,-0.00020000000000000573,-0.0010988407230372271
1770974700000,2026-02-13T09:25:00Z,0.18181,0.18189,0.18177,0.18186,42751.3,7772.536878,0.18183,0.18189,0.18179,0.18186,0.18201,0.18206,0.18199,0.18204,-0.00036301,-0.00044244,-0.0005248,-0.00044244,-0.00018000000000001348,-0.000988793671720575
1770975000000,2026-02-13T09:30:00Z,0.18186,0.18212,0.18179,0.18191,217319.2,39533.002971,0.18186,0.18212,0.1818,0.18191,0.18204,0.18226,0.18199,0.18207,-0.00044244,-0.00031923,-0.00076066,-0.00031923,-0.00016000000000002124,-0.0008787828857034176
1770975300000,2026-02-13T09:35:00Z,0.18191,0.1821,0.18172,0.18176,66570.8,12108.704627,0.18191,0.1821,0.18173,0.18176,0.18207,0.18222,0.1819,0.18195,-0.00031923,-0.00041229,-0.00061184,-0.00041229,-0.00018999999999999573,-0.0010442429238801635
1770975600000,2026-02-13T09:40:00Z,0.18176,0.18176,0.18148,0.18153,42671.1,7750.294404,0.18176,0.18176,0.18155,0.18155,0.18195,0.18195,0.18175,0.18175,-0.00041229,-0.00063893,-0.0007387,-0.00063893,-0.00021999999999999797,-0.0012104539202200714
1770975900000,2026-02-13T09:45:00Z,0.18153,0.1818,0.18153,0.18171,36794.4,6684.643818,0.18155,0.18184,0.18154,0.18175,0.18175,0.18198,0.18167,0.1819,-0.00063893,-0.00037183,-0.00069433,-0.00069433,-0.00018999999999999573,-0.0010445299615172937
1770976200000,2026-02-13T09:50:00Z,0.18171,0.18184,0.18159,0.1817,46257.6,8406.070809,0.18175,0.18184,0.18163,0.1817,0.1819,0.18198,0.1818,0.18183,-0.00069433,-0.00048454,-0.00069931,-0.00069931,-0.00012999999999999123,-0.0007149535280206305
1770976500000,2026-02-13T09:55:00Z,0.1817,0.18173,0.18156,0.18159,59172.5,10749.303476,0.1817,0.18175,0.1816,0.1816,0.18183,0.1819,0.1818,0.1818,-0.00069931,-0.00068998,-0.00072523,-0.00068998,-0.00020999999999998797,-0.001155115511551089
1770976800000,2026-02-13T10:00:00Z,0.18159,0.18191,0.18159,0.18168,214480.5,38988.156525,0.1816,0.18191,0.1816,0.18175,0.1818,0.18203,0.1818,0.18192,-0.00068998,-0.00018239,-0.00035007,-0.00018239,-0.00023999999999999022,-0.0013192612137202628
1770977100000,2026-02-13T10:05:00Z,0.18168,0.18197,0.18159,0.18172,81578.8,14824.751582,0.18175,0.18198,0.18161,0.18174,0.18192,0.1821,0.18178,0.18188,-0.00018239,-0.00037954,-0.00048771,-0.00037954,-0.00015999999999999348,-0.0008797009016933884
1770977400000,2026-02-13T10:10:00Z,0.18172,0.18221,0.18172,0.18207,93516.3,17016.184887,0.18174,0.18221,0.18173,0.18207,0.18188,0.18223,0.18188,0.1822,-0.00037954,-0.0004137,-0.0007429,-0.0007429,-0.00012999999999999123,-0.0007135016465422132
1770977700000,2026-02-13T10:15:00Z,0.18207,0.18274,0.18207,0.18256,209815.7,38254.010421,0.18207,0.18275,0.18207,0.18267,0.1822,0.18286,0.18219,0.18279,-0.0007429,0,-0.00008452,0,-0.00023000000000000798,-0.0012582745226763388
1770978000000,2026-02-13T10:20:00Z,0.18256,0.18256,0.18198,0.18229,245402.9,44702.772236,0.18267,0.18267,0.18206,0.18229,0.18279,0.18279,0.18221,0.18234,0,-0.00031248,-0.00052151,-0.00052151,-4.999999999999449e-05,-0.00027421300866510085
1770978300000,2026-02-13T10:25:00Z,0.18229,0.18246,0.18205,0.18215,122984.5,22410.894644,0.18229,0.18246,0.18216,0.18216,0.18234,0.18256,0.18234,0.18234,-0.00052151,-0.00033671,-0.00083032,-0.00083032,-0.00018999999999999573,-0.0010420094329274747
1770978600000,2026-02-13T10:30:00Z,0.18215,0.18276,0.18212,0.1826,160389.8,29256.183392,0.18216,0.18278,0.18214,0.18268,0.18234,0.18291,0.18233,0.18282,-0.00083032,-0.00044751,-0.00050274,-0.00044751,-0.00021999999999999797,-0.0012033694344163546
1770978900000,2026-02-13T10:35:00Z,0.1826,0.18261,0.18226,0.18235,53319.9,9725.275291,0.18268,0.18268,0.18233,0.18235,0.18282,0.18282,0.18253,0.18258,-0.00044751,-0.00102064,-0.00106556,-0.00102064,-0.00022999999999998022,-0.0012597217658011843
1770979200000,2026-02-13T10:40:00Z,0.18235,0.18264,0.18213,0.18251,385320.4,70252.263426,0.18235,0.18264,0.18226,0.18252,0.18258,0.18282,0.1825,0.18271,-0.00102064,-0.00057854,-0.00061388,-0.00061388,-0.00020000000000000573,-0.0010946308357506745
1770979500000,2026-02-13T10:45:00Z,0.18251,0.1827,0.18247,0.18248,87630.9,16000.660089,0.18252,0.1827,0.18249,0.18249,0.18271,0.18286,0.18269,0.18272,-0.00061388,-0.00080628,-0.00095545,-0.00095545,-0.00023999999999999022,-0.001313485113835323
1770979800000,2026-02-13T10:50:00Z,0.18248,0.18248,0.18191,0.18197,191526.8,34881.115932,0.18249,0.18249,0.18196,0.18197,0.18272,0.18273,0.18214,0.18214,-0.00095545,-0.00039956,-0.00044546,-0.00039956,-0.00017000000000000348,-0.0009333479740858871
1770980100000,2026-02-13T10:55:00Z,0.18197,0.18235,0.18197,0.18212,70991,12932.157069,0.18197,0.18237,0.18197,0.18212,0.18214,0.18251,0.18214,0.18232,-0.00039956,-0.0006785,-0.00123624,-0.00123624,-0.00020000000000000573,-0.0010969723562966526
1770980400000,2026-02-13T11:00:00Z,0.18212,0.18212,0.18164,0.1819,441504.4,80258.668537,0.18212,0.18212,0.18179,0.1819,0.18232,0.18234,0.18195,0.18201,-0.00123624,-0.00034832,-0.00112411,-0.00112411,-0.00010999999999999899,-0.0006043623976704521
1770980700000,2026-02-13T11:05:00Z,0.1819,0.18212,0.18149,0.18163,620764,112796.647654,0.1819,0.18212,0.18163,0.18163,0.18201,0.18222,0.18185,0.18185,-0.00112411,-0.00059987,-0.00131755,-0.00131755,-0.00021999999999999797,-0.0012097882870497551
1770981000000,2026-02-13T11:10:00Z,0.18163,0.18167,0.18087,0.18092,745235.9,135038.00442,0.18163,0.18166,0.18092,0.18092,0.18185,0.18186,0.1811,0.1811,-0.00131755,-0.00056449,-0.00093799,-0.00093799,-0.00018000000000001348,-0.00099392600773061
1770981300000,2026-02-13T11:15:00Z,0.18092,0.18132,0.18086,0.18131,170262.7,30823.275238,0.18092,0.18132,0.18092,0.18131,0.1811,0.18145,0.1811,0.18145,-0.00093799,-0.00078088,-0.00102074,-0.00078088,-0.00014000000000000123,-0.0007715624138881302
1770981600000,2026-02-13T11:20:00Z,0.18131,0.18201,0.18112,0.18199,483837.6,87882.90269,0.18131,0.18199,0.18117,0.18196,0.18145,0.18215,0.18142,0.18215,-0.00078088,-0.00076121,-0.0009683,-0.0009683,-0.00015999999999999348,-0.0008783969256107245
1770981900000,2026-02-13T11:25:00Z,0.18199,0.18199,0.18162,0.18173,123455.6,22437.002272,0.18196,0.18197,0.18168,0.18173,0.18215,0.18215,0.1819,0.18194,-0.0009683,-0.00050876,-0.00073748,-0.00050876,-0.00020999999999998797,-0.0011542266681322853
1770982200000,2026-02-13T11:30:00Z,0.18173,0.18178,0.18105,0.18132,176721.9,32045.588752,0.18173,0.18178,0.18115,0.18133,0.18194,0.18197,0.18131,0.18155,-0.00050876,-0.00050085,-0.0010604,-0.00050085,-0.00022999999999998022,-0.001266868631230957
1770982500000,2026-02-13T11:35:00Z,0.18132,0.18173,0.18111,0.18144,280650.1,50923.931804,0.18133,0.18173,0.18112,0.18144,0.18155,0.18186,0.18138,0.18167,-0.00050085,-0.00082541,-0.00123314,-0.00082541,-0.00023000000000000798,-0.0012660318159300268
1770982800000,2026-02-13T11:40:00Z,0.18144,0.18176,0.18135,0.18154,136222.5,24729.148394,0.18144,0.18177,0.18139,0.18154,0.18167,0.18194,0.18159,0.18179,-0.00082541,-0.00056721,-0.00118411,-0.00118411,-0.0002500000000000002,-0.0013752131580394972
1770983100000,2026-02-13T11:45:00Z,0.18154,0.18154,0.18106,0.18135,215044.8,38979.985275,0.18154,0.18154,0.1811,0.18135,0.18179,0.18179,0.18141,0.18162,-0.00118411,-0.00088703,-0.00131222,-0.00131222,-0.00026999999999999247,-0.001486620416253675
1770983400000,2026-02-13T11:50:00Z,0.18135,0.18173,0.18132,0.18171,111595.5,20260.574517,0.18135,0.18172,0.18133,0.18171,0.18162,0.18195,0.18158,0.18191,-0.00131222,-0.00079244,-0.00107712,-0.00079244,-0.00019999999999997797,-0.0010994447803857842
1770983700000,2026-02-13T11:55:00Z,0.18171,0.1819,0.18157,0.18169,85027.5,15447.459225,0.18171,0.1819,0.18162,0.18169,0.18191,0.1821,0.18186,0.18191,-0.00079244,-0.00070864,-0.00073116,-0.00073116,-0.00021999999999999797,-0.0012093892584244847
1770984000000,2026-02-13T12:00:00Z,0.18169,0.18169,0.18071,0.1809,229322.4,41530.351303,0.18169,0.18169,0.1808,0.18094,0.18191,0.18191,0.1811,0.18122,-0.00073116,-0.00065013,-0.00139866,-0.00139866,-0.00031999999999998696,-0.001765809513298681
1770984300000,2026-02-13T12:05:00Z,0.1809,0.1809,0.18034,0.1807,312965,56507.926986,0.18094,0.18094,0.1804,0.1807,0.18122,0.18122,0.1807,0.18089,-0.00139866,-0.00092793,-0.00108625,-0.00092793,-0.00018999999999999573,-0.001050362098512885
1770984600000,2026-02-13T12:10:00Z,0.1807,0.18083,0.18061,0.18063,144323.4,26084.631775,0.1807,0.18083,0.18061,0.18066,0.18089,0.18101,0.18085,0.1809,-0.00092793,-0.00035376,-0.00104171,-0.00104171,-0.00026999999999999247,-0.0014925373134327942
1770984900000,2026-02-13T12:15:00Z,0.18063,0.18084,0.18053,0.18064,80590.5,14564.082038,0.18066,0.18084,0.18058,0.1807,0.1809,0.18101,0.1808,0.1809,-0.00104171,-0.00026862,-0.00060004,-0.00026862,-0.0002600000000000102,-0.0014372581536761205
1770985200000,2026-02-13T12:20:00Z,0.18064,0.18084,0.18058,0.1806,214329.1,38732.54311,0.1807,0.18086,0.18066,0.18066,0.1809,0.18106,0.18089,0.18093,-0.00026862,-0.00094446,-0.00098867,-0.00094446,-0.00032999999999999696,-0.0018239097993699052
1770985500000,2026-02-13T12:25:00Z,0.1806,0.18111,0.1806,0.18105,57005.7,10314.666318,0.18066,0.18112,0.18063,0.1811,0.18093,0.18135,0.1809,0.18135,-0.00094446,-0.00085451,-0.00126515,-0.00126515,-0.00030000000000002247,-0.0016542597187759716
1770985800000,2026-02-13T12:30:00Z,0.18105,0.1811,0.18084,0.18088,65114.9,11782.669717,0.1811,0.1811,0.18084,0.18088,0.18135,0.18138,0.18107,0.18107,-0.00126515,-0.00124997,-0.00128353,-0.00128353,-0.00018999999999999573,-0.0010493179433368075
1770986100000,2026-02-13T12:35:00Z,0.18088,0.18113,0.18069,0.18099,90622.9,16392.962017,0.18088,0.18113,0.18075,0.181,0.18107,0.18126,0.18095,0.18118,-0.00128353,-0.00016834,-0.00072098,-0.00072098,-0.00018999999999999573,-0.001048680869853161
1770986400000,2026-02-13T12:40:00Z,0.18099,0.18134,0.18075,0.18094,264019.9,47806.533571,0.181,0.18132,0.18085,0.18094,0.18118,0.18148,0.18107,0.18116,-0.00072098,-0.00081796,-0.00140804,-0.00081796,-0.00021999999999999797,-0.0012143961139324242
1770986700000,2026-02-13T12:45:00Z,0.18094,0.18096,0.18084,0.18096,64664.4,11698.587194,0.18094,0.18098,0.18084,0.18098,0.18116,0.18117,0.18097,0.18112,-0.00081796,-0.00044264,-0.00045293,-0.00044264,-0.00015999999999999348,-0.0008833922261483739
1770987000000,2026-02-13T12:50:00Z,0.18096,0.18148,0.1809,0.18148,99596,18048.16277,0.18098,0.18149,0.18095,0.18149,0.18112,0.18163,0.18112,0.18163,-0.00044264,-0.00002612,-0.00028888,-0.00002612,-0.00015000000000001124,-0.0008258547596763267
1770987300000,2026-02-13T12:55:00Z,0.18148,0.1815,0.18094,0.18127,691890.6,125429.609874,0.18149,0.18151,0.18106,0.18127,0.18163,0.18164,0.18121,0.18138,-0.00002612,-0.00026177,-0.00052569,-0.00052569,-0.00011000000000002674,-0.000606461572389606
1770987600000,2026-02-13T13:00:00Z,0.18127,0.18181,0.18122,0.18173,549254.4,99729.182286,0.18127,0.18181,0.18123,0.18175,0.18138,0.18189,0.18138,0.18187,-0.00052569,0,-0.00010472,0,-0.00014000000000000123,-0.000769780612525437
1770987900000,2026-02-13T13:05:00Z,0.18173,0.18173,0.18099,0.18148,605938.7,109859.710117,0.18175,0.18175,0.18102,0.1815,0.18187,0.18187,0.18116,0.18162,0,-0.00031002,-0.00041556,-0.00031002,-0.00014000000000000123,-0.0007708402158352673
1770988200000,2026-02-13T13:10:00Z,0.18148,0.18178,0.18145,0.18158,60853.2,11049.991371,0.1815,0.18178,0.18149,0.18158,0.18162,0.18191,0.18162,0.18174,-0.00031002,-0.00043016,-0.00099625,-0.00099625,-0.00016000000000002124,-0.000880378562782113
1770988500000,2026-02-13T13:15:00Z,0.18158,0.18204,0.18158,0.18204,91552.9,16647.810478,0.18158,0.18207,0.18158,0.18207,0.18174,0.18219,0.18174,0.18219,-0.00099625,0,-0.00063194,-0.00063194,-0.00014999999999998348,-0.0008233163181293347
1770988800000,2026-02-13T13:20:00Z,0.18204,0.1829,0.18198,0.1827,217843.2,39763.230317,0.18207,0.18284,0.18206,0.1827,0.18219,0.18296,0.18219,0.1828,-0.00063194,-0.00008633,-0.00030863,-0.00008633,-9.999999999998899e-05,-0.000547045951859896
1770989100000,2026-02-13T13:25:00Z,0.1827,0.18343,0.1826,0.18308,716753.7,131164.301136,0.1827,0.18334,0.1827,0.18309,0.1828,0.18347,0.1828,0.18326,-0.00008633,-0.00054441,-0.00094201,-0.00094201,-0.00018000000000001348,-0.0009822110662447532
1770989400000,2026-02-13T13:30:00Z,0.18308,0.18414,0.18229,0.183,1694806.5,310340.091669,0.18309,0.18411,0.18229,0.183,0.18326,0.18423,0.18246,0.1831,-0.00094201,0,-0.00045487,0,-0.00010000000000001674,-0.0005461496450028221
1770989700000,2026-02-13T13:35:00Z,0.183,0.18303,0.18218,0.18237,824535,150451.781232,0.183,0.18303,0.18226,0.18241,0.1831,0.1831,0.18243,0.18257,0,-0.00045641,-0.00083113,-0.00083113,-0.00020000000000000573,-0.0010954702305965148
1770990000000,2026-02-13T13:40:00Z,0.18237,0.18251,0.18207,0.18211,265086.8,48309.75259,0.18241,0.18251,0.1821,0.18213,0.18257,0.18265,0.18227,0.18229,-0.00083113,-0.00030047,-0.00037098,-0.00030047,-0.00018000000000001348,-0.0009874375994295545
1770990300000,2026-02-13T13:45:00Z,0.18211,0.18242,0.18182,0.18238,217472.9,39584.973251,0.18213,0.18241,0.18189,0.18238,0.18229,0.18251,0.18203,0.18248,-0.00030047,-0.00031885,-0.00035502,-0.00035502,-0.00010000000000001674,-0.0005480052608505959
1770990600000,2026-02-13T13:50:00Z,0.18238,0.18288,0.18233,0.18263,106006.6,19353.433037,0.18238,0.18286,0.18236,0.18264,0.18248,0.1829,0.18247,0.18274,-0.00035502,0,-0.00016499,-0.00016499,-0.00011000000000002674,-0.0006019481230164536
1770990900000,2026-02-13T13:55:00Z,0.18263,0.18278,0.18233,0.18243,140597.2,25667.71899,0.18264,0.18278,0.18247,0.18248,0.18274,0.18285,0.18251,0.18256,-0.00016499,0,-0.00030294,0,-0.00012999999999999123,-0.0007120946538123972
1770991200000,2026-02-13T14:00:00Z,0.18243,0.18254,0.18207,0.18214,125879.5,22960.102253,0.18248,0.18254,0.18211,0.18214,0.18256,0.18257,0.18226,0.18226,0,0,-0.00088418,-0.00088418,-0.00012000000000000899,-0.0006584000877867277
1770991500000,2026-02-13T14:05:00Z,0.18214,0.18214,0.18171,0.18176,179221.1,32593.94264,0.18214,0.18214,0.18174,0.18177,0.18226,0.18227,0.1819,0.18191,-0.00088418,-0.00062036,-0.00065387,-0.00062036,-0.00014999999999998348,-0.0008245835852893381
1770991800000,2026-02-13T14:10:00Z,0.18176,0.18184,0.18146,0.18159,128478.1,23338.510901,0.18177,0.18184,0.1815,0.18159,0.18191,0.18197,0.18169,0.18177,-0.00062036,-0.00049149,-0.00071709,-0.00049149,-0.00017999999999998573,-0.0009902624195411
1770992100000,2026-02-13T14:15:00Z,0.18159,0.18222,0.18159,0.18204,146963.3,26731.201865,0.18159,0.18222,0.18159,0.1821,0.18177,0.18231,0.18174,0.18226,-0.00049149,-0.0000106,-0.00053234,-0.00053234,-0.00021999999999999797,-0.0012070668276088993
1770992400000,2026-02-13T14:20:00Z,0.18204,0.18208,0.18169,0.18186,121958.3,22183.137037,0.1821,0.1821,0.1818,0.1819,0.18226,0.18227,0.18199,0.18209,-0.00053234,-0.0004706,-0.00078362,-0.00078362,-0.00023000000000000798,-0.001263111648086155
1770992700000,2026-02-13T14:25:00Z,0.18186,0.18262,0.18182,0.18247,394921,71980.41768,0.1819,0.18262,0.18182,0.18252,0.18209,0.18268,0.18203,0.18265,-0.00078362,0,-0.00047539,-0.00047539,-0.00018000000000001348,-0.0009854913769505255
1770993000000,2026-02-13T14:30:00Z,0.18247,0.18433,0.18223,0.18397,2798204.5,513306.495086,0.18252,0.18427,0.18232,0.18399,0.18265,0.18431,0.18244,0.18404,-0.00047539,-0.00009574,-0.00053442,-0.00053442,-7.00000000000145e-05,-0.00038035209737021566
1770993300000,2026-02-13T14:35:00Z,0.18397,0.18418,0.18323,0.18333,715055.2,131388.977083,0.18399,0.18415,0.1833,0.18339,0.18404,0.18425,0.18343,0.18352,-0.00053442,0,-0.00053985,0,-0.00018999999999999573,-0.0010353095030514153
1770993600000,2026-02-13T14:40:00Z,0.18333,0.1834,0.1821,0.18336,912754.2,166734.944468,0.18339,0.1834,0.18221,0.18336,0.18352,0.18353,0.18238,0.18343,0,0,-0.0002417,-0.0002417,-7.00000000000145e-05,-0.0003816169656000354
1770993900000,2026-02-13T14:45:00Z,0.18336,0.18544,0.18336,0.18454,2381343.5,439908.808418,0.18336,0.18532,0.18336,0.18468,0.18343,0.18534,0.18343,0.18479,-0.0002417,-0.00006939,-0.00076288,-0.00076288,-0.0002500000000000002,-0.0013528870609881497
1770994200000,2026-02-13T14:50:00Z,0.18454,0.18469,0.18325,0.1833,1361406.2,250526.841628,0.18468,0.18469,0.18329,0.1833,0.18479,0.1848,0.18352,0.18352,-0.00076288,-0.00031439,-0.00068791,-0.00068791,-0.00021999999999999797,-0.0011987794245858652
1770994500000,2026-02-13T14:55:00Z,0.1833,0.18389,0.18295,0.1834,617110.1,113119.642476,0.1833,0.18386,0.18302,0.18339,0.18352,0.18397,0.18324,0.18361,-0.00068791,-0.00062164,-0.00113352,-0.00062164,-0.00020999999999998797,-0.0011437285550895265
1770994800000,2026-02-13T15:00:00Z,0.1834,0.18455,0.1834,0.18404,415590.1,76498.831121,0.18339,0.18455,0.18339,0.1841,0.18361,0.18465,0.18361,0.18424,-0.00062164,0,-0.00025512,-0.00025512,-0.00019999999999997797,-0.0010855405992182914
1770995100000,2026-02-13T15:05:00Z,0.18404,0.18577,0.18352,0.1857,939149.4,173723.7665,0.1841,0.1857,0.18359,0.1857,0.18424,0.18577,0.18376,0.18577,-0.00025512,0,0,0,-6.999999999998674e-05,-0.0003768100339128317
1770995400000,2026-02-13T15:10:00Z,0.1857,0.18677,0.18533,0.18623,1932247,359658.498638,0.1857,0.18678,0.18539,0.18623,0.18577,0.18685,0.18547,0.18635,0,-0.00034357,-0.00084407,-0.00034357,-0.00011999999999998123,-0.0006439495572845787
1770995700000,2026-02-13T15:15:00Z,0.18623,0.18738,0.1858,0.18607,1277350.7,238409.445325,0.18623,0.18737,0.18589,0.18607,0.18635,0.18744,0.18604,0.18618,-0.00034357,0,-0.00016867,-0.00016867,-0.00010999999999999899,-0.0005908260822859543
1770996000000,2026-02-13T15:20:00Z,0.18607,0.18646,0.18543,0.18595,676692.5,125843.477605,0.18607,0.18646,0.18551,0.18595,0.18618,0.18649,0.18565,0.18599,-0.00016867,0,-0.00006057,0,-3.999999999998449e-05,-0.00021506532609271732
1770996300000,2026-02-13T15:25:00Z,0.18595,0.18803,0.18583,0.18799,1189530.4,223127.294288,0.18595,0.18804,0.18589,0.188,0.18599,0.18818,0.18599,0.18814,0,-0.00016959,-0.00053312,-0.00053312,-0.00015000000000001124,-0.0007972786223026004
1770996600000,2026-02-13T15:30:00Z,0.18799,0.18956,0.18799,0.1886,1101594.8,207949.504748,0.188,0.18951,0.188,0.18877,0.18814,0.18964,0.18814,0.18893,-0.00053312,0,-0.0001805,0,-0.00032999999999999696,-0.0017466786640554543
1770996900000,2026-02-13T15:35:00Z,0.1886,0.18879,0.18739,0.18759,763126,143361.894696,0.18877,0.18877,0.18751,0.18759,0.18893,0.18893,0.18766,0.18776,0,0,-0.00071392,0,-0.00017000000000000348,-0.0009054111631870658
1770997200000,2026-02-13T15:40:00Z,0.18759,0.18764,0.18627,0.18632,1380687.7,257935.88299,0.18759,0.18764,0.18629,0.18632,0.18776,0.18778,0.18644,0.18644,0,-0.00063951,-0.00070889,-0.00063951,-0.00011999999999998123,-0.0006436387041406417
1770997500000,2026-02-13T15:45:00Z,0.18632,0.18648,0.18538,0.18551,550940,102459.475011,0.18632,0.18648,0.18546,0.18551,0.18644,0.1866,0.18563,0.18563,-0.00063951,-0.00065455,-0.00085214,-0.00085214,-0.00011999999999998123,-0.0006464472337444446
1770997800000,2026-02-13T15:50:00Z,0.18551,0.18611,0.18544,0.1857,428480.2,79608.944967,0.18551,0.18611,0.18549,0.1857,0.18563,0.18624,0.18563,0.18581,-0.00085214,-0.00067305,-0.00126611,-0.00067305,-0.00010999999999999899,-0.0005920025832839943
1770998100000,2026-02-13T15:55:00Z,0.1857,0.18597,0.18533,0.18593,209387.6,38887.175154,0.1857,0.18595,0.18546,0.18593,0.18581,0.1861,0.18563,0.18607,-0.00067305,-0.00076748,-0.00078724,-0.00076748,-0.00014000000000000123,-0.000752405008867637
1770998400000,2026-02-13T16:00:00Z,0.18593,0.18624,0.18545,0.18593,352617.3,65517.16739,0.18593,0.18624,0.18558,0.18593,0.18607,0.18634,0.18579,0.18601,-0.00076748,-0.00034046,-0.00144397,-0.00034046,-7.999999999999674e-05,-0.0004300844040642801
1770998700000,2026-02-13T16:05:00Z,0.18593,0.18758,0.1859,0.18738,1171887.9,218937.499729,0.18593,0.18754,0.18593,0.18736,0.18601,0.18769,0.18601,0.18749,-0.00034046,0,-0.00012652,0,-0.00010999999999999899,-0.0005866979572243799
1770999000000,2026-02-13T16:10:00Z,0.18738,0.1874,0.18675,0.18719,349091.1,65290.453758,0.18736,0.1874,0.18686,0.18719,0.18749,0.18749,0.18701,0.18735,0,-0.00016728,-0.00041395,-0.00041395,-0.00015999999999999348,-0.0008540165465705551
1770999300000,2026-02-13T16:15:00Z,0.18719,0.18799,0.18706,0.18761,369214.7,69236.627923,0.18719,0.18798,0.18718,0.18768,0.18735,0.18807,0.18735,0.18786,-0.00041395,-0.00021509,-0.00047952,-0.00047952,-0.0002500000000000002,-0.0013307782391142353
1770999600000,2026-02-13T16:20:00Z,0.18761,0.18773,0.18694,0.18722,209143.3,39187.142927,0.18768,0.18773,0.18699,0.18722,0.18786,0.1879,0.18719,0.18738,-0.00047952,-0.00080709,-0.00081036,-0.00081036,-0.00015999999999999348,-0.0008538798164158047
1770999900000,2026-02-13T16:25:00Z,0.18722,0.18826,0.18711,0.18819,220410.5,41390.364187,0.18722,0.18826,0.18712,0.18819,0.18738,0.18835,0.18724,0.18825,-0.00081036,0,-0.00060589,-0.00060589,-6.0000000000004494e-05,-0.0003187250996016175
1771000200000,2026-02-13T16:30:00Z,0.18819,0.1896,0.18776,0.1884,1071608,202377.828811,0.18819,0.18958,0.18779,0.1884,0.18825,0.18959,0.18794,0.18851,-0.00060589,-0.00001373,-0.00034004,-0.00034004,-0.00010999999999999899,-0.0005835234205081904
1771000500000,2026-02-13T16:35:00Z,0.1884,0.18927,0.18837,0.18916,315653.6,59580.770425,0.1884,0.18927,0.18838,0.18914,0.18851,0.1894,0.18851,0.1893,-0.00034004,-0.00019449,-0.00085889,-0.00019449,-0.00014000000000000123,-0.0007395668251452786
1771000800000,2026-02-13T16:40:00Z,0.18916,0.1892,0.18879,0.18896,119615.9,22603.205832,0.18914,0.18919,0.18882,0.18896,0.1893,0.18932,0.18902,0.18909,-0.00019449,-0.00045993,-0.00046264,-0.00045993,-0.000130000000000019,-0.0006875033053044528
1771001100000,2026-02-13T16:45:00Z,0.18896,0.18897,0.18828,0.1885,553377.1,104362.149298,0.18896,0.18897,0.18838,0.1885,0.18909,0.18909,0.18859,0.18868,-0.00045993,-0.00003773,-0.0004873,-0.0004873,-0.00017999999999998573,-0.0009539961840151883
1771001400000,2026-02-13T16:50:00Z,0.1885,0.18925,0.1885,0.18887,196988.1,37229.160132,0.1885,0.18925,0.1885,0.1889,0.18868,0.1894,0.18868,0.18911,-0.0004873,-0.0000596,-0.00079861,-0.0000596,-0.00023999999999999022,-0.0012691026386758512
1771001700000,2026-02-13T16:55:00Z,0.18887,0.18938,0.18846,0.18864,349923.9,66032.329043,0.1889,0.18937,0.18852,0.18864,0.18911,0.18947,0.18871,0.18882,-0.0000596,-0.00116242,-0.00122323,-0.00116242,-0.00017999999999998573,-0.0009532888465204202
1771002000000,2026-02-13T17:00:00Z,0.18864,0.1887,0.18796,0.18824,182844.8,34414.677055,0.18864,0.1887,0.18797,0.18824,0.18882,0.18887,0.18819,0.18834,-0.00116242,-0.00055234,-0.00063504,-0.00063504,-0.00010000000000001674,-0.0005309546564724262
1771002300000,2026-02-13T17:05:00Z,0.18824,0.18841,0.18752,0.18776,327437.4,61521.769255,0.18824,0.18841,0.1876,0.18779,0.18834,0.18857,0.18778,0.18799,-0.00063504,-0.00057249,-0.00057993,-0.00057993,-0.00022999999999998022,-0.0012234693334750796
1771002600000,2026-02-13T17:10:00Z,0.18776,0.18878,0.18775,0.18872,167968.8,31618.884317,0.18779,0.18875,0.18778,0.18872,0.18799,0.18883,0.18798,0.18883,-0.00057993,-0.00019416,-0.00068395,-0.00019416,-0.00010999999999999899,-0.000582534554890637
1771002900000,2026-02-13T17:15:00Z,0.18872,0.1893,0.18852,0.18879,422181.2,79761.417254,0.18872,0.1893,0.18857,0.18879,0.18883,0.18938,0.18874,0.1889,-0.00019416,-0.0002918,-0.00054866,-0.0002918,-0.00010999999999999899,-0.0005823186871360454
1771003200000,2026-02-13T17:20:00Z,0.18879,0.18951,0.18872,0.18917,108631.1,20552.302314,0.18879,0.18951,0.18872,0.18917,0.1889,0.18959,0.1889,0.18927,-0.0002918,-0.00056399,-0.00074075,-0.00056399,-9.999999999998899e-05,-0.0005283457494583874
1771003500000,2026-02-13T17:25:00Z,0.18917,0.18933,0.18891,0.1892,234062.1,44260.450948,0.18917,0.18933,0.189,0.18924,0.18927,0.18951,0.18915,0.18944,-0.00056399,-0.00074992,-0.00084482,-0.00074992,-0.00023999999999999022,-0.0012668918918918404
1771003800000,2026-02-13T17:30:00Z,0.1892,0.18959,0.18914,0.18925,262893.8,49798.541457,0.18924,0.18959,0.18919,0.18928,0.18944,0.1897,0.18938,0.18947,-0.00074992,-0.00060104,-0.00063863,-0.00060104,-0.00021999999999999797,-0.001161133688710603
1771004100000,2026-02-13T17:35:00Z,0.18925,0.18947,0.18916,0.18933,87942.9,16649.483581,0.18928,0.18947,0.18918,0.18933,0.18947,0.18958,0.18938,0.18942,-0.00060104,-0.00037496,-0.00096143,-0.00037496,-9.000000000000674e-05,-0.00047513462147612045
1771004400000,2026-02-13T17:40:00Z,0.18933,0.19049,0.18922,0.18996,1666292.9,316573.915573,0.18933,0.19039,0.18928,0.18996,0.18942,0.19048,0.18941,0.19011,-0.00037496,-0.00004695,-0.00022661,-0.00022661,-0.00015000000000001124,-0.0007890168849613973
1771004700000,2026-02-13T17:45:00Z,0.18996,0.19011,0.18938,0.18949,572674.1,108669.459048,0.18996,0.19011,0.18943,0.18956,0.19011,0.1902,0.18959,0.18975,-0.00022661,-0.00017466,-0.00031657,-0.00031657,-0.0002600000000000102,-0.001370223978919685
1771005000000,2026-02-13T17:50:00Z,0.18949,0.18966,0.18922,0.18938,339715.1,64349.830361,0.18956,0.18966,0.18923,0.18938,0.18975,0.18976,0.18943,0.18955,-0.00031657,-0.00027602,-0.00044805,-0.00044805,-0.00017000000000000348,-0.0008968609865471035
1771005300000,2026-02-13T17:55:00Z,0.18938,0.18943,0.18906,0.18906,80077.3,15155.037876,0.18938,0.18941,0.18911,0.18911,0.18955,0.18956,0.1893,0.1893,-0.00044805,-0.00042241,-0.0008067,-0.0008067,-0.00023999999999999022,-0.001267828843106129
1771005600000,2026-02-13T18:00:00Z,0.18906,0.18909,0.18842,0.18892,648047.9,122318.185966,0.18911,0.18911,0.18855,0.18898,0.1893,0.1893,0.18874,0.18915,-0.0008067,-0.00040426,-0.00063609,-0.00040426,-0.00023000000000000798,-0.0012159661644198148
1771005900000,2026-02-13T18:05:00Z,0.18892,0.18897,0.18847,0.18885,242975,45834.596363,0.18898,0.18898,0.18854,0.18885,0.18915,0.18915,0.18876,0.18905,-0.00040426,-0.0009858,-0.00108657,-0.00108657,-0.00020000000000000573,-0.0010579211848717573
1771006200000,2026-02-13T18:10:00Z,0.18885,0.18909,0.1883,0.1883,301498.8,56885.241113,0.18885,0.18909,0.18831,0.18831,0.18905,0.1892,0.18854,0.18854,-0.00108657,-0.00049698,-0.00110021,-0.00049698,-0.00024000000000001798,-0.0012729394292989179
1771006500000,2026-02-13T18:15:00Z,0.1883,0.1886,0.18812,0.18845,283186.2,53330.469254,0.18831,0.1886,0.18821,0.18845,0.18854,0.18876,0.18845,0.18856,-0.00049698,-0.00048401,-0.00080684,-0.00048401,-0.00010999999999999899,-0.0005833686890114499
1771006800000,2026-02-13T18:20:00Z,0.18845,0.1895,0.18842,0.18912,341706.4,64692.903985,0.18845,0.18941,0.18842,0.18918,0.18856,0.18949,0.18853,0.18934,-0.00048401,0,-0.00023756,-0.00023756,-0.00021999999999999797,-0.0011619309179254143
1771007100000,2026-02-13T18:25:00Z,0.18912,0.1893,0.18887,0.18896,201417.2,38076.513016,0.18918,0.18931,0.18892,0.18896,0.18934,0.18951,0.18913,0.18915,-0.00023756,-0.00046228,-0.00106907,-0.00046228,-0.00019000000000002348,-0.0010044937879990668
1771007400000,2026-02-13T18:30:00Z,0.18896,0.18936,0.18885,0.18917,100540.3,19016.275732,0.18896,0.18938,0.18886,0.18918,0.18915,0.18956,0.18908,0.18936,-0.00046228,-0.00056235,-0.00109526,-0.00056235,-0.00018999999999999573,-0.001003379805661152
1771007700000,2026-02-13T18:35:00Z,0.18917,0.19009,0.18906,0.18963,178049.3,33768.808671,0.18918,0.19009,0.18917,0.18967,0.18936,0.19019,0.18935,0.1899,-0.00056235,-0.0003348,-0.0008807,-0.0008807,-0.0002700000000000202,-0.001421800947867405
1771008000000,2026-02-13T18:40:00Z,0.18963,0.18971,0.18927,0.18959,78985.9,14969.248845,0.18967,0.18971,0.1894,0.18959,0.1899,0.18991,0.18968,0.1898,-0.0008807,-0.00062252,-0.00112694,-0.00062252,-0.00020999999999998797,-0.0011064278187565225
1771008300000,2026-02-13T18:45:00Z,0.18959,0.19004,0.18957,0.18963,167355.3,31765.595211,0.18959,0.19004,0.18959,0.18967,0.1898,0.19021,0.1898,0.18991,-0.00062252,-0.00099573,-0.00110961,-0.00110961,-0.00028000000000000247,-0.001474382602285306
1771008600000,2026-02-13T18:50:00Z,0.18963,0.18987,0.18924,0.18952,204754.7,38809.656786,0.18967,0.18987,0.18932,0.18955,0.18991,0.19004,0.18953,0.18979,-0.00110961,-0.00083395,-0.00109738,-0.00083395,-0.00026999999999999247,-0.0014226250065861874
1771008900000,2026-02-13T18:55:00Z,0.18952,0.18964,0.18938,0.18941,190226.7,36042.888335,0.18955,0.18965,0.1894,0.18941,0.18979,0.18992,0.18961,0.18971,-0.00083395,-0.0014026,-0.00186539,-0.00186539,-0.0002999999999999947,-0.0015813610247219162
1771009200000,2026-02-13T19:00:00Z,0.18941,0.18947,0.1892,0.18926,198510,37582.642778,0.18941,0.18946,0.18925,0.18928,0.18971,0.18971,0.18953,0.18958,-0.00186539,-0.00120959,-0.00130445,-0.00130445,-0.00031999999999998696,-0.001687941766009004
1771009500000,2026-02-13T19:05:00Z,0.18926,0.18965,0.18926,0.18943,107200.4,20305.978,0.18928,0.18965,0.18928,0.18943,0.18958,0.18982,0.18958,0.18961,-0.00130445,-0.00099235,-0.00149488,-0.00099235,-0.00018000000000001348,-0.000949317019144631
1771009800000,2026-02-13T19:10:00Z,0.18943,0.18994,0.18943,0.18964,209385.9,39725.165792,0.18943,0.18994,0.18943,0.18964,0.18961,0.19006,0.18961,0.18987,-0.00099235,-0.00059433,-0.00091165,-0.00091165,-0.00023000000000000798,-0.0012113551377258543
1771010100000,2026-02-13T19:15:00Z,0.18964,0.18981,0.18941,0.18979,164595.4,31217.713406,0.18964,0.18979,0.18949,0.18979,0.18987,0.18997,0.18973,0.18997,-0.00091165,-0.00064239,-0.00071548,-0.00071548,-0.00018000000000001348,-0.0009475180291625703
1771010400000,2026-02-13T19:20:00Z,0.18979,0.19006,0.18976,0.18996,157121.6,29838.865893,0.18979,0.19006,0.18977,0.18998,0.18997,0.19021,0.18996,0.19016,-0.00071548,-0.00057371,-0.00067844,-0.00067844,-0.00020000000000000573,-0.0010517458981910272
1771010700000,2026-02-13T19:25:00Z,0.18996,0.18998,0.18921,0.18921,49966.9,9481.643495,0.18998,0.18998,0.18928,0.18928,0.19016,0.19016,0.18949,0.18949,-0.00067844,-0.00030981,-0.00085955,-0.00085955,-0.00028000000000000247,-0.0014776505356483322
1771011000000,2026-02-13T19:30:00Z,0.18921,0.18932,0.18887,0.18891,214348.9,40540.973916,0.18928,0.18932,0.18887,0.18891,0.18949,0.1895,0.18912,0.18912,-0.00085955,-0.00075314,-0.00103388,-0.00103388,-0.00021000000000001573,-0.0011104060913706415
1771011300000,2026-02-13T19:35:00Z,0.18891,0.18937,0.18891,0.18931,73619.9,13930.438958,0.18891,0.18939,0.18891,0.18934,0.18912,0.18947,0.18911,0.18947,-0.00103388,-0.00030581,-0.0004972,-0.0004972,-0.00015999999999999348,-0.0008444608645167757
1771011600000,2026-02-13T19:40:00Z,0.18931,0.18936,0.18889,0.18916,111899.8,21162.280776,0.18934,0.18936,0.18899,0.18921,0.18947,0.18949,0.18917,0.18945,-0.0004972,-0.00033646,-0.00154588,-0.00154588,-0.00029000000000001247,-0.001530746898917986
1771011900000,2026-02-13T19:45:00Z,0.18916,0.18962,0.18916,0.18949,82210.3,15567.862302,0.18921,0.18962,0.18921,0.18949,0.18945,0.18982,0.18945,0.18974,-0.00154588,-0.00111071,-0.0012448,-0.00111071,-0.0002500000000000002,-0.0013175924949931498
1771012200000,2026-02-13T19:50:00Z,0.18949,0.19002,0.18948,0.18996,120630.9,22880.285118,0.18949,0.19002,0.18949,0.19001,0.18974,0.19019,0.18974,0.19019,-0.00111071,-0.00049039,-0.00064672,-0.00064672,-0.00023000000000000798,-0.001209316998790725
1771012500000,2026-02-13T19:55:00Z,0.18996,0.19023,0.18959,0.18964,86696.1,16464.642619,0.19001,0.19025,0.18964,0.18964,0.19019,0.19041,0.18983,0.18984,-0.00064672,-0.00061758,-0.00083351,-0.00061758,-0.00020000000000000573,-0.001053518752633827
1771012800000,2026-02-13T20:00:00Z,0.18964,0.19015,0.18929,0.19004,574247.9,108974.004747,0.18964,0.1902,0.18939,0.19016,0.18984,0.19033,0.18954,0.19025,-0.00061758,-0.00020192,-0.00033805,-0.00033805,-0.00021000000000001573,-0.0011038107752957462
1771013100000,2026-02-13T20:05:00Z,0.19004,0.19014,0.18986,0.19001,221251.8,42037.473145,0.19016,0.19016,0.18993,0.19002,0.19025,0.19029,0.19007,0.19019,-0.00033805,-0.00027257,-0.00062637,-0.00062637,-0.00017999999999998573,-0.0009464219990535029
1771013400000,2026-02-13T20:10:00Z,0.19001,0.1901,0.18936,0.18948,209774.1,39772.592076,0.19002,0.1901,0.18948,0.18948,0.19019,0.19023,0.1897,0.1897,-0.00062637,-0.00026681,-0.00094019,-0.00094019,-0.00021999999999999797,-0.0011597258829731047
1771013700000,2026-02-13T20:15:00Z,0.18948,0.18991,0.18928,0.18991,126389.9,23954.69552,0.18948,0.18991,0.18931,0.18991,0.1897,0.18997,0.1895,0.18997,-0.00094019,-0.00047117,-0.00065046,-0.00047117,-6.0000000000004494e-05,-0.0003158393430541901
1771014000000,2026-02-13T20:20:00Z,0.18991,0.19023,0.18982,0.1901,69920,13285.454074,0.18991,0.19023,0.18985,0.19015,0.18997,0.19029,0.18997,0.19027,-0.00047117,-0.00000825,-0.00027264,-0.00000825,-0.00017000000000000348,-0.0008934671782204419
1771014300000,2026-02-13T20:25:00Z,0.1901,0.1901,0.18959,0.18984,72422.2,13745.485844,0.19015,0.19015,0.18965,0.18984,0.19027,0.19027,0.18981,0.19001,-0.00000825,-0.00031823,-0.00056003,-0.00056003,-0.00017000000000000348,-0.0008946897531709041
1771014600000,2026-02-13T20:30:00Z,0.18984,0.19038,0.18981,0.18995,160656.8,30554.421316,0.18984,0.19037,0.18984,0.19008,0.19001,0.19046,0.19001,0.1902,-0.00056003,-0.00011441,-0.000524,-0.00011441,-0.0002500000000000002,-0.0013144058885383818
1771014900000,2026-02-13T20:35:00Z,0.18995,0.19023,0.18946,0.18978,50827.6,9644.688921,0.19008,0.19023,0.1895,0.18978,0.1902,0.19029,0.18971,0.18991,-0.00011441,-0.0000761,-0.00064957,-0.0000761,-0.00012999999999999123,-0.0006845347796324114
1771015200000,2026-02-13T20:40:00Z,0.18978,0.19012,0.18973,0.18999,79922.8,15179.357949,0.18978,0.19014,0.18974,0.19003,0.18991,0.19027,0.18991,0.19016,-0.0000761,0,-0.00050842,0,-0.00017000000000000348,-0.0008939840134623658
1771015500000,2026-02-13T20:45:00Z,0.18999,0.19037,0.18979,0.19037,118367.7,22491.948058,0.19003,0.19038,0.18984,0.19038,0.19016,0.19053,0.18998,0.19053,0,-0.00013396,-0.0002824,-0.00013396,-0.00015999999999999348,-0.0008397627670182831
1771015800000,2026-02-13T20:50:00Z,0.19037,0.19039,0.18987,0.19001,65675.6,12485.773301,0.19038,0.19039,0.18989,0.19001,0.19053,0.19053,0.19014,0.19022,-0.00013396,-0.00050131,-0.0013303,-0.00050131,-0.00020999999999998797,-0.0011039848596361476
1771016100000,2026-02-13T20:55:00Z,0.19001,0.19005,0.18973,0.19003,103515.8,19656.206595,0.19001,0.19004,0.18976,0.19003,0.19022,0.19022,0.18996,0.19018,-0.00050131,-0.00018178,-0.00053354,-0.00018178,-0.00014999999999998348,-0.000788726469660235
1771016400000,2026-02-13T21:00:00Z,0.19003,0.19079,0.18997,0.19077,361783.2,68898.780785,0.19003,0.19079,0.19002,0.19077,0.19018,0.19091,0.19018,0.19091,-0.00018178,-0.00033938,-0.00061283,-0.00033938,-0.00014000000000000123,-0.0007333298412864766
1771016700000,2026-02-13T21:05:00Z,0.19077,0.1917,0.1907,0.19154,377372.6,72148.284121,0.19077,0.19166,0.19073,0.19155,0.19091,0.19166,0.19088,0.19166,-0.00033938,0,-0.00053332,0,-0.00012000000000000899,-0.0006261087342168892
1771017000000,2026-02-13T21:10:00Z,0.19154,0.19165,0.19122,0.19136,158873.6,30413.265356,0.19155,0.19163,0.19128,0.19136,0.19166,0.1917,0.19142,0.19146,0,-0.00014677,-0.00027919,-0.00027919,-9.999999999998899e-05,-0.0005223023085761464
1771017300000,2026-02-13T21:15:00Z,0.19136,0.19147,0.19096,0.191,155221.3,29686.911847,0.19136,0.19147,0.19102,0.19105,0.19146,0.19158,0.19121,0.19124,-0.00027919,-0.00024908,-0.00031498,-0.00031498,-0.00023999999999999022,-0.0012549675800041322
1771017600000,2026-02-13T21:20:00Z,0.191,0.19104,0.19061,0.19078,53047.6,10126.10323,0.19105,0.19105,0.19064,0.19078,0.19124,0.19124,0.19076,0.19091,-0.00031498,0,-0.0004545,0,-0.00012999999999999123,-0.0006809491383373906
1771017900000,2026-02-13T21:25:00Z,0.19078,0.19114,0.19053,0.19053,85083.6,16238.039279,0.19078,0.19125,0.19053,0.19053,0.19091,0.19128,0.19077,0.19077,0,-0.00087461,-0.0010356,-0.00087461,-0.00023999999999999022,-0.0012580594433086452
1771018200000,2026-02-13T21:30:00Z,0.19053,0.1907,0.19039,0.19066,68144.6,12984.714354,0.19053,0.1907,0.19042,0.19066,0.19077,0.19083,0.19062,0.19079,-0.00087461,-0.00022004,-0.00022263,-0.00022004,-0.00012999999999999123,-0.000681377430682904
1771018500000,2026-02-13T21:35:00Z,0.19066,0.19069,0.1904,0.19047,114562.8,21831.67297,0.19066,0.19069,0.19042,0.19056,0.19079,0.19082,0.1906,0.19072,-0.00022004,-0.00023559,-0.00047966,-0.00047966,-0.0002500000000000002,-0.0013108221476510079
1771018800000,2026-02-13T21:40:00Z,0.19047,0.19111,0.19047,0.19109,69054.7,13182.574466,0.19056,0.19111,0.19053,0.19109,0.19072,0.19119,0.1907,0.19118,-0.00047966,0,-0.00014364,-0.00014364,-8.999999999997899e-05,-0.0004707605398053091
1771019100000,2026-02-13T21:45:00Z,0.19109,0.19119,0.19083,0.19119,216124.3,41288.380965,0.19109,0.19119,0.19088,0.19119,0.19118,0.19124,0.19104,0.19124,-0.00014364,-0.00016039,-0.00072516,-0.00016039,-4.999999999999449e-05,-0.00026145157916750936
1771019400000,2026-02-13T21:50:00Z,0.19119,0.19119,0.19062,0.19073,176717.1,33725.430171,0.19119,0.19119,0.19073,0.19073,0.19124,0.19126,0.19086,0.19087,-0.00016039,0,-0.00087332,-0.00087332,-0.00014000000000000123,-0.0007334835228165832
1771019700000,2026-02-13T21:55:00Z,0.19073,0.19121,0.19073,0.19115,88658.9,16934.285064,0.19073,0.19121,0.19073,0.19118,0.19087,0.1913,0.19087,0.1913,-0.00087332,0,-0.00021207,-0.00021207,-0.00015000000000001124,-0.0007841087297439166
1771020000000,2026-02-13T22:00:00Z,0.19115,0.19124,0.19085,0.19099,105209.9,20098.387348,0.19118,0.19124,0.19086,0.19099,0.1913,0.1913,0.19099,0.1911,-0.00021207,-0.00018808,-0.00062611,-0.00018808,-0.00010999999999999899,-0.0005756148613291418
1771020300000,2026-02-13T22:05:00Z,0.19099,0.19169,0.19095,0.19163,83900.1,16051.547725,0.19099,0.19169,0.19099,0.19163,0.1911,0.19172,0.1911,0.19172,-0.00018808,-0.00020791,-0.00026017,-0.00026017,-9.000000000000674e-05,-0.000469434592113534
1771020600000,2026-02-13T22:10:00Z,0.19163,0.1918,0.19019,0.19028,1336061.1,255320.242002,0.19163,0.1918,0.19037,0.19037,0.19172,0.19184,0.19049,0.19049,-0.00026017,0,0,0,-0.00020999999999998797,-0.0011024200745445324
1771020900000,2026-02-13T22:15:00Z,0.19028,0.19063,0.19022,0.19048,114928.1,21879.856004,0.19037,0.19063,0.19031,0.19049,0.19049,0.19071,0.19045,0.19064,0,-0.00032446,-0.00036332,-0.00032446,-0.00015999999999999348,-0.0008392782207301379
1771021200000,2026-02-13T22:20:00Z,0.19048,0.19075,0.1904,0.19055,25340.9,4829.250502,0.19049,0.19075,0.19043,0.19061,0.19064,0.19086,0.1906,0.19074,-0.00032446,0,-0.00037471,-0.00037471,-0.00018999999999999573,-0.0009961203732829808
1771021500000,2026-02-13T22:25:00Z,0.19055,0.19072,0.19048,0.19072,29811,5681.580609,0.19061,0.19072,0.19052,0.19072,0.19074,0.19075,0.19065,0.19073,-0.00037471,0,0,0,-1.0000000000010001e-05,-5.243013684270959e-05
1771021800000,2026-02-13T22:30:00Z,0.19072,0.19079,0.19028,0.1905,51107,9735.348883,0.19072,0.19082,0.19035,0.1905,0.19073,0.19082,0.19047,0.19056,0,0,0,0,-6.0000000000004494e-05,-0.0003148614609572024
1771022100000,2026-02-13T22:35:00Z,0.1905,0.19051,0.1899,0.1899,121978.6,23189.380573,0.1905,0.19051,0.19001,0.19001,0.19056,0.19057,0.19026,0.19026,0,-0.00089698,-0.00099522,-0.00089698,-0.0003599999999999992,-0.0018921475875118216
1771022400000,2026-02-13T22:40:00Z,0.1899,0.19028,0.18983,0.19015,63303.5,12032.524612,0.19001,0.19028,0.18993,0.19019,0.19026,0.19038,0.19015,0.1903,-0.00089698,0,-0.00040944,-0.00040944,-0.00014999999999998348,-0.0007882291119284471
1771022700000,2026-02-13T22:45:00Z,0.19015,0.19015,0.18974,0.18982,665367.1,126311.697782,0.19019,0.19019,0.18984,0.18986,0.1903,0.1903,0.18999,0.19001,-0.00040944,-0.00006908,-0.00059947,-0.00006908,-0.00019000000000002348,-0.0009999473711911134
1771023000000,2026-02-13T22:50:00Z,0.18982,0.19,0.18981,0.18988,54179.3,10287.730676,0.18986,0.19003,0.18984,0.18997,0.19001,0.19015,0.18999,0.19013,-0.00006908,-0.0004134,-0.00061945,-0.00061945,-0.0002500000000000002,-0.001314889812233736
1771023300000,2026-02-13T22:55:00Z,0.18988,0.18992,0.18936,0.1898,193415,36661.982917,0.18997,0.18997,0.18939,0.1898,0.19013,0.19013,0.18952,0.18985,-0.00061945,0,-0.00048913,0,-4.999999999999449e-05,-0.0002633658151171688
1771023600000,2026-02-13T23:00:00Z,0.1898,0.18987,0.18963,0.18968,29738.4,5643.533265,0.1898,0.18987,0.18963,0.1897,0.18985,0.18995,0.18978,0.18981,0,0,-0.00010734,-0.00010734,-0.000130000000000019,-0.0006848954217376271
1771023900000,2026-02-13T23:05:00Z,0.18968,0.18968,0.1892,0.1895,174948.5,33132.830944,0.1897,0.1897,0.18925,0.1895,0.18981,0.18981,0.18939,0.18961,-0.00010734,-0.00003535,-0.00041634,-0.00041634,-0.00010999999999999899,-0.0005801381783661146
1771024200000,2026-02-13T23:10:00Z,0.1895,0.18972,0.18949,0.18968,30451.8,5773.419749,0.1895,0.18972,0.1895,0.18968,0.18961,0.18976,0.18961,0.18976,-0.00041634,-0.00007083,-0.00021698,-0.00007083,-8.00000000000245e-05,-0.00042158516020248993
1771024500000,2026-02-13T23:15:00Z,0.18968,0.19021,0.18951,0.18968,203539,38628.522778,0.18968,0.19023,0.18957,0.18968,0.18976,0.1903,0.18976,0.18983,-0.00007083,-0.0005993,-0.00062635,-0.00062635,-0.00015000000000001124,-0.0007901806879840449
1771024800000,2026-02-13T23:20:00Z,0.18968,0.18984,0.18957,0.18957,66112.3,12542.385709,0.18968,0.18984,0.18957,0.18958,0.18983,0.18995,0.18971,0.18975,-0.00062635,-0.00048059,-0.00059295,-0.00059295,-0.00018000000000001348,-0.0009486166007905849
1771025100000,2026-02-13T23:25:00Z,0.18957,0.18975,0.1895,0.18965,71318.2,13521.789147,0.18958,0.18975,0.18958,0.18966,0.18975,0.18978,0.18974,0.18977,-0.00059295,-0.00001075,-0.00056709,-0.00056709,-0.00011999999999998123,-0.0006323444169256534
1771025400000,2026-02-13T23:30:00Z,0.18965,0.18987,0.1896,0.18987,71368.5,13538.591231,0.18966,0.18987,0.18964,0.18987,0.18977,0.18989,0.1897,0.18989,-0.00056709,0,-0.00014545,0,-1.9999999999992246e-05,-0.00010532413502550027
1771025700000,2026-02-13T23:35:00Z,0.18987,0.18987,0.18927,0.18927,87143.7,16522.135727,0.18987,0.18987,0.18932,0.18936,0.18989,0.18989,0.18944,0.18948,0,0,-0.00052923,0,-0.00021000000000001573,-0.0011082963901204123
1771026000000,2026-02-13T23:40:00Z,0.18927,0.18929,0.18886,0.18901,205235.4,38794.22236,0.18936,0.18936,0.18905,0.18905,0.18948,0.18948,0.18921,0.18921,0,-0.00058579,-0.00063193,-0.00063193,-0.00019999999999997797,-0.0010570265842184767
1771026300000,2026-02-13T23:45:00Z,0.18901,0.18948,0.18901,0.18939,52638.4,9968.368215,0.18905,0.18948,0.18905,0.18943,0.18921,0.18956,0.18919,0.18953,-0.00063193,0,-0.00050475,-0.00050475,-0.00014000000000000123,-0.0007386693399461892
1771026600000,2026-02-13T23:50:00Z,0.18939,0.18942,0.18915,0.18923,72008.4,13628.370321,0.18943,0.18943,0.1892,0.18925,0.18953,0.18953,0.18934,0.18938,-0.00050475,0,-0.00078045,0,-0.00014999999999998348,-0.0007920582954904609
1771026900000,2026-02-13T23:55:00Z,0.18923,0.18944,0.18913,0.18913,103650.9,19612.971186,0.18925,0.18944,0.18913,0.18913,0.18938,0.1895,0.1893,0.1893,0,-0.00027403,-0.00074492,-0.00074492,-0.00017000000000000348,-0.000898045430533563
1771027200000,2026-02-14T00:00:00Z,0.18913,0.19015,0.18913,0.1897,904751,171613.487798,0.18913,0.19014,0.18913,0.1897,0.1893,0.19026,0.1893,0.18981,-0.00074492,-0.00045645,-0.00069094,-0.00069094,-0.00010999999999999899,-0.0005795268953163636
1771027500000,2026-02-14T00:05:00Z,0.1897,0.18987,0.18948,0.1897,100098.3,18988.115975,0.1897,0.18987,0.18952,0.1897,0.18981,0.19001,0.18973,0.18982,-0.00069094,-0.00031992,-0.00053273,-0.00053273,-0.00011999999999998123,-0.0006321778527024615
1771027800000,2026-02-14T00:10:00Z,0.1897,0.19004,0.18957,0.19004,183419.4,34831.209136,0.1897,0.19004,0.18964,0.19004,0.18982,0.19015,0.18975,0.19015,-0.00053273,-0.00046912,-0.00073369,-0.00073369,-0.00011000000000002674,-0.0005784906652644056
1771028100000,2026-02-14T00:15:00Z,0.19004,0.1901,0.18975,0.18986,81103.2,15405.545054,0.19004,0.1901,0.18976,0.18991,0.19015,0.19019,0.18998,0.19011,-0.00073369,-0.00047547,-0.00096863,-0.00047547,-0.0002500000000000002,-0.0013150281416022314
1771028400000,2026-02-14T00:20:00Z,0.18986,0.18986,0.18935,0.18949,129112.6,24478.252862,0.18991,0.18991,0.18943,0.18949,0.19011,0.19011,0.18963,0.18963,-0.00047547,-0.00044518,-0.00079982,-0.00079982,-0.00014000000000000123,-0.0007382798080472565
1771028700000,2026-02-14T00:25:00Z,0.18949,0.18993,0.18947,0.18984,61541.7,11673.848149,0.18949,0.18993,0.18947,0.18984,0.18963,0.19006,0.18963,0.18997,-0.00079982,-0.00016495,-0.00069283,-0.00069283,-0.00012999999999999123,-0.0006843185766173145
1771029000000,2026-02-14T00:30:00Z,0.18984,0.19023,0.18982,0.18985,128178,24364.109391,0.18984,0.19024,0.18982,0.18989,0.18997,0.19039,0.18997,0.19011,-0.00069283,-0.00026954,-0.00046855,-0.00026954,-0.0002600000000000102,-0.0013676292672663733
1771029300000,2026-02-14T00:35:00Z,0.18985,0.19009,0.18972,0.19008,64773.6,12298.631325,0.18989,0.1901,0.18978,0.1901,0.19011,0.19028,0.18999,0.19028,-0.00026954,-0.00043324,-0.00080019,-0.00043324,-0.00020000000000000573,-0.0010510826150935764
1771029600000,2026-02-14T00:40:00Z,0.19008,0.19083,0.19002,0.19079,103727.7,19766.310935,0.1901,0.19082,0.19004,0.19081,0.19028,0.19092,0.19021,0.19092,-0.00043324,-0.00005469,-0.0001716,-0.00005469,-0.000130000000000019,-0.0006809134716112455
1771029900000,2026-02-14T00:45:00Z,0.19079,0.19111,0.19056,0.19075,129292.7,24671.080566,0.19081,0.19116,0.19064,0.19077,0.19092,0.19125,0.19083,0.19096,-0.00005469,-0.00023008,-0.00075776,-0.00023008,-0.00020999999999998797,-0.0010997067448679722
1771030200000,2026-02-14T00:50:00Z,0.19075,0.19107,0.19058,0.1908,133425.6,25459.122983,0.19077,0.19112,0.19059,0.19083,0.19096,0.19127,0.19077,0.19101,-0.00023008,-0.00013603,-0.00125105,-0.00125105,-0.00021000000000001573,-0.001099418878592826
1771030500000,2026-02-14T00:55:00Z,0.1908,0.19098,0.19052,0.19062,206339.1,39388.689345,0.19083,0.19097,0.19059,0.19063,0.19101,0.19113,0.19075,0.19076,-0.00125105,-0.00029279,-0.00042694,-0.00042694,-0.00014000000000000123,-0.0007339064793457813
1771030800000,2026-02-14T01:00:00Z,0.19062,0.19062,0.19007,0.19019,205222.1,39049.128507,0.19063,0.19063,0.19014,0.1902,0.19076,0.19076,0.19036,0.19044,-0.00042694,-0.00082089,-0.00112128,-0.00112128,-0.0002500000000000002,-0.0013127494223902554
1771031100000,2026-02-14T01:05:00Z,0.19019,0.19021,0.19003,0.19018,32544.7,6187.424093,0.1902,0.19021,0.19008,0.19018,0.19044,0.19044,0.19033,0.19037,-0.00112128,-0.00042763,-0.0009036,-0.0009036,-0.00019000000000002348,-0.0009980564164522954
1771031400000,2026-02-14T01:10:00Z,0.19018,0.19031,0.18993,0.1903,79877.8,15185.282118,0.19018,0.1903,0.18993,0.1903,0.19037,0.19037,0.1901,0.19034,-0.0009036,-0.0001183,-0.00068391,-0.0001183,-4.000000000001225e-05,-0.0002101502574341297
1771031700000,2026-02-14T01:15:00Z,0.1903,0.19081,0.19013,0.19051,81042,15425.891746,0.1903,0.1908,0.19013,0.19057,0.19034,0.19082,0.19024,0.19067,-0.0001183,-0.00018027,-0.00025691,-0.00018027,-0.00015999999999999348,-0.000839146168773239
1771032000000,2026-02-14T01:20:00Z,0.19051,0.19051,0.19009,0.19016,21690.5,4127.508842,0.19057,0.19057,0.19014,0.19016,0.19067,0.19067,0.19037,0.19045,-0.00018027,-0.00133105,-0.00138556,-0.00133105,-0.00029000000000001247,-0.0015227093725387894
1771032300000,2026-02-14T01:25:00Z,0.19016,0.19051,0.19009,0.19051,137676.4,26205.440359,0.19016,0.19051,0.19011,0.19051,0.19045,0.19067,0.19031,0.19067,-0.00133105,-0.00040432,-0.00075765,-0.00075765,-0.00015999999999999348,-0.000839146168773239
1771032600000,2026-02-14T01:30:00Z,0.19051,0.19051,0.18997,0.19016,109084.5,20746.28382,0.19051,0.19051,0.18998,0.19016,0.19067,0.19067,0.19024,0.19039,-0.00075765,-0.00069028,-0.00123864,-0.00069028,-0.00023000000000000798,-0.001208046641105142
1771032900000,2026-02-14T01:35:00Z,0.19016,0.19051,0.19009,0.19023,109040.1,20748.553936,0.19016,0.1905,0.19012,0.19027,0.19039,0.19065,0.19034,0.19051,-0.00069028,-0.00085503,-0.00086509,-0.00086509,-0.00028000000000000247,-0.001469739121305981
1771033200000,2026-02-14T01:40:00Z,0.19023,0.19052,0.19008,0.19026,42174.6,8024.366903,0.19027,0.19052,0.19012,0.19028,0.19051,0.19066,0.19034,0.19049,-0.00086509,-0.00045129,-0.0009969,-0.00045129,-0.00022999999999998022,-0.0012074124625963579
1771033500000,2026-02-14T01:45:00Z,0.19026,0.19056,0.19026,0.19038,85557,16284.861595,0.19028,0.19056,0.19028,0.1904,0.19049,0.19071,0.19049,0.19061,-0.00045129,-0.00060574,-0.00093465,-0.00060574,-0.00023000000000000798,-0.0012066523267405067
1771033800000,2026-02-14T01:50:00Z,0.19038,0.19046,0.19026,0.19031,56159.9,10691.319682,0.1904,0.19049,0.1903,0.19032,0.19061,0.19073,0.19053,0.19055,-0.00060574,-0.00068294,-0.00108555,-0.00108555,-0.00023999999999999022,-0.0012595119391235383
1771034100000,2026-02-14T01:55:00Z,0.19031,0.19045,0.1902,0.19023,40183.9,7648.951512,0.19032,0.19045,0.19025,0.19025,0.19055,0.19065,0.19051,0.19052,-0.00108555,-0.00078289,-0.00092353,-0.00092353,-0.0002899999999999847,-0.0015221499055216498
1771034400000,2026-02-14T02:00:00Z,0.19023,0.19057,0.19019,0.1904,58858,11200.142396,0.19025,0.19057,0.19019,0.19043,0.19052,0.19064,0.19043,0.19059,-0.00092353,-0.0003174,-0.0005252,-0.0003174,-0.00018999999999999573,-0.000996904349651061
1771034700000,2026-02-14T02:05:00Z,0.1904,0.19048,0.1903,0.19046,41027.4,7810.519743,0.19043,0.19056,0.1903,0.19046,0.19059,0.19072,0.19049,0.19063,-0.0003174,-0.00035669,-0.00075461,-0.00035669,-0.00017000000000000348,-0.0008917798877406677
1771035000000,2026-02-14T02:10:00Z,0.19046,0.19081,0.19046,0.19078,73612.4,14035.071444,0.19046,0.19081,0.19046,0.19078,0.19063,0.19095,0.19063,0.19091,-0.00035669,-0.00043729,-0.00059455,-0.00059455,-0.00012999999999999123,-0.0006809491383373906
1771035300000,2026-02-14T02:15:00Z,0.19078,0.19088,0.19056,0.19058,45326.4,8643.507648,0.19078,0.19086,0.19063,0.19064,0.19091,0.191,0.19082,0.19083,-0.00059455,-0.00000696,-0.00028221,-0.00028221,-0.0002500000000000002,-0.0013100665513808114
1771035600000,2026-02-14T02:20:00Z,0.19058,0.19058,0.19,0.19005,148653.3,28272.371998,0.19064,0.19064,0.19013,0.19016,0.19083,0.19083,0.19035,0.19039,-0.00028221,-0.00072005,-0.00072566,-0.00072005,-0.00034000000000000696,-0.001785808078155402
1771035900000,2026-02-14T02:25:00Z,0.19005,0.19027,0.19004,0.1902,28490,5418.118061,0.19016,0.19027,0.19011,0.19021,0.19039,0.19046,0.19039,0.19043,-0.00072005,-0.00055024,-0.0005838,-0.0005838,-0.00022999999999998022,-0.0012077928897756668
1771036200000,2026-02-14T02:30:00Z,0.1902,0.19044,0.19005,0.19043,39196.1,7455.114867,0.19021,0.19047,0.19009,0.19047,0.19043,0.19067,0.19036,0.19067,-0.0005838,-0.00028185,-0.00087984,-0.00028185,-0.00024000000000001798,-0.001258719253160004
1771036500000,2026-02-14T02:35:00Z,0.19043,0.19059,0.19036,0.1905,40361.2,7688.518792,0.19047,0.19059,0.19041,0.1905,0.19067,0.19076,0.19062,0.1907,-0.00028185,-0.00059576,-0.00074293,-0.00059576,-0.00020000000000000573,-0.001048767697954933
1771036800000,2026-02-14T02:40:00Z,0.1905,0.1906,0.19035,0.19058,169687.2,32322.777652,0.1905,0.1906,0.19039,0.19058,0.1907,0.19073,0.19062,0.19071,-0.00059576,-0.00053621,-0.00064829,-0.00053621,-0.00012999999999999123,-0.000681663258350329
1771037100000,2026-02-14T02:45:00Z,0.19058,0.19074,0.19049,0.1906,156044.5,29741.130401,0.19058,0.19067,0.19051,0.1906,0.19071,0.19087,0.1907,0.19074,-0.00053621,-0.00062412,-0.00107635,-0.00062412,-0.00014000000000000123,-0.0007339834329453771
1771037400000,2026-02-14T02:50:00Z,0.1906,0.19068,0.19052,0.19061,49594,9451.817797,0.1906,0.19069,0.19057,0.19061,0.19074,0.19086,0.19074,0.19082,-0.00062412,-0.00060986,-0.00115879,-0.00060986,-0.00020999999999998797,-0.0011005135730006708
1771037700000,2026-02-14T02:55:00Z,0.19061,0.19067,0.19046,0.19046,50817.8,9682.681536,0.19061,0.19066,0.19048,0.19056,0.19082,0.19087,0.19071,0.1908,-0.00060986,-0.00065995,-0.00078627,-0.00065995,-0.00034000000000000696,-0.0017819706498952148
1771038000000,2026-02-14T03:00:00Z,0.19046,0.19111,0.19043,0.19107,82053.3,15661.520691,0.19056,0.19111,0.19049,0.19109,0.1908,0.19131,0.19073,0.19131,-0.00065995,-0.00102102,-0.00108063,-0.00108063,-0.00024000000000001798,-0.0012545083895249489
1771038300000,2026-02-14T03:05:00Z,0.19107,0.19127,0.19091,0.19112,86097.3,16455.109226,0.19109,0.19127,0.19098,0.19112,0.19131,0.19147,0.19124,0.19133,-0.00108063,-0.00044226,-0.00107076,-0.00044226,-0.00020999999999998797,-0.0010975800972141743
1771038600000,2026-02-14T03:10:00Z,0.19112,0.19155,0.19112,0.1915,77685.3,14865.273213,0.19112,0.19155,0.19112,0.1915,0.19133,0.19168,0.19133,0.19167,-0.00044226,-0.00057961,-0.00060132,-0.00060132,-0.00017000000000000348,-0.0008869410966765976
1771038900000,2026-02-14T03:15:00Z,0.1915,0.1917,0.1909,0.19113,229843.3,43978.431095,0.1915,0.1917,0.19092,0.19113,0.19167,0.19182,0.19118,0.19129,-0.00060132,-0.00041875,-0.00084284,-0.00084284,-0.00015999999999999348,-0.0008364263683412279
1771039200000,2026-02-14T03:20:00Z,0.19113,0.19118,0.19073,0.19095,51969.9,9923.294111,0.19113,0.19118,0.19075,0.19095,0.19129,0.1913,0.19091,0.19108,-0.00084284,-0.00055111,-0.00127517,-0.00055111,-0.00012999999999999123,-0.0006803433117018591
1771039500000,2026-02-14T03:25:00Z,0.19095,0.19129,0.19094,0.19116,137459.2,26272.713212,0.19095,0.19129,0.19095,0.19122,0.19108,0.19148,0.19108,0.19144,-0.00055111,-0.00071454,-0.00095475,-0.00071454,-0.00028000000000000247,-0.001462599247806114
1771039800000,2026-02-14T03:30:00Z,0.19116,0.19169,0.19113,0.19169,61381.2,11752.508853,0.19122,0.19169,0.19115,0.19169,0.19144,0.19181,0.19138,0.1918,-0.00071454,-0.00027449,-0.000846,-0.00027449,-0.00010999999999999899,-0.000573514077163707
1771040100000,2026-02-14T03:35:00Z,0.19169,0.19236,0.19141,0.19169,1042232.4,200059.461313,0.19169,0.19222,0.19149,0.19169,0.1918,0.19238,0.19175,0.1919,-0.00027449,-0.00061683,-0.00132194,-0.00061683,-0.00020999999999998797,-0.001094319958311558
1771040400000,2026-02-14T03:40:00Z,0.19169,0.19179,0.19153,0.19155,109620.4,21006.891671,0.19169,0.19179,0.19155,0.19155,0.1919,0.19199,0.19169,0.19169,-0.00061683,-0.00081623,-0.00094719,-0.00081623,-0.00014000000000000123,-0.0007303458709374575
1771040700000,2026-02-14T03:45:00Z,0.19155,0.19163,0.19126,0.19142,149994.8,28722.025517,0.19155,0.19163,0.19133,0.19142,0.19169,0.19173,0.19154,0.19156,-0.00081623,-0.00020903,-0.00078077,-0.00020903,-0.00014000000000000123,-0.0007308415117978765
1771041000000,2026-02-14T03:50:00Z,0.19142,0.19142,0.19119,0.19132,50509.1,9663.858163,0.19142,0.19142,0.19126,0.19133,0.19156,0.19156,0.19147,0.19151,-0.00020903,-0.00030103,-0.00063872,-0.00030103,-0.00019000000000002348,-0.000992115294240632
1771041300000,2026-02-14T03:55:00Z,0.19132,0.19166,0.19125,0.19145,125292.6,23998.017159,0.19133,0.19165,0.1913,0.1915,0.19151,0.19182,0.19148,0.1917,-0.00030103,-0.00043497,-0.00082575,-0.00082575,-0.0002500000000000002,-0.0013041210224308828
1771041600000,2026-02-14T04:00:00Z,0.19145,0.1916,0.1913,0.19134,106929.5,20469.900757,0.1915,0.19163,0.19134,0.19134,0.1917,0.19182,0.19159,0.19166,-0.00082575,-0.00095071,-0.00179395,-0.00095071,-0.00031999999999998696,-0.001669623291244845
1771041900000,2026-02-14T04:05:00Z,0.19134,0.1915,0.1911,0.19113,107402,20545.215063,0.19134,0.19149,0.19113,0.19113,0.19166,0.19167,0.19142,0.19142,-0.00095071,-0.00129698,-0.00144077,-0.00144077,-0.00029000000000001247,-0.0015149932086511988
1771042200000,2026-02-14T04:10:00Z,0.19113,0.19125,0.19085,0.1911,83464.7,15946.787861,0.19113,0.19125,0.19086,0.1911,0.19142,0.19145,0.19114,0.19127,-0.00144077,-0.00048721,-0.00103452,-0.00048721,-0.00017000000000000348,-0.0008887959429079494
1771042500000,2026-02-14T04:15:00Z,0.1911,0.19113,0.19082,0.191,134280.8,25643.427322,0.1911,0.19113,0.19086,0.19106,0.19127,0.19129,0.19102,0.19119,-0.00048721,-0.00012091,-0.00019007,-0.00019007,-0.00018999999999999573,-0.0009937758250954324
1771042800000,2026-02-14T04:20:00Z,0.191,0.19101,0.19062,0.19084,103531.9,19747.984908,0.19106,0.19106,0.19062,0.19084,0.19119,0.19119,0.19087,0.19099,-0.00019007,-0.0009176,-0.00126772,-0.00126772,-0.00014999999999998348,-0.0007853814335828237
1771043100000,2026-02-14T04:25:00Z,0.19084,0.19118,0.19082,0.19115,46988.3,8974.978236,0.19084,0.19118,0.19082,0.19115,0.19099,0.19128,0.19099,0.19128,-0.00126772,-0.00039211,-0.00052109,-0.00039211,-0.000130000000000019,-0.0006796319531577738
1771043400000,2026-02-14T04:30:00Z,0.19115,0.19126,0.1911,0.19113,43670.5,8349.795576,0.19115,0.19126,0.19115,0.19117,0.19128,0.19139,0.19128,0.19135,-0.00039211,-0.00031802,-0.00096702,-0.00096702,-0.00021999999999999797,-0.0011497256336555945
1771043700000,2026-02-14T04:35:00Z,0.19113,0.19153,0.19103,0.19143,63117.9,12076.319069,0.19117,0.19153,0.19106,0.1915,0.19135,0.19163,0.19127,0.19162,-0.00096702,0,-0.00078501,0,-0.00019000000000002348,-0.0009915457676652932
1771044000000,2026-02-14T04:40:00Z,0.19143,0.19152,0.19126,0.19152,73498.1,14063.393157,0.1915,0.19152,0.19126,0.19152,0.19162,0.19171,0.1915,0.19171,0,-0.00081168,-0.00097212,-0.00081168,-0.00018999999999999573,-0.0009910802775024556
1771044300000,2026-02-14T04:45:00Z,0.19152,0.19152,0.19131,0.19138,30834.8,5902.728353,0.19152,0.19152,0.19137,0.19138,0.19171,0.19174,0.19159,0.1916,-0.00081168,-0.00064712,-0.00107102,-0.00107102,-0.00021999999999999797,-0.0011482254697285908
1771044600000,2026-02-14T04:50:00Z,0.19138,0.19149,0.19129,0.19138,99463.3,19029.060966,0.19138,0.19149,0.1913,0.19138,0.1916,0.19167,0.19153,0.19161,-0.00107102,-0.00068143,-0.00106465,-0.00106465,-0.00023000000000000798,-0.0012003548875320076
1771044900000,2026-02-14T04:55:00Z,0.19138,0.19139,0.19111,0.19111,30545.7,5841.162386,0.19138,0.19139,0.19122,0.19122,0.19161,0.19162,0.19148,0.19148,-0.00106465,-0.00070565,-0.00084636,-0.00070565,-0.0003700000000000092,-0.0019323166910382766
1771045200000,2026-02-14T05:00:00Z,0.19111,0.19111,0.19071,0.1909,62693.5,11968.88275,0.19122,0.19122,0.19072,0.1909,0.19148,0.19148,0.19093,0.19103,-0.00070565,-0.00069928,-0.00105104,-0.00069928,-0.000130000000000019,-0.000680521384075899
1771045500000,2026-02-14T05:05:00Z,0.1909,0.19108,0.19085,0.19093,38148.8,7284.7157,0.1909,0.19109,0.19085,0.19099,0.19103,0.19122,0.19097,0.19117,-0.00069928,-0.00036196,-0.00053023,-0.00036196,-0.00024000000000001798,-0.0012554271067637076
1771045800000,2026-02-14T05:10:00Z,0.19093,0.19183,0.19092,0.19177,71451.1,13681.319674,0.19099,0.19185,0.19098,0.19177,0.19117,0.19196,0.19116,0.19185,-0.00036196,-0.00023131,-0.00054515,-0.00023131,-7.999999999999674e-05,-0.00041699244201197155
1771046100000,2026-02-14T05:15:00Z,0.19177,0.19185,0.19148,0.19151,71210.6,13650.347679,0.19177,0.19185,0.19154,0.19154,0.19185,0.19189,0.19164,0.19164,-0.00023131,0,0,0,-0.00012999999999999123,-0.0006783552494259613
1771046400000,2026-02-14T05:20:00Z,0.19151,0.19168,0.19131,0.19157,76795.4,14705.555673,0.19154,0.19168,0.19136,0.19161,0.19164,0.19175,0.19147,0.1917,0,0,-0.00032503,0,-0.000130000000000019,-0.0006781429316641575
1771046700000,2026-02-14T05:25:00Z,0.19157,0.19161,0.19103,0.19103,152530.1,29203.242992,0.19161,0.19162,0.19103,0.19103,0.1917,0.19171,0.1912,0.19121,0,-0.00042027,-0.00048426,-0.00048426,-0.00017999999999998573,-0.0009413733591338619
1771047000000,2026-02-14T05:30:00Z,0.19103,0.19108,0.19076,0.19078,30953.3,5908.895373,0.19103,0.19108,0.19078,0.19078,0.19121,0.19126,0.19096,0.19096,-0.00048426,-0.0004132,-0.00059792,-0.00059792,-0.00017999999999998573,-0.000942605781315384
1771047300000,2026-02-14T05:35:00Z,0.19078,0.19087,0.1905,0.19072,174168.1,33204.039988,0.19078,0.19089,0.19064,0.19084,0.19096,0.19104,0.19081,0.191,-0.00059792,-0.00013153,-0.00018739,-0.00013153,-0.00028000000000000247,-0.0014659685863874475
1771047600000,2026-02-14T05:40:00Z,0.19072,0.19105,0.19072,0.19102,65455,12500.386919,0.19084,0.19107,0.19081,0.19102,0.191,0.19123,0.19097,0.19118,-0.00013153,-0.00038668,-0.00043705,-0.00043705,-0.00015999999999999348,-0.0008369076263207108
1771047900000,2026-02-14T05:45:00Z,0.19102,0.19109,0.19094,0.19106,38973.4,7443.882071,0.19102,0.1911,0.19096,0.19106,0.19118,0.19123,0.1911,0.19119,-0.00043705,-0.00028392,-0.00051561,-0.00028392,-0.00012999999999999123,-0.0006799518803284233
1771048200000,2026-02-14T05:50:00Z,0.19106,0.19112,0.19065,0.19066,53634.5,10235.346212,0.19106,0.19114,0.19066,0.19066,0.19119,0.19126,0.1908,0.1908,-0.00028392,-0.00074265,-0.00079234,-0.00079234,-0.00014000000000000123,-0.0007337526205450799
1771048500000,2026-02-14T05:55:00Z,0.19066,0.19067,0.19045,0.19054,39599.6,7546.154844,0.19066,0.19067,0.19048,0.19055,0.1908,0.19084,0.19067,0.19069,-0.00079234,-0.0002202,-0.00022428,-0.0002202,-0.00015000000000001124,-0.0007866170223924235
1771048800000,2026-02-14T06:00:00Z,0.19054,0.19081,0.19043,0.1905,50078.9,9542.257988,0.19055,0.19081,0.19047,0.1905,0.19069,0.19092,0.19062,0.19066,-0.0002202,-0.00040847,-0.00061621,-0.00061621,-0.00015999999999999348,-0.0008391901814748426
1771049100000,2026-02-14T06:05:00Z,0.1905,0.19056,0.18956,0.18969,273937.8,51995.550268,0.1905,0.19056,0.1897,0.1897,0.19066,0.19071,0.18989,0.18991,-0.00061621,-0.00064254,-0.00081036,-0.00064254,-0.00021999999999999797,-0.0011584434732241481
1771049400000,2026-02-14T06:10:00Z,0.18969,0.18994,0.18966,0.18988,124852.4,23693.999147,0.1897,0.18994,0.18969,0.18992,0.18991,0.19009,0.1899,0.19009,-0.00064254,-0.00035719,-0.00042606,-0.00042606,-0.00021000000000001573,-0.001104739860066367
1771049700000,2026-02-14T06:15:00Z,0.18988,0.19038,0.18987,0.19029,286561.1,54483.064543,0.18992,0.19038,0.18992,0.19033,0.19009,0.19047,0.19009,0.19047,-0.00042606,-0.00050427,-0.00076229,-0.00050427,-0.00018000000000001348,-0.0009450307134982595
1771050000000,2026-02-14T06:20:00Z,0.19029,0.19034,0.19003,0.19006,46386,8824.029747,0.19033,0.19034,0.19008,0.19008,0.19047,0.19048,0.19032,0.19032,-0.00050427,-0.00069973,-0.00085178,-0.00069973,-0.00025999999999998247,-0.001366120218579143
1771050300000,2026-02-14T06:25:00Z,0.19006,0.19035,0.18993,0.19001,80177.4,15243.467295,0.19008,0.19034,0.18999,0.19001,0.19032,0.19048,0.19015,0.19015,-0.00069973,-0.00060587,-0.00099369,-0.00060587,-0.00014000000000000123,-0.0007362608466999802
1771050600000,2026-02-14T06:30:00Z,0.19001,0.19009,0.18979,0.18988,179956.4,34168.103327,0.19001,0.19008,0.18979,0.18988,0.19015,0.19021,0.18997,0.19,-0.00060587,-0.00063605,-0.00097386,-0.00063605,-0.00012000000000000899,-0.0006315789473684683
1771050900000,2026-02-14T06:35:00Z,0.18988,0.19011,0.18985,0.19003,217640.8,41352.751729,0.18988,0.19011,0.18985,0.1901,0.19,0.19021,0.19,0.19021,-0.00063605,-0.00026909,-0.000374,-0.000374,-0.00017999999999998573,-0.0009463224856736541
1771051200000,2026-02-14T06:40:00Z,0.19003,0.19004,0.18971,0.18977,54312.5,10308.578436,0.1901,0.1901,0.18971,0.18977,0.19021,0.19021,0.18989,0.18989,-0.000374,-0.0003212,-0.00061372,-0.0003212,-0.00012000000000000899,-0.0006319448101532939
1771051500000,2026-02-14T06:45:00Z,0.18977,0.18977,0.18962,0.18972,47478.6,9006.16714,0.18977,0.18979,0.18965,0.18973,0.18989,0.18994,0.18983,0.18994,-0.0003212,-0.00073028,-0.00076421,-0.00073028,-0.00021999999999999797,-0.0011582605033168263
1771051800000,2026-02-14T06:50:00Z,0.18972,0.19009,0.18971,0.19002,39255.6,7456.411237,0.18973,0.19009,0.18972,0.19005,0.18994,0.19028,0.18991,0.19026,-0.00073028,-0.00068988,-0.00093404,-0.00093404,-0.00024000000000001798,-0.0012614317250079783
1771052100000,2026-02-14T06:55:00Z,0.19002,0.19014,0.18986,0.19014,45501.4,8644.638608,0.19005,0.19014,0.18988,0.19014,0.19026,0.19026,0.19007,0.19024,-0.00093404,-0.00026243,-0.00063184,-0.00026243,-9.999999999998899e-05,-0.0005256518082421625
1771052400000,2026-02-14T07:00:00Z,0.19014,0.19065,0.19014,0.19064,43423.2,8266.731452,0.19014,0.19066,0.19014,0.19066,0.19024,0.19076,0.19024,0.19076,-0.00026243,0,-0.0006457,-0.0006457,-0.00012000000000000899,-0.0006290626965821397
1771052700000,2026-02-14T07:05:00Z,0.19064,0.19084,0.19064,0.19064,53392.7,10184.559406,0.19066,0.19084,0.19066,0.1907,0.19076,0.19089,0.19076,0.19081,-0.0006457,0,-0.00010333,-0.00010333,-0.00017000000000000348,-0.0008909386300508541
1771053000000,2026-02-14T07:10:00Z,0.19064,0.19099,0.19061,0.19098,52834,10085.270983,0.1907,0.19105,0.19061,0.191,0.19081,0.19111,0.19072,0.1911,-0.00010333,0,-0.00045436,-0.00045436,-0.00011999999999998123,-0.000627943485086244
1771053300000,2026-02-14T07:15:00Z,0.19098,0.1913,0.19088,0.19114,69157,13216.638753,0.191,0.1913,0.19097,0.19119,0.1911,0.19139,0.1911,0.19132,-0.00045436,-0.00013664,-0.00014598,-0.00013664,-0.00017999999999998573,-0.0009408321137360743
1771053600000,2026-02-14T07:20:00Z,0.19114,0.19125,0.19092,0.19125,45954.5,8780.929246,0.19119,0.19125,0.19097,0.19125,0.19132,0.19135,0.1911,0.19135,-0.00013664,-0.00010857,-0.000172,-0.000172,-9.999999999998899e-05,-0.0005226025607524902
1771053900000,2026-02-14T07:25:00Z,0.19125,0.19141,0.19118,0.1913,52414.4,10027.34391,0.19125,0.19149,0.19119,0.1913,0.19135,0.1916,0.19135,0.19145,-0.000172,-0.00082991,-0.00083104,-0.00082991,-0.00015000000000001124,-0.0007834943849569665
1771054200000,2026-02-14T07:30:00Z,0.1913,0.19154,0.1912,0.19154,122363,23417.993009,0.1913,0.19154,0.19126,0.19154,0.19145,0.19165,0.19142,0.19162,-0.00082991,-0.00009528,-0.00053456,-0.00009528,-8.00000000000245e-05,-0.0004174929548065155
1771054500000,2026-02-14T07:35:00Z,0.19154,0.19163,0.19118,0.19123,79450.3,15202.236239,0.19154,0.19163,0.19121,0.19123,0.19162,0.19174,0.19139,0.1914,-0.00009528,-0.00071925,-0.00082277,-0.00071925,-0.00016999999999997573,-0.0008881922675024855
1771054800000,2026-02-14T07:40:00Z,0.19123,0.19194,0.19121,0.19176,580848.2,111390.480723,0.19123,0.1919,0.19121,0.19177,0.1914,0.1919,0.1914,0.19188,-0.00071925,-0.00001853,-0.00011125,-0.00011125,-0.00011999999999998123,-0.0006253908692932105
1771055100000,2026-02-14T07:45:00Z,0.19176,0.19176,0.19076,0.19104,367549.1,70292.600923,0.19177,0.19177,0.19079,0.19104,0.19188,0.19188,0.19099,0.19117,-0.00011125,-0.00081936,-0.00092476,-0.00081936,-0.000130000000000019,-0.0006800230161637233
1771055400000,2026-02-14T07:50:00Z,0.19104,0.19127,0.191,0.19102,95837.4,18316.722841,0.19104,0.19128,0.19102,0.19102,0.19117,0.19138,0.19117,0.19119,-0.00081936,-0.00018147,-0.0007375,-0.0007375,-0.00017000000000000348,-0.0008891678435064777
1771055700000,2026-02-14T07:55:00Z,0.19102,0.1914,0.19087,0.19098,52240.3,9982.978819,0.19102,0.1914,0.19088,0.19104,0.19119,0.19147,0.19105,0.19115,-0.0007375,0,-0.00033171,0,-0.00016999999999997573,-0.0008893539105413326
1771056000000,2026-02-14T08:00:00Z,0.19098,0.19147,0.19095,0.19147,260997.2,49915.691644,0.19104,0.19147,0.191,0.19147,0.19115,0.19156,0.19114,0.19156,0,-0.00014957,-0.00033371,-0.00014957,-9.000000000000674e-05,-0.00046982668615580883
1771056300000,2026-02-14T08:05:00Z,0.19147,0.19292,0.19131,0.19273,1505482.4,289812.397731,0.19147,0.19281,0.19135,0.19273,0.19156,0.19294,0.1915,0.1929,-0.00014957,-0.00054219,-0.00114947,-0.00114947,-0.00016999999999997573,-0.0008812856402279716
1771056600000,2026-02-14T08:10:00Z,0.19273,0.19274,0.19237,0.1925,157635.5,30356.181665,0.19273,0.19274,0.19242,0.1925,0.1929,0.19291,0.19264,0.19266,-0.00114947,-0.00038378,-0.00052453,-0.00038378,-0.00015999999999999348,-0.0008304785632720517
1771056900000,2026-02-14T08:15:00Z,0.1925,0.19254,0.19227,0.19238,89135.7,17150.982353,0.1925,0.19254,0.19233,0.19239,0.19266,0.19274,0.19254,0.19259,-0.00038378,-0.00035234,-0.0003786,-0.0003786,-0.00021000000000001573,-0.0010903992938367294
1771057200000,2026-02-14T08:20:00Z,0.19238,0.19247,0.19208,0.19247,127868.2,24583.786512,0.19239,0.1925,0.19216,0.19247,0.19259,0.1927,0.19239,0.19267,-0.0003786,-0.00074828,-0.00086365,-0.00074828,-0.00020000000000000573,-0.0010380443244926854
1771057500000,2026-02-14T08:25:00Z,0.19247,0.19263,0.1923,0.19236,43787.4,8426.784434,0.19247,0.19263,0.19234,0.19236,0.19267,0.19279,0.19254,0.19256,-0.00074828,-0.0004627,-0.00052321,-0.0004627,-0.00020000000000000573,-0.0010386373078521277
1771057800000,2026-02-14T08:30:00Z,0.19236,0.19303,0.19233,0.19276,94930.1,18293.663939,0.19236,0.19298,0.19235,0.1928,0.19256,0.1931,0.19256,0.19297,-0.0004627,-0.00049411,-0.00059314,-0.00049411,-0.00021000000000001573,-0.0010882520599057664
1771058100000,2026-02-14T08:35:00Z,0.19276,0.1935,0.19276,0.19314,268470.9,51881.409905,0.1928,0.19348,0.1928,0.19314,0.19297,0.19363,0.19297,0.19331,-0.00049411,-0.00053998,-0.00055372,-0.00055372,-0.00017000000000000348,-0.0008794164812994851
1771058400000,2026-02-14T08:40:00Z,0.19314,0.19317,0.19282,0.19301,201938.2,38979.576406,0.19314,0.19317,0.19283,0.19301,0.19331,0.19332,0.19297,0.19311,-0.00055372,-0.00024413,-0.00071475,-0.00024413,-0.00010000000000001674,-0.0005178395733002783
1771058700000,2026-02-14T08:45:00Z,0.19301,0.1933,0.19297,0.19301,143666.4,27745.415836,0.19301,0.19328,0.193,0.19303,0.19311,0.19339,0.19311,0.19315,-0.00024413,0,-0.00027502,-0.00027502,-0.00014000000000000123,-0.0007248252653378268
1771059000000,2026-02-14T08:50:00Z,0.19301,0.19317,0.19279,0.19308,157231.8,30349.595181,0.19303,0.19321,0.19287,0.19317,0.19315,0.1933,0.19301,0.19326,-0.00027502,0,-0.00007887,-0.00007887,-0.00017999999999998573,-0.0009313877677739094
1771059300000,2026-02-14T08:55:00Z,0.19308,0.19351,0.19289,0.19339,126267.4,24401.94083,0.19317,0.19347,0.19294,0.19343,0.19326,0.19352,0.19303,0.19349,-0.00007887,0,-0.00006725,0,-9.999999999998899e-05,-0.0005168225748100108
1771059600000,2026-02-14T09:00:00Z,0.19339,0.19367,0.19339,0.19349,486973.2,94263.355354,0.19343,0.19365,0.19342,0.19349,0.19349,0.19368,0.19347,0.19356,0,0,0,0,-7.00000000000145e-05,-0.00036164496796866344
1771059900000,2026-02-14T09:05:00Z,0.19349,0.1935,0.19321,0.19325,106300.8,20553.421748,0.19349,0.19351,0.19326,0.19326,0.19356,0.19358,0.19338,0.19338,0,0,0,0,-0.00012999999999999123,-0.000672251525493801
1771060200000,2026-02-14T09:10:00Z,0.19325,0.19342,0.19312,0.19316,53054.8,10252.744309,0.19326,0.19342,0.19319,0.19323,0.19338,0.19344,0.19326,0.19332,0,0,-0.00010394,-0.00010394,-0.00015999999999999348,-0.0008276432857438108
1771060500000,2026-02-14T09:15:00Z,0.19316,0.19333,0.19289,0.19333,285829.2,55178.353701,0.19323,0.19333,0.19295,0.19333,0.19332,0.19339,0.19307,0.19339,-0.00010394,0,-0.0003204,-0.0003204,-6.0000000000004494e-05,-0.00031025389110090744
1771060800000,2026-02-14T09:20:00Z,0.19333,0.19338,0.193,0.193,52278.1,10104.527424,0.19333,0.19338,0.19302,0.19303,0.19339,0.19347,0.19316,0.19318,-0.0003204,-0.00000429,-0.00041659,-0.00041659,-0.00017999999999998573,-0.0009317734755149898
1771061100000,2026-02-14T09:25:00Z,0.193,0.19315,0.19294,0.19308,34006.3,6565.662342,0.19303,0.19318,0.19297,0.19308,0.19318,0.19332,0.1931,0.19319,-0.00041659,-0.00005815,-0.00088952,-0.00005815,-0.00010999999999999899,-0.0005693876494642528
1771061400000,2026-02-14T09:30:00Z,0.19308,0.1932,0.19279,0.19285,164962,31815.206724,0.19308,0.19321,0.1929,0.1929,0.19319,0.19334,0.19305,0.19305,-0.00005815,0,-0.00041213,0,-0.00020000000000000573,-0.0010360010360010658
1771061700000,2026-02-14T09:35:00Z,0.19285,0.1934,0.19285,0.19328,193602,37421.21189,0.1929,0.19335,0.19288,0.19328,0.19305,0.19338,0.19304,0.19336,0,0,-0.00015831,-0.00015831,-7.999999999999674e-05,-0.0004137360364087543
1771062000000,2026-02-14T09:40:00Z,0.19328,0.19328,0.19279,0.19286,59313,11457.433117,0.19328,0.19328,0.19284,0.19293,0.19336,0.19336,0.19298,0.19302,-0.00015831,0,-0.00013461,0,-0.00015999999999999348,-0.0008289296445963811
1771062300000,2026-02-14T09:45:00Z,0.19286,0.19293,0.19263,0.19273,80350.1,15487.976543,0.19293,0.19296,0.19267,0.19273,0.19302,0.19305,0.1928,0.19281,0,-0.0001624,-0.00028267,-0.00028267,-7.999999999999674e-05,-0.0004149162387842785
1771062600000,2026-02-14T09:50:00Z,0.19273,0.19334,0.19273,0.19323,109904.2,21224.525021,0.19273,0.19334,0.19273,0.19328,0.19281,0.1934,0.19281,0.19336,-0.00028267,-0.00012659,-0.00029519,-0.00029519,-0.00012999999999999123,-0.0006723210591642079
1771062900000,2026-02-14T09:55:00Z,0.19323,0.19323,0.19287,0.19289,80263.8,15488.375403,0.19328,0.19328,0.19289,0.19289,0.19336,0.19337,0.193,0.19301,-0.00029519,-0.00052031,-0.00062343,-0.00062343,-0.00011999999999998123,-0.0006217294440701583
1771063200000,2026-02-14T10:00:00Z,0.19289,0.19289,0.1921,0.19222,94939.3,18255.746898,0.19289,0.19289,0.19212,0.19222,0.19301,0.19302,0.19231,0.19238,-0.00062343,-0.00034324,-0.00063537,-0.00063537,-0.00015999999999999348,-0.0008316872855805878
1771063500000,2026-02-14T10:05:00Z,0.19222,0.19238,0.1922,0.19237,41548.2,7989.406207,0.19222,0.19239,0.19222,0.19237,0.19238,0.19255,0.19237,0.19245,-0.00063537,-0.00044743,-0.00046609,-0.00046609,-7.999999999999674e-05,-0.0004156923876331345
1771063800000,2026-02-14T10:10:00Z,0.19237,0.1925,0.19223,0.19234,20146.4,3875.366808,0.19237,0.1925,0.19227,0.19234,0.19245,0.19263,0.19241,0.19246,-0.00046609,-0.00048209,-0.00081631,-0.00048209,-0.00011999999999998123,-0.000623506183102885
1771064100000,2026-02-14T10:15:00Z,0.19234,0.19254,0.19224,0.19245,65731.1,12644.282657,0.19234,0.19254,0.19227,0.19247,0.19246,0.19265,0.1924,0.1926,-0.00048209,-0.00017117,-0.0007192,-0.0007192,-0.00014999999999998348,-0.0007788161993768613
1771064400000,2026-02-14T10:20:00Z,0.19245,0.19245,0.19199,0.19206,139412.7,26786.483584,0.19247,0.19247,0.192,0.19206,0.1926,0.1926,0.19218,0.19219,-0.0007192,-0.00042041,-0.00082704,-0.00042041,-0.00012999999999999123,-0.0006764139653467466
1771064700000,2026-02-14T10:25:00Z,0.19206,0.1923,0.19186,0.19202,513646.2,98704.750103,0.19206,0.19218,0.19186,0.19204,0.19219,0.19225,0.19192,0.19215,-0.00042041,0,-0.00027482,-0.00027482,-0.00012999999999999123,-0.0006765547749153851
1771065000000,2026-02-14T10:30:00Z,0.19202,0.19212,0.19182,0.19182,134933.3,25911.913636,0.19204,0.19212,0.19183,0.19183,0.19215,0.19219,0.19198,0.19199,-0.00027482,-0.00035782,-0.0004443,-0.00035782,-0.00017000000000000348,-0.0008854627845200452
1771065300000,2026-02-14T10:35:00Z,0.19182,0.19212,0.19182,0.19209,18591.1,3569.995622,0.19183,0.19212,0.19183,0.19209,0.19199,0.19226,0.19199,0.1922,-0.00035782,-0.00005972,-0.00044069,-0.00005972,-0.00010999999999999899,-0.0005723204994797033
1771065600000,2026-02-14T10:40:00Z,0.19209,0.19209,0.19181,0.19181,42510.5,8160.083196,0.19209,0.19212,0.19181,0.19181,0.1922,0.19224,0.19194,0.19194,-0.00005972,-0.00005939,-0.00021086,-0.00005939,-0.00012999999999999123,-0.000677294988017043
1771065900000,2026-02-14T10:45:00Z,0.19181,0.19192,0.19155,0.1919,206373.7,39548.9352,0.19181,0.19192,0.19164,0.1919,0.19194,0.19204,0.19181,0.19197,-0.00005939,-0.00034879,-0.00066397,-0.00034879,-7.00000000000145e-05,-0.00036464030838159343
1771066200000,2026-02-14T10:50:00Z,0.1919,0.19204,0.19189,0.19198,62691.9,12034.368545,0.1919,0.19203,0.19189,0.19198,0.19197,0.19212,0.19197,0.19211,-0.00034879,-0.00041239,-0.00051668,-0.00041239,-0.00012999999999999123,-0.0006766956431210829
1771066500000,2026-02-14T10:55:00Z,0.19198,0.19218,0.19193,0.19205,61226.3,11760.012422,0.19198,0.19216,0.19196,0.19212,0.19211,0.1922,0.19209,0.19219,-0.00041239,0,-0.00009416,0,-0.00014000000000000123,-0.0007284458088350135
1771066800000,2026-02-14T11:00:00Z,0.19205,0.1923,0.19205,0.19212,41680.8,8010.75243,0.19212,0.1923,0.19208,0.19218,0.19219,0.19238,0.19216,0.19231,0,-0.00004576,-0.00025182,-0.00025182,-0.00018999999999999573,-0.000987988144142248
1771067100000,2026-02-14T11:05:00Z,0.19212,0.19223,0.19206,0.1921,43849.3,8426.313796,0.19218,0.19219,0.19206,0.19212,0.19231,0.19231,0.19216,0.19224,-0.00025182,0,-0.00048923,0,-0.00014000000000000123,-0.0007282563462338808
1771067400000,2026-02-14T11:10:00Z,0.1921,0.19269,0.19197,0.19258,198608.6,38210.541843,0.19212,0.19269,0.19197,0.19264,0.19224,0.19275,0.19209,0.19275,0,-0.00008919,-0.0005467,-0.0005467,-0.00017000000000000348,-0.0008819714656290713
1771067700000,2026-02-14T11:15:00Z,0.19258,0.19304,0.19242,0.1928,274661.9,52964.862565,0.19264,0.19304,0.19251,0.1928,0.19275,0.19308,0.19264,0.19295,-0.0005467,-0.00058882,-0.0009634,-0.00058882,-0.00015000000000001124,-0.0007774034724022349
1771068000000,2026-02-14T11:20:00Z,0.1928,0.19433,0.19279,0.19419,791925.4,153516.560791,0.1928,0.19428,0.19279,0.19419,0.19295,0.1944,0.19295,0.1943,-0.00058882,0,-0.00009681,0,-0.00010999999999999899,-0.0005661348430262428
1771068300000,2026-02-14T11:25:00Z,0.19419,0.19419,0.19368,0.19402,170827.7,33116.348546,0.19419,0.19419,0.19372,0.19402,0.1943,0.1943,0.19382,0.19414,0,0,-0.00032109,0,-0.00012000000000000899,-0.0006181106418049294
1771068600000,2026-02-14T11:30:00Z,0.19402,0.19426,0.19356,0.1937,240126,46571.923868,0.19402,0.19426,0.19366,0.19372,0.19414,0.19435,0.1938,0.1939,0,-0.00017846,-0.00029293,-0.00029293,-0.00019999999999997797,-0.0010314595152139143
1771068900000,2026-02-14T11:35:00Z,0.1937,0.19378,0.19332,0.19346,143013.9,27676.320463,0.19372,0.19378,0.19338,0.19346,0.1939,0.19391,0.19356,0.19357,-0.00029293,-0.00040891,-0.0005738,-0.0005738,-0.00010999999999999899,-0.0005682698765304489
1771069200000,2026-02-14T11:40:00Z,0.19346,0.19366,0.19345,0.19361,81675.4,15811.043745,0.19346,0.19366,0.19345,0.19363,0.19357,0.19382,0.19357,0.1938,-0.0005738,-0.00018923,-0.00047912,-0.00018923,-0.00018999999999999573,-0.000980392156862723
1771069500000,2026-02-14T11:45:00Z,0.19361,0.19396,0.19358,0.19396,119084,23075.661992,0.19363,0.19396,0.19363,0.19396,0.1938,0.19413,0.1938,0.19413,-0.00018923,-0.00042508,-0.00070445,-0.00042508,-0.00017000000000000348,-0.0008757018492762761
1771069800000,2026-02-14T11:50:00Z,0.19396,0.19439,0.19396,0.19438,282759.1,54923.808212,0.19396,0.19438,0.19396,0.19438,0.19413,0.19456,0.19413,0.19448,-0.00042508,-0.00021843,-0.0004875,-0.0004875,-9.999999999998899e-05,-0.0005141916906622223
1771070100000,2026-02-14T11:55:00Z,0.19438,0.19438,0.1939,0.1941,118218.4,22941.386329,0.19438,0.19438,0.19391,0.19411,0.19448,0.19448,0.19406,0.19424,-0.0004875,-0.00020693,-0.00048878,-0.00048878,-0.00014000000000000123,-0.0007207578253706818
1771070400000,2026-02-14T12:00:00Z,0.1941,0.19416,0.19384,0.19399,295379.3,57307.795345,0.19411,0.19417,0.19388,0.19406,0.19424,0.19429,0.19401,0.19421,-0.00048878,0,-0.00016913,-0.00016913,-0.00021999999999999797,-0.001132794397816786
1771070700000,2026-02-14T12:05:00Z,0.19399,0.19416,0.1939,0.19409,118087.5,22913.732109,0.19406,0.19409,0.19393,0.19409,0.19421,0.19421,0.19409,0.19421,-0.00016913,-0.00008555,-0.00011228,-0.00011228,-0.00011999999999998123,-0.0006178878533545195
1771071000000,2026-02-14T12:10:00Z,0.19409,0.19455,0.19409,0.19455,39323.8,7642.970617,0.19409,0.19455,0.19409,0.19455,0.19421,0.19466,0.19421,0.1946,-0.00011228,0,-0.00023165,-0.00023165,-4.999999999999449e-05,-0.00025693730729699124
1771071300000,2026-02-14T12:15:00Z,0.19455,0.19455,0.19401,0.19417,89967.9,17469.805193,0.19455,0.19455,0.19411,0.19417,0.1946,0.19464,0.19425,0.19427,-0.00023165,-0.00035426,-0.0004087,-0.0004087,-9.999999999998899e-05,-0.000514747516343177
1771071600000,2026-02-14T12:20:00Z,0.19417,0.19434,0.19412,0.19431,71908.1,13968.901067,0.19417,0.19434,0.19413,0.19432,0.19427,0.19447,0.19427,0.19447,-0.0004087,0,-0.00041854,-0.00041854,-0.00015999999999999348,-0.0008227490101300637
1771071900000,2026-02-14T12:25:00Z,0.19431,0.19532,0.19431,0.19445,1600132.4,311873.445602,0.19432,0.19504,0.19432,0.19449,0.19447,0.19514,0.19447,0.19462,-0.00041854,-0.00007007,-0.00031914,-0.00031914,-0.00016999999999997573,-0.0008734970712155777
1771072200000,2026-02-14T12:30:00Z,0.19445,0.19456,0.19417,0.19445,144437.4,28075.398618,0.19449,0.19456,0.19419,0.19447,0.19462,0.19465,0.19435,0.19458,-0.00031914,0,0,0,-0.00012999999999999123,-0.0006681056634802715
1771072500000,2026-02-14T12:35:00Z,0.19445,0.19471,0.19372,0.19403,275186.8,53449.508207,0.19447,0.19471,0.19382,0.19403,0.19458,0.19475,0.1939,0.19408,0,0,-0.00020058,0,-4.999999999999449e-05,-0.0002576257213519914
1771072800000,2026-02-14T12:40:00Z,0.19403,0.19427,0.19384,0.19413,193773.7,37602.723939,0.19403,0.19423,0.19388,0.19421,0.19408,0.19431,0.19395,0.19431,0,0,-0.00005039,-0.00005039,-0.00018000000000001348,-0.0009263547938861277
1771073100000,2026-02-14T12:45:00Z,0.19413,0.1942,0.1934,0.19362,180420.6,34958.271615,0.19421,0.19421,0.19342,0.19362,0.19431,0.19431,0.19358,0.19371,-0.00005039,-0.00039744,-0.00075128,-0.00039744,-9.000000000000674e-05,-0.00046461204893917063
1771073400000,2026-02-14T12:50:00Z,0.19362,0.19392,0.19311,0.1934,383246.4,74144.268566,0.19362,0.19388,0.19318,0.1934,0.19371,0.19394,0.19332,0.19354,-0.00039744,-0.00017536,-0.00031096,-0.00017536,-0.00014000000000000123,-0.0007233646791361023
1771073700000,2026-02-14T12:55:00Z,0.1934,0.19376,0.19313,0.19321,230294.9,44540.475974,0.1934,0.19376,0.19318,0.19323,0.19354,0.19384,0.19335,0.1934,-0.00017536,-0.00009406,-0.000362,-0.000362,-0.00018999999999999573,-0.000982419855222315
1771074000000,2026-02-14T13:00:00Z,0.19321,0.19347,0.1922,0.19232,404070.7,77858.25394,0.19323,0.19347,0.19223,0.19236,0.1934,0.19355,0.19238,0.19253,-0.000362,-0.00049444,-0.00059455,-0.00049444,-0.00021000000000001573,-0.0010907391055940152
1771074300000,2026-02-14T13:05:00Z,0.19232,0.19328,0.19231,0.19328,217889.8,42010.208236,0.19236,0.19328,0.19236,0.19328,0.19253,0.1933,0.19253,0.1933,-0.00049444,0,-0.00013402,0,-1.9999999999992246e-05,-0.00010346611484734737
1771074600000,2026-02-14T13:10:00Z,0.19328,0.19335,0.19304,0.19329,95782.4,18505.50216,0.19328,0.19334,0.19311,0.19329,0.1933,0.19346,0.19325,0.19339,0,-0.00007138,-0.00009365,-0.00009365,-0.00010000000000001674,-0.0005170898185015602
1771074900000,2026-02-14T13:15:00Z,0.19329,0.19358,0.19256,0.1928,432184.9,83492.931714,0.19329,0.19358,0.19264,0.1928,0.19339,0.19366,0.19278,0.19294,-0.00009365,-0.00040201,-0.00049857,-0.00049857,-0.00014000000000000123,-0.0007256141805742782
1771075200000,2026-02-14T13:20:00Z,0.1928,0.19321,0.19231,0.19277,159354,30713.380362,0.1928,0.19321,0.19242,0.19277,0.19294,0.19329,0.19256,0.19283,-0.00049857,-0.00036332,-0.00037136,-0.00037136,-6.0000000000004494e-05,-0.00031115490328270754
1771075500000,2026-02-14T13:25:00Z,0.19277,0.19304,0.19247,0.19257,72383.1,13951.711516,0.19277,0.19304,0.19252,0.19257,0.19283,0.19313,0.19264,0.19266,-0.00037136,-0.00006659,-0.00038124,-0.00038124,-9.000000000000674e-05,-0.0004671441918405831
1771075800000,2026-02-14T13:30:00Z,0.19257,0.19308,0.19231,0.19305,407598.7,78500.172252,0.19257,0.19308,0.1924,0.19305,0.19266,0.19317,0.19254,0.19317,-0.00038124,-0.00024425,-0.00039337,-0.00039337,-0.00012000000000000899,-0.0006212144742972977
1771076100000,2026-02-14T13:35:00Z,0.19305,0.19337,0.19295,0.19311,219017.9,42308.152018,0.19305,0.19337,0.19299,0.19318,0.19317,0.19349,0.19311,0.19334,-0.00039337,-0.00005588,-0.00073684,-0.00073684,-0.00023000000000000798,-0.0011896141512362055
1771076400000,2026-02-14T13:40:00Z,0.19311,0.19313,0.19255,0.1928,72746.2,14025.392246,0.19318,0.19318,0.19255,0.19281,0.19334,0.19334,0.19279,0.193,-0.00073684,-0.00014772,-0.00024869,-0.00024869,-0.00020000000000000573,-0.0010362694300518431
1771076700000,2026-02-14T13:45:00Z,0.1928,0.19343,0.19275,0.1933,165011.4,31859.372925,0.19281,0.19345,0.19278,0.19332,0.193,0.1936,0.19299,0.19347,-0.00024869,-0.00009774,-0.00028843,-0.00028843,-0.00017000000000000348,-0.0008786892024603477
1771077000000,2026-02-14T13:50:00Z,0.1933,0.19357,0.1927,0.19283,282857,54636.214561,0.19332,0.19357,0.19274,0.19287,0.19347,0.19366,0.19288,0.193,-0.00028843,-0.0000943,-0.00019238,-0.00019238,-0.00017000000000000348,-0.0008808290155440595
1771077300000,2026-02-14T13:55:00Z,0.19283,0.19327,0.19283,0.19327,21632.2,4176.025156,0.19287,0.19329,0.19284,0.19327,0.193,0.19338,0.19291,0.19335,-0.00019238,-0.00008,-0.00012017,-0.00008,-7.999999999999674e-05,-0.000413757434703888
1771077600000,2026-02-14T14:00:00Z,0.19327,0.19358,0.19309,0.19349,102924.1,19896.240829,0.19327,0.1936,0.19315,0.1935,0.19335,0.19366,0.19322,0.19356,-0.00008,0,-0.00033648,-0.00033648,-7.00000000000145e-05,-0.00036164496796866344
1771077900000,2026-02-14T14:05:00Z,0.19349,0.19359,0.1932,0.1935,132484.6,25619.907351,0.1935,0.19362,0.19322,0.19354,0.19356,0.19369,0.19328,0.19361,-0.00033648,0,-0.00008316,0,-0.00010999999999999899,-0.0005681524714632457
1771078200000,2026-02-14T14:10:00Z,0.1935,0.19387,0.1935,0.19369,50034.2,9691.500634,0.19354,0.19386,0.19353,0.19369,0.19361,0.19396,0.19361,0.1938,0,0,-0.00033735,0,-0.00010999999999999899,-0.0005675954592363209
1771078500000,2026-02-14T14:15:00Z,0.19369,0.19404,0.19369,0.19391,165691.5,32123.445878,0.19369,0.19401,0.19369,0.19393,0.1938,0.19415,0.1938,0.19408,0,-0.00019649,-0.00024267,-0.00024267,-0.00017000000000000348,-0.0008759274525968852
1771078800000,2026-02-14T14:20:00Z,0.19391,0.19402,0.19328,0.19328,101965.1,19748.500051,0.19393,0.19402,0.19328,0.19328,0.19408,0.1941,0.19345,0.19346,-0.00024267,-0.0008176,-0.00085444,-0.0008176,-0.00017999999999998573,-0.0009304248940348689
1771079100000,2026-02-14T14:25:00Z,0.19328,0.19365,0.19312,0.19356,132471.4,25619.036781,0.19328,0.19365,0.19315,0.19356,0.19346,0.19371,0.19333,0.19371,-0.0008176,-0.00064844,-0.00065627,-0.00064844,-0.00014999999999998348,-0.0007743534148984745
1771079400000,2026-02-14T14:30:00Z,0.19356,0.19407,0.19356,0.19399,300747.1,58289.706504,0.19356,0.19407,0.19356,0.194,0.19371,0.19415,0.19369,0.19415,-0.00064844,-0.00020628,-0.00040982,-0.00020628,-0.00015999999999999348,-0.0008241050733968245
1771079700000,2026-02-14T14:35:00Z,0.19399,0.19472,0.19397,0.19456,248004.9,48233.031566,0.194,0.19473,0.194,0.19459,0.19415,0.19484,0.19413,0.19472,-0.00020628,-0.0003933,-0.00069683,-0.00069683,-0.00015999999999999348,-0.0008216926869350527
1771080000000,2026-02-14T14:40:00Z,0.19456,0.19462,0.19395,0.1941,99827.1,19393.541384,0.19459,0.19459,0.19398,0.19411,0.19472,0.19472,0.19412,0.19425,-0.00069683,0,-0.0002166,-0.0002166,-0.00015000000000001124,-0.00077220077220083
1771080300000,2026-02-14T14:45:00Z,0.1941,0.19422,0.19394,0.19411,139364.1,27045.603681,0.19411,0.19422,0.19395,0.19411,0.19425,0.19427,0.1941,0.19421,-0.0002166,-0.00027694,-0.00043065,-0.00027694,-9.999999999998899e-05,-0.0005149065444621234
1771080600000,2026-02-14T14:50:00Z,0.19411,0.19536,0.19411,0.19514,325423.8,63433.07743,0.19411,0.19536,0.19411,0.19519,0.19421,0.19543,0.19421,0.19531,-0.00027694,-0.00000783,-0.00054635,-0.00000783,-0.00017000000000000348,-0.0008704111412626259
1771080900000,2026-02-14T14:55:00Z,0.19514,0.19615,0.19508,0.19576,731502.6,143196.288427,0.19519,0.19609,0.19518,0.1958,0.19531,0.19616,0.19528,0.19591,-0.00000783,-0.00024294,-0.00030426,-0.00024294,-0.00015000000000001124,-0.0007656576999643266
1771081200000,2026-02-14T15:00:00Z,0.19576,0.19577,0.19497,0.19517,377623.1,73744.773567,0.1958,0.1958,0.19513,0.19517,0.19591,0.19591,0.19522,0.19529,-0.00024294,-0.00017008,-0.00039504,-0.00039504,-0.00011999999999998123,-0.0006144707870345703
1771081500000,2026-02-14T15:05:00Z,0.19517,0.19524,0.19503,0.19518,185743.1,36248.182969,0.19517,0.19524,0.19507,0.19518,0.19529,0.19529,0.19518,0.19518,-0.00039504,0,-0.00015268,0,0.0,0.0
1771081800000,2026-02-14T15:10:00Z,0.19518,0.19518,0.19459,0.19463,177700.6,34618.769874,0.19518,0.19518,0.19461,0.19463,0.19518,0.19521,0.19474,0.19474,0,-0.00002391,-0.00061456,-0.00061456,-0.00010999999999999899,-0.0005648557050426157
1771082100000,2026-02-14T15:15:00Z,0.19463,0.19523,0.19446,0.19499,276197.6,53837.275522,0.19463,0.19523,0.19456,0.19499,0.19474,0.19529,0.1947,0.19512,-0.00061456,0,-0.00025743,0,-0.00012999999999999123,-0.0006662566625665808
1771082400000,2026-02-14T15:20:00Z,0.19499,0.19501,0.19463,0.19484,56218.6,10951.517506,0.19499,0.19501,0.19464,0.19484,0.19512,0.19514,0.19478,0.19496,0,0,-0.00010425,-0.00010425,-0.00011999999999998123,-0.0006155108740253448
1771082700000,2026-02-14T15:25:00Z,0.19484,0.19498,0.19435,0.19448,266950.8,51930.893727,0.19484,0.19498,0.19435,0.19448,0.19496,0.19508,0.19451,0.19462,-0.00010425,-0.00040154,-0.00045379,-0.00040154,-0.00014000000000000123,-0.0007193505292364672
1771083000000,2026-02-14T15:30:00Z,0.19448,0.19459,0.19429,0.19458,191638.4,37261.413468,0.19448,0.19459,0.19435,0.19458,0.19462,0.19472,0.1945,0.19472,-0.00040154,-0.00025923,-0.00069598,-0.00069598,-0.00014000000000000123,-0.0007189811010682068
1771083300000,2026-02-14T15:35:00Z,0.19458,0.19458,0.19423,0.19457,77739.3,15110.077323,0.19458,0.19458,0.19424,0.19457,0.19472,0.19473,0.19439,0.19465,-0.00069598,-0.00052553,-0.00058354,-0.00058354,-7.999999999999674e-05,-0.00041099409195991134
1771083600000,2026-02-14T15:40:00Z,0.19457,0.19534,0.19437,0.19503,250205.6,48729.960841,0.19457,0.19534,0.19439,0.19503,0.19465,0.19542,0.19453,0.19508,-0.00058354,-0.00012325,-0.00044636,-0.00044636,-4.999999999999449e-05,-0.00025630510559767526
1771083900000,2026-02-14T15:45:00Z,0.19503,0.19509,0.19472,0.19508,161323.4,31447.560436,0.19503,0.19513,0.19478,0.19508,0.19508,0.19525,0.19491,0.19514,-0.00044636,-0.0000226,-0.00027689,-0.00027689,-6.0000000000004494e-05,-0.00030747155888082657
1771084200000,2026-02-14T15:50:00Z,0.19508,0.19536,0.19483,0.19509,399742,77967.386323,0.19508,0.19536,0.19494,0.19511,0.19514,0.19542,0.19503,0.19523,-0.00027689,0,-0.00013479,0,-0.00013999999999997348,-0.0007171029042666265
1771084500000,2026-02-14T15:55:00Z,0.19509,0.19621,0.19491,0.19609,468263.8,91658.719163,0.19511,0.19621,0.195,0.19609,0.19523,0.19626,0.19511,0.19612,0,-0.00028034,-0.00047762,-0.00047762,-3.0000000000002247e-05,-0.00015296757087498598
1771084800000,2026-02-14T16:00:00Z,0.19609,0.1962,0.19544,0.19578,213135.2,41721.112456,0.19609,0.1962,0.19552,0.19578,0.19612,0.19625,0.19562,0.19583,-0.00047762,-0.00001267,-0.00003618,-0.00003618,-4.999999999999449e-05,-0.00025532349486796964
1771085100000,2026-02-14T16:05:00Z,0.19578,0.19578,0.19546,0.19558,93444.8,18275.387154,0.19578,0.19578,0.19546,0.19557,0.19583,0.19583,0.19561,0.1957,-0.00003618,-0.00038224,-0.00041628,-0.00041628,-0.00012000000000000899,-0.0006131834440470566
1771085400000,2026-02-14T16:10:00Z,0.19558,0.19624,0.19557,0.19572,214095.6,41941.111375,0.19557,0.19624,0.19557,0.19572,0.1957,0.19629,0.1957,0.19578,-0.00041628,0,-0.00065994,-0.00065994,-6.0000000000004494e-05,-0.00030646644192463217
1771085700000,2026-02-14T16:15:00Z,0.19572,0.19582,0.19517,0.19549,362800.2,70914.385895,0.19572,0.19582,0.19527,0.1955,0.19578,0.19589,0.19537,0.19563,-0.00065994,0,-0.00062845,0,-0.00014000000000000123,-0.0007156366610438135
1771086000000,2026-02-14T16:20:00Z,0.19549,0.19552,0.19456,0.19467,246711.3,48052.946383,0.1955,0.19552,0.19474,0.19474,0.19563,0.19563,0.19488,0.19488,0,-0.00002126,-0.00053725,-0.00053725,-0.00020999999999998797,-0.0010775862068964901
1771086300000,2026-02-14T16:25:00Z,0.19467,0.19532,0.19467,0.19508,258157.5,50362.829926,0.19474,0.19532,0.19473,0.19508,0.19488,0.19538,0.19488,0.19522,-0.00053725,-0.00013436,-0.00036622,-0.00013436,-0.00014000000000000123,-0.0007171396373322469
1771086600000,2026-02-14T16:30:00Z,0.19508,0.19543,0.19443,0.19526,176009.1,34308.31233,0.19508,0.19542,0.1945,0.19528,0.19522,0.19547,0.1947,0.19537,-0.00013436,0,-0.00005751,-0.00005751,-0.00010999999999999899,-0.0005630342427189384
1771086900000,2026-02-14T16:35:00Z,0.19526,0.19567,0.19479,0.19567,377686.2,73736.744907,0.19528,0.19567,0.1949,0.19567,0.19537,0.19577,0.19501,0.19577,-0.00005751,-0.00063416,-0.00070585,-0.00063416,-9.999999999998899e-05,-0.000510803493895842
1771087200000,2026-02-14T16:40:00Z,0.19567,0.19677,0.19558,0.19664,198607.9,38956.049199,0.19567,0.19677,0.19561,0.19668,0.19577,0.1969,0.19577,0.19684,-0.00063416,0,-0.00134415,0,-0.00019999999999997797,-0.001016053647632483
1771087500000,2026-02-14T16:45:00Z,0.19664,0.197,0.19619,0.19679,171406.4,33684.89813,0.19668,0.19699,0.19622,0.19686,0.19684,0.19714,0.1964,0.19702,0,-0.00053398,-0.000876,-0.000876,-0.00023000000000000798,-0.0011673941731804283
1771087800000,2026-02-14T16:50:00Z,0.19679,0.19779,0.19673,0.1976,332874.6,65644.464716,0.19686,0.19779,0.1968,0.1976,0.19702,0.19797,0.19697,0.19772,-0.000876,-0.0002701,-0.00048635,-0.00048635,-0.00012000000000000899,-0.0006069188751770634
1771088100000,2026-02-14T16:55:00Z,0.1976,0.19815,0.19759,0.1978,283017,55986.400282,0.1976,0.19813,0.19759,0.1978,0.19772,0.19826,0.19772,0.19788,-0.00048635,-0.00034682,-0.00046742,-0.00046742,-7.999999999999674e-05,-0.0004042854255103939
1771088400000,2026-02-14T17:00:00Z,0.1978,0.19818,0.1972,0.19721,604701.9,119611.641918,0.1978,0.19817,0.19722,0.19722,0.19788,0.19828,0.19745,0.19745,-0.00046742,-0.00053659,-0.00120549,-0.00120549,-0.00023999999999999022,-0.0012154975943276284
1771088700000,2026-02-14T17:05:00Z,0.19721,0.19753,0.19673,0.19728,186065.3,36669.849966,0.19722,0.19753,0.19689,0.19731,0.19745,0.19763,0.19693,0.19744,-0.00120549,-0.0000568,-0.00043931,-0.0000568,-0.00015999999999999348,-0.0008103727714748454
1771089000000,2026-02-14T17:10:00Z,0.19728,0.19794,0.19728,0.19777,115882.5,22901.204787,0.19731,0.19794,0.19731,0.19783,0.19744,0.1981,0.19744,0.19798,-0.0000568,-0.00056484,-0.00058018,-0.00056484,-0.00020999999999998797,-0.0010607132033538134
1771089300000,2026-02-14T17:15:00Z,0.19777,0.19807,0.19757,0.19802,140669.7,27826.100343,0.19783,0.19807,0.19767,0.19803,0.19798,0.19811,0.1978,0.19811,-0.00056484,-0.00012515,-0.00016773,-0.00012515,-9.000000000000674e-05,-0.00045429306950687365
1771089600000,2026-02-14T17:20:00Z,0.19802,0.19886,0.19789,0.19829,476017.6,94455.724739,0.19803,0.1988,0.19795,0.19829,0.19811,0.19884,0.19804,0.19835,-0.00012515,0,-0.00032262,-0.00032262,-6.0000000000004494e-05,-0.00030249558860602217
1771089900000,2026-02-14T17:25:00Z,0.19829,0.19859,0.19823,0.19826,69799.3,13851.2774,0.19829,0.19859,0.19826,0.19826,0.19835,0.1987,0.19835,0.19839,-0.00032262,-0.00019835,-0.00032576,-0.00019835,-0.000130000000000019,-0.000655274963455915
1771090200000,2026-02-14T17:30:00Z,0.19826,0.19861,0.198,0.19803,142336.7,28225.355596,0.19826,0.19861,0.19814,0.19814,0.19839,0.19874,0.19838,0.19838,-0.00019835,-0.00033328,-0.00075549,-0.00033328,-0.0003499999999999892,-0.0017642907551163889
1771090500000,2026-02-14T17:35:00Z,0.19803,0.19805,0.19674,0.19733,202967.7,40040.947963,0.19814,0.19814,0.19676,0.19733,0.19838,0.19838,0.19702,0.19735,-0.00033328,-0.00016883,-0.00079386,-0.00016883,-1.9999999999992246e-05,-0.00010134279199388014
1771090800000,2026-02-14T17:40:00Z,0.19733,0.19733,0.19672,0.19684,230183.3,45342.505185,0.19733,0.19733,0.19676,0.19684,0.19735,0.19738,0.19693,0.19701,-0.00016883,-0.00015971,-0.00060464,-0.00015971,-0.00017000000000000348,-0.0008629003603878153
1771091100000,2026-02-14T17:45:00Z,0.19684,0.19687,0.19611,0.19624,319727.8,62794.734275,0.19684,0.19687,0.19611,0.19624,0.19701,0.19702,0.19632,0.19645,-0.00015971,-0.00076689,-0.00086878,-0.00076689,-0.00021000000000001573,-0.001068974293713493
1771091400000,2026-02-14T17:50:00Z,0.19624,0.19657,0.19621,0.19657,97962.1,19243.351148,0.19624,0.19657,0.19624,0.19657,0.19645,0.19674,0.19645,0.19668,-0.00076689,-0.00078572,-0.00099089,-0.00099089,-0.00010999999999999899,-0.0005592841163310911
1771091700000,2026-02-14T17:55:00Z,0.19657,0.19657,0.19615,0.1963,135950.1,26687.48647,0.19657,0.19657,0.19621,0.1963,0.19668,0.19672,0.19643,0.19645,-0.00099089,-0.00080734,-0.00111193,-0.00111193,-0.00015000000000001124,-0.0007635530669382094
1771092000000,2026-02-14T18:00:00Z,0.1963,0.19694,0.1961,0.19674,131225.7,25782.790226,0.1963,0.19701,0.1961,0.19692,0.19645,0.1971,0.19629,0.19703,-0.00111193,0,-0.00048027,-0.00048027,-0.00029000000000001247,-0.0014718570776024588
1771092300000,2026-02-14T18:05:00Z,0.19674,0.197,0.19667,0.19673,102206.5,20115.678454,0.19692,0.197,0.19671,0.19685,0.19703,0.19714,0.19688,0.19705,-0.00048027,-0.00031317,-0.00059549,-0.00031317,-0.0003200000000000147,-0.0016239533113423736
1771092600000,2026-02-14T18:10:00Z,0.19673,0.19722,0.19664,0.19717,67804.6,13359.763605,0.19685,0.19727,0.19673,0.19721,0.19705,0.19742,0.19694,0.19737,-0.00031317,-0.00026245,-0.00091322,-0.00026245,-0.00019999999999997797,-0.001013325226731408
1771092900000,2026-02-14T18:15:00Z,0.19717,0.19744,0.19699,0.19739,153377.6,30260.266385,0.19721,0.19746,0.19705,0.19739,0.19737,0.19765,0.19724,0.19762,-0.00026245,-0.0008905,-0.00107228,-0.00107228,-0.00022999999999998022,-0.0011638498127718867
1771093200000,2026-02-14T18:20:00Z,0.19739,0.19787,0.19709,0.19765,274428,54179.338043,0.19739,0.19787,0.1972,0.19769,0.19762,0.19801,0.19742,0.19791,-0.00107228,-0.0002179,-0.00078393,-0.00078393,-0.0002600000000000102,-0.0013137284624324705
1771093500000,2026-02-14T18:25:00Z,0.19765,0.19767,0.19703,0.19728,239961.2,47333.01693,0.19769,0.1977,0.19713,0.19732,0.19791,0.19792,0.19742,0.19759,-0.00078393,-0.00083193,-0.00103181,-0.00083193,-0.00030999999999997696,-0.0015689053089730097
1771093800000,2026-02-14T18:30:00Z,0.19728,0.19754,0.19708,0.19734,164681.8,32490.070411,0.19732,0.19754,0.1971,0.1974,0.19759,0.19775,0.19738,0.19763,-0.00083193,-0.0006941,-0.0008693,-0.0008693,-0.00029000000000001247,-0.001467388554369339
1771094100000,2026-02-14T18:35:00Z,0.19734,0.19758,0.19719,0.19749,112031,22112.988341,0.1974,0.19758,0.19729,0.19749,0.19763,0.19774,0.19754,0.19769,-0.0008693,-0.00043183,-0.00091709,-0.00091709,-0.00020000000000000573,-0.0010116849613030791
1771094400000,2026-02-14T18:40:00Z,0.19749,0.19779,0.19736,0.19736,368126,72712.252565,0.19749,0.19779,0.19745,0.19745,0.19769,0.19802,0.19767,0.19767,-0.00091709,-0.00113242,-0.00122368,-0.00113242,-0.0003100000000000047,-0.0015682703495725435
1771094700000,2026-02-14T18:45:00Z,0.19736,0.19804,0.1973,0.19785,195441.3,38654.472477,0.19745,0.19804,0.19734,0.19785,0.19767,0.19819,0.19756,0.19801,-0.00113242,-0.00091762,-0.00098869,-0.00098869,-0.00015999999999999348,-0.0008080399979798671
1771095000000,2026-02-14T18:50:00Z,0.19785,0.19793,0.1973,0.19749,260715.1,51473.734769,0.19785,0.19793,0.19744,0.19749,0.19801,0.19812,0.19771,0.19774,-0.00098869,-0.00092763,-0.00107054,-0.00092763,-0.0002500000000000002,-0.0012642864367351078
1771095300000,2026-02-14T18:55:00Z,0.19749,0.19772,0.19744,0.19772,139076.1,27471.593568,0.19749,0.19772,0.19746,0.19772,0.19774,0.19789,0.19771,0.19789,-0.00092763,-0.00091132,-0.00122216,-0.00091132,-0.00017000000000000348,-0.000859063115872472
1771095600000,2026-02-14T19:00:00Z,0.19772,0.1978,0.19724,0.19767,172771.2,34134.853403,0.19772,0.1978,0.19732,0.19776,0.19789,0.19791,0.19756,0.19791,-0.00091132,-0.00052001,-0.00060124,-0.00052001,-0.00023999999999999022,-0.0012126724268606448
1771095900000,2026-02-14T19:05:00Z,0.19767,0.1981,0.19757,0.19779,313704.7,62067.11343,0.19776,0.19812,0.19761,0.19794,0.19791,0.19829,0.1978,0.19812,-0.00052001,0,-0.00015502,-0.00015502,-0.00032999999999999696,-0.0016656571774681858
1771096200000,2026-02-14T19:10:00Z,0.19779,0.19801,0.19758,0.1976,133391.3,26388.596988,0.19794,0.19801,0.19759,0.1976,0.19812,0.19815,0.19783,0.19783,-0.00015502,-0.00085725,-0.00095775,-0.00085725,-0.00023000000000000798,-0.0011626143658697264
1771096500000,2026-02-14T19:15:00Z,0.1976,0.19795,0.19683,0.19792,296189.4,58424.945536,0.1976,0.19796,0.19683,0.19796,0.19783,0.19807,0.19704,0.19807,-0.00085725,-0.00017824,-0.00039683,-0.00039683,-0.00014999999999998348,-0.0007573080224162341
1771096800000,2026-02-14T19:20:00Z,0.19792,0.19821,0.19756,0.19812,221535.5,43840.35004,0.19796,0.19819,0.19762,0.19812,0.19807,0.1983,0.19788,0.19826,-0.00039683,-0.00066831,-0.00123514,-0.00066831,-0.00014000000000000123,-0.0007061434479975852
1771097100000,2026-02-14T19:25:00Z,0.19812,0.19928,0.19803,0.1988,352764.4,70156.23934,0.19812,0.19915,0.19805,0.19883,0.19826,0.19932,0.19826,0.19904,-0.00066831,-0.00043808,-0.000619,-0.000619,-0.00023999999999999022,-0.0012057877813504332
1771097400000,2026-02-14T19:30:00Z,0.1988,0.1996,0.19872,0.19947,219710.5,43743.487238,0.19883,0.1996,0.19876,0.1995,0.19904,0.19976,0.19901,0.19967,-0.000619,-0.00029498,-0.00055929,-0.00029498,-0.00019999999999997797,-0.001001652726999439
1771097700000,2026-02-14T19:35:00Z,0.19947,0.19947,0.1987,0.19885,235866.2,46921.202813,0.1995,0.1995,0.19876,0.19885,0.19967,0.19967,0.19899,0.19899,-0.00029498,-0.00035398,-0.0007196,-0.0007196,-0.00014000000000000123,-0.0007035529423589187
1771098000000,2026-02-14T19:40:00Z,0.19885,0.19905,0.19871,0.19878,92494,18395.208521,0.19885,0.19905,0.19871,0.19878,0.19899,0.19921,0.19894,0.19899,-0.0007196,-0.00072999,-0.00073798,-0.00072999,-0.00020999999999998797,-0.0010553294135383082
1771098300000,2026-02-14T19:45:00Z,0.19878,0.19972,0.19868,0.1996,195191.4,38872.862965,0.19878,0.19972,0.19869,0.19962,0.19899,0.19985,0.19894,0.19979,-0.00072999,-0.00045144,-0.00055812,-0.00045144,-0.00018999999999999573,-0.0009509985484758783
1771098600000,2026-02-14T19:50:00Z,0.1996,0.20001,0.19942,0.19988,151961.8,30365.262106,0.19962,0.20003,0.19942,0.19992,0.19979,0.20019,0.19959,0.20011,-0.00045144,-0.00038999,-0.00088085,-0.00088085,-0.00023000000000000798,-0.0011493678476838136
1771098900000,2026-02-14T19:55:00Z,0.19988,0.19988,0.1994,0.19966,147645,29474.450877,0.19992,0.19992,0.19946,0.19966,0.20011,0.20012,0.19969,0.19991,-0.00088085,-0.00063321,-0.00077334,-0.00077334,-0.0002500000000000002,-0.0012505627532389586
1771099200000,2026-02-14T20:00:00Z,0.19966,0.20058,0.19966,0.20018,413449,82786.103624,0.19966,0.20058,0.19966,0.20023,0.19991,0.20073,0.19991,0.20042,-0.00077334,-0.0003041,-0.00037686,-0.0003041,-0.00023999999999999022,-0.00119748528091004
1771099500000,2026-02-14T20:05:00Z,0.20018,0.20026,0.19857,0.19874,290145.6,57887.874321,0.20023,0.20029,0.19863,0.19874,0.20042,0.20048,0.19883,0.1989,-0.0003041,-0.00022312,-0.00122789,-0.00122789,-0.00015999999999999348,-0.0008044243338360658
1771099800000,2026-02-14T20:10:00Z,0.19874,0.19898,0.1985,0.19873,468748.2,93173.809954,0.19874,0.19896,0.19855,0.19882,0.1989,0.19916,0.19873,0.19899,-0.00122789,-0.00047048,-0.00047402,-0.00047402,-0.0002600000000000102,-0.001306598321523746
1771100100000,2026-02-14T20:15:00Z,0.19873,0.19902,0.19793,0.19796,553368,109861.176729,0.19882,0.19903,0.19798,0.19798,0.19899,0.19922,0.19827,0.1983,-0.00047402,-0.00090719,-0.00147134,-0.00147134,-0.00034000000000000696,-0.001714573877962718
1771100400000,2026-02-14T20:20:00Z,0.19796,0.19821,0.19732,0.19821,319689.6,63250.624738,0.19798,0.19822,0.19738,0.19821,0.1983,0.19839,0.19768,0.19838,-0.00147134,-0.00041727,-0.00044462,-0.00044462,-0.00017000000000000348,-0.0008569412239137186
1771100700000,2026-02-14T20:25:00Z,0.19821,0.1988,0.19798,0.1981,349852.5,69419.090329,0.19821,0.1988,0.19809,0.19816,0.19838,0.19894,0.19828,0.19837,-0.00044462,0,-0.00113731,-0.00113731,-0.00026999999999999247,-0.0013610929071935902
1771101000000,2026-02-14T20:30:00Z,0.1981,0.19838,0.1979,0.19815,112921.7,22378.030477,0.19816,0.19838,0.19797,0.19815,0.19837,0.19847,0.19814,0.1983,-0.00113731,-0.0002053,-0.00085554,-0.00085554,-0.00015000000000001124,-0.0007564296520424167
1771101300000,2026-02-14T20:35:00Z,0.19815,0.19825,0.19748,0.19787,110209,21791.140502,0.19815,0.19825,0.19753,0.19788,0.1983,0.19838,0.19776,0.1981,-0.00085554,-0.00088795,-0.00089022,-0.00089022,-0.00023000000000000798,-0.0011610297829379504
1771101600000,2026-02-14T20:40:00Z,0.19787,0.19808,0.19766,0.19778,89061.8,17620.227668,0.19788,0.19808,0.19771,0.19778,0.1981,0.19826,0.19793,0.19801,-0.00089022,-0.00070838,-0.00104532,-0.00070838,-0.00022999999999998022,-0.0011615574970960064
1771101900000,2026-02-14T20:45:00Z,0.19778,0.19808,0.19777,0.19782,198838.3,39344.546666,0.19778,0.19808,0.19777,0.19786,0.19801,0.1983,0.19801,0.1981,-0.00070838,-0.00065061,-0.00077158,-0.00077158,-0.00028000000000000247,-0.0014134275618374683
1771102200000,2026-02-14T20:50:00Z,0.19782,0.19811,0.19768,0.1981,74839.8,14811.268507,0.19786,0.19816,0.19768,0.19816,0.1981,0.19838,0.1979,0.19834,-0.00077158,-0.00048456,-0.00052561,-0.00052561,-0.00023999999999999022,-0.0012100433598870135
1771102500000,2026-02-14T20:55:00Z,0.1981,0.19864,0.19809,0.19859,171743.4,34053.884555,0.19816,0.19864,0.19816,0.19863,0.19834,0.19883,0.19834,0.19883,-0.00052561,-0.0002438,-0.00065334,-0.0002438,-0.00024000000000001798,-0.001207061308655726
1771102800000,2026-02-14T21:00:00Z,0.19859,0.19931,0.19855,0.1989,381242.8,75882.306547,0.19863,0.19931,0.19863,0.1989,0.19883,0.19943,0.19883,0.1991,-0.0002438,-0.00035249,-0.00053943,-0.00053943,-0.00020000000000000573,-0.0010045203415369448
1771103100000,2026-02-14T21:05:00Z,0.1989,0.19981,0.19884,0.19968,743100,148126.618274,0.1989,0.19981,0.19888,0.19968,0.1991,0.19994,0.1991,0.19983,-0.00053943,-0.00026124,-0.00063974,-0.00026124,-0.00015000000000001124,-0.0007506380423360418
1771103400000,2026-02-14T21:10:00Z,0.19968,0.19968,0.19899,0.19937,162823.6,32446.855946,0.19968,0.19968,0.19911,0.19942,0.19983,0.19986,0.19932,0.19963,-0.00026124,-0.00052229,-0.00084017,-0.00084017,-0.0002600000000000102,-0.0013024094574964195
1771103700000,2026-02-14T21:15:00Z,0.19937,0.19975,0.1992,0.19974,174718.9,34842.360583,0.19942,0.19975,0.19925,0.19974,0.19963,0.1999,0.19945,0.19989,-0.00084017,-0.00028801,-0.00051874,-0.00028801,-0.00015000000000001124,-0.0007504127269999061
1771104000000,2026-02-14T21:20:00Z,0.19974,0.19977,0.19876,0.19876,340116.8,67785.674794,0.19974,0.19974,0.19876,0.19876,0.19989,0.19991,0.19902,0.19904,-0.00028801,-0.00093841,-0.00106289,-0.00093841,-0.00028000000000000247,-0.001406752411575575
1771104300000,2026-02-14T21:25:00Z,0.19876,0.19915,0.19857,0.19875,224702.9,44664.58318,0.19876,0.19913,0.19859,0.19875,0.19904,0.19924,0.19878,0.19892,-0.00093841,-0.0004462,-0.00083487,-0.00083487,-0.00017000000000000348,-0.0008546149205711013
1771104600000,2026-02-14T21:30:00Z,0.19875,0.19885,0.19768,0.19784,411728.1,81635.334464,0.19875,0.19884,0.19774,0.19784,0.19892,0.19904,0.19799,0.19804,-0.00083487,-0.00081129,-0.00106036,-0.00106036,-0.00020000000000000573,-0.0010098969905069973
1771104900000,2026-02-14T21:35:00Z,0.19784,0.1979,0.19713,0.19744,220148.2,43487.859784,0.19784,0.1979,0.19724,0.19747,0.19804,0.19807,0.19743,0.19772,-0.00106036,-0.00024874,-0.00079229,-0.00024874,-0.00028000000000000247,-0.001416144042079721
1771105200000,2026-02-14T21:40:00Z,0.19744,0.19806,0.19734,0.19799,293053.4,57916.096195,0.19747,0.19806,0.19736,0.198,0.19772,0.19821,0.1976,0.19819,-0.00024874,-0.00036627,-0.00048246,-0.00048246,-0.00020000000000000573,-0.0010091326504869354
1771105500000,2026-02-14T21:45:00Z,0.19799,0.19821,0.19779,0.1978,85146.8,16857.671575,0.198,0.19821,0.19786,0.19786,0.19819,0.19836,0.1981,0.1981,-0.00048246,-0.00032069,-0.00075942,-0.00032069,-0.0002999999999999947,-0.0015143866733972474
1771105800000,2026-02-14T21:50:00Z,0.1978,0.1984,0.19756,0.19839,60491.6,11968.887017,0.19786,0.1984,0.19767,0.1984,0.1981,0.19854,0.1979,0.19854,-0.00032069,-0.00007309,-0.00057746,-0.00007309,-0.00014999999999998348,-0.0007555152614081973
1771106100000,2026-02-14T21:55:00Z,0.19839,0.19839,0.198,0.19813,69537.8,13777.65844,0.1984,0.19841,0.19808,0.19813,0.19854,0.19855,0.19827,0.1983,-0.00007309,-0.00062794,-0.00085641,-0.00085641,-0.00017000000000000348,-0.000857286938981359
1771106400000,2026-02-14T22:00:00Z,0.19813,0.19856,0.19798,0.19854,146522.4,29056.154667,0.19813,0.19856,0.19798,0.19854,0.1983,0.19874,0.19818,0.19874,-0.00085641,-0.00038109,-0.00100256,-0.00100256,-0.00020000000000000573,-0.0010063399416323122
1771106700000,2026-02-14T22:05:00Z,0.19854,0.19896,0.19854,0.19864,92103,18306.483723,0.19854,0.19896,0.19854,0.19865,0.19874,0.19915,0.19874,0.19889,-0.00100256,-0.00043784,-0.0004621,-0.0004621,-0.0002500000000000002,-0.0012569762180099564
1771107000000,2026-02-14T22:10:00Z,0.19864,0.19942,0.19857,0.19927,101654.3,20223.091484,0.19865,0.19943,0.19859,0.19929,0.19889,0.19956,0.19882,0.19946,-0.0004621,0,-0.0003293,-0.0003293,-0.00018999999999999573,-0.0009525719442494522
1771107300000,2026-02-14T22:15:00Z,0.19927,0.19939,0.19844,0.1987,150309.2,29878.59321,0.19929,0.19939,0.1985,0.1987,0.19946,0.19948,0.19871,0.19881,-0.0003293,0,0,0,-0.00010999999999999899,-0.0005532920879231377
1771107600000,2026-02-14T22:20:00Z,0.1987,0.19885,0.19814,0.19847,46520.3,9237.149686,0.1987,0.19885,0.19821,0.19847,0.19881,0.19893,0.19848,0.19868,0,-0.00033593,-0.00062258,-0.00033593,-0.00020999999999998797,-0.0010569760418763236
1771107900000,2026-02-14T22:25:00Z,0.19847,0.19887,0.19837,0.19875,38502.6,7648.847956,0.19847,0.19887,0.19841,0.19875,0.19868,0.19903,0.19864,0.19897,-0.00033593,0,-0.00058961,0,-0.00021999999999999797,-0.0011056943257777452
1771108200000,2026-02-14T22:30:00Z,0.19875,0.19915,0.19875,0.19893,96887.8,19267.029322,0.19875,0.19915,0.19875,0.19902,0.19897,0.19927,0.19895,0.19921,0,0,-0.00071674,-0.00071674,-0.00028000000000000247,-0.0014055519301240022
1771108500000,2026-02-14T22:35:00Z,0.19893,0.20023,0.19893,0.20011,101262.5,20236.281128,0.19902,0.20023,0.19902,0.20011,0.19921,0.20038,0.19921,0.20016,-0.00071674,0,-0.00035747,-0.00035747,-4.999999999999449e-05,-0.0002498001598720748
1771108800000,2026-02-14T22:40:00Z,0.20011,0.20015,0.19969,0.19975,47807.3,9553.255933,0.20011,0.20014,0.19977,0.19979,0.20016,0.20024,0.19996,0.19997,-0.00035747,0,0,0,-0.00021999999999999797,-0.001100165024753703
1771109100000,2026-02-14T22:45:00Z,0.19975,0.19995,0.19962,0.19981,17532.8,3502.681526,0.19979,0.19995,0.19966,0.19981,0.19997,0.20017,0.1999,0.19991,0,-0.00056385,-0.00072211,-0.00072211,-0.00010000000000001674,-0.0005002251012956667
1771109400000,2026-02-14T22:50:00Z,0.19981,0.1999,0.19918,0.19922,31113,6208.413721,0.19981,0.1999,0.19923,0.19923,0.19991,0.20003,0.19945,0.19945,-0.00072211,-0.00037619,-0.00061803,-0.00037619,-0.00022999999999998022,-0.0011531712208572586
1771109700000,2026-02-14T22:55:00Z,0.19922,0.19939,0.19875,0.19879,96763.6,19262.268999,0.19923,0.19939,0.19878,0.19879,0.19945,0.19956,0.19891,0.19891,-0.00037619,-0.00050701,-0.00059869,-0.00059869,-0.00012000000000000899,-0.000603287919159464
1771110000000,2026-02-14T23:00:00Z,0.19879,0.19899,0.19845,0.19875,136871.4,27192.088895,0.19879,0.19898,0.19853,0.19875,0.19891,0.19911,0.19871,0.19889,-0.00059869,0,-0.00096513,-0.00096513,-0.00014000000000000123,-0.0007039066820855811
1771110300000,2026-02-14T23:05:00Z,0.19875,0.1991,0.19866,0.19866,290473.7,57781.27319,0.19875,0.19913,0.19869,0.19869,0.19889,0.19926,0.19888,0.19888,-0.00096513,-0.00040676,-0.00048449,-0.00048449,-0.00021999999999999797,-0.0011061946902654765
1771110600000,2026-02-14T23:10:00Z,0.19866,0.19885,0.19833,0.19867,87849.5,17441.338691,0.19869,0.19885,0.19833,0.19867,0.19888,0.19898,0.19851,0.1988,-0.00048449,-0.00025992,-0.0005213,-0.00025992,-0.00012999999999999123,-0.0006539235412474408
1771110900000,2026-02-14T23:15:00Z,0.19867,0.19906,0.1977,0.19802,255693.4,50799.524833,0.19867,0.19905,0.19775,0.19802,0.1988,0.19912,0.19793,0.19806,-0.00025992,-0.00004093,-0.0009578,-0.0009578,-4.000000000001225e-05,-0.00020195900232259034
1771111200000,2026-02-14T23:20:00Z,0.19802,0.19811,0.19728,0.19749,197060.4,38963.126521,0.19802,0.19811,0.1973,0.1975,0.19806,0.19819,0.19748,0.19769,-0.0009578,-0.00038442,-0.00044022,-0.00038442,-0.00020000000000000573,-0.0010116849613030791
1771111500000,2026-02-14T23:25:00Z,0.19749,0.19776,0.19742,0.19761,84847.5,16762.5994,0.1975,0.19776,0.19745,0.19761,0.19769,0.19792,0.19763,0.19776,-0.00038442,-0.00038877,-0.00047176,-0.00047176,-0.00014999999999998348,-0.0007584951456309845
1771111800000,2026-02-14T23:30:00Z,0.19761,0.19795,0.19725,0.19747,201515.3,39815.829995,0.19761,0.19794,0.19734,0.19747,0.19776,0.19808,0.19756,0.19767,-0.00047176,-0.00054728,-0.00058726,-0.00054728,-0.00020000000000000573,-0.0010117873223048804
1771112100000,2026-02-14T23:35:00Z,0.19747,0.19747,0.19692,0.19735,121517.8,23959.24955,0.19747,0.19747,0.19692,0.19735,0.19767,0.19767,0.19715,0.19749,-0.00054728,-0.00015894,-0.00070491,-0.00070491,-0.00014000000000000123,-0.0007088966529950946
1771112400000,2026-02-14T23:40:00Z,0.19735,0.19754,0.19728,0.19737,67490.6,13320.646231,0.19735,0.19753,0.19733,0.1974,0.19749,0.19767,0.19749,0.1976,-0.00070491,-0.00042577,-0.00057716,-0.00057716,-0.00023000000000000798,-0.0011639676113360728
1771112700000,2026-02-14T23:45:00Z,0.19737,0.1975,0.19733,0.19738,55078.1,10873.145128,0.1974,0.19753,0.19735,0.19744,0.1976,0.19769,0.19756,0.1976,-0.00057716,-0.00045464,-0.00054732,-0.00045464,-0.00021999999999999797,-0.0011133603238866294
1771113000000,2026-02-14T23:50:00Z,0.19738,0.1974,0.19702,0.1971,103028.3,20320.382609,0.19744,0.19744,0.19709,0.1971,0.1976,0.1976,0.19724,0.19729,-0.00045464,-0.00036744,-0.00110506,-0.00110506,-0.00018999999999999573,-0.0009630493182624346
1771113300000,2026-02-14T23:55:00Z,0.1971,0.19724,0.19692,0.1971,117492.6,23154.123351,0.1971,0.19724,0.19692,0.1971,0.19729,0.1974,0.19713,0.19721,-0.00110506,-0.00034106,-0.00097329,-0.00034106,-0.00010999999999999899,-0.0005577810455859185
1771113600000,2026-02-15T00:00:00Z,0.1971,0.19739,0.19697,0.19716,167299.6,32994.578528,0.1971,0.19739,0.19697,0.19716,0.19721,0.19745,0.19712,0.19731,-0.00034106,0,-0.00010977,-0.00010977,-0.00015000000000001124,-0.0007602250266079329
1771113900000,2026-02-15T00:05:00Z,0.19716,0.1976,0.19669,0.1968,368225.7,72624.853277,0.19716,0.19755,0.19671,0.1968,0.19731,0.19759,0.19693,0.19702,-0.00010977,-0.00028167,-0.00084164,-0.00028167,-0.00021999999999999797,-0.0011166379047812302
1771114200000,2026-02-15T00:10:00Z,0.1968,0.19708,0.19632,0.19637,148857.5,29262.230528,0.1968,0.19708,0.19638,0.19638,0.19702,0.19716,0.19662,0.19663,-0.00028167,-0.00048528,-0.00111882,-0.00048528,-0.0002600000000000102,-0.0013222804251640655
1771114500000,2026-02-15T00:15:00Z,0.19637,0.19664,0.19588,0.19645,257674.2,50562.749052,0.19638,0.19664,0.19596,0.19645,0.19663,0.19678,0.19618,0.19665,-0.00048528,-0.00097398,-0.0012548,-0.00097398,-0.00019999999999997797,-0.0010170353419780218
1771114800000,2026-02-15T00:20:00Z,0.19645,0.19657,0.19581,0.19587,188373.8,36944.145708,0.19645,0.19657,0.19585,0.19587,0.19665,0.19676,0.19608,0.1961,-0.00097398,-0.00012095,-0.0006524,-0.00012095,-0.00023000000000000798,-0.0011728709841917796
1771115100000,2026-02-15T00:25:00Z,0.19587,0.19587,0.1957,0.19572,120606.1,23612.746379,0.19587,0.19588,0.19571,0.19572,0.1961,0.1961,0.19586,0.1959,-0.00012095,-0.00053313,-0.00064619,-0.00064619,-0.00017999999999998573,-0.0009188361408881355
1771115400000,2026-02-15T00:30:00Z,0.19572,0.19618,0.19549,0.19586,233503.9,45694.594444,0.19572,0.19618,0.19559,0.19593,0.1959,0.1963,0.19579,0.19606,-0.00064619,-0.0002377,-0.00026257,-0.00026257,-0.00020000000000000573,-0.0010200958890135964
1771115700000,2026-02-15T00:35:00Z,0.19586,0.19592,0.19555,0.19555,123526.3,24177.107693,0.19593,0.19593,0.19557,0.19557,0.19606,0.19606,0.19576,0.19576,-0.00026257,-0.00063509,-0.00084137,-0.00084137,-0.00020999999999998797,-0.0010727421332242949
1771116000000,2026-02-15T00:40:00Z,0.19555,0.19587,0.19538,0.19581,148235.9,28986.984163,0.19557,0.19587,0.19546,0.19581,0.19576,0.19598,0.19567,0.19598,-0.00084137,-0.00024809,-0.00073828,-0.00024809,-0.00016999999999997573,-0.00086743545259708
1771116300000,2026-02-15T00:45:00Z,0.19581,0.19602,0.19517,0.1957,144617,28284.006087,0.19581,0.19602,0.19536,0.1957,0.19598,0.19612,0.19556,0.19581,-0.00024809,-0.00038068,-0.00069387,-0.00038068,-0.00010999999999999899,-0.0005617690618456616
1771116600000,2026-02-15T00:50:00Z,0.1957,0.19587,0.19543,0.19585,82019.8,16041.875582,0.1957,0.19588,0.19548,0.19585,0.19581,0.19601,0.19561,0.19598,-0.00038068,-0.00022844,-0.00034688,-0.00034688,-0.00012999999999999123,-0.0006633329931625229
1771116900000,2026-02-15T00:55:00Z,0.19585,0.19657,0.19585,0.1961,182603.4,35830.072079,0.19585,0.19653,0.19585,0.1961,0.19598,0.19657,0.19598,0.19619,-0.00034688,-0.00004263,-0.00024848,-0.00024848,-9.000000000000674e-05,-0.00045873897752182443
1771117200000,2026-02-15T01:00:00Z,0.1961,0.19692,0.19602,0.19668,186325.1,36604.440388,0.1961,0.19698,0.19605,0.19669,0.19619,0.19702,0.19617,0.19685,-0.00024848,0,-0.00029519,-0.00029519,-0.00017000000000000348,-0.0008636017272034721
1771117500000,2026-02-15T01:05:00Z,0.19668,0.19721,0.1966,0.19695,143147.9,28199.338938,0.19669,0.19721,0.19665,0.19695,0.19685,0.19732,0.19681,0.19714,-0.00029519,-0.00029614,-0.00061502,-0.00061502,-0.00019000000000002348,-0.000963782083798435
1771117800000,2026-02-15T01:10:00Z,0.19695,0.19713,0.19686,0.19705,122691.5,24170.582745,0.19695,0.19713,0.19692,0.19705,0.19714,0.19728,0.19714,0.1972,-0.00061502,-0.00026485,-0.00048134,-0.00026485,-0.00014999999999998348,-0.0007606490872210116
1771118100000,2026-02-15T01:15:00Z,0.19705,0.19713,0.19673,0.19685,119104.3,23445.977985,0.19705,0.19713,0.19687,0.19689,0.1972,0.1974,0.19715,0.19719,-0.00026485,-0.00089298,-0.00119056,-0.00089298,-0.00034000000000000696,-0.0017242253663979257
1771118400000,2026-02-15T01:20:00Z,0.19685,0.19692,0.19554,0.19577,254960.8,49973.658679,0.19689,0.19692,0.19558,0.19577,0.19719,0.1972,0.19579,0.19592,-0.00089298,-0.00073882,-0.00102744,-0.00102744,-0.00015000000000001124,-0.0007656186198448919
1771118700000,2026-02-15T01:25:00Z,0.19577,0.19609,0.19478,0.19553,956490.1,186762.666999,0.19577,0.19609,0.19507,0.19553,0.19592,0.19621,0.19523,0.19564,-0.00102744,-0.00020034,-0.00078816,-0.00020034,-0.00010999999999999899,-0.0005622572071151042
1771119000000,2026-02-15T01:30:00Z,0.19553,0.19612,0.19548,0.19588,119282.8,23367.459384,0.19553,0.19609,0.19548,0.19592,0.19564,0.19622,0.19559,0.19606,-0.00020034,-0.00021754,-0.00085773,-0.00085773,-0.00018000000000001348,-0.0009180863001122792
1771119300000,2026-02-15T01:35:00Z,0.19588,0.196,0.19523,0.1956,199228.9,38984.853982,0.19592,0.196,0.19527,0.19562,0.19606,0.19614,0.19545,0.19576,-0.00085773,-0.00046461,-0.00056594,-0.00046461,-0.00015999999999999348,-0.0008173273395994763
1771119600000,2026-02-15T01:40:00Z,0.1956,0.19633,0.19539,0.19553,298782.8,58515.976427,0.19562,0.19632,0.19545,0.19553,0.19576,0.19638,0.1956,0.19567,-0.00046461,-0.00020663,-0.00102497,-0.00102497,-0.00014000000000000123,-0.0007154903664332868
1771119900000,2026-02-15T01:45:00Z,0.19553,0.19574,0.19531,0.19574,122268.7,23900.459244,0.19553,0.19574,0.19535,0.19574,0.19567,0.19583,0.19554,0.19581,-0.00102497,-0.00052298,-0.00078899,-0.00078899,-7.00000000000145e-05,-0.000357489402992771
1771120200000,2026-02-15T01:50:00Z,0.19574,0.19611,0.19572,0.1959,100720.3,19735.883413,0.19574,0.19612,0.19572,0.19596,0.19581,0.19629,0.19581,0.19617,-0.00078899,-0.00076255,-0.00093203,-0.00093203,-0.0002700000000000202,-0.0013763572411684775
1771120500000,2026-02-15T01:55:00Z,0.1959,0.19644,0.19587,0.19629,110808.9,21744.301269,0.19596,0.19644,0.1959,0.19638,0.19617,0.19656,0.1961,0.1965,-0.00093203,-0.0004344,-0.00067012,-0.00067012,-0.00021000000000001573,-0.001068702290076416
1771120800000,2026-02-15T02:00:00Z,0.19629,0.19658,0.19622,0.19631,134607.9,26438.95499,0.19638,0.19658,0.19624,0.19631,0.1965,0.19678,0.19641,0.19646,-0.00067012,-0.00045559,-0.00086854,-0.00045559,-0.00014999999999998348,-0.0007635142013640614
1771121100000,2026-02-15T02:05:00Z,0.19631,0.19713,0.19578,0.19596,533683.6,104845.060554,0.19631,0.19712,0.19578,0.19596,0.19646,0.19721,0.1959,0.196,-0.00045559,0,-0.0010135,-0.0010135,-4.000000000001225e-05,-0.0002040816326531237
1771121400000,2026-02-15T02:10:00Z,0.19596,0.19619,0.19565,0.19594,225044.4,44094.97899,0.19596,0.19618,0.19566,0.19601,0.196,0.19619,0.19579,0.19609,-0.0010135,0,0,0,-0.00014999999999998348,-0.0007649548676627237
1771121700000,2026-02-15T02:15:00Z,0.19594,0.19627,0.19585,0.19585,105816.3,20744.087293,0.19601,0.19622,0.19588,0.19588,0.19609,0.19626,0.196,0.196,0,-0.00019001,-0.00021779,-0.00019001,-0.00015000000000001124,-0.0007653061224490369
1771122000000,2026-02-15T02:20:00Z,0.19585,0.19592,0.19489,0.19524,279397.4,54542.887172,0.19588,0.19592,0.195,0.19524,0.196,0.19601,0.19517,0.19537,-0.00019001,-0.00007558,-0.00063771,-0.00007558,-0.00012999999999999123,-0.0006654041050314339
1771122300000,2026-02-15T02:25:00Z,0.19524,0.19531,0.19499,0.19508,82236.7,16048.316492,0.19524,0.19531,0.195,0.19514,0.19537,0.19537,0.19517,0.19529,-0.00007558,-0.00015397,-0.00045553,-0.00015397,-0.00020999999999998797,-0.0010753238773106046
1771122600000,2026-02-15T02:30:00Z,0.19508,0.19519,0.19422,0.19483,344260.8,67012.444911,0.19514,0.19519,0.19433,0.19483,0.19529,0.19529,0.19449,0.19486,-0.00015397,-0.00021323,-0.00039503,-0.00021323,-3.0000000000002247e-05,-0.00015395668685211047
1771122900000,2026-02-15T02:35:00Z,0.19483,0.19541,0.1941,0.19536,195294.9,37981.384333,0.19483,0.19541,0.19424,0.19536,0.19486,0.19544,0.19435,0.19541,-0.00021323,0,-0.00026174,0,-4.999999999999449e-05,-0.0002558722685635049
1771123200000,2026-02-15T02:40:00Z,0.19536,0.19568,0.1952,0.19536,279183,54579.281059,0.19536,0.19569,0.19522,0.19536,0.19541,0.19573,0.19528,0.19537,0,0,-0.00000219,0,-9.999999999982245e-06,-5.118493115617672e-05
1771123500000,2026-02-15T02:45:00Z,0.19536,0.19559,0.19478,0.19482,93966.1,18360.718357,0.19536,0.19555,0.1948,0.19482,0.19537,0.19556,0.1949,0.19492,0,0,-0.00007707,-0.00007707,-0.00010000000000001674,-0.000513030987071705
1771123800000,2026-02-15T02:50:00Z,0.19482,0.19538,0.19475,0.19522,47906.6,9345.593255,0.19482,0.19536,0.19482,0.19531,0.19492,0.19538,0.19492,0.19537,-0.00007707,-0.00008443,-0.00010764,-0.00010764,-0.00014999999999998348,-0.0007677739673439294
1771124100000,2026-02-15T02:55:00Z,0.19522,0.19566,0.19522,0.1953,86963.9,16998.898568,0.19531,0.19563,0.19527,0.19534,0.19537,0.19564,0.19533,0.1954,-0.00010764,0,0,0,-9.999999999998899e-05,-0.0005117707267143756
1771124400000,2026-02-15T03:00:00Z,0.1953,0.19577,0.19522,0.19553,139717.3,27316.116444,0.19534,0.19569,0.19525,0.19558,0.1954,0.19571,0.19535,0.19562,0,0,0,0,-8.999999999997899e-05,-0.0004600756568856916
1771124700000,2026-02-15T03:05:00Z,0.19553,0.19587,0.19532,0.19576,123613.4,24179.974935,0.19558,0.19583,0.19541,0.19583,0.19562,0.19596,0.19547,0.19596,0,0,-0.00041536,-0.00041536,-0.00020000000000000573,-0.001020616452337241
1771125000000,2026-02-15T03:10:00Z,0.19576,0.1958,0.19513,0.19513,94654.7,18496.376869,0.19583,0.19583,0.19518,0.19518,0.19596,0.19596,0.19542,0.19542,-0.00041536,-0.00045521,-0.00110814,-0.00110814,-0.00029000000000001247,-0.0014839832156381765
1771125300000,2026-02-15T03:15:00Z,0.19513,0.19561,0.19505,0.19547,100057.5,19546.329873,0.19518,0.19561,0.19511,0.19548,0.19542,0.19574,0.19537,0.1957,-0.00110814,-0.00027857,-0.00043686,-0.00027857,-0.00023000000000000798,-0.0011752682677568112
1771125600000,2026-02-15T03:20:00Z,0.19547,0.19573,0.19492,0.19497,128580.6,25126.400903,0.19548,0.19573,0.19497,0.19497,0.1957,0.19584,0.19525,0.19525,-0.00027857,-0.00089114,-0.000934,-0.00089114,-0.00028000000000000247,-0.0014340588988476439
1771125900000,2026-02-15T03:25:00Z,0.19497,0.19512,0.19463,0.19463,132762.5,25864.150892,0.19497,0.19512,0.19466,0.19466,0.19525,0.19526,0.19483,0.19483,-0.00089114,-0.0002286,-0.00039392,-0.00039392,-0.00020000000000000573,-0.001026535954421833
1771126200000,2026-02-15T03:30:00Z,0.19463,0.19488,0.19363,0.19365,783988,152242.496422,0.19466,0.19488,0.19369,0.19369,0.19483,0.19492,0.1938,0.19381,-0.00039392,-0.00020437,-0.00063656,-0.00063656,-0.00016000000000002124,-0.0008255507971725981
1771126500000,2026-02-15T03:35:00Z,0.19365,0.1938,0.19233,0.19288,1327195.5,255957.432289,0.19369,0.1938,0.19247,0.19288,0.19381,0.19387,0.19259,0.19299,-0.00063656,0,-0.00041448,0,-0.00010999999999999899,-0.0005699777190527954
1771126800000,2026-02-15T03:40:00Z,0.19288,0.19334,0.19261,0.19326,567985,109603.44031,0.19288,0.19335,0.19265,0.19335,0.19299,0.19337,0.19276,0.19337,0,0,0,0,-0.00010999999999999899,-0.0005688576304493923
1771127100000,2026-02-15T03:45:00Z,0.19326,0.19561,0.19326,0.19515,569194.3,110826.705032,0.19335,0.19557,0.19334,0.19515,0.19337,0.19558,0.19336,0.19526,0,0,0,0,-0.00010999999999999899,-0.0005633514288640735
1771127400000,2026-02-15T03:50:00Z,0.19515,0.1956,0.19502,0.19539,142176.6,27761.988733,0.19515,0.1956,0.19508,0.1954,0.19526,0.19564,0.19517,0.19553,0,0,-0.00055249,0,-0.00014000000000000123,-0.0007160026594384556
1771127700000,2026-02-15T03:55:00Z,0.19539,0.19589,0.19539,0.19571,202478.1,39618.455119,0.1954,0.19589,0.1954,0.19573,0.19553,0.19592,0.19553,0.19584,0,-0.00025932,-0.00052813,-0.00025932,-0.00012999999999999123,-0.0006638071895424389
1771128000000,2026-02-15T04:00:00Z,0.19571,0.19706,0.19556,0.19639,676296.4,132939.831334,0.19573,0.19712,0.19564,0.1964,0.19584,0.19714,0.19575,0.19649,-0.00025932,0,0,0,-9.999999999998899e-05,-0.000508931752251967
1771128300000,2026-02-15T04:05:00Z,0.19639,0.19775,0.19602,0.19747,598373.6,117866.605495,0.1964,0.19771,0.19604,0.19749,0.19649,0.19772,0.19619,0.19755,0,-0.00019307,-0.00021914,-0.00019307,-7.999999999999674e-05,-0.0004049607694254454
1771128600000,2026-02-15T04:10:00Z,0.19747,0.19824,0.19733,0.19778,534122.3,105671.011122,0.19749,0.19824,0.19741,0.19778,0.19755,0.19829,0.19754,0.19788,-0.00019307,0,-0.00028721,0,-9.999999999998899e-05,-0.0005053567818879573
1771128900000,2026-02-15T04:15:00Z,0.19778,0.19825,0.19629,0.19641,478816.4,94452.706479,0.19778,0.19824,0.19635,0.19641,0.19788,0.19825,0.19656,0.19656,0,-0.00037271,-0.0003965,-0.0003965,-0.00015000000000001124,-0.0007631257631258203
1771129200000,2026-02-15T04:20:00Z,0.19641,0.1965,0.19562,0.19572,355442.5,69671.247962,0.19641,0.1965,0.1957,0.19574,0.19656,0.19662,0.1958,0.19587,-0.0003965,-0.00015383,-0.00052063,-0.00015383,-0.00014999999999998348,-0.0007658140603460636
1771129500000,2026-02-15T04:25:00Z,0.19572,0.19604,0.19545,0.1955,292861.3,57315.62847,0.19574,0.19604,0.19548,0.19552,0.19587,0.19613,0.19563,0.19567,-0.00015383,-0.00030124,-0.00085075,-0.00085075,-0.00017000000000000348,-0.0008688097306690012
1771129800000,2026-02-15T04:30:00Z,0.1955,0.19637,0.19536,0.19622,397679.8,77869.478671,0.19552,0.19636,0.1954,0.19622,0.19567,0.19638,0.19554,0.19629,-0.00085075,0,-0.00037982,0,-6.999999999998674e-05,-0.0003566152121859837
1771130100000,2026-02-15T04:35:00Z,0.19622,0.19645,0.19592,0.19602,166044.4,32568.539768,0.19622,0.19644,0.19596,0.19602,0.19629,0.19647,0.19607,0.19613,0,-0.00035296,-0.00049521,-0.00035296,-0.00010999999999999899,-0.0005608524957936011
1771130400000,2026-02-15T04:40:00Z,0.19602,0.19618,0.19585,0.19602,211428.1,41453.506437,0.19602,0.19615,0.19585,0.19602,0.19613,0.19619,0.19597,0.1961,-0.00035296,-0.00004895,-0.00011213,-0.00011213,-7.999999999999674e-05,-0.0004079551249362404
1771130700000,2026-02-15T04:45:00Z,0.19602,0.19626,0.19586,0.19618,127819.8,25049.925734,0.19602,0.19626,0.19588,0.1962,0.1961,0.1963,0.19599,0.1963,-0.00011213,-0.00009281,-0.00046671,-0.00046671,-0.00012000000000000899,-0.0006113092205807895
1771131000000,2026-02-15T04:50:00Z,0.19618,0.19621,0.19565,0.19571,46478.8,9112.812346,0.1962,0.19621,0.19572,0.19577,0.1963,0.1963,0.19586,0.19592,-0.00046671,0,-0.00041726,0,-0.00021000000000001573,-0.0010718660677828487
1771131300000,2026-02-15T04:55:00Z,0.19571,0.19587,0.19543,0.19585,44027.3,8613.490501,0.19577,0.19587,0.19546,0.19585,0.19592,0.19592,0.19562,0.19591,0,-0.00012263,-0.00024366,-0.00012263,-6.0000000000004494e-05,-0.00030626307998573064
1771131600000,2026-02-15T05:00:00Z,0.19585,0.19615,0.19556,0.19564,121437.9,23774.966273,0.19585,0.19615,0.19558,0.19564,0.19591,0.19617,0.19574,0.19581,-0.00012263,-0.00030852,-0.00033489,-0.00030852,-0.00017000000000000348,-0.000868188550125139
1771131900000,2026-02-15T05:05:00Z,0.19564,0.19628,0.19546,0.19623,92553.7,18139.522447,0.19564,0.19628,0.19552,0.19624,0.19581,0.19638,0.1957,0.19638,-0.00030852,0,-0.00000224,-0.00000224,-0.00015000000000001124,-0.0007638252367858806
1771132200000,2026-02-15T05:10:00Z,0.19623,0.1964,0.19605,0.19628,80860.6,15870.643298,0.19624,0.19643,0.19611,0.19631,0.19638,0.19657,0.19621,0.1965,-0.00000224,-0.00059397,-0.00068237,-0.00068237,-0.00021999999999999797,-0.0011195928753180559
1771132500000,2026-02-15T05:15:00Z,0.19628,0.19701,0.19621,0.19669,212974.3,41865.998025,0.19631,0.19696,0.19626,0.19673,0.1965,0.19707,0.19645,0.19693,-0.00068237,-0.00064671,-0.00071364,-0.00071364,-0.00023999999999999022,-0.0012187071548265386
1771132800000,2026-02-15T05:20:00Z,0.19669,0.19673,0.19593,0.19632,74928,14718.766071,0.19673,0.19673,0.19598,0.19632,0.19693,0.19693,0.19619,0.19646,-0.00071364,-0.00038135,-0.00056726,-0.00038135,-0.00014000000000000123,-0.000712613254606542
1771133100000,2026-02-15T05:25:00Z,0.19632,0.19672,0.19628,0.19649,60199.6,11824.604052,0.19632,0.19672,0.19632,0.19655,0.19646,0.19681,0.19644,0.19672,-0.00038135,-0.00005737,-0.00047019,-0.00047019,-0.00023000000000000798,-0.001169174461163115
1771133400000,2026-02-15T05:30:00Z,0.19649,0.19726,0.19642,0.19684,132442,26084.376097,0.19655,0.19723,0.19646,0.19686,0.19672,0.19729,0.19664,0.19698,-0.00047019,-0.00001283,-0.00040743,-0.00040743,-0.00014000000000000123,-0.0007107320540156424
1771133700000,2026-02-15T05:35:00Z,0.19684,0.19688,0.19654,0.19665,64958.9,12775.272855,0.19686,0.19688,0.19657,0.19668,0.19698,0.19699,0.19675,0.19685,-0.00040743,-0.00017352,-0.00051399,-0.00051399,-0.00020000000000000573,-0.0010160020320040932
1771134000000,2026-02-15T05:40:00Z,0.19665,0.19727,0.19655,0.19717,127252.8,25081.186569,0.19668,0.19729,0.19658,0.19717,0.19685,0.19747,0.19677,0.19729,-0.00051399,-0.00047495,-0.00110051,-0.00110051,-0.00011999999999998123,-0.0006082416746919825
1771134300000,2026-02-15T05:45:00Z,0.19717,0.19751,0.1969,0.19716,243262.2,47979.313583,0.19717,0.19751,0.19692,0.19716,0.19729,0.19759,0.19709,0.19726,-0.00110051,-0.00022464,-0.00054096,-0.00022464,-9.999999999998899e-05,-0.0005069451485348727
1771134600000,2026-02-15T05:50:00Z,0.19716,0.19742,0.19701,0.19701,76007.9,14988.551238,0.19716,0.19742,0.19704,0.19704,0.19726,0.19748,0.19719,0.19719,-0.00022464,-0.00007864,-0.0006084,-0.0006084,-0.00018000000000001348,-0.0009128251939754221
1771134900000,2026-02-15T05:55:00Z,0.19701,0.19701,0.19657,0.19688,88843.2,17481.418371,0.19704,0.19704,0.19663,0.19692,0.19719,0.19719,0.19682,0.19711,-0.0006084,-0.00046024,-0.00066707,-0.00066707,-0.00023000000000000798,-0.001166861143523961
1771135200000,2026-02-15T06:00:00Z,0.19688,0.19693,0.19655,0.19668,101807.6,20031.992494,0.19692,0.19693,0.19661,0.19671,0.19711,0.19711,0.19683,0.19693,-0.00066707,-0.00064754,-0.00103601,-0.00103601,-0.0002500000000000002,-0.0012694866196110305
1771135500000,2026-02-15T06:05:00Z,0.19668,0.19696,0.19663,0.19675,176656.9,34754.767946,0.19671,0.19696,0.19669,0.19678,0.19693,0.1971,0.1969,0.19698,-0.00103601,-0.00033323,-0.00068986,-0.00033323,-0.00022999999999998022,-0.001167631231597016
1771135800000,2026-02-15T06:10:00Z,0.19675,0.19697,0.19654,0.19692,157562.1,30992.30742,0.19678,0.19698,0.19657,0.19698,0.19698,0.1971,0.19671,0.1971,-0.00033323,-0.00022435,-0.00026973,-0.00026973,-0.00017999999999998573,-0.0009132420091323476
1771136100000,2026-02-15T06:15:00Z,0.19692,0.19701,0.1966,0.19675,82944.3,16324.23135,0.19698,0.19701,0.19667,0.19675,0.1971,0.19711,0.19684,0.1969,-0.00026973,-0.00019518,-0.00025662,-0.00019518,-0.00014999999999998348,-0.0007618080243777729
1771136400000,2026-02-15T06:20:00Z,0.19675,0.19702,0.19666,0.19694,161945.5,31873.623416,0.19675,0.19702,0.19666,0.19692,0.1969,0.19708,0.19682,0.19701,-0.00019518,-0.00000314,-0.00031738,-0.00031738,-6.999999999998674e-05,-0.00035531191310079054
1771136700000,2026-02-15T06:25:00Z,0.19694,0.1973,0.19667,0.19667,55697.9,10974.274292,0.19692,0.1973,0.19674,0.19674,0.19701,0.19736,0.19693,0.19693,-0.00031738,-0.00031584,-0.00050489,-0.00031584,-0.00025999999999998247,-0.0013202660843953816
1771137000000,2026-02-15T06:30:00Z,0.19667,0.19682,0.19653,0.19663,32148.3,6321.783397,0.19674,0.19682,0.19653,0.19663,0.19693,0.19698,0.19673,0.19673,-0.00031584,-0.00048226,-0.00068489,-0.00068489,-9.999999999998899e-05,-0.0005083108829359478
1771137300000,2026-02-15T06:35:00Z,0.19663,0.1971,0.19661,0.19661,190926.4,37576.96176,0.19663,0.1971,0.19663,0.19668,0.19673,0.19722,0.19673,0.19688,-0.00068489,-0.00046883,-0.00065974,-0.00046883,-0.00026999999999999247,-0.0013713937423811076
1771137600000,2026-02-15T06:40:00Z,0.19661,0.19682,0.19648,0.1966,57104.2,11230.678441,0.19668,0.19682,0.19652,0.19673,0.19688,0.19693,0.19673,0.19688,-0.00046883,-0.00003906,-0.0006413,-0.00003906,-0.00028000000000000247,-0.0014221861032100898
1771137900000,2026-02-15T06:45:00Z,0.1966,0.1966,0.19569,0.19578,209831.5,41141.179464,0.19673,0.19673,0.1957,0.19578,0.19688,0.19688,0.19591,0.19597,-0.00003906,-0.00064259,-0.00076381,-0.00064259,-0.00018999999999999573,-0.0009695361534928597
1771138200000,2026-02-15T06:50:00Z,0.19578,0.19625,0.19574,0.19625,136194,26691.538229,0.19578,0.19625,0.19576,0.19625,0.19597,0.19637,0.1959,0.19637,-0.00064259,-0.00004932,-0.00042565,-0.00042565,-0.00011999999999998123,-0.0006110913072260592
1771138500000,2026-02-15T06:55:00Z,0.19625,0.19628,0.19608,0.19624,59344.9,11640.398582,0.19625,0.19629,0.1961,0.19624,0.19637,0.19647,0.1963,0.19639,-0.00042565,-0.00054059,-0.00068519,-0.00068519,-0.00015000000000001124,-0.0007637863435002354
1771138800000,2026-02-15T07:00:00Z,0.19624,0.19652,0.19612,0.19643,71707.5,14074.411716,0.19624,0.19652,0.19613,0.19643,0.19639,0.19667,0.19637,0.19664,-0.00068519,-0.00049786,-0.00087121,-0.00049786,-0.00021000000000001573,-0.0010679414157852712
1771139100000,2026-02-15T07:05:00Z,0.19643,0.19656,0.19608,0.19616,95209.8,18688.105228,0.19643,0.19656,0.19616,0.19616,0.19664,0.19673,0.19639,0.19639,-0.00049786,-0.00090537,-0.00090951,-0.00090951,-0.00023000000000000798,-0.0011711390600336472
1771139400000,2026-02-15T07:10:00Z,0.19616,0.19696,0.19611,0.1968,167365.1,32911.098922,0.19616,0.19696,0.19614,0.19682,0.19639,0.1971,0.19638,0.19698,-0.00090951,0,-0.0004127,0,-0.00017999999999998573,-0.0009137983551628883
1771139700000,2026-02-15T07:15:00Z,0.1968,0.19738,0.1968,0.19703,313545.7,61791.081771,0.19682,0.19738,0.19682,0.19705,0.19698,0.19747,0.19697,0.19721,0,0,-0.00046538,0,-0.00017999999999998573,-0.0009127326200496209
1771140000000,2026-02-15T07:20:00Z,0.19703,0.19747,0.19679,0.19709,262369.7,51727.617895,0.19705,0.19747,0.1969,0.19711,0.19721,0.19757,0.19707,0.19728,0,-0.00015865,-0.00019348,-0.00019348,-0.00019000000000002348,-0.0009630981346311003
1771140300000,2026-02-15T07:25:00Z,0.19709,0.19715,0.19689,0.19695,38463.3,7576.405903,0.19711,0.19715,0.19695,0.19695,0.19728,0.1973,0.19717,0.19719,-0.00019348,-0.00048851,-0.00068692,-0.00048851,-0.00024000000000001798,-0.001217100258633896
1771140600000,2026-02-15T07:30:00Z,0.19695,0.19759,0.1967,0.19743,223771.9,44111.207201,0.19695,0.19764,0.19674,0.19755,0.19719,0.19781,0.19701,0.19776,-0.00048851,-0.00060981,-0.00075289,-0.00075289,-0.00032999999999999696,-0.0016686893203883342
1771140900000,2026-02-15T07:35:00Z,0.19743,0.19826,0.19743,0.19775,249816.8,49456.033448,0.19755,0.19826,0.19753,0.19775,0.19776,0.19834,0.19773,0.19792,-0.00075289,-0.00037573,-0.00081372,-0.00081372,-0.00017000000000000348,-0.0008589329021827176
1771141200000,2026-02-15T07:40:00Z,0.19775,0.19775,0.19692,0.19695,92227.6,18202.123554,0.19775,0.19775,0.19698,0.19698,0.19792,0.19793,0.19717,0.1972,-0.00081372,-0.00053447,-0.00088791,-0.00088791,-0.0002500000000000002,-0.0012677484787018268
1771141500000,2026-02-15T07:45:00Z,0.19695,0.19744,0.19695,0.19721,70299.9,13861.456145,0.19698,0.19744,0.19697,0.19725,0.1972,0.19755,0.1972,0.19746,-0.00088791,-0.00052596,-0.00067812,-0.00052596,-0.0002500000000000002,-0.001266079205915123
1771141800000,2026-02-15T07:50:00Z,0.19721,0.19737,0.19713,0.19716,53529.5,10557.80277,0.19725,0.19737,0.19716,0.19716,0.19746,0.19757,0.1973,0.1973,-0.00052596,-0.00034936,-0.00104304,-0.00034936,-0.00014000000000000123,-0.0007095793208312277
1771142100000,2026-02-15T07:55:00Z,0.19716,0.19754,0.19716,0.19746,58149.3,11478.916043,0.19716,0.19756,0.19716,0.19746,0.1973,0.19765,0.1973,0.19756,-0.00034936,-0.00025487,-0.00026981,-0.00025487,-0.00010000000000001674,-0.000506175339137562
1771142400000,2026-02-15T08:00:00Z,0.19746,0.19765,0.19717,0.19754,148764.9,29372.914185,0.19746,0.19765,0.19726,0.19754,0.19756,0.19778,0.19744,0.19773,-0.00025487,-0.00054274,-0.00115592,-0.00054274,-0.00018999999999999573,-0.0009609062863500518
1771142700000,2026-02-15T08:05:00Z,0.19754,0.19798,0.1971,0.19719,104409.6,20637.850852,0.19754,0.19798,0.1972,0.19722,0.19773,0.19802,0.19738,0.19746,-0.00054274,-0.00040887,-0.00066357,-0.00066357,-0.00026999999999999247,-0.0013673655423882937
1771143000000,2026-02-15T08:10:00Z,0.19719,0.19743,0.1967,0.19698,114853.7,22621.831587,0.19722,0.19743,0.1967,0.19698,0.19746,0.19754,0.19678,0.19704,-0.00066357,0,0,0,-6.0000000000004494e-05,-0.00030450669914740405
1771143300000,2026-02-15T08:15:00Z,0.19698,0.19741,0.19698,0.19739,53968.8,10643.243762,0.19698,0.19741,0.19698,0.19739,0.19704,0.19754,0.19703,0.19753,0,-0.00042005,-0.00060553,-0.00042005,-0.00014000000000000123,-0.0007087531007948222
1771143600000,2026-02-15T08:20:00Z,0.19739,0.19749,0.19716,0.1972,75123.7,14822.383865,0.19739,0.19749,0.19717,0.1972,0.19753,0.19762,0.19735,0.19736,-0.00042005,-0.00059129,-0.00066702,-0.00066702,-0.00016000000000002124,-0.0008107012565870552
1771143900000,2026-02-15T08:25:00Z,0.1972,0.1972,0.19519,0.19542,477349.8,93531.772902,0.1972,0.1972,0.19529,0.19542,0.19736,0.19737,0.19537,0.19548,-0.00066702,0,-0.00050936,0,-5.999999999997674e-05,-0.00030693677102504985
1771144200000,2026-02-15T08:30:00Z,0.19542,0.19561,0.19302,0.19351,785532.8,152411.41355,0.19542,0.19556,0.1931,0.19357,0.19548,0.19558,0.1933,0.19374,0,-0.00032762,-0.00049651,-0.00032762,-0.00023000000000000798,-0.0011871580468669762
1771144500000,2026-02-15T08:35:00Z,0.19351,0.19394,0.19284,0.19341,503530,97340.903652,0.19357,0.19393,0.19291,0.19345,0.19374,0.19402,0.19308,0.19364,-0.00032762,-0.00045098,-0.00066806,-0.00066806,-0.00023000000000000798,-0.0011877711216691177
1771144800000,2026-02-15T08:40:00Z,0.19341,0.19388,0.1934,0.19356,191142.7,37016.445112,0.19345,0.19387,0.19341,0.19358,0.19364,0.19399,0.1936,0.19378,-0.00066806,-0.00036059,-0.00110359,-0.00110359,-0.00021999999999999797,-0.001135308081329332
1771145100000,2026-02-15T08:45:00Z,0.19356,0.1942,0.19332,0.19382,332068.1,64302.670802,0.19358,0.1942,0.19338,0.19382,0.19378,0.19427,0.19359,0.19391,-0.00110359,-0.00008561,-0.00067017,-0.00008561,-9.000000000000674e-05,-0.0004641328451343754
1771145400000,2026-02-15T08:50:00Z,0.19382,0.19395,0.19339,0.19395,136850.2,26509.784411,0.19382,0.19399,0.19349,0.19399,0.19391,0.19409,0.19362,0.19409,-0.00008561,-0.00007738,-0.00040489,-0.00040489,-0.00014000000000000123,-0.0007213148539337484
1771145700000,2026-02-15T08:55:00Z,0.19395,0.19436,0.19395,0.1942,80659.2,15665.466303,0.19399,0.19439,0.19399,0.19424,0.19409,0.19453,0.19409,0.19445,-0.00040489,-0.00038809,-0.00066486,-0.00066486,-0.0002500000000000002,-0.0012856775520699419
1771146000000,2026-02-15T09:00:00Z,0.1942,0.1946,0.19375,0.19441,283362.8,55038.7432,0.19424,0.1946,0.19388,0.19441,0.19445,0.19464,0.19402,0.19448,-0.00066486,0,-0.00018403,-0.00018403,-6.999999999998674e-05,-0.00035993418346352704
1771146300000,2026-02-15T09:05:00Z,0.19441,0.19553,0.19437,0.19545,171950.2,33516.401855,0.19441,0.19558,0.19439,0.19545,0.19448,0.19566,0.19447,0.19562,-0.00018403,-0.00040814,-0.0006084,-0.00040814,-0.00016999999999997573,-0.0008690317963397185
1771146600000,2026-02-15T09:10:00Z,0.19545,0.1955,0.19513,0.19523,35242.2,6882.738509,0.19545,0.19547,0.19518,0.19526,0.19562,0.19564,0.19538,0.19546,-0.00040814,-0.00050304,-0.00073148,-0.00073148,-0.00023000000000000798,-0.0011767113475903406
1771146900000,2026-02-15T09:15:00Z,0.19523,0.19534,0.19454,0.19455,168056.1,32784.472317,0.19526,0.19534,0.19463,0.19463,0.19546,0.19547,0.19479,0.1948,-0.00073148,-0.00016275,-0.00091405,-0.00016275,-0.0002500000000000002,-0.0012833675564681737
1771147200000,2026-02-15T09:20:00Z,0.19455,0.19471,0.19442,0.19471,84211.7,16386.713474,0.19463,0.19471,0.19449,0.19471,0.1948,0.19484,0.19464,0.19482,-0.00016275,-0.00080115,-0.00110767,-0.00080115,-0.00010999999999999899,-0.0005646237552612616
1771147500000,2026-02-15T09:25:00Z,0.19471,0.19479,0.19451,0.19463,64292.4,12515.479841,0.19471,0.19479,0.1946,0.19463,0.19482,0.19488,0.19471,0.19475,-0.00080115,-0.00009444,-0.00015,-0.00015,-0.00012000000000000899,-0.0006161745827985057
1771147800000,2026-02-15T09:30:00Z,0.19463,0.19517,0.19463,0.19495,122094,23797.213584,0.19463,0.19517,0.19463,0.19495,0.19475,0.19521,0.19475,0.195,-0.00015,-0.00000241,-0.00024924,-0.00024924,-4.999999999999449e-05,-0.00025641025641022817
1771148100000,2026-02-15T09:35:00Z,0.19495,0.19514,0.19405,0.19448,270516.7,52541.833851,0.19495,0.19514,0.19417,0.19448,0.195,0.19519,0.19432,0.19458,-0.00024924,-0.00009639,-0.00092381,-0.00009639,-0.00010000000000001674,-0.0005139274334464834
1771148400000,2026-02-15T09:40:00Z,0.19448,0.19489,0.19414,0.19471,100388.9,19542.807459,0.19448,0.19484,0.1942,0.1948,0.19458,0.19495,0.19436,0.19492,-0.00009639,-0.00017638,-0.00028824,-0.00017638,-0.00021000000000001573,-0.001077365072850481
1771148700000,2026-02-15T09:45:00Z,0.19471,0.19491,0.1947,0.1949,159743.3,31107.943804,0.1948,0.19491,0.19474,0.1949,0.19492,0.19501,0.19486,0.195,-0.00017638,-0.00031238,-0.00086981,-0.00086981,-0.00010000000000001674,-0.0005128205128205987
1771149000000,2026-02-15T09:50:00Z,0.1949,0.19495,0.19441,0.19491,102251.6,19913.118953,0.1949,0.19499,0.19449,0.19497,0.195,0.19511,0.19466,0.19511,-0.00086981,0,-0.00040237,-0.00040237,-0.00020000000000000573,-0.0010250627850956165
1771149300000,2026-02-15T09:55:00Z,0.19491,0.19518,0.1949,0.19501,62118.5,12116.921709,0.19497,0.19518,0.1949,0.19501,0.19511,0.19528,0.19503,0.19515,-0.00040237,-0.00055576,-0.00068657,-0.00055576,-0.00014000000000000123,-0.0007173968741993402
1771149600000,2026-02-15T10:00:00Z,0.19501,0.19501,0.19457,0.19458,89646,17455.123036,0.19501,0.19501,0.19461,0.19461,0.19515,0.19515,0.19479,0.19479,-0.00055576,-0.00032784,-0.00044928,-0.00032784,-0.00020999999999998797,-0.001078084090559002
1771149900000,2026-02-15T10:05:00Z,0.19458,0.19459,0.19339,0.19396,314409.2,60949.440345,0.19461,0.19461,0.19346,0.19396,0.19479,0.19479,0.19365,0.1941,-0.00032784,-0.00049323,-0.00058807,-0.00058807,-0.00014000000000000123,-0.0007212776919113923
1771150200000,2026-02-15T10:10:00Z,0.19396,0.19399,0.19367,0.19367,78593.6,15234.027933,0.19396,0.19399,0.19367,0.19368,0.1941,0.1941,0.19386,0.19386,-0.00058807,-0.00060649,-0.00066383,-0.00060649,-0.00018999999999999573,-0.0009800887238212922
1771150500000,2026-02-15T10:15:00Z,0.19367,0.19381,0.19282,0.19332,304242.4,58773.240851,0.19368,0.19381,0.19294,0.19333,0.19386,0.19391,0.19313,0.19349,-0.00060649,-0.00042205,-0.00057932,-0.00042205,-0.00017000000000000348,-0.0008785983771771331
1771150800000,2026-02-15T10:20:00Z,0.19332,0.194,0.19321,0.19369,85757.4,16611.426203,0.19333,0.19398,0.19332,0.1937,0.19349,0.19408,0.19348,0.19389,-0.00042205,-0.00029129,-0.00040737,-0.00040737,-0.00020000000000000573,-0.001031512713394222
1771151100000,2026-02-15T10:25:00Z,0.19369,0.19397,0.1934,0.19355,110448.3,21401.347141,0.1937,0.19397,0.19343,0.19355,0.19389,0.19411,0.19365,0.19371,-0.00040737,-0.0004551,-0.00089496,-0.0004551,-0.00015999999999999348,-0.0008259769758917634
1771151400000,2026-02-15T10:30:00Z,0.19355,0.19359,0.19289,0.19317,221506.6,42816.588488,0.19355,0.19359,0.19301,0.19319,0.19371,0.19376,0.19323,0.1934,-0.0004551,-0.00034616,-0.00064134,-0.00064134,-0.00022999999999998022,-0.0011892450879006217
1771151700000,2026-02-15T10:35:00Z,0.19317,0.19336,0.1927,0.19288,140133.3,27046.981802,0.19319,0.19336,0.1928,0.19288,0.1934,0.19355,0.19293,0.193,-0.00064134,0,-0.00033923,-0.00033923,-0.00012000000000000899,-0.0006217616580311347
1771152000000,2026-02-15T10:40:00Z,0.19288,0.19377,0.19288,0.19374,268785.6,52022.254001,0.19288,0.19377,0.19288,0.19374,0.193,0.19385,0.193,0.19382,-0.00033923,0,-0.00022498,0,-7.999999999999674e-05,-0.0004127541017438693
1771152300000,2026-02-15T10:45:00Z,0.19374,0.19434,0.19361,0.19412,481923.3,93526.075742,0.19374,0.1943,0.19371,0.19414,0.19382,0.19443,0.19381,0.19428,0,0,-0.0006434,0,-0.00016000000000002124,-0.000823553633930519
1771152600000,2026-02-15T10:50:00Z,0.19412,0.19421,0.19388,0.19421,74412,14444.208479,0.19414,0.19421,0.19398,0.19421,0.19428,0.19435,0.19408,0.19435,0,-0.00039273,-0.00064486,-0.00064486,-0.00014000000000000123,-0.0007203498842294892
1771152900000,2026-02-15T10:55:00Z,0.19421,0.19433,0.19412,0.1942,29735.5,5775.509743,0.19421,0.19433,0.19412,0.19419,0.19435,0.19451,0.19433,0.19439,-0.00064486,-0.00069536,-0.00073533,-0.00069536,-0.00018999999999999573,-0.0009774165337722914
1771153200000,2026-02-15T11:00:00Z,0.1942,0.19444,0.19413,0.19444,37229.6,7232.753456,0.19419,0.19444,0.19417,0.19444,0.19439,0.19456,0.19437,0.19456,-0.00069536,-0.00045355,-0.00071348,-0.00071348,-0.00012000000000000899,-0.0006167763157895198
1771153500000,2026-02-15T11:05:00Z,0.19444,0.19451,0.19409,0.19415,63958.2,12429.14426,0.19444,0.19452,0.19419,0.19419,0.19456,0.19465,0.19438,0.19438,-0.00071348,-0.00024397,-0.00062196,-0.00062196,-0.00023000000000000798,-0.0011832493054841444
1771153800000,2026-02-15T11:10:00Z,0.19415,0.1944,0.19408,0.19411,59939.5,11644.465281,0.19419,0.1944,0.19412,0.19412,0.19438,0.19453,0.19433,0.19436,-0.00062196,-0.00067676,-0.00097242,-0.00097242,-0.0002500000000000002,-0.0012862728956575438
1771154100000,2026-02-15T11:15:00Z,0.19411,0.19448,0.19411,0.19416,34749.2,6752.123945,0.19412,0.19448,0.19412,0.19426,0.19436,0.1946,0.19427,0.19441,-0.00097242,-0.00002261,-0.00035179,-0.00035179,-0.0002500000000000002,-0.0012859420811686653
1771154400000,2026-02-15T11:20:00Z,0.19416,0.19421,0.19392,0.19401,50397.8,9780.28702,0.19426,0.19426,0.19393,0.19403,0.19441,0.19441,0.19411,0.19417,-0.00035179,-0.00032991,-0.00056424,-0.00056424,-0.00016000000000002124,-0.0008240201884947275
1771154700000,2026-02-15T11:25:00Z,0.19401,0.19402,0.19381,0.19401,31398.1,6087.880712,0.19403,0.19404,0.19381,0.19404,0.19417,0.19417,0.19394,0.19415,-0.00056424,-0.00004776,-0.00019557,-0.00004776,-0.00014000000000000123,-0.0007210919392222572
1771155000000,2026-02-15T11:30:00Z,0.19401,0.19414,0.19386,0.1939,32090.6,6225.881657,0.19404,0.19414,0.19391,0.19391,0.19415,0.19422,0.19404,0.19404,-0.00004776,-0.00023215,-0.00024768,-0.00024768,-0.00014000000000000123,-0.0007215007215007279
1771155300000,2026-02-15T11:35:00Z,0.1939,0.19413,0.19381,0.19399,48998.5,9504.663696,0.19391,0.19413,0.1939,0.19399,0.19404,0.19419,0.19401,0.19415,-0.00024768,0,-0.000269,0,-0.00015999999999999348,-0.0008241050733968245
1771155600000,2026-02-15T11:40:00Z,0.19399,0.1944,0.19388,0.19428,73808.4,14334.309754,0.19399,0.1944,0.19391,0.19428,0.19415,0.19455,0.19408,0.19444,0,-0.00063774,-0.000792,-0.00063774,-0.00015999999999999348,-0.0008228759514502854
1771155900000,2026-02-15T11:45:00Z,0.19428,0.19447,0.19418,0.19433,83663.3,16256.127399,0.19428,0.19449,0.19422,0.19433,0.19444,0.19464,0.19432,0.19436,-0.00063774,0,-0.00067849,0,-3.0000000000002247e-05,-0.00015435274747891667
1771156200000,2026-02-15T11:50:00Z,0.19433,0.19433,0.19379,0.19421,82160.2,15937.830331,0.19433,0.19433,0.19387,0.19421,0.19436,0.19439,0.19402,0.1943,0,-0.00063947,-0.00078785,-0.00063947,-9.000000000000674e-05,-0.00046320123520332855
1771156500000,2026-02-15T11:55:00Z,0.19421,0.19432,0.19411,0.19421,60229.6,11695.480915,0.19421,0.19432,0.19413,0.19421,0.1943,0.19438,0.19425,0.1943,-0.00063947,-0.00017881,-0.00027531,-0.00017881,-9.000000000000674e-05,-0.00046320123520332855
1771156800000,2026-02-15T12:00:00Z,0.19421,0.19433,0.1939,0.19409,102780.6,19948.357052,0.19421,0.1944,0.19395,0.19409,0.1943,0.19451,0.19418,0.19429,-0.00017881,-0.00084519,-0.00091977,-0.00091977,-0.00019999999999997797,-0.0010293890575942045
1771157100000,2026-02-15T12:05:00Z,0.19409,0.19409,0.19312,0.19321,208733.5,40385.206336,0.19409,0.19409,0.19313,0.19324,0.19429,0.1943,0.19344,0.19355,-0.00091977,-0.00072904,-0.00137495,-0.00072904,-0.00034000000000000696,-0.0017566520278998034
1771157400000,2026-02-15T12:10:00Z,0.19321,0.19335,0.19254,0.19293,191057,36850.318577,0.19324,0.19335,0.19254,0.19293,0.19355,0.19362,0.19276,0.19307,-0.00072904,-0.00018072,-0.00060779,-0.00018072,-0.00014000000000000123,-0.0007251256021132296
1771157700000,2026-02-15T12:15:00Z,0.19293,0.19333,0.1927,0.19296,280424.9,54123.884108,0.19293,0.19333,0.19278,0.19299,0.19307,0.19341,0.19291,0.19314,-0.00018072,-0.00031775,-0.00065102,-0.00065102,-0.00018000000000001348,-0.0009319664492078983
1771158000000,2026-02-15T12:20:00Z,0.19296,0.1936,0.19289,0.19331,84956.4,16420.652713,0.19299,0.1936,0.19289,0.19335,0.19314,0.19367,0.19303,0.19349,-0.00065102,0,-0.00000991,-0.00000991,-0.00017999999999998573,-0.0009302806346580481
1771158300000,2026-02-15T12:25:00Z,0.19331,0.19343,0.19293,0.19334,93844.8,18133.645331,0.19335,0.19343,0.193,0.19336,0.19349,0.19354,0.19319,0.19354,-0.00000991,-0.00009818,-0.00066864,-0.00009818,-0.00019999999999997797,-0.0010333781130514518
1771158600000,2026-02-15T12:30:00Z,0.19334,0.19376,0.19291,0.19368,150087.9,29029.596771,0.19336,0.19376,0.193,0.19372,0.19354,0.19394,0.19328,0.19393,-0.00009818,-0.00026541,-0.00072878,-0.00072878,-0.0002500000000000002,-0.0012891249419893789
1771158900000,2026-02-15T12:35:00Z,0.19368,0.19368,0.19243,0.19282,247043.1,47701.724424,0.19372,0.19372,0.19251,0.19282,0.19393,0.19393,0.19273,0.19301,-0.00072878,-0.00045047,-0.0008556,-0.00045047,-0.00018999999999999573,-0.0009844049531112157
1771159200000,2026-02-15T12:40:00Z,0.19282,0.19328,0.19282,0.19311,89436.4,17272.69747,0.19282,0.19328,0.19282,0.19311,0.19301,0.19343,0.19301,0.19322,-0.00045047,-0.0000471,-0.00035586,-0.00035586,-0.00010999999999999899,-0.0005692992443846341
1771159500000,2026-02-15T12:45:00Z,0.19311,0.19322,0.19145,0.19165,1889437.8,362548.556458,0.19311,0.19322,0.19151,0.19165,0.19322,0.19329,0.19166,0.19181,-0.00035586,-0.00067091,-0.00088249,-0.00067091,-0.00016000000000002124,-0.0008341588029822284
1771159800000,2026-02-15T12:50:00Z,0.19165,0.1919,0.18915,0.18974,3104869,590013.887715,0.19165,0.19188,0.18962,0.18977,0.19181,0.19198,0.18974,0.18999,-0.00067091,-0.00039413,-0.00062407,-0.00039413,-0.0002500000000000002,-0.0013158587294068121
1771160100000,2026-02-15T12:55:00Z,0.18974,0.19006,0.18814,0.18818,1945095.1,367713.126298,0.18977,0.19003,0.18826,0.18826,0.18999,0.19022,0.18844,0.18844,-0.00039413,-0.00047967,-0.00130966,-0.00047967,-0.0002600000000000102,-0.0013797495223944504
1771160400000,2026-02-15T13:00:00Z,0.18818,0.18984,0.18818,0.1896,1039714.9,196877.094623,0.18826,0.18984,0.18826,0.1896,0.18844,0.18998,0.18844,0.18984,-0.00047967,-0.00086501,-0.00094318,-0.00086501,-0.00024000000000001798,-0.001264222503160651
1771160700000,2026-02-15T13:05:00Z,0.1896,0.18982,0.1889,0.18951,678355.4,128514.45047,0.1896,0.1898,0.18897,0.18961,0.18984,0.18987,0.18923,0.18976,-0.00086501,-0.0000571,-0.0006205,-0.0000571,-0.0002500000000000002,-0.001317453625632379
1771161000000,2026-02-15T13:10:00Z,0.18951,0.18977,0.18884,0.1894,1073269.7,203056.536783,0.18961,0.18977,0.18886,0.1894,0.18976,0.18989,0.1891,0.18956,-0.0000571,-0.00062207,-0.00065687,-0.00065687,-0.00015999999999999348,-0.0008440599282548717
1771161300000,2026-02-15T13:15:00Z,0.1894,0.1897,0.18938,0.18962,265004.7,50227.283407,0.1894,0.1897,0.1894,0.18965,0.18956,0.18977,0.1895,0.18973,-0.00065687,0,-0.00018925,0,-0.00010999999999999899,-0.0005797712538870974
1771161600000,2026-02-15T13:20:00Z,0.18962,0.1901,0.18931,0.18977,525638.9,99717.308181,0.18965,0.1901,0.18935,0.18989,0.18973,0.19021,0.18944,0.19002,0,0,0,0,-0.0002500000000000002,-0.0013156509841069372
1771161900000,2026-02-15T13:25:00Z,0.18977,0.18977,0.18829,0.18843,571949.5,108019.394227,0.18989,0.18989,0.1884,0.18843,0.19002,0.19002,0.18854,0.18858,0,-0.00044443,-0.00089444,-0.00044443,-0.00015000000000001124,-0.0007954183900732381
1771162200000,2026-02-15T13:30:00Z,0.18843,0.18884,0.18719,0.18747,1341537.1,251944.608098,0.18843,0.18882,0.18719,0.18747,0.18858,0.18896,0.1874,0.18758,-0.00044443,-0.00017727,-0.0003689,-0.0003689,-0.00010999999999999899,-0.0005864164623094093
1771162500000,2026-02-15T13:35:00Z,0.18747,0.18831,0.18723,0.18828,586081,110039.077499,0.18747,0.18831,0.18736,0.18831,0.18758,0.18849,0.18753,0.18846,-0.0003689,-0.00090857,-0.00106325,-0.00106325,-0.00017999999999998573,-0.0009551098376312519
1771162800000,2026-02-15T13:40:00Z,0.18828,0.18862,0.18757,0.18768,594916,111836.516369,0.18831,0.18858,0.18762,0.18768,0.18846,0.18877,0.18785,0.18791,-0.00106325,-0.00075972,-0.00084443,-0.00084443,-0.00022999999999998022,-0.00122399020807823
1771163100000,2026-02-15T13:45:00Z,0.18768,0.18818,0.18703,0.18707,507047.5,95075.725105,0.18768,0.18817,0.18712,0.18712,0.18791,0.18837,0.18736,0.18736,-0.00084443,-0.00061182,-0.00071601,-0.00071601,-0.00029000000000001247,-0.0015478223740393493
1771163400000,2026-02-15T13:50:00Z,0.18707,0.18724,0.18634,0.18692,702619.4,131253.395927,0.18712,0.18722,0.18641,0.18692,0.18736,0.18746,0.18665,0.18709,-0.00071601,-0.00108336,-0.00129434,-0.00108336,-0.00017000000000000348,-0.0009086535891816959
1771163700000,2026-02-15T13:55:00Z,0.18692,0.18776,0.18692,0.1874,293873.2,55058.150947,0.18692,0.18776,0.18692,0.1874,0.18709,0.18785,0.18709,0.1876,-0.00108336,-0.00052985,-0.00152992,-0.00152992,-0.00019999999999997797,-0.0010660980810233368
1771164000000,2026-02-15T14:00:00Z,0.1874,0.18794,0.18718,0.18773,230386.9,43219.856521,0.1874,0.18794,0.18728,0.18773,0.1876,0.18805,0.18751,0.18783,-0.00152992,-0.00040763,-0.00108537,-0.00108537,-9.999999999998899e-05,-0.0005323963158174359
1771164300000,2026-02-15T14:05:00Z,0.18773,0.18812,0.18753,0.1879,258958.4,48652.431265,0.18773,0.18812,0.18764,0.18794,0.18783,0.18824,0.18782,0.18813,-0.00108537,-0.00074657,-0.00143316,-0.00074657,-0.00022999999999998022,-0.0012225588688671676
1771164600000,2026-02-15T14:10:00Z,0.1879,0.18795,0.18715,0.18772,234591.2,44005.660597,0.18794,0.18795,0.18729,0.18773,0.18813,0.18813,0.18749,0.18792,-0.00074657,-0.00024376,-0.00039874,-0.00039874,-0.00020000000000000573,-0.0010642826734781063
1771164900000,2026-02-15T14:15:00Z,0.18772,0.18827,0.18772,0.18792,174188.7,32734.913446,0.18773,0.18827,0.18773,0.18797,0.18792,0.18839,0.18791,0.18811,-0.00039874,-0.00030098,-0.00071504,-0.00030098,-0.00018999999999999573,-0.0010100473127425216
1771165200000,2026-02-15T14:20:00Z,0.18792,0.18822,0.18777,0.18821,76705.6,14419.309585,0.18797,0.18822,0.18783,0.18821,0.18811,0.18832,0.18795,0.1883,-0.00030098,-0.00006714,-0.00050624,-0.00050624,-9.000000000000674e-05,-0.000477960701009064
1771165500000,2026-02-15T14:25:00Z,0.18821,0.18836,0.18786,0.18807,91114,17137.872425,0.18821,0.18837,0.18793,0.18807,0.1883,0.18849,0.18808,0.18819,-0.00050624,-0.00005194,-0.00073753,-0.00005194,-0.00012000000000000899,-0.0006376534353579308
1771165800000,2026-02-15T14:30:00Z,0.18807,0.18864,0.188,0.1883,173541.4,32694.955647,0.18807,0.18865,0.18805,0.1883,0.18819,0.18876,0.18817,0.1885,-0.00005194,-0.00051753,-0.0008229,-0.0008229,-0.00020000000000000573,-0.0010610079575597122
1771166100000,2026-02-15T14:35:00Z,0.1883,0.18926,0.18822,0.18919,308580.7,58263.526317,0.1883,0.18926,0.1883,0.18925,0.1885,0.18939,0.1885,0.18939,-0.0008229,0,-0.00039291,0,-0.00020000000000000573,-0.0010560219652569075
1771166400000,2026-02-15T14:40:00Z,0.18919,0.18943,0.18895,0.18914,226976.2,42939.786723,0.18925,0.18943,0.18907,0.18921,0.18939,0.18945,0.18918,0.18938,0,-0.00048972,-0.0005568,-0.00048972,-0.00023999999999999022,-0.0012672932727848254
1771166700000,2026-02-15T14:45:00Z,0.18914,0.18926,0.18885,0.18917,99191.8,18760.154233,0.18921,0.18926,0.18888,0.18917,0.18938,0.18939,0.1891,0.1893,-0.00048972,-0.00004749,-0.00014475,-0.00004749,-0.00012999999999999123,-0.0006867406233491349
1771167000000,2026-02-15T14:50:00Z,0.18917,0.18936,0.18896,0.18929,108241.9,20477.069231,0.18917,0.18934,0.18902,0.18929,0.1893,0.18943,0.18915,0.18939,-0.00004749,-0.00018699,-0.00023925,-0.00023925,-9.999999999998899e-05,-0.0005280109826283806
1771167300000,2026-02-15T14:55:00Z,0.18929,0.18937,0.18919,0.18927,63850.4,12087.128992,0.18929,0.18945,0.18923,0.18928,0.18939,0.18959,0.18939,0.18949,-0.00023925,-0.00062046,-0.00081472,-0.00081472,-0.00021999999999999797,-0.00116101113515224
1771167600000,2026-02-15T15:00:00Z,0.18927,0.1895,0.18905,0.18938,138228.6,26172.30741,0.18928,0.1895,0.18916,0.18938,0.18949,0.18969,0.18936,0.18956,-0.00081472,-0.00066775,-0.0008782,-0.0008782,-0.00018000000000001348,-0.0009495674192868405
1771167900000,2026-02-15T15:05:00Z,0.18938,0.1897,0.18917,0.18948,114481.6,21687.011883,0.18938,0.1897,0.18918,0.1895,0.18956,0.18988,0.18942,0.18971,-0.0008782,-0.00086644,-0.00089901,-0.00086644,-0.00022999999999998022,-0.001212376785620053
1771168200000,2026-02-15T15:10:00Z,0.18948,0.18955,0.18935,0.18955,147521.3,27948.727727,0.1895,0.18958,0.18935,0.18955,0.18971,0.1898,0.18954,0.18972,-0.00086644,-0.00045105,-0.00061861,-0.00045105,-0.00017000000000000348,-0.0008960573476702692
1771168500000,2026-02-15T15:15:00Z,0.18955,0.18955,0.18889,0.18896,160709.4,30411.333009,0.18955,0.18957,0.18893,0.18898,0.18972,0.18976,0.18922,0.18927,-0.00045105,-0.00139797,-0.00149733,-0.00149733,-0.0003100000000000047,-0.0016378718233212063
1771168800000,2026-02-15T15:20:00Z,0.18896,0.18923,0.18896,0.1892,100588.1,19025.434822,0.18898,0.18923,0.18898,0.18922,0.18927,0.18951,0.18926,0.18949,-0.00149733,-0.00085604,-0.00127384,-0.00085604,-0.0002899999999999847,-0.00153042376906425
1771169100000,2026-02-15T15:25:00Z,0.1892,0.18936,0.18874,0.18891,109329.5,20658.037509,0.18922,0.18936,0.18874,0.18892,0.18949,0.18956,0.189,0.18908,-0.00085604,-0.00033932,-0.00061324,-0.00033932,-0.00017000000000000348,-0.0008990903321345646
1771169400000,2026-02-15T15:30:00Z,0.18891,0.18922,0.1888,0.18904,88068.1,16646.428016,0.18892,0.18922,0.18891,0.1891,0.18908,0.18931,0.18907,0.18923,-0.00033932,-0.00010666,-0.000219,-0.000219,-0.00018999999999999573,-0.0010040691222321816
1771169700000,2026-02-15T15:35:00Z,0.18904,0.18914,0.18856,0.18912,108813.7,20552.001826,0.1891,0.18914,0.18861,0.18912,0.18923,0.18927,0.18881,0.18926,-0.000219,-0.00023001,-0.00068015,-0.00023001,-0.00014000000000000123,-0.0007397231321990977
1771170000000,2026-02-15T15:40:00Z,0.18912,0.1893,0.18891,0.1893,67245.7,12715.869893,0.18912,0.1893,0.18898,0.1893,0.18926,0.18949,0.18916,0.18949,-0.00023001,-0.00047507,-0.00102682,-0.00102682,-0.00018999999999999573,-0.001002691434904194
1771170300000,2026-02-15T15:45:00Z,0.1893,0.18941,0.18907,0.18941,99888.1,18903.079019,0.1893,0.18941,0.18917,0.18941,0.18949,0.1896,0.1894,0.18953,-0.00102682,-0.00075141,-0.00078144,-0.00078144,-0.00012000000000000899,-0.0006331451485253469
1771170600000,2026-02-15T15:50:00Z,0.18941,0.18941,0.18895,0.18898,46481.4,8791.40955,0.18941,0.18941,0.18897,0.18901,0.18953,0.18957,0.18921,0.18925,-0.00078144,-0.00043214,-0.00106144,-0.00106144,-0.00026999999999999247,-0.0014266842800528003
1771170900000,2026-02-15T15:55:00Z,0.18898,0.18945,0.18888,0.18924,41928.1,7932.495257,0.18901,0.18945,0.18892,0.18924,0.18925,0.18964,0.18916,0.18946,-0.00106144,-0.00082174,-0.00097315,-0.00082174,-0.00021999999999999797,-0.001161194975192642
1771171200000,2026-02-15T16:00:00Z,0.18924,0.18951,0.1888,0.18914,473961.4,89717.885944,0.18924,0.18951,0.18895,0.18914,0.18946,0.18964,0.1892,0.18934,-0.00082174,-0.00068857,-0.00079853,-0.00068857,-0.00020000000000000573,-0.0010563008344776895
1771171500000,2026-02-15T16:05:00Z,0.18914,0.18919,0.1879,0.18837,761446.4,143545.043711,0.18914,0.18914,0.18808,0.18839,0.18934,0.18934,0.18825,0.18858,-0.00068857,-0.00036695,-0.00071364,-0.00071364,-0.00020999999999998797,-0.001113585746102386
1771171800000,2026-02-15T16:10:00Z,0.18837,0.18909,0.18837,0.18909,158207.2,29841.676538,0.18839,0.18909,0.18837,0.18909,0.18858,0.18919,0.18854,0.18919,-0.00071364,-0.00043755,-0.0006495,-0.00043755,-9.999999999998899e-05,-0.0005285691632749564
1771172100000,2026-02-15T16:15:00Z,0.18909,0.18979,0.18885,0.1897,201261.9,38090.823167,0.18909,0.18979,0.18894,0.18972,0.18919,0.18985,0.18908,0.1898,-0.00043755,0,0,0,-9.999999999998899e-05,-0.0005268703898840305
1771172400000,2026-02-15T16:20:00Z,0.1897,0.19004,0.18902,0.18902,764382.4,144847.499345,0.18972,0.19002,0.18904,0.18904,0.1898,0.1901,0.1892,0.1892,0,-0.00054187,-0.00083019,-0.00083019,-0.00018000000000001348,-0.0009513742071882319
1771172700000,2026-02-15T16:25:00Z,0.18902,0.18989,0.18902,0.18988,60257.6,11407.386446,0.18904,0.18989,0.18904,0.18988,0.1892,0.18996,0.18919,0.18995,-0.00083019,-0.00013473,-0.00053398,-0.00013473,-7.00000000000145e-05,-0.00036851803106088176
1771173000000,2026-02-15T16:30:00Z,0.18988,0.18988,0.18916,0.18924,108846.1,20621.184947,0.18988,0.18989,0.18923,0.18924,0.18995,0.19001,0.18939,0.18939,-0.00013473,-0.00044373,-0.00120915,-0.00044373,-0.00015000000000001124,-0.0007920164739427173
1771173300000,2026-02-15T16:35:00Z,0.18924,0.18942,0.18881,0.18881,67631.3,12787.644078,0.18924,0.18944,0.18881,0.18881,0.18939,0.18962,0.18901,0.18901,-0.00044373,-0.00048994,-0.00122904,-0.00122904,-0.00020000000000000573,-0.0010581450716893588
1771173600000,2026-02-15T16:40:00Z,0.18881,0.18939,0.18881,0.18934,59286.5,11214.505011,0.18881,0.18939,0.18881,0.18934,0.18901,0.18946,0.18899,0.18942,-0.00122904,-0.00016758,-0.00058386,-0.00016758,-7.999999999999674e-05,-0.00042234188575650266
1771173900000,2026-02-15T16:45:00Z,0.18934,0.18969,0.18919,0.18933,158021.6,29942.794564,0.18934,0.1897,0.18923,0.18934,0.18942,0.1898,0.18941,0.18951,-0.00016758,-0.00015476,-0.0008042,-0.0008042,-0.00018000000000001348,-0.0009498179515593556
1771174200000,2026-02-15T16:50:00Z,0.18933,0.18946,0.18912,0.18938,106326.6,20130.72858,0.18934,0.18946,0.18916,0.18938,0.18951,0.18952,0.18931,0.18947,-0.0008042,-0.00021792,-0.00066668,-0.00021792,-9.000000000000674e-05,-0.00047500923629074124
1771174500000,2026-02-15T16:55:00Z,0.18938,0.18965,0.18937,0.18948,25506.1,4833.667081,0.18938,0.18966,0.18938,0.18959,0.18947,0.18977,0.18947,0.18974,-0.00021792,0,-0.00015868,-0.00015868,-0.00025999999999998247,-0.0013702961947927822
1771174800000,2026-02-15T17:00:00Z,0.18948,0.18979,0.18946,0.18953,105708.3,20047.747069,0.18959,0.18979,0.18952,0.18962,0.18974,0.18993,0.18972,0.18981,-0.00015868,-0.00033428,-0.00045867,-0.00045867,-0.00028000000000000247,-0.001475159369896225
1771175100000,2026-02-15T17:05:00Z,0.18953,0.1899,0.18946,0.18959,111073.8,21082.456669,0.18962,0.1899,0.18954,0.18962,0.18981,0.18996,0.18974,0.18975,-0.00045867,-0.00009302,-0.00028088,-0.00028088,-0.00015999999999999348,-0.0008432147562582002
1771175400000,2026-02-15T17:10:00Z,0.18959,0.18967,0.18952,0.18967,127866.6,24239.614811,0.18962,0.18967,0.18956,0.18967,0.18975,0.18981,0.1897,0.1898,-0.00028088,-0.00029082,-0.00039124,-0.00039124,-0.00012999999999999123,-0.0006849315068492689
1771175700000,2026-02-15T17:15:00Z,0.18967,0.18967,0.1889,0.18904,123707.5,23416.995988,0.18967,0.18967,0.18892,0.18906,0.1898,0.18983,0.1891,0.18925,-0.00039124,-0.0006526,-0.00112241,-0.0006526,-0.00020999999999998797,-0.0011096433289299232
1771176000000,2026-02-15T17:20:00Z,0.18904,0.18938,0.18903,0.18932,61746.5,11684.517817,0.18906,0.18938,0.18904,0.18932,0.18925,0.18953,0.1892,0.18946,-0.0006526,-0.00069641,-0.00081321,-0.00081321,-0.00014000000000000123,-0.0007389422569407856
1771176300000,2026-02-15T17:25:00Z,0.18932,0.18934,0.18872,0.18893,69701.8,13169.775061,0.18932,0.18934,0.18873,0.18893,0.18946,0.18948,0.18889,0.18904,-0.00081321,-0.00072974,-0.00098158,-0.00098158,-0.00011000000000002674,-0.0005818874312316268
1771176600000,2026-02-15T17:30:00Z,0.18893,0.18922,0.18869,0.18905,76187,14387.157524,0.18893,0.18928,0.1887,0.18925,0.18904,0.1894,0.18887,0.18937,-0.00098158,-0.00009437,-0.00030443,-0.00030443,-0.0003200000000000147,-0.0016898135924381618
1771176900000,2026-02-15T17:35:00Z,0.18905,0.18967,0.18905,0.18953,119725.3,22681.258874,0.18925,0.18967,0.18913,0.18955,0.18937,0.18982,0.1893,0.18971,-0.00030443,-0.00032414,-0.00074405,-0.00032414,-0.00017999999999998573,-0.0009488166148330912
1771177200000,2026-02-15T17:40:00Z,0.18953,0.18955,0.18846,0.18854,215605.1,40722.95049,0.18955,0.18957,0.18853,0.18854,0.18971,0.18973,0.18865,0.18865,-0.00032414,-0.0006223,-0.00064913,-0.0006223,-0.00010999999999999899,-0.0005830903790087409
1771177500000,2026-02-15T17:45:00Z,0.18854,0.18854,0.18528,0.18565,4605695,859634.282615,0.18854,0.18854,0.18556,0.18564,0.18865,0.18865,0.18568,0.18583,-0.0006223,-0.00046117,-0.00105827,-0.00046117,-0.00017999999999998573,-0.0009686272399504156
1771177800000,2026-02-15T17:50:00Z,0.18565,0.18752,0.18565,0.18707,315166,58810.801632,0.18564,0.1875,0.18564,0.18709,0.18583,0.18752,0.18583,0.18721,-0.00046117,0,-0.00058821,-0.00058821,-0.00014000000000000123,-0.0007478233000373978
1771178100000,2026-02-15T17:55:00Z,0.18707,0.18713,0.18656,0.18696,190481.4,35590.177298,0.18709,0.18714,0.1866,0.18698,0.18721,0.18726,0.18675,0.18713,-0.00058821,0,-0.00060998,0,-0.00017000000000000348,-0.0009084593598033639
1771178400000,2026-02-15T18:00:00Z,0.18696,0.18699,0.18589,0.18612,227881.8,42466.978484,0.18698,0.18699,0.18589,0.18612,0.18713,0.18713,0.1861,0.18619,0,-0.00012883,-0.00054003,-0.00054003,-6.999999999998674e-05,-0.0003759600408184475
1771178700000,2026-02-15T18:05:00Z,0.18612,0.18727,0.18586,0.18688,367741.7,68652.846888,0.18612,0.18727,0.18588,0.18699,0.18619,0.18734,0.18604,0.18712,-0.00054003,-0.00012474,-0.00025237,-0.00025237,-0.00024000000000001798,-0.0012825994014537088
1771179000000,2026-02-15T18:10:00Z,0.18688,0.18723,0.18681,0.18694,149234.4,27907.225107,0.18699,0.18723,0.18688,0.18695,0.18712,0.18735,0.18701,0.1871,-0.00025237,-0.00017758,-0.00041245,-0.00041245,-0.00015999999999999348,-0.0008551576696953153
1771179300000,2026-02-15T18:15:00Z,0.18694,0.18734,0.18656,0.18717,108025.1,20186.853236,0.18695,0.18734,0.18664,0.18722,0.1871,0.18738,0.1868,0.18737,-0.00041245,-0.00035413,-0.00082345,-0.00035413,-0.00020000000000000573,-0.0010674067353365305
1771179600000,2026-02-15T18:20:00Z,0.18717,0.18775,0.18709,0.18771,235868.9,44246.791652,0.18722,0.18774,0.18715,0.18771,0.18737,0.18782,0.1873,0.18777,-0.00035413,0,-0.00004436,0,-6.0000000000004494e-05,-0.000319539862597883
1771179900000,2026-02-15T18:25:00Z,0.18771,0.18798,0.18689,0.18691,349371.8,65468.06702,0.18771,0.18804,0.18691,0.18691,0.18777,0.18811,0.18712,0.18712,0,-0.00043334,-0.00094381,-0.00043334,-0.00021000000000001573,-0.001122274476271995
1771180200000,2026-02-15T18:30:00Z,0.18691,0.18706,0.18574,0.18634,1075463.9,200484.49013,0.18691,0.18706,0.18586,0.18634,0.18712,0.18712,0.18604,0.18639,-0.00043334,0,-0.00068217,0,-4.999999999999449e-05,-0.00026825473469603784
1771180500000,2026-02-15T18:35:00Z,0.18634,0.18684,0.18573,0.18655,692137.5,128899.252679,0.18634,0.18673,0.1858,0.18658,0.18639,0.18683,0.18594,0.18668,0,-0.0000581,-0.0007374,-0.0007374,-0.000130000000000019,-0.0006963788300836672
1771180800000,2026-02-15T18:40:00Z,0.18655,0.1869,0.18621,0.18688,525277.3,98035.595457,0.18658,0.1869,0.18628,0.18688,0.18668,0.18696,0.18638,0.18696,-0.0007374,0,-0.00071196,-0.00071196,-7.999999999999674e-05,-0.0004278990158322462
1771181100000,2026-02-15T18:45:00Z,0.18688,0.18701,0.18568,0.18587,519083.4,96616.967109,0.18688,0.18702,0.18576,0.18589,0.18696,0.1871,0.18588,0.18601,-0.00071196,-0.00017065,-0.00056257,-0.00017065,-0.00014000000000000123,-0.0007526477071125274
1771181400000,2026-02-15T18:50:00Z,0.18587,0.18631,0.18587,0.18612,108365.3,20168.409152,0.18589,0.18631,0.18589,0.18612,0.18601,0.1864,0.18601,0.18619,-0.00017065,-0.00005676,-0.00055375,-0.00055375,-6.999999999998674e-05,-0.0003759600408184475
1771181700000,2026-02-15T18:55:00Z,0.18612,0.18619,0.18572,0.18615,100136.3,18628.559293,0.18612,0.18619,0.18578,0.18618,0.18619,0.1863,0.18591,0.1863,-0.00055375,-0.00011348,-0.00031178,-0.00011348,-0.00014999999999998348,-0.0008051529790659339
1771182000000,2026-02-15T19:00:00Z,0.18615,0.18645,0.18565,0.18565,278971,51920.105711,0.18618,0.18649,0.18566,0.18566,0.1863,0.18664,0.18585,0.18586,-0.00011348,-0.00084899,-0.00140013,-0.00084899,-0.00020999999999998797,-0.001129882707414118
1771182300000,2026-02-15T19:05:00Z,0.18565,0.18603,0.18483,0.18506,1331782.3,246585.07819,0.18566,0.18599,0.18487,0.18506,0.18586,0.18608,0.18506,0.18525,-0.00084899,-0.00033768,-0.00068869,-0.00033768,-0.00018999999999999573,-0.0010256410256410027
1771182600000,2026-02-15T19:10:00Z,0.18506,0.18582,0.18506,0.1857,576653.4,106983.473929,0.18506,0.18582,0.18506,0.1857,0.18525,0.18591,0.18524,0.18576,-0.00033768,-0.0000867,-0.00049151,-0.0000867,-6.0000000000004494e-05,-0.000322997416020696
1771182900000,2026-02-15T19:15:00Z,0.1857,0.18606,0.18554,0.18579,138988.7,25816.88886,0.1857,0.18606,0.18557,0.18579,0.18576,0.18616,0.1857,0.18591,-0.0000867,-0.00009648,-0.00073742,-0.00009648,-0.00011999999999998123,-0.0006454736162658342
1771183200000,2026-02-15T19:20:00Z,0.18579,0.18721,0.18569,0.18714,406116.8,75739.306594,0.18579,0.18725,0.18572,0.18725,0.18591,0.18731,0.18582,0.18731,-0.00009648,0,0,0,-0.00017000000000000348,-0.0009075863541722464
1771183500000,2026-02-15T19:25:00Z,0.18714,0.18721,0.18678,0.18716,205353.7,38397.650211,0.18725,0.18725,0.18682,0.18716,0.18731,0.18732,0.18699,0.1873,0,-0.00063237,-0.00083607,-0.00083607,-0.00014000000000000123,-0.0007474639615590029
1771183800000,2026-02-15T19:30:00Z,0.18716,0.18716,0.1863,0.18667,146140.8,27275.619749,0.18716,0.18717,0.18639,0.18671,0.1873,0.18732,0.18654,0.18687,-0.00083607,-0.00012811,-0.00067629,-0.00012811,-0.00020000000000000573,-0.001070262749505034
1771184100000,2026-02-15T19:35:00Z,0.18667,0.18671,0.18562,0.18591,201622.5,37494.181795,0.18671,0.18672,0.18566,0.18591,0.18687,0.18688,0.18585,0.18609,-0.00012811,-0.00070342,-0.00090668,-0.00070342,-0.00018000000000001348,-0.0009672738997260115
1771184400000,2026-02-15T19:40:00Z,0.18591,0.18629,0.18566,0.18596,198488,36915.989165,0.18591,0.18629,0.18573,0.18596,0.18609,0.1864,0.18591,0.18615,-0.00070342,-0.00045236,-0.0006036,-0.00045236,-0.00019000000000002348,-0.0010206822455010663
1771184700000,2026-02-15T19:45:00Z,0.18596,0.18665,0.1859,0.18612,243886.2,45438.185906,0.18596,0.18665,0.18596,0.18621,0.18615,0.18682,0.18614,0.18645,-0.00045236,-0.00081731,-0.00099121,-0.00099121,-0.00032999999999999696,-0.0017699115044247625
1771185000000,2026-02-15T19:50:00Z,0.18612,0.18666,0.18606,0.18647,172255.3,32103.70064,0.18621,0.18666,0.18611,0.18653,0.18645,0.18683,0.18636,0.18672,-0.00099121,-0.00022486,-0.00075621,-0.00075621,-0.0002500000000000002,-0.001338903170522709
1771185300000,2026-02-15T19:55:00Z,0.18647,0.18659,0.18634,0.18642,66533.6,12405.829476,0.18653,0.18659,0.18636,0.18647,0.18672,0.18672,0.18648,0.18663,-0.00075621,-0.00037927,-0.00051438,-0.00051438,-0.00020999999999998797,-0.0011252210255585276
1771185600000,2026-02-15T20:00:00Z,0.18642,0.18642,0.18562,0.1857,173336.8,32231.111714,0.18647,0.18647,0.18565,0.18572,0.18663,0.18663,0.18584,0.18591,-0.00051438,-0.00030788,-0.00091054,-0.00091054,-0.00020999999999998797,-0.0011295788284653217
1771185900000,2026-02-15T20:05:00Z,0.1857,0.18696,0.1857,0.18685,350659.4,65390.085151,0.18572,0.18696,0.18572,0.18685,0.18591,0.18713,0.18591,0.18705,-0.00091054,-0.00082198,-0.00096984,-0.00082198,-0.00020000000000000573,-0.0010692328254477718
1771186200000,2026-02-15T20:10:00Z,0.18685,0.18716,0.18659,0.18702,95093.7,17767.076397,0.18685,0.18716,0.18661,0.18706,0.18705,0.18733,0.18683,0.18727,-0.00082198,-0.00023708,-0.00056038,-0.00023708,-0.0002500000000000002,-0.0013349708976344327
1771186500000,2026-02-15T20:15:00Z,0.18702,0.18708,0.18633,0.18669,194818.3,36342.41452,0.18706,0.18708,0.18637,0.18669,0.18727,0.18727,0.18658,0.18679,-0.00023708,-0.0003974,-0.00097782,-0.00097782,-0.00010000000000001674,-0.0005353605653408466
1771186800000,2026-02-15T20:20:00Z,0.18669,0.18736,0.18669,0.18708,47775.7,8941.251718,0.18669,0.18736,0.18669,0.18711,0.18679,0.18749,0.18679,0.1873,-0.00097782,-0.00030243,-0.00044303,-0.00030243,-0.00021999999999999797,-0.0011745862253069834
1771187100000,2026-02-15T20:25:00Z,0.18708,0.18746,0.18708,0.18738,71871.1,13463.145188,0.18711,0.18743,0.18711,0.18739,0.1873,0.18757,0.18727,0.18757,-0.00030243,-0.00043716,-0.00085908,-0.00085908,-0.00018999999999999573,-0.0010129551634056391
1771187400000,2026-02-15T20:30:00Z,0.18738,0.18783,0.18719,0.18779,263967.1,49520.305953,0.18739,0.18783,0.18721,0.18779,0.18757,0.18796,0.18742,0.18791,-0.00085908,-0.00039631,-0.00064554,-0.00039631,-0.00011999999999998123,-0.0006386035868233795
1771187700000,2026-02-15T20:35:00Z,0.18779,0.1881,0.18769,0.1879,312489.7,58741.271118,0.18779,0.18807,0.1877,0.18796,0.18791,0.18821,0.18789,0.18813,-0.00039631,-0.00045393,-0.00048235,-0.00045393,-0.00022999999999998022,-0.0012225588688671676
1771188000000,2026-02-15T20:40:00Z,0.1879,0.18802,0.1877,0.18798,69131.2,12987.903419,0.18796,0.18802,0.1877,0.188,0.18813,0.18814,0.18791,0.18814,-0.00045393,-0.00024362,-0.00030974,-0.00024362,-0.00015999999999999348,-0.0008504305304560088
1771188300000,2026-02-15T20:45:00Z,0.18798,0.18814,0.18778,0.18779,60877.3,11445.387599,0.188,0.18815,0.18786,0.18786,0.18814,0.18836,0.1881,0.1881,-0.00024362,-0.00071756,-0.00087348,-0.00071756,-0.00030999999999997696,-0.0016480595427962625
1771188600000,2026-02-15T20:50:00Z,0.18779,0.18783,0.18748,0.1877,61633.6,11561.199271,0.18786,0.18786,0.18748,0.1877,0.1881,0.1881,0.18772,0.18785,-0.00071756,-0.00044617,-0.00096949,-0.00044617,-0.00014999999999998348,-0.0007985094490283922
1771188900000,2026-02-15T20:55:00Z,0.1877,0.18787,0.18765,0.18765,24599.6,4618.973765,0.1877,0.18792,0.18769,0.18771,0.18785,0.18806,0.18785,0.1879,-0.00044617,-0.00051231,-0.00063282,-0.00051231,-0.0002500000000000002,-0.0013304949441192134
1771189200000,2026-02-15T21:00:00Z,0.18765,0.18822,0.18764,0.18811,154129.8,28969.351533,0.18771,0.18822,0.18767,0.18813,0.1879,0.18832,0.18787,0.18831,-0.00051231,-0.00033257,-0.00060656,-0.00033257,-0.00020000000000000573,-0.0010620784876002641
1771189500000,2026-02-15T21:05:00Z,0.18811,0.18828,0.18796,0.1882,196229.7,36917.361554,0.18813,0.18828,0.18798,0.1882,0.18831,0.18846,0.18823,0.18837,-0.00033257,-0.00078234,-0.0010596,-0.00078234,-0.00017000000000000348,-0.000902479163348747
1771189800000,2026-02-15T21:10:00Z,0.1882,0.18831,0.18816,0.18816,52084.9,9803.445299,0.1882,0.18831,0.18819,0.18819,0.18837,0.18844,0.18831,0.18833,-0.00078234,-0.00033651,-0.00043333,-0.00043333,-0.00017000000000000348,-0.0009026708437317659
1771190100000,2026-02-15T21:15:00Z,0.18816,0.18835,0.18783,0.18821,184686.9,34732.338671,0.18819,0.18835,0.18787,0.18825,0.18833,0.1884,0.18802,0.18838,-0.00043333,-0.00040384,-0.00045891,-0.00045891,-0.00017000000000000348,-0.0009024312559719901
1771190400000,2026-02-15T21:20:00Z,0.18821,0.18831,0.18806,0.18807,99351.6,18700.762574,0.18825,0.18831,0.18809,0.18809,0.18838,0.18839,0.18826,0.18826,-0.00045891,-0.00015786,-0.00030153,-0.00015786,-0.00019000000000002348,-0.0010092425369171542
1771190700000,2026-02-15T21:25:00Z,0.18807,0.18819,0.1878,0.18804,52512.9,9871.520267,0.18809,0.1882,0.18784,0.18804,0.18826,0.18839,0.18803,0.18819,-0.00015786,-0.000348,-0.00065284,-0.000348,-0.00014999999999998348,-0.0007970667941972659
1771191000000,2026-02-15T21:30:00Z,0.18804,0.18874,0.18802,0.18802,228625.2,43092.051586,0.18804,0.18875,0.18802,0.18802,0.18819,0.18886,0.18819,0.18828,-0.000348,-0.00077455,-0.00141626,-0.00077455,-0.0002600000000000102,-0.0013809220310176877
1771191300000,2026-02-15T21:35:00Z,0.18802,0.18817,0.18778,0.18805,113566.7,21347.149788,0.18802,0.18817,0.18783,0.18806,0.18828,0.18828,0.1881,0.18825,-0.00077455,-0.00046528,-0.00049423,-0.00046528,-0.00020000000000000573,-0.001062416998672009
1771191600000,2026-02-15T21:40:00Z,0.18805,0.1881,0.18766,0.18771,59621.5,11198.570718,0.18806,0.1881,0.18767,0.18771,0.18825,0.18827,0.1878,0.18783,-0.00046528,-0.00028321,-0.00093321,-0.00028321,-0.00012000000000000899,-0.0006388755789810413
1771191900000,2026-02-15T21:45:00Z,0.18771,0.18792,0.18762,0.1878,23348,4382.805016,0.18771,0.18792,0.18765,0.18788,0.18783,0.18802,0.18779,0.188,-0.00028321,-0.00010778,-0.00039495,-0.00039495,-0.00020000000000000573,-0.001063829787234073
1771192200000,2026-02-15T21:50:00Z,0.1878,0.18811,0.18779,0.18794,87048.5,16355.465845,0.18788,0.18811,0.18788,0.18796,0.188,0.18817,0.18796,0.18813,-0.00039495,0,-0.00070273,0,-0.00018999999999999573,-0.0010099399351512026
1771192500000,2026-02-15T21:55:00Z,0.18794,0.18804,0.18779,0.18779,19693,3700.973207,0.18796,0.18804,0.18779,0.18779,0.18813,0.18819,0.18797,0.18797,0,-0.0005272,-0.00071819,-0.0005272,-0.00017999999999998573,-0.0009575996169600773
1771192800000,2026-02-15T22:00:00Z,0.18779,0.18779,0.18743,0.18766,55726.8,10450.285696,0.18779,0.18779,0.18746,0.18766,0.18797,0.18797,0.18757,0.18777,-0.0005272,-0.00028201,-0.00029856,-0.00028201,-0.00010999999999999899,-0.0005858230814294029
1771193100000,2026-02-15T22:05:00Z,0.18766,0.18811,0.18765,0.18794,63863.6,12000.119607,0.18766,0.18814,0.18766,0.18799,0.18777,0.18827,0.18773,0.18818,-0.00028201,-0.00060621,-0.00087893,-0.00087893,-0.00023999999999999022,-0.0012753746413008303
1771193400000,2026-02-15T22:10:00Z,0.18794,0.18803,0.18752,0.18764,131411.4,24683.058655,0.18799,0.18803,0.18752,0.18764,0.18818,0.18818,0.1877,0.1878,-0.00087893,0,-0.0009815,0,-0.00015999999999999348,-0.0008519701810436288
1771193700000,2026-02-15T22:15:00Z,0.18764,0.18785,0.18757,0.1876,83645.2,15702.783022,0.18764,0.18785,0.18761,0.18765,0.1878,0.18793,0.18774,0.18778,0,0,0,0,-0.00018000000000001348,-0.0009585685376505138
1771194000000,2026-02-15T22:20:00Z,0.1876,0.18801,0.18759,0.18801,80270.3,15073.412368,0.18765,0.18801,0.18765,0.18801,0.18778,0.18808,0.18776,0.18808,0,0,0,0,-6.999999999998674e-05,-0.0003721820501913374
1771194300000,2026-02-15T22:25:00Z,0.18801,0.18848,0.18801,0.18813,41176.3,7752.360748,0.18801,0.18849,0.18801,0.18814,0.18808,0.18854,0.18808,0.18833,0,0,-0.00032042,0,-0.00020000000000000573,-0.0010619656985079687
1771194600000,2026-02-15T22:30:00Z,0.18813,0.18877,0.18805,0.18861,117991.4,22240.371119,0.18814,0.18879,0.18809,0.18863,0.18833,0.18891,0.18828,0.18877,0,-0.00006368,-0.00020875,-0.00006368,-0.00015999999999999348,-0.0008475923080997695
1771194900000,2026-02-15T22:35:00Z,0.18861,0.1887,0.18837,0.18858,30629.1,5773.512351,0.18863,0.1887,0.18839,0.18858,0.18877,0.18877,0.18854,0.18868,-0.00006368,0,-0.00036643,0,-9.999999999998899e-05,-0.0005299978800084216
1771195200000,2026-02-15T22:40:00Z,0.18858,0.18869,0.18817,0.18825,13632.3,2569.779506,0.18858,0.18858,0.18818,0.18826,0.18868,0.18872,0.18836,0.18844,0,-0.00019853,-0.0003122,-0.00019853,-0.00018999999999999573,-0.0010082784971343437
1771195500000,2026-02-15T22:45:00Z,0.18825,0.18866,0.1881,0.18863,155540.7,29311.187287,0.18826,0.18864,0.18818,0.18863,0.18844,0.18872,0.18839,0.18872,-0.00019853,-0.00016447,-0.00018593,-0.00018593,-9.000000000000674e-05,-0.0004768969902501417
1771195800000,2026-02-15T22:50:00Z,0.18863,0.18871,0.1884,0.1887,106564.8,20091.719375,0.18863,0.18876,0.1884,0.18876,0.18872,0.1889,0.1886,0.1889,-0.00018593,-0.00001705,-0.00033412,-0.00001705,-0.00020000000000000573,-0.0010587612493383044
1771196100000,2026-02-15T22:55:00Z,0.1887,0.1887,0.18841,0.18842,23874,4500.638282,0.18876,0.18876,0.18841,0.18846,0.1889,0.1889,0.18864,0.18869,-0.00001705,-0.00047273,-0.00074355,-0.00074355,-0.00026999999999999247,-0.001430918437649014
1771196400000,2026-02-15T23:00:00Z,0.18842,0.18851,0.18736,0.1875,82830.7,15574.251656,0.18846,0.18848,0.18736,0.18751,0.18869,0.1887,0.18756,0.18771,-0.00074355,-0.00037102,-0.00100942,-0.00037102,-0.00020999999999998797,-0.0011187470033561771
1771196700000,2026-02-15T23:05:00Z,0.1875,0.18755,0.18657,0.1868,222965.9,41667.170538,0.18751,0.18755,0.18664,0.1868,0.18771,0.18771,0.18681,0.18696,-0.00037102,-0.00033739,-0.00062991,-0.00033739,-0.00015999999999999348,-0.0008557980316644924
1771197000000,2026-02-15T23:10:00Z,0.1868,0.18743,0.1868,0.1872,103515,19377.823885,0.1868,0.18746,0.1868,0.18721,0.18696,0.18761,0.18696,0.1874,-0.00033739,-0.00055216,-0.00075012,-0.00055216,-0.00020000000000000573,-0.001067235859124897
1771197300000,2026-02-15T23:15:00Z,0.1872,0.1875,0.1869,0.18736,180340.7,33759.325674,0.18721,0.18751,0.18693,0.18738,0.1874,0.18764,0.18712,0.18753,-0.00055216,-0.00032444,-0.00111031,-0.00111031,-0.00017000000000000348,-0.0009065216232069721
1771197600000,2026-02-15T23:20:00Z,0.18736,0.18776,0.18712,0.18776,126740.9,23746.553788,0.18738,0.18776,0.18715,0.18776,0.18753,0.18785,0.18733,0.18785,-0.00111031,-0.00028397,-0.00066977,-0.00066977,-8.999999999997899e-05,-0.00047910566941697624
1771197900000,2026-02-15T23:25:00Z,0.18776,0.18817,0.18776,0.18803,130759.5,24572.769258,0.18776,0.18817,0.18776,0.18809,0.18785,0.18828,0.18785,0.18823,-0.00066977,-0.00010071,-0.00044852,-0.00044852,-0.00020000000000000573,-0.0010625298836530082
1771198200000,2026-02-15T23:30:00Z,0.18803,0.18893,0.18803,0.18859,275697.9,51978.722942,0.18809,0.18893,0.18809,0.18859,0.18823,0.18904,0.18819,0.18878,-0.00044852,-0.00050135,-0.00072302,-0.00072302,-0.00018999999999999573,-0.001006462548998812
1771198500000,2026-02-15T23:35:00Z,0.18859,0.18871,0.18839,0.18849,167763.3,31631.975217,0.18859,0.18871,0.18843,0.18852,0.18878,0.18888,0.18856,0.18867,-0.00072302,-0.00035374,-0.0005072,-0.00035374,-0.00018000000000001348,-0.0009540467482907377
1771198800000,2026-02-15T23:40:00Z,0.18849,0.18875,0.18847,0.18867,39904,7525.865014,0.18852,0.18876,0.18851,0.18876,0.18867,0.18888,0.18865,0.18888,-0.00035374,0,-0.00039854,-0.00039854,-0.00020999999999998797,-0.001111817026683545
1771199100000,2026-02-15T23:45:00Z,0.18867,0.18918,0.18866,0.18904,144949.3,27399.883344,0.18876,0.18918,0.18876,0.18913,0.18888,0.18928,0.18888,0.18926,-0.00039854,-0.00010156,-0.00018739,-0.00010156,-0.00021999999999999797,-0.0011624220648842754
1771199400000,2026-02-15T23:50:00Z,0.18904,0.18929,0.18903,0.18918,55676,10531.731759,0.18913,0.1893,0.18903,0.1892,0.18926,0.18943,0.18917,0.18935,-0.00010156,-0.00035656,-0.00043661,-0.00035656,-0.00017000000000000348,-0.000897808291523652
1771199700000,2026-02-15T23:55:00Z,0.18918,0.1894,0.18914,0.18922,40114.1,7590.090518,0.1892,0.1894,0.1892,0.18922,0.18935,0.18952,0.18932,0.18932,-0.00035656,-0.00030917,-0.00061449,-0.00061449,-9.999999999998899e-05,-0.0005282062117049915
1771200000000,2026-02-16T00:00:00Z,0.18922,0.1893,0.18884,0.18884,379910.6,71788.338033,0.18922,0.18928,0.18893,0.18896,0.18932,0.18943,0.18912,0.18917,-0.00061449,-0.00041977,-0.00091231,-0.00041977,-0.00032999999999999696,-0.001744462652640466
1771200300000,2026-02-16T00:05:00Z,0.18884,0.19003,0.18884,0.18984,216196.6,40996.840714,0.18896,0.19003,0.18894,0.18987,0.18917,0.19015,0.18914,0.19002,-0.00041977,-0.00018152,-0.00051771,-0.00018152,-0.00017999999999998573,-0.0009472687085569189
1771200600000,2026-02-16T00:10:00Z,0.18984,0.19012,0.18975,0.18995,123504.7,23458.855044,0.18987,0.19013,0.18977,0.18995,0.19002,0.19025,0.18989,0.19008,-0.00018152,0,-0.00061298,-0.00061298,-0.00012999999999999123,-0.0006839225589225128
1771200900000,2026-02-16T00:15:00Z,0.18995,0.19046,0.18994,0.18994,468357.5,89059.557132,0.18995,0.19046,0.18995,0.19003,0.19008,0.19059,0.19008,0.19021,-0.00061298,-0.00009699,-0.00049462,-0.00049462,-0.00026999999999999247,-0.001419483728510554
1771201200000,2026-02-16T00:20:00Z,0.18994,0.18997,0.18907,0.18912,104278.1,19761.682901,0.19003,0.19003,0.18907,0.18912,0.19021,0.19021,0.18926,0.18926,-0.00049462,-0.00033544,-0.00095661,-0.00095661,-0.00014000000000000123,-0.0007397231321990977
1771201500000,2026-02-16T00:25:00Z,0.18912,0.1893,0.18907,0.18917,104529.3,19776.220811,0.18912,0.18928,0.18909,0.18917,0.18926,0.18936,0.1892,0.18923,-0.00095661,-0.00032984,-0.00063127,-0.00032984,-6.0000000000004494e-05,-0.00031707445965229873
1771201800000,2026-02-16T00:30:00Z,0.18917,0.18939,0.18891,0.18937,47366.3,8959.738547,0.18917,0.18939,0.18892,0.18937,0.18923,0.1895,0.18904,0.18948,-0.00032984,-0.00023801,-0.00056193,-0.00023801,-0.00010999999999999899,-0.0005805362043487385
1771202100000,2026-02-16T00:35:00Z,0.18937,0.18956,0.18903,0.18906,64996.1,12312.164063,0.18937,0.18956,0.18909,0.18909,0.18948,0.18967,0.18923,0.18923,-0.00023801,-0.00017325,-0.00021621,-0.00021621,-0.00017000000000000348,-0.0008983776356814642
1771202400000,2026-02-16T00:40:00Z,0.18906,0.18915,0.18882,0.18882,24325.2,4597.45691,0.18909,0.18915,0.18885,0.18885,0.18923,0.18923,0.18903,0.18903,-0.00021621,-0.00019563,-0.00052531,-0.00052531,-0.00021000000000001573,-0.001110934772258455
1771202700000,2026-02-16T00:45:00Z,0.18882,0.18907,0.18858,0.18907,54084.8,10213.241753,0.18885,0.18907,0.18859,0.18907,0.18903,0.18916,0.18878,0.18915,-0.00052531,-0.00024812,-0.00058228,-0.00024812,-8.00000000000245e-05,-0.00042294475284178953
1771203000000,2026-02-16T00:50:00Z,0.18907,0.18953,0.18907,0.1893,54777.9,10372.457515,0.18907,0.18953,0.18907,0.18931,0.18915,0.18959,0.18915,0.18944,-0.00024812,0,-0.00003334,0,-0.00014000000000000123,-0.0007390202702702768
1771203300000,2026-02-16T00:55:00Z,0.1893,0.18933,0.18897,0.18898,96984.1,18342.332913,0.18931,0.18931,0.18897,0.18899,0.18944,0.18944,0.18912,0.18914,0,-0.00046716,-0.00073366,-0.00046716,-0.00015999999999999348,-0.0008459342286136908
1771203600000,2026-02-16T01:00:00Z,0.18898,0.18957,0.18886,0.18949,69748.2,13190.909162,0.18899,0.18957,0.18891,0.1895,0.18914,0.18967,0.18908,0.1896,-0.00046716,-0.00004247,-0.00009679,-0.00009679,-0.00010999999999999899,-0.0005801687763713027
1771203900000,2026-02-16T01:05:00Z,0.18949,0.18968,0.18949,0.18964,63082.6,11961.724078,0.1895,0.18968,0.1895,0.18964,0.1896,0.18979,0.1896,0.18974,-0.00009679,-0.00044272,-0.00057985,-0.00057985,-9.999999999998899e-05,-0.0005270369979972014
1771204200000,2026-02-16T01:10:00Z,0.18964,0.18988,0.18893,0.18908,104640.4,19814.548757,0.18964,0.18988,0.18893,0.18908,0.18974,0.19002,0.18914,0.18926,-0.00057985,-0.00046798,-0.0006543,-0.00046798,-0.00018000000000001348,-0.0009510725985417598
1771204500000,2026-02-16T01:15:00Z,0.18908,0.18944,0.18908,0.18914,34622.5,6554.867576,0.18908,0.18946,0.18908,0.18921,0.18926,0.1896,0.18926,0.18938,-0.00046798,-0.00039542,-0.0004516,-0.00039542,-0.00023999999999999022,-0.0012672932727848254
1771204800000,2026-02-16T01:20:00Z,0.18914,0.18914,0.18823,0.18835,24062.3,4538.842588,0.18921,0.18921,0.18825,0.18835,0.18938,0.18938,0.18845,0.18855,-0.00039542,-0.00068293,-0.00071379,-0.00068293,-0.00020000000000000573,-0.0010607265977194682
1771205100000,2026-02-16T01:25:00Z,0.18835,0.18857,0.18821,0.18856,33072.9,6232.920418,0.18835,0.18857,0.18826,0.18856,0.18855,0.18868,0.18844,0.18866,-0.00068293,-0.00011274,-0.00046428,-0.00011274,-9.999999999998899e-05,-0.0005300540655146242
1771205400000,2026-02-16T01:30:00Z,0.18856,0.18885,0.18828,0.18834,112998.3,21295.689384,0.18856,0.18885,0.18831,0.18836,0.18866,0.18891,0.1885,0.18856,-0.00011274,-0.00072635,-0.00086954,-0.00086954,-0.00021999999999999797,-0.0011667373780228998
1771205700000,2026-02-16T01:35:00Z,0.18834,0.18853,0.18776,0.18777,80464.4,15140.861167,0.18836,0.18853,0.1878,0.1878,0.18856,0.1886,0.18799,0.18799,-0.00086954,-0.00067656,-0.00098451,-0.00098451,-0.00021999999999999797,-0.001170275014628427
1771206000000,2026-02-16T01:40:00Z,0.18777,0.18828,0.18777,0.18821,107259,20175.34606,0.1878,0.18828,0.18779,0.18824,0.18799,0.18841,0.18799,0.18839,-0.00098451,-0.00031783,-0.0004902,-0.00031783,-0.00018000000000001348,-0.0009554647274272174
1771206300000,2026-02-16T01:45:00Z,0.18821,0.18849,0.18821,0.18842,36289,6835.660254,0.18824,0.18849,0.18824,0.18842,0.18839,0.18858,0.18839,0.18857,-0.00031783,-0.00050002,-0.00062293,-0.00050002,-0.00014999999999998348,-0.0007954605716709099
1771206600000,2026-02-16T01:50:00Z,0.18842,0.18842,0.18828,0.18838,17650.3,3324.03831,0.18842,0.18842,0.18828,0.18841,0.18857,0.18859,0.18845,0.18858,-0.00050002,-0.0002929,-0.00058375,-0.00058375,-0.00020000000000000573,-0.001060557853430935
1771206900000,2026-02-16T01:55:00Z,0.18838,0.18862,0.18836,0.18853,65140,12279.986927,0.18841,0.18862,0.18836,0.18857,0.18858,0.18877,0.18852,0.1887,-0.00058375,-0.00014733,-0.00028517,-0.00028517,-0.00017000000000000348,-0.0009009009009009193
1771207200000,2026-02-16T02:00:00Z,0.18853,0.18878,0.1882,0.18873,57279.5,10793.697901,0.18857,0.18878,0.18823,0.18875,0.1887,0.18889,0.18839,0.18889,-0.00028517,-0.00042414,-0.00052261,-0.00042414,-0.00015999999999999348,-0.0008470538408597251
1771207500000,2026-02-16T02:05:00Z,0.18873,0.18885,0.18844,0.18847,26353.6,4973.093644,0.18875,0.18886,0.18854,0.18854,0.18889,0.189,0.18873,0.18873,-0.00042414,-0.00027219,-0.0005343,-0.0005343,-0.0002600000000000102,-0.0013776294176866964
1771207800000,2026-02-16T02:10:00Z,0.18847,0.18872,0.18798,0.18864,81667.6,15379.167787,0.18854,0.18873,0.18802,0.18864,0.18873,0.18887,0.18823,0.18879,-0.0005343,-0.00056361,-0.00080743,-0.00080743,-0.00015000000000001124,-0.0007945336087717105
1771208100000,2026-02-16T02:15:00Z,0.18864,0.18876,0.18832,0.18838,34327.6,6474.344795,0.18864,0.18876,0.18839,0.18839,0.18879,0.1889,0.18857,0.18858,-0.00080743,-0.00023136,-0.00100487,-0.00100487,-0.00020000000000000573,-0.001060557853430935
1771208400000,2026-02-16T02:20:00Z,0.18838,0.18838,0.18798,0.18814,39393.7,7412.687022,0.18839,0.18839,0.18804,0.1881,0.18858,0.18858,0.18821,0.18826,-0.00100487,-0.00014062,-0.00067266,-0.00067266,-0.00012000000000000899,-0.0006374163391055401
1771208700000,2026-02-16T02:25:00Z,0.18814,0.18827,0.18784,0.1879,63381.1,11921.584611,0.1881,0.18827,0.18789,0.1879,0.18826,0.1884,0.18811,0.18811,-0.00067266,-0.00061674,-0.00062131,-0.00062131,-0.00020999999999998797,-0.0011163680825048534
1771209000000,2026-02-16T02:30:00Z,0.1879,0.18833,0.18776,0.18814,42841.6,8058.938639,0.1879,0.18833,0.18776,0.18812,0.18811,0.18843,0.18796,0.18827,-0.00062131,-0.00020642,-0.00039934,-0.00020642,-0.00012999999999999123,-0.0006904976894884541
1771209300000,2026-02-16T02:35:00Z,0.18814,0.18826,0.18799,0.18802,21006.5,3952.505683,0.18812,0.18826,0.18802,0.18802,0.18827,0.18839,0.18813,0.18815,-0.00020642,-0.00027452,-0.00078621,-0.00078621,-0.000130000000000019,-0.0006909380813181982
1771209600000,2026-02-16T02:40:00Z,0.18802,0.18814,0.18792,0.18794,57997.2,10903.211092,0.18802,0.18817,0.18794,0.188,0.18815,0.18831,0.1881,0.18818,-0.00078621,-0.00040859,-0.00072465,-0.00072465,-0.00023999999999999022,-0.0012753746413008303
1771209900000,2026-02-16T02:45:00Z,0.18794,0.18812,0.18742,0.18749,68077.5,12783.50493,0.188,0.18812,0.18742,0.18749,0.18818,0.18824,0.18765,0.18767,-0.00072465,-0.00073363,-0.00085394,-0.00073363,-0.00018000000000001348,-0.0009591303884478791
1771210200000,2026-02-16T02:50:00Z,0.18749,0.18789,0.18731,0.18734,66089.6,12400.834444,0.18749,0.18789,0.18733,0.18736,0.18767,0.18805,0.18753,0.18756,-0.00073363,-0.0006295,-0.00102492,-0.00102492,-0.00021999999999999797,-0.0011729579867775536
1771210500000,2026-02-16T02:55:00Z,0.18734,0.18753,0.18717,0.18741,60986.9,11426.773929,0.18736,0.18751,0.18722,0.18743,0.18756,0.18766,0.18741,0.1876,-0.00102492,-0.00042688,-0.00051191,-0.00051191,-0.00018999999999999573,-0.0010127931769722588
1771210800000,2026-02-16T03:00:00Z,0.18741,0.18788,0.18741,0.18784,86698,16271.036803,0.18743,0.18788,0.18743,0.18784,0.1876,0.18801,0.1876,0.18801,-0.00051191,-0.00063323,-0.00067,-0.00063323,-0.00017000000000000348,-0.0009042072230200706
1771211100000,2026-02-16T03:05:00Z,0.18784,0.18789,0.18766,0.18766,16694.6,3134.900886,0.18784,0.18791,0.18767,0.18773,0.18801,0.18808,0.18783,0.18791,-0.00063323,-0.00030443,-0.00032726,-0.00032726,-0.0002500000000000002,-0.0013304241392155833
1771211400000,2026-02-16T03:10:00Z,0.18766,0.18784,0.18745,0.18758,36316.9,6814.037063,0.18773,0.18776,0.1875,0.18765,0.18791,0.18791,0.1877,0.18782,-0.00032726,-0.00047418,-0.0006378,-0.00047418,-0.00023999999999999022,-0.0012778191885847632
1771211700000,2026-02-16T03:15:00Z,0.18758,0.1878,0.18744,0.18769,97964,18379.755488,0.18765,0.1878,0.18748,0.18776,0.18782,0.18794,0.18766,0.18793,-0.00047418,-0.00028895,-0.00071486,-0.00028895,-0.00024000000000001798,-0.0012770712499335815
1771212000000,2026-02-16T03:20:00Z,0.18769,0.18784,0.18751,0.1878,100839.2,18921.025017,0.18776,0.18784,0.18755,0.1878,0.18793,0.18802,0.18775,0.18796,-0.00028895,-0.00053926,-0.00071852,-0.00053926,-0.00015999999999999348,-0.0008512449457331
1771212300000,2026-02-16T03:25:00Z,0.1878,0.18787,0.18736,0.18765,130409.6,24464.50926,0.1878,0.18788,0.18742,0.18766,0.18796,0.18808,0.18764,0.18783,-0.00053926,-0.00050433,-0.0006757,-0.00050433,-0.00017999999999998573,-0.0009583133684714142
1771212600000,2026-02-16T03:30:00Z,0.18765,0.18819,0.18765,0.18804,77242.2,14524.173611,0.18766,0.18819,0.18766,0.18808,0.18783,0.18833,0.18783,0.18821,-0.00050433,-0.00023312,-0.00032545,-0.00032545,-0.00016999999999997573,-0.0009032463737313412
1771212900000,2026-02-16T03:35:00Z,0.18804,0.18811,0.18774,0.18798,22322.3,4195.590977,0.18808,0.18811,0.18781,0.18798,0.18821,0.18821,0.18798,0.18812,-0.00032545,-0.00046783,-0.00093499,-0.00093499,-0.00014000000000000123,-0.0007442058260684735
1771213200000,2026-02-16T03:40:00Z,0.18798,0.18816,0.18784,0.18806,32839.6,6172.640942,0.18798,0.18816,0.18785,0.18811,0.18812,0.18827,0.18803,0.18825,-0.00093499,-0.00046551,-0.00068131,-0.00068131,-0.00018999999999999573,-0.0010092961487383572
1771213500000,2026-02-16T03:45:00Z,0.18806,0.18811,0.18779,0.18811,28208.1,5299.27327,0.18811,0.18811,0.18782,0.18811,0.18825,0.18826,0.188,0.18826,-0.00068131,-0.00007222,-0.00059023,-0.00007222,-0.00015000000000001124,-0.0007967704238819251
1771213800000,2026-02-16T03:50:00Z,0.18811,0.18843,0.1881,0.18812,123454.7,23243.902042,0.18811,0.18846,0.18811,0.18813,0.18826,0.1886,0.18826,0.18832,-0.00007222,-0.00042559,-0.00061226,-0.00042559,-0.00019999999999997797,-0.0010620220900593564
1771214100000,2026-02-16T03:55:00Z,0.18812,0.1884,0.18809,0.18828,76703.9,14439.077148,0.18813,0.1884,0.18813,0.18828,0.18832,0.1885,0.18829,0.18841,-0.00042559,0,-0.0005228,0,-0.00012999999999999123,-0.0006899846080356204
1771214400000,2026-02-16T04:00:00Z,0.18828,0.189,0.18811,0.18886,90807.9,17135.923408,0.18828,0.189,0.18813,0.18889,0.18841,0.18916,0.18826,0.18912,0,-0.00067389,-0.00094399,-0.00067389,-0.0002600000000000102,-0.0013747884940778882
1771214700000,2026-02-16T04:05:00Z,0.18886,0.18912,0.18871,0.18907,133277.1,25178.690773,0.18889,0.18912,0.18876,0.18907,0.18912,0.18931,0.18896,0.18927,-0.00067389,-0.00051428,-0.00055752,-0.00055752,-0.00020000000000000573,-0.0010566914989169215
1771215000000,2026-02-16T04:10:00Z,0.18907,0.18907,0.18883,0.1889,46024.3,8696.420798,0.18907,0.18907,0.18887,0.18891,0.18927,0.18927,0.18904,0.18911,-0.00055752,-0.0005391,-0.00063748,-0.00063748,-0.00020999999999998797,-0.0011104648088413516
1771215300000,2026-02-16T04:15:00Z,0.1889,0.18926,0.18888,0.18918,175004.9,33087.187278,0.18891,0.18926,0.18891,0.18921,0.18911,0.18939,0.18911,0.18937,-0.00063748,-0.00024047,-0.00048619,-0.00048619,-0.00019000000000002348,-0.0010033268205102365
1771215600000,2026-02-16T04:20:00Z,0.18918,0.18946,0.18914,0.18931,59349,11233.68609,0.18921,0.18946,0.18921,0.18934,0.18937,0.18958,0.18937,0.18947,-0.00048619,-0.00004565,-0.00042665,-0.00004565,-0.00015999999999999348,-0.0008444608645167757
1771215900000,2026-02-16T04:25:00Z,0.18931,0.18937,0.18916,0.18937,181340.1,34320.477924,0.18934,0.18937,0.18918,0.18937,0.18947,0.18949,0.18939,0.18939,-0.00004565,-0.00035867,-0.00076429,-0.00076429,-1.9999999999992246e-05,-0.00010560219652564679
1771216200000,2026-02-16T04:30:00Z,0.18937,0.18937,0.18884,0.18884,67766.2,12813.202056,0.18937,0.18937,0.18892,0.18892,0.18939,0.18941,0.1891,0.18912,-0.00076429,-0.00041382,-0.00066539,-0.00066539,-0.00028000000000000247,-0.0014805414551607575
1771216500000,2026-02-16T04:35:00Z,0.18884,0.18889,0.18867,0.18881,8180,1543.90833,0.18892,0.18892,0.18867,0.18881,0.18912,0.18912,0.18885,0.18899,-0.00066539,-0.0002868,-0.00040979,-0.00040979,-0.00017999999999998573,-0.0009524313455737644
1771216800000,2026-02-16T04:40:00Z,0.18881,0.18881,0.18856,0.18856,30024.6,5666.189206,0.18881,0.18882,0.18856,0.18857,0.18899,0.189,0.18876,0.18882,-0.00040979,-0.00069798,-0.00082233,-0.00069798,-0.00025999999999998247,-0.0013769727783072899
1771217100000,2026-02-16T04:45:00Z,0.18856,0.18874,0.18844,0.18874,47821.7,9019.300123,0.18857,0.18874,0.18848,0.18874,0.18882,0.18892,0.18873,0.18892,-0.00069798,-0.00030623,-0.00035944,-0.00030623,-0.00018000000000001348,-0.0009527842473005159
1771217400000,2026-02-16T04:50:00Z,0.18874,0.1895,0.18869,0.18941,320316.1,60648.529694,0.18874,0.18946,0.18873,0.18941,0.18892,0.18964,0.18891,0.18957,-0.00030623,-0.00014992,-0.0007036,-0.00014992,-0.00015999999999999348,-0.0008440154032810756
1771217700000,2026-02-16T04:55:00Z,0.18941,0.1897,0.18936,0.18957,153556,29111.496327,0.18941,0.1897,0.1894,0.18963,0.18957,0.18987,0.18957,0.18981,-0.00014992,-0.00003019,-0.00033876,-0.00003019,-0.00024000000000001798,-0.0012644223170539908
1771218000000,2026-02-16T05:00:00Z,0.18957,0.19025,0.18901,0.18904,254606,48322.834045,0.18963,0.1902,0.18909,0.18909,0.18981,0.19028,0.1893,0.1893,-0.00003019,-0.00025804,-0.00049846,-0.00025804,-0.00025999999999998247,-0.0013734812466982698
1771218300000,2026-02-16T05:05:00Z,0.18904,0.18904,0.18837,0.18852,112217.6,21162.314736,0.18909,0.18909,0.18844,0.18852,0.1893,0.1893,0.18869,0.18875,-0.00025804,-0.0007552,-0.00153677,-0.0007552,-0.00023000000000000798,-0.001218543046357658
1771218600000,2026-02-16T05:10:00Z,0.18852,0.18871,0.18791,0.18791,312389.8,58842.904485,0.18852,0.18876,0.18796,0.18796,0.18875,0.18897,0.18822,0.18823,-0.0007552,-0.00084821,-0.00124226,-0.00124226,-0.0003200000000000147,-0.0017000478138448425
1771218900000,2026-02-16T05:15:00Z,0.18791,0.18795,0.18773,0.1878,36171.7,6793.688001,0.18796,0.18796,0.18773,0.18786,0.18823,0.18823,0.18798,0.18808,-0.00124226,-0.00056416,-0.00075009,-0.00075009,-0.00028000000000000247,-0.0014887282007656447
1771219200000,2026-02-16T05:20:00Z,0.1878,0.18787,0.18659,0.18694,539763.6,100889.855315,0.18786,0.18787,0.18686,0.18694,0.18808,0.18808,0.18708,0.18712,-0.00075009,-0.00091671,-0.00101507,-0.00101507,-0.00018000000000001348,-0.0009619495510902815
1771219500000,2026-02-16T05:25:00Z,0.18694,0.18712,0.1866,0.18694,720628.6,134658.875404,0.18694,0.18712,0.18682,0.18694,0.18712,0.18731,0.18705,0.18714,-0.00101507,-0.00061166,-0.0006483,-0.00061166,-0.00020000000000000573,-0.0010687186063909678
1771219800000,2026-02-16T05:30:00Z,0.18694,0.18735,0.18691,0.18695,104814,19611.320539,0.18694,0.18734,0.18693,0.18698,0.18714,0.18748,0.18711,0.18717,-0.00061166,-0.00034512,-0.00093039,-0.00093039,-0.00021999999999999797,-0.001175402040925351
1771220100000,2026-02-16T05:35:00Z,0.18695,0.18703,0.1862,0.18636,481292.8,89717.583866,0.18698,0.18703,0.18636,0.18636,0.18717,0.1872,0.1866,0.1866,-0.00093039,-0.00087337,-0.00134527,-0.00087337,-0.00023999999999999022,-0.0012861736334404622
1771220400000,2026-02-16T05:40:00Z,0.18636,0.18699,0.18634,0.18685,351620.2,65690.309978,0.18636,0.18685,0.18635,0.18685,0.1866,0.18717,0.1866,0.18702,-0.00087337,-0.00098929,-0.0012491,-0.0012491,-0.00017000000000000348,-0.0009089936905144021
1771220700000,2026-02-16T05:45:00Z,0.18685,0.18704,0.18678,0.18686,166795.3,31168.895043,0.18685,0.18704,0.18681,0.18686,0.18702,0.18725,0.18702,0.18708,-0.0012491,-0.00070431,-0.00093564,-0.00093564,-0.00021999999999999797,-0.0011759675005345198
1771221000000,2026-02-16T05:50:00Z,0.18686,0.18693,0.18662,0.18688,48765.5,9107.923592,0.18686,0.18693,0.18666,0.18691,0.18708,0.18712,0.18693,0.18712,-0.00093564,-0.00081265,-0.00091253,-0.00091253,-0.00024000000000001798,-0.0012825994014537088
1771221300000,2026-02-16T05:55:00Z,0.18688,0.18709,0.18688,0.18694,79671.8,14894.984711,0.18691,0.18709,0.18691,0.18694,0.18712,0.18729,0.18712,0.18718,-0.00091253,-0.0008371,-0.00104674,-0.0008371,-0.00024000000000001798,-0.001282188267977444
1771221600000,2026-02-16T06:00:00Z,0.18694,0.18732,0.18677,0.18727,145806.4,27271.739105,0.18694,0.18732,0.18685,0.18727,0.18718,0.18748,0.18711,0.18746,-0.0008371,-0.00052932,-0.00067586,-0.00067586,-0.00018999999999999573,-0.001013549557238855
1771221900000,2026-02-16T06:05:00Z,0.18727,0.18734,0.1871,0.18725,28101.9,5262.816278,0.18727,0.18736,0.18712,0.18727,0.18746,0.18754,0.18732,0.18746,-0.00067586,-0.00017497,-0.00087178,-0.00017497,-0.00020999999999998797,-0.0011202389843165902
1771222200000,2026-02-16T06:10:00Z,0.18725,0.18738,0.18709,0.18717,89996.5,16856.890713,0.18727,0.18738,0.18716,0.18717,0.18746,0.18754,0.18739,0.18739,-0.00017497,-0.00069271,-0.00128447,-0.00128447,-0.00021999999999999797,-0.001174022092961193
1771222500000,2026-02-16T06:15:00Z,0.18717,0.18766,0.18715,0.18752,533547.1,100023.051616,0.18717,0.18765,0.18715,0.18752,0.18739,0.18777,0.18739,0.18771,-0.00128447,-0.00052876,-0.00077243,-0.00052876,-0.00018999999999999573,-0.001012199669703243
1771222800000,2026-02-16T06:20:00Z,0.18752,0.18752,0.1869,0.18746,108097.9,20228.055307,0.18752,0.18752,0.18694,0.18747,0.18771,0.18771,0.18715,0.18759,-0.00052876,-0.00033729,-0.00046471,-0.00033729,-0.000130000000000019,-0.0006930006930007942
1771223100000,2026-02-16T06:25:00Z,0.18746,0.18781,0.18741,0.18764,51493,9660.912589,0.18747,0.18781,0.18747,0.18767,0.18759,0.18792,0.18759,0.18781,-0.00033729,-0.00011947,-0.00027471,-0.00027471,-0.00017000000000000348,-0.00090517011873704
1771223400000,2026-02-16T06:30:00Z,0.18764,0.18881,0.18758,0.18843,318696.8,59983.911135,0.18767,0.18881,0.18764,0.18852,0.18781,0.18888,0.18778,0.1887,-0.00027471,-0.00075832,-0.00079221,-0.00079221,-0.0002700000000000202,-0.0014308426073133026
1771223700000,2026-02-16T06:35:00Z,0.18843,0.18887,0.18842,0.18887,72796.8,13736.123449,0.18852,0.18887,0.18846,0.18887,0.1887,0.18896,0.18866,0.18896,-0.00079221,-0.00021178,-0.00024915,-0.00024915,-8.999999999997899e-05,-0.00047629127857736555
1771224000000,2026-02-16T06:40:00Z,0.18887,0.18887,0.18858,0.1886,34384.9,6488.086189,0.18887,0.18887,0.18861,0.18863,0.18896,0.18896,0.18875,0.18877,-0.00024915,-0.00030336,-0.00062674,-0.00062674,-0.00017000000000000348,-0.0009005668273560602
1771224300000,2026-02-16T06:45:00Z,0.1886,0.1887,0.18807,0.18819,65515.5,12344.082795,0.18863,0.1887,0.18812,0.18819,0.18877,0.18883,0.18835,0.18842,-0.00062674,-0.00056198,-0.00083944,-0.00083944,-0.00023000000000000798,-0.0012206772104872516
1771224600000,2026-02-16T06:50:00Z,0.18819,0.18859,0.18818,0.18835,42689,8040.490358,0.18819,0.18859,0.18818,0.18835,0.18842,0.18867,0.18839,0.18849,-0.00083944,-0.00023136,-0.00073964,-0.00073964,-0.00014000000000000123,-0.0007427449732081343
1771224900000,2026-02-16T06:55:00Z,0.18835,0.1884,0.18817,0.18822,29379.1,5529.953706,0.18835,0.1884,0.18819,0.18829,0.18849,0.18855,0.18842,0.18853,-0.00073964,-0.00083568,-0.00102345,-0.00102345,-0.0003100000000000047,-0.001644300641807695
1771225200000,2026-02-16T07:00:00Z,0.18822,0.18822,0.18773,0.18794,134739.1,25312.614363,0.18829,0.18829,0.18773,0.18794,0.18853,0.18853,0.18799,0.18812,-0.00102345,-0.0005816,-0.00073577,-0.0005816,-0.00018000000000001348,-0.0009568360620881006
1771225500000,2026-02-16T07:05:00Z,0.18794,0.18827,0.18773,0.18796,200847.5,37780.056416,0.18794,0.18822,0.18778,0.18797,0.18812,0.18839,0.18797,0.18817,-0.0005816,-0.00012483,-0.00089266,-0.00012483,-0.00021000000000001573,-0.001116012116703065
1771225800000,2026-02-16T07:10:00Z,0.18796,0.18836,0.18777,0.18827,118632.7,22310.983796,0.18797,0.18836,0.1878,0.18827,0.18817,0.18848,0.18799,0.1884,-0.00012483,-0.0004033,-0.00051305,-0.00051305,-0.000130000000000019,-0.0006900212314226061
1771226100000,2026-02-16T07:15:00Z,0.18827,0.18845,0.18796,0.18796,144338.6,27180.515096,0.18827,0.18845,0.18804,0.18806,0.1884,0.18855,0.18821,0.18825,-0.00051305,-0.00006389,-0.00050674,-0.00006389,-0.00029000000000001247,-0.0015405046480744355
1771226400000,2026-02-16T07:20:00Z,0.18796,0.1882,0.18777,0.18804,104250,19607.650924,0.18806,0.1882,0.18777,0.18804,0.18825,0.18826,0.18798,0.18818,-0.00006389,-0.00050704,-0.00053462,-0.00050704,-0.00013999999999997348,-0.000743968540758707
1771226700000,2026-02-16T07:25:00Z,0.18804,0.18858,0.18787,0.18792,134159,25283.120254,0.18804,0.18858,0.1879,0.18792,0.18818,0.18866,0.1881,0.1881,-0.00050704,-0.00044728,-0.00070276,-0.00070276,-0.00017999999999998573,-0.0009569377990429863
1771227000000,2026-02-16T07:30:00Z,0.18792,0.18807,0.18754,0.18807,63210,11861.18359,0.18792,0.18807,0.18762,0.18807,0.1881,0.18823,0.18787,0.18823,-0.00070276,-0.00052424,-0.00068231,-0.00068231,-0.00016000000000002124,-0.000850023906922495
1771227300000,2026-02-16T07:35:00Z,0.18807,0.18834,0.18738,0.18741,193421.1,36323.644959,0.18807,0.18834,0.18738,0.18741,0.18823,0.18851,0.18762,0.18762,-0.00068231,-0.00090526,-0.00094178,-0.00094178,-0.00021000000000001573,-0.0011192836584586702
1771227600000,2026-02-16T07:40:00Z,0.18741,0.18746,0.18715,0.18729,109478.1,20506.490239,0.18741,0.18748,0.18715,0.18737,0.18762,0.18767,0.18733,0.18761,-0.00094178,-0.00045542,-0.00119475,-0.00119475,-0.00031999999999998696,-0.0017056660092744894
1771227900000,2026-02-16T07:45:00Z,0.18729,0.18784,0.18729,0.18767,167198.2,31348.314472,0.18737,0.18784,0.1873,0.18772,0.18761,0.18792,0.18751,0.18788,-0.00119475,-0.00052551,-0.00083953,-0.00052551,-0.00020999999999998797,-0.0011177347242920374
1771228200000,2026-02-16T07:50:00Z,0.18767,0.18767,0.18735,0.18757,25002.6,4687.594146,0.18772,0.18772,0.18745,0.18757,0.18788,0.18788,0.18766,0.18774,-0.00052551,-0.00091888,-0.0010123,-0.00091888,-0.00017000000000000348,-0.0009055076169170315
1771228500000,2026-02-16T07:55:00Z,0.18757,0.18775,0.18755,0.18765,31322.8,5878.373171,0.18757,0.18775,0.18757,0.1877,0.18774,0.18793,0.18774,0.1879,-0.00091888,-0.00026253,-0.00050114,-0.00026253,-0.0002500000000000002,-0.0013304949441192134
1771228800000,2026-02-16T08:00:00Z,0.18765,0.1881,0.18753,0.18801,120175.7,22589.828253,0.1877,0.18809,0.1876,0.18805,0.1879,0.18824,0.18775,0.18822,-0.00026253,-0.00017862,-0.00057414,-0.00057414,-0.00020999999999998797,-0.0011157156518966527
1771229100000,2026-02-16T08:05:00Z,0.18801,0.18837,0.18801,0.18824,18025.1,3393.411324,0.18805,0.18836,0.18805,0.18824,0.18822,0.18848,0.18822,0.18838,-0.00057414,0,-0.00025594,-0.00025594,-0.00014000000000000123,-0.000743178681388689
1771229400000,2026-02-16T08:10:00Z,0.18824,0.18824,0.18792,0.18804,59554.4,11200.859516,0.18824,0.18824,0.18794,0.18804,0.18838,0.18838,0.18807,0.18817,-0.00025594,-0.00018551,-0.00025025,-0.00018551,-0.00012999999999999123,-0.0006908646436732276
1771229700000,2026-02-16T08:15:00Z,0.18804,0.18857,0.18792,0.18854,87898.7,16558.105839,0.18804,0.18856,0.188,0.18854,0.18817,0.18862,0.18814,0.1886,-0.00018551,0,0,0,-5.999999999997674e-05,-0.00031813361611864656
1771230000000,2026-02-16T08:20:00Z,0.18854,0.18891,0.18851,0.18854,78394.6,14792.292351,0.18854,0.18895,0.18852,0.1886,0.1886,0.18902,0.18856,0.18876,0,-0.0002579,-0.00045759,-0.00045759,-0.00021999999999999797,-0.0011655011655011547
1771230300000,2026-02-16T08:25:00Z,0.18854,0.18854,0.18817,0.18835,84581.3,15925.535699,0.1886,0.1886,0.18825,0.18835,0.18876,0.18876,0.18841,0.18845,-0.00045759,0,-0.00017785,-0.00017785,-0.00010000000000001674,-0.0005306447333511103
1771230600000,2026-02-16T08:30:00Z,0.18835,0.18847,0.18807,0.18832,108008.1,20333.813953,0.18835,0.18846,0.18807,0.18832,0.18845,0.18858,0.18822,0.18843,-0.00017785,0,-0.00079738,0,-0.00010999999999999899,-0.0005837711617046065
1771230900000,2026-02-16T08:35:00Z,0.18832,0.18832,0.18789,0.18811,54483.3,10246.235405,0.18832,0.18832,0.18796,0.18811,0.18843,0.18843,0.18815,0.18824,0,-0.00002411,-0.00029166,-0.00002411,-0.00012999999999999123,-0.0006906077348065833
1771231200000,2026-02-16T08:40:00Z,0.18811,0.18822,0.18801,0.18816,14719.4,2769.351046,0.18811,0.18823,0.18807,0.18816,0.18824,0.18839,0.18823,0.18831,-0.00002411,-0.0001565,-0.00070612,-0.0001565,-0.00015000000000001124,-0.0007965588657002349
1771231500000,2026-02-16T08:45:00Z,0.18816,0.18845,0.18807,0.18826,70668.2,13306.991457,0.18816,0.18844,0.18813,0.18836,0.18831,0.18855,0.18827,0.18851,-0.0001565,0,-0.00017859,0,-0.0002500000000000002,-0.0013261895920640826
1771231800000,2026-02-16T08:50:00Z,0.18826,0.18846,0.18815,0.18845,122160.5,22992.544494,0.18836,0.18846,0.18817,0.18845,0.18851,0.18861,0.18835,0.18856,0,0,-0.00059398,-0.00059398,-0.00010999999999999899,-0.0005833686890114499
1771232100000,2026-02-16T08:55:00Z,0.18845,0.18862,0.18825,0.18828,124006,23369.306031,0.18845,0.18862,0.18828,0.18828,0.18856,0.18872,0.18852,0.18852,-0.00059398,-0.00072051,-0.00073967,-0.00073967,-0.00023999999999999022,-0.0012730744748567272
1771232400000,2026-02-16T09:00:00Z,0.18828,0.18946,0.18823,0.18946,388540.6,73415.531335,0.18828,0.18946,0.18827,0.18946,0.18852,0.18958,0.18851,0.18958,-0.00073967,-0.00038895,-0.00047366,-0.00038895,-0.00012000000000000899,-0.0006329781622534497
1771232700000,2026-02-16T09:05:00Z,0.18946,0.18946,0.18862,0.18872,121786.6,23017.009787,0.18946,0.18946,0.1887,0.18875,0.18958,0.18958,0.18889,0.18895,-0.00038895,-0.00048414,-0.00050206,-0.00048414,-0.00023000000000000798,-0.0012172532415983487
1771233000000,2026-02-16T09:10:00Z,0.18872,0.18906,0.18864,0.18897,44623.9,8425.885333,0.18875,0.18906,0.18871,0.18899,0.18895,0.18922,0.18889,0.18919,-0.00048414,-0.0002138,-0.00043481,-0.00043481,-0.00021999999999999797,-0.0011628521592050214
1771233300000,2026-02-16T09:15:00Z,0.18897,0.18906,0.1885,0.18862,113551.8,21431.83535,0.18899,0.18904,0.18856,0.18863,0.18919,0.1892,0.1888,0.18887,-0.00043481,-0.00064498,-0.00103751,-0.00064498,-0.0002500000000000002,-0.0013236617779425013
1771233600000,2026-02-16T09:20:00Z,0.18862,0.18892,0.18862,0.18869,70013.6,13218.328941,0.18863,0.18894,0.18863,0.18869,0.18887,0.18915,0.18887,0.18891,-0.00064498,-0.00054317,-0.00095518,-0.00095518,-0.00021999999999999797,-0.0011645757238896723
1771233900000,2026-02-16T09:25:00Z,0.18869,0.1891,0.18869,0.1888,105229.3,19878.794785,0.18869,0.18908,0.18869,0.1888,0.18891,0.18918,0.1889,0.18902,-0.00095518,-0.00063659,-0.00065092,-0.00065092,-0.00021999999999999797,-0.0011638980002116072
1771234200000,2026-02-16T09:30:00Z,0.1888,0.18923,0.18839,0.18905,156774.5,29593.777407,0.1888,0.18923,0.1884,0.18909,0.18902,0.18939,0.18865,0.18926,-0.00065092,-0.00061159,-0.00063354,-0.00063354,-0.00021000000000001573,-0.00110958469829872
1771234500000,2026-02-16T09:35:00Z,0.18905,0.18958,0.18905,0.18951,100407.9,19009.681717,0.18909,0.18958,0.18909,0.18951,0.18926,0.18967,0.18926,0.18962,-0.00063354,-0.00011744,-0.00056035,-0.00011744,-0.00010999999999999899,-0.0005801075835882237
1771234800000,2026-02-16T09:40:00Z,0.18951,0.1896,0.18929,0.18936,33067.3,6264.117178,0.18951,0.1896,0.1893,0.18936,0.18962,0.18969,0.18946,0.18948,-0.00011744,-0.00026345,-0.00058791,-0.00058791,-0.00012000000000000899,-0.0006333122229259499
1771235100000,2026-02-16T09:45:00Z,0.18936,0.1896,0.18911,0.18931,48800.4,9236.664569,0.18936,0.18956,0.18912,0.18932,0.18948,0.18962,0.18929,0.18947,-0.00058791,-0.00031599,-0.00051592,-0.00031599,-0.00015999999999999348,-0.0008444608645167757
1771235400000,2026-02-16T09:50:00Z,0.18931,0.1897,0.18921,0.18925,61415.1,11637.276906,0.18932,0.18969,0.18921,0.18925,0.18947,0.18981,0.18937,0.18937,-0.00031599,-0.00030174,-0.00070345,-0.00030174,-0.00012000000000000899,-0.000633680097164329
1771235700000,2026-02-16T09:55:00Z,0.18925,0.18945,0.18925,0.18942,24650.8,4668.204591,0.18925,0.18951,0.18925,0.18943,0.18937,0.1896,0.18937,0.18955,-0.00030174,-0.00032943,-0.00043458,-0.00032943,-0.00012999999999999123,-0.0006858348720653718
1771236000000,2026-02-16T10:00:00Z,0.18942,0.18943,0.18911,0.18931,53984.6,10220.623284,0.18943,0.18943,0.18916,0.18935,0.18955,0.18955,0.18929,0.18948,-0.00032943,-0.00001404,-0.00024196,-0.00001404,-0.00017000000000000348,-0.0008971923158117135
1771236300000,2026-02-16T10:05:00Z,0.18931,0.18959,0.18931,0.18958,171780.2,32547.403348,0.18935,0.18958,0.18935,0.18958,0.18948,0.18964,0.18948,0.18964,-0.00001404,-0.0001789,-0.00040316,-0.00040316,-6.0000000000004494e-05,-0.0003163889474794584
1771236600000,2026-02-16T10:10:00Z,0.18958,0.18964,0.18911,0.18917,81605.1,15442.469957,0.18958,0.18963,0.18919,0.18919,0.18964,0.18969,0.18939,0.18941,-0.00040316,-0.00090497,-0.00102518,-0.00102518,-0.00023999999999999022,-0.0012670925505516616
1771236900000,2026-02-16T10:15:00Z,0.18917,0.18931,0.18889,0.1891,76837.3,14528.221415,0.18919,0.18931,0.18894,0.18906,0.18941,0.18941,0.18912,0.18918,-0.00102518,-0.00074766,-0.00090711,-0.00090711,-7.999999999999674e-05,-0.000422877682630282
1771237200000,2026-02-16T10:20:00Z,0.1891,0.18917,0.18844,0.18852,45846.4,8654.973281,0.18906,0.18917,0.18849,0.18858,0.18918,0.18929,0.18868,0.18877,-0.00090711,-0.00043535,-0.00064557,-0.00064557,-0.0002500000000000002,-0.001324362981405945
1771237500000,2026-02-16T10:25:00Z,0.18852,0.18876,0.18837,0.18876,44894.7,8463.221601,0.18858,0.18876,0.1884,0.18876,0.18877,0.18891,0.18856,0.18887,-0.00064557,-0.00034379,-0.0004062,-0.0004062,-0.00010999999999999899,-0.0005824111822946947
1771237800000,2026-02-16T10:30:00Z,0.18876,0.18901,0.1885,0.18884,87219.3,16467.927605,0.18876,0.18901,0.18857,0.18886,0.18887,0.1891,0.18874,0.18898,-0.0004062,0,-0.00040298,0,-0.00014000000000000123,-0.0007408191342999324
1771238100000,2026-02-16T10:35:00Z,0.18884,0.18899,0.18847,0.18853,26688.7,5038.287834,0.18886,0.18899,0.18857,0.18857,0.18898,0.18912,0.18878,0.18878,0,-0.00039667,-0.00060898,-0.00060898,-0.0002500000000000002,-0.0013242928276300467
1771238400000,2026-02-16T10:40:00Z,0.18853,0.18853,0.1882,0.18849,54413.3,10249.715598,0.18857,0.18857,0.1882,0.18851,0.18878,0.18878,0.18843,0.18864,-0.00060898,-0.000174,-0.00022137,-0.000174,-0.00015000000000001124,-0.0007951653944020952
1771238700000,2026-02-16T10:45:00Z,0.18849,0.1887,0.18842,0.18868,27059.9,5103.097155,0.18851,0.1887,0.18846,0.18869,0.18864,0.18885,0.18861,0.18885,-0.000174,-0.0003488,-0.0005435,-0.0005435,-0.00017000000000000348,-0.0009001853322743102
1771239000000,2026-02-16T10:50:00Z,0.18868,0.18871,0.18823,0.18825,74569.2,14056.384899,0.18869,0.18869,0.18825,0.18825,0.18885,0.18885,0.18852,0.18852,-0.0005435,-0.00067329,-0.00116779,-0.00116779,-0.00026999999999999247,-0.0014322087842138366
1771239300000,2026-02-16T10:55:00Z,0.18825,0.18838,0.18806,0.18828,129930.6,24453.652512,0.18825,0.18838,0.18812,0.18828,0.18852,0.18859,0.18832,0.18845,-0.00116779,-0.00055298,-0.00059559,-0.00059559,-0.00017000000000000348,-0.000902096046696755
1771239600000,2026-02-16T11:00:00Z,0.18828,0.18834,0.18822,0.18825,46368.7,8729.248242,0.18828,0.18834,0.18822,0.18833,0.18845,0.18851,0.18842,0.18851,-0.00059559,-0.00034173,-0.0006486,-0.00034173,-0.0002600000000000102,-0.0013792371757466988
1771239900000,2026-02-16T11:05:00Z,0.18825,0.1885,0.18761,0.18769,320197.5,60229.63805,0.18833,0.18851,0.18763,0.18769,0.18851,0.18869,0.1878,0.18784,-0.00034173,-0.00051013,-0.00092969,-0.00092969,-0.00015000000000001124,-0.0007985519591141995
1771240200000,2026-02-16T11:10:00Z,0.18769,0.18778,0.18612,0.18658,1579928.8,295369.894819,0.18769,0.18777,0.18635,0.18662,0.18784,0.18784,0.18651,0.18684,-0.00092969,-0.00069084,-0.0012296,-0.0012296,-0.0002600000000000102,-0.001391564975380059
1771240500000,2026-02-16T11:15:00Z,0.18658,0.18685,0.1864,0.18682,100416.3,18741.94459,0.18662,0.18685,0.18642,0.18682,0.18684,0.18696,0.18662,0.18691,-0.0012296,-0.00012272,-0.00065147,-0.00065147,-8.999999999997899e-05,-0.000481515167727671
1771240800000,2026-02-16T11:20:00Z,0.18682,0.18682,0.18537,0.18589,763111.1,141751.114244,0.18682,0.18684,0.18541,0.18589,0.18691,0.18697,0.18564,0.1861,-0.00065147,-0.00059744,-0.00147936,-0.00059744,-0.00020999999999998797,-0.0011284255776463621
1771241100000,2026-02-16T11:25:00Z,0.18589,0.18735,0.18586,0.1873,292086.6,54480.892709,0.18589,0.18737,0.18587,0.1873,0.1861,0.18748,0.1861,0.18742,-0.00059744,-0.0001527,-0.00045373,-0.00045373,-0.00012000000000000899,-0.0006402731832248906
1771241400000,2026-02-16T11:30:00Z,0.1873,0.18751,0.18703,0.18736,302005.5,56531.283242,0.1873,0.18751,0.18707,0.18736,0.18742,0.18767,0.18723,0.18752,-0.00045373,-0.00025012,-0.00037047,-0.00037047,-0.00015999999999999348,-0.0008532423208190779
1771241700000,2026-02-16T11:35:00Z,0.18736,0.18761,0.18729,0.18749,247846.3,46450.041001,0.18736,0.18763,0.18733,0.18759,0.18752,0.18778,0.18747,0.18778,-0.00037047,-0.00015988,-0.0009528,-0.0009528,-0.00029000000000001247,-0.001544360421770223
1771242000000,2026-02-16T11:40:00Z,0.18749,0.18752,0.18707,0.1872,86281.5,16162.100421,0.18759,0.18759,0.18713,0.18723,0.18778,0.18778,0.18734,0.18743,-0.0009528,-0.00049228,-0.00136673,-0.00049228,-0.00023000000000000798,-0.0012271247932561914
1771242300000,2026-02-16T11:45:00Z,0.1872,0.1876,0.1872,0.18735,34147,6399.631809,0.18723,0.1876,0.18722,0.18741,0.18743,0.18771,0.18742,0.18758,-0.00049228,-0.00024706,-0.00094963,-0.00094963,-0.00023000000000000798,-0.001226143512101546
1771242600000,2026-02-16T11:50:00Z,0.18735,0.18819,0.18735,0.18819,293907.8,55179.222755,0.18741,0.18821,0.1874,0.18821,0.18758,0.18834,0.18758,0.18834,-0.00094963,0,-0.00033517,-0.00033517,-0.00015000000000001124,-0.0007964319847085656
1771242900000,2026-02-16T11:55:00Z,0.18819,0.18852,0.1879,0.1879,96314.7,18129.646273,0.18821,0.18849,0.18803,0.18803,0.18834,0.18864,0.18825,0.18825,-0.00033517,-0.00045054,-0.00083029,-0.00083029,-0.0003499999999999892,-0.0018592297476759056
1771243200000,2026-02-16T12:00:00Z,0.1879,0.18821,0.18765,0.18817,1344073.4,252621.115117,0.18803,0.18821,0.18792,0.18817,0.18825,0.18837,0.18816,0.18827,-0.00083029,-0.00052179,-0.0015087,-0.0015087,-9.999999999998899e-05,-0.0005311520688372496
1771243500000,2026-02-16T12:05:00Z,0.18817,0.18831,0.1878,0.18804,272788.4,51339.465053,0.18817,0.18828,0.1878,0.18811,0.18827,0.1883,0.18799,0.18827,-0.0015087,-0.0000992,-0.00021786,-0.0000992,-0.00022999999999998022,-0.0012216497583257037
1771243800000,2026-02-16T12:10:00Z,0.18804,0.18813,0.18782,0.18791,117843.9,22160.638005,0.18811,0.18813,0.18782,0.18787,0.18827,0.18827,0.18796,0.18799,-0.0000992,-0.00004313,-0.00052375,-0.00004313,-7.999999999999674e-05,-0.00042555455077396005
1771244100000,2026-02-16T12:15:00Z,0.18791,0.18796,0.18742,0.18748,74344.3,13951.367473,0.18787,0.18796,0.18746,0.18751,0.18799,0.18807,0.18758,0.18767,-0.00004313,-0.00045563,-0.00072324,-0.00072324,-0.00018999999999999573,-0.0010124154100282182
1771244400000,2026-02-16T12:20:00Z,0.18748,0.18771,0.18739,0.18757,57645.2,10811.768467,0.18751,0.18771,0.18742,0.18757,0.18767,0.18787,0.18758,0.18776,-0.00072324,-0.00047414,-0.00080035,-0.00080035,-0.00019000000000002348,-0.001011930123562119
1771244700000,2026-02-16T12:25:00Z,0.18757,0.18999,0.18757,0.18974,1082550.1,204822.069108,0.18757,0.18999,0.18757,0.18977,0.18776,0.19012,0.18776,0.18995,-0.00080035,-0.00035537,-0.00067695,-0.00067695,-0.00021000000000001573,-0.0011055540931824992
1771245000000,2026-02-16T12:30:00Z,0.18974,0.18974,0.189,0.18972,186960.9,35391.479846,0.18977,0.18979,0.18902,0.18972,0.18995,0.18997,0.18925,0.18986,-0.00067695,-0.0005216,-0.00092912,-0.00092912,-0.00014000000000000123,-0.0007373854419045677
1771245300000,2026-02-16T12:35:00Z,0.18972,0.19045,0.18942,0.19036,244077.8,46337.329812,0.18972,0.19044,0.18944,0.19036,0.18986,0.1906,0.1897,0.19053,-0.00092912,-0.00039514,-0.00088957,-0.00088957,-0.00017000000000000348,-0.0008922479399569804
1771245600000,2026-02-16T12:40:00Z,0.19036,0.19044,0.18961,0.1901,66262,12591.618653,0.19036,0.19041,0.18968,0.1901,0.19053,0.19057,0.18994,0.19021,-0.00088957,-0.00031343,-0.00073005,-0.00031343,-0.00010999999999999899,-0.0005783081856894958
1771245900000,2026-02-16T12:45:00Z,0.1901,0.19037,0.18969,0.19004,175681,33370.38646,0.1901,0.19036,0.18973,0.19004,0.19021,0.19045,0.18992,0.19018,-0.00031343,-0.00014672,-0.00022623,-0.00014672,-0.00014000000000000123,-0.0007361447050163069
1771246200000,2026-02-16T12:50:00Z,0.19004,0.1911,0.18985,0.1908,459862.5,87713.813493,0.19004,0.19105,0.1899,0.19079,0.19018,0.1912,0.19008,0.19101,-0.00014672,-0.00062267,-0.00070104,-0.00070104,-0.00021000000000001573,-0.001099418878592826
1771246500000,2026-02-16T12:55:00Z,0.1908,0.19131,0.1908,0.19096,391108.3,74701.596613,0.19079,0.19131,0.19079,0.19105,0.19101,0.19148,0.19099,0.19126,-0.00070104,-0.00008746,-0.00047041,-0.00047041,-0.00030000000000002247,-0.0015685454355329
1771246800000,2026-02-16T13:00:00Z,0.19096,0.19209,0.19087,0.19147,647940.1,124098.830645,0.19105,0.19208,0.19091,0.19147,0.19126,0.19223,0.19116,0.19162,-0.00047041,-0.00061662,-0.00081697,-0.00081697,-0.00015000000000001124,-0.0007827992902620354
1771247100000,2026-02-16T13:05:00Z,0.19147,0.19206,0.19116,0.19134,298616.7,57199.62921,0.19147,0.19206,0.19127,0.19134,0.19162,0.19219,0.19152,0.19155,-0.00081697,-0.000728,-0.00079521,-0.00079521,-0.00020999999999998797,-0.0010963194988253093
1771247400000,2026-02-16T13:10:00Z,0.19134,0.19141,0.19065,0.19114,192576.3,36774.343146,0.19134,0.19141,0.19073,0.19114,0.19155,0.19162,0.19093,0.1913,-0.00079521,-0.00043836,-0.00049388,-0.00043836,-0.00015999999999999348,-0.000836382645060081
1771247700000,2026-02-16T13:15:00Z,0.19114,0.19162,0.19107,0.19121,237780.6,45498.347754,0.19114,0.19163,0.19114,0.19121,0.1913,0.19178,0.19129,0.19141,-0.00043836,-0.00057856,-0.00072343,-0.00057856,-0.00020000000000000573,-0.0010448774881145486
1771248000000,2026-02-16T13:20:00Z,0.19121,0.19133,0.19007,0.19037,261520.8,49808.908158,0.19121,0.19133,0.19012,0.19043,0.19141,0.19148,0.19039,0.19072,-0.00057856,-0.00095709,-0.00120533,-0.00120533,-0.0003499999999999892,-0.0018351510067113528
1771248300000,2026-02-16T13:25:00Z,0.19037,0.19037,0.18791,0.18885,1177593.7,222662.557658,0.19043,0.19043,0.18807,0.1889,0.19072,0.19072,0.18835,0.18916,-0.00120533,-0.00108396,-0.00135757,-0.00135757,-0.0003100000000000047,-0.0016388242757454257
1771248600000,2026-02-16T13:30:00Z,0.18885,0.19008,0.18873,0.1892,488398.1,92543.067583,0.1889,0.19013,0.18883,0.18933,0.18916,0.19035,0.18907,0.1896,-0.00135757,-0.00150318,-0.00153384,-0.00150318,-0.0003999999999999837,-0.002109704641350125
1771248900000,2026-02-16T13:35:00Z,0.1892,0.18981,0.18824,0.18845,673008.6,127084.454612,0.18933,0.18981,0.18836,0.18845,0.1896,0.18995,0.1886,0.18872,-0.00150318,-0.0010527,-0.00115899,-0.0010527,-0.00026999999999999247,-0.001430690970750278
1771249200000,2026-02-16T13:40:00Z,0.18845,0.18932,0.1882,0.18909,387814.8,73289.340074,0.18845,0.18931,0.18825,0.18913,0.18872,0.18947,0.18856,0.18937,-0.0010527,-0.00066252,-0.00117267,-0.00066252,-0.00028000000000000247,-0.0014785868933833365
1771249500000,2026-02-16T13:45:00Z,0.18909,0.18932,0.18835,0.18839,342417.7,64679.960565,0.18913,0.18932,0.18845,0.18851,0.18937,0.18949,0.18876,0.18884,-0.00066252,-0.00074396,-0.00140685,-0.00074396,-0.00045000000000000595,-0.0023829697098072754
1771249800000,2026-02-16T13:50:00Z,0.18839,0.18841,0.1873,0.18743,1039231.6,195175.754421,0.18851,0.18851,0.18739,0.18743,0.18884,0.18884,0.18764,0.18764,-0.00074396,-0.00041758,-0.00117122,-0.00041758,-0.00020999999999998797,-0.0011191643572798335
1771250100000,2026-02-16T13:55:00Z,0.18743,0.18795,0.18715,0.18772,456342.2,85562.202314,0.18743,0.18795,0.18728,0.18775,0.18764,0.18814,0.18752,0.18799,-0.00041758,-0.00086247,-0.00115819,-0.00115819,-0.00026999999999999247,-0.0014362466088621336
1771250400000,2026-02-16T14:00:00Z,0.18772,0.18801,0.18736,0.18801,111317.3,20885.496608,0.18775,0.18799,0.18739,0.18797,0.18799,0.18814,0.18765,0.18813,-0.00115819,-0.00079521,-0.00127795,-0.00127795,-0.00011999999999998123,-0.0006378568011480426
1771250700000,2026-02-16T14:05:00Z,0.18801,0.18869,0.18801,0.18826,342744.8,64578.728067,0.18797,0.18866,0.18797,0.18829,0.18813,0.18877,0.18813,0.18856,-0.00127795,-0.00093863,-0.00104106,-0.00093863,-0.0002999999999999947,-0.001591005515485759
1771251000000,2026-02-16T14:10:00Z,0.18826,0.18829,0.18734,0.18767,443506.2,83236.459711,0.18829,0.18829,0.18748,0.18769,0.18856,0.18856,0.18772,0.18793,-0.00093863,-0.00075786,-0.00076086,-0.00076086,-0.0002600000000000102,-0.001383493854094664
1771251300000,2026-02-16T14:15:00Z,0.18767,0.18844,0.18736,0.18786,419172.1,78803.418273,0.18769,0.18822,0.18742,0.18786,0.18793,0.1884,0.18769,0.188,-0.00076086,-0.00075203,-0.00081927,-0.00081927,-0.00014000000000000123,-0.0007446808510638363
1771251600000,2026-02-16T14:20:00Z,0.18786,0.18835,0.18777,0.1881,183081.9,34432.190422,0.18786,0.18835,0.18781,0.1881,0.188,0.18848,0.188,0.18831,-0.00081927,-0.00034697,-0.00085164,-0.00085164,-0.00021000000000001573,-0.001115182411980329
1771251900000,2026-02-16T14:25:00Z,0.1881,0.18812,0.18629,0.18672,1240155.7,231839.09866,0.1881,0.18812,0.18642,0.18676,0.18831,0.18831,0.18658,0.18699,-0.00085164,-0.00102323,-0.00113988,-0.00113988,-0.00026999999999999247,-0.0014439274827530483
1771252200000,2026-02-16T14:30:00Z,0.18672,0.18836,0.18658,0.1883,425982.8,79951.034285,0.18676,0.18831,0.18668,0.1883,0.18699,0.18848,0.18687,0.18847,-0.00113988,-0.00062505,-0.0010154,-0.0010154,-0.00017000000000000348,-0.000902000318353072
1771252500000,2026-02-16T14:35:00Z,0.1883,0.18912,0.18808,0.18864,299253.2,56443.639535,0.1883,0.18912,0.18812,0.18866,0.18847,0.18922,0.18826,0.18883,-0.0010154,-0.00014432,-0.00062288,-0.00062288,-0.00018999999999999573,-0.0010061960493565414
1771252800000,2026-02-16T14:40:00Z,0.18864,0.18873,0.18809,0.18856,272382.3,51296.761317,0.18866,0.18869,0.18813,0.18856,0.18883,0.18886,0.18832,0.18874,-0.00062288,-0.00032175,-0.00070347,-0.00032175,-0.00017999999999998573,-0.0009536929108826202
1771253100000,2026-02-16T14:45:00Z,0.18856,0.18899,0.18808,0.1889,313527.7,59106.688256,0.18856,0.18901,0.18809,0.18893,0.18874,0.18916,0.1883,0.18908,-0.00032175,-0.00078937,-0.00080166,-0.00080166,-0.00017999999999998573,-0.0009519779987306206
1771253400000,2026-02-16T14:50:00Z,0.1889,0.1897,0.18846,0.18846,204713.5,38744.440068,0.18893,0.18962,0.18849,0.18849,0.18908,0.18968,0.18866,0.18866,-0.00080166,-0.00021798,-0.00033294,-0.00033294,-0.00020000000000000573,-0.0010601081310293954
1771253700000,2026-02-16T14:55:00Z,0.18846,0.1889,0.18837,0.18864,132738.9,25046.785335,0.18849,0.1889,0.18845,0.18864,0.18866,0.18907,0.18863,0.18883,-0.00033294,-0.00072308,-0.00085771,-0.00085771,-0.00018999999999999573,-0.0010061960493565414
1771254000000,2026-02-16T15:00:00Z,0.18864,0.18971,0.18856,0.18948,189841.8,35948.88812,0.18864,0.18971,0.18863,0.18948,0.18883,0.18987,0.18878,0.1896,-0.00085771,-0.0004083,-0.00084814,-0.00084814,-0.00011999999999998123,-0.0006329113924049643
1771254300000,2026-02-16T15:05:00Z,0.18948,0.18976,0.18915,0.18924,99090.8,18767.089333,0.18948,0.18976,0.18923,0.18938,0.1896,0.18992,0.18944,0.18962,-0.00084814,-0.00090983,-0.00100094,-0.00090983,-0.0003800000000000192,-0.0020040080160321654
1771254600000,2026-02-16T15:10:00Z,0.18924,0.18939,0.18836,0.18836,131092.3,24743.519006,0.18938,0.18939,0.18842,0.18846,0.18962,0.18962,0.18856,0.18865,-0.00090983,-0.00023968,-0.0008358,-0.0008358,-0.00029000000000001247,-0.0015372382719322155
1771254900000,2026-02-16T15:15:00Z,0.18836,0.1886,0.1879,0.18815,145525.7,27393.644382,0.18846,0.1886,0.18795,0.18815,0.18865,0.18872,0.18811,0.18829,-0.0008358,-0.00013344,-0.00025132,-0.00013344,-0.00014000000000000123,-0.0007435339104572799
1771255200000,2026-02-16T15:20:00Z,0.18815,0.18854,0.18784,0.18794,152646.3,28746.095126,0.18815,0.18854,0.18792,0.18794,0.18829,0.18865,0.1881,0.1881,-0.00013344,-0.00036565,-0.00053546,-0.00053546,-0.00015999999999999348,-0.0008506113769271318
1771255500000,2026-02-16T15:25:00Z,0.18794,0.18815,0.1875,0.18777,121421.8,22814.183432,0.18794,0.18815,0.18754,0.18782,0.1881,0.18829,0.18776,0.18801,-0.00053546,-0.00056844,-0.00101971,-0.00101971,-0.00024000000000001798,-0.0012765278442636986
1771255800000,2026-02-16T15:30:00Z,0.18777,0.18777,0.18433,0.18491,3603441.6,668691.986545,0.18782,0.18782,0.18458,0.18493,0.18801,0.18801,0.18484,0.18516,-0.00101971,-0.00086593,-0.00086629,-0.00086629,-0.0002500000000000002,-0.0013501836249729976
1771256100000,2026-02-16T15:35:00Z,0.18491,0.18557,0.1841,0.18503,1153945.2,213384.924289,0.18493,0.18552,0.18434,0.18503,0.18516,0.18565,0.18442,0.18519,-0.00086629,-0.00037863,-0.00062729,-0.00062729,-0.00015999999999999348,-0.0008639775365840136
1771256400000,2026-02-16T15:40:00Z,0.18503,0.18558,0.18502,0.18537,330506.5,61248.400903,0.18503,0.18558,0.18503,0.18537,0.18519,0.18567,0.18519,0.18546,-0.00062729,-0.00040469,-0.00082347,-0.00040469,-9.000000000000674e-05,-0.000485279844710486
1771256700000,2026-02-16T15:45:00Z,0.18537,0.1857,0.18495,0.18525,209533.5,38825.518699,0.18537,0.1857,0.18501,0.18525,0.18546,0.18573,0.18514,0.18533,-0.00040469,0,0,0,-7.999999999999674e-05,-0.0004316624399719244
1771257000000,2026-02-16T15:50:00Z,0.18525,0.18581,0.18505,0.18543,285604.2,52946.185293,0.18525,0.18584,0.18515,0.18543,0.18533,0.18596,0.18525,0.18559,0,-0.00039527,-0.00059912,-0.00059912,-0.00015999999999999348,-0.0008621154157012419
1771257300000,2026-02-16T15:55:00Z,0.18543,0.1857,0.18521,0.18522,44295.1,8214.440514,0.18543,0.1857,0.18522,0.18527,0.18559,0.18578,0.18538,0.18544,-0.00059912,-0.00033714,-0.00036621,-0.00036621,-0.00021999999999999797,-0.001186367558239851
1771257600000,2026-02-16T16:00:00Z,0.18522,0.18566,0.18482,0.18566,424151.5,78529.043435,0.18527,0.18566,0.1849,0.18566,0.18544,0.18571,0.18506,0.18569,-0.00036621,-0.00016887,-0.00106324,-0.00016887,-3.0000000000002247e-05,-0.00016155958856159324
1771257900000,2026-02-16T16:05:00Z,0.18566,0.18715,0.18564,0.18699,830455.2,154890.633078,0.18566,0.18716,0.18566,0.18696,0.18569,0.18727,0.18569,0.18699,-0.00016887,-0.00018218,-0.00024672,-0.00024672,0.0,0.0
1771258200000,2026-02-16T16:10:00Z,0.18699,0.18719,0.18637,0.18651,248977.7,46520.012267,0.18696,0.18719,0.18638,0.18651,0.18699,0.18728,0.18652,0.18663,-0.00024672,-0.00031173,-0.00032963,-0.00032963,-0.00011999999999998123,-0.0006429834431762376
1771258500000,2026-02-16T16:15:00Z,0.18651,0.18653,0.18583,0.18609,289244,53870.301911,0.18651,0.18651,0.18588,0.18611,0.18663,0.18663,0.18607,0.18627,-0.00032963,-0.00021354,-0.00057706,-0.00021354,-0.00017999999999998573,-0.0009663391850538774
1771258800000,2026-02-16T16:20:00Z,0.18609,0.18694,0.18589,0.18656,247140.4,46093.926498,0.18611,0.18697,0.186,0.1866,0.18627,0.18703,0.18617,0.1867,-0.00021354,-0.0000819,-0.0003331,-0.0003331,-0.00014000000000000123,-0.0007498660953401244
1771259100000,2026-02-16T16:25:00Z,0.18656,0.18666,0.18626,0.18626,144647.1,26977.157973,0.1866,0.18666,0.18628,0.18628,0.1867,0.18678,0.18645,0.18645,-0.0003331,-0.00027895,-0.00075388,-0.00027895,-0.00018999999999999573,-0.0010190399570930316
1771259400000,2026-02-16T16:30:00Z,0.18626,0.1865,0.18516,0.18522,620632.5,115406.192248,0.18628,0.18649,0.18529,0.18529,0.18645,0.18662,0.18542,0.18545,-0.00027895,-0.0000083,-0.00078071,-0.0000083,-0.00023000000000000798,-0.001240226476139164
1771259700000,2026-02-16T16:35:00Z,0.18522,0.18534,0.18494,0.18507,149427.1,27667.681916,0.18529,0.18534,0.18496,0.18507,0.18545,0.18545,0.18513,0.18523,-0.0000083,-0.00054817,-0.00103167,-0.00054817,-0.00015999999999999348,-0.0008637909625870187
1771260000000,2026-02-16T16:40:00Z,0.18507,0.18609,0.18491,0.18606,468491.1,86957.568204,0.18507,0.18606,0.18493,0.18606,0.18523,0.18616,0.18515,0.18616,-0.00054817,-0.00004928,-0.00035268,-0.00004928,-9.999999999998899e-05,-0.0005371723248817629
1771260300000,2026-02-16T16:45:00Z,0.18606,0.18626,0.18561,0.18614,300697,55902.515361,0.18606,0.18626,0.18568,0.18614,0.18616,0.18639,0.18584,0.18629,-0.00004928,-0.0006672,-0.00072211,-0.0006672,-0.00015000000000001124,-0.0008051961994739987
1771260600000,2026-02-16T16:50:00Z,0.18614,0.1862,0.18572,0.18599,83273.9,15486.899268,0.18614,0.1862,0.18577,0.186,0.18629,0.18633,0.18596,0.18621,-0.0006672,-0.00078956,-0.00085103,-0.00085103,-0.00021999999999999797,-0.00118146179045163
1771260900000,2026-02-16T16:55:00Z,0.18599,0.1864,0.18598,0.1864,49175.1,9154.895485,0.186,0.1864,0.18599,0.1864,0.18621,0.18653,0.18616,0.18653,-0.00085103,-0.00050469,-0.0008197,-0.00050469,-0.00012999999999999123,-0.0006969388302149318
1771261200000,2026-02-16T17:00:00Z,0.1864,0.18664,0.18609,0.18623,84336.7,15719.275838,0.1864,0.18664,0.18614,0.18634,0.18653,0.18676,0.18632,0.18653,-0.00050469,-0.00024054,-0.0004627,-0.0004627,-0.0002999999999999947,-0.0016083203774191535
1771261500000,2026-02-16T17:05:00Z,0.18623,0.18675,0.18598,0.18599,187532.3,34932.965226,0.18634,0.18675,0.18603,0.18604,0.18653,0.18685,0.18627,0.18628,-0.0004627,-0.00058117,-0.00072813,-0.00058117,-0.00029000000000001247,-0.0015567962207430346
1771261800000,2026-02-16T17:10:00Z,0.18599,0.18634,0.18579,0.18613,167583,31165.669747,0.18604,0.18633,0.1858,0.18616,0.18628,0.18639,0.18599,0.18628,-0.00058117,-0.00029567,-0.00053844,-0.00053844,-0.00015000000000001124,-0.000805239424522285
1771262100000,2026-02-16T17:15:00Z,0.18613,0.18633,0.18536,0.18551,199760.8,37094.287682,0.18616,0.18633,0.18537,0.18551,0.18628,0.1864,0.18554,0.18562,-0.00053844,-0.00028218,-0.00059607,-0.00028218,-0.00010999999999999899,-0.0005926085551125901
1771262400000,2026-02-16T17:20:00Z,0.18551,0.18645,0.18551,0.18636,115664.1,21517.960907,0.18551,0.18645,0.18551,0.18638,0.18562,0.18649,0.18562,0.18649,-0.00028218,0,0,0,-0.00012999999999999123,-0.0006970883157273378
1771262700000,2026-02-16T17:25:00Z,0.18636,0.18678,0.1863,0.18664,151660.3,28308.8424,0.18638,0.18678,0.18637,0.18672,0.18649,0.18688,0.18647,0.18684,0,-0.00026579,-0.00054288,-0.00026579,-0.00020000000000000573,-0.0010704345964461877
1771263000000,2026-02-16T17:30:00Z,0.18664,0.18707,0.18634,0.18699,124622.9,23273.440319,0.18672,0.18707,0.18648,0.18699,0.18684,0.18718,0.18657,0.1871,-0.00026579,-0.0001617,-0.00050758,-0.00050758,-0.00010999999999999899,-0.0005879208979155478
1771263300000,2026-02-16T17:35:00Z,0.18699,0.18701,0.18668,0.18686,98850.7,18469.594208,0.18699,0.18701,0.18673,0.18692,0.1871,0.1871,0.18691,0.1871,-0.00050758,-0.00034977,-0.00068286,-0.00068286,-0.00023999999999999022,-0.001282736504542973
1771263600000,2026-02-16T17:40:00Z,0.18686,0.1873,0.18686,0.18706,123458.5,23100.250034,0.18692,0.1873,0.18692,0.18706,0.1871,0.18745,0.1871,0.18726,-0.00068286,-0.00092953,-0.0011153,-0.0011153,-0.00020000000000000573,-0.0010680337498665262
1771263900000,2026-02-16T17:45:00Z,0.18706,0.18708,0.18652,0.18664,118254,22071.048662,0.18706,0.18707,0.18655,0.18667,0.18726,0.18727,0.18672,0.18682,-0.0011153,-0.00062068,-0.00063658,-0.00062068,-0.00018000000000001348,-0.0009634942725618963
1771264200000,2026-02-16T17:50:00Z,0.18664,0.18671,0.18631,0.18663,119530.5,22293.663487,0.18667,0.18667,0.18633,0.18663,0.18682,0.18682,0.18655,0.18679,-0.00062068,-0.00038613,-0.00038976,-0.00038613,-0.00016000000000002124,-0.0008565769045453249
1771264500000,2026-02-16T17:55:00Z,0.18663,0.18682,0.18647,0.18651,157091.5,29329.771516,0.18663,0.18682,0.18649,0.18651,0.18679,0.18697,0.1867,0.1867,-0.00038613,-0.00065141,-0.00111551,-0.00065141,-0.00018999999999999573,-0.0010176754151044226
1771264800000,2026-02-16T18:00:00Z,0.18651,0.18713,0.18651,0.18705,81075.6,15153.382808,0.18651,0.18713,0.18651,0.18705,0.1867,0.18729,0.1867,0.18722,-0.00065141,-0.00028771,-0.00114958,-0.00114958,-0.00017000000000000348,-0.0009080226471531005
1771265100000,2026-02-16T18:05:00Z,0.18705,0.1872,0.18693,0.18712,120100.7,22460.860193,0.18705,0.1872,0.18699,0.18712,0.18722,0.18731,0.18716,0.18725,-0.00114958,-0.00040638,-0.00062774,-0.00062774,-0.00012999999999999123,-0.0006942590120159745
1771265400000,2026-02-16T18:10:00Z,0.18712,0.18735,0.18712,0.18732,125123.7,23426.355582,0.18712,0.18734,0.18712,0.18732,0.18725,0.18747,0.18722,0.18745,-0.00062774,-0.00051496,-0.00061609,-0.00051496,-0.000130000000000019,-0.0006935182715391784
1771265700000,2026-02-16T18:15:00Z,0.18732,0.18745,0.18719,0.18725,35195.9,6592.809994,0.18732,0.1875,0.18723,0.18733,0.18745,0.18761,0.18738,0.18748,-0.00051496,-0.0000065,-0.00085225,-0.00085225,-0.00023000000000000798,-0.0012267975250693833
1771266000000,2026-02-16T18:20:00Z,0.18725,0.18752,0.18716,0.18732,143117.6,26820.589235,0.18733,0.18752,0.18722,0.18732,0.18748,0.18772,0.18744,0.18752,-0.00085225,-0.00092096,-0.00097345,-0.00092096,-0.00020000000000000573,-0.0010665529010239214
1771266300000,2026-02-16T18:25:00Z,0.18732,0.18798,0.18704,0.18719,259805.2,48715.058658,0.18732,0.1879,0.18705,0.18719,0.18752,0.188,0.18732,0.18741,-0.00092096,-0.00097256,-0.00142291,-0.00097256,-0.00021999999999999797,-0.0011738968037991462
1771266600000,2026-02-16T18:30:00Z,0.18719,0.18761,0.18715,0.18751,37520,7031.588006,0.18719,0.18761,0.18715,0.18753,0.18741,0.18774,0.18741,0.18772,-0.00097256,-0.0003363,-0.00053123,-0.00053123,-0.00020999999999998797,-0.0011186874067759854
1771266900000,2026-02-16T18:35:00Z,0.18751,0.18754,0.1869,0.18714,132165.1,24739.785448,0.18753,0.18754,0.18702,0.18714,0.18772,0.18772,0.18727,0.18738,-0.00053123,-0.00097196,-0.00110145,-0.00097196,-0.00023999999999999022,-0.001280819724623707
1771267200000,2026-02-16T18:40:00Z,0.18714,0.18745,0.18706,0.18717,133888.2,25070.059383,0.18714,0.18745,0.18707,0.18717,0.18738,0.18761,0.18729,0.18731,-0.00097196,-0.00070699,-0.00087775,-0.00087775,-0.00014000000000000123,-0.0007474240563771354
1771267500000,2026-02-16T18:45:00Z,0.18717,0.18735,0.18665,0.18675,91966.4,17191.788132,0.18717,0.18734,0.18665,0.18675,0.18731,0.18742,0.1868,0.18688,-0.00087775,-0.00007963,-0.00062705,-0.00007963,-0.00012999999999999123,-0.0006956335616437887
1771267800000,2026-02-16T18:50:00Z,0.18675,0.18684,0.18658,0.1868,106554.9,19898.788282,0.18675,0.18684,0.18663,0.18681,0.18688,0.18694,0.18679,0.18691,-0.00007963,0,-0.00016541,-0.00016541,-0.00010999999999999899,-0.0005885185383339521
1771268100000,2026-02-16T18:55:00Z,0.1868,0.18688,0.18652,0.18668,59468.4,11106.11668,0.18681,0.18688,0.18656,0.18668,0.18691,0.18701,0.18675,0.1868,-0.00016541,-0.00024436,-0.00049143,-0.00024436,-0.00011999999999998123,-0.0006423982869378011
1771268400000,2026-02-16T19:00:00Z,0.18668,0.18685,0.18652,0.18654,45052.3,8411.324213,0.18668,0.18685,0.18663,0.18663,0.1868,0.18696,0.1868,0.18681,-0.00024436,-0.00056056,-0.00067754,-0.00056056,-0.00026999999999999247,-0.0014453187730849122
1771268700000,2026-02-16T19:05:00Z,0.18654,0.18678,0.18651,0.1867,36233.3,6765.282302,0.18663,0.18678,0.18651,0.18675,0.18681,0.18692,0.18674,0.18691,-0.00056056,-0.0004148,-0.00050417,-0.0004148,-0.00020999999999998797,-0.0011235353913647637
1771269000000,2026-02-16T19:10:00Z,0.1867,0.18688,0.18663,0.1868,36695.6,6855.728967,0.18675,0.18689,0.18666,0.1868,0.18691,0.18702,0.18681,0.18693,-0.0004148,-0.00035834,-0.00082345,-0.00082345,-0.000130000000000019,-0.0006954474937143261
1771269300000,2026-02-16T19:15:00Z,0.1868,0.18687,0.18637,0.18637,57521.2,10733.001878,0.1868,0.18687,0.18643,0.18643,0.18693,0.18701,0.18666,0.18666,-0.00082345,-0.00077929,-0.00089711,-0.00077929,-0.0002899999999999847,-0.0015536269152468913
1771269600000,2026-02-16T19:20:00Z,0.18637,0.18706,0.1861,0.18706,142078.3,26495.514261,0.18643,0.18706,0.18613,0.18706,0.18666,0.18716,0.18635,0.18716,-0.00077929,-0.00041362,-0.0006372,-0.0006372,-9.999999999998899e-05,-0.0005343022013250107
1771269900000,2026-02-16T19:25:00Z,0.18706,0.18727,0.18695,0.18698,97501.7,18249.248256,0.18706,0.18725,0.18704,0.18704,0.18716,0.18739,0.18716,0.18726,-0.0006372,-0.00075638,-0.00085336,-0.00075638,-0.00028000000000000247,-0.0014952472498131072
1771270200000,2026-02-16T19:30:00Z,0.18698,0.18747,0.18687,0.1874,209882.3,39327.947001,0.18704,0.18743,0.18687,0.1874,0.18726,0.18755,0.18709,0.18754,-0.00075638,-0.0003015,-0.00053938,-0.00053938,-0.00014000000000000123,-0.0007465074117521661
1771270500000,2026-02-16T19:35:00Z,0.1874,0.18813,0.18739,0.18786,322683.6,60614.371105,0.1874,0.18808,0.1874,0.18786,0.18754,0.18811,0.18754,0.188,-0.00053938,-0.00059191,-0.00063483,-0.00063483,-0.00014000000000000123,-0.0007446808510638363
1771270800000,2026-02-16T19:40:00Z,0.18786,0.18822,0.18786,0.18812,161269.5,30330.575069,0.18786,0.18822,0.18786,0.18821,0.188,0.18831,0.188,0.18831,-0.00063483,0,-0.00050265,0,-0.00018999999999999573,-0.0010089745632201994
1771271100000,2026-02-16T19:45:00Z,0.18812,0.18826,0.18762,0.18786,38242.4,7183.507479,0.18821,0.18826,0.18762,0.18787,0.18831,0.18834,0.18778,0.18798,0,0,-0.00020342,0,-0.00012000000000000899,-0.0006383657835940472
1771271400000,2026-02-16T19:50:00Z,0.18786,0.18816,0.18786,0.18816,54485.3,10239.923435,0.18787,0.18816,0.18787,0.18816,0.18798,0.18819,0.18795,0.18819,0,-0.00008001,-0.00022942,-0.00022942,-3.0000000000002247e-05,-0.0001594133588394827
1771271700000,2026-02-16T19:55:00Z,0.18816,0.18816,0.18761,0.18781,214539,40319.960704,0.18816,0.18816,0.18766,0.18781,0.18819,0.18819,0.18776,0.18784,-0.00022942,-0.00010458,-0.00014061,-0.00014061,-3.0000000000002247e-05,-0.0001597103918228399
1771272000000,2026-02-16T20:00:00Z,0.18781,0.18789,0.18767,0.18778,131027.7,24608.629056,0.18781,0.18785,0.1877,0.18777,0.18784,0.18786,0.18775,0.18778,-0.00014061,0,0,0,0.0,0.0
1771272300000,2026-02-16T20:05:00Z,0.18778,0.18778,0.18728,0.18753,67787.8,12708.184949,0.18777,0.18777,0.18736,0.18753,0.18778,0.18778,0.1874,0.18758,0,0,-0.00044064,-0.00044064,-4.999999999999449e-05,-0.00026655293741334094
1771272600000,2026-02-16T20:10:00Z,0.18753,0.18753,0.18729,0.18745,55250.2,10353.903785,0.18753,0.18753,0.18733,0.18744,0.18758,0.18758,0.18745,0.18745,-0.00044064,-0.00010274,-0.00011725,-0.00011725,0.0,0.0
1771272900000,2026-02-16T20:15:00Z,0.18745,0.18782,0.18714,0.18714,72859.4,13668.025434,0.18744,0.18776,0.18719,0.18719,0.18745,0.18777,0.18731,0.18731,-0.00011725,0,0,0,-0.00017000000000000348,-0.0009075863541722464
1771273200000,2026-02-16T20:20:00Z,0.18714,0.18776,0.18712,0.18772,25649.9,4806.160217,0.18719,0.18776,0.18715,0.18772,0.18731,0.18778,0.18729,0.18773,0,0,-0.0001627,0,-1.0000000000010001e-05,-5.3267991264102706e-05
1771273500000,2026-02-16T20:25:00Z,0.18772,0.18857,0.18771,0.18857,184923.8,34824.782776,0.18772,0.18853,0.18771,0.18853,0.18773,0.18854,0.18773,0.18854,0,-0.00007103,-0.00059971,-0.00007103,2.999999999997449e-05,0.0001591174286622175
1771273800000,2026-02-16T20:30:00Z,0.18857,0.18881,0.1884,0.18881,151705.6,28614.16321,0.18853,0.18881,0.18849,0.18881,0.18854,0.18889,0.18852,0.18889,-0.00007103,-0.00020749,-0.00028933,-0.00020749,-7.999999999999674e-05,-0.00042352692042986256
1771274100000,2026-02-16T20:35:00Z,0.18881,0.18881,0.18821,0.18823,24200.7,4560.853124,0.18881,0.18881,0.18823,0.18823,0.18889,0.18889,0.18842,0.18842,-0.00020749,-0.00051513,-0.00088018,-0.00088018,-0.00018999999999999573,-0.0010083855217068024
1771274400000,2026-02-16T20:40:00Z,0.18823,0.18876,0.18816,0.18846,166034.6,31280.239741,0.18823,0.18876,0.18816,0.18846,0.18842,0.1888,0.18834,0.18862,-0.00088018,-0.00035515,-0.0005907,-0.0005907,-0.00016000000000002124,-0.0008482663556357822
1771274700000,2026-02-16T20:45:00Z,0.18846,0.18852,0.18825,0.18838,27828.9,5243.26943,0.18846,0.18852,0.18829,0.18838,0.18862,0.18863,0.18841,0.18851,-0.0005907,-0.00014526,-0.00025879,-0.00025879,-0.000130000000000019,-0.000689618587873423
1771275000000,2026-02-16T20:50:00Z,0.18838,0.18959,0.18824,0.18906,635159.1,120141.225506,0.18838,0.18948,0.18827,0.18906,0.18851,0.18962,0.18842,0.18919,-0.00025879,-0.00020233,-0.00021595,-0.00021595,-0.00012999999999999123,-0.0006871399122574726
1771275300000,2026-02-16T20:55:00Z,0.18906,0.18928,0.18897,0.18924,61434.1,11623.112995,0.18906,0.18928,0.18902,0.18924,0.18919,0.1894,0.18919,0.18937,-0.00021595,-0.00025109,-0.00038533,-0.00038533,-0.000130000000000019,-0.000686486771928072
1771275600000,2026-02-16T21:00:00Z,0.18924,0.18929,0.18862,0.18882,209896.7,39637.444748,0.18924,0.18929,0.18864,0.18882,0.18937,0.18941,0.18878,0.18891,-0.00038533,0,0,0,-9.000000000000674e-05,-0.0004764173415912696
1771275900000,2026-02-16T21:05:00Z,0.18882,0.18942,0.18881,0.18933,69756.5,13187.321638,0.18882,0.18942,0.18882,0.18935,0.18891,0.18951,0.18891,0.18946,0,0,-0.00014749,-0.00014749,-0.00012999999999999123,-0.0006861606671592486
1771276200000,2026-02-16T21:10:00Z,0.18933,0.18965,0.18919,0.18965,43353.6,8210.049394,0.18935,0.18965,0.18925,0.18965,0.18946,0.18967,0.18938,0.18967,-0.00014749,0,-0.00020742,0,-1.9999999999992246e-05,-0.00010544630147093503
1771276500000,2026-02-16T21:15:00Z,0.18965,0.18999,0.18937,0.18939,189457.2,35943.755905,0.18965,0.19,0.18941,0.18942,0.18967,0.19008,0.18959,0.18961,0,-0.00013366,-0.00075799,-0.00013366,-0.00021999999999999797,-0.0011602763567322293
1771276800000,2026-02-16T21:20:00Z,0.18939,0.18981,0.18939,0.1895,50972.2,9665.515862,0.18942,0.1898,0.18941,0.18956,0.18961,0.18993,0.18961,0.18972,-0.00013366,-0.0001034,-0.00066394,-0.00066394,-0.00021999999999999797,-0.0011596036263967846
1771277100000,2026-02-16T21:25:00Z,0.1895,0.1895,0.18926,0.18934,40122.8,7597.639482,0.18956,0.18956,0.18927,0.18934,0.18972,0.18972,0.18944,0.18951,-0.00066394,-0.00045241,-0.00050422,-0.00050422,-0.00017000000000000348,-0.000897050287583787
1771277400000,2026-02-16T21:30:00Z,0.18934,0.18962,0.18907,0.18928,81716.7,15471.444721,0.18934,0.18962,0.18915,0.18928,0.18951,0.18975,0.18934,0.18943,-0.00050422,-0.00022711,-0.00062726,-0.00022711,-0.00014999999999998348,-0.0007918492319061579
1771277700000,2026-02-16T21:35:00Z,0.18928,0.18949,0.18906,0.18946,62949.4,11907.3832,0.18928,0.18949,0.18906,0.18946,0.18943,0.18961,0.18923,0.18961,-0.00022711,-0.00013663,-0.00049429,-0.00049429,-0.00015000000000001124,-0.0007910975159538591
1771278000000,2026-02-16T21:40:00Z,0.18946,0.18968,0.18936,0.18964,49952.1,9469.81812,0.18946,0.18968,0.18938,0.18964,0.18961,0.18981,0.18955,0.18973,-0.00049429,-0.00039322,-0.00051778,-0.00051778,-9.000000000000674e-05,-0.0004743582986349377
1771278300000,2026-02-16T21:45:00Z,0.18964,0.1899,0.18939,0.18977,67991.8,12895.406382,0.18964,0.1899,0.18944,0.18977,0.18973,0.19004,0.18961,0.18991,-0.00051778,-0.00024299,-0.00042416,-0.00042416,-0.00014000000000000123,-0.000737191301142653
1771278600000,2026-02-16T21:50:00Z,0.18977,0.18983,0.1896,0.18974,42854.9,8129.421575,0.18977,0.18984,0.18961,0.18974,0.18991,0.18998,0.1898,0.18991,-0.00042416,-0.00037238,-0.0004883,-0.00037238,-0.00017000000000000348,-0.000895160865673232
1771278900000,2026-02-16T21:55:00Z,0.18974,0.19116,0.18974,0.19099,546653.4,104201.137992,0.18974,0.19118,0.18974,0.19102,0.18991,0.19128,0.18991,0.19113,-0.00037238,-0.00009126,-0.00040299,-0.00009126,-0.00014000000000000123,-0.0007324857426882291
1771279200000,2026-02-16T22:00:00Z,0.19099,0.19137,0.1907,0.19084,118068.3,22555.724974,0.19102,0.19137,0.19076,0.19096,0.19113,0.19147,0.19089,0.19111,-0.00009126,0,-0.00014758,-0.00014758,-0.00026999999999999247,-0.0014127989116215398
1771279500000,2026-02-16T22:05:00Z,0.19084,0.19093,0.19037,0.19079,134576.6,25651.517505,0.19096,0.19096,0.19039,0.19082,0.19111,0.19111,0.19055,0.19092,-0.00014758,0,0,0,-0.000130000000000019,-0.0006809134716112455
1771279800000,2026-02-16T22:10:00Z,0.19079,0.191,0.19039,0.19055,438851.6,83737.83165,0.19082,0.19102,0.19048,0.19055,0.19092,0.19112,0.19061,0.1907,0,-0.00001581,-0.00012405,-0.00012405,-0.00015000000000001124,-0.0007865757734662361
1771280100000,2026-02-16T22:15:00Z,0.19055,0.1908,0.19048,0.19055,137124.2,26147.358378,0.19055,0.1908,0.19048,0.19055,0.1907,0.19095,0.19065,0.19072,-0.00012405,-0.0003381,-0.00060231,-0.00060231,-0.00017000000000000348,-0.0008913590604027028
1771280400000,2026-02-16T22:20:00Z,0.19055,0.19072,0.19007,0.19015,169767.5,32307.587235,0.19055,0.19072,0.19007,0.19015,0.19072,0.19086,0.19031,0.19036,-0.00060231,-0.00066183,-0.001067,-0.001067,-0.00020999999999998797,-0.0011031729354905862
1771280700000,2026-02-16T22:25:00Z,0.19015,0.19028,0.18998,0.1901,44290.3,8420.075632,0.19015,0.19028,0.18998,0.1901,0.19036,0.19049,0.19027,0.19031,-0.001067,-0.0008235,-0.00086283,-0.0008235,-0.00021000000000001573,-0.0011034627712680138
1771281000000,2026-02-16T22:30:00Z,0.1901,0.19033,0.18973,0.19027,135862.7,25830.24971,0.1901,0.19034,0.18977,0.19027,0.19031,0.19049,0.19,0.19035,-0.0008235,0,-0.00015696,-0.00015696,-7.999999999999674e-05,-0.0004202784344628145
1771281300000,2026-02-16T22:35:00Z,0.19027,0.19069,0.19027,0.19047,39482.8,7522.014279,0.19027,0.19069,0.19027,0.19055,0.19035,0.19077,0.19035,0.19069,-0.00015696,0,-0.00010901,0,-0.00021999999999999797,-0.0011537049661754573
1771281600000,2026-02-16T22:40:00Z,0.19047,0.19066,0.19027,0.1906,54736.9,10428.571955,0.19055,0.19066,0.19035,0.1906,0.19069,0.19082,0.1905,0.19075,0,-0.00043993,-0.00053031,-0.00043993,-0.00015000000000001124,-0.0007863695937091022
1771281900000,2026-02-16T22:45:00Z,0.1906,0.1906,0.19019,0.19022,101318.5,19280.837459,0.1906,0.1906,0.19019,0.19025,0.19075,0.19075,0.19032,0.19042,-0.00043993,-0.00046,-0.00052728,-0.00052728,-0.00020000000000000573,-0.001050309841403244
1771282200000,2026-02-16T22:50:00Z,0.19022,0.19022,0.18977,0.19002,42127,8001.895184,0.19025,0.19026,0.18977,0.19002,0.19042,0.19044,0.18993,0.1902,-0.00052728,-0.00032553,-0.00070638,-0.00032553,-0.00018000000000001348,-0.0009463722397477049
1771282500000,2026-02-16T22:55:00Z,0.19002,0.19038,0.19002,0.19002,109061.3,20749.775866,0.19002,0.19038,0.19002,0.1901,0.1902,0.19055,0.1902,0.19031,-0.00032553,-0.00044945,-0.00056568,-0.00056568,-0.00029000000000001247,-0.0015238295412748277
1771282800000,2026-02-16T23:00:00Z,0.19002,0.1901,0.18975,0.1901,38937.2,7393.751871,0.1901,0.19011,0.18976,0.1901,0.19031,0.19033,0.18999,0.19022,-0.00056568,-0.00036877,-0.00067329,-0.00036877,-0.00012000000000000899,-0.000630848491220739
1771283100000,2026-02-16T23:05:00Z,0.1901,0.19028,0.18989,0.18989,85379.9,16226.149483,0.1901,0.19028,0.18991,0.18991,0.19022,0.1904,0.19013,0.19013,-0.00036877,-0.00079269,-0.00090971,-0.00090971,-0.00023999999999999022,-0.001262294219744334
1771283400000,2026-02-16T23:10:00Z,0.18989,0.19041,0.18984,0.19025,46384.2,8820.350029,0.18991,0.19041,0.18991,0.19027,0.19013,0.19051,0.19012,0.19047,-0.00090971,-0.00070536,-0.00071026,-0.00070536,-0.00021999999999999797,-0.0011550375387199977
1771283700000,2026-02-16T23:15:00Z,0.19025,0.19062,0.19012,0.19029,97714.3,18598.357522,0.19027,0.19062,0.19016,0.19029,0.19047,0.19074,0.19035,0.19043,-0.00070536,-0.00081811,-0.0009708,-0.0009708,-0.00014000000000000123,-0.0007351782807330843
1771284000000,2026-02-16T23:20:00Z,0.19029,0.19043,0.19012,0.19027,17820,3390.279074,0.19029,0.19043,0.19015,0.19027,0.19043,0.19063,0.19036,0.19041,-0.0009708,-0.00094375,-0.00113609,-0.00113609,-0.00014000000000000123,-0.0007352555012867036
1771284300000,2026-02-16T23:25:00Z,0.19027,0.1904,0.18996,0.18999,41807.8,7948.641051,0.19027,0.1904,0.18997,0.18999,0.19041,0.19055,0.19019,0.19019,-0.00113609,-0.00084005,-0.00159832,-0.00084005,-0.00020000000000000573,-0.0010515799989484502
1771284600000,2026-02-16T23:30:00Z,0.18999,0.19021,0.18974,0.1898,25367.2,4819.952285,0.18999,0.19021,0.18981,0.18982,0.19019,0.19031,0.19001,0.19005,-0.00084005,-0.00062416,-0.00063328,-0.00062416,-0.0002500000000000002,-0.0013154433043935819
1771284900000,2026-02-16T23:35:00Z,0.1898,0.18993,0.18965,0.18993,52908.3,10038.721491,0.18982,0.18993,0.18965,0.18993,0.19005,0.19007,0.18986,0.19007,-0.00062416,-0.00032775,-0.00091573,-0.00032775,-0.00014000000000000123,-0.0007365707370968656
1771285200000,2026-02-16T23:40:00Z,0.18993,0.19002,0.18963,0.18963,57936.6,10998.232185,0.18993,0.19002,0.18968,0.18968,0.19007,0.1901,0.1899,0.1899,-0.00032775,-0.00065245,-0.00084476,-0.00065245,-0.0002700000000000202,-0.001421800947867405
1771285500000,2026-02-16T23:45:00Z,0.18963,0.18991,0.18963,0.18985,130662.4,24803.946911,0.18968,0.18988,0.18968,0.18986,0.1899,0.19001,0.18988,0.19,-0.00065245,-0.00026037,-0.00052868,-0.00052868,-0.00015000000000001124,-0.0007894736842105854
1771285800000,2026-02-16T23:50:00Z,0.18985,0.19022,0.18985,0.19022,50670.4,9633.824417,0.18986,0.19027,0.18986,0.19022,0.19,0.19043,0.19,0.19043,-0.00052868,-0.00055479,-0.00093085,-0.00055479,-0.00020999999999998797,-0.0011027674210995536
1771286100000,2026-02-16T23:55:00Z,0.19022,0.19023,0.18983,0.19017,59437.6,11295.996789,0.19022,0.19027,0.18987,0.19017,0.19043,0.19049,0.19014,0.19031,-0.00055479,-0.00024558,-0.00067003,-0.00024558,-0.00014000000000000123,-0.0007356418475119607
1771286400000,2026-02-17T00:00:00Z,0.19017,0.19045,0.19001,0.1901,142804.9,27168.502989,0.19017,0.19049,0.19003,0.1901,0.19031,0.19063,0.19024,0.19024,-0.00024558,-0.00047855,-0.00102184,-0.00102184,-0.00014000000000000123,-0.000735912531539115
1771286700000,2026-02-17T00:05:00Z,0.1901,0.1901,0.18962,0.18993,69455.2,13183.640521,0.1901,0.1901,0.18962,0.18993,0.19024,0.19024,0.18981,0.1901,-0.00102184,-0.00023,-0.00030519,-0.00023,-0.00017000000000000348,-0.00089426617569702
1771287000000,2026-02-17T00:10:00Z,0.18993,0.19006,0.18976,0.19006,51501.3,9781.982597,0.18993,0.19007,0.18981,0.19007,0.1901,0.19018,0.18998,0.19018,-0.00023,0,-0.00011786,-0.00011786,-0.00011999999999998123,-0.0006309811757281588
1771287300000,2026-02-17T00:15:00Z,0.19006,0.19019,0.18949,0.18969,145728.8,27647.35298,0.19007,0.19019,0.18949,0.18969,0.19018,0.19028,0.1897,0.18981,-0.00011786,-0.00072825,-0.00076011,-0.00072825,-0.00012000000000000899,-0.0006322111585269954
1771287600000,2026-02-17T00:20:00Z,0.18969,0.18989,0.18966,0.18983,209178.6,39684.957113,0.18969,0.18989,0.18966,0.18983,0.18981,0.19002,0.18981,0.19002,-0.00072825,-0.00041384,-0.000952,-0.00041384,-0.00018999999999999573,-0.000999894747921249
1771287900000,2026-02-17T00:25:00Z,0.18983,0.19013,0.18968,0.18996,67937.1,12904.765409,0.18983,0.19013,0.18971,0.18996,0.19002,0.19022,0.18991,0.19012,-0.00041384,0,-0.00058424,-0.00058424,-0.00016000000000002124,-0.0008415737428993332
1771288200000,2026-02-17T00:30:00Z,0.18996,0.18997,0.18961,0.18978,66985.9,12710.898557,0.18996,0.18997,0.18961,0.18982,0.19012,0.19012,0.18979,0.18996,-0.00058424,-0.00022667,-0.00043253,-0.00043253,-0.00017999999999998573,-0.0009475679090334057
1771288500000,2026-02-17T00:35:00Z,0.18978,0.1899,0.18967,0.18969,62975.8,11951.294478,0.18982,0.18993,0.18968,0.18969,0.18996,0.19006,0.18982,0.18983,-0.00043253,-0.00015224,-0.00033789,-0.00033789,-0.00014000000000000123,-0.0007375019754517264
1771288800000,2026-02-17T00:40:00Z,0.18969,0.18976,0.18925,0.18937,89960.6,17045.746808,0.18969,0.18976,0.18925,0.18937,0.18983,0.18985,0.18944,0.18953,-0.00033789,-0.00021421,-0.00066719,-0.00021421,-0.00015999999999999348,-0.0008441935313670315
1771289100000,2026-02-17T00:45:00Z,0.18937,0.18995,0.18937,0.18995,104902.8,19901.039276,0.18937,0.18995,0.18937,0.18995,0.18953,0.19002,0.18952,0.19002,-0.00021421,0,-0.00062886,0,-6.999999999998674e-05,-0.00036838227554987236
1771289400000,2026-02-17T00:50:00Z,0.18995,0.19,0.18942,0.18945,42253.2,8017.567891,0.18995,0.19,0.18942,0.18945,0.19002,0.19008,0.18961,0.18964,0,-0.0005888,-0.00071176,-0.0005888,-0.00018999999999999573,-0.001001898333684854
1771289700000,2026-02-17T00:55:00Z,0.18945,0.1895,0.18896,0.18902,176951.7,33462.163121,0.18945,0.1895,0.18899,0.18907,0.18964,0.18964,0.1892,0.18928,-0.0005888,-0.00064303,-0.00067418,-0.00067418,-0.0002600000000000102,-0.0013736263736264275
1771290000000,2026-02-17T01:00:00Z,0.18902,0.18949,0.18892,0.189,67345.5,12738.779134,0.18907,0.18949,0.18895,0.189,0.18928,0.18962,0.18915,0.18915,-0.00067418,-0.00086982,-0.00125741,-0.00086982,-0.00015000000000001124,-0.0007930214115781719
1771290300000,2026-02-17T01:05:00Z,0.189,0.18935,0.189,0.18935,32609.8,6166.532717,0.189,0.18935,0.189,0.18935,0.18915,0.18948,0.18915,0.18948,-0.00086982,-0.00054513,-0.00057606,-0.00057606,-0.000130000000000019,-0.0006860882415031612
1771290600000,2026-02-17T01:10:00Z,0.18935,0.18974,0.18912,0.18929,62943.4,11926.074275,0.18935,0.18974,0.18914,0.18929,0.18948,0.18985,0.18939,0.18943,-0.00057606,-0.00058566,-0.00075283,-0.00075283,-0.00013999999999997348,-0.0007390592831123554
1771290900000,2026-02-17T01:15:00Z,0.18929,0.18936,0.18885,0.1893,77680.8,14688.644298,0.18929,0.18936,0.18888,0.1893,0.18943,0.18953,0.18904,0.18934,-0.00075283,-0.00020768,-0.00070224,-0.00020768,-4.000000000001225e-05,-0.00021126016689559652
1771291200000,2026-02-17T01:20:00Z,0.1893,0.18942,0.18913,0.18935,127316.2,24103.638418,0.1893,0.18942,0.18923,0.18935,0.18934,0.18949,0.18934,0.18942,-0.00020768,-0.00005002,-0.00073966,-0.00073966,-7.00000000000145e-05,-0.0003695491500370314
1771291500000,2026-02-17T01:25:00Z,0.18935,0.18942,0.18913,0.18923,19126.3,3620.57928,0.18935,0.18942,0.1892,0.18923,0.18942,0.1895,0.18935,0.18937,-0.00073966,-0.00028412,-0.00088239,-0.00028412,-0.00014000000000000123,-0.0007392934466916683
1771291800000,2026-02-17T01:30:00Z,0.18923,0.18958,0.18903,0.18945,53838,10189.540855,0.18923,0.18958,0.18904,0.18946,0.18937,0.1896,0.18918,0.18955,-0.00028412,-0.00025194,-0.00025565,-0.00025565,-9.999999999998899e-05,-0.0005275652862041097
1771292100000,2026-02-17T01:35:00Z,0.18945,0.18954,0.18925,0.18946,52187.8,9883.342824,0.18946,0.18954,0.18925,0.18946,0.18955,0.18962,0.18939,0.18948,-0.00025565,-0.0002105,-0.00032106,-0.0002105,-2.0000000000020002e-05,-0.00010555203715442264
1771292400000,2026-02-17T01:40:00Z,0.18946,0.18946,0.18902,0.18902,62756.3,11883.048857,0.18946,0.18946,0.18903,0.18903,0.18948,0.1895,0.1892,0.1892,-0.0002105,-0.00031374,-0.00045293,-0.00045293,-0.00018000000000001348,-0.0009513742071882319
1771292700000,2026-02-17T01:45:00Z,0.18902,0.18911,0.18882,0.18884,71075.7,13426.661654,0.18903,0.18911,0.18883,0.18888,0.1892,0.18921,0.18893,0.189,-0.00045293,-0.00032126,-0.00052438,-0.00032126,-0.00015999999999999348,-0.000846560846560812
1771293000000,2026-02-17T01:50:00Z,0.18884,0.18892,0.18836,0.18845,170953.8,32232.895907,0.18888,0.18892,0.18844,0.18845,0.189,0.18902,0.18856,0.18856,-0.00032126,-0.00023505,-0.00025872,-0.00025872,-0.00010999999999999899,-0.0005833686890114499
1771293300000,2026-02-17T01:55:00Z,0.18845,0.1886,0.18832,0.18841,54254.1,10225.428242,0.18845,0.1886,0.18833,0.18846,0.18856,0.18872,0.18848,0.18856,-0.00025872,0,-0.00035627,-0.00035627,-0.00015000000000001124,-0.000795502757742953
1771293600000,2026-02-17T02:00:00Z,0.18841,0.18843,0.18728,0.18799,278146.6,52196.348197,0.18846,0.1885,0.18732,0.18799,0.18856,0.1886,0.18748,0.18807,-0.00035627,-0.00022481,-0.0003767,-0.00022481,-7.999999999999674e-05,-0.000425373531132008
1771293900000,2026-02-17T02:05:00Z,0.18799,0.18895,0.18795,0.18895,126348.8,23788.814494,0.18799,0.18895,0.18795,0.18895,0.18807,0.18894,0.18806,0.18894,-0.00022481,0,-0.00042691,0,1.0000000000010001e-05,5.292685508632371e-05
1771294200000,2026-02-17T02:10:00Z,0.18895,0.19003,0.18884,0.18956,158366.9,30018.017806,0.18895,0.19,0.18888,0.18956,0.18894,0.19007,0.18894,0.1897,0,-0.00012321,-0.00026077,-0.00026077,-0.00014000000000000123,-0.0007380073800738072
1771294500000,2026-02-17T02:15:00Z,0.18956,0.18981,0.1894,0.18961,134887.6,25571.661011,0.18956,0.18981,0.18946,0.18961,0.1897,0.18992,0.18961,0.1898,-0.00026077,-0.00017016,-0.00065876,-0.00065876,-0.00018999999999999573,-0.0010010537407797457
1771294800000,2026-02-17T02:20:00Z,0.18961,0.18987,0.18941,0.18987,40074.6,7595.756026,0.18961,0.18987,0.18943,0.18987,0.1898,0.1899,0.1896,0.1899,-0.00065876,-0.00027742,-0.00054535,-0.00054535,-3.0000000000002247e-05,-0.00015797788309637834
1771295100000,2026-02-17T02:25:00Z,0.18987,0.18987,0.18953,0.18978,36391.3,6903.520938,0.18987,0.18987,0.18957,0.18978,0.1899,0.19,0.18972,0.18997,-0.00054535,-0.0000882,-0.00076905,-0.0000882,-0.00018999999999999573,-0.0010001579196715045
1771295400000,2026-02-17T02:30:00Z,0.18978,0.19011,0.18978,0.19005,88616.5,16837.379887,0.18978,0.19011,0.18978,0.19005,0.18997,0.19026,0.18997,0.19016,-0.0000882,-0.00010894,-0.00065923,-0.00010894,-0.00010999999999999899,-0.0005784602440050431
1771295700000,2026-02-17T02:35:00Z,0.19005,0.19005,0.18974,0.18981,53774.2,10208.214354,0.19005,0.19009,0.18976,0.18981,0.19016,0.19025,0.18994,0.18994,-0.00010894,-0.00040176,-0.00055925,-0.00040176,-0.00012999999999999123,-0.000684426661050812
1771296000000,2026-02-17T02:40:00Z,0.18981,0.19014,0.18981,0.19011,13684,2599.911616,0.18981,0.19017,0.18981,0.19011,0.18994,0.19031,0.18992,0.19026,-0.00040176,-0.00027454,-0.00075406,-0.00075406,-0.00015000000000001124,-0.0007883948281299864
1771296300000,2026-02-17T02:45:00Z,0.19011,0.1903,0.18976,0.18981,72332.7,13742.500851,0.19011,0.1903,0.18983,0.18985,0.19026,0.19037,0.19001,0.19007,-0.00075406,-0.00033922,-0.00090152,-0.00090152,-0.00025999999999998247,-0.001367917083179789
1771296600000,2026-02-17T02:50:00Z,0.18981,0.18999,0.18974,0.18982,47302.3,8978.33664,0.18985,0.18999,0.18978,0.18982,0.19007,0.19013,0.19,0.19004,-0.00090152,-0.00062571,-0.00082322,-0.00082322,-0.00021999999999999797,-0.0011576510208377079
1771296900000,2026-02-17T02:55:00Z,0.18982,0.19005,0.18979,0.1898,27205.6,5167.701075,0.18982,0.19003,0.18979,0.18985,0.19004,0.19024,0.19,0.19006,-0.00082322,-0.0004686,-0.00065001,-0.0004686,-0.0002600000000000102,-0.001367989056087605
1771297200000,2026-02-17T03:00:00Z,0.1898,0.18981,0.1893,0.1893,86278.5,16360.845332,0.18985,0.18985,0.1893,0.1893,0.19006,0.19006,0.18953,0.18953,-0.0004686,-0.00078685,-0.00101627,-0.00101627,-0.00023000000000000798,-0.0012135282013401992
1771297500000,2026-02-17T03:05:00Z,0.1893,0.1893,0.18898,0.18912,130845.7,24746.728946,0.1893,0.18933,0.18899,0.18914,0.18953,0.18957,0.18924,0.18941,-0.00101627,-0.00090195,-0.00124185,-0.00090195,-0.0002899999999999847,-0.001531070165249906
1771297800000,2026-02-17T03:10:00Z,0.18912,0.18929,0.18904,0.18929,31677.4,5991.385726,0.18914,0.18929,0.18904,0.18929,0.18941,0.18947,0.18925,0.18944,-0.00090195,-0.00092393,-0.00099234,-0.00092393,-0.00014999999999998348,-0.0007918074324323452
1771298100000,2026-02-17T03:15:00Z,0.18929,0.18944,0.18909,0.18914,35361,6695.354889,0.18929,0.18949,0.18918,0.18919,0.18944,0.18967,0.18944,0.18946,-0.00092393,-0.0009053,-0.00092724,-0.00092724,-0.00031999999999998696,-0.0016890108730074262
1771298400000,2026-02-17T03:20:00Z,0.18914,0.18948,0.18909,0.18912,79811.3,15112.408156,0.18919,0.18948,0.18909,0.18912,0.18946,0.18966,0.18933,0.18935,-0.00092724,-0.0008404,-0.00134208,-0.0008404,-0.00022999999999998022,-0.0012146818061789292
1771298700000,2026-02-17T03:25:00Z,0.18912,0.18922,0.189,0.18922,25236.8,4772.258009,0.18912,0.18927,0.189,0.18927,0.18935,0.18942,0.18921,0.18942,-0.0008404,-0.00033468,-0.00043278,-0.00043278,-0.00020000000000000573,-0.00105585471439133
1771299000000,2026-02-17T03:30:00Z,0.18922,0.18934,0.18891,0.18934,75281.2,14235.083852,0.18927,0.18934,0.18899,0.18934,0.18942,0.18949,0.1892,0.18945,-0.00043278,-0.00024319,-0.00042697,-0.00024319,-0.00010999999999999899,-0.0005806281340723093
1771299300000,2026-02-17T03:35:00Z,0.18934,0.18934,0.18907,0.18908,69794.6,13203.216447,0.18934,0.18934,0.18909,0.18912,0.18945,0.18945,0.18921,0.18923,-0.00024319,-0.0000998,-0.00015497,-0.00015497,-0.00015000000000001124,-0.0007926861491307468
1771299600000,2026-02-17T03:40:00Z,0.18908,0.18931,0.18899,0.18918,36329.2,6872.322878,0.18912,0.18931,0.18904,0.18924,0.18923,0.18941,0.18919,0.18937,-0.00015497,-0.00009553,-0.00012941,-0.00009553,-0.00019000000000002348,-0.0010033268205102365
1771299900000,2026-02-17T03:45:00Z,0.18918,0.18925,0.18892,0.18902,83482.5,15790.402285,0.18924,0.18925,0.18898,0.18902,0.18937,0.18939,0.1891,0.18915,-0.00009553,-0.00029154,-0.00029684,-0.00029154,-0.000130000000000019,-0.0006872852233677979
1771300200000,2026-02-17T03:50:00Z,0.18902,0.18916,0.18899,0.18903,34203.6,6466.296074,0.18902,0.18916,0.18901,0.18904,0.18915,0.18928,0.18915,0.18918,-0.00029154,-0.00037073,-0.00042709,-0.00042709,-0.00014999999999998348,-0.0007928956549317237
1771300500000,2026-02-17T03:55:00Z,0.18903,0.18906,0.18867,0.18881,66632.9,12583.180155,0.18904,0.18905,0.18869,0.18885,0.18918,0.18918,0.18882,0.18899,-0.00042709,-0.00045676,-0.00056182,-0.00045676,-0.00017999999999998573,-0.0009524313455737644
1771300800000,2026-02-17T04:00:00Z,0.18881,0.18918,0.18874,0.18893,56131,10607.773082,0.18885,0.18918,0.18881,0.18893,0.18899,0.18929,0.18896,0.18903,-0.00045676,-0.00012334,-0.00044472,-0.00044472,-0.00010000000000001674,-0.0005290165582183607
1771301100000,2026-02-17T04:05:00Z,0.18893,0.18906,0.18846,0.18888,99127.2,18709.918246,0.18893,0.18906,0.18846,0.18888,0.18903,0.18917,0.1886,0.18892,-0.00044472,0,-0.00022127,0,-4.000000000001225e-05,-0.00021172983273349698
1771301400000,2026-02-17T04:10:00Z,0.18888,0.1891,0.18888,0.18893,22225,4199.464862,0.18888,0.1891,0.18888,0.18893,0.18892,0.18913,0.18892,0.189,0,-0.00021551,-0.00027483,-0.00021551,-7.00000000000145e-05,-0.00037037037037044706
1771301700000,2026-02-17T04:15:00Z,0.18893,0.18925,0.18866,0.18925,137528.4,25964.723805,0.18893,0.18925,0.18869,0.18925,0.189,0.1893,0.18878,0.18926,-0.00021551,0,-0.00022551,0,-1.0000000000010001e-05,-5.283736658570221e-05
1771302000000,2026-02-17T04:20:00Z,0.18925,0.18988,0.18925,0.18982,120173.6,22791.576466,0.18925,0.18988,0.18925,0.18986,0.18926,0.18995,0.18926,0.18995,0,0,-0.00032994,-0.00032994,-0.000130000000000019,-0.0006843906291130244
1771302300000,2026-02-17T04:25:00Z,0.18982,0.18982,0.18941,0.18951,22824.7,4327.760683,0.18986,0.18988,0.18942,0.18951,0.18995,0.18997,0.18955,0.1896,-0.00032994,-0.00030516,-0.00036371,-0.00030516,-8.999999999997899e-05,-0.00047468354430368664
1771302600000,2026-02-17T04:30:00Z,0.18951,0.18951,0.18826,0.18865,225365.1,42491.650141,0.18951,0.18951,0.18827,0.18865,0.1896,0.1896,0.18841,0.1887,-0.00030516,-0.00035843,-0.00042008,-0.00035843,-4.999999999999449e-05,-0.0002649708532061181
1771302900000,2026-02-17T04:35:00Z,0.18865,0.18881,0.1885,0.18872,44168.4,8336.532181,0.18865,0.18884,0.18856,0.18878,0.1887,0.18893,0.18868,0.18889,-0.00035843,0,-0.00030496,0,-0.00017000000000000348,-0.0008999947059135131
1771303200000,2026-02-17T04:40:00Z,0.18872,0.18912,0.18872,0.18903,47821.1,9034.8628,0.18878,0.18912,0.18878,0.18905,0.18889,0.1892,0.18889,0.18915,0,0,-0.00029207,-0.00029207,-0.00012000000000000899,-0.0006344171292625376
1771303500000,2026-02-17T04:45:00Z,0.18903,0.18915,0.18881,0.18911,26684.6,5043.589712,0.18905,0.18915,0.18887,0.18914,0.18915,0.18921,0.18899,0.18921,-0.00029207,0,-0.00006116,-0.00006116,-9.999999999998899e-05,-0.0005285132921092384
1771303800000,2026-02-17T04:50:00Z,0.18911,0.18921,0.18896,0.18896,43401.6,8205.858177,0.18914,0.18921,0.18899,0.18899,0.18921,0.18929,0.1891,0.1891,-0.00006116,-0.0002071,-0.00029915,-0.0002071,-0.00014000000000000123,-0.0007403490216816565
1771304100000,2026-02-17T04:55:00Z,0.18896,0.18896,0.18875,0.18882,40148.1,7581.361596,0.18899,0.18899,0.18875,0.18883,0.1891,0.1891,0.18885,0.18895,-0.0002071,-0.00009965,-0.00021456,-0.00021456,-0.000130000000000019,-0.0006880127017730563
1771304400000,2026-02-17T05:00:00Z,0.18882,0.18897,0.18846,0.18861,35686.5,6734.070725,0.18883,0.18897,0.18848,0.18861,0.18895,0.189,0.18861,0.1887,-0.00021456,-0.00028896,-0.00042113,-0.00042113,-9.000000000000674e-05,-0.0004769475357711009
1771304700000,2026-02-17T05:05:00Z,0.18861,0.18867,0.1883,0.18846,39542.8,7453.696864,0.18861,0.18867,0.1883,0.18846,0.1887,0.18877,0.18845,0.18854,-0.00042113,-0.00052699,-0.00062214,-0.00062214,-8.00000000000245e-05,-0.0004243131430997374
1771305000000,2026-02-17T05:10:00Z,0.18846,0.18877,0.18831,0.18838,52171.6,9837.777648,0.18846,0.18877,0.18833,0.18838,0.18854,0.18881,0.1885,0.1885,-0.00062214,-0.0004326,-0.00064705,-0.00064705,-0.00012000000000000899,-0.0006366047745358567
1771305300000,2026-02-17T05:15:00Z,0.18838,0.18844,0.18774,0.18782,157936.6,29721.236377,0.18838,0.18844,0.18779,0.18782,0.1885,0.18858,0.18792,0.18792,-0.00064705,-0.00012182,-0.00045983,-0.00045983,-0.00010000000000001674,-0.000532141336739127
1771305600000,2026-02-17T05:20:00Z,0.18782,0.18796,0.18729,0.18749,192260.9,36068.898019,0.18782,0.18792,0.18736,0.18753,0.18792,0.18798,0.18743,0.18762,-0.00045983,0,-0.0002084,-0.0002084,-0.000130000000000019,-0.0006928898838077976
1771305900000,2026-02-17T05:25:00Z,0.18749,0.18754,0.18737,0.18737,62076.3,11635.123365,0.18753,0.18754,0.1874,0.1874,0.18762,0.18764,0.1875,0.1875,-0.0002084,-0.00021438,-0.00030872,-0.00021438,-0.00012999999999999123,-0.0006933333333332866
1771306200000,2026-02-17T05:30:00Z,0.18737,0.18739,0.18644,0.1869,745924.8,139248.931173,0.1874,0.1874,0.18665,0.1869,0.1875,0.1875,0.18674,0.18702,-0.00021438,-0.00012349,-0.00039639,-0.00039639,-0.00011999999999998123,-0.0006416426050688763
1771306500000,2026-02-17T05:35:00Z,0.1869,0.18702,0.18636,0.18699,160837,30034.984676,0.1869,0.18702,0.18642,0.18699,0.18702,0.18707,0.18658,0.18707,-0.00039639,0,-0.00030638,0,-7.999999999999674e-05,-0.0004276474047147952
1771306800000,2026-02-17T05:40:00Z,0.18699,0.18778,0.18699,0.18767,154675.8,29007.49811,0.18699,0.18778,0.18699,0.18767,0.18707,0.18787,0.18707,0.18778,0,-0.00020246,-0.00027462,-0.00027462,-0.00010999999999999899,-0.0005857918841197092
1771307100000,2026-02-17T05:45:00Z,0.18767,0.18793,0.18764,0.18784,159871.4,30028.220476,0.18767,0.18793,0.18767,0.18786,0.18778,0.18798,0.18776,0.18797,-0.00027462,-0.00027816,-0.00028354,-0.00028354,-0.00012999999999999123,-0.000691599723360064
1771307400000,2026-02-17T05:50:00Z,0.18784,0.18784,0.18749,0.18767,50620.4,9500.538669,0.18786,0.18786,0.18754,0.18771,0.18797,0.18797,0.18766,0.18778,-0.00028354,-0.00003425,-0.00020088,-0.00020088,-0.00010999999999999899,-0.0005857918841197092
1771307700000,2026-02-17T05:55:00Z,0.18767,0.18781,0.18753,0.18771,78156.7,14668.153382,0.18771,0.18781,0.18757,0.18771,0.18778,0.18787,0.18768,0.18778,-0.00020088,-0.00007947,-0.00014346,-0.00007947,-7.00000000000145e-05,-0.0003727766535308046
1771308000000,2026-02-17T06:00:00Z,0.18771,0.18815,0.18771,0.18812,171324.2,32216.411496,0.18771,0.18813,0.18771,0.18812,0.18778,0.18823,0.18778,0.18821,-0.00007947,-0.00029629,-0.00039891,-0.00039891,-8.999999999997899e-05,-0.00047818925668125493
1771308300000,2026-02-17T06:05:00Z,0.18812,0.18833,0.188,0.18828,41310.1,7772.765964,0.18812,0.18833,0.18803,0.18828,0.18821,0.18837,0.18817,0.18837,-0.00039891,-0.00008676,-0.00043764,-0.00043764,-9.000000000000674e-05,-0.0004777830864787744
1771308600000,2026-02-17T06:10:00Z,0.18828,0.18835,0.18806,0.18811,69032.7,12995.964858,0.18828,0.18836,0.18811,0.18811,0.18837,0.18845,0.1882,0.1882,-0.00043764,0,-0.00026554,-0.00026554,-9.000000000000674e-05,-0.0004782146652497701
1771308900000,2026-02-17T06:15:00Z,0.18811,0.18831,0.188,0.18803,26331.2,4954.663265,0.18811,0.18831,0.18804,0.18804,0.1882,0.18841,0.1882,0.18821,-0.00026554,-0.0002882,-0.00032534,-0.00032534,-0.00017999999999998573,-0.0009563785133626573
1771309200000,2026-02-17T06:20:00Z,0.18803,0.1882,0.18794,0.18818,126555.7,23804.210917,0.18804,0.18819,0.18797,0.18818,0.18821,0.18824,0.18808,0.18823,-0.00032534,0,0,0,-5.000000000002225e-05,-0.00026563247091336263
1771309500000,2026-02-17T06:25:00Z,0.18818,0.18857,0.18795,0.18842,109069.8,20554.918806,0.18818,0.18854,0.18799,0.1885,0.18823,0.18858,0.1881,0.18858,0,0,-0.00008488,0,-0.00015999999999999348,-0.0008484462827446892
1771309800000,2026-02-17T06:30:00Z,0.18842,0.18855,0.18806,0.18849,134412.4,25302.251773,0.1885,0.18854,0.18807,0.18851,0.18858,0.18863,0.1882,0.18858,0,0,-0.00014226,-0.00014226,-9.000000000000674e-05,-0.00047725103404394284
1771310100000,2026-02-17T06:35:00Z,0.18849,0.18865,0.1884,0.18862,100425.9,18937.559878,0.18851,0.18863,0.18849,0.18862,0.18858,0.18871,0.18858,0.18869,-0.00014226,-0.0002131,-0.00047051,-0.00047051,-6.999999999998674e-05,-0.00037097885420524
1771310400000,2026-02-17T06:40:00Z,0.18862,0.18873,0.18849,0.18854,70719.2,13339.048627,0.18862,0.18873,0.18851,0.18854,0.18869,0.1888,0.18862,0.18866,-0.00047051,-0.00053373,-0.00071616,-0.00053373,-0.00011999999999998123,-0.0006360648786175195
1771310700000,2026-02-17T06:45:00Z,0.18854,0.18856,0.18841,0.18856,38922,7337.621682,0.18854,0.1886,0.18842,0.18856,0.18866,0.18874,0.18855,0.18859,-0.00053373,0,-0.00007933,0,-3.0000000000002247e-05,-0.00015907524258975685
1771311000000,2026-02-17T06:50:00Z,0.18856,0.18889,0.18856,0.18861,221792.6,41872.205178,0.18856,0.18889,0.18856,0.18861,0.18859,0.18889,0.18859,0.18875,0,-0.00028096,-0.0003008,-0.0003008,-0.00014000000000000123,-0.0007417218543046423
1771311300000,2026-02-17T06:55:00Z,0.18861,0.18861,0.18846,0.18848,21080.9,3974.528419,0.18861,0.18861,0.18848,0.18848,0.18875,0.18875,0.18862,0.18862,-0.0003008,-0.00036791,-0.00050076,-0.00036791,-0.00014000000000000123,-0.0007422330611812174
1771311600000,2026-02-17T07:00:00Z,0.18848,0.18851,0.18823,0.18843,43001.8,8099.96691,0.18848,0.18853,0.18825,0.18846,0.18862,0.18863,0.18837,0.1886,-0.00036791,0,-0.00049382,-0.00049382,-0.00017000000000000348,-0.0009013785790031999
1771311900000,2026-02-17T07:05:00Z,0.18843,0.18843,0.18818,0.18821,37296.4,7022.522171,0.18846,0.18846,0.18824,0.18824,0.1886,0.1886,0.18841,0.18841,-0.00049382,-0.00010843,-0.00070724,-0.00010843,-0.00020000000000000573,-0.0010615147815933642
1771312200000,2026-02-17T07:10:00Z,0.18821,0.18844,0.18821,0.18834,126569.3,23835.33064,0.18824,0.18844,0.18823,0.18838,0.18841,0.18854,0.18841,0.18852,-0.00010843,-0.00034008,-0.00043207,-0.00034008,-0.00017999999999998573,-0.0009548058561425086
1771312500000,2026-02-17T07:15:00Z,0.18834,0.18856,0.18819,0.18819,22414.5,4222.628508,0.18838,0.18856,0.18819,0.18819,0.18852,0.18863,0.18842,0.18843,-0.00034008,-0.00081016,-0.00089688,-0.00081016,-0.00023999999999999022,-0.0012736825346281921
1771312800000,2026-02-17T07:20:00Z,0.18819,0.18841,0.18812,0.1884,49889.4,9392.556597,0.18819,0.18841,0.18812,0.1884,0.18843,0.18855,0.18832,0.18855,-0.00081016,-0.00079899,-0.0009328,-0.00079899,-0.00014999999999998348,-0.0007955449482894908
1771313100000,2026-02-17T07:25:00Z,0.1884,0.18841,0.1881,0.18817,13195.4,2483.989309,0.1884,0.18841,0.18814,0.18817,0.18855,0.18855,0.18829,0.18833,-0.00079899,-0.00022029,-0.00064945,-0.00022029,-0.00015999999999999348,-0.0008495725588063159
1771313400000,2026-02-17T07:30:00Z,0.18817,0.18833,0.18793,0.18822,68445.6,12877.332547,0.18817,0.18833,0.18798,0.18822,0.18833,0.18838,0.18815,0.18833,-0.00022029,-0.00045466,-0.00046995,-0.00045466,-0.00010999999999999899,-0.0005840811341793606
1771313700000,2026-02-17T07:35:00Z,0.18822,0.18885,0.18819,0.18872,119465.9,22548.760236,0.18822,0.18885,0.18819,0.18878,0.18833,0.18896,0.18833,0.18887,-0.00045466,-0.00017386,-0.00033241,-0.00033241,-0.00015000000000001124,-0.0007941970667655595
1771314000000,2026-02-17T07:40:00Z,0.18872,0.18902,0.18862,0.18887,53127.5,10034.899439,0.18878,0.18898,0.18865,0.18889,0.18887,0.18907,0.18877,0.18904,-0.00033241,-0.00007137,-0.00065726,-0.00007137,-0.00017000000000000348,-0.0008992805755395867
1771314300000,2026-02-17T07:45:00Z,0.18887,0.18918,0.18873,0.18906,216258.3,40859.592048,0.18889,0.18918,0.18878,0.18912,0.18904,0.18927,0.18891,0.18927,-0.00007137,-0.0003164,-0.00053993,-0.00053993,-0.00020999999999998797,-0.0011095260738626723
1771314600000,2026-02-17T07:50:00Z,0.18906,0.18906,0.1886,0.1887,110466.7,20858.519673,0.18912,0.18912,0.18863,0.1887,0.18927,0.18927,0.18881,0.18886,-0.00053993,-0.00030926,-0.00063826,-0.00063826,-0.00015999999999999348,-0.0008471883935189743
1771314900000,2026-02-17T07:55:00Z,0.1887,0.18875,0.18833,0.18845,15515,2925.62343,0.1887,0.18875,0.18835,0.18845,0.18886,0.18888,0.18852,0.18852,-0.00063826,-0.0006176,-0.0006984,-0.0006984,-6.999999999998674e-05,-0.0003713133884998236
1771315200000,2026-02-17T08:00:00Z,0.18845,0.18904,0.18833,0.18903,143309.7,27058.851636,0.18845,0.18905,0.18835,0.18903,0.18852,0.18916,0.18852,0.18914,-0.0006984,-0.00033987,-0.00040613,-0.00040613,-0.00010999999999999899,-0.0005815797821719308
1771315500000,2026-02-17T08:05:00Z,0.18903,0.18926,0.18892,0.18905,40428.1,7641.93955,0.18903,0.18926,0.18893,0.18905,0.18914,0.18933,0.18904,0.18916,-0.00040613,-0.00017371,-0.00036583,-0.00017371,-0.00010999999999999899,-0.0005815182913935239
1771315800000,2026-02-17T08:10:00Z,0.18905,0.18927,0.18897,0.18921,31467.8,5951.077414,0.18905,0.18931,0.18897,0.18921,0.18916,0.18941,0.1891,0.18929,-0.00017371,-0.00002059,-0.00034806,-0.00002059,-8.00000000000245e-05,-0.0004226319404090258
1771316100000,2026-02-17T08:15:00Z,0.18921,0.18933,0.18899,0.18904,78876.3,14917.817401,0.18921,0.18933,0.18905,0.18909,0.18929,0.18941,0.18919,0.18926,-0.00002059,-0.00027741,-0.00053374,-0.00027741,-0.00021999999999999797,-0.0011624220648842754
1771316400000,2026-02-17T08:20:00Z,0.18904,0.18915,0.1889,0.1889,32399.7,6125.911036,0.18909,0.18915,0.18898,0.18898,0.18926,0.18927,0.18914,0.18914,-0.00027741,-0.00039529,-0.0004676,-0.0004676,-0.00023999999999999022,-0.0012689013429205362
1771316700000,2026-02-17T08:25:00Z,0.1889,0.18893,0.18871,0.18871,37183.5,7019.075957,0.18898,0.18898,0.18874,0.18878,0.18914,0.18914,0.18891,0.18892,-0.0004676,-0.00027779,-0.00042832,-0.00027779,-0.00021000000000001573,-0.001111581621850602
1771317000000,2026-02-17T08:30:00Z,0.18871,0.18884,0.18844,0.18858,92254.6,17406.855469,0.18878,0.18886,0.1885,0.18865,0.18892,0.189,0.18863,0.18879,-0.00027779,-0.00067847,-0.00086345,-0.00086345,-0.00021000000000001573,-0.0011123470522803947
1771317300000,2026-02-17T08:35:00Z,0.18858,0.18861,0.18769,0.18781,319635.6,60110.820192,0.18865,0.18865,0.18769,0.18786,0.18879,0.18879,0.18781,0.18798,-0.00086345,-0.00049127,-0.00072913,-0.00072913,-0.00017000000000000348,-0.0009043515267581842
1771317600000,2026-02-17T08:40:00Z,0.18781,0.18792,0.18756,0.18786,175862.4,33013.437566,0.18786,0.18792,0.18764,0.18791,0.18798,0.18802,0.18775,0.18799,-0.00072913,-0.00010947,-0.00027189,-0.00027189,-0.00012999999999999123,-0.0006915261450076666
1771317900000,2026-02-17T08:45:00Z,0.18786,0.18793,0.18752,0.18752,149660.3,28093.51416,0.18791,0.18793,0.18756,0.1876,0.18799,0.188,0.18772,0.18776,-0.00027189,-0.00045608,-0.00050731,-0.00045608,-0.00024000000000001798,-0.0012782275244994565
1771318200000,2026-02-17T08:50:00Z,0.18752,0.18754,0.18723,0.18747,94915.7,17783.993859,0.1876,0.1876,0.18731,0.18748,0.18776,0.18776,0.18744,0.18759,-0.00045608,-0.00011614,-0.00014867,-0.00011614,-0.00012000000000000899,-0.000639692947385303
1771318500000,2026-02-17T08:55:00Z,0.18747,0.18752,0.18735,0.18743,33222.8,6225.846441,0.18748,0.18752,0.18737,0.18745,0.18759,0.18763,0.1875,0.18756,-0.00011614,-0.00017142,-0.00040258,-0.00017142,-0.00012999999999999123,-0.0006931115376412414
1771318800000,2026-02-17T09:00:00Z,0.18743,0.18756,0.18721,0.18756,47577.3,8914.888722,0.18745,0.18756,0.18729,0.18756,0.18756,0.18767,0.18742,0.18766,-0.00017142,-0.00030261,-0.00033112,-0.00030261,-9.999999999998899e-05,-0.0005328786102525258
1771319100000,2026-02-17T09:05:00Z,0.18756,0.18756,0.1872,0.1872,125789,23557.5911,0.18756,0.18756,0.18725,0.18725,0.18766,0.18766,0.18739,0.18742,-0.00030261,-0.00026952,-0.00073881,-0.00026952,-0.00021999999999999797,-0.001173834169245534
1771319400000,2026-02-17T09:10:00Z,0.1872,0.1872,0.18668,0.18682,537576.5,100482.860892,0.18725,0.18725,0.18668,0.18685,0.18742,0.18742,0.18681,0.18697,-0.00026952,0,-0.00027937,0,-0.00014999999999998348,-0.0008022677434881718
1771319700000,2026-02-17T09:15:00Z,0.18682,0.18714,0.18674,0.18688,120338.3,22492.088373,0.18685,0.18714,0.18677,0.18688,0.18697,0.18721,0.18689,0.18699,0,0,-0.00023032,0,-0.00010999999999999899,-0.0005882667522327344
1771320000000,2026-02-17T09:20:00Z,0.18688,0.18728,0.18688,0.18708,31854.4,5959.331776,0.18688,0.18728,0.18688,0.18708,0.18699,0.18731,0.18699,0.18714,0,-0.00031951,-0.00037685,-0.00037685,-6.0000000000004494e-05,-0.0003206155819173052
1771320300000,2026-02-17T09:25:00Z,0.18708,0.18722,0.18692,0.18702,122316.9,22874.503374,0.18708,0.18722,0.18696,0.18702,0.18714,0.18733,0.1871,0.18715,-0.00037685,-0.00050224,-0.00067135,-0.00050224,-0.000130000000000019,-0.0006946299759552177
1771320600000,2026-02-17T09:30:00Z,0.18702,0.1871,0.18688,0.18706,65249,12198.308998,0.18702,0.1871,0.18695,0.18706,0.18715,0.18724,0.18712,0.1872,-0.00050224,-0.0003655,-0.00072611,-0.0003655,-0.00014000000000000123,-0.0007478632478632544
1771320900000,2026-02-17T09:35:00Z,0.18706,0.18712,0.18687,0.18687,49738.9,9301.022009,0.18706,0.18712,0.18698,0.18698,0.1872,0.18723,0.18713,0.18713,-0.0003655,-0.00018578,-0.00046492,-0.00018578,-0.00025999999999998247,-0.0013894084326403168
1771321200000,2026-02-17T09:40:00Z,0.18687,0.18705,0.18673,0.18703,99942.8,18677.839439,0.18698,0.18705,0.18673,0.18704,0.18713,0.18713,0.18687,0.18713,-0.00018578,-0.00006074,-0.00021986,-0.00006074,-9.999999999998899e-05,-0.0005343878587077913
1771321500000,2026-02-17T09:45:00Z,0.18703,0.18742,0.18703,0.18706,91705.3,17175.222309,0.18704,0.18742,0.18704,0.18706,0.18713,0.18749,0.18713,0.18722,-0.00006074,-0.00055446,-0.00062504,-0.00062504,-0.00015999999999999348,-0.0008546095502616894
1771321800000,2026-02-17T09:50:00Z,0.18706,0.18766,0.18706,0.18759,182704.8,34251.864763,0.18706,0.18766,0.18706,0.18759,0.18722,0.18766,0.18718,0.18766,-0.00062504,-0.00011094,-0.00052149,-0.00011094,-6.999999999998674e-05,-0.0003730150271767385
1771322100000,2026-02-17T09:55:00Z,0.18759,0.18773,0.18741,0.18758,311390.8,58399.473986,0.18759,0.18776,0.18745,0.18758,0.18766,0.18784,0.18747,0.18763,-0.00011094,-0.00011617,-0.00032745,-0.00011617,-4.999999999999449e-05,-0.0002664819058785615
1771322400000,2026-02-17T10:00:00Z,0.18758,0.18778,0.18739,0.18762,286290.9,53724.178751,0.18758,0.18776,0.18743,0.18766,0.18763,0.18779,0.18753,0.18776,-0.00011617,0,-0.00043114,-0.00043114,-0.00014000000000000123,-0.0007456327226246337
1771322700000,2026-02-17T10:05:00Z,0.18762,0.18778,0.1875,0.18766,218159.9,40949.313055,0.18766,0.18772,0.18756,0.18766,0.18776,0.18778,0.18766,0.18771,-0.00043114,-0.0003954,-0.00041658,-0.0003954,-4.999999999999449e-05,-0.00026636833413240903
1771323000000,2026-02-17T10:10:00Z,0.18766,0.18795,0.18764,0.18775,360802.5,67756.576882,0.18766,0.18791,0.18764,0.18775,0.18771,0.188,0.18771,0.18779,-0.0003954,-0.00042169,-0.00054635,-0.00054635,-4.000000000001225e-05,-0.00021300388732100882
1771323300000,2026-02-17T10:15:00Z,0.18775,0.18775,0.18577,0.18604,2702518.8,504034.020408,0.18775,0.18775,0.18615,0.18627,0.18779,0.18779,0.18653,0.1867,-0.00054635,-0.00113071,-0.00174761,-0.00174761,-0.0006599999999999939,-0.0035350830208890943
1771323600000,2026-02-17T10:20:00Z,0.18604,0.18618,0.18551,0.18585,1159087.9,215429.293316,0.18627,0.18635,0.18554,0.18585,0.1867,0.18684,0.18612,0.18629,-0.00174761,-0.00197942,-0.00209409,-0.00209409,-0.0004400000000000237,-0.002361908851790347
1771323900000,2026-02-17T10:25:00Z,0.18585,0.186,0.18551,0.18562,259855.3,48304.362766,0.18585,0.186,0.18552,0.18562,0.18629,0.18639,0.18592,0.18602,-0.00209409,-0.00169101,-0.00189242,-0.00169101,-0.0003999999999999837,-0.002150306418664572
1771324200000,2026-02-17T10:30:00Z,0.18562,0.18593,0.18555,0.18582,89044.5,16540.60023,0.18562,0.18593,0.18556,0.18584,0.18602,0.18618,0.18595,0.18614,-0.00169101,-0.00080564,-0.00118289,-0.00080564,-0.00031999999999998696,-0.0017191361340925485
1771324500000,2026-02-17T10:35:00Z,0.18582,0.18613,0.18541,0.18604,492963.4,91549.778571,0.18584,0.18613,0.18546,0.18607,0.18614,0.18635,0.18569,0.18633,-0.00080564,-0.00084003,-0.00091771,-0.00091771,-0.0002899999999999847,-0.0015563784683088322
1771324800000,2026-02-17T10:40:00Z,0.18604,0.18613,0.18589,0.18606,200064.8,37210.528947,0.18607,0.18612,0.18592,0.18606,0.18633,0.18636,0.18616,0.18626,-0.00091771,-0.00105872,-0.00113474,-0.00113474,-0.00020000000000000573,-0.00107376785139056
1771325100000,2026-02-17T10:45:00Z,0.18606,0.18664,0.18563,0.18653,2215256.1,412447.365494,0.18606,0.18659,0.18602,0.18655,0.18626,0.18677,0.1861,0.18673,-0.00113474,-0.00030475,-0.00084806,-0.00030475,-0.00020000000000000573,-0.0010710651743158878
1771325400000,2026-02-17T10:50:00Z,0.18653,0.18659,0.1862,0.18652,665731.8,124130.752194,0.18655,0.18661,0.18625,0.18653,0.18673,0.18674,0.18639,0.18667,-0.00030475,-0.00051692,-0.00059883,-0.00059883,-0.00015000000000001124,-0.0008035570793379291
1771325700000,2026-02-17T10:55:00Z,0.18652,0.18658,0.18632,0.18638,144970.9,27030.903481,0.18653,0.18657,0.18632,0.18638,0.18667,0.18669,0.18642,0.18642,-0.00059883,0,-0.00028894,0,-4.000000000001225e-05,-0.0002145692522262217
1771326000000,2026-02-17T11:00:00Z,0.18638,0.18672,0.18629,0.18638,193722.3,36135.045333,0.18638,0.18668,0.18634,0.1864,0.18642,0.18674,0.18642,0.18654,0,-0.0004845,-0.00069105,-0.0004845,-0.00016000000000002124,-0.0008577248847433324
1771326300000,2026-02-17T11:05:00Z,0.18638,0.1868,0.18622,0.18677,73965.1,13794.307381,0.1864,0.18682,0.18629,0.18682,0.18654,0.18694,0.18639,0.18694,-0.0004845,-0.00008505,-0.00071512,-0.00008505,-0.00017000000000000348,-0.000909382689633056
1771326600000,2026-02-17T11:10:00Z,0.18677,0.18744,0.18675,0.18727,300344.4,56233.830264,0.18682,0.18743,0.18677,0.18727,0.18694,0.18753,0.18689,0.18739,-0.00008505,-0.00027535,-0.00042715,-0.00027535,-0.00012000000000000899,-0.0006403756870697956
1771326900000,2026-02-17T11:15:00Z,0.18727,0.18734,0.18709,0.18731,124626.7,23333.029726,0.18727,0.18734,0.18713,0.18731,0.18739,0.18747,0.1873,0.18742,-0.00027535,-0.00019332,-0.00022425,-0.00019332,-0.00010999999999999899,-0.000586917084622767
1771327200000,2026-02-17T11:20:00Z,0.18731,0.18803,0.18731,0.18767,271286.7,50940.504876,0.18731,0.18809,0.18731,0.18768,0.18742,0.18816,0.18742,0.18781,-0.00019332,-0.00038601,-0.00061569,-0.00038601,-0.00014000000000000123,-0.0007454342154304948
1771327500000,2026-02-17T11:25:00Z,0.18767,0.18767,0.18729,0.18748,186822.2,35021.530839,0.18768,0.18768,0.1873,0.1875,0.18781,0.18781,0.18738,0.18761,-0.00038601,0,-0.00047111,-0.00047111,-0.00012999999999999123,-0.0006929268162677428
1771327800000,2026-02-17T11:30:00Z,0.18748,0.18757,0.18726,0.18727,55756.5,10451.086306,0.1875,0.18757,0.1873,0.1873,0.18761,0.18768,0.18746,0.18746,-0.00047111,-0.00019696,-0.00022917,-0.00022917,-0.00018999999999999573,-0.001013549557238855
1771328100000,2026-02-17T11:35:00Z,0.18727,0.18727,0.18662,0.18692,457234.1,85417.844958,0.1873,0.1873,0.18675,0.18692,0.18746,0.18746,0.18692,0.18704,-0.00022917,-0.0002418,-0.00093837,-0.0002418,-0.00012000000000000899,-0.0006415739948674561
1771328400000,2026-02-17T11:40:00Z,0.18692,0.18719,0.18688,0.1871,61759.4,11551.628396,0.18692,0.18717,0.18689,0.18714,0.18704,0.18723,0.18699,0.18723,-0.0002418,0,-0.0002797,0,-0.000130000000000019,-0.0006943331731027025
1771328700000,2026-02-17T11:45:00Z,0.1871,0.18713,0.18686,0.187,93180.9,17418.750037,0.18714,0.18714,0.18689,0.187,0.18723,0.18723,0.18704,0.18709,0,-0.00012834,-0.0005101,-0.00012834,-9.000000000000674e-05,-0.0004810519001550416
1771329000000,2026-02-17T11:50:00Z,0.187,0.18735,0.18695,0.18735,32455.6,6074.323321,0.187,0.18735,0.18697,0.18735,0.18709,0.18745,0.18709,0.18745,-0.00012834,-0.00004776,-0.00013619,-0.00004776,-0.00010000000000001674,-0.000533475593491687
1771329300000,2026-02-17T11:55:00Z,0.18735,0.1875,0.18723,0.18734,71683.3,13431.325629,0.18735,0.1875,0.18723,0.18736,0.18745,0.18759,0.18735,0.18747,-0.00004776,0,-0.0002405,-0.0002405,-0.00012999999999999123,-0.0006934442844187936
1771329600000,2026-02-17T12:00:00Z,0.18734,0.18745,0.18717,0.18732,57802.4,10828.424595,0.18736,0.18745,0.18718,0.18732,0.18747,0.1875,0.18729,0.18741,-0.0002405,-0.0000943,-0.00013114,-0.0000943,-9.000000000000674e-05,-0.00048023051064514564
1771329900000,2026-02-17T12:05:00Z,0.18732,0.18841,0.18729,0.18792,426321,80226.968428,0.18732,0.18836,0.1873,0.18792,0.18741,0.1884,0.18741,0.18802,-0.0000943,-0.00051694,-0.00092668,-0.00051694,-9.999999999998899e-05,-0.0005318583129453728
1771330200000,2026-02-17T12:10:00Z,0.18792,0.18808,0.18766,0.18768,58514.4,10995.930261,0.18792,0.18808,0.18767,0.18768,0.18802,0.18816,0.18775,0.18775,-0.00051694,-0.00037976,-0.00049643,-0.00049643,-6.999999999998674e-05,-0.0003728362183754287
1771330500000,2026-02-17T12:15:00Z,0.18768,0.18768,0.1874,0.18758,20279,3803.030459,0.18768,0.18768,0.18744,0.18765,0.18775,0.18778,0.18759,0.18778,-0.00049643,-0.00027107,-0.0005769,-0.0005769,-0.00020000000000000573,-0.001065076152944966
1771330800000,2026-02-17T12:20:00Z,0.18758,0.18798,0.18758,0.18769,159342.6,29909.219758,0.18765,0.18799,0.18765,0.18769,0.18778,0.18813,0.18778,0.1878,-0.0005769,-0.0005001,-0.00051919,-0.0005001,-0.00010999999999999899,-0.0005857294994675132
1771331100000,2026-02-17T12:25:00Z,0.18769,0.18809,0.1876,0.188,44820.9,8420.289977,0.18769,0.18811,0.18763,0.18805,0.1878,0.18821,0.18779,0.18817,-0.0005001,0,-0.00004657,-0.00004657,-0.00017000000000000348,-0.0009034383801881463
1771331400000,2026-02-17T12:30:00Z,0.188,0.18825,0.18795,0.18812,72035.6,13549.821748,0.18805,0.18825,0.18802,0.18816,0.18817,0.18831,0.18816,0.1883,-0.00004657,-0.00001327,-0.00026887,-0.00026887,-0.00017999999999998573,-0.0009559214020179805
1771331700000,2026-02-17T12:35:00Z,0.18812,0.18867,0.18812,0.1883,186204.4,35101.116376,0.18816,0.18871,0.18816,0.1883,0.1883,0.18885,0.1883,0.18842,-0.00026887,-0.0000072,-0.00033819,-0.00033819,-0.00012000000000000899,-0.0006368750663412004
1771332000000,2026-02-17T12:40:00Z,0.1883,0.18838,0.18821,0.18822,51200.9,9641.559565,0.1883,0.18838,0.18823,0.18823,0.18842,0.18849,0.18838,0.18838,-0.00033819,-0.00008555,-0.00038299,-0.00008555,-0.00015999999999999348,-0.0008493470644441739
1771332300000,2026-02-17T12:45:00Z,0.18822,0.18824,0.18776,0.18776,173265,32559.732781,0.18823,0.18824,0.18776,0.18776,0.18838,0.18838,0.18791,0.18791,-0.00008555,-0.00049667,-0.00074214,-0.00049667,-0.00014999999999998348,-0.0007982544835292613
1771332600000,2026-02-17T12:50:00Z,0.18776,0.18778,0.1873,0.18751,107552.1,20158.189419,0.18776,0.18778,0.18738,0.18751,0.18791,0.18792,0.18753,0.18758,-0.00049667,-0.00034861,-0.00051044,-0.00051044,-6.999999999998674e-05,-0.0003731741123786477
1771332900000,2026-02-17T12:55:00Z,0.18751,0.18761,0.18704,0.18724,67648.7,12674.125612,0.18751,0.18763,0.18704,0.18724,0.18758,0.18776,0.18723,0.18735,-0.00051044,-0.00030737,-0.00060961,-0.00030737,-0.00010999999999999899,-0.0005871363757672751
1771333200000,2026-02-17T13:00:00Z,0.18724,0.18732,0.1868,0.18681,257637.5,48163.848003,0.18724,0.18732,0.18685,0.18685,0.18735,0.18743,0.18702,0.18703,-0.00030737,-0.00020044,-0.00051994,-0.00020044,-0.00021999999999999797,-0.0011762818799123027
1771333500000,2026-02-17T13:05:00Z,0.18681,0.18758,0.18657,0.18752,155217.7,29026.590993,0.18685,0.18761,0.18664,0.18755,0.18703,0.18768,0.18679,0.18763,-0.00020044,0,0,0,-0.00010999999999999899,-0.0005862601929328945
1771333800000,2026-02-17T13:10:00Z,0.18752,0.18821,0.18751,0.18799,191890.3,36063.483087,0.18755,0.18814,0.18755,0.18801,0.18763,0.18825,0.18763,0.18813,0,-0.00025825,-0.00031176,-0.00031176,-0.00014000000000000123,-0.0007441662680061726
1771334100000,2026-02-17T13:15:00Z,0.18799,0.1882,0.18777,0.18805,514318.6,96704.112531,0.18801,0.18815,0.18785,0.18805,0.18813,0.18826,0.18798,0.1881,-0.00031176,-0.00014384,-0.0002313,-0.00014384,-4.999999999999449e-05,-0.00026581605528971025
1771334400000,2026-02-17T13:20:00Z,0.18805,0.18887,0.18803,0.18876,547259.7,103108.157762,0.18805,0.1888,0.18803,0.18876,0.1881,0.18879,0.1881,0.18876,-0.00014384,0,-0.00037971,-0.00037971,0.0,0.0
1771334700000,2026-02-17T13:25:00Z,0.18876,0.18885,0.1878,0.18798,185020.5,34848.16379,0.18876,0.18885,0.18785,0.18798,0.18876,0.18889,0.18798,0.18802,-0.00037971,-0.00024151,-0.00029315,-0.00029315,-3.999999999998449e-05,-0.00021274332517809007
1771335000000,2026-02-17T13:30:00Z,0.18798,0.18799,0.18747,0.18762,269081.4,50477.982363,0.18798,0.18799,0.18756,0.18762,0.18802,0.1881,0.18766,0.18771,-0.00029315,-0.00033246,-0.00061086,-0.00033246,-8.999999999997899e-05,-0.0004794630014382771
1771335300000,2026-02-17T13:35:00Z,0.18762,0.18778,0.1876,0.18773,82218.3,15432.520083,0.18762,0.18777,0.18761,0.18773,0.18771,0.18786,0.18771,0.18784,-0.00033246,-0.00008812,-0.00010162,-0.00010162,-0.00010999999999999899,-0.0005856047700170304
1771335600000,2026-02-17T13:40:00Z,0.18773,0.18773,0.18748,0.18756,74378.1,13955.101408,0.18773,0.18773,0.18748,0.18758,0.18784,0.18784,0.1876,0.18769,-0.00010162,-0.00018704,-0.00019038,-0.00018704,-0.00012999999999999123,-0.0006926314667802826
1771335900000,2026-02-17T13:45:00Z,0.18756,0.18784,0.18755,0.1878,46265.5,8683.523228,0.18758,0.18784,0.18757,0.1878,0.18769,0.18789,0.18769,0.18789,-0.00018704,-0.00027112,-0.00030593,-0.00030593,-9.000000000000674e-05,-0.00047900367236152397
1771336200000,2026-02-17T13:50:00Z,0.1878,0.18925,0.18773,0.18886,676152.2,127510.16187,0.1878,0.1892,0.18777,0.18886,0.18789,0.1893,0.18788,0.189,-0.00030593,-0.00023503,-0.00048976,-0.00023503,-0.00014000000000000123,-0.0007407407407407473
1771336500000,2026-02-17T13:55:00Z,0.18886,0.18899,0.18834,0.18836,72255.4,13635.114236,0.18886,0.18899,0.18834,0.18836,0.189,0.18911,0.18849,0.18851,-0.00023503,-0.00042094,-0.00079187,-0.00079187,-0.00015000000000001124,-0.0007957137552385084
1771336800000,2026-02-17T14:00:00Z,0.18836,0.18865,0.18813,0.18859,149920.8,28233.426493,0.18836,0.18865,0.18815,0.18864,0.18851,0.18877,0.18827,0.18877,-0.00079187,0,-0.00026087,0,-0.00017999999999998573,-0.0009535413466122039
1771337100000,2026-02-17T14:05:00Z,0.18859,0.18912,0.18836,0.1884,342793.4,64672.499015,0.18864,0.18912,0.18839,0.1884,0.18877,0.18921,0.18853,0.18859,0,-0.00052556,-0.00065634,-0.00065634,-0.00018999999999999573,-0.0010074765364016954
1771337400000,2026-02-17T14:10:00Z,0.1884,0.18851,0.18832,0.18837,58942.1,11103.570427,0.1884,0.18851,0.18832,0.1884,0.18859,0.18861,0.18848,0.18852,-0.00065634,-0.00036117,-0.00041708,-0.00036117,-0.00014999999999998348,-0.0007956715467853994
1771337700000,2026-02-17T14:15:00Z,0.18837,0.18844,0.18816,0.18842,88090.3,16588.417644,0.1884,0.18844,0.18819,0.18842,0.18852,0.18852,0.18831,0.18846,-0.00036117,0,-0.00033768,-0.00033768,-3.999999999998449e-05,-0.0002122466305846572
1771338000000,2026-02-17T14:20:00Z,0.18842,0.1885,0.18807,0.18822,117386.9,22095.182661,0.18842,0.18856,0.18812,0.18822,0.18846,0.18861,0.18825,0.18828,-0.00033768,-0.0003921,-0.00080924,-0.00080924,-6.0000000000004494e-05,-0.0003186743148502469
1771338300000,2026-02-17T14:25:00Z,0.18822,0.18848,0.18818,0.18818,86994,16385.27555,0.18822,0.18848,0.18818,0.18818,0.18828,0.18851,0.18826,0.18826,-0.00080924,-0.00001066,-0.0001707,-0.00001066,-8.00000000000245e-05,-0.0004249442260704584
1771338600000,2026-02-17T14:30:00Z,0.18818,0.18933,0.18795,0.18895,760526,143525.346865,0.18818,0.18925,0.18802,0.18898,0.18826,0.18926,0.18814,0.18907,-0.00001066,-0.00008964,-0.00014986,-0.00008964,-0.00011999999999998123,-0.0006346855661923163
1771338900000,2026-02-17T14:35:00Z,0.18895,0.18902,0.1871,0.18795,749262.5,140632.95944,0.18898,0.18898,0.18718,0.18798,0.18907,0.18907,0.1873,0.18811,-0.00008964,0,-0.00097321,-0.00097321,-0.00015999999999999348,-0.00085056615809895
1771339200000,2026-02-17T14:40:00Z,0.18795,0.18795,0.18525,0.18591,1184264.1,220532.288784,0.18798,0.18798,0.18533,0.18591,0.18811,0.18811,0.18552,0.18596,-0.00097321,-0.00035482,-0.00092348,-0.00092348,-4.999999999999449e-05,-0.0002688750268874731
1771339500000,2026-02-17T14:45:00Z,0.18591,0.18591,0.18433,0.18567,1229157.8,227419.414136,0.18591,0.18591,0.18454,0.18567,0.18596,0.18596,0.18469,0.1857,-0.00092348,0,-0.00011529,0,-3.0000000000002247e-05,-0.000161550888529899
1771339800000,2026-02-17T14:50:00Z,0.18567,0.1858,0.18409,0.18465,1446828.4,267293.2145,0.18567,0.1858,0.18418,0.18465,0.1857,0.18587,0.18433,0.18481,0,-0.00052793,-0.00056457,-0.00056457,-0.00015999999999999348,-0.0008657540176397028
1771340100000,2026-02-17T14:55:00Z,0.18465,0.18528,0.18433,0.18466,304694.8,56315.778655,0.18465,0.18527,0.18441,0.18466,0.18481,0.18537,0.18457,0.18481,-0.00056457,0,-0.00002205,-0.00002205,-0.00015000000000001124,-0.0008116443915373153
1771340400000,2026-02-17T15:00:00Z,0.18466,0.18534,0.18445,0.1851,630491.3,116554.529606,0.18466,0.18532,0.18455,0.18518,0.18481,0.18541,0.18471,0.18532,-0.00002205,0,-0.00023035,-0.00023035,-0.00022000000000002573,-0.0011871357651631002
1771340700000,2026-02-17T15:05:00Z,0.1851,0.1863,0.18464,0.18569,369476.5,68529.050005,0.18518,0.1863,0.18476,0.18574,0.18532,0.18638,0.1849,0.1859,-0.00023035,0,-0.00055267,-0.00055267,-0.00021000000000001573,-0.0011296395911781372
1771341000000,2026-02-17T15:10:00Z,0.18569,0.18635,0.18545,0.18545,590216.2,109730.075024,0.18574,0.18635,0.18546,0.18546,0.1859,0.18643,0.18564,0.18566,-0.00055267,-0.00010688,-0.00057702,-0.00057702,-0.00020999999999998797,-0.0011310998599590003
1771341300000,2026-02-17T15:15:00Z,0.18545,0.18657,0.18515,0.18629,338797.5,62980.410441,0.18546,0.18656,0.18519,0.18629,0.18566,0.18668,0.18537,0.18637,-0.00057702,0,-0.00058295,0,-7.999999999999674e-05,-0.00042925363524170596
1771341600000,2026-02-17T15:20:00Z,0.18629,0.18646,0.18571,0.18602,129811.8,24146.634407,0.18629,0.18646,0.18574,0.18602,0.18637,0.18653,0.18592,0.18613,0,-0.00006399,-0.0004079,-0.00006399,-0.00010999999999999899,-0.0005909847955729812
1771341900000,2026-02-17T15:25:00Z,0.18602,0.18614,0.18453,0.18503,263189.1,48682.232387,0.18602,0.18611,0.1846,0.18503,0.18613,0.18622,0.18481,0.18512,-0.00006399,-0.0007074,-0.00098738,-0.0007074,-9.000000000000674e-05,-0.00048617113223858437
1771342200000,2026-02-17T15:30:00Z,0.18503,0.18528,0.18356,0.18432,1552111.9,285699.132572,0.18503,0.18528,0.18378,0.18431,0.18512,0.18535,0.18395,0.18451,-0.0007074,-0.0002575,-0.00033591,-0.0002575,-0.00018999999999999573,-0.0010297544848517463
1771342500000,2026-02-17T15:35:00Z,0.18432,0.18533,0.18432,0.18465,575062.2,106347.633764,0.18431,0.18533,0.18431,0.18465,0.18451,0.18545,0.18451,0.18481,-0.0002575,-0.00063143,-0.00087973,-0.00063143,-0.00015999999999999348,-0.0008657540176397028
1771342800000,2026-02-17T15:40:00Z,0.18465,0.18518,0.18454,0.18516,237906.7,44019.300328,0.18465,0.18517,0.18459,0.18516,0.18481,0.1853,0.18481,0.1853,-0.00063143,-0.0001324,-0.00061332,-0.00061332,-0.00014000000000000123,-0.0007555315704263424
1771343100000,2026-02-17T15:45:00Z,0.18516,0.18618,0.18512,0.18566,446564.9,82893.285713,0.18516,0.18615,0.18512,0.18567,0.1853,0.18627,0.1853,0.18585,-0.00061332,-0.00016322,-0.00069579,-0.00069579,-0.00018999999999999573,-0.001022329835889135
1771343400000,2026-02-17T15:50:00Z,0.18566,0.18644,0.18541,0.18614,365499.1,68000.789253,0.18567,0.18644,0.18546,0.18624,0.18585,0.18655,0.18561,0.18642,-0.00069579,0,-0.00024663,-0.00024663,-0.00028000000000000247,-0.0015019847655831052
1771343700000,2026-02-17T15:55:00Z,0.18614,0.18671,0.18607,0.18665,150864.4,28123.661741,0.18624,0.18671,0.18615,0.18665,0.18642,0.18681,0.18632,0.18681,-0.00024663,-0.00043183,-0.00094861,-0.00043183,-0.00015999999999999348,-0.0008564851988651222
1771344000000,2026-02-17T16:00:00Z,0.18665,0.18875,0.18635,0.1884,1039034.1,195160.118028,0.18665,0.18874,0.18642,0.1884,0.18681,0.18879,0.18661,0.18859,-0.00043183,-0.00030712,-0.00139904,-0.00030712,-0.00018999999999999573,-0.0010074765364016954
1771344300000,2026-02-17T16:05:00Z,0.1884,0.18901,0.18815,0.18852,649241.8,122508.402258,0.1884,0.18901,0.1882,0.18853,0.18859,0.18911,0.18841,0.1887,-0.00030712,-0.00065129,-0.00067627,-0.00065129,-0.00018000000000001348,-0.0009538950715422018
1771344600000,2026-02-17T16:10:00Z,0.18852,0.18858,0.18794,0.18804,220227.8,41434.201368,0.18853,0.18858,0.18801,0.18806,0.1887,0.18871,0.18818,0.18821,-0.00065129,-0.00032417,-0.00081386,-0.00032417,-0.00016999999999997573,-0.0009032463737313412
1771344900000,2026-02-17T16:15:00Z,0.18804,0.18888,0.18793,0.18864,362100.7,68221.668712,0.18806,0.18887,0.18802,0.18864,0.18821,0.18897,0.18818,0.18878,-0.00032417,-0.00034602,-0.00056478,-0.00056478,-0.00014000000000000123,-0.000741603983472832
1771345200000,2026-02-17T16:20:00Z,0.18864,0.18875,0.18719,0.18748,333998.3,62668.384364,0.18864,0.18873,0.18725,0.18748,0.18878,0.18886,0.18747,0.18761,-0.00056478,-0.00086243,-0.00088651,-0.00088651,-0.00012999999999999123,-0.0006929268162677428
1771345500000,2026-02-17T16:25:00Z,0.18748,0.18757,0.18689,0.18696,137805,25819.000246,0.18748,0.18757,0.1869,0.18696,0.18761,0.18771,0.18705,0.1871,-0.00088651,-0.00071915,-0.00086576,-0.00071915,-0.00014000000000000123,-0.000748262960983438
1771345800000,2026-02-17T16:30:00Z,0.18696,0.18839,0.1868,0.18835,170462.6,31937.75024,0.18696,0.1884,0.18684,0.1884,0.1871,0.18847,0.187,0.18847,-0.00071915,-0.00061026,-0.00061112,-0.00061026,-0.00012000000000000899,-0.0006367061070727914
1771346100000,2026-02-17T16:35:00Z,0.18835,0.18973,0.18827,0.18949,1134989.4,214811.062838,0.1884,0.18973,0.1884,0.18958,0.18847,0.18985,0.18847,0.18975,-0.00061026,-0.00049952,-0.00056684,-0.00049952,-0.0002600000000000102,-0.001370223978919685
1771346400000,2026-02-17T16:40:00Z,0.18949,0.18952,0.18849,0.18853,329372.2,62193.875883,0.18958,0.18958,0.18855,0.18861,0.18975,0.18975,0.18873,0.18878,-0.00049952,-0.00060739,-0.00087318,-0.00087318,-0.0002500000000000002,-0.0013242928276300467
1771346700000,2026-02-17T16:45:00Z,0.18853,0.18864,0.18754,0.18759,815924.8,153486.328734,0.18861,0.18861,0.18755,0.18759,0.18878,0.18878,0.18773,0.18778,-0.00087318,-0.0006609,-0.00082448,-0.00082448,-0.00018999999999999573,-0.001011822345297666
1771347000000,2026-02-17T16:50:00Z,0.18759,0.18803,0.18743,0.1878,114657.5,21519.247592,0.18759,0.18803,0.18753,0.1878,0.18778,0.1882,0.1877,0.18791,-0.00082448,-0.00074835,-0.00112917,-0.00112917,-0.00010999999999999899,-0.0005853866212548506
1771347300000,2026-02-17T16:55:00Z,0.1878,0.18807,0.18701,0.18707,255529,47865.353312,0.1878,0.18807,0.18704,0.18707,0.18791,0.18819,0.18722,0.18722,-0.00112917,0,-0.00063661,-0.00063661,-0.00015000000000001124,-0.0008011964533704264
1771347600000,2026-02-17T17:00:00Z,0.18707,0.18746,0.1867,0.18701,551151.3,103124.464976,0.18707,0.18746,0.1868,0.18701,0.18722,0.1876,0.18699,0.18719,-0.00063661,-0.0001641,-0.00114525,-0.0001641,-0.00017999999999998573,-0.0009615898285164044
1771347900000,2026-02-17T17:05:00Z,0.18701,0.18732,0.18673,0.18673,185619.1,34724.508204,0.18701,0.18732,0.18677,0.18677,0.18719,0.18744,0.18694,0.18694,-0.0001641,-0.00025523,-0.00046498,-0.00025523,-0.00020999999999998797,-0.0011233550871936877
1771348200000,2026-02-17T17:10:00Z,0.18673,0.18677,0.185,0.18549,1659601.8,307728.150128,0.18677,0.18677,0.18505,0.18556,0.18694,0.18694,0.18524,0.18571,-0.00025523,0,0,0,-0.00021999999999999797,-0.001184642722524355
1771348500000,2026-02-17T17:15:00Z,0.18549,0.18625,0.18546,0.18606,160244.5,29777.943438,0.18556,0.18625,0.18556,0.18616,0.18571,0.1864,0.18571,0.18632,0,0,-0.00028412,0,-0.0002600000000000102,-0.00139544869042513
1771348800000,2026-02-17T17:20:00Z,0.18606,0.1865,0.18593,0.18637,170285.1,31710.809642,0.18616,0.1865,0.18602,0.18638,0.18632,0.18659,0.18622,0.18658,0,-0.00072881,-0.00075394,-0.00072881,-0.00020999999999998797,-0.001125522564047529
1771349100000,2026-02-17T17:25:00Z,0.18637,0.18659,0.18619,0.18657,103705.6,19327.867147,0.18638,0.18659,0.18628,0.18657,0.18658,0.18677,0.18651,0.18675,-0.00072881,-0.0007291,-0.00079251,-0.0007291,-0.00017999999999998573,-0.0009638554216866706
1771349400000,2026-02-17T17:30:00Z,0.18657,0.1867,0.18532,0.18575,432664.5,80401.164989,0.18657,0.1867,0.1854,0.18572,0.18675,0.18683,0.18561,0.18588,-0.0007291,-0.00054138,-0.00132061,-0.00054138,-0.00012999999999999123,-0.0006993759414675664
1771349700000,2026-02-17T17:35:00Z,0.18575,0.1861,0.18565,0.18573,68441.6,12717.189716,0.18572,0.1861,0.18569,0.18573,0.18588,0.18624,0.18588,0.18593,-0.00054138,-0.00035984,-0.00089606,-0.00089606,-0.00020000000000000573,-0.0010756736406174674
1771350000000,2026-02-17T17:40:00Z,0.18573,0.18573,0.18476,0.18477,486493,90011.950176,0.18573,0.18573,0.1848,0.1848,0.18593,0.18593,0.185,0.18502,-0.00089606,-0.00068165,-0.00102978,-0.00068165,-0.0002500000000000002,-0.0013512052751053953
1771350300000,2026-02-17T17:45:00Z,0.18477,0.18513,0.18439,0.18499,361770.1,66806.519105,0.1848,0.18513,0.1844,0.18502,0.18502,0.18528,0.18459,0.1852,-0.00068165,-0.00038165,-0.00039674,-0.00038165,-0.00021000000000001573,-0.0011339092872571044
1771350600000,2026-02-17T17:50:00Z,0.18499,0.18562,0.18484,0.1853,297270.2,55037.369319,0.18502,0.18562,0.18487,0.1853,0.1852,0.18569,0.18507,0.18541,-0.00038165,-0.00062737,-0.00072633,-0.00072633,-0.00010999999999999899,-0.0005932797583733294
1771350900000,2026-02-17T17:55:00Z,0.1853,0.18574,0.1851,0.18568,53349.1,9892.6339,0.1853,0.18576,0.18513,0.18568,0.18541,0.18589,0.18528,0.18578,-0.00072633,-0.00045554,-0.00062181,-0.00062181,-9.999999999998899e-05,-0.0005382710733124609
1771351200000,2026-02-17T18:00:00Z,0.18568,0.18568,0.18522,0.18551,181840.2,33734.752055,0.18568,0.18568,0.18525,0.18551,0.18578,0.18578,0.1854,0.18567,-0.00062181,-0.00036747,-0.00088279,-0.00036747,-0.00015999999999999348,-0.0008617439543275353
1771351500000,2026-02-17T18:05:00Z,0.18551,0.18573,0.18538,0.1857,51581.7,9570.932958,0.18551,0.18573,0.18541,0.1857,0.18567,0.18587,0.18559,0.1858,-0.00036747,-0.00040362,-0.00057905,-0.00040362,-9.999999999998899e-05,-0.0005382131324003713
1771351800000,2026-02-17T18:10:00Z,0.1857,0.18592,0.18551,0.18571,368422.1,68390.915767,0.1857,0.18593,0.18563,0.18577,0.1858,0.1861,0.18577,0.18596,-0.00040362,-0.00085693,-0.00091069,-0.00091069,-0.0002500000000000002,-0.0013443751344375148
1771352100000,2026-02-17T18:15:00Z,0.18571,0.18594,0.18552,0.18571,334739.5,62189.463721,0.18577,0.18594,0.18555,0.18575,0.18596,0.1861,0.18577,0.18594,-0.00091069,-0.00039867,-0.00068508,-0.00068508,-0.00023000000000000798,-0.0012369581585458104
1771352400000,2026-02-17T18:20:00Z,0.18571,0.18832,0.18571,0.18801,1031974.4,193329.52759,0.18575,0.18836,0.18575,0.18802,0.18594,0.18854,0.18594,0.18823,-0.00068508,-0.00082551,-0.00130568,-0.00082551,-0.00021999999999999797,-0.0011687828720182646
1771352700000,2026-02-17T18:25:00Z,0.18801,0.18874,0.18781,0.18856,421908.9,79467.43459,0.18802,0.18877,0.18786,0.1886,0.18823,0.18893,0.18806,0.18879,-0.00082551,-0.00030418,-0.00074334,-0.00074334,-0.00023000000000000798,-0.0012182848667832405
1771353000000,2026-02-17T18:30:00Z,0.18856,0.18895,0.18856,0.18858,299719.2,56575.505958,0.1886,0.18895,0.18859,0.1886,0.18879,0.18912,0.18878,0.1888,-0.00074334,-0.00037993,-0.00043326,-0.00043326,-0.00021999999999999797,-0.0011652542372881248
1771353300000,2026-02-17T18:35:00Z,0.18858,0.18888,0.18812,0.18879,159914.7,30148.902758,0.1886,0.18888,0.18818,0.18879,0.1888,0.18907,0.18838,0.1889,-0.00043326,-0.00103107,-0.00109623,-0.00103107,-0.00010999999999999899,-0.0005823186871360454
1771353600000,2026-02-17T18:40:00Z,0.18879,0.19004,0.18879,0.18944,958932,181582.037482,0.18879,0.19003,0.18879,0.18944,0.1889,0.1901,0.1889,0.18965,-0.00103107,-0.00050376,-0.00109124,-0.00109124,-0.00021000000000001573,-0.0011073029264435314
1771353900000,2026-02-17T18:45:00Z,0.18944,0.18949,0.1888,0.1889,158886.3,30057.631777,0.18944,0.18948,0.18887,0.1889,0.18965,0.18965,0.18912,0.18912,-0.00109124,-0.00097127,-0.00100496,-0.00100496,-0.00021999999999999797,-0.0011632825719120029
1771354200000,2026-02-17T18:50:00Z,0.1889,0.18922,0.18875,0.18891,101447.3,19178.664506,0.1889,0.18922,0.18875,0.18893,0.18912,0.18943,0.18896,0.18915,-0.00100496,-0.00076776,-0.00086379,-0.00076776,-0.00024000000000001798,-0.0012688342585250752
1771354500000,2026-02-17T18:55:00Z,0.18891,0.18929,0.18868,0.18869,259159.4,48973.621508,0.18893,0.18929,0.18868,0.18873,0.18915,0.18941,0.18884,0.18893,-0.00076776,-0.00052236,-0.00074213,-0.00052236,-0.00023999999999999022,-0.001270311755676654
1771354800000,2026-02-17T19:00:00Z,0.18869,0.18896,0.1886,0.18864,175779,33179.553774,0.18873,0.18896,0.18863,0.18868,0.18893,0.18908,0.18881,0.18887,-0.00052236,-0.00048784,-0.00089799,-0.00048784,-0.00023000000000000798,-0.0012177688357071423
1771355100000,2026-02-17T19:05:00Z,0.18864,0.18869,0.18839,0.18843,86919,16385.074945,0.18868,0.18872,0.18843,0.18845,0.18887,0.18888,0.18861,0.18861,-0.00048784,-0.00028879,-0.00053394,-0.00028879,-0.00018000000000001348,-0.0009543502465405518
1771355400000,2026-02-17T19:10:00Z,0.18843,0.18887,0.1882,0.18874,193278.9,36442.606227,0.18845,0.18887,0.18828,0.18879,0.18861,0.18905,0.18848,0.18898,-0.00028879,-0.0006417,-0.00085997,-0.0006417,-0.00024000000000001798,-0.0012699756587999681
1771355700000,2026-02-17T19:15:00Z,0.18874,0.1889,0.18797,0.18801,105453.6,19868.504677,0.18879,0.1889,0.18801,0.18801,0.18898,0.18907,0.18821,0.18821,-0.0006417,-0.00044414,-0.00050209,-0.00044414,-0.00019999999999997797,-0.001062642792625142
1771356000000,2026-02-17T19:20:00Z,0.18801,0.18864,0.18801,0.18833,81119.7,15277.496228,0.18801,0.18864,0.18801,0.18838,0.18821,0.1888,0.18821,0.18861,-0.00044414,-0.00070535,-0.00075159,-0.00070535,-0.00028000000000000247,-0.0014845448279518715
1771356300000,2026-02-17T19:25:00Z,0.18833,0.18833,0.18753,0.18767,223248.7,41927.832599,0.18838,0.18838,0.18759,0.18767,0.18861,0.18861,0.18772,0.18782,-0.00070535,-0.0008906,-0.00099787,-0.00099787,-0.00014999999999998348,-0.0007986369928654216
1771356600000,2026-02-17T19:30:00Z,0.18767,0.18785,0.18734,0.18772,120524.5,22610.554924,0.18767,0.18785,0.1874,0.1878,0.18782,0.18801,0.1876,0.188,-0.00099787,-0.0008051,-0.00105385,-0.00105385,-0.00028000000000000247,-0.0014893617021276727
1771356900000,2026-02-17T19:35:00Z,0.18772,0.18776,0.18712,0.18749,206739.6,38748.910239,0.1878,0.1878,0.18712,0.18749,0.188,0.188,0.1873,0.18757,-0.00105385,-0.0007815,-0.00093269,-0.00093269,-7.999999999999674e-05,-0.0004265074372234192
1771357200000,2026-02-17T19:40:00Z,0.18749,0.1877,0.18744,0.1877,154767.6,29022.22547,0.18749,0.1877,0.18744,0.1877,0.18757,0.1878,0.18757,0.1878,-0.00093269,-0.00027253,-0.00034386,-0.00034386,-9.999999999998899e-05,-0.0005324813631522311
1771357500000,2026-02-17T19:45:00Z,0.1877,0.18807,0.18735,0.18738,160795.5,30193.242611,0.1877,0.18807,0.18741,0.18743,0.1878,0.1882,0.1876,0.18763,-0.00034386,-0.00035911,-0.00036659,-0.00036659,-0.0002500000000000002,-0.0013324095293929554
1771357800000,2026-02-17T19:50:00Z,0.18738,0.18748,0.187,0.18733,179852.5,33656.950705,0.18743,0.18748,0.187,0.18733,0.18763,0.18763,0.1872,0.18751,-0.00036659,-0.00072385,-0.00102728,-0.00102728,-0.00018000000000001348,-0.0009599488027305929
1771358100000,2026-02-17T19:55:00Z,0.18733,0.18755,0.1873,0.1873,25558.9,4790.587226,0.18733,0.18755,0.18732,0.18732,0.18751,0.18771,0.18751,0.18753,-0.00102728,-0.00079463,-0.00091385,-0.00091385,-0.00023000000000000798,-0.0012264704313976855
1771358400000,2026-02-17T20:00:00Z,0.1873,0.18758,0.18709,0.18739,186320.6,34898.629512,0.18732,0.18758,0.18711,0.18739,0.18753,0.18771,0.18733,0.18752,-0.00091385,-0.00032056,-0.00070523,-0.00032056,-0.00012999999999999123,-0.0006932593856654823
1771358700000,2026-02-17T20:05:00Z,0.18739,0.1874,0.18678,0.18681,271910.8,50829.804637,0.18739,0.1874,0.18681,0.18681,0.18752,0.18752,0.18696,0.187,-0.00032056,-0.00022223,-0.00043858,-0.00022223,-0.00018999999999999573,-0.0010160427807486402
1771359000000,2026-02-17T20:10:00Z,0.18681,0.18703,0.18677,0.18679,36402.6,6803.441187,0.18681,0.18703,0.18679,0.18682,0.187,0.18716,0.18698,0.18702,-0.00022223,-0.00074783,-0.0009646,-0.0009646,-0.00022999999999998022,-0.0012298149930487661
1771359300000,2026-02-17T20:15:00Z,0.18679,0.18694,0.18655,0.18661,70952.5,13246.430078,0.18682,0.18694,0.18658,0.18664,0.18702,0.1871,0.18678,0.18682,-0.0009646,-0.00018515,-0.00057712,-0.00018515,-0.00021000000000001573,-0.0011240766513222124
1771359600000,2026-02-17T20:20:00Z,0.18661,0.18684,0.18629,0.18644,110791.4,20658.942966,0.18664,0.18684,0.1863,0.18644,0.18682,0.18702,0.1865,0.18663,-0.00018515,-0.00060188,-0.0008964,-0.00060188,-0.00018999999999999573,-0.0010180571183625127
1771359900000,2026-02-17T20:25:00Z,0.18644,0.18691,0.18641,0.18675,48042.2,8969.096277,0.18644,0.1869,0.18643,0.18682,0.18663,0.18702,0.18663,0.187,-0.00060188,-0.00052583,-0.00063024,-0.00052583,-0.0002500000000000002,-0.0013368983957219264
1771360200000,2026-02-17T20:30:00Z,0.18675,0.18675,0.18582,0.18663,268524.6,49989.418574,0.18682,0.18682,0.1859,0.18663,0.187,0.187,0.18611,0.1867,-0.00052583,-0.00077789,-0.00083483,-0.00077789,-7.00000000000145e-05,-0.00037493304767013654
1771360500000,2026-02-17T20:35:00Z,0.18663,0.18673,0.18605,0.1865,53160.4,9913.468329,0.18663,0.18673,0.18608,0.1865,0.1867,0.18681,0.18633,0.18662,-0.00077789,-0.00102714,-0.00105745,-0.00102714,-0.00012000000000000899,-0.0006430178973315238
1771360800000,2026-02-17T20:40:00Z,0.1865,0.18721,0.1865,0.18694,206660.3,38633.785994,0.1865,0.18718,0.1865,0.18697,0.18662,0.18722,0.18662,0.18713,-0.00102714,0,-0.00029935,-0.00029935,-0.00018999999999999573,-0.0010153369315448926
1771361100000,2026-02-17T20:45:00Z,0.18694,0.18714,0.18659,0.18679,216640.3,40454.594529,0.18697,0.18714,0.18662,0.18679,0.18713,0.1872,0.1868,0.18693,-0.00029935,0,-0.00067735,0,-0.00014000000000000123,-0.0007489434547691715
1771361400000,2026-02-17T20:50:00Z,0.18679,0.18697,0.1866,0.18677,83113.2,15530.415123,0.18679,0.18696,0.18664,0.18682,0.18693,0.1871,0.18681,0.187,0,-0.00006981,-0.00048629,-0.00006981,-0.00023000000000000798,-0.0012299465240642137
1771361700000,2026-02-17T20:55:00Z,0.18677,0.18685,0.18653,0.18657,82681.7,15431.104153,0.18682,0.18685,0.18654,0.18657,0.187,0.187,0.18674,0.18674,-0.00006981,-0.00061766,-0.00076971,-0.00076971,-0.00016999999999997573,-0.000910356645603383
1771362000000,2026-02-17T21:00:00Z,0.18657,0.18683,0.18647,0.1867,102377.6,19110.974516,0.18657,0.18683,0.18648,0.18674,0.18674,0.18698,0.18668,0.1869,-0.00076971,0,-0.00042932,-0.00042932,-0.00020000000000000573,-0.0010700909577314377
1771362300000,2026-02-17T21:05:00Z,0.1867,0.18676,0.18639,0.18649,84663.6,15792.517491,0.18674,0.18676,0.18641,0.18649,0.1869,0.18691,0.18658,0.18664,-0.00042932,-0.0003052,-0.00070027,-0.00070027,-0.00015000000000001124,-0.0008036862408916162
1771362600000,2026-02-17T21:10:00Z,0.18649,0.18733,0.18649,0.1873,55289.3,10337.011918,0.18649,0.18733,0.18649,0.1873,0.18664,0.18742,0.18664,0.18739,-0.00070027,-0.00024618,-0.00032595,-0.00024618,-9.000000000000674e-05,-0.00048028176530234666
1771362900000,2026-02-17T21:15:00Z,0.1873,0.18747,0.18677,0.18688,60278.9,11283.919592,0.1873,0.18745,0.18685,0.18688,0.18739,0.18756,0.18698,0.18701,-0.00024618,-0.00055798,-0.00064133,-0.00055798,-0.000130000000000019,-0.00069514999197914
1771363200000,2026-02-17T21:20:00Z,0.18688,0.187,0.18655,0.18665,346945.6,64820.802359,0.18688,0.187,0.18666,0.18668,0.18701,0.18704,0.18676,0.18681,-0.00055798,-0.00017085,-0.00039633,-0.00017085,-0.00015999999999999348,-0.0008564851988651222
1771363500000,2026-02-17T21:25:00Z,0.18665,0.18673,0.18665,0.18667,18592.9,3471.651715,0.18668,0.18673,0.18666,0.1867,0.18681,0.18684,0.18681,0.18684,-0.00017085,-0.00020056,-0.0002402,-0.00020056,-0.00017000000000000348,-0.0009098694069792522
1771363800000,2026-02-17T21:30:00Z,0.18667,0.18671,0.18638,0.18643,37233.2,6943.951372,0.1867,0.18671,0.18639,0.18645,0.18684,0.18684,0.18655,0.18659,-0.00020056,-0.00020705,-0.00059834,-0.00020705,-0.00015999999999999348,-0.0008574950426067499
1771364100000,2026-02-17T21:35:00Z,0.18643,0.18658,0.18631,0.18638,16066,2995.532889,0.18645,0.18659,0.18634,0.18638,0.18659,0.1867,0.18645,0.18645,-0.00020705,-0.00017797,-0.000546,-0.00017797,-7.00000000000145e-05,-0.0003754357736659399
1771364400000,2026-02-17T21:40:00Z,0.18638,0.18654,0.18638,0.18654,31342,5843.592643,0.18638,0.18654,0.18638,0.18654,0.18645,0.18665,0.18645,0.18665,-0.00017797,0,-0.0006542,0,-0.00010999999999999899,-0.0005893383337797964
1771364700000,2026-02-17T21:45:00Z,0.18654,0.18681,0.18644,0.1868,247035.5,46119.166705,0.18654,0.18684,0.18645,0.18684,0.18665,0.18694,0.1866,0.18694,0,0,0,0,-0.00014000000000000123,-0.000748903391462508
1771365000000,2026-02-17T21:50:00Z,0.1868,0.18685,0.18667,0.18678,71778,13408.944347,0.18684,0.18685,0.18673,0.18683,0.18694,0.18696,0.18689,0.18695,0,-0.0001877,-0.00057181,-0.00057181,-0.00017000000000000348,-0.0009093340465365256
1771365300000,2026-02-17T21:55:00Z,0.18678,0.18712,0.18678,0.18707,42419,7932.310198,0.18683,0.18712,0.18683,0.18708,0.18695,0.18723,0.18695,0.18723,-0.00057181,-0.00002857,-0.00037722,-0.00002857,-0.00016000000000002124,-0.0008545639053571609
1771365600000,2026-02-17T22:00:00Z,0.18707,0.18718,0.18682,0.187,150422.8,28134.33282,0.18708,0.18718,0.18688,0.18704,0.18723,0.18733,0.18707,0.18721,-0.00002857,-0.00020755,-0.00056077,-0.00056077,-0.00020999999999998797,-0.0011217349500560227
1771365900000,2026-02-17T22:05:00Z,0.187,0.18706,0.18674,0.18678,158270.1,29584.715631,0.18704,0.18704,0.18674,0.18686,0.18721,0.18721,0.18692,0.187,-0.00056077,-0.00008216,-0.00032641,-0.00008216,-0.00021999999999999797,-0.0011764705882352834
1771366200000,2026-02-17T22:10:00Z,0.18678,0.18699,0.18675,0.18693,345235.5,64513.435111,0.18686,0.18699,0.18678,0.18693,0.187,0.1871,0.18692,0.18701,-0.00008216,-0.00016727,-0.00037958,-0.00037958,-7.999999999999674e-05,-0.0004277846104486217
1771366500000,2026-02-17T22:15:00Z,0.18693,0.18695,0.18657,0.1869,30903.6,5772.791757,0.18693,0.18695,0.1866,0.1869,0.18701,0.18702,0.18672,0.18698,-0.00037958,0,0,0,-7.999999999999674e-05,-0.00042785324633648914
1771366800000,2026-02-17T22:20:00Z,0.1869,0.18707,0.18663,0.18686,32938.6,6154.884052,0.1869,0.18713,0.18666,0.18686,0.18698,0.18723,0.18688,0.18695,0,-0.00050171,-0.00052777,-0.00050171,-9.000000000000674e-05,-0.0004814121422840692
1771367100000,2026-02-17T22:25:00Z,0.18686,0.18686,0.1867,0.18684,24540.3,4582.905473,0.18686,0.18686,0.18672,0.18685,0.18695,0.18699,0.18689,0.18699,-0.00050171,-0.00008961,-0.0003958,-0.00008961,-0.00014999999999998348,-0.0008021819348627386
1771367400000,2026-02-17T22:30:00Z,0.18684,0.18716,0.18684,0.18698,45110.8,8438.438329,0.18685,0.18718,0.18685,0.18712,0.18699,0.18732,0.18699,0.18726,-0.00008961,0,-0.0000543,-0.0000543,-0.00028000000000000247,-0.0014952472498131072
1771367700000,2026-02-17T22:35:00Z,0.18698,0.18729,0.18679,0.18679,39539.1,7400.885057,0.18712,0.18729,0.18679,0.18679,0.18726,0.1874,0.18691,0.18696,-0.0000543,-0.00020149,-0.00020182,-0.00020149,-0.00016999999999997573,-0.0009092854086434303
1771368000000,2026-02-17T22:40:00Z,0.18679,0.18683,0.18658,0.18673,57545.5,10743.588737,0.18679,0.18685,0.18663,0.18673,0.18696,0.18703,0.18684,0.18693,-0.00020149,-0.00026063,-0.0003339,-0.0003339,-0.00020000000000000573,-0.0010699192210988377
1771368300000,2026-02-17T22:45:00Z,0.18673,0.18673,0.18654,0.18654,17431.4,3252.899523,0.18673,0.18673,0.1866,0.1866,0.18693,0.18693,0.18678,0.18682,-0.0003339,-0.00057027,-0.00075428,-0.00075428,-0.00028000000000000247,-0.0014987688684295175
1771368600000,2026-02-17T22:50:00Z,0.18654,0.18671,0.18616,0.18622,146283.7,27290.432236,0.1866,0.18671,0.18616,0.18622,0.18682,0.18693,0.18642,0.18644,-0.00075428,-0.00087122,-0.00134478,-0.00087122,-0.00021999999999999797,-0.0011800042909246833
1771368900000,2026-02-17T22:55:00Z,0.18622,0.18671,0.18622,0.1866,71651.5,13361.761832,0.18622,0.18674,0.18622,0.1866,0.18644,0.18698,0.18644,0.18679,-0.00087122,-0.00077622,-0.0011476,-0.00077622,-0.00019000000000002348,-0.001017185074147564
1771369200000,2026-02-17T23:00:00Z,0.1866,0.1866,0.18629,0.18647,69067.5,12875.185647,0.1866,0.1866,0.1863,0.18648,0.18679,0.18679,0.18656,0.1867,-0.00077622,-0.00065791,-0.0008036,-0.00065791,-0.00023000000000000798,-0.0012319228709159506
1771369500000,2026-02-17T23:05:00Z,0.18647,0.18679,0.18627,0.18634,90367.7,16848.465135,0.18648,0.1868,0.18628,0.18634,0.1867,0.18697,0.18653,0.18655,-0.00065791,-0.00104195,-0.00126012,-0.00126012,-0.00020999999999998797,-0.0011257035647278906
1771369800000,2026-02-17T23:10:00Z,0.18634,0.18654,0.18621,0.18649,148273.5,27625.833211,0.18634,0.18654,0.18623,0.18649,0.18655,0.18669,0.18649,0.18662,-0.00126012,-0.00076651,-0.00105316,-0.00105316,-0.000130000000000019,-0.0006966027221092004
1771370100000,2026-02-17T23:15:00Z,0.18649,0.1868,0.18637,0.18678,22445.3,4188.781616,0.18649,0.1868,0.18639,0.18678,0.18662,0.18693,0.1866,0.18691,-0.00105316,-0.00047857,-0.0005436,-0.0005436,-0.00012999999999999123,-0.0006955219089400847
1771370400000,2026-02-17T23:20:00Z,0.18678,0.1871,0.18674,0.1869,39399.6,7366.657486,0.18678,0.1871,0.18675,0.1869,0.18691,0.1872,0.18691,0.1871,-0.0005436,-0.0007921,-0.00119588,-0.0007921,-0.00019999999999997797,-0.00106894708711907
1771370700000,2026-02-17T23:25:00Z,0.1869,0.18703,0.18666,0.18666,60230.9,11254.51862,0.1869,0.18704,0.18666,0.18666,0.1871,0.18722,0.18691,0.18691,-0.0007921,-0.00105604,-0.0010591,-0.0010591,-0.0002500000000000002,-0.0013375421325771775
1771371000000,2026-02-17T23:30:00Z,0.18666,0.18666,0.18627,0.18641,29539.1,5508.295304,0.18666,0.18666,0.1863,0.18641,0.18691,0.18691,0.18654,0.18662,-0.0010591,-0.0008952,-0.00092144,-0.00092144,-0.00021000000000001573,-0.0011252813203301668
1771371300000,2026-02-17T23:35:00Z,0.18641,0.18678,0.18641,0.18658,58385.8,10888.539888,0.18641,0.1868,0.18641,0.18658,0.18662,0.18698,0.18662,0.18672,-0.00092144,-0.00041607,-0.00057363,-0.00057363,-0.00014000000000000123,-0.000749785775492723
1771371600000,2026-02-17T23:40:00Z,0.18658,0.18693,0.18658,0.18685,42839.9,8003.051806,0.18658,0.18694,0.18658,0.18685,0.18672,0.18708,0.18672,0.18698,-0.00057363,-0.00078653,-0.00085837,-0.00078653,-0.000130000000000019,-0.0006952615252969247
1771371900000,2026-02-17T23:45:00Z,0.18685,0.18698,0.18645,0.18673,179044.1,33418.827878,0.18685,0.18698,0.18648,0.18675,0.18698,0.18713,0.18668,0.18693,-0.00078653,-0.00045959,-0.00070018,-0.00070018,-0.00020000000000000573,-0.0010699192210988377
1771372200000,2026-02-17T23:50:00Z,0.18673,0.18698,0.18669,0.18674,169668.7,31701.788172,0.18675,0.18698,0.18672,0.18674,0.18693,0.18713,0.18689,0.18694,-0.00070018,-0.00023377,-0.00097659,-0.00097659,-0.00020000000000000573,-0.001069861987803604
1771372500000,2026-02-17T23:55:00Z,0.18674,0.1868,0.18667,0.1868,12283,2294.007343,0.18674,0.1868,0.1867,0.1868,0.18694,0.18696,0.18691,0.18691,-0.00097659,-0.00045752,-0.00056264,-0.00045752,-0.00010999999999999899,-0.0005885185383339521
1771372800000,2026-02-18T00:00:00Z,0.1868,0.1869,0.1866,0.1866,172509.9,32213.085144,0.1868,0.18693,0.18666,0.18666,0.18691,0.1871,0.18687,0.18687,-0.00045752,-0.0002591,-0.00053572,-0.00053572,-0.0002700000000000202,-0.001444854711831863
1771373100000,2026-02-18T00:05:00Z,0.1866,0.18692,0.1866,0.18689,13942.8,2604.960337,0.18666,0.18692,0.18665,0.18689,0.18687,0.18713,0.18687,0.18703,-0.00053572,-0.00058256,-0.00094436,-0.00058256,-0.00014000000000000123,-0.0007485430144896606
1771373400000,2026-02-18T00:10:00Z,0.18689,0.18694,0.18659,0.18662,121102.2,22609.526973,0.18689,0.18694,0.18661,0.18671,0.18703,0.1871,0.18689,0.18693,-0.00058256,-0.0005196,-0.0008529,-0.0005196,-0.0003100000000000047,-0.001658374792703176
1771373700000,2026-02-18T00:15:00Z,0.18662,0.18688,0.18652,0.18673,33216.7,6201.232975,0.18671,0.18688,0.18656,0.18679,0.18693,0.187,0.18679,0.18698,-0.0005196,-0.00023328,-0.00062083,-0.00023328,-0.0002500000000000002,-0.0013370413948015842
1771374000000,2026-02-18T00:20:00Z,0.18673,0.18693,0.18657,0.18664,40875.3,7633.933439,0.18679,0.18693,0.18658,0.18664,0.18698,0.18712,0.18679,0.18684,-0.00023328,-0.00098106,-0.00104592,-0.00104592,-0.00020000000000000573,-0.0010704345964461877
1771374300000,2026-02-18T00:25:00Z,0.18664,0.18692,0.18626,0.18684,69618.3,12978.239796,0.18664,0.18692,0.18632,0.18691,0.18684,0.1871,0.18654,0.1871,-0.00104592,-0.00060025,-0.00064943,-0.00064943,-0.00025999999999998247,-0.0013896312132548503
1771374600000,2026-02-18T00:30:00Z,0.18684,0.18714,0.18682,0.18688,15572.7,2912.311942,0.18691,0.18714,0.18685,0.1869,0.1871,0.18729,0.18703,0.18709,-0.00064943,-0.00047028,-0.0008705,-0.0008705,-0.00021000000000001573,-0.0011224544336950971
1771374900000,2026-02-18T00:35:00Z,0.18688,0.18715,0.18685,0.18707,9765.2,1825.713387,0.1869,0.18715,0.18687,0.18707,0.18709,0.18731,0.18704,0.18727,-0.0008705,-0.00053387,-0.00088349,-0.00053387,-0.00020000000000000573,-0.0010679767181075758
1771375200000,2026-02-18T00:40:00Z,0.18707,0.18707,0.1866,0.18667,12384.3,2313.818624,0.18707,0.18707,0.18664,0.1867,0.18727,0.18727,0.18689,0.18697,-0.00053387,-0.00076988,-0.0011354,-0.0011354,-0.0002999999999999947,-0.0016045354869764921
1771375500000,2026-02-18T00:45:00Z,0.18667,0.18667,0.18613,0.18639,80179.3,14938.283314,0.1867,0.1867,0.1862,0.18641,0.18697,0.18697,0.18639,0.18662,-0.0011354,-0.00058656,-0.00112937,-0.00112937,-0.00023000000000000798,-0.0012324509698853712
1771375800000,2026-02-18T00:50:00Z,0.18639,0.18646,0.18596,0.186,97580.2,18174.868249,0.18641,0.18646,0.18597,0.186,0.18662,0.18662,0.18623,0.18626,-0.00112937,-0.00074859,-0.00119645,-0.00074859,-0.0002600000000000102,-0.001395898206807743
1771376100000,2026-02-18T00:55:00Z,0.186,0.18619,0.18593,0.18606,23354.3,4346.191103,0.186,0.18619,0.18597,0.18611,0.18626,0.18641,0.18623,0.18635,-0.00074859,-0.00055385,-0.00064827,-0.00064827,-0.0002899999999999847,-0.0015562114301045599
1771376400000,2026-02-18T01:00:00Z,0.18606,0.18641,0.18561,0.18574,129750.4,24133.293893,0.18611,0.18641,0.18567,0.18574,0.18635,0.18658,0.18591,0.18591,-0.00064827,-0.00121104,-0.0012919,-0.00121104,-0.00017000000000000348,-0.0009144209563767602
1771376700000,2026-02-18T01:05:00Z,0.18574,0.18605,0.18567,0.18586,64523.9,11991.785345,0.18574,0.18605,0.18569,0.18586,0.18591,0.18621,0.18591,0.186,-0.00121104,-0.00052003,-0.00086531,-0.00052003,-0.00014000000000000123,-0.0007526881720430174
1771377000000,2026-02-18T01:10:00Z,0.18586,0.18587,0.18527,0.18565,813485.5,150820.438362,0.18586,0.18586,0.18533,0.18573,0.186,0.186,0.18554,0.18589,-0.00052003,-0.00051393,-0.00076788,-0.00051393,-0.00023999999999999022,-0.0012910861262036162
1771377300000,2026-02-18T01:15:00Z,0.18565,0.18594,0.18563,0.1858,97791.2,18159.505817,0.18573,0.18594,0.18566,0.1858,0.18589,0.18614,0.18589,0.18595,-0.00051393,-0.00064885,-0.00127809,-0.00127809,-0.00015000000000001124,-0.0008066684592633032
1771377600000,2026-02-18T01:20:00Z,0.1858,0.18615,0.1858,0.18588,31639.5,5886.057905,0.1858,0.18615,0.1858,0.18593,0.18595,0.18632,0.18595,0.18613,-0.00127809,-0.00054103,-0.00081538,-0.00081538,-0.0002500000000000002,-0.00134314726266588
1771377900000,2026-02-18T01:25:00Z,0.18588,0.18593,0.18563,0.1857,56743.3,10538.709177,0.18593,0.18593,0.18566,0.1857,0.18613,0.18613,0.18589,0.18593,-0.00081538,-0.00063519,-0.00115066,-0.00115066,-0.00023000000000000798,-0.001237024686710095
1771378200000,2026-02-18T01:30:00Z,0.1857,0.18571,0.18518,0.18542,65901.1,12217.270722,0.1857,0.1857,0.18522,0.18542,0.18593,0.18593,0.18543,0.18564,-0.00115066,-0.00059426,-0.00105751,-0.00105751,-0.00021999999999999797,-0.001185089420383527
1771378500000,2026-02-18T01:35:00Z,0.18542,0.18565,0.18535,0.18538,51658.7,9583.018061,0.18542,0.18565,0.18538,0.18538,0.18564,0.18584,0.18557,0.1856,-0.00105751,-0.00061178,-0.00125431,-0.00125431,-0.00021999999999999797,-0.001185344827586196
1771378800000,2026-02-18T01:40:00Z,0.18538,0.18586,0.18534,0.18585,52108.6,9665.790701,0.18538,0.18586,0.18534,0.18585,0.1856,0.18601,0.18553,0.18601,-0.00125431,-0.00026568,-0.00037633,-0.00037633,-0.00016000000000002124,-0.0008601688081287094
1771379100000,2026-02-18T01:45:00Z,0.18585,0.18602,0.18575,0.18575,22445.4,4171.992643,0.18585,0.18605,0.18575,0.18579,0.18601,0.1862,0.18595,0.186,-0.00037633,-0.00061705,-0.00093406,-0.00093406,-0.0002500000000000002,-0.0013440860215053775
1771379400000,2026-02-18T01:50:00Z,0.18575,0.18599,0.18573,0.18573,18701.7,3475.862565,0.18579,0.18599,0.18578,0.18578,0.186,0.18611,0.186,0.186,-0.00093406,-0.00067845,-0.00115395,-0.00115395,-0.00026999999999999247,-0.001451612903225766
1771379700000,2026-02-18T01:55:00Z,0.18573,0.18608,0.18571,0.18604,40883.9,7603.104954,0.18578,0.18609,0.18572,0.18608,0.186,0.18627,0.18595,0.18627,-0.00115395,-0.00044033,-0.00091463,-0.00044033,-0.00022999999999998022,-0.001234766736457724
1771380000000,2026-02-18T02:00:00Z,0.18604,0.18633,0.18604,0.18617,107733.9,20060.672112,0.18608,0.18633,0.18608,0.18623,0.18627,0.18647,0.18627,0.18639,-0.00044033,-0.00027949,-0.00038226,-0.00027949,-0.00021999999999999797,-0.0011803208326626857
1771380300000,2026-02-18T02:05:00Z,0.18617,0.18715,0.18614,0.18715,138857.7,25915.550405,0.18623,0.18715,0.18619,0.18715,0.18639,0.18737,0.18634,0.18737,-0.00027949,-0.00047342,-0.00100817,-0.00100817,-0.00021999999999999797,-0.001174147408870139
1771380600000,2026-02-18T02:10:00Z,0.18715,0.18724,0.18679,0.18679,32794.9,6135.604763,0.18715,0.18724,0.18679,0.1868,0.18737,0.18741,0.18703,0.18703,-0.00100817,-0.00076305,-0.00086037,-0.00076305,-0.00023999999999999022,-0.001283216596267926
1771380900000,2026-02-18T02:15:00Z,0.18679,0.1871,0.18664,0.18664,15521.2,2900.518047,0.1868,0.18711,0.18665,0.18665,0.18703,0.18731,0.1869,0.1869,-0.00076305,-0.00060003,-0.00113598,-0.00113598,-0.0002600000000000102,-0.0013911182450508839
1771381200000,2026-02-18T02:20:00Z,0.18664,0.1868,0.18648,0.18648,36833.3,6875.871787,0.18665,0.1868,0.18661,0.18661,0.1869,0.18694,0.18681,0.18681,-0.00113598,-0.00056705,-0.00082318,-0.00056705,-0.00032999999999999696,-0.0017665007226593703
1771381500000,2026-02-18T02:25:00Z,0.18648,0.18661,0.18639,0.18643,115179.2,21478.348466,0.18661,0.18669,0.18643,0.18643,0.18681,0.1869,0.18664,0.18664,-0.00056705,-0.00067285,-0.00118317,-0.00118317,-0.00020999999999998797,-0.001125160737248114
1771381800000,2026-02-18T02:30:00Z,0.18643,0.18702,0.18633,0.18692,22973,4288.804124,0.18643,0.18702,0.18636,0.18699,0.18664,0.18713,0.18657,0.18713,-0.00118317,-0.00006323,-0.00034794,-0.00006323,-0.00020999999999998797,-0.001122214503286421
1771382100000,2026-02-18T02:35:00Z,0.18692,0.18739,0.18691,0.1871,91113.5,17057.609124,0.18699,0.18739,0.18695,0.18721,0.18713,0.18753,0.18709,0.18739,-0.00006323,-0.00069591,-0.00086887,-0.00069591,-0.00029000000000001247,-0.0015475745770852898
1771382400000,2026-02-18T02:40:00Z,0.1871,0.18726,0.18705,0.18725,55367.5,10364.972382,0.18721,0.18726,0.18706,0.18725,0.18739,0.18743,0.18729,0.18743,-0.00069591,-0.00066168,-0.00080124,-0.00080124,-0.00018000000000001348,-0.0009603585338527102
1771382700000,2026-02-18T02:45:00Z,0.18725,0.1873,0.18691,0.18703,67489.9,12631.703109,0.18725,0.1873,0.18695,0.18703,0.18743,0.18746,0.18717,0.18717,-0.00080124,-0.00075228,-0.00099626,-0.00075228,-0.00014000000000000123,-0.0007479831169525097
1771383000000,2026-02-18T02:50:00Z,0.18703,0.18718,0.18698,0.18707,31838.1,5956.792626,0.18703,0.18722,0.18702,0.18707,0.18717,0.18736,0.18717,0.18726,-0.00075228,-0.00062862,-0.00109168,-0.00109168,-0.00019000000000002348,-0.0010146320623732963
1771383300000,2026-02-18T02:55:00Z,0.18707,0.18709,0.18696,0.18699,10791.1,2018.139432,0.18707,0.18709,0.18696,0.18699,0.18726,0.18728,0.18713,0.18713,-0.00109168,-0.00072915,-0.0007436,-0.0007436,-0.00014000000000000123,-0.0007481430021909969
1771383600000,2026-02-18T03:00:00Z,0.18699,0.18723,0.18687,0.18717,32684.7,6116.586821,0.18699,0.18722,0.18691,0.18722,0.18713,0.18741,0.18712,0.18741,-0.0007436,-0.00021039,-0.00110955,-0.00021039,-0.00023999999999999022,-0.0012806146950535735
1771383900000,2026-02-18T03:05:00Z,0.18717,0.18721,0.18689,0.18699,29608.1,5536.928392,0.18722,0.18722,0.18689,0.18699,0.18741,0.18742,0.18708,0.18716,-0.00021039,-0.00030919,-0.00071467,-0.00071467,-0.00017000000000000348,-0.0009083137422526367
1771384200000,2026-02-18T03:10:00Z,0.18699,0.18725,0.18679,0.18725,40822.6,7633.953892,0.18699,0.18725,0.18682,0.18725,0.18716,0.18739,0.18702,0.18739,-0.00071467,-0.00051204,-0.00081904,-0.00081904,-0.00014000000000000123,-0.0007471049682480454
1771384500000,2026-02-18T03:15:00Z,0.18725,0.18778,0.18725,0.18755,142969.5,26830.344415,0.18725,0.18778,0.18725,0.18755,0.18739,0.18792,0.18739,0.18772,-0.00081904,-0.00100271,-0.00108736,-0.00108736,-0.00017000000000000348,-0.0009056040911996777
1771384800000,2026-02-18T03:20:00Z,0.18755,0.18765,0.18747,0.18761,49976.6,9373.470348,0.18755,0.18765,0.18748,0.18761,0.18772,0.18786,0.18772,0.18785,-0.00108736,-0.0005385,-0.00085851,-0.0005385,-0.00023999999999999022,-0.0012776151184455164
1771385100000,2026-02-18T03:25:00Z,0.18761,0.1877,0.18746,0.18766,12618.9,2367.288392,0.18761,0.1877,0.18749,0.18767,0.18785,0.18792,0.18777,0.18789,-0.0005385,-0.00089373,-0.00099185,-0.00089373,-0.00023000000000000798,-0.0012241204960349566
1771385400000,2026-02-18T03:30:00Z,0.18766,0.18793,0.18743,0.18776,89861.2,16869.96061,0.18767,0.18793,0.18746,0.18782,0.18789,0.18809,0.1877,0.18806,-0.00089373,-0.00056776,-0.00087652,-0.00056776,-0.0002999999999999947,-0.0015952355631181257
1771385700000,2026-02-18T03:35:00Z,0.18776,0.18785,0.18771,0.18775,87104.8,16357.997308,0.18782,0.18785,0.18771,0.18777,0.18806,0.18811,0.18798,0.18804,-0.00056776,-0.00084125,-0.00100186,-0.00084125,-0.00029000000000001247,-0.001542225058498258
1771386000000,2026-02-18T03:40:00Z,0.18775,0.18775,0.18743,0.18771,71684.3,13444.430305,0.18777,0.18777,0.18754,0.18771,0.18804,0.18804,0.18776,0.1879,-0.00084125,-0.00034729,-0.00060782,-0.00034729,-0.00019000000000002348,-0.0010111761575307262
1771386300000,2026-02-18T03:45:00Z,0.18771,0.1878,0.18742,0.1875,63394.8,11889.495812,0.18771,0.1878,0.18743,0.18752,0.1879,0.18798,0.18764,0.18772,-0.00034729,-0.00066659,-0.00083352,-0.00083352,-0.00021999999999999797,-0.0011719582356701363
1771386600000,2026-02-18T03:50:00Z,0.1875,0.18795,0.1875,0.18778,129886.1,24400.045072,0.18752,0.188,0.18752,0.18781,0.18772,0.1882,0.18771,0.18803,-0.00083352,-0.00073009,-0.00090556,-0.00073009,-0.0002500000000000002,-0.0013295750678083296
1771386900000,2026-02-18T03:55:00Z,0.18778,0.18788,0.18774,0.18774,37452.5,7034.110913,0.18781,0.18788,0.18775,0.18775,0.18803,0.18807,0.18797,0.18799,-0.00073009,-0.00089873,-0.00098579,-0.00089873,-0.0002500000000000002,-0.0013298579711686805
1771387200000,2026-02-18T04:00:00Z,0.18774,0.18774,0.18721,0.18727,56635.2,10616.297722,0.18775,0.18775,0.18726,0.18727,0.18799,0.18799,0.18751,0.18751,-0.00089873,-0.00069203,-0.00078994,-0.00078994,-0.00024000000000001798,-0.0012799317369741239
1771387500000,2026-02-18T04:05:00Z,0.18727,0.18761,0.18713,0.18758,70941.4,13285.19395,0.18727,0.18765,0.18719,0.18765,0.18751,0.18787,0.18743,0.18787,-0.00078994,-0.00082752,-0.00096481,-0.00096481,-0.00029000000000001247,-0.001543620588705022
1771387800000,2026-02-18T04:10:00Z,0.18758,0.18789,0.18715,0.18728,46168.1,8659.935598,0.18765,0.18789,0.18721,0.18728,0.18787,0.18806,0.18745,0.18745,-0.00096481,-0.00096819,-0.0018374,-0.0018374,-0.00017000000000000348,-0.0009069085089357347
1771388100000,2026-02-18T04:15:00Z,0.18728,0.1875,0.18728,0.1875,37910.1,7103.588657,0.18728,0.18752,0.18728,0.18752,0.18745,0.18772,0.18745,0.18772,-0.0018374,-0.00057371,-0.00085616,-0.00085616,-0.00021999999999999797,-0.0011719582356701363
1771388400000,2026-02-18T04:20:00Z,0.1875,0.18771,0.18724,0.18737,74681.4,14009.128179,0.18752,0.18772,0.18727,0.18737,0.18772,0.18792,0.18755,0.1876,-0.00085616,-0.00101471,-0.00101786,-0.00101786,-0.00022999999999998022,-0.001226012793176867
1771388700000,2026-02-18T04:25:00Z,0.18737,0.18739,0.18729,0.1873,37763.7,7074.259455,0.18737,0.18739,0.18729,0.1873,0.1876,0.18765,0.18751,0.18752,-0.00101786,-0.0011366,-0.00138678,-0.00138678,-0.00021999999999999797,-0.0011732081911262691
1771389000000,2026-02-18T04:30:00Z,0.1873,0.18746,0.18727,0.18743,11146.6,2088.704047,0.1873,0.1875,0.18727,0.18743,0.18752,0.18769,0.1875,0.18762,-0.00138678,-0.0004578,-0.00099467,-0.00099467,-0.00018999999999999573,-0.0010126852147958412
1771389300000,2026-02-18T04:35:00Z,0.18743,0.18743,0.18705,0.18739,16277.4,3048.268114,0.18743,0.18744,0.18711,0.18739,0.18762,0.18764,0.18738,0.1876,-0.00099467,-0.00081946,-0.00094578,-0.00094578,-0.00020999999999998797,-0.0011194029850745627
1771389600000,2026-02-18T04:40:00Z,0.18739,0.18742,0.18727,0.18738,36911.4,6916.186367,0.18739,0.18743,0.18729,0.18739,0.1876,0.18764,0.18752,0.18763,-0.00094578,-0.00049888,-0.00102697,-0.00102697,-0.0002500000000000002,-0.0013324095293929554
1771389900000,2026-02-18T04:45:00Z,0.18738,0.18746,0.18725,0.18745,11783.4,2207.484601,0.18739,0.18746,0.18728,0.18745,0.18763,0.18764,0.18752,0.18764,-0.00102697,-0.0007161,-0.00078732,-0.0007161,-0.00018999999999999573,-0.0010125772756341704
1771390200000,2026-02-18T04:50:00Z,0.18745,0.18773,0.18741,0.18765,119778,22462.065079,0.18745,0.18772,0.18743,0.18765,0.18764,0.1879,0.18764,0.18781,-0.0007161,-0.00081424,-0.00084878,-0.00084878,-0.00015999999999999348,-0.000851924817634809
1771390500000,2026-02-18T04:55:00Z,0.18765,0.18765,0.18724,0.1874,29189.9,5471.368304,0.18765,0.18765,0.18724,0.1874,0.18781,0.18786,0.18751,0.1876,-0.00084878,-0.00088481,-0.0013605,-0.00088481,-0.00019999999999997797,-0.0010660980810233368
1771390800000,2026-02-18T05:00:00Z,0.1874,0.18753,0.18735,0.1874,23286.1,4364.143881,0.1874,0.18753,0.18735,0.1874,0.1876,0.18774,0.1876,0.18762,-0.00088481,-0.00077546,-0.00109243,-0.00109243,-0.00021999999999999797,-0.001172582880289937
1771391100000,2026-02-18T05:05:00Z,0.1874,0.18748,0.18715,0.18723,33402.1,6259.892569,0.1874,0.18748,0.1872,0.18729,0.18762,0.18764,0.18742,0.18751,-0.00109243,-0.00065359,-0.00101647,-0.00101647,-0.00028000000000000247,-0.0014932536931363792
1771391400000,2026-02-18T05:10:00Z,0.18723,0.18763,0.18723,0.18746,36257.2,6793.214396,0.18729,0.18763,0.18728,0.18752,0.18751,0.18779,0.1875,0.18774,-0.00101647,-0.00073404,-0.00085165,-0.00085165,-0.00028000000000000247,-0.0014914243102162696
1771391700000,2026-02-18T05:15:00Z,0.18746,0.1879,0.18746,0.18787,41094.5,7710.27104,0.18752,0.1879,0.1875,0.18787,0.18774,0.18798,0.18771,0.18798,-0.00085165,-0.00070781,-0.00111325,-0.00070781,-0.00010999999999999899,-0.0005851686349611606
1771392000000,2026-02-18T05:20:00Z,0.18787,0.18799,0.18761,0.18778,34414.9,6466.607868,0.18787,0.18799,0.18765,0.18779,0.18798,0.18812,0.18787,0.18801,-0.00070781,-0.00074229,-0.00077399,-0.00074229,-0.00023000000000000798,-0.0012233391840859953
1771392300000,2026-02-18T05:25:00Z,0.18778,0.18794,0.18733,0.18734,195491.7,36689.706208,0.18779,0.18794,0.18734,0.18734,0.18801,0.18815,0.18755,0.18755,-0.00074229,-0.00090841,-0.00093216,-0.00090841,-0.00020999999999998797,-0.001119701412956481
1771392600000,2026-02-18T05:30:00Z,0.18734,0.18755,0.18714,0.18738,37337.1,6994.80359,0.18734,0.18756,0.1872,0.18738,0.18755,0.18774,0.1874,0.18752,-0.00090841,-0.00066931,-0.00111556,-0.00066931,-0.00014000000000000123,-0.0007465870307167302
1771392900000,2026-02-18T05:35:00Z,0.18738,0.1876,0.1873,0.18742,120875,22647.304989,0.18738,0.18763,0.18732,0.1875,0.18752,0.18774,0.18752,0.18763,-0.00066931,-0.00007777,-0.00018414,-0.00018414,-0.00020999999999998797,-0.0011192240046900175
1771393200000,2026-02-18T05:40:00Z,0.18742,0.18755,0.18733,0.18751,63206.7,11846.380009,0.1875,0.18756,0.18737,0.18751,0.18763,0.18775,0.18759,0.18772,-0.00018414,-0.00075231,-0.00099509,-0.00075231,-0.00020999999999998797,-0.0011186874067759854
1771393500000,2026-02-18T05:45:00Z,0.18751,0.18809,0.18748,0.18801,76403.9,14340.906095,0.18751,0.18809,0.18751,0.18802,0.18772,0.18823,0.18772,0.1882,-0.00075231,-0.00024061,-0.0007918,-0.00024061,-0.00018999999999999573,-0.001009564293304972
1771393800000,2026-02-18T05:50:00Z,0.18801,0.18801,0.18776,0.18784,48007.7,9019.674412,0.18802,0.18802,0.1878,0.18784,0.1882,0.1882,0.18793,0.18793,-0.00024061,-0.00050132,-0.00067313,-0.00067313,-9.000000000000674e-05,-0.00047890171872509306
1771394100000,2026-02-18T05:55:00Z,0.18784,0.18789,0.18767,0.18778,280668.3,52714.989523,0.18784,0.18789,0.18772,0.18779,0.18793,0.18803,0.18789,0.18795,-0.00067313,-0.00016305,-0.00073032,-0.00016305,-0.00017000000000000348,-0.0009044958765629342
1771394400000,2026-02-18T06:00:00Z,0.18778,0.18799,0.18768,0.1877,64039.1,12030.945175,0.18779,0.18799,0.18768,0.1877,0.18795,0.1881,0.18784,0.18784,-0.00016305,-0.00085306,-0.00092601,-0.00092601,-0.00014000000000000123,-0.0007453151618398703
1771394700000,2026-02-18T06:05:00Z,0.1877,0.18782,0.18767,0.18774,15021.8,2820.494758,0.1877,0.18785,0.18767,0.18774,0.18784,0.18803,0.18784,0.18791,-0.00092601,-0.00056516,-0.00078872,-0.00056516,-0.00017000000000000348,-0.0009046884146666143
1771395000000,2026-02-18T06:10:00Z,0.18774,0.18795,0.18771,0.18795,22849.3,4293.011084,0.18774,0.18795,0.18771,0.18795,0.18791,0.18811,0.18791,0.18811,-0.00056516,-0.00042782,-0.00059342,-0.00059342,-0.00015999999999999348,-0.00085056615809895
1771395300000,2026-02-18T06:15:00Z,0.18795,0.18795,0.18768,0.18768,18661.5,3506.429266,0.18795,0.18795,0.18769,0.18769,0.18811,0.18811,0.1879,0.18791,-0.00059342,-0.00060267,-0.00082609,-0.00082609,-0.00022999999999998022,-0.00122399020807823
1771395600000,2026-02-18T06:20:00Z,0.18768,0.18779,0.18756,0.18774,85564.6,16053.552099,0.18769,0.18782,0.18756,0.18782,0.18791,0.18798,0.18774,0.18798,-0.00082609,-0.00014349,-0.00053532,-0.00053532,-0.00024000000000001798,-0.0012767315671880944
1771395900000,2026-02-18T06:25:00Z,0.18774,0.1881,0.18768,0.18809,318250,59802.917424,0.18782,0.1881,0.18769,0.18809,0.18798,0.1882,0.18789,0.1882,-0.00053532,-0.00028846,-0.00054279,-0.00028846,-0.00010999999999999899,-0.000584484590860781
1771396200000,2026-02-18T06:30:00Z,0.18809,0.18817,0.18797,0.18798,152649.4,28712.459727,0.18809,0.18818,0.18799,0.18799,0.1882,0.18832,0.18816,0.18816,-0.00028846,-0.00003433,-0.00063848,-0.00063848,-0.00017999999999998573,-0.0009566326530611487
1771396500000,2026-02-18T06:35:00Z,0.18798,0.18832,0.18791,0.18808,63534.4,11955.49056,0.18799,0.18835,0.18792,0.18812,0.18816,0.18846,0.18811,0.18828,-0.00063848,-0.00002298,-0.00063702,-0.00063702,-0.00020000000000000573,-0.0010622477161674406
1771396800000,2026-02-18T06:40:00Z,0.18808,0.18821,0.18807,0.18817,41718,7849.342673,0.18812,0.18821,0.18812,0.18817,0.18828,0.18836,0.18828,0.18834,-0.00063702,-0.00027426,-0.00055581,-0.00055581,-0.00017000000000000348,-0.0009026229160029918
1771397100000,2026-02-18T06:45:00Z,0.18817,0.18836,0.18799,0.1881,25129.5,4727.744421,0.18817,0.18836,0.188,0.18817,0.18834,0.18848,0.18817,0.18836,-0.00055581,-0.00047327,-0.0006442,-0.0006442,-0.0002600000000000102,-0.0013803355277129444
1771397400000,2026-02-18T06:50:00Z,0.1881,0.18815,0.1879,0.18792,20051.5,3768.603802,0.18817,0.18817,0.18792,0.18792,0.18836,0.18836,0.18807,0.1881,-0.0006442,-0.00014916,-0.00088225,-0.00014916,-0.00017999999999998573,-0.0009569377990429863
1771397700000,2026-02-18T06:55:00Z,0.18792,0.18793,0.18757,0.18771,21510.7,4037.623827,0.18792,0.18793,0.18762,0.18771,0.1881,0.1881,0.18776,0.18783,-0.00014916,-0.00023042,-0.0003784,-0.00023042,-0.00012000000000000899,-0.0006388755789810413
1771398000000,2026-02-18T07:00:00Z,0.18771,0.18805,0.18767,0.18797,35710.8,6709.816479,0.18771,0.18805,0.18767,0.18797,0.18783,0.18815,0.18783,0.18813,-0.00023042,-0.00047929,-0.00057328,-0.00047929,-0.00015999999999999348,-0.000850475734864155
1771398300000,2026-02-18T07:05:00Z,0.18797,0.18808,0.18778,0.18783,49461.2,9296.833724,0.18797,0.18808,0.18778,0.18783,0.18813,0.18823,0.18798,0.18798,-0.00047929,-0.00064588,-0.00073987,-0.00073987,-0.00015000000000001124,-0.0007979572294925589
1771398600000,2026-02-18T07:10:00Z,0.18783,0.18783,0.18763,0.1878,68228,12805.430025,0.18783,0.18783,0.18766,0.1878,0.18798,0.18801,0.18787,0.18791,-0.00073987,-0.0003546,-0.00106125,-0.0003546,-0.00010999999999999899,-0.0005853866212548506
1771398900000,2026-02-18T07:15:00Z,0.1878,0.1879,0.18767,0.18776,54252.8,10188.646649,0.1878,0.18791,0.18767,0.18776,0.18791,0.18803,0.18784,0.18793,-0.0003546,-0.00059394,-0.00089627,-0.00089627,-0.00017000000000000348,-0.000904592135369571
1771399200000,2026-02-18T07:20:00Z,0.18776,0.18791,0.18759,0.18762,42255.8,7935.307189,0.18776,0.18794,0.18761,0.18762,0.18793,0.18809,0.18781,0.18781,-0.00089627,-0.00063435,-0.00073741,-0.00063435,-0.00018999999999999573,-0.001011660720941354
1771399500000,2026-02-18T07:25:00Z,0.18762,0.18795,0.18762,0.18795,5905.4,1108.732112,0.18762,0.18795,0.18762,0.18795,0.18781,0.18807,0.18781,0.18804,-0.00063435,-0.00019537,-0.00026352,-0.00019537,-9.000000000000674e-05,-0.00047862156987878504
1771399800000,2026-02-18T07:30:00Z,0.18795,0.18809,0.18795,0.18803,47908.5,9008.518658,0.18795,0.18812,0.18795,0.18803,0.18804,0.18826,0.18804,0.18822,-0.00019537,-0.00038808,-0.00045853,-0.00038808,-0.00018999999999999573,-0.001009457018382721
1771400100000,2026-02-18T07:35:00Z,0.18803,0.18879,0.188,0.18878,174037.3,32804.390549,0.18803,0.18882,0.188,0.18878,0.18822,0.18891,0.18817,0.18884,-0.00038808,0,0,0,-6.0000000000004494e-05,-0.00031772929464098966
1771400400000,2026-02-18T07:40:00Z,0.18878,0.18905,0.18852,0.18881,172525.5,32576.866296,0.18878,0.18905,0.18855,0.18881,0.18884,0.1892,0.1887,0.18896,0,-0.00012535,-0.00024759,-0.00024759,-0.00014999999999998348,-0.0007938187976290405
1771400700000,2026-02-18T07:45:00Z,0.18881,0.18945,0.18856,0.1893,297166,56129.422744,0.18881,0.18944,0.18866,0.1893,0.18896,0.18956,0.18884,0.18946,-0.00024759,-0.00015991,-0.00053529,-0.00015991,-0.00015999999999999348,-0.0008445054365037131
1771401000000,2026-02-18T07:50:00Z,0.1893,0.18933,0.18905,0.18905,95346.3,18038.616209,0.1893,0.18933,0.18905,0.18905,0.18946,0.18946,0.18912,0.18912,-0.00015991,-0.00009562,-0.00068367,-0.00068367,-7.00000000000145e-05,-0.00037013536379026273
1771401300000,2026-02-18T07:55:00Z,0.18905,0.18905,0.18869,0.18873,39199.6,7400.029271,0.18905,0.18905,0.1887,0.18875,0.18912,0.18913,0.18884,0.18889,-0.00068367,-0.00030757,-0.00079299,-0.00079299,-0.00015999999999999348,-0.0008470538408597251
1771401600000,2026-02-18T08:00:00Z,0.18873,0.18905,0.18867,0.18885,106159.6,20043.488896,0.18875,0.18905,0.18873,0.18888,0.18889,0.18913,0.18888,0.18903,-0.00079299,-0.00001302,-0.0005421,-0.00001302,-0.00018000000000001348,-0.0009522298047929613
1771401900000,2026-02-18T08:05:00Z,0.18885,0.18902,0.18883,0.18886,44801.8,8465.324846,0.18888,0.18904,0.18887,0.18892,0.18903,0.18918,0.18902,0.1891,-0.00001302,-0.00032633,-0.00034569,-0.00034569,-0.00023999999999999022,-0.0012691697514542054
1771402200000,2026-02-18T08:10:00Z,0.18886,0.18904,0.18848,0.18856,164289,31029.714265,0.18892,0.18902,0.1885,0.18859,0.1891,0.18911,0.18869,0.18879,-0.00034569,-0.00056577,-0.00064881,-0.00064881,-0.00023000000000000798,-0.0012182848667832405
1771402500000,2026-02-18T08:15:00Z,0.18856,0.18937,0.18856,0.18891,209039.2,39515.743293,0.18859,0.18936,0.18859,0.18891,0.18879,0.18949,0.18879,0.18904,-0.00064881,-0.0002569,-0.00030347,-0.00030347,-0.000130000000000019,-0.0006876851460009467
1771402800000,2026-02-18T08:20:00Z,0.18891,0.18913,0.18874,0.18912,100089.9,18907.549013,0.18891,0.18913,0.18878,0.18912,0.18904,0.18927,0.18892,0.18927,-0.00030347,0,-0.00029707,-0.00029707,-0.00014999999999998348,-0.0007925186241875812
1771403100000,2026-02-18T08:25:00Z,0.18912,0.18954,0.18896,0.18908,152321.7,28818.704425,0.18912,0.18954,0.18901,0.18908,0.18927,0.18958,0.18915,0.18917,-0.00029707,0,-0.00038443,0,-9.000000000000674e-05,-0.000475762541629258
1771403400000,2026-02-18T08:30:00Z,0.18908,0.18925,0.18905,0.18922,66849.5,12647.571763,0.18908,0.18925,0.18908,0.18922,0.18917,0.1893,0.18917,0.18929,0,0,-0.00021919,-0.00021919,-7.00000000000145e-05,-0.0003698029478578609
1771403700000,2026-02-18T08:35:00Z,0.18922,0.18922,0.18829,0.18842,42265.2,7967.09217,0.18922,0.18922,0.18832,0.18844,0.18929,0.18929,0.18845,0.18856,-0.00021919,-0.00012765,-0.00037805,-0.00037805,-0.00014000000000000123,-0.0007424692405600405
1771404000000,2026-02-18T08:40:00Z,0.18842,0.18855,0.1883,0.18833,35354.6,6661.168878,0.18844,0.18859,0.1883,0.18833,0.18856,0.1887,0.18843,0.18848,-0.00037805,-0.00032111,-0.000358,-0.00032111,-0.00015000000000001124,-0.0007958404074703482
1771404300000,2026-02-18T08:45:00Z,0.18833,0.18854,0.18826,0.1884,269002.8,50697.368558,0.18833,0.18854,0.18832,0.18845,0.18848,0.18869,0.18848,0.18862,-0.00032111,0,-0.0004975,0,-0.00021999999999999797,-0.0011663662389990348
1771404600000,2026-02-18T08:50:00Z,0.1884,0.18852,0.18807,0.18811,89456.4,16840.030353,0.18845,0.18852,0.18807,0.18811,0.18862,0.18862,0.18824,0.18824,0,-0.00078866,-0.00080812,-0.00078866,-0.00012999999999999123,-0.0006906077348065833
1771404900000,2026-02-18T08:55:00Z,0.18811,0.18817,0.18803,0.18815,100062.3,18823.615207,0.18811,0.18817,0.18806,0.18815,0.18824,0.18827,0.1882,0.18827,-0.00078866,-0.00001737,-0.00058926,-0.00001737,-0.00011999999999998123,-0.0006373824826046701
1771405200000,2026-02-18T09:00:00Z,0.18815,0.18834,0.18811,0.18818,66207.4,12462.395658,0.18815,0.18832,0.18813,0.18819,0.18827,0.18845,0.18826,0.18835,-0.00001737,0,-0.00063014,0,-0.00017000000000000348,-0.0009025749933634377
1771405500000,2026-02-18T09:05:00Z,0.18818,0.18832,0.18788,0.18799,47715.2,8971.604071,0.18819,0.18832,0.18791,0.18799,0.18835,0.18843,0.18812,0.18819,0,-0.00016145,-0.00078154,-0.00016145,-0.00020000000000000573,-0.001062755725596502
1771405800000,2026-02-18T09:10:00Z,0.18799,0.18811,0.18794,0.18804,25334.5,4762.870988,0.18799,0.18813,0.18798,0.18807,0.18819,0.18831,0.18819,0.18825,-0.00016145,-0.00028752,-0.000319,-0.00028752,-0.00020999999999998797,-0.0011155378486055138
1771406100000,2026-02-18T09:15:00Z,0.18804,0.18804,0.18775,0.18793,77290.7,14516.483175,0.18807,0.18807,0.18778,0.18793,0.18825,0.18825,0.18801,0.18805,-0.00028752,-0.0004517,-0.00078862,-0.00078862,-0.00011999999999998123,-0.0006381281574048457
1771406400000,2026-02-18T09:20:00Z,0.18793,0.18801,0.18786,0.18797,23116.6,4343.940544,0.18793,0.188,0.18789,0.18797,0.18805,0.18821,0.18805,0.18814,-0.00078862,-0.00052306,-0.00078895,-0.00052306,-0.00017000000000000348,-0.0009035824386095646
1771406700000,2026-02-18T09:25:00Z,0.18797,0.18809,0.18791,0.18805,87307.4,16414.942651,0.18797,0.18809,0.18793,0.18806,0.18814,0.18826,0.18812,0.18824,-0.00052306,-0.00046245,-0.00057346,-0.00057346,-0.00018999999999999573,-0.001009349766255821
1771407000000,2026-02-18T09:30:00Z,0.18805,0.18868,0.18797,0.18854,125130.1,23591.691453,0.18806,0.18865,0.18797,0.18859,0.18824,0.18874,0.18817,0.18869,-0.00057346,0,0,0,-0.00014999999999998348,-0.0007949546875827202
1771407300000,2026-02-18T09:35:00Z,0.18854,0.1886,0.18837,0.1884,71205.5,13420.759606,0.18859,0.1886,0.18837,0.1884,0.18869,0.18872,0.18856,0.18856,0,-0.00053014,-0.00059099,-0.00059099,-0.00015999999999999348,-0.0008485362749257185
1771407600000,2026-02-18T09:40:00Z,0.1884,0.1886,0.1884,0.18854,48125.5,9070.829841,0.1884,0.18859,0.1884,0.18855,0.18856,0.1887,0.18856,0.18862,-0.00059099,0,-0.00004315,0,-7.999999999999674e-05,-0.0004241331778178175
1771407900000,2026-02-18T09:45:00Z,0.18854,0.18857,0.18827,0.18827,15746.6,2968.403708,0.18855,0.18867,0.18832,0.18832,0.18862,0.18874,0.18853,0.18853,0,-0.00013552,-0.00086063,-0.00086063,-0.0002600000000000102,-0.001379090860871003
1771408200000,2026-02-18T09:50:00Z,0.18827,0.18858,0.18824,0.18842,62536.2,11783.335335,0.18832,0.18858,0.18831,0.18842,0.18853,0.18873,0.18845,0.1886,-0.00086063,-0.00025449,-0.00069509,-0.00069509,-0.00017999999999998573,-0.000954400848356234
1771408500000,2026-02-18T09:55:00Z,0.18842,0.18843,0.18818,0.18836,35657.4,6712.200629,0.18842,0.18844,0.18821,0.18836,0.1886,0.18864,0.18845,0.18852,-0.00069509,-0.0002731,-0.00059288,-0.0002731,-0.00015999999999999348,-0.0008487163165711516
1771408800000,2026-02-18T10:00:00Z,0.18836,0.18851,0.1883,0.18851,14883.2,2803.703033,0.18836,0.18851,0.18833,0.18851,0.18852,0.1887,0.1885,0.1887,-0.0002731,-0.00044571,-0.00045966,-0.00044571,-0.00018999999999999573,-0.0010068892421833371
1771409100000,2026-02-18T10:05:00Z,0.18851,0.18855,0.18837,0.18854,25221.5,4753.157721,0.18851,0.18856,0.18839,0.18854,0.1887,0.1887,0.18855,0.18868,-0.00044571,-0.00019478,-0.0002361,-0.00019478,-0.00013999999999997348,-0.0007419970320117315
1771409400000,2026-02-18T10:10:00Z,0.18854,0.18893,0.18854,0.18873,39648.3,7485.669874,0.18854,0.18894,0.18854,0.18876,0.18868,0.18903,0.18868,0.18891,-0.00019478,0,-0.000304,-0.000304,-0.00017999999999998573,-0.0009528346831823923
1771409700000,2026-02-18T10:15:00Z,0.18873,0.18874,0.18836,0.18836,26195.1,4939.239914,0.18876,0.18876,0.18841,0.18841,0.18891,0.18891,0.18853,0.18853,-0.000304,-0.00001642,-0.00025777,-0.00001642,-0.00017000000000000348,-0.0009017132551848697
1771410000000,2026-02-18T10:20:00Z,0.18836,0.1886,0.18836,0.18851,50476.8,9514.45335,0.18841,0.18858,0.1884,0.18851,0.18853,0.18865,0.18853,0.1886,-0.00001642,-0.00001076,-0.00025666,-0.00001076,-8.999999999997899e-05,-0.00047720042417804344
1771410300000,2026-02-18T10:25:00Z,0.18851,0.18853,0.18828,0.18848,51342.1,9672.665489,0.18851,0.18853,0.1884,0.18849,0.1886,0.18865,0.18853,0.18863,-0.00001076,-0.00023568,-0.0003704,-0.00023568,-0.00014999999999998348,-0.0007952075491702459
1771410600000,2026-02-18T10:30:00Z,0.18848,0.18848,0.18775,0.18787,118432.3,22264.167365,0.18849,0.18849,0.18782,0.18787,0.18863,0.18863,0.1879,0.18791,-0.00023568,0,-0.00033814,0,-3.999999999998449e-05,-0.00021286786227441059
1771410900000,2026-02-18T10:35:00Z,0.18787,0.18797,0.18784,0.18788,34201.3,6426.675039,0.18787,0.18802,0.18784,0.18793,0.18791,0.18812,0.18791,0.18805,0,0,-0.00015744,0,-0.00017000000000000348,-0.0009040148896570247
1771411200000,2026-02-18T10:40:00Z,0.18788,0.18804,0.18732,0.18746,582947.3,109309.446239,0.18793,0.18808,0.18742,0.18746,0.18805,0.1882,0.18757,0.18762,0,-0.00057673,-0.00078201,-0.00057673,-0.00016000000000002124,-0.0008527875493018934
1771411500000,2026-02-18T10:45:00Z,0.18746,0.18769,0.18733,0.18752,123225.3,23105.91934,0.18746,0.18769,0.18739,0.18763,0.18762,0.18777,0.18751,0.18773,-0.00057673,-0.00017318,-0.00026947,-0.00026947,-0.00021000000000001573,-0.0011186278165451217
1771411800000,2026-02-18T10:50:00Z,0.18752,0.18774,0.18737,0.18749,94201.1,17673.881357,0.18763,0.18774,0.18739,0.18755,0.18773,0.18781,0.18745,0.18765,-0.00026947,0,-0.00045264,-0.00045264,-0.00016000000000002124,-0.0008526512123635557
1771412100000,2026-02-18T10:55:00Z,0.18749,0.18751,0.18731,0.18742,117011.7,21929.710187,0.18755,0.18757,0.18731,0.18742,0.18765,0.18767,0.18745,0.18754,-0.00045264,-0.00024058,-0.00035838,-0.00024058,-0.00012000000000000899,-0.0006398634957876132
1771412400000,2026-02-18T11:00:00Z,0.18742,0.18761,0.18734,0.18746,374540.7,70231.009164,0.18742,0.1876,0.18737,0.18746,0.18754,0.18764,0.18748,0.18756,-0.00024058,-0.00022327,-0.00048418,-0.00048418,-0.00010000000000001674,-0.0005331627212626185
1771412700000,2026-02-18T11:05:00Z,0.18746,0.18749,0.1856,0.18572,562031.8,104801.920192,0.18746,0.18749,0.18566,0.18574,0.18756,0.18761,0.18581,0.1859,-0.00048418,-0.0002685,-0.00064282,-0.00064282,-0.00018000000000001348,-0.0009682625067241176
1771413000000,2026-02-18T11:10:00Z,0.18572,0.18647,0.18522,0.18631,857304.3,159284.919795,0.18574,0.18646,0.18539,0.18641,0.1859,0.18647,0.18554,0.18647,-0.00064282,0,-0.00025293,0,-0.00015999999999999348,-0.000858046870810283
1771413300000,2026-02-18T11:15:00Z,0.18631,0.18662,0.18621,0.18649,144846.2,27001.427199,0.18641,0.18658,0.1863,0.18649,0.18647,0.18663,0.18638,0.18651,0,0,-0.00029959,-0.00029959,-2.0000000000020002e-05,-0.00010723285614723071
1771413600000,2026-02-18T11:20:00Z,0.18649,0.18661,0.1863,0.18645,73902.8,13779.816121,0.18649,0.18659,0.18637,0.18645,0.18651,0.1866,0.1864,0.18647,-0.00029959,0,0,0,-1.9999999999992246e-05,-0.00010725585885124817
1771413900000,2026-02-18T11:25:00Z,0.18645,0.18684,0.1864,0.18674,205679.2,38378.189155,0.18645,0.18684,0.18645,0.18674,0.18647,0.18689,0.18647,0.1868,0,0,-0.00017215,0,-6.0000000000004494e-05,-0.0003211991434689748
1771414200000,2026-02-18T11:30:00Z,0.18674,0.18695,0.1866,0.18688,125611.1,23465.966106,0.18674,0.18695,0.18664,0.18688,0.1868,0.18701,0.18669,0.18691,0,-0.00032458,-0.00036884,-0.00032458,-3.0000000000002247e-05,-0.00016050505590927316
1771414500000,2026-02-18T11:35:00Z,0.18688,0.18706,0.18667,0.1869,274343.1,51259.699305,0.18688,0.18706,0.18673,0.18691,0.18691,0.1871,0.18687,0.18704,-0.00032458,-0.00014996,-0.0002354,-0.0002354,-0.00014000000000000123,-0.0007485029940119826
1771414800000,2026-02-18T11:40:00Z,0.1869,0.18714,0.18684,0.18707,91091.5,17032.168574,0.18691,0.18712,0.18688,0.18707,0.18704,0.18713,0.187,0.18711,-0.0002354,-0.00007186,-0.00031864,-0.00007186,-4.000000000001225e-05,-0.0002137779915558348
1771415100000,2026-02-18T11:45:00Z,0.18707,0.18737,0.18667,0.18688,166629.3,31159.376367,0.18707,0.18735,0.18673,0.18689,0.18711,0.1874,0.18685,0.187,-0.00007186,0,-0.00027499,0,-0.00012000000000000899,-0.0006417112299465721
1771415400000,2026-02-18T11:50:00Z,0.18688,0.18691,0.18679,0.18683,25573.6,4778.37807,0.18689,0.18691,0.1868,0.18687,0.187,0.18701,0.18691,0.18696,0,0,0,0,-0.00012999999999999123,-0.0006953359007273815
1771415700000,2026-02-18T11:55:00Z,0.18683,0.18683,0.18633,0.18645,126094.8,23510.685888,0.18687,0.18687,0.18636,0.18645,0.18696,0.18696,0.18654,0.18661,0,-0.00011589,-0.00070263,-0.00011589,-0.00015999999999999348,-0.0008574031402389662
1771416000000,2026-02-18T12:00:00Z,0.18645,0.1867,0.18632,0.18655,89657.9,16721.706024,0.18645,0.1867,0.18636,0.18655,0.18661,0.18682,0.18652,0.18668,-0.00011589,-0.00026147,-0.00035444,-0.00026147,-0.000130000000000019,-0.0006963788300836672
1771416300000,2026-02-18T12:05:00Z,0.18655,0.18684,0.1863,0.18635,173803,32442.785474,0.18655,0.18684,0.18635,0.18635,0.18668,0.18696,0.18654,0.18654,-0.00026147,-0.00009563,-0.00047763,-0.00009563,-0.00019000000000002348,-0.001018548300632698
1771416600000,2026-02-18T12:10:00Z,0.18635,0.18666,0.18622,0.18636,61920.3,11547.94567,0.18635,0.18666,0.1863,0.18636,0.18654,0.18677,0.1865,0.18654,-0.00009563,-0.00071052,-0.00074497,-0.00074497,-0.00018000000000001348,-0.0009649404953361931
1771416900000,2026-02-18T12:15:00Z,0.18636,0.18649,0.1862,0.18627,72616.9,13528.888781,0.18636,0.18649,0.18623,0.18627,0.18654,0.18664,0.18643,0.18647,-0.00074497,-0.00063126,-0.00094359,-0.00063126,-0.00020000000000000573,-0.0010725585885129282
1771417200000,2026-02-18T12:20:00Z,0.18627,0.18641,0.18602,0.18617,85708.4,15957.228901,0.18627,0.18641,0.18606,0.18617,0.18647,0.18655,0.18626,0.18631,-0.00063126,-0.00040898,-0.00050305,-0.00040898,-0.00014000000000000123,-0.0007514357790778875
1771417500000,2026-02-18T12:25:00Z,0.18617,0.18645,0.18617,0.18639,26694.9,4974.925556,0.18617,0.18648,0.18617,0.18644,0.18631,0.18666,0.18631,0.18662,-0.00040898,-0.00018494,-0.00057717,-0.00057717,-0.00023000000000000798,-0.0012324509698853712
1771417800000,2026-02-18T12:30:00Z,0.18639,0.18645,0.18505,0.1852,434081.6,80519.688761,0.18644,0.18645,0.18517,0.1852,0.18662,0.18662,0.18535,0.18536,-0.00057717,-0.00011414,-0.0004879,-0.0004879,-0.00015999999999999348,-0.0008631851532153296
1771418100000,2026-02-18T12:35:00Z,0.1852,0.18554,0.18499,0.18545,149923.6,27780.358115,0.1852,0.18554,0.18506,0.18548,0.18536,0.18566,0.18524,0.18566,-0.0004879,-0.00039036,-0.00063194,-0.00039036,-0.00020999999999998797,-0.0011310998599590003
1771418400000,2026-02-18T12:40:00Z,0.18545,0.1861,0.18544,0.18602,93055.4,17289.262187,0.18548,0.1861,0.18544,0.18602,0.18566,0.18619,0.18561,0.18613,-0.00039036,-0.00032395,-0.00036951,-0.00036951,-0.00010999999999999899,-0.0005909847955729812
1771418700000,2026-02-18T12:45:00Z,0.18602,0.18626,0.18598,0.18622,48957.5,9113.453069,0.18602,0.18625,0.18598,0.18622,0.18613,0.18632,0.18612,0.18626,-0.00036951,-0.00009817,-0.00011635,-0.00011635,-4.000000000001225e-05,-0.00021475357027817162
1771419000000,2026-02-18T12:50:00Z,0.18622,0.18629,0.18605,0.18611,36882.1,6866.968549,0.18622,0.1863,0.18606,0.18624,0.18626,0.1864,0.18617,0.18634,-0.00011635,0,-0.00023294,-0.00023294,-0.00023000000000000798,-0.001234302887195492
1771419300000,2026-02-18T12:55:00Z,0.18611,0.18611,0.18556,0.18566,106117.6,19717.013026,0.18624,0.18624,0.18561,0.18566,0.18634,0.18634,0.1858,0.1858,-0.00023294,-0.00053733,-0.0006225,-0.0006225,-0.00014000000000000123,-0.0007534983853606094
1771419600000,2026-02-18T13:00:00Z,0.18566,0.18602,0.18522,0.18522,88502.2,16433.938965,0.18566,0.18602,0.18526,0.18526,0.1858,0.1861,0.18545,0.18545,-0.0006225,-0.00036973,-0.00058777,-0.00036973,-0.00023000000000000798,-0.001240226476139164
1771419900000,2026-02-18T13:05:00Z,0.18522,0.18551,0.18483,0.18542,285824.5,52913.945346,0.18526,0.18551,0.185,0.18543,0.18545,0.18565,0.18522,0.18563,-0.00036973,-0.00020754,-0.00080067,-0.00020754,-0.00020999999999998797,-0.0011312826590528901
1771420200000,2026-02-18T13:10:00Z,0.18542,0.18565,0.18526,0.18552,62743.6,11637.077458,0.18543,0.18565,0.1853,0.18559,0.18563,0.18582,0.18554,0.18577,-0.00020754,-0.00037463,-0.00039288,-0.00039288,-0.0002500000000000002,-0.0013457501211175122
1771420500000,2026-02-18T13:15:00Z,0.18552,0.1858,0.18531,0.18531,50810.6,9428.16331,0.18559,0.1858,0.18537,0.18538,0.18577,0.18593,0.18562,0.18563,-0.00039288,-0.00052249,-0.00139295,-0.00139295,-0.00031999999999998696,-0.0017238592899853848
1771420800000,2026-02-18T13:20:00Z,0.18531,0.18531,0.18492,0.18513,99123.1,18349.195806,0.18538,0.18538,0.18499,0.1852,0.18563,0.18563,0.18525,0.18544,-0.00139295,-0.00072027,-0.00087381,-0.00087381,-0.0003100000000000047,-0.0016716997411561946
1771421100000,2026-02-18T13:25:00Z,0.18513,0.18573,0.18513,0.18557,58159.9,10790.560288,0.1852,0.18573,0.1852,0.18557,0.18544,0.18582,0.18542,0.18575,-0.00087381,-0.00031197,-0.00063943,-0.00031197,-0.00017999999999998573,-0.0009690444145355894
1771421400000,2026-02-18T13:30:00Z,0.18557,0.18559,0.18488,0.18517,193851.3,35897.903184,0.18557,0.18557,0.18492,0.18517,0.18575,0.18575,0.18515,0.18533,-0.00031197,-0.0005698,-0.00091893,-0.0005698,-0.00015999999999999348,-0.0008633248799438487
1771421700000,2026-02-18T13:35:00Z,0.18517,0.18531,0.18496,0.18496,71786.4,13295.957603,0.18517,0.18531,0.18496,0.18496,0.18533,0.18548,0.18522,0.18522,-0.0005698,-0.00039487,-0.0007194,-0.0007194,-0.00025999999999998247,-0.001403736097613554
1771422000000,2026-02-18T13:40:00Z,0.18496,0.18496,0.18424,0.18442,330277.4,60944.290841,0.18496,0.18498,0.18433,0.18442,0.18522,0.18524,0.18452,0.18456,-0.0007194,-0.0003085,-0.00085226,-0.00085226,-0.00014000000000000123,-0.0007585609016038211
1771422300000,2026-02-18T13:45:00Z,0.18442,0.1846,0.18355,0.18377,725998.2,133447.571147,0.18442,0.1846,0.18358,0.1838,0.18456,0.18472,0.18382,0.18401,-0.00085226,-0.00052796,-0.0006816,-0.0006816,-0.00024000000000001798,-0.00130427694147067
1771422600000,2026-02-18T13:50:00Z,0.18377,0.18404,0.18355,0.18359,229724.6,42208.192159,0.1838,0.18404,0.18359,0.18359,0.18401,0.18418,0.18382,0.18382,-0.0006816,-0.00051124,-0.0009022,-0.0009022,-0.00023000000000000798,-0.0012512240235012944
1771422900000,2026-02-18T13:55:00Z,0.18359,0.18426,0.1833,0.18412,326383.7,60006.76487,0.18359,0.18425,0.18339,0.18412,0.18382,0.18432,0.18358,0.18428,-0.0009022,-0.0004085,-0.00052545,-0.00052545,-0.00015999999999999348,-0.0008682439765573773
1771423200000,2026-02-18T14:00:00Z,0.18412,0.18439,0.18396,0.18408,123096.7,22671.002053,0.18412,0.18439,0.18398,0.18408,0.18428,0.18445,0.18415,0.18421,-0.00052545,-0.00030568,-0.0006836,-0.0006836,-0.000130000000000019,-0.0007057163020466803
1771423500000,2026-02-18T14:05:00Z,0.18408,0.18439,0.18369,0.18432,77395.1,14257.48459,0.18408,0.18435,0.18374,0.18432,0.18421,0.1844,0.18393,0.18435,-0.0006836,-0.00010086,-0.00020666,-0.00010086,-3.0000000000002247e-05,-0.00016273393002442228
1771423800000,2026-02-18T14:10:00Z,0.18432,0.18441,0.18398,0.18438,180489.9,33249.850228,0.18432,0.18438,0.18402,0.18438,0.18435,0.18449,0.18419,0.18443,-0.00010086,0,-0.00085391,0,-5.000000000002225e-05,-0.00027110556850849777
1771424100000,2026-02-18T14:15:00Z,0.18438,0.18445,0.18368,0.18402,98968.2,18211.779265,0.18438,0.18445,0.18375,0.18402,0.18443,0.18451,0.18391,0.18415,0,-0.00007277,-0.00046099,-0.00046099,-0.000130000000000019,-0.000705946239478789
1771424400000,2026-02-18T14:20:00Z,0.18402,0.18414,0.18388,0.18407,34338.8,6318.943437,0.18402,0.18411,0.18394,0.18411,0.18415,0.18424,0.18409,0.18423,-0.00046099,-0.00025154,-0.00039473,-0.00025154,-0.00015999999999999348,-0.0008684796178689327
1771424700000,2026-02-18T14:25:00Z,0.18407,0.18418,0.18326,0.18326,187780.3,34448.933448,0.18411,0.18418,0.18334,0.18334,0.18423,0.1843,0.18358,0.18358,-0.00025154,-0.0004265,-0.00093555,-0.00093555,-0.00031999999999998696,-0.001743109271162365
1771425000000,2026-02-18T14:30:00Z,0.18326,0.18468,0.18313,0.18404,581480.7,106816.226179,0.18334,0.18468,0.18323,0.18417,0.18358,0.18477,0.18346,0.18437,-0.00093555,-0.00066688,-0.00111664,-0.00111664,-0.00032999999999999696,-0.001789879047567375
1771425300000,2026-02-18T14:35:00Z,0.18404,0.18491,0.18387,0.18432,176557.7,32532.866032,0.18417,0.18493,0.18393,0.18432,0.18437,0.18509,0.1841,0.18441,-0.00111664,0,-0.00089831,-0.00089831,-8.999999999997899e-05,-0.00048804294777929065
1771425600000,2026-02-18T14:40:00Z,0.18432,0.18458,0.18365,0.18397,380139.8,69920.274095,0.18432,0.18458,0.18374,0.18392,0.18441,0.1847,0.18393,0.18408,-0.00089831,-0.00045477,-0.00049549,-0.00045477,-0.00010999999999999899,-0.0005975662755323718
1771425900000,2026-02-18T14:45:00Z,0.18397,0.18466,0.18267,0.18313,773762.1,141711.005147,0.18392,0.18466,0.18278,0.18313,0.18408,0.18473,0.18303,0.18324,-0.00045477,-0.000524,-0.00062147,-0.000524,-0.00010999999999999899,-0.0006003056101287873
1771426200000,2026-02-18T14:50:00Z,0.18313,0.18498,0.18313,0.18491,305104.7,56101.519611,0.18313,0.18498,0.18313,0.18491,0.18324,0.18508,0.18324,0.18508,-0.000524,-0.00067393,-0.00070345,-0.00067393,-0.00017000000000000348,-0.0009185217203371704
1771426500000,2026-02-18T14:55:00Z,0.18491,0.18498,0.18455,0.18468,70824.5,13086.400537,0.18491,0.18498,0.18459,0.18468,0.18508,0.18511,0.18481,0.18491,-0.00067393,-0.00076796,-0.0008233,-0.0008233,-0.00022999999999998022,-0.0012438483586608633
1771426800000,2026-02-18T15:00:00Z,0.18468,0.18582,0.18455,0.18577,566520.2,105000.402932,0.18468,0.18582,0.18459,0.18577,0.18491,0.18593,0.18481,0.18586,-0.0008233,-0.00008407,-0.00075549,-0.00008407,-9.000000000000674e-05,-0.00048423544603468603
1771427100000,2026-02-18T15:05:00Z,0.18577,0.18622,0.18542,0.18582,443185.7,82359.991252,0.18577,0.18615,0.18548,0.18582,0.18586,0.18624,0.18571,0.18595,-0.00008407,-0.00131701,-0.00150699,-0.00131701,-0.00012999999999999123,-0.0006991126646947633
1771427400000,2026-02-18T15:10:00Z,0.18582,0.18586,0.18549,0.18566,55927.9,10381.256886,0.18582,0.18586,0.1856,0.18566,0.18595,0.18601,0.18578,0.18586,-0.00131701,-0.00055365,-0.00120122,-0.00055365,-0.00020000000000000573,-0.0010760787689659192
1771427700000,2026-02-18T15:15:00Z,0.18566,0.18614,0.18561,0.18577,131134.7,24377.090601,0.18566,0.18614,0.18565,0.18577,0.18586,0.18627,0.18582,0.18587,-0.00055365,-0.00024494,-0.00062743,-0.00062743,-0.00010000000000001674,-0.0005380104374025756
1771428000000,2026-02-18T15:20:00Z,0.18577,0.18637,0.18577,0.18583,394535.8,73453.716117,0.18577,0.18636,0.18577,0.1859,0.18587,0.18647,0.18587,0.18608,-0.00062743,-0.00007892,-0.00077124,-0.00077124,-0.0002500000000000002,-0.001343508168529666
1771428300000,2026-02-18T15:25:00Z,0.18583,0.18612,0.18562,0.18606,88869,16523.310803,0.1859,0.18612,0.1857,0.18606,0.18608,0.18627,0.18591,0.18619,-0.00077124,-0.00038478,-0.00058627,-0.00058627,-0.00012999999999999123,-0.000698211504377202
1771428600000,2026-02-18T15:30:00Z,0.18606,0.18628,0.18589,0.18607,206076.2,38353.848951,0.18606,0.18628,0.1859,0.18609,0.18619,0.18638,0.18606,0.18626,-0.00058627,-0.00041037,-0.00051565,-0.00051565,-0.00018999999999999573,-0.0010200794588209798
1771428900000,2026-02-18T15:35:00Z,0.18607,0.18819,0.18607,0.18816,866400.4,162314.772415,0.18609,0.18818,0.18609,0.18814,0.18626,0.18836,0.18626,0.18832,-0.00051565,-0.00064905,-0.00085313,-0.00064905,-0.00015999999999999348,-0.000849617672047544
1771429200000,2026-02-18T15:40:00Z,0.18816,0.18873,0.18778,0.18795,236845.6,44607.434226,0.18814,0.18873,0.18779,0.18794,0.18832,0.18883,0.18808,0.18815,-0.00064905,-0.00081364,-0.00126188,-0.00081364,-0.00020000000000000573,-0.0010629816635663338
1771429500000,2026-02-18T15:45:00Z,0.18795,0.18799,0.1873,0.1873,115638.9,21704.812854,0.18794,0.18799,0.18734,0.18734,0.18815,0.18818,0.18754,0.18754,-0.00081364,-0.00035128,-0.00043038,-0.00043038,-0.00024000000000001798,-0.0012797269915752264
1771429800000,2026-02-18T15:50:00Z,0.1873,0.18744,0.1868,0.18698,178465.2,33395.221939,0.18734,0.18744,0.18685,0.18698,0.18754,0.1876,0.1871,0.18712,-0.00043038,-0.00083492,-0.00100881,-0.00100881,-0.00014000000000000123,-0.0007481829841812806
1771430100000,2026-02-18T15:55:00Z,0.18698,0.18709,0.18618,0.18647,283022.2,52783.521382,0.18698,0.18709,0.18624,0.18647,0.18712,0.18712,0.18645,0.18668,-0.00100881,-0.00059447,-0.00100994,-0.00059447,-0.00021000000000001573,-0.001124919648596613
1771430400000,2026-02-18T16:00:00Z,0.18647,0.18667,0.18512,0.18571,986025,183119.122687,0.18647,0.18667,0.18522,0.18571,0.18668,0.18684,0.18545,0.18585,-0.00059447,-0.00069438,-0.00147688,-0.00147688,-0.00014000000000000123,-0.0007532956685499126
1771430700000,2026-02-18T16:05:00Z,0.18571,0.18571,0.1846,0.18472,429279.4,79423.390757,0.18571,0.18571,0.18466,0.18472,0.18585,0.18591,0.18484,0.18485,-0.00147688,-0.00040926,-0.00119906,-0.00119906,-0.00012999999999999123,-0.0007032729239923789
1771431000000,2026-02-18T16:10:00Z,0.18472,0.18504,0.18444,0.18463,236091.7,43599.733641,0.18472,0.185,0.18455,0.18467,0.18485,0.18512,0.18473,0.18482,-0.00119906,-0.00036797,-0.00045011,-0.00045011,-0.00019000000000002348,-0.0010280272697761252
1771431300000,2026-02-18T16:15:00Z,0.18463,0.18486,0.18437,0.18465,194141.9,35836.086288,0.18467,0.18486,0.18447,0.18473,0.18482,0.18499,0.18464,0.18489,-0.00045011,-0.00002555,-0.00098825,-0.00002555,-0.00023999999999999022,-0.0012980691221807033
1771431600000,2026-02-18T16:20:00Z,0.18465,0.18496,0.18437,0.18457,125901.9,23260.467951,0.18473,0.18496,0.18448,0.18457,0.18489,0.18513,0.18466,0.18477,-0.00002555,-0.00068184,-0.00086111,-0.00086111,-0.00019999999999997797,-0.0010824268008874708
1771431900000,2026-02-18T16:25:00Z,0.18457,0.18508,0.1845,0.18484,74582.2,13782.564074,0.18457,0.18508,0.18454,0.18484,0.18477,0.18519,0.18471,0.18497,-0.00086111,-0.00003137,-0.00063647,-0.00003137,-0.00012999999999999123,-0.0007028166729739484
1771432200000,2026-02-18T16:30:00Z,0.18484,0.18502,0.18405,0.18405,119694.8,22108.978209,0.18484,0.18503,0.18411,0.18411,0.18497,0.1852,0.18436,0.18436,-0.00003137,-0.00059077,-0.00078148,-0.00059077,-0.0003100000000000047,-0.001681492731612089
1771432500000,2026-02-18T16:35:00Z,0.18405,0.18454,0.18394,0.18442,127515.6,23493.429777,0.18411,0.18454,0.18403,0.18442,0.18436,0.18472,0.18426,0.18456,-0.00059077,-0.00071509,-0.00127508,-0.00071509,-0.00014000000000000123,-0.0007585609016038211
1771432800000,2026-02-18T16:40:00Z,0.18442,0.18467,0.18438,0.18451,134132.3,24742.911402,0.18442,0.18467,0.18438,0.18452,0.18456,0.18483,0.18456,0.1847,-0.00071509,-0.00038722,-0.00063824,-0.00063824,-0.00018999999999999573,-0.00102869518137518
1771433100000,2026-02-18T16:45:00Z,0.18451,0.1846,0.18403,0.18411,81161.1,14958.905197,0.18452,0.1846,0.18408,0.18411,0.1847,0.18471,0.18426,0.18426,-0.00063824,-0.00061848,-0.0010471,-0.0010471,-0.00015000000000001124,-0.000814067079127381
1771433400000,2026-02-18T16:50:00Z,0.18411,0.18414,0.1836,0.184,186001.4,34191.018122,0.18411,0.18414,0.1836,0.184,0.18426,0.18434,0.18385,0.18414,-0.0010471,-0.00059076,-0.0012747,-0.00059076,-0.00014000000000000123,-0.0007602910828717347
1771433700000,2026-02-18T16:55:00Z,0.184,0.1841,0.18379,0.1841,28510.1,5245.450665,0.184,0.1841,0.18384,0.1841,0.18414,0.18427,0.18401,0.18425,-0.00059076,-0.0002264,-0.00072829,-0.0002264,-0.00014999999999998348,-0.0008141112618723663
1771434000000,2026-02-18T17:00:00Z,0.1841,0.18486,0.18401,0.18476,163551.9,30173.740743,0.1841,0.18488,0.18408,0.18484,0.18425,0.18496,0.18425,0.18494,-0.0002264,-0.00034381,-0.00046862,-0.00034381,-0.00017999999999998573,-0.0009732886341515397
1771434300000,2026-02-18T17:05:00Z,0.18476,0.18579,0.18475,0.18532,392535.8,72767.185471,0.18484,0.18579,0.18484,0.18532,0.18494,0.18584,0.18494,0.18552,-0.00034381,-0.00035002,-0.00052911,-0.00052911,-0.00019999999999997797,-0.0010780508840016062
1771434600000,2026-02-18T17:10:00Z,0.18532,0.1855,0.1723,0.1774,43887638.9,7875095.679049,0.18532,0.1855,0.17541,0.17742,0.18552,0.18558,0.1751,0.17781,-0.00052911,-0.00104918,-0.00291438,-0.00104918,-0.0004099999999999937,-0.002305832067937651
1771434900000,2026-02-18T17:15:00Z,0.1774,0.18123,0.17693,0.17809,16714399.4,2985234.837465,0.17742,0.18082,0.17706,0.17815,0.17781,0.18096,0.17743,0.17849,-0.00104918,-0.00045968,-0.00150235,-0.00150235,-0.00040000000000001146,-0.0022410219059891953
1771435200000,2026-02-18T17:20:00Z,0.17809,0.17907,0.17641,0.17805,7443489.8,1325259.900462,0.17815,0.17904,0.17694,0.17807,0.17849,0.17942,0.17717,0.1783,-0.00150235,-0.00199286,-0.00218605,-0.00199286,-0.00024999999999997247,-0.0014021312394838614
1771435500000,2026-02-18T17:25:00Z,0.17805,0.17805,0.17632,0.17748,4694115.9,831546.653659,0.17807,0.17807,0.17667,0.17755,0.1783,0.1783,0.17701,0.1779,-0.00199286,-0.00069706,-0.00097548,-0.00097548,-0.0004200000000000037,-0.002360876897133242
1771435800000,2026-02-18T17:30:00Z,0.17748,0.17897,0.17732,0.17895,2078642.4,370404.648472,0.17755,0.17892,0.17737,0.17892,0.1779,0.17919,0.17773,0.17919,-0.00097548,-0.00115991,-0.00123609,-0.00123609,-0.00023999999999999022,-0.0013393604553825003
1771436100000,2026-02-18T17:35:00Z,0.17895,0.1793,0.17832,0.17861,1543454.7,276123.202041,0.17892,0.1793,0.17835,0.17861,0.17919,0.17957,0.17871,0.17892,-0.00123609,-0.00146862,-0.00160015,-0.00160015,-0.0003100000000000047,-0.0017326179298010548
1771436400000,2026-02-18T17:40:00Z,0.17861,0.17868,0.1778,0.17786,661804,117973.54044,0.17861,0.17865,0.17785,0.17786,0.17892,0.17899,0.17829,0.17831,-0.00160015,-0.00193052,-0.0019871,-0.0019871,-0.00045000000000000595,-0.0025236946890247656
1771436700000,2026-02-18T17:45:00Z,0.17786,0.17824,0.1776,0.17795,945360.4,168183.035001,0.17786,0.17823,0.17765,0.17796,0.17831,0.17863,0.17807,0.17841,-0.0019871,-0.00194904,-0.00222703,-0.00222703,-0.00046000000000001595,-0.002578330811053281
1771437000000,2026-02-18T17:50:00Z,0.17795,0.17841,0.17761,0.17772,1319561.4,234972.736986,0.17796,0.17837,0.17783,0.17792,0.17841,0.17867,0.17816,0.17826,-0.00222703,-0.00141453,-0.0015193,-0.00141453,-0.0005400000000000127,-0.003029283069673582
1771437300000,2026-02-18T17:55:00Z,0.17772,0.17857,0.17768,0.17821,403292.3,71814.11914,0.17792,0.17848,0.1778,0.17824,0.17826,0.17888,0.17815,0.17867,-0.00141453,-0.00207913,-0.00222436,-0.00222436,-0.0004599999999999882,-0.0025745788324844027
1771437600000,2026-02-18T18:00:00Z,0.17821,0.1783,0.17799,0.17817,792080.6,141115.987832,0.17824,0.1783,0.17805,0.17817,0.17867,0.17872,0.17845,0.17857,-0.00222436,-0.00163314,-0.00167622,-0.00163314,-0.00040000000000001146,-0.0022400179201434254
1771437900000,2026-02-18T18:05:00Z,0.17817,0.17862,0.17817,0.17846,596586.4,106424.519106,0.17817,0.17861,0.17817,0.17846,0.17857,0.17897,0.17857,0.17884,-0.00163314,-0.00160466,-0.00167491,-0.00160466,-0.00037999999999999146,-0.002124804294341263
1771438200000,2026-02-18T18:10:00Z,0.17846,0.17869,0.17824,0.17866,588908.9,105087.705131,0.17846,0.17866,0.1783,0.17866,0.17884,0.17896,0.17864,0.17893,-0.00160466,-0.00115136,-0.00119232,-0.00115136,-0.00026999999999999247,-0.0015089699882635246
1771438500000,2026-02-18T18:15:00Z,0.17866,0.17878,0.17695,0.17707,891673.4,158405.712561,0.17866,0.17876,0.17702,0.1771,0.17893,0.17898,0.17736,0.17744,-0.00115136,-0.00087172,-0.00171744,-0.00171744,-0.00036999999999998145,-0.002085211902614864
1771438800000,2026-02-18T18:20:00Z,0.17707,0.17795,0.1765,0.17734,1960922.6,347418.462196,0.1771,0.17789,0.17662,0.17736,0.17744,0.17811,0.17688,0.17761,-0.00171744,-0.0003643,-0.00129492,-0.00129492,-0.00026999999999999247,-0.0015201846742863155
1771439100000,2026-02-18T18:25:00Z,0.17734,0.17788,0.17722,0.1776,469998.6,83487.191092,0.17736,0.17787,0.17732,0.17763,0.17761,0.17808,0.17756,0.1779,-0.00129492,-0.00086703,-0.00112309,-0.00112309,-0.0002999999999999947,-0.0016863406408094137
1771439400000,2026-02-18T18:30:00Z,0.1776,0.1776,0.1764,0.17679,1066026.2,188439.177717,0.17763,0.17763,0.17644,0.17681,0.1779,0.1779,0.17669,0.17707,-0.00112309,-0.00082938,-0.0010995,-0.00082938,-0.00028000000000000247,-0.0015812955328401337
1771439700000,2026-02-18T18:35:00Z,0.17679,0.17737,0.176,0.1762,1214030,214266.685555,0.17681,0.17736,0.17618,0.1762,0.17707,0.17746,0.17639,0.17643,-0.00082938,-0.00108927,-0.00117735,-0.00117735,-0.00023000000000000798,-0.0013036331689622398
1771440000000,2026-02-18T18:40:00Z,0.1762,0.1762,0.17441,0.17447,2664200.6,466797.86445,0.1762,0.1762,0.1745,0.1745,0.17643,0.17643,0.17471,0.17471,-0.00117735,-0.00037802,-0.0010633,-0.00037802,-0.00024000000000001798,-0.001373704996852029
1771440300000,2026-02-18T18:45:00Z,0.17447,0.17539,0.17434,0.17526,820670.8,143501.245484,0.1745,0.17539,0.17446,0.17526,0.17471,0.17552,0.17453,0.17539,-0.00037802,-0.00015494,-0.00084185,-0.00015494,-0.00012999999999999123,-0.0007412053138718925
1771440600000,2026-02-18T18:50:00Z,0.17526,0.17541,0.17454,0.17521,1025428.4,179478.805788,0.17526,0.17541,0.17458,0.17521,0.17539,0.17547,0.17479,0.17539,-0.00015494,-0.00051221,-0.00072617,-0.00072617,-0.00017999999999998573,-0.0010262842807456853
1771440900000,2026-02-18T18:55:00Z,0.17521,0.17551,0.17467,0.17472,346169.4,60655.351033,0.17521,0.17551,0.17473,0.17475,0.17539,0.17566,0.17496,0.17499,-0.00072617,-0.00060324,-0.00099652,-0.00060324,-0.0002700000000000202,-0.0015429453111607532
1771441200000,2026-02-18T19:00:00Z,0.17472,0.1758,0.17429,0.17534,1400491.9,245322.554234,0.17475,0.17562,0.17439,0.17534,0.17499,0.17579,0.17458,0.1755,-0.00060324,-0.00038036,-0.00085896,-0.00038036,-0.00015999999999999348,-0.0009116809116808746
1771441500000,2026-02-18T19:05:00Z,0.17534,0.17543,0.17488,0.17492,309539.6,54238.861039,0.17534,0.17543,0.17495,0.17495,0.1755,0.17551,0.17515,0.17515,-0.00038036,-0.0002335,-0.0007388,-0.0002335,-0.00023000000000000798,-0.0013131601484442361
1771441800000,2026-02-18T19:10:00Z,0.17492,0.17543,0.17429,0.17446,273233.3,47794.331091,0.17495,0.1754,0.17439,0.17446,0.17515,0.1756,0.17462,0.17465,-0.0002335,-0.00050456,-0.00057649,-0.00057649,-0.00018999999999999573,-0.0010878900658459533
1771442100000,2026-02-18T19:15:00Z,0.17446,0.17449,0.17376,0.17432,844151,147044.024435,0.17446,0.17448,0.17387,0.17434,0.17465,0.17471,0.17398,0.17451,-0.00057649,-0.00000693,-0.00083103,-0.00000693,-0.00018999999999999573,-0.0010887628216147828
1771442400000,2026-02-18T19:20:00Z,0.17432,0.17481,0.17404,0.17412,418631.7,72989.362007,0.17434,0.17482,0.17408,0.17413,0.17451,0.17497,0.17433,0.17438,-0.00000693,-0.00084422,-0.00087253,-0.00084422,-0.0002600000000000102,-0.001490996673930555
1771442700000,2026-02-18T19:25:00Z,0.17412,0.17414,0.1735,0.17407,872970.6,151723.169816,0.17413,0.17414,0.17364,0.17407,0.17438,0.17438,0.1738,0.17423,-0.00084422,-0.00003918,-0.00057895,-0.00003918,-0.00015999999999999348,-0.0009183263502266744
1771443000000,2026-02-18T19:30:00Z,0.17407,0.17417,0.17245,0.17268,1431545.4,247642.061862,0.17407,0.17416,0.17251,0.17268,0.17423,0.17429,0.17269,0.17273,-0.00003918,-0.0008533,-0.00105336,-0.0008533,-4.999999999999449e-05,-0.00028946911364554213
1771443300000,2026-02-18T19:35:00Z,0.17268,0.17274,0.17171,0.17238,1755169.5,302440.649453,0.17268,0.17273,0.17176,0.1724,0.17273,0.17277,0.17191,0.17252,-0.0008533,-0.00009337,-0.0004244,-0.0004244,-0.00014000000000000123,-0.0008115001159285951
1771443600000,2026-02-18T19:40:00Z,0.17238,0.17323,0.17235,0.17296,1172097.8,202614.809698,0.1724,0.17324,0.1724,0.17299,0.17252,0.17335,0.17248,0.17317,-0.0004244,-0.00031634,-0.00063408,-0.00063408,-0.00020999999999998797,-0.001212681180342946
1771443900000,2026-02-18T19:45:00Z,0.17296,0.17338,0.17283,0.17299,1432319.7,247895.304508,0.17299,0.17333,0.17284,0.17305,0.17317,0.17344,0.17302,0.17319,-0.00063408,-0.00000322,-0.00032621,-0.00032621,-0.00020000000000000573,-0.0011548010855130535
1771444200000,2026-02-18T19:50:00Z,0.17299,0.17338,0.17294,0.173,335979.3,58170.051663,0.17305,0.17337,0.17297,0.17308,0.17319,0.17345,0.17312,0.17325,-0.00032621,0,-0.0004321,-0.0004321,-0.0002500000000000002,-0.0014430014430014443
1771444500000,2026-02-18T19:55:00Z,0.173,0.17316,0.1724,0.17289,570002.6,98480.65132,0.17308,0.17311,0.17247,0.17296,0.17325,0.17325,0.17264,0.17312,-0.0004321,-0.00032644,-0.00040216,-0.00032644,-0.00023000000000000798,-0.001328558225508364
1771444800000,2026-02-18T20:00:00Z,0.17289,0.17413,0.1727,0.17365,8001101.3,1391142.864758,0.17296,0.17411,0.17276,0.17367,0.17312,0.17419,0.1729,0.17379,-0.00032644,0,-0.00006784,0,-0.00014000000000000123,-0.0008055699407330758
1771445100000,2026-02-18T20:05:00Z,0.17365,0.17381,0.17314,0.17344,598449.5,103815.405549,0.17367,0.17381,0.17315,0.17344,0.17379,0.17395,0.17331,0.1735,0,-0.00035509,-0.00041635,-0.00035509,-5.999999999997674e-05,-0.0003458213256482809
1771445400000,2026-02-18T20:10:00Z,0.17344,0.17389,0.17316,0.1734,471212.6,81768.631799,0.17344,0.17381,0.17319,0.17348,0.1735,0.17389,0.17331,0.17362,-0.00035509,0,-0.0002861,-0.0002861,-0.00021999999999999797,-0.001267135122681707
1771445700000,2026-02-18T20:15:00Z,0.1734,0.1737,0.17294,0.1737,337947.8,58574.030633,0.17348,0.1737,0.17295,0.17368,0.17362,0.17374,0.17315,0.17368,-0.0002861,0,-0.00068244,0,1.9999999999992246e-05,0.0001151543067710286
1771446000000,2026-02-18T20:20:00Z,0.1737,0.17377,0.17325,0.17367,418052.4,72527.849582,0.17368,0.17377,0.17338,0.17367,0.17368,0.17381,0.17347,0.17379,0,0,-0.00024771,0,-0.00012000000000000899,-0.0006904885206283962
1771446300000,2026-02-18T20:25:00Z,0.17367,0.17385,0.17313,0.17321,214174.7,37164.689306,0.17367,0.17383,0.17318,0.17321,0.17379,0.17389,0.17337,0.17337,0,-0.00054248,-0.00068779,-0.00054248,-0.00015999999999999348,-0.0009228816981022869
1771446600000,2026-02-18T20:30:00Z,0.17321,0.17395,0.17321,0.17379,669723.1,116288.844489,0.17321,0.17394,0.17321,0.17382,0.17337,0.17402,0.17337,0.17398,-0.00054248,-0.00042436,-0.0007337,-0.00042436,-0.00018999999999999573,-0.0010920795493734668
1771446900000,2026-02-18T20:35:00Z,0.17379,0.17426,0.17367,0.17419,282382.8,49146.937894,0.17382,0.17426,0.17373,0.17423,0.17398,0.17437,0.17389,0.17437,-0.00042436,-0.00039245,-0.00051303,-0.00051303,-0.00017999999999998573,-0.0010322876641623315
1771447200000,2026-02-18T20:40:00Z,0.17419,0.1742,0.17342,0.17376,708552.6,123048.454326,0.17423,0.17423,0.17342,0.17381,0.17437,0.17437,0.17356,0.17391,-0.00051303,0,-0.00038978,-0.00038978,-0.00015000000000001124,-0.0008625150940142098
1771447500000,2026-02-18T20:45:00Z,0.17376,0.17404,0.17355,0.17355,410308.5,71328.672254,0.17381,0.17404,0.17357,0.17357,0.17391,0.17411,0.1737,0.1737,-0.00038978,-0.00020155,-0.00025291,-0.00025291,-0.00014999999999998348,-0.0008635578583764161
1771447800000,2026-02-18T20:50:00Z,0.17355,0.1736,0.17218,0.17255,1440449.9,248738.743087,0.17357,0.1736,0.17219,0.17257,0.1737,0.1737,0.17229,0.17267,-0.00025291,0,0,0,-0.00011999999999998123,-0.0006949672786238561
1771448100000,2026-02-18T20:55:00Z,0.17255,0.17262,0.17112,0.17152,1480011.7,253855.352668,0.17257,0.17261,0.1712,0.17152,0.17267,0.17267,0.17127,0.17153,0,0,-0.00057892,-0.00057892,-9.999999999982245e-06,-5.829883985298342e-05
1771448400000,2026-02-18T21:00:00Z,0.17152,0.17165,0.17056,0.17111,1855104.3,317214.706102,0.17152,0.17156,0.17073,0.17111,0.17153,0.17164,0.17081,0.17118,-0.00057892,0,-0.00010444,-0.00010444,-6.999999999998674e-05,-0.0004089262764340854
1771448700000,2026-02-18T21:05:00Z,0.17111,0.17127,0.17026,0.17052,596717,101784.050174,0.17111,0.17124,0.17033,0.17052,0.17118,0.17131,0.17043,0.17063,-0.00010444,0,0,0,-0.00010999999999999899,-0.0006446697532672976
1771449000000,2026-02-18T21:10:00Z,0.17052,0.17071,0.17,0.17,474340.7,80843.660077,0.17052,0.17067,0.17004,0.17004,0.17063,0.17071,0.17015,0.17015,0,-0.0001287,-0.00016413,-0.0001287,-0.00014999999999998348,-0.000881575080810952
1771449300000,2026-02-18T21:15:00Z,0.17,0.17013,0.16934,0.16953,1320993.2,224241.444249,0.17004,0.17012,0.16946,0.16953,0.17015,0.17018,0.16954,0.16959,-0.0001287,0,-0.00017948,0,-6.0000000000004494e-05,-0.0003537944454272333
1771449600000,2026-02-18T21:20:00Z,0.16953,0.16972,0.16891,0.1697,1465571.6,248137.638693,0.16953,0.1697,0.16895,0.1697,0.16959,0.16971,0.16906,0.16971,0,0,0,0,-1.0000000000010001e-05,-5.892404690360027e-05
1771449900000,2026-02-18T21:25:00Z,0.1697,0.16985,0.16943,0.16958,321227,54500.61771,0.1697,0.16984,0.16948,0.16963,0.16971,0.1699,0.1696,0.16975,0,0,-0.00046477,0,-0.00017000000000000348,-0.001001472754050094
1771450200000,2026-02-18T21:30:00Z,0.16958,0.16999,0.16948,0.16999,179185.4,30401.576827,0.16963,0.16999,0.16949,0.16999,0.16975,0.17002,0.1696,0.17002,0,0,-0.00058311,0,-3.0000000000002247e-05,-0.00017644982943184476
1771450500000,2026-02-18T21:35:00Z,0.16999,0.17011,0.16949,0.16978,581662.8,98707.241587,0.16999,0.17012,0.16951,0.1698,0.17002,0.17024,0.16962,0.16994,0,0,-0.00055439,0,-0.00016000000000002124,-0.0009415087678005251
1771450800000,2026-02-18T21:40:00Z,0.16978,0.16978,0.16927,0.16928,337786.3,57235.608089,0.1698,0.1698,0.16928,0.1693,0.16994,0.16994,0.16943,0.16943,0,-0.00016323,-0.00028999,-0.00028999,-0.00014999999999998348,-0.0008853213716578143
1771451100000,2026-02-18T21:45:00Z,0.16928,0.16943,0.16915,0.1693,116850.7,19781.053145,0.1693,0.16942,0.16915,0.16931,0.16943,0.16953,0.16928,0.16947,-0.00028999,-0.0003277,-0.00065948,-0.0003277,-0.00017000000000000348,-0.0010031273971794622
1771451400000,2026-02-18T21:50:00Z,0.1693,0.16936,0.1679,0.16794,1249773.4,210511.070363,0.16931,0.16936,0.16792,0.16795,0.16947,0.16952,0.16806,0.1681,-0.0003277,-0.00039804,-0.00059587,-0.00059587,-0.00015999999999999348,-0.0009518143961927037
1771451700000,2026-02-18T21:55:00Z,0.16794,0.1681,0.16681,0.16723,1454922.8,243640.313308,0.16795,0.1681,0.16695,0.16723,0.1681,0.16816,0.16704,0.16728,-0.00059587,0,-0.00032909,0,-5.000000000002225e-05,-0.00029890004782414064
1771452000000,2026-02-18T22:00:00Z,0.16723,0.16783,0.16647,0.16686,1232542.2,206033.476198,0.16723,0.16783,0.16668,0.16686,0.16728,0.16787,0.16679,0.16695,0,-0.00031702,-0.00050333,-0.00050333,-8.999999999997899e-05,-0.0005390835579513567
1771452300000,2026-02-18T22:05:00Z,0.16686,0.16704,0.16574,0.16575,1245314.9,207009.933901,0.16686,0.16697,0.16575,0.16575,0.16695,0.16702,0.16585,0.16585,-0.00050333,-0.00007922,-0.00057359,-0.00007922,-9.999999999998899e-05,-0.0006029544769369249
1771452600000,2026-02-18T22:10:00Z,0.16575,0.16648,0.16524,0.16626,1590289.8,263755.175182,0.16575,0.16648,0.16527,0.16626,0.16585,0.16659,0.16542,0.16636,-0.00007922,0,0,0,-0.00010000000000001674,-0.000601106035104693
1771452900000,2026-02-18T22:15:00Z,0.16626,0.16649,0.16596,0.16643,479163.7,79648.392171,0.16626,0.16649,0.16602,0.16644,0.16636,0.16662,0.16613,0.16661,0,-0.00009945,-0.00071322,-0.00071322,-0.00018000000000001348,-0.0010803673248905436
1771453200000,2026-02-18T22:20:00Z,0.16643,0.16704,0.16627,0.16629,470277.9,78378.26927,0.16644,0.1668,0.16632,0.16632,0.16661,0.16701,0.16651,0.16655,-0.00071322,-0.00022708,-0.00077318,-0.00077318,-0.0002600000000000102,-0.0015610927649355162
1771453500000,2026-02-18T22:25:00Z,0.16629,0.1668,0.16625,0.16679,156249.6,26000.783704,0.16632,0.1668,0.16629,0.16679,0.16655,0.16698,0.16649,0.16694,-0.00077318,-0.00014724,-0.00085709,-0.00014724,-0.00015000000000001124,-0.0008985264166767176
1771453800000,2026-02-18T22:30:00Z,0.16679,0.16759,0.16674,0.16759,272890.1,45648.64764,0.16679,0.16762,0.16677,0.16761,0.16694,0.16775,0.16694,0.16775,-0.00014724,0,-0.00037488,0,-0.00016000000000002124,-0.0009538002980627197
1771454100000,2026-02-18T22:35:00Z,0.16759,0.16819,0.16745,0.16813,1160246.3,194734.667389,0.16761,0.16817,0.16761,0.16817,0.16775,0.16834,0.16775,0.16834,0,0,-0.00021031,0,-0.00020999999999998797,-0.0012474753475109183
1771454400000,2026-02-18T22:40:00Z,0.16813,0.16822,0.16766,0.16776,162643.3,27307.493449,0.16817,0.1682,0.1677,0.16779,0.16834,0.16834,0.16789,0.16797,0,-0.00005274,-0.00045442,-0.00005274,-0.00021000000000001573,-0.0012502232541526208
1771454700000,2026-02-18T22:45:00Z,0.16776,0.16779,0.16729,0.16738,155742.1,26091.786441,0.16779,0.16783,0.16729,0.16739,0.16797,0.16801,0.16748,0.16759,-0.00005274,-0.00061956,-0.00104385,-0.00061956,-0.00020999999999998797,-0.0012530580583566323
1771455000000,2026-02-18T22:50:00Z,0.16738,0.16756,0.16671,0.16709,438290.5,73209.80107,0.16739,0.16756,0.16671,0.16713,0.16759,0.16774,0.16683,0.16725,-0.00061956,0,-0.00026602,-0.00026602,-0.00016000000000002124,-0.0009566517189836844
1771455300000,2026-02-18T22:55:00Z,0.16709,0.16732,0.16684,0.16705,560563.2,93663.752852,0.16713,0.16725,0.16691,0.16705,0.16725,0.16737,0.16705,0.16721,-0.00026602,-0.00038728,-0.00050561,-0.00050561,-0.00015999999999999348,-0.0009568805693438998
1771455600000,2026-02-18T23:00:00Z,0.16705,0.16743,0.167,0.16742,260254.3,43524.783359,0.16705,0.16745,0.16705,0.16742,0.16721,0.1676,0.16721,0.16755,-0.00050561,-0.00021339,-0.00067092,-0.00067092,-0.00012999999999999123,-0.0007758877946881004
1771455900000,2026-02-18T23:05:00Z,0.16742,0.1675,0.16717,0.16724,271345.2,45406.7705,0.16742,0.1675,0.16721,0.16724,0.16755,0.16763,0.16741,0.16742,-0.00067092,-0.00067431,-0.00094119,-0.00067431,-0.00018000000000001348,-0.0010751403655478047
1771456200000,2026-02-18T23:10:00Z,0.16724,0.16725,0.16674,0.16717,330512.7,55186.268008,0.16724,0.16725,0.16677,0.16717,0.16742,0.16742,0.16698,0.16727,-0.00067431,-0.00072773,-0.00091609,-0.00091609,-9.999999999998899e-05,-0.0005978358342798409
1771456500000,2026-02-18T23:15:00Z,0.16717,0.16729,0.16685,0.16709,425929.7,71165.251984,0.16717,0.16729,0.16685,0.16709,0.16727,0.16738,0.167,0.16719,-0.00091609,-0.00038663,-0.00039821,-0.00038663,-0.00010000000000001674,-0.0005981218972427581
1771456800000,2026-02-18T23:20:00Z,0.16709,0.16732,0.1666,0.16672,241540.7,40336.330366,0.16709,0.1673,0.16666,0.16677,0.16719,0.16744,0.16682,0.16697,-0.00038663,-0.00053981,-0.00084806,-0.00084806,-0.0002500000000000002,-0.0014972749595735773
1771457100000,2026-02-18T23:25:00Z,0.16672,0.167,0.16609,0.16663,455893.1,75925.838187,0.16677,0.167,0.16617,0.16663,0.16697,0.16712,0.1664,0.16676,-0.00084806,-0.00079144,-0.00080015,-0.00080015,-0.00012999999999999123,-0.0007795634444710437
1771457400000,2026-02-18T23:30:00Z,0.16663,0.16672,0.16626,0.1665,436802.7,72725.882042,0.16663,0.16672,0.1663,0.16651,0.16676,0.1668,0.1665,0.16671,-0.00080015,-0.00048213,-0.00103222,-0.00048213,-0.00020999999999998797,-0.001259672485153788
1771457700000,2026-02-18T23:35:00Z,0.1665,0.1665,0.16589,0.16604,692890,115042.207867,0.16651,0.16651,0.16599,0.1661,0.16671,0.16671,0.16609,0.16625,-0.00048213,-0.00040516,-0.00066407,-0.00066407,-0.00021000000000001573,-0.0012631578947369367
1771458000000,2026-02-18T23:40:00Z,0.16604,0.16606,0.1655,0.16571,385520.4,63921.68376,0.1661,0.1661,0.16551,0.16571,0.16625,0.16625,0.16569,0.16581,-0.00066407,-0.00053549,-0.00071073,-0.00053549,-0.00010000000000001674,-0.0006030999336591082
1771458300000,2026-02-18T23:45:00Z,0.16571,0.16585,0.16542,0.16564,684991.1,113449.077643,0.16571,0.16581,0.16551,0.1656,0.16581,0.16595,0.16572,0.16581,-0.00053549,-0.00076531,-0.00099758,-0.00076531,-0.00017000000000000348,-0.0010252698872203333
1771458600000,2026-02-18T23:50:00Z,0.16564,0.1658,0.16542,0.16565,333039.3,55157.338389,0.1656,0.1658,0.1655,0.16571,0.16581,0.16598,0.16572,0.16589,-0.00076531,-0.00058708,-0.00082379,-0.00082379,-0.00024000000000001798,-0.0014467418168667065
1771458900000,2026-02-18T23:55:00Z,0.16565,0.16566,0.16472,0.16523,1714988.9,282978.626684,0.16571,0.16572,0.16475,0.16523,0.16589,0.16591,0.16495,0.16541,-0.00082379,-0.00074003,-0.00105748,-0.00105748,-0.00018000000000001348,-0.001088205066199223
1771459200000,2026-02-19T00:00:00Z,0.16523,0.1657,0.16474,0.16552,1294546,213926.942679,0.16523,0.1657,0.16493,0.16559,0.16541,0.16589,0.16514,0.16581,-0.00105748,-0.00070876,-0.00101291,-0.00101291,-0.00029000000000001247,-0.0017489898076111963
1771459500000,2026-02-19T00:05:00Z,0.16552,0.1662,0.16546,0.16582,524556.8,87019.249735,0.16559,0.16611,0.16552,0.1659,0.16581,0.16634,0.16574,0.16612,-0.00101291,-0.00078412,-0.00093926,-0.00093926,-0.0002999999999999947,-0.0018059234288465853
1771459800000,2026-02-19T00:10:00Z,0.16582,0.16591,0.16515,0.16536,542236,89747.224269,0.1659,0.16591,0.16521,0.16536,0.16612,0.16612,0.16543,0.16559,-0.00093926,-0.00105896,-0.00109581,-0.00109581,-0.00022999999999998022,-0.0013889727640556812
1771460100000,2026-02-19T00:15:00Z,0.16536,0.16579,0.16532,0.16539,393102.9,65069.472991,0.16536,0.16576,0.16534,0.16539,0.16559,0.16593,0.16551,0.16558,-0.00109581,-0.00062474,-0.00096907,-0.00096907,-0.00018999999999999573,-0.0011474815799009284
1771460400000,2026-02-19T00:20:00Z,0.16539,0.16552,0.16529,0.16534,124562,20603.994244,0.16539,0.16552,0.16531,0.16542,0.16558,0.16573,0.16551,0.16562,-0.00096907,-0.00074888,-0.0008122,-0.0008122,-0.00028000000000000247,-0.001690617075232475
1771460700000,2026-02-19T00:25:00Z,0.16534,0.16534,0.16493,0.16513,341905.1,56457.340446,0.16542,0.16542,0.16495,0.16518,0.16562,0.16562,0.16517,0.16539,-0.0008122,-0.00101336,-0.00103704,-0.00101336,-0.0002600000000000102,-0.0015720418404982781
1771461000000,2026-02-19T00:30:00Z,0.16513,0.16517,0.16441,0.16485,781692.4,128809.10984,0.16518,0.16518,0.16447,0.16485,0.16539,0.16539,0.16467,0.16502,-0.00101336,-0.0007779,-0.0007781,-0.0007779,-0.00017000000000000348,-0.0010301781602230244
1771461300000,2026-02-19T00:35:00Z,0.16485,0.16513,0.16478,0.16488,394383.7,65058.982377,0.16485,0.1651,0.16482,0.16488,0.16502,0.16524,0.16499,0.16499,-0.0007779,-0.00035742,-0.00083033,-0.00083033,-0.00010999999999999899,-0.0006667070731559427
1771461600000,2026-02-19T00:40:00Z,0.16488,0.16533,0.16471,0.1651,158464,26161.667068,0.16488,0.16533,0.16472,0.16518,0.16499,0.16549,0.16487,0.1654,-0.00083033,-0.00086591,-0.00089226,-0.00086591,-0.0002999999999999947,-0.0018137847642079488
1771461900000,2026-02-19T00:45:00Z,0.1651,0.16549,0.16478,0.16482,548744,90596.418658,0.16518,0.16549,0.16481,0.16482,0.1654,0.16565,0.16498,0.16498,-0.00086591,-0.00075365,-0.00089431,-0.00089431,-0.00015999999999999348,-0.0009698145229724421
1771462200000,2026-02-19T00:50:00Z,0.16482,0.16482,0.16288,0.16305,2863939.8,468574.913318,0.16482,0.16482,0.16299,0.16309,0.16498,0.16498,0.16315,0.16334,-0.00089431,-0.00071002,-0.00080609,-0.00080609,-0.00029000000000001247,-0.0017754377372352912
1771462500000,2026-02-19T00:55:00Z,0.16305,0.16375,0.16249,0.16363,3176672.6,518436.010097,0.16309,0.16374,0.16262,0.16363,0.16334,0.16393,0.16286,0.16386,-0.00080609,-0.00140578,-0.00173336,-0.00173336,-0.00023000000000000798,-0.0014036372513121444
1771462800000,2026-02-19T01:00:00Z,0.16363,0.16421,0.16343,0.16379,1135705.9,186083.411441,0.16363,0.16421,0.16351,0.16393,0.16386,0.16434,0.16371,0.16414,-0.00173336,-0.00096419,-0.00108977,-0.00096419,-0.00035000000000001696,-0.0021323260631169547
1771463100000,2026-02-19T01:05:00Z,0.16379,0.16407,0.16347,0.1635,329754.5,54023.3009,0.16393,0.16406,0.16349,0.1635,0.16414,0.16419,0.16372,0.16372,-0.00096419,-0.00045459,-0.00101836,-0.00101836,-0.00021999999999999797,-0.00134375763498655
1771463400000,2026-02-19T01:10:00Z,0.1635,0.16395,0.16249,0.16361,1592538.5,259909.017905,0.1635,0.16381,0.16262,0.16365,0.16372,0.16405,0.16282,0.16388,-0.00101836,-0.00082541,-0.00102616,-0.00102616,-0.00026999999999999247,-0.001647546985599173
1771463700000,2026-02-19T01:15:00Z,0.16361,0.16388,0.16312,0.16335,332307.6,54331.697305,0.16365,0.16385,0.16318,0.16335,0.16388,0.16406,0.16342,0.16351,-0.00102616,-0.00085223,-0.00095486,-0.00085223,-0.00015999999999999348,-0.0009785334230321906
1771464000000,2026-02-19T01:20:00Z,0.16335,0.16345,0.16263,0.16334,424771.6,69270.824671,0.16335,0.16345,0.1627,0.16338,0.16351,0.16359,0.16292,0.16358,-0.00085223,-0.00108591,-0.00113028,-0.00113028,-0.00023999999999999022,-0.0014671720259199794
1771464300000,2026-02-19T01:25:00Z,0.16334,0.16398,0.16334,0.16393,477037,78101.568589,0.16338,0.16402,0.16338,0.16393,0.16358,0.16417,0.16357,0.16406,-0.00113028,-0.00043696,-0.00082237,-0.00082237,-0.000130000000000019,-0.0007923930269414786
1771464600000,2026-02-19T01:30:00Z,0.16393,0.16485,0.16393,0.16424,670633.3,110321.73931,0.16393,0.16485,0.16393,0.16424,0.16406,0.16498,0.16406,0.16441,-0.00082237,-0.00083708,-0.00117132,-0.00083708,-0.00017000000000000348,-0.0010340003649413265
1771464900000,2026-02-19T01:35:00Z,0.16424,0.16425,0.16338,0.16356,436596.5,71463.932873,0.16424,0.16425,0.16338,0.16356,0.16441,0.16443,0.16357,0.1637,-0.00083708,-0.0006525,-0.00077146,-0.00077146,-0.00014000000000000123,-0.0008552229688454564
1771465200000,2026-02-19T01:40:00Z,0.16356,0.16415,0.16327,0.16415,993351.6,162535.977386,0.16356,0.16415,0.16335,0.16415,0.1637,0.16434,0.16354,0.16434,-0.00077146,-0.00077798,-0.0015958,-0.0015958,-0.00019000000000002348,-0.0011561397103567205
1771465500000,2026-02-19T01:45:00Z,0.16415,0.16517,0.16364,0.16477,1160658.8,190866.028992,0.16415,0.16506,0.1637,0.16484,0.16434,0.16515,0.16394,0.16504,-0.0015958,0,-0.00047391,-0.00047391,-0.00026999999999999247,-0.0016359670382937014
1771465800000,2026-02-19T01:50:00Z,0.16477,0.16511,0.16448,0.16495,816197,134530.685038,0.16484,0.16511,0.16456,0.16498,0.16504,0.16531,0.16481,0.16523,-0.00047391,-0.00043956,-0.00113463,-0.00043956,-0.0002799999999999747,-0.001694607516794618
1771466100000,2026-02-19T01:55:00Z,0.16495,0.16496,0.16423,0.16437,359136.3,59105.389615,0.16498,0.16498,0.16425,0.16437,0.16523,0.16523,0.16449,0.16459,-0.00043956,-0.00103461,-0.00109296,-0.00103461,-0.00021999999999999797,-0.0013366547177835713
1771466400000,2026-02-19T02:00:00Z,0.16437,0.1644,0.16353,0.16384,587015.2,96278.885854,0.16437,0.1644,0.16357,0.16387,0.16459,0.16465,0.1638,0.16415,-0.00103461,-0.0006528,-0.00134867,-0.0006528,-0.00030999999999997696,-0.0018885166006699786
1771466700000,2026-02-19T02:05:00Z,0.16384,0.16421,0.16356,0.16409,299230.3,48996.852323,0.16387,0.16421,0.16359,0.16419,0.16415,0.1644,0.16378,0.16438,-0.0006528,-0.00054821,-0.0008971,-0.00054821,-0.0002899999999999847,-0.001764204891105881
1771467000000,2026-02-19T02:10:00Z,0.16409,0.16427,0.16363,0.16406,266976.4,43763.819332,0.16419,0.16427,0.16363,0.16406,0.16438,0.16445,0.16389,0.16434,-0.00054821,-0.00110009,-0.00149363,-0.00149363,-0.00028000000000000247,-0.0017037848363149718
1771467300000,2026-02-19T02:15:00Z,0.16406,0.16471,0.16406,0.16433,746713.7,122807.562976,0.16406,0.16471,0.16406,0.16433,0.16434,0.16493,0.16434,0.16462,-0.00149363,-0.00126508,-0.00142835,-0.00142835,-0.0002899999999999847,-0.001761632851415288
1771467600000,2026-02-19T02:20:00Z,0.16433,0.1648,0.164,0.164,555560.8,91310.061837,0.16433,0.1648,0.16402,0.16402,0.16462,0.165,0.16434,0.16434,-0.00142835,-0.00149766,-0.00166468,-0.00166468,-0.00034000000000000696,-0.0020688815869539185
1771467900000,2026-02-19T02:25:00Z,0.164,0.16404,0.1626,0.16313,1314800.6,214312.452895,0.16402,0.16403,0.16266,0.16313,0.16434,0.16434,0.16291,0.16327,-0.00166468,-0.0008871,-0.00102777,-0.0008871,-0.00014000000000000123,-0.0008574753475837645
1771468200000,2026-02-19T02:30:00Z,0.16313,0.16322,0.16181,0.16209,1679045.2,272556.303317,0.16313,0.16313,0.16197,0.16209,0.16327,0.16337,0.16217,0.16229,-0.0008871,-0.00088866,-0.00142675,-0.00142675,-0.00019999999999997797,-0.0012323618214306364
1771468500000,2026-02-19T02:35:00Z,0.16209,0.16209,0.16141,0.16168,1208324.5,195499.253509,0.16209,0.16209,0.16155,0.16169,0.16229,0.1623,0.1618,0.16194,-0.00142675,-0.00069913,-0.00121261,-0.00069913,-0.0002600000000000102,-0.0016055329134247883
1771468800000,2026-02-19T02:40:00Z,0.16168,0.16174,0.16072,0.16091,2184879.6,352452.66279,0.16169,0.16173,0.16085,0.16094,0.16194,0.16197,0.16111,0.16125,-0.00069913,-0.00109663,-0.00150669,-0.00150669,-0.00034000000000000696,-0.002108527131782989
1771469100000,2026-02-19T02:45:00Z,0.16091,0.16107,0.16015,0.16048,1767319.3,283919.032525,0.16094,0.16107,0.16019,0.16048,0.16125,0.16129,0.16047,0.1607,-0.00150669,-0.0012531,-0.00147949,-0.0012531,-0.00021999999999999797,-0.0013690105787180955
1771469400000,2026-02-19T02:50:00Z,0.16048,0.16063,0.16009,0.16012,606090.8,97214.99222,0.16048,0.16061,0.16021,0.16021,0.1607,0.16086,0.16048,0.16048,-0.0012531,-0.00104261,-0.00126802,-0.00104261,-0.0003599999999999992,-0.0022432701894317
1771469700000,2026-02-19T02:55:00Z,0.16012,0.16015,0.15924,0.15937,1535815.7,245423.308966,0.16021,0.16021,0.15939,0.15941,0.16048,0.16048,0.15966,0.1597,-0.00104261,-0.00122113,-0.00139692,-0.00122113,-0.00032999999999999696,-0.002066374452097664
1771470000000,2026-02-19T03:00:00Z,0.15937,0.16042,0.15876,0.15975,2377572.6,379091.688193,0.15941,0.1604,0.15877,0.15975,0.1597,0.16063,0.15908,0.16002,-0.00122113,-0.00145441,-0.00164838,-0.00164838,-0.00026999999999999247,-0.001687289088863845
1771470300000,2026-02-19T03:05:00Z,0.15975,0.15989,0.1584,0.15882,1654184.8,263219.969511,0.15975,0.15989,0.15855,0.15882,0.16002,0.1601,0.15881,0.15908,-0.00164838,-0.00146964,-0.00148201,-0.00146964,-0.0002600000000000102,-0.001634397787276906
1771470600000,2026-02-19T03:10:00Z,0.15882,0.16047,0.15875,0.16024,1109802.1,176906.823447,0.15882,0.16047,0.1588,0.16033,0.15908,0.16063,0.15904,0.16055,-0.00146964,-0.00106007,-0.00131872,-0.00106007,-0.0003100000000000047,-0.0019308626596076283
1771470900000,2026-02-19T03:15:00Z,0.16024,0.16067,0.16001,0.16022,788031.5,126316.08418,0.16033,0.16066,0.16005,0.16022,0.16055,0.16082,0.16028,0.16045,-0.00106007,-0.00150815,-0.00151155,-0.00150815,-0.00023000000000000798,-0.0014334683702088374
1771471200000,2026-02-19T03:20:00Z,0.16022,0.16029,0.16001,0.16016,358513,57421.683094,0.16022,0.16029,0.16002,0.16017,0.16045,0.16057,0.16027,0.16046,-0.00150815,-0.00123889,-0.00150604,-0.00123889,-0.0002999999999999947,-0.0018696248286176912
1771471500000,2026-02-19T03:25:00Z,0.16016,0.16042,0.15958,0.1597,613129.6,98181.363499,0.16017,0.16042,0.15958,0.15969,0.16046,0.1607,0.15979,0.15992,-0.00123889,-0.00121634,-0.00131782,-0.00131782,-0.00021999999999999797,-0.0013756878439219482
1771471800000,2026-02-19T03:30:00Z,0.1597,0.15989,0.1587,0.15888,936277.7,149147.720843,0.15969,0.15988,0.15878,0.15888,0.15992,0.16005,0.159,0.15916,-0.00131782,-0.00118188,-0.00146799,-0.00146799,-0.00028000000000000247,-0.0017592359889419607
1771472100000,2026-02-19T03:35:00Z,0.15888,0.15917,0.1582,0.1584,1501846.7,238294.767534,0.15888,0.15915,0.15832,0.15846,0.15916,0.15929,0.15855,0.1587,-0.00146799,-0.00111676,-0.00126775,-0.00126775,-0.0002999999999999947,-0.0018903591682419326
1771472400000,2026-02-19T03:40:00Z,0.1584,0.15914,0.1584,0.15872,736909.1,117011.972511,0.15846,0.15914,0.15842,0.1588,0.1587,0.15936,0.15867,0.15902,-0.00126775,-0.00065223,-0.00111679,-0.00065223,-0.0002999999999999947,-0.0018865551502955272
1771472700000,2026-02-19T03:45:00Z,0.15872,0.15932,0.15814,0.1592,929835.9,147544.530139,0.1588,0.15931,0.15827,0.15924,0.15902,0.15949,0.15851,0.15946,-0.00065223,-0.00081635,-0.00113399,-0.00081635,-0.00025999999999998247,-0.0016305029474475259
1771473000000,2026-02-19T03:50:00Z,0.1592,0.15942,0.15894,0.15932,573188,91274.454496,0.15924,0.15941,0.15899,0.15932,0.15946,0.15963,0.15919,0.15956,-0.00081635,-0.00110516,-0.00127109,-0.00127109,-0.00024000000000001798,-0.0015041363750314487
1771473300000,2026-02-19T03:55:00Z,0.15932,0.1602,0.15932,0.15986,592777.1,94742.905233,0.15932,0.16016,0.15932,0.15992,0.15956,0.16039,0.15956,0.16017,-0.00127109,-0.00077751,-0.00130579,-0.00130579,-0.0003100000000000047,-0.001935443591184396
1771473600000,2026-02-19T04:00:00Z,0.15986,0.15998,0.15893,0.159,1220103.2,194768.145921,0.15992,0.15993,0.159,0.15903,0.16017,0.16018,0.15929,0.15933,-0.00130579,-0.00100562,-0.00137088,-0.00137088,-0.00032999999999999696,-0.002071173037092807
1771473900000,2026-02-19T04:05:00Z,0.159,0.15903,0.15724,0.15738,2009553.8,317526.820516,0.15903,0.15903,0.15725,0.15738,0.15933,0.15933,0.15752,0.15765,-0.00137088,-0.00111905,-0.00131751,-0.00131751,-0.0002700000000000202,-0.0017126546146528398
1771474200000,2026-02-19T04:10:00Z,0.15738,0.15752,0.15642,0.15716,3915193.8,614496.739719,0.15738,0.1575,0.15654,0.15716,0.15765,0.15774,0.15685,0.15744,-0.00131751,-0.0013313,-0.00149872,-0.00149872,-0.00028000000000000247,-0.0017784552845528613
1771474500000,2026-02-19T04:15:00Z,0.15716,0.15738,0.1565,0.15738,1821915.5,285833.489845,0.15716,0.15738,0.15651,0.15738,0.15744,0.15754,0.15677,0.15754,-0.00149872,-0.00112337,-0.00120868,-0.00112337,-0.00016000000000002124,-0.0010156150818841007
1771474800000,2026-02-19T04:20:00Z,0.15738,0.15752,0.15662,0.15688,917153,144064.578634,0.15738,0.15752,0.15666,0.15688,0.15754,0.15763,0.15692,0.15708,-0.00112337,-0.00124471,-0.00132281,-0.00132281,-0.00020000000000000573,-0.001273236567354251
1771475100000,2026-02-19T04:25:00Z,0.15688,0.15789,0.15683,0.15788,1506906.5,237340.964478,0.15688,0.15789,0.15684,0.15788,0.15708,0.15794,0.15708,0.15794,-0.00132281,-0.00071951,-0.00079163,-0.00079163,-6.0000000000004494e-05,-0.00037989109788530136
1771475400000,2026-02-19T04:30:00Z,0.15788,0.15859,0.15782,0.15832,1292875.4,204481.254543,0.15788,0.15856,0.15788,0.15832,0.15794,0.15877,0.15794,0.15853,-0.00079163,-0.00125184,-0.00174024,-0.00125184,-0.00021000000000001573,-0.0013246704093863352
1771475700000,2026-02-19T04:35:00Z,0.15832,0.15861,0.15778,0.15801,599652.5,94895.288721,0.15832,0.15847,0.15778,0.15801,0.15853,0.15877,0.15803,0.15818,-0.00125184,-0.00104697,-0.00140111,-0.00104697,-0.00016999999999997573,-0.0010747249968388907
1771476000000,2026-02-19T04:40:00Z,0.15801,0.15816,0.15725,0.15733,862365.9,136126.484223,0.15801,0.15813,0.15729,0.15733,0.15818,0.15835,0.15757,0.15757,-0.00104697,-0.00099823,-0.00149053,-0.00149053,-0.00023999999999999022,-0.0015231325759979073
1771476300000,2026-02-19T04:45:00Z,0.15733,0.1575,0.1555,0.15608,2562974.8,400190.420252,0.15733,0.1575,0.15558,0.15608,0.15757,0.15772,0.15586,0.15632,-0.00149053,-0.00139852,-0.00154991,-0.00139852,-0.00023999999999999022,-0.0015353121801432333
1771476600000,2026-02-19T04:50:00Z,0.15608,0.15621,0.15492,0.15542,1567091.2,243536.207462,0.15608,0.1562,0.15519,0.1555,0.15632,0.15638,0.15544,0.15573,-0.00139852,-0.00055762,-0.00078755,-0.00055762,-0.0003100000000000047,-0.0019906247993322075
1771476900000,2026-02-19T04:55:00Z,0.15542,0.15544,0.15447,0.15472,2303492.8,356648.24017,0.1555,0.1555,0.1545,0.1547,0.15573,0.15573,0.15473,0.15497,-0.00055762,-0.001168,-0.0011701,-0.0011701,-0.0002500000000000002,-0.0016132154610569802
1771477200000,2026-02-19T05:00:00Z,0.15472,0.15481,0.15342,0.15423,2975422.2,458065.034523,0.1547,0.15475,0.15354,0.15423,0.15497,0.15499,0.15378,0.15442,-0.0011701,-0.00097883,-0.00100991,-0.00100991,-0.00018999999999999573,-0.001230410568579172
1771477500000,2026-02-19T05:05:00Z,0.15423,0.1559,0.15364,0.15579,2225585.4,344441.507839,0.15423,0.1559,0.15369,0.15584,0.15442,0.15602,0.15387,0.156,-0.00100991,-0.00084202,-0.00084649,-0.00084202,-0.00020999999999998797,-0.0013461538461537691
1771477800000,2026-02-19T05:10:00Z,0.15579,0.1561,0.15474,0.15484,1911760.7,297169.128849,0.15584,0.15605,0.15476,0.15484,0.156,0.15623,0.15502,0.15507,-0.00084202,-0.00098455,-0.00111964,-0.00098455,-0.00023000000000000798,-0.0014832011349713546
1771478100000,2026-02-19T05:15:00Z,0.15484,0.15497,0.15305,0.15376,2278980.7,351370.975798,0.15484,0.15493,0.15339,0.15378,0.15507,0.15516,0.15359,0.15407,-0.00098455,-0.00099147,-0.0016048,-0.0016048,-0.0003100000000000047,-0.0020120724346076764
1771478400000,2026-02-19T05:20:00Z,0.15376,0.15383,0.1522,0.15352,3863670.4,590739.941472,0.15378,0.15379,0.15253,0.15359,0.15407,0.15408,0.15265,0.1538,-0.0016048,-0.0012195,-0.00126206,-0.0012195,-0.00028000000000000247,-0.001820546163849171
1771478700000,2026-02-19T05:25:00Z,0.15352,0.15383,0.15118,0.15207,4298555.2,654622.483388,0.15359,0.15382,0.15155,0.15214,0.1538,0.15404,0.15174,0.15242,-0.0012195,-0.00087466,-0.00096874,-0.00087466,-0.0003499999999999892,-0.0022962865765646847
1771479000000,2026-02-19T05:30:00Z,0.15207,0.1525,0.15134,0.15221,1734276.8,263660.148873,0.15214,0.15247,0.1514,0.1523,0.15242,0.15271,0.15167,0.15255,-0.00087466,-0.00120633,-0.00122977,-0.00122977,-0.0003399999999999792,-0.002228777450016252
1771479300000,2026-02-19T05:35:00Z,0.15221,0.15292,0.15209,0.15252,1179647.4,180022.993248,0.1523,0.1529,0.15218,0.15252,0.15255,0.15312,0.15245,0.15277,-0.00122977,-0.0013296,-0.00133018,-0.00133018,-0.0002500000000000002,-0.0016364469463899995
1771479600000,2026-02-19T05:40:00Z,0.15252,0.15323,0.15219,0.15228,1255269.6,191713.000672,0.15252,0.15321,0.15222,0.15233,0.15277,0.15342,0.15246,0.15261,-0.00133018,-0.00111743,-0.00152792,-0.00111743,-0.00032999999999999696,-0.002162374680558266
1771479900000,2026-02-19T05:45:00Z,0.15228,0.1526,0.15204,0.1526,1139387.1,173562.227492,0.15233,0.1526,0.15204,0.1526,0.15261,0.15281,0.15229,0.15277,-0.00111743,-0.00150104,-0.00163714,-0.00150104,-0.00016999999999997573,-0.00111278392354504
1771480200000,2026-02-19T05:50:00Z,0.1526,0.1531,0.15211,0.15277,1550414.6,236510.599962,0.1526,0.1531,0.15218,0.15278,0.15277,0.15337,0.1525,0.1531,-0.00150104,-0.00116051,-0.00209478,-0.00116051,-0.0003300000000000247,-0.002155453951665739
1771480500000,2026-02-19T05:55:00Z,0.15277,0.1533,0.15267,0.15292,1343181.9,205522.907124,0.15278,0.15326,0.15273,0.15292,0.1531,0.15357,0.15304,0.15324,-0.00116051,-0.00139547,-0.00214697,-0.00214697,-0.00031999999999998696,-0.0020882276168101475
1771480800000,2026-02-19T06:00:00Z,0.15292,0.15303,0.15255,0.15284,911689.4,139276.054778,0.15292,0.15303,0.15257,0.15284,0.15324,0.15332,0.15289,0.15312,-0.00214697,-0.00126233,-0.0015492,-0.00126233,-0.00028000000000000247,-0.0018286311389759827
1771481100000,2026-02-19T06:05:00Z,0.15284,0.15298,0.1523,0.15244,1587470,242240.63241,0.15284,0.15298,0.15232,0.15251,0.15312,0.15325,0.15263,0.15281,-0.00126233,-0.00102751,-0.00147258,-0.00147258,-0.0003700000000000092,-0.002421307506053329
1771481400000,2026-02-19T06:10:00Z,0.15244,0.15275,0.15238,0.15266,855526.1,130510.557552,0.15251,0.15275,0.15238,0.15266,0.15281,0.15303,0.15267,0.15291,-0.00147258,-0.00114408,-0.00146094,-0.00114408,-0.0002500000000000002,-0.0016349486626119954
1771481700000,2026-02-19T06:15:00Z,0.15266,0.15275,0.14905,0.15103,9747002.7,1464497.270104,0.15266,0.15275,0.14937,0.15103,0.15291,0.15297,0.1497,0.15129,-0.00114408,-0.00129612,-0.00155386,-0.00129612,-0.0002600000000000102,-0.0017185537709036303
1771482000000,2026-02-19T06:20:00Z,0.15103,0.15107,0.15005,0.15079,2860658.6,430714.394274,0.15103,0.15105,0.15011,0.15079,0.15129,0.15133,0.15043,0.15107,-0.00129612,-0.00131887,-0.00189935,-0.00131887,-0.00028000000000000247,-0.001853445422651767
1771482300000,2026-02-19T06:25:00Z,0.15079,0.15113,0.15035,0.15053,2190895.4,330369.812102,0.15079,0.15108,0.15052,0.15053,0.15107,0.1514,0.1508,0.1508,-0.00131887,-0.00128915,-0.00130975,-0.00130975,-0.00026999999999999247,-0.001790450928381913
1771482600000,2026-02-19T06:30:00Z,0.15053,0.15141,0.15049,0.15066,1457871,219981.304772,0.15053,0.1514,0.15053,0.15066,0.1508,0.15163,0.1508,0.15091,-0.00130975,-0.00143305,-0.00238755,-0.00143305,-0.0002500000000000002,-0.001656616526406469
1771482900000,2026-02-19T06:35:00Z,0.15066,0.1523,0.15064,0.15114,2175245,329348.254012,0.15066,0.15217,0.15066,0.15121,0.15091,0.15248,0.15089,0.15153,-0.00143305,-0.00079889,-0.00152921,-0.00152921,-0.00039000000000000146,-0.0025737477727182834
1771483200000,2026-02-19T06:40:00Z,0.15114,0.15143,0.15045,0.15102,1828849.2,275921.970274,0.15121,0.15138,0.15051,0.15105,0.15153,0.15161,0.15078,0.15135,-0.00152921,-0.00087294,-0.00127933,-0.00087294,-0.0003300000000000247,-0.002180376610505614
1771483500000,2026-02-19T06:45:00Z,0.15102,0.15177,0.1508,0.15138,1260029.6,190697.938233,0.15105,0.15177,0.15088,0.15138,0.15135,0.152,0.15119,0.15169,-0.00087294,-0.00151903,-0.00186379,-0.00186379,-0.0003100000000000047,-0.0020436416375502983
1771483800000,2026-02-19T06:50:00Z,0.15138,0.15157,0.15083,0.15091,1234983.5,186832.864489,0.15138,0.15154,0.15094,0.15094,0.15169,0.15184,0.15128,0.15128,-0.00186379,-0.00161262,-0.00165514,-0.00161262,-0.0003700000000000092,-0.002445795875198369
1771484100000,2026-02-19T06:55:00Z,0.15091,0.15138,0.15017,0.15039,1431910.6,215919.696364,0.15094,0.15138,0.15032,0.15039,0.15128,0.15157,0.15057,0.15068,-0.00161262,-0.00164209,-0.00195479,-0.00164209,-0.00029000000000001247,-0.001924608441730903
1771484400000,2026-02-19T07:00:00Z,0.15039,0.15071,0.14969,0.14984,2283681.6,343100.586649,0.15039,0.15069,0.14979,0.14997,0.15068,0.15098,0.15013,0.15031,-0.00164209,-0.00189652,-0.00191963,-0.00189652,-0.0004699999999999982,-0.003126871132991805
1771484700000,2026-02-19T07:05:00Z,0.14984,0.15029,0.1478,0.14852,7045212.8,1047535.534343,0.14997,0.15028,0.14811,0.14853,0.15031,0.15061,0.14847,0.14888,-0.00189652,-0.00139487,-0.00181834,-0.00181834,-0.0003599999999999992,-0.0024180548092423374
1771485000000,2026-02-19T07:10:00Z,0.14852,0.14873,0.14764,0.14858,2998122.3,444580.44629,0.14853,0.14868,0.14783,0.14858,0.14888,0.14897,0.14815,0.14886,-0.00181834,-0.00116716,-0.00175349,-0.00175349,-0.00028000000000000247,-0.001880961977697182
1771485300000,2026-02-19T07:15:00Z,0.14858,0.14864,0.14713,0.14715,2496954.5,369468.474094,0.14858,0.14861,0.1473,0.1473,0.14886,0.14891,0.14763,0.14763,-0.00175349,-0.00126677,-0.00161374,-0.00161374,-0.0004800000000000082,-0.003251371672424359
1771485600000,2026-02-19T07:20:00Z,0.14715,0.14776,0.14642,0.14707,2722087.5,400580.347659,0.1473,0.14775,0.1466,0.1471,0.14763,0.14797,0.14687,0.14737,-0.00161374,-0.00190283,-0.00205448,-0.00205448,-0.0002999999999999947,-0.0020356924747234493
1771485900000,2026-02-19T07:25:00Z,0.14707,0.14829,0.14707,0.14759,2127942.8,314139.883124,0.1471,0.14821,0.14709,0.1476,0.14737,0.14846,0.14736,0.14791,-0.00205448,-0.00114017,-0.0014678,-0.0014678,-0.0003200000000000147,-0.002163477790548406
1771486200000,2026-02-19T07:30:00Z,0.14759,0.14807,0.14732,0.14789,1596802.5,235795.590537,0.1476,0.148,0.14738,0.14795,0.14791,0.14832,0.14771,0.14829,-0.0014678,-0.00141533,-0.00171143,-0.00171143,-0.00040000000000001146,-0.0026974172230090463
1771486500000,2026-02-19T07:35:00Z,0.14789,0.14858,0.14722,0.14752,1820347.5,269054.128209,0.14795,0.14844,0.14729,0.14754,0.14829,0.1487,0.14764,0.14792,-0.00171143,-0.0017969,-0.00197561,-0.00197561,-0.0003999999999999837,-0.0027041644131962123
1771486800000,2026-02-19T07:40:00Z,0.14752,0.14762,0.14569,0.14676,3655343.6,536339.105218,0.14754,0.14762,0.14607,0.14676,0.14792,0.14794,0.14643,0.14711,-0.00197561,-0.00182824,-0.0023631,-0.00182824,-0.0003499999999999892,-0.0023791720481271786
1771487100000,2026-02-19T07:45:00Z,0.14676,0.14733,0.14583,0.14716,2545401.1,373124.832697,0.14676,0.1473,0.14592,0.14719,0.14711,0.1476,0.14624,0.14752,-0.00182824,-0.00182524,-0.00208081,-0.00182524,-0.0003599999999999992,-0.0024403470715835085
1771487400000,2026-02-19T07:50:00Z,0.14716,0.14771,0.14652,0.14687,2411985.4,354867.669731,0.14719,0.14768,0.14661,0.14687,0.14752,0.14789,0.14692,0.14714,-0.00182524,-0.00152641,-0.0017511,-0.0017511,-0.00026999999999999247,-0.0018349870871278544
1771487700000,2026-02-19T07:55:00Z,0.14687,0.14697,0.1461,0.14624,1781564.9,260974.969247,0.14687,0.14687,0.14619,0.14624,0.14714,0.14716,0.1465,0.14657,-0.0017511,-0.00135941,-0.00184725,-0.00135941,-0.00032999999999999696,-0.0022514839325919146
1771488000000,2026-02-19T08:00:00Z,0.14624,0.14643,0.14529,0.14585,4829682.1,703891.687514,0.14624,0.14624,0.14545,0.14585,0.14657,0.14669,0.14574,0.14605,-0.00135941,-0.00139256,-0.00157761,-0.00139256,-0.00020000000000000573,-0.0013693940431359515
1771488300000,2026-02-19T08:05:00Z,0.14585,0.14585,0.14382,0.14418,5553567.3,802181.79239,0.14585,0.14585,0.14403,0.14418,0.14605,0.14607,0.14433,0.14437,-0.00139256,-0.00131811,-0.00164695,-0.00131811,-0.00018999999999999573,-0.0013160628939530078
1771488600000,2026-02-19T08:10:00Z,0.14418,0.14499,0.14402,0.14464,2769970.9,400301.656736,0.14418,0.14499,0.14407,0.14471,0.14437,0.14522,0.14431,0.14497,-0.00131811,-0.0008327,-0.00141855,-0.0008327,-0.00032999999999999696,-0.002276333034420894
1771488900000,2026-02-19T08:15:00Z,0.14464,0.14565,0.14445,0.14464,3150784.2,457106.29272,0.14471,0.14564,0.14453,0.14463,0.14497,0.14585,0.14478,0.14488,-0.0008327,-0.00141553,-0.00174543,-0.00174543,-0.00024000000000001798,-0.0016565433462176833
1771489200000,2026-02-19T08:20:00Z,0.14464,0.14517,0.14337,0.14448,3710119,535670.288464,0.14463,0.14512,0.14364,0.14448,0.14488,0.14535,0.14385,0.14472,-0.00174543,-0.00083134,-0.00095488,-0.00095488,-0.00023999999999999022,-0.0016583747927030835
1771489500000,2026-02-19T08:25:00Z,0.14448,0.14485,0.14154,0.14172,8324774.5,1188944.672174,0.14448,0.14482,0.14165,0.14172,0.14472,0.14506,0.14198,0.14205,-0.00095488,-0.00142004,-0.00145707,-0.00145707,-0.00032999999999999696,-0.002323125659978859
1771489800000,2026-02-19T08:30:00Z,0.14172,0.14245,0.13986,0.14121,11042249.5,1558954.882119,0.14172,0.14245,0.14046,0.14125,0.14205,0.14271,0.14057,0.14151,-0.00145707,-0.00131139,-0.00144548,-0.00131139,-0.0002999999999999947,-0.0021199915200338826
1771490100000,2026-02-19T08:35:00Z,0.14121,0.14277,0.14121,0.14198,3704010.5,526482.691984,0.14125,0.14266,0.14125,0.142,0.14151,0.14288,0.14148,0.1423,-0.00131139,-0.00135922,-0.00211002,-0.00135922,-0.0003200000000000147,-0.002248770203794903
1771490400000,2026-02-19T08:40:00Z,0.14198,0.14221,0.14052,0.1417,5986731.1,846020.476629,0.142,0.14221,0.14059,0.1417,0.1423,0.14249,0.14089,0.14196,-0.00135922,-0.001625,-0.00189197,-0.001625,-0.0002600000000000102,-0.0018315018315019035
1771490700000,2026-02-19T08:45:00Z,0.1417,0.14239,0.14134,0.14196,2932900.9,416129.817583,0.1417,0.14232,0.14144,0.14197,0.14196,0.14251,0.14169,0.14223,-0.001625,-0.00110946,-0.00163789,-0.00163789,-0.00026999999999999247,-0.0018983336848765555
1771491000000,2026-02-19T08:50:00Z,0.14196,0.14316,0.14187,0.14314,3397204.3,483603.127635,0.14197,0.14315,0.14193,0.14315,0.14223,0.14345,0.1422,0.14343,-0.00163789,-0.00165177,-0.00198808,-0.00165177,-0.00029000000000001247,-0.002021892212229049
1771491300000,2026-02-19T08:55:00Z,0.14314,0.1436,0.14153,0.14165,3108622.6,443292.762774,0.14315,0.14356,0.14155,0.14165,0.14343,0.14381,0.14187,0.14199,-0.00165177,-0.00190113,-0.00199256,-0.00199256,-0.00034000000000000696,-0.002394534826396274
1771491600000,2026-02-19T09:00:00Z,0.14165,0.14265,0.14161,0.14198,2383661.3,339063.415797,0.14165,0.14264,0.14161,0.14204,0.14199,0.14285,0.14194,0.14232,-0.00199256,-0.00127353,-0.00140342,-0.00140342,-0.00034000000000000696,-0.0023889825744800937
1771491900000,2026-02-19T09:05:00Z,0.14198,0.14256,0.14108,0.14122,2634379,373877.246331,0.14204,0.14241,0.14122,0.14122,0.14232,0.14268,0.14145,0.14147,-0.00140342,-0.00130752,-0.00150581,-0.00150581,-0.0002500000000000002,-0.0017671591150067165
1771492200000,2026-02-19T09:10:00Z,0.14122,0.1421,0.14031,0.14206,4175384.5,588286.957102,0.14122,0.14208,0.14038,0.14206,0.14147,0.14225,0.14059,0.14225,-0.00150581,-0.00102539,-0.00130856,-0.00130856,-0.00018999999999999573,-0.001335676625659021
1771492500000,2026-02-19T09:15:00Z,0.14206,0.14273,0.14178,0.14251,3225564.6,458855.42488,0.14206,0.14273,0.14179,0.14253,0.14225,0.14293,0.14198,0.14278,-0.00130856,-0.00109783,-0.00201538,-0.00109783,-0.00026999999999999247,-0.0018910211514217151
1771492800000,2026-02-19T09:20:00Z,0.14251,0.14432,0.14235,0.14369,3403759.3,488105.937499,0.14253,0.1441,0.1424,0.14369,0.14278,0.14425,0.14265,0.14391,-0.00109783,-0.00114999,-0.00121905,-0.00121905,-0.00021999999999999797,-0.001528733236050295
1771493100000,2026-02-19T09:25:00Z,0.14369,0.14404,0.14349,0.14368,1946556.5,279907.027952,0.14369,0.14404,0.14357,0.14368,0.14391,0.14429,0.14383,0.14389,-0.00121905,-0.00125796,-0.0013124,-0.0013124,-0.00020999999999998797,-0.001459448189589186
1771493400000,2026-02-19T09:30:00Z,0.14368,0.14547,0.1436,0.14497,4750054.3,687414.465535,0.14368,0.14536,0.14361,0.14503,0.14389,0.14561,0.14387,0.14532,-0.0013124,-0.00120598,-0.00201705,-0.00201705,-0.00035000000000001696,-0.00240847784200397
1771493700000,2026-02-19T09:35:00Z,0.14497,0.14497,0.14348,0.14466,3862372.2,557121.986694,0.14503,0.14503,0.14353,0.14469,0.14532,0.14532,0.14385,0.14497,-0.00201705,-0.00163369,-0.00164414,-0.00164414,-0.00030999999999997696,-0.002138373456577064
1771494000000,2026-02-19T09:40:00Z,0.14466,0.14667,0.14466,0.14614,6093425.4,889621.293695,0.14469,0.1466,0.14469,0.1462,0.14497,0.14687,0.14497,0.14656,-0.00164414,-0.00145032,-0.00159357,-0.00159357,-0.0004200000000000037,-0.0028657205240174926
1771494300000,2026-02-19T09:45:00Z,0.14614,0.14676,0.14522,0.14527,3944479.9,575794.631334,0.1462,0.1467,0.14525,0.14534,0.14656,0.14696,0.14562,0.14572,-0.00159357,-0.0020384,-0.00255604,-0.00255604,-0.0004499999999999782,-0.00308811419160018
1771494600000,2026-02-19T09:50:00Z,0.14527,0.14651,0.14527,0.14558,3298316.7,480899.572793,0.14534,0.1464,0.14534,0.14558,0.14572,0.14669,0.1457,0.14586,-0.00255604,-0.00136375,-0.00139438,-0.00136375,-0.00028000000000000247,-0.001919648978472525
1771494900000,2026-02-19T09:55:00Z,0.14558,0.14566,0.14363,0.14371,3697747.3,533765.479212,0.14558,0.14566,0.14368,0.14371,0.14586,0.14595,0.14396,0.14399,-0.00136375,-0.00153679,-0.00156676,-0.00156676,-0.00028000000000000247,-0.0019445794846864536
1771495200000,2026-02-19T10:00:00Z,0.14371,0.14371,0.14201,0.1423,5464676.6,779764.960717,0.14371,0.14371,0.1422,0.14232,0.14399,0.14399,0.14243,0.14267,-0.00156676,-0.00181234,-0.00201685,-0.00181234,-0.00036999999999998145,-0.0025933973505290636
1771495500000,2026-02-19T10:05:00Z,0.1423,0.14235,0.14168,0.14226,2728298.3,387518.437446,0.14232,0.14232,0.1417,0.1423,0.14267,0.14268,0.14204,0.14263,-0.00181234,-0.00127922,-0.00188576,-0.00127922,-0.0003700000000000092,-0.002594124658206613
1771495800000,2026-02-19T10:10:00Z,0.14226,0.14318,0.14204,0.14265,2996261.9,427391.034615,0.1423,0.14313,0.14216,0.14265,0.14263,0.14345,0.14249,0.14297,-0.00127922,-0.00197253,-0.00213986,-0.00213986,-0.0003200000000000147,-0.002238231796880567
1771496100000,2026-02-19T10:15:00Z,0.14265,0.14444,0.14241,0.1442,2402056.2,344601.628272,0.14265,0.14441,0.14242,0.1443,0.14297,0.14468,0.14276,0.14461,-0.00213986,-0.00165286,-0.00211413,-0.00165286,-0.0004099999999999937,-0.0028352119493810506
1771496400000,2026-02-19T10:20:00Z,0.1442,0.1449,0.14398,0.14463,2274521.1,328405.501676,0.1443,0.14489,0.14407,0.14464,0.14461,0.14511,0.14437,0.14482,-0.00165286,-0.00191623,-0.00192202,-0.00191623,-0.00018999999999999573,-0.00131197348432534
1771496700000,2026-02-19T10:25:00Z,0.14463,0.14491,0.14334,0.14356,3031583,436566.236479,0.14464,0.14486,0.14334,0.14356,0.14482,0.14516,0.14364,0.14385,-0.00191623,-0.00096,-0.00192453,-0.00096,-0.00029000000000001247,-0.0020159888773028326
1771497000000,2026-02-19T10:30:00Z,0.14356,0.14456,0.14333,0.14395,2435785.5,350572.807005,0.14356,0.14446,0.14338,0.14396,0.14385,0.14475,0.14366,0.14426,-0.00096,-0.00177071,-0.00198697,-0.00198697,-0.0003100000000000047,-0.0021488978233744956
1771497300000,2026-02-19T10:35:00Z,0.14395,0.14395,0.14258,0.14336,2243652.1,321203.660539,0.14396,0.14396,0.14261,0.14336,0.14426,0.14426,0.14293,0.14364,-0.00198697,-0.00129246,-0.00142098,-0.00129246,-0.00028000000000000247,-0.0019493177387914402
1771497600000,2026-02-19T10:40:00Z,0.14336,0.14338,0.1426,0.14289,1803123.8,257802.306557,0.14336,0.14338,0.14275,0.14289,0.14364,0.14364,0.14306,0.14316,-0.00129246,-0.00112056,-0.00192804,-0.00112056,-0.0002700000000000202,-0.0018860016764460758
1771497900000,2026-02-19T10:45:00Z,0.14289,0.14319,0.14257,0.14273,1465646.1,209401.463275,0.14289,0.14315,0.14263,0.14277,0.14316,0.14349,0.14297,0.14314,-0.00112056,-0.00156709,-0.00196714,-0.00156709,-0.0004099999999999937,-0.0028643286293139145
1771498200000,2026-02-19T10:50:00Z,0.14273,0.14318,0.14216,0.14303,1735822.4,247587.000586,0.14277,0.14312,0.14217,0.14303,0.14314,0.14349,0.14254,0.14339,-0.00156709,-0.00230151,-0.00239372,-0.00239372,-0.0003599999999999992,-0.0025106353302182804
1771498500000,2026-02-19T10:55:00Z,0.14303,0.1431,0.14117,0.14175,2503681.1,355475.447288,0.14303,0.14308,0.14152,0.14175,0.14339,0.14343,0.14193,0.1421,-0.00239372,-0.00146008,-0.00248126,-0.00248126,-0.00035000000000001696,-0.0024630541871922375
1771498800000,2026-02-19T11:00:00Z,0.14175,0.14277,0.14152,0.1424,2786531.4,395826.814638,0.14175,0.14263,0.14155,0.14245,0.1421,0.14307,0.14192,0.14282,-0.00248126,-0.00201683,-0.00227451,-0.00201683,-0.0004200000000000037,-0.002940764598795713
1771499100000,2026-02-19T11:05:00Z,0.1424,0.14307,0.14233,0.14295,1626293.6,232137.015957,0.14245,0.14301,0.14233,0.14296,0.14282,0.14337,0.14271,0.1433,-0.00201683,-0.00185446,-0.00254074,-0.00185446,-0.00035000000000001696,-0.0024424284717377317
1771499400000,2026-02-19T11:10:00Z,0.14295,0.14309,0.14246,0.14288,1469976.5,209946.985223,0.14296,0.14313,0.1425,0.14292,0.1433,0.14348,0.14286,0.14326,-0.00185446,-0.00192754,-0.00238624,-0.00192754,-0.00037999999999999146,-0.0026525198938991447
1771499700000,2026-02-19T11:15:00Z,0.14288,0.14346,0.14286,0.14293,1631494.9,233684.496384,0.14292,0.14346,0.1429,0.143,0.14326,0.1438,0.14324,0.14336,-0.00192754,-0.0014207,-0.00184116,-0.00184116,-0.00042999999999998595,-0.0029994419642856165
1771500000000,2026-02-19T11:20:00Z,0.14293,0.1432,0.14228,0.14254,1469231.2,209772.806424,0.143,0.1432,0.14236,0.14254,0.14336,0.14354,0.14271,0.14287,-0.00184116,-0.00202251,-0.00213856,-0.00213856,-0.00032999999999999696,-0.0023097921187092947
1771500300000,2026-02-19T11:25:00Z,0.14254,0.14286,0.14119,0.14163,1946511.1,276192.39833,0.14254,0.14286,0.14129,0.14167,0.14287,0.14313,0.14162,0.142,-0.00213856,-0.00191874,-0.00206099,-0.00206099,-0.00036999999999998145,-0.002605633802816771
1771500600000,2026-02-19T11:30:00Z,0.14163,0.14207,0.14149,0.14164,1383356.6,196026.95202,0.14167,0.14188,0.14152,0.14164,0.142,0.14226,0.14184,0.14189,-0.00206099,-0.00169285,-0.0020295,-0.00169285,-0.0002500000000000002,-0.0017619282542814874
1771500900000,2026-02-19T11:35:00Z,0.14164,0.14164,0.14052,0.14113,2743686.6,386747.665032,0.14164,0.14164,0.14053,0.14113,0.14189,0.14189,0.1408,0.1414,-0.00169285,-0.00119759,-0.00151883,-0.00151883,-0.00026999999999999247,-0.0019094766619518562
1771501200000,2026-02-19T11:40:00Z,0.14113,0.14238,0.14109,0.14229,2126763.1,301825.105199,0.14113,0.14238,0.14113,0.14229,0.1414,0.14267,0.1414,0.1426,-0.00151883,-0.00186067,-0.00219903,-0.00186067,-0.0003100000000000047,-0.002173913043478294
1771501500000,2026-02-19T11:45:00Z,0.14229,0.14241,0.14158,0.14182,1295121.4,183955.122446,0.14229,0.1424,0.14158,0.14182,0.1426,0.1427,0.1419,0.14216,-0.00186067,-0.0017953,-0.00181184,-0.00181184,-0.00034000000000000696,-0.0023916713562183944
1771501800000,2026-02-19T11:50:00Z,0.14182,0.1419,0.14102,0.14128,1011693.2,143184.626291,0.14182,0.1419,0.14114,0.14128,0.14216,0.14216,0.14141,0.14152,-0.00181184,-0.00093963,-0.00173338,-0.00173338,-0.00024000000000001798,-0.0016958733747881427
1771502100000,2026-02-19T11:55:00Z,0.14128,0.14199,0.14106,0.1416,1298415.2,183796.818721,0.14128,0.14194,0.14117,0.14161,0.14152,0.14215,0.14142,0.14192,-0.00173338,-0.00154986,-0.0017979,-0.0017979,-0.00031999999999998696,-0.0022547914317924676
1771502400000,2026-02-19T12:00:00Z,0.1416,0.14209,0.14109,0.14129,1740026.6,246450.818856,0.14161,0.14204,0.14111,0.14129,0.14192,0.14231,0.14145,0.14161,-0.0017979,-0.00173543,-0.00256515,-0.00256515,-0.0003200000000000147,-0.0022597274203800203
1771502700000,2026-02-19T12:05:00Z,0.14129,0.14248,0.14127,0.1424,1745521.9,247892.102669,0.14129,0.14245,0.14127,0.1424,0.14161,0.14278,0.14161,0.14277,-0.00256515,-0.0018158,-0.00230573,-0.00230573,-0.0003700000000000092,-0.002591580864327304
1771503000000,2026-02-19T12:10:00Z,0.1424,0.14294,0.14176,0.1427,1961401.2,279145.840835,0.1424,0.14287,0.1418,0.14273,0.14277,0.1432,0.14222,0.1431,-0.00230573,-0.00228478,-0.00247782,-0.00228478,-0.00040000000000001146,-0.0027952480782670263
1771503300000,2026-02-19T12:15:00Z,0.1427,0.14303,0.14177,0.14194,1986206.6,282791.649995,0.14273,0.14305,0.14178,0.14194,0.1431,0.1434,0.14218,0.14233,-0.00228478,-0.0019814,-0.00202705,-0.0019814,-0.00039000000000000146,-0.002740111009625528
1771503600000,2026-02-19T12:20:00Z,0.14194,0.1425,0.14183,0.14233,1100196.3,156403.883065,0.14194,0.14252,0.14183,0.14233,0.14233,0.14287,0.14218,0.14268,-0.0019814,-0.0016309,-0.00234218,-0.00234218,-0.0003499999999999892,-0.0024530417717969527
1771503900000,2026-02-19T12:25:00Z,0.14233,0.14296,0.14233,0.1429,1525883.3,217490.841417,0.14233,0.1429,0.14233,0.1429,0.14268,0.1432,0.14267,0.14318,-0.00234218,-0.00163103,-0.00208875,-0.00163103,-0.00028000000000000247,-0.0019555803883224087
1771504200000,2026-02-19T12:30:00Z,0.1429,0.14374,0.14274,0.14341,2486604,356312.264823,0.1429,0.14363,0.14285,0.14341,0.14318,0.14386,0.14318,0.14375,-0.00163103,-0.00100069,-0.00201447,-0.00201447,-0.0003399999999999792,-0.002365217391304203
1771504500000,2026-02-19T12:35:00Z,0.14341,0.14445,0.14333,0.14431,1761716,253187.707895,0.14341,0.14431,0.14339,0.14431,0.14375,0.14456,0.14373,0.14452,-0.00201447,-0.00117587,-0.00176528,-0.00176528,-0.00021000000000001573,-0.0014530860780515894
1771504800000,2026-02-19T12:40:00Z,0.14431,0.1444,0.14378,0.1438,1661442.1,239472.669653,0.14431,0.1444,0.14383,0.14383,0.14452,0.14468,0.14423,0.14423,-0.00176528,-0.00230106,-0.002442,-0.002442,-0.00042999999999998595,-0.002981349233862483
1771505100000,2026-02-19T12:45:00Z,0.1438,0.14399,0.14341,0.14366,1031971.3,148300.228826,0.14383,0.14399,0.14345,0.14371,0.14423,0.14438,0.14381,0.14407,-0.002442,-0.00205023,-0.00213956,-0.00213956,-0.0004099999999999937,-0.0028458388283472873
1771505400000,2026-02-19T12:50:00Z,0.14366,0.14385,0.1432,0.14356,1307334.1,187755.828157,0.14371,0.14382,0.14331,0.14356,0.14407,0.14421,0.1437,0.14399,-0.00213956,-0.00280422,-0.00305271,-0.00280422,-0.0004300000000000137,-0.00298631849433998
1771505700000,2026-02-19T12:55:00Z,0.14356,0.14358,0.14232,0.14247,1968776.6,281214.527574,0.14356,0.14358,0.14235,0.14247,0.14399,0.14399,0.14275,0.14281,-0.00280422,-0.00215394,-0.00249319,-0.00215394,-0.0003399999999999792,-0.0023807856592674126
1771506000000,2026-02-19T13:00:00Z,0.14247,0.14274,0.1374,0.13879,14178335,1974931.511078,0.14247,0.14265,0.13765,0.13879,0.14281,0.1429,0.13804,0.13911,-0.00215394,-0.00209326,-0.00240644,-0.00240644,-0.0003200000000000147,-0.002300337862123605
1771506300000,2026-02-19T13:05:00Z,0.13879,0.14007,0.13855,0.13992,3839318.8,534265.436318,0.13879,0.14006,0.13856,0.13992,0.13911,0.14037,0.13892,0.14023,-0.00240644,-0.00176857,-0.00196672,-0.00196672,-0.0003100000000000047,-0.0022106539256935374
1771506600000,2026-02-19T13:10:00Z,0.13992,0.14032,0.13978,0.14018,2532925.3,354828.091712,0.13992,0.14032,0.13981,0.14018,0.14023,0.14069,0.14021,0.14052,-0.00196672,-0.0021571,-0.00226787,-0.00226787,-0.00034000000000000696,-0.002419584400797089
1771506900000,2026-02-19T13:15:00Z,0.14018,0.14105,0.14016,0.14075,2444845.7,343847.171649,0.14018,0.14107,0.14016,0.14094,0.14052,0.14146,0.1405,0.14133,-0.00226787,-0.0022336,-0.00320066,-0.00320066,-0.0005800000000000249,-0.004103870374301457
1771507200000,2026-02-19T13:20:00Z,0.14075,0.14191,0.14074,0.14151,2566428,363188.662312,0.14094,0.1419,0.14088,0.14155,0.14133,0.14225,0.14128,0.142,-0.00320066,-0.00199317,-0.00370356,-0.00370356,-0.0004899999999999904,-0.003450704225352046
1771507500000,2026-02-19T13:25:00Z,0.14151,0.14186,0.14139,0.14166,1335919.1,189094.998866,0.14155,0.14186,0.14142,0.14166,0.142,0.14214,0.14185,0.1421,-0.00370356,-0.00260333,-0.00272672,-0.00272672,-0.00043999999999999595,-0.0030964109781843486
1771507800000,2026-02-19T13:30:00Z,0.14166,0.14228,0.14165,0.14209,1709812.3,242716.056778,0.14166,0.14228,0.14166,0.14209,0.1421,0.14267,0.1421,0.1425,-0.00272672,-0.00264315,-0.00271799,-0.00271799,-0.0004099999999999937,-0.0028771929824560963
1771508100000,2026-02-19T13:35:00Z,0.14209,0.1421,0.1401,0.14033,2382638,336228.567463,0.14209,0.14211,0.1402,0.14033,0.1425,0.14254,0.14058,0.14068,-0.00271799,-0.0025514,-0.00341124,-0.00341124,-0.0003499999999999892,-0.0024879158373613108
1771508400000,2026-02-19T13:40:00Z,0.14033,0.14033,0.13888,0.13968,3488191,486488.319362,0.14033,0.14033,0.13903,0.13968,0.14068,0.14068,0.13942,0.13998,-0.00341124,-0.00134559,-0.00192728,-0.00192728,-0.0002999999999999947,-0.0021431633090441115
1771508700000,2026-02-19T13:45:00Z,0.13968,0.13984,0.13944,0.1396,1245155,173922.303921,0.13968,0.13985,0.13951,0.1396,0.13998,0.14014,0.13977,0.13977,-0.00192728,-0.00120944,-0.00161705,-0.00161705,-0.00017000000000000348,-0.0012162838949703332
1771509000000,2026-02-19T13:50:00Z,0.1396,0.14045,0.13914,0.14033,2010950.2,281423.946344,0.1396,0.14045,0.13928,0.14033,0.13977,0.14066,0.1396,0.14058,-0.00161705,-0.00111069,-0.00132312,-0.00132312,-0.0002500000000000002,-0.0017783468487693854
1771509300000,2026-02-19T13:55:00Z,0.14033,0.14068,0.13969,0.13976,1071646.9,150068.912726,0.14033,0.14061,0.13969,0.13976,0.14058,0.14083,0.14003,0.14008,-0.00132312,-0.00186013,-0.00231432,-0.00231432,-0.0003200000000000147,-0.002284408909194851
1771509600000,2026-02-19T14:00:00Z,0.13976,0.14051,0.13957,0.14051,1586407.9,222031.6064,0.13976,0.14051,0.13959,0.14051,0.14008,0.14086,0.13989,0.14086,-0.00231432,-0.00228084,-0.00228567,-0.00228084,-0.00035000000000001696,-0.0024847366179186208
1771509900000,2026-02-19T14:05:00Z,0.14051,0.14092,0.14036,0.14088,792308.6,111453.22152,0.14051,0.14092,0.1404,0.14088,0.14086,0.14128,0.1408,0.14124,-0.00228084,-0.00198062,-0.00212576,-0.00212576,-0.0003599999999999992,-0.00254885301614273
1771510200000,2026-02-19T14:10:00Z,0.14088,0.14092,0.13812,0.13899,4442519.4,616743.75324,0.14088,0.14092,0.13821,0.13903,0.14124,0.14127,0.13849,0.13931,-0.00212576,-0.00142369,-0.00157611,-0.00142369,-0.00031999999999998696,-0.002297035388701364
1771510500000,2026-02-19T14:15:00Z,0.13899,0.13928,0.13819,0.13868,2564299.5,355964.033292,0.13903,0.13927,0.13829,0.13868,0.13931,0.13949,0.13849,0.13893,-0.00142369,-0.00126824,-0.00211514,-0.00211514,-0.0002500000000000002,-0.0017994673576621335
1771510800000,2026-02-19T14:20:00Z,0.13868,0.13912,0.13857,0.13899,866719.2,120382.615546,0.13868,0.13911,0.13857,0.13899,0.13893,0.13937,0.13877,0.13929,-0.00211514,-0.0018952,-0.00189987,-0.0018952,-0.0002999999999999947,-0.0021537798836958485
1771511100000,2026-02-19T14:25:00Z,0.13899,0.14029,0.13896,0.13968,1902683.1,265858.643123,0.13899,0.14029,0.13899,0.13968,0.13929,0.14052,0.13929,0.13986,-0.0018952,-0.00134708,-0.00160082,-0.00134708,-0.00018000000000001348,-0.0012870012870013832
1771511400000,2026-02-19T14:30:00Z,0.13968,0.13975,0.13778,0.13891,3633147.6,503997.282904,0.13968,0.13975,0.13799,0.13892,0.13986,0.13996,0.13817,0.13916,-0.00134708,-0.00123384,-0.00166666,-0.00123384,-0.0002500000000000002,-0.0017964932451853997
1771511700000,2026-02-19T14:35:00Z,0.13891,0.14009,0.13848,0.13953,2784760.2,387633.49405,0.13892,0.14005,0.13851,0.13955,0.13916,0.14029,0.13876,0.13981,-0.00123384,-0.00046981,-0.00140622,-0.00046981,-0.00028000000000000247,-0.002002717974393838
1771512000000,2026-02-19T14:40:00Z,0.13953,0.13959,0.13613,0.13764,8362729.3,1150368.548474,0.13955,0.13957,0.13679,0.13764,0.13981,0.13981,0.1369,0.13789,-0.00046981,-0.00138452,-0.00170481,-0.00170481,-0.0002500000000000002,-0.001813039379215318
1771512300000,2026-02-19T14:45:00Z,0.13764,0.13908,0.13712,0.13882,3238849.6,446796.705337,0.13764,0.13906,0.13718,0.13882,0.13789,0.1392,0.1374,0.13901,-0.00170481,-0.00098541,-0.00148334,-0.00098541,-0.00018999999999999573,-0.0013668081432990126
1771512600000,2026-02-19T14:50:00Z,0.13882,0.13974,0.13872,0.13902,2311562.2,321857.084995,0.13882,0.13972,0.1388,0.13905,0.13901,0.13991,0.139,0.13928,-0.00098541,-0.00058864,-0.00076392,-0.00058864,-0.00025999999999998247,-0.0018667432510050437
1771512900000,2026-02-19T14:55:00Z,0.13902,0.13957,0.13739,0.1382,3512460.8,485391.411949,0.13905,0.13957,0.13746,0.1382,0.13928,0.13974,0.1377,0.13837,-0.00058864,-0.00124026,-0.00158536,-0.00124026,-0.00017000000000000348,-0.0012285900122859254
1771513200000,2026-02-19T15:00:00Z,0.1382,0.13979,0.13809,0.13943,3135788.5,435800.903705,0.1382,0.1398,0.13815,0.13946,0.13837,0.13999,0.1383,0.13967,-0.00124026,-0.00059798,-0.00107569,-0.00059798,-0.00023999999999999022,-0.0017183360778978323
1771513500000,2026-02-19T15:05:00Z,0.13943,0.13954,0.13785,0.13789,1646039.7,228173.933058,0.13946,0.13956,0.13796,0.13796,0.13967,0.13977,0.13823,0.13823,-0.00059798,-0.0014523,-0.00147379,-0.0014523,-0.0003399999999999792,-0.0024596686681616093
1771513800000,2026-02-19T15:10:00Z,0.13789,0.13858,0.13772,0.13825,2907415.1,401542.58328,0.13796,0.13857,0.13772,0.13825,0.13823,0.13879,0.13797,0.13837,-0.0014523,-0.00080513,-0.00113161,-0.00113161,-0.00011999999999998123,-0.0008672400086722645
1771514100000,2026-02-19T15:15:00Z,0.13825,0.13905,0.1382,0.13873,1887160.3,261706.783607,0.13825,0.13901,0.1382,0.13873,0.13837,0.13921,0.13837,0.13894,-0.00113161,-0.000547,-0.00152058,-0.00152058,-0.00021000000000001573,-0.0015114437886858767
1771514400000,2026-02-19T15:20:00Z,0.13873,0.13873,0.13753,0.13872,1413651,195276.161846,0.13873,0.13874,0.13764,0.13872,0.13894,0.13896,0.1379,0.13878,-0.00152058,-0.00082051,-0.00099826,-0.00082051,-5.999999999997674e-05,-0.00043233895373956437
1771514700000,2026-02-19T15:25:00Z,0.13872,0.13889,0.1383,0.13834,1315723.9,182411.532119,0.13872,0.1389,0.13835,0.13835,0.13878,0.13908,0.13856,0.13859,-0.00082051,-0.00129219,-0.00131739,-0.00131739,-0.0002500000000000002,-0.0018038819539649342
1771515000000,2026-02-19T15:30:00Z,0.13834,0.13884,0.13807,0.13882,1424350.8,197285.468089,0.13835,0.13885,0.13821,0.13884,0.13859,0.13906,0.13844,0.13905,-0.00131739,-0.00036651,-0.00100158,-0.00100158,-0.00023000000000000798,-0.0016540812657318085
1771515300000,2026-02-19T15:35:00Z,0.13882,0.14013,0.13877,0.13969,2225156.7,310450.31268,0.13884,0.14015,0.1388,0.13976,0.13905,0.14035,0.13902,0.13996,-0.00100158,-0.00063039,-0.00148401,-0.00148401,-0.00026999999999999247,-0.0019291226064589344
1771515600000,2026-02-19T15:40:00Z,0.13969,0.14066,0.13929,0.1403,1747181.6,244847.905292,0.13976,0.14063,0.13941,0.14033,0.13996,0.14074,0.13963,0.14053,-0.00148401,-0.00059774,-0.00062923,-0.00062923,-0.00022999999999998022,-0.0016366612111291556
1771515900000,2026-02-19T15:45:00Z,0.1403,0.14088,0.14012,0.14054,2010583.8,282589.370546,0.14033,0.14089,0.14016,0.14059,0.14053,0.14108,0.14035,0.14079,-0.00062923,-0.00099751,-0.00119091,-0.00099751,-0.0002500000000000002,-0.0017756942964699213
1771516200000,2026-02-19T15:50:00Z,0.14054,0.14061,0.13881,0.13894,3223073.4,450506.810508,0.14059,0.14062,0.13886,0.13894,0.14079,0.14081,0.1391,0.13914,-0.00099751,-0.00132627,-0.00137329,-0.00132627,-0.00020000000000000573,-0.0014374011786690076
1771516500000,2026-02-19T15:55:00Z,0.13894,0.13951,0.13858,0.13932,2617293.4,364094.298603,0.13894,0.13942,0.13865,0.1394,0.13914,0.13961,0.13883,0.13958,-0.00132627,-0.00037926,-0.0008544,-0.00037926,-0.0002600000000000102,-0.0018627310502938115
1771516800000,2026-02-19T16:00:00Z,0.13932,0.13949,0.13764,0.13809,2993524.7,413979.57644,0.1394,0.13951,0.13771,0.13818,0.13958,0.13974,0.13796,0.13843,-0.00037926,-0.00127048,-0.00144724,-0.00144724,-0.00034000000000000696,-0.0024561150039731777
1771517100000,2026-02-19T16:05:00Z,0.13809,0.13945,0.13802,0.13908,2546395.7,353274.563952,0.13818,0.13948,0.1381,0.13913,0.13843,0.13972,0.13836,0.13939,-0.00144724,-0.0009575,-0.00109802,-0.00109802,-0.00030999999999997696,-0.0022239758949707798
1771517400000,2026-02-19T16:10:00Z,0.13908,0.14,0.13895,0.13962,1389596.8,193961.029527,0.13913,0.13999,0.13911,0.13962,0.13939,0.14019,0.13936,0.13981,-0.00109802,-0.00163136,-0.00163426,-0.00163136,-0.00018999999999999573,-0.001358987196910062
1771517700000,2026-02-19T16:15:00Z,0.13962,0.14048,0.13948,0.14031,1419397.5,198760.962618,0.13962,0.14046,0.13958,0.14031,0.13981,0.1407,0.13979,0.14057,-0.00163136,-0.00097624,-0.00142936,-0.00097624,-0.0002600000000000102,-0.0018496122928079264
1771518000000,2026-02-19T16:20:00Z,0.14031,0.14033,0.1381,0.13896,2572897.4,357761.05261,0.14031,0.14032,0.13829,0.13896,0.14057,0.14058,0.1385,0.13925,-0.00097624,-0.00119827,-0.00170437,-0.00119827,-0.00029000000000001247,-0.0020825852782765707
1771518300000,2026-02-19T16:25:00Z,0.13896,0.13919,0.13837,0.13904,756906.3,105089.066677,0.13896,0.13918,0.13838,0.13904,0.13925,0.13943,0.13864,0.13924,-0.00119827,-0.00127539,-0.00149479,-0.00127539,-0.00020000000000000573,-0.0014363688595231665
1771518600000,2026-02-19T16:30:00Z,0.13904,0.13982,0.13899,0.13973,1116395.7,155668.86779,0.13904,0.13973,0.139,0.13973,0.13924,0.14001,0.13924,0.14001,-0.00127539,-0.00136741,-0.00188408,-0.00188408,-0.00028000000000000247,-0.0019998571530605133
1771518900000,2026-02-19T16:35:00Z,0.13973,0.13988,0.1393,0.13964,1254064,175128.223914,0.13973,0.13984,0.13937,0.13965,0.14001,0.14014,0.13964,0.13994,-0.00188408,-0.00119739,-0.00206211,-0.00206211,-0.00030000000000002247,-0.0021437759039589998
1771519200000,2026-02-19T16:40:00Z,0.13964,0.13964,0.13875,0.13877,1328833.5,184852.3011,0.13965,0.13965,0.1388,0.13881,0.13994,0.13994,0.13908,0.1391,-0.00206211,-0.00123246,-0.00192628,-0.00192628,-0.00032999999999999696,-0.002372393961178986
1771519500000,2026-02-19T16:45:00Z,0.13877,0.13882,0.13782,0.13816,2177170.8,300825.157066,0.13881,0.13881,0.13794,0.13816,0.1391,0.1391,0.13824,0.13845,-0.00192628,-0.00123381,-0.00134299,-0.00134299,-0.0002899999999999847,-0.0020946189960273365
1771519800000,2026-02-19T16:50:00Z,0.13816,0.13853,0.13728,0.13825,2049253.1,282656.181128,0.13816,0.1385,0.13733,0.13829,0.13845,0.13877,0.13762,0.1386,-0.00134299,-0.00155174,-0.00211758,-0.00211758,-0.0003499999999999892,-0.0025252525252524474
1771520100000,2026-02-19T16:55:00Z,0.13825,0.13827,0.13775,0.13779,910276.7,125602.30903,0.13829,0.13829,0.13776,0.13785,0.1386,0.1386,0.13808,0.13817,-0.00211758,-0.0018144,-0.0019718,-0.0018144,-0.00037999999999999146,-0.0027502352174856443
1771520400000,2026-02-19T17:00:00Z,0.13779,0.13825,0.13567,0.13632,5401174.5,738014.995397,0.13785,0.13825,0.13611,0.13634,0.13817,0.1385,0.13642,0.13664,-0.0018144,-0.00165092,-0.00231305,-0.00165092,-0.0003200000000000147,-0.0023419203747073675
1771520700000,2026-02-19T17:05:00Z,0.13632,0.13675,0.13385,0.13535,10726619.3,1449735.581478,0.13634,0.13674,0.1346,0.13544,0.13664,0.13696,0.13479,0.13578,-0.00165092,-0.00161005,-0.00230139,-0.00161005,-0.0004300000000000137,-0.003166887612314138
1771521000000,2026-02-19T17:10:00Z,0.13535,0.13709,0.13534,0.13637,2995155.7,408189.250162,0.13544,0.13708,0.13544,0.13637,0.13578,0.13737,0.13578,0.13669,-0.00161005,-0.00156907,-0.00215712,-0.00156907,-0.0003200000000000147,-0.002341063720828259
1771521300000,2026-02-19T17:15:00Z,0.13637,0.13761,0.13605,0.13742,3413768.9,466693.199923,0.13637,0.1376,0.13611,0.13749,0.13669,0.13785,0.13645,0.13779,-0.00156907,-0.00124576,-0.00192765,-0.00192765,-0.0003700000000000092,-0.002685245663691191
1771521600000,2026-02-19T17:20:00Z,0.13742,0.13783,0.13659,0.13783,1856313.4,254766.578058,0.13749,0.13783,0.13666,0.13783,0.13779,0.13814,0.137,0.13814,-0.00192765,-0.00179777,-0.00201914,-0.00201914,-0.0003100000000000047,-0.0022441001882148883
1771521900000,2026-02-19T17:25:00Z,0.13783,0.13867,0.13742,0.13769,4440401,612729.34684,0.13783,0.13856,0.1375,0.13777,0.13814,0.13888,0.13782,0.13812,-0.00201914,-0.00139495,-0.00160372,-0.00139495,-0.00042999999999998595,-0.0031132348682304228
1771522200000,2026-02-19T17:30:00Z,0.13769,0.13793,0.13618,0.13626,1919328.8,263147.927315,0.13777,0.13793,0.13624,0.13626,0.13812,0.13826,0.13665,0.13669,-0.00139495,-0.00259554,-0.00299767,-0.00259554,-0.0004300000000000137,-0.0031458043748629283
1771522500000,2026-02-19T17:35:00Z,0.13626,0.13656,0.13541,0.13546,2832169.8,384941.070908,0.13626,0.13656,0.13546,0.13548,0.13669,0.13692,0.13582,0.13589,-0.00259554,-0.00265483,-0.00313738,-0.00265483,-0.0004300000000000137,-0.0031643240856576178
1771522800000,2026-02-19T17:40:00Z,0.13546,0.13647,0.13546,0.13611,1224778.8,166725.02528,0.13548,0.13647,0.13548,0.13611,0.13589,0.13681,0.13589,0.13649,-0.00265483,-0.00238482,-0.00257379,-0.00238482,-0.00037999999999999146,-0.0027840867462817164
1771523100000,2026-02-19T17:45:00Z,0.13611,0.13624,0.1344,0.13453,3004657.6,406471.042846,0.13611,0.13624,0.13452,0.13454,0.13649,0.1366,0.13485,0.13496,-0.00238482,-0.0020044,-0.00314308,-0.00314308,-0.00042999999999998595,-0.0031861292234735177
1771523400000,2026-02-19T17:50:00Z,0.13453,0.13505,0.13437,0.13458,1954314.6,263307.127063,0.13454,0.13504,0.1344,0.13458,0.13496,0.13543,0.13482,0.135,-0.00314308,-0.00242673,-0.00309843,-0.00242673,-0.0004200000000000037,-0.0031111111111111383
1771523700000,2026-02-19T17:55:00Z,0.13458,0.13622,0.13457,0.13588,1984558.8,268911.070059,0.13458,0.13622,0.13458,0.136,0.135,0.13654,0.13496,0.13637,-0.00242673,-0.00159736,-0.00224258,-0.00159736,-0.0004899999999999904,-0.0035931656522694908
1771524000000,2026-02-19T18:00:00Z,0.13588,0.13619,0.13542,0.1356,1709514.5,232184.086184,0.136,0.13618,0.13551,0.13569,0.13637,0.13654,0.13592,0.13606,-0.00159736,-0.00246424,-0.00279512,-0.00279512,-0.0004599999999999882,-0.0033808613846831414
1771524300000,2026-02-19T18:05:00Z,0.1356,0.13651,0.13542,0.13628,2018642.8,274274.049558,0.13569,0.1365,0.13551,0.13635,0.13606,0.13687,0.13588,0.13673,-0.00279512,-0.00222788,-0.0028672,-0.00222788,-0.0004499999999999782,-0.0032911577561616193
1771524600000,2026-02-19T18:10:00Z,0.13628,0.13765,0.1362,0.13731,3762320.3,515031.542764,0.13635,0.13764,0.13624,0.13735,0.13673,0.13791,0.13662,0.13774,-0.00222788,-0.00232368,-0.00290885,-0.00232368,-0.0004300000000000137,-0.003121823725860416
1771524900000,2026-02-19T18:15:00Z,0.13731,0.13742,0.13656,0.13693,1559048.4,213590.719962,0.13735,0.13742,0.13663,0.13693,0.13774,0.13774,0.13706,0.13731,-0.00232368,-0.0020492,-0.00271998,-0.0020492,-0.00037999999999999146,-0.0027674604908600356
1771525200000,2026-02-19T18:20:00Z,0.13693,0.13742,0.1364,0.13719,1201543.7,164490.105152,0.13693,0.13742,0.13647,0.13724,0.13731,0.13763,0.13687,0.1376,-0.0020492,-0.00215189,-0.00231821,-0.00215189,-0.0004099999999999937,-0.002979651162790652
1771525500000,2026-02-19T18:25:00Z,0.13719,0.13829,0.13717,0.13809,2251836.4,310710.649681,0.13724,0.13831,0.13721,0.13809,0.1376,0.13866,0.13757,0.13845,-0.00215189,-0.00253923,-0.00260158,-0.00253923,-0.0003599999999999992,-0.0026002166847237215
1771525800000,2026-02-19T18:30:00Z,0.13809,0.13821,0.13725,0.13733,1602646.2,220926.263867,0.13809,0.13819,0.13728,0.13733,0.13845,0.1386,0.13771,0.13771,-0.00253923,-0.00235152,-0.00236789,-0.00236789,-0.00037999999999999146,-0.002759421973712813
1771526100000,2026-02-19T18:35:00Z,0.13733,0.13815,0.13714,0.13814,1674843.9,230617.456321,0.13733,0.13815,0.1372,0.13814,0.13771,0.13853,0.13763,0.13853,-0.00236789,-0.00195481,-0.00254049,-0.00195481,-0.0003899999999999737,-0.002815274669746436
1771526400000,2026-02-19T18:40:00Z,0.13814,0.13866,0.13793,0.1385,1969383.3,272620.549306,0.13814,0.13865,0.13802,0.13852,0.13853,0.13908,0.1384,0.13893,-0.00195481,-0.00268218,-0.00280289,-0.00280289,-0.00042999999999998595,-0.003095083855178766
1771526700000,2026-02-19T18:45:00Z,0.1385,0.13883,0.13805,0.13812,1457357.8,201738.312755,0.13852,0.13883,0.13805,0.13813,0.13893,0.13924,0.13852,0.1386,-0.00280289,-0.00301835,-0.00355355,-0.00355355,-0.0004800000000000082,-0.003463203463203522
1771527000000,2026-02-19T18:50:00Z,0.13812,0.13818,0.13739,0.1378,1591964.6,219195.489844,0.13813,0.13815,0.13739,0.1378,0.1386,0.13862,0.13786,0.13818,-0.00355355,-0.00237139,-0.00264444,-0.00237139,-0.00037999999999999146,-0.002750036184686579
1771527300000,2026-02-19T18:55:00Z,0.1378,0.1379,0.13711,0.13742,943427.1,129730.119984,0.1378,0.1379,0.1372,0.13743,0.13818,0.13833,0.13765,0.13788,-0.00237139,-0.00244092,-0.00264871,-0.00264871,-0.00046000000000001595,-0.0033362344067306058
1771527600000,2026-02-19T19:00:00Z,0.13742,0.13779,0.13686,0.13765,1248752.2,171409.340617,0.13743,0.13778,0.13694,0.13774,0.13788,0.1382,0.1374,0.13817,-0.00264871,-0.00265889,-0.00271913,-0.00265889,-0.0005199999999999927,-0.003763479771296177
1771527900000,2026-02-19T19:05:00Z,0.13765,0.13828,0.13746,0.13793,1347051.8,185769.287448,0.13774,0.13821,0.13757,0.13793,0.13817,0.13861,0.13801,0.13836,-0.00265889,-0.00242139,-0.00344644,-0.00344644,-0.0004300000000000137,-0.0031078346342874653
1771528200000,2026-02-19T19:10:00Z,0.13793,0.13851,0.13756,0.13808,1657136.9,228890.405083,0.13793,0.13847,0.13767,0.13808,0.13836,0.13892,0.13816,0.13858,-0.00344644,-0.00276188,-0.00381251,-0.00381251,-0.0005000000000000004,-0.0036080242459229357
1771528500000,2026-02-19T19:15:00Z,0.13808,0.13821,0.13741,0.13752,816755.8,112568.339535,0.13808,0.13821,0.13747,0.13752,0.13858,0.13862,0.13794,0.138,-0.00381251,-0.00308527,-0.00336077,-0.00336077,-0.0004800000000000082,-0.0034782608695652765
1771528800000,2026-02-19T19:20:00Z,0.13752,0.1379,0.13741,0.13778,828492,114064.078232,0.13752,0.1379,0.13742,0.13781,0.138,0.13834,0.1379,0.13829,-0.00336077,-0.00311566,-0.00314533,-0.00314533,-0.0005099999999999827,-0.0036879022344347583
1771529100000,2026-02-19T19:25:00Z,0.13778,0.13795,0.13752,0.13771,650727.5,89628.480242,0.13781,0.1379,0.13757,0.13771,0.13829,0.13837,0.13802,0.13812,-0.00314533,-0.00250477,-0.0031557,-0.0031557,-0.0004099999999999937,-0.0029684332464523146
1771529400000,2026-02-19T19:30:00Z,0.13771,0.13792,0.13736,0.13765,1013404.3,139550.660578,0.13771,0.13792,0.13742,0.13765,0.13812,0.13832,0.13784,0.13809,-0.0031557,-0.00304928,-0.00326925,-0.00304928,-0.00043999999999999595,-0.003186327757259729
1771529700000,2026-02-19T19:35:00Z,0.13765,0.13776,0.13664,0.13695,1554263.9,213308.021095,0.13765,0.13776,0.13668,0.13695,0.13809,0.13817,0.13715,0.1374,-0.00304928,-0.00293088,-0.0030306,-0.0030306,-0.00045000000000000595,-0.0032751091703057205
1771530000000,2026-02-19T19:40:00Z,0.13695,0.13721,0.1367,0.13706,788939.2,108025.370703,0.13695,0.13721,0.1367,0.1371,0.1374,0.13763,0.13716,0.13758,-0.0030306,-0.00291424,-0.00323534,-0.00291424,-0.0005200000000000204,-0.0037796191306877485
1771530300000,2026-02-19T19:45:00Z,0.13706,0.13735,0.13693,0.13701,555966.3,76251.989725,0.1371,0.13735,0.13699,0.13701,0.13758,0.13778,0.13749,0.13749,-0.00291424,-0.00324747,-0.00328279,-0.00324747,-0.0004800000000000082,-0.0034911629936723266
1771530600000,2026-02-19T19:50:00Z,0.13701,0.13788,0.13701,0.13762,866971.2,119167.342433,0.13701,0.1378,0.13701,0.13762,0.13749,0.13824,0.13749,0.13806,-0.00324747,-0.00287286,-0.00287356,-0.00287286,-0.00043999999999999595,-0.0031870201361726496
1771530900000,2026-02-19T19:55:00Z,0.13762,0.13832,0.13762,0.13818,860575.9,118782.713012,0.13762,0.13832,0.13762,0.13818,0.13806,0.13875,0.13806,0.13868,-0.00287286,-0.00349916,-0.00420098,-0.00420098,-0.0005000000000000004,-0.0036054225555235105
1771531200000,2026-02-19T20:00:00Z,0.13818,0.13963,0.13794,0.13905,3086874.8,428940.719252,0.13818,0.1396,0.13801,0.13907,0.13868,0.14004,0.13854,0.13958,-0.00420098,-0.00227266,-0.00295111,-0.00295111,-0.0005300000000000027,-0.0037971056025218703
1771531500000,2026-02-19T20:05:00Z,0.13905,0.13926,0.13864,0.13889,1253798.3,174199.366063,0.13907,0.13927,0.13867,0.13889,0.13958,0.13982,0.13921,0.13942,-0.00295111,-0.00320291,-0.00351016,-0.00351016,-0.0005299999999999749,-0.003801463204705028
1771531800000,2026-02-19T20:10:00Z,0.13889,0.13897,0.13836,0.1385,686753.9,95213.434555,0.13889,0.13897,0.1384,0.13859,0.13942,0.13946,0.13893,0.1391,-0.00351016,-0.00319837,-0.0034585,-0.0034585,-0.0005999999999999894,-0.004313443565779939
1771532100000,2026-02-19T20:15:00Z,0.1385,0.13856,0.13816,0.13831,688373,95233.927184,0.13859,0.13859,0.13822,0.13831,0.1391,0.1391,0.13876,0.13882,-0.0034585,-0.00342629,-0.00364033,-0.00364033,-0.0005100000000000104,-0.0036738222158191215
1771532400000,2026-02-19T20:20:00Z,0.13831,0.13876,0.13826,0.13843,679493.7,94135.227973,0.13831,0.13879,0.13829,0.13848,0.13882,0.13929,0.13878,0.13902,-0.00364033,-0.00309371,-0.0035535,-0.0035535,-0.0005900000000000072,-0.004243993669975595
1771532700000,2026-02-19T20:25:00Z,0.13843,0.1391,0.13809,0.13902,633976,87878.165923,0.13848,0.13909,0.13813,0.13905,0.13902,0.13958,0.13868,0.13956,-0.0035535,-0.00352334,-0.00355309,-0.00352334,-0.0005399999999999849,-0.0038693035253653265
1771533000000,2026-02-19T20:30:00Z,0.13902,0.1398,0.13896,0.13925,1299286.7,181134.087567,0.13905,0.13963,0.13903,0.13939,0.13956,0.14014,0.1395,0.13992,-0.00352334,-0.00306064,-0.00308375,-0.00306064,-0.0006699999999999762,-0.0047884505431673545
1771533300000,2026-02-19T20:35:00Z,0.13925,0.1396,0.13891,0.13905,1007543.7,140343.745544,0.13939,0.13957,0.13892,0.13905,0.13992,0.14008,0.13944,0.13954,-0.00306064,-0.0030957,-0.00383772,-0.00383772,-0.0004899999999999904,-0.0035115379102765546
1771533600000,2026-02-19T20:40:00Z,0.13905,0.13949,0.139,0.13908,1486357.8,206939.452831,0.13905,0.13948,0.13903,0.13916,0.13954,0.13996,0.13954,0.13975,-0.00383772,-0.00343047,-0.00385135,-0.00385135,-0.0006700000000000039,-0.004794275491949938
1771533900000,2026-02-19T20:45:00Z,0.13908,0.1398,0.13883,0.13892,1637394.8,228153.052453,0.13916,0.13976,0.13893,0.13893,0.13975,0.14032,0.13944,0.13952,-0.00385135,-0.00341947,-0.00347683,-0.00347683,-0.0006000000000000172,-0.004300458715596454
1771534200000,2026-02-19T20:50:00Z,0.13892,0.13906,0.13853,0.13857,976720.4,135567.109958,0.13893,0.13901,0.1386,0.1386,0.13952,0.13955,0.13912,0.13912,-0.00347683,-0.00307229,-0.00311865,-0.00311865,-0.0005499999999999949,-0.003953421506612959
1771534500000,2026-02-19T20:55:00Z,0.13857,0.13861,0.13717,0.13752,2567298.1,353527.951412,0.1386,0.1386,0.1372,0.13752,0.13912,0.13912,0.13765,0.1379,-0.00311865,-0.00241729,-0.00280688,-0.00280688,-0.00037999999999999146,-0.0027556200145032014
1771534800000,2026-02-19T21:00:00Z,0.13752,0.13836,0.13741,0.13836,1156127.2,159536.680551,0.13752,0.13836,0.13744,0.13836,0.1379,0.13875,0.1379,0.13874,-0.00280688,-0.00270317,-0.00296925,-0.00296925,-0.00037999999999999146,-0.0027389361395415267
1771535100000,2026-02-19T21:05:00Z,0.13836,0.13857,0.13826,0.13829,607579.4,84102.263338,0.13836,0.13856,0.13828,0.13829,0.13874,0.13899,0.13874,0.13875,-0.00296925,-0.00253983,-0.00276899,-0.00276899,-0.00046000000000001595,-0.00331531531531543
1771535400000,2026-02-19T21:10:00Z,0.13829,0.13874,0.13808,0.1386,1043091.4,144373.425937,0.13829,0.13873,0.13819,0.13866,0.13875,0.13913,0.13857,0.13906,-0.00276899,-0.00238345,-0.00275111,-0.00238345,-0.0004599999999999882,-0.0033079246368473195
1771535700000,2026-02-19T21:15:00Z,0.1386,0.13887,0.13823,0.13862,876238.1,121411.222944,0.13866,0.13886,0.13832,0.13862,0.13906,0.13921,0.13874,0.13897,-0.00238345,-0.00230776,-0.003011,-0.003011,-0.00035000000000001696,-0.0025185291789596095
1771536000000,2026-02-19T21:20:00Z,0.13862,0.13949,0.13843,0.13898,1502796.1,208928.177425,0.13862,0.13946,0.13846,0.139,0.13897,0.13986,0.13889,0.13942,-0.003011,-0.00196482,-0.00218442,-0.00218442,-0.00043999999999999595,-0.003155931717113728
1771536300000,2026-02-19T21:25:00Z,0.13898,0.1394,0.13897,0.13929,665001.4,92578.157162,0.139,0.13933,0.139,0.13929,0.13942,0.13979,0.13942,0.13969,-0.00218442,-0.0030206,-0.00302535,-0.00302535,-0.00040000000000001146,-0.002863483427589745
1771536600000,2026-02-19T21:30:00Z,0.13929,0.13943,0.139,0.13919,466356.8,64916.251724,0.13929,0.13944,0.13904,0.13919,0.13969,0.13988,0.13949,0.13962,-0.00302535,-0.00273589,-0.00296969,-0.00296969,-0.00042999999999998595,-0.0030797879959890127
1771536900000,2026-02-19T21:35:00Z,0.13919,0.13932,0.13878,0.13887,557916.5,77545.968538,0.13919,0.13931,0.13883,0.1389,0.13962,0.1397,0.1393,0.13937,-0.00296969,-0.00243692,-0.00310785,-0.00243692,-0.0005000000000000004,-0.0035875726483461322
1771537200000,2026-02-19T21:40:00Z,0.13887,0.13938,0.13887,0.13914,436770.7,60780.877968,0.1389,0.13937,0.13889,0.13915,0.13937,0.13982,0.13932,0.13959,-0.00243692,-0.0024256,-0.00276891,-0.0024256,-0.0004499999999999782,-0.0032237266279817912
1771537500000,2026-02-19T21:45:00Z,0.13914,0.13929,0.13885,0.13901,399848.2,55610.946663,0.13915,0.1393,0.13891,0.13901,0.13959,0.13974,0.13932,0.13937,-0.0024256,-0.00253889,-0.0032008,-0.00253889,-0.0003599999999999992,-0.002583052306809207
1771537800000,2026-02-19T21:50:00Z,0.13901,0.13903,0.13801,0.13804,1133443.6,156946.01017,0.13901,0.13903,0.13803,0.13804,0.13937,0.13941,0.1385,0.1385,-0.00253889,-0.00237841,-0.00347457,-0.00237841,-0.00046000000000001595,-0.0033212996389892844
1771538100000,2026-02-19T21:55:00Z,0.13804,0.13814,0.13773,0.13792,605282.1,83479.279905,0.13804,0.13814,0.13778,0.13792,0.1385,0.13853,0.13825,0.13834,-0.00237841,-0.00266406,-0.00332268,-0.00266406,-0.0004200000000000037,-0.0030359982651438754
1771538400000,2026-02-19T22:00:00Z,0.13792,0.13794,0.13742,0.13769,816906.1,112460.923064,0.13792,0.13792,0.13743,0.13769,0.13834,0.1384,0.13788,0.13808,-0.00266406,-0.00263075,-0.00267072,-0.00267072,-0.00039000000000000146,-0.002824449594438017
1771538700000,2026-02-19T22:05:00Z,0.13769,0.13799,0.13756,0.13764,826986.9,113947.08347,0.13769,0.13799,0.13761,0.13764,0.13808,0.13837,0.138,0.13804,-0.00267072,-0.00220115,-0.00258142,-0.00220115,-0.0003999999999999837,-0.0028977108084611977
1771539000000,2026-02-19T22:10:00Z,0.13764,0.13791,0.13687,0.13735,1460729.7,200715.431438,0.13764,0.1379,0.13697,0.13737,0.13804,0.13829,0.13742,0.13785,-0.00220115,-0.00266466,-0.00271133,-0.00271133,-0.0005000000000000004,-0.0036271309394269166
1771539300000,2026-02-19T22:15:00Z,0.13735,0.13736,0.13639,0.13724,1025319,140299.386975,0.13737,0.13737,0.13665,0.13724,0.13785,0.13785,0.13717,0.13772,-0.00271133,-0.00284283,-0.0029704,-0.00284283,-0.0004800000000000082,-0.003485332558815046
1771539600000,2026-02-19T22:20:00Z,0.13724,0.13804,0.13713,0.1377,905065.6,124481.25911,0.13724,0.13802,0.13724,0.13778,0.13772,0.13853,0.13772,0.13831,-0.00284283,-0.00296411,-0.0031743,-0.0031743,-0.0006099999999999994,-0.004410382474152263
1771539900000,2026-02-19T22:25:00Z,0.1377,0.13773,0.13736,0.13763,239926.8,33004.753395,0.13778,0.13778,0.13742,0.13768,0.13831,0.13831,0.13796,0.13817,-0.0031743,-0.00249181,-0.00337079,-0.00337079,-0.0005399999999999849,-0.003908228993269053
1771540200000,2026-02-19T22:30:00Z,0.13763,0.13769,0.13708,0.13718,793032,108859.716489,0.13768,0.13769,0.13711,0.1372,0.13817,0.13817,0.13765,0.13773,-0.00337079,-0.0028156,-0.00325731,-0.00325731,-0.0005499999999999949,-0.00399332026428516
1771540500000,2026-02-19T22:35:00Z,0.13718,0.13728,0.13617,0.13687,1074023.5,146728.119415,0.1372,0.13728,0.13646,0.13689,0.13773,0.13779,0.13694,0.13736,-0.00325731,-0.00242844,-0.00311103,-0.00242844,-0.0004900000000000182,-0.00356726849155517
1771540800000,2026-02-19T22:40:00Z,0.13687,0.13719,0.13655,0.13708,687548.6,94159.495394,0.13689,0.1372,0.1367,0.13711,0.13736,0.13775,0.13724,0.13769,-0.00242844,-0.00304103,-0.00316293,-0.00316293,-0.0006099999999999994,-0.0044302418476287264
1771541100000,2026-02-19T22:45:00Z,0.13708,0.13747,0.13676,0.13681,576153.6,79009.611296,0.13711,0.13747,0.13679,0.13681,0.13769,0.13802,0.1374,0.1374,-0.00316293,-0.00376128,-0.00438988,-0.00438988,-0.0005900000000000072,-0.004294032023289718
1771541400000,2026-02-19T22:50:00Z,0.13681,0.1381,0.13663,0.1381,1415001.7,194407.027211,0.13681,0.1381,0.13663,0.1381,0.1374,0.13872,0.13722,0.13866,-0.00438988,-0.00299826,-0.0032403,-0.00299826,-0.0005600000000000049,-0.004038655704601218
1771541700000,2026-02-19T22:55:00Z,0.1381,0.13848,0.13771,0.1379,996855.8,137667.964265,0.1381,0.13842,0.13771,0.1379,0.13866,0.13899,0.13828,0.13847,-0.00299826,-0.00311877,-0.00376945,-0.00311877,-0.0005700000000000149,-0.004116415107965732
1771542000000,2026-02-19T23:00:00Z,0.1379,0.13921,0.13787,0.13827,1277660.9,177315.727428,0.1379,0.13921,0.1379,0.13827,0.13847,0.13975,0.13847,0.13882,-0.00311877,-0.0037885,-0.00391481,-0.0037885,-0.0005499999999999949,-0.003961965134706778
1771542300000,2026-02-19T23:05:00Z,0.13827,0.13833,0.13782,0.13802,534199.9,73742.321687,0.13827,0.13833,0.13794,0.13804,0.13882,0.13888,0.13845,0.13862,-0.0037885,-0.00336526,-0.00385133,-0.00385133,-0.0005999999999999894,-0.004328379743182726
1771542600000,2026-02-19T23:10:00Z,0.13802,0.1386,0.1378,0.13856,852839.8,117824.214635,0.13804,0.1386,0.13782,0.13856,0.13862,0.1391,0.13833,0.13906,-0.00385133,-0.00302917,-0.00316123,-0.00302917,-0.0005000000000000004,-0.0035955702574428337
1771542900000,2026-02-19T23:15:00Z,0.13856,0.1389,0.13828,0.13833,833269.8,115493.732623,0.13856,0.13893,0.1383,0.13833,0.13906,0.13949,0.13886,0.13888,-0.00302917,-0.00361266,-0.00372511,-0.00372511,-0.0005499999999999949,-0.003960253456221162
1771543200000,2026-02-19T23:20:00Z,0.13833,0.13912,0.13828,0.13873,845541.5,117333.529352,0.13833,0.13908,0.1383,0.13873,0.13888,0.13963,0.13888,0.13922,-0.00372511,-0.00327463,-0.00379385,-0.00379385,-0.0004900000000000182,-0.003519609251544449
1771543500000,2026-02-19T23:25:00Z,0.13873,0.13885,0.13841,0.13854,702805.4,97443.548148,0.13873,0.13885,0.13847,0.13854,0.13922,0.13932,0.139,0.13902,-0.00379385,-0.00302557,-0.00361145,-0.00361145,-0.0004800000000000082,-0.0034527406128615178
1771543800000,2026-02-19T23:30:00Z,0.13854,0.13901,0.13851,0.13893,470771.4,65329.480237,0.13854,0.13901,0.13851,0.13893,0.13902,0.13951,0.13902,0.13942,-0.00361145,-0.00281965,-0.00303175,-0.00281965,-0.0004899999999999904,-0.0035145603213311612
1771544100000,2026-02-19T23:35:00Z,0.13893,0.13911,0.13881,0.13885,776930.8,107952.201875,0.13893,0.13911,0.13887,0.13888,0.13942,0.13966,0.13938,0.13942,-0.00281965,-0.00354254,-0.00365478,-0.00354254,-0.0005699999999999872,-0.004088366088079094
1771544400000,2026-02-19T23:40:00Z,0.13885,0.13904,0.13841,0.13857,771610.9,107055.297257,0.13888,0.13904,0.13844,0.13857,0.13942,0.13956,0.139,0.13904,-0.00354254,-0.0029336,-0.00389737,-0.0029336,-0.0004699999999999982,-0.0033803222094361206
1771544700000,2026-02-19T23:45:00Z,0.13857,0.13882,0.1385,0.13874,352155,48841.982281,0.13857,0.13882,0.13853,0.13876,0.13904,0.13929,0.13904,0.13928,-0.0029336,-0.00295694,-0.00343001,-0.00295694,-0.0005399999999999849,-0.0038770821367029363
1771545000000,2026-02-19T23:50:00Z,0.13874,0.13903,0.13859,0.13868,656954.4,91190.659691,0.13876,0.139,0.13863,0.13868,0.13928,0.13951,0.1392,0.13926,-0.00295694,-0.00376644,-0.00420619,-0.00376644,-0.0005799999999999972,-0.004164871463449642
1771545300000,2026-02-19T23:55:00Z,0.13868,0.13919,0.13864,0.13908,591170.5,82172.244257,0.13868,0.13919,0.13864,0.13914,0.13926,0.13973,0.13921,0.13971,-0.00376644,-0.00331124,-0.0034839,-0.00331124,-0.0006299999999999917,-0.004509340777324398
1771545600000,2026-02-20T00:00:00Z,0.13908,0.13917,0.13704,0.13722,4257813.1,588987.722803,0.13914,0.13919,0.13713,0.13722,0.13971,0.13979,0.13771,0.13775,-0.00331124,-0.00421493,-0.00428478,-0.00421493,-0.0005300000000000027,-0.0038475499092559175
1771545900000,2026-02-20T00:05:00Z,0.13722,0.13742,0.13586,0.13595,3568140.5,487173.051835,0.13722,0.13741,0.13595,0.13595,0.13775,0.13796,0.13653,0.13653,-0.00421493,-0.00351046,-0.00378466,-0.00378466,-0.0005800000000000249,-0.0042481505896141865
1771546200000,2026-02-20T00:10:00Z,0.13595,0.13636,0.13502,0.13549,2894985.9,392506.416175,0.13595,0.13628,0.13512,0.13556,0.13653,0.1369,0.1357,0.13618,-0.00378466,-0.0035603,-0.00401846,-0.0035603,-0.0006899999999999962,-0.005066823322073698
1771546500000,2026-02-20T00:15:00Z,0.13549,0.13662,0.13518,0.1356,3135558.6,426059.890137,0.13556,0.13662,0.13518,0.13571,0.13618,0.13714,0.13577,0.13632,-0.0035603,-0.00412036,-0.00441034,-0.00412036,-0.0007199999999999984,-0.005281690140845059
1771546800000,2026-02-20T00:20:00Z,0.1356,0.13618,0.13513,0.13518,1485372.3,201311.060515,0.13571,0.13617,0.13519,0.13521,0.13632,0.13668,0.13576,0.13579,-0.00412036,-0.00373524,-0.00428201,-0.00373524,-0.0006099999999999994,-0.0044922306502687935
1771547100000,2026-02-20T00:25:00Z,0.13518,0.13684,0.13512,0.13676,2233148.1,303819.134004,0.13521,0.1368,0.13518,0.13678,0.13579,0.13734,0.13576,0.13733,-0.00373524,-0.00366045,-0.00370662,-0.00370662,-0.0005700000000000149,-0.004150586179276304
1771547400000,2026-02-20T00:30:00Z,0.13676,0.13817,0.13676,0.13723,3212953.3,441800.630616,0.13678,0.13817,0.13678,0.13724,0.13733,0.13861,0.13733,0.13779,-0.00370662,-0.00290692,-0.00322251,-0.00290692,-0.0005600000000000049,-0.004064155599100116
1771547700000,2026-02-20T00:35:00Z,0.13723,0.1385,0.13721,0.13831,1602213.5,220770.226267,0.13724,0.13849,0.13724,0.13831,0.13779,0.13899,0.13779,0.13878,-0.00290692,-0.00303145,-0.00338749,-0.00303145,-0.0004699999999999982,-0.0033866551376278875
1771548000000,2026-02-20T00:40:00Z,0.13831,0.13941,0.13727,0.13732,3306473.8,457979.256719,0.13831,0.1394,0.13732,0.13732,0.13878,0.13986,0.13786,0.13789,-0.00303145,-0.00343377,-0.00377586,-0.00377586,-0.0005700000000000149,-0.00413372978461103
1771548300000,2026-02-20T00:45:00Z,0.13732,0.13811,0.13633,0.1377,3457847.4,473439.929309,0.13732,0.13807,0.13633,0.13771,0.13789,0.1385,0.13688,0.1382,-0.00377586,-0.00262257,-0.00269924,-0.00262257,-0.0005000000000000004,-0.0036179450072358933
1771548600000,2026-02-20T00:50:00Z,0.1377,0.1383,0.13705,0.13709,1950295.7,268710.68766,0.13771,0.13828,0.13711,0.13711,0.1382,0.1387,0.13756,0.13756,-0.00262257,-0.00255263,-0.0030139,-0.0030139,-0.0004699999999999982,-0.003416690898516998
1771548900000,2026-02-20T00:55:00Z,0.13709,0.13781,0.13652,0.1367,1475345.3,202418.705109,0.13711,0.13778,0.13653,0.1367,0.13756,0.13817,0.13695,0.13702,-0.0030139,-0.00256295,-0.00286626,-0.00256295,-0.0003200000000000147,-0.002335425485330716
1771549200000,2026-02-20T01:00:00Z,0.1367,0.13686,0.13607,0.1367,2301516.5,314132.035614,0.1367,0.1368,0.13618,0.13666,0.13702,0.13715,0.13652,0.13696,-0.00256295,-0.00170347,-0.00179816,-0.00179816,-0.0002600000000000102,-0.001898364485981383
1771549500000,2026-02-20T01:05:00Z,0.1367,0.13754,0.13669,0.13726,1643219.2,225393.674868,0.13666,0.13745,0.13666,0.1372,0.13696,0.13778,0.13696,0.13749,-0.00179816,-0.00156269,-0.00167378,-0.00156269,-0.00023000000000000798,-0.0016728489344680192
1771549800000,2026-02-20T01:10:00Z,0.13726,0.13733,0.13627,0.13661,1507821.9,206281.13553,0.1372,0.13733,0.13632,0.13661,0.13749,0.13763,0.1366,0.13687,-0.00156269,-0.00185302,-0.00211971,-0.00211971,-0.00025999999999998247,-0.0018996127712426572
1771550100000,2026-02-20T01:15:00Z,0.13661,0.13727,0.13641,0.1371,894518.5,122385.902021,0.13661,0.13718,0.13642,0.1371,0.13687,0.13742,0.13666,0.13735,-0.00211971,-0.00037243,-0.00123242,-0.00037243,-0.0002500000000000002,-0.001820167455405899
1771550400000,2026-02-20T01:20:00Z,0.1371,0.13765,0.13618,0.13625,4285068.2,587226.30799,0.1371,0.1376,0.13623,0.13627,0.13735,0.13783,0.13656,0.1366,-0.00037243,-0.00151204,-0.00154618,-0.00151204,-0.0003499999999999892,-0.0025622254758417952
1771550700000,2026-02-20T01:25:00Z,0.13625,0.13745,0.13622,0.13745,1135842.2,155380.755386,0.13627,0.13744,0.13619,0.13744,0.1366,0.13769,0.13648,0.13769,-0.00151204,-0.00106832,-0.00178208,-0.00178208,-0.00024000000000001798,-0.001743045972837664
1771551000000,2026-02-20T01:30:00Z,0.13745,0.13802,0.13719,0.1379,1510149.2,207857.838838,0.13744,0.13805,0.13722,0.13795,0.13769,0.13833,0.1375,0.13828,-0.00178208,-0.00212223,-0.00237139,-0.00237139,-0.00037999999999999146,-0.002748047439976797
1771551300000,2026-02-20T01:35:00Z,0.1379,0.13808,0.13695,0.13733,1246553.6,171258.682258,0.13795,0.13806,0.13696,0.13733,0.13828,0.13837,0.13732,0.13763,-0.00237139,-0.00219046,-0.00229883,-0.00229883,-0.0002999999999999947,-0.002179757320351629
1771551600000,2026-02-20T01:40:00Z,0.13733,0.13749,0.13635,0.13666,1883469.4,257608.912741,0.13733,0.13748,0.13638,0.13669,0.13763,0.13776,0.13676,0.13708,-0.00229883,-0.00266902,-0.00294971,-0.00266902,-0.0004200000000000037,-0.003063904289466032
1771551900000,2026-02-20T01:45:00Z,0.13666,0.13705,0.13635,0.1365,1170735.8,160003.929181,0.13669,0.13705,0.13646,0.13652,0.13708,0.13736,0.13681,0.13687,-0.00266902,-0.00201712,-0.0020922,-0.0020922,-0.00036999999999998145,-0.002703295097537674
1771552200000,2026-02-20T01:50:00Z,0.1365,0.13712,0.1365,0.1369,769137.9,105260.777753,0.13652,0.13709,0.13651,0.1369,0.13687,0.13746,0.13687,0.13728,-0.0020922,-0.00251165,-0.00273986,-0.00251165,-0.0003800000000000192,-0.0027680652680654077
1771552500000,2026-02-20T01:55:00Z,0.1369,0.13755,0.13688,0.13743,1101864.1,151044.391466,0.1369,0.13743,0.13688,0.13743,0.13728,0.13774,0.13723,0.13774,-0.00251165,-0.00223631,-0.00246096,-0.00246096,-0.0003100000000000047,-0.00225061710469003
1771552800000,2026-02-20T02:00:00Z,0.13743,0.1381,0.13731,0.13801,1806442.9,248922.550725,0.13743,0.13811,0.13733,0.13804,0.13774,0.13848,0.13771,0.13839,-0.00246096,-0.00183946,-0.00184608,-0.00183946,-0.0003800000000000192,-0.0027458631404004563
1771553100000,2026-02-20T02:05:00Z,0.13801,0.13832,0.13758,0.13817,1414689.7,195207.473215,0.13804,0.13832,0.13762,0.13818,0.13839,0.13861,0.138,0.13853,-0.00183946,-0.00207646,-0.00234573,-0.00234573,-0.0003599999999999992,-0.00259871507976611
1771553400000,2026-02-20T02:10:00Z,0.13817,0.13879,0.13817,0.13848,1194643.2,165517.544403,0.13818,0.13876,0.13818,0.1385,0.13853,0.1391,0.13853,0.13887,-0.00234573,-0.00184885,-0.0025531,-0.0025531,-0.00039000000000000146,-0.002808381939943843
1771553700000,2026-02-20T02:15:00Z,0.13848,0.1385,0.13792,0.13833,741972.1,102585.252312,0.1385,0.1385,0.13794,0.13833,0.13887,0.13887,0.13834,0.13863,-0.0025531,-0.00208036,-0.00224096,-0.00208036,-0.0002999999999999947,-0.002164033758926601
1771554000000,2026-02-20T02:20:00Z,0.13833,0.13848,0.13793,0.13837,918268.2,126946.724873,0.13833,0.13849,0.13795,0.13837,0.13863,0.13884,0.13832,0.13871,-0.00208036,-0.00267935,-0.00273926,-0.00273926,-0.00034000000000000696,-0.002451157090332398
1771554300000,2026-02-20T02:25:00Z,0.13837,0.13933,0.13821,0.1392,1290489.1,179130.249229,0.13837,0.13937,0.13825,0.13929,0.13871,0.13967,0.13856,0.1396,-0.00273926,-0.00159305,-0.00210341,-0.00159305,-0.00040000000000001146,-0.0028653295128940647
1771554600000,2026-02-20T02:30:00Z,0.1392,0.13984,0.13887,0.13917,2080983.7,290066.192556,0.13929,0.13981,0.13907,0.13917,0.1396,0.14011,0.13942,0.13952,-0.00159305,-0.0021658,-0.00245077,-0.0021658,-0.00035000000000001696,-0.0025086009174313142
1771554900000,2026-02-20T02:35:00Z,0.13917,0.13945,0.13853,0.13855,1011818.9,140672.293831,0.13917,0.13945,0.13857,0.13857,0.13952,0.13979,0.13895,0.13898,-0.0021658,-0.00244132,-0.00276791,-0.00244132,-0.00042999999999998595,-0.003093970355446726
1771555200000,2026-02-20T02:40:00Z,0.13855,0.13889,0.1382,0.13857,773791.1,107223.704566,0.13857,0.1389,0.13826,0.1386,0.13898,0.13925,0.13866,0.13899,-0.00244132,-0.00171076,-0.0025908,-0.0025908,-0.0004200000000000037,-0.0030218001295057462
1771555500000,2026-02-20T02:45:00Z,0.13857,0.13857,0.13731,0.13769,1310834.5,180645.923175,0.1386,0.1386,0.13736,0.13769,0.13899,0.13899,0.13771,0.13803,-0.0025908,-0.00207552,-0.00274074,-0.00207552,-0.00034000000000000696,-0.0024632326305876035
1771555800000,2026-02-20T02:50:00Z,0.13769,0.13782,0.1277,0.13184,45011441.9,5952268.305229,0.13769,0.13782,0.12872,0.1319,0.13803,0.13822,0.12863,0.13244,-0.00207552,-0.00277157,-0.00371388,-0.00371388,-0.0005999999999999894,-0.00453035336756259
1771556100000,2026-02-20T02:55:00Z,0.13184,0.13226,0.12985,0.13022,11435578.7,1499261.667873,0.1319,0.13209,0.13009,0.13035,0.13244,0.1327,0.13083,0.13111,-0.00371388,-0.00488609,-0.00599206,-0.00599206,-0.0008900000000000019,-0.006788193120280695
1771556400000,2026-02-20T03:00:00Z,0.13022,0.13153,0.12973,0.12993,7455243.2,973460.664009,0.13035,0.13147,0.12991,0.12991,0.13111,0.13206,0.13047,0.13051,-0.00599206,-0.00351826,-0.00420331,-0.00351826,-0.0005799999999999972,-0.004444103900084264
1771556700000,2026-02-20T03:05:00Z,0.12993,0.13035,0.12804,0.1285,7512777.8,971445.467589,0.12991,0.13032,0.12851,0.12851,0.13051,0.13079,0.12902,0.12911,-0.00351826,-0.00294509,-0.00405825,-0.00405825,-0.0006099999999999994,-0.004724653396328707
1771557000000,2026-02-20T03:10:00Z,0.1285,0.12944,0.1266,0.1291,10022815.4,1283971.014124,0.12851,0.1294,0.1275,0.1291,0.12911,0.12979,0.12812,0.12956,-0.00405825,-0.00258025,-0.00332466,-0.00258025,-0.00046000000000001595,-0.003550478542760234
1771557300000,2026-02-20T03:15:00Z,0.1291,0.13,0.12793,0.12942,3648504.2,470699.064712,0.1291,0.12996,0.12808,0.12954,0.12956,0.13039,0.12847,0.12992,-0.00258025,-0.00240425,-0.00280698,-0.00280698,-0.0005000000000000004,-0.003848522167487688
1771557600000,2026-02-20T03:20:00Z,0.12942,0.12993,0.12819,0.12913,3203941.3,413716.07577,0.12954,0.12982,0.12828,0.12918,0.12992,0.13021,0.12875,0.12956,-0.00280698,-0.00227983,-0.00263336,-0.00227983,-0.0004300000000000137,-0.0033189255943193397
1771557900000,2026-02-20T03:25:00Z,0.12913,0.13044,0.12913,0.13016,4100916,533221.173088,0.12918,0.13035,0.12918,0.13021,0.12956,0.13074,0.12954,0.1306,-0.00227983,-0.00157989,-0.00226888,-0.00226888,-0.00043999999999999595,-0.0033690658499233995
1771558200000,2026-02-20T03:30:00Z,0.13016,0.13097,0.12936,0.1295,3000260.4,390294.227986,0.13021,0.13094,0.12937,0.1295,0.1306,0.13124,0.12972,0.12983,-0.00226888,-0.00200972,-0.00244001,-0.00244001,-0.00032999999999999696,-0.0025417854116921894
1771558500000,2026-02-20T03:35:00Z,0.1295,0.13071,0.1295,0.13052,1944343.5,253044.683228,0.1295,0.13068,0.1295,0.13054,0.12983,0.13098,0.12983,0.13085,-0.00244001,-0.00114709,-0.00183455,-0.00183455,-0.00032999999999999696,-0.0025219717233473213
1771558800000,2026-02-20T03:40:00Z,0.13052,0.13063,0.12973,0.13055,1488842.3,193857.970809,0.13054,0.13061,0.12987,0.13055,0.13085,0.13092,0.13016,0.13085,-0.00183455,-0.00179208,-0.00277643,-0.00179208,-0.0002999999999999947,-0.0022927015666793634
1771559100000,2026-02-20T03:45:00Z,0.13055,0.13095,0.12993,0.13001,1354628.4,176694.206053,0.13055,0.13093,0.12994,0.13001,0.13085,0.13122,0.13024,0.13029,-0.00179208,-0.00193262,-0.00198703,-0.00198703,-0.00028000000000000247,-0.0021490521145137963
1771559400000,2026-02-20T03:50:00Z,0.13001,0.1301,0.12873,0.12985,2258507.7,292530.636828,0.13001,0.13008,0.12912,0.12988,0.13029,0.13032,0.12935,0.13018,-0.00198703,-0.00093533,-0.00254572,-0.00093533,-0.00032999999999999696,-0.002534951605469327
1771559700000,2026-02-20T03:55:00Z,0.12985,0.12985,0.12872,0.12914,2080369.4,268969.330335,0.12988,0.12988,0.12886,0.12917,0.13018,0.13018,0.12919,0.12954,-0.00093533,-0.00208797,-0.00233328,-0.00233328,-0.0003999999999999837,-0.0030878493129534025
1771560000000,2026-02-20T04:00:00Z,0.12914,0.12975,0.12877,0.12935,2573753.8,332260.785197,0.12917,0.12975,0.12881,0.12937,0.12954,0.13,0.12912,0.1297,-0.00233328,-0.0013702,-0.00199149,-0.0013702,-0.00035000000000001696,-0.002698535080956183
1771560300000,2026-02-20T04:05:00Z,0.12935,0.13014,0.12918,0.13001,1189158.7,154267.709109,0.12937,0.13015,0.12921,0.13001,0.1297,0.13048,0.12953,0.1303,-0.0013702,-0.00181053,-0.00198663,-0.00181053,-0.00029000000000001247,-0.002225633154259497
1771560600000,2026-02-20T04:10:00Z,0.13001,0.13087,0.12974,0.13064,1344230.3,175392.382628,0.13001,0.13089,0.12977,0.13064,0.1303,0.13126,0.1301,0.131,-0.00181053,-0.00177489,-0.00197862,-0.00197862,-0.0003599999999999992,-0.002748091603053429
1771560900000,2026-02-20T04:15:00Z,0.13064,0.13068,0.12919,0.12924,2222784.8,288874.992172,0.13064,0.13068,0.1292,0.12924,0.131,0.131,0.12954,0.12958,-0.00197862,-0.00159574,-0.00204978,-0.00159574,-0.00034000000000000696,-0.0026238617070536113
1771561200000,2026-02-20T04:20:00Z,0.12924,0.12929,0.12824,0.1287,5889263,757849.339743,0.12924,0.12928,0.12829,0.1287,0.12958,0.12958,0.12864,0.129,-0.00159574,-0.0018052,-0.00183282,-0.00183282,-0.0002999999999999947,-0.002325581395348796
1771561500000,2026-02-20T04:25:00Z,0.1287,0.1287,0.12734,0.12821,4047990.8,518458.956148,0.1287,0.1287,0.12759,0.12821,0.129,0.129,0.12788,0.12852,-0.00183282,-0.00161064,-0.00248319,-0.00161064,-0.0003100000000000047,-0.002412075941487743
1771561800000,2026-02-20T04:30:00Z,0.12821,0.12847,0.1279,0.12832,1270957.5,162909.826827,0.12821,0.12846,0.1279,0.12832,0.12852,0.12868,0.12824,0.1286,-0.00161064,-0.00168441,-0.00172248,-0.00172248,-0.00028000000000000247,-0.002177293934681201
1771562100000,2026-02-20T04:35:00Z,0.12832,0.12868,0.12815,0.12868,1260914.7,162008.297644,0.12832,0.12868,0.12818,0.12868,0.1286,0.12892,0.12846,0.12888,-0.00172248,-0.00136169,-0.00148392,-0.00148392,-0.00020000000000000573,-0.0015518311607697528
1771562400000,2026-02-20T04:40:00Z,0.12868,0.12892,0.12823,0.12886,2108805.8,271130.12051,0.12868,0.12891,0.12828,0.12886,0.12888,0.12919,0.12853,0.12908,-0.00148392,-0.00175,-0.00176439,-0.00176439,-0.00021999999999999797,-0.001704369383328153
1771562700000,2026-02-20T04:45:00Z,0.12886,0.12913,0.12832,0.12859,1787731.5,230038.511929,0.12886,0.12913,0.12838,0.12862,0.12908,0.12938,0.12864,0.12889,-0.00176439,-0.00112137,-0.00134511,-0.00112137,-0.0002999999999999947,-0.0023275661416711515
1771563000000,2026-02-20T04:50:00Z,0.12859,0.12919,0.12836,0.12914,1126405.3,144952.642923,0.12862,0.12915,0.1285,0.12914,0.12889,0.12936,0.12879,0.12936,-0.00112137,-0.00163642,-0.00164709,-0.00163642,-0.00021999999999999797,-0.0017006802721088279
1771563300000,2026-02-20T04:55:00Z,0.12914,0.12963,0.12873,0.12954,2265263.6,292573.683351,0.12914,0.12957,0.12884,0.12954,0.12936,0.12983,0.12912,0.12979,-0.00163642,-0.00148626,-0.00193935,-0.00193935,-0.0002500000000000002,-0.00192618845827876
1771563600000,2026-02-20T05:00:00Z,0.12954,0.12968,0.12868,0.12877,1623379.1,209750.207847,0.12954,0.1296,0.12871,0.12877,0.12979,0.12988,0.12902,0.12906,-0.00193935,-0.00184466,-0.00187759,-0.00184466,-0.00029000000000001247,-0.0022470168913684523
1771563900000,2026-02-20T05:05:00Z,0.12877,0.12911,0.12853,0.12882,928313,119545.203884,0.12877,0.1291,0.12855,0.12882,0.12906,0.12938,0.12884,0.1291,-0.00184466,-0.00159702,-0.00175108,-0.00159702,-0.00028000000000000247,-0.0021688613477924283
1771564200000,2026-02-20T05:10:00Z,0.12882,0.12981,0.12859,0.12939,695787.5,89913.337512,0.12882,0.1298,0.12866,0.12942,0.1291,0.13004,0.12893,0.1297,-0.00159702,-0.00122222,-0.00148122,-0.00148122,-0.0003100000000000047,-0.0023901310717039685
1771564500000,2026-02-20T05:15:00Z,0.12939,0.1298,0.12917,0.12933,1252951.3,162287.300181,0.12942,0.1298,0.12924,0.12932,0.1297,0.13009,0.12956,0.1296,-0.00148122,-0.00189183,-0.00208407,-0.00208407,-0.00026999999999999247,-0.002083333333333275
1771564800000,2026-02-20T05:20:00Z,0.12933,0.12957,0.12846,0.12846,1287468.6,166267.603966,0.12932,0.12956,0.1285,0.1285,0.1296,0.1298,0.12882,0.12882,-0.00208407,-0.00156267,-0.00209685,-0.00209685,-0.0003599999999999992,-0.0027945971122496447
1771565100000,2026-02-20T05:25:00Z,0.12846,0.12926,0.12834,0.12912,1645444.8,212090.508373,0.1285,0.12915,0.12838,0.12912,0.12882,0.12942,0.1287,0.12937,-0.00209685,-0.00127442,-0.00155302,-0.00127442,-0.0002500000000000002,-0.001932441833500813
1771565400000,2026-02-20T05:30:00Z,0.12912,0.13027,0.12908,0.13008,2249944.4,292013.183759,0.12912,0.13027,0.12912,0.13008,0.12937,0.13048,0.12937,0.13034,-0.00127442,-0.00167416,-0.00205391,-0.00167416,-0.0002600000000000102,-0.001994782875556316
1771565700000,2026-02-20T05:35:00Z,0.13008,0.13042,0.12988,0.13006,1106854.1,144070.552253,0.13008,0.13042,0.12994,0.13015,0.13034,0.13067,0.1302,0.13042,-0.00167416,-0.00082239,-0.00138103,-0.00138103,-0.0003599999999999992,-0.0027603128354546785
1771566000000,2026-02-20T05:40:00Z,0.13006,0.13062,0.12988,0.13048,1498066.3,194970.187857,0.13015,0.13056,0.12992,0.13049,0.13042,0.13079,0.13016,0.13076,-0.00138103,-0.00136133,-0.0016197,-0.00136133,-0.0002799999999999747,-0.002141327623126145
1771566300000,2026-02-20T05:45:00Z,0.13048,0.1324,0.13048,0.13235,3405876.1,447952.79417,0.13049,0.1324,0.13049,0.13236,0.13076,0.1326,0.13076,0.13252,-0.00136133,-0.00100963,-0.0012294,-0.00100963,-0.00017000000000000348,-0.0012828252339269807
1771566600000,2026-02-20T05:50:00Z,0.13235,0.13252,0.13142,0.1318,1489723.8,196395.264839,0.13236,0.13245,0.13154,0.13181,0.13252,0.13268,0.13178,0.13206,-0.00100963,-0.00109168,-0.00126699,-0.00109168,-0.0002600000000000102,-0.0019688020596699243
1771566900000,2026-02-20T05:55:00Z,0.1318,0.13226,0.13165,0.1317,1545400.8,203986.625813,0.13181,0.13228,0.13168,0.13172,0.13206,0.13254,0.13193,0.13196,-0.00109168,-0.00072066,-0.00082771,-0.00082771,-0.00025999999999998247,-0.00197029402849335
1771567200000,2026-02-20T06:00:00Z,0.1317,0.1321,0.131,0.13115,1578206.1,207686.779498,0.13172,0.13204,0.13104,0.13119,0.13196,0.13222,0.13128,0.13138,-0.00082771,-0.00112336,-0.00175749,-0.00175749,-0.00023000000000000798,-0.001750646978231146
1771567500000,2026-02-20T06:05:00Z,0.13115,0.13175,0.13095,0.13151,881933.2,115785.509798,0.13119,0.13176,0.13097,0.13151,0.13138,0.13199,0.13121,0.13174,-0.00175749,-0.00121719,-0.00130738,-0.00130738,-0.00023000000000000798,-0.0017458630636102018
1771567800000,2026-02-20T06:10:00Z,0.13151,0.1318,0.13079,0.13102,965850.2,126729.765002,0.13151,0.1318,0.13082,0.13102,0.13174,0.13202,0.13108,0.13121,-0.00130738,-0.00112963,-0.0011611,-0.00112963,-0.00018999999999999573,-0.0014480603612529207
1771568100000,2026-02-20T06:15:00Z,0.13102,0.13158,0.13082,0.13153,1081282.2,141807.880086,0.13102,0.13156,0.13089,0.13156,0.13121,0.1318,0.1311,0.1318,-0.00112963,-0.00136383,-0.00141391,-0.00141391,-0.00026999999999999247,-0.0020485584218512326
1771568400000,2026-02-20T06:20:00Z,0.13153,0.13164,0.13101,0.13114,2062042.4,270840.830209,0.13156,0.13158,0.13103,0.13116,0.1318,0.13182,0.13126,0.1314,-0.00141391,-0.00140735,-0.00144038,-0.00144038,-0.00025999999999998247,-0.001978691019786777
1771568700000,2026-02-20T06:25:00Z,0.13114,0.13156,0.13109,0.13155,399385.5,52455.449278,0.13116,0.13155,0.13111,0.13155,0.1314,0.1318,0.13133,0.13175,-0.00144038,-0.00131842,-0.00139754,-0.00139754,-0.00020000000000000573,-0.001518026565464939
1771569000000,2026-02-20T06:30:00Z,0.13155,0.13269,0.13133,0.13255,1734999.1,229015.759916,0.13155,0.13266,0.13139,0.13264,0.13175,0.13286,0.1316,0.13286,-0.00139754,-0.00096331,-0.00149716,-0.00149716,-0.0003100000000000047,-0.002333283155200999
1771569300000,2026-02-20T06:35:00Z,0.13255,0.13273,0.13192,0.13272,1252968.8,165716.701364,0.13264,0.13273,0.13201,0.13273,0.13286,0.13288,0.1322,0.13288,-0.00149716,-0.00053756,-0.00140479,-0.00053756,-0.00015999999999999348,-0.0012040939193256584
1771569600000,2026-02-20T06:40:00Z,0.13272,0.13295,0.13229,0.1324,1067020.3,141531.298782,0.13273,0.13295,0.13234,0.13247,0.13288,0.13315,0.13257,0.1327,-0.00053756,-0.00098148,-0.00121758,-0.00098148,-0.00030000000000002247,-0.002260738507912754
1771569900000,2026-02-20T06:45:00Z,0.1324,0.13319,0.13204,0.13312,1287842.4,170650.1388,0.13247,0.13319,0.13205,0.13313,0.1327,0.13334,0.13229,0.13331,-0.00098148,-0.00075432,-0.00099849,-0.00075432,-0.00019000000000002348,-0.0014252494186484394
1771570200000,2026-02-20T06:50:00Z,0.13312,0.13321,0.13265,0.13286,870991.2,115808.733557,0.13313,0.13322,0.13267,0.13288,0.13331,0.1334,0.1329,0.1331,-0.00075432,-0.00079481,-0.00149007,-0.00079481,-0.00023999999999999022,-0.0018031555221637132
1771570500000,2026-02-20T06:55:00Z,0.13286,0.13315,0.13251,0.13312,1150113.6,152724.510936,0.13288,0.13314,0.13256,0.13312,0.1331,0.13336,0.13274,0.13333,-0.00079481,-0.00115887,-0.00135275,-0.00115887,-0.00021000000000001573,-0.0015750393759845175
1771570800000,2026-02-20T07:00:00Z,0.13312,0.13357,0.13304,0.13343,2525737.1,336628.627026,0.13312,0.13356,0.1331,0.13343,0.13333,0.13377,0.13333,0.13362,-0.00115887,-0.00170043,-0.00240774,-0.00240774,-0.00018999999999999573,-0.0014219428229306672
1771571100000,2026-02-20T07:05:00Z,0.13343,0.13368,0.13325,0.13341,827712.4,110488.576761,0.13343,0.13367,0.13335,0.13342,0.13362,0.13395,0.13355,0.13366,-0.00240774,-0.0008357,-0.00170201,-0.0008357,-0.0002500000000000002,-0.0018704174771809084
1771571400000,2026-02-20T07:10:00Z,0.13341,0.13359,0.13257,0.13277,1249595.5,166380.154643,0.13342,0.13359,0.13262,0.13277,0.13366,0.13372,0.13279,0.13293,-0.0008357,-0.00112967,-0.00138893,-0.00112967,-0.00015999999999999348,-0.0012036410140675053
1771571700000,2026-02-20T07:15:00Z,0.13277,0.13286,0.13217,0.13265,1067093.5,141382.651417,0.13277,0.13286,0.13228,0.13265,0.13293,0.133,0.13251,0.13278,-0.00112967,-0.00088647,-0.00124651,-0.00124651,-0.000130000000000019,-0.000979063111914588
1771572000000,2026-02-20T07:20:00Z,0.13265,0.13285,0.13226,0.13235,887587.9,117704.43639,0.13265,0.13283,0.13232,0.13235,0.13278,0.133,0.1325,0.13256,-0.00124651,-0.00108845,-0.00131726,-0.00131726,-0.00021000000000001573,-0.0015841882920942646
1771572300000,2026-02-20T07:25:00Z,0.13235,0.13236,0.1308,0.13085,2755379.6,362286.458119,0.13235,0.13236,0.13084,0.13085,0.13256,0.13256,0.13103,0.13103,-0.00131726,-0.00098506,-0.00114998,-0.00098506,-0.00018000000000001348,-0.0013737312065940125
1771572600000,2026-02-20T07:30:00Z,0.13085,0.13098,0.1304,0.13074,1518658.5,198417.969303,0.13085,0.13097,0.13048,0.13082,0.13103,0.13117,0.1307,0.13106,-0.00098506,-0.00128451,-0.00135177,-0.00135177,-0.0003200000000000147,-0.0024416297878835243
1771572900000,2026-02-20T07:35:00Z,0.13074,0.13074,0.12987,0.12989,2142693.9,279002.145102,0.13082,0.13082,0.12992,0.13,0.13106,0.13106,0.13022,0.1303,-0.00135177,-0.0013232,-0.00194658,-0.0013232,-0.0004099999999999937,-0.003146584804297726
1771573200000,2026-02-20T07:40:00Z,0.12989,0.13024,0.12936,0.12995,4035752,523669.150891,0.13,0.13014,0.12944,0.12995,0.1303,0.1304,0.12972,0.13019,-0.0013232,-0.00134929,-0.00149176,-0.00134929,-0.00023999999999999022,-0.001843459559105847
1771573500000,2026-02-20T07:45:00Z,0.12995,0.13011,0.1295,0.12991,1947105.2,252788.278927,0.12995,0.1301,0.12955,0.12991,0.13019,0.13031,0.12982,0.13008,-0.00134929,-0.00078781,-0.0012235,-0.0012235,-0.00017000000000000348,-0.0013068880688807156
1771573800000,2026-02-20T07:50:00Z,0.12991,0.13015,0.12967,0.13005,1575213.5,204770.830517,0.12991,0.13015,0.12975,0.13005,0.13008,0.13037,0.12998,0.13029,-0.0012235,-0.00127138,-0.00173236,-0.00127138,-0.00023999999999999022,-0.0018420446695831625
1771574100000,2026-02-20T07:55:00Z,0.13005,0.13009,0.12958,0.12984,1310086.3,170088.43513,0.13005,0.13007,0.12966,0.12984,0.13029,0.13029,0.1299,0.13012,-0.00127138,-0.00144038,-0.0015189,-0.00144038,-0.00028000000000000247,-0.0021518598217030623
1771574400000,2026-02-20T08:00:00Z,0.12984,0.13001,0.12901,0.1295,4390546.2,568107.692233,0.12984,0.12997,0.12915,0.1295,0.13012,0.13027,0.12949,0.1298,-0.00144038,-0.00164841,-0.00167766,-0.00167766,-0.0002999999999999947,-0.002311248073959898
1771574700000,2026-02-20T08:05:00Z,0.1295,0.12971,0.12893,0.12952,1596976.8,206604.99599,0.1295,0.12971,0.12904,0.12958,0.1298,0.13002,0.12936,0.1299,-0.00167766,-0.00205397,-0.00222247,-0.00205397,-0.00037999999999999146,-0.002925327174749742
1771575000000,2026-02-20T08:10:00Z,0.12952,0.12984,0.12888,0.12915,2177660.8,281578.367214,0.12958,0.12982,0.12894,0.12915,0.1299,0.13007,0.12929,0.12946,-0.00205397,-0.00219524,-0.00223806,-0.00219524,-0.0003100000000000047,-0.0023945620268809266
1771575300000,2026-02-20T08:15:00Z,0.12915,0.12915,0.12844,0.12878,2143352,275841.526491,0.12915,0.12915,0.12851,0.12882,0.12946,0.12949,0.1288,0.12911,-0.00219524,-0.00180035,-0.0018358,-0.00180035,-0.00032999999999999696,-0.0025559600340794436
1771575600000,2026-02-20T08:20:00Z,0.12878,0.12918,0.12874,0.12886,1291807.6,166521.782374,0.12882,0.12911,0.12879,0.12886,0.12911,0.12943,0.1291,0.12911,-0.00180035,-0.00194438,-0.00231607,-0.00194438,-0.0002500000000000002,-0.001936333359151113
1771575900000,2026-02-20T08:25:00Z,0.12886,0.12892,0.12803,0.12847,2153108.5,276808.898219,0.12886,0.1289,0.12832,0.12847,0.12911,0.1292,0.12861,0.12881,-0.00194438,-0.00217353,-0.00250597,-0.00250597,-0.00034000000000000696,-0.0026395466190513696
1771576200000,2026-02-20T08:30:00Z,0.12847,0.12874,0.12825,0.12846,1284361.8,165059.611451,0.12847,0.12874,0.12828,0.12846,0.12881,0.12903,0.12862,0.12876,-0.00250597,-0.00216739,-0.00234472,-0.00216739,-0.00030000000000002247,-0.0023299161230197455
1771576500000,2026-02-20T08:35:00Z,0.12846,0.12874,0.12832,0.1286,685735,88132.183396,0.12846,0.12866,0.12836,0.1286,0.12876,0.12899,0.1287,0.12895,-0.00216739,-0.00194127,-0.00229811,-0.00194127,-0.00035000000000001696,-0.0027142303218302983
1771576800000,2026-02-20T08:40:00Z,0.1286,0.12921,0.12852,0.12894,1244981.1,160467.945138,0.1286,0.12919,0.12855,0.12897,0.12895,0.12954,0.1289,0.12937,-0.00194127,-0.00249013,-0.00261078,-0.00249013,-0.0004300000000000137,-0.0033237999536215018
1771577100000,2026-02-20T08:45:00Z,0.12894,0.12894,0.12828,0.12843,1369627.6,176089.944259,0.12897,0.12897,0.12831,0.1285,0.12937,0.12937,0.12872,0.12891,-0.00249013,-0.00245096,-0.0027479,-0.00245096,-0.0004800000000000082,-0.003723528042820636
1771577400000,2026-02-20T08:50:00Z,0.12843,0.12882,0.12843,0.12879,528240.9,67949.976687,0.1285,0.12884,0.12844,0.1288,0.12891,0.12924,0.12877,0.1292,-0.00245096,-0.00185467,-0.00286781,-0.00286781,-0.00041000000000002146,-0.003173374613003262
1771577700000,2026-02-20T08:55:00Z,0.12879,0.12887,0.12846,0.12872,875053.5,112595.091478,0.1288,0.12888,0.12847,0.12872,0.1292,0.12928,0.1289,0.1291,-0.00286781,-0.00190354,-0.00233007,-0.00233007,-0.00037999999999999146,-0.0029434546862896318
1771578000000,2026-02-20T09:00:00Z,0.12872,0.12913,0.12848,0.12892,1606242.3,206939.85114,0.12872,0.12911,0.12853,0.12892,0.1291,0.1295,0.12891,0.12931,-0.00233007,-0.00203199,-0.00282006,-0.00282006,-0.00039000000000000146,-0.003016008042688125
1771578300000,2026-02-20T09:05:00Z,0.12892,0.12912,0.12862,0.12875,1214843.3,156506.567079,0.12892,0.12913,0.12865,0.12878,0.12931,0.12956,0.12902,0.12921,-0.00282006,-0.002412,-0.00255468,-0.00255468,-0.0004599999999999882,-0.0035600959678042583
1771578600000,2026-02-20T09:10:00Z,0.12875,0.12885,0.12749,0.12844,3649234.3,467269.369499,0.12878,0.12885,0.12766,0.12847,0.12921,0.12925,0.12811,0.12896,-0.00255468,-0.00288717,-0.00341725,-0.00288717,-0.0005199999999999927,-0.0040322580645160725
1771578900000,2026-02-20T09:15:00Z,0.12844,0.1285,0.12774,0.12821,1459277.7,186832.600968,0.12847,0.12856,0.12778,0.12822,0.12896,0.12905,0.1283,0.12876,-0.00288717,-0.00300062,-0.0039259,-0.0039259,-0.0005500000000000227,-0.004271512892202723
1771579200000,2026-02-20T09:20:00Z,0.12821,0.12888,0.12821,0.12883,1359494.6,174796.453222,0.12822,0.12886,0.12822,0.12883,0.12876,0.12937,0.12875,0.12934,-0.0039259,-0.00321794,-0.00360969,-0.00360969,-0.0005100000000000104,-0.0039430957167157134
1771579500000,2026-02-20T09:25:00Z,0.12883,0.12941,0.12875,0.12927,1419095.2,183229.885505,0.12883,0.12938,0.12882,0.12928,0.12934,0.12991,0.12934,0.12985,-0.00360969,-0.00328252,-0.00384442,-0.00328252,-0.0005799999999999972,-0.004466692337312262
1771579800000,2026-02-20T09:30:00Z,0.12927,0.13009,0.12926,0.12937,2201184.9,285152.310364,0.12928,0.12997,0.12926,0.12943,0.12985,0.13052,0.12983,0.13005,-0.00328252,-0.00390302,-0.00429301,-0.00390302,-0.0006799999999999862,-0.005228758169934534
1771580100000,2026-02-20T09:35:00Z,0.12937,0.12999,0.12937,0.1299,1061036.4,137684.967057,0.12943,0.12997,0.12943,0.1299,0.13005,0.13052,0.13005,0.13043,-0.00390302,-0.00374988,-0.004279,-0.00374988,-0.0005300000000000027,-0.0040634823276853695
1771580400000,2026-02-20T09:40:00Z,0.1299,0.1299,0.12943,0.12955,977412.5,126734.170474,0.1299,0.1299,0.12945,0.12955,0.13043,0.13043,0.13002,0.13006,-0.00374988,-0.00377748,-0.00445031,-0.00377748,-0.0005100000000000104,-0.003921267107488931
1771580700000,2026-02-20T09:45:00Z,0.12955,0.12991,0.1294,0.12966,928382,120397.343869,0.12955,0.12991,0.12946,0.12967,0.13006,0.13044,0.13002,0.13023,-0.00377748,-0.00337755,-0.00369466,-0.00369466,-0.0005700000000000149,-0.00437687168855114
1771581000000,2026-02-20T09:50:00Z,0.12966,0.1307,0.1296,0.13029,1777850.8,231501.63193,0.12967,0.13069,0.12961,0.13038,0.13023,0.13123,0.13015,0.13096,-0.00369466,-0.00380323,-0.00394864,-0.00380323,-0.0006700000000000039,-0.005116065974343341
1771581300000,2026-02-20T09:55:00Z,0.13029,0.13073,0.13012,0.13037,967694.1,126171.827328,0.13038,0.13071,0.13016,0.13037,0.13096,0.13123,0.13074,0.13094,-0.00380323,-0.00387454,-0.00447721,-0.00447721,-0.0005699999999999872,-0.004353138842217712
1771581600000,2026-02-20T10:00:00Z,0.13037,0.13086,0.13027,0.13077,1406079.7,183537.9234,0.13037,0.13086,0.13027,0.13079,0.13094,0.13139,0.13084,0.13132,-0.00447721,-0.00372273,-0.00374967,-0.00374967,-0.0005499999999999949,-0.004188242461163532
1771581900000,2026-02-20T10:05:00Z,0.13077,0.13157,0.13049,0.13157,2515720.1,329478.027832,0.13079,0.13157,0.13053,0.13157,0.13132,0.1321,0.13109,0.1321,-0.00374967,-0.00355993,-0.00404332,-0.00355993,-0.0005300000000000027,-0.004012112036336129
1771582200000,2026-02-20T10:10:00Z,0.13157,0.13164,0.13118,0.13143,1231924.4,161901.529978,0.13157,0.13163,0.1312,0.13147,0.1321,0.1322,0.13174,0.132,-0.00355993,-0.00323974,-0.00391728,-0.00323974,-0.0005700000000000149,-0.004318181818181931
1771582500000,2026-02-20T10:15:00Z,0.13143,0.13151,0.1309,0.1311,1300887.9,170832.034664,0.13147,0.13151,0.1309,0.13117,0.132,0.13205,0.13146,0.1317,-0.00323974,-0.00305797,-0.00371053,-0.00305797,-0.0006000000000000172,-0.004555808656036576
1771582800000,2026-02-20T10:20:00Z,0.1311,0.13138,0.13085,0.13102,796390.3,104439.477485,0.13117,0.13138,0.13089,0.13106,0.1317,0.13184,0.13138,0.13158,-0.00305797,-0.00358241,-0.00385801,-0.00385801,-0.0005600000000000049,-0.004255965952272419
1771583100000,2026-02-20T10:25:00Z,0.13102,0.13109,0.13008,0.13031,1421066.5,185526.278482,0.13106,0.13108,0.13017,0.13031,0.13158,0.13158,0.13064,0.13074,-0.00385801,-0.00343746,-0.00359114,-0.00343746,-0.00042999999999998595,-0.0032889704757532966
1771583400000,2026-02-20T10:30:00Z,0.13031,0.13039,0.12934,0.12942,2027482,263545.261401,0.13031,0.13037,0.12939,0.12946,0.13074,0.13078,0.1298,0.12991,-0.00343746,-0.00264624,-0.00273545,-0.00273545,-0.0004899999999999904,-0.003771842044492267
1771583700000,2026-02-20T10:35:00Z,0.12942,0.12948,0.12892,0.12923,1697007.5,219145.192846,0.12946,0.12947,0.12907,0.12925,0.12991,0.12991,0.1295,0.12968,-0.00273545,-0.0029811,-0.00309702,-0.0029811,-0.0004499999999999782,-0.003470080197408839
1771584000000,2026-02-20T10:40:00Z,0.12923,0.12961,0.12914,0.12949,1587994.8,205481.810625,0.12925,0.12959,0.12917,0.12949,0.12968,0.13008,0.12967,0.12997,-0.0029811,-0.00287148,-0.00318567,-0.00287148,-0.0004800000000000082,-0.00369315995999083
1771584300000,2026-02-20T10:45:00Z,0.12949,0.12952,0.12853,0.12874,1266249.8,163166.012016,0.12949,0.12949,0.12863,0.12875,0.12997,0.12997,0.12911,0.12925,-0.00287148,-0.00348142,-0.00353237,-0.00353237,-0.0005100000000000104,-0.003945841392649984
1771584600000,2026-02-20T10:50:00Z,0.12874,0.12893,0.1284,0.12864,1023927.8,131749.87402,0.12875,0.12893,0.12849,0.12864,0.12925,0.12944,0.1289,0.12908,-0.00353237,-0.00329494,-0.00333937,-0.00333937,-0.00043999999999999595,-0.003408738766656306
1771584900000,2026-02-20T10:55:00Z,0.12864,0.12901,0.12844,0.129,1398319.4,180028.17654,0.12864,0.12901,0.12851,0.12901,0.12908,0.12945,0.12892,0.12945,-0.00333937,-0.00274934,-0.00281136,-0.00281136,-0.00045000000000000595,-0.0034762456546929776
1771585200000,2026-02-20T11:00:00Z,0.129,0.12923,0.12889,0.12906,1173974.4,151517.02015,0.12901,0.12924,0.12894,0.12906,0.12945,0.12969,0.12944,0.12957,-0.00281136,-0.0030816,-0.00358958,-0.00358958,-0.0005099999999999827,-0.003936096318592134
1771585500000,2026-02-20T11:05:00Z,0.12906,0.12944,0.12891,0.12942,1117772.8,144426.895447,0.12906,0.12944,0.12892,0.12942,0.12957,0.12994,0.12943,0.1299,-0.00358958,-0.00313879,-0.00362479,-0.00362479,-0.00047999999999998044,-0.003695150115473291
1771585800000,2026-02-20T11:10:00Z,0.12942,0.12997,0.12889,0.12922,1697684.9,219861.580515,0.12942,0.12997,0.12901,0.12925,0.1299,0.13042,0.12952,0.12977,-0.00362479,-0.00322737,-0.00351568,-0.00351568,-0.0005499999999999949,-0.0042382677044000535
1771586100000,2026-02-20T11:15:00Z,0.12922,0.12937,0.12882,0.12934,1606906.2,207493.953364,0.12925,0.12936,0.12892,0.12934,0.12977,0.12979,0.12941,0.12979,-0.00351568,-0.00278899,-0.00298928,-0.00298928,-0.0004499999999999782,-0.0034671392249015966
1771586400000,2026-02-20T11:20:00Z,0.12934,0.12943,0.12545,0.12725,14601657.6,1854364.267751,0.12934,0.12936,0.12639,0.12725,0.12979,0.12984,0.12659,0.12764,-0.00298928,-0.00253322,-0.00357069,-0.00357069,-0.00039000000000000146,-0.003055468505170804
1771586700000,2026-02-20T11:25:00Z,0.12725,0.12784,0.12716,0.12756,2162401.1,275666.127781,0.12725,0.12782,0.12716,0.12756,0.12764,0.12819,0.1276,0.12795,-0.00357069,-0.00226145,-0.00261969,-0.00226145,-0.00039000000000000146,-0.003048065650644794
1771587000000,2026-02-20T11:30:00Z,0.12756,0.12785,0.1269,0.12719,2725132.8,347172.019069,0.12756,0.12778,0.12695,0.12723,0.12795,0.12815,0.1273,0.12758,-0.00226145,-0.00176928,-0.00219122,-0.00219122,-0.00039000000000000146,-0.003056905471076983
1771587300000,2026-02-20T11:35:00Z,0.12719,0.1275,0.12658,0.12743,2243902.3,284952.91635,0.12723,0.1275,0.12665,0.12743,0.12758,0.12775,0.127,0.12775,-0.00219122,-0.00228496,-0.00271234,-0.00271234,-0.0003200000000000147,-0.0025048923679061815
1771587600000,2026-02-20T11:40:00Z,0.12743,0.12752,0.12651,0.12691,1259000.8,159953.693146,0.12743,0.12751,0.12656,0.12691,0.12775,0.1278,0.12688,0.12716,-0.00271234,-0.00117028,-0.00236614,-0.00117028,-0.0002500000000000002,-0.0019660270525322446
1771587900000,2026-02-20T11:45:00Z,0.12691,0.12728,0.12675,0.12699,1014333.3,128820.679209,0.12691,0.12728,0.12682,0.12699,0.12716,0.12751,0.12709,0.12724,-0.00117028,-0.00118766,-0.00178075,-0.00178075,-0.0002500000000000002,-0.0019647909462433217
1771588200000,2026-02-20T11:50:00Z,0.12699,0.12763,0.12689,0.12727,1128037.5,143660.488659,0.12699,0.12762,0.12694,0.12733,0.12724,0.12787,0.12721,0.12759,-0.00178075,-0.00149714,-0.00157727,-0.00149714,-0.0003200000000000147,-0.002508033544948779
1771588500000,2026-02-20T11:55:00Z,0.12727,0.12783,0.12711,0.12749,855310.9,109062.734894,0.12733,0.12779,0.12717,0.12759,0.12759,0.12803,0.12743,0.12783,-0.00149714,-0.00127247,-0.00151559,-0.00151559,-0.00034000000000000696,-0.0026597825236642962
1771588800000,2026-02-20T12:00:00Z,0.12749,0.12752,0.12605,0.12639,2721748.2,344655.878357,0.12759,0.12759,0.12616,0.12639,0.12783,0.12783,0.12645,0.12668,-0.00151559,-0.0014044,-0.00180492,-0.0014044,-0.0002899999999999847,-0.0022892327123459483
1771589100000,2026-02-20T12:05:00Z,0.12639,0.12736,0.12629,0.1268,2012300.4,255421.542081,0.12639,0.12727,0.12633,0.1268,0.12668,0.12762,0.12662,0.12711,-0.0014044,-0.00151318,-0.0017509,-0.0017509,-0.0003100000000000047,-0.0024388325072771987
1771589400000,2026-02-20T12:10:00Z,0.1268,0.12715,0.12636,0.12639,849768,107595.119449,0.1268,0.12715,0.12639,0.12644,0.12711,0.12747,0.12668,0.12675,-0.0017509,-0.00166779,-0.00174023,-0.00174023,-0.0003599999999999992,-0.0028402366863905263
1771589700000,2026-02-20T12:15:00Z,0.12639,0.12686,0.12635,0.12648,999466.1,126513.852286,0.12644,0.12683,0.12639,0.12648,0.12675,0.12716,0.1267,0.12679,-0.00174023,-0.00190478,-0.00205204,-0.00205204,-0.0003100000000000047,-0.0024449877750611615
1771590000000,2026-02-20T12:20:00Z,0.12648,0.12688,0.12646,0.12659,1416427.2,179392.903863,0.12648,0.12687,0.12647,0.12659,0.12679,0.1272,0.12679,0.12684,-0.00205204,-0.00164719,-0.0018484,-0.0018484,-0.0002500000000000002,-0.00197098707032482
1771590300000,2026-02-20T12:25:00Z,0.12659,0.12677,0.12453,0.12562,5596369.1,702651.818152,0.12659,0.12674,0.12523,0.12563,0.12684,0.12704,0.1254,0.1259,-0.0018484,-0.00218439,-0.00261815,-0.00218439,-0.00028000000000000247,-0.002223987291501211
1771590600000,2026-02-20T12:30:00Z,0.12562,0.12616,0.12558,0.1258,1533019.9,192940.008756,0.12563,0.12615,0.12563,0.1258,0.1259,0.12639,0.1259,0.12605,-0.00218439,-0.0019908,-0.00232838,-0.00232838,-0.0002500000000000002,-0.0019833399444664835
1771590900000,2026-02-20T12:35:00Z,0.1258,0.12713,0.12576,0.12677,1387250.3,175574.511011,0.1258,0.12704,0.12579,0.12685,0.12605,0.12724,0.12605,0.12712,-0.00232838,-0.00114486,-0.00130118,-0.00130118,-0.00035000000000001696,-0.0027533039647578425
1771591200000,2026-02-20T12:40:00Z,0.12677,0.12705,0.1266,0.12689,894840.1,113499.403081,0.12685,0.12705,0.12668,0.12689,0.12712,0.12726,0.12697,0.1271,-0.00130118,-0.00075676,-0.00119446,-0.00075676,-0.00020999999999998797,-0.001652242328874807
1771591500000,2026-02-20T12:45:00Z,0.12689,0.1272,0.12682,0.12713,1115052.8,141614.113004,0.12689,0.1272,0.12684,0.1271,0.1271,0.12739,0.12708,0.1273,-0.00075676,-0.00089981,-0.00098679,-0.00089981,-0.00017000000000000348,-0.0013354281225451963
1771591800000,2026-02-20T12:50:00Z,0.12713,0.12735,0.12645,0.12665,1336195.5,169658.279707,0.1271,0.1273,0.12652,0.12665,0.1273,0.12748,0.12676,0.12684,-0.00089981,-0.00090595,-0.00118736,-0.00090595,-0.00018999999999999573,-0.0014979501734468284
1771592100000,2026-02-20T12:55:00Z,0.12665,0.12714,0.1266,0.12682,1070793.4,135896.774806,0.12665,0.12712,0.12665,0.12682,0.12684,0.12731,0.12684,0.12702,-0.00090595,-0.00069669,-0.00176355,-0.00176355,-0.00020000000000000573,-0.0015745551881593902
1771592400000,2026-02-20T13:00:00Z,0.12682,0.12683,0.12561,0.12594,2220004.6,279801.307005,0.12682,0.12683,0.12573,0.12594,0.12702,0.12704,0.12593,0.12608,-0.00176355,-0.00003116,-0.00072689,-0.00003116,-0.00014000000000000123,-0.0011104060913705682
1771592700000,2026-02-20T13:05:00Z,0.12594,0.12679,0.12541,0.12651,2291995,289064.133837,0.12594,0.12668,0.1256,0.12651,0.12608,0.12681,0.12571,0.12666,-0.00003116,-0.00057068,-0.00087125,-0.00057068,-0.00014999999999998348,-0.0011842728564659994
1771593000000,2026-02-20T13:10:00Z,0.12651,0.12672,0.12585,0.12597,1279617.3,161611.716542,0.12651,0.12668,0.12595,0.12597,0.12666,0.12681,0.12618,0.12618,-0.00057068,-0.00115034,-0.00139571,-0.00139571,-0.00020999999999998797,-0.0016642891107940085
1771593300000,2026-02-20T13:15:00Z,0.12597,0.12636,0.12578,0.12606,767946.1,96839.805125,0.12597,0.12638,0.12578,0.12607,0.12618,0.12658,0.126,0.12628,-0.00139571,-0.00073264,-0.00149431,-0.00073264,-0.00021999999999999797,-0.0017421602787456286
1771593600000,2026-02-20T13:20:00Z,0.12606,0.12614,0.12529,0.12546,1426327,179225.086471,0.12607,0.12614,0.12542,0.12548,0.12628,0.12629,0.12562,0.12568,-0.00073264,-0.00027759,-0.00068804,-0.00068804,-0.00021999999999999797,-0.0017504774029280554
1771593900000,2026-02-20T13:25:00Z,0.12546,0.12648,0.12526,0.12642,1614378.4,203110.176573,0.12548,0.12643,0.12537,0.12642,0.12568,0.12661,0.12557,0.12661,-0.00068804,-0.00004446,-0.00020133,-0.00004446,-0.00018999999999999573,-0.001500671352973665
1771594200000,2026-02-20T13:30:00Z,0.12642,0.12666,0.12509,0.1254,2105464.4,264714.913061,0.12642,0.12651,0.12524,0.12539,0.12661,0.12671,0.12542,0.12557,-0.00004446,-0.00066677,-0.00097532,-0.00097532,-0.00016999999999997573,-0.0013538265509275762
1771594500000,2026-02-20T13:35:00Z,0.1254,0.12541,0.12427,0.12479,3350515.9,418263.967272,0.12539,0.12539,0.12452,0.12482,0.12557,0.12557,0.12468,0.12497,-0.00097532,-0.00058073,-0.00088123,-0.00088123,-0.0001799999999999996,-0.0014403456829639083
1771594800000,2026-02-20T13:40:00Z,0.12479,0.12629,0.12476,0.12612,1612991.2,202676.928495,0.12482,0.12627,0.1248,0.12614,0.12497,0.12641,0.12495,0.1263,-0.00088123,-0.00017937,-0.00064215,-0.00017937,-0.00017999999999998573,-0.0014251781472682957
1771595100000,2026-02-20T13:45:00Z,0.12612,0.12616,0.12552,0.12589,2132385.2,268413.89852,0.12614,0.12614,0.12557,0.12592,0.1263,0.1263,0.12574,0.12607,-0.00017937,-0.00018953,-0.00073705,-0.00018953,-0.00017999999999998573,-0.0014277782184499543
1771595400000,2026-02-20T13:50:00Z,0.12589,0.12685,0.12588,0.12682,1439970.9,181927.193747,0.12592,0.12685,0.12589,0.12682,0.12607,0.12693,0.12604,0.12691,-0.00018953,-0.00030388,-0.00071766,-0.00030388,-9.000000000000674e-05,-0.00070916397447015
1771595700000,2026-02-20T13:55:00Z,0.12682,0.12704,0.12652,0.12693,1741144.5,220732.104338,0.12682,0.12705,0.12663,0.12697,0.12691,0.12724,0.12673,0.12714,-0.00030388,-0.00085915,-0.00112145,-0.00112145,-0.00021000000000001573,-0.00165172251061834
1771596000000,2026-02-20T14:00:00Z,0.12693,0.12713,0.12688,0.12708,1056688.5,134208.450981,0.12697,0.12713,0.12692,0.12708,0.12714,0.12724,0.12708,0.12717,-0.00112145,0,-0.00016327,-0.00016327,-9.000000000000674e-05,-0.0007077140835103148
1771596300000,2026-02-20T14:05:00Z,0.12708,0.12759,0.12691,0.12735,1024393,130438.931248,0.12708,0.12757,0.12694,0.12735,0.12717,0.12771,0.12708,0.12748,-0.00016327,-0.00044943,-0.00095145,-0.00044943,-0.000130000000000019,-0.0010197678067149277
1771596600000,2026-02-20T14:10:00Z,0.12735,0.12735,0.12675,0.12695,1272214.3,161521.552871,0.12735,0.12735,0.12682,0.12697,0.12748,0.12748,0.127,0.12715,-0.00044943,-0.0010683,-0.0014348,-0.0010683,-0.00020000000000000573,-0.0015729453401494746
1771596900000,2026-02-20T14:15:00Z,0.12695,0.12709,0.12677,0.12679,724491.7,91966.747256,0.12697,0.1271,0.1268,0.12685,0.12715,0.12725,0.12698,0.12703,-0.0010683,-0.0007959,-0.0010477,-0.0007959,-0.00023999999999999022,-0.0018893174840588067
1771597200000,2026-02-20T14:20:00Z,0.12679,0.12731,0.12666,0.1272,1747786.6,222013.936818,0.12685,0.12728,0.12667,0.1272,0.12703,0.12741,0.12686,0.12737,-0.0007959,-0.00108724,-0.00118092,-0.00118092,-0.00017000000000000348,-0.001334694198005837
1771597500000,2026-02-20T14:25:00Z,0.1272,0.12775,0.12715,0.12716,1724616.3,219770.55554,0.1272,0.12774,0.1272,0.1272,0.12737,0.12785,0.12735,0.12738,-0.00118092,-0.00076056,-0.00078545,-0.00076056,-0.00021999999999999797,-0.0017271157167530065
1771597800000,2026-02-20T14:30:00Z,0.12716,0.1287,0.12689,0.12825,2249293.1,287670.511135,0.1272,0.12867,0.12693,0.12829,0.12738,0.12875,0.12709,0.1284,-0.00076056,-0.00027994,-0.0011214,-0.0011214,-0.00014999999999998348,-0.001168224299065292
1771598100000,2026-02-20T14:35:00Z,0.12825,0.12881,0.12807,0.12851,1157288.1,148653.535822,0.12829,0.12877,0.12816,0.12851,0.1284,0.12884,0.12831,0.12861,-0.0011214,-0.00032778,-0.00088683,-0.00032778,-9.999999999998899e-05,-0.0007775445144233651
1771598400000,2026-02-20T14:40:00Z,0.12851,0.1291,0.12825,0.12882,1522282.4,195848.989324,0.12851,0.1291,0.12839,0.12885,0.12861,0.12917,0.1285,0.12898,-0.00032778,-0.00025567,-0.00065357,-0.00025567,-0.00016000000000002124,-0.0012405024034735713
1771598700000,2026-02-20T14:45:00Z,0.12882,0.12889,0.12809,0.12834,1297451.8,166541.515653,0.12885,0.12889,0.12815,0.12834,0.12898,0.12899,0.12819,0.12841,-0.00025567,0,-0.00035728,0,-6.999999999998674e-05,-0.0005451288840431955
1771599000000,2026-02-20T14:50:00Z,0.12834,0.12849,0.12805,0.12828,1082484.3,138858.810463,0.12834,0.12849,0.12817,0.12828,0.12841,0.12857,0.12818,0.12837,0,-0.00025422,-0.00034381,-0.00025422,-9.000000000000674e-05,-0.0007010983874737612
1771599300000,2026-02-20T14:55:00Z,0.12828,0.12859,0.12822,0.12839,976828.1,125425.530845,0.12828,0.12859,0.12824,0.12839,0.12837,0.12868,0.12833,0.12846,-0.00025422,-0.00029076,-0.00060017,-0.00060017,-6.999999999998674e-05,-0.0005449167055891853
1771599600000,2026-02-20T15:00:00Z,0.12839,0.13108,0.12832,0.13032,8065220.5,1049422.446908,0.12839,0.13102,0.12839,0.1303,0.12846,0.13109,0.12846,0.13032,-0.00060017,0,-0.0001102,0,0.0,0.0
1771599900000,2026-02-20T15:05:00Z,0.13032,0.13079,0.12929,0.13078,2566780.5,333667.112028,0.1303,0.13072,0.12945,0.13072,0.13032,0.13076,0.12951,0.13076,0,0,0,0,2.0000000000020002e-05,0.00015295197308060572
1771600200000,2026-02-20T15:10:00Z,0.13078,0.13193,0.13021,0.13043,3918217.2,513379.56678,0.13072,0.1318,0.13032,0.13042,0.13076,0.13187,0.13038,0.13043,0,0,0,0,0.0,0.0
1771600500000,2026-02-20T15:15:00Z,0.13043,0.1332,0.1304,0.1329,4856450.9,641509.476703,0.13042,0.13314,0.13042,0.13294,0.13043,0.13315,0.13043,0.13295,0,0,0,0,-5.000000000002225e-05,-0.00037608123354661337
1771600800000,2026-02-20T15:20:00Z,0.1329,0.13448,0.13281,0.13389,5737086.7,767353.96169,0.13294,0.13435,0.1329,0.13378,0.13295,0.13438,0.13293,0.13379,0,0,0,0,0.00010000000000001674,0.0007474400179386856
1771601100000,2026-02-20T15:25:00Z,0.13389,0.13447,0.13335,0.13427,2511286.3,336253.929597,0.13378,0.13431,0.13355,0.13419,0.13379,0.13431,0.1335,0.13418,0,0,0,0,9.000000000000674e-05,0.0006707407959457948
1771601400000,2026-02-20T15:30:00Z,0.13427,0.13461,0.13277,0.13331,5277847,706048.725021,0.13419,0.13452,0.1329,0.13331,0.13418,0.13449,0.1329,0.13327,0,0,0,0,4.000000000001225e-05,0.0003001425677197587
1771601700000,2026-02-20T15:35:00Z,0.13331,0.13332,0.13174,0.13243,2797303.4,370319.068425,0.13331,0.13331,0.13191,0.1324,0.13327,0.13327,0.13192,0.13236,0,0,0,0,6.999999999998674e-05,0.0005288606829856961
1771602000000,2026-02-20T15:40:00Z,0.13243,0.13252,0.13181,0.13209,1259256.8,166366.609679,0.1324,0.1325,0.13191,0.13209,0.13236,0.13248,0.13192,0.13207,0,0.00004149,0,0,2.0000000000020002e-05,0.00015143484515802228
1771602300000,2026-02-20T15:45:00Z,0.13209,0.13349,0.13191,0.13317,2683223.8,356397.920626,0.13209,0.13344,0.13201,0.13317,0.13207,0.13342,0.13202,0.13315,0,0,0,0,2.0000000000020002e-05,0.00015020653398437856
1771602600000,2026-02-20T15:50:00Z,0.13317,0.1332,0.132,0.13305,3217564.8,426433.065056,0.13317,0.13317,0.13207,0.13296,0.13315,0.13315,0.13207,0.13293,0,0,-0.00036041,0,0.00012000000000000899,0.0009027307605507334
1771602900000,2026-02-20T15:55:00Z,0.13305,0.13376,0.13275,0.13301,3919506.9,521810.018471,0.13296,0.13372,0.13282,0.13301,0.13293,0.13372,0.1328,0.13299,0,0,0,0,1.9999999999992246e-05,0.0001503872471613824
1771603200000,2026-02-20T16:00:00Z,0.13301,0.13324,0.13195,0.13313,5042883,668725.97199,0.13301,0.13319,0.13198,0.13313,0.13299,0.13319,0.13204,0.13318,0,0,0,0,-4.999999999999449e-05,-0.0003754317465084434
1771603500000,2026-02-20T16:05:00Z,0.13313,0.13375,0.13273,0.13313,3673061.1,489486.226651,0.13313,0.13365,0.13281,0.1331,0.13318,0.13369,0.1329,0.13313,0,0,-0.00023832,-0.00023832,0.0,0.0
1771603800000,2026-02-20T16:10:00Z,0.13313,0.13313,0.1315,0.13154,4166421.6,550372.087619,0.1331,0.1331,0.13166,0.13168,0.13313,0.13314,0.13174,0.13177,-0.00023832,0,0,0,-0.00023000000000000798,-0.001745465583972133
1771604100000,2026-02-20T16:15:00Z,0.13154,0.13166,0.12991,0.13104,5417221.5,707662.291329,0.13168,0.13168,0.13003,0.13102,0.13177,0.13177,0.13022,0.13111,0,-0.00027724,-0.00117207,-0.00027724,-7.00000000000145e-05,-0.0005339028296851079
1771604400000,2026-02-20T16:20:00Z,0.13104,0.1311,0.13009,0.13077,3501633.3,457537.711961,0.13102,0.13108,0.13015,0.13071,0.13111,0.13119,0.13024,0.13077,-0.00027724,0,-0.00028212,0,0.0,0.0
1771604700000,2026-02-20T16:25:00Z,0.13077,0.13098,0.12996,0.13004,2609796.2,340560.976301,0.13071,0.1309,0.13001,0.13004,0.13077,0.13094,0.13007,0.1301,0,0,-0.00025989,0,-6.0000000000004494e-05,-0.00046118370484246347
1771605000000,2026-02-20T16:30:00Z,0.13004,0.13063,0.12953,0.13009,2428529.5,315767.890221,0.13004,0.1306,0.12963,0.13008,0.1301,0.13061,0.1297,0.13011,0,0,0,0,-1.9999999999992246e-05,-0.00015371608638838096
1771605300000,2026-02-20T16:35:00Z,0.13009,0.13065,0.12977,0.13024,2127862.3,276924.381344,0.13008,0.1306,0.12977,0.13021,0.13011,0.13064,0.12982,0.13025,0,0,-0.000122,0,-1.0000000000010001e-05,-7.6775431861881e-05
1771605600000,2026-02-20T16:40:00Z,0.13024,0.13026,0.12977,0.12994,1343319.4,174607.179308,0.13021,0.13022,0.1298,0.12994,0.13025,0.13029,0.12987,0.12999,0,0,0,0,-4.999999999999449e-05,-0.0003846449726901646
1771605900000,2026-02-20T16:45:00Z,0.12994,0.13077,0.1298,0.13062,1863682.5,242754.487324,0.12994,0.13072,0.1298,0.13062,0.12999,0.13073,0.12986,0.13065,0,0,-0.00003901,0,-2.999999999997449e-05,-0.000229621125143318
1771606200000,2026-02-20T16:50:00Z,0.13062,0.13107,0.12996,0.13097,1566958.1,204389.001217,0.13062,0.13097,0.12998,0.13095,0.13065,0.13098,0.13003,0.13096,0,0,-0.00006635,0,1.0000000000010001e-05,7.635919364699146e-05
1771606500000,2026-02-20T16:55:00Z,0.13097,0.13106,0.13058,0.13064,1623949.4,212477.220815,0.13095,0.13103,0.1306,0.1306,0.13096,0.13108,0.13064,0.13064,0,0,0,0,0.0,0.0
1771606800000,2026-02-20T17:00:00Z,0.13064,0.13064,0.13002,0.13006,1226154.2,159772.739949,0.1306,0.1306,0.13005,0.13006,0.13064,0.13067,0.13013,0.13013,0,0,0,0,-6.999999999998674e-05,-0.0005379236148465899
1771607100000,2026-02-20T17:05:00Z,0.13006,0.13023,0.12868,0.12884,3672365.9,475389.943813,0.13006,0.13016,0.12874,0.12878,0.13013,0.1302,0.12882,0.12886,0,0,-0.00038315,-0.00038315,-1.9999999999992246e-05,-0.00015520720161409473
1771607400000,2026-02-20T17:10:00Z,0.12884,0.12916,0.1278,0.1279,5902564,758120.135982,0.12878,0.12906,0.1279,0.1279,0.12886,0.12914,0.12797,0.12799,-0.00038315,0,-0.00072404,0,-8.999999999997899e-05,-0.0007031799359323306
1771607700000,2026-02-20T17:15:00Z,0.1279,0.1283,0.12695,0.12715,5463231.7,696960.549437,0.1279,0.12825,0.12706,0.12723,0.12799,0.12833,0.1271,0.12731,0,0,0,0,-0.00015999999999999348,-0.0012567748016651754
1771608000000,2026-02-20T17:20:00Z,0.12715,0.1278,0.12697,0.12754,2802322.6,356684.991157,0.12723,0.12777,0.12704,0.12753,0.12731,0.12786,0.12713,0.1276,0,0,-0.00025304,0,-6.0000000000004494e-05,-0.00047021943573671236
1771608300000,2026-02-20T17:25:00Z,0.12754,0.12834,0.1273,0.12814,2513413.3,321565.450898,0.12753,0.12831,0.12739,0.12812,0.1276,0.12838,0.12749,0.12819,0,0,-0.00015303,-0.00015303,-4.999999999999449e-05,-0.0003900460254309579
1771608600000,2026-02-20T17:30:00Z,0.12814,0.12889,0.12801,0.12871,2449992.5,314767.624961,0.12812,0.12888,0.12807,0.12875,0.12819,0.12897,0.12816,0.12887,-0.00015303,-0.00011479,-0.00099029,-0.00099029,-0.00016000000000002124,-0.0012415612632887501
1771608900000,2026-02-20T17:35:00Z,0.12871,0.12901,0.12808,0.12883,1882552.4,241957.934536,0.12875,0.1289,0.12812,0.12887,0.12887,0.12902,0.12827,0.12898,-0.00099029,-0.00062785,-0.0008932,-0.00062785,-0.00015000000000001124,-0.0011629710032564058
1771609200000,2026-02-20T17:40:00Z,0.12883,0.12895,0.12843,0.12882,1009379.9,129877.991178,0.12887,0.12893,0.12848,0.1288,0.12898,0.12905,0.12861,0.12887,-0.00062785,-0.0003095,-0.0005658,-0.0005658,-5.000000000002225e-05,-0.00038798789477785555
1771609500000,2026-02-20T17:45:00Z,0.12882,0.12965,0.12865,0.12961,2027742.9,261665.036846,0.1288,0.1296,0.1287,0.1296,0.12887,0.12967,0.12879,0.12967,-0.0005658,-0.00002988,-0.00042714,-0.00042714,-6.0000000000004494e-05,-0.00046271304079590107
1771609800000,2026-02-20T17:50:00Z,0.12961,0.12991,0.12939,0.12956,1678246.3,217583.403471,0.1296,0.12984,0.12944,0.12952,0.12967,0.1299,0.1295,0.12957,-0.00042714,0,-0.00014849,0,-9.999999999982245e-06,-7.717835918794664e-05
1771610100000,2026-02-20T17:55:00Z,0.12956,0.12993,0.12914,0.12974,2255123.9,292058.071265,0.12952,0.12985,0.12925,0.12974,0.12957,0.12988,0.12931,0.12976,0,0,0,0,-1.9999999999992246e-05,-0.0001541307028359452
1771610400000,2026-02-20T18:00:00Z,0.12974,0.12978,0.12915,0.1296,1479802.6,191595.589783,0.12974,0.12974,0.12917,0.1296,0.12976,0.12979,0.12924,0.12963,0,0,0,0,-3.0000000000002247e-05,-0.0002314279102059882
1771610700000,2026-02-20T18:05:00Z,0.1296,0.12989,0.12896,0.12922,1521849.4,197068.755554,0.1296,0.12982,0.129,0.12922,0.12963,0.12983,0.12903,0.12929,0,0,-0.00001149,0,-6.999999999998674e-05,-0.0005414185165131622
1771611000000,2026-02-20T18:10:00Z,0.12922,0.12935,0.12872,0.12885,1242621.3,160218.985608,0.12922,0.12928,0.1288,0.1288,0.12929,0.12932,0.12884,0.12884,0,0,0,0,9.999999999982245e-06,7.76156473143608e-05
1771611300000,2026-02-20T18:15:00Z,0.12885,0.12931,0.12867,0.12889,963650.8,124313.333086,0.1288,0.12916,0.12877,0.12889,0.12884,0.12923,0.12882,0.12894,0,0,0,0,-4.999999999999449e-05,-0.0003877772607413874
1771611600000,2026-02-20T18:20:00Z,0.12889,0.12897,0.12815,0.12885,2940468,378071.180756,0.12889,0.12893,0.12829,0.12892,0.12894,0.12898,0.12837,0.12898,0,0,-0.0000291,-0.0000291,-0.000130000000000019,-0.00100790820282229
1771611900000,2026-02-20T18:25:00Z,0.12885,0.12902,0.12852,0.12893,843794.5,108698.391498,0.12892,0.12899,0.12855,0.12894,0.12898,0.12902,0.12859,0.129,-0.0000291,0,0,0,-7.00000000000145e-05,-0.0005426356589148411
1771612200000,2026-02-20T18:30:00Z,0.12893,0.12996,0.1286,0.12943,1937157.9,250479.472603,0.12894,0.12988,0.12867,0.12942,0.129,0.12992,0.12873,0.12944,0,0,-0.00013678,-0.00013678,-1.0000000000010001e-05,-7.725587144630717e-05
1771612500000,2026-02-20T18:35:00Z,0.12943,0.12943,0.12785,0.12843,2827544.8,363086.692309,0.12942,0.12942,0.12804,0.12844,0.12944,0.12944,0.1281,0.12854,-0.00013678,-0.00048265,-0.00063518,-0.00048265,-0.00010999999999999899,-0.0008557647424926015
1771612800000,2026-02-20T18:40:00Z,0.12843,0.12907,0.12822,0.12843,1587360.3,204195.890845,0.12844,0.12886,0.12826,0.12843,0.12854,0.12892,0.12832,0.12848,-0.00048265,0,0,0,-5.000000000002225e-05,-0.0003891656288918294
1771613100000,2026-02-20T18:45:00Z,0.12843,0.12883,0.12834,0.1284,790198.5,101555.615139,0.12843,0.12874,0.12834,0.1284,0.12848,0.1288,0.12838,0.12846,0,0,0,0,-6.0000000000004494e-05,-0.00046707146193371085
1771613400000,2026-02-20T18:50:00Z,0.1284,0.12846,0.12754,0.12773,1984826.5,253960.566163,0.1284,0.12845,0.12771,0.12778,0.12846,0.1285,0.12775,0.12784,0,0,0,0,-0.00010999999999999899,-0.000860450563203997
1771613700000,2026-02-20T18:55:00Z,0.12773,0.12833,0.12771,0.12803,2142014.5,274367.848245,0.12778,0.12824,0.12772,0.12804,0.12784,0.12831,0.12775,0.1281,0,0,0,0,-6.999999999998674e-05,-0.0005464480874315906
1771614000000,2026-02-20T19:00:00Z,0.12803,0.1286,0.12741,0.12746,2552319.4,326705.527552,0.12804,0.12856,0.12748,0.12748,0.1281,0.12857,0.12753,0.12753,0,0,0,0,-7.00000000000145e-05,-0.0005488904571474515
1771614300000,2026-02-20T19:05:00Z,0.12746,0.12773,0.12725,0.12737,1706057.3,217379.117334,0.12748,0.12768,0.12728,0.12736,0.12753,0.12777,0.12734,0.12741,0,-0.00013521,-0.00033701,-0.00013521,-3.999999999998449e-05,-0.00031394709991354285
1771614600000,2026-02-20T19:10:00Z,0.12737,0.12771,0.12712,0.12717,1175356.3,149810.935141,0.12736,0.12764,0.12715,0.12717,0.12741,0.12771,0.12722,0.12725,-0.00013521,0,-0.0001085,0,-7.999999999999674e-05,-0.0006286836935166738
1771614900000,2026-02-20T19:15:00Z,0.12717,0.12777,0.12712,0.12765,862756.9,110001.068558,0.12717,0.12771,0.12713,0.12763,0.12725,0.12775,0.12719,0.12768,0,0,0,0,-2.999999999997449e-05,-0.00023496240601483784
1771615200000,2026-02-20T19:20:00Z,0.12765,0.12799,0.1276,0.12776,593405.7,75818.583806,0.12763,0.12791,0.12761,0.12777,0.12768,0.12796,0.12766,0.12783,0,0,0,0,-6.999999999998674e-05,-0.0005476022842837107
1771615500000,2026-02-20T19:25:00Z,0.12776,0.12797,0.12734,0.12764,828756.3,105792.7574,0.12777,0.12794,0.12731,0.12764,0.12783,0.12799,0.12736,0.12769,0,0,0,0,-4.999999999999449e-05,-0.00039157334168685485
1771615800000,2026-02-20T19:30:00Z,0.12764,0.12887,0.12762,0.12847,1849714,237584.505168,0.12764,0.1287,0.12764,0.12846,0.12769,0.12872,0.12769,0.1285,0,0,-0.00013797,0,-3.0000000000002247e-05,-0.00023346303501947272
1771616100000,2026-02-20T19:35:00Z,0.12847,0.12884,0.12841,0.12874,663555.9,85355.412926,0.12846,0.1288,0.12843,0.12874,0.1285,0.12881,0.12846,0.12877,0,0,0,0,-3.0000000000002247e-05,-0.00023297351867672788
1771616400000,2026-02-20T19:40:00Z,0.12874,0.1288,0.12784,0.12807,1662140,213117.907529,0.12874,0.12875,0.12796,0.12812,0.12877,0.12877,0.12801,0.12819,0,0,0,0,-0.00012000000000000899,-0.0009361104610344722
1771616700000,2026-02-20T19:45:00Z,0.12807,0.12837,0.1279,0.12827,768560.4,98452.847021,0.12812,0.12834,0.12794,0.12827,0.12819,0.1284,0.12801,0.12835,0,0,-0.00054825,-0.00054825,-7.999999999999674e-05,-0.0006232956758862231
1771617000000,2026-02-20T19:50:00Z,0.12827,0.12865,0.12817,0.12859,626161.8,80459.77114,0.12827,0.12865,0.12819,0.12858,0.12835,0.12872,0.1283,0.12863,-0.00054825,0,-0.00026993,0,-3.999999999998449e-05,-0.000310969447251687
1771617300000,2026-02-20T19:55:00Z,0.12859,0.12862,0.12826,0.12849,390917.9,50219.434296,0.12858,0.1286,0.12829,0.12852,0.12863,0.12868,0.12838,0.12859,0,-0.00027532,-0.00030578,-0.00027532,-0.00010000000000001674,-0.000777665448324261
1771617600000,2026-02-20T20:00:00Z,0.12849,0.1288,0.12817,0.12822,580063.4,74535.074326,0.12852,0.12876,0.12822,0.12822,0.12859,0.12882,0.12832,0.12832,-0.00027532,0,-0.00003712,-0.00003712,-9.999999999998899e-05,-0.0007793017456358245
1771617900000,2026-02-20T20:05:00Z,0.12822,0.12879,0.12815,0.12864,533054.8,68495.780366,0.12822,0.12875,0.12818,0.12865,0.12832,0.1288,0.12822,0.12871,-0.00003712,0,-0.00021674,0,-6.999999999998674e-05,-0.0005438582860693555
1771618200000,2026-02-20T20:10:00Z,0.12864,0.12903,0.12831,0.12882,889238.1,114528.948287,0.12865,0.12891,0.12838,0.1289,0.12871,0.12896,0.12845,0.12895,0,0,-0.00011722,-0.00011722,-0.000130000000000019,-0.0010081426909656376
1771618500000,2026-02-20T20:15:00Z,0.12882,0.12893,0.12806,0.12841,629021.2,80789.41461,0.1289,0.12895,0.1281,0.12841,0.12895,0.129,0.1282,0.12851,-0.00011722,-0.00022671,-0.00024415,-0.00024415,-0.00010000000000001674,-0.0007781495603456286
1771618800000,2026-02-20T20:20:00Z,0.12841,0.12841,0.12782,0.12815,1021760.8,130868.183458,0.12841,0.12841,0.1279,0.12815,0.12851,0.12851,0.12795,0.12821,-0.00024415,-0.00054037,-0.00098618,-0.00098618,-6.0000000000004494e-05,-0.0004679822166758014
1771619100000,2026-02-20T20:25:00Z,0.12815,0.12817,0.12773,0.12784,621245.9,79478.303119,0.12815,0.12817,0.12779,0.12784,0.12821,0.12828,0.12791,0.12792,-0.00098618,-0.00049355,-0.00067431,-0.00049355,-7.999999999999674e-05,-0.0006253908692932828
1771619400000,2026-02-20T20:30:00Z,0.12784,0.12796,0.1265,0.12678,3851800.9,489439.578409,0.12784,0.12796,0.12663,0.12679,0.12792,0.12807,0.12675,0.12695,-0.00049355,-0.00061876,-0.00094317,-0.00061876,-0.00017000000000000348,-0.0013391098857818311
1771619700000,2026-02-20T20:35:00Z,0.12678,0.12776,0.1267,0.12765,2182732.4,277468.634359,0.12679,0.12771,0.12679,0.12765,0.12695,0.1278,0.12686,0.12774,-0.00061876,0,-0.00041138,-0.00041138,-8.999999999997899e-05,-0.0007045561296381634
1771620000000,2026-02-20T20:40:00Z,0.12765,0.128,0.12752,0.12778,651422.7,83222.370321,0.12765,0.1279,0.12752,0.12778,0.12774,0.12801,0.12765,0.12789,-0.00041138,-0.0003669,-0.00052814,-0.0003669,-0.00010999999999999899,-0.0008601141606067635
1771620300000,2026-02-20T20:45:00Z,0.12778,0.12783,0.127,0.12709,724238.5,92242.953424,0.12778,0.12779,0.12707,0.12709,0.12789,0.12789,0.12714,0.1272,-0.0003669,0,-0.00044836,-0.00044836,-0.00010999999999999899,-0.0008647798742138285
1771620600000,2026-02-20T20:50:00Z,0.12709,0.12768,0.12689,0.12758,972316,123759.25987,0.12709,0.1276,0.12693,0.12758,0.1272,0.12769,0.12706,0.12764,-0.00044836,-0.00052756,-0.00070616,-0.00070616,-6.0000000000004494e-05,-0.00047007207771861874
1771620900000,2026-02-20T20:55:00Z,0.12758,0.12784,0.12747,0.12764,1011654.1,129180.052299,0.12758,0.12786,0.1275,0.12764,0.12764,0.12796,0.12763,0.12773,-0.00070616,-0.00007019,-0.00091671,-0.00007019,-9.000000000000674e-05,-0.0007046112894387124
1771621200000,2026-02-20T21:00:00Z,0.12764,0.12794,0.12748,0.12757,793383.5,101309.047735,0.12764,0.12794,0.12754,0.12757,0.12773,0.12808,0.12768,0.1277,-0.00007019,-0.00010114,-0.00051783,-0.00010114,-0.000130000000000019,-0.001018010963195137
1771621500000,2026-02-20T21:05:00Z,0.12757,0.12792,0.12729,0.12775,646762.8,82551.080545,0.12757,0.12792,0.12736,0.12776,0.1277,0.12796,0.12751,0.1279,-0.00010114,-0.00053306,-0.00056191,-0.00053306,-0.00015000000000001124,-0.0011727912431588054
1771621800000,2026-02-20T21:10:00Z,0.12775,0.12783,0.12749,0.12768,425541.8,54316.614372,0.12776,0.12783,0.12754,0.12768,0.1279,0.12791,0.12765,0.12778,-0.00053306,-0.00077683,-0.00117252,-0.00077683,-0.00010000000000001674,-0.0007825950853029953
1771622100000,2026-02-20T21:15:00Z,0.12768,0.12771,0.12743,0.12757,356126.1,45430.313715,0.12768,0.1277,0.12752,0.12757,0.12778,0.12783,0.12763,0.12771,-0.00077683,-0.00056934,-0.00060299,-0.00056934,-0.00014000000000000123,-0.001096233654373199
1771622400000,2026-02-20T21:20:00Z,0.12757,0.12777,0.12745,0.12759,550170.9,70209.090392,0.12757,0.12776,0.12748,0.12761,0.12771,0.12781,0.12764,0.12776,-0.00056934,-0.00046524,-0.00064479,-0.00064479,-0.00017000000000000348,-0.0013306199123356564
1771622700000,2026-02-20T21:25:00Z,0.12759,0.1278,0.12725,0.12741,557645.9,71126.627039,0.12761,0.1278,0.12731,0.12741,0.12776,0.12789,0.12748,0.12752,-0.00064479,-0.00090938,-0.00132996,-0.00132996,-0.00010999999999999899,-0.0008626097867001176
1771623000000,2026-02-20T21:30:00Z,0.12741,0.12741,0.127,0.12737,566271.9,72036.272484,0.12741,0.12741,0.12705,0.12737,0.12752,0.12753,0.1272,0.12749,-0.00132996,-0.00041645,-0.00091942,-0.00041645,-0.00011999999999998123,-0.0009412502941405698
1771623300000,2026-02-20T21:35:00Z,0.12737,0.12759,0.12726,0.12737,598145.2,76216.675767,0.12737,0.12759,0.1273,0.12746,0.12749,0.12767,0.12743,0.12761,-0.00041645,-0.00019398,-0.00099302,-0.00099302,-0.00023999999999999022,-0.001880730350285951
1771623600000,2026-02-20T21:40:00Z,0.12737,0.12766,0.12726,0.12734,423726.1,54029.372917,0.12746,0.12762,0.12729,0.12734,0.12761,0.12777,0.12746,0.1275,-0.00099302,-0.00059633,-0.00091132,-0.00091132,-0.00015999999999999348,-0.0012549019607842626
1771623900000,2026-02-20T21:45:00Z,0.12734,0.1275,0.12711,0.12745,649172,82658.754047,0.12734,0.1275,0.12717,0.12745,0.1275,0.1276,0.12726,0.1276,-0.00091132,-0.00078637,-0.00107256,-0.00078637,-0.00014999999999998348,-0.0011755485893415634
1771624200000,2026-02-20T21:50:00Z,0.12745,0.12757,0.12737,0.12755,380966.7,48567.444867,0.12745,0.12762,0.1274,0.12755,0.1276,0.12776,0.12754,0.1277,-0.00078637,-0.0005915,-0.00077113,-0.0005915,-0.00015000000000001124,-0.0011746280344558436
1771624500000,2026-02-20T21:55:00Z,0.12755,0.12764,0.12721,0.12733,772046.8,98399.298332,0.12755,0.12764,0.12723,0.12733,0.1277,0.12778,0.12738,0.12744,-0.0005915,-0.00070066,-0.00114498,-0.00070066,-0.00010999999999999899,-0.0008631512868800925
1771624800000,2026-02-20T22:00:00Z,0.12733,0.12742,0.12718,0.1274,526010.1,66974.48321,0.12733,0.12741,0.12724,0.1274,0.12744,0.12758,0.12741,0.12753,-0.00070066,-0.00055954,-0.00086331,-0.00055954,-0.00012999999999999123,-0.0010193679918449872
1771625100000,2026-02-20T22:05:00Z,0.1274,0.12769,0.12731,0.12756,561633.5,71614.763968,0.1274,0.12767,0.12733,0.12762,0.12753,0.12784,0.1275,0.12778,-0.00055954,-0.00060181,-0.00080941,-0.00060181,-0.00021999999999999797,-0.0017217091876662856
1771625400000,2026-02-20T22:10:00Z,0.12756,0.12756,0.12715,0.12725,546657.4,69604.900764,0.12762,0.12762,0.12718,0.12725,0.12778,0.12778,0.12736,0.1274,-0.00060181,-0.00027306,-0.00085034,-0.00085034,-0.00015000000000001124,-0.0011773940345369798
1771625700000,2026-02-20T22:15:00Z,0.12725,0.12741,0.12674,0.12725,1194024.5,151766.349592,0.12725,0.12741,0.12675,0.12725,0.1274,0.1276,0.12697,0.12744,-0.00085034,-0.00080492,-0.00091715,-0.00091715,-0.00018999999999999573,-0.0014908976773383219
1771626000000,2026-02-20T22:20:00Z,0.12725,0.1278,0.12716,0.1277,852209.7,108583.034664,0.12725,0.12778,0.12721,0.12772,0.12744,0.12791,0.12742,0.1279,-0.00091715,-0.00084368,-0.00087656,-0.00084368,-0.00020000000000000573,-0.0015637216575450016
1771626300000,2026-02-20T22:25:00Z,0.1277,0.12772,0.12719,0.12742,896176.6,114248.889415,0.12772,0.12772,0.1273,0.12751,0.1279,0.1279,0.12747,0.12768,-0.00084368,-0.00018405,-0.00090657,-0.00018405,-0.00025999999999998247,-0.0020363408521301887
1771626600000,2026-02-20T22:30:00Z,0.12742,0.12754,0.12723,0.12732,889851.1,113409.24797,0.12751,0.12759,0.12723,0.12742,0.12768,0.12778,0.12741,0.12762,-0.00018405,-0.000711,-0.00164435,-0.00164435,-0.00030000000000002247,-0.0023507287259052064
1771626900000,2026-02-20T22:35:00Z,0.12732,0.12747,0.12694,0.12721,430482,54757.995751,0.12742,0.1275,0.12704,0.12721,0.12762,0.12773,0.12727,0.12741,-0.00164435,-0.00069848,-0.00074622,-0.00074622,-0.00020000000000000573,-0.0015697354995683678
1771627200000,2026-02-20T22:40:00Z,0.12721,0.12723,0.12654,0.12694,1047206,132895.71634,0.12721,0.12725,0.12674,0.12694,0.12741,0.12749,0.12698,0.1272,-0.00074622,-0.00093613,-0.00116961,-0.00093613,-0.0002600000000000102,-0.0020440251572327846
1771627500000,2026-02-20T22:45:00Z,0.12694,0.12709,0.12682,0.12702,901427.5,114482.315604,0.12694,0.12711,0.12683,0.12702,0.1272,0.12736,0.12706,0.12728,-0.00093613,-0.00086825,-0.00165923,-0.00165923,-0.0002600000000000102,-0.002042740414833518
1771627800000,2026-02-20T22:50:00Z,0.12702,0.12728,0.127,0.12722,261940.2,33305.020302,0.12702,0.12729,0.12702,0.12722,0.12728,0.12753,0.12727,0.1274,-0.00165923,-0.00097544,-0.00140427,-0.00140427,-0.00018000000000001348,-0.0014128728414443757
1771628100000,2026-02-20T22:55:00Z,0.12722,0.12745,0.12711,0.12716,355232.8,45206.110102,0.12722,0.12745,0.12714,0.1272,0.1274,0.12763,0.12739,0.12746,-0.00140427,-0.00103044,-0.00140793,-0.00103044,-0.0002999999999999947,-0.0023536795857523516
1771628400000,2026-02-20T23:00:00Z,0.12716,0.12754,0.12702,0.12722,994918.6,126621.338259,0.1272,0.12754,0.12713,0.12722,0.12746,0.12774,0.12732,0.12746,-0.00103044,-0.00127557,-0.00190633,-0.00190633,-0.00023999999999999022,-0.0018829436686018377
1771628700000,2026-02-20T23:05:00Z,0.12722,0.12727,0.12686,0.12702,885321.2,112514.112662,0.12722,0.12727,0.12687,0.12702,0.12746,0.12753,0.12718,0.12731,-0.00190633,-0.00193526,-0.002023,-0.00193526,-0.00029000000000001247,-0.002277904328018321
1771629000000,2026-02-20T23:10:00Z,0.12702,0.12719,0.12655,0.12682,1707552.2,216812.138252,0.12702,0.12714,0.12675,0.12682,0.12731,0.12744,0.12702,0.1271,-0.00193526,-0.00189178,-0.00203329,-0.00189178,-0.00028000000000000247,-0.0022029897718332217
1771629300000,2026-02-20T23:15:00Z,0.12682,0.12728,0.12682,0.127,1094906.3,139142.901791,0.12682,0.12724,0.12682,0.12705,0.1271,0.12755,0.1271,0.12738,-0.00189178,-0.00180012,-0.00204283,-0.00204283,-0.00037999999999999146,-0.0029831998743915173
1771629600000,2026-02-20T23:20:00Z,0.127,0.12709,0.12682,0.12684,711228,90281.018259,0.12705,0.12708,0.12682,0.12684,0.12738,0.12743,0.1271,0.12711,-0.00204283,-0.0018515,-0.00196256,-0.00196256,-0.00026999999999999247,-0.0021241444418219845
1771629900000,2026-02-20T23:25:00Z,0.12684,0.12746,0.12676,0.12742,783596.8,99575.429183,0.12684,0.12743,0.1268,0.12742,0.12711,0.1277,0.1271,0.12764,-0.00196256,-0.00196192,-0.00210786,-0.00210786,-0.00021999999999999797,-0.001723597618301457
1771630200000,2026-02-20T23:30:00Z,0.12742,0.1278,0.12742,0.12774,1053734.1,134522.566103,0.12742,0.12779,0.12742,0.12774,0.12764,0.1281,0.12764,0.12803,-0.00210786,-0.00165783,-0.00208946,-0.00208946,-0.00029000000000001247,-0.0022650941185660585
1771630500000,2026-02-20T23:35:00Z,0.12774,0.12846,0.12757,0.12757,2479112.6,317235.858222,0.12774,0.12824,0.12761,0.12761,0.12803,0.12857,0.1279,0.12791,-0.00208946,-0.0012375,-0.00186403,-0.00186403,-0.00034000000000000696,-0.002658118989914838
1771630800000,2026-02-20T23:40:00Z,0.12757,0.12767,0.1272,0.12745,1060604.6,135182.713827,0.12761,0.12766,0.12728,0.12747,0.12791,0.12797,0.12758,0.12777,-0.00186403,-0.0016772,-0.00191194,-0.0016772,-0.00031999999999998696,-0.0025045002739296153
1771631100000,2026-02-20T23:45:00Z,0.12745,0.12823,0.12741,0.12817,1273462.8,162792.065087,0.12747,0.12822,0.12747,0.12817,0.12777,0.12849,0.12776,0.12845,-0.0016772,-0.00142266,-0.00168687,-0.00142266,-0.00028000000000000247,-0.0021798365122615996
1771631400000,2026-02-20T23:50:00Z,0.12817,0.12858,0.12813,0.12857,834265.6,107066.262553,0.12817,0.12861,0.12813,0.12857,0.12845,0.12887,0.12841,0.12883,-0.00142266,-0.00133253,-0.00163925,-0.00133253,-0.0002600000000000102,-0.00201816347124125
1771631700000,2026-02-20T23:55:00Z,0.12857,0.12864,0.12802,0.12823,1200030,153977.78407,0.12857,0.12864,0.12809,0.12823,0.12883,0.12889,0.12841,0.12854,-0.00133253,-0.00203948,-0.00244173,-0.00244173,-0.00030999999999997696,-0.002411700637933538
1771632000000,2026-02-21T00:00:00Z,0.12823,0.12847,0.12764,0.12786,1832074.7,234734.166426,0.12823,0.12847,0.12767,0.12786,0.12854,0.12879,0.12802,0.12815,-0.00244173,-0.00214398,-0.0025287,-0.00214398,-0.0002899999999999847,-0.0022629730784236033
1771632300000,2026-02-21T00:05:00Z,0.12786,0.12812,0.12765,0.12797,879142.5,112447.177328,0.12786,0.12812,0.12769,0.12797,0.12815,0.1284,0.12799,0.12826,-0.00214398,-0.00161067,-0.00205305,-0.00205305,-0.00029000000000001247,-0.0022610322781850337
1771632600000,2026-02-21T00:10:00Z,0.12797,0.1284,0.12792,0.12821,1299507.5,166558.786172,0.12797,0.12838,0.12796,0.12821,0.12826,0.12859,0.1282,0.12841,-0.00205305,-0.00110734,-0.00132781,-0.00132781,-0.00020000000000000573,-0.0015575110972666127
1771632900000,2026-02-21T00:15:00Z,0.12821,0.1289,0.12821,0.12865,1108638.7,142547.926817,0.12821,0.12878,0.12821,0.12871,0.12841,0.129,0.12841,0.12894,-0.00132781,-0.00118918,-0.00146412,-0.00118918,-0.00029000000000001247,-0.0022491081123003913
1771633200000,2026-02-21T00:20:00Z,0.12865,0.12874,0.12734,0.12735,1373641,175708.640624,0.12871,0.12871,0.12735,0.12735,0.12894,0.12894,0.1276,0.1276,-0.00118918,-0.00125902,-0.00189967,-0.00125902,-0.0002500000000000002,-0.0019592476489028233
1771633500000,2026-02-21T00:25:00Z,0.12735,0.1277,0.12714,0.12748,773017.5,98544.999825,0.12735,0.12768,0.12717,0.12753,0.1276,0.1279,0.12744,0.12777,-0.00125902,-0.00133335,-0.00151173,-0.00133335,-0.0002899999999999847,-0.002269703373248687
1771633800000,2026-02-21T00:30:00Z,0.12748,0.12761,0.12702,0.12715,1048336.4,133471.800897,0.12753,0.12761,0.12705,0.12715,0.12777,0.12784,0.12728,0.12734,-0.00133335,-0.00143612,-0.00189617,-0.00189617,-0.00018999999999999573,-0.0014920684780901187
1771634100000,2026-02-21T00:35:00Z,0.12715,0.12739,0.12707,0.12737,595681.5,75796.864378,0.12715,0.12739,0.12708,0.12737,0.12734,0.12754,0.12731,0.12754,-0.00189617,-0.00073099,-0.00114132,-0.00073099,-0.00016999999999997573,-0.0013329151638699682
1771634400000,2026-02-21T00:40:00Z,0.12737,0.12772,0.12724,0.12766,678088.6,86502.331534,0.12737,0.12771,0.12729,0.12766,0.12754,0.12788,0.12749,0.12786,-0.00073099,-0.00082669,-0.00094803,-0.00082669,-0.00020000000000000573,-0.0015642108556233828
1771634700000,2026-02-21T00:45:00Z,0.12766,0.12777,0.12741,0.12763,825054.7,105280.060794,0.12766,0.12777,0.12742,0.12763,0.12786,0.12799,0.12766,0.12783,-0.00082669,-0.00104579,-0.00207529,-0.00104579,-0.00020000000000000573,-0.0015645779550966575
1771635000000,2026-02-21T00:50:00Z,0.12763,0.12765,0.12745,0.12754,357419.4,45588.176912,0.12763,0.12765,0.1275,0.12757,0.12783,0.12788,0.12773,0.1278,-0.00104579,-0.00164937,-0.00168708,-0.00168708,-0.0002600000000000102,-0.002034428794992255
1771635300000,2026-02-21T00:55:00Z,0.12754,0.12774,0.1274,0.12757,531618.2,67820.564692,0.12757,0.12768,0.12744,0.12757,0.1278,0.12791,0.12765,0.12781,-0.00168708,-0.00121188,-0.00144933,-0.00144933,-0.00024000000000001798,-0.0018777873405838195
1771635600000,2026-02-21T01:00:00Z,0.12757,0.1281,0.12757,0.128,494829.4,63294.998721,0.12757,0.1281,0.12757,0.128,0.12781,0.12831,0.12781,0.12818,-0.00144933,-0.00079575,-0.00114294,-0.00114294,-0.00017999999999998573,-0.0014042752379465264
1771635900000,2026-02-21T01:05:00Z,0.128,0.12826,0.1279,0.12824,304886.9,39047.758008,0.128,0.12824,0.12798,0.12824,0.12818,0.12842,0.12818,0.12842,-0.00114294,-0.00127527,-0.0016259,-0.0016259,-0.00018000000000001348,-0.0014016508332036558
1771636200000,2026-02-21T01:10:00Z,0.12824,0.12834,0.12798,0.12803,571667.7,73266.286004,0.12824,0.12832,0.128,0.12803,0.12842,0.12853,0.1282,0.12822,-0.0016259,-0.00082301,-0.00161895,-0.00161895,-0.00018999999999999573,-0.0014818281079394457
1771636500000,2026-02-21T01:15:00Z,0.12803,0.12806,0.12734,0.12766,639615.3,81652.704659,0.12803,0.12805,0.12738,0.12766,0.12822,0.12822,0.12763,0.12787,-0.00161895,-0.00144915,-0.00149655,-0.00144915,-0.00021000000000001573,-0.0016422929537813068
1771636800000,2026-02-21T01:20:00Z,0.12766,0.1281,0.12764,0.12793,493066.3,63050.796181,0.12766,0.12814,0.12764,0.12793,0.12787,0.12838,0.12787,0.12816,-0.00144915,-0.00130349,-0.00151977,-0.00130349,-0.00023000000000000798,-0.0017946317103621097
1771637100000,2026-02-21T01:25:00Z,0.12793,0.12868,0.12793,0.12865,664912.6,85370.80358,0.12793,0.12869,0.12793,0.12869,0.12816,0.1289,0.12816,0.1289,-0.00130349,-0.00052735,-0.00131309,-0.00131309,-0.0002500000000000002,-0.0019394879751745558
1771637400000,2026-02-21T01:30:00Z,0.12865,0.12977,0.12862,0.12955,1635043.1,211178.920842,0.12869,0.12968,0.12869,0.12958,0.1289,0.12982,0.12889,0.12975,-0.00131309,-0.00070448,-0.00157622,-0.00157622,-0.00020000000000000573,-0.0015414258188825103
1771637700000,2026-02-21T01:35:00Z,0.12955,0.13029,0.12937,0.12999,2325338.8,302143.392505,0.12958,0.1302,0.12941,0.12999,0.12975,0.13035,0.12959,0.13016,-0.00157622,-0.00062832,-0.0007081,-0.00062832,-0.00017000000000000348,-0.0013060848186847226
1771638000000,2026-02-21T01:40:00Z,0.12999,0.13018,0.12935,0.12975,914547.6,118657.326109,0.12999,0.13018,0.12946,0.12975,0.13016,0.13035,0.12964,0.12992,-0.00062832,-0.00025539,-0.00117494,-0.00117494,-0.00017000000000000348,-0.0013084975369458396
1771638300000,2026-02-21T01:45:00Z,0.12975,0.13032,0.12949,0.12949,1790131.7,232763.164274,0.12975,0.13004,0.12955,0.12955,0.12992,0.13023,0.12973,0.12975,-0.00117494,-0.00079237,-0.00109453,-0.00109453,-0.0002600000000000102,-0.002003853564547285
1771638600000,2026-02-21T01:50:00Z,0.12949,0.12949,0.12886,0.12945,906960.9,117141.789103,0.12955,0.12955,0.12893,0.12945,0.12975,0.12975,0.12913,0.12962,-0.00109453,-0.0010462,-0.00168362,-0.0010462,-0.00017000000000000348,-0.0013115259990742437
1771638900000,2026-02-21T01:55:00Z,0.12945,0.12962,0.12936,0.12941,1063055.6,137674.650834,0.12945,0.12961,0.1294,0.12943,0.12962,0.12977,0.12955,0.12961,-0.0010462,-0.00053796,-0.00100246,-0.00053796,-0.00020000000000000573,-0.0015430908108942654
1771639200000,2026-02-21T02:00:00Z,0.12941,0.13001,0.12938,0.12945,561958.7,72877.334862,0.12943,0.13004,0.12938,0.12948,0.12961,0.1302,0.12955,0.12968,-0.00053796,-0.00081501,-0.00105576,-0.00081501,-0.00022999999999998022,-0.001773596545342229
1771639500000,2026-02-21T02:05:00Z,0.12945,0.12945,0.12905,0.1293,446629.7,57724.947542,0.12948,0.12948,0.12905,0.1293,0.12968,0.12968,0.12926,0.12941,-0.00081501,-0.00088112,-0.00132347,-0.00088112,-0.00010999999999999899,-0.0008500115910671431
1771639800000,2026-02-21T02:10:00Z,0.1293,0.12999,0.1293,0.12986,704945.3,91454.686456,0.1293,0.12999,0.1293,0.1299,0.12941,0.13017,0.12941,0.1301,-0.00088112,-0.00048478,-0.00055157,-0.00055157,-0.00023999999999999022,-0.0018447348193696405
1771640100000,2026-02-21T02:15:00Z,0.12986,0.13105,0.12973,0.13093,1022036.1,133340.631876,0.1299,0.13101,0.12978,0.13096,0.1301,0.13116,0.13,0.13111,-0.00055157,-0.00049969,-0.00063292,-0.00063292,-0.00018000000000001348,-0.0013728929906186673
1771640400000,2026-02-21T02:20:00Z,0.13093,0.13107,0.13048,0.13072,1273567.9,166515.588266,0.13096,0.13106,0.13053,0.13072,0.13111,0.13119,0.13066,0.13081,-0.00063292,-0.00002994,-0.00076844,-0.00076844,-9.000000000000674e-05,-0.0006880207935173666
1771640700000,2026-02-21T02:25:00Z,0.13072,0.13138,0.13071,0.13115,1277764.6,167526.046075,0.13072,0.1313,0.13072,0.13115,0.13081,0.13141,0.13081,0.13128,-0.00076844,-0.00052788,-0.00113772,-0.00113772,-0.000130000000000019,-0.0009902498476540142
1771641000000,2026-02-21T02:30:00Z,0.13115,0.13282,0.13103,0.13244,4311025.4,569462.665352,0.13115,0.13272,0.13108,0.13247,0.13128,0.13278,0.13121,0.13254,-0.00113772,0,-0.00053552,-0.00053552,-9.999999999998899e-05,-0.0007544892108042024
1771641300000,2026-02-21T02:35:00Z,0.13244,0.13284,0.13111,0.13161,2120048.2,279756.744399,0.13247,0.13284,0.1312,0.13169,0.13254,0.13291,0.13133,0.1318,-0.00053552,-0.0000796,-0.00054901,-0.00054901,-0.00018999999999999573,-0.0014415781487101345
1771641600000,2026-02-21T02:40:00Z,0.13161,0.13162,0.13121,0.13146,846353.9,111216.297477,0.13169,0.13169,0.13121,0.13146,0.1318,0.1318,0.13132,0.1315,-0.00054901,-0.00031701,-0.0003834,-0.0003834,-4.000000000001225e-05,-0.00030418250950579656
1771641900000,2026-02-21T02:45:00Z,0.13146,0.13153,0.13113,0.13135,781074.2,102627.573847,0.13146,0.13153,0.13127,0.13139,0.1315,0.13159,0.13128,0.13147,-0.0003834,0,0,0,-0.00012000000000000899,-0.0009127557617708145
1771642200000,2026-02-21T02:50:00Z,0.13135,0.13175,0.13059,0.1311,2955905.7,387785.003586,0.13139,0.13152,0.13066,0.13119,0.13147,0.13162,0.13074,0.13132,0,0,-0.00021151,0,-0.00021999999999999797,-0.0016752969844654126
1771642500000,2026-02-21T02:55:00Z,0.1311,0.13162,0.13106,0.13118,823772.1,108176.2354,0.13119,0.13161,0.13108,0.13118,0.13132,0.1317,0.1312,0.1312,0,-0.00037856,-0.00044227,-0.00044227,-2.0000000000020002e-05,-0.00015243902439039634
1771642800000,2026-02-21T03:00:00Z,0.13118,0.13168,0.13082,0.13111,1400371.2,183674.369931,0.13118,0.13166,0.13087,0.13115,0.1312,0.13174,0.13098,0.13126,-0.00044227,-0.00005169,-0.00053836,-0.00005169,-0.00014999999999998348,-0.0011427700746608524
1771643100000,2026-02-21T03:05:00Z,0.13111,0.13122,0.13064,0.13085,1044887.6,136841.362749,0.13115,0.1312,0.13071,0.13085,0.13126,0.1313,0.13082,0.13094,-0.00005169,0,-0.00064424,-0.00064424,-9.000000000000674e-05,-0.0006873377119291793
1771643400000,2026-02-21T03:10:00Z,0.13085,0.13105,0.13037,0.13053,910458.3,119032.059752,0.13085,0.13102,0.13054,0.13054,0.13094,0.1311,0.13058,0.13066,-0.00064424,0,-0.00042944,-0.00042944,-0.00012999999999999123,-0.0009949487218734979
1771643700000,2026-02-21T03:15:00Z,0.13053,0.13087,0.13032,0.13063,825349.9,107804.366403,0.13054,0.1308,0.13037,0.13063,0.13066,0.1309,0.13051,0.1307,-0.00042944,0,-0.00013701,0,-7.00000000000145e-05,-0.0005355776587606311
1771644000000,2026-02-21T03:20:00Z,0.13063,0.13079,0.13048,0.13056,611455.2,79868.476218,0.13063,0.13077,0.13058,0.1306,0.1307,0.13083,0.13066,0.13069,0,-0.00002616,-0.00029067,-0.00029067,-0.00012999999999999123,-0.0009947203305531505
1771644300000,2026-02-21T03:25:00Z,0.13056,0.13057,0.13015,0.13026,517452.4,67434.152747,0.1306,0.1306,0.1302,0.1303,0.13069,0.13069,0.13029,0.13042,-0.00029067,-0.00006308,-0.00052994,-0.00006308,-0.00016000000000002124,-0.0012268057046466894
1771644600000,2026-02-21T03:30:00Z,0.13026,0.13038,0.12984,0.13016,866284.4,112679.185991,0.1303,0.13037,0.12995,0.13016,0.13042,0.13049,0.13004,0.13029,-0.00006308,-0.00033379,-0.00053233,-0.00053233,-0.00012999999999999123,-0.0009977741960241863
1771644900000,2026-02-21T03:35:00Z,0.13016,0.13018,0.12977,0.13005,638271.2,82950.806756,0.13016,0.13018,0.12984,0.13005,0.13029,0.1303,0.12999,0.13021,-0.00053233,-0.00040866,-0.00116094,-0.00040866,-0.00015999999999999348,-0.001228784271561274
1771645200000,2026-02-21T03:40:00Z,0.13005,0.13005,0.12945,0.12975,1394637.3,180939.939199,0.13005,0.13005,0.12954,0.12982,0.13021,0.13021,0.12974,0.13,-0.00040866,-0.00062315,-0.00128258,-0.00128258,-0.0002500000000000002,-0.0019230769230769247
1771645500000,2026-02-21T03:45:00Z,0.12975,0.13024,0.12966,0.13024,506178.1,65748.2977,0.12982,0.13024,0.12966,0.13024,0.13,0.13042,0.12981,0.13037,-0.00128258,-0.00100291,-0.00141671,-0.00100291,-0.000130000000000019,-0.0009971619237556107
1771645800000,2026-02-21T03:50:00Z,0.13024,0.13086,0.13024,0.13086,740714.5,96710.363535,0.13024,0.13086,0.13024,0.13086,0.13037,0.131,0.13037,0.13099,-0.00100291,-0.00061718,-0.00069424,-0.00061718,-0.00012999999999999123,-0.0009924421711580368
1771646100000,2026-02-21T03:55:00Z,0.13086,0.13111,0.13065,0.1311,607634.3,79542.471767,0.13086,0.13111,0.13065,0.1311,0.13099,0.13125,0.13081,0.13125,-0.00061718,-0.00083286,-0.00086344,-0.00086344,-0.00015000000000001124,-0.0011428571428572284
1771646400000,2026-02-21T04:00:00Z,0.1311,0.13157,0.13106,0.13156,1209862.1,158848.101169,0.1311,0.13156,0.13109,0.13156,0.13125,0.13172,0.13124,0.1317,-0.00086344,-0.00046314,-0.00071745,-0.00046314,-0.00014000000000000123,-0.0010630220197418469
1771646700000,2026-02-21T04:05:00Z,0.13156,0.1321,0.1308,0.13134,2376066.3,312405.777307,0.13156,0.13208,0.13091,0.13134,0.1317,0.13223,0.13106,0.13149,-0.00046314,-0.00047522,-0.00102357,-0.00102357,-0.00014999999999998348,-0.0011407711613049165
1771647000000,2026-02-21T04:10:00Z,0.13134,0.13143,0.1305,0.13065,1303019.7,170528.626305,0.13134,0.13143,0.13061,0.13065,0.13149,0.13149,0.13077,0.13083,-0.00102357,-0.00082722,-0.00114288,-0.00082722,-0.00018000000000001348,-0.001375831231369055
1771647300000,2026-02-21T04:15:00Z,0.13065,0.13109,0.13065,0.13093,815773.2,106715.587287,0.13065,0.13104,0.13065,0.13095,0.13083,0.13117,0.1308,0.13108,-0.00082722,-0.00010932,-0.00050947,-0.00050947,-0.00015000000000001124,-0.0011443393347574857
1771647600000,2026-02-21T04:20:00Z,0.13093,0.13117,0.13086,0.13109,225932.9,29593.368083,0.13095,0.13117,0.13087,0.13109,0.13108,0.13123,0.13102,0.13118,-0.00050947,-0.0008104,-0.00096574,-0.0008104,-8.999999999997899e-05,-0.0006860801951515398
1771647900000,2026-02-21T04:25:00Z,0.13109,0.1312,0.13067,0.13075,364258.6,47671.872009,0.13109,0.13119,0.13075,0.13075,0.13118,0.13128,0.13087,0.13087,-0.0008104,-0.00063081,-0.00064978,-0.00063081,-0.00011999999999998123,-0.0009169404752806697
1771648200000,2026-02-21T04:30:00Z,0.13075,0.13087,0.13066,0.13076,347147,45391.022942,0.13075,0.13087,0.13072,0.13082,0.13087,0.13102,0.13084,0.13099,-0.00063081,-0.00064726,-0.00120832,-0.00064726,-0.00023000000000000798,-0.0017558592258951674
1771648500000,2026-02-21T04:35:00Z,0.13076,0.13114,0.13073,0.13082,496665.8,65034.062946,0.13082,0.13113,0.13077,0.13091,0.13099,0.13126,0.13092,0.13106,-0.00064726,-0.00053378,-0.00071172,-0.00071172,-0.00024000000000001798,-0.0018312223409126963
1771648800000,2026-02-21T04:40:00Z,0.13082,0.13118,0.13066,0.13068,468934.9,61404.370806,0.13091,0.13118,0.13069,0.13069,0.13106,0.13133,0.1309,0.1309,-0.00071172,-0.00071191,-0.00085173,-0.00085173,-0.00021999999999999797,-0.0016806722689075477
1771649100000,2026-02-21T04:45:00Z,0.13068,0.13068,0.13044,0.13064,586424.7,76552.692221,0.13069,0.1307,0.13046,0.13065,0.1309,0.1309,0.13069,0.13085,-0.00085173,-0.00082431,-0.00125923,-0.00082431,-0.00020999999999998797,-0.001604891096675491
1771649400000,2026-02-21T04:50:00Z,0.13064,0.1316,0.13031,0.13123,1905421.9,249526.631864,0.13065,0.13149,0.13036,0.13123,0.13085,0.13165,0.13056,0.13142,-0.00082431,-0.00098456,-0.00114832,-0.00098456,-0.00018999999999999573,-0.0014457464617257322
1771649700000,2026-02-21T04:55:00Z,0.13123,0.13153,0.13091,0.13101,555444.1,72920.658875,0.13123,0.13146,0.13095,0.13105,0.13142,0.13159,0.13115,0.13125,-0.00098456,-0.00004894,-0.00102086,-0.00102086,-0.00024000000000001798,-0.0018285714285715654
1771650000000,2026-02-21T05:00:00Z,0.13101,0.13168,0.13095,0.13159,590433.2,77606.2278,0.13105,0.13168,0.13098,0.13159,0.13125,0.13179,0.13119,0.13172,-0.00102086,-0.00065798,-0.00108993,-0.00108993,-0.00012999999999999123,-0.0009869419981778866
1771650300000,2026-02-21T05:05:00Z,0.13159,0.13219,0.13157,0.13213,619058.8,81642.680298,0.13159,0.13216,0.13157,0.13216,0.13172,0.13229,0.13172,0.13229,-0.00108993,-0.00044129,-0.00074591,-0.00074591,-0.00015999999999999348,-0.0012094640562400295
1771650600000,2026-02-21T05:10:00Z,0.13213,0.13214,0.1318,0.13196,922813.1,121785.23144,0.13216,0.13216,0.13188,0.13197,0.13229,0.13229,0.132,0.13214,-0.00074591,-0.00063301,-0.00093758,-0.00063301,-0.00018000000000001348,-0.0013621916149539387
1771650900000,2026-02-21T05:15:00Z,0.13196,0.13215,0.13137,0.13184,1217925.9,160521.942946,0.13197,0.13212,0.13176,0.13185,0.13214,0.13222,0.13186,0.13204,-0.00063301,-0.00092687,-0.00132082,-0.00092687,-0.00019999999999997797,-0.0015146925174187973
1771651200000,2026-02-21T05:20:00Z,0.13184,0.13316,0.13166,0.13299,2133162.6,282550.062985,0.13185,0.133,0.13176,0.13299,0.13204,0.13316,0.13189,0.13306,-0.00092687,0,-0.0003123,0,-7.00000000000145e-05,-0.0005260784608448406
1771651500000,2026-02-21T05:25:00Z,0.13299,0.13345,0.13279,0.1331,1209897,161081.083254,0.13299,0.13335,0.13279,0.13316,0.13306,0.13341,0.13287,0.13324,0,-0.00018042,-0.00046739,-0.00046739,-0.00014000000000000123,-0.0010507355148604116
1771651800000,2026-02-21T05:30:00Z,0.1331,0.1337,0.13279,0.13329,1544226.6,205751.285504,0.13316,0.13358,0.13282,0.13333,0.13324,0.1336,0.13289,0.13337,-0.00046739,0,0,0,-7.999999999999674e-05,-0.0005998350453625009
1771652100000,2026-02-21T05:35:00Z,0.13329,0.13337,0.13279,0.13289,1120380.9,149052.800526,0.13333,0.13334,0.13285,0.13289,0.13337,0.1334,0.13291,0.13294,0,0,0,0,-4.999999999999449e-05,-0.0003761095230930833
1771652400000,2026-02-21T05:40:00Z,0.13289,0.13327,0.13233,0.13238,1176595.9,156164.238303,0.13289,0.1332,0.13244,0.13244,0.13294,0.13322,0.13249,0.13252,0,0,-0.00040467,0,-0.00014000000000000123,-0.0010564443102927953
1771652700000,2026-02-21T05:45:00Z,0.13238,0.13247,0.13141,0.13165,1427236.2,188177.468469,0.13244,0.13244,0.13144,0.13165,0.13252,0.13252,0.13159,0.1318,0,-0.00001599,-0.00043485,-0.00043485,-0.00015000000000001124,-0.0011380880121396907
1771653000000,2026-02-21T05:50:00Z,0.13165,0.13175,0.13148,0.13168,497621.4,65491.010937,0.13165,0.13175,0.13149,0.13168,0.1318,0.13189,0.13162,0.13179,-0.00043485,-0.00044231,-0.00072212,-0.00044231,-0.00010999999999999899,-0.0008346612034296912
1771653300000,2026-02-21T05:55:00Z,0.13168,0.13168,0.13111,0.13142,793614.4,104271.011702,0.13168,0.13168,0.13122,0.13142,0.13179,0.13179,0.13138,0.13152,-0.00044231,-0.00029865,-0.00134615,-0.00029865,-9.999999999998899e-05,-0.0007603406326033226
1771653600000,2026-02-21T06:00:00Z,0.13142,0.13171,0.13128,0.13163,799775.3,105187.134875,0.13142,0.13173,0.13131,0.13161,0.13152,0.13189,0.13147,0.13172,-0.00029865,-0.00040263,-0.00049988,-0.00049988,-9.000000000000674e-05,-0.0006832675372001727
1771653900000,2026-02-21T06:05:00Z,0.13163,0.13187,0.1313,0.13143,626425,82452.349593,0.13161,0.13187,0.13137,0.13143,0.13172,0.13199,0.13151,0.13156,-0.00049988,-0.00068112,-0.00105936,-0.00105936,-0.000130000000000019,-0.000988142292490263
1771654200000,2026-02-21T06:10:00Z,0.13143,0.13181,0.13137,0.13179,613563.7,80737.359476,0.13143,0.13179,0.13139,0.13179,0.13156,0.13189,0.13155,0.13187,-0.00105936,-0.00000015,-0.00095638,-0.00000015,-7.999999999999674e-05,-0.0006066580723439504
1771654500000,2026-02-21T06:15:00Z,0.13179,0.13223,0.13176,0.13214,533322.7,70394.379389,0.13179,0.13219,0.13176,0.13216,0.13187,0.13233,0.13185,0.1323,-0.00000015,-0.00076872,-0.00098366,-0.00098366,-0.00015999999999999348,-0.0012093726379440173
1771654800000,2026-02-21T06:20:00Z,0.13214,0.13221,0.13185,0.13196,694745.8,91750.832643,0.13216,0.13219,0.13203,0.13207,0.1323,0.1323,0.13211,0.1322,-0.00098366,-0.00031911,-0.00061231,-0.00061231,-0.00024000000000001798,-0.0018154311649018
1771655100000,2026-02-21T06:25:00Z,0.13196,0.13204,0.13145,0.13157,457986.8,60349.966236,0.13207,0.13207,0.13155,0.13157,0.1322,0.1322,0.13167,0.13177,-0.00061231,-0.00072003,-0.00137292,-0.00137292,-0.00020000000000000573,-0.0015177961599757588
1771655400000,2026-02-21T06:30:00Z,0.13157,0.13166,0.13045,0.13072,1837659.7,240504.270776,0.13157,0.13166,0.13052,0.13072,0.13177,0.1318,0.1307,0.13081,-0.00137292,-0.00026288,-0.0003751,-0.0003751,-9.000000000000674e-05,-0.0006880207935173666
1771655700000,2026-02-21T06:35:00Z,0.13072,0.13072,0.13018,0.13048,1175278.8,153244.698337,0.13072,0.13072,0.13025,0.13048,0.13081,0.13081,0.13033,0.13058,-0.0003751,-0.00044392,-0.00079701,-0.00044392,-9.999999999998899e-05,-0.0007658140603460636
1771656000000,2026-02-21T06:40:00Z,0.13048,0.13079,0.13019,0.13054,770814,100585.349012,0.13048,0.13079,0.13028,0.13054,0.13058,0.13089,0.13042,0.13068,-0.00044392,-0.00046843,-0.00047815,-0.00046843,-0.00014000000000000123,-0.0010713192531374444
1771656300000,2026-02-21T06:45:00Z,0.13054,0.13054,0.1297,0.1299,1051243.6,136754.454494,0.13054,0.13055,0.12973,0.1299,0.13068,0.1307,0.12983,0.13006,-0.00046843,-0.00120494,-0.00197908,-0.00197908,-0.00016000000000002124,-0.0012302014454868616
1771656600000,2026-02-21T06:50:00Z,0.1299,0.13019,0.12971,0.13003,1012150,131487.627692,0.1299,0.13018,0.12975,0.13003,0.13006,0.13029,0.1299,0.13011,-0.00197908,-0.00072323,-0.00102007,-0.00072323,-7.999999999999674e-05,-0.0006148643455537371
1771656900000,2026-02-21T06:55:00Z,0.13003,0.13028,0.12989,0.13024,596563.5,77621.979084,0.13003,0.13027,0.12993,0.13024,0.13011,0.13038,0.13007,0.13036,-0.00072323,-0.00009376,-0.00054362,-0.00009376,-0.00012000000000000899,-0.0009205277692544415
1771657200000,2026-02-21T07:00:00Z,0.13024,0.13038,0.12988,0.13,721700.2,93898.196997,0.13024,0.13036,0.12989,0.13001,0.13036,0.13041,0.13,0.13012,-0.00009376,-0.00051398,-0.00067125,-0.00067125,-0.00012000000000000899,-0.0009222256378728018
1771657500000,2026-02-21T07:05:00Z,0.13,0.13019,0.12994,0.13014,299016.3,38887.728699,0.13001,0.1302,0.12994,0.13014,0.13012,0.1303,0.13004,0.13024,-0.00067125,-0.00007032,-0.00030357,-0.00030357,-9.999999999998899e-05,-0.0007678132678131833
1771657800000,2026-02-21T07:10:00Z,0.13014,0.13014,0.12982,0.13009,378828.1,49256.679774,0.13014,0.13014,0.12983,0.13009,0.13024,0.13026,0.12995,0.13017,-0.00030357,0,-0.00050753,-0.00050753,-7.999999999999674e-05,-0.0006145809326265402
1771658100000,2026-02-21T07:15:00Z,0.13009,0.13014,0.12991,0.13005,330279.9,42942.231039,0.13009,0.13014,0.12995,0.13007,0.13017,0.1302,0.13008,0.13017,-0.00050753,-0.0004547,-0.00046891,-0.0004547,-0.00012000000000000899,-0.0009218713989399169
1771658400000,2026-02-21T07:20:00Z,0.13005,0.13019,0.12987,0.12993,264277.5,34361.175207,0.13007,0.13018,0.12989,0.12994,0.13017,0.13029,0.13001,0.13008,-0.0004547,-0.00063075,-0.00112165,-0.00063075,-0.00015000000000001124,-0.0011531365313654
1771658700000,2026-02-21T07:25:00Z,0.12993,0.13024,0.12991,0.13021,379654.9,49359.030303,0.12994,0.13023,0.12994,0.13021,0.13008,0.13032,0.13008,0.13032,-0.00063075,-0.00029606,-0.00088264,-0.00029606,-0.00010999999999999899,-0.0008440761203192066
1771659000000,2026-02-21T07:30:00Z,0.13021,0.1313,0.13021,0.13115,1819434.8,238002.772527,0.13021,0.13129,0.13021,0.13116,0.13032,0.13136,0.13032,0.13128,-0.00029606,-0.00010738,-0.00068003,-0.00010738,-0.000130000000000019,-0.0009902498476540142
1771659300000,2026-02-21T07:35:00Z,0.13115,0.13181,0.13109,0.13177,1230935.9,161918.855442,0.13116,0.13179,0.13112,0.13177,0.13128,0.13186,0.13123,0.13186,-0.00010738,-0.00024585,-0.00053247,-0.00053247,-9.000000000000674e-05,-0.000682542090095607
1771659600000,2026-02-21T07:40:00Z,0.13177,0.13189,0.13144,0.13155,710490.2,93553.095121,0.13177,0.13188,0.13147,0.13155,0.13186,0.13197,0.13152,0.1316,-0.00053247,0,-0.00071755,-0.00071755,-4.999999999999449e-05,-0.0003799392097264019
1771659900000,2026-02-21T07:45:00Z,0.13155,0.13179,0.13153,0.13169,461812.8,60794.480411,0.13155,0.13176,0.13154,0.1317,0.1316,0.13179,0.1316,0.13178,-0.00071755,0,-0.00013256,-0.00013256,-9.000000000000674e-05,-0.0006829564425558259
1771660200000,2026-02-21T07:50:00Z,0.13169,0.132,0.13113,0.13121,646915.2,85077.711705,0.1317,0.13202,0.13134,0.13134,0.13178,0.13209,0.13145,0.13145,-0.00013256,-0.00002899,-0.00029283,-0.00002899,-0.00024000000000001798,-0.0018257892734881548
1771660500000,2026-02-21T07:55:00Z,0.13121,0.13171,0.13121,0.13156,453113.8,59594.969414,0.13134,0.13171,0.13128,0.13157,0.13145,0.13176,0.13139,0.13164,-0.00002899,0,-0.00003742,-0.00003742,-7.999999999999674e-05,-0.0006077180188392338
1771660800000,2026-02-21T08:00:00Z,0.13156,0.13182,0.13114,0.13146,846546.6,111362.672022,0.13157,0.13187,0.1312,0.13146,0.13164,0.13195,0.1313,0.13156,-0.00003742,-0.00016648,-0.00060241,-0.00016648,-0.00010000000000001674,-0.0007601094557617569
1771661100000,2026-02-21T08:05:00Z,0.13146,0.13159,0.13128,0.13131,357033,46932.712969,0.13146,0.13159,0.1313,0.13135,0.13156,0.13169,0.1314,0.13147,-0.00016648,-0.00018216,-0.00025189,-0.00025189,-0.00015999999999999348,-0.0012170076823609453
1771661400000,2026-02-21T08:10:00Z,0.13131,0.13187,0.13114,0.13184,1977898.6,260257.441268,0.13135,0.13186,0.13126,0.13184,0.13147,0.1319,0.13139,0.13188,-0.00025189,0,-0.0001904,-0.0001904,-3.999999999998449e-05,-0.00030330603578999465
1771661700000,2026-02-21T08:15:00Z,0.13184,0.132,0.13149,0.13162,701545.6,92466.984004,0.13184,0.13202,0.13151,0.13162,0.13188,0.13209,0.13158,0.13163,-0.0001904,0,-0.00043769,-0.00043769,-1.0000000000010001e-05,-7.597052343698246e-05
1771662000000,2026-02-21T08:20:00Z,0.13162,0.13162,0.13123,0.13137,484949.8,63726.691735,0.13162,0.13162,0.13125,0.13137,0.13163,0.13163,0.13134,0.13144,-0.00043769,0,-0.00052701,-0.00052701,-7.00000000000145e-05,-0.000532562385879599
1771662300000,2026-02-21T08:25:00Z,0.13137,0.132,0.13136,0.13187,639644.9,84306.333301,0.13137,0.13199,0.13136,0.13191,0.13144,0.13209,0.13142,0.13202,-0.00052701,-0.0004821,-0.00051925,-0.0004821,-0.00015000000000001124,-0.001136191486138549
1771662600000,2026-02-21T08:30:00Z,0.13187,0.13203,0.13164,0.13185,969161.6,127837.567625,0.13191,0.13198,0.13172,0.13185,0.13202,0.13207,0.1318,0.13188,-0.0004821,0,-0.00030043,-0.00030043,-3.0000000000002247e-05,-0.00022747952684260122
1771662900000,2026-02-21T08:35:00Z,0.13185,0.13187,0.13141,0.13182,492936.8,64891.727566,0.13185,0.13187,0.13141,0.13184,0.13188,0.13192,0.13149,0.13192,-0.00030043,-0.00009603,-0.00016576,-0.00009603,-0.00010000000000001674,-0.0007580351728321463
1771663200000,2026-02-21T08:40:00Z,0.13182,0.13207,0.1317,0.13192,357670.9,47176.395162,0.13184,0.13203,0.13174,0.13192,0.13192,0.13209,0.13185,0.13193,-0.00009603,0,-0.00010867,-0.00010867,-9.999999999982245e-06,-7.579777154538199e-05
1771663500000,2026-02-21T08:45:00Z,0.13192,0.1327,0.13173,0.13243,645811.1,85372.425169,0.13192,0.13267,0.13175,0.13245,0.13193,0.1327,0.13182,0.13251,-0.00010867,0.00021064,-0.00025168,0.00021064,-7.999999999999674e-05,-0.0006037280205267282
1771663800000,2026-02-21T08:50:00Z,0.13243,0.13294,0.13236,0.1327,1024438.4,135898.481999,0.13245,0.1329,0.13238,0.13271,0.13251,0.13299,0.13244,0.13281,0.00021064,0,-0.00022855,0,-0.00010999999999999899,-0.0008282508847225283
1771664100000,2026-02-21T08:55:00Z,0.1327,0.13285,0.13235,0.13263,683993.5,90728.486332,0.13271,0.13281,0.13239,0.13265,0.13281,0.1329,0.1325,0.13279,0,-0.00052662,-0.0007204,-0.0007204,-0.00015999999999999348,-0.0012049100082837073
1771664400000,2026-02-21T09:00:00Z,0.13263,0.13376,0.13254,0.13364,1823159.8,242822.554118,0.13265,0.13374,0.13256,0.13362,0.13279,0.13378,0.1327,0.13363,-0.0007204,0,0,0,1.0000000000010001e-05,7.483349547264836e-05
1771664700000,2026-02-21T09:05:00Z,0.13364,0.13477,0.13356,0.1345,2680786.2,359753.863509,0.13362,0.13461,0.13359,0.13455,0.13363,0.13469,0.13362,0.13458,0,0,-0.00002364,0,-7.999999999999674e-05,-0.0005944419676028886
1771665000000,2026-02-21T09:10:00Z,0.1345,0.13452,0.1334,0.13352,2201587.9,294935.391145,0.13455,0.13455,0.13343,0.13355,0.13458,0.13462,0.13354,0.13368,0,-0.00009361,-0.00021957,-0.00021957,-0.00015999999999999348,-0.0011968880909634463
1771665300000,2026-02-21T09:15:00Z,0.13352,0.13479,0.13351,0.13446,1880506.4,252439.20035,0.13355,0.13473,0.13351,0.13446,0.13368,0.13483,0.1336,0.13455,-0.00021957,-0.0000043,-0.00031524,-0.0000043,-9.000000000000674e-05,-0.0006688963210702842
1771665600000,2026-02-21T09:20:00Z,0.13446,0.13545,0.13431,0.13454,2306443.3,311111.727364,0.13446,0.13534,0.13433,0.13454,0.13455,0.13538,0.1344,0.13462,-0.0000043,-0.00065663,-0.00073589,-0.00073589,-7.999999999999674e-05,-0.000594265339474051
1771665900000,2026-02-21T09:25:00Z,0.13454,0.13509,0.13422,0.13453,2033631.5,273776.036835,0.13454,0.13508,0.13424,0.1345,0.13462,0.13516,0.13434,0.13458,-0.00073589,0,-0.00029146,0,-4.999999999999449e-05,-0.00037152622975177957
1771666200000,2026-02-21T09:30:00Z,0.13453,0.13496,0.13402,0.13415,1414384.2,190258.586241,0.1345,0.13498,0.13415,0.13415,0.13458,0.13503,0.1342,0.13422,0,0,-0.0003281,-0.0003281,-7.00000000000145e-05,-0.0005215318134407279
1771666500000,2026-02-21T09:35:00Z,0.13415,0.13434,0.13349,0.13358,1572047.5,210535.371767,0.13415,0.13434,0.13351,0.1336,0.13422,0.13438,0.1336,0.13368,-0.0003281,-0.00002048,-0.00063288,-0.00002048,-9.999999999998899e-05,-0.000748055056852102
1771666800000,2026-02-21T09:40:00Z,0.13358,0.1343,0.13341,0.13416,1542807.1,206466.903816,0.1336,0.13417,0.13351,0.13406,0.13368,0.13422,0.13359,0.13411,-0.00002048,0,0,0,4.999999999999449e-05,0.0003728282752963574
1771667100000,2026-02-21T09:45:00Z,0.13416,0.13422,0.13398,0.13399,663256.4,88955.466126,0.13406,0.13421,0.13399,0.13399,0.13411,0.13428,0.13405,0.13405,0,-0.00018061,-0.00031814,-0.00031814,-6.0000000000004494e-05,-0.0004475941812756769
1771667400000,2026-02-21T09:50:00Z,0.13399,0.134,0.13295,0.13307,818782.2,109207.755391,0.13399,0.134,0.13302,0.13307,0.13405,0.13407,0.1331,0.13316,-0.00031814,-0.00001819,-0.00031743,-0.00031743,-9.000000000000674e-05,-0.000675878642234956
1771667700000,2026-02-21T09:55:00Z,0.13307,0.13316,0.1328,0.13304,1158348.2,154017.217992,0.13307,0.13314,0.13287,0.13304,0.13316,0.1332,0.13294,0.13305,-0.00031743,0,-0.0001291,-0.0001291,-1.0000000000010001e-05,-7.515971439316048e-05
1771668000000,2026-02-21T10:00:00Z,0.13304,0.13378,0.13304,0.13334,574549.6,76653.080823,0.13304,0.13381,0.13304,0.13334,0.13305,0.13382,0.13305,0.13339,-0.0001291,-0.0002142,-0.00050614,-0.00050614,-5.000000000002225e-05,-0.0003748406927057669
1771668300000,2026-02-21T10:05:00Z,0.13334,0.13384,0.13331,0.1336,853027.8,113968.911691,0.13334,0.13384,0.13332,0.13363,0.13339,0.13389,0.13335,0.1337,-0.00050614,-0.00022664,-0.00061502,-0.00022664,-0.00010000000000001674,-0.0007479431563202448
1771668600000,2026-02-21T10:10:00Z,0.1336,0.13404,0.13354,0.13378,766834.3,102546.943302,0.13363,0.134,0.13357,0.13377,0.1337,0.13404,0.13364,0.13384,-0.00022664,0,0,0,-5.999999999997674e-05,-0.00044829647340090213
1771668900000,2026-02-21T10:15:00Z,0.13378,0.1349,0.13368,0.1348,1488213.5,200015.430647,0.13377,0.13489,0.13373,0.13484,0.13384,0.13495,0.13378,0.13491,0,0,-0.00004221,0,-0.00010999999999999899,-0.0008153583870728558
1771669200000,2026-02-21T10:20:00Z,0.1348,0.1348,0.13423,0.13427,423646.1,56931.771711,0.13484,0.13484,0.13425,0.13428,0.13491,0.13491,0.13428,0.13435,0,0,-0.00008152,-0.00008152,-7.999999999999674e-05,-0.0005954596203944678
1771669500000,2026-02-21T10:25:00Z,0.13427,0.13427,0.13349,0.13357,916051.3,122651.173271,0.13428,0.13428,0.13352,0.13357,0.13435,0.13435,0.13358,0.13364,-0.00008152,0,-0.00024715,-0.00024715,-7.00000000000145e-05,-0.0005237952708770913
1771669800000,2026-02-21T10:30:00Z,0.13357,0.13375,0.13344,0.13347,450591.1,60181.606971,0.13357,0.13375,0.13344,0.13351,0.13364,0.13377,0.13345,0.13355,-0.00024715,0,0,0,-7.999999999999674e-05,-0.0005990265818045431
1771670100000,2026-02-21T10:35:00Z,0.13347,0.13526,0.13347,0.13516,1751073.5,235734.154858,0.13351,0.13525,0.1335,0.13516,0.13355,0.1353,0.13354,0.13521,0,-0.00009905,-0.00010284,-0.00010284,-4.999999999999449e-05,-0.00036979513349600247
1771670400000,2026-02-21T10:40:00Z,0.13516,0.13574,0.13402,0.13417,1804159.2,243282.373331,0.13516,0.13538,0.13404,0.13417,0.13521,0.13552,0.13414,0.13425,-0.00010284,-0.00010116,-0.00029796,-0.00010116,-7.999999999999674e-05,-0.0005959031657355436
1771670700000,2026-02-21T10:45:00Z,0.13417,0.13417,0.13266,0.13286,1810756.8,241553.820932,0.13417,0.13417,0.13276,0.13286,0.13425,0.13425,0.13285,0.13298,-0.00010116,-0.00053096,-0.00058051,-0.00058051,-0.00011999999999998123,-0.0009023913370430234
1771671000000,2026-02-21T10:50:00Z,0.13286,0.13321,0.13272,0.13304,1172677.2,155923.547064,0.13286,0.13319,0.1328,0.13307,0.13298,0.13331,0.13292,0.13318,-0.00058051,-0.00040096,-0.00044603,-0.00040096,-0.00014000000000000123,-0.0010512088902237668
1771671300000,2026-02-21T10:55:00Z,0.13304,0.13313,0.13292,0.13303,567162.2,75438.856668,0.13307,0.13309,0.13294,0.13303,0.13318,0.13319,0.13307,0.13313,-0.00040096,0,-0.0003822,-0.0003822,-9.999999999998899e-05,-0.0007511454968826634
1771671600000,2026-02-21T11:00:00Z,0.13303,0.1331,0.13272,0.13274,776511.9,103176.985136,0.13303,0.13307,0.13275,0.13278,0.13313,0.13313,0.13285,0.13289,-0.0003822,-0.00063215,-0.00083837,-0.00083837,-0.00015000000000001124,-0.0011287531040711208
1771671900000,2026-02-21T11:05:00Z,0.13274,0.13326,0.13274,0.13315,1012985.2,134778.954513,0.13278,0.13323,0.13277,0.13315,0.13289,0.13331,0.13285,0.13323,-0.00083837,-0.00038113,-0.00062367,-0.00038113,-7.999999999999674e-05,-0.0006004653606544828
1771672200000,2026-02-21T11:10:00Z,0.13315,0.13316,0.13231,0.13255,1162690.3,154177.509441,0.13315,0.13316,0.13241,0.13257,0.13323,0.13324,0.13252,0.13269,-0.00038113,-0.00044652,-0.00093123,-0.00093123,-0.00014000000000000123,-0.0010550908131735717
1771672500000,2026-02-21T11:15:00Z,0.13255,0.13318,0.1324,0.13318,761695.4,101122.203282,0.13257,0.13318,0.13246,0.13318,0.13269,0.13322,0.13257,0.13322,-0.00093123,-0.00029613,-0.00032681,-0.00029613,-4.000000000001225e-05,-0.00030025521693448614
1771672800000,2026-02-21T11:20:00Z,0.13318,0.13332,0.1327,0.13271,709982.3,94498.937767,0.13318,0.13333,0.1327,0.13271,0.13322,0.13342,0.13284,0.13284,-0.00029613,-0.00030648,-0.0003734,-0.0003734,-0.000130000000000019,-0.0009786208973202272
1771673100000,2026-02-21T11:25:00Z,0.13271,0.13293,0.13266,0.13283,373744.9,49633.413173,0.13271,0.13293,0.13269,0.13283,0.13284,0.13307,0.1328,0.13288,-0.0003734,-0.000014,-0.00064514,-0.000014,-4.999999999999449e-05,-0.00037627934978924215
1771673400000,2026-02-21T11:30:00Z,0.13283,0.13293,0.13269,0.1328,646437.9,85839.385742,0.13283,0.13296,0.13271,0.1328,0.13288,0.13306,0.13283,0.1329,-0.000014,-0.00049277,-0.00057057,-0.00049277,-9.999999999998899e-05,-0.0007524454477049585
1771673700000,2026-02-21T11:35:00Z,0.1328,0.13281,0.13155,0.13181,2289360.8,302389.59287,0.1328,0.13284,0.13171,0.13182,0.1329,0.13297,0.13186,0.1319,-0.00049277,-0.00069574,-0.00073522,-0.00073522,-8.999999999997899e-05,-0.0006823351023501061
1771674000000,2026-02-21T11:40:00Z,0.13181,0.13203,0.1312,0.13144,1244997.6,163859.777866,0.13182,0.13203,0.13127,0.13144,0.1319,0.1321,0.1314,0.13155,-0.00073522,-0.00027968,-0.00051747,-0.00051747,-0.00010999999999999899,-0.000836183960471296
1771674300000,2026-02-21T11:45:00Z,0.13144,0.13161,0.13125,0.13156,706753,92899.056129,0.13144,0.13165,0.13128,0.1316,0.13155,0.13173,0.13141,0.1317,-0.00051747,0,-0.00038201,0,-0.00014000000000000123,-0.0010630220197418469
1771674600000,2026-02-21T11:50:00Z,0.13156,0.13172,0.13068,0.13116,1415475.9,185769.106884,0.1316,0.13172,0.13101,0.13116,0.1317,0.1318,0.13115,0.13122,0,0,-0.00035227,0,-6.0000000000004494e-05,-0.000457247370827652
1771674900000,2026-02-21T11:55:00Z,0.13116,0.13149,0.13113,0.13146,347057.3,45583.176346,0.13116,0.13149,0.13113,0.13146,0.13122,0.13159,0.13122,0.13153,0,-0.00037668,-0.00074018,-0.00037668,-7.00000000000145e-05,-0.0005321979776477951
1771675200000,2026-02-21T12:00:00Z,0.13146,0.13179,0.13142,0.13163,826099.7,108744.484673,0.13146,0.13178,0.13143,0.13163,0.13153,0.13189,0.13153,0.13178,-0.00037668,-0.00018039,-0.0004001,-0.0004001,-0.00015000000000001124,-0.0011382607375930432
1771675500000,2026-02-21T12:05:00Z,0.13163,0.13163,0.1311,0.13113,540546.7,70962.213798,0.13163,0.13163,0.13111,0.13113,0.13178,0.13178,0.13123,0.13123,-0.0004001,-0.00035169,-0.00091289,-0.00091289,-0.00010000000000001674,-0.0007620208793722223
1771675800000,2026-02-21T12:10:00Z,0.13113,0.13155,0.13111,0.13149,635092.1,83435.698143,0.13113,0.13154,0.13112,0.13149,0.13123,0.13163,0.13121,0.13161,-0.00091289,-0.0003018,-0.00058586,-0.0003018,-0.00012000000000000899,-0.0009117848187828355
1771676100000,2026-02-21T12:15:00Z,0.13149,0.13204,0.13145,0.13166,1362157,179484.147048,0.13149,0.13204,0.13149,0.13166,0.13161,0.13218,0.13161,0.13183,-0.0003018,-0.00081014,-0.00139851,-0.00139851,-0.00017000000000000348,-0.0012895395585223659
1771676400000,2026-02-21T12:20:00Z,0.13166,0.13173,0.13129,0.13142,444833.9,58500.282889,0.13166,0.13173,0.13131,0.13142,0.13183,0.1319,0.13151,0.13156,-0.00139851,-0.00060537,-0.00065181,-0.00065181,-0.00014000000000000123,-0.0010641532380662908
1771676700000,2026-02-21T12:25:00Z,0.13142,0.13178,0.13135,0.13154,931253.9,122502.637073,0.13142,0.13178,0.1314,0.13154,0.13156,0.13188,0.13156,0.13171,-0.00065181,-0.00112213,-0.00154115,-0.00112213,-0.00017000000000000348,-0.0012907144484094108
1771677000000,2026-02-21T12:30:00Z,0.13154,0.13154,0.13083,0.13099,1016061.7,133169.108503,0.13154,0.13154,0.13086,0.13106,0.13171,0.13171,0.13104,0.13126,-0.00112213,-0.00111587,-0.00141156,-0.00141156,-0.00026999999999999247,-0.0020569861343897036
1771677300000,2026-02-21T12:35:00Z,0.13099,0.1311,0.13001,0.13015,2835817.6,369448.648244,0.13106,0.13106,0.13013,0.13015,0.13126,0.13129,0.13028,0.13035,-0.00141156,-0.00069926,-0.00139344,-0.00139344,-0.00020000000000000573,-0.0015343306482547428
1771677600000,2026-02-21T12:40:00Z,0.13015,0.13053,0.13013,0.13024,1266221.3,165041.592684,0.13015,0.13053,0.13014,0.13024,0.13035,0.13068,0.13035,0.13042,-0.00139344,-0.00136162,-0.00147746,-0.00136162,-0.00018000000000001348,-0.0013801564177274457
1771677900000,2026-02-21T12:45:00Z,0.13024,0.1306,0.1302,0.13044,933276.9,121722.644251,0.13024,0.13062,0.13024,0.13051,0.13042,0.13083,0.13042,0.13072,-0.00136162,-0.00081,-0.00132478,-0.00081,-0.00028000000000000247,-0.002141982864137106
1771678200000,2026-02-21T12:50:00Z,0.13044,0.13047,0.13,0.13031,1054462,137341.037378,0.13051,0.13051,0.13007,0.13035,0.13072,0.13072,0.1303,0.13057,-0.00081,-0.00090997,-0.00113512,-0.00090997,-0.00025999999999998247,-0.0019912690510835757
1771678500000,2026-02-21T12:55:00Z,0.13031,0.13057,0.13024,0.13054,257589.3,33584.169248,0.13035,0.13056,0.13026,0.13054,0.13057,0.13073,0.1305,0.13073,-0.00090997,-0.00108365,-0.00146034,-0.00108365,-0.00019000000000002348,-0.0014533771896276559
1771678800000,2026-02-21T13:00:00Z,0.13054,0.13075,0.13039,0.13043,557410.5,72770.067863,0.13054,0.13075,0.1304,0.13043,0.13073,0.13087,0.13063,0.13063,-0.00108365,-0.0012227,-0.00122372,-0.00122372,-0.00020000000000000573,-0.0015310418739952977
1771679100000,2026-02-21T13:05:00Z,0.13043,0.13066,0.13043,0.13065,508101.4,66338.971562,0.13043,0.13066,0.13043,0.13065,0.13063,0.13089,0.13063,0.13086,-0.00122372,-0.00127365,-0.00143818,-0.00143818,-0.00021000000000001573,-0.0016047684548373508
1771679400000,2026-02-21T13:10:00Z,0.13065,0.13067,0.13038,0.13041,529151.9,69078.216241,0.13065,0.13067,0.13043,0.13047,0.13086,0.13087,0.13063,0.13068,-0.00143818,-0.0005739,-0.00130062,-0.00130062,-0.00026999999999999247,-0.0020661157024792812
1771679700000,2026-02-21T13:15:00Z,0.13041,0.13041,0.12977,0.13016,1458482.8,189636.812142,0.13047,0.13047,0.12983,0.13016,0.13068,0.13068,0.13004,0.13032,-0.00130062,-0.00101457,-0.00154347,-0.00154347,-0.00015999999999999348,-0.0012277470841006253
1771680000000,2026-02-21T13:20:00Z,0.13016,0.13037,0.13002,0.13014,425978.8,55455.148927,0.13016,0.13035,0.13005,0.13019,0.13032,0.13052,0.13024,0.1304,-0.00154347,-0.00120389,-0.001345,-0.001345,-0.00025999999999998247,-0.0019938650306747124
1771680300000,2026-02-21T13:25:00Z,0.13014,0.13027,0.12991,0.13001,484737.1,63052.029308,0.13019,0.13028,0.12996,0.13001,0.1304,0.13048,0.13018,0.13022,-0.001345,-0.00099547,-0.00160058,-0.00160058,-0.00021000000000001573,-0.0016126555060667772
1771680600000,2026-02-21T13:30:00Z,0.13001,0.13014,0.12993,0.13009,482865.3,62799.631216,0.13001,0.13017,0.12995,0.1301,0.13022,0.13039,0.13015,0.13032,-0.00160058,-0.00065755,-0.00135259,-0.00135259,-0.00022999999999998022,-0.001764886433394569
1771680900000,2026-02-21T13:35:00Z,0.13009,0.1303,0.12993,0.1301,404165,52592.970509,0.1301,0.13024,0.12995,0.1301,0.13032,0.13048,0.1302,0.1303,-0.00135259,-0.00087545,-0.00104168,-0.00104168,-0.00020000000000000573,-0.0015349194167306656
1771681200000,2026-02-21T13:40:00Z,0.1301,0.1301,0.1295,0.12986,693357.9,89962.593497,0.1301,0.1301,0.12962,0.12986,0.1303,0.1303,0.12982,0.13004,-0.00104168,-0.0010459,-0.00106215,-0.00106215,-0.00017999999999998573,-0.0013841894801598412
1771681500000,2026-02-21T13:45:00Z,0.12986,0.1306,0.12981,0.13043,662031.2,86259.004449,0.12986,0.1306,0.12983,0.13048,0.13004,0.13071,0.13003,0.13067,-0.00106215,-0.00104546,-0.00117953,-0.00104546,-0.00024000000000001798,-0.001836687839596066
1771681800000,2026-02-21T13:50:00Z,0.13043,0.13062,0.13028,0.13035,495106.2,64604.70202,0.13048,0.1306,0.13033,0.13035,0.13067,0.1308,0.13049,0.13049,-0.00104546,-0.0013455,-0.00140316,-0.0013455,-0.00014000000000000123,-0.0010728791478274292
1771682100000,2026-02-21T13:55:00Z,0.13035,0.13086,0.13032,0.13074,563169,73566.444568,0.13035,0.13085,0.13032,0.13074,0.13049,0.13102,0.13049,0.13093,-0.0013455,-0.00077541,-0.00105398,-0.00105398,-0.00018999999999999573,-0.0014511571068509565
1771682400000,2026-02-21T14:00:00Z,0.13074,0.13074,0.13046,0.13066,472043.5,61654.466509,0.13074,0.13074,0.13046,0.13066,0.13093,0.13093,0.13062,0.1308,-0.00105398,-0.00072102,-0.00143234,-0.00143234,-0.00014000000000000123,-0.0010703363914373184
1771682700000,2026-02-21T14:05:00Z,0.13066,0.13085,0.13029,0.13035,763655,99736.374916,0.13066,0.13082,0.13032,0.13035,0.1308,0.13096,0.13051,0.13051,-0.00143234,-0.00119421,-0.00150777,-0.00150777,-0.00015999999999999348,-0.0012259596965749253
1771683000000,2026-02-21T14:10:00Z,0.13035,0.13071,0.13022,0.13037,379118.4,49452.866471,0.13035,0.13068,0.13024,0.1304,0.13051,0.13086,0.13045,0.1306,-0.00150777,-0.00091709,-0.00100015,-0.00100015,-0.00022999999999998022,-0.0017611026033689146
1771683300000,2026-02-21T14:15:00Z,0.13037,0.13049,0.13013,0.13049,766760,99869.495565,0.1304,0.13049,0.13013,0.13049,0.1306,0.1306,0.13028,0.1306,-0.00100015,-0.00104819,-0.00117156,-0.00117156,-0.00010999999999999899,-0.0008422664624808499
1771683600000,2026-02-21T14:20:00Z,0.13049,0.13122,0.13037,0.13062,1773369.3,232030.750171,0.13049,0.13122,0.13039,0.13062,0.1306,0.1314,0.1306,0.13081,-0.00117156,-0.00093793,-0.00111026,-0.00093793,-0.00018999999999999573,-0.001452488341869855
1771683900000,2026-02-21T14:25:00Z,0.13062,0.13093,0.12958,0.12981,2190914,285181.298246,0.13062,0.13089,0.12961,0.12981,0.13081,0.13107,0.12974,0.12988,-0.00093793,-0.00067915,-0.00089286,-0.00089286,-6.999999999998674e-05,-0.0005389590391129253
1771684200000,2026-02-21T14:30:00Z,0.12981,0.13038,0.12974,0.13023,1535040,199538.844893,0.12981,0.13035,0.12975,0.13028,0.12988,0.13048,0.12988,0.13042,-0.00089286,0,-0.00055142,0,-0.00018999999999999573,-0.0014568317742677174
1771684500000,2026-02-21T14:35:00Z,0.13023,0.13034,0.12989,0.13018,391095.4,50888.086128,0.13028,0.13034,0.12993,0.13018,0.13042,0.13042,0.13007,0.13031,0,-0.00031996,-0.00102259,-0.00031996,-0.000130000000000019,-0.0009976210574784666
1771684800000,2026-02-21T14:40:00Z,0.13018,0.13025,0.13,0.13004,509441.3,66284.493416,0.13018,0.13023,0.13,0.13005,0.13031,0.13035,0.13014,0.13018,-0.00031996,-0.00043157,-0.00073683,-0.00073683,-0.00014000000000000123,-0.001075434014441552
1771685100000,2026-02-21T14:45:00Z,0.13004,0.13014,0.12984,0.12992,452778.9,58873.280457,0.13005,0.13016,0.12991,0.12992,0.13018,0.13028,0.13005,0.13005,-0.00073683,-0.00045479,-0.00046906,-0.00046906,-0.00012999999999999123,-0.0009996155324874373
1771685400000,2026-02-21T14:50:00Z,0.12992,0.13015,0.12843,0.12914,9258830.2,1194218.982918,0.12992,0.13015,0.12878,0.12914,0.13005,0.13025,0.12893,0.12925,-0.00046906,-0.00042486,-0.00044129,-0.00042486,-0.00010999999999999899,-0.0008510638297872262
1771685700000,2026-02-21T14:55:00Z,0.12914,0.12936,0.129,0.12931,1892615.1,244528.56643,0.12914,0.12934,0.12901,0.12933,0.12925,0.12946,0.12914,0.12946,-0.00042486,0,-0.0003512,-0.0003512,-0.00014999999999998348,-0.0011586590452648193
1771686000000,2026-02-21T15:00:00Z,0.12931,0.12953,0.12884,0.12892,1303016.3,168284.3627,0.12933,0.12951,0.12889,0.12892,0.12946,0.12966,0.12903,0.12904,-0.0003512,-0.00054662,-0.00083249,-0.00083249,-0.00011999999999998123,-0.0009299442033476538
1771686300000,2026-02-21T15:05:00Z,0.12892,0.12923,0.12892,0.12921,1036365.7,133776.359816,0.12892,0.12923,0.12892,0.12923,0.12904,0.12933,0.12901,0.12933,-0.00083249,-0.00056608,-0.00079747,-0.00079747,-0.00012000000000000899,-0.000927858965437323
1771686600000,2026-02-21T15:10:00Z,0.12921,0.12927,0.12896,0.1291,598197.9,77230.156243,0.12923,0.12927,0.12901,0.12904,0.12933,0.12934,0.12913,0.12918,-0.00079747,-0.00027576,-0.00059082,-0.00059082,-7.999999999999674e-05,-0.0006192909119058426
1771686900000,2026-02-21T15:15:00Z,0.1291,0.12948,0.1288,0.12942,1852104.2,239213.864284,0.12904,0.12948,0.1288,0.12945,0.12918,0.1296,0.12892,0.1296,-0.00059082,-0.00035821,-0.00073084,-0.00035821,-0.00017999999999998573,-0.0013888888888887788
1771687200000,2026-02-21T15:20:00Z,0.12942,0.12984,0.12929,0.12939,1088000.5,140901.558827,0.12945,0.12985,0.1293,0.12943,0.1296,0.12998,0.12944,0.12959,-0.00035821,-0.00022162,-0.00048659,-0.00048659,-0.00020000000000000573,-0.0015433289605679891
1771687500000,2026-02-21T15:25:00Z,0.12939,0.12952,0.12884,0.12919,1667271.5,215292.466533,0.12943,0.12952,0.12885,0.12919,0.12959,0.12965,0.12902,0.12934,-0.00048659,-0.00020221,-0.00060556,-0.00060556,-0.00015000000000001124,-0.0011597340343282143
1771687800000,2026-02-21T15:30:00Z,0.12919,0.12998,0.12909,0.12993,1291577.1,167274.445194,0.12919,0.12993,0.12913,0.12993,0.12934,0.12997,0.12925,0.12997,-0.00060556,0,-0.00012448,0,-4.000000000001225e-05,-0.0003077633299993248
1771688100000,2026-02-21T15:35:00Z,0.12993,0.13013,0.12981,0.12999,962679.8,125109.632156,0.12993,0.13007,0.12989,0.12999,0.12997,0.13016,0.12995,0.1301,0,-0.00009913,-0.00106618,-0.00106618,-0.00010999999999999899,-0.0008455034588777786
1771688400000,2026-02-21T15:40:00Z,0.12999,0.12999,0.12971,0.12974,664235.7,86262.318391,0.12999,0.12999,0.12973,0.12976,0.1301,0.13013,0.12987,0.12991,-0.00106618,-0.00034441,-0.00097266,-0.00097266,-0.00017000000000000348,-0.0013085982603341043
1771688700000,2026-02-21T15:45:00Z,0.12974,0.12985,0.12961,0.1298,493327.9,64002.096694,0.12976,0.12985,0.12962,0.12985,0.12991,0.12999,0.12975,0.12999,-0.00097266,-0.00025337,-0.00061094,-0.00061094,-0.00018999999999999573,-0.0014616508962227537
1771689000000,2026-02-21T15:50:00Z,0.1298,0.13001,0.12978,0.12998,519729.3,67531.111935,0.12985,0.13001,0.12979,0.13,0.12999,0.13013,0.12991,0.13013,-0.00061094,-0.00037132,-0.00117294,-0.00037132,-0.00014999999999998348,-0.001152693460385641
1771689300000,2026-02-21T15:55:00Z,0.12998,0.13007,0.12981,0.12981,371801.2,48325.077698,0.13,0.13007,0.12982,0.12982,0.13013,0.13021,0.12998,0.12998,-0.00037132,-0.00062707,-0.00068909,-0.00068909,-0.00017000000000000348,-0.0013078935220803467
1771689600000,2026-02-21T16:00:00Z,0.12981,0.13002,0.12899,0.12916,2546282.5,329614.442202,0.12982,0.13002,0.12913,0.12918,0.12998,0.13016,0.12927,0.12934,-0.00068909,-0.0006655,-0.00089002,-0.00089002,-0.00018000000000001348,-0.001391680841193857
1771689900000,2026-02-21T16:05:00Z,0.12916,0.12967,0.12911,0.12965,1170314.2,151462.694978,0.12918,0.12968,0.12918,0.12967,0.12934,0.12979,0.12929,0.12979,-0.00089002,-0.00022647,-0.00046812,-0.00022647,-0.00014000000000000123,-0.0010786655366361142
1771690200000,2026-02-21T16:10:00Z,0.12965,0.12965,0.12881,0.12903,864331.3,111582.053455,0.12967,0.12967,0.12886,0.12904,0.12979,0.12979,0.12898,0.12917,-0.00022647,-0.00024055,-0.00080268,-0.00024055,-0.00014000000000000123,-0.0010838429976000714
1771690500000,2026-02-21T16:15:00Z,0.12903,0.12949,0.12892,0.12943,770369.8,99544.883785,0.12904,0.12955,0.12898,0.12943,0.12917,0.12965,0.12911,0.12951,-0.00024055,-0.00033923,-0.00043209,-0.00043209,-7.999999999999674e-05,-0.0006177129179213709
1771690800000,2026-02-21T16:20:00Z,0.12943,0.1296,0.12861,0.12875,1184742.7,152778.116497,0.12943,0.12954,0.12864,0.12875,0.12951,0.12964,0.12877,0.12882,-0.00043209,0,-0.00055675,0,-6.999999999998674e-05,-0.0005433938829373291
1771691100000,2026-02-21T16:25:00Z,0.12875,0.12875,0.12769,0.12862,5869586.8,752189.560988,0.12875,0.12875,0.12807,0.12865,0.12882,0.12882,0.12818,0.12877,0,-0.00020158,-0.00042005,-0.00042005,-0.00014999999999998348,-0.0011648675933834238
1771691400000,2026-02-21T16:30:00Z,0.12862,0.12869,0.12822,0.12843,1002498.4,128746.32145,0.12865,0.12866,0.1283,0.12843,0.12877,0.12877,0.12842,0.1285,-0.00042005,-0.00033029,-0.00063929,-0.00033029,-7.00000000000145e-05,-0.000544747081712175
1771691700000,2026-02-21T16:35:00Z,0.12843,0.12866,0.12841,0.12866,681331.1,87581.187764,0.12843,0.12866,0.12841,0.12866,0.1285,0.12871,0.1285,0.12871,-0.00033029,-0.00028715,-0.0005017,-0.00028715,-4.999999999999449e-05,-0.0003884702043352847
1771692000000,2026-02-21T16:40:00Z,0.12866,0.12873,0.12848,0.12852,910239.6,117072.590216,0.12866,0.12873,0.12852,0.12852,0.12871,0.12888,0.12869,0.12869,-0.00028715,-0.00099309,-0.00125188,-0.00099309,-0.00017000000000000348,-0.0013210039630119162
1771692300000,2026-02-21T16:45:00Z,0.12852,0.12852,0.12807,0.12811,783219.7,100449.008466,0.12852,0.12852,0.12812,0.12813,0.12869,0.12869,0.12829,0.1283,-0.00099309,-0.00077052,-0.00092155,-0.00092155,-0.00018999999999999573,-0.0014809041309430688
1771692600000,2026-02-21T16:50:00Z,0.12811,0.12816,0.12777,0.12805,1200803.7,153638.251991,0.12813,0.12817,0.12782,0.12806,0.1283,0.12835,0.12798,0.12818,-0.00092155,-0.00032711,-0.00076362,-0.00032711,-0.00012999999999999123,-0.0010141987829613921
1771692900000,2026-02-21T16:55:00Z,0.12805,0.12818,0.12765,0.128,1398418.9,178961.778978,0.12806,0.12812,0.1278,0.12802,0.12818,0.12822,0.12791,0.12815,-0.00032711,-0.00046432,-0.00053354,-0.00053354,-0.00014999999999998348,-0.0011705033164259343
1771693200000,2026-02-21T17:00:00Z,0.128,0.12859,0.12773,0.12843,1411639.4,180828.912761,0.12802,0.12856,0.12785,0.12853,0.12815,0.12877,0.128,0.12869,-0.00053354,-0.00055249,-0.00118536,-0.00118536,-0.0002600000000000102,-0.002020359002253557
1771693500000,2026-02-21T17:05:00Z,0.12843,0.12856,0.128,0.12808,651494.4,83537.533424,0.12853,0.12853,0.12805,0.12808,0.12869,0.1287,0.12821,0.12826,-0.00118536,-0.00063707,-0.00127675,-0.00063707,-0.00018000000000001348,-0.0014033993450804107
1771693800000,2026-02-21T17:10:00Z,0.12808,0.12813,0.1274,0.12797,2132204.7,272221.632305,0.12808,0.12811,0.1275,0.12797,0.12826,0.12828,0.12764,0.1281,-0.00063707,-0.00067821,-0.00097897,-0.00067821,-0.00012999999999999123,-0.0010148321623730777
1771694100000,2026-02-21T17:15:00Z,0.12797,0.12801,0.12734,0.1275,865564.1,110410.773697,0.12797,0.12802,0.12747,0.12754,0.1281,0.12817,0.12767,0.12773,-0.00067821,-0.0012674,-0.00149201,-0.00149201,-0.00023000000000000798,-0.0018006732952321927
1771694400000,2026-02-21T17:20:00Z,0.1275,0.12776,0.12744,0.1275,714465.6,91166.802992,0.12754,0.12778,0.12745,0.1275,0.12773,0.12795,0.12763,0.12763,-0.00149201,-0.00055273,-0.00132918,-0.00132918,-0.00012999999999999123,-0.0010185693018882021
1771694700000,2026-02-21T17:25:00Z,0.1275,0.12781,0.12643,0.12752,4803089,610315.226802,0.1275,0.12781,0.12689,0.12752,0.12763,0.12795,0.12698,0.12768,-0.00132918,-0.00068123,-0.00109651,-0.00068123,-0.00015999999999999348,-0.0012531328320801495
1771695000000,2026-02-21T17:30:00Z,0.12752,0.12766,0.12743,0.1276,1217476,155290.9862,0.12752,0.12762,0.12745,0.12761,0.12768,0.1278,0.12763,0.1278,-0.00068123,-0.00051197,-0.00068208,-0.00068208,-0.00020000000000000573,-0.0015649452269171028
1771695300000,2026-02-21T17:35:00Z,0.1276,0.1278,0.12758,0.1276,596165.5,76120.312313,0.12761,0.1278,0.12758,0.1276,0.1278,0.12791,0.12773,0.12774,-0.00068208,-0.00085456,-0.00098209,-0.00085456,-0.00014000000000000123,-0.0010959762016596309
1771695600000,2026-02-21T17:40:00Z,0.1276,0.12821,0.12757,0.12807,829339.2,106099.642434,0.1276,0.12821,0.12757,0.12811,0.12774,0.12832,0.12772,0.12825,-0.00085456,-0.00035101,-0.00058382,-0.00035101,-0.00018000000000001348,-0.0014035087719299296
1771695900000,2026-02-21T17:45:00Z,0.12807,0.12851,0.12798,0.12818,881622.7,113063.8933,0.12811,0.12846,0.12805,0.12818,0.12825,0.1286,0.12818,0.12836,-0.00035101,-0.00066913,-0.0009185,-0.0009185,-0.00018000000000001348,-0.0014023060143347886
1771696200000,2026-02-21T17:50:00Z,0.12818,0.1283,0.12792,0.12805,591478.3,75775.064764,0.12818,0.12829,0.12798,0.12805,0.12836,0.12838,0.12814,0.12818,-0.0009185,-0.00057989,-0.00105753,-0.00057989,-0.00012999999999999123,-0.0010141987829613921
1771696500000,2026-02-21T17:55:00Z,0.12805,0.12827,0.12794,0.12818,378131.5,48444.378137,0.12805,0.12826,0.128,0.12818,0.12818,0.12835,0.12814,0.12828,-0.00057989,-0.00034424,-0.00082743,-0.00082743,-0.00010000000000001674,-0.0007795447458685433
1771696800000,2026-02-21T18:00:00Z,0.12818,0.1285,0.12812,0.1284,849170.3,109043.170878,0.12818,0.12847,0.12814,0.1284,0.12828,0.1286,0.12828,0.12853,-0.00082743,-0.00081771,-0.00085927,-0.00085927,-0.000130000000000019,-0.0010114370185950283
1771697100000,2026-02-21T18:05:00Z,0.1284,0.12881,0.12836,0.12849,859507.2,110522.238996,0.1284,0.12875,0.12839,0.12857,0.12853,0.12887,0.12853,0.12872,-0.00085927,-0.00037098,-0.00049366,-0.00049366,-0.00023000000000000798,-0.0017868241143568053
1771697400000,2026-02-21T18:10:00Z,0.12849,0.12854,0.12836,0.12849,214254,27518.329786,0.12857,0.12857,0.12836,0.12852,0.12872,0.12872,0.12852,0.12867,-0.00049366,-0.00057293,-0.00160736,-0.00057293,-0.00018000000000001348,-0.0013989274889252622
1771697700000,2026-02-21T18:15:00Z,0.12849,0.12855,0.12824,0.12849,410185.4,52672.187704,0.12852,0.12855,0.12834,0.12849,0.12867,0.12869,0.12851,0.1286,-0.00057293,-0.00100404,-0.00124333,-0.00124333,-0.00010999999999999899,-0.000855365474339028
1771698000000,2026-02-21T18:20:00Z,0.12849,0.12871,0.12837,0.12859,569479.8,73225.23481,0.12849,0.12871,0.12839,0.12859,0.1286,0.12885,0.12858,0.12874,-0.00124333,-0.00082759,-0.0013698,-0.00082759,-0.00014999999999998348,-0.0011651390399253028
1771698300000,2026-02-21T18:25:00Z,0.12859,0.12871,0.12828,0.12845,641539.7,82472.642804,0.12859,0.12871,0.12831,0.12845,0.12874,0.12887,0.12849,0.12858,-0.00082759,-0.00052561,-0.00159055,-0.00159055,-0.00012999999999999123,-0.0010110437081971631
1771698600000,2026-02-21T18:30:00Z,0.12845,0.12923,0.12845,0.12917,3590184,462771.070904,0.12845,0.12921,0.12845,0.12917,0.12858,0.12927,0.12858,0.12926,-0.00159055,-0.00014255,-0.00035965,-0.00035965,-9.000000000000674e-05,-0.0006962710815411321
1771698900000,2026-02-21T18:35:00Z,0.12917,0.12939,0.12904,0.12927,555104.3,71726.720416,0.12917,0.12939,0.12913,0.12927,0.12926,0.12948,0.12922,0.1294,-0.00035965,-0.00042422,-0.0006021,-0.0006021,-0.00012999999999999123,-0.00100463678516222
1771699200000,2026-02-21T18:40:00Z,0.12927,0.12943,0.12885,0.12895,1150874.4,148644.227517,0.12927,0.12937,0.12888,0.12895,0.1294,0.12949,0.129,0.12908,-0.0006021,-0.00042467,-0.00076418,-0.00076418,-0.00012999999999999123,-0.0010071273628756681
1771699500000,2026-02-21T18:45:00Z,0.12895,0.12932,0.1289,0.12928,881303.9,113782.377787,0.12895,0.12928,0.12893,0.12928,0.12908,0.12939,0.12903,0.12937,-0.00076418,-0.00023905,-0.0003405,-0.00023905,-9.000000000000674e-05,-0.0006956790600603442
1771699800000,2026-02-21T18:50:00Z,0.12928,0.12943,0.12885,0.129,1015673.7,131150.296955,0.12928,0.12939,0.12886,0.129,0.12937,0.12951,0.12903,0.1291,-0.00023905,-0.00058952,-0.00099992,-0.00058952,-9.999999999998899e-05,-0.0007745933384972036
1771700100000,2026-02-21T18:55:00Z,0.129,0.1294,0.12898,0.12937,1011046.3,130625.725008,0.129,0.12937,0.12898,0.12937,0.1291,0.12946,0.1291,0.12946,-0.00058952,-0.00046024,-0.00100873,-0.00046024,-8.999999999997899e-05,-0.0006951954271588057
1771700400000,2026-02-21T19:00:00Z,0.12937,0.12965,0.12888,0.12905,904029.5,116809.990711,0.12937,0.12954,0.1289,0.12906,0.12946,0.12966,0.12902,0.1292,-0.00046024,-0.00032088,-0.00073441,-0.00073441,-0.00015000000000001124,-0.0011609907120743903
1771700700000,2026-02-21T19:05:00Z,0.12905,0.1291,0.12886,0.12902,337453,43534.010113,0.12906,0.1291,0.12891,0.12902,0.1292,0.1292,0.12903,0.12913,-0.00073441,-0.00048675,-0.00055475,-0.00055475,-0.00010999999999999899,-0.0008518547200495547
1771701000000,2026-02-21T19:10:00Z,0.12902,0.12915,0.12864,0.1288,742589.9,95685.624376,0.12902,0.12916,0.12876,0.12881,0.12913,0.12928,0.12887,0.12896,-0.00055475,-0.00077209,-0.0010579,-0.0010579,-0.00015999999999999348,-0.0012406947890818353
1771701300000,2026-02-21T19:15:00Z,0.1288,0.12889,0.12879,0.12883,308412.8,39728.424519,0.12881,0.12889,0.12879,0.12887,0.12896,0.12902,0.12889,0.129,-0.0010579,-0.00060505,-0.00087277,-0.00060505,-0.00017000000000000348,-0.0013178294573643681
1771701600000,2026-02-21T19:20:00Z,0.12883,0.12883,0.12833,0.12848,1192079.7,153121.732538,0.12887,0.12887,0.12835,0.12848,0.129,0.129,0.12853,0.12864,-0.00060505,-0.00106296,-0.00117054,-0.00106296,-0.00015999999999999348,-0.0012437810945273124
1771701900000,2026-02-21T19:25:00Z,0.12848,0.12892,0.12841,0.12884,890904.1,114636.976363,0.12848,0.12895,0.12841,0.12887,0.12864,0.12909,0.12854,0.12901,-0.00106296,-0.00061377,-0.00074875,-0.00074875,-0.00017000000000000348,-0.0013177273079606501
1771702200000,2026-02-21T19:30:00Z,0.12884,0.12889,0.12869,0.12874,244596.8,31507.330101,0.12887,0.12893,0.12873,0.12874,0.12901,0.12908,0.12889,0.12889,-0.00074875,-0.00083403,-0.00107317,-0.00107317,-0.00015000000000001124,-0.0011637830708356833
1771702500000,2026-02-21T19:35:00Z,0.12874,0.12892,0.12869,0.12881,584751.4,75333.085143,0.12874,0.12892,0.12871,0.12884,0.12889,0.12905,0.12885,0.12899,-0.00107317,-0.00054202,-0.0008,-0.00054202,-0.00017999999999998573,-0.0013954570121713756
1771702800000,2026-02-21T19:40:00Z,0.12881,0.12883,0.12841,0.12851,649530.1,83547.994287,0.12884,0.12884,0.12841,0.12851,0.12899,0.12899,0.12855,0.12863,-0.00054202,-0.00070828,-0.00092747,-0.00070828,-0.00011999999999998123,-0.0009329083417552766
1771703100000,2026-02-21T19:45:00Z,0.12851,0.12858,0.12802,0.12857,1526234.5,195841.989876,0.12851,0.12858,0.12824,0.12857,0.12863,0.12869,0.12834,0.12863,-0.00070828,-0.00021646,-0.00098148,-0.00021646,-6.0000000000004494e-05,-0.00046645417087774624
1771703400000,2026-02-21T19:50:00Z,0.12857,0.12857,0.12808,0.1284,552229.7,70853.931229,0.12857,0.12857,0.12814,0.12833,0.12863,0.12863,0.12828,0.1285,-0.00021646,-0.00043703,-0.00070353,-0.00043703,-0.00010000000000001674,-0.0007782101167316478
1771703700000,2026-02-21T19:55:00Z,0.1284,0.1285,0.12836,0.12844,108425.4,13927.11245,0.12833,0.12852,0.12833,0.12846,0.1285,0.12867,0.1285,0.12858,-0.00043703,-0.00028257,-0.00031046,-0.00031046,-0.00014000000000000123,-0.0010888163011354894
1771704000000,2026-02-21T20:00:00Z,0.12844,0.12844,0.12821,0.12834,338745.8,43472.790391,0.12846,0.12846,0.12829,0.12835,0.12858,0.12858,0.12843,0.12851,-0.00031046,-0.00071937,-0.00106355,-0.00106355,-0.00017000000000000348,-0.0013228542525873742
1771704300000,2026-02-21T20:05:00Z,0.12834,0.12834,0.12781,0.12784,449205.8,57504.943711,0.12835,0.12841,0.12784,0.12784,0.12851,0.12857,0.12801,0.12801,-0.00106355,-0.00132279,-0.00134346,-0.00134346,-0.00017000000000000348,-0.0013280212483400004
1771704600000,2026-02-21T20:10:00Z,0.12784,0.12812,0.12783,0.12791,460645.4,58951.769518,0.12784,0.12813,0.12783,0.12799,0.12801,0.12827,0.128,0.12812,-0.00134346,-0.00095468,-0.00151477,-0.00151477,-0.00021000000000001573,-0.0016390883546676218
1771704900000,2026-02-21T20:15:00Z,0.12791,0.12827,0.12789,0.12818,326713.6,41832.540868,0.12799,0.12827,0.1279,0.12818,0.12812,0.12839,0.12803,0.12832,-0.00151477,-0.00017347,-0.00043861,-0.00017347,-0.00014000000000000123,-0.001091022443890284
1771705200000,2026-02-21T20:20:00Z,0.12818,0.12829,0.12814,0.12828,162171.3,20790.920729,0.12818,0.12829,0.12817,0.12829,0.12832,0.12845,0.1283,0.12845,-0.00017347,-0.00074468,-0.00116385,-0.00116385,-0.00017000000000000348,-0.0013234721681588436
1771705500000,2026-02-21T20:25:00Z,0.12828,0.12837,0.12819,0.1282,159329.8,20439.539503,0.12829,0.12837,0.12819,0.12825,0.12845,0.1285,0.12833,0.12839,-0.00116385,-0.00061693,-0.00105645,-0.00061693,-0.00018999999999999573,-0.0014798660331801208
1771705800000,2026-02-21T20:30:00Z,0.1282,0.12824,0.12811,0.12818,195630.8,25076.772508,0.12825,0.12826,0.12813,0.12819,0.12839,0.1284,0.12829,0.12833,-0.00061693,-0.0004744,-0.00100342,-0.00100342,-0.00015000000000001124,-0.0011688615288709674
1771706100000,2026-02-21T20:35:00Z,0.12818,0.12823,0.12784,0.12792,189835.3,24303.073477,0.12819,0.12831,0.12789,0.12792,0.12833,0.12847,0.12806,0.1281,-0.00100342,-0.0005256,-0.00113385,-0.0005256,-0.00017999999999998573,-0.0014051522248242447
1771706400000,2026-02-21T20:40:00Z,0.12792,0.1281,0.1278,0.1281,264201,33801.626851,0.12792,0.12811,0.12783,0.12811,0.1281,0.12825,0.12799,0.12825,-0.0005256,-0.00050671,-0.00083944,-0.00083944,-0.00015000000000001124,-0.0011695906432749414
1771706700000,2026-02-21T20:45:00Z,0.1281,0.12823,0.12807,0.12819,289286.1,37069.726714,0.12811,0.12823,0.12809,0.12819,0.12825,0.12836,0.12822,0.1283,-0.00083944,-0.00025469,-0.00073986,-0.00025469,-0.00010999999999999899,-0.0008573655494933671
1771707000000,2026-02-21T20:50:00Z,0.12819,0.1282,0.12753,0.12772,1039188.4,132744.488753,0.12819,0.1282,0.12761,0.12772,0.1283,0.12832,0.12777,0.12786,-0.00025469,-0.00038589,-0.00101568,-0.00038589,-0.00014000000000000123,-0.0010949475989363462
1771707300000,2026-02-21T20:55:00Z,0.12772,0.12789,0.12716,0.12756,1278103,163004.811108,0.12772,0.12787,0.12742,0.12765,0.12786,0.12796,0.12756,0.12779,-0.00038589,-0.0008222,-0.00112761,-0.00112761,-0.00022999999999998022,-0.0017998278425540358
1771707600000,2026-02-21T21:00:00Z,0.12756,0.12793,0.12742,0.12781,831973.8,106234.302683,0.12765,0.12792,0.12754,0.12787,0.12779,0.12801,0.12764,0.12798,-0.00112761,-0.00024263,-0.00044676,-0.00044676,-0.00017000000000000348,-0.001328332551961271
1771707900000,2026-02-21T21:05:00Z,0.12781,0.1279,0.1277,0.12784,317022.8,40516.134814,0.12787,0.1279,0.12773,0.12786,0.12798,0.12799,0.12783,0.12799,-0.00044676,-0.00035369,-0.0005904,-0.00035369,-0.00014999999999998348,-0.0011719665598873621
1771708200000,2026-02-21T21:10:00Z,0.12784,0.12831,0.12781,0.12803,840830.3,107665.780512,0.12786,0.12825,0.12784,0.12806,0.12799,0.12836,0.12797,0.12818,-0.00035369,-0.00006359,-0.00035827,-0.00035827,-0.00014999999999998348,-0.0011702293649554025
1771708500000,2026-02-21T21:15:00Z,0.12803,0.12854,0.12801,0.12842,456342,58549.761388,0.12806,0.12856,0.12803,0.12849,0.12818,0.12867,0.12817,0.12861,-0.00035827,-0.00038442,-0.00062154,-0.00062154,-0.00018999999999999573,-0.0014773345774045231
1771708800000,2026-02-21T21:20:00Z,0.12842,0.12896,0.12842,0.12871,859206.6,110648.273213,0.12849,0.12894,0.12849,0.12871,0.12861,0.1291,0.12861,0.12881,-0.00062154,-0.00061405,-0.00090517,-0.00090517,-0.00010000000000001674,-0.0007763372408975757
1771709100000,2026-02-21T21:25:00Z,0.12871,0.12885,0.12871,0.12873,100279.1,12914.950703,0.12871,0.12888,0.12871,0.12873,0.12881,0.129,0.12881,0.12888,-0.00090517,-0.00088905,-0.00091937,-0.00088905,-0.00014999999999998348,-0.0011638733705771531
1771709400000,2026-02-21T21:30:00Z,0.12873,0.12902,0.1287,0.12884,294562.3,37955.537573,0.12873,0.12896,0.12871,0.12884,0.12888,0.12909,0.12883,0.12891,-0.00088905,-0.00057197,-0.00087372,-0.00057197,-6.999999999998674e-05,-0.0005430145062445639
1771709700000,2026-02-21T21:35:00Z,0.12884,0.12902,0.12882,0.12888,143629.9,18517.300292,0.12884,0.12907,0.12882,0.12893,0.12891,0.12916,0.12891,0.12904,-0.00057197,-0.00000534,-0.00105365,-0.00000534,-0.00015999999999999348,-0.0012399256044636818
1771710000000,2026-02-21T21:40:00Z,0.12888,0.129,0.12872,0.12873,288461.7,37177.315706,0.12893,0.129,0.12874,0.12874,0.12904,0.1291,0.12891,0.12891,-0.00000534,-0.00048685,-0.00099154,-0.00048685,-0.00017999999999998573,-0.001396323016057604
1771710300000,2026-02-21T21:45:00Z,0.12873,0.12893,0.12864,0.12879,311887,40176.333791,0.12874,0.12892,0.12872,0.12885,0.12891,0.12902,0.12889,0.12898,-0.00048685,-0.00005675,-0.00087589,-0.00087589,-0.00019000000000002348,-0.0014730966041248525
1771710600000,2026-02-21T21:50:00Z,0.12879,0.12936,0.12879,0.12913,1092001.3,140966.073842,0.12885,0.12932,0.1288,0.12913,0.12898,0.12949,0.12894,0.12926,-0.00087589,-0.00071981,-0.00107965,-0.00107965,-0.000130000000000019,-0.0010057248955594846
1771710900000,2026-02-21T21:55:00Z,0.12913,0.12923,0.12898,0.12909,511863.3,66087.348848,0.12913,0.12923,0.12902,0.12909,0.12926,0.12939,0.12918,0.12926,-0.00107965,-0.00067254,-0.00120168,-0.00120168,-0.00017000000000000348,-0.0013151787095776223
1771711200000,2026-02-21T22:00:00Z,0.12909,0.12952,0.12905,0.12952,419134.8,54208.705237,0.12909,0.12952,0.12905,0.12952,0.12926,0.12964,0.12923,0.12962,-0.00120168,-0.00073271,-0.00094619,-0.00073271,-0.00010000000000001674,-0.000771485881808492
1771711500000,2026-02-21T22:05:00Z,0.12952,0.12959,0.12866,0.12866,558172.2,72097.97482,0.12952,0.12957,0.12866,0.12867,0.12962,0.1297,0.12882,0.12888,-0.00073271,-0.00085196,-0.00134069,-0.00085196,-0.00021999999999999797,-0.0017070142768466634
1771711800000,2026-02-21T22:10:00Z,0.12866,0.12887,0.12855,0.1288,589181.3,75840.996613,0.12867,0.12888,0.12859,0.12882,0.12888,0.12906,0.12877,0.129,-0.00085196,-0.00046659,-0.00051102,-0.00051102,-0.00020000000000000573,-0.0015503875968992692
1771712100000,2026-02-21T22:15:00Z,0.1288,0.12894,0.12869,0.12871,190845.2,24579.262275,0.12882,0.12893,0.1287,0.12871,0.129,0.12907,0.12885,0.12887,-0.00051102,-0.00046006,-0.00059968,-0.00046006,-0.00016000000000002124,-0.0012415612632887501
1771712400000,2026-02-21T22:20:00Z,0.12871,0.12888,0.12867,0.12869,167489.9,21568.520755,0.12871,0.12891,0.12868,0.12869,0.12887,0.12906,0.12882,0.12882,-0.00046006,-0.0002156,-0.00063747,-0.00063747,-0.00012999999999999123,-0.001009160068312306
1771712700000,2026-02-21T22:25:00Z,0.12869,0.12869,0.12809,0.12816,315745.7,40514.012785,0.12869,0.12873,0.12814,0.12816,0.12882,0.1289,0.12827,0.12832,-0.00063747,-0.00030537,-0.00120991,-0.00030537,-0.00015999999999999348,-0.0012468827930174056
1771713000000,2026-02-21T22:30:00Z,0.12816,0.12834,0.12815,0.12829,116203.3,14901.669439,0.12816,0.12834,0.12815,0.12829,0.12832,0.1285,0.1283,0.12845,-0.00030537,-0.00044881,-0.00045478,-0.00045478,-0.00016000000000002124,-0.0012456208641496397
1771713300000,2026-02-21T22:35:00Z,0.12829,0.12835,0.1277,0.12782,386077.8,49379.07002,0.12829,0.12832,0.12783,0.12783,0.12845,0.12848,0.12802,0.12802,-0.00045478,-0.00047688,-0.0005806,-0.00047688,-0.00020000000000000573,-0.001562255897516058
1771713600000,2026-02-21T22:40:00Z,0.12782,0.12797,0.1275,0.12785,1077509.3,137553.476071,0.12783,0.12798,0.12763,0.12786,0.12802,0.12817,0.1278,0.12807,-0.00047688,-0.00023245,-0.00051743,-0.00023245,-0.00021999999999999797,-0.0017178105723432342
1771713900000,2026-02-21T22:45:00Z,0.12785,0.12829,0.12784,0.128,708420.6,90758.002581,0.12786,0.12825,0.12786,0.128,0.12807,0.1284,0.12807,0.12816,-0.00023245,-0.00056969,-0.00100895,-0.00056969,-0.00015999999999999348,-0.001248439450686591
1771714200000,2026-02-21T22:50:00Z,0.128,0.1282,0.12795,0.1282,149793,19181.665549,0.128,0.1282,0.12798,0.1282,0.12816,0.12833,0.12813,0.12833,-0.00056969,-0.00057961,-0.00082233,-0.00057961,-0.00012999999999999123,-0.0010130133250213608
1771714500000,2026-02-21T22:55:00Z,0.1282,0.12841,0.12798,0.12837,324924.3,41642.30213,0.1282,0.12842,0.12801,0.12842,0.12833,0.12856,0.12817,0.12856,-0.00057961,-0.00002438,-0.00043739,-0.00043739,-0.00018999999999999573,-0.0014779091474797427
1771714800000,2026-02-21T23:00:00Z,0.12837,0.12837,0.12812,0.12816,211322.6,27105.628698,0.12842,0.12842,0.12813,0.12818,0.12856,0.12856,0.12827,0.12835,-0.00043739,-0.00051973,-0.00096969,-0.00096969,-0.00018999999999999573,-0.001480327230229807
1771715100000,2026-02-21T23:05:00Z,0.12816,0.12857,0.12804,0.12844,398302.5,51121.351103,0.12818,0.12857,0.12809,0.12848,0.12835,0.12871,0.12827,0.12866,-0.00096969,-0.00062303,-0.00086557,-0.00086557,-0.00021999999999999797,-0.0017099331571583862
1771715400000,2026-02-21T23:10:00Z,0.12844,0.12855,0.12803,0.12803,384547.9,49329.11247,0.12848,0.12858,0.12808,0.12808,0.12866,0.12877,0.1283,0.1283,-0.00086557,-0.00135475,-0.00151966,-0.00135475,-0.00026999999999999247,-0.002104442712392771
1771715700000,2026-02-21T23:15:00Z,0.12803,0.12865,0.12795,0.12856,632073.7,81065.190423,0.12808,0.12865,0.12805,0.12856,0.1283,0.12882,0.12819,0.12872,-0.00135475,-0.00075455,-0.00087993,-0.00087993,-0.00015999999999999348,-0.0012430080795524665
1771716000000,2026-02-21T23:20:00Z,0.12856,0.12891,0.12848,0.12878,397283.8,51139.848138,0.12856,0.12891,0.12853,0.12884,0.12872,0.12906,0.12872,0.12901,-0.00087993,-0.00075681,-0.00084672,-0.00084672,-0.00023000000000000798,-0.0017828075342997283
1771716300000,2026-02-21T23:25:00Z,0.12878,0.12896,0.12858,0.12884,350611.8,45158.649518,0.12884,0.12895,0.12861,0.12888,0.12901,0.12909,0.1288,0.12902,-0.00084672,-0.00047396,-0.00057758,-0.00047396,-0.00017999999999998573,-0.0013951325375909606
1771716600000,2026-02-21T23:30:00Z,0.12884,0.12892,0.12875,0.12891,375376.5,48367.335209,0.12888,0.12891,0.12877,0.12891,0.12902,0.12903,0.12891,0.12903,-0.00047396,-0.00042674,-0.00071226,-0.00042674,-0.00012000000000000899,-0.0009300162752848871
1771716900000,2026-02-21T23:35:00Z,0.12891,0.12913,0.12885,0.12899,322406.8,41592.663861,0.12891,0.12915,0.12886,0.12899,0.12903,0.12928,0.12903,0.12912,-0.00042674,-0.0012011,-0.001341,-0.0012011,-0.000130000000000019,-0.001006815365551572
1771717200000,2026-02-21T23:40:00Z,0.12899,0.12917,0.12824,0.12866,1183121.9,152259.592924,0.12899,0.12919,0.12845,0.12866,0.12912,0.12934,0.12862,0.1288,-0.0012011,-0.0010577,-0.0010725,-0.0010725,-0.00014000000000000123,-0.00108695652173914
1771717500000,2026-02-21T23:45:00Z,0.12866,0.12879,0.12849,0.12857,697780.5,89756.600057,0.12866,0.12875,0.12853,0.12857,0.1288,0.12889,0.12864,0.1287,-0.0010725,-0.00087237,-0.00113721,-0.00113721,-0.000130000000000019,-0.0010101010101011576
1771717800000,2026-02-21T23:50:00Z,0.12857,0.1287,0.12818,0.12818,775806.7,99603.107062,0.12857,0.12867,0.12821,0.12821,0.1287,0.12882,0.12842,0.12842,-0.00113721,-0.00100762,-0.00116274,-0.00100762,-0.00024000000000001798,-0.0018688677776048743
1771718100000,2026-02-21T23:55:00Z,0.12818,0.12853,0.12812,0.12835,341557.9,43819.329838,0.12821,0.12853,0.12818,0.12842,0.12842,0.12863,0.12836,0.12858,-0.00100762,-0.00037657,-0.00077415,-0.00077415,-0.00023000000000000798,-0.0017887696375797789
1771718400000,2026-02-22T00:00:00Z,0.12835,0.12835,0.12673,0.12731,3048087.9,388415.009475,0.12842,0.12842,0.12719,0.12731,0.12858,0.12858,0.12733,0.12748,-0.00077415,-0.00095361,-0.00148293,-0.00148293,-0.00017000000000000348,-0.0013335425164731996
1771718700000,2026-02-22T00:05:00Z,0.12731,0.12744,0.12507,0.12627,8984905.9,1131272.234899,0.12731,0.12742,0.1256,0.12627,0.12748,0.1276,0.12575,0.12644,-0.00148293,-0.00100666,-0.00132207,-0.00132207,-0.00017000000000000348,-0.001344511230623248
1771719000000,2026-02-22T00:10:00Z,0.12627,0.12681,0.12605,0.12668,1110565.8,140331.930896,0.12627,0.1268,0.1261,0.12673,0.12644,0.12697,0.12628,0.1269,-0.00132207,-0.00075007,-0.00116048,-0.00075007,-0.00022000000000002573,-0.001733648542159383
1771719300000,2026-02-22T00:15:00Z,0.12668,0.12717,0.12668,0.12677,1064056.6,135118.906267,0.12673,0.12715,0.12673,0.12677,0.1269,0.1273,0.12688,0.12693,-0.00075007,-0.00068564,-0.00103891,-0.00068564,-0.00015999999999999348,-0.0012605373040257897
1771719600000,2026-02-22T00:20:00Z,0.12677,0.12679,0.12616,0.12641,1110710.1,140506.413181,0.12677,0.12681,0.12616,0.12641,0.12693,0.12697,0.12634,0.12653,-0.00068564,-0.00045763,-0.00067383,-0.00045763,-0.00012000000000000899,-0.0009483916857662924
1771719900000,2026-02-22T00:25:00Z,0.12641,0.12661,0.12601,0.12616,912559.8,115235.512356,0.12641,0.12661,0.12611,0.12619,0.12653,0.12672,0.12624,0.12634,-0.00045763,-0.00075997,-0.00082916,-0.00082916,-0.00018000000000001348,-0.0014247269273390333
1771720200000,2026-02-22T00:30:00Z,0.12616,0.12631,0.1259,0.126,1660856.2,209426.91726,0.12619,0.12631,0.12595,0.12605,0.12634,0.12644,0.12609,0.1262,-0.00082916,-0.00057209,-0.00067974,-0.00067974,-0.00020000000000000573,-0.0015847860538827712
1771720500000,2026-02-22T00:35:00Z,0.126,0.12609,0.12521,0.12539,1985122.7,249130.866811,0.12605,0.12611,0.12527,0.12539,0.1262,0.12626,0.12544,0.12554,-0.00067974,-0.00129359,-0.00138761,-0.00129359,-0.00015000000000001124,-0.0011948382985503523
1771720800000,2026-02-22T00:40:00Z,0.12539,0.12553,0.1233,0.12414,16379753,2031687.791798,0.12539,0.12552,0.12375,0.12414,0.12554,0.12565,0.12391,0.12438,-0.00129359,-0.00151429,-0.00433775,-0.00151429,-0.0002400000000000041,-0.0019295706705258408
1771721100000,2026-02-22T00:45:00Z,0.12414,0.12472,0.1241,0.12468,3426663.4,426548.095973,0.12414,0.12472,0.12413,0.12468,0.12438,0.1249,0.12438,0.12486,-0.00151429,-0.0014857,-0.00168665,-0.0014857,-0.0001799999999999996,-0.0014416146083613616
1771721400000,2026-02-22T00:50:00Z,0.12468,0.1253,0.12436,0.12505,2599519.4,324444.199956,0.12468,0.12527,0.12443,0.12514,0.12486,0.12544,0.12462,0.12537,-0.0014857,-0.00115412,-0.00136047,-0.00136047,-0.0003200000000000147,-0.0025524447635001573
1771721700000,2026-02-22T00:55:00Z,0.12505,0.12597,0.12485,0.12591,1338912.6,167776.440926,0.12514,0.12597,0.12489,0.12596,0.12537,0.12618,0.12514,0.12618,-0.00136047,-0.00106034,-0.00172352,-0.00172352,-0.00026999999999999247,-0.0021398002853066454
1771722000000,2026-02-22T01:00:00Z,0.12591,0.12593,0.12544,0.12552,2117504,266145.234161,0.12596,0.12596,0.12552,0.12552,0.12618,0.12618,0.12573,0.12575,-0.00172352,-0.00117595,-0.00146118,-0.00117595,-0.00023000000000000798,-0.001829025844930481
1771722300000,2026-02-22T01:05:00Z,0.12552,0.12598,0.12552,0.12595,545834.3,68644.615217,0.12552,0.12597,0.12552,0.12595,0.12575,0.12616,0.12575,0.12616,-0.00117595,-0.00139052,-0.00185521,-0.00139052,-0.00020999999999998797,-0.0016645529486365566
1771722600000,2026-02-22T01:10:00Z,0.12595,0.12635,0.12575,0.12601,885948,111717.667374,0.12595,0.12633,0.12578,0.12607,0.12616,0.12649,0.12599,0.12631,-0.00139052,-0.00114233,-0.00123564,-0.00123564,-0.0002999999999999947,-0.0023751088591560028
1771722900000,2026-02-22T01:15:00Z,0.12601,0.12618,0.12563,0.12568,608903.5,76665.347408,0.12607,0.12616,0.12568,0.12568,0.12631,0.12631,0.12592,0.12592,-0.00123564,-0.00079087,-0.00105292,-0.00105292,-0.00024000000000001798,-0.0019059720457434719
1771723200000,2026-02-22T01:20:00Z,0.12568,0.12587,0.12556,0.12568,345398.1,43419.446282,0.12568,0.12586,0.12566,0.12568,0.12592,0.12604,0.12588,0.1259,-0.00105292,-0.00134405,-0.00155763,-0.00155763,-0.00022000000000002573,-0.0017474185861797117
1771723500000,2026-02-22T01:25:00Z,0.12568,0.1262,0.12568,0.1259,490084.3,61745.077863,0.12568,0.12619,0.12568,0.1259,0.1259,0.12631,0.12587,0.12603,-0.00155763,-0.00081502,-0.00094884,-0.00094884,-0.00012999999999999123,-0.0010315004364039612
1771723800000,2026-02-22T01:30:00Z,0.1259,0.12604,0.12566,0.12578,700174.6,88117.138165,0.1259,0.12603,0.1257,0.12578,0.12603,0.1262,0.12587,0.1259,-0.00094884,-0.00042276,-0.0009674,-0.00042276,-0.00012000000000000899,-0.000953137410643439
1771724100000,2026-02-22T01:35:00Z,0.12578,0.12581,0.12561,0.12565,322491,40534.861339,0.12578,0.12581,0.12561,0.12565,0.1259,0.12598,0.12581,0.12583,-0.00042276,-0.00093428,-0.00144456,-0.00093428,-0.00017999999999998573,-0.0014305014702375087
1771724400000,2026-02-22T01:40:00Z,0.12565,0.12565,0.12546,0.12556,309235.4,38825.568327,0.12565,0.12565,0.1255,0.12556,0.12583,0.12583,0.12564,0.12574,-0.00093428,-0.00082397,-0.00120132,-0.00082397,-0.00017999999999998573,-0.0014315253698106072
1771724700000,2026-02-22T01:45:00Z,0.12556,0.12605,0.1255,0.12602,653291.6,82118.830764,0.12556,0.12612,0.12552,0.12606,0.12574,0.12628,0.12568,0.12623,-0.00082397,-0.00042602,-0.00087986,-0.00042602,-0.00021000000000001573,-0.0016636298819616233
1771725000000,2026-02-22T01:50:00Z,0.12602,0.12647,0.12582,0.12602,695332.6,87724.934648,0.12606,0.12647,0.12587,0.12602,0.12623,0.12665,0.12606,0.12622,-0.00042602,-0.00068806,-0.00218161,-0.00218161,-0.00020000000000000573,-0.0015845349389954503
1771725300000,2026-02-22T01:55:00Z,0.12602,0.12615,0.12573,0.12602,313500,39494.172467,0.12602,0.12615,0.12575,0.12602,0.12622,0.12634,0.12597,0.12622,-0.00218161,-0.00131968,-0.00173091,-0.00173091,-0.00020000000000000573,-0.0015845349389954503
1771725600000,2026-02-22T02:00:00Z,0.12602,0.12615,0.1258,0.126,639561.8,80584.780717,0.12602,0.12611,0.12583,0.12602,0.12622,0.12632,0.12605,0.12628,-0.00173091,-0.00110064,-0.00163316,-0.00110064,-0.00028000000000000247,-0.002217294900221749
1771725900000,2026-02-22T02:05:00Z,0.126,0.12652,0.126,0.12649,555951,70182.729534,0.12602,0.12652,0.126,0.12649,0.12628,0.1267,0.12626,0.12668,-0.00110064,-0.00123371,-0.0012646,-0.00123371,-0.00018999999999999573,-0.0014998421218818737
1771726200000,2026-02-22T02:10:00Z,0.12649,0.12672,0.12575,0.12609,728913.1,91987.881405,0.12649,0.12661,0.12577,0.1261,0.12668,0.12682,0.12598,0.12632,-0.00123371,-0.00109366,-0.00150007,-0.00109366,-0.00022999999999998022,-0.0018207726409118132
1771726500000,2026-02-22T02:15:00Z,0.12609,0.12614,0.12564,0.12569,255175.1,32131.60657,0.1261,0.12619,0.12567,0.12569,0.12632,0.12641,0.1259,0.1259,-0.00109366,-0.00142034,-0.00150178,-0.00150178,-0.00021000000000001573,-0.0016679904686260183
1771726800000,2026-02-22T02:20:00Z,0.12569,0.12574,0.12516,0.12536,947557.7,118864.056307,0.12569,0.12575,0.12526,0.12537,0.1259,0.12598,0.1255,0.12561,-0.00150178,-0.00121159,-0.00197365,-0.00197365,-0.0002500000000000002,-0.0019902873975002006
1771727100000,2026-02-22T02:25:00Z,0.12536,0.12538,0.12492,0.12498,682988.7,85486.850452,0.12537,0.12538,0.12496,0.12499,0.12561,0.12562,0.12519,0.12522,-0.00197365,-0.0012602,-0.00155095,-0.00155095,-0.0002400000000000041,-0.0019166267369430132
1771727400000,2026-02-22T02:30:00Z,0.12498,0.12544,0.12464,0.12527,1141894.1,142624.53968,0.12499,0.12542,0.12477,0.12531,0.12522,0.12559,0.125,0.12552,-0.00155095,-0.00097494,-0.00131112,-0.00131112,-0.0002500000000000002,-0.001991714467813896
1771727700000,2026-02-22T02:35:00Z,0.12527,0.12531,0.12455,0.12471,1177891.3,147113.367131,0.12531,0.12534,0.1246,0.12471,0.12552,0.12557,0.12483,0.12491,-0.00131112,-0.00074472,-0.00081656,-0.00081656,-0.00019999999999999185,-0.001601152830037562
1771728000000,2026-02-22T02:40:00Z,0.12471,0.12506,0.12459,0.125,466522.2,58201.196462,0.12471,0.12506,0.12468,0.12501,0.12491,0.12525,0.12485,0.12523,-0.00081656,-0.00105271,-0.00139982,-0.00139982,-0.00023000000000000798,-0.001836620618062828
1771728300000,2026-02-22T02:45:00Z,0.125,0.12512,0.12472,0.1248,430717.6,53824.7201,0.12501,0.12513,0.12481,0.12487,0.12523,0.12539,0.12506,0.12509,-0.00139982,-0.00097857,-0.00191738,-0.00097857,-0.00029000000000001247,-0.0023183308018227874
1771728600000,2026-02-22T02:50:00Z,0.1248,0.1255,0.12478,0.12537,1071056,134143.112555,0.12487,0.12543,0.1248,0.12537,0.12509,0.12567,0.125,0.12561,-0.00097857,-0.00153369,-0.0016902,-0.00153369,-0.00023999999999999022,-0.0019106759016001133
1771728900000,2026-02-22T02:55:00Z,0.12537,0.1255,0.12507,0.12527,842653.7,105584.92476,0.12537,0.12543,0.12507,0.12527,0.12561,0.12568,0.1253,0.12549,-0.00153369,-0.00124557,-0.00152872,-0.00152872,-0.00021999999999999797,-0.0017531277392620766
1771729200000,2026-02-22T03:00:00Z,0.12527,0.12571,0.12518,0.12558,798574.4,100233.514082,0.12527,0.12571,0.1252,0.1256,0.12549,0.12587,0.12542,0.12578,-0.00152872,-0.00062215,-0.00113357,-0.00113357,-0.00020000000000000573,-0.0015900779138178225
1771729500000,2026-02-22T03:05:00Z,0.12558,0.12582,0.12539,0.12544,459235,57657.064272,0.1256,0.12579,0.12544,0.12548,0.12578,0.12593,0.1256,0.12563,-0.00113357,-0.00070772,-0.00120472,-0.00120472,-0.00018999999999999573,-0.0015123776168112374
1771729800000,2026-02-22T03:10:00Z,0.12544,0.12557,0.12535,0.12546,252985.1,31743.508022,0.12548,0.12557,0.12541,0.12548,0.12563,0.1257,0.12558,0.12567,-0.00120472,-0.00095806,-0.00107359,-0.00095806,-0.00021000000000001573,-0.0016710432084030852
1771730100000,2026-02-22T03:15:00Z,0.12546,0.12553,0.12496,0.12519,584330.6,73183.759452,0.12548,0.12553,0.12502,0.12519,0.12567,0.12569,0.12522,0.12536,-0.00095806,-0.00105375,-0.00172089,-0.00172089,-0.00017000000000000348,-0.001356094447989817
1771730400000,2026-02-22T03:20:00Z,0.12519,0.12535,0.12478,0.12489,810822.9,101381.222342,0.12519,0.12535,0.1248,0.12494,0.12536,0.1255,0.12492,0.12512,-0.00172089,-0.00095947,-0.00123924,-0.00123924,-0.00023000000000000798,-0.0018382352941177106
1771730700000,2026-02-22T03:25:00Z,0.12489,0.12505,0.12472,0.12499,493881.3,61690.28466,0.12494,0.12505,0.12479,0.12501,0.12512,0.1252,0.12497,0.12518,-0.00123924,-0.00063661,-0.00070253,-0.00070253,-0.0001900000000000096,-0.0015178143473399072
1771731000000,2026-02-22T03:30:00Z,0.12499,0.12519,0.12483,0.12515,492091.6,61505.077771,0.12501,0.12519,0.12486,0.12515,0.12518,0.12532,0.12504,0.12532,-0.00070253,-0.00111029,-0.00112827,-0.00111029,-0.00016999999999997573,-0.0013565272901370552
1771731300000,2026-02-22T03:35:00Z,0.12515,0.1255,0.12512,0.12527,385015,48265.548663,0.12515,0.12552,0.12512,0.12527,0.12532,0.1257,0.1253,0.12542,-0.00111029,-0.00050366,-0.00170135,-0.00170135,-0.00015000000000001124,-0.0011959815021528562
1771731600000,2026-02-22T03:40:00Z,0.12527,0.12529,0.12519,0.12525,146304.2,18323.287967,0.12527,0.1253,0.12522,0.12528,0.12542,0.1255,0.1254,0.12544,-0.00170135,-0.00058835,-0.00102431,-0.00102431,-0.00018999999999999573,-0.0015146683673469047
1771731900000,2026-02-22T03:45:00Z,0.12525,0.12526,0.12505,0.12525,375622.7,47016.221983,0.12528,0.12528,0.12508,0.12525,0.12544,0.12544,0.12528,0.12543,-0.00102431,-0.00066504,-0.00122027,-0.00066504,-0.00018000000000001348,-0.0014350633819661441
1771732200000,2026-02-22T03:50:00Z,0.12525,0.12531,0.12506,0.12507,372718,46671.911367,0.12525,0.1253,0.1251,0.1251,0.12543,0.12547,0.12527,0.12527,-0.00066504,-0.00076044,-0.00148931,-0.00076044,-0.00020000000000000573,-0.0015965514488704856
1771732500000,2026-02-22T03:55:00Z,0.12507,0.12509,0.12476,0.12482,216752.4,27083.293913,0.1251,0.1251,0.12482,0.12486,0.12527,0.12527,0.12502,0.12504,-0.00076044,-0.00093102,-0.00113037,-0.00093102,-0.00022000000000001185,-0.0017594369801664414
1771732800000,2026-02-22T04:00:00Z,0.12482,0.12525,0.12476,0.12512,613055.3,76657.633863,0.12486,0.12527,0.12478,0.12515,0.12504,0.12545,0.12494,0.12533,-0.00093102,-0.00073275,-0.00106913,-0.00106913,-0.00020999999999998797,-0.001675576478097726
1771733100000,2026-02-22T04:05:00Z,0.12512,0.12539,0.12504,0.12515,557980.7,69871.550952,0.12515,0.12539,0.12506,0.1252,0.12533,0.12553,0.12524,0.12538,-0.00106913,-0.00074982,-0.00103359,-0.00103359,-0.00022999999999998022,-0.0018344233530067015
1771733400000,2026-02-22T04:10:00Z,0.12515,0.12554,0.12486,0.12545,622993,78026.285638,0.1252,0.12554,0.12493,0.12546,0.12538,0.12559,0.12515,0.12559,-0.00103359,-0.0002596,-0.00088584,-0.0002596,-0.00014000000000000123,-0.001114738434588751
1771733700000,2026-02-22T04:15:00Z,0.12545,0.12548,0.12519,0.12535,282490.4,35412.668072,0.12546,0.12548,0.12525,0.12535,0.12559,0.12559,0.12537,0.12544,-0.0002596,-0.00018607,-0.00018654,-0.00018607,-9.000000000000674e-05,-0.0007174744897959722
1771734000000,2026-02-22T04:20:00Z,0.12535,0.12536,0.12509,0.12536,289748.4,36294.010672,0.12535,0.12542,0.12512,0.12538,0.12544,0.12556,0.12522,0.12552,-0.00018607,-0.00033753,-0.00089424,-0.00089424,-0.00015999999999999348,-0.0012746972594008404
1771734300000,2026-02-22T04:25:00Z,0.12536,0.12548,0.12534,0.12536,251714.8,31566.521482,0.12538,0.12548,0.12536,0.12536,0.12552,0.1256,0.12552,0.12553,-0.00089424,-0.00100151,-0.00113233,-0.00100151,-0.00017000000000000348,-0.0013542579463076832
1771734600000,2026-02-22T04:30:00Z,0.12536,0.12563,0.12528,0.12549,457361.4,57377.565096,0.12536,0.12563,0.12528,0.12551,0.12553,0.12573,0.12546,0.12568,-0.00100151,-0.0006626,-0.00094408,-0.0006626,-0.00018999999999999573,-0.0015117759388923913
1771734900000,2026-02-22T04:35:00Z,0.12549,0.12572,0.12536,0.12537,591057.7,74227.618858,0.12551,0.12568,0.12537,0.12537,0.12568,0.12583,0.12558,0.12558,-0.0006626,-0.00151645,-0.00157501,-0.00157501,-0.00020999999999998797,-0.0016722408026754896
1771735200000,2026-02-22T04:40:00Z,0.12537,0.12537,0.12513,0.12526,282478.7,35375.921904,0.12537,0.12537,0.12516,0.12526,0.12558,0.12558,0.12537,0.12544,-0.00157501,-0.00120548,-0.00134157,-0.00120548,-0.00017999999999998573,-0.001434948979591723
1771735500000,2026-02-22T04:45:00Z,0.12526,0.12526,0.12506,0.12512,429096.5,53699.879085,0.12526,0.12527,0.12512,0.12512,0.12544,0.12546,0.12529,0.12529,-0.00120548,-0.00104076,-0.00154741,-0.00104076,-0.00017000000000000348,-0.0013568521031207875
1771735800000,2026-02-22T04:50:00Z,0.12512,0.12515,0.1249,0.12502,815844,101992.495585,0.12512,0.12518,0.12496,0.12507,0.12529,0.12537,0.12514,0.12526,-0.00104076,-0.00132747,-0.00179009,-0.00132747,-0.00024000000000001798,-0.0019160146894460959
1771736100000,2026-02-22T04:55:00Z,0.12502,0.12517,0.12465,0.1249,710224.6,88686.186687,0.12507,0.12517,0.12472,0.1249,0.12526,0.12532,0.12489,0.12507,-0.00132747,-0.00098751,-0.00163774,-0.00098751,-0.0001699999999999896,-0.0013592388262572128
1771736400000,2026-02-22T05:00:00Z,0.1249,0.12514,0.12485,0.12506,381456.4,47680.906358,0.1249,0.12514,0.12486,0.12512,0.12507,0.12532,0.12502,0.1253,-0.00098751,-0.00080122,-0.00105431,-0.00080122,-0.00023999999999999022,-0.0019154030327213905
1771736700000,2026-02-22T05:05:00Z,0.12506,0.12523,0.12495,0.12502,336657.9,42105.600458,0.12512,0.12523,0.12495,0.12508,0.1253,0.12544,0.12518,0.12529,-0.00080122,-0.00054488,-0.00125356,-0.00125356,-0.0002700000000000202,-0.002155000399074309
1771737000000,2026-02-22T05:10:00Z,0.12502,0.12509,0.1248,0.12488,478010,59725.632711,0.12508,0.12508,0.12483,0.12488,0.12529,0.12529,0.12503,0.12508,-0.00125356,-0.00124206,-0.00158595,-0.00124206,-0.00019999999999999185,-0.0015989766549407728
1771737300000,2026-02-22T05:15:00Z,0.12488,0.12493,0.1247,0.12475,422386.3,52727.026386,0.12488,0.12493,0.12473,0.12475,0.12508,0.1251,0.12491,0.12495,-0.00124206,-0.0011512,-0.00171997,-0.00171997,-0.00020000000000000573,-0.0016006402561024868
1771737600000,2026-02-22T05:20:00Z,0.12475,0.12477,0.12412,0.12465,2189380.3,272376.157452,0.12475,0.12477,0.12422,0.12465,0.12495,0.12497,0.12441,0.12478,-0.00171997,-0.00080088,-0.000894,-0.000894,-0.0001300000000000051,-0.0010418336271838845
1771737900000,2026-02-22T05:25:00Z,0.12465,0.12506,0.12465,0.12487,418933.9,52315.590938,0.12465,0.12493,0.12465,0.12493,0.12478,0.12503,0.12477,0.12502,-0.000894,-0.0001555,-0.00027168,-0.0001555,-0.00014999999999999736,-0.0011998080307150645
1771738200000,2026-02-22T05:30:00Z,0.12487,0.12496,0.12471,0.12494,312359.8,38999.572612,0.12493,0.12496,0.12474,0.12496,0.12502,0.12505,0.12484,0.12505,-0.0001555,-0.00032129,-0.00039735,-0.00039735,-0.00010999999999999899,-0.0008796481407436945
1771738500000,2026-02-22T05:35:00Z,0.12494,0.12513,0.12491,0.12511,315850.4,39493.428808,0.12496,0.12513,0.12494,0.12511,0.12505,0.12522,0.12503,0.12522,-0.00039735,-0.00031639,-0.00051046,-0.00031639,-0.00010999999999999899,-0.000878453921098858
1771738800000,2026-02-22T05:40:00Z,0.12511,0.12541,0.12511,0.12526,570223.2,71429.989329,0.12511,0.12538,0.12511,0.12527,0.12522,0.12548,0.12522,0.12541,-0.00031639,-0.00037324,-0.00106505,-0.00106505,-0.00014999999999998348,-0.0011960768678732437
1771739100000,2026-02-22T05:45:00Z,0.12526,0.12538,0.12503,0.12516,374422.1,46896.157944,0.12527,0.12538,0.12503,0.12516,0.12541,0.12551,0.12515,0.12527,-0.00106505,-0.00092868,-0.0010059,-0.00092868,-0.00010999999999999899,-0.0008781032968787339
1771739400000,2026-02-22T05:50:00Z,0.12516,0.1255,0.12516,0.12534,548462.7,68753.316966,0.12516,0.12553,0.12516,0.12537,0.12527,0.1256,0.12527,0.12547,-0.00092868,0,-0.00067627,-0.00067627,-0.00012999999999999123,-0.001036104248027347
1771739700000,2026-02-22T05:55:00Z,0.12534,0.12543,0.12525,0.12543,177997.4,22313.337753,0.12537,0.12545,0.12526,0.12544,0.12547,0.12558,0.12537,0.12558,-0.00067627,-0.00025308,-0.00082004,-0.00082004,-0.00014999999999998348,-0.0011944577161967151
1771740000000,2026-02-22T06:00:00Z,0.12543,0.12575,0.12539,0.12573,435518.6,54716.128295,0.12544,0.12575,0.12542,0.12573,0.12558,0.12583,0.12556,0.12583,-0.00082004,-0.0008182,-0.00090199,-0.0008182,-9.999999999998899e-05,-0.0007947230390208137
1771740300000,2026-02-22T06:05:00Z,0.12573,0.12588,0.12549,0.12573,1146551.5,144099.710841,0.12573,0.12578,0.12553,0.12573,0.12583,0.1259,0.12563,0.12583,-0.0008182,-0.00019169,-0.00037731,-0.00019169,-9.999999999998899e-05,-0.0007947230390208137
1771740600000,2026-02-22T06:10:00Z,0.12573,0.12573,0.12505,0.12508,386533.5,48423.915369,0.12573,0.12576,0.12507,0.12508,0.12583,0.12587,0.1252,0.12523,-0.00019169,-0.0007318,-0.00080405,-0.00080405,-0.00015000000000001124,-0.0011977960552584143
1771740900000,2026-02-22T06:15:00Z,0.12508,0.12538,0.12506,0.12537,298523.2,37381.871712,0.12508,0.12544,0.12508,0.1254,0.12523,0.12557,0.12522,0.12555,-0.00080405,-0.00011407,-0.00112569,-0.00112569,-0.00017999999999998573,-0.0014336917562722878
1771741200000,2026-02-22T06:20:00Z,0.12537,0.12572,0.12527,0.12558,954215.1,119762.464784,0.1254,0.12566,0.12529,0.12558,0.12555,0.12576,0.12542,0.12571,-0.00112569,-0.00064512,-0.0006923,-0.0006923,-0.00012999999999999123,-0.001034126163391864
1771741500000,2026-02-22T06:25:00Z,0.12558,0.12575,0.12532,0.12533,685743.2,86118.094577,0.12558,0.12577,0.12535,0.12535,0.12571,0.12588,0.12552,0.12552,-0.0006923,-0.00073093,-0.00108907,-0.00108907,-0.00018999999999999573,-0.0015137029955385255
1771741800000,2026-02-22T06:30:00Z,0.12533,0.12569,0.1253,0.12565,335049.6,42056.380311,0.12535,0.12569,0.12533,0.12567,0.12552,0.12583,0.12544,0.12582,-0.00108907,0,-0.00088958,-0.00088958,-0.00016999999999997573,-0.0013511365442693986
1771742100000,2026-02-22T06:35:00Z,0.12565,0.12568,0.12539,0.1255,439323.7,55152.705871,0.12567,0.12568,0.12541,0.1255,0.12582,0.12583,0.1256,0.12564,-0.00088958,-0.00068696,-0.0010371,-0.0010371,-0.00014000000000000123,-0.001114294810569892
1771742400000,2026-02-22T06:40:00Z,0.1255,0.12575,0.1255,0.12571,278873,35042.727827,0.1255,0.12579,0.1255,0.12572,0.12564,0.12592,0.12564,0.12592,-0.0010371,-0.00091346,-0.00094024,-0.00094024,-0.00021000000000001573,-0.0016677255400255379
1771742700000,2026-02-22T06:45:00Z,0.12571,0.12586,0.12566,0.1258,410994,51689.857339,0.12572,0.12587,0.1257,0.12582,0.12592,0.12603,0.1259,0.126,-0.00094024,-0.00045491,-0.00090275,-0.00045491,-0.00020000000000000573,-0.0015873015873016328
1771743000000,2026-02-22T06:50:00Z,0.1258,0.1258,0.12558,0.12558,230063.4,28916.931183,0.12582,0.12582,0.1256,0.1256,0.126,0.126,0.12577,0.12579,-0.00045491,-0.0007066,-0.00153365,-0.00153365,-0.00021000000000001573,-0.00166944908180313
1771743300000,2026-02-22T06:55:00Z,0.12558,0.12561,0.12535,0.12548,491103.4,61605.808155,0.1256,0.12561,0.12536,0.12548,0.12579,0.12579,0.12553,0.1256,-0.00153365,-0.00057453,-0.00072127,-0.00057453,-0.00011999999999998123,-0.0009554140127387042
1771743600000,2026-02-22T07:00:00Z,0.12548,0.12558,0.12502,0.12514,632378.3,79229.11911,0.12548,0.12556,0.12503,0.12514,0.1256,0.1257,0.12514,0.12523,-0.00057453,-0.00014935,-0.00061352,-0.00014935,-9.000000000000674e-05,-0.0007186776331550486
1771743900000,2026-02-22T07:05:00Z,0.12514,0.12526,0.12502,0.12504,277552.3,34731.227617,0.12514,0.12526,0.12505,0.12508,0.12523,0.12533,0.12518,0.1252,-0.00014935,-0.0006261,-0.00065527,-0.0006261,-0.00015999999999999348,-0.001277955271565443
1771744200000,2026-02-22T07:10:00Z,0.12504,0.12546,0.12503,0.12538,427072.4,53516.340867,0.12508,0.12546,0.12508,0.12538,0.1252,0.12557,0.1252,0.1255,-0.0006261,-0.00073297,-0.00089929,-0.00089929,-0.00012000000000000899,-0.0009561752988048525
1771744500000,2026-02-22T07:15:00Z,0.12538,0.12609,0.12537,0.12593,800538.8,100761.516397,0.12538,0.12606,0.12537,0.12593,0.1255,0.12618,0.1255,0.12608,-0.00089929,-0.00018632,-0.00050572,-0.00018632,-0.00015000000000001124,-0.0011897208121828303
1771744800000,2026-02-22T07:20:00Z,0.12593,0.12614,0.12588,0.12591,647279.4,81595.802784,0.12593,0.12611,0.1259,0.12591,0.12608,0.12626,0.12603,0.12603,-0.00018632,-0.00087437,-0.00131431,-0.00087437,-0.00012000000000000899,-0.0009521542489884075
1771745100000,2026-02-22T07:25:00Z,0.12591,0.12601,0.12576,0.12587,399549.7,50301.878975,0.12591,0.12598,0.12581,0.12587,0.12603,0.12612,0.12594,0.12604,-0.00087437,-0.00081522,-0.00136662,-0.00136662,-0.00017000000000000348,-0.001348778165661722
1771745400000,2026-02-22T07:30:00Z,0.12587,0.12622,0.12583,0.12615,496431.6,62587.650289,0.12587,0.12619,0.12586,0.12615,0.12604,0.1263,0.12604,0.1263,-0.00136662,-0.00066743,-0.00125789,-0.00125789,-0.00014999999999998348,-0.0011876484560568764
1771745700000,2026-02-22T07:35:00Z,0.12615,0.12629,0.12564,0.12586,701378.4,88291.008603,0.12615,0.12622,0.12573,0.12586,0.1263,0.1264,0.12592,0.12603,-0.00125789,-0.00108813,-0.00126244,-0.00108813,-0.00017000000000000348,-0.001348885186066837
1771746000000,2026-02-22T07:40:00Z,0.12586,0.12586,0.12551,0.12551,283656.4,35636.780072,0.12586,0.12586,0.12551,0.12555,0.12603,0.12603,0.12571,0.12576,-0.00108813,-0.00059222,-0.00149304,-0.00149304,-0.0002500000000000002,-0.0019879134860050908
1771746300000,2026-02-22T07:45:00Z,0.12551,0.12559,0.125,0.12505,478769.2,59937.214665,0.12555,0.12559,0.12504,0.12505,0.12576,0.12576,0.1252,0.1252,-0.00149304,-0.00053849,-0.00085383,-0.00085383,-0.00015000000000001124,-0.0011980830670927415
1771746600000,2026-02-22T07:50:00Z,0.12505,0.12513,0.12493,0.12496,669218.7,83671.532519,0.12505,0.12512,0.12493,0.12496,0.1252,0.12526,0.12504,0.1251,-0.00085383,-0.00066842,-0.00070561,-0.00066842,-0.00013999999999998736,-0.0011191047162269175
1771746900000,2026-02-22T07:55:00Z,0.12496,0.12503,0.12464,0.12476,490451.6,61222.680252,0.12496,0.12505,0.12474,0.1248,0.1251,0.12518,0.12486,0.12498,-0.00066842,-0.00047913,-0.00054503,-0.00047913,-0.00021999999999999797,-0.001760281645063194
1771747200000,2026-02-22T08:00:00Z,0.12476,0.12482,0.12453,0.12468,954206.6,118957.633458,0.1248,0.12481,0.12456,0.12468,0.12498,0.12498,0.12474,0.12487,-0.00047913,-0.00069954,-0.00099343,-0.00069954,-0.00018999999999999573,-0.0015215824457435391
1771747500000,2026-02-22T08:05:00Z,0.12468,0.12472,0.12434,0.12469,796930.9,99252.747201,0.12468,0.12472,0.12444,0.12469,0.12487,0.12488,0.12458,0.12486,-0.00069954,-0.00080686,-0.00082617,-0.00080686,-0.00017000000000000348,-0.0013615249078968723
1771747800000,2026-02-22T08:10:00Z,0.12469,0.12539,0.12466,0.12533,682933.2,85358.626668,0.12469,0.12536,0.12466,0.12534,0.12486,0.12552,0.12484,0.12552,-0.00080686,-0.00053696,-0.00089037,-0.00089037,-0.00018999999999999573,-0.0015137029955385255
1771748100000,2026-02-22T08:15:00Z,0.12533,0.12554,0.12514,0.1253,405203.2,50802.271644,0.12534,0.12554,0.12518,0.1253,0.12552,0.12569,0.12537,0.12542,-0.00089037,-0.00084419,-0.00115099,-0.00115099,-0.00012000000000000899,-0.000956785201722285
1771748400000,2026-02-22T08:20:00Z,0.1253,0.1253,0.12472,0.12482,983450.6,122840.905256,0.1253,0.1253,0.12474,0.12482,0.12542,0.12542,0.12492,0.12498,-0.00115099,-0.00124988,-0.00131175,-0.00131175,-0.00015999999999999348,-0.0012802048327731916
1771748700000,2026-02-22T08:25:00Z,0.12482,0.12501,0.12466,0.1249,753842.5,94123.232971,0.12482,0.12501,0.12466,0.12492,0.12498,0.12515,0.12484,0.12507,-0.00131175,-0.00047854,-0.00073143,-0.00073143,-0.0001699999999999896,-0.0013592388262572128
1771749000000,2026-02-22T08:30:00Z,0.1249,0.12502,0.1246,0.12491,864884.4,107999.305486,0.12492,0.12502,0.12466,0.12492,0.12507,0.12519,0.12485,0.12508,-0.00073143,-0.00031538,-0.00134726,-0.00031538,-0.00017000000000000348,-0.00135913015669974
1771749300000,2026-02-22T08:35:00Z,0.12491,0.12512,0.12482,0.12504,280764.1,35096.297543,0.12492,0.12513,0.12488,0.12506,0.12508,0.12528,0.12504,0.12522,-0.00031538,-0.0004519,-0.00092189,-0.00092189,-0.00017999999999998573,-0.0014374700527071214
1771749600000,2026-02-22T08:40:00Z,0.12504,0.12518,0.12481,0.12507,1009078,126131.913246,0.12506,0.12515,0.12485,0.12507,0.12522,0.1253,0.12504,0.12518,-0.00092189,-0.00078434,-0.00172318,-0.00078434,-0.00011000000000002674,-0.000878734622144326
1771749900000,2026-02-22T08:45:00Z,0.12507,0.12507,0.12459,0.12463,196112.7,24485.797025,0.12507,0.12507,0.1247,0.1247,0.12518,0.12523,0.1249,0.1249,-0.00078434,-0.00105457,-0.00120188,-0.00120188,-0.00026999999999999247,-0.0021617293835067453
1771750200000,2026-02-22T08:50:00Z,0.12463,0.12463,0.123,0.12425,8046373.9,995784.952279,0.1247,0.1247,0.12363,0.12425,0.1249,0.1249,0.12382,0.1244,-0.00120188,-0.00065257,-0.00073979,-0.00065257,-0.00014999999999999736,-0.0012057877813504612
1771750500000,2026-02-22T08:55:00Z,0.12425,0.12448,0.12417,0.12439,880832.3,109459.490058,0.12425,0.1244,0.12422,0.12439,0.1244,0.12452,0.12438,0.12452,-0.00065257,-0.00059832,-0.00116982,-0.00059832,-0.0001300000000000051,-0.0010440089945390708
1771750800000,2026-02-22T09:00:00Z,0.12439,0.12518,0.1243,0.1251,791940.5,98810.879999,0.12439,0.12515,0.12431,0.1251,0.12452,0.12522,0.12448,0.12522,-0.00059832,-0.00060473,-0.00098961,-0.00098961,-0.00012000000000000899,-0.000958313368471562
1771751100000,2026-02-22T09:05:00Z,0.1251,0.12516,0.12476,0.12481,684535.2,85497.422672,0.1251,0.12516,0.12478,0.12481,0.12522,0.12528,0.12491,0.12498,-0.00098961,-0.00098575,-0.00100456,-0.00100456,-0.0001699999999999896,-0.0013602176348214883
1771751400000,2026-02-22T09:10:00Z,0.12481,0.12526,0.12455,0.12513,834009.6,104219.829076,0.12481,0.12526,0.1246,0.12513,0.12498,0.12537,0.12477,0.12528,-0.00100456,-0.0004165,-0.00072743,-0.00072743,-0.00015000000000001124,-0.001197318007662925
1771751700000,2026-02-22T09:15:00Z,0.12513,0.12539,0.12504,0.12535,426862.7,53459.536496,0.12513,0.12537,0.12507,0.12535,0.12528,0.12552,0.12523,0.12552,-0.00072743,-0.00081089,-0.00086884,-0.00081089,-0.00017000000000000348,-0.001354365838113476
1771752000000,2026-02-22T09:20:00Z,0.12535,0.12559,0.12524,0.12548,662043.9,83015.320421,0.12535,0.12549,0.12528,0.12548,0.12552,0.12567,0.12543,0.12567,-0.00081089,-0.00122019,-0.00129994,-0.00122019,-0.00018999999999999573,-0.0015118962361740727
1771752300000,2026-02-22T09:25:00Z,0.12548,0.12551,0.12532,0.12543,181419.8,22755.520484,0.12548,0.12552,0.12536,0.12543,0.12567,0.12568,0.12553,0.12558,-0.00122019,-0.00107103,-0.00122849,-0.00122849,-0.00014999999999998348,-0.0011944577161967151
1771752600000,2026-02-22T09:30:00Z,0.12543,0.12544,0.12492,0.12507,693778.5,86780.336837,0.12543,0.12544,0.12501,0.12507,0.12558,0.12562,0.12518,0.12527,-0.00122849,-0.00110632,-0.00145862,-0.00145862,-0.00020000000000000573,-0.0015965514488704856
1771752900000,2026-02-22T09:35:00Z,0.12507,0.1252,0.12483,0.12488,638937.7,79888.099836,0.12507,0.12513,0.12484,0.12488,0.12527,0.1253,0.12502,0.12502,-0.00145862,-0.00093201,-0.00137214,-0.00093201,-0.00013999999999998736,-0.0011198208286673122
1771753200000,2026-02-22T09:40:00Z,0.12488,0.12507,0.12485,0.12507,228339.1,28529.481076,0.12488,0.12507,0.12486,0.12507,0.12502,0.12522,0.125,0.12522,-0.00093201,-0.00083815,-0.00091179,-0.00083815,-0.00015000000000001124,-0.0011978917105894525
1771753500000,2026-02-22T09:45:00Z,0.12507,0.12509,0.12483,0.12483,544390.6,68045.141217,0.12507,0.12507,0.12483,0.12484,0.12522,0.12522,0.12501,0.12503,-0.00083815,-0.00113572,-0.00128281,-0.00113572,-0.00020000000000000573,-0.0015996160921379328
1771753800000,2026-02-22T09:50:00Z,0.12483,0.12493,0.12455,0.1249,601223,75009.711697,0.12484,0.12493,0.12467,0.1249,0.12503,0.12506,0.12485,0.12506,-0.00113572,-0.00084221,-0.00118373,-0.00118373,-0.00016000000000000736,-0.001279385894770569
1771754100000,2026-02-22T09:55:00Z,0.1249,0.12505,0.12474,0.12497,625099.3,78086.694033,0.1249,0.12504,0.12475,0.12497,0.12506,0.1252,0.12492,0.12512,-0.00118373,-0.00066546,-0.00102456,-0.00066546,-0.00015000000000001124,-0.0011988491048594248
1771754400000,2026-02-22T10:00:00Z,0.12497,0.12511,0.1249,0.1249,193003.9,24130.991615,0.12497,0.12515,0.1249,0.1249,0.12512,0.1253,0.12504,0.12504,-0.00066546,-0.00116409,-0.0012498,-0.00116409,-0.0001400000000000151,-0.0011196417146514324
1771754700000,2026-02-22T10:05:00Z,0.1249,0.12512,0.1248,0.12508,288603,36052.783431,0.1249,0.12511,0.12486,0.1251,0.12504,0.12526,0.12502,0.12525,-0.00116409,-0.00062809,-0.00132643,-0.00062809,-0.00017000000000000348,-0.0013572854291417445
1771755000000,2026-02-22T10:10:00Z,0.12508,0.12521,0.12505,0.12518,364770,45648.935436,0.1251,0.12522,0.12507,0.12518,0.12525,0.12539,0.12524,0.12534,-0.00062809,-0.0009132,-0.00116211,-0.00116211,-0.00015999999999999348,-0.001276527844263551
1771755300000,2026-02-22T10:15:00Z,0.12518,0.12526,0.12507,0.1251,365699.3,45766.583125,0.12518,0.12526,0.12508,0.1251,0.12534,0.1254,0.12524,0.12524,-0.00116211,-0.00091761,-0.00130407,-0.00091761,-0.00014000000000000123,-0.0011178537208559665
1771755600000,2026-02-22T10:20:00Z,0.1251,0.12529,0.12507,0.12509,190926.8,23901.485241,0.1251,0.1253,0.12508,0.12511,0.12524,0.12546,0.12523,0.12528,-0.00091761,-0.00093662,-0.00149098,-0.00093662,-0.00018999999999999573,-0.0015166028097062239
1771755900000,2026-02-22T10:25:00Z,0.12509,0.12514,0.1249,0.12497,205216.9,25655.309483,0.12511,0.12513,0.1249,0.12497,0.12528,0.1253,0.1251,0.1251,-0.00093662,-0.00081246,-0.00117155,-0.00117155,-0.00012999999999999123,-0.0010391686650678756
1771756200000,2026-02-22T10:30:00Z,0.12497,0.12522,0.12485,0.12485,437178.2,54690.081268,0.12497,0.12518,0.12489,0.12489,0.1251,0.12537,0.1251,0.12513,-0.00117155,-0.00134085,-0.00148346,-0.00148346,-0.0002799999999999886,-0.0022376728202668315
1771756500000,2026-02-22T10:35:00Z,0.12485,0.12507,0.12474,0.12474,416451.1,52022.294311,0.12489,0.12507,0.12474,0.12474,0.12513,0.12523,0.12496,0.12496,-0.00148346,-0.00130284,-0.00140998,-0.00130284,-0.00021999999999999797,-0.001760563380281674
1771756800000,2026-02-22T10:40:00Z,0.12474,0.12481,0.12468,0.12477,133813.6,16692.005835,0.12474,0.1248,0.1247,0.12477,0.12496,0.12497,0.12486,0.12492,-0.00130284,-0.00082623,-0.00101,-0.00101,-0.00014999999999999736,-0.001200768491834753
1771757100000,2026-02-22T10:45:00Z,0.12477,0.12481,0.1246,0.12467,734730.5,91588.456663,0.12477,0.12483,0.12465,0.12468,0.12492,0.12497,0.12482,0.12488,-0.00101,-0.00074427,-0.00111359,-0.00074427,-0.00021000000000000185,-0.0016816143497757996
1771757400000,2026-02-22T10:50:00Z,0.12467,0.12482,0.12465,0.12474,225349.7,28106.197172,0.12468,0.12481,0.12468,0.1248,0.12488,0.12497,0.12486,0.12497,-0.00074427,-0.00075874,-0.00110484,-0.00075874,-0.0002299999999999941,-0.001840441706009395
1771757700000,2026-02-22T10:55:00Z,0.12474,0.12477,0.12448,0.12475,309200.8,38539.306154,0.1248,0.1248,0.12454,0.12476,0.12497,0.12497,0.12469,0.12491,-0.00075874,-0.00060455,-0.00110824,-0.00060455,-0.00015999999999999348,-0.0012809222640300497
1771758000000,2026-02-22T11:00:00Z,0.12475,0.12504,0.12475,0.12482,448012.1,55958.871983,0.12476,0.12506,0.12476,0.12485,0.12491,0.12521,0.12491,0.12503,-0.00060455,-0.0009124,-0.00129239,-0.0009124,-0.00021000000000000185,-0.001679596896744796
1771758300000,2026-02-22T11:05:00Z,0.12482,0.12516,0.12481,0.12499,401271.6,50171.121288,0.12485,0.12511,0.12485,0.12502,0.12503,0.12528,0.12502,0.12526,-0.0009124,-0.00160839,-0.0016905,-0.0016905,-0.00027000000000000635,-0.002155516525626747
1771758600000,2026-02-22T11:10:00Z,0.12499,0.12511,0.12489,0.12503,389438.1,48688.228407,0.12502,0.12509,0.12491,0.12503,0.12526,0.12527,0.12513,0.12524,-0.0016905,-0.00102236,-0.00135201,-0.00135201,-0.00020999999999998797,-0.0016767805812838389
1771758900000,2026-02-22T11:15:00Z,0.12503,0.12517,0.12471,0.12474,419096.3,52348.965152,0.12503,0.12515,0.12471,0.12474,0.12524,0.12536,0.12491,0.12496,-0.00135201,-0.00155973,-0.00166368,-0.00155973,-0.00021999999999999797,-0.001760563380281674
1771759200000,2026-02-22T11:20:00Z,0.12474,0.12484,0.1245,0.12465,379979.5,47364.340672,0.12474,0.12484,0.1245,0.12465,0.12496,0.12506,0.1247,0.1248,-0.00155973,-0.00036327,-0.00076566,-0.00036327,-0.00014999999999999736,-0.0012019230769230557
1771759500000,2026-02-22T11:25:00Z,0.12465,0.12466,0.12433,0.12455,1834066,228436.842122,0.12465,0.12466,0.1245,0.12459,0.1248,0.12481,0.12465,0.12479,-0.00036327,-0.00094927,-0.00116315,-0.00116315,-0.0002400000000000041,-0.0019232310281272866
1771759800000,2026-02-22T11:30:00Z,0.12455,0.12455,0.12384,0.12426,2849226.3,353827.581698,0.12459,0.12459,0.12391,0.12427,0.12479,0.12479,0.12414,0.12441,-0.00116315,-0.00034794,-0.00048429,-0.00034794,-0.00015000000000001124,-0.001205690860863365
1771760100000,2026-02-22T11:35:00Z,0.12426,0.12447,0.12408,0.12416,570963.8,70953.06029,0.12427,0.12447,0.12413,0.12416,0.12441,0.12458,0.12431,0.12432,-0.00034794,-0.00113282,-0.00121045,-0.00121045,-0.00015999999999999348,-0.0012870012870012345
1771760400000,2026-02-22T11:40:00Z,0.12416,0.12435,0.12392,0.12403,545091.1,67644.56336,0.12416,0.12434,0.12398,0.12403,0.12432,0.12446,0.12414,0.12414,-0.00121045,-0.0006134,-0.00091848,-0.00091848,-0.00010999999999999899,-0.0008860963428387223
1771760700000,2026-02-22T11:45:00Z,0.12403,0.12413,0.12379,0.12381,452436.7,56074.894636,0.12403,0.12414,0.12381,0.12382,0.12414,0.12429,0.12394,0.12398,-0.00091848,-0.00060641,-0.00088992,-0.00088992,-0.00017000000000000348,-0.0013711889014357435
1771761000000,2026-02-22T11:50:00Z,0.12381,0.12408,0.12363,0.12396,1819196.6,225319.524677,0.12382,0.12408,0.12369,0.12398,0.12398,0.12419,0.12383,0.12412,-0.00088992,-0.00049786,-0.00076452,-0.00076452,-0.00015999999999999348,-0.00128907508862386
1771761300000,2026-02-22T11:55:00Z,0.12396,0.12421,0.12392,0.12402,576996.7,71585.778583,0.12398,0.12421,0.12392,0.12403,0.12412,0.12431,0.12406,0.12416,-0.00076452,-0.00052496,-0.00076699,-0.00052496,-0.00014000000000000123,-0.0011275773195876387
1771761600000,2026-02-22T12:00:00Z,0.12402,0.12418,0.12329,0.12364,1744691.2,215680.954765,0.12403,0.12416,0.12335,0.12368,0.12416,0.12427,0.12353,0.12384,-0.00052496,-0.0006699,-0.00080141,-0.0006699,-0.00020000000000000573,-0.0016149870801034053
1771761900000,2026-02-22T12:05:00Z,0.12364,0.12364,0.12215,0.12287,8018622.9,984027.238407,0.12368,0.12368,0.12256,0.12284,0.12384,0.12384,0.12269,0.12286,-0.0006699,-0.00031894,-0.00074364,-0.00074364,9.999999999996123e-06,8.139345596610877e-05
1771762200000,2026-02-22T12:10:00Z,0.12287,0.12289,0.12236,0.12259,2330080.3,285780.184463,0.12284,0.12287,0.12247,0.12261,0.12286,0.12292,0.12257,0.12271,-0.00074364,-0.00046887,-0.00065065,-0.00065065,-0.00011999999999999511,-0.0009779154103169677
1771762500000,2026-02-22T12:15:00Z,0.12259,0.12296,0.1225,0.12269,1310037.8,160836.754708,0.12261,0.12293,0.12254,0.12269,0.12271,0.12299,0.12263,0.12279,-0.00065065,-0.00033558,-0.00039705,-0.00039705,-0.00010000000000000286,-0.0008143985666585461
1771762800000,2026-02-22T12:20:00Z,0.12269,0.12285,0.1224,0.12271,1092424.5,133943.835993,0.12269,0.12284,0.12246,0.12271,0.12279,0.12292,0.12254,0.1228,-0.00039705,-0.00001914,-0.00015966,-0.00015966,-9.000000000000674e-05,-0.0007328990228013578
1771763100000,2026-02-22T12:25:00Z,0.12271,0.12285,0.12265,0.12271,253347.1,31092.677143,0.12271,0.12285,0.12267,0.12271,0.1228,0.12292,0.12274,0.12275,-0.00015966,-0.00002427,-0.00063763,-0.00002427,-3.999999999999837e-05,-0.0003258655804480519
1771763400000,2026-02-22T12:30:00Z,0.12271,0.12282,0.12244,0.12248,1055803.2,129494.190893,0.12271,0.12282,0.12248,0.12256,0.12275,0.12288,0.12253,0.12264,-0.00002427,0,-0.00036238,-0.00036238,-0.00015999999999999348,-0.0013046314416176898
1771763700000,2026-02-22T12:35:00Z,0.12248,0.12267,0.12153,0.12198,4897614.1,597544.461448,0.12256,0.1226,0.12196,0.12201,0.12264,0.12269,0.12202,0.12213,-0.00036238,-0.00003615,-0.00065513,-0.00003615,-0.00014999999999999736,-0.0012281994595922162
1771764000000,2026-02-22T12:40:00Z,0.12198,0.12229,0.12185,0.12205,1382833.9,168760.948106,0.12201,0.12229,0.12193,0.12205,0.12213,0.12233,0.12204,0.12217,-0.00003615,-0.0003524,-0.00070594,-0.0003524,-0.00011999999999999511,-0.0009822378652696662
1771764300000,2026-02-22T12:45:00Z,0.12205,0.12222,0.12175,0.12197,1291175.1,157475.698964,0.12205,0.12222,0.12185,0.12197,0.12217,0.12231,0.12197,0.1221,-0.0003524,-0.00050617,-0.0006614,-0.0006614,-0.0001300000000000051,-0.0010647010647011066
1771764600000,2026-02-22T12:50:00Z,0.12197,0.12213,0.12173,0.12189,1006630.7,122752.414043,0.12197,0.12211,0.12177,0.12189,0.1221,0.12221,0.12189,0.12199,-0.0006614,-0.0006557,-0.00074451,-0.0006557,-0.00010000000000000286,-0.0008197393228953427
1771764900000,2026-02-22T12:55:00Z,0.12189,0.12215,0.12119,0.1216,2497767.9,304091.730689,0.12189,0.12209,0.12153,0.1216,0.12199,0.12213,0.1216,0.12173,-0.0006557,-0.00088892,-0.00107292,-0.00088892,-0.0001300000000000051,-0.001067937238150046
1771765200000,2026-02-22T13:00:00Z,0.1216,0.12205,0.12159,0.12193,772165.7,94059.793518,0.1216,0.12205,0.12159,0.12195,0.12173,0.1221,0.12172,0.12206,-0.00088892,-0.00025929,-0.00061347,-0.00025929,-0.0001300000000000051,-0.0010650499754219654
1771765500000,2026-02-22T13:05:00Z,0.12193,0.12199,0.12095,0.12123,3317172.9,402078.81585,0.12195,0.12199,0.12098,0.12124,0.12206,0.1221,0.12113,0.12138,-0.00025929,-0.00046417,-0.00101931,-0.00101931,-0.00014999999999999736,-0.0012357884330202451
1771765800000,2026-02-22T13:10:00Z,0.12123,0.12162,0.12098,0.12147,1586088.3,192230.658147,0.12124,0.12159,0.121,0.12148,0.12138,0.12161,0.12107,0.12154,-0.00101931,0,-0.00091913,0,-7.000000000000062e-05,-0.0005759420766825788
1771766100000,2026-02-22T13:15:00Z,0.12147,0.1222,0.12147,0.12213,1239599.9,151023.074502,0.12148,0.12219,0.12147,0.12217,0.12154,0.12226,0.12152,0.12225,0,0,-0.00039821,-0.00039821,-0.00011999999999999511,-0.0009815950920244998
1771766400000,2026-02-22T13:20:00Z,0.12213,0.12222,0.12183,0.12185,656330,80054.97407,0.12217,0.12221,0.12184,0.12185,0.12225,0.12229,0.12191,0.12195,-0.00039821,-0.0003044,-0.00039524,-0.0003044,-0.00010000000000000286,-0.0008200082000820243
1771766700000,2026-02-22T13:25:00Z,0.12185,0.12227,0.12181,0.12222,693421.8,84649.265472,0.12185,0.12227,0.12182,0.12222,0.12195,0.12238,0.12191,0.12233,-0.0003044,0,-0.00009043,-0.00009043,-0.00010999999999999899,-0.00089920706286274
1771767000000,2026-02-22T13:30:00Z,0.12222,0.12251,0.12213,0.12246,820368.4,100345.862304,0.12222,0.12249,0.12217,0.12246,0.12233,0.12256,0.12226,0.12249,-0.00009043,-0.00036004,-0.00067764,-0.00036004,-3.0000000000002247e-05,-0.00024491795248593554
1771767300000,2026-02-22T13:35:00Z,0.12246,0.12262,0.12225,0.12227,1152079,141050.775211,0.12246,0.12257,0.12227,0.12227,0.12249,0.12259,0.12232,0.12232,-0.00036004,-0.0000394,-0.00015144,-0.00015144,-4.999999999999449e-05,-0.00040876389797248606
1771767600000,2026-02-22T13:40:00Z,0.12227,0.12241,0.12187,0.12192,1316522.5,160714.198879,0.12227,0.12241,0.12191,0.12192,0.12232,0.12248,0.12202,0.12202,-0.00015144,-0.00027309,-0.00047015,-0.00047015,-0.00010000000000000286,-0.0008195377806917134
1771767900000,2026-02-22T13:45:00Z,0.12192,0.12214,0.12176,0.12193,589493.5,71880.726414,0.12192,0.12214,0.12183,0.12193,0.12202,0.12226,0.12196,0.12206,-0.00047015,-0.0003006,-0.00069765,-0.00069765,-0.0001300000000000051,-0.0010650499754219654
1771768200000,2026-02-22T13:50:00Z,0.12193,0.12212,0.12176,0.12202,1133526.2,138240.052522,0.12193,0.12212,0.12189,0.12202,0.12206,0.1222,0.122,0.12216,-0.00069765,-0.00065097,-0.00091838,-0.00091838,-0.00014000000000000123,-0.00114603798297316
1771768500000,2026-02-22T13:55:00Z,0.12202,0.12219,0.12182,0.12213,413616.4,50465.857132,0.12202,0.12214,0.12185,0.12213,0.12216,0.12222,0.122,0.12222,-0.00091838,-0.00012665,-0.00035956,-0.00035956,-8.999999999999286e-05,-0.0007363770250367605
1771768800000,2026-02-22T14:00:00Z,0.12213,0.12272,0.12203,0.12253,926430.2,113430.768584,0.12213,0.12272,0.12209,0.12253,0.12222,0.12284,0.12216,0.12261,-0.00035956,-0.00053203,-0.00064124,-0.00064124,-7.999999999999674e-05,-0.000652475328276623
1771769100000,2026-02-22T14:05:00Z,0.12253,0.12263,0.12222,0.12228,800370,98008.266654,0.12253,0.12265,0.12222,0.12228,0.12261,0.12279,0.12236,0.1224,-0.00064124,-0.00048295,-0.00074553,-0.00074553,-0.00011999999999999511,-0.0009803921568627052
1771769400000,2026-02-22T14:10:00Z,0.12228,0.12256,0.12222,0.12254,591692.9,72444.556571,0.12228,0.12255,0.12226,0.12254,0.1224,0.12267,0.1224,0.12263,-0.00074553,0,-0.00074979,0,-9.000000000000674e-05,-0.0007339150289489255
1771769700000,2026-02-22T14:15:00Z,0.12254,0.12266,0.12209,0.12223,602021.2,73684.462923,0.12254,0.12269,0.12214,0.12223,0.12263,0.1228,0.12229,0.12234,0,-0.00113432,-0.00140176,-0.00113432,-0.00010999999999999899,-0.0008991335622036863
1771770000000,2026-02-22T14:20:00Z,0.12223,0.12282,0.12218,0.12276,882931.2,108316.311399,0.12223,0.12276,0.12218,0.12276,0.12234,0.1229,0.12232,0.1229,-0.00113432,-0.00063013,-0.00077398,-0.00077398,-0.00014000000000000123,-0.0011391375101708807
1771770300000,2026-02-22T14:25:00Z,0.12276,0.1234,0.12239,0.12258,2241497.2,275595.073959,0.12276,0.12336,0.12245,0.12257,0.1229,0.12343,0.12252,0.12258,-0.00077398,0,-0.00070979,-0.00070979,0.0,0.0
1771770600000,2026-02-22T14:30:00Z,0.12258,0.12289,0.12246,0.12262,1156170.8,141836.157804,0.12257,0.12289,0.12253,0.12273,0.12258,0.1229,0.12258,0.12272,-0.00070979,0,-0.00012504,0,-9.999999999998899e-05,-0.0008148631029986065
1771770900000,2026-02-22T14:35:00Z,0.12262,0.12287,0.12244,0.12258,710587.3,87132.015556,0.12273,0.12287,0.12247,0.12259,0.12272,0.1229,0.12254,0.12268,0,-0.00004638,-0.00027463,-0.00027463,-0.00010000000000000286,-0.0008151287903488984
1771771200000,2026-02-22T14:40:00Z,0.12258,0.12282,0.12239,0.1224,749475.2,91932.976476,0.12259,0.12282,0.1224,0.1224,0.12268,0.12288,0.1225,0.1225,-0.00027463,-0.00027826,-0.0004284,-0.0004284,-0.00010000000000000286,-0.0008163265306122683
1771771500000,2026-02-22T14:45:00Z,0.1224,0.12245,0.12197,0.12212,1227079.3,149933.627429,0.1224,0.12245,0.12204,0.12213,0.1225,0.1225,0.1221,0.12218,-0.0004284,-0.00002126,-0.00024971,-0.00002126,-5.9999999999990616e-05,-0.0004910787362906418
1771771800000,2026-02-22T14:50:00Z,0.12212,0.1222,0.12172,0.12183,1780153.9,217147.607885,0.12213,0.1222,0.12182,0.12186,0.12218,0.12223,0.12186,0.1219,-0.00002126,0,0,0,-7.000000000000062e-05,-0.0005742411812961495
1771772100000,2026-02-22T14:55:00Z,0.12183,0.12209,0.12177,0.1219,379873.1,46323.328754,0.12186,0.12209,0.12177,0.12193,0.1219,0.1221,0.12183,0.122,0,-0.00020745,-0.00045085,-0.00045085,-0.00010000000000000286,-0.0008196721311475645
1771772400000,2026-02-22T15:00:00Z,0.1219,0.12218,0.12173,0.12211,408882.4,49886.073844,0.12193,0.12215,0.12185,0.12211,0.122,0.12219,0.1219,0.12214,-0.00045085,-0.00027576,-0.0003886,-0.0003886,-3.0000000000002247e-05,-0.00024561978057968106
1771772700000,2026-02-22T15:05:00Z,0.12211,0.12219,0.12178,0.1219,589939.2,71943.166681,0.12211,0.12217,0.12178,0.1219,0.12214,0.12218,0.12186,0.12193,-0.0003886,-0.00039048,-0.0005569,-0.00039048,-3.0000000000002247e-05,-0.0002460428114492106
1771773000000,2026-02-22T15:10:00Z,0.1219,0.12199,0.12143,0.12178,1071397.5,130408.075152,0.1219,0.12203,0.12152,0.12178,0.12193,0.12206,0.12157,0.12187,-0.00039048,-0.00031862,-0.00052407,-0.00052407,-9.000000000000674e-05,-0.0007384918355625399
1771773300000,2026-02-22T15:15:00Z,0.12178,0.12187,0.12137,0.1217,668173.8,81282.062762,0.12178,0.12187,0.12144,0.12171,0.12187,0.12195,0.12153,0.12178,-0.00052407,0,-0.00016611,-0.00016611,-7.999999999999674e-05,-0.0006569223189357591
1771773600000,2026-02-22T15:20:00Z,0.1217,0.12192,0.12145,0.12169,1381480.2,168127.820443,0.12171,0.12188,0.12151,0.12174,0.12178,0.12193,0.12158,0.12179,-0.00016611,0,0,0,-9.999999999998899e-05,-0.0008210854749978568
1771773900000,2026-02-22T15:25:00Z,0.12169,0.12203,0.12162,0.12199,549788,67009.930774,0.12174,0.12203,0.12168,0.12199,0.12179,0.12209,0.12173,0.12207,0,-0.00006147,-0.00042179,-0.00006147,-7.999999999999674e-05,-0.0006553616777258683
1771774200000,2026-02-22T15:30:00Z,0.12199,0.12263,0.12194,0.12262,1286788,157454.502107,0.12199,0.12264,0.12199,0.12264,0.12207,0.1227,0.12204,0.1227,-0.00006147,-0.00008402,-0.00008861,-0.00008402,-7.999999999999674e-05,-0.0006519967400162734
1771774500000,2026-02-22T15:35:00Z,0.12262,0.12315,0.12257,0.12309,1747593,214687.003688,0.12264,0.12313,0.12262,0.12313,0.1227,0.1232,0.12268,0.1232,-0.00008402,-0.00006634,-0.00077412,-0.00006634,-0.00010999999999999899,-0.0008928571428571346
1771774800000,2026-02-22T15:40:00Z,0.12309,0.12361,0.12293,0.12358,962060.8,118610.975328,0.12313,0.12357,0.12293,0.12357,0.1232,0.12357,0.123,0.12357,-0.00006634,0,-0.00033457,0,9.999999999996123e-06,8.092579104957613e-05
1771775100000,2026-02-22T15:45:00Z,0.12358,0.12374,0.12342,0.12363,1571079.6,194152.687165,0.12357,0.12373,0.12346,0.12363,0.12357,0.12378,0.12353,0.12367,0,-0.00003172,-0.00079663,-0.00079663,-3.999999999999837e-05,-0.00032344141667339186
1771775400000,2026-02-22T15:50:00Z,0.12363,0.12373,0.12349,0.12355,806997.8,99775.776368,0.12363,0.12375,0.12351,0.12354,0.12367,0.12379,0.12354,0.12354,-0.00079663,-0.00004576,-0.00034966,-0.00034966,9.999999999996123e-06,8.094544277154057e-05
1771775700000,2026-02-22T15:55:00Z,0.12355,0.12365,0.12342,0.1235,687889.2,84964.788807,0.12354,0.12364,0.12345,0.12355,0.12354,0.12366,0.1235,0.1236,-0.00034966,0,-0.00001068,-0.00001068,-0.00010000000000000286,-0.0008090614886731623
1771776000000,2026-02-22T16:00:00Z,0.1235,0.12379,0.12347,0.12357,947459.9,117132.987911,0.12355,0.12377,0.12349,0.12357,0.1236,0.12378,0.12356,0.12368,-0.00001068,-0.00015178,-0.00048641,-0.00048641,-0.00010999999999999899,-0.0008893919793014148
1771776300000,2026-02-22T16:05:00Z,0.12357,0.12366,0.12322,0.12339,704433.9,86965.625337,0.12357,0.12366,0.12328,0.12339,0.12368,0.12374,0.12333,0.12347,-0.00048641,-0.00014546,-0.00049307,-0.00014546,-7.999999999999674e-05,-0.0006479306714181318
1771776600000,2026-02-22T16:10:00Z,0.12339,0.12339,0.12284,0.12286,1624058,199870.234753,0.12339,0.12339,0.1229,0.12291,0.12347,0.12347,0.12298,0.12301,-0.00014546,-0.00022011,-0.00031993,-0.00022011,-0.00014999999999999736,-0.0012194130558490965
1771776900000,2026-02-22T16:15:00Z,0.12286,0.12358,0.12277,0.12356,1100805.7,135386.623833,0.12291,0.12356,0.12282,0.12356,0.12301,0.1236,0.12292,0.1236,-0.00022011,-0.00028018,-0.00029321,-0.00028018,-3.999999999999837e-05,-0.0003236245954692425
1771777200000,2026-02-22T16:20:00Z,0.12356,0.12381,0.12341,0.12345,1349545.6,166911.337067,0.12356,0.12377,0.12347,0.12347,0.1236,0.12386,0.12356,0.12356,-0.00028018,-0.00020331,-0.00032317,-0.00020331,-0.00010999999999999899,-0.0008902557461961718
1771777500000,2026-02-22T16:25:00Z,0.12345,0.12349,0.12315,0.12315,365625.2,45090.279621,0.12347,0.12351,0.12321,0.12323,0.12356,0.1236,0.1233,0.12332,-0.00020331,-0.00024295,-0.00044618,-0.00044618,-0.00017000000000000348,-0.0013785274083685005
1771777800000,2026-02-22T16:30:00Z,0.12315,0.12353,0.12302,0.12345,1229719.1,151461.322648,0.12323,0.1235,0.12306,0.12348,0.12332,0.12358,0.12319,0.12356,-0.00044618,0,0,0,-0.00010999999999999899,-0.0008902557461961718
1771778100000,2026-02-22T16:35:00Z,0.12345,0.12409,0.12332,0.12376,1119583,138546.954191,0.12348,0.12408,0.12336,0.12376,0.12356,0.12414,0.12346,0.12382,0,0,-0.00037196,-0.00037196,-6.0000000000004494e-05,-0.00048457438216769906
1771778400000,2026-02-22T16:40:00Z,0.12376,0.12405,0.12366,0.12376,780198.1,96648.987785,0.12376,0.12407,0.12374,0.12376,0.12382,0.12414,0.1238,0.12384,-0.00037196,-0.00033182,-0.00098887,-0.00098887,-8.000000000001062e-05,-0.0006459948320414293
1771778700000,2026-02-22T16:45:00Z,0.12376,0.12404,0.12374,0.12391,377770.4,46805.519235,0.12376,0.12404,0.12374,0.1239,0.12384,0.12412,0.12384,0.124,-0.00098887,-0.00042103,-0.00056258,-0.00042103,-8.999999999999286e-05,-0.0007258064516128457
1771779000000,2026-02-22T16:50:00Z,0.12391,0.12475,0.12384,0.12454,1542122,191828.259475,0.1239,0.12468,0.12384,0.12461,0.124,0.1247,0.12393,0.12468,-0.00042103,0,0,0,-0.00014000000000000123,-0.0011228745588707189
1771779300000,2026-02-22T16:55:00Z,0.12454,0.12513,0.12452,0.12493,1369418.1,171069.174061,0.12461,0.12507,0.1246,0.12498,0.12468,0.12515,0.12468,0.12508,0,-0.00034608,-0.00092534,-0.00092534,-0.00014999999999999736,-0.0011992324912056074
1771779600000,2026-02-22T17:00:00Z,0.12493,0.12506,0.12487,0.12496,765917.4,95723.661625,0.12498,0.12505,0.12487,0.12496,0.12508,0.12517,0.12496,0.12507,-0.00092534,-0.00026345,-0.00029638,-0.00029638,-0.00010999999999998511,-0.0008795074758134254
1771779900000,2026-02-22T17:05:00Z,0.12496,0.12502,0.12425,0.12432,1007690.8,125627.653247,0.12496,0.125,0.12428,0.12433,0.12507,0.12509,0.12437,0.12446,-0.00029638,-0.00069932,-0.00071901,-0.00069932,-0.00014000000000000123,-0.0011248593925759379
1771780200000,2026-02-22T17:10:00Z,0.12432,0.12458,0.12427,0.1244,535534.9,66619.960844,0.12433,0.12456,0.12427,0.1244,0.12446,0.12464,0.12433,0.12442,-0.00069932,-0.00023677,-0.000251,-0.00023677,-2.0000000000006124e-05,-0.00016074586079413376
1771780500000,2026-02-22T17:15:00Z,0.1244,0.12487,0.1244,0.12454,1114079.7,138845.976905,0.1244,0.12486,0.1244,0.12454,0.12442,0.12494,0.12442,0.12462,-0.00023677,0,-0.00051865,-0.00051865,-7.999999999999674e-05,-0.000641951532659258
1771780800000,2026-02-22T17:20:00Z,0.12454,0.12463,0.12439,0.12448,472188.7,58788.835098,0.12454,0.12459,0.12446,0.12448,0.12462,0.1247,0.12453,0.12453,-0.00051865,-0.00042978,-0.00058218,-0.00042978,-5.000000000000837e-05,-0.00040150967638326806
1771781100000,2026-02-22T17:25:00Z,0.12448,0.12473,0.12436,0.1244,605158.5,75366.013239,0.12448,0.12473,0.12437,0.12445,0.12453,0.12479,0.12443,0.1245,-0.00042978,0,0,0,-0.00010000000000000286,-0.0008032128514056455
1771781400000,2026-02-22T17:30:00Z,0.1244,0.1244,0.12317,0.12347,2376217.4,293659.141352,0.12445,0.12445,0.12317,0.12347,0.1245,0.1245,0.12324,0.12349,0,0,-0.000201,0,-2.0000000000006124e-05,-0.0001619564337193791
1771781700000,2026-02-22T17:35:00Z,0.12347,0.1242,0.12347,0.1241,744235.5,92225.530199,0.12347,0.12422,0.12347,0.12416,0.12349,0.12425,0.12349,0.12422,0,0,-0.0000045,-0.0000045,-0.00011999999999999511,-0.0009660280148123902
1771782000000,2026-02-22T17:40:00Z,0.1241,0.12452,0.12409,0.12443,654011.1,81312.053235,0.12416,0.1245,0.1241,0.12443,0.12422,0.12458,0.12416,0.12452,-0.0000045,-0.00021946,-0.00023968,-0.00023968,-9.000000000000674e-05,-0.000722775457757844
1771782300000,2026-02-22T17:45:00Z,0.12443,0.1255,0.12432,0.12508,2002398.4,250537.019524,0.12443,0.12535,0.12434,0.12511,0.12452,0.12541,0.12444,0.12518,-0.00023968,-0.00003551,-0.0005893,-0.0005893,-0.00010000000000001674,-0.0007988496564947814
1771782600000,2026-02-22T17:50:00Z,0.12508,0.12519,0.12459,0.12476,857404.3,107058.908651,0.12511,0.12519,0.12466,0.12476,0.12518,0.1252,0.12478,0.1248,-0.0005893,-0.00031231,-0.0004204,-0.0004204,-3.999999999999837e-05,-0.00032051282051280745
1771782900000,2026-02-22T17:55:00Z,0.12476,0.12491,0.12465,0.12484,367175.6,45817.367355,0.12476,0.1249,0.12468,0.12485,0.1248,0.12497,0.12478,0.12494,-0.0004204,0,-0.00051024,0,-9.999999999998899e-05,-0.000800384184408428
1771783200000,2026-02-22T18:00:00Z,0.12484,0.12495,0.12431,0.12451,886367.9,110450.657758,0.12485,0.12495,0.12433,0.12451,0.12494,0.12503,0.12444,0.12462,0,0,-0.0010057,-0.0010057,-0.00010999999999999899,-0.0008826833574065077
1771783500000,2026-02-22T18:05:00Z,0.12451,0.12452,0.12406,0.12431,521847,64828.94128,0.12451,0.12452,0.12408,0.12431,0.12462,0.12462,0.12414,0.12433,-0.0010057,-0.00002617,-0.00012296,-0.00002617,-1.9999999999992246e-05,-0.00016086222150721665
1771783800000,2026-02-22T18:10:00Z,0.12431,0.12438,0.12401,0.12404,514559.7,63887.687567,0.12431,0.12436,0.12402,0.12405,0.12433,0.1244,0.1241,0.12413,-0.00002617,-0.00018282,-0.00051682,-0.00018282,-9.000000000000674e-05,-0.0007250463224039857
1771784100000,2026-02-22T18:15:00Z,0.12404,0.1242,0.1237,0.12373,431861.1,53544.618167,0.12405,0.12418,0.1238,0.1238,0.12413,0.12427,0.12391,0.12392,-0.00018282,-0.00069951,-0.00083014,-0.00083014,-0.00018999999999999573,-0.001533247256294349
1771784400000,2026-02-22T18:20:00Z,0.12373,0.1238,0.12367,0.12373,181029,22399.432332,0.1238,0.1238,0.12367,0.12378,0.12392,0.12392,0.12373,0.12388,-0.00083014,-0.0003315,-0.00049212,-0.0003315,-0.00014999999999999736,-0.0012108492089118288
1771784700000,2026-02-22T18:25:00Z,0.12373,0.12375,0.1235,0.12356,272686.6,33709.681605,0.12378,0.12378,0.12353,0.12356,0.12388,0.12388,0.12364,0.12367,-0.0003315,-0.00072747,-0.00090603,-0.00090603,-0.00010999999999999899,-0.0008894638958518556
1771785000000,2026-02-22T18:30:00Z,0.12356,0.12367,0.12319,0.12333,709813.8,87596.492956,0.12356,0.12369,0.12323,0.12333,0.12367,0.12379,0.12331,0.12338,-0.00090603,-0.00024809,-0.00072905,-0.00024809,-5.000000000000837e-05,-0.00040525206678560844
1771785300000,2026-02-22T18:35:00Z,0.12333,0.12339,0.12323,0.12324,265626.2,32751.625369,0.12333,0.12339,0.12325,0.12325,0.12338,0.12348,0.12334,0.12336,-0.00024809,0,-0.00076406,-0.00076406,-0.00011999999999999511,-0.0009727626459143572
1771785600000,2026-02-22T18:40:00Z,0.12324,0.12335,0.12311,0.12323,366989.1,45226.967069,0.12325,0.12335,0.12316,0.12317,0.12336,0.12346,0.12327,0.12328,-0.00076406,-0.00008937,-0.00013575,-0.00013575,-4.999999999999449e-05,-0.0004055807916936607
1771785900000,2026-02-22T18:45:00Z,0.12323,0.12337,0.12319,0.12334,257393,31728.968936,0.12317,0.1234,0.12317,0.12334,0.12328,0.1235,0.12328,0.12341,-0.00013575,-0.00010435,-0.00058862,-0.00058862,-7.000000000000062e-05,-0.0005672149744753311
1771786200000,2026-02-22T18:50:00Z,0.12334,0.12364,0.12311,0.12354,585946.2,72315.038118,0.12334,0.12362,0.12319,0.1236,0.12341,0.12369,0.1233,0.12369,-0.00058862,-0.00013617,-0.00021098,-0.00021098,-0.00014999999999999736,-0.0012127091923356567
1771786500000,2026-02-22T18:55:00Z,0.12354,0.12362,0.1234,0.12354,247956.7,30627.009657,0.1236,0.12362,0.12343,0.12356,0.12369,0.1237,0.12353,0.12369,-0.00021098,-0.00007212,-0.00019922,-0.00007212,-0.00014999999999999736,-0.0012127091923356567
1771786800000,2026-02-22T19:00:00Z,0.12354,0.12386,0.12353,0.12373,582394.5,72044.76673,0.12356,0.12387,0.12356,0.12375,0.12369,0.12396,0.12365,0.12386,-0.00007212,-0.0000606,-0.00039841,-0.00039841,-0.00012999999999999123,-0.001049572097529398
1771787100000,2026-02-22T19:05:00Z,0.12373,0.12373,0.12321,0.12324,498138.7,61485.180235,0.12375,0.12375,0.12321,0.12324,0.12386,0.12386,0.12331,0.12331,-0.00039841,-0.0004734,-0.00094028,-0.0004734,-7.000000000000062e-05,-0.0005676749655340249
1771787400000,2026-02-22T19:10:00Z,0.12324,0.12324,0.12217,0.12273,1735033.7,212754.757014,0.12324,0.12324,0.12252,0.12275,0.12331,0.12336,0.1226,0.12286,-0.0004734,-0.00056983,-0.00057419,-0.00057419,-0.00012999999999999123,-0.001058114927559753
1771787700000,2026-02-22T19:15:00Z,0.12273,0.12284,0.12258,0.12284,376220,46162.257994,0.12275,0.12284,0.12262,0.12284,0.12286,0.12294,0.12271,0.12294,-0.00057419,-0.0002842,-0.00084624,-0.00084624,-9.999999999998899e-05,-0.0008134049129655847
1771788000000,2026-02-22T19:20:00Z,0.12284,0.12289,0.1226,0.12275,234271.3,28761.182195,0.12284,0.12288,0.12264,0.12275,0.12294,0.12299,0.12276,0.12283,-0.00084624,-0.00014727,-0.00042551,-0.00014727,-7.999999999999674e-05,-0.0006513066840348184
1771788300000,2026-02-22T19:25:00Z,0.12275,0.12276,0.1225,0.12261,614738.3,75385.372159,0.12275,0.12276,0.12255,0.12267,0.12283,0.12287,0.12266,0.12278,-0.00014727,-0.00040008,-0.00057152,-0.00057152,-0.00017000000000000348,-0.001384590324157057
1771788600000,2026-02-22T19:30:00Z,0.12261,0.12268,0.12236,0.12265,379225.4,46459.833801,0.12267,0.1227,0.12245,0.1227,0.12278,0.1228,0.12254,0.1228,-0.00057152,-0.00014927,-0.00025044,-0.00014927,-0.00015000000000001124,-0.0012214983713355963
1771788900000,2026-02-22T19:35:00Z,0.12265,0.12273,0.12255,0.12264,314969.4,38624.606596,0.1227,0.12272,0.12258,0.12264,0.1228,0.1228,0.12268,0.12272,-0.00014927,-0.00014243,-0.00029721,-0.00014243,-7.999999999999674e-05,-0.0006518904823989304
1771789200000,2026-02-22T19:40:00Z,0.12264,0.12276,0.12255,0.12276,350204.7,42957.902554,0.12264,0.12276,0.12258,0.12276,0.12272,0.12284,0.1227,0.12282,-0.00014243,-0.00004885,-0.0000678,-0.00004885,-6.0000000000004494e-05,-0.0004885197850513312
1771789500000,2026-02-22T19:45:00Z,0.12276,0.123,0.12271,0.12289,212791,26141.024105,0.12276,0.12299,0.12271,0.12289,0.12282,0.12305,0.1228,0.12296,-0.00004885,-0.00040133,-0.00076666,-0.00040133,-7.000000000000062e-05,-0.0005692908262849757
1771789800000,2026-02-22T19:50:00Z,0.12289,0.123,0.12283,0.12289,290225.4,35670.987423,0.12289,0.12299,0.12283,0.1229,0.12296,0.12306,0.12292,0.12298,-0.00040133,-0.00005844,-0.00038683,-0.00038683,-9.000000000000674e-05,-0.0007318263132217169
1771790100000,2026-02-22T19:55:00Z,0.12289,0.12301,0.12282,0.12284,316351.2,38891.43547,0.1229,0.12299,0.12285,0.12288,0.12298,0.12306,0.12291,0.12296,-0.00038683,0,-0.00022882,-0.00022882,-0.00011999999999999511,-0.0009759271307741957
1771790400000,2026-02-22T20:00:00Z,0.12284,0.12287,0.12253,0.12253,603974.4,74089.395806,0.12288,0.1229,0.12258,0.12258,0.12296,0.123,0.1227,0.1227,-0.00022882,-0.00034117,-0.00062534,-0.00034117,-0.00017000000000000348,-0.0013854930725346656
1771790700000,2026-02-22T20:05:00Z,0.12253,0.12271,0.12228,0.12233,263671.6,32307.040396,0.12258,0.12271,0.12231,0.12233,0.1227,0.12274,0.12234,0.12239,-0.00034117,-0.00022499,-0.00041254,-0.00041254,-6.0000000000004494e-05,-0.0004902361304028474
1771791000000,2026-02-22T20:10:00Z,0.12233,0.12243,0.12209,0.12224,831078.3,101553.55313,0.12233,0.12239,0.12215,0.12225,0.12239,0.1224,0.12222,0.12234,-0.00041254,-0.00018942,-0.00058318,-0.00058318,-0.00010000000000000286,-0.0008173941474579276
1771791300000,2026-02-22T20:15:00Z,0.12224,0.12241,0.12205,0.12234,598865.9,73199.106011,0.12225,0.12241,0.12206,0.12234,0.12234,0.12247,0.12216,0.12243,-0.00058318,-0.00012587,-0.00031087,-0.00031087,-8.999999999999286e-05,-0.0007351139426610542
1771791600000,2026-02-22T20:20:00Z,0.12234,0.12246,0.12227,0.12235,183390.8,22443.633539,0.12234,0.12246,0.12232,0.12239,0.12243,0.12256,0.1224,0.1225,-0.00031087,-0.00022685,-0.00038502,-0.00022685,-0.00014999999999999736,-0.0012244897959183458
1771791900000,2026-02-22T20:25:00Z,0.12235,0.12235,0.12194,0.1222,602369,73545.373857,0.12239,0.12239,0.12207,0.1222,0.1225,0.1225,0.12215,0.12228,-0.00022685,-0.00031079,-0.00051006,-0.00051006,-7.999999999999674e-05,-0.0006542361792606865
1771792200000,2026-02-22T20:30:00Z,0.1222,0.1223,0.12202,0.12211,309829.9,37854.860808,0.1222,0.1223,0.12203,0.12211,0.12228,0.1224,0.12216,0.1222,-0.00051006,-0.00054952,-0.00108375,-0.00054952,-9.000000000000674e-05,-0.0007364975450082384
1771792500000,2026-02-22T20:35:00Z,0.12211,0.12218,0.12196,0.12212,310103.7,37848.518722,0.12211,0.12217,0.12204,0.12212,0.1222,0.12228,0.12218,0.12222,-0.00054952,-0.0005031,-0.00075376,-0.00075376,-9.999999999998899e-05,-0.0008181966944852642
1771792800000,2026-02-22T20:40:00Z,0.12212,0.12216,0.122,0.12214,199544.9,24363.345422,0.12212,0.12217,0.12208,0.12214,0.12222,0.12228,0.12218,0.12223,-0.00075376,-0.00018713,-0.00062869,-0.00062869,-9.000000000000674e-05,-0.000736316779841338
1771793100000,2026-02-22T20:45:00Z,0.12214,0.1222,0.12211,0.12212,91603.9,11189.839357,0.12214,0.12218,0.12212,0.12217,0.12223,0.12225,0.12221,0.12225,-0.00062869,-0.00016872,-0.00033837,-0.00033837,-0.00012999999999999123,-0.0010633946830265132
1771793400000,2026-02-22T20:50:00Z,0.12212,0.12213,0.12118,0.12134,3743234.7,455294.654394,0.12217,0.12218,0.12128,0.12134,0.12225,0.12228,0.12134,0.12134,-0.00033837,0,0,0,0.0,0.0
1771793700000,2026-02-22T20:55:00Z,0.12134,0.12177,0.12128,0.12165,975299.7,118496.499663,0.12134,0.12181,0.12133,0.12165,0.12134,0.12187,0.12134,0.1217,0,-0.00060803,-0.00066631,-0.00066631,-5.000000000000837e-05,-0.0004108463434676119
1771794000000,2026-02-22T21:00:00Z,0.12165,0.12205,0.12165,0.1218,458495.4,55909.341707,0.12165,0.12206,0.12165,0.1218,0.1217,0.12216,0.1217,0.12192,-0.00066631,0,-0.00003046,-0.00003046,-0.00011999999999999511,-0.0009842519685038969
1771794300000,2026-02-22T21:05:00Z,0.1218,0.12193,0.12172,0.12172,190870.7,23252.575907,0.1218,0.12188,0.12172,0.12175,0.12192,0.12198,0.12184,0.12188,-0.00003046,-0.0001227,-0.00027226,-0.00027226,-0.00016000000000000736,-0.001312766655727005
1771794600000,2026-02-22T21:10:00Z,0.12172,0.12181,0.12153,0.12164,624302,75950.3023,0.12175,0.12181,0.12153,0.12164,0.12188,0.12194,0.12163,0.12172,-0.00027226,-0.00006778,-0.00071764,-0.00006778,-7.999999999999674e-05,-0.0006572461386789085
1771794900000,2026-02-22T21:15:00Z,0.12164,0.12196,0.12163,0.12173,534313.5,65072.132066,0.12164,0.12196,0.12163,0.12176,0.12172,0.12199,0.1217,0.12184,-0.00006778,0,-0.00042221,-0.00042221,-0.00010999999999999899,-0.0009028233749179168
1771795200000,2026-02-22T21:20:00Z,0.12173,0.12182,0.1216,0.12161,788055.4,95919.4767,0.12176,0.12183,0.12165,0.1217,0.12184,0.12189,0.12172,0.12178,-0.00042221,0,-0.00007874,-0.00007874,-0.00017000000000000348,-0.0013959599277385735
1771795500000,2026-02-22T21:25:00Z,0.12161,0.12164,0.1203,0.12079,4527572,546906.409703,0.1217,0.1217,0.12048,0.12079,0.12178,0.12178,0.1206,0.12081,-0.00007874,-0.00017761,-0.00066265,-0.00066265,-2.0000000000006124e-05,-0.0001655492095025753
1771795800000,2026-02-22T21:30:00Z,0.12079,0.12128,0.12066,0.12124,1546825.9,187047.305012,0.12079,0.12126,0.12068,0.12124,0.12081,0.12136,0.12075,0.12136,-0.00066265,-0.00032876,-0.00133465,-0.00032876,-0.00011999999999999511,-0.0009887936717204607
1771796100000,2026-02-22T21:35:00Z,0.12124,0.12186,0.12123,0.12186,815793.2,99098.289269,0.12124,0.12186,0.12124,0.12186,0.12136,0.12193,0.12134,0.12193,-0.00032876,0,-0.0001295,0,-7.000000000000062e-05,-0.0005740998933814535
1771796400000,2026-02-22T21:40:00Z,0.12186,0.12235,0.12154,0.12186,1570260.1,191493.13291,0.12186,0.12232,0.12164,0.12191,0.12193,0.12238,0.12172,0.122,0,0,-0.00081576,-0.00081576,-0.00014000000000000123,-0.0011475409836065676
1771796700000,2026-02-22T21:45:00Z,0.12186,0.12214,0.12161,0.12175,616090.9,75080.540201,0.12191,0.12214,0.12166,0.12176,0.122,0.1222,0.12178,0.12187,-0.00081576,-0.00033431,-0.00044316,-0.00044316,-0.00012000000000000899,-0.0009846557807500532
1771797000000,2026-02-22T21:50:00Z,0.12175,0.12185,0.12168,0.12179,468290.5,57014.464415,0.12176,0.12185,0.12168,0.12179,0.12187,0.12192,0.12179,0.1219,-0.00044316,-0.00011525,-0.00045241,-0.00011525,-0.00010999999999999899,-0.0009023789991796472
1771797300000,2026-02-22T21:55:00Z,0.12179,0.12185,0.12168,0.12172,213088,25941.271242,0.12179,0.12185,0.12169,0.12172,0.1219,0.12193,0.12184,0.12186,-0.00011525,-0.00063384,-0.00068069,-0.00068069,-0.00014000000000000123,-0.0011488593467914102
1771797600000,2026-02-22T22:00:00Z,0.12172,0.122,0.1217,0.12195,385797.1,47023.422093,0.12172,0.12197,0.1217,0.12195,0.12186,0.12207,0.12184,0.12204,-0.00068069,-0.00054173,-0.00056893,-0.00056893,-8.999999999999286e-05,-0.0007374631268435994
1771797900000,2026-02-22T22:05:00Z,0.12195,0.12206,0.12182,0.12192,352504.4,42986.414564,0.12195,0.12207,0.12187,0.12192,0.12204,0.12215,0.12194,0.12202,-0.00056893,-0.00003435,-0.00038836,-0.00003435,-0.00010000000000000286,-0.0008195377806917134
1771798200000,2026-02-22T22:10:00Z,0.12192,0.12196,0.1217,0.12181,370500.4,45139.238665,0.12192,0.12199,0.12172,0.12187,0.12202,0.12209,0.12183,0.12199,-0.00003435,-0.0000059,-0.00038357,-0.0000059,-0.0001799999999999996,-0.0014755307812115714
1771798500000,2026-02-22T22:15:00Z,0.12181,0.12195,0.12174,0.12185,181839.7,22158.131657,0.12187,0.12194,0.12178,0.12185,0.12199,0.12202,0.12191,0.12197,-0.0000059,-0.00044663,-0.00054418,-0.00044663,-0.00011999999999999511,-0.0009838484873329106
1771798800000,2026-02-22T22:20:00Z,0.12185,0.12241,0.12185,0.12217,612813.2,74907.360647,0.12185,0.12241,0.12185,0.12218,0.12197,0.12248,0.12197,0.12228,-0.00044663,0,0,0,-0.00010999999999999899,-0.0008995747464834722
1771799100000,2026-02-22T22:25:00Z,0.12217,0.12217,0.12166,0.1217,464345.4,56596.579117,0.12218,0.12218,0.12177,0.12177,0.12228,0.12228,0.12192,0.12192,0,-0.00027898,-0.00072213,-0.00072213,-0.00021999999999999797,-0.0018044619422572011
1771799400000,2026-02-22T22:30:00Z,0.1217,0.12176,0.12134,0.12173,430147.8,52278.872196,0.12177,0.12177,0.12141,0.12173,0.12192,0.12192,0.12151,0.12177,-0.00072213,-0.0000745,-0.00014767,-0.00014767,-3.999999999999837e-05,-0.00032848813336616874
1771799700000,2026-02-22T22:35:00Z,0.12173,0.12185,0.1216,0.1218,177537.1,21610.453434,0.12173,0.12183,0.12162,0.12181,0.12177,0.1219,0.12173,0.1219,-0.00014767,0,0,0,-9.999999999998899e-05,-0.0008203445447086874
1771800000000,2026-02-22T22:40:00Z,0.1218,0.12194,0.12177,0.12182,215039.7,26203.801835,0.12181,0.12195,0.12179,0.12185,0.1219,0.12208,0.12186,0.122,0,-0.00062747,-0.00066426,-0.00062747,-0.0001799999999999996,-0.0014754098360655705
1771800300000,2026-02-22T22:45:00Z,0.12182,0.12185,0.12165,0.12183,86200.3,10495.957403,0.12185,0.12187,0.12165,0.12185,0.122,0.122,0.1218,0.12197,-0.00062747,-0.00034656,-0.00038876,-0.00038876,-0.00014000000000000123,-0.001147823235221786
1771800600000,2026-02-22T22:50:00Z,0.12183,0.12207,0.12183,0.12206,256964.6,31335.949121,0.12185,0.12207,0.12184,0.12206,0.12197,0.12219,0.12195,0.12213,-0.00038876,-0.00020946,-0.00063622,-0.00063622,-7.000000000000062e-05,-0.000573159747809716
1771800900000,2026-02-22T22:55:00Z,0.12206,0.12214,0.1218,0.1218,94532.6,11534.47649,0.12206,0.12214,0.12184,0.12184,0.12213,0.12221,0.12198,0.12198,-0.00063622,-0.00038845,-0.00088347,-0.00038845,-0.0001799999999999996,-0.0014756517461878963
1771801200000,2026-02-22T23:00:00Z,0.1218,0.12223,0.1218,0.12223,295425.8,36040.391493,0.12184,0.12223,0.12182,0.12223,0.12198,0.12236,0.12196,0.12236,-0.00038845,-0.00036274,-0.00036676,-0.00036274,-0.00012999999999999123,-0.0010624387054592288
1771801500000,2026-02-22T23:05:00Z,0.12223,0.12253,0.12221,0.12221,655201.6,80192.422488,0.12223,0.12253,0.12223,0.12229,0.12236,0.12262,0.12236,0.12242,-0.00036274,0,-0.00054713,0,-0.00021000000000000185,-0.0017154059794151433
1771801800000,2026-02-22T23:10:00Z,0.12221,0.12236,0.12198,0.12231,449800.8,54950.276903,0.12229,0.12238,0.12201,0.12231,0.12242,0.12252,0.12214,0.1224,0,-0.0004686,-0.00060924,-0.00060924,-8.999999999999286e-05,-0.0007352941176470006
1771802100000,2026-02-22T23:15:00Z,0.12231,0.12273,0.1223,0.12248,674251,82616.742065,0.12231,0.12269,0.1223,0.12251,0.1224,0.12279,0.1224,0.12266,-0.00060924,-0.00061083,-0.00077322,-0.00061083,-0.0001799999999999996,-0.001467471058209682
1771802400000,2026-02-22T23:20:00Z,0.12248,0.12248,0.12213,0.12226,403483.4,49338.271154,0.12251,0.12251,0.12219,0.12226,0.12266,0.12266,0.12228,0.12232,-0.00061083,-0.00079681,-0.00082055,-0.00082055,-6.0000000000004494e-05,-0.000490516677567074
1771802700000,2026-02-22T23:25:00Z,0.12226,0.1226,0.12192,0.12229,1171365.4,143167.186444,0.12226,0.12237,0.12199,0.12229,0.12232,0.12252,0.1221,0.12244,-0.00082055,-0.00046301,-0.00084763,-0.00084763,-0.00014999999999999736,-0.0012250898399215728
1771803000000,2026-02-22T23:30:00Z,0.12229,0.12235,0.12219,0.12222,220044.1,26904.166391,0.12229,0.12236,0.12222,0.12222,0.12244,0.12249,0.12238,0.12238,-0.00084763,-0.00051608,-0.00078583,-0.00051608,-0.00016000000000000736,-0.0013074031704527484
1771803300000,2026-02-22T23:35:00Z,0.12222,0.12222,0.122,0.12207,230883.9,28197.396624,0.12222,0.12223,0.122,0.12207,0.12238,0.1224,0.1222,0.12224,-0.00051608,-0.00123604,-0.00125993,-0.00125993,-0.00017000000000000348,-0.001390706806282751
1771803600000,2026-02-22T23:40:00Z,0.12207,0.12213,0.12163,0.1218,914607.2,111405.719596,0.12207,0.12213,0.1217,0.1218,0.12224,0.12228,0.12189,0.12191,-0.00125993,-0.00064821,-0.00077638,-0.00064821,-0.00010999999999999899,-0.0009023049790829217
1771803900000,2026-02-22T23:45:00Z,0.1218,0.12192,0.12173,0.12189,352050.6,42889.222756,0.1218,0.12191,0.12173,0.12189,0.12191,0.12201,0.12188,0.12201,-0.00064821,-0.00062258,-0.00063649,-0.00062258,-0.00011999999999999511,-0.0009835259404966405
1771804200000,2026-02-22T23:50:00Z,0.12189,0.12234,0.12188,0.12229,307080.6,37513.204029,0.12189,0.12235,0.12189,0.12229,0.12201,0.12246,0.12201,0.1224,-0.00062258,-0.00018766,-0.00061192,-0.00018766,-0.00010999999999999899,-0.000898692810457508
1771804500000,2026-02-22T23:55:00Z,0.12229,0.12262,0.12222,0.12223,262095.5,32097.862296,0.12229,0.12262,0.12222,0.12223,0.1224,0.12272,0.12234,0.12234,-0.00018766,-0.00097742,-0.00126277,-0.00126277,-0.00010999999999999899,-0.0008991335622036863
1771804800000,2026-02-23T00:00:00Z,0.12223,0.12297,0.12211,0.12249,2534651.1,310849.601579,0.12223,0.12297,0.12214,0.12252,0.12234,0.12305,0.12228,0.12264,-0.00126277,-0.0001051,-0.00044381,-0.00044381,-0.00014999999999999736,-0.0012230919765166125
1771805100000,2026-02-23T00:05:00Z,0.12249,0.12249,0.12185,0.12203,897997.4,109632.689498,0.12252,0.12252,0.12189,0.12203,0.12264,0.12264,0.122,0.12212,-0.00044381,-0.00041567,-0.0005208,-0.0005208,-9.000000000000674e-05,-0.0007369800196528557
1771805400000,2026-02-23T00:10:00Z,0.12203,0.12223,0.12188,0.12203,551403.1,67285.014026,0.12203,0.12219,0.1219,0.12203,0.12212,0.12228,0.12203,0.12213,-0.0005208,-0.00037268,-0.00052375,-0.00037268,-0.00010000000000000286,-0.0008187996397281819
1771805700000,2026-02-23T00:15:00Z,0.12203,0.12207,0.12168,0.12171,566410.6,68995.150945,0.12203,0.12207,0.12171,0.12171,0.12213,0.12219,0.12186,0.12186,-0.00037268,-0.00096063,-0.00116852,-0.00116852,-0.00014999999999999736,-0.0012309207287050498
1771806000000,2026-02-23T00:20:00Z,0.12171,0.12183,0.12135,0.12174,1774797.6,215724.593268,0.12171,0.12183,0.12139,0.1218,0.12186,0.12192,0.12152,0.1219,-0.00116852,-0.0002227,-0.00089006,-0.0002227,-0.00015999999999999348,-0.001312551271533991
1771806300000,2026-02-23T00:25:00Z,0.12174,0.12205,0.12172,0.12181,770894.7,93960.604347,0.1218,0.12207,0.12175,0.12186,0.1219,0.12217,0.12184,0.12197,-0.0002227,-0.0002949,-0.00077593,-0.00077593,-0.00015999999999999348,-0.0013117979831105476
1771806600000,2026-02-23T00:30:00Z,0.12181,0.12181,0.12125,0.12137,769983.9,93490.01523,0.12186,0.12186,0.12129,0.12137,0.12197,0.12197,0.12136,0.12144,-0.00077593,-0.00021604,-0.00036563,-0.00021604,-7.000000000000062e-05,-0.0005764163372859076
1771806900000,2026-02-23T00:35:00Z,0.12137,0.12152,0.12091,0.12099,1539470.7,186533.210417,0.12137,0.1215,0.12092,0.12099,0.12144,0.12158,0.12099,0.12103,-0.00021604,0,-0.00030242,0,-3.999999999999837e-05,-0.0003304965710980614
1771807200000,2026-02-23T00:40:00Z,0.12099,0.12152,0.12055,0.12142,2427648.3,293620.523204,0.12099,0.12148,0.12067,0.12143,0.12103,0.12149,0.12072,0.12149,0,0,-0.00015498,-0.00015498,-7.000000000000062e-05,-0.0005761791093917245
1771807500000,2026-02-23T00:45:00Z,0.12142,0.12187,0.12125,0.12186,936244.8,113815.35124,0.12143,0.12186,0.12127,0.12186,0.12149,0.12194,0.12135,0.12192,-0.00015498,-0.00022936,-0.00080943,-0.00022936,-6.0000000000004494e-05,-0.0004921259842520054
1771807800000,2026-02-23T00:50:00Z,0.12186,0.12199,0.12152,0.12152,318954,38837.726435,0.12186,0.12197,0.12155,0.12155,0.12192,0.12202,0.12164,0.12168,-0.00022936,-0.00070208,-0.00077561,-0.00070208,-0.00015999999999999348,-0.0013149243918474153
1771808100000,2026-02-23T00:55:00Z,0.12152,0.12162,0.12055,0.12065,1301052.5,157377.708222,0.12155,0.12158,0.1206,0.12065,0.12168,0.1217,0.1207,0.12076,-0.00070208,-0.00045656,-0.00057009,-0.00057009,-0.00011000000000001287,-0.0009108976482279965
1771808400000,2026-02-23T01:00:00Z,0.12065,0.12082,0.11617,0.11881,27010348.5,3197103.018777,0.12065,0.12082,0.11637,0.11883,0.12076,0.12085,0.1165,0.11892,-0.00057009,0,-0.00076078,0,-0.00010999999999999899,-0.000924991590985528
1771808700000,2026-02-23T01:05:00Z,0.11881,0.11893,0.11597,0.11681,8135299.7,953587.914525,0.11883,0.11889,0.11617,0.11688,0.11892,0.11895,0.11625,0.11697,0,-0.00025614,-0.00092497,-0.00025614,-0.00016000000000000736,-0.0013678721039583428
1771809000000,2026-02-23T01:10:00Z,0.11681,0.11766,0.11614,0.117,6225902.2,727543.37268,0.11688,0.11768,0.11621,0.11705,0.11697,0.11777,0.1163,0.11719,-0.00025614,-0.00002633,-0.00135784,-0.00135784,-0.00018999999999999573,-0.0016212987456267235
1771809300000,2026-02-23T01:15:00Z,0.117,0.11716,0.11466,0.11524,8270546.1,958366.273402,0.11705,0.11713,0.11496,0.11524,0.11719,0.11719,0.11503,0.11533,-0.00135784,0,-0.00047073,-0.00047073,-9.000000000000674e-05,-0.0007803693748374815
1771809600000,2026-02-23T01:20:00Z,0.11524,0.11579,0.11471,0.1152,4915117.6,566919.047765,0.11524,0.11577,0.11479,0.11525,0.11533,0.11586,0.11494,0.1154,-0.00047073,-0.00048717,-0.00201064,-0.00201064,-0.00020000000000000573,-0.0017331022530329785
1771809900000,2026-02-23T01:25:00Z,0.1152,0.116,0.115,0.11553,2410727.4,278232.798379,0.11525,0.11599,0.11507,0.11556,0.1154,0.11606,0.11522,0.1157,-0.00201064,-0.00090851,-0.00139613,-0.00090851,-0.00017000000000000348,-0.0014693171996543084
1771810200000,2026-02-23T01:30:00Z,0.11553,0.11601,0.11511,0.11572,2732252.6,315683.945429,0.11556,0.11599,0.11516,0.11572,0.1157,0.11609,0.11526,0.11576,-0.00090851,-0.00020438,-0.00076292,-0.00020438,-3.999999999999837e-05,-0.0003455425017276984
1771810500000,2026-02-23T01:35:00Z,0.11572,0.11658,0.11533,0.11616,2544188.9,295013.12335,0.11572,0.11621,0.11539,0.1162,0.11576,0.11627,0.11544,0.11626,-0.00020438,-0.00017539,-0.00032262,-0.00032262,-0.00010000000000000286,-0.0008601410631343786
1771810800000,2026-02-23T01:40:00Z,0.11616,0.11638,0.11583,0.116,1412144.1,163967.061149,0.1162,0.11636,0.11589,0.116,0.11626,0.11639,0.11598,0.1161,-0.00032262,-0.00017559,-0.00032779,-0.00017559,-9.999999999998899e-05,-0.0008613264427216967
1771811100000,2026-02-23T01:45:00Z,0.116,0.11619,0.11441,0.11545,5196153.6,599730.45309,0.116,0.11619,0.11459,0.11551,0.1161,0.11624,0.11456,0.1156,-0.00017559,0,0,0,-0.00014999999999999736,-0.0012975778546712574
1771811400000,2026-02-23T01:50:00Z,0.11545,0.11622,0.11518,0.11543,3081894.4,356454.971705,0.11551,0.11616,0.11527,0.11543,0.1156,0.11625,0.11532,0.1155,0,-0.00023687,-0.00069557,-0.00023687,-7.000000000000062e-05,-0.0006060606060606114
1771811700000,2026-02-23T01:55:00Z,0.11543,0.1163,0.11509,0.11518,1441718.4,166848.666713,0.11543,0.11632,0.11515,0.11518,0.1155,0.11638,0.1152,0.11524,-0.00023687,0,-0.00075903,-0.00075903,-5.9999999999990616e-05,-0.0005206525511974194
1771812000000,2026-02-23T02:00:00Z,0.11518,0.1158,0.11505,0.11562,1406346.6,162307.741231,0.11518,0.11579,0.11511,0.11562,0.11524,0.11581,0.1152,0.1157,-0.00075903,0,-0.00062124,-0.00062124,-7.999999999999674e-05,-0.0006914433880725735
1771812300000,2026-02-23T02:05:00Z,0.11562,0.11619,0.11556,0.11616,1650481.5,191188.122044,0.11562,0.11612,0.11557,0.11612,0.1157,0.11617,0.11566,0.11614,-0.00062124,-0.00037995,-0.00113626,-0.00037995,2.0000000000006124e-05,0.00017220595832621082
1771812600000,2026-02-23T02:10:00Z,0.11616,0.11633,0.11562,0.11587,1103707.4,127976.594017,0.11612,0.11632,0.11567,0.11587,0.11614,0.11639,0.11578,0.11594,-0.00037995,-0.00011977,-0.00048097,-0.00048097,-7.000000000000062e-05,-0.000603760565809907
1771812900000,2026-02-23T02:15:00Z,0.11587,0.11601,0.11539,0.11566,1185579.1,137092.791723,0.11587,0.11596,0.11541,0.11566,0.11594,0.11598,0.11554,0.1157,-0.00048097,0,-0.00079583,0,-3.999999999999837e-05,-0.0003457216940362867
1771813200000,2026-02-23T02:20:00Z,0.11566,0.11614,0.1156,0.11565,761546.7,88260.054218,0.11566,0.11614,0.11566,0.11568,0.1157,0.11616,0.1157,0.11578,0,-0.00004122,-0.00018191,-0.00004122,-0.00012999999999999123,-0.0011228191397477218
1771813500000,2026-02-23T02:25:00Z,0.11565,0.11575,0.11531,0.11551,945445.6,109179.076612,0.11568,0.11575,0.11534,0.11553,0.11578,0.1158,0.11546,0.11562,-0.00004122,-0.0003429,-0.00046441,-0.0003429,-0.00010999999999999899,-0.000951392492648322
1771813800000,2026-02-23T02:30:00Z,0.11551,0.11577,0.11526,0.11557,1257197,145248.342437,0.11553,0.11576,0.11532,0.11557,0.11562,0.11582,0.11541,0.11561,-0.0003429,-0.0004101,-0.00061425,-0.0004101,-3.999999999999837e-05,-0.00034599083124295794
1771814100000,2026-02-23T02:35:00Z,0.11557,0.11577,0.11538,0.1156,1026952,118629.681497,0.11557,0.11577,0.11541,0.1156,0.11561,0.1158,0.1155,0.1157,-0.0004101,-0.00000484,-0.00050596,-0.00000484,-0.00010000000000000286,-0.0008643042350907767
1771814400000,2026-02-23T02:40:00Z,0.1156,0.11633,0.11558,0.11588,2627589.6,304536.304682,0.1156,0.11627,0.11558,0.11588,0.1157,0.11635,0.1157,0.11596,-0.00000484,0,-0.00034323,-0.00034323,-7.999999999999674e-05,-0.0006898930665746528
1771814700000,2026-02-23T02:45:00Z,0.11588,0.11606,0.11534,0.1155,1432563.7,165845.893586,0.11588,0.11606,0.11538,0.1155,0.11596,0.11609,0.11548,0.1155,-0.00034323,-0.00006912,-0.0008974,-0.0008974,0.0,0.0
1771815000000,2026-02-23T02:50:00Z,0.1155,0.11568,0.11532,0.11535,508717.8,58761.63631,0.1155,0.11567,0.11535,0.11535,0.1155,0.11571,0.11544,0.11544,-0.0008974,-0.00005826,-0.00053436,-0.00053436,-9.000000000000674e-05,-0.000779625779625838
1771815300000,2026-02-23T02:55:00Z,0.11535,0.11561,0.11527,0.11558,687483.8,79342.270844,0.11535,0.11563,0.11534,0.11559,0.11544,0.11569,0.1154,0.11565,-0.00053436,0,-0.00007521,0,-7.000000000000062e-05,-0.0006052745352356301
1771815600000,2026-02-23T03:00:00Z,0.11558,0.1161,0.11557,0.11569,1453934.1,168375.486106,0.11559,0.11602,0.11559,0.11569,0.11565,0.11609,0.11565,0.11574,0,0,-0.00000094,0,-4.999999999999449e-05,-0.00043200276481764727
1771815900000,2026-02-23T03:05:00Z,0.11569,0.11625,0.11561,0.11596,844042.1,97910.161983,0.11569,0.11625,0.11567,0.11601,0.11574,0.1163,0.11574,0.1161,0,0,-0.0001217,-0.0001217,-0.00014000000000000123,-0.001205857019810519
1771816200000,2026-02-23T03:10:00Z,0.11596,0.11601,0.11561,0.11598,458493.3,53093.163136,0.11601,0.11601,0.11564,0.11598,0.1161,0.1161,0.11574,0.11603,-0.0001217,0,-0.0001135,-0.0001135,-4.999999999999449e-05,-0.00043092303714551837
1771816500000,2026-02-23T03:15:00Z,0.11598,0.11601,0.11545,0.11569,1145553.8,132553.47219,0.11598,0.11603,0.11548,0.1157,0.11603,0.11609,0.11556,0.11576,-0.0001135,0,-0.00007114,0,-7.000000000000062e-05,-0.0006046993780235022
1771816800000,2026-02-23T03:20:00Z,0.11569,0.11578,0.1155,0.11559,697892.7,80701.037122,0.1157,0.11578,0.11551,0.11559,0.11576,0.11584,0.11558,0.1156,0,0,0,0,-9.999999999996123e-06,-8.650519031138515e-05
1771817100000,2026-02-23T03:25:00Z,0.11559,0.11569,0.11517,0.11528,588347.2,67879.73682,0.11559,0.11572,0.11522,0.11531,0.1156,0.11578,0.11532,0.11539,0,0,-0.00005136,-0.00005136,-0.00011000000000001287,-0.0009532888465206071
1771817400000,2026-02-23T03:30:00Z,0.11528,0.11534,0.1149,0.11492,1301882.4,149869.863214,0.11531,0.11534,0.11494,0.11494,0.11539,0.11541,0.11503,0.11503,-0.00005136,0,-0.00004901,0,-0.00010999999999999899,-0.0009562722767973485
1771817700000,2026-02-23T03:35:00Z,0.11492,0.11526,0.11476,0.11515,1030997.6,118560.355529,0.11494,0.11524,0.11482,0.11517,0.11503,0.11529,0.1149,0.11524,0,0,-0.00040739,0,-8.999999999999286e-05,-0.0007809788267961894
1771818000000,2026-02-23T03:40:00Z,0.11515,0.11588,0.11506,0.11588,1393892,160696.469922,0.11517,0.11588,0.11507,0.11588,0.11524,0.11589,0.11514,0.11589,0,-0.00005832,-0.00010924,-0.00010924,-1.0000000000010001e-05,-8.628872206411252e-05
1771818300000,2026-02-23T03:45:00Z,0.11588,0.11599,0.11565,0.11567,764409.9,88517.706254,0.11588,0.11599,0.11567,0.11567,0.11589,0.11604,0.11571,0.11573,-0.00010924,-0.00026052,-0.0005302,-0.00026052,-6.0000000000004494e-05,-0.000518448111984831
1771818600000,2026-02-23T03:50:00Z,0.11567,0.11572,0.11532,0.11561,696006.5,80398.301454,0.11567,0.11574,0.11532,0.11561,0.11573,0.11579,0.1154,0.11566,-0.00026052,-0.00002846,-0.00050726,-0.00050726,-4.999999999999449e-05,-0.0004323015735776802
1771818900000,2026-02-23T03:55:00Z,0.11561,0.1157,0.11546,0.1155,477042.3,55140.511077,0.11561,0.11575,0.11548,0.1155,0.11566,0.1158,0.11554,0.11558,-0.00050726,0,-0.00050363,-0.00050363,-7.999999999999674e-05,-0.0006921612735767152
1771819200000,2026-02-23T04:00:00Z,0.1155,0.11588,0.11538,0.11541,1047775.2,121135.93513,0.1155,0.11587,0.11541,0.11541,0.11558,0.11588,0.11548,0.11548,-0.00050363,-0.0000809,-0.00020432,-0.00020432,-7.000000000000062e-05,-0.000606165569795641
1771819500000,2026-02-23T04:05:00Z,0.11541,0.11555,0.11482,0.11555,1572127.3,180951.013952,0.11541,0.1156,0.1149,0.1156,0.11548,0.11563,0.11498,0.11563,-0.00020432,0,0,0,-7.999999999999674e-05,-0.0006918619735362514
1771819800000,2026-02-23T04:10:00Z,0.11555,0.11556,0.11533,0.11549,582953.9,67293.828836,0.1156,0.1156,0.11535,0.11549,0.11563,0.11563,0.11544,0.11554,0,-0.00019771,-0.00060397,-0.00060397,-5.000000000000837e-05,-0.0004327505625758038
1771820100000,2026-02-23T04:15:00Z,0.11549,0.11578,0.11516,0.11577,623224.6,71946.9088,0.11549,0.11578,0.11519,0.11577,0.11554,0.11582,0.11528,0.11582,-0.00060397,0,-0.00029574,-0.00029574,-5.000000000000837e-05,-0.000431704368848285
1771820400000,2026-02-23T04:20:00Z,0.11577,0.11594,0.11556,0.11579,623885.3,72195.761674,0.11577,0.11594,0.11556,0.11579,0.11582,0.11597,0.11563,0.11582,-0.00029574,0,-0.0003156,-0.0003156,-3.0000000000002247e-05,-0.00025902262130894703
1771820700000,2026-02-23T04:25:00Z,0.11579,0.1158,0.11546,0.11546,423812.8,49009.282447,0.11579,0.1158,0.11547,0.11553,0.11582,0.11586,0.11555,0.1156,-0.0003156,-0.00008396,-0.00012701,-0.00008396,-0.00014000000000000123,-0.0012110726643598723
1771821000000,2026-02-23T04:30:00Z,0.11546,0.1155,0.11524,0.1153,399092.9,46037.283926,0.11553,0.11553,0.11527,0.1153,0.1156,0.1156,0.11531,0.11531,-0.00008396,0,-0.00042697,-0.00042697,-9.999999999996123e-06,-8.672274737660327e-05
1771821300000,2026-02-23T04:35:00Z,0.1153,0.11531,0.11478,0.11484,1045373.2,120350.573774,0.1153,0.11531,0.11489,0.11489,0.11531,0.11536,0.115,0.115,-0.00042697,-0.00030849,-0.00074383,-0.00074383,-0.00016000000000000736,-0.0013913043478261508
1771821600000,2026-02-23T04:40:00Z,0.11484,0.11512,0.11484,0.11486,583895.4,67133.473951,0.11489,0.11512,0.11485,0.11491,0.115,0.11518,0.11494,0.11502,-0.00074383,0,-0.00087002,-0.00087002,-0.00015999999999999348,-0.001391062423926217
1771821900000,2026-02-23T04:45:00Z,0.11486,0.11515,0.11484,0.11492,1007640.3,115835.404777,0.11491,0.11513,0.11485,0.11495,0.11502,0.11513,0.11494,0.115,-0.00087002,0,-0.00003754,0,-8.000000000001062e-05,-0.0006956521739131358
1771822200000,2026-02-23T04:50:00Z,0.11492,0.11605,0.11491,0.116,2606695.4,301370.79993,0.11495,0.11605,0.11494,0.116,0.115,0.11611,0.11499,0.11608,0,0,-0.00060326,-0.00060326,-7.999999999999674e-05,-0.0006891798759475942
1771822500000,2026-02-23T04:55:00Z,0.116,0.11664,0.116,0.1165,2038444.8,237214.415156,0.116,0.11663,0.116,0.11652,0.11608,0.11669,0.11608,0.11658,-0.00060326,0,-0.00021885,0,-7.999999999999674e-05,-0.0006862240521529999
1771822800000,2026-02-23T05:00:00Z,0.1165,0.11762,0.1163,0.11655,3459078.3,404411.236008,0.11652,0.11738,0.11636,0.11656,0.11658,0.11738,0.11638,0.11659,0,0,0,0,-3.999999999999837e-05,-0.00034308259713524634
1771823100000,2026-02-23T05:05:00Z,0.11655,0.11659,0.11627,0.11653,1251905.9,145717.114908,0.11656,0.11659,0.11631,0.11653,0.11659,0.1166,0.11636,0.11655,0,0,-0.0000695,0,-2.0000000000006124e-05,-0.00017160017160022415
1771823400000,2026-02-23T05:10:00Z,0.11653,0.11707,0.11652,0.11698,1156774.1,135112.647438,0.11653,0.117,0.11652,0.11691,0.11655,0.117,0.11655,0.11691,0,0,-0.00010652,0,7.000000000000062e-05,0.0005987511761183869
1771823700000,2026-02-23T05:15:00Z,0.11698,0.11786,0.1168,0.1177,2706633.4,317461.443635,0.11691,0.11778,0.11685,0.1177,0.11691,0.11779,0.11686,0.1177,0,0,0,0,0.0,0.0
1771824000000,2026-02-23T05:20:00Z,0.1177,0.11778,0.11722,0.11723,766581.9,90085.887036,0.1177,0.11775,0.11729,0.11729,0.1177,0.11779,0.11736,0.11736,0,0,-0.00023845,-0.00023845,-0.0001300000000000051,-0.0011077027948194027
1771824300000,2026-02-23T05:25:00Z,0.11723,0.11726,0.11668,0.11717,899787.7,105187.075514,0.11729,0.11729,0.11672,0.11717,0.11736,0.11736,0.1168,0.11721,-0.00023845,-0.00030678,-0.00038393,-0.00038393,-3.999999999999837e-05,-0.000341267809913816
1771824600000,2026-02-23T05:30:00Z,0.11717,0.11768,0.11717,0.11754,921868.2,108246.080913,0.11717,0.11768,0.11717,0.11754,0.11721,0.11771,0.11721,0.11757,-0.00038393,0,0,0,-2.999999999998837e-05,-0.000255167134472981
1771824900000,2026-02-23T05:35:00Z,0.11754,0.11755,0.117,0.11709,678096,79473.395901,0.11754,0.11754,0.11706,0.11712,0.11757,0.11757,0.11713,0.11718,0,0,-0.00001083,-0.00001083,-9.000000000000674e-05,-0.0007680491551459868
1771825200000,2026-02-23T05:40:00Z,0.11709,0.11729,0.11707,0.11725,362958.4,42535.354523,0.11712,0.1173,0.11709,0.1173,0.11718,0.11737,0.11715,0.11735,-0.00001083,0,-0.00002199,0,-0.00010000000000000286,-0.0008521516829995984
1771825500000,2026-02-23T05:45:00Z,0.11725,0.11737,0.11698,0.11722,701881.5,82264.476532,0.1173,0.11737,0.117,0.11722,0.11735,0.11742,0.11707,0.11728,0,0,-0.00024298,0,-5.9999999999990616e-05,-0.0005115961800817754
1771825800000,2026-02-23T05:50:00Z,0.11722,0.11737,0.11704,0.11735,268636.7,31485.199545,0.11722,0.11735,0.11706,0.11735,0.11728,0.1174,0.11712,0.11738,0,0,-0.0000919,0,-3.0000000000002247e-05,-0.0002555801669790616
1771826100000,2026-02-23T05:55:00Z,0.11735,0.11753,0.11734,0.11748,220243.2,25864.810225,0.11735,0.11754,0.11734,0.1175,0.11738,0.1176,0.11738,0.1176,0,-0.00006133,-0.00018597,-0.00018597,-0.00011999999999999511,-0.0010204081632652646
1771826400000,2026-02-23T06:00:00Z,0.11748,0.11897,0.11748,0.1188,1482999,175379.175897,0.1175,0.11897,0.1175,0.11883,0.1176,0.11901,0.11758,0.11888,-0.00018597,0,-0.00032214,-0.00032214,-7.999999999999674e-05,-0.0006729475100941852
1771826700000,2026-02-23T06:05:00Z,0.1188,0.1201,0.11836,0.11988,2743475.2,326607.186356,0.11883,0.11996,0.11862,0.1199,0.11888,0.12007,0.1187,0.11994,-0.00032214,0,0,0,-6.0000000000004494e-05,-0.0005002501250625687
1771827000000,2026-02-23T06:10:00Z,0.11988,0.1209,0.1197,0.12075,3493616.6,420423.269413,0.1199,0.12084,0.11978,0.12075,0.11994,0.12086,0.1198,0.12077,0,0,0,0,-2.0000000000006124e-05,-0.00016560404073864474
1771827300000,2026-02-23T06:15:00Z,0.12075,0.1215,0.12041,0.12104,3316551.3,401146.593121,0.12075,0.12148,0.12046,0.12106,0.12077,0.12152,0.12049,0.12112,0,0,-0.00017435,-0.00017435,-8.000000000001062e-05,-0.0006605019815060321
1771827600000,2026-02-23T06:20:00Z,0.12104,0.12127,0.12083,0.12106,2152856.5,260653.267364,0.12106,0.12126,0.12086,0.12112,0.12112,0.12132,0.12093,0.12119,-0.00017435,0,-0.00030095,-0.00030095,-0.0001300000000000051,-0.0010726957669775156
1771827900000,2026-02-23T06:25:00Z,0.12106,0.12119,0.12082,0.12109,1433443,173461.198164,0.12112,0.12118,0.12085,0.12112,0.12119,0.12126,0.12093,0.1212,-0.00030095,-0.00004718,-0.00020677,-0.00020677,-0.00010999999999999899,-0.0009075907590758993
1771828200000,2026-02-23T06:30:00Z,0.12109,0.12143,0.12069,0.12097,1183198.7,143206.827429,0.12112,0.12142,0.12078,0.121,0.1212,0.12149,0.12086,0.12108,-0.00020677,0,-0.00056873,-0.00056873,-0.00010999999999999899,-0.0009084902543772629
1771828500000,2026-02-23T06:35:00Z,0.12097,0.12147,0.12086,0.12137,1133771.1,137391.852798,0.121,0.1214,0.12094,0.12137,0.12108,0.12146,0.12101,0.1214,-0.00056873,0,-0.00051955,0,-2.999999999998837e-05,-0.0002471169686984215
1771828800000,2026-02-23T06:40:00Z,0.12137,0.12143,0.12105,0.12118,1271336.1,154100.64808,0.12137,0.12141,0.12114,0.12118,0.1214,0.12146,0.12123,0.12123,0,0,-0.00022493,0,-5.000000000000837e-05,-0.00041243916522319863
1771829100000,2026-02-23T06:45:00Z,0.12118,0.12175,0.12116,0.12158,1491978.6,181267.853436,0.12118,0.1217,0.12116,0.12158,0.12123,0.12173,0.1212,0.12166,0,0,-0.0002802,0,-8.000000000001062e-05,-0.0006575702778235296
1771829400000,2026-02-23T06:50:00Z,0.12158,0.12164,0.1211,0.12145,626838.8,76107.497651,0.12158,0.12161,0.1211,0.12145,0.12166,0.12168,0.1212,0.12148,0,0,-0.00046672,0,-3.0000000000002247e-05,-0.00024695423114917887
1771829700000,2026-02-23T06:55:00Z,0.12145,0.12197,0.1214,0.12172,754154.5,91810.622825,0.12145,0.12198,0.12141,0.12178,0.12148,0.12202,0.12148,0.12182,0,0,0,0,-0.00010000000000000286,-0.0008208832703989728
1771830000000,2026-02-23T07:00:00Z,0.12172,0.12176,0.12078,0.12086,923320.3,111921.466359,0.12178,0.12178,0.12082,0.12086,0.12182,0.12182,0.12092,0.12097,0,-0.00041209,-0.00086071,-0.00041209,-0.00010999999999999899,-0.0009093163594279491
1771830300000,2026-02-23T07:05:00Z,0.12086,0.12122,0.12055,0.121,979016.6,118391.220135,0.12086,0.12118,0.12059,0.12102,0.12097,0.12121,0.1207,0.1211,-0.00041209,0,-0.00059339,-0.00059339,-0.00010000000000000286,-0.0008257638315442021
1771830600000,2026-02-23T07:10:00Z,0.121,0.12126,0.12085,0.12115,736304.5,89122.570679,0.12102,0.12124,0.12092,0.12118,0.1211,0.1213,0.12099,0.12125,-0.00059339,0,0,0,-0.00010000000000000286,-0.0008247422680412608
1771830900000,2026-02-23T07:15:00Z,0.12115,0.12133,0.12072,0.121,1199964.2,145183.237888,0.12118,0.12133,0.12075,0.121,0.12125,0.12138,0.12083,0.12104,0,0,-0.00078829,-0.00078829,-3.999999999999837e-05,-0.0003304692663582152
1771831200000,2026-02-23T07:20:00Z,0.121,0.12123,0.12068,0.12116,1277640,154573.997338,0.121,0.12124,0.12068,0.12116,0.12104,0.1213,0.12074,0.1212,-0.00078829,0,0,0,-3.999999999999837e-05,-0.0003300330033003166
1771831500000,2026-02-23T07:25:00Z,0.12116,0.12159,0.12091,0.12093,795362.2,96459.601387,0.12116,0.12158,0.12096,0.12096,0.1212,0.12158,0.1211,0.1211,0,-0.00035903,-0.00068119,-0.00035903,-0.00017000000000000348,-0.001403798513625132
1771831800000,2026-02-23T07:30:00Z,0.12093,0.12167,0.12093,0.12145,655636.7,79585.23353,0.12096,0.12166,0.12096,0.12145,0.1211,0.12172,0.12106,0.12152,-0.00035903,-0.00055498,-0.00063089,-0.00063089,-7.000000000000062e-05,-0.0005760368663594521
1771832100000,2026-02-23T07:35:00Z,0.12145,0.12179,0.1213,0.12176,1412097.7,171704.950541,0.12145,0.12182,0.12131,0.12176,0.12152,0.12188,0.12139,0.12182,-0.00063089,-0.00029341,-0.00036505,-0.00036505,-6.0000000000004494e-05,-0.0004925299622394064
1771832400000,2026-02-23T07:40:00Z,0.12176,0.12183,0.12137,0.12147,918794.4,111719.000945,0.12176,0.12178,0.12141,0.12148,0.12182,0.12184,0.1215,0.12157,-0.00036505,-0.00011774,-0.00023445,-0.00023445,-0.00010000000000000286,-0.0008225713580653358
1771832700000,2026-02-23T07:45:00Z,0.12147,0.12156,0.12128,0.12155,604444.3,73390.660746,0.12148,0.12155,0.12129,0.12155,0.12157,0.12157,0.12135,0.12156,-0.00023445,0,-0.00002199,0,-9.999999999996123e-06,-8.226390259950743e-05
1771833000000,2026-02-23T07:50:00Z,0.12155,0.12162,0.12137,0.12137,386280.2,46932.80085,0.12155,0.12162,0.1214,0.1214,0.12156,0.12166,0.12149,0.12149,0,0,-0.00035688,-0.00035688,-0.00011999999999999511,-0.0009877356161000503
1771833300000,2026-02-23T07:55:00Z,0.12137,0.12138,0.12102,0.12108,493397,59813.191595,0.1214,0.1214,0.12105,0.12108,0.12149,0.12149,0.12109,0.12115,-0.00035688,-0.00031461,-0.00033915,-0.00031461,-7.000000000000062e-05,-0.0005777961205117674
1771833600000,2026-02-23T08:00:00Z,0.12108,0.12108,0.12066,0.12091,821847.4,99312.082045,0.12108,0.12108,0.12072,0.12091,0.12115,0.12115,0.1208,0.12091,-0.00031461,0,-0.00025971,-0.00025971,0.0,0.0
1771833900000,2026-02-23T08:05:00Z,0.12091,0.1211,0.12077,0.12101,370748.6,44845.189469,0.12091,0.12109,0.12083,0.12101,0.12091,0.12113,0.1209,0.12101,-0.00025971,0,-0.00006786,0,0.0,0.0
1771834200000,2026-02-23T08:10:00Z,0.12101,0.12125,0.1209,0.12112,874371.8,105844.812273,0.12101,0.12124,0.12096,0.12113,0.12101,0.12125,0.121,0.12118,0,0,-0.00020272,-0.00020272,-5.9999999999990616e-05,-0.0004951312097705118
1771834500000,2026-02-23T08:15:00Z,0.12112,0.1237,0.12107,0.1227,5547538.8,681115.301086,0.12113,0.12346,0.12112,0.12275,0.12118,0.12371,0.12116,0.12278,-0.00020272,0,-0.00003569,-0.00003569,-7.999999999999674e-05,-0.00065157191725034
1771834800000,2026-02-23T08:20:00Z,0.1227,0.12329,0.12235,0.12285,3460403.9,424958.803841,0.12275,0.12323,0.12245,0.1229,0.12278,0.12333,0.12251,0.12298,-0.00003569,0,-0.00008544,0,-0.0001300000000000051,-0.001057082452431331
1771835100000,2026-02-23T08:25:00Z,0.12285,0.12343,0.12265,0.12272,2372595.9,291984.672701,0.1229,0.12343,0.12273,0.12275,0.12298,0.12351,0.12283,0.12288,0,-0.00012547,-0.00070861,-0.00070861,-0.00016000000000000736,-0.0013020833333333931
1771835400000,2026-02-23T08:30:00Z,0.12272,0.12315,0.1223,0.12262,1789210.6,219632.290596,0.12275,0.12314,0.12241,0.12262,0.12288,0.12322,0.12248,0.1227,-0.00070861,-0.00065921,-0.00096695,-0.00065921,-7.999999999999674e-05,-0.0006519967400162734
1771835700000,2026-02-23T08:35:00Z,0.12262,0.12273,0.12147,0.12208,2228525.4,272030.223883,0.12262,0.12273,0.12151,0.12208,0.1227,0.12281,0.12158,0.12219,-0.00065921,-0.00029762,-0.00118013,-0.00029762,-0.00010999999999999899,-0.0009002373352974793
1771836000000,2026-02-23T08:40:00Z,0.12208,0.12237,0.12201,0.1223,887082.4,108411.246734,0.12208,0.12237,0.12204,0.1223,0.12219,0.12248,0.12216,0.12238,-0.00029762,-0.00019196,-0.00093839,-0.00093839,-7.999999999999674e-05,-0.0006537015852263175
1771836300000,2026-02-23T08:45:00Z,0.1223,0.12259,0.12208,0.12259,521609.2,63784.67423,0.1223,0.12259,0.12212,0.12259,0.12238,0.12263,0.12218,0.12263,-0.00093839,-0.00017882,-0.00020248,-0.00020248,-3.999999999999837e-05,-0.00032618445731059584
1771836600000,2026-02-23T08:50:00Z,0.12259,0.12262,0.12199,0.12242,821413.3,100448.855739,0.12259,0.12262,0.12206,0.12242,0.12263,0.12264,0.12215,0.1225,-0.00020248,0,-0.00022122,0,-7.999999999999674e-05,-0.0006530612244897694
1771836900000,2026-02-23T08:55:00Z,0.12242,0.12269,0.12229,0.12266,468879,57442.311594,0.12242,0.12272,0.12231,0.12269,0.1225,0.12278,0.12238,0.12276,0,-0.00003659,-0.0002659,-0.00003659,-9.999999999998899e-05,-0.0008145975887910475
1771837200000,2026-02-23T09:00:00Z,0.12266,0.12362,0.12266,0.12311,2469274.6,303916.611204,0.12269,0.12362,0.12269,0.12311,0.12276,0.12366,0.12276,0.12312,-0.00003659,0,-0.00033506,0,-9.999999999996123e-06,-8.122157244961114e-05
1771837500000,2026-02-23T09:05:00Z,0.12311,0.12312,0.12273,0.123,725916.6,89216.938465,0.12311,0.12312,0.1228,0.12303,0.12312,0.12318,0.12284,0.12307,0,0,-0.00021634,-0.00021634,-7.000000000000062e-05,-0.0005687819939871667
1771837800000,2026-02-23T09:10:00Z,0.123,0.12326,0.12289,0.12309,907740.4,111693.760323,0.12303,0.12322,0.12292,0.12314,0.12307,0.12326,0.12294,0.12321,-0.00021634,0,0,0,-0.00011999999999999511,-0.0009739469198928261
1771838100000,2026-02-23T09:15:00Z,0.12309,0.12328,0.12282,0.12324,622830.1,76653.314057,0.12314,0.12327,0.12284,0.12325,0.12321,0.1233,0.1229,0.12329,0,-0.0000448,-0.00009473,-0.0000448,-4.999999999999449e-05,-0.0004055478952063792
1771838400000,2026-02-23T09:20:00Z,0.12324,0.12336,0.12252,0.12269,1279781,157268.258744,0.12325,0.12335,0.12258,0.12269,0.12329,0.12336,0.1227,0.1227,-0.0000448,-0.00036455,-0.00088836,-0.00088836,-1.0000000000010001e-05,-8.1499592502119e-05
1771838700000,2026-02-23T09:25:00Z,0.12269,0.12335,0.12243,0.12329,1290495.3,158526.247729,0.12269,0.12333,0.12247,0.12329,0.1227,0.1234,0.12255,0.12332,-0.00088836,-0.00016543,-0.00046508,-0.00016543,-3.0000000000002247e-05,-0.00024326954265327803
1771839000000,2026-02-23T09:30:00Z,0.12329,0.12578,0.1231,0.1249,8577412.7,1071224.074454,0.12329,0.12567,0.12311,0.12497,0.12332,0.12575,0.12319,0.1251,-0.00016543,-0.00003743,-0.00044396,-0.00044396,-0.00019999999999999185,-0.0015987210231813897
1771839300000,2026-02-23T09:35:00Z,0.1249,0.12637,0.1249,0.12585,3097183.6,389638.080502,0.12497,0.12633,0.12495,0.12585,0.1251,0.1264,0.12502,0.12597,-0.00044396,-0.00055523,-0.00126382,-0.00055523,-0.00012000000000000899,-0.000952607763753346
1771839600000,2026-02-23T09:40:00Z,0.12585,0.12597,0.12442,0.12464,1276755.5,159701.47038,0.12585,0.12591,0.12446,0.12464,0.12597,0.126,0.12457,0.1247,-0.00055523,0,-0.00048097,-0.00048097,-6.0000000000004494e-05,-0.0004811547714515196
1771839900000,2026-02-23T09:45:00Z,0.12464,0.12537,0.1246,0.12485,1671317.5,208817.78636,0.12464,0.12536,0.12462,0.12485,0.1247,0.12542,0.1247,0.12496,-0.00048097,-0.00020637,-0.00108268,-0.00108268,-0.00010999999999999899,-0.000880281690140837
1771840200000,2026-02-23T09:50:00Z,0.12485,0.12552,0.12448,0.12552,1637501.4,204454.547691,0.12485,0.12552,0.12451,0.12552,0.12496,0.12563,0.12463,0.12563,-0.00108268,-0.00050352,-0.0007303,-0.00050352,-0.00010999999999999899,-0.0008755870413117805
1771840500000,2026-02-23T09:55:00Z,0.12552,0.12555,0.12512,0.12552,1219834.2,152912.56006,0.12552,0.12552,0.12514,0.12552,0.12563,0.12568,0.1253,0.12566,-0.00050352,-0.0009215,-0.00103838,-0.00103838,-0.00014000000000000123,-0.0011141174598122015
1771840800000,2026-02-23T10:00:00Z,0.12552,0.1257,0.12506,0.12568,2123672.4,266267.257419,0.12552,0.12569,0.12516,0.12569,0.12566,0.12584,0.12531,0.12584,-0.00103838,-0.00002995,-0.00050987,-0.00002995,-0.00016000000000002124,-0.001271455816910531
1771841100000,2026-02-23T10:05:00Z,0.12568,0.12583,0.12535,0.12549,1085488.1,136350.102036,0.12569,0.12582,0.12543,0.12551,0.12584,0.12597,0.1256,0.12569,-0.00002995,-0.00084853,-0.00109216,-0.00109216,-0.00020000000000000573,-0.0015912164850028303
1771841400000,2026-02-23T10:10:00Z,0.12549,0.12553,0.12468,0.12482,962446.2,120325.65608,0.12551,0.12555,0.12468,0.12482,0.12569,0.12573,0.12485,0.12492,-0.00109216,-0.00029691,-0.00129761,-0.00029691,-0.00010000000000000286,-0.0008005123278898724
1771841700000,2026-02-23T10:15:00Z,0.12482,0.12523,0.12459,0.12508,1029339.2,128507.831375,0.12482,0.12521,0.12465,0.12514,0.12492,0.1253,0.12478,0.12528,-0.00029691,-0.00037113,-0.00098489,-0.00037113,-0.00020000000000000573,-0.0015964240102171593
1771842000000,2026-02-23T10:20:00Z,0.12508,0.12508,0.12438,0.12449,498874.7,62199.597984,0.12514,0.12514,0.12438,0.12449,0.12528,0.12528,0.12455,0.12462,-0.00037113,-0.00090188,-0.00091426,-0.00090188,-0.00012999999999999123,-0.0010431712405712665
1771842300000,2026-02-23T10:25:00Z,0.12449,0.12453,0.12388,0.12411,1729258.2,214916.678063,0.12449,0.12452,0.12408,0.12413,0.12462,0.12468,0.1242,0.12426,-0.00090188,-0.00060024,-0.00117805,-0.00117805,-0.00014999999999999736,-0.001207146306132282
1771842600000,2026-02-23T10:30:00Z,0.12411,0.12422,0.12352,0.12371,1834724.7,227015.225246,0.12413,0.12422,0.12354,0.12374,0.12426,0.1243,0.12367,0.12389,-0.00117805,-0.00084544,-0.00101866,-0.00084544,-0.0001799999999999996,-0.0014529017676971475
1771842900000,2026-02-23T10:35:00Z,0.12371,0.12393,0.1235,0.12391,767212.6,94906.682541,0.12374,0.12394,0.12359,0.12393,0.12389,0.12406,0.12372,0.12406,-0.00084544,-0.0004918,-0.00070824,-0.0004918,-0.00014999999999999736,-0.0012090923746574025
1771843200000,2026-02-23T10:40:00Z,0.12391,0.12406,0.12384,0.12391,333421.8,41324.030932,0.12393,0.12404,0.12389,0.12392,0.12406,0.12416,0.12401,0.12407,-0.0004918,-0.00061601,-0.00100443,-0.00100443,-0.00015999999999999348,-0.001289594583702696
1771843500000,2026-02-23T10:45:00Z,0.12391,0.12391,0.1235,0.12382,1148143.6,141956.943291,0.12392,0.12392,0.12362,0.12382,0.12407,0.12409,0.12375,0.12392,-0.00100443,-0.00077272,-0.00099895,-0.00077272,-0.00010000000000000286,-0.0008069722401549618
1771843800000,2026-02-23T10:50:00Z,0.12382,0.12405,0.12378,0.12392,674333.6,83579.487988,0.12382,0.12402,0.12381,0.12396,0.12392,0.12413,0.12392,0.1241,-0.00077272,-0.00025727,-0.00056985,-0.00056985,-0.0001799999999999996,-0.0014504431909750169
1771844100000,2026-02-23T10:55:00Z,0.12392,0.12404,0.12387,0.12393,622002.6,77099.532615,0.12396,0.12404,0.12391,0.12395,0.1241,0.12416,0.12403,0.1241,-0.00056985,-0.00071239,-0.00087709,-0.00087709,-0.00017000000000000348,-0.0013698630136986581
1771844400000,2026-02-23T11:00:00Z,0.12393,0.12397,0.12351,0.1237,974383.9,120557.038315,0.12395,0.12397,0.12358,0.12371,0.1241,0.12412,0.12372,0.12386,-0.00087709,-0.00053691,-0.00116521,-0.00116521,-0.00015999999999999348,-0.0012917810431131397
1771844700000,2026-02-23T11:05:00Z,0.1237,0.12394,0.12363,0.12393,509224.3,63016.640692,0.12371,0.12394,0.12364,0.12393,0.12386,0.12406,0.12377,0.12404,-0.00116521,-0.00078276,-0.00083661,-0.00078276,-0.00010999999999999899,-0.0008868107062237906
1771845000000,2026-02-23T11:10:00Z,0.12393,0.12433,0.12392,0.12421,587201.7,72936.646368,0.12393,0.12436,0.12392,0.12423,0.12404,0.12447,0.12404,0.12434,-0.00078276,-0.00019935,-0.00025922,-0.00025922,-0.0001300000000000051,-0.0010455203474344949
1771845300000,2026-02-23T11:15:00Z,0.12421,0.12438,0.12401,0.12413,836640.8,103887.276591,0.12423,0.12439,0.12405,0.12413,0.12434,0.12453,0.12417,0.12425,-0.00025922,-0.00040146,-0.00062127,-0.00062127,-0.00011999999999999511,-0.0009657947686116307
1771845600000,2026-02-23T11:20:00Z,0.12413,0.12416,0.12379,0.12401,557000.5,69067.812572,0.12413,0.12416,0.12383,0.12403,0.12425,0.12426,0.12392,0.12417,-0.00062127,-0.00043415,-0.00062983,-0.00043415,-0.00016000000000000736,-0.0012885560119192023
1771845900000,2026-02-23T11:25:00Z,0.12401,0.12418,0.12374,0.124,972307.7,120532.811855,0.12403,0.12418,0.12381,0.124,0.12417,0.1243,0.12398,0.12412,-0.00043415,-0.00095941,-0.00105404,-0.00105404,-0.00011999999999999511,-0.0009668063164678949
1771846200000,2026-02-23T11:30:00Z,0.124,0.12406,0.12368,0.12371,634315.4,78592.103491,0.124,0.12404,0.12368,0.12372,0.12412,0.12417,0.12381,0.12388,-0.00105404,-0.00088816,-0.00105645,-0.00088816,-0.00017000000000000348,-0.0013722957701001249
1771846500000,2026-02-23T11:35:00Z,0.12371,0.12376,0.12342,0.12352,473465,58492.821706,0.12372,0.12376,0.12346,0.12352,0.12388,0.12389,0.12362,0.12366,-0.00088816,-0.00055184,-0.00085946,-0.00055184,-0.00014000000000000123,-0.0011321365033155526
1771846800000,2026-02-23T11:40:00Z,0.12352,0.1237,0.12351,0.12357,358446.5,44305.420929,0.12352,0.12371,0.12351,0.12361,0.12366,0.12384,0.12366,0.12377,-0.00055184,-0.00079066,-0.00093786,-0.00079066,-0.00020000000000000573,-0.0016159004605316774
1771847100000,2026-02-23T11:45:00Z,0.12357,0.12381,0.12349,0.12364,802991.8,99297.210889,0.12361,0.12383,0.12349,0.12368,0.12377,0.12396,0.12361,0.12382,-0.00079066,-0.00048603,-0.00071746,-0.00071746,-0.0001799999999999996,-0.001453723146502985
1771847400000,2026-02-23T11:50:00Z,0.12364,0.12437,0.12363,0.1241,1666809.7,206805.314105,0.12368,0.12433,0.12368,0.1241,0.12382,0.12444,0.1238,0.12421,-0.00071746,-0.0004391,-0.00047219,-0.00047219,-0.00010999999999999899,-0.000885596972868521
1771847700000,2026-02-23T11:55:00Z,0.1241,0.12456,0.12409,0.12438,593137.1,73724.698881,0.1241,0.12454,0.12409,0.12446,0.12421,0.12459,0.12421,0.12459,-0.00047219,-0.00060471,-0.00077438,-0.00060471,-0.00021000000000000185,-0.0016855285335901906
1771848000000,2026-02-23T12:00:00Z,0.12438,0.12474,0.12382,0.12464,1194191.8,148421.292061,0.12446,0.12474,0.12384,0.12464,0.12459,0.12484,0.12398,0.12474,-0.00060471,-0.00012846,-0.00038171,-0.00012846,-0.00010000000000000286,-0.000801667468334158
1771848300000,2026-02-23T12:05:00Z,0.12464,0.12478,0.1244,0.12465,567491.2,70709.589955,0.12464,0.12473,0.12441,0.12467,0.12474,0.12485,0.12455,0.12479,-0.00012846,-0.00047896,-0.00110885,-0.00110885,-0.00014000000000000123,-0.0011218847664075746
1771848600000,2026-02-23T12:10:00Z,0.12465,0.12501,0.12461,0.1247,899849.1,112332.905718,0.12467,0.12498,0.12464,0.1247,0.12479,0.12512,0.12475,0.1248,-0.00110885,-0.00084214,-0.00092842,-0.00092842,-9.999999999998899e-05,-0.0008012820512819631
1771848900000,2026-02-23T12:15:00Z,0.1247,0.12478,0.12409,0.12428,350439.8,43586.452755,0.1247,0.12478,0.12416,0.12428,0.1248,0.1249,0.12429,0.12442,-0.00092842,-0.00018024,-0.00038111,-0.00038111,-0.00014000000000000123,-0.0011252210255586017
1771849200000,2026-02-23T12:20:00Z,0.12428,0.12458,0.12416,0.12454,358562.3,44575.206784,0.12428,0.12455,0.1242,0.12454,0.12442,0.12467,0.12433,0.12466,-0.00038111,-0.00036611,-0.00097942,-0.00097942,-0.00012000000000000899,-0.0009626183218354644
1771849500000,2026-02-23T12:25:00Z,0.12454,0.1246,0.12437,0.1244,357690.5,44523.687052,0.12454,0.12462,0.12439,0.1244,0.12466,0.12476,0.12452,0.12454,-0.00097942,-0.00025678,-0.00058447,-0.00058447,-0.00014000000000000123,-0.0011241368235105286
1771849800000,2026-02-23T12:30:00Z,0.1244,0.1244,0.12396,0.12428,1558245.2,193420.347877,0.1244,0.12444,0.12397,0.12428,0.12454,0.12458,0.12412,0.12438,-0.00058447,-0.0001188,-0.00057816,-0.00057816,-0.00010000000000000286,-0.0008039877793857763
1771850100000,2026-02-23T12:35:00Z,0.12428,0.1259,0.12428,0.12564,2520614.3,315749.423483,0.12428,0.1259,0.12428,0.12565,0.12438,0.126,0.12438,0.12579,-0.00057816,-0.00053644,-0.0006766,-0.00053644,-0.00015000000000001124,-0.0011924636298593786
1771850400000,2026-02-23T12:40:00Z,0.12564,0.12585,0.12532,0.12575,895725.6,112508.284469,0.12565,0.12585,0.12537,0.12575,0.12579,0.12596,0.12552,0.12584,-0.00053644,-0.00005016,-0.00016039,-0.00016039,-9.000000000000674e-05,-0.0007151938970121324
1771850700000,2026-02-23T12:45:00Z,0.12575,0.12578,0.12517,0.12522,887717.4,111298.819156,0.12575,0.12578,0.12521,0.12522,0.12584,0.12586,0.12536,0.12536,-0.00016039,-0.00078386,-0.00088542,-0.00078386,-0.00014000000000000123,-0.0011167836630504246
1771851000000,2026-02-23T12:50:00Z,0.12522,0.12524,0.12481,0.125,372963.8,46609.447831,0.12522,0.12524,0.12483,0.12502,0.12536,0.12536,0.12494,0.12511,-0.00078386,-0.00028354,-0.00054592,-0.00028354,-0.00010999999999999899,-0.0008792262808728238
1771851300000,2026-02-23T12:55:00Z,0.125,0.12512,0.12482,0.12501,769224.8,96109.729535,0.12502,0.12506,0.12485,0.12501,0.12511,0.12518,0.12494,0.1251,-0.00028354,-0.00008096,-0.00039812,-0.00008096,-8.999999999997899e-05,-0.0007194244604314867
1771851600000,2026-02-23T13:00:00Z,0.12501,0.12509,0.12475,0.12489,455061.1,56849.979358,0.12501,0.1251,0.12478,0.12489,0.1251,0.12521,0.1249,0.125,-0.00008096,-0.00058892,-0.00070851,-0.00070851,-0.00010999999999999899,-0.0008799999999999919
1771851900000,2026-02-23T13:05:00Z,0.12489,0.12497,0.12437,0.12451,759906.2,94705.439791,0.12489,0.12495,0.1244,0.12451,0.125,0.12507,0.12458,0.12465,-0.00070851,-0.00053828,-0.00069296,-0.00053828,-0.00014000000000000123,-0.0011231448054552847
1771852200000,2026-02-23T13:10:00Z,0.12451,0.12465,0.12404,0.12408,917916.6,114032.900102,0.12451,0.12463,0.12409,0.12409,0.12465,0.12477,0.12424,0.12424,-0.00053828,-0.0005271,-0.00105402,-0.00105402,-0.00016000000000000736,-0.0012878300064392092
1771852500000,2026-02-23T13:15:00Z,0.12408,0.12417,0.12382,0.12392,502341.1,62305.912628,0.12409,0.12417,0.12382,0.12392,0.12424,0.1243,0.12393,0.12405,-0.00105402,-0.00017365,-0.00070661,-0.00017365,-0.00012999999999999123,-0.0010479645304312072
1771852800000,2026-02-23T13:20:00Z,0.12392,0.12395,0.12369,0.12372,295234.8,36567.39918,0.12392,0.12395,0.12379,0.12379,0.12405,0.12405,0.1239,0.1239,-0.00017365,0,-0.00046906,-0.00046906,-0.0001799999999999996,-0.0014527845036319581
1771853100000,2026-02-23T13:25:00Z,0.12372,0.12383,0.12368,0.12373,163122.6,20189.386714,0.12379,0.12385,0.12369,0.12373,0.1239,0.12395,0.12382,0.12383,-0.00046906,0,-0.00090601,-0.00090601,-9.999999999998899e-05,-0.0008075587498989663
1771853400000,2026-02-23T13:30:00Z,0.12373,0.12377,0.12315,0.12328,1229766.1,151765.244249,0.12373,0.12377,0.12325,0.12328,0.12383,0.12387,0.12338,0.1234,-0.00090601,-0.00060129,-0.00071859,-0.00060129,-0.00011999999999999511,-0.0009724473257698145
1771853700000,2026-02-23T13:35:00Z,0.12328,0.1233,0.12287,0.12303,1053041.5,129565.033306,0.12328,0.12329,0.1229,0.12303,0.1234,0.12342,0.12308,0.12314,-0.00060129,-0.00087189,-0.00124532,-0.00124532,-0.00010999999999999899,-0.000893292187753768
1771854000000,2026-02-23T13:40:00Z,0.12303,0.12359,0.12303,0.12326,881815.4,108724.571298,0.12303,0.12354,0.12303,0.12326,0.12314,0.12369,0.12314,0.12333,-0.00124532,-0.00013216,-0.00041998,-0.00041998,-7.000000000000062e-05,-0.0005675829076461576
1771854300000,2026-02-23T13:45:00Z,0.12326,0.12328,0.1229,0.12296,461465.5,56768.891555,0.12326,0.12328,0.12291,0.12296,0.12333,0.12334,0.12304,0.1231,-0.00041998,-0.00082225,-0.00082537,-0.00082225,-0.00014000000000000123,-0.0011372867587327476
1771854600000,2026-02-23T13:50:00Z,0.12296,0.12302,0.1227,0.12282,592537.3,72823.288105,0.12296,0.12302,0.12272,0.12282,0.1231,0.12313,0.12288,0.12292,-0.00082225,-0.00041466,-0.00074026,-0.00041466,-0.00010000000000000286,-0.0008135372600065316
1771854900000,2026-02-23T13:55:00Z,0.12282,0.1229,0.1226,0.12282,698023.1,85672.036718,0.12282,0.12288,0.12261,0.12282,0.12292,0.12299,0.12273,0.12294,-0.00041466,-0.00037749,-0.00052655,-0.00037749,-0.00011999999999999511,-0.0009760858955587694
1771855200000,2026-02-23T14:00:00Z,0.12282,0.12287,0.12239,0.12267,589625.3,72323.368045,0.12282,0.12288,0.12247,0.1227,0.12294,0.12302,0.12263,0.12286,-0.00037749,-0.00041614,-0.00061088,-0.00061088,-0.00018999999999999573,-0.0015464756633566314
1771855500000,2026-02-23T14:05:00Z,0.12267,0.12272,0.12244,0.12268,475450.9,58286.078551,0.1227,0.12272,0.12246,0.1227,0.12286,0.12286,0.12258,0.12283,-0.00061088,-0.00035263,-0.00045117,-0.00035263,-0.00014999999999999736,-0.0012212000325653128
1771855800000,2026-02-23T14:10:00Z,0.12268,0.12308,0.12268,0.12295,702464.2,86320.209467,0.1227,0.12308,0.1227,0.12301,0.12283,0.12324,0.12283,0.12318,-0.00035263,-0.00088312,-0.00094545,-0.00094545,-0.0002299999999999941,-0.0018671862315310448
1771856100000,2026-02-23T14:15:00Z,0.12295,0.12295,0.12234,0.12234,612143,75078.139674,0.12301,0.12301,0.12234,0.12234,0.12318,0.12318,0.12244,0.12244,-0.00094545,-0.0008994,-0.00123511,-0.0008994,-9.999999999998899e-05,-0.0008167265599476396
1771856400000,2026-02-23T14:20:00Z,0.12234,0.12238,0.12185,0.12203,1673579.8,204440.249812,0.12234,0.12236,0.12204,0.12204,0.12244,0.12248,0.12215,0.12217,-0.0008994,-0.00045959,-0.00055438,-0.00055438,-0.00014000000000000123,-0.0011459441761480006
1771856700000,2026-02-23T14:25:00Z,0.12203,0.12207,0.1217,0.12196,1063200.9,129558.801,0.12204,0.12206,0.12175,0.12196,0.12217,0.12219,0.12189,0.12203,-0.00055438,-0.00061866,-0.00074302,-0.00061866,-7.000000000000062e-05,-0.0005736294353847465
1771857000000,2026-02-23T14:30:00Z,0.12196,0.12276,0.12195,0.12243,1025788.7,125583.565499,0.12196,0.12272,0.12195,0.12245,0.12203,0.12279,0.12203,0.12258,-0.00061866,-0.00004138,-0.00059851,-0.00004138,-0.00014999999999999736,-0.0012236906510034048
1771857300000,2026-02-23T14:35:00Z,0.12243,0.12279,0.12224,0.12237,1110932.7,136063.321218,0.12245,0.12277,0.12237,0.12237,0.12258,0.12287,0.12245,0.12248,-0.00004138,-0.00000783,-0.00037161,-0.00000783,-0.00010999999999999899,-0.0008981058131939826
1771857600000,2026-02-23T14:40:00Z,0.12237,0.12309,0.1219,0.12286,1389694,170216.20706,0.12237,0.12306,0.12197,0.12292,0.12248,0.12314,0.12209,0.12302,-0.00000783,0,0,0,-0.00016000000000000736,-0.0013006015282068554
1771857900000,2026-02-23T14:45:00Z,0.12286,0.12321,0.12223,0.12223,1139663,139969.954255,0.12292,0.12315,0.12225,0.12225,0.12302,0.12319,0.1224,0.1224,0,-0.00077172,-0.00099593,-0.00077172,-0.0001699999999999896,-0.001388888888888804
1771858200000,2026-02-23T14:50:00Z,0.12223,0.12335,0.1222,0.12291,1775646.1,218465.657437,0.12225,0.12333,0.12224,0.12291,0.1224,0.12341,0.12239,0.123,-0.00077172,-0.00032908,-0.00122501,-0.00122501,-8.999999999999286e-05,-0.0007317073170731127
1771858500000,2026-02-23T14:55:00Z,0.12291,0.1231,0.1225,0.12272,509707.6,62592.139146,0.12291,0.1231,0.12258,0.12275,0.123,0.12321,0.12271,0.1229,-0.00122501,-0.00004198,-0.00055303,-0.00055303,-0.0001799999999999996,-0.0014646053702196877
1771858800000,2026-02-23T15:00:00Z,0.12272,0.12279,0.12175,0.12217,1398577.7,170933.024661,0.12275,0.12281,0.1219,0.12217,0.1229,0.12296,0.122,0.12227,-0.00055303,-0.00106898,-0.00111897,-0.00106898,-0.00010000000000000286,-0.000817862108448539
1771859100000,2026-02-23T15:05:00Z,0.12217,0.12243,0.12187,0.12215,899441.1,109822.998037,0.12217,0.12243,0.12194,0.12215,0.12227,0.12247,0.12206,0.12227,-0.00106898,-0.0001809,-0.00026526,-0.0001809,-0.00012000000000000899,-0.0009814345301382922
1771859400000,2026-02-23T15:10:00Z,0.12215,0.12239,0.12203,0.12217,545308.5,66653.862824,0.12215,0.12239,0.12206,0.12222,0.12227,0.12248,0.12219,0.12235,-0.0001809,-0.00036845,-0.0008165,-0.00036845,-0.0001799999999999996,-0.0014711892112791141
1771859700000,2026-02-23T15:15:00Z,0.12217,0.1227,0.12209,0.1221,620991.2,75982.765736,0.12222,0.1227,0.12215,0.12215,0.12235,0.12276,0.1223,0.1223,-0.00036845,-0.00054788,-0.00064786,-0.00064786,-0.00020000000000000573,-0.0016353229762878635
1771860000000,2026-02-23T15:20:00Z,0.1221,0.1223,0.12182,0.1222,542038.8,66165.598039,0.12215,0.12229,0.12186,0.12226,0.1223,0.12237,0.12198,0.12237,-0.00064786,-0.00070424,-0.00073172,-0.00070424,-0.00017000000000000348,-0.0013892293862875172
1771860300000,2026-02-23T15:25:00Z,0.1222,0.12223,0.12182,0.12201,439402,53623.435224,0.12226,0.12226,0.12188,0.12201,0.12237,0.12237,0.122,0.12214,-0.00070424,-0.00019731,-0.00042687,-0.00042687,-0.0001300000000000051,-0.0010643523825119134
1771860600000,2026-02-23T15:30:00Z,0.12201,0.12222,0.12139,0.12149,792682,96508.562115,0.12201,0.12221,0.12147,0.12151,0.12214,0.12229,0.12162,0.12167,-0.00042687,-0.00027372,-0.00105003,-0.00105003,-0.0001799999999999996,-0.0014794115229719701
1771860900000,2026-02-23T15:35:00Z,0.12149,0.12197,0.12149,0.12165,525652.1,63976.969079,0.12151,0.12196,0.1215,0.12167,0.12167,0.12202,0.12167,0.12183,-0.00105003,-0.00081126,-0.00094479,-0.00081126,-0.0001799999999999996,-0.0014774686037921662
1771861200000,2026-02-23T15:40:00Z,0.12165,0.12201,0.1214,0.1219,689594.7,83961.153819,0.12167,0.12201,0.12142,0.1219,0.12183,0.1221,0.12157,0.12202,-0.00081126,-0.00015153,-0.0008321,-0.0008321,-0.00012000000000000899,-0.0009834453368301015
1771861500000,2026-02-23T15:45:00Z,0.1219,0.12204,0.12169,0.12174,509549.2,62082.299506,0.1219,0.12204,0.12172,0.12174,0.12202,0.12211,0.12185,0.12185,-0.0008321,-0.00021566,-0.00063593,-0.00063593,-0.00010999999999999899,-0.000902749281903972
1771861800000,2026-02-23T15:50:00Z,0.12174,0.12176,0.12112,0.12129,897319.9,108889.656288,0.12174,0.12176,0.12113,0.12137,0.12185,0.12185,0.12128,0.12152,-0.00063593,-0.00050321,-0.00087055,-0.00087055,-0.00023000000000000798,-0.0018926925608953914
1771862100000,2026-02-23T15:55:00Z,0.12129,0.12135,0.12095,0.12112,700121.7,84775.335105,0.12137,0.12137,0.12099,0.12112,0.12152,0.12152,0.12117,0.12124,-0.00087055,-0.00096263,-0.00099125,-0.00096263,-0.00011999999999999511,-0.000989772352358917
1771862400000,2026-02-23T16:00:00Z,0.12112,0.12137,0.12065,0.12076,1192091.3,144147.983252,0.12112,0.12135,0.12067,0.12076,0.12124,0.12142,0.12083,0.12087,-0.00096263,-0.00072923,-0.00117707,-0.00117707,-0.00010999999999999899,-0.0009100686688177297
1771862700000,2026-02-23T16:05:00Z,0.12076,0.12103,0.12049,0.12099,1560032,188452.410946,0.12076,0.12104,0.12062,0.12101,0.12087,0.12116,0.12073,0.12113,-0.00117707,-0.00044309,-0.00056984,-0.00044309,-0.00014000000000000123,-0.0011557830430116505
1771863000000,2026-02-23T16:10:00Z,0.12099,0.12123,0.12065,0.1208,828403.7,100236.869079,0.12101,0.1212,0.12065,0.1208,0.12113,0.12131,0.12077,0.12089,-0.00044309,-0.00043158,-0.00061008,-0.00061008,-8.999999999999286e-05,-0.0007444784514847619
1771863300000,2026-02-23T16:15:00Z,0.1208,0.12234,0.1208,0.12225,1555746.1,188948.959507,0.1208,0.12234,0.1208,0.12229,0.12089,0.12237,0.12089,0.12237,-0.00061008,-0.00001335,-0.00029797,-0.00029797,-0.00012000000000000899,-0.0009806325079677125
1771863600000,2026-02-23T16:20:00Z,0.12225,0.12246,0.12196,0.12211,1713523.5,209425.344689,0.12229,0.12244,0.12203,0.12214,0.12237,0.1225,0.12216,0.12225,-0.00029797,-0.00033666,-0.00065393,-0.00033666,-0.00014000000000000123,-0.00114519427402864
1771863900000,2026-02-23T16:25:00Z,0.12211,0.12233,0.12194,0.12208,693406.4,84691.353121,0.12214,0.12233,0.122,0.12208,0.12225,0.1224,0.12215,0.12219,-0.00033666,-0.00066702,-0.0007962,-0.0007962,-0.00010999999999999899,-0.0009002373352974793
1771864200000,2026-02-23T16:30:00Z,0.12208,0.12221,0.12154,0.12163,738952.4,90142.050464,0.12208,0.12222,0.12166,0.12166,0.12219,0.12232,0.1218,0.12181,-0.0007962,-0.00088751,-0.00106645,-0.00106645,-0.0001799999999999996,-0.0014777111895575043
1771864500000,2026-02-23T16:35:00Z,0.12163,0.12181,0.12114,0.12169,768857.3,93440.354001,0.12166,0.12181,0.12125,0.12169,0.12181,0.1219,0.12142,0.12179,-0.00106645,-0.0003423,-0.00063714,-0.0003423,-9.999999999998899e-05,-0.0008210854749978568
1771864800000,2026-02-23T16:40:00Z,0.12169,0.12187,0.12149,0.12154,287722.3,35012.825281,0.12169,0.12189,0.12155,0.12155,0.12179,0.12199,0.12171,0.12171,-0.0003423,-0.00079384,-0.00095427,-0.00095427,-0.00017000000000000348,-0.001396762796812123
1771865100000,2026-02-23T16:45:00Z,0.12154,0.12155,0.12109,0.12121,664274.5,80562.002862,0.12155,0.12155,0.1211,0.12121,0.12171,0.12171,0.12127,0.12132,-0.00095427,-0.00079065,-0.0008106,-0.0008106,-0.00010999999999999899,-0.0009066930431915512
1771865400000,2026-02-23T16:50:00Z,0.12121,0.12131,0.12111,0.1212,165228.8,20027.021546,0.12121,0.12131,0.12111,0.1212,0.12132,0.12144,0.12125,0.12131,-0.0008106,-0.00021366,-0.00049847,-0.00021366,-0.00010999999999999899,-0.0009067677850135931
1771865700000,2026-02-23T16:55:00Z,0.1212,0.1212,0.12082,0.12102,363885.5,44023.258832,0.1212,0.12123,0.12085,0.12102,0.12131,0.1214,0.121,0.1211,-0.00021366,-0.00038504,-0.00132059,-0.00038504,-7.999999999999674e-05,-0.0006606110652353158
1771866000000,2026-02-23T17:00:00Z,0.12102,0.12112,0.12051,0.12056,781890.3,94491.949192,0.12102,0.12112,0.12054,0.12054,0.1211,0.12121,0.12069,0.12073,-0.00038504,-0.00022717,-0.00086463,-0.00086463,-0.00017000000000000348,-0.00140810072061628
1771866300000,2026-02-23T17:05:00Z,0.12056,0.1207,0.11979,0.11996,2173765.4,261084.177852,0.12054,0.1207,0.11983,0.12001,0.12073,0.12079,0.11994,0.1201,-0.00086463,0,-0.00034451,0,-0.00014000000000000123,-0.0011656952539550478
1771866600000,2026-02-23T17:10:00Z,0.11996,0.12038,0.11961,0.1197,803417.3,96376.144233,0.12001,0.12031,0.11968,0.11968,0.1201,0.12035,0.11982,0.11982,0,-0.00023348,-0.00056996,-0.00056996,-0.00011999999999999511,-0.0010015022533800292
1771866900000,2026-02-23T17:15:00Z,0.1197,0.12002,0.119,0.11901,2310885.8,275950.711812,0.11968,0.12,0.11901,0.11901,0.11982,0.12006,0.11908,0.11908,-0.00056996,0,-0.00039392,0,-7.000000000000062e-05,-0.0005878401074907677
1771867200000,2026-02-23T17:20:00Z,0.11901,0.11961,0.11865,0.1194,2817904,335413.35407,0.11901,0.11964,0.11873,0.1194,0.11908,0.11971,0.11882,0.1195,0,-0.00048253,-0.00065387,-0.00065387,-9.999999999998899e-05,-0.0008368200836819163
1771867500000,2026-02-23T17:25:00Z,0.1194,0.1194,0.11872,0.11872,684429.4,81517.324677,0.1194,0.1194,0.11881,0.11881,0.1195,0.1195,0.11895,0.11895,-0.00065387,-0.00022584,-0.00030798,-0.00022584,-0.0002299999999999941,-0.0019335855401428675
1771867800000,2026-02-23T17:30:00Z,0.11872,0.11881,0.11845,0.11866,1485274.2,176275.674386,0.11881,0.11881,0.11851,0.11866,0.11895,0.11895,0.11864,0.11875,-0.00022584,-0.00028204,-0.00096516,-0.00028204,-8.999999999999286e-05,-0.0007578947368420452
1771868100000,2026-02-23T17:35:00Z,0.11866,0.1189,0.11832,0.11853,1087442.5,128984.067201,0.11866,0.11888,0.11841,0.11857,0.11875,0.119,0.11853,0.11871,-0.00028204,-0.00044185,-0.00093565,-0.00093565,-0.0001799999999999996,-0.0015163002274450308
1771868400000,2026-02-23T17:40:00Z,0.11853,0.11944,0.11847,0.11882,1269725.8,151044.971522,0.11857,0.11944,0.11852,0.11885,0.11871,0.11952,0.11867,0.11897,-0.00093565,-0.00018734,-0.00066263,-0.00066263,-0.00015000000000001124,-0.0012608220559805936
1771868700000,2026-02-23T17:45:00Z,0.11882,0.11909,0.11873,0.11885,493839.1,58710.550185,0.11885,0.11907,0.11877,0.11885,0.11897,0.11919,0.11892,0.11894,-0.00066263,-0.00086916,-0.00099344,-0.00099344,-9.000000000000674e-05,-0.000756684042374363
1771869000000,2026-02-23T17:50:00Z,0.11885,0.11893,0.11804,0.11868,1674319.3,198323.732356,0.11885,0.11885,0.11809,0.11868,0.11894,0.11898,0.11821,0.11879,-0.00099344,0,-0.0000624,-0.0000624,-0.00011000000000001287,-0.0009260038723799381
1771869300000,2026-02-23T17:55:00Z,0.11868,0.11946,0.11854,0.11942,1256685.1,149624.26649,0.11868,0.11942,0.1186,0.11942,0.11879,0.1195,0.11871,0.11947,-0.0000624,-0.00076026,-0.00099589,-0.00099589,-5.000000000000837e-05,-0.00041851510839548313
1771869600000,2026-02-23T18:00:00Z,0.11942,0.11953,0.11892,0.11921,1318046.3,157136.147077,0.11942,0.11948,0.11897,0.11923,0.11947,0.11963,0.11911,0.11939,-0.00099589,-0.00027197,-0.00119829,-0.00119829,-0.0001799999999999996,-0.0015076639584554788
1771869900000,2026-02-23T18:05:00Z,0.11921,0.11967,0.11883,0.11947,786186.3,93752.606019,0.11923,0.11965,0.11884,0.11951,0.11939,0.1197,0.119,0.1196,-0.00119829,0,-0.00015916,0,-0.00012999999999999123,-0.0010869565217390572
1771870200000,2026-02-23T18:10:00Z,0.11947,0.11953,0.11899,0.11899,416378.1,49661.165531,0.11951,0.11953,0.11908,0.11908,0.1196,0.1196,0.1192,0.11923,0,-0.00051266,-0.00060835,-0.00051266,-0.0002400000000000041,-0.0020129162123626947
1771870500000,2026-02-23T18:15:00Z,0.11899,0.11899,0.11863,0.11863,474538.9,56390.401966,0.11908,0.11908,0.11867,0.11867,0.11923,0.11923,0.1188,0.1188,-0.00051266,-0.00031688,-0.00050907,-0.00050907,-0.00017000000000000348,-0.0014309764309764603
1771870800000,2026-02-23T18:20:00Z,0.11863,0.11896,0.1185,0.11885,583900.2,69314.32343,0.11867,0.11896,0.11854,0.11888,0.1188,0.11907,0.11864,0.119,-0.00050907,-0.00043358,-0.00054612,-0.00043358,-0.00014999999999999736,-0.0012605042016806502
1771871100000,2026-02-23T18:25:00Z,0.11885,0.11896,0.11871,0.11895,389315.8,46266.608086,0.11888,0.11896,0.11875,0.11895,0.119,0.11907,0.11888,0.11906,-0.00043358,-0.00005647,-0.00106067,-0.00005647,-0.00010999999999999899,-0.0009239039139929362
1771871400000,2026-02-23T18:30:00Z,0.11895,0.11904,0.1187,0.11904,319651.5,37990.490196,0.11895,0.11904,0.11873,0.11904,0.11906,0.1191,0.11885,0.1191,-0.00005647,0,-0.00035327,-0.00035327,-5.9999999999990616e-05,-0.0005037783375314074
1771871700000,2026-02-23T18:35:00Z,0.11904,0.11961,0.11892,0.11923,1470252.9,175542.352423,0.11904,0.11955,0.11896,0.11932,0.1191,0.11961,0.11905,0.1194,-0.00035327,-0.00042855,-0.00078064,-0.00042855,-0.00017000000000000348,-0.0014237855946398952
1771872000000,2026-02-23T18:40:00Z,0.11923,0.11923,0.11883,0.11885,524459,62430.158379,0.11932,0.11932,0.11883,0.11885,0.1194,0.1194,0.119,0.119,-0.00042855,-0.00065892,-0.00104511,-0.00104511,-0.00014999999999999736,-0.0012605042016806502
1771872300000,2026-02-23T18:45:00Z,0.11885,0.11885,0.11834,0.1185,1671359.1,198102.985153,0.11885,0.11885,0.1184,0.1185,0.119,0.119,0.11852,0.11863,-0.00104511,-0.00079812,-0.00094745,-0.00079812,-0.0001300000000000051,-0.0010958442215291673
1771872600000,2026-02-23T18:50:00Z,0.1185,0.1185,0.11757,0.11758,2981058.7,351741.878956,0.1185,0.1185,0.11761,0.11761,0.11863,0.11863,0.11775,0.11775,-0.00079812,-0.00073701,-0.00124633,-0.00073701,-0.0001699999999999896,-0.001443736730360846
1771872900000,2026-02-23T18:55:00Z,0.11758,0.11768,0.11735,0.11755,1288460.1,151418.220676,0.11761,0.11768,0.11738,0.11759,0.11775,0.11781,0.11751,0.11771,-0.00073701,-0.00036849,-0.00044178,-0.00036849,-0.00015999999999999348,-0.0013592727890577986
1771873200000,2026-02-23T19:00:00Z,0.11755,0.11798,0.1175,0.11767,877875.1,103380.787321,0.11759,0.11801,0.11758,0.1177,0.11771,0.11812,0.11771,0.11789,-0.00036849,-0.00112636,-0.00131249,-0.00131249,-0.00021999999999999797,-0.001866146407668148
1771873500000,2026-02-23T19:05:00Z,0.11767,0.11778,0.11731,0.11748,1149621,135143.965102,0.1177,0.11778,0.11735,0.11748,0.11789,0.11793,0.11747,0.11758,-0.00131249,-0.00064817,-0.00125822,-0.00125822,-0.00010000000000000286,-0.0008504847763225282
1771873800000,2026-02-23T19:10:00Z,0.11748,0.11761,0.11723,0.11728,719321.9,84478.579,0.11748,0.11761,0.1173,0.1173,0.11758,0.11767,0.11739,0.11739,-0.00125822,0,-0.0005105,0,-0.00010999999999999899,-0.0009370474486753471
1771874100000,2026-02-23T19:15:00Z,0.11728,0.1176,0.11726,0.11748,819660.6,96244.085094,0.1173,0.1176,0.1173,0.11748,0.11739,0.11771,0.11739,0.11758,0,-0.00025911,-0.00056534,-0.00025911,-0.00010000000000000286,-0.0008504847763225282
1771874400000,2026-02-23T19:20:00Z,0.11748,0.11779,0.11727,0.11737,730714.6,85842.914686,0.11748,0.11779,0.11727,0.11737,0.11758,0.11788,0.11738,0.11747,-0.00025911,-0.00065935,-0.0008844,-0.00065935,-0.00010000000000000286,-0.000851281178173175
1771874700000,2026-02-23T19:25:00Z,0.11737,0.11745,0.11722,0.11737,299386.8,35135.299436,0.11737,0.11745,0.11725,0.11744,0.11747,0.11756,0.11737,0.11756,-0.00065935,0,-0.00116172,0,-0.00018999999999999573,-0.001616195985028885
1771875000000,2026-02-23T19:30:00Z,0.11737,0.11775,0.11726,0.11737,373763.4,43931.202456,0.11744,0.11774,0.11734,0.11738,0.11756,0.11784,0.11747,0.11758,0,-0.00045487,-0.00089977,-0.00089977,-0.00021000000000000185,-0.0017860180302772736
1771875300000,2026-02-23T19:35:00Z,0.11737,0.11741,0.11679,0.11689,1653180.6,193392.269678,0.11738,0.11741,0.11684,0.11688,0.11758,0.11758,0.11697,0.11698,-0.00089977,-0.00052324,-0.0014382,-0.0014382,-9.000000000000674e-05,-0.0007693622841511945
1771875600000,2026-02-23T19:40:00Z,0.11689,0.11747,0.11689,0.11726,505884.3,59313.897942,0.11688,0.11747,0.11688,0.11726,0.11698,0.11755,0.11698,0.11729,-0.0014382,-0.00020192,-0.00082789,-0.00082789,-3.0000000000002247e-05,-0.0002557762810128932
1771875900000,2026-02-23T19:45:00Z,0.11726,0.11749,0.11671,0.11678,659562.6,77319.95073,0.11726,0.11749,0.11675,0.11678,0.11729,0.11756,0.1169,0.1169,-0.00082789,-0.00064119,-0.00073608,-0.00073608,-0.00012000000000000899,-0.0010265183917879297
1771876200000,2026-02-23T19:50:00Z,0.11678,0.11703,0.11672,0.11692,337559.4,39453.892541,0.11678,0.11703,0.11674,0.11693,0.1169,0.11711,0.11689,0.11702,-0.00073608,-0.00012388,-0.00042835,-0.00012388,-0.00010000000000000286,-0.0008545547769612277
1771876500000,2026-02-23T19:55:00Z,0.11692,0.11721,0.11689,0.11695,289383.2,33873.33151,0.11693,0.11721,0.11693,0.11696,0.11702,0.1173,0.11702,0.11712,-0.00012388,-0.00074622,-0.00078763,-0.00078763,-0.00017000000000000348,-0.001451502732240467
1771876800000,2026-02-23T20:00:00Z,0.11695,0.11718,0.11682,0.11714,480878,56243.457175,0.11696,0.11718,0.11683,0.11714,0.11712,0.11725,0.11691,0.11725,-0.00078763,-0.00040735,-0.00057111,-0.00040735,-0.00010999999999999899,-0.000938166311300631
1771877100000,2026-02-23T20:05:00Z,0.11714,0.11714,0.11649,0.11649,691894.3,80740.152661,0.11714,0.11714,0.11651,0.11651,0.11725,0.11725,0.11665,0.11665,-0.00040735,-0.00072672,-0.00092175,-0.00072672,-0.00016000000000000736,-0.0013716245177883184
1771877400000,2026-02-23T20:10:00Z,0.11649,0.11692,0.11649,0.11673,626471.9,73144.112219,0.11651,0.11692,0.11651,0.11673,0.11665,0.11703,0.11665,0.11686,-0.00072672,-0.0005467,-0.00099563,-0.00099563,-0.0001300000000000051,-0.0011124422385761176
1771877700000,2026-02-23T20:15:00Z,0.11673,0.11694,0.11647,0.11684,1284645.2,149910.956351,0.11673,0.11694,0.11654,0.11691,0.11686,0.11709,0.11667,0.11707,-0.00099563,0,-0.00117732,-0.00117732,-0.0002299999999999941,-0.001964636542239635
1771878000000,2026-02-23T20:20:00Z,0.11684,0.11714,0.11671,0.1168,1068253.7,124883.65895,0.11691,0.11713,0.11672,0.1168,0.11707,0.11721,0.11689,0.11691,-0.00117732,-0.00062015,-0.00097924,-0.00062015,-0.00010999999999999899,-0.0009408947053288769
1771878300000,2026-02-23T20:25:00Z,0.1168,0.11685,0.11663,0.11676,540433.8,63091.155348,0.1168,0.11687,0.11663,0.11676,0.11691,0.11701,0.11675,0.11688,-0.00062015,-0.00025961,-0.00064949,-0.00025961,-0.00011999999999999511,-0.0010266940451744962
1771878600000,2026-02-23T20:30:00Z,0.11676,0.11715,0.11671,0.11694,1278743.5,149542.972152,0.11676,0.11713,0.11672,0.11694,0.11688,0.11718,0.11683,0.11702,-0.00025961,-0.0001339,-0.00068887,-0.00068887,-7.999999999999674e-05,-0.0006836438215689347
1771878900000,2026-02-23T20:35:00Z,0.11694,0.11751,0.11677,0.11741,1157439.3,135736.407293,0.11694,0.1175,0.1168,0.11746,0.11702,0.11761,0.11695,0.11758,-0.00068887,-0.00035746,-0.00058209,-0.00058209,-0.00017000000000000348,-0.001445824119748286
1771879200000,2026-02-23T20:40:00Z,0.11741,0.11769,0.11717,0.11753,776844.9,91254.869947,0.11746,0.11768,0.11722,0.11753,0.11758,0.11777,0.11737,0.11762,-0.00058209,-0.00005744,-0.00024689,-0.00005744,-9.000000000000674e-05,-0.0007651759904778671
1771879500000,2026-02-23T20:45:00Z,0.11753,0.11782,0.11744,0.11782,465215,54712.450463,0.11753,0.11782,0.11747,0.11782,0.11762,0.11787,0.1176,0.11787,-0.00005744,-0.00022302,-0.0002463,-0.00022302,-5.000000000000837e-05,-0.00042419614829904443
1771879800000,2026-02-23T20:50:00Z,0.11782,0.11838,0.11778,0.11812,1284217,151711.577839,0.11782,0.11838,0.11782,0.11813,0.11787,0.11845,0.11787,0.11826,-0.00022302,-0.00080657,-0.00089821,-0.00080657,-0.00014000000000000123,-0.001183832234060555
1771880100000,2026-02-23T20:55:00Z,0.11812,0.11834,0.11802,0.11825,457066.5,54039.591511,0.11813,0.11834,0.11807,0.11827,0.11826,0.11843,0.11821,0.11839,-0.00080657,-0.00041657,-0.00071982,-0.00071982,-0.00014000000000000123,-0.00118253230847201
1771880400000,2026-02-23T21:00:00Z,0.11825,0.11886,0.1182,0.11881,1417203.9,167928.455791,0.11827,0.11883,0.11827,0.11881,0.11839,0.11888,0.11839,0.11887,-0.00071982,0,-0.00031856,0,-6.0000000000004494e-05,-0.000504753091612724
1771880700000,2026-02-23T21:05:00Z,0.11881,0.11915,0.11872,0.11878,1056854.3,125730.301555,0.11881,0.11909,0.11876,0.11884,0.11887,0.11911,0.11884,0.11896,0,-0.00009147,-0.00015892,-0.00009147,-0.0001799999999999996,-0.0015131136516476093
1771881000000,2026-02-23T21:10:00Z,0.11878,0.11953,0.11878,0.1194,502604.8,59874.793954,0.11884,0.11951,0.11884,0.11947,0.11896,0.11958,0.11896,0.11958,-0.00009147,-0.00056863,-0.0005964,-0.0005964,-0.0001799999999999996,-0.0015052684395383809
1771881300000,2026-02-23T21:15:00Z,0.1194,0.11959,0.11908,0.11955,429304.3,51202.433849,0.11947,0.11963,0.11909,0.11963,0.11958,0.11977,0.11922,0.11977,-0.0005964,-0.00061421,-0.00082741,-0.00082741,-0.00021999999999999797,-0.0018368539701093594
1771881600000,2026-02-23T21:20:00Z,0.11955,0.11977,0.11919,0.11965,1036534.4,123864.426922,0.11963,0.11974,0.11926,0.11971,0.11977,0.11987,0.11942,0.11987,-0.00082741,-0.00095289,-0.00103311,-0.00103311,-0.00021999999999999797,-0.0018353215983982478
1771881900000,2026-02-23T21:25:00Z,0.11965,0.11981,0.11939,0.11956,861878.6,103077.791667,0.11971,0.1198,0.11945,0.11958,0.11987,0.11995,0.11964,0.11977,-0.00103311,-0.00080541,-0.00117886,-0.00080541,-0.00021000000000000185,-0.0017533606078316928
1771882200000,2026-02-23T21:30:00Z,0.11956,0.11989,0.11945,0.11956,406159.8,48594.793893,0.11958,0.11988,0.11948,0.11956,0.11977,0.12,0.11963,0.1197,-0.00080541,-0.00058421,-0.00064511,-0.00058421,-0.00014000000000000123,-0.001169590643274864
1771882500000,2026-02-23T21:35:00Z,0.11956,0.11966,0.11921,0.11935,412688.4,49276.568957,0.11956,0.11966,0.11926,0.11939,0.1197,0.11975,0.11937,0.11952,-0.00058421,-0.00042272,-0.00073781,-0.00042272,-0.00017000000000000348,-0.001422356091030819
1771882800000,2026-02-23T21:40:00Z,0.11935,0.12058,0.11931,0.11982,1282833,154054.349115,0.11939,0.12056,0.11938,0.11982,0.11952,0.12058,0.11949,0.11994,-0.00042272,-0.00003274,-0.00046904,-0.00003274,-0.00012000000000000899,-0.0010005002501251375
1771883100000,2026-02-23T21:45:00Z,0.11982,0.12019,0.11982,0.12015,696751.2,83614.987957,0.11982,0.12019,0.11982,0.12015,0.11994,0.12029,0.11994,0.12023,-0.00003274,-0.0004059,-0.00072425,-0.0004059,-7.999999999999674e-05,-0.0006653913332778569
1771883400000,2026-02-23T21:50:00Z,0.12015,0.12015,0.11992,0.12006,327631.6,39326.285419,0.12015,0.12015,0.11996,0.12006,0.12023,0.12027,0.12008,0.12015,-0.0004059,-0.00040998,-0.00061147,-0.00040998,-9.000000000000674e-05,-0.0007490636704120411
1771883700000,2026-02-23T21:55:00Z,0.12006,0.12035,0.12005,0.12035,433189.8,52089.638475,0.12006,0.12035,0.12006,0.12035,0.12015,0.12044,0.12015,0.12044,-0.00040998,-0.00047395,-0.00070558,-0.00047395,-9.000000000000674e-05,-0.0007472600464962366
1771884000000,2026-02-23T22:00:00Z,0.12035,0.12132,0.12016,0.12131,1272057.2,153743.371694,0.12035,0.12132,0.12018,0.12132,0.12044,0.12141,0.12033,0.12141,-0.00047395,-0.00028512,-0.00030096,-0.00030096,-0.00010000000000000286,-0.0008236553825879488
1771884300000,2026-02-23T22:05:00Z,0.12131,0.12159,0.12104,0.12159,947272.2,114908.421419,0.12132,0.12158,0.12108,0.12158,0.12141,0.12164,0.12127,0.12164,-0.00030096,-0.00066957,-0.00069062,-0.00069062,-4.999999999999449e-05,-0.00041104899704040197
1771884600000,2026-02-23T22:10:00Z,0.12159,0.12164,0.12092,0.12114,794363.7,96416.569785,0.12158,0.12158,0.12104,0.12113,0.12164,0.12166,0.12121,0.12124,-0.00069062,0,0,0,-0.00010000000000000286,-0.0008248102936324882
1771884900000,2026-02-23T22:15:00Z,0.12114,0.12151,0.12111,0.12129,284658.3,34523.917529,0.12113,0.12151,0.12112,0.12129,0.12124,0.12162,0.12124,0.12143,0,0,-0.00055722,-0.00055722,-0.00014000000000000123,-0.0011529276126163324
1771885200000,2026-02-23T22:20:00Z,0.12129,0.12135,0.12091,0.12115,282419.1,34214.983815,0.12129,0.12133,0.12093,0.12116,0.12143,0.12143,0.12108,0.12127,-0.00055722,-0.0000145,-0.00049929,-0.00049929,-0.00012000000000000899,-0.0009895275006185289
1771885500000,2026-02-23T22:25:00Z,0.12115,0.1213,0.12102,0.12113,129454.3,15684.956439,0.12116,0.1213,0.12109,0.12113,0.12127,0.1214,0.12123,0.12127,-0.00049929,-0.00007761,-0.00046729,-0.00046729,-0.00014000000000000123,-0.0011544487507215407
1771885800000,2026-02-23T22:30:00Z,0.12113,0.12137,0.12103,0.12128,317658.2,38490.178955,0.12113,0.12137,0.12105,0.12129,0.12127,0.12142,0.12117,0.12139,-0.00046729,0,-0.00037375,-0.00037375,-0.00010999999999999899,-0.0009061701952384792
1771886100000,2026-02-23T22:35:00Z,0.12128,0.12143,0.12109,0.12128,119499.6,14491.379144,0.12129,0.12143,0.12116,0.1213,0.12139,0.12149,0.12126,0.12139,-0.00037375,0,0,0,-0.00010999999999999899,-0.0009061701952384792
1771886400000,2026-02-23T22:40:00Z,0.12128,0.12144,0.12112,0.12112,242212.1,29370.376276,0.1213,0.12139,0.12112,0.12112,0.12139,0.12147,0.12121,0.12121,0,-0.00011913,-0.00016632,-0.00016632,-8.999999999999286e-05,-0.0007425129939773357
1771886700000,2026-02-23T22:45:00Z,0.12112,0.12118,0.12094,0.12115,234142.4,28343.322698,0.12112,0.12118,0.12094,0.12118,0.12121,0.12128,0.12102,0.12128,-0.00016632,-0.00028109,-0.00031805,-0.00028109,-0.0001300000000000051,-0.0010718997361477995
1771887000000,2026-02-23T22:50:00Z,0.12115,0.12123,0.12072,0.12074,343787.7,41596.859752,0.12118,0.1213,0.12074,0.12074,0.12128,0.12141,0.12093,0.12093,-0.00028109,-0.00042581,-0.0009924,-0.0009924,-0.00018999999999999573,-0.0015711568676093255
1771887300000,2026-02-23T22:55:00Z,0.12074,0.12087,0.12063,0.12081,232667.9,28100.41593,0.12074,0.12096,0.12063,0.1209,0.12093,0.12105,0.12078,0.12103,-0.0009924,0,-0.00027918,-0.00027918,-0.00021999999999999797,-0.001817731141039395
1771887600000,2026-02-23T23:00:00Z,0.12081,0.12139,0.12078,0.12133,405160.5,49062.744398,0.1209,0.12136,0.12084,0.12135,0.12103,0.12148,0.12099,0.12147,-0.00027918,0,-0.00114739,0,-0.00014000000000000123,-0.0011525479542273914
1771887900000,2026-02-23T23:05:00Z,0.12133,0.12138,0.12122,0.1213,225493.9,27352.931044,0.12135,0.12137,0.12122,0.1213,0.12147,0.12148,0.12135,0.12144,0,-0.00037472,-0.00054946,-0.00054946,-0.00014000000000000123,-0.0011528326745718152
1771888200000,2026-02-23T23:10:00Z,0.1213,0.1213,0.1209,0.12124,340261.7,41222.371705,0.1213,0.12131,0.12094,0.12124,0.12144,0.12145,0.1211,0.12129,-0.00054946,-0.00069621,-0.0008528,-0.00069621,-4.999999999999449e-05,-0.00041223513892319646
1771888500000,2026-02-23T23:15:00Z,0.12124,0.12174,0.12112,0.12146,712876.3,86598.579258,0.12124,0.12166,0.12114,0.12146,0.12129,0.12167,0.12126,0.12155,-0.00069621,-0.00036442,-0.00036501,-0.00036501,-9.000000000000674e-05,-0.0007404360345537371
1771888800000,2026-02-23T23:20:00Z,0.12146,0.1217,0.12139,0.12154,443811.5,53929.224107,0.12146,0.1217,0.12141,0.12159,0.12155,0.12173,0.12149,0.12165,-0.00036501,0,0,0,-0.00010999999999999899,-0.0009042334566378873
1771889100000,2026-02-23T23:25:00Z,0.12154,0.12154,0.12137,0.12146,219341.4,26637.164971,0.12159,0.12159,0.12141,0.12148,0.12165,0.12165,0.12153,0.1216,0,-0.00044261,-0.00059573,-0.00059573,-0.00014000000000000123,-0.0011513157894736943
1771889400000,2026-02-23T23:30:00Z,0.12146,0.12167,0.12135,0.12157,385415.3,46844.775654,0.12148,0.1216,0.12138,0.12159,0.1216,0.12171,0.1215,0.12167,-0.00059573,0,0,0,-0.00010000000000000286,-0.0008218952905400087
1771889700000,2026-02-23T23:35:00Z,0.12157,0.12164,0.12136,0.12157,216614,26320.641985,0.12159,0.1217,0.12141,0.12157,0.12167,0.12178,0.12155,0.12172,0,-0.00057696,-0.00073037,-0.00073037,-0.00014999999999999736,-0.0012323365100229819
1771890000000,2026-02-23T23:40:00Z,0.12157,0.12157,0.12113,0.12121,378881.9,45965.240981,0.12157,0.12157,0.12122,0.12122,0.12172,0.12172,0.12141,0.12141,-0.00073037,-0.00056281,-0.00137671,-0.00137671,-0.00020000000000000573,-0.0016473107651758976
1771890300000,2026-02-23T23:45:00Z,0.12121,0.1217,0.12121,0.12153,326029.9,39623.781067,0.12122,0.12169,0.12122,0.12153,0.12141,0.12177,0.12141,0.12166,-0.00137671,-0.00016906,-0.00049519,-0.00016906,-0.0001300000000000051,-0.0010685517014631359
1771890600000,2026-02-23T23:50:00Z,0.12153,0.12181,0.12133,0.12146,628622.1,76387.883853,0.12153,0.1218,0.12134,0.12146,0.12166,0.12192,0.12154,0.12162,-0.00016906,-0.00111227,-0.00139842,-0.00111227,-0.00016000000000000736,-0.0013155730965302365
1771890900000,2026-02-23T23:55:00Z,0.12146,0.12181,0.12146,0.12173,313832,38182.156397,0.12146,0.12179,0.12146,0.12178,0.12162,0.12196,0.12162,0.12196,-0.00111227,-0.00081446,-0.00105884,-0.00105884,-0.0002299999999999941,-0.0018858642177762717
1771891200000,2026-02-24T00:00:00Z,0.12173,0.1224,0.12026,0.12043,4099689.6,497127.28799,0.12178,0.12236,0.12031,0.12043,0.12196,0.12254,0.12049,0.12063,-0.00105884,-0.00106351,-0.00169955,-0.00106351,-0.00020000000000000573,-0.0016579623642543789
1771891500000,2026-02-24T00:05:00Z,0.12043,0.12094,0.12004,0.12065,1492959,179836.756907,0.12043,0.12094,0.12015,0.12068,0.12063,0.12116,0.12039,0.12092,-0.00106351,-0.0008299,-0.00144571,-0.0008299,-0.00027000000000000635,-0.0022328812437976044
1771891800000,2026-02-24T00:10:00Z,0.12065,0.12097,0.12037,0.12058,882948.3,106546.025694,0.12068,0.12093,0.12041,0.12058,0.12092,0.12111,0.12066,0.12081,-0.0008299,-0.00107908,-0.00175645,-0.00175645,-0.0002299999999999941,-0.0019038159092789842
1771892100000,2026-02-24T00:15:00Z,0.12058,0.12113,0.12053,0.12107,784617.9,94845.011422,0.12058,0.12115,0.12056,0.12111,0.12081,0.12133,0.12078,0.12132,-0.00175645,-0.00072149,-0.00078104,-0.00078104,-0.0002500000000000002,-0.0020606660072535463
1771892400000,2026-02-24T00:20:00Z,0.12107,0.12125,0.12083,0.12103,614444.5,74367.043645,0.12111,0.12125,0.12088,0.12103,0.12132,0.12143,0.1211,0.12125,-0.00078104,-0.00100708,-0.00136522,-0.00100708,-0.00021999999999999797,-0.001814432989690705
1771892700000,2026-02-24T00:25:00Z,0.12103,0.12105,0.12065,0.12093,371038.6,44856.101883,0.12103,0.12106,0.12068,0.12093,0.12125,0.12129,0.12091,0.12115,-0.00100708,-0.00079713,-0.00099363,-0.00099363,-0.00021999999999999797,-0.001815930664465522
1771893000000,2026-02-24T00:30:00Z,0.12093,0.12106,0.12058,0.12105,529419.2,63963.652455,0.12093,0.12106,0.12063,0.12105,0.12115,0.12121,0.12081,0.12121,-0.00099363,-0.00041564,-0.0006034,-0.00041564,-0.00015999999999999348,-0.0013200231004042032
1771893300000,2026-02-24T00:35:00Z,0.12105,0.1214,0.12098,0.12121,380190,46084.835236,0.12105,0.12136,0.12104,0.12125,0.12121,0.12154,0.1212,0.12146,-0.00041564,-0.00071267,-0.00076954,-0.00076954,-0.0002500000000000002,-0.002058290795323565
1771893600000,2026-02-24T00:40:00Z,0.12121,0.12184,0.1212,0.12158,679936.2,82646.889738,0.12125,0.12184,0.12124,0.12161,0.12146,0.12195,0.12145,0.12177,-0.00076954,-0.0010132,-0.00120705,-0.00120705,-0.0001900000000000096,-0.001560318633489444
1771893900000,2026-02-24T00:45:00Z,0.12158,0.12208,0.12157,0.12208,544802.6,66379.826187,0.12161,0.12208,0.12161,0.12208,0.12177,0.12218,0.12177,0.12214,-0.00120705,-0.00076424,-0.0019484,-0.00076424,-6.0000000000004494e-05,-0.0004912395611593621
1771894200000,2026-02-24T00:50:00Z,0.12208,0.12215,0.12164,0.12167,510519.8,62252.835509,0.12208,0.12216,0.12167,0.12168,0.12214,0.12233,0.12185,0.12188,-0.00076424,-0.00127618,-0.00132338,-0.00127618,-0.00021000000000000185,-0.00172300623564163
1771894500000,2026-02-24T00:55:00Z,0.12167,0.12184,0.12152,0.12178,404888.5,49262.45345,0.12168,0.12183,0.12152,0.12182,0.12188,0.12199,0.1217,0.12199,-0.00127618,-0.00052335,-0.00100188,-0.00100188,-0.00021000000000000185,-0.0017214525780801858
1771894800000,2026-02-24T01:00:00Z,0.12178,0.12187,0.1208,0.1209,1461184.7,177179.570818,0.12182,0.12183,0.12082,0.1209,0.12199,0.122,0.12099,0.12099,-0.00100188,-0.00023314,-0.00143099,-0.00023314,-9.000000000000674e-05,-0.0007438631291842859
1771895100000,2026-02-24T01:05:00Z,0.1209,0.12102,0.12051,0.12057,461119.1,55702.494628,0.1209,0.12102,0.12056,0.12059,0.12099,0.12116,0.12073,0.12077,-0.00023314,-0.00033019,-0.00084222,-0.00084222,-0.00020000000000000573,-0.0016560404073859877
1771895400000,2026-02-24T01:10:00Z,0.12057,0.1207,0.12016,0.12035,1114860.3,134259.969639,0.12059,0.12069,0.12022,0.12038,0.12077,0.12084,0.12041,0.12056,-0.00084222,-0.00082431,-0.00103062,-0.00082431,-0.00021000000000000185,-0.001741871267418728
1771895700000,2026-02-24T01:15:00Z,0.12035,0.12074,0.11868,0.11989,7946789.7,949785.325464,0.12038,0.12074,0.1188,0.11995,0.12056,0.12089,0.11886,0.12008,-0.00082431,-0.00018246,-0.000742,-0.00018246,-0.0001900000000000096,-0.0015822784810127382
1771896000000,2026-02-24T01:20:00Z,0.11989,0.1212,0.11967,0.12066,2571377.9,310518.278194,0.11995,0.1212,0.11981,0.12069,0.12008,0.12126,0.11992,0.12084,-0.00018246,-0.00034624,-0.00048233,-0.00048233,-0.0001799999999999996,-0.0014895729890764613
1771896300000,2026-02-24T01:25:00Z,0.12066,0.12139,0.12065,0.12096,1627285,196999.964304,0.12069,0.12136,0.12067,0.12096,0.12084,0.12142,0.1208,0.1211,-0.00048233,-0.00052683,-0.00056383,-0.00056383,-0.00014000000000000123,-0.00115606936416186
1771896600000,2026-02-24T01:30:00Z,0.12096,0.12125,0.12054,0.12095,879980.3,106375.198215,0.12096,0.12121,0.12056,0.12095,0.1211,0.12135,0.12071,0.12108,-0.00056383,-0.00029189,-0.00108268,-0.00029189,-0.00012999999999999123,-0.0010736703006276119
1771896900000,2026-02-24T01:35:00Z,0.12095,0.12126,0.12034,0.12052,1019103.3,123240.184174,0.12095,0.12126,0.12048,0.12052,0.12108,0.12139,0.12059,0.12068,-0.00029189,-0.00063569,-0.00090782,-0.00090782,-0.00015999999999999348,-0.001325820351342339
1771897200000,2026-02-24T01:40:00Z,0.12052,0.12113,0.12042,0.12069,659721.7,79691.06392,0.12052,0.12112,0.12052,0.12069,0.12068,0.12122,0.12066,0.12081,-0.00090782,-0.00007781,-0.00128393,-0.00128393,-0.00011999999999999511,-0.0009932952570151073
1771897500000,2026-02-24T01:45:00Z,0.12069,0.12088,0.12008,0.12064,576755.2,69494.166034,0.12069,0.12088,0.12008,0.12064,0.12081,0.12097,0.12029,0.12081,-0.00128393,-0.0005863,-0.00090601,-0.0005863,-0.00017000000000000348,-0.0014071682807714882
1771897800000,2026-02-24T01:50:00Z,0.12064,0.12079,0.12054,0.12054,360176.6,43462.288186,0.12064,0.12078,0.12056,0.12058,0.12081,0.12092,0.12071,0.12075,-0.0005863,-0.0007035,-0.00134911,-0.00134911,-0.00021000000000000185,-0.0017391304347826242
1771898100000,2026-02-24T01:55:00Z,0.12054,0.12055,0.12016,0.12025,257009.5,30911.799996,0.12058,0.12058,0.12017,0.12027,0.12075,0.12075,0.12034,0.12044,-0.00134911,-0.00077731,-0.0008156,-0.00077731,-0.0001900000000000096,-0.0015775489870475722
1771898400000,2026-02-24T02:00:00Z,0.12025,0.12034,0.11968,0.11986,1752380.2,210177.238756,0.12027,0.12034,0.11977,0.11987,0.12044,0.12047,0.11992,0.12003,-0.00077731,-0.00076758,-0.0010044,-0.00076758,-0.00017000000000000348,-0.0014163125885195658
1771898700000,2026-02-24T02:05:00Z,0.11986,0.12021,0.11979,0.11987,484896.9,58185.101252,0.11987,0.12021,0.1198,0.1199,0.12003,0.12033,0.11994,0.12006,-0.00076758,-0.00070479,-0.00094207,-0.00070479,-0.00018999999999999573,-0.0015825420623021467
1771899000000,2026-02-24T02:10:00Z,0.11987,0.12037,0.11978,0.11986,653671.7,78496.726025,0.1199,0.12028,0.11983,0.11986,0.12006,0.1204,0.11996,0.11999,-0.00070479,-0.00031783,-0.00063605,-0.00063605,-0.0001300000000000051,-0.001083423618634929
1771899300000,2026-02-24T02:15:00Z,0.11986,0.12017,0.11948,0.11958,856458.8,102593.389819,0.11986,0.12017,0.11951,0.11959,0.11999,0.12029,0.11966,0.11976,-0.00063605,-0.00112703,-0.00126237,-0.00112703,-0.0001799999999999996,-0.0015030060120240448
1771899600000,2026-02-24T02:20:00Z,0.11958,0.11977,0.11944,0.11977,340598.9,40737.248695,0.11959,0.11977,0.11947,0.11977,0.11976,0.11989,0.11961,0.11989,-0.00112703,-0.00075236,-0.00080258,-0.00080258,-0.00011999999999999511,-0.001000917507715365
1771899900000,2026-02-24T02:25:00Z,0.11977,0.12019,0.11961,0.12016,586699.2,70326.973453,0.11977,0.12021,0.11963,0.12018,0.11989,0.12032,0.11979,0.12029,-0.00080258,0,-0.00071683,-0.00071683,-0.00012999999999999123,-0.001080721589491988
1771900200000,2026-02-24T02:30:00Z,0.12016,0.12042,0.11991,0.12001,503202.2,60486.146656,0.12018,0.12042,0.12001,0.12004,0.12029,0.12048,0.12014,0.12019,-0.00071683,-0.00060192,-0.00078418,-0.00078418,-0.0001799999999999996,-0.0014976287544720824
1771900500000,2026-02-24T02:35:00Z,0.12001,0.12002,0.1196,0.11982,533589.1,63875.18436,0.12004,0.12004,0.11964,0.11982,0.12019,0.12019,0.11978,0.11989,-0.00078418,-0.00078762,-0.00081686,-0.00081686,-7.000000000000062e-05,-0.0005838685461673252
1771900800000,2026-02-24T02:40:00Z,0.11982,0.11982,0.11951,0.11955,264840.4,31685.056157,0.11982,0.11982,0.11951,0.11955,0.11989,0.11993,0.11965,0.1197,-0.00081686,-0.00064068,-0.00068051,-0.00068051,-0.00014999999999999736,-0.0012531328320801783
1771901100000,2026-02-24T02:45:00Z,0.11955,0.11957,0.11921,0.11924,398704.2,47605.236085,0.11955,0.11957,0.11923,0.11924,0.1197,0.11973,0.11933,0.11933,-0.00068051,-0.00043632,-0.00071593,-0.00071593,-9.000000000000674e-05,-0.0007542110114808241
1771901400000,2026-02-24T02:50:00Z,0.11924,0.1193,0.11884,0.11903,783828.6,93263.590317,0.11924,0.11931,0.11889,0.11906,0.11933,0.11946,0.11903,0.11921,-0.00071593,-0.00040569,-0.00058833,-0.00058833,-0.0001799999999999996,-0.001509940441238148
1771901700000,2026-02-24T02:55:00Z,0.11903,0.11919,0.11886,0.11887,307671.6,36626.451002,0.11906,0.11919,0.11888,0.11888,0.11921,0.11931,0.119,0.119,-0.00058833,-0.00018329,-0.00084007,-0.00018329,-0.00012999999999999123,-0.0010924369747898424
1771902000000,2026-02-24T03:00:00Z,0.11887,0.1189,0.11821,0.11882,2120761,251481.122475,0.11888,0.11892,0.11826,0.11882,0.119,0.11904,0.11843,0.11887,-0.00018329,-0.00087031,-0.00104009,-0.00087031,-5.000000000000837e-05,-0.0004206275763439755
1771902300000,2026-02-24T03:05:00Z,0.11882,0.11891,0.11837,0.11837,1039928,123388.074297,0.11882,0.11891,0.11844,0.11844,0.11887,0.11904,0.11856,0.11857,-0.00087031,0,-0.00042932,-0.00042932,-0.00019999999999999185,-0.0016867673104494548
1771902600000,2026-02-24T03:10:00Z,0.11837,0.11869,0.1183,0.11846,544767.7,64549.853337,0.11844,0.11869,0.11834,0.11846,0.11857,0.11881,0.11848,0.11852,-0.00042932,-0.00020706,-0.00046576,-0.00020706,-6.0000000000004494e-05,-0.0005062436719541385
1771902900000,2026-02-24T03:15:00Z,0.11846,0.11882,0.11815,0.11861,727443.7,86266.223677,0.11846,0.11879,0.11821,0.11861,0.11852,0.11884,0.11835,0.11869,-0.00020706,0,-0.00020713,0,-8.000000000001062e-05,-0.000674024770410402
1771903200000,2026-02-24T03:20:00Z,0.11861,0.11868,0.11845,0.11847,509889,60465.374649,0.11861,0.11868,0.11847,0.11855,0.11869,0.11875,0.11854,0.11865,0,-0.00017926,-0.0003853,-0.0003853,-0.0001799999999999996,-0.001517067003792664
1771903500000,2026-02-24T03:25:00Z,0.11847,0.11848,0.118,0.11824,736358.4,86995.840657,0.11855,0.11855,0.11803,0.11824,0.11865,0.11865,0.11818,0.11837,-0.0003853,-0.00033884,-0.00108705,-0.00033884,-0.0001300000000000051,-0.0010982512460928032
1771903800000,2026-02-24T03:30:00Z,0.11824,0.11833,0.11805,0.11827,542258.6,64099.353699,0.11824,0.11833,0.11809,0.11828,0.11837,0.11844,0.11822,0.1184,-0.00033884,-0.00042503,-0.00065065,-0.00042503,-0.0001300000000000051,-0.0010979729729730162
1771904100000,2026-02-24T03:35:00Z,0.11827,0.11842,0.11812,0.11841,500397.1,59185.990051,0.11828,0.11843,0.11816,0.11841,0.1184,0.11855,0.11826,0.11854,-0.00042503,-0.00039598,-0.00058772,-0.00039598,-0.0001300000000000051,-0.0010966762274338207
1771904400000,2026-02-24T03:40:00Z,0.11841,0.11863,0.11811,0.11816,343875,40709.275986,0.11841,0.11863,0.11813,0.11817,0.11854,0.11873,0.11828,0.11832,-0.00039598,-0.00047173,-0.00102188,-0.00102188,-0.00015999999999999348,-0.0013522650439485588
1771904700000,2026-02-24T03:45:00Z,0.11816,0.11825,0.11806,0.11823,276655.4,32688.988797,0.11817,0.11824,0.11806,0.11823,0.11832,0.11835,0.11819,0.11832,-0.00102188,-0.00011109,-0.00058105,-0.00011109,-8.999999999999286e-05,-0.000760649087221035
1771905000000,2026-02-24T03:50:00Z,0.11823,0.11863,0.11796,0.1185,1067174,126175.19681,0.11823,0.11863,0.11805,0.1186,0.11832,0.11867,0.11815,0.11867,-0.00011109,0,0,0,-0.00017000000000000348,-0.0014325440296621176
1771905300000,2026-02-24T03:55:00Z,0.1185,0.11864,0.11828,0.11841,375619,44498.522743,0.1186,0.1186,0.11831,0.11841,0.11867,0.11867,0.11839,0.1185,0,-0.00021751,-0.00079807,-0.00021751,-8.999999999999286e-05,-0.0007594936708860158
1771905600000,2026-02-24T04:00:00Z,0.11841,0.11876,0.11832,0.11862,488601.2,57924.55877,0.11841,0.11875,0.11833,0.11868,0.1185,0.11878,0.11844,0.11877,-0.00021751,0,-0.00008554,-0.00008554,-0.00014999999999999736,-0.0012629451881788108
1771905900000,2026-02-24T04:05:00Z,0.11862,0.11862,0.11815,0.11819,1115537.7,132017.656793,0.11868,0.11868,0.11817,0.11819,0.11877,0.11877,0.11833,0.11835,-0.00008554,-0.00080856,-0.00093296,-0.00080856,-0.00015999999999999348,-0.001351922264469738
1771906200000,2026-02-24T04:10:00Z,0.11819,0.11831,0.11739,0.1174,1164179.5,136951.994938,0.11819,0.11831,0.11741,0.11746,0.11835,0.11844,0.11756,0.11762,-0.00080856,-0.00063805,-0.00095101,-0.00063805,-0.00021999999999999797,-0.0018704301989457403
1771906500000,2026-02-24T04:15:00Z,0.1174,0.11756,0.1171,0.1172,1298760.4,152313.301667,0.11746,0.11755,0.11713,0.1172,0.11762,0.11767,0.11729,0.11735,-0.00063805,-0.00064655,-0.00116318,-0.00064655,-0.00014999999999999736,-0.0012782275244993383
1771906800000,2026-02-24T04:20:00Z,0.1172,0.11851,0.11718,0.11831,1298865.9,153220.456887,0.1172,0.11854,0.11719,0.11833,0.11735,0.11863,0.11735,0.11844,-0.00064655,-0.00026452,-0.00073722,-0.00073722,-0.0001300000000000051,-0.0010976021614319917
1771907100000,2026-02-24T04:25:00Z,0.11831,0.11831,0.11787,0.11802,441954.6,52179.884263,0.11833,0.11833,0.11794,0.11809,0.11844,0.11844,0.11804,0.11821,-0.00073722,-0.00019515,-0.00037177,-0.00037177,-0.00018999999999999573,-0.0016073090263090748
1771907400000,2026-02-24T04:30:00Z,0.11802,0.11804,0.11741,0.1176,723464.5,85075.986391,0.11809,0.11809,0.11744,0.1176,0.11821,0.11821,0.1176,0.11772,-0.00037177,-0.00069182,-0.00107799,-0.00107799,-0.00012000000000000899,-0.0010193679918451325
1771907700000,2026-02-24T04:35:00Z,0.1176,0.11794,0.1176,0.11778,302474.1,35627.585726,0.1176,0.11793,0.1176,0.11778,0.11772,0.11804,0.11771,0.11785,-0.00107799,-0.00018682,-0.00018877,-0.00018682,-7.000000000000062e-05,-0.0005939753924480325
1771908000000,2026-02-24T04:40:00Z,0.11778,0.11787,0.11748,0.11776,296245.8,34867.914986,0.11778,0.11788,0.11751,0.11778,0.11785,0.118,0.11767,0.11795,-0.00018682,-0.0007484,-0.00090447,-0.0007484,-0.00018999999999999573,-0.0016108520559558774
1771908300000,2026-02-24T04:45:00Z,0.11776,0.11781,0.11752,0.11758,193620.4,22791.430138,0.11778,0.11782,0.11753,0.11758,0.11795,0.11796,0.11766,0.11775,-0.0007484,-0.00081306,-0.00114474,-0.00114474,-0.0001699999999999896,-0.001443736730360846
1771908600000,2026-02-24T04:50:00Z,0.11758,0.11762,0.11748,0.11752,119479.7,14044.385604,0.11758,0.11765,0.11748,0.11752,0.11775,0.1178,0.1176,0.1176,-0.00114474,-0.00104771,-0.00114565,-0.00114565,-7.999999999999674e-05,-0.0006802721088435097
1771908900000,2026-02-24T04:55:00Z,0.11752,0.11765,0.11727,0.1176,295506.2,34710.161952,0.11752,0.11765,0.11733,0.1176,0.1176,0.11774,0.11746,0.1177,-0.00114565,-0.00008651,-0.00030158,-0.00008651,-0.00010000000000000286,-0.0008496176720476029
1771909200000,2026-02-24T05:00:00Z,0.1176,0.11773,0.11749,0.11773,448734.4,52768.360238,0.1176,0.11773,0.1175,0.11773,0.1177,0.11779,0.11765,0.11779,-0.00008651,-0.0008697,-0.00108969,-0.0008697,-6.0000000000004494e-05,-0.0005093811019611554
1771909500000,2026-02-24T05:05:00Z,0.11773,0.11821,0.1177,0.11803,976329.2,115273.07554,0.11773,0.11821,0.11773,0.11803,0.11779,0.11829,0.11779,0.11814,-0.0008697,-0.00016258,-0.00082291,-0.00016258,-0.00010999999999999899,-0.0009310986964618164
1771909800000,2026-02-24T05:10:00Z,0.11803,0.11806,0.11743,0.11749,596076.6,70226.673705,0.11803,0.11807,0.11744,0.11749,0.11814,0.11821,0.11762,0.11767,-0.00016258,-0.00053267,-0.00075948,-0.00053267,-0.0001799999999999996,-0.001529701708166904
1771910100000,2026-02-24T05:15:00Z,0.11749,0.1175,0.11674,0.11678,1427032.9,166982.061938,0.11749,0.1175,0.11678,0.11678,0.11767,0.11767,0.11696,0.11696,-0.00053267,-0.00079285,-0.00140167,-0.00079285,-0.0001799999999999996,-0.001538987688098492
1771910400000,2026-02-24T05:20:00Z,0.11678,0.117,0.11625,0.11627,1772161.1,206555.24229,0.11678,0.117,0.11627,0.11627,0.11696,0.11715,0.11644,0.11644,-0.00079285,-0.00072083,-0.0010643,-0.00072083,-0.00017000000000000348,-0.0014599793885263096
1771910700000,2026-02-24T05:25:00Z,0.11627,0.11677,0.11627,0.11655,972064.6,113310.83495,0.11627,0.11677,0.11627,0.11661,0.11644,0.11689,0.11644,0.11673,-0.00072083,-0.00068086,-0.00068656,-0.00068086,-0.0001799999999999996,-0.001542020046260598
1771911000000,2026-02-24T05:30:00Z,0.11655,0.11687,0.11643,0.11675,800373,93393.90408,0.11661,0.11685,0.11644,0.11675,0.11673,0.11692,0.11656,0.11687,-0.00068086,-0.00037191,-0.0008421,-0.00037191,-0.00011999999999999511,-0.0010267818944125534
1771911300000,2026-02-24T05:35:00Z,0.11675,0.11683,0.11658,0.11663,342866.1,40015.268075,0.11675,0.11683,0.11663,0.11663,0.11687,0.11691,0.11675,0.11675,-0.00037191,-0.00050124,-0.00052169,-0.00052169,-0.00012000000000000899,-0.0010278372591007194
1771911600000,2026-02-24T05:40:00Z,0.11663,0.11663,0.116,0.11642,917704.8,106672.340663,0.11663,0.11663,0.11621,0.11646,0.11675,0.11676,0.11636,0.11658,-0.00052169,-0.00047591,-0.00077927,-0.00047591,-0.00016000000000000736,-0.001372448104306119
1771911900000,2026-02-24T05:45:00Z,0.11642,0.11662,0.11622,0.11654,372604,43395.051626,0.11646,0.11662,0.11632,0.11654,0.11658,0.1167,0.11644,0.11666,-0.00047591,-0.00030006,-0.00036817,-0.00030006,-0.00011999999999999511,-0.0010286302074403832
1771912200000,2026-02-24T05:50:00Z,0.11654,0.11679,0.11654,0.11673,269007.7,31383.375158,0.11654,0.11679,0.11654,0.11676,0.11666,0.11689,0.11666,0.11687,-0.00030006,-0.00013695,-0.00038635,-0.00038635,-0.00014000000000000123,-0.0011979122101480383
1771912500000,2026-02-24T05:55:00Z,0.11673,0.11696,0.11664,0.11694,231031.1,26980.977107,0.11676,0.11697,0.11668,0.11696,0.11687,0.11707,0.11679,0.11707,-0.00038635,-0.00023466,-0.00029174,-0.00023466,-0.00012999999999999123,-0.0011104467412658345
1771912800000,2026-02-24T06:00:00Z,0.11694,0.11694,0.11653,0.11653,383671.8,44802.154077,0.11696,0.11698,0.11656,0.11656,0.11707,0.11709,0.11671,0.11671,-0.00023466,-0.00024527,-0.00049392,-0.00024527,-0.0001799999999999996,-0.001542284294404932
1771913100000,2026-02-24T06:05:00Z,0.11653,0.11704,0.11648,0.11701,686649,80166.988419,0.11656,0.11703,0.1165,0.11701,0.11671,0.11711,0.11666,0.11711,-0.00024527,-0.00061482,-0.0007294,-0.0007294,-0.00010000000000000286,-0.0008538980445735023
1771913400000,2026-02-24T06:10:00Z,0.11701,0.11702,0.11664,0.11672,324326.3,37883.014935,0.11701,0.11702,0.11668,0.11672,0.11711,0.11711,0.1168,0.11681,-0.0007294,-0.00022282,-0.00073656,-0.00073656,-8.999999999999286e-05,-0.0007704819792825346
1771913700000,2026-02-24T06:15:00Z,0.11672,0.11708,0.11666,0.11693,381187.3,44565.085825,0.11672,0.11709,0.11667,0.11697,0.11681,0.11717,0.11681,0.11707,-0.00073656,-0.00022863,-0.00042444,-0.00042444,-0.00013999999999998736,-0.001195865721363179
1771914000000,2026-02-24T06:20:00Z,0.11693,0.11699,0.11682,0.11686,448674.7,52452.076066,0.11697,0.11698,0.11686,0.11686,0.11707,0.1171,0.11695,0.11695,-0.00042444,0,-0.00105414,-0.00105414,-8.999999999999286e-05,-0.0007695596408721065
1771914300000,2026-02-24T06:25:00Z,0.11686,0.11692,0.11644,0.11654,332895.7,38826.339503,0.11686,0.11687,0.11646,0.11656,0.11695,0.117,0.11662,0.11671,-0.00105414,-0.00039417,-0.00083426,-0.00083426,-0.0001699999999999896,-0.0014566018336045722
1771914600000,2026-02-24T06:30:00Z,0.11654,0.11654,0.11628,0.11643,245870.6,28616.895614,0.11656,0.11656,0.11632,0.11644,0.11671,0.11671,0.11647,0.11659,-0.00083426,-0.00052246,-0.00088062,-0.00052246,-0.00015999999999999348,-0.0013723303885409854
1771914900000,2026-02-24T06:35:00Z,0.11643,0.11643,0.11614,0.11638,362174.5,42118.668617,0.11644,0.11644,0.11617,0.11638,0.11659,0.11659,0.11636,0.11654,-0.00052246,-0.0010348,-0.00163913,-0.00163913,-0.00016000000000000736,-0.0013729191693839656
1771915200000,2026-02-24T06:40:00Z,0.11638,0.11658,0.11635,0.11638,411474.3,47933.499638,0.11638,0.11657,0.11638,0.1164,0.11654,0.11672,0.11654,0.11659,-0.00163913,-0.00084286,-0.00102847,-0.00084286,-0.00021000000000000185,-0.0018011836349601325
1771915500000,2026-02-24T06:45:00Z,0.11638,0.11638,0.11615,0.11626,177732.3,20666.728618,0.1164,0.1164,0.11619,0.11629,0.11659,0.11659,0.11637,0.11643,-0.00084286,-0.00077334,-0.00107371,-0.00077334,-0.00017000000000000348,-0.0014601047839904104
1771915800000,2026-02-24T06:50:00Z,0.11626,0.11626,0.11552,0.11571,2161798.5,250151.621963,0.11629,0.11629,0.11552,0.11571,0.11643,0.11643,0.11567,0.11578,-0.00077334,-0.00047101,-0.00081394,-0.00047101,-7.000000000000062e-05,-0.0006045949214026656
1771916100000,2026-02-24T06:55:00Z,0.11571,0.1158,0.11532,0.11574,1210586.5,139936.002039,0.11571,0.11578,0.11545,0.11577,0.11578,0.11586,0.11555,0.11585,-0.00047101,-0.00017324,-0.00031055,-0.00017324,-0.00010999999999999899,-0.0009495036685368925
1771916400000,2026-02-24T07:00:00Z,0.11574,0.11656,0.11574,0.11593,1199118.9,139387.759406,0.11577,0.11654,0.11577,0.11597,0.11585,0.11656,0.11584,0.11611,-0.00017324,-0.00013569,-0.00073195,-0.00073195,-0.0001799999999999996,-0.0015502540694169288
1771916700000,2026-02-24T07:05:00Z,0.11593,0.11686,0.11593,0.11686,866738.1,100847.137675,0.11597,0.11686,0.11597,0.11686,0.11611,0.11692,0.11611,0.11692,-0.00073195,-0.00026034,-0.00041998,-0.00041998,-5.9999999999990616e-05,-0.0005131713992472684
1771917000000,2026-02-24T07:10:00Z,0.11686,0.11721,0.11656,0.11692,811655,94933.534774,0.11686,0.11718,0.11662,0.11692,0.11692,0.11726,0.1167,0.11703,-0.00041998,-0.00010636,-0.00017167,-0.00017167,-0.00010999999999999899,-0.0009399299324959326
1771917300000,2026-02-24T07:15:00Z,0.11692,0.11714,0.11673,0.1168,638448.8,74663.734178,0.11692,0.1171,0.11678,0.1168,0.11703,0.11719,0.11689,0.11692,-0.00017167,-0.00086742,-0.00087215,-0.00086742,-0.00011999999999999511,-0.0010263427984946553
1771917600000,2026-02-24T07:20:00Z,0.1168,0.11688,0.1165,0.11685,313450.7,36579.529414,0.1168,0.11688,0.11657,0.11685,0.11692,0.11698,0.11671,0.11694,-0.00086742,-0.00011111,-0.00050655,-0.00050655,-9.000000000000674e-05,-0.0007696254489482361
1771917900000,2026-02-24T07:25:00Z,0.11685,0.1171,0.11673,0.11704,346966.4,40567.463774,0.11685,0.1171,0.11675,0.11704,0.11694,0.11716,0.11685,0.1171,-0.00050655,0,-0.0002746,-0.0002746,-5.9999999999990616e-05,-0.0005123825789922342
1771918200000,2026-02-24T07:30:00Z,0.11704,0.11704,0.11682,0.11684,375065.5,43859.961744,0.11704,0.11704,0.11685,0.11686,0.1171,0.11714,0.11695,0.11699,-0.0002746,-0.00007556,-0.00007745,-0.00007556,-0.00014999999999999736,-0.0012821608684502723
1771918500000,2026-02-24T07:35:00Z,0.11684,0.11688,0.11661,0.11685,593263.3,69262.738047,0.11686,0.11689,0.11662,0.11686,0.11699,0.11699,0.11676,0.11695,-0.00007556,-0.00001052,-0.00050448,-0.00050448,-0.00010000000000000286,-0.0008550662676357662
1771918800000,2026-02-24T07:40:00Z,0.11685,0.11695,0.11651,0.1167,448946.7,52385.260601,0.11686,0.11695,0.11655,0.1167,0.11695,0.11702,0.11666,0.1168,-0.00050448,-0.00018653,-0.00087901,-0.00018653,-0.00010000000000000286,-0.0008561643835616684
1771919100000,2026-02-24T07:45:00Z,0.1167,0.1167,0.11652,0.11658,271894.8,31708.577412,0.1167,0.1167,0.11655,0.11658,0.1168,0.1168,0.11666,0.11671,-0.00018653,-0.00080827,-0.00093035,-0.00093035,-0.00012999999999999123,-0.0011138719904034893
1771919400000,2026-02-24T07:50:00Z,0.11658,0.11685,0.11658,0.11674,242585.6,28313.100266,0.11658,0.11685,0.11658,0.11674,0.11671,0.11694,0.11671,0.11681,-0.00093035,-0.00031126,-0.00105671,-0.00031126,-7.000000000000062e-05,-0.0005992637616642464
1771919700000,2026-02-24T07:55:00Z,0.11674,0.11707,0.11667,0.11678,716165.5,83729.623926,0.11674,0.11702,0.11667,0.11678,0.11681,0.11703,0.11681,0.11686,-0.00031126,-0.00061881,-0.00079082,-0.00079082,-8.000000000001062e-05,-0.0006845798391238286
1771920000000,2026-02-24T08:00:00Z,0.11678,0.11678,0.11613,0.11628,1006054,117144.855946,0.11678,0.11678,0.1162,0.1163,0.11686,0.11686,0.11635,0.11646,-0.00079082,-0.00033424,-0.00076274,-0.00076274,-0.0001799999999999996,-0.0015455950540958236
1771920300000,2026-02-24T08:05:00Z,0.11628,0.1163,0.11527,0.11557,2716190.7,314000.777077,0.1163,0.11633,0.11531,0.11557,0.11646,0.11649,0.11542,0.11563,-0.00076274,-0.00022873,-0.00031087,-0.00022873,-5.9999999999990616e-05,-0.0005188964801521285
1771920600000,2026-02-24T08:10:00Z,0.11557,0.1157,0.11516,0.11542,1149273.8,132681.654243,0.11557,0.11569,0.11527,0.11545,0.11563,0.11575,0.11535,0.11555,-0.00022873,-0.00030061,-0.00042978,-0.00042978,-0.0001300000000000051,-0.001125054089138945
1771920900000,2026-02-24T08:15:00Z,0.11542,0.11546,0.11497,0.11522,931344.3,107294.410141,0.11545,0.11546,0.11501,0.11522,0.11555,0.11557,0.11514,0.11527,-0.00042978,-0.00039382,-0.00089241,-0.00089241,-4.999999999999449e-05,-0.00043376420577769144
1771921200000,2026-02-24T08:20:00Z,0.11522,0.11577,0.1152,0.11566,833057.7,96245.264473,0.11522,0.11574,0.11521,0.11566,0.11527,0.11577,0.11527,0.11571,-0.00089241,0,0,0,-4.999999999999449e-05,-0.0004321147696827802
1771921500000,2026-02-24T08:25:00Z,0.11566,0.11566,0.11534,0.11546,738495.3,85289.559997,0.11566,0.11566,0.11535,0.11546,0.11571,0.11571,0.11543,0.11554,0,0,-0.00051592,0,-8.000000000001062e-05,-0.0006924009001212621
1771921800000,2026-02-24T08:30:00Z,0.11546,0.11591,0.11536,0.11588,991611.5,114708.868519,0.11546,0.11589,0.11541,0.11588,0.11554,0.11596,0.11549,0.11594,0,0,0,0,-6.0000000000004494e-05,-0.0005175090564085259
1771922100000,2026-02-24T08:35:00Z,0.11588,0.11623,0.1157,0.11585,1110125.2,128746.566535,0.11588,0.11624,0.11579,0.11592,0.11594,0.11636,0.11591,0.11604,0,-0.00068287,-0.00113817,-0.00068287,-0.0001900000000000096,-0.0016373664253706446
1771922400000,2026-02-24T08:40:00Z,0.11585,0.11595,0.11567,0.11582,485452.6,56224.679971,0.11592,0.11595,0.11568,0.11583,0.11604,0.11608,0.11581,0.11597,-0.00068287,-0.0003268,-0.00118737,-0.0003268,-0.00014999999999999736,-0.0012934379580925874
1771922700000,2026-02-24T08:45:00Z,0.11582,0.11608,0.11576,0.11596,504495.5,58480.298389,0.11583,0.11609,0.11578,0.11596,0.11597,0.11619,0.11591,0.11608,-0.0003268,-0.00070092,-0.00075366,-0.00075366,-0.00012000000000000899,-0.0010337698139215108
1771923000000,2026-02-24T08:50:00Z,0.11596,0.11621,0.1159,0.11613,387507.7,44976.988763,0.11596,0.11624,0.11593,0.11622,0.11608,0.11634,0.11608,0.11633,-0.00075366,-0.00021626,-0.00056766,-0.00056766,-0.00020000000000000573,-0.001719246969827265
1771923300000,2026-02-24T08:55:00Z,0.11613,0.11619,0.11592,0.11603,261457.3,30341.240978,0.11622,0.11623,0.11592,0.11603,0.11633,0.11634,0.11611,0.11617,-0.00056766,-0.00033861,-0.00140395,-0.00033861,-0.00014000000000000123,-0.0012051304123267732
1771923600000,2026-02-24T09:00:00Z,0.11603,0.11614,0.11588,0.11596,533232.3,61874.270528,0.11603,0.11612,0.11591,0.11596,0.11617,0.11625,0.11609,0.11614,-0.00033861,-0.00143724,-0.00166933,-0.00166933,-0.0001799999999999996,-0.0015498536249354195
1771923900000,2026-02-24T09:05:00Z,0.11596,0.11619,0.11586,0.116,348026.9,40372.774622,0.11596,0.11616,0.11591,0.116,0.11614,0.11636,0.11608,0.1161,-0.00166933,-0.00117167,-0.00143073,-0.00143073,-9.999999999998899e-05,-0.0008613264427216967
1771924200000,2026-02-24T09:10:00Z,0.116,0.11632,0.11594,0.11601,382552.6,44427.032403,0.116,0.11636,0.11595,0.11601,0.1161,0.11646,0.11607,0.1161,-0.00143073,-0.00043595,-0.00068602,-0.00068602,-8.999999999999286e-05,-0.0007751937984495509
1771924500000,2026-02-24T09:15:00Z,0.11601,0.11612,0.11588,0.1161,351636,40783.912297,0.11601,0.11612,0.11594,0.1161,0.1161,0.1163,0.11606,0.11625,-0.00068602,-0.00082253,-0.00152159,-0.00082253,-0.00015000000000001124,-0.0012903225806452578
1771924800000,2026-02-24T09:20:00Z,0.1161,0.11614,0.11583,0.11611,503477.7,58396.752427,0.1161,0.11613,0.1159,0.11611,0.11625,0.11626,0.116,0.11624,-0.00082253,-0.00061808,-0.00065948,-0.00061808,-0.00012999999999999123,-0.001118375774260076
1771925100000,2026-02-24T09:25:00Z,0.11611,0.1162,0.11571,0.11572,439357.3,50930.322886,0.11611,0.1162,0.11571,0.11572,0.11624,0.11629,0.11585,0.11587,-0.00061808,-0.00060935,-0.00096618,-0.00096618,-0.00014999999999999736,-0.0012945542418227095
1771925400000,2026-02-24T09:30:00Z,0.11572,0.11573,0.11543,0.11543,634951.2,73399.459905,0.11572,0.11572,0.11548,0.11548,0.11587,0.11587,0.11564,0.11564,-0.00096618,-0.00047182,-0.00119567,-0.00047182,-0.00021000000000000185,-0.0018159806295399675
1771925700000,2026-02-24T09:35:00Z,0.11543,0.11632,0.11523,0.11623,1163131.6,134653.399021,0.11548,0.11632,0.1153,0.11631,0.11564,0.11642,0.11544,0.1164,-0.00047182,-0.00003624,-0.00020763,-0.00020763,-0.00017000000000000348,-0.0014604810996563873
1771926000000,2026-02-24T09:40:00Z,0.11623,0.11648,0.11593,0.11639,998410.2,116103.521792,0.11631,0.11648,0.11599,0.11643,0.1164,0.11657,0.1161,0.11653,-0.00020763,0,-0.00011098,-0.00011098,-0.00014000000000000123,-0.001201407362910849
1771926300000,2026-02-24T09:45:00Z,0.11639,0.11644,0.11606,0.11619,414084.7,48123.160497,0.11643,0.11644,0.11607,0.11619,0.11653,0.11653,0.11623,0.11633,-0.00011098,-0.0007658,-0.00108979,-0.00108979,-0.00014000000000000123,-0.0012034728788790615
1771926600000,2026-02-24T09:50:00Z,0.11619,0.11654,0.11617,0.11638,1307686.4,152157.853844,0.11619,0.11654,0.11618,0.11638,0.11633,0.11657,0.1163,0.11645,-0.00108979,-0.00045513,-0.00046613,-0.00045513,-7.000000000000062e-05,-0.0006011163589523453
1771926900000,2026-02-24T09:55:00Z,0.11638,0.11638,0.11602,0.11609,300620.8,34916.004403,0.11638,0.11638,0.11604,0.11612,0.11645,0.11645,0.11615,0.11623,-0.00045513,-0.00047499,-0.00066804,-0.00047499,-0.00014000000000000123,-0.0012045083025036673
1771927200000,2026-02-24T10:00:00Z,0.11609,0.11609,0.11588,0.116,391355.6,45392.216288,0.11612,0.11612,0.11591,0.11603,0.11623,0.11623,0.11604,0.11616,-0.00047499,-0.00024108,-0.00060484,-0.00024108,-0.00015999999999999348,-0.001377410468319503
1771927500000,2026-02-24T10:05:00Z,0.116,0.11624,0.11597,0.11606,618154.9,71787.971607,0.11603,0.11624,0.116,0.11614,0.11616,0.11635,0.11612,0.11622,-0.00024108,-0.00015797,-0.00075477,-0.00075477,-0.00016000000000000736,-0.0013766993632766077
1771927800000,2026-02-24T10:10:00Z,0.11606,0.11625,0.11597,0.11612,355510.7,41275.683505,0.11614,0.11625,0.11601,0.11614,0.11622,0.11632,0.11614,0.11624,-0.00075477,-0.00006265,-0.00035085,-0.00006265,-0.00011999999999999511,-0.00103234686854779
1771928100000,2026-02-24T10:15:00Z,0.11612,0.11684,0.11601,0.11684,1309487.8,152616.426116,0.11614,0.11682,0.11603,0.11679,0.11624,0.11683,0.11612,0.1168,-0.00006265,0,0,0,3.999999999999837e-05,0.00034246575342464355
1771928400000,2026-02-24T10:20:00Z,0.11684,0.11711,0.11684,0.11692,1708667.6,199897.583751,0.11679,0.11712,0.11679,0.11693,0.1168,0.11719,0.1168,0.11708,0,-0.0007517,-0.00084865,-0.00084865,-0.00016000000000000736,-0.001366586949094699
1771928700000,2026-02-24T10:25:00Z,0.11692,0.11714,0.11681,0.11686,475165.3,55561.308779,0.11693,0.11716,0.11684,0.11686,0.11708,0.11726,0.11695,0.11695,-0.00084865,-0.00004224,-0.00012051,-0.00004224,-8.999999999999286e-05,-0.0007695596408721065
1771929000000,2026-02-24T10:30:00Z,0.11686,0.11719,0.11685,0.11694,498624.3,58327.727418,0.11686,0.11719,0.11686,0.11694,0.11695,0.11722,0.11695,0.11703,-0.00004224,-0.00049683,-0.00064683,-0.00064683,-8.999999999999286e-05,-0.0007690335811329818
1771929300000,2026-02-24T10:35:00Z,0.11694,0.11713,0.11678,0.11689,586313.4,68572.995382,0.11694,0.11713,0.11686,0.11689,0.11703,0.11719,0.11695,0.11698,-0.00064683,-0.00005315,-0.00037008,-0.00005315,-9.000000000000674e-05,-0.0007693622841511945
1771929600000,2026-02-24T10:40:00Z,0.11689,0.11707,0.11688,0.11707,342894.4,40108.427018,0.11689,0.11707,0.11689,0.11707,0.11698,0.11715,0.11698,0.11715,-0.00005315,-0.0003061,-0.00065186,-0.00065186,-8.000000000001062e-05,-0.000682885189927534
1771929900000,2026-02-24T10:45:00Z,0.11707,0.11718,0.11686,0.11693,500300.8,58550.788522,0.11707,0.11722,0.11686,0.11693,0.11715,0.11729,0.117,0.11702,-0.00065186,-0.00119561,-0.0014215,-0.0014215,-8.999999999999286e-05,-0.0007690992992650219
1771930200000,2026-02-24T10:50:00Z,0.11693,0.11731,0.11679,0.11685,525647.8,61539.073176,0.11693,0.11726,0.11681,0.11685,0.11702,0.11736,0.11692,0.11692,-0.0014215,-0.00020561,-0.00090685,-0.00090685,-7.000000000000062e-05,-0.0005986999657885787
1771930500000,2026-02-24T10:55:00Z,0.11685,0.11693,0.11675,0.11686,116668.6,13629.912112,0.11685,0.11693,0.11678,0.11686,0.11692,0.11702,0.11692,0.11692,-0.00090685,-0.00002993,-0.0007194,-0.00002993,-5.9999999999990616e-05,-0.0005131713992472684
1771930800000,2026-02-24T11:00:00Z,0.11686,0.11697,0.1168,0.11684,177527.7,20748.552589,0.11686,0.11698,0.11682,0.11684,0.11692,0.11705,0.11687,0.11693,-0.00002993,-0.00015573,-0.00037372,-0.00015573,-9.000000000000674e-05,-0.0007696912682802253
1771931100000,2026-02-24T11:05:00Z,0.11684,0.11685,0.11663,0.11682,416533.1,48629.009786,0.11684,0.11686,0.1167,0.11683,0.11693,0.11696,0.11681,0.11694,-0.00015573,-0.00007765,-0.00033159,-0.00007765,-0.00012000000000000899,-0.001026167265264315
1771931400000,2026-02-24T11:10:00Z,0.11682,0.11688,0.11673,0.11685,132307.3,15457.161648,0.11683,0.11689,0.1168,0.11685,0.11694,0.11699,0.11691,0.11693,-0.00007765,-0.00008278,-0.00022201,-0.00008278,-8.000000000001062e-05,-0.0006841700162491287
1771931700000,2026-02-24T11:15:00Z,0.11685,0.11722,0.1168,0.11722,566417.6,66232.577126,0.11685,0.11722,0.11684,0.11722,0.11693,0.11727,0.11692,0.11727,-0.00008278,-0.00002333,-0.00017024,-0.00002333,-4.999999999999449e-05,-0.00042636650464734796
1771932000000,2026-02-24T11:20:00Z,0.11722,0.11745,0.11706,0.11712,787272.2,92330.945943,0.11722,0.11745,0.11712,0.11712,0.11727,0.11749,0.11722,0.11723,-0.00002333,0,-0.00027776,-0.00027776,-0.00010999999999999899,-0.0009383263669709033
1771932300000,2026-02-24T11:25:00Z,0.11712,0.11731,0.11712,0.11725,301321.1,35316.86178,0.11712,0.11732,0.11712,0.11725,0.11723,0.11738,0.11721,0.11728,-0.00027776,0,-0.00048577,0,-3.0000000000002247e-05,-0.00025579809004094687
1771932600000,2026-02-24T11:30:00Z,0.11725,0.11725,0.11676,0.11695,671723.8,78524.61032,0.11725,0.11725,0.11682,0.11695,0.11728,0.1173,0.11691,0.117,0,0,0,0,-5.000000000000837e-05,-0.00042735042735049885
1771932900000,2026-02-24T11:35:00Z,0.11695,0.11706,0.11682,0.11703,245456.2,28698.181875,0.11695,0.11706,0.11683,0.11703,0.117,0.11715,0.11694,0.11715,0,-0.0003559,-0.00059343,-0.0003559,-0.00012000000000000899,-0.0010243277848912419
1771933200000,2026-02-24T11:40:00Z,0.11703,0.11703,0.11682,0.11688,271405.5,31725.579877,0.11703,0.11703,0.11686,0.11688,0.11715,0.11715,0.11699,0.11699,-0.0003559,-0.00015535,-0.00066005,-0.00015535,-0.00010999999999999899,-0.0009402513035302076
1771933500000,2026-02-24T11:45:00Z,0.11688,0.11707,0.11672,0.11704,633353.5,74003.55233,0.11688,0.11707,0.11679,0.11704,0.11699,0.11711,0.1169,0.11711,-0.00015535,0,-0.00041371,-0.00041371,-7.000000000000062e-05,-0.0005977286312014398
1771933800000,2026-02-24T11:50:00Z,0.11704,0.11708,0.11686,0.11703,192942.1,22569.01249,0.11704,0.11708,0.11687,0.11707,0.11711,0.11716,0.11695,0.11711,-0.00041371,0,0,0,-8.000000000001062e-05,-0.0006831184356588729
1771934100000,2026-02-24T11:55:00Z,0.11703,0.11757,0.11697,0.11744,516703.6,60625.304788,0.11707,0.11754,0.11705,0.11751,0.11711,0.11756,0.11711,0.11755,0,0,0,0,-0.00010999999999999899,-0.000935772011909817
1771934400000,2026-02-24T12:00:00Z,0.11744,0.1175,0.117,0.11705,385539.1,45211.703251,0.11751,0.11751,0.11704,0.11708,0.11755,0.11755,0.11713,0.11719,0,-0.00041973,-0.000534,-0.00041973,-0.00014000000000000123,-0.0011946411809881494
1771934700000,2026-02-24T12:05:00Z,0.11705,0.11725,0.11696,0.11703,384789.6,45057.278596,0.11708,0.11725,0.11701,0.11703,0.11719,0.11733,0.1171,0.1171,-0.00041973,-0.00009484,-0.00039728,-0.00039728,-7.000000000000062e-05,-0.0005977796754910386
1771935000000,2026-02-24T12:10:00Z,0.11703,0.11766,0.117,0.11713,728918.8,85501.937579,0.11703,0.11762,0.11703,0.11713,0.1171,0.11764,0.1171,0.1172,-0.00039728,0,-0.00000885,-0.00000885,-7.000000000000062e-05,-0.0005972696245733841
1771935300000,2026-02-24T12:15:00Z,0.11713,0.11714,0.11689,0.11691,186507.4,21819.932625,0.11713,0.11714,0.11689,0.11691,0.1172,0.11725,0.11708,0.11708,-0.00000885,-0.00107531,-0.00131286,-0.00107531,-0.00017000000000000348,-0.0014519986334130806
1771935600000,2026-02-24T12:20:00Z,0.11691,0.11719,0.11685,0.11715,175387.5,20521.180791,0.11691,0.1172,0.11685,0.11715,0.11708,0.11735,0.11703,0.11728,-0.00107531,-0.00055064,-0.00092284,-0.00055064,-0.00012999999999999123,-0.0011084583901772786
1771935900000,2026-02-24T12:25:00Z,0.11715,0.11726,0.11703,0.11722,345584.9,40480.970062,0.11715,0.11725,0.11707,0.11725,0.11728,0.1174,0.11724,0.1174,-0.00055064,-0.00098977,-0.00109821,-0.00098977,-0.0001799999999999996,-0.0015332197614991447
1771936200000,2026-02-24T12:30:00Z,0.11722,0.11739,0.11684,0.11687,342756.2,40154.933074,0.11725,0.11739,0.11685,0.11687,0.1174,0.11749,0.11699,0.11699,-0.00098977,-0.00018061,-0.00125147,-0.00125147,-0.00011999999999999511,-0.001025728694760194
1771936500000,2026-02-24T12:35:00Z,0.11687,0.11697,0.11642,0.11644,536912.2,62699.64676,0.11687,0.11697,0.11655,0.11655,0.11699,0.11705,0.11663,0.11663,-0.00125147,-0.00023115,-0.00027992,-0.00023115,-0.00018999999999999573,-0.0016290834262196324
1771936800000,2026-02-24T12:40:00Z,0.11644,0.11684,0.11642,0.11655,742528.9,86596.872645,0.11655,0.11683,0.11651,0.11655,0.11663,0.11695,0.11661,0.11662,-0.00023115,-0.00038234,-0.00043667,-0.00038234,-7.000000000000062e-05,-0.0006002400960384206
1771937100000,2026-02-24T12:45:00Z,0.11655,0.11665,0.11644,0.11652,496828,57901.556201,0.11655,0.11665,0.11651,0.11656,0.11662,0.11673,0.11657,0.11663,-0.00038234,0,-0.00026189,-0.00026189,-0.00010999999999999899,-0.0009431535625482207
1771937400000,2026-02-24T12:50:00Z,0.11652,0.11683,0.11647,0.11659,407795.5,47567.944692,0.11656,0.11682,0.11649,0.11661,0.11663,0.11685,0.11657,0.11672,-0.00026189,0,-0.00091053,-0.00091053,-0.0001300000000000051,-0.0011137765592872267
1771937700000,2026-02-24T12:55:00Z,0.11659,0.11685,0.11659,0.11685,112754.8,13158.256457,0.11661,0.11685,0.11661,0.11685,0.11672,0.11694,0.11672,0.11694,-0.00091053,-0.00058604,-0.00069934,-0.00069934,-9.000000000000674e-05,-0.0007696254489482361
1771938000000,2026-02-24T13:00:00Z,0.11685,0.11699,0.11655,0.11664,330368.2,38573.001246,0.11685,0.11699,0.11657,0.11664,0.11694,0.11704,0.1167,0.11672,-0.00069934,-0.00012759,-0.00092584,-0.00012759,-8.000000000001062e-05,-0.0006854009595614343
1771938300000,2026-02-24T13:05:00Z,0.11664,0.11664,0.11627,0.11654,496156.5,57770.9042,0.11664,0.11664,0.11634,0.11654,0.11672,0.11672,0.11646,0.11657,-0.00012759,0,0,0,-2.999999999998837e-05,-0.0002573560950500847
1771938600000,2026-02-24T13:10:00Z,0.11654,0.11664,0.11623,0.11628,367043.7,42703.834081,0.11654,0.11662,0.11629,0.11629,0.11657,0.11666,0.11644,0.11644,0,-0.00055529,-0.00068935,-0.00068935,-0.00016000000000000736,-0.001374098248024797
1771938900000,2026-02-24T13:15:00Z,0.11628,0.1163,0.11549,0.11578,3117660.7,361032.958028,0.11629,0.11631,0.11552,0.11578,0.11644,0.11646,0.11566,0.11587,-0.00068935,-0.00055599,-0.00086183,-0.00055599,-9.000000000000674e-05,-0.0007767325450936976
1771939200000,2026-02-24T13:20:00Z,0.11578,0.11581,0.11538,0.11543,793484,91731.28342,0.11578,0.11578,0.11542,0.11549,0.11587,0.11587,0.11552,0.11557,-0.00055599,-0.00005234,-0.00012517,-0.00005234,-0.00014000000000000123,-0.0012113870381587023
1771939500000,2026-02-24T13:25:00Z,0.11543,0.11543,0.11488,0.11491,1793962.4,206429.015279,0.11549,0.11549,0.11493,0.11496,0.11557,0.11557,0.11505,0.11508,-0.00005234,-0.00036587,-0.00075162,-0.00075162,-0.00017000000000000348,-0.0014772332290580769
1771939800000,2026-02-24T13:30:00Z,0.11491,0.11619,0.1146,0.1158,3131855.8,361173.876731,0.11496,0.11617,0.11475,0.11582,0.11508,0.11625,0.11483,0.11591,-0.00075162,0,-0.0004068,0,-0.00010999999999999899,-0.000949012164610465
1771940100000,2026-02-24T13:35:00Z,0.1158,0.11616,0.11568,0.11592,1717372.9,199046.945168,0.11582,0.11612,0.11574,0.11596,0.11591,0.11616,0.1158,0.11608,0,-0.00054576,-0.00079081,-0.00079081,-0.00016000000000000736,-0.001378359751895308
1771940400000,2026-02-24T13:40:00Z,0.11592,0.11606,0.1158,0.11603,783498.9,90825.576463,0.11596,0.11604,0.11581,0.11603,0.11608,0.11613,0.11593,0.11611,-0.00079081,0,-0.00026985,-0.00026985,-8.000000000001062e-05,-0.000689001808629839
1771940700000,2026-02-24T13:45:00Z,0.11603,0.11608,0.11581,0.11599,470566.2,54562.205209,0.11603,0.11608,0.11583,0.11599,0.11611,0.11618,0.11593,0.11608,-0.00026985,-0.00025548,-0.00026188,-0.00026188,-9.000000000000674e-05,-0.0007753273604411331
1771941000000,2026-02-24T13:50:00Z,0.11599,0.116,0.11574,0.11584,430701.7,49901.324194,0.11599,0.11599,0.11575,0.11585,0.11608,0.1161,0.11589,0.11597,-0.00026188,-0.00034489,-0.00068186,-0.00034489,-0.0001300000000000051,-0.0011209795636803062
1771941300000,2026-02-24T13:55:00Z,0.11584,0.11593,0.11554,0.11558,534461.8,61852.972377,0.11585,0.11593,0.11558,0.11558,0.11597,0.11604,0.11572,0.11572,-0.00034489,-0.00008399,-0.00101424,-0.00008399,-0.00014000000000000123,-0.001209816799170422
1771941600000,2026-02-24T14:00:00Z,0.11558,0.11562,0.11488,0.11502,1239979,142822.776955,0.11558,0.1156,0.11497,0.11502,0.11572,0.11572,0.11513,0.11516,-0.00008399,-0.00091317,-0.00136658,-0.00091317,-0.00014000000000000123,-0.0012156998957971626
1771941900000,2026-02-24T14:05:00Z,0.11502,0.11527,0.1148,0.11506,818650.3,94188.820518,0.11502,0.11529,0.11484,0.11506,0.11516,0.11541,0.115,0.11516,-0.00091317,-0.000382,-0.00049383,-0.00049383,-0.00010000000000000286,-0.0008683570684265619
1771942200000,2026-02-24T14:10:00Z,0.11506,0.11526,0.11474,0.11493,957864.6,110164.34187,0.11506,0.11521,0.11482,0.11491,0.11516,0.11526,0.11493,0.11499,-0.00049383,-0.00028062,-0.00100608,-0.00028062,-5.9999999999990616e-05,-0.0005217845030001793
1771942500000,2026-02-24T14:15:00Z,0.11493,0.11503,0.11445,0.11488,2104618.4,241556.639557,0.11491,0.11502,0.11454,0.11493,0.11499,0.11511,0.11464,0.11502,-0.00028062,0,-0.00028532,-0.00028532,-0.00014000000000000123,-0.0012171796209355002
1771942800000,2026-02-24T14:20:00Z,0.11488,0.11524,0.11483,0.11495,728418.2,83789.379305,0.11493,0.11518,0.11488,0.11495,0.11502,0.11526,0.11499,0.11501,-0.00028532,-0.00013977,-0.00067631,-0.00067631,-6.0000000000004494e-05,-0.0005216937657595383
1771943100000,2026-02-24T14:25:00Z,0.11495,0.11516,0.11476,0.11484,264392.7,30408.091336,0.11495,0.11516,0.11482,0.11484,0.11501,0.11522,0.1149,0.11492,-0.00067631,0,-0.00068053,-0.00068053,-7.999999999999674e-05,-0.0006961364427427492
1771943400000,2026-02-24T14:30:00Z,0.11484,0.11519,0.11416,0.11442,4365904.3,500435.896064,0.11484,0.11519,0.11431,0.11442,0.11492,0.11527,0.11438,0.11453,-0.00068053,-0.00085264,-0.00095292,-0.00095292,-0.00011000000000001287,-0.0009604470444426164
1771943700000,2026-02-24T14:35:00Z,0.11442,0.116,0.11431,0.11562,2846834.9,327496.726054,0.11442,0.11592,0.11435,0.11562,0.11453,0.11594,0.1145,0.11572,-0.00095292,0,-0.00018834,-0.00018834,-0.00010000000000000286,-0.0008641548565503185
1771944000000,2026-02-24T14:40:00Z,0.11562,0.11622,0.11535,0.11554,2441990.9,282654.061352,0.11562,0.1161,0.11535,0.11557,0.11572,0.11624,0.11547,0.11569,-0.00018834,-0.000112,-0.00069981,-0.000112,-0.00014999999999999736,-0.0012965684155933732
1771944300000,2026-02-24T14:45:00Z,0.11554,0.11584,0.11511,0.11556,2060514.1,237982.557651,0.11557,0.11577,0.11516,0.11559,0.11569,0.1159,0.1153,0.11572,-0.000112,-0.000397,-0.00103525,-0.00103525,-0.00016000000000000736,-0.0013826477704805336
1771944600000,2026-02-24T14:50:00Z,0.11556,0.11717,0.11526,0.11694,2407837.1,280348.150749,0.11559,0.11715,0.11528,0.11694,0.11572,0.1172,0.11544,0.11697,-0.00103525,0,-0.00043084,0,-3.0000000000002247e-05,-0.0002564760194921967
1771944900000,2026-02-24T14:55:00Z,0.11694,0.11705,0.11619,0.11649,1053625,122868.037783,0.11694,0.11705,0.11626,0.11652,0.11697,0.11705,0.1164,0.11664,0,-0.00031817,-0.00085838,-0.00031817,-0.00014999999999999736,-0.0012860082304526523
1771945200000,2026-02-24T15:00:00Z,0.11649,0.11704,0.11599,0.11704,1767067.6,205704.561988,0.11652,0.11704,0.11607,0.11704,0.11664,0.1171,0.11622,0.11708,-0.00031817,0,-0.00006572,0,-3.999999999999837e-05,-0.0003416467372736451
1771945500000,2026-02-24T15:05:00Z,0.11704,0.11748,0.11643,0.11643,2506426,293026.101993,0.11704,0.11743,0.11646,0.11647,0.11708,0.11753,0.11661,0.11663,0,-0.00048517,-0.0011807,-0.0011807,-0.00019999999999999185,-0.0017148246591785292
1771945800000,2026-02-24T15:10:00Z,0.11643,0.11673,0.11629,0.1166,1139130.3,132708.398785,0.11647,0.11673,0.11635,0.1166,0.11663,0.11681,0.1165,0.11671,-0.0011807,-0.00072932,-0.0012906,-0.00072932,-0.00010999999999999899,-0.0009425070688030074
1771946100000,2026-02-24T15:15:00Z,0.1166,0.11732,0.11653,0.11712,1625497.9,190233.758524,0.1166,0.11732,0.11655,0.11717,0.11671,0.11737,0.11671,0.1173,-0.00072932,-0.00039308,-0.00101909,-0.00039308,-0.0001799999999999996,-0.0015345268542199455
1771946400000,2026-02-24T15:20:00Z,0.11712,0.11742,0.11656,0.11711,1269508.2,148522.983304,0.11717,0.1174,0.11664,0.11717,0.1173,0.11746,0.11681,0.1173,-0.00039308,0,-0.00117109,0,-0.00018999999999999573,-0.0016197783461210206
1771946700000,2026-02-24T15:25:00Z,0.11711,0.11711,0.11655,0.117,1003455.3,117185.271894,0.11717,0.11717,0.11657,0.117,0.1173,0.1173,0.11671,0.11711,0,-0.00038236,-0.0005357,-0.00038236,-0.00010999999999999899,-0.000939287849030817
1771947000000,2026-02-24T15:30:00Z,0.117,0.11709,0.11659,0.11662,1131811.5,132197.414633,0.117,0.11709,0.11668,0.11669,0.11711,0.11719,0.11681,0.11682,-0.00038236,-0.00040833,-0.00074465,-0.00040833,-0.00019999999999999185,-0.0017120356103406255
1771947300000,2026-02-24T15:35:00Z,0.11662,0.11671,0.11615,0.1162,824730.8,95957.342655,0.11669,0.11671,0.11616,0.11621,0.11682,0.11682,0.11636,0.1164,-0.00040833,-0.00088765,-0.00131517,-0.00131517,-0.00020000000000000573,-0.0017182130584192932
1771947600000,2026-02-24T15:40:00Z,0.1162,0.11636,0.11572,0.11598,1742352.3,202059.026767,0.11621,0.11636,0.11574,0.11598,0.1164,0.11654,0.11589,0.11608,-0.00131517,-0.00039182,-0.00046831,-0.00039182,-0.00010000000000000286,-0.0008614748449345525
1771947900000,2026-02-24T15:45:00Z,0.11598,0.11639,0.11584,0.11639,1003523,116514.284036,0.11598,0.11639,0.1159,0.11639,0.11608,0.11651,0.11604,0.11651,-0.00039182,-0.00079256,-0.0015916,-0.0015916,-0.00012000000000000899,-0.001029954510342537
1771948200000,2026-02-24T15:50:00Z,0.11639,0.11758,0.11601,0.1175,3890908,454999.372782,0.11639,0.11756,0.11609,0.1175,0.11651,0.11768,0.11626,0.11766,-0.0015916,-0.00059641,-0.00067621,-0.00059641,-0.00016000000000000736,-0.0013598504164542525
1771948500000,2026-02-24T15:55:00Z,0.1175,0.1182,0.11744,0.11785,2521544.8,297232.050766,0.1175,0.1182,0.11749,0.11785,0.11766,0.11828,0.11765,0.11798,-0.00059641,-0.00061915,-0.00084227,-0.00084227,-0.0001300000000000051,-0.001101881674860189
1771948800000,2026-02-24T16:00:00Z,0.11785,0.11836,0.11649,0.11822,4391143.3,514970.661894,0.11785,0.11835,0.11662,0.11822,0.11798,0.11835,0.11676,0.1183,-0.00084227,-0.00015217,-0.00021569,-0.00021569,-7.999999999999674e-05,-0.0006762468300929564
1771949100000,2026-02-24T16:05:00Z,0.11822,0.11822,0.11768,0.11804,1682417.6,198450.017062,0.11822,0.11822,0.11774,0.11809,0.1183,0.11831,0.11787,0.11824,-0.00021569,-0.00034775,-0.00075124,-0.00075124,-0.00019999999999999185,-0.0016914749661704317
1771949400000,2026-02-24T16:10:00Z,0.11804,0.11805,0.11749,0.1176,959904.6,113023.170861,0.11809,0.11809,0.11757,0.1176,0.11824,0.11824,0.11771,0.11773,-0.00075124,-0.00085618,-0.00117512,-0.00117512,-0.0001300000000000051,-0.0011042215238257463
1771949700000,2026-02-24T16:15:00Z,0.1176,0.11781,0.11742,0.11778,857619.1,100884.841368,0.1176,0.11778,0.11748,0.11778,0.11773,0.11789,0.11762,0.11786,-0.00117512,-0.00045872,-0.00077976,-0.00045872,-8.000000000001062e-05,-0.0006787714237231513
1771950000000,2026-02-24T16:20:00Z,0.11778,0.11778,0.11732,0.11735,645491.1,75858.51311,0.11778,0.11778,0.11734,0.11735,0.11786,0.11788,0.1175,0.1175,-0.00045872,-0.00063516,-0.0009785,-0.00063516,-0.00014999999999999736,-0.0012765957446808287
1771950300000,2026-02-24T16:25:00Z,0.11735,0.11747,0.11691,0.11711,569632.5,66775.660353,0.11735,0.11747,0.11696,0.11714,0.1175,0.11757,0.11711,0.11732,-0.00063516,-0.00067801,-0.00094224,-0.00067801,-0.00020999999999998797,-0.0017899761336514488
1771950600000,2026-02-24T16:30:00Z,0.11711,0.1172,0.11638,0.11654,1475281.6,172093.268743,0.11714,0.1172,0.11646,0.11658,0.11732,0.11734,0.11663,0.11672,-0.00067801,-0.000427,-0.00106161,-0.000427,-0.0001799999999999996,-0.001542152159013019
1771950900000,2026-02-24T16:35:00Z,0.11654,0.11735,0.11654,0.1172,820706.6,95965.156896,0.11658,0.11735,0.11658,0.11724,0.11672,0.11739,0.1167,0.11733,-0.000427,-0.00012131,-0.00055589,-0.00055589,-0.0001300000000000051,-0.0011079860223302234
1771951200000,2026-02-24T16:40:00Z,0.1172,0.11827,0.11714,0.11791,1099044.8,129492.580522,0.11724,0.11824,0.11721,0.11796,0.11733,0.1183,0.1173,0.11809,-0.00055589,-0.00001159,-0.0003519,-0.0003519,-0.0001799999999999996,-0.0015242611567448522
1771951500000,2026-02-24T16:45:00Z,0.11791,0.11805,0.11742,0.11746,661750.3,77898.625095,0.11796,0.11804,0.11744,0.11746,0.11809,0.11811,0.11761,0.11761,-0.0003519,-0.00044083,-0.00063978,-0.00044083,-0.00015000000000001124,-0.0012754017515518342
1771951800000,2026-02-24T16:50:00Z,0.11746,0.11747,0.11711,0.11723,562601.2,65973.076761,0.11746,0.11747,0.11711,0.11723,0.11761,0.11762,0.11727,0.1174,-0.00044083,-0.00064326,-0.00072203,-0.00072203,-0.00017000000000000348,-0.0014480408858603363
1771952100000,2026-02-24T16:55:00Z,0.11723,0.11867,0.11723,0.11858,1359666.2,160449.72117,0.11723,0.11864,0.11723,0.1186,0.1174,0.11866,0.1174,0.11866,-0.00072203,0,0,0,-7.999999999999674e-05,-0.000674195179504439
1771952400000,2026-02-24T17:00:00Z,0.11858,0.11881,0.11812,0.11858,1856568.2,219957.240581,0.1186,0.11872,0.11814,0.11861,0.11866,0.11888,0.11825,0.11873,0,0,-0.00083894,-0.00083894,-0.00014999999999999736,-0.001263370672955423
1771952700000,2026-02-24T17:05:00Z,0.11858,0.11883,0.11844,0.11863,1283781.3,152309.939237,0.11861,0.11882,0.11849,0.11863,0.11873,0.11896,0.11862,0.11876,-0.00083894,-0.00074257,-0.00106265,-0.00106265,-0.0001300000000000051,-0.0010946446615022322
1771953000000,2026-02-24T17:10:00Z,0.11863,0.11865,0.1182,0.11857,785977.7,93123.628359,0.11863,0.11863,0.11824,0.1186,0.11876,0.11881,0.11843,0.11873,-0.00106265,-0.00063137,-0.00067377,-0.00067377,-0.00016000000000000736,-0.00134759538448587
1771953300000,2026-02-24T17:15:00Z,0.11857,0.11861,0.11827,0.11842,981311.2,116240.074459,0.1186,0.11861,0.11828,0.11842,0.11873,0.11873,0.11845,0.11857,-0.00067377,-0.00043452,-0.0011993,-0.00043452,-0.00014999999999999736,-0.0012650754828371204
1771953600000,2026-02-24T17:20:00Z,0.11842,0.11871,0.1183,0.11844,895091,106047.586447,0.11842,0.11871,0.11837,0.11844,0.11857,0.11881,0.11852,0.11858,-0.00043452,-0.0006387,-0.00073216,-0.0006387,-0.00014000000000000123,-0.0011806375442739183
1771953900000,2026-02-24T17:25:00Z,0.11844,0.11855,0.11822,0.11833,494987.2,58581.051414,0.11844,0.11855,0.11833,0.11833,0.11858,0.1187,0.11849,0.11849,-0.0006387,-0.0005314,-0.00057335,-0.00057335,-0.00015999999999999348,-0.0013503249219342854
1771954200000,2026-02-24T17:30:00Z,0.11833,0.11873,0.1183,0.11832,323490.4,38339.147522,0.11833,0.11873,0.1183,0.11832,0.11849,0.11883,0.1184,0.1184,-0.00057335,-0.00057631,-0.00081725,-0.00057631,-8.000000000001062e-05,-0.0006756756756757654
1771954500000,2026-02-24T17:35:00Z,0.11832,0.11832,0.11788,0.1182,366728,43291.377343,0.11832,0.11832,0.11788,0.1182,0.1184,0.1184,0.118,0.11828,-0.00057631,-0.00008057,-0.00011381,-0.00008057,-7.999999999999674e-05,-0.0006763611768684202
1771954800000,2026-02-24T17:40:00Z,0.1182,0.11822,0.11785,0.118,455592.6,53787.407474,0.1182,0.11822,0.1179,0.118,0.11828,0.11828,0.11801,0.11811,-0.00008057,-0.0002439,-0.00063977,-0.00063977,-0.00011000000000001287,-0.0009313351960038342
1771955100000,2026-02-24T17:45:00Z,0.118,0.11804,0.11771,0.11779,462373,54496.184006,0.118,0.11803,0.11771,0.1178,0.11811,0.11816,0.11785,0.11792,-0.00063977,-0.00053381,-0.00093076,-0.00093076,-0.00012999999999999123,-0.001102442333785543
1771955400000,2026-02-24T17:50:00Z,0.11779,0.1178,0.1175,0.1176,206793.5,24327.683008,0.1178,0.1178,0.1175,0.11769,0.11792,0.11792,0.11763,0.11773,-0.00093076,0,0,0,-0.0001300000000000051,-0.0011042215238257463
1771955700000,2026-02-24T17:55:00Z,0.1176,0.11803,0.1175,0.11752,488754.9,57559.40178,0.11769,0.11804,0.11751,0.11752,0.11773,0.11812,0.11764,0.11765,0,-0.00015047,-0.00090357,-0.00090357,-0.0001300000000000051,-0.0011049723756906512
1771956000000,2026-02-24T18:00:00Z,0.11752,0.1178,0.11715,0.11727,689827.4,81015.027277,0.11752,0.11778,0.11723,0.11727,0.11765,0.11792,0.11742,0.11744,-0.00090357,-0.0005402,-0.00110228,-0.0005402,-0.00017000000000000348,-0.0014475476839237353
1771956300000,2026-02-24T18:05:00Z,0.11727,0.1173,0.11673,0.1169,1071086.1,125222.450341,0.11727,0.11729,0.11679,0.1169,0.11744,0.11747,0.117,0.11708,-0.0005402,-0.00129354,-0.00143056,-0.00143056,-0.0001799999999999996,-0.0015374103177314621
1771956600000,2026-02-24T18:10:00Z,0.1169,0.11698,0.11609,0.11614,2248095.3,261776.730326,0.1169,0.11694,0.11615,0.11615,0.11708,0.11708,0.11634,0.11634,-0.00143056,-0.00080549,-0.00087517,-0.00087517,-0.00020000000000000573,-0.001719099192023429
1771956900000,2026-02-24T18:15:00Z,0.11614,0.11671,0.11593,0.11665,1066229.9,123905.410837,0.11615,0.11671,0.11605,0.11666,0.11634,0.11681,0.11623,0.11681,-0.00087517,-0.00075397,-0.00091574,-0.00091574,-0.00015999999999999348,-0.001369745740946781
1771957200000,2026-02-24T18:20:00Z,0.11665,0.11702,0.1166,0.11698,818894.7,95699.506426,0.11666,0.11703,0.11664,0.11696,0.11681,0.11717,0.11678,0.11709,-0.00091574,-0.00104626,-0.00106851,-0.00106851,-0.00010999999999999899,-0.0009394482876419762
1771957500000,2026-02-24T18:25:00Z,0.11698,0.11698,0.11657,0.11662,366587.4,42826.369713,0.11696,0.11697,0.11659,0.11662,0.11709,0.11714,0.11673,0.11678,-0.00106851,-0.00031952,-0.00078151,-0.00031952,-0.00015999999999999348,-0.0013700976194553304
1771957800000,2026-02-24T18:30:00Z,0.11662,0.11672,0.11636,0.11659,991720.5,115558.60313,0.11662,0.11672,0.11642,0.11663,0.11678,0.11684,0.11661,0.11679,-0.00031952,-0.00092785,-0.00134644,-0.00092785,-0.00020000000000000573,-0.001712475383166416
1771958100000,2026-02-24T18:35:00Z,0.11659,0.11659,0.1163,0.11641,610301.5,71051.4454,0.11663,0.11663,0.11633,0.11641,0.11679,0.11679,0.1165,0.11654,-0.00092785,-0.00085405,-0.00115841,-0.00085405,-0.0001300000000000051,-0.0011154968251244645
1771958400000,2026-02-24T18:40:00Z,0.11641,0.11672,0.1164,0.11647,396085.5,46165.917819,0.11641,0.11667,0.11641,0.11647,0.11654,0.11681,0.11654,0.11662,-0.00085405,-0.00127335,-0.00133119,-0.00127335,-0.00014999999999999736,-0.001286228777225153
1771958700000,2026-02-24T18:45:00Z,0.11647,0.11668,0.11645,0.11659,330883,38575.254443,0.11647,0.1167,0.11645,0.11659,0.11662,0.11685,0.11662,0.11674,-0.00127335,-0.00119234,-0.00162387,-0.00119234,-0.00014999999999999736,-0.001284906630118189
1771959000000,2026-02-24T18:50:00Z,0.11659,0.11667,0.11645,0.11659,322589,37599.072091,0.11659,0.11667,0.11647,0.11659,0.11674,0.11677,0.11662,0.11672,-0.00119234,-0.00108606,-0.00121935,-0.00108606,-0.0001300000000000051,-0.0011137765592872267
1771959300000,2026-02-24T18:55:00Z,0.11659,0.11668,0.11648,0.11656,631302.5,73598.316389,0.11659,0.11668,0.11649,0.11663,0.11672,0.11683,0.11668,0.11682,-0.00108606,-0.00099469,-0.00118623,-0.00099469,-0.00025999999999999635,-0.0022256462934428724
1771959600000,2026-02-24T19:00:00Z,0.11656,0.11739,0.11649,0.11706,1130360.3,132336.422302,0.11663,0.11729,0.11652,0.11707,0.11682,0.1174,0.11671,0.11726,-0.00099469,-0.00064471,-0.001233,-0.00064471,-0.00020000000000000573,-0.0017056114617090715
1771959900000,2026-02-24T19:05:00Z,0.11706,0.11753,0.11688,0.117,925186.9,108399.19729,0.11707,0.11752,0.11689,0.117,0.11726,0.11766,0.1171,0.1172,-0.00064471,-0.00107904,-0.00129974,-0.00129974,-0.00019999999999999185,-0.0017064846416381557
1771960200000,2026-02-24T19:10:00Z,0.117,0.1171,0.11672,0.11679,310109.2,36254.670609,0.117,0.1171,0.11673,0.11679,0.1172,0.1173,0.11691,0.11691,-0.00129974,-0.0011795,-0.00155446,-0.0011795,-0.00011999999999999511,-0.0010264305876314696
1771960500000,2026-02-24T19:15:00Z,0.11679,0.11693,0.11642,0.11663,1051900.4,122713.27625,0.11679,0.1169,0.1165,0.11663,0.11691,0.11701,0.11664,0.11675,-0.0011795,-0.00041423,-0.00096054,-0.00096054,-0.00012000000000000899,-0.0010278372591007194
1771960800000,2026-02-24T19:20:00Z,0.11663,0.11714,0.1166,0.11705,332079.9,38839.453674,0.11663,0.11714,0.1166,0.11705,0.11675,0.11724,0.11675,0.11714,-0.00096054,-0.00023345,-0.00091099,-0.00091099,-8.999999999999286e-05,-0.0007683114222297496
1771961100000,2026-02-24T19:25:00Z,0.11705,0.11705,0.11676,0.11685,281494,32914.961725,0.11705,0.11705,0.11679,0.11685,0.11714,0.11714,0.11692,0.11694,-0.00091099,-0.00033732,-0.00065061,-0.00065061,-9.000000000000674e-05,-0.0007696254489482361
1771961400000,2026-02-24T19:30:00Z,0.11685,0.11726,0.11668,0.11703,496996.8,58113.203415,0.11685,0.11727,0.11675,0.1171,0.11694,0.11737,0.11685,0.11726,-0.00065061,-0.000526,-0.00122637,-0.00122637,-0.00023000000000000798,-0.001961453180965444
1771961700000,2026-02-24T19:35:00Z,0.11703,0.11762,0.11703,0.11762,537747.9,63079.687394,0.1171,0.11762,0.11709,0.11762,0.11726,0.11772,0.11726,0.11772,-0.00122637,-0.00054832,-0.00083235,-0.00083235,-0.00010000000000000286,-0.000849473326537571
1771962000000,2026-02-24T19:40:00Z,0.11762,0.11786,0.11746,0.11763,368094.3,43303.305154,0.11762,0.11786,0.1175,0.11763,0.11772,0.11793,0.11765,0.11777,-0.00083235,-0.00054804,-0.00090523,-0.00090523,-0.00014000000000000123,-0.0011887577481531904
1771962300000,2026-02-24T19:45:00Z,0.11763,0.11774,0.1176,0.11765,290056.5,34132.668223,0.11763,0.11774,0.11762,0.11768,0.11777,0.11786,0.11777,0.11781,-0.00090523,-0.00046626,-0.00076663,-0.00076663,-0.00015999999999999348,-0.0013581190051777734
1771962600000,2026-02-24T19:50:00Z,0.11765,0.11792,0.11763,0.11774,667261.3,78615.747015,0.11768,0.11793,0.11765,0.11777,0.11781,0.11805,0.11776,0.11796,-0.00076663,-0.00088883,-0.00102863,-0.00102863,-0.00021999999999999797,-0.001865038996269905
1771962900000,2026-02-24T19:55:00Z,0.11774,0.1178,0.11696,0.11697,778456.5,91369.874381,0.11777,0.11777,0.11701,0.11701,0.11796,0.11796,0.11717,0.11717,-0.00102863,-0.00057424,-0.00058462,-0.00057424,-0.00019999999999999185,-0.001706921566953929
1771963200000,2026-02-24T20:00:00Z,0.11697,0.11708,0.11675,0.11694,888653.1,103909.752016,0.11701,0.11708,0.11679,0.11694,0.11717,0.11721,0.11693,0.11705,-0.00057424,0,-0.00047376,-0.00047376,-0.00010999999999999899,-0.0009397693293464245
1771963500000,2026-02-24T20:05:00Z,0.11694,0.11729,0.1169,0.1169,322895.6,37818.606485,0.11694,0.11728,0.11694,0.11694,0.11705,0.1173,0.11705,0.11715,-0.00047376,-0.00076778,-0.00113171,-0.00113171,-0.0002500000000000002,-0.0021340162185232627
1771963800000,2026-02-24T20:10:00Z,0.1169,0.11717,0.11656,0.11707,999068.6,116680.118591,0.11694,0.11717,0.11668,0.11707,0.11715,0.11728,0.11679,0.11714,-0.00113171,0,-0.00026575,-0.00026575,-7.000000000000062e-05,-0.0005975755506231912
1771964100000,2026-02-24T20:15:00Z,0.11707,0.11719,0.11694,0.11704,309149.9,36197.064184,0.11707,0.11718,0.11694,0.1171,0.11714,0.11728,0.11704,0.11723,-0.00026575,-0.00017968,-0.00020946,-0.00020946,-0.00018999999999999573,-0.0016207455429497204
1771964400000,2026-02-24T20:20:00Z,0.11704,0.11737,0.11704,0.11735,366979.3,43020.890622,0.1171,0.11737,0.1171,0.11735,0.11723,0.11745,0.11721,0.11745,-0.00020946,-0.00044305,-0.00056727,-0.00056727,-0.00010000000000000286,-0.000851426138782485
1771964700000,2026-02-24T20:25:00Z,0.11735,0.11778,0.11735,0.11772,1087182.9,127894.74849,0.11735,0.11775,0.11735,0.11772,0.11745,0.11786,0.11745,0.1178,-0.00056727,-0.00037213,-0.00048823,-0.00037213,-7.999999999999674e-05,-0.0006791171477079519
1771965000000,2026-02-24T20:30:00Z,0.11772,0.11793,0.11744,0.11764,644962.4,75906.69489,0.11772,0.11792,0.11747,0.11767,0.1178,0.118,0.11761,0.1178,-0.00037213,-0.00023524,-0.0005801,-0.00023524,-0.00016000000000000736,-0.0013582342954160218
1771965300000,2026-02-24T20:35:00Z,0.11764,0.11768,0.11733,0.11746,469646.9,55152.837616,0.11767,0.11768,0.11744,0.11749,0.1178,0.11781,0.11757,0.11762,-0.00023524,-0.00040244,-0.00062608,-0.00040244,-0.00016000000000000736,-0.0013603128719606135
1771965600000,2026-02-24T20:40:00Z,0.11746,0.11788,0.11746,0.11787,359329.5,42285.21327,0.11749,0.11787,0.11749,0.11787,0.11762,0.11792,0.11762,0.11792,-0.00040244,-0.00025431,-0.00065471,-0.00025431,-4.999999999999449e-05,-0.00042401628222519074
1771965900000,2026-02-24T20:45:00Z,0.11787,0.11788,0.1172,0.1172,192975.1,22686.062278,0.11787,0.11788,0.11724,0.11724,0.11792,0.11798,0.11743,0.11743,-0.00025431,-0.00082555,-0.00146478,-0.00146478,-0.00023000000000000798,-0.001958613642169871
1771966200000,2026-02-24T20:50:00Z,0.1172,0.11747,0.1172,0.11732,231737,27184.361769,0.11724,0.11747,0.11721,0.11732,0.11743,0.11754,0.11735,0.11738,-0.00146478,-0.0001037,-0.00069655,-0.0001037,-6.0000000000004494e-05,-0.0005111603339581232
1771966500000,2026-02-24T20:55:00Z,0.11732,0.1174,0.11716,0.11735,183001.9,21461.208829,0.11732,0.11737,0.11718,0.11735,0.11738,0.11743,0.11728,0.11743,-0.0001037,0,-0.00044345,0,-8.000000000001062e-05,-0.0006812569190156741
1771966800000,2026-02-24T21:00:00Z,0.11735,0.11748,0.11646,0.11655,1056327,123544.437248,0.11735,0.11745,0.11651,0.11654,0.11743,0.11753,0.11665,0.11672,0,-0.00035292,-0.00102089,-0.00102089,-0.00017000000000000348,-0.0014564770390678844
1771967100000,2026-02-24T21:05:00Z,0.11655,0.11689,0.11652,0.11687,515957.6,60219.245216,0.11654,0.11689,0.11652,0.11687,0.11672,0.11693,0.11665,0.11692,-0.00102089,-0.00018438,-0.00061844,-0.00018438,-4.999999999999449e-05,-0.0004276428327060768
1771967400000,2026-02-24T21:10:00Z,0.11687,0.11709,0.11671,0.11679,533683.7,62388.814326,0.11687,0.11709,0.11677,0.11679,0.11692,0.1171,0.11689,0.11691,-0.00018438,-0.0000228,-0.00018431,-0.00018431,-0.00011999999999999511,-0.0010264305876314696
1771967700000,2026-02-24T21:15:00Z,0.11679,0.11686,0.11618,0.11634,696373.6,81080.937555,0.11679,0.11686,0.11624,0.11634,0.11691,0.11692,0.1164,0.11649,-0.00018431,-0.00071102,-0.0008036,-0.0008036,-0.00014999999999999736,-0.001287664177182568
1771968000000,2026-02-24T21:20:00Z,0.11634,0.11662,0.11632,0.11662,243024.2,28303.363642,0.11634,0.11663,0.11633,0.11662,0.11649,0.11674,0.11648,0.1167,-0.0008036,-0.00033238,-0.0009092,-0.00033238,-7.999999999999674e-05,-0.0006855184233075985
1771968300000,2026-02-24T21:25:00Z,0.11662,0.11702,0.11662,0.11684,439619.9,51342.8495,0.11662,0.11697,0.11662,0.11684,0.1167,0.11706,0.1167,0.1169,-0.00033238,0,-0.00039511,0,-6.0000000000004494e-05,-0.0005132591958939649
1771968600000,2026-02-24T21:30:00Z,0.11684,0.11702,0.11673,0.11683,270108,31571.559928,0.11684,0.117,0.11674,0.11683,0.1169,0.11709,0.11685,0.11695,0,-0.00031437,-0.00076744,-0.00031437,-0.00011999999999999511,-0.0010260795211628484
1771968900000,2026-02-24T21:35:00Z,0.11683,0.11727,0.11683,0.11713,309805,36261.804922,0.11683,0.11726,0.11683,0.11714,0.11695,0.11732,0.11695,0.11721,-0.00031437,-0.00022814,-0.00041411,-0.00022814,-7.999999999999674e-05,-0.000682535619827632
1771969200000,2026-02-24T21:40:00Z,0.11713,0.11739,0.11713,0.11738,269098.4,31557.961241,0.11714,0.11739,0.11714,0.11738,0.11721,0.11744,0.11721,0.11741,-0.00022814,-0.0000063,-0.00035762,-0.00035762,-3.0000000000002247e-05,-0.0002555148624478515
1771969500000,2026-02-24T21:45:00Z,0.11738,0.11782,0.11726,0.1173,831812.4,97824.30122,0.11738,0.11777,0.1173,0.1173,0.11741,0.11777,0.11738,0.11738,-0.00035762,0,-0.0006638,-0.0006638,-7.999999999999674e-05,-0.0006815471119440854
1771969800000,2026-02-24T21:50:00Z,0.1173,0.11744,0.11716,0.11734,269415.2,31604.259945,0.1173,0.11744,0.1172,0.11736,0.11738,0.11753,0.11734,0.1175,-0.0006638,-0.00060524,-0.00063891,-0.00063891,-0.00015999999999999348,-0.001361702127659519
1771970100000,2026-02-24T21:55:00Z,0.11734,0.11759,0.11734,0.11747,166369.3,19543.950947,0.11736,0.11759,0.11736,0.11748,0.1175,0.11768,0.1175,0.11759,-0.00063891,-0.00017776,-0.00043023,-0.00043023,-0.00011999999999999511,-0.0010204949400458806
1771970400000,2026-02-24T22:00:00Z,0.11747,0.11826,0.11739,0.11806,608791.1,71797.634374,0.11748,0.11826,0.11745,0.11808,0.11759,0.1183,0.11754,0.11814,-0.00043023,0,0,0,-7.999999999999674e-05,-0.0006771626883358452
1771970700000,2026-02-24T22:05:00Z,0.11806,0.11855,0.11806,0.11846,825899.2,97725.18207,0.11808,0.11854,0.11808,0.11845,0.11814,0.11855,0.11812,0.11847,0,0,0,0,-1.0000000000010001e-05,-8.44095551617287e-05
1771971000000,2026-02-24T22:10:00Z,0.11846,0.11874,0.11831,0.11861,855687.8,101422.409714,0.11845,0.11872,0.1184,0.11864,0.11847,0.11873,0.11846,0.11872,0,0,0,0,-0.00011000000000001287,-0.0009265498652292188
1771971300000,2026-02-24T22:15:00Z,0.11861,0.11866,0.11804,0.11821,501251.7,59314.166283,0.11864,0.11866,0.11807,0.11821,0.11872,0.11873,0.11823,0.11834,0,-0.00025078,-0.00036581,-0.00025078,-0.0001300000000000051,-0.0010985296603008713
1771971600000,2026-02-24T22:20:00Z,0.11821,0.11841,0.11818,0.11828,128971.6,15256.741599,0.11821,0.11841,0.11821,0.11833,0.11834,0.11851,0.11834,0.11846,-0.00025078,0,-0.00003873,0,-0.0001799999999999996,-0.001519500253250039
1771971900000,2026-02-24T22:25:00Z,0.11828,0.11828,0.11771,0.11798,1121439.4,132203.865761,0.11833,0.11833,0.11784,0.11798,0.11846,0.11846,0.11793,0.11803,0,0,0,0,-4.999999999999449e-05,-0.00042362111327623903
1771972200000,2026-02-24T22:30:00Z,0.11798,0.11798,0.11771,0.11772,78127.2,9205.166131,0.11798,0.11798,0.11774,0.11775,0.11803,0.11803,0.11781,0.11782,0,0,0,0,-9.999999999998899e-05,-0.0008487523340688253
1771972500000,2026-02-24T22:35:00Z,0.11772,0.11791,0.11761,0.11781,172860.1,20359.863077,0.11775,0.11792,0.11762,0.11786,0.11782,0.118,0.11769,0.11794,0,0,-0.00020761,-0.00020761,-0.0001300000000000051,-0.0011022553840936502
1771972800000,2026-02-24T22:40:00Z,0.11781,0.11798,0.11774,0.11782,280175.9,33031.738391,0.11786,0.11797,0.11781,0.11782,0.11794,0.118,0.11787,0.11794,-0.00020761,-0.00046364,-0.00057044,-0.00046364,-0.00012000000000000899,-0.001017466508394175
1771973100000,2026-02-24T22:45:00Z,0.11782,0.11791,0.11777,0.11791,88601.3,10441.625878,0.11782,0.11797,0.11777,0.11797,0.11794,0.118,0.11788,0.118,-0.00046364,0,0,0,-8.999999999999286e-05,-0.0007627118644067192
1771973400000,2026-02-24T22:50:00Z,0.11791,0.11791,0.11759,0.11773,163267.3,19215.793581,0.11797,0.11797,0.1176,0.11773,0.118,0.118,0.11773,0.11781,0,-0.00027815,-0.0006334,-0.00027815,-7.999999999999674e-05,-0.0006790595025888867
1771973700000,2026-02-24T22:55:00Z,0.11773,0.11793,0.11773,0.11787,235083.8,27693.425134,0.11773,0.11793,0.11773,0.11787,0.11781,0.11803,0.11781,0.11796,-0.00027815,-0.00021073,-0.00027381,-0.00021073,-8.999999999999286e-05,-0.0007629704984739985
1771974000000,2026-02-24T23:00:00Z,0.11787,0.1185,0.11787,0.11795,591835.1,70045.948657,0.11787,0.1185,0.11787,0.11806,0.11796,0.11856,0.11796,0.11813,-0.00021073,0,0,0,-0.0001799999999999996,-0.0015237450266655345
1771974300000,2026-02-24T23:05:00Z,0.11795,0.11799,0.1176,0.11767,281925.5,33195.885325,0.11806,0.11806,0.11765,0.11769,0.11813,0.11813,0.11775,0.11782,0,-0.00044795,-0.0006601,-0.0006601,-0.00014999999999999736,-0.0012731285011033557
1771974600000,2026-02-24T23:10:00Z,0.11767,0.11804,0.11765,0.11792,354422.6,41777.072819,0.11769,0.11804,0.11765,0.11797,0.11782,0.11811,0.11774,0.11802,-0.0006601,0,0,0,-0.00010000000000000286,-0.0008473140145738253
1771974900000,2026-02-24T23:15:00Z,0.11792,0.11801,0.11785,0.11789,146224.3,17244.071532,0.11797,0.11801,0.11787,0.11792,0.11802,0.11808,0.11795,0.11803,0,-0.00050872,-0.00056025,-0.00056025,-0.00014000000000000123,-0.0011861391171736103
1771975200000,2026-02-24T23:20:00Z,0.11789,0.11839,0.11789,0.1182,534417.6,63145.014383,0.11792,0.11837,0.11791,0.1182,0.11803,0.11844,0.11801,0.1183,-0.00056025,0,-0.00054591,-0.00054591,-0.00010000000000000286,-0.0008453085376162542
1771975500000,2026-02-24T23:25:00Z,0.1182,0.11866,0.11814,0.11857,335277.3,39715.514973,0.1182,0.11862,0.11818,0.1186,0.1183,0.11869,0.11828,0.11867,-0.00054591,-0.00001113,-0.00019435,-0.00001113,-0.00010000000000000286,-0.0008426729586247819
1771975800000,2026-02-24T23:30:00Z,0.11857,0.11888,0.11837,0.11839,816274.2,96872.083061,0.1186,0.11894,0.11839,0.11839,0.11867,0.119,0.11852,0.11856,-0.00001113,-0.00039371,-0.00084707,-0.00084707,-0.00017000000000000348,-0.0014338731443994895
1771976100000,2026-02-24T23:35:00Z,0.11839,0.11876,0.11839,0.11865,350977.2,41632.392519,0.11839,0.11874,0.11839,0.11865,0.11856,0.11887,0.11856,0.11875,-0.00084707,-0.00059786,-0.00106853,-0.00059786,-9.999999999998899e-05,-0.0008421052631578021
1771976400000,2026-02-24T23:40:00Z,0.11865,0.11865,0.11846,0.11846,142607.9,16907.231872,0.11865,0.11865,0.11851,0.11851,0.11875,0.11875,0.11866,0.1187,-0.00059786,-0.00017241,-0.00159846,-0.00159846,-0.0002400000000000041,-0.0020219039595619553
1771976700000,2026-02-24T23:45:00Z,0.11846,0.1185,0.11815,0.1182,214990.4,25438.019839,0.11851,0.11851,0.11815,0.1182,0.1187,0.1187,0.11831,0.11831,-0.00159846,-0.00129876,-0.00157338,-0.00157338,-0.00010999999999999899,-0.0009297607979038034
1771977000000,2026-02-24T23:50:00Z,0.1182,0.11835,0.11806,0.11816,244606.5,28915.571131,0.1182,0.11835,0.11812,0.11817,0.11831,0.11843,0.11823,0.11828,-0.00157338,0,-0.00047692,0,-0.00011999999999999511,-0.0010145417653026304
1771977300000,2026-02-24T23:55:00Z,0.11816,0.11828,0.11766,0.11769,351245.4,41423.918146,0.11817,0.1183,0.11769,0.11769,0.11828,0.11836,0.11781,0.11781,0,-0.00056221,-0.00066438,-0.00066438,-0.00011999999999999511,-0.00101858925388333
1771977600000,2026-02-25T00:00:00Z,0.11769,0.11797,0.11743,0.11774,1364135.6,160531.427264,0.11769,0.11797,0.11747,0.11779,0.11781,0.11801,0.11759,0.11789,-0.00066438,-0.00016098,-0.0004582,-0.00016098,-0.00014999999999999736,-0.0012723725506828176
1771977900000,2026-02-25T00:05:00Z,0.11774,0.11779,0.11758,0.11758,268286.7,31579.90741,0.11779,0.11779,0.11761,0.11761,0.11789,0.11789,0.11772,0.11772,-0.00016098,-0.00045426,-0.00056944,-0.00045426,-0.00014000000000000123,-0.0011892626571525758
1771978200000,2026-02-25T00:10:00Z,0.11758,0.11822,0.11758,0.11781,567730.8,66959.665171,0.11761,0.1182,0.11761,0.11782,0.11772,0.11827,0.11772,0.11795,-0.00045426,-0.00052017,-0.00077508,-0.00077508,-0.00014000000000000123,-0.0011869436201780521
1771978500000,2026-02-25T00:15:00Z,0.11781,0.11795,0.11772,0.11772,378249.2,44567.666008,0.11782,0.11794,0.11776,0.11778,0.11795,0.11803,0.11789,0.11789,-0.00077508,-0.00042646,-0.00068915,-0.00042646,-0.0001699999999999896,-0.0014420222241071305
1771978800000,2026-02-25T00:20:00Z,0.11772,0.11787,0.11734,0.11787,547740.7,64387.637836,0.11778,0.11787,0.11736,0.11787,0.11789,0.11794,0.11749,0.11792,-0.00042646,-0.00022822,-0.00093125,-0.00022822,-4.999999999999449e-05,-0.00042401628222519074
1771979100000,2026-02-25T00:25:00Z,0.11787,0.11803,0.11772,0.11788,503664.1,59376.830235,0.11787,0.11803,0.11778,0.11788,0.11792,0.11809,0.11785,0.11791,-0.00022822,-0.00027453,-0.0004576,-0.00027453,-3.0000000000002247e-05,-0.0002544313459418391
1771979400000,2026-02-25T00:30:00Z,0.11788,0.11805,0.11775,0.11789,602173.2,70996.009486,0.11788,0.11807,0.11781,0.11789,0.11791,0.11815,0.11791,0.11798,-0.00027453,-0.0001814,-0.00059855,-0.0001814,-9.000000000000674e-05,-0.0007628411595186196
1771979700000,2026-02-25T00:35:00Z,0.11789,0.118,0.11776,0.11786,136072.7,16042.381757,0.11789,0.11803,0.1178,0.11789,0.11798,0.11811,0.11789,0.11797,-0.0001814,-0.00009614,-0.00016823,-0.00009614,-0.00010999999999999899,-0.0009324404509621004
1771980000000,2026-02-25T00:40:00Z,0.11786,0.11837,0.11785,0.11836,427953,50530.452141,0.11789,0.11836,0.11789,0.11836,0.11797,0.1184,0.11797,0.1184,-0.00009614,0,-0.00028295,-0.00028295,-3.999999999999837e-05,-0.00033783783783782403
1771980300000,2026-02-25T00:45:00Z,0.11836,0.11843,0.11791,0.11791,501142.1,59241.439956,0.11836,0.11839,0.11796,0.11798,0.1184,0.11848,0.11804,0.11808,-0.00028295,0,-0.00018002,-0.00018002,-0.00017000000000000348,-0.0014397018970189997
1771980600000,2026-02-25T00:50:00Z,0.11791,0.11804,0.11781,0.11785,257606.9,30376.370508,0.11798,0.11804,0.11782,0.11791,0.11808,0.11814,0.11793,0.118,-0.00018002,-0.00024857,-0.0003916,-0.0003916,-0.00014999999999999736,-0.0012711864406779437
1771980900000,2026-02-25T00:55:00Z,0.11785,0.11794,0.1177,0.11773,179471.8,21147.06259,0.11791,0.11794,0.11773,0.11773,0.118,0.11805,0.11786,0.11787,-0.0003916,-0.00078627,-0.00088463,-0.00088463,-0.00014000000000000123,-0.0011877492152371362
1771981200000,2026-02-25T01:00:00Z,0.11773,0.11795,0.1175,0.11772,1486989.4,175038.559366,0.11773,0.11794,0.11758,0.11776,0.11787,0.118,0.11772,0.1179,-0.00088463,0,-0.00043094,0,-0.0001799999999999996,-0.001526717557251905
1771981500000,2026-02-25T01:05:00Z,0.11772,0.11807,0.11772,0.11793,1308060.1,154234.822658,0.11776,0.11807,0.11776,0.11793,0.1179,0.11815,0.11789,0.11805,0,-0.00001981,-0.0001388,-0.0001388,-0.00012000000000000899,-0.0010165184243965183
1771981800000,2026-02-25T01:10:00Z,0.11793,0.12135,0.11789,0.12103,6567931,789059.350991,0.11793,0.12136,0.11791,0.12103,0.11805,0.12144,0.11801,0.12113,-0.0001388,0,-0.0001062,0,-0.00010000000000000286,-0.0008255593164369097
1771982100000,2026-02-25T01:15:00Z,0.12103,0.12181,0.12034,0.12171,2854072.2,345034.99743,0.12103,0.12172,0.12042,0.12171,0.12113,0.12179,0.12056,0.12179,0,0,0,0,-7.999999999999674e-05,-0.0006568683799983311
1771982400000,2026-02-25T01:20:00Z,0.12171,0.12285,0.1214,0.12183,3106761.8,379726.822404,0.12171,0.12288,0.12149,0.12183,0.12179,0.12298,0.12158,0.12191,0,-0.00059077,-0.00071834,-0.00059077,-8.000000000001062e-05,-0.0006562218029694907
1771982700000,2026-02-25T01:25:00Z,0.12183,0.12202,0.12159,0.12179,966236.9,117716.633143,0.12183,0.122,0.1216,0.12179,0.12191,0.12209,0.12172,0.12187,-0.00059077,0,0,0,-8.000000000001062e-05,-0.0006564371871667401
1771983000000,2026-02-25T01:30:00Z,0.12179,0.12186,0.12111,0.12124,895862,108810.359688,0.12179,0.12185,0.12118,0.12125,0.12187,0.12192,0.12133,0.12138,0,-0.00072106,-0.00116337,-0.00072106,-0.00014000000000000123,-0.0011534025374855927
1771983300000,2026-02-25T01:35:00Z,0.12124,0.12181,0.12106,0.12141,997383,121186.756703,0.12125,0.12181,0.12111,0.1214,0.12138,0.12191,0.12125,0.12156,-0.00072106,-0.00057527,-0.00120596,-0.00120596,-0.00014999999999999736,-0.0012339585389930681
1771983600000,2026-02-25T01:40:00Z,0.12141,0.1215,0.12084,0.12097,378588.6,45867.859585,0.1214,0.1215,0.12085,0.12094,0.12156,0.12163,0.121,0.12106,-0.00120596,-0.00048739,-0.00128664,-0.00128664,-9.000000000000674e-05,-0.0007434330084256298
1771983900000,2026-02-25T01:45:00Z,0.12097,0.12104,0.12059,0.12091,988694.6,119393.389899,0.12094,0.12104,0.12065,0.12096,0.12106,0.12111,0.12078,0.12105,-0.00128664,0,0,0,-0.00014000000000000123,-0.0011565468814539548
1771984200000,2026-02-25T01:50:00Z,0.12091,0.12096,0.12048,0.12054,430393.7,51932.978475,0.12096,0.12096,0.1205,0.12054,0.12105,0.12105,0.12066,0.12066,0,-0.00072812,-0.000774,-0.00072812,-0.00012000000000000899,-0.0009945300845351317
1771984500000,2026-02-25T01:55:00Z,0.12054,0.12081,0.12052,0.12066,475163.3,57331.216658,0.12054,0.12081,0.12054,0.12068,0.12066,0.12092,0.12066,0.12081,-0.00072812,-0.00043364,-0.00053463,-0.00043364,-0.00014999999999999736,-0.0012416190712689129
1771984800000,2026-02-25T02:00:00Z,0.12066,0.12139,0.12062,0.12092,755206.2,91356.837458,0.12068,0.12134,0.12068,0.12093,0.12081,0.1214,0.12081,0.12106,-0.00043364,-0.00025256,-0.00030568,-0.00025256,-0.00014000000000000123,-0.0011564513464397922
1771985100000,2026-02-25T02:05:00Z,0.12092,0.12182,0.12069,0.12121,2146368.2,260672.712774,0.12093,0.12181,0.12078,0.12132,0.12106,0.12184,0.12089,0.12144,-0.00025256,0,0,0,-0.00023000000000000798,-0.0018939393939394595
1771985400000,2026-02-25T02:10:00Z,0.12121,0.12132,0.12104,0.1211,800427.4,96984.602221,0.12132,0.12132,0.12105,0.12114,0.12144,0.12145,0.1212,0.12128,0,-0.00028072,-0.00063137,-0.00028072,-0.0001799999999999996,-0.001484168865435353
1771985700000,2026-02-25T02:15:00Z,0.1211,0.12113,0.12,0.12032,1805430,217271.581743,0.12114,0.12114,0.12019,0.12032,0.12128,0.12128,0.12034,0.12047,-0.00028072,-0.00051487,-0.00078238,-0.00051487,-0.00014999999999999736,-0.0012451232672034314
1771986000000,2026-02-25T02:20:00Z,0.12032,0.12082,0.12029,0.12055,457170.1,55111.700314,0.12032,0.12082,0.1203,0.12058,0.12047,0.12092,0.12047,0.12072,-0.00051487,-0.00035261,-0.00068171,-0.00068171,-0.0001699999999999896,-0.0014082173624916303
1771986300000,2026-02-25T02:25:00Z,0.12055,0.1209,0.12043,0.12089,201617.4,24327.340791,0.12058,0.1209,0.12045,0.1209,0.12072,0.12101,0.12061,0.12101,-0.00068171,-0.00004055,-0.00028572,-0.00028572,-0.00012000000000000899,-0.0009916535823486406
1771986600000,2026-02-25T02:30:00Z,0.12089,0.12096,0.11994,0.11997,486381.2,58600.283087,0.1209,0.12097,0.11999,0.12002,0.12101,0.12111,0.12015,0.12022,-0.00028572,-0.00069265,-0.00122465,-0.00069265,-0.0002500000000000002,-0.002079520878389621
1771986900000,2026-02-25T02:35:00Z,0.11997,0.11997,0.1196,0.11966,689160.7,82548.932388,0.12002,0.12002,0.1197,0.11974,0.12022,0.12022,0.11983,0.11989,-0.00069265,-0.00062998,-0.00089999,-0.00089999,-0.0002299999999999941,-0.0019184252231211453
1771987200000,2026-02-25T02:40:00Z,0.11966,0.11982,0.11939,0.11979,645773,77245.894805,0.11974,0.11982,0.11949,0.11979,0.11989,0.11992,0.11965,0.11992,-0.00089999,-0.00036525,-0.00072982,-0.00036525,-0.0001300000000000051,-0.0010840560373582815
1771987500000,2026-02-25T02:45:00Z,0.11979,0.12004,0.11977,0.11981,544140,65256.481803,0.11979,0.12003,0.11978,0.11981,0.11992,0.12015,0.11992,0.11995,-0.00036525,-0.0005229,-0.00067857,-0.00067857,-0.00014000000000000123,-0.0011671529804085138
1771987800000,2026-02-25T02:50:00Z,0.11981,0.12003,0.11978,0.11993,349352.7,41901.981143,0.11981,0.12004,0.11979,0.11994,0.11995,0.12014,0.11995,0.1201,-0.00067857,-0.00061453,-0.00080562,-0.00061453,-0.00017000000000000348,-0.0014154870940882888
1771988100000,2026-02-25T02:55:00Z,0.11993,0.11999,0.11959,0.11974,712416,85308.934787,0.11994,0.12003,0.11966,0.11974,0.1201,0.1202,0.1198,0.11989,-0.00061453,-0.00067572,-0.00111725,-0.00067572,-0.00014999999999999736,-0.0012511468846442353
1771988400000,2026-02-25T03:00:00Z,0.11974,0.11982,0.11907,0.11912,468102.1,55829.9004,0.11974,0.11982,0.1191,0.11917,0.11989,0.11994,0.11928,0.11937,-0.00067572,-0.00057013,-0.00066356,-0.00057013,-0.0002500000000000002,-0.002094328558264222
1771988700000,2026-02-25T03:05:00Z,0.11912,0.11929,0.11841,0.11862,1310347.1,155597.310043,0.11917,0.11929,0.11842,0.11862,0.11937,0.11944,0.11863,0.11877,-0.00057013,-0.00044929,-0.00141984,-0.00044929,-0.00014999999999999736,-0.0012629451881788108
1771989000000,2026-02-25T03:10:00Z,0.11862,0.11915,0.11862,0.11897,1003582.5,119402.68383,0.11862,0.11913,0.11862,0.11909,0.11877,0.11927,0.11876,0.11925,-0.00044929,-0.00063373,-0.00086107,-0.00063373,-0.0002799999999999886,-0.0023480083857441393
1771989300000,2026-02-25T03:15:00Z,0.11897,0.11897,0.11787,0.11803,1568027.5,185262.523274,0.11909,0.11909,0.11789,0.11803,0.11925,0.11925,0.1181,0.11818,-0.00063373,-0.00100303,-0.00130582,-0.00130582,-0.00014999999999999736,-0.0012692502961583801
1771989600000,2026-02-25T03:20:00Z,0.11803,0.11818,0.11771,0.1179,901074.6,106245.332254,0.11803,0.11818,0.11771,0.1179,0.11818,0.11836,0.11791,0.11804,-0.00130582,-0.00079908,-0.00127278,-0.00127278,-0.00014000000000000123,-0.0011860386309725621
1771989900000,2026-02-25T03:25:00Z,0.1179,0.11802,0.11761,0.11793,614777.2,72448.063102,0.1179,0.11801,0.11774,0.11793,0.11804,0.11814,0.11789,0.11806,-0.00127278,-0.001178,-0.0013222,-0.001178,-0.0001300000000000051,-0.0011011350160935551
1771990200000,2026-02-25T03:30:00Z,0.11793,0.11836,0.11772,0.11822,873692.3,103138.293833,0.11793,0.11832,0.11777,0.11825,0.11806,0.11845,0.11791,0.11839,-0.001178,-0.00082539,-0.00084541,-0.00084541,-0.0001699999999999896,-0.0014359320888587687
1771990500000,2026-02-25T03:35:00Z,0.11822,0.11839,0.11779,0.118,1080800.8,127585.590665,0.11825,0.11839,0.11784,0.11804,0.11839,0.11849,0.11801,0.11817,-0.00084541,-0.00026245,-0.00045365,-0.00045365,-0.00017000000000000348,-0.001438605399001468
1771990800000,2026-02-25T03:40:00Z,0.118,0.11833,0.1179,0.11822,560479.2,66232.417973,0.11804,0.11833,0.11793,0.11822,0.11817,0.11847,0.11806,0.11833,-0.00045365,-0.00017695,-0.00069834,-0.00017695,-0.00010999999999999899,-0.0009296036508070563
1771991100000,2026-02-25T03:45:00Z,0.11822,0.11831,0.11779,0.11788,450875.1,53244.442602,0.11822,0.11831,0.11782,0.11788,0.11833,0.11841,0.11801,0.11803,-0.00017695,-0.00097387,-0.0010049,-0.0010049,-0.00014999999999999736,-0.0012708633398288347
1771991400000,2026-02-25T03:50:00Z,0.11788,0.1179,0.11772,0.11777,291085.5,34292.443226,0.11788,0.11793,0.11776,0.11782,0.11803,0.11812,0.11793,0.11799,-0.0010049,-0.00071296,-0.00109873,-0.00071296,-0.00021999999999999797,-0.0018645647936265614
1771991700000,2026-02-25T03:55:00Z,0.11777,0.1179,0.11756,0.11769,321624.5,37854.218469,0.11782,0.11789,0.11757,0.11769,0.11799,0.11802,0.11779,0.11785,-0.00071296,-0.00079862,-0.00138257,-0.00079862,-0.00015999999999999348,-0.0013576580398811497
1771992000000,2026-02-25T04:00:00Z,0.11769,0.11798,0.11656,0.1169,2272682.1,266257.839882,0.11769,0.11797,0.11662,0.1169,0.11785,0.11808,0.11674,0.11711,-0.00079862,-0.00100958,-0.00138462,-0.00100958,-0.00021000000000000185,-0.0017931858936043193
1771992300000,2026-02-25T04:05:00Z,0.1169,0.11735,0.11685,0.1171,1660156.4,194438.161988,0.1169,0.11722,0.11685,0.11713,0.11711,0.11736,0.11702,0.11728,-0.00100958,-0.00061831,-0.00112415,-0.00061831,-0.0001799999999999996,-0.001534788540245563
1771992600000,2026-02-25T04:10:00Z,0.1171,0.1175,0.11699,0.11728,717998.4,84198.3933,0.11713,0.1175,0.11701,0.11731,0.11728,0.11761,0.11717,0.1175,-0.00061831,-0.00105739,-0.00130233,-0.00105739,-0.00021999999999999797,-0.0018723404255318978
1771992900000,2026-02-25T04:15:00Z,0.11728,0.11747,0.11671,0.11713,1382632.6,161853.10457,0.11731,0.11745,0.11673,0.11716,0.1175,0.11757,0.11695,0.11736,-0.00105739,-0.00072968,-0.00124265,-0.00072968,-0.00023000000000000798,-0.0019597818677573957
1771993200000,2026-02-25T04:20:00Z,0.11713,0.11731,0.11699,0.11714,894003.5,104715.71795,0.11716,0.11725,0.11705,0.11717,0.11736,0.11749,0.11725,0.11743,-0.00072968,-0.00135158,-0.00147682,-0.00135158,-0.00029000000000001247,-0.0024695563314315974
1771993500000,2026-02-25T04:25:00Z,0.11714,0.11724,0.11693,0.11724,238615.7,27932.649017,0.11717,0.11724,0.11696,0.11724,0.11743,0.11743,0.1172,0.11742,-0.00135158,-0.00098114,-0.00155504,-0.00098114,-0.0001799999999999996,-0.0015329586101175234
1771993800000,2026-02-25T04:30:00Z,0.11724,0.11727,0.11691,0.1171,323636.7,37880.651094,0.11724,0.11726,0.11694,0.1171,0.11742,0.11743,0.11716,0.1173,-0.00098114,-0.00124886,-0.00136938,-0.00136938,-0.00020000000000000573,-0.0017050298380222142
1771994100000,2026-02-25T04:35:00Z,0.1171,0.11759,0.11702,0.11759,432870.6,50738.018303,0.1171,0.11759,0.11703,0.11759,0.1173,0.11772,0.11724,0.11772,-0.00136938,-0.00037702,-0.00134161,-0.00134161,-0.0001300000000000051,-0.001104315324498854
1771994400000,2026-02-25T04:40:00Z,0.11759,0.11785,0.11751,0.1176,621275.4,73139.854579,0.11759,0.11785,0.11755,0.1176,0.11772,0.11792,0.11772,0.1178,-0.00134161,-0.001449,-0.00145135,-0.00145135,-0.00020000000000000573,-0.0016977928692699976
1771994700000,2026-02-25T04:45:00Z,0.1176,0.1178,0.11757,0.11778,495280.5,58294.575602,0.1176,0.1178,0.11758,0.11779,0.1178,0.11799,0.11779,0.11799,-0.00145135,-0.00099508,-0.00126811,-0.00126811,-0.00021000000000000185,-0.0017798118484617497
1771995000000,2026-02-25T04:50:00Z,0.11778,0.11778,0.11755,0.11761,499659.8,58796.731135,0.11779,0.11779,0.11762,0.11762,0.11799,0.11799,0.11781,0.11782,-0.00126811,-0.00089244,-0.00104018,-0.00089244,-0.00020999999999998797,-0.0017823799015446273
1771995300000,2026-02-25T04:55:00Z,0.11761,0.11764,0.11731,0.11743,474116.5,55710.259764,0.11762,0.11766,0.11737,0.11743,0.11782,0.11786,0.11759,0.11764,-0.00089244,-0.00143305,-0.0016327,-0.00143305,-0.00020999999999998797,-0.0017851071064262833
1771995600000,2026-02-25T05:00:00Z,0.11743,0.11752,0.11718,0.11751,503687.4,59128.625276,0.11743,0.11754,0.11723,0.11752,0.11764,0.11776,0.11744,0.11774,-0.00143305,-0.00116333,-0.001767,-0.00116333,-0.0002299999999999941,-0.0019534567691523196
1771995900000,2026-02-25T05:05:00Z,0.11751,0.11798,0.1175,0.11792,502757.6,59215.862816,0.11752,0.11798,0.11752,0.11798,0.11774,0.11816,0.1177,0.11816,-0.00116333,-0.001083,-0.00109504,-0.00109504,-0.0002400000000000041,-0.0020311442112390327
1771996200000,2026-02-25T05:10:00Z,0.11792,0.11813,0.11774,0.11801,492058.1,58028.282036,0.11798,0.11812,0.11776,0.1181,0.11816,0.11834,0.11794,0.11833,-0.00109504,-0.00138251,-0.00139124,-0.00138251,-0.00032000000000000084,-0.0027043015296205597
1771996500000,2026-02-25T05:15:00Z,0.11801,0.11801,0.11749,0.1177,407358.3,47933.467269,0.1181,0.1181,0.11753,0.1177,0.11833,0.11833,0.11773,0.11781,-0.00138251,-0.00083084,-0.0011449,-0.00083084,-0.00010999999999999899,-0.0009337068160597486
1771996800000,2026-02-25T05:20:00Z,0.1177,0.11782,0.11728,0.11745,568328.8,66779.651729,0.1177,0.11781,0.11733,0.11745,0.11781,0.11789,0.11747,0.11755,-0.00083084,-0.00039904,-0.00057942,-0.00039904,-0.00010000000000000286,-0.0008507018290089567
1771997100000,2026-02-25T05:25:00Z,0.11745,0.11752,0.11717,0.11729,283357,33242.122827,0.11745,0.11752,0.1172,0.11729,0.11755,0.11763,0.11736,0.11745,-0.00039904,-0.00054074,-0.00088551,-0.00054074,-0.00015999999999999348,-0.0013622818220518816
1771997400000,2026-02-25T05:30:00Z,0.11729,0.11763,0.11702,0.11713,909729.7,106762.401325,0.11729,0.11763,0.11707,0.11713,0.11745,0.11775,0.11726,0.11734,-0.00054074,-0.00149574,-0.0015738,-0.0015738,-0.00021000000000000185,-0.001789671041418117
1771997700000,2026-02-25T05:35:00Z,0.11713,0.11725,0.11632,0.11671,1069812.7,124805.659767,0.11713,0.11725,0.11643,0.11671,0.11734,0.11744,0.11659,0.11689,-0.0015738,-0.00091628,-0.00104234,-0.00104234,-0.0001799999999999996,-0.0015399093164513613
1771998000000,2026-02-25T05:40:00Z,0.11671,0.11706,0.11667,0.11696,400383.2,46777.073448,0.11671,0.11708,0.1167,0.11702,0.11689,0.11724,0.11688,0.11719,-0.00104234,-0.00037956,-0.00095531,-0.00037956,-0.00023000000000000798,-0.001962624797337725
1771998300000,2026-02-25T05:45:00Z,0.11696,0.1173,0.11688,0.11724,522308.6,61167.82975,0.11702,0.1173,0.11691,0.11724,0.11719,0.11743,0.11707,0.11734,-0.00037956,-0.00056611,-0.00096548,-0.00096548,-0.00010000000000000286,-0.0008522243054372155
1771998600000,2026-02-25T05:50:00Z,0.11724,0.11737,0.11716,0.11734,399717.8,46870.76447,0.11724,0.11737,0.11716,0.11734,0.11734,0.11757,0.1173,0.11757,-0.00096548,-0.00140239,-0.00172789,-0.00140239,-0.0002299999999999941,-0.001956281364293562
1771998900000,2026-02-25T05:55:00Z,0.11734,0.11757,0.11733,0.11745,1146176.4,134636.113558,0.11734,0.11756,0.11734,0.11747,0.11757,0.11772,0.11757,0.11769,-0.00140239,-0.00119558,-0.00152774,-0.00119558,-0.0002400000000000041,-0.0020392556716798717
1771999200000,2026-02-25T06:00:00Z,0.11745,0.11813,0.11745,0.11794,686386.2,80896.575771,0.11747,0.11812,0.11746,0.11794,0.11769,0.11826,0.11769,0.11813,-0.00119558,-0.00079315,-0.00088325,-0.00079315,-0.00018999999999999573,-0.0016083975281469206
1771999500000,2026-02-25T06:05:00Z,0.11794,0.11804,0.11788,0.11803,147025.1,17343.47781,0.11794,0.11805,0.11789,0.11803,0.11813,0.1182,0.11804,0.11814,-0.00079315,-0.0005948,-0.00076508,-0.0005948,-0.00010999999999999899,-0.0009310986964618164
1771999800000,2026-02-25T06:10:00Z,0.11803,0.11867,0.11802,0.11866,1030743.5,122053.857273,0.11803,0.11865,0.11803,0.11865,0.11814,0.11872,0.11814,0.11865,-0.0005948,-0.0001191,-0.00041102,-0.0001191,9.999999999996123e-06,8.428150021067108e-05
1772000100000,2026-02-25T06:15:00Z,0.11866,0.11866,0.11798,0.1185,917511.5,108520.044574,0.11865,0.11865,0.11808,0.1185,0.11865,0.11865,0.11815,0.11852,-0.0001191,0,-0.00009533,-0.00009533,-2.0000000000006124e-05,-0.00016874789065141852
1772000400000,2026-02-25T06:20:00Z,0.1185,0.11907,0.11832,0.11876,933130.8,110810.576289,0.1185,0.11907,0.11837,0.11882,0.11852,0.11914,0.11845,0.11891,-0.00009533,-0.00018685,-0.00066571,-0.00066571,-0.00014999999999999736,-0.0012614582457320441
1772000700000,2026-02-25T06:25:00Z,0.11876,0.11887,0.11866,0.11885,369718,43906.054459,0.11882,0.11888,0.11871,0.11885,0.11891,0.11902,0.11885,0.11898,-0.00066571,-0.00042685,-0.00103136,-0.00103136,-0.0001300000000000051,-0.0010926206085056741
1772001000000,2026-02-25T06:30:00Z,0.11885,0.1199,0.11866,0.11964,1555604.4,185914.920814,0.11885,0.11977,0.11869,0.11964,0.11898,0.11983,0.11881,0.11971,-0.00103136,0,-0.00058956,0,-7.000000000000062e-05,-0.0005847464706373788
1772001300000,2026-02-25T06:35:00Z,0.11964,0.11989,0.11938,0.11967,1157437.6,138490.976304,0.11964,0.11989,0.11945,0.11975,0.11971,0.11992,0.11952,0.11984,0,0,0,0,-0.00017000000000000348,-0.001418558077436611
1772001600000,2026-02-25T06:40:00Z,0.11967,0.11987,0.1195,0.1196,695748.7,83258.04959,0.11975,0.11984,0.11957,0.11961,0.11984,0.1199,0.1197,0.11972,0,-0.00016974,-0.00093762,-0.00016974,-0.00011999999999999511,-0.001002338790511152
1772001900000,2026-02-25T06:45:00Z,0.1196,0.1196,0.11914,0.11915,453613.5,54145.908208,0.11961,0.11961,0.11919,0.11919,0.11972,0.11972,0.11934,0.11935,-0.00016974,-0.00068498,-0.00070322,-0.00068498,-0.00019999999999999185,-0.0016757436112274139
1772002200000,2026-02-25T06:50:00Z,0.11915,0.11916,0.11836,0.11844,1558667.7,184973.50484,0.11919,0.11919,0.11836,0.11848,0.11935,0.11935,0.11848,0.11861,-0.00068498,-0.00037345,-0.00082219,-0.00082219,-0.0001699999999999896,-0.0014332686957253993
1772002500000,2026-02-25T06:55:00Z,0.11844,0.11875,0.11829,0.11873,800228.4,94867.427906,0.11848,0.11875,0.11838,0.11872,0.11861,0.11883,0.11851,0.11881,-0.00082219,-0.00029949,-0.00054162,-0.00054162,-7.999999999999674e-05,-0.0006733439946132206
1772002800000,2026-02-25T07:00:00Z,0.11873,0.11885,0.11834,0.11839,342625.9,40654.968033,0.11872,0.11886,0.11835,0.11839,0.11881,0.11892,0.11844,0.11845,-0.00054162,0,-0.00055105,0,-6.0000000000004494e-05,-0.0005065428450823511
1772003100000,2026-02-25T07:05:00Z,0.11839,0.11844,0.11816,0.11839,411921.9,48733.023642,0.11839,0.11841,0.11819,0.11839,0.11845,0.11851,0.11829,0.11851,0,-0.00032848,-0.00104266,-0.00032848,-0.00012000000000000899,-0.0010125727786685426
1772003400000,2026-02-25T07:10:00Z,0.11839,0.11846,0.11773,0.11779,1075492.6,126905.810585,0.11839,0.11841,0.11776,0.11779,0.11851,0.11853,0.11784,0.11785,-0.00032848,0,-0.00017438,-0.00017438,-5.9999999999990616e-05,-0.0005091217649553722
1772003700000,2026-02-25T07:15:00Z,0.11779,0.11798,0.11752,0.11787,915648.1,107860.48064,0.11779,0.11796,0.11762,0.11787,0.11785,0.11801,0.11772,0.11795,-0.00017438,0,-0.00040174,-0.00040174,-7.999999999999674e-05,-0.0006782534972445675
1772004000000,2026-02-25T07:20:00Z,0.11787,0.11787,0.1173,0.11763,1178345.9,138438.957608,0.11787,0.11788,0.11736,0.11764,0.11795,0.11797,0.11748,0.11774,-0.00040174,-0.00020755,-0.00093857,-0.00020755,-0.00010999999999999899,-0.0009342619330728638
1772004300000,2026-02-25T07:25:00Z,0.11763,0.11777,0.11747,0.11769,595464.5,70042.236461,0.11764,0.11777,0.11747,0.1177,0.11774,0.11784,0.11757,0.11781,-0.00020755,-0.00001086,-0.00039889,-0.00001086,-0.00011999999999999511,-0.00101858925388333
1772004600000,2026-02-25T07:30:00Z,0.11769,0.11812,0.11754,0.11805,485040.5,57177.597573,0.1177,0.11812,0.1176,0.11805,0.11781,0.11816,0.1177,0.11811,-0.00001086,0,-0.00042843,-0.00042843,-6.0000000000004494e-05,-0.00050800101600207
1772004900000,2026-02-25T07:35:00Z,0.11805,0.11809,0.11789,0.11796,310500.5,36636.88008,0.11805,0.1181,0.11791,0.11797,0.11811,0.11817,0.11797,0.11807,-0.00042843,0,-0.00028282,0,-0.00010999999999999899,-0.0009316507156771322
1772005200000,2026-02-25T07:40:00Z,0.11796,0.11806,0.11781,0.11793,481106.2,56740.937804,0.11797,0.11807,0.11786,0.11793,0.11807,0.11816,0.11793,0.11799,0,0,-0.00020835,-0.00020835,-6.0000000000004494e-05,-0.000508517670989105
1772005500000,2026-02-25T07:45:00Z,0.11793,0.11799,0.11782,0.1179,210948.9,24867.264701,0.11793,0.11799,0.11787,0.1179,0.11799,0.118,0.11793,0.11797,-0.00020835,-0.00037877,-0.00050169,-0.00050169,-7.000000000000062e-05,-0.0005933711960668019
1772005800000,2026-02-25T07:50:00Z,0.1179,0.11821,0.11788,0.11817,237239.7,27993.868784,0.1179,0.11821,0.11789,0.11818,0.11797,0.11823,0.11796,0.11823,-0.00050169,0,0,0,-6.0000000000004494e-05,-0.0005074854097945064
1772006100000,2026-02-25T07:55:00Z,0.11817,0.11824,0.11803,0.11817,171306,20234.675304,0.11818,0.11823,0.11807,0.1182,0.11823,0.11825,0.11814,0.11824,0,0,0,0,-7.000000000000062e-05,-0.0005920162381596805
1772006400000,2026-02-25T08:00:00Z,0.11817,0.11831,0.11774,0.11789,770750.9,90940.97259,0.1182,0.11829,0.11778,0.11789,0.11824,0.11833,0.1179,0.11793,0,-0.00044101,-0.00116004,-0.00044101,-3.999999999999837e-05,-0.00033918426185023634
1772006700000,2026-02-25T08:05:00Z,0.11789,0.11795,0.11766,0.11777,332465.6,39170.234025,0.11789,0.11792,0.11771,0.11777,0.11793,0.11801,0.1178,0.11783,-0.00044101,0,-0.00028143,0,-6.0000000000004494e-05,-0.0005092081812781506
1772007000000,2026-02-25T08:10:00Z,0.11777,0.11778,0.1176,0.11762,187333.1,22049.985326,0.11777,0.11779,0.11761,0.11762,0.11783,0.11786,0.11767,0.11768,0,0,-0.00029547,0,-6.0000000000004494e-05,-0.0005098572399728458
1772007300000,2026-02-25T08:15:00Z,0.11762,0.11763,0.11656,0.117,2263314.1,264550.700759,0.11762,0.11763,0.11666,0.117,0.11768,0.11768,0.11677,0.11708,0,0,-0.00091324,-0.00091324,-7.999999999999674e-05,-0.0006832934745472902
1772007600000,2026-02-25T08:20:00Z,0.117,0.11777,0.1169,0.11764,1742659.2,204443.847168,0.117,0.11777,0.11694,0.11767,0.11708,0.11787,0.11704,0.1178,-0.00091324,-0.0005254,-0.00097334,-0.00097334,-0.00016000000000000736,-0.0013582342954160218
1772007900000,2026-02-25T08:25:00Z,0.11764,0.11823,0.11742,0.11744,1797137.3,211827.785173,0.11767,0.1182,0.11744,0.11744,0.1178,0.11831,0.11759,0.11759,-0.00097334,-0.00040502,-0.00049613,-0.00049613,-0.00014999999999999736,-0.0012756186750573803
1772008200000,2026-02-25T08:30:00Z,0.11744,0.11766,0.11702,0.11766,1930220.2,226432.823584,0.11744,0.11766,0.11721,0.11766,0.11759,0.11774,0.11736,0.11773,-0.00049613,-0.00046754,-0.00058197,-0.00058197,-7.000000000000062e-05,-0.0005945808205215376
1772008500000,2026-02-25T08:35:00Z,0.11766,0.11806,0.11753,0.11792,982862.7,115796.057945,0.11766,0.11806,0.11756,0.11792,0.11773,0.11813,0.1177,0.11802,-0.00058197,-0.00054843,-0.00078887,-0.00078887,-0.00010000000000000286,-0.0008473140145738253
1772008800000,2026-02-25T08:40:00Z,0.11792,0.11796,0.11763,0.11772,351702.2,41428.015371,0.11792,0.11795,0.11767,0.11772,0.11802,0.11804,0.11779,0.11782,-0.00078887,-0.00001974,-0.00091315,-0.00091315,-9.999999999998899e-05,-0.0008487523340688253
1772009100000,2026-02-25T08:45:00Z,0.11772,0.11801,0.11758,0.11777,802658.6,94524.496192,0.11772,0.11801,0.11766,0.11777,0.11782,0.11817,0.1178,0.11788,-0.00091315,-0.0007876,-0.00115582,-0.00115582,-0.00010999999999999899,-0.000933152358330497
1772009400000,2026-02-25T08:50:00Z,0.11777,0.11822,0.11758,0.11821,731102,86195.606095,0.11777,0.11822,0.11763,0.11821,0.11788,0.11827,0.11779,0.11827,-0.00115582,-0.00057262,-0.00077762,-0.00057262,-6.0000000000004494e-05,-0.0005073137735689903
1772009700000,2026-02-25T08:55:00Z,0.11821,0.11821,0.11771,0.11781,495119.4,58366.937675,0.11821,0.11824,0.11773,0.11781,0.11827,0.11835,0.11787,0.11792,-0.00057262,-0.0002903,-0.00103061,-0.0002903,-0.00010999999999999899,-0.0009328358208955138
1772010000000,2026-02-25T09:00:00Z,0.11781,0.11781,0.11739,0.11767,728177.5,85607.911369,0.11781,0.11781,0.11741,0.11771,0.11792,0.11793,0.11756,0.11784,-0.0002903,-0.00023161,-0.00089362,-0.00023161,-0.00017000000000000348,-0.0014426340801086514
1772010300000,2026-02-25T09:05:00Z,0.11767,0.11778,0.11736,0.11754,1257184.9,147738.067076,0.11771,0.11778,0.1174,0.11754,0.11784,0.11791,0.11751,0.11764,-0.00023161,-0.00053118,-0.00057293,-0.00053118,-9.999999999998899e-05,-0.00085005100306009
1772010600000,2026-02-25T09:10:00Z,0.11754,0.11831,0.11754,0.11815,899823.7,106234.268403,0.11754,0.11831,0.11754,0.11815,0.11764,0.11843,0.11764,0.11832,-0.00053118,-0.00036014,-0.00093998,-0.00093998,-0.0001699999999999896,-0.0014367816091953145
1772010900000,2026-02-25T09:15:00Z,0.11815,0.11841,0.11801,0.11834,517551.6,61202.636707,0.11815,0.11841,0.11801,0.11834,0.11832,0.11853,0.11819,0.11847,-0.00093998,-0.00056749,-0.00069561,-0.00056749,-0.0001300000000000051,-0.0010973242171014189
1772011200000,2026-02-25T09:20:00Z,0.11834,0.11852,0.11811,0.11834,568634.4,67277.907317,0.11834,0.11852,0.11814,0.11834,0.11847,0.11869,0.11828,0.11847,-0.00056749,-0.00055723,-0.00075995,-0.00055723,-0.0001300000000000051,-0.0010973242171014189
1772011500000,2026-02-25T09:25:00Z,0.11834,0.11834,0.11809,0.1182,422315.7,49908.807788,0.11834,0.11834,0.11811,0.1182,0.11847,0.11847,0.11826,0.11836,-0.00055723,-0.00097499,-0.00110094,-0.00110094,-0.00016000000000000736,-0.0013518080432579195
1772011800000,2026-02-25T09:30:00Z,0.1182,0.1182,0.11767,0.11774,721998.4,85087.25631,0.1182,0.11822,0.11767,0.11775,0.11836,0.1184,0.11784,0.1179,-0.00110094,-0.00058647,-0.00118046,-0.00058647,-0.00016000000000000736,-0.00135708227311287
1772012100000,2026-02-25T09:35:00Z,0.11774,0.11785,0.11763,0.11771,521213,61359.969582,0.11775,0.11785,0.11765,0.11771,0.1179,0.11798,0.11779,0.11781,-0.00058647,-0.00054732,-0.00069183,-0.00054732,-0.00010000000000000286,-0.0008488243782361673
1772012400000,2026-02-25T09:40:00Z,0.11771,0.11771,0.11744,0.11752,286783.8,33721.064786,0.11771,0.11771,0.11747,0.11752,0.11781,0.11783,0.11759,0.11766,-0.00054732,-0.0004314,-0.00045886,-0.0004314,-0.00014000000000000123,-0.0011898691143974267
1772012700000,2026-02-25T09:45:00Z,0.11752,0.11775,0.11748,0.11774,442174.3,51983.122184,0.11752,0.11775,0.1175,0.11775,0.11766,0.11789,0.11765,0.11789,-0.0004314,-0.00036144,-0.0011643,-0.00036144,-0.00014999999999999736,-0.0012723725506828176
1772013000000,2026-02-25T09:50:00Z,0.11774,0.11801,0.11774,0.11793,363270.9,42819.953861,0.11775,0.11802,0.11775,0.11793,0.11789,0.11817,0.11789,0.11809,-0.00036144,-0.00059859,-0.00125594,-0.00125594,-0.00016000000000000736,-0.0013548988059954895
1772013300000,2026-02-25T09:55:00Z,0.11793,0.118,0.11776,0.1179,87576.7,10323.637307,0.11793,0.118,0.11779,0.11796,0.11809,0.11814,0.11794,0.1181,-0.00125594,-0.00058533,-0.00068616,-0.00068616,-0.00019999999999999185,-0.001693480101608737
1772013600000,2026-02-25T10:00:00Z,0.1179,0.1187,0.11787,0.11848,1616464.4,191351.459748,0.11796,0.11863,0.11791,0.11848,0.1181,0.11876,0.11806,0.11861,-0.00068616,-0.00085809,-0.0011822,-0.0011822,-0.00012999999999999123,-0.0010960290026135338
1772013900000,2026-02-25T10:05:00Z,0.11848,0.11858,0.11813,0.11828,425775.8,50372.114964,0.11848,0.1186,0.11818,0.11834,0.11861,0.11874,0.11835,0.11852,-0.0011822,-0.00071853,-0.0015355,-0.00071853,-0.0002400000000000041,-0.0020249746878164368
1772014200000,2026-02-25T10:10:00Z,0.11828,0.11874,0.11821,0.11865,510435.1,60469.79724,0.11834,0.11876,0.11821,0.11869,0.11852,0.11891,0.11838,0.11884,-0.00071853,-0.00035884,-0.00090817,-0.00090817,-0.00018999999999999573,-0.0015987882867720946
1772014500000,2026-02-25T10:15:00Z,0.11865,0.11893,0.11824,0.11841,593492.2,70401.225066,0.11869,0.11885,0.11828,0.11845,0.11884,0.11899,0.11845,0.11862,-0.00090817,-0.00079765,-0.00150514,-0.00079765,-0.00021000000000000185,-0.0017703591299949575
1772014800000,2026-02-25T10:20:00Z,0.11841,0.11846,0.11815,0.11841,499651.8,59115.013122,0.11845,0.11846,0.11818,0.11841,0.11862,0.11862,0.1183,0.11853,-0.00079765,-0.00054497,-0.00082187,-0.00082187,-0.00011999999999999511,-0.0010124019235636136
1772015100000,2026-02-25T10:25:00Z,0.11841,0.11873,0.11831,0.11863,352357.8,41768.891717,0.11841,0.11873,0.11837,0.11863,0.11853,0.11884,0.11849,0.11875,-0.00082187,-0.00019848,-0.00068686,-0.00068686,-0.00011999999999999511,-0.0010105263157894325
1772015400000,2026-02-25T10:30:00Z,0.11863,0.11886,0.11862,0.11884,673245.2,79937.910312,0.11863,0.11885,0.11863,0.11884,0.11875,0.11895,0.11873,0.11895,-0.00068686,-0.00017178,-0.00066658,-0.00017178,-0.00010999999999999899,-0.0009247583018074736
1772015700000,2026-02-25T10:35:00Z,0.11884,0.11902,0.11844,0.11856,1053063.6,124951.235986,0.11884,0.11902,0.11848,0.11857,0.11895,0.11908,0.11862,0.1187,-0.00017178,-0.00017198,-0.00031931,-0.00017198,-0.00014000000000000123,-0.0011794439764111308
1772016000000,2026-02-25T10:40:00Z,0.11856,0.1186,0.11842,0.11847,306710.5,36356.2797,0.11857,0.11859,0.11844,0.11847,0.1187,0.11871,0.11857,0.11857,-0.00017198,-0.00027324,-0.00088155,-0.00027324,-9.999999999998899e-05,-0.0008433836552246689
1772016300000,2026-02-25T10:45:00Z,0.11847,0.11866,0.11833,0.11852,588410.6,69712.11514,0.11847,0.11866,0.11836,0.11852,0.11857,0.11875,0.11847,0.11864,-0.00027324,-0.00062452,-0.00090623,-0.00062452,-0.00011999999999999511,-0.001011463250168536
1772016600000,2026-02-25T10:50:00Z,0.11852,0.11873,0.11833,0.11855,442117.6,52394.682994,0.11852,0.11873,0.11834,0.11855,0.11864,0.11883,0.11845,0.11864,-0.00062452,-0.00020622,-0.00045916,-0.00045916,-8.999999999999286e-05,-0.0007585974376263728
1772016900000,2026-02-25T10:55:00Z,0.11855,0.11881,0.11855,0.11874,231984.4,27531.227736,0.11855,0.11881,0.11855,0.11878,0.11864,0.11891,0.11864,0.11889,-0.00045916,-0.00029195,-0.00049587,-0.00049587,-0.00014999999999999736,-0.0012616704516779996
1772017200000,2026-02-25T11:00:00Z,0.11874,0.11876,0.11824,0.11831,312252.3,36999.67497,0.11878,0.11878,0.11828,0.11831,0.11889,0.11889,0.11844,0.11844,-0.00049587,-0.00004843,-0.00093426,-0.00093426,-0.0001300000000000051,-0.0010976021614319917
1772017500000,2026-02-25T11:05:00Z,0.11831,0.11832,0.11787,0.11817,1560018.6,184119.632303,0.11831,0.11832,0.11792,0.11817,0.11844,0.11844,0.11804,0.1182,-0.00093426,-0.00016934,-0.00018042,-0.00018042,-3.0000000000002247e-05,-0.00025380710659900376
1772017800000,2026-02-25T11:10:00Z,0.11817,0.11833,0.118,0.11801,391630.5,46287.821468,0.11817,0.11833,0.11801,0.11804,0.1182,0.1184,0.11814,0.11819,-0.00018042,-0.00020931,-0.00109332,-0.00109332,-0.0001799999999999996,-0.0015229714865893865
1772018100000,2026-02-25T11:15:00Z,0.11801,0.11811,0.1177,0.11804,508207.3,59894.732234,0.11804,0.11811,0.11774,0.11805,0.11819,0.11822,0.11792,0.11817,-0.00109332,-0.00026781,-0.000487,-0.000487,-0.00012999999999999123,-0.001100110011001026
1772018400000,2026-02-25T11:20:00Z,0.11804,0.11954,0.11795,0.11906,2503196.5,297882.025255,0.11805,0.11948,0.11795,0.11906,0.11817,0.11951,0.11804,0.11918,-0.000487,-0.00047571,-0.0005033,-0.00047571,-0.00011999999999999511,-0.0010068803490518134
1772018700000,2026-02-25T11:25:00Z,0.11906,0.11934,0.11902,0.11911,664090,79158.619667,0.11906,0.11933,0.11906,0.11911,0.11918,0.11949,0.11918,0.11928,-0.00047571,-0.00070883,-0.00114057,-0.00114057,-0.00017000000000000348,-0.0014252179745137784
1772019000000,2026-02-25T11:30:00Z,0.11911,0.11932,0.11896,0.11901,745192.9,88794.401917,0.11911,0.11931,0.11899,0.11901,0.11928,0.11947,0.11916,0.11919,-0.00114057,-0.00088405,-0.0012385,-0.0012385,-0.0001799999999999996,-0.001510193808205383
1772019300000,2026-02-25T11:35:00Z,0.11901,0.11963,0.11901,0.1195,882199.5,105217.702114,0.11901,0.11963,0.11901,0.1195,0.11919,0.11972,0.11919,0.11966,-0.0012385,-0.00054168,-0.00106904,-0.00054168,-0.00016000000000000736,-0.0013371218452282079
1772019600000,2026-02-25T11:40:00Z,0.1195,0.1195,0.11888,0.11915,449729,53611.822409,0.1195,0.11952,0.11889,0.11915,0.11966,0.11968,0.11906,0.11922,-0.00054168,-0.00080896,-0.00098354,-0.00098354,-7.000000000000062e-05,-0.0005871498070793542
1772019900000,2026-02-25T11:45:00Z,0.11915,0.11955,0.11913,0.11931,969073.1,115643.541361,0.11915,0.11951,0.11915,0.11932,0.11922,0.11961,0.11922,0.11949,-0.00098354,-0.00043733,-0.00082831,-0.00043733,-0.0001799999999999996,-0.0015064022093899039
1772020200000,2026-02-25T11:50:00Z,0.11931,0.11942,0.11911,0.11932,267874.9,31955.304935,0.11932,0.11942,0.11916,0.11935,0.11949,0.11952,0.11932,0.11945,-0.00043733,-0.00042995,-0.00047169,-0.00047169,-0.0001300000000000051,-0.0010883214734198838
1772020500000,2026-02-25T11:55:00Z,0.11932,0.11939,0.11906,0.11914,596966.4,71176.937078,0.11935,0.11937,0.1191,0.11916,0.11945,0.11949,0.11924,0.11929,-0.00047169,-0.00011866,-0.0003285,-0.00011866,-0.00014999999999999736,-0.0012574398524603685
1772020800000,2026-02-25T12:00:00Z,0.11914,0.11923,0.1188,0.11886,601281.1,71540.623696,0.11916,0.11923,0.11882,0.11886,0.11929,0.11933,0.11898,0.119,-0.00011866,-0.00040515,-0.00106453,-0.00106453,-0.00014000000000000123,-0.0011764705882353046
1772021100000,2026-02-25T12:05:00Z,0.11886,0.11927,0.11876,0.11925,548583.8,65287.129604,0.11886,0.11926,0.11878,0.11925,0.119,0.11935,0.11889,0.11935,-0.00106453,-0.00015133,-0.00021581,-0.00015133,-0.00010000000000000286,-0.0008378718056137652
1772021400000,2026-02-25T12:10:00Z,0.11925,0.11932,0.11903,0.11906,141523,16865.700545,0.11925,0.11932,0.11905,0.11907,0.11935,0.11938,0.11919,0.11924,-0.00015133,-0.00099907,-0.00118341,-0.00099907,-0.0001799999999999996,-0.0015095605501509529
1772021700000,2026-02-25T12:15:00Z,0.11906,0.11941,0.11867,0.11922,751936.8,89477.041729,0.11907,0.11941,0.11878,0.11924,0.11924,0.11948,0.1189,0.11936,-0.00099907,-0.00015932,-0.00061228,-0.00061228,-0.00013999999999998736,-0.001172922252010618
1772022000000,2026-02-25T12:20:00Z,0.11922,0.11982,0.11891,0.11954,1775202.4,211718.458942,0.11924,0.11982,0.11895,0.11954,0.11936,0.11989,0.11906,0.1196,-0.00061228,-0.00037841,-0.00041197,-0.00037841,-6.0000000000004494e-05,-0.0005016722408027132
1772022300000,2026-02-25T12:25:00Z,0.11954,0.11973,0.11927,0.11957,906310.5,108264.543113,0.11954,0.11966,0.11931,0.11957,0.1196,0.11973,0.11941,0.11963,-0.00037841,-0.00038205,-0.0004647,-0.0004647,-6.0000000000004494e-05,-0.0005015464348407966
1772022600000,2026-02-25T12:30:00Z,0.11957,0.12003,0.11945,0.11964,1283813.3,153752.967908,0.11957,0.12001,0.1195,0.11964,0.11963,0.1201,0.1196,0.11975,-0.0004647,-0.00044025,-0.00069713,-0.00069713,-0.00010999999999999899,-0.0009185803757828726
1772022900000,2026-02-25T12:35:00Z,0.11964,0.11977,0.11915,0.1192,531942.7,63504.714919,0.11964,0.11974,0.11919,0.1192,0.11975,0.11983,0.11931,0.11931,-0.00069713,-0.00039376,-0.0005877,-0.00039376,-0.00010999999999999899,-0.0009219679825664152
1772023200000,2026-02-25T12:40:00Z,0.1192,0.11957,0.11904,0.11956,638364.7,76106.164745,0.1192,0.11957,0.11904,0.11956,0.11931,0.11968,0.11914,0.11965,-0.00039376,-0.00023869,-0.00096599,-0.00023869,-9.000000000000674e-05,-0.0007521938988717655
1772023500000,2026-02-25T12:45:00Z,0.11956,0.12006,0.11952,0.11984,1356158.8,162550.890644,0.11956,0.12005,0.11956,0.11984,0.11965,0.12013,0.11965,0.11993,-0.00023869,-0.00007871,-0.00099491,-0.00099491,-8.999999999999286e-05,-0.0007504377553572322
1772023800000,2026-02-25T12:50:00Z,0.11984,0.12042,0.11974,0.11991,1415827.3,169970.913262,0.11984,0.1204,0.11982,0.12,0.11993,0.12054,0.11993,0.12019,-0.00099491,-0.00058032,-0.00124633,-0.00124633,-0.00028000000000000247,-0.0023296447291788207
1772024100000,2026-02-25T12:55:00Z,0.11991,0.12028,0.11961,0.12004,1613330.2,193517.622949,0.12,0.12028,0.11961,0.12015,0.12019,0.1204,0.11981,0.1203,-0.00124633,-0.00024189,-0.00092106,-0.00024189,-0.0002600000000000102,-0.0021612635078970092
1772024400000,2026-02-25T13:00:00Z,0.12004,0.1204,0.1199,0.11995,1514239,181830.680343,0.12015,0.12039,0.1199,0.11997,0.1203,0.12054,0.1201,0.12021,-0.00024189,-0.00082778,-0.00165956,-0.00082778,-0.00025999999999999635,-0.0021628816238249424
1772024700000,2026-02-25T13:05:00Z,0.11995,0.12012,0.11981,0.11985,474287,56876.739058,0.11997,0.12011,0.11982,0.11985,0.12021,0.12028,0.11996,0.12002,-0.00082778,-0.00057015,-0.00115287,-0.00057015,-0.00017000000000000348,-0.0014164305949008788
1772025000000,2026-02-25T13:10:00Z,0.11985,0.11986,0.11949,0.1195,464647.4,55619.047274,0.11985,0.11985,0.11951,0.11951,0.12002,0.12002,0.11965,0.11966,-0.00057015,-0.00078953,-0.0008853,-0.00078953,-0.00016000000000000736,-0.0013371218452282079
1772025300000,2026-02-25T13:15:00Z,0.1195,0.11955,0.11922,0.11954,579673.7,69206.417959,0.11951,0.11955,0.11924,0.11954,0.11966,0.11967,0.11939,0.11967,-0.00078953,-0.00061588,-0.00088045,-0.00088045,-0.0001300000000000051,-0.0010863207153004521
1772025600000,2026-02-25T13:20:00Z,0.11954,0.11979,0.11914,0.11962,1072271.6,128131.102851,0.11954,0.11979,0.11918,0.11962,0.11967,0.11991,0.11932,0.11971,-0.00088045,-0.00032712,-0.00086695,-0.00086695,-8.999999999999286e-05,-0.0007518168908194208
1772025900000,2026-02-25T13:25:00Z,0.11962,0.12057,0.11959,0.12046,1238577.6,148628.892078,0.11962,0.12057,0.11959,0.12047,0.11971,0.12064,0.11971,0.12056,-0.00086695,0,-0.00086594,0,-0.00010000000000000286,-0.0008294625082946489
1772026200000,2026-02-25T13:30:00Z,0.12046,0.12085,0.12011,0.1203,779692.9,93995.550714,0.12047,0.12085,0.12017,0.1203,0.12056,0.12092,0.12033,0.12043,0,-0.00043254,-0.00094405,-0.00094405,-0.00012999999999999123,-0.0010794652495224714
1772026500000,2026-02-25T13:35:00Z,0.1203,0.12109,0.12027,0.12105,1532892.1,185095.727362,0.1203,0.12109,0.1203,0.12105,0.12043,0.12112,0.12043,0.12108,-0.00094405,0,-0.00071091,-0.00071091,-2.999999999998837e-05,-0.00024777006937552336
1772026800000,2026-02-25T13:40:00Z,0.12105,0.12132,0.12042,0.12053,1297930.1,157018.826772,0.12105,0.12128,0.1205,0.12053,0.12108,0.12129,0.12062,0.12064,-0.00071091,-0.00016214,-0.00110006,-0.00110006,-0.00010999999999999899,-0.0009118037135278431
1772027100000,2026-02-25T13:45:00Z,0.12053,0.12124,0.12051,0.12116,1677564.9,202715.148221,0.12053,0.12124,0.12051,0.1212,0.12064,0.12133,0.12062,0.12129,-0.00110006,-0.00014217,-0.00042287,-0.00042287,-0.00012999999999999123,-0.0010718113612003565
1772027400000,2026-02-25T13:50:00Z,0.12116,0.12116,0.12031,0.12031,1078024.6,129942.39884,0.1212,0.1212,0.12031,0.12031,0.12129,0.12129,0.12042,0.12044,-0.00042287,-0.00047114,-0.00048842,-0.00048842,-0.0001300000000000051,-0.0010793756227167478
1772027700000,2026-02-25T13:55:00Z,0.12031,0.12038,0.12003,0.12016,347253.7,41737.036956,0.12031,0.12038,0.12008,0.12016,0.12044,0.12048,0.12018,0.12028,-0.00048842,-0.00039682,-0.00101213,-0.00039682,-0.00011999999999999511,-0.0009976720984369398
1772028000000,2026-02-25T14:00:00Z,0.12016,0.12048,0.12012,0.12033,490897.1,59055.525803,0.12016,0.12048,0.12016,0.12035,0.12028,0.1206,0.12028,0.1205,-0.00039682,-0.00076079,-0.00112256,-0.00076079,-0.0001699999999999896,-0.0014107883817426523
1772028300000,2026-02-25T14:05:00Z,0.12033,0.12048,0.12024,0.12044,405002,48753.197294,0.12035,0.12048,0.12025,0.12046,0.1205,0.12058,0.12035,0.12058,-0.00076079,-0.00046038,-0.00074561,-0.00046038,-0.00014000000000000123,-0.0011610549013103435
1772028600000,2026-02-25T14:10:00Z,0.12044,0.12106,0.12044,0.12095,545896.1,65905.644244,0.12046,0.12106,0.12044,0.12102,0.12058,0.12115,0.12056,0.12111,-0.00046038,0,-0.00034973,0,-0.00015999999999999348,-0.0013211130377342375
1772028900000,2026-02-25T14:15:00Z,0.12095,0.12116,0.12082,0.12083,651275.9,78770.409887,0.12102,0.12116,0.12085,0.12087,0.12111,0.12126,0.12098,0.12102,0,-0.00041031,-0.00065664,-0.00041031,-0.00018999999999999573,-0.0015699884316641524
1772029200000,2026-02-25T14:20:00Z,0.12083,0.12096,0.12067,0.12073,551567.2,66647.799437,0.12087,0.1209,0.12071,0.12074,0.12102,0.12102,0.12084,0.12087,-0.00041031,-0.00022532,-0.00070557,-0.00070557,-0.00014000000000000123,-0.0011582692148589496
1772029500000,2026-02-25T14:25:00Z,0.12073,0.12109,0.1207,0.12099,465014.1,56238.003101,0.12074,0.12109,0.12071,0.12099,0.12087,0.12119,0.12085,0.12108,-0.00070557,-0.00059905,-0.00088902,-0.00059905,-8.999999999999286e-05,-0.0007433102081267994
1772029800000,2026-02-25T14:30:00Z,0.12099,0.12154,0.12073,0.12111,1506156.9,182426.737076,0.12099,0.12149,0.12079,0.12111,0.12108,0.12162,0.1209,0.12119,-0.00059905,-0.00010524,-0.00087788,-0.00010524,-8.000000000001062e-05,-0.0006601204719862251
1772030100000,2026-02-25T14:35:00Z,0.12111,0.12121,0.12054,0.12066,1245461.8,150460.11985,0.12111,0.12121,0.12061,0.12069,0.12119,0.12127,0.12073,0.12081,-0.00010524,0,-0.00064136,-0.00064136,-0.00014999999999999736,-0.0012416190712689129
1772030400000,2026-02-25T14:40:00Z,0.12066,0.12187,0.12062,0.12132,2524660.5,306441.500886,0.12069,0.12181,0.12069,0.12135,0.12081,0.12182,0.12081,0.12147,-0.00064136,-0.00012999,-0.0004447,-0.0004447,-0.00014999999999999736,-0.001234872808100744
1772030700000,2026-02-25T14:45:00Z,0.12132,0.12283,0.12132,0.12266,2227766.1,272125.382496,0.12135,0.1228,0.12135,0.1227,0.12147,0.12286,0.12145,0.12275,-0.0004447,0,0,0,-8.999999999999286e-05,-0.0007331975560080885
1772031000000,2026-02-25T14:50:00Z,0.12266,0.1228,0.122,0.12226,1258850.4,154047.385769,0.1227,0.1228,0.12206,0.12229,0.12275,0.12281,0.12221,0.12244,0,-0.00045084,-0.00080737,-0.00045084,-0.0001799999999999996,-0.00147010780790591
1772031300000,2026-02-25T14:55:00Z,0.12226,0.12234,0.122,0.12223,1156767.6,141383.529719,0.12229,0.12235,0.12207,0.12224,0.12244,0.12248,0.12217,0.12234,-0.00045084,-0.0000891,-0.00082499,-0.00082499,-0.00010999999999999899,-0.0008991335622036863
1772031600000,2026-02-25T15:00:00Z,0.12223,0.12305,0.12223,0.12257,1614907.5,198164.126435,0.12224,0.12304,0.12224,0.12261,0.12234,0.1231,0.12234,0.12274,-0.00082499,0,-0.00044691,0,-0.00017000000000000348,-0.0013850415512465658
1772031900000,2026-02-25T15:05:00Z,0.12257,0.12262,0.12158,0.12227,3048329.9,372134.185621,0.12261,0.12261,0.12167,0.12227,0.12274,0.12274,0.12181,0.1224,0,-0.00061327,-0.00105743,-0.00105743,-0.00012999999999999123,-0.0010620915032679022
1772032200000,2026-02-25T15:10:00Z,0.12227,0.1225,0.12203,0.12237,1159538.7,141795.339811,0.12227,0.1225,0.12209,0.12242,0.1224,0.12262,0.12224,0.12257,-0.00105743,-0.00049991,-0.0007286,-0.00049991,-0.00019999999999999185,-0.001631720649424752
1772032500000,2026-02-25T15:15:00Z,0.12237,0.12374,0.12237,0.12313,2201876.6,271222.303367,0.12242,0.1237,0.12242,0.12314,0.12257,0.12379,0.12253,0.12327,-0.00049991,0,-0.00071606,-0.00071606,-0.00014000000000000123,-0.0011357183418512309
1772032800000,2026-02-25T15:20:00Z,0.12313,0.12315,0.12216,0.12243,1448353.6,177559.294936,0.12314,0.12315,0.12218,0.12247,0.12327,0.12327,0.12233,0.12261,-0.00071606,-0.00015645,-0.00026702,-0.00026702,-0.0001799999999999996,-0.0014680694886224583
1772033100000,2026-02-25T15:25:00Z,0.12243,0.12312,0.12243,0.12285,1821451.1,223626.849115,0.12247,0.12305,0.12245,0.12285,0.12261,0.12317,0.12256,0.12294,-0.00026702,-0.00058555,-0.00071747,-0.00058555,-8.999999999999286e-05,-0.0007320644216690489
1772033400000,2026-02-25T15:30:00Z,0.12285,0.12337,0.12248,0.12295,2157596.2,265155.756486,0.12285,0.12336,0.12257,0.12296,0.12294,0.12345,0.12267,0.12309,-0.00058555,0,-0.00062226,0,-0.00014000000000000123,-0.0011373791534649543
1772033700000,2026-02-25T15:35:00Z,0.12295,0.12343,0.12295,0.12337,1102605.7,135885.905821,0.12296,0.12343,0.12296,0.12337,0.12309,0.1235,0.12309,0.12338,0,0,-0.00049128,0,-1.0000000000010001e-05,-8.105041335718918e-05
1772034000000,2026-02-25T15:40:00Z,0.12337,0.12391,0.12311,0.12388,1489359.1,184014.089878,0.12337,0.1239,0.12313,0.12388,0.12338,0.12394,0.12321,0.1239,0,0,0,0,-1.9999999999992246e-05,-0.00016142050040348867
1772034300000,2026-02-25T15:45:00Z,0.12388,0.12467,0.12385,0.12418,2177789.2,270593.272687,0.12388,0.12454,0.12388,0.12426,0.1239,0.12461,0.1239,0.12441,0,-0.00048916,-0.00087642,-0.00087642,-0.00023000000000000798,-0.001848725986657085
1772034600000,2026-02-25T15:50:00Z,0.12418,0.12427,0.12366,0.12386,1818415.4,225359.274577,0.12426,0.12426,0.12369,0.12393,0.12441,0.12441,0.12386,0.12406,-0.00087642,-0.00041309,-0.00068295,-0.00068295,-0.00020000000000000573,-0.0016121231662099445
1772034900000,2026-02-25T15:55:00Z,0.12386,0.12409,0.12301,0.12325,1441020.7,177802.383842,0.12393,0.12408,0.12304,0.12325,0.12406,0.12417,0.1232,0.12337,-0.00068295,-0.00028259,-0.00067984,-0.00028259,-0.00011999999999999511,-0.0009726837967090469
1772035200000,2026-02-25T16:00:00Z,0.12325,0.12409,0.12319,0.12379,1555714.8,192273.998676,0.12325,0.12409,0.12325,0.1238,0.12337,0.12417,0.12337,0.1239,-0.00028259,-0.00061707,-0.00079147,-0.00079147,-0.00010999999999999899,-0.0008878127522195237
1772035500000,2026-02-25T16:05:00Z,0.12379,0.12424,0.12337,0.12352,2161503.1,267795.453086,0.1238,0.12416,0.12341,0.12352,0.1239,0.12424,0.12352,0.1236,-0.00079147,-0.00004305,-0.0006029,-0.0006029,-7.999999999999674e-05,-0.000647249190938485
1772035800000,2026-02-25T16:10:00Z,0.12352,0.12472,0.12352,0.12391,2547467,316365.630018,0.12352,0.12463,0.12352,0.12396,0.1236,0.12469,0.1236,0.12406,-0.0006029,0,-0.00004356,-0.00004356,-0.00014999999999999736,-0.0012090923746574025
1772036100000,2026-02-25T16:15:00Z,0.12391,0.12483,0.12353,0.12452,2139716.5,265784.769794,0.12396,0.12479,0.12359,0.12461,0.12406,0.12486,0.12371,0.12467,-0.00004356,0,-0.00058735,-0.00058735,-0.00014999999999999736,-0.0012031763856581164
1772036400000,2026-02-25T16:20:00Z,0.12452,0.12529,0.12425,0.12492,3248552.4,405628.142753,0.12461,0.12521,0.12434,0.125,0.12467,0.12527,0.12437,0.12511,-0.00058735,-0.00004724,-0.00058011,-0.00058011,-0.00018999999999999573,-0.0015186635760530392
1772036700000,2026-02-25T16:25:00Z,0.12492,0.12533,0.12477,0.12491,1865687,233374.854164,0.125,0.12529,0.12479,0.12494,0.12511,0.12539,0.1249,0.12509,-0.00058011,-0.00038428,-0.00104276,-0.00104276,-0.00018000000000001348,-0.0014389639459590172
1772037000000,2026-02-25T16:30:00Z,0.12491,0.12537,0.12475,0.12502,1837940.8,229769.646826,0.12494,0.12536,0.12477,0.12502,0.12509,0.12538,0.1249,0.12511,-0.00104276,-0.00034419,-0.00037604,-0.00034419,-9.000000000000674e-05,-0.0007193669570778254
1772037300000,2026-02-25T16:35:00Z,0.12502,0.12549,0.12455,0.12469,2233558.8,279013.25994,0.12502,0.12548,0.12459,0.1247,0.12511,0.12551,0.12471,0.12482,-0.00034419,-0.0006535,-0.0006961,-0.0006961,-0.0001300000000000051,-0.0010414997596539426
1772037600000,2026-02-25T16:40:00Z,0.12469,0.12525,0.12468,0.12493,1282516.5,160241.947001,0.1247,0.12524,0.1247,0.125,0.12482,0.12528,0.12479,0.12508,-0.0006961,-0.00015895,-0.0004295,-0.00015895,-0.00014999999999999736,-0.0011992324912056074
1772037900000,2026-02-25T16:45:00Z,0.12493,0.12548,0.12487,0.12545,809444.6,101363.943599,0.125,0.12548,0.12491,0.12545,0.12508,0.12553,0.125,0.12551,-0.00015895,-0.00018387,-0.0002046,-0.0002046,-6.0000000000004494e-05,-0.0004780495578041948
1772038200000,2026-02-25T16:50:00Z,0.12545,0.12629,0.12526,0.12602,1946511.2,245117.710453,0.12545,0.12625,0.12526,0.12604,0.12551,0.1263,0.12534,0.12613,-0.0002046,0,-0.00005093,0,-0.00010999999999999899,-0.0008721160707206771
1772038500000,2026-02-25T16:55:00Z,0.12602,0.12604,0.12571,0.12573,1251267.4,157541.49538,0.12604,0.12606,0.12572,0.12573,0.12613,0.12614,0.12579,0.12583,0,0,-0.00033663,-0.00033663,-9.999999999998899e-05,-0.0007947230390208137
1772038800000,2026-02-25T17:00:00Z,0.12573,0.12667,0.12544,0.12544,4008986.4,505621.086013,0.12573,0.12659,0.12549,0.12549,0.12583,0.12667,0.12561,0.12561,-0.00033663,0,-0.00065355,-0.00065355,-0.00017000000000000348,-0.001353395430300163
1772039100000,2026-02-25T17:05:00Z,0.12544,0.12602,0.12544,0.12567,1523490.9,191592.304354,0.12549,0.12602,0.12549,0.12567,0.12561,0.12611,0.1256,0.12578,-0.00065355,-0.00025172,-0.0006527,-0.00025172,-0.00010999999999999899,-0.0008745428525997693
1772039400000,2026-02-25T17:10:00Z,0.12567,0.12646,0.12548,0.12576,1612050.3,202953.243609,0.12567,0.12646,0.12551,0.12576,0.12578,0.12652,0.1256,0.12582,-0.00025172,-0.00017773,-0.0014705,-0.00017773,-5.999999999997674e-05,-0.0004768717215067298
1772039700000,2026-02-25T17:15:00Z,0.12576,0.12692,0.1256,0.12634,2111781.2,266918.920788,0.12576,0.12689,0.1256,0.12636,0.12582,0.12697,0.12571,0.12649,-0.00017773,-0.00065494,-0.0012804,-0.0012804,-0.00014999999999998348,-0.0011858644952168827
1772040000000,2026-02-25T17:20:00Z,0.12634,0.12657,0.12594,0.12653,1354039.6,170980.780609,0.12636,0.12653,0.12596,0.12653,0.12649,0.12661,0.12609,0.12657,-0.0012804,-0.000325,-0.00052338,-0.00052338,-3.999999999998449e-05,-0.00031603065497340995
1772040300000,2026-02-25T17:25:00Z,0.12653,0.12677,0.1262,0.12662,822781.2,104080.511648,0.12653,0.12677,0.12625,0.12665,0.12657,0.12683,0.12634,0.12676,-0.00052338,-0.00057391,-0.00146165,-0.00146165,-0.00014000000000000123,-0.0011044493531082457
1772040600000,2026-02-25T17:30:00Z,0.12662,0.12672,0.12589,0.12615,1425526.5,180043.373844,0.12665,0.12672,0.12597,0.12623,0.12676,0.12684,0.12608,0.12632,-0.00146165,0,-0.00036651,0,-0.00016999999999997573,-0.0013457884737173506
1772040900000,2026-02-25T17:35:00Z,0.12615,0.12647,0.1257,0.12586,1448996.9,182679.733962,0.12623,0.12643,0.12575,0.12586,0.12632,0.12646,0.12584,0.1259,0,0,-0.00026182,-0.00026182,-4.000000000001225e-05,-0.00031771247021455316
1772041200000,2026-02-25T17:40:00Z,0.12586,0.12629,0.12582,0.12614,1245452.4,157011.635204,0.12586,0.12629,0.12586,0.12614,0.1259,0.12633,0.1259,0.12623,-0.00026182,-0.00027725,-0.00077631,-0.00027725,-9.000000000000674e-05,-0.00071298423512641
1772041500000,2026-02-25T17:45:00Z,0.12614,0.12646,0.12591,0.12613,980493.9,123718.488233,0.12614,0.12642,0.12597,0.12613,0.12623,0.12649,0.12612,0.12623,-0.00027725,-0.00075673,-0.00090374,-0.00075673,-0.00010000000000001674,-0.0007922047056960844
1772041800000,2026-02-25T17:50:00Z,0.12613,0.12656,0.12603,0.12624,845269.5,106771.645705,0.12613,0.12656,0.12609,0.12628,0.12623,0.12665,0.12623,0.1264,-0.00075673,-0.00010493,-0.00017805,-0.00017805,-0.00016000000000002124,-0.0012658227848102944
1772042100000,2026-02-25T17:55:00Z,0.12624,0.12648,0.12602,0.12637,801768.9,101191.97148,0.12628,0.12643,0.12608,0.12637,0.1264,0.12647,0.12621,0.12641,-0.00017805,-0.00076902,-0.0009771,-0.00076902,-3.999999999998449e-05,-0.00031643066213103786
1772042400000,2026-02-25T18:00:00Z,0.12637,0.12665,0.12472,0.12504,4684969.2,586945.098754,0.12637,0.1266,0.1248,0.12504,0.12641,0.12661,0.12488,0.12514,-0.00076902,-0.00083085,-0.00090167,-0.00090167,-9.999999999998899e-05,-0.000799105002397227
1772042700000,2026-02-25T18:05:00Z,0.12504,0.12586,0.12503,0.12574,1032008,129591.681766,0.12504,0.12584,0.12504,0.12574,0.12514,0.12586,0.12514,0.12575,-0.00090167,0,-0.00042139,0,-1.0000000000010001e-05,-7.952286282314116e-05
1772043000000,2026-02-25T18:10:00Z,0.12574,0.1263,0.12569,0.12627,776649.7,97843.508489,0.12574,0.12631,0.12572,0.12631,0.12575,0.12637,0.12573,0.12637,0,-0.0000923,-0.00047676,-0.0000923,-0.00010000000000001674,-0.000791327055472159
1772043300000,2026-02-25T18:15:00Z,0.12627,0.12681,0.12612,0.12667,1020579.3,129128.928861,0.12631,0.12678,0.12614,0.12671,0.12637,0.12682,0.12619,0.12677,-0.0000923,0,0,0,-9.999999999998899e-05,-0.0007888301648654177
1772043600000,2026-02-25T18:20:00Z,0.12667,0.12675,0.12637,0.12637,497765.5,63011.577717,0.12671,0.12675,0.1264,0.1264,0.12677,0.12681,0.12653,0.12653,0,-0.00055529,-0.00062447,-0.00055529,-0.00015999999999999348,-0.0012645222476882437
1772043900000,2026-02-25T18:25:00Z,0.12637,0.12758,0.12637,0.12737,1773033.5,225392.056671,0.1264,0.12754,0.1264,0.12737,0.12653,0.12762,0.12652,0.12741,-0.00055529,0,0,0,-3.999999999998449e-05,-0.00031394709991354285
1772044200000,2026-02-25T18:30:00Z,0.12737,0.12749,0.1267,0.1271,1321616,167829.570605,0.12737,0.12746,0.12679,0.12711,0.12741,0.12747,0.1269,0.12719,0,-0.0000647,-0.00037425,-0.0000647,-9.000000000000674e-05,-0.0007076027989622356
1772044500000,2026-02-25T18:35:00Z,0.1271,0.12748,0.127,0.12711,792488.2,100807.273739,0.12711,0.12745,0.12706,0.12711,0.12719,0.12748,0.12718,0.12725,-0.0000647,-0.00067282,-0.00071972,-0.00067282,-0.00014000000000000123,-0.0011001964636542336
1772044800000,2026-02-25T18:40:00Z,0.12711,0.1274,0.12693,0.12723,666070.7,84703.478747,0.12711,0.12739,0.12696,0.1273,0.12725,0.12748,0.12712,0.12742,-0.00067282,-0.00000549,-0.0005481,-0.0005481,-0.00018999999999999573,-0.0014911316904724196
1772045100000,2026-02-25T18:45:00Z,0.12723,0.1273,0.12695,0.12698,504494.9,64127.810519,0.1273,0.1273,0.12697,0.12698,0.12742,0.12742,0.12708,0.12708,-0.0005481,-0.00063479,-0.00066014,-0.00063479,-9.999999999998899e-05,-0.000786905886055941
1772045400000,2026-02-25T18:50:00Z,0.12698,0.12707,0.12661,0.12675,804911.3,102085.08591,0.12698,0.12707,0.12662,0.12675,0.12708,0.12713,0.12667,0.12681,-0.00063479,-0.00020613,-0.00023902,-0.00020613,-6.0000000000004494e-05,-0.000473148805299302
1772045700000,2026-02-25T18:55:00Z,0.12675,0.12714,0.12671,0.12704,298440,37895.128994,0.12675,0.12714,0.12675,0.12706,0.12681,0.12718,0.12675,0.12716,-0.00020613,-0.00037645,-0.00045321,-0.00045321,-0.00012000000000000899,-0.0009436929852155473
1772046000000,2026-02-25T19:00:00Z,0.12704,0.12704,0.12587,0.126,1536454.1,193996.283751,0.12706,0.12706,0.12589,0.12599,0.12716,0.12716,0.126,0.12603,-0.00045321,-0.00005949,-0.00040765,-0.00005949,-3.0000000000002247e-05,-0.00023803856224710186
1772046300000,2026-02-25T19:05:00Z,0.126,0.1261,0.12586,0.126,661320.3,83310.066442,0.12599,0.12613,0.1259,0.12607,0.12603,0.12621,0.12596,0.12615,-0.00005949,-0.00019604,-0.00021192,-0.00021192,-0.00015000000000001124,-0.0011890606420928357
1772046600000,2026-02-25T19:10:00Z,0.126,0.12631,0.12556,0.12625,897158.8,112931.416541,0.12607,0.1263,0.12559,0.12629,0.12615,0.12632,0.12562,0.12632,-0.00021192,0,-0.00017949,-0.00017949,-6.999999999998674e-05,-0.0005541481950600598
1772046900000,2026-02-25T19:15:00Z,0.12625,0.12697,0.12619,0.12694,825294,104443.207883,0.12629,0.12696,0.12629,0.12695,0.12632,0.12699,0.12632,0.12699,-0.00017949,-0.00004752,-0.00015763,-0.00004752,-4.999999999999449e-05,-0.00039373178990467355
1772047200000,2026-02-25T19:20:00Z,0.12694,0.12781,0.12685,0.12753,1523669.8,194130.564314,0.12695,0.1278,0.12693,0.12753,0.12699,0.12781,0.12698,0.1276,-0.00004752,0,0,0,-6.999999999998674e-05,-0.0005485893416926861
1772047500000,2026-02-25T19:25:00Z,0.12753,0.12771,0.12708,0.1272,858419.6,109311.144704,0.12753,0.12765,0.12709,0.1272,0.1276,0.12774,0.12717,0.12723,0,-0.00010274,-0.00022642,-0.00010274,-3.0000000000002247e-05,-0.00023579344494224826
1772047800000,2026-02-25T19:30:00Z,0.1272,0.12735,0.12677,0.12725,1482700.5,188455.052987,0.1272,0.12732,0.12683,0.12725,0.12723,0.12737,0.1269,0.12731,-0.00010274,0,-0.00022347,0,-6.0000000000004494e-05,-0.00047129055062449524
1772048100000,2026-02-25T19:35:00Z,0.12725,0.1278,0.12709,0.12759,973376.4,124022.031361,0.12725,0.12781,0.12711,0.12762,0.12731,0.12785,0.12719,0.12767,0,0,-0.00080161,0,-7.999999999999674e-05,-0.0006266154930680406
1772048400000,2026-02-25T19:40:00Z,0.12759,0.12844,0.12734,0.12842,1564367.5,200019.242045,0.12762,0.12844,0.12741,0.12842,0.12767,0.12851,0.12746,0.12845,0,-0.00028553,-0.00052952,-0.00028553,-3.0000000000002247e-05,-0.00023355391202804394
1772048700000,2026-02-25T19:45:00Z,0.12842,0.12886,0.12796,0.12867,2248091.9,288904.813862,0.12842,0.12886,0.12809,0.12867,0.12845,0.1289,0.12815,0.12873,-0.00028553,-0.00047906,-0.00073847,-0.00047906,-6.0000000000004494e-05,-0.0004660918200885923
1772049000000,2026-02-25T19:50:00Z,0.12867,0.12867,0.12795,0.12825,1017580.6,130537.590885,0.12867,0.12867,0.12799,0.12825,0.12873,0.12874,0.12807,0.12832,-0.00047906,-0.00036478,-0.00062577,-0.00036478,-6.999999999998674e-05,-0.0005455112219450339
1772049300000,2026-02-25T19:55:00Z,0.12825,0.12941,0.12822,0.12873,3095173.5,398852.304994,0.12825,0.12921,0.12823,0.12872,0.12832,0.1293,0.12828,0.12874,-0.00036478,-0.00043122,-0.00097038,-0.00097038,-9.999999999982245e-06,-7.767593599489084e-05
1772049600000,2026-02-25T20:00:00Z,0.12873,0.12907,0.12848,0.12861,1873022.5,241267.017473,0.12872,0.12906,0.12851,0.12861,0.12874,0.12912,0.1286,0.12864,-0.00097038,0,-0.00071653,0,-3.0000000000002247e-05,-0.00023320895522389805
1772049900000,2026-02-25T20:05:00Z,0.12861,0.12899,0.12855,0.12856,1037374,133652.914141,0.12861,0.12899,0.12861,0.12862,0.12864,0.12905,0.12864,0.12872,0,0,-0.00005107,-0.00005107,-0.00015999999999999348,-0.0012430080795524665
1772050200000,2026-02-25T20:10:00Z,0.12856,0.12872,0.1281,0.12821,1660707.6,213154.979156,0.12862,0.12872,0.12818,0.12821,0.12872,0.12874,0.12829,0.12831,-0.00005107,-0.00013628,-0.0004848,-0.0004848,-0.00010000000000001674,-0.0007793624814902715
1772050500000,2026-02-25T20:15:00Z,0.12821,0.1285,0.12818,0.12837,1214205.2,155826.226624,0.12821,0.1285,0.12821,0.12837,0.12831,0.12853,0.12829,0.12838,-0.0004848,-0.00017663,-0.00029217,-0.00029217,-9.999999999982245e-06,-7.789375292087744e-05
1772050800000,2026-02-25T20:20:00Z,0.12837,0.12844,0.12781,0.12791,1250759,160225.868743,0.12837,0.12839,0.12788,0.12791,0.12838,0.12845,0.12796,0.12796,-0.00029217,-0.00013945,-0.00107457,-0.00013945,-4.999999999999449e-05,-0.0003907471084713543
1772051100000,2026-02-25T20:25:00Z,0.12791,0.12873,0.12747,0.12847,2393893,306425.81737,0.12791,0.12872,0.12754,0.12854,0.12796,0.12877,0.12763,0.1286,-0.00013945,0,-0.00049067,-0.00049067,-0.00012999999999999123,-0.0010108864696733379
1772051400000,2026-02-25T20:30:00Z,0.12847,0.12971,0.12843,0.12954,1522753.9,196837.554966,0.12854,0.12963,0.12848,0.12955,0.1286,0.12965,0.12855,0.12957,-0.00049067,0,-0.0000126,-0.0000126,-3.0000000000002247e-05,-0.00023153507756426835
1772051700000,2026-02-25T20:35:00Z,0.12954,0.12977,0.12926,0.1296,1320184.3,170978.564094,0.12955,0.12977,0.12934,0.1296,0.12957,0.12982,0.12937,0.12966,-0.0000126,-0.00012932,-0.00037554,-0.00012932,-6.0000000000004494e-05,-0.0004627487274410342
1772052000000,2026-02-25T20:40:00Z,0.1296,0.1303,0.12951,0.13028,1378883.3,179324.447969,0.1296,0.1303,0.12951,0.13028,0.12966,0.13034,0.1296,0.1303,-0.00012932,-0.00002758,-0.00045822,-0.00002758,-1.9999999999992246e-05,-0.00015349194167300266
1772052300000,2026-02-25T20:45:00Z,0.13028,0.13056,0.12973,0.12982,1741553.7,226676.032639,0.13028,0.13057,0.12983,0.12983,0.1303,0.13063,0.12992,0.12992,-0.00002758,-0.00013925,-0.00021154,-0.00013925,-0.00010000000000001674,-0.0007697044334976658
1772052600000,2026-02-25T20:50:00Z,0.12982,0.13017,0.12939,0.12989,3319044.5,430644.757191,0.12983,0.13017,0.12942,0.12993,0.12992,0.13023,0.12956,0.13,-0.00013925,0,-0.00016819,-0.00016819,-0.00010999999999999899,-0.0008461538461538384
1772052900000,2026-02-25T20:55:00Z,0.12989,0.12996,0.12955,0.12978,1283490.7,166604.737998,0.12993,0.12996,0.1296,0.1298,0.13,0.13005,0.12971,0.12991,-0.00016819,-0.0002265,-0.00051278,-0.00051278,-0.00012999999999999123,-0.0010006927873142271
1772053200000,2026-02-25T21:00:00Z,0.12978,0.13009,0.1295,0.12961,2309336.2,299728.875053,0.1298,0.13009,0.12951,0.12961,0.12991,0.13015,0.12963,0.12968,-0.00051278,-0.0000928,-0.00049568,-0.0000928,-6.999999999998674e-05,-0.0005397902529301877
1772053500000,2026-02-25T21:05:00Z,0.12961,0.13022,0.12961,0.13022,1360877.1,176903.981863,0.12961,0.13022,0.12961,0.13022,0.12968,0.13023,0.12968,0.13022,-0.0000928,-0.00010879,-0.00032438,-0.00032438,0.0,0.0
1772053800000,2026-02-25T21:10:00Z,0.13022,0.13037,0.12941,0.12959,1449393.4,188407.342976,0.13022,0.13036,0.1295,0.12959,0.13022,0.13037,0.12961,0.12967,-0.00032438,-0.00038095,-0.00111552,-0.00038095,-7.999999999999674e-05,-0.0006169507210611301
1772054100000,2026-02-25T21:15:00Z,0.12959,0.1303,0.12948,0.13012,1188610.5,154402.14511,0.12959,0.1303,0.12956,0.13012,0.12967,0.13032,0.12963,0.13016,-0.00038095,0,-0.00029183,-0.00029183,-3.999999999998449e-05,-0.00030731407498451517
1772054400000,2026-02-25T21:20:00Z,0.13012,0.13106,0.13002,0.13106,1334091.6,174232.283224,0.13012,0.13106,0.13011,0.13106,0.13016,0.1311,0.13016,0.1311,-0.00029183,-0.0000494,-0.00031889,-0.00031889,-3.999999999998449e-05,-0.00030511060259332185
1772054700000,2026-02-25T21:25:00Z,0.13106,0.13198,0.12965,0.12975,11410879.6,1490988.337427,0.13106,0.13196,0.12979,0.12979,0.1311,0.13199,0.12992,0.12992,-0.00031889,-0.00010128,-0.00065974,-0.00065974,-0.00017000000000000348,-0.0013084975369458396
1772055000000,2026-02-25T21:30:00Z,0.12975,0.13152,0.12956,0.13152,5002963,653317.117862,0.12979,0.13152,0.12961,0.13152,0.12992,0.13158,0.12975,0.13158,-0.00065974,-0.00067744,-0.0009944,-0.00067744,-6.0000000000004494e-05,-0.0004559963520292179
1772055300000,2026-02-25T21:35:00Z,0.13152,0.13331,0.13149,0.13234,8577945.7,1134481.799913,0.13152,0.13327,0.13152,0.13234,0.13158,0.13327,0.13158,0.13243,-0.00067744,0,-0.00006178,0,-8.999999999997899e-05,-0.0006796043192628482
1772055600000,2026-02-25T21:40:00Z,0.13234,0.13288,0.13189,0.13242,2545430.3,337080.724369,0.13234,0.13287,0.13197,0.13245,0.13243,0.13288,0.13207,0.13258,0,0,-0.00118711,-0.00118711,-0.00015999999999999348,-0.0012068185246643043
1772055900000,2026-02-25T21:45:00Z,0.13242,0.13354,0.13176,0.13233,4326376.4,573740.036135,0.13245,0.13357,0.13179,0.13243,0.13258,0.1337,0.13191,0.13258,-0.00118711,-0.00015828,-0.00061735,-0.00061735,-0.0002500000000000002,-0.0018856539447880542
1772056200000,2026-02-25T21:50:00Z,0.13233,0.13253,0.13103,0.13116,4822022.6,635543.844363,0.13243,0.13265,0.13126,0.13128,0.13258,0.1328,0.13155,0.13159,-0.00061735,-0.0011748,-0.00194153,-0.00194153,-0.0004300000000000137,-0.003267725511057175
1772056500000,2026-02-25T21:55:00Z,0.13116,0.13124,0.13041,0.13092,2734681.7,357732.470738,0.13128,0.13128,0.13048,0.13092,0.13159,0.13159,0.13073,0.13098,-0.00194153,-0.00024267,-0.00072135,-0.00024267,-6.0000000000004494e-05,-0.00045808520384794997
1772056800000,2026-02-25T22:00:00Z,0.13092,0.13172,0.13054,0.13074,4426420.9,580623.318346,0.13092,0.13168,0.13066,0.13076,0.13098,0.13174,0.13074,0.13085,-0.00024267,0,-0.00070536,0,-0.00010999999999999899,-0.0008406572411157737
1772057100000,2026-02-25T22:05:00Z,0.13074,0.13074,0.12979,0.12986,1823551.7,237181.080779,0.13076,0.13076,0.12982,0.12989,0.13085,0.13085,0.12993,0.12998,0,0,-0.00025592,0,-0.00012000000000000899,-0.0009232189567626479
1772057400000,2026-02-25T22:10:00Z,0.12986,0.13046,0.12936,0.13022,1221483.1,158619.022489,0.12989,0.1303,0.12948,0.13028,0.12998,0.13037,0.12957,0.13037,0,0,0,0,-0.00015000000000001124,-0.0011505714504871612
1772057700000,2026-02-25T22:15:00Z,0.13022,0.13052,0.1295,0.12978,912944.1,118656.432326,0.13028,0.13045,0.12961,0.12979,0.13037,0.13052,0.12972,0.12992,0,0,0,0,-0.00014000000000000123,-0.0010775862068965613
1772058000000,2026-02-25T22:20:00Z,0.12978,0.12983,0.12891,0.12931,1123230,145249.762011,0.12979,0.12983,0.12908,0.12931,0.12992,0.12992,0.12919,0.1294,0,0,0,0,-8.999999999997899e-05,-0.0006955177743429598
1772058300000,2026-02-25T22:25:00Z,0.12931,0.1294,0.1287,0.12871,706505.8,91110.704965,0.12931,0.12938,0.1288,0.12882,0.1294,0.12944,0.12888,0.1289,0,0,0,0,-0.00018999999999999573,-0.001474010861132628
1772058600000,2026-02-25T22:30:00Z,0.12871,0.12909,0.12849,0.12903,786526.1,101286.560722,0.12882,0.12909,0.1287,0.12903,0.1289,0.12914,0.12878,0.12911,0,0,0,0,-7.999999999999674e-05,-0.0006196266749283304
1772058900000,2026-02-25T22:35:00Z,0.12903,0.12925,0.12778,0.12783,1630934.6,209351.889216,0.12903,0.12914,0.12784,0.12784,0.12911,0.12915,0.12796,0.12798,0,0,-0.00091111,-0.00091111,-0.00015000000000001124,-0.0011720581340835382
1772059200000,2026-02-25T22:40:00Z,0.12783,0.12793,0.1268,0.12746,3768217.8,479897.836897,0.12784,0.12793,0.12715,0.12746,0.12798,0.12798,0.12727,0.12761,-0.00091111,-0.00020447,-0.00060309,-0.00060309,-0.00015000000000001124,-0.0011754564689288555
1772059500000,2026-02-25T22:45:00Z,0.12746,0.12807,0.12731,0.12778,919666.2,117436.607411,0.12746,0.12804,0.12738,0.12778,0.12761,0.12815,0.12755,0.12789,-0.00060309,-0.00013141,-0.00022312,-0.00022312,-0.00010999999999999899,-0.0008601141606067635
1772059800000,2026-02-25T22:50:00Z,0.12778,0.12778,0.12631,0.12675,1577224.7,200012.398858,0.12778,0.12778,0.12635,0.12676,0.12789,0.12789,0.1265,0.12689,-0.00022312,-0.00008119,-0.00043198,-0.00008119,-0.00014000000000000123,-0.0011033178343447178
1772060100000,2026-02-25T22:55:00Z,0.12675,0.12752,0.12668,0.12745,852793.1,108326.435966,0.12676,0.12752,0.12668,0.12746,0.12689,0.12758,0.12677,0.12756,-0.00008119,-0.00003413,-0.00009019,-0.00003413,-0.00010999999999999899,-0.0008623392913138836
1772060400000,2026-02-25T23:00:00Z,0.12745,0.12745,0.12661,0.12716,858392.9,108989.504694,0.12746,0.12746,0.12663,0.12716,0.12756,0.12756,0.12681,0.1272,-0.00003413,0,-0.00045465,-0.00045465,-4.000000000001225e-05,-0.0003144654088051277
1772060700000,2026-02-25T23:05:00Z,0.12716,0.12818,0.12706,0.12805,1364976.9,174375.628921,0.12716,0.12818,0.1271,0.12806,0.1272,0.12829,0.1272,0.12819,-0.00045465,-0.0003237,-0.00046865,-0.0003237,-0.00014000000000000123,-0.0010921288712068121
1772061000000,2026-02-25T23:10:00Z,0.12805,0.12817,0.12746,0.12759,1080870.5,138079.815393,0.12806,0.12814,0.1275,0.12759,0.12819,0.12826,0.12767,0.12773,-0.0003237,-0.00097983,-0.00115446,-0.00115446,-0.00014000000000000123,-0.0010960620057934801
1772061300000,2026-02-25T23:15:00Z,0.12759,0.1276,0.12571,0.12583,2817625.6,356114.13996,0.12759,0.12759,0.12577,0.12583,0.12773,0.12778,0.12592,0.12592,-0.00115446,-0.00068521,-0.00072412,-0.00068521,-9.000000000000674e-05,-0.0007147395171538019
1772061600000,2026-02-25T23:20:00Z,0.12583,0.12614,0.12551,0.12578,1637937.2,206086.786462,0.12583,0.12614,0.12577,0.12582,0.12592,0.12622,0.12592,0.12593,-0.00068521,-0.00036902,-0.00108292,-0.00108292,-0.00014999999999998348,-0.0011911379337726
1772061900000,2026-02-25T23:25:00Z,0.12578,0.12624,0.12553,0.1256,1051890.4,132427.606132,0.12582,0.1261,0.12563,0.12563,0.12593,0.12623,0.12576,0.1258,-0.00108292,-0.0005084,-0.00099119,-0.00099119,-0.00020000000000000573,-0.0015898251192369296
1772062200000,2026-02-25T23:30:00Z,0.1256,0.12576,0.12483,0.12505,2030635.2,254538.001894,0.12563,0.12575,0.125,0.12505,0.1258,0.1259,0.12519,0.12523,-0.00099119,-0.00092616,-0.00122194,-0.00092616,-0.00018000000000001348,-0.0014373552663100972
1772062500000,2026-02-25T23:35:00Z,0.12505,0.12546,0.12393,0.12441,2174103.9,271251.627144,0.12505,0.12546,0.12428,0.12441,0.12523,0.12557,0.12447,0.1246,-0.00092616,-0.00044898,-0.00120248,-0.00120248,-0.00018999999999999573,-0.0015248796147672209
1772062800000,2026-02-25T23:40:00Z,0.12441,0.12443,0.12299,0.12334,2759662.3,340888.405504,0.12441,0.12443,0.12304,0.12334,0.1246,0.1246,0.12319,0.1234,-0.00120248,-0.00030917,-0.00166102,-0.00030917,-5.9999999999990616e-05,-0.00048622366288485105
1772063100000,2026-02-25T23:45:00Z,0.12334,0.12374,0.12309,0.12309,1200580.9,148145.293645,0.12334,0.12366,0.12312,0.12312,0.1234,0.12366,0.12328,0.12328,-0.00030917,-0.00071186,-0.00075036,-0.00075036,-0.00018999999999999573,-0.0015412070084360459
1772063400000,2026-02-25T23:50:00Z,0.12309,0.12395,0.12259,0.12357,1740455.6,214605.413652,0.12312,0.12395,0.12294,0.12358,0.12328,0.12398,0.12299,0.12369,-0.00075036,0,-0.0009463,0,-0.00011999999999999511,-0.0009701673538685028
1772063700000,2026-02-25T23:55:00Z,0.12357,0.12415,0.12354,0.12404,1991596.4,246705.804606,0.12358,0.12412,0.12358,0.12404,0.12369,0.12425,0.12369,0.12415,0,-0.00057532,-0.00060727,-0.00057532,-0.00010999999999999899,-0.0008860249697945951
1772064000000,2026-02-26T00:00:00Z,0.12404,0.12423,0.12314,0.12338,1441496.3,178164.071059,0.12404,0.12422,0.12318,0.12338,0.12415,0.12431,0.12335,0.12345,-0.00057532,-0.00013079,-0.00028215,-0.00013079,-7.000000000000062e-05,-0.0005670311867152743
1772064300000,2026-02-26T00:05:00Z,0.12338,0.1243,0.12329,0.12421,938984.3,116149.458164,0.12338,0.12428,0.12334,0.12424,0.12345,0.12438,0.12345,0.12434,-0.00013079,-0.00015619,-0.00069309,-0.00069309,-0.0001300000000000051,-0.0010455203474344949
1772064600000,2026-02-26T00:10:00Z,0.12421,0.12426,0.12377,0.12385,964904.9,119716.692665,0.12424,0.12426,0.12379,0.12385,0.12434,0.12434,0.12391,0.12393,-0.00069309,-0.00032609,-0.00063842,-0.00063842,-7.999999999999674e-05,-0.0006455256999919046
1772064900000,2026-02-26T00:15:00Z,0.12385,0.12424,0.12355,0.12382,714318.3,88516.983419,0.12385,0.12422,0.12357,0.12387,0.12393,0.12429,0.1237,0.12398,-0.00063842,-0.00004396,-0.00041898,-0.00041898,-0.00016000000000000736,-0.0012905307307630855
1772065200000,2026-02-26T00:20:00Z,0.12382,0.1244,0.12376,0.12416,1015400,126050.545316,0.12387,0.1244,0.12383,0.12416,0.12398,0.1245,0.12393,0.12427,-0.00041898,-0.0001419,-0.00050289,-0.0001419,-0.00010999999999999899,-0.0008851693892331133
1772065500000,2026-02-26T00:25:00Z,0.12416,0.12442,0.12385,0.12385,511177.7,63409.903356,0.12416,0.12442,0.12387,0.12387,0.12427,0.12452,0.12408,0.12409,-0.0001419,-0.00109948,-0.0011407,-0.00109948,-0.0002400000000000041,-0.0019340801031509718
1772065800000,2026-02-26T00:30:00Z,0.12385,0.12456,0.12369,0.12438,809218.6,100497.82714,0.12387,0.12457,0.12372,0.12442,0.12409,0.12473,0.1239,0.12456,-0.00109948,-0.00009299,-0.00009367,-0.00009299,-0.0001799999999999996,-0.0014450867052023088
1772066100000,2026-02-26T00:35:00Z,0.12438,0.12441,0.12282,0.12298,1364475.6,168633.485393,0.12442,0.12442,0.12287,0.12298,0.12456,0.12456,0.12307,0.12315,-0.00009299,0,-0.00091765,-0.00091765,-0.0001699999999999896,-0.001380430369468044
1772066400000,2026-02-26T00:40:00Z,0.12298,0.12373,0.12238,0.12358,1152143.7,141743.347558,0.12298,0.12373,0.12251,0.12364,0.12315,0.12383,0.12264,0.12376,-0.00091765,0,-0.00083516,-0.00083516,-0.0001799999999999996,-0.001454427925016157
1772066700000,2026-02-26T00:45:00Z,0.12358,0.124,0.12324,0.12375,434980.5,53797.271052,0.12364,0.124,0.12331,0.12378,0.12376,0.12411,0.12347,0.1239,-0.00083516,-0.00001178,-0.0002932,-0.00001178,-0.00014999999999999736,-0.0012106537530266132
1772067000000,2026-02-26T00:50:00Z,0.12375,0.12422,0.12337,0.1242,916382,113320.81322,0.12378,0.12422,0.12343,0.1242,0.1239,0.12429,0.1236,0.12429,-0.00001178,-0.00035243,-0.00048847,-0.00035243,-8.999999999999286e-05,-0.0007241129616219556
1772067300000,2026-02-26T00:55:00Z,0.1242,0.12463,0.12419,0.1243,1023690.2,127390.695774,0.1242,0.12462,0.1242,0.12436,0.12429,0.12471,0.12429,0.12452,-0.00035243,-0.00018897,-0.0004577,-0.0004577,-0.00022000000000001185,-0.001766784452296915
1772067600000,2026-02-26T01:00:00Z,0.1243,0.1248,0.12398,0.12477,620790.9,77209.291383,0.12436,0.12478,0.12403,0.12477,0.12452,0.12488,0.12419,0.12487,-0.0004577,-0.00068169,-0.00107691,-0.00068169,-9.999999999998899e-05,-0.0008008328661807399
1772067900000,2026-02-26T01:05:00Z,0.12477,0.12551,0.1246,0.12538,977226.5,122226.669277,0.12477,0.1255,0.12469,0.12539,0.12487,0.12556,0.12481,0.1255,-0.00068169,-0.0005599,-0.00078495,-0.0005599,-0.00012000000000000899,-0.0009561752988048525
1772068200000,2026-02-26T01:10:00Z,0.12538,0.12546,0.12487,0.12496,555946.3,69599.606561,0.12539,0.12543,0.12494,0.12502,0.1255,0.12557,0.1251,0.12518,-0.0005599,-0.00071913,-0.00074395,-0.00074395,-0.00022000000000001185,-0.0017574692442883194
1772068500000,2026-02-26T01:15:00Z,0.12496,0.12508,0.12444,0.12495,659109.3,82277.099845,0.12502,0.12508,0.12454,0.125,0.12518,0.12522,0.12469,0.12515,-0.00074395,-0.00018408,-0.00038824,-0.00038824,-0.00020000000000000573,-0.0015980823012385595
1772068800000,2026-02-26T01:20:00Z,0.12495,0.12558,0.12491,0.12549,443542,55511.359734,0.125,0.12558,0.12493,0.12553,0.12515,0.12568,0.1251,0.12568,-0.00038824,-0.00063688,-0.00090634,-0.00063688,-0.00018999999999999573,-0.0015117759388923913
1772069100000,2026-02-26T01:25:00Z,0.12549,0.1258,0.12499,0.12517,1003603.6,125968.987071,0.12553,0.12578,0.12505,0.12517,0.12568,0.12589,0.12521,0.12535,-0.00063688,-0.00095374,-0.00127406,-0.00127406,-0.00017999999999998573,-0.0014359792580772696
1772069400000,2026-02-26T01:30:00Z,0.12517,0.1252,0.12468,0.1252,895519.2,111885.137518,0.12517,0.1252,0.12471,0.1252,0.12535,0.12535,0.12485,0.12529,-0.00127406,-0.00060232,-0.00101293,-0.00060232,-9.000000000000674e-05,-0.0007183334663581031
1772069700000,2026-02-26T01:35:00Z,0.1252,0.12533,0.12497,0.12516,353465.2,44240.209878,0.1252,0.12533,0.12506,0.12517,0.12529,0.12546,0.1252,0.12536,-0.00060232,-0.00040368,-0.00104744,-0.00104744,-0.00020000000000000573,-0.0015954052329292098
1772070000000,2026-02-26T01:40:00Z,0.12516,0.12541,0.12472,0.12479,724692.3,90654.761552,0.12517,0.12541,0.12479,0.12479,0.12536,0.12552,0.12492,0.12492,-0.00104744,-0.00025091,-0.00097512,-0.00097512,-0.0001300000000000051,-0.0010406660262568452
1772070300000,2026-02-26T01:45:00Z,0.12479,0.12501,0.12449,0.12487,502668.4,62713.300994,0.12479,0.12501,0.12453,0.12487,0.12492,0.1251,0.12469,0.12501,-0.00097512,-0.00113152,-0.00130655,-0.00113152,-0.0001400000000000151,-0.0011199104071675475
1772070600000,2026-02-26T01:50:00Z,0.12487,0.12498,0.12432,0.12446,485225.4,60493.092331,0.12487,0.12498,0.12432,0.12446,0.12501,0.1251,0.12451,0.12461,-0.00113152,-0.00036131,-0.00081953,-0.00036131,-0.00014999999999999736,-0.0012037557178396386
1772070900000,2026-02-26T01:55:00Z,0.12446,0.12479,0.124,0.12412,469160.3,58311.459589,0.12446,0.12479,0.12405,0.12412,0.12461,0.1249,0.12427,0.12431,-0.00036131,-0.00126591,-0.0014037,-0.00126591,-0.0001900000000000096,-0.0015284369720859916
1772071200000,2026-02-26T02:00:00Z,0.12412,0.12412,0.12333,0.12334,1062438.5,131398.051877,0.12412,0.12412,0.12334,0.12334,0.12431,0.12431,0.12345,0.1235,-0.00126591,-0.00053771,-0.00063469,-0.00053771,-0.00015999999999999348,-0.0012955465587044007
1772071500000,2026-02-26T02:05:00Z,0.12334,0.12341,0.12283,0.12337,1138511.2,140139.020612,0.12334,0.12341,0.12286,0.12337,0.1235,0.1235,0.12302,0.1235,-0.00053771,-0.00047254,-0.00064128,-0.00064128,-0.0001300000000000051,-0.0010526315789474098
1772071800000,2026-02-26T02:10:00Z,0.12337,0.12341,0.123,0.12315,428038.6,52750.863836,0.12337,0.12341,0.12301,0.12315,0.1235,0.12354,0.12315,0.12332,-0.00064128,-0.00076408,-0.00076493,-0.00076408,-0.00017000000000000348,-0.0013785274083685005
1772072100000,2026-02-26T02:15:00Z,0.12315,0.12439,0.12315,0.12408,1142821.9,141559.987587,0.12315,0.12436,0.12315,0.12409,0.12332,0.1245,0.12331,0.12423,-0.00076408,0,-0.00011063,-0.00011063,-0.00014999999999999736,-0.0012074378169524057
1772072400000,2026-02-26T02:20:00Z,0.12408,0.12419,0.1238,0.12394,1606701.2,199208.86347,0.12409,0.12419,0.12383,0.12396,0.12423,0.12431,0.12398,0.1241,-0.00011063,-0.00004983,-0.00037774,-0.00004983,-0.00016000000000000736,-0.0012892828364222994
1772072700000,2026-02-26T02:25:00Z,0.12394,0.12418,0.12384,0.12412,819980.7,101707.772282,0.12396,0.12418,0.12389,0.12414,0.1241,0.12425,0.124,0.12423,-0.00004983,-0.0003066,-0.00043981,-0.0003066,-0.00010999999999999899,-0.0008854543990984384
1772073000000,2026-02-26T02:30:00Z,0.12412,0.12565,0.12412,0.12523,2117289.2,264908.248051,0.12414,0.12558,0.12414,0.12525,0.12423,0.12561,0.12423,0.12532,-0.0003066,-0.00022479,-0.00028663,-0.00028663,-8.999999999997899e-05,-0.0007181615065430817
1772073300000,2026-02-26T02:35:00Z,0.12523,0.12529,0.12428,0.12451,1124216,140233.37191,0.12525,0.12528,0.12431,0.12451,0.12532,0.12532,0.12446,0.12463,-0.00028663,-0.00054757,-0.00093825,-0.00054757,-0.00012000000000000899,-0.0009628500361069484
1772073600000,2026-02-26T02:40:00Z,0.12451,0.12503,0.1243,0.12493,1289236.1,160700.585364,0.12451,0.12503,0.12435,0.12499,0.12463,0.12511,0.1245,0.1251,-0.00054757,0,-0.00042251,0,-0.0001699999999999896,-0.0013589128697041536
1772073900000,2026-02-26T02:45:00Z,0.12493,0.12515,0.12443,0.12461,488493.3,61004.238689,0.12499,0.12514,0.12447,0.12461,0.1251,0.12521,0.12461,0.12473,0,-0.00065659,-0.0010008,-0.0010008,-0.00011999999999999511,-0.0009620780886714914
1772074200000,2026-02-26T02:50:00Z,0.12461,0.12535,0.1246,0.12525,558280.8,69811.815141,0.12461,0.12528,0.1246,0.12525,0.12473,0.12535,0.12473,0.12532,-0.0010008,0,0,0,-6.999999999998674e-05,-0.0005585700606446437
1772074500000,2026-02-26T02:55:00Z,0.12525,0.12543,0.12506,0.12513,370452.9,46388.526196,0.12525,0.12539,0.12512,0.12514,0.12532,0.12548,0.12526,0.12529,0,0,-0.00040927,-0.00040927,-0.00016000000000002124,-0.0012770372735255904
1772074800000,2026-02-26T03:00:00Z,0.12513,0.12534,0.12491,0.12503,664760.2,83191.396205,0.12514,0.12534,0.12495,0.12507,0.12529,0.12546,0.1251,0.12523,-0.00040927,-0.00002357,-0.0009779,-0.0009779,-0.00020000000000000573,-0.0015970614070111452
1772075100000,2026-02-26T03:05:00Z,0.12503,0.12503,0.12432,0.12441,971180.4,121089.762401,0.12507,0.12507,0.12441,0.12442,0.12523,0.12523,0.12456,0.12456,-0.0009779,-0.00049438,-0.00079118,-0.00079118,-0.00014999999999999736,-0.0012042389210019054
1772075400000,2026-02-26T03:10:00Z,0.12441,0.12462,0.12435,0.12439,316973,39442.397048,0.12442,0.1246,0.12435,0.12444,0.12456,0.12472,0.12448,0.12456,-0.00079118,-0.00015253,-0.00055074,-0.00015253,-0.00017000000000000348,-0.0013648041104688782
1772075700000,2026-02-26T03:15:00Z,0.12439,0.1245,0.12434,0.12439,398077.2,49537.521112,0.12444,0.1245,0.12435,0.1244,0.12456,0.12458,0.12447,0.12448,-0.00015253,0,-0.00055402,-0.00055402,-8.999999999999286e-05,-0.000723007712082205
1772076000000,2026-02-26T03:20:00Z,0.12439,0.12439,0.12402,0.12415,368739.8,45785.332406,0.1244,0.1244,0.12402,0.12421,0.12448,0.12448,0.12411,0.1243,-0.00055402,0,-0.00005157,0,-0.00014999999999999736,-0.0012067578439259644
1772076300000,2026-02-26T03:25:00Z,0.12415,0.12474,0.12415,0.12468,573149.6,71349.345036,0.12421,0.12472,0.12419,0.12469,0.1243,0.12476,0.12428,0.12476,0,0,-0.00072479,0,-7.999999999999674e-05,-0.0006412311638345362
1772076600000,2026-02-26T03:30:00Z,0.12468,0.12515,0.12465,0.12514,750323.2,93726.912499,0.12469,0.12515,0.12469,0.12514,0.12476,0.12521,0.12476,0.12521,0,0,-0.00034253,-0.00034253,-6.999999999998674e-05,-0.0005590607778930336
1772076900000,2026-02-26T03:35:00Z,0.12514,0.12544,0.12502,0.12538,661112.1,82808.071386,0.12514,0.12545,0.12507,0.12541,0.12521,0.12556,0.12521,0.12552,-0.00034253,0,-0.00026629,0,-0.00014000000000000123,-0.0011153601019757906
1772077200000,2026-02-26T03:40:00Z,0.12538,0.1262,0.1253,0.12601,1095299.8,137788.286678,0.12541,0.12619,0.12538,0.12611,0.12552,0.12629,0.1255,0.12623,0,0,-0.00030342,-0.00030342,-0.00021999999999999797,-0.001742850352531078
1772077500000,2026-02-26T03:45:00Z,0.12601,0.12634,0.12588,0.12613,640198.8,80753.72104,0.12611,0.12633,0.12589,0.12616,0.12623,0.1264,0.12603,0.12629,-0.00030342,-0.00015291,-0.00027463,-0.00027463,-0.00016000000000002124,-0.0012669253305884964
1772077800000,2026-02-26T03:50:00Z,0.12613,0.12616,0.12583,0.1259,312457.2,39378.228406,0.12616,0.12617,0.12583,0.1259,0.12629,0.12631,0.12594,0.126,-0.00027463,-0.00071054,-0.00099722,-0.00071054,-9.999999999998899e-05,-0.0007936507936507063
1772078100000,2026-02-26T03:55:00Z,0.1259,0.12595,0.12574,0.12583,249478.4,31391.211825,0.1259,0.12595,0.12575,0.12584,0.126,0.12601,0.12587,0.12597,-0.00071054,-0.00020836,-0.00068122,-0.00020836,-0.00014000000000000123,-0.00111137572437883
1772078400000,2026-02-26T04:00:00Z,0.12583,0.12583,0.12517,0.12523,1355838.1,170143.876343,0.12584,0.12584,0.1252,0.12527,0.12597,0.12597,0.12527,0.12537,-0.00020836,0,-0.00024655,-0.00024655,-0.00014000000000000123,-0.0011166945840312772
1772078700000,2026-02-26T04:05:00Z,0.12523,0.12617,0.12498,0.12613,658551.2,82700.642556,0.12527,0.12617,0.12505,0.12614,0.12537,0.12623,0.12511,0.12623,-0.00024655,-0.00022726,-0.00035206,-0.00035206,-0.00010000000000001674,-0.0007922047056960844
1772079000000,2026-02-26T04:10:00Z,0.12613,0.12665,0.12561,0.12569,1140805.7,144067.579229,0.12614,0.12665,0.12561,0.12569,0.12623,0.12673,0.12581,0.12582,-0.00035206,-0.00050868,-0.00121123,-0.00050868,-0.00012999999999999123,-0.001033222063264912
1772079300000,2026-02-26T04:15:00Z,0.12569,0.12619,0.125,0.1252,4657380,584968.061768,0.12569,0.12619,0.12511,0.1252,0.12582,0.12629,0.12526,0.12535,-0.00050868,0,-0.0012582,-0.0012582,-0.00014999999999998348,-0.001196649381731021
1772079600000,2026-02-26T04:20:00Z,0.1252,0.12532,0.12474,0.12516,991111.3,123930.101518,0.1252,0.12532,0.1248,0.12518,0.12535,0.1254,0.125,0.12531,-0.0012582,-0.00017993,-0.00066789,-0.00017993,-0.00015000000000001124,-0.0011970313622217798
1772079900000,2026-02-26T04:25:00Z,0.12516,0.12531,0.12485,0.125,479062.6,59941.385727,0.12518,0.12531,0.12493,0.125,0.12531,0.12539,0.1251,0.12514,-0.00017993,0,-0.00068691,0,-0.00014000000000000123,-0.0011187470033562508
1772080200000,2026-02-26T04:30:00Z,0.125,0.12568,0.12491,0.12496,1145530,143525.417263,0.125,0.12567,0.12495,0.12496,0.12514,0.12576,0.12506,0.12511,0,-0.0002531,-0.00129255,-0.00129255,-0.00014999999999999736,-0.0011989449284629315
1772080500000,2026-02-26T04:35:00Z,0.12496,0.12529,0.12479,0.12511,826503.9,103366.526121,0.12496,0.12527,0.12484,0.12511,0.12511,0.12535,0.125,0.12521,-0.00129255,-0.00033059,-0.00091413,-0.00033059,-9.999999999998899e-05,-0.0007986582541329686
1772080800000,2026-02-26T04:40:00Z,0.12511,0.1257,0.12506,0.12558,457060.2,57365.324639,0.12511,0.1257,0.12506,0.12559,0.12521,0.12579,0.12521,0.12572,-0.00033059,-0.00067632,-0.00075375,-0.00067632,-0.00014000000000000123,-0.0011135857461024598
1772081100000,2026-02-26T04:45:00Z,0.12558,0.12558,0.12522,0.12537,295188.5,37023.847598,0.12559,0.12559,0.12522,0.12543,0.12572,0.12572,0.12539,0.12558,-0.00067632,0,-0.00021189,0,-0.00020999999999998797,-0.0016722408026754896
1772081400000,2026-02-26T04:50:00Z,0.12537,0.12549,0.12511,0.12542,325850.4,40840.478452,0.12543,0.12549,0.12513,0.12544,0.12558,0.12558,0.12529,0.12556,0,-0.00021468,-0.00036757,-0.00021468,-0.00014000000000000123,-0.001115004778591918
1772081700000,2026-02-26T04:55:00Z,0.12542,0.12557,0.12535,0.12539,220701.6,27685.124392,0.12544,0.12557,0.12539,0.12539,0.12556,0.12568,0.12556,0.12556,-0.00021468,-0.00084961,-0.00086175,-0.00086175,-0.00017000000000000348,-0.0013539343740044877
1772082000000,2026-02-26T05:00:00Z,0.12539,0.12539,0.12423,0.12471,852014.6,106164.204409,0.12539,0.12539,0.12426,0.12471,0.12556,0.12556,0.12443,0.12483,-0.00086175,-0.00022083,-0.00063738,-0.00022083,-0.00011999999999999511,-0.0009613073780340872
1772082300000,2026-02-26T05:05:00Z,0.12471,0.12471,0.12393,0.12402,654490.4,81293.385867,0.12471,0.12471,0.12398,0.12402,0.12483,0.12483,0.12419,0.12419,-0.00022083,-0.0008417,-0.0015352,-0.0008417,-0.0001699999999999896,-0.0013688702794104968
1772082600000,2026-02-26T05:10:00Z,0.12402,0.12402,0.1233,0.12355,1227201.7,151737.193058,0.12402,0.12402,0.12339,0.12357,0.12419,0.12419,0.12361,0.12369,-0.0008417,-0.000152,-0.00107366,-0.00107366,-0.00014000000000000123,-0.0011318619128466427
1772082900000,2026-02-26T05:15:00Z,0.12355,0.12355,0.12288,0.12319,1149219.8,141560.959926,0.12357,0.12357,0.12296,0.12319,0.12369,0.12369,0.12313,0.12332,-0.00107366,-0.00046505,-0.00077245,-0.00077245,-0.0001300000000000051,-0.0010541680181641673
1772083200000,2026-02-26T05:20:00Z,0.12319,0.1238,0.12316,0.1237,562142.4,69354.690365,0.12319,0.1238,0.12318,0.12373,0.12332,0.12394,0.12332,0.12389,-0.00077245,-0.00060651,-0.00108954,-0.00108954,-0.00018999999999999573,-0.0015336185325691802
1772083500000,2026-02-26T05:25:00Z,0.1237,0.1242,0.1237,0.12401,747861.1,92728.700175,0.12373,0.12422,0.12372,0.12402,0.12389,0.12436,0.12389,0.12419,-0.00108954,-0.00032818,-0.00121768,-0.00121768,-0.0001799999999999996,-0.0014493920605523763
1772083800000,2026-02-26T05:30:00Z,0.12401,0.12427,0.1236,0.12412,446306.5,55300.908358,0.12402,0.12426,0.1236,0.12416,0.12419,0.12435,0.12378,0.12429,-0.00121768,-0.00034632,-0.00054567,-0.00034632,-0.00017000000000000348,-0.001367768927508275
1772084100000,2026-02-26T05:35:00Z,0.12412,0.12412,0.1236,0.12405,438821.2,54345.442544,0.12416,0.12416,0.12366,0.12405,0.12429,0.12429,0.12377,0.12418,-0.00034632,-0.00010284,-0.00028486,-0.00028486,-0.0001300000000000051,-0.001046867450475158
1772084400000,2026-02-26T05:40:00Z,0.12405,0.12427,0.12397,0.12413,319403.5,39649.151567,0.12405,0.12427,0.12401,0.12413,0.12418,0.12439,0.12416,0.12427,-0.00028486,-0.00089108,-0.00093171,-0.00093171,-0.00014000000000000123,-0.0011265792226603463
1772084700000,2026-02-26T05:45:00Z,0.12413,0.12436,0.12398,0.12418,634395.3,78803.618571,0.12413,0.12436,0.12404,0.12418,0.12427,0.1245,0.12421,0.12434,-0.00093171,-0.00039559,-0.00086262,-0.00086262,-0.00016000000000000736,-0.0012867942737655408
1772085000000,2026-02-26T05:50:00Z,0.12418,0.12432,0.12399,0.12424,843873.2,104795.254584,0.12418,0.12431,0.12404,0.12426,0.12434,0.12448,0.12421,0.12437,-0.00086262,-0.00031954,-0.00072657,-0.00072657,-0.00012999999999999123,-0.0010452681514834064
1772085300000,2026-02-26T05:55:00Z,0.12424,0.12437,0.12395,0.12398,246412.2,30591.587364,0.12426,0.12437,0.12396,0.12398,0.12437,0.12446,0.12411,0.12411,-0.00072657,-0.00031008,-0.00050535,-0.00050535,-0.00012999999999999123,-0.0010474579002497078
1772085600000,2026-02-26T06:00:00Z,0.12398,0.12401,0.12331,0.12394,637398.6,78819.76322,0.12398,0.12401,0.12336,0.12397,0.12411,0.12412,0.12349,0.12408,-0.00050535,-0.00028971,-0.00096922,-0.00028971,-0.00014000000000000123,-0.0011283043197936914
1772085900000,2026-02-26T06:05:00Z,0.12394,0.12492,0.12394,0.12439,877705.9,109377.803314,0.12397,0.12492,0.12397,0.12448,0.12408,0.12501,0.12408,0.12461,-0.00028971,-0.00010673,-0.00030867,-0.00010673,-0.00021999999999999797,-0.001765508386164818
1772086200000,2026-02-26T06:10:00Z,0.12439,0.12475,0.12424,0.12442,555601.5,69166.720277,0.12448,0.12474,0.12426,0.12444,0.12461,0.12485,0.12442,0.12461,-0.00010673,-0.00091995,-0.00096767,-0.00091995,-0.00018999999999999573,-0.001524757242596868
1772086500000,2026-02-26T06:15:00Z,0.12442,0.12455,0.12414,0.12427,266144.9,33095.877211,0.12444,0.12454,0.12423,0.12429,0.12461,0.12468,0.1244,0.12447,-0.00091995,-0.00073409,-0.00111646,-0.00111646,-0.00019999999999999185,-0.0016068128866392854
1772086800000,2026-02-26T06:20:00Z,0.12427,0.12449,0.12416,0.12428,282172.8,35073.501868,0.12429,0.12449,0.12419,0.12428,0.12447,0.12461,0.12436,0.12442,-0.00111646,-0.00096543,-0.00113928,-0.00096543,-0.00014000000000000123,-0.0011252210255586017
1772087100000,2026-02-26T06:25:00Z,0.12428,0.12428,0.12355,0.12361,333614,41336.125339,0.12428,0.12428,0.12361,0.12361,0.12442,0.12442,0.12376,0.12376,-0.00096543,-0.00003573,-0.00093275,-0.00003573,-0.00014999999999999736,-0.001212023270846779
1772087400000,2026-02-26T06:30:00Z,0.12361,0.12375,0.12315,0.12347,680313.3,83986.22779,0.12361,0.12365,0.12323,0.12347,0.12376,0.12379,0.12339,0.12355,-0.00003573,-0.00044754,-0.00046537,-0.00044754,-7.999999999999674e-05,-0.0006475111290975051
1772087700000,2026-02-26T06:35:00Z,0.12347,0.12347,0.12299,0.12317,376740.2,46382.827786,0.12347,0.12347,0.12303,0.1231,0.12355,0.12356,0.12317,0.12323,-0.00044754,-0.00037212,-0.0007068,-0.00037212,-6.0000000000004494e-05,-0.00048689442505886954
1772088000000,2026-02-26T06:40:00Z,0.12317,0.12317,0.12254,0.12278,755842.6,92890.0868,0.1231,0.12317,0.12261,0.12285,0.12323,0.12328,0.12272,0.12297,-0.00037212,0,-0.00035354,-0.00035354,-0.00018999999999999573,-0.0015450922989346649
1772088300000,2026-02-26T06:45:00Z,0.12278,0.12317,0.12274,0.12311,520235.9,63966.490284,0.12285,0.12317,0.1228,0.12311,0.12297,0.12329,0.12294,0.12321,-0.00035354,-0.00014449,-0.00114971,-0.00014449,-0.00010000000000000286,-0.0008116224332440781
1772088600000,2026-02-26T06:50:00Z,0.12311,0.12322,0.1228,0.12281,563164,69283.533244,0.12311,0.12321,0.1228,0.1228,0.12321,0.12328,0.12296,0.12297,-0.00014449,-0.00065127,-0.00083342,-0.00065127,-0.00015999999999999348,-0.0013011303569975888
1772088900000,2026-02-26T06:55:00Z,0.12281,0.12317,0.12281,0.12313,221382.6,27228.86681,0.1228,0.12318,0.1228,0.12318,0.12297,0.12326,0.12297,0.12326,-0.00065127,-0.0001423,-0.0003704,-0.0001423,-0.00012999999999999123,-0.0010546811617717932
1772089200000,2026-02-26T07:00:00Z,0.12313,0.12326,0.12293,0.1232,429801.7,52923.40171,0.12318,0.12325,0.12302,0.1232,0.12326,0.12337,0.1231,0.12329,-0.0001423,-0.00021595,-0.00039794,-0.00021595,-8.999999999999286e-05,-0.0007299862113715051
1772089500000,2026-02-26T07:05:00Z,0.1232,0.12341,0.1231,0.12336,176036.6,21705.040024,0.1232,0.12341,0.12315,0.12336,0.12329,0.12353,0.12327,0.12344,-0.00021595,-0.00034427,-0.00059058,-0.00059058,-7.999999999999674e-05,-0.0006480881399870119
1772089800000,2026-02-26T07:10:00Z,0.12336,0.12343,0.123,0.12301,292971,36107.146051,0.12336,0.12343,0.12301,0.12304,0.12344,0.12351,0.12315,0.12315,-0.00059058,-0.00046974,-0.00053379,-0.00053379,-0.00014000000000000123,-0.0011368250101502335
1772090100000,2026-02-26T07:15:00Z,0.12301,0.12302,0.12265,0.12275,317485.9,38985.236207,0.12304,0.12304,0.12268,0.12276,0.12315,0.12315,0.12282,0.12288,-0.00053379,0,-0.00035248,0,-0.0001300000000000051,-0.001057942708333375
1772090400000,2026-02-26T07:20:00Z,0.12275,0.12312,0.12266,0.12293,187141.5,23004.1165,0.12276,0.12312,0.12268,0.123,0.12288,0.1232,0.12282,0.12309,0,0,-0.00025767,-0.00025767,-0.00016000000000000736,-0.0012998618896742818
1772090700000,2026-02-26T07:25:00Z,0.12293,0.12301,0.12275,0.12292,235100.6,28896.418693,0.123,0.12301,0.12278,0.12294,0.12309,0.12314,0.12293,0.12308,-0.00025767,-0.0001227,-0.00059605,-0.0001227,-0.00015999999999999348,-0.0012999675008124269
1772091000000,2026-02-26T07:30:00Z,0.12292,0.12302,0.12267,0.12267,212554.3,26109.179695,0.12294,0.12299,0.12268,0.1227,0.12308,0.12313,0.12284,0.12286,-0.0001227,-0.00076662,-0.00082833,-0.00082833,-0.00018999999999999573,-0.0015464756633566314
1772091300000,2026-02-26T07:35:00Z,0.12267,0.12291,0.12254,0.12273,555256.9,68144.98366,0.1227,0.12291,0.1226,0.12272,0.12286,0.123,0.12273,0.12289,-0.00082833,-0.00091284,-0.00114671,-0.00114671,-0.00015999999999999348,-0.0013019773781430017
1772091600000,2026-02-26T07:40:00Z,0.12273,0.12282,0.12247,0.12254,596113.6,73066.325956,0.12272,0.12282,0.1225,0.12254,0.12289,0.12292,0.12262,0.12262,-0.00114671,-0.0003914,-0.00084486,-0.0003914,-8.000000000001062e-05,-0.0006524221171098566
1772091900000,2026-02-26T07:45:00Z,0.12254,0.12286,0.12246,0.12283,394355.8,48387.627347,0.12254,0.12286,0.12246,0.12283,0.12262,0.12288,0.1226,0.12287,-0.0003914,-0.00027788,-0.00038296,-0.00038296,-3.999999999999837e-05,-0.0003255473264425683
1772092200000,2026-02-26T07:50:00Z,0.12283,0.12324,0.12255,0.12324,1146683.8,140900.299528,0.12283,0.12322,0.12261,0.12322,0.12287,0.12326,0.12269,0.12326,-0.00038296,0,-0.00008868,-0.00008868,-1.9999999999992246e-05,-0.0001622586402725316
1772092500000,2026-02-26T07:55:00Z,0.12324,0.12394,0.12324,0.12382,1995449.8,246697.689715,0.12322,0.1239,0.12322,0.12382,0.12326,0.12397,0.12326,0.12394,-0.00008868,-0.00083673,-0.00087677,-0.00087677,-0.00011999999999999511,-0.0009682104243988633
1772092800000,2026-02-26T08:00:00Z,0.12382,0.12406,0.12369,0.12388,1040112.2,128832.286825,0.12382,0.12405,0.12373,0.12387,0.12394,0.12411,0.12383,0.12392,-0.00087677,0,-0.00079988,-0.00079988,-3.999999999999837e-05,-0.00032278889606196233
1772093100000,2026-02-26T08:05:00Z,0.12388,0.12393,0.12336,0.12352,876720.8,108414.014223,0.12387,0.12393,0.12349,0.12352,0.12392,0.12402,0.12361,0.12363,-0.00079988,-0.00003897,-0.00068644,-0.00003897,-0.00010999999999999899,-0.0008897516783952033
1772093400000,2026-02-26T08:10:00Z,0.12352,0.12379,0.12342,0.12349,589739.3,72860.220139,0.12352,0.12379,0.12342,0.12349,0.12363,0.12384,0.12355,0.12361,-0.00003897,0,-0.00040263,-0.00040263,-0.00011999999999999511,-0.0009707952431032693
1772093700000,2026-02-26T08:15:00Z,0.12349,0.12365,0.12309,0.12363,509124.1,62806.420425,0.12349,0.12365,0.12317,0.12364,0.12361,0.12372,0.12329,0.12372,-0.00040263,0,-0.00027747,0,-8.999999999999286e-05,-0.0007274490785644428
1772094000000,2026-02-26T08:20:00Z,0.12363,0.12391,0.12337,0.12363,492482.5,60893.406401,0.12364,0.12391,0.12349,0.12364,0.12372,0.124,0.1236,0.12381,0,-0.00055277,-0.00073113,-0.00055277,-0.0001799999999999996,-0.0014538405621516808
1772094300000,2026-02-26T08:25:00Z,0.12363,0.12405,0.12349,0.1237,523335.2,64756.171994,0.12364,0.12403,0.12355,0.1237,0.12381,0.12418,0.12372,0.12386,-0.00055277,-0.00043992,-0.00077274,-0.00043992,-0.00015999999999999348,-0.0012917810431131397
1772094600000,2026-02-26T08:30:00Z,0.1237,0.12371,0.12329,0.12346,282300.9,34864.473247,0.1237,0.12371,0.12338,0.12346,0.12386,0.12386,0.12352,0.12361,-0.00043992,-0.00024759,-0.00041256,-0.00041256,-0.00014999999999999736,-0.0012134940538791146
1772094900000,2026-02-26T08:35:00Z,0.12346,0.12375,0.1234,0.12374,215635.6,26650.063901,0.12346,0.12374,0.12345,0.12374,0.12361,0.12382,0.12361,0.12382,-0.00041256,0,-0.00077895,0,-7.999999999999674e-05,-0.000646099176223524
1772095200000,2026-02-26T08:40:00Z,0.12374,0.12379,0.12307,0.12344,377903.2,46610.011518,0.12374,0.12379,0.1231,0.12344,0.12382,0.1239,0.12324,0.12352,0,-0.00063623,-0.00101459,-0.00101459,-8.000000000001062e-05,-0.0006476683937824693
1772095500000,2026-02-26T08:45:00Z,0.12344,0.12375,0.12339,0.1236,417523.2,51613.968198,0.12344,0.12373,0.1234,0.1236,0.12352,0.12385,0.12352,0.12375,-0.00101459,-0.00003863,-0.00084019,-0.00084019,-0.00014999999999999736,-0.0012121212121211909
1772095800000,2026-02-26T08:50:00Z,0.1236,0.12367,0.12345,0.12347,184546.1,22801.700322,0.1236,0.1237,0.12348,0.12348,0.12375,0.12385,0.12367,0.12367,-0.00084019,-0.00043707,-0.0011203,-0.00043707,-0.00020000000000000573,-0.0016172070833670713
1772096100000,2026-02-26T08:55:00Z,0.12347,0.12347,0.12296,0.12307,245468.2,30230.574036,0.12348,0.1235,0.12298,0.12307,0.12367,0.12368,0.12318,0.12323,-0.00043707,-0.00092268,-0.00104245,-0.00104245,-0.00016000000000000736,-0.001298385133490281
1772096400000,2026-02-26T09:00:00Z,0.12307,0.12332,0.12292,0.1233,449656.4,55350.625513,0.12307,0.12332,0.12297,0.1233,0.12323,0.12345,0.12313,0.12345,-0.00104245,-0.00094926,-0.00131803,-0.00094926,-0.00014999999999999736,-0.0012150668286755558
1772096700000,2026-02-26T09:05:00Z,0.1233,0.12387,0.12323,0.12363,371135.5,45864.475381,0.1233,0.12387,0.12325,0.12365,0.12345,0.12398,0.12342,0.12381,-0.00094926,0,-0.0009021,-0.0009021,-0.0001799999999999996,-0.0014538405621516808
1772097000000,2026-02-26T09:10:00Z,0.12363,0.12442,0.12361,0.12396,1889213.4,234383.404318,0.12365,0.12436,0.12362,0.12404,0.12381,0.12449,0.12377,0.12421,-0.0009021,-0.00073913,-0.00079242,-0.00079242,-0.0002500000000000002,-0.0020127203928830225
1772097300000,2026-02-26T09:15:00Z,0.12396,0.12426,0.1238,0.12409,621050.1,77021.876585,0.12404,0.12425,0.1238,0.12415,0.12421,0.12437,0.12396,0.12429,-0.00079242,-0.00012401,-0.00024189,-0.00024189,-0.00019999999999999185,-0.001609139914715519
1772097600000,2026-02-26T09:20:00Z,0.12409,0.12411,0.12384,0.124,465312.1,57690.9824,0.12415,0.12415,0.12388,0.124,0.12429,0.12429,0.12404,0.12416,-0.00024189,-0.00080594,-0.00085585,-0.00080594,-0.00016000000000000736,-0.0012886597938144922
1772097900000,2026-02-26T09:25:00Z,0.124,0.12412,0.12393,0.12398,431215.7,53490.208803,0.124,0.12412,0.12394,0.12399,0.12416,0.12425,0.1241,0.12415,-0.00080594,-0.00079307,-0.0010926,-0.00079307,-0.0001699999999999896,-0.0013693113169552123
1772098200000,2026-02-26T09:30:00Z,0.12398,0.12475,0.12386,0.12474,789655.8,98212.838697,0.12399,0.12475,0.12388,0.12475,0.12415,0.12478,0.12404,0.12478,-0.00079307,-0.00080106,-0.00090707,-0.00090707,-3.999999999999837e-05,-0.0003205641929796311
1772098500000,2026-02-26T09:35:00Z,0.12474,0.1251,0.12462,0.12485,1133732.2,141581.404721,0.12475,0.1251,0.12466,0.12485,0.12478,0.1252,0.12477,0.125,-0.00090707,-0.00068124,-0.00079956,-0.00079956,-0.00014999999999999736,-0.0011999999999999789
1772098800000,2026-02-26T09:40:00Z,0.12485,0.12499,0.12456,0.1248,341405.3,42616.000518,0.12485,0.12499,0.12458,0.12482,0.125,0.12511,0.12474,0.12498,-0.00079956,-0.00051143,-0.00075469,-0.00075469,-0.0001799999999999996,-0.0014402304368698962
1772099100000,2026-02-26T09:45:00Z,0.1248,0.12498,0.12443,0.12447,596449.3,74380.059047,0.12482,0.12496,0.12445,0.12449,0.12498,0.12511,0.12463,0.12468,-0.00075469,-0.00064389,-0.00102679,-0.00102679,-0.00021000000000000185,-0.0016843118383060784
1772099400000,2026-02-26T09:50:00Z,0.12447,0.12447,0.12391,0.12407,590946.1,73323.175844,0.12449,0.12449,0.12401,0.12409,0.12468,0.12468,0.12417,0.1243,-0.00102679,-0.00091686,-0.00103146,-0.00103146,-0.0002299999999999941,-0.0018503620273531303
1772099700000,2026-02-26T09:55:00Z,0.12407,0.1242,0.12355,0.1238,623749.6,77323.218136,0.12409,0.12416,0.12366,0.12383,0.1243,0.12432,0.12384,0.12392,-0.00103146,-0.00076834,-0.00111347,-0.00111347,-0.00012000000000000899,-0.0009683666881859989
1772100000000,2026-02-26T10:00:00Z,0.1238,0.12407,0.1237,0.1239,986056.4,122227.623522,0.12383,0.12407,0.12374,0.12395,0.12392,0.12417,0.1239,0.1241,-0.00111347,-0.00041127,-0.00056028,-0.00056028,-0.00020000000000000573,-0.0016116035455278463
1772100300000,2026-02-26T10:05:00Z,0.1239,0.1239,0.12358,0.12371,587803.6,72725.028789,0.12395,0.12395,0.12365,0.12371,0.1241,0.1241,0.12381,0.12385,-0.00056028,-0.00097618,-0.00116993,-0.00097618,-0.00014000000000000123,-0.0011303996770286736
1772100600000,2026-02-26T10:10:00Z,0.12371,0.12371,0.12275,0.12283,1017896.9,125254.565869,0.12371,0.12371,0.12276,0.12283,0.12385,0.12385,0.12285,0.1229,-0.00097618,-0.00046036,-0.00070483,-0.00046036,-7.000000000000062e-05,-0.0005695687550854404
1772100900000,2026-02-26T10:15:00Z,0.12283,0.12292,0.12271,0.12276,417628.8,51298.335366,0.12283,0.12293,0.12275,0.12276,0.1229,0.12305,0.12289,0.12289,-0.00046036,-0.00044557,-0.00070162,-0.00044557,-0.0001300000000000051,-0.0010578566197412735
1772101200000,2026-02-26T10:20:00Z,0.12276,0.12276,0.12178,0.1221,3538232.9,432615.331395,0.12276,0.12276,0.12199,0.12213,0.12289,0.12289,0.1221,0.12224,-0.00044557,-0.00010299,-0.00038224,-0.00038224,-0.00014000000000000123,-0.0011452879581151933
1772101500000,2026-02-26T10:25:00Z,0.1221,0.12228,0.12196,0.12207,696034.8,85025.377873,0.12213,0.1223,0.12202,0.12209,0.12224,0.12242,0.12219,0.12226,-0.00038224,-0.00100539,-0.00103196,-0.00103196,-0.00018999999999999573,-0.0015540651071486646
1772101800000,2026-02-26T10:30:00Z,0.12207,0.12213,0.12169,0.12197,983723.2,119922.037188,0.12209,0.12213,0.12179,0.12199,0.12226,0.12226,0.12196,0.12215,-0.00103196,-0.0007443,-0.00089966,-0.0007443,-0.0001799999999999996,-0.0014735980352026167
1772102100000,2026-02-26T10:35:00Z,0.12197,0.12211,0.12179,0.12185,373455.7,45554.380418,0.12199,0.12211,0.12187,0.12187,0.12215,0.12219,0.122,0.122,-0.0007443,-0.0002795,-0.00094226,-0.00094226,-0.00014999999999999736,-0.00122950819672129
1772102400000,2026-02-26T10:40:00Z,0.12185,0.12195,0.12152,0.1218,846854.2,103050.664192,0.12187,0.12193,0.12162,0.1218,0.122,0.12203,0.12177,0.12193,-0.00094226,-0.00054692,-0.00062404,-0.00054692,-0.00012999999999999123,-0.0010661855162797608
1772102700000,2026-02-26T10:45:00Z,0.1218,0.12183,0.12125,0.12136,633899.7,77077.892853,0.1218,0.12183,0.1213,0.12138,0.12193,0.12197,0.12146,0.12153,-0.00054692,-0.00069812,-0.00086167,-0.00086167,-0.00017000000000000348,-0.0013988315642228543
1772103000000,2026-02-26T10:50:00Z,0.12136,0.12148,0.1212,0.12133,679636,82452.520432,0.12138,0.12148,0.12124,0.12133,0.12153,0.1216,0.12137,0.12148,-0.00086167,-0.00075955,-0.00077683,-0.00077683,-0.00015000000000001124,-0.0012347711557458942
1772103300000,2026-02-26T10:55:00Z,0.12133,0.12165,0.12122,0.12151,659791.2,80125.366777,0.12133,0.12164,0.12123,0.12152,0.12148,0.12177,0.12139,0.12165,-0.00077683,-0.0004446,-0.0007135,-0.0007135,-0.00013999999999998736,-0.0011508425811753997
1772103600000,2026-02-26T11:00:00Z,0.12151,0.12186,0.12147,0.12186,1496378.7,182080.231172,0.12152,0.12186,0.12151,0.12186,0.12165,0.12197,0.12164,0.12197,-0.0007135,-0.0007628,-0.00076859,-0.00076859,-0.00010999999999999899,-0.0009018611133885299
1772103900000,2026-02-26T11:05:00Z,0.12186,0.12212,0.12146,0.1215,690322.5,84131.33041,0.12186,0.12212,0.12147,0.12151,0.12197,0.12223,0.12164,0.12169,-0.00076859,-0.00083316,-0.00133862,-0.00083316,-0.0001900000000000096,-0.0015613443997042453
1772104200000,2026-02-26T11:10:00Z,0.1215,0.12176,0.12103,0.12111,968253.1,117504.133608,0.12151,0.12177,0.12113,0.12113,0.12169,0.1219,0.12129,0.12129,-0.00083316,-0.0006034,-0.00086968,-0.0006034,-0.0001799999999999996,-0.0014840465001236672
1772104500000,2026-02-26T11:15:00Z,0.12111,0.12137,0.12079,0.12102,984391.8,119141.260699,0.12113,0.12137,0.12097,0.12109,0.12129,0.12143,0.1211,0.12123,-0.0006034,-0.00076345,-0.00109543,-0.00076345,-0.00021000000000000185,-0.0017322444939371596
1772104800000,2026-02-26T11:20:00Z,0.12102,0.12137,0.12092,0.12121,393298.6,47633.769643,0.12109,0.12135,0.12105,0.12121,0.12123,0.12148,0.12119,0.12133,-0.00076345,-0.00073555,-0.00091792,-0.00091792,-0.00011999999999999511,-0.0009890381603889814
1772105100000,2026-02-26T11:25:00Z,0.12121,0.12149,0.12116,0.12139,499437.8,60609.879731,0.12121,0.12145,0.12118,0.12139,0.12133,0.12156,0.12133,0.12148,-0.00091792,-0.00066354,-0.00102023,-0.00102023,-9.000000000000674e-05,-0.0007408626934475365
1772105400000,2026-02-26T11:30:00Z,0.12139,0.12156,0.12124,0.12148,646666.2,78531.032135,0.12139,0.12155,0.12127,0.12153,0.12148,0.12165,0.1214,0.12164,-0.00102023,-0.00004449,-0.00040488,-0.00040488,-0.00015999999999999348,-0.0013153567905293776
1772105700000,2026-02-26T11:35:00Z,0.12148,0.12153,0.12127,0.12153,320959.2,38966.011004,0.12153,0.12154,0.12129,0.12153,0.12164,0.12165,0.12143,0.12163,-0.00040488,-0.00049925,-0.00096363,-0.00049925,-0.00010000000000000286,-0.0008221655841486711
1772106000000,2026-02-26T11:40:00Z,0.12153,0.12156,0.12132,0.12135,388561,47181.696027,0.12153,0.12156,0.12134,0.12143,0.12163,0.12164,0.12147,0.12156,-0.00049925,-0.00023082,-0.00075481,-0.00023082,-0.00021000000000000185,-0.001727541954590341
1772106300000,2026-02-26T11:45:00Z,0.12135,0.12142,0.1211,0.12131,837145,101466.535088,0.12143,0.12143,0.12114,0.12135,0.12156,0.12156,0.12127,0.12144,-0.00023082,-0.00015659,-0.00037241,-0.00015659,-0.0001300000000000051,-0.0010704874835310038
1772106600000,2026-02-26T11:50:00Z,0.12131,0.12131,0.12104,0.1212,222451.4,26951.213946,0.12135,0.12135,0.12115,0.12121,0.12144,0.12144,0.12129,0.12135,-0.00015659,-0.00046253,-0.00068081,-0.00068081,-0.00014999999999999736,-0.0012360939431396568
1772106900000,2026-02-26T11:55:00Z,0.1212,0.12141,0.12119,0.12132,251996.3,30565.462406,0.12121,0.12139,0.12121,0.12133,0.12135,0.12152,0.12135,0.12148,-0.00068081,-0.00073864,-0.00079145,-0.00079145,-0.00016000000000000736,-0.0013170892327955825
1772107200000,2026-02-26T12:00:00Z,0.12132,0.1216,0.12104,0.12153,1672615,202785.467965,0.12133,0.1216,0.12118,0.12153,0.12148,0.12172,0.12136,0.12168,-0.00079145,-0.00039005,-0.00140701,-0.00039005,-0.00014999999999999736,-0.0012327416173569803
1772107500000,2026-02-26T12:05:00Z,0.12153,0.12163,0.12096,0.12152,1417301.7,172004.083471,0.12153,0.12161,0.12108,0.12152,0.12168,0.12171,0.12119,0.12166,-0.00039005,-0.00030034,-0.00074648,-0.00030034,-0.00014000000000000123,-0.0011507479861910344
1772107800000,2026-02-26T12:10:00Z,0.12152,0.12166,0.1215,0.1216,574408.3,69852.294473,0.12152,0.12166,0.12151,0.1216,0.12166,0.12178,0.12162,0.12173,-0.00030034,-0.00038692,-0.00054989,-0.00038692,-0.0001300000000000051,-0.001067937238150046
1772108100000,2026-02-26T12:15:00Z,0.1216,0.12178,0.12142,0.12178,514528.4,62566.355066,0.1216,0.12183,0.12147,0.12181,0.12173,0.12199,0.12157,0.12197,-0.00038692,-0.00068376,-0.00072861,-0.00068376,-0.00018999999999999573,-0.0015577601049438037
1772108400000,2026-02-26T12:20:00Z,0.12178,0.12228,0.12176,0.12214,1059605.3,129352.863469,0.12181,0.12226,0.1218,0.12214,0.12197,0.12233,0.12196,0.1222,-0.00068376,-0.0005971,-0.00075382,-0.0005971,-6.0000000000004494e-05,-0.0004909983633388256
1772108700000,2026-02-26T12:25:00Z,0.12214,0.12257,0.12213,0.12254,468846.2,57356.84064,0.12214,0.12255,0.12213,0.12254,0.1222,0.12265,0.1222,0.12264,-0.0005971,-0.00000318,-0.00042809,-0.00042809,-0.00010000000000000286,-0.0008153946510111127
1772109000000,2026-02-26T12:30:00Z,0.12254,0.12265,0.12233,0.12247,526737.5,64535.214144,0.12254,0.12265,0.12239,0.12252,0.12264,0.12275,0.1225,0.12264,-0.00042809,0,-0.00068032,0,-0.00017000000000000348,-0.0013861709067188803
1772109300000,2026-02-26T12:35:00Z,0.12247,0.12284,0.1224,0.12279,335994.7,41187.845012,0.12252,0.12284,0.1224,0.12282,0.12264,0.1229,0.12252,0.1229,0,0,-0.00066612,0,-0.00010999999999999899,-0.0008950366151342472
1772109600000,2026-02-26T12:40:00Z,0.12279,0.12285,0.12243,0.12245,559202.8,68567.084297,0.12282,0.12288,0.12245,0.12245,0.1229,0.12296,0.12256,0.12257,0,-0.00034118,-0.00105111,-0.00105111,-0.00011999999999999511,-0.0009790323896548513
1772109900000,2026-02-26T12:45:00Z,0.12245,0.12284,0.12229,0.12272,545336.4,66807.408637,0.12245,0.12282,0.12231,0.12279,0.12257,0.12295,0.12246,0.1229,-0.00105111,-0.00018677,-0.000277,-0.00018677,-0.0001799999999999996,-0.0014646053702196877
1772110200000,2026-02-26T12:50:00Z,0.12272,0.12298,0.12253,0.12295,535281.1,65711.781806,0.12279,0.12298,0.12253,0.12295,0.1229,0.12304,0.12268,0.12304,-0.00018677,-0.00079782,-0.00098601,-0.00079782,-8.999999999999286e-05,-0.0007314694408321917
1772110500000,2026-02-26T12:55:00Z,0.12295,0.12295,0.12258,0.12279,294209.5,36107.632046,0.12295,0.12295,0.12262,0.12279,0.12304,0.12306,0.12279,0.12281,-0.00079782,-0.00023731,-0.00090831,-0.00090831,-2.0000000000006124e-05,-0.00016285318785120204
1772110800000,2026-02-26T13:00:00Z,0.12279,0.12279,0.12219,0.12255,802097.2,98235.022825,0.12279,0.12279,0.12223,0.12255,0.12281,0.12281,0.12233,0.12269,-0.00090831,-0.00028367,-0.00119074,-0.00119074,-0.00013999999999998736,-0.0011410872931778252
1772111100000,2026-02-26T13:05:00Z,0.12255,0.12294,0.12251,0.1226,552799.7,67827.653747,0.12255,0.12294,0.12254,0.12263,0.12269,0.12307,0.12265,0.12281,-0.00119074,-0.00062274,-0.00102642,-0.00062274,-0.00021000000000000185,-0.001709958472437113
1772111400000,2026-02-26T13:10:00Z,0.1226,0.12268,0.12229,0.12238,197923.8,24238.170127,0.12263,0.12268,0.12231,0.12238,0.12281,0.12281,0.12248,0.12252,-0.00062274,-0.00080266,-0.0008154,-0.00080266,-0.00014000000000000123,-0.0011426705843943946
1772111700000,2026-02-26T13:15:00Z,0.12238,0.1228,0.12238,0.12274,165166.5,20244.236955,0.12238,0.1228,0.12238,0.12272,0.12252,0.12293,0.12252,0.12285,-0.00080266,-0.00039195,-0.00119024,-0.00039195,-0.00010999999999999899,-0.0008954008954008872
1772112000000,2026-02-26T13:20:00Z,0.12274,0.12291,0.12253,0.12286,380381.9,46689.578418,0.12272,0.1229,0.12257,0.12286,0.12285,0.12302,0.12271,0.123,-0.00039195,-0.00082467,-0.000982,-0.00082467,-0.00014000000000000123,-0.0011382113821138311
1772112300000,2026-02-26T13:25:00Z,0.12286,0.12345,0.12279,0.12333,521118.7,64235.483565,0.12286,0.12347,0.1228,0.12338,0.123,0.12354,0.12291,0.12348,-0.00082467,0,-0.00022145,-0.00022145,-0.00015000000000001124,-0.0012147716229349791
1772112600000,2026-02-26T13:30:00Z,0.12333,0.12333,0.12261,0.1229,428458.8,52660.208596,0.12338,0.12338,0.12262,0.1229,0.12348,0.12348,0.12277,0.12298,-0.00022145,0,-0.00019469,0,-8.000000000001062e-05,-0.0006505122784193415
1772112900000,2026-02-26T13:35:00Z,0.1229,0.12312,0.12284,0.12306,402730.4,49515.020936,0.1229,0.12314,0.12289,0.12306,0.12298,0.12325,0.12298,0.12318,0,-0.00037997,-0.00063229,-0.00037997,-0.00011999999999999511,-0.0009741841207987913
1772113200000,2026-02-26T13:40:00Z,0.12306,0.12322,0.12263,0.12263,705293,86671.509838,0.12306,0.12322,0.12264,0.12264,0.12318,0.12333,0.12279,0.12279,-0.00037997,-0.00050788,-0.00155401,-0.00155401,-0.00015999999999999348,-0.0013030377066535833
1772113500000,2026-02-26T13:45:00Z,0.12263,0.12302,0.12255,0.12292,428563.3,52638.789739,0.12264,0.12302,0.12256,0.12292,0.12279,0.12312,0.12271,0.12303,-0.00155401,-0.00037622,-0.0010606,-0.00037622,-0.00010999999999999899,-0.000894090872144997
1772113800000,2026-02-26T13:50:00Z,0.12292,0.12294,0.12244,0.12244,248392.1,30486.237463,0.12292,0.12294,0.12251,0.12251,0.12303,0.12307,0.12265,0.12265,-0.00037622,-0.00056873,-0.00077274,-0.00077274,-0.00021000000000000185,-0.0017121891561353597
1772114100000,2026-02-26T13:55:00Z,0.12244,0.12244,0.12186,0.12212,867689.7,105926.042912,0.12251,0.12251,0.12196,0.12212,0.12265,0.12265,0.12212,0.12223,-0.00077274,-0.00060948,-0.00116567,-0.00116567,-0.00010999999999999899,-0.0008999427309171152
1772114400000,2026-02-26T14:00:00Z,0.12212,0.12236,0.12203,0.12222,311546.2,38070.69005,0.12212,0.12233,0.12208,0.12225,0.12223,0.12246,0.12223,0.12241,-0.00116567,-0.00065259,-0.00070711,-0.00070711,-0.0001900000000000096,-0.0015521607711789036
1772114700000,2026-02-26T14:05:00Z,0.12222,0.12222,0.1216,0.122,896071.8,109206.356446,0.12225,0.12225,0.12166,0.12205,0.12241,0.12241,0.12181,0.12215,-0.00070711,-0.00024535,-0.00050471,-0.00024535,-0.00014999999999999736,-0.0012279983626688282
1772115000000,2026-02-26T14:10:00Z,0.122,0.12278,0.12192,0.1224,540922.1,66232.298388,0.12205,0.12275,0.12197,0.1224,0.12215,0.12283,0.12208,0.12248,-0.00024535,-0.00000244,-0.0001645,-0.00000244,-8.000000000001062e-05,-0.0006531678641411709
1772115300000,2026-02-26T14:15:00Z,0.1224,0.12258,0.12221,0.12256,278429.8,34086.961727,0.1224,0.12258,0.12225,0.12258,0.12248,0.12269,0.12237,0.12269,-0.00000244,-0.00020612,-0.00041239,-0.00041239,-0.00012999999999999123,-0.0010595810579508618
1772115600000,2026-02-26T14:20:00Z,0.12256,0.12279,0.1224,0.12273,725081.8,88927.209226,0.12258,0.1228,0.12243,0.12274,0.12269,0.12293,0.12258,0.12286,-0.00041239,0,-0.00059985,0,-0.00012999999999999123,-0.001058114927559753
1772115900000,2026-02-26T14:25:00Z,0.12273,0.12273,0.12232,0.12232,182201.1,22315.938601,0.12274,0.12274,0.12236,0.12236,0.12286,0.12286,0.1225,0.1225,0,-0.00030386,-0.00100636,-0.00100636,-0.0001799999999999996,-0.0014693877551020377
1772116200000,2026-02-26T14:30:00Z,0.12232,0.12269,0.12123,0.12249,2562689,312482.656203,0.12236,0.12267,0.12136,0.12246,0.1225,0.12279,0.12153,0.12258,-0.00100636,-0.00027941,-0.00086909,-0.00027941,-8.999999999999286e-05,-0.0007342143906019976
1772116500000,2026-02-26T14:35:00Z,0.12249,0.123,0.12208,0.12208,1265859.5,155163.928442,0.12246,0.12301,0.12215,0.12215,0.12258,0.12312,0.12231,0.12232,-0.00027941,-0.00123239,-0.0015601,-0.0015601,-0.0002400000000000041,-0.0019620667102681825
1772116800000,2026-02-26T14:40:00Z,0.12208,0.12245,0.12197,0.1221,582421.8,71180.161568,0.12215,0.12245,0.12201,0.12216,0.12232,0.12259,0.12217,0.12233,-0.0015601,-0.00069688,-0.00105871,-0.00069688,-0.0002299999999999941,-0.0018801602223493346
1772117100000,2026-02-26T14:45:00Z,0.1221,0.12212,0.12148,0.12168,2288013.8,278556.590453,0.12216,0.12216,0.12155,0.12167,0.12233,0.12233,0.12166,0.12181,-0.00069688,-0.00011691,-0.00080946,-0.00080946,-0.0001300000000000051,-0.0010672358591249085
1772117400000,2026-02-26T14:50:00Z,0.12168,0.12208,0.12157,0.12192,646158.7,78666.349883,0.12167,0.12206,0.12161,0.12182,0.12181,0.12206,0.12171,0.12197,-0.00080946,0,-0.00086298,0,-4.999999999999449e-05,-0.00040993686972201767
1772117700000,2026-02-26T14:55:00Z,0.12192,0.12309,0.12186,0.12272,1261959.6,154739.057757,0.12182,0.12309,0.12182,0.12276,0.12197,0.1232,0.12197,0.1229,0,-0.00058104,-0.0010265,-0.0010265,-0.0001799999999999996,-0.0014646053702196877
1772118000000,2026-02-26T15:00:00Z,0.12272,0.12283,0.1224,0.12263,719289.2,88182.668683,0.12276,0.12282,0.12245,0.12265,0.1229,0.1229,0.12262,0.12279,-0.0010265,0,-0.00065927,-0.00065927,-0.00015999999999999348,-0.0013030377066535833
1772118300000,2026-02-26T15:05:00Z,0.12263,0.12286,0.12205,0.1221,637834.3,78086.092878,0.12265,0.12286,0.12207,0.1221,0.12279,0.12292,0.12225,0.12225,-0.00065927,-0.00102995,-0.00109608,-0.00102995,-0.00014999999999999736,-0.0012269938650306532
1772118600000,2026-02-26T15:10:00Z,0.1221,0.12282,0.1221,0.12243,1239850.6,151802.583111,0.1221,0.12282,0.1221,0.12247,0.12225,0.1229,0.12225,0.12262,-0.00102995,-0.00098179,-0.0011498,-0.00098179,-0.0001900000000000096,-0.001549502528135782
1772118900000,2026-02-26T15:15:00Z,0.12243,0.12243,0.12013,0.12108,5283120.5,639439.845499,0.12247,0.12247,0.12088,0.12103,0.12262,0.12262,0.12096,0.12118,-0.00098179,-0.00057567,-0.00094108,-0.00057567,-0.00010000000000000286,-0.0008252186829510057
1772119200000,2026-02-26T15:20:00Z,0.12108,0.12166,0.12104,0.12145,1348620.5,163638.627695,0.12103,0.12164,0.12103,0.12144,0.12118,0.12171,0.12118,0.12154,-0.00057567,0,-0.00024394,0,-8.999999999999286e-05,-0.0007404969557346789
1772119500000,2026-02-26T15:25:00Z,0.12145,0.12227,0.12113,0.12141,1093248.6,132942.334832,0.12144,0.12222,0.12119,0.12142,0.12154,0.12224,0.12131,0.12157,0,0,-0.00035062,0,-0.00015999999999999348,-0.001316114172904446
1772119800000,2026-02-26T15:30:00Z,0.12141,0.12184,0.12087,0.12099,1542971.7,187400.648459,0.12142,0.12184,0.12099,0.12102,0.12157,0.12196,0.12114,0.12115,0,-0.00037706,-0.00112371,-0.00037706,-0.00015999999999999348,-0.0013206768468839744
1772120100000,2026-02-26T15:35:00Z,0.12099,0.12247,0.12074,0.12245,2656231.4,323123.411348,0.12102,0.12239,0.12077,0.12239,0.12115,0.12247,0.12091,0.12247,-0.00037706,-0.00002465,-0.00019028,-0.00019028,-1.9999999999992246e-05,-0.0001633052992568976
1772120400000,2026-02-26T15:40:00Z,0.12245,0.12266,0.12195,0.12232,1286375.6,157360.982815,0.12239,0.12263,0.12198,0.12238,0.12247,0.12272,0.12211,0.12248,-0.00019028,0,-0.00005347,-0.00005347,-0.00016000000000000736,-0.0013063357282822286
1772120700000,2026-02-26T15:45:00Z,0.12232,0.12271,0.12162,0.12196,1330786.3,162421.746586,0.12238,0.1227,0.1217,0.122,0.12248,0.12272,0.12184,0.12209,-0.00005347,-0.00029392,-0.0008958,-0.00029392,-0.0001300000000000051,-0.0010647882709477034
1772121000000,2026-02-26T15:50:00Z,0.12196,0.12214,0.12176,0.12192,466230,56866.525909,0.122,0.12214,0.12184,0.12192,0.12209,0.12223,0.12192,0.12202,-0.00029392,-0.00080379,-0.00120317,-0.00080379,-0.00010000000000000286,-0.0008195377806917134
1772121300000,2026-02-26T15:55:00Z,0.12192,0.12196,0.12161,0.12183,740031.3,90097.1662,0.12192,0.12194,0.12163,0.12185,0.12202,0.12202,0.12173,0.12192,-0.00080379,0,-0.00062338,-0.00062338,-9.000000000000674e-05,-0.000738188976378008
1772121600000,2026-02-26T16:00:00Z,0.12183,0.12193,0.12139,0.12152,611289.7,74391.854654,0.12185,0.12192,0.12141,0.1216,0.12192,0.12201,0.12156,0.12166,-0.00062338,-0.0002736,-0.0007883,-0.0007883,-0.00014000000000000123,-0.0011507479861910344
1772121900000,2026-02-26T16:05:00Z,0.12152,0.12161,0.12086,0.12092,1614272.5,195409.058151,0.1216,0.12161,0.1209,0.12092,0.12166,0.12171,0.12108,0.12108,-0.0007883,-0.00104129,-0.00112166,-0.00104129,-0.00015999999999999348,-0.0013214403700032497
1772122200000,2026-02-26T16:10:00Z,0.12092,0.12092,0.12013,0.12034,2174728.3,262128.90616,0.12092,0.12092,0.12022,0.12039,0.12108,0.12108,0.12039,0.1205,-0.00104129,-0.0004509,-0.00078593,-0.0004509,-0.00015999999999999348,-0.0013278008298754646
1772122500000,2026-02-26T16:15:00Z,0.12034,0.12081,0.12021,0.1206,1037005.2,124916.24183,0.12039,0.12081,0.12028,0.12063,0.1205,0.1209,0.12044,0.12079,-0.0004509,-0.00061208,-0.00069397,-0.00069397,-0.00018999999999999573,-0.001572977895521117
1772122800000,2026-02-26T16:20:00Z,0.1206,0.12101,0.12043,0.12092,721768.6,87194.67951,0.12063,0.12097,0.12047,0.12094,0.12079,0.1211,0.12063,0.12108,-0.00069397,-0.00029222,-0.00103369,-0.00103369,-0.00015999999999999348,-0.0013214403700032497
1772123100000,2026-02-26T16:25:00Z,0.12092,0.12135,0.12082,0.12098,751393,91014.477564,0.12094,0.12133,0.12084,0.12098,0.12108,0.1214,0.12098,0.12111,-0.00103369,-0.00049975,-0.00056291,-0.00056291,-0.00012999999999999123,-0.0010734043431590392
1772123400000,2026-02-26T16:30:00Z,0.12098,0.12098,0.11958,0.11995,3031909.3,363960.39172,0.12098,0.12098,0.11967,0.11992,0.12111,0.12111,0.11982,0.12008,-0.00056291,-0.00023144,-0.00102702,-0.00023144,-0.0001300000000000051,-0.0010826115922718614
1772123700000,2026-02-26T16:35:00Z,0.11995,0.12004,0.11886,0.11951,3693156.1,440351.816366,0.11992,0.12004,0.11903,0.11956,0.12008,0.12011,0.11919,0.11965,-0.00023144,0,-0.00033592,0,-0.00014000000000000123,-0.0011700793982448911
1772124000000,2026-02-26T16:40:00Z,0.11951,0.1197,0.11933,0.11944,877365.3,104878.043643,0.11956,0.1197,0.1194,0.11945,0.11965,0.11976,0.1195,0.11956,0,0,-0.00042484,0,-0.00011999999999999511,-0.0010036801605887847
1772124300000,2026-02-26T16:45:00Z,0.11944,0.1195,0.11823,0.11912,5394918.8,640206.768992,0.11945,0.11949,0.1183,0.11914,0.11956,0.11959,0.11846,0.11927,0,-0.00015183,-0.00071821,-0.00015183,-0.00014999999999999736,-0.0012576507084765436
1772124600000,2026-02-26T16:50:00Z,0.11912,0.11915,0.117,0.1173,7484552.8,881769.508657,0.11914,0.11914,0.11726,0.1173,0.11927,0.11927,0.11742,0.11743,-0.00015183,-0.00073364,-0.00123621,-0.00073364,-0.0001300000000000051,-0.0011070424934003671
1772124900000,2026-02-26T16:55:00Z,0.1173,0.11761,0.11698,0.11732,2090328,245171.705122,0.1173,0.1176,0.1171,0.11732,0.11743,0.11774,0.11723,0.11749,-0.00073364,-0.00036138,-0.00051243,-0.00051243,-0.00017000000000000348,-0.0014469316537577962
1772125200000,2026-02-26T17:00:00Z,0.11732,0.11812,0.11719,0.11803,1947710.2,229396.119735,0.11732,0.11812,0.11725,0.11807,0.11749,0.11819,0.11743,0.11819,-0.00051243,-0.00090145,-0.00093164,-0.00093164,-0.00016000000000000736,-0.0013537524325239645
1772125500000,2026-02-26T17:05:00Z,0.11803,0.11848,0.11784,0.11812,1564331.9,184965.827845,0.11807,0.11844,0.11789,0.11815,0.11819,0.11854,0.11802,0.11828,-0.00093164,-0.00013021,-0.00074505,-0.00074505,-0.00015999999999999348,-0.0013527223537368404
1772125800000,2026-02-26T17:10:00Z,0.11812,0.1182,0.1176,0.11767,1316150.6,155102.857891,0.11815,0.1182,0.11763,0.11768,0.11828,0.1183,0.11779,0.11786,-0.00074505,-0.00088099,-0.00098737,-0.00088099,-0.0001900000000000096,-0.0016120821313423518
1772126100000,2026-02-26T17:15:00Z,0.11767,0.11827,0.1176,0.11782,901636.1,106254.370017,0.11768,0.11827,0.11763,0.11782,0.11786,0.11842,0.11781,0.11798,-0.00088099,-0.00102573,-0.00114487,-0.00114487,-0.00016000000000000736,-0.0013561620613663956
1772126400000,2026-02-26T17:20:00Z,0.11782,0.11782,0.11744,0.11771,606639.1,71335.098142,0.11782,0.11782,0.11748,0.11771,0.11798,0.11798,0.11764,0.11786,-0.00114487,-0.00106125,-0.00116625,-0.00106125,-0.00015000000000001124,-0.001272696419480835
1772126700000,2026-02-26T17:25:00Z,0.11771,0.11787,0.11719,0.11731,885395.8,104023.619509,0.11771,0.11787,0.11721,0.11732,0.11786,0.11796,0.11742,0.11751,-0.00106125,-0.00072256,-0.00161468,-0.00072256,-0.00020000000000000573,-0.0017019828099736679
1772127000000,2026-02-26T17:30:00Z,0.11731,0.11767,0.11727,0.11741,476871.6,56007.017299,0.11732,0.11767,0.11729,0.11745,0.11751,0.11779,0.11748,0.11762,-0.00072256,-0.00069425,-0.00102701,-0.00102701,-0.00021000000000000185,-0.0017854106444482388
1772127300000,2026-02-26T17:35:00Z,0.11741,0.1175,0.11663,0.11699,1641296,192067.222002,0.11745,0.1175,0.11668,0.11702,0.11762,0.11766,0.11685,0.11722,-0.00102701,-0.00077901,-0.00118323,-0.00118323,-0.00023000000000000798,-0.0019621225046921
1772127600000,2026-02-26T17:40:00Z,0.11699,0.11713,0.11682,0.11693,562684.4,65867.402729,0.11702,0.11713,0.11682,0.11693,0.11722,0.11731,0.117,0.117,-0.00118323,-0.001158,-0.0012211,-0.001158,-7.000000000000062e-05,-0.0005982905982906035
1772127900000,2026-02-26T17:45:00Z,0.11693,0.11702,0.11667,0.11667,500730.5,58509.890277,0.11693,0.11706,0.11669,0.1167,0.117,0.11721,0.11689,0.11689,-0.001158,-0.00125177,-0.00152274,-0.00125177,-0.00021999999999999797,-0.0018821113867738728
1772128200000,2026-02-26T17:50:00Z,0.11667,0.11673,0.11575,0.11653,3502683.9,407148.422744,0.1167,0.11673,0.1162,0.11653,0.11689,0.11689,0.11637,0.11667,-0.00125177,-0.00037496,-0.00078723,-0.00037496,-0.00014000000000000123,-0.0011999657152652887
1772128500000,2026-02-26T17:55:00Z,0.11653,0.11662,0.1162,0.11621,1028004,119546.41653,0.11653,0.11662,0.11623,0.11623,0.11667,0.11671,0.11636,0.11638,-0.00037496,-0.00051351,-0.00089835,-0.00089835,-0.00017000000000000348,-0.00146073208455064
1772128800000,2026-02-26T18:00:00Z,0.11621,0.1166,0.11598,0.1163,1366913.9,158837.986748,0.11623,0.1166,0.11601,0.1163,0.11638,0.11664,0.11618,0.11642,-0.00089835,-0.0006296,-0.00064636,-0.0006296,-0.00011999999999999511,-0.0010307507301150585
1772129100000,2026-02-26T18:05:00Z,0.1163,0.11635,0.11565,0.11605,987852.7,114503.346658,0.1163,0.11634,0.11568,0.11607,0.11642,0.11648,0.11581,0.11609,-0.0006296,-0.00094129,-0.00118086,-0.00094129,-3.999999999999837e-05,-0.00034456025497457465
1772129400000,2026-02-26T18:10:00Z,0.11605,0.11606,0.11562,0.11575,738591.5,85554.740192,0.11607,0.11607,0.1157,0.11575,0.11609,0.11621,0.11585,0.1159,-0.00094129,-0.00078685,-0.00104329,-0.00104329,-0.00014999999999999736,-0.0012942191544434629
1772129700000,2026-02-26T18:15:00Z,0.11575,0.11577,0.11504,0.11536,2402152.6,277289.278111,0.11575,0.11577,0.11516,0.11548,0.1159,0.1159,0.11529,0.11554,-0.00104329,-0.00053909,-0.00080479,-0.00080479,-0.0001799999999999996,-0.0015579020252726294
1772130000000,2026-02-26T18:20:00Z,0.11536,0.11593,0.11511,0.11591,1224040.4,141256.86527,0.11548,0.11593,0.11516,0.11591,0.11554,0.11598,0.1153,0.11598,-0.00080479,-0.00039958,-0.00059768,-0.00039958,-7.000000000000062e-05,-0.0006035523366097656
1772130300000,2026-02-26T18:25:00Z,0.11591,0.11602,0.11507,0.11524,1431473.5,165144.086049,0.11591,0.11601,0.11514,0.11524,0.11598,0.1161,0.1153,0.11538,-0.00039958,-0.00074649,-0.00158787,-0.00158787,-0.00014000000000000123,-0.0012133818686080884
1772130600000,2026-02-26T18:30:00Z,0.11524,0.11646,0.11517,0.1163,2310776.9,268094.426397,0.11524,0.11644,0.11523,0.1163,0.11538,0.11656,0.11538,0.11642,-0.00158787,-0.00052655,-0.00094456,-0.00052655,-0.00011999999999999511,-0.0010307507301150585
1772130900000,2026-02-26T18:35:00Z,0.1163,0.11674,0.11604,0.11639,1474462.4,171599.327946,0.1163,0.11674,0.11607,0.11646,0.11642,0.11687,0.11622,0.11659,-0.00052655,-0.00023305,-0.00083522,-0.00023305,-0.00020000000000000573,-0.0017154129856763508
1772131200000,2026-02-26T18:40:00Z,0.11639,0.11765,0.11569,0.11681,8165816.3,953545.493796,0.11646,0.11746,0.11581,0.11681,0.11659,0.1176,0.11598,0.11698,-0.00023305,-0.00082287,-0.00087628,-0.00087628,-0.00017000000000000348,-0.0014532398700632884
1772131500000,2026-02-26T18:45:00Z,0.11681,0.11725,0.11659,0.11702,1512187.1,176688.536235,0.11681,0.11728,0.11663,0.11701,0.11698,0.11742,0.11679,0.11712,-0.00087628,-0.00088556,-0.00146111,-0.00146111,-0.00010000000000000286,-0.0008538251366120463
1772131800000,2026-02-26T18:50:00Z,0.11702,0.11736,0.11689,0.11736,807737.7,94646.640672,0.11701,0.11737,0.11695,0.11737,0.11712,0.11753,0.1171,0.11753,-0.00146111,-0.00080257,-0.00116628,-0.00080257,-0.0001699999999999896,-0.0014464392070108875
1772132100000,2026-02-26T18:55:00Z,0.11736,0.11764,0.11728,0.11755,1191385.3,139974.599337,0.11737,0.1176,0.11732,0.11758,0.11753,0.11772,0.11746,0.11771,-0.00080257,-0.0001865,-0.00096109,-0.00096109,-0.00015999999999999348,-0.0013592727890577986
1772132400000,2026-02-26T19:00:00Z,0.11755,0.11963,0.1174,0.11945,5305367.5,628713.624254,0.11758,0.11946,0.11748,0.11946,0.11771,0.11961,0.1176,0.1195,-0.00096109,-0.00017858,-0.00071536,-0.00017858,-4.999999999999449e-05,-0.00041841004184095813
1772132700000,2026-02-26T19:05:00Z,0.11945,0.11948,0.11904,0.11937,1838098.7,219221.793252,0.11946,0.11949,0.11906,0.11938,0.1195,0.1196,0.11918,0.11949,-0.00017858,-0.00027676,-0.00070267,-0.00027676,-0.00011999999999999511,-0.0010042681395932304
1772133000000,2026-02-26T19:10:00Z,0.11937,0.11966,0.11915,0.11942,1838271.3,219515.77292,0.11938,0.11966,0.11921,0.11942,0.11949,0.11974,0.11933,0.11954,-0.00027676,-0.00024124,-0.00054721,-0.00054721,-0.00011999999999999511,-0.0010038480843231983
1772133300000,2026-02-26T19:15:00Z,0.11942,0.11964,0.11903,0.11931,1190679.4,142087.75364,0.11942,0.11964,0.11907,0.11931,0.11954,0.11974,0.11923,0.11941,-0.00054721,-0.00060842,-0.00132191,-0.00132191,-0.00010000000000000286,-0.0008374507997655378
1772133600000,2026-02-26T19:20:00Z,0.11931,0.11976,0.11931,0.11951,848250.4,101435.744177,0.11931,0.11976,0.11931,0.11951,0.11941,0.11982,0.11941,0.11966,-0.00132191,-0.00042089,-0.00109705,-0.00042089,-0.00014999999999999736,-0.0012535517299013651
1772133900000,2026-02-26T19:25:00Z,0.11951,0.11953,0.11904,0.11932,536784.8,64028.543899,0.11951,0.11953,0.11912,0.11932,0.11966,0.1197,0.11926,0.11944,-0.00042089,-0.00032557,-0.00068244,-0.00068244,-0.00012000000000000899,-0.0010046885465506445
1772134200000,2026-02-26T19:30:00Z,0.11932,0.11981,0.11925,0.11977,620427.1,74191.39292,0.11932,0.1198,0.11928,0.11977,0.11944,0.1199,0.11942,0.1199,-0.00068244,-0.00060365,-0.00112887,-0.00112887,-0.0001300000000000051,-0.0010842368640534203
1772134500000,2026-02-26T19:35:00Z,0.11977,0.11977,0.11951,0.11961,617072.7,73817.577091,0.11977,0.11977,0.11956,0.1196,0.1199,0.1199,0.11967,0.11971,-0.00112887,-0.00060173,-0.00064256,-0.00064256,-0.00010000000000000286,-0.0008353521009105577
1772134800000,2026-02-26T19:40:00Z,0.11961,0.11961,0.11911,0.11936,668247.1,79773.851244,0.1196,0.11961,0.11914,0.11938,0.11971,0.11971,0.1193,0.11953,-0.00064256,-0.00051147,-0.00058007,-0.00058007,-0.00017000000000000348,-0.0014222370952899144
1772135100000,2026-02-26T19:45:00Z,0.11936,0.11988,0.11936,0.1196,894309.4,106990.570687,0.11938,0.11986,0.11938,0.1196,0.11953,0.11994,0.11953,0.1197,-0.00058007,-0.0008284,-0.00084786,-0.0008284,-0.00010000000000000286,-0.0008354218880534909
1772135400000,2026-02-26T19:50:00Z,0.1196,0.1196,0.11913,0.11924,270062.1,32216.68131,0.1196,0.1196,0.11918,0.1193,0.1197,0.1197,0.11929,0.1194,-0.0008284,-0.00038965,-0.00042336,-0.00042336,-0.00016000000000000736,-0.0013400335008375826
1772135700000,2026-02-26T19:55:00Z,0.11924,0.11967,0.11888,0.11932,2551953.8,304566.392535,0.1193,0.11966,0.11923,0.11934,0.1194,0.11977,0.11934,0.1195,-0.00042336,-0.00085401,-0.00123631,-0.00123631,-0.0001799999999999996,-0.001506276150627612
1772136000000,2026-02-26T20:00:00Z,0.11932,0.12008,0.1192,0.11993,1181784.3,141352.435727,0.11934,0.12006,0.11921,0.11993,0.1195,0.12013,0.11938,0.12004,-0.00123631,0,-0.00085622,0,-0.00010999999999999899,-0.0009163612129290152
1772136300000,2026-02-26T20:05:00Z,0.11993,0.11993,0.11949,0.11952,477845.3,57184.388469,0.11993,0.11993,0.11951,0.11953,0.12004,0.12004,0.11966,0.11971,0,-0.00056536,-0.00140298,-0.00056536,-0.00018999999999999573,-0.0015871689917299786
1772136600000,2026-02-26T20:10:00Z,0.11952,0.11966,0.11926,0.11949,380490.6,45463.263251,0.11953,0.11966,0.11929,0.11951,0.11971,0.11977,0.11947,0.11967,-0.00056536,-0.00040411,-0.00075232,-0.00075232,-0.0001799999999999996,-0.001504136375031333
1772136900000,2026-02-26T20:15:00Z,0.11949,0.11991,0.1194,0.11986,557706.9,66750.689848,0.11951,0.11986,0.11943,0.11982,0.11967,0.12,0.11959,0.11994,-0.00075232,-0.00084823,-0.00092693,-0.00084823,-8.000000000001062e-05,-0.0006670001667501301
1772137200000,2026-02-26T20:20:00Z,0.11986,0.11987,0.11927,0.11929,566084.7,67645.236921,0.11982,0.11986,0.11929,0.11932,0.11994,0.11995,0.11946,0.1195,-0.00084823,-0.00061501,-0.00076422,-0.00061501,-0.00021000000000000185,-0.0017573221757322332
1772137500000,2026-02-26T20:25:00Z,0.11929,0.11953,0.11922,0.11944,879101.9,104950.955445,0.11932,0.11953,0.11932,0.11945,0.1195,0.11967,0.11946,0.11961,-0.00061501,-0.00071403,-0.00080132,-0.00071403,-0.0001699999999999896,-0.0014212858456649914
1772137800000,2026-02-26T20:30:00Z,0.11944,0.11953,0.11911,0.11921,575408.5,68648.272161,0.11945,0.11953,0.11915,0.11921,0.11961,0.11967,0.11931,0.11934,-0.00071403,-0.00074141,-0.00078984,-0.00078984,-0.0001300000000000051,-0.0010893246187364263
1772138100000,2026-02-26T20:35:00Z,0.11921,0.11921,0.11856,0.1187,1021286.1,121261.762136,0.11921,0.11921,0.11859,0.11879,0.11934,0.11935,0.11876,0.1189,-0.00078984,-0.00047687,-0.00108399,-0.00047687,-0.00020000000000000573,-0.0016820857863751532
1772138400000,2026-02-26T20:40:00Z,0.1187,0.11911,0.1187,0.11887,326684.2,38858.318975,0.11879,0.11909,0.11873,0.11892,0.1189,0.11915,0.11885,0.11902,-0.00047687,-0.00048034,-0.00059617,-0.00059617,-0.00014999999999999736,-0.0012602923878339554
1772138700000,2026-02-26T20:45:00Z,0.11887,0.11895,0.11874,0.11882,173867.2,20665.171769,0.11892,0.11895,0.11879,0.11884,0.11902,0.11907,0.1189,0.11898,-0.00059617,-0.00067361,-0.00087761,-0.00067361,-0.00016000000000000736,-0.0013447638258531464
1772139000000,2026-02-26T20:50:00Z,0.11882,0.11884,0.11855,0.11881,503037.8,59741.668905,0.11884,0.11885,0.11859,0.11882,0.11898,0.11898,0.11869,0.11891,-0.00067361,-0.00012137,-0.00044651,-0.00044651,-0.00010000000000000286,-0.0008409721638214016
1772139300000,2026-02-26T20:55:00Z,0.11881,0.11902,0.11872,0.11884,503755.6,59883.736608,0.11882,0.11902,0.11875,0.11884,0.11891,0.11909,0.11882,0.11892,-0.00044651,-0.00013692,-0.00024932,-0.00024932,-7.999999999999674e-05,-0.0006727211570803628
1772139600000,2026-02-26T21:00:00Z,0.11884,0.11885,0.11853,0.11867,469122,55678.222966,0.11884,0.11885,0.11853,0.11867,0.11892,0.11892,0.11865,0.1187,-0.00024932,-0.00025452,-0.00027474,-0.00027474,-3.0000000000002247e-05,-0.00025273799494525905
1772139900000,2026-02-26T21:05:00Z,0.11867,0.11878,0.11814,0.11825,913036.9,108030.937027,0.11867,0.11877,0.11816,0.11825,0.1187,0.11883,0.11826,0.11838,-0.00027474,-0.00045227,-0.00053402,-0.00053402,-0.0001300000000000051,-0.001098158472715029
1772140200000,2026-02-26T21:10:00Z,0.11825,0.11835,0.11805,0.11831,899050,106245.008351,0.11825,0.11835,0.11806,0.11831,0.11838,0.11846,0.11818,0.11835,-0.00053402,-0.00057128,-0.00079589,-0.00079589,-3.999999999999837e-05,-0.0003379805661174345
1772140500000,2026-02-26T21:15:00Z,0.11831,0.1184,0.11818,0.11819,316061.6,37382.982719,0.11831,0.1184,0.11818,0.11823,0.11835,0.11848,0.11826,0.11835,-0.00079589,-0.00023049,-0.00038973,-0.00023049,-0.00015999999999999348,-0.001351922264469738
1772140800000,2026-02-26T21:20:00Z,0.11819,0.11841,0.11814,0.11837,268913,31816.509354,0.11823,0.11841,0.11818,0.11838,0.11835,0.11851,0.11825,0.11848,-0.00023049,0,-0.00024263,0,-0.00010999999999999899,-0.0009284267386900657
1772141100000,2026-02-26T21:25:00Z,0.11837,0.11891,0.11832,0.1189,1093925.9,129820.621018,0.11838,0.1189,0.11832,0.1189,0.11848,0.11894,0.11838,0.11894,0,0,0,0,-3.999999999999837e-05,-0.0003363040188330113
1772141400000,2026-02-26T21:30:00Z,0.1189,0.11891,0.11852,0.11874,395472.3,46955.291303,0.1189,0.11892,0.11853,0.11874,0.11894,0.119,0.11862,0.11882,0,0,-0.00010886,-0.00010886,-7.999999999999674e-05,-0.0006732873253660726
1772141700000,2026-02-26T21:35:00Z,0.11874,0.11894,0.11872,0.11891,269987.9,32077.552217,0.11874,0.11894,0.11873,0.11892,0.11882,0.11902,0.11881,0.11901,-0.00010886,-0.00006483,-0.0002063,-0.00006483,-0.00010000000000000286,-0.0008402655239055782
1772142000000,2026-02-26T21:40:00Z,0.11891,0.11918,0.11884,0.11913,354328.1,42178.190306,0.11892,0.11917,0.11892,0.11914,0.11901,0.11923,0.119,0.11919,-0.00006483,0,0,0,-6.0000000000004494e-05,-0.0005033979360684998
1772142300000,2026-02-26T21:45:00Z,0.11913,0.11915,0.11878,0.11889,671008.5,79822.010223,0.11914,0.11915,0.11885,0.11888,0.11919,0.11919,0.11891,0.11895,0,-0.000143,-0.00025881,-0.000143,-6.0000000000004494e-05,-0.0005044136191677553
1772142600000,2026-02-26T21:50:00Z,0.11889,0.11893,0.11861,0.11877,360058.5,42757.524229,0.11888,0.11893,0.11861,0.11877,0.11895,0.11898,0.11864,0.11879,-0.000143,0,0,0,-2.0000000000006124e-05,-0.00016836434043274789
1772142900000,2026-02-26T21:55:00Z,0.11877,0.11894,0.11871,0.11878,228027.7,27087.618249,0.11877,0.11897,0.11871,0.11879,0.11879,0.119,0.11872,0.11885,0,0,0,0,-7.000000000000062e-05,-0.0005889777029869635
1772143200000,2026-02-26T22:00:00Z,0.11878,0.11885,0.11858,0.11874,446081.4,52964.764772,0.11879,0.11885,0.11861,0.11877,0.11885,0.11892,0.1187,0.11886,0,-0.00010614,-0.00023356,-0.00023356,-0.00011999999999999511,-0.0010095911155981417
1772143500000,2026-02-26T22:05:00Z,0.11874,0.1189,0.11862,0.11875,324726.5,38565.761936,0.11877,0.1189,0.11863,0.11875,0.11886,0.11897,0.11872,0.11882,-0.00023356,-0.00006148,-0.00031002,-0.00006148,-7.000000000000062e-05,-0.0005891264096953427
1772143800000,2026-02-26T22:10:00Z,0.11875,0.11923,0.11874,0.11891,1016002.2,120953.368141,0.11875,0.11918,0.11874,0.11891,0.11882,0.11925,0.11882,0.11902,-0.00006148,0,0,0,-0.00010999999999999899,-0.0009242144177449084
1772144100000,2026-02-26T22:15:00Z,0.11891,0.11902,0.11873,0.11873,149518.9,17775.415865,0.11891,0.11902,0.11876,0.11876,0.11902,0.11911,0.11884,0.11884,0,0,0,0,-0.00010999999999999899,-0.0009256142712891197
1772144400000,2026-02-26T22:20:00Z,0.11873,0.11882,0.11864,0.11876,107833.5,12801.446649,0.11876,0.11881,0.11864,0.11876,0.11884,0.1189,0.11873,0.11882,0,0,0,0,-5.9999999999990616e-05,-0.000504965494024496
1772144700000,2026-02-26T22:25:00Z,0.11876,0.11895,0.11868,0.11889,158696.4,18854.447375,0.11876,0.11893,0.11869,0.1189,0.11882,0.11901,0.11881,0.11899,0,0,0,0,-0.00010000000000000286,-0.0008404067568703493
1772145000000,2026-02-26T22:30:00Z,0.11889,0.11905,0.1187,0.11889,460739.8,54760.947984,0.1189,0.11908,0.11881,0.11889,0.11899,0.11915,0.11889,0.11891,0,0,-0.00034229,-0.00034229,-2.0000000000006124e-05,-0.000168194432764327
1772145300000,2026-02-26T22:35:00Z,0.11889,0.11932,0.11885,0.11918,604141.8,71951.182551,0.11889,0.11934,0.11889,0.1192,0.11891,0.1194,0.11891,0.11929,-0.00034229,0,0,0,-0.00010999999999999899,-0.0009221225584709447
1772145600000,2026-02-26T22:40:00Z,0.11918,0.11922,0.119,0.1191,201768,24037.107707,0.1192,0.11925,0.119,0.1191,0.11929,0.11934,0.1191,0.11911,0,0,0,0,-9.999999999996123e-06,-8.395600705227205e-05
1772145900000,2026-02-26T22:45:00Z,0.1191,0.11918,0.11882,0.11912,229264.2,27284.69957,0.1191,0.11918,0.11882,0.11912,0.11911,0.11923,0.11891,0.1192,0,0,0,0,-7.999999999999674e-05,-0.0006711409395972881
1772146200000,2026-02-26T22:50:00Z,0.11912,0.11913,0.11891,0.11908,124296.7,14790.971364,0.11912,0.11913,0.11893,0.11908,0.1192,0.1192,0.11905,0.1192,0,0,-0.00017036,0,-0.00011999999999999511,-0.001006711409395932
1772146500000,2026-02-26T22:55:00Z,0.11908,0.11918,0.11891,0.11905,122648.1,14601.046576,0.11908,0.11914,0.11891,0.11905,0.1192,0.11929,0.11903,0.11912,0,0,0,0,-7.000000000000062e-05,-0.0005876427132303611
1772146800000,2026-02-26T23:00:00Z,0.11905,0.11926,0.11896,0.1191,255873.6,30473.312939,0.11905,0.11925,0.119,0.1191,0.11912,0.11935,0.11909,0.11918,0,0,0,0,-7.999999999999674e-05,-0.0006712535660345423
1772147100000,2026-02-26T23:05:00Z,0.1191,0.11956,0.11898,0.11956,587758.5,70107.63472,0.1191,0.11956,0.11904,0.11956,0.11918,0.11959,0.11911,0.11959,0,0,0,0,-3.0000000000002247e-05,-0.0002508570950748578
1772147400000,2026-02-26T23:10:00Z,0.11956,0.1198,0.11924,0.11924,348368.8,41627.267314,0.11956,0.11971,0.11924,0.11924,0.11959,0.1198,0.1193,0.11934,0,0,0,0,-0.00010000000000000286,-0.0008379420144126266
1772147700000,2026-02-26T23:15:00Z,0.11924,0.11949,0.119,0.11924,613876.8,73180.746219,0.11924,0.11937,0.11901,0.11924,0.11934,0.11948,0.11912,0.11928,0,0,0,0,-3.999999999999837e-05,-0.0003353454057679273
1772148000000,2026-02-26T23:20:00Z,0.11924,0.1195,0.11921,0.11922,266387.6,31796.344202,0.11924,0.11949,0.11924,0.11925,0.11928,0.11949,0.11928,0.11933,0,0,-0.0001501,-0.0001501,-0.00010999999999999899,-0.0009218134584764852
1772148300000,2026-02-26T23:25:00Z,0.11922,0.11977,0.1191,0.1197,368369,44031.593994,0.11925,0.11977,0.1192,0.11972,0.11933,0.11982,0.11929,0.11977,-0.0001501,0,0,0,-7.000000000000062e-05,-0.0005844535359438976
1772148600000,2026-02-26T23:30:00Z,0.1197,0.11983,0.11947,0.11965,356682.1,42666.422275,0.11972,0.11974,0.11952,0.11964,0.11977,0.11977,0.11958,0.1197,0,0,0,0,-4.999999999999449e-05,-0.0004177109440266875
1772148900000,2026-02-26T23:35:00Z,0.11965,0.11971,0.11932,0.11948,275582.1,32942.943031,0.11964,0.11971,0.11942,0.11948,0.1197,0.11977,0.11948,0.11952,0,0,0,0,-3.999999999999837e-05,-0.00033467202141899575
1772149200000,2026-02-26T23:40:00Z,0.11948,0.11955,0.1193,0.11932,133172.6,15897.953426,0.11948,0.11955,0.11931,0.11932,0.11952,0.1196,0.11941,0.11941,0,-0.00001733,-0.00025362,-0.00025362,-9.000000000000674e-05,-0.0007537057197890189
1772149500000,2026-02-26T23:45:00Z,0.11932,0.11938,0.11922,0.11934,219351.1,26167.887796,0.11932,0.11938,0.11922,0.11934,0.11941,0.11948,0.1193,0.11943,-0.00025362,-0.00041543,-0.000416,-0.00041543,-8.999999999999286e-05,-0.0007535795026374685
1772149800000,2026-02-26T23:50:00Z,0.11934,0.11937,0.11922,0.11936,236014.7,28154.578492,0.11934,0.11937,0.11925,0.11936,0.11943,0.11947,0.11934,0.11945,-0.00041543,-0.00021276,-0.0003866,-0.00021276,-9.000000000000674e-05,-0.000753453327752254
1772150100000,2026-02-26T23:55:00Z,0.11936,0.11936,0.11921,0.11934,324451.2,38701.284336,0.11936,0.11936,0.11924,0.11934,0.11945,0.11948,0.11934,0.11944,-0.00021276,0,-0.00055073,-0.00055073,-0.00010000000000000286,-0.0008372404554588317
1772150400000,2026-02-27T00:00:00Z,0.11934,0.1195,0.11921,0.11932,501815,59888.030686,0.11934,0.1195,0.11922,0.11928,0.11944,0.1196,0.11933,0.11939,-0.00055073,-0.0004226,-0.000438,-0.0004226,-7.000000000000062e-05,-0.0005863137616215815
1772150700000,2026-02-27T00:05:00Z,0.11932,0.11949,0.11914,0.11932,394192.8,47037.436432,0.11928,0.11946,0.11921,0.11932,0.11939,0.11958,0.11933,0.11942,-0.0004226,-0.00050427,-0.00099916,-0.00050427,-0.00010000000000000286,-0.0008373806732540853
1772151000000,2026-02-27T00:10:00Z,0.11932,0.11933,0.11892,0.11926,522830.4,62274.954476,0.11932,0.11933,0.11895,0.11926,0.11942,0.11942,0.11904,0.11933,-0.00050427,-0.00046342,-0.00049886,-0.00046342,-7.000000000000062e-05,-0.0005866085644850467
1772151300000,2026-02-27T00:15:00Z,0.11926,0.11927,0.11891,0.11897,303016.3,36074.696447,0.11926,0.11927,0.11895,0.11897,0.11933,0.11936,0.11904,0.11904,-0.00046342,0,-0.00112608,-0.00112608,-7.000000000000062e-05,-0.0005880376344086073
1772151600000,2026-02-27T00:20:00Z,0.11897,0.11905,0.11865,0.11878,484499.1,57588.421395,0.11897,0.11904,0.11866,0.11877,0.11904,0.11916,0.11877,0.11884,-0.00112608,-0.00017078,-0.00052252,-0.00052252,-6.0000000000004494e-05,-0.0005048805116122896
1772151900000,2026-02-27T00:25:00Z,0.11878,0.11887,0.11867,0.11886,662514.8,78681.48354,0.11877,0.11888,0.11871,0.11887,0.11884,0.11895,0.11877,0.11895,-0.00052252,0,-0.00040178,-0.00040178,-9.000000000000674e-05,-0.000756620428751633
1772152200000,2026-02-27T00:30:00Z,0.11886,0.11905,0.11867,0.11881,552117,65613.036584,0.11887,0.11902,0.11873,0.11881,0.11895,0.1191,0.11881,0.11884,-0.00040178,-0.00032368,-0.00048763,-0.00048763,-3.0000000000002247e-05,-0.0002524402558061448
1772152500000,2026-02-27T00:35:00Z,0.11881,0.11881,0.11819,0.11839,912583.5,108094.662446,0.11881,0.11881,0.11822,0.11839,0.11884,0.11884,0.1183,0.11847,-0.00048763,0,-0.00020713,0,-8.000000000001062e-05,-0.000675276441293244
1772152800000,2026-02-27T00:40:00Z,0.11839,0.1186,0.11831,0.11846,389800.3,46173.77558,0.11839,0.1186,0.11833,0.11846,0.11847,0.11865,0.11842,0.11852,0,0,-0.00058142,-0.00058142,-6.0000000000004494e-05,-0.0005062436719541385
1772153100000,2026-02-27T00:45:00Z,0.11846,0.11863,0.11826,0.11857,395275.2,46816.449578,0.11846,0.11863,0.11832,0.11858,0.11852,0.1187,0.11842,0.11865,-0.00058142,-0.00010257,-0.00030744,-0.00010257,-8.000000000001062e-05,-0.0006742520016857195
1772153400000,2026-02-27T00:50:00Z,0.11857,0.11898,0.11857,0.11889,738447.3,87730.780639,0.11858,0.11898,0.11858,0.11889,0.11865,0.11901,0.11865,0.11894,-0.00010257,0,0,0,-5.000000000000837e-05,-0.0004203800235413517
1772153700000,2026-02-27T00:55:00Z,0.11889,0.11917,0.11875,0.11917,223355.6,26568.507921,0.11889,0.11917,0.11881,0.11917,0.11894,0.11925,0.11889,0.11919,0,0,-0.00011232,-0.00011232,-2.0000000000006124e-05,-0.00016779931202287208
1772154000000,2026-02-27T01:00:00Z,0.11917,0.11917,0.11884,0.11889,468537.5,55741.08124,0.11917,0.11917,0.11886,0.11889,0.11919,0.11921,0.11891,0.11891,-0.00011232,0,0,0,-2.0000000000006124e-05,-0.000168194432764327
1772154300000,2026-02-27T01:05:00Z,0.11889,0.11905,0.11861,0.11866,657421.5,78083.547351,0.11889,0.11908,0.11863,0.11866,0.11891,0.11914,0.11872,0.11872,0,-0.00017941,-0.00079083,-0.00017941,-6.0000000000004494e-05,-0.0005053908355795527
1772154600000,2026-02-27T01:10:00Z,0.11866,0.11894,0.11857,0.11887,366758.7,43557.039129,0.11866,0.11892,0.11861,0.11887,0.11872,0.11899,0.11869,0.11887,-0.00017941,0,0,0,0.0,0.0
1772154900000,2026-02-27T01:15:00Z,0.11887,0.11947,0.11873,0.11902,648146,77252.137913,0.11887,0.11948,0.11881,0.1191,0.11887,0.11951,0.11885,0.11919,0,0,-0.00064353,-0.00064353,-0.00017000000000000348,-0.0014262941521940053
1772155200000,2026-02-27T01:20:00Z,0.11902,0.11926,0.1189,0.11922,412953.3,49182.525825,0.1191,0.11927,0.11897,0.11925,0.11919,0.11934,0.11909,0.11934,-0.00064353,-0.0002153,-0.00033498,-0.00033498,-0.00011999999999999511,-0.001005530417295082
1772155500000,2026-02-27T01:25:00Z,0.11922,0.11931,0.11903,0.1191,338464.6,40346.158791,0.11925,0.11931,0.11908,0.1191,0.11934,0.11938,0.11918,0.11919,-0.00033498,0,-0.0004615,0,-9.000000000000674e-05,-0.0007550969041027497
1772155800000,2026-02-27T01:30:00Z,0.1191,0.11937,0.11879,0.11932,568021.7,67596.666033,0.1191,0.11936,0.11886,0.11935,0.11919,0.11941,0.11899,0.11941,0,-0.0001846,-0.00044674,-0.0001846,-9.000000000000674e-05,-0.0007537057197890189
1772156100000,2026-02-27T01:35:00Z,0.11932,0.11946,0.11929,0.11943,457540.5,54615.638285,0.11935,0.11946,0.11935,0.11943,0.11941,0.11958,0.11941,0.11953,-0.0001846,-0.00044779,-0.00067731,-0.00067731,-0.00010000000000000286,-0.0008366100560528978
1772156400000,2026-02-27T01:40:00Z,0.11943,0.11948,0.119,0.11904,557767.6,66469.633234,0.11943,0.11948,0.11907,0.11908,0.11953,0.11958,0.11923,0.11923,-0.00067731,-0.00073247,-0.00088794,-0.00073247,-0.00018999999999999573,-0.0015935586681204035
1772156700000,2026-02-27T01:45:00Z,0.11904,0.11922,0.11895,0.11913,502386.7,59822.360229,0.11908,0.11921,0.11902,0.11913,0.11923,0.11935,0.11914,0.11922,-0.00073247,-0.00105229,-0.00111371,-0.00111371,-9.000000000000674e-05,-0.0007549068948163625
1772157000000,2026-02-27T01:50:00Z,0.11913,0.1194,0.11909,0.11935,58786.6,7011.892143,0.11913,0.1194,0.1191,0.11936,0.11922,0.11951,0.11922,0.11946,-0.00111371,-0.00007242,-0.00038111,-0.00007242,-0.00010999999999999899,-0.000920810313075498
1772157300000,2026-02-27T01:55:00Z,0.11935,0.1194,0.11911,0.11937,188196,22451.310347,0.11936,0.11937,0.11913,0.11937,0.11946,0.11946,0.11929,0.11942,-0.00007242,0,-0.00080546,0,-4.999999999999449e-05,-0.0004186903366269845
1772157600000,2026-02-27T02:00:00Z,0.11937,0.11972,0.11921,0.11965,540845.4,64624.484575,0.11937,0.11971,0.11926,0.11966,0.11942,0.11976,0.11936,0.11972,0,0,0,0,-6.999999999998674e-05,-0.000584697627798085
1772157900000,2026-02-27T02:05:00Z,0.11965,0.12009,0.11963,0.11976,419983.2,50377.638616,0.11966,0.12006,0.11966,0.11976,0.11972,0.12013,0.11972,0.11987,0,-0.00012691,-0.00045557,-0.00012691,-0.00010999999999999899,-0.0009176607991991239
1772158200000,2026-02-27T02:10:00Z,0.11976,0.12002,0.11954,0.11976,549207.9,65775.697743,0.11976,0.12002,0.11963,0.11978,0.11987,0.12011,0.11978,0.1199,-0.00012691,0,-0.00037865,-0.00037865,-0.00014000000000000123,-0.0011676396997498018
1772158500000,2026-02-27T02:15:00Z,0.11976,0.12,0.11948,0.12,229577.7,27476.10569,0.11978,0.12,0.11951,0.12,0.1199,0.1201,0.11968,0.12009,-0.00037865,0,-0.00092901,0,-9.000000000000674e-05,-0.000749437921558887
1772158800000,2026-02-27T02:20:00Z,0.12,0.12031,0.11984,0.11993,870477.1,104586.590601,0.12,0.12025,0.11986,0.11993,0.12009,0.12033,0.11999,0.12,0,-0.00035368,-0.00043172,-0.00035368,-7.000000000000062e-05,-0.0005833333333333385
1772159100000,2026-02-27T02:25:00Z,0.11993,0.12031,0.11991,0.12019,217072.9,26083.968067,0.11993,0.12035,0.11991,0.1202,0.12,0.12042,0.12,0.1203,-0.00035368,-0.00002928,-0.00051877,-0.00002928,-0.00010999999999999899,-0.0009143807148794596
1772159400000,2026-02-27T02:30:00Z,0.12019,0.12056,0.12019,0.12054,327630.7,39441.035968,0.1202,0.12056,0.1202,0.12054,0.1203,0.12062,0.12029,0.12062,-0.00002928,0,-0.00026562,-0.00026562,-8.000000000001062e-05,-0.0006632399270436961
1772159700000,2026-02-27T02:35:00Z,0.12054,0.12074,0.1201,0.12011,787365.6,94854.03832,0.12054,0.12067,0.12013,0.12013,0.12062,0.12077,0.12027,0.12027,-0.00026562,-0.00049294,-0.00086983,-0.00086983,-0.00016000000000000736,-0.0013303400681799896
1772160000000,2026-02-27T02:40:00Z,0.12011,0.12012,0.11978,0.11989,316382.2,37943.121319,0.12013,0.12013,0.11987,0.11989,0.12027,0.12027,0.12,0.12005,-0.00086983,-0.00027896,-0.00074812,-0.00027896,-0.00016000000000000736,-0.00133277800916291
1772160300000,2026-02-27T02:45:00Z,0.11989,0.12053,0.1198,0.12053,273745.4,32901.323683,0.11989,0.12053,0.11983,0.12053,0.12005,0.12061,0.12,0.12057,-0.00027896,-0.00038431,-0.00057636,-0.00057636,-3.999999999999837e-05,-0.0003317574852782481
1772160600000,2026-02-27T02:50:00Z,0.12053,0.12053,0.12012,0.12023,321531.2,38672.448265,0.12053,0.12053,0.12012,0.12023,0.12057,0.12059,0.12027,0.12037,-0.00057636,-0.00100615,-0.00112923,-0.00100615,-0.00014000000000000123,-0.0011630805017861696
1772160900000,2026-02-27T02:55:00Z,0.12023,0.12042,0.12015,0.1202,329635.4,39647.7624,0.12023,0.12042,0.12018,0.12023,0.12037,0.12051,0.12032,0.12037,-0.00100615,-0.00069272,-0.00102581,-0.00102581,-0.00017000000000000348,-0.0014123120378832224
1772161200000,2026-02-27T03:00:00Z,0.1202,0.12027,0.11995,0.12007,475786.7,57119.627488,0.12023,0.12027,0.11999,0.12011,0.12037,0.12042,0.12016,0.12019,-0.00102581,-0.00056848,-0.00092559,-0.00092559,-0.00012000000000000899,-0.000998419169648132
1772161500000,2026-02-27T03:05:00Z,0.12007,0.12007,0.1195,0.11963,539214.4,64546.361678,0.12011,0.12011,0.11953,0.11965,0.12019,0.12019,0.11968,0.11979,-0.00092559,-0.0000848,-0.00071401,-0.0000848,-0.00015999999999999348,-0.001335670757158306
1772161800000,2026-02-27T03:10:00Z,0.11963,0.11976,0.11931,0.11948,395265.4,47265.228068,0.11965,0.11971,0.11933,0.11948,0.11979,0.11982,0.11954,0.11963,-0.0000848,-0.00102932,-0.00121683,-0.00121683,-0.00014999999999999736,-0.0012538660871018754
1772162100000,2026-02-27T03:15:00Z,0.11948,0.11972,0.11947,0.11957,170494.2,20396.898903,0.11948,0.11972,0.11948,0.1196,0.11963,0.11983,0.11963,0.11976,-0.00121683,-0.00052211,-0.00064407,-0.00052211,-0.0001900000000000096,-0.0015865063460254643
1772162400000,2026-02-27T03:20:00Z,0.11957,0.11958,0.11907,0.1192,374730.8,44704.029808,0.1196,0.1196,0.11911,0.1192,0.11976,0.11976,0.1193,0.11934,-0.00052211,-0.00036304,-0.00078703,-0.00036304,-0.00014000000000000123,-0.001173118820177654
1772162700000,2026-02-27T03:25:00Z,0.1192,0.11927,0.11891,0.11922,458399.1,54587.421288,0.1192,0.11927,0.11902,0.11923,0.11934,0.11939,0.11919,0.11937,-0.00036304,-0.00112829,-0.00120211,-0.00112829,-0.00014999999999999736,-0.0012565971349585102
1772163000000,2026-02-27T03:30:00Z,0.11922,0.11938,0.11912,0.11938,290766.9,34675.040203,0.11923,0.11938,0.11912,0.11938,0.11937,0.11952,0.11928,0.11952,-0.00112829,-0.00075961,-0.00079994,-0.00075961,-0.00014000000000000123,-0.001171352074966543
1772163300000,2026-02-27T03:35:00Z,0.11938,0.11951,0.11914,0.11939,366572,43754.641642,0.11938,0.11951,0.11916,0.1194,0.11952,0.11963,0.11934,0.11954,-0.00075961,-0.00021864,-0.00087636,-0.00021864,-0.00014999999999999736,-0.0012548101054040267
1772163600000,2026-02-27T03:40:00Z,0.11939,0.11942,0.1191,0.11939,434860.4,51870.524031,0.1194,0.11942,0.11911,0.11939,0.11954,0.11954,0.11932,0.11952,-0.00021864,-0.00044005,-0.00106982,-0.00044005,-0.0001300000000000051,-0.0010876840696118233
1772163900000,2026-02-27T03:45:00Z,0.11939,0.11945,0.11914,0.11944,318918.8,38055.867293,0.11939,0.11945,0.11915,0.11944,0.11952,0.11956,0.1193,0.11949,-0.00044005,-0.00015834,-0.0003797,-0.00015834,-4.999999999999449e-05,-0.000418445058163817
1772164200000,2026-02-27T03:50:00Z,0.11944,0.11974,0.11924,0.1196,498176.6,59545.654207,0.11944,0.11966,0.11927,0.11965,0.11949,0.11973,0.11937,0.11973,-0.00015834,-0.00006007,-0.00019841,-0.00006007,-0.0001300000000000051,-0.0010857763300760471
1772164500000,2026-02-27T03:55:00Z,0.1196,0.12011,0.11955,0.11982,552996.8,66259.977506,0.11965,0.12011,0.11955,0.11982,0.11973,0.12023,0.11965,0.11996,-0.00006007,0,-0.00100757,-0.00100757,-0.00014000000000000123,-0.0011670556852284198
1772164800000,2026-02-27T04:00:00Z,0.11982,0.12128,0.11975,0.12116,1455716.1,175670.973056,0.11982,0.12123,0.11981,0.12113,0.11996,0.12132,0.11996,0.12128,-0.00100757,-0.00015596,-0.00016442,-0.00016442,-0.00011999999999999511,-0.0009894459102901972
1772165100000,2026-02-27T04:05:00Z,0.12116,0.12208,0.12099,0.12204,1256925.8,152722.484271,0.12113,0.12207,0.12107,0.12207,0.12128,0.12217,0.12119,0.12216,-0.00016442,0,-0.00046163,-0.00046163,-0.00012000000000000899,-0.0009823182711199163
1772165400000,2026-02-27T04:10:00Z,0.12204,0.12256,0.12183,0.12246,1452318.8,177522.65149,0.12207,0.12253,0.1219,0.12249,0.12216,0.1226,0.122,0.12259,-0.00046163,-0.00015569,-0.00030608,-0.00015569,-0.0001300000000000051,-0.001060445387062608
1772165700000,2026-02-27T04:15:00Z,0.12246,0.12298,0.1222,0.12251,1132566.4,138829.739857,0.12249,0.12303,0.12226,0.12251,0.12259,0.12314,0.12237,0.12257,-0.00015569,-0.00061567,-0.00068756,-0.00068756,-6.0000000000004494e-05,-0.0004895161948274822
1772166000000,2026-02-27T04:20:00Z,0.12251,0.12265,0.12198,0.12234,818440.5,100072.153565,0.12251,0.12265,0.12199,0.12234,0.12257,0.12273,0.12214,0.12243,-0.00068756,-0.00013806,-0.00014298,-0.00013806,-8.999999999999286e-05,-0.0007351139426610542
1772166300000,2026-02-27T04:25:00Z,0.12234,0.12236,0.12183,0.12194,579653.3,70745.440898,0.12234,0.12234,0.12186,0.12194,0.12243,0.12243,0.12195,0.12205,-0.00013806,-0.00010086,-0.00072765,-0.00072765,-0.00010999999999999899,-0.0009012699713232199
1772166600000,2026-02-27T04:30:00Z,0.12194,0.12213,0.12168,0.12187,341605.8,41632.319269,0.12194,0.12212,0.1217,0.12189,0.12205,0.12219,0.12182,0.12199,-0.00072765,-0.0001881,-0.00063122,-0.0001881,-0.00011999999999999511,-0.0009836871874743431
1772166900000,2026-02-27T04:35:00Z,0.12187,0.12194,0.12169,0.12177,251704.9,30662.041962,0.12189,0.12194,0.12175,0.1218,0.12199,0.12201,0.12183,0.1219,-0.0001881,-0.00020852,-0.00063046,-0.00020852,-0.00012999999999999123,-0.001066447908121339
1772167200000,2026-02-27T04:40:00Z,0.12177,0.12178,0.12138,0.12148,466772,56718.044458,0.1218,0.1218,0.12143,0.12148,0.1219,0.1219,0.12157,0.12162,-0.00020852,-0.00054034,-0.00093422,-0.00054034,-0.00014000000000000123,-0.0011511264594639141
1772167500000,2026-02-27T04:45:00Z,0.12148,0.12169,0.12127,0.12168,233333.1,28342.255251,0.12148,0.12169,0.1213,0.12168,0.12162,0.12182,0.12147,0.12182,-0.00054034,-0.00051163,-0.00115567,-0.00051163,-0.00014000000000000123,-0.001149236578558539
1772167800000,2026-02-27T04:50:00Z,0.12168,0.12249,0.12168,0.12245,649281.4,79277.635076,0.12168,0.12254,0.12168,0.12253,0.12182,0.12268,0.12182,0.12268,-0.00051163,-0.0002778,-0.00037814,-0.00037814,-0.0002299999999999941,-0.0018747962178023647
1772168100000,2026-02-27T04:55:00Z,0.12245,0.12245,0.12189,0.12211,353730.8,43224.513419,0.12253,0.12253,0.12196,0.12211,0.12268,0.12268,0.12209,0.12222,-0.00037814,-0.00026936,-0.00072285,-0.00026936,-0.00010999999999999899,-0.0009000163639338814
1772168400000,2026-02-27T05:00:00Z,0.12211,0.1223,0.12203,0.1222,458271.5,55969.731359,0.12211,0.1223,0.12205,0.1222,0.12222,0.12239,0.12219,0.1223,-0.00026936,-0.00069449,-0.00074031,-0.00069449,-0.00010000000000000286,-0.0008176614881439318
1772168700000,2026-02-27T05:05:00Z,0.1222,0.1222,0.12185,0.12203,260220.3,31743.116605,0.1222,0.1222,0.12188,0.12203,0.1223,0.1223,0.12203,0.12218,-0.00069449,-0.00073089,-0.00101301,-0.00101301,-0.00014999999999999736,-0.001227696840726775
1772169000000,2026-02-27T05:10:00Z,0.12203,0.12232,0.12185,0.122,218137.6,26640.192067,0.12203,0.12232,0.12189,0.12201,0.12218,0.1224,0.122,0.12211,-0.00101301,-0.0001027,-0.0008998,-0.0001027,-0.00010999999999999899,-0.0009008271230857341
1772169300000,2026-02-27T05:15:00Z,0.122,0.12238,0.12197,0.1222,452670.6,55294.180871,0.12201,0.12238,0.12199,0.12227,0.12211,0.12253,0.12211,0.12242,-0.0001027,-0.00047361,-0.00076677,-0.00047361,-0.00021999999999999797,-0.0017970919784348798
1772169600000,2026-02-27T05:20:00Z,0.1222,0.12231,0.12146,0.12163,692257.3,84459.342288,0.12227,0.1223,0.12148,0.12163,0.12242,0.12242,0.12168,0.12176,-0.00047361,-0.00122222,-0.0013626,-0.0013626,-0.00012999999999999123,-0.0010676741130091266
1772169900000,2026-02-27T05:25:00Z,0.12163,0.12231,0.12163,0.1222,493522.7,60183.140543,0.12163,0.12233,0.12163,0.1222,0.12176,0.12244,0.12176,0.12233,-0.0013626,-0.00051288,-0.00099273,-0.00099273,-0.00012999999999999123,-0.001062699256110449
1772170200000,2026-02-27T05:30:00Z,0.1222,0.12275,0.12216,0.1224,614378.9,75222.047247,0.1222,0.12271,0.12216,0.1224,0.12233,0.12285,0.12233,0.12257,-0.00099273,-0.00064435,-0.00102404,-0.00064435,-0.00017000000000000348,-0.0013869625520111241
1772170500000,2026-02-27T05:35:00Z,0.1224,0.12269,0.12223,0.12254,241341.5,29545.20649,0.1224,0.12267,0.12224,0.12254,0.12257,0.12279,0.12236,0.12267,-0.00064435,-0.00024374,-0.00070845,-0.00070845,-0.0001300000000000051,-0.0010597538110377852
1772170800000,2026-02-27T05:40:00Z,0.12254,0.12268,0.12234,0.12252,481442.9,58981.548765,0.12254,0.12267,0.12235,0.1226,0.12267,0.12273,0.12249,0.12271,-0.00070845,0,-0.00088427,-0.00088427,-0.00018999999999999573,-0.0015483660663352273
1772171100000,2026-02-27T05:45:00Z,0.12252,0.12252,0.12217,0.12228,405203.1,49558.881125,0.1226,0.1226,0.12225,0.12231,0.12271,0.12271,0.12242,0.12248,-0.00088427,-0.00037504,-0.00097917,-0.00037504,-0.00020000000000000573,-0.0016329196603527573
1772171400000,2026-02-27T05:50:00Z,0.12228,0.12234,0.12195,0.12199,586521,71653.789508,0.12231,0.12234,0.12199,0.12199,0.12248,0.12248,0.12213,0.12214,-0.00037504,-0.00026611,-0.00109613,-0.00109613,-0.00014999999999999736,-0.0012280989028982919
1772171700000,2026-02-27T05:55:00Z,0.12199,0.12202,0.12179,0.12196,230922.8,28154.612086,0.12199,0.122,0.1218,0.122,0.12214,0.12215,0.12195,0.12211,-0.00109613,0,-0.00037251,0,-0.00014999999999999736,-0.001228400622389627
1772172000000,2026-02-27T06:00:00Z,0.12196,0.12203,0.12184,0.12198,209468.4,25543.112525,0.122,0.12203,0.12188,0.12203,0.12211,0.12218,0.122,0.12218,0,-0.00038055,-0.00075561,-0.00038055,-0.00019999999999999185,-0.0016369291209689953
1772172300000,2026-02-27T06:05:00Z,0.12198,0.12198,0.12178,0.12183,192838.9,23498.042526,0.12203,0.12203,0.12181,0.12183,0.12218,0.12218,0.12196,0.12196,-0.00038055,-0.00063216,-0.00075532,-0.00075532,-0.0001300000000000051,-0.0010659232535257881
1772172600000,2026-02-27T06:10:00Z,0.12183,0.12244,0.12183,0.12228,1421512.1,173616.916033,0.12183,0.12236,0.12183,0.12229,0.12196,0.12247,0.12196,0.12238,-0.00075532,-0.00021535,-0.0007188,-0.00021535,-0.00010000000000000286,-0.0008171269815329536
1772172900000,2026-02-27T06:15:00Z,0.12228,0.12259,0.12195,0.12204,473978.8,57940.705429,0.12229,0.12259,0.12202,0.12209,0.12238,0.12266,0.12217,0.12224,-0.00021535,-0.00031917,-0.00036347,-0.00031917,-0.00020000000000000573,-0.0016361256544503086
1772173200000,2026-02-27T06:20:00Z,0.12204,0.12218,0.12186,0.12211,332767.3,40600.711183,0.12209,0.12215,0.12197,0.12211,0.12224,0.12228,0.12213,0.12218,-0.00031917,-0.00074189,-0.0008606,-0.0008606,-7.000000000000062e-05,-0.0005729251923391768
1772173500000,2026-02-27T06:25:00Z,0.12211,0.1222,0.12169,0.12211,434064.5,52920.053785,0.12211,0.1222,0.12174,0.12213,0.12218,0.12223,0.12188,0.1222,-0.0008606,0,-0.00071149,0,-9.000000000000674e-05,-0.0007364975450082384
1772173800000,2026-02-27T06:30:00Z,0.12211,0.12244,0.12201,0.12208,407353.8,49790.66307,0.12213,0.12243,0.12203,0.12208,0.1222,0.12249,0.12217,0.1222,0,-0.0004332,-0.00084005,-0.00084005,-0.00012000000000000899,-0.0009819967266776512
1772174100000,2026-02-27T06:35:00Z,0.12208,0.12327,0.12208,0.12315,1548722.8,190083.629041,0.12208,0.12323,0.12208,0.12318,0.1222,0.12335,0.1222,0.12332,-0.00084005,-0.00068244,-0.0010276,-0.00068244,-0.00017000000000000348,-0.0013785274083685005
1772174400000,2026-02-27T06:40:00Z,0.12315,0.12339,0.12295,0.12309,1140960.7,140532.909636,0.12318,0.1233,0.12299,0.12311,0.12332,0.12343,0.12312,0.12327,-0.00068244,-0.00032179,-0.00136348,-0.00136348,-0.0001799999999999996,-0.0014602092966658521
1772174700000,2026-02-27T06:45:00Z,0.12309,0.12357,0.12297,0.12329,691450.6,85258.728162,0.12311,0.12357,0.12303,0.12331,0.12327,0.12365,0.12321,0.12344,-0.00136348,-0.00002277,-0.00086472,-0.00086472,-0.00014999999999999736,-0.0012151652624756753
1772175000000,2026-02-27T06:50:00Z,0.12329,0.12349,0.12306,0.12342,323687,39911.302973,0.12331,0.12353,0.12309,0.12349,0.12344,0.12365,0.12324,0.12361,-0.00086472,0,-0.00014801,-0.00014801,-0.00018999999999999573,-0.001537092468246871
1772175300000,2026-02-27T06:55:00Z,0.12342,0.1237,0.12332,0.12333,377888.1,46667.987923,0.12349,0.1237,0.12335,0.12335,0.12361,0.12377,0.12352,0.12353,-0.00014801,-0.00044796,-0.00065588,-0.00044796,-0.00020000000000000573,-0.0016190399093338114
1772175600000,2026-02-27T07:00:00Z,0.12333,0.12334,0.12234,0.12244,779671.3,95725.308942,0.12335,0.12335,0.12244,0.12244,0.12353,0.12353,0.12261,0.12261,-0.00044796,-0.00080916,-0.00085104,-0.00080916,-0.00017000000000000348,-0.0013865100725879086
1772175900000,2026-02-27T07:05:00Z,0.12244,0.12325,0.12232,0.12316,688314.2,84506.156088,0.12244,0.12325,0.12237,0.1232,0.12261,0.12333,0.12254,0.1233,-0.00080916,0,-0.00049283,0,-0.00014000000000000123,-0.0011354420113544302
1772176200000,2026-02-27T07:10:00Z,0.12316,0.12322,0.12284,0.12297,342235.7,42089.959268,0.1232,0.12322,0.12291,0.12298,0.1233,0.1233,0.12303,0.12311,0,0,-0.00062402,-0.00062402,-0.00014000000000000123,-0.001137194379010651
1772176500000,2026-02-27T07:15:00Z,0.12297,0.12301,0.12266,0.12282,146070.1,17943.26675,0.12298,0.12301,0.12273,0.12284,0.12311,0.12314,0.12287,0.12298,-0.00062402,-0.00032948,-0.0007529,-0.00032948,-0.00016000000000000736,-0.00130102455683857
1772176800000,2026-02-27T07:20:00Z,0.12282,0.12344,0.12275,0.12309,984224.5,121239.330044,0.12284,0.12336,0.12284,0.12313,0.12298,0.12347,0.12298,0.12324,-0.00032948,-0.00052749,-0.00054975,-0.00052749,-0.00014999999999999736,-0.0012171372930866388
1772177100000,2026-02-27T07:25:00Z,0.12309,0.12332,0.12272,0.12291,331692.6,40798.270644,0.12313,0.12331,0.1228,0.12291,0.12324,0.1234,0.12297,0.12308,-0.00052749,-0.00064466,-0.00095496,-0.00095496,-0.0001699999999999896,-0.0013812154696131753
1772177400000,2026-02-27T07:30:00Z,0.12291,0.12345,0.1229,0.12311,519433.6,63986.040167,0.12291,0.12345,0.12291,0.12312,0.12308,0.12353,0.12308,0.12318,-0.00095496,-0.00033133,-0.00049995,-0.00033133,-7.000000000000062e-05,-0.0005682740704659897
1772177700000,2026-02-27T07:35:00Z,0.12311,0.12341,0.12274,0.12306,790493.4,97315.826584,0.12312,0.12341,0.12281,0.12308,0.12318,0.12351,0.12296,0.12324,-0.00033133,-0.00039688,-0.00067067,-0.00039688,-0.0001799999999999996,-0.001460564751703989
1772178000000,2026-02-27T07:40:00Z,0.12306,0.12331,0.12282,0.12331,360101.5,44315.130397,0.12308,0.12331,0.12288,0.12331,0.12324,0.12339,0.123,0.12339,-0.00039688,-0.00002603,-0.00033768,-0.00002603,-7.999999999999674e-05,-0.0006483507577599218
1772178300000,2026-02-27T07:45:00Z,0.12331,0.12406,0.12321,0.12389,1043913.3,129171.387147,0.12331,0.12402,0.12325,0.12389,0.12339,0.1241,0.12336,0.12401,-0.00002603,-0.00025022,-0.00039552,-0.00039552,-0.00011999999999999511,-0.0009676638980726967
1772178600000,2026-02-27T07:50:00Z,0.12389,0.12457,0.12386,0.12439,885363,109956.179835,0.12389,0.12454,0.12389,0.12448,0.12401,0.12462,0.12401,0.12457,-0.00039552,-0.00028996,-0.00056037,-0.00028996,-0.0001799999999999996,-0.001444970699205263
1772178900000,2026-02-27T07:55:00Z,0.12439,0.12503,0.12406,0.12449,2186897.2,272413.865685,0.12448,0.12488,0.12424,0.1245,0.12457,0.12501,0.12442,0.12463,-0.00028996,-0.00057246,-0.00085666,-0.00057246,-0.00014000000000000123,-0.001123325042124699
1772179200000,2026-02-27T08:00:00Z,0.12449,0.12526,0.12447,0.12523,1349560.7,168674.291291,0.1245,0.12526,0.12449,0.12522,0.12463,0.12539,0.12463,0.12538,-0.00057246,-0.00056057,-0.00110877,-0.00056057,-0.00014999999999998348,-0.0011963630563086895
1772179500000,2026-02-27T08:05:00Z,0.12523,0.12587,0.12491,0.12547,1717064.8,215530.609255,0.12522,0.12582,0.12501,0.12552,0.12538,0.12588,0.12514,0.12554,-0.00056057,0,-0.00003273,0,-7.00000000000145e-05,-0.0005575912059902381
1772179800000,2026-02-27T08:10:00Z,0.12547,0.12567,0.12535,0.12537,893658.7,112165.82993,0.12552,0.12566,0.1254,0.12543,0.12554,0.12571,0.12546,0.12554,0,-0.00011356,-0.00071438,-0.00071438,-0.00017000000000000348,-0.0013541500716903255
1772180100000,2026-02-27T08:15:00Z,0.12537,0.12548,0.12498,0.12519,920028.7,115220.022591,0.12543,0.12548,0.12504,0.12526,0.12554,0.12557,0.12518,0.12537,-0.00071438,0,-0.00040387,-0.00040387,-0.00018000000000001348,-0.0014357501794688798
1772180400000,2026-02-27T08:20:00Z,0.12519,0.12626,0.12506,0.12616,926116.1,116399.347309,0.12526,0.12626,0.12513,0.12616,0.12537,0.12637,0.12525,0.12627,-0.00040387,-0.00084771,-0.00091927,-0.00091927,-0.00010999999999999899,-0.0008711491248910984
1772180700000,2026-02-27T08:25:00Z,0.12616,0.12644,0.12547,0.12574,703457.3,88537.703885,0.12616,0.1264,0.12549,0.12569,0.12627,0.12653,0.12566,0.12584,-0.00091927,-0.00019586,-0.00087743,-0.00019586,-0.00010000000000001674,-0.0007946598855691094
1772181000000,2026-02-27T08:30:00Z,0.12574,0.12636,0.12546,0.12559,846019.2,106566.669934,0.12569,0.12636,0.12554,0.12559,0.12584,0.12645,0.1257,0.12576,-0.00019586,-0.00016308,-0.00173872,-0.00016308,-0.00017000000000000348,-0.001351781170483488
1772181300000,2026-02-27T08:35:00Z,0.12559,0.12572,0.12518,0.12569,1890009.6,237119.624163,0.12559,0.12572,0.12524,0.12569,0.12576,0.12582,0.12541,0.1258,-0.00016308,-0.00104697,-0.0010996,-0.0010996,-0.00010999999999999899,-0.0008744038155802782
1772181600000,2026-02-27T08:40:00Z,0.12569,0.12618,0.12561,0.12614,965999.5,121607.165197,0.12569,0.12618,0.12565,0.12617,0.1258,0.12628,0.1258,0.12628,-0.0010996,0,-0.00093836,0,-0.00014000000000000123,-0.0011086474501108745
1772181900000,2026-02-27T08:45:00Z,0.12614,0.12624,0.12578,0.12582,697826.1,87914.428284,0.12617,0.12627,0.12582,0.12587,0.12628,0.12637,0.12595,0.126,0,-0.00049504,-0.0011499,-0.0011499,-0.00018000000000001348,-0.0014285714285715355
1772182200000,2026-02-27T08:50:00Z,0.12582,0.12624,0.1256,0.12606,1388275.9,174692.422764,0.12587,0.12624,0.12567,0.12612,0.126,0.12633,0.12581,0.12624,-0.0011499,-0.00005736,-0.00022519,-0.00022519,-0.00017999999999998573,-0.0014258555133078719
1772182500000,2026-02-27T08:55:00Z,0.12606,0.12681,0.12589,0.12658,1356354.4,171370.483483,0.12612,0.1268,0.12595,0.12658,0.12624,0.12694,0.12615,0.12674,-0.00022519,-0.00113877,-0.00116298,-0.00116298,-0.00015999999999999348,-0.0012624270159380898
1772182800000,2026-02-27T09:00:00Z,0.12658,0.12693,0.12634,0.12657,1825726,231233.63451,0.12658,0.1269,0.12636,0.12659,0.12674,0.12699,0.12647,0.12672,-0.00116298,-0.00015703,-0.00023011,-0.00023011,-0.00015000000000001124,-0.00118371212121221
1772183100000,2026-02-27T09:05:00Z,0.12657,0.12732,0.12657,0.12701,1767513.1,224463.025265,0.12659,0.12732,0.12659,0.12701,0.12672,0.1274,0.12672,0.12708,-0.00023011,-0.00105474,-0.00117943,-0.00105474,-6.999999999998674e-05,-0.000550834120239115
1772183400000,2026-02-27T09:10:00Z,0.12701,0.12712,0.12662,0.12701,513865.9,65229.246356,0.12701,0.12712,0.12668,0.12705,0.12708,0.1272,0.12682,0.12717,-0.00105474,-0.00003618,-0.00021813,-0.00021813,-0.00015999999999999348,-0.0012581583706848586
1772183700000,2026-02-27T09:15:00Z,0.12701,0.12815,0.12694,0.12795,1977539.6,252252.609889,0.12705,0.12814,0.12694,0.12801,0.12717,0.1282,0.12709,0.12809,-0.00021813,-0.00024886,-0.00048171,-0.00024886,-0.00014000000000000123,-0.001092981497384661
1772184000000,2026-02-27T09:20:00Z,0.12795,0.12821,0.12733,0.12767,1096440.5,140020.831746,0.12801,0.12822,0.1274,0.12774,0.12809,0.1283,0.12758,0.12784,-0.00024886,-0.00084129,-0.00166919,-0.00166919,-0.00017000000000000348,-0.0013297872340425803
1772184300000,2026-02-27T09:25:00Z,0.12767,0.12778,0.12719,0.12778,766716.5,97740.610739,0.12774,0.12778,0.12727,0.12778,0.12784,0.12784,0.12743,0.12783,-0.00166919,-0.0006004,-0.00082092,-0.00082092,-4.999999999999449e-05,-0.0003911444887741101
1772184600000,2026-02-27T09:30:00Z,0.12778,0.12845,0.12775,0.1281,1635823.9,209441.499902,0.12778,0.12839,0.12778,0.12808,0.12783,0.1285,0.12783,0.12824,-0.00082092,-0.00022562,-0.00026863,-0.00026863,-0.00014000000000000123,-0.0010917030567685687
1772184900000,2026-02-27T09:35:00Z,0.1281,0.12822,0.12732,0.12755,1613715.4,206003.385648,0.12808,0.12822,0.12739,0.12759,0.12824,0.12832,0.12751,0.12773,-0.00026863,-0.00012985,-0.00043066,-0.00043066,-0.00018000000000001348,-0.0014092225788774248
1772185200000,2026-02-27T09:40:00Z,0.12755,0.12774,0.1269,0.12722,1888468.1,240248.110084,0.12759,0.12774,0.12705,0.12729,0.12773,0.12781,0.12719,0.12745,-0.00043066,-0.00011325,-0.0008711,-0.00011325,-0.00023000000000000798,-0.0018046292663790346
1772185500000,2026-02-27T09:45:00Z,0.12722,0.12748,0.12641,0.12736,1791815.3,227517.40183,0.12729,0.12748,0.12649,0.12736,0.12745,0.12753,0.12662,0.12747,-0.00011325,-0.00031862,-0.00126723,-0.00126723,-0.00010999999999999899,-0.000862948144661481
1772185800000,2026-02-27T09:50:00Z,0.12736,0.1279,0.12673,0.12681,1216850.7,154925.966157,0.12736,0.12789,0.12674,0.12681,0.12747,0.12799,0.12691,0.12691,-0.00126723,-0.00049473,-0.00052751,-0.00052751,-9.999999999998899e-05,-0.0007879599716333543
1772186100000,2026-02-27T09:55:00Z,0.12681,0.12729,0.12676,0.12686,910583.5,115672.486752,0.12681,0.12729,0.12676,0.12694,0.12691,0.1273,0.12691,0.12703,-0.00052751,0,-0.00011107,-0.00011107,-0.00017000000000000348,-0.0013382665512084034
1772186400000,2026-02-27T10:00:00Z,0.12686,0.12763,0.12663,0.12724,1676328.8,213170.09047,0.12694,0.12762,0.12672,0.12727,0.12703,0.12771,0.12682,0.12736,-0.00011107,-0.00041626,-0.00079904,-0.00041626,-0.00012000000000000899,-0.0009422110552764525
1772186700000,2026-02-27T10:05:00Z,0.12724,0.12766,0.12693,0.12699,1099559.1,140069.020407,0.12727,0.12767,0.12699,0.12699,0.12736,0.12773,0.12709,0.12709,-0.00041626,0,0,0,-0.00010000000000001674,-0.0007868439688411105
1772187000000,2026-02-27T10:10:00Z,0.12699,0.12704,0.12536,0.12545,2494028.7,314270.985957,0.12699,0.12704,0.12545,0.12545,0.12709,0.12713,0.12556,0.12556,0,-0.00019963,-0.00027264,-0.00027264,-0.00010999999999999899,-0.0008760751831793483
1772187300000,2026-02-27T10:15:00Z,0.12545,0.12547,0.12477,0.12525,2037321.2,254907.951975,0.12545,0.12547,0.12483,0.12537,0.12556,0.12556,0.12492,0.12545,-0.00027264,-0.00016012,-0.0009781,-0.00016012,-0.00020000000000000573,-0.0015942606616182202
1772187600000,2026-02-27T10:20:00Z,0.12525,0.12551,0.12456,0.12547,1912819.1,239192.681962,0.12537,0.12547,0.12463,0.12547,0.12545,0.12549,0.1247,0.12547,-0.00016012,-0.00011875,-0.00014145,-0.00014145,0.0,0.0
1772187900000,2026-02-27T10:25:00Z,0.12547,0.12565,0.12495,0.12518,1247979.6,156255.405033,0.12547,0.12565,0.12501,0.12524,0.12547,0.12565,0.12508,0.12533,-0.00014145,-0.00023501,-0.00070152,-0.00023501,-0.00014999999999998348,-0.0011968403414983123
1772188200000,2026-02-27T10:30:00Z,0.12518,0.12645,0.12508,0.12586,2132040.3,268672.739339,0.12524,0.12642,0.12516,0.12589,0.12533,0.12647,0.12526,0.12599,-0.00023501,0,0,0,-0.00012999999999999123,-0.0010318279228509505
1772188500000,2026-02-27T10:35:00Z,0.12586,0.12601,0.12532,0.12532,1062034.4,133452.910283,0.12589,0.12598,0.12533,0.12536,0.12599,0.12607,0.12547,0.12549,0,-0.00076232,-0.00077398,-0.00076232,-0.00017000000000000348,-0.0013546896167025539
1772188800000,2026-02-27T10:40:00Z,0.12532,0.12544,0.12505,0.12505,823538.4,103146.856206,0.12536,0.12544,0.12519,0.12522,0.12549,0.12555,0.12526,0.12526,-0.00076232,-0.00022775,-0.00054019,-0.00022775,-0.00021000000000001573,-0.0016765128532653338
1772189100000,2026-02-27T10:45:00Z,0.12505,0.12568,0.12501,0.12544,485254.4,60802.539886,0.12522,0.12567,0.12505,0.12551,0.12526,0.1257,0.12519,0.12562,-0.00022775,0,-0.00052805,-0.00052805,-0.00018000000000001348,-0.0014328928514568816
1772189400000,2026-02-27T10:50:00Z,0.12544,0.12563,0.12426,0.12432,1612352,201479.755797,0.12551,0.12561,0.12427,0.12427,0.12562,0.1257,0.12443,0.12444,-0.00052805,-0.00051135,-0.00081751,-0.00081751,-0.00011999999999999511,-0.0009643201542911855
1772189700000,2026-02-27T10:55:00Z,0.12432,0.12437,0.12383,0.12403,1285808.3,159490.168129,0.12427,0.12434,0.12386,0.12403,0.12444,0.12446,0.124,0.1241,-0.00081751,-0.00037547,-0.0004505,-0.0004505,-7.000000000000062e-05,-0.000564061240934735
1772190000000,2026-02-27T11:00:00Z,0.12403,0.12425,0.12378,0.12393,615413.2,76311.631408,0.12403,0.12425,0.12386,0.12393,0.1241,0.12428,0.12395,0.12401,-0.0004505,-0.0001165,-0.00018228,-0.0001165,-7.999999999999674e-05,-0.0006451092653817977
1772190300000,2026-02-27T11:05:00Z,0.12393,0.12403,0.12364,0.12386,955031.8,118242.507625,0.12393,0.12405,0.12368,0.12392,0.12401,0.12413,0.12376,0.12399,-0.0001165,0,-0.0004196,0,-0.0001300000000000051,-0.0010484716509396332
1772190600000,2026-02-27T11:10:00Z,0.12386,0.12406,0.1237,0.12393,542094.9,67135.920364,0.12392,0.12406,0.12375,0.12394,0.12399,0.12413,0.1238,0.124,0,0,0,0,-7.000000000000062e-05,-0.000564516129032263
1772190900000,2026-02-27T11:15:00Z,0.12393,0.12427,0.12343,0.12346,1937577.3,239865.213355,0.12394,0.12413,0.12346,0.12346,0.124,0.12424,0.12354,0.12358,0,-0.00033029,-0.00039825,-0.00033029,-0.00011999999999999511,-0.000971030911150632
1772191200000,2026-02-27T11:20:00Z,0.12346,0.12421,0.12343,0.12415,1004578,124504.068798,0.12346,0.12419,0.12346,0.12415,0.12358,0.12424,0.12357,0.12419,-0.00033029,0,-0.00022176,0,-3.999999999999837e-05,-0.00032208712456718234
1772191500000,2026-02-27T11:25:00Z,0.12415,0.12448,0.12365,0.12365,855952.3,106247.47881,0.12415,0.12448,0.12365,0.12373,0.12419,0.12454,0.12376,0.12376,0,-0.00056873,-0.00059239,-0.00059239,-0.00010999999999999899,-0.0008888170652876454
1772191800000,2026-02-27T11:30:00Z,0.12365,0.12368,0.12248,0.12281,1883311.8,231459.570154,0.12373,0.12373,0.12251,0.12281,0.12376,0.12376,0.1226,0.12289,-0.00059239,-0.00007475,-0.00049674,-0.00007475,-7.999999999999674e-05,-0.0006509886890715008
1772192100000,2026-02-27T11:35:00Z,0.12281,0.12281,0.1216,0.12187,2483327.1,303167.951226,0.12281,0.12281,0.12168,0.12191,0.12289,0.12289,0.12179,0.122,-0.00007475,0,0,0,-0.00012999999999999123,-0.0010655737704917314
1772192400000,2026-02-27T11:40:00Z,0.12187,0.12218,0.12169,0.12185,1066215.5,130007,0.12191,0.12218,0.12173,0.12185,0.122,0.12219,0.12182,0.12189,0,0,-0.00021959,-0.00021959,-3.999999999999837e-05,-0.0003281647386988134
1772192700000,2026-02-27T11:45:00Z,0.12185,0.1225,0.12172,0.12239,1103982,134778.916081,0.12185,0.12253,0.12182,0.12252,0.12189,0.12262,0.12186,0.12262,-0.00021959,0,-0.00048119,-0.00048119,-0.00023000000000000798,-0.0018757135866906537
1772193000000,2026-02-27T11:50:00Z,0.12239,0.12295,0.12226,0.1228,834444.3,102256.574007,0.12252,0.12295,0.12233,0.12282,0.12262,0.123,0.12247,0.12287,-0.00048119,0,-0.00014349,0,-6.999999999998674e-05,-0.0005697078212744099
1772193300000,2026-02-27T11:55:00Z,0.1228,0.12311,0.12267,0.12275,635536.6,78068.998196,0.12282,0.12304,0.12271,0.1228,0.12287,0.12309,0.1228,0.12289,0,-0.00012648,-0.00060801,-0.00060801,-0.00014000000000000123,-0.001139230205875183
1772193600000,2026-02-27T12:00:00Z,0.12275,0.12304,0.12239,0.12274,934576.5,114669.143842,0.1228,0.123,0.12244,0.12273,0.12289,0.123,0.12257,0.12281,-0.00060801,0,-0.00008645,0,-7.000000000000062e-05,-0.0005699861574790377
1772193900000,2026-02-27T12:05:00Z,0.12274,0.12321,0.12274,0.12287,609979.5,75017.469648,0.12273,0.12321,0.12273,0.12291,0.12281,0.12326,0.12281,0.12299,0,0,-0.00023143,-0.00023143,-0.00012000000000000899,-0.0009756890804131148
1772194200000,2026-02-27T12:10:00Z,0.12287,0.12312,0.12234,0.12258,542507.8,66568.084614,0.12291,0.12306,0.12239,0.12258,0.12299,0.12311,0.12251,0.12267,-0.00023143,-0.00047034,-0.00048447,-0.00047034,-9.000000000000674e-05,-0.0007336757153338773
1772194500000,2026-02-27T12:15:00Z,0.12258,0.12277,0.12218,0.12247,530387,64949.513821,0.12258,0.12277,0.12221,0.12247,0.12267,0.12281,0.12232,0.12254,-0.00047034,-0.00016273,-0.00052083,-0.00052083,-7.000000000000062e-05,-0.0005712420434144003
1772194800000,2026-02-27T12:20:00Z,0.12247,0.12345,0.12247,0.12306,503646.9,62025.096818,0.12247,0.12345,0.12247,0.12309,0.12254,0.12347,0.12254,0.12319,-0.00052083,0,-0.00045641,-0.00045641,-0.00012999999999999123,-0.001055280461076315
1772195100000,2026-02-27T12:25:00Z,0.12306,0.12324,0.12275,0.12277,513527.3,63156.605076,0.12309,0.12324,0.12278,0.12279,0.12319,0.12328,0.1229,0.12291,-0.00045641,-0.00060182,-0.0006628,-0.00060182,-0.00014000000000000123,-0.0011390448295500873
1772195400000,2026-02-27T12:30:00Z,0.12277,0.12316,0.12271,0.12292,570187.6,70088.335256,0.12279,0.12315,0.12275,0.12292,0.12291,0.12324,0.12287,0.12299,-0.00060182,-0.00024727,-0.00043829,-0.00024727,-7.000000000000062e-05,-0.0005691519635742793
1772195700000,2026-02-27T12:35:00Z,0.12292,0.12296,0.12246,0.12259,709287.2,87065.452704,0.12292,0.12296,0.12247,0.1226,0.12299,0.12301,0.1226,0.12271,-0.00024727,0,-0.00066878,-0.00066878,-0.00011999999999999511,-0.0009779154103169677
1772196000000,2026-02-27T12:40:00Z,0.12259,0.12259,0.12214,0.12239,647041.2,79172.504442,0.1226,0.12261,0.12215,0.12239,0.12271,0.12272,0.1223,0.12249,-0.00066878,-0.00026252,-0.0006099,-0.00026252,-0.00010000000000000286,-0.0008163931749530808
1772196300000,2026-02-27T12:45:00Z,0.12239,0.12248,0.12195,0.12214,1014943.3,123992.167748,0.12239,0.12248,0.12201,0.12219,0.12249,0.12254,0.12213,0.12232,-0.00026252,-0.00044785,-0.00059627,-0.00059627,-0.0001799999999999996,-0.0014715500327011086
1772196600000,2026-02-27T12:50:00Z,0.12214,0.12258,0.1221,0.12244,724740.8,88606.904351,0.12219,0.12255,0.12217,0.12249,0.12232,0.12266,0.12229,0.12261,-0.00059627,-0.00096958,-0.00103987,-0.00103987,-0.00017000000000000348,-0.0013865100725879086
1772196900000,2026-02-27T12:55:00Z,0.12244,0.12267,0.12219,0.12266,883609.7,108165.957475,0.12249,0.12267,0.12224,0.12266,0.12261,0.12269,0.12237,0.12269,-0.00103987,-0.00025406,-0.0005446,-0.00025406,-2.999999999998837e-05,-0.0002445187056808898
1772197200000,2026-02-27T13:00:00Z,0.12266,0.12337,0.12258,0.12325,1244649.8,153106.653677,0.12266,0.12329,0.1226,0.12325,0.12269,0.12338,0.12269,0.12327,-0.00025406,0,-0.00042611,0,-2.0000000000006124e-05,-0.00016224547740736694
1772197500000,2026-02-27T13:05:00Z,0.12325,0.12325,0.12281,0.12296,322559.5,39661.421363,0.12325,0.12325,0.12284,0.12296,0.12327,0.12327,0.12295,0.12301,0,-0.00016779,-0.00034539,-0.00016779,-4.999999999999449e-05,-0.0004064710186163279
1772197800000,2026-02-27T13:10:00Z,0.12296,0.12324,0.12285,0.12317,585694,72088.056635,0.12296,0.12328,0.1229,0.12317,0.12301,0.12334,0.123,0.12322,-0.00016779,-0.0001723,-0.00069835,-0.0001723,-4.999999999999449e-05,-0.00040577828274626274
1772198100000,2026-02-27T13:15:00Z,0.12317,0.12339,0.12304,0.12312,506065.7,62346.222214,0.12317,0.12338,0.12309,0.1232,0.12322,0.12341,0.12317,0.12329,-0.0001723,-0.00020215,-0.0005962,-0.00020215,-0.00017000000000000348,-0.0013788628437018694
1772198400000,2026-02-27T13:20:00Z,0.12312,0.12312,0.12265,0.12283,520441,63943.966369,0.1232,0.1232,0.12267,0.1228,0.12329,0.12329,0.1228,0.12292,-0.00020215,0,-0.00075609,0,-9.000000000000674e-05,-0.0007321835340059123
1772198700000,2026-02-27T13:25:00Z,0.12283,0.1231,0.12241,0.12256,479506.7,58879.679315,0.1228,0.1231,0.12246,0.12256,0.12292,0.12315,0.12259,0.12264,0,-0.0004725,-0.00081936,-0.0004725,-7.999999999999674e-05,-0.0006523157208088449
1772199000000,2026-02-27T13:30:00Z,0.12256,0.1226,0.12061,0.12125,6222509.4,755256.635049,0.12256,0.12256,0.12097,0.12126,0.12264,0.12264,0.12105,0.12134,-0.0004725,-0.00060814,-0.00064769,-0.00060814,-9.000000000000674e-05,-0.0007417174880501627
1772199300000,2026-02-27T13:35:00Z,0.12125,0.12147,0.12057,0.12119,1812926.1,219309.019087,0.12126,0.12146,0.12071,0.12119,0.12134,0.12147,0.12078,0.12122,-0.00060814,0,-0.00011559,0,-2.999999999998837e-05,-0.0002474839135455236
1772199600000,2026-02-27T13:40:00Z,0.12119,0.12201,0.12119,0.12183,1359046.7,165367.933352,0.12119,0.12199,0.12119,0.12194,0.12122,0.12203,0.12122,0.122,0,0,-0.00008165,-0.00008165,-0.00017000000000000348,-0.0013934426229508482
1772199900000,2026-02-27T13:45:00Z,0.12183,0.12208,0.12168,0.12192,740763.9,90284.485624,0.12194,0.12208,0.1217,0.12193,0.122,0.12211,0.12181,0.12201,-0.00008165,-0.00006336,-0.000753,-0.00006336,-8.999999999999286e-05,-0.000737644455372452
1772200200000,2026-02-27T13:50:00Z,0.12192,0.12263,0.12181,0.12254,1480717.7,181136.295105,0.12193,0.12261,0.12184,0.12254,0.12201,0.12271,0.12195,0.12263,-0.00006336,-0.00040906,-0.0008693,-0.00040906,-9.000000000000674e-05,-0.0007339150289489255
1772200500000,2026-02-27T13:55:00Z,0.12254,0.12258,0.12223,0.12251,385748.3,47220.831685,0.12254,0.12258,0.12223,0.12252,0.12263,0.12266,0.12237,0.12261,-0.00040906,0,0,0,-0.00010000000000000286,-0.0008155941603458353
1772200800000,2026-02-27T14:00:00Z,0.12251,0.12307,0.12242,0.1229,760958.2,93489.28701,0.12252,0.12307,0.1225,0.12291,0.12261,0.12314,0.12257,0.12304,0,-0.00035514,-0.00054453,-0.00054453,-0.00014000000000000123,-0.0011378413524057319
1772201100000,2026-02-27T14:05:00Z,0.1229,0.12301,0.12258,0.12265,890785.9,109336.981492,0.12291,0.12301,0.12268,0.12269,0.12304,0.12309,0.1228,0.12282,-0.00054453,-0.00007971,-0.00081503,-0.00007971,-0.00017000000000000348,-0.0013841393909786964
1772201400000,2026-02-27T14:10:00Z,0.12265,0.12272,0.12246,0.12253,615018.3,75381.887272,0.12269,0.12272,0.12249,0.12253,0.12282,0.12283,0.12262,0.12265,-0.00007971,0,-0.0007007,-0.0007007,-0.00011999999999999511,-0.0009783938035058714
1772201700000,2026-02-27T14:15:00Z,0.12253,0.12254,0.12151,0.12159,1013154.1,123593.781412,0.12253,0.12255,0.12161,0.12166,0.12265,0.12268,0.12173,0.12178,-0.0007007,-0.00041569,-0.00083516,-0.00041569,-0.00018999999999999573,-0.0015601905074724563
1772202000000,2026-02-27T14:20:00Z,0.12159,0.12182,0.12137,0.12153,495768,60270.157123,0.12166,0.12182,0.12143,0.12153,0.12178,0.12187,0.12152,0.12158,-0.00041569,-0.00065583,-0.00092398,-0.00092398,-4.999999999999449e-05,-0.00041125185063328257
1772202300000,2026-02-27T14:25:00Z,0.12153,0.12171,0.12146,0.12154,336278.3,40888.549347,0.12153,0.12171,0.12152,0.12157,0.12158,0.12174,0.12158,0.12163,-0.00092398,0,0,0,-9.000000000000674e-05,-0.0007399490257338382
1772202600000,2026-02-27T14:30:00Z,0.12154,0.12184,0.12089,0.12175,2318419.7,281250.332981,0.12157,0.12184,0.12103,0.12176,0.12163,0.1219,0.12113,0.12182,0,-0.00013771,-0.00121016,-0.00121016,-7.000000000000062e-05,-0.0005746182892792695
1772202900000,2026-02-27T14:35:00Z,0.12175,0.12257,0.12147,0.12244,1707387.8,208353.113274,0.12176,0.12252,0.12154,0.12249,0.12182,0.12258,0.12164,0.12258,-0.00121016,0,-0.00093201,0,-0.00014000000000000123,-0.0011421112742698747
1772203200000,2026-02-27T14:40:00Z,0.12244,0.12244,0.1216,0.12197,898474.4,109511.91812,0.12249,0.12249,0.12166,0.12205,0.12258,0.12258,0.12178,0.12216,0,-0.00077725,-0.00078417,-0.00078417,-0.0001900000000000096,-0.0015553372626064964
1772203500000,2026-02-27T14:45:00Z,0.12197,0.12238,0.12162,0.12207,1744102.8,212653.819244,0.12205,0.12236,0.12166,0.12211,0.12216,0.12241,0.12179,0.12222,-0.00078417,0,-0.00055973,0,-0.00014999999999999736,-0.00122729504172801
1772203800000,2026-02-27T14:50:00Z,0.12207,0.12207,0.12132,0.12173,1310288.7,159340.423688,0.12211,0.12211,0.12143,0.12177,0.12222,0.12222,0.1216,0.12181,0,-0.00076002,-0.00090539,-0.00090539,-7.999999999999674e-05,-0.0006567605286921988
1772204100000,2026-02-27T14:55:00Z,0.12173,0.12175,0.12133,0.1214,500411.7,60792.26121,0.12177,0.12177,0.12135,0.12141,0.12181,0.12188,0.12149,0.12157,-0.00090539,-0.00067873,-0.00107018,-0.00067873,-0.00017000000000000348,-0.0013983713087110594
1772204400000,2026-02-27T15:00:00Z,0.1214,0.12246,0.12127,0.12191,1583110.9,193059.667983,0.12141,0.12239,0.12133,0.12191,0.12157,0.12249,0.12147,0.12202,-0.00067873,-0.00088984,-0.00159759,-0.00088984,-0.00010999999999999899,-0.0009014915587608506
1772204700000,2026-02-27T15:05:00Z,0.12191,0.12269,0.12177,0.12227,1041109.9,127335.540907,0.12191,0.12268,0.12182,0.12229,0.12202,0.12281,0.12197,0.12239,-0.00088984,0,-0.00093788,0,-0.00011999999999999511,-0.0009804722608055814
1772205000000,2026-02-27T15:10:00Z,0.12227,0.12256,0.12179,0.12185,549817.1,67160.203905,0.12229,0.12256,0.12183,0.12186,0.12239,0.12263,0.122,0.122,0,-0.00037572,-0.00105724,-0.00105724,-0.00014999999999999736,-0.00122950819672129
1772205300000,2026-02-27T15:15:00Z,0.12185,0.12241,0.12134,0.1218,929411.1,113267.852187,0.12186,0.12241,0.12139,0.12186,0.122,0.12242,0.12156,0.122,-0.00105724,-0.00046982,-0.0006904,-0.00046982,-0.00019999999999999185,-0.0016393442622950152
1772205600000,2026-02-27T15:20:00Z,0.1218,0.12216,0.12164,0.122,857764.9,104556.221435,0.12186,0.12215,0.12165,0.12205,0.122,0.12222,0.12181,0.12217,-0.00046982,-0.00028923,-0.00125656,-0.00028923,-0.00017000000000000348,-0.0013915036424654455
1772205900000,2026-02-27T15:25:00Z,0.122,0.12208,0.12163,0.12174,699556.6,85289.873855,0.12205,0.12208,0.12165,0.12174,0.12217,0.12219,0.1218,0.1218,-0.00028923,-0.00093493,-0.00135243,-0.00135243,-6.0000000000004494e-05,-0.0004926108374384605
1772206200000,2026-02-27T15:30:00Z,0.12174,0.12174,0.12118,0.12126,362172,43963.66474,0.12174,0.12174,0.1212,0.12132,0.1218,0.12183,0.12135,0.12145,-0.00135243,-0.00083828,-0.00131623,-0.00083828,-0.00018999999999999573,-0.0015644298065046992
1772206500000,2026-02-27T15:35:00Z,0.12126,0.12219,0.12085,0.12177,2189996.3,266250.082417,0.12132,0.12218,0.12095,0.12177,0.12145,0.12232,0.12111,0.12189,-0.00083828,-0.00074133,-0.00075377,-0.00074133,-0.00011999999999999511,-0.0009844942160964403
1772206800000,2026-02-27T15:40:00Z,0.12177,0.12184,0.12111,0.12122,1008408.1,122577.224849,0.12177,0.12183,0.12123,0.12126,0.12189,0.12192,0.12137,0.12143,-0.00074133,-0.00097645,-0.00172917,-0.00172917,-0.00021000000000000185,-0.0017293914189244987
1772207100000,2026-02-27T15:45:00Z,0.12122,0.12158,0.12118,0.12132,929226.5,112795.367239,0.12126,0.12158,0.12122,0.12134,0.12143,0.12168,0.12137,0.1215,-0.00172917,-0.00066617,-0.0010303,-0.0010303,-0.0001799999999999996,-0.0014814814814814784
1772207400000,2026-02-27T15:50:00Z,0.12132,0.12191,0.12128,0.12153,687964.7,83591.400789,0.12134,0.1219,0.12132,0.12155,0.1215,0.12197,0.12142,0.1217,-0.0010303,0,-0.00105085,-0.00105085,-0.00017000000000000348,-0.0013968775677896752
1772207700000,2026-02-27T15:55:00Z,0.12153,0.12161,0.12131,0.12142,217113.4,26374.122753,0.12155,0.12161,0.12135,0.12142,0.1217,0.12173,0.12151,0.12154,-0.00105085,-0.00094535,-0.00101973,-0.00094535,-0.00011999999999999511,-0.0009873292743129431
1772208000000,2026-02-27T16:00:00Z,0.12142,0.12146,0.121,0.12103,476230,57708.706184,0.12142,0.12146,0.12105,0.12105,0.12154,0.12154,0.12123,0.12123,-0.00094535,-0.00029154,-0.00078151,-0.00078151,-0.00020000000000000573,-0.0016497566608925656
1772208300000,2026-02-27T16:05:00Z,0.12103,0.12104,0.12021,0.12093,2166217,261141.022311,0.12105,0.12105,0.12025,0.12093,0.12123,0.12123,0.12043,0.12102,-0.00078151,-0.00010513,-0.00057828,-0.00057828,-9.000000000000674e-05,-0.0007436787307883552
1772208600000,2026-02-27T16:10:00Z,0.12093,0.12132,0.12079,0.12112,568284.1,68784.93723,0.12093,0.12132,0.12084,0.12116,0.12102,0.12138,0.12091,0.12127,-0.00057828,-0.0000185,-0.0009409,-0.0000185,-0.00014999999999999736,-0.0012369093757730466
1772208900000,2026-02-27T16:15:00Z,0.12112,0.12157,0.12099,0.12114,494180.3,59896.005944,0.12116,0.12153,0.12105,0.12116,0.12127,0.12155,0.12119,0.12128,-0.0000185,-0.00017655,-0.00017735,-0.00017655,-0.00014000000000000123,-0.0011543535620052872
1772209200000,2026-02-27T16:20:00Z,0.12114,0.12159,0.12099,0.12154,492749,59728.886034,0.12116,0.12156,0.12106,0.12154,0.12128,0.12162,0.12123,0.12157,-0.00017655,-0.00092787,-0.0012796,-0.00092787,-3.0000000000002247e-05,-0.0002467714074196121
1772209500000,2026-02-27T16:25:00Z,0.12154,0.12164,0.12107,0.12107,362119.2,43989.584711,0.12154,0.12162,0.12107,0.12107,0.12157,0.12168,0.12124,0.12124,-0.00092787,-0.00059708,-0.00096036,-0.00096036,-0.00017000000000000348,-0.0014021774991752184
1772209800000,2026-02-27T16:30:00Z,0.12107,0.12133,0.1207,0.12121,423585.2,51259.350849,0.12107,0.12128,0.12071,0.12125,0.12124,0.1213,0.12083,0.12128,-0.00096036,0,0,0,-7.000000000000062e-05,-0.0005771767810026436
1772210100000,2026-02-27T16:35:00Z,0.12121,0.12121,0.12078,0.12089,251798.2,30449.802114,0.12125,0.12125,0.12086,0.12094,0.12128,0.12128,0.121,0.12103,0,0,-0.00017641,-0.00017641,-0.00014000000000000123,-0.0011567379988432721
1772210400000,2026-02-27T16:40:00Z,0.12089,0.12092,0.12043,0.12064,1191130.1,143652.839535,0.12094,0.12094,0.1205,0.12064,0.12103,0.12104,0.1206,0.12077,-0.00017641,-0.00051101,-0.00061753,-0.00051101,-0.0001300000000000051,-0.0010764262648009035
1772210700000,2026-02-27T16:45:00Z,0.12064,0.1208,0.11987,0.12002,1841287.2,221361.098831,0.12064,0.12076,0.1199,0.12002,0.12077,0.12086,0.12001,0.12004,-0.00051101,0,-0.0006171,-0.0006171,-1.9999999999992246e-05,-0.00016661112962339426
1772211000000,2026-02-27T16:50:00Z,0.12002,0.12017,0.11923,0.11994,1545130.1,184923.590822,0.12002,0.12015,0.11965,0.11991,0.12004,0.12021,0.11964,0.12,-0.0006171,0,-0.00022915,-0.00022915,-5.9999999999990616e-05,-0.0004999999999999218
1772211300000,2026-02-27T16:55:00Z,0.11994,0.12009,0.1197,0.11982,695662.2,83380.45661,0.11991,0.12008,0.11975,0.11988,0.12,0.1201,0.11985,0.11997,-0.00022915,-0.00010342,-0.00056362,-0.00056362,-0.00014999999999999736,-0.0012503125781445142
1772211600000,2026-02-27T17:00:00Z,0.11982,0.12009,0.11969,0.11998,675026.1,80951.366729,0.11988,0.12009,0.11982,0.11999,0.11997,0.12016,0.11992,0.12009,-0.00056362,-0.00019625,-0.00069795,-0.00069795,-0.00010999999999999899,-0.0009159796819052293
1772211900000,2026-02-27T17:05:00Z,0.11998,0.12029,0.11982,0.12021,757243.8,90917.386357,0.11999,0.12029,0.11988,0.12021,0.12009,0.1204,0.12,0.12028,-0.00069795,-0.00066065,-0.00083678,-0.00066065,-7.000000000000062e-05,-0.0005819753907549104
1772212200000,2026-02-27T17:10:00Z,0.12021,0.12021,0.11954,0.11964,552906.2,66216.015104,0.12021,0.12021,0.11959,0.11961,0.12028,0.12028,0.11972,0.11973,-0.00066065,-0.00044689,-0.00086601,-0.00044689,-9.000000000000674e-05,-0.00075169130543729
1772212500000,2026-02-27T17:15:00Z,0.11964,0.1199,0.1193,0.11941,728197.9,87061.987557,0.11961,0.1199,0.11934,0.11947,0.11973,0.12,0.11949,0.11961,-0.00044689,-0.00034485,-0.00079105,-0.00034485,-0.00019999999999999185,-0.0016721009949000238
1772212800000,2026-02-27T17:20:00Z,0.11941,0.11963,0.11926,0.11947,399618.7,47732.588686,0.11947,0.11962,0.11933,0.11947,0.11961,0.11969,0.11946,0.11961,-0.00034485,-0.00051367,-0.00095701,-0.00051367,-0.00013999999999998736,-0.0011704706964299587
1772213100000,2026-02-27T17:25:00Z,0.11947,0.11954,0.1192,0.11933,427741.3,51070.203326,0.11947,0.11954,0.11929,0.11936,0.11961,0.11964,0.11938,0.11948,-0.00051367,-0.00017732,-0.00050962,-0.00050962,-0.00014999999999999736,-0.001255440241044504
1772213400000,2026-02-27T17:30:00Z,0.11933,0.12009,0.11907,0.11984,1132687.7,135322.388376,0.11936,0.12012,0.11912,0.11991,0.11948,0.12017,0.11925,0.12,-0.00050962,0,0,0,-0.00015999999999999348,-0.001333333333333279
1772213700000,2026-02-27T17:35:00Z,0.11984,0.12087,0.11983,0.12071,660167.5,79492.749941,0.11991,0.12084,0.11989,0.12072,0.12,0.12091,0.12,0.12083,0,0,-0.00071258,-0.00071258,-0.00012000000000000899,-0.0009931308449889016
1772214000000,2026-02-27T17:40:00Z,0.12071,0.12102,0.12055,0.12074,588858.2,71097.837231,0.12072,0.12102,0.12058,0.12074,0.12083,0.12112,0.12071,0.12086,-0.00071258,-0.00044344,-0.00050624,-0.00044344,-0.00011999999999999511,-0.000992884328975634
1772214300000,2026-02-27T17:45:00Z,0.12074,0.12097,0.12051,0.1208,389753.9,47081.746426,0.12074,0.12097,0.12058,0.1208,0.12086,0.12104,0.12072,0.12092,-0.00044344,-0.00093729,-0.00111968,-0.00111968,-0.00011999999999999511,-0.0009923916639099828
1772214600000,2026-02-27T17:50:00Z,0.1208,0.12156,0.12074,0.12116,644698.3,78156.780261,0.1208,0.12155,0.12077,0.1212,0.12092,0.12157,0.12092,0.12127,-0.00111968,0,-0.00060294,-0.00060294,-0.00010999999999999899,-0.0009070668755669085
1772214900000,2026-02-27T17:55:00Z,0.12116,0.12187,0.12097,0.12169,931864.3,113156.640506,0.1212,0.12181,0.121,0.12169,0.12127,0.12191,0.12111,0.12183,-0.00060294,0,-0.00105988,0,-0.00013999999999998736,-0.0011491422473938059
1772215200000,2026-02-27T18:00:00Z,0.12169,0.12186,0.1214,0.12177,774066.7,94179.255358,0.12169,0.12186,0.12144,0.12178,0.12183,0.12193,0.12157,0.12191,0,-0.0001563,-0.00032493,-0.0001563,-0.00014000000000000123,-0.0011483881551964665
1772215500000,2026-02-27T18:05:00Z,0.12177,0.12209,0.12161,0.12164,452150.2,55105.906148,0.12178,0.12207,0.1217,0.12176,0.12191,0.12213,0.12181,0.12186,-0.0001563,0,-0.00001647,-0.00001647,-0.00021999999999999797,-0.0018053504021007549
1772215800000,2026-02-27T18:10:00Z,0.12164,0.12173,0.12131,0.12144,680878.1,82733.405767,0.12176,0.12176,0.12136,0.12146,0.12186,0.12186,0.12145,0.12158,-0.00001647,-0.00030343,-0.00045947,-0.00030343,-0.00013999999999998736,-0.001151505181773214
1772216100000,2026-02-27T18:15:00Z,0.12144,0.12187,0.12126,0.12162,423164.1,51481.447576,0.12146,0.12187,0.12134,0.12162,0.12158,0.12197,0.12145,0.12173,-0.00030343,-0.00063242,-0.00071822,-0.00063242,-0.00010999999999999899,-0.0009036392015115336
1772216400000,2026-02-27T18:20:00Z,0.12162,0.12162,0.12074,0.12083,524258.7,63512.652836,0.12162,0.12162,0.12077,0.12083,0.12173,0.12173,0.12088,0.12096,-0.00063242,0,-0.00077882,-0.00077882,-0.00012999999999999123,-0.0010747354497353773
1772216700000,2026-02-27T18:25:00Z,0.12083,0.12127,0.1207,0.12112,250784,30340.278417,0.12083,0.12125,0.12072,0.1212,0.12096,0.12128,0.12087,0.12128,-0.00077882,0,-0.00026479,0,-0.00015999999999999348,-0.0013192612137202628
1772217000000,2026-02-27T18:30:00Z,0.12112,0.1217,0.12105,0.12156,670025.1,81374.07659,0.1212,0.12169,0.12114,0.12169,0.12128,0.12173,0.12122,0.12166,0,0,0,0,-0.00010000000000000286,-0.0008219628472793265
1772217300000,2026-02-27T18:35:00Z,0.12156,0.12172,0.12123,0.12132,322110.6,39144.600453,0.12169,0.12172,0.12129,0.12141,0.12166,0.12176,0.12138,0.12149,0,0,0,0,-0.00017000000000000348,-0.0013992921228084903
1772217600000,2026-02-27T18:40:00Z,0.12132,0.1215,0.12127,0.12134,222499.2,27007.048125,0.12141,0.12146,0.12132,0.12137,0.12149,0.12153,0.12141,0.12146,0,0,-0.00041025,-0.00041025,-0.00011999999999999511,-0.0009879795817552702
1772217900000,2026-02-27T18:45:00Z,0.12134,0.12145,0.12087,0.12093,200959.8,24351.446181,0.12137,0.12145,0.12088,0.12098,0.12146,0.12147,0.12103,0.12111,-0.00041025,-0.00038959,-0.00074247,-0.00038959,-0.0001799999999999996,-0.0014862521674510742
1772218200000,2026-02-27T18:50:00Z,0.12093,0.12093,0.1205,0.12051,389623.1,46989.739688,0.12098,0.12098,0.12051,0.12052,0.12111,0.12111,0.1206,0.12064,-0.00038959,-0.00049035,-0.00074048,-0.00074048,-0.00012999999999999123,-0.001077586206896479
1772218500000,2026-02-27T18:55:00Z,0.12051,0.12061,0.12039,0.12051,207664.9,25024.834369,0.12052,0.12062,0.12044,0.12053,0.12064,0.12073,0.12057,0.12071,-0.00074048,-0.00107323,-0.00129796,-0.00107323,-0.00019999999999999185,-0.00165686355728599
1772218800000,2026-02-27T19:00:00Z,0.12051,0.1206,0.12029,0.1203,153033.3,18428.355777,0.12053,0.1206,0.1203,0.12036,0.12071,0.12072,0.12042,0.12053,-0.00107323,0,-0.0003749,0,-0.0002299999999999941,-0.0019082386127934464
1772219100000,2026-02-27T19:05:00Z,0.1203,0.12038,0.11923,0.11929,1308901.2,156538.240049,0.12036,0.12038,0.11927,0.11927,0.12053,0.12053,0.11946,0.11946,0,-0.00085118,-0.00099791,-0.00099791,-0.00017000000000000348,-0.0014230704838439938
1772219400000,2026-02-27T19:10:00Z,0.11929,0.11939,0.11884,0.11901,1486561.9,177056.833404,0.11927,0.11938,0.11891,0.11901,0.11946,0.11955,0.11898,0.11913,-0.00099791,-0.00057342,-0.00107007,-0.00107007,-0.00011999999999999511,-0.001007302946361077
1772219700000,2026-02-27T19:15:00Z,0.11901,0.11924,0.11883,0.11896,496632.4,59105.12986,0.11901,0.11923,0.11886,0.11896,0.11913,0.1193,0.11895,0.11903,-0.00107007,-0.00065576,-0.00113526,-0.00113526,-7.000000000000062e-05,-0.0005880870368814636
1772220000000,2026-02-27T19:20:00Z,0.11896,0.11924,0.11892,0.11918,484277.4,57688.465115,0.11896,0.11923,0.11893,0.11918,0.11903,0.11934,0.11903,0.11932,-0.00113526,-0.00110056,-0.00116159,-0.00116159,-0.00014000000000000123,-0.0011733154542407076
1772220300000,2026-02-27T19:25:00Z,0.11918,0.11956,0.11912,0.11926,461659.9,55110.631365,0.11918,0.11956,0.11912,0.11931,0.11932,0.11958,0.11928,0.11941,-0.00116159,0,0,0,-0.00014999999999999736,-0.0012561761996482486
1772220600000,2026-02-27T19:30:00Z,0.11926,0.11929,0.11886,0.11886,467085.8,55632.402919,0.11931,0.11931,0.11886,0.11887,0.11941,0.11941,0.11895,0.119,0,-0.00023912,-0.0006471,-0.0006471,-0.00014000000000000123,-0.0011764705882353046
1772220900000,2026-02-27T19:35:00Z,0.11886,0.11898,0.11839,0.11847,905856,107461.296875,0.11887,0.11898,0.11847,0.11847,0.119,0.11901,0.11857,0.11859,-0.0006471,-0.00051684,-0.00087923,-0.00051684,-0.00011999999999999511,-0.0010118897040222203
1772221200000,2026-02-27T19:40:00Z,0.11847,0.11889,0.11802,0.11823,1094831.7,129663.085403,0.11847,0.11889,0.11812,0.11823,0.11859,0.11894,0.11829,0.11835,-0.00051684,-0.00103914,-0.00149486,-0.00149486,-0.00011999999999999511,-0.0010139416983523035
1772221500000,2026-02-27T19:45:00Z,0.11823,0.11868,0.11823,0.11845,406553.6,48144.948113,0.11823,0.11868,0.11823,0.1185,0.11835,0.11877,0.11835,0.11862,-0.00149486,-0.00027119,-0.00092077,-0.00027119,-0.00017000000000000348,-0.0014331478671387918
1772221800000,2026-02-27T19:50:00Z,0.11845,0.1191,0.11843,0.11903,767711.7,91186.465971,0.1185,0.11908,0.11844,0.11903,0.11862,0.11915,0.11857,0.11911,-0.00027119,0,-0.00059546,0,-7.999999999999674e-05,-0.0006716480564184094
1772222100000,2026-02-27T19:55:00Z,0.11903,0.11911,0.11886,0.11905,210972,25103.884579,0.11903,0.11913,0.11887,0.11905,0.11911,0.11921,0.11897,0.11911,0,0,-0.00081625,-0.00081625,-5.9999999999990616e-05,-0.0005037360423137488
1772222400000,2026-02-27T20:00:00Z,0.11905,0.11967,0.11889,0.11943,398871.6,47575.692651,0.11905,0.11964,0.11899,0.11946,0.11911,0.11972,0.11904,0.11962,-0.00081625,-0.00085561,-0.00132324,-0.00085561,-0.0001900000000000096,-0.001588363149975001
1772222700000,2026-02-27T20:05:00Z,0.11943,0.11961,0.11928,0.11942,506530.3,60499.81132,0.11946,0.11961,0.11933,0.11945,0.11962,0.11972,0.11948,0.11961,-0.00085561,-0.00042699,-0.00077116,-0.00077116,-0.00018999999999999573,-0.0015884959451550518
1772223000000,2026-02-27T20:10:00Z,0.11942,0.11974,0.11937,0.11964,519060.7,62099.842,0.11945,0.11972,0.11944,0.11964,0.11961,0.11981,0.11961,0.11974,-0.00077116,-0.00034844,-0.00060971,-0.00060971,-0.00010000000000000286,-0.0008351428094204348
1772223300000,2026-02-27T20:15:00Z,0.11964,0.11967,0.11953,0.11962,197663.5,23639.041322,0.11964,0.11967,0.11955,0.11962,0.11974,0.11974,0.11961,0.11972,-0.00060971,-0.00011194,-0.00015238,-0.00011194,-9.999999999998899e-05,-0.0008352823254259021
1772223600000,2026-02-27T20:20:00Z,0.11962,0.11975,0.11942,0.11965,298179.1,35640.952673,0.11962,0.11975,0.11944,0.11969,0.11972,0.11983,0.11957,0.1198,-0.00011194,-0.00015364,-0.00074918,-0.00074918,-0.00014999999999999736,-0.0012520868113522316
1772223900000,2026-02-27T20:25:00Z,0.11965,0.11966,0.11931,0.11934,170532,20377.818291,0.11969,0.11969,0.11935,0.11935,0.1198,0.1198,0.11953,0.11953,-0.00074918,-0.00047526,-0.00107664,-0.00107664,-0.00018999999999999573,-0.0015895591065004245
1772224200000,2026-02-27T20:30:00Z,0.11934,0.11943,0.11904,0.11924,279301.5,33300.892703,0.11935,0.11943,0.11906,0.11926,0.11953,0.11957,0.11924,0.11943,-0.00107664,-0.00081301,-0.00111845,-0.00111845,-0.00018999999999999573,-0.001590890061123635
1772224500000,2026-02-27T20:35:00Z,0.11924,0.11924,0.11893,0.11893,114602.7,13646.379809,0.11926,0.11926,0.11893,0.11893,0.11943,0.11943,0.11911,0.11911,-0.00111845,-0.00075383,-0.00086755,-0.00086755,-0.0001799999999999996,-0.0015112081269414795
1772224800000,2026-02-27T20:40:00Z,0.11893,0.11923,0.11893,0.11913,150412.5,17918.063986,0.11893,0.11923,0.11893,0.11913,0.11911,0.11934,0.11911,0.11931,-0.00086755,-0.00025712,-0.00111873,-0.00025712,-0.0001799999999999996,-0.0015086748805632354
1772225100000,2026-02-27T20:45:00Z,0.11913,0.11923,0.119,0.11913,218066.5,25968.729248,0.11913,0.11923,0.11904,0.11912,0.11931,0.11933,0.11922,0.11923,-0.00025712,-0.00065752,-0.00099036,-0.00065752,-0.00010000000000000286,-0.0008387150884844658
1772225400000,2026-02-27T20:50:00Z,0.11913,0.11926,0.11904,0.11926,309623.3,36894.597483,0.11912,0.11926,0.11906,0.11926,0.11923,0.11937,0.11923,0.11935,-0.00065752,-0.00001417,-0.00034331,-0.00001417,-8.999999999999286e-05,-0.0007540846250523072
1772225700000,2026-02-27T20:55:00Z,0.11926,0.11932,0.11887,0.11904,237033.5,28208.703799,0.11926,0.11932,0.11887,0.11903,0.11935,0.11944,0.119,0.11908,-0.00001417,-0.00056225,-0.0009206,-0.00056225,-3.999999999999837e-05,-0.00033590863285185056
1772226000000,2026-02-27T21:00:00Z,0.11904,0.11933,0.11884,0.11933,337216,40136.697239,0.11903,0.11928,0.1189,0.11928,0.11908,0.11933,0.11899,0.11933,-0.00056225,-0.00054369,-0.00077212,-0.00054369,0.0,0.0
1772226300000,2026-02-27T21:05:00Z,0.11933,0.11953,0.11905,0.11923,527949.1,63002.12617,0.11928,0.11944,0.11905,0.11923,0.11933,0.11947,0.11917,0.11933,-0.00054369,-0.00043947,-0.00047455,-0.00047455,-0.00010000000000000286,-0.0008380122349786547
1772226600000,2026-02-27T21:10:00Z,0.11923,0.11931,0.11886,0.11896,144669.2,17219.874159,0.11923,0.1193,0.11887,0.11898,0.11933,0.11935,0.119,0.1191,-0.00047455,-0.00017835,-0.00052997,-0.00052997,-0.00014000000000000123,-0.001175482787573478
1772226900000,2026-02-27T21:15:00Z,0.11896,0.11907,0.11884,0.11892,239562.5,28489.127212,0.11898,0.11907,0.11889,0.11894,0.1191,0.11911,0.11899,0.11906,-0.00052997,-0.0001419,-0.00016983,-0.00016983,-0.00014000000000000123,-0.0011758777087183037
1772227200000,2026-02-27T21:20:00Z,0.11892,0.11906,0.11857,0.11863,359578.7,42711.954412,0.11894,0.11906,0.11861,0.11864,0.11906,0.1191,0.11873,0.11875,-0.00016983,0,-0.00058884,0,-0.00011999999999999511,-0.0010105263157894325
1772227500000,2026-02-27T21:25:00Z,0.11863,0.11867,0.1185,0.11861,266520.8,31611.479806,0.11864,0.11867,0.11857,0.11861,0.11875,0.11877,0.11868,0.11872,0,-0.00030067,-0.00052047,-0.00030067,-0.00011000000000001287,-0.0009265498652292188
1772227800000,2026-02-27T21:30:00Z,0.11861,0.11861,0.11781,0.11823,1085301.4,128124.286726,0.11861,0.11861,0.11803,0.11828,0.11872,0.11872,0.11815,0.11844,-0.00030067,-0.00019179,-0.0013926,-0.00019179,-0.00021000000000000185,-0.0017730496453900865
1772228100000,2026-02-27T21:35:00Z,0.11823,0.11823,0.1179,0.11799,262691.8,31009.653096,0.11828,0.11828,0.11796,0.11799,0.11844,0.11844,0.11815,0.11815,-0.00019179,-0.00093664,-0.00107703,-0.00093664,-0.00016000000000000736,-0.0013542107490478828
1772228400000,2026-02-27T21:40:00Z,0.11799,0.11804,0.11769,0.11795,298993.9,35231.165765,0.11799,0.11804,0.11773,0.11797,0.11815,0.11819,0.11787,0.11807,-0.00093664,0,-0.0004952,0,-0.00011999999999999511,-0.001016346235284112
1772228700000,2026-02-27T21:45:00Z,0.11795,0.11806,0.1178,0.11792,330716.8,39009.214189,0.11797,0.11806,0.11788,0.11791,0.11807,0.11815,0.11798,0.118,0,0,0,0,-7.999999999999674e-05,-0.0006779661016948877
1772229000000,2026-02-27T21:50:00Z,0.11792,0.11818,0.11758,0.11771,559317.3,65963.071065,0.11791,0.11814,0.11762,0.11771,0.118,0.11824,0.11776,0.11783,0,-0.0010282,-0.00111039,-0.0010282,-0.00012000000000000899,-0.0010184163625563012
1772229300000,2026-02-27T21:55:00Z,0.11771,0.11817,0.1176,0.11813,451743.6,53267.102981,0.11771,0.11817,0.11761,0.11813,0.11783,0.11822,0.11779,0.1182,-0.0010282,-0.00010502,-0.00046138,-0.00010502,-7.000000000000062e-05,-0.000592216582064303
1772229600000,2026-02-27T22:00:00Z,0.11813,0.11846,0.11805,0.11805,551308.9,65200.854016,0.11813,0.11845,0.11813,0.11813,0.1182,0.11846,0.1182,0.1182,-0.00010502,0,-0.00038908,-0.00038908,-0.00014999999999999736,-0.0012690355329949014
1772229900000,2026-02-27T22:05:00Z,0.11805,0.11805,0.11771,0.11788,501926.3,59170.094084,0.11813,0.11813,0.11777,0.11788,0.1182,0.1182,0.11788,0.11796,-0.00038908,-0.00037638,-0.00040402,-0.00037638,-7.999999999999674e-05,-0.0006781959986435804
1772230200000,2026-02-27T22:10:00Z,0.11788,0.11814,0.11778,0.118,332527.6,39229.189133,0.11788,0.11814,0.11782,0.118,0.11796,0.11819,0.11791,0.11804,-0.00037638,0,-0.0000892,0,-4.000000000001225e-05,-0.00033886818027797563
1772230500000,2026-02-27T22:15:00Z,0.118,0.11817,0.11793,0.11801,206893.1,24421.233145,0.118,0.1182,0.118,0.11801,0.11804,0.11824,0.11804,0.11809,0,0,-0.00011379,-0.00011379,-7.999999999999674e-05,-0.000677449402997686
1772230800000,2026-02-27T22:20:00Z,0.11801,0.11806,0.11716,0.11759,681002.3,80004.384971,0.11801,0.11805,0.11722,0.11759,0.11809,0.11811,0.11733,0.11766,-0.00011379,0,0,0,-7.000000000000062e-05,-0.0005949345571987134
1772231100000,2026-02-27T22:25:00Z,0.11759,0.1177,0.11732,0.11732,209457.6,24618.02184,0.11759,0.1177,0.11742,0.11742,0.11766,0.11777,0.11752,0.11752,0,0,-0.00015789,-0.00015789,-0.00020000000000000573,-0.0017018379850238744
1772231400000,2026-02-27T22:30:00Z,0.11732,0.11732,0.11572,0.11581,2769814.3,322748.366269,0.11742,0.11742,0.11577,0.1158,0.11752,0.11752,0.11591,0.11591,-0.00015789,0,-0.00023444,0,-0.00010000000000000286,-0.0008627383314640917
1772231700000,2026-02-27T22:35:00Z,0.11581,0.11734,0.11581,0.11708,1016122.9,118407.633414,0.1158,0.11735,0.1158,0.11726,0.11591,0.11748,0.11589,0.11731,0,0,-0.00037565,0,-0.0002299999999999941,-0.001960617168186805
1772232000000,2026-02-27T22:40:00Z,0.11708,0.11779,0.11702,0.11774,478970.7,56224.517173,0.11726,0.11779,0.11706,0.11774,0.11731,0.11784,0.1172,0.11783,0,0,0,0,-9.000000000000674e-05,-0.000763812271917226
1772232300000,2026-02-27T22:45:00Z,0.11774,0.11794,0.11765,0.11786,419818.4,49472.827282,0.11774,0.11794,0.1177,0.11787,0.11783,0.11805,0.11783,0.11802,0,-0.00049093,-0.00090121,-0.00090121,-0.00015999999999999348,-0.0013557024233180265
1772232600000,2026-02-27T22:50:00Z,0.11786,0.11825,0.11778,0.11807,371361.2,43818.522896,0.11787,0.11825,0.11781,0.11817,0.11802,0.1183,0.11795,0.11828,-0.00090121,0,0,0,-0.00021000000000000185,-0.001775448089279691
1772232900000,2026-02-27T22:55:00Z,0.11807,0.11826,0.11792,0.11824,120505.7,14227.61208,0.11817,0.11828,0.11795,0.11824,0.11828,0.11837,0.11809,0.11834,0,0,-0.00041334,-0.00041334,-0.00010000000000000286,-0.0008450228156160458
1772233200000,2026-02-27T23:00:00Z,0.11824,0.11876,0.1182,0.1187,378148.7,44835.460008,0.11824,0.11876,0.11824,0.1187,0.11834,0.11884,0.11834,0.11884,-0.00041334,-0.00035693,-0.00044583,-0.00044583,-0.00014000000000000123,-0.0011780545270952646
1772233500000,2026-02-27T23:05:00Z,0.1187,0.11921,0.1187,0.11911,507810.9,60415.012994,0.1187,0.11921,0.1187,0.1191,0.11884,0.11929,0.11882,0.11922,-0.00044583,0,-0.00043715,0,-0.00011000000000001287,-0.0009226639825533707
1772233800000,2026-02-27T23:10:00Z,0.11911,0.1192,0.11874,0.1189,702507.2,83544.27655,0.1191,0.1192,0.11874,0.11891,0.11922,0.11927,0.11883,0.119,0,-0.00019259,-0.00044759,-0.00019259,-9.999999999998899e-05,-0.000840336134453689
1772234100000,2026-02-27T23:15:00Z,0.1189,0.11939,0.11882,0.11917,824799.1,98204.902255,0.11891,0.11937,0.11887,0.11928,0.119,0.11944,0.11895,0.11932,-0.00019259,0,-0.00002722,0,-0.00014999999999999736,-0.0012571237009721536
1772234400000,2026-02-27T23:20:00Z,0.11917,0.11941,0.11914,0.1193,410491.2,48974.261964,0.11928,0.11939,0.11921,0.11933,0.11932,0.11944,0.11929,0.11939,0,0,0,0,-8.999999999999286e-05,-0.0007538319792276813
1772234700000,2026-02-27T23:25:00Z,0.1193,0.1196,0.11928,0.11959,314211.1,37533.045544,0.11933,0.11964,0.11931,0.11963,0.11939,0.11971,0.11939,0.11971,0,0,0,0,-0.00011999999999999511,-0.0010024225210925998
1772235000000,2026-02-27T23:30:00Z,0.11959,0.11959,0.11939,0.11951,361012.6,43141.1356,0.11963,0.11963,0.11941,0.11952,0.11971,0.11972,0.11959,0.11967,0,-0.00049235,-0.00124006,-0.00049235,-0.00015999999999999348,-0.001337010111138911
1772235300000,2026-02-27T23:35:00Z,0.11951,0.11959,0.11939,0.11958,296257,35405.332992,0.11952,0.11959,0.11943,0.11959,0.11967,0.11974,0.1196,0.11974,-0.00049235,-0.00054527,-0.00095228,-0.00095228,-0.00015999999999999348,-0.001336228495072603
1772235600000,2026-02-27T23:40:00Z,0.11958,0.11971,0.11949,0.11959,313670.2,37512.547256,0.11959,0.11971,0.11955,0.11958,0.11974,0.1198,0.11969,0.11972,-0.00095228,-0.00042673,-0.00050914,-0.00042673,-0.00012999999999999123,-0.001085867023053719
1772235900000,2026-02-27T23:45:00Z,0.11959,0.11973,0.11948,0.1196,203954.6,24391.865954,0.11958,0.11973,0.11953,0.11962,0.11972,0.11989,0.1197,0.11979,-0.00042673,-0.00012979,-0.00100242,-0.00012979,-0.00018999999999999573,-0.0015861090241255174
1772236200000,2026-02-27T23:50:00Z,0.1196,0.1198,0.11954,0.11965,156133.4,18687.706182,0.11962,0.1198,0.11957,0.11965,0.11979,0.11991,0.11972,0.11978,-0.00012979,-0.00072978,-0.00088874,-0.00072978,-0.00012999999999999123,-0.0010853230923358762
1772236500000,2026-02-27T23:55:00Z,0.11965,0.11978,0.11959,0.11961,465017.8,55663.026466,0.11965,0.11978,0.11965,0.11967,0.11978,0.11986,0.11976,0.11981,-0.00072978,-0.00058008,-0.0006621,-0.00058008,-0.00020000000000000573,-0.0016693097404223832
1772236800000,2026-02-28T00:00:00Z,0.11961,0.11964,0.11927,0.11938,619651.3,74015.778503,0.11967,0.11967,0.11927,0.11946,0.11981,0.11981,0.11943,0.11959,-0.00058008,-0.00068325,-0.0007793,-0.00068325,-0.00021000000000000185,-0.0017559996655238887
1772237100000,2026-02-28T00:05:00Z,0.11938,0.11961,0.11934,0.11959,323754.8,38677.914262,0.11946,0.11961,0.11936,0.1196,0.11959,0.11975,0.11955,0.11975,-0.00068325,-0.00051491,-0.0012635,-0.00051491,-0.00015999999999999348,-0.0013361169102295907
1772237400000,2026-02-28T00:10:00Z,0.11959,0.11989,0.11957,0.11989,492661.9,58984.320822,0.1196,0.11988,0.1196,0.11988,0.11975,0.11996,0.11975,0.11991,-0.00051491,-0.00012406,-0.00041691,-0.00012406,-2.0000000000006124e-05,-0.000166791760487083
1772237700000,2026-02-28T00:15:00Z,0.11989,0.12003,0.11935,0.11944,345390.7,41337.972892,0.11988,0.12001,0.11937,0.11944,0.11991,0.1201,0.11957,0.1196,-0.00012406,-0.00080402,-0.00181648,-0.00080402,-0.00015999999999999348,-0.0013377926421404137
1772238000000,2026-02-28T00:20:00Z,0.11944,0.11975,0.11944,0.11961,364289.2,43580.476195,0.11944,0.11974,0.11944,0.11966,0.1196,0.11985,0.1196,0.11981,-0.00080402,-0.00068892,-0.00083611,-0.00083611,-0.00020000000000000573,-0.0016693097404223832
1772238300000,2026-02-28T00:25:00Z,0.11961,0.11981,0.11929,0.11939,542260.6,64839.546016,0.11966,0.11981,0.11933,0.11939,0.11981,0.11991,0.1195,0.11952,-0.00083611,-0.00092092,-0.00118582,-0.00092092,-0.0001300000000000051,-0.0010876840696118233
1772238600000,2026-02-28T00:30:00Z,0.11939,0.11957,0.11895,0.11898,645960.7,77102.63475,0.11939,0.11957,0.11897,0.11898,0.11952,0.11971,0.11915,0.11915,-0.00092092,-0.00063374,-0.00222118,-0.00222118,-0.00017000000000000348,-0.0014267729752413217
1772238900000,2026-02-28T00:35:00Z,0.11898,0.11926,0.11897,0.11914,563734.1,67137.000685,0.11898,0.11926,0.11898,0.11915,0.11915,0.11937,0.11909,0.11929,-0.00222118,-0.00056547,-0.00071348,-0.00056547,-0.00014999999999999736,-0.0012574398524603685
1772239200000,2026-02-28T00:40:00Z,0.11914,0.11969,0.11913,0.11954,338647,40443.55561,0.11915,0.11969,0.11914,0.11966,0.11929,0.11973,0.11923,0.11972,-0.00056547,0,0,0,-0.0001799999999999996,-0.001503508185766786
1772239500000,2026-02-28T00:45:00Z,0.11954,0.11994,0.11953,0.11987,529385.7,63392.127697,0.11966,0.11994,0.11964,0.11987,0.11972,0.12005,0.11972,0.11999,0,-0.00004367,-0.00046655,-0.00046655,-0.00011999999999999511,-0.0010000833402783159
1772239800000,2026-02-28T00:50:00Z,0.11987,0.11994,0.11967,0.11981,350234.1,41974.503548,0.11987,0.11996,0.11971,0.11981,0.11999,0.12005,0.11984,0.11991,-0.00046655,-0.00042898,-0.00056874,-0.00056874,-0.00010000000000000286,-0.0008339588024351836
1772240100000,2026-02-28T00:55:00Z,0.11981,0.1202,0.1198,0.12014,581306.8,69778.666597,0.11981,0.1202,0.11981,0.12016,0.11991,0.12032,0.11991,0.1203,-0.00056874,-0.00065668,-0.00075617,-0.00075617,-0.00016000000000000736,-0.0013300083125520146
1772240400000,2026-02-28T01:00:00Z,0.12014,0.12029,0.11981,0.12002,442923.4,53173.223043,0.12016,0.12024,0.11982,0.12003,0.1203,0.12033,0.12,0.12011,-0.00075617,-0.00018346,-0.00106556,-0.00018346,-8.999999999999286e-05,-0.0007493131296311121
1772240700000,2026-02-28T01:05:00Z,0.12002,0.12015,0.11992,0.11994,305643,36681.656898,0.12003,0.12015,0.11992,0.11995,0.12011,0.12019,0.12004,0.12008,-0.00018346,-0.00042354,-0.00055837,-0.00042354,-0.00014000000000000123,-0.001165889407061969
1772241000000,2026-02-28T01:10:00Z,0.11994,0.12003,0.11979,0.11994,112864.3,13534.324621,0.11995,0.12004,0.11983,0.11994,0.12008,0.12015,0.11998,0.12005,-0.00042354,-0.00014005,-0.0007365,-0.00014005,-0.00010999999999999899,-0.00091628488129945
1772241300000,2026-02-28T01:15:00Z,0.11994,0.12007,0.11971,0.11981,301441.3,36142.512194,0.11994,0.12007,0.11975,0.11981,0.12005,0.12015,0.1199,0.1199,-0.00014005,-0.00066638,-0.00102506,-0.00102506,-9.000000000000674e-05,-0.0007506255212677793
1772241600000,2026-02-28T01:20:00Z,0.11981,0.11995,0.11974,0.11987,153770.5,18429.459975,0.11981,0.11995,0.11974,0.11989,0.1199,0.12005,0.11988,0.12,-0.00102506,-0.00005,-0.00044417,-0.00044417,-0.00012999999999999123,-0.0010833333333332604
1772241900000,2026-02-28T01:25:00Z,0.11987,0.11997,0.11949,0.11956,386545.1,46290.969007,0.11989,0.11997,0.11952,0.11956,0.12,0.12007,0.11967,0.1197,-0.00044417,-0.00073818,-0.00090074,-0.00073818,-0.00014000000000000123,-0.001169590643274864
1772242200000,2026-02-28T01:30:00Z,0.11956,0.11965,0.1192,0.11934,351177.1,41942.451688,0.11956,0.11965,0.11924,0.11934,0.1197,0.11979,0.11935,0.11949,-0.00073818,-0.0002322,-0.00045073,-0.00045073,-0.00014999999999999736,-0.0012553351744915672
1772242500000,2026-02-28T01:35:00Z,0.11934,0.11993,0.11934,0.11978,401085.2,48011.000675,0.11934,0.11993,0.11934,0.11978,0.11949,0.12002,0.11949,0.11983,-0.00045073,-0.00030991,-0.00075275,-0.00075275,-5.000000000000837e-05,-0.0004172577818577015
1772242800000,2026-02-28T01:40:00Z,0.11978,0.11986,0.11963,0.11968,161915.2,19387.086867,0.11978,0.11986,0.11964,0.11971,0.11983,0.11991,0.1198,0.11986,-0.00075275,-0.00051468,-0.00072838,-0.00051468,-0.0001799999999999996,-0.00150175204405139
1772243100000,2026-02-28T01:45:00Z,0.11968,0.11985,0.11953,0.11974,262942.7,31472.691308,0.11971,0.11985,0.11957,0.11977,0.11986,0.11996,0.11973,0.11991,-0.00051468,-0.00055601,-0.00086635,-0.00055601,-0.00017000000000000348,-0.0014177299641398005
1772243400000,2026-02-28T01:50:00Z,0.11974,0.11986,0.11971,0.11973,476167.7,57036.054623,0.11977,0.11986,0.11975,0.11975,0.11991,0.11998,0.11989,0.11989,-0.00055601,-0.00055215,-0.00076533,-0.00055215,-0.00015999999999999348,-0.00133455667695382
1772243700000,2026-02-28T01:55:00Z,0.11973,0.11976,0.1195,0.1195,133899.1,16021.159311,0.11975,0.11976,0.11958,0.11958,0.11989,0.11991,0.11972,0.11972,-0.00055215,-0.00072529,-0.00077435,-0.00077435,-0.00021999999999999797,-0.00183762111593717
1772244000000,2026-02-28T02:00:00Z,0.1195,0.1195,0.11929,0.11936,164338,19623.86713,0.11958,0.11958,0.11931,0.11935,0.11972,0.11972,0.11949,0.1195,-0.00077435,-0.00105505,-0.00116796,-0.00105505,-0.00014000000000000123,-0.001171548117154822
1772244300000,2026-02-28T02:05:00Z,0.11936,0.11956,0.11933,0.11956,189117.6,22592.006365,0.11935,0.11958,0.11935,0.11957,0.1195,0.11969,0.1195,0.11969,-0.00105505,-0.00002508,-0.00073584,-0.00002508,-0.0001300000000000051,-0.001086139192915073
1772244600000,2026-02-28T02:10:00Z,0.11956,0.11965,0.11951,0.11963,163395.3,19541.19542,0.11957,0.11967,0.11956,0.11963,0.11969,0.11978,0.11968,0.11973,-0.00002508,-0.00070215,-0.00076768,-0.00076768,-0.00010000000000000286,-0.0008352125615969504
1772244900000,2026-02-28T02:15:00Z,0.11963,0.12019,0.11957,0.12011,875328.5,104903.058798,0.11963,0.12018,0.11957,0.12013,0.11973,0.12024,0.11967,0.1202,-0.00076768,-0.00027015,-0.00029718,-0.00029718,-9.000000000000674e-05,-0.0007487520798669446
1772245200000,2026-02-28T02:20:00Z,0.12011,0.1205,0.11999,0.12022,403366.8,48507.683584,0.12013,0.12053,0.12008,0.12022,0.1202,0.12066,0.12016,0.12041,-0.00029718,-0.00135223,-0.00185388,-0.00135223,-0.0001900000000000096,-0.0015779420313928212
1772245500000,2026-02-28T02:25:00Z,0.12022,0.12047,0.12019,0.12044,189812.8,22835.301206,0.12022,0.12045,0.12019,0.12044,0.12041,0.12061,0.12041,0.12059,-0.00135223,-0.00052264,-0.00144676,-0.00144676,-0.00014999999999999736,-0.0012438842358404292
1772245800000,2026-02-28T02:30:00Z,0.12044,0.12047,0.12014,0.12022,330221.6,39715.951917,0.12044,0.12047,0.12015,0.12022,0.12059,0.12062,0.12033,0.12038,-0.00144676,-0.00051545,-0.00078657,-0.00078657,-0.00016000000000000736,-0.0013291244392756882
1772246100000,2026-02-28T02:35:00Z,0.12022,0.12035,0.12009,0.12015,206868.8,24868.988431,0.12022,0.12035,0.12012,0.12015,0.12038,0.12053,0.12032,0.12032,-0.00078657,-0.00069897,-0.00114712,-0.00114712,-0.0001699999999999896,-0.0014128989361701263
1772246400000,2026-02-28T02:40:00Z,0.12015,0.1203,0.12009,0.12028,313815.1,37733.681383,0.12015,0.12031,0.12012,0.12028,0.12032,0.12049,0.12031,0.12047,-0.00114712,-0.00083561,-0.00159344,-0.00083561,-0.00018999999999999573,-0.0015771561384576719
1772246700000,2026-02-28T02:45:00Z,0.12028,0.12035,0.12017,0.12031,192673.2,23173.442742,0.12028,0.12035,0.12021,0.12031,0.12047,0.12051,0.12038,0.12049,-0.00083561,-0.00107391,-0.00135102,-0.00107391,-0.0001799999999999996,-0.0014938999087061133
1772247000000,2026-02-28T02:50:00Z,0.12031,0.12048,0.12003,0.12029,552100.9,66420.619409,0.12031,0.12033,0.1201,0.12027,0.12049,0.12052,0.12028,0.1204,-0.00107391,-0.00106962,-0.00107098,-0.00106962,-0.00010999999999999899,-0.0009136212624584634
1772247300000,2026-02-28T02:55:00Z,0.12029,0.12029,0.1199,0.11992,149691.4,17963.535822,0.12027,0.12029,0.1199,0.11995,0.1204,0.1204,0.12014,0.12016,-0.00106962,-0.00075191,-0.00088356,-0.00088356,-0.0002400000000000041,-0.0019973368841544946
1772247600000,2026-02-28T03:00:00Z,0.11992,0.12003,0.11982,0.11994,256246.1,30734.473186,0.11995,0.12001,0.11982,0.11994,0.12016,0.12016,0.11999,0.12007,-0.00088356,-0.00061717,-0.0006225,-0.00061717,-0.00012999999999999123,-0.0010827017573081638
1772247900000,2026-02-28T03:05:00Z,0.11994,0.12018,0.11989,0.12015,219612.8,26361.630803,0.11994,0.12018,0.11994,0.12016,0.12007,0.12025,0.12007,0.12025,-0.00061717,0,-0.00044286,0,-9.999999999998899e-05,-0.00083160083160074
1772248200000,2026-02-28T03:10:00Z,0.12015,0.12018,0.12005,0.12008,146382.6,17584.300067,0.12016,0.12018,0.12009,0.1201,0.12025,0.12028,0.1202,0.12023,0,-0.00022893,-0.0002831,-0.0002831,-0.00014999999999999736,-0.0012476087498960106
1772248500000,2026-02-28T03:15:00Z,0.12008,0.12025,0.12008,0.12012,106094,12747.281985,0.1201,0.12025,0.12008,0.12012,0.12023,0.12035,0.1202,0.12027,-0.0002831,-0.00072151,-0.00083579,-0.00083579,-0.00014999999999999736,-0.001247193813918661
1772248800000,2026-02-28T03:20:00Z,0.12012,0.12012,0.11967,0.11997,360610.8,43236.703201,0.12012,0.12012,0.11975,0.11999,0.12027,0.12027,0.11991,0.12013,-0.00083579,-0.00045505,-0.00045596,-0.00045596,-0.00016000000000000736,-0.0013318904520103834
1772249100000,2026-02-28T03:25:00Z,0.11997,0.12007,0.11964,0.11969,173831.1,20831.029171,0.11999,0.12006,0.11966,0.11969,0.12013,0.12016,0.11982,0.11982,-0.00045596,-0.00089143,-0.00101324,-0.00101324,-0.00012999999999999123,-0.001084960774495003
1772249400000,2026-02-28T03:30:00Z,0.11969,0.11973,0.11904,0.11908,341178.3,40747.386116,0.11969,0.11973,0.11907,0.11911,0.11982,0.11986,0.11926,0.1193,-0.00101324,-0.00067669,-0.00100367,-0.00067669,-0.00021999999999999797,-0.0018440905280804525
1772249700000,2026-02-28T03:35:00Z,0.11908,0.11915,0.11862,0.1187,950995.3,113019.713702,0.11911,0.11915,0.11867,0.1187,0.1193,0.1193,0.11879,0.11886,-0.00067669,-0.00072009,-0.00145395,-0.00145395,-0.00015999999999999348,-0.0013461214874641888
1772250000000,2026-02-28T03:40:00Z,0.1187,0.11878,0.11826,0.11832,496157.4,58806.132447,0.1187,0.11875,0.11831,0.11837,0.11886,0.11891,0.11848,0.11854,-0.00145395,-0.00086813,-0.00098508,-0.00098508,-0.00022000000000001185,-0.001855913615657262
1772250300000,2026-02-28T03:45:00Z,0.11832,0.11842,0.11826,0.11832,199882.1,23656.627439,0.11837,0.11842,0.1183,0.11832,0.11854,0.11858,0.11846,0.11849,-0.00098508,-0.00098304,-0.0013895,-0.00098304,-0.00017000000000000348,-0.001434720229555266
1772250600000,2026-02-28T03:50:00Z,0.11832,0.11862,0.11832,0.1185,146968.6,17408.383826,0.11832,0.11862,0.11832,0.11853,0.11849,0.11877,0.11849,0.11871,-0.00098304,-0.00091784,-0.001166,-0.001166,-0.00021000000000000185,-0.0017690169320192222
1772250900000,2026-02-28T03:55:00Z,0.1185,0.1185,0.1179,0.11818,541676.2,63957.695527,0.11853,0.11853,0.11799,0.11818,0.11871,0.11871,0.11816,0.11834,-0.001166,-0.0007891,-0.0008505,-0.0008505,-0.00016000000000000736,-0.0013520365049856967
1772251200000,2026-02-28T04:00:00Z,0.11818,0.11821,0.11806,0.11815,247380,29221.724843,0.11818,0.11821,0.11813,0.11815,0.11834,0.11839,0.1183,0.11836,-0.0008505,-0.00067044,-0.00133074,-0.00067044,-0.00021000000000000185,-0.0017742480567759533
1772251500000,2026-02-28T04:05:00Z,0.11815,0.11823,0.11787,0.1179,123828.5,14619.363962,0.11815,0.11823,0.11789,0.1179,0.11836,0.1184,0.11804,0.11804,-0.00067044,-0.0008169,-0.0012974,-0.0012974,-0.00014000000000000123,-0.0011860386309725621
1772251800000,2026-02-28T04:10:00Z,0.1179,0.11837,0.11788,0.11834,165568.1,19570.294574,0.1179,0.11836,0.11789,0.11836,0.11804,0.1184,0.11802,0.11839,-0.0012974,-0.00000008,-0.0000293,-0.0000293,-4.999999999999449e-05,-0.00042233296731138185
1772252100000,2026-02-28T04:15:00Z,0.11834,0.11834,0.1181,0.11833,152716.1,18052.899144,0.11836,0.11836,0.11814,0.11833,0.11839,0.11839,0.11825,0.11838,-0.0000293,-0.00032992,-0.0008581,-0.0008581,-4.999999999999449e-05,-0.000422368643351871
1772252400000,2026-02-28T04:20:00Z,0.11833,0.1184,0.11825,0.11837,163784,19382.582736,0.11833,0.1184,0.11826,0.11839,0.11838,0.11851,0.11838,0.11851,-0.0008581,-0.00041566,-0.00064282,-0.00064282,-0.00014000000000000123,-0.001181334908446555
1772252700000,2026-02-28T04:25:00Z,0.11837,0.11849,0.11806,0.1181,451970,53466.045493,0.11839,0.11854,0.11815,0.11815,0.11851,0.11869,0.11837,0.11837,-0.00064282,-0.00146829,-0.00148522,-0.00146829,-0.00027000000000000635,-0.002280983357269632
1772253000000,2026-02-28T04:30:00Z,0.1181,0.11816,0.11744,0.11813,874673.3,102980.187912,0.11815,0.11817,0.11751,0.11814,0.11837,0.11837,0.11771,0.11827,-0.00146829,0,-0.00100355,0,-0.00014000000000000123,-0.001183732138327566
1772253300000,2026-02-28T04:35:00Z,0.11813,0.1185,0.11812,0.11836,246482,29160.378181,0.11814,0.11848,0.11814,0.11836,0.11827,0.11861,0.11827,0.11849,0,-0.00061504,-0.00123302,-0.00061504,-0.00012999999999999123,-0.0010971389990715777
1772253600000,2026-02-28T04:40:00Z,0.11836,0.11842,0.11832,0.11833,130786.9,15481.833729,0.11836,0.11844,0.11833,0.11838,0.11849,0.11858,0.11847,0.11852,-0.00061504,-0.00064917,-0.0006578,-0.0006578,-0.00018999999999999573,-0.001603104961187949
1772253900000,2026-02-28T04:45:00Z,0.11833,0.11847,0.1182,0.11847,416739.9,49309.844878,0.11838,0.11847,0.1182,0.11847,0.11852,0.11861,0.11839,0.11861,-0.0006578,-0.00061784,-0.00135327,-0.00135327,-0.00013999999999998736,-0.0011803389258914709
1772254200000,2026-02-28T04:50:00Z,0.11847,0.11854,0.11825,0.11834,197222.5,23350.177509,0.11847,0.11854,0.11829,0.11833,0.11861,0.11869,0.11846,0.1185,-0.00135327,-0.00093122,-0.00162784,-0.00093122,-0.00015999999999999348,-0.00135021097046408
1772254500000,2026-02-28T04:55:00Z,0.11834,0.11835,0.11822,0.11825,56289.9,6659.0987,0.11833,0.11835,0.11827,0.11827,0.1185,0.11851,0.11844,0.11846,-0.00093122,-0.00069537,-0.00109252,-0.00109252,-0.00021000000000000185,-0.0017727502954583982
1772254800000,2026-02-28T05:00:00Z,0.11825,0.11854,0.11825,0.11854,228607.6,27068.142077,0.11827,0.11857,0.11827,0.11854,0.11846,0.11874,0.11846,0.11872,-0.00109252,-0.00039412,-0.00137685,-0.00039412,-0.0001799999999999996,-0.001516172506738541
1772255100000,2026-02-28T05:05:00Z,0.11854,0.1186,0.11832,0.11832,198902.8,23559.430494,0.11854,0.1186,0.11838,0.11838,0.11872,0.11878,0.11861,0.11861,-0.00039412,-0.00094909,-0.00153053,-0.00094909,-0.0002899999999999986,-0.002444987775061113
1772255400000,2026-02-28T05:10:00Z,0.11832,0.11845,0.11825,0.11832,332469.9,39358.839889,0.11838,0.11841,0.11826,0.11836,0.11861,0.11862,0.1185,0.11857,-0.00094909,-0.00123717,-0.00186241,-0.00186241,-0.0002500000000000002,-0.002108459138061906
1772255700000,2026-02-28T05:15:00Z,0.11832,0.11833,0.11806,0.11818,100491.9,11875.888287,0.11836,0.11836,0.1181,0.11819,0.11857,0.11857,0.11831,0.11839,-0.00186241,-0.00050777,-0.00137444,-0.00050777,-0.00021000000000000185,-0.0017737984627080147
1772256000000,2026-02-28T05:20:00Z,0.11818,0.11825,0.11784,0.11796,306295.6,36148.185039,0.11819,0.11827,0.11791,0.11801,0.11839,0.11845,0.11813,0.11823,-0.00050777,-0.0008156,-0.00134133,-0.0008156,-0.00027000000000000635,-0.0022836843440751614
1772256300000,2026-02-28T05:25:00Z,0.11796,0.11804,0.11774,0.1178,189828.6,22383.618223,0.11801,0.11804,0.11777,0.11778,0.11823,0.11823,0.11797,0.11797,-0.0008156,-0.00100964,-0.00108909,-0.00108909,-0.00017000000000000348,-0.001441044333305107
1772256600000,2026-02-28T05:30:00Z,0.1178,0.11787,0.11754,0.11766,296373,34871.449663,0.11778,0.11787,0.1176,0.11774,0.11797,0.11802,0.11776,0.11786,-0.00108909,-0.00027449,-0.00118527,-0.00027449,-0.00020000000000000573,-0.0016969285593077016
1772256900000,2026-02-28T05:35:00Z,0.11766,0.11766,0.1173,0.11749,460237.6,54056.08597,0.11774,0.11774,0.11737,0.11753,0.11786,0.11786,0.11751,0.11766,-0.00027449,-0.00011436,-0.000713,-0.00011436,-0.00017000000000000348,-0.0014448410674826064
1772257200000,2026-02-28T05:40:00Z,0.11749,0.11803,0.11715,0.11744,2518014.1,296096.704953,0.11753,0.11765,0.11739,0.11752,0.11766,0.11786,0.11751,0.11763,-0.00011436,-0.00084021,-0.00129059,-0.00084021,-0.00018999999999999573,-0.001615234208960263
1772257500000,2026-02-28T05:45:00Z,0.11744,0.1177,0.11744,0.1177,217163,25531.342304,0.11752,0.1177,0.11747,0.1177,0.11763,0.11781,0.11762,0.11781,-0.00084021,-0.00024562,-0.00040672,-0.00024562,-0.00010999999999999899,-0.0009337068160597486
1772257800000,2026-02-28T05:50:00Z,0.1177,0.11774,0.11748,0.11753,223114.4,26235.653139,0.1177,0.11774,0.11751,0.11753,0.11781,0.11783,0.11764,0.11769,-0.00024562,-0.00036572,-0.00081896,-0.00036572,-0.00016000000000000736,-0.0013595037811199536
1772258100000,2026-02-28T05:55:00Z,0.11753,0.11765,0.1174,0.11764,208157.2,24458.677842,0.11753,0.11765,0.1174,0.11765,0.11769,0.11777,0.11758,0.11777,-0.00036572,-0.00051926,-0.00108554,-0.00108554,-0.0001300000000000051,-0.0011038464804279961
1772258400000,2026-02-28T06:00:00Z,0.11764,0.11765,0.11731,0.11736,264183.7,31028.581,0.11765,0.11765,0.11731,0.11736,0.11777,0.11777,0.11746,0.11753,-0.00108554,-0.00107249,-0.00128112,-0.00107249,-0.0001699999999999896,-0.0014464392070108875
1772258700000,2026-02-28T06:05:00Z,0.11736,0.11736,0.11679,0.11727,578703.4,67735.88636,0.11736,0.11736,0.11682,0.11728,0.11753,0.11753,0.117,0.11738,-0.00107249,-0.00003924,-0.00013055,-0.00013055,-0.00010999999999999899,-0.000937127278923147
1772259000000,2026-02-28T06:10:00Z,0.11727,0.11738,0.11683,0.1169,506685.2,59338.286489,0.11728,0.11735,0.11695,0.11695,0.11738,0.1174,0.11699,0.11703,-0.00013055,0,-0.00000357,-0.00000357,-0.00012999999999999123,-0.0011108262838587647
1772259300000,2026-02-28T06:15:00Z,0.1169,0.117,0.11325,0.11535,12362662.9,1420397.16588,0.11695,0.11699,0.1135,0.11535,0.11703,0.11707,0.11355,0.11546,-0.00000357,0,-0.00050785,0,-0.00010999999999999899,-0.0009527108955482331
1772259600000,2026-02-28T06:20:00Z,0.11535,0.11653,0.11523,0.1155,2120194.5,245707.54559,0.11535,0.11652,0.11525,0.11555,0.11546,0.11657,0.11534,0.1157,0,0,-0.00063706,-0.00063706,-0.00019999999999999185,-0.0017286084701814335
1772259900000,2026-02-28T06:25:00Z,0.1155,0.11555,0.11438,0.11456,1916713.9,220116.734299,0.11555,0.11555,0.11445,0.1146,0.1157,0.1157,0.11456,0.11474,-0.00063706,-0.00059019,-0.00078578,-0.00059019,-0.0001799999999999996,-0.001568764162454241
1772260200000,2026-02-28T06:30:00Z,0.11456,0.11467,0.113,0.11326,3948372.5,449001.460554,0.1146,0.11464,0.11315,0.11331,0.11474,0.11476,0.11325,0.11346,-0.00059019,-0.0005334,-0.00070074,-0.00070074,-0.00020000000000000573,-0.0017627357659087406
1772260500000,2026-02-28T06:35:00Z,0.11326,0.11364,0.11162,0.11216,8203645.4,921705.468086,0.11331,0.1136,0.11171,0.11227,0.11346,0.11369,0.11183,0.11228,-0.00070074,0,-0.00007654,-0.00007654,-0.00012000000000000899,-0.0010687566797293283
1772260800000,2026-02-28T06:40:00Z,0.11216,0.11326,0.11215,0.11288,2399238.1,270400.5286,0.11227,0.11324,0.1122,0.11284,0.11228,0.11324,0.11228,0.11299,-0.00007654,-0.00030596,-0.00096945,-0.00096945,-0.00010999999999999899,-0.000973537481193017
1772261100000,2026-02-28T06:45:00Z,0.11288,0.11295,0.11121,0.11132,2438817.3,273210.803918,0.11284,0.11292,0.11135,0.11136,0.11299,0.11301,0.11143,0.11146,-0.00096945,-0.00009157,-0.00013698,-0.00013698,-0.00014000000000000123,-0.001256055984209593
1772261400000,2026-02-28T06:50:00Z,0.11132,0.11151,0.11062,0.11095,2554760.3,283917.573041,0.11136,0.11151,0.11074,0.11098,0.11146,0.11161,0.1108,0.11109,-0.00013698,0,-0.0000599,-0.0000599,-0.00014000000000000123,-0.001260239445494655
1772261700000,2026-02-28T06:55:00Z,0.11095,0.11105,0.1103,0.11057,3294777.7,364512.166991,0.11098,0.11102,0.11037,0.11064,0.11109,0.11113,0.11051,0.11073,-0.0000599,0,-0.00027132,0,-0.00015999999999999348,-0.0014449561997651357
1772262000000,2026-02-28T07:00:00Z,0.11057,0.11178,0.10985,0.11151,5098096,565182.198978,0.11064,0.11174,0.10993,0.11151,0.11073,0.11176,0.11007,0.11159,0,0,-0.00135329,0,-7.999999999999674e-05,-0.0007169101173940026
1772262300000,2026-02-28T07:05:00Z,0.11151,0.11209,0.1113,0.11176,1921146.7,214689.909371,0.11151,0.11208,0.11146,0.11177,0.11159,0.11221,0.11157,0.11193,0,-0.00019049,-0.00137825,-0.00019049,-0.00017000000000000348,-0.0015188063968552083
1772262600000,2026-02-28T07:10:00Z,0.11176,0.11216,0.1115,0.11197,979110.7,109523.231942,0.11177,0.11216,0.11156,0.112,0.11193,0.11228,0.11172,0.11215,-0.00019049,-0.0003485,-0.00117235,-0.0003485,-0.0001799999999999996,-0.0016049933125278609
1772262900000,2026-02-28T07:15:00Z,0.11197,0.11219,0.11148,0.11153,1310829.6,146565.971856,0.112,0.11217,0.11158,0.11158,0.11215,0.11227,0.11172,0.11173,-0.0003485,-0.00067296,-0.00112943,-0.00067296,-0.00019999999999999185,-0.0017900295354872627
1772263200000,2026-02-28T07:20:00Z,0.11153,0.11159,0.11061,0.11074,1015184,112803.904074,0.11158,0.11159,0.11064,0.11074,0.11173,0.11173,0.11081,0.1109,-0.00067296,-0.0008778,-0.00095101,-0.0008778,-0.00015999999999999348,-0.0014427412082957032
1772263500000,2026-02-28T07:25:00Z,0.11074,0.11099,0.11059,0.11087,592289.4,65615.664221,0.11074,0.11097,0.1106,0.1109,0.1109,0.11107,0.11071,0.11103,-0.0008778,-0.00074091,-0.00094243,-0.00094243,-0.00016000000000000736,-0.00144105196793666
1772263800000,2026-02-28T07:30:00Z,0.11087,0.11212,0.11082,0.11208,925138.6,103040.615537,0.1109,0.11215,0.11087,0.11209,0.11103,0.11225,0.11098,0.11215,-0.00094243,0,-0.00062877,0,-7.000000000000062e-05,-0.0006241640659830639
1772264100000,2026-02-28T07:35:00Z,0.11208,0.11378,0.11198,0.1136,3453842.7,389441.343578,0.11209,0.11371,0.11202,0.11363,0.11215,0.11377,0.11214,0.11366,0,0,0,0,-5.9999999999990616e-05,-0.000527890198838559
1772264400000,2026-02-28T07:40:00Z,0.1136,0.11403,0.11337,0.11358,2145239.5,243852.696988,0.11363,0.11398,0.11348,0.11366,0.11366,0.11406,0.11356,0.11374,0,-0.00082196,-0.00091915,-0.00091915,-0.00015999999999999348,-0.0014067170740284288
1772264700000,2026-02-28T07:45:00Z,0.11358,0.11358,0.11261,0.11266,968739.7,109711.910758,0.11366,0.11366,0.11263,0.11266,0.11374,0.11374,0.1128,0.11283,-0.00091915,0,-0.00106786,-0.00106786,-0.00017000000000000348,-0.0015066914827617077
1772265000000,2026-02-28T07:50:00Z,0.11266,0.11304,0.11255,0.11256,834653,94128.680466,0.11266,0.11304,0.11257,0.11258,0.11283,0.11311,0.11271,0.11271,-0.00106786,-0.00061802,-0.00098054,-0.00061802,-0.00015000000000001124,-0.0013308490817142333
1772265300000,2026-02-28T07:55:00Z,0.11256,0.11265,0.11213,0.11216,441515.4,49592.677603,0.11258,0.11265,0.11217,0.11221,0.11271,0.11275,0.11231,0.11235,-0.00061802,-0.00073013,-0.00077605,-0.00077605,-0.0001900000000000096,-0.001691143747218599
1772265600000,2026-02-28T08:00:00Z,0.11216,0.11216,0.11141,0.1119,1497704.9,167265.104481,0.11221,0.11221,0.11147,0.11193,0.11235,0.11235,0.11162,0.11204,-0.00077605,-0.00095988,-0.0011499,-0.0011499,-0.00014000000000000123,-0.0012495537308104359
1772265900000,2026-02-28T08:05:00Z,0.1119,0.11207,0.11139,0.1115,699676.3,78142.595269,0.11193,0.11206,0.11146,0.11149,0.11204,0.11211,0.11161,0.11162,-0.0011499,-0.00083111,-0.001092,-0.001092,-0.00011999999999999511,-0.0010750761512273348
1772266200000,2026-02-28T08:10:00Z,0.1115,0.11181,0.11125,0.11132,557444.5,62189.618753,0.11149,0.11181,0.11132,0.11136,0.11162,0.11191,0.11146,0.1115,-0.001092,-0.0006098,-0.00067394,-0.00067394,-0.0001799999999999996,-0.0016143497757847498
1772266500000,2026-02-28T08:15:00Z,0.11132,0.11183,0.11117,0.1113,731985,81653.904948,0.11136,0.11182,0.11125,0.11142,0.1115,0.11185,0.11139,0.11153,-0.00067394,0,-0.00032262,0,-0.00023000000000000798,-0.002062225410203604
1772266800000,2026-02-28T08:20:00Z,0.1113,0.11149,0.11076,0.11125,1099316,122075.219563,0.11142,0.11149,0.11082,0.11127,0.11153,0.11157,0.11094,0.1114,0,-0.00049887,-0.00137024,-0.00049887,-0.00014999999999999736,-0.001346499102333908
1772267100000,2026-02-28T08:25:00Z,0.11125,0.1118,0.11125,0.11136,292214.2,32602.196963,0.11127,0.11177,0.11127,0.11149,0.1114,0.11185,0.11138,0.11163,-0.00049887,-0.00072923,-0.00088447,-0.00088447,-0.00026999999999999247,-0.0024187046492877584
1772267400000,2026-02-28T08:30:00Z,0.11136,0.11163,0.11109,0.11136,346297.8,38568.037146,0.11149,0.11162,0.11117,0.11147,0.11163,0.11176,0.11135,0.11163,-0.00088447,-0.00079407,-0.00093403,-0.00079407,-0.00026999999999999247,-0.0024187046492877584
1772267700000,2026-02-28T08:35:00Z,0.11136,0.11186,0.11128,0.11171,446626.8,49859.717838,0.11147,0.11184,0.11137,0.11172,0.11163,0.11192,0.11153,0.11186,-0.00079407,-0.00077661,-0.0012101,-0.0012101,-0.00014999999999999736,-0.0013409619166815426
1772268000000,2026-02-28T08:40:00Z,0.11171,0.11199,0.11132,0.11133,687510.5,76795.200858,0.11172,0.11194,0.11133,0.11133,0.11186,0.11207,0.11152,0.11152,-0.0012101,-0.00062758,-0.00227698,-0.00227698,-0.00018999999999999573,-0.0017037302725968055
1772268300000,2026-02-28T08:45:00Z,0.11133,0.11148,0.11117,0.11125,588454.9,65536.038536,0.11133,0.11148,0.11124,0.11129,0.11152,0.11159,0.11145,0.11148,-0.00227698,-0.00126743,-0.00159621,-0.00126743,-0.0002299999999999941,-0.0020631503408682643
1772268600000,2026-02-28T08:50:00Z,0.11125,0.11131,0.11087,0.111,539988.8,59949.611375,0.11129,0.11131,0.11089,0.111,0.11148,0.11148,0.11107,0.11116,-0.00126743,-0.00076598,-0.00119717,-0.00076598,-0.00015999999999999348,-0.0014393666786613303
1772268900000,2026-02-28T08:55:00Z,0.111,0.11105,0.11041,0.11059,926153.7,102499.379381,0.111,0.11105,0.11046,0.11059,0.11116,0.11121,0.11062,0.11072,-0.00076598,-0.00078721,-0.00088166,-0.00078721,-0.0001300000000000051,-0.0011741329479769249
1772269200000,2026-02-28T09:00:00Z,0.11059,0.11087,0.11048,0.11057,782829.6,86608.40759,0.11059,0.11085,0.11054,0.11058,0.11072,0.1109,0.11063,0.11071,-0.00078721,-0.00077926,-0.00083701,-0.00083701,-0.00014000000000000123,-0.0012645650799385894
1772269500000,2026-02-28T09:05:00Z,0.11057,0.11087,0.11032,0.11036,945644.7,104520.86886,0.11058,0.11086,0.11037,0.11038,0.11071,0.11097,0.11052,0.11053,-0.00083701,-0.00119197,-0.00146815,-0.00119197,-0.00017000000000000348,-0.0015380439699629374
1772269800000,2026-02-28T09:10:00Z,0.11036,0.11147,0.11026,0.11123,1830282.8,202888.354688,0.11038,0.11144,0.11031,0.11134,0.11053,0.11155,0.11046,0.11131,-0.00119197,-0.00043998,-0.00119528,-0.00043998,-8.000000000001062e-05,-0.0007187135028300297
1772270100000,2026-02-28T09:15:00Z,0.11123,0.11124,0.1108,0.11086,324732.4,36049.46155,0.11134,0.11134,0.11083,0.11091,0.11131,0.11131,0.111,0.11106,-0.00043998,-0.00034188,-0.00084447,-0.00084447,-0.00020000000000000573,-0.001800828381055337
1772270400000,2026-02-28T09:20:00Z,0.11086,0.11146,0.11086,0.11134,605816.8,67359.180157,0.11091,0.11146,0.11087,0.11134,0.11106,0.11155,0.11102,0.11144,-0.00084447,-0.00080869,-0.001284,-0.001284,-0.00010000000000000286,-0.0008973438621680085
1772270700000,2026-02-28T09:25:00Z,0.11134,0.11153,0.11111,0.11137,697144.5,77626.754567,0.11134,0.11151,0.11118,0.11141,0.11144,0.11162,0.11133,0.11155,-0.001284,-0.00032037,-0.00093006,-0.00032037,-0.0001799999999999996,-0.0016136261766024169
1772271000000,2026-02-28T09:30:00Z,0.11137,0.11145,0.11108,0.11116,391296.8,43526.194756,0.11141,0.11143,0.11111,0.11122,0.11155,0.11158,0.11126,0.11144,-0.00032037,-0.00142624,-0.00154415,-0.00154415,-0.00028000000000000247,-0.002512562814070374
1772271300000,2026-02-28T09:35:00Z,0.11116,0.11119,0.11064,0.11095,483209.6,53566.162288,0.11122,0.11122,0.11068,0.11095,0.11144,0.11144,0.11084,0.11111,-0.00154415,-0.00040063,-0.00043612,-0.00040063,-0.00016000000000000736,-0.0014400144001440677
1772271600000,2026-02-28T09:40:00Z,0.11095,0.11096,0.11069,0.11076,374169.1,41440.619601,0.11095,0.11096,0.1107,0.11079,0.11111,0.11111,0.11085,0.11096,-0.00040063,-0.00100982,-0.00101749,-0.00100982,-0.00020000000000000573,-0.0018024513338140385
1772271900000,2026-02-28T09:45:00Z,0.11076,0.11086,0.11013,0.11024,943296.1,104174.458333,0.11079,0.11085,0.11022,0.11024,0.11096,0.11096,0.1104,0.11042,-0.00100982,-0.00114099,-0.00137359,-0.00137359,-0.0001799999999999996,-0.0016301394674877704
1772272200000,2026-02-28T09:50:00Z,0.11024,0.11071,0.10965,0.10986,2538151,279424.283229,0.11024,0.1107,0.10973,0.10986,0.11042,0.11083,0.10985,0.11,-0.00137359,-0.00033299,-0.00179558,-0.00033299,-0.00014000000000000123,-0.0012727272727272839
1772272500000,2026-02-28T09:55:00Z,0.10986,0.10994,0.10959,0.10986,1039040.3,114087.657678,0.10986,0.10994,0.10964,0.10989,0.11,0.11007,0.10977,0.11004,-0.00033299,-0.00065133,-0.00071744,-0.00071744,-0.0001799999999999996,-0.001635768811341327
1772272800000,2026-02-28T10:00:00Z,0.10986,0.10999,0.10896,0.10902,1578352.7,172814.212903,0.10989,0.10999,0.10907,0.10908,0.11004,0.11013,0.10926,0.10927,-0.00071744,-0.00071403,-0.00129261,-0.00129261,-0.0002500000000000002,-0.002287910679967056
1772273100000,2026-02-28T10:05:00Z,0.10902,0.10952,0.10902,0.10946,1597674.1,174543.594514,0.10908,0.10952,0.10908,0.10949,0.10927,0.10966,0.10927,0.10965,-0.00129261,-0.00038119,-0.00116325,-0.00038119,-0.00018999999999999573,-0.0017327861377108595
1772273400000,2026-02-28T10:10:00Z,0.10946,0.10957,0.10928,0.10943,688552.9,75355.450751,0.10949,0.10955,0.10933,0.10945,0.10965,0.10967,0.10948,0.10959,-0.00038119,-0.0007058,-0.00073101,-0.00073101,-0.00016000000000000736,-0.0014599872251118474
1772273700000,2026-02-28T10:15:00Z,0.10943,0.10998,0.10933,0.10987,941341.1,103247.262798,0.10945,0.11001,0.10935,0.10992,0.10959,0.11012,0.10949,0.11003,-0.00073101,0,-0.0010029,-0.0010029,-0.00016000000000000736,-0.0014541488684904785
1772274000000,2026-02-28T10:20:00Z,0.10987,0.11012,0.10974,0.1099,1579699.7,173725.053632,0.10992,0.11011,0.10976,0.1099,0.11003,0.11022,0.10989,0.11002,-0.0010029,-0.00061436,-0.00094656,-0.00061436,-0.00012000000000000899,-0.0010907107798582892
1772274300000,2026-02-28T10:25:00Z,0.1099,0.11006,0.10977,0.1098,665076.7,73122.86373,0.1099,0.11006,0.10982,0.10989,0.11002,0.11019,0.10998,0.11001,-0.00061436,-0.00055949,-0.00098791,-0.00098791,-0.00021000000000000185,-0.0019089173711480942
1772274600000,2026-02-28T10:30:00Z,0.1098,0.11082,0.10975,0.11071,1342030,148307.559942,0.10989,0.11082,0.10982,0.11075,0.11001,0.11093,0.11,0.11086,-0.00098791,-0.00022918,-0.00049968,-0.00049968,-0.00014999999999999736,-0.0013530579108785618
1772274900000,2026-02-28T10:35:00Z,0.11071,0.1108,0.11051,0.11058,983256.6,108820.110322,0.11075,0.11084,0.11053,0.11062,0.11086,0.11096,0.11067,0.11076,-0.00049968,-0.00058799,-0.00061064,-0.00058799,-0.0001799999999999996,-0.001625135427952326
1772275200000,2026-02-28T10:40:00Z,0.11058,0.1106,0.11042,0.11051,511265,56503.769362,0.11062,0.11064,0.11047,0.11051,0.11076,0.11084,0.11067,0.11071,-0.00058799,-0.00167108,-0.0017569,-0.00167108,-0.00020000000000000573,-0.0018065215427694491
1772275500000,2026-02-28T10:45:00Z,0.11051,0.11052,0.11006,0.11047,1300381.3,143371.076055,0.11051,0.11051,0.11013,0.11047,0.11071,0.11072,0.11033,0.11066,-0.00167108,-0.00095404,-0.00232149,-0.00095404,-0.00018999999999999573,-0.0017169709018615194
1772275800000,2026-02-28T10:50:00Z,0.11047,0.11055,0.11009,0.11026,485618.2,53537.150814,0.11047,0.11054,0.11012,0.11026,0.11066,0.1107,0.11029,0.11038,-0.00095404,-0.00102665,-0.0011404,-0.00102665,-0.00012000000000000899,-0.0010871534698315725
1772276100000,2026-02-28T10:55:00Z,0.11026,0.11041,0.1102,0.1103,338440.3,37325.67547,0.11026,0.11041,0.11021,0.1103,0.11038,0.11048,0.11033,0.11043,-0.00102665,-0.00037008,-0.00070674,-0.00070674,-0.0001300000000000051,-0.0011772163361405878
1772276400000,2026-02-28T11:00:00Z,0.1103,0.11093,0.11027,0.1106,1406733.3,155471.683058,0.1103,0.11093,0.1103,0.11061,0.11043,0.11102,0.11042,0.1108,-0.00070674,-0.00097708,-0.00149945,-0.00149945,-0.00019999999999999185,-0.0018050541516244753
1772276700000,2026-02-28T11:05:00Z,0.1106,0.11062,0.11028,0.11028,538959.1,59513.911176,0.11061,0.11061,0.11031,0.11033,0.1108,0.1108,0.11052,0.11052,-0.00149945,-0.00087732,-0.00101817,-0.00087732,-0.00023999999999999022,-0.0021715526601519203
1772277000000,2026-02-28T11:10:00Z,0.11028,0.11056,0.11021,0.11032,366496.5,40442.967478,0.11033,0.11052,0.11023,0.11032,0.11052,0.11065,0.11043,0.11053,-0.00087732,-0.00141517,-0.00182123,-0.00141517,-0.00021000000000000185,-0.001899936668777724
1772277300000,2026-02-28T11:15:00Z,0.11032,0.11034,0.11005,0.11029,247813.6,27299.179728,0.11032,0.11034,0.11011,0.11029,0.11053,0.11054,0.11033,0.11044,-0.00141517,-0.00097217,-0.00135613,-0.00135613,-0.00014999999999999736,-0.0013582035494385852
1772277600000,2026-02-28T11:20:00Z,0.11029,0.11054,0.11016,0.11043,514346.2,56757.680027,0.11029,0.11052,0.11023,0.11043,0.11044,0.11066,0.1104,0.1106,-0.00135613,-0.0012258,-0.00157376,-0.0012258,-0.00017000000000000348,-0.001537070524412328
1772277900000,2026-02-28T11:25:00Z,0.11043,0.11061,0.11028,0.11048,859628.8,94962.077601,0.11043,0.11061,0.11032,0.11051,0.1106,0.11077,0.11051,0.1107,-0.0012258,-0.00087843,-0.00126699,-0.00126699,-0.00022000000000001185,-0.001987353206865509
1772278200000,2026-02-28T11:30:00Z,0.11048,0.11084,0.11038,0.11067,1446466.2,160060.387896,0.11051,0.11089,0.11043,0.11069,0.1107,0.11104,0.11062,0.11088,-0.00126699,-0.00124114,-0.00161921,-0.00124114,-0.00021000000000000185,-0.0018939393939394105
1772278500000,2026-02-28T11:35:00Z,0.11067,0.11112,0.11047,0.11049,1304768.9,144628.937303,0.11069,0.1111,0.11052,0.11054,0.11088,0.11119,0.11071,0.11075,-0.00124114,-0.00122789,-0.00168901,-0.00168901,-0.00025999999999999635,-0.002347629796839696
1772278800000,2026-02-28T11:40:00Z,0.11049,0.11053,0.11034,0.11049,581507,64218.623746,0.11054,0.11054,0.11036,0.11049,0.11075,0.11075,0.11055,0.11066,-0.00168901,-0.00108191,-0.00127276,-0.00108191,-0.0001699999999999896,-0.0015362371227181423
1772279100000,2026-02-28T11:45:00Z,0.11049,0.11056,0.11035,0.11053,665214.2,73486.379504,0.11049,0.11058,0.11044,0.11053,0.11066,0.11074,0.11062,0.11065,-0.00108191,-0.00058955,-0.00107095,-0.00107095,-0.00011999999999999511,-0.0010845006778128796
1772279400000,2026-02-28T11:50:00Z,0.11053,0.11063,0.11039,0.1104,173573.7,19184.923221,0.11053,0.11062,0.11042,0.11042,0.11065,0.11078,0.11063,0.11063,-0.00107095,-0.00080542,-0.00150807,-0.00080542,-0.00023000000000000798,-0.002079002079002151
1772279700000,2026-02-28T11:55:00Z,0.1104,0.11043,0.10971,0.10988,978286.4,107575.4935,0.11042,0.11043,0.10976,0.10987,0.11063,0.11063,0.10999,0.11008,-0.00080542,-0.00107579,-0.00144668,-0.00107579,-0.00019999999999999185,-0.001816860465116205
1772280000000,2026-02-28T12:00:00Z,0.10988,0.11024,0.10982,0.11011,576744.7,63492.6659,0.10987,0.11024,0.10987,0.1101,0.11008,0.11044,0.11008,0.11031,-0.00107579,-0.00151246,-0.00153655,-0.00153655,-0.00020000000000000573,-0.0018130722509292513
1772280300000,2026-02-28T12:05:00Z,0.11011,0.11026,0.10983,0.10996,372153.8,40958.553988,0.1101,0.11026,0.10987,0.10996,0.11031,0.11044,0.11012,0.11016,-0.00153655,-0.00118952,-0.00182011,-0.00118952,-0.00019999999999999185,-0.001815541031227232
1772280600000,2026-02-28T12:10:00Z,0.10996,0.11039,0.10996,0.11033,346259.8,38153.159209,0.10996,0.11039,0.10996,0.11036,0.11016,0.11052,0.11016,0.11052,-0.00118952,-0.0009914,-0.00144431,-0.0009914,-0.00018999999999999573,-0.001719145855953635
1772280900000,2026-02-28T12:15:00Z,0.11033,0.11042,0.11011,0.1104,414661.4,45720.603852,0.11036,0.11041,0.11014,0.1104,0.11052,0.11053,0.11029,0.11052,-0.0009914,-0.00096384,-0.00156933,-0.00156933,-0.00011999999999999511,-0.0010857763300759602
1772281200000,2026-02-28T12:20:00Z,0.1104,0.11053,0.11032,0.11045,411744.1,45478.256936,0.1104,0.11055,0.11033,0.11046,0.11052,0.1107,0.11051,0.11067,-0.00156933,-0.00116103,-0.00153891,-0.00116103,-0.00021999999999999797,-0.001987891930965916
1772281500000,2026-02-28T12:25:00Z,0.11045,0.11053,0.11038,0.11048,319557.8,35289.856575,0.11046,0.11052,0.11039,0.11048,0.11067,0.11073,0.1106,0.11062,-0.00116103,-0.00135825,-0.00185306,-0.00135825,-0.00014000000000000123,-0.0012655939251491706
1772281800000,2026-02-28T12:30:00Z,0.11048,0.11106,0.11042,0.11073,1308585.4,144965.718529,0.11048,0.11106,0.11042,0.11073,0.11062,0.11115,0.1106,0.11085,-0.00135825,-0.00029719,-0.00066089,-0.00066089,-0.00012000000000000899,-0.0010825439783492014
1772282100000,2026-02-28T12:35:00Z,0.11073,0.11074,0.1105,0.11064,299833.8,33175.750281,0.11073,0.11074,0.11056,0.11067,0.11085,0.11086,0.11066,0.11082,-0.00066089,-0.00060375,-0.00096417,-0.00096417,-0.0001799999999999996,-0.0016242555495397906
1772282400000,2026-02-28T12:40:00Z,0.11064,0.11073,0.11037,0.1105,428051.3,47319.124147,0.11067,0.11073,0.11053,0.11055,0.11082,0.11082,0.11067,0.1107,-0.00096417,-0.00071157,-0.00088536,-0.00088536,-0.00020000000000000573,-0.0018066847335140533
1772282700000,2026-02-28T12:45:00Z,0.1105,0.11051,0.11003,0.1102,281611.3,31043.851369,0.11055,0.11055,0.11005,0.1102,0.1107,0.1107,0.11023,0.11031,-0.00088536,-0.00092246,-0.00123455,-0.00092246,-0.00010999999999999899,-0.0009971897380110506
1772283000000,2026-02-28T12:50:00Z,0.1102,0.11044,0.11001,0.11028,412227,45450.467065,0.1102,0.11044,0.11002,0.11029,0.11031,0.11052,0.11022,0.11047,-0.00092246,-0.00069523,-0.00140224,-0.00069523,-0.00018999999999999573,-0.001719923961256411
1772283300000,2026-02-28T12:55:00Z,0.11028,0.11058,0.11019,0.11052,396922.9,43808.975823,0.11029,0.11058,0.11019,0.11052,0.11047,0.1107,0.11037,0.11062,-0.00069523,-0.00072556,-0.00110341,-0.00110341,-0.00010000000000000286,-0.000903995660820854
1772283600000,2026-02-28T13:00:00Z,0.11052,0.1109,0.11039,0.11055,557088.6,61641.240841,0.11052,0.11087,0.11042,0.11055,0.11062,0.11099,0.11056,0.11064,-0.00110341,-0.00077116,-0.0010348,-0.00077116,-9.000000000000674e-05,-0.0008134490238612323
1772283900000,2026-02-28T13:05:00Z,0.11055,0.11073,0.11041,0.11067,156862,17344.141801,0.11055,0.11075,0.11045,0.1107,0.11064,0.11085,0.11056,0.1108,-0.00077116,-0.00000868,-0.00026881,-0.00026881,-0.00012999999999999123,-0.0011732851985558775
1772284200000,2026-02-28T13:10:00Z,0.11067,0.11074,0.11046,0.11074,217938.6,24100.525479,0.1107,0.11074,0.11051,0.11074,0.1108,0.1108,0.11061,0.11077,-0.00026881,0,-0.00023389,0,-2.999999999998837e-05,-0.00027083145255925225
1772284500000,2026-02-28T13:15:00Z,0.11074,0.11101,0.11024,0.11025,961491.1,106466.134587,0.11074,0.11096,0.11024,0.11025,0.11077,0.11109,0.11041,0.11042,0,-0.00141311,-0.00143382,-0.00143382,-0.00017000000000000348,-0.0015395761637384848
1772284800000,2026-02-28T13:20:00Z,0.11025,0.1103,0.10996,0.11024,479580.1,52838.342217,0.11025,0.1103,0.11004,0.11028,0.11042,0.11042,0.11023,0.11041,-0.00143382,-0.00060172,-0.00080854,-0.00080854,-0.0001699999999999896,-0.001539715605470425
1772285100000,2026-02-28T13:25:00Z,0.11024,0.11033,0.11023,0.1103,269944.2,29771.155717,0.11028,0.11035,0.11025,0.1103,0.11041,0.1105,0.11041,0.11045,-0.00080854,-0.00070944,-0.0009437,-0.00070944,-0.00015000000000001124,-0.0013580805794478155
1772285400000,2026-02-28T13:30:00Z,0.1103,0.11049,0.11027,0.11035,888992.6,98143.524456,0.1103,0.11046,0.11028,0.11035,0.11045,0.11059,0.11045,0.11052,-0.00070944,-0.00110833,-0.00136142,-0.00110833,-0.0001699999999999896,-0.0015381831342742454
1772285700000,2026-02-28T13:35:00Z,0.11035,0.11035,0.10995,0.11016,580913.8,63966.128159,0.11035,0.11035,0.11004,0.11016,0.11052,0.11052,0.11023,0.11034,-0.00110833,-0.00137554,-0.00165536,-0.00137554,-0.0001799999999999996,-0.0016313213703099477
1772286000000,2026-02-28T13:40:00Z,0.11016,0.11027,0.10958,0.11026,1295825.8,142363.98794,0.11016,0.11033,0.10965,0.11033,0.11034,0.11042,0.10981,0.11042,-0.00137554,0,-0.00104978,0,-0.00016000000000000736,-0.001449012859989199
1772286300000,2026-02-28T13:45:00Z,0.11026,0.11342,0.11026,0.1125,6679313.1,748601.348354,0.11033,0.1133,0.11033,0.11255,0.11042,0.1134,0.11042,0.11263,0,0,-0.00086318,0,-0.00012999999999999123,-0.001154221788155831
1772286600000,2026-02-28T13:50:00Z,0.1125,0.11342,0.11217,0.113,2275831.4,256498.394823,0.11255,0.11336,0.11225,0.113,0.11263,0.11342,0.11234,0.1131,0,-0.00043684,-0.00077893,-0.00077893,-0.00010000000000000286,-0.0008841732979664267
1772286900000,2026-02-28T13:55:00Z,0.113,0.11365,0.11246,0.1136,1348325.9,152477.337842,0.113,0.11364,0.11253,0.11357,0.1131,0.1137,0.11266,0.11364,-0.00077893,-0.00007274,-0.00052706,-0.00007274,-3.999999999999837e-05,-0.0003519887363604221
1772287200000,2026-02-28T14:00:00Z,0.1136,0.11484,0.11291,0.11313,5083719.5,579608.774097,0.11357,0.11475,0.11305,0.11313,0.11364,0.11483,0.11315,0.11322,-0.00007274,-0.00085439,-0.00095467,-0.00085439,-9.000000000000674e-05,-0.0007949125596185015
1772287500000,2026-02-28T14:05:00Z,0.11313,0.11361,0.11313,0.11342,845127.6,95811.615477,0.11313,0.11361,0.11313,0.1134,0.11322,0.11373,0.11322,0.11346,-0.00085439,-0.00035312,-0.00115575,-0.00115575,-3.999999999999837e-05,-0.0003525471531817237
1772287800000,2026-02-28T14:10:00Z,0.11342,0.1139,0.11316,0.11348,1016761.7,115530.622677,0.1134,0.11387,0.11321,0.11345,0.11346,0.11393,0.11334,0.11356,-0.00115575,-0.00054314,-0.00064952,-0.00054314,-7.999999999999674e-05,-0.00070447340612889
1772288100000,2026-02-28T14:15:00Z,0.11348,0.11401,0.11334,0.11392,787741,89581.701679,0.11345,0.11401,0.11337,0.11398,0.11356,0.11409,0.1135,0.11409,-0.00054314,-0.00032248,-0.00041543,-0.00041543,-0.00017000000000000348,-0.0014900517135595012
1772288400000,2026-02-28T14:20:00Z,0.11392,0.11414,0.11367,0.11414,726267.6,82693.701986,0.11398,0.1141,0.11371,0.1141,0.11409,0.11418,0.11382,0.11415,-0.00041543,-0.00028037,-0.00074776,-0.00028037,-9.999999999996123e-06,-8.760402978533617e-05
1772288700000,2026-02-28T14:25:00Z,0.11414,0.11437,0.11402,0.11434,718236.9,82039.610473,0.1141,0.11439,0.11403,0.11439,0.11415,0.11446,0.11411,0.11446,-0.00028037,0,-0.00034596,0,-0.00012000000000000899,-0.0010484011881880916
1772289000000,2026-02-28T14:30:00Z,0.11434,0.11436,0.11359,0.11383,1156929.7,131800.46598,0.11439,0.11439,0.11366,0.11385,0.11446,0.11446,0.11379,0.11398,0,0,-0.00126522,-0.00126522,-0.00014999999999999736,-0.0013160203544481256
1772289300000,2026-02-28T14:35:00Z,0.11383,0.11472,0.11365,0.11468,1548089.5,176950.117859,0.11385,0.11467,0.1137,0.11463,0.11398,0.1147,0.11382,0.1147,-0.00126522,0,-0.00059259,-0.00059259,-1.9999999999992246e-05,-0.0001743679163033326
1772289600000,2026-02-28T14:40:00Z,0.11468,0.11479,0.11427,0.11434,639524.3,73208.836318,0.11463,0.11474,0.11428,0.11434,0.1147,0.11478,0.1144,0.11447,-0.00059259,-0.0008736,-0.00125921,-0.0008736,-0.0001300000000000051,-0.0011356687341662016
1772289900000,2026-02-28T14:45:00Z,0.11434,0.11454,0.11335,0.11351,1222893.5,139232.77464,0.11434,0.11454,0.11339,0.11351,0.11447,0.11462,0.11352,0.11356,-0.0008736,0,-0.00009474,0,-4.999999999999449e-05,-0.00044029587883052566
1772290200000,2026-02-28T14:50:00Z,0.11351,0.11378,0.11278,0.11295,2777180.7,314178.006215,0.11351,0.11378,0.11286,0.11299,0.11356,0.11383,0.11296,0.1131,0,0,-0.0013358,0,-0.00015000000000001124,-0.0013262599469497014
1772290500000,2026-02-28T14:55:00Z,0.11295,0.11323,0.11263,0.11315,798810.2,90227.148525,0.11299,0.11328,0.1127,0.11316,0.1131,0.11335,0.11281,0.11325,0,-0.00000441,-0.00054059,-0.00000441,-0.00010000000000000286,-0.000883002207505544
1772290800000,2026-02-28T15:00:00Z,0.11315,0.1133,0.11266,0.11314,1303116.5,147237.065628,0.11316,0.11328,0.11272,0.11314,0.11325,0.1133,0.11284,0.11319,-0.00000441,0,-0.00103775,-0.00103775,-4.999999999999449e-05,-0.000441735135612638
1772291100000,2026-02-28T15:05:00Z,0.11314,0.11314,0.1124,0.11267,1741509.3,196253.943407,0.11314,0.11315,0.11257,0.11267,0.11319,0.11322,0.11267,0.11279,-0.00103775,-0.00046794,-0.00110722,-0.00046794,-0.00011999999999999511,-0.0010639241067470087
1772291400000,2026-02-28T15:10:00Z,0.11267,0.11278,0.11179,0.11185,1862324.4,208969.650644,0.11267,0.11278,0.11185,0.11185,0.11279,0.11288,0.11195,0.11195,-0.00046794,-0.00051067,-0.0006543,-0.0006543,-9.999999999998899e-05,-0.0008932559178203573
1772291700000,2026-02-28T15:15:00Z,0.11185,0.11233,0.11185,0.11221,639927.6,71788.004741,0.11185,0.11232,0.11185,0.11221,0.11195,0.11237,0.11193,0.11232,-0.0006543,-0.00039039,-0.00050236,-0.00039039,-0.00010999999999999899,-0.0009793447293447203
1772292000000,2026-02-28T15:20:00Z,0.11221,0.11279,0.11211,0.11276,1026470.9,115461.980302,0.11221,0.1128,0.11213,0.11277,0.11232,0.11288,0.11224,0.11285,-0.00039039,0,-0.00099459,-0.00099459,-9.000000000000674e-05,-0.0007975188303057753
1772292300000,2026-02-28T15:25:00Z,0.11276,0.11376,0.11255,0.11365,1719965.2,195152.268375,0.11277,0.11373,0.11257,0.11366,0.11285,0.1138,0.11269,0.11374,-0.00099459,0,0,0,-8.999999999999286e-05,-0.0007912783541409607
1772292600000,2026-02-28T15:30:00Z,0.11365,0.11384,0.11327,0.11379,1105281,125473.682547,0.11366,0.11382,0.11337,0.11381,0.11374,0.11387,0.11348,0.11387,0,-0.00008102,-0.00045949,-0.00045949,-7.999999999999674e-05,-0.000702555545797811
1772292900000,2026-02-28T15:35:00Z,0.11379,0.11402,0.11341,0.11347,651378.1,74104.429595,0.11381,0.11402,0.11341,0.11347,0.11387,0.11407,0.11356,0.1136,-0.00045949,-0.00062307,-0.00071971,-0.00062307,-0.0001300000000000051,-0.0011443661971831435
1772293200000,2026-02-28T15:40:00Z,0.11347,0.11363,0.11327,0.11343,530666.6,60222.891241,0.11347,0.11363,0.11334,0.11345,0.1136,0.11371,0.11348,0.11359,-0.00062307,-0.00089152,-0.00096794,-0.00096794,-0.00015999999999999348,-0.0014085746984769212
1772293500000,2026-02-28T15:45:00Z,0.11343,0.11353,0.11329,0.11339,283868.3,32187.510547,0.11345,0.11353,0.11329,0.11339,0.11359,0.11362,0.1134,0.1135,-0.00096794,0,-0.00069039,0,-0.00010999999999999899,-0.0009691629955947047
1772293800000,2026-02-28T15:50:00Z,0.11339,0.11355,0.11331,0.11342,348967.1,39590.791051,0.11339,0.1136,0.11332,0.11342,0.1135,0.11369,0.11342,0.11352,0,-0.00009598,-0.00069682,-0.00009598,-9.999999999998899e-05,-0.0008809020436926444
1772294100000,2026-02-28T15:55:00Z,0.11342,0.11359,0.11338,0.1135,303382.3,34427.20329,0.11342,0.11359,0.1134,0.1135,0.11352,0.11363,0.11348,0.11353,-0.00009598,-0.00000757,-0.00017939,-0.00000757,-3.0000000000002247e-05,-0.00026424733550605345
1772294400000,2026-02-28T16:00:00Z,0.1135,0.1135,0.113,0.11309,476473.7,53937.364209,0.1135,0.1135,0.11303,0.11309,0.11353,0.11353,0.11314,0.11315,-0.00000757,-0.0007256,-0.00080448,-0.0007256,-6.0000000000004494e-05,-0.000530269553689832
1772294700000,2026-02-28T16:05:00Z,0.11309,0.11326,0.11285,0.11311,580641.1,65650.248614,0.11309,0.11328,0.11289,0.11315,0.11315,0.11337,0.11302,0.11326,-0.0007256,-0.00025803,-0.00069678,-0.00069678,-0.00014999999999999736,-0.0013243863676496324
1772295000000,2026-02-28T16:10:00Z,0.11311,0.11317,0.11279,0.1131,1056927.1,119448.754292,0.11315,0.11317,0.1128,0.1131,0.11326,0.11327,0.11289,0.11318,-0.00069678,-0.00044491,-0.00080838,-0.00044491,-7.999999999999674e-05,-0.0007068386640748961
1772295300000,2026-02-28T16:15:00Z,0.1131,0.11316,0.11258,0.1127,773242.7,87199.580876,0.1131,0.11316,0.11259,0.1127,0.11318,0.11325,0.11272,0.11282,-0.00044491,-0.00043297,-0.00122189,-0.00122189,-0.00012000000000000899,-0.001063641198369163
1772295600000,2026-02-28T16:20:00Z,0.1127,0.11293,0.11264,0.11287,323141.5,36455.891835,0.1127,0.11291,0.11265,0.11285,0.11282,0.11298,0.11277,0.11292,-0.00122189,-0.0000431,-0.0003793,-0.0003793,-5.000000000000837e-05,-0.0004427913567127911
1772295900000,2026-02-28T16:25:00Z,0.11287,0.11288,0.11265,0.11274,486501.6,54863.513518,0.11285,0.11288,0.11268,0.11278,0.11292,0.11295,0.11277,0.11285,-0.0003793,0,-0.00047855,-0.00047855,-0.00010999999999999899,-0.00097474523704031
1772296200000,2026-02-28T16:30:00Z,0.11274,0.11274,0.11229,0.11247,705908.8,79390.290104,0.11278,0.11278,0.1123,0.11249,0.11285,0.11286,0.11241,0.11259,-0.00047855,-0.00012568,-0.00028491,-0.00028491,-0.00011999999999999511,-0.0010658140154542598
1772296500000,2026-02-28T16:35:00Z,0.11247,0.11252,0.11203,0.1121,459638.3,51562.887661,0.11249,0.11252,0.11206,0.1121,0.11259,0.11261,0.11221,0.11223,-0.00028491,-0.00087364,-0.00101479,-0.00087364,-0.00012999999999999123,-0.0011583355609016417
1772296800000,2026-02-28T16:40:00Z,0.1121,0.11306,0.11208,0.11289,1207800.4,135818.09783,0.1121,0.11299,0.11208,0.11289,0.11223,0.11302,0.11222,0.11297,-0.00087364,-0.00030809,-0.00057317,-0.00030809,-7.999999999999674e-05,-0.0007081526068867552
1772297100000,2026-02-28T16:45:00Z,0.11289,0.11294,0.11251,0.11271,807763.8,91042.031749,0.11289,0.11294,0.11257,0.11281,0.11297,0.11298,0.11268,0.11292,-0.00030809,-0.00041791,-0.00071456,-0.00071456,-0.00021000000000000185,-0.0018597236981934275
1772297400000,2026-02-28T16:50:00Z,0.11271,0.11297,0.11256,0.11297,619994.2,69922.014753,0.11281,0.11298,0.11258,0.11297,0.11292,0.11307,0.11271,0.11306,-0.00071456,-0.00007804,-0.00059752,-0.00059752,-8.999999999999286e-05,-0.0007960375022111522
1772297700000,2026-02-28T16:55:00Z,0.11297,0.11329,0.11269,0.11313,934726.2,105685.779763,0.11297,0.11328,0.11275,0.1132,0.11306,0.11336,0.11288,0.1133,-0.00059752,-0.00010096,-0.00041626,-0.00010096,-0.00017000000000000348,-0.0015004413062665797
1772298000000,2026-02-28T17:00:00Z,0.11313,0.1132,0.11296,0.11301,309646.3,35018.367634,0.1132,0.1132,0.11296,0.11304,0.1133,0.1133,0.11307,0.11316,-0.00010096,-0.0007087,-0.00075013,-0.0007087,-0.00014999999999999736,-0.0013255567338281845
1772298300000,2026-02-28T17:05:00Z,0.11301,0.11306,0.11283,0.11284,239948.8,27104.052362,0.11304,0.11306,0.11283,0.11284,0.11316,0.11316,0.11294,0.11295,-0.0007087,0,-0.00030343,0,-0.00010999999999999899,-0.0009738822487826383
1772298600000,2026-02-28T17:10:00Z,0.11284,0.11296,0.11259,0.11277,1183548.3,133492.187651,0.11284,0.11296,0.11266,0.11277,0.11295,0.11308,0.11275,0.11284,0,-0.00077111,-0.00089812,-0.00089812,-7.000000000000062e-05,-0.0006203473945409485
1772298900000,2026-02-28T17:15:00Z,0.11277,0.11285,0.11253,0.11263,582037.6,65548.483465,0.11277,0.11285,0.11253,0.11263,0.11284,0.1129,0.11265,0.11267,-0.00089812,-0.00044962,-0.00079487,-0.00079487,-4.000000000001225e-05,-0.000355019082275781
1772299200000,2026-02-28T17:20:00Z,0.11263,0.11274,0.11252,0.11267,271797,30612.28281,0.11263,0.11274,0.11258,0.11267,0.11267,0.11281,0.11266,0.11274,-0.00079487,0,0,0,-7.000000000000062e-05,-0.0006208976405889712
1772299500000,2026-02-28T17:25:00Z,0.11267,0.11303,0.11267,0.11291,494513.9,55818.419957,0.11267,0.11305,0.11267,0.11291,0.11274,0.11312,0.11274,0.11304,0,-0.00089096,-0.00102442,-0.00089096,-0.0001300000000000051,-0.0011500353857042207
1772299800000,2026-02-28T17:30:00Z,0.11291,0.11314,0.11291,0.11304,291025.4,32895.266381,0.11291,0.11314,0.11291,0.11307,0.11304,0.11319,0.11303,0.11315,-0.00089096,-0.00021103,-0.00058239,-0.00021103,-0.00010999999999999899,-0.000972160848431277
1772300100000,2026-02-28T17:35:00Z,0.11304,0.11313,0.11261,0.11284,955198.3,107757.266651,0.11307,0.11313,0.11268,0.11281,0.11315,0.11316,0.11276,0.1129,-0.00021103,-0.00032937,-0.0007033,-0.00032937,-6.0000000000004494e-05,-0.0005314437555359123
1772300400000,2026-02-28T17:40:00Z,0.11284,0.1129,0.11218,0.11245,1578728.9,177556.29609,0.11281,0.1129,0.11227,0.11245,0.1129,0.11298,0.11235,0.11258,-0.00032937,-0.00137977,-0.00148391,-0.00137977,-0.0001300000000000051,-0.0011547344110854956
1772300700000,2026-02-28T17:45:00Z,0.11245,0.11316,0.11214,0.11306,1418262.6,159805.544214,0.11245,0.11315,0.11219,0.11306,0.11258,0.11321,0.11233,0.11316,-0.00137977,-0.0002467,-0.00044715,-0.00044715,-0.00010000000000000286,-0.0008837044892188306
1772301000000,2026-02-28T17:50:00Z,0.11306,0.11321,0.11282,0.11282,282488.8,31935.832288,0.11306,0.11319,0.11284,0.11287,0.11316,0.11326,0.11292,0.11297,-0.00044715,0,-0.00029045,-0.00029045,-0.00014999999999999736,-0.0013277861379126967
1772301300000,2026-02-28T17:55:00Z,0.11282,0.11396,0.11281,0.1136,1482106.3,168381.413679,0.11287,0.11395,0.11285,0.11373,0.11297,0.11397,0.11297,0.11377,-0.00029045,0,0,0,-0.0001699999999999896,-0.0014942427705017984
1772301600000,2026-02-28T18:00:00Z,0.1136,0.11384,0.11342,0.11373,640366.6,72738.277217,0.11373,0.1138,0.11347,0.11374,0.11377,0.1139,0.1136,0.11385,0,0,-0.00107894,-0.00107894,-0.00012000000000000899,-0.001054018445322872
1772301900000,2026-02-28T18:05:00Z,0.11373,0.11418,0.11364,0.11398,510698.7,58171.08951,0.11374,0.11414,0.11365,0.11395,0.11385,0.11422,0.11375,0.11408,-0.00107894,-0.00074434,-0.00079479,-0.00074434,-0.00010000000000000286,-0.0008765778401122271
1772302200000,2026-02-28T18:10:00Z,0.11398,0.11412,0.11375,0.11379,337974.8,38530.313453,0.11395,0.11412,0.11375,0.11381,0.11408,0.1142,0.11389,0.11389,-0.00074434,-0.00071842,-0.00092138,-0.00092138,-0.00010000000000000286,-0.0008780402142418373
1772302500000,2026-02-28T18:15:00Z,0.11379,0.11387,0.11359,0.11366,317113.4,36053.369466,0.11381,0.11387,0.11362,0.11366,0.11389,0.11396,0.11379,0.11381,-0.00092138,-0.00105439,-0.00139063,-0.00105439,-0.00014999999999999736,-0.0013179861172128756
1772302800000,2026-02-28T18:20:00Z,0.11366,0.11383,0.1135,0.11354,421150.7,47853.438367,0.11366,0.11383,0.11353,0.11356,0.11381,0.1139,0.11367,0.1137,-0.00105439,-0.00099296,-0.00122439,-0.00099296,-0.00015999999999999348,-0.0014072119613016138
1772303100000,2026-02-28T18:25:00Z,0.11354,0.11383,0.11349,0.11376,242541.6,27559.326976,0.11356,0.11386,0.11352,0.11381,0.1137,0.11396,0.11365,0.11392,-0.00099296,-0.00008744,-0.00064793,-0.00064793,-0.00015999999999999348,-0.0014044943820224148
1772303400000,2026-02-28T18:30:00Z,0.11376,0.11482,0.11374,0.11459,1971447,225553.346223,0.11381,0.11469,0.11375,0.11457,0.11392,0.11477,0.11384,0.11461,-0.00064793,0,-0.00066669,0,-2.0000000000006124e-05,-0.00017450484250943306
1772303700000,2026-02-28T18:35:00Z,0.11459,0.11598,0.11459,0.11591,2732756.9,315584.857007,0.11457,0.11593,0.11457,0.11589,0.11461,0.11598,0.11461,0.11593,0,-0.00012787,-0.00041512,-0.00012787,-2.0000000000006124e-05,-0.00017251789873204626
1772304000000,2026-02-28T18:40:00Z,0.11591,0.11606,0.11551,0.11575,854874.5,98949.067587,0.11589,0.11606,0.11555,0.11575,0.11593,0.11614,0.11566,0.11581,-0.00012787,-0.00019574,-0.00055018,-0.00019574,-5.9999999999990616e-05,-0.0005180899749589035
1772304300000,2026-02-28T18:45:00Z,0.11575,0.11608,0.11562,0.11585,586624.6,67956.141811,0.11575,0.11604,0.11567,0.11585,0.11581,0.11608,0.11574,0.1159,-0.00019574,0,-0.0004069,0,-5.000000000000837e-05,-0.0004314063848145675
1772304600000,2026-02-28T18:50:00Z,0.11585,0.11686,0.11578,0.11677,1015790.9,118170.052615,0.11585,0.11682,0.11583,0.1168,0.1159,0.11686,0.11589,0.11684,0,-0.00023324,-0.00031243,-0.00023324,-7.000000000000062e-05,-0.0005991098938719669
1772304900000,2026-02-28T18:55:00Z,0.11677,0.11728,0.11619,0.11639,1857733.5,217016.407938,0.1168,0.11728,0.11626,0.11638,0.11684,0.11732,0.11638,0.11648,-0.00023324,-0.00006448,-0.00073485,-0.00006448,-9.000000000000674e-05,-0.000772664835164893
1772305200000,2026-02-28T19:00:00Z,0.11639,0.11645,0.1161,0.11617,482593.9,56104.497528,0.11638,0.11644,0.11617,0.1162,0.11648,0.11652,0.11632,0.11634,-0.00006448,-0.00015512,-0.00081254,-0.00081254,-0.00017000000000000348,-0.0014612343132199028
1772305500000,2026-02-28T19:05:00Z,0.11617,0.11621,0.11547,0.11548,891090.8,103137.645805,0.1162,0.11621,0.1155,0.11554,0.11634,0.11634,0.11563,0.11563,-0.00081254,-0.00081351,-0.00123025,-0.00123025,-0.00014999999999999736,-0.0012972412003805012
1772305800000,2026-02-28T19:10:00Z,0.11548,0.11585,0.11534,0.11567,1183706.2,136841.43988,0.11554,0.11585,0.11541,0.11568,0.11563,0.11593,0.11553,0.11582,-0.00123025,-0.00065516,-0.00105556,-0.00105556,-0.00015000000000001124,-0.0012951131065447351
1772306100000,2026-02-28T19:15:00Z,0.11567,0.11637,0.11562,0.11598,894653,103857.622393,0.11568,0.11637,0.11568,0.11602,0.11582,0.11644,0.11582,0.1161,-0.00105556,0,-0.00057099,0,-0.00011999999999999511,-0.0010335917312661077
1772306400000,2026-02-28T19:20:00Z,0.11598,0.11605,0.11588,0.11595,830348.6,96305.353768,0.11602,0.11605,0.1159,0.11598,0.1161,0.11614,0.11601,0.11608,0,-0.00027139,-0.00036872,-0.00036872,-0.0001300000000000051,-0.0011199172984149304
1772306700000,2026-02-28T19:25:00Z,0.11595,0.11632,0.11594,0.11612,563083.2,65413.647425,0.11598,0.11629,0.11594,0.1162,0.11608,0.11634,0.11604,0.11629,-0.00036872,0,-0.00068074,0,-0.00017000000000000348,-0.0014618625849170477
1772307000000,2026-02-28T19:30:00Z,0.11612,0.11793,0.11606,0.11773,2911580.3,341132.23857,0.1162,0.1179,0.1161,0.11781,0.11629,0.11795,0.11619,0.1179,0,-0.00069281,-0.00088577,-0.00069281,-0.00017000000000000348,-0.0014418999151823873
1772307300000,2026-02-28T19:35:00Z,0.11773,0.11985,0.11773,0.11969,2421736.2,287573.124956,0.11781,0.11982,0.11781,0.11973,0.1179,0.11987,0.1179,0.11979,-0.00069281,0,-0.00020542,0,-9.999999999998899e-05,-0.0008347942232238834
1772307600000,2026-02-28T19:40:00Z,0.11969,0.11973,0.11828,0.11863,1645896.3,195748.897559,0.11973,0.11973,0.11833,0.1186,0.11979,0.11979,0.11847,0.11864,0,0,-0.00084967,0,-9.999999999996123e-06,-8.428860418068209e-05
1772307900000,2026-02-28T19:45:00Z,0.11863,0.11915,0.11852,0.1191,1341084.8,159285.311425,0.1186,0.11915,0.1186,0.11913,0.11864,0.11918,0.11864,0.11918,0,0,-0.00118532,0,-7.999999999999674e-05,-0.0006712535660345423
1772308200000,2026-02-28T19:50:00Z,0.1191,0.11928,0.11855,0.11863,896545,106664.475095,0.11913,0.11928,0.11864,0.11866,0.11918,0.11934,0.11876,0.11878,0,0,-0.00036805,-0.00036805,-0.00014999999999999736,-0.0012628388617612171
1772308500000,2026-02-28T19:55:00Z,0.11863,0.11869,0.11798,0.11834,1108994.2,131194.196084,0.11866,0.11869,0.11807,0.11834,0.11878,0.1188,0.11819,0.11838,-0.00036805,-0.00075181,-0.00153503,-0.00075181,-3.999999999999837e-05,-0.0003378949146815203
1772308800000,2026-02-28T20:00:00Z,0.11834,0.11849,0.11801,0.11815,708290.8,83737.918149,0.11834,0.11848,0.11806,0.11815,0.11838,0.11855,0.11812,0.11821,-0.00075181,-0.00059103,-0.00068843,-0.00068843,-5.9999999999990616e-05,-0.0005075712714659557
1772309100000,2026-02-28T20:05:00Z,0.11815,0.11856,0.11805,0.11853,541034.7,64011.468498,0.11815,0.11855,0.1181,0.11853,0.11821,0.11856,0.11819,0.11856,-0.00068843,-0.00017833,-0.00055211,-0.00017833,-3.0000000000002247e-05,-0.00025303643724698254
1772309400000,2026-02-28T20:10:00Z,0.11853,0.11966,0.11853,0.11937,1011994.6,120492.260898,0.11853,0.11968,0.11853,0.11946,0.11856,0.1197,0.11856,0.11948,-0.00017833,0,-0.00047725,-0.00047725,-0.00010999999999999899,-0.0009206561767659775
1772309700000,2026-02-28T20:15:00Z,0.11937,0.11993,0.119,0.1194,842145.8,100591.477133,0.11946,0.11985,0.11904,0.11938,0.11948,0.11992,0.11914,0.11942,-0.00047725,-0.00034811,-0.00092803,-0.00034811,-1.9999999999992246e-05,-0.00016747613465074732
1772310000000,2026-02-28T20:20:00Z,0.1194,0.12076,0.11939,0.1204,2961901.9,356092.287544,0.11938,0.12075,0.11938,0.12046,0.11942,0.12078,0.11942,0.12052,-0.00034811,0,-0.00025681,0,-0.00012000000000000899,-0.0009956853634252322
1772310300000,2026-02-28T20:25:00Z,0.1204,0.12071,0.11984,0.11992,598276.5,71993.866592,0.12046,0.12065,0.1199,0.11992,0.12052,0.12066,0.11998,0.12,0,0,0,0,-7.999999999999674e-05,-0.0006666666666666395
1772310600000,2026-02-28T20:30:00Z,0.11992,0.11999,0.11918,0.11936,574915,68802.588786,0.11992,0.11996,0.11923,0.11936,0.12,0.12001,0.11933,0.11942,0,-0.00003745,-0.00058485,-0.00003745,-6.0000000000004494e-05,-0.0005024284039524744
1772310900000,2026-02-28T20:35:00Z,0.11936,0.1194,0.11891,0.1193,626880,74685.486585,0.11936,0.11938,0.11892,0.11927,0.11942,0.11945,0.11901,0.11935,-0.00003745,0,-0.00039593,-0.00039593,-4.999999999999449e-05,-0.0004189359028068244
1772311200000,2026-02-28T20:40:00Z,0.1193,0.11996,0.1193,0.11972,867224.7,103771.503873,0.11927,0.11994,0.11927,0.11972,0.11935,0.11998,0.11935,0.11984,-0.00039593,-0.00053977,-0.00062266,-0.00062266,-0.00012000000000000899,-0.001001335113484721
1772311500000,2026-02-28T20:45:00Z,0.11972,0.12101,0.11964,0.12081,1131856,136360.192634,0.11972,0.12093,0.11965,0.12086,0.11984,0.12097,0.11975,0.1209,-0.00062266,-0.0000067,-0.00003101,-0.0000067,-8.999999999999286e-05,-0.0007444168734490725
1772311800000,2026-02-28T20:50:00Z,0.12081,0.12089,0.12024,0.12068,1046041.9,126129.231877,0.12086,0.12089,0.12035,0.12072,0.1209,0.12091,0.12038,0.12075,-0.0000067,0,0,0,-7.000000000000062e-05,-0.0005797101449275413
1772312100000,2026-02-28T20:55:00Z,0.12068,0.12099,0.12042,0.12072,859992.5,103829.681839,0.12072,0.12103,0.12047,0.12081,0.12075,0.12104,0.12051,0.12087,0,0,0,0,-0.00015000000000001124,-0.0012410027302060993
1772312400000,2026-02-28T21:00:00Z,0.12072,0.12106,0.11947,0.11984,1782734.5,214551.591036,0.12081,0.12103,0.11948,0.11984,0.12087,0.12109,0.11962,0.11987,0,0,-0.00015129,-0.00015129,-3.0000000000002247e-05,-0.00025027112705432755
1772312700000,2026-02-28T21:05:00Z,0.11984,0.11991,0.11909,0.11937,757489.6,90425.057685,0.11984,0.11989,0.11919,0.11937,0.11987,0.1199,0.11929,0.11948,-0.00015129,-0.00048191,-0.0005143,-0.00048191,-0.00010999999999999899,-0.0009206561767659775
1772313000000,2026-02-28T21:10:00Z,0.11937,0.11969,0.11909,0.1195,437162.7,52182.969196,0.11937,0.11969,0.11912,0.11952,0.11948,0.11975,0.11923,0.11962,-0.00048191,0,0,0,-0.00012000000000000899,-0.001003176726300025
1772313300000,2026-02-28T21:15:00Z,0.1195,0.11954,0.11891,0.11895,502334.6,59876.560545,0.11952,0.11954,0.11902,0.11902,0.11962,0.11963,0.11915,0.11917,0,-0.00109647,-0.00120379,-0.00120379,-0.00021999999999999797,-0.0018461022069312578
1772313600000,2026-02-28T21:20:00Z,0.11895,0.11953,0.11895,0.11945,714710.7,85228.029341,0.11902,0.11952,0.11897,0.11946,0.11917,0.11962,0.11912,0.11959,-0.00120379,-0.00067138,-0.00068878,-0.00067138,-0.00014000000000000123,-0.0011706664436825925
1772313900000,2026-02-28T21:25:00Z,0.11945,0.11956,0.11917,0.11917,293402.2,35015.490739,0.11946,0.11954,0.11923,0.11928,0.11959,0.11962,0.11934,0.1194,-0.00067138,-0.00058578,-0.00068963,-0.00068963,-0.00023000000000000798,-0.001926298157454003
1772314200000,2026-02-28T21:30:00Z,0.11917,0.11927,0.11888,0.11906,409155.5,48718.474666,0.11928,0.11928,0.11889,0.11911,0.1194,0.1194,0.11901,0.11919,-0.00068963,-0.00018049,-0.00052356,-0.00018049,-0.0001300000000000051,-0.0010906955281483775
1772314500000,2026-02-28T21:35:00Z,0.11906,0.12059,0.11899,0.11968,2376367.7,284671.479152,0.11911,0.12048,0.11903,0.11967,0.11919,0.12058,0.1191,0.11973,-0.00018049,-0.00040524,-0.00053565,-0.00053565,-5.000000000000837e-05,-0.00041760628079853313
1772314800000,2026-02-28T21:40:00Z,0.11968,0.11976,0.11942,0.11974,580376.4,69394.707115,0.11967,0.11977,0.11947,0.11974,0.11973,0.11985,0.1196,0.11981,-0.00053565,0,-0.00002304,-0.00002304,-7.000000000000062e-05,-0.0005842584091478225
1772315100000,2026-02-28T21:45:00Z,0.11974,0.12033,0.11974,0.12017,403985.7,48528.71356,0.11974,0.12033,0.11974,0.12017,0.11981,0.12038,0.11979,0.12019,-0.00002304,-0.00022195,-0.00050553,-0.00050553,-2.0000000000006124e-05,-0.0001664031949413938
1772315400000,2026-02-28T21:50:00Z,0.12017,0.12017,0.11959,0.11988,336402.7,40329.827273,0.12017,0.12017,0.1196,0.11988,0.12019,0.12019,0.1197,0.1199,-0.00050553,0,-0.0003098,0,-2.0000000000006124e-05,-0.00016680567139287843
1772315700000,2026-02-28T21:55:00Z,0.11988,0.12027,0.11976,0.12001,687730.2,82532.184591,0.11988,0.12027,0.11983,0.12001,0.1199,0.12034,0.11989,0.12007,0,0,-0.00069576,-0.00069576,-5.9999999999990616e-05,-0.0004997085033729543
1772316000000,2026-02-28T22:00:00Z,0.12001,0.12115,0.12001,0.1211,1017458.7,122776.201283,0.12001,0.12116,0.12001,0.12115,0.12007,0.12122,0.12007,0.12121,-0.00069576,0,0,0,-0.00010999999999999899,-0.0009075158815279184
1772316300000,2026-02-28T22:05:00Z,0.1211,0.12133,0.12078,0.12118,738963.3,89499.22038,0.12115,0.12128,0.12083,0.1212,0.12121,0.12136,0.12091,0.12129,0,0,-0.00023513,-0.00023513,-0.00010999999999999899,-0.0009069173056311237
1772316600000,2026-02-28T22:10:00Z,0.12118,0.12131,0.12088,0.12108,615773.8,74570.561423,0.1212,0.1213,0.12097,0.12108,0.12129,0.12137,0.12109,0.1212,-0.00023513,-0.00020249,-0.00024727,-0.00020249,-0.00012000000000000899,-0.0009900990099010643
1772316900000,2026-02-28T22:15:00Z,0.12108,0.1213,0.12086,0.12107,353962.3,42842.388457,0.12108,0.12126,0.1209,0.12107,0.1212,0.12131,0.121,0.12116,-0.00020249,0,0,0,-9.000000000000674e-05,-0.0007428194123473649
1772317200000,2026-02-28T22:20:00Z,0.12107,0.12146,0.12107,0.12114,378151,45870.333635,0.12107,0.12144,0.12107,0.12117,0.12116,0.1215,0.12116,0.12127,0,0,-0.00005306,0,-0.0001300000000000051,-0.0010719881256700348
1772317500000,2026-02-28T22:25:00Z,0.12114,0.12115,0.12078,0.12092,198839.9,24050.448954,0.12117,0.12117,0.12086,0.12086,0.12127,0.12127,0.121,0.12101,0,0,-0.0005976,-0.0005976,-9.000000000000674e-05,-0.0007437401867614803
1772317800000,2026-02-28T22:30:00Z,0.12092,0.1217,0.12073,0.12144,1472094.1,178501.133489,0.12086,0.12157,0.12083,0.12145,0.12101,0.1216,0.12098,0.12153,-0.0005976,0,0,0,-8.999999999999286e-05,-0.0007405578869414372
1772318100000,2026-02-28T22:35:00Z,0.12144,0.12258,0.12142,0.12227,1305022.2,159275.384119,0.12145,0.12256,0.12145,0.12227,0.12153,0.12265,0.12152,0.12232,0,0,0,0,-4.999999999999449e-05,-0.00040876389797248606
1772318400000,2026-02-28T22:40:00Z,0.12227,0.12227,0.12124,0.12139,515739.7,62684.451243,0.12227,0.12227,0.12128,0.12142,0.12232,0.12234,0.12143,0.12157,0,-0.0000788,-0.00021132,-0.00021132,-0.0001799999999999996,-0.0014806284445175587
1772318700000,2026-02-28T22:45:00Z,0.12139,0.12193,0.12113,0.12171,396512.2,48211.989038,0.12142,0.12196,0.12117,0.12172,0.12157,0.12207,0.12133,0.12184,-0.00021132,-0.00026213,-0.00044376,-0.00026213,-0.0001300000000000051,-0.001066973079448499
1772319000000,2026-02-28T22:50:00Z,0.12171,0.12171,0.121,0.12131,802310,97317.744005,0.12172,0.12172,0.12111,0.12135,0.12184,0.12184,0.12126,0.12146,-0.00026213,0,-0.00024154,-0.00024154,-0.00014999999999999736,-0.0012349744771941163
1772319300000,2026-02-28T22:55:00Z,0.12131,0.12166,0.12125,0.12134,226443.9,27502.799679,0.12135,0.12168,0.12129,0.12134,0.12146,0.12182,0.12143,0.12149,-0.00024154,-0.0004121,-0.00047974,-0.0004121,-0.00014999999999999736,-0.0012346695201250915
1772319600000,2026-02-28T23:00:00Z,0.12134,0.12153,0.12127,0.12142,259412.2,31498.843056,0.12134,0.12155,0.12133,0.12143,0.12149,0.12171,0.12146,0.12158,-0.0004121,0,-0.00065769,-0.00065769,-0.00015999999999999348,-0.0013160059220265956
1772319900000,2026-02-28T23:05:00Z,0.12142,0.12175,0.12136,0.12165,287001,34897.98298,0.12143,0.12175,0.12143,0.12169,0.12158,0.1218,0.12153,0.1218,-0.00065769,0,-0.00020305,-0.00020305,-0.00015000000000001124,-0.0012315270935961513
1772320200000,2026-02-28T23:10:00Z,0.12165,0.1219,0.1212,0.12127,589726,71674.62845,0.12169,0.1219,0.1212,0.12127,0.1218,0.12197,0.12128,0.12134,-0.00020305,0,-0.00055016,-0.00055016,-7.000000000000062e-05,-0.0005768913795945328
1772320500000,2026-02-28T23:15:00Z,0.12127,0.12147,0.12119,0.12124,531798.5,64521.953287,0.12127,0.12147,0.12119,0.12134,0.12134,0.12151,0.12124,0.12137,-0.00055016,0,0,0,-0.0001300000000000051,-0.0010711048858861754
1772320800000,2026-02-28T23:20:00Z,0.12124,0.12129,0.12106,0.12106,173810,21066.985858,0.12134,0.12134,0.12109,0.1211,0.12137,0.12137,0.12116,0.12116,0,0,-0.00028691,-0.00028691,-0.00010000000000000286,-0.0008253549026081451
1772321100000,2026-02-28T23:25:00Z,0.12106,0.12147,0.12096,0.12134,237298.9,28761.324847,0.1211,0.1215,0.12099,0.12137,0.12116,0.12152,0.12107,0.1214,-0.00028691,0,0,0,-5.9999999999990616e-05,-0.0004942339373969573
1772321400000,2026-02-28T23:30:00Z,0.12134,0.12176,0.12121,0.12124,398489.7,48405.309609,0.12137,0.1218,0.12121,0.12128,0.1214,0.12182,0.12126,0.12136,0,0,-0.00006748,0,-0.00011999999999999511,-0.0009887936717204607
1772321700000,2026-02-28T23:35:00Z,0.12124,0.12156,0.1211,0.12149,403678.4,48979.40956,0.12128,0.12156,0.12114,0.12144,0.12136,0.1216,0.12122,0.12153,0,0,-0.00072612,0,-3.999999999999837e-05,-0.00032913683864065145
1772322000000,2026-02-28T23:40:00Z,0.12149,0.12176,0.12132,0.12176,368171.5,44739.782399,0.12144,0.12179,0.12137,0.12178,0.12153,0.12186,0.12145,0.12186,0,-0.00025608,-0.00041143,-0.00041143,-0.00010000000000000286,-0.0008206138191367378
1772322300000,2026-02-28T23:45:00Z,0.12176,0.12205,0.12176,0.12182,881036.8,107407.940262,0.12178,0.12206,0.12178,0.12184,0.12186,0.12215,0.12186,0.12196,-0.00041143,-0.00045666,-0.00052762,-0.00052762,-0.00014000000000000123,-0.0011479173499508136
1772322600000,2026-02-28T23:50:00Z,0.12182,0.12227,0.12168,0.12224,576875.9,70418.244932,0.12184,0.1223,0.12175,0.12228,0.12196,0.12236,0.12187,0.12236,-0.00052762,-0.00013147,-0.00024016,-0.00024016,-0.00011999999999999511,-0.0009807126511931605
1772322900000,2026-02-28T23:55:00Z,0.12224,0.12261,0.1221,0.12256,1013260.4,123922.518013,0.12228,0.12259,0.12222,0.12259,0.12236,0.12265,0.12229,0.12263,-0.00024016,0,-0.00010208,0,-7.000000000000062e-05,-0.000570822800293571
