timestamp_ms,datetime_utc,open,high,low,close,volume,turnover,mark_open,mark_high,mark_low,mark_close,index_open,index_high,index_low,index_close,premium_open,premium_high,premium_low,premium_close,basis,basis_pct
1696118400000,2023-10-01T00:00:00Z,0.0885,0.08851,0.08846,0.08846,157018,13890.23435,0.0885,0.08851,0.08846,0.08846,0.08859,0.08859,0.08853,0.08854,-0.0009737,-0.00079069,-0.00090344,-0.00079069,-7.999999999999674e-05,-0.0009035464196972752
1696118700000,2023-10-01T00:05:00Z,0.08846,0.08858,0.08846,0.08857,247085,21873.21358,0.08846,0.08859,0.08846,0.08857,0.08854,0.08867,0.08854,0.08865,-0.00079069,-0.00077642,-0.00084401,-0.00077642,-8.000000000001062e-05,-0.0009024252679076211
1696119000000,2023-10-01T00:10:00Z,0.08857,0.08857,0.0885,0.08851,43952,3891.08682,0.08857,0.08857,0.08851,0.08852,0.08865,0.08865,0.0886,0.08861,-0.00077642,-0.0007898,-0.00087635,-0.0007898,-9.999999999998899e-05,-0.0011285407967496783
1696119300000,2023-10-01T00:15:00Z,0.08851,0.08857,0.08851,0.08856,49655,4397.37648,0.08852,0.08857,0.08852,0.08856,0.08861,0.08865,0.08861,0.08862,-0.0007898,-0.00073248,-0.00078847,-0.00073248,-6.0000000000004494e-05,-0.00067704807041305
1696119600000,2023-10-01T00:20:00Z,0.08856,0.08861,0.08852,0.08855,198521,17588.49067,0.08856,0.08861,0.08852,0.08856,0.08862,0.08868,0.08859,0.08863,-0.00073248,-0.00045151,-0.00063563,-0.00063563,-7.999999999999674e-05,-0.0009026289066907
1696119900000,2023-10-01T00:25:00Z,0.08855,0.0886,0.08855,0.08857,8786,778.149,0.08856,0.0886,0.08856,0.08857,0.08863,0.08866,0.08863,0.08864,-0.00063563,-0.00058449,-0.0006664,-0.0006664,-7.000000000000062e-05,-0.0007897111913357471
1696120200000,2023-10-01T00:30:00Z,0.08857,0.08858,0.08851,0.08854,38994,3453.26283,0.08857,0.08858,0.08852,0.08854,0.08864,0.08865,0.08859,0.08861,-0.0006664,-0.00067073,-0.0007178,-0.00067073,-7.000000000000062e-05,-0.0007899785577248688
1696120500000,2023-10-01T00:35:00Z,0.08854,0.08859,0.08852,0.08856,59410,5260.94124,0.08854,0.08859,0.08853,0.08856,0.08861,0.08865,0.08861,0.08863,-0.00067073,-0.00073569,-0.00076102,-0.00076102,-7.000000000000062e-05,-0.0007898002933544016
1696120800000,2023-10-01T00:40:00Z,0.08856,0.08859,0.08856,0.08859,105,9.29913,0.08856,0.08859,0.08856,0.08859,0.08863,0.08866,0.08863,0.08865,-0.00076102,-0.00058984,-0.00067681,-0.00067681,-6.0000000000004494e-05,-0.0006768189509306767
1696121100000,2023-10-01T00:45:00Z,0.08859,0.08859,0.08859,0.08859,20057,1776.84963,0.08859,0.08859,0.08859,0.08859,0.08865,0.08866,0.08865,0.08865,-0.00067681,-0.00061105,-0.00061206,-0.00061206,-6.0000000000004494e-05,-0.0006768189509306767
1696121400000,2023-10-01T00:50:00Z,0.08859,0.0886,0.08857,0.08859,2805,248.49495,0.08859,0.0886,0.08857,0.08859,0.08865,0.08866,0.08864,0.08864,-0.00061206,-0.00059081,-0.00061421,-0.00061421,-4.999999999999449e-05,-0.0005640794223826093
1696121700000,2023-10-01T00:55:00Z,0.08859,0.08862,0.08858,0.08862,1695,150.15982,0.08859,0.08862,0.08858,0.08862,0.08864,0.08868,0.08864,0.08868,-0.00061421,-0.00050569,-0.00053931,-0.00050569,-5.9999999999990616e-05,-0.0006765899864680945
1696122000000,2023-10-01T01:00:00Z,0.08862,0.08864,0.08848,0.08848,23266,2058.9904,0.08862,0.08864,0.08849,0.08849,0.08868,0.0887,0.08856,0.08856,-0.00050569,-0.00061589,-0.00087313,-0.00061589,-7.999999999999674e-05,-0.0009033423667569641
1696122300000,2023-10-01T01:05:00Z,0.08848,0.08848,0.08842,0.08845,15218,1346.10405,0.08849,0.08849,0.08843,0.08845,0.08856,0.08857,0.0885,0.08852,-0.00061589,-0.00056497,-0.00087395,-0.00087395,-7.000000000000062e-05,-0.0007907817442385971
1696122600000,2023-10-01T01:10:00Z,0.08845,0.08845,0.08836,0.08839,188973,16700.20022,0.08845,0.08847,0.08839,0.08841,0.08852,0.08854,0.08847,0.08849,-0.00087395,-0.00072635,-0.00085207,-0.00072635,-0.00010000000000000286,-0.001130071194485285
1696122900000,2023-10-01T01:15:00Z,0.08839,0.0884,0.08836,0.08838,26811,2369.25864,0.08841,0.08841,0.08836,0.08838,0.08849,0.08849,0.08844,0.08845,-0.00072635,-0.00077752,-0.00082025,-0.00077752,-7.000000000000062e-05,-0.000791407574901081
1696123200000,2023-10-01T01:20:00Z,0.08838,0.08838,0.0883,0.08836,198189,17504.69766,0.08838,0.08838,0.08833,0.08836,0.08845,0.08846,0.08842,0.08845,-0.00077752,-0.00070118,-0.00080368,-0.00070118,-9.000000000000674e-05,-0.0010175240248728858
1696123500000,2023-10-01T01:25:00Z,0.08836,0.08839,0.08831,0.08838,21798,1925.57992,0.08836,0.08839,0.08832,0.08838,0.08845,0.08847,0.08841,0.08844,-0.00070118,-0.00076647,-0.00086801,-0.00076647,-6.0000000000004494e-05,-0.0006784260515604307
1696123800000,2023-10-01T01:30:00Z,0.08838,0.08838,0.08834,0.08835,10883,961.67022,0.08838,0.08838,0.08835,0.08835,0.08844,0.08845,0.08842,0.08843,-0.00076647,-0.00057978,-0.00081725,-0.00081725,-7.999999999999674e-05,-0.0009046703607372696
1696124100000,2023-10-01T01:35:00Z,0.08835,0.08835,0.08834,0.08834,48216,4259.40144,0.08835,0.08835,0.08834,0.08835,0.08843,0.08843,0.08841,0.08843,-0.00081725,-0.00056751,-0.00077052,-0.00056751,-8.999999999999286e-05,-0.001017754155829389
1696124400000,2023-10-01T01:40:00Z,0.08834,0.08834,0.08826,0.08826,79161,6988.49065,0.08835,0.08835,0.08827,0.08827,0.08843,0.08843,0.08836,0.08836,-0.00056751,-0.00083781,-0.00092306,-0.00092306,-9.999999999998899e-05,-0.0011317338162063037
1696124700000,2023-10-01T01:45:00Z,0.08826,0.08826,0.08816,0.08816,358481,31615.00597,0.08827,0.08827,0.08816,0.08816,0.08836,0.08836,0.08825,0.08825,-0.00092306,-0.0009061,-0.0009061,-0.0009061,-8.999999999999286e-05,-0.0010198300283285311
1696125000000,2023-10-01T01:50:00Z,0.08816,0.08816,0.08811,0.08812,42823,3774.30615,0.08816,0.08816,0.08812,0.08812,0.08825,0.08825,0.08822,0.08822,-0.0009061,-0.00090354,-0.00101076,-0.00101076,-0.00010000000000000286,-0.0011335298118340836
1696125300000,2023-10-01T01:55:00Z,0.08812,0.08814,0.0881,0.0881,61263,5397.64673,0.08812,0.08814,0.0881,0.0881,0.08822,0.08823,0.08817,0.08818,-0.00101076,-0.00096871,-0.00097562,-0.00097562,-7.999999999999674e-05,-0.0009072352007257513
1696125600000,2023-10-01T02:00:00Z,0.0881,0.0882,0.0881,0.08817,137843,12148.59614,0.0881,0.0882,0.0881,0.08817,0.08818,0.08827,0.08818,0.08825,-0.00097562,-0.00065182,-0.00098141,-0.00098141,-7.999999999999674e-05,-0.000906515580736507
1696125900000,2023-10-01T02:05:00Z,0.08817,0.08817,0.08813,0.08813,14339,1263.76251,0.08817,0.08818,0.08813,0.08813,0.08825,0.08826,0.0882,0.0882,-0.00098141,-0.00079365,-0.00079365,-0.00079365,-7.000000000000062e-05,-0.0007936507936508007
1696126200000,2023-10-01T02:10:00Z,0.08813,0.08813,0.08804,0.08804,110920,9769.68693,0.08813,0.08813,0.08806,0.08806,0.0882,0.08821,0.08815,0.08815,-0.00079365,-0.00074773,-0.00111467,-0.00111467,-0.00011000000000001287,-0.0012478729438458634
1696126500000,2023-10-01T02:15:00Z,0.08804,0.08813,0.08804,0.08813,33367,2939.15004,0.08806,0.08813,0.08806,0.08813,0.08815,0.08822,0.08815,0.08822,-0.00111467,-0.00074889,-0.00098911,-0.00074889,-9.000000000000674e-05,-0.0010201768306507225
1696126800000,2023-10-01T02:20:00Z,0.08813,0.08821,0.08813,0.0882,65409,5769.06366,0.08813,0.08821,0.08813,0.0882,0.08822,0.0883,0.08822,0.08829,-0.00074889,-0.00089387,-0.00101936,-0.00101936,-8.999999999999286e-05,-0.0010193679918449753
1696127100000,2023-10-01T02:25:00Z,0.0882,0.0882,0.08814,0.08814,7298,643.56112,0.0882,0.0882,0.08814,0.08814,0.08829,0.0883,0.0882,0.0882,-0.00101936,-0.00097734,-0.00100124,-0.00100124,-6.0000000000004494e-05,-0.0006802721088435883
1696127400000,2023-10-01T02:30:00Z,0.08814,0.08814,0.08806,0.08806,79339,6989.71227,0.08814,0.08814,0.08806,0.08806,0.0882,0.08821,0.08814,0.08814,-0.00100124,-0.00079153,-0.00083611,-0.00083611,-7.999999999999674e-05,-0.0009076469253460034
1696127700000,2023-10-01T02:35:00Z,0.08806,0.08806,0.08796,0.08801,272603,23985.77714,0.08806,0.08806,0.08799,0.08802,0.08814,0.08814,0.08808,0.08812,-0.00083611,-0.000864,-0.00100317,-0.000864,-0.00010999999999999899,-0.0012482977757603154
1696128000000,2023-10-01T02:40:00Z,0.08801,0.08809,0.08801,0.08808,46608,4104.43902,0.08802,0.08809,0.08801,0.08808,0.08812,0.08817,0.0881,0.08817,-0.000864,-0.00055935,-0.00081291,-0.00081291,-8.999999999999286e-05,-0.0010207553589655536
1696128300000,2023-10-01T02:45:00Z,0.08808,0.08809,0.08803,0.08809,14243,1253.87451,0.08808,0.08809,0.08803,0.08809,0.08817,0.08817,0.08811,0.08817,-0.00081291,-0.00062063,-0.0007317,-0.0007317,-7.999999999999674e-05,-0.0009073380968583048
1696128600000,2023-10-01T02:50:00Z,0.08809,0.08809,0.08805,0.08805,17198,1514.47853,0.08809,0.08809,0.08805,0.08805,0.08817,0.08817,0.08813,0.08813,-0.0007317,-0.00076409,-0.00079428,-0.00076409,-7.999999999999674e-05,-0.0009077499148984085
1696128900000,2023-10-01T02:55:00Z,0.08805,0.08805,0.088,0.08801,9794,862.1096,0.08805,0.08805,0.08801,0.08801,0.08813,0.08813,0.08809,0.0881,-0.00076409,-0.00078436,-0.00090816,-0.00090816,-8.999999999999286e-05,-0.001021566401816037
1696129200000,2023-10-01T03:00:00Z,0.08801,0.08804,0.08784,0.08787,932354,81970.0905,0.08801,0.08804,0.08785,0.08787,0.0881,0.08812,0.08793,0.08794,-0.00090816,-0.00076126,-0.00085798,-0.00076126,-7.000000000000062e-05,-0.0007959972708665069
1696129500000,2023-10-01T03:05:00Z,0.08787,0.08796,0.08787,0.08796,148270,13031.79284,0.08787,0.08796,0.08787,0.08796,0.08794,0.08804,0.08794,0.08804,-0.00076126,-0.0007085,-0.00076757,-0.0007085,-7.999999999999674e-05,-0.0009086778736937387
1696129800000,2023-10-01T03:10:00Z,0.08796,0.08796,0.0879,0.08791,78368,6889.80829,0.08796,0.08796,0.08792,0.08793,0.08804,0.08804,0.088,0.08801,-0.0007085,-0.00075491,-0.0008717,-0.0008717,-0.00010000000000000286,-0.0011362345188047137
1696130100000,2023-10-01T03:15:00Z,0.08791,0.08808,0.08791,0.08806,35471,3121.19403,0.08793,0.08808,0.08792,0.08806,0.08801,0.08816,0.088,0.08813,-0.0008717,-0.00075779,-0.00076875,-0.00075779,-7.000000000000062e-05,-0.0007942811755361468
1696130400000,2023-10-01T03:20:00Z,0.08806,0.08808,0.08804,0.08805,33842,2980.29615,0.08806,0.08808,0.08804,0.08807,0.08813,0.08817,0.08813,0.08816,-0.00075779,-0.00084153,-0.00085226,-0.00084153,-0.00010999999999999899,-0.0012477313974591537
1696130700000,2023-10-01T03:25:00Z,0.08805,0.08812,0.08805,0.0881,337143,29703.38172,0.08807,0.08812,0.08807,0.0881,0.08816,0.08822,0.08816,0.08819,-0.00084153,-0.00081809,-0.00092382,-0.00081809,-9.000000000000674e-05,-0.001020523868919455
1696131000000,2023-10-01T03:30:00Z,0.0881,0.0881,0.08808,0.08809,21661,1908.30707,0.0881,0.0881,0.08808,0.08809,0.08819,0.0882,0.08817,0.08819,-0.00081809,-0.00090802,-0.00113378,-0.00113378,-0.00010000000000000286,-0.0011339154099104531
1696131300000,2023-10-01T03:35:00Z,0.08809,0.08817,0.08809,0.08817,157852,13908.51074,0.08809,0.08818,0.08809,0.08817,0.08819,0.08827,0.08819,0.08827,-0.00113378,-0.00080886,-0.00080897,-0.00080897,-0.00010000000000000286,-0.0011328877308259076
1696131600000,2023-10-01T03:40:00Z,0.08817,0.08825,0.08817,0.08818,123513,10893.52167,0.08817,0.08825,0.08817,0.08818,0.08827,0.08833,0.08823,0.08823,-0.00080897,-0.00067988,-0.00079311,-0.00079311,-5.000000000000837e-05,-0.000566700668706884
1696131900000,2023-10-01T03:45:00Z,0.08818,0.08818,0.08804,0.08808,22833,2012.35578,0.08818,0.08818,0.08806,0.08808,0.08823,0.08823,0.08814,0.08816,-0.00079311,-0.00043199,-0.00073369,-0.00043199,-7.999999999999674e-05,-0.0009074410163339013
1696132200000,2023-10-01T03:50:00Z,0.08808,0.08821,0.08808,0.08819,30803,2716.91726,0.08808,0.08822,0.08808,0.08819,0.08816,0.0883,0.08816,0.08827,-0.00043199,-0.00049586,-0.0006818,-0.00049586,-7.999999999999674e-05,-0.0009063101846606632
1696132500000,2023-10-01T03:55:00Z,0.08819,0.08819,0.08815,0.08816,10383,915.32792,0.08819,0.0882,0.08815,0.08818,0.08827,0.08828,0.08822,0.08825,-0.00049586,-0.00061101,-0.00066723,-0.00066723,-8.999999999999286e-05,-0.0010198300283285311
1696132800000,2023-10-01T04:00:00Z,0.08816,0.08817,0.0881,0.08815,269390,23740.30162,0.08818,0.08818,0.08812,0.08816,0.08825,0.08825,0.08819,0.08824,-0.00066723,-0.00052663,-0.00057298,-0.00057298,-8.999999999999286e-05,-0.0010199456029010977
1696133100000,2023-10-01T04:05:00Z,0.08815,0.08817,0.08814,0.08816,15526,1368.80923,0.08816,0.08818,0.08815,0.08816,0.08824,0.08826,0.08821,0.08822,-0.00057298,-0.00052561,-0.00077549,-0.00077549,-6.0000000000004494e-05,-0.0006801178871004817
1696133400000,2023-10-01T04:10:00Z,0.08816,0.08816,0.08811,0.08812,20495,1806.3428,0.08816,0.08816,0.08813,0.08813,0.08822,0.08822,0.08819,0.0882,-0.00077549,-0.00056989,-0.000736,-0.000736,-7.999999999999674e-05,-0.000907029478458013
1696133700000,2023-10-01T04:15:00Z,0.08812,0.08815,0.0881,0.08815,4977,438.57497,0.08813,0.08816,0.08811,0.08815,0.0882,0.08825,0.08819,0.08821,-0.000736,-0.00056689,-0.00077314,-0.00056689,-5.9999999999990616e-05,-0.0006801949892301396
1696134000000,2023-10-01T04:20:00Z,0.08815,0.08815,0.08815,0.08815,1879,165.63385,0.08815,0.08816,0.08815,0.08815,0.08821,0.08822,0.0882,0.08822,-0.00056689,-0.00056689,-0.00078304,-0.00078304,-7.000000000000062e-05,-0.0007934708682838428
1696134300000,2023-10-01T04:25:00Z,0.08815,0.08815,0.08814,0.08815,3993,351.96416,0.08815,0.08816,0.08814,0.08815,0.08822,0.08823,0.08821,0.08822,-0.00078304,-0.0005683,-0.00065245,-0.0005683,-7.000000000000062e-05,-0.0007934708682838428
1696134600000,2023-10-01T04:30:00Z,0.08815,0.08815,0.08812,0.08812,3622,319.24304,0.08815,0.08815,0.08814,0.08814,0.08822,0.08823,0.08818,0.08821,-0.0005683,-0.00055001,-0.000728,-0.000728,-8.999999999999286e-05,-0.0010202924838452882
1696134900000,2023-10-01T04:35:00Z,0.08812,0.08817,0.08812,0.08817,10658,939.54148,0.08814,0.08817,0.08813,0.08817,0.08821,0.08825,0.0882,0.08825,-0.000728,-0.00077813,-0.00085129,-0.00077813,-7.999999999999674e-05,-0.000906515580736507
1696135200000,2023-10-01T04:40:00Z,0.08817,0.08827,0.08817,0.08824,88354,7796.63138,0.08817,0.08827,0.08817,0.08825,0.08825,0.08835,0.08825,0.08832,-0.00077813,-0.00063342,-0.00076508,-0.00076508,-7.999999999999674e-05,-0.0009057971014492385
1696135500000,2023-10-01T04:45:00Z,0.08824,0.08827,0.08821,0.08826,18319,1616.61247,0.08825,0.08829,0.08822,0.08828,0.08832,0.08837,0.08829,0.08837,-0.00076508,-0.00069292,-0.00098891,-0.00098891,-0.00010999999999999899,-0.0012447663234129115
1696135800000,2023-10-01T04:50:00Z,0.08826,0.08826,0.08819,0.08819,61942,5463.60515,0.08828,0.08828,0.08819,0.08819,0.08837,0.08837,0.08827,0.08828,-0.00098891,-0.00074932,-0.00085785,-0.00074932,-8.999999999999286e-05,-0.0010194834617126515
1696136100000,2023-10-01T04:55:00Z,0.08819,0.08824,0.08819,0.08824,8611,759.61198,0.08819,0.08826,0.08819,0.08826,0.08828,0.08835,0.08827,0.08835,-0.00074932,-0.00064424,-0.00075067,-0.00064424,-0.00010999999999999899,-0.0012450481041312844
1696136400000,2023-10-01T05:00:00Z,0.08824,0.08828,0.08824,0.08827,339,29.92342,0.08826,0.08829,0.08826,0.08828,0.08835,0.08838,0.08834,0.08836,-0.00064424,-0.00076174,-0.00076196,-0.00076174,-8.999999999999286e-05,-0.0010185604345857048
1696136700000,2023-10-01T05:05:00Z,0.08827,0.08834,0.08827,0.08831,116560,10294.69831,0.08828,0.08834,0.08827,0.08831,0.08836,0.0884,0.08835,0.08838,-0.00076174,-0.0006116,-0.00066813,-0.00066813,-7.000000000000062e-05,-0.0007920343969223876
1696137000000,2023-10-01T05:10:00Z,0.08831,0.08831,0.08826,0.08827,13875,1225.18129,0.08831,0.08833,0.08827,0.08827,0.08838,0.0884,0.08834,0.08836,-0.00066813,-0.00066157,-0.00066662,-0.00066157,-8.999999999999286e-05,-0.0010185604345857048
1696137300000,2023-10-01T05:15:00Z,0.08827,0.08831,0.08826,0.08828,4448,392.64891,0.08827,0.08831,0.08827,0.08828,0.08836,0.08838,0.08834,0.08834,-0.00066157,-0.00064128,-0.00074507,-0.00064128,-6.0000000000004494e-05,-0.0006791940230926476
1696137600000,2023-10-01T05:20:00Z,0.08828,0.0883,0.08828,0.08829,1480,130.66392,0.08828,0.08831,0.08828,0.0883,0.08834,0.08837,0.08833,0.08836,-0.00064128,-0.00054452,-0.00065169,-0.00065169,-7.000000000000062e-05,-0.0007922136713445068
1696137900000,2023-10-01T05:25:00Z,0.08829,0.08838,0.08826,0.08826,971881,85863.18162,0.0883,0.08835,0.08828,0.08829,0.08836,0.08838,0.08834,0.08834,-0.00065169,-0.00033955,-0.00045269,-0.00045269,-7.999999999999674e-05,-0.0009055920307900921
1696138200000,2023-10-01T05:30:00Z,0.08826,0.08827,0.08822,0.08823,17992,1587.42382,0.08829,0.08829,0.08823,0.08825,0.08834,0.08834,0.08829,0.08832,-0.00045269,-0.00032314,-0.00051585,-0.00032314,-8.999999999999286e-05,-0.001019021739130354
1696138500000,2023-10-01T05:35:00Z,0.08823,0.08824,0.08823,0.08823,1465,129.2694,0.08825,0.08825,0.08823,0.08823,0.08832,0.08832,0.08829,0.08829,-0.00032314,-0.00050328,-0.0005522,-0.00050328,-5.9999999999990616e-05,-0.0006795786612299312
1696138800000,2023-10-01T05:40:00Z,0.08823,0.08826,0.08823,0.08824,4723,416.81707,0.08823,0.08826,0.08823,0.08824,0.08829,0.08831,0.08829,0.0883,-0.00050328,-0.0003277,-0.00056625,-0.00056625,-6.0000000000004494e-05,-0.0006795016987542978
1696139100000,2023-10-01T05:45:00Z,0.08824,0.08826,0.08824,0.08825,32449,2863.62299,0.08824,0.08828,0.08824,0.08826,0.0883,0.08833,0.08829,0.08832,-0.00056625,-0.00044741,-0.00056625,-0.00044741,-7.000000000000062e-05,-0.0007925724637681229
1696139400000,2023-10-01T05:50:00Z,0.08825,0.0883,0.08825,0.08828,44667,3943.68016,0.08826,0.08831,0.08825,0.08828,0.08832,0.08837,0.08831,0.08834,-0.00044741,-0.0002028,-0.00057657,-0.00057657,-6.0000000000004494e-05,-0.0006791940230926476
1696139700000,2023-10-01T05:55:00Z,0.08828,0.08831,0.08825,0.0883,9173,809.80236,0.08828,0.08833,0.08825,0.08831,0.08834,0.0884,0.08832,0.08839,-0.00057657,-0.00023854,-0.00067986,-0.00067986,-8.999999999999286e-05,-0.0010182147301730157
1696140000000,2023-10-01T06:00:00Z,0.0883,0.08836,0.0883,0.08832,107723,9516.26063,0.08831,0.08836,0.08831,0.08834,0.08839,0.08841,0.08838,0.0884,-0.00067986,-0.00037463,-0.00061708,-0.00061708,-8.000000000001062e-05,-0.0009049773755657309
1696140300000,2023-10-01T06:05:00Z,0.08832,0.08834,0.08832,0.08833,8481,749.14027,0.08834,0.08834,0.08833,0.08833,0.0884,0.08841,0.08839,0.0884,-0.00061708,-0.00028563,-0.0005018,-0.00028563,-7.000000000000062e-05,-0.0007918552036199164
1696140600000,2023-10-01T06:10:00Z,0.08833,0.08835,0.08832,0.08834,12297,1086.16322,0.08833,0.08835,0.08832,0.08834,0.0884,0.08841,0.08839,0.08841,-0.00028563,-0.00055333,-0.00071835,-0.00055333,-7.000000000000062e-05,-0.0007917656373713451
1696140900000,2023-10-01T06:15:00Z,0.08834,0.08839,0.08834,0.08835,83920,7416.07703,0.08834,0.08839,0.08834,0.08835,0.08841,0.08844,0.08841,0.08841,-0.00055333,-0.00037803,-0.00049383,-0.00049383,-6.0000000000004494e-05,-0.0006786562606040549
1696141200000,2023-10-01T06:20:00Z,0.08835,0.08835,0.08831,0.08834,56110,4957.06636,0.08835,0.08836,0.08832,0.08834,0.08841,0.08842,0.08838,0.0884,-0.00049383,-0.00046933,-0.00051787,-0.00046933,-6.0000000000004494e-05,-0.000678733031674259
1696141500000,2023-10-01T06:25:00Z,0.08834,0.08835,0.08831,0.08831,20371,1799.51268,0.08834,0.08835,0.08832,0.08832,0.0884,0.08841,0.08838,0.08838,-0.00046933,-0.00042362,-0.0006796,-0.0006796,-7.000000000000062e-05,-0.0007920343969223876
1696141800000,2023-10-01T06:30:00Z,0.08831,0.08838,0.08831,0.08838,38484,3399.65526,0.08832,0.08838,0.08831,0.08838,0.08838,0.08843,0.08838,0.08842,-0.0006796,-0.00040735,-0.00069306,-0.00040735,-3.999999999999837e-05,-0.000452386337932576
1696142100000,2023-10-01T06:35:00Z,0.08838,0.08839,0.08834,0.08836,19083,1686.49561,0.08838,0.08839,0.08836,0.08837,0.08842,0.08846,0.08842,0.08844,-0.00040735,-0.00054624,-0.00070797,-0.00054624,-8.000000000001062e-05,-0.0009045680687472932
1696142400000,2023-10-01T06:40:00Z,0.08836,0.08845,0.08836,0.08842,117920,10424.62948,0.08837,0.08845,0.08836,0.08842,0.08844,0.08849,0.08844,0.08849,-0.00054624,-0.00047167,-0.00052384,-0.00052384,-7.000000000000062e-05,-0.0007910498361396838
1696142700000,2023-10-01T06:45:00Z,0.08842,0.0885,0.08842,0.08846,155228,13734.63763,0.08842,0.0885,0.08842,0.08848,0.08849,0.08854,0.08849,0.08854,-0.00052384,-0.00028535,-0.00036326,-0.00036326,-7.999999999999674e-05,-0.0009035464196972752
1696143000000,2023-10-01T06:50:00Z,0.08846,0.08848,0.08841,0.08843,87634,7751.26176,0.08848,0.08848,0.08842,0.08843,0.08854,0.08854,0.08848,0.0885,-0.00036326,-0.00031785,-0.00069269,-0.00069269,-7.000000000000062e-05,-0.0007909604519774081
1696143300000,2023-10-01T06:55:00Z,0.08843,0.08843,0.0884,0.0884,6203,548.43938,0.08843,0.08843,0.0884,0.08841,0.0885,0.0885,0.08847,0.08848,-0.00069269,-0.00056849,-0.00058679,-0.00056849,-7.999999999999674e-05,-0.0009041591320071964
1696143600000,2023-10-01T07:00:00Z,0.0884,0.08844,0.0884,0.08841,6650,587.92891,0.08841,0.08844,0.08841,0.08842,0.08848,0.0885,0.08848,0.08849,-0.00056849,-0.00058989,-0.00059995,-0.00059995,-7.999999999999674e-05,-0.0009040569555881652
1696143900000,2023-10-01T07:05:00Z,0.08841,0.08845,0.08841,0.08845,5369,474.7295,0.08842,0.08847,0.08841,0.08846,0.08849,0.08853,0.08848,0.08852,-0.00059995,-0.00031593,-0.00044554,-0.00031593,-7.000000000000062e-05,-0.0007907817442385971
1696144200000,2023-10-01T07:10:00Z,0.08845,0.08849,0.08843,0.08845,26690,2361.14945,0.08846,0.08849,0.08844,0.08845,0.08852,0.08853,0.08851,0.08851,-0.00031593,-0.0004382,-0.00045187,-0.00045187,-6.0000000000004494e-05,-0.0006778895040108969
1696144500000,2023-10-01T07:15:00Z,0.08845,0.08847,0.08833,0.08834,133090,11769.83195,0.08845,0.08847,0.08833,0.08835,0.08851,0.08853,0.0884,0.08842,-0.00045187,-0.00041501,-0.00072472,-0.00041501,-7.999999999999674e-05,-0.000904772675865152
1696144800000,2023-10-01T07:20:00Z,0.08834,0.08835,0.08834,0.08834,14882,1314.71233,0.08835,0.08836,0.08834,0.08836,0.08842,0.08843,0.0884,0.08843,-0.00041501,-0.0005082,-0.00055016,-0.0005082,-8.999999999999286e-05,-0.001017754155829389
1696145100000,2023-10-01T07:25:00Z,0.08834,0.08834,0.0883,0.08833,12579,1110.91683,0.08836,0.08836,0.0883,0.08835,0.08843,0.08843,0.08838,0.08843,-0.0005082,-0.00070649,-0.00082488,-0.00070649,-9.999999999998899e-05,-0.0011308379509215084
1696145400000,2023-10-01T07:30:00Z,0.08833,0.08851,0.08833,0.08851,195289,17275.52076,0.08835,0.08853,0.08834,0.08852,0.08843,0.08861,0.08842,0.0886,-0.00070649,-0.00057308,-0.00063783,-0.00057308,-8.999999999999286e-05,-0.0010158013544017254
1696145700000,2023-10-01T07:35:00Z,0.08851,0.08862,0.08851,0.08856,514779,45600.0639,0.08852,0.08862,0.08852,0.08856,0.0886,0.08868,0.0886,0.08862,-0.00057308,-0.0005405,-0.00065824,-0.0005405,-6.0000000000004494e-05,-0.00067704807041305
1696146000000,2023-10-01T07:40:00Z,0.08856,0.08857,0.08852,0.08852,61385,5435.84399,0.08856,0.08858,0.08852,0.08853,0.08862,0.08865,0.08859,0.08859,-0.0005405,-0.00045151,-0.00056433,-0.00056433,-7.000000000000062e-05,-0.0007901569025849488
1696146300000,2023-10-01T07:45:00Z,0.08852,0.0886,0.08852,0.08857,117176,10377.12439,0.08853,0.0886,0.08853,0.08859,0.08859,0.08866,0.08859,0.08865,-0.00056433,-0.00043461,-0.00049537,-0.00043461,-8.000000000001062e-05,-0.0009024252679076211
1696146600000,2023-10-01T07:50:00Z,0.08857,0.08858,0.08854,0.08854,13564,1201.46091,0.08859,0.08859,0.08854,0.08854,0.08865,0.08866,0.08861,0.08862,-0.00043461,-0.00053244,-0.0008662,-0.00053244,-8.000000000001062e-05,-0.0009027307605507856
1696146900000,2023-10-01T07:55:00Z,0.08854,0.08861,0.08854,0.08861,15421,1365.63659,0.08854,0.08861,0.08854,0.08861,0.08862,0.08868,0.08862,0.08866,-0.00053244,-0.00076317,-0.00083641,-0.00076317,-5.000000000000837e-05,-0.0005639521768554971
1696147200000,2023-10-01T08:00:00Z,0.08861,0.08861,0.08854,0.08859,17203,1523.6799,0.08861,0.08861,0.08854,0.0886,0.08866,0.08868,0.08861,0.08868,-0.00076317,-0.00048415,-0.00064519,-0.00048415,-8.999999999999286e-05,-0.00101488497970222
1696147500000,2023-10-01T08:05:00Z,0.08859,0.08861,0.08857,0.08859,21211,1879.24657,0.0886,0.08861,0.08859,0.0886,0.08868,0.08869,0.08867,0.08868,-0.00048415,-0.00064772,-0.00076589,-0.00076589,-8.999999999999286e-05,-0.00101488497970222
1696147800000,2023-10-01T08:10:00Z,0.08859,0.0886,0.08857,0.08857,69930,6194.03974,0.0886,0.08861,0.08857,0.08859,0.08868,0.08869,0.08865,0.08867,-0.00076589,-0.00076945,-0.00085337,-0.00076945,-0.00010000000000000286,-0.0011277771512349483
1696148100000,2023-10-01T08:15:00Z,0.08857,0.08858,0.08857,0.08857,7546,668.42139,0.08859,0.0886,0.08857,0.08858,0.08867,0.08868,0.08866,0.08868,-0.00076945,-0.00076733,-0.00089489,-0.00076733,-0.00010999999999999899,-0.0012404149751916891
1696148400000,2023-10-01T08:20:00Z,0.08857,0.08863,0.08857,0.08862,74348,6587.22488,0.08858,0.08865,0.08858,0.08864,0.08868,0.08874,0.08867,0.08873,-0.00076733,-0.00088321,-0.00088513,-0.00088321,-0.00010999999999999899,-0.0012397159923362897
1696148700000,2023-10-01T08:25:00Z,0.08862,0.08867,0.08862,0.08867,67130,5950.72882,0.08864,0.08867,0.08864,0.08867,0.08873,0.08875,0.08873,0.08875,-0.00088321,-0.00081307,-0.00081802,-0.00081307,-7.999999999999674e-05,-0.0009014084507041886
1696149000000,2023-10-01T08:30:00Z,0.08867,0.08872,0.08866,0.08872,86590,7679.81759,0.08867,0.08874,0.08866,0.08872,0.08875,0.08881,0.08874,0.0888,-0.00081307,-0.00064067,-0.00068896,-0.00068896,-8.000000000001062e-05,-0.0009009009009010204
1696149300000,2023-10-01T08:35:00Z,0.08872,0.08876,0.08871,0.08875,45381,4027.18661,0.08872,0.08876,0.08872,0.08875,0.0888,0.08883,0.0888,0.08882,-0.00068896,-0.00070798,-0.00072903,-0.00072903,-7.000000000000062e-05,-0.0007881107858590477
1696149600000,2023-10-01T08:40:00Z,0.08875,0.08876,0.08874,0.08876,58604,5201.41332,0.08875,0.08877,0.08874,0.08877,0.08882,0.08883,0.08881,0.08883,-0.00072903,-0.00050028,-0.00062497,-0.00062497,-7.000000000000062e-05,-0.0007880220646178162
1696149900000,2023-10-01T08:45:00Z,0.08876,0.08878,0.08875,0.08878,86537,7682.0014,0.08877,0.08878,0.08875,0.08878,0.08883,0.08883,0.08882,0.08883,-0.00062497,-0.00049211,-0.00059536,-0.00059536,-5.000000000000837e-05,-0.0005628729032985294
1696150200000,2023-10-01T08:50:00Z,0.08878,0.08879,0.08877,0.08878,17007,1509.88134,0.08878,0.08881,0.08877,0.0888,0.08883,0.08887,0.08882,0.08887,-0.00059536,-0.00049938,-0.00054512,-0.00049938,-9.000000000000674e-05,-0.0010127152019804968
1696150500000,2023-10-01T08:55:00Z,0.08878,0.08882,0.08874,0.08874,55771,4952.6535,0.0888,0.08882,0.08875,0.08876,0.08887,0.08889,0.08881,0.08882,-0.00049938,-0.0005166,-0.00056287,-0.0005166,-7.999999999999674e-05,-0.0009006980409817242
1696150800000,2023-10-01T09:00:00Z,0.08874,0.08878,0.08874,0.08877,31297,2777.71552,0.08876,0.08878,0.08874,0.08878,0.08882,0.08885,0.08881,0.08885,-0.0005166,-0.00050861,-0.0005852,-0.0005852,-7.999999999999674e-05,-0.0009003939223409875
1696151100000,2023-10-01T09:05:00Z,0.08877,0.08881,0.08877,0.08879,67245,5971.16875,0.08878,0.08881,0.08878,0.0888,0.08885,0.08886,0.08884,0.08885,-0.0005852,-0.00041238,-0.00050731,-0.00050731,-6.0000000000004494e-05,-0.0006752954417558188
1696151400000,2023-10-01T09:10:00Z,0.08879,0.08881,0.08876,0.08881,71013,6305.95795,0.0888,0.08881,0.08878,0.08881,0.08885,0.08886,0.08883,0.08886,-0.00050731,-0.00037917,-0.00038975,-0.00038975,-4.999999999999449e-05,-0.0005626828719333165
1696151700000,2023-10-01T09:15:00Z,0.08881,0.08884,0.08878,0.08879,94715,8409.59438,0.08881,0.08885,0.08879,0.0888,0.08886,0.0889,0.08885,0.08886,-0.00038975,-0.0005485,-0.00063324,-0.0005485,-7.000000000000062e-05,-0.0007877560207067367
1696152000000,2023-10-01T09:20:00Z,0.08879,0.08883,0.08879,0.08883,29001,2575.80721,0.0888,0.08884,0.0888,0.08884,0.08886,0.0889,0.08885,0.0889,-0.0005485,-0.00043238,-0.00067491,-0.00067491,-7.000000000000062e-05,-0.0007874015748031565
1696152300000,2023-10-01T09:25:00Z,0.08883,0.08887,0.08879,0.08882,119666,10632.54077,0.08884,0.08887,0.0888,0.08882,0.0889,0.08893,0.08886,0.08888,-0.00067491,-0.00060537,-0.00062619,-0.00062619,-6.0000000000004494e-05,-0.0006750675067507256
1696152600000,2023-10-01T09:30:00Z,0.08882,0.08884,0.08879,0.08884,88303,7843.31991,0.08882,0.08887,0.08879,0.08885,0.08888,0.08893,0.08886,0.08892,-0.00062619,-0.00041992,-0.00046377,-0.00041992,-7.999999999999674e-05,-0.0008996851102113894
1696152900000,2023-10-01T09:35:00Z,0.08884,0.08888,0.08882,0.08883,59765,5311.01669,0.08885,0.08888,0.08882,0.08883,0.08892,0.08894,0.08889,0.08889,-0.00041992,-0.00053515,-0.00070461,-0.00053515,-5.9999999999990616e-05,-0.0006749915626053619
1696153200000,2023-10-01T09:40:00Z,0.08883,0.08886,0.08882,0.08886,94519,8397.38085,0.08883,0.08886,0.08882,0.08886,0.08889,0.08892,0.08889,0.08891,-0.00053515,-0.00040404,-0.00058987,-0.00058987,-5.000000000000837e-05,-0.000562366437971076
1696153500000,2023-10-01T09:45:00Z,0.08886,0.08888,0.08883,0.08888,100385,8918.4529,0.08886,0.0889,0.08883,0.0889,0.08891,0.08897,0.0889,0.08897,-0.00058987,-0.00050247,-0.00058756,-0.00058756,-8.999999999999286e-05,-0.001011576936045778
1696153800000,2023-10-01T09:50:00Z,0.08888,0.08894,0.08888,0.08894,53781,4782.08366,0.0889,0.08894,0.0889,0.08894,0.08897,0.089,0.08896,0.089,-0.00058756,-0.00046797,-0.00056192,-0.00056192,-5.9999999999990616e-05,-0.0006741573033706811
1696154100000,2023-10-01T09:55:00Z,0.08894,0.08894,0.08892,0.08892,23210,2064.03982,0.08894,0.08895,0.08892,0.08892,0.089,0.08901,0.08898,0.08898,-0.00056192,-0.00078651,-0.00089877,-0.00078651,-6.0000000000004494e-05,-0.0006743088334457687
1696154400000,2023-10-01T10:00:00Z,0.08892,0.08898,0.08891,0.08898,99243,8826.66008,0.08892,0.08898,0.08892,0.08898,0.08898,0.08905,0.08898,0.08905,-0.00078651,-0.00046814,-0.00056285,-0.00046814,-7.000000000000062e-05,-0.00078607523862999
1696154700000,2023-10-01T10:05:00Z,0.08898,0.08914,0.08893,0.08898,1238571,110279.19864,0.08898,0.08913,0.08893,0.08899,0.08905,0.08917,0.089,0.08906,-0.00046814,-0.00064379,-0.00064784,-0.00064379,-7.999999999999674e-05,-0.0008982708286548028
1696155000000,2023-10-01T10:10:00Z,0.08898,0.08907,0.08896,0.08907,402180,35802.62104,0.08899,0.08909,0.08898,0.08908,0.08906,0.08917,0.08905,0.08916,-0.00064379,-0.00067362,-0.00078598,-0.00078598,-9.000000000000674e-05,-0.0010094212651413944
1696155300000,2023-10-01T10:15:00Z,0.08907,0.08911,0.08904,0.08904,169071,15061.55561,0.08908,0.08911,0.08906,0.08906,0.08916,0.08918,0.08913,0.08913,-0.00078598,-0.00076357,-0.0008082,-0.00076357,-9.000000000000674e-05,-0.0010097610232245792
1696155600000,2023-10-01T10:20:00Z,0.08904,0.08915,0.08902,0.08906,227552,20274.55486,0.08906,0.08914,0.08902,0.08908,0.08913,0.0892,0.08909,0.08914,-0.00076357,-0.00017947,-0.00030833,-0.00017947,-7.999999999999674e-05,-0.0008974646623288843
1696155900000,2023-10-01T10:25:00Z,0.08906,0.08915,0.08904,0.08911,38862,3463.26457,0.08908,0.08915,0.08905,0.08911,0.08914,0.08919,0.08911,0.08917,-0.00017947,-0.00042352,-0.00056072,-0.00042352,-6.0000000000004494e-05,-0.0006728720421666983
1696156200000,2023-10-01T10:30:00Z,0.08911,0.08912,0.08897,0.08899,111830,9952.78733,0.08911,0.08912,0.08899,0.08902,0.08917,0.08917,0.08905,0.08907,-0.00042352,-0.00056129,-0.00078598,-0.00078598,-7.999999999999674e-05,-0.0008981699786684264
1696156500000,2023-10-01T10:35:00Z,0.08899,0.08902,0.08898,0.08901,3322,295.62987,0.08902,0.08902,0.08898,0.08901,0.08907,0.08908,0.08904,0.08906,-0.00078598,-0.00056154,-0.00071827,-0.00071827,-4.999999999999449e-05,-0.0005614192679092128
1696156800000,2023-10-01T10:40:00Z,0.08901,0.08902,0.08895,0.08895,2385,212.21301,0.08901,0.08902,0.08895,0.08895,0.08906,0.08907,0.089,0.089,-0.00071827,-0.00056173,-0.00067385,-0.00056173,-4.999999999999449e-05,-0.0005617977528089269
1696157100000,2023-10-01T10:45:00Z,0.08895,0.08901,0.08891,0.08899,184574,16416.21582,0.08895,0.08901,0.08893,0.089,0.089,0.08907,0.08899,0.08906,-0.00056173,-0.00040907,-0.00041666,-0.00041666,-7.000000000000062e-05,-0.0007859869750729914
1696157400000,2023-10-01T10:50:00Z,0.08899,0.08901,0.08897,0.08901,82388,7331.58625,0.089,0.08901,0.08898,0.08901,0.08906,0.08907,0.08904,0.08906,-0.00041666,-0.00053155,-0.00056148,-0.00053155,-4.999999999999449e-05,-0.0005614192679092128
1696157700000,2023-10-01T10:55:00Z,0.08901,0.08901,0.08896,0.08898,42403,3773.02814,0.08901,0.08901,0.08897,0.08898,0.08906,0.08906,0.08903,0.08904,-0.00053155,-0.00050617,-0.00055873,-0.00055873,-5.9999999999990616e-05,-0.0006738544474392478
1696158000000,2023-10-01T11:00:00Z,0.08898,0.08898,0.08879,0.08879,280141,24894.4789,0.08898,0.08898,0.08882,0.08882,0.08904,0.08904,0.08889,0.08889,-0.00055873,-0.00067453,-0.00086051,-0.00067453,-0.00010000000000000286,-0.0011249859376758113
1696158300000,2023-10-01T11:05:00Z,0.08879,0.08886,0.08879,0.08882,61645,5475.58496,0.08882,0.08886,0.08881,0.08882,0.08889,0.08893,0.08889,0.0889,-0.00067453,-0.00076332,-0.00089303,-0.00076332,-8.000000000001062e-05,-0.0008998875140608617
1696158600000,2023-10-01T11:10:00Z,0.08882,0.08889,0.08881,0.08889,58894,5231.84303,0.08882,0.08889,0.08882,0.08889,0.0889,0.08896,0.0889,0.08896,-0.00076332,-0.00078695,-0.00078695,-0.00078695,-7.000000000000062e-05,-0.0007868705035971292
1696158900000,2023-10-01T11:15:00Z,0.08889,0.08891,0.08884,0.08891,60798,5403.38689,0.08889,0.08891,0.08885,0.08891,0.08896,0.08897,0.08891,0.08897,-0.00078695,-0.00056331,-0.00064658,-0.00064658,-5.9999999999990616e-05,-0.0006743846240304667
1696159200000,2023-10-01T11:20:00Z,0.08891,0.08897,0.0889,0.08891,47311,4207.77931,0.08891,0.08897,0.0889,0.08891,0.08897,0.08903,0.08896,0.08898,-0.00064658,-0.00075174,-0.0007866,-0.0007866,-7.000000000000062e-05,-0.0007866936390200114
1696159500000,2023-10-01T11:25:00Z,0.08891,0.08895,0.0889,0.08894,67254,5981.60935,0.08891,0.08895,0.08891,0.08894,0.08898,0.08901,0.08898,0.08901,-0.0007866,-0.00059613,-0.00078642,-0.00078642,-7.000000000000062e-05,-0.0007864284911807731
1696159800000,2023-10-01T11:30:00Z,0.08894,0.08898,0.08893,0.08898,78334,6968.67946,0.08894,0.08898,0.08893,0.08898,0.08901,0.08905,0.089,0.08905,-0.00078642,-0.00053459,-0.00067393,-0.00067393,-7.000000000000062e-05,-0.00078607523862999
1696160100000,2023-10-01T11:35:00Z,0.08898,0.08899,0.08895,0.08899,57325,5099.89118,0.08898,0.08899,0.08897,0.08899,0.08905,0.08906,0.08904,0.08906,-0.00067393,-0.0006083,-0.00065768,-0.0006083,-7.000000000000062e-05,-0.0007859869750729914
1696160400000,2023-10-01T11:40:00Z,0.08899,0.08901,0.08897,0.08897,137133,12204.13834,0.08899,0.08901,0.08898,0.08899,0.08906,0.08907,0.08905,0.08906,-0.0006083,-0.00056141,-0.00064316,-0.00064316,-9.000000000000674e-05,-0.00101055468223677
1696160700000,2023-10-01T11:45:00Z,0.08897,0.08898,0.08885,0.08886,42613,3788.81615,0.08899,0.08899,0.08887,0.08887,0.08906,0.08906,0.08895,0.08895,-0.00064316,-0.00073544,-0.00092748,-0.00092748,-9.000000000000674e-05,-0.001011804384485742
1696161000000,2023-10-01T11:50:00Z,0.08886,0.08895,0.08886,0.08891,191539,17027.34735,0.08887,0.08895,0.08886,0.08892,0.08895,0.08901,0.08894,0.08899,-0.00092748,-0.00051,-0.00089917,-0.00051,-7.999999999999674e-05,-0.0008989774131924569
1696161300000,2023-10-01T11:55:00Z,0.08891,0.08894,0.0889,0.0889,1374,122.18846,0.08892,0.08894,0.08891,0.08891,0.08899,0.089,0.08898,0.08898,-0.00051,-0.00067415,-0.00067415,-0.00067415,-7.999999999999674e-05,-0.0008990784445942542
1696161600000,2023-10-01T12:00:00Z,0.0889,0.08893,0.08878,0.08878,142911,12696.6841,0.08891,0.08894,0.08878,0.08878,0.08898,0.08901,0.08886,0.08886,-0.00067415,-0.00079359,-0.00079991,-0.00079991,-7.999999999999674e-05,-0.0009002925950933687
1696161900000,2023-10-01T12:05:00Z,0.08878,0.08885,0.08873,0.08874,60616,5380.247,0.08878,0.08885,0.08874,0.08875,0.08886,0.08891,0.08882,0.08883,-0.00079991,-0.00078802,-0.00091061,-0.00091061,-9.000000000000674e-05,-0.0010131712259372591
1696162200000,2023-10-01T12:10:00Z,0.08874,0.08881,0.08873,0.08881,163156,14487.37438,0.08875,0.08881,0.08874,0.08881,0.08883,0.0889,0.08882,0.08889,-0.00091061,-0.00078766,-0.00090009,-0.00090009,-7.999999999999674e-05,-0.0008999887501405866
1696162500000,2023-10-01T12:15:00Z,0.08881,0.08881,0.08868,0.08877,438108,38875.72638,0.08881,0.08881,0.08869,0.08877,0.08889,0.0889,0.08878,0.08884,-0.00090009,-0.00062992,-0.00107881,-0.00062992,-7.000000000000062e-05,-0.0007879333633498493
1696162800000,2023-10-01T12:20:00Z,0.08877,0.08879,0.08876,0.08878,146868,13039.35261,0.08877,0.08879,0.08876,0.08878,0.08884,0.08887,0.08883,0.08885,-0.00062992,-0.00067537,-0.00076887,-0.00067537,-7.000000000000062e-05,-0.0007878446820484031
1696163100000,2023-10-01T12:25:00Z,0.08878,0.08883,0.08877,0.08881,398203,35366.4728,0.08878,0.08886,0.08878,0.08883,0.08885,0.08893,0.08885,0.08891,-0.00067537,-0.00067521,-0.00085523,-0.00085523,-0.00010000000000000286,-0.001124732875941996
1696163400000,2023-10-01T12:30:00Z,0.08881,0.08881,0.08877,0.0888,150987,13405.78155,0.08883,0.08883,0.08879,0.08882,0.08891,0.08891,0.08886,0.08891,-0.00085523,-0.00068549,-0.00078766,-0.00068549,-0.00010999999999999899,-0.0012372061635361486
1696163700000,2023-10-01T12:35:00Z,0.0888,0.08883,0.08879,0.08882,224351,19925.97302,0.08882,0.08885,0.08879,0.08883,0.08891,0.08894,0.08888,0.08893,-0.00068549,-0.00095232,-0.00097143,-0.00095232,-0.00010999999999999899,-0.0012369279208366017
1696164000000,2023-10-01T12:40:00Z,0.08882,0.08884,0.08881,0.08884,79430,7055.84148,0.08883,0.08884,0.08881,0.08884,0.08893,0.08895,0.08891,0.08893,-0.00095232,-0.00077029,-0.00108106,-0.00077029,-8.999999999999286e-05,-0.001012031935229876
1696164300000,2023-10-01T12:45:00Z,0.08884,0.0889,0.08883,0.08886,148004,13152.48639,0.08884,0.08891,0.08883,0.08887,0.08893,0.08901,0.08893,0.08897,-0.00077029,-0.00101663,-0.00106459,-0.00106459,-0.00010999999999999899,-0.0012363718107227042
1696164600000,2023-10-01T12:50:00Z,0.08886,0.0889,0.08883,0.08883,219747,19524.30341,0.08887,0.0889,0.08883,0.08883,0.08897,0.08897,0.08891,0.08891,-0.00106459,-0.00067453,-0.00078678,-0.00078678,-7.999999999999674e-05,-0.0008997863007535343
1696164900000,2023-10-01T12:55:00Z,0.08883,0.08886,0.08883,0.08886,83933,7457.16577,0.08883,0.08886,0.08883,0.08886,0.08891,0.08894,0.08891,0.08893,-0.00078678,-0.00062798,-0.00075621,-0.00062798,-7.000000000000062e-05,-0.0007871359496233062
1696165200000,2023-10-01T13:00:00Z,0.08886,0.08895,0.0888,0.0888,575213,51108.48626,0.08886,0.08895,0.0888,0.0888,0.08893,0.089,0.08882,0.08882,-0.00062798,-0.00033711,-0.00065084,-0.00065084,-1.9999999999992246e-05,-0.00022517451024535294
1696165500000,2023-10-01T13:05:00Z,0.0888,0.0888,0.08869,0.0887,57002,5058.04341,0.0888,0.0888,0.0887,0.08873,0.08882,0.08883,0.08875,0.08878,-0.00065084,-0.00057492,-0.00062135,-0.00057492,-7.999999999999674e-05,-0.0009011038522189316
1696165800000,2023-10-01T13:10:00Z,0.0887,0.08875,0.08867,0.08868,125641,11146.16406,0.08873,0.08876,0.08868,0.08868,0.08878,0.08881,0.08873,0.08874,-0.00057492,-0.00057516,-0.00067582,-0.00057516,-6.0000000000004494e-05,-0.0006761325219743576
1696166100000,2023-10-01T13:15:00Z,0.08868,0.08873,0.08866,0.08868,96569,8563.91928,0.08868,0.08873,0.08866,0.08868,0.08874,0.08878,0.08873,0.08875,-0.00057516,-0.00056331,-0.0006759,-0.00056331,-7.000000000000062e-05,-0.0007887323943662042
1696166400000,2023-10-01T13:20:00Z,0.08868,0.08872,0.08867,0.08868,5357,475.07907,0.08868,0.08872,0.08867,0.08868,0.08875,0.08878,0.08873,0.08874,-0.00056331,-0.00056704,-0.00071037,-0.00056704,-6.0000000000004494e-05,-0.0006761325219743576
1696166700000,2023-10-01T13:25:00Z,0.08868,0.08869,0.08863,0.08869,64234,5694.7854,0.08868,0.0887,0.08864,0.08869,0.08874,0.08876,0.08871,0.08872,-0.00056704,-0.00056344,-0.00056344,-0.00056344,-2.999999999998837e-05,-0.00033814247069418815
1696167000000,2023-10-01T13:30:00Z,0.08869,0.0887,0.08864,0.08866,52018,4612.32098,0.08869,0.08872,0.08865,0.08866,0.08872,0.08877,0.08871,0.08871,-0.00056344,-0.00032724,-0.00046111,-0.00046111,-4.999999999999449e-05,-0.0005636343140569777
1696167300000,2023-10-01T13:35:00Z,0.08866,0.08868,0.08862,0.08868,15088,1337.48254,0.08866,0.08868,0.08863,0.08868,0.08871,0.08872,0.08869,0.08871,-0.00046111,-0.0004978,-0.00076304,-0.0004978,-3.0000000000002247e-05,-0.00033818058843424923
1696167600000,2023-10-01T13:40:00Z,0.08868,0.0887,0.08866,0.08869,55869,4954.83763,0.08868,0.08872,0.08866,0.0887,0.08871,0.08878,0.08871,0.08876,-0.0004978,-0.00029126,-0.00048247,-0.00048247,-7.000000000000062e-05,-0.0007886435331230353
1696167900000,2023-10-01T13:45:00Z,0.08869,0.0888,0.08867,0.0888,42705,3790.11963,0.0887,0.08882,0.08867,0.08882,0.08876,0.08888,0.08873,0.08888,-0.00048247,-0.00027538,-0.00045039,-0.00045039,-7.999999999999674e-05,-0.0009000900090008634
1696168200000,2023-10-01T13:50:00Z,0.0888,0.0888,0.08874,0.08876,20080,1782.17838,0.08882,0.08882,0.08875,0.08877,0.08888,0.08888,0.0888,0.08883,-0.00045039,-0.0004388,-0.00051587,-0.00051587,-7.000000000000062e-05,-0.0007880220646178162
1696168500000,2023-10-01T13:55:00Z,0.08876,0.08879,0.08875,0.08879,10097,896.29313,0.08877,0.08878,0.08875,0.08878,0.08883,0.08885,0.08882,0.08885,-0.00051587,-0.0006067,-0.00063259,-0.0006067,-6.0000000000004494e-05,-0.0006752954417558188
1696168800000,2023-10-01T14:00:00Z,0.08879,0.08883,0.08878,0.08883,233070,20699.11399,0.08878,0.08884,0.08878,0.08884,0.08885,0.0889,0.08884,0.0889,-0.0006067,-0.00052796,-0.00056268,-0.00056268,-7.000000000000062e-05,-0.0007874015748031565
1696169100000,2023-10-01T14:05:00Z,0.08883,0.08888,0.08883,0.08887,41313,3671.25008,0.08884,0.08889,0.08883,0.08888,0.0889,0.08894,0.08889,0.08893,-0.00056268,-0.00069684,-0.00072222,-0.00069684,-5.9999999999990616e-05,-0.0006746879568198653
1696169400000,2023-10-01T14:10:00Z,0.08887,0.08894,0.08887,0.08892,112132,9970.71772,0.08888,0.08895,0.08887,0.08893,0.08893,0.08902,0.08891,0.08899,-0.00069684,-0.00053826,-0.00075907,-0.00053826,-7.000000000000062e-05,-0.0007866052365434388
1696169700000,2023-10-01T14:15:00Z,0.08892,0.08893,0.08892,0.08892,12543,1115.35002,0.08893,0.08894,0.08892,0.08892,0.08899,0.089,0.08897,0.08898,-0.00053826,-0.00057478,-0.00065591,-0.00057478,-6.0000000000004494e-05,-0.0006743088334457687
1696170000000,2023-10-01T14:20:00Z,0.08892,0.08897,0.08892,0.08897,120142,10685.37985,0.08892,0.08897,0.08892,0.08897,0.08898,0.08902,0.08897,0.08901,-0.00057478,-0.00056167,-0.0007446,-0.00056167,-4.000000000001225e-05,-0.00044938770924628967
1696170300000,2023-10-01T14:25:00Z,0.08897,0.08897,0.08895,0.08896,6687,594.87566,0.08897,0.08897,0.08895,0.08896,0.08901,0.08902,0.08899,0.08899,-0.00056167,-0.00027966,-0.00033707,-0.00033707,-3.0000000000002247e-05,-0.00033711652994721034
1696170600000,2023-10-01T14:30:00Z,0.08896,0.08896,0.08888,0.08892,63001,5600.51466,0.08896,0.08896,0.08888,0.08892,0.08899,0.08899,0.08893,0.08894,-0.00033707,-0.0005118,-0.00077239,-0.0005118,-2.0000000000006124e-05,-0.00022487069934794382
1696170900000,2023-10-01T14:35:00Z,0.08892,0.08892,0.08874,0.08876,9728,864.41766,0.08892,0.08892,0.08875,0.08876,0.08894,0.08897,0.08881,0.08881,-0.0005118,-0.00056242,-0.00067521,-0.00067521,-4.999999999999449e-05,-0.0005629996622001407
1696171200000,2023-10-01T14:40:00Z,0.08876,0.08876,0.08862,0.08868,139799,12396.5055,0.08876,0.08876,0.08862,0.08868,0.08881,0.08882,0.0887,0.08875,-0.00067521,-0.00063307,-0.00066403,-0.00066403,-7.000000000000062e-05,-0.0007887323943662042
1696171500000,2023-10-01T14:45:00Z,0.08868,0.08874,0.08856,0.08861,262001,23224.58085,0.08868,0.08874,0.0886,0.08862,0.08875,0.0888,0.08867,0.08869,-0.00066403,-0.00075785,-0.00098963,-0.00098963,-8.000000000001062e-05,-0.0009020182658700035
1696171800000,2023-10-01T14:50:00Z,0.08861,0.08868,0.0886,0.0886,102427,9081.48955,0.08862,0.08868,0.08861,0.08862,0.08869,0.08875,0.08868,0.08869,-0.00098963,-0.0004508,-0.00051595,-0.0004508,-9.000000000000674e-05,-0.0010147705491036954
1696172100000,2023-10-01T14:55:00Z,0.0886,0.08861,0.08857,0.0886,52270,4631.00301,0.08862,0.08862,0.08858,0.0886,0.08869,0.0887,0.08865,0.08867,-0.0004508,-0.00046921,-0.00072673,-0.00072673,-7.000000000000062e-05,-0.0007894440058644482
1696172400000,2023-10-01T15:00:00Z,0.0886,0.08866,0.08857,0.08863,324401,28738.61847,0.0886,0.08866,0.0886,0.08863,0.08867,0.0887,0.08864,0.08868,-0.00072673,-0.00056456,-0.00061076,-0.00056456,-4.999999999999449e-05,-0.0005638249887234382
1696172700000,2023-10-01T15:05:00Z,0.08863,0.08863,0.0886,0.0886,27289,2417.98051,0.08863,0.08863,0.0886,0.08862,0.08868,0.08868,0.08865,0.08868,-0.00056456,-0.00071098,-0.00078935,-0.00071098,-7.999999999999674e-05,-0.0009021199819575636
1696173000000,2023-10-01T15:10:00Z,0.0886,0.08865,0.0886,0.08864,8984,796.27067,0.08862,0.08865,0.0886,0.08865,0.08868,0.08872,0.08866,0.08872,-0.00071098,-0.000301,-0.00073999,-0.00073999,-7.999999999999674e-05,-0.0009017132551848145
1696173300000,2023-10-01T15:15:00Z,0.08864,0.08867,0.08864,0.08864,1520,134.74914,0.08865,0.08868,0.08864,0.08866,0.08872,0.08874,0.08869,0.08872,-0.00073999,-0.00074368,-0.00086137,-0.00086137,-7.999999999999674e-05,-0.0009017132551848145
1696173600000,2023-10-01T15:20:00Z,0.08864,0.08866,0.08864,0.08865,2004,177.6573,0.08866,0.08867,0.08864,0.08865,0.08872,0.08874,0.08871,0.08872,-0.00086137,-0.00067628,-0.00080302,-0.00067628,-6.999999999998674e-05,-0.0007889990982865954
1696173900000,2023-10-01T15:25:00Z,0.08865,0.08872,0.08865,0.08869,18857,1672.08815,0.08865,0.08872,0.08865,0.0887,0.08872,0.08879,0.08872,0.08877,-0.00067628,-0.00065927,-0.00078548,-0.00078548,-7.999999999999674e-05,-0.0009012053621718682
1696174200000,2023-10-01T15:30:00Z,0.08869,0.08872,0.08869,0.08871,15468,1372.31934,0.0887,0.08873,0.0887,0.08872,0.08877,0.08879,0.08877,0.08879,-0.00078548,-0.00056325,-0.00056325,-0.00056325,-7.999999999999674e-05,-0.0009010023651311719
1696174500000,2023-10-01T15:35:00Z,0.08871,0.08872,0.08869,0.08872,25822,2290.6268,0.08872,0.08873,0.0887,0.08872,0.08879,0.08879,0.08876,0.08878,-0.00056325,-0.0003384,-0.00055114,-0.0003384,-6.0000000000004494e-05,-0.0006758278891642769
1696174800000,2023-10-01T15:40:00Z,0.08872,0.08873,0.08869,0.08869,3163,280.59952,0.08872,0.08873,0.0887,0.0887,0.08878,0.08879,0.08877,0.08878,-0.0003384,-0.00073248,-0.0008218,-0.0008218,-8.999999999999286e-05,-0.001013741833746259
1696175100000,2023-10-01T15:45:00Z,0.08869,0.08874,0.08869,0.08874,16654,1477.4831,0.0887,0.08875,0.0887,0.08874,0.08878,0.08882,0.08876,0.08881,-0.0008218,-0.00071616,-0.00076421,-0.00076421,-7.000000000000062e-05,-0.0007881995270802907
1696175400000,2023-10-01T15:50:00Z,0.08874,0.08877,0.08873,0.08877,14806,1314.15878,0.08874,0.08877,0.08873,0.08877,0.08881,0.08883,0.08879,0.08883,-0.00076421,-0.00024943,-0.00025661,-0.00025661,-6.0000000000004494e-05,-0.0006754474839581728
1696175700000,2023-10-01T15:55:00Z,0.08877,0.08881,0.08877,0.08877,61283,5441.78512,0.08877,0.08883,0.08877,0.08878,0.08883,0.08888,0.08882,0.08883,-0.00025661,-0.00038739,-0.00039932,-0.00039932,-6.0000000000004494e-05,-0.0006754474839581728
1696176000000,2023-10-01T16:00:00Z,0.08877,0.08879,0.08871,0.08879,8763,777.78137,0.08878,0.08882,0.08873,0.08882,0.08883,0.08888,0.08878,0.08888,-0.00039932,-0.00028191,-0.0004505,-0.00028191,-9.000000000000674e-05,-0.0010126012601260885
1696176300000,2023-10-01T16:05:00Z,0.08879,0.08882,0.08875,0.08875,61579,5468.92284,0.08882,0.08882,0.08876,0.08877,0.08888,0.08888,0.08884,0.08885,-0.00028191,-0.00078766,-0.00084939,-0.00084939,-0.00010000000000000286,-0.0011254924029263126
1696176600000,2023-10-01T16:10:00Z,0.08875,0.08881,0.08875,0.08881,6125,543.86389,0.08877,0.08882,0.08875,0.08882,0.08885,0.08887,0.08882,0.08887,-0.00084939,-0.00042865,-0.00042932,-0.00042865,-6.0000000000004494e-05,-0.0006751434679869978
1696176900000,2023-10-01T16:15:00Z,0.08881,0.08882,0.0888,0.0888,6583,584.63777,0.08882,0.08883,0.0888,0.08881,0.08887,0.08888,0.08886,0.08887,-0.00042865,-0.00049437,-0.00051367,-0.00049437,-7.000000000000062e-05,-0.000787667379318112
1696177200000,2023-10-01T16:20:00Z,0.0888,0.08888,0.0888,0.08883,269250,23918.39917,0.08881,0.08888,0.08881,0.08884,0.08887,0.08892,0.08887,0.0889,-0.00049437,-0.00063149,-0.00063903,-0.00063903,-7.000000000000062e-05,-0.0007874015748031565
1696177500000,2023-10-01T16:25:00Z,0.08883,0.08884,0.08883,0.08884,11939,1060.65914,0.08884,0.08884,0.08883,0.08884,0.0889,0.0889,0.08889,0.0889,-0.00063903,-0.00064623,-0.00067491,-0.00067491,-6.0000000000004494e-05,-0.0006749156355456074
1696177800000,2023-10-01T16:30:00Z,0.08884,0.08885,0.08884,0.08884,5285,469.52986,0.08884,0.08885,0.08884,0.08885,0.0889,0.08891,0.08889,0.08891,-0.00067491,-0.00048835,-0.000569,-0.000569,-7.000000000000062e-05,-0.0007873130131593816
1696178100000,2023-10-01T16:35:00Z,0.08884,0.08886,0.0888,0.0888,89168,7921.21238,0.08885,0.08887,0.08882,0.08882,0.08891,0.08893,0.08887,0.08888,-0.000569,-0.0005352,-0.00064574,-0.00064574,-7.999999999999674e-05,-0.0009000900090008634
1696178400000,2023-10-01T16:40:00Z,0.0888,0.08881,0.08865,0.08869,146458,12994.38402,0.08882,0.08882,0.08866,0.08869,0.08888,0.08888,0.08874,0.08877,-0.00064574,-0.00084687,-0.00096281,-0.00084687,-7.999999999999674e-05,-0.0009012053621718682
1696178700000,2023-10-01T16:45:00Z,0.08869,0.08874,0.08867,0.08874,9330,827.39681,0.08869,0.08874,0.08867,0.08874,0.08877,0.08881,0.08875,0.08881,-0.00084687,-0.00064402,-0.00067992,-0.00064402,-7.000000000000062e-05,-0.0007881995270802907
1696179000000,2023-10-01T16:50:00Z,0.08874,0.08878,0.08874,0.08874,24378,2163.62618,0.08874,0.08879,0.08874,0.08876,0.08881,0.08886,0.08881,0.08884,-0.00064402,-0.00064149,-0.00096352,-0.00064149,-0.00010000000000000286,-0.001125619090499807
1696179300000,2023-10-01T16:55:00Z,0.08874,0.08876,0.08872,0.08872,31012,2751.81599,0.08876,0.08877,0.08872,0.08872,0.08884,0.08885,0.0888,0.0888,-0.00064149,-0.00090079,-0.00090079,-0.00090079,-8.000000000001062e-05,-0.0009009009009010204
1696179600000,2023-10-01T17:00:00Z,0.08872,0.08878,0.08872,0.08877,227286,20169.46329,0.08872,0.08878,0.08872,0.08877,0.0888,0.08885,0.0888,0.08885,-0.00090079,-0.00066858,-0.00075047,-0.00075047,-7.999999999999674e-05,-0.0009003939223409875
1696179900000,2023-10-01T17:05:00Z,0.08877,0.08879,0.08877,0.08879,1738,154.30469,0.08877,0.0888,0.08877,0.0888,0.08885,0.08888,0.08884,0.08888,-0.00075047,-0.00062113,-0.00085281,-0.00085281,-9.000000000000674e-05,-0.0010126012601260885
1696180200000,2023-10-01T17:10:00Z,0.08879,0.08883,0.08877,0.08883,300661,26692.53593,0.0888,0.08884,0.0888,0.08883,0.08888,0.08893,0.08888,0.08892,-0.00085281,-0.00075292,-0.00095198,-0.00095198,-8.999999999999286e-05,-0.001012145748987774
1696180500000,2023-10-01T17:15:00Z,0.08883,0.08885,0.08881,0.08881,28390,2522.03834,0.08883,0.08885,0.08881,0.08881,0.08892,0.08893,0.08889,0.0889,-0.00095198,-0.00080319,-0.00083627,-0.00083627,-9.000000000000674e-05,-0.001012373453318411
1696180800000,2023-10-01T17:20:00Z,0.08881,0.08881,0.08875,0.08876,3932,349.06529,0.08881,0.08881,0.08875,0.08877,0.0889,0.0889,0.08882,0.08885,-0.00083627,-0.0004006,-0.00067116,-0.00067116,-8.999999999999286e-05,-0.0010129431626335718
1696181100000,2023-10-01T17:25:00Z,0.08876,0.08881,0.08876,0.08879,21649,1922.25451,0.08877,0.08881,0.08876,0.08881,0.08885,0.08889,0.08884,0.08889,-0.00067116,-0.00049797,-0.00083788,-0.00083788,-0.00010000000000000286,-0.0011249859376758113
1696181400000,2023-10-01T17:30:00Z,0.08879,0.0888,0.08873,0.08873,21447,1904.12397,0.08881,0.08881,0.08873,0.08874,0.08889,0.08889,0.08881,0.08882,-0.00083788,-0.00075658,-0.00085657,-0.00085657,-8.999999999999286e-05,-0.0010132852961044006
1696181700000,2023-10-01T17:35:00Z,0.08873,0.08873,0.08864,0.08868,37420,3318.42631,0.08874,0.08874,0.08865,0.08868,0.08882,0.08882,0.08873,0.08876,-0.00085657,-0.00078779,-0.00101205,-0.00101205,-8.000000000001062e-05,-0.0009013068949978663
1696182000000,2023-10-01T17:40:00Z,0.08868,0.08872,0.08864,0.08864,44541,3949.33654,0.08868,0.08872,0.08865,0.08866,0.08876,0.0888,0.08874,0.08875,-0.00101205,-0.00082268,-0.0008894,-0.00082268,-0.00010999999999999899,-0.0012394366197182986
1696182300000,2023-10-01T17:45:00Z,0.08864,0.08866,0.0886,0.08861,19475,1726.17625,0.08866,0.08867,0.0886,0.08861,0.08875,0.08876,0.08868,0.08869,-0.00082268,-0.00080505,-0.00101284,-0.00080505,-8.000000000001062e-05,-0.0009020182658700035
1696182600000,2023-10-01T17:50:00Z,0.08861,0.08863,0.08856,0.08858,431330,38218.98937,0.08861,0.08863,0.08856,0.08859,0.08869,0.08871,0.08864,0.08868,-0.00080505,-0.00067651,-0.00075899,-0.00075899,-9.999999999998899e-05,-0.0011276499774468764
1696182900000,2023-10-01T17:55:00Z,0.08858,0.08858,0.08852,0.08856,160234,14188.42142,0.08859,0.0886,0.08854,0.08856,0.08868,0.08868,0.08862,0.08865,-0.00075899,-0.00077619,-0.00104794,-0.00077619,-9.000000000000674e-05,-0.001015228426396015
1696183200000,2023-10-01T18:00:00Z,0.08856,0.08863,0.08856,0.08861,80928,7170.20116,0.08856,0.08863,0.08856,0.08862,0.08865,0.08871,0.08865,0.0887,-0.00077619,-0.00065186,-0.00084351,-0.00084351,-9.000000000000674e-05,-0.0010146561443067277
1696183500000,2023-10-01T18:05:00Z,0.08861,0.08864,0.08861,0.08864,8698,770.9135,0.08862,0.08865,0.08861,0.08864,0.0887,0.08873,0.08869,0.08873,-0.00084351,-0.00086846,-0.00090161,-0.00090161,-9.000000000000674e-05,-0.0010143130846388677
1696183800000,2023-10-01T18:10:00Z,0.08864,0.0887,0.08864,0.0887,16372,1451.9548,0.08864,0.0887,0.08864,0.0887,0.08873,0.08877,0.08872,0.08877,-0.00090161,-0.00063909,-0.00074098,-0.00074098,-7.000000000000062e-05,-0.0007885546919004238
1696184100000,2023-10-01T18:15:00Z,0.0887,0.08872,0.08868,0.0887,7125,632.04551,0.0887,0.08873,0.08869,0.0887,0.08877,0.0888,0.08877,0.08877,-0.00074098,-0.00086325,-0.000901,-0.00086325,-7.000000000000062e-05,-0.0007885546919004238
1696184400000,2023-10-01T18:20:00Z,0.0887,0.08878,0.0887,0.08878,30388,2696.08345,0.0887,0.08878,0.0887,0.08878,0.08877,0.08885,0.08877,0.08885,-0.00086325,-0.00076509,-0.00085009,-0.00076509,-7.000000000000062e-05,-0.0007878446820484031
1696184700000,2023-10-01T18:25:00Z,0.08878,0.08878,0.08873,0.08873,11880,1054.34446,0.08878,0.08878,0.08874,0.08875,0.08885,0.08886,0.08881,0.08882,-0.00076509,-0.00061592,-0.00072843,-0.00061592,-8.999999999999286e-05,-0.0010132852961044006
1696185000000,2023-10-01T18:30:00Z,0.08873,0.08877,0.08873,0.08877,5083,451.1908,0.08875,0.08877,0.08874,0.08877,0.08882,0.08885,0.08881,0.08885,-0.00061592,-0.00082374,-0.00087394,-0.00087394,-7.999999999999674e-05,-0.0009003939223409875
1696185300000,2023-10-01T18:35:00Z,0.08877,0.08877,0.08875,0.08875,5325,472.69899,0.08877,0.08877,0.08875,0.08876,0.08885,0.08885,0.08882,0.08883,-0.00087394,-0.00066707,-0.00078793,-0.00066707,-8.000000000001062e-05,-0.0009005966452776158
1696185600000,2023-10-01T18:40:00Z,0.08875,0.08875,0.08872,0.08872,15130,1342.50104,0.08876,0.08876,0.08873,0.08874,0.08883,0.08883,0.08881,0.08882,-0.00066707,-0.00066933,-0.00072044,-0.00072044,-0.00010000000000000286,-0.0011258725512272333
1696185900000,2023-10-01T18:45:00Z,0.08872,0.08872,0.08872,0.08872,762,67.60464,0.08874,0.08874,0.08872,0.08872,0.08882,0.08882,0.08881,0.08881,-0.00072044,-0.00081423,-0.00090666,-0.00090666,-9.000000000000674e-05,-0.0010133993919604408
1696186200000,2023-10-01T18:50:00Z,0.08872,0.08875,0.08863,0.08863,232956,20666.99011,0.08872,0.08875,0.08863,0.08863,0.08881,0.08882,0.08872,0.08872,-0.00090666,-0.00081029,-0.00083613,-0.00083613,-8.999999999999286e-05,-0.0010144274120828772
1696186500000,2023-10-01T18:55:00Z,0.08863,0.08869,0.08863,0.08869,4427,392.57115,0.08863,0.08869,0.08863,0.08869,0.08872,0.08876,0.08872,0.08876,-0.00083613,-0.000648,-0.00072507,-0.00072507,-7.000000000000062e-05,-0.0007886435331230353
1696186800000,2023-10-01T19:00:00Z,0.08869,0.0887,0.08867,0.08867,29254,2594.09409,0.08869,0.08871,0.08868,0.08869,0.08876,0.08878,0.08876,0.08877,-0.00072507,-0.00074932,-0.00078188,-0.00074932,-0.00010000000000000286,-0.0011265067027149134
1696187100000,2023-10-01T19:05:00Z,0.08867,0.08875,0.08867,0.08875,43361,3846.36093,0.08869,0.08875,0.08867,0.08875,0.08877,0.08883,0.08876,0.08882,-0.00074932,-0.00047759,-0.00062508,-0.00062508,-7.000000000000062e-05,-0.0007881107858590477
1696187400000,2023-10-01T19:10:00Z,0.08875,0.08875,0.08873,0.08874,2080,184.59782,0.08875,0.08875,0.08873,0.08875,0.08882,0.08883,0.08881,0.08882,-0.00062508,-0.00047691,-0.00076345,-0.00076345,-7.999999999999674e-05,-0.0009006980409817242
1696187700000,2023-10-01T19:15:00Z,0.08874,0.08879,0.08874,0.08879,18965,1683.38993,0.08875,0.08879,0.08874,0.08879,0.08882,0.08885,0.08881,0.08885,-0.00076345,-0.00055644,-0.00072486,-0.00055644,-6.0000000000004494e-05,-0.0006752954417558188
1696188000000,2023-10-01T19:20:00Z,0.08879,0.08882,0.08879,0.0888,143214,12718.21844,0.08879,0.08882,0.08879,0.08881,0.08885,0.08887,0.08884,0.08887,-0.00055644,-0.00022644,-0.00057432,-0.00057432,-7.000000000000062e-05,-0.000787667379318112
1696188300000,2023-10-01T19:25:00Z,0.0888,0.0888,0.08879,0.08879,27472,2439.51161,0.08881,0.08881,0.08879,0.08879,0.08887,0.08887,0.08884,0.08884,-0.00057432,-0.0004879,-0.00057348,-0.0004879,-5.000000000000837e-05,-0.0005628095452499816
1696188600000,2023-10-01T19:30:00Z,0.08879,0.0888,0.08879,0.0888,15397,1367.11386,0.08879,0.0888,0.08879,0.0888,0.08884,0.08885,0.08884,0.08885,-0.0004879,-0.00051333,-0.00051333,-0.00051333,-4.999999999999449e-05,-0.0005627462014630781
1696188900000,2023-10-01T19:35:00Z,0.0888,0.08881,0.08879,0.0888,5703,506.42586,0.0888,0.08881,0.08879,0.08881,0.08885,0.08886,0.08884,0.08886,-0.00051333,-0.00035464,-0.00046702,-0.00046702,-5.9999999999990616e-05,-0.0006752194463199485
1696189200000,2023-10-01T19:40:00Z,0.0888,0.08881,0.0888,0.0888,256,22.73356,0.08881,0.08881,0.0888,0.0888,0.08886,0.08886,0.08885,0.08885,-0.00046702,-0.00051361,-0.0005404,-0.0005404,-4.999999999999449e-05,-0.0005627462014630781
1696189500000,2023-10-01T19:45:00Z,0.0888,0.08881,0.08875,0.08878,12029,1067.84088,0.0888,0.08881,0.08875,0.08878,0.08885,0.08886,0.08881,0.08882,-0.0005404,-0.00055314,-0.00055786,-0.00055314,-3.999999999999837e-05,-0.0004503490204908621
1696189800000,2023-10-01T19:50:00Z,0.08878,0.08878,0.08874,0.08874,1802,159.98116,0.08878,0.08879,0.08877,0.08878,0.08882,0.08884,0.08882,0.08883,-0.00055314,-0.00049594,-0.00049797,-0.00049594,-9.000000000000674e-05,-0.0010131712259372591
1696190100000,2023-10-01T19:55:00Z,0.08874,0.08874,0.08872,0.08872,1932,171.41998,0.08878,0.08878,0.08872,0.08872,0.08883,0.08883,0.08877,0.08878,-0.00049594,-0.00049887,-0.00056318,-0.00056318,-6.0000000000004494e-05,-0.0006758278891642769
1696190400000,2023-10-01T20:00:00Z,0.08872,0.08873,0.08856,0.08863,32905,2916.25435,0.08872,0.08873,0.08857,0.08863,0.08878,0.08879,0.08864,0.08869,-0.00056318,-0.00061637,-0.00080507,-0.00080507,-6.0000000000004494e-05,-0.0006765136994024636
1696190700000,2023-10-01T20:05:00Z,0.08863,0.08872,0.08859,0.08859,55934,4961.24224,0.08863,0.08872,0.0886,0.0886,0.08869,0.08877,0.08866,0.08866,-0.00080507,-0.00021913,-0.00053382,-0.00053382,-7.000000000000062e-05,-0.0007895330475975707
1696191000000,2023-10-01T20:10:00Z,0.08859,0.08879,0.08859,0.08876,359136,31874.92717,0.0886,0.08879,0.08859,0.08878,0.08866,0.08883,0.08865,0.08883,-0.00053382,-0.00014753,-0.00024687,-0.00024687,-7.000000000000062e-05,-0.0007880220646178162
1696191300000,2023-10-01T20:15:00Z,0.08876,0.0888,0.08875,0.08875,43339,3848.02354,0.08878,0.0888,0.08875,0.08877,0.08883,0.08885,0.0888,0.08882,-0.00024687,-0.00033637,-0.00039894,-0.00039894,-7.000000000000062e-05,-0.0007881107858590477
1696191600000,2023-10-01T20:20:00Z,0.08875,0.08879,0.08875,0.08877,24206,2149.01075,0.08877,0.08879,0.08876,0.08878,0.08882,0.08883,0.08881,0.08883,-0.00039894,-0.00039007,-0.00039187,-0.00039007,-6.0000000000004494e-05,-0.0006754474839581728
1696191900000,2023-10-01T20:25:00Z,0.08877,0.08877,0.08871,0.08872,85520,7591.00048,0.08878,0.08879,0.08871,0.08872,0.08883,0.08883,0.08877,0.08878,-0.00039007,-0.0002281,-0.00037604,-0.0002281,-6.0000000000004494e-05,-0.0006758278891642769
1696192200000,2023-10-01T20:30:00Z,0.08872,0.08872,0.0886,0.08861,2371,210.25059,0.08872,0.08872,0.0886,0.08862,0.08878,0.08878,0.08865,0.08868,-0.0002281,-0.00032558,-0.0004027,-0.00032558,-7.000000000000062e-05,-0.0007893549842129073
1696192500000,2023-10-01T20:35:00Z,0.08861,0.08868,0.08858,0.08868,21478,1903.54201,0.08862,0.08868,0.08859,0.08868,0.08868,0.08872,0.08865,0.08872,-0.00032558,-0.00024766,-0.00059452,-0.00059452,-3.999999999999837e-05,-0.00045085662759240726
1696192800000,2023-10-01T20:40:00Z,0.08868,0.08869,0.08867,0.08869,1926,170.79404,0.08868,0.0887,0.08867,0.0887,0.08872,0.08875,0.08872,0.08875,-0.00059452,-0.00005983,-0.00045915,-0.00045915,-5.9999999999990616e-05,-0.0006760563380280633
1696193100000,2023-10-01T20:45:00Z,0.08869,0.08884,0.08869,0.0888,99146,8804.41613,0.0887,0.08884,0.0887,0.08881,0.08875,0.08888,0.08875,0.08885,-0.00045915,-0.00026232,-0.00052892,-0.00052892,-4.999999999999449e-05,-0.0005627462014630781
1696193400000,2023-10-01T20:50:00Z,0.0888,0.0888,0.0887,0.08875,61713,5477.35336,0.08881,0.08881,0.0887,0.08875,0.08885,0.08886,0.08876,0.08878,-0.00052892,-0.00026289,-0.00044553,-0.00026289,-3.0000000000002247e-05,-0.00033791394458213843
1696193700000,2023-10-01T20:55:00Z,0.08875,0.08877,0.08874,0.08876,1488,132.05712,0.08875,0.08878,0.08874,0.08877,0.08878,0.08882,0.08878,0.08881,-0.00026289,-0.00007726,-0.00039995,-0.00039995,-4.999999999999449e-05,-0.0005629996622001407
1696194000000,2023-10-01T21:00:00Z,0.08876,0.08879,0.08876,0.08879,5076,450.60054,0.08877,0.08879,0.08877,0.08879,0.08881,0.08884,0.08881,0.08884,-0.00039995,-0.0001782,-0.00040204,-0.0001782,-5.000000000000837e-05,-0.0005628095452499816
1696194300000,2023-10-01T21:05:00Z,0.08879,0.08882,0.08875,0.08875,56351,5004.59649,0.08879,0.08883,0.08876,0.08876,0.08884,0.08887,0.08881,0.08881,-0.0001782,-0.0003077,-0.00051238,-0.0003077,-6.0000000000004494e-05,-0.0006755995946402939
1696194600000,2023-10-01T21:10:00Z,0.08875,0.08875,0.08872,0.08874,7383,655.19093,0.08876,0.08877,0.08872,0.08874,0.08881,0.08882,0.08877,0.08881,-0.0003077,-0.00026143,-0.00049087,-0.00026143,-7.000000000000062e-05,-0.0007881995270802907
1696194900000,2023-10-01T21:15:00Z,0.08874,0.08879,0.08874,0.08879,190,16.86268,0.08874,0.08879,0.08874,0.08879,0.08881,0.08883,0.0888,0.08883,-0.00026143,-0.00022542,-0.00025996,-0.00025996,-4.000000000001225e-05,-0.000450298322638886
1696195200000,2023-10-01T21:20:00Z,0.08879,0.0888,0.08879,0.08879,13923,1236.2343,0.08879,0.0888,0.08879,0.08879,0.08883,0.08884,0.08883,0.08883,-0.00025996,-0.00028717,-0.00040162,-0.00040162,-4.000000000001225e-05,-0.000450298322638886
1696195500000,2023-10-01T21:25:00Z,0.08879,0.0888,0.08879,0.08879,14950,1327.42273,0.08879,0.08882,0.08879,0.0888,0.08883,0.08886,0.08883,0.08886,-0.00040162,-0.00009712,-0.00018784,-0.00009712,-7.000000000000062e-05,-0.0007877560207067367
1696195800000,2023-10-01T21:30:00Z,0.08879,0.08882,0.08879,0.08882,2097,186.21668,0.0888,0.08883,0.0888,0.08883,0.08886,0.08888,0.08886,0.08888,-0.00009712,-0.00027635,-0.00040987,-0.00027635,-6.0000000000004494e-05,-0.0006750675067507256
1696196100000,2023-10-01T21:35:00Z,0.08882,0.08891,0.08882,0.08887,164016,14578.46965,0.08883,0.08889,0.08882,0.08887,0.08888,0.08892,0.08887,0.08891,-0.00027635,-0.0001433,-0.00015703,-0.00015703,-3.999999999999837e-05,-0.0004498931503767672
1696196400000,2023-10-01T21:40:00Z,0.08887,0.08895,0.08887,0.0889,441682,39275.14258,0.08887,0.08893,0.08887,0.08891,0.08891,0.08899,0.08891,0.08898,-0.00015703,-0.00058822,-0.00070187,-0.00070187,-7.999999999999674e-05,-0.0008990784445942542
1696196700000,2023-10-01T21:45:00Z,0.0889,0.08891,0.0889,0.0889,5760,512.11256,0.08891,0.08892,0.0889,0.08891,0.08898,0.08899,0.08897,0.08898,-0.00070187,-0.0005917,-0.00060878,-0.00060878,-7.999999999999674e-05,-0.0008990784445942542
1696197000000,2023-10-01T21:50:00Z,0.0889,0.08893,0.0889,0.08893,3207,285.18534,0.08891,0.08894,0.0889,0.08893,0.08898,0.089,0.08897,0.08899,-0.00060878,-0.00030647,-0.00037098,-0.00037098,-6.0000000000004494e-05,-0.0006742330598944207
1696197300000,2023-10-01T21:55:00Z,0.08893,0.08897,0.08893,0.08895,156588,13927.80826,0.08893,0.08897,0.08893,0.08896,0.08899,0.08902,0.08899,0.08902,-0.00037098,-0.00058431,-0.00070093,-0.00070093,-7.000000000000062e-05,-0.000786340148281292
1696197600000,2023-10-01T22:00:00Z,0.08895,0.08903,0.08895,0.08899,142366,12670.17528,0.08896,0.089,0.08896,0.08899,0.08902,0.08906,0.08902,0.08906,-0.00070093,-0.00038618,-0.00053891,-0.00038618,-7.000000000000062e-05,-0.0007859869750729914
1696197900000,2023-10-01T22:05:00Z,0.08899,0.089,0.08894,0.089,23897,2126.20073,0.08899,0.08902,0.08895,0.08902,0.08906,0.08908,0.08902,0.08908,-0.00038618,-0.00043301,-0.00047046,-0.00043301,-8.000000000001062e-05,-0.0008980691513247711
1696198200000,2023-10-01T22:10:00Z,0.089,0.08911,0.089,0.08904,63661,5668.85624,0.08902,0.08909,0.08901,0.08905,0.08908,0.08912,0.08907,0.08911,-0.00043301,-0.0003456,-0.00038924,-0.0003456,-7.000000000000062e-05,-0.0007855459544383416
1696198500000,2023-10-01T22:15:00Z,0.08904,0.09018,0.08904,0.08982,8102896,727486.75365,0.08905,0.09002,0.08905,0.08983,0.08911,0.09004,0.08911,0.08986,-0.0003456,0.00102088,0,0,-3.999999999999837e-05,-0.000445136879590456
1696198800000,2023-10-01T22:20:00Z,0.08982,0.09004,0.08967,0.09002,1119986,100562.11161,0.08983,0.09003,0.0897,0.09002,0.08986,0.09007,0.08973,0.09005,0,0,-0.00034968,0,-3.0000000000002247e-05,-0.00033314825097170735
1696199100000,2023-10-01T22:25:00Z,0.09002,0.09004,0.08989,0.08989,465526,41878.74712,0.09002,0.09004,0.08989,0.0899,0.09005,0.09007,0.08994,0.08995,0,-0.00028788,-0.00038669,-0.00038669,-6.0000000000004494e-05,-0.0006670372429127793
1696199400000,2023-10-01T22:30:00Z,0.08989,0.09026,0.08989,0.09013,743174,67020.51772,0.0899,0.09026,0.08989,0.09013,0.08995,0.09027,0.08994,0.09017,-0.00038669,-0.0000257,-0.00018611,-0.0000257,-3.999999999999837e-05,-0.00044360652101584086
1696199700000,2023-10-01T22:35:00Z,0.09013,0.09014,0.08997,0.09005,386012,34756.08679,0.09013,0.09014,0.08999,0.09006,0.09017,0.09017,0.09002,0.09009,-0.0000257,0,-0.00007105,0,-3.999999999999837e-05,-0.0004440004440004259
1696200000000,2023-10-01T22:40:00Z,0.09005,0.09005,0.0899,0.09003,275168,24756.88388,0.09006,0.09006,0.08993,0.09004,0.09009,0.09009,0.08995,0.09007,0,-0.00011108,-0.00019215,-0.00011108,-3.999999999999837e-05,-0.0004440990340845828
1696200300000,2023-10-01T22:45:00Z,0.09003,0.09035,0.09001,0.09013,1141917,103050.89367,0.09004,0.09034,0.09002,0.09014,0.09007,0.09036,0.09005,0.09017,-0.00011108,0,-0.00003864,0,-3.999999999999837e-05,-0.00044360652101584086
1696200600000,2023-10-01T22:50:00Z,0.09013,0.09029,0.09013,0.09017,589673,53207.47561,0.09014,0.09029,0.09013,0.09019,0.09017,0.09032,0.09017,0.09023,0,-0.00009202,-0.00016808,-0.00009202,-6.0000000000004494e-05,-0.0006649673057741826
1696200900000,2023-10-01T22:55:00Z,0.09017,0.0903,0.09016,0.0903,55449,5002.79424,0.09019,0.0903,0.09018,0.0903,0.09023,0.09034,0.09022,0.09033,-0.00009202,0,-0.00011138,0,-2.999999999998837e-05,-0.000332115576220396
1696201200000,2023-10-01T23:00:00Z,0.0903,0.09035,0.09021,0.09035,30605,2763.50899,0.0903,0.09036,0.09022,0.09035,0.09033,0.09039,0.09023,0.09038,0,-0.00008164,-0.00022396,-0.00008164,-3.0000000000002247e-05,-0.0003319318433281948
1696201500000,2023-10-01T23:05:00Z,0.09035,0.09035,0.09016,0.09017,407038,36763.4059,0.09035,0.09035,0.09017,0.09017,0.09038,0.09038,0.09021,0.09021,-0.00008164,-0.00033215,-0.00040888,-0.00040888,-3.999999999999837e-05,-0.00044340982152752875
1696201800000,2023-10-01T23:10:00Z,0.09017,0.0902,0.09006,0.09013,840107,75707.04162,0.09017,0.0902,0.0901,0.09014,0.09021,0.09023,0.09014,0.09018,-0.00040888,-0.00005898,-0.00039534,-0.00039534,-4.999999999999449e-05,-0.0005544466622310324
1696202100000,2023-10-01T23:15:00Z,0.09013,0.09026,0.09013,0.09017,233104,21026.33331,0.09014,0.09026,0.09014,0.0902,0.09018,0.0903,0.09018,0.09025,-0.00039534,-0.0004165,-0.00050974,-0.00050974,-7.999999999999674e-05,-0.0008864265927977478
1696202400000,2023-10-01T23:20:00Z,0.09017,0.09038,0.09017,0.09037,132703,11981.4467,0.0902,0.09038,0.0902,0.09037,0.09025,0.09041,0.09025,0.0904,-0.00050974,-0.00015721,-0.00047065,-0.00015721,-2.999999999998837e-05,-0.00033185840707951737
1696202700000,2023-10-01T23:25:00Z,0.09037,0.09037,0.09011,0.09011,31061,2805.21636,0.09037,0.09037,0.09012,0.09012,0.0904,0.09042,0.09019,0.09019,-0.00015721,-0.00058585,-0.00062935,-0.00062935,-8.000000000001062e-05,-0.0008870162989246105
1696203000000,2023-10-01T23:30:00Z,0.09011,0.09015,0.09004,0.09014,356907,32159.10545,0.09012,0.09015,0.09005,0.09014,0.09019,0.0902,0.09012,0.09019,-0.00062935,-0.00042372,-0.00070941,-0.00042372,-5.000000000000837e-05,-0.0005543851868279007
1696203300000,2023-10-01T23:35:00Z,0.09014,0.0903,0.09014,0.09024,43643,3937.83767,0.09014,0.0903,0.09014,0.09026,0.09019,0.09035,0.09019,0.09031,-0.00042372,-0.0001876,-0.00042401,-0.00042401,-7.000000000000062e-05,-0.0007751079614660681
1696203600000,2023-10-01T23:40:00Z,0.09024,0.09025,0.09015,0.09016,9306,839.41505,0.09026,0.09026,0.09016,0.09018,0.09031,0.09031,0.09022,0.09024,-0.00042401,-0.00052485,-0.00054361,-0.00054361,-7.999999999999674e-05,-0.0008865248226949993
1696203900000,2023-10-01T23:45:00Z,0.09016,0.09019,0.0901,0.09012,83857,7560.42069,0.09018,0.09019,0.09011,0.09013,0.09024,0.09025,0.09017,0.09019,-0.00054361,-0.00037055,-0.00058844,-0.00037055,-7.000000000000062e-05,-0.0007761392615589379
1696204200000,2023-10-01T23:50:00Z,0.09012,0.09014,0.09005,0.09005,104865,9444.60278,0.09013,0.09014,0.09006,0.09007,0.09019,0.0902,0.09012,0.09013,-0.00037055,-0.00030459,-0.00047854,-0.00030459,-7.999999999999674e-05,-0.0008876067901919087
1696204500000,2023-10-01T23:55:00Z,0.09005,0.09006,0.08999,0.09003,55998,5039.89799,0.09007,0.09007,0.09002,0.09004,0.09013,0.09013,0.09008,0.0901,-0.00030459,-0.00047153,-0.00054837,-0.00047153,-7.000000000000062e-05,-0.0007769145394006728
1696204800000,2023-10-02T00:00:00Z,0.09003,0.09013,0.09002,0.09006,90261,8129.29364,0.09004,0.09013,0.09003,0.09008,0.0901,0.0902,0.09009,0.09014,-0.00047153,-0.00070037,-0.00077639,-0.00077639,-7.999999999999674e-05,-0.0008875083203904675
1696205100000,2023-10-02T00:05:00Z,0.09006,0.09006,0.08994,0.08996,176104,15845.87395,0.09008,0.09009,0.08994,0.08996,0.09014,0.09015,0.08999,0.09001,-0.00077639,-0.00029191,-0.00051361,-0.00029191,-5.000000000000837e-05,-0.0005554938340185353
1696205400000,2023-10-02T00:10:00Z,0.08996,0.08998,0.08983,0.08983,212165,19071.23797,0.08996,0.08998,0.08983,0.08983,0.09001,0.09003,0.08988,0.08989,-0.00029191,-0.0004052,-0.00073007,-0.00073007,-6.0000000000004494e-05,-0.0006674824785849871
1696205700000,2023-10-02T00:15:00Z,0.08983,0.08984,0.08975,0.08984,67927,6100.19291,0.08983,0.08986,0.08976,0.08986,0.08989,0.08993,0.08982,0.08993,-0.00073007,-0.00066785,-0.00071382,-0.00071382,-8.999999999999286e-05,-0.001000778383186844
1696206000000,2023-10-02T00:20:00Z,0.08984,0.08988,0.08975,0.08976,141208,12682.74978,0.08986,0.08988,0.08975,0.08976,0.08993,0.08995,0.08981,0.08981,-0.00071382,-0.00088438,-0.00088977,-0.00088438,-4.999999999999449e-05,-0.000556730876294338
1696206300000,2023-10-02T00:25:00Z,0.08976,0.08986,0.08974,0.08986,235123,21120.79424,0.08976,0.08986,0.08974,0.08986,0.08981,0.08992,0.0898,0.0899,-0.00088438,-0.00063778,-0.00065228,-0.00065228,-3.999999999999837e-05,-0.0004449388209121065
1696206600000,2023-10-02T00:30:00Z,0.08986,0.08989,0.08979,0.08981,93281,8382.15356,0.08986,0.08989,0.0898,0.08981,0.0899,0.08993,0.08986,0.08986,-0.00065228,-0.00051084,-0.00071302,-0.00071302,-4.999999999999449e-05,-0.0005564210994880313
1696206900000,2023-10-02T00:35:00Z,0.08981,0.08981,0.08974,0.08976,55224,4956.9556,0.08981,0.08981,0.08974,0.08975,0.08986,0.08986,0.08981,0.08981,-0.00071302,-0.00055266,-0.00077907,-0.00055266,-4.999999999999449e-05,-0.000556730876294338
1696207200000,2023-10-02T00:40:00Z,0.08976,0.08988,0.08975,0.08988,62137,5579.23831,0.08975,0.08988,0.08975,0.08988,0.08981,0.08993,0.08981,0.08993,-0.00055266,-0.00048452,-0.00057874,-0.00057874,-4.999999999999449e-05,-0.0005559879906593406
1696207500000,2023-10-02T00:45:00Z,0.08988,0.08993,0.08982,0.08983,132220,11882.73906,0.08988,0.08993,0.08982,0.08983,0.08993,0.08996,0.08988,0.08988,-0.00057874,-0.00045479,-0.00051284,-0.00051284,-5.000000000000837e-05,-0.000556297285269341
1696207800000,2023-10-02T00:50:00Z,0.08983,0.08985,0.08975,0.08979,112993,10145.92029,0.08983,0.08985,0.08975,0.08979,0.08988,0.08991,0.0898,0.08984,-0.00051284,-0.00038303,-0.0003989,-0.0003989,-5.000000000000837e-05,-0.0005565449688335749
1696208100000,2023-10-02T00:55:00Z,0.08979,0.0898,0.08974,0.0898,38576,3462.72546,0.08979,0.0898,0.08975,0.0898,0.08984,0.08984,0.0898,0.08983,-0.0003989,-0.00024824,-0.00038357,-0.00024824,-2.999999999998837e-05,-0.0003339641545139527
1696208400000,2023-10-02T01:00:00Z,0.0898,0.08987,0.08977,0.08985,40427,3629.97441,0.0898,0.08987,0.08978,0.08986,0.08983,0.0899,0.08983,0.0899,-0.00024824,-0.00019368,-0.00040505,-0.00040505,-4.999999999999449e-05,-0.0005561735261400945
1696208700000,2023-10-02T01:05:00Z,0.08985,0.08989,0.08982,0.08986,66754,5999.21876,0.08986,0.08989,0.08983,0.08987,0.0899,0.08994,0.08987,0.08993,-0.00040505,-0.00051745,-0.00062159,-0.00062159,-7.000000000000062e-05,-0.0007783831869231693
1696209000000,2023-10-02T01:10:00Z,0.08986,0.0899,0.08972,0.08973,312736,28066.67726,0.08987,0.08992,0.08975,0.08975,0.08993,0.08999,0.08982,0.08982,-0.00062159,-0.00062847,-0.00065365,-0.00062847,-8.999999999999286e-05,-0.0010020040080159526
1696209300000,2023-10-02T01:15:00Z,0.08973,0.08983,0.08971,0.0898,26975,2420.55206,0.08975,0.08983,0.08973,0.08981,0.08982,0.08989,0.08979,0.08988,-0.00062847,-0.00037491,-0.00071042,-0.00037491,-7.999999999999674e-05,-0.0008900756564307604
1696209600000,2023-10-02T01:20:00Z,0.0898,0.08989,0.0898,0.08989,69033,6204.26179,0.08981,0.0899,0.08981,0.0899,0.08988,0.08998,0.08988,0.08998,-0.00037491,-0.00064609,-0.00066711,-0.00066711,-9.000000000000674e-05,-0.0010002222716159895
1696209900000,2023-10-02T01:25:00Z,0.08989,0.08997,0.08987,0.08996,246742,22183.27392,0.0899,0.08997,0.08987,0.08996,0.08998,0.09004,0.08994,0.09001,-0.00066711,-0.00051244,-0.0006967,-0.0006967,-5.000000000000837e-05,-0.0005554938340185353
1696210200000,2023-10-02T01:30:00Z,0.08996,0.09001,0.08995,0.09001,50532,4547.01506,0.08996,0.09003,0.08996,0.09003,0.09001,0.09011,0.09001,0.09011,-0.0006967,-0.0006456,-0.00064794,-0.00064794,-9.999999999998899e-05,-0.0011097547442014094
1696210500000,2023-10-02T01:35:00Z,0.09001,0.09015,0.08999,0.09014,22350,2012.48606,0.09003,0.09015,0.09,0.09014,0.09011,0.09021,0.09008,0.09021,-0.00064794,-0.00025119,-0.00063768,-0.00025119,-7.000000000000062e-05,-0.0007759671876732138
1696210800000,2023-10-02T01:40:00Z,0.09014,0.09019,0.09014,0.09019,80006,7214.29828,0.09014,0.0902,0.09014,0.09019,0.09021,0.09027,0.09021,0.09027,-0.00025119,-0.00057294,-0.00072144,-0.00057294,-7.999999999999674e-05,-0.0008862301982939708
1696211100000,2023-10-02T01:45:00Z,0.09019,0.0902,0.09019,0.09019,6489,585.30573,0.09019,0.09021,0.09019,0.0902,0.09027,0.09027,0.09024,0.09026,-0.00057294,-0.00050204,-0.000615,-0.000615,-7.000000000000062e-05,-0.0007755373365832108
1696211400000,2023-10-02T01:50:00Z,0.09019,0.09023,0.09019,0.0902,9466,853.99804,0.0902,0.09023,0.09019,0.0902,0.09026,0.09029,0.09024,0.09024,-0.000615,-0.00047219,-0.00063351,-0.00063351,-3.999999999999837e-05,-0.00044326241134749967
1696211700000,2023-10-02T01:55:00Z,0.0902,0.09022,0.0901,0.09011,569786,51375.101,0.0902,0.09022,0.09013,0.09013,0.09024,0.09027,0.09019,0.09019,-0.00063351,-0.00032779,-0.00058303,-0.00058303,-8.000000000001062e-05,-0.0008870162989246105
1696212000000,2023-10-02T02:00:00Z,0.09011,0.09017,0.09009,0.09013,646570,58267.96331,0.09013,0.09017,0.09012,0.09015,0.09019,0.09025,0.09019,0.09024,-0.00058303,-0.00051241,-0.00099745,-0.00099745,-0.00010999999999999899,-0.0012189716312056625
1696212300000,2023-10-02T02:05:00Z,0.09013,0.09014,0.09008,0.09014,336796,30352.09094,0.09015,0.09015,0.09008,0.09014,0.09024,0.09024,0.09017,0.09024,-0.00099745,-0.00089547,-0.00110815,-0.00110815,-0.00010000000000000286,-0.001108156028368826
1696212600000,2023-10-02T02:10:00Z,0.09014,0.09018,0.09013,0.09017,231226,20847.79659,0.09014,0.09018,0.09014,0.09018,0.09024,0.09027,0.09023,0.09027,-0.00110815,-0.00061414,-0.00107932,-0.00061414,-0.00010000000000000286,-0.0011077877478675403
1696212900000,2023-10-02T02:15:00Z,0.09017,0.09019,0.09017,0.09017,3703,333.94944,0.09018,0.0902,0.09017,0.09017,0.09027,0.0903,0.09024,0.09024,-0.00061414,-0.00074094,-0.00077553,-0.00074094,-7.000000000000062e-05,-0.0007757092198581629
1696213200000,2023-10-02T02:20:00Z,0.09017,0.09018,0.09012,0.09012,13223,1192.17095,0.09017,0.0902,0.09012,0.09012,0.09024,0.09028,0.09021,0.09021,-0.00074094,-0.00092751,-0.00099756,-0.00099756,-8.999999999999286e-05,-0.0009976720984369012
1696213500000,2023-10-02T02:25:00Z,0.09012,0.09016,0.09012,0.09015,237083,21369.21462,0.09012,0.09018,0.09012,0.09016,0.09021,0.09027,0.09021,0.09026,-0.00099756,-0.00093607,-0.00116561,-0.00116561,-0.00011000000000001287,-0.001218701528916606
1696213800000,2023-10-02T02:30:00Z,0.09015,0.09019,0.09015,0.09017,45774,4127.78401,0.09016,0.0902,0.09015,0.09017,0.09026,0.0903,0.09025,0.09026,-0.00116561,-0.0009229,-0.00101617,-0.00101617,-9.000000000000674e-05,-0.0009971194327499085
1696214100000,2023-10-02T02:35:00Z,0.09017,0.0902,0.09009,0.09011,90828,8189.99088,0.09017,0.0902,0.0901,0.09011,0.09026,0.09029,0.09019,0.09019,-0.00101617,-0.00055859,-0.00077562,-0.00055859,-8.000000000001062e-05,-0.0008870162989246105
1696214400000,2023-10-02T02:40:00Z,0.09011,0.09016,0.09005,0.09014,490265,44166.52692,0.09011,0.09016,0.0901,0.09015,0.09019,0.09025,0.09018,0.09025,-0.00055859,-0.00096254,-0.00099745,-0.00096254,-0.00010999999999999899,-0.0012188365650969417
1696214700000,2023-10-02T02:45:00Z,0.09014,0.09016,0.09013,0.09015,4264,384.41866,0.09015,0.09018,0.09013,0.09017,0.09025,0.09028,0.09023,0.09027,-0.00096254,-0.00095146,-0.00098393,-0.00098393,-0.00012000000000000899,-0.0013293452974411097
1696215000000,2023-10-02T02:50:00Z,0.09015,0.09018,0.09015,0.09016,21659,1953.15212,0.09017,0.09018,0.09016,0.09016,0.09027,0.09028,0.09025,0.09025,-0.00098393,-0.00087968,-0.00088642,-0.00088642,-8.999999999999286e-05,-0.0009972299168974279
1696215300000,2023-10-02T02:55:00Z,0.09016,0.09017,0.09015,0.09015,21569,1944.78805,0.09016,0.09017,0.09015,0.09015,0.09025,0.09026,0.09022,0.09022,-0.00088642,-0.00073611,-0.00074542,-0.00073611,-7.000000000000062e-05,-0.0007758811793393995
1696215600000,2023-10-02T03:00:00Z,0.09015,0.09017,0.0901,0.0901,75779,6828.4753,0.09015,0.09017,0.0901,0.09011,0.09022,0.09025,0.09019,0.0902,-0.00073611,-0.00090465,-0.00097727,-0.00097727,-0.00010000000000000286,-0.0011086474501108964
1696215900000,2023-10-02T03:05:00Z,0.0901,0.09013,0.09008,0.0901,19541,1760.7216,0.09011,0.09015,0.09008,0.0901,0.0902,0.09024,0.09018,0.09019,-0.00097727,-0.00074235,-0.00080516,-0.00080516,-9.000000000000674e-05,-0.000997893336290129
1696216200000,2023-10-02T03:10:00Z,0.0901,0.09011,0.09007,0.09011,189317,17055.32625,0.0901,0.09014,0.09007,0.09011,0.09019,0.09023,0.09016,0.09019,-0.00080516,-0.00083767,-0.00104211,-0.00083767,-8.000000000001062e-05,-0.0008870162989246105
1696216500000,2023-10-02T03:15:00Z,0.09011,0.09011,0.08998,0.08999,84938,7647.365,0.09011,0.09011,0.08999,0.08999,0.09019,0.09021,0.09008,0.09009,-0.00083767,-0.00073267,-0.00107283,-0.00073267,-0.00010000000000000286,-0.0011100011100011417
1696216800000,2023-10-02T03:20:00Z,0.08999,0.09003,0.08996,0.08999,45997,4138.61896,0.08999,0.09003,0.08996,0.08999,0.09009,0.09011,0.09005,0.09008,-0.00073267,-0.00077717,-0.00097246,-0.00097246,-8.999999999999286e-05,-0.0009991119005327805
1696217100000,2023-10-02T03:25:00Z,0.08999,0.09003,0.08999,0.09002,279632,25173.26628,0.08999,0.09003,0.08999,0.09003,0.09008,0.09011,0.09007,0.09011,-0.00097246,-0.00068842,-0.00071498,-0.00071498,-8.999999999999286e-05,-0.000998779269781299
1696217400000,2023-10-02T03:30:00Z,0.09002,0.09009,0.09002,0.09008,69533,6261.98576,0.09003,0.09009,0.09002,0.09009,0.09011,0.09017,0.09008,0.09017,-0.00071498,-0.00063911,-0.0007937,-0.0007937,-9.000000000000674e-05,-0.0009981146722857573
1696217700000,2023-10-02T03:35:00Z,0.09008,0.09012,0.09005,0.09009,47787,4305.55394,0.09009,0.09012,0.09005,0.0901,0.09017,0.09019,0.09014,0.09018,-0.0007937,-0.00063694,-0.0006535,-0.0006535,-8.999999999999286e-05,-0.000998003992015889
1696218000000,2023-10-02T03:40:00Z,0.09009,0.09034,0.09009,0.09027,407234,36749.29421,0.0901,0.09033,0.0901,0.09027,0.09018,0.09041,0.09018,0.09034,-0.0006535,-0.00060046,-0.0006865,-0.0006865,-7.000000000000062e-05,-0.0007748505645339895
1696218300000,2023-10-02T03:45:00Z,0.09027,0.09027,0.09009,0.09013,149185,13449.74614,0.09027,0.09027,0.09011,0.09014,0.09034,0.09034,0.09019,0.09023,-0.0006865,-0.00086434,-0.00087308,-0.00087308,-0.00010000000000000286,-0.0011082788429569196
1696218600000,2023-10-02T03:50:00Z,0.09013,0.09015,0.09013,0.09014,673,60.65849,0.09014,0.09016,0.09013,0.09014,0.09023,0.09024,0.09018,0.0902,-0.00087308,-0.00060838,-0.000635,-0.00060838,-6.0000000000004494e-05,-0.0006651884700665686
1696218900000,2023-10-02T03:55:00Z,0.09014,0.09026,0.09012,0.09019,357445,32253.35628,0.09014,0.0902,0.09012,0.09019,0.0902,0.09029,0.09019,0.09028,-0.00060838,-0.00067586,-0.00083468,-0.00083468,-8.999999999999286e-05,-0.0009968985378820655
1696219200000,2023-10-02T04:00:00Z,0.09019,0.09027,0.09019,0.09019,53510,4828.64355,0.09019,0.09026,0.09019,0.09019,0.09028,0.09031,0.09024,0.09025,-0.00083468,-0.0002575,-0.00039366,-0.00039366,-5.9999999999990616e-05,-0.000664819944598234
1696219500000,2023-10-02T04:05:00Z,0.09019,0.09019,0.0901,0.0901,10659,960.93388,0.09019,0.09021,0.09011,0.09011,0.09025,0.09027,0.09017,0.09017,-0.00039366,-0.00052755,-0.00057928,-0.00057928,-7.000000000000062e-05,-0.00077631141177776
1696219800000,2023-10-02T04:10:00Z,0.0901,0.09016,0.0901,0.09011,4780,430.73905,0.09011,0.09017,0.09011,0.09011,0.09017,0.09023,0.09017,0.09018,-0.00057928,-0.00045021,-0.00049977,-0.00045021,-7.000000000000062e-05,-0.0007762253271235376
1696220100000,2023-10-02T04:15:00Z,0.09011,0.09011,0.09008,0.09008,25054,2257.16447,0.09011,0.09013,0.09008,0.09008,0.09018,0.0902,0.09016,0.09016,-0.00045021,-0.00064437,-0.00071593,-0.00071593,-8.000000000001062e-05,-0.0008873114463177753
1696220400000,2023-10-02T04:20:00Z,0.09008,0.0901,0.09005,0.09005,97347,8767.73279,0.09008,0.0901,0.09005,0.09005,0.09016,0.09018,0.09011,0.09012,-0.00071593,-0.0006667,-0.00075834,-0.00075834,-7.000000000000062e-05,-0.0007767421216156304
1696220700000,2023-10-02T04:25:00Z,0.09005,0.09006,0.09003,0.09006,50572,4554.21447,0.09005,0.09009,0.09003,0.09006,0.09012,0.09016,0.09011,0.09015,-0.00075834,-0.0004782,-0.00085037,-0.00085037,-8.999999999999286e-05,-0.0009983361064891056
1696221000000,2023-10-02T04:30:00Z,0.09006,0.09006,0.09003,0.09003,33622,3027.14315,0.09006,0.09007,0.09003,0.09003,0.09015,0.09016,0.09009,0.0901,-0.00085037,-0.00054301,-0.00077596,-0.00054301,-7.000000000000062e-05,-0.0007769145394006728
1696221300000,2023-10-02T04:35:00Z,0.09003,0.09003,0.08994,0.08997,48930,4402.25955,0.09003,0.09003,0.08994,0.08997,0.0901,0.0901,0.09,0.09003,-0.00054301,-0.00063426,-0.00083159,-0.00063426,-6.0000000000004494e-05,-0.0006664445184938853
1696221600000,2023-10-02T04:40:00Z,0.08997,0.08997,0.0899,0.08991,9212,828.30918,0.08997,0.08997,0.08991,0.08992,0.09003,0.09004,0.08996,0.08999,-0.00063426,-0.00066681,-0.00074483,-0.00066681,-7.999999999999674e-05,-0.0008889876652961077
1696221900000,2023-10-02T04:45:00Z,0.08991,0.08994,0.0899,0.08993,90870,8171.02585,0.08992,0.08994,0.0899,0.08993,0.08999,0.09,0.08997,0.08998,-0.00066681,-0.00055006,-0.00060144,-0.00055006,-5.000000000000837e-05,-0.0005556790397867122
1696222200000,2023-10-02T04:50:00Z,0.08993,0.08994,0.08993,0.08994,23187,2085.43641,0.08993,0.08996,0.08993,0.08995,0.08998,0.09003,0.08998,0.09001,-0.00055006,-0.00049444,-0.00050638,-0.00050638,-7.000000000000062e-05,-0.0007776913676258261
1696222500000,2023-10-02T04:55:00Z,0.08994,0.08997,0.0899,0.0899,36581,3289.37015,0.08995,0.08997,0.08991,0.08991,0.09001,0.09003,0.08997,0.08997,-0.00050638,-0.00053917,-0.00060948,-0.00053917,-7.000000000000062e-05,-0.0007780371234856132
1696222800000,2023-10-02T05:00:00Z,0.0899,0.08991,0.08985,0.08986,24121,2167.88532,0.08991,0.08992,0.08985,0.08986,0.08997,0.08998,0.08991,0.08994,-0.00053917,-0.00055611,-0.000842,-0.000842,-8.000000000001062e-05,-0.0008894818768068781
1696223100000,2023-10-02T05:05:00Z,0.08986,0.08986,0.0898,0.0898,112203,10078.44181,0.08986,0.08987,0.08981,0.08983,0.08994,0.08994,0.08988,0.0899,-0.000842,-0.00055623,-0.00073912,-0.00073912,-9.999999999998899e-05,-0.001112347052280189
1696223400000,2023-10-02T05:10:00Z,0.0898,0.08981,0.08976,0.0898,216029,19397.80989,0.08983,0.08983,0.08977,0.0898,0.0899,0.0899,0.08985,0.08986,-0.00073912,-0.00072919,-0.00076112,-0.00076112,-5.9999999999990616e-05,-0.0006677053193856067
1696223700000,2023-10-02T05:15:00Z,0.0898,0.08981,0.08977,0.08978,88355,7932.90408,0.0898,0.08981,0.08978,0.0898,0.08986,0.08989,0.08986,0.08988,-0.00076112,-0.00083476,-0.00085903,-0.00085903,-0.00010000000000000286,-0.0011125945705385276
1696224000000,2023-10-02T05:20:00Z,0.08978,0.08978,0.08974,0.08976,188361,16907.0015,0.0898,0.0898,0.08976,0.08976,0.08988,0.08988,0.08986,0.08987,-0.00085903,-0.00114745,-0.00117768,-0.00117768,-0.00010999999999999899,-0.001223990208078324
1696224300000,2023-10-02T05:25:00Z,0.08976,0.08977,0.08974,0.08974,6826,612.62319,0.08976,0.08977,0.08974,0.08975,0.08987,0.08988,0.08983,0.08986,-0.00117768,-0.00105464,-0.00108937,-0.00108937,-0.00011999999999999511,-0.0013354106387713678
1696224600000,2023-10-02T05:30:00Z,0.08974,0.08974,0.08956,0.08959,550105,49305.99912,0.08975,0.08975,0.08959,0.0896,0.08986,0.08986,0.08969,0.0897,-0.00108937,-0.00070724,-0.0008154,-0.0008154,-0.00010999999999999899,-0.0012263099219620847
1696224900000,2023-10-02T05:35:00Z,0.08959,0.08963,0.08957,0.0896,226054,20257.12137,0.0896,0.08963,0.08957,0.08961,0.0897,0.08971,0.08966,0.08969,-0.0008154,-0.00055875,-0.00090981,-0.00090981,-9.000000000000674e-05,-0.0010034563496488654
1696225200000,2023-10-02T05:40:00Z,0.0896,0.08966,0.08944,0.08959,619792,55492.12967,0.08961,0.08967,0.08949,0.08959,0.08969,0.08975,0.08956,0.08964,-0.00090981,-0.00083732,-0.00087095,-0.00083732,-4.999999999999449e-05,-0.0005577867023649542
1696225500000,2023-10-02T05:45:00Z,0.08959,0.08959,0.08953,0.08954,52301,4684.82104,0.08959,0.08962,0.08954,0.08954,0.08964,0.08971,0.08959,0.0896,-0.00083732,-0.00072732,-0.00083472,-0.00072732,-6.0000000000004494e-05,-0.0006696428571429073
1696225800000,2023-10-02T05:50:00Z,0.08954,0.08956,0.08949,0.08954,38903,3483.12117,0.08954,0.08957,0.0895,0.08954,0.0896,0.08966,0.08957,0.08962,-0.00072732,-0.00083204,-0.00084099,-0.00083204,-8.000000000001062e-05,-0.0008926578888642112
1696226100000,2023-10-02T05:55:00Z,0.08954,0.08961,0.08954,0.08958,42989,3850.67781,0.08954,0.08961,0.08954,0.0896,0.08962,0.08968,0.08962,0.08967,-0.00083204,-0.00061659,-0.00078072,-0.00078072,-8.999999999999286e-05,-0.0010036801605887461
1696226400000,2023-10-02T06:00:00Z,0.08958,0.08962,0.08956,0.08961,20510,1837.38304,0.0896,0.08962,0.08956,0.08961,0.08967,0.08969,0.08963,0.08969,-0.00078072,-0.00078081,-0.00090656,-0.00078081,-8.000000000001062e-05,-0.0008919611996879319
1696226700000,2023-10-02T06:05:00Z,0.08961,0.08965,0.08961,0.08965,21970,1969.42621,0.08961,0.08967,0.08961,0.08965,0.08969,0.08974,0.08968,0.08973,-0.00078081,-0.00058481,-0.00086895,-0.00086895,-8.000000000001062e-05,-0.0008915635796278904
1696227000000,2023-10-02T06:10:00Z,0.08965,0.08966,0.08964,0.08964,77482,6946.14191,0.08965,0.08967,0.08965,0.08966,0.08973,0.08975,0.08972,0.08975,-0.00086895,-0.00087408,-0.00090127,-0.00090127,-0.00010999999999999899,-0.001225626740947064
1696227300000,2023-10-02T06:15:00Z,0.08964,0.0897,0.08964,0.08965,116077,10407.13195,0.08966,0.0897,0.08964,0.08967,0.08975,0.08977,0.08973,0.08976,-0.00090127,-0.0008252,-0.00084724,-0.0008252,-0.00011000000000001287,-0.0012254901960785747
1696227600000,2023-10-02T06:20:00Z,0.08965,0.08978,0.08965,0.08978,228165,20465.50326,0.08967,0.08979,0.08967,0.08979,0.08976,0.08989,0.08976,0.08989,-0.0008252,-0.0007439,-0.00097406,-0.00097406,-0.00010999999999999899,-0.001223717877405707
1696227900000,2023-10-02T06:25:00Z,0.08978,0.08983,0.08973,0.08983,162374,14577.32878,0.08979,0.08983,0.08974,0.08983,0.08989,0.08993,0.08983,0.08993,-0.00097406,-0.00089965,-0.00099254,-0.00099254,-0.00010000000000000286,-0.0011119759813188355
1696228200000,2023-10-02T06:30:00Z,0.08983,0.08983,0.08978,0.08978,22183,1991.98828,0.08983,0.08983,0.08978,0.08978,0.08993,0.08993,0.08986,0.08987,-0.00099254,-0.00077898,-0.00089017,-0.00089017,-9.000000000000674e-05,-0.0010014465338823494
1696228500000,2023-10-02T06:35:00Z,0.08978,0.0898,0.0896,0.0896,449917,40383.09085,0.08978,0.08981,0.0896,0.08961,0.08987,0.0899,0.08968,0.0897,-0.00089017,-0.00087668,-0.00121313,-0.00087668,-0.00010000000000000286,-0.0011148272017837554
1696228800000,2023-10-02T06:40:00Z,0.0896,0.08961,0.0896,0.08961,41053,3678.75817,0.08961,0.08965,0.0896,0.08964,0.0897,0.08972,0.08967,0.08971,-0.00087668,-0.00056962,-0.00070379,-0.00070379,-0.00010000000000000286,-0.0011147029316687423
1696229100000,2023-10-02T06:45:00Z,0.08961,0.08966,0.08961,0.08966,13854,1241.90495,0.08964,0.08967,0.08963,0.08967,0.08971,0.08975,0.0897,0.08975,-0.00070379,-0.0006065,-0.0008207,-0.0008207,-8.999999999999286e-05,-0.0010027855153202547
1696229400000,2023-10-02T06:50:00Z,0.08966,0.08973,0.08966,0.08972,24223,2173.32173,0.08967,0.08973,0.08967,0.08972,0.08975,0.0898,0.08975,0.08978,-0.0008207,-0.0006683,-0.00075846,-0.0006683,-6.0000000000004494e-05,-0.0006683002895968422
1696229700000,2023-10-02T06:55:00Z,0.08972,0.08972,0.08961,0.08966,70625,6331.43645,0.08972,0.08973,0.08962,0.08966,0.08978,0.0898,0.08966,0.08972,-0.0006683,-0.00060274,-0.00070985,-0.00070985,-5.9999999999990616e-05,-0.0006687472135531724
1696230000000,2023-10-02T07:00:00Z,0.08966,0.08967,0.08962,0.08966,8417,754.52576,0.08966,0.08969,0.08962,0.08966,0.08972,0.08975,0.08968,0.08972,-0.00070985,-0.00056262,-0.00059304,-0.00056262,-5.9999999999990616e-05,-0.0006687472135531724
1696230300000,2023-10-02T07:05:00Z,0.08966,0.08968,0.08961,0.08964,150943,13527.44532,0.08966,0.08969,0.08964,0.08964,0.08972,0.08975,0.0897,0.0897,-0.00056262,-0.0006204,-0.00085086,-0.0006204,-6.0000000000004494e-05,-0.0006688963210702842
1696230600000,2023-10-02T07:10:00Z,0.08964,0.08969,0.08964,0.08969,20352,1825.17715,0.08964,0.08971,0.08964,0.0897,0.0897,0.08978,0.0897,0.08977,-0.0006204,-0.0005571,-0.00065975,-0.00065975,-7.999999999999674e-05,-0.0008911663139132978
1696230900000,2023-10-02T07:15:00Z,0.08969,0.0897,0.08963,0.0897,32359,2901.09353,0.0897,0.08971,0.08966,0.0897,0.08977,0.08979,0.08974,0.08979,-0.00065975,-0.00091457,-0.00106785,-0.00091457,-8.999999999999286e-05,-0.0010023387905111134
1696231200000,2023-10-02T07:20:00Z,0.0897,0.08976,0.0897,0.08974,70571,6331.2901,0.0897,0.08976,0.0897,0.08974,0.08979,0.08985,0.08978,0.08983,-0.00091457,-0.00085409,-0.00095402,-0.00095402,-8.999999999999286e-05,-0.001001892463542167
1696231500000,2023-10-02T07:25:00Z,0.08974,0.08979,0.08974,0.08979,61955,5562.10602,0.08974,0.08981,0.08974,0.08979,0.08983,0.0899,0.08982,0.08987,-0.00095402,-0.00080885,-0.00085022,-0.00085022,-8.000000000001062e-05,-0.000890174696784362
1696231800000,2023-10-02T07:30:00Z,0.08979,0.08983,0.08977,0.08977,50088,4498.67571,0.08979,0.08982,0.08977,0.08977,0.08987,0.08991,0.08986,0.08986,-0.00085022,-0.00085016,-0.00098408,-0.00098408,-8.999999999999286e-05,-0.0010015579790784873
1696232100000,2023-10-02T07:35:00Z,0.08977,0.08986,0.08977,0.08986,142445,12797.33876,0.08977,0.08987,0.08977,0.08986,0.08986,0.08996,0.08985,0.08995,-0.00098408,-0.00055254,-0.00084946,-0.00055254,-9.000000000000674e-05,-0.0010005558643691689
1696232400000,2023-10-02T07:40:00Z,0.08986,0.08994,0.08984,0.08985,308478,27739.63016,0.08986,0.08993,0.08984,0.08987,0.08995,0.09,0.08991,0.08995,-0.00055254,-0.00057258,-0.00074877,-0.00057258,-0.00010000000000000286,-0.001111728738187914
1696232700000,2023-10-02T07:45:00Z,0.08985,0.08999,0.08985,0.08996,96995,8720.7526,0.08987,0.08998,0.08987,0.08996,0.08995,0.09005,0.08995,0.09004,-0.00057258,-0.00064178,-0.00082783,-0.00064178,-7.999999999999674e-05,-0.0008884940026654459
1696233000000,2023-10-02T07:50:00Z,0.08996,0.09,0.08992,0.08993,28594,2572.66984,0.08996,0.09,0.08993,0.08994,0.09004,0.09007,0.09001,0.09003,-0.00064178,-0.00059697,-0.0010652,-0.00059697,-0.00010000000000000286,-0.0011107408641564242
1696233300000,2023-10-02T07:55:00Z,0.08993,0.08995,0.08978,0.08984,241892,21730.94809,0.08994,0.08995,0.08979,0.08984,0.09003,0.09003,0.08985,0.08991,-0.00059697,-0.00064682,-0.00096785,-0.00064682,-7.000000000000062e-05,-0.0007785563341118965
1696233600000,2023-10-02T08:00:00Z,0.08984,0.08985,0.08971,0.08971,67524,6059.95077,0.08984,0.08985,0.08972,0.08973,0.08991,0.08993,0.08981,0.08982,-0.00064682,-0.00077924,-0.00106412,-0.00106412,-0.00010999999999999899,-0.001224671565352917
1696233900000,2023-10-02T08:05:00Z,0.08971,0.08976,0.08971,0.08976,48934,4390.05658,0.08973,0.08977,0.08971,0.08976,0.08982,0.08986,0.08979,0.08985,-0.00106412,-0.00066792,-0.00083374,-0.00066792,-8.999999999999286e-05,-0.0010016694490817236
1696234200000,2023-10-02T08:10:00Z,0.08976,0.08983,0.08973,0.08978,60367,5419.86292,0.08976,0.08984,0.08974,0.08982,0.08985,0.08994,0.08983,0.08992,-0.00066792,-0.00074582,-0.00092489,-0.00074582,-0.00014000000000000123,-0.001556939501779373
1696234500000,2023-10-02T08:15:00Z,0.08978,0.0899,0.08978,0.0899,23353,2098.95191,0.08982,0.0899,0.0898,0.0899,0.08992,0.09001,0.08991,0.09001,-0.00074582,-0.00088152,-0.00098655,-0.00088152,-0.00011000000000001287,-0.0012220864348407162
1696234800000,2023-10-02T08:20:00Z,0.0899,0.08992,0.08987,0.08989,9370,842.33988,0.0899,0.08992,0.08989,0.08989,0.09001,0.09001,0.08998,0.08998,-0.00088152,-0.00079006,-0.00087754,-0.00079006,-9.000000000000674e-05,-0.0010002222716159895
1696235100000,2023-10-02T08:25:00Z,0.08989,0.08989,0.08973,0.08978,536703,48201.06764,0.08989,0.08991,0.08973,0.08979,0.08998,0.09,0.08981,0.08989,-0.00079006,-0.00081645,-0.00101379,-0.00101379,-0.00010999999999999899,-0.001223717877405707
1696235400000,2023-10-02T08:30:00Z,0.08978,0.08979,0.08968,0.08975,96122,8627.24681,0.08979,0.08979,0.0897,0.08975,0.08989,0.08989,0.08979,0.08985,-0.00101379,-0.00104362,-0.00108794,-0.00104362,-0.00010000000000000286,-0.0011129660545353686
1696235700000,2023-10-02T08:35:00Z,0.08975,0.08978,0.08962,0.08963,262509,23545.90576,0.08975,0.08978,0.08962,0.08963,0.08985,0.08988,0.08972,0.08972,-0.00104362,-0.00093207,-0.00114486,-0.00114486,-8.999999999999286e-05,-0.0010031208203298359
1696236000000,2023-10-02T08:40:00Z,0.08963,0.08963,0.08942,0.08952,494300,44234.09393,0.08963,0.08963,0.08946,0.08952,0.08972,0.08973,0.08954,0.0896,-0.00114486,-0.00087837,-0.00092883,-0.00087837,-7.999999999999674e-05,-0.0008928571428571065
1696236300000,2023-10-02T08:45:00Z,0.08952,0.08956,0.08947,0.08955,144445,12930.76647,0.08952,0.08957,0.08948,0.08955,0.0896,0.08966,0.08957,0.08963,-0.00087837,-0.00066945,-0.00091075,-0.00066945,-7.999999999999674e-05,-0.0008925582952136197
1696236600000,2023-10-02T08:50:00Z,0.08955,0.08955,0.08947,0.0895,37698,3374.8811,0.08955,0.08955,0.08947,0.08951,0.08963,0.08963,0.08955,0.08958,-0.00066945,-0.00062558,-0.00080125,-0.00080125,-8.000000000001062e-05,-0.0008930564858228467
1696236900000,2023-10-02T08:55:00Z,0.0895,0.08952,0.0895,0.0895,11888,1064.03869,0.08951,0.08953,0.0895,0.08951,0.08958,0.08961,0.08956,0.08958,-0.00080125,-0.0005571,-0.00055911,-0.00055911,-8.000000000001062e-05,-0.0008930564858228467
1696237200000,2023-10-02T09:00:00Z,0.0895,0.08955,0.0895,0.08951,144429,12932.67712,0.08951,0.08955,0.0895,0.08952,0.08958,0.08962,0.08957,0.0896,-0.00055911,-0.00072971,-0.00091763,-0.00091763,-8.999999999999286e-05,-0.001004464285714206
1696237500000,2023-10-02T09:05:00Z,0.08951,0.08955,0.0895,0.08951,25214,2256.99382,0.08952,0.08956,0.0895,0.08951,0.0896,0.08964,0.08957,0.08959,-0.00091763,-0.00054236,-0.00082352,-0.00054236,-7.999999999999674e-05,-0.0008929568032146081
1696237800000,2023-10-02T09:10:00Z,0.08951,0.08955,0.08949,0.08955,62219,5569.49242,0.08951,0.08956,0.08949,0.08955,0.08959,0.08964,0.08955,0.08963,-0.00054236,-0.00066815,-0.00074291,-0.00074291,-7.999999999999674e-05,-0.0008925582952136197
1696238100000,2023-10-02T09:15:00Z,0.08955,0.08955,0.0894,0.0894,53839,4819.09326,0.08955,0.08957,0.0894,0.0894,0.08963,0.08965,0.08949,0.08949,-0.00074291,-0.00072347,-0.00076348,-0.00076348,-9.000000000000674e-05,-0.0010056989607778158
1696238400000,2023-10-02T09:20:00Z,0.0894,0.08944,0.08939,0.08943,78926,7057.64853,0.0894,0.08945,0.0894,0.08943,0.08949,0.08954,0.08949,0.08953,-0.00076348,-0.00098134,-0.00100714,-0.00100714,-0.00010000000000000286,-0.0011169440411035727
1696238700000,2023-10-02T09:25:00Z,0.08943,0.08948,0.08943,0.08948,69249,6195.01084,0.08943,0.08949,0.08943,0.08949,0.08953,0.08958,0.08951,0.08958,-0.00100714,-0.00084656,-0.00086368,-0.00086368,-0.00010000000000000286,-0.0011163206072784422
1696239000000,2023-10-02T09:30:00Z,0.08948,0.08954,0.08947,0.08948,14698,1315.65149,0.08949,0.08954,0.08948,0.08949,0.08958,0.08961,0.08955,0.08957,-0.00086368,-0.00078159,-0.00078159,-0.00078159,-8.999999999999286e-05,-0.001004800714524873
1696239300000,2023-10-02T09:35:00Z,0.08948,0.0895,0.0894,0.0895,676136,60476.09187,0.08949,0.0895,0.08943,0.0895,0.08957,0.08959,0.08952,0.08959,-0.00078159,-0.00074461,-0.00080984,-0.00074461,-9.000000000000674e-05,-0.0010045764036165502
1696239600000,2023-10-02T09:40:00Z,0.0895,0.0895,0.08949,0.08949,33008,2953.89906,0.0895,0.08952,0.08949,0.08949,0.08959,0.08961,0.08957,0.08958,-0.00074461,-0.00082339,-0.00096161,-0.00096161,-9.000000000000674e-05,-0.0010046885465506445
1696239900000,2023-10-02T09:45:00Z,0.08949,0.08953,0.08947,0.08953,60622,5425.69361,0.08949,0.08953,0.08947,0.08953,0.08958,0.08963,0.08956,0.08959,-0.00096161,-0.00077391,-0.00100055,-0.00077391,-6.0000000000004494e-05,-0.0006697176024110335
1696240200000,2023-10-02T09:50:00Z,0.08953,0.08954,0.08952,0.08954,8922,798.81018,0.08953,0.08955,0.08952,0.08954,0.08959,0.08963,0.08959,0.08961,-0.00077391,-0.00069222,-0.00081488,-0.00081488,-7.000000000000062e-05,-0.0007811628166499344
1696240500000,2023-10-02T09:55:00Z,0.08954,0.08956,0.08954,0.08954,74391,6661.32868,0.08954,0.08957,0.08954,0.08957,0.08961,0.08965,0.08961,0.08965,-0.00081488,-0.00079373,-0.00080107,-0.00080107,-0.00010999999999999899,-0.0012269938650306636
1696240800000,2023-10-02T10:00:00Z,0.08954,0.08955,0.08949,0.0895,22477,2011.88211,0.08957,0.08957,0.08949,0.08952,0.08965,0.08965,0.08958,0.08961,-0.00080107,-0.00086329,-0.00095848,-0.00095848,-0.00010999999999999899,-0.0012275415690213033
1696241100000,2023-10-02T10:05:00Z,0.0895,0.08951,0.08943,0.08944,120371,10768.06266,0.08952,0.08952,0.08943,0.08944,0.08961,0.08961,0.08954,0.08954,-0.00095848,-0.00122273,-0.00133039,-0.00133039,-9.999999999998899e-05,-0.0011168192986373575
1696241400000,2023-10-02T10:10:00Z,0.08944,0.08944,0.08927,0.08931,198062,17697.44167,0.08944,0.08944,0.08932,0.08932,0.08954,0.08954,0.08944,0.08945,-0.00133039,-0.00125673,-0.00135259,-0.00135259,-0.00014000000000000123,-0.0015651201788708913
1696241700000,2023-10-02T10:15:00Z,0.08931,0.08931,0.08918,0.08918,274938,24539.75472,0.08932,0.08933,0.08919,0.08919,0.08945,0.08947,0.08935,0.08935,-0.00135259,-0.00168773,-0.00169582,-0.00169582,-0.00017000000000000348,-0.001902630106323486
1696242000000,2023-10-02T10:20:00Z,0.08918,0.08921,0.08916,0.08917,240781,21473.41355,0.08919,0.08921,0.08916,0.08919,0.08935,0.08936,0.08933,0.08935,-0.00169582,-0.00164495,-0.00190263,-0.00164495,-0.0001799999999999996,-0.002014549524342469
1696242300000,2023-10-02T10:25:00Z,0.08917,0.08934,0.08917,0.08932,161476,14413.74633,0.08919,0.08934,0.08918,0.08933,0.08935,0.08948,0.08934,0.08947,-0.00164495,-0.00126268,-0.00126872,-0.00126268,-0.00014999999999999736,-0.001676539622219709
1696242600000,2023-10-02T10:30:00Z,0.08932,0.08932,0.08926,0.08929,48795,4357.65728,0.08933,0.08934,0.08928,0.08929,0.08947,0.08947,0.08941,0.08942,-0.00126268,-0.00124401,-0.00146594,-0.00124401,-0.0001300000000000051,-0.001453813464549375
1696242900000,2023-10-02T10:35:00Z,0.08929,0.08931,0.08929,0.0893,29988,2677.97465,0.08929,0.08932,0.08929,0.08932,0.08942,0.08945,0.08941,0.08945,-0.00124401,-0.00134183,-0.00138454,-0.00138454,-0.00014999999999999736,-0.0016769144773616249
1696243200000,2023-10-02T10:40:00Z,0.0893,0.08935,0.08929,0.08935,69788,6233.77257,0.08932,0.08935,0.08929,0.08935,0.08945,0.08948,0.08943,0.08948,-0.00138454,-0.00129562,-0.00142318,-0.00129562,-0.0001300000000000051,-0.0014528386231560696
1696243500000,2023-10-02T10:45:00Z,0.08935,0.08937,0.08932,0.08933,133733,11948.15664,0.08935,0.08938,0.08933,0.08933,0.08948,0.08951,0.08946,0.08946,-0.00129562,-0.00120113,-0.00134123,-0.00120113,-0.00012999999999999123,-0.001453163424994313
1696243800000,2023-10-02T10:50:00Z,0.08933,0.08938,0.08933,0.08937,21644,1934.21583,0.08933,0.0894,0.08933,0.08937,0.08946,0.08953,0.08946,0.08951,-0.00120113,-0.00135493,-0.00137857,-0.00135493,-0.00014000000000000123,-0.0015640710535135877
1696244100000,2023-10-02T10:55:00Z,0.08937,0.08939,0.08937,0.08938,7104,635.00817,0.08937,0.0894,0.08937,0.08938,0.08951,0.08953,0.08951,0.08951,-0.00135493,-0.00134063,-0.00156372,-0.00134063,-0.0001300000000000051,-0.0014523516925483756
1696244400000,2023-10-02T11:00:00Z,0.08938,0.08947,0.08938,0.08942,34117,3051.11041,0.08938,0.08949,0.08938,0.08943,0.08951,0.08962,0.08951,0.08956,-0.00134063,-0.00099408,-0.00152819,-0.00099408,-0.00014000000000000123,-0.001563197856185811
1696244700000,2023-10-02T11:05:00Z,0.08942,0.08946,0.08935,0.08935,40194,3593.771,0.08943,0.08946,0.08936,0.08937,0.08956,0.08957,0.08948,0.0895,-0.00099408,-0.00119423,-0.00134245,-0.00134245,-0.00014999999999999736,-0.0016759776536312554
1696245000000,2023-10-02T11:10:00Z,0.08935,0.08944,0.08933,0.08943,139428,12461.04465,0.08937,0.08944,0.08935,0.08943,0.0895,0.08955,0.08948,0.08954,-0.00134245,-0.001042,-0.00121574,-0.00121574,-0.00010999999999999899,-0.0012285012285012172
1696245300000,2023-10-02T11:15:00Z,0.08943,0.08952,0.08942,0.0895,223790,20028.00901,0.08943,0.08954,0.08942,0.08952,0.08954,0.08966,0.08953,0.08964,-0.00121574,-0.00138913,-0.00142157,-0.00138913,-0.00014000000000000123,-0.0015618027666220574
1696245600000,2023-10-02T11:20:00Z,0.0895,0.08952,0.08947,0.0895,33247,2975.92454,0.08952,0.08953,0.08948,0.08951,0.08964,0.08966,0.0896,0.08964,-0.00138913,-0.0012274,-0.00139569,-0.0012274,-0.00014000000000000123,-0.0015618027666220574
1696245900000,2023-10-02T11:25:00Z,0.0895,0.08951,0.08946,0.0895,10540,943.20342,0.08951,0.08953,0.08947,0.08953,0.08964,0.08966,0.0896,0.08966,-0.0012274,-0.00127937,-0.00138699,-0.00138699,-0.00016000000000000736,-0.0017845192951149605
1696246200000,2023-10-02T11:30:00Z,0.0895,0.0895,0.08945,0.08949,50174,4489.12833,0.08953,0.08953,0.08945,0.08949,0.08966,0.08966,0.08959,0.08962,-0.00138699,-0.00120256,-0.00157766,-0.00157766,-0.0001300000000000051,-0.0014505690694042077
1696246500000,2023-10-02T11:35:00Z,0.08949,0.08952,0.08944,0.0895,68136,6097.68283,0.08949,0.08953,0.08944,0.0895,0.08962,0.08967,0.08959,0.08964,-0.00157766,-0.00141432,-0.0016318,-0.00141432,-0.00014000000000000123,-0.0015618027666220574
1696246800000,2023-10-02T11:40:00Z,0.0895,0.0895,0.08939,0.08942,228341,20424.01204,0.0895,0.0895,0.0894,0.08942,0.08964,0.08964,0.08954,0.08956,-0.00141432,-0.00151702,-0.0015331,-0.00151702,-0.00014000000000000123,-0.001563197856185811
1696247100000,2023-10-02T11:45:00Z,0.08942,0.08946,0.08936,0.08944,44297,3961.1973,0.08942,0.08948,0.08936,0.08944,0.08956,0.08962,0.0895,0.08957,-0.00151702,-0.00125013,-0.00137811,-0.00137811,-0.00012999999999999123,-0.001451378809869278
1696247400000,2023-10-02T11:50:00Z,0.08944,0.08945,0.08937,0.08937,17411,1556.63438,0.08944,0.08945,0.08937,0.08938,0.08957,0.08959,0.08951,0.08952,-0.00137811,-0.00141867,-0.00142376,-0.00141867,-0.00014999999999999736,-0.0016756032171581475
1696247700000,2023-10-02T11:55:00Z,0.08937,0.08938,0.08933,0.08933,69149,6178.39294,0.08938,0.08939,0.08933,0.08935,0.08952,0.08954,0.08947,0.08947,-0.00141867,-0.00134108,-0.00145267,-0.00145267,-0.00013999999999998736,-0.0015647703140716147
1696248000000,2023-10-02T12:00:00Z,0.08933,0.08934,0.0893,0.08933,48207,4306.41957,0.08935,0.08935,0.08931,0.08933,0.08947,0.08948,0.08945,0.08948,-0.00145267,-0.0013729,-0.0015599,-0.0015599,-0.00014999999999999736,-0.001676352257487677
1696248300000,2023-10-02T12:05:00Z,0.08933,0.08939,0.08933,0.08938,15518,1386.7088,0.08933,0.08939,0.08933,0.08938,0.08948,0.08952,0.08946,0.08951,-0.0015599,-0.00127996,-0.00132119,-0.00127996,-0.0001300000000000051,-0.0014523516925483756
1696248600000,2023-10-02T12:10:00Z,0.08938,0.08941,0.08938,0.08938,43789,3914.70627,0.08938,0.08941,0.08938,0.08938,0.08951,0.08954,0.08949,0.08949,-0.00127996,-0.00111744,-0.00122877,-0.00111744,-0.00010999999999999899,-0.0012291876187283382
1696248900000,2023-10-02T12:15:00Z,0.08938,0.08941,0.08936,0.08937,57345,5125.78292,0.08938,0.08942,0.08937,0.08937,0.08949,0.08953,0.08947,0.08948,-0.00111744,-0.00130271,-0.00135363,-0.00130271,-0.00010999999999999899,-0.001229324988824307
1696249200000,2023-10-02T12:20:00Z,0.08937,0.08939,0.08936,0.08936,7768,694.27581,0.08937,0.0894,0.08936,0.08936,0.08948,0.08952,0.08947,0.08949,-0.00130271,-0.00115018,-0.00145251,-0.00115018,-0.0001300000000000051,-0.0014526762766790156
1696249500000,2023-10-02T12:25:00Z,0.08936,0.08941,0.08936,0.08941,44309,3961.21141,0.08936,0.08943,0.08936,0.08942,0.08949,0.08955,0.08947,0.08955,-0.00115018,-0.00134033,-0.00145186,-0.00145186,-0.00014000000000000123,-0.0015633724176437882
1696249800000,2023-10-02T12:30:00Z,0.08941,0.08943,0.08938,0.0894,98060,8767.16195,0.08942,0.08943,0.08938,0.0894,0.08955,0.08955,0.08949,0.08952,-0.00145186,-0.00145186,-0.00145202,-0.00145202,-0.00012000000000000899,-0.001340482573726642
1696250100000,2023-10-02T12:35:00Z,0.0894,0.08943,0.0894,0.08942,69448,6210.12105,0.0894,0.08945,0.0894,0.08944,0.08952,0.08956,0.08952,0.08955,-0.00145202,-0.00111694,-0.00145154,-0.00145154,-0.0001300000000000051,-0.0014517029592407047
1696250400000,2023-10-02T12:40:00Z,0.08942,0.08942,0.08938,0.08939,47430,4240.04058,0.08944,0.08944,0.08938,0.08939,0.08955,0.08955,0.0895,0.08952,-0.00145154,-0.00130001,-0.00132067,-0.00130001,-0.0001300000000000051,-0.001452189454870477
1696250700000,2023-10-02T12:45:00Z,0.08939,0.08941,0.08935,0.08935,81275,7265.48727,0.08939,0.08942,0.08935,0.08935,0.08952,0.08955,0.08944,0.08945,-0.00130001,-0.00132413,-0.00141166,-0.00141166,-0.00010000000000000286,-0.0011179429849078016
1696251000000,2023-10-02T12:50:00Z,0.08935,0.08935,0.08925,0.08927,73926,6600.62353,0.08935,0.08935,0.08925,0.08927,0.08945,0.08945,0.08936,0.08937,-0.00141166,-0.00099664,-0.00100704,-0.00099664,-0.00010000000000000286,-0.0011189437171310603
1696251300000,2023-10-02T12:55:00Z,0.08927,0.08931,0.08924,0.08927,54245,4842.47663,0.08927,0.08932,0.08924,0.08927,0.08937,0.08942,0.08934,0.08937,-0.00099664,-0.00100682,-0.00111844,-0.00100682,-0.00010000000000000286,-0.0011189437171310603
1696251600000,2023-10-02T13:00:00Z,0.08927,0.08927,0.08921,0.08922,41881,3737.16922,0.08927,0.0893,0.08922,0.08922,0.08937,0.0894,0.08933,0.08934,-0.00100682,-0.00104936,-0.00134303,-0.00134303,-0.00012000000000000899,-0.0013431833445266285
1696251900000,2023-10-02T13:05:00Z,0.08922,0.08927,0.0892,0.0892,323126,28830.20425,0.08922,0.08927,0.08921,0.08922,0.08934,0.08939,0.08932,0.08935,-0.00134303,-0.00134292,-0.00161403,-0.00161403,-0.00014999999999999736,-0.001678791270285365
1696252200000,2023-10-02T13:10:00Z,0.0892,0.08924,0.0892,0.08923,35266,3146.65354,0.08922,0.08927,0.0892,0.08926,0.08935,0.08941,0.08933,0.0894,-0.00161403,-0.00129301,-0.00132673,-0.00129301,-0.0001699999999999896,-0.001901565995525611
1696252500000,2023-10-02T13:15:00Z,0.08923,0.0893,0.08923,0.0893,53875,4809.24594,0.08926,0.0893,0.08924,0.0893,0.0894,0.08946,0.08939,0.08945,-0.00129301,-0.00130844,-0.0014844,-0.00130844,-0.00014999999999999736,-0.0016769144773616249
1696252800000,2023-10-02T13:20:00Z,0.0893,0.08931,0.08921,0.08921,166850,14897.71746,0.0893,0.08931,0.08921,0.08922,0.08945,0.08945,0.08933,0.08935,-0.00130844,-0.00134094,-0.00144342,-0.00144342,-0.00014000000000000123,-0.001566871852266382
1696253100000,2023-10-02T13:25:00Z,0.08921,0.08922,0.08912,0.08912,94865,8459.9038,0.08922,0.08923,0.08912,0.08915,0.08935,0.08936,0.08925,0.08928,-0.00144342,-0.00131613,-0.00145527,-0.00145527,-0.00015999999999999348,-0.0017921146953404287
1696253400000,2023-10-02T13:30:00Z,0.08912,0.08922,0.08909,0.08922,48916,4362.14112,0.08915,0.08923,0.08911,0.08922,0.08928,0.08936,0.08923,0.08932,-0.00145527,-0.00123989,-0.00128851,-0.00128851,-0.00010000000000000286,-0.0011195700850873587
1696253700000,2023-10-02T13:35:00Z,0.08922,0.08927,0.08917,0.08917,80030,7141.86207,0.08922,0.08927,0.08918,0.08918,0.08932,0.0894,0.08931,0.08931,-0.00128851,-0.00121006,-0.00132497,-0.00132497,-0.00014000000000000123,-0.0015675736199753806
1696254000000,2023-10-02T13:40:00Z,0.08917,0.08921,0.08913,0.08918,161215,14372.78122,0.08918,0.08921,0.08914,0.08919,0.08931,0.08933,0.08927,0.08933,-0.00132497,-0.00143593,-0.00148197,-0.00143593,-0.00015000000000001124,-0.001679167133102107
1696254300000,2023-10-02T13:45:00Z,0.08918,0.08918,0.08907,0.08908,275038,24502.61864,0.08919,0.08919,0.08907,0.08908,0.08933,0.08934,0.08922,0.08922,-0.00143593,-0.00160737,-0.00181924,-0.00181924,-0.00013999999999998736,-0.00156915489800479
1696254600000,2023-10-02T13:50:00Z,0.08908,0.0891,0.08905,0.08908,232750,20729.29601,0.08908,0.0891,0.08905,0.08908,0.08922,0.08924,0.08917,0.0892,-0.00181924,-0.00113164,-0.00125277,-0.00113164,-0.00011999999999999511,-0.001345291479820573
1696254900000,2023-10-02T13:55:00Z,0.08908,0.08921,0.08907,0.08921,138809,12380.55322,0.08908,0.08923,0.08907,0.08923,0.0892,0.08936,0.0892,0.08936,-0.00113164,-0.00117702,-0.00128713,-0.00128713,-0.00014999999999999736,-0.0016786034019695317
1696255200000,2023-10-02T14:00:00Z,0.08921,0.08925,0.089,0.089,561077,50000.52146,0.08923,0.08927,0.08902,0.08902,0.08936,0.0894,0.08916,0.08916,-0.00128713,-0.00134514,-0.00156933,-0.00156933,-0.00016000000000000736,-0.0017945266935846496
1696255500000,2023-10-02T14:05:00Z,0.089,0.08904,0.08892,0.08894,1473646,131155.32341,0.08902,0.08905,0.08893,0.08894,0.08916,0.08919,0.08907,0.08908,-0.00156933,-0.00134634,-0.00145838,-0.00145838,-0.00014000000000000123,-0.0015716210148181548
1696255800000,2023-10-02T14:10:00Z,0.08894,0.08899,0.08877,0.08878,458594,40772.2924,0.08894,0.089,0.08879,0.08879,0.08908,0.08914,0.08894,0.08894,-0.00145838,-0.00136913,-0.0015725,-0.00136913,-0.00016000000000000736,-0.0017989655947830824
1696256100000,2023-10-02T14:15:00Z,0.08878,0.08883,0.08868,0.0887,349168,30997.62469,0.08879,0.08885,0.0887,0.08873,0.08894,0.089,0.08886,0.08889,-0.00136913,-0.00163614,-0.00184605,-0.00184605,-0.00018999999999999573,-0.0021374732815839324
1696256400000,2023-10-02T14:20:00Z,0.0887,0.08885,0.0887,0.08883,197596,17545.636,0.08873,0.08885,0.08871,0.08883,0.08889,0.08902,0.08888,0.089,-0.00184605,-0.00158939,-0.00172321,-0.00158939,-0.0001699999999999896,-0.001910112359550445
1696256700000,2023-10-02T14:25:00Z,0.08883,0.08886,0.08879,0.08879,82651,7341.10465,0.08883,0.08886,0.08879,0.08879,0.089,0.08902,0.08894,0.08895,-0.00158939,-0.00135401,-0.00166936,-0.00166936,-0.00016000000000000736,-0.0017987633501968224
1696257000000,2023-10-02T14:30:00Z,0.08879,0.08891,0.08879,0.08891,81916,7279.59745,0.08879,0.08892,0.08879,0.08892,0.08895,0.08906,0.08895,0.08906,-0.00166936,-0.00128004,-0.00137077,-0.00137077,-0.00014999999999999736,-0.0016842578037277944
1696257300000,2023-10-02T14:35:00Z,0.08891,0.08893,0.08885,0.08887,78425,6972.24048,0.08892,0.08893,0.08886,0.08888,0.08906,0.08907,0.089,0.08902,-0.00137077,-0.00143174,-0.00151842,-0.00143174,-0.00014999999999999736,-0.001685014603459867
1696257600000,2023-10-02T14:40:00Z,0.08887,0.08892,0.08886,0.0889,24929,2216.25906,0.08888,0.08892,0.08886,0.08892,0.08902,0.08906,0.089,0.08906,-0.00143174,-0.0011875,-0.00135763,-0.00135763,-0.00015999999999999348,-0.0017965416573096056
1696257900000,2023-10-02T14:45:00Z,0.0889,0.08899,0.0889,0.08893,221373,19694.17107,0.08892,0.08899,0.08891,0.08893,0.08906,0.08911,0.08903,0.08905,-0.00135763,-0.00119263,-0.00120384,-0.00120384,-0.00012000000000000899,-0.0013475575519372148
1696258200000,2023-10-02T14:50:00Z,0.08893,0.08894,0.08888,0.08892,379451,33734.31126,0.08893,0.08894,0.08889,0.0889,0.08905,0.08906,0.089,0.08903,-0.00120384,-0.00119245,-0.00121208,-0.00119245,-0.00010999999999999899,-0.0012355385825002694
1696258500000,2023-10-02T14:55:00Z,0.08892,0.08892,0.08885,0.08887,199394,17721.57386,0.0889,0.08892,0.08885,0.08887,0.08903,0.08903,0.08896,0.08898,-0.00119245,-0.00104507,-0.00105316,-0.00104507,-0.00010999999999999899,-0.0012362328613171386
1696258800000,2023-10-02T15:00:00Z,0.08887,0.08894,0.08886,0.08889,101017,8979.66631,0.08887,0.08894,0.08886,0.08889,0.08898,0.08902,0.08896,0.08897,-0.00104507,-0.00090168,-0.00110642,-0.00090168,-7.999999999999674e-05,-0.0008991794987073929
1696259100000,2023-10-02T15:05:00Z,0.08889,0.08889,0.0888,0.08881,104039,9243.62967,0.08889,0.08889,0.08881,0.08881,0.08897,0.08898,0.08891,0.08892,-0.00090168,-0.00112397,-0.00114573,-0.00114573,-0.00010999999999999899,-0.0012370670265406994
1696259400000,2023-10-02T15:10:00Z,0.08881,0.08889,0.08881,0.08887,159302,14153.0579,0.08881,0.08889,0.08881,0.08887,0.08892,0.08899,0.08891,0.08897,-0.00114573,-0.00092705,-0.00112384,-0.00112384,-9.999999999998899e-05,-0.0011239743733841632
1696259700000,2023-10-02T15:15:00Z,0.08887,0.0889,0.0888,0.08882,296560,26345.38401,0.08887,0.08891,0.0888,0.08882,0.08897,0.089,0.08888,0.0889,-0.00112384,-0.00067483,-0.00067506,-0.00067483,-8.000000000001062e-05,-0.0008998875140608617
1696260000000,2023-10-02T15:20:00Z,0.08882,0.08889,0.08882,0.08886,48741,4331.07232,0.08882,0.08889,0.08882,0.08888,0.0889,0.08896,0.08889,0.08896,-0.00067483,-0.00072478,-0.00078687,-0.00078687,-0.00010000000000000286,-0.0011241007194244927
1696260300000,2023-10-02T15:25:00Z,0.08886,0.08886,0.08883,0.08885,42762,3798.77754,0.08888,0.08888,0.08883,0.08885,0.08896,0.08896,0.0889,0.08892,-0.00078687,-0.00066887,-0.00078938,-0.00066887,-7.000000000000062e-05,-0.0007872244714350047
1696260600000,2023-10-02T15:30:00Z,0.08885,0.08885,0.08879,0.08879,146307,12996.01232,0.08885,0.08885,0.0888,0.0888,0.08892,0.08893,0.08888,0.08888,-0.00066887,-0.0005972,-0.00101225,-0.0005972,-9.000000000000674e-05,-0.0010126012601260885
1696260900000,2023-10-02T15:35:00Z,0.08879,0.08879,0.08872,0.08874,115058,10210.58786,0.0888,0.0888,0.08874,0.08874,0.08888,0.08888,0.08881,0.08881,-0.0005972,-0.00067559,-0.00067559,-0.00067559,-7.000000000000062e-05,-0.0007881995270802907
1696261200000,2023-10-02T15:40:00Z,0.08874,0.08875,0.08857,0.08865,1158454,102711.35828,0.08874,0.08876,0.08864,0.08865,0.08881,0.08884,0.08872,0.08874,-0.00067559,-0.0009013,-0.0009014,-0.0009013,-8.999999999999286e-05,-0.00101419878296138
1696261500000,2023-10-02T15:45:00Z,0.08865,0.08865,0.08845,0.08847,981388,86901.80836,0.08865,0.08866,0.08847,0.08848,0.08874,0.08875,0.08856,0.08856,-0.0009013,-0.00078944,-0.00078971,-0.00078971,-9.000000000000674e-05,-0.0010162601626017022
1696261800000,2023-10-02T15:50:00Z,0.08847,0.08849,0.08833,0.08844,1644513,145401.35307,0.08848,0.08849,0.08836,0.08844,0.08856,0.08857,0.08845,0.08852,-0.00078971,-0.00073107,-0.00112905,-0.00073107,-7.999999999999674e-05,-0.0009037505648440662
1696262100000,2023-10-02T15:55:00Z,0.08844,0.08844,0.0882,0.0884,2296323,202826.78343,0.08844,0.08844,0.08828,0.0884,0.08852,0.08853,0.08836,0.08844,-0.00073107,-0.00073961,-0.00079194,-0.00073961,-3.999999999999837e-05,-0.0004522840343735682
1696262400000,2023-10-02T16:00:00Z,0.0884,0.0884,0.08817,0.08821,3253951,287175.57426,0.0884,0.0884,0.08819,0.08821,0.08844,0.08844,0.08828,0.0883,-0.00073961,-0.000906,-0.0011325,-0.0011325,-9.000000000000674e-05,-0.0010192525481314467
1696262700000,2023-10-02T16:05:00Z,0.08821,0.0884,0.0881,0.08821,2030941,179202.3129,0.08821,0.08842,0.08812,0.08821,0.0883,0.08851,0.08821,0.08831,-0.0011325,-0.00113314,-0.00124561,-0.00124561,-0.00010000000000000286,-0.0011323745895142436
1696263000000,2023-10-02T16:10:00Z,0.08821,0.08823,0.08816,0.08821,567826,50084.60618,0.08821,0.08823,0.08816,0.08822,0.08831,0.08834,0.08826,0.08831,-0.00124561,-0.0009061,-0.00113237,-0.0009061,-0.00010000000000000286,-0.0011323745895142436
1696263300000,2023-10-02T16:15:00Z,0.08821,0.08825,0.08813,0.08825,516893,45587.49419,0.08822,0.08827,0.08813,0.08827,0.08831,0.08836,0.08822,0.08836,-0.0009061,-0.00090569,-0.0009683,-0.0009683,-0.00010999999999999899,-0.0012449071978270596
1696263600000,2023-10-02T16:20:00Z,0.08825,0.08829,0.08824,0.08828,186288,16442.95271,0.08827,0.08829,0.08825,0.08828,0.08836,0.08838,0.08834,0.08837,-0.0009683,-0.00091397,-0.00101867,-0.00101867,-9.000000000000674e-05,-0.0010184451737015585
1696263900000,2023-10-02T16:25:00Z,0.08828,0.08835,0.08827,0.08835,533358,47099.57841,0.08828,0.08835,0.08827,0.08835,0.08837,0.08844,0.08835,0.08844,-0.00101867,-0.00079176,-0.00101786,-0.00101786,-9.000000000000674e-05,-0.0010176390773406461
1696264200000,2023-10-02T16:30:00Z,0.08835,0.08835,0.08825,0.08828,160440,14166.45711,0.08835,0.08835,0.08826,0.08829,0.08844,0.08844,0.08835,0.08838,-0.00101786,-0.00090528,-0.00099954,-0.00099954,-0.00010000000000000286,-0.0011314777098891476
1696264500000,2023-10-02T16:35:00Z,0.08828,0.08829,0.08825,0.08828,162832,14371.98257,0.08829,0.08829,0.08825,0.08828,0.08838,0.08838,0.08834,0.08837,-0.00099954,-0.00090548,-0.00101867,-0.00101867,-9.000000000000674e-05,-0.0010184451737015585
1696264800000,2023-10-02T16:40:00Z,0.08828,0.08832,0.08825,0.08832,234075,20664.04113,0.08828,0.08833,0.08825,0.08832,0.08837,0.08843,0.08834,0.08842,-0.00101867,-0.00088314,-0.00101867,-0.00088314,-0.00010000000000000286,-0.0011309658448315186
1696265100000,2023-10-02T16:45:00Z,0.08832,0.08837,0.08823,0.08824,642653,56744.1056,0.08832,0.08838,0.08825,0.08826,0.08842,0.08848,0.08834,0.08835,-0.00088314,-0.00090518,-0.00101821,-0.00090518,-0.00010999999999999899,-0.0012450481041312844
1696265400000,2023-10-02T16:50:00Z,0.08824,0.08827,0.08821,0.08825,452841,39956.68593,0.08826,0.08827,0.08822,0.08826,0.08835,0.08836,0.0883,0.08836,-0.00090518,-0.00090579,-0.00113199,-0.00113199,-0.00010999999999999899,-0.0012449071978270596
1696265700000,2023-10-02T16:55:00Z,0.08825,0.0883,0.08822,0.0883,542646,47895.09599,0.08826,0.0883,0.08822,0.0883,0.08836,0.08839,0.08831,0.08839,-0.00113199,-0.00067911,-0.00093763,-0.00067911,-8.999999999999286e-05,-0.0010182147301730157
1696266000000,2023-10-02T17:00:00Z,0.0883,0.08832,0.08822,0.08822,250947,22155.11538,0.0883,0.08833,0.08822,0.08822,0.08839,0.08841,0.08828,0.08828,-0.00067911,-0.00090497,-0.00090497,-0.00090497,-5.9999999999990616e-05,-0.0006796556411417152
1696266300000,2023-10-02T17:05:00Z,0.08822,0.08822,0.08812,0.08821,938038,82685.76317,0.08822,0.08823,0.08813,0.08821,0.08828,0.08831,0.08821,0.08829,-0.00090497,-0.0006798,-0.00079329,-0.0006798,-7.999999999999674e-05,-0.000906104881640013
1696266600000,2023-10-02T17:10:00Z,0.08821,0.08823,0.08813,0.08822,449352,39630.0659,0.08821,0.08823,0.08813,0.08822,0.08829,0.08831,0.08821,0.08829,-0.0006798,-0.00090641,-0.00090682,-0.00090641,-6.999999999998674e-05,-0.0007928417714348935
1696266900000,2023-10-02T17:15:00Z,0.08822,0.08825,0.0882,0.08825,326994,28849.10474,0.08822,0.08827,0.0882,0.08827,0.08829,0.08835,0.08828,0.08835,-0.00090641,-0.00084557,-0.0009061,-0.00084557,-0.00010000000000000286,-0.001131861912846665
1696267200000,2023-10-02T17:20:00Z,0.08825,0.08828,0.08823,0.08827,63995,5647.34621,0.08827,0.08828,0.08824,0.08828,0.08835,0.08837,0.08832,0.08837,-0.00084557,-0.0008518,-0.00087528,-0.00087528,-0.00010000000000000286,-0.001131605748557235
1696267500000,2023-10-02T17:25:00Z,0.08827,0.08834,0.08827,0.08833,85816,7579.40716,0.08828,0.08834,0.08828,0.08833,0.08837,0.08843,0.08837,0.08841,-0.00087528,-0.00067873,-0.00085168,-0.00085168,-7.999999999999674e-05,-0.0009048750141386352
1696267800000,2023-10-02T17:30:00Z,0.08833,0.08838,0.08831,0.08837,28545,2522.34184,0.08833,0.08838,0.08831,0.08837,0.08841,0.08847,0.08839,0.08844,-0.00085168,-0.00090467,-0.00101729,-0.00101729,-7.000000000000062e-05,-0.0007914970601537835
1696268100000,2023-10-02T17:35:00Z,0.08837,0.0884,0.08835,0.08838,66179,5849.09311,0.08837,0.0884,0.08835,0.08839,0.08844,0.08849,0.08843,0.08847,-0.00101729,-0.00076523,-0.00079122,-0.00079122,-8.999999999999286e-05,-0.0010172939979653313
1696268400000,2023-10-02T17:40:00Z,0.08838,0.08846,0.08838,0.08845,116122,10267.53244,0.08839,0.08848,0.08839,0.08848,0.08847,0.08858,0.08847,0.08858,-0.00079122,-0.00093121,-0.00108221,-0.00108221,-0.0001300000000000051,-0.001467599909686217
1696268700000,2023-10-02T17:45:00Z,0.08845,0.08854,0.08845,0.08849,345507,30583.36408,0.08848,0.08852,0.08848,0.0885,0.08858,0.0886,0.08857,0.08859,-0.00108221,-0.00079033,-0.00090313,-0.00090313,-0.00010000000000000286,-0.0011287955751213778
1696269000000,2023-10-02T17:50:00Z,0.08849,0.08852,0.08849,0.08851,40337,3569.85302,0.0885,0.08852,0.08849,0.08852,0.08859,0.08861,0.08857,0.08859,-0.00090313,-0.00079015,-0.0008677,-0.00079015,-7.999999999999674e-05,-0.0009030364600970396
1696269300000,2023-10-02T17:55:00Z,0.08851,0.08852,0.08851,0.08851,2584,228.72638,0.08852,0.08853,0.08851,0.08851,0.08859,0.08861,0.08859,0.08859,-0.00079015,-0.00076374,-0.00081388,-0.00076374,-7.999999999999674e-05,-0.0009030364600970396
1696269600000,2023-10-02T18:00:00Z,0.08851,0.08851,0.08845,0.08848,89517,7918.09393,0.08851,0.08851,0.08845,0.08848,0.08859,0.08859,0.08852,0.08852,-0.00076374,-0.000592,-0.00066832,-0.00066832,-3.999999999999837e-05,-0.0004518752824220331
1696269900000,2023-10-02T18:05:00Z,0.08848,0.08848,0.08838,0.08838,128616,11372.55395,0.08848,0.08848,0.08839,0.08839,0.08852,0.08854,0.08846,0.08847,-0.00066832,-0.00089564,-0.00090405,-0.00090405,-8.999999999999286e-05,-0.0010172939979653313
1696270200000,2023-10-02T18:10:00Z,0.08838,0.08845,0.08838,0.08845,31556,2790.08289,0.08839,0.08846,0.08839,0.08846,0.08847,0.08856,0.08846,0.08856,-0.00090405,-0.00080176,-0.00096589,-0.00096589,-0.00010999999999999899,-0.0012420957542908647
1696270500000,2023-10-02T18:15:00Z,0.08845,0.08848,0.08841,0.08841,248545,21987.39196,0.08846,0.08848,0.08841,0.08841,0.08856,0.08857,0.08851,0.08851,-0.00096589,-0.00090354,-0.00097367,-0.00097367,-0.00010000000000000286,-0.0011298158400181093
1696270800000,2023-10-02T18:20:00Z,0.08841,0.08841,0.08836,0.08836,43582,3852.47788,0.08841,0.08842,0.08836,0.08836,0.08851,0.08851,0.08843,0.08843,-0.00097367,-0.00079122,-0.00092032,-0.00079122,-7.000000000000062e-05,-0.0007915865656451501
1696271100000,2023-10-02T18:25:00Z,0.08836,0.08837,0.08831,0.08831,48224,4260.49987,0.08836,0.08838,0.08832,0.08832,0.08843,0.08847,0.08841,0.08841,-0.00079122,-0.00090446,-0.00090467,-0.00090467,-0.00010000000000000286,-0.0011310937676733725
1696271400000,2023-10-02T18:30:00Z,0.08831,0.08836,0.08831,0.08836,3214,283.9018,0.08832,0.08836,0.08832,0.08836,0.08841,0.08846,0.08841,0.08845,-0.00090467,-0.00090446,-0.00090763,-0.00090446,-9.000000000000674e-05,-0.0010175240248728858
1696271700000,2023-10-02T18:35:00Z,0.08836,0.08837,0.08717,0.0872,6585571,577166.58823,0.08836,0.08837,0.08736,0.08738,0.08845,0.08846,0.08746,0.08749,-0.00090446,-0.00084812,-0.0009009,-0.00084812,-0.0002899999999999986,-0.00331466453308948
1696272000000,2023-10-02T18:40:00Z,0.0872,0.08772,0.08717,0.08745,3574292,312437.04231,0.08738,0.08774,0.08737,0.08745,0.08749,0.0879,0.08747,0.08763,-0.00084812,-0.00157515,-0.00190005,-0.00190005,-0.0001799999999999996,-0.002054091064703864
1696272300000,2023-10-02T18:45:00Z,0.08745,0.08758,0.0874,0.08756,225048,19695.50474,0.08745,0.0876,0.08741,0.08756,0.08763,0.08778,0.0876,0.08774,-0.00190005,-0.00179448,-0.00198894,-0.00179448,-0.0001799999999999996,-0.002051515842261222
1696272600000,2023-10-02T18:50:00Z,0.08756,0.08766,0.08751,0.08751,503645,44117.33767,0.08756,0.08766,0.08752,0.08753,0.08774,0.08783,0.08768,0.08769,-0.00179448,-0.00185056,-0.0018568,-0.00185056,-0.0001799999999999996,-0.00205268559698939
1696272900000,2023-10-02T18:55:00Z,0.08751,0.08755,0.08743,0.08743,300536,26293.54628,0.08753,0.08756,0.08743,0.08743,0.08769,0.08772,0.08758,0.08758,-0.00185056,-0.00155423,-0.00159486,-0.00159486,-0.00015000000000001124,-0.0017127197990410052
1696273200000,2023-10-02T19:00:00Z,0.08743,0.08747,0.08734,0.08745,591530,51703.72448,0.08743,0.08749,0.08734,0.08745,0.08758,0.08765,0.08749,0.08759,-0.00159486,-0.00160828,-0.00180223,-0.00160828,-0.00014000000000000123,-0.0015983559767096841
1696273500000,2023-10-02T19:05:00Z,0.08745,0.08746,0.08734,0.08737,178260,15580.61888,0.08745,0.08746,0.08736,0.08737,0.08759,0.08761,0.08751,0.08751,-0.00160828,-0.00159853,-0.00171232,-0.00171232,-0.00014000000000000123,-0.001599817163752728
1696273800000,2023-10-02T19:10:00Z,0.08737,0.08744,0.08737,0.0874,44427,3883.39888,0.08737,0.08745,0.08737,0.08741,0.08751,0.08761,0.08751,0.08757,-0.00171232,-0.00151107,-0.00156813,-0.00156813,-0.0001699999999999896,-0.0019413040995773622
1696274100000,2023-10-02T19:15:00Z,0.0874,0.08747,0.08737,0.08746,111692,9766.06112,0.08741,0.08747,0.08738,0.08747,0.08757,0.08762,0.08753,0.08762,-0.00156813,-0.00154228,-0.00155251,-0.00154228,-0.00016000000000000736,-0.0018260671079663017
1696274400000,2023-10-02T19:20:00Z,0.08746,0.08756,0.08746,0.08756,70483,6167.55196,0.08747,0.08756,0.08746,0.08756,0.08762,0.08771,0.0876,0.08771,-0.00154228,-0.0013615,-0.00150376,-0.0013615,-0.00014999999999999736,-0.0017101812792155668
1696274700000,2023-10-02T19:25:00Z,0.08756,0.08758,0.08753,0.08753,75030,6570.68785,0.08756,0.08758,0.08754,0.08755,0.08771,0.08772,0.08767,0.08768,-0.0013615,-0.00136861,-0.00136861,-0.00136861,-0.00014999999999999736,-0.0017107664233576342
1696275000000,2023-10-02T19:30:00Z,0.08753,0.08759,0.08752,0.08759,36202,3169.1153,0.08755,0.08759,0.08752,0.08759,0.08768,0.08771,0.08765,0.08769,-0.00136861,-0.00120209,-0.00127608,-0.00127608,-0.00010000000000000286,-0.001140380887216363
1696275300000,2023-10-02T19:35:00Z,0.08759,0.08759,0.08755,0.08756,139593,12223.70061,0.08759,0.08759,0.08755,0.08757,0.08769,0.08773,0.08769,0.08771,-0.00127608,-0.00143502,-0.00159017,-0.00159017,-0.00014999999999999736,-0.0017101812792155668
1696275600000,2023-10-02T19:40:00Z,0.08756,0.08761,0.08756,0.08757,17127,1500.26556,0.08757,0.08761,0.08756,0.08757,0.08771,0.08776,0.0877,0.08772,-0.00159017,-0.00136783,-0.00156817,-0.00156817,-0.00015000000000001124,-0.001709986320109567
1696275900000,2023-10-02T19:45:00Z,0.08757,0.08761,0.08757,0.0876,16325,1429.74742,0.08757,0.08761,0.08757,0.08761,0.08772,0.08775,0.08768,0.08775,-0.00156817,-0.00120114,-0.00144334,-0.00120114,-0.00014999999999999736,-0.0017094017094016795
1696276200000,2023-10-02T19:50:00Z,0.0876,0.08773,0.0876,0.08773,77873,6827.35595,0.08761,0.08773,0.08761,0.08773,0.08775,0.08786,0.08774,0.08785,-0.00120114,-0.00106989,-0.00109299,-0.00106989,-0.00011999999999999511,-0.0013659647125782027
1696276500000,2023-10-02T19:55:00Z,0.08773,0.08777,0.08773,0.08774,35090,3079.10772,0.08773,0.08778,0.08773,0.08777,0.08785,0.0879,0.08785,0.08789,-0.00106989,-0.00109812,-0.00125196,-0.00109812,-0.00014999999999999736,-0.0017066788030492362
1696276800000,2023-10-02T20:00:00Z,0.08774,0.08775,0.08762,0.08763,662566,58100.31792,0.08777,0.08777,0.08762,0.08763,0.08789,0.08789,0.08774,0.08775,-0.00109812,-0.00097845,-0.00141829,-0.00097845,-0.00011999999999999511,-0.0013675213675213118
1696277100000,2023-10-02T20:05:00Z,0.08763,0.08769,0.08761,0.08761,32374,2837.0512,0.08763,0.08769,0.08761,0.08761,0.08775,0.08781,0.08773,0.08773,-0.00097845,-0.00130727,-0.00141321,-0.00130727,-0.00012000000000000899,-0.0013678331243589306
1696277400000,2023-10-02T20:10:00Z,0.08761,0.08761,0.08758,0.08761,6510,570.25797,0.08761,0.08763,0.08759,0.08763,0.08773,0.08775,0.0877,0.08775,-0.00130727,-0.00109612,-0.00147857,-0.00109612,-0.00014000000000000123,-0.0015954415954416096
1696277700000,2023-10-02T20:15:00Z,0.08761,0.08766,0.08761,0.08762,166383,14580.59675,0.08763,0.08766,0.08762,0.08764,0.08775,0.08778,0.08774,0.08778,-0.00109612,-0.00145539,-0.00154374,-0.00145539,-0.00015999999999999348,-0.0018227386648438538
1696278000000,2023-10-02T20:20:00Z,0.08762,0.08763,0.08758,0.08759,98067,8591.52862,0.08764,0.08764,0.08759,0.08759,0.08778,0.08778,0.08773,0.08774,-0.00145539,-0.00143827,-0.00159562,-0.00143827,-0.00014999999999999736,-0.0017095965352176585
1696278300000,2023-10-02T20:25:00Z,0.08759,0.08774,0.08759,0.08766,181018,15866.72731,0.08759,0.08774,0.08759,0.08767,0.08774,0.08787,0.08774,0.08781,-0.00143827,-0.00136267,-0.0014762,-0.00136267,-0.00014999999999999736,-0.0017082336863682651
1696278600000,2023-10-02T20:30:00Z,0.08766,0.08768,0.08766,0.08767,40223,3526.285,0.08767,0.08768,0.08766,0.08767,0.08781,0.08782,0.08778,0.08781,-0.00136267,-0.00141093,-0.00142881,-0.00141093,-0.00014000000000000123,-0.0015943514406104229
1696278900000,2023-10-02T20:35:00Z,0.08767,0.0877,0.08765,0.08765,85305,7478.36074,0.08767,0.0877,0.08766,0.08767,0.08781,0.08783,0.0878,0.08781,-0.00141093,-0.00118792,-0.00150404,-0.00118792,-0.00015999999999999348,-0.0018221159321261072
1696279200000,2023-10-02T20:40:00Z,0.08765,0.08769,0.08765,0.08768,53578,4697.78231,0.08767,0.08769,0.08766,0.08768,0.08781,0.08783,0.0878,0.08782,-0.00118792,-0.00138164,-0.00148713,-0.00148713,-0.00014000000000000123,-0.0015941698929628927
1696279500000,2023-10-02T20:45:00Z,0.08768,0.08769,0.08766,0.08768,46162,4046.77669,0.08768,0.0877,0.08766,0.08769,0.08782,0.08784,0.0878,0.08783,-0.00148713,-0.00124356,-0.00147409,-0.00124356,-0.00015000000000001124,-0.0017078446999887421
1696279800000,2023-10-02T20:50:00Z,0.08768,0.08772,0.08768,0.08771,30574,2681.6003,0.08769,0.08774,0.08768,0.08773,0.08783,0.08787,0.08782,0.08786,-0.00124356,-0.00124672,-0.00142909,-0.00142909,-0.00014999999999999736,-0.0017072615524698085
1696280100000,2023-10-02T20:55:00Z,0.08771,0.08772,0.08768,0.08768,46261,4057.54849,0.08773,0.08773,0.08768,0.0877,0.08786,0.08786,0.08781,0.08783,-0.00142909,-0.00121717,-0.00133101,-0.00121717,-0.00015000000000001124,-0.0017078446999887421
1696280400000,2023-10-02T21:00:00Z,0.08768,0.0877,0.08764,0.08769,201238,17643.67902,0.0877,0.0877,0.08765,0.08769,0.08783,0.08783,0.08778,0.08782,-0.00121717,-0.00133321,-0.00142518,-0.00133321,-0.00012999999999999123,-0.0014803006148940018
1696280700000,2023-10-02T21:05:00Z,0.08769,0.0877,0.08765,0.08766,39285,3444.1942,0.08769,0.0877,0.08766,0.08767,0.08782,0.08782,0.08779,0.0878,-0.00133321,-0.00136643,-0.00171008,-0.00171008,-0.00014000000000000123,-0.0015945330296127703
1696281000000,2023-10-02T21:10:00Z,0.08766,0.08766,0.08755,0.08759,174722,15306.9882,0.08767,0.08767,0.08756,0.08759,0.0878,0.0878,0.08769,0.08772,-0.00171008,-0.00136935,-0.0013849,-0.00136935,-0.0001300000000000051,-0.0014819881440949053
1696281300000,2023-10-02T21:15:00Z,0.08759,0.08769,0.08758,0.08769,33520,2937.97798,0.08759,0.08773,0.08758,0.08772,0.08772,0.08786,0.08772,0.08785,-0.00136935,-0.0011264,-0.00134748,-0.00134748,-0.00015999999999999348,-0.0018212862834376038
1696281600000,2023-10-02T21:20:00Z,0.08769,0.08778,0.08769,0.08778,71529,6277.54244,0.08772,0.08779,0.08771,0.08778,0.08785,0.08792,0.08784,0.08788,-0.00134748,-0.00116609,-0.00140609,-0.00116609,-0.00010000000000000286,-0.0011379153390988037
1696281900000,2023-10-02T21:25:00Z,0.08778,0.0878,0.08778,0.0878,59891,5257.50227,0.08778,0.08781,0.08778,0.0878,0.08788,0.08792,0.08788,0.08791,-0.00116609,-0.00085798,-0.00095574,-0.00095574,-0.00010999999999999899,-0.0012512797178932883
1696282200000,2023-10-02T21:30:00Z,0.0878,0.0878,0.08758,0.08759,116061,10177.20458,0.0878,0.08781,0.08758,0.08762,0.08791,0.08792,0.08767,0.08772,-0.00095574,-0.00089666,-0.00090994,-0.00089666,-0.0001300000000000051,-0.0014819881440949053
1696282500000,2023-10-02T21:35:00Z,0.08759,0.08761,0.08759,0.08761,22226,1947.21986,0.08762,0.08764,0.08761,0.08761,0.08772,0.08774,0.08771,0.08771,-0.00089666,-0.00093421,-0.00103978,-0.00093421,-0.00010000000000000286,-0.0011401208528104307
1696282800000,2023-10-02T21:40:00Z,0.08761,0.08761,0.08746,0.08746,169529,14837.50627,0.08761,0.08761,0.08746,0.08746,0.08771,0.08771,0.08754,0.08755,-0.00093421,-0.00107637,-0.0011354,-0.0011354,-9.000000000000674e-05,-0.0010279840091377125
1696283100000,2023-10-02T21:45:00Z,0.08746,0.08746,0.08728,0.08736,132264,11551.38819,0.08746,0.08746,0.08731,0.08738,0.08755,0.08755,0.08742,0.08749,-0.0011354,-0.00110991,-0.00129594,-0.00110991,-0.0001300000000000051,-0.0014858841010401773
1696283400000,2023-10-02T21:50:00Z,0.08736,0.08744,0.08725,0.08725,322285,28146.77668,0.08738,0.08744,0.08725,0.08725,0.08749,0.08755,0.08734,0.08734,-0.00110991,-0.00095971,-0.00102986,-0.00095971,-9.000000000000674e-05,-0.0010304556904053898
1696283700000,2023-10-02T21:55:00Z,0.08725,0.08738,0.0872,0.08738,466040,40661.67529,0.08725,0.08739,0.08722,0.08739,0.08734,0.0875,0.0873,0.0875,-0.00095971,-0.0008831,-0.0009609,-0.0009609,-0.00011999999999999511,-0.0013714285714285157
1696284000000,2023-10-02T22:00:00Z,0.08738,0.08745,0.08737,0.08741,322015,28150.57138,0.08739,0.08745,0.08737,0.08741,0.0875,0.08752,0.08747,0.0875,-0.0009609,-0.00072948,-0.00074837,-0.00074837,-8.999999999999286e-05,-0.001028571428571347
1696284300000,2023-10-02T22:05:00Z,0.08741,0.08742,0.08725,0.08727,166679,14552.74289,0.08741,0.08742,0.08727,0.08728,0.0875,0.08751,0.08737,0.08738,-0.00074837,-0.00084537,-0.00101704,-0.00101704,-0.00010999999999999899,-0.0012588693064774432
1696284600000,2023-10-02T22:10:00Z,0.08727,0.08731,0.08724,0.08725,156582,13664.64764,0.08728,0.0873,0.08725,0.08725,0.08738,0.08741,0.08733,0.08736,-0.00101704,-0.00089256,-0.00101556,-0.00101556,-0.00010999999999999899,-0.0012591575091574977
1696284900000,2023-10-02T22:15:00Z,0.08725,0.08729,0.08725,0.08727,73650,6426.78431,0.08725,0.0873,0.08725,0.0873,0.08736,0.08739,0.08734,0.08739,-0.00101556,-0.00073554,-0.00084064,-0.00073554,-0.00011999999999999511,-0.0013731548232062607
1696285200000,2023-10-02T22:20:00Z,0.08727,0.08735,0.08724,0.08735,67925,5929.13888,0.0873,0.08738,0.08724,0.08737,0.08739,0.08746,0.08731,0.08745,-0.00073554,-0.00045798,-0.00070748,-0.00070748,-0.00010000000000000286,-0.0011435105774728743
1696285500000,2023-10-02T22:25:00Z,0.08735,0.08742,0.08735,0.08742,40211,3514.53195,0.08737,0.08743,0.08737,0.08743,0.08745,0.08752,0.08745,0.08752,-0.00070748,-0.00072401,-0.00095107,-0.00072401,-0.00010000000000000286,-0.00114259597806219
1696285800000,2023-10-02T22:30:00Z,0.08742,0.08744,0.08735,0.08735,53196,4650.43408,0.08743,0.08744,0.08735,0.08735,0.08752,0.08753,0.08741,0.08741,-0.00072401,-0.00062142,-0.00065404,-0.00065404,-6.0000000000004494e-05,-0.0006864203180414654
1696286100000,2023-10-02T22:35:00Z,0.08735,0.08736,0.0873,0.08733,310602,27124.42621,0.08735,0.08736,0.0873,0.08736,0.08741,0.08743,0.08735,0.08743,-0.00065404,-0.00093822,-0.00102951,-0.00102951,-9.999999999998899e-05,-0.0011437721605854854
1696286400000,2023-10-02T22:40:00Z,0.08733,0.08733,0.08724,0.08728,121024,10561.45457,0.08736,0.08736,0.08724,0.08728,0.08743,0.08743,0.08731,0.08735,-0.00102951,-0.00043262,-0.00043271,-0.00043262,-7.000000000000062e-05,-0.0008013737836290855
1696286700000,2023-10-02T22:45:00Z,0.08728,0.08734,0.08726,0.08728,53566,4675.97582,0.08728,0.08734,0.08726,0.08728,0.08735,0.08741,0.08732,0.08734,-0.00043262,-0.00055528,-0.00084288,-0.00084288,-6.0000000000004494e-05,-0.0006869704602702598
1696287000000,2023-10-02T22:50:00Z,0.08728,0.08734,0.08727,0.08734,48335,4220.35735,0.08728,0.08736,0.08727,0.08736,0.08734,0.08743,0.08734,0.08743,-0.00084288,-0.00055119,-0.00073916,-0.00055119,-8.999999999999286e-05,-0.0010293949445269687
1696287300000,2023-10-02T22:55:00Z,0.08734,0.08743,0.08734,0.08741,399885,34954.95141,0.08736,0.08743,0.08735,0.08741,0.08743,0.08746,0.08742,0.08745,-0.00055119,-0.00046162,-0.00048747,-0.00048747,-3.999999999999837e-05,-0.00045740423098911804
1696287600000,2023-10-02T23:00:00Z,0.08741,0.08741,0.08733,0.08738,31847,2782.69523,0.08741,0.08741,0.08735,0.08738,0.08745,0.08746,0.08741,0.08745,-0.00048747,-0.00037184,-0.00038952,-0.00038952,-7.000000000000062e-05,-0.0008004574042309962
1696287900000,2023-10-02T23:05:00Z,0.08738,0.08742,0.08735,0.08737,358079,31291.32022,0.08738,0.08742,0.08735,0.08737,0.08745,0.08745,0.0874,0.08742,-0.00038952,-0.00023779,-0.00051063,-0.00051063,-4.999999999999449e-05,-0.0005719514985128632
1696288200000,2023-10-02T23:10:00Z,0.08737,0.08737,0.08726,0.08731,148017,12926.43211,0.08737,0.08738,0.08727,0.08731,0.08742,0.08743,0.08732,0.08736,-0.00051063,-0.00032306,-0.00040238,-0.00032306,-4.999999999999449e-05,-0.0005723443223442594
1696288500000,2023-10-02T23:15:00Z,0.08731,0.08733,0.0873,0.08733,15676,1368.79892,0.08731,0.08736,0.0873,0.08736,0.08736,0.08741,0.08735,0.08741,-0.00032306,-0.00051928,-0.00054045,-0.00051928,-7.999999999999674e-05,-0.000915227090721848
1696288800000,2023-10-02T23:20:00Z,0.08733,0.08739,0.08733,0.08738,79699,6961.79782,0.08736,0.08739,0.08733,0.08738,0.08741,0.08744,0.08739,0.08743,-0.00051928,-0.00091021,-0.00092817,-0.00091021,-4.999999999999449e-05,-0.0005718860802927427
1696289100000,2023-10-02T23:25:00Z,0.08738,0.08739,0.08735,0.08737,14497,1266.52833,0.08738,0.08739,0.08735,0.08737,0.08743,0.08747,0.08742,0.08742,-0.00091021,-0.00039865,-0.00048501,-0.00039865,-4.999999999999449e-05,-0.0005719514985128632
1696289400000,2023-10-02T23:30:00Z,0.08737,0.08741,0.08737,0.08741,12229,1068.60994,0.08737,0.08743,0.08737,0.08743,0.08742,0.0875,0.08742,0.0875,-0.00039865,-0.00041573,-0.00057804,-0.00041573,-8.999999999999286e-05,-0.001028571428571347
1696289700000,2023-10-02T23:35:00Z,0.08741,0.08747,0.08741,0.08746,72960,6379.89015,0.08743,0.08747,0.08741,0.08746,0.0875,0.08752,0.08747,0.08752,-0.00041573,-0.0005885,-0.00059341,-0.00059341,-6.0000000000004494e-05,-0.0006855575868373457
1696290000000,2023-10-02T23:40:00Z,0.08746,0.08749,0.08746,0.08749,27989,2448.38895,0.08746,0.0875,0.08746,0.08749,0.08752,0.08756,0.08752,0.08756,-0.00059341,-0.00043558,-0.00064397,-0.00043558,-7.000000000000062e-05,-0.0007994518044769372
1696290300000,2023-10-02T23:45:00Z,0.08749,0.08753,0.08746,0.08752,58976,5160.18321,0.08749,0.08753,0.08746,0.08752,0.08756,0.08758,0.08753,0.08758,-0.00043558,-0.00038346,-0.00051542,-0.00038346,-6.0000000000004494e-05,-0.000685087919616402
1696290600000,2023-10-02T23:50:00Z,0.08752,0.08753,0.0875,0.0875,28370,2482.99991,0.08752,0.08755,0.0875,0.0875,0.08758,0.0876,0.08755,0.08755,-0.00038346,-0.00053522,-0.00091324,-0.00091324,-5.000000000000837e-05,-0.0005711022272987821
1696290900000,2023-10-02T23:55:00Z,0.0875,0.0875,0.08738,0.08739,407194,35604.21358,0.0875,0.0875,0.08738,0.08739,0.08755,0.08755,0.08741,0.08742,-0.00091324,-0.00031241,-0.00080009,-0.00080009,-3.0000000000002247e-05,-0.0003431708991077814
1696291200000,2023-10-03T00:00:00Z,0.08739,0.08742,0.08737,0.08737,220702,19286.15761,0.08739,0.08744,0.08737,0.08738,0.08742,0.08749,0.08741,0.08744,-0.00080009,-0.00067135,-0.00082558,-0.00067135,-7.000000000000062e-05,-0.0008005489478499613
1696291500000,2023-10-03T00:05:00Z,0.08737,0.0874,0.08735,0.0874,61795,5399.10117,0.08738,0.08742,0.08735,0.08742,0.08744,0.0875,0.08742,0.0875,-0.00067135,-0.00057989,-0.00075891,-0.00075891,-9.999999999998899e-05,-0.001142857142857017
1696291800000,2023-10-03T00:10:00Z,0.0874,0.08751,0.0874,0.08747,766627,67049.433,0.08742,0.08751,0.08742,0.08747,0.0875,0.0876,0.0875,0.08757,-0.00075891,-0.00080888,-0.00109772,-0.00109772,-9.999999999998899e-05,-0.0011419435879866278
1696292100000,2023-10-03T00:15:00Z,0.08747,0.08752,0.08743,0.08752,38771,3391.10663,0.08747,0.08752,0.08743,0.08752,0.08757,0.08762,0.08753,0.08762,-0.00109772,-0.00106163,-0.00108799,-0.00108799,-0.00010000000000000286,-0.0011412919424789187
1696292400000,2023-10-03T00:20:00Z,0.08752,0.08752,0.08745,0.08748,47862,4186.95468,0.08752,0.08752,0.08745,0.08748,0.08762,0.08762,0.08756,0.08758,-0.00108799,-0.00060826,-0.00099052,-0.00060826,-0.00010000000000000286,-0.0011418131993606172
1696292700000,2023-10-03T00:25:00Z,0.08748,0.08752,0.08747,0.08752,22824,1997.17624,0.08748,0.08754,0.08747,0.08752,0.08758,0.08764,0.08758,0.08762,-0.00060826,-0.00106026,-0.00117688,-0.00117688,-0.00010000000000000286,-0.0011412919424789187
1696293000000,2023-10-03T00:30:00Z,0.08752,0.08753,0.08751,0.08753,36530,3196.88133,0.08752,0.08753,0.08751,0.08753,0.08762,0.08763,0.0876,0.08762,-0.00117688,-0.00094578,-0.00108113,-0.00094578,-9.000000000000674e-05,-0.0010271627482310744
1696293300000,2023-10-03T00:35:00Z,0.08753,0.08753,0.08743,0.0875,47352,4141.89921,0.08753,0.08753,0.08743,0.0875,0.08762,0.08764,0.08752,0.08758,-0.00094578,-0.00061016,-0.00078329,-0.00061016,-8.000000000001062e-05,-0.0009134505594885889
1696293600000,2023-10-03T00:40:00Z,0.0875,0.08751,0.08747,0.08748,31761,2778.85325,0.0875,0.08751,0.08748,0.08749,0.08758,0.08759,0.08757,0.08757,-0.00061016,-0.00063023,-0.00075508,-0.00063023,-8.999999999999286e-05,-0.0010277492291879966
1696293900000,2023-10-03T00:45:00Z,0.08748,0.08751,0.08744,0.0875,109242,9556.98603,0.08749,0.08751,0.08747,0.0875,0.08757,0.08759,0.08755,0.08759,-0.00063023,-0.00093912,-0.00098446,-0.00093912,-9.000000000000674e-05,-0.0010275145564562934
1696294200000,2023-10-03T00:50:00Z,0.0875,0.0875,0.08746,0.08749,83530,7307.73158,0.0875,0.08751,0.08747,0.08749,0.08759,0.0876,0.08756,0.08757,-0.00093912,-0.00073312,-0.00101495,-0.00073312,-7.999999999999674e-05,-0.0009135548703893656
1696294500000,2023-10-03T00:55:00Z,0.08749,0.08751,0.08743,0.08751,87925,7692.3155,0.08749,0.08751,0.08744,0.08751,0.08757,0.08759,0.08752,0.08757,-0.00073312,-0.00060127,-0.00080749,-0.00080749,-5.9999999999990616e-05,-0.000685166152791945
1696294800000,2023-10-03T01:00:00Z,0.08751,0.08754,0.0875,0.08754,82791,7246.46883,0.08751,0.08754,0.0875,0.08754,0.08757,0.08762,0.08757,0.08762,-0.00080749,-0.00077468,-0.00078198,-0.00077468,-7.999999999999674e-05,-0.0009130335539830716
1696295100000,2023-10-03T01:05:00Z,0.08754,0.08755,0.08749,0.08749,127199,11134.67806,0.08754,0.08757,0.08749,0.0875,0.08762,0.08764,0.08757,0.08758,-0.00077468,-0.00076001,-0.00110328,-0.00076001,-9.000000000000674e-05,-0.001027631879424603
1696295400000,2023-10-03T01:10:00Z,0.08749,0.08758,0.08742,0.08757,165709,14501.60831,0.0875,0.08758,0.08745,0.08757,0.08758,0.08767,0.08754,0.08767,-0.00076001,-0.00085649,-0.00087775,-0.00085649,-0.00010000000000000286,-0.0011406410402646614
1696295700000,2023-10-03T01:15:00Z,0.08757,0.08758,0.08757,0.08757,4211,368.77373,0.08757,0.0876,0.08757,0.08758,0.08767,0.08769,0.08766,0.08768,-0.00085649,-0.00075182,-0.00107299,-0.00075182,-0.00010999999999999899,-0.001254562043795609
1696296000000,2023-10-03T01:20:00Z,0.08757,0.08761,0.08757,0.0876,7842,686.97947,0.08758,0.08761,0.08757,0.0876,0.08768,0.08769,0.08766,0.08769,-0.00075182,-0.0008466,-0.00094069,-0.0008466,-9.000000000000674e-05,-0.001026342798494774
1696296300000,2023-10-03T01:25:00Z,0.0876,0.08769,0.0876,0.08769,159039,13938.37694,0.0876,0.08769,0.0876,0.08769,0.08769,0.08778,0.08769,0.08776,-0.0008466,-0.00090733,-0.00091303,-0.00091303,-7.000000000000062e-05,-0.0007976298997265338
1696296600000,2023-10-03T01:30:00Z,0.08769,0.0877,0.08766,0.08769,100188,8785.31211,0.08769,0.08772,0.08766,0.08771,0.08776,0.0878,0.08775,0.08779,-0.00091303,-0.00090142,-0.00092482,-0.00092482,-0.00010000000000000286,-0.0011390818999886417
1696296900000,2023-10-03T01:35:00Z,0.08769,0.08772,0.08768,0.08771,20692,1814.86633,0.08771,0.08772,0.08768,0.08771,0.08779,0.08781,0.08774,0.08777,-0.00092482,-0.00052256,-0.00054821,-0.00054821,-6.0000000000004494e-05,-0.0006836048763815027
1696297200000,2023-10-03T01:40:00Z,0.08771,0.08772,0.08767,0.08771,10754,943.18146,0.08771,0.08773,0.08768,0.08772,0.08777,0.0878,0.08774,0.0878,-0.00054821,-0.00077787,-0.00079067,-0.00077787,-9.000000000000674e-05,-0.001025056947608277
1696297500000,2023-10-03T01:45:00Z,0.08771,0.08772,0.08771,0.08771,8576,752.28002,0.08772,0.08772,0.08771,0.08772,0.0878,0.0878,0.08777,0.08778,-0.00077787,-0.00051247,-0.0005618,-0.00051247,-7.000000000000062e-05,-0.0007974481658692256
1696297800000,2023-10-03T01:50:00Z,0.08771,0.08772,0.08764,0.08766,484640,42491.57521,0.08772,0.08775,0.08768,0.08768,0.08778,0.08781,0.08774,0.08775,-0.00051247,-0.00036706,-0.00036877,-0.00036706,-8.999999999999286e-05,-0.0010256410256409443
1696298100000,2023-10-03T01:55:00Z,0.08766,0.08775,0.08766,0.08771,129924,11398.13719,0.08768,0.08775,0.08768,0.08772,0.08775,0.0878,0.08775,0.08778,-0.00036706,-0.0005696,-0.00071368,-0.00071368,-7.000000000000062e-05,-0.0007974481658692256
1696298400000,2023-10-03T02:00:00Z,0.08771,0.08774,0.08771,0.08771,55970,4910.41897,0.08772,0.08774,0.08771,0.08771,0.08778,0.08781,0.08778,0.08778,-0.00071368,-0.00076193,-0.00097004,-0.00076193,-7.000000000000062e-05,-0.0007974481658692256
1696298700000,2023-10-03T02:05:00Z,0.08771,0.08772,0.08771,0.08772,36165,3172.38575,0.08771,0.08776,0.08771,0.08776,0.08778,0.08782,0.08776,0.08782,-0.00076193,-0.00043698,-0.00068352,-0.00068352,-9.999999999998899e-05,-0.0011386927806876451
1696299000000,2023-10-03T02:10:00Z,0.08772,0.08781,0.08772,0.0878,65705,5767.48955,0.08776,0.08781,0.08775,0.0878,0.08782,0.08789,0.08782,0.08788,-0.00068352,-0.00063801,-0.00070789,-0.00070789,-7.999999999999674e-05,-0.0009103322712789798
1696299300000,2023-10-03T02:15:00Z,0.0878,0.08781,0.0878,0.0878,1992,174.91606,0.0878,0.08784,0.0878,0.08781,0.08788,0.08792,0.08788,0.08792,-0.00070789,-0.00095426,-0.0011068,-0.0011068,-0.00011999999999999511,-0.0013648771610554494
1696299600000,2023-10-03T02:20:00Z,0.0878,0.08781,0.0878,0.0878,15084,1324.49249,0.08781,0.08781,0.0878,0.0878,0.08792,0.08792,0.08788,0.08789,-0.0011068,-0.00100887,-0.00101023,-0.00101023,-8.999999999999286e-05,-0.0010240072818294785
1696299900000,2023-10-03T02:25:00Z,0.0878,0.08781,0.0878,0.08781,21524,1890.02164,0.0878,0.08784,0.0878,0.08783,0.08789,0.08792,0.08788,0.08792,-0.00101023,-0.0008924,-0.00098987,-0.0008924,-0.00010999999999999899,-0.0012511373976342014
1696300200000,2023-10-03T02:30:00Z,0.08781,0.08782,0.08781,0.08781,25990,2282.41961,0.08783,0.08783,0.08781,0.08781,0.08792,0.08793,0.08788,0.0879,-0.0008924,-0.00075332,-0.00086848,-0.00086848,-9.000000000000674e-05,-0.0010238907849830117
1696300500000,2023-10-03T02:35:00Z,0.08781,0.08782,0.08781,0.08781,12611,1107.49655,0.08781,0.08782,0.08781,0.08782,0.0879,0.0879,0.08787,0.08788,-0.00086848,-0.00052691,-0.00055598,-0.00055598,-7.000000000000062e-05,-0.0007965407373691467
1696300800000,2023-10-03T02:40:00Z,0.08781,0.08788,0.08781,0.08788,80094,7036.02021,0.08782,0.08789,0.08782,0.08788,0.08788,0.08796,0.08788,0.08795,-0.00055598,-0.00064934,-0.00089492,-0.00089492,-7.000000000000062e-05,-0.0007959067652075113
1696301100000,2023-10-03T02:45:00Z,0.08788,0.08791,0.08788,0.0879,22288,1959.20454,0.08788,0.08791,0.08788,0.0879,0.08795,0.08797,0.08794,0.08796,-0.00089492,-0.0003353,-0.00054098,-0.0003353,-5.9999999999990616e-05,-0.0006821282401090338
1696301400000,2023-10-03T02:50:00Z,0.0879,0.08795,0.0879,0.08795,27912,2454.32395,0.0879,0.08798,0.0879,0.08797,0.08796,0.08803,0.08795,0.08802,-0.0003353,-0.00033162,-0.00043151,-0.00043151,-7.000000000000062e-05,-0.0007952738014087778
1696301700000,2023-10-03T02:55:00Z,0.08795,0.08817,0.08795,0.08815,772811,68052.32759,0.08797,0.08817,0.08797,0.08815,0.08802,0.08821,0.08802,0.0882,-0.00043151,-0.00022445,-0.00035294,-0.00035294,-4.999999999999449e-05,-0.0005668934240362187
1696302000000,2023-10-03T03:00:00Z,0.08815,0.08815,0.08801,0.08812,888547,78271.70635,0.08815,0.08816,0.08804,0.08813,0.0882,0.08821,0.08809,0.08818,-0.00035294,-0.00045366,-0.00061976,-0.00061976,-5.9999999999990616e-05,-0.0006804264005442347
1696302300000,2023-10-03T03:05:00Z,0.08812,0.08814,0.08807,0.08813,101077,8904.70962,0.08813,0.08814,0.08808,0.08814,0.08818,0.0882,0.08814,0.0882,-0.00061976,-0.00038804,-0.00071063,-0.00071063,-7.000000000000062e-05,-0.0007936507936508007
1696302600000,2023-10-03T03:10:00Z,0.08813,0.08825,0.08813,0.0882,478934,42242.20139,0.08814,0.08825,0.08813,0.08821,0.0882,0.08829,0.08819,0.08827,-0.00071063,-0.00051337,-0.00056414,-0.00051337,-7.000000000000062e-05,-0.0007930214115781195
1696302900000,2023-10-03T03:15:00Z,0.0882,0.08822,0.08819,0.08821,5352,472.11446,0.08821,0.08824,0.08819,0.08824,0.08827,0.0883,0.08825,0.0883,-0.00051337,-0.00037686,-0.00051925,-0.00051925,-9.000000000000674e-05,-0.0010192525481314467
1696303200000,2023-10-03T03:20:00Z,0.08821,0.08824,0.08813,0.08819,124608,10989.67415,0.08824,0.08824,0.08813,0.08821,0.0883,0.08831,0.0882,0.08828,-0.00051925,-0.00040507,-0.00041759,-0.00040507,-8.999999999999286e-05,-0.0010194834617126515
1696303500000,2023-10-03T03:25:00Z,0.08819,0.08824,0.08816,0.08824,224454,19801.79246,0.08821,0.08824,0.08816,0.08824,0.08828,0.0883,0.08822,0.08827,-0.00040507,-0.00020795,-0.00033586,-0.00020795,-3.0000000000002247e-05,-0.000339866319247788
1696303800000,2023-10-03T03:30:00Z,0.08824,0.08828,0.08813,0.08827,101272,8935.70563,0.08824,0.08828,0.08814,0.08827,0.08827,0.08833,0.0882,0.08832,-0.00020795,-0.00017842,-0.0003591,-0.0003591,-4.999999999999449e-05,-0.0005661231884057348
1696304100000,2023-10-03T03:35:00Z,0.08827,0.08832,0.08824,0.08828,248346,21928.83721,0.08827,0.08833,0.08825,0.08828,0.08832,0.08838,0.0883,0.08834,-0.0003591,-0.00055778,-0.00069949,-0.00055778,-6.0000000000004494e-05,-0.0006791940230926476
1696304400000,2023-10-03T03:40:00Z,0.08828,0.08835,0.08828,0.08832,364468,32180.60531,0.08828,0.08834,0.08828,0.08832,0.08834,0.08837,0.08832,0.08836,-0.00055778,-0.00007458,-0.00050271,-0.00007458,-3.999999999999837e-05,-0.00045269352648255286
1696304700000,2023-10-03T03:45:00Z,0.08832,0.08832,0.08822,0.08822,52076,4597.18862,0.08832,0.08832,0.08824,0.08824,0.08836,0.08836,0.08829,0.0883,-0.00007458,-0.00046751,-0.00060337,-0.00060337,-7.999999999999674e-05,-0.0009060022650056256
1696305000000,2023-10-03T03:50:00Z,0.08822,0.08822,0.0881,0.08813,59678,5260.99227,0.08824,0.08826,0.0881,0.08813,0.0883,0.08832,0.08816,0.08818,-0.00060337,-0.00058101,-0.00063649,-0.00063649,-4.999999999999449e-05,-0.0005670220004535552
1696305300000,2023-10-03T03:55:00Z,0.08813,0.08818,0.08813,0.08814,21171,1866.23417,0.08813,0.08818,0.08813,0.08816,0.08818,0.08822,0.08818,0.08822,-0.00063649,-0.00011122,-0.00023353,-0.00023353,-8.000000000001062e-05,-0.0009068238494673613
1696305600000,2023-10-03T04:00:00Z,0.08814,0.08819,0.08814,0.08817,89753,7912.78175,0.08816,0.08819,0.08814,0.08817,0.08822,0.08824,0.08819,0.08822,-0.00023353,-0.00039004,-0.00040759,-0.00040759,-5.000000000000837e-05,-0.0005667649059171205
1696305900000,2023-10-03T04:05:00Z,0.08817,0.08819,0.08815,0.08817,23182,2043.91939,0.08817,0.08821,0.08817,0.08819,0.08822,0.08826,0.08822,0.08825,-0.00040759,-0.00056663,-0.0007194,-0.0007194,-7.999999999999674e-05,-0.000906515580736507
1696306200000,2023-10-03T04:10:00Z,0.08817,0.08817,0.08814,0.08814,81438,7178.89368,0.08819,0.08819,0.08815,0.08816,0.08825,0.08825,0.08821,0.08823,-0.0007194,-0.00064898,-0.00071914,-0.00071914,-9.000000000000674e-05,-0.0010200612036722968
1696306500000,2023-10-03T04:15:00Z,0.08814,0.08819,0.08814,0.08816,36999,3262.06401,0.08816,0.08819,0.08816,0.08817,0.08823,0.08826,0.08822,0.08824,-0.00071914,-0.00075022,-0.00093213,-0.00075022,-7.999999999999674e-05,-0.0009066183136898996
1696306800000,2023-10-03T04:20:00Z,0.08816,0.08816,0.08809,0.08809,46202,4071.48034,0.08817,0.08817,0.08809,0.0881,0.08824,0.08824,0.08818,0.08819,-0.00075022,-0.0008469,-0.0008534,-0.0008469,-0.00010000000000000286,-0.0011339154099104531
1696307100000,2023-10-03T04:25:00Z,0.08809,0.0881,0.08801,0.08802,272017,23951.2142,0.0881,0.0881,0.08802,0.08803,0.08819,0.08819,0.08813,0.08814,-0.0008469,-0.00110245,-0.00123133,-0.00110245,-0.00011999999999999511,-0.0013614703880190052
1696307400000,2023-10-03T04:30:00Z,0.08802,0.08817,0.08802,0.08813,71564,6304.36247,0.08803,0.08817,0.08802,0.08813,0.08814,0.08825,0.08813,0.08823,-0.00110245,-0.00068,-0.00105054,-0.00105054,-0.00010000000000000286,-0.0011334013374136105
1696307700000,2023-10-03T04:35:00Z,0.08813,0.08813,0.08806,0.08809,293781,25878.16163,0.08813,0.08813,0.08808,0.08809,0.08823,0.08823,0.08815,0.08815,-0.00105054,-0.00059437,-0.00061562,-0.00059437,-6.0000000000004494e-05,-0.0006806579693704423
1696308000000,2023-10-03T04:40:00Z,0.08809,0.0881,0.08805,0.08808,76470,6734.12896,0.08809,0.08811,0.08806,0.08809,0.08815,0.08818,0.08812,0.08816,-0.00059437,-0.00072402,-0.00078371,-0.00078371,-7.999999999999674e-05,-0.0009074410163339013
1696308300000,2023-10-03T04:45:00Z,0.08808,0.08808,0.08794,0.08794,38434,3382.94516,0.08809,0.08809,0.08794,0.08795,0.08816,0.08816,0.08801,0.08803,-0.00078371,-0.0006129,-0.00064281,-0.0006129,-8.999999999999286e-05,-0.001022378734522241
1696308600000,2023-10-03T04:50:00Z,0.08794,0.08797,0.08794,0.08796,7333,644.95672,0.08795,0.08797,0.08795,0.08796,0.08803,0.08805,0.08802,0.08804,-0.0006129,-0.00053271,-0.00057814,-0.00057814,-7.999999999999674e-05,-0.0009086778736937387
1696308900000,2023-10-03T04:55:00Z,0.08796,0.08808,0.08796,0.08801,237594,20913.12105,0.08796,0.08806,0.08796,0.08801,0.08804,0.08811,0.08804,0.08807,-0.00057814,-0.00050249,-0.00051685,-0.00051685,-5.9999999999990616e-05,-0.0006812762575223189
1696309200000,2023-10-03T05:00:00Z,0.08801,0.08807,0.088,0.08802,179284,15784.90379,0.08801,0.08806,0.088,0.08803,0.08807,0.08809,0.08806,0.08808,-0.00051685,-0.0002758,-0.00039384,-0.00039384,-6.0000000000004494e-05,-0.0006811989100817948
1696309500000,2023-10-03T05:05:00Z,0.08802,0.08802,0.08797,0.08798,25206,2217.94004,0.08803,0.08803,0.08797,0.08798,0.08808,0.08808,0.08802,0.08803,-0.00039384,-0.00019143,-0.00039561,-0.00039561,-4.999999999999449e-05,-0.0005679881858456719
1696309800000,2023-10-03T05:10:00Z,0.08798,0.08798,0.08788,0.08788,125445,11030.39911,0.08798,0.08798,0.08788,0.08788,0.08803,0.08803,0.08792,0.08792,-0.00039561,-0.00039945,-0.00043672,-0.00043672,-3.999999999999837e-05,-0.0004549590536851498
1696310100000,2023-10-03T05:15:00Z,0.08788,0.0879,0.08785,0.08785,10387,912.80302,0.08788,0.08791,0.08785,0.08786,0.08792,0.08795,0.08789,0.0879,-0.00043672,-0.00032897,-0.00034121,-0.00034121,-5.000000000000837e-05,-0.0005688282138795036
1696310400000,2023-10-03T05:20:00Z,0.08785,0.08789,0.08784,0.08784,33087,2907.03019,0.08786,0.08789,0.08785,0.08787,0.0879,0.08794,0.08789,0.08792,-0.00034121,-0.00029079,-0.00030235,-0.00029079,-7.999999999999674e-05,-0.0009099181073702996
1696310700000,2023-10-03T05:25:00Z,0.08784,0.08786,0.08778,0.08778,65553,5755.96475,0.08787,0.08788,0.08778,0.08778,0.08792,0.08793,0.08785,0.08785,-0.00029079,-0.00037123,-0.00064485,-0.00037123,-7.000000000000062e-05,-0.0007968127490039911
1696311000000,2023-10-03T05:30:00Z,0.08778,0.08785,0.08778,0.08782,80768,7093.39635,0.08778,0.08785,0.08778,0.08783,0.08785,0.08791,0.08785,0.0879,-0.00037123,-0.00049055,-0.00069579,-0.00069579,-8.000000000001062e-05,-0.0009101251422071742
1696311300000,2023-10-03T05:35:00Z,0.08782,0.08788,0.08782,0.08786,11787,1035.49742,0.08783,0.08788,0.08783,0.08786,0.0879,0.08793,0.0879,0.08792,-0.00069579,-0.00044079,-0.00051939,-0.00044079,-6.0000000000004494e-05,-0.0006824385805278036
1696311600000,2023-10-03T05:40:00Z,0.08786,0.08791,0.08784,0.08791,50598,4446.23558,0.08786,0.08791,0.08785,0.08791,0.08792,0.08796,0.08791,0.08796,-0.00044079,-0.0006457,-0.000714,-0.0006457,-4.999999999999449e-05,-0.0005684402000908879
1696311900000,2023-10-03T05:45:00Z,0.08791,0.08797,0.08789,0.08792,43500,3825.96677,0.08791,0.08797,0.0879,0.08793,0.08796,0.08802,0.08796,0.08798,-0.0006457,-0.0005559,-0.00056805,-0.0005559,-6.0000000000004494e-05,-0.000681973175721806
1696312200000,2023-10-03T05:50:00Z,0.08792,0.08793,0.08789,0.08793,27210,2391.87754,0.08793,0.08794,0.08791,0.08793,0.08798,0.08799,0.08797,0.08799,-0.0005559,-0.00062934,-0.0006753,-0.0006753,-6.0000000000004494e-05,-0.0006818956699625468
1696312500000,2023-10-03T05:55:00Z,0.08793,0.08793,0.08773,0.0878,577239,50671.59386,0.08793,0.08793,0.0878,0.0878,0.08799,0.08799,0.08787,0.08788,-0.0006753,-0.00062475,-0.00077084,-0.00062475,-7.999999999999674e-05,-0.0009103322712789798
1696312800000,2023-10-03T06:00:00Z,0.0878,0.08789,0.08776,0.08777,338476,29737.85748,0.0878,0.08789,0.08779,0.08779,0.08788,0.0879,0.08784,0.08785,-0.00062475,-0.00063768,-0.00065088,-0.00065088,-7.999999999999674e-05,-0.0009106431417188019
1696313100000,2023-10-03T06:05:00Z,0.08777,0.08781,0.08775,0.08778,45456,3989.82836,0.08779,0.08781,0.08775,0.08779,0.08785,0.08788,0.08782,0.08786,-0.00065088,-0.00045474,-0.00071955,-0.00071955,-7.999999999999674e-05,-0.0009105394946505434
1696313400000,2023-10-03T06:10:00Z,0.08778,0.08779,0.08775,0.08777,52120,4573.91458,0.08779,0.0878,0.08776,0.08778,0.08786,0.08787,0.08783,0.08785,-0.00071955,-0.00051087,-0.0008287,-0.0008287,-7.999999999999674e-05,-0.0009106431417188019
1696313700000,2023-10-03T06:15:00Z,0.08777,0.08781,0.08773,0.08773,6549,574.93911,0.08778,0.08781,0.08773,0.08773,0.08785,0.08788,0.08781,0.08781,-0.0008287,-0.00060771,-0.00087036,-0.00087036,-7.999999999999674e-05,-0.0009110579660630536
1696314000000,2023-10-03T06:20:00Z,0.08773,0.08775,0.08767,0.08775,85100,7462.9451,0.08773,0.08775,0.08768,0.08775,0.08781,0.08781,0.08772,0.08781,-0.00087036,-0.00030446,-0.00066609,-0.00066609,-6.0000000000004494e-05,-0.0006832934745473692
1696314300000,2023-10-03T06:25:00Z,0.08775,0.08777,0.08772,0.08775,83509,7327.60431,0.08775,0.08777,0.08773,0.08775,0.08781,0.08784,0.0878,0.08782,-0.00066609,-0.00045451,-0.00060763,-0.00045451,-7.000000000000062e-05,-0.0007970849464814464
1696314600000,2023-10-03T06:30:00Z,0.08775,0.08775,0.08773,0.08773,18180,1595.27502,0.08775,0.08777,0.08773,0.08773,0.08782,0.08784,0.08776,0.08777,-0.00045451,-0.00063721,-0.00078075,-0.00078075,-3.999999999999837e-05,-0.0004557365842542824
1696314900000,2023-10-03T06:35:00Z,0.08773,0.08775,0.0877,0.08775,26250,2302.952,0.08773,0.08776,0.0877,0.08776,0.08777,0.08783,0.08776,0.08783,-0.00078075,-0.00058542,-0.00066085,-0.00066085,-8.000000000001062e-05,-0.0009108505066607152
1696315200000,2023-10-03T06:40:00Z,0.08775,0.08781,0.08775,0.08778,185910,16317.88401,0.08776,0.08781,0.08775,0.08779,0.08783,0.08788,0.08781,0.08786,-0.00066085,-0.00055673,-0.00076951,-0.00076951,-7.999999999999674e-05,-0.0009105394946505434
1696315500000,2023-10-03T06:45:00Z,0.08778,0.08787,0.08778,0.08785,70808,6219.37521,0.08779,0.08787,0.08779,0.08785,0.08786,0.08791,0.08786,0.0879,-0.00076951,-0.00045501,-0.00045501,-0.00045501,-5.000000000000837e-05,-0.0005688282138795036
1696315800000,2023-10-03T06:50:00Z,0.08785,0.08789,0.08785,0.08787,113020,9931.64308,0.08785,0.08791,0.08785,0.08789,0.0879,0.08795,0.0879,0.08794,-0.00045501,-0.00040527,-0.00054048,-0.00054048,-7.000000000000062e-05,-0.0007959972708665069
1696316100000,2023-10-03T06:55:00Z,0.08787,0.08791,0.08786,0.0879,76120,6690.31203,0.08789,0.08791,0.08786,0.0879,0.08794,0.08794,0.08792,0.08793,-0.00054048,-0.00042135,-0.00068963,-0.00042135,-2.999999999998837e-05,-0.0003411804844761557
1696316400000,2023-10-03T07:00:00Z,0.0879,0.08793,0.08789,0.08791,99272,8727.06916,0.0879,0.08793,0.08789,0.08791,0.08793,0.08796,0.08793,0.08795,-0.00042135,-0.0003411,-0.00038437,-0.0003411,-3.999999999999837e-05,-0.00045480386583284107
1696316700000,2023-10-03T07:05:00Z,0.08791,0.08792,0.08786,0.08787,21534,1892.79744,0.08791,0.08792,0.08787,0.08789,0.08795,0.08796,0.08791,0.08793,-0.0003411,-0.00030493,-0.00032412,-0.00030493,-5.9999999999990616e-05,-0.0006823609689524693
1696317000000,2023-10-03T07:10:00Z,0.08787,0.08791,0.08786,0.08788,154596,13587.27833,0.08789,0.08791,0.08788,0.08789,0.08793,0.08796,0.08792,0.08795,-0.00030493,-0.00033537,-0.00054712,-0.00054712,-7.000000000000062e-05,-0.0007959067652075113
1696317300000,2023-10-03T07:15:00Z,0.08788,0.08789,0.08783,0.08783,18339,1610.95128,0.08789,0.0879,0.08783,0.08783,0.08795,0.08796,0.08787,0.08787,-0.00054712,-0.00056876,-0.00056882,-0.00056882,-3.999999999999837e-05,-0.00045521793558664353
1696317600000,2023-10-03T07:20:00Z,0.08783,0.08783,0.08771,0.0878,403681,35416.33158,0.08783,0.08783,0.08775,0.0878,0.08787,0.08788,0.08781,0.08787,-0.00056882,-0.00039699,-0.00056908,-0.00056908,-7.000000000000062e-05,-0.0007966313872766657
1696317900000,2023-10-03T07:25:00Z,0.0878,0.08781,0.08778,0.08781,4138,363.29318,0.0878,0.08782,0.08779,0.08781,0.08787,0.08789,0.08786,0.08788,-0.00056908,-0.0005454,-0.00064413,-0.0005454,-7.000000000000062e-05,-0.0007965407373691467
1696318200000,2023-10-03T07:30:00Z,0.08781,0.08781,0.08772,0.08772,55020,4829.51035,0.08781,0.08781,0.08772,0.08772,0.08788,0.08788,0.0878,0.08781,-0.0005454,-0.00066693,-0.00075153,-0.00075153,-8.999999999999286e-05,-0.001024940211820896
1696318500000,2023-10-03T07:35:00Z,0.08772,0.08777,0.08769,0.0877,129879,11391.17388,0.08772,0.08777,0.0877,0.0877,0.08781,0.08783,0.08779,0.08779,-0.00075153,-0.0007948,-0.00097186,-0.00097186,-9.000000000000674e-05,-0.001025173709989825
1696318800000,2023-10-03T07:40:00Z,0.0877,0.08772,0.0877,0.08772,14162,1242.26707,0.0877,0.08773,0.0877,0.08772,0.08779,0.08781,0.08779,0.0878,-0.00097186,-0.00072756,-0.00073041,-0.00072756,-7.999999999999674e-05,-0.0009111617312072521
1696319100000,2023-10-03T07:45:00Z,0.08772,0.08777,0.08772,0.08775,44603,3913.20535,0.08772,0.08777,0.08772,0.08775,0.0878,0.08784,0.08779,0.08783,-0.00072756,-0.0006393,-0.00077194,-0.00077194,-8.000000000001062e-05,-0.0009108505066607152
1696319400000,2023-10-03T07:50:00Z,0.08775,0.08777,0.08773,0.08773,34389,3018.03206,0.08775,0.08777,0.08773,0.08773,0.08783,0.08783,0.08779,0.08779,-0.00077194,-0.00072195,-0.00074832,-0.00072195,-6.0000000000004494e-05,-0.0006834491399932166
1696319700000,2023-10-03T07:55:00Z,0.08773,0.08776,0.08771,0.08776,60179,5280.18349,0.08773,0.08778,0.08773,0.08777,0.08779,0.08786,0.08779,0.08785,-0.00072195,-0.0006889,-0.00071966,-0.00071966,-8.999999999999286e-05,-0.0010244735344336125
1696320000000,2023-10-03T08:00:00Z,0.08776,0.08781,0.08773,0.08779,277581,24361.59683,0.08777,0.08781,0.08774,0.08779,0.08785,0.08787,0.08781,0.08786,-0.00071966,-0.00051428,-0.00090097,-0.00090097,-6.999999999998674e-05,-0.0007967220578191071
1696320300000,2023-10-03T08:05:00Z,0.08779,0.0878,0.08779,0.0878,30527,2680.19129,0.08779,0.08782,0.08779,0.08782,0.08786,0.08788,0.08785,0.08788,-0.00090097,-0.00064413,-0.00075941,-0.00064413,-7.999999999999674e-05,-0.0009103322712789798
1696320600000,2023-10-03T08:10:00Z,0.0878,0.08785,0.08778,0.08784,390129,34249.8117,0.08782,0.08786,0.08781,0.08784,0.08788,0.08793,0.08786,0.08791,-0.00064413,-0.00075363,-0.00090048,-0.00075363,-7.000000000000062e-05,-0.0007962689113866524
1696320900000,2023-10-03T08:15:00Z,0.08784,0.08795,0.08784,0.08795,94279,8286.63845,0.08784,0.08795,0.08784,0.08795,0.08791,0.08801,0.0879,0.08799,-0.00075363,-0.00044334,-0.00053564,-0.00044334,-3.999999999999837e-05,-0.00045459711330831195
1696321200000,2023-10-03T08:20:00Z,0.08795,0.08798,0.08794,0.08797,24534,2158.21634,0.08795,0.088,0.08794,0.08799,0.08799,0.08805,0.08799,0.08805,-0.00044334,-0.0005238,-0.00053509,-0.00053509,-7.999999999999674e-05,-0.0009085746734809396
1696321500000,2023-10-03T08:25:00Z,0.08797,0.08799,0.08782,0.08786,192729,16946.62837,0.08799,0.088,0.08785,0.08788,0.08805,0.08806,0.08791,0.08794,-0.00053509,-0.00056798,-0.00067326,-0.00067326,-8.000000000001062e-05,-0.000909711166704692
1696321800000,2023-10-03T08:30:00Z,0.08786,0.08791,0.08777,0.08778,103926,9126.17387,0.08788,0.08793,0.08777,0.08778,0.08794,0.088,0.08781,0.08783,-0.00067326,-0.00033439,-0.0003416,-0.00033439,-5.000000000000837e-05,-0.0005692815666629667
1696322100000,2023-10-03T08:35:00Z,0.08778,0.08782,0.08776,0.0878,26542,2329.8879,0.08778,0.08782,0.08776,0.08781,0.08783,0.08789,0.08781,0.08788,-0.00033439,-0.00031607,-0.00065236,-0.00065236,-7.999999999999674e-05,-0.0009103322712789798
1696322400000,2023-10-03T08:40:00Z,0.0878,0.08781,0.08776,0.08776,4100,359.90174,0.08781,0.08781,0.08776,0.08776,0.08788,0.08788,0.08783,0.08783,-0.00065236,-0.00096096,-0.00097621,-0.00096096,-7.000000000000062e-05,-0.0007969941933280271
1696322700000,2023-10-03T08:45:00Z,0.08776,0.08776,0.08775,0.08776,1831,160.68404,0.08776,0.08776,0.08775,0.08776,0.08783,0.08784,0.0878,0.08782,-0.00096096,-0.00066716,-0.00078503,-0.00078503,-5.9999999999990616e-05,-0.0006832156684125555
1696323000000,2023-10-03T08:50:00Z,0.08776,0.08776,0.08769,0.08772,113057,9916.2684,0.08776,0.08776,0.0877,0.08772,0.08782,0.08783,0.08777,0.08779,-0.00078503,-0.00054426,-0.00062378,-0.00062378,-7.000000000000062e-05,-0.0007973573299920334
1696323300000,2023-10-03T08:55:00Z,0.08772,0.08772,0.08769,0.08772,9845,863.54243,0.08772,0.08774,0.08771,0.08772,0.08779,0.08781,0.08777,0.08779,-0.00062378,-0.00089155,-0.00090546,-0.00090546,-7.000000000000062e-05,-0.0007973573299920334
1696323600000,2023-10-03T09:00:00Z,0.08772,0.08775,0.0877,0.08774,211955,18591.66189,0.08772,0.08775,0.0877,0.08774,0.08779,0.08781,0.08777,0.0878,-0.00090546,-0.00081954,-0.00092003,-0.00092003,-6.0000000000004494e-05,-0.0006833712984055182
1696323900000,2023-10-03T09:05:00Z,0.08774,0.08774,0.08774,0.08774,53535,4697.1609,0.08774,0.08775,0.08774,0.08774,0.0878,0.08783,0.0878,0.08781,-0.00092003,-0.00078089,-0.00093259,-0.00093259,-7.000000000000062e-05,-0.0007971757203052114
1696324200000,2023-10-03T09:10:00Z,0.08774,0.08774,0.08772,0.08772,48573,4261.13068,0.08774,0.08774,0.08772,0.08772,0.08781,0.08781,0.08777,0.08779,-0.00093259,-0.0005905,-0.00087949,-0.00087949,-7.000000000000062e-05,-0.0007973573299920334
1696324500000,2023-10-03T09:15:00Z,0.08772,0.08772,0.0877,0.08771,7300,640.28285,0.08772,0.08774,0.0877,0.08771,0.08779,0.08781,0.08776,0.08778,-0.00087949,-0.00078599,-0.00079735,-0.00079735,-7.000000000000062e-05,-0.0007974481658692256
1696324800000,2023-10-03T09:20:00Z,0.08771,0.08771,0.08762,0.08762,156856,13752.693,0.08771,0.08772,0.08762,0.08762,0.08778,0.08779,0.08769,0.08769,-0.00079735,-0.00097458,-0.001049,-0.001049,-7.000000000000062e-05,-0.0007982666210514382
1696325100000,2023-10-03T09:25:00Z,0.08762,0.08769,0.0876,0.08763,678005,59429.18053,0.08762,0.08767,0.0876,0.08765,0.08769,0.08774,0.08768,0.08773,-0.001049,-0.0009651,-0.00112985,-0.0009651,-0.00010000000000000286,-0.0011398609369657228
1696325400000,2023-10-03T09:30:00Z,0.08763,0.08771,0.08762,0.08768,61934,5429.63943,0.08765,0.08771,0.08764,0.08768,0.08773,0.0878,0.08773,0.08777,-0.0009651,-0.00081248,-0.00098428,-0.00098428,-9.000000000000674e-05,-0.001025407314572254
1696325700000,2023-10-03T09:35:00Z,0.08768,0.08773,0.08768,0.08772,57779,5067.68718,0.08768,0.08774,0.08768,0.08772,0.08777,0.08783,0.08776,0.08781,-0.00098428,-0.00087006,-0.0010518,-0.00087006,-8.999999999999286e-05,-0.001024940211820896
1696326000000,2023-10-03T09:40:00Z,0.08772,0.08772,0.08768,0.08771,44345,3888.89805,0.08772,0.08772,0.08769,0.08771,0.08781,0.08781,0.08778,0.08778,-0.00087006,-0.00071306,-0.00080034,-0.00071306,-7.000000000000062e-05,-0.0007974481658692256
1696326300000,2023-10-03T09:45:00Z,0.08771,0.08773,0.08771,0.08773,87027,7634.56,0.08771,0.08773,0.08771,0.08773,0.08778,0.0878,0.08778,0.0878,-0.00071306,-0.00067346,-0.00068337,-0.00067346,-7.000000000000062e-05,-0.0007972665148063852
1696326600000,2023-10-03T09:50:00Z,0.08773,0.08775,0.08773,0.08774,69461,6094.48467,0.08773,0.08776,0.08773,0.08774,0.0878,0.08783,0.08779,0.0878,-0.00067346,-0.0006615,-0.00068337,-0.0006615,-6.0000000000004494e-05,-0.0006833712984055182
1696326900000,2023-10-03T09:55:00Z,0.08774,0.08774,0.0877,0.0877,1012888,88860.54706,0.08774,0.08774,0.0877,0.08771,0.0878,0.08781,0.08778,0.08778,-0.0006615,-0.00085297,-0.00091378,-0.00091378,-7.999999999999674e-05,-0.0009113693324219269
1696327200000,2023-10-03T10:00:00Z,0.0877,0.08772,0.08767,0.08771,115435,10122.14131,0.08771,0.08773,0.08767,0.08771,0.08778,0.08781,0.08774,0.08779,-0.00091378,-0.00070689,-0.00083967,-0.00083967,-8.000000000001062e-05,-0.0009112655199910082
1696327500000,2023-10-03T10:05:00Z,0.08771,0.08771,0.08769,0.08769,204546,17938.18271,0.08771,0.08773,0.0877,0.0877,0.08779,0.0878,0.08777,0.08777,-0.00083967,-0.00075543,-0.00075543,-0.00075543,-7.999999999999674e-05,-0.0009114731685085648
1696327800000,2023-10-03T10:10:00Z,0.08769,0.08769,0.08764,0.08764,2134,187.05307,0.0877,0.08771,0.08764,0.08765,0.08777,0.08778,0.08771,0.08773,-0.00075543,-0.00069482,-0.00073897,-0.00069482,-9.000000000000674e-05,-0.001025874843269198
1696328100000,2023-10-03T10:15:00Z,0.08764,0.08771,0.08764,0.08771,158005,13856.66835,0.08765,0.08771,0.08764,0.08771,0.08773,0.0878,0.08771,0.08778,-0.00069482,-0.00033644,-0.00066473,-0.00033644,-7.000000000000062e-05,-0.0007974481658692256
1696328400000,2023-10-03T10:20:00Z,0.08771,0.08775,0.08766,0.08769,500252,43877.89911,0.08771,0.08775,0.08767,0.08769,0.08778,0.0878,0.08775,0.08776,-0.00033644,-0.00084781,-0.00097676,-0.00097676,-7.000000000000062e-05,-0.0007976298997265338
1696328700000,2023-10-03T10:25:00Z,0.08769,0.08774,0.08769,0.08774,313128,27467.29125,0.08769,0.08775,0.08769,0.08775,0.08776,0.08782,0.08776,0.08782,-0.00097676,-0.00057865,-0.00058405,-0.00058405,-7.999999999999674e-05,-0.0009109542245501793
1696329000000,2023-10-03T10:30:00Z,0.08774,0.08785,0.08774,0.08781,236274,20748.20469,0.08775,0.08785,0.08775,0.08782,0.08782,0.08793,0.08782,0.0879,-0.00058405,-0.00061067,-0.00072439,-0.00061067,-9.000000000000674e-05,-0.0010238907849830117
1696329300000,2023-10-03T10:35:00Z,0.08781,0.08783,0.0878,0.08782,118073,10368.51113,0.08782,0.08783,0.0878,0.08782,0.0879,0.08791,0.08788,0.08791,-0.00061067,-0.00085426,-0.00104811,-0.00104811,-9.000000000000674e-05,-0.0010237743146400493
1696329600000,2023-10-03T10:40:00Z,0.08782,0.08784,0.08781,0.08781,270835,23787.37088,0.08782,0.08784,0.08781,0.08781,0.08791,0.08793,0.08789,0.08789,-0.00104811,-0.00078464,-0.00082855,-0.00078464,-7.999999999999674e-05,-0.0009102286949595716
1696329900000,2023-10-03T10:45:00Z,0.08781,0.08787,0.08779,0.0878,217685,19118.2536,0.08781,0.08787,0.08779,0.0878,0.08789,0.08795,0.08787,0.08789,-0.00078464,-0.00075432,-0.00091002,-0.00075432,-8.999999999999286e-05,-0.0010240072818294785
1696330200000,2023-10-03T10:50:00Z,0.0878,0.08787,0.08779,0.08783,184080,16166.99609,0.0878,0.08787,0.08779,0.08785,0.08789,0.08795,0.08788,0.08794,-0.00075432,-0.00077655,-0.00079415,-0.00077655,-0.00010999999999999899,-0.001250852854218774
1696330500000,2023-10-03T10:55:00Z,0.08783,0.0879,0.08783,0.08788,184937,16252.5857,0.08785,0.0879,0.08784,0.08788,0.08794,0.08796,0.08792,0.08796,-0.00077655,-0.00075619,-0.00075724,-0.00075619,-7.999999999999674e-05,-0.0009095043201454837
1696330800000,2023-10-03T11:00:00Z,0.08788,0.08792,0.08781,0.08783,453318,39835.95932,0.08788,0.08792,0.08781,0.08783,0.08796,0.08799,0.0879,0.08792,-0.00075619,-0.00085132,-0.00091012,-0.00091012,-8.999999999999286e-05,-0.0010236578707915477
1696331100000,2023-10-03T11:05:00Z,0.08783,0.08788,0.08783,0.08785,75362,6620.94023,0.08783,0.08789,0.08783,0.08787,0.08792,0.08798,0.08791,0.08796,-0.00091012,-0.00083875,-0.00094917,-0.00094917,-0.00010999999999999899,-0.0012505684402000796
1696331400000,2023-10-03T11:10:00Z,0.08785,0.08789,0.08775,0.08775,170839,15003.29308,0.08787,0.08789,0.08775,0.08775,0.08796,0.08798,0.08783,0.08783,-0.00094917,-0.00062434,-0.00072731,-0.00062434,-8.000000000001062e-05,-0.0009108505066607152
1696331700000,2023-10-03T11:15:00Z,0.08775,0.0878,0.08774,0.0878,98570,8651.79762,0.08775,0.0878,0.08774,0.0878,0.08783,0.08789,0.08783,0.08789,-0.00062434,-0.00052907,-0.00097951,-0.00097951,-8.999999999999286e-05,-0.0010240072818294785
1696332000000,2023-10-03T11:20:00Z,0.0878,0.08781,0.08773,0.08773,15973,1401.76374,0.0878,0.08782,0.08774,0.08775,0.08789,0.08791,0.08782,0.08784,-0.00097951,-0.00074965,-0.00079681,-0.00079681,-0.00010999999999999899,-0.0012522768670309538
1696332300000,2023-10-03T11:25:00Z,0.08773,0.08774,0.08769,0.0877,341161,29925.10073,0.08775,0.08775,0.08769,0.08771,0.08784,0.08784,0.08779,0.08781,-0.00079681,-0.0008942,-0.0010723,-0.0010723,-0.00010999999999999899,-0.0012527047033367383
1696332600000,2023-10-03T11:30:00Z,0.0877,0.08771,0.08766,0.08767,417483,36605.95163,0.08771,0.08771,0.08766,0.08768,0.08781,0.08781,0.08775,0.08778,-0.0010723,-0.00088254,-0.00088506,-0.00088506,-0.00010999999999999899,-0.001253132832080189
1696332900000,2023-10-03T11:35:00Z,0.08767,0.08769,0.08757,0.08766,650306,56980.44649,0.08768,0.0877,0.0876,0.08766,0.08778,0.0878,0.08771,0.08775,-0.00088506,-0.00095588,-0.0014626,-0.00095588,-8.999999999999286e-05,-0.0010256410256409443
1696333200000,2023-10-03T11:40:00Z,0.08766,0.08773,0.08766,0.0877,126918,11132.62123,0.08766,0.08773,0.08766,0.0877,0.08775,0.08782,0.08774,0.08778,-0.00095588,-0.00098986,-0.00105408,-0.00098986,-7.999999999999674e-05,-0.0009113693324219269
1696333500000,2023-10-03T11:45:00Z,0.0877,0.08774,0.08768,0.08768,72145,6328.4624,0.0877,0.08774,0.08769,0.08771,0.08778,0.08782,0.08777,0.08779,-0.00098986,-0.00076965,-0.0008517,-0.00076965,-0.00011000000000001287,-0.0012529900899876166
1696333800000,2023-10-03T11:50:00Z,0.08768,0.08768,0.08765,0.08765,314194,27542.82782,0.08771,0.08771,0.08765,0.08766,0.08779,0.08779,0.08774,0.08775,-0.00076965,-0.00075176,-0.00086564,-0.00086564,-9.999999999998899e-05,-0.0011396011396010142
1696334100000,2023-10-03T11:55:00Z,0.08765,0.0878,0.08756,0.08767,2380998,208728.98996,0.08766,0.08769,0.08762,0.08768,0.08775,0.08778,0.08771,0.08778,-0.00086564,-0.00089814,-0.00104294,-0.00104294,-0.00010999999999999899,-0.001253132832080189
1696334400000,2023-10-03T12:00:00Z,0.08767,0.08774,0.08763,0.08763,140820,12350.68173,0.08768,0.08774,0.08765,0.08765,0.08778,0.08782,0.08773,0.08773,-0.00104294,-0.00062199,-0.00069274,-0.00062199,-0.00010000000000000286,-0.0011398609369657228
1696334700000,2023-10-03T12:05:00Z,0.08763,0.08763,0.08741,0.08753,2750167,240689.06855,0.08765,0.08765,0.0875,0.08753,0.08773,0.08773,0.08761,0.08764,-0.00062199,-0.00109587,-0.00114142,-0.00114142,-0.00010999999999999899,-0.0012551346417161
1696335000000,2023-10-03T12:10:00Z,0.08753,0.08758,0.08751,0.08751,75334,6595.11103,0.08753,0.08758,0.08751,0.08751,0.08764,0.08768,0.08761,0.08762,-0.00114142,-0.00106901,-0.00112838,-0.00112838,-0.00010999999999999899,-0.0012554211367267632
1696335300000,2023-10-03T12:15:00Z,0.08751,0.08751,0.0874,0.08747,379118,33154.22015,0.08751,0.08752,0.08742,0.08747,0.08762,0.08762,0.08753,0.08758,-0.00112838,-0.00114457,-0.00123178,-0.00123178,-0.00010999999999999899,-0.0012559945192966314
1696335600000,2023-10-03T12:20:00Z,0.08747,0.08763,0.08746,0.08759,442157,38717.60075,0.08747,0.08763,0.08747,0.08759,0.08758,0.0877,0.08758,0.08769,-0.00123178,-0.00082143,-0.00098699,-0.00082143,-0.00010000000000000286,-0.001140380887216363
1696335900000,2023-10-03T12:25:00Z,0.08759,0.0876,0.08743,0.08745,434754,38034.23315,0.08759,0.0876,0.08744,0.08747,0.08769,0.08769,0.08754,0.08756,-0.00082143,-0.00084627,-0.00087001,-0.00087001,-0.00010999999999999899,-0.0012562814070351644
1696336200000,2023-10-03T12:30:00Z,0.08745,0.08755,0.08745,0.08752,238196,20848.42763,0.08747,0.08755,0.08746,0.08753,0.08756,0.08763,0.08755,0.08761,-0.00087001,-0.00074229,-0.00080378,-0.00074229,-8.999999999999286e-05,-0.001027279990868541
1696336500000,2023-10-03T12:35:00Z,0.08752,0.08756,0.08749,0.08755,234639,20536.25196,0.08753,0.08756,0.08749,0.08755,0.08761,0.08764,0.08758,0.08763,-0.00074229,-0.00080924,-0.00091334,-0.00080924,-7.999999999999674e-05,-0.000912929362090571
1696336800000,2023-10-03T12:40:00Z,0.08755,0.08755,0.08751,0.08751,3619,316.80295,0.08755,0.08755,0.08751,0.08751,0.08763,0.08764,0.08759,0.08759,-0.00080924,-0.00085936,-0.00086118,-0.00085936,-7.999999999999674e-05,-0.0009133462724054886
1696337100000,2023-10-03T12:45:00Z,0.08751,0.08757,0.08751,0.08753,49783,4358.63922,0.08751,0.08757,0.08751,0.08755,0.08759,0.08764,0.08759,0.08764,-0.00085936,-0.00085435,-0.00089216,-0.00089216,-0.00010999999999999899,-0.0012551346417161
1696337400000,2023-10-03T12:50:00Z,0.08753,0.08756,0.08751,0.08752,48402,4237.43834,0.08755,0.08756,0.08751,0.08754,0.08764,0.08764,0.0876,0.08763,-0.00089216,-0.000833,-0.00098573,-0.00098573,-0.00010999999999999899,-0.0012552778728745749
1696337700000,2023-10-03T12:55:00Z,0.08752,0.08758,0.08752,0.08757,54695,4787.91572,0.08754,0.08758,0.08752,0.08757,0.08763,0.08766,0.08761,0.08766,-0.00098573,-0.00066647,-0.00099463,-0.00066647,-9.000000000000674e-05,-0.0010266940451746148
1696338000000,2023-10-03T13:00:00Z,0.08757,0.08762,0.08753,0.08756,194179,17006.17823,0.08757,0.08762,0.08754,0.08757,0.08766,0.08769,0.08762,0.08765,-0.00066647,-0.00081686,-0.0008893,-0.00081686,-9.000000000000674e-05,-0.0010268111808329349
1696338300000,2023-10-03T13:05:00Z,0.08756,0.08758,0.08751,0.08756,293298,25679.67987,0.08757,0.08758,0.08752,0.08756,0.08765,0.08765,0.08761,0.08765,-0.00081686,-0.00078975,-0.00083262,-0.00083262,-9.000000000000674e-05,-0.0010268111808329349
1696338600000,2023-10-03T13:10:00Z,0.08756,0.08762,0.08756,0.08761,317928,27849.76412,0.08756,0.08763,0.08756,0.08762,0.08765,0.08771,0.08764,0.0877,-0.00083262,-0.00081609,-0.0009122,-0.0009122,-9.000000000000674e-05,-0.0010262257696694041
1696338900000,2023-10-03T13:15:00Z,0.08761,0.08761,0.08754,0.08756,267277,23403.20824,0.08762,0.08762,0.08756,0.08757,0.0877,0.0877,0.08763,0.08765,-0.0009122,-0.00086662,-0.00087631,-0.00087631,-9.000000000000674e-05,-0.0010268111808329349
1696339200000,2023-10-03T13:20:00Z,0.08756,0.08767,0.08756,0.08767,323393,28330.79672,0.08757,0.08767,0.08757,0.08767,0.08765,0.08775,0.08765,0.08775,-0.00087631,-0.00073768,-0.00088911,-0.00088911,-7.999999999999674e-05,-0.0009116809116808746
1696339500000,2023-10-03T13:25:00Z,0.08767,0.08769,0.08765,0.08768,302781,26543.47566,0.08767,0.08769,0.08766,0.08768,0.08775,0.08777,0.08774,0.08775,-0.00088911,-0.00084773,-0.00087075,-0.00084773,-7.000000000000062e-05,-0.0007977207977208048
1696339800000,2023-10-03T13:30:00Z,0.08768,0.08769,0.08764,0.08767,134164,11761.92438,0.08768,0.08769,0.08765,0.08769,0.08775,0.08777,0.08773,0.08777,-0.00084773,-0.00072797,-0.00079762,-0.00079762,-0.00010000000000000286,-0.0011393414606357853
1696340100000,2023-10-03T13:35:00Z,0.08767,0.08772,0.08767,0.08772,291882,25597.09166,0.08769,0.08772,0.08767,0.08772,0.08777,0.0878,0.08776,0.0878,-0.00079762,-0.00060836,-0.00084907,-0.00084907,-7.999999999999674e-05,-0.0009111617312072521
1696340400000,2023-10-03T13:40:00Z,0.08772,0.08776,0.08772,0.08776,429210,37656.7555,0.08772,0.08778,0.08772,0.08776,0.0878,0.08786,0.08779,0.08785,-0.00084907,-0.00082839,-0.00091074,-0.00091074,-8.999999999999286e-05,-0.0010244735344336125
1696340700000,2023-10-03T13:45:00Z,0.08776,0.08779,0.08773,0.08779,342796,30087.50773,0.08776,0.08779,0.08774,0.08779,0.08785,0.08788,0.08782,0.08788,-0.00091074,-0.00084416,-0.00098474,-0.00084416,-8.999999999999286e-05,-0.0010241238051888128
1696341000000,2023-10-03T13:50:00Z,0.08779,0.08784,0.08778,0.08781,635962,55847.74614,0.08779,0.08784,0.08779,0.08781,0.08788,0.0879,0.08787,0.08789,-0.00084416,-0.00075676,-0.00076152,-0.00076152,-7.999999999999674e-05,-0.0009102286949595716
1696341300000,2023-10-03T13:55:00Z,0.08781,0.08781,0.08779,0.08779,35381,3106.1655,0.08781,0.08781,0.08779,0.08779,0.08789,0.0879,0.08788,0.08789,-0.00076152,-0.00094367,-0.00107224,-0.00094367,-9.999999999998899e-05,-0.0011377858686993855
1696341600000,2023-10-03T14:00:00Z,0.08779,0.08779,0.08756,0.08756,315011,27614.3,0.08779,0.08779,0.08756,0.08756,0.08789,0.08789,0.08764,0.08764,-0.00094367,-0.00089339,-0.0009161,-0.00089339,-7.999999999999674e-05,-0.0009128251939753165
1696341900000,2023-10-03T14:05:00Z,0.08756,0.08757,0.08746,0.08752,504027,44115.35106,0.08756,0.08758,0.08747,0.08752,0.08764,0.08767,0.08755,0.0876,-0.00089339,-0.00087738,-0.00094519,-0.00087738,-7.999999999999674e-05,-0.0009132420091323829
1696342200000,2023-10-03T14:10:00Z,0.08752,0.08759,0.08751,0.08757,223246,19550.10644,0.08752,0.08759,0.08751,0.08757,0.0876,0.08767,0.08759,0.08766,-0.00087738,-0.00076497,-0.00091261,-0.00076497,-9.000000000000674e-05,-0.0010266940451746148
1696342500000,2023-10-03T14:15:00Z,0.08757,0.08757,0.08741,0.08741,230216,20149.35448,0.08757,0.08757,0.08742,0.08742,0.08766,0.08766,0.08751,0.08751,-0.00076497,-0.00083677,-0.00101233,-0.00083677,-0.00010000000000000286,-0.0011427265455376855
1696342800000,2023-10-03T14:20:00Z,0.08741,0.08749,0.08741,0.08746,784094,68563.87627,0.08742,0.08749,0.08741,0.08746,0.08751,0.08758,0.0875,0.08755,-0.00083677,-0.00102684,-0.00122087,-0.00102684,-9.000000000000674e-05,-0.0010279840091377125
1696343100000,2023-10-03T14:25:00Z,0.08746,0.08747,0.08739,0.08742,353989,30944.93767,0.08746,0.08747,0.08739,0.08742,0.08755,0.08756,0.08748,0.0875,-0.00102684,-0.00079954,-0.0008944,-0.0008944,-7.999999999999674e-05,-0.0009142857142856771
1696343400000,2023-10-03T14:30:00Z,0.08742,0.08742,0.08732,0.08736,300666,26263.01808,0.08742,0.08742,0.08734,0.08736,0.0875,0.0875,0.08743,0.08745,-0.0008944,-0.00083432,-0.0009793,-0.0009793,-9.000000000000674e-05,-0.0010291595197256345
1696343700000,2023-10-03T14:35:00Z,0.08736,0.08739,0.08735,0.08735,64809,5662.85633,0.08736,0.08739,0.08735,0.08735,0.08745,0.08748,0.08744,0.08744,-0.0009793,-0.0006901,-0.00091491,-0.00091491,-9.000000000000674e-05,-0.001029277218664304
1696344000000,2023-10-03T14:40:00Z,0.08735,0.08739,0.08732,0.08739,41716,3644.51177,0.08735,0.08739,0.08734,0.08739,0.08744,0.08747,0.08743,0.08746,-0.00091491,-0.0007387,-0.00086161,-0.0007387,-7.000000000000062e-05,-0.0008003658815458566
1696344300000,2023-10-03T14:45:00Z,0.08739,0.08739,0.08725,0.08731,215520,18813.42588,0.08739,0.08739,0.08727,0.08731,0.08746,0.08746,0.08736,0.08741,-0.0007387,-0.00102963,-0.00105561,-0.00102963,-0.00010000000000000286,-0.0011440338634023895
1696344600000,2023-10-03T14:50:00Z,0.08731,0.08739,0.08722,0.08734,928404,81090.32416,0.08731,0.08739,0.08723,0.08734,0.08741,0.08744,0.08733,0.08744,-0.00102963,-0.00086005,-0.00096783,-0.00086005,-0.00010000000000000286,-0.0011436413540713958
1696344900000,2023-10-03T14:55:00Z,0.08734,0.08736,0.08732,0.08736,84275,7360.38961,0.08734,0.08736,0.08733,0.08736,0.08744,0.08746,0.08742,0.08745,-0.00086005,-0.00083188,-0.00095837,-0.00095837,-9.000000000000674e-05,-0.0010291595197256345
1696345200000,2023-10-03T15:00:00Z,0.08736,0.0874,0.08727,0.08731,184462,16107.21998,0.08736,0.0874,0.08731,0.08733,0.08745,0.08746,0.0874,0.08742,-0.00095837,-0.00089349,-0.00092987,-0.00092987,-0.00010999999999999899,-0.0012582932967284259
1696345500000,2023-10-03T15:05:00Z,0.08731,0.08733,0.08723,0.08728,14786,1290.1432,0.08733,0.08733,0.08724,0.08728,0.08742,0.08742,0.08734,0.08737,-0.00092987,-0.00098237,-0.00100217,-0.00098237,-9.000000000000674e-05,-0.0010301018656290115
1696345800000,2023-10-03T15:10:00Z,0.08728,0.08746,0.08727,0.08743,750925,65614.54239,0.08728,0.08746,0.08728,0.08743,0.08737,0.08751,0.08737,0.08751,-0.00098237,-0.00052532,-0.00076128,-0.00076128,-8.000000000001062e-05,-0.0009141812364302436
1696346100000,2023-10-03T15:15:00Z,0.08743,0.08752,0.08743,0.08745,114783,10039.74313,0.08743,0.08748,0.08743,0.08747,0.08751,0.08756,0.0875,0.08755,-0.00076128,-0.00071395,-0.00092974,-0.00092974,-0.00010000000000000286,-0.0011422044545974057
1696346400000,2023-10-03T15:20:00Z,0.08745,0.08748,0.08745,0.08748,93908,8213.04334,0.08747,0.08748,0.08745,0.08748,0.08755,0.08756,0.08754,0.08756,-0.00092974,-0.0007711,-0.00092724,-0.00092724,-7.999999999999674e-05,-0.0009136592051164544
1696346700000,2023-10-03T15:25:00Z,0.08748,0.0875,0.08746,0.0875,62926,5504.11332,0.08748,0.0875,0.08746,0.0875,0.08756,0.08758,0.08755,0.08758,-0.00092724,-0.00091217,-0.00091343,-0.00091217,-8.000000000001062e-05,-0.0009134505594885889
1696347000000,2023-10-03T15:30:00Z,0.0875,0.08751,0.08739,0.08742,62089,5428.44522,0.0875,0.08751,0.08739,0.08742,0.08758,0.0876,0.08748,0.0875,-0.00091217,-0.00079961,-0.0008834,-0.00079961,-7.999999999999674e-05,-0.0009142857142856771
1696347300000,2023-10-03T15:35:00Z,0.08742,0.08749,0.08734,0.08749,99300,8678.52826,0.08742,0.08749,0.08735,0.08749,0.0875,0.08757,0.08743,0.08757,-0.00079961,-0.0008032,-0.00091203,-0.00091203,-7.999999999999674e-05,-0.0009135548703893656
1696347600000,2023-10-03T15:40:00Z,0.08749,0.08752,0.08744,0.08744,24647,2156.5022,0.08749,0.08752,0.08744,0.08746,0.08757,0.0876,0.08752,0.08755,-0.00091203,-0.00079963,-0.00081761,-0.00079963,-0.00010999999999999899,-0.0012564249000570986
1696347900000,2023-10-03T15:45:00Z,0.08744,0.08744,0.08743,0.08743,29666,2593.93308,0.08746,0.08746,0.08743,0.08744,0.08755,0.08755,0.08752,0.08753,-0.00079963,-0.00088345,-0.00097349,-0.00088345,-0.00010000000000000286,-0.0011424654404204601
1696348200000,2023-10-03T15:50:00Z,0.08743,0.08743,0.08734,0.08734,427518,37347.14468,0.08744,0.08744,0.08734,0.08734,0.08753,0.08753,0.08742,0.08742,-0.00088345,-0.00088131,-0.00099211,-0.00099211,-7.999999999999674e-05,-0.0009151223976206445
1696348500000,2023-10-03T15:55:00Z,0.08734,0.08744,0.08733,0.08742,179361,15673.56413,0.08734,0.08744,0.08733,0.08742,0.08742,0.08752,0.08742,0.0875,-0.00099211,-0.0005369,-0.00075894,-0.0005369,-7.999999999999674e-05,-0.0009142857142856771
1696348800000,2023-10-03T16:00:00Z,0.08742,0.08742,0.08726,0.08739,793943,69335.84526,0.08742,0.08742,0.08726,0.08741,0.0875,0.0875,0.08735,0.0875,-0.0005369,-0.00095467,-0.00096956,-0.00096956,-0.00010999999999999899,-0.0012571428571428456
1696349100000,2023-10-03T16:05:00Z,0.08739,0.08749,0.08734,0.08734,128072,11198.17062,0.08741,0.08749,0.08734,0.08734,0.0875,0.08759,0.08743,0.08743,-0.00096956,-0.00096697,-0.00108005,-0.00096697,-8.999999999999286e-05,-0.0010293949445269687
1696349400000,2023-10-03T16:10:00Z,0.08734,0.08747,0.08734,0.08741,147889,12926.24215,0.08734,0.08747,0.08734,0.08742,0.08743,0.08755,0.08743,0.08751,-0.00096697,-0.00068494,-0.00085188,-0.00085188,-0.00010000000000000286,-0.0011427265455376855
1696349700000,2023-10-03T16:15:00Z,0.08741,0.08751,0.08741,0.08751,98689,8631.42087,0.08742,0.08751,0.08742,0.08751,0.08751,0.08759,0.08751,0.08759,-0.00085188,-0.00080988,-0.00102135,-0.00080988,-7.999999999999674e-05,-0.0009133462724054886
1696350000000,2023-10-03T16:20:00Z,0.08751,0.08755,0.08748,0.08754,168846,14778.67368,0.08751,0.08755,0.08749,0.08755,0.08759,0.08763,0.08758,0.08763,-0.00080988,-0.00059582,-0.00089165,-0.00059582,-8.999999999999286e-05,-0.0010270455323518528
1696350300000,2023-10-03T16:25:00Z,0.08754,0.08758,0.08752,0.08758,444149,38881.82371,0.08755,0.08759,0.08753,0.08759,0.08763,0.08767,0.08761,0.08767,-0.00059582,-0.00072815,-0.00073254,-0.00072815,-8.999999999999286e-05,-0.0010265769362380844
1696350600000,2023-10-03T16:30:00Z,0.08758,0.08762,0.08756,0.08759,143552,12574.74645,0.08759,0.08762,0.08757,0.08759,0.08767,0.08768,0.08766,0.08767,-0.00072815,-0.00079915,-0.0009124,-0.00079915,-7.999999999999674e-05,-0.0009125128322116658
1696350900000,2023-10-03T16:35:00Z,0.08759,0.08766,0.08759,0.08765,105631,9257.48399,0.08759,0.08767,0.08759,0.08767,0.08767,0.08775,0.08767,0.08775,-0.00079915,-0.00064066,-0.00091178,-0.00091178,-9.999999999998899e-05,-0.0011396011396010142
1696351200000,2023-10-03T16:40:00Z,0.08765,0.08773,0.08765,0.08771,504825,44272.00025,0.08767,0.08774,0.08765,0.08773,0.08775,0.08782,0.08773,0.08781,-0.00091178,-0.00051019,-0.00067923,-0.00051019,-0.00010000000000000286,-0.001138822457578896
1696351500000,2023-10-03T16:45:00Z,0.08771,0.08775,0.08765,0.08768,146271,12828.55532,0.08773,0.08775,0.08765,0.08768,0.08781,0.08783,0.08773,0.08777,-0.00051019,-0.00087679,-0.00102552,-0.00087679,-9.000000000000674e-05,-0.001025407314572254
1696351800000,2023-10-03T16:50:00Z,0.08768,0.08768,0.08766,0.08766,20737,1817.87845,0.08768,0.08768,0.08766,0.08767,0.08777,0.08777,0.08774,0.08776,-0.00087679,-0.00089961,-0.001,-0.001,-0.00010000000000000286,-0.0011394712853236425
1696352100000,2023-10-03T16:55:00Z,0.08766,0.08767,0.08762,0.08762,60977,5344.90284,0.08767,0.08767,0.08763,0.08763,0.08776,0.08776,0.08772,0.08772,-0.001,-0.00079302,-0.00102062,-0.00102062,-0.00010000000000000286,-0.001139990880072992
1696352400000,2023-10-03T17:00:00Z,0.08762,0.0877,0.08762,0.0877,67374,5906.20415,0.08763,0.0877,0.08763,0.0877,0.08772,0.08778,0.08772,0.08777,-0.00102062,-0.00090041,-0.0010876,-0.00090041,-7.000000000000062e-05,-0.0007975390224450338
1696352700000,2023-10-03T17:05:00Z,0.0877,0.0878,0.08769,0.08779,279582,24538.3954,0.0877,0.0878,0.08769,0.08779,0.08777,0.08787,0.08777,0.08787,-0.00090041,-0.00088708,-0.00091657,-0.00091657,-7.999999999999674e-05,-0.0009104358711732871
1696353000000,2023-10-03T17:10:00Z,0.08779,0.0878,0.08775,0.08775,92590,8126.48252,0.08779,0.08779,0.08776,0.08776,0.08787,0.08787,0.08784,0.08784,-0.00091657,-0.00091074,-0.00093444,-0.00091074,-9.000000000000674e-05,-0.001024590163934503
1696353300000,2023-10-03T17:15:00Z,0.08775,0.08781,0.08772,0.08779,168112,14756.01336,0.08776,0.08781,0.08773,0.08779,0.08784,0.08789,0.08782,0.08788,-0.00091074,-0.00074561,-0.0009084,-0.0009084,-8.999999999999286e-05,-0.0010241238051888128
1696353600000,2023-10-03T17:20:00Z,0.08779,0.08787,0.08779,0.08786,148848,13073.62981,0.08779,0.08787,0.08779,0.08787,0.08788,0.08795,0.08788,0.08795,-0.0009084,-0.00081173,-0.00087492,-0.00087492,-9.000000000000674e-05,-0.0010233086981240108
1696353900000,2023-10-03T17:25:00Z,0.08786,0.08786,0.08781,0.08782,60857,5346.11541,0.08787,0.08787,0.08781,0.08782,0.08795,0.08795,0.0879,0.0879,-0.00087492,-0.00083026,-0.00099954,-0.00083026,-8.000000000001062e-05,-0.0009101251422071742
1696354200000,2023-10-03T17:30:00Z,0.08782,0.08791,0.08781,0.08788,388083,34102.23342,0.08782,0.08791,0.08781,0.08788,0.0879,0.08799,0.0879,0.08795,-0.00083026,-0.00077947,-0.00090521,-0.00090521,-7.000000000000062e-05,-0.0007959067652075113
1696354500000,2023-10-03T17:35:00Z,0.08788,0.08788,0.08779,0.08781,103123,9055.7257,0.08788,0.08788,0.0878,0.08782,0.08795,0.08795,0.08788,0.0879,-0.00090521,-0.00039253,-0.00045642,-0.00039253,-9.000000000000674e-05,-0.0010238907849830117
1696354800000,2023-10-03T17:40:00Z,0.08781,0.08782,0.08779,0.08779,14905,1308.66384,0.08782,0.08782,0.08779,0.0878,0.0879,0.0879,0.08787,0.08788,-0.00039253,-0.00065585,-0.00067008,-0.00067008,-8.999999999999286e-05,-0.0010241238051888128
1696355100000,2023-10-03T17:45:00Z,0.08779,0.08779,0.08775,0.08775,113556,9966.18443,0.0878,0.0878,0.08775,0.08775,0.08788,0.08788,0.08783,0.08784,-0.00067008,-0.00044468,-0.00065092,-0.00044468,-9.000000000000674e-05,-0.001024590163934503
1696355400000,2023-10-03T17:50:00Z,0.08775,0.08778,0.08773,0.08778,27066,2374.92623,0.08775,0.08778,0.08774,0.08778,0.08784,0.08787,0.08782,0.08786,-0.00044468,-0.00063296,-0.00074849,-0.00063296,-7.999999999999674e-05,-0.0009105394946505434
1696355700000,2023-10-03T17:55:00Z,0.08778,0.08778,0.08773,0.08775,18361,1611.3092,0.08778,0.08778,0.08774,0.08776,0.08786,0.08787,0.08783,0.08785,-0.00063296,-0.00082606,-0.00089334,-0.00089334,-0.00010000000000000286,-0.0011383039271485812
1696356000000,2023-10-03T18:00:00Z,0.08775,0.08779,0.08774,0.08776,52088,4571.82644,0.08776,0.08779,0.08774,0.08777,0.08785,0.08787,0.08783,0.08785,-0.00089334,-0.00077393,-0.00086036,-0.00077393,-8.999999999999286e-05,-0.0010244735344336125
1696356300000,2023-10-03T18:05:00Z,0.08776,0.08776,0.08774,0.08774,9708,851.92569,0.08777,0.08777,0.08774,0.08774,0.08785,0.08785,0.08782,0.08782,-0.00077393,-0.00068313,-0.00087817,-0.00068313,-7.999999999999674e-05,-0.0009109542245501793
1696356600000,2023-10-03T18:10:00Z,0.08774,0.08777,0.0877,0.08774,115968,10172.71778,0.08774,0.08777,0.08771,0.08774,0.08782,0.08785,0.08779,0.08782,-0.00068313,-0.00039398,-0.00077436,-0.00077436,-7.999999999999674e-05,-0.0009109542245501793
1696356900000,2023-10-03T18:15:00Z,0.08774,0.08776,0.08772,0.08776,4897,429.6636,0.08774,0.08776,0.08773,0.08776,0.08782,0.08785,0.08781,0.08785,-0.00077436,-0.00072193,-0.00077029,-0.00077029,-8.999999999999286e-05,-0.0010244735344336125
1696357200000,2023-10-03T18:20:00Z,0.08776,0.08777,0.08773,0.08776,20010,1755.9988,0.08776,0.08777,0.08774,0.08776,0.08785,0.08785,0.08783,0.08784,-0.00077029,-0.00069262,-0.00080862,-0.00069262,-7.999999999999674e-05,-0.0009107468123861196
1696357500000,2023-10-03T18:25:00Z,0.08776,0.08776,0.08772,0.08772,16124,1415.03048,0.08776,0.08778,0.08774,0.08774,0.08784,0.08786,0.08781,0.08782,-0.00069262,-0.00076058,-0.00098884,-0.00098884,-9.999999999998899e-05,-0.0011386927806876451
1696357800000,2023-10-03T18:30:00Z,0.08772,0.08773,0.08763,0.08763,75038,6579.64414,0.08774,0.08774,0.08764,0.08765,0.08782,0.08782,0.08772,0.08773,-0.00098884,-0.0007186,-0.00073626,-0.00073626,-0.00010000000000000286,-0.0011398609369657228
1696358100000,2023-10-03T18:35:00Z,0.08763,0.08764,0.08759,0.08762,137132,12013.88323,0.08765,0.08765,0.08762,0.08763,0.08773,0.08773,0.08769,0.08771,-0.00073626,-0.00070091,-0.00077494,-0.00077494,-8.999999999999286e-05,-0.0010261087675292769
1696358400000,2023-10-03T18:40:00Z,0.08762,0.08764,0.08762,0.08764,43844,3842.0549,0.08763,0.08765,0.08762,0.08765,0.08771,0.08773,0.0877,0.08773,-0.00077494,-0.00073065,-0.00073483,-0.00073065,-9.000000000000674e-05,-0.001025874843269198
1696358700000,2023-10-03T18:45:00Z,0.08764,0.08766,0.08758,0.08763,433886,38026.1325,0.08765,0.08766,0.08759,0.08763,0.08773,0.08773,0.08768,0.08771,-0.00073065,-0.00073956,-0.00090375,-0.00073956,-7.999999999999674e-05,-0.0009120966822482812
1696359000000,2023-10-03T18:50:00Z,0.08763,0.08765,0.08751,0.08752,86224,7551.21252,0.08763,0.08765,0.08752,0.08754,0.08771,0.08771,0.08758,0.08761,-0.00073956,-0.00062073,-0.00075833,-0.00075833,-8.999999999999286e-05,-0.001027279990868541
1696359300000,2023-10-03T18:55:00Z,0.08752,0.08753,0.0874,0.0874,434935,38037.72029,0.08754,0.08754,0.08741,0.08741,0.08761,0.08761,0.08749,0.08749,-0.00075833,-0.00086633,-0.00086977,-0.00086977,-8.999999999999286e-05,-0.001028688993027693
1696359600000,2023-10-03T19:00:00Z,0.0874,0.08745,0.08733,0.08745,180096,15739.02911,0.08741,0.08747,0.08734,0.08745,0.08749,0.08756,0.08743,0.08753,-0.00086977,-0.00085069,-0.00110038,-0.00085069,-7.999999999999674e-05,-0.0009139723523363046
1696359900000,2023-10-03T19:05:00Z,0.08745,0.08749,0.08743,0.08749,49134,4298.13087,0.08745,0.0875,0.08744,0.08749,0.08753,0.08759,0.08752,0.08758,-0.00085069,-0.00071511,-0.00086161,-0.00086161,-9.000000000000674e-05,-0.001027631879424603
1696360200000,2023-10-03T19:10:00Z,0.08749,0.08756,0.08747,0.08752,59878,5240.27264,0.08749,0.08756,0.08747,0.08752,0.08758,0.08764,0.08756,0.0876,-0.00086161,-0.00072971,-0.00099771,-0.00072971,-7.999999999999674e-05,-0.0009132420091323829
1696360500000,2023-10-03T19:15:00Z,0.08752,0.08759,0.08752,0.08753,47397,4149.25967,0.08752,0.08759,0.08752,0.08756,0.0876,0.08767,0.08759,0.08764,-0.00072971,-0.00073525,-0.00108498,-0.00073525,-0.00010999999999999899,-0.0012551346417161
1696360800000,2023-10-03T19:20:00Z,0.08753,0.08757,0.08753,0.08753,113700,9954.21687,0.08756,0.08757,0.08753,0.08754,0.08764,0.08764,0.08761,0.08763,-0.00073525,-0.00076298,-0.00083976,-0.00083976,-0.00010000000000000286,-0.001141161702613293
1696361100000,2023-10-03T19:25:00Z,0.08753,0.08755,0.08752,0.08755,9717,850.53276,0.08754,0.08756,0.08752,0.08756,0.08763,0.08765,0.08761,0.08765,-0.00083976,-0.00085668,-0.00097261,-0.00097261,-0.00010000000000000286,-0.0011409013120365415
1696361400000,2023-10-03T19:30:00Z,0.08755,0.08756,0.08752,0.08753,10449,914.79721,0.08756,0.08756,0.08753,0.08755,0.08765,0.08765,0.08762,0.08764,-0.00097261,-0.00074429,-0.00087732,-0.00087732,-0.00010999999999999899,-0.0012551346417161
1696361700000,2023-10-03T19:35:00Z,0.08753,0.08754,0.08744,0.08745,11295,988.3218,0.08755,0.08755,0.08744,0.08746,0.08764,0.08764,0.08752,0.08755,-0.00087732,-0.00088953,-0.00091313,-0.00088953,-0.00010000000000000286,-0.0011422044545974057
1696362000000,2023-10-03T19:40:00Z,0.08745,0.08748,0.08744,0.08747,15648,1368.46058,0.08746,0.08749,0.08744,0.08747,0.08755,0.08758,0.08752,0.08756,-0.00088953,-0.00082096,-0.00091397,-0.00082096,-8.999999999999286e-05,-0.0010278666057559715
1696362300000,2023-10-03T19:45:00Z,0.08747,0.08752,0.08745,0.08747,846883,74089.52111,0.08747,0.08752,0.08747,0.08748,0.08756,0.08759,0.08755,0.08757,-0.00082096,-0.00063838,-0.00109922,-0.00109922,-9.999999999998899e-05,-0.0011419435879866278
1696362600000,2023-10-03T19:50:00Z,0.08747,0.08748,0.08741,0.08741,21996,1923.24543,0.08748,0.08749,0.08741,0.08741,0.08757,0.08758,0.0875,0.0875,-0.00109922,-0.0007999,-0.00102307,-0.0007999,-8.999999999999286e-05,-0.001028571428571347
1696362900000,2023-10-03T19:55:00Z,0.08741,0.08741,0.08736,0.08737,20450,1787.13049,0.08741,0.08741,0.08737,0.08739,0.0875,0.0875,0.08746,0.08748,-0.0007999,-0.00071307,-0.00111009,-0.00071307,-0.00010999999999999899,-0.0012574302697759372
1696363200000,2023-10-03T20:00:00Z,0.08737,0.08743,0.08737,0.08737,29853,2609.32215,0.08739,0.08743,0.08739,0.08739,0.08748,0.08752,0.08747,0.08748,-0.00071307,-0.00097143,-0.00105486,-0.00097143,-0.00010999999999999899,-0.0012574302697759372
1696363500000,2023-10-03T20:05:00Z,0.08737,0.0874,0.08727,0.0874,388555,33926.67266,0.08739,0.0874,0.08727,0.0874,0.08748,0.08749,0.08737,0.08748,-0.00097143,-0.00062707,-0.00074871,-0.00062707,-7.999999999999674e-05,-0.0009144947416551982
1696363800000,2023-10-03T20:10:00Z,0.0874,0.0875,0.0874,0.0875,81011,7084.68999,0.0874,0.0875,0.0874,0.0875,0.08748,0.08757,0.08748,0.08756,-0.00062707,-0.00035046,-0.00055271,-0.00055271,-6.0000000000004494e-05,-0.00068524440383742
1696364100000,2023-10-03T20:15:00Z,0.0875,0.08756,0.08747,0.08747,513293,44911.20955,0.0875,0.08756,0.08748,0.08752,0.08756,0.08759,0.08755,0.08759,-0.00055271,-0.00064322,-0.00067884,-0.00064322,-0.00011999999999999511,-0.0013700194086082329
1696364400000,2023-10-03T20:20:00Z,0.08747,0.08756,0.08747,0.08756,25470,2229.2963,0.08752,0.08757,0.08749,0.08757,0.08759,0.08765,0.08757,0.08765,-0.00064322,-0.000721,-0.00079002,-0.000721,-9.000000000000674e-05,-0.0010268111808329349
1696364700000,2023-10-03T20:25:00Z,0.08756,0.08758,0.08754,0.08755,37201,3257.42118,0.08757,0.08758,0.08754,0.08756,0.08765,0.08766,0.08762,0.08764,-0.000721,-0.00051203,-0.00077188,-0.00077188,-8.999999999999286e-05,-0.0010269283432221916
1696365000000,2023-10-03T20:30:00Z,0.08755,0.08759,0.08754,0.08757,51156,4479.72012,0.08756,0.08759,0.08754,0.08757,0.08764,0.08766,0.0876,0.08762,-0.00077188,-0.00057507,-0.00068028,-0.00068028,-5.000000000000837e-05,-0.0005706459712395386
1696365300000,2023-10-03T20:35:00Z,0.08757,0.08757,0.08744,0.08744,45823,4009.08871,0.08757,0.08757,0.08744,0.08744,0.08762,0.08763,0.0875,0.08751,-0.00068028,-0.00057142,-0.00073409,-0.00057142,-7.000000000000062e-05,-0.000799908581876364
1696365600000,2023-10-03T20:40:00Z,0.08744,0.08748,0.08744,0.08744,48113,4208.40381,0.08744,0.08748,0.08744,0.08745,0.08751,0.08754,0.08751,0.08752,-0.00057142,-0.00043436,-0.00052918,-0.00043436,-7.999999999999674e-05,-0.0009140767824496885
1696365900000,2023-10-03T20:45:00Z,0.08744,0.08747,0.08741,0.08741,313730,27433.21115,0.08745,0.08747,0.08742,0.08742,0.08752,0.08753,0.08749,0.08749,-0.00043436,-0.00065154,-0.00066034,-0.00065154,-7.999999999999674e-05,-0.0009143902160246512
1696366200000,2023-10-03T20:50:00Z,0.08741,0.08742,0.08733,0.08737,257450,22504.10142,0.08742,0.08744,0.08735,0.08739,0.08749,0.08751,0.08742,0.08748,-0.00065154,-0.00065336,-0.00102686,-0.00102686,-0.00010999999999999899,-0.0012574302697759372
1696366500000,2023-10-03T20:55:00Z,0.08737,0.08744,0.08737,0.08744,63816,5579.08207,0.08739,0.08745,0.08739,0.08745,0.08748,0.08755,0.08748,0.08755,-0.00102686,-0.00086013,-0.00102399,-0.00102399,-0.00010999999999999899,-0.0012564249000570986
1696366800000,2023-10-03T21:00:00Z,0.08744,0.08748,0.08744,0.08744,190806,16690.55907,0.08745,0.08748,0.08744,0.08745,0.08755,0.08755,0.08753,0.08754,-0.00102399,-0.00097989,-0.00098172,-0.00098172,-0.00010000000000000286,-0.0011423349326022715
1696367100000,2023-10-03T21:05:00Z,0.08744,0.08745,0.08741,0.08745,169734,14839.27917,0.08745,0.08746,0.08741,0.08745,0.08754,0.08755,0.0875,0.08754,-0.00098172,-0.00076576,-0.00084036,-0.00076576,-9.000000000000674e-05,-0.001028101439342092
1696367400000,2023-10-03T21:10:00Z,0.08745,0.08745,0.08739,0.08739,25656,2243.13054,0.08745,0.08746,0.08739,0.0874,0.08754,0.08755,0.08748,0.08749,-0.00076576,-0.00084721,-0.00089384,-0.00089384,-0.00010000000000000286,-0.0011429877700308935
1696367700000,2023-10-03T21:15:00Z,0.08739,0.08745,0.08738,0.08738,29853,2609.59315,0.0874,0.08745,0.08738,0.0874,0.08749,0.08752,0.08747,0.08749,-0.00089384,-0.00062477,-0.00074285,-0.00062477,-0.00010999999999999899,-0.0012572865470339351
1696368000000,2023-10-03T21:20:00Z,0.08738,0.08743,0.08738,0.0874,3855,336.91649,0.0874,0.08743,0.08739,0.08741,0.08749,0.0875,0.08748,0.0875,-0.00062477,-0.00078662,-0.00078662,-0.00078662,-9.999999999998899e-05,-0.001142857142857017
1696368300000,2023-10-03T21:25:00Z,0.0874,0.08746,0.0874,0.08741,19636,1716.58892,0.08741,0.08746,0.0874,0.08741,0.0875,0.08754,0.08749,0.08751,-0.00078662,-0.0006854,-0.00088403,-0.00088403,-0.00010000000000000286,-0.0011427265455376855
1696368600000,2023-10-03T21:30:00Z,0.08741,0.08741,0.08733,0.08733,29527,2579.8104,0.08741,0.08742,0.08733,0.08733,0.08751,0.08752,0.08742,0.08743,-0.00088403,-0.00081789,-0.00092302,-0.00081789,-9.999999999998899e-05,-0.0011437721605854854
1696368900000,2023-10-03T21:35:00Z,0.08733,0.08733,0.08733,0.08733,3706,323.64498,0.08733,0.08734,0.08733,0.08733,0.08743,0.08743,0.08741,0.08742,-0.00081789,-0.00074879,-0.00083081,-0.00074879,-8.999999999999286e-05,-0.0010295126973231853
1696369200000,2023-10-03T21:40:00Z,0.08733,0.08734,0.08732,0.08734,85804,7493.65327,0.08733,0.08734,0.08732,0.08734,0.08742,0.08743,0.08741,0.08742,-0.00074879,-0.00084957,-0.00085093,-0.00085093,-7.999999999999674e-05,-0.0009151223976206445
1696369500000,2023-10-03T21:45:00Z,0.08734,0.08734,0.08731,0.08731,10479,914.99375,0.08734,0.08734,0.08732,0.08733,0.08742,0.08744,0.08741,0.08743,-0.00085093,-0.0011169,-0.001128,-0.001128,-0.00011999999999999511,-0.0013725265927026777
1696369800000,2023-10-03T21:50:00Z,0.08731,0.08736,0.08731,0.08736,88846,7758.1237,0.08733,0.08736,0.08732,0.08736,0.08743,0.08747,0.08743,0.08747,-0.001128,-0.00078424,-0.00085319,-0.00078424,-0.00011000000000001287,-0.0012575740253802773
1696370100000,2023-10-03T21:55:00Z,0.08736,0.08745,0.08736,0.08743,205969,18005.54973,0.08736,0.08745,0.08736,0.08743,0.08747,0.08752,0.08747,0.08751,-0.00078424,-0.00073431,-0.00099542,-0.00099542,-8.000000000001062e-05,-0.0009141812364302436
1696370400000,2023-10-03T22:00:00Z,0.08743,0.08743,0.08734,0.08734,13491,1178.74894,0.08743,0.08743,0.08734,0.08735,0.08751,0.08751,0.08743,0.08744,-0.00099542,-0.00052367,-0.00072529,-0.00052367,-0.00010000000000000286,-0.0011436413540713958
1696370700000,2023-10-03T22:05:00Z,0.08734,0.08743,0.08734,0.08738,118681,10374.20103,0.08735,0.08743,0.08734,0.08738,0.08744,0.08746,0.08743,0.08746,-0.00052367,-0.00024857,-0.00034575,-0.00034575,-7.999999999999674e-05,-0.0009147038646237909
1696371000000,2023-10-03T22:10:00Z,0.08738,0.08739,0.08737,0.08739,5414,473.0606,0.08738,0.08741,0.08737,0.08741,0.08746,0.08749,0.08743,0.08749,-0.00034575,-0.00020912,-0.00039661,-0.00039661,-0.00010000000000000286,-0.0011429877700308935
1696371300000,2023-10-03T22:15:00Z,0.08739,0.08739,0.08737,0.08739,6956,607.86382,0.08741,0.08741,0.08737,0.0874,0.08749,0.0875,0.08746,0.08749,-0.00039661,-0.00039791,-0.00092399,-0.00039791,-0.00010000000000000286,-0.0011429877700308935
1696371600000,2023-10-03T22:20:00Z,0.08739,0.08739,0.08739,0.08739,19447,1699.47333,0.0874,0.08741,0.08739,0.0874,0.08749,0.0875,0.08748,0.08749,-0.00039791,-0.00071265,-0.00071265,-0.00071265,-0.00010000000000000286,-0.0011429877700308935
1696371900000,2023-10-03T22:25:00Z,0.08739,0.08793,0.08738,0.08778,1116240,97980.53714,0.0874,0.08792,0.08739,0.08782,0.08749,0.08801,0.08748,0.08791,-0.00071265,-0.00082077,-0.00085235,-0.00082077,-0.0001300000000000051,-0.0014787851211466854
1696372200000,2023-10-03T22:30:00Z,0.08778,0.08895,0.08778,0.08892,3092182,273422.97522,0.08782,0.08896,0.08781,0.08895,0.08791,0.08908,0.08791,0.08907,-0.00082077,-0.0010606,-0.00116644,-0.00116644,-0.00014999999999999736,-0.0016840687100033386
1696372500000,2023-10-03T22:35:00Z,0.08892,0.08918,0.08869,0.08874,2639103,234776.03973,0.08895,0.08915,0.08873,0.08874,0.08907,0.08928,0.08889,0.08893,-0.00116644,-0.00207478,-0.0020759,-0.00207478,-0.00018999999999999573,-0.002136511863263193
1696372800000,2023-10-03T22:40:00Z,0.08874,0.08928,0.08871,0.08928,2265748,201735.73107,0.08874,0.08928,0.08873,0.08928,0.08893,0.08945,0.08892,0.08945,-0.00207478,-0.00183155,-0.00229477,-0.00183155,-0.00017000000000000348,-0.0019005030743432475
1696373100000,2023-10-03T22:45:00Z,0.08928,0.08945,0.08906,0.08922,1477725,131845.00331,0.08928,0.08945,0.08913,0.08924,0.08945,0.08965,0.08932,0.08945,-0.00183155,-0.00167654,-0.00210136,-0.00210136,-0.00023000000000000798,-0.0025712688652879596
1696373400000,2023-10-03T22:50:00Z,0.08922,0.08949,0.08912,0.08939,810900,72424.58423,0.08924,0.0895,0.08913,0.08939,0.08945,0.08973,0.08935,0.08963,-0.00210136,-0.00228765,-0.0023013,-0.0023013,-0.0002400000000000041,-0.002677674885641014
1696373700000,2023-10-03T22:55:00Z,0.08939,0.09065,0.08939,0.09053,4279408,385346.51593,0.08939,0.09063,0.08939,0.09055,0.08963,0.09088,0.08963,0.09081,-0.0023013,-0.00265656,-0.00266129,-0.00265656,-0.00028000000000000247,-0.003083360863341069
1696374000000,2023-10-03T23:00:00Z,0.09053,0.09088,0.09024,0.09073,4014621,363685.75562,0.09055,0.09084,0.09033,0.09073,0.09081,0.09106,0.09059,0.09093,-0.00265656,-0.00254112,-0.00271773,-0.00254112,-0.00019999999999999185,-0.002199494116353149
1696374300000,2023-10-03T23:05:00Z,0.09073,0.09073,0.09036,0.09052,1040955,94249.54646,0.09073,0.09073,0.09039,0.09052,0.09093,0.09093,0.09061,0.0907,-0.00254112,-0.0016743,-0.00206129,-0.00206129,-0.0001799999999999996,-0.001984564498346192
1696374600000,2023-10-03T23:10:00Z,0.09052,0.09052,0.09035,0.09036,1051109,95039.07413,0.09052,0.09052,0.09035,0.09038,0.0907,0.0907,0.09055,0.09058,-0.00206129,-0.00165989,-0.00195322,-0.00195322,-0.00021999999999999797,-0.0024287922278648484
1696374900000,2023-10-03T23:15:00Z,0.09036,0.09074,0.09035,0.09038,1116919,101162.7329,0.09038,0.09074,0.09036,0.09042,0.09058,0.09092,0.09056,0.09062,-0.00195322,-0.00198547,-0.00221593,-0.00221593,-0.0002400000000000041,-0.002648421981902495
1696375200000,2023-10-03T23:20:00Z,0.09038,0.09056,0.09035,0.09047,518926,46927.5556,0.09042,0.09059,0.09037,0.09048,0.09062,0.09079,0.09059,0.0907,-0.00221593,-0.002355,-0.00241005,-0.002355,-0.00023000000000000798,-0.0025358324145535608
1696375500000,2023-10-03T23:25:00Z,0.09047,0.09054,0.09039,0.0904,299271,27065.67582,0.09048,0.09054,0.09041,0.09043,0.0907,0.09077,0.09065,0.09067,-0.002355,-0.00204258,-0.00250645,-0.00250645,-0.00027000000000000635,-0.0029778316973641376
1696375800000,2023-10-03T23:30:00Z,0.0904,0.09062,0.09036,0.09036,496054,44907.29969,0.09043,0.09062,0.09038,0.09038,0.09067,0.09084,0.09062,0.09062,-0.00250645,-0.00250033,-0.00254352,-0.00250033,-0.0002600000000000102,-0.0028691238137277665
1696376100000,2023-10-03T23:35:00Z,0.09036,0.09054,0.09025,0.09043,567862,51311.0554,0.09038,0.09054,0.09034,0.09043,0.09062,0.09077,0.09059,0.09065,-0.00250033,-0.00239199,-0.00264445,-0.00239199,-0.00021999999999999797,-0.0024269167126309762
1696376400000,2023-10-03T23:40:00Z,0.09043,0.0906,0.09041,0.09043,997973,90321.65009,0.09043,0.0906,0.09042,0.09044,0.09065,0.09074,0.09063,0.09064,-0.00239199,-0.00195255,-0.00222506,-0.00222506,-0.00021000000000000185,-0.002316857899382192
1696376700000,2023-10-03T23:45:00Z,0.09043,0.09052,0.09043,0.09047,158794,14370.41184,0.09044,0.09053,0.09044,0.09047,0.09064,0.09073,0.09064,0.09064,-0.00222506,-0.00193439,-0.00194519,-0.00194519,-0.00017000000000000348,-0.0018755516328332247
1696377000000,2023-10-03T23:50:00Z,0.09047,0.09081,0.09045,0.09058,932660,84538.90839,0.09047,0.09081,0.09046,0.0906,0.09064,0.09093,0.09063,0.09077,-0.00194519,-0.00162065,-0.00173879,-0.00173879,-0.0001900000000000096,-0.002093202599978072
1696377300000,2023-10-03T23:55:00Z,0.09058,0.09082,0.09034,0.09053,3002537,272181.16392,0.0906,0.09082,0.09049,0.09055,0.09077,0.09096,0.09064,0.0907,-0.00173879,-0.00110085,-0.00113021,-0.00110085,-0.00017000000000000348,-0.0018743109151047792
1696377600000,2023-10-04T00:00:00Z,0.09053,0.09057,0.08992,0.08996,7527504,679381.84476,0.09055,0.09058,0.08996,0.08998,0.0907,0.09076,0.09018,0.09019,-0.00110085,-0.0023437,-0.00266865,-0.0023437,-0.00023000000000000798,-0.0025501718594080048
1696377900000,2023-10-04T00:05:00Z,0.08996,0.09015,0.08981,0.09009,2974084,267669.84537,0.08998,0.09015,0.08982,0.09009,0.09019,0.09032,0.09005,0.09028,-0.0023437,-0.00172177,-0.00180077,-0.00172177,-0.00018999999999999573,-0.0021045635799733686
1696378200000,2023-10-04T00:10:00Z,0.09009,0.09014,0.08988,0.09003,790398,71131.01057,0.09009,0.09014,0.08992,0.09003,0.09028,0.09031,0.0901,0.09023,-0.00172177,-0.00188637,-0.00206381,-0.00206381,-0.00020000000000000573,-0.0022165576859138393
1696378500000,2023-10-04T00:15:00Z,0.09003,0.09008,0.08973,0.08978,430661,38725.49558,0.09003,0.09008,0.08975,0.08978,0.09023,0.09024,0.08994,0.08996,-0.00206381,-0.0019742,-0.0019881,-0.0019742,-0.0001799999999999996,-0.0020008892841262738
1696378800000,2023-10-04T00:20:00Z,0.08978,0.08979,0.0896,0.08963,210128,18844.10671,0.08978,0.08979,0.08961,0.08964,0.08996,0.08998,0.0898,0.08983,-0.0019742,-0.00184355,-0.0019524,-0.00184355,-0.00019999999999999185,-0.002226427696760457
1696379100000,2023-10-04T00:25:00Z,0.08963,0.08971,0.08958,0.08961,190881,17110.91576,0.08964,0.08971,0.08959,0.08961,0.08983,0.0899,0.08976,0.0898,-0.00184355,-0.00200389,-0.00211392,-0.00200389,-0.0001900000000000096,-0.002115812917594762
1696379400000,2023-10-04T00:30:00Z,0.08961,0.0897,0.08922,0.08962,2351953,210421.52504,0.08961,0.0897,0.08928,0.08962,0.0898,0.08981,0.08947,0.08977,-0.00200389,-0.00114392,-0.00153368,-0.00114392,-0.00014999999999999736,-0.0016709368385874719
1696379700000,2023-10-04T00:35:00Z,0.08962,0.08962,0.08942,0.08944,393361,35211.30801,0.08962,0.08962,0.08945,0.08945,0.08977,0.08977,0.0896,0.08963,-0.00114392,-0.00159088,-0.0016186,-0.00159088,-0.00018999999999999573,-0.0021198259511323856
1696380000000,2023-10-04T00:40:00Z,0.08944,0.08949,0.08915,0.08917,1926878,172084.71989,0.08945,0.08951,0.08915,0.08917,0.08963,0.08967,0.08929,0.08931,-0.00159088,-0.00101376,-0.00135781,-0.00101376,-0.00014000000000000123,-0.0015675736199753806
1696380300000,2023-10-04T00:45:00Z,0.08917,0.0893,0.08916,0.08927,826324,73739.28058,0.08917,0.0893,0.08916,0.08927,0.08931,0.08944,0.0893,0.0894,-0.00101376,-0.00144456,-0.00156652,-0.00144456,-0.00012999999999999123,-0.0014541387024607521
1696380600000,2023-10-04T00:50:00Z,0.08927,0.08929,0.08909,0.0891,251969,22469.44812,0.08927,0.08929,0.08912,0.08913,0.0894,0.08942,0.08926,0.08927,-0.00144456,-0.00154071,-0.00168987,-0.00154071,-0.00017000000000000348,-0.001904335162988725
1696380900000,2023-10-04T00:55:00Z,0.0891,0.08913,0.08892,0.08894,316291,28146.13481,0.08913,0.08913,0.08892,0.08894,0.08927,0.08927,0.08907,0.08907,-0.00154071,-0.00151273,-0.00187464,-0.00151273,-0.00012999999999999123,-0.0014595262153361541
1696381200000,2023-10-04T01:00:00Z,0.08894,0.08894,0.08879,0.08893,630843,56057.68891,0.08894,0.08894,0.08879,0.08893,0.08907,0.08909,0.08895,0.08906,-0.00151273,-0.00121763,-0.00150517,-0.00121763,-0.0001300000000000051,-0.0014596900965641714
1696381500000,2023-10-04T01:05:00Z,0.08893,0.08893,0.08877,0.08881,372586,33101.14099,0.08893,0.08893,0.08882,0.08883,0.08906,0.08906,0.08895,0.08896,-0.00121763,-0.00123609,-0.00133767,-0.00133767,-0.00014999999999999736,-0.001686151079136661
1696381800000,2023-10-04T01:10:00Z,0.08881,0.08889,0.08879,0.08887,80486,7152.48782,0.08883,0.08889,0.08879,0.08887,0.08896,0.089,0.08893,0.08898,-0.00133767,-0.00100078,-0.00110002,-0.00110002,-0.00010999999999999899,-0.0012362328613171386
1696382100000,2023-10-04T01:15:00Z,0.08887,0.08893,0.08872,0.08872,485664,43149.59532,0.08887,0.08893,0.08872,0.08873,0.08898,0.08902,0.08884,0.08885,-0.00110002,-0.00103015,-0.00106785,-0.00103015,-0.0001300000000000051,-0.0014631401238042218
1696382400000,2023-10-04T01:20:00Z,0.08872,0.08872,0.0886,0.08867,657338,58283.6932,0.08873,0.08875,0.08861,0.08867,0.08885,0.08887,0.08875,0.08881,-0.00103015,-0.00098738,-0.0015027,-0.00098738,-0.00014000000000000123,-0.0015763990541605814
1696382700000,2023-10-04T01:25:00Z,0.08867,0.08889,0.08867,0.08889,306918,27247.1389,0.08867,0.08889,0.08867,0.08889,0.08881,0.089,0.08881,0.08899,-0.00098738,-0.00108329,-0.0013619,-0.00108329,-0.00010000000000000286,-0.0011237217664906492
1696383000000,2023-10-04T01:30:00Z,0.08889,0.08896,0.08872,0.08872,611245,54319.77369,0.08889,0.08896,0.08873,0.08873,0.08899,0.08906,0.08885,0.08885,-0.00108329,-0.00104983,-0.00113505,-0.00113505,-0.0001300000000000051,-0.0014631401238042218
1696383300000,2023-10-04T01:35:00Z,0.08872,0.08877,0.08869,0.08874,96246,8541.29518,0.08873,0.08877,0.08869,0.08874,0.08885,0.08887,0.08878,0.08883,-0.00113505,-0.00075444,-0.00100382,-0.00100382,-9.000000000000674e-05,-0.0010131712259372591
1696383600000,2023-10-04T01:40:00Z,0.08874,0.08877,0.08863,0.08872,102108,9058.48709,0.08874,0.08877,0.08863,0.08872,0.08883,0.08886,0.08873,0.08883,-0.00100382,-0.00078848,-0.0010906,-0.00078848,-0.00011000000000001287,-0.0012383203872567022
1696383900000,2023-10-04T01:45:00Z,0.08872,0.08891,0.08871,0.0889,193600,17198.05856,0.08872,0.08891,0.08872,0.08891,0.08883,0.08902,0.08882,0.08902,-0.00078848,-0.00080573,-0.00100438,-0.00080573,-0.00011999999999999511,-0.0013480116827678623
1696384200000,2023-10-04T01:50:00Z,0.0889,0.08893,0.08875,0.08882,178701,15869.56364,0.08891,0.08892,0.08879,0.08882,0.08902,0.08902,0.08889,0.08892,-0.00080573,-0.00100944,-0.00118173,-0.00118173,-0.00010000000000000286,-0.0011246063877643148
1696384500000,2023-10-04T01:55:00Z,0.08882,0.08882,0.08875,0.08877,26598,2361.25679,0.08882,0.08882,0.08876,0.08877,0.08892,0.08892,0.08888,0.08888,-0.00118173,-0.00109345,-0.00141021,-0.00141021,-0.00010999999999999899,-0.0012376237623762261
1696384800000,2023-10-04T02:00:00Z,0.08877,0.08901,0.08876,0.08898,451808,40154.35407,0.08877,0.08901,0.08876,0.089,0.08888,0.08911,0.08887,0.08911,-0.00141021,-0.00084688,-0.00121989,-0.00121989,-0.00012999999999999123,-0.0014588710582425233
1696385100000,2023-10-04T02:05:00Z,0.08898,0.08904,0.0889,0.08901,201116,17897.79945,0.089,0.08904,0.08891,0.08901,0.08911,0.08915,0.08902,0.08909,-0.00121989,-0.00101234,-0.00124017,-0.00101234,-7.999999999999674e-05,-0.0008979683466157452
1696385400000,2023-10-04T02:10:00Z,0.08901,0.08901,0.08893,0.08893,134770,11990.23307,0.08901,0.08901,0.08893,0.08894,0.08909,0.08911,0.08902,0.08904,-0.00101234,-0.00086131,-0.00096799,-0.00096799,-0.00010999999999999899,-0.0012353998203054695
1696385700000,2023-10-04T02:15:00Z,0.08893,0.08905,0.08893,0.08899,188935,16818.35033,0.08894,0.08905,0.08894,0.08899,0.08904,0.08912,0.08902,0.08908,-0.00096799,-0.00089806,-0.00097665,-0.00089806,-9.000000000000674e-05,-0.001010327795240309
1696386000000,2023-10-04T02:20:00Z,0.08899,0.08912,0.08899,0.08912,567681,50569.51866,0.08899,0.08914,0.08899,0.08914,0.08908,0.08923,0.08908,0.08923,-0.00089806,-0.00067279,-0.00088477,-0.00067279,-0.00010999999999999899,-0.0012327692480107472
1696386300000,2023-10-04T02:25:00Z,0.08912,0.08924,0.08912,0.08919,257035,22924.88728,0.08914,0.08925,0.08912,0.08919,0.08923,0.08933,0.0892,0.08925,-0.00067279,-0.00074429,-0.00089555,-0.00089555,-5.9999999999990616e-05,-0.0006722689075629201
1696386600000,2023-10-04T02:30:00Z,0.08919,0.08921,0.08915,0.08919,42744,3812.12428,0.08919,0.08922,0.08917,0.08922,0.08925,0.08931,0.08925,0.08931,-0.00089555,-0.00078288,-0.00100806,-0.00100806,-0.00011999999999999511,-0.0013436345314074025
1696386900000,2023-10-04T02:35:00Z,0.08919,0.08927,0.08916,0.08922,219245,19561.52603,0.08922,0.08927,0.08917,0.08922,0.08931,0.08937,0.08925,0.08932,-0.00100806,-0.000944,-0.00107121,-0.00107121,-0.00010000000000000286,-0.0011195700850873587
1696387200000,2023-10-04T02:40:00Z,0.08922,0.08925,0.08902,0.08902,153013,13641.64186,0.08922,0.08925,0.08902,0.08902,0.08932,0.08934,0.08911,0.08911,-0.00107121,-0.00089726,-0.00100976,-0.00100976,-8.999999999999286e-05,-0.0010099876557063503
1696387500000,2023-10-04T02:45:00Z,0.08902,0.08903,0.08897,0.08897,94368,8399.08719,0.08902,0.08903,0.08897,0.08897,0.08911,0.08912,0.08905,0.08906,-0.00100976,-0.00084652,-0.00089816,-0.00089816,-9.000000000000674e-05,-0.00101055468223677
1696387800000,2023-10-04T02:50:00Z,0.08897,0.08907,0.08896,0.08907,17378,1546.36782,0.08897,0.08909,0.08896,0.08909,0.08906,0.08918,0.08904,0.08918,-0.00089816,-0.00054928,-0.00094358,-0.00094358,-0.00010999999999999899,-0.0012334604171338752
1696388100000,2023-10-04T02:55:00Z,0.08907,0.0892,0.08907,0.08912,230755,20571.49031,0.08909,0.0892,0.08908,0.08912,0.08918,0.08929,0.08918,0.0892,-0.00094358,-0.00089676,-0.00092735,-0.00092735,-7.999999999999674e-05,-0.0008968609865470487
1696388400000,2023-10-04T03:00:00Z,0.08912,0.08917,0.08902,0.08902,94330,8405.449,0.08912,0.08917,0.08902,0.08902,0.0892,0.08927,0.08911,0.08911,-0.00092735,-0.00088512,-0.00100953,-0.00100953,-8.999999999999286e-05,-0.0010099876557063503
1696388700000,2023-10-04T03:05:00Z,0.08902,0.08903,0.08895,0.08899,92782,8256.30575,0.08902,0.08903,0.08895,0.08899,0.08911,0.08911,0.08904,0.08909,-0.00100953,-0.00082562,-0.00116088,-0.00116088,-0.00010000000000000286,-0.0011224604332697593
1696389000000,2023-10-04T03:10:00Z,0.08899,0.08899,0.08887,0.08891,407622,36233.60592,0.08899,0.08899,0.08888,0.08891,0.08909,0.08909,0.08897,0.089,-0.00116088,-0.00077095,-0.00103528,-0.00077095,-8.999999999999286e-05,-0.0010112359550560996
1696389300000,2023-10-04T03:15:00Z,0.08891,0.08894,0.08891,0.08894,6680,593.95482,0.08891,0.08894,0.08891,0.08894,0.089,0.08903,0.08899,0.08903,-0.00077095,-0.00067981,-0.00082606,-0.00067981,-8.999999999999286e-05,-0.001010895203863786
1696389600000,2023-10-04T03:20:00Z,0.08894,0.08902,0.08894,0.08899,72680,6467.17895,0.08894,0.08902,0.08894,0.089,0.08903,0.08911,0.08903,0.0891,-0.00067981,-0.00074253,-0.00078253,-0.00074253,-0.00010999999999999899,-0.0012345679012345566
1696389900000,2023-10-04T03:25:00Z,0.08899,0.08902,0.08888,0.08888,81318,7233.77642,0.089,0.08902,0.08889,0.08889,0.0891,0.0891,0.08897,0.08898,-0.00074253,-0.00089847,-0.00107865,-0.00107865,-0.00010000000000000286,-0.0011238480557428958
1696390200000,2023-10-04T03:30:00Z,0.08888,0.08891,0.08886,0.08886,40781,3625.07257,0.08889,0.08892,0.08886,0.08886,0.08898,0.08901,0.08893,0.08894,-0.00107865,-0.00101146,-0.00103269,-0.00101146,-8.000000000001062e-05,-0.0008994827973916193
1696390500000,2023-10-04T03:35:00Z,0.08886,0.08886,0.08882,0.08885,32847,2917.83828,0.08886,0.08887,0.08882,0.08887,0.08894,0.08897,0.08891,0.08897,-0.00101146,-0.00089978,-0.00112447,-0.00112447,-0.00011999999999999511,-0.0013487692480610893
1696390800000,2023-10-04T03:40:00Z,0.08885,0.08885,0.0888,0.08881,23135,2055.28506,0.08887,0.08888,0.0888,0.08882,0.08897,0.08898,0.08891,0.08893,-0.00112447,-0.00116426,-0.00120103,-0.00116426,-0.00011999999999999511,-0.0013493759136398867
1696391100000,2023-10-04T03:45:00Z,0.08881,0.08903,0.08881,0.08903,438010,38981.24405,0.08882,0.08903,0.08881,0.08903,0.08893,0.08912,0.08892,0.08911,-0.00116426,-0.00091626,-0.00108363,-0.00091626,-7.999999999999674e-05,-0.000897766805072346
1696391400000,2023-10-04T03:50:00Z,0.08903,0.08906,0.08892,0.08902,784534,69844.29103,0.08903,0.08906,0.08892,0.08905,0.08911,0.08914,0.089,0.08914,-0.00091626,-0.00089877,-0.00106888,-0.00106888,-0.00011999999999999511,-0.0013461969934933265
1696391700000,2023-10-04T03:55:00Z,0.08902,0.08905,0.08899,0.08901,356405,31724.26961,0.08905,0.08906,0.08902,0.08903,0.08914,0.08916,0.08913,0.08915,-0.00106888,-0.00098541,-0.00098665,-0.00098541,-0.00013999999999998736,-0.0015703869882219559
1696392000000,2023-10-04T04:00:00Z,0.08901,0.08906,0.08901,0.08904,99998,8903.59051,0.08903,0.08906,0.08902,0.08904,0.08915,0.08916,0.08912,0.08916,-0.00098541,-0.0009244,-0.00113337,-0.0009244,-0.00012000000000000899,-0.0013458950201885261
1696392300000,2023-10-04T04:05:00Z,0.08904,0.08904,0.08891,0.08894,240633,21416.76623,0.08904,0.08904,0.08891,0.08894,0.08916,0.08916,0.08902,0.08906,-0.0009244,-0.00122136,-0.0012884,-0.0012884,-0.00011999999999999511,-0.0013474062429822042
1696392600000,2023-10-04T04:10:00Z,0.08894,0.08895,0.08891,0.08894,16755,1489.94009,0.08894,0.08895,0.08891,0.08895,0.08906,0.08906,0.08902,0.08905,-0.0012884,-0.00079806,-0.00095024,-0.00095024,-0.00010999999999999899,-0.0012352610892756763
1696392900000,2023-10-04T04:15:00Z,0.08894,0.08899,0.08894,0.08899,9759,868.06377,0.08895,0.089,0.08895,0.089,0.08905,0.0891,0.08905,0.0891,-0.00095024,-0.00075623,-0.00082886,-0.00075623,-0.00010999999999999899,-0.0012345679012345566
1696393200000,2023-10-04T04:20:00Z,0.08899,0.089,0.08884,0.08884,106823,9497.46494,0.089,0.089,0.08884,0.08884,0.0891,0.0891,0.08893,0.08894,-0.00075623,-0.00107157,-0.00112422,-0.00112422,-0.00010000000000000286,-0.001124353496739407
1696393500000,2023-10-04T04:25:00Z,0.08884,0.08893,0.08883,0.08892,149560,13292.0095,0.08884,0.08894,0.08884,0.08894,0.08894,0.08903,0.08893,0.08903,-0.00112422,-0.00067187,-0.00096293,-0.00096293,-0.00010999999999999899,-0.0012355385825002694
1696393800000,2023-10-04T04:30:00Z,0.08892,0.08893,0.08886,0.08887,61338,5451.55225,0.08894,0.08894,0.08886,0.08889,0.08903,0.08903,0.08896,0.08899,-0.00096293,-0.00101191,-0.00104012,-0.00101191,-0.00011999999999999511,-0.0013484661197886855
1696394100000,2023-10-04T04:35:00Z,0.08887,0.08895,0.08887,0.0889,412457,36670.33232,0.08889,0.08895,0.08888,0.08893,0.08899,0.08906,0.08899,0.08904,-0.00101191,-0.00069966,-0.00088354,-0.00088354,-0.00013999999999998736,-0.0015723270440250153
1696394400000,2023-10-04T04:40:00Z,0.0889,0.08892,0.08886,0.08889,22360,1987.23446,0.08893,0.08893,0.08886,0.08889,0.08904,0.08904,0.08897,0.08901,-0.00088354,-0.0011416,-0.00132239,-0.0011416,-0.00012000000000000899,-0.0013481631277385572
1696394700000,2023-10-04T04:45:00Z,0.08889,0.08891,0.08887,0.0889,25516,2267.91218,0.08889,0.08893,0.08887,0.0889,0.08901,0.08904,0.08899,0.08902,-0.0011416,-0.00131517,-0.00134029,-0.00134029,-0.00011999999999999511,-0.0013480116827678623
1696395000000,2023-10-04T04:50:00Z,0.0889,0.08892,0.08888,0.08892,8676,771.33523,0.0889,0.08893,0.08888,0.08892,0.08902,0.08904,0.08898,0.08903,-0.00134029,-0.00106615,-0.00108851,-0.00106615,-0.00010999999999999899,-0.0012355385825002694
1696395300000,2023-10-04T04:55:00Z,0.08892,0.08892,0.08885,0.08887,12469,1108.21382,0.08892,0.08893,0.08887,0.08888,0.08903,0.08904,0.08896,0.08899,-0.00106615,-0.00101157,-0.00107384,-0.00107384,-0.00011999999999999511,-0.0013484661197886855
1696395600000,2023-10-04T05:00:00Z,0.08887,0.08891,0.08886,0.08886,61766,5489.8002,0.08888,0.08891,0.08886,0.08886,0.08899,0.08903,0.08897,0.08897,-0.00107384,-0.00114333,-0.00132468,-0.00132468,-0.00010999999999999899,-0.0012363718107227042
1696395900000,2023-10-04T05:05:00Z,0.08886,0.08887,0.08878,0.0888,134178,11916.77357,0.08886,0.08888,0.08879,0.0888,0.08897,0.089,0.08891,0.08891,-0.00132468,-0.00122665,-0.00134937,-0.00134937,-0.00010999999999999899,-0.0012372061635361486
1696396200000,2023-10-04T05:10:00Z,0.0888,0.08886,0.0888,0.08882,164011,14570.03264,0.0888,0.08886,0.0888,0.08882,0.08891,0.08897,0.08891,0.08893,-0.00134937,-0.0009784,-0.00121486,-0.0009784,-0.00010999999999999899,-0.0012369279208366017
1696396500000,2023-10-04T05:15:00Z,0.08882,0.08882,0.08869,0.0887,395712,35116.08625,0.08882,0.08882,0.0887,0.08871,0.08893,0.08893,0.08881,0.08883,-0.0009784,-0.00112599,-0.00139723,-0.00112599,-0.0001300000000000051,-0.001463469548575989
1696396800000,2023-10-04T05:20:00Z,0.0887,0.08887,0.0887,0.08885,1047244,93022.38412,0.08871,0.08887,0.0887,0.08885,0.08883,0.08898,0.0888,0.08896,-0.00112599,-0.00089288,-0.00107607,-0.00089288,-0.00010999999999999899,-0.001236510791366895
1696397100000,2023-10-04T05:25:00Z,0.08885,0.08889,0.08883,0.08889,275320,24461.85612,0.08885,0.08889,0.08884,0.08889,0.08896,0.089,0.08895,0.08899,-0.00089288,-0.00110203,-0.00110943,-0.00110943,-0.00010000000000000286,-0.0011237217664906492
1696397400000,2023-10-04T05:30:00Z,0.08889,0.0889,0.08872,0.08876,739089,65648.86884,0.08889,0.0889,0.08873,0.08878,0.08899,0.08899,0.08882,0.08887,-0.00110943,-0.00089938,-0.00112549,-0.00112549,-0.00010999999999999899,-0.0012377630246427252
1696397700000,2023-10-04T05:35:00Z,0.08876,0.08885,0.08876,0.08884,130390,11580.8223,0.08878,0.08887,0.08877,0.08887,0.08887,0.08897,0.08886,0.08897,-0.00112549,-0.00095052,-0.00099606,-0.00099606,-0.00012999999999999123,-0.0014611666853994744
1696398000000,2023-10-04T05:40:00Z,0.08884,0.08893,0.08884,0.08891,109168,9705.41562,0.08887,0.08894,0.08886,0.08891,0.08897,0.08904,0.08896,0.08901,-0.00099606,-0.00089877,-0.00091542,-0.00091542,-0.00010000000000000286,-0.0011234692731154124
1696398300000,2023-10-04T05:45:00Z,0.08891,0.08891,0.08889,0.08889,14840,1319.37264,0.08891,0.08892,0.08889,0.08889,0.08901,0.08902,0.08897,0.08898,-0.00091542,-0.00112359,-0.00112359,-0.00112359,-9.000000000000674e-05,-0.001011463250168653
1696398600000,2023-10-04T05:50:00Z,0.08889,0.08892,0.08888,0.08892,54826,4873.5098,0.08889,0.08892,0.08889,0.08892,0.08898,0.08901,0.08896,0.08901,-0.00112359,-0.0009419,-0.00107112,-0.0009419,-9.000000000000674e-05,-0.001011122345803918
1696398900000,2023-10-04T05:55:00Z,0.08892,0.089,0.08891,0.08893,553902,49282.64125,0.08892,0.08899,0.08891,0.08894,0.08901,0.08909,0.089,0.08903,-0.0009419,-0.00081743,-0.00098539,-0.00081743,-0.00010000000000000286,-0.0011232168931821055
1696399200000,2023-10-04T06:00:00Z,0.08893,0.08908,0.08893,0.08906,311114,27695.54951,0.08894,0.08908,0.08893,0.08906,0.08903,0.08915,0.08902,0.08914,-0.00081743,-0.00046745,-0.00048933,-0.00046745,-7.999999999999674e-05,-0.0008974646623288843
1696399500000,2023-10-04T06:05:00Z,0.08906,0.08907,0.08897,0.08904,45564,4056.58455,0.08906,0.08907,0.08897,0.08904,0.08914,0.08915,0.08905,0.08911,-0.00046745,-0.00080911,-0.00082362,-0.00080911,-7.000000000000062e-05,-0.0007855459544383416
1696399800000,2023-10-04T06:10:00Z,0.08904,0.08926,0.08903,0.08915,752815,67130.76772,0.08904,0.08921,0.08903,0.08914,0.08911,0.08928,0.0891,0.08921,-0.00080911,-0.0005275,-0.00054736,-0.0005275,-6.0000000000004494e-05,-0.0006725703396480719
1696400100000,2023-10-04T06:15:00Z,0.08915,0.08927,0.08914,0.08919,384421,34281.02613,0.08914,0.08928,0.08914,0.08922,0.08921,0.08935,0.08921,0.08931,-0.0005275,-0.00109567,-0.00111994,-0.00109567,-0.00011999999999999511,-0.0013436345314074025
1696400400000,2023-10-04T06:20:00Z,0.08919,0.08925,0.08918,0.08923,105379,9401.59453,0.08922,0.08926,0.08922,0.08925,0.08931,0.08935,0.08929,0.08934,-0.00109567,-0.00087404,-0.0009991,-0.0009991,-0.00010999999999999899,-0.0012312513991493059
1696400700000,2023-10-04T06:25:00Z,0.08923,0.08927,0.08913,0.08915,179786,16036.74736,0.08925,0.08927,0.08913,0.08915,0.08934,0.08936,0.08923,0.08924,-0.0009991,-0.00070604,-0.00095677,-0.00095677,-9.000000000000674e-05,-0.0010085163603765883
1696401000000,2023-10-04T06:30:00Z,0.08915,0.08918,0.08894,0.08897,585812,52167.42146,0.08915,0.08918,0.08898,0.08899,0.08924,0.08925,0.08907,0.08908,-0.00095677,-0.00089806,-0.00112157,-0.00089806,-0.00011000000000001287,-0.0012348450830715408
1696401300000,2023-10-04T06:35:00Z,0.08897,0.08912,0.08896,0.08912,260939,23228.60912,0.08899,0.08912,0.08898,0.08912,0.08908,0.08921,0.08908,0.08921,-0.00089806,-0.00053796,-0.00065829,-0.00053796,-8.999999999999286e-05,-0.0010088555094719524
1696401600000,2023-10-04T06:40:00Z,0.08912,0.08912,0.08903,0.08909,50188,4470.84328,0.08912,0.08913,0.08904,0.08909,0.08921,0.08922,0.08913,0.08918,-0.00053796,-0.00071949,-0.00098485,-0.00071949,-8.999999999999286e-05,-0.001009194886745827
1696401900000,2023-10-04T06:45:00Z,0.08909,0.08914,0.08892,0.08893,943548,83979.00426,0.08909,0.08915,0.08894,0.08894,0.08918,0.08924,0.08903,0.08903,-0.00071949,-0.00102489,-0.00108017,-0.00108017,-0.00010000000000000286,-0.0011232168931821055
1696402200000,2023-10-04T06:50:00Z,0.08893,0.08896,0.08887,0.0889,1162529,103357.34275,0.08894,0.08896,0.08887,0.0889,0.08903,0.08903,0.08897,0.08898,-0.00108017,-0.00088981,-0.00114178,-0.00114178,-7.999999999999674e-05,-0.0008990784445942542
1696402500000,2023-10-04T06:55:00Z,0.0889,0.08896,0.08879,0.08892,409752,36416.09215,0.0889,0.08896,0.0888,0.08892,0.08898,0.08902,0.0889,0.089,-0.00114178,-0.00058465,-0.0009538,-0.00058465,-7.999999999999674e-05,-0.0008988764044943454
1696402800000,2023-10-04T07:00:00Z,0.08892,0.08896,0.08888,0.08888,37705,3352.68433,0.08892,0.08896,0.08889,0.08889,0.089,0.08902,0.08896,0.08896,-0.00058465,-0.00053843,-0.0007866,-0.0007866,-7.999999999999674e-05,-0.0008992805755395317
1696403100000,2023-10-04T07:05:00Z,0.08888,0.08898,0.08888,0.08895,120313,10699.57789,0.08889,0.08898,0.08888,0.08895,0.08896,0.08903,0.08894,0.089,-0.0007866,-0.0005435,-0.00061359,-0.00061359,-4.999999999999449e-05,-0.0005617977528089269
1696403400000,2023-10-04T07:10:00Z,0.08895,0.08904,0.08891,0.08891,139285,12395.28155,0.08895,0.08904,0.08892,0.08892,0.089,0.08911,0.08898,0.08898,-0.00061359,-0.00047398,-0.00056186,-0.00056186,-7.000000000000062e-05,-0.0007866936390200114
1696403700000,2023-10-04T07:15:00Z,0.08891,0.08891,0.0888,0.08882,541856,48140.28076,0.08892,0.08892,0.08881,0.08883,0.08898,0.08898,0.08886,0.08889,-0.00056186,-0.00042563,-0.00042794,-0.00042563,-7.000000000000062e-05,-0.0007874901563730523
1696404000000,2023-10-04T07:20:00Z,0.08882,0.08885,0.0888,0.08881,150840,13398.51432,0.08883,0.08886,0.08881,0.08881,0.08889,0.08892,0.08887,0.08887,-0.00042563,-0.00044999,-0.00048194,-0.00044999,-6.0000000000004494e-05,-0.0006751434679869978
1696404300000,2023-10-04T07:25:00Z,0.08881,0.08894,0.08881,0.08893,69644,6189.25643,0.08881,0.08897,0.08881,0.08896,0.08887,0.08902,0.08887,0.08902,-0.00044999,-0.00056942,-0.00070444,-0.00070444,-9.000000000000674e-05,-0.0010110087620760137
1696404600000,2023-10-04T07:30:00Z,0.08893,0.08896,0.08887,0.08887,66534,5918.0965,0.08896,0.08898,0.08887,0.08887,0.08902,0.08904,0.08894,0.08894,-0.00070444,-0.0008947,-0.00098876,-0.00098876,-7.000000000000062e-05,-0.0007870474477175693
1696404900000,2023-10-04T07:35:00Z,0.08887,0.08941,0.08885,0.08904,2004611,178822.34626,0.08887,0.08931,0.08885,0.08905,0.08894,0.08939,0.08893,0.08912,-0.00098876,-0.00011658,-0.00058445,-0.00011658,-8.000000000001062e-05,-0.0008976660682227403
1696405200000,2023-10-04T07:40:00Z,0.08904,0.08936,0.08904,0.08928,498402,44501.20602,0.08905,0.08932,0.08904,0.08928,0.08912,0.08935,0.08911,0.08931,-0.00011658,-0.00022067,-0.00039789,-0.00022067,-3.0000000000002247e-05,-0.00033590863285188943
1696405500000,2023-10-04T07:45:00Z,0.08928,0.08941,0.0892,0.08934,362036,32342.95707,0.08928,0.08941,0.0892,0.08935,0.08931,0.08946,0.08925,0.08941,-0.00022067,-0.00043515,-0.00049765,-0.00049765,-7.000000000000062e-05,-0.0007829101890168954
1696405800000,2023-10-04T07:50:00Z,0.08934,0.08944,0.08932,0.08935,212591,19001.05016,0.08935,0.08944,0.08932,0.08936,0.08941,0.0895,0.08937,0.08941,-0.00049765,-0.00016528,-0.00043462,-0.00043462,-6.0000000000004494e-05,-0.0006710658763002404
1696406100000,2023-10-04T07:55:00Z,0.08935,0.08941,0.08931,0.08933,95415,8526.60063,0.08936,0.08943,0.08931,0.08937,0.08941,0.08948,0.08936,0.08942,-0.00043462,-0.00010975,-0.00044757,-0.00010975,-8.999999999999286e-05,-0.0010064862446879095
1696406400000,2023-10-04T08:00:00Z,0.08933,0.08949,0.08929,0.08943,360528,32226.36407,0.08937,0.08949,0.08931,0.08943,0.08942,0.08954,0.08936,0.0895,-0.00010975,-0.00024879,-0.00051296,-0.00051296,-7.000000000000062e-05,-0.0007821229050279399
1696406700000,2023-10-04T08:05:00Z,0.08943,0.08944,0.08933,0.08933,280845,25102.3247,0.08943,0.08944,0.08933,0.08933,0.0895,0.0895,0.08939,0.08939,-0.00051296,-0.00042962,-0.00054859,-0.00042962,-5.9999999999990616e-05,-0.0006712160196888983
1696407000000,2023-10-04T08:10:00Z,0.08933,0.08933,0.0891,0.08911,386476,34476.01655,0.08933,0.08933,0.08912,0.08912,0.08939,0.08939,0.0892,0.0892,-0.00042962,-0.00067234,-0.00096323,-0.00096323,-9.000000000000674e-05,-0.0010089686098655464
1696407300000,2023-10-04T08:15:00Z,0.08911,0.08912,0.08903,0.08903,131154,11681.22757,0.08912,0.08913,0.08903,0.08903,0.0892,0.08921,0.08909,0.0891,-0.00096323,-0.00060529,-0.00067272,-0.00060529,-7.000000000000062e-05,-0.0007856341189674593
1696407600000,2023-10-04T08:20:00Z,0.08903,0.08909,0.089,0.08905,231380,20606.3338,0.08903,0.08909,0.089,0.08908,0.0891,0.08915,0.08906,0.08915,-0.00060529,-0.00059997,-0.00081817,-0.00081817,-9.999999999998899e-05,-0.0011217049915870892
1696407900000,2023-10-04T08:25:00Z,0.08905,0.0891,0.08902,0.08909,86731,7723.89904,0.08908,0.08912,0.08902,0.0891,0.08915,0.08919,0.08909,0.08918,-0.00081817,-0.00038824,-0.00077087,-0.00038824,-8.999999999999286e-05,-0.001009194886745827
1696408200000,2023-10-04T08:30:00Z,0.08909,0.08909,0.08897,0.08899,360782,32118.74456,0.0891,0.0891,0.08899,0.08899,0.08918,0.08918,0.08907,0.08908,-0.00038824,-0.00071268,-0.00095431,-0.00095431,-9.000000000000674e-05,-0.001010327795240309
1696408500000,2023-10-04T08:35:00Z,0.08899,0.08912,0.08899,0.08909,747888,66617.02921,0.08899,0.08912,0.08899,0.0891,0.08908,0.0892,0.08907,0.08919,-0.00095431,-0.00069937,-0.00109304,-0.00109304,-0.00010000000000000286,-0.001121201928467349
1696408800000,2023-10-04T08:40:00Z,0.08909,0.0892,0.08908,0.08911,295665,26348.41841,0.0891,0.0892,0.0891,0.08911,0.08919,0.08927,0.08918,0.0892,-0.00109304,-0.00084407,-0.00112107,-0.00084407,-9.000000000000674e-05,-0.0010089686098655464
1696409100000,2023-10-04T08:45:00Z,0.08911,0.08921,0.08904,0.0892,98397,8772.2744,0.08911,0.08922,0.08904,0.08919,0.0892,0.08932,0.0891,0.08927,-0.00084407,-0.00073991,-0.00099944,-0.00073991,-7.000000000000062e-05,-0.0007841380082894659
1696409400000,2023-10-04T08:50:00Z,0.0892,0.0892,0.08915,0.08917,51930,4631.33828,0.08919,0.08921,0.08915,0.08918,0.08927,0.0893,0.08924,0.08927,-0.00073991,-0.00077441,-0.00093223,-0.00093223,-0.00010000000000000286,-0.0011201971546992591
1696409700000,2023-10-04T08:55:00Z,0.08917,0.08922,0.08915,0.08915,456008,40671.01154,0.08918,0.08923,0.08916,0.08916,0.08927,0.08933,0.08925,0.08926,-0.00093223,-0.00078605,-0.00086364,-0.00086364,-0.00011000000000001287,-0.0012323549182165904
1696410000000,2023-10-04T09:00:00Z,0.08915,0.08916,0.08889,0.08895,656909,58466.37286,0.08916,0.08916,0.08891,0.08895,0.08926,0.08926,0.08899,0.08904,-0.00086364,-0.00080655,-0.00087442,-0.00080655,-8.999999999999286e-05,-0.0010107816711589495
1696410300000,2023-10-04T09:05:00Z,0.08895,0.0892,0.08894,0.08907,1063108,94712.8487,0.08895,0.0892,0.08895,0.08911,0.08904,0.08928,0.08904,0.0892,-0.00080655,-0.00061143,-0.00064611,-0.00064611,-0.0001300000000000051,-0.0014573991031390707
1696410600000,2023-10-04T09:10:00Z,0.08907,0.08918,0.08907,0.08911,48248,4300.72042,0.08911,0.08919,0.08911,0.08911,0.0892,0.08928,0.08918,0.08919,-0.00064611,-0.0003217,-0.00056026,-0.0003217,-8.000000000001062e-05,-0.0008969615427739725
1696410900000,2023-10-04T09:15:00Z,0.08911,0.08913,0.08903,0.08903,119146,10612.99603,0.08911,0.08916,0.08904,0.08905,0.08919,0.08924,0.08913,0.08914,-0.0003217,-0.00060098,-0.00107669,-0.00107669,-0.00010999999999999899,-0.0012340139107022549
1696411200000,2023-10-04T09:20:00Z,0.08903,0.08907,0.08902,0.08904,90574,8065.14048,0.08905,0.08908,0.08902,0.08905,0.08914,0.08917,0.08911,0.08914,-0.00107669,-0.0008833,-0.00098104,-0.0008833,-0.00010000000000000286,-0.001121830827911183
1696411500000,2023-10-04T09:25:00Z,0.08904,0.08906,0.08904,0.08906,4941,440.0019,0.08905,0.08907,0.08905,0.08906,0.08914,0.08916,0.08913,0.08914,-0.0008833,-0.00086302,-0.00089522,-0.00086302,-7.999999999999674e-05,-0.0008974646623288843
1696411800000,2023-10-04T09:30:00Z,0.08906,0.08906,0.08903,0.08903,15971,1422.21111,0.08906,0.08907,0.08904,0.08905,0.08914,0.08915,0.08911,0.08913,-0.00086302,-0.00055246,-0.00088905,-0.00088905,-0.00010000000000000286,-0.0011219566924717027
1696412100000,2023-10-04T09:35:00Z,0.08903,0.08912,0.08903,0.08912,49252,4386.38674,0.08905,0.08914,0.08903,0.08914,0.08913,0.08922,0.0891,0.08922,-0.00088905,-0.00066352,-0.00089676,-0.00089676,-9.999999999998899e-05,-0.0011208249271462563
1696412400000,2023-10-04T09:40:00Z,0.08912,0.08915,0.0891,0.08911,64216,5723.11336,0.08914,0.08916,0.0891,0.08911,0.08922,0.08924,0.08919,0.08919,-0.00089676,-0.00071588,-0.00078561,-0.00071588,-8.000000000001062e-05,-0.0008969615427739725
1696412700000,2023-10-04T09:45:00Z,0.08911,0.0892,0.08911,0.0892,23777,2120.44437,0.08911,0.0892,0.08911,0.0892,0.08919,0.08927,0.08918,0.08927,-0.00071588,-0.00054845,-0.00063985,-0.00054845,-7.000000000000062e-05,-0.0007841380082894659
1696413000000,2023-10-04T09:50:00Z,0.0892,0.0892,0.08909,0.08916,85758,7644.44266,0.0892,0.08921,0.08909,0.08919,0.08927,0.08929,0.08916,0.08927,-0.00054845,-0.00055183,-0.00087903,-0.00087903,-0.00010999999999999899,-0.0012322168701691383
1696413300000,2023-10-04T09:55:00Z,0.08916,0.0892,0.08908,0.08917,41440,3693.82644,0.08919,0.0892,0.08909,0.08917,0.08927,0.08928,0.08917,0.08922,-0.00087903,-0.0004544,-0.00077911,-0.0004544,-4.999999999999449e-05,-0.0005604124635731282
1696413600000,2023-10-04T10:00:00Z,0.08917,0.0892,0.08906,0.08908,513192,45741.95166,0.08917,0.08921,0.08906,0.08908,0.08922,0.08928,0.08913,0.08916,-0.0004544,-0.00085081,-0.00089736,-0.00089736,-7.999999999999674e-05,-0.000897263346792247
1696413900000,2023-10-04T10:05:00Z,0.08908,0.08911,0.08908,0.08909,42339,3772.29603,0.08908,0.08912,0.08908,0.0891,0.08916,0.0892,0.08915,0.08918,-0.00089736,-0.00041107,-0.00045283,-0.00041107,-8.999999999999286e-05,-0.001009194886745827
1696414200000,2023-10-04T10:10:00Z,0.08909,0.08912,0.08905,0.08911,71463,6365.58625,0.0891,0.08912,0.08905,0.08912,0.08918,0.08919,0.08912,0.08919,-0.00041107,-0.00053408,-0.00078205,-0.00053408,-8.000000000001062e-05,-0.0008969615427739725
1696414500000,2023-10-04T10:15:00Z,0.08911,0.08911,0.08901,0.08901,116885,10407.85084,0.08912,0.08913,0.08901,0.08901,0.08919,0.0892,0.08905,0.08906,-0.00053408,-0.00073283,-0.00078812,-0.00078812,-4.999999999999449e-05,-0.0005614192679092128
1696414800000,2023-10-04T10:20:00Z,0.08901,0.08902,0.08899,0.08899,42163,3752.63881,0.08901,0.08903,0.08899,0.089,0.08906,0.0891,0.08905,0.08907,-0.00078812,-0.00078589,-0.00078589,-0.00078589,-7.999999999999674e-05,-0.0008981699786684264
1696415100000,2023-10-04T10:25:00Z,0.08899,0.089,0.08894,0.08895,156338,13909.92308,0.089,0.08901,0.08895,0.08898,0.08907,0.08908,0.08903,0.08907,-0.00078589,-0.00086028,-0.00086219,-0.00086219,-0.00011999999999999511,-0.0013472549680026396
1696415400000,2023-10-04T10:30:00Z,0.08895,0.08919,0.08895,0.08908,587068,52295.25074,0.08898,0.08914,0.08898,0.08908,0.08907,0.08923,0.08907,0.08916,-0.00086219,-0.00059598,-0.00100942,-0.00059598,-7.999999999999674e-05,-0.000897263346792247
1696415700000,2023-10-04T10:35:00Z,0.08908,0.08909,0.08905,0.08905,34163,3043.15933,0.08908,0.08911,0.08905,0.08905,0.08916,0.08918,0.08914,0.08914,-0.00059598,-0.00081545,-0.00097173,-0.00081545,-8.999999999999286e-05,-0.0010096477451199558
1696416000000,2023-10-04T10:40:00Z,0.08905,0.08906,0.08903,0.08903,83442,7429.96477,0.08905,0.08906,0.08903,0.08903,0.08914,0.08914,0.08909,0.08911,-0.00081545,-0.00066947,-0.00072618,-0.00072618,-7.999999999999674e-05,-0.000897766805072346
1696416300000,2023-10-04T10:45:00Z,0.08903,0.08904,0.08903,0.08903,3609,321.30998,0.08903,0.08906,0.08903,0.08903,0.08911,0.08915,0.0891,0.08911,-0.00072618,-0.00059393,-0.00089127,-0.00089127,-7.999999999999674e-05,-0.000897766805072346
1696416600000,2023-10-04T10:50:00Z,0.08903,0.08903,0.08895,0.08895,56654,5042.20203,0.08903,0.08905,0.08896,0.08896,0.08911,0.08913,0.08904,0.08904,-0.00089127,-0.00073886,-0.00095531,-0.00095531,-8.999999999999286e-05,-0.0010107816711589495
1696416900000,2023-10-04T10:55:00Z,0.08895,0.08895,0.08859,0.08871,1190796,105692.59744,0.08896,0.08896,0.08869,0.08873,0.08904,0.08904,0.08873,0.0888,-0.00095531,-0.00024803,-0.00064398,-0.00064398,-9.000000000000674e-05,-0.0010135135135135895
1696417200000,2023-10-04T11:00:00Z,0.08871,0.08878,0.0887,0.08875,56459,5009.82345,0.08873,0.08878,0.0887,0.08875,0.0888,0.08883,0.08876,0.08882,-0.00064398,-0.0004018,-0.00051564,-0.00051564,-7.000000000000062e-05,-0.0007881107858590477
1696417500000,2023-10-04T11:05:00Z,0.08875,0.08879,0.08873,0.08873,93838,8329.11512,0.08875,0.08879,0.08873,0.08875,0.08882,0.08886,0.0888,0.08882,-0.00051564,-0.00053367,-0.00059069,-0.00059069,-8.999999999999286e-05,-0.0010132852961044006
1696417800000,2023-10-04T11:10:00Z,0.08873,0.08873,0.08869,0.0887,26517,2352.46737,0.08875,0.08875,0.0887,0.0887,0.08882,0.08883,0.08878,0.08878,-0.00059069,-0.00083601,-0.00093942,-0.00083601,-7.999999999999674e-05,-0.0009011038522189316
1696418100000,2023-10-04T11:15:00Z,0.0887,0.08876,0.08868,0.08871,332759,29519.41386,0.0887,0.08878,0.08868,0.08874,0.08878,0.08885,0.08876,0.08882,-0.00083601,-0.00056851,-0.00095059,-0.00095059,-0.00010999999999999899,-0.00123845980634991
1696418400000,2023-10-04T11:20:00Z,0.08871,0.08872,0.08863,0.08864,142780,12660.02564,0.08874,0.08875,0.08864,0.08864,0.08882,0.08883,0.08869,0.08871,-0.00095059,-0.00076123,-0.00084014,-0.00076123,-7.000000000000062e-05,-0.0007890880396798627
1696418700000,2023-10-04T11:25:00Z,0.08864,0.08873,0.08863,0.08871,22381,1985.42842,0.08864,0.08875,0.08863,0.08872,0.08871,0.08881,0.0887,0.08878,-0.00076123,-0.00076948,-0.00081826,-0.00076948,-7.000000000000062e-05,-0.0007884658706916042
1696419000000,2023-10-04T11:30:00Z,0.08871,0.08871,0.08866,0.08869,76110,6750.29403,0.08872,0.08872,0.08866,0.0887,0.08878,0.08878,0.08874,0.08878,-0.00076948,-0.00063501,-0.00085017,-0.00085017,-8.999999999999286e-05,-0.001013741833746259
1696419300000,2023-10-04T11:35:00Z,0.08869,0.08874,0.08868,0.08869,129886,11521.99359,0.0887,0.08873,0.08868,0.08871,0.08878,0.08882,0.08876,0.08879,-0.00085017,-0.00078846,-0.00084228,-0.00078846,-9.999999999998899e-05,-0.0011262529564138866
1696419600000,2023-10-04T11:40:00Z,0.08869,0.08875,0.08869,0.08875,220589,19569.72485,0.08871,0.08876,0.08869,0.08876,0.08879,0.08883,0.08876,0.08883,-0.00078846,-0.00060785,-0.00078828,-0.00060785,-8.000000000001062e-05,-0.0009005966452776158
1696419900000,2023-10-04T11:45:00Z,0.08875,0.08881,0.08873,0.08873,265354,23559.9912,0.08876,0.0888,0.08873,0.08874,0.08883,0.08887,0.0888,0.08882,-0.00060785,-0.00058112,-0.00069965,-0.00069965,-8.999999999999286e-05,-0.0010132852961044006
1696420200000,2023-10-04T11:50:00Z,0.08873,0.08876,0.08862,0.08864,96446,8553.08425,0.08874,0.08876,0.08862,0.08864,0.08882,0.08883,0.08869,0.0887,-0.00069965,-0.00056369,-0.00078891,-0.00056369,-6.0000000000004494e-05,-0.0006764374295378184
1696420500000,2023-10-04T11:55:00Z,0.08864,0.08869,0.08864,0.08867,131198,11633.97245,0.08864,0.0887,0.08864,0.0887,0.0887,0.08875,0.0887,0.08875,-0.00056369,-0.00036293,-0.00041631,-0.00041631,-7.999999999999674e-05,-0.0009014084507041886
1696420800000,2023-10-04T12:00:00Z,0.08867,0.0887,0.08859,0.08867,126095,11174.10408,0.0887,0.08871,0.0886,0.08867,0.08875,0.08876,0.08867,0.08874,-0.00041631,-0.00082108,-0.00101477,-0.00082108,-7.000000000000062e-05,-0.0007888212756366985
1696421100000,2023-10-04T12:05:00Z,0.08867,0.08868,0.08859,0.0886,100520,8908.31582,0.08867,0.08868,0.08859,0.08862,0.08874,0.08875,0.08866,0.08869,-0.00082108,-0.00048014,-0.00057663,-0.00057663,-9.000000000000674e-05,-0.0010147705491036954
1696421400000,2023-10-04T12:10:00Z,0.0886,0.0886,0.08851,0.08855,155696,13787.76931,0.08862,0.08862,0.08852,0.08855,0.08869,0.08869,0.08859,0.0886,-0.00057663,-0.00056092,-0.00064575,-0.00064575,-4.999999999999449e-05,-0.0005643340857787189
1696421700000,2023-10-04T12:15:00Z,0.08855,0.0886,0.08855,0.08858,50671,4488.74929,0.08855,0.08865,0.08855,0.08861,0.0886,0.08872,0.0886,0.0887,-0.00064575,-0.00085408,-0.00086163,-0.00086163,-0.00011999999999999511,-0.0013528748590754805
1696422000000,2023-10-04T12:20:00Z,0.08858,0.08867,0.08858,0.08867,49645,4399.37773,0.08861,0.08869,0.08861,0.08869,0.0887,0.08879,0.0887,0.08879,-0.00086163,-0.00056743,-0.00101363,-0.00056743,-0.00011999999999999511,-0.0013515035476967577
1696422300000,2023-10-04T12:25:00Z,0.08867,0.08872,0.08867,0.08872,73034,6478.52434,0.08869,0.08873,0.08869,0.08872,0.08879,0.08883,0.08876,0.0888,-0.00056743,-0.00067582,-0.000951,-0.000951,-8.000000000001062e-05,-0.0009009009009010204
1696422600000,2023-10-04T12:30:00Z,0.08872,0.08874,0.08866,0.08869,125668,11148.4033,0.08872,0.08874,0.08866,0.0887,0.0888,0.0888,0.08874,0.08878,-0.000951,-0.00062756,-0.00119993,-0.00062756,-8.999999999999286e-05,-0.001013741833746259
1696422900000,2023-10-04T12:35:00Z,0.08869,0.08884,0.08869,0.08879,192020,17050.01881,0.0887,0.08883,0.0887,0.08879,0.08878,0.08887,0.08878,0.08885,-0.00062756,-0.00028441,-0.00086301,-0.00028441,-6.0000000000004494e-05,-0.0006752954417558188
1696423200000,2023-10-04T12:40:00Z,0.08879,0.08882,0.08876,0.08882,62515,5550.50218,0.08879,0.08882,0.08876,0.08882,0.08885,0.0889,0.08882,0.0889,-0.00028441,-0.00068485,-0.00076808,-0.00076808,-8.000000000001062e-05,-0.0008998875140608617
1696423500000,2023-10-04T12:45:00Z,0.08882,0.08884,0.08878,0.08884,54753,4863.79838,0.08882,0.08887,0.08879,0.08886,0.0889,0.08894,0.08884,0.08894,-0.00076808,-0.00038548,-0.00076852,-0.00076852,-0.00010000000000000286,-0.001124353496739407
1696423800000,2023-10-04T12:50:00Z,0.08884,0.08889,0.0888,0.0888,43811,3893.31862,0.08886,0.08889,0.08881,0.08885,0.08894,0.08897,0.08887,0.08892,-0.00076852,-0.00043395,-0.0004892,-0.00043395,-0.00011999999999999511,-0.001349527665317084
1696424100000,2023-10-04T12:55:00Z,0.0888,0.08881,0.08877,0.08877,19955,1771.80985,0.08885,0.08886,0.08877,0.08877,0.08892,0.08893,0.08884,0.08885,-0.00043395,-0.00055914,-0.00064262,-0.00064262,-7.999999999999674e-05,-0.0009003939223409875
1696424400000,2023-10-04T13:00:00Z,0.08877,0.08878,0.08867,0.08867,130674,11592.85376,0.08877,0.08881,0.08867,0.08867,0.08885,0.08888,0.08875,0.08875,-0.00064262,-0.00067575,-0.00081252,-0.00067575,-7.999999999999674e-05,-0.0009014084507041886
1696424700000,2023-10-04T13:05:00Z,0.08867,0.08873,0.08867,0.08873,39468,3501.32311,0.08867,0.08875,0.08867,0.08873,0.08875,0.08883,0.08875,0.08881,-0.00067575,-0.00057759,-0.00075838,-0.00075838,-7.999999999999674e-05,-0.0009007994595202876
1696425000000,2023-10-04T13:10:00Z,0.08873,0.08874,0.08872,0.08874,53373,4735.69455,0.08873,0.08877,0.08873,0.08875,0.08881,0.08885,0.0888,0.08885,-0.00075838,-0.00065724,-0.00101328,-0.00065724,-0.00010999999999999899,-0.0012380416432188968
1696425300000,2023-10-04T13:15:00Z,0.08874,0.08876,0.08865,0.08865,84672,7511.68761,0.08875,0.08878,0.08866,0.08869,0.08885,0.08888,0.08874,0.08878,-0.00065724,-0.00072059,-0.00076428,-0.00076428,-0.00012999999999999123,-0.0014642937598557248
1696425600000,2023-10-04T13:20:00Z,0.08865,0.08866,0.08859,0.08866,213884,18954.58381,0.08869,0.08869,0.08859,0.08866,0.08878,0.08878,0.08867,0.08876,-0.00076428,-0.00112714,-0.00114324,-0.00114324,-0.00010000000000000286,-0.0011266336187472157
1696425900000,2023-10-04T13:25:00Z,0.08866,0.08867,0.08864,0.08866,51927,4603.52587,0.08866,0.08867,0.08866,0.08867,0.08876,0.08878,0.08876,0.08878,-0.00114324,-0.00110104,-0.00123901,-0.00123901,-0.00011999999999999511,-0.0013516557783283974
1696426200000,2023-10-04T13:30:00Z,0.08866,0.08875,0.08866,0.08874,40711,3610.60205,0.08867,0.08875,0.08866,0.08875,0.08878,0.08885,0.08875,0.08883,-0.00123901,-0.00062906,-0.00112549,-0.00062906,-9.000000000000674e-05,-0.0010131712259372591
1696426500000,2023-10-04T13:35:00Z,0.08874,0.08874,0.08868,0.08868,177746,15767.6344,0.08875,0.08879,0.08868,0.08868,0.08883,0.08887,0.08877,0.08878,-0.00062906,-0.00125523,-0.00133813,-0.00125523,-0.00010000000000000286,-0.0011263798152737427
1696426800000,2023-10-04T13:40:00Z,0.08868,0.08869,0.08831,0.08843,1875296,165818.08912,0.08868,0.08869,0.08839,0.08843,0.08878,0.0888,0.08845,0.08853,-0.00125523,-0.00106033,-0.00112715,-0.00112715,-0.00010000000000000286,-0.001129560600926272
1696427100000,2023-10-04T13:45:00Z,0.08843,0.08854,0.08825,0.08854,1033317,91353.10288,0.08843,0.08854,0.08827,0.08854,0.08853,0.0886,0.08836,0.0886,-0.00112715,-0.00067773,-0.00115514,-0.00067773,-6.0000000000004494e-05,-0.000677200902934588
1696427400000,2023-10-04T13:50:00Z,0.08854,0.08854,0.0884,0.08844,108445,9592.40929,0.08854,0.08854,0.0884,0.08845,0.0886,0.08863,0.08846,0.08852,-0.00067773,-0.00027667,-0.0004658,-0.00027667,-7.999999999999674e-05,-0.0009037505648440662
1696427700000,2023-10-04T13:55:00Z,0.08844,0.08848,0.08835,0.08835,244911,21648.89433,0.08845,0.08852,0.08835,0.08835,0.08852,0.08859,0.08841,0.08841,-0.00027667,-0.00067857,-0.00071115,-0.00067857,-6.0000000000004494e-05,-0.0006786562606040549
1696428000000,2023-10-04T14:00:00Z,0.08835,0.08841,0.08823,0.0884,676529,59746.37538,0.08835,0.08842,0.08825,0.08841,0.08841,0.0885,0.08832,0.08849,-0.00067857,-0.00078234,-0.00090446,-0.00090446,-8.999999999999286e-05,-0.0010170640750366466
1696428300000,2023-10-04T14:05:00Z,0.0884,0.08849,0.08837,0.08844,696377,61573.40003,0.08841,0.08849,0.08837,0.08844,0.08849,0.08854,0.08843,0.0885,-0.00090446,-0.00045223,-0.00062556,-0.00045223,-5.9999999999990616e-05,-0.0006779661016948093
1696428600000,2023-10-04T14:10:00Z,0.08844,0.08849,0.08844,0.08848,113914,10076.4795,0.08844,0.08851,0.08844,0.08851,0.0885,0.08857,0.0885,0.08857,-0.00045223,-0.00031413,-0.00045182,-0.00031413,-8.999999999999286e-05,-0.0010161454217002695
1696428900000,2023-10-04T14:15:00Z,0.08848,0.08849,0.08837,0.08846,248546,21978.15045,0.08851,0.08851,0.08839,0.08846,0.08857,0.08857,0.08846,0.08853,-0.00031413,-0.00040393,-0.00042774,-0.00042774,-7.000000000000062e-05,-0.0007906924206483748
1696429200000,2023-10-04T14:20:00Z,0.08846,0.08846,0.08827,0.08827,693348,61287.78389,0.08846,0.08846,0.08827,0.08827,0.08853,0.08853,0.08833,0.08833,-0.00042774,-0.00056567,-0.00079285,-0.00056567,-6.0000000000004494e-05,-0.0006792709158836691
1696429500000,2023-10-04T14:25:00Z,0.08827,0.08833,0.08802,0.0881,1387897,122341.54667,0.08827,0.08834,0.08811,0.08815,0.08833,0.08842,0.0882,0.08824,-0.00056567,-0.00079266,-0.00113237,-0.00113237,-0.00014000000000000123,-0.001586582048957403
1696429800000,2023-10-04T14:30:00Z,0.0881,0.08824,0.08808,0.08818,695220,61283.00227,0.08815,0.08824,0.08811,0.0882,0.08824,0.08834,0.08821,0.08832,-0.00113237,-0.0010412,-0.00121236,-0.00121236,-0.00014000000000000123,-0.0015851449275362459
1696430100000,2023-10-04T14:35:00Z,0.08818,0.08828,0.08818,0.08824,105333,9295.95827,0.0882,0.08828,0.08819,0.08824,0.08832,0.08839,0.08831,0.08835,-0.00121236,-0.00112331,-0.00114583,-0.00114583,-0.00010999999999999899,-0.0012450481041312844
1696430400000,2023-10-04T14:40:00Z,0.08824,0.08833,0.08822,0.08823,222264,19622.92714,0.08824,0.08833,0.08823,0.08823,0.08835,0.08844,0.08831,0.08831,-0.00114583,-0.00113122,-0.00122965,-0.00122965,-7.999999999999674e-05,-0.0009058996716113321
1696430700000,2023-10-04T14:45:00Z,0.08823,0.08827,0.08812,0.08818,217798,19205.47485,0.08823,0.08829,0.08814,0.08818,0.08831,0.08839,0.08824,0.08828,-0.00122965,-0.0010434,-0.00109,-0.0010434,-0.00010000000000000286,-0.0011327594019030682
1696431000000,2023-10-04T14:50:00Z,0.08818,0.08826,0.08818,0.08825,46387,4092.19437,0.08818,0.08828,0.08818,0.08825,0.08828,0.08836,0.08825,0.08833,-0.0010434,-0.000462,-0.00079248,-0.000462,-8.000000000001062e-05,-0.0009056945545116112
1696431300000,2023-10-04T14:55:00Z,0.08825,0.0883,0.08825,0.08827,89647,7914.49801,0.08825,0.08834,0.08825,0.08827,0.08833,0.08841,0.0883,0.08833,-0.000462,-0.00045279,-0.00062532,-0.00045279,-6.0000000000004494e-05,-0.0006792709158836691
1696431600000,2023-10-04T15:00:00Z,0.08827,0.08827,0.08817,0.08825,266952,23549.944,0.08827,0.08827,0.0882,0.08827,0.08833,0.08834,0.08826,0.08834,-0.00045279,-0.00049807,-0.00064976,-0.00064976,-9.000000000000674e-05,-0.0010187910346389714
1696431900000,2023-10-04T15:05:00Z,0.08825,0.08832,0.08824,0.08831,65478,5779.17057,0.08827,0.08835,0.08825,0.08834,0.08834,0.08842,0.08831,0.08842,-0.00064976,-0.00047209,-0.00053785,-0.00053785,-0.00010999999999999899,-0.0012440624293146233
1696432200000,2023-10-04T15:10:00Z,0.08831,0.08846,0.08831,0.08837,308073,27220.24937,0.08834,0.08846,0.08833,0.08839,0.08842,0.08851,0.08841,0.08847,-0.00053785,-0.00026277,-0.00074915,-0.00026277,-9.999999999998899e-05,-0.0011303266644058889
1696432500000,2023-10-04T15:15:00Z,0.08837,0.08839,0.08831,0.08837,73905,6530.44221,0.08839,0.08841,0.08834,0.0884,0.08847,0.08849,0.08842,0.08849,-0.00026277,-0.00084506,-0.00101729,-0.00101729,-0.00011999999999999511,-0.0013560854333822478
1696432800000,2023-10-04T15:20:00Z,0.08837,0.08841,0.08836,0.08836,18229,1611.38527,0.0884,0.08843,0.08836,0.08836,0.08849,0.08852,0.08843,0.08843,-0.00101729,-0.0006785,-0.00113019,-0.0006785,-7.000000000000062e-05,-0.0007915865656451501
1696433100000,2023-10-04T15:25:00Z,0.08836,0.08845,0.08836,0.08845,457367,40428.11878,0.08836,0.08847,0.08836,0.08847,0.08843,0.08857,0.08843,0.08857,-0.0006785,-0.00079078,-0.00080786,-0.00080786,-0.00011999999999999511,-0.0013548605622670782
1696433400000,2023-10-04T15:30:00Z,0.08845,0.08849,0.08845,0.08848,139663,12357.06683,0.08847,0.08849,0.08845,0.08848,0.08857,0.08857,0.08851,0.08856,-0.00080786,-0.00060013,-0.00067781,-0.00060013,-7.999999999999674e-05,-0.0009033423667569641
1696433700000,2023-10-04T15:35:00Z,0.08848,0.08855,0.08848,0.0885,128958,11413.4449,0.08848,0.08857,0.08848,0.0885,0.08856,0.08865,0.08855,0.08859,-0.00060013,-0.00090262,-0.00135394,-0.00135394,-9.000000000000674e-05,-0.001015916017609287
1696434000000,2023-10-04T15:40:00Z,0.0885,0.08854,0.08839,0.0884,361836,32007.82468,0.0885,0.08856,0.0884,0.0884,0.08859,0.08865,0.08847,0.08848,-0.00135394,-0.00079096,-0.00105817,-0.00079096,-7.999999999999674e-05,-0.0009041591320071964
1696434300000,2023-10-04T15:45:00Z,0.0884,0.08849,0.0884,0.08848,55173,4879.30834,0.0884,0.08851,0.0884,0.08848,0.08848,0.0886,0.08847,0.08858,-0.00079096,-0.0009729,-0.00110147,-0.00110147,-0.00010000000000000286,-0.0011289230074509242
1696434600000,2023-10-04T15:50:00Z,0.08848,0.08848,0.08845,0.08847,43808,3875.4977,0.08848,0.08849,0.08846,0.08847,0.08858,0.08859,0.08854,0.08854,-0.00110147,-0.00059645,-0.00104944,-0.00059645,-7.000000000000062e-05,-0.000790603117235155
1696434900000,2023-10-04T15:55:00Z,0.08847,0.08848,0.0884,0.08842,151790,13423.12232,0.08847,0.08849,0.08841,0.08843,0.08854,0.08858,0.08847,0.08851,-0.00059645,-0.00056509,-0.00094689,-0.00094689,-9.000000000000674e-05,-0.0010168342560163454
1696435200000,2023-10-04T16:00:00Z,0.08842,0.08843,0.0883,0.0883,525983,46465.63502,0.08843,0.08847,0.0883,0.08831,0.08851,0.08855,0.08838,0.08839,-0.00094689,-0.00058316,-0.00087804,-0.00087804,-8.999999999999286e-05,-0.0010182147301730157
1696435500000,2023-10-04T16:05:00Z,0.0883,0.08837,0.0883,0.08835,51072,4512.33993,0.08831,0.08839,0.08831,0.08837,0.08839,0.08847,0.08839,0.08845,-0.00087804,-0.0006785,-0.0010052,-0.0010052,-0.00010000000000000286,-0.0011305822498587097
1696435800000,2023-10-04T16:10:00Z,0.08835,0.08849,0.08834,0.08849,58940,5210.86943,0.08837,0.0885,0.08835,0.0885,0.08845,0.08859,0.08842,0.08859,-0.0010052,-0.0007978,-0.00083465,-0.0007978,-0.00010000000000000286,-0.0011287955751213778
1696436100000,2023-10-04T16:15:00Z,0.08849,0.08863,0.08849,0.08863,70856,6276.72177,0.0885,0.08865,0.0885,0.08865,0.08859,0.08874,0.08859,0.08874,-0.0007978,-0.00073988,-0.00087194,-0.00087194,-0.00010999999999999899,-0.001239576290286218
1696436400000,2023-10-04T16:20:00Z,0.08863,0.08876,0.08863,0.08872,157780,13994.73941,0.08865,0.08876,0.08864,0.08872,0.08874,0.08885,0.08873,0.0888,-0.00087194,-0.00073186,-0.00078819,-0.00078819,-8.000000000001062e-05,-0.0009009009009010204
1696436700000,2023-10-04T16:25:00Z,0.08872,0.08878,0.08861,0.08871,173380,15384.42091,0.08872,0.0888,0.08862,0.08872,0.0888,0.08887,0.08868,0.08879,-0.00078819,-0.00067658,-0.00071787,-0.00067658,-7.999999999999674e-05,-0.0009010023651311719
1696437000000,2023-10-04T16:30:00Z,0.08871,0.08883,0.08866,0.08883,142640,12659.7279,0.08872,0.08884,0.08866,0.08884,0.08879,0.08892,0.08874,0.08892,-0.00067658,-0.00075219,-0.00084235,-0.00075219,-8.999999999999286e-05,-0.001012145748987774
1696437300000,2023-10-04T16:35:00Z,0.08883,0.08892,0.08883,0.08885,247033,21957.83707,0.08884,0.08892,0.08884,0.08887,0.08892,0.08899,0.08891,0.08895,-0.00075219,-0.00071549,-0.00077727,-0.00071549,-0.00010000000000000286,-0.0011242270938729944
1696437600000,2023-10-04T16:40:00Z,0.08885,0.08889,0.0888,0.08884,271962,24166.59492,0.08887,0.08889,0.08883,0.08886,0.08895,0.08896,0.08891,0.08894,-0.00071549,-0.00054667,-0.00085113,-0.00085113,-0.00010000000000000286,-0.001124353496739407
1696437900000,2023-10-04T16:45:00Z,0.08884,0.08891,0.08881,0.08888,138801,12331.77481,0.08886,0.08891,0.08881,0.08889,0.08894,0.089,0.08889,0.08897,-0.00085113,-0.00054959,-0.0008682,-0.0008682,-8.999999999999286e-05,-0.001011576936045778
1696438200000,2023-10-04T16:50:00Z,0.08888,0.08889,0.08882,0.08884,156335,13892.50063,0.08889,0.0889,0.08882,0.08884,0.08897,0.08899,0.08891,0.08892,-0.0008682,-0.00098065,-0.0010028,-0.00098065,-7.999999999999674e-05,-0.0008996851102113894
1696438500000,2023-10-04T16:55:00Z,0.08884,0.08887,0.08877,0.08879,91004,8083.35256,0.08884,0.08887,0.08877,0.08879,0.08892,0.08895,0.08886,0.08888,-0.00098065,-0.0007874,-0.00078757,-0.00078757,-9.000000000000674e-05,-0.0010126012601260885
1696438800000,2023-10-04T17:00:00Z,0.08879,0.08891,0.08879,0.08891,32299,2869.48489,0.08879,0.08891,0.08879,0.08891,0.08888,0.089,0.08888,0.089,-0.00078757,-0.00064905,-0.00101169,-0.00101169,-8.999999999999286e-05,-0.0010112359550560996
1696439100000,2023-10-04T17:05:00Z,0.08891,0.08895,0.08889,0.08894,31466,2798.28295,0.08891,0.08896,0.08889,0.08896,0.089,0.08905,0.08898,0.08905,-0.00101169,-0.00060898,-0.00105808,-0.00060898,-0.00010999999999999899,-0.0012352610892756763
1696439400000,2023-10-04T17:10:00Z,0.08894,0.08897,0.08891,0.08893,25759,2291.37005,0.08896,0.08898,0.08891,0.08896,0.08905,0.08907,0.089,0.08905,-0.00060898,-0.00078607,-0.00083002,-0.00078607,-0.00012000000000000899,-0.0013475575519372148
1696439700000,2023-10-04T17:15:00Z,0.08893,0.08897,0.08893,0.08895,29221,2599.46297,0.08896,0.08898,0.08895,0.08895,0.08905,0.08907,0.08902,0.08903,-0.00078607,-0.00073051,-0.00097304,-0.00097304,-7.999999999999674e-05,-0.0008985735145456222
1696440000000,2023-10-04T17:20:00Z,0.08895,0.08895,0.08892,0.08892,15812,1406.22335,0.08895,0.08897,0.08893,0.08893,0.08903,0.08906,0.08901,0.08902,-0.00097304,-0.00101089,-0.001011,-0.001011,-0.00010000000000000286,-0.0011233430689732966
1696440300000,2023-10-04T17:25:00Z,0.08892,0.08893,0.08878,0.08878,112113,9959.96876,0.08893,0.08893,0.08878,0.08878,0.08902,0.08902,0.08886,0.08887,-0.001011,-0.00078749,-0.00089968,-0.00078749,-9.000000000000674e-05,-0.0010127152019804968
1696440600000,2023-10-04T17:30:00Z,0.08878,0.08882,0.08878,0.08881,21946,1948.83573,0.08878,0.08883,0.08878,0.08881,0.08887,0.08891,0.08886,0.08889,-0.00078749,-0.00069437,-0.00078355,-0.00078355,-7.999999999999674e-05,-0.0008999887501405866
1696440900000,2023-10-04T17:35:00Z,0.08881,0.08886,0.08881,0.08882,25844,2295.64784,0.08881,0.08886,0.08881,0.08884,0.08889,0.08893,0.08889,0.08892,-0.00078355,-0.00066242,-0.00087178,-0.00066242,-0.00010000000000000286,-0.0011246063877643148
1696441200000,2023-10-04T17:40:00Z,0.08882,0.08888,0.08882,0.08888,18991,1687.14613,0.08884,0.0889,0.08882,0.0889,0.08892,0.08899,0.0889,0.08899,-0.00066242,-0.00077881,-0.00093277,-0.00093277,-0.00010999999999999899,-0.0012360939431396672
1696441500000,2023-10-04T17:45:00Z,0.08888,0.08895,0.08888,0.08894,23330,2074.96112,0.0889,0.08897,0.0889,0.08895,0.08899,0.08906,0.08899,0.08905,-0.00093277,-0.00083997,-0.00087085,-0.00087085,-0.00010999999999999899,-0.0012352610892756763
1696441800000,2023-10-04T17:50:00Z,0.08894,0.08896,0.08893,0.08895,61037,5429.60556,0.08895,0.08896,0.08893,0.08895,0.08905,0.08906,0.08902,0.08904,-0.00087085,-0.00078634,-0.00096484,-0.00078634,-8.999999999999286e-05,-0.0010107816711589495
1696442100000,2023-10-04T17:55:00Z,0.08895,0.08896,0.08891,0.08891,62205,5532.51909,0.08895,0.08896,0.08892,0.08892,0.08904,0.08904,0.08899,0.08899,-0.00078634,-0.0006737,-0.00074261,-0.0006737,-7.999999999999674e-05,-0.0008989774131924569
1696442400000,2023-10-04T18:00:00Z,0.08891,0.08891,0.08879,0.08887,100313,8911.72578,0.08892,0.08892,0.08881,0.08888,0.08899,0.089,0.08888,0.08895,-0.0006737,-0.00043326,-0.00051135,-0.00051135,-7.999999999999674e-05,-0.0008993816750983332
1696442700000,2023-10-04T18:05:00Z,0.08887,0.08894,0.08887,0.08889,22330,1985.2002,0.08888,0.08897,0.08888,0.0889,0.08895,0.08904,0.08895,0.08897,-0.00051135,-0.00050943,-0.00089857,-0.00089857,-7.999999999999674e-05,-0.0008991794987073929
1696443000000,2023-10-04T18:10:00Z,0.08889,0.08896,0.08889,0.08896,4743,421.81433,0.0889,0.08896,0.08889,0.08896,0.08897,0.08904,0.08896,0.08904,-0.00089857,-0.00059885,-0.00069743,-0.00069743,-7.999999999999674e-05,-0.0008984725965857675
1696443300000,2023-10-04T18:15:00Z,0.08896,0.08897,0.08888,0.08891,175996,15652.58774,0.08896,0.08897,0.08891,0.08891,0.08904,0.08905,0.08897,0.08898,-0.00069743,-0.00076935,-0.00121857,-0.00076935,-7.000000000000062e-05,-0.0007866936390200114
1696443600000,2023-10-04T18:20:00Z,0.08891,0.08891,0.08882,0.08882,63372,5632.73288,0.08891,0.08892,0.08883,0.08883,0.08898,0.089,0.0889,0.08891,-0.00076935,-0.00083627,-0.00092772,-0.00092772,-9.000000000000674e-05,-0.0010122595883478433
1696443900000,2023-10-04T18:25:00Z,0.08882,0.08884,0.08882,0.08882,15138,1344.65181,0.08883,0.08886,0.08882,0.08883,0.08891,0.08894,0.08889,0.08891,-0.00092772,-0.0006673,-0.00078335,-0.0006673,-9.000000000000674e-05,-0.0010122595883478433
1696444200000,2023-10-04T18:30:00Z,0.08882,0.08886,0.08882,0.08882,100988,8973.54753,0.08883,0.08886,0.08882,0.08883,0.08891,0.08894,0.08889,0.08891,-0.0006673,-0.00078713,-0.00089948,-0.00089948,-9.000000000000674e-05,-0.0010122595883478433
1696444500000,2023-10-04T18:35:00Z,0.08882,0.08882,0.08878,0.08878,23382,2076.25762,0.08883,0.08883,0.08878,0.08878,0.08891,0.08891,0.08886,0.08886,-0.00089948,-0.00085643,-0.00089918,-0.00089918,-7.999999999999674e-05,-0.0009002925950933687
1696444800000,2023-10-04T18:40:00Z,0.08878,0.0888,0.08876,0.08876,140450,12470.90385,0.08878,0.0888,0.08876,0.08878,0.08886,0.08887,0.08883,0.08885,-0.00089918,-0.00060141,-0.00067439,-0.00060141,-8.999999999999286e-05,-0.0010129431626335718
1696445100000,2023-10-04T18:45:00Z,0.08876,0.08879,0.08868,0.08869,99997,8871.95334,0.08878,0.0888,0.08869,0.0887,0.08885,0.08887,0.08877,0.08878,-0.00060141,-0.00067529,-0.00077278,-0.00077278,-8.999999999999286e-05,-0.001013741833746259
1696445400000,2023-10-04T18:50:00Z,0.08869,0.08873,0.08868,0.08868,31606,2803.49178,0.0887,0.08873,0.08868,0.08869,0.08878,0.0888,0.08875,0.08876,-0.00077278,-0.00077432,-0.00077483,-0.00077483,-8.000000000001062e-05,-0.0009013068949978663
1696445700000,2023-10-04T18:55:00Z,0.08868,0.08884,0.08868,0.08884,145169,12894.90155,0.08869,0.08885,0.08869,0.08885,0.08876,0.08892,0.08876,0.08891,-0.00077483,-0.00041778,-0.00049983,-0.00049983,-7.000000000000062e-05,-0.0007873130131593816
1696446000000,2023-10-04T19:00:00Z,0.08884,0.08903,0.08874,0.08885,3050803,271179.62696,0.08885,0.08899,0.08884,0.08886,0.08891,0.08904,0.08887,0.08893,-0.00049983,-0.00061383,-0.00074418,-0.00074418,-7.999999999999674e-05,-0.0008995839424265911
1696446300000,2023-10-04T19:05:00Z,0.08885,0.08898,0.08877,0.08896,495268,44006.43166,0.08886,0.089,0.0888,0.08897,0.08893,0.08907,0.08887,0.08905,-0.00074418,-0.00050039,-0.00062244,-0.00062244,-9.000000000000674e-05,-0.001010668163952911
1696446600000,2023-10-04T19:10:00Z,0.08896,0.08899,0.08887,0.08894,98431,8754.33894,0.08897,0.08899,0.08888,0.08894,0.08905,0.08906,0.08896,0.08902,-0.00062244,-0.00064133,-0.00098449,-0.00064133,-7.999999999999674e-05,-0.0008986744551785749
1696446900000,2023-10-04T19:15:00Z,0.08894,0.08899,0.08886,0.08889,961453,85485.68093,0.08894,0.089,0.08894,0.08894,0.08902,0.08908,0.08901,0.08902,-0.00064133,-0.00072936,-0.00077866,-0.00072936,-0.0001300000000000051,-0.0014603459896653011
1696447200000,2023-10-04T19:20:00Z,0.08889,0.08893,0.08886,0.08886,201932,17950.82318,0.08894,0.08895,0.08886,0.08887,0.08902,0.08903,0.08894,0.08896,-0.00072936,-0.0007892,-0.00083091,-0.0007892,-0.00010000000000000286,-0.0011241007194244927
1696447500000,2023-10-04T19:25:00Z,0.08886,0.0889,0.08886,0.08889,17299,1537.68183,0.08887,0.08891,0.08886,0.0889,0.08896,0.089,0.08895,0.089,-0.0007892,-0.00091303,-0.00093201,-0.00091303,-0.00010999999999999899,-0.001235955056179764
1696447800000,2023-10-04T19:30:00Z,0.08889,0.08889,0.08885,0.08885,34684,3082.82733,0.0889,0.0889,0.08885,0.08885,0.089,0.089,0.08893,0.08894,-0.00091303,-0.00072422,-0.00074356,-0.00074356,-9.000000000000674e-05,-0.001011918147065513
1696448100000,2023-10-04T19:35:00Z,0.08885,0.08885,0.08862,0.08866,265390,23548.55629,0.08885,0.08887,0.08864,0.08867,0.08894,0.08896,0.08873,0.08876,-0.00074356,-0.00089826,-0.00096187,-0.00089826,-0.00010000000000000286,-0.0011266336187472157
1696448400000,2023-10-04T19:40:00Z,0.08866,0.08881,0.08866,0.08881,88494,7851.69254,0.08867,0.08881,0.08866,0.08881,0.08876,0.0889,0.08875,0.0889,-0.00089826,-0.00072769,-0.0008952,-0.00072769,-9.000000000000674e-05,-0.001012373453318411
1696448700000,2023-10-04T19:45:00Z,0.08881,0.08892,0.08881,0.08886,469608,41727.13457,0.08881,0.08892,0.08881,0.08887,0.0889,0.089,0.0889,0.08895,-0.00072769,-0.00072471,-0.00081578,-0.00081578,-9.000000000000674e-05,-0.001011804384485742
1696449000000,2023-10-04T19:50:00Z,0.08886,0.08891,0.08885,0.08891,3703,329.152,0.08887,0.08892,0.08885,0.08892,0.08895,0.08899,0.08893,0.08899,-0.00081578,-0.0005059,-0.0005391,-0.0005059,-7.999999999999674e-05,-0.0008989774131924569
1696449300000,2023-10-04T19:55:00Z,0.08891,0.08894,0.08882,0.08884,15418,1370.23411,0.08892,0.08892,0.08883,0.08884,0.08899,0.08899,0.0889,0.08892,-0.0005059,-0.00077004,-0.00084346,-0.00077004,-7.999999999999674e-05,-0.0008996851102113894
1696449600000,2023-10-04T20:00:00Z,0.08884,0.08885,0.08872,0.08876,90526,8034.60861,0.08884,0.08885,0.08872,0.08877,0.08892,0.08893,0.08879,0.08885,-0.00077004,-0.00063105,-0.00083213,-0.00083213,-8.999999999999286e-05,-0.0010129431626335718
1696449900000,2023-10-04T20:05:00Z,0.08876,0.08881,0.08875,0.08879,14027,1245.26317,0.08877,0.0888,0.08876,0.0888,0.08885,0.08889,0.08884,0.08888,-0.00083213,-0.00067521,-0.00076943,-0.00067521,-9.000000000000674e-05,-0.0010126012601260885
1696450200000,2023-10-04T20:10:00Z,0.08879,0.08888,0.08879,0.08885,18145,1611.3992,0.0888,0.08888,0.08879,0.08886,0.08888,0.08895,0.08887,0.08894,-0.00067521,-0.00051523,-0.00057836,-0.00057836,-9.000000000000674e-05,-0.001011918147065513
1696450500000,2023-10-04T20:15:00Z,0.08885,0.08894,0.08884,0.08884,21329,1896.10717,0.08886,0.08894,0.08886,0.08887,0.08894,0.08901,0.08893,0.08895,-0.00057836,-0.00067408,-0.00106205,-0.00106205,-0.00010999999999999899,-0.0012366498032602472
1696450800000,2023-10-04T20:20:00Z,0.08884,0.08885,0.08879,0.0888,14044,1247.44072,0.08887,0.08887,0.08879,0.08881,0.08895,0.08895,0.08889,0.08891,-0.00106205,-0.00097705,-0.00103923,-0.00097705,-0.00010999999999999899,-0.0012372061635361486
1696451100000,2023-10-04T20:25:00Z,0.0888,0.0888,0.08872,0.08875,91060,8083.35678,0.08881,0.08881,0.08872,0.08876,0.08891,0.08891,0.0888,0.08884,-0.00097705,-0.00078793,-0.00111325,-0.00111325,-9.000000000000674e-05,-0.0010130571814498733
1696451400000,2023-10-04T20:30:00Z,0.08875,0.08876,0.08872,0.08876,46834,4156.11539,0.08876,0.08876,0.08873,0.08876,0.08884,0.08885,0.08881,0.08885,-0.00111325,-0.0006031,-0.00060614,-0.0006031,-8.999999999999286e-05,-0.0010129431626335718
1696451700000,2023-10-04T20:35:00Z,0.08876,0.08881,0.08876,0.08877,83094,7378.76627,0.08876,0.08882,0.08876,0.08878,0.08885,0.0889,0.08884,0.08887,-0.0006031,-0.00085169,-0.00085686,-0.00085686,-0.00010000000000000286,-0.0011252391133116108
1696452000000,2023-10-04T20:40:00Z,0.08877,0.08883,0.08877,0.08882,52884,4695.57705,0.08878,0.08883,0.08878,0.08883,0.08887,0.08891,0.08886,0.08891,-0.00085686,-0.00059615,-0.00061199,-0.00061199,-9.000000000000674e-05,-0.0010122595883478433
1696452300000,2023-10-04T20:45:00Z,0.08882,0.08884,0.0888,0.0888,71189,6323.55559,0.08883,0.08884,0.0888,0.08881,0.08891,0.08891,0.08889,0.0889,-0.00061199,-0.00078467,-0.00087559,-0.00078467,-0.00010000000000000286,-0.0011248593925759602
1696452600000,2023-10-04T20:50:00Z,0.0888,0.08884,0.08878,0.08878,42083,3736.96187,0.08881,0.08884,0.08878,0.08878,0.0889,0.08893,0.08886,0.08886,-0.00078467,-0.00095353,-0.00098695,-0.00095353,-7.999999999999674e-05,-0.0009002925950933687
1696452900000,2023-10-04T20:55:00Z,0.08878,0.08881,0.08878,0.0888,17962,1594.9085,0.08878,0.08882,0.08878,0.08881,0.08886,0.0889,0.08886,0.08889,-0.00095353,-0.00067608,-0.0007878,-0.00067608,-8.999999999999286e-05,-0.0010124873439081208
1696453200000,2023-10-04T21:00:00Z,0.0888,0.08887,0.0888,0.08886,52656,4677.25135,0.08881,0.08889,0.0888,0.08888,0.08889,0.08897,0.08888,0.08896,-0.00067608,-0.00057401,-0.0007141,-0.0007141,-0.00010000000000000286,-0.0011241007194244927
1696453500000,2023-10-04T21:05:00Z,0.08886,0.0889,0.08886,0.08889,13807,1227.29407,0.08888,0.08892,0.08887,0.08889,0.08896,0.08901,0.08895,0.08899,-0.0007141,-0.00074469,-0.00084921,-0.00074469,-0.00010000000000000286,-0.0011237217664906492
1696453800000,2023-10-04T21:10:00Z,0.08889,0.08895,0.08889,0.08894,433080,38512.35806,0.08889,0.08896,0.08889,0.08895,0.08899,0.08905,0.08898,0.08904,-0.00074469,-0.00066183,-0.00096922,-0.00096922,-9.999999999998899e-05,-0.0011230907457321316
1696454100000,2023-10-04T21:15:00Z,0.08894,0.08895,0.08884,0.08884,39076,3472.68614,0.08895,0.08895,0.08884,0.08885,0.08904,0.08904,0.08893,0.08894,-0.00096922,-0.00096076,-0.00105733,-0.00096076,-0.00010000000000000286,-0.001124353496739407
1696454400000,2023-10-04T21:20:00Z,0.08884,0.08892,0.08884,0.0889,90165,8015.60333,0.08885,0.08892,0.08884,0.0889,0.08894,0.089,0.08893,0.08899,-0.00096076,-0.00080939,-0.00101348,-0.00080939,-8.999999999999286e-05,-0.001011349589841475
1696454700000,2023-10-04T21:25:00Z,0.0889,0.08893,0.0889,0.08893,8631,767.42394,0.0889,0.08894,0.0889,0.08894,0.08899,0.08904,0.08898,0.08904,-0.00080939,-0.00095034,-0.00107458,-0.00107458,-0.00010999999999999899,-0.0012353998203054695
1696455000000,2023-10-04T21:30:00Z,0.08893,0.08895,0.08891,0.08891,81212,7222.56391,0.08894,0.08895,0.08891,0.08891,0.08904,0.08904,0.08899,0.089,-0.00107458,-0.00081325,-0.00093854,-0.00081325,-8.999999999999286e-05,-0.0010112359550560996
1696455300000,2023-10-04T21:35:00Z,0.08891,0.08899,0.08891,0.08896,58332,5189.68232,0.08891,0.08899,0.08891,0.08896,0.089,0.08907,0.089,0.08905,-0.00081325,-0.00067291,-0.00088154,-0.00088154,-9.000000000000674e-05,-0.001010668163952911
1696455600000,2023-10-04T21:40:00Z,0.08896,0.08908,0.08896,0.08908,1306611,116334.87992,0.08896,0.08907,0.08896,0.08907,0.08905,0.08909,0.08905,0.08908,-0.00088154,-0.00058291,-0.00064728,-0.00064728,0.0,0.0
1696455900000,2023-10-04T21:45:00Z,0.08908,0.08908,0.08899,0.08899,449941,40057.14827,0.08907,0.08907,0.08902,0.08903,0.08908,0.08912,0.08908,0.0891,-0.00064728,-0.0008413,-0.00088418,-0.00088418,-0.00010999999999999899,-0.0012345679012345566
1696456200000,2023-10-04T21:50:00Z,0.08899,0.089,0.08899,0.08899,7436,661.75927,0.08903,0.08903,0.08899,0.08899,0.0891,0.0891,0.08905,0.08907,-0.00088418,-0.00051297,-0.00064102,-0.00064102,-7.999999999999674e-05,-0.0008981699786684264
1696456500000,2023-10-04T21:55:00Z,0.08899,0.08899,0.08895,0.08895,27259,2425.1788,0.08899,0.08901,0.08895,0.08895,0.08907,0.08909,0.08902,0.08903,-0.00064102,-0.00064476,-0.00073042,-0.00073042,-7.999999999999674e-05,-0.0008985735145456222
1696456800000,2023-10-04T22:00:00Z,0.08895,0.08895,0.08879,0.08883,1860637,165328.74171,0.08895,0.08895,0.08883,0.08883,0.08903,0.08903,0.08893,0.08893,-0.00073042,-0.00097447,-0.00117088,-0.00117088,-9.999999999998899e-05,-0.0011244799280331608
1696457100000,2023-10-04T22:05:00Z,0.08883,0.08891,0.08883,0.08891,82877,7363.81872,0.08883,0.08891,0.08883,0.08891,0.08893,0.08901,0.08892,0.08899,-0.00117088,-0.00084371,-0.0009846,-0.0009846,-7.999999999999674e-05,-0.0008989774131924569
1696457400000,2023-10-04T22:10:00Z,0.08891,0.08892,0.08891,0.08891,4576,406.86144,0.08891,0.08893,0.08891,0.08891,0.08899,0.08902,0.08899,0.089,-0.0009846,-0.00087921,-0.00099146,-0.00099146,-8.999999999999286e-05,-0.0010112359550560996
1696457700000,2023-10-04T22:15:00Z,0.08891,0.08892,0.08885,0.08886,208950,18571.48539,0.08891,0.08893,0.08886,0.08887,0.089,0.08902,0.08895,0.08897,-0.00099146,-0.00101169,-0.00101169,-0.00101169,-0.00010999999999999899,-0.0012363718107227042
1696458000000,2023-10-04T22:20:00Z,0.08886,0.0889,0.08884,0.0889,34962,3106.7578,0.08887,0.0889,0.08884,0.0889,0.08897,0.089,0.08893,0.089,-0.00101169,-0.00096932,-0.00097999,-0.00096932,-9.999999999998899e-05,-0.0011235955056178538
1696458300000,2023-10-04T22:25:00Z,0.0889,0.08902,0.0889,0.08902,49837,4432.89754,0.0889,0.08902,0.0889,0.08902,0.089,0.08909,0.08898,0.08909,-0.00096932,-0.00072159,-0.00088257,-0.00088257,-7.000000000000062e-05,-0.000785722303288816
1696458600000,2023-10-04T22:30:00Z,0.08902,0.08903,0.089,0.08903,28810,2564.4164,0.08902,0.08903,0.089,0.08903,0.08909,0.08912,0.08909,0.08912,-0.00088257,-0.00071178,-0.00096386,-0.00071178,-9.000000000000674e-05,-0.0010098743267505244
1696458900000,2023-10-04T22:35:00Z,0.08903,0.08903,0.08899,0.089,123052,10952.02183,0.08903,0.08904,0.08899,0.089,0.08912,0.08913,0.08907,0.08908,-0.00071178,-0.00089325,-0.00098832,-0.00098832,-8.000000000001062e-05,-0.0008980691513247711
1696459200000,2023-10-04T22:40:00Z,0.089,0.089,0.08899,0.08899,23172,2062.1779,0.089,0.08901,0.08899,0.08899,0.08908,0.0891,0.08907,0.08908,-0.00098832,-0.00083037,-0.00083688,-0.00083688,-9.000000000000674e-05,-0.001010327795240309
1696459500000,2023-10-04T22:45:00Z,0.08899,0.08899,0.08895,0.08898,150086,13354.01414,0.08899,0.08899,0.08895,0.08898,0.08908,0.08908,0.08904,0.08905,-0.00083688,-0.00056154,-0.00066775,-0.00056154,-7.000000000000062e-05,-0.00078607523862999
1696459800000,2023-10-04T22:50:00Z,0.08898,0.08898,0.08894,0.08894,471971,41994.89256,0.08898,0.08899,0.08894,0.08895,0.08905,0.08905,0.08899,0.089,-0.00056154,-0.00044933,-0.00056179,-0.00056179,-5.9999999999990616e-05,-0.0006741573033706811
1696460100000,2023-10-04T22:55:00Z,0.08894,0.08894,0.08887,0.0889,71591,6364.59579,0.08895,0.08896,0.0889,0.08891,0.089,0.08901,0.08895,0.08897,-0.00056179,-0.00045442,-0.00050713,-0.00050713,-6.999999999998674e-05,-0.0007867820613688518
1696460400000,2023-10-04T23:00:00Z,0.0889,0.08891,0.08883,0.08889,79226,7039.58534,0.08891,0.08892,0.08884,0.08891,0.08897,0.08898,0.08891,0.08898,-0.00050713,-0.00062795,-0.00078605,-0.00078605,-9.000000000000674e-05,-0.001011463250168653
1696460700000,2023-10-04T23:05:00Z,0.08889,0.08901,0.08889,0.089,876089,77940.39304,0.08891,0.089,0.0889,0.089,0.08898,0.08907,0.08897,0.08907,-0.00078605,-0.00051212,-0.00051656,-0.00051656,-7.000000000000062e-05,-0.000785898731334912
1696461000000,2023-10-04T23:10:00Z,0.089,0.08901,0.08898,0.08899,13365,1189.44075,0.089,0.08903,0.08899,0.08899,0.08907,0.0891,0.08906,0.08906,-0.00051656,-0.00043056,-0.00070936,-0.00070936,-7.000000000000062e-05,-0.0007859869750729914
1696461300000,2023-10-04T23:15:00Z,0.08899,0.0892,0.08899,0.08907,1421214,126684.24123,0.08899,0.08913,0.08899,0.08907,0.08906,0.08917,0.08906,0.08913,-0.00070936,-0.00045231,-0.00062888,-0.00045231,-6.0000000000004494e-05,-0.0006731740154830528
1696461600000,2023-10-04T23:20:00Z,0.08907,0.08911,0.08897,0.08897,123831,11028.60401,0.08907,0.08911,0.08899,0.08899,0.08913,0.08914,0.08905,0.08905,-0.00045231,-0.00056116,-0.00056148,-0.00056148,-8.000000000001062e-05,-0.0008983717012915286
1696461900000,2023-10-04T23:25:00Z,0.08897,0.089,0.08897,0.08899,17126,1524.0425,0.08899,0.08901,0.08899,0.089,0.08905,0.08908,0.08905,0.08907,-0.00056148,-0.00050948,-0.00052902,-0.00052902,-7.999999999999674e-05,-0.0008981699786684264
1696462200000,2023-10-04T23:30:00Z,0.08899,0.08903,0.08898,0.08898,18720,1666.20529,0.089,0.08903,0.08899,0.089,0.08907,0.08909,0.08905,0.08906,-0.00052902,-0.00028917,-0.00071648,-0.00071648,-7.999999999999674e-05,-0.0008982708286548028
1696462500000,2023-10-04T23:35:00Z,0.08898,0.08902,0.08898,0.08899,38368,3414.42478,0.089,0.08902,0.08899,0.089,0.08906,0.08908,0.08906,0.08907,-0.00071648,-0.0006737,-0.00078073,-0.0006737,-7.999999999999674e-05,-0.0008981699786684264
1696462800000,2023-10-04T23:40:00Z,0.08899,0.08899,0.08889,0.08889,33698,2997.09307,0.089,0.089,0.08889,0.08889,0.08907,0.08907,0.08896,0.08896,-0.0006737,-0.0008066,-0.00089867,-0.0008066,-7.000000000000062e-05,-0.0007868705035971292
1696463100000,2023-10-04T23:45:00Z,0.08889,0.0889,0.08888,0.08888,20501,1822.28977,0.08889,0.0889,0.08888,0.08888,0.08896,0.08898,0.08894,0.08895,-0.0008066,-0.00067453,-0.00067453,-0.00067453,-7.000000000000062e-05,-0.0007869589657110806
1696463400000,2023-10-04T23:50:00Z,0.08888,0.08888,0.08883,0.08883,53738,4775.0759,0.08888,0.08888,0.08883,0.08883,0.08895,0.08895,0.0889,0.0889,-0.00067453,-0.00059395,-0.00074333,-0.00074333,-7.000000000000062e-05,-0.0007874015748031565
1696463700000,2023-10-04T23:55:00Z,0.08883,0.08884,0.08883,0.08883,22645,2011.60992,0.08883,0.08885,0.08883,0.08884,0.0889,0.08892,0.0889,0.08891,-0.00074333,-0.00056337,-0.0006502,-0.00056337,-7.999999999999674e-05,-0.0008997863007535343
1696464000000,2023-10-05T00:00:00Z,0.08883,0.08884,0.08877,0.08879,319215,28349.85708,0.08884,0.08884,0.08877,0.0888,0.08891,0.08891,0.08883,0.08889,-0.00056337,-0.00078431,-0.00091541,-0.00091541,-0.00010000000000000286,-0.0011249859376758113
1696464300000,2023-10-05T00:05:00Z,0.08879,0.08887,0.08878,0.08878,39901,3544.24499,0.0888,0.08887,0.08879,0.08881,0.08889,0.08895,0.08888,0.08889,-0.00091541,-0.00076152,-0.00101191,-0.00101191,-0.00010999999999999899,-0.0012374845314433456
1696464600000,2023-10-05T00:10:00Z,0.08878,0.08883,0.08876,0.08877,152826,13567.63273,0.08881,0.08885,0.08876,0.0888,0.08889,0.08893,0.08885,0.08889,-0.00101191,-0.00072454,-0.00082644,-0.00072454,-0.00011999999999999511,-0.00134998312521088
1696464900000,2023-10-05T00:15:00Z,0.08877,0.08888,0.08877,0.08885,49879,4431.12574,0.0888,0.08888,0.0888,0.08885,0.08889,0.08898,0.08889,0.08895,-0.00072454,-0.0007403,-0.00101157,-0.00101157,-0.00010000000000000286,-0.0011242270938729944
1696465200000,2023-10-05T00:20:00Z,0.08885,0.08885,0.08879,0.08879,78234,6947.97116,0.08885,0.08885,0.08879,0.08879,0.08895,0.08895,0.08887,0.08887,-0.00101157,-0.00078766,-0.00099943,-0.00078766,-8.000000000001062e-05,-0.0009001912906493824
1696465500000,2023-10-05T00:25:00Z,0.08879,0.08879,0.08875,0.08879,36985,3282.76738,0.08879,0.08879,0.08875,0.08879,0.08887,0.08888,0.08884,0.08888,-0.00078766,-0.000905,-0.00119511,-0.000905,-9.000000000000674e-05,-0.0010126012601260885
1696465800000,2023-10-05T00:30:00Z,0.08879,0.08881,0.08875,0.08875,28895,2565.78114,0.08879,0.08881,0.08876,0.08877,0.08888,0.0889,0.08886,0.08887,-0.000905,-0.00056268,-0.00112511,-0.00112511,-0.00012000000000000899,-0.0013502869359739956
1696466100000,2023-10-05T00:35:00Z,0.08875,0.08877,0.0887,0.08873,112876,10014.96284,0.08877,0.08877,0.0887,0.08874,0.08887,0.08887,0.08879,0.08884,-0.00112511,-0.00072334,-0.00106776,-0.00072334,-0.00010999999999999899,-0.001238180999549741
1696466400000,2023-10-05T00:40:00Z,0.08873,0.08882,0.08872,0.08882,60545,5372.31295,0.08874,0.08882,0.08872,0.08882,0.08884,0.0889,0.0888,0.0889,-0.00072334,-0.00046497,-0.00075883,-0.00046497,-8.000000000001062e-05,-0.0008998875140608617
1696466700000,2023-10-05T00:45:00Z,0.08882,0.08896,0.08881,0.08885,132341,11764.58593,0.08882,0.08896,0.08881,0.08886,0.0889,0.08903,0.08889,0.08893,-0.00046497,-0.00033719,-0.00060015,-0.00060015,-7.999999999999674e-05,-0.0008995839424265911
1696467000000,2023-10-05T00:50:00Z,0.08885,0.08892,0.08884,0.08889,58483,5198.79411,0.08886,0.08893,0.08885,0.08889,0.08893,0.08899,0.08891,0.08895,-0.00060015,-0.00061528,-0.00078687,-0.00078687,-6.0000000000004494e-05,-0.0006745362563238279
1696467300000,2023-10-05T00:55:00Z,0.08889,0.08889,0.0885,0.08868,3143774,278673.2302,0.08889,0.08889,0.08869,0.0887,0.08895,0.08895,0.08876,0.08877,-0.00078687,-0.00056605,-0.0008252,-0.0008252,-9.000000000000674e-05,-0.001013856032443469
1696467600000,2023-10-05T01:00:00Z,0.08868,0.08868,0.0886,0.08868,153109,13571.14741,0.0887,0.0887,0.08861,0.08869,0.08877,0.08877,0.08869,0.08877,-0.0008252,-0.00074129,-0.00094795,-0.00094795,-9.000000000000674e-05,-0.001013856032443469
1696467900000,2023-10-05T01:05:00Z,0.08868,0.08868,0.08862,0.08862,24082,2134.8022,0.08869,0.08869,0.08865,0.08865,0.08877,0.08877,0.08871,0.08873,-0.00094795,-0.00067613,-0.0009013,-0.00067613,-0.00010999999999999899,-0.0012397159923362897
1696468200000,2023-10-05T01:10:00Z,0.08862,0.08867,0.0886,0.08867,38295,3393.5512,0.08865,0.08869,0.08861,0.08869,0.08873,0.08879,0.08869,0.08879,-0.00067613,-0.00083864,-0.0010142,-0.00083864,-0.00011999999999999511,-0.0013515035476967577
1696468500000,2023-10-05T01:15:00Z,0.08867,0.08868,0.08864,0.08865,7498,664.8217,0.08869,0.0887,0.08865,0.08865,0.08879,0.0888,0.08872,0.08872,-0.00083864,-0.00089394,-0.00093263,-0.00089394,-6.999999999998674e-05,-0.0007889990982865954
1696468800000,2023-10-05T01:20:00Z,0.08865,0.08865,0.08863,0.08864,137810,12216.28183,0.08865,0.08865,0.08864,0.08864,0.08872,0.08874,0.08871,0.08872,-0.00089394,-0.00078899,-0.00090161,-0.00078899,-7.999999999999674e-05,-0.0009017132551848145
1696469100000,2023-10-05T01:25:00Z,0.08864,0.08864,0.08859,0.08859,47862,4241.02535,0.08864,0.08864,0.08859,0.08859,0.08872,0.08872,0.08867,0.08867,-0.00078899,-0.00056382,-0.00066166,-0.00066166,-7.999999999999674e-05,-0.000902221720987896
1696469400000,2023-10-05T01:30:00Z,0.08859,0.08859,0.0885,0.08851,11921,1055.29571,0.08859,0.0886,0.08851,0.08851,0.08867,0.08868,0.08859,0.08861,-0.00066166,-0.00078988,-0.00087042,-0.00087042,-9.999999999998899e-05,-0.0011285407967496783
1696469700000,2023-10-05T01:35:00Z,0.08851,0.08851,0.08845,0.08845,33343,2949.77263,0.08851,0.08852,0.08845,0.08845,0.08861,0.08861,0.08852,0.08853,-0.00087042,-0.00079069,-0.00079069,-0.00079069,-7.999999999999674e-05,-0.0009036484807409549
1696470000000,2023-10-05T01:40:00Z,0.08845,0.08849,0.08844,0.08845,84161,7445.01781,0.08845,0.08851,0.08845,0.08848,0.08853,0.08859,0.08853,0.08858,-0.00079069,-0.00098577,-0.00102224,-0.00102224,-0.0001300000000000051,-0.001467599909686217
1696470300000,2023-10-05T01:45:00Z,0.08845,0.08854,0.08845,0.08853,13902,1230.44727,0.08848,0.08855,0.08848,0.08855,0.08858,0.08866,0.08858,0.08866,-0.00102224,-0.00101534,-0.00107323,-0.00101534,-0.0001300000000000051,-0.0014662756598241046
1696470600000,2023-10-05T01:50:00Z,0.08853,0.08865,0.08853,0.08865,60245,5339.15852,0.08855,0.08868,0.08855,0.08867,0.08866,0.08879,0.08866,0.08878,-0.00101534,-0.00098614,-0.00102974,-0.00098614,-0.00012999999999999123,-0.0014642937598557248
1696470900000,2023-10-05T01:55:00Z,0.08865,0.08879,0.08865,0.08869,130795,11606.40156,0.08867,0.08877,0.08867,0.08869,0.08878,0.08885,0.08877,0.08878,-0.00098614,-0.00085263,-0.0008903,-0.0008903,-8.999999999999286e-05,-0.001013741833746259
1696471200000,2023-10-05T02:00:00Z,0.08869,0.08878,0.08869,0.08877,94354,8372.26423,0.08869,0.08879,0.08869,0.08879,0.08878,0.08889,0.08878,0.08889,-0.0008903,-0.00069323,-0.00119272,-0.00069323,-0.00011999999999999511,-0.00134998312521088
1696471500000,2023-10-05T02:05:00Z,0.08877,0.0888,0.08873,0.08879,365473,32446.80956,0.08879,0.0888,0.08877,0.08879,0.08889,0.08889,0.08881,0.08883,-0.00069323,-0.00059862,-0.00088317,-0.00088317,-4.000000000001225e-05,-0.000450298322638886
1696471800000,2023-10-05T02:10:00Z,0.08879,0.08897,0.08879,0.08897,665738,59172.92545,0.08879,0.08897,0.08879,0.08897,0.08883,0.089,0.08883,0.089,-0.00088317,-0.00003024,-0.0003919,-0.00003024,-3.0000000000002247e-05,-0.0003370786516854185
1696472100000,2023-10-05T02:15:00Z,0.08897,0.08902,0.08889,0.08902,246033,21882.70997,0.08897,0.08902,0.08893,0.08902,0.089,0.08907,0.08897,0.08906,-0.00003024,-0.00044992,-0.00050297,-0.00044992,-3.999999999999837e-05,-0.0004491354143274014
1696472400000,2023-10-05T02:20:00Z,0.08902,0.08908,0.08893,0.08894,205176,18269.87212,0.08902,0.08909,0.08895,0.08897,0.08906,0.08915,0.08901,0.08903,-0.00044992,-0.00023889,-0.00067393,-0.00067393,-8.999999999999286e-05,-0.001010895203863786
1696472700000,2023-10-05T02:25:00Z,0.08894,0.08906,0.08893,0.08906,51577,4590.43379,0.08897,0.08909,0.08894,0.08909,0.08903,0.08917,0.08901,0.08917,-0.00067393,-0.00040426,-0.00067358,-0.00067358,-0.00010999999999999899,-0.0012335987439721766
1696473000000,2023-10-05T02:30:00Z,0.08906,0.08924,0.08905,0.08918,227760,20298.48485,0.08909,0.08924,0.08905,0.0892,0.08917,0.08929,0.08913,0.08928,-0.00067358,-0.0003037,-0.00032294,-0.00032294,-0.00010000000000000286,-0.0011200716845878457
1696473300000,2023-10-05T02:35:00Z,0.08918,0.08918,0.08902,0.08903,188741,16810.87582,0.0892,0.0892,0.08902,0.08903,0.08928,0.08928,0.08908,0.08908,-0.00032294,-0.00067347,-0.00099786,-0.00067347,-5.000000000000837e-05,-0.0005612932195780014
1696473600000,2023-10-05T02:40:00Z,0.08903,0.08904,0.08895,0.08895,175760,15642.32896,0.08903,0.08904,0.08895,0.08895,0.08908,0.08911,0.08901,0.08901,-0.00067347,-0.00037651,-0.00061143,-0.00061143,-6.0000000000004494e-05,-0.0006740815638692786
1696473900000,2023-10-05T02:45:00Z,0.08895,0.08899,0.08893,0.08898,23035,2048.64194,0.08895,0.08901,0.08895,0.08898,0.08901,0.08908,0.089,0.08905,-0.00061143,-0.00064394,-0.00068114,-0.00068114,-7.000000000000062e-05,-0.00078607523862999
1696474200000,2023-10-05T02:50:00Z,0.08898,0.08899,0.08893,0.08895,17829,1585.80825,0.08898,0.08899,0.08893,0.08896,0.08905,0.08908,0.089,0.08903,-0.00068114,-0.00057442,-0.00085982,-0.00085982,-7.999999999999674e-05,-0.0008985735145456222
1696474500000,2023-10-05T02:55:00Z,0.08895,0.08902,0.08895,0.08899,22107,1967.51032,0.08896,0.08902,0.08896,0.08899,0.08903,0.08908,0.08903,0.08907,-0.00085982,-0.00035384,-0.00059074,-0.00035384,-7.999999999999674e-05,-0.0008981699786684264
1696474800000,2023-10-05T03:00:00Z,0.08899,0.08902,0.08898,0.08901,18324,1630.84836,0.08899,0.08904,0.08899,0.08901,0.08907,0.08911,0.08905,0.08907,-0.00035384,-0.00046777,-0.00083434,-0.00083434,-5.9999999999990616e-05,-0.000673627484001242
1696475100000,2023-10-05T03:05:00Z,0.08901,0.08901,0.08889,0.08898,820505,72954.05572,0.08901,0.08901,0.08894,0.08898,0.08907,0.08907,0.08901,0.08905,-0.00083434,-0.00058169,-0.00062365,-0.00058169,-7.000000000000062e-05,-0.00078607523862999
1696475400000,2023-10-05T03:10:00Z,0.08898,0.08909,0.08898,0.08906,410253,36514.66504,0.08898,0.08909,0.08898,0.08906,0.08905,0.08916,0.08904,0.08913,-0.00058169,-0.00054016,-0.00071702,-0.00071702,-7.000000000000062e-05,-0.0007853696847301764
1696475700000,2023-10-05T03:15:00Z,0.08906,0.08908,0.08902,0.08908,16706,1487.6967,0.08906,0.08908,0.08903,0.08908,0.08913,0.08916,0.0891,0.08916,-0.00071702,-0.00055256,-0.00073773,-0.00055256,-7.999999999999674e-05,-0.000897263346792247
1696476000000,2023-10-05T03:20:00Z,0.08908,0.08909,0.08908,0.08909,10000,890.84205,0.08908,0.0891,0.08908,0.0891,0.08916,0.08917,0.08913,0.08917,-0.00055256,-0.00037027,-0.0005097,-0.0005097,-7.999999999999674e-05,-0.0008971627228888274
1696476300000,2023-10-05T03:25:00Z,0.08909,0.08913,0.08909,0.08911,13531,1205.73904,0.0891,0.08915,0.0891,0.08911,0.08917,0.08922,0.08917,0.08919,-0.0005097,-0.00060773,-0.00060791,-0.00060791,-8.000000000001062e-05,-0.0008969615427739725
1696476600000,2023-10-05T03:30:00Z,0.08911,0.08918,0.08911,0.08917,55464,4944.97354,0.08911,0.0892,0.08911,0.08918,0.08919,0.08927,0.08917,0.08926,-0.00060791,-0.00069568,-0.00087261,-0.00087261,-9.000000000000674e-05,-0.0010082903876317134
1696476900000,2023-10-05T03:35:00Z,0.08917,0.08917,0.08916,0.08916,38007,3389.03708,0.08918,0.08919,0.08916,0.08919,0.08926,0.08927,0.08922,0.08927,-0.00087261,-0.00059789,-0.00071111,-0.00071111,-0.00010999999999999899,-0.0012322168701691383
1696477200000,2023-10-05T03:40:00Z,0.08916,0.08916,0.08915,0.08916,31974,2850.56391,0.08919,0.08919,0.08916,0.08916,0.08927,0.08927,0.08922,0.08924,-0.00071111,-0.00064279,-0.00077406,-0.00077406,-7.999999999999674e-05,-0.0008964589870013082
1696477500000,2023-10-05T03:45:00Z,0.08916,0.08916,0.08913,0.08913,87808,7827.06995,0.08916,0.08917,0.08913,0.08913,0.08924,0.08926,0.08921,0.08921,-0.00077406,-0.00077216,-0.00077617,-0.00077617,-7.999999999999674e-05,-0.0008967604528639922
1696477800000,2023-10-05T03:50:00Z,0.08913,0.08914,0.0891,0.08911,4458,397.29443,0.08913,0.08915,0.0891,0.08911,0.08921,0.08923,0.08917,0.08919,-0.00077617,-0.00079961,-0.00082585,-0.00079961,-8.000000000001062e-05,-0.0008969615427739725
1696478100000,2023-10-05T03:55:00Z,0.08911,0.08916,0.0891,0.08916,51720,4609.25311,0.08911,0.08918,0.0891,0.08916,0.08919,0.08926,0.08918,0.08924,-0.00079961,-0.00051025,-0.00074321,-0.00051025,-7.999999999999674e-05,-0.0008964589870013082
1696478400000,2023-10-05T04:00:00Z,0.08916,0.08935,0.08913,0.08932,571343,51014.73506,0.08916,0.08932,0.08913,0.08932,0.08924,0.08936,0.08921,0.08936,-0.00051025,-0.00022615,-0.0009103,-0.00022615,-3.999999999999837e-05,-0.00044762757385853147
1696478700000,2023-10-05T04:05:00Z,0.08932,0.08935,0.08927,0.08928,200718,17927.07774,0.08932,0.08935,0.08928,0.08929,0.08936,0.08939,0.08933,0.08934,-0.00022615,-0.00017455,-0.00025978,-0.00025978,-6.0000000000004494e-05,-0.0006715916722633143
1696479000000,2023-10-05T04:10:00Z,0.08928,0.08929,0.08921,0.08924,18875,1684.66525,0.08929,0.0893,0.08924,0.08925,0.08934,0.08936,0.08929,0.08932,-0.00025978,-0.00029252,-0.00054719,-0.00054719,-7.999999999999674e-05,-0.0008956560680698247
1696479300000,2023-10-05T04:15:00Z,0.08924,0.08928,0.0892,0.08924,127161,11347.77058,0.08925,0.08928,0.08922,0.08926,0.08932,0.08934,0.08927,0.08933,-0.00054719,-0.00059404,-0.00063587,-0.00063587,-9.000000000000674e-05,-0.0010075002798612643
1696479600000,2023-10-05T04:20:00Z,0.08924,0.08929,0.08924,0.08929,6969,622.19232,0.08926,0.08931,0.08926,0.08931,0.08933,0.08938,0.08932,0.08938,-0.00063587,-0.00035176,-0.00061423,-0.00061423,-9.000000000000674e-05,-0.0010069366748714113
1696479900000,2023-10-05T04:25:00Z,0.08929,0.08933,0.08922,0.08923,416219,37140.78782,0.08931,0.08933,0.08924,0.08925,0.08938,0.08939,0.08931,0.08932,-0.00061423,-0.00059191,-0.00067174,-0.00059191,-8.999999999999286e-05,-0.001007613076578514
1696480200000,2023-10-05T04:30:00Z,0.08923,0.08933,0.08923,0.08933,64247,5737.02726,0.08925,0.08934,0.08925,0.08934,0.08932,0.08941,0.08932,0.08941,-0.00059191,-0.00049071,-0.0005856,-0.00049071,-7.999999999999674e-05,-0.0008947545017335503
1696480500000,2023-10-05T04:35:00Z,0.08933,0.08942,0.08933,0.08938,216950,19393.47364,0.08934,0.0894,0.08933,0.08938,0.08941,0.08948,0.08941,0.08945,-0.00049071,-0.00058841,-0.00078247,-0.00078247,-7.000000000000062e-05,-0.0007825600894354457
1696480800000,2023-10-05T04:40:00Z,0.08938,0.08938,0.08936,0.08936,53870,4814.36178,0.08938,0.0894,0.08936,0.08937,0.08945,0.08947,0.08942,0.08944,-0.00078247,-0.00059928,-0.00071901,-0.00071901,-8.000000000001062e-05,-0.0008944543828265945
1696481100000,2023-10-05T04:45:00Z,0.08936,0.08936,0.08935,0.08935,5683,507.81007,0.08937,0.08938,0.08935,0.08938,0.08944,0.08946,0.08942,0.08946,-0.00071901,-0.00078273,-0.00078273,-0.00078273,-0.00010999999999999899,-0.0012295998211491056
1696481400000,2023-10-05T04:50:00Z,0.08935,0.08943,0.08933,0.08933,197955,17694.0441,0.08938,0.08943,0.08935,0.08935,0.08946,0.08946,0.08942,0.08942,-0.00078273,-0.00044717,-0.00085386,-0.00085386,-8.999999999999286e-05,-0.0010064862446879095
1696481700000,2023-10-05T04:55:00Z,0.08933,0.0894,0.08933,0.0894,13685,1222.77355,0.08935,0.08941,0.08935,0.0894,0.08942,0.08947,0.08942,0.08946,-0.00085386,-0.00044717,-0.0005589,-0.00044717,-6.0000000000004494e-05,-0.0006706908115359322
1696482000000,2023-10-05T05:00:00Z,0.0894,0.08941,0.0892,0.08922,315235,28132.66075,0.0894,0.08941,0.0892,0.08922,0.08946,0.08947,0.08927,0.08929,-0.00044717,-0.00055495,-0.00064166,-0.00064166,-7.000000000000062e-05,-0.0007839623698062563
1696482300000,2023-10-05T05:05:00Z,0.08922,0.08927,0.08922,0.08927,2451,218.72401,0.08922,0.08928,0.08922,0.08927,0.08929,0.08935,0.08929,0.08932,-0.00064166,-0.00056968,-0.00068479,-0.00056968,-4.999999999999449e-05,-0.0005597850425436016
1696482600000,2023-10-05T05:10:00Z,0.08927,0.08932,0.08924,0.08927,31967,2854.02086,0.08927,0.08932,0.08926,0.08927,0.08932,0.08937,0.08932,0.08934,-0.00056968,-0.000493,-0.00064954,-0.00064954,-7.000000000000062e-05,-0.0007835236176404815
1696482900000,2023-10-05T05:15:00Z,0.08927,0.08929,0.08926,0.08926,13529,1207.69432,0.08927,0.0893,0.08926,0.08929,0.08934,0.08936,0.08933,0.08936,-0.00064954,-0.00063024,-0.00075531,-0.00075531,-9.999999999998899e-05,-0.001119068934646251
1696483200000,2023-10-05T05:20:00Z,0.08926,0.0893,0.08921,0.08921,49802,4446.11228,0.08929,0.08931,0.08921,0.08921,0.08936,0.08938,0.08928,0.08928,-0.00075531,-0.00076732,-0.00094513,-0.00094513,-7.000000000000062e-05,-0.0007840501792114765
1696483500000,2023-10-05T05:25:00Z,0.08921,0.08933,0.0892,0.0893,66491,5936.10698,0.08921,0.08933,0.0892,0.08932,0.08928,0.0894,0.08927,0.08939,-0.00094513,-0.00045966,-0.0005758,-0.00045966,-8.999999999999286e-05,-0.001006824029533425
1696483800000,2023-10-05T05:30:00Z,0.0893,0.08931,0.08924,0.08924,93915,8386.24179,0.08932,0.08933,0.08924,0.08924,0.08939,0.0894,0.08932,0.08932,-0.00045966,-0.00059055,-0.00083174,-0.00083174,-7.999999999999674e-05,-0.0008956560680698247
1696484100000,2023-10-05T05:35:00Z,0.08924,0.08928,0.08924,0.08927,16891,1507.8582,0.08924,0.08929,0.08924,0.08927,0.08932,0.08937,0.08932,0.08935,-0.00083174,-0.00073161,-0.00084344,-0.00073161,-7.999999999999674e-05,-0.0008953553441521739
1696484400000,2023-10-05T05:40:00Z,0.08927,0.08927,0.08926,0.08926,6966,621.81982,0.08927,0.08928,0.08926,0.08926,0.08935,0.08936,0.08933,0.08934,-0.00073161,-0.00078128,-0.00085159,-0.00078128,-7.999999999999674e-05,-0.0008954555630176487
1696484700000,2023-10-05T05:45:00Z,0.08926,0.0893,0.08924,0.08929,204414,18244.46415,0.08926,0.0893,0.08924,0.08929,0.08934,0.08938,0.08932,0.08936,-0.00078128,-0.00073771,-0.00074082,-0.00073771,-7.000000000000062e-05,-0.0007833482542524689
1696485000000,2023-10-05T05:50:00Z,0.08929,0.08929,0.08924,0.08924,28095,2508.48683,0.08929,0.0893,0.08924,0.08925,0.08936,0.08937,0.08931,0.08934,-0.00073771,-0.00060711,-0.00078369,-0.00078369,-0.00010000000000000286,-0.0011193194537721385
1696485300000,2023-10-05T05:55:00Z,0.08924,0.08929,0.08924,0.08929,192239,17159.43197,0.08925,0.08929,0.08924,0.08929,0.08934,0.08937,0.08931,0.08937,-0.00078369,-0.00052137,-0.00082323,-0.00052137,-8.000000000001062e-05,-0.0008951549737049414
1696485600000,2023-10-05T06:00:00Z,0.08929,0.08936,0.08925,0.08935,23836,2128.6164,0.08929,0.08936,0.08925,0.08935,0.08937,0.08942,0.08933,0.08942,-0.00052137,-0.00046179,-0.00069269,-0.00046179,-7.000000000000062e-05,-0.0007828226347573318
1696485900000,2023-10-05T06:05:00Z,0.08935,0.08936,0.08932,0.08935,18100,1616.98361,0.08935,0.08936,0.08932,0.08935,0.08942,0.08943,0.08939,0.0894,-0.00046179,-0.00057213,-0.00069204,-0.00069204,-4.999999999999449e-05,-0.0005592841163310346
1696486200000,2023-10-05T06:10:00Z,0.08935,0.08935,0.08927,0.0893,53618,4788.13083,0.08935,0.08935,0.08928,0.0893,0.0894,0.08942,0.08934,0.08936,-0.00069204,-0.00050162,-0.00071239,-0.00050162,-5.9999999999990616e-05,-0.0006714413607877195
1696486500000,2023-10-05T06:15:00Z,0.0893,0.08931,0.08921,0.08921,111730,9973.99777,0.0893,0.08931,0.08924,0.08925,0.08936,0.08938,0.08932,0.08933,-0.00050162,-0.00078271,-0.00080149,-0.00078271,-0.00012000000000000899,-0.0013433337064816856
1696486800000,2023-10-05T06:20:00Z,0.08921,0.08921,0.08914,0.08916,25400,2264.87371,0.08925,0.08925,0.08914,0.08917,0.08933,0.08933,0.08923,0.08927,-0.00078271,-0.00089054,-0.00115133,-0.00115133,-0.00010999999999999899,-0.0012322168701691383
1696487100000,2023-10-05T06:25:00Z,0.08916,0.0892,0.08915,0.0892,4549,405.73577,0.08917,0.08922,0.08916,0.08921,0.08927,0.08932,0.08926,0.08931,-0.00115133,-0.00095901,-0.00107804,-0.00095901,-0.00010999999999999899,-0.001231664987123491
1696487400000,2023-10-05T06:30:00Z,0.0892,0.08938,0.08918,0.08931,589512,52658.79086,0.08921,0.08938,0.08918,0.08931,0.08931,0.08942,0.08929,0.08941,-0.00095901,-0.00060248,-0.00078291,-0.00078291,-0.00010000000000000286,-0.0011184431271670156
1696487700000,2023-10-05T06:35:00Z,0.08931,0.08931,0.08931,0.08931,200,17.862,0.08931,0.08933,0.08931,0.08932,0.08941,0.08942,0.08939,0.08941,-0.00078291,-0.00073277,-0.00087395,-0.00073277,-0.00010000000000000286,-0.0011184431271670156
1696488000000,2023-10-05T06:40:00Z,0.08931,0.08936,0.08931,0.08936,7095,633.81036,0.08932,0.08936,0.08931,0.08936,0.08941,0.08944,0.0894,0.08944,-0.00073277,-0.00072645,-0.00082981,-0.00082981,-8.000000000001062e-05,-0.0008944543828265945
1696488300000,2023-10-05T06:45:00Z,0.08936,0.08947,0.08935,0.08944,355076,31760.99228,0.08936,0.08944,0.08935,0.08944,0.08944,0.0895,0.08944,0.0895,-0.00082981,-0.00050486,-0.0005105,-0.0005105,-5.9999999999990616e-05,-0.0006703910614524091
1696488600000,2023-10-05T06:50:00Z,0.08944,0.08949,0.08941,0.08942,115658,10346.63826,0.08944,0.08949,0.08943,0.08943,0.0895,0.08952,0.08947,0.08947,-0.0005105,-0.00017109,-0.00040726,-0.00017109,-4.999999999999449e-05,-0.0005588465407398513
1696488900000,2023-10-05T06:55:00Z,0.08942,0.08942,0.08941,0.08941,3533,315.9165,0.08943,0.08945,0.08941,0.08942,0.08947,0.08949,0.08945,0.08946,-0.00017109,-0.00043847,-0.00044712,-0.00044712,-4.999999999999449e-05,-0.0005589090096131734
1696489200000,2023-10-05T07:00:00Z,0.08941,0.08941,0.08935,0.08935,92505,8269.42268,0.08942,0.08942,0.08935,0.08935,0.08946,0.08946,0.08937,0.08939,-0.00044712,-0.00022376,-0.00055915,-0.00022376,-3.999999999999837e-05,-0.0004474773464593173
1696489500000,2023-10-05T07:05:00Z,0.08935,0.08937,0.08932,0.08936,18503,1652.94906,0.08935,0.08939,0.08933,0.08937,0.08939,0.08943,0.08938,0.08942,-0.00022376,-0.00041221,-0.00044737,-0.00041221,-6.0000000000004494e-05,-0.0006709908297920431
1696489800000,2023-10-05T07:10:00Z,0.08936,0.08937,0.08929,0.08929,166054,14837.41403,0.08937,0.08937,0.08929,0.08929,0.08942,0.08942,0.08933,0.08933,-0.00041221,-0.00058988,-0.00060682,-0.00058988,-4.000000000001225e-05,-0.00044777790216066546
1696490100000,2023-10-05T07:15:00Z,0.08929,0.08932,0.08924,0.08924,98615,8805.3711,0.08929,0.08932,0.08926,0.08926,0.08933,0.08937,0.08932,0.08932,-0.00058988,-0.00058569,-0.00078408,-0.00078408,-7.999999999999674e-05,-0.0008956560680698247
1696490400000,2023-10-05T07:20:00Z,0.08924,0.08925,0.0892,0.08921,45782,4084.50169,0.08926,0.08926,0.0892,0.08923,0.08932,0.08932,0.08927,0.0893,-0.00078408,-0.00067069,-0.00070489,-0.00067069,-9.000000000000674e-05,-0.0010078387458007474
1696490700000,2023-10-05T07:25:00Z,0.08921,0.08921,0.0892,0.0892,15779,1407.60266,0.08923,0.08923,0.0892,0.0892,0.0893,0.0893,0.08926,0.08927,-0.00067069,-0.00035969,-0.00056016,-0.00056016,-7.000000000000062e-05,-0.0007841380082894659
1696491000000,2023-10-05T07:30:00Z,0.0892,0.08921,0.08918,0.08918,29719,2650.64232,0.0892,0.08921,0.08918,0.08918,0.08927,0.08927,0.08924,0.08924,-0.00056016,-0.00041326,-0.00063656,-0.00041326,-6.0000000000004494e-05,-0.0006723442402510589
1696491300000,2023-10-05T07:35:00Z,0.08918,0.08919,0.08916,0.08919,42976,3832.19819,0.08918,0.08921,0.08918,0.08921,0.08924,0.08928,0.08924,0.08928,-0.00041326,-0.00053607,-0.00074086,-0.00074086,-8.999999999999286e-05,-0.0010080645161289524
1696491600000,2023-10-05T07:40:00Z,0.08919,0.08927,0.08919,0.08927,119088,10628.35495,0.08921,0.08928,0.08921,0.08928,0.08928,0.08934,0.08925,0.08933,-0.00074086,-0.0004274,-0.00051634,-0.0004274,-6.0000000000004494e-05,-0.0006716668532408428
1696491900000,2023-10-05T07:45:00Z,0.08927,0.08931,0.08925,0.08925,15922,1421.65688,0.08928,0.08931,0.08925,0.08926,0.08933,0.08936,0.08931,0.08932,-0.0004274,-0.00066636,-0.00071151,-0.00066636,-7.000000000000062e-05,-0.0007836990595611354
1696492200000,2023-10-05T07:50:00Z,0.08925,0.08925,0.08916,0.08919,748611,66767.50737,0.08926,0.08926,0.08919,0.08919,0.08932,0.08932,0.08925,0.08925,-0.00066636,-0.00063645,-0.00069945,-0.00069945,-5.9999999999990616e-05,-0.0006722689075629201
1696492500000,2023-10-05T07:55:00Z,0.08919,0.08923,0.08919,0.08923,18137,1617.90828,0.08919,0.08926,0.08919,0.08925,0.08925,0.08932,0.08925,0.0893,-0.00069945,-0.00025285,-0.00035398,-0.00025285,-7.000000000000062e-05,-0.0007838745800671962
1696492800000,2023-10-05T08:00:00Z,0.08923,0.08933,0.08922,0.0893,144241,12877.75992,0.08925,0.08933,0.08924,0.0893,0.0893,0.08938,0.0893,0.08934,-0.00025285,-0.00041421,-0.00049278,-0.00049278,-3.999999999999837e-05,-0.0004477277815088244
1696493100000,2023-10-05T08:05:00Z,0.0893,0.0893,0.0892,0.0892,50013,4463.47428,0.0893,0.0893,0.0892,0.0892,0.08934,0.08934,0.08926,0.08926,-0.00049278,-0.00051656,-0.00060982,-0.00051656,-6.0000000000004494e-05,-0.0006721935917544756
1696493400000,2023-10-05T08:10:00Z,0.0892,0.0892,0.08913,0.08919,94176,8395.64208,0.0892,0.08921,0.08919,0.08921,0.08926,0.08927,0.08925,0.08927,-0.00051656,-0.00061711,-0.00061711,-0.00061711,-7.999999999999674e-05,-0.0008961577237593451
1696493700000,2023-10-05T08:15:00Z,0.08919,0.08919,0.08905,0.08905,168688,15030.00771,0.08921,0.08921,0.08908,0.08909,0.08927,0.08927,0.08917,0.08918,-0.00061711,-0.00096893,-0.00102153,-0.00102153,-0.00012999999999999123,-0.0014577259475217676
1696494000000,2023-10-05T08:20:00Z,0.08905,0.0891,0.08905,0.08907,100494,8950.86362,0.08909,0.0891,0.08906,0.08907,0.08918,0.08918,0.08914,0.08915,-0.00102153,-0.00056091,-0.00092529,-0.00056091,-7.999999999999674e-05,-0.0008973639932697336
1696494300000,2023-10-05T08:25:00Z,0.08907,0.08909,0.08902,0.08907,54808,4880.81422,0.08907,0.08909,0.08903,0.08907,0.08915,0.08916,0.0891,0.08914,-0.00056091,-0.00061716,-0.0006933,-0.00061716,-7.000000000000062e-05,-0.0007852815795378127
1696494600000,2023-10-05T08:30:00Z,0.08907,0.08913,0.08907,0.08913,17050,1518.79596,0.08907,0.08913,0.08907,0.08913,0.08914,0.0892,0.08913,0.0892,-0.00061716,-0.00053189,-0.00064117,-0.00053189,-7.000000000000062e-05,-0.0007847533632287065
1696494900000,2023-10-05T08:35:00Z,0.08913,0.08913,0.08909,0.08911,40729,3629.73892,0.08913,0.08913,0.08909,0.08913,0.0892,0.0892,0.08916,0.0892,-0.00053189,-0.00061811,-0.00076169,-0.00061811,-9.000000000000674e-05,-0.0010089686098655464
1696495200000,2023-10-05T08:40:00Z,0.08911,0.08911,0.08904,0.08904,22845,2034.36763,0.08913,0.08913,0.08904,0.08904,0.0892,0.08921,0.08911,0.08911,-0.00061811,-0.00049057,-0.00069949,-0.00049057,-7.000000000000062e-05,-0.0007855459544383416
1696495500000,2023-10-05T08:45:00Z,0.08904,0.08905,0.08904,0.08905,12718,1132.42448,0.08904,0.08905,0.08904,0.08905,0.08911,0.08912,0.0891,0.08911,-0.00049057,-0.00067332,-0.00067332,-0.00067332,-5.9999999999990616e-05,-0.0006733251038041816
1696495800000,2023-10-05T08:50:00Z,0.08905,0.08909,0.08905,0.08907,113846,10139.18118,0.08905,0.08909,0.08905,0.08908,0.08911,0.08916,0.08911,0.08915,-0.00067332,-0.00065204,-0.00073314,-0.00073314,-7.999999999999674e-05,-0.0008973639932697336
1696496100000,2023-10-05T08:55:00Z,0.08907,0.0891,0.08907,0.0891,32189,2867.744,0.08908,0.0891,0.08908,0.0891,0.08915,0.08917,0.08915,0.08917,-0.00073314,-0.0006246,-0.00065612,-0.0006246,-7.000000000000062e-05,-0.0007850173825277629
1696496400000,2023-10-05T09:00:00Z,0.0891,0.08911,0.08909,0.08911,44537,3968.25205,0.0891,0.08912,0.0891,0.08911,0.08917,0.0892,0.08916,0.08919,-0.0006246,-0.00065978,-0.00075386,-0.00065978,-8.000000000001062e-05,-0.0008969615427739725
1696496700000,2023-10-05T09:05:00Z,0.08911,0.08918,0.08911,0.08918,27707,2470.78243,0.08911,0.08919,0.08911,0.08919,0.08919,0.08926,0.08919,0.08926,-0.00065978,-0.0006177,-0.00073907,-0.00073907,-8.000000000001062e-05,-0.0008962581223393526
1696497000000,2023-10-05T09:10:00Z,0.08918,0.08928,0.08918,0.08928,49707,4434.43156,0.08919,0.08928,0.08919,0.08928,0.08926,0.08934,0.08926,0.08934,-0.00073907,-0.00057507,-0.00080624,-0.00057507,-6.0000000000004494e-05,-0.0006715916722633143
1696497300000,2023-10-05T09:15:00Z,0.08928,0.08933,0.08928,0.08932,22795,2035.46113,0.08928,0.08933,0.08928,0.08932,0.08934,0.08939,0.08934,0.08939,-0.00057507,-0.0004963,-0.00058305,-0.0004963,-7.000000000000062e-05,-0.0007830853563038441
1696497600000,2023-10-05T09:20:00Z,0.08932,0.08941,0.08932,0.08941,85475,7638.6105,0.08932,0.0894,0.08932,0.0894,0.08939,0.08947,0.08939,0.08946,-0.0004963,-0.00064412,-0.00077747,-0.00064412,-4.999999999999449e-05,-0.0005589090096131734
1696497900000,2023-10-05T09:25:00Z,0.08941,0.08941,0.08927,0.08927,43962,3927.95374,0.0894,0.08941,0.08927,0.08927,0.08946,0.08947,0.08933,0.08933,-0.00064412,-0.00067136,-0.00081196,-0.00067136,-6.0000000000004494e-05,-0.0006716668532408428
1696498200000,2023-10-05T09:30:00Z,0.08927,0.08928,0.08923,0.08928,29451,2628.97934,0.08927,0.08928,0.08924,0.08928,0.08933,0.08935,0.08931,0.08932,-0.00067136,-0.00067871,-0.00069148,-0.00067871,-3.999999999999837e-05,-0.00044782803403491236
1696498500000,2023-10-05T09:35:00Z,0.08928,0.08928,0.08924,0.08924,65050,5807.429,0.08928,0.08928,0.08924,0.08924,0.08932,0.08933,0.0893,0.08931,-0.00067871,-0.00071212,-0.0008672,-0.00071212,-7.000000000000062e-05,-0.0007837868099876903
1696498800000,2023-10-05T09:40:00Z,0.08924,0.08928,0.08923,0.08928,82056,7324.59643,0.08924,0.08929,0.08923,0.08929,0.08931,0.08935,0.0893,0.08935,-0.00071212,-0.00063454,-0.00064002,-0.00064002,-7.000000000000062e-05,-0.000783435926133191
1696499100000,2023-10-05T09:45:00Z,0.08928,0.08929,0.08917,0.08918,104944,9363.75855,0.08929,0.0893,0.0892,0.08921,0.08935,0.08937,0.08927,0.08928,-0.00064002,-0.00055959,-0.00067159,-0.00055959,-0.00010000000000000286,-0.0011200716845878457
1696499400000,2023-10-05T09:50:00Z,0.08918,0.08922,0.08918,0.08922,10150,905.57672,0.08921,0.08922,0.08919,0.08922,0.08928,0.08928,0.08925,0.08928,-0.00055959,-0.0005331,-0.00056009,-0.0005331,-6.0000000000004494e-05,-0.0006720430107527385
1696499700000,2023-10-05T09:55:00Z,0.08922,0.08922,0.08921,0.08921,2623,233.99783,0.08922,0.08923,0.08921,0.08921,0.08928,0.08929,0.08927,0.08928,-0.0005331,-0.00063265,-0.0007078,-0.0007078,-7.000000000000062e-05,-0.0007840501792114765
1696500000000,2023-10-05T10:00:00Z,0.08921,0.0893,0.08921,0.0893,21740,1940.4031,0.08921,0.08931,0.08921,0.08931,0.08928,0.08938,0.08927,0.08938,-0.0007078,-0.00067174,-0.00068913,-0.00068913,-7.999999999999674e-05,-0.0008950548221078176
1696500300000,2023-10-05T10:05:00Z,0.0893,0.08934,0.08926,0.08926,27477,2453.77292,0.08931,0.08935,0.08927,0.08927,0.08938,0.08942,0.08933,0.08933,-0.00068913,-0.00048259,-0.00055965,-0.00055965,-7.000000000000062e-05,-0.0007836113287809315
1696500600000,2023-10-05T10:10:00Z,0.08926,0.08926,0.08917,0.08917,337579,30123.69553,0.08927,0.08927,0.08918,0.08918,0.08933,0.08933,0.08924,0.08924,-0.00055965,-0.00056723,-0.00059659,-0.00056723,-7.000000000000062e-05,-0.0007844016136261835
1696500900000,2023-10-05T10:15:00Z,0.08917,0.0892,0.08915,0.08915,45696,4075.12986,0.08918,0.0892,0.08915,0.08915,0.08924,0.08926,0.08921,0.08921,-0.00056723,-0.00056041,-0.00063341,-0.00056041,-6.0000000000004494e-05,-0.0006725703396480719
1696501200000,2023-10-05T10:20:00Z,0.08915,0.08915,0.08908,0.08908,78546,6997.94597,0.08915,0.08916,0.08909,0.0891,0.08921,0.08922,0.08914,0.08916,-0.00056041,-0.00044033,-0.00073295,-0.00044033,-7.999999999999674e-05,-0.000897263346792247
1696501500000,2023-10-05T10:25:00Z,0.08908,0.08908,0.08906,0.08908,7085,631.0122,0.0891,0.0891,0.08906,0.08908,0.08916,0.08917,0.08911,0.08912,-0.00044033,-0.0006541,-0.00071946,-0.00071946,-3.999999999999837e-05,-0.0004488330341112923
1696501800000,2023-10-05T10:30:00Z,0.08908,0.08908,0.08902,0.08903,47948,4269.06505,0.08908,0.08908,0.08902,0.08904,0.08912,0.08913,0.08906,0.08909,-0.00071946,-0.00040727,-0.00050241,-0.00050241,-6.0000000000004494e-05,-0.0006734762599618868
1696502100000,2023-10-05T10:35:00Z,0.08903,0.08908,0.08903,0.08908,71483,6365.43933,0.08904,0.08909,0.08903,0.08908,0.08909,0.08914,0.08908,0.0891,-0.00050241,-0.00043094,-0.0005253,-0.00043094,-1.9999999999992246e-05,-0.00022446689113347077
1696502400000,2023-10-05T10:40:00Z,0.08908,0.08908,0.089,0.089,69956,6228.10181,0.08908,0.08908,0.089,0.089,0.0891,0.08911,0.08906,0.08906,-0.00043094,-0.00056123,-0.00060424,-0.00060424,-6.0000000000004494e-05,-0.0006737031214911801
1696502700000,2023-10-05T10:45:00Z,0.089,0.08902,0.08896,0.08896,73438,6534.54261,0.089,0.08902,0.08896,0.08896,0.08906,0.08908,0.08902,0.08902,-0.00060424,-0.00044918,-0.00057412,-0.00057412,-6.0000000000004494e-05,-0.0006740058413840091
1696503000000,2023-10-05T10:50:00Z,0.08896,0.08897,0.08872,0.08881,954129,84760.84057,0.08896,0.08897,0.08881,0.08882,0.08902,0.08902,0.08885,0.08888,-0.00057412,-0.00044958,-0.00063647,-0.00044958,-7.000000000000062e-05,-0.0007875787578757945
1696503300000,2023-10-05T10:55:00Z,0.08881,0.08887,0.08881,0.08886,89561,7957.05783,0.08882,0.08888,0.08881,0.08886,0.08888,0.08894,0.08886,0.08891,-0.00044958,-0.00046024,-0.00056045,-0.00046024,-5.000000000000837e-05,-0.000562366437971076
1696503600000,2023-10-05T11:00:00Z,0.08886,0.08886,0.08883,0.08884,59652,5299.76621,0.08886,0.08886,0.08883,0.08886,0.08891,0.08892,0.08889,0.0889,-0.00046024,-0.0005149,-0.00059165,-0.00059165,-6.0000000000004494e-05,-0.0006749156355456074
1696503900000,2023-10-05T11:05:00Z,0.08884,0.08886,0.08883,0.08883,423513,37626.54689,0.08886,0.08887,0.08883,0.08883,0.0889,0.08893,0.08889,0.08889,-0.00059165,-0.00038526,-0.00067614,-0.00038526,-5.9999999999990616e-05,-0.0006749915626053619
1696504200000,2023-10-05T11:10:00Z,0.08883,0.08884,0.08883,0.08884,27827,2472.07766,0.08883,0.08884,0.08883,0.08884,0.08889,0.08889,0.08887,0.08888,-0.00038526,-0.0003876,-0.00039041,-0.0003876,-3.999999999999837e-05,-0.0004500450045004317
1696504500000,2023-10-05T11:15:00Z,0.08884,0.08884,0.08871,0.08872,118649,10530.57893,0.08884,0.08884,0.08871,0.08873,0.08888,0.08889,0.08875,0.08878,-0.0003876,-0.00041043,-0.00045209,-0.00041043,-6.0000000000004494e-05,-0.0006758278891642769
1696504800000,2023-10-05T11:20:00Z,0.08872,0.08873,0.08867,0.08869,31226,2770.14758,0.08873,0.08874,0.08868,0.08869,0.08878,0.08879,0.08873,0.08873,-0.00041043,-0.00037639,-0.00043584,-0.00043584,-3.999999999999837e-05,-0.0004508058153950002
1696505100000,2023-10-05T11:25:00Z,0.08869,0.08873,0.08869,0.08871,67702,6005.84675,0.08869,0.08874,0.08869,0.08872,0.08873,0.08879,0.08873,0.08877,-0.00043584,-0.00038166,-0.00041101,-0.00041101,-6.0000000000004494e-05,-0.0006759040216289793
1696505400000,2023-10-05T11:30:00Z,0.08871,0.08872,0.08868,0.08868,172030,15260.6413,0.08872,0.08875,0.08868,0.08868,0.08877,0.0888,0.08874,0.08875,-0.00041101,-0.00069436,-0.00073746,-0.00073746,-7.000000000000062e-05,-0.0007887323943662042
1696505700000,2023-10-05T11:35:00Z,0.08868,0.08876,0.08868,0.08873,53359,4734.83215,0.08868,0.08876,0.08868,0.08875,0.08875,0.08882,0.08875,0.08881,-0.00073746,-0.00036437,-0.00056655,-0.00056655,-7.999999999999674e-05,-0.0009007994595202876
1696506000000,2023-10-05T11:40:00Z,0.08873,0.0888,0.08871,0.08874,1097334,97382.56796,0.08875,0.0888,0.08873,0.08875,0.08881,0.08885,0.0888,0.08882,-0.00056655,-0.00060625,-0.00083834,-0.00083834,-7.999999999999674e-05,-0.0009006980409817242
1696506300000,2023-10-05T11:45:00Z,0.08874,0.08875,0.08869,0.0887,116673,10353.04165,0.08875,0.08875,0.08869,0.0887,0.08882,0.08882,0.08877,0.08878,-0.00083834,-0.00080333,-0.00101013,-0.00080333,-7.999999999999674e-05,-0.0009011038522189316
1696506600000,2023-10-05T11:50:00Z,0.0887,0.0887,0.08862,0.08862,208281,18463.72918,0.0887,0.0887,0.08864,0.08864,0.08878,0.08878,0.08873,0.08873,-0.00080333,-0.00055668,-0.00082386,-0.00055668,-0.00010999999999999899,-0.0012397159923362897
1696506900000,2023-10-05T11:55:00Z,0.08862,0.08865,0.0886,0.08861,519004,45996.83835,0.08864,0.08865,0.0886,0.08861,0.08873,0.08874,0.08869,0.08869,-0.00055668,-0.00083506,-0.00104587,-0.00104587,-8.000000000001062e-05,-0.0009020182658700035
1696507200000,2023-10-05T12:00:00Z,0.08861,0.08869,0.08861,0.08869,197578,17516.34332,0.08861,0.08869,0.08861,0.08869,0.08869,0.08876,0.08868,0.08876,-0.00104587,-0.0006431,-0.00074754,-0.00074754,-7.000000000000062e-05,-0.0007886435331230353
1696507500000,2023-10-05T12:05:00Z,0.08869,0.08869,0.08865,0.08868,32218,2856.77425,0.08869,0.08871,0.08865,0.08868,0.08876,0.08878,0.08872,0.08876,-0.00074754,-0.00098321,-0.00101397,-0.00098321,-8.000000000001062e-05,-0.0009013068949978663
1696507800000,2023-10-05T12:10:00Z,0.08868,0.08868,0.08858,0.08858,401679,35593.58999,0.08868,0.08869,0.08858,0.08858,0.08876,0.08878,0.08866,0.08868,-0.00098321,-0.00119659,-0.0014352,-0.0014352,-9.999999999998899e-05,-0.0011276499774468764
1696508100000,2023-10-05T12:15:00Z,0.08858,0.08868,0.08858,0.08868,76859,6812.82128,0.08858,0.0887,0.08858,0.0887,0.08868,0.0888,0.08867,0.0888,-0.0014352,-0.00043373,-0.00107806,-0.00043373,-0.00012000000000000899,-0.0013513513513514525
1696508400000,2023-10-05T12:20:00Z,0.08868,0.08875,0.08867,0.08872,395682,35096.03631,0.0887,0.08876,0.08868,0.08875,0.0888,0.08883,0.08874,0.08883,-0.00043373,-0.00061038,-0.00117212,-0.00117212,-0.00011000000000001287,-0.0012383203872567022
1696508700000,2023-10-05T12:25:00Z,0.08872,0.08876,0.08871,0.08875,383616,34045.44306,0.08875,0.08877,0.08874,0.08875,0.08883,0.08886,0.0888,0.08884,-0.00117212,-0.00078802,-0.00106155,-0.00078802,-9.000000000000674e-05,-0.0010130571814498733
1696509000000,2023-10-05T12:30:00Z,0.08875,0.08876,0.08864,0.08866,110720,9818.1313,0.08875,0.08876,0.08864,0.08869,0.08884,0.08884,0.08872,0.08878,-0.00078802,-0.00120376,-0.00123915,-0.00120376,-0.00011999999999999511,-0.0013516557783283974
1696509300000,2023-10-05T12:35:00Z,0.08866,0.08868,0.08861,0.08862,176445,15642.02789,0.08869,0.08869,0.08862,0.08862,0.08878,0.08879,0.0887,0.0887,-0.00120376,-0.0005635,-0.00119369,-0.00119369,-7.999999999999674e-05,-0.0009019165727169869
1696509600000,2023-10-05T12:40:00Z,0.08862,0.08866,0.08861,0.08866,113934,10097.94452,0.08862,0.08871,0.08861,0.0887,0.0887,0.08878,0.08869,0.08877,-0.00119369,-0.00048151,-0.00065024,-0.00048151,-0.00010999999999999899,-0.0012391573729863578
1696509900000,2023-10-05T12:45:00Z,0.08866,0.08868,0.08863,0.08863,368885,32705.3841,0.0887,0.08871,0.08863,0.08863,0.08877,0.08878,0.0887,0.0887,-0.00048151,-0.0011265,-0.0012294,-0.0012294,-7.000000000000062e-05,-0.0007891770011274027
1696510200000,2023-10-05T12:50:00Z,0.08863,0.08866,0.08863,0.08865,27935,2476.00513,0.08863,0.08868,0.08863,0.08865,0.0887,0.08877,0.08868,0.08868,-0.0012294,-0.00045095,-0.0011265,-0.00045095,-2.999999999998837e-05,-0.000338294993233969
1696510500000,2023-10-05T12:55:00Z,0.08865,0.08865,0.08863,0.08865,17522,1553.008,0.08865,0.0887,0.08863,0.08865,0.08868,0.08877,0.08868,0.08871,-0.00045095,-0.000628,-0.00119164,-0.000628,-5.9999999999990616e-05,-0.000676361176868342
1696510800000,2023-10-05T13:00:00Z,0.08865,0.0887,0.08864,0.0887,7434,659.22828,0.08865,0.08873,0.08864,0.08873,0.08871,0.08881,0.08871,0.08881,-0.000628,-0.00066148,-0.00073318,-0.00073318,-0.00010999999999999899,-0.0012385992568404345
1696511100000,2023-10-05T13:05:00Z,0.0887,0.08881,0.0887,0.08881,72281,6414.93183,0.08873,0.08882,0.0887,0.08881,0.08881,0.08891,0.08876,0.0889,-0.00073318,-0.00065521,-0.00073584,-0.00073584,-9.000000000000674e-05,-0.001012373453318411
1696511400000,2023-10-05T13:10:00Z,0.08881,0.08897,0.08881,0.08895,271661,24154.77383,0.08881,0.08899,0.08881,0.08897,0.0889,0.08906,0.08887,0.08904,-0.00073584,0,-0.00057279,-0.00057279,-8.999999999999286e-05,-0.0010107816711589495
1696511700000,2023-10-05T13:15:00Z,0.08895,0.08915,0.08895,0.08911,121416,10812.11278,0.08897,0.08915,0.08895,0.08911,0.08904,0.08922,0.08901,0.08916,-0.00057279,-0.00078865,-0.00093091,-0.00078865,-5.000000000000837e-05,-0.0005607895917452711
1696512000000,2023-10-05T13:20:00Z,0.08911,0.08914,0.089,0.08902,220849,19671.19399,0.08911,0.08914,0.08901,0.08902,0.08916,0.0892,0.08906,0.08906,-0.00078865,0,-0.00044868,0,-3.999999999999837e-05,-0.0004491354143274014
1696512300000,2023-10-05T13:25:00Z,0.08902,0.08917,0.08902,0.08914,988805,88123.52006,0.08902,0.08921,0.08902,0.08914,0.08906,0.08926,0.08904,0.08916,0,-0.00037485,-0.00056528,-0.00056528,-2.0000000000006124e-05,-0.00022431583669813956
1696512600000,2023-10-05T13:30:00Z,0.08914,0.08921,0.08914,0.0892,46221,4122.70599,0.08914,0.08923,0.08914,0.0892,0.08916,0.08929,0.08916,0.08923,-0.00056528,-0.00018213,-0.00065348,-0.00065348,-3.0000000000002247e-05,-0.00033620979491205027
1696512900000,2023-10-05T13:35:00Z,0.0892,0.08923,0.08904,0.08904,472167,42113.92027,0.0892,0.08924,0.08904,0.08904,0.08923,0.08929,0.08907,0.08908,-0.00065348,-0.00021198,-0.00081771,-0.00081771,-4.000000000001225e-05,-0.00044903457566246346
1696513200000,2023-10-05T13:40:00Z,0.08904,0.08911,0.08904,0.08906,98875,8807.76352,0.08904,0.08912,0.08904,0.08909,0.08908,0.08917,0.08907,0.08913,-0.00081771,0,-0.00016934,-0.00016934,-7.000000000000062e-05,-0.0007853696847301764
1696513500000,2023-10-05T13:45:00Z,0.08906,0.08918,0.08896,0.08917,402396,35833.32756,0.08909,0.08918,0.08898,0.08918,0.08913,0.08924,0.08902,0.08923,-0.00016934,0,-0.00047463,0,-6.0000000000004494e-05,-0.0006724195898241005
1696513800000,2023-10-05T13:50:00Z,0.08917,0.08924,0.08916,0.08919,40379,3601.69379,0.08918,0.08926,0.08917,0.08919,0.08923,0.08931,0.08919,0.08925,0,-0.00020262,-0.00059601,-0.00059601,-5.9999999999990616e-05,-0.0006722689075629201
1696514100000,2023-10-05T13:55:00Z,0.08919,0.08922,0.08915,0.08919,677090,60398.38762,0.08919,0.08923,0.08915,0.08919,0.08925,0.08927,0.08919,0.0892,-0.00059601,-0.00009336,-0.00019795,-0.00009336,-9.999999999996123e-06,-0.00011210762331834219
1696514400000,2023-10-05T14:00:00Z,0.08919,0.08919,0.08904,0.08904,141524,12609.01213,0.08919,0.08919,0.08906,0.08908,0.0892,0.08921,0.08907,0.08912,-0.00009336,-0.0005611,-0.00062578,-0.0005611,-8.000000000001062e-05,-0.0008976660682227403
1696514700000,2023-10-05T14:05:00Z,0.08904,0.08909,0.08903,0.08905,86641,7717.13417,0.08908,0.08911,0.08903,0.08905,0.08912,0.08915,0.08905,0.08909,-0.0005611,-0.00068428,-0.00073221,-0.00068428,-3.999999999999837e-05,-0.0004489841733078726
1696515000000,2023-10-05T14:10:00Z,0.08905,0.08908,0.08903,0.08908,17816,1586.812,0.08905,0.08912,0.08904,0.08912,0.08909,0.08918,0.08906,0.08918,-0.00068428,-0.00073212,-0.00078516,-0.00078516,-9.999999999998899e-05,-0.0011213276519397733
1696515300000,2023-10-05T14:15:00Z,0.08908,0.08917,0.08908,0.08915,93686,8348.62796,0.08912,0.08919,0.08909,0.08915,0.08918,0.08924,0.08911,0.08917,-0.00078516,-0.0001045,-0.00066147,-0.00066147,-2.0000000000006124e-05,-0.00022429068072228467
1696515600000,2023-10-05T14:20:00Z,0.08915,0.08916,0.08903,0.08904,48324,4304.46802,0.08915,0.08917,0.08904,0.08906,0.08917,0.0892,0.08908,0.08913,-0.00066147,-0.00046274,-0.00078545,-0.00078545,-9.000000000000674e-05,-0.0010097610232245792
1696515900000,2023-10-05T14:25:00Z,0.08904,0.08912,0.08902,0.08909,44571,3970.71887,0.08906,0.08912,0.08902,0.08911,0.08913,0.08918,0.08907,0.08918,-0.00078545,-0.0005725,-0.00074557,-0.00074557,-8.999999999999286e-05,-0.001009194886745827
1696516200000,2023-10-05T14:30:00Z,0.08909,0.0891,0.08902,0.08903,26774,2384.28546,0.08911,0.08912,0.08903,0.08903,0.08918,0.08919,0.08904,0.08905,-0.00074557,-0.00042193,-0.00056153,-0.00056153,-2.0000000000006124e-05,-0.0002245929253229211
1696516500000,2023-10-05T14:35:00Z,0.08903,0.08905,0.089,0.089,25926,2307.82109,0.08903,0.08905,0.089,0.08903,0.08905,0.0891,0.08904,0.08908,-0.00056153,-0.00027097,-0.00044918,-0.00027097,-8.000000000001062e-05,-0.0008980691513247711
1696516800000,2023-10-05T14:40:00Z,0.089,0.089,0.08896,0.08897,62802,5588.82396,0.08903,0.08903,0.08896,0.089,0.08908,0.08909,0.089,0.08908,-0.00027097,-0.00094161,-0.00097833,-0.00097833,-0.00011000000000001287,-0.0012348450830715408
1696517100000,2023-10-05T14:45:00Z,0.08897,0.08902,0.08897,0.08898,31467,2800.33209,0.089,0.08904,0.08897,0.08901,0.08908,0.0891,0.08902,0.08907,-0.00097833,-0.00027079,-0.00029886,-0.00029886,-8.999999999999286e-05,-0.0010104412260019408
1696517400000,2023-10-05T14:50:00Z,0.08898,0.08899,0.08898,0.08899,2729,242.85311,0.08901,0.08903,0.08899,0.08899,0.08907,0.0891,0.08904,0.08905,-0.00029886,-0.00091222,-0.00091368,-0.00091368,-6.0000000000004494e-05,-0.0006737787759686074
1696517700000,2023-10-05T14:55:00Z,0.08899,0.08899,0.08899,0.08899,3654,325.16946,0.08899,0.08904,0.08899,0.08899,0.08905,0.08911,0.08902,0.08903,-0.00091368,-0.00042337,-0.00043469,-0.00043469,-3.999999999999837e-05,-0.0004492867572728111
1696518000000,2023-10-05T15:00:00Z,0.08899,0.08901,0.08865,0.08865,772988,68641.33822,0.08899,0.08901,0.08869,0.08869,0.08903,0.08907,0.08874,0.08874,-0.00043469,-0.00022476,-0.00022492,-0.00022492,-8.999999999999286e-05,-0.00101419878296138
1696518300000,2023-10-05T15:05:00Z,0.08865,0.08875,0.08861,0.08869,273632,24268.06398,0.08869,0.08877,0.08861,0.08872,0.08874,0.08884,0.08867,0.0888,-0.00022492,-0.00043783,-0.00062359,-0.00043783,-0.00010999999999999899,-0.0012387387387387274
1696518600000,2023-10-05T15:10:00Z,0.08869,0.08874,0.08862,0.08873,159592,14151.6995,0.08872,0.08874,0.08863,0.08873,0.0888,0.08883,0.08871,0.08878,-0.00043783,-0.00045725,-0.00095372,-0.00045725,-4.999999999999449e-05,-0.0005631899076367932
1696518900000,2023-10-05T15:15:00Z,0.08873,0.08877,0.08872,0.08872,41023,3641.14754,0.08873,0.08881,0.08873,0.08875,0.08878,0.08888,0.08877,0.08883,-0.00045725,-0.00060141,-0.00106188,-0.00060141,-0.00011000000000001287,-0.0012383203872567022
1696519200000,2023-10-05T15:20:00Z,0.08872,0.08873,0.08863,0.08868,39430,3496.20752,0.08875,0.08877,0.08864,0.08871,0.08883,0.08885,0.08869,0.08879,-0.00060141,-0.00050371,-0.00099076,-0.00099076,-0.00010999999999999899,-0.0012388782520554003
1696519500000,2023-10-05T15:25:00Z,0.08868,0.08869,0.0886,0.08864,169581,15031.40761,0.08871,0.08871,0.08861,0.08864,0.08879,0.08879,0.08868,0.0887,-0.00099076,-0.00082649,-0.00092967,-0.00092967,-6.0000000000004494e-05,-0.0006764374295378184
1696519800000,2023-10-05T15:30:00Z,0.08864,0.08865,0.08848,0.0885,247426,21904.52301,0.08864,0.08865,0.08851,0.08853,0.0887,0.0887,0.08857,0.08861,-0.00092967,-0.00106093,-0.00112854,-0.00112854,-0.00010999999999999899,-0.0012413948764247713
1696520100000,2023-10-05T15:35:00Z,0.0885,0.08854,0.08828,0.08845,798642,70570.88533,0.08853,0.08857,0.08829,0.08848,0.08861,0.08867,0.08838,0.08859,-0.00112854,-0.00148486,-0.00152327,-0.00148486,-0.00014000000000000123,-0.0015803138051698976
1696520400000,2023-10-05T15:40:00Z,0.08845,0.08849,0.08838,0.08849,316161,27966.47304,0.08848,0.08849,0.08842,0.08849,0.08859,0.08862,0.08853,0.08855,-0.00148486,-0.00086361,-0.00128355,-0.00128355,-6.0000000000004494e-05,-0.0006775832862789892
1696520700000,2023-10-05T15:45:00Z,0.08849,0.08849,0.08844,0.08849,53552,4737.66626,0.08849,0.08852,0.08844,0.08849,0.08855,0.08859,0.08846,0.08855,-0.00128355,-0.00011304,-0.00059742,-0.00059742,-6.0000000000004494e-05,-0.0006775832862789892
1696521000000,2023-10-05T15:50:00Z,0.08849,0.0885,0.08834,0.08837,329643,29143.78967,0.08849,0.08853,0.08839,0.08839,0.08855,0.08859,0.08844,0.08844,-0.00059742,-0.0003745,-0.00059525,-0.0003745,-7.000000000000062e-05,-0.0007914970601537835
1696521300000,2023-10-05T15:55:00Z,0.08837,0.08837,0.0883,0.08833,212404,18761.54626,0.08839,0.08843,0.08832,0.08833,0.08844,0.08848,0.08838,0.0884,-0.0003745,-0.00076114,-0.00093002,-0.00093002,-7.000000000000062e-05,-0.0007918552036199164
1696521600000,2023-10-05T16:00:00Z,0.08833,0.08846,0.0883,0.08841,611948,54112.67242,0.08833,0.08846,0.08831,0.08843,0.0884,0.08853,0.08838,0.08851,-0.00093002,-0.00051932,-0.00107511,-0.00107511,-0.00010000000000000286,-0.0011298158400181093
1696521900000,2023-10-05T16:05:00Z,0.08841,0.08846,0.08838,0.08844,96504,8533.89199,0.08843,0.08848,0.08839,0.08844,0.08851,0.08856,0.08848,0.08852,-0.00107511,-0.00055112,-0.00090895,-0.00090895,-7.999999999999674e-05,-0.0009037505648440662
1696522200000,2023-10-05T16:10:00Z,0.08844,0.08859,0.08835,0.08854,194984,17263.00795,0.08844,0.08859,0.08835,0.08856,0.08852,0.08865,0.08844,0.08864,-0.00090895,-0.0003022,-0.00070029,-0.00070029,-0.00010000000000000286,-0.0011281588447653753
1696522500000,2023-10-05T16:15:00Z,0.08854,0.08858,0.0885,0.08852,214715,19010.23615,0.08856,0.08858,0.0885,0.08852,0.08864,0.08865,0.08858,0.0886,-0.00070029,-0.00084993,-0.00088309,-0.00088309,-7.999999999999674e-05,-0.0009029345372460129
1696522800000,2023-10-05T16:20:00Z,0.08852,0.08852,0.08845,0.08845,23234,2056.06276,0.08852,0.08852,0.08846,0.08846,0.0886,0.08861,0.08855,0.08855,-0.00088309,-0.00082269,-0.00098171,-0.00082269,-0.00010000000000000286,-0.0011293054771315963
1696523100000,2023-10-05T16:25:00Z,0.08845,0.08845,0.08834,0.08844,131306,11606.44982,0.08846,0.08847,0.08835,0.08844,0.08855,0.08856,0.08843,0.0885,-0.00082269,-0.00053929,-0.00084554,-0.00053929,-5.9999999999990616e-05,-0.0006779661016948093
1696523400000,2023-10-05T16:30:00Z,0.08844,0.08844,0.08834,0.08837,58405,5160.73836,0.08844,0.08844,0.08835,0.08838,0.0885,0.08851,0.08841,0.08845,-0.00053929,-0.00034596,-0.00074022,-0.00074022,-7.999999999999674e-05,-0.0009044657998869049
1696523700000,2023-10-05T16:35:00Z,0.08837,0.0884,0.08835,0.08835,37544,3317.96181,0.08838,0.0884,0.08835,0.08835,0.08845,0.08846,0.08841,0.08843,-0.00074022,-0.00051051,-0.0009585,-0.00051051,-7.999999999999674e-05,-0.0009046703607372696
1696524000000,2023-10-05T16:40:00Z,0.08835,0.08835,0.08814,0.0882,398216,35123.28191,0.08835,0.08836,0.08817,0.0882,0.08843,0.08844,0.08826,0.08827,-0.00051051,-0.00079203,-0.00090498,-0.00079203,-7.000000000000062e-05,-0.0007930214115781195
1696524300000,2023-10-05T16:45:00Z,0.0882,0.08827,0.08818,0.08822,132527,11696.10934,0.0882,0.08827,0.08818,0.08822,0.08827,0.08834,0.08826,0.08827,-0.00079203,-0.000706,-0.00079239,-0.000706,-4.999999999999449e-05,-0.0005664438654128752
1696524600000,2023-10-05T16:50:00Z,0.08822,0.08822,0.08817,0.0882,31742,2799.60403,0.08822,0.08822,0.08819,0.08821,0.08827,0.08828,0.08825,0.08827,-0.000706,-0.00042675,-0.00048436,-0.00042675,-7.000000000000062e-05,-0.0007930214115781195
1696524900000,2023-10-05T16:55:00Z,0.0882,0.0882,0.08812,0.08818,149146,13145.88188,0.08821,0.08821,0.08812,0.08819,0.08827,0.08827,0.08818,0.08826,-0.00042675,-0.00056682,-0.00058642,-0.00058642,-8.000000000001062e-05,-0.0009064128710628893
1696525200000,2023-10-05T17:00:00Z,0.08818,0.0882,0.08809,0.08809,277559,24472.94487,0.08819,0.08823,0.08809,0.0881,0.08826,0.0883,0.08816,0.08819,-0.00058642,-0.00063248,-0.00085811,-0.00063248,-0.00010000000000000286,-0.0011339154099104531
1696525500000,2023-10-05T17:05:00Z,0.08809,0.08814,0.08809,0.08813,74052,6525.81149,0.0881,0.08814,0.0881,0.08813,0.08819,0.08823,0.08819,0.08822,-0.00063248,-0.00103367,-0.00105282,-0.00105282,-9.000000000000674e-05,-0.0010201768306507225
1696525800000,2023-10-05T17:10:00Z,0.08813,0.08816,0.08812,0.08815,46052,4058.85097,0.08813,0.08816,0.08812,0.08816,0.08822,0.08824,0.08819,0.08824,-0.00105282,-0.0004767,-0.00051904,-0.00051904,-8.999999999999286e-05,-0.0010199456029010977
1696526100000,2023-10-05T17:15:00Z,0.08815,0.08816,0.08811,0.08811,88661,7814.21351,0.08816,0.08818,0.08811,0.08811,0.08824,0.08826,0.0882,0.0882,-0.00051904,-0.00100079,-0.00105677,-0.00105677,-9.000000000000674e-05,-0.0010204081632653825
1696526400000,2023-10-05T17:20:00Z,0.08811,0.08818,0.08809,0.08817,87750,7733.72926,0.08811,0.08818,0.0881,0.08818,0.0882,0.08826,0.08819,0.08825,-0.00105677,-0.00065605,-0.00072069,-0.00065605,-7.999999999999674e-05,-0.000906515580736507
1696526700000,2023-10-05T17:25:00Z,0.08817,0.08825,0.08817,0.08825,97715,8620.70905,0.08818,0.08828,0.08817,0.08828,0.08825,0.08836,0.08825,0.08836,-0.00065605,-0.00058935,-0.00073369,-0.00073369,-0.00010999999999999899,-0.0012449071978270596
1696527000000,2023-10-05T17:30:00Z,0.08825,0.08836,0.08825,0.08835,50773,4482.7322,0.08828,0.08836,0.08826,0.08836,0.08836,0.08842,0.08835,0.08842,-0.00073369,-0.00039615,-0.00043456,-0.00043456,-7.000000000000062e-05,-0.0007916760913820473
1696527300000,2023-10-05T17:35:00Z,0.08835,0.08835,0.0883,0.0883,108411,9574.96188,0.08836,0.08836,0.08831,0.08833,0.08842,0.08842,0.08835,0.08839,-0.00043456,-0.00052659,-0.00056382,-0.00052659,-8.999999999999286e-05,-0.0010182147301730157
1696527600000,2023-10-05T17:40:00Z,0.0883,0.0884,0.0883,0.0884,79065,6986.70344,0.08833,0.08845,0.08832,0.08845,0.08839,0.08852,0.08838,0.08852,-0.00052659,-0.00067857,-0.00075076,-0.00075076,-0.00011999999999999511,-0.0013556258472660994
1696527900000,2023-10-05T17:45:00Z,0.0884,0.08845,0.0884,0.08845,30891,2731.42508,0.08845,0.08845,0.08842,0.08845,0.08852,0.08853,0.08847,0.08852,-0.00075076,-0.00079078,-0.00083,-0.00079078,-7.000000000000062e-05,-0.0007907817442385971
1696528200000,2023-10-05T17:50:00Z,0.08845,0.08845,0.08837,0.08837,48252,4265.10787,0.08845,0.08845,0.08837,0.08837,0.08852,0.08852,0.08842,0.08843,-0.00079078,-0.00062439,-0.0006323,-0.00062439,-5.9999999999990616e-05,-0.0006785027705528737
1696528500000,2023-10-05T17:55:00Z,0.08837,0.08837,0.08832,0.08833,62435,5515.37063,0.08837,0.08837,0.08832,0.08833,0.08843,0.08843,0.08836,0.08836,-0.00062439,-0.0007686,-0.00084353,-0.0007686,-2.999999999998837e-05,-0.0003395201448617969
1696528800000,2023-10-05T18:00:00Z,0.08833,0.08833,0.08813,0.08813,143516,12658.62599,0.08833,0.08833,0.08814,0.08815,0.08836,0.0884,0.08821,0.08823,-0.0007686,-0.00099478,-0.00112648,-0.00099478,-0.00010000000000000286,-0.0011334013374136105
1696529100000,2023-10-05T18:05:00Z,0.08813,0.08816,0.08806,0.08809,191745,16893.36166,0.08815,0.08816,0.08808,0.08811,0.08823,0.08826,0.08817,0.08821,-0.00099478,-0.00101836,-0.00108804,-0.00101836,-0.00011999999999999511,-0.0013603899784604366
1696529400000,2023-10-05T18:10:00Z,0.08809,0.08823,0.08809,0.08823,61391,5414.43457,0.08811,0.08826,0.08811,0.08826,0.08821,0.08836,0.08821,0.08836,-0.00101836,-0.00086007,-0.00097622,-0.00097622,-0.00012999999999999123,-0.0014712539610682576
1696529700000,2023-10-05T18:15:00Z,0.08823,0.08833,0.08823,0.0883,63300,5588.43345,0.08826,0.08833,0.08826,0.0883,0.08836,0.0884,0.08836,0.08837,-0.00097622,-0.00060586,-0.00073209,-0.00060586,-7.000000000000062e-05,-0.0007921240239900488
1696530000000,2023-10-05T18:20:00Z,0.0883,0.0883,0.08814,0.08819,17210,1518.15883,0.0883,0.0883,0.08818,0.0882,0.08837,0.08837,0.08824,0.08827,-0.00060586,-0.00042656,-0.00106555,-0.00042656,-7.999999999999674e-05,-0.0009063101846606632
1696530300000,2023-10-05T18:25:00Z,0.08819,0.0882,0.08812,0.08815,112759,9939.24942,0.0882,0.08822,0.08814,0.08815,0.08827,0.08829,0.08822,0.08823,-0.00042656,-0.00073943,-0.00075362,-0.00073943,-7.999999999999674e-05,-0.0009067210699308255
1696530600000,2023-10-05T18:30:00Z,0.08815,0.08823,0.08815,0.08823,38847,3425.52688,0.08815,0.08825,0.08815,0.08825,0.08823,0.08833,0.08823,0.08833,-0.00073943,-0.00069467,-0.00075954,-0.00069467,-0.00010000000000000286,-0.001132118193139396
1696530900000,2023-10-05T18:35:00Z,0.08823,0.08831,0.08823,0.08831,39178,3457.73705,0.08825,0.08831,0.08824,0.08831,0.08833,0.0884,0.08831,0.08839,-0.00069467,-0.00101426,-0.0010189,-0.00101426,-7.999999999999674e-05,-0.0009050797601538268
1696531200000,2023-10-05T18:40:00Z,0.08831,0.08834,0.08829,0.08834,33297,2940.24526,0.08831,0.08835,0.08829,0.08834,0.08839,0.08843,0.08836,0.08841,-0.00101426,-0.00078597,-0.00085885,-0.00085885,-7.000000000000062e-05,-0.0007917656373713451
1696531500000,2023-10-05T18:45:00Z,0.08834,0.08834,0.08823,0.08823,46713,4125.24343,0.08834,0.08835,0.08823,0.08823,0.08841,0.08843,0.08831,0.08831,-0.00085885,-0.00093225,-0.00100633,-0.00093225,-7.999999999999674e-05,-0.0009058996716113321
1696531800000,2023-10-05T18:50:00Z,0.08823,0.08823,0.08818,0.08821,19353,1706.71968,0.08823,0.08823,0.0882,0.08821,0.08831,0.08831,0.08824,0.08828,-0.00093225,-0.00051653,-0.00063417,-0.00051653,-7.000000000000062e-05,-0.000792931581332132
1696532100000,2023-10-05T18:55:00Z,0.08821,0.08822,0.08811,0.08813,33195,2926.91595,0.08821,0.08823,0.08811,0.08815,0.08828,0.08831,0.08819,0.08824,-0.00051653,-0.00079365,-0.00080129,-0.00080129,-0.00010999999999999899,-0.0012466001813236512
1696532400000,2023-10-05T19:00:00Z,0.08813,0.0882,0.08813,0.08819,6670,588.17003,0.08815,0.08822,0.08815,0.08821,0.08824,0.0883,0.08824,0.08829,-0.00080129,-0.00065288,-0.00078769,-0.00065288,-9.999999999998899e-05,-0.0011326311020499376
1696532700000,2023-10-05T19:05:00Z,0.08819,0.08819,0.08815,0.08818,7015,618.63461,0.08821,0.08821,0.08818,0.08819,0.08829,0.08829,0.08824,0.08829,-0.00065288,-0.00085602,-0.00108948,-0.00085602,-0.00010999999999999899,-0.001245894212255057
1696533000000,2023-10-05T19:10:00Z,0.08818,0.08824,0.08817,0.08823,45316,3997.49063,0.08819,0.08824,0.08818,0.08823,0.08829,0.08833,0.08827,0.08833,-0.00085602,-0.00070374,-0.00081236,-0.00081236,-0.00010000000000000286,-0.001132118193139396
1696533300000,2023-10-05T19:15:00Z,0.08823,0.08824,0.08822,0.08824,37872,3341.43289,0.08823,0.08825,0.08822,0.08825,0.08833,0.08834,0.08829,0.08834,-0.00081236,-0.00078039,-0.00084646,-0.00078039,-0.00010000000000000286,-0.0011319900384876938
1696533600000,2023-10-05T19:20:00Z,0.08824,0.08826,0.08816,0.08817,16982,1498.42025,0.08825,0.08829,0.08817,0.08818,0.08834,0.08837,0.08827,0.08828,-0.00078039,-0.00123596,-0.00124368,-0.00124368,-0.00010999999999999899,-0.001246035342093328
1696533900000,2023-10-05T19:25:00Z,0.08817,0.08826,0.08817,0.08824,52685,4649.15435,0.08818,0.08826,0.08818,0.08824,0.08828,0.08835,0.08828,0.08832,-0.00124368,-0.00068716,-0.0007387,-0.00068716,-7.999999999999674e-05,-0.0009057971014492385
1696534200000,2023-10-05T19:30:00Z,0.08824,0.08825,0.08824,0.08824,14417,1272.15733,0.08824,0.08828,0.08824,0.08824,0.08832,0.08836,0.08831,0.08831,-0.00068716,-0.000927,-0.00097475,-0.00097475,-7.000000000000062e-05,-0.0007926622126599549
1696534500000,2023-10-05T19:35:00Z,0.08824,0.08824,0.08812,0.08815,120172,10594.47445,0.08824,0.08824,0.08815,0.08816,0.08831,0.08831,0.08823,0.08828,-0.00097475,-0.00107308,-0.00109677,-0.00107308,-0.00012999999999999123,-0.0014725872224738473
1696534800000,2023-10-05T19:40:00Z,0.08815,0.08818,0.08815,0.08817,5466,481.95656,0.08816,0.08818,0.08816,0.08817,0.08828,0.08828,0.08825,0.08826,-0.00107308,-0.00108926,-0.00113275,-0.00113275,-9.000000000000674e-05,-0.0010197144799456916
1696535100000,2023-10-05T19:45:00Z,0.08817,0.08817,0.08817,0.08817,14996,1322.19732,0.08817,0.08824,0.08817,0.08824,0.08826,0.08832,0.08825,0.08832,-0.00113275,-0.00074099,-0.00074496,-0.00074099,-0.00014999999999999736,-0.0016983695652173616
1696535400000,2023-10-05T19:50:00Z,0.08817,0.08822,0.08815,0.08815,22219,1959.69307,0.08824,0.08824,0.08815,0.08815,0.08832,0.08832,0.08823,0.08824,-0.00074099,-0.00067973,-0.0010777,-0.0010777,-8.999999999999286e-05,-0.0010199456029010977
1696535700000,2023-10-05T19:55:00Z,0.08815,0.08824,0.08815,0.08824,42007,3704.72626,0.08815,0.08824,0.08815,0.08824,0.08824,0.08831,0.08823,0.08831,-0.0010777,-0.00059259,-0.00083306,-0.00059259,-7.000000000000062e-05,-0.0007926622126599549
1696536000000,2023-10-05T20:00:00Z,0.08824,0.08824,0.08818,0.08818,38091,3359.46538,0.08824,0.08825,0.08819,0.08819,0.08831,0.08833,0.08828,0.08828,-0.00059259,-0.00065326,-0.00118595,-0.00118595,-0.00010000000000000286,-0.0011327594019030682
1696536300000,2023-10-05T20:05:00Z,0.08818,0.08831,0.08818,0.08831,98183,8668.82392,0.08819,0.08831,0.08819,0.08831,0.08828,0.08836,0.08828,0.08836,-0.00118595,-0.00060174,-0.00075583,-0.00060174,-4.999999999999449e-05,-0.0005658669081031519
1696536600000,2023-10-05T20:10:00Z,0.08831,0.08831,0.08818,0.08818,15443,1363.35299,0.08831,0.08832,0.0882,0.0882,0.08836,0.08839,0.08828,0.08828,-0.00060174,-0.00078818,-0.00091665,-0.00091665,-0.00010000000000000286,-0.0011327594019030682
1696536900000,2023-10-05T20:15:00Z,0.08818,0.08826,0.08818,0.08822,47902,4226.88514,0.0882,0.08826,0.08818,0.08823,0.08828,0.08834,0.08827,0.08831,-0.00091665,-0.00055252,-0.00085596,-0.00085596,-8.999999999999286e-05,-0.0010191371305627093
1696537200000,2023-10-05T20:20:00Z,0.08822,0.08822,0.08821,0.08822,3908,344.72899,0.08823,0.08825,0.08821,0.08825,0.08831,0.08833,0.08829,0.08833,-0.00085596,-0.0007824,-0.000906,-0.0007824,-0.00010999999999999899,-0.0012453300124532886
1696537500000,2023-10-05T20:25:00Z,0.08822,0.08825,0.08822,0.08823,1008,88.95024,0.08825,0.08825,0.08823,0.08823,0.08833,0.08834,0.0883,0.08831,-0.0007824,-0.00068848,-0.00079934,-0.00068848,-7.999999999999674e-05,-0.0009058996716113321
1696537800000,2023-10-05T20:30:00Z,0.08823,0.08823,0.0881,0.08811,62890,5542.80149,0.08823,0.08823,0.08811,0.08811,0.08831,0.08831,0.08819,0.08819,-0.00068848,-0.00088576,-0.00090682,-0.00090682,-8.000000000001062e-05,-0.0009071323279284569
1696538100000,2023-10-05T20:35:00Z,0.08811,0.08814,0.08811,0.08814,13547,1193.94616,0.08811,0.08814,0.08811,0.08814,0.08819,0.08822,0.08818,0.08821,-0.00090682,-0.00060417,-0.00087403,-0.00087403,-7.000000000000062e-05,-0.0007935608207686273
1696538400000,2023-10-05T20:40:00Z,0.08814,0.08815,0.08812,0.08815,111558,9832.32713,0.08814,0.08815,0.08813,0.08815,0.08821,0.08824,0.08821,0.08821,-0.00087403,-0.00058195,-0.00067206,-0.00067206,-5.9999999999990616e-05,-0.0006801949892301396
1696538700000,2023-10-05T20:45:00Z,0.08815,0.08815,0.0881,0.0881,31098,2740.30018,0.08815,0.08815,0.08811,0.08811,0.08821,0.08822,0.08819,0.0882,-0.00067206,-0.00069058,-0.00103514,-0.00069058,-0.00010000000000000286,-0.001133786848072595
1696539000000,2023-10-05T20:50:00Z,0.0881,0.08815,0.0881,0.08815,13459,1186.20817,0.08811,0.08816,0.0881,0.08815,0.0882,0.08825,0.0882,0.08823,-0.00069058,-0.00071574,-0.00081328,-0.00071574,-7.999999999999674e-05,-0.0009067210699308255
1696539300000,2023-10-05T20:55:00Z,0.08815,0.08818,0.08815,0.08818,3815,336.33263,0.08815,0.0882,0.08815,0.0882,0.08823,0.08828,0.08823,0.08828,-0.00071574,-0.00068626,-0.00070421,-0.00068626,-0.00010000000000000286,-0.0011327594019030682
1696539600000,2023-10-05T21:00:00Z,0.08818,0.08823,0.08817,0.08823,6859,604.95181,0.0882,0.08823,0.08818,0.08823,0.08828,0.08831,0.08827,0.08831,-0.00068626,-0.00062298,-0.00064371,-0.00064371,-7.999999999999674e-05,-0.0009058996716113321
1696539900000,2023-10-05T21:05:00Z,0.08823,0.08832,0.08822,0.0883,473759,41832.0353,0.08823,0.08832,0.08822,0.0883,0.08831,0.08836,0.0883,0.08836,-0.00064371,-0.00045007,-0.00063648,-0.00045007,-5.9999999999990616e-05,-0.0006790402897237507
1696540200000,2023-10-05T21:10:00Z,0.0883,0.0883,0.08824,0.08824,140410,12390.41728,0.0883,0.08831,0.08826,0.08827,0.08836,0.08837,0.08833,0.08835,-0.00045007,-0.00086348,-0.00092234,-0.00086348,-0.00010999999999999899,-0.0012450481041312844
1696540500000,2023-10-05T21:15:00Z,0.08824,0.08829,0.08824,0.08828,187534,16556.0784,0.08827,0.08829,0.08826,0.08828,0.08835,0.08837,0.08834,0.08837,-0.00086348,-0.0007223,-0.00085617,-0.0007223,-9.000000000000674e-05,-0.0010184451737015585
1696540800000,2023-10-05T21:20:00Z,0.08828,0.08828,0.08818,0.08818,31354,2766.23608,0.08828,0.08828,0.08818,0.08818,0.08837,0.08837,0.08825,0.08825,-0.0007223,-0.00091913,-0.00107346,-0.00091913,-7.000000000000062e-05,-0.000793201133144483
1696541100000,2023-10-05T21:25:00Z,0.08818,0.08819,0.08816,0.08819,29964,2641.67537,0.08818,0.08819,0.08816,0.08819,0.08825,0.08828,0.08825,0.08828,-0.00091913,-0.00074968,-0.00100679,-0.00074968,-8.999999999999286e-05,-0.0010194834617126515
1696541400000,2023-10-05T21:30:00Z,0.08819,0.08821,0.08819,0.0882,6977,615.43548,0.08819,0.08821,0.08819,0.08821,0.08828,0.08829,0.08827,0.08829,-0.00074968,-0.00075976,-0.00086397,-0.00075976,-8.999999999999286e-05,-0.0010193679918449753
1696541700000,2023-10-05T21:35:00Z,0.0882,0.08825,0.0882,0.08824,262446,23158.65978,0.08821,0.08826,0.08821,0.08825,0.08829,0.08834,0.08829,0.08833,-0.00075976,-0.00062164,-0.00062334,-0.00062334,-9.000000000000674e-05,-0.0010189063738255037
1696542000000,2023-10-05T21:40:00Z,0.08824,0.08824,0.08813,0.08813,92610,8168.02518,0.08825,0.08825,0.08814,0.08814,0.08833,0.08833,0.08823,0.08823,-0.00062334,-0.00069547,-0.00073886,-0.00073886,-0.00010000000000000286,-0.0011334013374136105
1696542300000,2023-10-05T21:45:00Z,0.08813,0.08814,0.08813,0.08814,1944,171.34416,0.08814,0.08817,0.08813,0.08816,0.08823,0.08827,0.08822,0.08826,-0.00073886,-0.0008239,-0.00090799,-0.00090799,-0.00012000000000000899,-0.0013596193065942555
1696542600000,2023-10-05T21:50:00Z,0.08814,0.08817,0.08814,0.08817,11974,1055.59755,0.08816,0.08818,0.08815,0.08818,0.08826,0.08828,0.08825,0.08827,-0.00090799,-0.00076594,-0.00077126,-0.00077126,-0.00010000000000000286,-0.0011328877308259076
1696542900000,2023-10-05T21:55:00Z,0.08817,0.0882,0.08817,0.0882,14913,1315.19687,0.08818,0.08822,0.08817,0.08821,0.08827,0.08831,0.08826,0.0883,-0.00077126,-0.00081753,-0.00093057,-0.00093057,-0.00010000000000000286,-0.0011325028312571105
1696543200000,2023-10-05T22:00:00Z,0.0882,0.08821,0.08813,0.08813,239590,21122.9367,0.08821,0.08822,0.08813,0.08814,0.0883,0.08831,0.08822,0.08823,-0.00093057,-0.00080471,-0.00095807,-0.00080471,-0.00010000000000000286,-0.0011334013374136105
1696543500000,2023-10-05T22:05:00Z,0.08813,0.08821,0.08812,0.0882,18301,1613.83063,0.08814,0.08821,0.08812,0.0882,0.08823,0.0883,0.08819,0.08828,-0.00080471,-0.00061596,-0.00082077,-0.00061596,-7.999999999999674e-05,-0.0009062075215223917
1696543800000,2023-10-05T22:10:00Z,0.0882,0.08826,0.0882,0.08823,18099,1597.26747,0.0882,0.08826,0.0882,0.08825,0.08828,0.08835,0.08828,0.08832,-0.00061596,-0.00056159,-0.00067934,-0.00067934,-8.999999999999286e-05,-0.001019021739130354
1696544100000,2023-10-05T22:15:00Z,0.08823,0.08833,0.08823,0.08833,76833,6784.53695,0.08825,0.08833,0.08824,0.08833,0.08832,0.08841,0.08832,0.08839,-0.00067934,-0.0006788,-0.00089311,-0.00089311,-5.9999999999990616e-05,-0.0006788098201152915
1696544400000,2023-10-05T22:20:00Z,0.08833,0.08833,0.08824,0.08828,50781,4482.42637,0.08833,0.08833,0.08825,0.08829,0.08839,0.0884,0.08833,0.08837,-0.00089311,-0.0007165,-0.00079338,-0.0007165,-9.000000000000674e-05,-0.0010184451737015585
1696544700000,2023-10-05T22:25:00Z,0.08828,0.08836,0.08828,0.08836,70728,6247.66272,0.08829,0.08836,0.08828,0.08836,0.08837,0.08842,0.08837,0.08842,-0.0007165,-0.00054224,-0.00061214,-0.00061214,-6.0000000000004494e-05,-0.0006785795068989425
1696545000000,2023-10-05T22:30:00Z,0.08836,0.0884,0.08835,0.0884,497185,43938.54486,0.08836,0.0884,0.08835,0.0884,0.08842,0.08844,0.08841,0.08844,-0.00061214,-0.00060499,-0.00066429,-0.00066429,-3.999999999999837e-05,-0.0004522840343735682
1696545300000,2023-10-05T22:35:00Z,0.0884,0.0884,0.08838,0.08838,6530,577.1214,0.0884,0.0884,0.08838,0.08838,0.08844,0.08844,0.08842,0.08843,-0.00066429,-0.00036665,-0.00065988,-0.00036665,-4.999999999999449e-05,-0.0005654189754607542
1696545600000,2023-10-05T22:40:00Z,0.08838,0.08843,0.08837,0.08843,52853,4672.33309,0.08838,0.08843,0.08838,0.08843,0.08843,0.08848,0.08842,0.08848,-0.00036665,-0.0005408,-0.00054611,-0.00054611,-5.000000000000837e-05,-0.0005650994575046154
1696545900000,2023-10-05T22:45:00Z,0.08843,0.08843,0.08842,0.08842,13577,1200.48166,0.08843,0.08843,0.08842,0.08843,0.08848,0.08848,0.08846,0.08848,-0.00054611,-0.00045213,-0.00067811,-0.00067811,-6.0000000000004494e-05,-0.0006781193490054757
1696546200000,2023-10-05T22:50:00Z,0.08842,0.08842,0.08835,0.08835,16347,1445.10765,0.08843,0.08843,0.08836,0.08837,0.08848,0.08848,0.08842,0.08843,-0.00067811,-0.00041054,-0.0006347,-0.00041054,-7.999999999999674e-05,-0.0009046703607372696
1696546500000,2023-10-05T22:55:00Z,0.08835,0.08836,0.08835,0.08835,45484,4018.72502,0.08837,0.08837,0.08835,0.08835,0.08843,0.08843,0.08841,0.08841,-0.00041054,-0.00056554,-0.00067857,-0.00056554,-6.0000000000004494e-05,-0.0006786562606040549
1696546800000,2023-10-05T23:00:00Z,0.08835,0.08838,0.08834,0.08837,60757,5368.14745,0.08835,0.08838,0.08835,0.08837,0.08841,0.08844,0.08841,0.08842,-0.00056554,-0.00035836,-0.00047297,-0.00035836,-4.999999999999449e-05,-0.0005654829224156808
1696547100000,2023-10-05T23:05:00Z,0.08837,0.08838,0.08835,0.08838,17555,1551.26998,0.08837,0.0884,0.08837,0.0884,0.08842,0.08845,0.08842,0.08845,-0.00035836,-0.00022087,-0.00049655,-0.00022087,-7.000000000000062e-05,-0.000791407574901081
1696547400000,2023-10-05T23:10:00Z,0.08838,0.08839,0.08837,0.08839,2405,212.56055,0.0884,0.0884,0.08838,0.08839,0.08845,0.08846,0.08844,0.08846,-0.00022087,-0.00047931,-0.00053515,-0.00053515,-7.000000000000062e-05,-0.0007913181098801788
1696547700000,2023-10-05T23:15:00Z,0.08839,0.08839,0.08838,0.08839,68232,6030.82845,0.08839,0.08841,0.08839,0.08839,0.08846,0.08848,0.08843,0.08843,-0.00053515,-0.00056535,-0.00076706,-0.00056535,-3.999999999999837e-05,-0.0004523351803686348
1696548000000,2023-10-05T23:20:00Z,0.08839,0.08839,0.08828,0.08829,151063,13343.47249,0.08839,0.08839,0.0883,0.08831,0.08843,0.08844,0.08837,0.08838,-0.00056535,-0.00051108,-0.00061538,-0.00051108,-9.000000000000674e-05,-0.00101832993890028
1696548300000,2023-10-05T23:25:00Z,0.08829,0.08829,0.08814,0.08816,514426,45364.93019,0.08831,0.08831,0.08817,0.08818,0.08838,0.08838,0.08826,0.08827,-0.00051108,-0.00090589,-0.0009061,-0.0009061,-0.00010999999999999899,-0.001246176503908451
1696548600000,2023-10-05T23:30:00Z,0.08816,0.08817,0.08812,0.08817,34563,3046.69461,0.08818,0.08819,0.08813,0.08819,0.08827,0.08829,0.08822,0.08829,-0.0009061,-0.00088297,-0.00090661,-0.00088297,-0.00011999999999999511,-0.0013591573224600196
1696548900000,2023-10-05T23:35:00Z,0.08817,0.08818,0.08812,0.08815,7115,627.06952,0.08819,0.08819,0.08812,0.08815,0.08829,0.08829,0.0882,0.08823,-0.00088297,-0.00059492,-0.00073098,-0.00059492,-7.999999999999674e-05,-0.0009067210699308255
1696549200000,2023-10-05T23:40:00Z,0.08815,0.08818,0.08815,0.08818,9959,878.17704,0.08815,0.0882,0.08815,0.0882,0.08823,0.08827,0.08823,0.08827,-0.00059492,-0.00057879,-0.00064989,-0.00057879,-9.000000000000674e-05,-0.001019598957743364
1696549500000,2023-10-05T23:45:00Z,0.08818,0.0882,0.0881,0.0881,16966,1495.8048,0.0882,0.08822,0.08812,0.08812,0.08827,0.08829,0.08821,0.08821,-0.00057879,-0.00098684,-0.00101936,-0.00098684,-0.00010999999999999899,-0.0012470241469221062
1696549800000,2023-10-05T23:50:00Z,0.0881,0.08821,0.0881,0.08814,149397,13167.70954,0.08812,0.08821,0.08811,0.08815,0.08821,0.08827,0.08819,0.08823,-0.00098684,-0.00064555,-0.00072901,-0.00072901,-9.000000000000674e-05,-0.0010200612036722968
1696550100000,2023-10-05T23:55:00Z,0.08814,0.08815,0.08814,0.08815,170,14.9855,0.08815,0.08816,0.08814,0.08815,0.08823,0.08824,0.08821,0.08823,-0.00072901,-0.00086319,-0.00090672,-0.00090672,-7.999999999999674e-05,-0.0009067210699308255
1696550400000,2023-10-06T00:00:00Z,0.08815,0.0882,0.08812,0.08813,193359,17046.35013,0.08815,0.0882,0.08813,0.08814,0.08823,0.08829,0.08822,0.08824,-0.00090672,-0.0009744,-0.00111674,-0.00111674,-0.00010999999999999899,-0.0012466001813236512
1696550700000,2023-10-06T00:05:00Z,0.08813,0.08823,0.08813,0.08822,121698,10734.00098,0.08814,0.08825,0.08814,0.08823,0.08824,0.08835,0.08824,0.08834,-0.00111674,-0.00084705,-0.00121483,-0.00084705,-0.00011999999999999511,-0.0013583880461851383
1696551000000,2023-10-06T00:10:00Z,0.08822,0.08823,0.0882,0.0882,26606,2346.65163,0.08823,0.08823,0.0882,0.0882,0.08834,0.08834,0.0883,0.0883,-0.00084705,-0.00108052,-0.00110192,-0.00108052,-0.00010000000000000286,-0.0011325028312571105
1696551300000,2023-10-06T00:15:00Z,0.0882,0.08822,0.08818,0.08821,15398,1358.05743,0.0882,0.08822,0.08819,0.08821,0.0883,0.08832,0.0883,0.08831,-0.00108052,-0.00095855,-0.00126058,-0.00095855,-0.00010000000000000286,-0.0011323745895142436
1696551600000,2023-10-06T00:20:00Z,0.08821,0.08832,0.0882,0.0883,14085,1243.52678,0.08821,0.08831,0.0882,0.08831,0.08831,0.08841,0.08831,0.08841,-0.00095855,-0.00086173,-0.00110158,-0.00110158,-0.00010999999999999899,-0.0012442031444406627
1696551900000,2023-10-06T00:25:00Z,0.0883,0.08831,0.08826,0.08827,15041,1327.94294,0.08831,0.08831,0.08826,0.08827,0.08841,0.08842,0.08837,0.08838,-0.00110158,-0.00111676,-0.00116779,-0.00116779,-0.00010999999999999899,-0.0012446254808780152
1696552200000,2023-10-06T00:30:00Z,0.08827,0.08829,0.08827,0.08828,8919,787.36916,0.08827,0.08829,0.08827,0.08829,0.08838,0.0884,0.08838,0.0884,-0.00116779,-0.00091536,-0.00118723,-0.00091536,-0.00012000000000000899,-0.001357466063348518
1696552500000,2023-10-06T00:35:00Z,0.08828,0.08833,0.08828,0.0883,11637,1027.75411,0.08829,0.08833,0.08829,0.0883,0.0884,0.08844,0.0884,0.0884,-0.00091536,-0.0011441,-0.00117645,-0.00117645,-0.00010000000000000286,-0.001131221719457046
1696552800000,2023-10-06T00:40:00Z,0.0883,0.08833,0.0883,0.08833,9227,814.90079,0.0883,0.08834,0.0883,0.08834,0.0884,0.08844,0.0884,0.08844,-0.00117645,-0.00100214,-0.00100237,-0.00100214,-0.00010999999999999899,-0.0012437810945273517
1696553100000,2023-10-06T00:45:00Z,0.08833,0.08836,0.08833,0.08833,22986,2030.62912,0.08834,0.08836,0.08833,0.08833,0.08844,0.08845,0.08842,0.08842,-0.00100214,-0.00101786,-0.00113083,-0.00113083,-8.999999999999286e-05,-0.0010178692603482569
1696553400000,2023-10-06T00:50:00Z,0.08833,0.08836,0.08833,0.08835,47962,4237.15982,0.08833,0.08836,0.08833,0.08835,0.08842,0.08846,0.08842,0.08844,-0.00113083,-0.0009888,-0.00111248,-0.00111248,-9.000000000000674e-05,-0.0010176390773406461
1696553700000,2023-10-06T00:55:00Z,0.08835,0.08838,0.08833,0.08838,14087,1244.64118,0.08835,0.08839,0.08834,0.08839,0.08844,0.08849,0.08844,0.08849,-0.00111248,-0.00087994,-0.00098768,-0.00098768,-0.00010999999999999899,-0.0012430783139337665
1696554000000,2023-10-06T01:00:00Z,0.08838,0.08842,0.08837,0.08842,56394,4984.70161,0.08839,0.08842,0.08838,0.08842,0.08849,0.08853,0.08849,0.08853,-0.00098768,-0.00100372,-0.00102338,-0.00100372,-0.00010999999999999899,-0.0012425166610188522
1696554300000,2023-10-06T01:05:00Z,0.08842,0.08848,0.08842,0.08848,23402,2070.11212,0.08842,0.08848,0.08842,0.08848,0.08853,0.08857,0.08852,0.08857,-0.00100372,-0.00076702,-0.00103998,-0.00076702,-8.999999999999286e-05,-0.0010161454217002695
1696554600000,2023-10-06T01:10:00Z,0.08848,0.08848,0.08845,0.08845,10591,936.99843,0.08848,0.08848,0.08847,0.08847,0.08857,0.08858,0.08856,0.08856,-0.00076702,-0.00090176,-0.00101614,-0.00101614,-0.00010999999999999899,-0.0012420957542908647
1696554900000,2023-10-06T01:15:00Z,0.08845,0.08847,0.08836,0.0884,71996,6367.31053,0.08847,0.08848,0.08836,0.0884,0.08856,0.08857,0.08846,0.08849,-0.00101614,-0.00101435,-0.00102136,-0.00101435,-8.999999999999286e-05,-0.0010170640750366466
1696555200000,2023-10-06T01:20:00Z,0.0884,0.0884,0.08837,0.08837,6808,601.78026,0.0884,0.0884,0.08838,0.08838,0.08849,0.0885,0.08847,0.08847,-0.00101435,-0.00087692,-0.00087692,-0.00087692,-9.999999999998899e-05,-0.0011303266644058889
1696555500000,2023-10-06T01:25:00Z,0.08837,0.08838,0.08837,0.08838,40290,3560.8302,0.08838,0.0884,0.08838,0.08839,0.08847,0.08849,0.08847,0.08849,-0.00087692,-0.0009306,-0.00095445,-0.0009306,-0.00010999999999999899,-0.0012430783139337665
1696555800000,2023-10-06T01:30:00Z,0.08838,0.08847,0.08838,0.08846,104993,9284.94366,0.08839,0.08847,0.08838,0.08846,0.08849,0.08856,0.08848,0.08854,-0.0009306,-0.00069158,-0.00074042,-0.00069158,-7.999999999999674e-05,-0.0009035464196972752
1696556100000,2023-10-06T01:35:00Z,0.08846,0.08847,0.08844,0.08846,65668,5808.65072,0.08846,0.08849,0.08844,0.08849,0.08854,0.08858,0.08852,0.08858,-0.00069158,-0.00084968,-0.00085965,-0.00085965,-0.00012000000000000899,-0.0013547076089411715
1696556400000,2023-10-06T01:40:00Z,0.08846,0.08847,0.08846,0.08846,20459,1809.86614,0.08849,0.08849,0.08847,0.08847,0.08858,0.08858,0.08857,0.08858,-0.00085965,-0.00099175,-0.00110532,-0.00099175,-0.00012000000000000899,-0.0013547076089411715
1696556700000,2023-10-06T01:45:00Z,0.08846,0.08854,0.08846,0.08854,99170,8776.79846,0.08847,0.08854,0.08847,0.08854,0.08858,0.08863,0.08858,0.08863,-0.00099175,-0.00066888,-0.00072618,-0.00066888,-9.000000000000674e-05,-0.001015457520027155
1696557000000,2023-10-06T01:50:00Z,0.08854,0.08855,0.08852,0.08853,14630,1295.36997,0.08854,0.08855,0.08853,0.08854,0.08863,0.08864,0.08861,0.08863,-0.00066888,-0.00069216,-0.00073891,-0.00073891,-0.00010000000000000286,-0.0011282861333634534
1696557300000,2023-10-06T01:55:00Z,0.08853,0.08856,0.08853,0.08855,25153,2227.52968,0.08854,0.08856,0.08854,0.08856,0.08863,0.08864,0.08863,0.08864,-0.00073891,-0.00075324,-0.00079354,-0.00079354,-8.999999999999286e-05,-0.0010153429602887281
1696557600000,2023-10-06T02:00:00Z,0.08855,0.08862,0.08855,0.08857,74253,6577.45282,0.08856,0.08863,0.08855,0.08857,0.08864,0.08872,0.08864,0.08866,-0.00079354,-0.00073423,-0.00098748,-0.00073423,-9.000000000000674e-05,-0.001015113918339801
1696557900000,2023-10-06T02:05:00Z,0.08857,0.08863,0.08857,0.08862,24443,2166.11226,0.08857,0.08864,0.08857,0.08862,0.08866,0.08873,0.08866,0.08871,-0.00073423,-0.0008139,-0.00100619,-0.00100619,-8.999999999999286e-05,-0.0010145417653025911
1696558200000,2023-10-06T02:10:00Z,0.08862,0.08862,0.08857,0.08857,5087,450.73266,0.08862,0.08862,0.08858,0.08858,0.08871,0.08871,0.08866,0.08867,-0.00100619,-0.00086184,-0.00095432,-0.00095432,-0.00010000000000000286,-0.0011277771512349483
1696558500000,2023-10-06T02:15:00Z,0.08857,0.08858,0.08856,0.08858,9664,855.92288,0.08858,0.08861,0.08857,0.08861,0.08867,0.0887,0.08864,0.0887,-0.00095432,-0.00077706,-0.00083132,-0.00083132,-0.00011999999999999511,-0.0013528748590754805
1696558800000,2023-10-06T02:20:00Z,0.08858,0.0886,0.08857,0.0886,13538,1199.26809,0.08861,0.08862,0.08858,0.0886,0.0887,0.08872,0.08866,0.0887,-0.00083132,-0.00105197,-0.00111836,-0.00105197,-0.00010000000000000286,-0.0011273957158963119
1696559100000,2023-10-06T02:25:00Z,0.0886,0.08867,0.0886,0.08867,280553,24862.40253,0.0886,0.08869,0.0886,0.08869,0.0887,0.08879,0.0887,0.08879,-0.00105197,-0.00103356,-0.00108807,-0.00108807,-0.00011999999999999511,-0.0013515035476967577
1696559400000,2023-10-06T02:30:00Z,0.08867,0.08888,0.08867,0.08872,1069859,94997.38139,0.08869,0.08881,0.08869,0.08873,0.08879,0.0889,0.08879,0.08882,-0.00108807,-0.00082907,-0.00099369,-0.00082907,-0.00010000000000000286,-0.0011258725512272333
1696559700000,2023-10-06T02:35:00Z,0.08872,0.08877,0.08872,0.08876,4332,384.52758,0.08873,0.08877,0.08873,0.08876,0.08882,0.08886,0.08882,0.08884,-0.00082907,-0.00077259,-0.00078802,-0.00077259,-7.999999999999674e-05,-0.0009004952723997831
1696560000000,2023-10-06T02:40:00Z,0.08876,0.08876,0.08873,0.08873,13623,1209.04281,0.08876,0.08876,0.08873,0.08875,0.08884,0.08884,0.08882,0.08884,-0.00077259,-0.00090069,-0.00096791,-0.00096791,-0.00010999999999999899,-0.001238180999549741
1696560300000,2023-10-06T02:45:00Z,0.08873,0.08873,0.08873,0.08873,299,26.53027,0.08875,0.08875,0.08873,0.08873,0.08884,0.08884,0.08882,0.08883,-0.00096791,-0.00097073,-0.00099133,-0.00099133,-0.00010000000000000286,-0.0011257458065969026
1696560600000,2023-10-06T02:50:00Z,0.08873,0.08877,0.08873,0.08875,12326,1093.84153,0.08873,0.08877,0.08873,0.08875,0.08883,0.08885,0.08881,0.08881,-0.00099133,-0.00088171,-0.00099808,-0.00099808,-6.0000000000004494e-05,-0.0006755995946402939
1696560900000,2023-10-06T02:55:00Z,0.08875,0.08875,0.08868,0.08868,188727,16743.50217,0.08875,0.08875,0.08869,0.08869,0.08881,0.08883,0.08877,0.08877,-0.00099808,-0.00097872,-0.00099313,-0.00099313,-9.000000000000674e-05,-0.001013856032443469
1696561200000,2023-10-06T03:00:00Z,0.08868,0.08868,0.08865,0.08865,22186,1967.25452,0.08869,0.08869,0.08865,0.08866,0.08877,0.08877,0.08875,0.08876,-0.00099313,-0.00098411,-0.00104292,-0.00104292,-0.00010999999999999899,-0.0012392969806218903
1696561500000,2023-10-06T03:05:00Z,0.08865,0.08869,0.08865,0.08869,17437,1545.98074,0.08866,0.08874,0.08865,0.08874,0.08876,0.08883,0.08875,0.08883,-0.00104292,-0.00074923,-0.00084688,-0.00084688,-0.00014000000000000123,-0.0015760441292356324
1696561800000,2023-10-06T03:10:00Z,0.08869,0.08879,0.08869,0.08879,4647,412.47803,0.08874,0.08879,0.08873,0.08879,0.08883,0.08889,0.08882,0.08889,-0.00084688,-0.00042808,-0.00054056,-0.00042808,-0.00010000000000000286,-0.0011249859376758113
1696562100000,2023-10-06T03:15:00Z,0.08879,0.08882,0.08879,0.08879,10797,958.83562,0.08879,0.08882,0.08879,0.08881,0.08889,0.0889,0.08887,0.0889,-0.00042808,-0.00090009,-0.00090572,-0.00090572,-0.00011000000000001287,-0.0012373453318336655
1696562400000,2023-10-06T03:20:00Z,0.08879,0.08881,0.08874,0.08875,29084,2581.63433,0.08881,0.08882,0.08875,0.08875,0.0889,0.08891,0.08885,0.08885,-0.00090572,-0.00107686,-0.00115968,-0.00107686,-0.00010000000000000286,-0.0011254924029263126
1696562700000,2023-10-06T03:25:00Z,0.08875,0.08875,0.08875,0.08875,43,3.81625,0.08875,0.08877,0.08875,0.08876,0.08885,0.08887,0.08884,0.08886,-0.00107686,-0.00095048,-0.00097625,-0.00097625,-0.00010999999999999899,-0.001237902318253421
1696563000000,2023-10-06T03:30:00Z,0.08875,0.08884,0.08875,0.08883,61508,5461.60061,0.08876,0.08884,0.08876,0.08883,0.08886,0.08892,0.08886,0.08892,-0.00097625,-0.00065789,-0.00074145,-0.00074145,-8.999999999999286e-05,-0.001012145748987774
1696563300000,2023-10-06T03:35:00Z,0.08883,0.08883,0.0887,0.0887,64374,5714.7312,0.08883,0.08883,0.0887,0.08871,0.08892,0.08892,0.08879,0.0888,-0.00074145,-0.00102925,-0.00110942,-0.00110942,-0.00010000000000000286,-0.0011261261261261584
1696563600000,2023-10-06T03:40:00Z,0.0887,0.08873,0.0887,0.08873,42428,3764.4761,0.08871,0.08874,0.0887,0.08873,0.0888,0.08883,0.08879,0.08883,-0.00110942,-0.00080265,-0.0010949,-0.0010949,-0.00010000000000000286,-0.0011257458065969026
1696563900000,2023-10-06T03:45:00Z,0.08873,0.08875,0.08872,0.08872,122750,10892.34347,0.08873,0.08875,0.08872,0.08873,0.08883,0.08884,0.08881,0.08882,-0.0010949,-0.00086388,-0.00087998,-0.00086388,-0.00010000000000000286,-0.0011258725512272333
1696564200000,2023-10-06T03:50:00Z,0.08872,0.08874,0.0887,0.0887,58141,5159.17252,0.08873,0.08874,0.0887,0.0887,0.08882,0.08883,0.08878,0.08878,-0.00086388,-0.00087069,-0.00087069,-0.00087069,-7.999999999999674e-05,-0.0009011038522189316
1696564500000,2023-10-06T03:55:00Z,0.0887,0.0887,0.08868,0.08869,53093,4708.9726,0.0887,0.08871,0.08869,0.0887,0.08878,0.08879,0.08878,0.08879,-0.00087069,-0.00079691,-0.00087926,-0.00087926,-9.999999999998899e-05,-0.0011262529564138866
1696564800000,2023-10-06T04:00:00Z,0.08869,0.08872,0.08868,0.08868,87109,7725.62083,0.0887,0.08872,0.08868,0.08868,0.08879,0.08879,0.08874,0.08875,-0.00087926,-0.00078864,-0.00110004,-0.00110004,-7.000000000000062e-05,-0.0007887323943662042
1696565100000,2023-10-06T04:05:00Z,0.08868,0.08868,0.08862,0.08865,35643,3159.15091,0.08868,0.08868,0.08863,0.08867,0.08875,0.08876,0.08873,0.08876,-0.00110004,-0.00071531,-0.00085778,-0.00071531,-0.00010999999999999899,-0.0012392969806218903
1696565400000,2023-10-06T04:10:00Z,0.08865,0.08869,0.08857,0.08857,70261,6227.89415,0.08867,0.08872,0.08857,0.08857,0.08876,0.0888,0.08864,0.08865,-0.00071531,-0.00056344,-0.0006225,-0.00056344,-8.000000000001062e-05,-0.0009024252679076211
1696565700000,2023-10-06T04:15:00Z,0.08857,0.08857,0.08832,0.08832,172117,15223.08536,0.08857,0.08857,0.08832,0.08832,0.08865,0.08865,0.08835,0.08835,-0.00056344,-0.00017273,-0.00039954,-0.00017273,-3.0000000000002247e-05,-0.00033955857385401525
1696566000000,2023-10-06T04:20:00Z,0.08832,0.08832,0.08817,0.08824,111956,9875.29432,0.08832,0.08832,0.08817,0.08824,0.08835,0.08835,0.08821,0.08827,-0.00017273,-0.00017695,-0.00042053,-0.00017695,-3.0000000000002247e-05,-0.000339866319247788
1696566300000,2023-10-06T04:25:00Z,0.08824,0.08824,0.08805,0.08808,190037,16746.68475,0.08824,0.08824,0.0881,0.08811,0.08827,0.08828,0.08814,0.08815,-0.00017695,-0.00012358,-0.0002002,-0.00012358,-7.000000000000062e-05,-0.0007941009642654635
1696566600000,2023-10-06T04:30:00Z,0.08808,0.08808,0.08783,0.08787,1611542,141674.34182,0.08811,0.08811,0.08788,0.08788,0.08815,0.08815,0.08794,0.08794,-0.00012358,-0.00037671,-0.00053375,-0.00053375,-7.000000000000062e-05,-0.0007959972708665069
1696566900000,2023-10-06T04:35:00Z,0.08787,0.08793,0.08783,0.0879,725226,63727.1597,0.08788,0.08793,0.08785,0.0879,0.08794,0.08797,0.08792,0.08795,-0.00053375,-0.00048055,-0.00081439,-0.00048055,-4.999999999999449e-05,-0.0005685048322910119
1696567200000,2023-10-06T04:40:00Z,0.0879,0.08791,0.08774,0.08774,421781,37038.87533,0.0879,0.08791,0.08774,0.08774,0.08795,0.08796,0.0878,0.0878,-0.00048055,-0.00036052,-0.00056616,-0.00056616,-6.0000000000004494e-05,-0.0006833712984055182
1696567500000,2023-10-06T04:45:00Z,0.08774,0.08776,0.08765,0.08765,216642,19008.78901,0.08774,0.08776,0.08765,0.08765,0.0878,0.08781,0.08769,0.08769,-0.00056616,-0.00031301,-0.00034184,-0.00031301,-3.999999999999837e-05,-0.0004561523548865135
1696567800000,2023-10-06T04:50:00Z,0.08765,0.08765,0.08756,0.08756,108883,9538.75652,0.08765,0.08765,0.08757,0.08757,0.08769,0.08769,0.08761,0.08761,-0.00031301,-0.00022825,-0.00037966,-0.00022825,-4.999999999999449e-05,-0.0005707111060380607
1696568100000,2023-10-06T04:55:00Z,0.08756,0.0876,0.08751,0.08759,103091,9025.85318,0.08757,0.0876,0.08752,0.08759,0.08761,0.08762,0.08756,0.08761,-0.00022825,-0.00022841,-0.00029431,-0.00029431,-1.9999999999992246e-05,-0.00022828444241516091
1696568400000,2023-10-06T05:00:00Z,0.08759,0.08759,0.08751,0.08755,27304,2390.2545,0.08759,0.08759,0.08752,0.08755,0.08761,0.08762,0.08755,0.08759,-0.00029431,-0.00016575,-0.00044724,-0.00016575,-3.999999999999837e-05,-0.0004566731362027443
1696568700000,2023-10-06T05:05:00Z,0.08755,0.08759,0.08751,0.08752,371133,32496.9055,0.08755,0.08759,0.08751,0.08752,0.08759,0.08762,0.08754,0.08754,-0.00016575,-0.00030761,-0.00042366,-0.00042366,-2.0000000000006124e-05,-0.00022846698652051773
1696569000000,2023-10-06T05:10:00Z,0.08752,0.08758,0.08751,0.08752,117973,10326.10984,0.08752,0.0876,0.08751,0.08755,0.08754,0.08763,0.08753,0.08759,-0.00042366,-0.00022057,-0.00022407,-0.00022407,-7.000000000000062e-05,-0.0007991779883548421
1696569300000,2023-10-06T05:15:00Z,0.08752,0.08766,0.08752,0.08766,83492,7310.86435,0.08755,0.08766,0.08755,0.08766,0.08759,0.08769,0.08759,0.08769,-0.00022407,-0.00006104,-0.00010114,-0.00006104,-3.0000000000002247e-05,-0.0003421142661649247
1696569600000,2023-10-06T05:20:00Z,0.08766,0.08795,0.08765,0.08785,833208,73182.83549,0.08766,0.08794,0.08765,0.08787,0.08769,0.08797,0.08768,0.08791,-0.00006104,-0.00019793,-0.00028449,-0.00019793,-6.0000000000004494e-05,-0.0006825162097600329
1696569900000,2023-10-06T05:25:00Z,0.08785,0.08786,0.08771,0.08771,80830,7096.85895,0.08787,0.08787,0.08773,0.08773,0.08791,0.08791,0.08778,0.08778,-0.00019793,-0.00035856,-0.00044522,-0.00044522,-7.000000000000062e-05,-0.0007974481658692256
1696570200000,2023-10-06T05:30:00Z,0.08771,0.08779,0.08771,0.08773,28404,2493.05705,0.08773,0.08779,0.08772,0.08775,0.08778,0.08783,0.08777,0.0878,-0.00044522,-0.0003651,-0.00040507,-0.0003651,-7.000000000000062e-05,-0.0007972665148063852
1696570500000,2023-10-06T05:35:00Z,0.08773,0.08793,0.08773,0.0879,233063,20480.67419,0.08775,0.08793,0.08775,0.08793,0.0878,0.08798,0.0878,0.08798,-0.0003651,-0.00033549,-0.0003909,-0.00033549,-7.999999999999674e-05,-0.0009092975676289695
1696570800000,2023-10-06T05:40:00Z,0.0879,0.08793,0.08788,0.08792,37919,3332.8616,0.08793,0.08793,0.0879,0.08792,0.08798,0.08799,0.08796,0.08798,-0.00033549,-0.00044578,-0.00045726,-0.00045726,-6.0000000000004494e-05,-0.000681973175721806
1696571100000,2023-10-06T05:45:00Z,0.08792,0.088,0.08792,0.08794,205090,18042.48488,0.08792,0.08799,0.08792,0.08795,0.08798,0.08804,0.08798,0.08801,-0.00045726,-0.00049664,-0.00050284,-0.00050284,-7.000000000000062e-05,-0.0007953641631632839
1696571400000,2023-10-06T05:50:00Z,0.08794,0.08801,0.08794,0.088,15169,1334.42521,0.08795,0.08801,0.08794,0.088,0.08801,0.08806,0.088,0.08805,-0.00050284,-0.00041919,-0.00044019,-0.00041919,-5.000000000000837e-05,-0.0005678591709257055
1696571700000,2023-10-06T05:55:00Z,0.088,0.08802,0.08795,0.08799,118074,10390.35095,0.088,0.08802,0.08796,0.088,0.08805,0.08807,0.08801,0.08806,-0.00041919,-0.0003715,-0.00060837,-0.00060837,-7.000000000000062e-05,-0.000794912559618449
1696572000000,2023-10-06T06:00:00Z,0.08799,0.08802,0.08786,0.08789,26600,2338.7679,0.088,0.08802,0.08787,0.08789,0.08806,0.08807,0.08792,0.08794,-0.00060837,-0.00063421,-0.00068166,-0.00063421,-5.000000000000837e-05,-0.0005685694791904522
1696572300000,2023-10-06T06:05:00Z,0.08789,0.0879,0.08781,0.08786,95590,8397.3643,0.08789,0.0879,0.08782,0.08787,0.08794,0.08795,0.08787,0.08793,-0.00063421,-0.00025418,-0.00082891,-0.00082891,-7.000000000000062e-05,-0.0007960877971113457
1696572600000,2023-10-06T06:10:00Z,0.08786,0.08796,0.08785,0.08796,49510,4350.76741,0.08787,0.08796,0.08785,0.08796,0.08793,0.08802,0.08792,0.08801,-0.00082891,-0.00038388,-0.00056875,-0.00056875,-5.000000000000837e-05,-0.0005681172594024358
1696572900000,2023-10-06T06:15:00Z,0.08796,0.08797,0.08794,0.08796,6072,534.07358,0.08796,0.08798,0.08794,0.08797,0.08801,0.08805,0.08801,0.08805,-0.00056875,-0.00050357,-0.0006149,-0.00050357,-9.000000000000674e-05,-0.0010221465076661754
1696573200000,2023-10-06T06:20:00Z,0.08796,0.08808,0.08796,0.08806,53731,4729.0913,0.08797,0.08808,0.08797,0.08807,0.08805,0.08815,0.08804,0.08813,-0.00050357,-0.00038685,-0.0005388,-0.0005388,-7.000000000000062e-05,-0.0007942811755361468
1696573500000,2023-10-06T06:25:00Z,0.08806,0.08811,0.08804,0.08806,86271,7600.38179,0.08807,0.08812,0.08806,0.08806,0.08813,0.08818,0.08812,0.08812,-0.0005388,-0.00055202,-0.00058844,-0.00058844,-6.0000000000004494e-05,-0.0006808896958693201
1696573800000,2023-10-06T06:30:00Z,0.08806,0.08809,0.08797,0.088,44179,3888.61238,0.08806,0.08809,0.08798,0.088,0.08812,0.08815,0.08805,0.08806,-0.00058844,-0.00066969,-0.00082773,-0.00082773,-6.0000000000004494e-05,-0.0006813536225301442
1696574100000,2023-10-06T06:35:00Z,0.088,0.088,0.08794,0.08799,39377,3463.4869,0.088,0.08801,0.08794,0.08801,0.08806,0.08808,0.08801,0.08808,-0.00082773,-0.00059725,-0.00066003,-0.00059725,-9.000000000000674e-05,-0.0010217983651226923
1696574400000,2023-10-06T06:40:00Z,0.08799,0.08804,0.08798,0.08799,18145,1596.89346,0.08801,0.08804,0.08799,0.088,0.08808,0.08811,0.08806,0.08807,-0.00059725,-0.00074531,-0.00075644,-0.00075644,-7.999999999999674e-05,-0.0009083683433631968
1696574700000,2023-10-06T06:45:00Z,0.08799,0.08799,0.08791,0.08793,79542,6995.48736,0.088,0.08801,0.08793,0.08793,0.08807,0.08808,0.088,0.08801,-0.00075644,-0.00045994,-0.00079116,-0.00079116,-8.000000000001062e-05,-0.0009089876150438657
1696575000000,2023-10-06T06:50:00Z,0.08793,0.08798,0.0879,0.08795,132695,11665.31685,0.08793,0.08798,0.08791,0.08797,0.08801,0.08804,0.08798,0.08804,-0.00079116,-0.00055247,-0.0006542,-0.00055247,-8.999999999999286e-05,-0.0010222626079054165
1696575300000,2023-10-06T06:55:00Z,0.08795,0.08797,0.08795,0.08797,5304,466.52047,0.08797,0.08797,0.08795,0.08797,0.08804,0.08804,0.08802,0.08803,-0.00055247,-0.00048369,-0.00068465,-0.00048369,-5.9999999999990616e-05,-0.0006815858230147747
1696575600000,2023-10-06T07:00:00Z,0.08797,0.08797,0.08783,0.08783,188449,16566.17398,0.08797,0.08797,0.08783,0.08783,0.08803,0.08804,0.0879,0.0879,-0.00048369,-0.00048426,-0.00073108,-0.00073108,-7.000000000000062e-05,-0.0007963594994311788
1696575900000,2023-10-06T07:05:00Z,0.08783,0.08783,0.08776,0.08779,680393,59717.82929,0.08783,0.08783,0.08778,0.08779,0.0879,0.0879,0.08785,0.08785,-0.00073108,-0.0004287,-0.00043348,-0.0004287,-5.9999999999990616e-05,-0.0006829823562890224
1696576200000,2023-10-06T07:10:00Z,0.08779,0.08779,0.08774,0.08775,37464,3287.70531,0.08779,0.08779,0.08774,0.08775,0.08785,0.08785,0.08781,0.08781,-0.0004287,-0.00059872,-0.0006317,-0.0006317,-6.0000000000004494e-05,-0.0006832934745473692
1696576500000,2023-10-06T07:15:00Z,0.08775,0.08781,0.08767,0.08768,181435,15916.73968,0.08775,0.08781,0.08769,0.0877,0.08781,0.08786,0.08775,0.08776,-0.0006317,-0.0005696,-0.00064192,-0.0005696,-8.000000000001062e-05,-0.0009115770282590089
1696576800000,2023-10-06T07:20:00Z,0.08768,0.0878,0.08767,0.08777,75424,6618.8619,0.0877,0.0878,0.08769,0.08777,0.08776,0.08786,0.08775,0.08783,-0.0005696,-0.00030528,-0.00056941,-0.00056941,-6.0000000000004494e-05,-0.0006831378799954968
1696577100000,2023-10-06T07:25:00Z,0.08777,0.08781,0.08761,0.08762,111390,9763.75477,0.08777,0.08781,0.08763,0.08763,0.08783,0.08784,0.08768,0.08768,-0.00056941,-0.00030413,-0.00040244,-0.00040244,-5.9999999999990616e-05,-0.0006843065693429587
1696577400000,2023-10-06T07:30:00Z,0.08762,0.08768,0.08746,0.0875,624519,54656.2496,0.08763,0.08768,0.08748,0.0875,0.08768,0.08773,0.08753,0.08755,-0.00040244,-0.0004372,-0.00046001,-0.00046001,-5.000000000000837e-05,-0.0005711022272987821
1696577700000,2023-10-06T07:35:00Z,0.0875,0.08763,0.0875,0.08751,166390,14571.80171,0.0875,0.08763,0.0875,0.08751,0.08755,0.08768,0.08754,0.08754,-0.00046001,-0.00027163,-0.00031131,-0.00027163,-3.0000000000002247e-05,-0.00034270047978069736
1696578000000,2023-10-06T07:40:00Z,0.08751,0.08759,0.08751,0.08753,164981,14446.35943,0.08751,0.08758,0.08751,0.08753,0.08754,0.0876,0.08754,0.08755,-0.00027163,-0.00001187,-0.00004499,-0.00004499,-2.0000000000006124e-05,-0.00022844089091954452
1696578300000,2023-10-06T07:45:00Z,0.08753,0.08761,0.0875,0.08752,306709,26854.63118,0.08753,0.0876,0.08751,0.08753,0.08755,0.08761,0.08752,0.08755,-0.00004499,0,0,0,-3.0000000000002247e-05,-0.0003426613363792375
1696578600000,2023-10-06T07:50:00Z,0.08752,0.08755,0.08746,0.08746,259717,22725.55059,0.08753,0.08757,0.08746,0.08746,0.08755,0.08759,0.08746,0.08748,0,0,-0.0001066,0,-2.0000000000006124e-05,-0.00022862368541387888
1696578900000,2023-10-06T07:55:00Z,0.08746,0.0875,0.08744,0.08749,120699,10556.381,0.08746,0.0875,0.08744,0.08749,0.08748,0.0875,0.08745,0.08749,0,0,0,0,0.0,0.0
1696579200000,2023-10-06T08:00:00Z,0.08749,0.08751,0.08742,0.08742,323600,28301.31311,0.08749,0.08751,0.08742,0.08744,0.08749,0.08753,0.08744,0.08746,0,-0.00010829,-0.00011435,-0.00010829,-3.999999999999837e-05,-0.00045735193231189543
1696579500000,2023-10-06T08:05:00Z,0.08742,0.08742,0.08706,0.08715,708084,61773.95553,0.08744,0.08744,0.0871,0.08716,0.08746,0.08746,0.08712,0.08719,-0.00010829,-0.00005976,-0.00027031,-0.00027031,-3.999999999999837e-05,-0.00045876820736321104
1696579800000,2023-10-06T08:10:00Z,0.08715,0.08717,0.08708,0.08717,311810,27163.75433,0.08716,0.08716,0.08711,0.08714,0.08719,0.08721,0.08714,0.08721,-0.00027031,-0.00023365,-0.00032595,-0.00032595,-3.999999999999837e-05,-0.0004586629973626691
1696580100000,2023-10-06T08:15:00Z,0.08717,0.0872,0.08702,0.08705,445240,38765.51811,0.08714,0.0872,0.08704,0.08706,0.08721,0.08723,0.08709,0.08711,-0.00032595,-0.00029866,-0.00070646,-0.00029866,-6.0000000000004494e-05,-0.0006887842957181092
1696580400000,2023-10-06T08:20:00Z,0.08705,0.08708,0.08698,0.08698,226891,19746.38851,0.08706,0.08708,0.08697,0.08698,0.08711,0.08711,0.08699,0.087,-0.00029866,-0.00010617,-0.00017265,-0.00010617,-1.9999999999992246e-05,-0.00022988505747117526
1696580700000,2023-10-06T08:25:00Z,0.08698,0.08704,0.08694,0.08703,279866,24349.46363,0.08698,0.08705,0.08694,0.08703,0.087,0.08709,0.08697,0.08705,-0.00010617,-0.00021433,-0.00032835,-0.00021433,-2.0000000000006124e-05,-0.0002297530155083989
1696581000000,2023-10-06T08:30:00Z,0.08703,0.08705,0.08678,0.08678,408025,35460.72549,0.08703,0.08704,0.08679,0.08679,0.08705,0.08706,0.08682,0.08682,-0.00021433,-0.00023104,-0.00023141,-0.00023141,-3.999999999999837e-05,-0.0004607233356369313
1696581300000,2023-10-06T08:35:00Z,0.08678,0.08681,0.0866,0.08671,554283,48059.0945,0.08679,0.08681,0.08666,0.08672,0.08682,0.08685,0.0867,0.08676,-0.00023141,-0.00019573,-0.00047625,-0.00019573,-5.000000000000837e-05,-0.000576302443522457
1696581600000,2023-10-06T08:40:00Z,0.08671,0.08676,0.08654,0.08661,839833,72769.63291,0.08672,0.08676,0.08656,0.08662,0.08676,0.08679,0.08659,0.08666,-0.00019573,-0.00030899,-0.00035546,-0.00035546,-4.999999999999449e-05,-0.0005769674590352468
1696581900000,2023-10-06T08:45:00Z,0.08661,0.08661,0.08644,0.08647,276900,23949.99257,0.08662,0.08662,0.08645,0.08647,0.08666,0.08666,0.0865,0.08652,-0.00035546,-0.00023593,-0.00031792,-0.00031792,-4.999999999999449e-05,-0.0005779010633378929
1696582200000,2023-10-06T08:50:00Z,0.08647,0.08648,0.08634,0.08637,291204,25158.85793,0.08647,0.08648,0.08635,0.08638,0.08652,0.08652,0.0864,0.08643,-0.00031792,-0.00054953,-0.00057843,-0.00054953,-6.0000000000004494e-05,-0.0006942034015967198
1696582500000,2023-10-06T08:55:00Z,0.08637,0.08642,0.08617,0.08622,671129,57942.19322,0.08638,0.08642,0.08619,0.08622,0.08643,0.08645,0.08624,0.08625,-0.00054953,-0.0002842,-0.00038434,-0.0002842,-2.999999999998837e-05,-0.00034782608695638694
1696582800000,2023-10-06T09:00:00Z,0.08622,0.08625,0.08604,0.08604,393908,33935.59588,0.08622,0.08625,0.08604,0.08604,0.08625,0.08627,0.08605,0.08607,-0.0002842,-0.00014429,-0.00033828,-0.00033828,-2.999999999998837e-05,-0.0003485535029625697
1696583100000,2023-10-06T09:05:00Z,0.08604,0.08604,0.08571,0.08579,1556496,133600.12978,0.08604,0.08604,0.08572,0.08581,0.08607,0.08607,0.08577,0.08585,-0.00033828,-0.00058568,-0.00084597,-0.00058568,-5.9999999999990616e-05,-0.0006988934187535308
1696583400000,2023-10-06T09:10:00Z,0.08579,0.08582,0.08551,0.08557,1770880,151568.81733,0.08581,0.08581,0.08557,0.08557,0.08585,0.08587,0.08563,0.08563,-0.00058568,-0.0004662,-0.00052761,-0.00052761,-6.0000000000004494e-05,-0.0007006890108607321
1696583700000,2023-10-06T09:15:00Z,0.08557,0.0858,0.08554,0.0857,591371,50666.49773,0.08557,0.08581,0.08556,0.0857,0.08563,0.08587,0.08563,0.08576,-0.00052761,-0.00018388,-0.00024355,-0.00024355,-6.0000000000004494e-05,-0.0006996268656716941
1696584000000,2023-10-06T09:20:00Z,0.0857,0.08592,0.08536,0.08564,3608723,308743.30479,0.0857,0.08592,0.08553,0.08566,0.08576,0.08595,0.08558,0.08571,-0.00024355,-0.00005494,-0.0006149,-0.0006149,-7.000000000000062e-05,-0.0008167075020417761
1696584300000,2023-10-06T09:25:00Z,0.08564,0.08568,0.08547,0.08553,590231,50524.31051,0.08566,0.08568,0.0855,0.08554,0.08571,0.08575,0.08557,0.08561,-0.0006149,-0.00063313,-0.00078555,-0.00063313,-8.000000000001062e-05,-0.0009344702721645907
1696584600000,2023-10-06T09:30:00Z,0.08553,0.08554,0.08521,0.08542,1877037,160146.89358,0.08554,0.08554,0.08524,0.08542,0.08561,0.08561,0.08532,0.08544,-0.00063313,-0.00033622,-0.0008294,-0.00033622,-2.0000000000006124e-05,-0.000234082397003817
1696584900000,2023-10-06T09:35:00Z,0.08542,0.08555,0.0853,0.08541,2407090,205661.49355,0.08542,0.08554,0.08531,0.08541,0.08544,0.08555,0.08535,0.08544,-0.00033622,0,0,0,-3.0000000000002247e-05,-0.00035112359550564426
1696585200000,2023-10-06T09:40:00Z,0.08541,0.08565,0.08531,0.08555,1339201,114474.96752,0.08541,0.08567,0.08531,0.08556,0.08544,0.0857,0.08534,0.08559,0,-0.00010476,-0.00014586,-0.00010476,-3.999999999999837e-05,-0.00046734431592473854
1696585500000,2023-10-06T09:45:00Z,0.08555,0.08588,0.08546,0.08584,739524,63376.12676,0.08556,0.08587,0.08549,0.08584,0.08559,0.08588,0.08553,0.08588,-0.00010476,0,-0.00014079,-0.00014079,-3.999999999999837e-05,-0.0004657661853749228
1696585800000,2023-10-06T09:50:00Z,0.08584,0.08601,0.08583,0.08593,452856,38915.08439,0.08584,0.08601,0.08583,0.08593,0.08588,0.08602,0.08586,0.08596,-0.00014079,0,-0.00006942,0,-2.999999999998837e-05,-0.0003489995346671518
1696586100000,2023-10-06T09:55:00Z,0.08593,0.08594,0.08577,0.08581,380508,32674.04046,0.08593,0.08595,0.08578,0.08581,0.08596,0.08598,0.08584,0.08585,0,-0.00034804,-0.00046592,-0.00046592,-3.999999999999837e-05,-0.0004659289458357411
1696586400000,2023-10-06T10:00:00Z,0.08581,0.08581,0.08541,0.08542,467391,40001.4999,0.08581,0.08581,0.08542,0.08542,0.08585,0.08585,0.08548,0.08548,-0.00046592,-0.00065148,-0.00082695,-0.00065148,-6.0000000000004494e-05,-0.0007019185774450689
1696586700000,2023-10-06T10:05:00Z,0.08542,0.08552,0.08536,0.08542,784445,67033.95769,0.08542,0.08552,0.08538,0.08542,0.08548,0.08558,0.08544,0.08548,-0.00065148,-0.00061354,-0.00063415,-0.00061354,-6.0000000000004494e-05,-0.0007019185774450689
1696587000000,2023-10-06T10:10:00Z,0.08542,0.08568,0.08541,0.08555,720825,61678.72026,0.08542,0.08565,0.08541,0.08555,0.08548,0.0857,0.08547,0.08561,-0.00061354,-0.00021032,-0.00057698,-0.00021032,-6.0000000000004494e-05,-0.0007008527041234026
1696587300000,2023-10-06T10:15:00Z,0.08555,0.08561,0.0855,0.08555,261078,22337.54271,0.08555,0.08562,0.08551,0.08555,0.08561,0.08567,0.08556,0.0856,-0.00021032,-0.00031588,-0.00045722,-0.00045722,-4.999999999999449e-05,-0.0005841121495326459
1696587600000,2023-10-06T10:20:00Z,0.08555,0.08616,0.08555,0.08597,1171653,100664.72129,0.08555,0.08615,0.08555,0.08599,0.0856,0.08618,0.0856,0.08604,-0.00045722,-0.00037468,-0.00040505,-0.00037468,-7.000000000000062e-05,-0.0008135750813575152
1696587900000,2023-10-06T10:25:00Z,0.08597,0.08601,0.08581,0.08582,369966,31774.07179,0.08599,0.08601,0.08582,0.08582,0.08604,0.08605,0.08588,0.08588,-0.00037468,-0.00022692,-0.00038695,-0.00038695,-6.0000000000004494e-05,-0.0006986492780624651
1696588200000,2023-10-06T10:30:00Z,0.08582,0.08591,0.08577,0.08585,399112,34249.99104,0.08582,0.08592,0.0858,0.08586,0.08588,0.08598,0.08585,0.08592,-0.00038695,-0.00062127,-0.00076413,-0.00076413,-7.000000000000062e-05,-0.0008147113594041041
1696588500000,2023-10-06T10:35:00Z,0.08585,0.0861,0.08585,0.08608,923094,79442.13141,0.08586,0.08611,0.08586,0.0861,0.08592,0.08617,0.08592,0.08617,-0.00076413,-0.00049657,-0.0006026,-0.00049657,-8.999999999999286e-05,-0.0010444470233259007
1696588800000,2023-10-06T10:40:00Z,0.08608,0.0861,0.08595,0.08606,480410,41326.0349,0.0861,0.08611,0.08599,0.08606,0.08617,0.08617,0.08607,0.0861,-0.00049657,-0.00057086,-0.0006518,-0.0006518,-3.999999999999837e-05,-0.000464576074332153
1696589100000,2023-10-06T10:45:00Z,0.08606,0.08611,0.0859,0.08598,629831,54208.50303,0.08606,0.08611,0.08592,0.08598,0.0861,0.08618,0.08599,0.08606,-0.0006518,-0.00055643,-0.00074349,-0.00074349,-7.999999999999674e-05,-0.0009295840111549703
1696589400000,2023-10-06T10:50:00Z,0.08598,0.08609,0.08598,0.086,175855,15131.19276,0.08598,0.08609,0.08598,0.08602,0.08606,0.08616,0.08605,0.08608,-0.00074349,-0.00029484,-0.00050603,-0.00029484,-8.000000000001062e-05,-0.0009293680297399003
1696589700000,2023-10-06T10:55:00Z,0.086,0.08608,0.08593,0.08608,107124,9213.4513,0.08602,0.0861,0.08593,0.08609,0.08608,0.08617,0.08599,0.08616,-0.00029484,-0.00059539,-0.00062411,-0.00059539,-7.999999999999674e-05,-0.0009285051067780494
1696590000000,2023-10-06T11:00:00Z,0.08608,0.08608,0.08595,0.08596,268743,23117.61289,0.08609,0.0861,0.08595,0.08597,0.08616,0.08618,0.08603,0.08606,-0.00059539,-0.00063709,-0.00084152,-0.00084152,-0.00010000000000000286,-0.0011619800139437936
1696590300000,2023-10-06T11:05:00Z,0.08596,0.08609,0.08596,0.08606,54930,4726.76541,0.08597,0.08609,0.08597,0.08607,0.08606,0.08618,0.08606,0.08616,-0.00084152,-0.00079514,-0.00088477,-0.00079514,-0.00010000000000000286,-0.0011606313834726424
1696590600000,2023-10-06T11:10:00Z,0.08606,0.0862,0.08598,0.086,662684,57067.31795,0.08607,0.08617,0.08599,0.08603,0.08616,0.08624,0.08607,0.0861,-0.00079514,-0.00061214,-0.00064692,-0.00064692,-0.00010000000000000286,-0.0011614401858304631
1696590900000,2023-10-06T11:15:00Z,0.086,0.08601,0.08592,0.08597,115220,9904.46436,0.08603,0.08603,0.08594,0.08597,0.0861,0.0861,0.08602,0.08604,-0.00064692,-0.00089459,-0.00091607,-0.00091607,-7.000000000000062e-05,-0.0008135750813575152
1696591200000,2023-10-06T11:20:00Z,0.08597,0.08599,0.08582,0.08583,835118,71731.38482,0.08597,0.08598,0.08584,0.08585,0.08604,0.08605,0.08594,0.08595,-0.00091607,-0.00094799,-0.00101221,-0.00101221,-0.00011999999999999511,-0.0013961605584641664
1696591500000,2023-10-06T11:25:00Z,0.08583,0.0859,0.08581,0.08587,60733,5213.59718,0.08585,0.0859,0.08581,0.08588,0.08595,0.08599,0.08591,0.08597,-0.00101221,-0.00074473,-0.00100662,-0.00100662,-0.00010000000000000286,-0.0011631964638827831
1696591800000,2023-10-06T11:30:00Z,0.08587,0.0859,0.08583,0.0859,59036,5069.7436,0.08588,0.0859,0.08585,0.0859,0.08597,0.08599,0.08594,0.08599,-0.00100662,-0.00074747,-0.00094021,-0.00074747,-8.999999999999286e-05,-0.0010466333294568307
1696592100000,2023-10-06T11:35:00Z,0.0859,0.08596,0.08588,0.08595,160546,13794.59206,0.0859,0.08596,0.08588,0.08595,0.08599,0.08604,0.08597,0.08602,-0.00074747,-0.00053592,-0.00076313,-0.00076313,-7.000000000000062e-05,-0.0008137642408742225
1696592400000,2023-10-06T11:40:00Z,0.08595,0.08605,0.08594,0.086,145852,12546.46629,0.08595,0.08605,0.08594,0.08602,0.08602,0.08612,0.08601,0.0861,-0.00076313,-0.00064347,-0.00078699,-0.00078699,-0.00010000000000000286,-0.0011614401858304631
1696592700000,2023-10-06T11:45:00Z,0.086,0.08604,0.08598,0.08598,95888,8247.16134,0.08602,0.08604,0.08598,0.08598,0.0861,0.08611,0.08606,0.08607,-0.00078699,-0.0008006,-0.00082479,-0.0008006,-8.999999999999286e-05,-0.0010456605088880314
1696593000000,2023-10-06T11:50:00Z,0.08598,0.08602,0.08595,0.08595,18466,1587.87075,0.08598,0.08602,0.08595,0.08595,0.08607,0.08608,0.08602,0.08602,-0.0008006,-0.00033263,-0.00058112,-0.00033263,-7.000000000000062e-05,-0.0008137642408742225
1696593300000,2023-10-06T11:55:00Z,0.08595,0.08595,0.08585,0.08587,110658,9502.30698,0.08595,0.08595,0.08586,0.08587,0.08602,0.08602,0.08591,0.08592,-0.00033263,-0.00038698,-0.00077315,-0.00077315,-4.999999999999449e-05,-0.0005819366852885766
1696593600000,2023-10-06T12:00:00Z,0.08587,0.08588,0.08575,0.08575,1274652,109374.51544,0.08587,0.08591,0.08575,0.08575,0.08592,0.08597,0.0858,0.0858,-0.00077315,-0.00045648,-0.00069897,-0.00045648,-4.999999999999449e-05,-0.0005827505827505186
1696593900000,2023-10-06T12:05:00Z,0.08575,0.08575,0.08554,0.08554,275302,23584.14462,0.08575,0.08577,0.08556,0.08556,0.0858,0.08584,0.08566,0.08566,-0.00045648,-0.0007616,-0.00092432,-0.0007616,-0.00011999999999999511,-0.0014008872285780423
1696594200000,2023-10-06T12:10:00Z,0.08554,0.08571,0.08554,0.08571,302492,25919.78538,0.08556,0.08576,0.08555,0.08571,0.08566,0.08584,0.08565,0.08578,-0.0007616,-0.00063016,-0.00126389,-0.00126389,-7.000000000000062e-05,-0.000816041035206349
1696594500000,2023-10-06T12:15:00Z,0.08571,0.08571,0.08564,0.08568,47202,4044.5141,0.08571,0.08578,0.08568,0.08569,0.08578,0.08586,0.08575,0.08583,-0.00126389,-0.00141081,-0.0015787,-0.0015787,-0.00014999999999999736,-0.0017476406850751177
1696594800000,2023-10-06T12:20:00Z,0.08568,0.08576,0.08568,0.08575,57913,4964.67636,0.08569,0.08576,0.08568,0.08576,0.08583,0.08587,0.08575,0.08584,-0.0015787,-0.00077539,-0.00098113,-0.00077539,-8.999999999999286e-05,-0.001048462255358724
1696595100000,2023-10-06T12:25:00Z,0.08575,0.08579,0.08571,0.08576,65537,5619.92131,0.08576,0.08579,0.08571,0.08574,0.08584,0.08587,0.08573,0.08575,-0.00077539,-0.00070624,-0.00092299,-0.00070624,9.999999999996123e-06,0.00011661807580170405
1696595400000,2023-10-06T12:30:00Z,0.08576,0.08586,0.08552,0.08577,891610,76467.84406,0.08574,0.08585,0.08552,0.08577,0.08575,0.0859,0.0856,0.08582,-0.00070624,0,-0.00046919,-0.00046919,-4.999999999999449e-05,-0.0005826147751106326
1696595700000,2023-10-06T12:35:00Z,0.08577,0.08581,0.08569,0.0857,140131,12016.4625,0.08577,0.08582,0.0857,0.0857,0.08582,0.08588,0.08572,0.08574,-0.00046919,-0.00006423,-0.00096725,-0.00096725,-3.999999999999837e-05,-0.00046652670865405144
1696596000000,2023-10-06T12:40:00Z,0.0857,0.08579,0.08569,0.0857,224385,19237.62329,0.0857,0.0858,0.08569,0.0857,0.08574,0.08588,0.08571,0.08573,-0.00096725,-0.0000316,-0.00010341,-0.00010341,-3.0000000000002247e-05,-0.0003499358450950921
1696596300000,2023-10-06T12:45:00Z,0.0857,0.0857,0.08558,0.08559,139447,11945.67389,0.0857,0.08575,0.0856,0.0856,0.08573,0.08582,0.08563,0.0857,-0.00010341,-0.00023353,-0.00116658,-0.00023353,-0.00010999999999999899,-0.001283547257876301
1696596600000,2023-10-06T12:50:00Z,0.08559,0.08561,0.08551,0.08551,403926,34556.76999,0.0856,0.08562,0.0855,0.08551,0.0857,0.08572,0.08551,0.0856,-0.00023353,-0.00050607,-0.00070525,-0.00070525,-8.999999999999286e-05,-0.0010514018691587953
1696596900000,2023-10-06T12:55:00Z,0.08551,0.08566,0.08533,0.08546,2779959,237613.23519,0.08551,0.08564,0.08535,0.08545,0.0856,0.08566,0.08538,0.08546,-0.00070525,-0.00002139,-0.00137802,-0.00002139,0.0,0.0
1696597200000,2023-10-06T13:00:00Z,0.08546,0.08559,0.08542,0.08558,680595,58205.98129,0.08545,0.08567,0.08542,0.08564,0.08546,0.08569,0.08543,0.08567,-0.00002139,-0.00008493,-0.00011543,-0.00011543,-8.999999999999286e-05,-0.0010505427804364757
1696597500000,2023-10-06T13:05:00Z,0.08558,0.08589,0.08554,0.08583,1249237,107177.46318,0.08564,0.08587,0.08557,0.08583,0.08567,0.08592,0.08558,0.08584,-0.00011543,-0.00065859,-0.00085664,-0.00065859,-9.999999999996123e-06,-0.0001164958061509334
1696597800000,2023-10-06T13:10:00Z,0.08583,0.08586,0.08578,0.08578,123330,10583.67426,0.08583,0.08589,0.08578,0.08583,0.08584,0.08594,0.08579,0.08589,-0.00065859,-0.00082324,-0.00111328,-0.00111328,-0.00010999999999999899,-0.0012807078821748632
1696598100000,2023-10-06T13:15:00Z,0.08578,0.08586,0.08578,0.08585,117234,10060.47743,0.08583,0.08589,0.08581,0.08585,0.08589,0.08597,0.08586,0.08588,-0.00111328,-0.00109332,-0.00113813,-0.00113813,-3.0000000000002247e-05,-0.00034932463903123253
1696598400000,2023-10-06T13:20:00Z,0.08585,0.08585,0.08578,0.08581,39514,3390.31921,0.08585,0.08585,0.08578,0.08585,0.08588,0.08593,0.08582,0.08593,-0.00113813,-0.00076865,-0.00100558,-0.00076865,-0.00012000000000000899,-0.001396485511462923
1696598700000,2023-10-06T13:25:00Z,0.08581,0.08585,0.08579,0.0858,47689,4092.71195,0.08585,0.08587,0.08579,0.0858,0.08593,0.08595,0.0858,0.08583,-0.00076865,-0.00089609,-0.00116387,-0.00116387,-3.0000000000002247e-05,-0.00034952813701505587
1696599000000,2023-10-06T13:30:00Z,0.0858,0.08607,0.08579,0.08603,1101596,94671.50012,0.0858,0.08607,0.0858,0.08603,0.08583,0.08615,0.08583,0.08609,-0.00116387,-0.00080153,-0.00113417,-0.00080153,-6.0000000000004494e-05,-0.0006969450574980194
1696599300000,2023-10-06T13:35:00Z,0.08603,0.08604,0.08594,0.08595,188743,16230.06134,0.08603,0.08608,0.08594,0.08597,0.08609,0.08615,0.08595,0.08606,-0.00080153,-0.00139033,-0.00162526,-0.00162526,-0.00010999999999999899,-0.0012781780153381245
1696599600000,2023-10-06T13:40:00Z,0.08595,0.086,0.08593,0.08598,511261,43967.65559,0.08597,0.08603,0.08593,0.08598,0.08606,0.08614,0.08601,0.08607,-0.00162526,-0.00104541,-0.00150934,-0.00104541,-8.999999999999286e-05,-0.0010456605088880314
1696599900000,2023-10-06T13:45:00Z,0.08598,0.08608,0.08595,0.08595,167567,14412.36941,0.08598,0.08608,0.08595,0.08595,0.08607,0.08617,0.08601,0.08601,-0.00104541,-0.00054094,-0.00091205,-0.00054094,-6.0000000000004494e-05,-0.0006975933031043424
1696600200000,2023-10-06T13:50:00Z,0.08595,0.08606,0.08591,0.08606,73278,6301.29731,0.08595,0.08615,0.08591,0.08613,0.08601,0.0862,0.08593,0.08619,-0.00054094,-0.00040325,-0.00122451,-0.00122451,-0.0001300000000000051,-0.001508295625942744
1696600500000,2023-10-06T13:55:00Z,0.08606,0.08606,0.08595,0.08602,209385,18010.87768,0.08613,0.08613,0.08595,0.08602,0.08619,0.08619,0.08599,0.08604,-0.00122451,-0.00001127,-0.00039042,-0.00001127,-2.0000000000006124e-05,-0.0002324500232450735
1696600800000,2023-10-06T14:00:00Z,0.08602,0.0861,0.08602,0.0861,187046,16100.29992,0.08602,0.08618,0.08602,0.08617,0.08604,0.08624,0.08604,0.08623,-0.00001127,-0.00040578,-0.00040761,-0.00040578,-0.0001300000000000051,-0.0015075959642816318
1696601100000,2023-10-06T14:05:00Z,0.0861,0.0861,0.086,0.08603,103269,8887.35412,0.08617,0.08619,0.08603,0.08608,0.08623,0.08625,0.08608,0.08619,-0.00040578,-0.0013235,-0.00138668,-0.0013235,-0.00016000000000000736,-0.001856363847314159
1696601400000,2023-10-06T14:10:00Z,0.08603,0.08617,0.086,0.08617,70322,6054.25753,0.08608,0.08619,0.08601,0.08617,0.08619,0.08628,0.08606,0.08624,-0.0013235,-0.00036958,-0.00039637,-0.00039637,-7.000000000000062e-05,-0.0008116883116883189
1696601700000,2023-10-06T14:15:00Z,0.08617,0.08622,0.08612,0.08612,273156,23542.86473,0.08617,0.08622,0.08612,0.08612,0.08624,0.08628,0.08619,0.08619,-0.00039637,-0.0004565,-0.00059355,-0.0004565,-7.000000000000062e-05,-0.0008121591831999143
1696602000000,2023-10-06T14:20:00Z,0.08612,0.0862,0.0861,0.08618,199186,17158.5387,0.08612,0.08624,0.0861,0.08619,0.08619,0.08632,0.08612,0.08628,-0.0004565,-0.00069557,-0.00122134,-0.00069557,-9.999999999998899e-05,-0.0011590171534537435
1696602300000,2023-10-06T14:25:00Z,0.08618,0.0862,0.08616,0.08618,177402,15287.50455,0.08619,0.08626,0.08616,0.08618,0.08628,0.08634,0.0862,0.08625,-0.00069557,-0.00046382,-0.00065472,-0.00065472,-6.999999999998674e-05,-0.0008115942028983971
1696602600000,2023-10-06T14:30:00Z,0.08618,0.08623,0.0861,0.0861,231759,19976.91648,0.08618,0.08623,0.0861,0.0861,0.08625,0.08628,0.0861,0.0861,-0.00065472,0,-0.00011595,0,0.0,0.0
1696602900000,2023-10-06T14:35:00Z,0.0861,0.0861,0.08602,0.08607,200910,17293.03004,0.0861,0.08617,0.08603,0.08612,0.0861,0.08619,0.08605,0.08618,0,-0.00079707,-0.00080415,-0.00080415,-0.00011000000000001287,-0.001276398236249859
1696603200000,2023-10-06T14:40:00Z,0.08607,0.08608,0.08601,0.08601,91153,7841.38543,0.08612,0.08612,0.08601,0.08602,0.08618,0.08618,0.08607,0.08612,-0.00080415,-0.00104481,-0.00127713,-0.00127713,-0.00010999999999999899,-0.0012772875058058406
1696603500000,2023-10-06T14:45:00Z,0.08601,0.08604,0.08601,0.08602,71694,6167.68683,0.08602,0.08605,0.08601,0.08603,0.08612,0.08615,0.08601,0.08606,-0.00127713,0,-0.00023239,-0.00023239,-3.999999999999837e-05,-0.00046479200557748515
1696603800000,2023-10-06T14:50:00Z,0.08602,0.08607,0.086,0.086,274961,23657.32475,0.08603,0.08614,0.086,0.086,0.08606,0.08619,0.08605,0.08606,-0.00023239,-0.00025719,-0.00036104,-0.00036104,-6.0000000000004494e-05,-0.0006971880083663084
1696604100000,2023-10-06T14:55:00Z,0.086,0.08609,0.086,0.08609,23957,2061.44407,0.086,0.08612,0.086,0.08609,0.08606,0.08616,0.08605,0.08614,-0.00036104,-0.00016018,-0.00125847,-0.00016018,-4.999999999999449e-05,-0.000580450429533254
1696604400000,2023-10-06T15:00:00Z,0.08609,0.08614,0.08608,0.08613,130613,11248.64227,0.08609,0.08621,0.08609,0.0862,0.08614,0.08625,0.08611,0.08624,-0.00016018,-0.00013614,-0.00035557,-0.00013614,-0.00010999999999999899,-0.001275510204081621
1696604700000,2023-10-06T15:05:00Z,0.08613,0.08619,0.08613,0.08619,251672,21685.46461,0.0862,0.08626,0.08613,0.08626,0.08624,0.08632,0.08616,0.0863,-0.00013614,-0.00027651,-0.00109171,-0.00109171,-0.00010999999999999899,-0.00127462340672073
1696605000000,2023-10-06T15:10:00Z,0.08619,0.08624,0.08618,0.08624,430364,37105.29435,0.08626,0.08627,0.08618,0.08624,0.0863,0.08634,0.08622,0.08627,-0.00109171,-0.00039772,-0.0013068,-0.00039772,-3.0000000000002247e-05,-0.0003477454503303842
1696605300000,2023-10-06T15:15:00Z,0.08624,0.08625,0.08609,0.08609,82988,7151.58161,0.08624,0.08628,0.08609,0.08609,0.08627,0.08634,0.08609,0.08609,-0.00039772,0,-0.00014191,0,0.0,0.0
1696605600000,2023-10-06T15:20:00Z,0.08609,0.08613,0.08609,0.0861,66737,5746.45872,0.08609,0.08619,0.08609,0.0861,0.08609,0.08621,0.08609,0.08612,0,-0.00065889,-0.00073004,-0.00073004,-2.0000000000006124e-05,-0.00023223409196477152
1696605900000,2023-10-06T15:25:00Z,0.0861,0.08622,0.0861,0.08622,306337,26391.1422,0.0861,0.08627,0.0861,0.08622,0.08612,0.08637,0.08612,0.08628,-0.00073004,-0.00076709,-0.00124837,-0.00076709,-5.9999999999990616e-05,-0.000695410292072214
1696606200000,2023-10-06T15:30:00Z,0.08622,0.0867,0.08622,0.08651,3917460,338938.01147,0.08622,0.08656,0.08622,0.08651,0.08628,0.08658,0.08628,0.08653,-0.00076709,0,-0.00009209,-0.00009209,-1.9999999999992246e-05,-0.00023113371085163812
1696606500000,2023-10-06T15:35:00Z,0.08651,0.0866,0.0865,0.08658,1187971,102816.72996,0.08651,0.08662,0.0865,0.08659,0.08653,0.08668,0.08653,0.08666,-0.00009209,-0.00018474,-0.00025485,-0.00025485,-7.999999999999674e-05,-0.0009231479344564591
1696606800000,2023-10-06T15:40:00Z,0.08658,0.08668,0.08654,0.08654,341475,29575.92525,0.08659,0.08668,0.08653,0.08657,0.08666,0.08675,0.08653,0.08662,-0.00025485,0.00006143,-0.00039963,0.00006143,-7.999999999999674e-05,-0.0009235742322788817
1696607100000,2023-10-06T15:45:00Z,0.08654,0.08662,0.08654,0.08662,225392,19512.17106,0.08657,0.08667,0.08653,0.08662,0.08662,0.08672,0.08652,0.08665,0.00006143,0.00006459,-0.00044855,-0.00044855,-3.0000000000002247e-05,-0.0003462204270052192
1696607400000,2023-10-06T15:50:00Z,0.08662,0.08668,0.08656,0.08656,226735,19644.15552,0.08662,0.08672,0.08656,0.08659,0.08665,0.08678,0.08656,0.0866,-0.00044855,0,-0.00036245,-0.00036245,-3.999999999999837e-05,-0.0004618937644341613
1696607700000,2023-10-06T15:55:00Z,0.08656,0.08666,0.08656,0.08666,92721,8030.16824,0.08659,0.08674,0.08657,0.08674,0.0866,0.08677,0.08659,0.08677,-0.00036245,0,-0.00013766,-0.00013766,-0.00010999999999999899,-0.0012677192578079864
1696608000000,2023-10-06T16:00:00Z,0.08666,0.08683,0.08666,0.08678,857223,74382.85306,0.08674,0.08682,0.08673,0.0868,0.08677,0.08687,0.08676,0.08686,-0.00013766,-0.00006326,-0.00015833,-0.00015833,-8.000000000001062e-05,-0.0009210223347917408
1696608300000,2023-10-06T16:05:00Z,0.08678,0.08689,0.08677,0.08686,933006,81036.68037,0.0868,0.08691,0.08677,0.08688,0.08686,0.08696,0.08682,0.08693,-0.00015833,0,-0.0005694,-0.0005694,-6.999999999998674e-05,-0.0008052455999078195
1696608600000,2023-10-06T16:10:00Z,0.08686,0.08694,0.08676,0.08676,170858,14841.15333,0.08688,0.08692,0.08676,0.08676,0.08693,0.08698,0.0868,0.08681,-0.0005694,-0.00023014,-0.00030612,-0.00030612,-4.999999999999449e-05,-0.0005759705103098087
1696608900000,2023-10-06T16:15:00Z,0.08676,0.0868,0.08657,0.08677,1394227,120858.87089,0.08676,0.08681,0.08658,0.08677,0.08681,0.08686,0.08665,0.08677,-0.00030612,-0.00039944,-0.00080288,-0.00080288,0.0,0.0
1696609200000,2023-10-06T16:20:00Z,0.08677,0.08677,0.0867,0.08671,78589,6815.25145,0.08677,0.08677,0.08671,0.08674,0.08677,0.08683,0.08676,0.08681,-0.00080288,-0.00061405,-0.00065,-0.00061405,-0.00010000000000000286,-0.0011519410206197772
1696609500000,2023-10-06T16:25:00Z,0.08671,0.08678,0.08671,0.08676,21869,1897.3545,0.08674,0.08678,0.08672,0.08676,0.08681,0.08685,0.08679,0.08682,-0.00061405,-0.00040327,-0.00044207,-0.00044207,-5.9999999999990616e-05,-0.000691085003455317
1696609800000,2023-10-06T16:30:00Z,0.08676,0.08676,0.0867,0.0867,19567,1696.84805,0.08676,0.08677,0.08671,0.08671,0.08682,0.08683,0.08677,0.08677,-0.00044207,-0.00055905,-0.0005761,-0.0005761,-7.000000000000062e-05,-0.000806730436786915
1696610100000,2023-10-06T16:35:00Z,0.0867,0.08672,0.0867,0.08672,56742,4919.9894,0.08671,0.08675,0.0867,0.08673,0.08677,0.08683,0.08677,0.08681,-0.0005761,-0.00075218,-0.00088329,-0.00075218,-8.999999999999286e-05,-0.0010367469185576877
1696610400000,2023-10-06T16:40:00Z,0.08672,0.08686,0.08672,0.08681,66176,5745.27829,0.08673,0.08686,0.08672,0.08682,0.08681,0.08695,0.0868,0.0869,-0.00075218,-0.00055665,-0.0005589,-0.00055665,-9.000000000000674e-05,-0.0010356731875719994
1696610700000,2023-10-06T16:45:00Z,0.08681,0.08685,0.08677,0.08677,21114,1832.97759,0.08682,0.08687,0.08677,0.08677,0.0869,0.08695,0.08684,0.08685,-0.00055665,-0.00078087,-0.00087678,-0.00078087,-7.999999999999674e-05,-0.0009211283822682412
1696611000000,2023-10-06T16:50:00Z,0.08677,0.08677,0.08671,0.08671,11977,1038.80365,0.08677,0.08677,0.08671,0.08671,0.08685,0.08685,0.08675,0.08675,-0.00078087,-0.00065214,-0.00074075,-0.00074075,-3.999999999999837e-05,-0.00046109510086453457
1696611300000,2023-10-06T16:55:00Z,0.08671,0.08671,0.08669,0.0867,17925,1553.99562,0.08671,0.08672,0.08669,0.08671,0.08675,0.08678,0.08673,0.08677,-0.00074075,-0.00053648,-0.00067108,-0.00067108,-7.000000000000062e-05,-0.000806730436786915
1696611600000,2023-10-06T17:00:00Z,0.0867,0.08671,0.0867,0.0867,9048,784.46625,0.08671,0.08674,0.0867,0.0867,0.08677,0.0868,0.08676,0.08676,-0.00067108,-0.00058948,-0.00066566,-0.00066566,-6.0000000000004494e-05,-0.0006915629322268844
1696611900000,2023-10-06T17:05:00Z,0.0867,0.08671,0.08655,0.08655,148851,12896.2054,0.0867,0.08671,0.08656,0.08657,0.08676,0.08676,0.08662,0.08664,-0.00066566,-0.0006922,-0.0006926,-0.0006926,-8.999999999999286e-05,-0.0010387811634348207
1696612200000,2023-10-06T17:10:00Z,0.08655,0.08664,0.08655,0.08663,94072,8146.07747,0.08657,0.08664,0.08655,0.08664,0.08664,0.08672,0.08663,0.08672,-0.0006926,-0.0005948,-0.00074258,-0.0005948,-9.000000000000674e-05,-0.00103782287822886
1696612500000,2023-10-06T17:15:00Z,0.08663,0.08681,0.08663,0.0868,75346,6537.19673,0.08664,0.0868,0.08664,0.0868,0.08672,0.08685,0.08672,0.08685,-0.0005948,-0.00053513,-0.00078479,-0.00053513,-4.999999999999449e-05,-0.0005757052389176108
1696612800000,2023-10-06T17:20:00Z,0.0868,0.08692,0.08679,0.08686,177934,15453.9716,0.0868,0.08691,0.08679,0.08686,0.08685,0.08697,0.08684,0.08693,-0.00053513,-0.00044933,-0.00060262,-0.00060262,-6.999999999998674e-05,-0.0008052455999078195
1696613100000,2023-10-06T17:25:00Z,0.08686,0.08693,0.08686,0.08692,39845,3462.57946,0.08686,0.08693,0.08686,0.08693,0.08693,0.087,0.08692,0.087,-0.00060262,-0.00066885,-0.00067441,-0.00066885,-7.999999999999674e-05,-0.00091954022988502
1696613400000,2023-10-06T17:30:00Z,0.08692,0.0871,0.08692,0.08707,710692,61838.08293,0.08693,0.0871,0.08692,0.08707,0.087,0.08713,0.08699,0.08713,-0.00066885,-0.00019342,-0.00060192,-0.00019342,-6.0000000000004494e-05,-0.0006886261907495064
1696613700000,2023-10-06T17:35:00Z,0.08707,0.0871,0.08703,0.08709,128365,11175.68746,0.08707,0.0871,0.08703,0.08709,0.08713,0.08715,0.08707,0.08712,-0.00019342,-0.00017386,-0.00042406,-0.00017386,-3.0000000000002247e-05,-0.00034435261707991557
1696614000000,2023-10-06T17:40:00Z,0.08709,0.0871,0.087,0.08706,740599,64456.02099,0.08709,0.0871,0.08701,0.08707,0.08712,0.08714,0.08706,0.08713,-0.00017386,-0.00053655,-0.00064166,-0.00053655,-7.000000000000062e-05,-0.0008033972225410378
1696614300000,2023-10-06T17:45:00Z,0.08706,0.0871,0.08703,0.08703,233478,20333.17221,0.08707,0.08712,0.08703,0.08703,0.08713,0.08718,0.08711,0.08712,-0.00053655,-0.00078037,-0.00080358,-0.00080358,-9.000000000000674e-05,-0.0010330578512397469
1696614600000,2023-10-06T17:50:00Z,0.08703,0.0871,0.08703,0.08709,106778,9299.78178,0.08703,0.08712,0.08703,0.0871,0.08712,0.08719,0.08712,0.08717,-0.00080358,-0.00068838,-0.00080302,-0.00080302,-7.999999999999674e-05,-0.0009177469312836612
1696614900000,2023-10-06T17:55:00Z,0.08709,0.0871,0.08698,0.08703,329213,28659.59944,0.0871,0.08711,0.08698,0.08703,0.08717,0.08718,0.08704,0.08708,-0.00080302,-0.00060528,-0.00091018,-0.00060528,-5.000000000000837e-05,-0.0005741846577860401
1696615200000,2023-10-06T18:00:00Z,0.08703,0.08709,0.08701,0.08701,18247,1588.67291,0.08703,0.08713,0.08701,0.08701,0.08708,0.0872,0.08708,0.08709,-0.00060528,-0.00045918,-0.00104851,-0.00045918,-7.999999999999674e-05,-0.0009185899644046015
1696615500000,2023-10-06T18:05:00Z,0.08701,0.08703,0.08691,0.08697,84137,7316.98296,0.08701,0.08703,0.08693,0.08697,0.08709,0.0871,0.087,0.08703,-0.00045918,-0.00040958,-0.0004406,-0.00040958,-5.9999999999990616e-05,-0.0006894174422611815
1696615800000,2023-10-06T18:10:00Z,0.08697,0.08705,0.08697,0.08704,61709,5370.01907,0.08697,0.08706,0.08697,0.08704,0.08703,0.08712,0.08702,0.0871,-0.00040958,-0.00037375,-0.00046865,-0.00046865,-5.9999999999990616e-05,-0.0006888633754304319
1696616100000,2023-10-06T18:15:00Z,0.08704,0.08705,0.08696,0.08696,36163,3146.35371,0.08704,0.08707,0.08696,0.08696,0.0871,0.08713,0.08703,0.08703,-0.00046865,-0.00068925,-0.00080385,-0.00068925,-7.000000000000062e-05,-0.0008043203493048446
1696616400000,2023-10-06T18:20:00Z,0.08696,0.08698,0.08689,0.08697,41070,3570.72731,0.08696,0.08698,0.0869,0.08697,0.08703,0.08705,0.08698,0.08703,-0.00068925,-0.00031736,-0.00100022,-0.00031736,-5.9999999999990616e-05,-0.0006894174422611815
1696616700000,2023-10-06T18:25:00Z,0.08697,0.08705,0.08697,0.08704,177804,15473.98356,0.08697,0.08705,0.08697,0.08704,0.08703,0.08712,0.08703,0.08711,-0.00031736,-0.00044913,-0.00045401,-0.00045401,-7.000000000000062e-05,-0.000803581678337741
1696617000000,2023-10-06T18:30:00Z,0.08704,0.08704,0.08701,0.08701,78302,6815.32724,0.08704,0.08705,0.08701,0.08701,0.08711,0.08712,0.08708,0.08708,-0.00045401,-0.00046744,-0.00057917,-0.00057917,-7.000000000000062e-05,-0.0008038585209003286
1696617300000,2023-10-06T18:35:00Z,0.08701,0.08701,0.08688,0.08688,291912,25397.0765,0.08701,0.08701,0.08688,0.08689,0.08708,0.08708,0.08693,0.08695,-0.00057917,-0.00045657,-0.00060752,-0.00045657,-7.000000000000062e-05,-0.0008050603795284717
1696617600000,2023-10-06T18:40:00Z,0.08688,0.08692,0.08688,0.08691,34454,2994.00382,0.08689,0.08693,0.08688,0.08693,0.08695,0.087,0.08694,0.087,-0.00045657,-0.00064884,-0.00078399,-0.00078399,-8.999999999999286e-05,-0.0010344827586206077
1696617900000,2023-10-06T18:45:00Z,0.08691,0.08691,0.08691,0.08691,11607,1008.76437,0.08693,0.08693,0.08691,0.08691,0.087,0.087,0.08695,0.08697,-0.00078399,-0.00034502,-0.00053455,-0.00034502,-6.0000000000004494e-05,-0.0006898930665747325
1696618200000,2023-10-06T18:50:00Z,0.08691,0.08691,0.08691,0.08691,3738,324.86958,0.08691,0.08694,0.08691,0.08691,0.08697,0.087,0.08697,0.08698,-0.00034502,-0.00054437,-0.0006467,-0.00054437,-7.000000000000062e-05,-0.0008047827086686666
1696618500000,2023-10-06T18:55:00Z,0.08691,0.08699,0.08691,0.08698,29521,2567.11486,0.08691,0.08703,0.08691,0.08699,0.08698,0.0871,0.08695,0.08706,-0.00054437,-0.00057287,-0.00062072,-0.00057287,-7.999999999999674e-05,-0.0009189065012634591
1696618800000,2023-10-06T19:00:00Z,0.08698,0.08702,0.08696,0.08696,23635,2055.9859,0.08699,0.08703,0.08696,0.08696,0.08706,0.08711,0.08703,0.08703,-0.00057287,-0.00068933,-0.00087165,-0.00068933,-7.000000000000062e-05,-0.0008043203493048446
1696619100000,2023-10-06T19:05:00Z,0.08696,0.08699,0.08696,0.08698,36372,3163.00252,0.08696,0.08701,0.08696,0.08699,0.08703,0.08708,0.08703,0.08706,-0.00068933,-0.00048391,-0.00071796,-0.00071796,-7.999999999999674e-05,-0.0009189065012634591
1696619400000,2023-10-06T19:10:00Z,0.08698,0.087,0.08698,0.087,8418,732.22507,0.08699,0.08701,0.08698,0.08701,0.08706,0.08709,0.08706,0.08709,-0.00071796,-0.00071138,-0.00088388,-0.00071138,-9.000000000000674e-05,-0.0010334137099552961
1696619700000,2023-10-06T19:15:00Z,0.087,0.08701,0.08697,0.087,8218,714.90607,0.08701,0.08701,0.08698,0.087,0.08709,0.08709,0.08703,0.08707,-0.00071138,-0.00064215,-0.00073576,-0.00073576,-7.000000000000062e-05,-0.0008039508441483935
1696620000000,2023-10-06T19:20:00Z,0.087,0.0871,0.087,0.08705,295213,25708.02668,0.087,0.0871,0.087,0.08706,0.08707,0.08715,0.08707,0.08713,-0.00073576,-0.00046831,-0.00053794,-0.00053794,-7.999999999999674e-05,-0.000918168254332569
1696620300000,2023-10-06T19:25:00Z,0.08705,0.08713,0.08705,0.08711,343794,29945.38399,0.08706,0.08713,0.08706,0.08712,0.08713,0.0872,0.08713,0.08719,-0.00053794,-0.00078105,-0.00080293,-0.00078105,-7.999999999999674e-05,-0.0009175364147264221
1696620600000,2023-10-06T19:30:00Z,0.08711,0.08716,0.08711,0.08714,72281,6299.01578,0.08712,0.08718,0.08711,0.08715,0.08719,0.08725,0.08717,0.08723,-0.00078105,-0.00066521,-0.00068913,-0.00066521,-9.000000000000674e-05,-0.001031755130115863
1696620900000,2023-10-06T19:35:00Z,0.08714,0.0872,0.08714,0.08717,122213,10655.15681,0.08715,0.08719,0.08714,0.08717,0.08723,0.08725,0.08721,0.08722,-0.00066521,-0.0005443,-0.00077329,-0.00077329,-5.000000000000837e-05,-0.0005732630130704927
1696621200000,2023-10-06T19:40:00Z,0.08717,0.08718,0.08705,0.08707,155161,13520.87669,0.08717,0.08718,0.08707,0.08709,0.08722,0.08723,0.08712,0.08715,-0.00077329,-0.00055864,-0.00070366,-0.00070366,-8.000000000001062e-05,-0.0009179575444636903
1696621500000,2023-10-06T19:45:00Z,0.08707,0.08707,0.08701,0.08703,28438,2475.11287,0.08709,0.08709,0.08702,0.08705,0.08715,0.08715,0.0871,0.08713,-0.00070366,-0.00080716,-0.00087957,-0.00087957,-0.00010000000000000286,-0.001147710317915791
1696621800000,2023-10-06T19:50:00Z,0.08703,0.08704,0.08702,0.08703,54516,4744.52286,0.08705,0.08705,0.08703,0.08703,0.08713,0.08713,0.08709,0.08709,-0.00087957,-0.00067944,-0.00068725,-0.00068725,-6.0000000000004494e-05,-0.0006889424733035307
1696622100000,2023-10-06T19:55:00Z,0.08703,0.08706,0.08701,0.08701,117893,10261.90788,0.08703,0.08706,0.08702,0.08702,0.08709,0.08713,0.08708,0.08708,-0.00068725,-0.00044351,-0.00057398,-0.00044351,-7.000000000000062e-05,-0.0008038585209003286
1696622400000,2023-10-06T20:00:00Z,0.08701,0.08706,0.08699,0.08699,60577,5271.11583,0.08702,0.08706,0.08699,0.08699,0.08708,0.08712,0.08705,0.08705,-0.00044351,-0.00066613,-0.00088562,-0.00088562,-6.0000000000004494e-05,-0.0006892590465250372
1696622700000,2023-10-06T20:05:00Z,0.08699,0.08699,0.08693,0.08693,48783,4242.16578,0.08699,0.087,0.08693,0.08695,0.08705,0.08707,0.087,0.08703,-0.00088562,-0.00069371,-0.00091232,-0.00069371,-0.00010000000000000286,-0.001149029070435515
1696623000000,2023-10-06T20:10:00Z,0.08693,0.08698,0.08693,0.08697,24547,2134.8497,0.08695,0.087,0.08695,0.08699,0.08703,0.08708,0.08703,0.08708,-0.00069371,-0.00076286,-0.00098231,-0.00076286,-0.00010999999999999899,-0.001263206247129065
1696623300000,2023-10-06T20:15:00Z,0.08697,0.08707,0.08697,0.08706,29859,2598.66304,0.08699,0.08707,0.08698,0.08706,0.08708,0.08715,0.08707,0.08714,-0.00076286,-0.00065955,-0.00068219,-0.00065955,-7.999999999999674e-05,-0.0009180628873077432
1696623600000,2023-10-06T20:20:00Z,0.08706,0.08713,0.08706,0.08712,9366,815.67129,0.08706,0.08714,0.08706,0.08714,0.08714,0.08721,0.08713,0.08721,-0.00065955,-0.0005815,-0.00060922,-0.0005815,-8.999999999999286e-05,-0.0010319917440659656
1696623900000,2023-10-06T20:25:00Z,0.08712,0.08717,0.0871,0.0871,77248,6731.86816,0.08714,0.08717,0.0871,0.0871,0.08721,0.08724,0.08717,0.08719,-0.0005815,-0.00073271,-0.00086661,-0.00086661,-9.000000000000674e-05,-0.001032228466567344
1696624200000,2023-10-06T20:30:00Z,0.0871,0.08712,0.08705,0.08705,37507,3265.24274,0.0871,0.08712,0.08705,0.08705,0.08719,0.0872,0.0871,0.08712,-0.00086661,-0.00049018,-0.00055297,-0.00055297,-7.000000000000062e-05,-0.0008034894398530833
1696624500000,2023-10-06T20:35:00Z,0.08705,0.08705,0.08703,0.08703,13605,1184.19946,0.08705,0.08706,0.08703,0.08704,0.08712,0.08712,0.0871,0.08711,-0.00055297,-0.00064661,-0.00075869,-0.00075869,-8.000000000001062e-05,-0.000918379060957532
1696624800000,2023-10-06T20:40:00Z,0.08703,0.08706,0.08703,0.08705,13330,1160.27839,0.08704,0.08706,0.08703,0.08706,0.08711,0.08713,0.0871,0.08713,-0.00075869,-0.00059921,-0.0006887,-0.00059921,-7.999999999999674e-05,-0.000918168254332569
1696625100000,2023-10-06T20:45:00Z,0.08705,0.08706,0.08701,0.08701,15260,1328.04745,0.08706,0.08706,0.08701,0.08701,0.08713,0.08713,0.08708,0.08709,-0.00059921,-0.00076222,-0.00091309,-0.00076222,-7.999999999999674e-05,-0.0009185899644046015
1696625400000,2023-10-06T20:50:00Z,0.08701,0.08702,0.08701,0.08701,23070,2007.50057,0.08701,0.08702,0.08701,0.08702,0.08709,0.0871,0.08707,0.08709,-0.00076222,-0.00055471,-0.00057425,-0.00057425,-7.999999999999674e-05,-0.0009185899644046015
1696625700000,2023-10-06T20:55:00Z,0.08701,0.08703,0.08701,0.08702,3443,299.62395,0.08702,0.08704,0.08702,0.08702,0.08709,0.0871,0.08708,0.08708,-0.00057425,-0.00067688,-0.000677,-0.000677,-6.0000000000004494e-05,-0.0006890215893431843
1696626000000,2023-10-06T21:00:00Z,0.08702,0.08703,0.08699,0.08699,98863,8603.67107,0.08702,0.08703,0.08699,0.08701,0.08708,0.08709,0.08704,0.08707,-0.000677,-0.00040339,-0.00045955,-0.00040339,-7.999999999999674e-05,-0.0009188009647409756
1696626300000,2023-10-06T21:05:00Z,0.08699,0.087,0.08698,0.08698,25124,2185.48025,0.08701,0.08702,0.08698,0.08698,0.08707,0.08708,0.08704,0.08704,-0.00040339,-0.00055542,-0.00067022,-0.00055542,-6.0000000000004494e-05,-0.0006893382352941692
1696626600000,2023-10-06T21:10:00Z,0.08698,0.08699,0.08696,0.08697,17377,1511.36814,0.08698,0.087,0.08697,0.08699,0.08704,0.08706,0.08703,0.08706,-0.00055542,-0.00056169,-0.00075462,-0.00056169,-8.999999999999286e-05,-0.0010337698139213515
1696626900000,2023-10-06T21:15:00Z,0.08697,0.08711,0.08697,0.08711,117270,10206.41913,0.08699,0.08712,0.08698,0.08712,0.08706,0.0872,0.08705,0.0872,-0.00056169,-0.00061721,-0.00061931,-0.00061721,-8.999999999999286e-05,-0.0010321100917430374
1696627200000,2023-10-06T21:20:00Z,0.08711,0.08715,0.08711,0.08714,90539,7889.39817,0.08712,0.08716,0.08712,0.08714,0.0872,0.08722,0.08718,0.08721,-0.00061721,-0.0001938,-0.00019795,-0.0001938,-7.000000000000062e-05,-0.0008026602453847107
1696627500000,2023-10-06T21:25:00Z,0.08714,0.08714,0.08712,0.08712,14865,1295.17389,0.08714,0.08715,0.08713,0.08713,0.08721,0.08722,0.08719,0.0872,-0.0001938,-0.00050911,-0.00075988,-0.00075988,-7.999999999999674e-05,-0.0009174311926605131
1696627800000,2023-10-06T21:30:00Z,0.08712,0.08718,0.08712,0.08712,17627,1536.24527,0.08713,0.08718,0.08712,0.08713,0.0872,0.08725,0.08719,0.0872,-0.00075988,-0.00045643,-0.00063977,-0.00045643,-7.999999999999674e-05,-0.0009174311926605131
1696628100000,2023-10-06T21:35:00Z,0.08712,0.08748,0.08712,0.08735,656687,57341.79263,0.08713,0.08742,0.08712,0.08736,0.0872,0.08747,0.08719,0.08743,-0.00045643,-0.00037963,-0.00041571,-0.00037963,-7.999999999999674e-05,-0.0009150177284684519
1696628400000,2023-10-06T21:40:00Z,0.08735,0.08737,0.08725,0.08729,133689,11669.44789,0.08736,0.08738,0.08728,0.08729,0.08743,0.08745,0.08733,0.08736,-0.00037963,-0.00065132,-0.00069524,-0.00069524,-6.999999999998674e-05,-0.0008012820512818996
1696628700000,2023-10-06T21:45:00Z,0.08729,0.08734,0.08729,0.08731,88631,7737.33233,0.08729,0.08734,0.08729,0.08733,0.08736,0.08741,0.08734,0.08739,-0.00069524,-0.00026201,-0.00045284,-0.00026201,-7.999999999999674e-05,-0.0009154365488041737
1696629000000,2023-10-06T21:50:00Z,0.08731,0.08731,0.0873,0.0873,8307,725.23837,0.08733,0.08734,0.0873,0.0873,0.08739,0.0874,0.08734,0.08735,-0.00026201,-0.00031254,-0.00044763,-0.00044763,-4.999999999999449e-05,-0.0005724098454492787
1696629300000,2023-10-06T21:55:00Z,0.0873,0.0873,0.08726,0.08726,32139,2805.22326,0.0873,0.0873,0.08727,0.08728,0.08735,0.08735,0.08732,0.08733,-0.00044763,-0.00045179,-0.00047286,-0.00047286,-7.000000000000062e-05,-0.0008015573113477684
1696629600000,2023-10-06T22:00:00Z,0.08726,0.08726,0.08705,0.08706,88574,7717.58229,0.08728,0.08728,0.08706,0.08706,0.08733,0.08733,0.08713,0.08713,-0.00047286,-0.00044492,-0.00060715,-0.00060715,-7.000000000000062e-05,-0.0008033972225410378
1696629900000,2023-10-06T22:05:00Z,0.08706,0.08714,0.08705,0.08714,19472,1696.16345,0.08706,0.08716,0.08706,0.08715,0.08713,0.08723,0.08713,0.08722,-0.00060715,-0.00024845,-0.00061367,-0.00024845,-8.000000000001062e-05,-0.0009172208209127564
1696630200000,2023-10-06T22:10:00Z,0.08714,0.08721,0.08714,0.08721,5589,487.13149,0.08715,0.08722,0.08714,0.08722,0.08722,0.08729,0.08721,0.08729,-0.00024845,-0.00059983,-0.0007475,-0.0007475,-8.000000000001062e-05,-0.0009164852789553283
1696630500000,2023-10-06T22:15:00Z,0.08721,0.08733,0.08721,0.08732,49444,4315.80033,0.08722,0.08733,0.08722,0.08732,0.08729,0.08738,0.08729,0.08737,-0.0007475,-0.00070208,-0.00087378,-0.00070208,-5.000000000000837e-05,-0.0005722788142383927
1696630800000,2023-10-06T22:20:00Z,0.08732,0.08736,0.08726,0.0873,40294,3517.99154,0.08732,0.08736,0.08728,0.08731,0.08737,0.08743,0.08736,0.0874,-0.00070208,-0.00087392,-0.00099611,-0.00099611,-0.00010000000000000286,-0.0011441647597254332
1696631100000,2023-10-06T22:25:00Z,0.0873,0.0873,0.08722,0.08722,10245,894.09755,0.08731,0.08732,0.08722,0.08722,0.0874,0.08741,0.0873,0.0873,-0.00099611,-0.00076265,-0.00096358,-0.00076265,-7.999999999999674e-05,-0.0009163802978235594
1696631400000,2023-10-06T22:30:00Z,0.08722,0.08724,0.08715,0.08715,44066,3840.87518,0.08722,0.08724,0.08715,0.08715,0.0873,0.08732,0.08723,0.08723,-0.00076265,-0.00093616,-0.0009702,-0.0009702,-7.999999999999674e-05,-0.0009171156712139945
1696631700000,2023-10-06T22:35:00Z,0.08715,0.08723,0.08713,0.08723,27815,2424.82818,0.08715,0.08723,0.08713,0.08723,0.08723,0.08731,0.08721,0.08731,-0.0009702,-0.00100034,-0.00107219,-0.00107219,-7.999999999999674e-05,-0.000916275340739855
1696632000000,2023-10-06T22:40:00Z,0.08723,0.08723,0.08718,0.08718,56484,4925.21091,0.08723,0.08723,0.08718,0.08718,0.08731,0.08732,0.08726,0.08726,-0.00107219,-0.00096115,-0.00103104,-0.00096115,-8.000000000001062e-05,-0.0009168003667202684
1696632300000,2023-10-06T22:45:00Z,0.08718,0.08721,0.08713,0.08717,21496,1873.82054,0.08718,0.08721,0.08713,0.08717,0.08726,0.0873,0.08722,0.08725,-0.00096115,-0.00076377,-0.00087398,-0.00076377,-7.999999999999674e-05,-0.0009169054441260372
1696632600000,2023-10-06T22:50:00Z,0.08717,0.08717,0.08709,0.08709,16890,1471.35742,0.08717,0.08717,0.0871,0.08711,0.08725,0.08726,0.08718,0.08719,-0.00076377,-0.00086774,-0.00091722,-0.00086774,-0.00010000000000000286,-0.001146920518408107
1696632900000,2023-10-06T22:55:00Z,0.08709,0.08712,0.08705,0.08708,35270,3072.16308,0.08711,0.08712,0.08705,0.08709,0.08719,0.0872,0.08713,0.08716,-0.00086774,-0.00056585,-0.00091743,-0.00056585,-7.999999999999674e-05,-0.0009178522257916102
1696633200000,2023-10-06T23:00:00Z,0.08708,0.08709,0.08705,0.08705,38226,3328.75257,0.08709,0.0871,0.08705,0.08705,0.08716,0.08717,0.08712,0.08713,-0.00056585,-0.00067141,-0.00085461,-0.00067141,-7.999999999999674e-05,-0.000918168254332569
1696633500000,2023-10-06T23:05:00Z,0.08705,0.08705,0.08697,0.08698,315606,27459.13324,0.08705,0.08705,0.08698,0.08699,0.08713,0.08713,0.08706,0.08707,-0.00067141,-0.00074606,-0.00074813,-0.00074813,-8.999999999999286e-05,-0.0010336510853335577
1696633800000,2023-10-06T23:10:00Z,0.08698,0.08699,0.08694,0.08695,10608,922.45104,0.08699,0.08699,0.08695,0.08695,0.08707,0.08707,0.08701,0.08703,-0.00074813,-0.00080432,-0.00084811,-0.00080432,-7.999999999999674e-05,-0.0009192232563483482
1696634100000,2023-10-06T23:15:00Z,0.08695,0.087,0.08692,0.08695,379333,32983.08328,0.08695,0.087,0.08693,0.08695,0.08703,0.08708,0.087,0.08703,-0.00080432,-0.00048155,-0.00075,-0.00075,-7.999999999999674e-05,-0.0009192232563483482
1696634400000,2023-10-06T23:20:00Z,0.08695,0.08697,0.08693,0.08695,18280,1589.4856,0.08695,0.08697,0.08693,0.08697,0.08703,0.08706,0.08702,0.08706,-0.00075,-0.00078267,-0.00097759,-0.00078267,-0.00010999999999999899,-0.001263496439237296
1696634700000,2023-10-06T23:25:00Z,0.08695,0.08699,0.08695,0.08695,63308,5506.84566,0.08697,0.087,0.08695,0.08695,0.08706,0.08709,0.08703,0.08703,-0.00078267,-0.00100597,-0.00101125,-0.00101125,-7.999999999999674e-05,-0.0009192232563483482
1696635000000,2023-10-06T23:30:00Z,0.08695,0.08698,0.08693,0.08697,12906,1122.27711,0.08695,0.08699,0.08693,0.08699,0.08703,0.08707,0.08702,0.08707,-0.00101125,-0.00076226,-0.00076261,-0.00076261,-9.999999999998899e-05,-0.0011485012059261398
1696635300000,2023-10-06T23:35:00Z,0.08697,0.087,0.08696,0.087,9074,789.24588,0.08699,0.08701,0.08698,0.087,0.08707,0.08709,0.08706,0.08709,-0.00076261,-0.00079409,-0.00089918,-0.00089918,-9.000000000000674e-05,-0.0010334137099552961
1696635600000,2023-10-06T23:40:00Z,0.087,0.08701,0.087,0.087,8078,702.78829,0.087,0.08702,0.087,0.08702,0.08709,0.0871,0.08707,0.0871,-0.00089918,-0.00080385,-0.00087243,-0.00087243,-0.00010000000000000286,-0.001148105625717599
1696635900000,2023-10-06T23:45:00Z,0.087,0.08714,0.087,0.0871,49593,4316.68801,0.08702,0.08714,0.08701,0.08712,0.0871,0.08722,0.08709,0.0872,-0.00087243,-0.00060552,-0.00084552,-0.00084552,-0.00010000000000000286,-0.0011467889908257209
1696636200000,2023-10-06T23:50:00Z,0.0871,0.08714,0.08709,0.08713,263696,22969.09941,0.08712,0.08714,0.08709,0.08713,0.0872,0.08721,0.08717,0.08721,-0.00084552,-0.00054181,-0.00073328,-0.00073328,-7.999999999999674e-05,-0.0009173259947253382
1696636500000,2023-10-06T23:55:00Z,0.08713,0.08718,0.08712,0.08712,262721,22898.39498,0.08713,0.08718,0.08713,0.08713,0.08721,0.08723,0.0872,0.0872,-0.00073328,-0.00054964,-0.000899,-0.00054964,-7.999999999999674e-05,-0.0009174311926605131
1696636800000,2023-10-07T00:00:00Z,0.08712,0.08732,0.08712,0.08732,554655,48391.07446,0.08713,0.08732,0.08713,0.08732,0.0872,0.08738,0.08719,0.08738,-0.00054964,-0.00048162,-0.00062898,-0.00048162,-6.0000000000004494e-05,-0.0006866559853513904
1696637100000,2023-10-07T00:05:00Z,0.08732,0.08746,0.08732,0.0874,1455610,127238.99992,0.08732,0.08746,0.08732,0.08742,0.08738,0.08747,0.08737,0.08746,-0.00048162,-0.00021715,-0.00023645,-0.00023645,-5.9999999999990616e-05,-0.0006860278984677638
1696637400000,2023-10-07T00:10:00Z,0.0874,0.08745,0.08738,0.08744,103860,9078.13532,0.08742,0.08746,0.08739,0.08745,0.08746,0.08751,0.08743,0.0875,-0.00023645,-0.00030121,-0.00039446,-0.00039446,-5.9999999999990616e-05,-0.0006857142857141785
1696637700000,2023-10-07T00:15:00Z,0.08744,0.08744,0.08733,0.08743,64160,5607.53058,0.08745,0.08745,0.08735,0.08743,0.0875,0.0875,0.0874,0.08749,-0.00039446,-0.00027274,-0.00039869,-0.00027274,-6.0000000000004494e-05,-0.0006857926620185677
1696638000000,2023-10-07T00:20:00Z,0.08743,0.08744,0.0874,0.08741,92972,8127.73783,0.08743,0.08744,0.0874,0.08741,0.08749,0.08749,0.08744,0.08747,-0.00027274,-0.00041042,-0.00074565,-0.00041042,-6.0000000000004494e-05,-0.0006859494683892133
1696638300000,2023-10-07T00:25:00Z,0.08741,0.08748,0.08739,0.08745,84835,7419.1649,0.08741,0.08748,0.0874,0.08746,0.08747,0.08754,0.08745,0.08752,-0.00041042,-0.00057123,-0.0006854,-0.0006854,-7.000000000000062e-05,-0.0007998171846435171
1696638600000,2023-10-07T00:30:00Z,0.08745,0.08746,0.08745,0.08745,5771,504.69573,0.08746,0.08748,0.08745,0.08747,0.08752,0.08755,0.08752,0.08755,-0.0006854,-0.00062271,-0.0007346,-0.0007346,-0.00010000000000000286,-0.0011422044545974057
1696638900000,2023-10-07T00:35:00Z,0.08745,0.08752,0.08745,0.08749,175165,15324.16327,0.08747,0.08751,0.08746,0.0875,0.08755,0.08758,0.08754,0.08758,-0.0007346,-0.00088444,-0.00088638,-0.00088638,-9.000000000000674e-05,-0.001027631879424603
1696639200000,2023-10-07T00:40:00Z,0.08749,0.08755,0.08749,0.08752,13376,1170.68806,0.0875,0.08755,0.08749,0.08753,0.08758,0.08762,0.08757,0.08761,-0.00088638,-0.00056466,-0.00061899,-0.00061899,-8.999999999999286e-05,-0.001027279990868541
1696639500000,2023-10-07T00:45:00Z,0.08752,0.08753,0.0875,0.0875,128324,11229.36315,0.08753,0.08753,0.0875,0.0875,0.08761,0.08761,0.08757,0.08758,-0.00061899,-0.00078803,-0.00084233,-0.00078803,-8.000000000001062e-05,-0.0009134505594885889
1696639800000,2023-10-07T00:50:00Z,0.0875,0.08754,0.08747,0.08752,265129,23201.30436,0.0875,0.08755,0.08747,0.08755,0.08758,0.08763,0.08753,0.08763,-0.00078803,-0.00044086,-0.00065258,-0.00044086,-0.00010999999999999899,-0.0012552778728745749
1696640100000,2023-10-07T00:55:00Z,0.08752,0.08752,0.08748,0.08749,669257,58555.76482,0.08755,0.08755,0.08749,0.08749,0.08763,0.08763,0.08758,0.08759,-0.00044086,-0.00099006,-0.00106792,-0.00099006,-0.00010000000000000286,-0.0011416828405069399
1696640400000,2023-10-07T01:00:00Z,0.08749,0.0875,0.08744,0.08747,503815,44069.07971,0.08749,0.08752,0.08747,0.08748,0.08759,0.08762,0.08757,0.08758,-0.00099006,-0.00090853,-0.00096791,-0.00090853,-0.00010999999999999899,-0.0012559945192966314
1696640700000,2023-10-07T01:05:00Z,0.08747,0.08751,0.08744,0.08749,82510,7218.18594,0.08748,0.08752,0.08746,0.08749,0.08758,0.08762,0.08756,0.08761,-0.00090853,-0.0010533,-0.00130171,-0.0010533,-0.00011999999999999511,-0.0013697066544914407
1696641000000,2023-10-07T01:10:00Z,0.08749,0.08757,0.08748,0.08754,293965,25724.58765,0.08749,0.08757,0.08749,0.08756,0.08761,0.08766,0.0876,0.08765,-0.0010533,-0.00081533,-0.00098573,-0.00081533,-0.00010999999999999899,-0.0012549914432401481
1696641300000,2023-10-07T01:15:00Z,0.08754,0.08762,0.08754,0.0876,71440,6257.73641,0.08756,0.0876,0.08754,0.0876,0.08765,0.08769,0.08762,0.08768,-0.00081533,-0.00087053,-0.00098654,-0.00098654,-7.999999999999674e-05,-0.0009124087591240505
1696641600000,2023-10-07T01:20:00Z,0.0876,0.08761,0.08756,0.08756,73559,6443.65243,0.0876,0.08762,0.08756,0.08758,0.08768,0.08772,0.08766,0.08769,-0.00098654,-0.00102874,-0.00125057,-0.00102874,-0.0001300000000000051,-0.0014824951533812876
1696641900000,2023-10-07T01:25:00Z,0.08756,0.08756,0.08747,0.08751,175396,15351.53079,0.08758,0.08758,0.08748,0.08751,0.08769,0.08769,0.08758,0.08761,-0.00102874,-0.00089875,-0.00125139,-0.00089875,-9.999999999998899e-05,-0.0011414222120761214
1696642200000,2023-10-07T01:30:00Z,0.08751,0.08752,0.08742,0.08743,210637,18423.66478,0.08751,0.08752,0.08743,0.08744,0.08761,0.08761,0.08753,0.08753,-0.00089875,-0.00108213,-0.00108897,-0.00108213,-0.00010000000000000286,-0.0011424654404204601
1696642500000,2023-10-07T01:35:00Z,0.08743,0.08763,0.08743,0.08763,53825,4712.50527,0.08744,0.08765,0.08744,0.08764,0.08753,0.08773,0.08753,0.08772,-0.00108213,-0.00048465,-0.00094407,-0.00048465,-9.000000000000674e-05,-0.0010259917920657402
1696642800000,2023-10-07T01:40:00Z,0.08763,0.08765,0.08753,0.08756,100339,8790.54378,0.08764,0.08766,0.08753,0.08757,0.08772,0.08774,0.08761,0.08766,-0.00048465,-0.00077661,-0.00084857,-0.00077661,-0.00010000000000000286,-0.0011407711613050748
1696643100000,2023-10-07T01:45:00Z,0.08756,0.0876,0.08751,0.08756,8364,732.32983,0.08757,0.0876,0.08751,0.08758,0.08766,0.08769,0.0876,0.08767,-0.00077661,-0.00078692,-0.00096507,-0.00078692,-0.00010999999999999899,-0.00125470514429108
1696643400000,2023-10-07T01:50:00Z,0.08756,0.0876,0.08756,0.08757,47258,4139.39583,0.08758,0.08762,0.08756,0.08758,0.08767,0.08771,0.08765,0.08767,-0.00078692,-0.0006223,-0.00082962,-0.00082962,-0.00010000000000000286,-0.0011406410402646614
1696643700000,2023-10-07T01:55:00Z,0.08757,0.08757,0.08755,0.08755,26264,2299.67601,0.08758,0.08759,0.08755,0.08755,0.08767,0.08768,0.08764,0.08765,-0.00082962,-0.00049304,-0.00094284,-0.00094284,-0.00010000000000000286,-0.0011409013120365415
1696644000000,2023-10-07T02:00:00Z,0.08755,0.08761,0.08755,0.0876,32616,2856.59846,0.08755,0.08761,0.08755,0.0876,0.08765,0.0877,0.08765,0.08769,-0.00094284,-0.00088664,-0.00093671,-0.00093671,-9.000000000000674e-05,-0.001026342798494774
1696644300000,2023-10-07T02:05:00Z,0.0876,0.08763,0.08756,0.08762,26527,2323.76053,0.0876,0.08763,0.08757,0.08762,0.08769,0.08772,0.08766,0.08772,-0.00093671,-0.0008676,-0.00096031,-0.00096031,-0.00010000000000000286,-0.001139990880072992
1696644600000,2023-10-07T02:10:00Z,0.08762,0.08762,0.08751,0.08751,9181,804.13187,0.08762,0.08762,0.08751,0.08751,0.08772,0.08772,0.08761,0.08762,-0.00096031,-0.00086729,-0.00091272,-0.00086729,-0.00010999999999999899,-0.0012554211367267632
1696644900000,2023-10-07T02:15:00Z,0.08751,0.08755,0.08748,0.08749,196104,17162.95368,0.08751,0.08755,0.08748,0.08749,0.08762,0.08763,0.08755,0.08757,-0.00086729,-0.0003202,-0.00088649,-0.0003202,-7.999999999999674e-05,-0.0009135548703893656
1696645200000,2023-10-07T02:20:00Z,0.08749,0.08756,0.08749,0.08755,28597,2502.92026,0.08749,0.08758,0.08749,0.08757,0.08757,0.08766,0.08757,0.08766,-0.0003202,-0.00072882,-0.00094957,-0.00094957,-0.00010999999999999899,-0.0012548482774355349
1696645500000,2023-10-07T02:25:00Z,0.08755,0.08761,0.08755,0.08759,8399,735.61032,0.08757,0.08761,0.08757,0.08759,0.08766,0.08771,0.08766,0.08768,-0.00094957,-0.00081174,-0.00095712,-0.00081174,-8.999999999999286e-05,-0.0010264598540145173
1696645800000,2023-10-07T02:30:00Z,0.08759,0.0876,0.08755,0.08755,13524,1184.60502,0.08759,0.08761,0.08755,0.08756,0.08768,0.08771,0.08764,0.08765,-0.00081174,-0.0006781,-0.00070206,-0.00070206,-0.00010000000000000286,-0.0011409013120365415
1696646100000,2023-10-07T02:35:00Z,0.08755,0.08755,0.08747,0.08747,81814,7157.70592,0.08756,0.08757,0.08748,0.08749,0.08765,0.08766,0.08757,0.08758,-0.00070206,-0.00086937,-0.00096654,-0.00096654,-0.00010999999999999899,-0.0012559945192966314
1696646400000,2023-10-07T02:40:00Z,0.08747,0.0875,0.08747,0.0875,21562,1886.36689,0.08749,0.08751,0.08748,0.0875,0.08758,0.08761,0.08757,0.08757,-0.00096654,-0.00059963,-0.00079212,-0.00059963,-7.000000000000062e-05,-0.0007993605115907346
1696646700000,2023-10-07T02:45:00Z,0.0875,0.0875,0.08744,0.08744,35941,3143.71796,0.0875,0.0875,0.08744,0.08745,0.08757,0.08758,0.08751,0.08753,-0.00059963,-0.00052547,-0.00076673,-0.00076673,-8.999999999999286e-05,-0.001028218896378303
1696647000000,2023-10-07T02:50:00Z,0.08744,0.08744,0.0874,0.0874,20024,1750.52799,0.08745,0.08746,0.08742,0.08742,0.08753,0.08753,0.08748,0.08748,-0.00076673,-0.00070281,-0.00073631,-0.00073631,-7.999999999999674e-05,-0.0009144947416551982
1696647300000,2023-10-07T02:55:00Z,0.0874,0.0874,0.08731,0.08731,333661,29138.6914,0.08742,0.08742,0.08731,0.08732,0.08748,0.08748,0.08739,0.08741,-0.00073631,-0.0009516,-0.00095172,-0.0009516,-0.00010000000000000286,-0.0011440338634023895
1696647600000,2023-10-07T03:00:00Z,0.08731,0.08731,0.0872,0.08722,155184,13540.93203,0.08732,0.08732,0.08722,0.08722,0.08741,0.08741,0.0873,0.08731,-0.0009516,-0.00080155,-0.00108242,-0.00108242,-8.999999999999286e-05,-0.001030809758332297
1696647900000,2023-10-07T03:05:00Z,0.08722,0.08727,0.08722,0.08727,57715,5035.39267,0.08722,0.08728,0.08722,0.08728,0.08731,0.08735,0.08731,0.08735,-0.00108242,-0.00073531,-0.00074058,-0.00074058,-7.999999999999674e-05,-0.0009158557527189095
1696648200000,2023-10-07T03:10:00Z,0.08727,0.08727,0.08715,0.08715,53284,4648.12197,0.08728,0.08728,0.08715,0.08715,0.08735,0.08735,0.08722,0.08722,-0.00074058,-0.00069912,-0.00074515,-0.00074515,-7.000000000000062e-05,-0.0008025682182985624
1696648500000,2023-10-07T03:15:00Z,0.08715,0.08716,0.08708,0.08709,190180,16567.16374,0.08715,0.08716,0.08711,0.08711,0.08722,0.08723,0.08719,0.08719,-0.00074515,-0.00085552,-0.00088741,-0.00085552,-0.00010000000000000286,-0.001146920518408107
1696648800000,2023-10-07T03:20:00Z,0.08709,0.08713,0.08706,0.08706,72395,6304.39006,0.08711,0.08713,0.08706,0.08706,0.08719,0.08721,0.08716,0.08716,-0.00085552,-0.00097625,-0.00109944,-0.00097625,-0.00010000000000000286,-0.0011473152822395923
1696649100000,2023-10-07T03:25:00Z,0.08706,0.08706,0.08702,0.08704,15442,1344.09632,0.08706,0.08706,0.08703,0.08704,0.08716,0.08716,0.08713,0.08714,-0.00097625,-0.0004658,-0.00086755,-0.0004658,-9.999999999998899e-05,-0.0011475786091345993
1696649400000,2023-10-07T03:30:00Z,0.08704,0.08713,0.08704,0.08712,27205,2369.88681,0.08704,0.08714,0.08704,0.08714,0.08714,0.08724,0.08714,0.08724,-0.0004658,-0.00074486,-0.00095711,-0.00095711,-0.00011999999999999511,-0.001375515818431856
1696649700000,2023-10-07T03:35:00Z,0.08712,0.08727,0.08712,0.08716,318584,27788.46473,0.08714,0.08726,0.08712,0.08716,0.08724,0.08729,0.08722,0.08725,-0.00095711,-0.00077654,-0.00099495,-0.00099495,-8.999999999999286e-05,-0.001031518624641752
1696650000000,2023-10-07T03:40:00Z,0.08716,0.08717,0.08712,0.08713,11307,985.34181,0.08716,0.08717,0.08712,0.08713,0.08725,0.08726,0.0872,0.08722,-0.00099495,-0.00061965,-0.00086803,-0.00061965,-9.000000000000674e-05,-0.0010318734235267913
1696650300000,2023-10-07T03:45:00Z,0.08713,0.08717,0.08712,0.08717,36047,3142.12762,0.08713,0.08718,0.08713,0.08717,0.08722,0.08727,0.08722,0.08725,-0.00061965,-0.00056803,-0.00100183,-0.00056803,-7.999999999999674e-05,-0.0009169054441260372
1696650600000,2023-10-07T03:50:00Z,0.08717,0.08718,0.08713,0.08717,26631,2320.91317,0.08717,0.08718,0.08714,0.08717,0.08725,0.08726,0.08722,0.08724,-0.00056803,-0.00059103,-0.00065535,-0.00065535,-7.000000000000062e-05,-0.0008023842274186224
1696650900000,2023-10-07T03:55:00Z,0.08717,0.08717,0.08715,0.08715,9031,787.12851,0.08717,0.08718,0.08715,0.08715,0.08724,0.08726,0.08722,0.08723,-0.00065535,-0.00077519,-0.00086038,-0.00086038,-7.999999999999674e-05,-0.0009171156712139945
1696651200000,2023-10-07T04:00:00Z,0.08715,0.08716,0.08705,0.08708,123666,10771.10113,0.08715,0.08716,0.08705,0.08709,0.08723,0.08723,0.08711,0.08716,-0.00086038,-0.00059561,-0.00066762,-0.00066762,-7.999999999999674e-05,-0.0009178522257916102
1696651500000,2023-10-07T04:05:00Z,0.08708,0.08729,0.08707,0.08726,107546,9380.52881,0.08709,0.08729,0.08708,0.08726,0.08716,0.08735,0.08715,0.08735,-0.00066762,-0.00067048,-0.00077781,-0.00067048,-8.999999999999286e-05,-0.0010303377218087335
1696651800000,2023-10-07T04:10:00Z,0.08726,0.08731,0.08724,0.08731,352467,30757.64234,0.08726,0.08732,0.08724,0.08732,0.08735,0.08741,0.08733,0.08741,-0.00067048,-0.00073703,-0.00096132,-0.00096132,-0.00010000000000000286,-0.0011440338634023895
1696652100000,2023-10-07T04:15:00Z,0.08731,0.08732,0.08729,0.08732,64833,5660.59269,0.08732,0.08733,0.08729,0.08732,0.08741,0.08742,0.08738,0.08741,-0.00096132,-0.00072459,-0.00094713,-0.00072459,-9.000000000000674e-05,-0.0010296304770621983
1696652400000,2023-10-07T04:20:00Z,0.08732,0.08736,0.08729,0.08732,119815,10464.02926,0.08732,0.08736,0.08729,0.08732,0.08741,0.08745,0.08738,0.0874,-0.00072459,-0.00067913,-0.00099393,-0.00067913,-8.000000000001062e-05,-0.0009153318077804418
1696652700000,2023-10-07T04:25:00Z,0.08732,0.08733,0.08729,0.08731,6841,597.37165,0.08732,0.08734,0.08729,0.08731,0.0874,0.08743,0.08737,0.0874,-0.00067913,-0.00091512,-0.00102963,-0.00102963,-9.000000000000674e-05,-0.0010297482837529374
1696653000000,2023-10-07T04:30:00Z,0.08731,0.08736,0.08725,0.08736,258891,22597.33044,0.08731,0.08736,0.08727,0.08736,0.0874,0.08744,0.08736,0.08744,-0.00102963,-0.00042258,-0.00045794,-0.00042258,-8.000000000001062e-05,-0.0009149130832572119
1696653300000,2023-10-07T04:35:00Z,0.08736,0.08736,0.08732,0.08736,5826,508.90721,0.08736,0.08737,0.08733,0.08737,0.08744,0.08745,0.08741,0.08745,-0.00042258,-0.0005777,-0.00063293,-0.0005777,-9.000000000000674e-05,-0.0010291595197256345
1696653600000,2023-10-07T04:40:00Z,0.08736,0.0874,0.08735,0.08738,42376,3703.17908,0.08737,0.08738,0.08735,0.08738,0.08745,0.08746,0.08743,0.08745,-0.0005777,-0.00079897,-0.00089719,-0.00089719,-7.000000000000062e-05,-0.0008004574042309962
1696653900000,2023-10-07T04:45:00Z,0.08738,0.08739,0.08738,0.08739,13865,1211.63635,0.08738,0.08741,0.08738,0.08741,0.08745,0.08749,0.08744,0.08749,-0.00089719,-0.00071684,-0.00076551,-0.00071684,-0.00010000000000000286,-0.0011429877700308935
1696654200000,2023-10-07T04:50:00Z,0.08739,0.08739,0.08731,0.08734,12158,1062.277,0.08741,0.08741,0.08731,0.08734,0.08749,0.08749,0.08739,0.08741,-0.00071684,-0.00045766,-0.00057195,-0.00045766,-7.000000000000062e-05,-0.0008008237043816567
1696654500000,2023-10-07T04:55:00Z,0.08734,0.08735,0.08732,0.08732,1804,157.56358,0.08734,0.08735,0.08733,0.08734,0.08741,0.08741,0.08739,0.0874,-0.00045766,-0.00039626,-0.0006712,-0.00039626,-8.000000000001062e-05,-0.0009153318077804418
1696654800000,2023-10-07T05:00:00Z,0.08732,0.08735,0.08731,0.08734,41431,3617.84232,0.08734,0.08737,0.08733,0.08734,0.0874,0.08743,0.08739,0.08742,-0.00039626,-0.0005918,-0.00071033,-0.00071033,-7.999999999999674e-05,-0.0009151223976206445
1696655100000,2023-10-07T05:05:00Z,0.08734,0.08739,0.08734,0.08737,10026,875.95965,0.08734,0.0874,0.08734,0.08737,0.08742,0.08748,0.08742,0.08746,-0.00071033,-0.00048261,-0.00068454,-0.00068454,-8.999999999999286e-05,-0.001029041847701725
1696655400000,2023-10-07T05:10:00Z,0.08737,0.08738,0.08734,0.08736,35834,3130.80733,0.08737,0.08738,0.08734,0.08736,0.08746,0.08747,0.0874,0.08743,-0.00068454,-0.00040979,-0.00056992,-0.00056992,-7.000000000000062e-05,-0.000800640512409935
1696655700000,2023-10-07T05:15:00Z,0.08736,0.08738,0.08735,0.08735,4500,393.09105,0.08736,0.08739,0.08736,0.08738,0.08743,0.08745,0.08743,0.08744,-0.00056992,-0.00060201,-0.00061637,-0.00061637,-9.000000000000674e-05,-0.001029277218664304
1696656000000,2023-10-07T05:20:00Z,0.08735,0.08735,0.08733,0.08734,18543,1619.55396,0.08738,0.08738,0.08734,0.08734,0.08744,0.08745,0.08741,0.08741,-0.00061637,-0.00062053,-0.00063254,-0.00063254,-7.000000000000062e-05,-0.0008008237043816567
1696656300000,2023-10-07T05:25:00Z,0.08734,0.08738,0.08734,0.08737,5029,439.30665,0.08734,0.08738,0.08734,0.08737,0.08741,0.08745,0.08741,0.08744,-0.00063254,-0.00056004,-0.00067432,-0.00056004,-7.000000000000062e-05,-0.0008005489478499613
1696656600000,2023-10-07T05:30:00Z,0.08737,0.08737,0.08734,0.08734,8016,700.13115,0.08737,0.08738,0.08734,0.08735,0.08744,0.08745,0.08739,0.08742,-0.00056004,-0.00031514,-0.00042982,-0.00042982,-7.999999999999674e-05,-0.0009151223976206445
1696656900000,2023-10-07T05:35:00Z,0.08734,0.0874,0.08734,0.0874,14570,1272.97012,0.08735,0.08742,0.08735,0.08742,0.08742,0.08748,0.08742,0.08748,-0.00042982,-0.00041667,-0.00052996,-0.00041667,-7.999999999999674e-05,-0.0009144947416551982
1696657200000,2023-10-07T05:40:00Z,0.0874,0.08745,0.08736,0.08736,137057,11983.24515,0.08742,0.08745,0.08736,0.08736,0.08748,0.08749,0.08742,0.08742,-0.00041667,-0.00031408,-0.00049702,-0.00049702,-6.0000000000004494e-05,-0.0006863417982155628
1696657500000,2023-10-07T05:45:00Z,0.08736,0.08737,0.08733,0.08736,67696,5912.65637,0.08736,0.08738,0.08734,0.08736,0.08742,0.08744,0.0874,0.08741,-0.00049702,-0.0003503,-0.00052218,-0.0003503,-5.000000000000837e-05,-0.0005720169317012741
1696657800000,2023-10-07T05:50:00Z,0.08736,0.08736,0.08733,0.08733,35989,3143.27994,0.08736,0.08737,0.08733,0.08733,0.08741,0.08743,0.0874,0.0874,-0.0003503,-0.00043146,-0.00052877,-0.00052877,-7.000000000000062e-05,-0.0008009153318077873
1696658100000,2023-10-07T05:55:00Z,0.08733,0.08734,0.08732,0.08734,14110,1232.09999,0.08733,0.08735,0.08732,0.08734,0.0874,0.08742,0.08739,0.08741,-0.00052877,-0.00057306,-0.00059139,-0.00059139,-7.000000000000062e-05,-0.0008008237043816567
1696658400000,2023-10-07T06:00:00Z,0.08734,0.08734,0.08724,0.08724,33029,2883.57767,0.08734,0.08735,0.08724,0.08724,0.08741,0.08742,0.08729,0.0873,-0.00059139,-0.00057221,-0.0006872,-0.0006872,-6.0000000000004494e-05,-0.000687285223367749
1696658700000,2023-10-07T06:05:00Z,0.08724,0.08725,0.08723,0.08723,21741,1896.79362,0.08724,0.08726,0.08723,0.08725,0.0873,0.08732,0.08728,0.08732,-0.0006872,-0.00015189,-0.00044741,-0.00015189,-8.999999999999286e-05,-0.0010306917086577287
1696659000000,2023-10-07T06:10:00Z,0.08723,0.08723,0.08719,0.08719,7148,623.33336,0.08725,0.08725,0.08721,0.08721,0.08732,0.08732,0.08726,0.08727,-0.00015189,-0.00044082,-0.00051248,-0.00051248,-7.999999999999674e-05,-0.0009166953133951729
1696659300000,2023-10-07T06:15:00Z,0.08719,0.08726,0.08719,0.08724,25360,2211.73332,0.08721,0.08726,0.08721,0.08725,0.08727,0.08733,0.08727,0.08732,-0.00051248,-0.00046404,-0.00062077,-0.00062077,-7.999999999999674e-05,-0.0009161704076957941
1696659600000,2023-10-07T06:20:00Z,0.08724,0.08726,0.08724,0.08726,30318,2645.01245,0.08725,0.08727,0.08724,0.08727,0.08732,0.08734,0.08731,0.08734,-0.00062077,-0.00048665,-0.0005612,-0.0005612,-7.999999999999674e-05,-0.0009159606136935739
1696659900000,2023-10-07T06:25:00Z,0.08726,0.08726,0.0872,0.08725,25945,2263.06234,0.08727,0.08727,0.08723,0.08726,0.08734,0.08734,0.0873,0.08734,-0.0005612,-0.00057386,-0.00062895,-0.00057386,-9.000000000000674e-05,-0.0010304556904053898
1696660200000,2023-10-07T06:30:00Z,0.08725,0.0873,0.08725,0.08729,11348,990.67761,0.08726,0.0873,0.08726,0.08729,0.08734,0.08737,0.08734,0.08736,-0.00057386,-0.00064903,-0.00075964,-0.00075964,-6.999999999998674e-05,-0.0008012820512818996
1696660500000,2023-10-07T06:35:00Z,0.08729,0.08735,0.08729,0.08735,27593,2409.22171,0.08729,0.08735,0.08729,0.08735,0.08736,0.08742,0.08736,0.08742,-0.00075964,-0.00044307,-0.00066029,-0.00044307,-7.000000000000062e-05,-0.0008007320979181036
1696660800000,2023-10-07T06:40:00Z,0.08735,0.08736,0.08732,0.08733,20623,1801.14702,0.08735,0.08736,0.08733,0.08734,0.08742,0.08742,0.0874,0.08741,-0.00044307,-0.0006593,-0.00065987,-0.0006593,-7.999999999999674e-05,-0.000915227090721848
1696661100000,2023-10-07T06:45:00Z,0.08733,0.08733,0.08727,0.08727,33404,2916.91668,0.08734,0.08734,0.08728,0.08728,0.08741,0.08741,0.08735,0.08736,-0.0006593,-0.00052986,-0.00077724,-0.00077724,-8.999999999999286e-05,-0.0010302197802196987
1696661400000,2023-10-07T06:50:00Z,0.08727,0.08727,0.08719,0.08719,12394,1080.7288,0.08728,0.08729,0.0872,0.0872,0.08736,0.08736,0.08728,0.08728,-0.00077724,-0.00076781,-0.0007854,-0.0007854,-8.999999999999286e-05,-0.00103116406966078
1696661700000,2023-10-07T06:55:00Z,0.08719,0.0872,0.08718,0.08718,1366,119.10609,0.0872,0.08721,0.08718,0.08718,0.08728,0.08729,0.08726,0.08726,-0.0007854,-0.00074779,-0.00086652,-0.00086652,-8.000000000001062e-05,-0.0009168003667202684
1696662000000,2023-10-07T07:00:00Z,0.08718,0.08719,0.08716,0.08717,27682,2413.30019,0.08718,0.08719,0.08717,0.08718,0.08726,0.08726,0.08724,0.08725,-0.00086652,-0.00061749,-0.00066425,-0.00061749,-7.999999999999674e-05,-0.0009169054441260372
1696662300000,2023-10-07T07:05:00Z,0.08717,0.0872,0.08717,0.08717,3178,277.07403,0.08718,0.0872,0.08717,0.08718,0.08725,0.08727,0.08723,0.08725,-0.00061749,-0.00018957,-0.00051776,-0.00051776,-7.999999999999674e-05,-0.0009169054441260372
1696662600000,2023-10-07T07:10:00Z,0.08717,0.08718,0.08717,0.08717,20388,1777.4013,0.08718,0.08718,0.08717,0.08717,0.08725,0.08725,0.08723,0.08723,-0.00051776,-0.00055393,-0.00080229,-0.00055393,-6.0000000000004494e-05,-0.0006878367534105754
1696662900000,2023-10-07T07:15:00Z,0.08717,0.08718,0.08715,0.08715,111145,9687.55422,0.08717,0.08718,0.08715,0.08715,0.08723,0.08724,0.08721,0.08721,-0.00055393,-0.00068783,-0.00068791,-0.00068791,-5.9999999999990616e-05,-0.0006879944960439241
1696663200000,2023-10-07T07:20:00Z,0.08715,0.08715,0.08714,0.08715,24280,2116.0017,0.08715,0.08717,0.08715,0.08715,0.08721,0.08723,0.08721,0.08722,-0.00068791,-0.00050315,-0.00062795,-0.00062795,-7.000000000000062e-05,-0.0008025682182985624
1696663500000,2023-10-07T07:25:00Z,0.08715,0.08718,0.08714,0.08715,26786,2334.42079,0.08715,0.08718,0.08715,0.08715,0.08722,0.08725,0.08721,0.08722,-0.00062795,-0.00068775,-0.00080229,-0.00068775,-7.000000000000062e-05,-0.0008025682182985624
1696663800000,2023-10-07T07:30:00Z,0.08715,0.08725,0.08715,0.08724,20708,1805.64304,0.08715,0.08725,0.08715,0.08725,0.08722,0.08732,0.08722,0.08732,-0.00068775,-0.00063247,-0.00065238,-0.00065238,-7.999999999999674e-05,-0.0009161704076957941
1696664100000,2023-10-07T07:35:00Z,0.08724,0.08728,0.08722,0.08728,54655,4767.61471,0.08725,0.08729,0.08722,0.08728,0.08732,0.08736,0.08729,0.08735,-0.00065238,-0.00066769,-0.00074324,-0.00074324,-7.000000000000062e-05,-0.0008013737836290855
1696664400000,2023-10-07T07:40:00Z,0.08728,0.08729,0.08728,0.08728,97878,8543.57964,0.08728,0.08731,0.08728,0.0873,0.08735,0.08739,0.08735,0.08738,-0.00074324,-0.0008439,-0.00084905,-0.0008439,-0.00010000000000000286,-0.0011444266422522644
1696664700000,2023-10-07T07:45:00Z,0.08728,0.08728,0.08725,0.08727,659546,57555.03132,0.0873,0.0873,0.08727,0.08728,0.08738,0.0874,0.08736,0.08738,-0.0008439,-0.00109599,-0.0011032,-0.0011032,-0.00010999999999999899,-0.0012588693064774432
1696665000000,2023-10-07T07:50:00Z,0.08727,0.08727,0.08722,0.08723,66570,5807.56682,0.08728,0.08728,0.08724,0.08725,0.08738,0.08739,0.08735,0.08736,-0.0011032,-0.00098385,-0.00114653,-0.00114653,-0.00012999999999999123,-0.0014880952380951378
1696665300000,2023-10-07T07:55:00Z,0.08723,0.08726,0.08723,0.08726,3538,308.64554,0.08725,0.08726,0.08724,0.08726,0.08736,0.08736,0.08735,0.08735,-0.00114653,-0.0008538,-0.00089376,-0.00089376,-8.999999999999286e-05,-0.0010303377218087335
1696665600000,2023-10-07T08:00:00Z,0.08726,0.08727,0.0872,0.08722,122966,10724.12357,0.08726,0.08727,0.08722,0.08722,0.08735,0.08735,0.08729,0.0873,-0.00089376,-0.00091089,-0.00091627,-0.00091627,-7.999999999999674e-05,-0.0009163802978235594
1696665900000,2023-10-07T08:05:00Z,0.08722,0.08726,0.08722,0.08725,50286,4387.37698,0.08722,0.08728,0.08722,0.08726,0.0873,0.08736,0.0873,0.08735,-0.00091627,-0.00077023,-0.00110885,-0.00110885,-0.00010000000000000286,-0.0011448196908987163
1696666200000,2023-10-07T08:10:00Z,0.08725,0.08731,0.08724,0.0873,54638,4768.5653,0.08726,0.08732,0.08724,0.08732,0.08735,0.08741,0.08732,0.08741,-0.00110885,-0.00067296,-0.00080263,-0.00067296,-0.00010999999999999899,-0.0012584372497425808
1696666500000,2023-10-07T08:15:00Z,0.0873,0.08733,0.0873,0.08732,39762,3471.84738,0.08732,0.08734,0.08731,0.08734,0.08741,0.08744,0.0874,0.08744,-0.00067296,-0.00101807,-0.00101807,-0.00101807,-0.00012000000000000899,-0.0013723696248857387
1696666800000,2023-10-07T08:20:00Z,0.08732,0.08747,0.08732,0.08741,424176,37079.7077,0.08734,0.08744,0.08732,0.08742,0.08744,0.08754,0.08742,0.08752,-0.00101807,-0.00085307,-0.00087041,-0.00087041,-0.00010999999999999899,-0.0012568555758683613
1696667100000,2023-10-07T08:25:00Z,0.08741,0.08742,0.08738,0.08741,87709,7664.93666,0.08742,0.08743,0.0874,0.08741,0.08752,0.08752,0.0875,0.08751,-0.00087041,-0.00087062,-0.00098308,-0.00098308,-0.00010000000000000286,-0.0011427265455376855
1696667400000,2023-10-07T08:30:00Z,0.08741,0.08752,0.08741,0.08751,45237,3957.16988,0.08741,0.08752,0.08741,0.08752,0.08751,0.0876,0.0875,0.0876,-0.00098308,-0.00071461,-0.00077704,-0.00071461,-8.999999999999286e-05,-0.0010273972602738912
1696667700000,2023-10-07T08:35:00Z,0.08751,0.08754,0.08751,0.08753,22679,1985.19984,0.08752,0.08755,0.08751,0.08753,0.0876,0.08763,0.08759,0.08761,-0.00071461,-0.00063824,-0.00080817,-0.00063824,-7.999999999999674e-05,-0.0009131377696609605
1696668000000,2023-10-07T08:40:00Z,0.08753,0.08763,0.08753,0.08763,78177,6847.77337,0.08753,0.08765,0.08753,0.08765,0.08761,0.08773,0.08761,0.08773,-0.00063824,-0.0006972,-0.00090669,-0.00090669,-0.00010000000000000286,-0.0011398609369657228
1696668300000,2023-10-07T08:45:00Z,0.08763,0.08764,0.08756,0.08759,45069,3948.30127,0.08765,0.08765,0.08758,0.08759,0.08773,0.08773,0.08766,0.08768,-0.00090669,-0.00070933,-0.00082274,-0.00070933,-8.999999999999286e-05,-0.0010264598540145173
1696668600000,2023-10-07T08:50:00Z,0.08759,0.08764,0.08759,0.08764,12551,1099.75789,0.08759,0.08765,0.08759,0.08765,0.08768,0.08772,0.08768,0.08772,-0.00070933,-0.00049161,-0.00087023,-0.00049161,-8.000000000001062e-05,-0.0009119927040584885
1696668900000,2023-10-07T08:55:00Z,0.08764,0.08768,0.08763,0.08768,200170,17544.56265,0.08765,0.08769,0.08764,0.08768,0.08772,0.08776,0.08771,0.08776,-0.00049161,-0.00090747,-0.00097037,-0.00090747,-8.000000000001062e-05,-0.0009115770282590089
1696669200000,2023-10-07T09:00:00Z,0.08768,0.08768,0.08767,0.08768,30137,2642.28459,0.08768,0.08769,0.08767,0.08768,0.08776,0.08777,0.08774,0.08776,-0.00090747,-0.00076581,-0.00078074,-0.00076581,-8.000000000001062e-05,-0.0009115770282590089
1696669500000,2023-10-07T09:05:00Z,0.08768,0.08768,0.08759,0.08759,92021,8065.035,0.08768,0.08768,0.08759,0.08759,0.08776,0.08776,0.08766,0.08767,-0.00076581,-0.00070285,-0.00078133,-0.00078133,-7.999999999999674e-05,-0.0009125128322116658
1696669800000,2023-10-07T09:10:00Z,0.08759,0.08767,0.08759,0.08764,30287,2655.1302,0.08759,0.08768,0.08759,0.08764,0.08767,0.08776,0.08767,0.08773,-0.00078133,-0.00074546,-0.00084292,-0.00074546,-9.000000000000674e-05,-0.001025874843269198
1696670100000,2023-10-07T09:15:00Z,0.08764,0.08768,0.08758,0.08758,720536,63146.09087,0.08764,0.08767,0.0876,0.0876,0.08773,0.08773,0.08767,0.08767,-0.00074546,-0.00048033,-0.00063259,-0.00063259,-8.999999999999286e-05,-0.0010265769362380844
1696670400000,2023-10-07T09:20:00Z,0.08758,0.08759,0.08753,0.08755,40294,3527.93673,0.0876,0.0876,0.08753,0.08756,0.08767,0.08767,0.0876,0.08764,-0.00063259,-0.00071562,-0.00079555,-0.00071562,-8.999999999999286e-05,-0.0010269283432221916
1696670700000,2023-10-07T09:25:00Z,0.08755,0.08763,0.08755,0.08762,31099,2723.43465,0.08756,0.08764,0.08756,0.08762,0.08764,0.08772,0.08763,0.0877,-0.00071562,-0.00065511,-0.0006572,-0.0006572,-7.999999999999674e-05,-0.0009122006841504759
1696671000000,2023-10-07T09:30:00Z,0.08762,0.08773,0.08762,0.08763,1050643,92114.73662,0.08762,0.08767,0.08762,0.08764,0.0877,0.08772,0.08769,0.08772,-0.0006572,-0.00017493,-0.00023181,-0.00023181,-9.000000000000674e-05,-0.0010259917920657402
1696671300000,2023-10-07T09:35:00Z,0.08763,0.08767,0.08763,0.08765,36016,3157.16629,0.08764,0.08767,0.08763,0.08765,0.08772,0.08773,0.08771,0.08771,-0.00023181,-0.00050626,-0.00052103,-0.00052103,-5.9999999999990616e-05,-0.0006840725116861318
1696671600000,2023-10-07T09:40:00Z,0.08765,0.08768,0.08765,0.08765,164405,14412.53481,0.08765,0.08768,0.08765,0.08766,0.08771,0.08773,0.0877,0.08771,-0.00052103,-0.00043621,-0.00060556,-0.00043621,-5.9999999999990616e-05,-0.0006840725116861318
1696671900000,2023-10-07T09:45:00Z,0.08765,0.08771,0.08765,0.08771,39934,3501.59129,0.08766,0.08771,0.08765,0.08771,0.08771,0.08778,0.0877,0.08777,-0.00043621,-0.00035126,-0.00037914,-0.00037914,-6.0000000000004494e-05,-0.0006836048763815027
1696672200000,2023-10-07T09:50:00Z,0.08771,0.08773,0.08767,0.08767,92424,8105.75352,0.08771,0.08773,0.08767,0.08767,0.08777,0.08778,0.08771,0.08772,-0.00037914,-0.00054565,-0.00079772,-0.00079772,-5.000000000000837e-05,-0.0005699954400365751
1696672500000,2023-10-07T09:55:00Z,0.08767,0.08767,0.0876,0.08761,22417,1964.13353,0.08767,0.08767,0.08761,0.08762,0.08772,0.08772,0.08767,0.08768,-0.00079772,-0.00065598,-0.00065914,-0.00065914,-7.000000000000062e-05,-0.0007983576642335837
1696672800000,2023-10-07T10:00:00Z,0.08761,0.08767,0.08761,0.08765,107507,9422.26318,0.08762,0.08767,0.08762,0.08766,0.08768,0.08773,0.08768,0.08772,-0.00065914,-0.00011768,-0.00058597,-0.00058597,-7.000000000000062e-05,-0.0007979936160510785
1696673100000,2023-10-07T10:05:00Z,0.08765,0.08777,0.08765,0.08774,334176,29315.12264,0.08766,0.08779,0.08766,0.08776,0.08772,0.08785,0.08772,0.08784,-0.00058597,-0.00068811,-0.00083923,-0.00083923,-0.00010000000000000286,-0.0011384335154827284
1696673400000,2023-10-07T10:10:00Z,0.08774,0.08777,0.08774,0.08777,41482,3640.68909,0.08776,0.08778,0.08776,0.08777,0.08784,0.08787,0.08784,0.08784,-0.00083923,-0.00079681,-0.00084112,-0.00079681,-7.000000000000062e-05,-0.0007969034608378941
1696673700000,2023-10-07T10:15:00Z,0.08777,0.08779,0.08774,0.08774,6000,526.67285,0.08777,0.08779,0.08775,0.08776,0.08784,0.08786,0.08783,0.08784,-0.00079681,-0.00070908,-0.00089845,-0.00089845,-0.00010000000000000286,-0.0011384335154827284
1696674000000,2023-10-07T10:20:00Z,0.08774,0.08777,0.08774,0.08776,17508,1536.37459,0.08776,0.08778,0.08775,0.08778,0.08784,0.08786,0.08782,0.08786,-0.00089845,-0.00045258,-0.00063979,-0.00045258,-9.999999999998899e-05,-0.0011381743683131003
1696674300000,2023-10-07T10:25:00Z,0.08776,0.08786,0.08776,0.08777,264149,23201.00923,0.08778,0.08782,0.08777,0.08777,0.08786,0.08788,0.08784,0.08784,-0.00045258,-0.00064007,-0.00082233,-0.00082233,-7.000000000000062e-05,-0.0007969034608378941
1696674600000,2023-10-07T10:30:00Z,0.08777,0.08781,0.08777,0.08777,11389,999.85245,0.08777,0.08781,0.08777,0.08777,0.08784,0.08788,0.08784,0.08784,-0.00082233,-0.00062141,-0.00063969,-0.00063969,-7.000000000000062e-05,-0.0007969034608378941
1696674900000,2023-10-07T10:35:00Z,0.08777,0.08789,0.08777,0.08785,179151,15738.46472,0.08777,0.08789,0.08777,0.08786,0.08784,0.08793,0.08784,0.08793,-0.00063969,-0.00033837,-0.00065247,-0.00033837,-7.999999999999674e-05,-0.0009098146252700642
1696675200000,2023-10-07T10:40:00Z,0.08785,0.08787,0.08782,0.08782,51214,4499.36218,0.08786,0.08787,0.08783,0.08784,0.08793,0.08794,0.0879,0.08791,-0.00033837,-0.00084757,-0.00084916,-0.00084757,-9.000000000000674e-05,-0.0010237743146400493
1696675500000,2023-10-07T10:45:00Z,0.08782,0.08783,0.08782,0.08782,12540,1101.27442,0.08784,0.08784,0.08782,0.08782,0.08791,0.08791,0.08788,0.08789,-0.00084757,-0.00065506,-0.00071945,-0.00065506,-7.000000000000062e-05,-0.0007964501080896646
1696675800000,2023-10-07T10:50:00Z,0.08782,0.08786,0.08772,0.08786,923275,81066.12775,0.08782,0.08789,0.08773,0.08787,0.08789,0.08795,0.08779,0.08793,-0.00065506,-0.00038605,-0.00050489,-0.00038605,-7.000000000000062e-05,-0.0007960877971113457
1696676100000,2023-10-07T10:55:00Z,0.08786,0.08789,0.08786,0.08787,12703,1116.30592,0.08787,0.0879,0.08787,0.08787,0.08793,0.08796,0.08793,0.08794,-0.00038605,-0.0005635,-0.00075386,-0.00075386,-7.000000000000062e-05,-0.0007959972708665069
1696676400000,2023-10-07T11:00:00Z,0.08787,0.08789,0.08787,0.08787,48977,4304.21713,0.08787,0.08789,0.08787,0.08787,0.08794,0.08796,0.08793,0.08794,-0.00075386,-0.00062956,-0.00064695,-0.00062956,-7.000000000000062e-05,-0.0007959972708665069
1696676700000,2023-10-07T11:05:00Z,0.08787,0.08789,0.08787,0.08788,12381,1088.06912,0.08787,0.08789,0.08787,0.08788,0.08794,0.08796,0.08794,0.08795,-0.00062956,-0.00054394,-0.0005926,-0.0005926,-7.000000000000062e-05,-0.0007959067652075113
1696677000000,2023-10-07T11:10:00Z,0.08788,0.08797,0.08788,0.08796,347682,30570.99822,0.08788,0.08798,0.08788,0.08798,0.08795,0.08805,0.08794,0.08805,-0.0005926,-0.00051249,-0.00080815,-0.00051249,-9.000000000000674e-05,-0.0010221465076661754
1696677300000,2023-10-07T11:15:00Z,0.08796,0.08804,0.08796,0.08803,192519,16940.72546,0.08798,0.08803,0.08796,0.08803,0.08805,0.0881,0.08803,0.08809,-0.00051249,-0.00068756,-0.0007197,-0.00068756,-6.0000000000004494e-05,-0.0006811215802021171
1696677600000,2023-10-07T11:20:00Z,0.08803,0.08808,0.08802,0.08807,113861,10025.35645,0.08803,0.08808,0.08802,0.08807,0.08809,0.08815,0.08809,0.08814,-0.00068756,-0.00051253,-0.00079437,-0.00051253,-7.000000000000062e-05,-0.0007941910596777924
1696677900000,2023-10-07T11:25:00Z,0.08807,0.08808,0.08803,0.08805,84619,7451.19488,0.08807,0.08808,0.08804,0.08805,0.08814,0.08815,0.08812,0.08812,-0.00051253,-0.00059827,-0.00083365,-0.00083365,-7.000000000000062e-05,-0.0007943713118474877
1696678200000,2023-10-07T11:30:00Z,0.08805,0.08808,0.088,0.088,113467,9991.19193,0.08805,0.08808,0.088,0.088,0.08812,0.08816,0.08807,0.08808,-0.00083365,-0.00078516,-0.00090785,-0.00090785,-8.000000000001062e-05,-0.0009082652134424457
1696678500000,2023-10-07T11:35:00Z,0.088,0.088,0.08785,0.08789,2029889,178436.39633,0.088,0.08801,0.08787,0.08789,0.08808,0.08809,0.08798,0.088,-0.00090785,-0.00124971,-0.00125028,-0.00125028,-0.00010999999999999899,-0.0012499999999999885
1696678800000,2023-10-07T11:40:00Z,0.08789,0.0879,0.08786,0.08786,25663,2255.06775,0.08789,0.0879,0.08786,0.08787,0.088,0.08801,0.08797,0.08798,-0.00125028,-0.00058724,-0.00059508,-0.00058724,-0.00012000000000000899,-0.001363946351443612
1696679100000,2023-10-07T11:45:00Z,0.08786,0.0879,0.08782,0.08783,448698,39421.78805,0.08787,0.0879,0.08784,0.08784,0.08798,0.08799,0.08793,0.08794,-0.00058724,-0.00102342,-0.00108004,-0.00108004,-0.00010999999999999899,-0.001250852854218774
1696679400000,2023-10-07T11:50:00Z,0.08783,0.08783,0.08777,0.08777,70868,6221.37789,0.08784,0.08784,0.08777,0.08778,0.08794,0.08794,0.08787,0.08788,-0.00108004,-0.0009967,-0.00102412,-0.00102412,-0.00010999999999999899,-0.0012517068730086367
1696679700000,2023-10-07T11:55:00Z,0.08777,0.08778,0.08775,0.08777,61054,5358.26322,0.08778,0.08779,0.08776,0.08777,0.08788,0.08789,0.08786,0.08787,-0.00102412,-0.00082233,-0.00084748,-0.00084748,-0.00010000000000000286,-0.0011380448389666877
1696680000000,2023-10-07T12:00:00Z,0.08777,0.08785,0.08777,0.08784,111570,9797.9934,0.08777,0.08785,0.08777,0.08784,0.08787,0.08794,0.08786,0.08794,-0.00084748,-0.00101683,-0.00118091,-0.00118091,-0.00010000000000000286,-0.0011371389583807467
1696680300000,2023-10-07T12:05:00Z,0.08784,0.08796,0.08784,0.08796,73753,6484.70769,0.08784,0.08796,0.08784,0.08796,0.08794,0.08805,0.08794,0.08804,-0.00118091,-0.00078579,-0.00083393,-0.00078579,-7.999999999999674e-05,-0.0009086778736937387
1696680600000,2023-10-07T12:10:00Z,0.08796,0.08796,0.08787,0.0879,106480,9361.31877,0.08796,0.08796,0.08787,0.0879,0.08804,0.08804,0.08797,0.088,-0.00078579,-0.00072627,-0.00125014,-0.00072627,-9.999999999998899e-05,-0.0011363636363635112
1696680900000,2023-10-07T12:15:00Z,0.0879,0.08804,0.0879,0.08798,380090,33446.81186,0.0879,0.08801,0.0879,0.088,0.088,0.08809,0.08799,0.08809,-0.00072627,-0.00084541,-0.00085299,-0.00085299,-0.00010999999999999899,-0.0012487228970371096
1696681200000,2023-10-07T12:20:00Z,0.08798,0.08802,0.08798,0.08802,39923,3512.96352,0.088,0.08802,0.08799,0.08802,0.08809,0.0881,0.08808,0.0881,-0.00085299,-0.00077906,-0.00098342,-0.00077906,-7.999999999999674e-05,-0.0009080590238365124
1696681500000,2023-10-07T12:25:00Z,0.08802,0.08802,0.08793,0.08793,116809,10274.86035,0.08802,0.08802,0.08795,0.08795,0.0881,0.0881,0.08803,0.08804,-0.00077906,-0.00071868,-0.00086108,-0.00071868,-0.00010999999999999899,-0.00124943207632893
1696681800000,2023-10-07T12:30:00Z,0.08793,0.08796,0.08789,0.08795,90088,7920.84631,0.08795,0.08796,0.08789,0.08796,0.08804,0.08805,0.08799,0.08805,-0.00071868,-0.00051283,-0.00077632,-0.00051283,-0.00010000000000000286,-0.0011357183418512534
1696682100000,2023-10-07T12:35:00Z,0.08795,0.08798,0.08795,0.08798,13147,1156.58484,0.08796,0.08799,0.08795,0.08798,0.08805,0.08808,0.08804,0.08807,-0.00051283,-0.00074701,-0.00080981,-0.00074701,-8.999999999999286e-05,-0.001021914386283557
1696682400000,2023-10-07T12:40:00Z,0.08798,0.08801,0.08797,0.08797,181439,15963.61477,0.08798,0.08801,0.08797,0.08797,0.08807,0.0881,0.08805,0.08805,-0.00074701,-0.00086179,-0.00086179,-0.00086179,-7.999999999999674e-05,-0.0009085746734809396
1696682700000,2023-10-07T12:45:00Z,0.08797,0.08801,0.08796,0.08796,83979,7390.6827,0.08797,0.08801,0.08796,0.08796,0.08805,0.08808,0.08804,0.08804,-0.00086179,-0.00051322,-0.00069459,-0.00069459,-7.999999999999674e-05,-0.0009086778736937387
1696683000000,2023-10-07T12:50:00Z,0.08796,0.08796,0.08793,0.08793,58567,5150.31966,0.08796,0.08796,0.08793,0.08793,0.08804,0.08804,0.08802,0.08802,-0.00069459,-0.00071796,-0.00090788,-0.00090788,-9.000000000000674e-05,-0.001022494887525639
1696683300000,2023-10-07T12:55:00Z,0.08793,0.088,0.08792,0.08794,35838,3152.38455,0.08793,0.088,0.08792,0.08794,0.08802,0.08806,0.08802,0.08803,-0.00090788,-0.00084942,-0.00092094,-0.00092094,-8.999999999999286e-05,-0.001022378734522241
1696683600000,2023-10-07T13:00:00Z,0.08794,0.08795,0.08792,0.08794,71019,6244.57843,0.08794,0.08795,0.08792,0.08794,0.08803,0.08804,0.08801,0.08803,-0.00092094,-0.00087217,-0.00096137,-0.00096137,-8.999999999999286e-05,-0.001022378734522241
1696683900000,2023-10-07T13:05:00Z,0.08794,0.08805,0.08794,0.08802,11381,1001.65716,0.08794,0.08805,0.08794,0.08804,0.08803,0.08813,0.08803,0.08812,-0.00096137,-0.00065546,-0.00065557,-0.00065546,-0.00010000000000000286,-0.0011348161597821477
1696684200000,2023-10-07T13:10:00Z,0.08802,0.08803,0.08799,0.088,22719,1999.69115,0.08804,0.08804,0.08799,0.08801,0.08812,0.08812,0.08807,0.08811,-0.00065546,-0.0009303,-0.00100964,-0.0009303,-0.00010999999999999899,-0.0012484394506866302
1696684500000,2023-10-07T13:15:00Z,0.088,0.08804,0.08799,0.08802,57885,5094.80142,0.08801,0.08804,0.088,0.08802,0.08811,0.08812,0.0881,0.08812,-0.0009303,-0.00077596,-0.00107263,-0.00077596,-0.00010000000000000286,-0.0011348161597821477
1696684800000,2023-10-07T13:20:00Z,0.08802,0.08816,0.08802,0.08811,305623,26934.1683,0.08802,0.08816,0.08802,0.08812,0.08812,0.08821,0.08812,0.08819,-0.00077596,-0.00048293,-0.00059573,-0.00059573,-8.000000000001062e-05,-0.0009071323279284569
1696685100000,2023-10-07T13:25:00Z,0.08811,0.08816,0.08811,0.08813,67185,5921.54578,0.08812,0.08816,0.08811,0.08815,0.08819,0.08822,0.08818,0.08822,-0.00059573,-0.00070014,-0.00073543,-0.00070014,-9.000000000000674e-05,-0.0010201768306507225
1696685400000,2023-10-07T13:30:00Z,0.08813,0.08817,0.0881,0.08812,208578,18384.8385,0.08815,0.08817,0.08812,0.08812,0.08822,0.08823,0.08819,0.08819,-0.00070014,-0.00068454,-0.00068703,-0.00068454,-7.000000000000062e-05,-0.0007937407869373015
1696685700000,2023-10-07T13:35:00Z,0.08812,0.0882,0.08807,0.08815,358502,31594.17414,0.08812,0.08818,0.08807,0.08815,0.08819,0.08823,0.08813,0.08822,-0.00068454,-0.00050969,-0.00066394,-0.00050969,-7.000000000000062e-05,-0.0007934708682838428
1696686000000,2023-10-07T13:40:00Z,0.08815,0.08818,0.08812,0.08813,183875,16207.70015,0.08815,0.08818,0.08812,0.08813,0.08822,0.08825,0.08818,0.08818,-0.00050969,-0.00060686,-0.0007613,-0.0007613,-4.999999999999449e-05,-0.0005670220004535552
1696686300000,2023-10-07T13:45:00Z,0.08813,0.08813,0.08796,0.08806,449515,39570.75923,0.08813,0.08813,0.08799,0.08807,0.08818,0.0882,0.08807,0.08815,-0.0007613,-0.00069404,-0.00075584,-0.00069404,-9.000000000000674e-05,-0.0010209869540556634
1696686600000,2023-10-07T13:50:00Z,0.08806,0.08813,0.08806,0.08812,56151,4947.26347,0.08807,0.08815,0.08806,0.08812,0.08815,0.08824,0.08814,0.08821,-0.00069404,-0.0005914,-0.00094139,-0.00094139,-8.999999999999286e-05,-0.0010202924838452882
1696686900000,2023-10-07T13:55:00Z,0.08812,0.08812,0.08802,0.08803,382243,33670.92229,0.08812,0.08813,0.08802,0.08803,0.08821,0.08822,0.08809,0.08811,-0.00094139,-0.00064661,-0.00068959,-0.00068959,-7.999999999999674e-05,-0.0009079559641357025
1696687200000,2023-10-07T14:00:00Z,0.08803,0.08814,0.08803,0.08813,3048,268.47441,0.08803,0.08814,0.08803,0.08813,0.08811,0.08821,0.08811,0.0882,-0.00068959,-0.00046349,-0.00063329,-0.00046349,-7.000000000000062e-05,-0.0007936507936508007
1696687500000,2023-10-07T14:05:00Z,0.08813,0.08814,0.08811,0.08811,34184,3012.4863,0.08813,0.08814,0.08811,0.08812,0.0882,0.08821,0.08818,0.08819,-0.00046349,-0.00062259,-0.00085861,-0.00062259,-8.000000000001062e-05,-0.0009071323279284569
1696687800000,2023-10-07T14:10:00Z,0.08811,0.08812,0.08811,0.08811,14720,1297.1261,0.08812,0.08813,0.08811,0.08811,0.08819,0.08821,0.08819,0.08821,-0.00062259,-0.00102029,-0.00102029,-0.00102029,-0.00010000000000000286,-0.0011336583153837758
1696688100000,2023-10-07T14:15:00Z,0.08811,0.08811,0.08804,0.0881,37834,3333.17871,0.08811,0.08812,0.08804,0.0881,0.08821,0.08821,0.08811,0.08816,-0.00102029,-0.00052807,-0.00073074,-0.00073074,-6.0000000000004494e-05,-0.0006805807622505047
1696688400000,2023-10-07T14:20:00Z,0.0881,0.08812,0.08807,0.08812,47653,4197.54593,0.0881,0.08813,0.08808,0.08813,0.08816,0.0882,0.08815,0.0882,-0.00073074,-0.00067505,-0.0007941,-0.00067505,-7.999999999999674e-05,-0.000907029478458013
1696688700000,2023-10-07T14:25:00Z,0.08812,0.08815,0.08809,0.08809,19095,1682.82186,0.08813,0.08815,0.08809,0.08812,0.0882,0.08821,0.08816,0.08819,-0.00067505,-0.00071282,-0.00071577,-0.00071577,-0.00010000000000000286,-0.0011339154099104531
1696689000000,2023-10-07T14:30:00Z,0.08809,0.08817,0.08809,0.08815,94823,8356.59897,0.08812,0.08817,0.0881,0.08815,0.08819,0.08822,0.08819,0.08821,-0.00071577,-0.00041013,-0.00061099,-0.00041013,-5.9999999999990616e-05,-0.0006801949892301396
1696689300000,2023-10-07T14:35:00Z,0.08815,0.08815,0.0881,0.08812,23441,2065.73664,0.08815,0.08815,0.0881,0.08813,0.08821,0.08821,0.08817,0.0882,-0.00041013,-0.00054434,-0.0006373,-0.0006373,-7.999999999999674e-05,-0.000907029478458013
1696689600000,2023-10-07T14:40:00Z,0.08812,0.08815,0.08809,0.08814,44623,3932.45098,0.08813,0.08815,0.08809,0.08815,0.0882,0.08822,0.08816,0.08821,-0.0006373,-0.00052432,-0.00079476,-0.00079476,-7.000000000000062e-05,-0.0007935608207686273
1696689900000,2023-10-07T14:45:00Z,0.08814,0.0882,0.08812,0.0882,28168,2483.67818,0.08815,0.08821,0.08812,0.08821,0.08821,0.08827,0.08818,0.08827,-0.00079476,-0.0003524,-0.00052911,-0.00052911,-7.000000000000062e-05,-0.0007930214115781195
1696690200000,2023-10-07T14:50:00Z,0.0882,0.08821,0.08816,0.08816,18173,1602.76645,0.08821,0.08821,0.08817,0.08817,0.08827,0.08827,0.08823,0.08823,-0.00052911,-0.00052901,-0.00056663,-0.00056663,-7.000000000000062e-05,-0.0007933809361895117
1696690500000,2023-10-07T14:55:00Z,0.08816,0.08823,0.08814,0.08819,109031,9616.82477,0.08817,0.08823,0.08816,0.08819,0.08823,0.08828,0.08822,0.08825,-0.00056663,-0.00038767,-0.00072662,-0.00072662,-5.9999999999990616e-05,-0.0006798866855523017
1696690800000,2023-10-07T15:00:00Z,0.08819,0.08822,0.08818,0.08822,26884,2371.21524,0.08819,0.08822,0.08818,0.08822,0.08825,0.08828,0.08824,0.08828,-0.00072662,-0.00055738,-0.00073946,-0.00055738,-5.9999999999990616e-05,-0.0006796556411417152
1696691100000,2023-10-07T15:05:00Z,0.08822,0.08824,0.08822,0.08824,19987,1763.46816,0.08822,0.08824,0.08822,0.08824,0.08828,0.08829,0.08827,0.08829,-0.00055738,-0.00049552,-0.00050866,-0.00050866,-4.999999999999449e-05,-0.0005663155510249688
1696691400000,2023-10-07T15:10:00Z,0.08824,0.08826,0.0881,0.0881,159450,14065.7267,0.08824,0.08824,0.08811,0.08812,0.08829,0.0883,0.08817,0.08818,-0.00050866,-0.00051978,-0.00063625,-0.00051978,-7.999999999999674e-05,-0.0009072352007257513
1696691700000,2023-10-07T15:15:00Z,0.0881,0.08811,0.08794,0.08809,816696,71871.29255,0.08812,0.08812,0.08805,0.0881,0.08818,0.08818,0.08811,0.08817,-0.00051978,-0.00058407,-0.00064908,-0.00064908,-7.999999999999674e-05,-0.0009073380968583048
1696692000000,2023-10-07T15:20:00Z,0.08809,0.08817,0.08809,0.08816,33494,2951.95065,0.0881,0.08817,0.08809,0.08817,0.08817,0.08823,0.08816,0.08823,-0.00064908,-0.00050476,-0.00055304,-0.00055304,-7.000000000000062e-05,-0.0007933809361895117
1696692300000,2023-10-07T15:25:00Z,0.08816,0.08816,0.08814,0.08814,7642,673.66267,0.08817,0.08817,0.08814,0.08815,0.08823,0.08823,0.08821,0.08822,-0.00055304,-0.00056682,-0.00059154,-0.00059154,-8.000000000001062e-05,-0.0009068238494673613
1696692600000,2023-10-07T15:30:00Z,0.08814,0.08816,0.08814,0.08816,14649,1291.17831,0.08815,0.08817,0.08814,0.08817,0.08822,0.08825,0.08821,0.08825,-0.00059154,-0.00057869,-0.00069364,-0.00057869,-8.999999999999286e-05,-0.0010198300283285311
1696692900000,2023-10-07T15:35:00Z,0.08816,0.08818,0.08813,0.08813,16800,1481.01787,0.08817,0.08818,0.08813,0.08813,0.08825,0.08825,0.08821,0.08822,-0.00057869,-0.00070414,-0.00072976,-0.00070414,-9.000000000000674e-05,-0.0010201768306507225
1696693200000,2023-10-07T15:40:00Z,0.08813,0.08816,0.08801,0.0881,94379,8316.7666,0.08813,0.08816,0.08802,0.0881,0.08822,0.08823,0.08811,0.08816,-0.00070414,-0.00067365,-0.00077315,-0.00077315,-6.0000000000004494e-05,-0.0006805807622505047
1696693500000,2023-10-07T15:45:00Z,0.0881,0.08814,0.08794,0.08811,1061977,93492.60034,0.0881,0.08814,0.08807,0.08811,0.08816,0.08821,0.08815,0.0882,-0.00077315,-0.00083012,-0.00102608,-0.00083012,-9.000000000000674e-05,-0.0010204081632653825
1696693800000,2023-10-07T15:50:00Z,0.08811,0.08812,0.08807,0.08807,61086,5380.91506,0.08811,0.08813,0.08809,0.0881,0.0882,0.08822,0.08818,0.08819,-0.00083012,-0.00098934,-0.00098934,-0.00098934,-0.00012000000000000899,-0.0013606984918926068
1696694100000,2023-10-07T15:55:00Z,0.08807,0.08814,0.08807,0.08812,101622,8951.44016,0.0881,0.08813,0.08809,0.08812,0.08819,0.08824,0.08818,0.08823,-0.00098934,-0.00106994,-0.00108672,-0.00106994,-0.00010999999999999899,-0.0012467414711549245
1696694400000,2023-10-07T16:00:00Z,0.08812,0.08821,0.08803,0.08811,1239931,109259.21668,0.08812,0.08821,0.08803,0.08811,0.08823,0.0883,0.08812,0.08821,-0.00106994,-0.00090777,-0.0009975,-0.0009975,-0.00010000000000000286,-0.0011336583153837758
1696694700000,2023-10-07T16:05:00Z,0.08811,0.08823,0.08811,0.0882,433092,38196.58533,0.08811,0.08824,0.08811,0.08821,0.08821,0.08833,0.08821,0.0883,-0.0009975,-0.00089036,-0.00106738,-0.00089036,-0.00010000000000000286,-0.0011325028312571105
1696695000000,2023-10-07T16:10:00Z,0.0882,0.08824,0.08819,0.08824,55957,4936.23792,0.08821,0.08826,0.08819,0.08824,0.0883,0.08835,0.08828,0.08834,-0.00089036,-0.00085973,-0.00100396,-0.00085973,-0.00010000000000000286,-0.0011319900384876938
1696695300000,2023-10-07T16:15:00Z,0.08824,0.08831,0.08823,0.0883,425907,37596.17755,0.08824,0.08831,0.08824,0.0883,0.08834,0.0884,0.08834,0.08838,-0.00085973,-0.00075599,-0.00104923,-0.00075599,-7.999999999999674e-05,-0.0009051821679112552
1696695600000,2023-10-07T16:20:00Z,0.0883,0.08831,0.08826,0.08826,35584,3142.14676,0.0883,0.08831,0.08826,0.08826,0.08838,0.08839,0.08835,0.08835,-0.00075599,-0.00090528,-0.00090538,-0.00090538,-8.999999999999286e-05,-0.0010186757215618887
1696695900000,2023-10-07T16:25:00Z,0.08826,0.08826,0.08821,0.08825,75324,6645.3805,0.08826,0.08827,0.08823,0.08825,0.08835,0.08836,0.08832,0.08834,-0.00090538,-0.00085284,-0.00095268,-0.00085284,-9.000000000000674e-05,-0.0010187910346389714
1696696200000,2023-10-07T16:30:00Z,0.08825,0.08826,0.08809,0.08813,569334,50195.22548,0.08825,0.08826,0.08809,0.08814,0.08834,0.08834,0.08816,0.08821,-0.00085284,-0.00044172,-0.00072226,-0.00072226,-7.999999999999674e-05,-0.0009069266523069578
1696696500000,2023-10-07T16:35:00Z,0.08813,0.08816,0.0881,0.08811,192126,16934.58173,0.08814,0.08816,0.08811,0.08811,0.08821,0.08823,0.08818,0.08818,-0.00072226,-0.00055806,-0.00068136,-0.00055806,-7.000000000000062e-05,-0.0007938308006350717
1696696800000,2023-10-07T16:40:00Z,0.08811,0.08812,0.08809,0.0881,18274,1610.22753,0.08811,0.08813,0.0881,0.08811,0.08818,0.0882,0.08817,0.08818,-0.00055806,-0.00036974,-0.00068424,-0.00036974,-7.999999999999674e-05,-0.0009072352007257513
1696697100000,2023-10-07T16:45:00Z,0.0881,0.08814,0.0881,0.08813,10491,924.44143,0.08811,0.08814,0.0881,0.08813,0.08818,0.08821,0.08817,0.0882,-0.00036974,-0.00059342,-0.00077802,-0.00077802,-7.000000000000062e-05,-0.0007936507936508007
1696697400000,2023-10-07T16:50:00Z,0.08813,0.08813,0.08811,0.08811,47155,4154.96993,0.08813,0.08814,0.08811,0.08812,0.0882,0.08821,0.08819,0.0882,-0.00077802,-0.00077324,-0.00084909,-0.00077324,-9.000000000000674e-05,-0.0010204081632653825
1696697700000,2023-10-07T16:55:00Z,0.08811,0.08815,0.08811,0.08812,4143,365.12749,0.08812,0.08815,0.08811,0.08812,0.0882,0.08823,0.08819,0.0882,-0.00077324,-0.00087053,-0.00098061,-0.00087053,-7.999999999999674e-05,-0.000907029478458013
1696698000000,2023-10-07T17:00:00Z,0.08812,0.08813,0.08803,0.08809,238748,21022.72999,0.08812,0.08813,0.08809,0.0881,0.0882,0.0882,0.08816,0.08818,-0.00087053,-0.00064122,-0.00084499,-0.00064122,-8.999999999999286e-05,-0.0010206396008164307
1696698300000,2023-10-07T17:05:00Z,0.08809,0.0881,0.08806,0.08806,16698,1470.58813,0.0881,0.0881,0.08806,0.08806,0.08818,0.08818,0.08814,0.08814,-0.00064122,-0.00076567,-0.00088239,-0.00088239,-7.999999999999674e-05,-0.0009076469253460034
1696698600000,2023-10-07T17:10:00Z,0.08806,0.08807,0.088,0.088,563448,49587.60275,0.08806,0.08807,0.08804,0.08804,0.08814,0.08815,0.08812,0.08812,-0.00088239,-0.0006995,-0.00090968,-0.0006995,-0.00012000000000000899,-0.0013617793917386403
1696698900000,2023-10-07T17:15:00Z,0.088,0.08802,0.08782,0.08788,564040,49609.6907,0.08804,0.08804,0.08782,0.08788,0.08812,0.08812,0.08792,0.08795,-0.0006995,-0.0008889,-0.00102829,-0.0008889,-7.000000000000062e-05,-0.0007959067652075113
1696699200000,2023-10-07T17:20:00Z,0.08788,0.08794,0.08784,0.08792,163559,14376.29633,0.08788,0.08793,0.08784,0.08792,0.08795,0.08801,0.08792,0.088,-0.0008889,-0.00065764,-0.00083644,-0.00065764,-7.999999999999674e-05,-0.0009090909090908721
1696699500000,2023-10-07T17:25:00Z,0.08792,0.08802,0.08792,0.08796,594976,52334.53894,0.08792,0.08801,0.08792,0.08796,0.088,0.08809,0.088,0.08804,-0.00065764,-0.00072785,-0.00081531,-0.00081531,-7.999999999999674e-05,-0.0009086778736937387
1696699800000,2023-10-07T17:30:00Z,0.08796,0.08796,0.08792,0.08796,33303,2928.70431,0.08796,0.08797,0.08792,0.08797,0.08804,0.08805,0.088,0.08804,-0.00081531,-0.00070741,-0.00073241,-0.00070741,-7.999999999999674e-05,-0.0009086778736937387
1696700100000,2023-10-07T17:35:00Z,0.08796,0.08799,0.08787,0.08787,84060,7393.21182,0.08797,0.08799,0.08787,0.08787,0.08804,0.08805,0.08794,0.08794,-0.00070741,-0.00052728,-0.00076596,-0.00052728,-7.000000000000062e-05,-0.0007959972708665069
1696700400000,2023-10-07T17:40:00Z,0.08787,0.08791,0.08784,0.08786,163782,14389.64726,0.08787,0.08791,0.08784,0.08789,0.08794,0.08798,0.08792,0.08797,-0.00052728,-0.00072464,-0.00091872,-0.00091872,-0.00011000000000001287,-0.001250426281687085
1696700700000,2023-10-07T17:45:00Z,0.08786,0.08791,0.08786,0.08789,65324,5741.21606,0.08789,0.08791,0.08788,0.08789,0.08797,0.08799,0.08797,0.08798,-0.00091872,-0.00066643,-0.00080993,-0.00066643,-9.000000000000674e-05,-0.001022959763582709
1696701000000,2023-10-07T17:50:00Z,0.08789,0.08789,0.0878,0.0878,614628,53967.9274,0.08789,0.08789,0.0878,0.0878,0.08798,0.08798,0.08784,0.08787,-0.00066643,-0.00056764,-0.00056908,-0.00056908,-7.000000000000062e-05,-0.0007966313872766657
1696701300000,2023-10-07T17:55:00Z,0.0878,0.08781,0.08777,0.08777,295945,25983.9246,0.0878,0.08781,0.08777,0.08777,0.08787,0.08787,0.08782,0.08782,-0.00056908,-0.00043618,-0.00056134,-0.00043618,-4.999999999999449e-05,-0.0005693463903438226
1696701600000,2023-10-07T18:00:00Z,0.08777,0.08782,0.08777,0.08781,101704,8928.57889,0.08777,0.08782,0.08777,0.08781,0.08782,0.08787,0.08782,0.08787,-0.00043618,-0.00042146,-0.0005021,-0.0005021,-6.0000000000004494e-05,-0.0006828269033800443
1696701900000,2023-10-07T18:05:00Z,0.08781,0.08782,0.08779,0.0878,64682,5679.91346,0.08781,0.08782,0.08779,0.0878,0.08787,0.08787,0.08784,0.08784,-0.0005021,-0.00053471,-0.00053755,-0.00053755,-3.999999999999837e-05,-0.0004553734061930598
1696702200000,2023-10-07T18:10:00Z,0.0878,0.08786,0.08779,0.08785,4518,396.8838,0.0878,0.08786,0.08779,0.08786,0.08784,0.0879,0.08784,0.0879,-0.00053755,-0.00027542,-0.00028248,-0.00028248,-5.000000000000837e-05,-0.0005688282138795036
1696702500000,2023-10-07T18:15:00Z,0.08785,0.08789,0.08785,0.08788,23478,2063.42452,0.08786,0.08791,0.08786,0.08789,0.0879,0.08796,0.0879,0.08794,-0.00028248,-0.00035997,-0.00062062,-0.00062062,-6.0000000000004494e-05,-0.0006822833750284795
1696702800000,2023-10-07T18:20:00Z,0.08788,0.08789,0.08784,0.08784,6263,550.24392,0.08789,0.08789,0.08784,0.08785,0.08794,0.08794,0.0879,0.08791,-0.00062062,-0.00044147,-0.0004756,-0.00044147,-7.000000000000062e-05,-0.0007962689113866524
1696703100000,2023-10-07T18:25:00Z,0.08784,0.08785,0.08781,0.08784,8441,741.40404,0.08785,0.08785,0.08781,0.08784,0.08791,0.08791,0.08788,0.0879,-0.00044147,-0.00018058,-0.00039765,-0.00018058,-6.0000000000004494e-05,-0.0006825938566553412
1696703400000,2023-10-07T18:30:00Z,0.08784,0.08785,0.08783,0.08783,69796,6130.88461,0.08784,0.08786,0.08783,0.08783,0.0879,0.08791,0.08788,0.08788,-0.00018058,-0.00025073,-0.00036446,-0.00036446,-4.999999999999449e-05,-0.0005689576695493228
1696703700000,2023-10-07T18:35:00Z,0.08783,0.08784,0.08782,0.08782,9036,793.56902,0.08783,0.08784,0.08782,0.08782,0.08788,0.0879,0.08786,0.08786,-0.00036446,-0.00031026,-0.00042323,-0.00042323,-3.999999999999837e-05,-0.0004552697473252717
1696704000000,2023-10-07T18:40:00Z,0.08782,0.08782,0.08775,0.08775,61853,5428.45162,0.08782,0.08783,0.08776,0.08776,0.08786,0.08787,0.08783,0.08783,-0.00042323,-0.00076958,-0.00084346,-0.00076958,-8.000000000001062e-05,-0.0009108505066607152
1696704300000,2023-10-07T18:45:00Z,0.08775,0.08777,0.08774,0.08774,16547,1452.06373,0.08776,0.08777,0.08774,0.08774,0.08783,0.08784,0.0878,0.08781,-0.00076958,-0.00059348,-0.00064119,-0.00064119,-7.000000000000062e-05,-0.0007971757203052114
1696704600000,2023-10-07T18:50:00Z,0.08774,0.08782,0.08772,0.08781,77809,6828.29039,0.08774,0.08782,0.08772,0.08782,0.08781,0.08788,0.08779,0.08788,-0.00064119,-0.00038831,-0.00049408,-0.00049408,-7.000000000000062e-05,-0.0007965407373691467
1696704900000,2023-10-07T18:55:00Z,0.08781,0.08783,0.08779,0.08781,40408,3548.29867,0.08782,0.08783,0.08779,0.08781,0.08788,0.08789,0.08786,0.08787,-0.00049408,-0.00071469,-0.00073497,-0.00071469,-6.0000000000004494e-05,-0.0006828269033800443
1696705200000,2023-10-07T19:00:00Z,0.08781,0.08781,0.08772,0.08773,25957,2277.32908,0.08781,0.08781,0.08773,0.08773,0.08787,0.08788,0.08779,0.08779,-0.00071469,-0.00073522,-0.00081593,-0.00073522,-6.0000000000004494e-05,-0.0006834491399932166
1696705500000,2023-10-07T19:05:00Z,0.08773,0.08782,0.08772,0.08773,868284,76212.65769,0.08773,0.0878,0.08773,0.08773,0.08779,0.08781,0.08778,0.08778,-0.00073522,-0.00032433,-0.00032923,-0.00032433,-4.999999999999449e-05,-0.0005696058327636648
1696705800000,2023-10-07T19:10:00Z,0.08773,0.08778,0.08772,0.08776,11430,1002.78319,0.08773,0.08778,0.08773,0.08776,0.08778,0.08782,0.08777,0.08781,-0.00032433,-0.00023562,-0.00055733,-0.00055733,-4.999999999999449e-05,-0.000569411228789369
1696706100000,2023-10-07T19:15:00Z,0.08776,0.08776,0.08772,0.08772,19862,1742.68642,0.08776,0.08777,0.08772,0.08772,0.08781,0.08782,0.08778,0.08778,-0.00055733,-0.00058849,-0.00060569,-0.00060569,-5.9999999999990616e-05,-0.0006835269993163661
1696706400000,2023-10-07T19:20:00Z,0.08772,0.08773,0.0875,0.08754,1864948,163401.74343,0.08772,0.08773,0.08752,0.08754,0.08778,0.08779,0.08758,0.08759,-0.00060569,-0.0004246,-0.00047879,-0.0004246,-4.999999999999449e-05,-0.0005708414202533907
1696706700000,2023-10-07T19:25:00Z,0.08754,0.08761,0.08753,0.08758,84925,7437.5819,0.08754,0.08761,0.08753,0.08758,0.08759,0.08767,0.08759,0.08763,-0.0004246,-0.0004964,-0.00056856,-0.00056856,-4.999999999999449e-05,-0.0005705808513065673
1696707000000,2023-10-07T19:30:00Z,0.08758,0.08759,0.08754,0.08759,9875,864.67775,0.08758,0.0876,0.08756,0.08759,0.08763,0.08766,0.08762,0.08764,-0.00056856,-0.00035664,-0.00045065,-0.00035664,-4.999999999999449e-05,-0.0005705157462345333
1696707300000,2023-10-07T19:35:00Z,0.08759,0.0876,0.08759,0.08759,5043,441.73106,0.08759,0.08761,0.08759,0.0876,0.08764,0.08766,0.08764,0.08765,-0.00035664,-0.00023399,-0.00048243,-0.00048243,-6.0000000000004494e-05,-0.0006845407872219565
1696707600000,2023-10-07T19:40:00Z,0.08759,0.08767,0.08759,0.08763,29309,2568.33178,0.0876,0.08768,0.0876,0.08764,0.08765,0.08773,0.08765,0.0877,-0.00048243,-0.00053643,-0.00058802,-0.00053643,-7.000000000000062e-05,-0.000798175598631706
1696707900000,2023-10-07T19:45:00Z,0.08763,0.08764,0.08759,0.08764,31930,2797.68005,0.08764,0.08765,0.08759,0.08764,0.0877,0.08771,0.08766,0.0877,-0.00053643,-0.00065982,-0.00074255,-0.00065982,-6.0000000000004494e-05,-0.000684150513112936
1696708200000,2023-10-07T19:50:00Z,0.08764,0.08765,0.0875,0.0875,83297,7290.57779,0.08764,0.08765,0.0875,0.0875,0.0877,0.08772,0.08756,0.08756,-0.00065982,-0.00066095,-0.00078404,-0.00066095,-6.0000000000004494e-05,-0.00068524440383742
1696708500000,2023-10-07T19:55:00Z,0.0875,0.08756,0.0875,0.08756,16144,1412.73368,0.0875,0.08756,0.0875,0.08756,0.08756,0.0876,0.08755,0.0876,-0.00066095,-0.00041896,-0.00054876,-0.00054876,-3.999999999999837e-05,-0.00045662100456619144
1696708800000,2023-10-07T20:00:00Z,0.08756,0.08762,0.08751,0.08762,81961,7175.96913,0.08756,0.08763,0.08753,0.08763,0.0876,0.08768,0.08758,0.08768,-0.00054876,-0.00039516,-0.00054152,-0.00054152,-5.9999999999990616e-05,-0.0006843065693429587
1696709100000,2023-10-07T20:05:00Z,0.08762,0.08766,0.0876,0.08761,22146,1940.48258,0.08763,0.08766,0.08761,0.08763,0.08768,0.0877,0.08766,0.08768,-0.00054152,-0.0004838,-0.00051186,-0.00051186,-7.000000000000062e-05,-0.0007983576642335837
1696709400000,2023-10-07T20:10:00Z,0.08761,0.0877,0.08761,0.08769,17507,1535.02117,0.08763,0.0877,0.08763,0.08769,0.08768,0.08774,0.08768,0.08774,-0.00051186,-0.00031562,-0.00036072,-0.00036072,-4.999999999999449e-05,-0.0005698655117391668
1696709700000,2023-10-07T20:15:00Z,0.08769,0.08771,0.08767,0.08769,110419,9681.13906,0.08769,0.08771,0.08769,0.0877,0.08774,0.08775,0.08774,0.08774,-0.00036072,-0.00038625,-0.00047355,-0.00047355,-4.999999999999449e-05,-0.0005698655117391668
1696710000000,2023-10-07T20:20:00Z,0.08769,0.08769,0.08768,0.08768,6382,559.59455,0.0877,0.0877,0.08768,0.08768,0.08774,0.08775,0.08774,0.08774,-0.00047355,-0.00048085,-0.00053441,-0.00048085,-6.0000000000004494e-05,-0.0006838386140871267
1696710300000,2023-10-07T20:25:00Z,0.08768,0.08768,0.0876,0.0876,58172,5098.41275,0.08768,0.08768,0.0876,0.0876,0.08774,0.08774,0.08766,0.08766,-0.00048085,-0.00029486,-0.00072847,-0.00072847,-6.0000000000004494e-05,-0.0006844626967830766
1696710600000,2023-10-07T20:30:00Z,0.0876,0.08762,0.0876,0.0876,22870,2003.50182,0.0876,0.08762,0.0876,0.0876,0.08766,0.08768,0.08766,0.08767,-0.00072847,-0.00029006,-0.00046013,-0.00046013,-7.000000000000062e-05,-0.0007984487281852471
1696710900000,2023-10-07T20:35:00Z,0.0876,0.08765,0.08758,0.08764,113840,9977.07671,0.0876,0.08765,0.0876,0.08764,0.08767,0.0877,0.08766,0.0877,-0.00046013,-0.00046453,-0.00050912,-0.00050912,-6.0000000000004494e-05,-0.000684150513112936
1696711200000,2023-10-07T20:40:00Z,0.08764,0.08765,0.08763,0.08764,37749,3308.32792,0.08764,0.08765,0.08764,0.08765,0.0877,0.0877,0.08769,0.0877,-0.00050912,-0.00046374,-0.00058494,-0.00058494,-6.0000000000004494e-05,-0.000684150513112936
1696711500000,2023-10-07T20:45:00Z,0.08764,0.08769,0.08763,0.08768,14621,1281.64989,0.08765,0.08769,0.08764,0.08769,0.0877,0.08773,0.08769,0.08773,-0.00058494,-0.00019254,-0.00033698,-0.00019254,-5.000000000000837e-05,-0.0005699304684829404
1696711800000,2023-10-07T20:50:00Z,0.08768,0.08774,0.08768,0.08774,11814,1036.18017,0.08769,0.08775,0.08768,0.08775,0.08773,0.08781,0.08772,0.0878,-0.00019254,-0.00014936,-0.00026147,-0.00014936,-6.0000000000004494e-05,-0.0006833712984055182
1696712100000,2023-10-07T20:55:00Z,0.08774,0.08777,0.08771,0.08771,22256,1953.13696,0.08775,0.08776,0.08772,0.08772,0.0878,0.08781,0.08777,0.08777,-0.00014936,-0.00032156,-0.00041867,-0.00041867,-6.0000000000004494e-05,-0.0006836048763815027
1696712400000,2023-10-07T21:00:00Z,0.08771,0.08778,0.08771,0.08777,300679,26390.22581,0.08772,0.08778,0.08772,0.08777,0.08777,0.08783,0.08777,0.08781,-0.00041867,-0.00031272,-0.00057827,-0.00031272,-3.999999999999837e-05,-0.0004555289830315268
1696712700000,2023-10-07T21:05:00Z,0.08777,0.08802,0.08776,0.088,906711,79644.18561,0.08777,0.08802,0.08776,0.088,0.08781,0.08805,0.08781,0.08804,-0.00031272,-0.00033643,-0.00053872,-0.00033643,-3.999999999999837e-05,-0.00045433893684686933
1696713000000,2023-10-07T21:10:00Z,0.088,0.088,0.08793,0.08794,53060,4667.85814,0.088,0.088,0.08794,0.08795,0.08804,0.08805,0.088,0.08801,-0.00033643,-0.00044633,-0.00052294,-0.00052294,-7.000000000000062e-05,-0.0007953641631632839
1696713300000,2023-10-07T21:15:00Z,0.08794,0.08806,0.08794,0.08802,643565,56651.94046,0.08795,0.08804,0.08795,0.08803,0.08801,0.08807,0.08801,0.08806,-0.00052294,-0.00014069,-0.00025437,-0.00025437,-3.999999999999837e-05,-0.0004542357483533769
1696713600000,2023-10-07T21:20:00Z,0.08802,0.08803,0.08802,0.08802,9698,853.63008,0.08803,0.08804,0.08802,0.08802,0.08806,0.08807,0.08806,0.08806,-0.00025437,-0.00021882,-0.00025721,-0.00025721,-3.999999999999837e-05,-0.0004542357483533769
1696713900000,2023-10-07T21:25:00Z,0.08802,0.08803,0.08802,0.08803,7349,646.87565,0.08802,0.08803,0.08802,0.08803,0.08806,0.08807,0.08806,0.08807,-0.00025721,-0.00013137,-0.00035006,-0.00035006,-3.999999999999837e-05,-0.0004541841716815984
1696714200000,2023-10-07T21:30:00Z,0.08803,0.08803,0.08801,0.08802,18161,1598.45607,0.08803,0.08803,0.08802,0.08803,0.08807,0.08807,0.08806,0.08807,-0.00035006,-0.00039468,-0.00041796,-0.00041796,-4.999999999999449e-05,-0.0005677302146019586
1696714500000,2023-10-07T21:35:00Z,0.08802,0.08808,0.088,0.08801,534011,47016.51219,0.08803,0.08805,0.08801,0.08801,0.08807,0.08807,0.08806,0.08806,-0.00041796,-0.00030944,-0.00051867,-0.00030944,-4.999999999999449e-05,-0.0005677946854416818
1696714800000,2023-10-07T21:40:00Z,0.08801,0.08808,0.08798,0.08807,136480,12018.6224,0.08801,0.08809,0.08799,0.08808,0.08806,0.08812,0.08804,0.08812,-0.00030944,-0.00016244,-0.00020547,-0.00020547,-5.000000000000837e-05,-0.0005674080798911527
1696715100000,2023-10-07T21:45:00Z,0.08807,0.08808,0.08807,0.08807,6081,535.55483,0.08808,0.08809,0.08807,0.08807,0.08812,0.08813,0.08811,0.08812,-0.00020547,-0.00039559,-0.00041307,-0.00041307,-5.000000000000837e-05,-0.0005674080798911527
1696715400000,2023-10-07T21:50:00Z,0.08807,0.08807,0.08806,0.08806,19637,1729.39753,0.08807,0.08808,0.08806,0.08807,0.08812,0.08812,0.0881,0.08811,-0.00041307,-0.00027502,-0.00038236,-0.00038236,-4.999999999999449e-05,-0.0005674724775847746
1696715700000,2023-10-07T21:55:00Z,0.08806,0.08808,0.08806,0.08807,19027,1675.6933,0.08807,0.08808,0.08806,0.08808,0.08811,0.08813,0.08811,0.08813,-0.00038236,-0.00050675,-0.00050675,-0.00050675,-6.0000000000004494e-05,-0.0006808124361738851
1696716000000,2023-10-07T22:00:00Z,0.08807,0.08814,0.08807,0.08814,162921,14352.47525,0.08808,0.08814,0.08807,0.08814,0.08813,0.08818,0.08813,0.08818,-0.00050675,-0.00062684,-0.00067078,-0.00067078,-3.999999999999837e-05,-0.00045361760036287564
1696716300000,2023-10-07T22:05:00Z,0.08814,0.08823,0.08814,0.08822,78094,6887.59291,0.08814,0.08823,0.08814,0.08823,0.08818,0.08827,0.08818,0.08827,-0.00067078,-0.00008826,-0.0001296,-0.00008826,-4.999999999999449e-05,-0.0005664438654128752
1696716600000,2023-10-07T22:10:00Z,0.08822,0.08822,0.08819,0.08819,71609,6316.76853,0.08823,0.08823,0.08819,0.08819,0.08827,0.08827,0.08823,0.08823,-0.00008826,-0.00029298,-0.00029695,-0.00029695,-3.999999999999837e-05,-0.00045336053496541277
1696716900000,2023-10-07T22:15:00Z,0.08819,0.08823,0.08819,0.0882,25445,2244.46613,0.08819,0.08823,0.08819,0.08821,0.08823,0.08827,0.08822,0.08825,-0.00029695,-0.00025625,-0.00049348,-0.00049348,-4.999999999999449e-05,-0.0005665722379602776
1696717200000,2023-10-07T22:20:00Z,0.0882,0.0883,0.0882,0.08825,180950,15973.41321,0.08821,0.08829,0.08821,0.08825,0.08825,0.0883,0.08825,0.08829,-0.00049348,-0.00007984,-0.00018296,-0.00007984,-3.999999999999837e-05,-0.0004530524408200065
1696717500000,2023-10-07T22:25:00Z,0.08825,0.08825,0.08824,0.08825,4500,397.0884,0.08825,0.08826,0.08824,0.08825,0.08829,0.0883,0.08828,0.08829,-0.00007984,-0.00026132,-0.00037693,-0.00037693,-3.999999999999837e-05,-0.0004530524408200065
1696717800000,2023-10-07T22:30:00Z,0.08825,0.08825,0.08819,0.08819,42662,3762.67992,0.08825,0.08825,0.08819,0.0882,0.08829,0.08829,0.08824,0.08825,-0.00037693,-0.00051762,-0.00052498,-0.00051762,-5.9999999999990616e-05,-0.0006798866855523017
1696718100000,2023-10-07T22:35:00Z,0.08819,0.0882,0.08815,0.0882,13588,1198.13801,0.0882,0.08821,0.08815,0.08821,0.08825,0.08826,0.08821,0.08826,-0.00051762,-0.00056404,-0.00056466,-0.00056404,-6.0000000000004494e-05,-0.0006798096532971277
1696718400000,2023-10-07T22:40:00Z,0.0882,0.08823,0.0882,0.08823,10046,886.32684,0.08821,0.08823,0.08821,0.08823,0.08826,0.08829,0.08826,0.08829,-0.00056404,-0.00006252,-0.00011327,-0.00011327,-5.9999999999990616e-05,-0.0006795786612299312
1696718700000,2023-10-07T22:45:00Z,0.08823,0.08826,0.08821,0.08821,30633,2702.9349,0.08823,0.08826,0.08822,0.08822,0.08829,0.0883,0.08828,0.08828,-0.00011327,-0.00062154,-0.00069283,-0.00069283,-7.000000000000062e-05,-0.000792931581332132
1696719000000,2023-10-07T22:50:00Z,0.08821,0.08821,0.08816,0.08816,18345,1617.7424,0.08822,0.08823,0.08817,0.08817,0.08828,0.08829,0.08823,0.08823,-0.00069283,-0.00064641,-0.00067206,-0.00064641,-7.000000000000062e-05,-0.0007933809361895117
1696719300000,2023-10-07T22:55:00Z,0.08816,0.08816,0.0881,0.08815,462553,40755.28416,0.08817,0.08817,0.08814,0.08816,0.08823,0.08823,0.08819,0.08821,-0.00064641,-0.00056682,-0.00056682,-0.00056682,-5.9999999999990616e-05,-0.0006801949892301396
1696719600000,2023-10-07T23:00:00Z,0.08815,0.08816,0.08815,0.08815,77463,6828.37273,0.08816,0.08817,0.08815,0.08816,0.08821,0.08822,0.08821,0.08822,-0.00056682,-0.0004988,-0.00055741,-0.00055741,-7.000000000000062e-05,-0.0007934708682838428
1696719900000,2023-10-07T23:05:00Z,0.08815,0.08815,0.08812,0.08812,57915,5104.81111,0.08816,0.08816,0.08812,0.08812,0.08822,0.08822,0.08818,0.08819,-0.00055741,-0.00056695,-0.00063337,-0.00056695,-7.000000000000062e-05,-0.0007937407869373015
1696720200000,2023-10-07T23:10:00Z,0.08812,0.08813,0.0881,0.0881,5407,476.47222,0.08812,0.08813,0.08811,0.08811,0.08819,0.08819,0.08817,0.08817,-0.00056695,-0.00045366,-0.00045366,-0.00045366,-7.000000000000062e-05,-0.0007939208347510561
1696720500000,2023-10-07T23:15:00Z,0.0881,0.08812,0.08809,0.08809,15996,1409.31343,0.08811,0.08813,0.08809,0.08809,0.08817,0.08818,0.08814,0.08814,-0.00045366,-0.00056721,-0.00068042,-0.00056721,-4.999999999999449e-05,-0.0005672793283412128
1696720800000,2023-10-07T23:20:00Z,0.08809,0.08809,0.08805,0.08807,23151,2039.23759,0.08809,0.08809,0.08807,0.08808,0.08814,0.08815,0.08813,0.08815,-0.00056721,-0.00051231,-0.00072728,-0.00072728,-8.000000000001062e-05,-0.0009075439591606422
1696721100000,2023-10-07T23:25:00Z,0.08807,0.08807,0.08805,0.08806,21178,1864.74152,0.08808,0.08808,0.08805,0.08806,0.08815,0.08815,0.08811,0.08812,-0.00072728,-0.00063992,-0.00064344,-0.00063992,-6.0000000000004494e-05,-0.0006808896958693201
1696721400000,2023-10-07T23:30:00Z,0.08806,0.08808,0.08803,0.08803,34801,3063.935,0.08806,0.08808,0.08803,0.08803,0.08812,0.08815,0.08809,0.08809,-0.00063992,-0.00061159,-0.00068081,-0.00068081,-6.0000000000004494e-05,-0.0006811215802021171
1696721700000,2023-10-07T23:35:00Z,0.08803,0.08803,0.08796,0.08796,40694,3580.17961,0.08803,0.08803,0.08798,0.08798,0.08809,0.08809,0.08804,0.08805,-0.00068081,-0.00075664,-0.00076481,-0.00076481,-9.000000000000674e-05,-0.0010221465076661754
1696722000000,2023-10-07T23:40:00Z,0.08796,0.08798,0.08793,0.08798,4598,404.44834,0.08798,0.08799,0.08794,0.08799,0.08805,0.08806,0.08802,0.08806,-0.00076481,-0.00073875,-0.00075249,-0.00073875,-7.999999999999674e-05,-0.0009084714967067538
1696722300000,2023-10-07T23:45:00Z,0.08798,0.08798,0.08796,0.08796,17536,1542.65273,0.08799,0.08799,0.08797,0.08798,0.08806,0.08806,0.08804,0.08805,-0.00073875,-0.00066072,-0.00066083,-0.00066072,-9.000000000000674e-05,-0.0010221465076661754
1696722600000,2023-10-07T23:50:00Z,0.08796,0.08803,0.08796,0.08801,40377,3553.69743,0.08798,0.08803,0.08797,0.08801,0.08805,0.0881,0.08805,0.08808,-0.00066072,-0.00041875,-0.00078933,-0.00041875,-7.000000000000062e-05,-0.0007947320617620415
1696722900000,2023-10-07T23:55:00Z,0.08801,0.08802,0.08799,0.088,6089,535.87862,0.08801,0.08802,0.08801,0.08802,0.08808,0.08808,0.08807,0.08808,-0.00041875,-0.00067279,-0.00070492,-0.00070492,-8.000000000001062e-05,-0.0009082652134424457
1696723200000,2023-10-08T00:00:00Z,0.088,0.08807,0.08797,0.08807,24925,2193.487,0.08802,0.08807,0.08799,0.08807,0.08808,0.08814,0.08806,0.08814,-0.00070492,-0.00043904,-0.00061214,-0.00043904,-7.000000000000062e-05,-0.0007941910596777924
1696723500000,2023-10-08T00:05:00Z,0.08807,0.08813,0.08807,0.08812,42493,3744.21147,0.08807,0.08813,0.08807,0.08813,0.08814,0.08819,0.08813,0.08819,-0.00043904,-0.0004146,-0.000641,-0.000641,-7.000000000000062e-05,-0.0007937407869373015
1696723800000,2023-10-08T00:10:00Z,0.08812,0.08816,0.08812,0.08815,21775,1919.46156,0.08813,0.08816,0.08812,0.08815,0.08819,0.08822,0.08819,0.08822,-0.000641,-0.00058752,-0.00065188,-0.00058752,-7.000000000000062e-05,-0.0007934708682838428
1696724100000,2023-10-08T00:15:00Z,0.08815,0.08821,0.08815,0.08821,16673,1470.369,0.08815,0.08821,0.08815,0.08821,0.08822,0.08828,0.08822,0.08828,-0.00058752,-0.00049767,-0.00067406,-0.00049767,-7.000000000000062e-05,-0.000792931581332132
1696724400000,2023-10-08T00:20:00Z,0.08821,0.08823,0.08821,0.08822,47146,4159.33015,0.08821,0.08823,0.08821,0.08822,0.08828,0.08829,0.08827,0.08828,-0.00049767,-0.00045315,-0.00045315,-0.00045315,-5.9999999999990616e-05,-0.0006796556411417152
1696724700000,2023-10-08T00:25:00Z,0.08822,0.08823,0.08819,0.08819,58210,5135.28891,0.08822,0.08823,0.08822,0.08822,0.08828,0.08828,0.08827,0.08827,-0.00045315,-0.00045315,-0.00056162,-0.00056162,-7.999999999999674e-05,-0.0009063101846606632
1696725000000,2023-10-08T00:30:00Z,0.08819,0.08822,0.08819,0.08822,31337,2764.42749,0.08822,0.08823,0.0882,0.08823,0.08827,0.08829,0.08826,0.08829,-0.00056162,-0.00048431,-0.00055595,-0.00048431,-6.999999999998674e-05,-0.0007928417714348935
1696725300000,2023-10-08T00:35:00Z,0.08822,0.08822,0.08821,0.08821,8760,772.75201,0.08823,0.08823,0.08821,0.08821,0.08829,0.08829,0.08827,0.08828,-0.00048431,-0.00056128,-0.00076543,-0.00056128,-7.000000000000062e-05,-0.000792931581332132
1696725600000,2023-10-08T00:40:00Z,0.08821,0.08825,0.08821,0.08824,41402,3653.191,0.08821,0.08825,0.08821,0.08824,0.08828,0.08831,0.08827,0.08831,-0.00056128,-0.00046913,-0.00047593,-0.00047593,-7.000000000000062e-05,-0.0007926622126599549
1696725900000,2023-10-08T00:45:00Z,0.08824,0.08825,0.08824,0.08824,15669,1382.74902,0.08824,0.08825,0.08824,0.08825,0.08831,0.08832,0.0883,0.08832,-0.00047593,-0.00062069,-0.0006533,-0.00062069,-7.999999999999674e-05,-0.0009057971014492385
1696726200000,2023-10-08T00:50:00Z,0.08824,0.08825,0.08824,0.08825,3939,347.60875,0.08825,0.08826,0.08824,0.08826,0.08832,0.08833,0.08831,0.08833,-0.00062069,-0.00057302,-0.00058152,-0.00058152,-8.000000000001062e-05,-0.0009056945545116112
1696726500000,2023-10-08T00:55:00Z,0.08825,0.08825,0.08825,0.08825,5664,499.848,0.08826,0.08826,0.08825,0.08826,0.08833,0.08833,0.08832,0.08833,-0.00058152,-0.00058729,-0.00072398,-0.00072398,-8.000000000001062e-05,-0.0009056945545116112
1696726800000,2023-10-08T01:00:00Z,0.08825,0.08827,0.08825,0.08825,42985,3793.73345,0.08826,0.08827,0.08825,0.08826,0.08833,0.08833,0.08832,0.08833,-0.00072398,-0.00064424,-0.00077176,-0.00064424,-8.000000000001062e-05,-0.0009056945545116112
1696727100000,2023-10-08T01:05:00Z,0.08825,0.08825,0.08815,0.08815,7840,691.38976,0.08826,0.08826,0.08816,0.08817,0.08833,0.08833,0.08824,0.08825,-0.00064424,-0.00076795,-0.00078348,-0.00076795,-9.999999999998899e-05,-0.0011331444759205551
1696727400000,2023-10-08T01:10:00Z,0.08815,0.08815,0.0881,0.0881,15342,1352.08982,0.08817,0.08817,0.0881,0.0881,0.08825,0.08825,0.08817,0.08817,-0.00076795,-0.00084896,-0.00084899,-0.00084896,-7.000000000000062e-05,-0.0007939208347510561
1696727700000,2023-10-08T01:15:00Z,0.0881,0.0881,0.0881,0.0881,4240,373.544,0.0881,0.08811,0.0881,0.0881,0.08817,0.08818,0.08817,0.08817,-0.00084896,-0.0006805,-0.00074064,-0.0006805,-7.000000000000062e-05,-0.0007939208347510561
1696728000000,2023-10-08T01:20:00Z,0.0881,0.0881,0.08803,0.08803,28717,2529.59619,0.0881,0.08811,0.08803,0.08804,0.08817,0.08818,0.08811,0.08812,-0.0006805,-0.00077925,-0.0008954,-0.00077925,-9.000000000000674e-05,-0.0010213345438039802
1696728300000,2023-10-08T01:25:00Z,0.08803,0.08803,0.08802,0.08802,4197,369.44573,0.08804,0.08804,0.08802,0.08803,0.08812,0.08812,0.08811,0.08812,-0.00077925,-0.00089342,-0.001,-0.00089342,-0.00010000000000000286,-0.0011348161597821477
1696728600000,2023-10-08T01:30:00Z,0.08802,0.0881,0.08802,0.0881,24957,2197.48643,0.08803,0.0881,0.08802,0.0881,0.08812,0.08817,0.08811,0.08817,-0.00089342,-0.00062948,-0.00067532,-0.00067532,-7.000000000000062e-05,-0.0007939208347510561
1696728900000,2023-10-08T01:35:00Z,0.0881,0.08818,0.0881,0.08818,5228,460.69887,0.0881,0.08818,0.0881,0.08818,0.08817,0.08826,0.08816,0.08826,-0.00067532,-0.00045112,-0.00065604,-0.00065604,-8.000000000001062e-05,-0.0009064128710628893
1696729200000,2023-10-08T01:40:00Z,0.08818,0.0882,0.08818,0.08819,13415,1183.04425,0.08818,0.0882,0.08818,0.0882,0.08826,0.08828,0.08826,0.08828,-0.00065604,-0.00084547,-0.0008466,-0.00084547,-8.999999999999286e-05,-0.0010194834617126515
1696729500000,2023-10-08T01:45:00Z,0.08819,0.08821,0.08814,0.08819,28745,2534.4664,0.0882,0.08821,0.08814,0.08819,0.08828,0.08829,0.08821,0.08827,-0.00084547,-0.00066987,-0.000797,-0.00066987,-7.999999999999674e-05,-0.0009063101846606632
1696729800000,2023-10-08T01:50:00Z,0.08819,0.08821,0.08817,0.08819,8922,786.921,0.08819,0.08821,0.08819,0.0882,0.08827,0.08828,0.08826,0.08827,-0.00066987,-0.00055075,-0.00067973,-0.00055075,-7.999999999999674e-05,-0.0009063101846606632
1696730100000,2023-10-08T01:55:00Z,0.08819,0.08819,0.08816,0.08818,4243,374.09029,0.0882,0.0882,0.08817,0.08818,0.08827,0.08827,0.08825,0.08826,-0.00055075,-0.00071422,-0.00078379,-0.00071422,-8.000000000001062e-05,-0.0009064128710628893
1696730400000,2023-10-08T02:00:00Z,0.08818,0.08822,0.08818,0.08819,41345,3646.62923,0.08818,0.08822,0.08818,0.08819,0.08826,0.08829,0.08825,0.08827,-0.00071422,-0.00051285,-0.00070378,-0.00051285,-7.999999999999674e-05,-0.0009063101846606632
1696730700000,2023-10-08T02:05:00Z,0.08819,0.08822,0.08819,0.08821,33502,2955.20551,0.08819,0.08822,0.08819,0.08821,0.08827,0.08828,0.08825,0.08827,-0.00051285,-0.0004532,-0.00055874,-0.00055874,-6.0000000000004494e-05,-0.000679732638495576
1696731000000,2023-10-08T02:10:00Z,0.08821,0.08822,0.08821,0.08821,20433,1802.55913,0.08821,0.08823,0.08821,0.08822,0.08827,0.08829,0.08827,0.08828,-0.00055874,-0.00061588,-0.00062879,-0.00062879,-7.000000000000062e-05,-0.000792931581332132
1696731300000,2023-10-08T02:15:00Z,0.08821,0.08824,0.08821,0.08823,22639,1997.50785,0.08822,0.08824,0.08821,0.08823,0.08828,0.0883,0.08828,0.08829,-0.00062879,-0.00056631,-0.00056631,-0.00056631,-5.9999999999990616e-05,-0.0006795786612299312
1696731600000,2023-10-08T02:20:00Z,0.08823,0.08824,0.08823,0.08823,37898,3344.04446,0.08823,0.08824,0.08823,0.08824,0.08829,0.08829,0.08828,0.08829,-0.00056631,-0.0004531,-0.00056631,-0.00056631,-5.9999999999990616e-05,-0.0006795786612299312
1696731900000,2023-10-08T02:25:00Z,0.08823,0.0883,0.08823,0.08829,548108,48378.03185,0.08824,0.0883,0.08824,0.0883,0.08829,0.08834,0.08829,0.08834,-0.00056631,-0.00030261,-0.00037061,-0.00030261,-5.000000000000837e-05,-0.0005659950192439254
1696732200000,2023-10-08T02:30:00Z,0.08829,0.08829,0.08821,0.08822,56374,4975.54401,0.0883,0.0883,0.08822,0.08822,0.08834,0.08834,0.08828,0.08828,-0.00030261,-0.00031128,-0.00052474,-0.00052474,-5.9999999999990616e-05,-0.0006796556411417152
1696732500000,2023-10-08T02:35:00Z,0.08822,0.08822,0.0881,0.0881,5798,511.21713,0.08822,0.08822,0.0881,0.08811,0.08828,0.08828,0.08816,0.08817,-0.00052474,-0.00058545,-0.00068034,-0.00058545,-7.000000000000062e-05,-0.0007939208347510561
1696732800000,2023-10-08T02:40:00Z,0.0881,0.08811,0.08802,0.08802,87070,7670.07581,0.08811,0.08811,0.08802,0.08802,0.08817,0.08817,0.08809,0.08809,-0.00058545,-0.00068107,-0.00074534,-0.00074534,-7.000000000000062e-05,-0.0007946418435690841
1696733100000,2023-10-08T02:45:00Z,0.08802,0.08802,0.08797,0.08798,5802,510.50037,0.08802,0.08802,0.08797,0.08798,0.08809,0.08809,0.08804,0.08804,-0.00074534,-0.00059257,-0.00062044,-0.00059257,-5.9999999999990616e-05,-0.0006815084052702251
1696733400000,2023-10-08T02:50:00Z,0.08798,0.08804,0.08797,0.08803,32304,2842.53595,0.08798,0.08805,0.08797,0.08804,0.08804,0.08812,0.08804,0.08811,-0.00059257,-0.00034566,-0.00059729,-0.00034566,-7.999999999999674e-05,-0.0009079559641357025
1696733700000,2023-10-08T02:55:00Z,0.08803,0.08804,0.08797,0.08797,5965,524.96174,0.08804,0.08805,0.08797,0.08797,0.08811,0.08812,0.08804,0.08804,-0.00034566,-0.00061313,-0.00063759,-0.00063759,-6.999999999998674e-05,-0.0007950931394819031
1696734000000,2023-10-08T03:00:00Z,0.08797,0.08801,0.08797,0.088,11319,995.8927,0.08797,0.08802,0.08797,0.08801,0.08804,0.08809,0.08804,0.08808,-0.00063759,-0.00037182,-0.00051623,-0.00037182,-8.000000000001062e-05,-0.0009082652134424457
1696734300000,2023-10-08T03:05:00Z,0.088,0.08801,0.08798,0.08799,10671,938.97409,0.08801,0.08801,0.08798,0.08799,0.08808,0.08808,0.08805,0.08806,-0.00037182,-0.00063679,-0.00068143,-0.00068143,-7.000000000000062e-05,-0.000794912559618449
1696734600000,2023-10-08T03:10:00Z,0.08799,0.088,0.08798,0.08799,6637,583.99269,0.08799,0.08801,0.08798,0.088,0.08806,0.08808,0.08805,0.08808,-0.00068143,-0.00045322,-0.00049755,-0.00049755,-9.000000000000674e-05,-0.0010217983651226923
1696734900000,2023-10-08T03:15:00Z,0.08799,0.08805,0.08799,0.08805,38473,3387.46212,0.088,0.08807,0.08799,0.08807,0.08808,0.08813,0.08807,0.08813,-0.00049755,-0.00050652,-0.00057972,-0.00050652,-7.999999999999674e-05,-0.0009077499148984085
1696735200000,2023-10-08T03:20:00Z,0.08805,0.0881,0.08803,0.08804,7571,666.81769,0.08807,0.0881,0.08805,0.08805,0.08813,0.08816,0.08811,0.08811,-0.00050652,-0.00059584,-0.00062335,-0.00059584,-7.000000000000062e-05,-0.0007944614686187791
1696735500000,2023-10-08T03:25:00Z,0.08804,0.08805,0.08801,0.08804,6162,542.44398,0.08805,0.08806,0.08802,0.08804,0.08811,0.08812,0.08808,0.08811,-0.00059584,-0.00042356,-0.0007473,-0.00042356,-7.000000000000062e-05,-0.0007944614686187791
1696735800000,2023-10-08T03:30:00Z,0.08804,0.08804,0.08804,0.08804,4477,394.15508,0.08804,0.08805,0.08804,0.08804,0.08811,0.08812,0.08811,0.08811,-0.00042356,-0.00047486,-0.00050573,-0.00047486,-7.000000000000062e-05,-0.0007944614686187791
1696736100000,2023-10-08T03:35:00Z,0.08804,0.08805,0.08801,0.08801,27900,2456.30074,0.08804,0.08805,0.08801,0.08802,0.08811,0.08812,0.08808,0.08809,-0.00047486,-0.00060751,-0.00063056,-0.00063056,-7.999999999999674e-05,-0.0009081621069360511
1696736400000,2023-10-08T03:40:00Z,0.08801,0.08807,0.08801,0.08807,22186,1953.43405,0.08802,0.08807,0.08801,0.08807,0.08809,0.08814,0.08808,0.08814,-0.00063056,-0.00046204,-0.00055056,-0.00046204,-7.000000000000062e-05,-0.0007941910596777924
1696736700000,2023-10-08T03:45:00Z,0.08807,0.08808,0.08804,0.08804,7235,637.17615,0.08807,0.08808,0.08806,0.08806,0.08814,0.08814,0.08813,0.08813,-0.00046204,-0.00046896,-0.00058792,-0.00046896,-9.000000000000674e-05,-0.0010212186542608278
1696737000000,2023-10-08T03:50:00Z,0.08804,0.08809,0.08802,0.08802,26167,2304.26187,0.08806,0.08809,0.08803,0.08803,0.08813,0.08815,0.0881,0.0881,-0.00046896,-0.00051225,-0.00054095,-0.00051225,-7.999999999999674e-05,-0.0009080590238365124
1696737300000,2023-10-08T03:55:00Z,0.08802,0.08804,0.08802,0.08802,19543,1720.28914,0.08803,0.08804,0.08802,0.08802,0.0881,0.08811,0.08808,0.08809,-0.00051225,-0.00054171,-0.00057373,-0.00054171,-7.000000000000062e-05,-0.0007946418435690841
1696737600000,2023-10-08T04:00:00Z,0.08802,0.08804,0.08799,0.08799,69977,6160.21364,0.08802,0.08804,0.08801,0.08801,0.08809,0.08809,0.08807,0.08807,-0.00054171,-0.00054512,-0.0005676,-0.0005676,-7.999999999999674e-05,-0.0009083683433631968
1696737900000,2023-10-08T04:05:00Z,0.08799,0.08799,0.08789,0.08789,128635,11310.49265,0.08801,0.08801,0.08789,0.08789,0.08807,0.08807,0.08795,0.08795,-0.0005676,-0.00056831,-0.00064144,-0.00056831,-6.0000000000004494e-05,-0.0006822057987493405
1696738200000,2023-10-08T04:10:00Z,0.08789,0.08789,0.08784,0.08784,8405,738.54614,0.08789,0.08789,0.08785,0.08785,0.08795,0.08796,0.08791,0.08791,-0.00056831,-0.00065696,-0.00069888,-0.00065696,-7.000000000000062e-05,-0.0007962689113866524
1696738500000,2023-10-08T04:15:00Z,0.08784,0.08786,0.08784,0.08786,31161,2737.51871,0.08785,0.08786,0.08784,0.08786,0.08791,0.08792,0.0879,0.08791,-0.00065696,-0.00040614,-0.00052269,-0.00052269,-5.000000000000837e-05,-0.0005687635081334134
1696738800000,2023-10-08T04:20:00Z,0.08786,0.08786,0.08781,0.08785,74127,6511.04038,0.08786,0.08786,0.08781,0.08785,0.08791,0.08791,0.08787,0.08791,-0.00052269,-0.00046529,-0.00050619,-0.00050619,-6.0000000000004494e-05,-0.0006825162097600329
1696739100000,2023-10-08T04:25:00Z,0.08785,0.08786,0.08782,0.08784,87304,7669.66272,0.08785,0.08786,0.08782,0.08784,0.08791,0.08791,0.08789,0.0879,-0.00050619,-0.00046587,-0.00046723,-0.00046587,-6.0000000000004494e-05,-0.0006825938566553412
1696739400000,2023-10-08T04:30:00Z,0.08784,0.08784,0.08783,0.08783,7889,692.89134,0.08784,0.08784,0.08783,0.08783,0.0879,0.08791,0.08789,0.08789,-0.00046587,-0.00050153,-0.00051865,-0.00051865,-5.9999999999990616e-05,-0.0006826715212195997
1696739700000,2023-10-08T04:35:00Z,0.08783,0.08783,0.08782,0.08782,4874,428.07742,0.08783,0.08785,0.08783,0.08783,0.08789,0.08791,0.08789,0.0879,-0.00051865,-0.00045108,-0.0006245,-0.0006245,-8.000000000001062e-05,-0.0009101251422071742
1696740000000,2023-10-08T04:40:00Z,0.08782,0.08783,0.08779,0.08779,50899,4469.80918,0.08783,0.08783,0.0878,0.0878,0.0879,0.0879,0.08787,0.08787,-0.0006245,-0.00052281,-0.00068274,-0.00068274,-7.999999999999674e-05,-0.0009104358711732871
1696740300000,2023-10-08T04:45:00Z,0.08779,0.0878,0.08779,0.08779,27206,2388.41841,0.0878,0.0878,0.08779,0.08779,0.08787,0.08787,0.08786,0.08786,-0.00068274,-0.00073506,-0.00075805,-0.00075805,-6.999999999998674e-05,-0.0007967220578191071
1696740600000,2023-10-08T04:50:00Z,0.08779,0.08779,0.08777,0.08777,21500,1887.31957,0.08779,0.0878,0.08778,0.08778,0.08786,0.08787,0.08785,0.08785,-0.00075805,-0.00071947,-0.00074991,-0.00074991,-7.999999999999674e-05,-0.0009106431417188019
1696740900000,2023-10-08T04:55:00Z,0.08777,0.08785,0.08777,0.08784,21271,1867.48575,0.08778,0.08785,0.08778,0.08784,0.08785,0.08789,0.08785,0.08789,-0.00074991,-0.00039713,-0.00049863,-0.00039713,-4.999999999999449e-05,-0.0005688929343496928
1696741200000,2023-10-08T05:00:00Z,0.08784,0.08784,0.08777,0.08779,35380,3106.3951,0.08784,0.08784,0.08777,0.0878,0.08789,0.08789,0.08784,0.08787,-0.00039713,-0.00062895,-0.00065483,-0.00065483,-7.999999999999674e-05,-0.0009104358711732871
1696741500000,2023-10-08T05:05:00Z,0.08779,0.0878,0.08777,0.0878,125550,11020.5423,0.0878,0.08781,0.08778,0.0878,0.08787,0.08788,0.08785,0.08787,-0.00065483,-0.00047843,-0.00059292,-0.00059292,-7.000000000000062e-05,-0.0007966313872766657
1696741800000,2023-10-08T05:10:00Z,0.0878,0.08783,0.08779,0.08782,79076,6944.51944,0.0878,0.08783,0.08779,0.08783,0.08787,0.0879,0.08787,0.0879,-0.00059292,-0.00049157,-0.0006868,-0.0006868,-8.000000000001062e-05,-0.0009101251422071742
1696742100000,2023-10-08T05:15:00Z,0.08782,0.08783,0.08781,0.08783,31493,2765.71143,0.08783,0.08783,0.08782,0.08783,0.0879,0.0879,0.08789,0.08789,-0.0006868,-0.00059153,-0.00059381,-0.00059153,-5.9999999999990616e-05,-0.0006826715212195997
1696742400000,2023-10-08T05:20:00Z,0.08783,0.08787,0.08782,0.08786,59721,5245.9751,0.08783,0.08787,0.08782,0.08787,0.08789,0.08794,0.08789,0.08794,-0.00059153,-0.00058398,-0.0006219,-0.0006219,-8.000000000001062e-05,-0.000909711166704692
1696742700000,2023-10-08T05:25:00Z,0.08786,0.08787,0.08777,0.08778,5831,512.13177,0.08787,0.08787,0.08779,0.08779,0.08794,0.08794,0.08787,0.08787,-0.0006219,-0.00062753,-0.00091168,-0.00091168,-9.000000000000674e-05,-0.0010242403550700665
1696743000000,2023-10-08T05:30:00Z,0.08778,0.08779,0.08766,0.08769,150927,13236.76773,0.08779,0.08779,0.08766,0.0877,0.08787,0.08787,0.08775,0.08778,-0.00091168,-0.00054067,-0.00085067,-0.00054067,-8.999999999999286e-05,-0.0010252904989746282
1696743300000,2023-10-08T05:35:00Z,0.08769,0.0877,0.08766,0.08766,64819,5683.02094,0.0877,0.08771,0.08766,0.08766,0.08778,0.08779,0.08774,0.08774,-0.00054067,-0.00051111,-0.00069523,-0.00069523,-7.999999999999674e-05,-0.0009117848187827301
1696743600000,2023-10-08T05:40:00Z,0.08766,0.08769,0.08765,0.08766,28433,2492.63227,0.08766,0.08769,0.08766,0.08766,0.08774,0.08776,0.08773,0.08774,-0.00069523,-0.00055539,-0.00068376,-0.00055539,-7.999999999999674e-05,-0.0009117848187827301
1696743900000,2023-10-08T05:45:00Z,0.08766,0.08766,0.08763,0.08764,4450,390.00961,0.08766,0.08766,0.08764,0.08764,0.08774,0.08774,0.08772,0.08772,-0.00055539,-0.00062311,-0.0006466,-0.00062311,-8.000000000001062e-05,-0.0009119927040584885
1696744200000,2023-10-08T05:50:00Z,0.08764,0.08776,0.08764,0.08772,57983,5085.74778,0.08764,0.08777,0.08764,0.08774,0.08772,0.08784,0.08772,0.08781,-0.00062311,-0.00037622,-0.0003895,-0.0003895,-8.999999999999286e-05,-0.001024940211820896
1696744500000,2023-10-08T05:55:00Z,0.08772,0.08774,0.08771,0.08772,6565,575.90822,0.08774,0.08774,0.08772,0.08773,0.08781,0.08781,0.0878,0.08781,-0.0003895,-0.00068257,-0.00073465,-0.00068257,-8.999999999999286e-05,-0.001024940211820896
1696744800000,2023-10-08T06:00:00Z,0.08772,0.08773,0.08772,0.08772,12664,1110.95431,0.08773,0.08774,0.08772,0.08773,0.08781,0.08782,0.0878,0.08781,-0.00068257,-0.00083008,-0.00084022,-0.00084022,-8.999999999999286e-05,-0.001024940211820896
1696745100000,2023-10-08T06:05:00Z,0.08772,0.08773,0.08771,0.08772,18462,1619.47351,0.08773,0.08773,0.08771,0.08772,0.08781,0.08781,0.0878,0.0878,-0.00084022,-0.00066036,-0.00082792,-0.00066036,-7.999999999999674e-05,-0.0009111617312072521
1696745400000,2023-10-08T06:10:00Z,0.08772,0.08778,0.08771,0.08771,51971,4559.96599,0.08772,0.08778,0.08771,0.08772,0.0878,0.08786,0.08778,0.08779,-0.00066036,-0.00076084,-0.00088167,-0.00088167,-8.000000000001062e-05,-0.0009112655199910082
1696745700000,2023-10-08T06:15:00Z,0.08771,0.08771,0.08769,0.08769,49055,4302.08536,0.08772,0.08772,0.08769,0.08771,0.08779,0.08779,0.08777,0.08779,-0.00088167,-0.00071861,-0.00085076,-0.00071861,-0.00010000000000000286,-0.0011390818999886417
1696746000000,2023-10-08T06:20:00Z,0.08769,0.08773,0.08768,0.08773,87170,7643.83153,0.08771,0.08773,0.08769,0.08773,0.08779,0.08781,0.08777,0.0878,-0.00071861,-0.00059965,-0.00067293,-0.00059965,-7.000000000000062e-05,-0.0007972665148063852
1696746300000,2023-10-08T06:25:00Z,0.08773,0.08783,0.08773,0.08776,511203,44878.58941,0.08773,0.08783,0.08773,0.08777,0.0878,0.08784,0.0878,0.08782,-0.00059965,-0.00017761,-0.00029776,-0.00029776,-5.9999999999990616e-05,-0.0006832156684125555
1696746600000,2023-10-08T06:30:00Z,0.08776,0.08782,0.08776,0.08779,137344,12058.46252,0.08777,0.08782,0.08776,0.08779,0.08782,0.08784,0.08781,0.08783,-0.00029776,-0.00011385,-0.00035545,-0.00011385,-3.999999999999837e-05,-0.0004554252533302786
1696746900000,2023-10-08T06:35:00Z,0.08779,0.0878,0.08777,0.08777,192604,16909.59388,0.08779,0.0878,0.08777,0.08778,0.08783,0.08784,0.08782,0.08783,-0.00011385,-0.00035853,-0.00038301,-0.00035853,-6.0000000000004494e-05,-0.0006831378799954968
1696747200000,2023-10-08T06:40:00Z,0.08777,0.0878,0.08774,0.08777,378826,33258.13909,0.08778,0.0878,0.08775,0.08777,0.08783,0.08783,0.08779,0.0878,-0.00035853,-0.00012767,-0.00030383,-0.00030383,-3.0000000000002247e-05,-0.0003416856492027591
1696747500000,2023-10-08T06:45:00Z,0.08777,0.08777,0.0877,0.08771,12191,1069.54854,0.08777,0.08778,0.08771,0.08772,0.0878,0.08781,0.08776,0.08777,-0.00030383,-0.00051811,-0.0005696,-0.00051811,-6.0000000000004494e-05,-0.0006836048763815027
1696747800000,2023-10-08T06:50:00Z,0.08771,0.08771,0.0877,0.0877,5076,445.19862,0.08772,0.08772,0.0877,0.08771,0.08777,0.08777,0.08774,0.08776,-0.00051811,-0.00012193,-0.00027772,-0.00012193,-6.0000000000004494e-05,-0.0006836827711942171
1696748100000,2023-10-08T06:55:00Z,0.0877,0.0877,0.08768,0.08769,15977,1401.07835,0.08771,0.08772,0.08768,0.08769,0.08776,0.08777,0.08773,0.08773,-0.00012193,-0.00033359,-0.00035233,-0.00033359,-3.999999999999837e-05,-0.0004559443747862575
1696748400000,2023-10-08T07:00:00Z,0.08769,0.08773,0.08767,0.08773,190066,16668.1854,0.08769,0.08774,0.08767,0.08774,0.08773,0.08779,0.08772,0.08779,-0.00033359,-0.00020152,-0.00039473,-0.00039473,-6.0000000000004494e-05,-0.0006834491399932166
1696748700000,2023-10-08T07:05:00Z,0.08773,0.08773,0.08769,0.08769,5898,517.20453,0.08774,0.08774,0.08769,0.08769,0.08779,0.08779,0.08773,0.08774,-0.00039473,-0.0003418,-0.00041873,-0.00041873,-4.999999999999449e-05,-0.0005698655117391668
1696749000000,2023-10-08T07:10:00Z,0.08769,0.0877,0.08769,0.08769,38174,3347.82017,0.08769,0.08771,0.08769,0.0877,0.08774,0.08775,0.08773,0.08775,-0.00041873,-0.00041976,-0.00053299,-0.00053299,-5.9999999999990616e-05,-0.0006837606837605769
1696749300000,2023-10-08T07:15:00Z,0.08769,0.08769,0.08768,0.08768,8828,774.12393,0.0877,0.0877,0.08769,0.08769,0.08775,0.08775,0.08773,0.08773,-0.00053299,-0.0002519,-0.00029488,-0.00029488,-5.000000000000837e-05,-0.0005699304684829404
1696749600000,2023-10-08T07:20:00Z,0.08768,0.08768,0.08768,0.08768,4063,356.24384,0.08769,0.0877,0.08768,0.08768,0.08773,0.08774,0.08773,0.08773,-0.00029488,-0.00036459,-0.00044153,-0.00036459,-5.000000000000837e-05,-0.0005699304684829404
1696749900000,2023-10-08T07:25:00Z,0.08768,0.08768,0.08758,0.08758,65817,5766.981,0.08768,0.08768,0.08758,0.08758,0.08773,0.08773,0.08762,0.08762,-0.00036459,-0.00022815,-0.0002698,-0.0002698,-3.999999999999837e-05,-0.0004565167769915358
1696750200000,2023-10-08T07:30:00Z,0.08758,0.08761,0.08758,0.0876,12209,1069.41118,0.08758,0.08761,0.08758,0.0876,0.08762,0.08764,0.08762,0.08764,-0.0002698,-0.00002305,-0.00015951,-0.00015951,-3.999999999999837e-05,-0.00045641259698765826
1696750500000,2023-10-08T07:35:00Z,0.0876,0.08763,0.0876,0.08761,76340,6688.62505,0.0876,0.08763,0.0876,0.08762,0.08764,0.08766,0.08763,0.08766,-0.00015951,-0.00005874,-0.00006593,-0.00005874,-5.000000000000837e-05,-0.0005703855806526166
1696750800000,2023-10-08T07:40:00Z,0.08761,0.08762,0.08761,0.08761,10904,955.33933,0.08762,0.08762,0.08761,0.08761,0.08766,0.08766,0.08764,0.08764,-0.00005874,-0.00018368,-0.00019762,-0.00019762,-3.0000000000002247e-05,-0.0003423094477407833
1696751100000,2023-10-08T07:45:00Z,0.08761,0.08763,0.08759,0.08762,133901,11730.24697,0.08761,0.08764,0.0876,0.08764,0.08764,0.08767,0.08763,0.08767,-0.00019762,-0.00017602,-0.00018651,-0.00018651,-4.999999999999449e-05,-0.0005703205201322515
1696751400000,2023-10-08T07:50:00Z,0.08762,0.08769,0.08762,0.08769,14360,1258.78031,0.08764,0.08769,0.08762,0.08769,0.08767,0.08774,0.08766,0.08774,-0.00018651,-0.00013943,-0.00025738,-0.00025738,-4.999999999999449e-05,-0.0005698655117391668
1696751700000,2023-10-08T07:55:00Z,0.08769,0.08774,0.08769,0.08774,36036,3160.16736,0.08769,0.08774,0.08769,0.08774,0.08774,0.08778,0.08774,0.08777,-0.00025738,-0.00027734,-0.00028122,-0.00028122,-3.0000000000002247e-05,-0.00034180243819075136
1696752000000,2023-10-08T08:00:00Z,0.08774,0.08775,0.08762,0.08765,42964,3766.72416,0.08774,0.08775,0.08765,0.08767,0.08777,0.08778,0.08771,0.08773,-0.00028122,-0.00059678,-0.00067772,-0.00059678,-7.999999999999674e-05,-0.000911888749572515
1696752300000,2023-10-08T08:05:00Z,0.08765,0.08771,0.08765,0.08771,97379,8539.8597,0.08767,0.08773,0.08765,0.08773,0.08773,0.0878,0.08772,0.0878,-0.00059678,-0.00071135,-0.00079676,-0.00071135,-9.000000000000674e-05,-0.001025056947608277
1696752600000,2023-10-08T08:10:00Z,0.08771,0.08773,0.08767,0.0877,48094,4218.49357,0.08773,0.08773,0.08767,0.0877,0.0878,0.08781,0.08774,0.08776,-0.00071135,-0.00069555,-0.00077699,-0.00077699,-6.0000000000004494e-05,-0.0006836827711942171
1696752900000,2023-10-08T08:15:00Z,0.0877,0.08777,0.0877,0.08776,30176,2647.25834,0.0877,0.08777,0.0877,0.08777,0.08776,0.08784,0.08775,0.08784,-0.00077699,-0.00048536,-0.00058988,-0.00058988,-7.999999999999674e-05,-0.0009107468123861196
1696753200000,2023-10-08T08:20:00Z,0.08776,0.08777,0.08776,0.08777,7330,643.31939,0.08777,0.08777,0.08776,0.08777,0.08784,0.08784,0.08781,0.08782,-0.00058988,-0.00052493,-0.00056934,-0.00056934,-4.999999999999449e-05,-0.0005693463903438226
1696753500000,2023-10-08T08:25:00Z,0.08777,0.08777,0.08773,0.08776,14077,1235.2458,0.08777,0.08777,0.08775,0.08776,0.08782,0.08782,0.08781,0.08782,-0.00056934,-0.0004023,-0.0004984,-0.0004023,-5.9999999999990616e-05,-0.0006832156684125555
1696753800000,2023-10-08T08:30:00Z,0.08776,0.08778,0.08776,0.08777,38521,3380.9793,0.08776,0.08778,0.08776,0.08777,0.08782,0.08783,0.08782,0.08782,-0.0004023,-0.00033716,-0.0004491,-0.0004491,-4.999999999999449e-05,-0.0005693463903438226
1696754100000,2023-10-08T08:35:00Z,0.08777,0.08777,0.08769,0.08772,12957,1136.75249,0.08777,0.08778,0.08769,0.08773,0.08782,0.08783,0.08774,0.08779,-0.0004491,-0.00029007,-0.00038637,-0.00038637,-7.000000000000062e-05,-0.0007973573299920334
1696754400000,2023-10-08T08:40:00Z,0.08772,0.08775,0.08772,0.08773,28316,2484.62393,0.08773,0.08775,0.08772,0.08775,0.08779,0.08781,0.08779,0.08781,-0.00038637,-0.00044476,-0.00045649,-0.00044476,-7.999999999999674e-05,-0.0009110579660630536
1696754700000,2023-10-08T08:45:00Z,0.08773,0.08774,0.08768,0.08769,24909,2185.34311,0.08775,0.08775,0.08769,0.0877,0.08781,0.08781,0.08775,0.08776,-0.00044476,-0.00034184,-0.00062369,-0.00034184,-7.000000000000062e-05,-0.0007976298997265338
1696755000000,2023-10-08T08:50:00Z,0.08769,0.0877,0.08766,0.08766,26650,2336.75411,0.0877,0.0877,0.08766,0.08766,0.08776,0.08777,0.08771,0.08772,-0.00034184,-0.00050769,-0.00054747,-0.00054747,-6.0000000000004494e-05,-0.0006839945280438268
1696755300000,2023-10-08T08:55:00Z,0.08766,0.08769,0.08765,0.08768,3706,324.88363,0.08766,0.08769,0.08766,0.08768,0.08772,0.08775,0.08771,0.08774,-0.00054747,-0.00044563,-0.00062418,-0.00044563,-6.0000000000004494e-05,-0.0006838386140871267
1696755600000,2023-10-08T09:00:00Z,0.08768,0.08769,0.08765,0.08766,19947,1749.0081,0.08768,0.08769,0.08766,0.08766,0.08774,0.08774,0.08771,0.08771,-0.00044563,-0.00032508,-0.00042516,-0.00042516,-4.999999999999449e-05,-0.0005700604264051362
1696755900000,2023-10-08T09:05:00Z,0.08766,0.08769,0.08765,0.08768,56202,4926.33581,0.08766,0.08769,0.08765,0.08768,0.08771,0.08773,0.0877,0.08773,-0.00042516,-0.0002769,-0.00040052,-0.0002769,-5.000000000000837e-05,-0.0005699304684829404
1696756200000,2023-10-08T09:10:00Z,0.08768,0.08769,0.08767,0.08767,8407,737.06436,0.08768,0.08769,0.08767,0.08767,0.08773,0.08773,0.08772,0.08772,-0.0002769,-0.00043627,-0.00056993,-0.00043627,-5.000000000000837e-05,-0.0005699954400365751
1696756500000,2023-10-08T09:15:00Z,0.08767,0.08767,0.08767,0.08767,3902,342.08834,0.08767,0.0877,0.08767,0.08769,0.08772,0.08776,0.08772,0.08776,-0.00043627,-0.00055304,-0.00061492,-0.00055304,-9.000000000000674e-05,-0.0010255241567913257
1696756800000,2023-10-08T09:20:00Z,0.08767,0.08767,0.08763,0.08763,12811,1122.82535,0.08769,0.08769,0.08763,0.08763,0.08776,0.08776,0.0877,0.0877,-0.00055304,-0.00058009,-0.00081406,-0.00058009,-7.000000000000062e-05,-0.000798175598631706
1696757100000,2023-10-08T09:25:00Z,0.08763,0.08768,0.08762,0.08768,9496,832.18811,0.08763,0.08768,0.08762,0.08768,0.0877,0.08775,0.08769,0.08775,-0.00058009,-0.00034891,-0.00039318,-0.00039318,-7.000000000000062e-05,-0.0007977207977208048
1696757400000,2023-10-08T09:30:00Z,0.08768,0.08769,0.08766,0.08768,47210,4139.57317,0.08768,0.08769,0.08766,0.08769,0.08775,0.08776,0.08773,0.08776,-0.00039318,-0.00064949,-0.00068368,-0.00068368,-8.000000000001062e-05,-0.0009115770282590089
1696757700000,2023-10-08T09:35:00Z,0.08768,0.08768,0.08766,0.08767,16542,1450.23459,0.08769,0.08769,0.08767,0.08767,0.08776,0.08776,0.08774,0.08775,-0.00068368,-0.00072957,-0.00078065,-0.00072957,-7.999999999999674e-05,-0.0009116809116808746
1696758000000,2023-10-08T09:40:00Z,0.08767,0.08767,0.08765,0.08766,64100,5619.00608,0.08767,0.08768,0.08765,0.08768,0.08775,0.08776,0.08773,0.08776,-0.00072957,-0.00064262,-0.00072094,-0.00072094,-0.00010000000000000286,-0.0011394712853236425
1696758300000,2023-10-08T09:45:00Z,0.08766,0.0877,0.08766,0.08768,51987,4558.0005,0.08768,0.0877,0.08766,0.08768,0.08776,0.08776,0.08773,0.08774,-0.00072094,-0.00040779,-0.00064831,-0.00040779,-6.0000000000004494e-05,-0.0006838386140871267
1696758600000,2023-10-08T09:50:00Z,0.08768,0.08768,0.08762,0.08762,65027,5700.16844,0.08768,0.08768,0.08763,0.08763,0.08774,0.08774,0.08769,0.08769,-0.00040779,-0.00049213,-0.0005383,-0.0005383,-7.000000000000062e-05,-0.0007982666210514382
1696758900000,2023-10-08T09:55:00Z,0.08762,0.08767,0.08762,0.08765,21604,1893.79194,0.08763,0.08767,0.08763,0.08766,0.08769,0.08772,0.08769,0.08771,-0.0005383,-0.00053619,-0.00054782,-0.00053619,-5.9999999999990616e-05,-0.0006840725116861318
1696759200000,2023-10-08T10:00:00Z,0.08765,0.08767,0.08763,0.08764,259864,22779.143,0.08766,0.08767,0.08763,0.08765,0.08771,0.08771,0.08768,0.08769,-0.00053619,-0.00021849,-0.00040734,-0.00040734,-5.000000000000837e-05,-0.0005701904436082605
1696759500000,2023-10-08T10:05:00Z,0.08764,0.08767,0.08763,0.08767,19834,1738.52998,0.08765,0.08767,0.08763,0.08767,0.08769,0.0877,0.08768,0.0877,-0.00040734,-0.000289,-0.00038606,-0.00038606,-3.0000000000002247e-05,-0.000342075256556468
1696759800000,2023-10-08T10:10:00Z,0.08767,0.08767,0.08763,0.08763,19541,1712.66035,0.08767,0.08767,0.08763,0.08763,0.0877,0.0877,0.08768,0.08768,-0.00038606,-0.00034952,-0.00060912,-0.00060912,-4.999999999999449e-05,-0.000570255474452492
1696760100000,2023-10-08T10:15:00Z,0.08763,0.08764,0.08758,0.08758,466287,40852.95935,0.08763,0.08764,0.08758,0.08758,0.08768,0.08769,0.08764,0.08764,-0.00060912,-0.0004314,-0.00052799,-0.0004314,-5.9999999999990616e-05,-0.0006846188954814082
1696760400000,2023-10-08T10:20:00Z,0.08758,0.0876,0.08756,0.0876,240320,21045.31,0.08758,0.0876,0.08758,0.0876,0.08764,0.08765,0.08763,0.08765,-0.0004314,-0.00024863,-0.00027632,-0.00024863,-5.000000000000837e-05,-0.0005704506560183499
1696760700000,2023-10-08T10:25:00Z,0.0876,0.08763,0.08758,0.08759,288746,25299.11831,0.0876,0.08763,0.08759,0.08761,0.08765,0.08766,0.08763,0.08766,-0.00024863,-0.00043936,-0.00048049,-0.00048049,-7.000000000000062e-05,-0.0007985398129135365
1696761000000,2023-10-08T10:30:00Z,0.08759,0.0876,0.08759,0.08759,6747,590.98264,0.08761,0.08761,0.08759,0.08759,0.08766,0.08766,0.08764,0.08765,-0.00048049,-0.00045641,-0.00054398,-0.00045641,-6.0000000000004494e-05,-0.0006845407872219565
1696761300000,2023-10-08T10:35:00Z,0.08759,0.08759,0.08756,0.08756,121045,10601.12414,0.08759,0.08759,0.08756,0.08756,0.08765,0.08765,0.08762,0.08762,-0.00045641,-0.00045651,-0.00052487,-0.00045651,-6.0000000000004494e-05,-0.0006847751654873829
1696761600000,2023-10-08T10:40:00Z,0.08756,0.08759,0.08755,0.08755,73581,6442.82758,0.08756,0.08759,0.08756,0.08757,0.08762,0.08763,0.08761,0.08762,-0.00045651,-0.00057064,-0.00063102,-0.00063102,-7.000000000000062e-05,-0.0007989043597352273
1696761900000,2023-10-08T10:45:00Z,0.08755,0.08757,0.08736,0.08738,445337,38959.38807,0.08757,0.08757,0.08738,0.08739,0.08762,0.08762,0.08744,0.08745,-0.00063102,-0.00037487,-0.0007999,-0.0007999,-7.000000000000062e-05,-0.0008004574042309962
1696762200000,2023-10-08T10:50:00Z,0.08738,0.0874,0.08736,0.08739,68292,5967.13758,0.08739,0.0874,0.08738,0.08739,0.08745,0.08747,0.08744,0.08746,-0.0007999,-0.00037685,-0.00057877,-0.00037685,-7.000000000000062e-05,-0.0008003658815458566
1696762500000,2023-10-08T10:55:00Z,0.08739,0.08748,0.08739,0.08743,108124,9454.89441,0.08739,0.08748,0.08739,0.08744,0.08746,0.08754,0.08746,0.0875,-0.00037685,-0.00029227,-0.00054769,-0.00054769,-7.000000000000062e-05,-0.0008000000000000071
1696762800000,2023-10-08T11:00:00Z,0.08743,0.08747,0.08737,0.08746,154463,13498.60259,0.08744,0.08747,0.08739,0.08746,0.0875,0.08752,0.08744,0.08752,-0.00054769,-0.00044645,-0.00055554,-0.00055554,-6.0000000000004494e-05,-0.0006855575868373457
1696763100000,2023-10-08T11:05:00Z,0.08746,0.08746,0.0874,0.08741,77828,6803.229,0.08746,0.08746,0.08741,0.08741,0.08752,0.08752,0.08746,0.08747,-0.00055554,-0.00065203,-0.00079151,-0.00079151,-6.0000000000004494e-05,-0.0006859494683892133
1696763400000,2023-10-08T11:10:00Z,0.08741,0.08749,0.0874,0.08748,90848,7946.57788,0.08741,0.08749,0.0874,0.08748,0.08747,0.08755,0.08746,0.08755,-0.00079151,-0.00057941,-0.00063792,-0.00063792,-7.000000000000062e-05,-0.0007995431182181681
1696763700000,2023-10-08T11:15:00Z,0.08748,0.0875,0.08745,0.08746,98790,8640.47176,0.08748,0.0875,0.08747,0.08748,0.08755,0.08755,0.08753,0.08754,-0.00063792,-0.00057123,-0.00069476,-0.00069476,-8.000000000001062e-05,-0.0009138679460819124
1696764000000,2023-10-08T11:20:00Z,0.08746,0.08746,0.08744,0.08744,102497,8963.03421,0.08748,0.08748,0.08744,0.08745,0.08754,0.08754,0.08751,0.08752,-0.00069476,-0.00045275,-0.00068555,-0.00068555,-7.999999999999674e-05,-0.0009140767824496885
1696764300000,2023-10-08T11:25:00Z,0.08744,0.08749,0.08744,0.08748,36019,3149.64091,0.08745,0.08749,0.08744,0.08749,0.08752,0.08755,0.08751,0.08755,-0.00068555,-0.0003989,-0.00045857,-0.0003989,-7.000000000000062e-05,-0.0007995431182181681
1696764600000,2023-10-08T11:30:00Z,0.08748,0.08753,0.08748,0.08751,38138,3337.40658,0.08749,0.08754,0.08748,0.08751,0.08755,0.0876,0.08754,0.08757,-0.0003989,-0.00046825,-0.00050953,-0.00050953,-5.9999999999990616e-05,-0.000685166152791945
1696764900000,2023-10-08T11:35:00Z,0.08751,0.08752,0.08751,0.08751,12155,1063.71904,0.08751,0.08752,0.08751,0.08752,0.08757,0.08757,0.08756,0.08756,-0.00050953,-0.0005238,-0.00057097,-0.0005238,-4.999999999999449e-05,-0.0005710370031977443
1696765200000,2023-10-08T11:40:00Z,0.08751,0.08751,0.08744,0.08745,21445,1875.60305,0.08752,0.08752,0.08745,0.08745,0.08756,0.08757,0.08751,0.08752,-0.0005238,-0.00059209,-0.00063414,-0.00063414,-7.000000000000062e-05,-0.0007998171846435171
1696765500000,2023-10-08T11:45:00Z,0.08745,0.08749,0.08745,0.08748,5429,474.86966,0.08745,0.08749,0.08745,0.08748,0.08752,0.08754,0.08752,0.08754,-0.00063414,-0.0005514,-0.0006202,-0.0005514,-6.0000000000004494e-05,-0.0006854009595613947
1696765800000,2023-10-08T11:50:00Z,0.08748,0.0875,0.08744,0.08745,75020,6560.84302,0.08748,0.0875,0.08746,0.08747,0.08754,0.08756,0.08753,0.08754,-0.0005514,-0.00075736,-0.00082145,-0.00082145,-9.000000000000674e-05,-0.001028101439342092
1696766100000,2023-10-08T11:55:00Z,0.08745,0.08747,0.08744,0.08746,10146,887.36727,0.08747,0.08747,0.08744,0.08746,0.08754,0.08754,0.08752,0.08754,-0.00082145,-0.00057511,-0.00061076,-0.00057511,-8.000000000001062e-05,-0.0009138679460819124
1696766400000,2023-10-08T12:00:00Z,0.08746,0.0875,0.08746,0.08748,24961,2183.6227,0.08746,0.0875,0.08746,0.08748,0.08754,0.08756,0.08753,0.08754,-0.00057511,-0.00070862,-0.00072529,-0.00072529,-6.0000000000004494e-05,-0.0006854009595613947
1696766700000,2023-10-08T12:05:00Z,0.08748,0.08757,0.08748,0.08756,98036,8581.33815,0.08748,0.08758,0.08748,0.08758,0.08754,0.08764,0.08754,0.08764,-0.00072529,-0.00045391,-0.00077612,-0.00077612,-7.999999999999674e-05,-0.0009128251939753165
1696767000000,2023-10-08T12:10:00Z,0.08756,0.08757,0.08752,0.08752,27417,2399.89879,0.08758,0.08758,0.08752,0.08753,0.08764,0.08764,0.08759,0.0876,-0.00077612,-0.00059984,-0.00066175,-0.00059984,-7.999999999999674e-05,-0.0009132420091323829
1696767300000,2023-10-08T12:15:00Z,0.08752,0.08762,0.08752,0.08758,117598,10300.31812,0.08753,0.08762,0.08752,0.08758,0.0876,0.08765,0.08759,0.08764,-0.00059984,-0.00050428,-0.00052414,-0.00052414,-5.9999999999990616e-05,-0.0006846188954814082
1696767600000,2023-10-08T12:20:00Z,0.08758,0.08764,0.08758,0.08763,55004,4819.66557,0.08758,0.08764,0.08758,0.08763,0.08764,0.08768,0.08764,0.08768,-0.00052414,-0.00030378,-0.00049156,-0.00049156,-4.999999999999449e-05,-0.000570255474452492
1696767900000,2023-10-08T12:25:00Z,0.08763,0.08764,0.08761,0.08761,14370,1259.18,0.08763,0.08764,0.08761,0.08761,0.08768,0.08768,0.08766,0.08766,-0.00049156,-0.00041695,-0.00051693,-0.00051693,-5.000000000000837e-05,-0.0005703855806526166
1696768200000,2023-10-08T12:30:00Z,0.08761,0.08765,0.08761,0.08761,28151,2466.78137,0.08761,0.08764,0.08761,0.08762,0.08766,0.08769,0.08766,0.08767,-0.00051693,-0.0004563,-0.0004563,-0.0004563,-6.0000000000004494e-05,-0.0006843846241588285
1696768500000,2023-10-08T12:35:00Z,0.08761,0.08763,0.08761,0.08762,12458,1091.58637,0.08762,0.08763,0.08761,0.08762,0.08767,0.08768,0.08766,0.08767,-0.0004563,-0.00041884,-0.00043401,-0.00041884,-4.999999999999449e-05,-0.0005703205201322515
1696768800000,2023-10-08T12:40:00Z,0.08762,0.08763,0.08762,0.08762,53507,4688.78088,0.08762,0.08763,0.08762,0.08762,0.08767,0.08768,0.08767,0.08767,-0.00041884,-0.00039557,-0.00045625,-0.00039557,-4.999999999999449e-05,-0.0005703205201322515
1696769100000,2023-10-08T12:45:00Z,0.08762,0.08764,0.08762,0.08762,13622,1193.62544,0.08762,0.08764,0.08762,0.08762,0.08767,0.08768,0.08767,0.08767,-0.00039557,-0.00057025,-0.00057025,-0.00057025,-4.999999999999449e-05,-0.0005703205201322515
1696769400000,2023-10-08T12:50:00Z,0.08762,0.08762,0.08758,0.08758,7820,685.07696,0.08762,0.08763,0.08759,0.0876,0.08767,0.08768,0.08765,0.08766,-0.00057025,-0.00057032,-0.00066948,-0.00066948,-7.999999999999674e-05,-0.0009126169290439966
1696769700000,2023-10-08T12:55:00Z,0.08758,0.08758,0.08755,0.08755,7338,642.57673,0.0876,0.0876,0.08755,0.08755,0.08766,0.08766,0.08763,0.08763,-0.00066948,-0.00046924,-0.00059265,-0.00046924,-7.999999999999674e-05,-0.000912929362090571
1696770000000,2023-10-08T13:00:00Z,0.08755,0.08758,0.08754,0.08755,13122,1148.95583,0.08755,0.08758,0.08754,0.08756,0.08763,0.08763,0.08762,0.08763,-0.00046924,-0.00037224,-0.00040104,-0.00040104,-7.999999999999674e-05,-0.000912929362090571
1696770300000,2023-10-08T13:05:00Z,0.08755,0.08755,0.08746,0.08746,34321,3003.08778,0.08756,0.08756,0.08746,0.08746,0.08763,0.08763,0.08753,0.08753,-0.00040104,-0.0005711,-0.00062776,-0.0005711,-7.000000000000062e-05,-0.0007997258082943062
1696770600000,2023-10-08T13:10:00Z,0.08746,0.08747,0.08741,0.08744,173554,15175.78285,0.08746,0.08747,0.08741,0.08745,0.08753,0.08753,0.08748,0.08752,-0.0005711,-0.00043983,-0.00057361,-0.00043983,-7.999999999999674e-05,-0.0009140767824496885
1696770900000,2023-10-08T13:15:00Z,0.08744,0.08762,0.08744,0.08758,452360,39622.58021,0.08745,0.0876,0.08745,0.08759,0.08752,0.08765,0.08751,0.08765,-0.00043983,-0.00045651,-0.00049669,-0.00045651,-7.000000000000062e-05,-0.0007986309184255632
1696771200000,2023-10-08T13:20:00Z,0.08758,0.0879,0.08758,0.08779,471183,41372.88786,0.08759,0.08787,0.08759,0.0878,0.08765,0.0879,0.08764,0.08785,-0.00045651,-0.00009346,-0.00017576,-0.00017576,-5.9999999999990616e-05,-0.0006829823562890224
1696771500000,2023-10-08T13:25:00Z,0.08779,0.0878,0.08774,0.08777,98802,8671.85333,0.0878,0.0878,0.08775,0.08777,0.08785,0.08785,0.0878,0.0878,-0.00017576,-0.00031477,-0.00066966,-0.00031477,-3.0000000000002247e-05,-0.0003416856492027591
1696771800000,2023-10-08T13:30:00Z,0.08777,0.08782,0.08775,0.08776,130235,11431.27899,0.08777,0.08782,0.08775,0.08776,0.0878,0.08784,0.08779,0.08779,-0.00031477,-0.0003219,-0.00034168,-0.00034168,-3.0000000000002247e-05,-0.0003417245699966083
1696772100000,2023-10-08T13:35:00Z,0.08776,0.08779,0.08776,0.08779,20253,1777.66833,0.08776,0.08779,0.08776,0.08779,0.08779,0.08782,0.08779,0.08782,-0.00034168,0,-0.00026363,-0.00026363,-2.999999999998837e-05,-0.0003416078342061987
1696772400000,2023-10-08T13:40:00Z,0.08779,0.08792,0.08778,0.08786,88617,7787.04765,0.08779,0.08792,0.08779,0.08788,0.08782,0.08793,0.08781,0.08792,-0.00026363,-0.00019481,-0.00043425,-0.00043425,-6.0000000000004494e-05,-0.0006824385805278036
1696772700000,2023-10-08T13:45:00Z,0.08786,0.08796,0.08786,0.08796,193451,17011.66791,0.08788,0.08796,0.08787,0.08796,0.08792,0.088,0.08791,0.088,-0.00043425,-0.00029039,-0.00034102,-0.00034102,-3.999999999999837e-05,-0.00045454545454543606
1696773000000,2023-10-08T13:50:00Z,0.08796,0.08796,0.08773,0.08773,239472,21035.71869,0.08796,0.08796,0.08773,0.08774,0.088,0.088,0.08778,0.08779,-0.00034102,-0.0003416,-0.00045076,-0.0003416,-6.0000000000004494e-05,-0.0006834491399932166
1696773300000,2023-10-08T13:55:00Z,0.08773,0.0878,0.08771,0.0878,188788,16561.98245,0.08774,0.08782,0.08773,0.08782,0.08779,0.08788,0.08778,0.08788,-0.0003416,-0.0004877,-0.00056915,-0.00056915,-7.999999999999674e-05,-0.0009103322712789798
1696773600000,2023-10-08T14:00:00Z,0.0878,0.08784,0.08779,0.08783,60580,5320.49113,0.08782,0.08784,0.08779,0.08783,0.08788,0.0879,0.08784,0.08787,-0.00056915,-0.00024521,-0.00056902,-0.00056902,-3.999999999999837e-05,-0.00045521793558664353
1696773900000,2023-10-08T14:05:00Z,0.08783,0.08783,0.08777,0.08779,145757,12799.87406,0.08783,0.08783,0.08778,0.08779,0.08787,0.08788,0.08784,0.08785,-0.00056902,-0.00043699,-0.00049743,-0.00043699,-5.9999999999990616e-05,-0.0006829823562890224
1696774200000,2023-10-08T14:10:00Z,0.08779,0.08779,0.08776,0.08776,24764,2173.86473,0.08779,0.08779,0.08778,0.08778,0.08785,0.08785,0.08783,0.08784,-0.00043699,-0.00038023,-0.00050051,-0.00050051,-7.999999999999674e-05,-0.0009107468123861196
1696774500000,2023-10-08T14:15:00Z,0.08776,0.08776,0.08773,0.08774,16580,1454.8838,0.08778,0.08778,0.08774,0.08775,0.08784,0.08784,0.0878,0.08781,-0.00050051,-0.00056947,-0.00056947,-0.00056947,-7.000000000000062e-05,-0.0007971757203052114
1696774800000,2023-10-08T14:20:00Z,0.08774,0.08777,0.08772,0.08774,178528,15663.84285,0.08775,0.08777,0.08774,0.08776,0.08781,0.08781,0.0878,0.08781,-0.00056947,-0.00056941,-0.00062885,-0.00062885,-7.000000000000062e-05,-0.0007971757203052114
1696775100000,2023-10-08T14:25:00Z,0.08774,0.08776,0.08773,0.08775,16836,1477.32136,0.08776,0.08776,0.08773,0.08775,0.08781,0.08781,0.08779,0.08779,-0.00062885,-0.00066666,-0.00068337,-0.00068337,-4.000000000001225e-05,-0.00045563275999558315
1696775400000,2023-10-08T14:30:00Z,0.08775,0.08785,0.08774,0.08785,58959,5175.94633,0.08775,0.08788,0.08774,0.08787,0.08779,0.08793,0.08779,0.08793,-0.00068337,-0.00022299,-0.00023265,-0.00023265,-7.999999999999674e-05,-0.0009098146252700642
1696775700000,2023-10-08T14:35:00Z,0.08785,0.08789,0.08785,0.08789,65389,5745.72468,0.08787,0.08789,0.08786,0.08789,0.08793,0.08794,0.08792,0.08792,-0.00023265,-0.00049329,-0.00056856,-0.00049329,-3.0000000000002247e-05,-0.0003412192902639018
1696776000000,2023-10-08T14:40:00Z,0.08789,0.08798,0.08788,0.08798,160803,14142.07534,0.08789,0.08799,0.08788,0.08798,0.08792,0.08805,0.08792,0.08803,-0.00049329,-0.00031897,-0.00044924,-0.00031897,-4.999999999999449e-05,-0.0005679881858456719
1696776300000,2023-10-08T14:45:00Z,0.08798,0.088,0.0879,0.08791,187806,16522.30617,0.08798,0.088,0.0879,0.08792,0.08803,0.08803,0.08795,0.08797,-0.00031897,-0.00031855,-0.00056844,-0.00031855,-6.0000000000004494e-05,-0.0006820506991020176
1696776600000,2023-10-08T14:50:00Z,0.08791,0.08796,0.08791,0.08796,100648,8851.18895,0.08792,0.08798,0.08792,0.08798,0.08797,0.08804,0.08797,0.08804,-0.00031855,-0.00038465,-0.00040886,-0.00040886,-7.999999999999674e-05,-0.0009086778736937387
1696776900000,2023-10-08T14:55:00Z,0.08796,0.08805,0.08796,0.08803,176792,15558.71289,0.08798,0.08804,0.08797,0.08804,0.08804,0.08811,0.08803,0.08811,-0.00040886,-0.00035947,-0.00064198,-0.00035947,-7.999999999999674e-05,-0.0009079559641357025
1696777200000,2023-10-08T15:00:00Z,0.08803,0.08807,0.08803,0.08806,12679,1116.27651,0.08804,0.08808,0.08803,0.08807,0.08811,0.08815,0.0881,0.08814,-0.00035947,-0.00046164,-0.00062128,-0.00062128,-7.999999999999674e-05,-0.0009076469253460034
1696777500000,2023-10-08T15:05:00Z,0.08806,0.08806,0.08796,0.08802,151802,13362.50185,0.08807,0.08807,0.08797,0.08802,0.08814,0.08814,0.08804,0.08809,-0.00062128,-0.00047564,-0.0005227,-0.0005227,-7.000000000000062e-05,-0.0007946418435690841
1696777800000,2023-10-08T15:10:00Z,0.08802,0.08807,0.08802,0.08806,43677,3845.85818,0.08802,0.08807,0.08802,0.08806,0.08809,0.08814,0.08809,0.08812,-0.0005227,-0.00062392,-0.00063002,-0.00062392,-6.0000000000004494e-05,-0.0006808896958693201
1696778100000,2023-10-08T15:15:00Z,0.08806,0.08806,0.088,0.08801,16731,1472.74822,0.08806,0.08806,0.08801,0.08802,0.08812,0.08813,0.08808,0.0881,-0.00062392,-0.00069837,-0.00071529,-0.00071529,-8.999999999999286e-05,-0.001021566401816037
1696778400000,2023-10-08T15:20:00Z,0.08801,0.08802,0.08796,0.08797,15936,1402.06176,0.08802,0.08802,0.08797,0.08798,0.0881,0.0881,0.08804,0.08806,-0.00071529,-0.00069804,-0.000795,-0.00069804,-8.999999999999286e-05,-0.0010220304337950586
1696778700000,2023-10-08T15:25:00Z,0.08797,0.08802,0.08797,0.08799,87458,7696.42033,0.08798,0.08802,0.08798,0.08799,0.08806,0.08807,0.08806,0.08807,-0.00069804,-0.00068127,-0.00068127,-0.00068127,-7.999999999999674e-05,-0.0009083683433631968
1696779000000,2023-10-08T15:30:00Z,0.08799,0.08803,0.08793,0.08795,221548,19486.84558,0.08799,0.08805,0.08798,0.08798,0.08807,0.08812,0.08805,0.08805,-0.00068127,-0.00056766,-0.00079482,-0.00079482,-0.00010000000000000286,-0.0011357183418512534
1696779300000,2023-10-08T15:35:00Z,0.08795,0.08799,0.08795,0.08798,6012,528.86413,0.08798,0.08799,0.08797,0.08798,0.08805,0.08807,0.08804,0.08807,-0.00079482,-0.00056654,-0.00067938,-0.00056654,-8.999999999999286e-05,-0.001021914386283557
1696779600000,2023-10-08T15:40:00Z,0.08798,0.08798,0.08796,0.08797,7018,617.37796,0.08798,0.08798,0.08796,0.08797,0.08807,0.08807,0.08804,0.08804,-0.00056654,-0.00073034,-0.00089063,-0.00089063,-6.999999999998674e-05,-0.0007950931394819031
1696779900000,2023-10-08T15:45:00Z,0.08797,0.08797,0.08788,0.08789,114077,10027.89763,0.08797,0.08797,0.0879,0.08791,0.08804,0.08805,0.08798,0.08799,-0.00089063,-0.00068166,-0.00104385,-0.00104385,-0.00010000000000000286,-0.0011364927832708588
1696780200000,2023-10-08T15:50:00Z,0.08789,0.08792,0.08788,0.0879,20030,1760.79597,0.08791,0.08793,0.0879,0.0879,0.08799,0.08802,0.08798,0.088,-0.00104385,-0.00084477,-0.00095375,-0.00084477,-9.999999999998899e-05,-0.0011363636363635112
1696780500000,2023-10-08T15:55:00Z,0.0879,0.08793,0.0879,0.08792,26165,2300.29859,0.0879,0.08794,0.0879,0.08792,0.088,0.08803,0.08798,0.08801,-0.00084477,-0.00073528,-0.0008789,-0.0008789,-9.000000000000674e-05,-0.0010226110669242898
1696780800000,2023-10-08T16:00:00Z,0.08792,0.08811,0.08791,0.08809,657579,57906.18999,0.08792,0.08811,0.08791,0.08809,0.08801,0.08816,0.088,0.08815,-0.0008789,-0.00051958,-0.00071632,-0.00051958,-6.0000000000004494e-05,-0.0006806579693704423
1696781100000,2023-10-08T16:05:00Z,0.08809,0.08815,0.08807,0.08809,193283,17027.11279,0.08809,0.08815,0.08808,0.0881,0.08815,0.08822,0.08815,0.08817,-0.00051958,-0.00052829,-0.00062731,-0.00062731,-7.999999999999674e-05,-0.0009073380968583048
1696781400000,2023-10-08T16:10:00Z,0.08809,0.08813,0.08807,0.08809,104972,9248.00708,0.0881,0.08814,0.08808,0.08811,0.08817,0.08821,0.08816,0.08819,-0.00062731,-0.00062111,-0.00070265,-0.00070265,-0.00010000000000000286,-0.0011339154099104531
1696781700000,2023-10-08T16:15:00Z,0.08809,0.08816,0.08809,0.08815,96196,8477.50967,0.08811,0.08817,0.08811,0.08815,0.08819,0.08826,0.08819,0.08824,-0.00070265,-0.00048339,-0.00049478,-0.00049478,-8.999999999999286e-05,-0.0010199456029010977
1696782000000,2023-10-08T16:20:00Z,0.08815,0.08816,0.0881,0.08811,14201,1251.76163,0.08815,0.08816,0.08811,0.08811,0.08824,0.08824,0.08818,0.08819,-0.00049478,-0.00055367,-0.00057521,-0.00055367,-8.000000000001062e-05,-0.0009071323279284569
1696782300000,2023-10-08T16:25:00Z,0.08811,0.08811,0.08808,0.08809,48693,4289.0571,0.08811,0.08811,0.08809,0.08809,0.08819,0.08819,0.08816,0.08817,-0.00055367,-0.00054508,-0.00074186,-0.00054508,-7.999999999999674e-05,-0.0009073380968583048
1696782600000,2023-10-08T16:30:00Z,0.08809,0.08816,0.08809,0.08814,33380,2940.93682,0.08809,0.08816,0.08809,0.08815,0.08817,0.08822,0.08817,0.08822,-0.00054508,-0.0002862,-0.00037358,-0.00037358,-8.000000000001062e-05,-0.0009068238494673613
1696782900000,2023-10-08T16:35:00Z,0.08814,0.08815,0.08814,0.08814,46577,4105.59789,0.08815,0.08817,0.08814,0.08814,0.08822,0.08824,0.0882,0.08821,-0.00037358,-0.00059045,-0.00060628,-0.00060628,-7.000000000000062e-05,-0.0007935608207686273
1696783200000,2023-10-08T16:40:00Z,0.08814,0.0882,0.08814,0.08819,205389,18111.09008,0.08814,0.0882,0.08814,0.08819,0.08821,0.08825,0.0882,0.08825,-0.00060628,-0.00059231,-0.00066356,-0.00066356,-5.9999999999990616e-05,-0.0006798866855523017
1696783500000,2023-10-08T16:45:00Z,0.08819,0.0882,0.08815,0.08816,43891,3870.3284,0.08819,0.08819,0.08815,0.08816,0.08825,0.08825,0.08822,0.08822,-0.00066356,-0.00049795,-0.00056619,-0.00056619,-6.0000000000004494e-05,-0.0006801178871004817
1696783800000,2023-10-08T16:50:00Z,0.08816,0.08816,0.0881,0.08811,71673,6315.67814,0.08816,0.08816,0.08811,0.08811,0.08822,0.08822,0.08817,0.08818,-0.00056619,-0.0005317,-0.00054865,-0.0005317,-7.000000000000062e-05,-0.0007938308006350717
1696784100000,2023-10-08T16:55:00Z,0.08811,0.08813,0.0881,0.08812,83466,7354.51209,0.08811,0.08813,0.0881,0.08812,0.08818,0.08819,0.08817,0.08819,-0.0005317,-0.00034883,-0.00061673,-0.00061673,-7.000000000000062e-05,-0.0007937407869373015
1696784400000,2023-10-08T17:00:00Z,0.08812,0.08818,0.08811,0.08818,22452,1978.611,0.08812,0.08819,0.08811,0.08819,0.08819,0.08825,0.08817,0.08825,-0.00061673,-0.00035298,-0.00055579,-0.00035298,-7.000000000000062e-05,-0.000793201133144483
1696784700000,2023-10-08T17:05:00Z,0.08818,0.0882,0.08815,0.08817,93018,8201.33126,0.08819,0.08821,0.08816,0.08817,0.08825,0.08827,0.08822,0.08822,-0.00035298,-0.00062228,-0.00068393,-0.00068393,-5.000000000000837e-05,-0.0005667649059171205
1696785000000,2023-10-08T17:10:00Z,0.08817,0.08818,0.08811,0.08811,250244,22055.45361,0.08817,0.08818,0.08812,0.08812,0.08822,0.08823,0.08818,0.08818,-0.00068393,-0.00064029,-0.00071154,-0.00064029,-7.000000000000062e-05,-0.0007938308006350717
1696785300000,2023-10-08T17:15:00Z,0.08811,0.08811,0.08809,0.08809,14011,1234.29719,0.08812,0.08812,0.0881,0.08811,0.08818,0.08818,0.08817,0.08818,-0.00064029,-0.00061317,-0.00068428,-0.00068428,-8.999999999999286e-05,-0.0010206396008164307
1696785600000,2023-10-08T17:20:00Z,0.08809,0.0881,0.08807,0.08807,24077,2121.08242,0.08811,0.08811,0.08807,0.08807,0.08818,0.08818,0.08815,0.08815,-0.00068428,-0.00065619,-0.00083601,-0.00065619,-8.000000000001062e-05,-0.0009075439591606422
1696785900000,2023-10-08T17:25:00Z,0.08807,0.0882,0.08807,0.08816,945868,83364.83111,0.08807,0.08822,0.08807,0.08816,0.08815,0.08829,0.08815,0.08824,-0.00065619,-0.00074342,-0.00095945,-0.00074342,-7.999999999999674e-05,-0.0009066183136898996
1696786200000,2023-10-08T17:30:00Z,0.08816,0.08817,0.08812,0.08813,52047,4587.14819,0.08816,0.08817,0.08812,0.08813,0.08824,0.08824,0.08817,0.08817,-0.00074342,-0.00051701,-0.00056702,-0.00056702,-3.999999999999837e-05,-0.0004536690484291524
1696786500000,2023-10-08T17:35:00Z,0.08813,0.08813,0.08808,0.08811,841251,74115.94209,0.08813,0.08814,0.08811,0.08812,0.08817,0.08819,0.08816,0.08817,-0.00056702,-0.00032271,-0.00039045,-0.00032271,-6.0000000000004494e-05,-0.0006805035726438073
1696786800000,2023-10-08T17:40:00Z,0.08811,0.08811,0.08806,0.08809,45736,4028.76261,0.08812,0.08812,0.08808,0.0881,0.08817,0.08817,0.08814,0.08817,-0.00032271,-0.00058829,-0.00062182,-0.00058829,-7.999999999999674e-05,-0.0009073380968583048
1696787100000,2023-10-08T17:45:00Z,0.08809,0.08811,0.08805,0.08805,12111,1066.84069,0.0881,0.08811,0.08805,0.08808,0.08817,0.08817,0.08812,0.08815,-0.00058829,-0.00065933,-0.000746,-0.000746,-0.00010000000000000286,-0.0011344299489506847
1696787400000,2023-10-08T17:50:00Z,0.08805,0.08808,0.08805,0.08806,3881,341.76834,0.08808,0.08809,0.08806,0.08808,0.08815,0.08817,0.08815,0.08817,-0.000746,-0.00066522,-0.00078836,-0.00078836,-0.00010999999999999899,-0.0012475898831802086
1696787700000,2023-10-08T17:55:00Z,0.08806,0.08806,0.08806,0.08806,62114,5469.75884,0.08808,0.08808,0.08806,0.08806,0.08817,0.08817,0.08815,0.08816,-0.00078836,-0.00087534,-0.00087534,-0.00087534,-0.00010000000000000286,-0.0011343012704174552
1696788000000,2023-10-08T18:00:00Z,0.08806,0.08806,0.08803,0.08803,36890,3247.91516,0.08806,0.08806,0.08803,0.08804,0.08816,0.08816,0.08812,0.08813,-0.00087534,-0.00072767,-0.00098127,-0.00098127,-0.00010000000000000286,-0.0011346873936230893
1696788300000,2023-10-08T18:05:00Z,0.08803,0.08803,0.08797,0.08801,600146,52807.84599,0.08804,0.08804,0.08798,0.08802,0.08813,0.08813,0.08807,0.08811,-0.00098127,-0.0006343,-0.00085972,-0.0006343,-9.999999999998899e-05,-0.0011349449551695493
1696788600000,2023-10-08T18:10:00Z,0.08801,0.08804,0.08801,0.08804,290269,25553.39412,0.08802,0.08804,0.08801,0.08804,0.08811,0.08811,0.08809,0.0881,-0.0006343,-0.00083972,-0.00091703,-0.00083972,-6.0000000000004494e-05,-0.0006810442678774631
1696788900000,2023-10-08T18:15:00Z,0.08804,0.08805,0.08797,0.08798,179059,15763.20584,0.08804,0.08805,0.08797,0.08798,0.0881,0.08812,0.08804,0.08804,-0.00083972,-0.00069255,-0.00087492,-0.00069255,-5.9999999999990616e-05,-0.0006815084052702251
1696789200000,2023-10-08T18:20:00Z,0.08798,0.08799,0.08798,0.08799,127579,11225.45268,0.08798,0.08801,0.08798,0.088,0.08804,0.08809,0.08804,0.08809,-0.00069255,-0.00067938,-0.00079282,-0.00067938,-0.00010000000000000286,-0.0011352026336701427
1696789500000,2023-10-08T18:25:00Z,0.08799,0.08799,0.08798,0.08798,40207,3537.77642,0.088,0.088,0.08798,0.08798,0.08809,0.08809,0.08808,0.08808,-0.00067938,-0.0007509,-0.0007534,-0.0007534,-0.00010000000000000286,-0.0011353315168029388
1696789800000,2023-10-08T18:30:00Z,0.08798,0.088,0.08798,0.088,9374,824.87263,0.08798,0.08801,0.08798,0.08801,0.08808,0.0881,0.08808,0.0881,-0.0007534,-0.00076296,-0.00078649,-0.00078649,-0.00010000000000000286,-0.0011350737797957192
1696790100000,2023-10-08T18:35:00Z,0.088,0.08804,0.088,0.08803,428758,37746.51288,0.08801,0.08804,0.08801,0.08804,0.0881,0.08811,0.08809,0.08811,-0.00078649,-0.00061536,-0.00067778,-0.00061536,-7.999999999999674e-05,-0.0009079559641357025
1696790400000,2023-10-08T18:40:00Z,0.08803,0.08808,0.08803,0.08808,3360,295.925,0.08804,0.0881,0.08803,0.08808,0.08811,0.08818,0.0881,0.08817,-0.00061536,-0.00059437,-0.00060455,-0.00060455,-8.999999999999286e-05,-0.0010207553589655536
1696790700000,2023-10-08T18:45:00Z,0.08808,0.08808,0.08808,0.08808,0,0,0.08808,0.08809,0.08808,0.08809,0.08817,0.08818,0.08816,0.08817,-0.00060455,-0.00042615,-0.00057899,-0.00057899,-8.999999999999286e-05,-0.0010207553589655536
1696791000000,2023-10-08T18:50:00Z,0.08808,0.08813,0.08808,0.08813,141346,12452.65264,0.08809,0.08813,0.08808,0.08813,0.08817,0.08821,0.08816,0.0882,-0.00057899,-0.00063873,-0.00078013,-0.00078013,-7.000000000000062e-05,-0.0007936507936508007
1696791300000,2023-10-08T18:55:00Z,0.08813,0.08813,0.08812,0.08812,635,55.95642,0.08813,0.08813,0.08812,0.08812,0.0882,0.08821,0.08819,0.08819,-0.00078013,-0.00076666,-0.00077131,-0.00077131,-7.000000000000062e-05,-0.0007937407869373015
1696791600000,2023-10-08T19:00:00Z,0.08812,0.08814,0.08812,0.08814,16341,1440.11198,0.08812,0.08814,0.08812,0.08814,0.08819,0.08821,0.08819,0.0882,-0.00077131,-0.00054603,-0.00076794,-0.00076794,-6.0000000000004494e-05,-0.0006802721088435883
1696791900000,2023-10-08T19:05:00Z,0.08814,0.08814,0.08808,0.08808,37274,3284.64657,0.08814,0.08814,0.08808,0.08808,0.0882,0.08821,0.08814,0.08815,-0.00076794,-0.0006144,-0.00063218,-0.0006144,-7.000000000000062e-05,-0.0007941009642654635
1696792200000,2023-10-08T19:10:00Z,0.08808,0.08811,0.08808,0.0881,55022,4847.3386,0.08808,0.08813,0.08808,0.0881,0.08815,0.08819,0.08815,0.08817,-0.0006144,-0.00064266,-0.00066738,-0.00064266,-7.000000000000062e-05,-0.0007939208347510561
1696792500000,2023-10-08T19:15:00Z,0.0881,0.0882,0.08808,0.0882,1060898,93541.46468,0.0881,0.08811,0.08808,0.0881,0.08817,0.08818,0.08815,0.08817,-0.00064266,-0.00061225,-0.00061667,-0.00061667,3.0000000000002247e-05,0.00034025178632190366
1696792800000,2023-10-08T19:20:00Z,0.0882,0.08824,0.08812,0.08815,876049,77272.39273,0.0881,0.08821,0.0881,0.08816,0.08817,0.08821,0.08817,0.08821,-0.00061667,-0.00002312,-0.00016982,-0.00016982,-5.9999999999990616e-05,-0.0006801949892301396
1696793100000,2023-10-08T19:25:00Z,0.08815,0.08815,0.08815,0.08815,196,17.2774,0.08816,0.08817,0.08815,0.08816,0.08821,0.08822,0.08821,0.08822,-0.00016982,-0.00030661,-0.00030752,-0.00030661,-7.000000000000062e-05,-0.0007934708682838428
1696793400000,2023-10-08T19:30:00Z,0.08815,0.08818,0.08815,0.08818,14371,1267.20949,0.08816,0.08818,0.08815,0.08818,0.08822,0.08823,0.08821,0.08823,-0.00030661,-0.00034296,-0.00034308,-0.00034308,-5.000000000000837e-05,-0.000566700668706884
1696793700000,2023-10-08T19:35:00Z,0.08818,0.08818,0.08812,0.08813,822607,72501.6348,0.08818,0.08818,0.08814,0.08814,0.08823,0.08823,0.0882,0.0882,-0.00034308,-0.00035864,-0.00058179,-0.00058179,-7.000000000000062e-05,-0.0007936507936508007
1696794000000,2023-10-08T19:40:00Z,0.08813,0.08813,0.08812,0.08813,720,63.45328,0.08814,0.08815,0.08812,0.08813,0.0882,0.08821,0.0882,0.0882,-0.00058179,-0.00054841,-0.00063836,-0.00063836,-7.000000000000062e-05,-0.0007936507936508007
1696794300000,2023-10-08T19:45:00Z,0.08813,0.08813,0.08812,0.08813,7319,644.9503,0.08813,0.08813,0.08812,0.08813,0.0882,0.08821,0.0882,0.0882,-0.00063836,-0.00064516,-0.00078449,-0.00078449,-7.000000000000062e-05,-0.0007936507936508007
1696794600000,2023-10-08T19:50:00Z,0.08813,0.08816,0.08813,0.08816,15975,1407.9059,0.08813,0.08816,0.08813,0.08816,0.0882,0.08823,0.0882,0.08822,-0.00078449,-0.0004703,-0.00060609,-0.0004703,-6.0000000000004494e-05,-0.0006801178871004817
1696794900000,2023-10-08T19:55:00Z,0.08816,0.08816,0.08815,0.08816,58044,5116.58535,0.08816,0.08816,0.08816,0.08816,0.08822,0.08822,0.08821,0.08822,-0.0004703,-0.000517,-0.00054806,-0.000517,-6.0000000000004494e-05,-0.0006801178871004817
1696795200000,2023-10-08T20:00:00Z,0.08816,0.08816,0.08816,0.08816,4510,397.6016,0.08816,0.08817,0.08816,0.08816,0.08822,0.08823,0.08822,0.08822,-0.000517,-0.00051983,-0.00055837,-0.00055837,-6.0000000000004494e-05,-0.0006801178871004817
1696795500000,2023-10-08T20:05:00Z,0.08816,0.08816,0.08815,0.08816,229,20.18804,0.08816,0.08816,0.08816,0.08816,0.08822,0.08823,0.08821,0.08822,-0.00055837,-0.00053967,-0.00055894,-0.00053967,-6.0000000000004494e-05,-0.0006801178871004817
1696795800000,2023-10-08T20:10:00Z,0.08816,0.08816,0.08814,0.08814,62742,5530.65393,0.08816,0.08816,0.08814,0.08816,0.08822,0.08823,0.08821,0.08823,-0.00053967,-0.00061289,-0.00065869,-0.00061289,-9.000000000000674e-05,-0.0010200612036722968
1696796100000,2023-10-08T20:15:00Z,0.08814,0.08814,0.08814,0.08814,340,29.9676,0.08816,0.08816,0.08814,0.08814,0.08823,0.08823,0.08821,0.08821,-0.00061289,-0.00058111,-0.00065982,-0.00058111,-7.000000000000062e-05,-0.0007935608207686273
1696796400000,2023-10-08T20:20:00Z,0.08814,0.08815,0.08814,0.08815,1725,152.04171,0.08814,0.08815,0.08814,0.08815,0.08821,0.08822,0.08821,0.08821,-0.00058111,-0.00057011,-0.00058496,-0.00058496,-5.9999999999990616e-05,-0.0006801949892301396
1696796700000,2023-10-08T20:25:00Z,0.08815,0.08819,0.08815,0.08819,71002,6259.78269,0.08815,0.08819,0.08815,0.08819,0.08821,0.08825,0.08821,0.08825,-0.00058496,-0.00057474,-0.0006033,-0.0006033,-5.9999999999990616e-05,-0.0006798866855523017
1696797000000,2023-10-08T20:30:00Z,0.08819,0.08822,0.08819,0.08822,55378,4885.36152,0.08819,0.08823,0.08819,0.08823,0.08825,0.08828,0.08825,0.08828,-0.0006033,-0.00031558,-0.00041139,-0.00041139,-5.9999999999990616e-05,-0.0006796556411417152
1696797300000,2023-10-08T20:35:00Z,0.08822,0.08825,0.08821,0.08824,11086,978.1092,0.08823,0.08824,0.08822,0.08824,0.08828,0.08829,0.08827,0.08829,-0.00041139,-0.00045271,-0.00045305,-0.00045305,-4.999999999999449e-05,-0.0005663155510249688
1696797600000,2023-10-08T20:40:00Z,0.08824,0.08825,0.08824,0.08825,6146,542.3296,0.08824,0.08825,0.08824,0.08825,0.08829,0.08829,0.08828,0.08829,-0.00045305,-0.00043923,-0.00045305,-0.00043923,-3.999999999999837e-05,-0.0004530524408200065
1696797900000,2023-10-08T20:45:00Z,0.08825,0.08832,0.08824,0.08829,412520,36422.93406,0.08825,0.0883,0.08825,0.08829,0.08829,0.08832,0.08828,0.08832,-0.00043923,-0.00045305,-0.00045305,-0.00045305,-3.0000000000002247e-05,-0.00033967391304350373
1696798200000,2023-10-08T20:50:00Z,0.08829,0.0883,0.08829,0.0883,85806,7576.6578,0.08829,0.0883,0.08829,0.0883,0.08832,0.08832,0.08831,0.08832,-0.00045305,-0.00022644,-0.00022644,-0.00022644,-1.9999999999992246e-05,-0.00022644927536223105
1696798500000,2023-10-08T20:55:00Z,0.0883,0.0883,0.08826,0.08827,68596,6055.77375,0.0883,0.08831,0.08826,0.08827,0.08832,0.08833,0.08829,0.08829,-0.00022644,-0.00022652,-0.00028788,-0.00022652,-1.9999999999992246e-05,-0.00022652622040992467
1696798800000,2023-10-08T21:00:00Z,0.08827,0.08828,0.08826,0.08828,34995,3088.98902,0.08827,0.0883,0.08826,0.0883,0.08829,0.08833,0.08829,0.08833,-0.00022652,-0.0002391,-0.00033975,-0.0002391,-5.000000000000837e-05,-0.0005660590965697766
1696799100000,2023-10-08T21:05:00Z,0.08828,0.08832,0.08828,0.08832,29633,2616.94686,0.0883,0.08832,0.0883,0.08832,0.08833,0.08835,0.08833,0.08835,-0.0002391,-0.00007232,-0.00010074,-0.00007232,-3.0000000000002247e-05,-0.00033955857385401525
1696799400000,2023-10-08T21:10:00Z,0.08832,0.08837,0.08831,0.08833,135360,11959.4747,0.08832,0.08836,0.08832,0.08833,0.08835,0.08837,0.08835,0.08836,-0.00007232,0,-0.00019497,0,-2.999999999998837e-05,-0.0003395201448617969
1696799700000,2023-10-08T21:15:00Z,0.08833,0.08835,0.08829,0.08829,159105,14054.72485,0.08833,0.08835,0.08829,0.08829,0.08836,0.08836,0.08829,0.0883,0,-0.00009586,-0.00022642,-0.00022642,-1.0000000000010001e-05,-0.00011325028312582108
1696800000000,2023-10-08T21:20:00Z,0.08829,0.08829,0.08824,0.08824,44594,3935.89412,0.08829,0.08829,0.08825,0.08826,0.0883,0.0883,0.08828,0.08829,-0.00022642,0,-0.00006773,0,-4.999999999999449e-05,-0.0005663155510249688
1696800300000,2023-10-08T21:25:00Z,0.08824,0.08825,0.08824,0.08824,17287,1525.42143,0.08826,0.08826,0.08824,0.08824,0.08829,0.08829,0.08827,0.08827,0,-0.0001127,-0.00033982,-0.00033982,-3.0000000000002247e-05,-0.000339866319247788
1696800600000,2023-10-08T21:30:00Z,0.08824,0.08824,0.08811,0.08815,114826,10124.25685,0.08824,0.08824,0.08815,0.08816,0.08827,0.08827,0.0882,0.08821,-0.00033982,-0.00032464,-0.00045325,-0.00032464,-5.9999999999990616e-05,-0.0006801949892301396
1696800900000,2023-10-08T21:35:00Z,0.08815,0.08817,0.08812,0.08812,16365,1442.74529,0.08816,0.08818,0.08812,0.08812,0.08821,0.08823,0.08817,0.08817,-0.00032464,-0.0003365,-0.00054967,-0.00054967,-4.999999999999449e-05,-0.0005670863105364012
1696801200000,2023-10-08T21:40:00Z,0.08812,0.08814,0.08809,0.08814,66747,5881.66086,0.08812,0.08815,0.0881,0.08814,0.08817,0.08819,0.08814,0.08818,-0.00054967,-0.00016277,-0.00034036,-0.00016277,-3.999999999999837e-05,-0.00045361760036287564
1696801500000,2023-10-08T21:45:00Z,0.08814,0.08816,0.08814,0.08816,37464,3302.82624,0.08814,0.08816,0.08814,0.08816,0.08818,0.08819,0.08818,0.08819,-0.00016277,-0.00034017,-0.00034017,-0.00034017,-3.0000000000002247e-05,-0.0003401746229731517
1696801800000,2023-10-08T21:50:00Z,0.08816,0.08816,0.08804,0.08805,114408,10080.39002,0.08816,0.08816,0.08805,0.08805,0.08819,0.08819,0.08807,0.08807,-0.00034017,-0.00049892,-0.00056753,-0.00056753,-1.9999999999992246e-05,-0.0002270920858407204
1696802100000,2023-10-08T21:55:00Z,0.08805,0.08805,0.08798,0.08799,56893,5006.57537,0.08805,0.08805,0.08799,0.08799,0.08807,0.08808,0.08804,0.08804,-0.00056753,-0.00024554,-0.00028199,-0.00028199,-4.999999999999449e-05,-0.0005679236710585472
1696802400000,2023-10-08T22:00:00Z,0.08799,0.08799,0.08794,0.08797,68806,6052.31683,0.08799,0.08799,0.08797,0.08797,0.08804,0.08804,0.08802,0.08802,-0.00028199,-0.00031481,-0.00040577,-0.00040577,-4.999999999999449e-05,-0.0005680527152919165
1696802700000,2023-10-08T22:05:00Z,0.08797,0.08797,0.08792,0.08795,482724,42448.98928,0.08797,0.08798,0.08792,0.08795,0.08802,0.08803,0.08796,0.08796,-0.00040577,-0.00031749,-0.00034106,-0.00031749,-9.999999999996123e-06,-0.00011368804001814601
1696803000000,2023-10-08T22:10:00Z,0.08795,0.08795,0.08784,0.08788,195373,17171.6404,0.08795,0.08795,0.08786,0.08789,0.08796,0.08796,0.0879,0.08795,-0.00031749,-0.00027947,-0.0005856,-0.00027947,-7.000000000000062e-05,-0.0007959067652075113
1696803300000,2023-10-08T22:15:00Z,0.08788,0.088,0.08787,0.088,28150,2474.9057,0.08789,0.088,0.08788,0.088,0.08795,0.08805,0.08794,0.08805,-0.00027947,-0.00009457,-0.0000967,-0.0000967,-5.000000000000837e-05,-0.0005678591709257055
1696803600000,2023-10-08T22:20:00Z,0.088,0.08802,0.088,0.088,2160,190.09518,0.088,0.08803,0.088,0.088,0.08805,0.08808,0.08803,0.08804,-0.0000967,-0.00028324,-0.00056798,-0.00056798,-3.999999999999837e-05,-0.00045433893684686933
1696803900000,2023-10-08T22:25:00Z,0.088,0.088,0.08794,0.08794,22294,1960.54936,0.088,0.088,0.08794,0.08794,0.08804,0.08804,0.08796,0.08796,-0.00056798,-0.00033265,-0.00041431,-0.00033265,-1.9999999999992246e-05,-0.00022737608003629202
1696804200000,2023-10-08T22:30:00Z,0.08794,0.08794,0.08788,0.08788,112115,9853.78643,0.08794,0.08794,0.08788,0.08788,0.08796,0.08797,0.08792,0.08793,-0.00033265,-0.0004549,-0.00056856,-0.00056856,-4.999999999999449e-05,-0.0005686341407937506
1696804500000,2023-10-08T22:35:00Z,0.08788,0.08794,0.08787,0.0879,100195,8805.29637,0.08788,0.08794,0.08788,0.0879,0.08793,0.08799,0.08793,0.08795,-0.00056856,-0.00034155,-0.00062207,-0.00062207,-4.999999999999449e-05,-0.0005685048322910119
1696804800000,2023-10-08T22:40:00Z,0.0879,0.0879,0.08787,0.08788,36451,3203.25661,0.0879,0.0879,0.08788,0.08788,0.08795,0.08795,0.08794,0.08794,-0.00062207,-0.00058419,-0.00071154,-0.00071154,-6.0000000000004494e-05,-0.0006822833750284795
1696805100000,2023-10-08T22:45:00Z,0.08788,0.08793,0.08788,0.08792,72221,6347.50848,0.08788,0.08793,0.08788,0.08792,0.08794,0.08797,0.08793,0.08796,-0.00071154,-0.0004547,-0.00045475,-0.00045475,-3.999999999999837e-05,-0.00045475216007274184
1696805400000,2023-10-08T22:50:00Z,0.08792,0.08792,0.08786,0.08786,12686,1114.68574,0.08792,0.08792,0.08786,0.08786,0.08796,0.08797,0.08791,0.08791,-0.00045475,-0.00066825,-0.00068236,-0.00068236,-5.000000000000837e-05,-0.0005687635081334134
1696805700000,2023-10-08T22:55:00Z,0.08786,0.08789,0.08785,0.08789,67585,5938.09507,0.08786,0.0879,0.08785,0.0879,0.08791,0.08796,0.08791,0.08796,-0.00068236,-0.00035118,-0.00040302,-0.00040302,-7.000000000000062e-05,-0.0007958162801273376
1696806000000,2023-10-08T23:00:00Z,0.08789,0.08791,0.08789,0.08791,15607,1371.92347,0.0879,0.08793,0.08789,0.08791,0.08796,0.08798,0.08795,0.08798,-0.00040302,-0.00040577,-0.00046078,-0.00046078,-7.000000000000062e-05,-0.0007956353716753878
1696806300000,2023-10-08T23:05:00Z,0.08791,0.08799,0.08791,0.08799,35933,3160.52342,0.08791,0.08801,0.08791,0.08801,0.08798,0.08807,0.08798,0.08806,-0.00046078,-0.0000526,-0.000272,-0.000272,-7.000000000000062e-05,-0.000794912559618449
1696806600000,2023-10-08T23:10:00Z,0.08799,0.088,0.08794,0.08794,20514,1804.80975,0.08801,0.08802,0.08794,0.08794,0.08806,0.08807,0.08801,0.08801,-0.000272,-0.00029201,-0.00030689,-0.00030689,-7.000000000000062e-05,-0.0007953641631632839
1696806900000,2023-10-08T23:15:00Z,0.08794,0.08794,0.08789,0.08792,6399,562.46141,0.08794,0.08794,0.0879,0.08792,0.08801,0.08801,0.08796,0.08796,-0.00030689,-0.00041225,-0.00066867,-0.00066867,-3.999999999999837e-05,-0.00045475216007274184
1696807200000,2023-10-08T23:20:00Z,0.08792,0.08792,0.08785,0.08787,19297,1695.62434,0.08792,0.08792,0.08785,0.08787,0.08796,0.08796,0.08789,0.08792,-0.00066867,-0.0002106,-0.00057555,-0.0002106,-4.999999999999449e-05,-0.0005686988171063978
1696807500000,2023-10-08T23:25:00Z,0.08787,0.08789,0.08787,0.08789,16733,1470.49841,0.08787,0.08789,0.08787,0.08789,0.08792,0.08794,0.08792,0.08792,-0.0002106,-0.00026145,-0.00030478,-0.00030478,-3.0000000000002247e-05,-0.0003412192902639018
1696807800000,2023-10-08T23:30:00Z,0.08789,0.08789,0.08785,0.08786,20074,1763.91055,0.08789,0.08789,0.08786,0.08788,0.08792,0.08793,0.0879,0.08793,-0.00030478,-0.00016981,-0.00041908,-0.00041908,-7.000000000000062e-05,-0.0007960877971113457
1696808100000,2023-10-08T23:35:00Z,0.08786,0.08791,0.08786,0.0879,40555,3564.1675,0.08788,0.08791,0.08787,0.0879,0.08793,0.08796,0.08793,0.08795,-0.00041908,-0.00043786,-0.00044445,-0.00044445,-4.999999999999449e-05,-0.0005685048322910119
1696808400000,2023-10-08T23:40:00Z,0.0879,0.08791,0.0879,0.08791,22072,1940.15316,0.0879,0.08791,0.0879,0.08791,0.08795,0.08796,0.08795,0.08795,-0.00044445,-0.00030289,-0.00041962,-0.00041962,-3.999999999999837e-05,-0.00045480386583284107
1696808700000,2023-10-08T23:45:00Z,0.08791,0.08791,0.0879,0.0879,2193,192.7647,0.08791,0.08791,0.0879,0.08791,0.08795,0.08795,0.08793,0.08795,-0.00041962,-0.00022745,-0.0004549,-0.0004549,-4.999999999999449e-05,-0.0005685048322910119
1696809000000,2023-10-08T23:50:00Z,0.0879,0.08792,0.08788,0.08791,44811,3939.64269,0.08791,0.08792,0.08789,0.08791,0.08795,0.08797,0.08794,0.08797,-0.0004549,-0.00045475,-0.00056837,-0.00045475,-6.0000000000004494e-05,-0.0006820506991020176
1696809300000,2023-10-08T23:55:00Z,0.08791,0.08796,0.08789,0.08796,47719,4194.88281,0.08791,0.08796,0.08789,0.08796,0.08797,0.08801,0.08795,0.08801,-0.00045475,-0.00064938,-0.00068212,-0.00064938,-5.000000000000837e-05,-0.0005681172594024358
1696809600000,2023-10-09T00:00:00Z,0.08796,0.08798,0.0878,0.08782,246914,21694.12912,0.08796,0.08798,0.0878,0.08782,0.08801,0.08803,0.08786,0.08789,-0.00064938,-0.00048179,-0.00060118,-0.00060118,-7.000000000000062e-05,-0.0007964501080896646
1696809900000,2023-10-09T00:05:00Z,0.08782,0.08786,0.08782,0.08782,9604,843.46748,0.08782,0.08786,0.08782,0.08784,0.08789,0.08793,0.08789,0.08791,-0.00060118,-0.00052013,-0.0006504,-0.0006504,-9.000000000000674e-05,-0.0010237743146400493
1696810200000,2023-10-09T00:10:00Z,0.08782,0.08785,0.08782,0.08784,3020,265.26363,0.08784,0.08785,0.08783,0.08784,0.08791,0.08792,0.0879,0.08791,-0.0006504,-0.00050619,-0.00075386,-0.00075386,-7.000000000000062e-05,-0.0007962689113866524
1696810500000,2023-10-09T00:15:00Z,0.08784,0.08784,0.08766,0.08766,1092856,95887.8335,0.08784,0.08784,0.08768,0.08768,0.08791,0.08791,0.08779,0.08779,-0.00075386,-0.00109313,-0.00120125,-0.00109313,-0.0001300000000000051,-0.00148080646998525
1696810800000,2023-10-09T00:20:00Z,0.08766,0.08767,0.08752,0.08759,289380,25347.30333,0.08768,0.08768,0.08754,0.08759,0.08779,0.0878,0.08765,0.08768,-0.00109313,-0.00086605,-0.00102588,-0.00086605,-8.999999999999286e-05,-0.0010264598540145173
1696811100000,2023-10-09T00:25:00Z,0.08759,0.08761,0.08753,0.08758,100915,8836.75166,0.08759,0.08761,0.08754,0.08759,0.08768,0.0877,0.08764,0.08769,-0.00086605,-0.00063443,-0.00065461,-0.00063443,-0.00010999999999999899,-0.0012544189759379517
1696811400000,2023-10-09T00:30:00Z,0.08758,0.08776,0.08757,0.08769,199266,17470.27111,0.08759,0.08777,0.08758,0.08772,0.08769,0.08786,0.08768,0.08781,-0.00063443,-0.00078321,-0.0010083,-0.0010083,-0.00011999999999999511,-0.0013665869490945804
1696811700000,2023-10-09T00:35:00Z,0.08769,0.08784,0.08769,0.08783,80095,7029.76074,0.08772,0.08784,0.08772,0.08783,0.08781,0.08792,0.08781,0.08792,-0.0010083,-0.00079906,-0.00099749,-0.00079906,-8.999999999999286e-05,-0.0010236578707915477
1696812000000,2023-10-09T00:40:00Z,0.08783,0.08785,0.0878,0.0878,26249,2305.69193,0.08783,0.08785,0.0878,0.08782,0.08792,0.08794,0.08788,0.0879,-0.00079906,-0.00066124,-0.00085772,-0.00085772,-0.00010000000000000286,-0.0011376564277588493
1696812300000,2023-10-09T00:45:00Z,0.0878,0.08789,0.0878,0.08789,36329,3192.57393,0.08782,0.08789,0.08781,0.08789,0.0879,0.08797,0.08789,0.08796,-0.00085772,-0.00070649,-0.00076793,-0.00070649,-7.000000000000062e-05,-0.0007958162801273376
1696812600000,2023-10-09T00:50:00Z,0.08789,0.08789,0.08778,0.08785,8182,718.32616,0.08789,0.08789,0.08779,0.08785,0.08796,0.08796,0.08787,0.08791,-0.00070649,-0.00030951,-0.00066207,-0.00066207,-6.0000000000004494e-05,-0.0006825162097600329
1696812900000,2023-10-09T00:55:00Z,0.08785,0.08785,0.08774,0.08776,79757,7002.71458,0.08785,0.08785,0.08776,0.08776,0.08791,0.08792,0.08783,0.08783,-0.00066207,-0.00048811,-0.00062437,-0.00062437,-7.000000000000062e-05,-0.0007969941933280271
1696813200000,2023-10-09T01:00:00Z,0.08776,0.08776,0.08768,0.08768,27597,2420.73085,0.08776,0.08776,0.08769,0.0877,0.08783,0.08784,0.08777,0.08778,-0.00062437,-0.00085304,-0.00098268,-0.00085304,-0.00010000000000000286,-0.0011392116655274877
1696813500000,2023-10-09T01:05:00Z,0.08768,0.08775,0.08768,0.08771,10634,932.69416,0.0877,0.08775,0.08769,0.08771,0.08778,0.08783,0.08778,0.0878,-0.00085304,-0.00092747,-0.00101992,-0.00101992,-9.000000000000674e-05,-0.001025056947608277
1696813800000,2023-10-09T01:10:00Z,0.08771,0.08772,0.08768,0.08769,14480,1269.81297,0.08771,0.08772,0.08769,0.08769,0.0878,0.08781,0.08778,0.08778,-0.00101992,-0.00081273,-0.00093928,-0.00081273,-8.999999999999286e-05,-0.0010252904989746282
1696814100000,2023-10-09T01:15:00Z,0.08769,0.08779,0.08769,0.08779,42523,3730.72346,0.08769,0.08779,0.08769,0.08779,0.08778,0.08786,0.08778,0.08786,-0.00081273,-0.00074863,-0.0007969,-0.0007969,-6.999999999998674e-05,-0.0007967220578191071
1696814400000,2023-10-09T01:20:00Z,0.08779,0.08784,0.08779,0.08783,2506,220.05187,0.08779,0.08786,0.08779,0.08786,0.08786,0.08793,0.08786,0.08793,-0.0007969,-0.00058896,-0.00072451,-0.00058896,-9.999999999998899e-05,-0.0011372682815875012
1696814700000,2023-10-09T01:25:00Z,0.08783,0.0879,0.08775,0.08777,221712,19476.52118,0.08786,0.0879,0.08777,0.08777,0.08793,0.08793,0.08785,0.08786,-0.00058896,-0.00088858,-0.00090735,-0.00088858,-8.999999999999286e-05,-0.001024356931481822
1696815000000,2023-10-09T01:30:00Z,0.08777,0.08777,0.08777,0.08777,27478,2411.74406,0.08777,0.08779,0.08777,0.08779,0.08786,0.08788,0.08784,0.08788,-0.00088858,-0.0005025,-0.00061636,-0.00061636,-0.00010999999999999899,-0.0012517068730086367
1696815300000,2023-10-09T01:35:00Z,0.08777,0.08783,0.08775,0.08782,36110,3169.72669,0.08779,0.08783,0.08775,0.08782,0.08788,0.08791,0.08784,0.08791,-0.00061636,-0.00050637,-0.0006206,-0.00050637,-9.000000000000674e-05,-0.0010237743146400493
1696815600000,2023-10-09T01:40:00Z,0.08782,0.08783,0.08782,0.08783,35050,3078.441,0.08782,0.08783,0.08782,0.08782,0.08791,0.08791,0.08789,0.0879,-0.00050637,-0.00069215,-0.00070728,-0.00069215,-7.000000000000062e-05,-0.0007963594994311788
1696815900000,2023-10-09T01:45:00Z,0.08783,0.08793,0.08782,0.08791,53461,4698.80779,0.08782,0.08794,0.08782,0.08793,0.0879,0.08801,0.0879,0.088,-0.00069215,-0.00068189,-0.0008983,-0.0008983,-8.999999999999286e-05,-0.0010227272727271917
1696816200000,2023-10-09T01:50:00Z,0.08791,0.08802,0.08789,0.08802,77166,6788.61668,0.08793,0.08802,0.08789,0.08802,0.088,0.0881,0.08797,0.0881,-0.0008983,-0.0004796,-0.00057725,-0.00057725,-7.999999999999674e-05,-0.0009080590238365124
1696816500000,2023-10-09T01:55:00Z,0.08802,0.08808,0.08802,0.08803,524956,46228.12806,0.08802,0.08808,0.08802,0.08803,0.0881,0.08811,0.08808,0.08808,-0.00057725,-0.00049812,-0.00051424,-0.00049812,-5.000000000000837e-05,-0.0005676657584015482
1696816800000,2023-10-09T02:00:00Z,0.08803,0.08808,0.08795,0.08796,36187,3185.68194,0.08803,0.08808,0.08797,0.08797,0.08808,0.08813,0.08803,0.08803,-0.00049812,-0.00054996,-0.00060136,-0.00054996,-7.000000000000062e-05,-0.0007951834601840352
1696817100000,2023-10-09T02:05:00Z,0.08796,0.08801,0.08796,0.08799,15241,1340.9446,0.08797,0.08802,0.08797,0.08799,0.08803,0.08808,0.08803,0.08805,-0.00054996,-0.00051283,-0.00054474,-0.00051283,-6.0000000000004494e-05,-0.0006814310051107836
1696817400000,2023-10-09T02:10:00Z,0.08799,0.08804,0.08799,0.08802,72607,6391.08959,0.08799,0.08804,0.08799,0.08803,0.08805,0.0881,0.08805,0.08809,-0.00051283,-0.00036584,-0.0003705,-0.00036584,-7.000000000000062e-05,-0.0007946418435690841
1696817700000,2023-10-09T02:15:00Z,0.08802,0.08805,0.08801,0.08801,54474,4795.96377,0.08803,0.08805,0.08801,0.08801,0.08809,0.0881,0.08807,0.08807,-0.00036584,-0.00057883,-0.0005933,-0.00057883,-5.9999999999990616e-05,-0.0006812762575223189
1696818000000,2023-10-09T02:20:00Z,0.08801,0.08803,0.088,0.08803,5679,499.76795,0.08801,0.08804,0.088,0.08804,0.08807,0.0881,0.08806,0.0881,-0.00057883,-0.00050317,-0.00057863,-0.00057863,-7.000000000000062e-05,-0.0007945516458569877
1696818300000,2023-10-09T02:25:00Z,0.08803,0.08804,0.08788,0.08801,1142626,100518.25917,0.08804,0.08804,0.08801,0.08801,0.0881,0.0881,0.08807,0.08808,-0.00057863,-0.00057163,-0.0006334,-0.0006334,-7.000000000000062e-05,-0.0007947320617620415
1696818600000,2023-10-09T02:30:00Z,0.08801,0.08802,0.08801,0.08802,6306,555.05361,0.08801,0.08804,0.08801,0.08802,0.08808,0.08812,0.08808,0.08811,-0.0006334,-0.00061407,-0.00072693,-0.00061407,-8.999999999999286e-05,-0.001021450459652626
1696818900000,2023-10-09T02:35:00Z,0.08802,0.08803,0.08802,0.08802,1184,104.21571,0.08802,0.08803,0.08802,0.08803,0.08811,0.08812,0.08809,0.08811,-0.00061407,-0.00068558,-0.00068558,-0.00068558,-8.999999999999286e-05,-0.001021450459652626
1696819200000,2023-10-09T02:40:00Z,0.08802,0.08803,0.08802,0.08802,357,31.42614,0.08803,0.08804,0.08802,0.08802,0.08811,0.08812,0.0881,0.08811,-0.00068558,-0.00049812,-0.00059387,-0.00049812,-8.999999999999286e-05,-0.001021450459652626
1696819500000,2023-10-09T02:45:00Z,0.08802,0.08804,0.08802,0.08803,1331,117.17252,0.08802,0.08804,0.08802,0.08803,0.08811,0.08812,0.08811,0.08811,-0.00049812,-0.00066485,-0.00076123,-0.00066485,-7.999999999999674e-05,-0.0009079559641357025
1696819800000,2023-10-09T02:50:00Z,0.08803,0.08803,0.08803,0.08803,50,4.4015,0.08803,0.08804,0.08803,0.08804,0.08811,0.08812,0.0881,0.08811,-0.00066485,-0.00054914,-0.00056288,-0.00054914,-7.999999999999674e-05,-0.0009079559641357025
1696820100000,2023-10-09T02:55:00Z,0.08803,0.08804,0.08803,0.08803,259,22.79986,0.08804,0.08804,0.08803,0.08803,0.08811,0.08811,0.0881,0.0881,-0.00054914,-0.00064211,-0.00064937,-0.00064211,-7.000000000000062e-05,-0.0007945516458569877
1696820400000,2023-10-09T03:00:00Z,0.08803,0.08804,0.08803,0.08803,50680,4461.60695,0.08803,0.08805,0.08803,0.08804,0.0881,0.08811,0.08809,0.0881,-0.00064211,-0.0005269,-0.00057298,-0.0005269,-7.000000000000062e-05,-0.0007945516458569877
1696820700000,2023-10-09T03:05:00Z,0.08803,0.08803,0.08802,0.08803,82194,7235.40589,0.08804,0.08805,0.08802,0.08805,0.0881,0.08812,0.08809,0.08812,-0.0005269,-0.00069353,-0.00069375,-0.00069353,-9.000000000000674e-05,-0.0010213345438039802
1696821000000,2023-10-09T03:10:00Z,0.08803,0.08808,0.08803,0.08806,14769,1300.70286,0.08805,0.08809,0.08805,0.08806,0.08812,0.08816,0.08812,0.08813,-0.00069353,-0.00052819,-0.0007496,-0.00052819,-7.000000000000062e-05,-0.0007942811755361468
1696821300000,2023-10-09T03:15:00Z,0.08806,0.08806,0.088,0.088,35311,3107.87043,0.08806,0.08806,0.088,0.08801,0.08813,0.08813,0.08808,0.08809,-0.00052819,-0.00032069,-0.00064854,-0.00064854,-9.000000000000674e-05,-0.0010216823703031756
1696821600000,2023-10-09T03:20:00Z,0.088,0.08801,0.088,0.088,2368,208.39527,0.08801,0.08802,0.088,0.088,0.08809,0.0881,0.08808,0.08808,-0.00064854,-0.00065433,-0.00068407,-0.00068407,-8.000000000001062e-05,-0.0009082652134424457
1696821900000,2023-10-09T03:25:00Z,0.088,0.08807,0.088,0.08806,1185,104.29371,0.088,0.08808,0.088,0.08808,0.08808,0.08815,0.08807,0.08815,-0.00068407,-0.00054448,-0.00063145,-0.00054448,-9.000000000000674e-05,-0.0010209869540556634
1696822200000,2023-10-09T03:30:00Z,0.08806,0.08818,0.08806,0.08816,146734,12935.03981,0.08808,0.08818,0.08808,0.08816,0.08815,0.08823,0.08815,0.08823,-0.00054448,-0.00050714,-0.00051824,-0.00050714,-7.000000000000062e-05,-0.0007933809361895117
1696822500000,2023-10-09T03:35:00Z,0.08816,0.08819,0.08816,0.08819,3149,277.63281,0.08816,0.08819,0.08816,0.08819,0.08823,0.08823,0.08821,0.08823,-0.00050714,-0.00056676,-0.00063017,-0.00063017,-3.999999999999837e-05,-0.00045336053496541277
1696822800000,2023-10-09T03:40:00Z,0.08819,0.08819,0.08815,0.08815,52790,4655.00999,0.08819,0.08819,0.08815,0.08815,0.08823,0.08824,0.08821,0.08821,-0.00063017,-0.00048225,-0.00052709,-0.00052709,-5.9999999999990616e-05,-0.0006801949892301396
1696823100000,2023-10-09T03:45:00Z,0.08815,0.08816,0.08815,0.08815,64,5.64161,0.08815,0.08817,0.08815,0.08815,0.08821,0.08823,0.08821,0.08822,-0.00052709,-0.00061698,-0.00067172,-0.00067172,-7.000000000000062e-05,-0.0007934708682838428
1696823400000,2023-10-09T03:50:00Z,0.08815,0.08815,0.08809,0.0881,35085,3091.628,0.08815,0.08816,0.0881,0.0881,0.08822,0.08823,0.08817,0.08818,-0.00067172,-0.00058732,-0.00062342,-0.00058732,-7.999999999999674e-05,-0.0009072352007257513
1696823700000,2023-10-09T03:55:00Z,0.0881,0.08818,0.0881,0.08817,25644,2260.49541,0.0881,0.08818,0.0881,0.08817,0.08818,0.08825,0.08818,0.08825,-0.00058732,-0.000646,-0.00066572,-0.000646,-7.999999999999674e-05,-0.000906515580736507
1696824000000,2023-10-09T04:00:00Z,0.08817,0.0882,0.08817,0.08819,122739,10824.32293,0.08817,0.08821,0.08817,0.08819,0.08825,0.08828,0.08824,0.08827,-0.000646,-0.00043434,-0.00065156,-0.00065156,-7.999999999999674e-05,-0.0009063101846606632
1696824300000,2023-10-09T04:05:00Z,0.08819,0.0882,0.08818,0.08818,33572,2960.74941,0.08819,0.0882,0.08818,0.08818,0.08827,0.08828,0.08824,0.08824,-0.00065156,-0.00049286,-0.00062832,-0.00062832,-6.0000000000004494e-05,-0.0006799637352675034
1696824600000,2023-10-09T04:10:00Z,0.08818,0.08818,0.08818,0.08818,1646,145.14428,0.08818,0.08819,0.08818,0.08819,0.08824,0.08825,0.08824,0.08825,-0.00062832,-0.00051801,-0.00062685,-0.00062685,-7.000000000000062e-05,-0.000793201133144483
1696824900000,2023-10-09T04:15:00Z,0.08818,0.08822,0.08817,0.08817,20666,1822.75339,0.08819,0.08824,0.08817,0.08819,0.08825,0.0883,0.08824,0.08826,-0.00062685,-0.00071096,-0.00071252,-0.00071096,-9.000000000000674e-05,-0.0010197144799456916
1696825200000,2023-10-09T04:20:00Z,0.08817,0.08824,0.08817,0.08823,41724,3679.99743,0.08819,0.08823,0.08818,0.08823,0.08826,0.0883,0.08825,0.0883,-0.00071096,-0.00061202,-0.0006291,-0.0006291,-7.000000000000062e-05,-0.0007927519818799616
1696825500000,2023-10-09T04:25:00Z,0.08823,0.08824,0.08817,0.08818,33085,2918.32879,0.08823,0.08824,0.08818,0.08818,0.0883,0.0883,0.08823,0.08824,-0.0006291,-0.00062379,-0.00070145,-0.00062379,-6.0000000000004494e-05,-0.0006799637352675034
1696825800000,2023-10-09T04:30:00Z,0.08818,0.0882,0.08814,0.08819,194183,17120.8468,0.08818,0.0882,0.08815,0.08819,0.08824,0.08826,0.08822,0.08825,-0.00062379,-0.00025053,-0.00050753,-0.00050753,-5.9999999999990616e-05,-0.0006798866855523017
1696826100000,2023-10-09T04:35:00Z,0.08819,0.08819,0.08815,0.08816,13350,1177.23448,0.08819,0.08819,0.08816,0.08818,0.08825,0.08825,0.08821,0.08824,-0.00050753,-0.00022863,-0.00039766,-0.00039766,-7.999999999999674e-05,-0.0009066183136898996
1696826400000,2023-10-09T04:40:00Z,0.08816,0.08819,0.08816,0.08818,1184,104.4135,0.08818,0.08819,0.08816,0.08819,0.08824,0.08824,0.08823,0.08824,-0.00039766,-0.00032505,-0.00039301,-0.00032505,-6.0000000000004494e-05,-0.0006799637352675034
1696826700000,2023-10-09T04:45:00Z,0.08818,0.08818,0.08809,0.08814,410292,36157.95855,0.08819,0.08819,0.08816,0.08817,0.08824,0.08824,0.08822,0.08823,-0.00032505,-0.00064565,-0.00066957,-0.00066957,-9.000000000000674e-05,-0.0010200612036722968
1696827000000,2023-10-09T04:50:00Z,0.08814,0.08814,0.0881,0.0881,5978,526.87902,0.08817,0.08818,0.0881,0.08811,0.08823,0.08824,0.08817,0.08818,-0.00066957,-0.00062793,-0.00062932,-0.00062932,-7.999999999999674e-05,-0.0009072352007257513
1696827300000,2023-10-09T04:55:00Z,0.0881,0.08811,0.08806,0.08806,5844,514.87084,0.08811,0.08811,0.08808,0.08808,0.08818,0.08818,0.08814,0.08814,-0.00062932,-0.00045286,-0.00049739,-0.00049739,-7.999999999999674e-05,-0.0009076469253460034
1696827600000,2023-10-09T05:00:00Z,0.08806,0.08809,0.08806,0.08807,34820,3066.89495,0.08808,0.08809,0.08806,0.08807,0.08814,0.08814,0.08812,0.08813,-0.00049739,-0.00054334,-0.00055071,-0.00054334,-6.0000000000004494e-05,-0.0006808124361738851
1696827900000,2023-10-09T05:05:00Z,0.08807,0.08808,0.08807,0.08808,6564,578.15661,0.08807,0.08808,0.08807,0.08808,0.08813,0.08814,0.08813,0.08813,-0.00054334,-0.00040928,-0.00046681,-0.00040928,-4.999999999999449e-05,-0.0005673436968114659
1696828200000,2023-10-09T05:10:00Z,0.08808,0.0881,0.08807,0.08809,6812,600.11325,0.08808,0.0881,0.08807,0.0881,0.08813,0.08816,0.08813,0.08815,-0.00040928,-0.00050947,-0.00051026,-0.00050947,-6.0000000000004494e-05,-0.0006806579693704423
1696828500000,2023-10-09T05:15:00Z,0.08809,0.0881,0.08807,0.08807,17339,1527.28695,0.0881,0.0881,0.08807,0.08808,0.08815,0.08815,0.08813,0.08814,-0.00050947,-0.00030394,-0.00052575,-0.00052575,-7.000000000000062e-05,-0.0007941910596777924
1696828800000,2023-10-09T05:20:00Z,0.08807,0.08807,0.08807,0.08807,24035,2116.76245,0.08808,0.08808,0.08807,0.08807,0.08814,0.08814,0.08812,0.08813,-0.00052575,-0.00026302,-0.00052978,-0.00052978,-6.0000000000004494e-05,-0.0006808124361738851
1696829100000,2023-10-09T05:25:00Z,0.08807,0.08807,0.088,0.088,351046,30916.19667,0.08807,0.08807,0.088,0.088,0.08813,0.08813,0.08806,0.08806,-0.00052978,-0.00063222,-0.00063404,-0.00063404,-6.0000000000004494e-05,-0.0006813536225301442
1696829400000,2023-10-09T05:30:00Z,0.088,0.08801,0.08794,0.08794,17412,1531.75273,0.088,0.08801,0.08794,0.08795,0.08806,0.08806,0.088,0.08801,-0.00063404,-0.00056805,-0.00079518,-0.00079518,-7.000000000000062e-05,-0.0007953641631632839
1696829700000,2023-10-09T05:35:00Z,0.08794,0.08794,0.08793,0.08793,14224,1250.84668,0.08795,0.08795,0.08793,0.08794,0.08801,0.08801,0.08799,0.088,-0.00079518,-0.00050005,-0.00064102,-0.00064102,-7.000000000000062e-05,-0.0007954545454545525
1696830000000,2023-10-09T05:40:00Z,0.08793,0.08796,0.08793,0.08795,12900,1134.40325,0.08794,0.08797,0.08793,0.08796,0.088,0.08803,0.08799,0.08802,-0.00064102,-0.00025732,-0.00050795,-0.00050795,-7.000000000000062e-05,-0.0007952738014087778
1696830300000,2023-10-09T05:45:00Z,0.08795,0.088,0.08786,0.08792,727161,63935.57529,0.08796,0.088,0.08795,0.08795,0.08802,0.08804,0.088,0.088,-0.00050795,-0.00045439,-0.00077843,-0.00077843,-7.999999999999674e-05,-0.0009090909090908721
1696830600000,2023-10-09T05:50:00Z,0.08792,0.08792,0.08787,0.08787,105163,9243.57823,0.08795,0.08795,0.08789,0.08789,0.088,0.08801,0.08798,0.08798,-0.00077843,-0.00072698,-0.00087829,-0.00072698,-0.00010999999999999899,-0.0012502841554898724
1696830900000,2023-10-09T05:55:00Z,0.08787,0.08788,0.08779,0.08786,526306,46232.17306,0.08789,0.08789,0.08786,0.08786,0.08798,0.08798,0.08795,0.08796,-0.00072698,-0.00071517,-0.00094793,-0.00071517,-0.00010000000000000286,-0.0011368804001819334
1696831200000,2023-10-09T06:00:00Z,0.08786,0.08787,0.08786,0.08786,276,24.25041,0.08786,0.08787,0.08786,0.08786,0.08796,0.08796,0.08795,0.08796,-0.00071517,-0.00096316,-0.00096339,-0.00096339,-0.00010000000000000286,-0.0011368804001819334
1696831500000,2023-10-09T06:05:00Z,0.08786,0.0879,0.08785,0.08789,31280,2748.6309,0.08786,0.0879,0.08786,0.08789,0.08796,0.08798,0.08795,0.08798,-0.00096339,-0.00072354,-0.0008713,-0.00072354,-9.000000000000674e-05,-0.001022959763582709
1696831800000,2023-10-09T06:10:00Z,0.08789,0.0879,0.08787,0.08787,5154,453.03576,0.08789,0.0879,0.08788,0.08788,0.08798,0.08798,0.08796,0.08796,-0.00072354,-0.00073695,-0.00089814,-0.00089814,-8.999999999999286e-05,-0.0010231923601636296
1696832100000,2023-10-09T06:15:00Z,0.08787,0.08795,0.08787,0.08792,656381,57703.69405,0.08788,0.08792,0.08788,0.08792,0.08796,0.08798,0.08796,0.08798,-0.00089814,-0.00075218,-0.00078128,-0.00075218,-6.0000000000004494e-05,-0.000681973175721806
1696832400000,2023-10-09T06:20:00Z,0.08792,0.08797,0.08791,0.08797,13971,1228.81877,0.08792,0.08799,0.08791,0.08799,0.08798,0.08806,0.08798,0.08806,-0.00075218,-0.00042789,-0.000495,-0.00042789,-8.999999999999286e-05,-0.0010220304337950586
1696832700000,2023-10-09T06:25:00Z,0.08797,0.088,0.08797,0.088,11953,1051.864,0.08799,0.08801,0.08798,0.088,0.08806,0.08807,0.08804,0.08806,-0.00042789,-0.00065091,-0.00075258,-0.00065091,-6.0000000000004494e-05,-0.0006813536225301442
1696833000000,2023-10-09T06:30:00Z,0.088,0.088,0.08797,0.08797,153993,13546.9193,0.088,0.08801,0.08798,0.08798,0.08806,0.08807,0.08806,0.08806,-0.00065091,-0.00060947,-0.00065932,-0.00060947,-8.999999999999286e-05,-0.0010220304337950586
1696833300000,2023-10-09T06:35:00Z,0.08797,0.08803,0.08797,0.08803,14647,1289.04106,0.08798,0.08804,0.08798,0.08803,0.08806,0.08812,0.08806,0.08809,-0.00060947,-0.000737,-0.00073938,-0.000737,-6.0000000000004494e-05,-0.0006811215802021171
1696833600000,2023-10-09T06:40:00Z,0.08803,0.08813,0.08803,0.08807,247898,21840.66592,0.08803,0.08813,0.08803,0.08807,0.08809,0.08819,0.08809,0.08813,-0.000737,-0.00047362,-0.00054633,-0.00047362,-6.0000000000004494e-05,-0.0006808124361738851
1696833900000,2023-10-09T06:45:00Z,0.08807,0.08807,0.088,0.088,17109,1505.95831,0.08807,0.08807,0.088,0.088,0.08813,0.08814,0.08807,0.08808,-0.00047362,-0.00046775,-0.00074912,-0.00074912,-8.000000000001062e-05,-0.0009082652134424457
1696834200000,2023-10-09T06:50:00Z,0.088,0.088,0.08793,0.08793,42631,3750.57003,0.088,0.08801,0.08793,0.08793,0.08808,0.08809,0.08801,0.08801,-0.00074912,-0.00054807,-0.00061892,-0.00061892,-8.000000000001062e-05,-0.0009089876150438657
1696834500000,2023-10-09T06:55:00Z,0.08793,0.08794,0.08793,0.08794,6957,611.79858,0.08793,0.08795,0.08793,0.08794,0.08801,0.08802,0.088,0.088,-0.00061892,-0.00038132,-0.00059527,-0.00059527,-5.9999999999990616e-05,-0.0006818181818180752
1696834800000,2023-10-09T07:00:00Z,0.08794,0.08798,0.08794,0.08797,14736,1295.89724,0.08794,0.08798,0.08794,0.08797,0.088,0.08805,0.088,0.08805,-0.00059527,-0.00024219,-0.00070377,-0.00024219,-7.999999999999674e-05,-0.0009085746734809396
1696835100000,2023-10-09T07:05:00Z,0.08797,0.08802,0.08797,0.088,28097,2472.19519,0.08797,0.08802,0.08797,0.088,0.08805,0.08808,0.08804,0.08806,-0.00024219,-0.00040644,-0.00054473,-0.00040644,-6.0000000000004494e-05,-0.0006813536225301442
1696835400000,2023-10-09T07:10:00Z,0.088,0.088,0.08786,0.08787,123086,10822.53862,0.088,0.088,0.08787,0.08788,0.08806,0.08806,0.08796,0.08797,-0.00040644,-0.00054361,-0.00067769,-0.00067769,-0.00010000000000000286,-0.0011367511651699767
1696835700000,2023-10-09T07:15:00Z,0.08787,0.0879,0.08787,0.08789,10780,947.4297,0.08788,0.0879,0.08787,0.08789,0.08797,0.08798,0.08796,0.08796,-0.00067769,-0.00063688,-0.00065131,-0.00063688,-7.000000000000062e-05,-0.0007958162801273376
1696836000000,2023-10-09T07:20:00Z,0.08789,0.08789,0.08766,0.0877,817159,71684.04571,0.08789,0.08789,0.0877,0.0877,0.08796,0.08796,0.08779,0.08779,-0.00063688,-0.00077839,-0.00104759,-0.00104759,-9.000000000000674e-05,-0.001025173709989825
1696836300000,2023-10-09T07:25:00Z,0.0877,0.08772,0.08768,0.08769,44685,3918.87994,0.0877,0.08772,0.08769,0.0877,0.08779,0.08781,0.08779,0.0878,-0.00104759,-0.00086618,-0.00095888,-0.00095888,-0.00010999999999999899,-0.0012528473804100113
1696836600000,2023-10-09T07:30:00Z,0.08769,0.0877,0.08766,0.08769,24742,2169.27053,0.0877,0.0877,0.08767,0.08769,0.0878,0.0878,0.08777,0.08778,-0.00095888,-0.00094589,-0.00115789,-0.00115789,-8.999999999999286e-05,-0.0010252904989746282
1696836900000,2023-10-09T07:35:00Z,0.08769,0.08771,0.08766,0.08766,273276,23961.97527,0.08769,0.08771,0.08766,0.08767,0.08778,0.08781,0.08776,0.08777,-0.00115789,-0.00086782,-0.00090421,-0.00086782,-0.00010999999999999899,-0.0012532756066993163
1696837200000,2023-10-09T07:40:00Z,0.08766,0.08769,0.08763,0.08767,205846,18042.79321,0.08767,0.08769,0.08766,0.08767,0.08777,0.08778,0.08775,0.08776,-0.00086782,-0.00070373,-0.00099088,-0.00099088,-9.000000000000674e-05,-0.0010255241567913257
1696837500000,2023-10-09T07:45:00Z,0.08767,0.0877,0.08765,0.0877,41105,3603.85005,0.08767,0.0877,0.08766,0.0877,0.08776,0.0878,0.08775,0.0878,-0.00099088,-0.000777,-0.00085108,-0.00085108,-0.00010000000000000286,-0.0011389521640091443
1696837800000,2023-10-09T07:50:00Z,0.0877,0.08783,0.0877,0.08783,94423,8286.77971,0.0877,0.08783,0.0877,0.08783,0.0878,0.08792,0.08779,0.08792,-0.00085108,-0.00083788,-0.00113523,-0.00083788,-8.999999999999286e-05,-0.0010236578707915477
1696838100000,2023-10-09T07:55:00Z,0.08783,0.08783,0.08777,0.0878,40954,3596.41263,0.08783,0.08783,0.08777,0.0878,0.08792,0.08792,0.08786,0.08787,-0.00083788,-0.00077136,-0.00077227,-0.00077227,-7.000000000000062e-05,-0.0007966313872766657
1696838400000,2023-10-09T08:00:00Z,0.0878,0.0878,0.08775,0.08779,58463,5131.83619,0.0878,0.0878,0.08776,0.08779,0.08787,0.0879,0.08784,0.08789,-0.00077227,-0.00071994,-0.00091979,-0.00091979,-9.999999999998899e-05,-0.0011377858686993855
1696838700000,2023-10-09T08:05:00Z,0.08779,0.0878,0.08779,0.08779,26263,2305.71424,0.08779,0.0878,0.08779,0.08779,0.08789,0.0879,0.08787,0.08789,-0.00091979,-0.00089044,-0.00100523,-0.00100523,-9.999999999998899e-05,-0.0011377858686993855
1696839000000,2023-10-09T08:10:00Z,0.08779,0.0878,0.08777,0.08779,84485,7416.28654,0.08779,0.0878,0.08777,0.08779,0.08789,0.0879,0.08787,0.08789,-0.00100523,-0.00066439,-0.00091363,-0.00066439,-9.999999999998899e-05,-0.0011377858686993855
1696839300000,2023-10-09T08:15:00Z,0.08779,0.0878,0.08777,0.0878,85443,7500.80944,0.08779,0.08781,0.08779,0.0878,0.08789,0.0879,0.08788,0.08789,-0.00066439,-0.00079417,-0.00098759,-0.00098759,-8.999999999999286e-05,-0.0010240072818294785
1696839600000,2023-10-09T08:20:00Z,0.0878,0.08784,0.08779,0.08782,98694,8667.53957,0.0878,0.08784,0.0878,0.08783,0.08789,0.08794,0.08789,0.08793,-0.00098759,-0.00086045,-0.00103946,-0.00103946,-0.00010999999999999899,-0.0012509951097463778
1696839900000,2023-10-09T08:25:00Z,0.08782,0.08786,0.08782,0.08784,67475,5927.34696,0.08783,0.08786,0.08783,0.08785,0.08793,0.08794,0.08792,0.08794,-0.00103946,-0.00076219,-0.00077197,-0.00076219,-0.00010000000000000286,-0.0011371389583807467
1696840200000,2023-10-09T08:30:00Z,0.08784,0.08784,0.0875,0.0875,803894,70442.68557,0.08785,0.08785,0.0875,0.08751,0.08794,0.08794,0.0876,0.08763,-0.00076219,-0.00065255,-0.00073019,-0.00065255,-0.0001300000000000051,-0.0014835102133972967
1696840500000,2023-10-09T08:35:00Z,0.0875,0.08774,0.08748,0.0877,457865,40139.2579,0.08751,0.08774,0.08749,0.08771,0.08763,0.0878,0.08758,0.0878,-0.00065255,-0.00060175,-0.0008092,-0.0008092,-0.00010000000000000286,-0.0011389521640091443
1696840800000,2023-10-09T08:40:00Z,0.0877,0.08781,0.08766,0.0878,401194,35212.29591,0.08771,0.08781,0.08767,0.0878,0.0878,0.08786,0.08776,0.08786,-0.0008092,-0.00035311,-0.00047254,-0.00035311,-5.9999999999990616e-05,-0.0006829046209878286
1696841100000,2023-10-09T08:45:00Z,0.0878,0.08786,0.08777,0.08783,233131,20474.59746,0.0878,0.08788,0.08777,0.08783,0.08786,0.08794,0.08784,0.0879,-0.00035311,-0.00029668,-0.00040955,-0.00040955,-7.000000000000062e-05,-0.0007963594994311788
1696841400000,2023-10-09T08:50:00Z,0.08783,0.08783,0.0877,0.0877,99029,8691.98347,0.08783,0.08784,0.0877,0.0877,0.0879,0.08791,0.08776,0.08776,-0.00040955,-0.00066863,-0.00077271,-0.00077271,-6.0000000000004494e-05,-0.0006836827711942171
1696841700000,2023-10-09T08:55:00Z,0.0877,0.08776,0.0877,0.08771,46189,4052.29822,0.0877,0.08777,0.0877,0.08771,0.08776,0.08784,0.08776,0.08779,-0.00077271,-0.00085844,-0.00097176,-0.00097176,-8.000000000001062e-05,-0.0009112655199910082
1696842000000,2023-10-09T09:00:00Z,0.08771,0.08771,0.08764,0.08769,76716,6725.87318,0.08771,0.08771,0.08765,0.0877,0.08779,0.08779,0.08774,0.08779,-0.00097176,-0.00073723,-0.00099214,-0.00099214,-0.00010000000000000286,-0.0011390818999886417
1696842300000,2023-10-09T09:05:00Z,0.08769,0.08781,0.08769,0.0878,89777,7878.64429,0.0877,0.08781,0.0877,0.0878,0.08779,0.08786,0.08779,0.08785,-0.00099214,-0.00068795,-0.00080473,-0.00068795,-4.999999999999449e-05,-0.0005691519635742117
1696842600000,2023-10-09T09:10:00Z,0.0878,0.08784,0.08779,0.08783,80701,7086.59784,0.0878,0.08785,0.08779,0.08784,0.08785,0.08792,0.08785,0.08791,-0.00068795,-0.0004955,-0.00054204,-0.0004955,-7.999999999999674e-05,-0.000910021613013272
1696842900000,2023-10-09T09:15:00Z,0.08783,0.0879,0.08783,0.08788,39317,3454.8282,0.08784,0.08788,0.08783,0.08788,0.08791,0.08794,0.0879,0.08793,-0.0004955,-0.00051432,-0.00055391,-0.00051432,-4.999999999999449e-05,-0.0005686341407937506
1696843200000,2023-10-09T09:20:00Z,0.08788,0.0879,0.08775,0.08781,142746,12531.79748,0.08788,0.0879,0.0878,0.08782,0.08793,0.08795,0.08786,0.08788,-0.00051432,-0.00046596,-0.00048281,-0.00048281,-7.000000000000062e-05,-0.0007965407373691467
1696843500000,2023-10-09T09:25:00Z,0.08781,0.08783,0.08778,0.08782,106860,9382.89307,0.08782,0.08783,0.0878,0.08782,0.08788,0.08789,0.08786,0.08788,-0.00048281,-0.00046011,-0.00056895,-0.00046011,-6.0000000000004494e-05,-0.0006827492034593138
1696843800000,2023-10-09T09:30:00Z,0.08782,0.08783,0.08765,0.08765,66115,5798.87093,0.08782,0.08783,0.08766,0.08768,0.08788,0.08788,0.08772,0.08774,-0.00046011,-0.00045573,-0.00053083,-0.00053083,-8.999999999999286e-05,-0.0010257579211305318
1696844100000,2023-10-09T09:35:00Z,0.08765,0.08777,0.08763,0.08765,107028,9382.98767,0.08768,0.08778,0.08764,0.08765,0.08774,0.08785,0.0877,0.0877,-0.00053083,-0.0004421,-0.00065052,-0.0004421,-4.999999999999449e-05,-0.0005701254275940079
1696844400000,2023-10-09T09:40:00Z,0.08765,0.08765,0.08752,0.08759,535628,46913.44541,0.08765,0.08765,0.08758,0.08759,0.0877,0.08771,0.08765,0.08765,-0.0004421,-0.00053319,-0.00078321,-0.00053319,-6.0000000000004494e-05,-0.0006845407872219565
1696844700000,2023-10-09T09:45:00Z,0.08759,0.08759,0.08706,0.08706,819386,71535.971,0.08759,0.08759,0.08712,0.08712,0.08765,0.08766,0.08719,0.08719,-0.00053319,-0.00061623,-0.00067257,-0.00061623,-0.0001300000000000051,-0.001490996673930555
1696845000000,2023-10-09T09:50:00Z,0.08706,0.08711,0.08674,0.08699,4284664,372389.02887,0.08712,0.08712,0.08688,0.08699,0.08719,0.0872,0.08695,0.08709,-0.00061623,-0.00057219,-0.00100206,-0.00100206,-0.00010000000000000286,-0.0011482374555058315
1696845300000,2023-10-09T09:55:00Z,0.08699,0.08714,0.08688,0.08712,804560,69987.34333,0.08699,0.08714,0.08697,0.08712,0.08709,0.08724,0.08707,0.08724,-0.00100206,-0.00097153,-0.00101789,-0.00101789,-0.00011999999999999511,-0.001375515818431856
1696845600000,2023-10-09T10:00:00Z,0.08712,0.0872,0.08704,0.08714,641342,55896.5452,0.08712,0.0872,0.08705,0.08714,0.08724,0.0873,0.08717,0.08724,-0.00101789,-0.00094466,-0.00112265,-0.00094466,-0.00010000000000000286,-0.0011462631820266262
1696845900000,2023-10-09T10:05:00Z,0.08714,0.08714,0.08692,0.08692,256018,22266.01316,0.08714,0.08714,0.08692,0.08693,0.08724,0.08724,0.08702,0.08704,-0.00094466,-0.00093877,-0.00118954,-0.00093877,-0.00012000000000000899,-0.0013786764705883384
1696846200000,2023-10-09T10:10:00Z,0.08692,0.08692,0.08684,0.08684,211324,18360.17644,0.08693,0.08693,0.08685,0.08686,0.08704,0.08704,0.08696,0.08696,-0.00093877,-0.00111531,-0.00112119,-0.00111531,-0.00011999999999999511,-0.0013799448022078556
1696846500000,2023-10-09T10:15:00Z,0.08684,0.08694,0.08679,0.08686,486938,42306.96673,0.08686,0.08691,0.08679,0.08687,0.08696,0.08702,0.0869,0.08697,-0.00111531,-0.00087379,-0.00087885,-0.00087885,-0.00010999999999999899,-0.0012648039553869034
1696846800000,2023-10-09T10:20:00Z,0.08686,0.08691,0.08684,0.08688,91002,7907.01612,0.08687,0.0869,0.08684,0.08688,0.08697,0.087,0.08694,0.08697,-0.00087885,-0.0007529,-0.00084226,-0.00084226,-9.000000000000674e-05,-0.0010348395998620989
1696847100000,2023-10-09T10:25:00Z,0.08688,0.08694,0.08684,0.08687,133241,11579.14078,0.08688,0.08694,0.08686,0.08687,0.08697,0.08703,0.08694,0.08694,-0.00084226,-0.00071697,-0.0008458,-0.0008458,-7.000000000000062e-05,-0.0008051529790660296
1696847400000,2023-10-09T10:30:00Z,0.08687,0.08687,0.08678,0.08685,465793,40434.35454,0.08687,0.08687,0.08682,0.08685,0.08694,0.08695,0.0869,0.08692,-0.0008458,-0.00076406,-0.00079797,-0.00079797,-7.000000000000062e-05,-0.0008053382420616731
1696847700000,2023-10-09T10:35:00Z,0.08685,0.08686,0.0868,0.0868,52688,4575.09075,0.08685,0.08687,0.08683,0.08684,0.08692,0.08695,0.08691,0.08693,-0.00079797,-0.00100368,-0.00100379,-0.00100368,-0.00012999999999999123,-0.0014954561141147043
1696848000000,2023-10-09T10:40:00Z,0.0868,0.08683,0.08675,0.08676,167784,14559.11395,0.08684,0.08684,0.08675,0.08676,0.08693,0.08693,0.08684,0.08685,-0.00100368,-0.00093981,-0.00103464,-0.00103464,-8.999999999999286e-05,-0.0010362694300517312
1696848300000,2023-10-09T10:45:00Z,0.08676,0.08677,0.08662,0.08673,187661,16266.2664,0.08676,0.08677,0.08663,0.08673,0.08685,0.08685,0.08672,0.08682,-0.00103464,-0.00087623,-0.00094028,-0.00087623,-8.999999999999286e-05,-0.0010366275051830554
1696848600000,2023-10-09T10:50:00Z,0.08673,0.08687,0.08673,0.08684,154785,13432.53723,0.08673,0.08687,0.08673,0.08685,0.08682,0.08695,0.08682,0.08694,-0.00087623,-0.00074545,-0.00076234,-0.00074545,-0.00010000000000000286,-0.0011502185415229222
1696848900000,2023-10-09T10:55:00Z,0.08684,0.08686,0.08678,0.0868,64274,5580.98299,0.08685,0.08686,0.08679,0.0868,0.08694,0.08695,0.08687,0.08688,-0.00074545,-0.00071747,-0.00075727,-0.00075727,-7.999999999999674e-05,-0.000920810313075469
1696849200000,2023-10-09T11:00:00Z,0.0868,0.0868,0.08667,0.08673,117526,10195.02661,0.0868,0.0868,0.08668,0.08673,0.08688,0.08689,0.08677,0.08682,-0.00075727,-0.00078381,-0.00086152,-0.00086152,-8.999999999999286e-05,-0.0010366275051830554
1696849500000,2023-10-09T11:05:00Z,0.08673,0.08675,0.08665,0.08668,93265,8085.66163,0.08673,0.08675,0.08665,0.08668,0.08682,0.08682,0.08672,0.08675,-0.00086152,-0.00070542,-0.00072754,-0.00072754,-7.000000000000062e-05,-0.0008069164265129755
1696849800000,2023-10-09T11:10:00Z,0.08668,0.08677,0.08668,0.08674,54309,4709.5922,0.08668,0.08677,0.08668,0.08675,0.08675,0.08683,0.08675,0.08681,-0.00072754,-0.00038078,-0.0005395,-0.0005395,-7.000000000000062e-05,-0.0008063587144338281
1696850100000,2023-10-09T11:15:00Z,0.08674,0.08675,0.08662,0.08662,163479,14170.37504,0.08675,0.08676,0.08662,0.08663,0.08681,0.08682,0.08668,0.0867,-0.0005395,-0.00046136,-0.00073713,-0.00073713,-7.999999999999674e-05,-0.0009227220299884284
1696850400000,2023-10-09T11:20:00Z,0.08662,0.08664,0.08658,0.08658,70066,6068.01845,0.08663,0.08666,0.08659,0.08659,0.0867,0.08673,0.08667,0.08667,-0.00073713,-0.00086539,-0.00095212,-0.00095212,-8.999999999999286e-05,-0.0010384215991691805
1696850700000,2023-10-09T11:25:00Z,0.08658,0.0868,0.08658,0.0868,68334,5923.6179,0.08659,0.0868,0.08658,0.0868,0.08667,0.08688,0.08667,0.08688,-0.00095212,-0.00071287,-0.00075253,-0.00075253,-7.999999999999674e-05,-0.000920810313075469
1696851000000,2023-10-09T11:30:00Z,0.0868,0.08683,0.08666,0.08672,399512,34666.46734,0.0868,0.08683,0.08667,0.08672,0.08688,0.08691,0.08675,0.0868,-0.00075253,-0.00066386,-0.00077718,-0.00066386,-7.999999999999674e-05,-0.0009216589861750776
1696851300000,2023-10-09T11:35:00Z,0.08672,0.08679,0.08671,0.08676,103654,8992.51881,0.08672,0.08678,0.08672,0.08677,0.0868,0.08686,0.0868,0.08685,-0.00066386,-0.0006446,-0.00070597,-0.0006446,-8.999999999999286e-05,-0.0010362694300517312
1696851600000,2023-10-09T11:40:00Z,0.08676,0.08679,0.08675,0.08676,8930,774.88163,0.08677,0.08681,0.08675,0.08676,0.08685,0.08689,0.08683,0.08684,-0.0006446,-0.00059276,-0.00068957,-0.00059276,-7.999999999999674e-05,-0.0009212344541685484
1696851900000,2023-10-09T11:45:00Z,0.08676,0.08677,0.08661,0.08662,199792,17314.29608,0.08676,0.08677,0.08663,0.08667,0.08684,0.08685,0.08672,0.08676,-0.00059276,-0.00079412,-0.00093004,-0.00093004,-0.00014000000000000123,-0.0016136468418626237
1696852200000,2023-10-09T11:50:00Z,0.08662,0.08671,0.08657,0.08671,520865,45113.62425,0.08667,0.08671,0.08657,0.08671,0.08676,0.08681,0.08667,0.08681,-0.00093004,-0.00091764,-0.00113761,-0.00091764,-0.00010000000000000286,-0.0011519410206197772
1696852500000,2023-10-09T11:55:00Z,0.08671,0.08689,0.08671,0.08686,272123,23629.24844,0.08671,0.08689,0.08671,0.08686,0.08681,0.08698,0.0868,0.08696,-0.00091764,-0.00067168,-0.00091444,-0.00091444,-9.999999999998899e-05,-0.0011499540018397997
1696852800000,2023-10-09T12:00:00Z,0.08686,0.08686,0.08664,0.08667,461923,40063.3211,0.08686,0.08686,0.08667,0.08667,0.08696,0.08696,0.08676,0.08677,-0.00091444,-0.00044183,-0.00069904,-0.00069904,-0.00010000000000000286,-0.0011524720525527587
1696853100000,2023-10-09T12:05:00Z,0.08667,0.08684,0.08667,0.08678,234888,20382.39023,0.08667,0.08684,0.08667,0.08679,0.08677,0.0869,0.08677,0.08687,-0.00069904,-0.00051134,-0.00072353,-0.00051134,-9.000000000000674e-05,-0.0010360308506965205
1696853400000,2023-10-09T12:10:00Z,0.08678,0.08687,0.08678,0.08687,200932,17447.50505,0.08679,0.08687,0.08678,0.08687,0.08687,0.08695,0.08687,0.08695,-0.00051134,-0.00057556,-0.00074568,-0.00074568,-7.999999999999674e-05,-0.0009200690051753506
1696853700000,2023-10-09T12:15:00Z,0.08687,0.08696,0.0868,0.08694,205283,17836.01439,0.08687,0.08696,0.0868,0.08694,0.08695,0.087,0.08687,0.087,-0.00074568,-0.00052201,-0.0005445,-0.00052201,-5.9999999999990616e-05,-0.0006896551724136853
1696854000000,2023-10-09T12:20:00Z,0.08694,0.08694,0.08685,0.08693,41635,3617.54576,0.08694,0.08694,0.08688,0.08693,0.087,0.087,0.08694,0.08699,-0.00052201,-0.00036598,-0.0007418,-0.00036598,-6.0000000000004494e-05,-0.0006897344522359409
1696854300000,2023-10-09T12:25:00Z,0.08693,0.08706,0.08693,0.08703,350223,30478.63243,0.08693,0.08704,0.08693,0.08703,0.08699,0.08707,0.08697,0.08706,-0.00036598,-0.00032551,-0.000409,-0.000409,-3.0000000000002247e-05,-0.00034458993797383696
1696854600000,2023-10-09T12:30:00Z,0.08703,0.08707,0.087,0.08703,293047,25510.34331,0.08703,0.08707,0.08701,0.08704,0.08706,0.08709,0.08706,0.08708,-0.000409,-0.00012251,-0.00028927,-0.00028927,-5.000000000000837e-05,-0.0005741846577860401
1696854900000,2023-10-09T12:35:00Z,0.08703,0.08703,0.08689,0.08692,112175,9753.82076,0.08704,0.08704,0.0869,0.08692,0.08708,0.08708,0.08694,0.08695,-0.00028927,-0.00024396,-0.0003275,-0.0003275,-3.0000000000002247e-05,-0.0003450258769407964
1696855200000,2023-10-09T12:40:00Z,0.08692,0.08692,0.08681,0.08681,328685,28546.49502,0.08692,0.08692,0.08681,0.08681,0.08695,0.08696,0.08686,0.08686,-0.0003275,-0.00026731,-0.00057537,-0.00057537,-5.000000000000837e-05,-0.000575638959244858
1696855500000,2023-10-09T12:45:00Z,0.08681,0.08689,0.08672,0.08689,360810,31303.07917,0.08681,0.08689,0.08674,0.08689,0.08686,0.08693,0.0868,0.08693,-0.00057537,-0.00030954,-0.0004238,-0.0004238,-3.999999999999837e-05,-0.00046014034280453665
1696855800000,2023-10-09T12:50:00Z,0.08689,0.08689,0.0868,0.08685,83726,7270.84726,0.08689,0.08689,0.08681,0.08685,0.08693,0.08693,0.08685,0.0869,-0.0004238,-0.00034963,-0.00038744,-0.00034963,-5.000000000000837e-05,-0.0005753739930956084
1696856100000,2023-10-09T12:55:00Z,0.08685,0.08688,0.08684,0.08684,315813,27432.26218,0.08685,0.08688,0.08684,0.08684,0.0869,0.0869,0.08687,0.08687,-0.00034963,-0.00016342,-0.00034526,-0.00016342,-3.0000000000002247e-05,-0.0003453436168988402
1696856400000,2023-10-09T13:00:00Z,0.08684,0.08688,0.08679,0.08683,86589,7519.49043,0.08684,0.08688,0.0868,0.08683,0.08687,0.08692,0.08684,0.08685,-0.00016342,-0.00021966,-0.00024478,-0.00021966,-1.9999999999992246e-05,-0.00023028209556698038
1696856700000,2023-10-09T13:05:00Z,0.08683,0.08683,0.08676,0.08683,112659,9777.68256,0.08683,0.08683,0.08676,0.08683,0.08685,0.08686,0.08679,0.08685,-0.00021966,-0.00025181,-0.00034562,-0.00025181,-1.9999999999992246e-05,-0.00023028209556698038
1696857000000,2023-10-09T13:10:00Z,0.08683,0.08683,0.08671,0.08671,232427,20163.13798,0.08683,0.08683,0.08671,0.08671,0.08685,0.08686,0.08672,0.08672,-0.00025181,-0.00016434,-0.00034574,-0.00034574,-1.0000000000010001e-05,-0.00011531365313664668
1696857300000,2023-10-09T13:15:00Z,0.08671,0.08673,0.08665,0.0867,306525,26572.24443,0.08671,0.08673,0.08666,0.0867,0.08672,0.08674,0.08669,0.08671,-0.00034574,-0.0002476,-0.00027493,-0.00027493,-9.999999999996123e-06,-0.00011532695190861634
1696857600000,2023-10-09T13:20:00Z,0.0867,0.08677,0.08654,0.08663,1661547,143986.71317,0.0867,0.08677,0.08665,0.08665,0.08671,0.08679,0.08668,0.08668,-0.00027493,-0.00007593,-0.00029784,-0.00029784,-4.999999999999449e-05,-0.0005768343331794474
1696857900000,2023-10-09T13:25:00Z,0.08663,0.08663,0.086,0.08611,16664781,1437325.42606,0.08665,0.08665,0.08611,0.08611,0.08668,0.08668,0.08622,0.08622,-0.00029784,-0.00079148,-0.00127418,-0.00079148,-0.00010999999999999899,-0.0012758060774762118
1696858200000,2023-10-09T13:30:00Z,0.08611,0.08649,0.08611,0.08615,4583756,395653.89731,0.08611,0.08649,0.08611,0.08618,0.08622,0.08651,0.08621,0.08626,-0.00079148,-0.00061953,-0.00132275,-0.00132275,-0.00010999999999999899,-0.0012752144678877693
1696858500000,2023-10-09T13:35:00Z,0.08615,0.08628,0.08603,0.08608,2378112,204847.63128,0.08618,0.08628,0.08605,0.08608,0.08626,0.08633,0.08615,0.08616,-0.00132275,-0.00052533,-0.0007394,-0.00052533,-7.999999999999674e-05,-0.0009285051067780494
1696858800000,2023-10-09T13:40:00Z,0.08608,0.08629,0.08608,0.08622,655415,56465.57463,0.08608,0.08629,0.08608,0.08623,0.08616,0.08636,0.08616,0.08632,-0.00052533,-0.00094624,-0.00095803,-0.00094624,-9.999999999998899e-05,-0.0011584800741425972
1696859100000,2023-10-09T13:45:00Z,0.08622,0.08629,0.08618,0.08626,834631,71960.06897,0.08623,0.08629,0.0862,0.08626,0.08632,0.08636,0.08629,0.08634,-0.00094624,-0.00074438,-0.00076424,-0.00076424,-7.999999999999674e-05,-0.0009265693768820563
1696859400000,2023-10-09T13:50:00Z,0.08626,0.08628,0.08596,0.08612,1249258,107526.52622,0.08626,0.08628,0.08605,0.08612,0.08634,0.08636,0.08614,0.08621,-0.00076424,-0.00077079,-0.00085391,-0.00085391,-8.999999999999286e-05,-0.0010439624173528925
1696859700000,2023-10-09T13:55:00Z,0.08612,0.0862,0.08612,0.08618,78542,6767.12997,0.08612,0.0862,0.08612,0.08618,0.08621,0.08627,0.0862,0.08626,-0.00085391,-0.00074631,-0.00078353,-0.00074631,-7.999999999999674e-05,-0.0009274287039183484
1696860000000,2023-10-09T14:00:00Z,0.08618,0.08618,0.08588,0.08593,4051336,348306.55542,0.08618,0.08618,0.08593,0.08593,0.08626,0.08626,0.08604,0.08604,-0.00074631,-0.0011497,-0.00116536,-0.00116536,-0.00010999999999999899,-0.0012784751278475009
1696860300000,2023-10-09T14:05:00Z,0.08593,0.08598,0.08571,0.08581,4055192,348016.09163,0.08593,0.08598,0.08579,0.08581,0.08604,0.08609,0.0859,0.08591,-0.00116536,-0.00093401,-0.00104724,-0.00104724,-0.00010000000000000286,-0.0011640088464672665
1696860600000,2023-10-09T14:10:00Z,0.08581,0.08588,0.08533,0.0854,9109032,779467.32161,0.08581,0.08588,0.08549,0.08549,0.08591,0.08597,0.08561,0.08561,-0.00104724,-0.00156871,-0.00198204,-0.00156871,-0.00021000000000000185,-0.0024529844644317466
1696860900000,2023-10-09T14:15:00Z,0.0854,0.08581,0.08532,0.0858,2836849,242735.25798,0.08549,0.08581,0.08543,0.0858,0.08561,0.08591,0.08558,0.08591,-0.00156871,-0.00113683,-0.00124411,-0.00124411,-0.00010999999999999899,-0.0012804097311139447
1696861200000,2023-10-09T14:20:00Z,0.0858,0.08607,0.0857,0.08599,3492129,300060.32372,0.0858,0.08603,0.08572,0.08599,0.08591,0.0861,0.08585,0.08609,-0.00124411,-0.00080074,-0.00092742,-0.00080074,-0.00010000000000000286,-0.0011615750958299787
1696861500000,2023-10-09T14:25:00Z,0.08599,0.08601,0.08592,0.086,1403369,120652.50151,0.08599,0.08601,0.08592,0.08599,0.08609,0.0861,0.08601,0.08606,-0.00080074,-0.00069718,-0.00093012,-0.00069718,-6.0000000000004494e-05,-0.0006971880083663084
1696861800000,2023-10-09T14:30:00Z,0.086,0.08602,0.08587,0.08595,843434,72506.98936,0.08599,0.08602,0.08588,0.08597,0.08606,0.08609,0.08596,0.08605,-0.00069718,-0.00072832,-0.00078568,-0.00078568,-0.00010000000000000286,-0.001162115049389923
1696862100000,2023-10-09T14:35:00Z,0.08595,0.08607,0.08591,0.08607,227773,19591.5319,0.08597,0.08607,0.08592,0.08607,0.08605,0.08615,0.08601,0.08614,-0.00078568,-0.00046188,-0.00089714,-0.00046188,-7.000000000000062e-05,-0.0008126306013466522
1696862400000,2023-10-09T14:40:00Z,0.08607,0.08607,0.08598,0.08602,335098,28832.16226,0.08607,0.08607,0.086,0.08602,0.08614,0.08615,0.08608,0.0861,-0.00046188,-0.00074308,-0.00081291,-0.00074308,-7.999999999999674e-05,-0.000929152148664306
1696862700000,2023-10-09T14:45:00Z,0.08602,0.08602,0.08592,0.08592,178497,15345.07674,0.08602,0.08602,0.08594,0.08595,0.0861,0.0861,0.08603,0.08604,-0.00074308,-0.00104553,-0.00104741,-0.00104741,-0.00012000000000000899,-0.0013947001394701184
1696863000000,2023-10-09T14:50:00Z,0.08592,0.08601,0.08592,0.08599,35574,3058.05711,0.08595,0.08601,0.08594,0.086,0.08604,0.0861,0.08603,0.08609,-0.00104741,-0.00092915,-0.0009469,-0.00092915,-0.00010000000000000286,-0.0011615750958299787
1696863300000,2023-10-09T14:55:00Z,0.08599,0.08601,0.08591,0.08596,64525,5547.62216,0.086,0.08603,0.08591,0.08596,0.08609,0.08612,0.086,0.08606,-0.00092915,-0.00087437,-0.00094736,-0.00094736,-0.00010000000000000286,-0.0011619800139437936
1696863600000,2023-10-09T15:00:00Z,0.08596,0.08605,0.0858,0.08601,1107800,95149.45692,0.08596,0.08605,0.08588,0.08603,0.08606,0.08615,0.08598,0.08615,-0.00094736,-0.00099976,-0.00119828,-0.00119828,-0.00014000000000000123,-0.0016250725478816161
1696863900000,2023-10-09T15:05:00Z,0.08601,0.08603,0.08592,0.08592,87533,7523.70269,0.08603,0.08606,0.08592,0.08593,0.08615,0.08617,0.08604,0.08606,-0.00119828,-0.00103705,-0.00125763,-0.00103705,-0.00014000000000000123,-0.0016267720195212785
1696864200000,2023-10-09T15:10:00Z,0.08592,0.08602,0.08589,0.08598,210428,18089.7112,0.08593,0.08602,0.08591,0.08598,0.08606,0.08614,0.08604,0.08609,-0.00103705,-0.00109084,-0.00112062,-0.00109084,-0.00010999999999999899,-0.001277732605412928
1696864500000,2023-10-09T15:15:00Z,0.08598,0.08598,0.08594,0.08595,12565,1080.00178,0.08598,0.08599,0.08595,0.08596,0.08609,0.0861,0.08606,0.08608,-0.00109084,-0.00104472,-0.00136919,-0.00136919,-0.0001300000000000051,-0.0015102230483271968
1696864800000,2023-10-09T15:20:00Z,0.08595,0.086,0.08593,0.086,28945,2488.80862,0.08596,0.086,0.08594,0.086,0.08608,0.08612,0.08606,0.08612,-0.00136919,-0.00127743,-0.00127743,-0.00127743,-0.00012000000000000899,-0.0013934045517883069
1696865100000,2023-10-09T15:25:00Z,0.086,0.08605,0.08599,0.08605,367025,31574.13612,0.086,0.08605,0.086,0.08605,0.08612,0.08615,0.08611,0.08613,-0.00127743,-0.00116103,-0.0013401,-0.0013401,-7.999999999999674e-05,-0.0009288285150353738
1696865400000,2023-10-09T15:30:00Z,0.08605,0.08605,0.0859,0.08593,396710,34101.88367,0.08605,0.08605,0.08594,0.08594,0.08613,0.08613,0.08605,0.08606,-0.0013401,-0.00099988,-0.00106472,-0.00099988,-0.00012999999999999123,-0.0015105740181267863
1696865700000,2023-10-09T15:35:00Z,0.08593,0.08598,0.08592,0.08596,262241,22544.03687,0.08594,0.08598,0.08593,0.08596,0.08606,0.08607,0.08605,0.08606,-0.00099988,-0.00103056,-0.00113791,-0.00103056,-0.00010000000000000286,-0.0011619800139437936
1696866000000,2023-10-09T15:40:00Z,0.08596,0.08597,0.08594,0.08596,22069,1896.98848,0.08596,0.08598,0.08596,0.08597,0.08606,0.08609,0.08606,0.08608,-0.00103056,-0.00106774,-0.0011894,-0.00106774,-0.00012000000000000899,-0.0013940520446097699
1696866300000,2023-10-09T15:45:00Z,0.08596,0.08597,0.0859,0.08592,173850,14936.06992,0.08597,0.08599,0.08591,0.08596,0.08608,0.0861,0.08601,0.08608,-0.00106774,-0.00105229,-0.00131319,-0.00131319,-0.00016000000000000736,-0.0018587360594796393
1696866600000,2023-10-09T15:50:00Z,0.08592,0.08598,0.08592,0.08596,9031,776.31924,0.08596,0.08598,0.08596,0.08597,0.08608,0.08609,0.08608,0.08609,-0.00131319,-0.00115206,-0.0012574,-0.00115206,-0.0001300000000000051,-0.0015100476245789884
1696866900000,2023-10-09T15:55:00Z,0.08596,0.08604,0.08596,0.08597,87850,7555.53039,0.08597,0.08603,0.08596,0.08599,0.08609,0.08615,0.08608,0.08611,-0.00115206,-0.00101811,-0.00126298,-0.00101811,-0.00014000000000000123,-0.0016258274300313695
1696867200000,2023-10-09T16:00:00Z,0.08597,0.08604,0.08577,0.08602,1486830,127727.35502,0.08599,0.08604,0.08583,0.08602,0.08611,0.08616,0.08594,0.08613,-0.00101811,-0.00114526,-0.00138738,-0.00114526,-0.00010999999999999899,-0.0012771392081736793
1696867500000,2023-10-09T16:05:00Z,0.08602,0.08607,0.08601,0.08605,171402,14747.85234,0.08602,0.08607,0.08601,0.08605,0.08613,0.08618,0.08612,0.08614,-0.00114526,-0.00109391,-0.00113083,-0.00109391,-8.999999999999286e-05,-0.0010448107731598894
1696867800000,2023-10-09T16:10:00Z,0.08605,0.08605,0.08589,0.08592,50394,4333.42274,0.08605,0.08605,0.08589,0.08592,0.08614,0.08615,0.086,0.08602,-0.00109391,-0.00122259,-0.00123599,-0.00123599,-0.00010000000000000286,-0.001162520344106055
1696868100000,2023-10-09T16:15:00Z,0.08592,0.08605,0.08592,0.08605,162533,13971.94556,0.08592,0.08606,0.08592,0.08606,0.08602,0.08617,0.08602,0.08617,-0.00123599,-0.001083,-0.00114114,-0.00114114,-0.00011999999999999511,-0.0013925960311012547
1696868400000,2023-10-09T16:20:00Z,0.08605,0.08612,0.08604,0.08606,326373,28098.48185,0.08606,0.08612,0.08605,0.08606,0.08617,0.08622,0.08616,0.08617,-0.00114114,-0.00104396,-0.00119013,-0.00104396,-0.00010999999999999899,-0.001276546361842857
1696868700000,2023-10-09T16:25:00Z,0.08606,0.08606,0.08563,0.08575,1685994,144803.34371,0.08606,0.08606,0.08569,0.08576,0.08617,0.08617,0.08581,0.08589,-0.00104396,-0.00139142,-0.00143079,-0.00143079,-0.00013999999999998736,-0.0016299918500406027
1696869000000,2023-10-09T16:30:00Z,0.08575,0.08591,0.08575,0.08588,678560,58223.59707,0.08576,0.08591,0.08576,0.08588,0.08589,0.08602,0.08589,0.08599,-0.00143079,-0.00114418,-0.0013476,-0.00114418,-0.00010999999999999899,-0.0012792185137806605
1696869300000,2023-10-09T16:35:00Z,0.08588,0.08588,0.08569,0.08569,274130,23520.58995,0.08588,0.08588,0.08569,0.08569,0.08599,0.08599,0.08581,0.08581,-0.00114418,-0.00127512,-0.00144366,-0.00144366,-0.00011999999999999511,-0.0013984384104416166
1696869600000,2023-10-09T16:40:00Z,0.08569,0.08573,0.0852,0.08549,2170930,185572.55545,0.08569,0.08573,0.08526,0.08549,0.08581,0.08586,0.08539,0.08563,-0.00144366,-0.00113799,-0.00185845,-0.00185845,-0.00014000000000000123,-0.0016349410253416003
1696869900000,2023-10-09T16:45:00Z,0.08549,0.08568,0.08535,0.0855,2253314,192855.50934,0.08549,0.08565,0.08535,0.0855,0.08563,0.08574,0.08546,0.08561,-0.00185845,-0.00077208,-0.00125878,-0.00125878,-0.00010999999999999899,-0.00128489662422613
1696870200000,2023-10-09T16:50:00Z,0.0855,0.08561,0.08545,0.08561,232100,19850.02346,0.0855,0.08561,0.08546,0.08561,0.08561,0.08572,0.08556,0.08572,-0.00125878,-0.00105643,-0.00116822,-0.00116822,-0.00010999999999999899,-0.0012832477834810894
1696870500000,2023-10-09T16:55:00Z,0.08561,0.08571,0.08558,0.08571,92193,7895.16511,0.08561,0.08568,0.0856,0.08568,0.08572,0.08577,0.08569,0.08577,-0.00116822,-0.00080767,-0.00095053,-0.00080767,-6.0000000000004494e-05,-0.0006995452955579398
1696870800000,2023-10-09T17:00:00Z,0.08571,0.08578,0.08563,0.08568,497060,42588.12069,0.08568,0.08579,0.08563,0.08568,0.08577,0.08588,0.08572,0.08575,-0.00080767,-0.00092528,-0.00095089,-0.00092528,-7.000000000000062e-05,-0.0008163265306122521
1696871100000,2023-10-09T17:05:00Z,0.08568,0.08575,0.08562,0.08569,44758,3834.67934,0.08568,0.08577,0.08563,0.0857,0.08575,0.08587,0.08572,0.08581,-0.00092528,-0.0009005,-0.00096087,-0.0009005,-0.00011999999999999511,-0.0013984384104416166
1696871400000,2023-10-09T17:10:00Z,0.08569,0.08583,0.08569,0.08575,49035,4205.4707,0.0857,0.08582,0.0857,0.08575,0.08581,0.0859,0.08581,0.08585,-0.0009005,-0.00062919,-0.00113841,-0.00062919,-9.999999999998899e-05,-0.0011648223645892718
1696871700000,2023-10-09T17:15:00Z,0.08575,0.08585,0.08575,0.08581,638376,54771.01184,0.08575,0.08585,0.08575,0.08582,0.08585,0.08593,0.08584,0.0859,-0.00062919,-0.0006584,-0.00077595,-0.0006584,-9.000000000000674e-05,-0.0010477299185099737
1696872000000,2023-10-09T17:20:00Z,0.08581,0.08591,0.0858,0.0859,90943,7805.52496,0.08582,0.08591,0.08581,0.0859,0.0859,0.086,0.08589,0.08599,-0.0006584,-0.00087587,-0.00104651,-0.00104651,-8.999999999999286e-05,-0.0010466333294568307
1696872300000,2023-10-09T17:25:00Z,0.0859,0.08593,0.0859,0.08593,92119,7914.91778,0.0859,0.08593,0.0859,0.08593,0.08599,0.08602,0.08599,0.08601,-0.00104651,-0.00091128,-0.00094605,-0.00091128,-7.999999999999674e-05,-0.0009301244041390157
1696872600000,2023-10-09T17:30:00Z,0.08593,0.08606,0.08593,0.08599,1381242,118815.33116,0.08593,0.08604,0.08593,0.08599,0.08601,0.08611,0.08601,0.08608,-0.00091128,-0.00091845,-0.00102555,-0.00102555,-9.000000000000674e-05,-0.0010455390334573272
1696872900000,2023-10-09T17:35:00Z,0.08599,0.08615,0.08599,0.08615,245470,21137.83089,0.08599,0.08616,0.08599,0.08616,0.08608,0.08624,0.08608,0.08624,-0.00102555,-0.00070162,-0.00072333,-0.00070162,-8.999999999999286e-05,-0.0010435992578848895
1696873200000,2023-10-09T17:40:00Z,0.08615,0.08624,0.08615,0.08616,211081,18198.56233,0.08616,0.08625,0.08616,0.08617,0.08624,0.08632,0.08624,0.08625,-0.00070162,-0.00064361,-0.00075576,-0.00064361,-8.999999999999286e-05,-0.0010434782608694825
1696873500000,2023-10-09T17:45:00Z,0.08616,0.08628,0.08616,0.08627,223026,19231.88657,0.08617,0.08628,0.08617,0.08627,0.08625,0.08636,0.08625,0.08635,-0.00064361,-0.0006806,-0.00081186,-0.0006806,-7.999999999999674e-05,-0.0009264620729588505
1696873800000,2023-10-09T17:50:00Z,0.08627,0.08633,0.08625,0.08633,160229,13828.88636,0.08627,0.08633,0.08626,0.08633,0.08635,0.0864,0.08634,0.0864,-0.0006806,-0.00051921,-0.0006711,-0.0006711,-7.000000000000062e-05,-0.0008101851851851923
1696874100000,2023-10-09T17:55:00Z,0.08633,0.08635,0.08628,0.08633,157746,13616.93193,0.08633,0.08637,0.08629,0.08633,0.0864,0.08644,0.08637,0.08641,-0.0006711,-0.00061986,-0.0007458,-0.0007458,-7.999999999999674e-05,-0.0009258187709755438
1696874400000,2023-10-09T18:00:00Z,0.08633,0.08647,0.08631,0.08644,830741,71774.71136,0.08633,0.08648,0.08633,0.08644,0.08641,0.08655,0.0864,0.08649,-0.0007458,-0.00069077,-0.00073673,-0.00069077,-4.999999999999449e-05,-0.0005781015146259046
1696874700000,2023-10-09T18:05:00Z,0.08644,0.08647,0.08638,0.08645,136751,11819.81468,0.08644,0.08647,0.08638,0.08645,0.08649,0.08655,0.08644,0.08653,-0.00069077,-0.00065584,-0.00073592,-0.00065584,-7.999999999999674e-05,-0.0009245348434068733
1696875000000,2023-10-09T18:10:00Z,0.08645,0.08648,0.08641,0.08648,49654,4292.50511,0.08645,0.08648,0.08641,0.08648,0.08653,0.08655,0.08649,0.08655,-0.00065584,-0.0005216,-0.00065387,-0.0005216,-7.000000000000062e-05,-0.000808781051415374
1696875300000,2023-10-09T18:15:00Z,0.08648,0.08652,0.08646,0.08646,101519,8782.37408,0.08648,0.08652,0.08646,0.08647,0.08655,0.08658,0.08653,0.08654,-0.0005216,-0.00068638,-0.000693,-0.00068638,-8.000000000001062e-05,-0.0009244280101688308
1696875600000,2023-10-09T18:20:00Z,0.08646,0.08647,0.08642,0.08647,63222,5465.31078,0.08647,0.08647,0.08643,0.08647,0.08654,0.08654,0.0865,0.08653,-0.00068638,-0.00060594,-0.00064597,-0.00064597,-5.9999999999990616e-05,-0.0006934011325550747
1696875900000,2023-10-09T18:25:00Z,0.08647,0.08647,0.08644,0.08646,61213,5292.35617,0.08647,0.08647,0.08645,0.08646,0.08653,0.08655,0.08652,0.08654,-0.00064597,-0.00069883,-0.00078296,-0.00069883,-8.000000000001062e-05,-0.0009244280101688308
1696876200000,2023-10-09T18:30:00Z,0.08646,0.08654,0.08646,0.08649,72471,6269.50426,0.08646,0.08654,0.08646,0.08649,0.08654,0.08662,0.08653,0.08654,-0.00069883,-0.00057284,-0.00057976,-0.00057284,-5.000000000000837e-05,-0.0005777675063555393
1696876500000,2023-10-09T18:35:00Z,0.08649,0.08649,0.0864,0.0864,46603,4026.79789,0.08649,0.08649,0.0864,0.08641,0.08654,0.08655,0.08646,0.08648,-0.00057284,-0.00056928,-0.00076688,-0.00076688,-7.999999999999674e-05,-0.0009250693802034776
1696876800000,2023-10-09T18:40:00Z,0.0864,0.0865,0.0864,0.08647,117510,10160.82058,0.08641,0.0865,0.08641,0.08648,0.08648,0.08657,0.08648,0.08656,-0.00076688,-0.00049069,-0.00065214,-0.00049069,-8.999999999999286e-05,-0.001039741219962949
1696877100000,2023-10-09T18:45:00Z,0.08647,0.08647,0.08642,0.08642,109266,9445.4615,0.08648,0.08649,0.08642,0.08642,0.08656,0.08657,0.08649,0.0865,-0.00049069,-0.0005883,-0.00088811,-0.00088811,-7.999999999999674e-05,-0.0009248554913294421
1696877400000,2023-10-09T18:50:00Z,0.08642,0.08644,0.08641,0.08641,16088,1390.44952,0.08642,0.08645,0.08641,0.08641,0.0865,0.08652,0.08648,0.08649,-0.00088811,-0.00062724,-0.00087757,-0.00062724,-7.999999999999674e-05,-0.0009249624234015116
1696877700000,2023-10-09T18:55:00Z,0.08641,0.08642,0.08638,0.08638,52921,4571.75869,0.08641,0.08642,0.08638,0.08638,0.08649,0.08649,0.08643,0.08643,-0.00062724,-0.00080816,-0.00099699,-0.00099699,-5.000000000000837e-05,-0.0005785028346639866
1696878000000,2023-10-09T19:00:00Z,0.08638,0.08638,0.08633,0.08638,60490,5223.2382,0.08638,0.08638,0.08633,0.08638,0.08643,0.08646,0.08641,0.08646,-0.00099699,-0.00071587,-0.00075879,-0.00075879,-7.999999999999674e-05,-0.000925283368031422
1696878300000,2023-10-09T19:05:00Z,0.08638,0.08645,0.08638,0.08639,28448,2458.065,0.08638,0.08645,0.08638,0.08639,0.08646,0.08653,0.08644,0.08644,-0.00075879,-0.00049416,-0.00071497,-0.00071497,-5.000000000000837e-05,-0.0005784359093013462
1696878600000,2023-10-09T19:10:00Z,0.08639,0.08639,0.08638,0.08639,137212,11853.33878,0.08639,0.0864,0.08638,0.0864,0.08644,0.08647,0.08644,0.08647,-0.00071497,-0.00052405,-0.00059363,-0.00052405,-8.000000000001062e-05,-0.0009251763617440802
1696878900000,2023-10-09T19:15:00Z,0.08639,0.0864,0.08634,0.08634,177371,15317.72916,0.0864,0.0864,0.08636,0.08637,0.08647,0.08647,0.08643,0.08644,-0.00052405,-0.00061195,-0.00066184,-0.00066184,-0.00010000000000000286,-0.001156871818602532
1696879200000,2023-10-09T19:20:00Z,0.08634,0.08637,0.08634,0.08637,22547,1946.99727,0.08637,0.0864,0.08634,0.0864,0.08644,0.08648,0.08642,0.08648,-0.00066184,-0.00044829,-0.00071479,-0.00044829,-0.00010999999999999899,-0.0012719703977798218
1696879500000,2023-10-09T19:25:00Z,0.08637,0.08657,0.08637,0.08645,1718995,148750.55999,0.0864,0.08657,0.0864,0.08645,0.08648,0.08659,0.08648,0.08649,-0.00044829,-0.00039907,-0.00042011,-0.00039907,-3.999999999999837e-05,-0.0004624812117007558
1696879800000,2023-10-09T19:30:00Z,0.08645,0.08645,0.08638,0.08638,40389,3489.28623,0.08645,0.08646,0.08638,0.08638,0.08649,0.08651,0.08641,0.08642,-0.00039907,-0.00046269,-0.00058035,-0.00058035,-3.999999999999837e-05,-0.00046285582041192283
1696880100000,2023-10-09T19:35:00Z,0.08638,0.0864,0.08632,0.08639,90812,7844.52569,0.08638,0.08641,0.08634,0.0864,0.08642,0.08647,0.08639,0.08647,-0.00058035,-0.00044355,-0.00069396,-0.00044355,-8.000000000001062e-05,-0.0009251763617440802
1696880400000,2023-10-09T19:40:00Z,0.08639,0.08643,0.08639,0.0864,24531,2119.72573,0.0864,0.08643,0.08639,0.0864,0.08647,0.08648,0.08645,0.08645,-0.00044355,-0.00054158,-0.00063386,-0.00054158,-4.999999999999449e-05,-0.0005783689994215673
1696880700000,2023-10-09T19:45:00Z,0.0864,0.08642,0.08634,0.08642,42944,3708.67778,0.0864,0.08642,0.08636,0.08641,0.08645,0.08648,0.08643,0.08647,-0.00054158,-0.00047641,-0.00049103,-0.00047641,-5.000000000000837e-05,-0.0005782352260900701
1696881000000,2023-10-09T19:50:00Z,0.08642,0.08642,0.08635,0.08636,1618,139.72528,0.08641,0.08642,0.08635,0.08636,0.08647,0.08648,0.08641,0.08642,-0.00047641,-0.00056005,-0.00065706,-0.00056005,-5.9999999999990616e-05,-0.000694283730617804
1696881300000,2023-10-09T19:55:00Z,0.08636,0.08636,0.08632,0.08635,36503,3151.95182,0.08636,0.08636,0.08632,0.08635,0.08642,0.08642,0.08639,0.08641,-0.00056005,-0.00042858,-0.00069452,-0.00042858,-6.0000000000004494e-05,-0.0006943640782317382
1696881600000,2023-10-09T20:00:00Z,0.08635,0.08637,0.08628,0.08631,34813,3005.58035,0.08635,0.08637,0.08629,0.08633,0.08641,0.08643,0.08636,0.0864,-0.00042858,-0.00057863,-0.00081046,-0.00081046,-9.000000000000674e-05,-0.0010416666666667447
1696881900000,2023-10-09T20:05:00Z,0.08631,0.08647,0.08631,0.08642,102262,8837.79797,0.08633,0.08647,0.08633,0.08644,0.0864,0.08654,0.0864,0.08651,-0.00081046,-0.00057121,-0.00057803,-0.00057121,-9.000000000000674e-05,-0.00104034215697615
1696882200000,2023-10-09T20:10:00Z,0.08642,0.08642,0.08639,0.08639,16771,1449.07254,0.08644,0.08644,0.08639,0.08639,0.08651,0.08651,0.08646,0.08647,-0.00057121,-0.00082731,-0.00087338,-0.00082731,-8.000000000001062e-05,-0.0009251763617440802
1696882500000,2023-10-09T20:15:00Z,0.08639,0.08641,0.08634,0.0864,81890,7072.23158,0.08639,0.08641,0.08635,0.0864,0.08647,0.08649,0.08644,0.08647,-0.00082731,-0.00053568,-0.0006884,-0.00053568,-7.000000000000062e-05,-0.0008095293165259698
1696882800000,2023-10-09T20:20:00Z,0.0864,0.08641,0.08638,0.08638,38700,3343.78155,0.0864,0.08641,0.08639,0.0864,0.08647,0.08648,0.08646,0.08647,-0.00053568,-0.00068894,-0.00069388,-0.00069388,-9.000000000000674e-05,-0.00104082340696203
1696883100000,2023-10-09T20:25:00Z,0.08638,0.08639,0.08629,0.08629,42142,3639.18028,0.0864,0.08641,0.08629,0.0863,0.08647,0.08648,0.08637,0.08638,-0.00069388,-0.00073257,-0.00081018,-0.00073257,-8.999999999999286e-05,-0.0010419078490390469
1696883400000,2023-10-09T20:30:00Z,0.08629,0.08632,0.08627,0.08631,23984,2069.3976,0.0863,0.08632,0.08628,0.08632,0.08638,0.08639,0.08634,0.08639,-0.00073257,-0.00050011,-0.0006545,-0.00050011,-7.999999999999674e-05,-0.0009260331056834905
1696883700000,2023-10-09T20:35:00Z,0.08631,0.08631,0.08627,0.08631,25449,2195.93627,0.08632,0.08632,0.08627,0.08631,0.08639,0.08639,0.08634,0.08638,-0.00050011,-0.0005807,-0.00069326,-0.00069326,-7.000000000000062e-05,-0.0008103727714748856
1696884000000,2023-10-09T20:40:00Z,0.08631,0.08631,0.08622,0.08626,68861,5939.22122,0.08631,0.08631,0.08622,0.08626,0.08638,0.08638,0.0863,0.08631,-0.00069326,-0.00076051,-0.00079075,-0.00079075,-4.999999999999449e-05,-0.0005793071486501506
1696884300000,2023-10-09T20:45:00Z,0.08626,0.08626,0.08625,0.08625,6803,586.75875,0.08626,0.08626,0.08625,0.08625,0.08631,0.08634,0.08631,0.08633,-0.00079075,-0.00079105,-0.0008185,-0.00079105,-8.000000000001062e-05,-0.0009266767056644343
1696884600000,2023-10-09T20:50:00Z,0.08625,0.08625,0.0862,0.0862,23029,1985.56945,0.08625,0.08625,0.0862,0.08621,0.08633,0.08633,0.08627,0.08628,-0.00079105,-0.00062783,-0.00062876,-0.00062876,-7.999999999999674e-05,-0.0009272137227630591
1696884900000,2023-10-09T20:55:00Z,0.0862,0.0862,0.08614,0.08614,55112,4747.40494,0.08621,0.08623,0.08614,0.08615,0.08628,0.0863,0.08621,0.08622,-0.00062876,-0.00057964,-0.00081178,-0.00081178,-8.000000000001062e-05,-0.0009278589654373767
1696885200000,2023-10-09T21:00:00Z,0.08614,0.08618,0.08614,0.08618,31043,2674.38198,0.08615,0.08618,0.08614,0.08618,0.08622,0.08624,0.08621,0.08624,-0.00081178,-0.0005418,-0.00084286,-0.0005418,-5.9999999999990616e-05,-0.0006957328385898727
1696885500000,2023-10-09T21:05:00Z,0.08618,0.08618,0.08617,0.08617,115,9.90971,0.08618,0.08619,0.08617,0.08617,0.08624,0.08625,0.08623,0.08624,-0.0005418,-0.00068193,-0.00073715,-0.00073715,-7.000000000000062e-05,-0.0008116883116883189
1696885800000,2023-10-09T21:10:00Z,0.08617,0.08617,0.08609,0.08612,30407,2618.36105,0.08617,0.08618,0.08609,0.08612,0.08624,0.08625,0.08617,0.08619,-0.00073715,-0.00081215,-0.00097922,-0.00081215,-7.000000000000062e-05,-0.0008121591831999143
1696886100000,2023-10-09T21:15:00Z,0.08612,0.08621,0.08608,0.0862,218099,18789.06739,0.08612,0.08621,0.08608,0.0862,0.08619,0.08627,0.08615,0.08627,-0.00081215,-0.0004684,-0.0006462,-0.0004684,-7.000000000000062e-05,-0.0008114060507708429
1696886400000,2023-10-09T21:20:00Z,0.0862,0.08631,0.0862,0.08631,111099,9585.43742,0.0862,0.08631,0.0862,0.08631,0.08627,0.08636,0.08626,0.08636,-0.0004684,-0.00053068,-0.00056461,-0.00053068,-5.000000000000837e-05,-0.0005789717461788834
1696886700000,2023-10-09T21:25:00Z,0.08631,0.08631,0.0862,0.08624,220467,19018.52249,0.08631,0.08631,0.08621,0.08624,0.08636,0.08637,0.08628,0.0863,-0.00053068,-0.00051303,-0.00072974,-0.00072974,-6.0000000000004494e-05,-0.0006952491309386384
1696887000000,2023-10-09T21:30:00Z,0.08624,0.08626,0.08623,0.08625,15974,1377.5839,0.08624,0.08626,0.08623,0.08625,0.0863,0.08631,0.08629,0.0863,-0.00072974,-0.00044356,-0.00046349,-0.00046349,-5.000000000000837e-05,-0.0005793742757822523
1696887300000,2023-10-09T21:35:00Z,0.08625,0.08628,0.08623,0.08628,11740,1012.68073,0.08625,0.08628,0.08623,0.08628,0.0863,0.08634,0.08629,0.08634,-0.00046349,-0.00040556,-0.00044792,-0.00044792,-6.0000000000004494e-05,-0.0006949270326616226
1696887600000,2023-10-09T21:40:00Z,0.08628,0.08644,0.08628,0.08643,171950,14853.10271,0.08628,0.08644,0.08628,0.08644,0.08634,0.08648,0.08634,0.08648,-0.00044792,-0.00012517,-0.00028424,-0.00012517,-4.999999999999449e-05,-0.0005781683626271334
1696887900000,2023-10-09T21:45:00Z,0.08643,0.08644,0.08637,0.08638,80283,6936.38325,0.08644,0.08644,0.08641,0.08641,0.08648,0.08648,0.08645,0.08645,-0.00012517,-0.00037774,-0.00042083,-0.00037774,-7.000000000000062e-05,-0.0008097165991902905
1696888200000,2023-10-09T21:50:00Z,0.08638,0.08639,0.08637,0.08638,17561,1517.01156,0.08641,0.08641,0.08637,0.08638,0.08645,0.08645,0.08641,0.08642,-0.00037774,-0.00039076,-0.00040164,-0.00039076,-3.999999999999837e-05,-0.00046285582041192283
1696888500000,2023-10-09T21:55:00Z,0.08638,0.08638,0.0863,0.08638,89487,7727.78752,0.08638,0.08639,0.08633,0.08639,0.08642,0.08643,0.08637,0.08643,-0.00039076,-0.00012913,-0.00026753,-0.00012913,-5.000000000000837e-05,-0.0005785028346639866
1696888800000,2023-10-09T22:00:00Z,0.08638,0.0865,0.08638,0.08642,62093,5367.50238,0.08639,0.0865,0.08639,0.08642,0.08643,0.08653,0.08642,0.08644,-0.00012913,-0.00027583,-0.00032234,-0.00027583,-2.0000000000006124e-05,-0.0002313743637205706
1696889100000,2023-10-09T22:05:00Z,0.08642,0.08642,0.08638,0.0864,17502,1512.03103,0.08642,0.08642,0.08638,0.0864,0.08644,0.08645,0.08643,0.08645,-0.00027583,-0.00034702,-0.00037154,-0.00034702,-4.999999999999449e-05,-0.0005783689994215673
1696889400000,2023-10-09T22:10:00Z,0.0864,0.08647,0.0864,0.08647,26685,2306.7266,0.0864,0.08649,0.0864,0.08647,0.08645,0.08652,0.08644,0.08651,-0.00034702,-0.00013084,-0.00019021,-0.00019021,-3.999999999999837e-05,-0.00046237429198934654
1696889700000,2023-10-09T22:15:00Z,0.08647,0.08647,0.08634,0.08638,1019275,88081.10903,0.08647,0.08647,0.08636,0.08638,0.08651,0.08651,0.08641,0.08643,-0.00019021,-0.00020826,-0.00060657,-0.00020826,-5.000000000000837e-05,-0.0005785028346639866
1696890000000,2023-10-09T22:20:00Z,0.08638,0.08648,0.08638,0.08647,104109,9001.32828,0.08638,0.08647,0.08638,0.08647,0.08643,0.0865,0.08643,0.08649,-0.00020826,-0.00022069,-0.00031294,-0.00022069,-1.9999999999992246e-05,-0.00023124060585029768
1696890300000,2023-10-09T22:25:00Z,0.08647,0.08647,0.08641,0.08641,126373,10925.52286,0.08647,0.08647,0.08641,0.08641,0.08649,0.08651,0.08644,0.08644,-0.00022069,-0.00039659,-0.00047866,-0.00039659,-3.0000000000002247e-05,-0.0003470615455807756
1696890600000,2023-10-09T22:30:00Z,0.08641,0.08644,0.08638,0.08644,127440,11014.15696,0.08641,0.08645,0.08638,0.08644,0.08644,0.08649,0.08642,0.08646,-0.00039659,-0.00024364,-0.00025954,-0.00025954,-1.9999999999992246e-05,-0.00023132084200777525
1696890900000,2023-10-09T22:35:00Z,0.08644,0.08644,0.08641,0.08641,4972,429.64308,0.08644,0.08644,0.08641,0.08641,0.08646,0.08646,0.08643,0.08643,-0.00025954,-0.00027409,-0.00049577,-0.00027409,-2.0000000000006124e-05,-0.00023140113386562678
1696891200000,2023-10-09T22:40:00Z,0.08641,0.08641,0.08639,0.08639,15228,1315.5585,0.08641,0.08641,0.08639,0.0864,0.08643,0.08645,0.08643,0.08644,-0.00027409,-0.00027964,-0.00040316,-0.00040316,-5.000000000000837e-05,-0.0005784359093013462
1696891500000,2023-10-09T22:45:00Z,0.08639,0.08639,0.08627,0.08632,513726,44340.5038,0.0864,0.08641,0.08627,0.08632,0.08644,0.08645,0.08632,0.08637,-0.00040316,-0.00032109,-0.00046455,-0.00032109,-5.000000000000837e-05,-0.0005789047122844549
1696891800000,2023-10-09T22:50:00Z,0.08632,0.08632,0.08629,0.08629,63793,5505.35604,0.08632,0.08632,0.08629,0.08629,0.08637,0.08637,0.08633,0.08633,-0.00032109,-0.00034746,-0.00042953,-0.00042953,-3.999999999999837e-05,-0.00046333835283213676
1696892100000,2023-10-09T22:55:00Z,0.08629,0.08629,0.08627,0.08628,6,0.51765,0.08629,0.08629,0.08627,0.08628,0.08633,0.08634,0.08633,0.08633,-0.00042953,-0.00039344,-0.00067025,-0.00039344,-5.000000000000837e-05,-0.0005791729410402916
1696892400000,2023-10-09T23:00:00Z,0.08628,0.08632,0.08628,0.08631,151488,13072.79831,0.08628,0.08632,0.08628,0.08631,0.08633,0.08637,0.08633,0.08637,-0.00039344,-0.00046312,-0.000709,-0.000709,-6.0000000000004494e-05,-0.0006946856547412816
1696892700000,2023-10-09T23:05:00Z,0.08631,0.08632,0.0863,0.0863,9991,862.26736,0.08631,0.08633,0.0863,0.0863,0.08637,0.08639,0.08633,0.08633,-0.000709,-0.00034746,-0.00046323,-0.00034746,-3.0000000000002247e-05,-0.0003475037646241428
1696893000000,2023-10-09T23:10:00Z,0.0863,0.08636,0.0863,0.08633,8810,760.54589,0.0863,0.08636,0.0863,0.08633,0.08633,0.08639,0.08633,0.08636,-0.00034746,-0.00049809,-0.00054827,-0.00054827,-3.0000000000002247e-05,-0.0003473830477072979
1696893300000,2023-10-09T23:15:00Z,0.08633,0.08633,0.08626,0.08627,17301,1493.0889,0.08633,0.08633,0.08626,0.08627,0.08636,0.08637,0.08631,0.08631,-0.00054827,-0.00037133,-0.00046344,-0.00037133,-3.999999999999837e-05,-0.0004634457189201526
1696893600000,2023-10-09T23:20:00Z,0.08627,0.08628,0.08624,0.08624,44063,3801.34202,0.08627,0.08629,0.08624,0.08624,0.08631,0.08633,0.08627,0.08627,-0.00037133,-0.00034762,-0.00039775,-0.00034762,-3.0000000000002247e-05,-0.0003477454503303842
1696893900000,2023-10-09T23:25:00Z,0.08624,0.08629,0.08622,0.08623,507432,43771.6364,0.08624,0.08625,0.08622,0.08623,0.08627,0.08628,0.08625,0.08626,-0.00034762,-0.00025852,-0.00043201,-0.00043201,-3.0000000000002247e-05,-0.0003477857639694209
1696894200000,2023-10-09T23:30:00Z,0.08623,0.08623,0.0861,0.0861,49248,4243.59524,0.08623,0.08623,0.08611,0.08611,0.08626,0.08626,0.08614,0.08614,-0.00043201,-0.00022075,-0.00038837,-0.00038837,-3.999999999999837e-05,-0.00046436034362663537
1696894500000,2023-10-09T23:35:00Z,0.0861,0.08613,0.08607,0.08611,197538,17009.60985,0.08611,0.08613,0.08607,0.08612,0.08614,0.08615,0.08611,0.08615,-0.00038837,-0.0001477,-0.00034839,-0.0001477,-3.999999999999837e-05,-0.0004643064422518673
1696894800000,2023-10-09T23:40:00Z,0.08611,0.08612,0.08608,0.08608,40006,3444.01911,0.08612,0.08612,0.08608,0.08609,0.08615,0.08615,0.08611,0.08612,-0.0001477,-0.00021728,-0.00034835,-0.00034835,-3.999999999999837e-05,-0.0004644681839293819
1696895100000,2023-10-09T23:45:00Z,0.08608,0.08611,0.08607,0.0861,82663,7116.02541,0.08609,0.08611,0.08608,0.0861,0.08612,0.08613,0.08611,0.08612,-0.00034835,0,0,0,-2.0000000000006124e-05,-0.00023223409196477152
1696895400000,2023-10-09T23:50:00Z,0.0861,0.0861,0.08605,0.08606,16084,1384.44642,0.0861,0.0861,0.08607,0.08607,0.08612,0.08613,0.0861,0.0861,0,-0.00034123,-0.00039186,-0.00034123,-3.999999999999837e-05,-0.000464576074332153
1696895700000,2023-10-09T23:55:00Z,0.08606,0.08609,0.08606,0.08609,129308,11130.27309,0.08607,0.0861,0.08607,0.0861,0.0861,0.08613,0.0861,0.08613,-0.00034123,-0.00034839,-0.00034839,-0.00034839,-3.999999999999837e-05,-0.0004644142575176869
1696896000000,2023-10-10T00:00:00Z,0.08609,0.08613,0.08603,0.08604,121528,10459.59476,0.0861,0.08613,0.08604,0.08604,0.08613,0.08616,0.08608,0.08608,-0.00034839,-0.00034827,-0.00046441,-0.00046441,-3.999999999999837e-05,-0.00046468401486986953
1696896300000,2023-10-10T00:05:00Z,0.08604,0.0862,0.08599,0.0862,416692,35882.89854,0.08604,0.08621,0.086,0.0862,0.08608,0.08626,0.08605,0.08626,-0.00046441,-0.00031194,-0.00069613,-0.00069613,-6.0000000000004494e-05,-0.0006955715279388418
1696896600000,2023-10-10T00:10:00Z,0.0862,0.08621,0.08608,0.08611,846482,72909.404,0.0862,0.08621,0.08608,0.08612,0.08626,0.08626,0.08613,0.08617,-0.00069613,-0.00043596,-0.00069621,-0.00043596,-5.9999999999990616e-05,-0.0006962980155505468
1696896900000,2023-10-10T00:15:00Z,0.08611,0.08623,0.08611,0.08622,405542,34942.62457,0.08612,0.08623,0.08611,0.08623,0.08617,0.08628,0.08616,0.08628,-0.00043596,-0.0003714,-0.00050776,-0.00050776,-5.9999999999990616e-05,-0.000695410292072214
1696897200000,2023-10-10T00:20:00Z,0.08622,0.08627,0.08621,0.08626,87974,7588.05467,0.08623,0.08627,0.08621,0.08626,0.08628,0.08632,0.08627,0.08631,-0.00050776,-0.00006397,-0.00032213,-0.00032213,-4.999999999999449e-05,-0.0005793071486501506
1696897500000,2023-10-10T00:25:00Z,0.08626,0.08628,0.08624,0.08624,81602,7037.62829,0.08626,0.08628,0.08624,0.08626,0.08631,0.08632,0.08627,0.0863,-0.00032213,-0.0002756,-0.00028323,-0.0002756,-6.0000000000004494e-05,-0.0006952491309386384
1696897800000,2023-10-10T00:30:00Z,0.08624,0.08628,0.08623,0.08628,47845,4126.77323,0.08626,0.08628,0.08624,0.08628,0.0863,0.08633,0.08629,0.08633,-0.0002756,-0.0002259,-0.00069887,-0.0002259,-5.000000000000837e-05,-0.0005791729410402916
1696898100000,2023-10-10T00:35:00Z,0.08628,0.08636,0.08628,0.08631,13627,1176.41537,0.08628,0.08636,0.08628,0.08633,0.08633,0.0864,0.08633,0.08638,-0.0002259,-0.00016182,-0.00033371,-0.00033371,-7.000000000000062e-05,-0.0008103727714748856
1696898400000,2023-10-10T00:40:00Z,0.08631,0.08642,0.08629,0.08637,514678,44450.20872,0.08633,0.08641,0.08631,0.08639,0.08638,0.08643,0.08636,0.08643,-0.00033371,-0.0002171,-0.00033908,-0.0002171,-6.0000000000004494e-05,-0.0006942034015967198
1696898700000,2023-10-10T00:45:00Z,0.08637,0.08645,0.08635,0.08639,706847,61077.44185,0.08639,0.08643,0.08637,0.0864,0.08643,0.08645,0.08641,0.08644,-0.0002171,-0.00006223,-0.00025199,-0.00006223,-5.000000000000837e-05,-0.0005784359093013462
1696899000000,2023-10-10T00:50:00Z,0.08639,0.08642,0.08632,0.08632,174533,15078.09294,0.0864,0.0864,0.08632,0.08632,0.08644,0.08644,0.08636,0.08636,-0.00006223,-0.00004723,-0.00015536,-0.00004723,-4.000000000001225e-05,-0.000463177396943171
1696899300000,2023-10-10T00:55:00Z,0.08632,0.08638,0.08632,0.08636,11148,962.67635,0.08632,0.08638,0.08632,0.08636,0.08636,0.08642,0.08636,0.0864,-0.00004723,-0.00011351,-0.0003439,-0.0003439,-3.999999999999837e-05,-0.00046296296296294406
1696899600000,2023-10-10T01:00:00Z,0.08636,0.08636,0.08632,0.08633,49758,4296.32383,0.08636,0.08637,0.08633,0.08635,0.0864,0.08642,0.08639,0.08641,-0.0003439,-0.00045648,-0.00054537,-0.00054537,-7.999999999999674e-05,-0.0009258187709755438
1696899900000,2023-10-10T01:05:00Z,0.08633,0.08634,0.08628,0.08632,254215,21940.1,0.08635,0.08635,0.08631,0.08632,0.08641,0.08641,0.08638,0.08638,-0.00054537,-0.00042243,-0.00048726,-0.00042243,-6.0000000000004494e-05,-0.000694605232692805
1696900200000,2023-10-10T01:10:00Z,0.08632,0.08636,0.08632,0.08635,1703,147.04921,0.08632,0.08636,0.08632,0.08635,0.08638,0.08641,0.08638,0.0864,-0.00042243,-0.00036956,-0.00042157,-0.00036956,-5.000000000000837e-05,-0.0005787037037038006
1696900500000,2023-10-10T01:15:00Z,0.08635,0.08635,0.08631,0.08635,270037,23314.27133,0.08635,0.08636,0.08633,0.08635,0.0864,0.08643,0.08639,0.08639,-0.00036956,-0.00059303,-0.00066246,-0.00059303,-3.999999999999837e-05,-0.00046301655284174527
1696900800000,2023-10-10T01:20:00Z,0.08635,0.08635,0.08632,0.08632,1881,162.36792,0.08635,0.08636,0.08632,0.08635,0.08639,0.08643,0.08639,0.08642,-0.00059303,-0.00042906,-0.00054219,-0.00042906,-0.00010000000000000286,-0.0011571395510298875
1696901100000,2023-10-10T01:25:00Z,0.08632,0.08636,0.08632,0.08634,1218,105.16641,0.08635,0.08636,0.08634,0.08634,0.08642,0.08642,0.08641,0.08641,-0.00042906,-0.00035262,-0.00060472,-0.00060472,-7.000000000000062e-05,-0.000810091424603641
1696901400000,2023-10-10T01:30:00Z,0.08634,0.08637,0.08634,0.08637,28944,2499.77065,0.08634,0.08637,0.08634,0.08637,0.08641,0.08642,0.08641,0.08642,-0.00060472,-0.00039914,-0.00057856,-0.00057856,-4.999999999999449e-05,-0.0005785697755148634
1696901700000,2023-10-10T01:35:00Z,0.08637,0.08637,0.08632,0.08632,16935,1462.03192,0.08637,0.08637,0.08632,0.08633,0.08642,0.08642,0.08639,0.0864,-0.00057856,-0.0005386,-0.00064613,-0.0005386,-8.000000000001062e-05,-0.0009259259259260488
1696902000000,2023-10-10T01:40:00Z,0.08632,0.08639,0.08632,0.08638,293431,25340.01145,0.08633,0.08639,0.08632,0.08638,0.0864,0.08644,0.08639,0.08643,-0.0005386,-0.00038609,-0.0004628,-0.0004628,-5.000000000000837e-05,-0.0005785028346639866
1696902300000,2023-10-10T01:45:00Z,0.08638,0.08643,0.08637,0.08643,27212,2351.31895,0.08638,0.08643,0.08638,0.08643,0.08643,0.08648,0.08642,0.08648,-0.0004628,-0.00024094,-0.00028556,-0.00028556,-4.999999999999449e-05,-0.0005781683626271334
1696902600000,2023-10-10T01:50:00Z,0.08643,0.08645,0.08637,0.08643,111685,9648.70364,0.08643,0.08645,0.08643,0.08645,0.08648,0.0865,0.08648,0.0865,-0.00028556,-0.00036528,-0.00053451,-0.00053451,-6.999999999998674e-05,-0.0008092485549131415
1696902900000,2023-10-10T01:55:00Z,0.08643,0.08643,0.08618,0.08618,304395,26244.57006,0.08645,0.08645,0.08618,0.08618,0.0865,0.0865,0.08622,0.08623,-0.00053451,-0.00050908,-0.00067323,-0.00067323,-4.999999999999449e-05,-0.0005798446016466949
1696903200000,2023-10-10T02:00:00Z,0.08618,0.08618,0.08598,0.08601,94577,8138.70223,0.08618,0.08618,0.08599,0.08601,0.08623,0.08625,0.08605,0.08607,-0.00067323,-0.00033325,-0.00060325,-0.00060325,-5.9999999999990616e-05,-0.0006971070059253006
1696903500000,2023-10-10T02:05:00Z,0.08601,0.08609,0.08595,0.08609,60815,5230.10642,0.08601,0.08609,0.08595,0.08609,0.08607,0.08615,0.08602,0.08614,-0.00060325,-0.0004292,-0.00054022,-0.0004292,-4.999999999999449e-05,-0.000580450429533254
1696903800000,2023-10-10T02:10:00Z,0.08609,0.08609,0.08606,0.08606,14238,1225.56382,0.08609,0.0861,0.08606,0.08608,0.08614,0.08617,0.08613,0.08616,-0.0004292,-0.00054323,-0.00064836,-0.00054323,-0.00010000000000000286,-0.0011606313834726424
1696904100000,2023-10-10T02:15:00Z,0.08606,0.08611,0.08606,0.08611,6678,574.99612,0.08608,0.08612,0.08608,0.08612,0.08616,0.08619,0.08616,0.08619,-0.00054323,-0.00045613,-0.00053242,-0.00053242,-7.999999999999674e-05,-0.0009281819236569989
1696904400000,2023-10-10T02:20:00Z,0.08611,0.08617,0.08608,0.08608,92874,7999.52506,0.08612,0.08617,0.08608,0.08608,0.08619,0.08622,0.08613,0.08613,-0.00053242,-0.00065042,-0.00075368,-0.00075368,-4.999999999999449e-05,-0.0005805178218970683
1696904700000,2023-10-10T02:25:00Z,0.08608,0.08608,0.08605,0.08606,56149,4832.09356,0.08608,0.08608,0.08605,0.08606,0.08613,0.08613,0.08611,0.08612,-0.00075368,-0.00047822,-0.00048066,-0.00048066,-6.0000000000004494e-05,-0.0006967022758941534
1696905000000,2023-10-10T02:30:00Z,0.08606,0.08606,0.08603,0.08603,1162,99.99818,0.08606,0.08607,0.08605,0.08605,0.08612,0.08613,0.08611,0.08611,-0.00048066,-0.00064971,-0.00071717,-0.00071717,-8.000000000001062e-05,-0.0009290442457323263
1696905300000,2023-10-10T02:35:00Z,0.08603,0.08615,0.08603,0.08615,90799,7815.72711,0.08605,0.08615,0.08604,0.08615,0.08611,0.08622,0.08611,0.08622,-0.00071717,-0.00063042,-0.00074184,-0.00063042,-7.000000000000062e-05,-0.000811876594757604
1696905600000,2023-10-10T02:40:00Z,0.08615,0.08627,0.08615,0.08623,267141,23037.51745,0.08615,0.08627,0.08615,0.08623,0.08622,0.08629,0.08622,0.08628,-0.00063042,-0.00059758,-0.00060396,-0.00059758,-4.999999999999449e-05,-0.0005795085767268717
1696905900000,2023-10-10T02:45:00Z,0.08623,0.08624,0.08623,0.08624,447,38.54928,0.08623,0.08628,0.08623,0.08628,0.08628,0.08633,0.08628,0.08633,-0.00059758,-0.00037611,-0.00045023,-0.00037611,-9.000000000000674e-05,-0.0010425112938724282
1696906200000,2023-10-10T02:50:00Z,0.08624,0.08629,0.08624,0.08629,95291,8220.51685,0.08628,0.0863,0.08624,0.0863,0.08633,0.08636,0.0863,0.08636,-0.00037611,-0.00036295,-0.00040581,-0.00040581,-7.000000000000062e-05,-0.0008105604446503081
1696906500000,2023-10-10T02:55:00Z,0.08629,0.08643,0.08629,0.08643,106922,9237.10899,0.0863,0.08644,0.0863,0.08643,0.08636,0.08649,0.08636,0.08648,-0.00040581,-0.00028682,-0.0004172,-0.0004172,-4.999999999999449e-05,-0.0005781683626271334
1696906800000,2023-10-10T03:00:00Z,0.08643,0.08659,0.08641,0.08644,1551635,134208.9153,0.08643,0.08658,0.08642,0.08646,0.08648,0.08659,0.08647,0.08651,-0.0004172,-0.00021242,-0.00052559,-0.00052559,-7.000000000000062e-05,-0.0008091550109813966
1696907100000,2023-10-10T03:05:00Z,0.08644,0.08654,0.08644,0.08648,606669,52474.3329,0.08646,0.08654,0.08645,0.08648,0.08651,0.08656,0.0865,0.08654,-0.00052559,-0.00032624,-0.00038201,-0.00032624,-6.0000000000004494e-05,-0.000693321007626583
1696907400000,2023-10-10T03:10:00Z,0.08648,0.08652,0.08647,0.08647,37576,3250.0857,0.08648,0.08652,0.08647,0.08647,0.08654,0.08658,0.08651,0.08652,-0.00032624,-0.00028333,-0.00034674,-0.00034674,-4.999999999999449e-05,-0.0005779010633378929
1696907700000,2023-10-10T03:15:00Z,0.08647,0.08653,0.08647,0.08653,41684,3605.35625,0.08647,0.08655,0.08647,0.08655,0.08652,0.08659,0.08651,0.08659,-0.00034674,-0.00005188,-0.0002163,-0.0002163,-6.0000000000004494e-05,-0.0006929206605844149
1696908000000,2023-10-10T03:20:00Z,0.08653,0.08654,0.0865,0.0865,23534,2036.34369,0.08655,0.08655,0.0865,0.0865,0.08659,0.08659,0.08654,0.08655,-0.0002163,-0.00046205,-0.00057331,-0.00057331,-5.000000000000837e-05,-0.000577700751011073
1696908300000,2023-10-10T03:25:00Z,0.0865,0.0865,0.08625,0.08628,245758,21217.38521,0.0865,0.0865,0.08625,0.08628,0.08655,0.08655,0.08629,0.08634,-0.00057331,-0.0000851,-0.00015366,-0.00015366,-6.0000000000004494e-05,-0.0006949270326616226
1696908600000,2023-10-10T03:30:00Z,0.08628,0.08632,0.08627,0.08631,73707,6361.15123,0.08628,0.08632,0.08628,0.08632,0.08634,0.08637,0.08633,0.08637,-0.00015366,-0.0001523,-0.00042749,-0.0001523,-6.0000000000004494e-05,-0.0006946856547412816
1696908900000,2023-10-10T03:35:00Z,0.08631,0.08643,0.08631,0.08641,131905,11397.26203,0.08632,0.08643,0.08631,0.08642,0.08637,0.08647,0.08636,0.08646,-0.0001523,-0.00005448,-0.00022371,-0.00005448,-4.999999999999449e-05,-0.0005783021050195986
1696909200000,2023-10-10T03:40:00Z,0.08641,0.08644,0.08637,0.0864,13924,1202.97272,0.08642,0.08644,0.08638,0.0864,0.08646,0.08648,0.08643,0.08645,-0.00005448,-0.00034694,-0.00054632,-0.00054632,-4.999999999999449e-05,-0.0005783689994215673
1696909500000,2023-10-10T03:45:00Z,0.0864,0.08646,0.0864,0.08643,99063,8560.46729,0.0864,0.08646,0.0864,0.08645,0.08645,0.08651,0.08645,0.0865,-0.00054632,-0.00046237,-0.00049179,-0.00049179,-6.999999999998674e-05,-0.0008092485549131415
1696909800000,2023-10-10T03:50:00Z,0.08643,0.08646,0.08643,0.08646,18807,1625.69275,0.08645,0.08646,0.08643,0.08646,0.0865,0.08651,0.08648,0.0865,-0.00049179,-0.00043161,-0.00054867,-0.00054867,-3.999999999999837e-05,-0.00046242774566472106
1696910100000,2023-10-10T03:55:00Z,0.08646,0.08646,0.08645,0.08645,3982,344.25035,0.08646,0.08646,0.08645,0.08645,0.0865,0.08651,0.08648,0.08649,-0.00054867,-0.00046242,-0.00056711,-0.00056711,-3.999999999999837e-05,-0.0004624812117007558
1696910400000,2023-10-10T04:00:00Z,0.08645,0.08645,0.08641,0.08642,8310,718.12323,0.08645,0.08645,0.08641,0.08644,0.08649,0.08651,0.08647,0.0865,-0.00056711,-0.00035853,-0.00053052,-0.00035853,-7.999999999999674e-05,-0.0009248554913294421
1696910700000,2023-10-10T04:05:00Z,0.08642,0.08647,0.08642,0.08646,270,23.34541,0.08644,0.08647,0.08644,0.08646,0.0865,0.08652,0.0865,0.08651,-0.00035853,-0.00046237,-0.00054086,-0.00054086,-5.000000000000837e-05,-0.0005779678649868035
1696911000000,2023-10-10T04:10:00Z,0.08646,0.08646,0.08645,0.08646,1364,117.9185,0.08646,0.08649,0.08645,0.08646,0.08651,0.08654,0.08651,0.08652,-0.00054086,-0.00042919,-0.00065141,-0.00065141,-6.0000000000004494e-05,-0.0006934812760055998
1696911300000,2023-10-10T04:15:00Z,0.08646,0.08646,0.08645,0.08645,8429,728.75979,0.08646,0.08647,0.08645,0.08645,0.08652,0.08653,0.08651,0.08652,-0.00065141,-0.00067764,-0.00068122,-0.00068122,-7.000000000000062e-05,-0.0008090614886731462
1696911600000,2023-10-10T04:20:00Z,0.08645,0.08645,0.08645,0.08645,56632,4895.8364,0.08645,0.08646,0.08645,0.08646,0.08652,0.08653,0.08651,0.08653,-0.00068122,-0.00036149,-0.00056502,-0.00036149,-7.999999999999674e-05,-0.0009245348434068733
1696911900000,2023-10-10T04:25:00Z,0.08645,0.0865,0.08645,0.0865,17771,1537.03885,0.08646,0.08651,0.08645,0.0865,0.08653,0.08657,0.08652,0.08656,-0.00036149,-0.00038609,-0.00067517,-0.00067517,-6.0000000000004494e-05,-0.0006931608133087395
1696912200000,2023-10-10T04:30:00Z,0.0865,0.08652,0.0865,0.08651,14491,1253.57099,0.0865,0.08652,0.0865,0.08651,0.08656,0.08658,0.08655,0.08657,-0.00067517,-0.00047476,-0.00054504,-0.00054504,-5.9999999999990616e-05,-0.0006930807439065568
1696912500000,2023-10-10T04:35:00Z,0.08651,0.08652,0.0863,0.08632,138638,11988.65654,0.08651,0.08653,0.0863,0.08632,0.08657,0.08659,0.08637,0.08638,-0.00054504,-0.00057863,-0.00078286,-0.00057863,-6.0000000000004494e-05,-0.000694605232692805
1696912800000,2023-10-10T04:40:00Z,0.08632,0.08637,0.08632,0.08636,175153,15125.84226,0.08632,0.08637,0.08632,0.08636,0.08638,0.08643,0.08638,0.08641,-0.00057863,-0.00029006,-0.0004426,-0.0004426,-4.999999999999449e-05,-0.0005786367318596747
1696913100000,2023-10-10T04:45:00Z,0.08636,0.08644,0.08634,0.08644,346110,29889.17801,0.08636,0.08644,0.08636,0.08644,0.08641,0.08649,0.08637,0.08649,-0.0004426,-0.0004076,-0.00046253,-0.00046253,-4.999999999999449e-05,-0.0005781015146259046
1696913400000,2023-10-10T04:50:00Z,0.08644,0.08644,0.0864,0.0864,10398,898.53822,0.08644,0.08644,0.0864,0.0864,0.08649,0.08649,0.08646,0.08647,-0.00046253,-0.00052457,-0.00062495,-0.00062495,-7.000000000000062e-05,-0.0008095293165259698
1696913700000,2023-10-10T04:55:00Z,0.0864,0.08643,0.08639,0.08639,39191,3386.54989,0.0864,0.08643,0.0864,0.0864,0.08647,0.08648,0.08647,0.08647,-0.00062495,-0.0004712,-0.00072976,-0.00072976,-8.000000000001062e-05,-0.0009251763617440802
1696914000000,2023-10-10T05:00:00Z,0.08639,0.08639,0.08634,0.08635,6598,569.96247,0.0864,0.08641,0.08635,0.08635,0.08647,0.08648,0.08642,0.08643,-0.00072976,-0.00047669,-0.00081916,-0.00081916,-8.000000000001062e-05,-0.0009256045354623466
1696914300000,2023-10-10T05:05:00Z,0.08635,0.0864,0.08635,0.08637,5797,500.78215,0.08635,0.0864,0.08635,0.08637,0.08643,0.08645,0.08641,0.08642,-0.00081916,-0.00043533,-0.00055894,-0.00055894,-4.999999999999449e-05,-0.0005785697755148634
1696914600000,2023-10-10T05:10:00Z,0.08637,0.08637,0.0863,0.0863,18724,1616.60312,0.08637,0.08637,0.0863,0.0863,0.08642,0.08642,0.08635,0.08636,-0.00055894,-0.0005323,-0.00073801,-0.0005323,-6.0000000000004494e-05,-0.0006947660954145958
1696914900000,2023-10-10T05:15:00Z,0.0863,0.08635,0.0863,0.08635,15536,1341.3694,0.0863,0.08635,0.0863,0.08635,0.08636,0.0864,0.08635,0.08639,-0.0005323,-0.00030909,-0.0003689,-0.0003689,-3.999999999999837e-05,-0.00046301655284174527
1696915200000,2023-10-10T05:20:00Z,0.08635,0.08635,0.08631,0.08635,21818,1883.93347,0.08635,0.08635,0.08632,0.08635,0.08639,0.0864,0.08636,0.0864,-0.0003689,-0.00017459,-0.00040421,-0.00040421,-5.000000000000837e-05,-0.0005787037037038006
1696915500000,2023-10-10T05:25:00Z,0.08635,0.08636,0.08632,0.08632,28916,2497.03058,0.08635,0.08636,0.08632,0.08632,0.0864,0.08641,0.08636,0.08637,-0.00040421,-0.00044767,-0.00052778,-0.00052778,-5.000000000000837e-05,-0.0005789047122844549
1696915800000,2023-10-10T05:30:00Z,0.08632,0.08632,0.08631,0.08632,15409,1330.06998,0.08632,0.08632,0.08631,0.08632,0.08637,0.08638,0.08636,0.08637,-0.00052778,-0.00039847,-0.00051117,-0.00051117,-5.000000000000837e-05,-0.0005789047122844549
1696916100000,2023-10-10T05:35:00Z,0.08632,0.08636,0.08632,0.08635,14961,1291.70518,0.08632,0.08636,0.08632,0.08635,0.08637,0.08642,0.08637,0.08639,-0.00051117,-0.00040326,-0.00052482,-0.00052482,-3.999999999999837e-05,-0.00046301655284174527
1696916400000,2023-10-10T05:40:00Z,0.08635,0.08639,0.08632,0.08639,25359,2189.94797,0.08635,0.08639,0.08633,0.08639,0.08639,0.08645,0.08639,0.08645,-0.00052482,-0.00034826,-0.00045655,-0.00045655,-6.0000000000004494e-05,-0.0006940427993060092
1696916700000,2023-10-10T05:45:00Z,0.08639,0.0864,0.08639,0.0864,10685,923.15725,0.08639,0.0864,0.08639,0.0864,0.08645,0.08646,0.08644,0.08644,-0.00045655,-0.00041839,-0.00054262,-0.00054262,-3.999999999999837e-05,-0.0004627487274409807
1696917000000,2023-10-10T05:50:00Z,0.0864,0.08642,0.0864,0.08642,16062,1387.77528,0.0864,0.08643,0.0864,0.08643,0.08644,0.08649,0.08644,0.08649,-0.00054262,-0.000377,-0.00040268,-0.000377,-7.000000000000062e-05,-0.0008093421204763628
1696917300000,2023-10-10T05:55:00Z,0.08642,0.08643,0.08642,0.08642,349,30.16406,0.08643,0.08644,0.08643,0.08643,0.08649,0.0865,0.08648,0.08649,-0.000377,-0.00047566,-0.00059313,-0.00059313,-7.000000000000062e-05,-0.0008093421204763628
1696917600000,2023-10-10T06:00:00Z,0.08642,0.08643,0.08636,0.08638,33296,2877.32726,0.08643,0.08643,0.08636,0.08638,0.08649,0.0865,0.08644,0.08646,-0.00059313,-0.00049022,-0.00076601,-0.00049022,-7.999999999999674e-05,-0.000925283368031422
1696917900000,2023-10-10T06:05:00Z,0.08638,0.08648,0.08638,0.08647,3766,325.58984,0.08638,0.08648,0.08638,0.08647,0.08646,0.08652,0.08646,0.08652,-0.00049022,-0.00043231,-0.00055316,-0.00043231,-4.999999999999449e-05,-0.0005779010633378929
1696918200000,2023-10-10T06:10:00Z,0.08647,0.08649,0.08643,0.08649,60217,5207.75858,0.08647,0.08649,0.08645,0.08649,0.08652,0.08653,0.0865,0.08653,-0.00043231,-0.00034257,-0.00038658,-0.00034257,-3.999999999999837e-05,-0.00046226742170343664
1696918500000,2023-10-10T06:15:00Z,0.08649,0.08654,0.08649,0.08651,97627,8447.8036,0.08649,0.08654,0.08649,0.08652,0.08653,0.08657,0.08653,0.08657,-0.00034257,-0.00036848,-0.00051992,-0.00036848,-5.9999999999990616e-05,-0.0006930807439065568
1696918800000,2023-10-10T06:20:00Z,0.08651,0.08652,0.08646,0.08646,21070,1822.36334,0.08652,0.08653,0.08646,0.08647,0.08657,0.08658,0.08651,0.08652,-0.00036848,-0.00042977,-0.00053022,-0.00042977,-6.0000000000004494e-05,-0.0006934812760055998
1696919100000,2023-10-10T06:25:00Z,0.08646,0.08652,0.08646,0.08652,28128,2433.38462,0.08647,0.08652,0.08647,0.08652,0.08652,0.08657,0.08652,0.08657,-0.00042977,-0.0001345,-0.00022715,-0.00022715,-4.999999999999449e-05,-0.000577567286588824
1696919400000,2023-10-10T06:30:00Z,0.08652,0.08656,0.08652,0.08656,35951,3111.90763,0.08652,0.08657,0.08652,0.08656,0.08657,0.08661,0.08656,0.08659,-0.00022715,-0.000231,-0.00044838,-0.000231,-3.0000000000002247e-05,-0.00034646033029220747
1696919700000,2023-10-10T06:35:00Z,0.08656,0.08656,0.08651,0.08651,67477,5839.5242,0.08656,0.08656,0.08651,0.08651,0.08659,0.08659,0.08655,0.08656,-0.000231,-0.00001998,-0.00033102,-0.00001998,-4.999999999999449e-05,-0.0005776340110905094
1696920000000,2023-10-10T06:40:00Z,0.08651,0.08651,0.08649,0.0865,121251,10488.44649,0.08651,0.08652,0.0865,0.0865,0.08656,0.08656,0.08653,0.08654,-0.00001998,-0.00031569,-0.00042026,-0.00042026,-4.000000000001225e-05,-0.00046221400508449556
1696920300000,2023-10-10T06:45:00Z,0.0865,0.0865,0.08645,0.08649,6138,530.83856,0.0865,0.0865,0.08646,0.08649,0.08654,0.08654,0.08651,0.08652,-0.00042026,-0.00008623,-0.00022584,-0.00022584,-3.0000000000002247e-05,-0.0003467406380027999
1696920600000,2023-10-10T06:50:00Z,0.08649,0.08651,0.08649,0.08651,1978,171.11491,0.08649,0.08651,0.08649,0.08651,0.08652,0.08654,0.08651,0.08654,-0.00022584,-0.00015819,-0.00025537,-0.00025537,-3.0000000000002247e-05,-0.0003466605038132915
1696920900000,2023-10-10T06:55:00Z,0.08651,0.08656,0.08651,0.08655,15291,1323.50587,0.08651,0.08656,0.08651,0.08656,0.08654,0.08659,0.08653,0.08659,-0.00025537,-0.000202,-0.00022993,-0.00022993,-3.999999999999837e-05,-0.00046194710705622325
1696921200000,2023-10-10T07:00:00Z,0.08655,0.08656,0.08653,0.08653,51832,4485.90736,0.08656,0.08657,0.08653,0.08653,0.08659,0.0866,0.08657,0.08657,-0.00022993,-0.00034084,-0.0003465,-0.00034084,-3.999999999999837e-05,-0.0004620538292710913
1696921500000,2023-10-10T07:05:00Z,0.08653,0.08653,0.08649,0.08652,13543,1171.52576,0.08653,0.08653,0.0865,0.08653,0.08657,0.08657,0.08654,0.08657,-0.00034084,-0.00018934,-0.00020586,-0.00018934,-4.999999999999449e-05,-0.000577567286588824
1696921800000,2023-10-10T07:10:00Z,0.08652,0.08659,0.08652,0.08659,76372,6612.31805,0.08653,0.08659,0.08653,0.08659,0.08657,0.08662,0.08657,0.08662,-0.00018934,-0.00023092,-0.00023092,-0.00023092,-3.0000000000002247e-05,-0.0003463403371046207
1696922100000,2023-10-10T07:15:00Z,0.08659,0.08659,0.08655,0.08655,4872,421.79778,0.08659,0.0866,0.08655,0.08655,0.08662,0.08663,0.08657,0.08657,-0.00023092,-0.00024176,-0.00042182,-0.00024176,-1.9999999999992246e-05,-0.0002310269146354655
1696922400000,2023-10-10T07:20:00Z,0.08655,0.0866,0.08651,0.08659,115719,10019.78163,0.08655,0.0866,0.08652,0.08659,0.08657,0.08663,0.08657,0.08662,-0.00024176,-0.00019002,-0.00035499,-0.00019002,-3.0000000000002247e-05,-0.0003463403371046207
1696922700000,2023-10-10T07:25:00Z,0.08659,0.08659,0.0865,0.08652,271408,23493.36913,0.08659,0.08659,0.0865,0.08652,0.08662,0.08662,0.08654,0.08656,-0.00019002,-0.00024145,-0.00027495,-0.00027495,-3.999999999999837e-05,-0.0004621072088724396
1696923000000,2023-10-10T07:30:00Z,0.08652,0.08655,0.08652,0.08653,94832,8206.72993,0.08652,0.08655,0.08652,0.08653,0.08656,0.08658,0.08656,0.08656,-0.00027495,-0.00021575,-0.00041499,-0.00021575,-3.0000000000002247e-05,-0.00034658040665436977
1696923300000,2023-10-10T07:35:00Z,0.08653,0.08654,0.08651,0.08653,39111,3384.18507,0.08653,0.08654,0.08651,0.08653,0.08656,0.08657,0.08655,0.08655,-0.00021575,-0.00026544,-0.00034654,-0.00034654,-2.0000000000006124e-05,-0.00023108030040446128
1696923600000,2023-10-10T07:40:00Z,0.08653,0.08653,0.08645,0.08645,51103,4419.0758,0.08653,0.08653,0.08647,0.08648,0.08655,0.08656,0.08651,0.08652,-0.00034654,-0.00029291,-0.00031799,-0.00029291,-7.000000000000062e-05,-0.0008090614886731462
1696923900000,2023-10-10T07:45:00Z,0.08645,0.08649,0.08645,0.08647,30213,2612.61002,0.08648,0.08649,0.08646,0.08647,0.08652,0.08653,0.08651,0.08651,-0.00029291,-0.00028848,-0.00034674,-0.00034674,-3.999999999999837e-05,-0.00046237429198934654
1696924200000,2023-10-10T07:50:00Z,0.08647,0.08647,0.0863,0.0863,787055,67990.44316,0.08647,0.08647,0.08631,0.08631,0.08651,0.08651,0.08638,0.08638,-0.00034674,-0.0006979,-0.00070681,-0.0006979,-7.999999999999674e-05,-0.0009261403102569663
1696924500000,2023-10-10T07:55:00Z,0.0863,0.08632,0.08628,0.08632,24026,2073.22585,0.08631,0.08632,0.08629,0.08632,0.08638,0.08638,0.08636,0.08637,-0.0006979,-0.00043996,-0.00049108,-0.00043996,-5.000000000000837e-05,-0.0005789047122844549
1696924800000,2023-10-10T08:00:00Z,0.08632,0.08635,0.08627,0.08631,90489,7809.98244,0.08632,0.08635,0.08628,0.08631,0.08637,0.08641,0.08635,0.08637,-0.00043996,-0.0004989,-0.00086094,-0.0004989,-6.0000000000004494e-05,-0.0006946856547412816
1696925100000,2023-10-10T08:05:00Z,0.08631,0.08636,0.08627,0.08632,296527,25585.70833,0.08631,0.08636,0.08631,0.08634,0.08637,0.08642,0.08637,0.0864,-0.0004989,-0.00054276,-0.00054438,-0.00054276,-8.000000000001062e-05,-0.0009259259259260488
1696925400000,2023-10-10T08:10:00Z,0.08632,0.08637,0.08632,0.08637,22963,1982.44519,0.08634,0.0864,0.08633,0.08639,0.0864,0.08646,0.08638,0.08645,-0.00054276,-0.00036418,-0.00038287,-0.00036418,-7.999999999999674e-05,-0.0009253903990745719
1696925700000,2023-10-10T08:15:00Z,0.08637,0.08641,0.08634,0.08636,16188,1398.05554,0.08639,0.08643,0.08634,0.08638,0.08645,0.08649,0.08641,0.08645,-0.00036418,-0.00041171,-0.00049866,-0.00041171,-8.999999999999286e-05,-0.0010410641989588533
1696926000000,2023-10-10T08:20:00Z,0.08636,0.08645,0.08636,0.08642,36847,3184.17013,0.08638,0.08646,0.08636,0.08643,0.08645,0.08652,0.08643,0.08648,-0.00041171,-0.00046046,-0.00047041,-0.00047041,-6.0000000000004494e-05,-0.0006938020351526884
1696926300000,2023-10-10T08:25:00Z,0.08642,0.08643,0.0864,0.08641,8121,701.85916,0.08643,0.08643,0.08641,0.08641,0.08648,0.08648,0.08646,0.08647,-0.00047041,-0.00034366,-0.00049167,-0.00034366,-6.0000000000004494e-05,-0.00069388227130802
1696926600000,2023-10-10T08:30:00Z,0.08641,0.08645,0.08641,0.08645,72128,6234.757,0.08641,0.08646,0.08641,0.08646,0.08647,0.08651,0.08647,0.08651,-0.00034366,-0.00021438,-0.00031502,-0.00031502,-6.0000000000004494e-05,-0.0006935614379841
1696926900000,2023-10-10T08:35:00Z,0.08645,0.08646,0.08633,0.08634,62464,5396.32067,0.08646,0.08646,0.08634,0.08636,0.08651,0.08651,0.0864,0.08642,-0.00031502,-0.00050879,-0.0006255,-0.00050879,-7.999999999999674e-05,-0.0009257116408238457
1696927200000,2023-10-10T08:40:00Z,0.08634,0.08641,0.08634,0.08637,17619,1521.3987,0.08636,0.08641,0.08634,0.08638,0.08642,0.08648,0.0864,0.08645,-0.00050879,-0.00046166,-0.00056743,-0.00056743,-7.999999999999674e-05,-0.0009253903990745719
1696927500000,2023-10-10T08:45:00Z,0.08637,0.08639,0.08631,0.08632,72981,6299.70593,0.08638,0.08639,0.08631,0.08632,0.08645,0.08646,0.08638,0.08638,-0.00056743,-0.00050567,-0.0006143,-0.00050567,-6.0000000000004494e-05,-0.000694605232692805
1696927800000,2023-10-10T08:50:00Z,0.08632,0.08634,0.08629,0.08634,38111,3289.67883,0.08632,0.08635,0.08629,0.08634,0.08638,0.08642,0.08636,0.08641,-0.00050567,-0.00059701,-0.00060217,-0.00059701,-7.000000000000062e-05,-0.000810091424603641
1696928100000,2023-10-10T08:55:00Z,0.08634,0.08635,0.0863,0.0863,32122,2772.35478,0.08634,0.08636,0.0863,0.0863,0.08641,0.08643,0.08638,0.08638,-0.00059701,-0.00072855,-0.00074253,-0.00072855,-7.999999999999674e-05,-0.0009261403102569663
1696928400000,2023-10-10T09:00:00Z,0.0863,0.08631,0.08627,0.08629,62493,5392.71876,0.0863,0.08633,0.08629,0.08629,0.08638,0.08641,0.08637,0.08638,-0.00072855,-0.00065057,-0.00093355,-0.00093355,-8.999999999999286e-05,-0.0010419078490390469
1696928700000,2023-10-10T09:05:00Z,0.08629,0.08643,0.08628,0.08642,47425,4095.49056,0.08629,0.08643,0.08628,0.08642,0.08638,0.08651,0.08637,0.0865,-0.00093355,-0.00065035,-0.00068474,-0.00068474,-7.999999999999674e-05,-0.0009248554913294421
1696929000000,2023-10-10T09:10:00Z,0.08642,0.08644,0.08639,0.08643,56429,4876.2015,0.08642,0.08645,0.08641,0.08643,0.0865,0.08653,0.08649,0.08652,-0.00068474,-0.00055547,-0.00078779,-0.00078779,-8.999999999999286e-05,-0.0010402219140082393
1696929300000,2023-10-10T09:15:00Z,0.08643,0.08647,0.08643,0.08644,1343,116.1079,0.08643,0.08647,0.08643,0.08645,0.08652,0.08654,0.0865,0.08652,-0.00078779,-0.00043549,-0.00060836,-0.00043549,-7.999999999999674e-05,-0.0009246417013406928
1696929600000,2023-10-10T09:20:00Z,0.08644,0.08644,0.08643,0.08643,170,14.6931,0.08645,0.08645,0.08643,0.08643,0.08652,0.08652,0.0865,0.08651,-0.00043549,-0.00061079,-0.00075034,-0.00075034,-7.999999999999674e-05,-0.0009247485839786931
1696929900000,2023-10-10T09:25:00Z,0.08643,0.08643,0.0864,0.08642,36918,3190.68914,0.08643,0.08644,0.08642,0.08642,0.08651,0.08651,0.08649,0.08649,-0.00075034,-0.00054676,-0.00079364,-0.00079364,-7.000000000000062e-05,-0.0008093421204763628
1696930200000,2023-10-10T09:30:00Z,0.08642,0.08645,0.08642,0.08645,26409,2282.52862,0.08642,0.08648,0.08642,0.08647,0.08649,0.08655,0.08649,0.08654,-0.00079364,-0.00069372,-0.0007963,-0.0007963,-9.000000000000674e-05,-0.0010399815114398745
1696930500000,2023-10-10T09:35:00Z,0.08645,0.08646,0.08626,0.08633,892692,77050.51706,0.08647,0.08649,0.0863,0.08634,0.08654,0.08656,0.08639,0.08643,-0.0007963,-0.0007377,-0.00087965,-0.00087965,-0.00010000000000000286,-0.0011570056693278128
1696930800000,2023-10-10T09:40:00Z,0.08633,0.08639,0.08633,0.08637,15183,1311.45765,0.08634,0.08639,0.08634,0.08638,0.08643,0.08647,0.08643,0.08647,-0.00087965,-0.00087485,-0.00098323,-0.00087485,-0.00010000000000000286,-0.0011564704521799798
1696931100000,2023-10-10T09:45:00Z,0.08637,0.08643,0.08633,0.08643,299506,25869.74971,0.08638,0.08645,0.08636,0.08643,0.08647,0.08653,0.08645,0.08651,-0.00087485,-0.00066157,-0.0007768,-0.00066157,-7.999999999999674e-05,-0.0009247485839786931
1696931400000,2023-10-10T09:50:00Z,0.08643,0.08645,0.08636,0.0864,94818,8192.83816,0.08643,0.08645,0.08637,0.08641,0.08651,0.08652,0.08644,0.08648,-0.00066157,-0.00053514,-0.00062067,-0.00062067,-7.999999999999674e-05,-0.0009250693802034776
1696931700000,2023-10-10T09:55:00Z,0.0864,0.08641,0.0864,0.0864,513,44.32383,0.08641,0.08642,0.0864,0.0864,0.08648,0.08649,0.08647,0.08648,-0.00062067,-0.00068061,-0.00068061,-0.00068061,-7.999999999999674e-05,-0.0009250693802034776
1696932000000,2023-10-10T10:00:00Z,0.0864,0.0864,0.08636,0.08637,72187,6235.75875,0.0864,0.08641,0.08637,0.08638,0.08648,0.08649,0.08644,0.08646,-0.00068061,-0.00042156,-0.00079585,-0.00042156,-8.999999999999286e-05,-0.0010409437890353096
1696932300000,2023-10-10T10:05:00Z,0.08637,0.08641,0.08635,0.08635,79864,6900.35309,0.08638,0.08641,0.08637,0.08637,0.08646,0.08647,0.08644,0.08644,-0.00042156,-0.0005126,-0.00051607,-0.00051607,-9.000000000000674e-05,-0.001041184636742327
1696932600000,2023-10-10T10:10:00Z,0.08635,0.08646,0.08635,0.08642,10677,922.92275,0.08637,0.08646,0.08637,0.08643,0.08644,0.08652,0.08643,0.08649,-0.00051607,-0.00048849,-0.00063132,-0.00063132,-7.000000000000062e-05,-0.0008093421204763628
1696932900000,2023-10-10T10:15:00Z,0.08642,0.08642,0.08641,0.08641,2189,189.17284,0.08643,0.08644,0.08641,0.08641,0.08649,0.0865,0.08647,0.08648,-0.00063132,-0.00064485,-0.00072019,-0.00072019,-7.000000000000062e-05,-0.000809435707678083
1696933200000,2023-10-10T10:20:00Z,0.08641,0.08647,0.08637,0.08646,45596,3939.09256,0.08641,0.08647,0.08638,0.08647,0.08648,0.08655,0.08645,0.08654,-0.00072019,-0.0004431,-0.00063018,-0.00063018,-8.000000000001062e-05,-0.0009244280101688308
1696933500000,2023-10-10T10:25:00Z,0.08646,0.08648,0.08646,0.08647,9538,824.75044,0.08647,0.08648,0.08646,0.08647,0.08654,0.08656,0.08653,0.08653,-0.00063018,-0.00053524,-0.00064194,-0.00053524,-5.9999999999990616e-05,-0.0006934011325550747
1696933800000,2023-10-10T10:30:00Z,0.08647,0.0865,0.08646,0.08649,23025,1991.43511,0.08647,0.0865,0.08646,0.0865,0.08653,0.08657,0.08653,0.08657,-0.00053524,-0.00069324,-0.00080868,-0.00080868,-7.999999999999674e-05,-0.0009241076585421826
1696934100000,2023-10-10T10:35:00Z,0.08649,0.0865,0.08631,0.08634,88536,7646.79243,0.0865,0.08651,0.08632,0.08635,0.08657,0.08658,0.0864,0.08643,-0.00080868,-0.00059616,-0.00089779,-0.00059616,-9.000000000000674e-05,-0.0010413051023950796
1696934400000,2023-10-10T10:40:00Z,0.08634,0.08639,0.0863,0.08633,137488,11871.27329,0.08635,0.08639,0.08631,0.08634,0.08643,0.08646,0.08638,0.08641,-0.00059616,-0.00051533,-0.00061102,-0.00051533,-7.999999999999674e-05,-0.0009258187709755438
1696934700000,2023-10-10T10:45:00Z,0.08633,0.08639,0.08631,0.08631,30923,2670.52774,0.08634,0.08639,0.08631,0.08631,0.08641,0.08645,0.08637,0.08638,-0.00051533,-0.00048021,-0.00063062,-0.00063062,-7.000000000000062e-05,-0.0008103727714748856
1696935000000,2023-10-10T10:50:00Z,0.08631,0.08634,0.08627,0.08628,12628,1089.7736,0.08631,0.08634,0.08629,0.0863,0.08638,0.0864,0.08636,0.08637,-0.00063062,-0.00046977,-0.00073057,-0.00046977,-9.000000000000674e-05,-0.0010420284821119224
1696935300000,2023-10-10T10:55:00Z,0.08628,0.0863,0.08626,0.08627,42485,3665.53384,0.0863,0.0863,0.08626,0.08627,0.08637,0.08637,0.08633,0.08634,-0.00046977,-0.00064049,-0.00081519,-0.00064049,-7.000000000000062e-05,-0.0008107482047718395
1696935600000,2023-10-10T11:00:00Z,0.08627,0.08628,0.0862,0.08622,269974,23277.01516,0.08627,0.08628,0.08622,0.08622,0.08634,0.08635,0.08629,0.0863,-0.00064049,-0.0006263,-0.0008364,-0.0008364,-7.999999999999674e-05,-0.0009269988412514106
1696935900000,2023-10-10T11:05:00Z,0.08622,0.08624,0.08622,0.08623,5684,490.1223,0.08622,0.08624,0.08622,0.08624,0.0863,0.08633,0.0863,0.08632,-0.0008364,-0.00072914,-0.00078649,-0.00072914,-8.999999999999286e-05,-0.0010426320667283697
1696936200000,2023-10-10T11:10:00Z,0.08623,0.08637,0.08623,0.08633,267897,23122.49143,0.08624,0.08637,0.08624,0.08635,0.08632,0.08645,0.08632,0.08643,-0.00072914,-0.00067306,-0.00086466,-0.00086466,-0.00010000000000000286,-0.0011570056693278128
1696936500000,2023-10-10T11:15:00Z,0.08633,0.08635,0.08624,0.08625,23605,2036.04188,0.08635,0.08636,0.08626,0.08626,0.08643,0.08644,0.08635,0.08635,-0.00086466,-0.00075381,-0.00096226,-0.00096226,-0.00010000000000000286,-0.0011580775911986436
1696936800000,2023-10-10T11:20:00Z,0.08625,0.0863,0.08624,0.08627,11056,953.66579,0.08626,0.0863,0.08626,0.08627,0.08635,0.08639,0.08635,0.08636,-0.00096226,-0.00060294,-0.00073043,-0.00073043,-9.000000000000674e-05,-0.0010421491431218937
1696937100000,2023-10-10T11:25:00Z,0.08627,0.0863,0.08625,0.08626,39963,3447.64033,0.08627,0.0863,0.08626,0.08627,0.08636,0.08637,0.08634,0.08636,-0.00073043,-0.00060259,-0.00075199,-0.00060259,-0.00010000000000000286,-0.0011579434923576061
1696937400000,2023-10-10T11:30:00Z,0.08626,0.08628,0.08619,0.08622,107698,9284.89892,0.08627,0.08628,0.0862,0.08622,0.08636,0.08637,0.0863,0.0863,-0.00060259,-0.00078203,-0.00091241,-0.00078203,-7.999999999999674e-05,-0.0009269988412514106
1696937700000,2023-10-10T11:35:00Z,0.08622,0.08626,0.08622,0.08625,693,59.76121,0.08622,0.08626,0.08622,0.08626,0.0863,0.08634,0.0863,0.08634,-0.00078203,-0.00064821,-0.00082117,-0.00082117,-9.000000000000674e-05,-0.0010423905489924338
1696938000000,2023-10-10T11:40:00Z,0.08625,0.08626,0.08623,0.08623,38750,3342.2483,0.08626,0.08626,0.08624,0.08624,0.08634,0.08634,0.08631,0.08632,-0.00082117,-0.00060396,-0.0007654,-0.0007654,-8.999999999999286e-05,-0.0010426320667283697
1696938300000,2023-10-10T11:45:00Z,0.08623,0.08627,0.08623,0.08626,2832,244.24404,0.08624,0.08628,0.08624,0.08627,0.08632,0.08635,0.08631,0.08634,-0.0007654,-0.00044196,-0.00056416,-0.00056416,-7.999999999999674e-05,-0.0009265693768820563
1696938600000,2023-10-10T11:50:00Z,0.08626,0.08626,0.08618,0.08618,3711,319.93331,0.08627,0.08627,0.08618,0.08619,0.08634,0.08634,0.08625,0.08626,-0.00056416,-0.00048626,-0.00059865,-0.00059865,-7.999999999999674e-05,-0.0009274287039183484
1696938900000,2023-10-10T11:55:00Z,0.08618,0.08619,0.08616,0.08617,13035,1123.42586,0.08619,0.0862,0.08616,0.08618,0.08626,0.08627,0.08623,0.08626,-0.00059865,-0.00041876,-0.00078933,-0.00078933,-9.000000000000674e-05,-0.0010433572919082627
1696939200000,2023-10-10T12:00:00Z,0.08617,0.08633,0.08617,0.08626,911837,78686.91612,0.08618,0.08628,0.08617,0.08627,0.08626,0.08635,0.08625,0.08634,-0.00078933,-0.00028434,-0.0005729,-0.00028434,-7.999999999999674e-05,-0.0009265693768820563
1696939500000,2023-10-10T12:05:00Z,0.08626,0.0863,0.0862,0.0863,406817,35091.03012,0.08627,0.0863,0.0862,0.08629,0.08634,0.08635,0.08627,0.0863,-0.00028434,-0.00069741,-0.00071213,-0.00069741,0.0,0.0
1696939800000,2023-10-10T12:10:00Z,0.0863,0.08631,0.08625,0.0863,323093,27879.96855,0.08629,0.08631,0.08625,0.08631,0.0863,0.08636,0.0863,0.08636,-0.00069741,-0.00025538,-0.00027064,-0.00027064,-6.0000000000004494e-05,-0.0006947660954145958
1696940100000,2023-10-10T12:15:00Z,0.0863,0.08637,0.0863,0.08637,40556,3500.85324,0.08631,0.08638,0.0863,0.08638,0.08636,0.08644,0.08633,0.08644,-0.00027064,-0.00018797,-0.00047789,-0.00047789,-7.000000000000062e-05,-0.0008098102730217564
1696940400000,2023-10-10T12:20:00Z,0.08637,0.08639,0.08637,0.08638,84966,7339.38444,0.08638,0.08641,0.08638,0.08638,0.08644,0.08648,0.08644,0.08646,-0.00047789,-0.00048907,-0.00053822,-0.00053822,-7.999999999999674e-05,-0.000925283368031422
1696940700000,2023-10-10T12:25:00Z,0.08638,0.08639,0.08638,0.08639,8837,763.42673,0.08638,0.0864,0.08638,0.08639,0.08646,0.08648,0.08646,0.08647,-0.00053822,-0.00055267,-0.00059789,-0.00055267,-8.000000000001062e-05,-0.0009251763617440802
1696941000000,2023-10-10T12:30:00Z,0.08639,0.08647,0.08639,0.08642,108692,9396.33729,0.08639,0.08646,0.08639,0.08644,0.08647,0.08651,0.08647,0.0865,-0.00055267,-0.00052133,-0.00070716,-0.00070716,-7.999999999999674e-05,-0.0009248554913294421
1696941300000,2023-10-10T12:35:00Z,0.08642,0.08643,0.08642,0.08642,25664,2217.88329,0.08644,0.08644,0.08642,0.08643,0.0865,0.08651,0.08648,0.0865,-0.00070716,-0.00060439,-0.00064508,-0.00064508,-7.999999999999674e-05,-0.0009248554913294421
1696941600000,2023-10-10T12:40:00Z,0.08642,0.08644,0.08624,0.08624,607874,52478.58737,0.08643,0.08646,0.08624,0.08625,0.0865,0.08653,0.08629,0.08632,-0.00064508,-0.00010196,-0.00053353,-0.00010196,-7.999999999999674e-05,-0.0009267840593141421
1696941900000,2023-10-10T12:45:00Z,0.08624,0.08624,0.08617,0.08619,337067,29058.59955,0.08625,0.08625,0.08617,0.08619,0.08632,0.08632,0.08621,0.08621,-0.00010196,-0.00038226,-0.00043418,-0.00043418,-1.9999999999992246e-05,-0.00023199164830057126
1696942200000,2023-10-10T12:50:00Z,0.08619,0.08619,0.0861,0.08615,121960,10505.56825,0.08619,0.08619,0.08611,0.08615,0.08621,0.08622,0.08616,0.08618,-0.00043418,-0.00038809,-0.00055458,-0.00055458,-3.0000000000002247e-05,-0.0003481086098863106
1696942500000,2023-10-10T12:55:00Z,0.08615,0.08615,0.08612,0.08613,65982,5683.88812,0.08615,0.08617,0.08612,0.08613,0.08618,0.08622,0.08617,0.08619,-0.00055458,-0.00027883,-0.00042691,-0.00042691,-6.0000000000004494e-05,-0.0006961364427428297
1696942800000,2023-10-10T13:00:00Z,0.08613,0.08624,0.08608,0.0861,1085317,93540.85733,0.08613,0.08621,0.0861,0.08611,0.08619,0.08621,0.08615,0.08616,-0.00042691,-0.00047064,-0.0004783,-0.00047064,-6.0000000000004494e-05,-0.0006963788300836176
1696943100000,2023-10-10T13:05:00Z,0.0861,0.0861,0.08607,0.08607,92706,7981.18469,0.08611,0.08612,0.08607,0.08607,0.08616,0.08617,0.08613,0.08613,-0.00047064,-0.00047683,-0.00061643,-0.00061643,-6.0000000000004494e-05,-0.0006966213862766109
1696943400000,2023-10-10T13:10:00Z,0.08607,0.08609,0.08604,0.08604,632539,54449.90075,0.08607,0.08609,0.08604,0.08604,0.08613,0.08613,0.08609,0.08609,-0.00061643,-0.00019602,-0.00043474,-0.00019602,-4.999999999999449e-05,-0.0005807875479149088
1696943700000,2023-10-10T13:15:00Z,0.08604,0.08604,0.08602,0.08603,13704,1178.89061,0.08604,0.08604,0.08602,0.08603,0.08609,0.08609,0.08607,0.08608,-0.00019602,-0.00025583,-0.00040218,-0.00040218,-5.000000000000837e-05,-0.0005808550185874578
1696944000000,2023-10-10T13:20:00Z,0.08603,0.08609,0.08601,0.08607,64562,5554.18202,0.08603,0.08609,0.08602,0.08607,0.08608,0.08611,0.08607,0.0861,-0.00040218,-0.00006758,-0.00023231,-0.00006758,-3.0000000000002247e-05,-0.00034843205574915505
1696944300000,2023-10-10T13:25:00Z,0.08607,0.08621,0.08607,0.08619,25951,2235.73173,0.08607,0.08624,0.08607,0.08621,0.0861,0.08627,0.08609,0.08624,-0.00006758,-0.00026452,-0.00029268,-0.00026452,-4.999999999999449e-05,-0.0005797773654915874
1696944600000,2023-10-10T13:30:00Z,0.08619,0.08619,0.08615,0.08616,14016,1207.76116,0.08621,0.08621,0.08616,0.08617,0.08624,0.08624,0.0862,0.08621,-0.00026452,-0.00006067,-0.00033047,-0.00033047,-4.999999999999449e-05,-0.0005799791207515891
1696944900000,2023-10-10T13:35:00Z,0.08616,0.08616,0.08602,0.08603,115672,9957.21149,0.08617,0.08618,0.08602,0.08603,0.08621,0.08622,0.08607,0.0861,-0.00033047,-0.00042996,-0.00067219,-0.00042996,-7.000000000000062e-05,-0.000813008130081308
1696945200000,2023-10-10T13:40:00Z,0.08603,0.08604,0.08593,0.08601,324835,27927.26574,0.08603,0.08604,0.08599,0.08602,0.0861,0.0861,0.08605,0.08607,-0.00042996,-0.0002913,-0.00046799,-0.00046799,-5.9999999999990616e-05,-0.0006971070059253006
1696945500000,2023-10-10T13:45:00Z,0.08601,0.08608,0.08601,0.08608,12092,1040.62379,0.08602,0.08609,0.08602,0.08608,0.08607,0.08615,0.08607,0.08612,-0.00046799,-0.00036371,-0.00051346,-0.00051346,-3.999999999999837e-05,-0.0004644681839293819
1696945800000,2023-10-10T13:50:00Z,0.08608,0.08609,0.08606,0.08606,49712,4278.59886,0.08608,0.08609,0.08606,0.08606,0.08612,0.08613,0.08611,0.08611,-0.00051346,-0.00026489,-0.00049611,-0.00026489,-5.000000000000837e-05,-0.000580652653582724
1696946100000,2023-10-10T13:55:00Z,0.08606,0.0861,0.08606,0.08609,11389,980.58528,0.08606,0.0861,0.08606,0.08609,0.08611,0.08614,0.08611,0.08614,-0.00026489,-0.00022257,-0.00024997,-0.00022257,-4.999999999999449e-05,-0.000580450429533254
1696946400000,2023-10-10T14:00:00Z,0.08609,0.08631,0.08609,0.0863,146289,12616.62148,0.08609,0.0863,0.08609,0.0863,0.08614,0.08635,0.08614,0.08635,-0.00022257,-0.00016317,-0.00028271,-0.00016317,-4.999999999999449e-05,-0.0005790387955992414
1696946700000,2023-10-10T14:05:00Z,0.0863,0.08631,0.08622,0.08627,81772,7053.20535,0.0863,0.0863,0.08622,0.08627,0.08635,0.08635,0.08625,0.08631,-0.00016317,-0.00036254,-0.00043658,-0.00043658,-3.999999999999837e-05,-0.0004634457189201526
1696947000000,2023-10-10T14:10:00Z,0.08627,0.08648,0.08627,0.08644,226531,19578.17338,0.08627,0.08648,0.08627,0.08644,0.08631,0.08652,0.0863,0.08647,-0.00043658,-0.00018231,-0.00025306,-0.00025306,-3.0000000000002247e-05,-0.00034694113565401
1696947300000,2023-10-10T14:15:00Z,0.08644,0.08657,0.0864,0.08656,904070,78196.97861,0.08644,0.08656,0.08642,0.08656,0.08647,0.0866,0.08645,0.08659,-0.00025306,-0.00026298,-0.0005777,-0.0005777,-3.0000000000002247e-05,-0.00034646033029220747
1696947600000,2023-10-10T14:20:00Z,0.08656,0.08657,0.08649,0.0865,195452,16914.65399,0.08656,0.08657,0.0865,0.08651,0.08659,0.08661,0.08654,0.08657,-0.0005777,-0.00038877,-0.00064934,-0.00038877,-7.000000000000062e-05,-0.0008085942012244498
1696947900000,2023-10-10T14:25:00Z,0.0865,0.08658,0.08647,0.08653,481666,41692.40684,0.08651,0.08659,0.08647,0.08653,0.08657,0.08664,0.08652,0.08656,-0.00038877,-0.00050282,-0.00064146,-0.00064146,-3.0000000000002247e-05,-0.00034658040665436977
1696948200000,2023-10-10T14:30:00Z,0.08653,0.08653,0.08631,0.08639,384823,33273.44576,0.08653,0.08653,0.08631,0.08642,0.08656,0.08657,0.08636,0.08646,-0.00064146,0,-0.00016847,-0.00016847,-7.000000000000062e-05,-0.0008096229470275344
1696948500000,2023-10-10T14:35:00Z,0.08639,0.08653,0.08639,0.08639,118129,10217.7915,0.08642,0.08652,0.08639,0.08639,0.08646,0.08654,0.08641,0.08641,-0.00016847,-0.0002192,-0.00027693,-0.00027693,-2.0000000000006124e-05,-0.00023145469274396625
1696948800000,2023-10-10T14:40:00Z,0.08639,0.08647,0.08635,0.08644,121868,10531.63863,0.08639,0.08645,0.08635,0.08645,0.08641,0.08648,0.08638,0.08648,-0.00027693,0,-0.00010774,-0.00010774,-3.999999999999837e-05,-0.0004625346901017388
1696949100000,2023-10-10T14:45:00Z,0.08644,0.08646,0.08634,0.08635,131367,11350.66927,0.08645,0.08647,0.08634,0.08636,0.08648,0.0865,0.08638,0.0864,-0.00010774,-0.00005646,-0.00017534,-0.00005646,-5.000000000000837e-05,-0.0005787037037038006
1696949400000,2023-10-10T14:50:00Z,0.08635,0.08636,0.08626,0.08626,73212,6319.97176,0.08636,0.08636,0.08628,0.08629,0.0864,0.0864,0.08633,0.08634,-0.00005646,-0.00018754,-0.0002113,-0.0002113,-7.999999999999674e-05,-0.0009265693768820563
1696949700000,2023-10-10T14:55:00Z,0.08626,0.0863,0.08615,0.08624,247713,21354.98243,0.08629,0.0863,0.08615,0.08625,0.08634,0.08634,0.08621,0.08632,-0.0002113,-0.00044714,-0.00045462,-0.00045462,-7.999999999999674e-05,-0.0009267840593141421
1696950000000,2023-10-10T15:00:00Z,0.08624,0.08638,0.08623,0.08637,55533,4792.56521,0.08625,0.08637,0.08623,0.08637,0.08632,0.08644,0.0863,0.08644,-0.00045462,-0.00034779,-0.00045592,-0.00045592,-7.000000000000062e-05,-0.0008098102730217564
1696950300000,2023-10-10T15:05:00Z,0.08637,0.08638,0.08604,0.08604,1755669,151287.04757,0.08637,0.08638,0.08604,0.08605,0.08644,0.08645,0.08611,0.08613,-0.00045592,-0.00036587,-0.00050411,-0.00050411,-8.999999999999286e-05,-0.0010449320794147553
1696950600000,2023-10-10T15:10:00Z,0.08604,0.0861,0.08601,0.08608,212914,18323.18833,0.08605,0.0861,0.08601,0.08608,0.08613,0.08615,0.08608,0.08614,-0.00050411,-0.00056368,-0.00066387,-0.00056368,-5.9999999999990616e-05,-0.0006965405154398726
1696950900000,2023-10-10T15:15:00Z,0.08608,0.08614,0.08607,0.08613,16342,1407.29474,0.08608,0.08616,0.08607,0.08615,0.08614,0.08623,0.08612,0.08623,-0.00056368,-0.00055439,-0.00067734,-0.00055439,-0.00010000000000000286,-0.0011596892032935506
1696951200000,2023-10-10T15:20:00Z,0.08613,0.08615,0.08598,0.08601,881104,75790.74357,0.08615,0.08615,0.08598,0.08601,0.08623,0.08623,0.08605,0.08608,-0.00055439,-0.00068613,-0.00069164,-0.00069164,-7.000000000000062e-05,-0.000813197026022312
1696951500000,2023-10-10T15:25:00Z,0.08601,0.08609,0.08601,0.08607,20188,1737.58615,0.08601,0.0861,0.08601,0.0861,0.08608,0.08616,0.08607,0.08616,-0.00069164,-0.00036386,-0.00037253,-0.00037253,-9.000000000000674e-05,-0.0010445682451254265
1696951800000,2023-10-10T15:30:00Z,0.08607,0.08618,0.08607,0.08615,53522,4610.65227,0.0861,0.08618,0.08607,0.08616,0.08616,0.08624,0.08614,0.08622,-0.00037253,-0.00033383,-0.00064965,-0.00064965,-7.000000000000062e-05,-0.000811876594757604
1696952100000,2023-10-10T15:35:00Z,0.08615,0.08622,0.08606,0.08608,164163,14144.66063,0.08616,0.08622,0.08606,0.08608,0.08622,0.08625,0.0861,0.08613,-0.00064965,-0.00058176,-0.00067293,-0.00067293,-4.999999999999449e-05,-0.0005805178218970683
1696952400000,2023-10-10T15:40:00Z,0.08608,0.08623,0.08608,0.0862,127821,11018.88164,0.08608,0.08625,0.08608,0.08622,0.08613,0.08629,0.08613,0.08627,-0.00067293,-0.00028187,-0.00055713,-0.00055713,-7.000000000000062e-05,-0.0008114060507708429
1696952700000,2023-10-10T15:45:00Z,0.0862,0.0863,0.0862,0.0863,95594,8247.66743,0.08622,0.08632,0.08621,0.08631,0.08627,0.08637,0.08626,0.08636,-0.00055713,-0.00022899,-0.00034252,-0.00034252,-6.0000000000004494e-05,-0.0006947660954145958
1696953000000,2023-10-10T15:50:00Z,0.0863,0.08631,0.08626,0.08627,22780,1965.1981,0.08631,0.08632,0.08626,0.08628,0.08636,0.08637,0.0863,0.08633,-0.00034252,-0.00025946,-0.00035866,-0.00035866,-6.0000000000004494e-05,-0.0006950075292482856
1696953300000,2023-10-10T15:55:00Z,0.08627,0.08634,0.08621,0.08624,65508,5654.36871,0.08628,0.08635,0.08623,0.08624,0.08633,0.0864,0.08627,0.08628,-0.00035866,-0.00038028,-0.00039137,-0.00038028,-3.999999999999837e-05,-0.00046360686138152956
1696953600000,2023-10-10T16:00:00Z,0.08624,0.08633,0.08624,0.08633,101129,8726.00922,0.08624,0.08636,0.08624,0.08636,0.08628,0.08641,0.08628,0.08641,-0.00038028,-0.00010748,-0.00036327,-0.00036327,-7.999999999999674e-05,-0.0009258187709755438
1696953900000,2023-10-10T16:05:00Z,0.08633,0.08644,0.08632,0.08644,1016654,87832.1747,0.08636,0.08646,0.08633,0.08644,0.08641,0.08651,0.08638,0.08649,-0.00036327,-0.00036111,-0.00069509,-0.00036111,-4.999999999999449e-05,-0.0005781015146259046
1696954200000,2023-10-10T16:10:00Z,0.08644,0.08645,0.08637,0.08643,22744,1964.966,0.08644,0.08646,0.08638,0.08644,0.08649,0.08653,0.08644,0.08652,-0.00036111,-0.00054538,-0.00078781,-0.00078781,-8.999999999999286e-05,-0.0010402219140082393
1696954500000,2023-10-10T16:15:00Z,0.08643,0.08649,0.08639,0.08639,44395,3836.61615,0.08644,0.08649,0.08639,0.08639,0.08652,0.08658,0.08647,0.08648,-0.00078781,-0.00045127,-0.00094063,-0.00045127,-9.000000000000674e-05,-0.0010407030527290325
1696954800000,2023-10-10T16:20:00Z,0.08639,0.08641,0.08622,0.08628,195723,16887.65469,0.08639,0.08642,0.08624,0.08631,0.08648,0.08651,0.08631,0.08637,-0.00045127,-0.00080428,-0.00082974,-0.00082974,-9.000000000000674e-05,-0.0010420284821119224
1696955100000,2023-10-10T16:25:00Z,0.08628,0.08635,0.08625,0.08634,24350,2102.08014,0.08631,0.08635,0.08625,0.08634,0.08637,0.08642,0.08634,0.0864,-0.00082974,-0.00044895,-0.00055491,-0.00055491,-6.0000000000004494e-05,-0.0006944444444444964
1696955400000,2023-10-10T16:30:00Z,0.08634,0.08641,0.08634,0.08639,60741,5247.85473,0.08634,0.08645,0.08634,0.08639,0.0864,0.0865,0.08638,0.08645,-0.00055491,-0.0003632,-0.00060594,-0.00060594,-6.0000000000004494e-05,-0.0006940427993060092
1696955700000,2023-10-10T16:35:00Z,0.08639,0.08641,0.08631,0.08641,112737,9731.27056,0.08639,0.08643,0.08631,0.08642,0.08645,0.08649,0.08636,0.08648,-0.00060594,-0.00045796,-0.00049664,-0.00049664,-7.000000000000062e-05,-0.000809435707678083
1696956000000,2023-10-10T16:40:00Z,0.08641,0.08641,0.08627,0.08636,38078,3288.93062,0.08642,0.08642,0.08629,0.08636,0.08648,0.08649,0.08636,0.08643,-0.00049664,-0.00029776,-0.0007405,-0.00029776,-7.000000000000062e-05,-0.0008099039685294529
1696956300000,2023-10-10T16:45:00Z,0.08636,0.08639,0.08634,0.08638,3915,338.17104,0.08636,0.0864,0.08636,0.0864,0.08643,0.08648,0.08643,0.08647,-0.00029776,-0.00048103,-0.00059861,-0.00048103,-9.000000000000674e-05,-0.00104082340696203
1696956600000,2023-10-10T16:50:00Z,0.08638,0.08642,0.08638,0.0864,28454,2458.6111,0.0864,0.08644,0.08639,0.08643,0.08647,0.0865,0.08645,0.0865,-0.00048103,-0.00039127,-0.00078274,-0.00078274,-9.999999999998899e-05,-0.0011560693641617225
1696956900000,2023-10-10T16:55:00Z,0.0864,0.08642,0.08634,0.08638,13251,1144.50601,0.08643,0.08644,0.08635,0.08639,0.0865,0.08651,0.08643,0.08648,-0.00078274,-0.00040483,-0.00082234,-0.00040483,-0.00010000000000000286,-0.0011563367252544273
1696957200000,2023-10-10T17:00:00Z,0.08638,0.08641,0.08638,0.08638,11382,983.40031,0.08639,0.08642,0.08638,0.08638,0.08648,0.08651,0.08646,0.08647,-0.00040483,-0.00051098,-0.00074092,-0.00074092,-9.000000000000674e-05,-0.00104082340696203
1696957500000,2023-10-10T17:05:00Z,0.08638,0.08638,0.08625,0.08627,41889,3615.50822,0.08638,0.08638,0.08625,0.08627,0.08647,0.08647,0.08633,0.08636,-0.00074092,-0.0003949,-0.00080544,-0.00080544,-9.000000000000674e-05,-0.0010421491431218937
1696957800000,2023-10-10T17:10:00Z,0.08627,0.08629,0.08621,0.08622,38851,3350.72002,0.08627,0.08629,0.08621,0.08622,0.08636,0.08638,0.08629,0.0863,-0.00080544,-0.00066585,-0.00090442,-0.00090442,-7.999999999999674e-05,-0.0009269988412514106
1696958100000,2023-10-10T17:15:00Z,0.08622,0.08629,0.08622,0.08629,20941,1806.12202,0.08622,0.08629,0.08622,0.08629,0.0863,0.08636,0.08628,0.08634,-0.00090442,-0.00022666,-0.00023537,-0.00022666,-4.999999999999449e-05,-0.000579105860551245
1696958400000,2023-10-10T17:20:00Z,0.08629,0.08629,0.08624,0.08626,2680,231.15223,0.08629,0.0863,0.08625,0.08626,0.08634,0.08636,0.08632,0.08634,-0.00022666,-0.00037139,-0.000417,-0.00037139,-7.999999999999674e-05,-0.0009265693768820563
1696958700000,2023-10-10T17:25:00Z,0.08626,0.08627,0.08621,0.08626,15506,1337.61081,0.08626,0.08627,0.08622,0.08627,0.08634,0.08635,0.0863,0.08635,-0.00037139,-0.00033534,-0.00072333,-0.00033534,-8.999999999999286e-05,-0.0010422698320786668
1696959000000,2023-10-10T17:30:00Z,0.08626,0.08634,0.08624,0.08629,76354,6587.67521,0.08627,0.08634,0.08625,0.0863,0.08635,0.08642,0.08633,0.08638,-0.00033534,-0.00051279,-0.00062087,-0.00062087,-8.999999999999286e-05,-0.0010419078490390469
1696959300000,2023-10-10T17:35:00Z,0.08629,0.08634,0.08628,0.08632,16000,1381.08942,0.0863,0.08635,0.08629,0.08635,0.08638,0.08643,0.08637,0.08643,-0.00062087,-0.00046672,-0.00082907,-0.00082907,-0.00011000000000001287,-0.0012727062362607065
1696959600000,2023-10-10T17:40:00Z,0.08632,0.08646,0.08631,0.08642,348467,30110.78351,0.08635,0.08646,0.08633,0.08642,0.08643,0.08651,0.0864,0.0865,-0.00082907,-0.0004608,-0.00049578,-0.0004608,-7.999999999999674e-05,-0.0009248554913294421
1696959900000,2023-10-10T17:45:00Z,0.08642,0.08645,0.08637,0.0864,132571,11454.55731,0.08642,0.08646,0.0864,0.0864,0.0865,0.08653,0.08647,0.08648,-0.0004608,-0.00078955,-0.00080339,-0.00078955,-7.999999999999674e-05,-0.0009250693802034776
1696960200000,2023-10-10T17:50:00Z,0.0864,0.08641,0.08631,0.08633,40126,3463.88502,0.0864,0.08642,0.08632,0.08633,0.08648,0.08651,0.08642,0.08642,-0.00078955,-0.00086287,-0.0010502,-0.00086287,-8.999999999999286e-05,-0.0010414255959267863
1696960500000,2023-10-10T17:55:00Z,0.08633,0.08637,0.08631,0.08637,91689,7916.90525,0.08633,0.08637,0.08632,0.08637,0.08642,0.08645,0.0864,0.08645,-0.00086287,-0.00061499,-0.00076478,-0.00061499,-7.999999999999674e-05,-0.0009253903990745719
1696960800000,2023-10-10T18:00:00Z,0.08637,0.08643,0.08636,0.08639,7279,628.97021,0.08637,0.08643,0.08636,0.0864,0.08645,0.08649,0.08644,0.08648,-0.00061499,-0.00066558,-0.00080735,-0.00080735,-9.000000000000674e-05,-0.0010407030527290325
1696961100000,2023-10-10T18:05:00Z,0.08639,0.0864,0.08639,0.08639,890,76.88783,0.0864,0.08642,0.08639,0.08639,0.08648,0.08651,0.08648,0.08648,-0.00080735,-0.00069449,-0.00085674,-0.00085674,-9.000000000000674e-05,-0.0010407030527290325
1696961400000,2023-10-10T18:10:00Z,0.08639,0.0865,0.08639,0.08643,891641,77120.13262,0.08639,0.0865,0.08639,0.08643,0.08648,0.08656,0.08648,0.08649,-0.00085674,-0.00050912,-0.00051999,-0.00050912,-5.9999999999990616e-05,-0.0006937218175510536
1696961700000,2023-10-10T18:15:00Z,0.08643,0.08643,0.08635,0.0864,45471,3928.85526,0.08643,0.08643,0.08636,0.0864,0.08649,0.08649,0.08643,0.08647,-0.00050912,-0.0003422,-0.00045806,-0.00045806,-7.000000000000062e-05,-0.0008095293165259698
1696962000000,2023-10-10T18:20:00Z,0.0864,0.0864,0.08637,0.08637,758,65.48746,0.0864,0.08641,0.08637,0.08638,0.08647,0.08648,0.08645,0.08646,-0.00045806,-0.00048322,-0.00075644,-0.00048322,-8.999999999999286e-05,-0.0010409437890353096
1696962300000,2023-10-10T18:25:00Z,0.08637,0.08644,0.08637,0.08644,17267,1491.92798,0.08638,0.08645,0.08638,0.08645,0.08646,0.08652,0.08646,0.08652,-0.00048322,-0.0006531,-0.0006531,-0.0006531,-7.999999999999674e-05,-0.0009246417013406928
1696962600000,2023-10-10T18:30:00Z,0.08644,0.08644,0.08641,0.08641,39828,3442.16316,0.08645,0.08645,0.08641,0.08641,0.08652,0.08652,0.08647,0.08648,-0.0006531,-0.00069846,-0.00076344,-0.00076344,-7.000000000000062e-05,-0.000809435707678083
1696962900000,2023-10-10T18:35:00Z,0.08641,0.08641,0.08636,0.08637,37093,3204.43942,0.08641,0.08641,0.08636,0.08637,0.08648,0.08648,0.08642,0.08644,-0.00076344,-0.00036175,-0.00055534,-0.00036175,-7.000000000000062e-05,-0.0008098102730217564
1696963200000,2023-10-10T18:40:00Z,0.08637,0.0864,0.08637,0.08638,3444,297.52441,0.08637,0.08641,0.08637,0.08639,0.08644,0.08648,0.08644,0.08647,-0.00036175,-0.00087579,-0.00087591,-0.00087591,-9.000000000000674e-05,-0.00104082340696203
1696963500000,2023-10-10T18:45:00Z,0.08638,0.08639,0.08638,0.08638,10540,910.44916,0.08639,0.0864,0.08638,0.08638,0.08647,0.08648,0.08642,0.08642,-0.00087591,-0.00053366,-0.00064152,-0.00053366,-3.999999999999837e-05,-0.00046285582041192283
1696963800000,2023-10-10T18:50:00Z,0.08638,0.08638,0.08627,0.0863,304382,26271.43828,0.08638,0.08638,0.08628,0.0863,0.08642,0.08642,0.08635,0.08638,-0.00053366,-0.00072612,-0.00076209,-0.00072612,-7.999999999999674e-05,-0.0009261403102569663
1696964100000,2023-10-10T18:55:00Z,0.0863,0.08638,0.0863,0.08638,17332,1496.19034,0.0863,0.08638,0.0863,0.08638,0.08638,0.08646,0.08637,0.08644,-0.00072612,-0.00067403,-0.00075324,-0.00067403,-6.0000000000004494e-05,-0.0006941230911615512
1696964400000,2023-10-10T19:00:00Z,0.08638,0.08647,0.08638,0.08643,105707,9137.3899,0.08638,0.08646,0.08638,0.08644,0.08644,0.08653,0.08644,0.08651,-0.00067403,-0.00057038,-0.00059061,-0.00059061,-7.999999999999674e-05,-0.0009247485839786931
1696964700000,2023-10-10T19:05:00Z,0.08643,0.08643,0.08631,0.08633,5316,458.99861,0.08644,0.08644,0.08631,0.08636,0.08651,0.08651,0.08639,0.08644,-0.00059061,-0.00061231,-0.00066103,-0.00061231,-0.00010999999999999899,-0.001272559000462737
1696965000000,2023-10-10T19:10:00Z,0.08633,0.08635,0.0863,0.0863,14003,1208.92029,0.08636,0.08636,0.08631,0.08633,0.08644,0.08644,0.08638,0.08639,-0.00061231,-0.00029274,-0.00056236,-0.00029274,-8.999999999999286e-05,-0.0010417872438938866
1696965300000,2023-10-10T19:15:00Z,0.0863,0.08633,0.0863,0.08633,5252,453.25436,0.08633,0.08633,0.0863,0.08633,0.08639,0.0864,0.08637,0.0864,-0.00029274,-0.00055555,-0.00064027,-0.00064027,-7.000000000000062e-05,-0.0008101851851851923
1696965600000,2023-10-10T19:20:00Z,0.08633,0.08637,0.08633,0.08637,4914,424.35894,0.08633,0.08638,0.08633,0.08637,0.0864,0.08644,0.08638,0.08643,-0.00064027,-0.00032384,-0.00046285,-0.00046285,-6.0000000000004494e-05,-0.0006942034015967198
1696965900000,2023-10-10T19:25:00Z,0.08637,0.08637,0.0862,0.08621,122006,10521.07111,0.08637,0.08637,0.08622,0.08622,0.08643,0.08643,0.0863,0.0863,-0.00046285,-0.00080585,-0.00084522,-0.00084522,-9.000000000000674e-05,-0.0010428736964079575
1696966200000,2023-10-10T19:30:00Z,0.08621,0.08628,0.08621,0.08628,29250,2522.67843,0.08622,0.08629,0.08621,0.08629,0.0863,0.08636,0.08629,0.08634,-0.00084522,-0.00054245,-0.0006677,-0.00054245,-6.0000000000004494e-05,-0.0006949270326616226
1696966500000,2023-10-10T19:35:00Z,0.08628,0.08628,0.08627,0.08627,6424,554.26136,0.08629,0.0863,0.08627,0.08629,0.08634,0.08636,0.08633,0.08636,-0.00054245,-0.00052322,-0.00080199,-0.00080199,-9.000000000000674e-05,-0.0010421491431218937
1696966800000,2023-10-10T19:40:00Z,0.08627,0.0863,0.08627,0.08629,1599,137.96123,0.08629,0.0863,0.08627,0.08629,0.08636,0.08636,0.08633,0.08636,-0.00080199,-0.00053537,-0.000593,-0.00053537,-7.000000000000062e-05,-0.0008105604446503081
1696967100000,2023-10-10T19:45:00Z,0.08629,0.08634,0.08629,0.08634,6273,541.34933,0.08629,0.08636,0.08629,0.08635,0.08636,0.08643,0.08635,0.08642,-0.00053537,-0.00063093,-0.00063999,-0.00063093,-7.999999999999674e-05,-0.0009257116408238457
1696967400000,2023-10-10T19:50:00Z,0.08634,0.08634,0.08632,0.08632,52589,4540.29829,0.08635,0.08636,0.08632,0.08632,0.08642,0.08643,0.08638,0.0864,-0.00063093,-0.00043831,-0.00087711,-0.00087711,-8.000000000001062e-05,-0.0009259259259260488
1696967700000,2023-10-10T19:55:00Z,0.08632,0.08638,0.08632,0.08638,57622,4976.30149,0.08632,0.08639,0.08632,0.08639,0.0864,0.08647,0.0864,0.08647,-0.00087711,-0.00053227,-0.00076385,-0.00053227,-9.000000000000674e-05,-0.00104082340696203
1696968000000,2023-10-10T20:00:00Z,0.08638,0.08643,0.08638,0.08643,15161,1309.93011,0.08639,0.08643,0.08639,0.08643,0.08647,0.0865,0.08647,0.08649,-0.00053227,-0.00050179,-0.00066982,-0.00066982,-5.9999999999990616e-05,-0.0006937218175510536
1696968300000,2023-10-10T20:05:00Z,0.08643,0.08644,0.08643,0.08643,17896,1546.92791,0.08643,0.08644,0.08643,0.08643,0.08649,0.08649,0.08647,0.08647,-0.00066982,-0.0005552,-0.00056203,-0.0005552,-3.999999999999837e-05,-0.0004625881808719598
1696968600000,2023-10-10T20:10:00Z,0.08643,0.08643,0.08632,0.08632,56161,4851.87597,0.08643,0.08644,0.08632,0.08632,0.08647,0.08649,0.08638,0.08639,-0.0005552,-0.00050984,-0.0005599,-0.00050984,-7.000000000000062e-05,-0.0008102789674730944
1696968900000,2023-10-10T20:15:00Z,0.08632,0.08632,0.08629,0.08629,1966,169.70175,0.08632,0.08632,0.08629,0.08629,0.08639,0.08639,0.08636,0.08636,-0.00050984,-0.00066921,-0.00076927,-0.00066921,-7.000000000000062e-05,-0.0008105604446503081
1696969200000,2023-10-10T20:20:00Z,0.08629,0.08632,0.08628,0.0863,287007,24768.23552,0.08629,0.08632,0.08628,0.0863,0.08636,0.08637,0.08634,0.08635,-0.00066921,-0.00038749,-0.00044389,-0.00038749,-4.999999999999449e-05,-0.0005790387955992414
1696969500000,2023-10-10T20:25:00Z,0.0863,0.08636,0.0863,0.08631,85267,7360.49367,0.0863,0.08636,0.0863,0.08633,0.08635,0.08639,0.08634,0.08637,-0.00038749,0,-0.00041312,-0.00041312,-6.0000000000004494e-05,-0.0006946856547412816
1696969800000,2023-10-10T20:30:00Z,0.08631,0.08631,0.08626,0.08629,264051,22780.05842,0.08633,0.08634,0.08626,0.0863,0.08637,0.08638,0.08631,0.08635,-0.00041312,-0.00018107,-0.00045342,-0.00018107,-5.9999999999990616e-05,-0.0006948465547190575
1696970100000,2023-10-10T20:35:00Z,0.08629,0.0863,0.08626,0.08626,71811,6196.62585,0.0863,0.0863,0.08626,0.08627,0.08635,0.08635,0.08632,0.08633,-0.00018107,-0.00046339,-0.00055317,-0.00055317,-7.000000000000062e-05,-0.0008108421174562796
1696970400000,2023-10-10T20:40:00Z,0.08626,0.08626,0.08623,0.08623,17021,1468.11523,0.08627,0.08627,0.08623,0.08624,0.08633,0.08633,0.08627,0.08629,-0.00055317,-0.00033062,-0.0004636,-0.00033062,-6.0000000000004494e-05,-0.0006953297021671629
1696970700000,2023-10-10T20:45:00Z,0.08623,0.08623,0.08601,0.08615,662488,57022.02426,0.08624,0.08626,0.08602,0.08616,0.08629,0.08631,0.08607,0.08623,-0.00033062,-0.00054066,-0.00089437,-0.00054066,-7.999999999999674e-05,-0.000927751362634776
1696971000000,2023-10-10T20:50:00Z,0.08615,0.0862,0.08615,0.08616,21994,1895.37316,0.08616,0.08621,0.08615,0.08617,0.08623,0.08628,0.0862,0.08623,-0.00054066,-0.00046382,-0.00054854,-0.00054854,-7.000000000000062e-05,-0.0008117824423054693
1696971300000,2023-10-10T20:55:00Z,0.08616,0.0862,0.08616,0.0862,23299,2008.01511,0.08617,0.08621,0.08616,0.08621,0.08623,0.08627,0.08622,0.08627,-0.00054854,-0.00032003,-0.00050243,-0.00050243,-7.000000000000062e-05,-0.0008114060507708429
1696971600000,2023-10-10T21:00:00Z,0.0862,0.08622,0.08617,0.08617,32198,2775.70448,0.08621,0.08623,0.08617,0.08617,0.08627,0.08629,0.08623,0.08623,-0.00050243,-0.00060377,-0.00077807,-0.00077807,-6.0000000000004494e-05,-0.0006958135219761625
1696971900000,2023-10-10T21:05:00Z,0.08617,0.08617,0.08612,0.08616,37680,3246.05986,0.08617,0.08617,0.08613,0.08616,0.08623,0.08624,0.08619,0.08623,-0.00077807,-0.00065069,-0.00074895,-0.00074895,-7.000000000000062e-05,-0.0008117824423054693
1696972200000,2023-10-10T21:10:00Z,0.08616,0.08623,0.08616,0.0862,34262,2953.76511,0.08616,0.08623,0.08616,0.0862,0.08623,0.0863,0.08623,0.08626,-0.00074895,-0.00036452,-0.00054764,-0.00054764,-6.0000000000004494e-05,-0.0006955715279388418
1696972500000,2023-10-10T21:15:00Z,0.0862,0.08624,0.0862,0.08623,33811,2915.78134,0.0862,0.08624,0.0862,0.08623,0.08626,0.08629,0.08626,0.08627,-0.00054764,-0.0004003,-0.0004476,-0.0004003,-3.999999999999837e-05,-0.00046366060044045865
1696972800000,2023-10-10T21:20:00Z,0.08623,0.08623,0.08623,0.08623,5499,474.17877,0.08623,0.08626,0.08623,0.08625,0.08627,0.0863,0.08627,0.0863,-0.0004003,-0.00027553,-0.00042473,-0.00042473,-7.000000000000062e-05,-0.0008111239860950245
1696973100000,2023-10-10T21:25:00Z,0.08623,0.08636,0.08623,0.08633,654745,56508.16024,0.08625,0.08635,0.08625,0.08635,0.0863,0.08638,0.0863,0.08638,-0.00042473,0,-0.00006831,-0.00006831,-4.999999999999449e-05,-0.0005788376939105637
1696973400000,2023-10-10T21:30:00Z,0.08633,0.08634,0.08633,0.08633,7048,608.45451,0.08635,0.08636,0.08633,0.08634,0.08638,0.08638,0.08636,0.08638,-0.00006831,-0.00004133,-0.00016058,-0.00004133,-4.999999999999449e-05,-0.0005788376939105637
1696973700000,2023-10-10T21:35:00Z,0.08633,0.08633,0.08631,0.08631,12326,1064.10016,0.08634,0.08635,0.08633,0.08634,0.08638,0.08638,0.08636,0.08637,-0.00004133,0,-0.00016998,-0.00016998,-6.0000000000004494e-05,-0.0006946856547412816
1696974000000,2023-10-10T21:40:00Z,0.08631,0.08631,0.08627,0.08627,23535,2030.63225,0.08634,0.08634,0.08628,0.08629,0.08637,0.08637,0.08631,0.08633,-0.00016998,-0.0000885,-0.00018626,-0.00018626,-6.0000000000004494e-05,-0.0006950075292482856
1696974300000,2023-10-10T21:45:00Z,0.08627,0.08629,0.08627,0.08629,7682,662.79731,0.08629,0.08629,0.08627,0.08629,0.08633,0.08633,0.08632,0.08633,-0.00018626,-0.00016543,-0.00032491,-0.00016543,-3.999999999999837e-05,-0.00046333835283213676
1696974600000,2023-10-10T21:50:00Z,0.08629,0.08629,0.08629,0.08629,1374,118.56246,0.08629,0.08631,0.08629,0.08629,0.08633,0.08636,0.08632,0.08633,-0.00016543,-0.00027997,-0.00029676,-0.00029676,-3.999999999999837e-05,-0.00046333835283213676
1696974900000,2023-10-10T21:55:00Z,0.08629,0.08629,0.08629,0.08629,45671,3940.95059,0.08629,0.0863,0.08629,0.08629,0.08633,0.08634,0.08632,0.08633,-0.00029676,-0.00017133,-0.00028669,-0.00017133,-3.999999999999837e-05,-0.00046333835283213676
1696975200000,2023-10-10T22:00:00Z,0.08629,0.08629,0.08629,0.08629,58502,5048.13758,0.08629,0.08631,0.08629,0.0863,0.08633,0.08635,0.08633,0.08634,-0.00017133,-0.00019448,-0.00019506,-0.00019448,-4.999999999999449e-05,-0.000579105860551245
1696975500000,2023-10-10T22:05:00Z,0.08629,0.08636,0.08629,0.08636,49161,4243.45065,0.0863,0.08636,0.0863,0.08636,0.08634,0.08639,0.08634,0.08639,-0.00019448,-0.00015769,-0.00026533,-0.00026533,-2.999999999998837e-05,-0.00034726241463118847
1696975800000,2023-10-10T22:10:00Z,0.08636,0.08636,0.08631,0.08631,40926,3534.04616,0.08636,0.08636,0.08631,0.08631,0.08639,0.0864,0.08634,0.08635,-0.00026533,-0.00010712,-0.00021954,-0.00010712,-3.999999999999837e-05,-0.00046323103647942526
1696976100000,2023-10-10T22:15:00Z,0.08631,0.08631,0.0863,0.0863,10529,908.7511,0.08631,0.08633,0.08631,0.08631,0.08635,0.08636,0.08634,0.08634,-0.00010712,-0.00002524,-0.00014302,-0.00014302,-3.999999999999837e-05,-0.00046328468844102815
1696976400000,2023-10-10T22:20:00Z,0.0863,0.0863,0.08628,0.08628,5226,450.92602,0.08631,0.08632,0.08628,0.08628,0.08634,0.08635,0.08632,0.08632,-0.00014302,-0.00003927,-0.00014179,-0.00014179,-3.999999999999837e-05,-0.00046339202965707104
1696976700000,2023-10-10T22:25:00Z,0.08628,0.08629,0.08628,0.08628,72910,6290.6978,0.08628,0.0863,0.08628,0.08629,0.08632,0.08634,0.08632,0.08633,-0.00014179,-0.00018269,-0.00023746,-0.00023746,-5.000000000000837e-05,-0.0005791729410402916
1696977000000,2023-10-10T22:30:00Z,0.08628,0.08628,0.08628,0.08628,3544,305.77632,0.08629,0.0863,0.08628,0.08629,0.08633,0.08634,0.08632,0.08633,-0.00023746,-0.00014722,-0.00014792,-0.00014792,-5.000000000000837e-05,-0.0005791729410402916
1696977300000,2023-10-10T22:35:00Z,0.08628,0.08633,0.08628,0.08631,18941,1634.75057,0.08629,0.08633,0.08629,0.08632,0.08633,0.08637,0.08633,0.08636,-0.00014792,-0.00030311,-0.00034066,-0.00034066,-5.000000000000837e-05,-0.0005789717461788834
1696977600000,2023-10-10T22:40:00Z,0.08631,0.08639,0.08631,0.08639,106555,9203.19007,0.08632,0.0864,0.08631,0.0864,0.08636,0.08644,0.08635,0.08644,-0.00034066,-0.00016836,-0.00020275,-0.00016836,-5.000000000000837e-05,-0.0005784359093013462
1696977900000,2023-10-10T22:45:00Z,0.08639,0.08643,0.08635,0.08635,788501,68132.48912,0.0864,0.08642,0.08635,0.08635,0.08644,0.08644,0.08639,0.08639,-0.00016836,-0.00023003,-0.00030864,-0.00030864,-3.999999999999837e-05,-0.00046301655284174527
1696978200000,2023-10-10T22:50:00Z,0.08635,0.08635,0.08629,0.08629,13914,1200.9041,0.08635,0.08636,0.08629,0.08629,0.08639,0.0864,0.08635,0.08635,-0.00030864,-0.00039606,-0.00047406,-0.00039606,-5.9999999999990616e-05,-0.0006948465547190575
1696978500000,2023-10-10T22:55:00Z,0.08629,0.08633,0.08629,0.0863,11397,983.67159,0.08629,0.08633,0.08629,0.08632,0.08635,0.08636,0.08635,0.08636,-0.00039606,-0.00017023,-0.00028488,-0.00028488,-6.0000000000004494e-05,-0.0006947660954145958
1696978800000,2023-10-10T23:00:00Z,0.0863,0.0864,0.0863,0.08638,108853,9402.50602,0.08632,0.0864,0.08631,0.08638,0.08636,0.0864,0.08634,0.0864,-0.00028488,-0.00010825,-0.00020671,-0.00010825,-2.0000000000006124e-05,-0.00023148148148155234
1696979100000,2023-10-10T23:05:00Z,0.08638,0.08638,0.08626,0.08626,40759,3518.24992,0.08638,0.08638,0.08627,0.08627,0.0864,0.08641,0.08632,0.08632,-0.00010825,-0.00038885,-0.00052177,-0.00052177,-5.9999999999990616e-05,-0.0006950880444855262
1696979400000,2023-10-10T23:10:00Z,0.08626,0.08627,0.08622,0.08622,48943,4220.73769,0.08627,0.08627,0.08623,0.08623,0.08632,0.08632,0.08629,0.08629,-0.00052177,-0.00030127,-0.00041466,-0.00030127,-7.000000000000062e-05,-0.0008112179858616365
1696979700000,2023-10-10T23:15:00Z,0.08622,0.08629,0.0862,0.08629,128872,11115.5646,0.08623,0.08629,0.08621,0.08629,0.08629,0.08632,0.08626,0.08631,-0.00030127,-0.00012875,-0.0001433,-0.0001433,-1.9999999999992246e-05,-0.00023172285945999592
1696980000000,2023-10-10T23:20:00Z,0.08629,0.08629,0.08622,0.08622,10087,869.88262,0.08629,0.08629,0.08623,0.08624,0.08631,0.08632,0.08627,0.08629,-0.0001433,-0.0000627,-0.00018379,-0.00018379,-7.000000000000062e-05,-0.0008112179858616365
1696980300000,2023-10-10T23:25:00Z,0.08622,0.08625,0.08622,0.08625,8154,703.12388,0.08624,0.08625,0.08622,0.08625,0.08629,0.0863,0.08628,0.0863,-0.00018379,-0.0004508,-0.00047595,-0.0004508,-5.000000000000837e-05,-0.0005793742757822523
1696980600000,2023-10-10T23:30:00Z,0.08625,0.08628,0.08625,0.08626,13641,1176.74216,0.08625,0.08628,0.08625,0.08627,0.0863,0.08632,0.0863,0.08631,-0.0004508,-0.00020716,-0.00028293,-0.00028293,-4.999999999999449e-05,-0.0005793071486501506
1696980900000,2023-10-10T23:35:00Z,0.08626,0.08629,0.08626,0.08628,18756,1618.19214,0.08627,0.08629,0.08627,0.08629,0.08631,0.08633,0.0863,0.08633,-0.00028293,-0.00038758,-0.00039627,-0.00039627,-5.000000000000837e-05,-0.0005791729410402916
1696981200000,2023-10-10T23:40:00Z,0.08628,0.08628,0.08626,0.08626,3596,310.25214,0.08629,0.0863,0.08626,0.08626,0.08633,0.08634,0.08631,0.08631,-0.00039627,-0.00030997,-0.00037256,-0.00037256,-4.999999999999449e-05,-0.0005793071486501506
1696981500000,2023-10-10T23:45:00Z,0.08626,0.08626,0.08622,0.08626,56068,4835.24991,0.08626,0.08626,0.08622,0.08626,0.08631,0.08631,0.08627,0.0863,-0.00037256,-0.00008751,-0.0004239,-0.00008751,-3.999999999999837e-05,-0.0004634994206257053
1696981800000,2023-10-10T23:50:00Z,0.08626,0.08627,0.08618,0.08618,278061,23975.86951,0.08626,0.08627,0.08618,0.08618,0.0863,0.0863,0.08623,0.08623,-0.00008751,-0.00034492,-0.00046382,-0.00046382,-4.999999999999449e-05,-0.0005798446016466949
1696982100000,2023-10-10T23:55:00Z,0.08618,0.08618,0.08616,0.08617,36477,3143.28021,0.08618,0.08619,0.08616,0.08617,0.08623,0.08624,0.08621,0.08622,-0.00046382,-0.0004144,-0.00043551,-0.0004144,-5.000000000000837e-05,-0.0005799118533983805
1696982400000,2023-10-11T00:00:00Z,0.08617,0.08626,0.08616,0.08625,102311,8820.4884,0.08617,0.08627,0.08616,0.08627,0.08622,0.08631,0.08621,0.08631,-0.0004144,0,-0.00010209,-0.00010209,-6.0000000000004494e-05,-0.0006951685783803093
1696982700000,2023-10-11T00:05:00Z,0.08625,0.08625,0.08622,0.08622,78639,6781.81896,0.08627,0.08627,0.08623,0.08624,0.08631,0.08631,0.08628,0.08629,-0.00010209,-0.0002799,-0.00036412,-0.0002799,-7.000000000000062e-05,-0.0008112179858616365
1696983000000,2023-10-11T00:10:00Z,0.08622,0.08622,0.08619,0.08622,25836,2227.11597,0.08624,0.08624,0.08619,0.08622,0.08629,0.08629,0.08625,0.08626,-0.0002799,-0.00048179,-0.00050863,-0.00048179,-3.999999999999837e-05,-0.0004637143519591742
1696983300000,2023-10-11T00:15:00Z,0.08622,0.08625,0.08622,0.08622,8576,739.52587,0.08622,0.08625,0.08622,0.08623,0.08626,0.08629,0.08626,0.08627,-0.00048179,-0.00052903,-0.00057614,-0.00057614,-4.999999999999449e-05,-0.0005795757505505331
1696983600000,2023-10-11T00:20:00Z,0.08622,0.08635,0.08619,0.08635,193646,16703.25539,0.08623,0.08639,0.08621,0.08638,0.08627,0.08645,0.08626,0.08644,-0.00057614,-0.00031141,-0.00032959,-0.00032959,-9.000000000000674e-05,-0.001041184636742327
1696983900000,2023-10-11T00:25:00Z,0.08635,0.08637,0.08635,0.08636,3819,329.82856,0.08638,0.08639,0.08636,0.08636,0.08644,0.08645,0.08644,0.08644,-0.00032959,-0.00074167,-0.00084314,-0.00074167,-7.999999999999674e-05,-0.0009254974548819614
1696984200000,2023-10-11T00:30:00Z,0.08636,0.08639,0.08635,0.08638,43344,3743.90001,0.08636,0.08639,0.08635,0.08638,0.08644,0.08647,0.08643,0.08646,-0.00074167,-0.00055725,-0.00068301,-0.00055725,-7.999999999999674e-05,-0.000925283368031422
1696984500000,2023-10-11T00:35:00Z,0.08638,0.08643,0.08638,0.08642,56265,4862.45835,0.08638,0.08643,0.08638,0.08642,0.08646,0.08649,0.08646,0.08648,-0.00055725,-0.00025127,-0.00046027,-0.00046027,-6.0000000000004494e-05,-0.0006938020351526884
1696984800000,2023-10-11T00:40:00Z,0.08642,0.08642,0.08633,0.08639,22404,1935.68205,0.08642,0.08642,0.08634,0.0864,0.08648,0.08648,0.08641,0.08647,-0.00046027,-0.00007461,-0.00064565,-0.00064565,-8.000000000001062e-05,-0.0009251763617440802
1696985100000,2023-10-11T00:45:00Z,0.08639,0.08639,0.08636,0.08638,12814,1106.93493,0.0864,0.0864,0.08637,0.08638,0.08647,0.08647,0.08645,0.08645,-0.00064565,-0.00066223,-0.00067884,-0.00066223,-7.000000000000062e-05,-0.0008097165991902905
1696985400000,2023-10-11T00:50:00Z,0.08638,0.08641,0.08638,0.0864,12728,1099.64201,0.08638,0.08641,0.08638,0.0864,0.08645,0.08647,0.08645,0.08646,-0.00066223,-0.0004646,-0.00058008,-0.00058008,-5.9999999999990616e-05,-0.0006939625260234863
1696985700000,2023-10-11T00:55:00Z,0.0864,0.08644,0.0864,0.08644,4673,403.8499,0.0864,0.08646,0.0864,0.08645,0.08646,0.08652,0.08646,0.08652,-0.00058008,-0.00049531,-0.00055473,-0.00049531,-7.999999999999674e-05,-0.0009246417013406928
1696986000000,2023-10-11T01:00:00Z,0.08644,0.08646,0.08639,0.08639,48349,4179.67604,0.08645,0.08646,0.08639,0.0864,0.08652,0.08652,0.08646,0.08647,-0.00049531,-0.00028741,-0.00042974,-0.00042974,-8.000000000001062e-05,-0.0009251763617440802
1696986300000,2023-10-11T01:05:00Z,0.08639,0.08643,0.08639,0.08642,14542,1256.59147,0.0864,0.08643,0.08639,0.08642,0.08647,0.08648,0.08646,0.08648,-0.00042974,-0.00031641,-0.0003817,-0.0003817,-6.0000000000004494e-05,-0.0006938020351526884
1696986600000,2023-10-11T01:10:00Z,0.08642,0.08644,0.08638,0.08638,11343,980.21611,0.08642,0.08644,0.08639,0.08639,0.08648,0.08649,0.08646,0.08646,-0.0003817,-0.00040545,-0.00063999,-0.00063999,-7.999999999999674e-05,-0.000925283368031422
1696986900000,2023-10-11T01:15:00Z,0.08638,0.08638,0.08637,0.08637,3614,312.14126,0.08639,0.08639,0.08637,0.08638,0.08646,0.08646,0.08644,0.08645,-0.00063999,-0.00043539,-0.00055795,-0.00043539,-7.999999999999674e-05,-0.0009253903990745719
1696987200000,2023-10-11T01:20:00Z,0.08637,0.08638,0.08636,0.08636,25981,2243.98489,0.08638,0.08639,0.08636,0.08637,0.08645,0.08646,0.08643,0.08644,-0.00043539,-0.00061032,-0.00069412,-0.00061032,-7.999999999999674e-05,-0.0009254974548819614
1696987500000,2023-10-11T01:25:00Z,0.08636,0.08637,0.08636,0.08636,25132,2170.41849,0.08637,0.08638,0.08636,0.08636,0.08644,0.08645,0.08643,0.08644,-0.00061032,-0.00059104,-0.00088559,-0.00088559,-7.999999999999674e-05,-0.0009254974548819614
1696987800000,2023-10-11T01:30:00Z,0.08636,0.08636,0.08635,0.08635,51624,4458.16703,0.08636,0.08637,0.08635,0.08635,0.08644,0.08645,0.08642,0.08643,-0.00088559,-0.00069987,-0.00075425,-0.00069987,-8.000000000001062e-05,-0.0009256045354623466
1696988100000,2023-10-11T01:35:00Z,0.08635,0.08638,0.08635,0.08635,15568,1344.434,0.08635,0.08638,0.08635,0.08635,0.08643,0.08644,0.08641,0.08642,-0.00069987,-0.00055954,-0.00067519,-0.00055954,-7.000000000000062e-05,-0.0008099976857209051
1696988400000,2023-10-11T01:40:00Z,0.08635,0.08636,0.08635,0.08636,4474,386.33038,0.08635,0.08636,0.08635,0.08636,0.08642,0.08642,0.08641,0.08641,-0.00055954,-0.00052447,-0.0006414,-0.0006414,-4.999999999999449e-05,-0.0005786367318596747
1696988700000,2023-10-11T01:45:00Z,0.08636,0.08636,0.08634,0.08634,7093,612.45633,0.08636,0.08637,0.08635,0.08635,0.08641,0.08642,0.0864,0.08641,-0.0006414,-0.00057655,-0.00075445,-0.00075445,-7.000000000000062e-05,-0.000810091424603641
1696989000000,2023-10-11T01:50:00Z,0.08634,0.08638,0.08634,0.08637,24807,2142.09865,0.08635,0.08638,0.08634,0.08637,0.08641,0.08643,0.08641,0.08642,-0.00075445,-0.00040488,-0.00061501,-0.00040488,-4.999999999999449e-05,-0.0005785697755148634
1696989300000,2023-10-11T01:55:00Z,0.08637,0.08638,0.08635,0.08638,28156,2431.77891,0.08637,0.08639,0.08636,0.08638,0.08642,0.08645,0.08642,0.08644,-0.00040488,-0.00041258,-0.00060071,-0.00041258,-6.0000000000004494e-05,-0.0006941230911615512
1696989600000,2023-10-11T02:00:00Z,0.08638,0.08638,0.08637,0.08637,6182,533.97785,0.08638,0.08639,0.08637,0.08637,0.08644,0.08645,0.08643,0.08643,-0.00041258,-0.00047801,-0.00061175,-0.00047801,-6.0000000000004494e-05,-0.0006942034015967198
1696989900000,2023-10-11T02:05:00Z,0.08637,0.08638,0.08634,0.08634,55184,4765.91387,0.08637,0.08638,0.08634,0.08634,0.08643,0.08644,0.08641,0.08641,-0.00047801,-0.00069139,-0.0007342,-0.0007342,-7.000000000000062e-05,-0.000810091424603641
1696990200000,2023-10-11T02:10:00Z,0.08634,0.08635,0.08634,0.08634,13113,1132.27642,0.08634,0.08636,0.08634,0.08635,0.08641,0.08643,0.08641,0.08643,-0.0007342,-0.00070585,-0.00082934,-0.00082934,-9.000000000000674e-05,-0.0010413051023950796
1696990500000,2023-10-11T02:15:00Z,0.08634,0.08634,0.08628,0.08628,41559,3587.37676,0.08635,0.08635,0.08628,0.08628,0.08643,0.08643,0.08636,0.08636,-0.00082934,-0.00080192,-0.00091618,-0.00091618,-8.000000000001062e-05,-0.0009263547938861813
1696990800000,2023-10-11T02:20:00Z,0.08628,0.08628,0.08613,0.08615,176476,15205.42771,0.08628,0.08628,0.08615,0.08616,0.08636,0.08636,0.08624,0.08625,-0.00091618,-0.00089751,-0.0010291,-0.0010291,-9.999999999998899e-05,-0.001159420289854945
1696991100000,2023-10-11T02:25:00Z,0.08615,0.08615,0.08607,0.08612,71128,6124.47637,0.08616,0.08616,0.08609,0.08612,0.08625,0.08625,0.08618,0.08621,-0.0010291,-0.0008799,-0.00092818,-0.00092818,-8.999999999999286e-05,-0.0010439624173528925
1696991400000,2023-10-11T02:30:00Z,0.08612,0.08612,0.08561,0.08561,1896959,163077.68712,0.08612,0.08613,0.08564,0.08564,0.08621,0.08622,0.08572,0.08572,-0.00092818,-0.00085125,-0.00089485,-0.00085125,-0.00010999999999999899,-0.0012832477834810894
1696991700000,2023-10-11T02:35:00Z,0.08561,0.08586,0.08561,0.0857,639202,54777.97489,0.08564,0.08586,0.08562,0.0857,0.08572,0.08594,0.0857,0.08578,-0.00085125,-0.00073652,-0.00076805,-0.00076805,-7.999999999999674e-05,-0.0009326183259500669
1696992000000,2023-10-11T02:40:00Z,0.0857,0.08591,0.08567,0.08591,209130,17947.73479,0.0857,0.08591,0.08568,0.08591,0.08578,0.08597,0.08576,0.08596,-0.00076805,-0.00059522,-0.0006017,-0.00059522,-4.999999999999449e-05,-0.0005816658911120811
1696992300000,2023-10-11T02:45:00Z,0.08591,0.08597,0.08583,0.08587,140508,12070.91321,0.08591,0.08597,0.08583,0.08587,0.08596,0.08604,0.0859,0.08594,-0.00059522,-0.00033883,-0.00035972,-0.00035972,-7.000000000000062e-05,-0.0008145217593670074
1696992600000,2023-10-11T02:50:00Z,0.08587,0.08587,0.08578,0.08583,55124,4730.3492,0.08587,0.08587,0.08578,0.08583,0.08594,0.08594,0.08584,0.08589,-0.00035972,-0.00033422,-0.0004682,-0.00033422,-5.9999999999990616e-05,-0.0006985679357316407
1696992900000,2023-10-11T02:55:00Z,0.08583,0.08583,0.08576,0.08579,51417,4410.17503,0.08583,0.08583,0.08576,0.08579,0.08589,0.0859,0.08584,0.08587,-0.00033422,-0.00053215,-0.00071493,-0.00053215,-7.999999999999674e-05,-0.000931640852451342
1696993200000,2023-10-11T03:00:00Z,0.08579,0.08586,0.08578,0.08579,136616,11723.09702,0.08579,0.08586,0.08578,0.08581,0.08587,0.08594,0.08586,0.08589,-0.00053215,-0.00051559,-0.00093214,-0.00093214,-9.999999999998899e-05,-0.0011642798928861216
1696993500000,2023-10-11T03:05:00Z,0.08579,0.0858,0.08564,0.0857,91942,7878.19924,0.08581,0.08581,0.08565,0.08571,0.08589,0.08589,0.08575,0.08581,-0.00093214,-0.00089645,-0.00090349,-0.00089645,-0.00010999999999999899,-0.001281901876238189
1696993800000,2023-10-11T03:10:00Z,0.0857,0.08578,0.0857,0.08572,46807,4014.15749,0.08571,0.08579,0.08571,0.08574,0.08581,0.08588,0.08581,0.08583,-0.00089645,-0.00075008,-0.00105521,-0.00105521,-0.00010999999999999899,-0.001281603169055097
1696994100000,2023-10-11T03:15:00Z,0.08572,0.08579,0.08572,0.08579,87824,7531.30179,0.08574,0.08579,0.08573,0.08579,0.08583,0.08589,0.08583,0.08589,-0.00105521,-0.00074711,-0.00075736,-0.00074711,-9.999999999998899e-05,-0.0011642798928861216
1696994400000,2023-10-11T03:20:00Z,0.08579,0.0858,0.08566,0.08571,18287,1566.8932,0.08579,0.0858,0.08567,0.08571,0.08589,0.08589,0.08576,0.08578,-0.00074711,-0.00092025,-0.0009874,-0.0009874,-7.000000000000062e-05,-0.000816041035206349
1696994700000,2023-10-11T03:25:00Z,0.08571,0.0858,0.08564,0.0858,41016,3515.35298,0.08571,0.08582,0.08565,0.08582,0.08578,0.08591,0.08574,0.08591,-0.0009874,-0.00062035,-0.00075675,-0.00062035,-0.00010999999999999899,-0.0012804097311139447
1696995000000,2023-10-11T03:30:00Z,0.0858,0.08583,0.08562,0.08567,141449,12121.9282,0.08582,0.08583,0.08563,0.08567,0.08591,0.08592,0.08573,0.08575,-0.00062035,-0.00093261,-0.000993,-0.000993,-8.000000000001062e-05,-0.0009329446064141179
1696995300000,2023-10-11T03:35:00Z,0.08567,0.08568,0.08563,0.08568,56905,4874.03599,0.08567,0.08568,0.08563,0.08568,0.08575,0.08577,0.08573,0.08576,-0.000993,-0.00079799,-0.00084769,-0.00084769,-7.999999999999674e-05,-0.0009328358208954843
1696995600000,2023-10-11T03:40:00Z,0.08568,0.08571,0.08562,0.08562,78542,6726.1023,0.08568,0.08571,0.08563,0.08563,0.08576,0.08579,0.08571,0.08571,-0.00084769,-0.00061467,-0.00082948,-0.00061467,-8.999999999999286e-05,-0.001050052502625048
1696995900000,2023-10-11T03:45:00Z,0.08562,0.08584,0.08562,0.08581,670494,57511.10774,0.08563,0.08585,0.08563,0.08583,0.08571,0.08593,0.08571,0.0859,-0.00061467,-0.00067411,-0.00086208,-0.00067411,-9.000000000000674e-05,-0.0010477299185099737
1696996200000,2023-10-11T03:50:00Z,0.08581,0.08581,0.08565,0.08568,78571,6733.89723,0.08583,0.08583,0.08565,0.08568,0.0859,0.0859,0.08573,0.08575,-0.00067411,-0.00053462,-0.00072798,-0.00053462,-7.000000000000062e-05,-0.0008163265306122521
1696996500000,2023-10-11T03:55:00Z,0.08568,0.08568,0.08559,0.08559,143776,12310.80557,0.08568,0.08568,0.08559,0.0856,0.08575,0.08576,0.08567,0.08568,-0.00053462,-0.00062642,-0.00088073,-0.00088073,-9.000000000000674e-05,-0.0010504201680673056
1696996800000,2023-10-11T04:00:00Z,0.08559,0.08562,0.0854,0.08559,1143430,97750.42386,0.0856,0.0856,0.08555,0.08559,0.08568,0.08568,0.08563,0.08566,-0.00088073,-0.00069698,-0.00077107,-0.00077107,-7.000000000000062e-05,-0.0008171842166705653
1696997100000,2023-10-11T04:05:00Z,0.08559,0.08559,0.08555,0.08559,148251,12684.91978,0.08559,0.08561,0.08555,0.0856,0.08566,0.08569,0.08562,0.08568,-0.00077107,-0.00078767,-0.00086823,-0.00078767,-9.000000000000674e-05,-0.0010504201680673056
1696997400000,2023-10-11T04:10:00Z,0.08559,0.08561,0.08556,0.08558,89305,7643.28971,0.0856,0.08562,0.08558,0.0856,0.08568,0.08571,0.08566,0.08569,-0.00078767,-0.00070713,-0.00097899,-0.00070713,-0.00010999999999999899,-0.001283697047496779
1696997700000,2023-10-11T04:15:00Z,0.08558,0.0856,0.08556,0.08557,34545,2956.73067,0.0856,0.08561,0.08556,0.08557,0.08569,0.0857,0.08565,0.08566,-0.00070713,-0.0007783,-0.00087626,-0.00087626,-9.000000000000674e-05,-0.0010506654214336533
1696998000000,2023-10-11T04:20:00Z,0.08557,0.08562,0.08556,0.0856,14080,1205.13411,0.08557,0.08562,0.08556,0.08561,0.08566,0.0857,0.08564,0.08569,-0.00087626,-0.00073742,-0.00093359,-0.00093359,-9.000000000000674e-05,-0.0010502975843156347
1696998300000,2023-10-11T04:25:00Z,0.0856,0.0857,0.0856,0.08568,51053,4373.92782,0.08561,0.08571,0.0856,0.08568,0.08569,0.08579,0.08568,0.08576,-0.00093359,-0.00051346,-0.00091126,-0.00091126,-7.999999999999674e-05,-0.0009328358208954843
1696998600000,2023-10-11T04:30:00Z,0.08568,0.08571,0.08564,0.0857,182539,15638.10235,0.08568,0.08572,0.08568,0.0857,0.08576,0.0858,0.08576,0.08577,-0.00091126,-0.0007075,-0.00096409,-0.0007075,-7.000000000000062e-05,-0.0008161361781508759
1696998900000,2023-10-11T04:35:00Z,0.0857,0.08571,0.08568,0.08571,11426,979.19853,0.0857,0.08572,0.08568,0.08571,0.08577,0.08581,0.08577,0.0858,-0.0007075,-0.00084731,-0.00096794,-0.00096794,-9.000000000000674e-05,-0.0010489510489511274
1696999200000,2023-10-11T04:40:00Z,0.08571,0.08571,0.08565,0.08565,45927,3934.51752,0.08571,0.08571,0.08565,0.08565,0.0858,0.0858,0.08574,0.08574,-0.00096794,-0.0007923,-0.00083383,-0.0007923,-8.999999999999286e-05,-0.0010496850944715754
1696999500000,2023-10-11T04:45:00Z,0.08565,0.08575,0.08565,0.08571,18712,1604.09773,0.08565,0.08575,0.08565,0.08572,0.08574,0.08583,0.08574,0.0858,-0.0007923,-0.00055115,-0.00062124,-0.00055115,-9.000000000000674e-05,-0.0010489510489511274
1696999800000,2023-10-11T04:50:00Z,0.08571,0.08573,0.08569,0.08571,14067,1205.76002,0.08572,0.08573,0.0857,0.08572,0.0858,0.08581,0.08579,0.08581,-0.00055115,-0.0007488,-0.00076783,-0.00076783,-0.00010000000000000286,-0.0011653653420347612
1697000100000,2023-10-11T04:55:00Z,0.08571,0.08573,0.08571,0.08572,77562,6648.81248,0.08572,0.08573,0.08571,0.08573,0.08581,0.08581,0.0858,0.08581,-0.00076783,-0.00085036,-0.00091644,-0.00091644,-8.999999999999286e-05,-0.0010488288078311719
1697000400000,2023-10-11T05:00:00Z,0.08572,0.08573,0.08565,0.08567,393096,33687.15162,0.08573,0.08573,0.08566,0.08567,0.08581,0.08581,0.08574,0.08574,-0.00091644,-0.00069115,-0.00081613,-0.00069115,-7.000000000000062e-05,-0.0008164217401446305
1697000700000,2023-10-11T05:05:00Z,0.08567,0.08567,0.08565,0.08565,26721,2289.04526,0.08567,0.08567,0.08565,0.08565,0.08574,0.08575,0.08572,0.08572,-0.00069115,-0.00059162,-0.00073486,-0.00073486,-7.000000000000062e-05,-0.000816612225851617
1697001000000,2023-10-11T05:10:00Z,0.08565,0.08571,0.08565,0.08571,40615,3479.54585,0.08565,0.08571,0.08565,0.08571,0.08572,0.08577,0.08572,0.08576,-0.00073486,-0.00066371,-0.00087053,-0.00087053,-5.000000000000837e-05,-0.0005830223880597991
1697001300000,2023-10-11T05:15:00Z,0.08571,0.08583,0.08571,0.08581,185452,15910.43567,0.08571,0.08583,0.08571,0.08581,0.08576,0.08587,0.08576,0.08586,-0.00087053,-0.00025098,-0.00037689,-0.00025098,-5.000000000000837e-05,-0.0005823433496390445
1697001600000,2023-10-11T05:20:00Z,0.08581,0.08581,0.08575,0.08578,52732,4523.19501,0.08581,0.08583,0.08575,0.08579,0.08586,0.08589,0.08582,0.08586,-0.00025098,-0.00064713,-0.00074332,-0.00074332,-8.000000000001062e-05,-0.000931749359422439
1697001900000,2023-10-11T05:25:00Z,0.08578,0.08586,0.08578,0.08582,141220,12121.24356,0.08579,0.08586,0.08578,0.08584,0.08586,0.0859,0.08585,0.0859,-0.00074332,-0.00044621,-0.00048952,-0.00048952,-8.000000000001062e-05,-0.0009313154831200305
1697002200000,2023-10-11T05:30:00Z,0.08582,0.08582,0.08575,0.08575,36002,3088.77507,0.08584,0.08584,0.08576,0.08577,0.0859,0.0859,0.08583,0.08584,-0.00048952,-0.00053692,-0.00064822,-0.00053692,-8.999999999999286e-05,-0.001048462255358724
1697002500000,2023-10-11T05:35:00Z,0.08575,0.08579,0.08575,0.08578,45913,3938.29473,0.08577,0.0858,0.08576,0.08578,0.08584,0.08587,0.08583,0.08585,-0.00053692,-0.00055829,-0.00058858,-0.00058858,-7.000000000000062e-05,-0.0008153756552125873
1697002800000,2023-10-11T05:40:00Z,0.08578,0.08583,0.08578,0.08583,28186,2418.74007,0.08578,0.08584,0.08578,0.08584,0.08585,0.0859,0.08584,0.0859,-0.00058858,-0.00033247,-0.0004487,-0.00033247,-7.000000000000062e-05,-0.0008149010477299256
1697003100000,2023-10-11T05:45:00Z,0.08583,0.08607,0.08583,0.08597,2473725,212696.37359,0.08584,0.08599,0.08583,0.08597,0.0859,0.086,0.08589,0.08599,-0.00033247,-0.00048819,-0.00051809,-0.00048819,-1.9999999999992246e-05,-0.0002325851843236684
1697003400000,2023-10-11T05:50:00Z,0.08597,0.08597,0.08573,0.08574,187969,16139.31268,0.08597,0.08597,0.08574,0.08574,0.08599,0.08599,0.08577,0.08578,-0.00048819,-0.00002808,-0.00030278,-0.00002808,-3.999999999999837e-05,-0.00046630916297503346
1697003700000,2023-10-11T05:55:00Z,0.08574,0.08576,0.08573,0.08575,35675,3058.77235,0.08574,0.08576,0.08573,0.08575,0.08578,0.08579,0.08577,0.08577,-0.00002808,0,-0.00010772,-0.00010772,-1.9999999999992246e-05,-0.00023318176518587205
1697004000000,2023-10-11T06:00:00Z,0.08575,0.08575,0.08568,0.08568,92204,7900.98049,0.08575,0.08576,0.08568,0.08568,0.08577,0.08579,0.08571,0.08571,-0.00010772,-0.00053487,-0.00056123,-0.00053487,-2.999999999998837e-05,-0.00035001750087490806
1697004300000,2023-10-11T06:05:00Z,0.08568,0.08568,0.08561,0.08561,51490,4409.65907,0.08568,0.08568,0.08562,0.08563,0.08571,0.08573,0.08566,0.08567,-0.00053487,-0.00044706,-0.00070028,-0.00044706,-5.9999999999990616e-05,-0.0007003618536242631
1697004600000,2023-10-11T06:10:00Z,0.08561,0.08561,0.08555,0.08555,177653,15203.73673,0.08563,0.08563,0.08556,0.08556,0.08567,0.08567,0.0856,0.08561,-0.00044706,-0.00046712,-0.00058243,-0.00058243,-6.0000000000004494e-05,-0.0007008527041234026
1697004900000,2023-10-11T06:15:00Z,0.08555,0.08558,0.08553,0.08557,213134,18235.10319,0.08556,0.08559,0.08555,0.08558,0.08561,0.08564,0.0856,0.08564,-0.00058243,-0.00057982,-0.00058383,-0.00058383,-7.000000000000062e-05,-0.00081737505838394
1697005200000,2023-10-11T06:20:00Z,0.08557,0.08558,0.08554,0.08556,49990,4276.53034,0.08558,0.08558,0.08554,0.08556,0.08564,0.08564,0.0856,0.08562,-0.00058383,-0.00052983,-0.00056395,-0.00052983,-6.0000000000004494e-05,-0.0007007708479327784
1697005500000,2023-10-11T06:25:00Z,0.08556,0.08558,0.08553,0.08554,72624,6213.48283,0.08556,0.08558,0.08554,0.08556,0.08562,0.08563,0.0856,0.08562,-0.00052983,-0.00034419,-0.00047284,-0.00034419,-7.999999999999674e-05,-0.0009343611305769299
1697005800000,2023-10-11T06:30:00Z,0.08554,0.08568,0.08554,0.08567,37590,3216.85044,0.08556,0.08569,0.08555,0.08569,0.08562,0.08574,0.08561,0.08574,-0.00034419,-0.0003789,-0.00042708,-0.00042708,-7.000000000000062e-05,-0.0008164217401446305
1697006100000,2023-10-11T06:35:00Z,0.08567,0.08575,0.08567,0.08574,67311,5768.20923,0.08569,0.08575,0.08569,0.08575,0.08574,0.0858,0.08574,0.0858,-0.00042708,-0.00038524,-0.00042207,-0.00038524,-6.0000000000004494e-05,-0.0006993006993007517
1697006400000,2023-10-11T06:40:00Z,0.08574,0.08577,0.08573,0.08577,36578,3136.77609,0.08575,0.08579,0.08573,0.08577,0.0858,0.08584,0.08578,0.08582,-0.00038524,-0.00052733,-0.00053118,-0.00053118,-4.999999999999449e-05,-0.0005826147751106326
1697006700000,2023-10-11T06:45:00Z,0.08577,0.08577,0.08571,0.08577,64537,5533.63782,0.08577,0.08578,0.08573,0.08577,0.08582,0.08584,0.08579,0.08581,-0.00053118,-0.00039307,-0.00064142,-0.00064142,-3.999999999999837e-05,-0.00046614613681387215
1697007000000,2023-10-11T06:50:00Z,0.08577,0.08586,0.08571,0.08581,83270,7143.50958,0.08577,0.08586,0.08574,0.08582,0.08581,0.08591,0.0858,0.08589,-0.00064142,-0.00061315,-0.00070966,-0.00061315,-7.999999999999674e-05,-0.000931423914308962
1697007300000,2023-10-11T06:55:00Z,0.08581,0.08585,0.0858,0.08585,19768,1696.43641,0.08582,0.08587,0.0858,0.08586,0.08589,0.08594,0.08586,0.08593,-0.00061315,-0.00063054,-0.00064881,-0.00063054,-8.000000000001062e-05,-0.0009309903409753359
1697007600000,2023-10-11T07:00:00Z,0.08585,0.0859,0.08585,0.08589,49218,4226.30736,0.08586,0.0859,0.08586,0.08589,0.08593,0.08596,0.08593,0.08594,-0.00063054,-0.0005456,-0.0006097,-0.0005456,-5.000000000000837e-05,-0.0005818012566908118
1697007900000,2023-10-11T07:05:00Z,0.08589,0.0859,0.08587,0.08587,102007,8760.73777,0.08589,0.0859,0.08587,0.08588,0.08594,0.08596,0.08593,0.08594,-0.0005456,-0.00039171,-0.00050471,-0.00039171,-7.000000000000062e-05,-0.0008145217593670074
1697008200000,2023-10-11T07:10:00Z,0.08587,0.08604,0.08587,0.08603,165983,14267.78686,0.08588,0.08603,0.08588,0.08603,0.08594,0.08606,0.08594,0.08606,-0.00039171,-0.0000979,-0.00050523,-0.00050523,-3.0000000000002247e-05,-0.0003485940041831542
1697008500000,2023-10-11T07:15:00Z,0.08603,0.08609,0.08592,0.08592,173174,14901.36955,0.08603,0.08611,0.08592,0.08592,0.08606,0.08616,0.08597,0.08598,-0.00050523,-0.00037588,-0.00047031,-0.00037588,-6.0000000000004494e-05,-0.0006978367062107989
1697008800000,2023-10-11T07:20:00Z,0.08592,0.08599,0.08592,0.08595,39023,3353.74877,0.08592,0.08599,0.08592,0.08596,0.08598,0.08604,0.08596,0.08601,-0.00037588,-0.00031992,-0.00040118,-0.00031992,-6.0000000000004494e-05,-0.0006975933031043424
1697009100000,2023-10-11T07:25:00Z,0.08595,0.08689,0.08591,0.08595,8536731,736596.19706,0.08596,0.08662,0.08596,0.08597,0.08601,0.08663,0.08601,0.08602,-0.00031992,-0.00009033,-0.00069678,-0.00069678,-7.000000000000062e-05,-0.0008137642408742225
1697009400000,2023-10-11T07:30:00Z,0.08595,0.08604,0.08593,0.08601,281960,24241.46032,0.08597,0.08605,0.08594,0.08603,0.08602,0.08612,0.08599,0.0861,-0.00069678,-0.00044818,-0.00064327,-0.00044818,-8.999999999999286e-05,-0.001045296167247304
1697009700000,2023-10-11T07:35:00Z,0.08601,0.0861,0.08597,0.08604,216952,18664.64757,0.08603,0.0861,0.08599,0.08604,0.0861,0.08617,0.08605,0.08611,-0.00044818,-0.0004198,-0.00059656,-0.0004198,-7.000000000000062e-05,-0.0008129137150156847
1697010000000,2023-10-11T07:40:00Z,0.08604,0.08605,0.08597,0.08603,49035,4218.82502,0.08604,0.08607,0.086,0.08605,0.08611,0.08614,0.08607,0.08613,-0.0004198,-0.0006799,-0.00087087,-0.00087087,-0.00010000000000000286,-0.0011610356437942978
1697010300000,2023-10-11T07:45:00Z,0.08603,0.0866,0.08599,0.08619,4740029,408912.47732,0.08605,0.08649,0.086,0.08619,0.08613,0.08654,0.08608,0.08625,-0.00087087,-0.00012951,-0.00019419,-0.00019419,-5.9999999999990616e-05,-0.0006956521739129348
1697010600000,2023-10-11T07:50:00Z,0.08619,0.08619,0.08597,0.08598,142375,12254.23266,0.08619,0.0862,0.08598,0.08599,0.08625,0.08626,0.08603,0.08605,-0.00019419,-0.00053135,-0.00055742,-0.00055742,-7.000000000000062e-05,-0.0008134805345729299
1697010900000,2023-10-11T07:55:00Z,0.08598,0.08608,0.08597,0.08606,107642,9262.30789,0.08599,0.08608,0.08599,0.08606,0.08605,0.08615,0.08605,0.08614,-0.00055742,-0.00065687,-0.00087552,-0.00087552,-7.999999999999674e-05,-0.0009287206872532707
1697011200000,2023-10-11T08:00:00Z,0.08606,0.08627,0.08601,0.08615,696955,60045.36075,0.08606,0.08623,0.08602,0.08615,0.08614,0.0863,0.08609,0.08623,-0.00087552,-0.0007234,-0.00077394,-0.00077394,-7.999999999999674e-05,-0.000927751362634776
1697011500000,2023-10-11T08:05:00Z,0.08615,0.08615,0.08603,0.08607,182345,15697.45015,0.08615,0.08615,0.08603,0.08607,0.08623,0.08623,0.0861,0.08614,-0.00077394,-0.00052571,-0.00052716,-0.00052571,-7.000000000000062e-05,-0.0008126306013466522
1697011800000,2023-10-11T08:10:00Z,0.08607,0.08608,0.08596,0.08596,182859,15728.74573,0.08607,0.08608,0.08597,0.08597,0.08614,0.08614,0.08604,0.08604,-0.00052571,-0.00071891,-0.00078248,-0.00078248,-8.000000000001062e-05,-0.0009298000929801326
1697012100000,2023-10-11T08:15:00Z,0.08596,0.08652,0.08596,0.08627,3060716,263945.78565,0.08597,0.08649,0.08596,0.08628,0.08604,0.08655,0.08603,0.08633,-0.00078248,-0.00040101,-0.00043183,-0.00040101,-6.0000000000004494e-05,-0.0006950075292482856
1697012400000,2023-10-11T08:20:00Z,0.08627,0.08629,0.08577,0.08587,3715381,319537.19798,0.08628,0.0863,0.08587,0.08588,0.08633,0.08635,0.08592,0.08595,-0.00040101,-0.00031032,-0.00071946,-0.00071946,-7.999999999999674e-05,-0.0009307737056427777
1697012700000,2023-10-11T08:25:00Z,0.08587,0.0861,0.08584,0.08594,1576305,135510.17205,0.08588,0.08611,0.08585,0.08594,0.08595,0.08618,0.08592,0.08599,-0.00071946,-0.00064899,-0.00074349,-0.00064899,-4.999999999999449e-05,-0.0005814629608093324
1697013000000,2023-10-11T08:30:00Z,0.08594,0.086,0.08589,0.08596,34467,2962.26923,0.08594,0.086,0.08589,0.08597,0.08599,0.08606,0.08597,0.08604,-0.00064899,-0.00052574,-0.00063513,-0.00052574,-8.000000000001062e-05,-0.0009298000929801326
1697013300000,2023-10-11T08:35:00Z,0.08596,0.08612,0.08596,0.08612,358875,30871.49658,0.08597,0.08612,0.08596,0.08612,0.08604,0.08618,0.08603,0.08618,-0.00052574,-0.00021929,-0.00048971,-0.00021929,-6.0000000000004494e-05,-0.0006962172197726212
1697013600000,2023-10-11T08:40:00Z,0.08612,0.08613,0.08603,0.08604,124361,10703.73326,0.08612,0.08614,0.08604,0.08605,0.08618,0.0862,0.0861,0.08611,-0.00021929,-0.00040092,-0.00049001,-0.00040092,-7.000000000000062e-05,-0.0008129137150156847
1697013900000,2023-10-11T08:45:00Z,0.08604,0.08611,0.08546,0.0861,6068782,521017.58004,0.08605,0.08611,0.0857,0.0861,0.08611,0.08616,0.08577,0.08616,-0.00040092,-0.00094498,-0.00098729,-0.00094498,-6.0000000000004494e-05,-0.0006963788300836176
1697014200000,2023-10-11T08:50:00Z,0.0861,0.08612,0.08591,0.08599,424094,36474.02885,0.0861,0.08612,0.08591,0.08599,0.08616,0.08617,0.08596,0.08604,-0.00094498,-0.00025659,-0.00038627,-0.00025659,-5.000000000000837e-05,-0.0005811250581126031
1697014500000,2023-10-11T08:55:00Z,0.08599,0.08599,0.08595,0.08598,16053,1380.30505,0.08599,0.08599,0.08595,0.08598,0.08604,0.08605,0.086,0.08603,-0.00025659,-0.00030288,-0.00037563,-0.00037563,-4.999999999999449e-05,-0.000581192607229972
1697014800000,2023-10-11T09:00:00Z,0.08598,0.08629,0.08598,0.08625,351470,30305.98176,0.08598,0.08626,0.08598,0.08625,0.08603,0.08629,0.08603,0.08629,-0.00037563,-0.00018349,-0.00048063,-0.00048063,-4.000000000001225e-05,-0.00046355313477821584
1697015100000,2023-10-11T09:05:00Z,0.08625,0.08627,0.0862,0.08622,288325,24862.76443,0.08625,0.08627,0.0862,0.08622,0.08629,0.08632,0.08624,0.08625,-0.00048063,-0.00016888,-0.00044024,-0.00044024,-2.999999999998837e-05,-0.00034782608695638694
1697015400000,2023-10-11T09:10:00Z,0.08622,0.08629,0.0862,0.08629,131409,11334.71292,0.08622,0.08631,0.0862,0.08631,0.08625,0.08635,0.08623,0.08635,-0.00044024,-0.00033008,-0.00040644,-0.00033008,-5.9999999999990616e-05,-0.0006948465547190575
1697015700000,2023-10-11T09:15:00Z,0.08629,0.0863,0.08625,0.08629,138203,11925.55306,0.08631,0.08631,0.08625,0.08629,0.08635,0.08635,0.0863,0.08633,-0.00033008,-0.00013021,-0.00020203,-0.00013021,-3.999999999999837e-05,-0.00046333835283213676
1697016000000,2023-10-11T09:20:00Z,0.08629,0.08629,0.08621,0.08621,40698,3510.64784,0.08629,0.08629,0.08621,0.08622,0.08633,0.08634,0.08625,0.08626,-0.00013021,-0.00034774,-0.00043287,-0.00043287,-5.000000000000837e-05,-0.0005796429399490884
1697016300000,2023-10-11T09:25:00Z,0.08621,0.08628,0.08618,0.08619,212789,18347.43301,0.08622,0.08629,0.08619,0.08619,0.08626,0.08633,0.08623,0.08624,-0.00043287,-0.0002801,-0.00029765,-0.00029765,-4.999999999999449e-05,-0.0005797773654915874
1697016600000,2023-10-11T09:30:00Z,0.08619,0.08625,0.08616,0.08624,63009,5430.25951,0.08619,0.08625,0.08616,0.08624,0.08624,0.08629,0.08621,0.08628,-0.00029765,-0.00019935,-0.00033124,-0.00033124,-3.999999999999837e-05,-0.00046360686138152956
1697016900000,2023-10-11T09:35:00Z,0.08624,0.08635,0.08624,0.08627,287069,24776.87393,0.08624,0.0863,0.08624,0.08629,0.08628,0.08634,0.08627,0.08633,-0.00033124,-0.00015326,-0.00032194,-0.00032194,-6.0000000000004494e-05,-0.0006950075292482856
1697017200000,2023-10-11T09:40:00Z,0.08627,0.08636,0.08627,0.08627,507048,43764.94591,0.08629,0.08634,0.08627,0.08627,0.08633,0.08638,0.0863,0.08632,-0.00032194,-0.00058249,-0.00063274,-0.00063274,-4.999999999999449e-05,-0.0005792400370712986
1697017500000,2023-10-11T09:45:00Z,0.08627,0.08633,0.08626,0.08631,135862,11725.99374,0.08627,0.08633,0.08626,0.08633,0.08632,0.08638,0.08631,0.08638,-0.00063274,-0.00043464,-0.00055861,-0.00043464,-7.000000000000062e-05,-0.0008103727714748856
1697017800000,2023-10-11T09:50:00Z,0.08631,0.08634,0.08626,0.08632,60578,5228.73417,0.08633,0.08635,0.08627,0.08632,0.08638,0.0864,0.08634,0.08638,-0.00043464,-0.00036495,-0.00056729,-0.00036495,-6.0000000000004494e-05,-0.000694605232692805
1697018100000,2023-10-11T09:55:00Z,0.08632,0.08633,0.08627,0.08629,22540,1945.71668,0.08632,0.08634,0.08629,0.08631,0.08638,0.0864,0.08635,0.08637,-0.00036495,-0.00071952,-0.00078415,-0.00078415,-7.999999999999674e-05,-0.000926247539654935
1697018400000,2023-10-11T10:00:00Z,0.08629,0.08634,0.08628,0.08631,31839,2748.36558,0.08631,0.08636,0.08628,0.08631,0.08637,0.08642,0.08634,0.08637,-0.00078415,-0.00049056,-0.00054359,-0.00049056,-6.0000000000004494e-05,-0.0006946856547412816
1697018700000,2023-10-11T10:05:00Z,0.08631,0.08632,0.08628,0.08628,9843,849.45888,0.08631,0.08632,0.08628,0.08628,0.08637,0.08637,0.08633,0.08634,-0.00049056,-0.00055339,-0.00065578,-0.00055339,-6.0000000000004494e-05,-0.0006949270326616226
1697019000000,2023-10-11T10:10:00Z,0.08628,0.08628,0.08624,0.08624,31107,2683.28707,0.08628,0.08629,0.08624,0.08624,0.08634,0.08635,0.08631,0.08631,-0.00055339,-0.00040252,-0.00078802,-0.00040252,-7.000000000000062e-05,-0.0008110300081103073
1697019300000,2023-10-11T10:15:00Z,0.08624,0.08633,0.08623,0.08632,67296,5806.32007,0.08624,0.08634,0.08623,0.08634,0.08631,0.08641,0.0863,0.08641,-0.00040252,-0.00046782,-0.00072364,-0.00072364,-9.000000000000674e-05,-0.0010415461173476073
1697019600000,2023-10-11T10:20:00Z,0.08632,0.08639,0.08632,0.08639,71257,6154.32016,0.08634,0.0864,0.08632,0.08639,0.08641,0.08647,0.08639,0.08646,-0.00072364,-0.00066951,-0.00070056,-0.00066951,-7.000000000000062e-05,-0.0008096229470275344
1697019900000,2023-10-11T10:25:00Z,0.08639,0.08639,0.08635,0.08635,43398,3749.05552,0.08639,0.0864,0.08635,0.08635,0.08646,0.08647,0.08642,0.08642,-0.00066951,-0.00075043,-0.0007835,-0.00075043,-7.000000000000062e-05,-0.0008099976857209051
1697020200000,2023-10-11T10:30:00Z,0.08635,0.08637,0.08631,0.08637,57706,4982.76992,0.08635,0.08638,0.08633,0.08638,0.08642,0.08645,0.0864,0.08645,-0.00075043,-0.00048935,-0.00064973,-0.00048935,-7.999999999999674e-05,-0.0009253903990745719
1697020500000,2023-10-11T10:35:00Z,0.08637,0.08639,0.08632,0.08636,101138,8733.43656,0.08638,0.08641,0.08634,0.08636,0.08645,0.08648,0.08642,0.08644,-0.00048935,-0.00049866,-0.00084206,-0.00049866,-7.999999999999674e-05,-0.0009254974548819614
1697020800000,2023-10-11T10:40:00Z,0.08636,0.08637,0.08633,0.08633,69694,6018.54762,0.08636,0.08637,0.08633,0.08634,0.08644,0.08644,0.0864,0.08641,-0.00049866,-0.00062575,-0.00063924,-0.00062575,-7.999999999999674e-05,-0.0009258187709755438
1697021100000,2023-10-11T10:45:00Z,0.08633,0.08642,0.08632,0.08635,285403,24650.24573,0.08634,0.08636,0.08633,0.08635,0.08641,0.08642,0.08639,0.08642,-0.00062575,-0.00042194,-0.00052783,-0.00052783,-7.000000000000062e-05,-0.0008099976857209051
1697021400000,2023-10-11T10:50:00Z,0.08635,0.08638,0.08633,0.08637,37031,3197.86451,0.08635,0.08638,0.08633,0.08637,0.08642,0.08644,0.08639,0.08643,-0.00052783,-0.00038331,-0.00062245,-0.00038331,-6.0000000000004494e-05,-0.0006942034015967198
1697021700000,2023-10-11T10:55:00Z,0.08637,0.0864,0.08637,0.08639,30472,2632.45691,0.08637,0.08641,0.08637,0.0864,0.08643,0.08647,0.08642,0.08646,-0.00038331,-0.0004679,-0.000743,-0.0004679,-7.000000000000062e-05,-0.0008096229470275344
1697022000000,2023-10-11T11:00:00Z,0.08639,0.08642,0.08638,0.08641,20132,1739.36301,0.0864,0.08642,0.08638,0.08641,0.08646,0.08647,0.08645,0.08646,-0.0004679,-0.00026058,-0.00029828,-0.00029828,-4.999999999999449e-05,-0.0005783021050195986
1697022300000,2023-10-11T11:05:00Z,0.08641,0.08641,0.08636,0.08636,229796,19849.87162,0.08641,0.08641,0.08636,0.08637,0.08646,0.08647,0.08643,0.08644,-0.00029828,-0.00051012,-0.00074068,-0.00051012,-7.999999999999674e-05,-0.0009254974548819614
1697022600000,2023-10-11T11:10:00Z,0.08636,0.08636,0.08633,0.08634,214826,18547.22074,0.08637,0.08637,0.08634,0.08634,0.08644,0.08645,0.08642,0.08643,-0.00051012,-0.00065208,-0.00067977,-0.00065208,-9.000000000000674e-05,-0.0010413051023950796
1697022900000,2023-10-11T11:15:00Z,0.08634,0.08635,0.08634,0.08635,18909,1632.65992,0.08634,0.08635,0.08634,0.08635,0.08643,0.08643,0.08642,0.08642,-0.00065208,-0.00046997,-0.00050306,-0.00046997,-7.000000000000062e-05,-0.0008099976857209051
1697023200000,2023-10-11T11:20:00Z,0.08635,0.08639,0.08623,0.08625,608840,52553.50175,0.08635,0.08639,0.08624,0.08626,0.08642,0.08645,0.08631,0.08632,-0.00046997,-0.00016612,-0.00064083,-0.00016612,-7.000000000000062e-05,-0.0008109360518999145
1697023500000,2023-10-11T11:25:00Z,0.08625,0.08628,0.08625,0.08626,18000,1552.84036,0.08626,0.08629,0.08625,0.08628,0.08632,0.08635,0.08632,0.08635,-0.00016612,-0.00062675,-0.0006645,-0.0006645,-8.999999999999286e-05,-0.0010422698320786668
1697023800000,2023-10-11T11:30:00Z,0.08626,0.08633,0.08626,0.08633,12273,1058.94065,0.08628,0.08633,0.08626,0.08633,0.08635,0.0864,0.08634,0.0864,-0.0006645,-0.00041937,-0.00060359,-0.00041937,-7.000000000000062e-05,-0.0008101851851851923
1697024100000,2023-10-11T11:35:00Z,0.08633,0.08635,0.08631,0.08631,10657,920.07424,0.08633,0.08637,0.08631,0.08631,0.0864,0.08643,0.08637,0.08638,-0.00041937,-0.00064586,-0.00082305,-0.00064586,-7.000000000000062e-05,-0.0008103727714748856
1697024400000,2023-10-11T11:40:00Z,0.08631,0.08638,0.08629,0.08636,30133,2601.61038,0.08631,0.08638,0.0863,0.08637,0.08638,0.08645,0.08637,0.08644,-0.00064586,-0.0003682,-0.00058081,-0.00058081,-7.999999999999674e-05,-0.0009254974548819614
1697024700000,2023-10-11T11:45:00Z,0.08636,0.08636,0.08631,0.08633,23187,2001.36877,0.08637,0.08637,0.08632,0.08633,0.08644,0.08644,0.08639,0.08641,-0.00058081,-0.00047303,-0.00062696,-0.00062696,-7.999999999999674e-05,-0.0009258187709755438
1697025000000,2023-10-11T11:50:00Z,0.08633,0.08633,0.08629,0.08629,122019,10531.73266,0.08633,0.08634,0.0863,0.08631,0.08641,0.08642,0.08637,0.08639,-0.00062696,-0.00075998,-0.00081932,-0.00075998,-9.999999999998899e-05,-0.0011575413821042829
1697025300000,2023-10-11T11:55:00Z,0.08629,0.0863,0.08629,0.08629,4742,409.1878,0.08631,0.08631,0.08629,0.0863,0.08639,0.08639,0.08637,0.08638,-0.00075998,-0.00062884,-0.00082345,-0.00082345,-8.999999999999286e-05,-0.0010419078490390469
1697025600000,2023-10-11T12:00:00Z,0.08629,0.08635,0.08629,0.08632,65155,5624.83983,0.0863,0.08635,0.08629,0.08632,0.08638,0.08643,0.08638,0.08641,-0.00082345,-0.00073643,-0.00090152,-0.00090152,-9.000000000000674e-05,-0.0010415461173476073
1697025900000,2023-10-11T12:05:00Z,0.08632,0.08637,0.08629,0.08636,49269,4253.88478,0.08632,0.08639,0.08631,0.08637,0.08641,0.08648,0.0864,0.08646,-0.00090152,-0.00080654,-0.00090643,-0.00090643,-9.999999999998899e-05,-0.0011566042100391973
1697026200000,2023-10-11T12:10:00Z,0.08636,0.08637,0.08635,0.08635,98927,8543.22681,0.08637,0.08639,0.08635,0.08638,0.08646,0.08649,0.08645,0.08648,-0.00090643,-0.00061732,-0.00086206,-0.00061732,-0.0001300000000000051,-0.0015032377428307714
1697026500000,2023-10-11T12:15:00Z,0.08635,0.08639,0.08634,0.08635,69696,6018.61532,0.08638,0.08639,0.08635,0.08636,0.08648,0.08648,0.08644,0.08646,-0.00061732,-0.00074849,-0.00106419,-0.00074849,-0.00010999999999999899,-0.0012722646310432454
1697026800000,2023-10-11T12:20:00Z,0.08635,0.08638,0.08635,0.08635,64075,5533.78687,0.08636,0.08638,0.08635,0.08635,0.08646,0.08646,0.08642,0.08644,-0.00074849,-0.00070762,-0.00093823,-0.00070762,-9.000000000000674e-05,-0.001041184636742327
1697027100000,2023-10-11T12:25:00Z,0.08635,0.08641,0.08635,0.08641,112970,9760.23254,0.08635,0.08641,0.08635,0.08641,0.08644,0.08648,0.08644,0.08647,-0.00070762,-0.00064769,-0.00075384,-0.00064769,-6.0000000000004494e-05,-0.00069388227130802
1697027400000,2023-10-11T12:30:00Z,0.08641,0.08641,0.08624,0.08627,103945,8970.88437,0.08641,0.08641,0.08627,0.0863,0.08647,0.08648,0.08635,0.08638,-0.00064769,-0.00053737,-0.00066303,-0.00066303,-0.00010999999999999899,-0.0012734429266033688
1697027700000,2023-10-11T12:35:00Z,0.08627,0.08627,0.08616,0.08622,279604,24097.77154,0.0863,0.0863,0.08616,0.08622,0.08638,0.08638,0.08625,0.08631,-0.00066303,-0.00096985,-0.00110652,-0.00096985,-8.999999999999286e-05,-0.0010427528675703032
1697028000000,2023-10-11T12:40:00Z,0.08622,0.08625,0.08618,0.08625,198110,17077.88882,0.08622,0.08625,0.08619,0.08625,0.08631,0.08635,0.08627,0.08633,-0.00096985,-0.00074675,-0.00088699,-0.00074675,-8.000000000001062e-05,-0.0009266767056644343
1697028300000,2023-10-11T12:45:00Z,0.08625,0.08625,0.08616,0.08623,111409,9604.05445,0.08625,0.08626,0.08618,0.08626,0.08633,0.08635,0.08626,0.08635,-0.00074675,-0.00066836,-0.00088379,-0.00088379,-0.00011999999999999511,-0.0013896931094382757
1697028600000,2023-10-11T12:50:00Z,0.08623,0.08632,0.08623,0.08632,48445,4180.27472,0.08626,0.08632,0.08624,0.08632,0.08635,0.08638,0.08633,0.08638,-0.00088379,-0.00051574,-0.00053063,-0.00051574,-6.0000000000004494e-05,-0.000694605232692805
1697028900000,2023-10-11T12:55:00Z,0.08632,0.08632,0.08626,0.08631,107206,9251.38715,0.08632,0.08632,0.08626,0.08631,0.08638,0.08638,0.08633,0.08637,-0.00051574,-0.00040868,-0.0008527,-0.00040868,-6.0000000000004494e-05,-0.0006946856547412816
1697029200000,2023-10-11T13:00:00Z,0.08631,0.08631,0.0863,0.08631,15836,1366.80397,0.08631,0.08634,0.0863,0.08631,0.08637,0.08642,0.08637,0.0864,-0.00040868,-0.00077251,-0.00093044,-0.00093044,-9.000000000000674e-05,-0.0010416666666667447
1697029500000,2023-10-11T13:05:00Z,0.08631,0.08631,0.08628,0.08628,20114,1735.70653,0.08631,0.08631,0.08628,0.08628,0.0864,0.0864,0.08633,0.08635,-0.00093044,-0.00068886,-0.00098113,-0.00098113,-7.000000000000062e-05,-0.0008106543138390344
1697029800000,2023-10-11T13:10:00Z,0.08628,0.08628,0.08625,0.08627,43910,3788.04168,0.08628,0.0863,0.08625,0.08627,0.08635,0.08638,0.08633,0.08635,-0.00098113,-0.00090537,-0.00113628,-0.00090537,-7.999999999999674e-05,-0.0009264620729588505
1697030100000,2023-10-11T13:15:00Z,0.08627,0.08627,0.08625,0.08625,7188,620.10407,0.08627,0.0863,0.08625,0.08625,0.08635,0.08639,0.08631,0.08631,-0.00090537,-0.00089263,-0.00112051,-0.00089263,-6.0000000000004494e-05,-0.0006951685783803093
1697030400000,2023-10-11T13:20:00Z,0.08625,0.08628,0.08623,0.08628,6395,551.53777,0.08625,0.08629,0.08623,0.08628,0.08631,0.08638,0.08631,0.08637,-0.00089263,-0.00082744,-0.00099606,-0.00099606,-9.000000000000674e-05,-0.0010420284821119224
1697030700000,2023-10-11T13:25:00Z,0.08628,0.08628,0.08626,0.08626,26532,2288.87914,0.08628,0.08629,0.08626,0.08626,0.08637,0.08638,0.08633,0.08634,-0.00099606,-0.00080701,-0.00099038,-0.00080701,-7.999999999999674e-05,-0.0009265693768820563
1697031000000,2023-10-11T13:30:00Z,0.08626,0.08633,0.08626,0.08632,94137,8125.81749,0.08626,0.08635,0.08626,0.08632,0.08634,0.08644,0.08634,0.0864,-0.00080701,-0.000894,-0.00099791,-0.00099791,-8.000000000001062e-05,-0.0009259259259260488
1697031300000,2023-10-11T13:35:00Z,0.08632,0.08634,0.08626,0.08634,157627,13602.0125,0.08632,0.08634,0.08626,0.08634,0.0864,0.08643,0.08636,0.0864,-0.00099791,-0.00072804,-0.00089134,-0.00089134,-6.0000000000004494e-05,-0.0006944444444444964
1697031600000,2023-10-11T13:40:00Z,0.08634,0.08634,0.08632,0.08633,64438,5562.42236,0.08634,0.08634,0.08632,0.08633,0.0864,0.08643,0.08639,0.0864,-0.00089134,-0.0008742,-0.00088035,-0.00088035,-7.000000000000062e-05,-0.0008101851851851923
1697031900000,2023-10-11T13:45:00Z,0.08633,0.08639,0.08633,0.08639,58090,5017.9179,0.08633,0.0864,0.08633,0.08639,0.0864,0.08648,0.0864,0.08647,-0.00088035,-0.00048074,-0.00092517,-0.00092517,-8.000000000001062e-05,-0.0009251763617440802
1697032200000,2023-10-11T13:50:00Z,0.08639,0.08639,0.08638,0.08638,22727,1963.34066,0.08639,0.08641,0.08638,0.08639,0.08647,0.08649,0.08645,0.08647,-0.00092517,-0.00055401,-0.00075505,-0.00075505,-9.000000000000674e-05,-0.00104082340696203
1697032500000,2023-10-11T13:55:00Z,0.08638,0.08645,0.08638,0.08645,36402,3146.34169,0.08639,0.08647,0.08638,0.08645,0.08647,0.08654,0.08646,0.08652,-0.00075505,-0.00056653,-0.00062617,-0.00062617,-7.000000000000062e-05,-0.0008090614886731462
1697032800000,2023-10-11T14:00:00Z,0.08645,0.08645,0.08638,0.08641,52553,4541.68633,0.08645,0.08647,0.08639,0.08645,0.08652,0.08655,0.08648,0.08654,-0.00062617,-0.00076864,-0.00103998,-0.00076864,-0.0001300000000000051,-0.0015021955165242097
1697033100000,2023-10-11T14:05:00Z,0.08641,0.08647,0.08641,0.08647,71906,6217.30384,0.08645,0.08647,0.08644,0.08647,0.08654,0.08656,0.08651,0.08653,-0.00076864,-0.00079466,-0.00089198,-0.00079466,-5.9999999999990616e-05,-0.0006934011325550747
1697033400000,2023-10-11T14:10:00Z,0.08647,0.08647,0.08643,0.08643,19820,1713.42241,0.08647,0.08648,0.08643,0.08643,0.08653,0.08656,0.0865,0.08651,-0.00079466,-0.00063028,-0.0011206,-0.00063028,-7.999999999999674e-05,-0.0009247485839786931
1697033700000,2023-10-11T14:15:00Z,0.08643,0.08643,0.08642,0.08643,30490,2635.00599,0.08643,0.08644,0.08642,0.08643,0.08651,0.08653,0.08649,0.08652,-0.00063028,-0.00084698,-0.00098162,-0.00084698,-8.999999999999286e-05,-0.0010402219140082393
1697034000000,2023-10-11T14:20:00Z,0.08643,0.08647,0.08643,0.08647,949,82.05267,0.08643,0.08649,0.08643,0.08647,0.08652,0.08656,0.08652,0.08653,-0.00084698,-0.00053969,-0.0006553,-0.0006553,-5.9999999999990616e-05,-0.0006934011325550747
1697034300000,2023-10-11T14:25:00Z,0.08647,0.08647,0.08641,0.08642,15355,1326.90045,0.08647,0.08647,0.08642,0.08642,0.08653,0.08653,0.08648,0.08648,-0.0006553,-0.00054387,-0.00075919,-0.00054387,-6.0000000000004494e-05,-0.0006938020351526884
1697034600000,2023-10-11T14:30:00Z,0.08642,0.08642,0.0864,0.08642,3421,295.60617,0.08642,0.08645,0.0864,0.08642,0.08648,0.08652,0.08647,0.0865,-0.00054387,-0.00050271,-0.00082547,-0.00082547,-7.999999999999674e-05,-0.0009248554913294421
1697034900000,2023-10-11T14:35:00Z,0.08642,0.08646,0.0864,0.08645,140853,12174.48634,0.08642,0.08646,0.0864,0.08645,0.0865,0.08653,0.08646,0.0865,-0.00082547,-0.00072609,-0.00092706,-0.00072609,-4.999999999999449e-05,-0.0005780346820808612
1697035200000,2023-10-11T14:40:00Z,0.08645,0.08645,0.08642,0.08642,13975,1207.88875,0.08645,0.08645,0.08642,0.08642,0.0865,0.08652,0.08648,0.08649,-0.00072609,-0.00055023,-0.00073387,-0.00055023,-7.000000000000062e-05,-0.0008093421204763628
1697035500000,2023-10-11T14:45:00Z,0.08642,0.08642,0.08641,0.08641,1736,150.0198,0.08642,0.08644,0.08642,0.08642,0.08649,0.08651,0.08647,0.08649,-0.00055023,-0.00062365,-0.00080934,-0.00080934,-7.999999999999674e-05,-0.0009249624234015116
1697035800000,2023-10-11T14:50:00Z,0.08641,0.08642,0.08641,0.08642,13844,1196.36312,0.08642,0.08644,0.08641,0.08642,0.08649,0.08651,0.08647,0.08649,-0.00080934,-0.00076991,-0.00091734,-0.00091734,-7.000000000000062e-05,-0.0008093421204763628
1697036100000,2023-10-11T14:55:00Z,0.08642,0.08642,0.08641,0.08641,14247,1231.08327,0.08642,0.08644,0.08641,0.08643,0.08649,0.08651,0.08647,0.0865,-0.00091734,-0.00067842,-0.00080934,-0.00080934,-8.999999999999286e-05,-0.0010404624277455823
1697036400000,2023-10-11T15:00:00Z,0.08641,0.08646,0.08641,0.08645,216204,18687.94012,0.08643,0.08646,0.08643,0.08645,0.0865,0.08653,0.08649,0.0865,-0.00080934,-0.00042018,-0.00058138,-0.00042018,-4.999999999999449e-05,-0.0005780346820808612
1697036700000,2023-10-11T15:05:00Z,0.08645,0.08645,0.0864,0.08642,8939,772.55564,0.08645,0.08645,0.08641,0.08642,0.0865,0.08651,0.08647,0.08647,-0.00042018,-0.00076843,-0.00080712,-0.00080712,-5.000000000000837e-05,-0.0005782352260900701
1697037000000,2023-10-11T15:10:00Z,0.08642,0.08643,0.08637,0.08642,84014,7258.18965,0.08642,0.08643,0.08637,0.08643,0.08647,0.0865,0.08645,0.0865,-0.00080712,-0.00044264,-0.00086966,-0.00044264,-7.999999999999674e-05,-0.0009248554913294421
1697037300000,2023-10-11T15:15:00Z,0.08642,0.08642,0.08632,0.08633,436339,37686.77292,0.08643,0.08643,0.08633,0.08633,0.0865,0.0865,0.0864,0.0864,-0.00044264,-0.00100867,-0.00120037,-0.00100867,-7.000000000000062e-05,-0.0008101851851851923
1697037600000,2023-10-11T15:20:00Z,0.08633,0.08633,0.08619,0.08619,165038,14235.0861,0.08633,0.08633,0.08619,0.08619,0.0864,0.08642,0.08624,0.08627,-0.00100867,-0.00051019,-0.00089896,-0.00089896,-7.999999999999674e-05,-0.0009273212008809173
1697037900000,2023-10-11T15:25:00Z,0.08619,0.08619,0.08591,0.08605,928905,79908.40482,0.08619,0.0862,0.08593,0.08605,0.08627,0.08628,0.08598,0.0861,-0.00089896,-0.00020575,-0.00072978,-0.00072978,-4.999999999999449e-05,-0.0005807200929151509
1697038200000,2023-10-11T15:30:00Z,0.08605,0.08612,0.08603,0.08605,117412,10104.47141,0.08605,0.08612,0.08603,0.08605,0.0861,0.08618,0.08609,0.08611,-0.00072978,-0.00072906,-0.00084855,-0.00072906,-6.0000000000004494e-05,-0.0006967831842992043
1697038500000,2023-10-11T15:35:00Z,0.08605,0.08614,0.08605,0.08614,55288,4759.35417,0.08605,0.08615,0.08605,0.08614,0.08611,0.08622,0.08611,0.0862,-0.00072906,-0.00066515,-0.00068781,-0.00066515,-6.0000000000004494e-05,-0.0006960556844548085
1697038800000,2023-10-11T15:40:00Z,0.08614,0.08614,0.08601,0.08601,44769,3853.06368,0.08614,0.08614,0.08603,0.08604,0.0862,0.08621,0.08609,0.08611,-0.00066515,-0.00030465,-0.00058499,-0.00030465,-0.00010000000000000286,-0.001161305307165287
1697039100000,2023-10-11T15:45:00Z,0.08601,0.0861,0.08601,0.08609,23044,1983.2765,0.08604,0.08611,0.08604,0.08611,0.08611,0.08618,0.0861,0.08618,-0.00030465,-0.00064129,-0.00077333,-0.00064129,-9.000000000000674e-05,-0.0010443258296589316
1697039400000,2023-10-11T15:50:00Z,0.08609,0.08617,0.08609,0.08614,91939,7919.00627,0.08611,0.08617,0.08609,0.08614,0.08618,0.08621,0.08615,0.0862,-0.00064129,-0.00050852,-0.00058004,-0.00050852,-6.0000000000004494e-05,-0.0006960556844548085
1697039700000,2023-10-11T15:55:00Z,0.08614,0.08614,0.08611,0.08611,21914,1887.3787,0.08614,0.08615,0.08611,0.08611,0.0862,0.08621,0.08615,0.08617,-0.00050852,-0.00035294,-0.00064682,-0.00064682,-5.9999999999990616e-05,-0.0006962980155505468
1697040000000,2023-10-11T16:00:00Z,0.08611,0.08611,0.08601,0.08601,118294,10179.86192,0.08611,0.08611,0.08601,0.08603,0.08617,0.08617,0.08607,0.0861,-0.00064682,-0.00058058,-0.00064405,-0.00064405,-8.999999999999286e-05,-0.001045296167247304
1697040300000,2023-10-11T16:05:00Z,0.08601,0.08616,0.08601,0.08614,55065,4743.11552,0.08603,0.08616,0.08602,0.08614,0.0861,0.08622,0.08609,0.08618,-0.00064405,-0.00042533,-0.0005761,-0.00042533,-4.000000000001225e-05,-0.0004641448131818548
1697040600000,2023-10-11T16:10:00Z,0.08614,0.08617,0.08599,0.08617,242331,20855.413,0.08614,0.08618,0.08599,0.08617,0.08618,0.08625,0.08606,0.08624,-0.00042533,-0.00048718,-0.00051803,-0.00048718,-7.000000000000062e-05,-0.0008116883116883189
1697040900000,2023-10-11T16:15:00Z,0.08617,0.08617,0.08607,0.0861,85578,7369.24866,0.08617,0.08617,0.08607,0.0861,0.08624,0.08624,0.08613,0.08616,-0.00048718,-0.00039493,-0.00061074,-0.00039493,-6.0000000000004494e-05,-0.0006963788300836176
1697041200000,2023-10-11T16:20:00Z,0.0861,0.08612,0.08602,0.08605,50439,4343.03178,0.0861,0.08612,0.08603,0.08606,0.08616,0.08618,0.08609,0.08612,-0.00039493,-0.0002671,-0.00041607,-0.0002671,-7.000000000000062e-05,-0.0008128193218764586
1697041500000,2023-10-11T16:25:00Z,0.08605,0.08606,0.08592,0.08601,1002701,86214.74095,0.08606,0.08606,0.08595,0.08601,0.08612,0.08612,0.08603,0.08608,-0.0002671,-0.00048436,-0.0009706,-0.00048436,-7.000000000000062e-05,-0.000813197026022312
1697041800000,2023-10-11T16:30:00Z,0.08601,0.08603,0.086,0.08603,17225,1481.53791,0.08601,0.08603,0.086,0.08603,0.08608,0.08609,0.08607,0.08608,-0.00048436,-0.00061772,-0.00065524,-0.00061772,-5.000000000000837e-05,-0.0005808550185874578
1697042100000,2023-10-11T16:35:00Z,0.08603,0.08603,0.08596,0.086,75064,6454.36313,0.08603,0.08603,0.08599,0.086,0.08608,0.08608,0.08604,0.08604,-0.00061772,-0.00059254,-0.00063134,-0.00063134,-4.000000000001225e-05,-0.000464900046490147
1697042400000,2023-10-11T16:40:00Z,0.086,0.086,0.08595,0.08595,32208,2769.371,0.086,0.086,0.08595,0.08595,0.08604,0.08607,0.08601,0.08602,-0.00063134,-0.00074032,-0.00085805,-0.00085805,-7.000000000000062e-05,-0.0008137642408742225
1697042700000,2023-10-11T16:45:00Z,0.08595,0.086,0.08593,0.08598,30244,2599.65435,0.08595,0.086,0.08595,0.08598,0.08602,0.08608,0.08601,0.08603,-0.00085805,-0.00076609,-0.00087809,-0.00087809,-4.999999999999449e-05,-0.000581192607229972
1697043000000,2023-10-11T16:50:00Z,0.08598,0.08598,0.0858,0.08585,391902,33650.98661,0.08598,0.08598,0.08581,0.08586,0.08603,0.08604,0.0859,0.08595,-0.00087809,-0.00104478,-0.00112475,-0.00112475,-0.00010000000000000286,-0.0011634671320535528
1697043300000,2023-10-11T16:55:00Z,0.08585,0.08593,0.08585,0.08593,71812,6167.07238,0.08586,0.08593,0.08585,0.08593,0.08595,0.08602,0.08594,0.08601,-0.00112475,-0.00059776,-0.00067314,-0.00059776,-7.999999999999674e-05,-0.0009301244041390157
1697043600000,2023-10-11T17:00:00Z,0.08593,0.08593,0.08588,0.08592,118510,10179.53991,0.08593,0.08593,0.08588,0.08593,0.08601,0.08602,0.08595,0.08602,-0.00059776,-0.00075965,-0.00082732,-0.00082732,-0.00010000000000000286,-0.001162520344106055
1697043900000,2023-10-11T17:05:00Z,0.08592,0.08594,0.08588,0.08589,27519,2364.21679,0.08593,0.08595,0.08588,0.08593,0.08602,0.08604,0.08595,0.08602,-0.00082732,-0.00075078,-0.00084449,-0.00075078,-0.0001300000000000051,-0.0015112764473378879
1697044200000,2023-10-11T17:10:00Z,0.08589,0.08596,0.08589,0.08594,13660,1174.00787,0.08593,0.08596,0.08592,0.08594,0.08602,0.08603,0.086,0.08601,-0.00075078,-0.00074218,-0.000752,-0.000752,-7.000000000000062e-05,-0.0008138588536216791
1697044500000,2023-10-11T17:15:00Z,0.08594,0.08594,0.08584,0.08584,22589,1939.63756,0.08594,0.08594,0.08584,0.08584,0.08601,0.08601,0.0859,0.08591,-0.000752,-0.00073932,-0.00091609,-0.00073932,-7.000000000000062e-05,-0.0008148061925270704
1697044800000,2023-10-11T17:20:00Z,0.08584,0.08595,0.08582,0.08595,13632,1170.84005,0.08584,0.08596,0.08582,0.08596,0.08591,0.08604,0.08591,0.08604,-0.00073932,-0.00067712,-0.00087504,-0.00087504,-9.000000000000674e-05,-0.0010460251046025886
1697045100000,2023-10-11T17:25:00Z,0.08595,0.08595,0.08588,0.08588,6778,582.17206,0.08596,0.08596,0.08588,0.08588,0.08604,0.08604,0.08597,0.08597,-0.00087504,-0.00060602,-0.00060695,-0.00060695,-9.000000000000674e-05,-0.0010468768174945531
1697045400000,2023-10-11T17:30:00Z,0.08588,0.0859,0.08588,0.0859,14960,1284.91226,0.08588,0.0859,0.08588,0.0859,0.08597,0.08599,0.08597,0.08599,-0.00060695,-0.00060416,-0.00067887,-0.00067887,-8.999999999999286e-05,-0.0010466333294568307
1697045700000,2023-10-11T17:35:00Z,0.0859,0.08592,0.0859,0.08592,24129,2073.16368,0.0859,0.08594,0.0859,0.08593,0.08599,0.08601,0.08598,0.086,-0.00067887,-0.00058304,-0.00067705,-0.00058304,-7.999999999999674e-05,-0.0009302325581394971
1697046000000,2023-10-11T17:40:00Z,0.08592,0.08595,0.08592,0.08595,19882,1708.8579,0.08593,0.08598,0.08593,0.08595,0.086,0.08604,0.08597,0.08598,-0.00058304,-0.0005687,-0.00063152,-0.00063152,-3.0000000000002247e-05,-0.00034891835310539945
1697046300000,2023-10-11T17:45:00Z,0.08595,0.08595,0.08586,0.08586,109900,9441.43833,0.08595,0.08595,0.08586,0.08586,0.08598,0.08599,0.0859,0.0859,-0.00063152,-0.00054723,-0.00063254,-0.00054723,-3.999999999999837e-05,-0.00046565774155993446
1697046600000,2023-10-11T17:50:00Z,0.08586,0.08588,0.08583,0.08588,18778,1612.46807,0.08586,0.08589,0.08584,0.08588,0.0859,0.08596,0.0859,0.08594,-0.00054723,-0.00056708,-0.00070067,-0.00056708,-6.0000000000004494e-05,-0.0006981615080289096
1697046900000,2023-10-11T17:55:00Z,0.08588,0.08592,0.08588,0.08588,62927,5404.50044,0.08588,0.08592,0.08588,0.08588,0.08594,0.08597,0.08593,0.08593,-0.00056708,-0.00043445,-0.0006351,-0.0006351,-5.000000000000837e-05,-0.0005818689631096051
1697047200000,2023-10-11T18:00:00Z,0.08588,0.08588,0.08584,0.08587,14612,1254.56996,0.08588,0.08588,0.08584,0.08587,0.08593,0.08593,0.08589,0.08592,-0.0006351,-0.00038938,-0.00040628,-0.00040628,-4.999999999999449e-05,-0.0005819366852885766
1697047500000,2023-10-11T18:05:00Z,0.08587,0.08587,0.0856,0.08569,1209382,103646.43782,0.08587,0.08587,0.08573,0.08574,0.08592,0.08592,0.08581,0.08582,-0.00040628,-0.00067629,-0.00069889,-0.00069889,-0.00012999999999999123,-0.0015147984152877097
1697047800000,2023-10-11T18:10:00Z,0.08569,0.08579,0.08569,0.08579,65268,5596.6818,0.08574,0.08579,0.08572,0.08579,0.08582,0.08588,0.0858,0.08587,-0.00069889,-0.00069218,-0.0008301,-0.00069218,-7.999999999999674e-05,-0.000931640852451342
1697048100000,2023-10-11T18:15:00Z,0.08579,0.08583,0.08577,0.08583,156821,13454.93928,0.08579,0.08583,0.08578,0.08583,0.08587,0.08591,0.08587,0.08591,-0.00069218,-0.00082272,-0.00092247,-0.00082272,-7.999999999999674e-05,-0.0009312070771737486
1697048400000,2023-10-11T18:20:00Z,0.08583,0.08585,0.08578,0.08584,97312,8350.70018,0.08583,0.08585,0.08579,0.08584,0.08591,0.08592,0.08588,0.08592,-0.00082272,-0.00069995,-0.00070111,-0.00069995,-7.999999999999674e-05,-0.0009310986964617871
1697048700000,2023-10-11T18:25:00Z,0.08584,0.08584,0.08577,0.08577,16962,1455.08833,0.08584,0.08584,0.08577,0.08578,0.08592,0.08592,0.08586,0.08587,-0.00069995,-0.00059601,-0.00097286,-0.00097286,-0.00010000000000000286,-0.0011645510655642582
1697049000000,2023-10-11T18:30:00Z,0.08577,0.08581,0.08576,0.08578,104940,9002.43734,0.08578,0.08581,0.08576,0.08578,0.08587,0.08589,0.08586,0.08587,-0.00097286,-0.00078472,-0.00081064,-0.00081064,-9.000000000000674e-05,-0.001048095959007881
1697049300000,2023-10-11T18:35:00Z,0.08578,0.08578,0.08571,0.08573,38469,3297.72915,0.08578,0.08579,0.08571,0.08573,0.08587,0.08587,0.0858,0.08581,-0.00081064,-0.00081503,-0.00085722,-0.00085722,-7.999999999999674e-05,-0.0009322922736277443
1697049600000,2023-10-11T18:40:00Z,0.08573,0.08573,0.08572,0.08572,1184,101.49291,0.08573,0.08573,0.08572,0.08573,0.08581,0.08582,0.0858,0.08581,-0.00085722,-0.00074242,-0.00081773,-0.00081773,-8.999999999999286e-05,-0.0010488288078311719
1697049900000,2023-10-11T18:45:00Z,0.08572,0.08573,0.08572,0.08572,8261,708.16391,0.08573,0.08574,0.08572,0.08572,0.08581,0.08582,0.0858,0.0858,-0.00081773,-0.00075629,-0.00082344,-0.00082344,-7.999999999999674e-05,-0.0009324009324008943
1697050200000,2023-10-11T18:50:00Z,0.08572,0.08578,0.08571,0.08578,36391,3119.6243,0.08572,0.08578,0.08572,0.08578,0.0858,0.08585,0.0858,0.08585,-0.00082344,-0.0006641,-0.00086526,-0.00086526,-7.000000000000062e-05,-0.0008153756552125873
1697050500000,2023-10-11T18:55:00Z,0.08578,0.08586,0.08577,0.08584,22082,1895.04986,0.08578,0.08586,0.08577,0.08584,0.08585,0.08595,0.08585,0.08592,-0.00086526,-0.00063143,-0.00071771,-0.00071771,-7.999999999999674e-05,-0.0009310986964617871
1697050800000,2023-10-11T19:00:00Z,0.08584,0.08589,0.08573,0.08575,126169,10828.12344,0.08584,0.08589,0.08573,0.08575,0.08592,0.08594,0.08582,0.08584,-0.00071771,-0.00062414,-0.00080789,-0.00080789,-8.999999999999286e-05,-0.001048462255358724
1697051100000,2023-10-11T19:05:00Z,0.08575,0.08576,0.08574,0.08574,24648,2113.79624,0.08575,0.08576,0.08575,0.08576,0.08584,0.08584,0.08582,0.08584,-0.00080789,-0.00059699,-0.00065315,-0.00059699,-0.00010000000000000286,-0.001164958061509819
1697051400000,2023-10-11T19:10:00Z,0.08574,0.08574,0.08571,0.08572,36290,3110.7786,0.08576,0.08576,0.08572,0.08572,0.08584,0.08584,0.08578,0.08579,-0.00059699,-0.0007354,-0.00080058,-0.0007354,-7.000000000000062e-05,-0.0008159459144422498
1697051700000,2023-10-11T19:15:00Z,0.08572,0.08575,0.08572,0.08573,130767,11210.36195,0.08572,0.08576,0.08572,0.08575,0.08579,0.08584,0.08579,0.08583,-0.0007354,-0.0008731,-0.00100209,-0.00100209,-0.00010000000000000286,-0.0011650937900501324
1697052000000,2023-10-11T19:20:00Z,0.08573,0.08575,0.08572,0.08572,10167,871.70428,0.08575,0.08576,0.08572,0.08572,0.08583,0.08584,0.0858,0.0858,-0.00100209,-0.00078892,-0.0011355,-0.00078892,-7.999999999999674e-05,-0.0009324009324008943
1697052300000,2023-10-11T19:25:00Z,0.08572,0.08572,0.08568,0.08572,14159,1213.31314,0.08572,0.08573,0.08568,0.08572,0.0858,0.08581,0.08576,0.08578,-0.00078892,-0.00066756,-0.00075431,-0.00066756,-5.9999999999990616e-05,-0.0006994637444624693
1697052600000,2023-10-11T19:30:00Z,0.08572,0.08572,0.08563,0.08566,199083,17054.17161,0.08572,0.08572,0.08564,0.08566,0.08578,0.08579,0.08572,0.08573,-0.00066756,-0.00091545,-0.00093712,-0.00093712,-7.000000000000062e-05,-0.0008165169718884943
1697052900000,2023-10-11T19:35:00Z,0.08566,0.08569,0.08563,0.08569,119873,10268.87818,0.08566,0.08571,0.08563,0.0857,0.08573,0.08578,0.0857,0.08577,-0.00093712,-0.00053452,-0.00056771,-0.00056771,-7.999999999999674e-05,-0.0009327270607438118
1697053200000,2023-10-11T19:40:00Z,0.08569,0.08575,0.08565,0.08575,25159,2155.51905,0.0857,0.08575,0.08566,0.08575,0.08577,0.08581,0.08572,0.0858,-0.00056771,-0.0005586,-0.00062871,-0.00062871,-4.999999999999449e-05,-0.0005827505827505186
1697053500000,2023-10-11T19:45:00Z,0.08575,0.08575,0.08568,0.0857,128922,11047.97923,0.08575,0.08575,0.08569,0.08571,0.0858,0.0858,0.08576,0.08579,-0.00062871,-0.0004775,-0.00065403,-0.00065403,-9.000000000000674e-05,-0.0010490733185686762
1697053800000,2023-10-11T19:50:00Z,0.0857,0.08577,0.0857,0.08573,89423,7666.80238,0.08571,0.08577,0.08571,0.08573,0.08579,0.08584,0.08578,0.08579,-0.00065403,-0.0005796,-0.00076304,-0.0005796,-6.0000000000004494e-05,-0.0006993822123791175
1697054100000,2023-10-11T19:55:00Z,0.08573,0.08573,0.08568,0.0857,41553,3561.37188,0.08573,0.08573,0.0857,0.0857,0.08579,0.0858,0.08577,0.08578,-0.0005796,-0.00067813,-0.00070179,-0.00070179,-7.999999999999674e-05,-0.0009326183259500669
1697054400000,2023-10-11T20:00:00Z,0.0857,0.08573,0.0857,0.0857,10125,867.85,0.0857,0.08573,0.0857,0.08571,0.08578,0.08581,0.08578,0.08579,-0.00070179,-0.00075617,-0.00088214,-0.00088214,-9.000000000000674e-05,-0.0010490733185686762
1697054700000,2023-10-11T20:05:00Z,0.0857,0.0857,0.08562,0.08562,108141,9261.15033,0.08571,0.08571,0.08563,0.08564,0.08579,0.08579,0.08571,0.08572,-0.00088214,-0.00068428,-0.00091612,-0.00068428,-0.00010000000000000286,-0.0011665888940737617
1697055000000,2023-10-11T20:10:00Z,0.08562,0.08565,0.08562,0.08565,11807,1011.10557,0.08564,0.08566,0.08563,0.08566,0.08572,0.08574,0.08571,0.08574,-0.00068428,-0.00054876,-0.00066581,-0.00054876,-8.999999999999286e-05,-0.0010496850944715754
1697055300000,2023-10-11T20:15:00Z,0.08565,0.08565,0.08563,0.08563,33517,2870.25943,0.08566,0.08566,0.08564,0.08565,0.08574,0.08574,0.08572,0.08574,-0.00054876,-0.00100909,-0.00124317,-0.00100909,-0.00010999999999999899,-0.001282948448798682
1697055600000,2023-10-11T20:20:00Z,0.08563,0.08564,0.08563,0.08564,21890,1874.65894,0.08565,0.08565,0.08563,0.08565,0.08574,0.08574,0.08572,0.08574,-0.00100909,-0.0006492,-0.0007094,-0.0006492,-0.00010000000000000286,-0.0011663167716352096
1697055900000,2023-10-11T20:25:00Z,0.08564,0.08571,0.08564,0.08571,90066,7717.18766,0.08565,0.08571,0.08564,0.08571,0.08574,0.08579,0.08573,0.08576,-0.0006492,-0.00044916,-0.00063728,-0.00044916,-5.000000000000837e-05,-0.0005830223880597991
1697056200000,2023-10-11T20:30:00Z,0.08571,0.08576,0.08571,0.08576,14170,1215.0201,0.08571,0.08578,0.08571,0.08577,0.08576,0.08584,0.08575,0.08584,-0.00044916,-0.00063423,-0.00087732,-0.00063423,-7.999999999999674e-05,-0.0009319664492077905
1697056500000,2023-10-11T20:35:00Z,0.08576,0.0858,0.08575,0.0858,44434,3811.86341,0.08577,0.08581,0.08576,0.0858,0.08584,0.08589,0.08583,0.08587,-0.00063423,-0.00069084,-0.00090057,-0.00069084,-7.000000000000062e-05,-0.0008151857458949647
1697056800000,2023-10-11T20:40:00Z,0.0858,0.0858,0.08571,0.08571,26636,2284.45431,0.0858,0.08581,0.08571,0.08572,0.08587,0.08589,0.08579,0.08581,-0.00069084,-0.00067062,-0.00089696,-0.00067062,-0.00010000000000000286,-0.0011653653420347612
1697057100000,2023-10-11T20:45:00Z,0.08571,0.08572,0.08571,0.08572,7456,639.05959,0.08572,0.08573,0.08571,0.08572,0.08581,0.08582,0.08579,0.08582,-0.00067062,-0.00076806,-0.00097844,-0.00097844,-9.999999999998899e-05,-0.0011652295502212653
1697057400000,2023-10-11T20:50:00Z,0.08572,0.08576,0.08572,0.08574,187137,16045.7067,0.08572,0.08577,0.08572,0.08577,0.08582,0.08584,0.08579,0.08584,-0.00097844,-0.00055251,-0.0006662,-0.00055251,-0.00010000000000000286,-0.001164958061509819
1697057700000,2023-10-11T20:55:00Z,0.08574,0.08583,0.08573,0.08579,237842,20406.22232,0.08577,0.08584,0.08574,0.08583,0.08584,0.08593,0.08582,0.08592,-0.00055251,-0.00071586,-0.00077292,-0.00077292,-0.00012999999999999123,-0.0015130353817503636
1697058000000,2023-10-11T21:00:00Z,0.08579,0.08585,0.08579,0.08585,9088,780.18571,0.08583,0.08586,0.08583,0.08585,0.08592,0.08595,0.08591,0.08592,-0.00077292,-0.00058501,-0.00067892,-0.00067892,-7.000000000000062e-05,-0.0008147113594041041
1697058300000,2023-10-11T21:05:00Z,0.08585,0.08585,0.08581,0.08584,41760,3584.43161,0.08585,0.08587,0.08582,0.08586,0.08592,0.08595,0.08589,0.08594,-0.00067892,-0.00064692,-0.00066325,-0.00064692,-0.00010000000000000286,-0.0011636025133814623
1697058600000,2023-10-11T21:10:00Z,0.08584,0.08588,0.08584,0.08588,19145,1643.9884,0.08586,0.08589,0.08586,0.08589,0.08594,0.08597,0.08593,0.08597,-0.00064692,-0.00076631,-0.00079097,-0.00079097,-9.000000000000674e-05,-0.0010468768174945531
1697058900000,2023-10-11T21:15:00Z,0.08588,0.08591,0.08588,0.08591,6059,520.40649,0.08589,0.08591,0.08588,0.08591,0.08597,0.08599,0.08595,0.08599,-0.00079097,-0.00058736,-0.00081423,-0.00058736,-7.999999999999674e-05,-0.0009303407372949964
1697059200000,2023-10-11T21:20:00Z,0.08591,0.08596,0.0859,0.08592,96998,8334.73905,0.08591,0.08596,0.0859,0.08592,0.08599,0.08603,0.08598,0.086,-0.00058736,-0.00049023,-0.00051522,-0.00051522,-7.999999999999674e-05,-0.0009302325581394971
1697059500000,2023-10-11T21:25:00Z,0.08592,0.08592,0.08587,0.0859,50741,4357.77236,0.08592,0.08593,0.08588,0.0859,0.086,0.086,0.08596,0.08597,-0.00051522,-0.00041449,-0.00068039,-0.00068039,-7.000000000000062e-05,-0.000814237524717932
1697059800000,2023-10-11T21:30:00Z,0.0859,0.0859,0.08588,0.0859,2068,177.63332,0.0859,0.08591,0.0859,0.0859,0.08597,0.08599,0.08595,0.08595,-0.00068039,-0.00059392,-0.00077346,-0.00059392,-4.999999999999449e-05,-0.0005817335660266956
1697060100000,2023-10-11T21:35:00Z,0.0859,0.0859,0.08579,0.08579,32781,2814.2163,0.0859,0.0859,0.08581,0.08582,0.08595,0.08598,0.08589,0.0859,-0.00059392,-0.00036014,-0.00069095,-0.00069095,-0.00010999999999999899,-0.00128055878928986
1697060400000,2023-10-11T21:40:00Z,0.08579,0.08585,0.08578,0.08584,141003,12099.0375,0.08582,0.08585,0.08582,0.08584,0.0859,0.08592,0.08589,0.08589,-0.00069095,-0.00054761,-0.00058549,-0.00058549,-4.999999999999449e-05,-0.0005821399464430608
1697060700000,2023-10-11T21:45:00Z,0.08584,0.08584,0.08584,0.08584,0,0,0.08584,0.08585,0.08584,0.08584,0.08589,0.08592,0.08589,0.08591,-0.00058549,-0.00049935,-0.00063896,-0.00049935,-7.000000000000062e-05,-0.0008148061925270704
1697061000000,2023-10-11T21:50:00Z,0.08584,0.08584,0.08582,0.08582,2923,250.85208,0.08584,0.08584,0.08582,0.08584,0.08591,0.08591,0.08588,0.08591,-0.00049935,-0.00037,-0.00056652,-0.00056652,-9.000000000000674e-05,-0.0010476079618205883
1697061300000,2023-10-11T21:55:00Z,0.08582,0.08596,0.08582,0.08596,89148,7656.57901,0.08584,0.08597,0.08583,0.08597,0.08591,0.08604,0.0859,0.08604,-0.00056652,-0.00043199,-0.00068619,-0.00043199,-8.000000000001062e-05,-0.0009298000929801326
1697061600000,2023-10-11T22:00:00Z,0.08596,0.08596,0.08596,0.08596,113,9.71348,0.08597,0.08597,0.08596,0.08596,0.08604,0.08604,0.08602,0.08602,-0.00043199,-0.00067515,-0.00068596,-0.00067515,-6.0000000000004494e-05,-0.0006975122064636654
1697061900000,2023-10-11T22:05:00Z,0.08596,0.08596,0.08594,0.08595,14409,1238.50654,0.08596,0.08597,0.08595,0.08596,0.08602,0.08603,0.08602,0.08603,-0.00067515,-0.00050732,-0.000578,-0.00050732,-7.999999999999674e-05,-0.0009299081715680198
1697062200000,2023-10-11T22:10:00Z,0.08595,0.08598,0.08595,0.08595,18448,1586.093,0.08596,0.08598,0.08595,0.08595,0.08603,0.08605,0.086,0.086,-0.00050732,-0.00051458,-0.00079367,-0.00079367,-4.999999999999449e-05,-0.0005813953488371453
1697062500000,2023-10-11T22:15:00Z,0.08595,0.08595,0.08593,0.08595,9416,809.2171,0.08595,0.08595,0.08593,0.08595,0.086,0.08602,0.08599,0.08602,-0.00079367,-0.0006176,-0.00066217,-0.0006176,-7.000000000000062e-05,-0.0008137642408742225
1697062800000,2023-10-11T22:20:00Z,0.08595,0.08599,0.08595,0.08599,848,72.91502,0.08595,0.08602,0.08595,0.08602,0.08602,0.08608,0.08601,0.08608,-0.0006176,-0.00021559,-0.00034274,-0.00034274,-9.000000000000674e-05,-0.0010455390334573272
1697063100000,2023-10-11T22:25:00Z,0.08599,0.08605,0.08599,0.08601,53919,4638.7724,0.08602,0.08605,0.08601,0.08601,0.08608,0.0861,0.08605,0.08605,-0.00034274,-0.00026022,-0.00056679,-0.00056679,-3.999999999999837e-05,-0.0004648460197559369
1697063400000,2023-10-11T22:30:00Z,0.08601,0.08601,0.08597,0.08597,479,41.18027,0.08601,0.08601,0.08597,0.08598,0.08605,0.08607,0.08605,0.08606,-0.00056679,-0.00069172,-0.00070811,-0.00070811,-8.999999999999286e-05,-0.0010457820125493013
1697063700000,2023-10-11T22:35:00Z,0.08597,0.08607,0.08597,0.08605,47243,4065.68261,0.08598,0.08607,0.08597,0.08606,0.08606,0.08613,0.08605,0.08613,-0.00070811,-0.0005076,-0.00061337,-0.00061337,-7.999999999999674e-05,-0.0009288285150353738
1697064000000,2023-10-11T22:40:00Z,0.08605,0.08609,0.08605,0.08609,17299,1488.90448,0.08606,0.08609,0.08605,0.08609,0.08613,0.08615,0.0861,0.08615,-0.00061337,-0.00053488,-0.00063132,-0.00053488,-6.0000000000004494e-05,-0.0006964596633778815
1697064300000,2023-10-11T22:45:00Z,0.08609,0.08609,0.08606,0.08608,6397,550.62436,0.08609,0.08609,0.08606,0.08608,0.08615,0.08615,0.08613,0.08615,-0.00053488,-0.00037109,-0.00037365,-0.00037365,-7.000000000000062e-05,-0.0008125362739408081
1697064600000,2023-10-11T22:50:00Z,0.08608,0.08608,0.08608,0.08608,62,5.33696,0.08608,0.0861,0.08608,0.08608,0.08615,0.08616,0.08613,0.08614,-0.00037365,-0.00052844,-0.00054567,-0.00052844,-5.9999999999990616e-05,-0.0006965405154398726
1697064900000,2023-10-11T22:55:00Z,0.08608,0.08609,0.08606,0.08606,13093,1127.04143,0.08608,0.0861,0.08606,0.08607,0.08614,0.08615,0.08612,0.08613,-0.00052844,-0.00067103,-0.00078369,-0.00078369,-7.000000000000062e-05,-0.0008127249506559923
1697065200000,2023-10-11T23:00:00Z,0.08606,0.08612,0.08606,0.08608,51353,4422.04587,0.08607,0.08612,0.08607,0.08608,0.08613,0.08617,0.08613,0.08614,-0.00078369,-0.00044039,-0.00047058,-0.00044039,-5.9999999999990616e-05,-0.0006965405154398726
1697065500000,2023-10-11T23:05:00Z,0.08608,0.08609,0.08602,0.08602,12220,1051.6875,0.08608,0.0861,0.08602,0.08602,0.08614,0.08616,0.08608,0.08608,-0.00044039,-0.00075865,-0.00076695,-0.00075865,-6.0000000000004494e-05,-0.0006970260223048849
1697065800000,2023-10-11T23:10:00Z,0.08602,0.08602,0.08602,0.08602,0,0,0.08602,0.08602,0.08602,0.08602,0.08608,0.08608,0.08605,0.08605,-0.00075865,-0.00049018,-0.00078854,-0.00049018,-3.0000000000002247e-05,-0.000348634514816993
1697066100000,2023-10-11T23:15:00Z,0.08602,0.08602,0.08595,0.08596,20229,1738.99643,0.08602,0.08602,0.08595,0.08596,0.08605,0.08605,0.08603,0.08604,-0.00049018,-0.00083995,-0.00084112,-0.00084112,-8.000000000001062e-05,-0.0009298000929801326
1697066400000,2023-10-11T23:20:00Z,0.08596,0.08596,0.08595,0.08596,1670,143.55259,0.08596,0.08605,0.08595,0.08604,0.08604,0.08612,0.08603,0.08611,-0.00084112,-0.00066271,-0.00069415,-0.00066271,-0.00015000000000001124,-0.001741957960748011
1697066700000,2023-10-11T23:25:00Z,0.08596,0.08606,0.08596,0.08606,11204,964.17084,0.08604,0.08606,0.08604,0.08606,0.08611,0.08613,0.08607,0.08608,-0.00066271,-0.00052003,-0.00054199,-0.00054199,-2.0000000000006124e-05,-0.00023234200743501538
1697067000000,2023-10-11T23:30:00Z,0.08606,0.08606,0.08602,0.08602,5669,487.70404,0.08606,0.08606,0.08602,0.08602,0.08608,0.08609,0.08606,0.08607,-0.00054199,-0.00029061,-0.00045288,-0.00045288,-4.999999999999449e-05,-0.0005809225049377773
1697067300000,2023-10-11T23:35:00Z,0.08602,0.08603,0.08602,0.08602,9644,829.67329,0.08602,0.08605,0.08602,0.08604,0.08607,0.0861,0.08606,0.08609,-0.00045288,-0.00053536,-0.00054112,-0.00054112,-7.000000000000062e-05,-0.000813102567080969
1697067600000,2023-10-11T23:40:00Z,0.08602,0.08602,0.086,0.08602,6653,572.25043,0.08604,0.08604,0.086,0.08603,0.08609,0.08609,0.08604,0.08607,-0.00054112,-0.00007984,-0.00016908,-0.00016908,-4.999999999999449e-05,-0.0005809225049377773
1697067900000,2023-10-11T23:45:00Z,0.08602,0.08602,0.08596,0.08596,12129,1042.91786,0.08603,0.08605,0.08596,0.08596,0.08607,0.08609,0.08601,0.08602,-0.00016908,-0.0003627,-0.00040583,-0.00040583,-6.0000000000004494e-05,-0.0006975122064636654
1697068200000,2023-10-11T23:50:00Z,0.08596,0.08596,0.08596,0.08596,20,1.7192,0.08596,0.08597,0.08596,0.08597,0.08602,0.08602,0.086,0.08602,-0.00040583,-0.00020802,-0.00049221,-0.00049221,-6.0000000000004494e-05,-0.0006975122064636654
1697068500000,2023-10-11T23:55:00Z,0.08596,0.08598,0.08596,0.08598,1640,141.00209,0.08597,0.08599,0.08597,0.08598,0.08602,0.08604,0.08602,0.08603,-0.00049221,-0.00023599,-0.00025691,-0.00025691,-4.999999999999449e-05,-0.000581192607229972
1697068800000,2023-10-12T00:00:00Z,0.08598,0.08601,0.08597,0.08597,34870,2998.74418,0.08598,0.08604,0.08598,0.08599,0.08603,0.08608,0.08602,0.08604,-0.00025691,-0.00054399,-0.00055323,-0.00055323,-7.000000000000062e-05,-0.0008135750813575152
1697069100000,2023-10-12T00:05:00Z,0.08597,0.08604,0.08597,0.08599,58233,5008.38008,0.08599,0.08606,0.08599,0.08599,0.08604,0.08611,0.08604,0.08604,-0.00055323,-0.00044999,-0.00058072,-0.00058072,-5.000000000000837e-05,-0.0005811250581126031
1697069400000,2023-10-12T00:10:00Z,0.08599,0.08599,0.08596,0.08599,2871,246.85917,0.08599,0.086,0.08598,0.08599,0.08604,0.08606,0.08604,0.08605,-0.00058072,-0.00042916,-0.00051981,-0.00042916,-6.0000000000004494e-05,-0.000697269029633986
1697069700000,2023-10-12T00:15:00Z,0.08599,0.08603,0.08598,0.086,27720,2384.17407,0.08599,0.08605,0.08599,0.086,0.08605,0.08611,0.08605,0.08608,-0.00042916,-0.00079967,-0.00080002,-0.00080002,-8.000000000001062e-05,-0.0009293680297399003
1697070000000,2023-10-12T00:20:00Z,0.086,0.08602,0.086,0.086,7188,618.26862,0.086,0.08602,0.086,0.08602,0.08608,0.0861,0.08607,0.08609,-0.00080002,-0.0005852,-0.00076266,-0.00076266,-9.000000000000674e-05,-0.001045417586247029
1697070300000,2023-10-12T00:25:00Z,0.086,0.08602,0.086,0.08602,1162,99.95524,0.08602,0.08603,0.08601,0.08602,0.08609,0.08609,0.08608,0.08608,-0.00076266,-0.00050499,-0.00060796,-0.00060796,-6.0000000000004494e-05,-0.0006970260223048849
1697070600000,2023-10-12T00:30:00Z,0.08602,0.08602,0.08599,0.08599,3310,284.72608,0.08602,0.08603,0.086,0.08601,0.08608,0.08609,0.08607,0.08608,-0.00060796,-0.00068235,-0.00071305,-0.00071305,-9.000000000000674e-05,-0.0010455390334573272
1697070900000,2023-10-12T00:35:00Z,0.08599,0.08599,0.08597,0.08597,1050,90.28902,0.08601,0.08601,0.08597,0.08597,0.08608,0.08608,0.08604,0.08605,-0.00071305,-0.00066422,-0.00070885,-0.00066422,-7.999999999999674e-05,-0.0009296920395118738
1697071200000,2023-10-12T00:40:00Z,0.08597,0.08597,0.08592,0.08596,37767,3246.0231,0.08597,0.08598,0.08593,0.08596,0.08605,0.08606,0.08601,0.08604,-0.00066422,-0.00057835,-0.0005909,-0.0005909,-8.000000000001062e-05,-0.0009298000929801326
1697071500000,2023-10-12T00:45:00Z,0.08596,0.08601,0.08596,0.08599,14559,1252.01833,0.08596,0.08602,0.08596,0.08601,0.08604,0.08609,0.08603,0.08608,-0.0005909,-0.00061756,-0.00074677,-0.00061756,-9.000000000000674e-05,-0.0010455390334573272
1697071800000,2023-10-12T00:50:00Z,0.08599,0.08606,0.08599,0.08606,11592,997.28707,0.08601,0.08607,0.08601,0.08607,0.08608,0.08614,0.08608,0.08614,-0.00061756,-0.0005616,-0.0007682,-0.0005616,-7.999999999999674e-05,-0.0009287206872532707
1697072100000,2023-10-12T00:55:00Z,0.08606,0.08608,0.08605,0.08607,2533,218.0144,0.08607,0.08608,0.08606,0.08607,0.08614,0.08616,0.08614,0.08615,-0.0005616,-0.000743,-0.00076784,-0.00076784,-8.000000000001062e-05,-0.0009286128845038957
1697072400000,2023-10-12T01:00:00Z,0.08607,0.08607,0.08596,0.08599,51858,4461.44097,0.08607,0.08607,0.08596,0.08599,0.08615,0.08615,0.08604,0.08605,-0.00076784,-0.00054021,-0.00063614,-0.00063614,-6.0000000000004494e-05,-0.000697269029633986
1697072700000,2023-10-12T01:05:00Z,0.08599,0.086,0.08596,0.08596,62705,5391.49072,0.08599,0.086,0.08596,0.08596,0.08605,0.08606,0.08602,0.08603,-0.00063614,-0.00041281,-0.00057352,-0.00041281,-7.000000000000062e-05,-0.0008136696501220577
1697073000000,2023-10-12T01:10:00Z,0.08596,0.08599,0.08596,0.08596,36110,3104.06612,0.08596,0.086,0.08596,0.08596,0.08603,0.08607,0.08602,0.08603,-0.00041281,-0.00067809,-0.00083519,-0.00083519,-7.000000000000062e-05,-0.0008136696501220577
1697073300000,2023-10-12T01:15:00Z,0.08596,0.08604,0.08596,0.08603,18876,1623.03822,0.08596,0.08604,0.08596,0.08604,0.08603,0.08611,0.08603,0.08611,-0.00083519,-0.00052503,-0.00081291,-0.00052503,-8.000000000001062e-05,-0.0009290442457323263
1697073600000,2023-10-12T01:20:00Z,0.08603,0.08614,0.08601,0.08614,31261,2690.39165,0.08604,0.08615,0.08603,0.08615,0.08611,0.08623,0.08609,0.08623,-0.00052503,-0.00050655,-0.00060877,-0.00050655,-9.000000000000674e-05,-0.0010437202829642438
1697073900000,2023-10-12T01:25:00Z,0.08614,0.08624,0.08614,0.08623,103421,8915.07618,0.08615,0.08624,0.08615,0.08623,0.08623,0.08631,0.08623,0.0863,-0.00050655,-0.00059019,-0.00068111,-0.00068111,-7.000000000000062e-05,-0.0008111239860950245
1697074200000,2023-10-12T01:30:00Z,0.08623,0.08627,0.08621,0.08623,57819,4987.23256,0.08623,0.08627,0.08623,0.08624,0.0863,0.08633,0.08629,0.08631,-0.00068111,-0.00047567,-0.00062217,-0.00062217,-7.999999999999674e-05,-0.0009268914378403052
1697074500000,2023-10-12T01:35:00Z,0.08623,0.08628,0.08618,0.08618,52856,4558.5726,0.08624,0.08628,0.08619,0.08619,0.08631,0.08634,0.08626,0.08626,-0.00062217,-0.00048881,-0.00052739,-0.00048881,-7.999999999999674e-05,-0.0009274287039183484
1697074800000,2023-10-12T01:40:00Z,0.08618,0.08619,0.08618,0.08619,454,39.13026,0.08619,0.08621,0.08619,0.08621,0.08626,0.08628,0.08626,0.08628,-0.00048881,-0.00049785,-0.00056543,-0.00056543,-8.999999999999286e-05,-0.0010431154381084014
1697075100000,2023-10-12T01:45:00Z,0.08619,0.08625,0.08619,0.08625,26629,2296.22288,0.08621,0.08625,0.08621,0.08625,0.08628,0.08632,0.08628,0.08632,-0.00056543,-0.0006509,-0.00065608,-0.00065608,-7.000000000000062e-05,-0.0008109360518999145
1697075400000,2023-10-12T01:50:00Z,0.08625,0.08631,0.08625,0.08631,36950,3188.50223,0.08625,0.08631,0.08625,0.08631,0.08632,0.08638,0.08632,0.08637,-0.00065608,-0.0004425,-0.0004799,-0.0004425,-6.0000000000004494e-05,-0.0006946856547412816
1697075700000,2023-10-12T01:55:00Z,0.08631,0.08631,0.0863,0.0863,4055,349.9465,0.08631,0.08632,0.0863,0.08632,0.08637,0.08639,0.08637,0.08639,-0.0004425,-0.00067353,-0.00070062,-0.00070062,-8.999999999999286e-05,-0.0010417872438938866
1697076000000,2023-10-12T02:00:00Z,0.0863,0.08634,0.0863,0.08634,16736,1444.50467,0.08632,0.08635,0.08631,0.08634,0.08639,0.08642,0.08638,0.08641,-0.00070062,-0.00056833,-0.00077482,-0.00077482,-7.000000000000062e-05,-0.000810091424603641
1697076300000,2023-10-12T02:05:00Z,0.08634,0.08634,0.08627,0.08633,110302,9519.68109,0.08634,0.08634,0.08627,0.08633,0.08641,0.08642,0.08635,0.0864,-0.00077482,-0.00075269,-0.00078664,-0.00075269,-7.000000000000062e-05,-0.0008101851851851923
1697076600000,2023-10-12T02:10:00Z,0.08633,0.08634,0.08629,0.08634,11293,974.92234,0.08633,0.08635,0.08629,0.08634,0.0864,0.08643,0.08637,0.08642,-0.00075269,-0.00072668,-0.000841,-0.000841,-7.999999999999674e-05,-0.0009257116408238457
1697076900000,2023-10-12T02:15:00Z,0.08634,0.08639,0.08633,0.08637,72931,6299.43727,0.08634,0.08639,0.08633,0.08637,0.08642,0.08646,0.0864,0.08645,-0.000841,-0.00058875,-0.00076949,-0.00058875,-7.999999999999674e-05,-0.0009253903990745719
1697077200000,2023-10-12T02:20:00Z,0.08637,0.08637,0.08637,0.08637,1104,95.35248,0.08637,0.08639,0.08637,0.08639,0.08645,0.08646,0.08643,0.08646,-0.00058875,-0.00046697,-0.00058704,-0.00046697,-8.999999999999286e-05,-0.0010409437890353096
1697077500000,2023-10-12T02:25:00Z,0.08637,0.08642,0.08636,0.08642,214169,18503.12944,0.08639,0.08642,0.08636,0.08642,0.08646,0.08647,0.08642,0.08644,-0.00046697,-0.00026692,-0.0005052,-0.00026692,-2.0000000000006124e-05,-0.0002313743637205706
1697077800000,2023-10-12T02:30:00Z,0.08642,0.08642,0.08634,0.08637,164380,14198.17067,0.08642,0.08642,0.08634,0.08637,0.08644,0.08645,0.08639,0.08642,-0.00026692,-0.00050225,-0.00051631,-0.00051631,-4.999999999999449e-05,-0.0005785697755148634
1697078100000,2023-10-12T02:35:00Z,0.08637,0.08638,0.08635,0.08636,148195,12799.41524,0.08637,0.08638,0.08636,0.08638,0.08642,0.08644,0.08642,0.08644,-0.00051631,-0.00029422,-0.00039967,-0.00029422,-7.999999999999674e-05,-0.0009254974548819614
1697078400000,2023-10-12T02:40:00Z,0.08636,0.08637,0.08636,0.08637,230199,19882.1833,0.08638,0.0864,0.08637,0.08637,0.08644,0.08646,0.08644,0.08645,-0.00029422,-0.0006475,-0.00081283,-0.0006475,-7.999999999999674e-05,-0.0009253903990745719
1697078700000,2023-10-12T02:45:00Z,0.08637,0.08637,0.08635,0.08636,22829,1971.50057,0.08637,0.08637,0.08635,0.08636,0.08645,0.08645,0.08643,0.08644,-0.0006475,-0.00065752,-0.00073623,-0.00073623,-7.999999999999674e-05,-0.0009254974548819614
1697079000000,2023-10-12T02:50:00Z,0.08636,0.08646,0.08636,0.08646,35157,3037.98309,0.08636,0.08646,0.08636,0.08646,0.08644,0.08653,0.08644,0.08652,-0.00073623,-0.00054386,-0.00059916,-0.00059916,-6.0000000000004494e-05,-0.0006934812760055998
1697079300000,2023-10-12T02:55:00Z,0.08646,0.08646,0.08637,0.08637,155288,13417.45914,0.08646,0.08646,0.08638,0.08638,0.08652,0.08652,0.08646,0.08646,-0.00059916,-0.00057151,-0.0008655,-0.0008655,-8.999999999999286e-05,-0.0010409437890353096
1697079600000,2023-10-12T03:00:00Z,0.08637,0.08637,0.08633,0.08634,37925,3275.07059,0.08638,0.08639,0.08634,0.08634,0.08646,0.08647,0.08642,0.08643,-0.0008655,-0.00094759,-0.00105391,-0.00105391,-9.000000000000674e-05,-0.0010413051023950796
1697079900000,2023-10-12T03:05:00Z,0.08634,0.08638,0.08633,0.08633,12804,1105.58291,0.08634,0.08638,0.08633,0.08634,0.08643,0.08646,0.08642,0.08643,-0.00105391,-0.00085884,-0.00094585,-0.00085884,-0.00010000000000000286,-0.0011570056693278128
1697080200000,2023-10-12T03:10:00Z,0.08633,0.08634,0.08628,0.08628,43304,3737.64567,0.08634,0.08635,0.08628,0.08628,0.08643,0.08644,0.08638,0.08638,-0.00085884,-0.00084963,-0.00089124,-0.00084963,-0.00010000000000000286,-0.001157675387821288
1697080500000,2023-10-12T03:15:00Z,0.08628,0.08628,0.08625,0.08625,17074,1472.8672,0.08628,0.08628,0.08625,0.08625,0.08638,0.08638,0.08632,0.08632,-0.00084963,-0.00075318,-0.00086832,-0.00075318,-7.000000000000062e-05,-0.0008109360518999145
1697080800000,2023-10-12T03:20:00Z,0.08625,0.08627,0.08623,0.08627,10997,948.40201,0.08625,0.08627,0.08623,0.08627,0.08632,0.08635,0.08632,0.08634,-0.00075318,-0.00071233,-0.00076363,-0.00076363,-7.000000000000062e-05,-0.0008107482047718395
1697081100000,2023-10-12T03:25:00Z,0.08627,0.08627,0.08627,0.08627,435,37.52745,0.08627,0.08627,0.08627,0.08627,0.08634,0.08635,0.08632,0.08633,-0.00076363,-0.00082138,-0.0008858,-0.00082138,-6.0000000000004494e-05,-0.0006950075292482856
1697081400000,2023-10-12T03:30:00Z,0.08627,0.08627,0.08624,0.08624,800,68.992,0.08627,0.08627,0.08624,0.08625,0.08633,0.08634,0.08632,0.08633,-0.00082138,-0.00083771,-0.0008618,-0.0008618,-9.000000000000674e-05,-0.0010425112938724282
1697081700000,2023-10-12T03:35:00Z,0.08624,0.08624,0.08597,0.08613,2507652,215898.0611,0.08625,0.08626,0.08609,0.08613,0.08633,0.08634,0.08618,0.08623,-0.0008618,-0.00106728,-0.00137447,-0.00106728,-0.00010000000000000286,-0.0011596892032935506
1697082000000,2023-10-12T03:40:00Z,0.08613,0.08616,0.08612,0.08615,43052,3708.11289,0.08613,0.08616,0.08612,0.08615,0.08623,0.08626,0.08622,0.08625,-0.00106728,-0.00102631,-0.00115928,-0.00102631,-9.999999999998899e-05,-0.001159420289854945
1697082300000,2023-10-12T03:45:00Z,0.08615,0.08616,0.08611,0.08611,46411,3998.54878,0.08615,0.08616,0.08611,0.08612,0.08625,0.08626,0.08621,0.08622,-0.00102631,-0.00095452,-0.00106761,-0.00106761,-0.00010999999999999899,-0.0012758060774762118
1697082600000,2023-10-12T03:50:00Z,0.08611,0.08614,0.08602,0.08605,669224,57600.84078,0.08612,0.08614,0.08608,0.08608,0.08622,0.08623,0.08618,0.08618,-0.00106761,-0.0008912,-0.00102342,-0.0008912,-0.0001300000000000051,-0.0015084706428406254
1697082900000,2023-10-12T03:55:00Z,0.08605,0.08608,0.08604,0.08606,77317,6653.75551,0.08608,0.08608,0.08605,0.08607,0.08618,0.08618,0.08616,0.08618,-0.0008912,-0.00099013,-0.00118579,-0.00118579,-0.00012000000000000899,-0.0013924344395452423
1697083200000,2023-10-12T04:00:00Z,0.08606,0.0861,0.08606,0.08607,71491,6154.35907,0.08607,0.0861,0.08606,0.08607,0.08618,0.08619,0.08616,0.08616,-0.00118579,-0.00096449,-0.00111281,-0.00111281,-9.000000000000674e-05,-0.0010445682451254265
1697083500000,2023-10-12T04:05:00Z,0.08607,0.08607,0.08602,0.08607,141237,12151.53315,0.08607,0.08607,0.08606,0.08607,0.08616,0.08617,0.08615,0.08617,-0.00111281,-0.00102878,-0.00114958,-0.00114958,-0.00010000000000000286,-0.0011604966925844594
1697083800000,2023-10-12T04:10:00Z,0.08607,0.08607,0.08606,0.08606,13420,1155.05844,0.08607,0.08609,0.08607,0.08609,0.08617,0.08618,0.08615,0.08618,-0.00114958,-0.00084143,-0.00085641,-0.00084143,-0.00012000000000000899,-0.0013924344395452423
1697084100000,2023-10-12T04:15:00Z,0.08606,0.08607,0.08606,0.08607,29601,2547.74962,0.08609,0.08609,0.08607,0.08607,0.08618,0.08619,0.08615,0.08618,-0.00084143,-0.00100707,-0.00114305,-0.00114305,-0.00011000000000001287,-0.001276398236249859
1697084400000,2023-10-12T04:20:00Z,0.08607,0.08609,0.08607,0.08609,84510,7275.06745,0.08607,0.08609,0.08607,0.08609,0.08618,0.08619,0.08616,0.08617,-0.00114305,-0.0007645,-0.00091481,-0.00091481,-7.999999999999674e-05,-0.0009283973540675031
1697084700000,2023-10-12T04:25:00Z,0.08609,0.08609,0.08608,0.08608,173,14.89275,0.08609,0.08611,0.08608,0.08609,0.08617,0.08619,0.08616,0.08617,-0.00091481,-0.0007869,-0.00090309,-0.00090309,-8.999999999999286e-05,-0.0010444470233259007
1697085000000,2023-10-12T04:30:00Z,0.08608,0.08608,0.08606,0.08607,32007,2755.1263,0.08609,0.08609,0.08606,0.08608,0.08617,0.08617,0.08613,0.08617,-0.00090309,-0.00064959,-0.00077948,-0.00077948,-0.00010000000000000286,-0.0011604966925844594
1697085300000,2023-10-12T04:35:00Z,0.08607,0.08612,0.08607,0.08611,11489,989.19645,0.08608,0.08612,0.08608,0.08611,0.08617,0.0862,0.08616,0.08617,-0.00077948,-0.00060693,-0.00081508,-0.00081508,-5.9999999999990616e-05,-0.0006962980155505468
1697085600000,2023-10-12T04:40:00Z,0.08611,0.08611,0.08608,0.0861,4034,347.3253,0.08611,0.08613,0.0861,0.08612,0.08617,0.08621,0.08617,0.0862,-0.00081508,-0.00067904,-0.00080728,-0.00080728,-0.00010000000000000286,-0.0011600928074246273
1697085900000,2023-10-12T04:45:00Z,0.0861,0.08613,0.08609,0.08613,90030,7751.06986,0.08612,0.08613,0.08609,0.08613,0.0862,0.08622,0.08618,0.08622,-0.00080728,-0.00064574,-0.00074846,-0.00064574,-9.000000000000674e-05,-0.0010438413361169884
1697086200000,2023-10-12T04:50:00Z,0.08613,0.08616,0.08613,0.08616,7039,606.36881,0.08613,0.08617,0.08613,0.08616,0.08622,0.08625,0.08621,0.08624,-0.00064574,-0.00100278,-0.00107965,-0.00100278,-7.999999999999674e-05,-0.0009276437847866042
1697086500000,2023-10-12T04:55:00Z,0.08616,0.08616,0.08612,0.08613,21767,1875.15088,0.08616,0.08616,0.08612,0.08613,0.08624,0.08624,0.0862,0.08621,-0.00100278,-0.00074376,-0.00078018,-0.00078018,-7.999999999999674e-05,-0.000927966593202607
1697086800000,2023-10-12T05:00:00Z,0.08613,0.08614,0.08613,0.08613,16012,1379.11422,0.08613,0.08615,0.08613,0.08613,0.08621,0.08623,0.08618,0.08622,-0.00078018,-0.00096612,-0.00096647,-0.00096647,-9.000000000000674e-05,-0.0010438413361169884
1697087100000,2023-10-12T05:05:00Z,0.08613,0.08613,0.08608,0.08611,12948,1114.7421,0.08613,0.08614,0.08609,0.08611,0.08622,0.08623,0.08617,0.0862,-0.00096647,-0.00059723,-0.0008885,-0.0008885,-8.999999999999286e-05,-0.0010440835266820518
1697087400000,2023-10-12T05:10:00Z,0.08611,0.08611,0.0861,0.0861,6117,526.7272,0.08611,0.08611,0.0861,0.0861,0.0862,0.08621,0.08617,0.08619,-0.0008885,-0.00082128,-0.0008525,-0.0008525,-9.000000000000674e-05,-0.0010442046641142445
1697087700000,2023-10-12T05:15:00Z,0.0861,0.0861,0.08609,0.08609,10161,874.77234,0.0861,0.08611,0.08609,0.0861,0.08619,0.0862,0.08616,0.08619,-0.0008525,-0.00059591,-0.00092807,-0.00059591,-0.00010000000000000286,-0.0011602274045713291
1697088000000,2023-10-12T05:20:00Z,0.08609,0.08612,0.08609,0.08612,24222,2085.53154,0.0861,0.08613,0.08609,0.08612,0.08619,0.08622,0.08616,0.08621,-0.00059591,-0.00081125,-0.00090986,-0.00081125,-8.999999999999286e-05,-0.0010439624173528925
1697088300000,2023-10-12T05:25:00Z,0.08612,0.08613,0.08612,0.08613,24,2.06712,0.08612,0.08613,0.08612,0.08613,0.08621,0.08622,0.0862,0.08622,-0.00081125,-0.00080988,-0.0009057,-0.0009057,-9.000000000000674e-05,-0.0010438413361169884
1697088600000,2023-10-12T05:30:00Z,0.08613,0.08613,0.08611,0.08611,77246,6653.17742,0.08613,0.08614,0.08611,0.08611,0.08622,0.08622,0.08617,0.08617,-0.0009057,-0.00084887,-0.00102227,-0.00102227,-5.9999999999990616e-05,-0.0006962980155505468
1697088900000,2023-10-12T05:35:00Z,0.08611,0.08613,0.08608,0.08613,69423,5977.92131,0.08611,0.08613,0.08608,0.08613,0.08617,0.08622,0.08617,0.08622,-0.00102227,-0.00093956,-0.00093992,-0.00093992,-9.000000000000674e-05,-0.0010438413361169884
1697089200000,2023-10-12T05:40:00Z,0.08613,0.08614,0.08613,0.08613,49617,4273.64482,0.08613,0.08615,0.08613,0.08614,0.08622,0.08624,0.0862,0.08622,-0.00093992,-0.00067111,-0.00078099,-0.00067111,-9.000000000000674e-05,-0.0010438413361169884
1697089500000,2023-10-12T05:45:00Z,0.08613,0.08613,0.08611,0.08612,48057,4139.10867,0.08614,0.08615,0.08611,0.08612,0.08622,0.08623,0.08619,0.0862,-0.00067111,-0.00070545,-0.00088515,-0.00070545,-7.999999999999674e-05,-0.0009280742459396373
1697089800000,2023-10-12T05:50:00Z,0.08612,0.08614,0.08612,0.08613,191891,16527.92037,0.08612,0.08615,0.08612,0.08613,0.0862,0.08623,0.08616,0.08617,-0.00070545,-0.00062378,-0.00092785,-0.00062378,-3.999999999999837e-05,-0.0004641986770337516
1697090100000,2023-10-12T05:55:00Z,0.08613,0.08619,0.0861,0.08619,316819,27298.16798,0.08613,0.0862,0.0861,0.0862,0.08617,0.08626,0.08616,0.08626,-0.00062378,-0.0004565,-0.00064332,-0.00064332,-7.000000000000062e-05,-0.0008115001159285951
1697090400000,2023-10-12T06:00:00Z,0.08619,0.08619,0.08614,0.08615,20790,1791.56241,0.0862,0.0862,0.08616,0.08616,0.08626,0.08627,0.08623,0.08624,-0.00064332,-0.00074779,-0.00075997,-0.00075997,-8.999999999999286e-05,-0.0010435992578848895
1697090700000,2023-10-12T06:05:00Z,0.08615,0.08619,0.08615,0.08618,48547,4183.73751,0.08616,0.0862,0.08616,0.08618,0.08624,0.08628,0.08624,0.08626,-0.00075997,-0.00057813,-0.00069023,-0.00057813,-7.999999999999674e-05,-0.0009274287039183484
1697091000000,2023-10-12T06:10:00Z,0.08618,0.08619,0.08616,0.08616,14914,1285.27518,0.08618,0.08619,0.08617,0.08618,0.08626,0.08627,0.08623,0.08626,-0.00057813,-0.00048741,-0.00073101,-0.00073101,-0.00010000000000000286,-0.001159285879898016
1697091300000,2023-10-12T06:15:00Z,0.08616,0.08624,0.08616,0.08624,195372,16845.25857,0.08618,0.08624,0.08618,0.08624,0.08626,0.08631,0.08624,0.08631,-0.00073101,-0.00062232,-0.00091924,-0.00091924,-7.000000000000062e-05,-0.0008110300081103073
1697091600000,2023-10-12T06:20:00Z,0.08624,0.08625,0.08622,0.08623,265405,22887.36039,0.08624,0.08626,0.08622,0.08623,0.08631,0.08634,0.08629,0.08631,-0.00091924,-0.00105397,-0.00121913,-0.00121913,-7.999999999999674e-05,-0.0009268914378403052
1697091900000,2023-10-12T06:25:00Z,0.08623,0.08625,0.08623,0.08624,151053,13026.60788,0.08623,0.08625,0.08623,0.08625,0.08631,0.08634,0.08631,0.08634,-0.00121913,-0.0007188,-0.00088486,-0.0007188,-0.00010000000000000286,-0.0011582117211026508
1697092200000,2023-10-12T06:30:00Z,0.08624,0.08629,0.08606,0.08606,591375,50967.75499,0.08625,0.08629,0.08606,0.08606,0.08634,0.08638,0.08615,0.08615,-0.0007188,-0.00075101,-0.00092828,-0.00092828,-9.000000000000674e-05,-0.0010446894950668223
1697092500000,2023-10-12T06:35:00Z,0.08606,0.08608,0.08603,0.08605,407436,35063.30486,0.08606,0.08608,0.08604,0.08606,0.08615,0.08617,0.08612,0.08615,-0.00092828,-0.00070864,-0.00103702,-0.00103702,-0.00010000000000000286,-0.0011607661056297488
1697092800000,2023-10-12T06:40:00Z,0.08605,0.08609,0.08593,0.08593,783203,67383.29232,0.08606,0.08609,0.08593,0.08593,0.08615,0.08618,0.08602,0.08602,-0.00103702,-0.00074128,-0.0009285,-0.00074128,-8.999999999999286e-05,-0.0010462683096953368
1697093100000,2023-10-12T06:45:00Z,0.08593,0.08601,0.08593,0.08601,67620,5813.66374,0.08593,0.08602,0.08593,0.08602,0.08602,0.08608,0.08601,0.08608,-0.00074128,-0.00035177,-0.00062995,-0.00062995,-7.000000000000062e-05,-0.000813197026022312
1697093400000,2023-10-12T06:50:00Z,0.08601,0.08608,0.08601,0.08608,133332,11473.57965,0.08602,0.0861,0.08601,0.08608,0.08608,0.08618,0.08607,0.08616,-0.00062995,-0.00093359,-0.00097621,-0.00097621,-7.999999999999674e-05,-0.0009285051067780494
1697093700000,2023-10-12T06:55:00Z,0.08608,0.0861,0.08606,0.0861,124844,10746.83145,0.08608,0.08611,0.08606,0.08611,0.08616,0.08619,0.08614,0.08619,-0.00097621,-0.00065196,-0.00092261,-0.00092261,-9.000000000000674e-05,-0.0010442046641142445
1697094000000,2023-10-12T07:00:00Z,0.0861,0.0861,0.08609,0.0861,9645,830.4115,0.08611,0.08611,0.08609,0.0861,0.08619,0.08619,0.08616,0.08618,-0.00092261,-0.0006633,-0.00082211,-0.0006633,-8.000000000001062e-05,-0.0009282896263635485
1697094300000,2023-10-12T07:05:00Z,0.0861,0.08616,0.08609,0.08616,282160,24301.86635,0.0861,0.08616,0.08609,0.08616,0.08618,0.08624,0.08616,0.08623,-0.0006633,-0.00076972,-0.00092602,-0.00092602,-7.000000000000062e-05,-0.0008117824423054693
1697094600000,2023-10-12T07:10:00Z,0.08616,0.08616,0.08615,0.08616,143508,12364.55668,0.08616,0.08617,0.08615,0.08616,0.08623,0.08624,0.08621,0.08622,-0.00092602,-0.00052389,-0.00073095,-0.00052389,-6.0000000000004494e-05,-0.0006958942240779922
1697094900000,2023-10-12T07:15:00Z,0.08616,0.08616,0.08613,0.08613,58124,5006.8876,0.08616,0.08618,0.08613,0.08613,0.08622,0.08625,0.0862,0.0862,-0.00052389,-0.00080225,-0.00113298,-0.00080225,-7.000000000000062e-05,-0.000812064965197223
1697095200000,2023-10-12T07:20:00Z,0.08613,0.08613,0.08612,0.08612,26681,2297.80193,0.08613,0.08614,0.08612,0.08614,0.0862,0.08622,0.08618,0.08622,-0.00080225,-0.00073732,-0.00095117,-0.00095117,-0.00010000000000000286,-0.0011598237067966001
1697095500000,2023-10-12T07:25:00Z,0.08612,0.08612,0.0861,0.0861,31367,2701.03291,0.08614,0.08615,0.0861,0.0861,0.08622,0.08623,0.0862,0.0862,-0.00095117,-0.00091672,-0.00094873,-0.00094873,-0.00010000000000000286,-0.0011600928074246273
1697095800000,2023-10-12T07:30:00Z,0.0861,0.0861,0.08606,0.08607,27396,2358.18424,0.0861,0.0861,0.08606,0.08607,0.0862,0.0862,0.08615,0.08615,-0.00094873,-0.00060812,-0.00077602,-0.00060812,-8.000000000001062e-05,-0.0009286128845038957
1697096100000,2023-10-12T07:35:00Z,0.08607,0.08608,0.08605,0.08608,67237,5787.64886,0.08607,0.08609,0.08606,0.08608,0.08615,0.08618,0.08614,0.08617,-0.00060812,-0.00085201,-0.00085399,-0.00085399,-8.999999999999286e-05,-0.0010444470233259007
1697096400000,2023-10-12T07:40:00Z,0.08608,0.08612,0.08605,0.08606,264086,22735.0638,0.08608,0.08612,0.08605,0.08606,0.08617,0.08618,0.08613,0.08614,-0.00085399,-0.00095752,-0.00103551,-0.00095752,-7.999999999999674e-05,-0.0009287206872532707
1697096700000,2023-10-12T07:45:00Z,0.08606,0.08606,0.08606,0.08606,18307,1575.50042,0.08606,0.08607,0.08606,0.08606,0.08614,0.08614,0.08611,0.08611,-0.00095752,-0.00057565,-0.00065842,-0.00057565,-5.000000000000837e-05,-0.000580652653582724
1697097000000,2023-10-12T07:50:00Z,0.08606,0.08606,0.08599,0.08599,73669,6335.81209,0.08606,0.08606,0.086,0.086,0.08611,0.08611,0.08607,0.08607,-0.00057565,-0.00054914,-0.0008815,-0.00054914,-7.999999999999674e-05,-0.0009294760079005083
1697097300000,2023-10-12T07:55:00Z,0.08599,0.08599,0.08599,0.08599,4979,428.14421,0.086,0.08601,0.08599,0.086,0.08607,0.08609,0.08606,0.08607,-0.00054914,-0.00051365,-0.00058475,-0.00051365,-7.999999999999674e-05,-0.0009294760079005083
1697097600000,2023-10-12T08:00:00Z,0.08599,0.086,0.08598,0.08598,6848,588.80562,0.086,0.08601,0.08599,0.086,0.08607,0.08608,0.08606,0.08608,-0.00051365,-0.00080878,-0.00086001,-0.00080878,-0.00010000000000000286,-0.0011617100371747544
1697097900000,2023-10-12T08:05:00Z,0.08598,0.08598,0.08598,0.08598,14733,1266.74334,0.086,0.086,0.08598,0.08598,0.08608,0.08608,0.08606,0.08606,-0.00080878,-0.0009032,-0.00098175,-0.0009032,-7.999999999999674e-05,-0.0009295840111549703
1697098200000,2023-10-12T08:10:00Z,0.08598,0.08598,0.08595,0.08596,8632,741.97214,0.08598,0.08598,0.08596,0.08597,0.08606,0.08606,0.08605,0.08606,-0.0009032,-0.00093771,-0.00094363,-0.00093771,-0.00010000000000000286,-0.0011619800139437936
1697098500000,2023-10-12T08:15:00Z,0.08596,0.08596,0.08593,0.08594,178164,15312.1442,0.08597,0.08598,0.08594,0.08594,0.08606,0.08607,0.08602,0.08602,-0.00093771,-0.00093072,-0.0009542,-0.00093072,-7.999999999999674e-05,-0.0009300162752847797
1697098800000,2023-10-12T08:20:00Z,0.08594,0.08595,0.08593,0.08594,44484,3823.11211,0.08594,0.08596,0.08594,0.08594,0.08602,0.08605,0.08602,0.08602,-0.00093072,-0.00090319,-0.0009492,-0.00090319,-7.999999999999674e-05,-0.0009300162752847797
1697099100000,2023-10-12T08:25:00Z,0.08594,0.08594,0.08572,0.08573,974347,83580.30936,0.08594,0.08594,0.08572,0.08573,0.08602,0.08602,0.08581,0.08582,-0.00090319,-0.00082933,-0.00084094,-0.00082933,-8.999999999999286e-05,-0.0010487065951991711
1697099400000,2023-10-12T08:30:00Z,0.08573,0.0858,0.08573,0.0858,207110,17763.15438,0.08573,0.0858,0.08573,0.0858,0.08582,0.08589,0.08582,0.08589,-0.00082933,-0.00060151,-0.00090764,-0.00060151,-8.999999999999286e-05,-0.0010478519035975419
1697099700000,2023-10-12T08:35:00Z,0.0858,0.08583,0.08578,0.08583,102946,8832.7689,0.0858,0.08583,0.08578,0.08583,0.08589,0.0859,0.08586,0.08589,-0.00060151,-0.00082741,-0.00085151,-0.00082741,-5.9999999999990616e-05,-0.0006985679357316407
1697100000000,2023-10-12T08:40:00Z,0.08583,0.08583,0.08572,0.08574,76894,6593.66078,0.08583,0.08583,0.08573,0.08574,0.08589,0.0859,0.08581,0.08583,-0.00082741,-0.00083115,-0.00089722,-0.00089722,-9.000000000000674e-05,-0.0010485844110451677
1697100300000,2023-10-12T08:45:00Z,0.08574,0.0859,0.0857,0.08587,269983,23157.71525,0.08574,0.0859,0.08572,0.08587,0.08583,0.08599,0.08581,0.08595,-0.00089722,-0.00074293,-0.00085982,-0.00074293,-7.999999999999674e-05,-0.0009307737056427777
1697100600000,2023-10-12T08:50:00Z,0.08587,0.0859,0.08587,0.0859,28216,2423.19143,0.08587,0.0859,0.08587,0.0859,0.08595,0.08599,0.08594,0.08599,-0.00074293,-0.00087459,-0.00088927,-0.00088927,-8.999999999999286e-05,-0.0010466333294568307
1697100900000,2023-10-12T08:55:00Z,0.0859,0.0859,0.08585,0.08586,95094,8166.05793,0.0859,0.0859,0.08585,0.08586,0.08599,0.08599,0.08593,0.08594,-0.00088927,-0.00066942,-0.00076806,-0.00066942,-7.999999999999674e-05,-0.0009308820107051052
1697101200000,2023-10-12T09:00:00Z,0.08586,0.08586,0.08576,0.08576,41098,3527.38997,0.08586,0.08587,0.08577,0.08577,0.08594,0.08595,0.08584,0.08585,-0.00066942,-0.00069832,-0.00080388,-0.00080388,-8.999999999999286e-05,-0.001048340128130377
1697101500000,2023-10-12T09:05:00Z,0.08576,0.08578,0.08572,0.08572,917216,78647.77566,0.08577,0.08578,0.08572,0.08573,0.08585,0.08586,0.0858,0.08582,-0.00080388,-0.00090713,-0.00091553,-0.00091553,-9.999999999998899e-05,-0.0011652295502212653
1697101800000,2023-10-12T09:10:00Z,0.08572,0.08575,0.08565,0.08566,315947,27081.30688,0.08573,0.08574,0.08565,0.08566,0.08582,0.08583,0.08573,0.08574,-0.00091553,-0.00078764,-0.00080927,-0.00078764,-7.999999999999674e-05,-0.0009330534173081029
1697102100000,2023-10-12T09:15:00Z,0.08566,0.08573,0.08566,0.0857,279641,23963.54484,0.08566,0.08573,0.08566,0.0857,0.08574,0.08579,0.08574,0.08578,-0.00078764,-0.00062259,-0.00072472,-0.00062259,-7.999999999999674e-05,-0.0009326183259500669
1697102400000,2023-10-12T09:20:00Z,0.0857,0.0857,0.08561,0.08563,109696,9392.5009,0.0857,0.0857,0.08563,0.08563,0.08578,0.08578,0.0857,0.0857,-0.00062259,-0.00065387,-0.00088894,-0.00065387,-7.000000000000062e-05,-0.0008168028004667516
1697102700000,2023-10-12T09:25:00Z,0.08563,0.08564,0.08556,0.0856,107533,9204.73872,0.08563,0.08565,0.08559,0.0856,0.0857,0.08573,0.08567,0.08567,-0.00065387,-0.00090639,-0.00098763,-0.00090639,-7.000000000000062e-05,-0.000817088829228442
1697103000000,2023-10-12T09:30:00Z,0.0856,0.0856,0.08548,0.08548,101098,8645.98384,0.0856,0.0856,0.08548,0.08548,0.08567,0.08568,0.08555,0.08556,-0.00090639,-0.00089471,-0.00100701,-0.00100701,-7.999999999999674e-05,-0.0009350163627863106
1697103300000,2023-10-12T09:35:00Z,0.08548,0.08548,0.08531,0.08539,337882,28851.01576,0.08548,0.08548,0.08535,0.08539,0.08556,0.08557,0.08543,0.08548,-0.00100701,-0.00090168,-0.00092357,-0.00092357,-9.000000000000674e-05,-0.0010528778661676034
1697103600000,2023-10-12T09:40:00Z,0.08539,0.08543,0.08534,0.08543,454361,38803.11839,0.08539,0.08543,0.08534,0.08543,0.08548,0.08551,0.08544,0.08551,-0.00092357,-0.00074035,-0.0008485,-0.00074035,-7.999999999999674e-05,-0.000935563092035981
1697103900000,2023-10-12T09:45:00Z,0.08543,0.08543,0.08532,0.08532,278862,23806.12253,0.08543,0.08543,0.08533,0.08534,0.08551,0.08551,0.0854,0.08543,-0.00074035,-0.00080716,-0.00093808,-0.00080716,-0.00011000000000001287,-0.001287603886222789
1697104200000,2023-10-12T09:50:00Z,0.08532,0.08539,0.08532,0.08534,140768,12017.16005,0.08534,0.0854,0.08534,0.08534,0.08543,0.08549,0.08542,0.08543,-0.00080716,-0.00096781,-0.00099286,-0.00099286,-9.000000000000674e-05,-0.0010534940887276922
1697104500000,2023-10-12T09:55:00Z,0.08534,0.08537,0.08485,0.08524,3185737,270926.48406,0.08534,0.08536,0.085,0.08524,0.08543,0.08545,0.08508,0.08534,-0.00099286,-0.0009589,-0.00107342,-0.00107342,-0.00010000000000000286,-0.0011717834544176572
1697104800000,2023-10-12T10:00:00Z,0.08524,0.08534,0.08515,0.08532,336786,28721.52337,0.08524,0.08534,0.08515,0.08533,0.08534,0.08543,0.08524,0.08542,-0.00107342,-0.00059948,-0.00098979,-0.00059948,-0.00010000000000000286,-0.0011706860220089307
1697105100000,2023-10-12T10:05:00Z,0.08532,0.08534,0.08522,0.08522,283376,24172.14717,0.08533,0.08535,0.08522,0.08522,0.08542,0.08544,0.08531,0.08531,-0.00059948,-0.0008205,-0.0008867,-0.0008205,-8.999999999999286e-05,-0.001054975969991711
1697105400000,2023-10-12T10:10:00Z,0.08522,0.08525,0.08521,0.08521,86995,7414.92143,0.08522,0.08525,0.08521,0.08521,0.08531,0.08535,0.0853,0.08531,-0.0008205,-0.00094176,-0.00108449,-0.00108449,-0.00010000000000000286,-0.0011721955222131388
1697105700000,2023-10-12T10:15:00Z,0.08521,0.08522,0.08502,0.08508,997672,84900.46387,0.08521,0.08522,0.08509,0.0851,0.08531,0.08532,0.08519,0.0852,-0.00108449,-0.00113089,-0.00127919,-0.00127919,-0.00011999999999999511,-0.0014084507042252947
1697106000000,2023-10-12T10:20:00Z,0.08508,0.08514,0.08507,0.08513,211635,18010.75529,0.0851,0.08514,0.08509,0.08514,0.0852,0.08524,0.08518,0.08524,-0.00127919,-0.00097219,-0.00108978,-0.00097219,-0.00010999999999999899,-0.001290473955889242
1697106300000,2023-10-12T10:25:00Z,0.08513,0.08519,0.0851,0.08516,64841,5521.93545,0.08514,0.08519,0.08512,0.08516,0.08524,0.08527,0.08521,0.08525,-0.00097219,-0.00082101,-0.00093852,-0.00082101,-9.000000000000674e-05,-0.0010557184750733927
1697106600000,2023-10-12T10:30:00Z,0.08516,0.08521,0.08515,0.08517,168350,14341.15312,0.08516,0.08521,0.08515,0.08519,0.08525,0.0853,0.08523,0.08529,-0.00082101,-0.00089506,-0.00102356,-0.00089506,-0.00012000000000000899,-0.0014069644741471331
1697106900000,2023-10-12T10:35:00Z,0.08517,0.08529,0.08516,0.08518,706324,60199.39651,0.08519,0.08529,0.08517,0.08519,0.08529,0.08535,0.08527,0.08528,-0.00089506,-0.00072865,-0.00082008,-0.00072865,-9.999999999998899e-05,-0.001172607879924824
1697107200000,2023-10-12T10:40:00Z,0.08518,0.0852,0.08515,0.08517,70928,6041.97107,0.08519,0.0852,0.08516,0.08517,0.08528,0.08529,0.08524,0.08525,-0.00072865,-0.00077489,-0.00081198,-0.00077489,-8.000000000001062e-05,-0.0009384164222875145
1697107500000,2023-10-12T10:45:00Z,0.08517,0.08527,0.08515,0.08519,93038,7928.73977,0.08517,0.08527,0.08515,0.08523,0.08525,0.08535,0.08524,0.08532,-0.00077489,-0.000714,-0.00098687,-0.00098687,-0.00012999999999999123,-0.0015236755743083831
1697107800000,2023-10-12T10:50:00Z,0.08519,0.08527,0.08519,0.08526,63911,5446.51617,0.08523,0.08527,0.08522,0.08526,0.08532,0.08535,0.08531,0.08534,-0.00098687,-0.00075694,-0.00080314,-0.00080314,-7.999999999999674e-05,-0.0009374267635340607
1697108100000,2023-10-12T10:55:00Z,0.08526,0.08532,0.08524,0.08526,253724,21641.89603,0.08526,0.08532,0.08524,0.08528,0.08534,0.0854,0.08533,0.08538,-0.00080314,-0.00078147,-0.00122098,-0.00122098,-0.00011999999999999511,-0.0014054813773716926
1697108400000,2023-10-12T11:00:00Z,0.08526,0.0853,0.08522,0.08529,165645,14124.54183,0.08528,0.0853,0.08522,0.08529,0.08538,0.0854,0.08532,0.08538,-0.00122098,-0.00073936,-0.00093698,-0.00093698,-8.999999999999286e-05,-0.0010541110330287288
1697108700000,2023-10-12T11:05:00Z,0.08529,0.08536,0.08529,0.08534,232920,19874.27332,0.08529,0.08536,0.08529,0.08534,0.08538,0.08544,0.08538,0.08543,-0.00093698,-0.00104169,-0.00106428,-0.00106428,-9.000000000000674e-05,-0.0010534940887276922
1697109000000,2023-10-12T11:10:00Z,0.08534,0.08535,0.08534,0.08535,17640,1505.40875,0.08534,0.08535,0.08534,0.08535,0.08543,0.08544,0.08541,0.08544,-0.00106428,-0.00078527,-0.0010268,-0.00078527,-9.000000000000674e-05,-0.0010533707865169328
1697109300000,2023-10-12T11:15:00Z,0.08535,0.08539,0.08535,0.08536,226500,19338.31009,0.08535,0.08539,0.08535,0.08537,0.08544,0.08548,0.08544,0.08545,-0.00078527,-0.00088462,-0.00088848,-0.00088462,-8.999999999999286e-05,-0.0010532475131655105
1697109600000,2023-10-12T11:20:00Z,0.08536,0.0855,0.08536,0.08544,310486,26531.99115,0.08537,0.08551,0.08536,0.08545,0.08545,0.08559,0.08545,0.08553,-0.00088462,-0.00067504,-0.00099976,-0.00099976,-8.999999999999286e-05,-0.0010522623640826945
1697109900000,2023-10-12T11:25:00Z,0.08544,0.08544,0.08535,0.08542,61956,5290.5754,0.08545,0.08546,0.08535,0.08542,0.08553,0.08554,0.08544,0.08551,-0.00099976,-0.00063438,-0.00077539,-0.00063438,-9.000000000000674e-05,-0.0010525084785406003
1697110200000,2023-10-12T11:30:00Z,0.08542,0.08546,0.08542,0.08543,90545,7736.1079,0.08542,0.08546,0.08542,0.08543,0.08551,0.08554,0.0855,0.08551,-0.00063438,-0.00091896,-0.00103543,-0.00091896,-7.999999999999674e-05,-0.000935563092035981
1697110500000,2023-10-12T11:35:00Z,0.08543,0.08543,0.08534,0.08534,27632,2358.93558,0.08543,0.08543,0.08534,0.08534,0.08551,0.08552,0.08541,0.08543,-0.00091896,-0.00077918,-0.00081957,-0.00077918,-9.000000000000674e-05,-0.0010534940887276922
1697110800000,2023-10-12T11:40:00Z,0.08534,0.08539,0.08522,0.08522,262828,22432.48768,0.08534,0.08539,0.08522,0.08523,0.08543,0.08547,0.0853,0.08532,-0.00077918,-0.00078787,-0.00090379,-0.00078787,-9.999999999998899e-05,-0.0011720581340833216
1697111100000,2023-10-12T11:45:00Z,0.08522,0.08538,0.08521,0.08536,326300,27838.26718,0.08523,0.08538,0.08522,0.08536,0.08532,0.08545,0.0853,0.08545,-0.00078787,-0.00064411,-0.00075201,-0.00064411,-8.999999999999286e-05,-0.0010532475131655105
1697111400000,2023-10-12T11:50:00Z,0.08536,0.08549,0.08536,0.08548,774203,66125.40038,0.08536,0.08549,0.08536,0.08548,0.08545,0.08557,0.08544,0.08555,-0.00064411,-0.00066651,-0.00083153,-0.00066651,-7.000000000000062e-05,-0.0008182349503214567
1697111700000,2023-10-12T11:55:00Z,0.08548,0.08556,0.08546,0.08554,1010611,86423.52061,0.08548,0.08554,0.08546,0.08554,0.08555,0.08559,0.08554,0.08559,-0.00066651,-0.00089656,-0.00092706,-0.00092706,-4.999999999999449e-05,-0.0005841803949058826
1697112000000,2023-10-12T12:00:00Z,0.08554,0.08557,0.0855,0.0855,299537,25621.50153,0.08554,0.08557,0.0855,0.08551,0.08559,0.08564,0.08558,0.08559,-0.00092706,-0.00088341,-0.00089453,-0.00088341,-8.999999999999286e-05,-0.0010515247108306212
1697112300000,2023-10-12T12:05:00Z,0.0855,0.0855,0.08546,0.0855,127216,10874.68631,0.08551,0.08552,0.08546,0.08552,0.08559,0.0856,0.08555,0.0856,-0.00088341,-0.00090884,-0.00097335,-0.00090884,-9.999999999998899e-05,-0.0011682242990652919
1697112600000,2023-10-12T12:10:00Z,0.0855,0.08556,0.08549,0.08556,159685,13658.38881,0.08552,0.08556,0.0855,0.08556,0.0856,0.08565,0.08558,0.08565,-0.00090884,-0.00083206,-0.00084479,-0.00083206,-9.000000000000674e-05,-0.0010507880910683798
1697112900000,2023-10-12T12:15:00Z,0.08556,0.08557,0.08553,0.08557,79434,6795.84946,0.08556,0.08557,0.08553,0.08557,0.08565,0.08565,0.08562,0.08564,-0.00083206,-0.0008344,-0.00084619,-0.0008344,-7.000000000000062e-05,-0.00081737505838394
1697113200000,2023-10-12T12:20:00Z,0.08557,0.08557,0.0855,0.0855,18588,1590.10018,0.08557,0.08557,0.0855,0.0855,0.08564,0.08564,0.08559,0.08559,-0.0008344,-0.00074807,-0.00085761,-0.00074807,-8.999999999999286e-05,-0.0010515247108306212
1697113500000,2023-10-12T12:25:00Z,0.0855,0.08554,0.08548,0.08554,158189,13526.31543,0.0855,0.08555,0.08548,0.08555,0.08559,0.08564,0.08556,0.08564,-0.00074807,-0.0005454,-0.00078107,-0.00078107,-9.999999999998899e-05,-0.001167678654834061
1697113800000,2023-10-12T12:30:00Z,0.08554,0.08557,0.08547,0.08549,356545,30497.71241,0.08555,0.08557,0.08548,0.08549,0.08564,0.08565,0.08555,0.08557,-0.00078107,-0.00061327,-0.00067036,-0.00067036,-7.999999999999674e-05,-0.0009349070936075347
1697114100000,2023-10-12T12:35:00Z,0.08549,0.08561,0.08549,0.0856,193169,16525.97865,0.08549,0.08561,0.08549,0.0856,0.08557,0.08569,0.08557,0.08569,-0.00067036,-0.00074124,-0.00076616,-0.00076616,-9.000000000000674e-05,-0.0010502975843156347
1697114400000,2023-10-12T12:40:00Z,0.0856,0.0856,0.08535,0.08541,363337,31063.39251,0.0856,0.0856,0.08535,0.08541,0.08569,0.08569,0.08544,0.08549,-0.00076616,-0.00069918,-0.0007466,-0.00069918,-7.999999999999674e-05,-0.0009357819628026289
1697114700000,2023-10-12T12:45:00Z,0.08541,0.08541,0.08529,0.08538,161901,13817.10711,0.08541,0.08541,0.08532,0.08539,0.08549,0.08549,0.08541,0.08547,-0.00069918,-0.00061303,-0.00071209,-0.00071209,-9.000000000000674e-05,-0.0010530010530011317
1697115000000,2023-10-12T12:50:00Z,0.08538,0.08541,0.08532,0.08532,20549,1754.59868,0.08539,0.08541,0.08532,0.08533,0.08547,0.08549,0.08541,0.08543,-0.00071209,-0.00083764,-0.00083963,-0.00083963,-0.00011000000000001287,-0.001287603886222789
1697115300000,2023-10-12T12:55:00Z,0.08532,0.08536,0.0853,0.08536,51661,4408.3983,0.08533,0.08537,0.0853,0.08537,0.08543,0.08546,0.08539,0.08546,-0.00083963,-0.00083343,-0.00093711,-0.00083343,-9.999999999998899e-05,-0.0011701380762928737
1697115600000,2023-10-12T13:00:00Z,0.08536,0.08536,0.08523,0.08529,1165656,99405.49589,0.08537,0.08537,0.08528,0.08529,0.08546,0.08546,0.08536,0.08538,-0.00083343,-0.0009351,-0.00093698,-0.00093698,-8.999999999999286e-05,-0.0010541110330287288
1697115900000,2023-10-12T13:05:00Z,0.08529,0.08533,0.08529,0.08533,265841,22679.36047,0.08529,0.08533,0.08529,0.08533,0.08538,0.08541,0.08536,0.08541,-0.00093698,-0.0008151,-0.00085394,-0.0008151,-7.999999999999674e-05,-0.0009366584709050081
1697116200000,2023-10-12T13:10:00Z,0.08533,0.08537,0.08529,0.08529,134761,11501.98459,0.08533,0.08537,0.08529,0.08529,0.08541,0.08543,0.08537,0.08537,-0.0008151,-0.00078414,-0.00085878,-0.00078414,-7.999999999999674e-05,-0.0009370973409862567
1697116500000,2023-10-12T13:15:00Z,0.08529,0.08539,0.08527,0.08529,111817,9542.71906,0.08529,0.0854,0.08527,0.08529,0.08537,0.08548,0.08536,0.08538,-0.00078414,-0.00085535,-0.00092226,-0.00092226,-8.999999999999286e-05,-0.0010541110330287288
1697116800000,2023-10-12T13:20:00Z,0.08529,0.08529,0.08517,0.08517,78189,6661.80802,0.08529,0.08529,0.08518,0.08518,0.08538,0.08538,0.08527,0.08527,-0.00092226,-0.00059533,-0.00065982,-0.00065982,-0.00010000000000000286,-0.0011727453969743505
1697117100000,2023-10-12T13:25:00Z,0.08517,0.08517,0.08508,0.08514,734019,62473.49386,0.08518,0.08518,0.0851,0.08514,0.08527,0.08527,0.0852,0.08523,-0.00065982,-0.00105633,-0.00117357,-0.00105633,-9.000000000000674e-05,-0.0010559662090813885
1697117400000,2023-10-12T13:30:00Z,0.08514,0.08515,0.08503,0.08503,158118,13448.06838,0.08514,0.08515,0.08503,0.08503,0.08523,0.08524,0.08513,0.08513,-0.00105633,-0.00082428,-0.00096958,-0.00082428,-0.00010000000000000286,-0.0011746740279572755
1697117700000,2023-10-12T13:35:00Z,0.08503,0.08508,0.08501,0.08503,328549,27940.94824,0.08503,0.08509,0.08501,0.08503,0.08513,0.08519,0.0851,0.08511,-0.00082428,-0.0006188,-0.00096089,-0.0006188,-8.000000000001062e-05,-0.0009399600516979275
1697118000000,2023-10-12T13:40:00Z,0.08503,0.08503,0.08484,0.08489,1183246,100434.50879,0.08503,0.08503,0.08485,0.0849,0.08511,0.08511,0.08495,0.08501,-0.0006188,-0.00107552,-0.00141226,-0.00107552,-0.00012000000000000899,-0.001411598635454758
1697118300000,2023-10-12T13:45:00Z,0.08489,0.08492,0.08483,0.08485,178083,15114.0997,0.0849,0.08492,0.08484,0.08486,0.08501,0.08501,0.08494,0.08496,-0.00107552,-0.00084012,-0.00089574,-0.00084012,-0.00010999999999999899,-0.0012947269303201388
1697118600000,2023-10-12T13:50:00Z,0.08485,0.085,0.08485,0.08497,162955,13837.2805,0.08486,0.085,0.08486,0.08498,0.08496,0.0851,0.08496,0.08508,-0.00084012,-0.00099705,-0.00103573,-0.00103573,-0.00010999999999999899,-0.0012929007992477548
1697118900000,2023-10-12T13:55:00Z,0.08497,0.08515,0.08497,0.08509,226223,19249.31552,0.08498,0.08515,0.08497,0.08509,0.08508,0.08524,0.08507,0.08517,-0.00103573,-0.00075237,-0.00101361,-0.00101361,-7.999999999999674e-05,-0.00093929787483852
1697119200000,2023-10-12T14:00:00Z,0.08509,0.08514,0.08502,0.08514,86918,7393.23705,0.08509,0.08514,0.08502,0.08514,0.08517,0.08522,0.08512,0.08522,-0.00101361,-0.0008216,-0.0009294,-0.0008216,-8.000000000001062e-05,-0.0009387467730580922
1697119500000,2023-10-12T14:05:00Z,0.08514,0.0852,0.08514,0.08515,88191,7511.59603,0.08514,0.0852,0.08514,0.08515,0.08522,0.08529,0.08522,0.08524,-0.0008216,-0.00088892,-0.00091872,-0.00091872,-8.999999999999286e-05,-0.0010558423275456694
1697119800000,2023-10-12T14:10:00Z,0.08515,0.08517,0.08509,0.08511,199070,16947.24492,0.08515,0.08517,0.08511,0.08513,0.08524,0.08526,0.0852,0.08521,-0.00091872,-0.00076293,-0.00080471,-0.00076293,-9.999999999998899e-05,-0.0011735711770917614
1697120100000,2023-10-12T14:15:00Z,0.08511,0.0854,0.08498,0.08522,3022580,257496.08616,0.08513,0.08522,0.085,0.08522,0.08521,0.08529,0.08509,0.08528,-0.00076293,-0.00057439,-0.0006967,-0.00057439,-5.9999999999990616e-05,-0.0007035647279548619
1697120400000,2023-10-12T14:20:00Z,0.08522,0.08522,0.08509,0.08512,251318,21409.75172,0.08522,0.08522,0.08511,0.08512,0.08528,0.08529,0.08517,0.08517,-0.00057439,-0.00011867,-0.00038685,-0.00038685,-4.999999999999449e-05,-0.0005870611717740343
1697120700000,2023-10-12T14:25:00Z,0.08512,0.08512,0.08488,0.08499,679408,57710.00251,0.08512,0.08512,0.08496,0.08499,0.08517,0.08517,0.085,0.08503,-0.00038685,-0.00042816,-0.00051821,-0.00051821,-3.999999999999837e-05,-0.0004704222039280063
1697121000000,2023-10-12T14:30:00Z,0.08499,0.085,0.08486,0.08491,206318,17516.02596,0.08499,0.08502,0.08488,0.08491,0.08503,0.08507,0.08493,0.08494,-0.00051821,-0.00034015,-0.00068396,-0.00068396,-3.0000000000002247e-05,-0.00035319048740289904
1697121300000,2023-10-12T14:35:00Z,0.08491,0.08494,0.08476,0.08477,240616,20419.62605,0.08491,0.08494,0.08478,0.08478,0.08494,0.08499,0.08483,0.08483,-0.00068396,-0.00033034,-0.00060216,-0.00060216,-6.0000000000004494e-05,-0.0007072969468348992
1697121600000,2023-10-12T14:40:00Z,0.08477,0.08492,0.08477,0.08492,240550,20413.4325,0.08478,0.08495,0.08477,0.08492,0.08483,0.085,0.08482,0.08498,-0.00060216,-0.00040687,-0.00048352,-0.00040687,-6.0000000000004494e-05,-0.0007060484819958166
1697121900000,2023-10-12T14:45:00Z,0.08492,0.08492,0.08477,0.08479,432488,36693.89512,0.08492,0.08493,0.08479,0.08481,0.08498,0.08498,0.08484,0.08486,-0.00040687,-0.0001303,-0.00035811,-0.00035811,-7.000000000000062e-05,-0.0008248880509073841
1697122200000,2023-10-12T14:50:00Z,0.08479,0.08482,0.08478,0.08481,17524,1485.89076,0.08481,0.08482,0.08478,0.08481,0.08486,0.08487,0.08485,0.08486,-0.00035811,-0.00033749,-0.00062491,-0.00033749,-5.000000000000837e-05,-0.000589205750648225
1697122500000,2023-10-12T14:55:00Z,0.08481,0.08483,0.08478,0.08481,24731,2097.33607,0.08481,0.08483,0.08479,0.08481,0.08486,0.08487,0.08485,0.08486,-0.00033749,-0.00029616,-0.00042724,-0.00029616,-5.000000000000837e-05,-0.000589205750648225
1697122800000,2023-10-12T15:00:00Z,0.08481,0.08483,0.0847,0.08475,754765,63947.68408,0.08481,0.08483,0.08471,0.08475,0.08486,0.08487,0.08476,0.08479,-0.00029616,-0.00047894,-0.00053491,-0.00053491,-3.999999999999837e-05,-0.0004717537445453281
1697123100000,2023-10-12T15:05:00Z,0.08475,0.0849,0.08474,0.0849,355817,30187.74657,0.08475,0.0849,0.08474,0.0849,0.08479,0.08495,0.08478,0.08494,-0.00053491,-0.00014033,-0.00027409,-0.00014033,-3.999999999999837e-05,-0.00047092064987047763
1697123400000,2023-10-12T15:10:00Z,0.0849,0.08492,0.08489,0.08492,46099,3914.33398,0.0849,0.08494,0.08489,0.08493,0.08494,0.08499,0.08493,0.08497,-0.00014033,-0.00004638,-0.00022663,-0.00004638,-5.000000000000837e-05,-0.0005884429798753486
1697123700000,2023-10-12T15:15:00Z,0.08492,0.08505,0.08492,0.08502,69651,5921.0473,0.08493,0.08505,0.08492,0.08502,0.08497,0.08509,0.08496,0.08506,-0.00004638,-0.00019938,-0.00023965,-0.00019938,-3.999999999999837e-05,-0.0004702562896778553
1697124000000,2023-10-12T15:20:00Z,0.08502,0.08503,0.08493,0.08493,36179,3075.43165,0.08502,0.08503,0.08493,0.08493,0.08506,0.08507,0.08496,0.08497,-0.00019938,-0.0002807,-0.00035231,-0.00035231,-3.999999999999837e-05,-0.0004707543839001809
1697124300000,2023-10-12T15:25:00Z,0.08493,0.08494,0.08485,0.08485,27176,2307.03619,0.08493,0.08494,0.08485,0.08485,0.08497,0.08497,0.08488,0.08488,-0.00035231,-0.00004651,-0.00043836,-0.00043836,-3.0000000000002247e-05,-0.0003534401508011575
1697124600000,2023-10-12T15:30:00Z,0.08485,0.08491,0.08481,0.08487,66891,5675.1647,0.08485,0.08491,0.08482,0.08489,0.08488,0.08494,0.08486,0.08494,-0.00043836,-0.00023548,-0.0004663,-0.00023548,-7.000000000000062e-05,-0.0008241111372733767
1697124900000,2023-10-12T15:35:00Z,0.08487,0.08503,0.08487,0.08502,87588,7440.59326,0.08489,0.08503,0.08488,0.08503,0.08494,0.08509,0.08493,0.08509,-0.00023548,-0.00037554,-0.00052869,-0.00037554,-7.000000000000062e-05,-0.0008226583617346411
1697125200000,2023-10-12T15:40:00Z,0.08502,0.08503,0.08491,0.08501,30249,2569.8996,0.08503,0.08503,0.08492,0.08501,0.08509,0.08509,0.08499,0.08506,-0.00037554,-0.00035192,-0.00042581,-0.00035192,-4.999999999999449e-05,-0.0005878203620972783
1697125500000,2023-10-12T15:45:00Z,0.08501,0.08504,0.08494,0.08498,102349,8701.00201,0.08501,0.08504,0.08494,0.08498,0.08506,0.08509,0.08498,0.08502,-0.00035192,-0.00048065,-0.00074267,-0.00074267,-3.999999999999837e-05,-0.000470477534697699
1697125800000,2023-10-12T15:50:00Z,0.08498,0.08507,0.08496,0.08506,29822,2534.96312,0.08498,0.08507,0.08496,0.08506,0.08502,0.08511,0.08502,0.0851,-0.00074267,-0.00010599,-0.000392,-0.000392,-3.999999999999837e-05,-0.00047003525264392916
1697126100000,2023-10-12T15:55:00Z,0.08506,0.08506,0.08498,0.08505,96546,8207.51243,0.08506,0.08506,0.08498,0.08505,0.0851,0.08511,0.08503,0.08506,-0.000392,-0.00024091,-0.00031161,-0.00024091,-9.999999999996123e-06,-0.00011756407241942304
1697126400000,2023-10-12T16:00:00Z,0.08505,0.08506,0.08482,0.08491,208031,17674.47419,0.08505,0.08505,0.08483,0.08491,0.08506,0.08508,0.08489,0.08497,-0.00024091,-0.00060341,-0.00068437,-0.00060341,-6.0000000000004494e-05,-0.000706131575850353
1697126700000,2023-10-12T16:05:00Z,0.08491,0.08507,0.08491,0.08502,198470,16873.56618,0.08491,0.08507,0.08491,0.08502,0.08497,0.08513,0.08497,0.08508,-0.00060341,-0.00037397,-0.00077507,-0.00037397,-6.0000000000004494e-05,-0.000705218617771562
1697127000000,2023-10-12T16:10:00Z,0.08502,0.08508,0.08501,0.08505,25396,2159.82545,0.08502,0.0851,0.08502,0.08507,0.08508,0.08516,0.08508,0.08514,-0.00037397,-0.00044016,-0.00069962,-0.00044016,-8.999999999999286e-05,-0.001057082452431206
1697127300000,2023-10-12T16:15:00Z,0.08505,0.08515,0.08505,0.08512,285063,24263.27416,0.08507,0.08515,0.08507,0.08513,0.08514,0.08519,0.08514,0.08519,-0.00044016,-0.00050991,-0.0006415,-0.0006415,-7.000000000000062e-05,-0.0008216926869350935
1697127600000,2023-10-12T16:20:00Z,0.08512,0.08512,0.08495,0.08496,114870,9762.47827,0.08513,0.08513,0.08497,0.08497,0.08519,0.08519,0.08504,0.08504,-0.0006415,-0.00052021,-0.00058761,-0.00058761,-8.000000000001062e-05,-0.0009407337723425519
1697127900000,2023-10-12T16:25:00Z,0.08496,0.08503,0.08461,0.08502,1252894,106252.47498,0.08497,0.08503,0.08467,0.08502,0.08504,0.08511,0.08474,0.0851,-0.00058761,-0.00049441,-0.00055234,-0.00055234,-7.999999999999674e-05,-0.0009400705052878583
1697128200000,2023-10-12T16:30:00Z,0.08502,0.08509,0.08487,0.08503,209335,17791.52866,0.08502,0.08509,0.08488,0.08503,0.0851,0.08517,0.08496,0.0851,-0.00055234,-0.0005303,-0.00067658,-0.0005303,-7.000000000000062e-05,-0.0008225616921269168
1697128500000,2023-10-12T16:35:00Z,0.08503,0.08512,0.08494,0.08511,242072,20593.47258,0.08503,0.08512,0.08494,0.08511,0.0851,0.08518,0.08501,0.08517,-0.0005303,-0.00063747,-0.00071821,-0.00071821,-5.9999999999990616e-05,-0.0007044734061288085
1697128800000,2023-10-12T16:40:00Z,0.08511,0.08511,0.08501,0.08501,77035,6550.89286,0.08511,0.08511,0.08501,0.08502,0.08517,0.08518,0.08508,0.08509,-0.00071821,-0.0006396,-0.00064085,-0.00064085,-7.999999999999674e-05,-0.0009401809848395433
1697129100000,2023-10-12T16:45:00Z,0.08501,0.08503,0.08495,0.08501,115983,9856.52341,0.08502,0.08503,0.08497,0.08501,0.08509,0.0851,0.08504,0.08507,-0.00064085,-0.00045528,-0.00049347,-0.00045528,-6.0000000000004494e-05,-0.0007053015163983131
1697129400000,2023-10-12T16:50:00Z,0.08501,0.08502,0.08487,0.08487,77343,6568.0096,0.08501,0.08502,0.08487,0.08488,0.08507,0.08508,0.08493,0.08495,-0.00045528,-0.00058241,-0.00070621,-0.00058241,-7.999999999999674e-05,-0.0009417304296644702
1697129700000,2023-10-12T16:55:00Z,0.08487,0.08493,0.08475,0.0848,801080,67960.63711,0.08488,0.08493,0.08481,0.08483,0.08495,0.08499,0.08488,0.0849,-0.00058241,-0.00062339,-0.00074599,-0.00062339,-0.00010000000000000286,-0.001177856301531247
1697130000000,2023-10-12T17:00:00Z,0.0848,0.0849,0.08474,0.08478,213868,18140.00573,0.08483,0.08491,0.08477,0.08478,0.0849,0.08499,0.08484,0.08486,-0.00062339,-0.00069892,-0.00073741,-0.00073741,-8.000000000001062e-05,-0.0009427292010371272
1697130300000,2023-10-12T17:05:00Z,0.08478,0.08485,0.08476,0.08477,180529,15305.86042,0.08478,0.08485,0.08476,0.08477,0.08486,0.08492,0.08483,0.08485,-0.00073741,-0.00061925,-0.0007913,-0.0007913,-7.999999999999674e-05,-0.0009428403064230612
1697130600000,2023-10-12T17:10:00Z,0.08477,0.08479,0.08471,0.08474,188365,15962.1679,0.08477,0.08478,0.08473,0.08476,0.08485,0.08487,0.08482,0.08484,-0.0007913,-0.00067523,-0.000769,-0.00067523,-0.00010000000000000286,-0.0011786892975012124
1697130900000,2023-10-12T17:15:00Z,0.08474,0.08478,0.08467,0.08478,127784,10828.27263,0.08476,0.08479,0.08468,0.08479,0.08484,0.08487,0.08476,0.08487,-0.00067523,-0.00066057,-0.00085913,-0.00066057,-9.000000000000674e-05,-0.0010604453870626457
1697131200000,2023-10-12T17:20:00Z,0.08478,0.08484,0.08477,0.08482,56049,4753.82494,0.08479,0.08484,0.08478,0.08482,0.08487,0.08491,0.08486,0.0849,-0.00066057,-0.00054871,-0.00056698,-0.00054871,-7.999999999999674e-05,-0.0009422850412249322
1697131500000,2023-10-12T17:25:00Z,0.08482,0.08484,0.08479,0.08479,96413,8176.57819,0.08482,0.08484,0.08479,0.0848,0.0849,0.08491,0.08487,0.08488,-0.00054871,-0.00055106,-0.00060478,-0.00060478,-8.999999999999286e-05,-0.001060320452403309
1697131800000,2023-10-12T17:30:00Z,0.08479,0.08479,0.08471,0.08478,126000,10679.80133,0.0848,0.08481,0.08473,0.0848,0.08488,0.08489,0.08481,0.08488,-0.00060478,-0.00065849,-0.00076712,-0.00065849,-0.00010000000000000286,-0.0011781338360038038
1697132100000,2023-10-12T17:35:00Z,0.08478,0.08498,0.08478,0.08495,84984,7215.30965,0.0848,0.08498,0.0848,0.08495,0.08488,0.08504,0.08488,0.08503,-0.00065849,-0.00061201,-0.00070672,-0.00070672,-7.999999999999674e-05,-0.0009408444078560126
1697132400000,2023-10-12T17:40:00Z,0.08495,0.08496,0.08486,0.08486,254417,21606.16261,0.08495,0.08496,0.08489,0.08489,0.08503,0.08503,0.08497,0.08497,-0.00070672,-0.00068298,-0.00097459,-0.00068298,-0.00010999999999999899,-0.0012945745557255382
1697132700000,2023-10-12T17:45:00Z,0.08486,0.08491,0.08485,0.08487,14002,1188.4437,0.08489,0.08491,0.08485,0.08487,0.08497,0.08498,0.08494,0.08495,-0.00068298,-0.00064563,-0.00078218,-0.00078218,-7.999999999999674e-05,-0.0009417304296644702
1697133000000,2023-10-12T17:50:00Z,0.08487,0.08496,0.08487,0.08495,111971,9506.20369,0.08487,0.08497,0.08487,0.08496,0.08495,0.08505,0.08494,0.08505,-0.00078218,-0.00094591,-0.00095355,-0.00094591,-0.00010000000000000286,-0.001175778953556765
1697133300000,2023-10-12T17:55:00Z,0.08495,0.085,0.08489,0.0849,297325,25262.88908,0.08496,0.085,0.0849,0.0849,0.08505,0.08508,0.08498,0.08499,-0.00094591,-0.00086585,-0.00107501,-0.00107501,-8.999999999999286e-05,-0.0010589481115424505
1697133600000,2023-10-12T18:00:00Z,0.0849,0.08494,0.08488,0.0849,305721,25959.6933,0.0849,0.08494,0.0849,0.08491,0.08499,0.085,0.08498,0.08499,-0.00107501,-0.00075376,-0.00082278,-0.00082278,-8.999999999999286e-05,-0.0010589481115424505
1697133900000,2023-10-12T18:05:00Z,0.0849,0.08492,0.08482,0.08486,398832,33845.51396,0.08491,0.08493,0.08486,0.08487,0.08499,0.085,0.08494,0.08495,-0.00082278,-0.00071137,-0.00111074,-0.00111074,-8.999999999999286e-05,-0.001059446733372488
1697134200000,2023-10-12T18:10:00Z,0.08486,0.08486,0.08474,0.0848,338179,28668.33,0.08487,0.08487,0.08478,0.0848,0.08495,0.08495,0.08488,0.0849,-0.00111074,-0.0010675,-0.00111032,-0.0010675,-0.00010000000000000286,-0.001177856301531247
1697134500000,2023-10-12T18:15:00Z,0.0848,0.0848,0.08475,0.0848,49910,4231.05077,0.0848,0.0848,0.08475,0.0848,0.0849,0.08491,0.08486,0.0849,-0.0010675,-0.00111663,-0.0012142,-0.00111663,-0.00010000000000000286,-0.001177856301531247
1697134800000,2023-10-12T18:20:00Z,0.0848,0.08488,0.08479,0.08488,12418,1053.70978,0.0848,0.08488,0.08479,0.08488,0.0849,0.08498,0.0849,0.08498,-0.00111663,-0.00089513,-0.00091147,-0.00089513,-0.00010000000000000286,-0.0011767474699929733
1697135100000,2023-10-12T18:25:00Z,0.08488,0.08494,0.08488,0.08494,189814,16119.19483,0.08488,0.08494,0.08488,0.08494,0.08498,0.08503,0.08498,0.08502,-0.00089513,-0.00090236,-0.00115762,-0.00115762,-7.999999999999674e-05,-0.000940955069395398
1697135400000,2023-10-12T18:30:00Z,0.08494,0.08497,0.08494,0.08496,28258,2400.72156,0.08494,0.08497,0.08494,0.08497,0.08502,0.08506,0.08502,0.08506,-0.00115762,-0.00085349,-0.00088312,-0.00088312,-0.00010000000000000286,-0.0011756407241947197
1697135700000,2023-10-12T18:35:00Z,0.08496,0.08497,0.08493,0.08495,74417,6321.82686,0.08497,0.08498,0.08494,0.08497,0.08506,0.08507,0.08504,0.08507,-0.00088312,-0.00088736,-0.00109876,-0.00088736,-0.00012000000000000899,-0.0014106030327966262
1697136000000,2023-10-12T18:40:00Z,0.08495,0.085,0.08495,0.08498,440130,37393.54148,0.08497,0.085,0.08495,0.085,0.08507,0.08511,0.08506,0.08511,-0.00088736,-0.00106169,-0.00129305,-0.00106169,-0.0001300000000000051,-0.0015274350840089896
1697136300000,2023-10-12T18:45:00Z,0.08498,0.085,0.08497,0.08498,156398,13291.10828,0.085,0.08501,0.08497,0.08498,0.08511,0.08512,0.08508,0.08509,-0.00106169,-0.00122153,-0.00133819,-0.00133819,-0.00010999999999999899,-0.0012927488541544128
1697136600000,2023-10-12T18:50:00Z,0.08498,0.08498,0.08494,0.08494,211261,17947.35354,0.08498,0.08499,0.08495,0.08495,0.08509,0.0851,0.08506,0.08506,-0.00133819,-0.00118149,-0.00125478,-0.00118149,-0.00011999999999999511,-0.001410768869033566
1697136900000,2023-10-12T18:55:00Z,0.08494,0.08496,0.08494,0.08495,177271,15059.16441,0.08495,0.08496,0.08494,0.08495,0.08506,0.08507,0.08506,0.08506,-0.00118149,-0.00107488,-0.00119101,-0.00119101,-0.00010999999999999899,-0.0012932047966141428
1697137200000,2023-10-12T19:00:00Z,0.08495,0.08496,0.08491,0.08491,36805,3126.39922,0.08495,0.08496,0.08491,0.08491,0.08506,0.08507,0.08501,0.08501,-0.00119101,-0.00095118,-0.00111791,-0.00095118,-0.00010000000000000286,-0.001176332196212244
1697137500000,2023-10-12T19:05:00Z,0.08491,0.08491,0.08486,0.08491,171118,14524.21647,0.08491,0.08491,0.08488,0.08491,0.08501,0.08501,0.08498,0.08501,-0.00095118,-0.00095787,-0.00105812,-0.00095787,-0.00010000000000000286,-0.001176332196212244
1697137800000,2023-10-12T19:10:00Z,0.08491,0.08496,0.08491,0.08495,20904,1775.2943,0.08491,0.08496,0.08491,0.08495,0.08501,0.08505,0.085,0.08504,-0.00095787,-0.00086582,-0.0009118,-0.00086582,-9.000000000000674e-05,-0.0010583254938853098
1697138100000,2023-10-12T19:15:00Z,0.08495,0.08499,0.08494,0.08498,25990,2207.76636,0.08495,0.08499,0.08495,0.08498,0.08504,0.08508,0.08504,0.08508,-0.00086582,-0.00078027,-0.00094309,-0.00078027,-0.00010000000000000286,-0.001175364362952549
1697138400000,2023-10-12T19:20:00Z,0.08498,0.08499,0.08498,0.08498,22268,1892.46696,0.08498,0.08499,0.08498,0.08499,0.08508,0.08508,0.08507,0.08508,-0.00078027,-0.00099941,-0.00101163,-0.00101163,-0.00010000000000000286,-0.001175364362952549
1697138700000,2023-10-12T19:25:00Z,0.08498,0.08499,0.08496,0.08497,15763,1339.49554,0.08499,0.08499,0.08497,0.08497,0.08508,0.08508,0.08506,0.08506,-0.00101163,-0.00103032,-0.00105606,-0.00105606,-8.999999999999286e-05,-0.0010580766517751337
1697139000000,2023-10-12T19:30:00Z,0.08497,0.08505,0.08496,0.08505,393167,33424.6265,0.08497,0.08505,0.08496,0.08505,0.08506,0.08509,0.08506,0.08509,-0.00105606,-0.00088679,-0.00095792,-0.00095792,-3.999999999999837e-05,-0.00047009049241977167
1697139300000,2023-10-12T19:35:00Z,0.08505,0.0851,0.08503,0.0851,624963,53167.39508,0.08505,0.0851,0.08503,0.0851,0.08509,0.08513,0.08509,0.08513,-0.00095792,-0.00041177,-0.00045852,-0.00045852,-3.0000000000002247e-05,-0.00035240220838719897
1697139600000,2023-10-12T19:40:00Z,0.0851,0.0851,0.08501,0.08503,42509,3614.94301,0.0851,0.0851,0.08503,0.08504,0.08513,0.08513,0.08508,0.0851,-0.00045852,-0.00058096,-0.00059835,-0.00059835,-7.000000000000062e-05,-0.0008225616921269168
1697139900000,2023-10-12T19:45:00Z,0.08503,0.08504,0.085,0.085,32277,2744.59316,0.08504,0.08504,0.085,0.08501,0.0851,0.08511,0.08508,0.08509,-0.00059835,-0.0004987,-0.00072158,-0.0004987,-8.999999999999286e-05,-0.0010577036079444456
1697140200000,2023-10-12T19:50:00Z,0.085,0.08522,0.085,0.08502,1303737,110979.48122,0.08501,0.08508,0.085,0.08502,0.08509,0.08512,0.08508,0.08509,-0.0004987,-0.00069091,-0.00069126,-0.00069091,-7.000000000000062e-05,-0.0008226583617346411
1697140500000,2023-10-12T19:55:00Z,0.08502,0.08502,0.08496,0.08499,179539,15258.89767,0.08502,0.08502,0.08496,0.085,0.08509,0.08509,0.08503,0.08507,-0.00069091,-0.00069304,-0.00070538,-0.00070538,-8.000000000001062e-05,-0.0009404020218644717
1697140800000,2023-10-12T20:00:00Z,0.08499,0.085,0.08496,0.08496,11737,997.34534,0.085,0.08501,0.08496,0.08497,0.08507,0.08508,0.08505,0.08506,-0.00070538,-0.00064115,-0.00078979,-0.00078979,-0.00010000000000000286,-0.0011756407241947197
1697141100000,2023-10-12T20:05:00Z,0.08496,0.08506,0.08496,0.08505,112084,9528.51046,0.08497,0.08507,0.08496,0.08507,0.08506,0.08513,0.08505,0.08513,-0.00078979,-0.00043585,-0.00055926,-0.00055926,-7.999999999999674e-05,-0.0009397392223657552
1697141400000,2023-10-12T20:10:00Z,0.08505,0.0851,0.08504,0.08508,88458,7523.97353,0.08507,0.0851,0.08506,0.08508,0.08513,0.08516,0.08512,0.08515,-0.00055926,-0.00069958,-0.00069994,-0.00069994,-7.000000000000062e-05,-0.0008220786846741117
1697141700000,2023-10-12T20:15:00Z,0.08508,0.08511,0.08507,0.08508,136959,11655.11092,0.08508,0.08511,0.08508,0.08509,0.08515,0.08517,0.08515,0.08516,-0.00069994,-0.00067026,-0.00076338,-0.00067026,-7.999999999999674e-05,-0.0009394081728510656
1697142000000,2023-10-12T20:20:00Z,0.08508,0.08509,0.08508,0.08508,5533,470.75167,0.08509,0.08509,0.08508,0.08508,0.08516,0.08516,0.08514,0.08514,-0.00067026,-0.00046171,-0.0004879,-0.00046171,-5.9999999999990616e-05,-0.000704721634954083
1697142300000,2023-10-12T20:25:00Z,0.08508,0.08508,0.08507,0.08508,14716,1252.0356,0.08508,0.08509,0.08507,0.08508,0.08514,0.08515,0.08513,0.08514,-0.00046171,-0.00050082,-0.00050375,-0.00050082,-5.9999999999990616e-05,-0.000704721634954083
1697142600000,2023-10-12T20:30:00Z,0.08508,0.08516,0.08508,0.08516,161634,13756.8264,0.08508,0.08517,0.08508,0.08516,0.08514,0.08522,0.08514,0.08521,-0.00050082,-0.00034057,-0.00043239,-0.00043239,-4.999999999999449e-05,-0.0005867855885458807
1697142900000,2023-10-12T20:35:00Z,0.08516,0.08522,0.08515,0.08515,28396,2419.30024,0.08516,0.08522,0.08515,0.08515,0.08521,0.08525,0.08519,0.08519,-0.00043239,-0.00012306,-0.00037576,-0.00037576,-3.999999999999837e-05,-0.00046953867824860157
1697143200000,2023-10-12T20:40:00Z,0.08515,0.08515,0.08499,0.08503,1106329,94090.1405,0.08515,0.08516,0.08506,0.08506,0.08519,0.0852,0.08509,0.08509,-0.00037576,-0.00021167,-0.00022142,-0.00021167,-6.0000000000004494e-05,-0.000705135738629739
1697143500000,2023-10-12T20:45:00Z,0.08503,0.08506,0.08496,0.08506,220497,18740.90714,0.08506,0.08507,0.085,0.08507,0.08509,0.08514,0.08506,0.08514,-0.00021167,-0.00045047,-0.00051087,-0.00045047,-7.999999999999674e-05,-0.0009396288466055526
1697143800000,2023-10-12T20:50:00Z,0.08506,0.08511,0.08506,0.08511,13297,1131.54128,0.08507,0.08512,0.08507,0.08511,0.08514,0.0852,0.08514,0.08519,-0.00045047,-0.00058276,-0.00075783,-0.00075783,-7.999999999999674e-05,-0.0009390773564972031
1697144100000,2023-10-12T20:55:00Z,0.08511,0.08511,0.08506,0.08509,24578,2091.54841,0.08511,0.08511,0.08508,0.08509,0.08519,0.0852,0.08517,0.08518,-0.00075783,-0.00076085,-0.00092087,-0.00092087,-9.000000000000674e-05,-0.0010565860530641787
1697144400000,2023-10-12T21:00:00Z,0.08509,0.08515,0.08509,0.08511,137935,11740.00959,0.08509,0.08515,0.08509,0.08511,0.08518,0.08523,0.08518,0.0852,-0.00092087,-0.00083955,-0.00099378,-0.00083955,-8.999999999999286e-05,-0.0010563380281689303
1697144700000,2023-10-12T21:05:00Z,0.08511,0.08513,0.08507,0.08509,81124,6904.05286,0.08511,0.08513,0.08509,0.08509,0.0852,0.08521,0.08517,0.08517,-0.00083955,-0.00072179,-0.00088192,-0.00088192,-7.999999999999674e-05,-0.00093929787483852
1697145000000,2023-10-12T21:10:00Z,0.08509,0.08509,0.08506,0.08508,25428,2163.25337,0.08509,0.0851,0.08507,0.08509,0.08517,0.08519,0.08516,0.08518,-0.00088192,-0.00055442,-0.00077882,-0.00077882,-0.00010000000000000286,-0.0011739845034045885
1697145300000,2023-10-12T21:15:00Z,0.08508,0.08512,0.08508,0.08511,15406,1311.25363,0.08509,0.08512,0.08508,0.08511,0.08518,0.08519,0.08518,0.08518,-0.00077882,-0.00059661,-0.00071475,-0.00059661,-7.000000000000062e-05,-0.0008217891523831958
1697145600000,2023-10-12T21:20:00Z,0.08511,0.08511,0.08506,0.08506,23238,1976.86544,0.08511,0.08511,0.08506,0.08506,0.08518,0.08518,0.08514,0.08514,-0.00059661,-0.00070663,-0.00071086,-0.00070663,-7.999999999999674e-05,-0.0009396288466055526
1697145900000,2023-10-12T21:25:00Z,0.08506,0.08509,0.08502,0.08508,38250,3253.8526,0.08506,0.08509,0.08503,0.08508,0.08514,0.08516,0.08512,0.08516,-0.00070663,-0.00047422,-0.00056191,-0.00047422,-7.999999999999674e-05,-0.0009394081728510656
1697146200000,2023-10-12T21:30:00Z,0.08508,0.08513,0.08508,0.08511,41491,3530.90574,0.08508,0.08513,0.08508,0.08512,0.08516,0.08519,0.08515,0.08519,-0.00047422,-0.00053298,-0.00059913,-0.00059913,-7.999999999999674e-05,-0.0009390773564972031
1697146500000,2023-10-12T21:35:00Z,0.08511,0.08513,0.08501,0.08501,111272,9469.58285,0.08512,0.08513,0.08502,0.08503,0.08519,0.08519,0.08508,0.08509,-0.00059913,-0.00030513,-0.00050481,-0.00050481,-7.999999999999674e-05,-0.0009401809848395433
1697146800000,2023-10-12T21:40:00Z,0.08501,0.08511,0.085,0.0851,225137,19146.08139,0.08503,0.08511,0.08501,0.0851,0.08509,0.08514,0.08505,0.08514,-0.00050481,0,-0.00025781,0,-3.999999999999837e-05,-0.0004698144233027763
1697147100000,2023-10-12T21:45:00Z,0.0851,0.08511,0.08505,0.08505,15702,1335.85744,0.0851,0.08511,0.08505,0.08505,0.08514,0.08515,0.08509,0.08509,0,-0.00022241,-0.00051914,-0.00022241,-3.999999999999837e-05,-0.00047009049241977167
1697147400000,2023-10-12T21:50:00Z,0.08505,0.08505,0.08505,0.08505,240,20.412,0.08505,0.08505,0.08505,0.08505,0.08509,0.08509,0.08507,0.08508,-0.00022241,-0.00005841,-0.00015079,-0.00005841,-3.0000000000002247e-05,-0.000352609308885781
1697147700000,2023-10-12T21:55:00Z,0.08505,0.08509,0.08505,0.08508,11018,937.35628,0.08505,0.08509,0.08505,0.08509,0.08508,0.08511,0.08507,0.08511,-0.00005841,0,-0.00001269,-0.00001269,-3.0000000000002247e-05,-0.00035248501938670246
1697148000000,2023-10-12T22:00:00Z,0.08508,0.08511,0.08505,0.08505,165349,14069.42062,0.08509,0.0851,0.08506,0.08507,0.08511,0.08512,0.08509,0.0851,-0.00001269,0,-0.00015148,0,-4.999999999999449e-05,-0.0005875440658048707
1697148300000,2023-10-12T22:05:00Z,0.08505,0.08509,0.08505,0.08509,5397,459.10995,0.08507,0.08509,0.08505,0.08509,0.0851,0.08512,0.08509,0.08512,0,0,-0.00003431,0,-3.0000000000002247e-05,-0.00035244360902258277
1697148600000,2023-10-12T22:10:00Z,0.08509,0.08512,0.08509,0.08512,3152,268.29352,0.08509,0.08512,0.08509,0.08512,0.08512,0.08514,0.08512,0.08514,0,-0.00003911,-0.00005344,-0.00003911,-1.9999999999992246e-05,-0.00023490721165130663
1697148900000,2023-10-12T22:15:00Z,0.08512,0.08512,0.08508,0.08509,7990,680.01853,0.08512,0.08512,0.08509,0.08509,0.08514,0.08514,0.08512,0.08512,-0.00003911,-0.00009678,-0.00019978,-0.00019978,-3.0000000000002247e-05,-0.00035244360902258277
1697149200000,2023-10-12T22:20:00Z,0.08509,0.08509,0.08499,0.08503,11939,1015.02571,0.08509,0.08509,0.08502,0.08504,0.08512,0.08512,0.08505,0.08507,-0.00019978,-0.00010533,-0.00020949,-0.00020949,-4.000000000001225e-05,-0.00047020101093231745
1697149500000,2023-10-12T22:25:00Z,0.08503,0.08506,0.085,0.08506,13597,1155.90038,0.08504,0.08506,0.08502,0.08506,0.08507,0.08511,0.08506,0.08511,-0.00020949,-0.00026516,-0.00049664,-0.00026516,-5.000000000000837e-05,-0.000587475032311225
1697149800000,2023-10-12T22:30:00Z,0.08506,0.08507,0.08505,0.08505,5555,472.50811,0.08506,0.08507,0.08505,0.08506,0.08511,0.08512,0.08509,0.0851,-0.00026516,-0.00023666,-0.00041492,-0.00041492,-4.999999999999449e-05,-0.0005875440658048707
1697150100000,2023-10-12T22:35:00Z,0.08505,0.08509,0.08505,0.08508,7128,606.2953,0.08506,0.08509,0.08505,0.08508,0.0851,0.08513,0.08509,0.08512,-0.00041492,-0.00011326,-0.00037579,-0.00011326,-3.999999999999837e-05,-0.000469924812030056
1697150400000,2023-10-12T22:40:00Z,0.08508,0.08508,0.08504,0.08507,8715,741.27213,0.08508,0.08509,0.08507,0.08508,0.08512,0.08513,0.08511,0.08512,-0.00011326,-0.00029687,-0.0003354,-0.00029687,-4.999999999999449e-05,-0.0005874060150375293
1697150700000,2023-10-12T22:45:00Z,0.08507,0.08511,0.08507,0.0851,990,84.22995,0.08508,0.08511,0.08507,0.0851,0.08512,0.08514,0.08511,0.08514,-0.00029687,-0.00019875,-0.00030396,-0.00030396,-3.999999999999837e-05,-0.0004698144233027763
1697151000000,2023-10-12T22:50:00Z,0.0851,0.08512,0.08509,0.0851,126546,10769.67096,0.0851,0.08513,0.0851,0.0851,0.08514,0.08516,0.08513,0.08514,-0.00030396,-0.0002948,-0.00043194,-0.00043194,-3.999999999999837e-05,-0.0004698144233027763
1697151300000,2023-10-12T22:55:00Z,0.0851,0.0851,0.085,0.085,29871,2540.10145,0.0851,0.08511,0.08501,0.08502,0.08514,0.08515,0.08506,0.08507,-0.00043194,-0.00025458,-0.00036467,-0.00036467,-7.000000000000062e-05,-0.0008228517691313108
1697151600000,2023-10-12T23:00:00Z,0.085,0.08502,0.08497,0.08497,18970,1612.74739,0.08502,0.08502,0.08497,0.08497,0.08507,0.08507,0.08502,0.08502,-0.00036467,-0.00020752,-0.00031604,-0.00031604,-4.999999999999449e-05,-0.000588096918372083
1697151900000,2023-10-12T23:05:00Z,0.08497,0.08498,0.08491,0.08491,6188,525.55035,0.08497,0.08498,0.08491,0.08491,0.08502,0.08502,0.08495,0.08496,-0.00031604,-0.00044008,-0.00060294,-0.00044008,-4.999999999999449e-05,-0.0005885122410545492
1697152200000,2023-10-12T23:10:00Z,0.08491,0.08491,0.08488,0.08488,25762,2186.78414,0.08491,0.08491,0.08488,0.08488,0.08496,0.08496,0.08494,0.08494,-0.00044008,-0.00047286,-0.00063924,-0.00047286,-6.0000000000004494e-05,-0.0007063809748057981
1697152500000,2023-10-12T23:15:00Z,0.08488,0.08489,0.08486,0.08486,2920,247.85277,0.08488,0.08489,0.08486,0.08486,0.08494,0.08495,0.08492,0.08492,-0.00047286,-0.00043353,-0.00053555,-0.00053555,-5.9999999999990616e-05,-0.0007065473386715805
1697152800000,2023-10-12T23:20:00Z,0.08486,0.08491,0.08485,0.0849,85682,7272.2917,0.08486,0.08491,0.08485,0.0849,0.08492,0.08495,0.08491,0.08495,-0.00053555,-0.00048839,-0.00064872,-0.00048839,-4.999999999999449e-05,-0.0005885815185402531
1697153100000,2023-10-12T23:25:00Z,0.0849,0.08492,0.0849,0.08491,16387,1391.58236,0.0849,0.08492,0.0849,0.08491,0.08495,0.08496,0.08495,0.08495,-0.00048839,-0.00030779,-0.00040642,-0.00030779,-3.999999999999837e-05,-0.0004708652148322351
1697153400000,2023-10-12T23:30:00Z,0.08491,0.08492,0.08491,0.08492,18833,1599.29707,0.08491,0.08494,0.08491,0.08492,0.08495,0.08498,0.08495,0.08497,-0.00030779,-0.00024246,-0.00036935,-0.00024246,-5.000000000000837e-05,-0.0005884429798753486
1697153700000,2023-10-12T23:35:00Z,0.08492,0.08493,0.08488,0.08488,197537,16770.38925,0.08492,0.08493,0.08489,0.08489,0.08497,0.08497,0.08494,0.08494,-0.00024246,-0.00039355,-0.00064277,-0.00064277,-6.0000000000004494e-05,-0.0007063809748057981
1697154000000,2023-10-12T23:40:00Z,0.08488,0.08489,0.08485,0.08486,17762,1507.79178,0.08489,0.08489,0.08485,0.08487,0.08494,0.08494,0.0849,0.08492,-0.00064277,-0.00027747,-0.00044299,-0.00027747,-5.9999999999990616e-05,-0.0007065473386715805
1697154300000,2023-10-12T23:45:00Z,0.08486,0.08486,0.08485,0.08485,6079,515.8032,0.08487,0.08487,0.08485,0.08485,0.08492,0.08492,0.08489,0.08489,-0.00027747,-0.00039187,-0.00044888,-0.00044888,-3.999999999999837e-05,-0.0004711980209682928
1697154600000,2023-10-12T23:50:00Z,0.08485,0.08486,0.08476,0.08476,115115,9762.74767,0.08485,0.08486,0.08478,0.08478,0.08489,0.0849,0.08484,0.08484,-0.00044888,-0.00067161,-0.00078196,-0.00067161,-7.999999999999674e-05,-0.0009429514380009046
1697154900000,2023-10-12T23:55:00Z,0.08476,0.08483,0.08473,0.08473,106996,9072.0224,0.08478,0.08483,0.08477,0.08477,0.08484,0.08487,0.08482,0.08482,-0.00067161,-0.00040049,-0.00050948,-0.00050948,-9.000000000000674e-05,-0.0010610705022401172
1697155200000,2023-10-13T00:00:00Z,0.08473,0.08481,0.08472,0.08477,138353,11727.4852,0.08477,0.08481,0.08474,0.08478,0.08482,0.08485,0.08479,0.08485,-0.00050948,-0.00058562,-0.00062831,-0.00058562,-7.999999999999674e-05,-0.0009428403064230612
1697155500000,2023-10-13T00:05:00Z,0.08477,0.08482,0.08472,0.0848,43258,3666.87185,0.08478,0.08482,0.08472,0.08481,0.08485,0.08488,0.08478,0.08488,-0.00058562,-0.00039813,-0.00043638,-0.00039813,-7.999999999999674e-05,-0.0009425070688029776
1697155800000,2023-10-13T00:10:00Z,0.0848,0.08482,0.08476,0.08479,26317,2231.98234,0.08481,0.08482,0.08476,0.08479,0.08488,0.08488,0.08483,0.08486,-0.00039813,-0.00055676,-0.00067267,-0.00055676,-7.000000000000062e-05,-0.0008248880509073841
1697156100000,2023-10-13T00:15:00Z,0.08479,0.08485,0.08479,0.08479,348292,29548.66754,0.08479,0.08485,0.08479,0.0848,0.08486,0.08492,0.08486,0.08487,-0.00055676,-0.00050335,-0.00070242,-0.00050335,-7.999999999999674e-05,-0.0009426181218333538
1697156400000,2023-10-13T00:20:00Z,0.08479,0.08482,0.08478,0.08478,9709,823.45956,0.0848,0.08482,0.08479,0.08479,0.08487,0.08489,0.08486,0.08486,-0.00050335,-0.00064789,-0.0007568,-0.0007568,-8.000000000001062e-05,-0.0009427292010371272
1697156700000,2023-10-13T00:25:00Z,0.08478,0.08481,0.08475,0.08477,101898,8639.2273,0.08479,0.08481,0.08475,0.08477,0.08486,0.08487,0.08482,0.08484,-0.0007568,-0.00036819,-0.00067774,-0.00036819,-7.000000000000062e-05,-0.0008250825082508324
1697157000000,2023-10-13T00:30:00Z,0.08477,0.08486,0.08477,0.08483,138045,11710.7831,0.08477,0.08486,0.08477,0.08484,0.08484,0.08491,0.08484,0.08489,-0.00036819,-0.00053857,-0.00058885,-0.00053857,-5.9999999999990616e-05,-0.0007067970314523574
1697157300000,2023-10-13T00:35:00Z,0.08483,0.08483,0.08471,0.08474,113426,9613.72639,0.08484,0.08484,0.08471,0.08474,0.08489,0.08489,0.08476,0.08478,-0.00053857,-0.00025937,-0.00039723,-0.00025937,-3.999999999999837e-05,-0.00047180938900682204
1697157600000,2023-10-13T00:40:00Z,0.08474,0.08475,0.08468,0.08473,306549,25965.48153,0.08474,0.08475,0.08471,0.08473,0.08478,0.08481,0.08477,0.08479,-0.00025937,-0.00055331,-0.00070024,-0.00055331,-6.0000000000004494e-05,-0.0007076306168180739
1697157900000,2023-10-13T00:45:00Z,0.08473,0.08477,0.08473,0.08477,17726,1502.41747,0.08473,0.08479,0.08473,0.08478,0.08479,0.08486,0.08479,0.08485,-0.00055331,-0.00053525,-0.0007175,-0.0007175,-7.999999999999674e-05,-0.0009428403064230612
1697158200000,2023-10-13T00:50:00Z,0.08477,0.08484,0.08474,0.08484,73761,6253.92272,0.08478,0.08486,0.08475,0.08486,0.08485,0.08493,0.08483,0.08493,-0.0007175,-0.00050983,-0.00052798,-0.00050983,-9.000000000000674e-05,-0.0010596962204168932
1697158500000,2023-10-13T00:55:00Z,0.08484,0.08491,0.08484,0.08491,51048,4332.94129,0.08486,0.08493,0.08486,0.08493,0.08493,0.085,0.08493,0.085,-0.00050983,-0.00074311,-0.00083786,-0.00083786,-9.000000000000674e-05,-0.001058823529411844
1697158800000,2023-10-13T01:00:00Z,0.08491,0.08495,0.08487,0.08492,144722,12287.21276,0.08493,0.08496,0.0849,0.08492,0.085,0.08504,0.08499,0.08501,-0.00083786,-0.00088886,-0.00100823,-0.00100823,-9.000000000000674e-05,-0.0010586989765910685
1697159100000,2023-10-13T01:05:00Z,0.08492,0.08499,0.08492,0.08494,44494,3780.43719,0.08492,0.08499,0.08492,0.08495,0.08501,0.08508,0.08501,0.08503,-0.00100823,-0.00083401,-0.0009585,-0.0009585,-8.999999999999286e-05,-0.0010584499588379734
1697159400000,2023-10-13T01:10:00Z,0.08494,0.08499,0.08493,0.08499,1457,123.78664,0.08495,0.085,0.08493,0.085,0.08503,0.08508,0.08501,0.08508,-0.0009585,-0.00059428,-0.00060181,-0.00059428,-9.000000000000674e-05,-0.001057827926657343
1697159700000,2023-10-13T01:15:00Z,0.08499,0.08503,0.08496,0.08502,47125,4005.27277,0.085,0.08503,0.08499,0.08503,0.08508,0.08512,0.08507,0.08512,-0.00059428,-0.00065597,-0.00082775,-0.00082775,-0.00010000000000000286,-0.0011748120300752215
1697160000000,2023-10-13T01:20:00Z,0.08502,0.08502,0.08495,0.08495,13579,1154.27694,0.08503,0.08503,0.08497,0.08498,0.08512,0.08512,0.08506,0.08507,-0.00082775,-0.00095874,-0.00100963,-0.00100963,-0.00012000000000000899,-0.0014106030327966262
1697160300000,2023-10-13T01:25:00Z,0.08495,0.08506,0.08495,0.08504,107980,9182.847,0.08498,0.08506,0.08497,0.08505,0.08507,0.08513,0.08506,0.08513,-0.00100963,-0.0005874,-0.00063549,-0.0005874,-8.999999999999286e-05,-0.001057206625161434
1697160600000,2023-10-13T01:30:00Z,0.08504,0.08509,0.08503,0.08509,51456,4376.66784,0.08505,0.0851,0.08503,0.0851,0.08513,0.08518,0.0851,0.08518,-0.0005874,-0.00047374,-0.00071847,-0.00071847,-9.000000000000674e-05,-0.0010565860530641787
1697160900000,2023-10-13T01:35:00Z,0.08509,0.0851,0.08505,0.08506,126228,10738.31142,0.0851,0.0851,0.08506,0.08506,0.08518,0.08518,0.08514,0.08514,-0.00071847,-0.00077839,-0.00094621,-0.00094621,-7.999999999999674e-05,-0.0009396288466055526
1697161200000,2023-10-13T01:40:00Z,0.08506,0.08509,0.08505,0.08505,10904,927.53919,0.08506,0.08509,0.08505,0.08505,0.08514,0.08516,0.08513,0.08513,-0.00094621,-0.0005246,-0.000692,-0.000692,-7.999999999999674e-05,-0.0009397392223657552
1697161500000,2023-10-13T01:45:00Z,0.08505,0.08505,0.08503,0.08504,44149,3754.45194,0.08505,0.08506,0.08503,0.08506,0.08513,0.08514,0.08511,0.08514,-0.000692,-0.00069352,-0.00080509,-0.00069352,-9.999999999998899e-05,-0.0011745360582568593
1697161800000,2023-10-13T01:50:00Z,0.08504,0.08507,0.08502,0.08504,205352,17462.11966,0.08506,0.08507,0.08504,0.08505,0.08514,0.08515,0.08512,0.08513,-0.00069352,-0.00068835,-0.00087748,-0.00068835,-8.999999999999286e-05,-0.001057206625161434
1697162100000,2023-10-13T01:55:00Z,0.08504,0.08504,0.08504,0.08504,1295,110.1268,0.08505,0.08506,0.08504,0.08505,0.08513,0.08514,0.08512,0.08514,-0.00068835,-0.00073742,-0.00090321,-0.00090321,-9.999999999998899e-05,-0.0011745360582568593
1697162400000,2023-10-13T02:00:00Z,0.08504,0.0851,0.08504,0.08508,65996,5615.72349,0.08505,0.0851,0.08504,0.08508,0.08514,0.08517,0.08513,0.08516,-0.00090321,-0.00064998,-0.00068118,-0.00068118,-7.999999999999674e-05,-0.0009394081728510656
1697162700000,2023-10-13T02:05:00Z,0.08508,0.08516,0.08508,0.08516,62577,5327.63107,0.08508,0.08519,0.08508,0.08518,0.08516,0.08526,0.08516,0.08526,-0.00068118,-0.00058406,-0.00059122,-0.00059122,-0.00010000000000000286,-0.0011728829462819947
1697163000000,2023-10-13T02:10:00Z,0.08516,0.08519,0.08516,0.08516,121194,10323.72206,0.08518,0.0852,0.08517,0.08518,0.08526,0.08528,0.08526,0.08527,-0.00059122,-0.00084404,-0.00096634,-0.00096634,-0.00010999999999999899,-0.0012900199366717368
1697163300000,2023-10-13T02:15:00Z,0.08516,0.08521,0.08516,0.08519,21723,1850.69692,0.08518,0.08521,0.08517,0.0852,0.08527,0.0853,0.08526,0.08529,-0.00096634,-0.00070813,-0.00073437,-0.00070813,-0.00010000000000000286,-0.0011724703951225567
1697163600000,2023-10-13T02:20:00Z,0.08519,0.0852,0.08519,0.08519,286,24.36482,0.0852,0.08521,0.08519,0.0852,0.08529,0.08529,0.08527,0.08528,-0.00070813,-0.00074167,-0.00081191,-0.00074167,-8.999999999999286e-05,-0.0010553470919323741
1697163900000,2023-10-13T02:25:00Z,0.08519,0.08521,0.08516,0.08516,10677,909.67534,0.0852,0.08521,0.08517,0.08517,0.08528,0.08529,0.08525,0.08525,-0.00074167,-0.00063691,-0.000869,-0.000869,-9.000000000000674e-05,-0.0010557184750733927
1697164200000,2023-10-13T02:30:00Z,0.08516,0.08518,0.08516,0.08518,15028,1279.99993,0.08517,0.0852,0.08517,0.08519,0.08525,0.08528,0.08525,0.08527,-0.000869,-0.00081271,-0.00083718,-0.00081271,-8.999999999999286e-05,-0.0010554708572768016
1697164500000,2023-10-13T02:35:00Z,0.08518,0.0852,0.08508,0.08508,58752,5003.78427,0.08519,0.0852,0.08508,0.08508,0.08527,0.08528,0.08516,0.08516,-0.00081271,-0.00069566,-0.00086139,-0.00069566,-7.999999999999674e-05,-0.0009394081728510656
1697164800000,2023-10-13T02:40:00Z,0.08508,0.08512,0.08508,0.08512,465,39.56964,0.08508,0.08514,0.08508,0.08513,0.08516,0.08522,0.08516,0.08521,-0.00069566,-0.00078817,-0.00079887,-0.00079887,-8.999999999999286e-05,-0.001056214059382618
1697165100000,2023-10-13T02:45:00Z,0.08512,0.08514,0.08509,0.08509,19390,1650.78808,0.08513,0.08514,0.0851,0.0851,0.08521,0.08522,0.08518,0.08518,-0.00079887,-0.00046935,-0.00066881,-0.00046935,-9.000000000000674e-05,-0.0010565860530641787
1697165400000,2023-10-13T02:50:00Z,0.08509,0.08515,0.08509,0.08513,3650,310.754,0.0851,0.08515,0.0851,0.08513,0.08518,0.08522,0.08518,0.0852,-0.00046935,-0.0007803,-0.000806,-0.0007803,-7.000000000000062e-05,-0.0008215962441314626
1697165700000,2023-10-13T02:55:00Z,0.08513,0.08513,0.0851,0.08513,9272,789.17194,0.08513,0.08515,0.0851,0.08513,0.0852,0.08522,0.08517,0.08519,-0.0007803,-0.00075818,-0.00088441,-0.00075818,-6.0000000000004494e-05,-0.0007043080173729839
1697166000000,2023-10-13T03:00:00Z,0.08513,0.08513,0.08511,0.08511,8046,684.95502,0.08513,0.08514,0.08512,0.08512,0.08519,0.08521,0.08519,0.0852,-0.00075818,-0.00077297,-0.00088943,-0.00077297,-8.999999999999286e-05,-0.0010563380281689303
1697166300000,2023-10-13T03:05:00Z,0.08511,0.08512,0.0851,0.0851,28553,2429.87932,0.08512,0.08513,0.0851,0.0851,0.0852,0.08521,0.08519,0.08519,-0.00077297,-0.00083718,-0.00089061,-0.00083718,-9.000000000000674e-05,-0.0010564620260594757
1697166600000,2023-10-13T03:10:00Z,0.0851,0.08516,0.0851,0.08516,21824,1857.91569,0.0851,0.08516,0.0851,0.08516,0.08519,0.08524,0.08519,0.08524,-0.00083718,-0.00083959,-0.00084674,-0.00084674,-7.999999999999674e-05,-0.0009385265133739646
1697166900000,2023-10-13T03:15:00Z,0.08516,0.08516,0.08512,0.08512,8058,686.16568,0.08516,0.08516,0.08513,0.08514,0.08524,0.08524,0.08522,0.08523,-0.00084674,-0.00089113,-0.0010569,-0.0010569,-0.00010999999999999899,-0.0012906253666549218
1697167200000,2023-10-13T03:20:00Z,0.08512,0.08517,0.08512,0.08516,16552,1409.54312,0.08514,0.08517,0.08512,0.08516,0.08523,0.08526,0.08521,0.08525,-0.0010569,-0.00096985,-0.00098768,-0.00096985,-9.000000000000674e-05,-0.0010557184750733927
1697167500000,2023-10-13T03:25:00Z,0.08516,0.08517,0.08516,0.08516,3305,281.45468,0.08516,0.08517,0.08516,0.08516,0.08525,0.08526,0.08524,0.08524,-0.00096985,-0.00086486,-0.00087061,-0.00087061,-7.999999999999674e-05,-0.0009385265133739646
1697167800000,2023-10-13T03:30:00Z,0.08516,0.08516,0.0851,0.0851,7051,600.21009,0.08516,0.08516,0.08511,0.08512,0.08524,0.08524,0.08521,0.08522,-0.00087061,-0.00083135,-0.00085895,-0.00085895,-0.00012000000000000899,-0.0014081201595870568
1697168100000,2023-10-13T03:35:00Z,0.0851,0.08511,0.0851,0.0851,1457,123.99907,0.08512,0.08512,0.0851,0.08511,0.08522,0.08522,0.08519,0.0852,-0.00085895,-0.00069808,-0.00075598,-0.00069808,-0.00010000000000000286,-0.001173708920187827
1697168400000,2023-10-13T03:40:00Z,0.0851,0.08514,0.0851,0.08513,33000,2808.79233,0.08511,0.08514,0.08511,0.08513,0.0852,0.08522,0.0852,0.08521,-0.00069808,-0.00067597,-0.00074201,-0.00067597,-7.999999999999674e-05,-0.0009388569416734743
1697168700000,2023-10-13T03:45:00Z,0.08513,0.0852,0.08513,0.08516,126194,10748.10868,0.08513,0.0852,0.08513,0.08517,0.08521,0.08526,0.08521,0.08525,-0.00067597,-0.00083708,-0.00094346,-0.00083708,-9.000000000000674e-05,-0.0010557184750733927
1697169000000,2023-10-13T03:50:00Z,0.08516,0.08517,0.08513,0.08513,1664,141.70509,0.08517,0.08518,0.08513,0.08513,0.08525,0.08526,0.08522,0.08522,-0.00083708,-0.00078188,-0.00084794,-0.00084794,-9.000000000000674e-05,-0.0010560901196902926
1697169300000,2023-10-13T03:55:00Z,0.08513,0.08513,0.08511,0.08511,4357,370.84525,0.08513,0.08513,0.08511,0.08511,0.08522,0.08522,0.0852,0.0852,-0.00084794,-0.00076047,-0.00077537,-0.00077537,-8.999999999999286e-05,-0.0010563380281689303
1697169600000,2023-10-13T04:00:00Z,0.08511,0.08516,0.08511,0.08516,8055,685.64372,0.08511,0.08516,0.08511,0.08516,0.0852,0.08524,0.08519,0.08522,-0.00077537,-0.00053913,-0.00066138,-0.00066138,-6.0000000000004494e-05,-0.0007040600797935284
1697169900000,2023-10-13T04:05:00Z,0.08516,0.08518,0.08516,0.08517,46413,3953.20555,0.08516,0.08518,0.08516,0.08517,0.08522,0.08526,0.08522,0.08524,-0.00066138,-0.0007851,-0.0007946,-0.0007946,-7.000000000000062e-05,-0.0008212106992022597
1697170200000,2023-10-13T04:10:00Z,0.08517,0.08525,0.08516,0.08519,1390811,118523.53434,0.08517,0.08524,0.08517,0.08521,0.08524,0.08525,0.08522,0.08524,-0.0007946,-0.00011732,-0.00014572,-0.00014572,-4.999999999999449e-05,-0.0005865790708586871
1697170500000,2023-10-13T04:15:00Z,0.08519,0.08519,0.08512,0.08516,360504,30696.71687,0.08521,0.08522,0.08516,0.08516,0.08524,0.08525,0.08521,0.08522,-0.00014572,-0.00054482,-0.00065692,-0.00054482,-6.0000000000004494e-05,-0.0007040600797935284
1697170800000,2023-10-13T04:20:00Z,0.08516,0.08522,0.08516,0.08521,113287,9649.88814,0.08516,0.08522,0.08516,0.08521,0.08522,0.08526,0.08522,0.08526,-0.00054482,-0.00030979,-0.00042012,-0.00030979,-5.000000000000837e-05,-0.0005864414731410787
1697171100000,2023-10-13T04:25:00Z,0.08521,0.08522,0.08512,0.08512,52725,4492.2714,0.08521,0.08522,0.08514,0.08515,0.08526,0.08526,0.08519,0.0852,-0.00030979,-0.00047519,-0.00063111,-0.00063111,-7.999999999999674e-05,-0.0009389671361501966
1697171400000,2023-10-13T04:30:00Z,0.08512,0.08513,0.0851,0.08513,4287,364.91636,0.08515,0.08515,0.0851,0.08513,0.0852,0.0852,0.08516,0.08517,-0.00063111,-0.00033415,-0.00034765,-0.00033415,-3.999999999999837e-05,-0.00046964893741926
1697171700000,2023-10-13T04:35:00Z,0.08513,0.08513,0.08501,0.08503,14861,1264.24813,0.08513,0.08513,0.08501,0.08503,0.08517,0.08518,0.08505,0.08507,-0.00033415,-0.00028012,-0.00047393,-0.00028012,-4.000000000001225e-05,-0.00047020101093231745
1697172000000,2023-10-13T04:40:00Z,0.08503,0.08504,0.08503,0.08503,1574,133.83795,0.08503,0.08505,0.08503,0.08504,0.08507,0.08509,0.08506,0.08508,-0.00028012,-0.00047972,-0.00047972,-0.00047972,-5.000000000000837e-05,-0.000587682181476356
1697172300000,2023-10-13T04:45:00Z,0.08503,0.08507,0.08503,0.08506,23019,1957.91823,0.08504,0.08507,0.08503,0.08506,0.08508,0.08512,0.08508,0.0851,-0.00047972,-0.00032209,-0.0004305,-0.00032209,-3.999999999999837e-05,-0.00047003525264392916
1697172600000,2023-10-13T04:50:00Z,0.08506,0.0851,0.08506,0.08509,8419,716.28152,0.08506,0.08511,0.08506,0.0851,0.0851,0.08515,0.0851,0.08514,-0.00032209,-0.00013626,-0.00024782,-0.00024782,-4.999999999999449e-05,-0.0005872680291284297
1697172900000,2023-10-13T04:55:00Z,0.08509,0.0851,0.08503,0.08506,4188,356.23615,0.0851,0.08511,0.08503,0.08507,0.08514,0.08515,0.08507,0.08511,-0.00024782,-0.00017936,-0.00030022,-0.00017936,-5.000000000000837e-05,-0.000587475032311225
1697173200000,2023-10-13T05:00:00Z,0.08506,0.08508,0.08505,0.08508,203878,17343.27317,0.08507,0.0851,0.08506,0.0851,0.08511,0.08516,0.08511,0.08516,-0.00017936,-0.00049406,-0.0005397,-0.00049406,-7.999999999999674e-05,-0.0009394081728510656
1697173500000,2023-10-13T05:05:00Z,0.08508,0.08509,0.08506,0.08506,4716,401.24975,0.0851,0.08511,0.08506,0.08507,0.08516,0.08517,0.08512,0.08513,-0.00049406,-0.00045523,-0.00057981,-0.00057981,-7.000000000000062e-05,-0.0008222718195700766
1697173800000,2023-10-13T05:10:00Z,0.08506,0.08508,0.08506,0.08508,21827,1856.86914,0.08507,0.08509,0.08507,0.08509,0.08513,0.08514,0.08512,0.08514,-0.00057981,-0.00042875,-0.00048238,-0.00048238,-5.9999999999990616e-05,-0.000704721634954083
1697174100000,2023-10-13T05:15:00Z,0.08508,0.08512,0.08508,0.0851,34187,2909.43044,0.08509,0.08512,0.08509,0.0851,0.08514,0.08517,0.08514,0.08515,-0.00048238,-0.00028749,-0.0004717,-0.00028749,-5.000000000000837e-05,-0.0005871990604816016
1697174400000,2023-10-13T05:20:00Z,0.0851,0.0851,0.08501,0.08502,6364,541.38554,0.0851,0.0851,0.08502,0.08502,0.08515,0.08515,0.08507,0.08508,-0.00028749,-0.00044384,-0.0004664,-0.00044384,-6.0000000000004494e-05,-0.000705218617771562
1697174700000,2023-10-13T05:25:00Z,0.08502,0.08511,0.08501,0.0851,31149,2650.15183,0.08502,0.08511,0.08502,0.08511,0.08508,0.08517,0.08507,0.08517,-0.00044384,-0.00040509,-0.00046611,-0.00046611,-7.000000000000062e-05,-0.0008218856404837457
1697175000000,2023-10-13T05:30:00Z,0.0851,0.08512,0.0851,0.08512,2417,205.71111,0.08511,0.08513,0.08511,0.08512,0.08517,0.08518,0.08516,0.08518,-0.00046611,-0.00044276,-0.00051467,-0.00051467,-6.0000000000004494e-05,-0.0007043907020427857
1697175300000,2023-10-13T05:35:00Z,0.08512,0.08512,0.0851,0.0851,783,66.64102,0.08512,0.08513,0.0851,0.0851,0.08518,0.08519,0.08512,0.08513,-0.00051467,-0.00060739,-0.00061035,-0.00060739,-3.0000000000002247e-05,-0.00035240220838719897
1697175600000,2023-10-13T05:40:00Z,0.0851,0.0851,0.08505,0.08505,8001,680.54206,0.0851,0.0851,0.08505,0.08505,0.08513,0.08513,0.0851,0.0851,-0.00060739,-0.0003383,-0.0003705,-0.0003705,-4.999999999999449e-05,-0.0005875440658048707
1697175900000,2023-10-13T05:45:00Z,0.08505,0.08508,0.08505,0.08505,6802,578.58319,0.08505,0.08508,0.08505,0.08507,0.0851,0.08514,0.0851,0.08513,-0.0003705,-0.00046064,-0.00057295,-0.00046064,-7.999999999999674e-05,-0.0009397392223657552
1697176200000,2023-10-13T05:50:00Z,0.08505,0.08508,0.08505,0.08508,18533,1576.39413,0.08507,0.08511,0.08507,0.0851,0.08513,0.08517,0.08512,0.08516,-0.00046064,-0.00037428,-0.00038073,-0.00037428,-7.999999999999674e-05,-0.0009394081728510656
1697176500000,2023-10-13T05:55:00Z,0.08508,0.08511,0.08508,0.0851,13059,1111.41788,0.0851,0.08512,0.08509,0.0851,0.08516,0.08517,0.08513,0.08513,-0.00037428,-0.0003995,-0.00055143,-0.0003995,-3.0000000000002247e-05,-0.00035240220838719897
1697176800000,2023-10-13T06:00:00Z,0.0851,0.0851,0.08498,0.08498,148725,12644.00228,0.0851,0.0851,0.08498,0.08498,0.08513,0.08514,0.08502,0.08503,-0.0003995,-0.00057147,-0.00057824,-0.00057824,-4.999999999999449e-05,-0.000588027754909967
1697177100000,2023-10-13T06:05:00Z,0.08498,0.08513,0.08497,0.08513,301487,25643.41805,0.08498,0.08516,0.08498,0.08515,0.08503,0.08523,0.08503,0.08523,-0.00057824,-0.00090225,-0.00093686,-0.00093686,-0.00010000000000000286,-0.0011732957878681552
1697177400000,2023-10-13T06:10:00Z,0.08513,0.08517,0.08513,0.08514,33403,2844.09263,0.08515,0.08517,0.08514,0.08517,0.08523,0.08527,0.08522,0.08526,-0.00093686,-0.00083685,-0.00085498,-0.00083685,-0.00012000000000000899,-0.0014074595355384586
1697177700000,2023-10-13T06:15:00Z,0.08514,0.08518,0.08514,0.08516,14102,1201.09304,0.08517,0.08518,0.08516,0.08516,0.08526,0.08526,0.08524,0.08525,-0.00083685,-0.00070999,-0.00077219,-0.00077219,-9.000000000000674e-05,-0.0010557184750733927
1697178000000,2023-10-13T06:20:00Z,0.08516,0.08518,0.08515,0.08518,39734,3384.30779,0.08516,0.08519,0.08516,0.08518,0.08525,0.08528,0.08525,0.08527,-0.00077219,-0.00069809,-0.00080661,-0.00080661,-8.999999999999286e-05,-0.0010554708572768016
1697178300000,2023-10-13T06:25:00Z,0.08518,0.08519,0.08518,0.08519,6975,594.14838,0.08518,0.08521,0.08518,0.0852,0.08527,0.08529,0.08526,0.08529,-0.00080661,-0.00077028,-0.00091064,-0.00077028,-0.00010000000000000286,-0.0011724703951225567
1697178600000,2023-10-13T06:30:00Z,0.08519,0.08522,0.08519,0.08521,42617,3631.16948,0.0852,0.08522,0.0852,0.08521,0.08529,0.0853,0.08528,0.0853,-0.00077028,-0.00072279,-0.00075017,-0.00075017,-9.000000000000674e-05,-0.0010550996483001962
1697178900000,2023-10-13T06:35:00Z,0.08521,0.08522,0.08521,0.08522,2563,218.41886,0.08521,0.08524,0.08521,0.08522,0.0853,0.08532,0.08529,0.0853,-0.00075017,-0.00060199,-0.00061015,-0.00061015,-7.999999999999674e-05,-0.0009378663540445104
1697179200000,2023-10-13T06:40:00Z,0.08522,0.08527,0.08521,0.08522,157012,13387.78899,0.08522,0.08527,0.08521,0.08522,0.0853,0.08533,0.08529,0.08529,-0.00061015,-0.00056504,-0.00070679,-0.00070679,-7.000000000000062e-05,-0.0008207292765857733
1697179500000,2023-10-13T06:45:00Z,0.08522,0.08522,0.08521,0.08522,6409,546.17126,0.08522,0.08523,0.08522,0.08522,0.08529,0.08531,0.08529,0.08529,-0.00070679,-0.00039992,-0.00049777,-0.00039992,-7.000000000000062e-05,-0.0008207292765857733
1697179800000,2023-10-13T06:50:00Z,0.08522,0.08522,0.08515,0.08515,57758,4919.32695,0.08522,0.08522,0.08515,0.08515,0.08529,0.08529,0.08519,0.0852,-0.00039992,-0.0003189,-0.00042624,-0.00042624,-4.999999999999449e-05,-0.0005868544600938321
1697180100000,2023-10-13T06:55:00Z,0.08515,0.08516,0.08515,0.08516,8272,704.40172,0.08515,0.08521,0.08515,0.08521,0.0852,0.08525,0.08518,0.08525,-0.00042624,-0.00005999,-0.00018664,-0.00018664,-9.000000000000674e-05,-0.0010557184750733927
1697180400000,2023-10-13T07:00:00Z,0.08516,0.0852,0.08516,0.08519,17754,1512.62806,0.08521,0.08521,0.08519,0.08519,0.08525,0.08525,0.08523,0.08523,-0.00018664,-0.00024263,-0.00043904,-0.00024263,-3.999999999999837e-05,-0.0004693183151472295
1697180700000,2023-10-13T07:05:00Z,0.08519,0.0852,0.08518,0.08519,18129,1544.38227,0.08519,0.08521,0.08518,0.08521,0.08523,0.08525,0.08523,0.08525,-0.00024263,-0.00011637,-0.00023416,-0.00023416,-6.0000000000004494e-05,-0.0007038123167155952
1697181000000,2023-10-13T07:10:00Z,0.08519,0.08521,0.08518,0.0852,128449,10942.26994,0.08521,0.08521,0.08518,0.0852,0.08525,0.08525,0.08522,0.08524,-0.00023416,-0.0001219,-0.00034858,-0.0001219,-3.999999999999837e-05,-0.0004692632566869823
1697181300000,2023-10-13T07:15:00Z,0.0852,0.08535,0.08519,0.08531,206888,17644.17849,0.0852,0.08534,0.0852,0.08531,0.08524,0.08535,0.08524,0.08533,-0.0001219,-0.00013746,-0.00022615,-0.00013746,-2.0000000000006124e-05,-0.0002343841556311511
1697181600000,2023-10-13T07:20:00Z,0.08531,0.08536,0.08528,0.08535,111679,9527.69604,0.08531,0.08535,0.08529,0.08535,0.08533,0.0854,0.08533,0.08539,-0.00013746,-0.00013544,-0.00016043,-0.00013544,-3.999999999999837e-05,-0.0004684389272748375
1697181900000,2023-10-13T07:25:00Z,0.08535,0.08536,0.08533,0.08534,5470,466.89177,0.08535,0.08538,0.08533,0.08538,0.08539,0.08542,0.08536,0.08542,-0.00013544,-0.00010531,-0.00019121,-0.00019121,-7.999999999999674e-05,-0.0009365488176070796
1697182200000,2023-10-13T07:30:00Z,0.08534,0.08542,0.08534,0.08538,196284,16761.25822,0.08538,0.08542,0.08536,0.08541,0.08542,0.08546,0.0854,0.08546,-0.00019121,-0.0001827,-0.00062848,-0.00062848,-7.999999999999674e-05,-0.000936110461034364
1697182500000,2023-10-13T07:35:00Z,0.08538,0.08541,0.08529,0.08532,57615,4916.60708,0.08541,0.08541,0.08529,0.08532,0.08546,0.08546,0.08534,0.08537,-0.00062848,-0.00033918,-0.00041119,-0.00041119,-5.000000000000837e-05,-0.0005856858381165324
1697182800000,2023-10-13T07:40:00Z,0.08532,0.08539,0.08532,0.08533,72520,6189.27879,0.08532,0.08539,0.08532,0.08534,0.08537,0.08543,0.08537,0.08539,-0.00041119,-0.00020222,-0.00030106,-0.00020222,-5.9999999999990616e-05,-0.000702658390912175
1697183100000,2023-10-13T07:45:00Z,0.08533,0.08536,0.08526,0.08531,68226,5821.56692,0.08534,0.08536,0.08528,0.08531,0.08539,0.0854,0.08532,0.08535,-0.00020222,-0.00021762,-0.0005553,-0.00021762,-3.999999999999837e-05,-0.0004686584651435076
1697183400000,2023-10-13T07:50:00Z,0.08531,0.08531,0.08529,0.08529,3501,298.62027,0.08531,0.08533,0.08529,0.08533,0.08535,0.08538,0.08533,0.08538,-0.00021762,-0.000086,-0.00026069,-0.000086,-8.999999999999286e-05,-0.0010541110330287288
1697183700000,2023-10-13T07:55:00Z,0.08529,0.08534,0.08529,0.08533,34438,2938.59513,0.08533,0.08535,0.08532,0.08534,0.08538,0.08539,0.08537,0.08538,-0.000086,-0.00026083,-0.00030545,-0.00026083,-4.999999999999449e-05,-0.0005856172405714979
1697184000000,2023-10-13T08:00:00Z,0.08533,0.08538,0.08531,0.08538,32474,2771.79345,0.08534,0.08539,0.08532,0.08538,0.08538,0.08544,0.08537,0.08543,-0.00026083,-0.00038363,-0.00047389,-0.00038363,-5.000000000000837e-05,-0.0005852744937376609
1697184300000,2023-10-13T08:05:00Z,0.08538,0.08541,0.08537,0.08537,107521,9181.97384,0.08538,0.08541,0.08538,0.0854,0.08543,0.08544,0.08542,0.08544,-0.00038363,-0.00001123,-0.0001661,-0.0001661,-7.000000000000062e-05,-0.0008192883895131158
1697184600000,2023-10-13T08:10:00Z,0.08537,0.08542,0.08537,0.08541,14289,1220.48966,0.0854,0.08542,0.08539,0.08541,0.08544,0.08546,0.08543,0.08545,-0.0001661,-0.00007338,-0.0001643,-0.0001643,-3.999999999999837e-05,-0.000468110005851356
1697184900000,2023-10-13T08:15:00Z,0.08541,0.08541,0.08539,0.0854,6209,530.20323,0.08541,0.08542,0.0854,0.0854,0.08545,0.08546,0.08543,0.08544,-0.0001643,-0.00048191,-0.00049923,-0.00048191,-3.999999999999837e-05,-0.00046816479400747156
1697185200000,2023-10-13T08:20:00Z,0.0854,0.0854,0.08535,0.08535,78006,6660.29047,0.0854,0.0854,0.08535,0.08535,0.08544,0.08545,0.08539,0.0854,-0.00048191,-0.00045031,-0.00045833,-0.00045833,-5.000000000000837e-05,-0.000585480093676913
1697185500000,2023-10-13T08:25:00Z,0.08535,0.08535,0.08527,0.08527,24381,2080.13028,0.08535,0.08535,0.08527,0.08527,0.0854,0.0854,0.08531,0.08532,-0.00045833,-0.00031836,-0.00040459,-0.00031836,-4.999999999999449e-05,-0.0005860290670416608
1697185800000,2023-10-13T08:30:00Z,0.08527,0.08527,0.08523,0.08523,43184,3681.12986,0.08527,0.08527,0.08523,0.08523,0.08532,0.08532,0.08525,0.08525,-0.00031836,-0.00035182,-0.00035182,-0.00035182,-2.0000000000006124e-05,-0.00023460410557191934
1697186100000,2023-10-13T08:35:00Z,0.08523,0.08523,0.08518,0.08518,22190,1890.20424,0.08523,0.08523,0.08518,0.0852,0.08525,0.08526,0.08523,0.08526,-0.00035182,-0.00046931,-0.0005139,-0.0005139,-7.999999999999674e-05,-0.0009383063570255306
1697186400000,2023-10-13T08:40:00Z,0.08518,0.08518,0.08518,0.08518,1148,97.78664,0.0852,0.08521,0.08518,0.08518,0.08526,0.08527,0.08524,0.08525,-0.0005139,-0.00064304,-0.00069422,-0.00064304,-7.000000000000062e-05,-0.0008211143695014734
1697186700000,2023-10-13T08:45:00Z,0.08518,0.08519,0.08518,0.08519,12298,1047.60412,0.08518,0.08521,0.08518,0.08519,0.08525,0.08527,0.08523,0.08525,-0.00064304,-0.00057161,-0.00065298,-0.00057161,-6.0000000000004494e-05,-0.0007038123167155952
1697187000000,2023-10-13T08:50:00Z,0.08519,0.08519,0.08515,0.08516,15241,1297.96614,0.08519,0.0852,0.08515,0.08516,0.08525,0.08526,0.08521,0.08522,-0.00057161,-0.00058096,-0.00064632,-0.00058096,-6.0000000000004494e-05,-0.0007040600797935284
1697187300000,2023-10-13T08:55:00Z,0.08516,0.08516,0.08515,0.08515,12842,1093.49689,0.08516,0.08518,0.08516,0.08517,0.08522,0.08524,0.08521,0.08524,-0.00058096,-0.00053109,-0.00058929,-0.00053109,-8.999999999999286e-05,-0.0010558423275456694
1697187600000,2023-10-13T09:00:00Z,0.08515,0.08519,0.08515,0.08517,100592,8566.41022,0.08517,0.08519,0.08515,0.08517,0.08524,0.08524,0.08522,0.08523,-0.00053109,-0.00062243,-0.00063228,-0.00063228,-6.0000000000004494e-05,-0.0007039774727209256
1697187900000,2023-10-13T09:05:00Z,0.08517,0.08518,0.08517,0.08518,5316,452.77588,0.08517,0.0852,0.08517,0.0852,0.08523,0.08526,0.08522,0.08526,-0.00063228,-0.00052598,-0.00066858,-0.00052598,-7.999999999999674e-05,-0.0009383063570255306
1697188200000,2023-10-13T09:10:00Z,0.08518,0.08529,0.08518,0.08529,8673,739.32602,0.0852,0.0853,0.08518,0.0853,0.08526,0.08536,0.08525,0.08536,-0.00052598,-0.00053587,-0.00053756,-0.00053756,-7.000000000000062e-05,-0.0008200562324273737
1697188500000,2023-10-13T09:15:00Z,0.08529,0.08531,0.08529,0.08531,31197,2661.03596,0.0853,0.08532,0.0853,0.08532,0.08536,0.08539,0.08536,0.08539,-0.00053756,-0.00058563,-0.00072871,-0.00072871,-7.999999999999674e-05,-0.000936877854549675
1697188800000,2023-10-13T09:20:00Z,0.08531,0.08533,0.08531,0.08533,7177,612.41028,0.08532,0.08534,0.08531,0.08534,0.08539,0.0854,0.08538,0.0854,-0.00072871,-0.00038821,-0.00058344,-0.00038821,-7.000000000000062e-05,-0.0008196721311475481
1697189100000,2023-10-13T09:25:00Z,0.08533,0.08535,0.08522,0.08522,105094,8961.80612,0.08534,0.08535,0.08522,0.08522,0.0854,0.08541,0.08527,0.08527,-0.00038821,-0.00045095,-0.00055254,-0.00045095,-4.999999999999449e-05,-0.0005863726984870938
1697189400000,2023-10-13T09:30:00Z,0.08522,0.08528,0.08522,0.08522,39267,3347.99688,0.08522,0.08528,0.08522,0.08522,0.08527,0.08531,0.08527,0.08528,-0.00045095,-0.0003483,-0.00046887,-0.00046887,-5.9999999999990616e-05,-0.0007035647279548619
1697189700000,2023-10-13T09:35:00Z,0.08522,0.08525,0.0852,0.08522,72157,6149.97818,0.08522,0.08524,0.0852,0.08523,0.08528,0.0853,0.08525,0.08528,-0.00046887,-0.0003261,-0.00049132,-0.0003261,-5.9999999999990616e-05,-0.0007035647279548619
1697190000000,2023-10-13T09:40:00Z,0.08522,0.08523,0.08518,0.08518,20257,1726.23374,0.08523,0.08524,0.08518,0.08518,0.08528,0.08529,0.08521,0.08521,-0.0003261,-0.0005349,-0.00054872,-0.0005349,-2.999999999998837e-05,-0.0003520713531274307
1697190300000,2023-10-13T09:45:00Z,0.08518,0.08518,0.08518,0.08518,4695,399.9201,0.08518,0.08518,0.08518,0.08518,0.08521,0.08522,0.0852,0.08521,-0.0005349,-0.00023577,-0.00027555,-0.00027555,-2.999999999998837e-05,-0.0003520713531274307
1697190600000,2023-10-13T09:50:00Z,0.08518,0.08518,0.08502,0.08509,292906,24920.64094,0.08518,0.08518,0.08505,0.08509,0.08521,0.08521,0.0851,0.08513,-0.00027555,-0.0004603,-0.00046634,-0.0004603,-3.999999999999837e-05,-0.0004698696111828776
1697190900000,2023-10-13T09:55:00Z,0.08509,0.08509,0.08505,0.08507,28458,2420.55191,0.08509,0.08509,0.08506,0.08508,0.08513,0.08515,0.08512,0.08515,-0.0004603,-0.00044402,-0.00073605,-0.00044402,-7.999999999999674e-05,-0.0009395184967703669
1697191200000,2023-10-13T10:00:00Z,0.08507,0.08513,0.08506,0.0851,196372,16710.44973,0.08508,0.08513,0.08508,0.0851,0.08515,0.0852,0.08515,0.08516,-0.00044402,-0.0004697,-0.00053211,-0.00053211,-6.0000000000004494e-05,-0.0007045561296383806
1697191500000,2023-10-13T10:05:00Z,0.0851,0.08511,0.08508,0.08511,87004,7403.88544,0.0851,0.08512,0.0851,0.08511,0.08516,0.08518,0.08516,0.08517,-0.00053211,-0.00055547,-0.00069856,-0.00055547,-5.9999999999990616e-05,-0.0007044734061288085
1697191800000,2023-10-13T10:10:00Z,0.08511,0.08511,0.08509,0.08509,15560,1324.00287,0.08511,0.08511,0.08509,0.0851,0.08517,0.08517,0.08516,0.08517,-0.00055547,-0.00038856,-0.0004138,-0.00038856,-7.999999999999674e-05,-0.00093929787483852
1697192100000,2023-10-13T10:15:00Z,0.08509,0.0851,0.08509,0.08509,20209,1719.76189,0.0851,0.08511,0.08509,0.0851,0.08517,0.08518,0.08515,0.08517,-0.00038856,-0.00064717,-0.00078889,-0.00078889,-7.999999999999674e-05,-0.00093929787483852
1697192400000,2023-10-13T10:20:00Z,0.08509,0.0851,0.08509,0.0851,219,18.6369,0.0851,0.0851,0.08509,0.0851,0.08517,0.08517,0.08516,0.08517,-0.00078889,-0.00067907,-0.00068682,-0.00068682,-7.000000000000062e-05,-0.0008218856404837457
1697192700000,2023-10-13T10:25:00Z,0.0851,0.08511,0.08509,0.0851,61814,5260.39035,0.0851,0.08512,0.0851,0.0851,0.08517,0.08518,0.08516,0.08517,-0.00068682,-0.0006134,-0.00073629,-0.00073629,-7.000000000000062e-05,-0.0008218856404837457
1697193000000,2023-10-13T10:30:00Z,0.0851,0.0851,0.08508,0.0851,35571,3026.90357,0.0851,0.08511,0.08509,0.0851,0.08517,0.08518,0.08517,0.08517,-0.00073629,-0.00048949,-0.00057214,-0.00048949,-7.000000000000062e-05,-0.0008218856404837457
1697193300000,2023-10-13T10:35:00Z,0.0851,0.08511,0.08509,0.0851,29493,2509.84591,0.0851,0.08511,0.0851,0.08511,0.08517,0.08518,0.08516,0.08517,-0.00048949,-0.0004562,-0.00057837,-0.0004562,-7.000000000000062e-05,-0.0008218856404837457
1697193600000,2023-10-13T10:40:00Z,0.0851,0.0851,0.08509,0.08509,6155,523.76502,0.08511,0.08511,0.08509,0.08509,0.08517,0.08518,0.08516,0.08517,-0.0004562,-0.00075358,-0.00086569,-0.00086569,-7.999999999999674e-05,-0.00093929787483852
1697193900000,2023-10-13T10:45:00Z,0.08509,0.08511,0.08509,0.08511,63030,5363.97387,0.08509,0.08511,0.08509,0.08511,0.08517,0.08519,0.08517,0.08519,-0.00086569,-0.0004319,-0.00087837,-0.0004319,-7.999999999999674e-05,-0.0009390773564972031
1697194200000,2023-10-13T10:50:00Z,0.08511,0.08516,0.08511,0.08516,31399,2672.8227,0.08511,0.08516,0.08511,0.08516,0.08519,0.08523,0.08518,0.08523,-0.0004319,-0.00058519,-0.00058804,-0.00058519,-7.000000000000062e-05,-0.0008213070515076923
1697194500000,2023-10-13T10:55:00Z,0.08516,0.08516,0.08512,0.08512,8523,725.71437,0.08516,0.08517,0.08513,0.08513,0.08523,0.08524,0.08521,0.08521,-0.00058519,-0.00065935,-0.00075196,-0.00065935,-8.999999999999286e-05,-0.001056214059382618
1697194800000,2023-10-13T11:00:00Z,0.08512,0.08513,0.08512,0.08513,27160,2312.1293,0.08513,0.08515,0.08512,0.08515,0.08521,0.08522,0.0852,0.08522,-0.00065935,-0.00064452,-0.00073034,-0.00073034,-9.000000000000674e-05,-0.0010560901196902926
1697195100000,2023-10-13T11:05:00Z,0.08513,0.08515,0.08513,0.08515,15292,1302.11294,0.08515,0.08518,0.08514,0.08517,0.08522,0.08526,0.08521,0.08525,-0.00073034,-0.00069552,-0.00075058,-0.00075058,-0.00010000000000000286,-0.0011730205278592711
1697195400000,2023-10-13T11:10:00Z,0.08515,0.08518,0.08515,0.08518,534,45.48102,0.08517,0.08519,0.08516,0.08519,0.08525,0.08527,0.08525,0.08527,-0.00075058,-0.00054111,-0.00064555,-0.00054111,-8.999999999999286e-05,-0.0010554708572768016
1697195700000,2023-10-13T11:15:00Z,0.08518,0.08525,0.08518,0.08521,111685,9518.49364,0.08519,0.08525,0.08519,0.08523,0.08527,0.08532,0.08527,0.08532,-0.00054111,-0.00079592,-0.00081455,-0.00079592,-0.00010999999999999899,-0.0012892639474917837
1697196000000,2023-10-13T11:20:00Z,0.08521,0.08527,0.08521,0.08527,78647,6704.75626,0.08523,0.08528,0.08522,0.08527,0.08532,0.08536,0.08531,0.08535,-0.00079592,-0.00064987,-0.0006951,-0.00064987,-7.999999999999674e-05,-0.0009373169302870152
1697196300000,2023-10-13T11:25:00Z,0.08527,0.0853,0.08527,0.0853,5419,462.12929,0.08527,0.0853,0.08527,0.0853,0.08535,0.08538,0.08535,0.08538,-0.00064987,-0.00063746,-0.00070235,-0.00063746,-7.999999999999674e-05,-0.0009369875849144617
1697196600000,2023-10-13T11:30:00Z,0.0853,0.0853,0.08526,0.08527,97655,8326.65992,0.0853,0.0853,0.08527,0.08528,0.08538,0.08538,0.08536,0.08537,-0.00063746,-0.00095477,-0.00099226,-0.00099226,-0.00010000000000000286,-0.0011713716762329022
1697196900000,2023-10-13T11:35:00Z,0.08527,0.08528,0.08526,0.08528,43017,3667.9664,0.08528,0.08528,0.08527,0.08528,0.08537,0.08538,0.08537,0.08538,-0.00099226,-0.00065667,-0.00093605,-0.00065667,-0.00010000000000000286,-0.0011712344811431585
1697197200000,2023-10-13T11:40:00Z,0.08528,0.0853,0.08528,0.08528,50198,4281.78994,0.08528,0.08531,0.08528,0.0853,0.08538,0.08539,0.08537,0.08539,-0.00065667,-0.00078276,-0.00094144,-0.00094144,-0.00010999999999999899,-0.0012882070500058436
1697197500000,2023-10-13T11:45:00Z,0.08528,0.08528,0.08522,0.08528,10304,878.44161,0.0853,0.0853,0.08524,0.08528,0.08539,0.08539,0.08534,0.08538,-0.00094144,-0.00075843,-0.00090428,-0.00075843,-0.00010000000000000286,-0.0011712344811431585
1697197800000,2023-10-13T11:50:00Z,0.08528,0.08528,0.08528,0.08528,1434,122.29152,0.08528,0.08528,0.08528,0.08528,0.08538,0.08538,0.08537,0.08537,-0.00075843,-0.00090406,-0.0010219,-0.0010219,-9.000000000000674e-05,-0.0010542345086096607
1697198100000,2023-10-13T11:55:00Z,0.08528,0.08528,0.08527,0.08527,6883,586.92227,0.08528,0.08528,0.08527,0.08528,0.08537,0.08538,0.08537,0.08538,-0.0010219,-0.00092351,-0.00092433,-0.00092351,-0.00010999999999999899,-0.0012883579292574255
1697198400000,2023-10-13T12:00:00Z,0.08527,0.08532,0.08527,0.0853,32641,2784.26236,0.08528,0.08532,0.08527,0.0853,0.08538,0.08542,0.08537,0.08539,-0.00092351,-0.0009637,-0.00105011,-0.00105011,-8.999999999999286e-05,-0.0010539875863683438
1697198700000,2023-10-13T12:05:00Z,0.0853,0.08531,0.08524,0.08531,7302,622.77087,0.0853,0.08531,0.08525,0.08531,0.08539,0.08541,0.08537,0.0854,-0.00105011,-0.00093053,-0.00093395,-0.00093395,-9.000000000000674e-05,-0.001053864168618346
1697199000000,2023-10-13T12:10:00Z,0.08531,0.08531,0.08529,0.08531,18878,1610.18338,0.08531,0.08531,0.08529,0.08531,0.0854,0.0854,0.08538,0.08539,-0.00093395,-0.00080316,-0.00094718,-0.00080316,-7.999999999999674e-05,-0.000936877854549675
1697199300000,2023-10-13T12:15:00Z,0.08531,0.08533,0.08529,0.08533,19909,1698.6793,0.08531,0.08533,0.08529,0.08533,0.08539,0.08542,0.08538,0.0854,-0.00080316,-0.00072962,-0.00084381,-0.00072962,-7.000000000000062e-05,-0.0008196721311475481
1697199600000,2023-10-13T12:20:00Z,0.08533,0.08535,0.08533,0.08535,14678,1252.61637,0.08533,0.08535,0.08533,0.08535,0.0854,0.08544,0.0854,0.08544,-0.00072962,-0.00084176,-0.0008449,-0.00084176,-9.000000000000674e-05,-0.0010533707865169328
1697199900000,2023-10-13T12:25:00Z,0.08535,0.08536,0.08534,0.08535,55762,4759.41053,0.08535,0.08536,0.08534,0.08536,0.08544,0.08545,0.08543,0.08545,-0.00084176,-0.00086072,-0.00100374,-0.00100374,-0.00010000000000000286,-0.0011702750146284713
1697200200000,2023-10-13T12:30:00Z,0.08535,0.0854,0.08534,0.0854,49531,4229.1958,0.08536,0.0854,0.08535,0.0854,0.08545,0.08548,0.08544,0.08548,-0.00100374,-0.00061455,-0.00074271,-0.00074271,-7.999999999999674e-05,-0.0009358914365933171
1697200500000,2023-10-13T12:35:00Z,0.0854,0.08542,0.08538,0.08539,52864,4514.72303,0.0854,0.08542,0.08539,0.0854,0.08548,0.08549,0.08547,0.08548,-0.00074271,-0.00066085,-0.00076804,-0.00066085,-9.000000000000674e-05,-0.0010528778661676034
1697200800000,2023-10-13T12:40:00Z,0.08539,0.0854,0.08539,0.0854,3192,272.59675,0.0854,0.08541,0.08539,0.08541,0.08548,0.08549,0.08547,0.08549,-0.00066085,-0.00083563,-0.00085727,-0.00083563,-8.999999999999286e-05,-0.0010527547081529169
1697201100000,2023-10-13T12:45:00Z,0.0854,0.0854,0.08539,0.08539,32012,2733.75928,0.08541,0.08541,0.08539,0.08541,0.08549,0.08549,0.08546,0.08549,-0.00083563,-0.00072025,-0.00073654,-0.00073654,-0.00010000000000000286,-0.0011697274535033672
1697201400000,2023-10-13T12:50:00Z,0.08539,0.08553,0.08539,0.08549,710963,60783.7349,0.08541,0.08549,0.08541,0.08549,0.08549,0.08554,0.08549,0.08554,-0.00073654,-0.00036443,-0.0003826,-0.00036443,-5.000000000000837e-05,-0.0005845218611177036
1697201700000,2023-10-13T12:55:00Z,0.08549,0.08552,0.08549,0.08552,10150,867.94438,0.08549,0.08552,0.08549,0.08552,0.08554,0.08557,0.08554,0.08557,-0.00036443,-0.00029959,-0.00032308,-0.00029959,-4.999999999999449e-05,-0.0005843169335046686
1697202000000,2023-10-13T13:00:00Z,0.08552,0.08558,0.08546,0.08549,339577,29041.68502,0.08552,0.08558,0.08549,0.08552,0.08557,0.08562,0.08554,0.08557,-0.00029959,-0.00029733,-0.00063285,-0.00029733,-7.999999999999674e-05,-0.0009349070936075347
1697202300000,2023-10-13T13:05:00Z,0.08549,0.08555,0.08549,0.08555,52053,4451.92923,0.08552,0.08557,0.0855,0.08556,0.08557,0.08564,0.08556,0.08563,-0.00029733,-0.00041018,-0.00053568,-0.00041018,-7.999999999999674e-05,-0.0009342520144808682
1697202600000,2023-10-13T13:10:00Z,0.08555,0.08562,0.08555,0.0856,93922,8040.09402,0.08556,0.08562,0.08556,0.0856,0.08563,0.08566,0.08563,0.08565,-0.00041018,-0.00032025,-0.00043852,-0.00043852,-5.000000000000837e-05,-0.0005837711617047095
1697202900000,2023-10-13T13:15:00Z,0.0856,0.08564,0.08557,0.08561,422408,36163.08039,0.0856,0.08564,0.08559,0.08561,0.08565,0.08566,0.08564,0.08566,-0.00043852,-0.00031158,-0.00059019,-0.00031158,-4.999999999999449e-05,-0.0005837030119074772
1697203200000,2023-10-13T13:20:00Z,0.08561,0.08561,0.08556,0.08556,14402,1232.45767,0.08561,0.08561,0.08556,0.08556,0.08566,0.08566,0.08562,0.08563,-0.00031158,-0.00058528,-0.00079941,-0.00079941,-7.000000000000062e-05,-0.0008174705126708002
1697203500000,2023-10-13T13:25:00Z,0.08556,0.08564,0.08556,0.08563,94309,8072.76354,0.08556,0.08563,0.08556,0.08563,0.08563,0.08568,0.08563,0.08568,-0.00079941,-0.00029543,-0.00032601,-0.00032601,-5.000000000000837e-05,-0.000583566760037446
1697203800000,2023-10-13T13:30:00Z,0.08563,0.08572,0.08558,0.08558,720563,61740.53577,0.08563,0.08569,0.08559,0.08559,0.08568,0.08571,0.08564,0.08564,-0.00032601,-0.00034742,-0.00050992,-0.00050992,-5.9999999999990616e-05,-0.0007006071929004042
1697204100000,2023-10-13T13:35:00Z,0.08558,0.08558,0.08551,0.08554,121183,10364.87436,0.08559,0.0856,0.08553,0.08556,0.08564,0.08565,0.08558,0.08562,-0.00050992,-0.00057808,-0.00068913,-0.00057808,-7.999999999999674e-05,-0.0009343611305769299
1697204400000,2023-10-13T13:40:00Z,0.08554,0.08558,0.08552,0.08553,6046,517.33965,0.08556,0.08559,0.08553,0.08553,0.08562,0.08565,0.08559,0.08559,-0.00057808,-0.00058397,-0.00059532,-0.00059532,-6.0000000000004494e-05,-0.0007010164738871889
1697204700000,2023-10-13T13:45:00Z,0.08553,0.08554,0.08546,0.08554,117502,10044.16493,0.08553,0.08554,0.08548,0.08554,0.08559,0.08559,0.08555,0.08559,-0.00059532,-0.00030077,-0.00064882,-0.00030077,-4.999999999999449e-05,-0.0005841803949058826
1697205000000,2023-10-13T13:50:00Z,0.08554,0.08555,0.08553,0.08554,8980,768.14536,0.08554,0.08557,0.08553,0.08555,0.08559,0.08563,0.08558,0.08562,-0.00030077,-0.0004639,-0.0004938,-0.0004938,-7.999999999999674e-05,-0.0009343611305769299
1697205300000,2023-10-13T13:55:00Z,0.08554,0.08555,0.08554,0.08554,15345,1312.62216,0.08555,0.08556,0.08554,0.08554,0.08562,0.08563,0.08562,0.08562,-0.0004938,-0.00035353,-0.00067301,-0.00035353,-7.999999999999674e-05,-0.0009343611305769299
1697205600000,2023-10-13T14:00:00Z,0.08554,0.08555,0.08552,0.08554,15155,1296.23937,0.08554,0.08556,0.08553,0.08556,0.08562,0.08563,0.0856,0.08563,-0.00035353,-0.00038916,-0.00062535,-0.00038916,-8.999999999999286e-05,-0.0010510335162909363
1697205900000,2023-10-13T14:05:00Z,0.08554,0.08559,0.08553,0.08556,16632,1423.08648,0.08556,0.08559,0.08553,0.08556,0.08563,0.08565,0.08559,0.08563,-0.00038916,-0.00020911,-0.00041909,-0.00020911,-7.000000000000062e-05,-0.0008174705126708002
1697206200000,2023-10-13T14:10:00Z,0.08556,0.08557,0.08556,0.08556,3122,267.12309,0.08556,0.08558,0.08556,0.08556,0.08563,0.08565,0.08563,0.08563,-0.00020911,-0.00054834,-0.00063666,-0.00054834,-7.000000000000062e-05,-0.0008174705126708002
1697206500000,2023-10-13T14:15:00Z,0.08556,0.08556,0.08551,0.08552,40110,3430.19623,0.08556,0.08556,0.08552,0.08552,0.08563,0.08563,0.08559,0.08559,-0.00054834,-0.00057488,-0.00059462,-0.00057488,-7.000000000000062e-05,-0.0008178525528683329
1697206800000,2023-10-13T14:20:00Z,0.08552,0.08553,0.08546,0.08546,55675,4758.08704,0.08552,0.08553,0.08546,0.08546,0.08559,0.0856,0.08552,0.08553,-0.00057488,-0.00064827,-0.00077381,-0.00077381,-7.000000000000062e-05,-0.0008184262831755012
1697207100000,2023-10-13T14:25:00Z,0.08546,0.08546,0.08542,0.08545,61511,5255.12575,0.08546,0.08546,0.08542,0.08546,0.08553,0.08553,0.08549,0.08553,-0.00077381,-0.0004141,-0.00064877,-0.00064877,-7.999999999999674e-05,-0.0009353443236290979
1697207400000,2023-10-13T14:30:00Z,0.08545,0.08545,0.08545,0.08545,3002,256.5209,0.08546,0.08546,0.08545,0.08545,0.08553,0.08553,0.0855,0.08552,-0.00064877,-0.00040428,-0.00053169,-0.00040428,-7.000000000000062e-05,-0.0008185219831618407
1697207700000,2023-10-13T14:35:00Z,0.08545,0.08545,0.08531,0.08543,860343,73445.47751,0.08545,0.08546,0.0854,0.08543,0.08552,0.08553,0.08547,0.08549,-0.00040428,-0.00048514,-0.00064751,-0.00048514,-5.9999999999990616e-05,-0.0007018364721018905
1697208000000,2023-10-13T14:40:00Z,0.08543,0.08543,0.08543,0.08543,1448,123.70264,0.08543,0.08545,0.08543,0.08544,0.08549,0.08552,0.08549,0.08552,-0.00048514,-0.00061064,-0.0007366,-0.00061064,-8.999999999999286e-05,-0.001052385406922274
1697208300000,2023-10-13T14:45:00Z,0.08543,0.08543,0.08539,0.08539,17202,1469.11068,0.08544,0.08544,0.08539,0.08539,0.08552,0.08552,0.08547,0.08548,-0.00061064,-0.0006674,-0.00072371,-0.0006674,-9.000000000000674e-05,-0.0010528778661676034
1697208600000,2023-10-13T14:50:00Z,0.08539,0.08541,0.08515,0.08524,952149,81162.90498,0.08539,0.08541,0.08517,0.08525,0.08548,0.08549,0.08525,0.08533,-0.0006674,-0.00053933,-0.00054928,-0.00053933,-9.000000000000674e-05,-0.001054728700339936
1697208900000,2023-10-13T14:55:00Z,0.08524,0.08529,0.08522,0.08523,225066,19189.01189,0.08525,0.08529,0.08524,0.08524,0.08533,0.08534,0.08531,0.08531,-0.00053933,-0.00063853,-0.0006717,-0.0006717,-7.999999999999674e-05,-0.0009377564177704459
1697209200000,2023-10-13T15:00:00Z,0.08523,0.08523,0.08518,0.08521,59649,5082.67452,0.08524,0.08525,0.08518,0.08521,0.08531,0.08532,0.08525,0.08528,-0.0006717,-0.00044805,-0.00052069,-0.00052069,-7.000000000000062e-05,-0.0008208255159474745
1697209500000,2023-10-13T15:05:00Z,0.08521,0.08521,0.08512,0.08513,106244,9045.18796,0.08521,0.08522,0.08513,0.08513,0.08528,0.08529,0.0852,0.0852,-0.00052069,-0.00032848,-0.00052845,-0.00052845,-7.000000000000062e-05,-0.0008215962441314626
1697209800000,2023-10-13T15:10:00Z,0.08513,0.08515,0.08512,0.08515,60040,5110.93755,0.08513,0.08515,0.08512,0.08515,0.0852,0.08521,0.08518,0.08521,-0.00052845,-0.00041237,-0.00064284,-0.00064284,-5.9999999999990616e-05,-0.0007041427062550243
1697210100000,2023-10-13T15:15:00Z,0.08515,0.0853,0.08514,0.0852,862670,73551.9756,0.08515,0.08524,0.08514,0.08522,0.08521,0.08529,0.0852,0.08528,-0.00064284,-0.00033352,-0.00042019,-0.00033352,-7.999999999999674e-05,-0.0009380863039399243
1697210400000,2023-10-13T15:20:00Z,0.0852,0.08522,0.08508,0.0851,239160,20356.60693,0.08522,0.08523,0.0851,0.0851,0.08528,0.08529,0.08517,0.08517,-0.00033352,-0.00059042,-0.00067839,-0.00059042,-7.000000000000062e-05,-0.0008218856404837457
1697210700000,2023-10-13T15:25:00Z,0.0851,0.0852,0.08507,0.0852,369178,31420.3555,0.0851,0.08523,0.0851,0.08522,0.08517,0.08531,0.08516,0.0853,-0.00059042,-0.00024029,-0.00059265,-0.00024029,-0.00010000000000000286,-0.0011723329425557193
1697211000000,2023-10-13T15:30:00Z,0.0852,0.08528,0.0852,0.08525,169248,14426.71665,0.08522,0.08528,0.08521,0.08525,0.0853,0.08535,0.08529,0.08533,-0.00024029,-0.00067783,-0.00070909,-0.00067783,-7.999999999999674e-05,-0.0009375366225242791
1697211300000,2023-10-13T15:35:00Z,0.08525,0.08534,0.08525,0.0853,145878,12443.73342,0.08525,0.08534,0.08525,0.08531,0.08533,0.08539,0.08533,0.08539,-0.00067783,-0.00055486,-0.00080735,-0.00055486,-8.999999999999286e-05,-0.0010539875863683438
1697211600000,2023-10-13T15:40:00Z,0.0853,0.0853,0.08517,0.08523,100375,8556.17279,0.08531,0.08531,0.08519,0.08523,0.08539,0.08539,0.08527,0.08532,-0.00055486,-0.00076782,-0.00079047,-0.00079047,-8.999999999999286e-05,-0.001054852320675022
1697211900000,2023-10-13T15:45:00Z,0.08523,0.08525,0.08521,0.08521,30229,2576.43342,0.08523,0.08525,0.08521,0.08521,0.08532,0.08534,0.08529,0.0853,-0.00079047,-0.00063368,-0.00106704,-0.00106704,-9.000000000000674e-05,-0.0010550996483001962
1697212200000,2023-10-13T15:50:00Z,0.08521,0.08523,0.08514,0.08515,136202,11603.16949,0.08521,0.08523,0.08514,0.08517,0.0853,0.0853,0.08522,0.08526,-0.00106704,-0.00072231,-0.00087215,-0.00087215,-0.00010999999999999899,-0.0012901712409101452
1697212500000,2023-10-13T15:55:00Z,0.08515,0.08521,0.08515,0.0852,70824,6032.43863,0.08517,0.08521,0.08516,0.0852,0.08526,0.0853,0.08525,0.08528,-0.00087215,-0.00066811,-0.00073771,-0.00066811,-7.999999999999674e-05,-0.0009380863039399243
1697212800000,2023-10-13T16:00:00Z,0.0852,0.0852,0.08513,0.08519,49153,4186.41935,0.0852,0.0852,0.08513,0.08519,0.08528,0.08528,0.08521,0.08527,-0.00066811,-0.00066893,-0.00090389,-0.00066893,-7.999999999999674e-05,-0.0009381963175794153
1697213100000,2023-10-13T16:05:00Z,0.08519,0.08527,0.08519,0.08523,18502,1576.8876,0.08519,0.08527,0.08519,0.08525,0.08527,0.08534,0.08527,0.08533,-0.00066893,-0.00070365,-0.00073423,-0.00073423,-0.00010000000000000286,-0.0011719207781554302
1697213400000,2023-10-13T16:10:00Z,0.08523,0.08527,0.08523,0.08525,36603,3120.40293,0.08525,0.08527,0.08525,0.08525,0.08533,0.08533,0.08532,0.08533,-0.00073423,-0.00073104,-0.00075389,-0.00075389,-7.999999999999674e-05,-0.0009375366225242791
1697213700000,2023-10-13T16:15:00Z,0.08525,0.08525,0.08523,0.08523,1815,154.69775,0.08525,0.08525,0.08523,0.08523,0.08533,0.08533,0.08529,0.0853,-0.00075389,-0.00074129,-0.00080316,-0.00080316,-7.000000000000062e-05,-0.0008206330597889873
1697214000000,2023-10-13T16:20:00Z,0.08523,0.08524,0.08522,0.08524,28928,2465.80518,0.08523,0.08524,0.08522,0.08524,0.0853,0.0853,0.08529,0.08529,-0.00080316,-0.0005966,-0.00061758,-0.0005966,-5.000000000000837e-05,-0.0005862351975613597
1697214300000,2023-10-13T16:25:00Z,0.08524,0.08524,0.08516,0.08517,143977,12266.65465,0.08524,0.08524,0.08517,0.08517,0.08529,0.0853,0.08523,0.08523,-0.0005966,-0.0005092,-0.00055646,-0.0005092,-6.0000000000004494e-05,-0.0007039774727209256
1697214600000,2023-10-13T16:30:00Z,0.08517,0.08524,0.08516,0.08524,51778,4410.38938,0.08517,0.08524,0.08517,0.08524,0.08523,0.0853,0.08523,0.08527,-0.0005092,-0.0004136,-0.00072458,-0.00072458,-3.0000000000002247e-05,-0.00035182361909232143
1697214900000,2023-10-13T16:35:00Z,0.08524,0.08529,0.08521,0.08528,312591,26652.30803,0.08524,0.08529,0.08521,0.08528,0.08527,0.08531,0.08527,0.0853,-0.00072458,-0.00023443,-0.00041815,-0.00023443,-2.0000000000006124e-05,-0.00023446658851120896
1697215200000,2023-10-13T16:40:00Z,0.08528,0.08529,0.08524,0.08529,304052,25928.84271,0.08528,0.08529,0.08526,0.08529,0.0853,0.08531,0.08529,0.08531,-0.00023443,-0.000177,-0.00023443,-0.00023443,-1.9999999999992246e-05,-0.00023443910444253014
1697215500000,2023-10-13T16:45:00Z,0.08529,0.0853,0.08524,0.08524,41088,3504.05367,0.08529,0.08532,0.08524,0.08524,0.08531,0.08535,0.08529,0.08529,-0.00023443,-0.00037357,-0.00037564,-0.00037357,-5.000000000000837e-05,-0.0005862351975613597
1697215800000,2023-10-13T16:50:00Z,0.08524,0.0853,0.08524,0.0853,7234,616.70519,0.08524,0.0853,0.08524,0.0853,0.08529,0.08535,0.08529,0.08534,-0.00037357,-0.00031286,-0.0003413,-0.0003413,-3.999999999999837e-05,-0.00046871338176703037
1697216100000,2023-10-13T16:55:00Z,0.0853,0.0853,0.08528,0.08528,51753,4413.7984,0.0853,0.0853,0.08528,0.08528,0.08534,0.08535,0.08531,0.08531,-0.0003413,-0.00038828,-0.00043133,-0.00043133,-3.0000000000002247e-05,-0.0003516586566639579
1697216400000,2023-10-13T17:00:00Z,0.08528,0.08528,0.08521,0.08521,12760,1087.33915,0.08528,0.08528,0.08521,0.08521,0.08531,0.08531,0.08527,0.08527,-0.00043133,-0.00041932,-0.00046904,-0.00041932,-6.0000000000004494e-05,-0.0007036472381846429
1697216700000,2023-10-13T17:05:00Z,0.08521,0.08521,0.08517,0.08517,1103,93.96993,0.08521,0.08521,0.08517,0.08517,0.08527,0.08527,0.08521,0.08522,-0.00041932,-0.00038791,-0.00062545,-0.00062545,-5.000000000000837e-05,-0.0005867167331613279
1697217000000,2023-10-13T17:10:00Z,0.08517,0.08517,0.08512,0.08513,36915,3142.88455,0.08517,0.08517,0.08513,0.08513,0.08522,0.08522,0.08519,0.08519,-0.00062545,-0.00054759,-0.00058685,-0.00054759,-6.0000000000004494e-05,-0.0007043080173729839
1697217300000,2023-10-13T17:15:00Z,0.08513,0.08513,0.08509,0.0851,97708,8315.37108,0.08513,0.08514,0.08511,0.08512,0.08519,0.0852,0.08518,0.08519,-0.00054759,-0.00059467,-0.0009204,-0.00059467,-9.000000000000674e-05,-0.0010564620260594757
1697217600000,2023-10-13T17:20:00Z,0.0851,0.08518,0.0851,0.08517,77345,6585.09656,0.08512,0.08519,0.08511,0.08519,0.08519,0.08526,0.08518,0.08526,-0.00059467,-0.00056945,-0.00070299,-0.00070299,-9.000000000000674e-05,-0.001055594651653844
1697217900000,2023-10-13T17:25:00Z,0.08517,0.08517,0.08513,0.08513,14687,1250.46688,0.08519,0.08519,0.08513,0.08513,0.08526,0.08526,0.08521,0.08522,-0.00070299,-0.0008505,-0.00095224,-0.0008505,-9.000000000000674e-05,-0.0010560901196902926
1697218200000,2023-10-13T17:30:00Z,0.08513,0.08513,0.08506,0.08506,48900,4161.20302,0.08513,0.08513,0.08507,0.08508,0.08522,0.08522,0.08515,0.08516,-0.0008505,-0.00063939,-0.00065316,-0.00065316,-0.00010000000000000286,-0.0011742602160639134
1697218500000,2023-10-13T17:35:00Z,0.08506,0.08508,0.08505,0.08508,132575,11278.10866,0.08508,0.08511,0.08506,0.08511,0.08516,0.0852,0.08515,0.08519,-0.00065316,-0.0006294,-0.0006593,-0.0006593,-0.00010999999999999899,-0.001291231365183695
1697218800000,2023-10-13T17:40:00Z,0.08508,0.0852,0.08508,0.0852,60330,5137.11921,0.08511,0.0852,0.08511,0.0852,0.08519,0.08527,0.08519,0.08527,-0.0006593,-0.0007237,-0.00078864,-0.0007237,-7.000000000000062e-05,-0.000820921777882029
1697219100000,2023-10-13T17:45:00Z,0.0852,0.0852,0.08516,0.08516,4269,363.62298,0.0852,0.0852,0.08516,0.08516,0.08527,0.08527,0.08522,0.08522,-0.0007237,-0.00094098,-0.00096446,-0.00094098,-6.0000000000004494e-05,-0.0007040600797935284
1697219400000,2023-10-13T17:50:00Z,0.08516,0.08516,0.08507,0.08508,303079,25791.86226,0.08516,0.08516,0.0851,0.08511,0.08522,0.08523,0.08521,0.08522,-0.00094098,-0.00096175,-0.00111451,-0.00096175,-0.00014000000000000123,-0.0016428068528514578
1697219700000,2023-10-13T17:55:00Z,0.08508,0.08508,0.08507,0.08507,48369,4114.99318,0.08511,0.08511,0.08508,0.08508,0.08522,0.08522,0.08521,0.08521,-0.00096175,-0.00119152,-0.00121523,-0.00119152,-0.00013999999999998736,-0.0016429996479284986
1697220000000,2023-10-13T18:00:00Z,0.08507,0.08516,0.08507,0.08515,168628,14357.14574,0.08508,0.08516,0.08508,0.08515,0.08521,0.08524,0.08521,0.08523,-0.00119152,-0.0008957,-0.00093137,-0.00093137,-7.999999999999674e-05,-0.000938636630294459
1697220300000,2023-10-13T18:05:00Z,0.08515,0.08515,0.08509,0.08509,6657,566.70366,0.08515,0.08515,0.08509,0.08509,0.08523,0.08523,0.08519,0.08519,-0.00093137,-0.00087862,-0.00099589,-0.00087862,-0.00010000000000000286,-0.0011738466956215854
1697220600000,2023-10-13T18:10:00Z,0.08509,0.08512,0.08509,0.08512,31314,2664.5376,0.08509,0.08512,0.08509,0.08512,0.08519,0.08521,0.08519,0.0852,-0.00087862,-0.00070985,-0.00084145,-0.00084145,-7.999999999999674e-05,-0.0009389671361501966
1697220900000,2023-10-13T18:15:00Z,0.08512,0.08513,0.0851,0.08511,10886,926.5201,0.08512,0.08513,0.08511,0.08512,0.0852,0.08522,0.0852,0.08522,-0.00084145,-0.00087326,-0.00087796,-0.00087326,-0.00010999999999999899,-0.0012907768129546936
1697221200000,2023-10-13T18:20:00Z,0.08511,0.08511,0.0851,0.0851,10667,907.86591,0.08512,0.08512,0.0851,0.0851,0.08522,0.08522,0.0852,0.0852,-0.00087326,-0.00103145,-0.00106935,-0.00106935,-0.00010000000000000286,-0.001173708920187827
1697221500000,2023-10-13T18:25:00Z,0.0851,0.0851,0.08507,0.08508,9838,837.13543,0.0851,0.0851,0.08508,0.08508,0.0852,0.0852,0.08519,0.0852,-0.00106935,-0.0008697,-0.00098697,-0.00098697,-0.00011999999999999511,-0.0014084507042252947
1697221800000,2023-10-13T18:30:00Z,0.08508,0.0851,0.08508,0.0851,28905,2459.53242,0.08508,0.0851,0.08508,0.0851,0.0852,0.0852,0.08518,0.08519,-0.00098697,-0.00101291,-0.00102265,-0.00102265,-9.000000000000674e-05,-0.0010564620260594757
1697222100000,2023-10-13T18:35:00Z,0.0851,0.0851,0.08504,0.08504,4613,392.51003,0.0851,0.0851,0.08504,0.08504,0.08519,0.0852,0.08514,0.08514,-0.00102265,-0.00101092,-0.00102853,-0.00101092,-9.999999999998899e-05,-0.0011745360582568593
1697222400000,2023-10-13T18:40:00Z,0.08504,0.08507,0.08503,0.08503,21950,1866.84691,0.08504,0.08507,0.08504,0.08504,0.08514,0.08516,0.08514,0.08515,-0.00101092,-0.00086073,-0.00109358,-0.00109358,-0.00012000000000000899,-0.0014092777451557132
1697222700000,2023-10-13T18:45:00Z,0.08503,0.08505,0.08503,0.08505,5655,480.87001,0.08504,0.08505,0.08503,0.08505,0.08515,0.08516,0.08515,0.08516,-0.00109358,-0.00078898,-0.00092238,-0.00092238,-0.00010999999999999899,-0.0012916862376702559
1697223000000,2023-10-13T18:50:00Z,0.08505,0.08508,0.08505,0.08506,12585,1070.38109,0.08505,0.08507,0.08505,0.08507,0.08516,0.08517,0.08515,0.08517,-0.00092238,-0.00087507,-0.00105682,-0.00105682,-0.00010999999999999899,-0.0012915345779030056
1697223300000,2023-10-13T18:55:00Z,0.08506,0.08509,0.08506,0.08509,5386,458.15518,0.08507,0.08509,0.08506,0.08509,0.08517,0.08517,0.08516,0.08517,-0.00105682,-0.00073649,-0.00079652,-0.00073649,-7.999999999999674e-05,-0.00093929787483852
1697223600000,2023-10-13T19:00:00Z,0.08509,0.08509,0.08508,0.08508,7366,626.71622,0.08509,0.0851,0.08508,0.08509,0.08517,0.08519,0.08517,0.08519,-0.00073649,-0.00088425,-0.00091947,-0.00088425,-0.00010999999999999899,-0.001291231365183695
1697223900000,2023-10-13T19:05:00Z,0.08508,0.08509,0.085,0.08504,188555,16034.56287,0.08509,0.0851,0.08502,0.08504,0.08519,0.0852,0.08513,0.08514,-0.00088425,-0.00087739,-0.00092062,-0.00092062,-9.999999999998899e-05,-0.0011745360582568593
1697224200000,2023-10-13T19:10:00Z,0.08504,0.08505,0.085,0.08502,29332,2493.76216,0.08504,0.08505,0.08501,0.08503,0.08514,0.08515,0.08512,0.08514,-0.00092062,-0.00090521,-0.00127868,-0.00127868,-0.00011999999999999511,-0.0014094432699083288
1697224500000,2023-10-13T19:15:00Z,0.08502,0.08506,0.08502,0.08506,6856,583.00432,0.08503,0.08506,0.08503,0.08506,0.08514,0.08515,0.08514,0.08514,-0.00127868,-0.00098402,-0.00110205,-0.00098402,-7.999999999999674e-05,-0.0009396288466055526
1697224800000,2023-10-13T19:20:00Z,0.08506,0.08506,0.08505,0.08505,15776,1341.74905,0.08506,0.08507,0.08505,0.08507,0.08514,0.08516,0.08514,0.08516,-0.00098402,-0.00097862,-0.0011354,-0.0011354,-0.00010999999999999899,-0.0012916862376702559
1697225100000,2023-10-13T19:25:00Z,0.08505,0.08509,0.08502,0.08503,195987,16666.63692,0.08507,0.08509,0.08505,0.08506,0.08516,0.08518,0.08515,0.08516,-0.0011354,-0.00084806,-0.00114128,-0.00114128,-0.0001300000000000051,-0.0015265382808831037
1697225400000,2023-10-13T19:30:00Z,0.08503,0.08511,0.08503,0.08504,189793,16149.07317,0.08506,0.08511,0.08505,0.08505,0.08516,0.08517,0.08515,0.08515,-0.00114128,-0.00093553,-0.00098696,-0.00098696,-0.00010999999999999899,-0.001291837933059295
1697225700000,2023-10-13T19:35:00Z,0.08504,0.08506,0.08502,0.08506,29909,2543.33556,0.08505,0.08506,0.08504,0.08506,0.08515,0.08516,0.08515,0.08515,-0.00098696,-0.00106564,-0.0010957,-0.00106564,-9.000000000000674e-05,-0.001056958308866785
1697226000000,2023-10-13T19:40:00Z,0.08506,0.08506,0.08502,0.08502,20245,1721.47839,0.08506,0.08506,0.08503,0.08503,0.08515,0.08516,0.08514,0.08514,-0.00106564,-0.00113082,-0.00113106,-0.00113106,-0.00011999999999999511,-0.0014094432699083288
1697226300000,2023-10-13T19:45:00Z,0.08502,0.08508,0.08499,0.08503,316575,26921.36439,0.08503,0.08508,0.085,0.08505,0.08514,0.08515,0.0851,0.08515,-0.00113106,-0.000844,-0.00108907,-0.000844,-0.00012000000000000899,-0.0014092777451557132
1697226600000,2023-10-13T19:50:00Z,0.08503,0.08507,0.08503,0.08505,37743,3210.61114,0.08505,0.08507,0.08504,0.08505,0.08515,0.08516,0.08514,0.08514,-0.000844,-0.0010108,-0.00118201,-0.00118201,-8.999999999999286e-05,-0.001057082452431206
1697226900000,2023-10-13T19:55:00Z,0.08505,0.08508,0.08505,0.08508,15681,1333.70241,0.08505,0.08509,0.08505,0.08509,0.08514,0.08519,0.08514,0.08519,-0.00118201,-0.00087997,-0.00092249,-0.00092249,-0.00010999999999999899,-0.001291231365183695
1697227200000,2023-10-13T20:00:00Z,0.08508,0.08511,0.08508,0.08511,44083,3750.8424,0.08509,0.08512,0.08508,0.08511,0.08519,0.08521,0.08518,0.0852,-0.00092249,-0.00093614,-0.00095176,-0.00095176,-8.999999999999286e-05,-0.0010563380281689303
1697227500000,2023-10-13T20:05:00Z,0.08511,0.08512,0.08511,0.08512,16861,1435.18786,0.08511,0.08512,0.08511,0.08512,0.0852,0.08521,0.0852,0.08521,-0.00095176,-0.00090492,-0.00102593,-0.00090492,-8.999999999999286e-05,-0.001056214059382618
1697227800000,2023-10-13T20:10:00Z,0.08512,0.08512,0.08512,0.08512,25269,2150.89728,0.08512,0.08512,0.08512,0.08512,0.08521,0.08521,0.0852,0.08521,-0.00090492,-0.00084624,-0.000871,-0.000871,-8.999999999999286e-05,-0.001056214059382618
1697228100000,2023-10-13T20:15:00Z,0.08512,0.08512,0.08501,0.08504,27011,2296.37669,0.08512,0.08512,0.08501,0.08504,0.08521,0.08521,0.08511,0.08514,-0.000871,-0.00081132,-0.00085348,-0.00081132,-9.999999999998899e-05,-0.0011745360582568593
1697228400000,2023-10-13T20:20:00Z,0.08504,0.08505,0.08504,0.08505,4818,409.7709,0.08504,0.08506,0.08504,0.08506,0.08514,0.08515,0.08514,0.08515,-0.00081132,-0.00087221,-0.00099283,-0.00087221,-0.00010000000000000286,-0.00117439812096304
1697228700000,2023-10-13T20:25:00Z,0.08505,0.0851,0.08505,0.0851,4962,422.05571,0.08506,0.0851,0.08506,0.0851,0.08515,0.08519,0.08515,0.08518,-0.00087221,-0.00085336,-0.00088682,-0.00088682,-8.000000000001062e-05,-0.0009391876027237686
1697229000000,2023-10-13T20:30:00Z,0.0851,0.0851,0.08503,0.08504,32330,2749.45636,0.0851,0.0851,0.08505,0.08505,0.08518,0.08518,0.08515,0.08515,-0.00088682,-0.00098919,-0.00099823,-0.00099823,-0.00010999999999999899,-0.001291837933059295
1697229300000,2023-10-13T20:35:00Z,0.08504,0.08505,0.08504,0.08505,7448,633.4524,0.08505,0.08508,0.08505,0.08508,0.08515,0.08518,0.08515,0.08518,-0.00099823,-0.00070863,-0.00071906,-0.00071906,-0.0001300000000000051,-0.0015261798544259815
1697229600000,2023-10-13T20:40:00Z,0.08505,0.08509,0.08505,0.08508,125,10.63525,0.08508,0.08509,0.08508,0.08508,0.08518,0.08519,0.08518,0.08518,-0.00071906,-0.00089786,-0.00089903,-0.00089786,-0.00010000000000000286,-0.0011739845034045885
1697229900000,2023-10-13T20:45:00Z,0.08508,0.08509,0.08493,0.08497,410775,34907.19686,0.08508,0.08509,0.08497,0.08499,0.08518,0.08518,0.08507,0.08509,-0.00089786,-0.00089622,-0.00092972,-0.00089622,-0.00011999999999999511,-0.001410271477259315
1697230200000,2023-10-13T20:50:00Z,0.08497,0.0854,0.08497,0.08531,1257163,107175.64399,0.08499,0.08539,0.08498,0.08531,0.08509,0.08541,0.08508,0.08535,-0.00089622,-0.00027661,-0.00054802,-0.00027661,-3.999999999999837e-05,-0.0004686584651435076
1697230500000,2023-10-13T20:55:00Z,0.08531,0.0854,0.08525,0.08535,154148,13157.51805,0.08531,0.08541,0.08526,0.08535,0.08535,0.08547,0.08533,0.08541,-0.00027661,-0.00023412,-0.00060414,-0.00060414,-6.0000000000004494e-05,-0.0007024938531788373
1697230800000,2023-10-13T21:00:00Z,0.08535,0.0856,0.08524,0.08546,1795767,153513.07564,0.08535,0.0856,0.08531,0.08546,0.08541,0.08562,0.08536,0.08551,-0.00060414,-0.00012982,-0.00046454,-0.00012982,-5.000000000000837e-05,-0.0005847269325226098
1697231100000,2023-10-13T21:05:00Z,0.08546,0.08548,0.08537,0.08537,127286,10876.51889,0.08546,0.08548,0.08538,0.0854,0.08551,0.08551,0.08543,0.08544,-0.00012982,-0.00023808,-0.00046783,-0.00023808,-7.000000000000062e-05,-0.0008192883895131158
1697231400000,2023-10-13T21:10:00Z,0.08537,0.08539,0.08521,0.08521,404161,34461.23759,0.0854,0.0854,0.08524,0.08524,0.08544,0.08544,0.08529,0.08529,-0.00023808,-0.0001334,-0.0002579,-0.0001334,-8.000000000001062e-05,-0.000937976316098143
1697231700000,2023-10-13T21:15:00Z,0.08521,0.08538,0.08516,0.08534,99947,8518.08998,0.08524,0.08538,0.08518,0.08536,0.08529,0.08542,0.08523,0.08542,-0.0001334,-0.00028472,-0.00060393,-0.00028472,-7.999999999999674e-05,-0.0009365488176070796
1697232000000,2023-10-13T21:20:00Z,0.08534,0.08544,0.08532,0.08542,130687,11162.16063,0.08536,0.08544,0.08532,0.08542,0.08542,0.08546,0.08539,0.08546,-0.00028472,-0.00017562,-0.00039974,-0.00039974,-3.999999999999837e-05,-0.000468055230517182
1697232300000,2023-10-13T21:25:00Z,0.08542,0.08546,0.08539,0.08539,19659,1679.38094,0.08542,0.08546,0.08541,0.08543,0.08546,0.0855,0.08545,0.08547,-0.00039974,-0.00020744,-0.00028222,-0.00020744,-8.000000000001062e-05,-0.0009360009360010602
1697232600000,2023-10-13T21:30:00Z,0.08539,0.08544,0.08539,0.08541,16391,1400.22608,0.08543,0.08544,0.08541,0.08543,0.08547,0.08548,0.08546,0.08548,-0.00020744,-0.00007523,-0.00012062,-0.00012062,-7.000000000000062e-05,-0.000818905007019193
1697232900000,2023-10-13T21:35:00Z,0.08541,0.08556,0.08541,0.08556,45981,3931.40612,0.08543,0.08558,0.08543,0.08558,0.08548,0.08562,0.08547,0.08562,-0.00012062,-0.00009464,-0.00013771,-0.00013771,-6.0000000000004494e-05,-0.0007007708479327784
1697233200000,2023-10-13T21:40:00Z,0.08556,0.08556,0.08544,0.08546,103551,8853.47721,0.08558,0.08559,0.08546,0.08546,0.08562,0.08564,0.08552,0.08553,-0.00013771,-0.00041299,-0.00059878,-0.00059878,-7.000000000000062e-05,-0.0008184262831755012
1697233500000,2023-10-13T21:45:00Z,0.08546,0.08553,0.08546,0.08553,16169,1382.23065,0.08546,0.08553,0.08546,0.08553,0.08553,0.08558,0.08552,0.08558,-0.00059878,-0.00003027,-0.00010894,-0.00010894,-5.000000000000837e-05,-0.0005842486562281884
1697233800000,2023-10-13T21:50:00Z,0.08553,0.08554,0.08549,0.08549,28272,2418.14574,0.08553,0.08557,0.08549,0.08549,0.08558,0.08561,0.08555,0.08555,-0.00010894,-0.00022257,-0.00048585,-0.00048585,-6.0000000000004494e-05,-0.0007013442431327235
1697234100000,2023-10-13T21:55:00Z,0.08549,0.08555,0.08549,0.0855,101969,8722.64351,0.08549,0.08555,0.08549,0.08552,0.08555,0.08557,0.08555,0.08557,-0.00048585,-0.00016734,-0.00029811,-0.00016734,-6.999999999998674e-05,-0.0008180437069064713
1697234400000,2023-10-13T22:00:00Z,0.0855,0.08553,0.0855,0.08553,7904,676.01784,0.08552,0.08556,0.08551,0.08555,0.08557,0.08561,0.08556,0.08561,-0.00016734,-0.000257,-0.00026285,-0.000257,-8.000000000001062e-05,-0.0009344702721645907
1697234700000,2023-10-13T22:05:00Z,0.08553,0.08569,0.08553,0.08569,80470,6889.76853,0.08555,0.08569,0.08554,0.08569,0.08561,0.08574,0.0856,0.08574,-0.000257,-0.00017314,-0.00023886,-0.00023886,-4.999999999999449e-05,-0.0005831583858175238
1697235000000,2023-10-13T22:10:00Z,0.08569,0.08572,0.08565,0.08565,174022,14912.50249,0.08569,0.0857,0.08566,0.08566,0.08574,0.08574,0.0857,0.0857,-0.00023886,-0.00026761,-0.00039528,-0.00039528,-4.999999999999449e-05,-0.0005834305717618961
1697235300000,2023-10-13T22:15:00Z,0.08565,0.08577,0.08565,0.08575,243152,20848.4078,0.08566,0.08577,0.08566,0.08575,0.0857,0.08578,0.0857,0.08578,-0.00039528,0,-0.00038749,0,-2.999999999998837e-05,-0.0003497318722311538
1697235600000,2023-10-13T22:20:00Z,0.08575,0.0858,0.08564,0.08564,222641,19095.13581,0.08575,0.08579,0.08565,0.08567,0.08578,0.08581,0.08568,0.0857,0,0,-0.00026724,0,-6.0000000000004494e-05,-0.0007001166861144049
1697235900000,2023-10-13T22:25:00Z,0.08564,0.08564,0.08556,0.08556,165987,14209.33223,0.08567,0.08567,0.08557,0.08557,0.0857,0.0857,0.08561,0.08561,0,-0.000016,-0.00032223,-0.000016,-5.000000000000837e-05,-0.0005840439201028895
1697236200000,2023-10-13T22:30:00Z,0.08556,0.08556,0.08549,0.08556,29115,2489.87073,0.08557,0.08558,0.0855,0.08556,0.08561,0.08562,0.08554,0.08559,-0.000016,-0.00036858,-0.00038036,-0.00038036,-3.0000000000002247e-05,-0.00035050823694359444
1697236500000,2023-10-13T22:35:00Z,0.08556,0.08556,0.08549,0.08553,22532,1927.12197,0.08556,0.08558,0.08549,0.08553,0.08559,0.08562,0.08554,0.08557,-0.00038036,-0.00012144,-0.00018354,-0.00012144,-3.999999999999837e-05,-0.00046745354680376736
1697236800000,2023-10-13T22:40:00Z,0.08553,0.08554,0.08544,0.08551,152335,13019.82288,0.08553,0.08555,0.08546,0.08552,0.08557,0.0856,0.08551,0.08558,-0.00012144,-0.00022939,-0.00028693,-0.00028693,-7.000000000000062e-05,-0.0008179481187193342
1697237100000,2023-10-13T22:45:00Z,0.08551,0.08552,0.08542,0.08542,21036,1797.29536,0.08552,0.08552,0.08542,0.08542,0.08558,0.08558,0.08548,0.08548,-0.00028693,-0.00063473,-0.00067917,-0.00063473,-6.0000000000004494e-05,-0.0007019185774450689
1697237400000,2023-10-13T22:50:00Z,0.08542,0.08542,0.08535,0.08537,26818,2289.20501,0.08542,0.08543,0.08537,0.08537,0.08548,0.08549,0.08544,0.08544,-0.00063473,-0.00048981,-0.00066795,-0.00048981,-7.000000000000062e-05,-0.0008192883895131158
1697237700000,2023-10-13T22:55:00Z,0.08537,0.0854,0.08534,0.0854,44815,3826.01534,0.08537,0.0854,0.08535,0.0854,0.08544,0.08546,0.08542,0.08545,-0.00048981,-0.00031515,-0.00035522,-0.00031515,-4.999999999999449e-05,-0.0005851375073141544
1697238000000,2023-10-13T23:00:00Z,0.0854,0.08541,0.08536,0.0854,43048,3675.71973,0.0854,0.08541,0.08538,0.08541,0.08545,0.08547,0.08544,0.08547,-0.00031515,-0.00030743,-0.00056015,-0.00030743,-7.000000000000062e-05,-0.0008190008190008262
1697238300000,2023-10-13T23:05:00Z,0.0854,0.08545,0.0854,0.08541,124858,10667.88031,0.08541,0.08545,0.08541,0.08542,0.08547,0.0855,0.08547,0.08548,-0.00030743,-0.00025605,-0.00027699,-0.00025605,-7.000000000000062e-05,-0.000818905007019193
1697238600000,2023-10-13T23:10:00Z,0.08541,0.08542,0.08535,0.08535,73538,6279.19583,0.08542,0.08542,0.08535,0.08535,0.08548,0.08548,0.0854,0.0854,-0.00025605,-0.00059065,-0.00070241,-0.00070241,-5.000000000000837e-05,-0.000585480093676913
1697238900000,2023-10-13T23:15:00Z,0.08535,0.08535,0.08524,0.08534,647556,55230.18335,0.08535,0.08535,0.08532,0.08535,0.0854,0.08541,0.08538,0.08541,-0.00070241,-0.00040267,-0.00046821,-0.00046821,-7.000000000000062e-05,-0.0008195761620419227
1697239200000,2023-10-13T23:20:00Z,0.08534,0.08543,0.08534,0.08543,36030,3077.52352,0.08535,0.08543,0.08534,0.08543,0.08541,0.08547,0.0854,0.08547,-0.00046821,-0.00026913,-0.0003061,-0.00026913,-3.999999999999837e-05,-0.00046800046800044893
1697239500000,2023-10-13T23:25:00Z,0.08543,0.08543,0.08538,0.08539,56335,4811.99068,0.08543,0.08543,0.08539,0.08539,0.08547,0.08547,0.08543,0.08544,-0.00026913,-0.0004564,-0.00048636,-0.00048636,-5.000000000000837e-05,-0.0005852059925094612
1697239800000,2023-10-13T23:30:00Z,0.08539,0.08541,0.08539,0.08541,31836,2719.09548,0.08539,0.08541,0.08539,0.08541,0.08544,0.08545,0.08544,0.08545,-0.00048636,-0.00041111,-0.00046811,-0.00041111,-3.999999999999837e-05,-0.000468110005851356
1697240100000,2023-10-13T23:35:00Z,0.08541,0.08545,0.08536,0.08537,87662,7488.6212,0.08541,0.08544,0.08537,0.08538,0.08545,0.08546,0.08541,0.08542,-0.00041111,-0.00027291,-0.00039416,-0.00027291,-4.999999999999449e-05,-0.0005853430110043841
1697240400000,2023-10-13T23:40:00Z,0.08537,0.08542,0.08537,0.08541,41751,3565.02484,0.08538,0.08542,0.08537,0.08542,0.08542,0.08545,0.08541,0.08545,-0.00027291,-0.00027162,-0.000288,-0.000288,-3.999999999999837e-05,-0.000468110005851356
1697240700000,2023-10-13T23:45:00Z,0.08541,0.08542,0.08541,0.08541,869,74.22388,0.08542,0.08542,0.08542,0.08542,0.08545,0.08545,0.08545,0.08545,-0.000288,-0.00018981,-0.00026635,-0.00018981,-3.999999999999837e-05,-0.000468110005851356
1697241000000,2023-10-13T23:50:00Z,0.08541,0.08542,0.08541,0.08541,820,70.03735,0.08542,0.08542,0.08542,0.08542,0.08545,0.08545,0.08545,0.08545,-0.00018981,-0.00018888,-0.00035002,-0.00035002,-3.999999999999837e-05,-0.000468110005851356
1697241300000,2023-10-13T23:55:00Z,0.08541,0.08545,0.08541,0.08544,12505,1068.38961,0.08542,0.08545,0.08542,0.08545,0.08545,0.08549,0.08545,0.08549,-0.00035002,-0.00016309,-0.00030611,-0.00030611,-4.999999999999449e-05,-0.0005848637267516025
1697241600000,2023-10-14T00:00:00Z,0.08544,0.08561,0.0854,0.08557,1070915,91590.45813,0.08545,0.08559,0.08544,0.08557,0.08549,0.0856,0.08549,0.0856,-0.00030611,0,-0.00023103,0,-3.0000000000002247e-05,-0.00035046728971965243
1697241900000,2023-10-14T00:05:00Z,0.08557,0.08565,0.08557,0.08565,475772,40730.6909,0.08557,0.08566,0.08557,0.08566,0.0856,0.08569,0.0856,0.08569,0,0,0,0,-3.999999999999837e-05,-0.00046679892636245033
1697242200000,2023-10-14T00:10:00Z,0.08565,0.08575,0.08565,0.08572,198394,17004.55558,0.08566,0.08573,0.08566,0.08572,0.08569,0.08576,0.08569,0.08575,0,-0.00003952,-0.00024918,-0.00024918,-3.0000000000002247e-05,-0.000349854227405274
1697242500000,2023-10-14T00:15:00Z,0.08572,0.08572,0.08562,0.08563,112234,9614.59071,0.08572,0.08572,0.08562,0.08564,0.08575,0.08575,0.08566,0.08568,-0.00024918,-0.00002883,-0.00038737,-0.00002883,-5.000000000000837e-05,-0.000583566760037446
1697242800000,2023-10-14T00:20:00Z,0.08563,0.08568,0.08563,0.08565,82469,7065.01348,0.08564,0.08568,0.08563,0.08568,0.08568,0.08572,0.08567,0.08572,-0.00002883,-0.0000789,-0.0001533,-0.0001533,-7.000000000000062e-05,-0.000816612225851617
1697243100000,2023-10-14T00:25:00Z,0.08565,0.0857,0.08565,0.0857,38155,3269.13046,0.08568,0.0857,0.08565,0.0857,0.08572,0.08575,0.08571,0.08574,-0.0001533,-0.00033341,-0.00038509,-0.00038509,-3.999999999999837e-05,-0.00046652670865405144
1697243400000,2023-10-14T00:30:00Z,0.0857,0.08571,0.08561,0.08569,62658,5366.86963,0.0857,0.08571,0.08563,0.08569,0.08574,0.08575,0.08568,0.08573,-0.00038509,-0.00016635,-0.00030913,-0.00016635,-3.999999999999837e-05,-0.0004665811267934022
1697243700000,2023-10-14T00:35:00Z,0.08569,0.08569,0.08567,0.08567,4473,383.27811,0.08569,0.08569,0.08567,0.08567,0.08573,0.08573,0.08572,0.08572,-0.00016635,-0.00034496,-0.00046494,-0.00034496,-5.000000000000837e-05,-0.0005832944470369619
1697244000000,2023-10-14T00:40:00Z,0.08567,0.08567,0.08564,0.08564,23457,2009.39636,0.08567,0.08568,0.08564,0.08565,0.08572,0.08573,0.08569,0.0857,-0.00034496,-0.00025612,-0.00045997,-0.00025612,-6.0000000000004494e-05,-0.0007001166861144049
1697244300000,2023-10-14T00:45:00Z,0.08564,0.08564,0.08556,0.08556,7202,616.65518,0.08565,0.08566,0.08556,0.08556,0.0857,0.08571,0.0856,0.08561,-0.00025612,-0.00046701,-0.00053355,-0.00046701,-5.000000000000837e-05,-0.0005840439201028895
1697244600000,2023-10-14T00:50:00Z,0.08556,0.08558,0.08556,0.08558,7615,651.61719,0.08556,0.0856,0.08556,0.08559,0.08561,0.08564,0.0856,0.08563,-0.00046701,-0.00010126,-0.00020343,-0.00020343,-4.999999999999449e-05,-0.0005839075090505021
1697244900000,2023-10-14T00:55:00Z,0.08558,0.08558,0.08556,0.08556,2135,182.69312,0.08559,0.08559,0.08556,0.08556,0.08563,0.08563,0.08559,0.0856,-0.00020343,-0.00032453,-0.00043873,-0.00032453,-3.999999999999837e-05,-0.0004672897196261492
1697245200000,2023-10-14T01:00:00Z,0.08556,0.08556,0.08556,0.08556,460,39.3576,0.08556,0.08557,0.08556,0.08557,0.0856,0.08561,0.08559,0.08561,-0.00032453,-0.00017346,-0.00019775,-0.00017346,-5.000000000000837e-05,-0.0005840439201028895
1697245500000,2023-10-14T01:05:00Z,0.08556,0.08558,0.08547,0.08547,23912,2045.69601,0.08557,0.08558,0.0855,0.0855,0.08561,0.08561,0.08554,0.08554,-0.00017346,-0.0004283,-0.0004675,-0.0004675,-7.000000000000062e-05,-0.0008183306055646553
1697245800000,2023-10-14T01:10:00Z,0.08547,0.08548,0.08546,0.08546,817,69.82943,0.0855,0.0855,0.08546,0.08546,0.08554,0.08554,0.0855,0.08551,-0.0004675,-0.00041422,-0.00041843,-0.00041422,-5.000000000000837e-05,-0.0005847269325226098
1697246100000,2023-10-14T01:15:00Z,0.08546,0.08549,0.08546,0.08546,4335,370.53691,0.08546,0.08549,0.08546,0.08548,0.08551,0.08552,0.0855,0.08552,-0.00041422,-0.00046778,-0.00056828,-0.00046778,-6.0000000000004494e-05,-0.0007015902712816241
1697246400000,2023-10-14T01:20:00Z,0.08546,0.08547,0.08546,0.08546,73476,6279.46596,0.08548,0.08548,0.08546,0.08546,0.08552,0.08552,0.08551,0.08551,-0.00046778,-0.00027911,-0.00035219,-0.00035219,-5.000000000000837e-05,-0.0005847269325226098
1697246700000,2023-10-14T01:25:00Z,0.08546,0.08547,0.08542,0.08542,2655,226.87382,0.08546,0.08547,0.08542,0.08543,0.08551,0.08552,0.08548,0.08549,-0.00035219,-0.0005007,-0.00056158,-0.00056158,-7.000000000000062e-05,-0.0008188092174523408
1697247000000,2023-10-14T01:30:00Z,0.08542,0.08547,0.08542,0.08546,8017,685.09037,0.08543,0.08547,0.08542,0.08546,0.08549,0.08551,0.08548,0.0855,-0.00056158,-0.00027719,-0.00040194,-0.00027719,-4.000000000001225e-05,-0.0004678362573100847
1697247300000,2023-10-14T01:35:00Z,0.08546,0.08551,0.08546,0.0855,7518,642.68062,0.08546,0.08551,0.08546,0.0855,0.0855,0.08555,0.0855,0.08554,-0.00027719,-0.00033181,-0.00034721,-0.00033181,-3.999999999999837e-05,-0.00046761748889406556
1697247600000,2023-10-14T01:40:00Z,0.0855,0.08557,0.0855,0.08557,10512,899.25287,0.0855,0.08557,0.0855,0.08557,0.08554,0.08562,0.08554,0.08561,-0.00033181,-0.00021597,-0.00030435,-0.00021597,-4.000000000001225e-05,-0.0004672351360823764
1697247900000,2023-10-14T01:45:00Z,0.08557,0.08563,0.08556,0.08561,62178,5322.49379,0.08557,0.08563,0.08556,0.08561,0.08561,0.08567,0.08561,0.08566,-0.00021597,-0.00040497,-0.00055938,-0.00040497,-4.999999999999449e-05,-0.0005837030119074772
1697248200000,2023-10-14T01:50:00Z,0.08561,0.08562,0.0855,0.08551,14843,1270.3631,0.08561,0.08562,0.08551,0.08551,0.08566,0.08566,0.08556,0.08556,-0.00040497,-0.00032328,-0.00034431,-0.00034431,-4.999999999999449e-05,-0.0005843852267414036
1697248500000,2023-10-14T01:55:00Z,0.08551,0.08559,0.08551,0.08554,58166,4977.76097,0.08551,0.08559,0.08551,0.08555,0.08556,0.08563,0.08555,0.08559,-0.00034431,-0.00035054,-0.00044223,-0.00035054,-4.999999999999449e-05,-0.0005841803949058826
1697248800000,2023-10-14T02:00:00Z,0.08554,0.08557,0.08554,0.08555,8433,721.6032,0.08555,0.08557,0.08554,0.08555,0.08559,0.08561,0.08558,0.0856,-0.00035054,-0.00035042,-0.00054094,-0.00054094,-4.999999999999449e-05,-0.0005841121495326459
1697249100000,2023-10-14T02:05:00Z,0.08555,0.08556,0.08541,0.08547,338891,28959.48663,0.08555,0.08556,0.08545,0.08547,0.0856,0.08561,0.08551,0.08551,-0.00054094,-0.00048585,-0.00061213,-0.00048585,-3.999999999999837e-05,-0.0004677815460179905
1697249400000,2023-10-14T02:10:00Z,0.08547,0.08547,0.08538,0.08538,2162,184.74349,0.08547,0.08547,0.08539,0.0854,0.08551,0.08551,0.08545,0.08546,-0.00048585,-0.00070175,-0.00079279,-0.00079279,-7.999999999999674e-05,-0.000936110461034364
1697249700000,2023-10-14T02:15:00Z,0.08538,0.08541,0.08538,0.08541,7517,641.84863,0.0854,0.08541,0.08538,0.08541,0.08546,0.08548,0.08544,0.08548,-0.00079279,-0.00043671,-0.00070191,-0.00070191,-7.000000000000062e-05,-0.000818905007019193
1697250000000,2023-10-14T02:20:00Z,0.08541,0.08544,0.0854,0.08544,2660,227.1976,0.08541,0.08544,0.0854,0.08544,0.08548,0.0855,0.08547,0.0855,-0.00070191,-0.0005558,-0.00075421,-0.0005558,-6.0000000000004494e-05,-0.0007017543859649648
1697250300000,2023-10-14T02:25:00Z,0.08544,0.08545,0.0854,0.0854,2879,245.93763,0.08544,0.08545,0.08541,0.08542,0.0855,0.0855,0.08548,0.08549,-0.0005558,-0.00061406,-0.00086349,-0.00061406,-8.999999999999286e-05,-0.0010527547081529169
1697250600000,2023-10-14T02:30:00Z,0.0854,0.08543,0.08539,0.0854,8315,710.29619,0.08542,0.08543,0.08539,0.08541,0.08549,0.08549,0.08546,0.08547,-0.00061406,-0.00046384,-0.00058483,-0.00046384,-7.000000000000062e-05,-0.0008190008190008262
1697250900000,2023-10-14T02:35:00Z,0.0854,0.08545,0.0854,0.08544,1044,89.18082,0.08541,0.08545,0.08541,0.08545,0.08547,0.0855,0.08547,0.0855,-0.00046384,-0.00049497,-0.00051134,-0.00049497,-6.0000000000004494e-05,-0.0007017543859649648
1697251200000,2023-10-14T02:40:00Z,0.08544,0.08548,0.08539,0.0854,117203,10016.50941,0.08545,0.08548,0.0854,0.0854,0.0855,0.0855,0.08546,0.08546,-0.00049497,-0.00043801,-0.00062567,-0.00062567,-5.9999999999990616e-05,-0.0007020828457756918
1697251500000,2023-10-14T02:45:00Z,0.0854,0.08543,0.0854,0.08542,471,40.23343,0.0854,0.08544,0.0854,0.08542,0.08546,0.0855,0.08546,0.08548,-0.00062567,-0.00058369,-0.00063555,-0.00058369,-6.0000000000004494e-05,-0.0007019185774450689
1697251800000,2023-10-14T02:50:00Z,0.08542,0.08547,0.08542,0.08547,6875,587.38592,0.08542,0.08547,0.08542,0.08547,0.08548,0.08551,0.08548,0.08551,-0.00058369,-0.00017052,-0.00027184,-0.00017052,-3.999999999999837e-05,-0.0004677815460179905
1697252100000,2023-10-14T02:55:00Z,0.08547,0.08547,0.08541,0.08542,7085,605.44663,0.08547,0.08547,0.08544,0.08544,0.08551,0.08551,0.08549,0.08549,-0.00017052,-0.00047725,-0.00058479,-0.00058479,-7.000000000000062e-05,-0.0008188092174523408
1697252400000,2023-10-14T03:00:00Z,0.08542,0.08547,0.08541,0.08547,3786,323.44289,0.08544,0.08547,0.08544,0.08547,0.08549,0.08551,0.08549,0.08551,-0.00058479,-0.00020678,-0.00023997,-0.00023997,-3.999999999999837e-05,-0.0004677815460179905
1697252700000,2023-10-14T03:05:00Z,0.08547,0.08547,0.08543,0.08546,40666,3474.91518,0.08547,0.08547,0.08547,0.08547,0.08551,0.08552,0.0855,0.08551,-0.00023997,-0.00035083,-0.00041878,-0.00041878,-5.000000000000837e-05,-0.0005847269325226098
1697253000000,2023-10-14T03:10:00Z,0.08546,0.0855,0.08546,0.08549,521,44.53597,0.08547,0.0855,0.08547,0.0855,0.08551,0.08555,0.08551,0.08555,-0.00041878,-0.00028442,-0.00039625,-0.00039625,-6.0000000000004494e-05,-0.0007013442431327235
1697253300000,2023-10-14T03:15:00Z,0.08549,0.0855,0.08549,0.08549,731,62.4964,0.0855,0.08551,0.08549,0.08549,0.08555,0.08556,0.08554,0.08555,-0.00039625,-0.00032425,-0.00032869,-0.00032869,-6.0000000000004494e-05,-0.0007013442431327235
1697253600000,2023-10-14T03:20:00Z,0.08549,0.08549,0.0854,0.08542,13340,1139.7133,0.08549,0.08549,0.0854,0.08542,0.08555,0.08555,0.08545,0.08546,-0.00032869,-0.00042178,-0.0005348,-0.00042178,-3.999999999999837e-05,-0.000468055230517182
1697253900000,2023-10-14T03:25:00Z,0.08542,0.08543,0.08537,0.08538,6972,595.49883,0.08542,0.08543,0.08538,0.0854,0.08546,0.08547,0.08541,0.08544,-0.00042178,-0.00020227,-0.00052686,-0.00020227,-6.0000000000004494e-05,-0.0007022471910112885
1697254200000,2023-10-14T03:30:00Z,0.08538,0.08541,0.08538,0.08541,62,5.29542,0.0854,0.08542,0.0854,0.08541,0.08544,0.08546,0.08544,0.08546,-0.00020227,-0.00027158,-0.00031617,-0.00027158,-4.999999999999449e-05,-0.0005850690381464369
1697254500000,2023-10-14T03:35:00Z,0.08541,0.08547,0.08541,0.08547,16396,1400.89923,0.08541,0.08547,0.08541,0.08547,0.08546,0.08552,0.08545,0.08551,-0.00027158,-0.00034389,-0.00041405,-0.00041405,-3.999999999999837e-05,-0.0004677815460179905
1697254800000,2023-10-14T03:40:00Z,0.08547,0.08549,0.08547,0.08548,15189,1298.28621,0.08547,0.08549,0.08547,0.08548,0.08551,0.08553,0.0855,0.08551,-0.00041405,-0.00035087,-0.00041674,-0.00035087,-3.0000000000002247e-05,-0.00035083615951353344
1697255100000,2023-10-14T03:45:00Z,0.08548,0.08548,0.08538,0.08538,4347,371.40717,0.08548,0.08548,0.08539,0.08539,0.08551,0.08551,0.08543,0.08544,-0.00035087,-0.00019442,-0.00034152,-0.00019442,-6.0000000000004494e-05,-0.0007022471910112885
1697255400000,2023-10-14T03:50:00Z,0.08538,0.08545,0.08538,0.08545,20906,1785.49202,0.08539,0.08545,0.08539,0.08545,0.08544,0.08549,0.08543,0.08548,-0.00019442,-0.0002199,-0.00026845,-0.0002199,-3.0000000000002247e-05,-0.00035095928872253446
1697255700000,2023-10-14T03:55:00Z,0.08545,0.0855,0.08545,0.0855,25455,2175.42017,0.08545,0.08553,0.08545,0.08551,0.08548,0.08557,0.08548,0.08555,-0.0002199,-0.00022374,-0.00026815,-0.00026815,-4.999999999999449e-05,-0.0005844535359438281
1697256000000,2023-10-14T04:00:00Z,0.0855,0.08554,0.0855,0.0855,11684,999.17627,0.08551,0.08554,0.0855,0.08553,0.08555,0.08558,0.08555,0.08557,-0.00026815,-0.00029329,-0.00047966,-0.00047966,-6.999999999998674e-05,-0.0008180437069064713
1697256300000,2023-10-14T04:05:00Z,0.0855,0.08552,0.08549,0.08549,12148,1038.61943,0.08553,0.08555,0.08549,0.08555,0.08557,0.08559,0.08553,0.08559,-0.00047966,-0.00024094,-0.00029816,-0.00029816,-0.00010000000000000286,-0.0011683607898119275
1697256600000,2023-10-14T04:10:00Z,0.08549,0.08553,0.08549,0.0855,3187,272.54475,0.08555,0.08555,0.08551,0.08552,0.08559,0.08559,0.08556,0.08556,-0.00029816,-0.0002992,-0.00030551,-0.0002992,-5.9999999999990616e-05,-0.0007012622720896519
1697256900000,2023-10-14T04:15:00Z,0.0855,0.08553,0.08548,0.08548,40118,3430.77735,0.08552,0.08553,0.08546,0.08546,0.08556,0.08557,0.08547,0.08547,-0.0002992,-0.00035613,-0.00065353,-0.00065353,9.999999999996123e-06,0.00011700011700007163
1697257200000,2023-10-14T04:20:00Z,0.08548,0.08548,0.08543,0.08543,187181,15993.79962,0.08546,0.08546,0.08543,0.08543,0.08547,0.08548,0.08545,0.08547,-0.00065353,-0.00024458,-0.00041799,-0.00024458,-3.999999999999837e-05,-0.00046800046800044893
1697257500000,2023-10-14T04:25:00Z,0.08543,0.08543,0.08542,0.08542,3356,286.68596,0.08543,0.08544,0.08542,0.08544,0.08547,0.08548,0.08546,0.08548,-0.00024458,-0.00013068,-0.00031508,-0.00031508,-6.0000000000004494e-05,-0.0007019185774450689
1697257800000,2023-10-14T04:30:00Z,0.08542,0.08544,0.0854,0.08543,148714,12704.07985,0.08544,0.08545,0.08541,0.08543,0.08548,0.08549,0.08546,0.08548,-0.00031508,-0.00063776,-0.00066245,-0.00063776,-4.999999999999449e-05,-0.0005849321478707826
1697258100000,2023-10-14T04:35:00Z,0.08543,0.08549,0.08543,0.08549,67841,5798.8771,0.08543,0.08549,0.08543,0.08549,0.08548,0.08551,0.08547,0.08551,-0.00063776,-0.00028511,-0.00029212,-0.00029212,-2.0000000000006124e-05,-0.0002338907730090764
1697258400000,2023-10-14T04:40:00Z,0.08549,0.08549,0.08545,0.08545,12274,1048.93081,0.08549,0.08549,0.08545,0.08545,0.08551,0.08551,0.08548,0.08548,-0.00029212,-0.00021321,-0.0002166,-0.0002166,-3.0000000000002247e-05,-0.00035095928872253446
1697258700000,2023-10-14T04:45:00Z,0.08545,0.08545,0.08541,0.08543,35249,3011.1876,0.08545,0.08546,0.08541,0.08543,0.08548,0.0855,0.08546,0.08547,-0.0002166,-0.00041429,-0.0004508,-0.00041429,-3.999999999999837e-05,-0.00046800046800044893
1697259000000,2023-10-14T04:50:00Z,0.08543,0.08549,0.08543,0.08544,24663,2107.23441,0.08543,0.08549,0.08543,0.08544,0.08547,0.08552,0.08547,0.08547,-0.00041429,-0.00029682,-0.00029694,-0.00029682,-3.0000000000002247e-05,-0.0003510003510003773
1697259300000,2023-10-14T04:55:00Z,0.08544,0.08544,0.08541,0.08541,2783,237.71955,0.08544,0.08544,0.08541,0.08542,0.08547,0.08548,0.08545,0.08547,-0.00029682,-0.00023484,-0.00034234,-0.00023484,-6.0000000000004494e-05,-0.0007020007020007546
1697259600000,2023-10-14T05:00:00Z,0.08541,0.08541,0.08535,0.08536,52907,4516.49263,0.08542,0.08542,0.08535,0.08536,0.08547,0.08547,0.0854,0.0854,-0.00023484,-0.00017398,-0.00023581,-0.00017398,-3.999999999999837e-05,-0.0004683840749414329
1697259900000,2023-10-14T05:05:00Z,0.08536,0.08537,0.08536,0.08536,1599,136.50106,0.08536,0.08539,0.08536,0.08537,0.0854,0.08543,0.0854,0.08542,-0.00017398,-0.00015429,-0.00023788,-0.00015429,-5.9999999999990616e-05,-0.0007024116132052285
1697260200000,2023-10-14T05:10:00Z,0.08536,0.08536,0.08531,0.08531,4367,372.666,0.08537,0.08538,0.08531,0.08531,0.08542,0.08543,0.08535,0.08535,-0.00015429,-0.00018205,-0.00027791,-0.00018205,-3.999999999999837e-05,-0.0004686584651435076
1697260500000,2023-10-14T05:15:00Z,0.08531,0.08535,0.0853,0.08535,84362,7196.28134,0.08531,0.08535,0.0853,0.08535,0.08535,0.0854,0.08534,0.08539,-0.00018205,-0.00030509,-0.00030849,-0.00030509,-3.999999999999837e-05,-0.0004684389272748375
1697260800000,2023-10-14T05:20:00Z,0.08535,0.08536,0.08535,0.08535,527,44.9797,0.08535,0.08536,0.08535,0.08536,0.08539,0.08541,0.08538,0.08541,-0.00030509,-0.00017484,-0.00022377,-0.00022377,-6.0000000000004494e-05,-0.0007024938531788373
1697261100000,2023-10-14T05:25:00Z,0.08535,0.08544,0.08534,0.08544,56666,4840.03073,0.08536,0.08545,0.08534,0.08544,0.08541,0.0855,0.0854,0.08548,-0.00022377,0,-0.00028994,-0.00028994,-3.999999999999837e-05,-0.00046794571829665853
1697261400000,2023-10-14T05:30:00Z,0.08544,0.08551,0.08544,0.08551,85524,7310.88213,0.08544,0.08551,0.08544,0.08551,0.08548,0.08554,0.08548,0.08554,-0.00028994,-0.0002433,-0.00056763,-0.0002433,-3.0000000000002247e-05,-0.00035071311667058975
1697261700000,2023-10-14T05:35:00Z,0.08551,0.08551,0.08542,0.08542,38915,3325.15846,0.08551,0.08551,0.08542,0.08542,0.08554,0.08555,0.08546,0.08546,-0.0002433,-0.00014952,-0.00027256,-0.00014952,-3.999999999999837e-05,-0.000468055230517182
1697262000000,2023-10-14T05:40:00Z,0.08542,0.08548,0.0854,0.08548,15438,1318.54585,0.08542,0.08548,0.0854,0.08548,0.08546,0.08552,0.08545,0.08552,-0.00014952,-0.00022279,-0.00044045,-0.00044045,-3.999999999999837e-05,-0.00046772684752102863
1697262300000,2023-10-14T05:45:00Z,0.08548,0.08548,0.08533,0.08536,54496,4655.66938,0.08548,0.08548,0.08535,0.08536,0.08552,0.08552,0.0854,0.08542,-0.00044045,-0.00049321,-0.00065835,-0.00065835,-5.9999999999990616e-05,-0.0007024116132052285
1697262600000,2023-10-14T05:50:00Z,0.08536,0.08536,0.08535,0.08535,3,0.25605,0.08536,0.08536,0.08535,0.08536,0.08542,0.08542,0.0854,0.08541,-0.00065835,-0.00037747,-0.00046306,-0.00046306,-6.0000000000004494e-05,-0.0007024938531788373
1697262900000,2023-10-14T05:55:00Z,0.08535,0.08535,0.08535,0.08535,5395,460.46325,0.08536,0.08536,0.08535,0.08536,0.08541,0.08541,0.0854,0.08541,-0.00046306,-0.00034531,-0.00035702,-0.00034531,-6.0000000000004494e-05,-0.0007024938531788373
1697263200000,2023-10-14T06:00:00Z,0.08535,0.08539,0.08535,0.08539,6987,596.50049,0.08536,0.0854,0.08535,0.0854,0.08541,0.08544,0.08539,0.08544,-0.00034531,-0.00019533,-0.00035913,-0.00019533,-5.000000000000837e-05,-0.0005852059925094612
1697263500000,2023-10-14T06:05:00Z,0.08539,0.08541,0.08536,0.08536,10818,923.52314,0.0854,0.08541,0.08537,0.08537,0.08544,0.08545,0.08542,0.08542,-0.00019533,-0.00032744,-0.00046821,-0.00032744,-5.9999999999990616e-05,-0.0007024116132052285
1697263800000,2023-10-14T06:10:00Z,0.08536,0.08539,0.08536,0.08539,1267,108.17307,0.08537,0.08541,0.08537,0.0854,0.08542,0.08546,0.08542,0.08545,-0.00032744,-0.00029444,-0.00043283,-0.00043283,-6.0000000000004494e-05,-0.0007021650087771152
1697264100000,2023-10-14T06:15:00Z,0.08539,0.08539,0.08533,0.08533,16039,1368.7645,0.0854,0.0854,0.08533,0.08534,0.08545,0.08545,0.08538,0.08539,-0.00043283,-0.00052727,-0.00056376,-0.00056376,-5.9999999999990616e-05,-0.000702658390912175
1697264400000,2023-10-14T06:20:00Z,0.08533,0.08538,0.08533,0.08536,5712,487.67873,0.08534,0.08538,0.08534,0.08536,0.08539,0.08541,0.08538,0.08539,-0.00056376,-0.00011709,-0.00023585,-0.00011709,-2.999999999998837e-05,-0.00035132919545600625
1697264700000,2023-10-14T06:25:00Z,0.08536,0.08536,0.08534,0.08534,72205,6162.45707,0.08536,0.08536,0.08534,0.08534,0.08539,0.0854,0.08538,0.08538,-0.00011709,-0.00025904,-0.00031865,-0.00031865,-3.999999999999837e-05,-0.00046849379245723086
1697265000000,2023-10-14T06:30:00Z,0.08534,0.08534,0.08532,0.08534,13503,1152.09705,0.08534,0.08535,0.08532,0.08534,0.08538,0.08539,0.08536,0.08538,-0.00031865,-0.00028343,-0.00043675,-0.00028343,-3.999999999999837e-05,-0.00046849379245723086
1697265300000,2023-10-14T06:35:00Z,0.08534,0.08534,0.08512,0.08519,784952,66856.47484,0.08534,0.08535,0.08524,0.08524,0.08538,0.08539,0.08528,0.08528,-0.00028343,-0.00011723,-0.00011723,-0.00011723,-8.999999999999286e-05,-0.0010553470919323741
1697265600000,2023-10-14T06:40:00Z,0.08519,0.08525,0.08519,0.08523,233667,19916.3267,0.08524,0.08526,0.08523,0.08523,0.08528,0.0853,0.08528,0.08529,-0.00011723,-0.00051846,-0.00056196,-0.00051846,-6.0000000000004494e-05,-0.0007034822370735666
1697265900000,2023-10-14T06:45:00Z,0.08523,0.08523,0.0851,0.08512,535621,45604.02922,0.08523,0.08523,0.0851,0.08512,0.08529,0.0853,0.08515,0.08517,-0.00051846,-0.00026459,-0.00035356,-0.00035356,-4.999999999999449e-05,-0.0005870611717740343
1697266200000,2023-10-14T06:50:00Z,0.08512,0.0852,0.08512,0.08513,597701,50905.09451,0.08512,0.08518,0.08512,0.08514,0.08517,0.08521,0.08515,0.08517,-0.00035356,-0.00027568,-0.00041401,-0.00027568,-3.999999999999837e-05,-0.00046964893741926
1697266500000,2023-10-14T06:55:00Z,0.08513,0.08523,0.08513,0.08523,147157,12533.58776,0.08514,0.08524,0.08513,0.08523,0.08517,0.08527,0.08516,0.08525,-0.00027568,-0.00001114,-0.00013762,-0.00001114,-2.0000000000006124e-05,-0.00023460410557191934
1697266800000,2023-10-14T07:00:00Z,0.08523,0.08523,0.0852,0.0852,6801,579.56308,0.08523,0.08523,0.0852,0.0852,0.08525,0.08526,0.08523,0.08523,-0.00001114,0,-0.00033114,-0.00033114,-3.0000000000002247e-05,-0.0003519887363604628
1697267100000,2023-10-14T07:05:00Z,0.0852,0.08526,0.0852,0.08523,146374,12477.43059,0.0852,0.08526,0.0852,0.08523,0.08523,0.08527,0.08523,0.08526,-0.00033114,-0.00005055,-0.00005851,-0.00005851,-3.0000000000002247e-05,-0.00035186488388461466
1697267400000,2023-10-14T07:10:00Z,0.08523,0.08527,0.08523,0.08527,19705,1679.6575,0.08523,0.08529,0.08523,0.08527,0.08526,0.08532,0.08526,0.08529,-0.00005851,-0.00005804,-0.00009908,-0.00005804,-2.0000000000006124e-05,-0.00023449407902457643
1697267700000,2023-10-14T07:15:00Z,0.08527,0.0853,0.08524,0.0853,30029,2560.51238,0.08527,0.08531,0.08525,0.08531,0.08529,0.08534,0.08527,0.08534,-0.00005804,0,0,0,-3.999999999999837e-05,-0.00046871338176703037
1697268000000,2023-10-14T07:20:00Z,0.0853,0.08533,0.0853,0.0853,50858,4338.65238,0.08531,0.08533,0.0853,0.0853,0.08534,0.08534,0.08532,0.08532,0,-0.00002344,-0.00022594,-0.00002344,-1.9999999999992246e-05,-0.00023441162681659924
1697268300000,2023-10-14T07:25:00Z,0.0853,0.0853,0.08529,0.08529,563,48.01827,0.0853,0.08531,0.08529,0.08529,0.08532,0.08534,0.08531,0.08531,-0.00002344,-0.00002859,-0.00008402,-0.00002859,-1.9999999999992246e-05,-0.00023443910444253014
1697268600000,2023-10-14T07:30:00Z,0.08529,0.08529,0.08528,0.08529,11627,991.6076,0.08529,0.0853,0.08528,0.08529,0.08531,0.08533,0.08531,0.08533,-0.00002859,-0.00014744,-0.00044779,-0.00044779,-3.999999999999837e-05,-0.00046876831126213954
1697268900000,2023-10-14T07:35:00Z,0.08529,0.08529,0.08527,0.08527,15548,1325.93156,0.08529,0.0853,0.08527,0.08527,0.08533,0.08534,0.08529,0.08529,-0.00044779,-0.00031864,-0.00036306,-0.00031864,-2.0000000000006124e-05,-0.00023449407902457643
1697269200000,2023-10-14T07:40:00Z,0.08527,0.08527,0.08508,0.08515,630426,53670.5663,0.08527,0.08527,0.08515,0.08515,0.08529,0.0853,0.0852,0.0852,-0.00031864,-0.00019537,-0.00068235,-0.00068235,-4.999999999999449e-05,-0.0005868544600938321
1697269500000,2023-10-14T07:45:00Z,0.08515,0.08515,0.08508,0.08513,101568,8644.44311,0.08515,0.08515,0.08508,0.08513,0.0852,0.0852,0.08514,0.08517,-0.00068235,-0.00029586,-0.00054081,-0.00029586,-3.999999999999837e-05,-0.00046964893741926
1697269800000,2023-10-14T07:50:00Z,0.08513,0.08513,0.08511,0.08512,5085,432.82594,0.08513,0.08513,0.08511,0.08513,0.08517,0.08517,0.08515,0.08517,-0.00029586,-0.00027454,-0.00028123,-0.00027454,-4.999999999999449e-05,-0.0005870611717740343
1697270100000,2023-10-14T07:55:00Z,0.08512,0.08516,0.08512,0.08516,9062,771.57877,0.08513,0.08517,0.08512,0.08516,0.08517,0.08521,0.08516,0.08519,-0.00027454,-0.00035215,-0.00046948,-0.00035215,-3.0000000000002247e-05,-0.00035215400868649193
1697270400000,2023-10-14T08:00:00Z,0.08516,0.08516,0.08508,0.08509,40128,3416.68892,0.08516,0.08516,0.08508,0.08509,0.08519,0.0852,0.0851,0.08513,-0.00035215,-0.00020382,-0.00034844,-0.00034844,-3.999999999999837e-05,-0.0004698696111828776
1697270700000,2023-10-14T08:05:00Z,0.08509,0.08513,0.08508,0.08513,8576,730.01984,0.08509,0.08513,0.08508,0.08513,0.08513,0.08516,0.08512,0.08515,-0.00034844,-0.00011745,-0.00035227,-0.00011745,-2.0000000000006124e-05,-0.0002348796241926732
1697271000000,2023-10-14T08:10:00Z,0.08513,0.08513,0.08509,0.08509,27593,2348.17261,0.08513,0.08513,0.08509,0.08509,0.08515,0.08515,0.08513,0.08513,-0.00011745,-0.00001538,-0.00012872,-0.00012872,-3.999999999999837e-05,-0.0004698696111828776
1697271300000,2023-10-14T08:15:00Z,0.08509,0.08511,0.08509,0.0851,10252,872.43714,0.08509,0.08511,0.08509,0.0851,0.08513,0.08514,0.08512,0.08513,-0.00012872,-0.00019957,-0.00020345,-0.00020345,-3.0000000000002247e-05,-0.00035240220838719897
1697271600000,2023-10-14T08:20:00Z,0.0851,0.08517,0.08509,0.08514,73255,6236.39421,0.0851,0.08517,0.0851,0.08514,0.08513,0.0852,0.08513,0.08517,-0.00020345,-0.00011249,-0.00037924,-0.00011249,-3.0000000000002247e-05,-0.0003522367030644857
1697271900000,2023-10-14T08:25:00Z,0.08514,0.0852,0.08513,0.0852,70564,6010.63895,0.08514,0.0852,0.08514,0.0852,0.08517,0.08522,0.08516,0.08522,-0.00011249,-0.0001401,-0.0002566,-0.0001401,-2.0000000000006124e-05,-0.00023468669326456377
1697272200000,2023-10-14T08:30:00Z,0.0852,0.0852,0.08518,0.08518,4691,399.64088,0.0852,0.0852,0.08518,0.08518,0.08522,0.08523,0.08521,0.08522,-0.0001401,-0.00027947,-0.00028323,-0.00028323,-3.999999999999837e-05,-0.0004693733865289647
1697272500000,2023-10-14T08:35:00Z,0.08518,0.08519,0.08514,0.08514,4231,360.36779,0.08518,0.08519,0.08515,0.08516,0.08522,0.08522,0.08519,0.0852,-0.00028323,-0.00020929,-0.00023471,-0.00020929,-6.0000000000004494e-05,-0.0007042253521127288
1697272800000,2023-10-14T08:40:00Z,0.08514,0.08515,0.08514,0.08514,4325,368.23115,0.08516,0.08516,0.08514,0.08514,0.0852,0.0852,0.08517,0.08517,-0.00020929,-0.0002917,-0.00035684,-0.00035684,-3.0000000000002247e-05,-0.0003522367030644857
1697273100000,2023-10-14T08:45:00Z,0.08514,0.08514,0.08514,0.08514,4770,406.1178,0.08514,0.08515,0.08514,0.08514,0.08517,0.0852,0.08517,0.08519,-0.00035684,-0.0003059,-0.00033736,-0.00033736,-5.000000000000837e-05,-0.0005869233478108741
1697273400000,2023-10-14T08:50:00Z,0.08514,0.08514,0.08509,0.08509,17615,1499.05092,0.08514,0.08514,0.08509,0.0851,0.08519,0.08519,0.08514,0.08515,-0.00033736,-0.0003809,-0.00044552,-0.0003809,-6.0000000000004494e-05,-0.0007046388725778566
1697273700000,2023-10-14T08:55:00Z,0.08509,0.08512,0.08509,0.08512,26742,2275.69516,0.0851,0.08513,0.08509,0.08513,0.08515,0.08518,0.08514,0.08518,-0.0003809,-0.00012952,-0.00013057,-0.00013057,-6.0000000000004494e-05,-0.0007043907020427857
1697274000000,2023-10-14T09:00:00Z,0.08512,0.08516,0.08512,0.08516,29342,2498.06471,0.08513,0.08517,0.08513,0.08517,0.08518,0.0852,0.08516,0.0852,-0.00013057,-0.0002143,-0.00023485,-0.00023485,-3.999999999999837e-05,-0.0004694835680750983
1697274300000,2023-10-14T09:05:00Z,0.08516,0.08519,0.08516,0.08516,95133,8103.36316,0.08517,0.08519,0.08516,0.08516,0.0852,0.08521,0.0852,0.0852,-0.00023485,-0.00033223,-0.00035207,-0.00033223,-3.999999999999837e-05,-0.0004694835680750983
1697274600000,2023-10-14T09:10:00Z,0.08516,0.08518,0.08515,0.08518,85200,7254.87024,0.08516,0.08518,0.08515,0.08518,0.0852,0.08521,0.08519,0.0852,-0.00033223,-0.00006161,-0.00012053,-0.00012053,-1.9999999999992246e-05,-0.0002347417840374677
1697274900000,2023-10-14T09:15:00Z,0.08518,0.08518,0.08518,0.08518,19488,1659.98784,0.08518,0.08522,0.08518,0.08522,0.0852,0.08525,0.08519,0.08525,-0.00012053,-0.00023474,-0.00023474,-0.00023474,-7.000000000000062e-05,-0.0008211143695014734
1697275200000,2023-10-14T09:20:00Z,0.08518,0.08521,0.08518,0.08519,1817,154.79851,0.08522,0.08523,0.08519,0.08519,0.08525,0.08526,0.08523,0.08524,-0.00023474,-0.00035253,-0.0004465,-0.00035253,-4.999999999999449e-05,-0.0005865790708586871
1697275500000,2023-10-14T09:25:00Z,0.08519,0.08519,0.08519,0.08519,1053,89.70507,0.08519,0.08521,0.08519,0.0852,0.08524,0.08525,0.08523,0.08525,-0.00035253,-0.00030689,-0.00033618,-0.00033618,-6.0000000000004494e-05,-0.0007038123167155952
1697275800000,2023-10-14T09:30:00Z,0.08519,0.08522,0.08519,0.0852,11015,938.59537,0.0852,0.08522,0.08519,0.08521,0.08525,0.08526,0.08524,0.08525,-0.00033618,-0.0003519,-0.0004468,-0.0004468,-5.000000000000837e-05,-0.0005865102639297169
1697276100000,2023-10-14T09:35:00Z,0.0852,0.08522,0.08518,0.08521,172991,14739.60973,0.08521,0.08522,0.08519,0.08521,0.08525,0.08526,0.08522,0.08522,-0.0004468,-0.00021844,-0.00056434,-0.00021844,-1.0000000000010001e-05,-0.00011734334663236329
1697276400000,2023-10-14T09:40:00Z,0.08521,0.08522,0.08519,0.08522,10027,854.36598,0.08521,0.08522,0.08519,0.08522,0.08522,0.08525,0.08522,0.08525,-0.00021844,-0.00023463,-0.00023463,-0.00023463,-3.0000000000002247e-05,-0.0003519061583577976
1697276700000,2023-10-14T09:45:00Z,0.08522,0.08522,0.08521,0.08521,1364,116.22646,0.08522,0.08523,0.08521,0.08521,0.08525,0.08526,0.08524,0.08525,-0.00023463,-0.0003519,-0.00046915,-0.0003519,-4.000000000001225e-05,-0.00046920821114383867
1697277000000,2023-10-14T09:50:00Z,0.08521,0.08522,0.08521,0.08521,15795,1346.00976,0.08521,0.08522,0.08521,0.08521,0.08525,0.08526,0.08523,0.08524,-0.0003519,-0.00023463,-0.00023463,-0.00023463,-3.0000000000002247e-05,-0.00035194744251527743
1697277300000,2023-10-14T09:55:00Z,0.08521,0.08521,0.08519,0.08519,28480,2426.2112,0.08521,0.08522,0.08519,0.0852,0.08524,0.08526,0.08522,0.08525,-0.00023463,-0.00015708,-0.00027636,-0.00027636,-6.0000000000004494e-05,-0.0007038123167155952
1697277600000,2023-10-14T10:00:00Z,0.08519,0.0852,0.08518,0.0852,78159,6658.31249,0.0852,0.08521,0.08519,0.0852,0.08525,0.08526,0.08524,0.08525,-0.00027636,-0.00027135,-0.00055477,-0.00055477,-5.000000000000837e-05,-0.0005865102639297169
1697277900000,2023-10-14T10:05:00Z,0.0852,0.0852,0.08518,0.08518,19326,1646.32414,0.0852,0.0852,0.08518,0.08519,0.08525,0.08525,0.08523,0.08524,-0.00055477,-0.00038925,-0.00046468,-0.00046468,-5.9999999999990616e-05,-0.000703894885030392
1697278200000,2023-10-14T10:10:00Z,0.08518,0.08524,0.08518,0.08524,47160,4017.92,0.08519,0.08524,0.08518,0.08524,0.08524,0.08528,0.08522,0.08527,-0.00046468,-0.00020208,-0.00037236,-0.00020208,-3.0000000000002247e-05,-0.00035182361909232143
1697278500000,2023-10-14T10:15:00Z,0.08524,0.08524,0.08518,0.08519,24699,2104.25113,0.08524,0.08525,0.08519,0.08524,0.08527,0.0853,0.08524,0.08529,-0.00020208,-0.00048011,-0.00060961,-0.00048011,-0.00010000000000000286,-0.0011724703951225567
1697278800000,2023-10-14T10:20:00Z,0.08519,0.08527,0.08519,0.08527,43514,3709.68058,0.08524,0.08527,0.08523,0.08527,0.08529,0.08533,0.08528,0.08533,-0.00048011,-0.00038642,-0.0004864,-0.0004864,-6.0000000000004494e-05,-0.0007031524668932907
1697279100000,2023-10-14T10:25:00Z,0.08527,0.08529,0.08527,0.08529,68017,5801.09298,0.08527,0.08529,0.08527,0.08529,0.08533,0.08534,0.08532,0.08533,-0.0004864,-0.00035157,-0.00035157,-0.00035157,-3.999999999999837e-05,-0.00046876831126213954
1697279400000,2023-10-14T10:30:00Z,0.08529,0.0853,0.08529,0.0853,1501,128.0353,0.08529,0.08531,0.08529,0.0853,0.08533,0.08535,0.08533,0.08535,-0.00035157,-0.00046871,-0.00054797,-0.00054797,-4.999999999999449e-05,-0.0005858230814293438
1697279700000,2023-10-14T10:35:00Z,0.0853,0.08531,0.0853,0.08531,30673,2616.40798,0.0853,0.08532,0.0853,0.08531,0.08535,0.08537,0.08533,0.08534,-0.00054797,-0.00041178,-0.00044119,-0.00041178,-3.0000000000002247e-05,-0.0003515350363253134
1697280000000,2023-10-14T10:40:00Z,0.08531,0.08531,0.08526,0.08527,143410,12231.00799,0.08531,0.08531,0.08527,0.08527,0.08534,0.08534,0.08532,0.08532,-0.00041178,-0.00035157,-0.00052051,-0.00052051,-4.999999999999449e-05,-0.0005860290670416608
1697280300000,2023-10-14T10:45:00Z,0.08527,0.08528,0.08527,0.08528,39674,3383.39872,0.08527,0.08528,0.08527,0.08528,0.08532,0.08533,0.08531,0.08532,-0.00052051,-0.00026128,-0.00034646,-0.00026128,-3.999999999999837e-05,-0.00046882325363336116
1697280600000,2023-10-14T10:50:00Z,0.08528,0.08528,0.08523,0.08528,189143,16127.01688,0.08528,0.08528,0.08525,0.08528,0.08532,0.08533,0.08529,0.0853,-0.00026128,-0.00023376,-0.00023446,-0.00023446,-2.0000000000006124e-05,-0.00023446658851120896
1697280900000,2023-10-14T10:55:00Z,0.08528,0.08528,0.08527,0.08527,3502,298.61554,0.08528,0.0853,0.08527,0.08527,0.0853,0.08533,0.08529,0.08529,-0.00023446,-0.00020114,-0.00052924,-0.00052924,-2.0000000000006124e-05,-0.00023449407902457643
1697281200000,2023-10-14T11:00:00Z,0.08527,0.08527,0.08524,0.08524,37933,3233.99421,0.08527,0.08527,0.08524,0.08524,0.08529,0.08532,0.08527,0.08527,-0.00052924,-0.00039784,-0.00046799,-0.00046799,-3.0000000000002247e-05,-0.00035182361909232143
1697281500000,2023-10-14T11:05:00Z,0.08524,0.08524,0.08522,0.08522,591,50.36502,0.08524,0.08524,0.08522,0.08522,0.08527,0.08529,0.08526,0.08527,-0.00046799,-0.00027219,-0.00033063,-0.00033063,-4.999999999999449e-05,-0.0005863726984870938
1697281800000,2023-10-14T11:10:00Z,0.08522,0.08522,0.08521,0.08521,2,0.17042,0.08522,0.08522,0.08521,0.08521,0.08527,0.08527,0.08525,0.08526,-0.00033063,-0.00036535,-0.00058637,-0.00036535,-5.000000000000837e-05,-0.0005864414731410787
1697282100000,2023-10-14T11:15:00Z,0.08521,0.08521,0.08519,0.08519,3463,295.01641,0.08521,0.08521,0.08519,0.08519,0.08526,0.08526,0.08523,0.08524,-0.00036535,-0.00038416,-0.00042585,-0.00038416,-4.999999999999449e-05,-0.0005865790708586871
1697282400000,2023-10-14T11:20:00Z,0.08519,0.08522,0.08519,0.08522,16949,1443.97535,0.08519,0.08522,0.08519,0.08522,0.08524,0.08528,0.08524,0.08527,-0.00038416,-0.00052351,-0.00054256,-0.00054256,-4.999999999999449e-05,-0.0005863726984870938
1697282700000,2023-10-14T11:25:00Z,0.08522,0.08522,0.08521,0.08521,10341,881.25853,0.08522,0.08522,0.08521,0.08521,0.08527,0.08527,0.08524,0.08524,-0.00054256,-0.00048199,-0.00048357,-0.00048357,-3.0000000000002247e-05,-0.00035194744251527743
1697283000000,2023-10-14T11:30:00Z,0.08521,0.08521,0.08518,0.08518,146,12.43773,0.08521,0.08521,0.08518,0.08518,0.08524,0.08527,0.08523,0.08523,-0.00048357,-0.00039835,-0.00047595,-0.00047595,-4.999999999999449e-05,-0.0005866478939339962
1697283300000,2023-10-14T11:35:00Z,0.08518,0.08518,0.08517,0.08517,188,16.01375,0.08518,0.08519,0.08517,0.08517,0.08523,0.08524,0.08522,0.08522,-0.00047595,-0.00046937,-0.00052275,-0.00046937,-5.000000000000837e-05,-0.0005867167331613279
1697283600000,2023-10-14T11:40:00Z,0.08517,0.08517,0.08517,0.08517,1015,86.44755,0.08517,0.08517,0.08517,0.08517,0.08522,0.08522,0.08519,0.0852,-0.00046937,-0.00058678,-0.00058678,-0.00058678,-3.0000000000002247e-05,-0.0003521126760563644
1697283900000,2023-10-14T11:45:00Z,0.08517,0.08517,0.08514,0.08514,28660,2440.42117,0.08517,0.08517,0.08515,0.08516,0.0852,0.08521,0.08518,0.0852,-0.00058678,-0.00046953,-0.00056408,-0.00046953,-6.0000000000004494e-05,-0.0007042253521127288
1697284200000,2023-10-14T11:50:00Z,0.08514,0.08521,0.08514,0.08521,292987,24958.71249,0.08516,0.08521,0.08514,0.08521,0.0852,0.08523,0.08519,0.08522,-0.00046953,-0.00037772,-0.00056406,-0.00037772,-1.0000000000010001e-05,-0.00011734334663236329
1697284500000,2023-10-14T11:55:00Z,0.08521,0.08521,0.08518,0.0852,4321,368.06494,0.08521,0.08521,0.08518,0.0852,0.08522,0.08526,0.08522,0.08526,-0.00037772,-0.00011014,-0.00022929,-0.00022929,-6.0000000000004494e-05,-0.0007037297677692293
1697284800000,2023-10-14T12:00:00Z,0.0852,0.08525,0.08519,0.08523,26181,2230.72826,0.0852,0.08525,0.0852,0.08523,0.08526,0.08529,0.08526,0.08528,-0.00022929,-0.00035178,-0.00054537,-0.00054537,-4.999999999999449e-05,-0.000586303939962412
1697285100000,2023-10-14T12:05:00Z,0.08523,0.0853,0.08523,0.08528,148875,12693.269,0.08523,0.0853,0.08523,0.0853,0.08528,0.08535,0.08528,0.08535,-0.00054537,-0.00042282,-0.0006183,-0.00042282,-7.000000000000062e-05,-0.0008201523140011789
1697285400000,2023-10-14T12:10:00Z,0.08528,0.08529,0.08526,0.08529,8753,746.43028,0.0853,0.08531,0.08526,0.0853,0.08535,0.08536,0.08531,0.08535,-0.00042282,-0.0003775,-0.00038582,-0.0003775,-5.9999999999990616e-05,-0.0007029876977151801
1697285700000,2023-10-14T12:15:00Z,0.08529,0.0853,0.08529,0.08529,2035,173.57551,0.0853,0.08531,0.08529,0.0853,0.08535,0.08536,0.08535,0.08536,-0.0003775,-0.00047346,-0.0007029,-0.0007029,-7.000000000000062e-05,-0.0008200562324273737
1697286000000,2023-10-14T12:20:00Z,0.08529,0.0853,0.08527,0.08528,36887,3146.06269,0.0853,0.08531,0.08527,0.08528,0.08536,0.08537,0.08533,0.08534,-0.0007029,-0.00048447,-0.00053655,-0.00048447,-6.0000000000004494e-05,-0.0007030700726506268
1697286300000,2023-10-14T12:25:00Z,0.08528,0.08529,0.08527,0.08527,10109,862.16689,0.08528,0.0853,0.08527,0.08527,0.08534,0.08535,0.0853,0.08532,-0.00048447,-0.00043923,-0.00067346,-0.00043923,-4.999999999999449e-05,-0.0005860290670416608
1697286600000,2023-10-14T12:30:00Z,0.08527,0.08527,0.08521,0.08524,73490,6264.77499,0.08527,0.08527,0.08521,0.08524,0.08532,0.08532,0.08527,0.08529,-0.00043923,-0.0002804,-0.00042743,-0.00042743,-5.000000000000837e-05,-0.0005862351975613597
1697286900000,2023-10-14T12:35:00Z,0.08524,0.08524,0.08524,0.08524,586,49.95064,0.08524,0.08524,0.08524,0.08524,0.08529,0.0853,0.08528,0.08529,-0.00042743,-0.00022499,-0.00022605,-0.00022499,-5.000000000000837e-05,-0.0005862351975613597
1697287200000,2023-10-14T12:40:00Z,0.08524,0.08524,0.08521,0.08521,2147,182.95738,0.08524,0.08524,0.08521,0.08521,0.08529,0.08529,0.08527,0.08527,-0.00022499,-0.00048821,-0.000625,-0.000625,-6.0000000000004494e-05,-0.0007036472381846429
1697287500000,2023-10-14T12:45:00Z,0.08521,0.08529,0.0852,0.08528,37540,3200.26936,0.08521,0.08529,0.0852,0.08528,0.08527,0.08534,0.08524,0.08532,-0.000625,-0.00030895,-0.00064295,-0.00030895,-3.999999999999837e-05,-0.00046882325363336116
1697287800000,2023-10-14T12:50:00Z,0.08528,0.08529,0.08528,0.08528,42023,3583.73144,0.08528,0.08529,0.08528,0.08528,0.08532,0.08534,0.0853,0.08532,-0.00030895,-0.00019118,-0.00029922,-0.00019118,-3.999999999999837e-05,-0.00046882325363336116
1697288100000,2023-10-14T12:55:00Z,0.08528,0.08534,0.08528,0.08533,53610,4573.8385,0.08528,0.08534,0.08528,0.08533,0.08532,0.08537,0.08532,0.08535,-0.00019118,-0.00012747,-0.00021016,-0.00021016,-1.9999999999992246e-05,-0.0002343292325716725
1697288400000,2023-10-14T13:00:00Z,0.08533,0.08533,0.08532,0.08532,18811,1605.10221,0.08533,0.08534,0.08532,0.08532,0.08535,0.08539,0.08535,0.08535,-0.00021016,-0.0002246,-0.00043293,-0.0002246,-3.0000000000002247e-05,-0.00035149384885767136
1697288700000,2023-10-14T13:05:00Z,0.08532,0.08532,0.0853,0.0853,26349,2247.5697,0.08532,0.08532,0.0853,0.0853,0.08535,0.08537,0.08534,0.08535,-0.0002246,-0.000322,-0.00035997,-0.00035997,-4.999999999999449e-05,-0.0005858230814293438
1697289000000,2023-10-14T13:10:00Z,0.0853,0.08532,0.08527,0.08531,161706,13793.34266,0.0853,0.08532,0.0853,0.08531,0.08535,0.08537,0.08534,0.08536,-0.00035997,-0.00026294,-0.00030178,-0.00030178,-5.000000000000837e-05,-0.0005857544517339313
1697289300000,2023-10-14T13:15:00Z,0.08531,0.08531,0.08531,0.08531,0,0,0.08531,0.08533,0.08531,0.08532,0.08536,0.08538,0.08535,0.08537,-0.00030178,-0.00025374,-0.00032599,-0.00032599,-6.0000000000004494e-05,-0.0007028230057397739
1697289600000,2023-10-14T13:20:00Z,0.08531,0.08536,0.08531,0.08536,22630,1931.28372,0.08532,0.08536,0.08531,0.08536,0.08537,0.08539,0.08536,0.08538,-0.00032599,-0.00024982,-0.00028906,-0.00028906,-1.9999999999992246e-05,-0.00023424689622853417
1697289900000,2023-10-14T13:25:00Z,0.08536,0.08536,0.08529,0.0853,31559,2692.67084,0.08536,0.08536,0.08531,0.08531,0.08538,0.08539,0.08532,0.08536,-0.00028906,-0.00022509,-0.00030606,-0.00022509,-6.0000000000004494e-05,-0.0007029053420806524
1697290200000,2023-10-14T13:30:00Z,0.0853,0.0853,0.08526,0.08526,9705,827.61127,0.08531,0.08531,0.08526,0.08527,0.08536,0.08536,0.08531,0.08532,-0.00022509,-0.00028609,-0.00031282,-0.00031282,-5.9999999999990616e-05,-0.0007032348804499604
1697290500000,2023-10-14T13:35:00Z,0.08526,0.08529,0.08526,0.08529,9404,801.95202,0.08527,0.0853,0.08526,0.08529,0.08532,0.08535,0.0853,0.08534,-0.00031282,-0.00021328,-0.00033067,-0.00021328,-4.999999999999449e-05,-0.0005858917272087473
1697290800000,2023-10-14T13:40:00Z,0.08529,0.08532,0.08529,0.08532,68908,5877.62587,0.08529,0.08533,0.08529,0.08532,0.08534,0.0854,0.08534,0.08539,-0.00021328,-0.00058568,-0.00073038,-0.00058568,-7.000000000000062e-05,-0.0008197681227310063
1697291100000,2023-10-14T13:45:00Z,0.08532,0.08535,0.08531,0.08534,372091,31748.19864,0.08532,0.08535,0.08532,0.08534,0.08539,0.08542,0.08539,0.08541,-0.00058568,-0.00046721,-0.00053659,-0.00046721,-7.000000000000062e-05,-0.0008195761620419227
1697291400000,2023-10-14T13:50:00Z,0.08534,0.08534,0.08534,0.08534,68,5.80312,0.08534,0.08536,0.08534,0.08535,0.08541,0.08542,0.0854,0.08541,-0.00046721,-0.00052558,-0.00052979,-0.00052558,-7.000000000000062e-05,-0.0008195761620419227
1697291700000,2023-10-14T13:55:00Z,0.08534,0.08542,0.08534,0.08539,317655,27129.2467,0.08535,0.08542,0.08534,0.08539,0.08541,0.08544,0.0854,0.08543,-0.00052558,-0.00039822,-0.00041238,-0.00041238,-4.000000000001225e-05,-0.0004682195949901937
1697292000000,2023-10-14T14:00:00Z,0.08539,0.08539,0.08535,0.08536,36556,3121.16081,0.08539,0.0854,0.08537,0.08539,0.08543,0.08545,0.08542,0.08544,-0.00041238,-0.00038335,-0.0005028,-0.0005028,-7.999999999999674e-05,-0.0009363295880149431
1697292300000,2023-10-14T14:05:00Z,0.08536,0.08539,0.0853,0.08531,151928,12963.7924,0.08539,0.0854,0.0853,0.08532,0.08544,0.08545,0.08536,0.08538,-0.0005028,-0.00034571,-0.00040381,-0.00034571,-7.000000000000062e-05,-0.0008198641368001947
1697292600000,2023-10-14T14:10:00Z,0.08531,0.08531,0.08525,0.08528,195830,16699.85679,0.08532,0.08533,0.08528,0.08528,0.08538,0.08539,0.08536,0.08537,-0.00034571,-0.00068771,-0.00074748,-0.00068771,-9.000000000000674e-05,-0.0010542345086096607
1697292900000,2023-10-14T14:15:00Z,0.08528,0.08534,0.08528,0.08531,8968,764.96345,0.08528,0.08534,0.08528,0.08531,0.08537,0.08541,0.08536,0.08538,-0.00068771,-0.00056669,-0.00084998,-0.00084998,-7.000000000000062e-05,-0.0008198641368001947
1697293200000,2023-10-14T14:20:00Z,0.08531,0.08535,0.0853,0.08535,42067,3589.69273,0.08531,0.08535,0.08531,0.08535,0.08538,0.08541,0.08537,0.08541,-0.00084998,-0.00048635,-0.00055333,-0.00055333,-6.0000000000004494e-05,-0.0007024938531788373
1697293500000,2023-10-14T14:25:00Z,0.08535,0.08538,0.08535,0.08538,20296,1732.63378,0.08535,0.08538,0.08535,0.08538,0.08541,0.08544,0.08541,0.08543,-0.00055333,-0.00054453,-0.00073022,-0.00073022,-5.000000000000837e-05,-0.0005852744937376609
1697293800000,2023-10-14T14:30:00Z,0.08538,0.08538,0.0853,0.08534,100688,8590.79862,0.08538,0.08538,0.08535,0.08535,0.08543,0.08544,0.08542,0.08542,-0.00073022,-0.00054167,-0.00075948,-0.00054167,-7.999999999999674e-05,-0.0009365488176070796
1697294100000,2023-10-14T14:35:00Z,0.08534,0.08536,0.08526,0.08527,109172,9316.68396,0.08535,0.08536,0.08526,0.08527,0.08542,0.08542,0.08534,0.08535,-0.00054167,-0.00067994,-0.00078034,-0.00067994,-7.999999999999674e-05,-0.0009373169302870152
1697294400000,2023-10-14T14:40:00Z,0.08527,0.08527,0.0852,0.08523,216748,18470.89544,0.08527,0.08527,0.08523,0.08524,0.08535,0.08535,0.08529,0.08531,-0.00067994,-0.00039031,-0.00071574,-0.00071574,-7.999999999999674e-05,-0.0009377564177704459
1697294700000,2023-10-14T14:45:00Z,0.08523,0.08527,0.08522,0.08527,6004,511.74405,0.08524,0.08527,0.08522,0.08527,0.08531,0.08535,0.08529,0.08534,-0.00071574,-0.00051365,-0.00056839,-0.00051365,-7.000000000000062e-05,-0.0008202484180923438
1697295000000,2023-10-14T14:50:00Z,0.08527,0.08531,0.08527,0.08528,27401,2337.14438,0.08527,0.08531,0.08527,0.08528,0.08534,0.08537,0.08534,0.08535,-0.00051365,-0.0004997,-0.00065245,-0.0004997,-7.000000000000062e-05,-0.0008201523140011789
1697295300000,2023-10-14T14:55:00Z,0.08528,0.08528,0.08527,0.08527,6833,582.65067,0.08528,0.0853,0.08527,0.08527,0.08535,0.08537,0.08533,0.08533,-0.0004997,-0.00051822,-0.00051869,-0.00051822,-6.0000000000004494e-05,-0.0007031524668932907
1697295600000,2023-10-14T15:00:00Z,0.08527,0.08528,0.08524,0.08527,44775,3817.88579,0.08527,0.08528,0.08525,0.08527,0.08533,0.08536,0.08533,0.08535,-0.00051822,-0.00055537,-0.00067248,-0.00067248,-7.999999999999674e-05,-0.0009373169302870152
1697295900000,2023-10-14T15:05:00Z,0.08527,0.08528,0.08527,0.08528,17735,1512.30944,0.08527,0.0853,0.08527,0.0853,0.08535,0.08538,0.08533,0.08538,-0.00067248,-0.00051535,-0.00058704,-0.00058704,-0.00010000000000000286,-0.0011712344811431585
1697296200000,2023-10-14T15:10:00Z,0.08528,0.08529,0.08528,0.08529,434,37.01393,0.0853,0.0853,0.08528,0.08529,0.08538,0.08538,0.08536,0.08538,-0.00058704,-0.00047862,-0.00069044,-0.00069044,-8.999999999999286e-05,-0.0010541110330287288
1697296500000,2023-10-14T15:15:00Z,0.08529,0.08531,0.08529,0.08529,15385,1312.24345,0.08529,0.08531,0.08529,0.08531,0.08538,0.08539,0.08537,0.08539,-0.00069044,-0.00065214,-0.00076917,-0.00065214,-9.999999999998899e-05,-0.0011710973181870124
1697296800000,2023-10-14T15:20:00Z,0.08529,0.08532,0.08529,0.08531,19636,1675.13916,0.08531,0.08534,0.0853,0.08531,0.08539,0.08541,0.08535,0.08535,-0.00065214,-0.00055295,-0.00076856,-0.00055295,-3.999999999999837e-05,-0.0004686584651435076
1697297100000,2023-10-14T15:25:00Z,0.08531,0.08531,0.08528,0.08529,7501,639.81781,0.08531,0.08531,0.08528,0.08529,0.08535,0.08536,0.08533,0.08533,-0.00055295,-0.00054833,-0.00062987,-0.00054833,-3.999999999999837e-05,-0.00046876831126213954
1697297400000,2023-10-14T15:30:00Z,0.08529,0.08529,0.08521,0.08522,2572,219.30935,0.08529,0.08529,0.08522,0.08522,0.08533,0.08535,0.08528,0.08528,-0.00054833,-0.00064834,-0.00075155,-0.00075155,-5.9999999999990616e-05,-0.0007035647279548619
1697297700000,2023-10-14T15:35:00Z,0.08522,0.08523,0.08522,0.08523,10304,878.15386,0.08522,0.08524,0.08522,0.08523,0.08528,0.08531,0.08528,0.0853,-0.00075155,-0.00051266,-0.00051266,-0.00051266,-7.000000000000062e-05,-0.0008206330597889873
1697298000000,2023-10-14T15:40:00Z,0.08523,0.08526,0.08523,0.08525,2784,237.35344,0.08523,0.08529,0.08523,0.08527,0.0853,0.08534,0.0853,0.08532,-0.00051266,-0.00043552,-0.00063213,-0.00063213,-6.999999999998674e-05,-0.00082044069385826
1697298300000,2023-10-14T15:45:00Z,0.08525,0.08526,0.08524,0.08524,4795,408.73297,0.08527,0.08527,0.08525,0.08527,0.08532,0.08534,0.08529,0.08534,-0.00063213,-0.00051031,-0.00062782,-0.00062782,-0.00010000000000000286,-0.0011717834544176572
1697298600000,2023-10-14T15:50:00Z,0.08524,0.08528,0.08524,0.08527,3938,335.79733,0.08527,0.08528,0.08527,0.08527,0.08534,0.08535,0.08531,0.08532,-0.00062782,-0.00054535,-0.00063185,-0.00063185,-4.999999999999449e-05,-0.0005860290670416608
1697298900000,2023-10-14T15:55:00Z,0.08527,0.08528,0.08526,0.08527,13088,1115.92793,0.08527,0.0853,0.08527,0.0853,0.08532,0.08537,0.08532,0.08537,-0.00063185,-0.0004086,-0.00053965,-0.00053965,-0.00010000000000000286,-0.0011713716762329022
1697299200000,2023-10-14T16:00:00Z,0.08527,0.08533,0.08527,0.08529,209083,17834.58429,0.0853,0.08533,0.08528,0.08531,0.08537,0.08538,0.08533,0.08538,-0.00053965,-0.00049642,-0.00050029,-0.00049642,-8.999999999999286e-05,-0.0010541110330287288
1697299500000,2023-10-14T16:05:00Z,0.08529,0.08539,0.08529,0.08535,206375,17607.62654,0.08531,0.08539,0.08531,0.08535,0.08538,0.08545,0.08538,0.0854,-0.00049642,-0.00060058,-0.00061556,-0.00060058,-5.000000000000837e-05,-0.000585480093676913
1697299800000,2023-10-14T16:10:00Z,0.08535,0.08543,0.08531,0.0854,355919,30386.01392,0.08535,0.08543,0.08533,0.0854,0.0854,0.08544,0.08539,0.08544,-0.00060058,-0.00035265,-0.00045579,-0.00035265,-3.999999999999837e-05,-0.00046816479400747156
1697300100000,2023-10-14T16:15:00Z,0.0854,0.08542,0.08537,0.08537,40263,3438.58271,0.0854,0.08542,0.08537,0.08538,0.08544,0.08547,0.08542,0.08543,-0.00035265,-0.00031944,-0.00040203,-0.00040203,-6.0000000000004494e-05,-0.0007023293924851281
1697300400000,2023-10-14T16:20:00Z,0.08537,0.08537,0.08529,0.08529,72228,6163.32456,0.08538,0.08538,0.08529,0.08529,0.08543,0.08543,0.08533,0.08534,-0.00040203,-0.00048101,-0.00049607,-0.00048101,-4.999999999999449e-05,-0.0005858917272087473
1697300700000,2023-10-14T16:25:00Z,0.08529,0.0853,0.08528,0.0853,76799,6550.269,0.08529,0.0853,0.08528,0.0853,0.08534,0.08534,0.08532,0.08533,-0.00048101,-0.00045423,-0.0005171,-0.0005171,-3.0000000000002247e-05,-0.00035157623344664535
1697301000000,2023-10-14T16:30:00Z,0.0853,0.0853,0.08528,0.08528,78634,6706.82644,0.0853,0.0853,0.08528,0.08529,0.08533,0.08535,0.08533,0.08534,-0.0005171,-0.00045577,-0.00066244,-0.00066244,-6.0000000000004494e-05,-0.0007030700726506268
1697301300000,2023-10-14T16:35:00Z,0.08528,0.08533,0.08528,0.08528,191009,16292.68384,0.08529,0.08533,0.08528,0.08529,0.08534,0.08535,0.08534,0.08535,-0.00066244,-0.00043812,-0.00058465,-0.00043812,-7.000000000000062e-05,-0.0008201523140011789
1697301600000,2023-10-14T16:40:00Z,0.08528,0.08532,0.08528,0.08532,15188,1295.32108,0.08529,0.08532,0.08528,0.08532,0.08535,0.08538,0.08533,0.08537,-0.00043812,-0.00045894,-0.0005513,-0.0005513,-5.000000000000837e-05,-0.0005856858381165324
1697301900000,2023-10-14T16:45:00Z,0.08532,0.08534,0.08532,0.08534,4468,381.2423,0.08532,0.08534,0.08532,0.08534,0.08537,0.08539,0.08536,0.08537,-0.0005513,-0.00031201,-0.00043205,-0.00031201,-3.0000000000002247e-05,-0.00035141150286988694
1697302200000,2023-10-14T16:50:00Z,0.08534,0.08535,0.08531,0.08535,10481,894.40845,0.08534,0.08536,0.08531,0.08535,0.08537,0.08542,0.08537,0.08542,-0.00031201,-0.00033551,-0.00039175,-0.00039175,-7.000000000000062e-05,-0.0008194802154062353
1697302500000,2023-10-14T16:55:00Z,0.08535,0.0854,0.08535,0.08539,7144,609.93079,0.08535,0.08539,0.08535,0.08539,0.08542,0.08545,0.08541,0.08544,-0.00039175,-0.00054723,-0.00059702,-0.00054723,-5.000000000000837e-05,-0.0005852059925094612
1697302800000,2023-10-14T17:00:00Z,0.08539,0.0854,0.08538,0.08538,87724,7489.90682,0.08539,0.0854,0.08538,0.08538,0.08544,0.08546,0.08544,0.08544,-0.00054723,-0.00052656,-0.00058478,-0.00058478,-6.0000000000004494e-05,-0.0007022471910112885
1697303100000,2023-10-14T17:05:00Z,0.08538,0.08541,0.08538,0.08541,85723,7319.84828,0.08538,0.08544,0.08538,0.08543,0.08544,0.0855,0.08544,0.0855,-0.00058478,-0.00057181,-0.00058083,-0.00057181,-9.000000000000674e-05,-0.0010526315789474471
1697303400000,2023-10-14T17:10:00Z,0.08541,0.08545,0.08541,0.08545,13244,1131.26586,0.08543,0.08546,0.08541,0.08545,0.0855,0.08554,0.08547,0.08552,-0.00057181,-0.00056985,-0.00058862,-0.00056985,-7.000000000000062e-05,-0.0008185219831618407
1697303700000,2023-10-14T17:15:00Z,0.08545,0.08546,0.08543,0.08546,20907,1786.65933,0.08545,0.08547,0.08543,0.08547,0.08552,0.08553,0.0855,0.08553,-0.00056985,-0.00036865,-0.00058631,-0.00036865,-7.000000000000062e-05,-0.0008184262831755012
1697304000000,2023-10-14T17:20:00Z,0.08546,0.08546,0.08542,0.08542,21146,1806.3512,0.08547,0.08547,0.08542,0.08544,0.08553,0.08553,0.08549,0.08551,-0.00036865,-0.0005352,-0.00060916,-0.00060916,-9.000000000000674e-05,-0.0010525084785406003
1697304300000,2023-10-14T17:25:00Z,0.08542,0.08545,0.08542,0.08543,52609,4495.01122,0.08544,0.08545,0.08542,0.08543,0.08551,0.08551,0.08548,0.08548,-0.00060916,-0.00043263,-0.00058479,-0.00058479,-4.999999999999449e-05,-0.0005849321478707826
1697304600000,2023-10-14T17:30:00Z,0.08543,0.08543,0.08539,0.08541,112781,9631.9578,0.08543,0.08543,0.0854,0.08541,0.08548,0.08548,0.08545,0.08545,-0.00058479,-0.00044564,-0.00055312,-0.00055312,-3.999999999999837e-05,-0.000468110005851356
1697304900000,2023-10-14T17:35:00Z,0.08541,0.0856,0.08541,0.08552,930472,79588.76117,0.08541,0.08552,0.08541,0.08552,0.08545,0.08555,0.08545,0.08554,-0.00055312,-0.00018952,-0.00023865,-0.00018952,-2.0000000000006124e-05,-0.0002338087444471139
1697305200000,2023-10-14T17:40:00Z,0.08552,0.08552,0.08547,0.08547,83597,7148.58306,0.08552,0.08552,0.08547,0.08548,0.08554,0.08555,0.0855,0.08551,-0.00018952,-0.00013203,-0.00031431,-0.00013203,-3.999999999999837e-05,-0.0004677815460179905
1697305500000,2023-10-14T17:45:00Z,0.08547,0.08547,0.08543,0.08543,20449,1747.23143,0.08548,0.08548,0.08544,0.08545,0.08551,0.08551,0.08548,0.08549,-0.00013203,-0.00005591,-0.00007345,-0.00005591,-5.9999999999990616e-05,-0.0007018364721018905
1697305800000,2023-10-14T17:50:00Z,0.08543,0.08548,0.08543,0.08548,33129,2831.11998,0.08545,0.08548,0.08543,0.08548,0.08549,0.08552,0.08547,0.08552,-0.00005591,0,-0.000176,-0.000176,-3.999999999999837e-05,-0.00046772684752102863
1697306100000,2023-10-14T17:55:00Z,0.08548,0.0855,0.08547,0.08547,86827,7422.1354,0.08548,0.0855,0.08547,0.08547,0.08552,0.08552,0.08549,0.08549,-0.000176,0,-0.00014347,0,-1.9999999999992246e-05,-0.00023394549070057606
1697306400000,2023-10-14T18:00:00Z,0.08547,0.08549,0.08543,0.08543,121659,10395.83038,0.08547,0.08549,0.08544,0.08548,0.08549,0.08551,0.08547,0.08551,0,-0.00021085,-0.00021634,-0.00021634,-7.999999999999674e-05,-0.000935563092035981
1697306700000,2023-10-14T18:05:00Z,0.08543,0.08546,0.08543,0.08546,3535,302.1011,0.08548,0.08548,0.08546,0.08546,0.08551,0.08551,0.08549,0.08549,-0.00021634,-0.00034756,-0.00041438,-0.00041438,-3.0000000000002247e-05,-0.0003509182360510264
1697307000000,2023-10-14T18:10:00Z,0.08546,0.08547,0.08545,0.08546,52386,4476.83176,0.08546,0.08547,0.08546,0.08546,0.08549,0.0855,0.08548,0.0855,-0.00041438,-0.00014387,-0.00018481,-0.00014387,-4.000000000001225e-05,-0.0004678362573100847
1697307300000,2023-10-14T18:15:00Z,0.08546,0.08551,0.08546,0.08551,21066,1800.91155,0.08546,0.08551,0.08546,0.08551,0.0855,0.08554,0.0855,0.08554,-0.00014387,0,0,0,-3.0000000000002247e-05,-0.00035071311667058975
1697307600000,2023-10-14T18:20:00Z,0.08551,0.08551,0.08545,0.08545,41773,3569.84802,0.08551,0.08551,0.08545,0.08547,0.08554,0.08554,0.08549,0.08551,0,-0.0001689,-0.00021651,-0.00021651,-6.0000000000004494e-05,-0.0007016723190270669
1697307900000,2023-10-14T18:25:00Z,0.08545,0.08548,0.08545,0.08546,16744,1430.97944,0.08547,0.08548,0.08546,0.08547,0.08551,0.08552,0.0855,0.08551,-0.00021651,-0.00024406,-0.00026499,-0.00024406,-5.000000000000837e-05,-0.0005847269325226098
1697308200000,2023-10-14T18:30:00Z,0.08546,0.08549,0.08546,0.08548,38970,3331.35435,0.08547,0.08549,0.08547,0.08548,0.08551,0.08553,0.0855,0.08552,-0.00024406,-0.0000166,-0.00017259,-0.0000166,-3.999999999999837e-05,-0.00046772684752102863
1697308500000,2023-10-14T18:35:00Z,0.08548,0.08552,0.08548,0.08552,12551,1073.10266,0.08548,0.08554,0.08548,0.08554,0.08552,0.08557,0.08551,0.08557,-0.0000166,0,-0.00021818,-0.00021818,-4.999999999999449e-05,-0.0005843169335046686
1697308800000,2023-10-14T18:40:00Z,0.08552,0.08552,0.08546,0.08546,12985,1110.09523,0.08554,0.08554,0.08546,0.08546,0.08557,0.08557,0.08549,0.0855,-0.00021818,-0.0001635,-0.00020877,-0.00020877,-4.000000000001225e-05,-0.0004678362573100847
1697309100000,2023-10-14T18:45:00Z,0.08546,0.08546,0.08545,0.08545,32534,2780.05564,0.08546,0.08546,0.08545,0.08545,0.0855,0.0855,0.08548,0.08549,-0.00020877,-0.00014553,-0.00028248,-0.00028248,-3.999999999999837e-05,-0.00046789098140131443
1697309400000,2023-10-14T18:50:00Z,0.08545,0.08547,0.08545,0.08546,59716,5103.42251,0.08545,0.08547,0.08545,0.08546,0.08549,0.0855,0.08548,0.0855,-0.00028248,-0.00009976,-0.00020339,-0.00020339,-4.000000000001225e-05,-0.0004678362573100847
1697309700000,2023-10-14T18:55:00Z,0.08546,0.08548,0.08545,0.08545,48083,4108.83951,0.08546,0.08548,0.08545,0.08545,0.0855,0.08551,0.08547,0.08547,-0.00020339,-0.00003251,-0.00021141,-0.00021141,-2.0000000000006124e-05,-0.00023400023400030565
1697310000000,2023-10-14T19:00:00Z,0.08545,0.08545,0.08542,0.08542,3405,290.8552,0.08545,0.08545,0.08542,0.08542,0.08547,0.08547,0.08544,0.08545,-0.00021141,-0.00013739,-0.00021565,-0.00013739,-3.0000000000002247e-05,-0.0003510825043885576
1697310300000,2023-10-14T19:05:00Z,0.08542,0.08546,0.08542,0.08545,15994,1366.43411,0.08542,0.08546,0.08542,0.08544,0.08545,0.08549,0.08544,0.08544,-0.00013739,-0.00007781,-0.00021628,-0.00007781,9.999999999996123e-06,0.00011704119850182729
1697310600000,2023-10-14T19:10:00Z,0.08545,0.08545,0.08536,0.08536,11579,988.87576,0.08544,0.08545,0.08537,0.08537,0.08544,0.08545,0.08539,0.08539,-0.00007781,0,-0.00004577,-0.00004577,-2.999999999998837e-05,-0.00035132919545600625
1697310900000,2023-10-14T19:15:00Z,0.08536,0.08536,0.08531,0.08532,10603,904.63574,0.08537,0.08537,0.08531,0.08532,0.08539,0.08539,0.08534,0.08535,-0.00004577,-0.00008084,-0.00025588,-0.00025588,-3.0000000000002247e-05,-0.00035149384885767136
1697311200000,2023-10-14T19:20:00Z,0.08532,0.08533,0.08531,0.08531,6540,557.95769,0.08532,0.08533,0.08531,0.08531,0.08535,0.08535,0.08534,0.08535,-0.00025588,0,-0.00013204,-0.00013204,-3.999999999999837e-05,-0.0004686584651435076
1697311500000,2023-10-14T19:25:00Z,0.08531,0.08531,0.08529,0.08529,31338,2673.0573,0.08531,0.08531,0.08529,0.0853,0.08535,0.08535,0.08532,0.08533,-0.00013204,-0.00021035,-0.00021422,-0.00021035,-3.999999999999837e-05,-0.00046876831126213954
1697311800000,2023-10-14T19:30:00Z,0.08529,0.08529,0.08528,0.08528,11693,997.17904,0.0853,0.0853,0.08528,0.08528,0.08533,0.08533,0.08531,0.08531,-0.00021035,-0.00001558,-0.00007488,-0.00007488,-3.0000000000002247e-05,-0.0003516586566639579
1697312100000,2023-10-14T19:35:00Z,0.08528,0.08528,0.08523,0.08527,104869,8940.18945,0.08528,0.08533,0.08527,0.08532,0.08531,0.08536,0.0853,0.08535,-0.00007488,-0.00003083,-0.00011664,-0.00011664,-7.999999999999674e-05,-0.0009373169302870152
1697312400000,2023-10-14T19:40:00Z,0.08527,0.08533,0.08527,0.0853,3995,340.8069,0.08532,0.08533,0.0853,0.08531,0.08535,0.08535,0.08533,0.08534,-0.00011664,-0.00018326,-0.00020353,-0.00020353,-3.999999999999837e-05,-0.00046871338176703037
1697312700000,2023-10-14T19:45:00Z,0.0853,0.0853,0.08529,0.0853,238,20.30136,0.08531,0.08531,0.08529,0.0853,0.08534,0.08535,0.08533,0.08534,-0.00020353,-0.00017998,-0.00019932,-0.00017998,-3.999999999999837e-05,-0.00046871338176703037
1697313000000,2023-10-14T19:50:00Z,0.0853,0.08533,0.0853,0.08531,18619,1588.54964,0.0853,0.08533,0.0853,0.08532,0.08534,0.08536,0.08534,0.08536,-0.00017998,-0.00020419,-0.00020477,-0.00020477,-5.000000000000837e-05,-0.0005857544517339313
1697313300000,2023-10-14T19:55:00Z,0.08531,0.08538,0.08531,0.08536,106010,9049.9695,0.08532,0.08536,0.08531,0.08536,0.08536,0.08538,0.08534,0.08537,-0.00020477,-0.00008881,-0.00025471,-0.00008881,-9.999999999996123e-06,-0.00011713716762324146
1697313600000,2023-10-14T20:00:00Z,0.08536,0.08536,0.08532,0.08535,6898,588.56609,0.08536,0.08536,0.08532,0.08535,0.08537,0.08538,0.08535,0.08538,-0.00008881,-0.00017509,-0.00028027,-0.00017509,-3.0000000000002247e-05,-0.0003513703443429638
1697313900000,2023-10-14T20:05:00Z,0.08535,0.08535,0.08534,0.08534,4693,400.50247,0.08535,0.08536,0.08534,0.08536,0.08538,0.08539,0.08537,0.08539,-0.00017509,-0.00025333,-0.00025568,-0.00025568,-4.999999999999449e-05,-0.0005855486590935062
1697314200000,2023-10-14T20:10:00Z,0.08534,0.08534,0.08534,0.08534,311,26.54074,0.08536,0.08536,0.08534,0.08534,0.08539,0.0854,0.08537,0.08538,-0.00025568,-0.00017699,-0.00025526,-0.00017699,-3.999999999999837e-05,-0.00046849379245723086
1697314500000,2023-10-14T20:15:00Z,0.08534,0.08534,0.08529,0.08529,902,76.93423,0.08534,0.08534,0.08529,0.08529,0.08538,0.08538,0.08534,0.08534,-0.00017699,-0.00026845,-0.00026927,-0.00026927,-4.999999999999449e-05,-0.0005858917272087473
1697314800000,2023-10-14T20:20:00Z,0.08529,0.0853,0.08524,0.08524,208681,17793.32393,0.08529,0.0853,0.08524,0.08524,0.08534,0.08535,0.08527,0.08528,-0.00026927,-0.00017778,-0.00049531,-0.00017778,-3.999999999999837e-05,-0.00046904315196996216
1697315100000,2023-10-14T20:25:00Z,0.08524,0.08524,0.0852,0.0852,31694,2700.59563,0.08524,0.08524,0.08521,0.08521,0.08528,0.08528,0.08526,0.08526,-0.00017778,-0.00037316,-0.00046815,-0.00037316,-6.0000000000004494e-05,-0.0007037297677692293
1697315400000,2023-10-14T20:30:00Z,0.0852,0.08523,0.0852,0.08522,51549,4392.46249,0.08521,0.08523,0.0852,0.08523,0.08526,0.08528,0.08526,0.08528,-0.00037316,-0.00029802,-0.0003164,-0.0003164,-5.9999999999990616e-05,-0.0007035647279548619
1697315700000,2023-10-14T20:35:00Z,0.08522,0.08524,0.08521,0.08522,55791,4754.60163,0.08523,0.08524,0.08521,0.08522,0.08528,0.08528,0.08527,0.08528,-0.0003164,-0.00060963,-0.00061386,-0.00061386,-5.9999999999990616e-05,-0.0007035647279548619
1697316000000,2023-10-14T20:40:00Z,0.08522,0.08522,0.08521,0.08521,1686,143.66406,0.08522,0.08522,0.08521,0.08522,0.08528,0.08528,0.08527,0.08528,-0.00061386,-0.0004443,-0.00047818,-0.00047818,-7.000000000000062e-05,-0.0008208255159474745
1697316300000,2023-10-14T20:45:00Z,0.08521,0.08522,0.08521,0.08522,500,42.61,0.08522,0.08523,0.08522,0.08522,0.08528,0.08529,0.08527,0.08528,-0.00047818,-0.00042155,-0.00051002,-0.00051002,-5.9999999999990616e-05,-0.0007035647279548619
1697316600000,2023-10-14T20:50:00Z,0.08522,0.08522,0.08517,0.08517,109131,9297.22091,0.08522,0.08522,0.0852,0.0852,0.08528,0.08529,0.08526,0.08527,-0.00051002,-0.00050181,-0.00060189,-0.00050181,-0.00010000000000000286,-0.0011727453969743505
1697316900000,2023-10-14T20:55:00Z,0.08517,0.08519,0.08517,0.08519,105725,9005.81051,0.0852,0.08521,0.08519,0.08519,0.08527,0.08528,0.08525,0.08527,-0.00050181,-0.00057811,-0.00072448,-0.00072448,-7.999999999999674e-05,-0.0009381963175794153
1697317200000,2023-10-14T21:00:00Z,0.08519,0.08525,0.08519,0.08524,40840,3480.34832,0.08519,0.08525,0.08519,0.08524,0.08527,0.0853,0.08527,0.0853,-0.00072448,-0.00052262,-0.00054243,-0.00052262,-6.0000000000004494e-05,-0.0007033997655334642
1697317500000,2023-10-14T21:05:00Z,0.08524,0.08524,0.08519,0.08522,9207,784.64889,0.08524,0.08524,0.0852,0.08522,0.0853,0.0853,0.08525,0.08526,-0.00052262,-0.0004597,-0.00056216,-0.0004597,-3.999999999999837e-05,-0.0004691531785127653
1697317800000,2023-10-14T21:10:00Z,0.08522,0.08522,0.08521,0.08521,1735,147.85465,0.08522,0.08522,0.08521,0.08521,0.08526,0.08526,0.08525,0.08525,-0.0004597,-0.00052574,-0.00052809,-0.00052809,-4.000000000001225e-05,-0.00046920821114383867
1697318100000,2023-10-14T21:15:00Z,0.08521,0.08521,0.08518,0.08521,8914,759.5286,0.08521,0.08521,0.08518,0.08521,0.08525,0.08527,0.08525,0.08527,-0.00052809,-0.00043157,-0.00047114,-0.00043157,-6.0000000000004494e-05,-0.0007036472381846429
1697318400000,2023-10-14T21:20:00Z,0.08521,0.08521,0.08519,0.08519,2069,176.2688,0.08521,0.08521,0.08519,0.08519,0.08527,0.08527,0.08525,0.08525,-0.00043157,-0.00026909,-0.00027894,-0.00027894,-6.0000000000004494e-05,-0.0007038123167155952
1697318700000,2023-10-14T21:25:00Z,0.08519,0.08519,0.08515,0.08515,25932,2208.12137,0.08519,0.08519,0.08515,0.08515,0.08525,0.08525,0.0852,0.0852,-0.00027894,-0.0003381,-0.00039453,-0.0003381,-4.999999999999449e-05,-0.0005868544600938321
1697319000000,2023-10-14T21:30:00Z,0.08515,0.08515,0.08511,0.08513,7136,607.38744,0.08515,0.08515,0.08511,0.08513,0.0852,0.0852,0.08517,0.0852,-0.0003381,-0.00023039,-0.00026983,-0.00026983,-7.000000000000062e-05,-0.0008215962441314626
1697319300000,2023-10-14T21:35:00Z,0.08513,0.08517,0.08513,0.08517,9059,771.48511,0.08513,0.08517,0.08513,0.08517,0.0852,0.08523,0.0852,0.08523,-0.00026983,-0.00025264,-0.00038671,-0.00025264,-6.0000000000004494e-05,-0.0007039774727209256
1697319600000,2023-10-14T21:40:00Z,0.08517,0.08517,0.08512,0.08512,44898,3822.23784,0.08517,0.08517,0.08512,0.08512,0.08523,0.08523,0.08517,0.08517,-0.00025264,-0.00040049,-0.00044835,-0.00044835,-4.999999999999449e-05,-0.0005870611717740343
1697319900000,2023-10-14T21:45:00Z,0.08512,0.08512,0.08511,0.08512,3121,265.63131,0.08512,0.08512,0.08511,0.08512,0.08517,0.08518,0.08515,0.08515,-0.00044835,-0.00014044,-0.00025751,-0.00025751,-3.0000000000002247e-05,-0.0003523194362889283
1697320200000,2023-10-14T21:50:00Z,0.08512,0.08512,0.08492,0.08503,1106627,94060.6673,0.08512,0.08512,0.08502,0.08503,0.08515,0.08515,0.08507,0.08508,-0.00025751,-0.00037627,-0.00047026,-0.00037627,-5.000000000000837e-05,-0.000587682181476356
1697320500000,2023-10-14T21:55:00Z,0.08503,0.08503,0.08497,0.08497,17539,1490.58068,0.08503,0.08503,0.085,0.08501,0.08508,0.08509,0.08506,0.08507,-0.00037627,-0.00027045,-0.00036024,-0.00036024,-0.00010000000000000286,-0.0011755025273304674
1697320800000,2023-10-14T22:00:00Z,0.08497,0.08502,0.08496,0.08499,45181,3840.51191,0.08501,0.08502,0.08498,0.08501,0.08507,0.08509,0.08505,0.08509,-0.00036024,-0.00040185,-0.00051328,-0.00040185,-0.00010000000000000286,-0.0011752262310495106
1697321100000,2023-10-14T22:05:00Z,0.08499,0.08502,0.08499,0.085,3322,282.38977,0.08501,0.08503,0.08501,0.08503,0.08509,0.0851,0.08507,0.0851,-0.00040185,-0.00044228,-0.00047849,-0.00044228,-9.999999999998899e-05,-0.0011750881316097415
1697321400000,2023-10-14T22:10:00Z,0.085,0.08509,0.085,0.08509,70862,6028.1534,0.08503,0.08509,0.08502,0.08509,0.0851,0.08513,0.08509,0.08513,-0.00044228,-0.0004517,-0.00055808,-0.00055808,-3.999999999999837e-05,-0.0004698696111828776
1697321700000,2023-10-14T22:15:00Z,0.08509,0.08509,0.08507,0.08507,6267,533.13369,0.08509,0.08509,0.08507,0.08507,0.08513,0.08514,0.08512,0.08513,-0.00055808,-0.00038423,-0.00052407,-0.00038423,-5.9999999999990616e-05,-0.0007048044167742349
1697322000000,2023-10-14T22:20:00Z,0.08507,0.08507,0.08501,0.08503,22582,1919.93244,0.08507,0.08507,0.08503,0.08503,0.08513,0.08513,0.0851,0.0851,-0.00038423,-0.00059142,-0.00062903,-0.00059142,-7.000000000000062e-05,-0.0008225616921269168
1697322300000,2023-10-14T22:25:00Z,0.08503,0.08503,0.08499,0.085,7881,670.02246,0.08503,0.08504,0.085,0.085,0.0851,0.08511,0.08507,0.08508,-0.00059142,-0.00068508,-0.00079856,-0.00068508,-7.999999999999674e-05,-0.0009402914903619739
1697322600000,2023-10-14T22:30:00Z,0.085,0.085,0.08496,0.08499,12604,1070.96106,0.085,0.085,0.08497,0.085,0.08508,0.08509,0.08506,0.08509,-0.00068508,-0.00090584,-0.00094652,-0.00094652,-0.00010000000000000286,-0.0011752262310495106
1697322900000,2023-10-14T22:35:00Z,0.08499,0.085,0.08499,0.085,879,74.71372,0.085,0.085,0.08499,0.085,0.08509,0.08509,0.08508,0.08509,-0.00094652,-0.00094029,-0.0010577,-0.00094029,-8.999999999999286e-05,-0.0010577036079444456
1697323200000,2023-10-14T22:40:00Z,0.085,0.085,0.08498,0.08498,8021,681.65366,0.085,0.085,0.08498,0.08499,0.08509,0.08509,0.08507,0.08508,-0.00094029,-0.00082285,-0.00094029,-0.00094029,-0.00010000000000000286,-0.001175364362952549
1697323500000,2023-10-14T22:45:00Z,0.08498,0.08499,0.08498,0.08499,4340,368.8566,0.08499,0.08501,0.08499,0.085,0.08508,0.08511,0.08507,0.0851,-0.00094029,-0.00118025,-0.00129244,-0.00129244,-0.00010999999999999899,-0.001292596944770846
1697323800000,2023-10-14T22:50:00Z,0.08499,0.08506,0.08499,0.08506,366403,31144.67068,0.085,0.08506,0.085,0.08506,0.0851,0.08515,0.0851,0.08515,-0.00129244,-0.00073987,-0.00075557,-0.00073987,-9.000000000000674e-05,-0.001056958308866785
1697324100000,2023-10-14T22:55:00Z,0.08506,0.08507,0.08506,0.08506,30152,2565.01767,0.08506,0.08507,0.08506,0.08506,0.08515,0.08515,0.0851,0.0851,-0.00073987,-0.00074312,-0.00075032,-0.00074312,-3.999999999999837e-05,-0.00047003525264392916
1697324400000,2023-10-14T23:00:00Z,0.08506,0.08506,0.08503,0.08503,2946,250.51229,0.08506,0.08506,0.08503,0.08504,0.0851,0.08511,0.08509,0.08511,-0.00074312,-0.00076759,-0.00079861,-0.00079861,-8.000000000001062e-05,-0.0009399600516979275
1697324700000,2023-10-14T23:05:00Z,0.08503,0.08503,0.08499,0.08499,48352,4111.37048,0.08504,0.08504,0.085,0.085,0.08511,0.08511,0.08507,0.08507,-0.00079861,-0.00070505,-0.00089586,-0.00089586,-8.000000000001062e-05,-0.0009404020218644717
1697325000000,2023-10-14T23:10:00Z,0.08499,0.08499,0.08494,0.08494,8801,747.93045,0.085,0.08501,0.08495,0.08495,0.08507,0.08508,0.08503,0.08503,-0.00089586,-0.00073091,-0.00077841,-0.00073091,-8.999999999999286e-05,-0.0010584499588379734
1697325300000,2023-10-14T23:15:00Z,0.08494,0.08498,0.08494,0.08498,13940,1184.30866,0.08495,0.08498,0.08495,0.08498,0.08503,0.08505,0.08503,0.08505,-0.00073091,-0.00073921,-0.00074297,-0.00073921,-7.000000000000062e-05,-0.0008230452674897192
1697325600000,2023-10-14T23:20:00Z,0.08498,0.08502,0.08497,0.08502,10348,879.38015,0.08498,0.08502,0.08497,0.08502,0.08505,0.08507,0.08504,0.08507,-0.00073921,-0.00048477,-0.00048489,-0.00048489,-5.000000000000837e-05,-0.0005877512636653152
1697325900000,2023-10-14T23:25:00Z,0.08502,0.08502,0.08499,0.08499,4642,394.63901,0.08502,0.08502,0.08499,0.085,0.08507,0.08507,0.08506,0.08507,-0.00048489,-0.00079111,-0.0008212,-0.0008212,-8.000000000001062e-05,-0.0009404020218644717
1697326200000,2023-10-14T23:30:00Z,0.08499,0.08499,0.08495,0.08495,29039,2467.38936,0.085,0.085,0.08495,0.08495,0.08507,0.08507,0.08502,0.08503,-0.0008212,-0.00067661,-0.00087382,-0.00087382,-7.999999999999674e-05,-0.0009408444078560126
1697326500000,2023-10-14T23:35:00Z,0.08495,0.08495,0.08495,0.08495,0,0,0.08495,0.08496,0.08495,0.08496,0.08503,0.08503,0.08502,0.08503,-0.00087382,-0.00064208,-0.00075773,-0.00064208,-7.999999999999674e-05,-0.0009408444078560126
1697326800000,2023-10-14T23:40:00Z,0.08495,0.08496,0.08495,0.08496,2373,201.61008,0.08496,0.08496,0.08495,0.08496,0.08503,0.08503,0.08502,0.08503,-0.00064208,-0.0007001,-0.0007522,-0.0007522,-7.000000000000062e-05,-0.0008232388568740518
1697327100000,2023-10-14T23:45:00Z,0.08496,0.08496,0.08495,0.08496,4698,399.14095,0.08496,0.08496,0.08495,0.08496,0.08503,0.08503,0.08502,0.08503,-0.0007522,-0.00073185,-0.00073397,-0.00073397,-7.000000000000062e-05,-0.0008232388568740518
1697327400000,2023-10-14T23:50:00Z,0.08496,0.08496,0.08495,0.08495,2875,244.23125,0.08496,0.08496,0.08495,0.08495,0.08503,0.08503,0.08502,0.08502,-0.00073397,-0.00074232,-0.0007435,-0.00074232,-7.000000000000062e-05,-0.0008233356857210141
1697327700000,2023-10-14T23:55:00Z,0.08495,0.08495,0.08495,0.08495,0,0,0.08495,0.08496,0.08495,0.08495,0.08502,0.08503,0.08501,0.08501,-0.00074232,-0.00064126,-0.00064384,-0.00064384,-6.0000000000004494e-05,-0.000705799317727379
1697328000000,2023-10-15T00:00:00Z,0.08495,0.08495,0.08481,0.08487,494965,41998.48035,0.08495,0.08495,0.08488,0.08489,0.08501,0.08501,0.08495,0.08496,-0.00064384,-0.00062976,-0.00070539,-0.00070539,-8.999999999999286e-05,-0.0010593220338982212
1697328300000,2023-10-15T00:05:00Z,0.08487,0.08491,0.08487,0.08491,23128,1963.40311,0.08489,0.08491,0.08487,0.08491,0.08496,0.08498,0.08495,0.08498,-0.00070539,-0.00060028,-0.00082109,-0.00060028,-7.000000000000062e-05,-0.0008237232289950649
1697328600000,2023-10-15T00:10:00Z,0.08491,0.08491,0.08487,0.08488,5392,457.82405,0.08491,0.08491,0.08487,0.08488,0.08498,0.08498,0.08495,0.08495,-0.00060028,-0.00075632,-0.00087405,-0.00087405,-7.000000000000062e-05,-0.0008240141259564523
1697328900000,2023-10-15T00:15:00Z,0.08488,0.08489,0.08488,0.08489,6500,551.72027,0.08488,0.0849,0.08488,0.0849,0.08495,0.08498,0.08495,0.08498,-0.00087405,-0.00073617,-0.00088103,-0.00088103,-9.000000000000674e-05,-0.0010590727229937249
1697329200000,2023-10-15T00:20:00Z,0.08489,0.08489,0.08485,0.08485,12275,1041.86123,0.0849,0.0849,0.08487,0.08487,0.08498,0.08498,0.08494,0.08495,-0.00088103,-0.00079329,-0.00087324,-0.00079329,-0.00010000000000000286,-0.0011771630370806694
1697329500000,2023-10-15T00:25:00Z,0.08485,0.08486,0.08482,0.08482,67983,5767.79001,0.08487,0.08487,0.08482,0.08482,0.08495,0.08495,0.08489,0.0849,-0.00079329,-0.0007326,-0.00073946,-0.0007326,-7.999999999999674e-05,-0.0009422850412249322
1697329800000,2023-10-15T00:30:00Z,0.08482,0.08483,0.08481,0.08482,52248,4431.45522,0.08482,0.08483,0.08482,0.08483,0.0849,0.08491,0.08489,0.08491,-0.0007326,-0.00063808,-0.00070168,-0.00063808,-8.999999999999286e-05,-0.0010599458249910831
1697330100000,2023-10-15T00:35:00Z,0.08482,0.08482,0.08477,0.08478,97200,8242.29262,0.08483,0.08483,0.08478,0.08479,0.08491,0.08491,0.08486,0.08488,-0.00063808,-0.00072172,-0.00085179,-0.00085179,-0.00010000000000000286,-0.0011781338360038038
1697330400000,2023-10-15T00:40:00Z,0.08478,0.0848,0.08478,0.0848,4337,367.73771,0.08479,0.0848,0.08478,0.0848,0.08488,0.08488,0.08487,0.08488,-0.00085179,-0.00076225,-0.00085756,-0.00076225,-7.999999999999674e-05,-0.0009425070688029776
1697330700000,2023-10-15T00:45:00Z,0.0848,0.0848,0.0848,0.0848,13,1.1024,0.0848,0.08481,0.0848,0.08481,0.08488,0.08488,0.08487,0.08488,-0.00076225,-0.00066289,-0.00076531,-0.00066289,-7.999999999999674e-05,-0.0009425070688029776
1697331000000,2023-10-15T00:50:00Z,0.0848,0.0848,0.08473,0.08473,22660,1921.14182,0.08481,0.08481,0.08473,0.08473,0.08488,0.08488,0.08482,0.08482,-0.00066289,-0.00081763,-0.00098845,-0.00081763,-9.000000000000674e-05,-0.0010610705022401172
1697331300000,2023-10-15T00:55:00Z,0.08473,0.08478,0.08473,0.08477,34884,2956.9562,0.08473,0.08478,0.08473,0.08477,0.08482,0.08485,0.08482,0.08482,-0.00081763,-0.00054197,-0.00065979,-0.00065979,-5.000000000000837e-05,-0.0005894836123556752
1697331600000,2023-10-15T01:00:00Z,0.08477,0.08501,0.08472,0.08484,1703982,144634.53565,0.08477,0.08485,0.08474,0.08484,0.08482,0.0849,0.08482,0.0849,-0.00065979,-0.00013688,-0.00064371,-0.00013688,-6.0000000000004494e-05,-0.0007067137809187808
1697331900000,2023-10-15T01:05:00Z,0.08484,0.08485,0.08484,0.08484,908,77.04301,0.08484,0.08485,0.08484,0.08485,0.0849,0.08491,0.0849,0.08491,-0.00013688,-0.00019458,-0.00031821,-0.00031821,-7.000000000000062e-05,-0.0008244023083264706
1697332200000,2023-10-15T01:10:00Z,0.08484,0.08485,0.08484,0.08485,1638,138.9843,0.08485,0.08485,0.08484,0.08485,0.08491,0.08491,0.0849,0.0849,-0.00031821,-0.00020129,-0.00031939,-0.00031939,-5.000000000000837e-05,-0.0005889281507657052
1697332500000,2023-10-15T01:15:00Z,0.08485,0.08489,0.08484,0.08489,23136,1963.19224,0.08485,0.08489,0.08484,0.08489,0.0849,0.08493,0.0849,0.08493,-0.00031939,-0.00014263,-0.00028112,-0.00014263,-4.000000000001225e-05,-0.0004709760979631726
1697332800000,2023-10-15T01:20:00Z,0.08489,0.08491,0.08489,0.08491,7155,607.49606,0.08489,0.08491,0.08489,0.08491,0.08493,0.08495,0.08493,0.08495,-0.00014263,-0.0001428,-0.00015246,-0.0001428,-3.999999999999837e-05,-0.0004708652148322351
1697333100000,2023-10-15T01:25:00Z,0.08491,0.08498,0.08491,0.08498,12192,1035.4154,0.08491,0.08498,0.08491,0.08498,0.08495,0.08501,0.08494,0.085,-0.0001428,-0.0002287,-0.00022905,-0.0002287,-2.0000000000006124e-05,-0.00023529411764713085
1697333400000,2023-10-15T01:30:00Z,0.08498,0.08498,0.08492,0.08492,21788,1851.0102,0.08498,0.08498,0.08492,0.08492,0.085,0.08501,0.08494,0.08494,-0.0002287,-0.00031144,-0.00034651,-0.00034651,-2.0000000000006124e-05,-0.0002354603249353205
1697333700000,2023-10-15T01:35:00Z,0.08492,0.08492,0.08487,0.08489,18002,1528.15664,0.08492,0.08492,0.08487,0.08491,0.08494,0.08496,0.08492,0.08496,-0.00034651,-0.00008137,-0.00035939,-0.00008137,-7.000000000000062e-05,-0.0008239171374764668
1697334000000,2023-10-15T01:40:00Z,0.08489,0.0854,0.08489,0.08532,2087139,177978.36604,0.08491,0.08539,0.0849,0.08535,0.08496,0.08543,0.08495,0.08539,-0.00008137,-0.00018955,-0.00040532,-0.00040532,-7.000000000000062e-05,-0.0008197681227310063
1697334300000,2023-10-15T01:45:00Z,0.08532,0.08536,0.08532,0.08532,85144,7265.90771,0.08535,0.08537,0.08532,0.08532,0.08539,0.08541,0.08537,0.08537,-0.00040532,-0.00049759,-0.00068446,-0.00068446,-5.000000000000837e-05,-0.0005856858381165324
1697334600000,2023-10-15T01:50:00Z,0.08532,0.08532,0.08517,0.0852,107249,9140.44267,0.08532,0.08532,0.08518,0.08521,0.08537,0.08538,0.08521,0.08527,-0.00068446,-0.00040429,-0.00054585,-0.00054585,-7.000000000000062e-05,-0.000820921777882029
1697334900000,2023-10-15T01:55:00Z,0.0852,0.08523,0.0852,0.08522,3885,331.035,0.08521,0.08523,0.0852,0.08522,0.08527,0.08529,0.08523,0.08523,-0.00054585,-0.00048727,-0.00050246,-0.00050246,-9.999999999996123e-06,-0.00011732957878676667
1697335200000,2023-10-15T02:00:00Z,0.08522,0.08526,0.08517,0.08521,95223,8114.17122,0.08522,0.08526,0.08518,0.08521,0.08523,0.08529,0.08523,0.08524,-0.00050246,0,-0.00014974,-0.00014974,-3.0000000000002247e-05,-0.00035194744251527743
1697335500000,2023-10-15T02:05:00Z,0.08521,0.08521,0.08511,0.08511,107290,9136.48955,0.08521,0.08521,0.08511,0.08511,0.08524,0.08524,0.08514,0.08515,-0.00014974,-0.00029042,-0.00032354,-0.00029042,-3.999999999999837e-05,-0.00046975924838518345
1697335800000,2023-10-15T02:10:00Z,0.08511,0.08516,0.0851,0.08515,201115,17122.39544,0.08511,0.08515,0.08511,0.08515,0.08515,0.08518,0.08515,0.08517,-0.00029042,0,-0.00002606,-0.00002606,-1.9999999999992246e-05,-0.0002348244687095485
1697336100000,2023-10-15T02:15:00Z,0.08515,0.08515,0.08509,0.08514,138318,11772.39516,0.08515,0.08515,0.08509,0.08514,0.08517,0.08518,0.08512,0.08515,-0.00002606,-0.00011579,-0.00012025,-0.00011579,-1.0000000000010001e-05,-0.00011743981209641809
1697336400000,2023-10-15T02:20:00Z,0.08514,0.08514,0.08506,0.08506,4874,414.72631,0.08514,0.08514,0.08508,0.08509,0.08515,0.08515,0.08512,0.08513,-0.00011579,-0.00039085,-0.00039833,-0.00039085,-7.000000000000062e-05,-0.0008222718195700766
1697336700000,2023-10-15T02:25:00Z,0.08506,0.08509,0.08506,0.08509,10213,868.89972,0.08509,0.08509,0.08507,0.08509,0.08513,0.08513,0.08511,0.08511,-0.00039085,-0.00025599,-0.00038364,-0.00025599,-2.0000000000006124e-05,-0.00023499001292452264
1697337000000,2023-10-15T02:30:00Z,0.08509,0.08509,0.08509,0.08509,2214,188.38926,0.08509,0.08511,0.08509,0.0851,0.08511,0.08514,0.08511,0.08513,-0.00025599,-0.00003148,-0.0001082,-0.00003148,-3.999999999999837e-05,-0.0004698696111828776
1697337300000,2023-10-15T02:35:00Z,0.08509,0.08511,0.08484,0.08501,1793913,152345.76893,0.0851,0.08511,0.08496,0.08504,0.08513,0.08514,0.085,0.08507,-0.00003148,0,-0.00023523,-0.00023523,-6.0000000000004494e-05,-0.0007053015163983131
1697337600000,2023-10-15T02:40:00Z,0.08501,0.08508,0.08501,0.08505,187933,15984.77461,0.08504,0.08508,0.08504,0.08505,0.08507,0.08511,0.08506,0.08508,-0.00023523,-0.00011708,-0.00024477,-0.00011708,-3.0000000000002247e-05,-0.000352609308885781
1697337900000,2023-10-15T02:45:00Z,0.08505,0.08507,0.08503,0.08506,90176,7669.73796,0.08505,0.08507,0.08503,0.08506,0.08508,0.08509,0.08506,0.08507,-0.00011708,-0.00017268,-0.00023942,-0.00023942,-1.0000000000010001e-05,-0.00011755025273316092
1697338200000,2023-10-15T02:50:00Z,0.08506,0.08506,0.08502,0.08503,14702,1250.10426,0.08506,0.08506,0.08503,0.08503,0.08507,0.08508,0.08506,0.08507,-0.00023942,-0.00034387,-0.00038003,-0.00038003,-4.000000000001225e-05,-0.00047020101093231745
1697338500000,2023-10-15T02:55:00Z,0.08503,0.08505,0.08502,0.08502,119487,10161.05338,0.08503,0.08505,0.08502,0.08502,0.08507,0.08507,0.08505,0.08506,-0.00038003,-0.00026216,-0.00027321,-0.00027321,-3.999999999999837e-05,-0.0004702562896778553
1697338800000,2023-10-15T03:00:00Z,0.08502,0.08504,0.08492,0.08492,311297,26464.05442,0.08502,0.08504,0.08493,0.08494,0.08506,0.08506,0.08497,0.08497,-0.00027321,-0.0002199,-0.00026952,-0.0002199,-5.000000000000837e-05,-0.0005884429798753486
1697339100000,2023-10-15T03:05:00Z,0.08492,0.08496,0.08492,0.08494,129123,10967.92235,0.08494,0.08496,0.08494,0.08494,0.08497,0.08498,0.08496,0.08497,-0.0002199,-0.00023172,-0.00032246,-0.00032246,-3.0000000000002247e-05,-0.0003530657879251765
1697339400000,2023-10-15T03:10:00Z,0.08494,0.085,0.08494,0.085,16497,1401.75049,0.08494,0.085,0.08494,0.085,0.08497,0.08502,0.08496,0.08502,-0.00032246,-0.0000407,-0.00006022,-0.00006022,-1.9999999999992246e-05,-0.0002352387673487679
1697339700000,2023-10-15T03:15:00Z,0.085,0.085,0.08497,0.08497,2605,221.35714,0.085,0.08501,0.08497,0.085,0.08502,0.08504,0.085,0.08503,-0.00006022,-0.00001717,-0.00023529,-0.00001717,-5.9999999999990616e-05,-0.0007056333058919278
1697340000000,2023-10-15T03:20:00Z,0.08497,0.08501,0.08497,0.08501,383,32.55505,0.085,0.08501,0.085,0.08501,0.08503,0.08504,0.08503,0.08504,-0.00001717,0,-0.00009407,0,-3.0000000000002247e-05,-0.0003527751646284366
1697340300000,2023-10-15T03:25:00Z,0.08501,0.08501,0.085,0.08501,1144,97.24889,0.08501,0.08502,0.085,0.08501,0.08504,0.08505,0.08502,0.08502,0,-0.00003821,-0.00015261,-0.00015261,-9.999999999996123e-06,-0.00011761938367438394
1697340600000,2023-10-15T03:30:00Z,0.08501,0.08501,0.085,0.085,4741,403.01253,0.08501,0.08502,0.085,0.08502,0.08502,0.08504,0.08502,0.08504,-0.00015261,0,-0.00022791,-0.00022791,-3.999999999999837e-05,-0.00047036688617119437
1697340900000,2023-10-15T03:35:00Z,0.085,0.085,0.08493,0.08493,3238,275.1582,0.08502,0.08502,0.08493,0.08493,0.08504,0.08504,0.08496,0.08497,-0.00022791,-0.0002024,-0.00032439,-0.0002024,-3.999999999999837e-05,-0.0004707543839001809
1697341200000,2023-10-15T03:40:00Z,0.08493,0.08493,0.08491,0.08491,20475,1738.63589,0.08493,0.08493,0.08491,0.08491,0.08497,0.08497,0.08494,0.08494,-0.0002024,-0.00016596,-0.00023543,-0.00016596,-3.0000000000002247e-05,-0.00035319048740289904
1697341500000,2023-10-15T03:45:00Z,0.08491,0.08494,0.0849,0.08494,27585,2342.27975,0.08491,0.08494,0.0849,0.08494,0.08494,0.08496,0.08494,0.08496,-0.00016596,-0.00016419,-0.00022657,-0.00016419,-1.9999999999992246e-05,-0.00023540489642175433
1697341800000,2023-10-15T03:50:00Z,0.08494,0.08496,0.08493,0.08493,54033,4590.0309,0.08494,0.08496,0.08493,0.08493,0.08496,0.08498,0.08495,0.08496,-0.00016419,-0.00027986,-0.00028574,-0.00028574,-2.999999999998837e-05,-0.0003531073446326315
1697342100000,2023-10-15T03:55:00Z,0.08493,0.08494,0.08493,0.08493,62152,5278.94874,0.08493,0.08494,0.08493,0.08494,0.08496,0.08497,0.08496,0.08497,-0.00028574,-0.00014228,-0.00015111,-0.00015111,-3.999999999999837e-05,-0.0004707543839001809
1697342400000,2023-10-15T04:00:00Z,0.08493,0.08498,0.08493,0.08495,64185,5453.8534,0.08494,0.08498,0.08493,0.08497,0.08497,0.08499,0.08496,0.08499,-0.00015111,-0.00011766,-0.00031238,-0.00031238,-3.999999999999837e-05,-0.00047064360512999616
1697342700000,2023-10-15T04:05:00Z,0.08495,0.08495,0.08487,0.08488,19881,1688.26066,0.08497,0.08497,0.08488,0.0849,0.08499,0.08499,0.08492,0.08495,-0.00031238,-0.00008808,-0.00037764,-0.00008808,-7.000000000000062e-05,-0.0008240141259564523
1697343000000,2023-10-15T04:10:00Z,0.08488,0.08493,0.08486,0.08486,28250,2397.59246,0.0849,0.08494,0.08486,0.08486,0.08495,0.08498,0.08491,0.08491,-0.00008808,-0.00035298,-0.00042514,-0.00042514,-4.999999999999449e-05,-0.0005888587916616947
1697343300000,2023-10-15T04:15:00Z,0.08486,0.08486,0.08481,0.08481,53714,4557.18981,0.08486,0.08486,0.08481,0.08481,0.08491,0.08492,0.08485,0.08486,-0.00042514,-0.00036844,-0.00036903,-0.00036903,-5.000000000000837e-05,-0.000589205750648225
1697343600000,2023-10-15T04:20:00Z,0.08481,0.08482,0.08479,0.08479,19937,1690.86356,0.08481,0.08482,0.08479,0.08479,0.08486,0.08487,0.08484,0.08484,-0.00036903,-0.00019361,-0.00031683,-0.00031683,-4.999999999999449e-05,-0.0005893446487505244
1697343900000,2023-10-15T04:25:00Z,0.08479,0.0848,0.08478,0.08478,2994,253.84376,0.08479,0.0848,0.08478,0.08478,0.08484,0.08485,0.08481,0.08481,-0.00031683,-0.00024846,-0.00049404,-0.00049404,-3.0000000000002247e-05,-0.00035373187124162537
1697344200000,2023-10-15T04:30:00Z,0.08478,0.08482,0.08469,0.08482,718055,60856.11378,0.08478,0.08482,0.08476,0.08482,0.08481,0.08485,0.08481,0.08485,-0.00049404,-0.00024207,-0.00051396,-0.00051396,-2.999999999998837e-05,-0.0003535651149085253
1697344500000,2023-10-15T04:35:00Z,0.08482,0.08482,0.08479,0.08479,5100,432.4799,0.08482,0.08482,0.08479,0.08479,0.08485,0.08485,0.08484,0.08485,-0.00051396,-0.00061473,-0.00061626,-0.00061626,-5.9999999999990616e-05,-0.0007071302298172141
1697344800000,2023-10-15T04:40:00Z,0.08479,0.08483,0.08476,0.08483,14461,1226.3637,0.08479,0.08483,0.08478,0.08483,0.08485,0.08491,0.08484,0.0849,-0.00061626,-0.00051731,-0.00073195,-0.00073195,-7.000000000000062e-05,-0.0008244994110718565
1697345100000,2023-10-15T04:45:00Z,0.08483,0.08483,0.08481,0.08481,23367,1981.76127,0.08483,0.08483,0.08481,0.08483,0.0849,0.08491,0.08488,0.08491,-0.00073195,-0.00068465,-0.000824,-0.00068465,-0.00010000000000000286,-0.0011777175833235527
1697345400000,2023-10-15T04:50:00Z,0.08481,0.08482,0.08481,0.08482,4244,359.97608,0.08483,0.08484,0.08481,0.08482,0.08491,0.08492,0.0849,0.0849,-0.00068465,-0.00076165,-0.00078306,-0.00078306,-7.999999999999674e-05,-0.0009422850412249322
1697345700000,2023-10-15T04:55:00Z,0.08482,0.08483,0.0848,0.08481,4950,419.85672,0.08482,0.08483,0.08481,0.08482,0.0849,0.0849,0.08489,0.0849,-0.00078306,-0.00056355,-0.00080447,-0.00080447,-9.000000000000674e-05,-0.0010600706713781711
1697346000000,2023-10-15T05:00:00Z,0.08481,0.08481,0.08481,0.08481,1288,109.23528,0.08482,0.08482,0.08481,0.08481,0.0849,0.0849,0.08488,0.08488,-0.00080447,-0.00066497,-0.00067306,-0.00067306,-7.000000000000062e-05,-0.0008246936852026463
1697346300000,2023-10-15T05:05:00Z,0.08481,0.08481,0.0848,0.0848,529,44.8632,0.08481,0.08481,0.0848,0.08481,0.08488,0.08488,0.08488,0.08488,-0.00067306,-0.00059436,-0.00070098,-0.00070098,-7.999999999999674e-05,-0.0009425070688029776
1697346600000,2023-10-15T05:10:00Z,0.0848,0.0848,0.08478,0.08479,49663,4211.39347,0.08481,0.08481,0.08478,0.08479,0.08488,0.08488,0.08485,0.08485,-0.00070098,-0.00066403,-0.0007396,-0.00066403,-5.9999999999990616e-05,-0.0007071302298172141
1697346900000,2023-10-15T05:15:00Z,0.08479,0.08479,0.08478,0.08479,1822,154.48678,0.08479,0.08479,0.08479,0.08479,0.08485,0.08486,0.08484,0.08486,-0.00066403,-0.00056051,-0.00057966,-0.00056051,-7.000000000000062e-05,-0.0008248880509073841
1697347200000,2023-10-15T05:20:00Z,0.08479,0.08485,0.08478,0.08484,63767,5407.68955,0.08479,0.08485,0.08478,0.08484,0.08486,0.08491,0.08484,0.0849,-0.00056051,-0.00053612,-0.00059109,-0.00059109,-6.0000000000004494e-05,-0.0007067137809187808
1697347500000,2023-10-15T05:25:00Z,0.08484,0.08484,0.08484,0.08484,0,0,0.08484,0.08485,0.08484,0.08484,0.0849,0.08491,0.0849,0.0849,-0.00059109,-0.00051672,-0.00063844,-0.00051672,-6.0000000000004494e-05,-0.0007067137809187808
1697347800000,2023-10-15T05:30:00Z,0.08484,0.08489,0.08484,0.08485,547793,46493.19032,0.08484,0.08489,0.08484,0.08486,0.0849,0.08492,0.0849,0.08491,-0.00051672,-0.00027676,-0.00035331,-0.00035331,-6.0000000000004494e-05,-0.0007066305499941643
1697348100000,2023-10-15T05:35:00Z,0.08485,0.08485,0.08484,0.08484,1920,162.89452,0.08486,0.08486,0.08484,0.08484,0.08491,0.08491,0.08487,0.08489,-0.00035331,-0.00022761,-0.00041411,-0.00022761,-4.999999999999449e-05,-0.0005889975262103251
1697348400000,2023-10-15T05:40:00Z,0.08484,0.08488,0.08484,0.08488,14221,1206.95762,0.08484,0.08488,0.08484,0.08488,0.08489,0.08491,0.08488,0.08491,-0.00022761,-0.00025933,-0.00026651,-0.00026651,-3.0000000000002247e-05,-0.00035331527499708217
1697348700000,2023-10-15T05:45:00Z,0.08488,0.08489,0.08488,0.08489,14348,1217.89651,0.08488,0.08489,0.08488,0.08489,0.08491,0.08491,0.08491,0.08491,-0.00026651,-0.00013802,-0.00033376,-0.00013802,-2.0000000000006124e-05,-0.00023554351666477594
1697349000000,2023-10-15T05:50:00Z,0.08489,0.08498,0.08489,0.08498,55960,4754.59129,0.08489,0.08498,0.08489,0.08498,0.08491,0.08501,0.08491,0.085,-0.00013802,-0.00005615,-0.00020859,-0.00020859,-2.0000000000006124e-05,-0.00023529411764713085
1697349300000,2023-10-15T05:55:00Z,0.08498,0.08498,0.08497,0.08497,220,18.69483,0.08498,0.08499,0.08497,0.08498,0.085,0.08503,0.085,0.08502,-0.00020859,-0.00047047,-0.00047047,-0.00047047,-4.999999999999449e-05,-0.000588096918372083
1697349600000,2023-10-15T06:00:00Z,0.08497,0.085,0.08495,0.08498,64922,5516.51676,0.08498,0.085,0.08496,0.08498,0.08502,0.08504,0.08501,0.08504,-0.00047047,-0.00026617,-0.00054562,-0.00054562,-6.0000000000004494e-05,-0.0007055503292568732
1697349900000,2023-10-15T06:05:00Z,0.08498,0.08498,0.08495,0.08495,37301,3168.92105,0.08498,0.08498,0.08495,0.08496,0.08504,0.08504,0.08501,0.08502,-0.00054562,-0.00030486,-0.00031157,-0.00031157,-7.000000000000062e-05,-0.0008233356857210141
1697350200000,2023-10-15T06:10:00Z,0.08495,0.08496,0.08495,0.08495,6238,529.9769,0.08496,0.08496,0.08495,0.08496,0.08502,0.08502,0.08501,0.08502,-0.00031157,-0.00032063,-0.00035062,-0.00035062,-7.000000000000062e-05,-0.0008233356857210141
1697350500000,2023-10-15T06:15:00Z,0.08495,0.08501,0.08495,0.08501,27598,2345.52432,0.08496,0.08502,0.08495,0.08501,0.08502,0.08508,0.08502,0.08507,-0.00035062,-0.00040399,-0.00041302,-0.00041302,-6.0000000000004494e-05,-0.0007053015163983131
1697350800000,2023-10-15T06:20:00Z,0.08501,0.08501,0.085,0.08501,468,39.78234,0.08501,0.08502,0.085,0.08501,0.08507,0.08508,0.08507,0.08508,-0.00041302,-0.00045585,-0.00050064,-0.00045585,-7.000000000000062e-05,-0.0008227550540667679
1697351100000,2023-10-15T06:25:00Z,0.08501,0.08501,0.08498,0.085,44623,3792.40212,0.08501,0.08501,0.085,0.085,0.08508,0.08508,0.08504,0.08504,-0.00045585,-0.0004126,-0.00059353,-0.00059353,-3.999999999999837e-05,-0.00047036688617119437
1697351400000,2023-10-15T06:30:00Z,0.085,0.08501,0.08498,0.08499,30572,2598.46275,0.085,0.08501,0.08498,0.08499,0.08504,0.08505,0.08502,0.08502,-0.00059353,-0.0003082,-0.00035991,-0.00035991,-3.0000000000002247e-05,-0.00035285815102331506
1697351700000,2023-10-15T06:35:00Z,0.08499,0.085,0.08496,0.08498,140362,11928.48797,0.08499,0.085,0.08496,0.08498,0.08502,0.08503,0.085,0.08502,-0.00035991,-0.00007751,-0.00013996,-0.00013996,-3.999999999999837e-05,-0.000470477534697699
1697352000000,2023-10-15T06:40:00Z,0.08498,0.08498,0.08485,0.08488,326420,27721.1349,0.08498,0.08499,0.08487,0.08488,0.08502,0.08502,0.08491,0.08492,-0.00013996,-0.00022847,-0.00036477,-0.00036477,-3.999999999999837e-05,-0.0004710315591144415
1697352300000,2023-10-15T06:45:00Z,0.08488,0.0849,0.08485,0.08485,115947,9840.74381,0.08488,0.0849,0.08488,0.08488,0.08492,0.08494,0.08492,0.08493,-0.00036477,-0.00045213,-0.00050206,-0.00050206,-8.000000000001062e-05,-0.0009419521959261817
1697352600000,2023-10-15T06:50:00Z,0.08485,0.08489,0.08485,0.08488,25244,2142.905,0.08488,0.08489,0.08488,0.08489,0.08493,0.08494,0.08493,0.08494,-0.00050206,-0.00044519,-0.00053802,-0.00053802,-6.0000000000004494e-05,-0.0007063809748057981
1697352900000,2023-10-15T06:55:00Z,0.08488,0.08493,0.08488,0.08493,14272,1212.03175,0.08489,0.08493,0.08489,0.08493,0.08494,0.08498,0.08494,0.08498,-0.00053802,-0.00036087,-0.00052359,-0.00036087,-4.999999999999449e-05,-0.000588373734996405
1697353200000,2023-10-15T07:00:00Z,0.08493,0.08493,0.08492,0.08493,1438,122.12667,0.08493,0.08494,0.08492,0.08493,0.08498,0.085,0.08498,0.08499,-0.00036087,-0.00049358,-0.00051288,-0.00051288,-5.9999999999990616e-05,-0.0007059654076949126
1697353500000,2023-10-15T07:05:00Z,0.08493,0.08499,0.08493,0.08499,12364,1050.2949,0.08493,0.08501,0.08493,0.08499,0.08499,0.08508,0.08499,0.08507,-0.00051288,-0.0006209,-0.00076704,-0.0006209,-8.000000000001062e-05,-0.0009404020218644717
1697353800000,2023-10-15T07:10:00Z,0.08499,0.08501,0.08499,0.08501,27607,2346.59386,0.08499,0.08502,0.08499,0.08501,0.08507,0.0851,0.08507,0.08509,-0.0006209,-0.00037181,-0.00056694,-0.00037181,-7.999999999999674e-05,-0.0009401809848395433
1697354100000,2023-10-15T07:15:00Z,0.08501,0.08504,0.08501,0.08503,17259,1467.69538,0.08501,0.08504,0.08501,0.08504,0.08509,0.08511,0.08509,0.0851,-0.00037181,-0.00061633,-0.00062596,-0.00061633,-7.000000000000062e-05,-0.0008225616921269168
1697354400000,2023-10-15T07:20:00Z,0.08503,0.08503,0.08499,0.08499,7739,658.01681,0.08504,0.08504,0.08499,0.085,0.0851,0.0851,0.08506,0.08507,-0.00061633,-0.00067215,-0.00070812,-0.00067215,-8.000000000001062e-05,-0.0009404020218644717
1697354700000,2023-10-15T07:25:00Z,0.08499,0.08504,0.08499,0.08503,33001,2805.95829,0.085,0.08504,0.08499,0.08503,0.08507,0.0851,0.08506,0.0851,-0.00067215,-0.00051375,-0.00062032,-0.00062032,-7.000000000000062e-05,-0.0008225616921269168
1697355000000,2023-10-15T07:30:00Z,0.08503,0.08505,0.08502,0.08504,12942,1100.57924,0.08503,0.08505,0.08502,0.08504,0.0851,0.0851,0.08508,0.08509,-0.00062032,-0.00040862,-0.00047009,-0.00047009,-4.999999999999449e-05,-0.0005876131155246738
1697355300000,2023-10-15T07:35:00Z,0.08504,0.08504,0.08504,0.08504,0,0,0.08504,0.08504,0.08504,0.08504,0.08509,0.0851,0.08508,0.08508,-0.00047009,-0.00063763,-0.00069487,-0.00069487,-3.999999999999837e-05,-0.00047014574518098695
1697355600000,2023-10-15T07:40:00Z,0.08504,0.08504,0.085,0.085,24560,2087.93592,0.08504,0.08504,0.085,0.085,0.08508,0.08508,0.08506,0.08506,-0.00069487,-0.000624,-0.00063434,-0.000624,-5.9999999999990616e-05,-0.0007053844345167014
1697355900000,2023-10-15T07:45:00Z,0.085,0.08504,0.08499,0.08504,53750,4569.08643,0.085,0.08504,0.08499,0.08504,0.08506,0.08509,0.08505,0.08509,-0.000624,-0.00037295,-0.00043463,-0.00043463,-4.999999999999449e-05,-0.0005876131155246738
1697356200000,2023-10-15T07:50:00Z,0.08504,0.08504,0.08501,0.08501,25559,2173.12369,0.08504,0.08504,0.08502,0.08503,0.08509,0.0851,0.08509,0.0851,-0.00043463,-0.00047232,-0.00057696,-0.00047232,-8.999999999999286e-05,-0.0010575793184487998
1697356500000,2023-10-15T07:55:00Z,0.08501,0.08507,0.08501,0.08507,4160,353.79664,0.08503,0.08507,0.08502,0.08507,0.0851,0.08513,0.08509,0.08512,-0.00047232,-0.00038867,-0.00053618,-0.00053618,-4.999999999999449e-05,-0.0005874060150375293
1697356800000,2023-10-15T08:00:00Z,0.08507,0.08507,0.08506,0.08507,2205,187.57804,0.08507,0.08508,0.08506,0.08508,0.08512,0.08514,0.08512,0.08514,-0.00053618,-0.00050375,-0.00051626,-0.00050375,-6.999999999998674e-05,-0.0008221752407797363
1697357100000,2023-10-15T08:05:00Z,0.08507,0.08508,0.08507,0.08507,11800,1003.87207,0.08508,0.08508,0.08507,0.08508,0.08514,0.08514,0.08513,0.08514,-0.00050375,-0.00041237,-0.00057011,-0.00041237,-6.999999999998674e-05,-0.0008221752407797363
1697357400000,2023-10-15T08:10:00Z,0.08507,0.08508,0.08507,0.08508,1039,88.39812,0.08508,0.08509,0.08508,0.08509,0.08514,0.08515,0.08513,0.08515,-0.00041237,-0.00065507,-0.00065554,-0.00065554,-7.000000000000062e-05,-0.0008220786846741117
1697357700000,2023-10-15T08:15:00Z,0.08508,0.08512,0.08506,0.08512,88356,7517.71775,0.08509,0.08512,0.08507,0.08512,0.08515,0.08517,0.08514,0.08517,-0.00065554,-0.00030683,-0.00034292,-0.00030683,-4.999999999999449e-05,-0.0005870611717740343
1697358000000,2023-10-15T08:20:00Z,0.08512,0.08512,0.08511,0.08511,3358,285.82867,0.08512,0.08513,0.08511,0.08511,0.08517,0.08518,0.08516,0.08517,-0.00030683,-0.00044645,-0.0005044,-0.0005044,-5.9999999999990616e-05,-0.0007044734061288085
1697358300000,2023-10-15T08:25:00Z,0.08511,0.08514,0.08511,0.08513,48846,4158.50975,0.08511,0.08514,0.08511,0.08513,0.08517,0.08519,0.08517,0.08519,-0.0005044,-0.00041723,-0.00053292,-0.00053292,-6.0000000000004494e-05,-0.0007043080173729839
1697358600000,2023-10-15T08:30:00Z,0.08513,0.08515,0.08512,0.08514,165701,14106.77902,0.08513,0.08516,0.08512,0.08514,0.08519,0.08522,0.08518,0.0852,-0.00053292,-0.00035187,-0.00060474,-0.00035187,-6.0000000000004494e-05,-0.0007042253521127288
1697358900000,2023-10-15T08:35:00Z,0.08514,0.08521,0.08513,0.08515,265324,22597.52179,0.08514,0.08521,0.08513,0.08517,0.0852,0.08524,0.0852,0.08524,-0.00035187,-0.00050058,-0.00057109,-0.00057109,-8.999999999999286e-05,-0.0010558423275456694
1697359200000,2023-10-15T08:40:00Z,0.08515,0.08525,0.08515,0.08525,43267,3686.79753,0.08517,0.08526,0.08516,0.08525,0.08524,0.08533,0.08523,0.08533,-0.00057109,-0.00038784,-0.00056715,-0.00056715,-7.999999999999674e-05,-0.0009375366225242791
1697359500000,2023-10-15T08:45:00Z,0.08525,0.08525,0.08521,0.08524,6746,574.93503,0.08525,0.08525,0.08522,0.08524,0.08533,0.08533,0.08529,0.08532,-0.00056715,-0.00054114,-0.0005429,-0.00054114,-7.999999999999674e-05,-0.0009376465072667223
1697359800000,2023-10-15T08:50:00Z,0.08524,0.08526,0.08524,0.08526,16326,1391.79861,0.08524,0.08528,0.08524,0.08527,0.08532,0.08535,0.08531,0.08534,-0.00054114,-0.0003661,-0.00056157,-0.00056157,-7.999999999999674e-05,-0.0009374267635340607
1697360100000,2023-10-15T08:55:00Z,0.08526,0.08527,0.08526,0.08527,9308,793.67848,0.08527,0.08528,0.08526,0.08527,0.08534,0.08536,0.08534,0.08535,-0.00056157,-0.0004864,-0.00050872,-0.00050872,-7.999999999999674e-05,-0.0009373169302870152
1697360400000,2023-10-15T09:00:00Z,0.08527,0.08534,0.08527,0.08534,138392,11806.18679,0.08527,0.08534,0.08527,0.08534,0.08535,0.08536,0.08531,0.08536,-0.00050872,-0.00000351,-0.00032598,-0.00000351,-2.0000000000006124e-05,-0.000234301780693605
1697360700000,2023-10-15T09:05:00Z,0.08534,0.08534,0.08533,0.08534,23635,2017.00997,0.08534,0.08534,0.08533,0.08534,0.08536,0.08538,0.08536,0.08538,-0.00000351,-0.00024551,-0.00037491,-0.00024551,-3.999999999999837e-05,-0.00046849379245723086
1697361000000,2023-10-15T09:10:00Z,0.08534,0.08535,0.08533,0.08534,44424,3791.14933,0.08534,0.08535,0.08533,0.08534,0.08538,0.08538,0.08537,0.08538,-0.00024551,-0.00023404,-0.00023696,-0.00023404,-3.999999999999837e-05,-0.00046849379245723086
1697361300000,2023-10-15T09:15:00Z,0.08534,0.08534,0.08528,0.08534,217292,18536.71615,0.08534,0.08534,0.08533,0.08534,0.08538,0.08538,0.08537,0.08538,-0.00023404,-0.00026625,-0.00026683,-0.00026625,-3.999999999999837e-05,-0.00046849379245723086
1697361600000,2023-10-15T09:20:00Z,0.08534,0.08534,0.08528,0.08531,80896,6901.36625,0.08534,0.08534,0.08531,0.08531,0.08538,0.08538,0.08535,0.08536,-0.00026625,-0.0004686,-0.00053666,-0.00053666,-5.000000000000837e-05,-0.0005857544517339313
1697361900000,2023-10-15T09:25:00Z,0.08531,0.08531,0.0853,0.0853,3255,277.68226,0.08531,0.08531,0.0853,0.0853,0.08536,0.08536,0.08534,0.08535,-0.00053666,-0.00042284,-0.00054182,-0.00042284,-4.999999999999449e-05,-0.0005858230814293438
1697362200000,2023-10-15T09:30:00Z,0.0853,0.08531,0.0853,0.0853,4136,352.80329,0.0853,0.08531,0.0853,0.08531,0.08535,0.08535,0.08534,0.08535,-0.00042284,-0.00035153,-0.00046865,-0.00046865,-4.999999999999449e-05,-0.0005858230814293438
1697362500000,2023-10-15T09:35:00Z,0.0853,0.0853,0.08527,0.08528,21242,1811.57082,0.08531,0.08532,0.08528,0.08528,0.08535,0.08536,0.08532,0.08532,-0.00046865,-0.00048529,-0.00050955,-0.00050955,-3.999999999999837e-05,-0.00046882325363336116
1697362800000,2023-10-15T09:40:00Z,0.08528,0.08528,0.08527,0.08528,1786,152.29934,0.08528,0.08528,0.08527,0.08528,0.08532,0.08532,0.08531,0.08532,-0.00050955,-0.00036169,-0.00042639,-0.00042639,-3.999999999999837e-05,-0.00046882325363336116
1697363100000,2023-10-15T09:45:00Z,0.08528,0.08528,0.08523,0.08524,76390,6513.68035,0.08528,0.08528,0.08524,0.08526,0.08532,0.08532,0.08527,0.08531,-0.00042639,-0.0001889,-0.00024,-0.00024,-7.000000000000062e-05,-0.0008205368655491809
1697363400000,2023-10-15T09:50:00Z,0.08524,0.08527,0.08524,0.08527,4637,395.3396,0.08526,0.08527,0.08524,0.08527,0.08531,0.08531,0.0853,0.0853,-0.00024,-0.00035169,-0.00046887,-0.00035169,-3.0000000000002247e-05,-0.0003516998827667321
1697363700000,2023-10-15T09:55:00Z,0.08527,0.08527,0.08526,0.08526,1515,129.17818,0.08527,0.08527,0.08526,0.08527,0.0853,0.08531,0.08529,0.08531,-0.00035169,-0.00031113,-0.00034044,-0.00031113,-4.999999999999449e-05,-0.000586097761106488
1697364000000,2023-10-15T10:00:00Z,0.08526,0.08526,0.08521,0.08523,39183,3339.38828,0.08527,0.08527,0.08522,0.08526,0.08531,0.08531,0.08526,0.08531,-0.00031113,-0.00026389,-0.00049829,-0.00026389,-7.999999999999674e-05,-0.0009377564177704459
1697364300000,2023-10-15T10:05:00Z,0.08523,0.08526,0.08523,0.08526,5951,507.31195,0.08526,0.08527,0.08525,0.08527,0.08531,0.08532,0.0853,0.08532,-0.00026389,-0.00015885,-0.00020534,-0.00020534,-5.9999999999990616e-05,-0.0007032348804499604
1697364600000,2023-10-15T10:10:00Z,0.08526,0.08535,0.08526,0.08533,50647,4321.61386,0.08527,0.08535,0.08527,0.08535,0.08532,0.0854,0.08532,0.0854,-0.00020534,-0.00014513,-0.00017906,-0.00017906,-7.000000000000062e-05,-0.0008196721311475481
1697364900000,2023-10-15T10:15:00Z,0.08533,0.08535,0.08533,0.08534,15895,1356.63813,0.08535,0.08536,0.08534,0.08535,0.0854,0.08541,0.08539,0.08541,-0.00017906,-0.00048729,-0.00050585,-0.00048729,-7.000000000000062e-05,-0.0008195761620419227
1697365200000,2023-10-15T10:20:00Z,0.08534,0.08539,0.08534,0.08538,78138,6671.3896,0.08535,0.08539,0.08534,0.08538,0.08541,0.08542,0.0854,0.08542,-0.00048729,-0.00030168,-0.00035272,-0.00030168,-3.999999999999837e-05,-0.0004682744088035398
1697365500000,2023-10-15T10:25:00Z,0.08538,0.08539,0.08528,0.08534,513383,43804.41483,0.08538,0.08539,0.08535,0.08537,0.08542,0.08543,0.08539,0.08542,-0.00030168,-0.00031721,-0.00050667,-0.00050667,-7.999999999999674e-05,-0.0009365488176070796
1697365800000,2023-10-15T10:30:00Z,0.08534,0.08537,0.08534,0.08537,52693,4498.11121,0.08537,0.08538,0.08536,0.08537,0.08542,0.08543,0.0854,0.08542,-0.00050667,-0.00039866,-0.00057988,-0.00039866,-4.999999999999449e-05,-0.0005853430110043841
1697366100000,2023-10-15T10:35:00Z,0.08537,0.0854,0.08537,0.08539,25358,2165.34926,0.08537,0.0854,0.08537,0.08539,0.08542,0.08545,0.08541,0.08543,-0.00039866,-0.00046816,-0.00046816,-0.00046816,-4.000000000001225e-05,-0.0004682195949901937
1697366400000,2023-10-15T10:40:00Z,0.08539,0.08539,0.08536,0.08536,19915,1700.41397,0.08539,0.08539,0.08536,0.08536,0.08543,0.08544,0.08541,0.08541,-0.00046816,-0.0003512,-0.00040908,-0.00040908,-4.999999999999449e-05,-0.0005854115443155894
1697366700000,2023-10-15T10:45:00Z,0.08536,0.08537,0.08532,0.08532,21592,1842.49578,0.08536,0.08537,0.08532,0.08532,0.08541,0.08542,0.08534,0.08535,-0.00040908,-0.00036917,-0.00038795,-0.00038795,-3.0000000000002247e-05,-0.00035149384885767136
1697367000000,2023-10-15T10:50:00Z,0.08532,0.08532,0.0853,0.08531,10353,883.21314,0.08532,0.08532,0.0853,0.08532,0.08535,0.08536,0.08534,0.08536,-0.00038795,-0.00015748,-0.00029935,-0.00015748,-5.000000000000837e-05,-0.0005857544517339313
1697367300000,2023-10-15T10:55:00Z,0.08531,0.08533,0.08531,0.08531,34886,2976.74334,0.08532,0.08534,0.08531,0.08531,0.08536,0.08538,0.08536,0.08536,-0.00015748,-0.00052758,-0.00053543,-0.00053543,-5.000000000000837e-05,-0.0005857544517339313
1697367600000,2023-10-15T11:00:00Z,0.08531,0.08531,0.08506,0.08515,1012045,86156.64417,0.08531,0.08532,0.08516,0.08517,0.08536,0.08537,0.08521,0.08523,-0.00053543,-0.00045357,-0.00046904,-0.00046904,-7.999999999999674e-05,-0.000938636630294459
1697367900000,2023-10-15T11:05:00Z,0.08515,0.08522,0.08511,0.08522,63641,5419.72676,0.08517,0.08523,0.08513,0.08522,0.08523,0.08529,0.08518,0.08528,-0.00046904,-0.00056941,-0.00065146,-0.00056941,-5.9999999999990616e-05,-0.0007035647279548619
1697368200000,2023-10-15T11:10:00Z,0.08522,0.08522,0.08517,0.08517,13933,1187.1745,0.08522,0.08523,0.08518,0.08519,0.08528,0.08529,0.08525,0.08526,-0.00056941,-0.00042909,-0.00068813,-0.00042909,-9.000000000000674e-05,-0.001055594651653844
1697368500000,2023-10-15T11:15:00Z,0.08517,0.08521,0.08517,0.08518,7842,668.0797,0.08519,0.08522,0.08518,0.08518,0.08526,0.08529,0.08525,0.08525,-0.00042909,-0.00046651,-0.00056387,-0.00056387,-7.000000000000062e-05,-0.0008211143695014734
1697368800000,2023-10-15T11:20:00Z,0.08518,0.08523,0.08518,0.08523,2409,205.25277,0.08518,0.08523,0.08518,0.08523,0.08525,0.08529,0.08525,0.08529,-0.00056387,-0.00061597,-0.00063325,-0.00063325,-6.0000000000004494e-05,-0.0007034822370735666
1697369100000,2023-10-15T11:25:00Z,0.08523,0.08523,0.08518,0.08522,77736,6623.19036,0.08523,0.08523,0.08521,0.08523,0.08529,0.0853,0.08528,0.0853,-0.00063325,-0.00044436,-0.00049243,-0.00044436,-7.999999999999674e-05,-0.0009378663540445104
1697369400000,2023-10-15T11:30:00Z,0.08522,0.08532,0.08522,0.0853,38778,3307.77321,0.08523,0.08532,0.08522,0.08531,0.0853,0.08538,0.08529,0.08538,-0.00044436,-0.00048781,-0.00079854,-0.00048781,-7.999999999999674e-05,-0.0009369875849144617
1697369700000,2023-10-15T11:35:00Z,0.0853,0.08532,0.0853,0.08532,1563,133.33986,0.08531,0.08533,0.0853,0.08532,0.08538,0.08539,0.08537,0.08538,-0.00048781,-0.00057167,-0.00067174,-0.00067174,-6.0000000000004494e-05,-0.0007027406886859276
1697370000000,2023-10-15T11:40:00Z,0.08532,0.08532,0.08532,0.08532,50111,4275.47052,0.08532,0.08532,0.08532,0.08532,0.08538,0.08538,0.08537,0.08538,-0.00067174,-0.00055317,-0.00058304,-0.00055317,-6.0000000000004494e-05,-0.0007027406886859276
1697370300000,2023-10-15T11:45:00Z,0.08532,0.08532,0.08525,0.08525,58252,4967.551,0.08532,0.08532,0.08525,0.08525,0.08538,0.08538,0.08531,0.08532,-0.00055317,-0.00057449,-0.00070553,-0.00070553,-6.999999999998674e-05,-0.00082044069385826
1697370600000,2023-10-15T11:50:00Z,0.08525,0.08526,0.08525,0.08526,7580,646.23914,0.08525,0.08526,0.08525,0.08526,0.08532,0.08533,0.08532,0.08533,-0.00070553,-0.00061959,-0.00063869,-0.00063869,-7.000000000000062e-05,-0.0008203445447087849
1697370900000,2023-10-15T11:55:00Z,0.08526,0.08526,0.08524,0.08526,6253,533.06893,0.08526,0.0853,0.08524,0.08529,0.08533,0.08536,0.08531,0.08535,-0.00063869,-0.0005895,-0.0006578,-0.0005895,-8.999999999999286e-05,-0.0010544815465728513
1697371200000,2023-10-15T12:00:00Z,0.08526,0.08534,0.08526,0.08534,90970,7761.11303,0.08529,0.08535,0.08529,0.08534,0.08535,0.08542,0.08535,0.08542,-0.0005895,-0.00056902,-0.0006948,-0.0006948,-7.999999999999674e-05,-0.0009365488176070796
1697371500000,2023-10-15T12:05:00Z,0.08534,0.08535,0.08533,0.08535,56187,4794.74043,0.08534,0.08536,0.08534,0.08535,0.08542,0.08545,0.08542,0.08544,-0.0006948,-0.00068582,-0.00072234,-0.00072234,-9.000000000000674e-05,-0.0010533707865169328
1697371800000,2023-10-15T12:10:00Z,0.08535,0.08536,0.08532,0.08533,60629,5173.45464,0.08535,0.08536,0.08534,0.08534,0.08544,0.08544,0.08543,0.08543,-0.00072234,-0.00081423,-0.00098103,-0.00098103,-0.00010000000000000286,-0.0011705489874751594
1697372100000,2023-10-15T12:15:00Z,0.08533,0.08534,0.08531,0.08534,47646,4065.08576,0.08534,0.08535,0.08531,0.08534,0.08543,0.08544,0.08539,0.08542,-0.00098103,-0.00068344,-0.00076562,-0.00076562,-7.999999999999674e-05,-0.0009365488176070796
1697372400000,2023-10-15T12:20:00Z,0.08534,0.08534,0.08534,0.08534,591,50.43594,0.08534,0.08536,0.08534,0.08535,0.08542,0.08543,0.08541,0.08543,-0.00076562,-0.00076363,-0.00089195,-0.00076363,-9.000000000000674e-05,-0.0010534940887276922
1697372700000,2023-10-15T12:25:00Z,0.08534,0.08537,0.08534,0.08536,6608,564.03918,0.08535,0.08537,0.08535,0.08536,0.08543,0.08545,0.08543,0.08545,-0.00076363,-0.00089736,-0.00093622,-0.00093622,-8.999999999999286e-05,-0.0010532475131655105
1697373000000,2023-10-15T12:30:00Z,0.08536,0.08537,0.08536,0.08537,28936,2470.26172,0.08536,0.08537,0.08536,0.08537,0.08545,0.08545,0.08544,0.08545,-0.00093622,-0.0008674,-0.00091492,-0.00091492,-7.999999999999674e-05,-0.000936220011702712
1697373300000,2023-10-15T12:35:00Z,0.08537,0.08538,0.0853,0.08536,242108,20663.19977,0.08537,0.08538,0.08536,0.08536,0.08545,0.08546,0.08544,0.08545,-0.00091492,-0.00082773,-0.00083265,-0.00082773,-8.999999999999286e-05,-0.0010532475131655105
1697373600000,2023-10-15T12:40:00Z,0.08536,0.08539,0.08536,0.08539,32167,2746.17786,0.08536,0.08539,0.08536,0.08539,0.08545,0.08547,0.08545,0.08546,-0.00082773,-0.00084871,-0.00086264,-0.00086264,-7.000000000000062e-05,-0.000819096653405109
1697373900000,2023-10-15T12:45:00Z,0.08539,0.0854,0.08538,0.08539,328658,28066.78982,0.08539,0.08541,0.08538,0.0854,0.08546,0.0855,0.08546,0.08549,-0.00086264,-0.00105275,-0.00105275,-0.00105275,-0.00010000000000000286,-0.0011697274535033672
1697374200000,2023-10-15T12:50:00Z,0.08539,0.0854,0.08538,0.08539,47627,4066.8538,0.0854,0.08541,0.08538,0.08539,0.08549,0.0855,0.08547,0.08548,-0.00105275,-0.00093589,-0.00093589,-0.00093589,-9.000000000000674e-05,-0.0010528778661676034
1697374500000,2023-10-15T12:55:00Z,0.08539,0.0854,0.08537,0.08537,99127,8464.09585,0.08539,0.0854,0.08537,0.08539,0.08548,0.08549,0.08546,0.08548,-0.00093589,-0.00082822,-0.00105275,-0.00082822,-0.00010999999999999899,-0.0012868507253158514
1697374800000,2023-10-15T13:00:00Z,0.08537,0.08538,0.08527,0.08531,238624,20354.50422,0.08539,0.08539,0.08528,0.08531,0.08548,0.08548,0.08537,0.08539,-0.00082822,-0.00060032,-0.00076481,-0.00060032,-7.999999999999674e-05,-0.000936877854549675
1697375100000,2023-10-15T13:05:00Z,0.08531,0.08531,0.08525,0.08528,99238,8462.78179,0.08531,0.08531,0.08526,0.08528,0.08539,0.0854,0.08535,0.08535,-0.00060032,-0.00057633,-0.00082933,-0.00057633,-7.000000000000062e-05,-0.0008201523140011789
1697375400000,2023-10-15T13:10:00Z,0.08528,0.0854,0.08528,0.0854,213594,18238.50768,0.08528,0.08541,0.08528,0.08541,0.08535,0.08549,0.08535,0.08549,-0.00057633,-0.00077662,-0.00093589,-0.00093589,-8.999999999999286e-05,-0.0010527547081529169
1697375700000,2023-10-15T13:15:00Z,0.0854,0.08544,0.08539,0.08541,521913,44576.11614,0.08541,0.08545,0.0854,0.08541,0.08549,0.08553,0.08548,0.08549,-0.00093589,-0.0007778,-0.00078362,-0.00078362,-7.999999999999674e-05,-0.0009357819628026289
1697376000000,2023-10-15T13:20:00Z,0.08541,0.08541,0.08524,0.08531,252895,21581.0838,0.08541,0.08542,0.08524,0.08531,0.08549,0.0855,0.08533,0.08539,-0.00078362,-0.00055929,-0.00059625,-0.00059625,-7.999999999999674e-05,-0.000936877854549675
1697376300000,2023-10-15T13:25:00Z,0.08531,0.08539,0.08531,0.08537,181184,15467.16649,0.08531,0.08541,0.08531,0.0854,0.08539,0.08548,0.08538,0.08548,-0.00059625,-0.00059319,-0.00061987,-0.00059319,-0.00010999999999999899,-0.0012868507253158514
1697376600000,2023-10-15T13:30:00Z,0.08537,0.08544,0.08536,0.08538,1054277,90019.65847,0.0854,0.08545,0.08538,0.08538,0.08548,0.08553,0.08546,0.08546,-0.00059319,-0.00081829,-0.00101743,-0.00081829,-7.999999999999674e-05,-0.000936110461034364
1697376900000,2023-10-15T13:35:00Z,0.08538,0.08538,0.08527,0.08534,244568,20861.48627,0.08538,0.08538,0.08527,0.08535,0.08546,0.08546,0.08536,0.08544,-0.00081829,-0.00080395,-0.0009008,-0.00080395,-0.00010000000000000286,-0.00117041198501876
1697377200000,2023-10-15T13:40:00Z,0.08534,0.08534,0.08528,0.08528,28103,2397.92249,0.08535,0.08535,0.08528,0.08528,0.08544,0.08544,0.08536,0.08536,-0.00080395,-0.00065093,-0.00069172,-0.00065093,-8.000000000001062e-05,-0.0009372071227742575
1697377500000,2023-10-15T13:45:00Z,0.08528,0.08528,0.08517,0.08522,140481,11970.15997,0.08528,0.08528,0.0852,0.08522,0.08536,0.08537,0.08529,0.0853,-0.00065093,-0.00061512,-0.0006973,-0.0006973,-7.999999999999674e-05,-0.0009378663540445104
1697377800000,2023-10-15T13:50:00Z,0.08522,0.08536,0.0852,0.08524,1399153,119330.7009,0.08522,0.08536,0.08521,0.08524,0.0853,0.08539,0.08529,0.0853,-0.0006973,-0.00035767,-0.00082044,-0.00082044,-6.0000000000004494e-05,-0.0007033997655334642
1697378100000,2023-10-15T13:55:00Z,0.08524,0.08524,0.08522,0.08523,35915,3060.96279,0.08524,0.08527,0.08523,0.08524,0.0853,0.08534,0.0853,0.08532,-0.00082044,-0.00093753,-0.00093753,-0.00093753,-8.999999999999286e-05,-0.001054852320675022
1697378400000,2023-10-15T14:00:00Z,0.08523,0.08533,0.08522,0.08533,144567,12325.17016,0.08524,0.08534,0.08522,0.08534,0.08532,0.08541,0.08529,0.08541,-0.00093753,-0.0004396,-0.00056271,-0.00056271,-7.999999999999674e-05,-0.0009366584709050081
1697378700000,2023-10-15T14:05:00Z,0.08533,0.08538,0.08532,0.08537,64258,5484.69792,0.08534,0.08537,0.08533,0.08537,0.08541,0.08543,0.0854,0.08542,-0.00056271,-0.00052118,-0.00071794,-0.00052118,-4.999999999999449e-05,-0.0005853430110043841
1697379000000,2023-10-15T14:10:00Z,0.08537,0.0854,0.08537,0.0854,2388,203.92704,0.08537,0.08543,0.08537,0.0854,0.08542,0.08549,0.08542,0.08546,-0.00052118,-0.00050626,-0.00082454,-0.00082454,-5.9999999999990616e-05,-0.0007020828457756918
1697379300000,2023-10-15T14:15:00Z,0.0854,0.08541,0.08538,0.08539,20784,1774.89297,0.0854,0.08542,0.08538,0.08539,0.08546,0.08549,0.08545,0.08545,-0.00082454,-0.00058513,-0.00068722,-0.00058513,-6.0000000000004494e-05,-0.0007021650087771152
1697379600000,2023-10-15T14:20:00Z,0.08539,0.08539,0.08534,0.08535,45003,3840.83719,0.08539,0.0854,0.08535,0.08538,0.08545,0.08546,0.08541,0.08545,-0.00058513,-0.00058445,-0.00058691,-0.00058691,-0.00010000000000000286,-0.0011702750146284713
1697379900000,2023-10-15T14:25:00Z,0.08535,0.08543,0.08534,0.08536,251334,21462.54821,0.08538,0.08544,0.08534,0.08536,0.08545,0.08551,0.0854,0.0854,-0.00058691,-0.00063476,-0.00063727,-0.00063727,-3.999999999999837e-05,-0.0004683840749414329
1697380200000,2023-10-15T14:30:00Z,0.08536,0.08541,0.08535,0.08541,16836,1437.82902,0.08536,0.08542,0.08535,0.08542,0.0854,0.08549,0.08538,0.08549,-0.00063727,-0.00043117,-0.00071587,-0.00071587,-7.999999999999674e-05,-0.0009357819628026289
1697380500000,2023-10-15T14:35:00Z,0.08541,0.08542,0.0854,0.0854,24059,2054.97364,0.08542,0.08542,0.0854,0.0854,0.08549,0.08549,0.08547,0.08548,-0.00071587,-0.00061289,-0.00069392,-0.00061289,-7.999999999999674e-05,-0.0009358914365933171
1697380800000,2023-10-15T14:40:00Z,0.0854,0.08542,0.0854,0.08541,13430,1147.10279,0.0854,0.08542,0.0854,0.08542,0.08548,0.0855,0.08547,0.08549,-0.00061289,-0.00064522,-0.00068472,-0.00068472,-7.999999999999674e-05,-0.0009357819628026289
1697381100000,2023-10-15T14:45:00Z,0.08541,0.08546,0.08541,0.08546,10183,870.23372,0.08542,0.08547,0.08542,0.08547,0.08549,0.08554,0.08549,0.08554,-0.00068472,-0.00066187,-0.00067602,-0.00067602,-8.000000000001062e-05,-0.0009352349777882933
1697381400000,2023-10-15T14:50:00Z,0.08546,0.08546,0.08541,0.08541,17901,1529.39844,0.08547,0.08547,0.08541,0.08541,0.08554,0.08554,0.08548,0.08548,-0.00067602,-0.00073961,-0.00074371,-0.00073961,-7.000000000000062e-05,-0.000818905007019193
1697381700000,2023-10-15T14:55:00Z,0.08541,0.08544,0.08541,0.08544,32237,2753.70399,0.08541,0.08544,0.08541,0.08544,0.08548,0.0855,0.08548,0.0855,-0.00073961,-0.00053263,-0.00060257,-0.00053263,-6.0000000000004494e-05,-0.0007017543859649648
1697382000000,2023-10-15T15:00:00Z,0.08544,0.08546,0.08543,0.08546,16923,1446.08557,0.08544,0.08547,0.08544,0.08546,0.0855,0.08554,0.0855,0.08553,-0.00053263,-0.00048269,-0.00070563,-0.00048269,-7.000000000000062e-05,-0.0008184262831755012
1697382300000,2023-10-15T15:05:00Z,0.08546,0.08549,0.08543,0.08548,206865,17679.64749,0.08546,0.08548,0.08543,0.08548,0.08553,0.08554,0.08551,0.08554,-0.00048269,-0.00067765,-0.00076256,-0.00076256,-6.0000000000004494e-05,-0.0007014262333411795
1697382600000,2023-10-15T15:10:00Z,0.08548,0.08548,0.08544,0.08546,95802,8186.39502,0.08548,0.08549,0.08545,0.08549,0.08554,0.08556,0.08553,0.08556,-0.00076256,-0.00063576,-0.00074275,-0.00063576,-0.00010000000000000286,-0.0011687704534829695
1697382900000,2023-10-15T15:15:00Z,0.08546,0.08548,0.08546,0.08548,37220,3181.22911,0.08549,0.08549,0.08547,0.08548,0.08556,0.08556,0.08552,0.08555,-0.00063576,-0.00062352,-0.00076975,-0.00076975,-7.000000000000062e-05,-0.0008182349503214567
1697383200000,2023-10-15T15:20:00Z,0.08548,0.08548,0.08547,0.08547,9744,832.83508,0.08548,0.08549,0.08547,0.08547,0.08555,0.08556,0.08553,0.08553,-0.00076975,-0.00065232,-0.00066214,-0.00066214,-5.9999999999990616e-05,-0.0007015082427217423
1697383500000,2023-10-15T15:25:00Z,0.08547,0.08548,0.08544,0.08544,22312,1906.40544,0.08547,0.08548,0.08544,0.08545,0.08553,0.08554,0.08549,0.08551,-0.00066214,-0.00048262,-0.00055255,-0.00048262,-7.000000000000062e-05,-0.0008186177055315239
1697383800000,2023-10-15T15:30:00Z,0.08544,0.08545,0.08544,0.08545,256,21.87462,0.08545,0.08545,0.08544,0.08545,0.08551,0.08551,0.08549,0.08549,-0.00048262,-0.00046888,-0.00060028,-0.00046888,-3.999999999999837e-05,-0.00046789098140131443
1697384100000,2023-10-15T15:35:00Z,0.08545,0.08545,0.08544,0.08544,13114,1120.46016,0.08545,0.08545,0.08544,0.08544,0.08549,0.08551,0.08548,0.08548,-0.00046888,-0.00044421,-0.00050695,-0.00050695,-3.999999999999837e-05,-0.00046794571829665853
1697384400000,2023-10-15T15:40:00Z,0.08544,0.08544,0.08541,0.08544,127822,10919.78865,0.08544,0.08545,0.08543,0.08545,0.08548,0.0855,0.08547,0.0855,-0.00050695,-0.00050152,-0.0005076,-0.00050152,-6.0000000000004494e-05,-0.0007017543859649648
1697384700000,2023-10-15T15:45:00Z,0.08544,0.08544,0.08542,0.08544,55343,4727.92114,0.08545,0.08545,0.08543,0.08544,0.0855,0.0855,0.08549,0.08549,-0.00050152,-0.00054848,-0.00066561,-0.00054848,-4.999999999999449e-05,-0.0005848637267516025
1697385000000,2023-10-15T15:50:00Z,0.08544,0.08544,0.08544,0.08544,3047,260.33568,0.08544,0.08544,0.08544,0.08544,0.08549,0.0855,0.08549,0.0855,-0.00054848,-0.00050391,-0.00062514,-0.00050391,-6.0000000000004494e-05,-0.0007017543859649648
1697385300000,2023-10-15T15:55:00Z,0.08544,0.0855,0.08544,0.08549,150515,12863.06225,0.08544,0.08552,0.08544,0.0855,0.0855,0.08558,0.08549,0.08557,-0.00050391,-0.00081804,-0.00093479,-0.00093479,-7.999999999999674e-05,-0.0009349070936075347
1697385600000,2023-10-15T16:00:00Z,0.08549,0.08559,0.08547,0.08556,1151290,98459.56747,0.0855,0.08559,0.08548,0.08556,0.08557,0.08562,0.08556,0.08562,-0.00093479,-0.00038904,-0.00058418,-0.00038904,-6.0000000000004494e-05,-0.0007007708479327784
1697385900000,2023-10-15T16:05:00Z,0.08556,0.08566,0.08555,0.08562,522524,44728.02602,0.08556,0.08566,0.08555,0.08562,0.08562,0.08568,0.08562,0.08567,-0.00038904,-0.00041017,-0.00059803,-0.00041017,-4.999999999999449e-05,-0.0005836348780202462
1697386200000,2023-10-15T16:10:00Z,0.08562,0.0857,0.08559,0.08566,501060,42910.86977,0.08562,0.0857,0.08559,0.08566,0.08567,0.08574,0.08565,0.0857,-0.00041017,-0.00024156,-0.00039776,-0.00039776,-3.999999999999837e-05,-0.00046674445740954926
1697386500000,2023-10-15T16:15:00Z,0.08566,0.08566,0.0856,0.0856,50531,4327.2524,0.08566,0.08566,0.0856,0.0856,0.0857,0.0857,0.08563,0.08564,-0.00039776,-0.00009062,-0.0001747,-0.0001747,-3.999999999999837e-05,-0.00046707146193365685
1697386800000,2023-10-15T16:20:00Z,0.0856,0.0857,0.0856,0.0857,105110,9004.63437,0.0856,0.0857,0.0856,0.0857,0.08564,0.08574,0.08564,0.08574,-0.0001747,-0.00023739,-0.00028301,-0.00028301,-3.999999999999837e-05,-0.00046652670865405144
1697387100000,2023-10-15T16:25:00Z,0.0857,0.08572,0.08568,0.08571,90479,7754.90955,0.0857,0.08572,0.08569,0.08571,0.08574,0.08575,0.08573,0.08575,-0.00028301,-0.00016724,-0.00025795,-0.00025795,-4.000000000001225e-05,-0.0004664723032071399
1697387400000,2023-10-15T16:30:00Z,0.08571,0.08571,0.08565,0.08566,81560,6987.98959,0.08571,0.08571,0.08566,0.08566,0.08575,0.08575,0.0857,0.08571,-0.00025795,-0.00015949,-0.00028503,-0.00015949,-4.999999999999449e-05,-0.000583362501458342
1697387700000,2023-10-15T16:35:00Z,0.08566,0.08571,0.08566,0.0857,140461,12034.85229,0.08566,0.08571,0.08566,0.0857,0.08571,0.08576,0.08571,0.08573,-0.00015949,-0.00031887,-0.0003289,-0.0003289,-3.0000000000002247e-05,-0.0003499358450950921
1697388000000,2023-10-15T16:40:00Z,0.0857,0.08572,0.08569,0.08572,2668,228.66955,0.0857,0.08573,0.08569,0.08573,0.08573,0.08578,0.08573,0.08578,-0.0003289,-0.00012256,-0.00030713,-0.00012256,-5.9999999999990616e-05,-0.0006994637444624693
1697388300000,2023-10-15T16:45:00Z,0.08572,0.08585,0.08572,0.08583,466010,39976.86752,0.08573,0.08584,0.08572,0.08583,0.08578,0.08587,0.08577,0.08586,-0.00012256,-0.00012392,-0.00017601,-0.00017601,-3.0000000000002247e-05,-0.00034940600978339444
1697388600000,2023-10-15T16:50:00Z,0.08583,0.08587,0.08582,0.08585,176311,15136.27741,0.08583,0.08587,0.08583,0.08586,0.08586,0.08589,0.08585,0.08589,-0.00017601,-0.00022132,-0.0003218,-0.0003218,-3.999999999999837e-05,-0.000465711957154481
1697388900000,2023-10-15T16:55:00Z,0.08585,0.08586,0.08582,0.08582,8001,686.95858,0.08586,0.08586,0.08582,0.08583,0.08589,0.08589,0.08585,0.08586,-0.0003218,-0.00023069,-0.00035619,-0.00023069,-4.000000000001225e-05,-0.00046587467971130034
1697389200000,2023-10-15T17:00:00Z,0.08582,0.08583,0.08582,0.08583,23011,1974.97825,0.08583,0.08584,0.08582,0.08584,0.08586,0.08587,0.08585,0.08587,-0.00023069,-0.00011728,-0.00015515,-0.00015515,-3.999999999999837e-05,-0.000465820426225671
1697389500000,2023-10-15T17:05:00Z,0.08583,0.08587,0.08583,0.08585,13741,1179.74807,0.08584,0.08587,0.08584,0.08585,0.08587,0.08589,0.08587,0.08588,-0.00015515,-0.00007265,-0.00013625,-0.00007265,-3.0000000000002247e-05,-0.00034932463903123253
1697389800000,2023-10-15T17:10:00Z,0.08585,0.08587,0.08585,0.08587,79237,6803.7391,0.08585,0.0859,0.08585,0.08589,0.08588,0.08594,0.08588,0.08594,-0.00007265,-0.00029427,-0.00033151,-0.00033151,-7.000000000000062e-05,-0.0008145217593670074
1697390100000,2023-10-15T17:15:00Z,0.08587,0.08587,0.08586,0.08586,19101,1640.15205,0.08589,0.08589,0.08586,0.08586,0.08594,0.08594,0.0859,0.0859,-0.00033151,-0.00023131,-0.00027694,-0.00023131,-3.999999999999837e-05,-0.00046565774155993446
1697390400000,2023-10-15T17:20:00Z,0.08586,0.08589,0.08585,0.08588,75846,6513.11368,0.08586,0.0859,0.08586,0.08588,0.0859,0.08594,0.08589,0.08592,-0.00023131,-0.00027071,-0.00043588,-0.00027071,-3.999999999999837e-05,-0.00046554934823089355
1697390700000,2023-10-15T17:25:00Z,0.08588,0.08591,0.08588,0.0859,16022,1376.42314,0.08588,0.08591,0.08588,0.0859,0.08592,0.08595,0.08592,0.08595,-0.00027071,-0.00024994,-0.00040779,-0.00040779,-4.999999999999449e-05,-0.0005817335660266956
1697391000000,2023-10-15T17:30:00Z,0.0859,0.08598,0.0859,0.08591,76239,6551.56375,0.0859,0.08598,0.0859,0.08591,0.08595,0.086,0.08595,0.08596,-0.00040779,-0.00041621,-0.00044364,-0.00044364,-4.999999999999449e-05,-0.0005816658911120811
1697391300000,2023-10-15T17:35:00Z,0.08591,0.086,0.08591,0.08597,38713,3329.11021,0.08591,0.086,0.08591,0.08598,0.08596,0.08604,0.08595,0.08602,-0.00044364,-0.00019502,-0.00046292,-0.00046292,-4.999999999999449e-05,-0.0005812601720529469
1697391600000,2023-10-15T17:40:00Z,0.08597,0.08598,0.08593,0.08593,20045,1723.03147,0.08598,0.08598,0.08593,0.08594,0.08602,0.08602,0.08597,0.08598,-0.00046292,-0.00034566,-0.00041493,-0.00034566,-4.999999999999449e-05,-0.0005815305885088915
1697391900000,2023-10-15T17:45:00Z,0.08593,0.08598,0.08593,0.08594,38777,3333.18021,0.08594,0.08598,0.08594,0.08595,0.08598,0.08601,0.08598,0.086,-0.00034566,-0.00022653,-0.00026142,-0.00022653,-5.9999999999990616e-05,-0.0006976744186045421
1697392200000,2023-10-15T17:50:00Z,0.08594,0.08599,0.08594,0.08599,8873,762.55372,0.08595,0.086,0.08594,0.08599,0.086,0.08605,0.08599,0.08604,-0.00022653,-0.00019639,-0.00023201,-0.00023201,-5.000000000000837e-05,-0.0005811250581126031
1697392500000,2023-10-15T17:55:00Z,0.08599,0.08618,0.08599,0.08612,440322,37910.72006,0.08599,0.08614,0.08599,0.08612,0.08604,0.08618,0.08604,0.08617,-0.00023201,-0.00020954,-0.00032148,-0.00032148,-4.999999999999449e-05,-0.0005802483462921491
1697392800000,2023-10-15T18:00:00Z,0.08612,0.08613,0.08603,0.08603,69920,6018.22306,0.08612,0.08613,0.08603,0.08603,0.08617,0.08618,0.08606,0.08607,-0.00032148,-0.00046436,-0.00046498,-0.00046498,-3.999999999999837e-05,-0.00046473800395025415
1697393100000,2023-10-15T18:05:00Z,0.08603,0.08603,0.08591,0.08594,114878,9873.22579,0.08603,0.08603,0.08593,0.08594,0.08607,0.08607,0.08598,0.08598,-0.00046498,-0.00029867,-0.00030262,-0.00030262,-3.999999999999837e-05,-0.00046522447080714547
1697393400000,2023-10-15T18:10:00Z,0.08594,0.08598,0.08593,0.08598,12777,1098.10292,0.08594,0.08599,0.08593,0.08599,0.08598,0.08603,0.08598,0.08603,-0.00030262,-0.0001823,-0.00047226,-0.0001823,-4.999999999999449e-05,-0.000581192607229972
1697393700000,2023-10-15T18:15:00Z,0.08598,0.08598,0.08593,0.08593,11272,969.08903,0.08599,0.086,0.08593,0.08594,0.08603,0.08604,0.08599,0.086,-0.0001823,-0.00050761,-0.00078351,-0.00050761,-6.999999999998674e-05,-0.0008139534883719389
1697394000000,2023-10-15T18:20:00Z,0.08593,0.08605,0.08593,0.08605,108821,9357.76293,0.08594,0.08605,0.08594,0.08605,0.086,0.08611,0.086,0.08611,-0.00050761,-0.00065376,-0.00067038,-0.00065376,-6.0000000000004494e-05,-0.0006967831842992043
1697394300000,2023-10-15T18:25:00Z,0.08605,0.0861,0.08605,0.0861,2278,196.09556,0.08605,0.0861,0.08605,0.0861,0.08611,0.08617,0.08611,0.08617,-0.00065376,-0.00045537,-0.00050214,-0.00045537,-7.000000000000062e-05,-0.0008123476848091055
1697394600000,2023-10-15T18:30:00Z,0.0861,0.08611,0.08606,0.08609,183438,15793.58377,0.0861,0.08611,0.08608,0.0861,0.08617,0.08617,0.08614,0.08616,-0.00045537,-0.00033174,-0.00069251,-0.00033174,-7.000000000000062e-05,-0.0008124419684308336
1697394900000,2023-10-15T18:35:00Z,0.08609,0.0861,0.08605,0.08607,65421,5630.81058,0.0861,0.08611,0.08606,0.08607,0.08616,0.08617,0.08612,0.08612,-0.00033174,-0.000379,-0.00044972,-0.00044972,-5.000000000000837e-05,-0.0005805852299118482
1697395200000,2023-10-15T18:40:00Z,0.08607,0.08609,0.08607,0.08608,138925,11959.37453,0.08607,0.0861,0.08607,0.0861,0.08612,0.08616,0.08612,0.08616,-0.00044972,-0.00042221,-0.00066755,-0.00042221,-7.999999999999674e-05,-0.0009285051067780494
1697395500000,2023-10-15T18:45:00Z,0.08608,0.08609,0.08608,0.08608,53323,4590.17006,0.0861,0.0861,0.08608,0.08609,0.08616,0.08616,0.08614,0.08615,-0.00042221,-0.0005534,-0.00066349,-0.00066349,-7.000000000000062e-05,-0.0008125362739408081
1697395800000,2023-10-15T18:50:00Z,0.08608,0.0861,0.08605,0.08605,205263,17669.07214,0.08609,0.08611,0.08605,0.08605,0.08615,0.08617,0.08613,0.08613,-0.00066349,-0.00071508,-0.00076573,-0.00071508,-7.999999999999674e-05,-0.0009288285150353738
1697396100000,2023-10-15T18:55:00Z,0.08605,0.08606,0.08603,0.08605,29775,2562.28011,0.08605,0.08606,0.08605,0.08606,0.08613,0.08614,0.08612,0.08614,-0.00071508,-0.00032868,-0.00073911,-0.00032868,-8.999999999999286e-05,-0.0010448107731598894
1697396400000,2023-10-15T19:00:00Z,0.08605,0.0861,0.08605,0.08607,89359,7692.09454,0.08606,0.0861,0.08606,0.08607,0.08614,0.08616,0.08614,0.08615,-0.00032868,-0.00067959,-0.00079686,-0.00079686,-8.000000000001062e-05,-0.0009286128845038957
1697396700000,2023-10-15T19:05:00Z,0.08607,0.08611,0.08606,0.0861,14222,1224.16254,0.08607,0.08611,0.08606,0.08611,0.08615,0.08619,0.08614,0.08619,-0.00079686,-0.00050963,-0.0007345,-0.00050963,-9.000000000000674e-05,-0.0010442046641142445
1697397000000,2023-10-15T19:10:00Z,0.0861,0.0861,0.08604,0.08604,55385,4766.66678,0.08611,0.08611,0.08604,0.08604,0.08619,0.08619,0.0861,0.0861,-0.00050963,-0.00062164,-0.00076303,-0.00062164,-5.9999999999990616e-05,-0.0006968641114981489
1697397300000,2023-10-15T19:15:00Z,0.08604,0.08605,0.08603,0.08603,21461,1846.57445,0.08604,0.08605,0.08603,0.08604,0.0861,0.08611,0.0861,0.08611,-0.00062164,-0.00056416,-0.00064448,-0.00056416,-8.000000000001062e-05,-0.0009290442457323263
1697397600000,2023-10-15T19:20:00Z,0.08603,0.08603,0.08603,0.08603,2314,199.07342,0.08604,0.08605,0.08603,0.08604,0.08611,0.08612,0.0861,0.08612,-0.00056416,-0.00057361,-0.00057385,-0.00057385,-9.000000000000674e-05,-0.0010450534138412302
1697397900000,2023-10-15T19:25:00Z,0.08603,0.08605,0.08598,0.08605,155750,13393.09493,0.08604,0.08605,0.08601,0.08605,0.08612,0.08613,0.08609,0.08613,-0.00057385,-0.00038815,-0.00073087,-0.00073087,-7.999999999999674e-05,-0.0009288285150353738
1697398200000,2023-10-15T19:30:00Z,0.08605,0.08608,0.08604,0.08604,12483,1074.4313,0.08605,0.08609,0.08605,0.08607,0.08613,0.08615,0.08612,0.08614,-0.00073087,-0.00065385,-0.00076099,-0.00076099,-9.999999999998899e-05,-0.001160900859066508
1697398500000,2023-10-15T19:35:00Z,0.08604,0.08612,0.08604,0.08609,63499,5466.78903,0.08607,0.08611,0.08606,0.08609,0.08614,0.08618,0.08613,0.08618,-0.00076099,-0.00076566,-0.00076566,-0.00076566,-9.000000000000674e-05,-0.0010443258296589316
1697398800000,2023-10-15T19:40:00Z,0.08609,0.08609,0.08605,0.08605,18454,1588.57914,0.08609,0.08609,0.08605,0.08605,0.08618,0.08618,0.08613,0.08613,-0.00076566,-0.00082447,-0.00082458,-0.00082447,-7.999999999999674e-05,-0.0009288285150353738
1697399100000,2023-10-15T19:45:00Z,0.08605,0.08608,0.08605,0.08607,1735,149.33126,0.08605,0.08608,0.08605,0.08607,0.08613,0.08615,0.08613,0.08615,-0.00082447,-0.00065873,-0.00074915,-0.00074915,-8.000000000001062e-05,-0.0009286128845038957
1697399400000,2023-10-15T19:50:00Z,0.08607,0.08608,0.08606,0.08608,46422,3995.26365,0.08607,0.08608,0.08607,0.08608,0.08615,0.08616,0.08615,0.08616,-0.00074915,-0.00073259,-0.00078365,-0.00078365,-7.999999999999674e-05,-0.0009285051067780494
1697399700000,2023-10-15T19:55:00Z,0.08608,0.08609,0.08608,0.08609,4916,423.21594,0.08608,0.08609,0.08608,0.08609,0.08616,0.08616,0.08615,0.08616,-0.00078365,-0.00064294,-0.00065107,-0.00065107,-7.000000000000062e-05,-0.0008124419684308336
1697400000000,2023-10-15T20:00:00Z,0.08609,0.0861,0.08609,0.08609,5847,503.37297,0.08609,0.0861,0.08609,0.08609,0.08616,0.08616,0.08615,0.08615,-0.00065107,-0.00057156,-0.00068755,-0.00057156,-6.0000000000004494e-05,-0.0006964596633778815
1697400300000,2023-10-15T20:05:00Z,0.08609,0.08609,0.08604,0.08606,20306,1748.04777,0.08609,0.0861,0.08605,0.08607,0.08615,0.08616,0.08612,0.08614,-0.00057156,-0.00060176,-0.00060698,-0.00060698,-7.999999999999674e-05,-0.0009287206872532707
1697400600000,2023-10-15T20:10:00Z,0.08606,0.08609,0.08604,0.08604,50079,4310.20956,0.08607,0.08609,0.08604,0.08604,0.08614,0.08616,0.08611,0.08611,-0.00060698,-0.00057623,-0.00060341,-0.00060341,-7.000000000000062e-05,-0.0008129137150156847
1697400900000,2023-10-15T20:15:00Z,0.08604,0.08612,0.08604,0.08612,57316,4934.07233,0.08604,0.08612,0.08604,0.08612,0.08611,0.08619,0.08611,0.08619,-0.00060341,-0.00060362,-0.00063499,-0.00063499,-7.000000000000062e-05,-0.0008121591831999143
1697401200000,2023-10-15T20:20:00Z,0.08612,0.08612,0.08611,0.08611,6749,581.20077,0.08612,0.08613,0.08611,0.08611,0.08619,0.0862,0.08618,0.08618,-0.00063499,-0.00062381,-0.0006795,-0.00062381,-7.000000000000062e-05,-0.0008122534230680043
1697401500000,2023-10-15T20:25:00Z,0.08611,0.08616,0.08611,0.08616,71928,6196.50674,0.08611,0.08616,0.08611,0.08616,0.08618,0.08621,0.08618,0.08621,-0.00062381,-0.0005102,-0.0005518,-0.0005102,-4.999999999999449e-05,-0.0005799791207515891
1697401800000,2023-10-15T20:30:00Z,0.08616,0.08637,0.08615,0.08627,1361987,117506.3044,0.08616,0.08628,0.08615,0.08627,0.08621,0.0863,0.08621,0.0863,-0.0005102,-0.00004971,-0.00006281,-0.00006281,-3.0000000000002247e-05,-0.0003476245654693192
1697402100000,2023-10-15T20:35:00Z,0.08627,0.08631,0.08627,0.08629,7462,643.85619,0.08627,0.08631,0.08627,0.08629,0.0863,0.08632,0.0863,0.08632,-0.00006281,-0.00003325,-0.00005608,-0.00003325,-2.999999999998837e-05,-0.0003475440222426827
1697402400000,2023-10-15T20:40:00Z,0.08629,0.0865,0.08629,0.08632,825270,71317.80072,0.08629,0.08644,0.08629,0.08634,0.08632,0.08646,0.08632,0.08638,-0.00003325,-0.00027959,-0.00037463,-0.00027959,-6.0000000000004494e-05,-0.000694605232692805
1697402700000,2023-10-15T20:45:00Z,0.08632,0.0864,0.08625,0.08631,873525,75387.59218,0.08634,0.0864,0.08631,0.08633,0.08638,0.08643,0.08636,0.08639,-0.00027959,-0.00049143,-0.00057863,-0.00057863,-7.999999999999674e-05,-0.0009260331056834905
1697403000000,2023-10-15T20:50:00Z,0.08631,0.0864,0.08625,0.08639,22485,1941.83806,0.08633,0.08641,0.08626,0.0864,0.08639,0.08648,0.08633,0.08648,-0.00057863,-0.0005679,-0.00092506,-0.00092506,-9.000000000000674e-05,-0.0010407030527290325
1697403300000,2023-10-15T20:55:00Z,0.08639,0.0864,0.08639,0.08639,18098,1563.60459,0.0864,0.0864,0.08639,0.08639,0.08648,0.08648,0.08647,0.08647,-0.00092506,-0.00080952,-0.00092506,-0.00080952,-8.000000000001062e-05,-0.0009251763617440802
1697403600000,2023-10-15T21:00:00Z,0.08639,0.0864,0.08637,0.08638,117384,10140.67932,0.08639,0.0864,0.08637,0.0864,0.08647,0.08648,0.08645,0.08648,-0.00080952,-0.00069569,-0.00079944,-0.00069569,-0.00010000000000000286,-0.0011563367252544273
1697403900000,2023-10-15T21:05:00Z,0.08638,0.0864,0.08636,0.08636,69208,5978.56217,0.0864,0.0864,0.08636,0.08637,0.08648,0.08648,0.08644,0.08645,-0.00069569,-0.00080952,-0.00083705,-0.00083705,-8.999999999999286e-05,-0.0010410641989588533
1697404200000,2023-10-15T21:10:00Z,0.08636,0.08636,0.0863,0.08633,46650,4028.02974,0.08637,0.08637,0.08631,0.08635,0.08645,0.08645,0.08638,0.08643,-0.00083705,-0.00074985,-0.00079426,-0.00074985,-0.00010000000000000286,-0.0011570056693278128
1697404500000,2023-10-15T21:15:00Z,0.08633,0.08637,0.08633,0.08636,102721,8869.70305,0.08635,0.08637,0.08634,0.08636,0.08643,0.08645,0.08642,0.08644,-0.00074985,-0.00064414,-0.00071726,-0.00064414,-7.999999999999674e-05,-0.0009254974548819614
1697404800000,2023-10-15T21:20:00Z,0.08636,0.08639,0.08636,0.08639,8102,699.89554,0.08636,0.08641,0.08636,0.0864,0.08644,0.08648,0.08644,0.08647,-0.00064414,-0.00069407,-0.00092506,-0.00092506,-8.000000000001062e-05,-0.0009251763617440802
1697405100000,2023-10-15T21:25:00Z,0.08639,0.08639,0.08638,0.08639,42882,3704.24925,0.0864,0.08641,0.08638,0.08639,0.08647,0.08648,0.08646,0.08646,-0.00092506,-0.00072565,-0.00086284,-0.00086284,-7.000000000000062e-05,-0.0008096229470275344
1697405400000,2023-10-15T21:30:00Z,0.08639,0.08639,0.08638,0.08638,819,70.74523,0.08639,0.08639,0.08638,0.08638,0.08646,0.08647,0.08646,0.08646,-0.00086284,-0.00083404,-0.00087556,-0.00087556,-7.999999999999674e-05,-0.000925283368031422
1697405700000,2023-10-15T21:35:00Z,0.08638,0.08639,0.08638,0.08638,7203,622.23803,0.08638,0.08639,0.08638,0.08638,0.08646,0.08648,0.08645,0.08646,-0.00087556,-0.00076601,-0.00084977,-0.00076601,-7.999999999999674e-05,-0.000925283368031422
1697406000000,2023-10-15T21:40:00Z,0.08638,0.0864,0.08636,0.08639,661770,57167.03123,0.08638,0.0864,0.08637,0.08639,0.08646,0.08647,0.08645,0.08647,-0.00076601,-0.00075109,-0.00076705,-0.00075109,-8.000000000001062e-05,-0.0009251763617440802
1697406300000,2023-10-15T21:45:00Z,0.08639,0.0864,0.08636,0.08639,107426,9278.44374,0.08639,0.0864,0.08637,0.08639,0.08647,0.08648,0.08645,0.08647,-0.00075109,-0.00078198,-0.00080952,-0.00080952,-8.000000000001062e-05,-0.0009251763617440802
1697406600000,2023-10-15T21:50:00Z,0.08639,0.0864,0.08637,0.08638,67841,5861.24618,0.08639,0.0864,0.08638,0.08638,0.08647,0.08648,0.08646,0.08646,-0.00080952,-0.00071778,-0.00092506,-0.00071778,-7.999999999999674e-05,-0.000925283368031422
1697406900000,2023-10-15T21:55:00Z,0.08638,0.0864,0.08638,0.08639,112040,9679.92617,0.08638,0.0864,0.08638,0.0864,0.08646,0.08648,0.08646,0.08648,-0.00071778,-0.00074762,-0.00084295,-0.00084295,-9.000000000000674e-05,-0.0010407030527290325
1697407200000,2023-10-15T22:00:00Z,0.08639,0.08657,0.08639,0.0865,395787,34223.31213,0.0864,0.08653,0.0864,0.0865,0.08648,0.08657,0.08648,0.08657,-0.00084295,-0.00032517,-0.00039031,-0.00039031,-7.000000000000062e-05,-0.0008085942012244498
1697407500000,2023-10-15T22:05:00Z,0.0865,0.08655,0.08647,0.08651,51384,4445.01805,0.0865,0.08655,0.08649,0.08651,0.08657,0.08659,0.08655,0.08657,-0.00039031,-0.00025736,-0.00037939,-0.00025736,-5.9999999999990616e-05,-0.0006930807439065568
1697407800000,2023-10-15T22:10:00Z,0.08651,0.08653,0.0865,0.0865,393058,34003.85658,0.08651,0.08653,0.0865,0.08651,0.08657,0.08659,0.08656,0.08657,-0.00025736,-0.00034692,-0.00038165,-0.00038165,-7.000000000000062e-05,-0.0008085942012244498
1697408100000,2023-10-15T22:15:00Z,0.0865,0.08663,0.0865,0.08659,277473,24027.29255,0.08651,0.08663,0.08651,0.08659,0.08657,0.08667,0.08657,0.08665,-0.00038165,-0.00036898,-0.00043561,-0.00043561,-6.0000000000004494e-05,-0.0006924408540104384
1697408400000,2023-10-15T22:20:00Z,0.08659,0.08662,0.08659,0.0866,31115,2694.75938,0.08659,0.08662,0.08659,0.0866,0.08665,0.08667,0.08665,0.08666,-0.00043561,-0.00054401,-0.00057251,-0.00057251,-6.0000000000004494e-05,-0.0006923609508424244
1697408700000,2023-10-15T22:25:00Z,0.0866,0.08673,0.08659,0.08666,593880,51483.8247,0.0866,0.08671,0.08659,0.08667,0.08666,0.08676,0.08665,0.08673,-0.00057251,-0.00030218,-0.00041232,-0.00030218,-7.000000000000062e-05,-0.0008071025020177634
1697409000000,2023-10-15T22:30:00Z,0.08666,0.08667,0.08666,0.08666,22244,1927.67276,0.08667,0.08668,0.08666,0.08666,0.08673,0.08674,0.08671,0.08671,-0.00030218,-0.00039663,-0.0004458,-0.0004458,-4.999999999999449e-05,-0.0005766347595432418
1697409300000,2023-10-15T22:35:00Z,0.08666,0.08666,0.08664,0.08664,1227,106.31186,0.08666,0.08666,0.08664,0.08665,0.08671,0.08671,0.0867,0.08671,-0.0004458,-0.00042502,-0.0005403,-0.0005403,-7.000000000000062e-05,-0.0008072886633606345
1697409600000,2023-10-15T22:40:00Z,0.08664,0.08664,0.0866,0.0866,23969,2076.36407,0.08665,0.08665,0.0866,0.0866,0.08671,0.08671,0.08666,0.08666,-0.0005403,-0.00017522,-0.00028073,-0.00028073,-6.0000000000004494e-05,-0.0006923609508424244
1697409900000,2023-10-15T22:45:00Z,0.0866,0.08661,0.08655,0.08656,161200,13954.54448,0.0866,0.08661,0.08656,0.08658,0.08666,0.08667,0.08662,0.08664,-0.00028073,-0.00044296,-0.00050392,-0.00050392,-7.999999999999674e-05,-0.0009233610341643207
1697410200000,2023-10-15T22:50:00Z,0.08656,0.08657,0.08645,0.08652,1668018,144284.8904,0.08658,0.08658,0.08653,0.08654,0.08664,0.08664,0.08659,0.08661,-0.00050392,-0.00040752,-0.00042022,-0.00042022,-9.000000000000674e-05,-0.0010391409767925958
1697410500000,2023-10-15T22:55:00Z,0.08652,0.08655,0.08652,0.08654,23162,2004.40149,0.08654,0.08656,0.08653,0.08655,0.08661,0.08663,0.0866,0.08663,-0.00042022,-0.00081415,-0.00086644,-0.00081415,-8.999999999999286e-05,-0.001038901073531027
1697410800000,2023-10-15T23:00:00Z,0.08654,0.08655,0.08651,0.08651,52304,4526.40611,0.08655,0.08655,0.08652,0.08653,0.08663,0.08663,0.0866,0.08661,-0.00081415,-0.00068729,-0.00089714,-0.00068729,-0.00010000000000000286,-0.0011546010853250531
1697411100000,2023-10-15T23:05:00Z,0.08651,0.08656,0.08651,0.08654,73711,6379.52437,0.08653,0.08656,0.08652,0.08654,0.08661,0.08664,0.0866,0.08662,-0.00068729,-0.00060175,-0.00073184,-0.00073184,-7.999999999999674e-05,-0.0009235742322788817
1697411400000,2023-10-15T23:10:00Z,0.08654,0.08655,0.08652,0.08653,47636,4122.41074,0.08654,0.08655,0.08652,0.08653,0.08662,0.08662,0.0866,0.0866,-0.00073184,-0.0006672,-0.00073152,-0.0006672,-7.000000000000062e-05,-0.0008083140877598224
1697411700000,2023-10-15T23:15:00Z,0.08653,0.08653,0.08652,0.08652,43378,3753.49794,0.08653,0.08654,0.08652,0.08652,0.0866,0.08661,0.08659,0.08659,-0.0006672,-0.00062806,-0.00065773,-0.00065773,-7.000000000000062e-05,-0.0008084074373484307
1697412000000,2023-10-15T23:20:00Z,0.08652,0.08653,0.08652,0.08652,32253,2790.55049,0.08652,0.08654,0.08652,0.08653,0.08659,0.08661,0.08659,0.0866,-0.00065773,-0.00053926,-0.00060789,-0.00053926,-7.999999999999674e-05,-0.0009237875288683226
1697412300000,2023-10-15T23:25:00Z,0.08652,0.08654,0.08652,0.08654,88297,7641.05688,0.08653,0.08654,0.08652,0.08654,0.0866,0.08661,0.0866,0.08661,-0.00053926,-0.00055392,-0.00064923,-0.00055392,-7.000000000000062e-05,-0.0008082207597275212
1697412600000,2023-10-15T23:30:00Z,0.08654,0.0866,0.08652,0.0866,92060,7966.32636,0.08654,0.08662,0.08653,0.08662,0.08661,0.08669,0.0866,0.08669,-0.00055392,-0.00078051,-0.00079736,-0.00079736,-9.000000000000674e-05,-0.0010381820279156389
1697412900000,2023-10-15T23:35:00Z,0.0866,0.08663,0.0866,0.0866,29157,2525.42114,0.08662,0.08663,0.08661,0.08661,0.08669,0.0867,0.08668,0.08669,-0.00079736,-0.00071219,-0.00072822,-0.00071219,-9.000000000000674e-05,-0.0010381820279156389
1697413200000,2023-10-15T23:40:00Z,0.0866,0.0866,0.0866,0.0866,262,22.6892,0.08661,0.08662,0.0866,0.0866,0.08669,0.0867,0.08669,0.08669,-0.00071219,-0.00086584,-0.00094855,-0.00094855,-9.000000000000674e-05,-0.0010381820279156389
1697413500000,2023-10-15T23:45:00Z,0.0866,0.08661,0.0866,0.0866,16804,1455.22692,0.0866,0.08661,0.0866,0.0866,0.08669,0.0867,0.08668,0.08668,-0.00094855,-0.00066062,-0.00066905,-0.00066905,-7.999999999999674e-05,-0.0009229349330871798
1697413800000,2023-10-15T23:50:00Z,0.0866,0.08661,0.0866,0.0866,8432,730.29352,0.0866,0.08661,0.0866,0.0866,0.08668,0.08669,0.08668,0.08668,-0.00066905,-0.00074134,-0.0007769,-0.00074134,-7.999999999999674e-05,-0.0009229349330871798
1697414100000,2023-10-15T23:55:00Z,0.0866,0.08661,0.0866,0.0866,4253,368.31142,0.0866,0.08662,0.0866,0.0866,0.08668,0.08669,0.08668,0.08668,-0.00074134,-0.00071215,-0.00074134,-0.00071215,-7.999999999999674e-05,-0.0009229349330871798
1697414400000,2023-10-16T00:00:00Z,0.0866,0.08668,0.08646,0.08656,2258759,195539.37118,0.0866,0.08665,0.08656,0.08658,0.08668,0.08668,0.08662,0.08663,-0.00071215,-0.0001993,-0.00053641,-0.00053641,-7.000000000000062e-05,-0.0008080341683019811
1697414700000,2023-10-16T00:05:00Z,0.08656,0.08661,0.08656,0.08659,27671,2396.26101,0.08658,0.08661,0.08657,0.08659,0.08663,0.08665,0.08662,0.08664,-0.00053641,-0.00027689,-0.00040073,-0.00040073,-4.999999999999449e-05,-0.0005771006463526604
1697415000000,2023-10-16T00:10:00Z,0.08659,0.08662,0.08659,0.08661,33410,2893.3776,0.08659,0.08662,0.08659,0.08661,0.08664,0.08667,0.08664,0.08666,-0.00040073,-0.0003496,-0.00046157,-0.00046157,-4.999999999999449e-05,-0.0005769674590352468
1697415300000,2023-10-16T00:15:00Z,0.08661,0.08661,0.08656,0.08657,25641,2220.12638,0.08661,0.08661,0.08657,0.08657,0.08666,0.08666,0.08663,0.08664,-0.00046157,-0.00050888,-0.00053901,-0.00053901,-7.000000000000062e-05,-0.0008079409048938206
1697415600000,2023-10-16T00:20:00Z,0.08657,0.08661,0.08657,0.08661,3419,295.98595,0.08657,0.08661,0.08657,0.08661,0.08664,0.08666,0.08663,0.08666,-0.00053901,-0.00040306,-0.00057236,-0.00040306,-4.999999999999449e-05,-0.0005769674590352468
1697415900000,2023-10-16T00:25:00Z,0.08661,0.08661,0.08659,0.08659,12155,1052.73953,0.08661,0.08661,0.0866,0.0866,0.08666,0.08666,0.08665,0.08666,-0.00040306,-0.00027836,-0.0002787,-0.0002787,-7.000000000000062e-05,-0.0008077544426494417
1697416200000,2023-10-16T00:30:00Z,0.08659,0.08664,0.08659,0.08663,38086,3299.58929,0.0866,0.08664,0.0866,0.08663,0.08666,0.0867,0.08666,0.08668,-0.0002787,-0.00037886,-0.00052866,-0.00052866,-4.999999999999449e-05,-0.0005768343331794474
1697416500000,2023-10-16T00:35:00Z,0.08663,0.08663,0.08643,0.08655,1349452,116735.10539,0.08663,0.08663,0.08654,0.08655,0.08668,0.08668,0.08661,0.08662,-0.00052866,-0.00048649,-0.00066451,-0.00048649,-7.000000000000062e-05,-0.0008081274532440616
1697416800000,2023-10-16T00:40:00Z,0.08655,0.08655,0.08655,0.08655,66671,5770.37505,0.08655,0.08656,0.08655,0.08655,0.08662,0.08662,0.08661,0.08661,-0.00048649,-0.00044579,-0.00056949,-0.00056949,-6.0000000000004494e-05,-0.000692760651195064
1697417100000,2023-10-16T00:45:00Z,0.08655,0.08663,0.08655,0.08663,14368,1244.12033,0.08655,0.08664,0.08655,0.08664,0.08661,0.0867,0.08661,0.0867,-0.00056949,-0.00049244,-0.00065317,-0.00065317,-7.000000000000062e-05,-0.0008073817762399148
1697417400000,2023-10-16T00:50:00Z,0.08663,0.08664,0.08663,0.08663,287,24.86287,0.08664,0.08666,0.08663,0.08664,0.0867,0.08672,0.08669,0.08671,-0.00065317,-0.00058966,-0.00070187,-0.00070187,-7.999999999999674e-05,-0.0009226156152692509
1697417700000,2023-10-16T00:55:00Z,0.08663,0.08663,0.0866,0.08663,17004,1472.78367,0.08664,0.08664,0.0866,0.08663,0.08671,0.08671,0.08668,0.08671,-0.00070187,-0.00064409,-0.00077598,-0.00064409,-7.999999999999674e-05,-0.0009226156152692509
1697418000000,2023-10-16T01:00:00Z,0.08663,0.08667,0.08662,0.08666,114586,9927.45482,0.08663,0.08667,0.08663,0.08667,0.08671,0.08674,0.0867,0.08674,-0.00064409,-0.00043334,-0.00050219,-0.00050219,-7.999999999999674e-05,-0.0009222965183306057
1697418300000,2023-10-16T01:05:00Z,0.08666,0.08667,0.08666,0.08666,3024,262.08798,0.08667,0.08667,0.08666,0.08666,0.08674,0.08674,0.08672,0.08673,-0.00050219,-0.00070382,-0.00074314,-0.00074314,-7.000000000000062e-05,-0.0008071025020177634
1697418600000,2023-10-16T01:10:00Z,0.08666,0.08666,0.08664,0.08665,9728,842.97476,0.08666,0.08666,0.08665,0.08666,0.08673,0.08673,0.08672,0.08673,-0.00074314,-0.00057903,-0.00068292,-0.00057903,-7.999999999999674e-05,-0.0009224028594488267
1697418900000,2023-10-16T01:15:00Z,0.08665,0.08667,0.08665,0.08667,456,39.51984,0.08666,0.08668,0.08665,0.08667,0.08673,0.08675,0.08672,0.08674,-0.00057903,-0.00063892,-0.00064975,-0.00064975,-7.000000000000062e-05,-0.0008070094535393201
1697419200000,2023-10-16T01:20:00Z,0.08667,0.08672,0.08667,0.08672,107484,9317.81873,0.08667,0.08672,0.08667,0.08672,0.08674,0.08677,0.08674,0.08676,-0.00064975,-0.00065099,-0.00068818,-0.00068818,-3.999999999999837e-05,-0.0004610419548178696
1697419500000,2023-10-16T01:25:00Z,0.08672,0.08681,0.08669,0.0868,186108,16149.68933,0.08672,0.08681,0.08669,0.0868,0.08676,0.08686,0.08676,0.08685,-0.00068818,-0.00040004,-0.00057022,-0.00040004,-4.999999999999449e-05,-0.0005757052389176108
1697419800000,2023-10-16T01:30:00Z,0.0868,0.08685,0.08669,0.08682,790700,68593.6423,0.0868,0.08685,0.0868,0.08683,0.08685,0.08689,0.08685,0.08688,-0.00040004,-0.0002866,-0.00063789,-0.00063789,-6.0000000000004494e-05,-0.0006906077348066815
1697420100000,2023-10-16T01:35:00Z,0.08682,0.08682,0.0868,0.08681,35232,3058.59407,0.08683,0.08684,0.0868,0.08681,0.08688,0.08689,0.08686,0.08686,-0.00063789,-0.00038821,-0.0004749,-0.00038821,-5.000000000000837e-05,-0.000575638959244858
1697420400000,2023-10-16T01:40:00Z,0.08681,0.08683,0.08681,0.08682,6310,547.85123,0.08681,0.08683,0.08681,0.08682,0.08686,0.08688,0.08686,0.08687,-0.00038821,-0.00056526,-0.00056537,-0.00056526,-5.000000000000837e-05,-0.0005755726948314535
1697420700000,2023-10-16T01:45:00Z,0.08682,0.08682,0.0868,0.08682,73720,6399.74782,0.08682,0.08683,0.08681,0.08682,0.08687,0.08688,0.08687,0.08688,-0.00056526,-0.00049073,-0.00058413,-0.00049073,-6.0000000000004494e-05,-0.0006906077348066815
1697421000000,2023-10-16T01:50:00Z,0.08682,0.08685,0.08682,0.08685,16235,1409.83009,0.08682,0.08685,0.08682,0.08685,0.08688,0.08691,0.08688,0.0869,-0.00049073,-0.00046029,-0.00059716,-0.00046029,-5.000000000000837e-05,-0.0005753739930956084
1697421300000,2023-10-16T01:55:00Z,0.08685,0.08686,0.08682,0.08682,22820,1981.69896,0.08685,0.08686,0.08682,0.08682,0.0869,0.08692,0.08688,0.08688,-0.00046029,-0.00057083,-0.00059017,-0.00057083,-6.0000000000004494e-05,-0.0006906077348066815
1697421600000,2023-10-16T02:00:00Z,0.08682,0.08682,0.08678,0.08679,64948,5637.04972,0.08682,0.08684,0.08679,0.08679,0.08688,0.0869,0.08684,0.08684,-0.00057083,-0.00055508,-0.00061558,-0.00061558,-4.999999999999449e-05,-0.0005757715338553027
1697421900000,2023-10-16T02:05:00Z,0.08679,0.08679,0.08677,0.08678,4657,404.1079,0.08679,0.08682,0.08677,0.08682,0.08684,0.08688,0.08683,0.08688,-0.00061558,-0.00049671,-0.00053671,-0.00053671,-0.00010000000000000286,-0.0011510128913444161
1697422200000,2023-10-16T02:10:00Z,0.08678,0.08684,0.08678,0.08683,4423,384.04783,0.08682,0.08685,0.08682,0.08685,0.08688,0.08691,0.08688,0.08691,-0.00053671,-0.0005027,-0.00060494,-0.00060494,-7.999999999999674e-05,-0.0009204924634679179
1697422500000,2023-10-16T02:15:00Z,0.08683,0.08686,0.08681,0.08686,197292,17130.14442,0.08685,0.08687,0.08684,0.08686,0.08691,0.08693,0.08691,0.08691,-0.00060494,-0.0005386,-0.00090898,-0.0005386,-4.999999999999449e-05,-0.0005753077896674088
1697422800000,2023-10-16T02:20:00Z,0.08686,0.08686,0.08685,0.08685,1045,90.7587,0.08686,0.08687,0.08686,0.08686,0.08691,0.08693,0.08691,0.08693,-0.0005386,-0.00060381,-0.00066639,-0.00060381,-7.999999999999674e-05,-0.0009202806856090733
1697423100000,2023-10-16T02:25:00Z,0.08685,0.08687,0.08685,0.08687,46239,4016.77028,0.08686,0.08687,0.08686,0.08687,0.08693,0.08694,0.08693,0.08693,-0.00060381,-0.00048142,-0.00060565,-0.00060565,-5.9999999999990616e-05,-0.0006902105142067252
1697423400000,2023-10-16T02:30:00Z,0.08687,0.08687,0.08686,0.08687,11927,1036.0975,0.08687,0.08687,0.08686,0.08687,0.08693,0.08694,0.08692,0.08692,-0.00060565,-0.00045013,-0.00051138,-0.00051138,-4.999999999999449e-05,-0.0005752416014725551
1697423700000,2023-10-16T02:35:00Z,0.08687,0.08687,0.08684,0.08684,19859,1724.95094,0.08687,0.08687,0.08686,0.08687,0.08692,0.08693,0.08691,0.08693,-0.00051138,-0.00080524,-0.00080524,-0.00080524,-8.999999999999286e-05,-0.0010353157713101676
1697424000000,2023-10-16T02:40:00Z,0.08684,0.08686,0.0868,0.08681,80447,6983.80078,0.08687,0.08687,0.08681,0.08681,0.08693,0.08693,0.08688,0.08688,-0.00080524,-0.00068308,-0.00068342,-0.00068342,-7.000000000000062e-05,-0.0008057090239410753
1697424300000,2023-10-16T02:45:00Z,0.08681,0.08684,0.08681,0.08683,30187,2621.28618,0.08681,0.08684,0.08681,0.08683,0.08688,0.08691,0.08687,0.0869,-0.00068342,-0.00060552,-0.00065078,-0.00060552,-7.000000000000062e-05,-0.000805523590333724
1697424600000,2023-10-16T02:50:00Z,0.08683,0.08686,0.08683,0.08685,7584,658.64347,0.08683,0.08687,0.08683,0.08687,0.0869,0.08693,0.08689,0.08693,-0.00060552,-0.00043319,-0.00069028,-0.00069028,-7.999999999999674e-05,-0.0009202806856090733
1697424900000,2023-10-16T02:55:00Z,0.08685,0.08686,0.08685,0.08685,1933,167.892,0.08687,0.08687,0.08685,0.08686,0.08693,0.08693,0.08692,0.08693,-0.00069028,-0.00069028,-0.00069028,-0.00069028,-7.999999999999674e-05,-0.0009202806856090733
1697425200000,2023-10-16T03:00:00Z,0.08685,0.08712,0.08685,0.08694,2101364,182836.56159,0.08686,0.08699,0.08685,0.08696,0.08693,0.08703,0.08692,0.08702,-0.00069028,-0.00044747,-0.00046034,-0.00046034,-7.999999999999674e-05,-0.000919328889910328
1697425500000,2023-10-16T03:05:00Z,0.08694,0.08695,0.08685,0.08694,1313958,114190.93325,0.08696,0.08698,0.08692,0.08694,0.08702,0.08704,0.08699,0.087,-0.00046034,-0.00043395,-0.00062604,-0.00043395,-5.9999999999990616e-05,-0.0006896551724136853
1697425800000,2023-10-16T03:10:00Z,0.08694,0.08694,0.08691,0.08691,45068,3918.12704,0.08694,0.08694,0.08691,0.08691,0.087,0.087,0.08696,0.08696,-0.00043395,-0.00038753,-0.00039086,-0.00039086,-4.999999999999449e-05,-0.0005749770009198999
1697426100000,2023-10-16T03:15:00Z,0.08691,0.08696,0.08688,0.08688,240552,20913.0022,0.08691,0.08696,0.08688,0.08689,0.08696,0.08697,0.08694,0.08695,-0.00039086,-0.00066141,-0.00066141,-0.00066141,-7.000000000000062e-05,-0.0008050603795284717
1697426400000,2023-10-16T03:20:00Z,0.08688,0.08689,0.08688,0.08689,1938,168.37349,0.08689,0.08689,0.08688,0.08689,0.08695,0.08695,0.08694,0.08695,-0.00066141,-0.00069005,-0.00069005,-0.00069005,-6.0000000000004494e-05,-0.0006900517538815928
1697426700000,2023-10-16T03:25:00Z,0.08689,0.08689,0.08685,0.08688,16557,1438.21346,0.08689,0.08689,0.08686,0.08689,0.08695,0.08695,0.08692,0.08695,-0.00069005,-0.00036128,-0.00053151,-0.00036128,-7.000000000000062e-05,-0.0008050603795284717
1697427000000,2023-10-16T03:30:00Z,0.08688,0.08688,0.08688,0.08688,6330,549.9504,0.08689,0.0869,0.08688,0.08689,0.08695,0.08695,0.08694,0.08695,-0.00036128,-0.00046877,-0.0006146,-0.00046877,-7.000000000000062e-05,-0.0008050603795284717
1697427300000,2023-10-16T03:35:00Z,0.08688,0.08692,0.08688,0.08691,9860,856.91891,0.08689,0.08693,0.08689,0.08692,0.08695,0.08699,0.08695,0.08699,-0.00046877,-0.00054638,-0.00054983,-0.00054983,-7.999999999999674e-05,-0.0009196459363144814
1697427600000,2023-10-16T03:40:00Z,0.08691,0.08693,0.08691,0.08692,19951,1734.27901,0.08692,0.08693,0.08692,0.08693,0.08699,0.087,0.08698,0.087,-0.00054983,-0.00055512,-0.00067149,-0.00067149,-7.999999999999674e-05,-0.00091954022988502
1697427900000,2023-10-16T03:45:00Z,0.08692,0.08694,0.0869,0.0869,148276,12890.21376,0.08693,0.08694,0.0869,0.0869,0.087,0.08701,0.08695,0.08696,-0.00067149,-0.00061457,-0.00068298,-0.00061457,-5.9999999999990616e-05,-0.000689972401103848
1697428200000,2023-10-16T03:50:00Z,0.0869,0.08691,0.08687,0.08689,14803,1286.28181,0.0869,0.08691,0.08688,0.08689,0.08696,0.08697,0.08695,0.08696,-0.00061457,-0.00050822,-0.0006289,-0.0006289,-7.000000000000062e-05,-0.0008049678012879557
1697428500000,2023-10-16T03:55:00Z,0.08689,0.08691,0.08689,0.0869,6119,531.78806,0.08689,0.08693,0.08689,0.08691,0.08696,0.087,0.08696,0.08699,-0.0006289,-0.00056748,-0.00066176,-0.00056748,-8.999999999999286e-05,-0.0010346016783537517
1697428800000,2023-10-16T04:00:00Z,0.0869,0.08691,0.0869,0.0869,41404,3598.06763,0.08691,0.08692,0.0869,0.08692,0.08699,0.087,0.08697,0.087,-0.00056748,-0.00073617,-0.00079586,-0.00073617,-9.999999999998899e-05,-0.0011494252873561954
1697429100000,2023-10-16T04:05:00Z,0.0869,0.08691,0.0869,0.0869,1246,108.27916,0.08692,0.08692,0.0869,0.08692,0.087,0.087,0.08697,0.08699,-0.00073617,-0.0005058,-0.0006214,-0.0005058,-8.999999999999286e-05,-0.0010346016783537517
1697429400000,2023-10-16T04:10:00Z,0.0869,0.08693,0.0869,0.08692,91506,7952.13127,0.08692,0.08693,0.0869,0.08693,0.08699,0.087,0.08697,0.087,-0.0005058,-0.00058891,-0.0007739,-0.0007739,-7.999999999999674e-05,-0.00091954022988502
1697429700000,2023-10-16T04:15:00Z,0.08692,0.08692,0.08691,0.08691,3808,330.98721,0.08693,0.08693,0.08691,0.08692,0.087,0.087,0.08698,0.08699,-0.0007739,-0.00065451,-0.00074537,-0.00074537,-7.999999999999674e-05,-0.0009196459363144814
1697430000000,2023-10-16T04:20:00Z,0.08691,0.08691,0.08691,0.08691,830,72.1353,0.08692,0.08693,0.08691,0.08691,0.08699,0.087,0.08697,0.08697,-0.00074537,-0.00052759,-0.00078528,-0.00052759,-6.0000000000004494e-05,-0.0006898930665747325
1697430300000,2023-10-16T04:25:00Z,0.08691,0.08692,0.08691,0.08691,7183,624.29278,0.08691,0.08694,0.08691,0.08692,0.08697,0.087,0.08697,0.08699,-0.00052759,-0.00036866,-0.000424,-0.000424,-7.999999999999674e-05,-0.0009196459363144814
1697430600000,2023-10-16T04:30:00Z,0.08691,0.08697,0.08691,0.08697,13918,1210.1794,0.08692,0.08697,0.08692,0.08697,0.08699,0.08703,0.08698,0.08703,-0.000424,-0.00061873,-0.00064678,-0.00061873,-5.9999999999990616e-05,-0.0006894174422611815
1697430900000,2023-10-16T04:35:00Z,0.08697,0.08698,0.08694,0.08695,23141,2012.5187,0.08697,0.08699,0.08695,0.08696,0.08703,0.08705,0.08702,0.08704,-0.00061873,-0.00075709,-0.00075721,-0.00075721,-9.000000000000674e-05,-0.001034007352941254
1697431200000,2023-10-16T04:40:00Z,0.08695,0.0871,0.08691,0.08694,2394812,208380.43491,0.08696,0.08703,0.08695,0.08696,0.08704,0.08705,0.08701,0.08704,-0.00075721,-0.00072561,-0.00084983,-0.00072561,-0.00010000000000000286,-0.0011488970588235622
1697431500000,2023-10-16T04:45:00Z,0.08694,0.08717,0.08694,0.08709,2524451,219851.94274,0.08696,0.08712,0.08696,0.08709,0.08704,0.08716,0.08704,0.08714,-0.00072561,-0.00020667,-0.00029305,-0.00020667,-4.999999999999449e-05,-0.0005737893045672997
1697431800000,2023-10-16T04:50:00Z,0.08709,0.08715,0.08709,0.08714,13029,1135.16664,0.08709,0.08714,0.08709,0.08714,0.08714,0.08717,0.08714,0.08717,-0.00020667,-0.00012263,-0.00027647,-0.00027647,-3.0000000000002247e-05,-0.0003441550992314127
1697432100000,2023-10-16T04:55:00Z,0.08714,0.08714,0.08713,0.08713,10238,892.05386,0.08714,0.08714,0.08713,0.08713,0.08717,0.08718,0.08716,0.08717,-0.00027647,-0.00026098,-0.00026649,-0.00026098,-3.999999999999837e-05,-0.0004588734656418306
1697432400000,2023-10-16T05:00:00Z,0.08713,0.08713,0.0871,0.0871,19953,1738.28928,0.08713,0.08713,0.08711,0.08711,0.08717,0.08717,0.08715,0.08715,-0.00026098,-0.00007435,-0.00007802,-0.00007802,-5.000000000000837e-05,-0.0005737234652898264
1697432700000,2023-10-16T05:05:00Z,0.0871,0.08711,0.08707,0.08708,88142,7675.34357,0.08711,0.08713,0.08708,0.08708,0.08715,0.08717,0.0871,0.0871,-0.00007802,-0.00012283,-0.00038746,-0.00012283,-1.9999999999992246e-05,-0.0002296211251434242
1697433000000,2023-10-16T05:10:00Z,0.08708,0.08708,0.08702,0.08702,20660,1798.1754,0.08708,0.08708,0.08702,0.08702,0.0871,0.08712,0.08702,0.08703,-0.00012283,-0.00026958,-0.00035668,-0.00026958,-9.999999999996123e-06,-0.00011490290704350367
1697433300000,2023-10-16T05:15:00Z,0.08702,0.08777,0.087,0.0875,6925794,605282.77681,0.08702,0.08758,0.087,0.0875,0.08703,0.08759,0.08702,0.08752,-0.00026958,-0.00026301,-0.00042814,-0.00026301,-2.0000000000006124e-05,-0.00022851919561250143
1697433600000,2023-10-16T05:20:00Z,0.0875,0.08751,0.08735,0.08736,252840,22099.98125,0.0875,0.08752,0.08735,0.08736,0.08752,0.08755,0.08737,0.08737,-0.00026301,-0.00053455,-0.00057195,-0.00053455,-1.0000000000010001e-05,-0.00011445576284777384
1697433900000,2023-10-16T05:25:00Z,0.08736,0.08738,0.08717,0.08717,149817,13072.02413,0.08736,0.08738,0.08719,0.08719,0.08737,0.08743,0.08724,0.08724,-0.00053455,-0.0005728,-0.00065008,-0.00065008,-7.000000000000062e-05,-0.0008023842274186224
1697434200000,2023-10-16T05:30:00Z,0.08717,0.0873,0.08713,0.08713,466967,40712.43767,0.08719,0.08731,0.08713,0.08713,0.08724,0.08736,0.08716,0.08717,-0.00065008,-0.00022122,-0.00031903,-0.00022122,-3.999999999999837e-05,-0.0004588734656418306
1697434500000,2023-10-16T05:35:00Z,0.08713,0.08739,0.08711,0.08739,197241,17208.36728,0.08713,0.0874,0.08712,0.0874,0.08717,0.08745,0.08716,0.08745,-0.00022122,-0.00041457,-0.00061694,-0.00061694,-6.0000000000004494e-05,-0.0006861063464837564
1697434800000,2023-10-16T05:40:00Z,0.08739,0.0874,0.08727,0.08736,168275,14699.05569,0.0874,0.0874,0.08728,0.08738,0.08745,0.08745,0.08732,0.08742,-0.00061694,-0.00025849,-0.00041439,-0.00041439,-6.0000000000004494e-05,-0.0006863417982155628
1697435100000,2023-10-16T05:45:00Z,0.08736,0.08746,0.08727,0.08735,293203,25616.0138,0.08738,0.08746,0.08728,0.08736,0.08742,0.08748,0.08731,0.0874,-0.00041439,-0.000388,-0.00051641,-0.000388,-5.000000000000837e-05,-0.000572082379862796
1697435400000,2023-10-16T05:50:00Z,0.08735,0.08748,0.08735,0.0874,183791,16068.90492,0.08736,0.08748,0.08736,0.08741,0.0874,0.08752,0.0874,0.08745,-0.000388,-0.00018206,-0.00021497,-0.00018206,-4.999999999999449e-05,-0.0005717552887363578
1697435700000,2023-10-16T05:55:00Z,0.0874,0.08747,0.0874,0.08745,201540,17620.97306,0.08741,0.08747,0.08741,0.08745,0.08745,0.08751,0.08745,0.0875,-0.00018206,-0.00020315,-0.00034613,-0.00034613,-4.999999999999449e-05,-0.0005714285714285085
1697436000000,2023-10-16T06:00:00Z,0.08745,0.08749,0.08734,0.08735,156180,13646.99183,0.08745,0.08749,0.08735,0.08735,0.0875,0.08754,0.08737,0.08737,-0.00034613,-0.00009561,-0.00040548,-0.00009561,-2.0000000000006124e-05,-0.00022891152569538885
1697436300000,2023-10-16T06:05:00Z,0.08735,0.08741,0.08729,0.08731,109691,9580.74801,0.08735,0.08742,0.0873,0.08732,0.08737,0.08746,0.08734,0.08736,-0.00009561,-0.00040998,-0.0004949,-0.0004949,-4.999999999999449e-05,-0.0005723443223442594
1697436600000,2023-10-16T06:10:00Z,0.08731,0.08745,0.08731,0.08741,75194,6573.45524,0.08732,0.08746,0.08732,0.08742,0.08736,0.08751,0.08736,0.08747,-0.0004949,-0.0002738,-0.00032792,-0.0002738,-6.0000000000004494e-05,-0.0006859494683892133
1697436900000,2023-10-16T06:15:00Z,0.08741,0.08744,0.08739,0.08744,104668,9148.6474,0.08742,0.08745,0.08741,0.08745,0.08747,0.08751,0.08745,0.0875,-0.0002738,-0.00022867,-0.00056133,-0.00056133,-5.9999999999990616e-05,-0.0006857142857141785
1697437200000,2023-10-16T06:20:00Z,0.08744,0.08748,0.08741,0.08747,46873,4098.87341,0.08745,0.0875,0.08742,0.08748,0.0875,0.08755,0.08747,0.08753,-0.00056133,-0.0003283,-0.00033291,-0.0003283,-5.9999999999990616e-05,-0.0006854792642521491
1697437500000,2023-10-16T06:25:00Z,0.08747,0.08752,0.08738,0.0874,140039,12245.5496,0.08748,0.08752,0.08741,0.08743,0.08753,0.08757,0.08745,0.08748,-0.0003283,-0.00011657,-0.00071844,-0.00071844,-7.999999999999674e-05,-0.0009144947416551982
1697437800000,2023-10-16T06:30:00Z,0.0874,0.08749,0.0874,0.08744,116050,10148.12681,0.08743,0.08749,0.0874,0.08746,0.08748,0.08755,0.08746,0.08752,-0.00071844,-0.0003488,-0.00047959,-0.0003488,-7.999999999999674e-05,-0.0009140767824496885
1697438100000,2023-10-16T06:35:00Z,0.08744,0.08749,0.08743,0.08749,52305,4574.36544,0.08746,0.08751,0.08743,0.08751,0.08752,0.08756,0.08748,0.08756,-0.0003488,-0.00020002,-0.00053296,-0.00053296,-7.000000000000062e-05,-0.0007994518044769372
1697438400000,2023-10-16T06:40:00Z,0.08749,0.08753,0.08745,0.08745,28866,2526.42228,0.08751,0.08753,0.08745,0.08747,0.08756,0.08758,0.08751,0.08753,-0.00053296,-0.00045509,-0.00060786,-0.00045509,-7.999999999999674e-05,-0.0009139723523363046
1697438700000,2023-10-16T06:45:00Z,0.08745,0.08745,0.08738,0.08738,8613,752.73297,0.08747,0.08747,0.08738,0.08738,0.08753,0.08753,0.08742,0.08743,-0.00045509,-0.00029211,-0.00051377,-0.00029211,-4.999999999999449e-05,-0.0005718860802927427
1697439000000,2023-10-16T06:50:00Z,0.08738,0.08738,0.08733,0.08735,67320,5880.38881,0.08738,0.08739,0.08734,0.08736,0.08743,0.08745,0.0874,0.08743,-0.00029211,-0.00050183,-0.00065133,-0.00065133,-7.999999999999674e-05,-0.0009150177284684519
1697439300000,2023-10-16T06:55:00Z,0.08735,0.08744,0.08735,0.08744,752,65.70193,0.08736,0.08745,0.08735,0.08745,0.08743,0.08751,0.0874,0.08751,-0.00065133,-0.00051675,-0.00061067,-0.00061067,-7.000000000000062e-05,-0.000799908581876364
1697439600000,2023-10-16T07:00:00Z,0.08744,0.08748,0.0874,0.08748,23050,2015.96273,0.08745,0.0875,0.0874,0.08749,0.08751,0.08756,0.08746,0.08756,-0.00061067,-0.00051553,-0.00060141,-0.00051553,-7.999999999999674e-05,-0.0009136592051164544
1697439900000,2023-10-16T07:05:00Z,0.08748,0.08748,0.08731,0.08731,716595,62645.44767,0.08749,0.0875,0.08731,0.08731,0.08756,0.08757,0.08737,0.08738,-0.00051553,-0.00057227,-0.00066815,-0.00066815,-7.000000000000062e-05,-0.0008010986495765692
1697440200000,2023-10-16T07:10:00Z,0.08731,0.08737,0.08731,0.08732,102447,8949.25434,0.08731,0.08737,0.08731,0.08733,0.08738,0.08744,0.08738,0.08739,-0.00066815,-0.00051264,-0.00065171,-0.00051264,-7.000000000000062e-05,-0.0008010069802036917
1697440500000,2023-10-16T07:15:00Z,0.08732,0.08735,0.08731,0.08735,86903,7589.09732,0.08733,0.08737,0.08732,0.08735,0.08739,0.08743,0.08738,0.08741,-0.00051264,-0.0004393,-0.00075397,-0.0004393,-6.0000000000004494e-05,-0.0006864203180414654
1697440800000,2023-10-16T07:20:00Z,0.08735,0.08746,0.08735,0.08738,491902,42998.89947,0.08735,0.08746,0.08735,0.0874,0.08741,0.08749,0.08741,0.08746,-0.0004393,-0.00041575,-0.00049176,-0.00049176,-7.999999999999674e-05,-0.0009147038646237909
1697441100000,2023-10-16T07:25:00Z,0.08738,0.0874,0.08737,0.08738,78632,6871.58457,0.0874,0.08741,0.08738,0.0874,0.08746,0.08748,0.08744,0.08747,-0.00049176,-0.00058843,-0.00061518,-0.00061518,-9.000000000000674e-05,-0.00102892420258382
1697441400000,2023-10-16T07:30:00Z,0.08738,0.08746,0.08738,0.08745,107438,9391.45171,0.0874,0.08747,0.08738,0.08745,0.08747,0.08754,0.08745,0.08752,-0.00061518,-0.00061064,-0.00071735,-0.00071735,-7.000000000000062e-05,-0.0007998171846435171
1697441700000,2023-10-16T07:35:00Z,0.08745,0.08746,0.08741,0.08745,45163,3949.18021,0.08745,0.08748,0.08743,0.08746,0.08752,0.08755,0.0875,0.08754,-0.00071735,-0.00051239,-0.00071831,-0.00051239,-9.000000000000674e-05,-0.001028101439342092
1697442000000,2023-10-16T07:40:00Z,0.08745,0.08748,0.08745,0.08745,17235,1507.33523,0.08746,0.08748,0.08745,0.08747,0.08754,0.08755,0.08752,0.08754,-0.00051239,-0.00070547,-0.00079666,-0.00079666,-9.000000000000674e-05,-0.001028101439342092
1697442300000,2023-10-16T07:45:00Z,0.08745,0.08746,0.08745,0.08745,36685,3208.33299,0.08747,0.08747,0.08745,0.08745,0.08754,0.08754,0.08751,0.08752,-0.00079666,-0.00071746,-0.00075162,-0.00075162,-7.000000000000062e-05,-0.0007998171846435171
1697442600000,2023-10-16T07:50:00Z,0.08745,0.08747,0.08743,0.08747,7346,642.50374,0.08745,0.08748,0.08744,0.08747,0.08752,0.08756,0.08752,0.08753,-0.00075162,-0.00051742,-0.00058841,-0.00051742,-5.9999999999990616e-05,-0.0006854792642521491
1697442900000,2023-10-16T07:55:00Z,0.08747,0.08747,0.08743,0.08743,51171,4474.38053,0.08747,0.08747,0.08743,0.08743,0.08753,0.08753,0.08748,0.08749,-0.00051742,-0.00041609,-0.00047765,-0.00047765,-6.0000000000004494e-05,-0.0006857926620185677
1697443200000,2023-10-16T08:00:00Z,0.08743,0.08746,0.08743,0.08745,11941,1044.23139,0.08743,0.08748,0.08743,0.08745,0.08749,0.08753,0.08748,0.08751,-0.00047765,-0.0004532,-0.00057136,-0.0004532,-6.0000000000004494e-05,-0.000685635927322643
1697443500000,2023-10-16T08:05:00Z,0.08745,0.08747,0.08745,0.08747,4124,360.65285,0.08745,0.08747,0.08745,0.08747,0.08751,0.08752,0.08749,0.0875,-0.0004532,-0.00037744,-0.00042635,-0.00037744,-2.999999999998837e-05,-0.00034285714285701
1697443800000,2023-10-16T08:10:00Z,0.08747,0.08747,0.08746,0.08746,7727,675.82799,0.08747,0.08749,0.08746,0.08747,0.0875,0.08753,0.0875,0.08752,-0.00037744,-0.00050205,-0.00052616,-0.00052616,-6.0000000000004494e-05,-0.0006855575868373457
1697444100000,2023-10-16T08:15:00Z,0.08746,0.08751,0.08743,0.0875,120858,10570.86073,0.08747,0.08752,0.08745,0.08751,0.08752,0.08758,0.0875,0.08757,-0.00052616,-0.00052519,-0.00065616,-0.00065616,-7.000000000000062e-05,-0.0007993605115907346
1697444400000,2023-10-16T08:20:00Z,0.0875,0.08751,0.08744,0.08744,28798,2519.03922,0.08751,0.08751,0.08745,0.08747,0.08757,0.08757,0.08751,0.08753,-0.00065616,-0.00049828,-0.0005241,-0.00049828,-8.999999999999286e-05,-0.001028218896378303
1697444700000,2023-10-16T08:25:00Z,0.08744,0.08749,0.08744,0.08746,7645,668.66096,0.08747,0.08749,0.08747,0.08747,0.08753,0.08755,0.08753,0.08753,-0.00049828,-0.00039666,-0.00053552,-0.00039666,-7.000000000000062e-05,-0.0007997258082943062
1697445000000,2023-10-16T08:30:00Z,0.08746,0.08749,0.08746,0.08746,6373,557.51245,0.08747,0.08749,0.08747,0.08747,0.08753,0.08755,0.08753,0.08754,-0.00039666,-0.00045636,-0.00062604,-0.00062604,-8.000000000001062e-05,-0.0009138679460819124
1697445300000,2023-10-16T08:35:00Z,0.08746,0.08748,0.08744,0.08746,117955,10316.322,0.08747,0.08748,0.08745,0.08747,0.08754,0.08754,0.08752,0.08753,-0.00062604,-0.00028953,-0.00054975,-0.00054975,-7.000000000000062e-05,-0.0007997258082943062
1697445600000,2023-10-16T08:40:00Z,0.08746,0.08747,0.08746,0.08746,4620,404.06849,0.08747,0.08748,0.08746,0.08746,0.08753,0.08755,0.0875,0.08751,-0.00054975,-0.0004252,-0.00054707,-0.0004252,-5.000000000000837e-05,-0.000571363272768922
1697445900000,2023-10-16T08:45:00Z,0.08746,0.08746,0.08744,0.08745,42121,3683.53971,0.08746,0.08747,0.08744,0.08745,0.08751,0.08752,0.0875,0.08751,-0.0004252,-0.00047222,-0.00051479,-0.00051479,-6.0000000000004494e-05,-0.000685635927322643
1697446200000,2023-10-16T08:50:00Z,0.08745,0.08751,0.08745,0.08751,43150,3774.64857,0.08745,0.08752,0.08745,0.08752,0.08751,0.08758,0.0875,0.08758,-0.00051479,-0.00048863,-0.00049885,-0.00048863,-7.000000000000062e-05,-0.0007992692395524162
1697446500000,2023-10-16T08:55:00Z,0.08751,0.08752,0.08749,0.08749,43478,3804.71084,0.08752,0.08753,0.0875,0.0875,0.08758,0.08759,0.08757,0.08757,-0.00048863,-0.00052243,-0.00066419,-0.00052243,-7.999999999999674e-05,-0.0009135548703893656
1697446800000,2023-10-16T09:00:00Z,0.08749,0.08751,0.08746,0.08746,110132,9634.20135,0.0875,0.08752,0.08746,0.08747,0.08757,0.08759,0.08754,0.08755,-0.00052243,-0.00057767,-0.0008137,-0.00057767,-9.000000000000674e-05,-0.0010279840091377125
1697447100000,2023-10-16T09:05:00Z,0.08746,0.08747,0.08738,0.08738,80280,7016.47559,0.08747,0.08747,0.0874,0.0874,0.08755,0.08755,0.08748,0.08748,-0.00057767,-0.00061611,-0.00070666,-0.00061611,-0.00010000000000000286,-0.001143118427069077
1697447400000,2023-10-16T09:10:00Z,0.08738,0.08741,0.08737,0.08737,112894,9866.43023,0.0874,0.08741,0.08739,0.0874,0.08748,0.08749,0.08746,0.08748,-0.00061611,-0.00062467,-0.00068972,-0.00062467,-0.00010999999999999899,-0.0012574302697759372
1697447700000,2023-10-16T09:15:00Z,0.08737,0.08738,0.08729,0.08733,183268,16005.76522,0.0874,0.0874,0.0873,0.08734,0.08748,0.08748,0.08739,0.08743,-0.00062467,-0.00082052,-0.00095666,-0.00082052,-9.999999999998899e-05,-0.0011437721605854854
1697448000000,2023-10-16T09:20:00Z,0.08733,0.08742,0.08733,0.08741,33991,2969.90332,0.08734,0.08742,0.08734,0.08741,0.08743,0.08751,0.08743,0.0875,-0.00082052,-0.00078797,-0.00087578,-0.00078797,-8.999999999999286e-05,-0.001028571428571347
1697448300000,2023-10-16T09:25:00Z,0.08741,0.08745,0.08741,0.08743,20933,1829.99189,0.08741,0.08745,0.08741,0.08743,0.0875,0.08753,0.08749,0.08751,-0.00078797,-0.00082255,-0.00090471,-0.00082255,-8.000000000001062e-05,-0.0009141812364302436
1697448600000,2023-10-16T09:30:00Z,0.08743,0.08746,0.08743,0.08746,26920,2354.41802,0.08743,0.08747,0.08743,0.08747,0.08751,0.08755,0.08751,0.08755,-0.00082255,-0.00071297,-0.00084957,-0.00084957,-9.000000000000674e-05,-0.0010279840091377125
1697448900000,2023-10-16T09:35:00Z,0.08746,0.08752,0.08746,0.08751,104059,9105.47553,0.08747,0.08752,0.08747,0.08752,0.08755,0.0876,0.08754,0.0876,-0.00084957,-0.00075727,-0.00076629,-0.00075727,-8.999999999999286e-05,-0.0010273972602738912
1697449200000,2023-10-16T09:40:00Z,0.08751,0.08751,0.0875,0.0875,24901,2178.83803,0.08752,0.08752,0.0875,0.08751,0.0876,0.0876,0.08758,0.08759,-0.00075727,-0.00053368,-0.00068565,-0.00053368,-9.000000000000674e-05,-0.0010275145564562934
1697449500000,2023-10-16T09:45:00Z,0.0875,0.0876,0.0875,0.0876,52187,4569.44532,0.08751,0.0876,0.08751,0.0876,0.08759,0.08768,0.08759,0.08767,-0.00053368,-0.00058298,-0.00070572,-0.00058298,-7.000000000000062e-05,-0.0007984487281852471
1697449800000,2023-10-16T09:50:00Z,0.0876,0.0876,0.08759,0.08759,5932,519.58388,0.0876,0.0876,0.08759,0.08759,0.08767,0.08768,0.08765,0.08766,-0.00058298,-0.00075099,-0.00089313,-0.00089313,-7.000000000000062e-05,-0.0007985398129135365
1697450100000,2023-10-16T09:55:00Z,0.08759,0.08764,0.08759,0.08764,132826,11638.59652,0.08759,0.08764,0.08759,0.08764,0.08766,0.08771,0.08765,0.08771,-0.00089313,-0.00078643,-0.00079477,-0.00078643,-7.000000000000062e-05,-0.0007980845969672856
1697450400000,2023-10-16T10:00:00Z,0.08764,0.08764,0.08763,0.08763,182,15.94934,0.08764,0.08765,0.08763,0.08763,0.08771,0.08772,0.08769,0.0877,-0.00078643,-0.0005748,-0.00066522,-0.0005748,-7.000000000000062e-05,-0.000798175598631706
1697450700000,2023-10-16T10:05:00Z,0.08763,0.08766,0.08763,0.08765,66058,5789.38914,0.08763,0.08766,0.08763,0.08766,0.0877,0.08773,0.0877,0.08772,-0.0005748,-0.00049173,-0.00057159,-0.00057159,-7.000000000000062e-05,-0.0007979936160510785
1697451000000,2023-10-16T10:10:00Z,0.08765,0.08766,0.08765,0.08766,14484,1269.66744,0.08766,0.08768,0.08765,0.08766,0.08772,0.08774,0.08771,0.08772,-0.00057159,-0.00060708,-0.00070865,-0.00070865,-6.0000000000004494e-05,-0.0006839945280438268
1697451300000,2023-10-16T10:15:00Z,0.08766,0.08768,0.08765,0.08765,42734,3746.67046,0.08766,0.08769,0.08766,0.08767,0.08772,0.08776,0.08771,0.08774,-0.00070865,-0.00066518,-0.00067589,-0.00067589,-8.999999999999286e-05,-0.0010257579211305318
1697451600000,2023-10-16T10:20:00Z,0.08765,0.08766,0.08763,0.08763,92976,8147.98699,0.08767,0.08767,0.08763,0.08763,0.08774,0.08774,0.08771,0.08771,-0.00067589,-0.00078246,-0.00086491,-0.00086491,-7.999999999999674e-05,-0.0009120966822482812
1697451900000,2023-10-16T10:25:00Z,0.08763,0.08764,0.08759,0.0876,171312,15007.96786,0.08763,0.08764,0.0876,0.08761,0.08771,0.08771,0.08768,0.08769,-0.00086491,-0.00073699,-0.00086452,-0.00086452,-9.000000000000674e-05,-0.001026342798494774
1697452200000,2023-10-16T10:30:00Z,0.0876,0.08763,0.08759,0.08762,69895,6123.93032,0.08761,0.08763,0.0876,0.08762,0.08769,0.0877,0.08768,0.08769,-0.00086452,-0.00068422,-0.00068422,-0.00068422,-7.000000000000062e-05,-0.0007982666210514382
1697452500000,2023-10-16T10:35:00Z,0.08762,0.08763,0.08759,0.0876,17108,1499.03035,0.08762,0.08765,0.0876,0.0876,0.08769,0.08772,0.08767,0.08767,-0.00068422,-0.00075769,-0.00083485,-0.00083485,-7.000000000000062e-05,-0.0007984487281852471
1697452800000,2023-10-16T10:40:00Z,0.0876,0.08761,0.08751,0.08758,276523,24213.06747,0.0876,0.08761,0.08752,0.08758,0.08767,0.08768,0.08759,0.08764,-0.00083485,-0.00039116,-0.00062711,-0.00062711,-5.9999999999990616e-05,-0.0006846188954814082
1697453100000,2023-10-16T10:45:00Z,0.08758,0.08761,0.08758,0.08758,67731,5933.09097,0.08758,0.08761,0.08758,0.08759,0.08764,0.08765,0.08763,0.08765,-0.00062711,-0.00048356,-0.00055431,-0.00048356,-7.000000000000062e-05,-0.0007986309184255632
1697453400000,2023-10-16T10:50:00Z,0.08758,0.08759,0.08757,0.08759,3231,282.9424,0.08759,0.08759,0.08757,0.08759,0.08765,0.08765,0.08762,0.08762,-0.00048356,-0.00022825,-0.0004131,-0.00022825,-3.0000000000002247e-05,-0.00034238758274369145
1697453700000,2023-10-16T10:55:00Z,0.08759,0.0876,0.08758,0.08758,10819,947.64252,0.08759,0.08761,0.08758,0.08758,0.08762,0.08764,0.08759,0.0876,-0.00022825,-0.00022825,-0.00045641,-0.00045641,-1.9999999999992246e-05,-0.00022831050228301652
1697454000000,2023-10-16T11:00:00Z,0.08758,0.08758,0.08747,0.08747,96649,8456.98907,0.08758,0.08758,0.08748,0.08748,0.0876,0.08762,0.08754,0.08755,-0.00045641,-0.00050816,-0.00057379,-0.00057379,-7.999999999999674e-05,-0.0009137635636778611
1697454300000,2023-10-16T11:05:00Z,0.08747,0.08748,0.08747,0.08747,6820,596.54614,0.08748,0.0875,0.08747,0.08747,0.08755,0.08756,0.08754,0.08754,-0.00057379,-0.00071958,-0.00080516,-0.00080516,-7.000000000000062e-05,-0.0007996344528215743
1697454600000,2023-10-16T11:10:00Z,0.08747,0.08751,0.08747,0.08751,77841,6810.25323,0.08747,0.08751,0.08747,0.08751,0.08754,0.08758,0.08754,0.08757,-0.00080516,-0.0004687,-0.00048977,-0.0004687,-5.9999999999990616e-05,-0.000685166152791945
1697454900000,2023-10-16T11:15:00Z,0.08751,0.08752,0.0875,0.0875,47716,4175.69336,0.08751,0.08752,0.08751,0.08751,0.08757,0.08758,0.08755,0.08757,-0.0004687,-0.00048886,-0.00050485,-0.00048886,-7.000000000000062e-05,-0.0007993605115907346
1697455200000,2023-10-16T11:20:00Z,0.0875,0.08751,0.0875,0.08751,2151,188.23384,0.08751,0.08753,0.0875,0.08751,0.08757,0.08759,0.08757,0.08758,-0.00048886,-0.00048966,-0.00057403,-0.00057403,-7.000000000000062e-05,-0.0007992692395524162
1697455500000,2023-10-16T11:25:00Z,0.08751,0.08754,0.08751,0.08751,27372,2395.71797,0.08751,0.08754,0.08751,0.08752,0.08758,0.0876,0.08756,0.08757,-0.00057403,-0.00028586,-0.00047002,-0.00028586,-5.9999999999990616e-05,-0.000685166152791945
1697455800000,2023-10-16T11:30:00Z,0.08751,0.08751,0.08745,0.08748,341735,29892.59791,0.08752,0.08753,0.08748,0.08748,0.08757,0.08758,0.08753,0.08753,-0.00028586,-0.00044323,-0.00055277,-0.00055277,-4.999999999999449e-05,-0.0005712327202101507
1697456100000,2023-10-16T11:35:00Z,0.08748,0.08759,0.08746,0.08759,128738,11263.45121,0.08748,0.08759,0.08747,0.08759,0.08753,0.08766,0.08753,0.08766,-0.00055277,-0.00054639,-0.00077153,-0.00054639,-7.000000000000062e-05,-0.0007985398129135365
1697456400000,2023-10-16T11:40:00Z,0.08759,0.0876,0.08757,0.08757,50578,4430.15647,0.08759,0.0876,0.08757,0.08758,0.08766,0.08766,0.08762,0.08764,-0.00054639,-0.00053657,-0.00064776,-0.00053657,-7.000000000000062e-05,-0.0007987220447284416
1697456700000,2023-10-16T11:45:00Z,0.08757,0.08758,0.08756,0.08757,12057,1055.86279,0.08758,0.08759,0.08756,0.08758,0.08764,0.08765,0.08762,0.08765,-0.00053657,-0.00074757,-0.00078776,-0.00074757,-8.000000000001062e-05,-0.0009127210496293281
1697457000000,2023-10-16T11:50:00Z,0.08757,0.0876,0.08757,0.0876,27984,2451.13362,0.08758,0.0876,0.08758,0.0876,0.08765,0.08767,0.08765,0.08766,-0.00074757,-0.00053257,-0.00057369,-0.00057369,-6.0000000000004494e-05,-0.0006844626967830766
1697457300000,2023-10-16T11:55:00Z,0.0876,0.08761,0.0876,0.08761,42264,3702.4557,0.0876,0.08761,0.0876,0.08761,0.08766,0.08767,0.08764,0.08766,-0.00057369,-0.00045636,-0.00045636,-0.00045636,-5.000000000000837e-05,-0.0005703855806526166
1697457600000,2023-10-16T12:00:00Z,0.08761,0.08761,0.08758,0.08759,91333,7999.59318,0.08761,0.08761,0.08759,0.08761,0.08766,0.08766,0.08764,0.08766,-0.00045636,-0.00045636,-0.00060616,-0.00060616,-7.000000000000062e-05,-0.0007985398129135365
1697457900000,2023-10-16T12:05:00Z,0.08759,0.08772,0.08759,0.08771,324523,28449.95497,0.08761,0.08772,0.08761,0.08771,0.08766,0.08778,0.08766,0.08778,-0.00060616,-0.00054808,-0.00074743,-0.00074743,-7.000000000000062e-05,-0.0007974481658692256
1697458200000,2023-10-16T12:10:00Z,0.08771,0.08771,0.08769,0.08769,8573,751.81714,0.08771,0.08771,0.08769,0.0877,0.08778,0.08778,0.08775,0.08776,-0.00074743,-0.00044433,-0.0006247,-0.00044433,-7.000000000000062e-05,-0.0007976298997265338
1697458500000,2023-10-16T12:15:00Z,0.08769,0.08769,0.08768,0.08768,5108,447.87933,0.0877,0.08771,0.08768,0.08769,0.08776,0.08777,0.08774,0.08776,-0.00044433,-0.00051452,-0.00058062,-0.00058062,-8.000000000001062e-05,-0.0009115770282590089
1697458800000,2023-10-16T12:20:00Z,0.08768,0.08773,0.08767,0.08769,78563,6890.92872,0.08769,0.08773,0.08767,0.08769,0.08776,0.08778,0.08774,0.08775,-0.00058062,-0.00052313,-0.00066301,-0.00052313,-5.9999999999990616e-05,-0.0006837606837605769
1697459100000,2023-10-16T12:25:00Z,0.08769,0.08778,0.08768,0.08776,239557,21022.39821,0.08769,0.08778,0.08769,0.08776,0.08775,0.08783,0.08774,0.08781,-0.00052313,-0.00058758,-0.00074524,-0.00058758,-4.999999999999449e-05,-0.000569411228789369
1697459400000,2023-10-16T12:30:00Z,0.08776,0.08776,0.08772,0.08772,122190,10720.8864,0.08776,0.08776,0.08773,0.08773,0.08781,0.08781,0.08779,0.08779,-0.00058758,-0.00042927,-0.00045558,-0.00042927,-7.000000000000062e-05,-0.0007973573299920334
1697459700000,2023-10-16T12:35:00Z,0.08772,0.08776,0.08769,0.08774,349788,30684.46465,0.08773,0.08776,0.08773,0.08775,0.08779,0.08781,0.08778,0.0878,-0.00042927,-0.0003107,-0.00060945,-0.00060945,-6.0000000000004494e-05,-0.0006833712984055182
1697460000000,2023-10-16T12:40:00Z,0.08774,0.08777,0.08773,0.08773,214108,18788.2127,0.08775,0.08777,0.08773,0.08775,0.0878,0.0878,0.08778,0.0878,-0.00060945,-0.00039526,-0.00054168,-0.00039526,-7.000000000000062e-05,-0.0007972665148063852
1697460300000,2023-10-16T12:45:00Z,0.08773,0.08779,0.08773,0.08777,236931,20791.37945,0.08775,0.08777,0.08773,0.08777,0.0878,0.08782,0.08778,0.08782,-0.00039526,-0.00021569,-0.00046508,-0.00021569,-4.999999999999449e-05,-0.0005693463903438226
1697460600000,2023-10-16T12:50:00Z,0.08777,0.08784,0.08777,0.08781,213160,18716.64627,0.08777,0.08783,0.08777,0.08781,0.08782,0.08786,0.08781,0.08785,-0.00021569,-0.00017315,-0.00028262,-0.00017315,-3.999999999999837e-05,-0.00045532157085940094
1697460900000,2023-10-16T12:55:00Z,0.08781,0.08785,0.08781,0.08783,33475,2939.94257,0.08781,0.08785,0.08781,0.08784,0.08785,0.08788,0.08785,0.08788,-0.00017315,-0.00032457,-0.00040065,-0.00032457,-4.999999999999449e-05,-0.0005689576695493228
1697461200000,2023-10-16T13:00:00Z,0.08783,0.08792,0.08777,0.08789,180196,15834.11302,0.08784,0.08792,0.08778,0.08789,0.08788,0.08792,0.08782,0.08792,-0.00032457,-0.00012508,-0.00015648,-0.00015648,-3.0000000000002247e-05,-0.0003412192902639018
1697461500000,2023-10-16T13:05:00Z,0.08789,0.08797,0.08787,0.08796,146213,12854.70883,0.08789,0.08799,0.08787,0.08798,0.08792,0.08803,0.08791,0.08802,-0.00015648,-0.0001959,-0.00034026,-0.0001959,-6.0000000000004494e-05,-0.000681663258350426
1697461800000,2023-10-16T13:10:00Z,0.08796,0.08799,0.08793,0.08797,156897,13803.08357,0.08798,0.08801,0.08793,0.08798,0.08802,0.08806,0.08798,0.08804,-0.0001959,-0.00032609,-0.00062714,-0.00062714,-6.999999999998674e-05,-0.0007950931394819031
1697462100000,2023-10-16T13:15:00Z,0.08797,0.088,0.08797,0.08799,106894,9405.36185,0.08798,0.08801,0.08797,0.088,0.08804,0.08808,0.08803,0.08807,-0.00062714,-0.00068135,-0.00092075,-0.00068135,-7.999999999999674e-05,-0.0009083683433631968
1697462400000,2023-10-16T13:20:00Z,0.08799,0.08818,0.08799,0.08809,1822244,160457.88683,0.088,0.08815,0.08799,0.08809,0.08807,0.08819,0.08805,0.08816,-0.00068135,-0.00050221,-0.00066046,-0.00050221,-7.000000000000062e-05,-0.000794010889292203
1697462700000,2023-10-16T13:25:00Z,0.08809,0.08934,0.08808,0.08933,7017379,622856.57677,0.08809,0.08929,0.08808,0.08929,0.08816,0.08929,0.08814,0.08929,-0.00050221,-0.00000846,-0.00005783,-0.00005783,4.000000000001225e-05,0.00044797849703227967
1697463000000,2023-10-16T13:30:00Z,0.08933,0.0908,0.0891,0.08913,10748156,966925.54581,0.08929,0.09053,0.08917,0.08917,0.08929,0.09057,0.0892,0.0892,-0.00005783,0,-0.00026193,-0.00026193,-7.000000000000062e-05,-0.0007847533632287065
1697463300000,2023-10-16T13:35:00Z,0.08913,0.08913,0.08857,0.08883,3611152,321012.69828,0.08917,0.08917,0.08861,0.08883,0.0892,0.0892,0.08865,0.08884,-0.00026193,0,-0.00030892,0,-9.999999999996123e-06,-0.00011256190904993385
1697463600000,2023-10-16T13:40:00Z,0.08883,0.08885,0.0882,0.08834,3640947,322145.5454,0.08883,0.08885,0.08831,0.08834,0.08884,0.08886,0.08835,0.08838,0,0,-0.00006088,0,-3.999999999999837e-05,-0.0004525910839556276
1697463900000,2023-10-16T13:45:00Z,0.08834,0.08849,0.08779,0.08785,1448480,127672.57766,0.08834,0.08849,0.08782,0.08785,0.08838,0.08851,0.08788,0.08789,0,-0.0002946,-0.00034626,-0.00034626,-3.999999999999837e-05,-0.0004551143474797858
1697464200000,2023-10-16T13:50:00Z,0.08785,0.08816,0.0878,0.08809,433426,38139.90477,0.08785,0.08818,0.08781,0.0881,0.08789,0.08824,0.08786,0.08816,-0.00034626,-0.0002029,-0.00020982,-0.0002029,-7.000000000000062e-05,-0.000794010889292203
1697464500000,2023-10-16T13:55:00Z,0.08809,0.08825,0.08801,0.08821,385652,33976.76391,0.0881,0.08826,0.08808,0.08821,0.08816,0.08833,0.08814,0.08827,-0.0002029,-0.0001834,-0.0003543,-0.0001834,-6.0000000000004494e-05,-0.000679732638495576
1697464800000,2023-10-16T14:00:00Z,0.08821,0.08834,0.08821,0.08828,628176,55444.95496,0.08821,0.08834,0.08821,0.0883,0.08827,0.08838,0.08827,0.08836,-0.0001834,-0.00056706,-0.00063126,-0.00063126,-7.999999999999674e-05,-0.0009053870529651057
1697465100000,2023-10-16T14:05:00Z,0.08828,0.0883,0.08795,0.088,246205,21685.53998,0.0883,0.08832,0.08798,0.08802,0.08836,0.08839,0.08806,0.08811,-0.00063126,-0.00077094,-0.00124829,-0.00124829,-0.00010999999999999899,-0.0012484394506866302
1697465400000,2023-10-16T14:10:00Z,0.088,0.08806,0.08797,0.08799,157302,13843.06971,0.08802,0.08806,0.08798,0.08799,0.08811,0.08813,0.08806,0.08807,-0.00124829,-0.00057981,-0.00078004,-0.00057981,-7.999999999999674e-05,-0.0009083683433631968
1697465700000,2023-10-16T14:15:00Z,0.08799,0.08807,0.08798,0.08805,70815,6232.07707,0.08799,0.08807,0.08798,0.08805,0.08807,0.08815,0.08806,0.08812,-0.00057981,-0.00051412,-0.00057455,-0.00057455,-7.000000000000062e-05,-0.0007943713118474877
1697466000000,2023-10-16T14:20:00Z,0.08805,0.08814,0.08804,0.08813,179991,15857.53678,0.08805,0.08815,0.08804,0.08815,0.08812,0.08821,0.08811,0.08821,-0.00057455,-0.00029592,-0.00052995,-0.00052995,-7.999999999999674e-05,-0.0009069266523069578
1697466300000,2023-10-16T14:25:00Z,0.08813,0.08823,0.08811,0.0882,173695,15318.44918,0.08815,0.08823,0.08811,0.08823,0.08821,0.08828,0.08818,0.08828,-0.00052995,-0.00047587,-0.00057668,-0.00057668,-7.999999999999674e-05,-0.0009062075215223917
1697466600000,2023-10-16T14:30:00Z,0.0882,0.08834,0.0882,0.08822,268044,23659.271,0.08823,0.08834,0.08821,0.08822,0.08828,0.08838,0.08826,0.08826,-0.00057668,-0.00025025,-0.0004307,-0.0004307,-3.999999999999837e-05,-0.00045320643553136607
1697466900000,2023-10-16T14:35:00Z,0.08822,0.08825,0.08819,0.0882,170867,15073.7812,0.08822,0.08826,0.08819,0.08821,0.08826,0.08832,0.08825,0.08828,-0.0004307,-0.00043827,-0.0005838,-0.0005838,-7.999999999999674e-05,-0.0009062075215223917
1697467200000,2023-10-16T14:40:00Z,0.0882,0.08827,0.08817,0.08825,206921,18252.68851,0.08821,0.08827,0.08817,0.08826,0.08828,0.08834,0.08824,0.08833,-0.0005838,-0.00056472,-0.00057346,-0.00056472,-8.000000000001062e-05,-0.0009056945545116112
1697467500000,2023-10-16T14:45:00Z,0.08825,0.08829,0.08824,0.08828,50926,4494.92417,0.08826,0.0883,0.08825,0.08828,0.08833,0.08837,0.08831,0.08834,-0.00056472,-0.00044078,-0.00051227,-0.00051227,-6.0000000000004494e-05,-0.0006791940230926476
1697467800000,2023-10-16T14:50:00Z,0.08828,0.08828,0.08818,0.08823,364819,32174.25458,0.08828,0.08828,0.0882,0.08823,0.08834,0.08834,0.08828,0.08831,-0.00051227,-0.00064333,-0.00090745,-0.00090745,-7.999999999999674e-05,-0.0009058996716113321
1697468100000,2023-10-16T14:55:00Z,0.08823,0.08827,0.08823,0.08826,6994,617.31087,0.08823,0.08828,0.08823,0.08827,0.08831,0.08836,0.08831,0.08835,-0.00090745,-0.00058288,-0.00061041,-0.00061041,-8.999999999999286e-05,-0.0010186757215618887
1697468400000,2023-10-16T15:00:00Z,0.08826,0.08834,0.08825,0.08832,239110,21107.75668,0.08827,0.08834,0.08825,0.08832,0.08835,0.0884,0.08832,0.0884,-0.00061041,-0.00072952,-0.00072952,-0.00072952,-8.000000000001062e-05,-0.0009049773755657309
1697468700000,2023-10-16T15:05:00Z,0.08832,0.08832,0.08826,0.08826,619130,54661.37095,0.08832,0.08833,0.08826,0.08826,0.0884,0.08841,0.08832,0.08833,-0.00072952,-0.00074258,-0.00079212,-0.00079212,-7.000000000000062e-05,-0.0007924827351975615
1697469000000,2023-10-16T15:10:00Z,0.08826,0.08827,0.08824,0.08826,189302,16708.0172,0.08826,0.08827,0.08824,0.08826,0.08833,0.08833,0.08828,0.08833,-0.00079212,-0.00029814,-0.00054913,-0.00054913,-7.000000000000062e-05,-0.0007924827351975615
1697469300000,2023-10-16T15:15:00Z,0.08826,0.08832,0.08826,0.0883,138890,12264.08719,0.08826,0.08832,0.08826,0.0883,0.08833,0.08837,0.08833,0.08835,-0.00054913,-0.00050396,-0.00056376,-0.00050396,-4.999999999999449e-05,-0.000565930956423254
1697469600000,2023-10-16T15:20:00Z,0.0883,0.0883,0.0882,0.08821,580829,51259.62531,0.0883,0.0883,0.08821,0.08822,0.08835,0.08835,0.08826,0.08827,-0.00050396,-0.00037419,-0.00043163,-0.00037419,-6.0000000000004494e-05,-0.000679732638495576
1697469900000,2023-10-16T15:25:00Z,0.08821,0.08829,0.08821,0.08828,124714,11008.17025,0.08822,0.08829,0.08822,0.08829,0.08827,0.08834,0.08827,0.08834,-0.00037419,-0.00013448,-0.00026443,-0.00013448,-6.0000000000004494e-05,-0.0006791940230926476
1697470200000,2023-10-16T15:30:00Z,0.08828,0.08833,0.08828,0.08829,26326,2324.90295,0.08829,0.08833,0.08828,0.08829,0.08834,0.08836,0.08832,0.08833,-0.00013448,-0.00022637,-0.00027727,-0.00022637,-4.000000000001225e-05,-0.00045284727725588414
1697470500000,2023-10-16T15:35:00Z,0.08829,0.08829,0.08821,0.08821,504354,44518.21519,0.08829,0.0883,0.08822,0.08823,0.08833,0.08834,0.08825,0.08826,-0.00022637,-0.0001066,-0.00016823,-0.00016823,-5.000000000000837e-05,-0.0005665080444143255
1697470800000,2023-10-16T15:40:00Z,0.08821,0.08828,0.08813,0.08814,330955,29205.23314,0.08823,0.08826,0.08814,0.08815,0.08826,0.08826,0.08818,0.08819,-0.00016823,-0.0002676,-0.00043542,-0.00043542,-5.000000000000837e-05,-0.0005669577049553053
1697471100000,2023-10-16T15:45:00Z,0.08814,0.08817,0.08806,0.08816,785459,69200.02997,0.08815,0.08817,0.08811,0.08816,0.08819,0.08822,0.08816,0.08822,-0.00043542,-0.0002456,-0.00045361,-0.0002456,-6.0000000000004494e-05,-0.0006801178871004817
1697471400000,2023-10-16T15:50:00Z,0.08816,0.08818,0.08812,0.08812,90519,7980.48306,0.08816,0.08818,0.08813,0.08813,0.08822,0.08822,0.08819,0.08819,-0.0002456,-0.00050164,-0.00051672,-0.00051672,-7.000000000000062e-05,-0.0007937407869373015
1697471700000,2023-10-16T15:55:00Z,0.08812,0.08813,0.08808,0.0881,91424,8054.64306,0.08813,0.08814,0.08809,0.08811,0.08819,0.0882,0.08815,0.08818,-0.00051672,-0.0007146,-0.00074126,-0.0007146,-7.999999999999674e-05,-0.0009072352007257513
1697472000000,2023-10-16T16:00:00Z,0.0881,0.08817,0.0881,0.08811,117666,10370.10336,0.08811,0.08817,0.08811,0.08812,0.08818,0.08823,0.08817,0.0882,-0.0007146,-0.00063344,-0.00075008,-0.00063344,-9.000000000000674e-05,-0.0010204081632653825
1697472300000,2023-10-16T16:05:00Z,0.08811,0.08821,0.08811,0.08814,119663,10547.16048,0.08812,0.08821,0.08812,0.08815,0.0882,0.08826,0.0882,0.08822,-0.00063344,-0.00050181,-0.00075291,-0.00050181,-8.000000000001062e-05,-0.0009068238494673613
1697472600000,2023-10-16T16:10:00Z,0.08814,0.08818,0.08813,0.08817,33142,2921.54739,0.08815,0.08818,0.08813,0.08817,0.08822,0.08825,0.08819,0.08824,-0.00050181,-0.00043062,-0.00045216,-0.00045216,-7.000000000000062e-05,-0.0007932910244787015
1697472900000,2023-10-16T16:15:00Z,0.08817,0.08834,0.08817,0.0883,612890,54131.99773,0.08817,0.08834,0.08817,0.0883,0.08824,0.08837,0.08824,0.08835,-0.00045216,-0.00036816,-0.0003928,-0.0003928,-4.999999999999449e-05,-0.000565930956423254
1697473200000,2023-10-16T16:20:00Z,0.0883,0.08831,0.08826,0.08827,64233,5670.92193,0.0883,0.08833,0.08826,0.08827,0.08835,0.08839,0.08831,0.08834,-0.0003928,-0.00035373,-0.00054685,-0.00035373,-7.000000000000062e-05,-0.0007923930269413699
1697473500000,2023-10-16T16:25:00Z,0.08827,0.08827,0.08817,0.08819,8028,708.19028,0.08827,0.08827,0.08818,0.08819,0.08834,0.08834,0.08825,0.08826,-0.00035373,-0.00041751,-0.00077215,-0.00041751,-7.000000000000062e-05,-0.0007931112621799299
1697473800000,2023-10-16T16:30:00Z,0.08819,0.0882,0.08811,0.08812,36429,3210.91551,0.08819,0.0882,0.08811,0.08813,0.08826,0.08827,0.08816,0.08818,-0.00041751,-0.00049381,-0.00055427,-0.00049381,-5.9999999999990616e-05,-0.0006804264005442347
1697474100000,2023-10-16T16:35:00Z,0.08812,0.08823,0.08812,0.08822,87819,7745.72399,0.08813,0.08823,0.08812,0.08822,0.08818,0.08828,0.08816,0.08827,-0.00049381,-0.00041758,-0.00041983,-0.00041758,-4.999999999999449e-05,-0.0005664438654128752
1697474400000,2023-10-16T16:40:00Z,0.08822,0.08822,0.08817,0.0882,26268,2316.50676,0.08822,0.08823,0.08817,0.0882,0.08827,0.08828,0.08823,0.08827,-0.00041758,-0.00032808,-0.00052701,-0.00052701,-7.000000000000062e-05,-0.0007930214115781195
1697474700000,2023-10-16T16:45:00Z,0.0882,0.08823,0.08819,0.0882,43914,3873.88372,0.0882,0.08824,0.0882,0.08821,0.08827,0.08831,0.08827,0.08827,-0.00052701,-0.00035976,-0.00056637,-0.00056637,-7.000000000000062e-05,-0.0007930214115781195
1697475000000,2023-10-16T16:50:00Z,0.0882,0.08825,0.0882,0.08824,302659,26702.25799,0.08821,0.08826,0.0882,0.08825,0.08827,0.08833,0.08825,0.08832,-0.00056637,-0.00043927,-0.00062456,-0.00062456,-7.999999999999674e-05,-0.0009057971014492385
1697475300000,2023-10-16T16:55:00Z,0.08824,0.08839,0.0881,0.08824,2572124,227034.55988,0.08825,0.08828,0.08813,0.08824,0.08832,0.08833,0.08823,0.0883,-0.00062456,-0.00078204,-0.00089406,-0.00078204,-6.0000000000004494e-05,-0.0006795016987542978
1697475600000,2023-10-16T17:00:00Z,0.08824,0.08826,0.08807,0.08812,2253711,198691.8051,0.08824,0.08826,0.08813,0.08815,0.0883,0.08831,0.08821,0.08823,-0.00078204,-0.00072523,-0.00103411,-0.00072523,-0.00010999999999999899,-0.0012467414711549245
1697475900000,2023-10-16T17:05:00Z,0.08812,0.08816,0.08811,0.08814,29998,2643.92587,0.08815,0.08816,0.08812,0.08815,0.08823,0.08824,0.08821,0.08824,-0.00072523,-0.00060235,-0.00092554,-0.00060235,-0.00010000000000000286,-0.0011332728921124532
1697476200000,2023-10-16T17:10:00Z,0.08814,0.08826,0.08813,0.08822,54651,4820.85975,0.08815,0.08827,0.08815,0.08823,0.08824,0.08836,0.08824,0.08832,-0.00060235,-0.00074988,-0.0010292,-0.00074988,-9.999999999998899e-05,-0.0011322463768114696
1697476500000,2023-10-16T17:15:00Z,0.08822,0.08827,0.08822,0.08824,12003,1059.25816,0.08823,0.08827,0.08822,0.08824,0.08832,0.08836,0.08831,0.08834,-0.00074988,-0.00076117,-0.00102976,-0.00102976,-0.00010000000000000286,-0.0011319900384876938
1697476800000,2023-10-16T17:20:00Z,0.08824,0.08825,0.08819,0.08821,8483,748.47391,0.08824,0.08825,0.08821,0.08821,0.08834,0.08835,0.08831,0.08831,-0.00102976,-0.00105026,-0.00108557,-0.00105026,-0.00010000000000000286,-0.0011323745895142436
1697477100000,2023-10-16T17:25:00Z,0.08821,0.08823,0.08818,0.08822,35369,3119.07268,0.08821,0.08823,0.08818,0.08822,0.08831,0.08833,0.08827,0.0883,-0.00105026,-0.00098154,-0.0010711,-0.0010711,-7.999999999999674e-05,-0.0009060022650056256
1697477400000,2023-10-16T17:30:00Z,0.08822,0.08822,0.08816,0.08821,322994,28483.00285,0.08822,0.08822,0.08817,0.08821,0.0883,0.08832,0.08827,0.08831,-0.0010711,-0.00081268,-0.0008966,-0.0008966,-0.00010000000000000286,-0.0011323745895142436
1697477700000,2023-10-16T17:35:00Z,0.08821,0.08825,0.08821,0.08822,70200,6193.96372,0.08821,0.08825,0.08821,0.08824,0.08831,0.08832,0.0883,0.08832,-0.0008966,-0.00084091,-0.00084431,-0.00084091,-9.999999999998899e-05,-0.0011322463768114696
1697478000000,2023-10-16T17:40:00Z,0.08822,0.08828,0.08821,0.08828,85251,7520.48411,0.08824,0.08828,0.08822,0.08828,0.08832,0.08838,0.08832,0.08838,-0.00084091,-0.00074666,-0.00094995,-0.00074666,-0.00010000000000000286,-0.0011314777098891476
1697478300000,2023-10-16T17:45:00Z,0.08828,0.08831,0.08827,0.08831,37892,3345.61779,0.08828,0.08831,0.08827,0.08831,0.08838,0.08839,0.08835,0.08838,-0.00074666,-0.0005134,-0.00055052,-0.0005134,-7.000000000000062e-05,-0.0007920343969223876
1697478600000,2023-10-16T17:50:00Z,0.08831,0.08831,0.08827,0.0883,17767,1568.7116,0.08831,0.08831,0.08828,0.08831,0.08838,0.08839,0.08836,0.08839,-0.0005134,-0.00060445,-0.00085234,-0.00060445,-8.999999999999286e-05,-0.0010182147301730157
1697478900000,2023-10-16T17:55:00Z,0.0883,0.08834,0.0883,0.08834,14957,1320.93196,0.08831,0.08836,0.08831,0.08836,0.08839,0.08846,0.08839,0.08846,-0.00060445,-0.00095952,-0.00097693,-0.00095952,-0.00011999999999999511,-0.0013565453312230965
1697479200000,2023-10-16T18:00:00Z,0.08834,0.0884,0.08834,0.08837,39086,3454.34246,0.08836,0.0884,0.08834,0.08836,0.08846,0.0885,0.08843,0.08843,-0.00095952,-0.00080393,-0.00106971,-0.00080393,-5.9999999999990616e-05,-0.0006785027705528737
1697479500000,2023-10-16T18:05:00Z,0.08837,0.08838,0.08834,0.08837,29991,2650.25184,0.08836,0.08838,0.08834,0.08838,0.08843,0.08846,0.08842,0.08846,-0.00080393,-0.00050718,-0.00059848,-0.00050718,-8.999999999999286e-05,-0.0010174089984172831
1697479800000,2023-10-16T18:10:00Z,0.08837,0.08855,0.08834,0.08855,492797,43591.90408,0.08838,0.08849,0.08837,0.08849,0.08846,0.08857,0.08845,0.08857,-0.00050718,-0.00080601,-0.00099209,-0.00099209,-1.9999999999992246e-05,-0.00022581009371110136
1697480100000,2023-10-16T18:15:00Z,0.08855,0.08856,0.08848,0.08854,151857,13443.07526,0.08849,0.08857,0.08848,0.08854,0.08857,0.08865,0.08855,0.08863,-0.00099209,-0.00064913,-0.00095575,-0.00095575,-9.000000000000674e-05,-0.001015457520027155
1697480400000,2023-10-16T18:20:00Z,0.08854,0.08855,0.08849,0.08853,42648,3774.66829,0.08854,0.08855,0.08849,0.08853,0.08863,0.08863,0.08857,0.08861,-0.00095575,-0.00086023,-0.00103938,-0.00086023,-7.999999999999674e-05,-0.0009028326373998053
1697480700000,2023-10-16T18:25:00Z,0.08853,0.08862,0.08853,0.08861,46340,4105.72598,0.08853,0.08862,0.08853,0.08861,0.08861,0.08869,0.08861,0.08869,-0.00086023,-0.00045148,-0.00065339,-0.00065339,-8.000000000001062e-05,-0.0009020182658700035
1697481000000,2023-10-16T18:30:00Z,0.08861,0.08862,0.0885,0.08852,168022,14882.59155,0.08861,0.08862,0.0885,0.08852,0.08869,0.08869,0.08858,0.0886,-0.00065339,-0.00064879,-0.00085841,-0.00064879,-7.999999999999674e-05,-0.0009029345372460129
1697481300000,2023-10-16T18:35:00Z,0.08852,0.08861,0.08852,0.08857,18567,1644.79798,0.08852,0.08861,0.08852,0.0886,0.0886,0.08867,0.08859,0.08867,-0.00064879,-0.00060681,-0.00067666,-0.00060681,-0.00010000000000000286,-0.0011277771512349483
1697481600000,2023-10-16T18:40:00Z,0.08857,0.0886,0.08856,0.0886,76201,6751.12382,0.0886,0.08861,0.08856,0.0886,0.08867,0.08868,0.08862,0.08866,-0.00060681,-0.00047382,-0.00076646,-0.00076646,-6.0000000000004494e-05,-0.0006767426122265338
1697481900000,2023-10-16T18:45:00Z,0.0886,0.08865,0.08859,0.08861,83099,7364.92203,0.0886,0.08865,0.08859,0.08861,0.08866,0.08872,0.08865,0.08865,-0.00076646,-0.00059639,-0.0006211,-0.0006211,-4.000000000001225e-05,-0.00045121263395388883
1697482200000,2023-10-16T18:50:00Z,0.08861,0.08869,0.08858,0.08867,38390,3403.25101,0.08861,0.0887,0.08858,0.08868,0.08865,0.08877,0.08863,0.08874,-0.0006211,-0.00058528,-0.00063157,-0.00063157,-7.000000000000062e-05,-0.0007888212756366985
1697482500000,2023-10-16T18:55:00Z,0.08867,0.08879,0.08867,0.08873,777763,69029.18376,0.08868,0.08878,0.08867,0.08873,0.08874,0.08881,0.08874,0.08876,-0.00063157,-0.00021946,-0.00034914,-0.00021946,-3.0000000000002247e-05,-0.0003379900856241803
1697482800000,2023-10-16T19:00:00Z,0.08873,0.08889,0.08871,0.08884,168486,14960.70122,0.08873,0.08889,0.08871,0.08884,0.08876,0.08893,0.08874,0.08887,-0.00021946,-0.00025385,-0.00031757,-0.00031757,-3.0000000000002247e-05,-0.0003375717339934989
1697483100000,2023-10-16T19:05:00Z,0.08884,0.08892,0.08881,0.08889,71292,6335.14312,0.08884,0.08893,0.08881,0.0889,0.08887,0.08896,0.08883,0.08893,-0.00031757,-0.00033674,-0.00041254,-0.00041254,-3.999999999999837e-05,-0.00044979197121329555
1697483400000,2023-10-16T19:10:00Z,0.08889,0.0889,0.0888,0.0889,128962,11457.73407,0.0889,0.08891,0.08881,0.0889,0.08893,0.08895,0.08885,0.08894,-0.00041254,-0.00018895,-0.00035421,-0.00035421,-3.999999999999837e-05,-0.00044974139869573157
1697483700000,2023-10-16T19:15:00Z,0.0889,0.0889,0.08876,0.08876,30573,2715.76986,0.0889,0.08892,0.08877,0.08877,0.08894,0.08896,0.08881,0.08883,-0.00035421,-0.0003735,-0.00040734,-0.00040734,-7.000000000000062e-05,-0.0007880220646178162
1697484000000,2023-10-16T19:20:00Z,0.08876,0.08882,0.08876,0.08882,24739,2196.60465,0.08877,0.08883,0.08876,0.08883,0.08883,0.08888,0.08881,0.08888,-0.00040734,-0.00041434,-0.0005628,-0.00041434,-6.0000000000004494e-05,-0.0006750675067507256
1697484300000,2023-10-16T19:25:00Z,0.08882,0.08886,0.08879,0.08881,61669,5478.88003,0.08883,0.08886,0.0888,0.08883,0.08888,0.08888,0.08884,0.08887,-0.00041434,-0.00038795,-0.00049341,-0.00038795,-6.0000000000004494e-05,-0.0006751434679869978
1697484600000,2023-10-16T19:30:00Z,0.08881,0.08885,0.08862,0.08862,628965,55804.17188,0.08883,0.08885,0.08864,0.08865,0.08887,0.08889,0.08868,0.08869,-0.00038795,-0.00031135,-0.00040738,-0.00031135,-7.000000000000062e-05,-0.0007892659826361553
1697484900000,2023-10-16T19:35:00Z,0.08862,0.08866,0.08858,0.08859,36302,3216.42101,0.08865,0.08866,0.08859,0.0886,0.08869,0.0887,0.08863,0.08865,-0.00031135,-0.00037398,-0.00058172,-0.00037398,-6.0000000000004494e-05,-0.0006768189509306767
1697485200000,2023-10-16T19:40:00Z,0.08859,0.08865,0.08858,0.08861,25923,2296.7751,0.0886,0.08865,0.08859,0.08863,0.08865,0.08871,0.08864,0.08868,-0.00037398,-0.00023666,-0.00027244,-0.00027244,-7.000000000000062e-05,-0.0007893549842129073
1697485500000,2023-10-16T19:45:00Z,0.08861,0.08867,0.0886,0.08866,28879,2560.06917,0.08863,0.08868,0.08861,0.08867,0.08868,0.08873,0.08866,0.08873,-0.00027244,-0.00025535,-0.00065659,-0.00065659,-7.000000000000062e-05,-0.0007889101769412895
1697485800000,2023-10-16T19:50:00Z,0.08866,0.08866,0.08862,0.08864,2652,235.10486,0.08867,0.08867,0.08863,0.08864,0.08873,0.08873,0.08869,0.0887,-0.00065659,-0.00039632,-0.00070716,-0.00039632,-6.0000000000004494e-05,-0.0006764374295378184
1697486100000,2023-10-16T19:55:00Z,0.08864,0.08864,0.08859,0.08863,12970,1149.22979,0.08864,0.08865,0.08859,0.08863,0.0887,0.08871,0.08865,0.08869,-0.00039632,-0.00060354,-0.00061993,-0.00060354,-6.0000000000004494e-05,-0.0006765136994024636
1697486400000,2023-10-16T20:00:00Z,0.08863,0.08866,0.0886,0.08864,17147,1520.05864,0.08863,0.08866,0.08862,0.08864,0.08869,0.08872,0.08868,0.08869,-0.00060354,-0.00053151,-0.00069015,-0.00053151,-5.000000000000837e-05,-0.0005637614161687717
1697486700000,2023-10-16T20:05:00Z,0.08864,0.08864,0.08856,0.08862,27482,2434.54974,0.08864,0.08864,0.08856,0.08862,0.08869,0.08869,0.08862,0.08866,-0.00053151,-0.00064729,-0.00078531,-0.00064729,-3.999999999999837e-05,-0.00045116174148430375
1697487000000,2023-10-16T20:10:00Z,0.08862,0.08872,0.08861,0.08872,27642,2451.97795,0.08862,0.08875,0.08861,0.08872,0.08866,0.0888,0.08866,0.08877,-0.00064729,-0.00068754,-0.00075143,-0.00075143,-5.000000000000837e-05,-0.0005632533513575349
1697487300000,2023-10-16T20:15:00Z,0.08872,0.08872,0.08868,0.08869,27484,2438.33308,0.08872,0.08873,0.0887,0.0887,0.08877,0.08879,0.08874,0.08875,-0.00075143,-0.0003292,-0.00039243,-0.0003292,-5.9999999999990616e-05,-0.0006760563380280633
1697487600000,2023-10-16T20:20:00Z,0.08869,0.08878,0.08868,0.08878,41054,3642.37069,0.0887,0.0888,0.08869,0.08879,0.08875,0.08886,0.08873,0.08885,-0.0003292,-0.00038081,-0.00056121,-0.00056121,-7.000000000000062e-05,-0.0007878446820484031
1697487900000,2023-10-16T20:25:00Z,0.08878,0.08878,0.08874,0.08875,7574,672.2238,0.08879,0.08879,0.08874,0.08877,0.08885,0.08885,0.08879,0.08883,-0.00056121,-0.00025191,-0.00037,-0.00037,-8.000000000001062e-05,-0.0009005966452776158
1697488200000,2023-10-16T20:30:00Z,0.08875,0.08876,0.08866,0.08866,76405,6775.43982,0.08877,0.08877,0.08866,0.08869,0.08883,0.08883,0.0887,0.08874,-0.00037,-0.00028531,-0.00052755,-0.00052755,-7.999999999999674e-05,-0.0009015100292990392
1697488500000,2023-10-16T20:35:00Z,0.08866,0.0887,0.08866,0.08866,16959,1504.16325,0.08869,0.0887,0.08867,0.08868,0.08874,0.08876,0.08872,0.08874,-0.00052755,-0.00037953,-0.00051414,-0.00051414,-7.999999999999674e-05,-0.0009015100292990392
1697488800000,2023-10-16T20:40:00Z,0.08866,0.08872,0.08864,0.08871,19996,1772.73517,0.08868,0.08872,0.08864,0.08871,0.08874,0.08877,0.08869,0.08876,-0.00051414,-0.00013162,-0.0005715,-0.00013162,-5.000000000000837e-05,-0.000563316809373686
1697489100000,2023-10-16T20:45:00Z,0.08871,0.08874,0.08858,0.0886,88636,7854.41109,0.08871,0.08874,0.08861,0.08861,0.08876,0.0888,0.08867,0.08868,-0.00013162,-0.00052892,-0.00055045,-0.00055045,-7.999999999999674e-05,-0.0009021199819575636
1697489400000,2023-10-16T20:50:00Z,0.0886,0.08861,0.08857,0.08857,23400,2073.15286,0.08861,0.08861,0.08858,0.08858,0.08868,0.08868,0.08862,0.08864,-0.00055045,-0.0004292,-0.00057054,-0.0004292,-7.000000000000062e-05,-0.0007897111913357471
1697489700000,2023-10-16T20:55:00Z,0.08857,0.08862,0.08852,0.08862,81177,7188.52476,0.08858,0.08862,0.08852,0.08862,0.08864,0.08869,0.08858,0.08869,-0.0004292,-0.00047742,-0.00087608,-0.00047742,-7.000000000000062e-05,-0.0007892659826361553
1697490000000,2023-10-16T21:00:00Z,0.08862,0.08909,0.08861,0.08879,2052974,182374.19912,0.08862,0.08885,0.08862,0.08879,0.08869,0.0889,0.08868,0.08886,-0.00047742,-0.00066414,-0.000792,-0.000792,-7.000000000000062e-05,-0.0007877560207067367
1697490300000,2023-10-16T21:05:00Z,0.08879,0.08879,0.08856,0.08858,159720,14159.06923,0.08879,0.08879,0.08858,0.08859,0.08886,0.08886,0.08866,0.08867,-0.000792,-0.00067582,-0.00087919,-0.00087919,-8.999999999999286e-05,-0.0010149994361113438
1697490600000,2023-10-16T21:10:00Z,0.08858,0.08865,0.0885,0.08865,205825,18232.30176,0.08859,0.08868,0.08852,0.08868,0.08867,0.08876,0.0886,0.08876,-0.00087919,-0.00025214,-0.00059934,-0.00059934,-0.00010999999999999899,-0.0012392969806218903
1697490900000,2023-10-16T21:15:00Z,0.08865,0.08865,0.08859,0.08861,29566,2619.87139,0.08868,0.08868,0.08859,0.08861,0.08876,0.08876,0.08867,0.0887,-0.00059934,-0.00090856,-0.00093348,-0.00090856,-9.000000000000674e-05,-0.0010146561443067277
1697491200000,2023-10-16T21:20:00Z,0.08861,0.08861,0.08844,0.08848,148392,13139.29194,0.08861,0.08861,0.08844,0.08848,0.0887,0.0887,0.08854,0.08857,-0.00090856,-0.00069049,-0.00087294,-0.00069049,-8.999999999999286e-05,-0.0010161454217002695
1697491500000,2023-10-16T21:25:00Z,0.08848,0.08848,0.08843,0.08847,2092,185.06795,0.08848,0.08848,0.08845,0.08847,0.08857,0.08857,0.08854,0.08855,-0.00069049,-0.00079098,-0.00101682,-0.00079098,-8.000000000001062e-05,-0.0009034443817053712
1697491800000,2023-10-16T21:30:00Z,0.08847,0.08854,0.08847,0.08854,19192,1698.28044,0.08847,0.08854,0.08847,0.08854,0.08855,0.08861,0.08855,0.08861,-0.00079098,-0.00042036,-0.0005404,-0.0005404,-7.000000000000062e-05,-0.0007899785577248688
1697492100000,2023-10-16T21:35:00Z,0.08854,0.08858,0.08853,0.08857,1049,92.8842,0.08854,0.0886,0.08853,0.08857,0.08861,0.08867,0.0886,0.08864,-0.0005404,-0.00067279,-0.00081344,-0.00081344,-7.000000000000062e-05,-0.0007897111913357471
1697492400000,2023-10-16T21:40:00Z,0.08857,0.08858,0.08852,0.08854,70473,6240.73617,0.08857,0.08859,0.08852,0.08856,0.08864,0.08867,0.08859,0.08864,-0.00081344,-0.00046886,-0.00048911,-0.00048911,-0.00010000000000000286,-0.0011281588447653753
1697492700000,2023-10-16T21:45:00Z,0.08854,0.0886,0.08854,0.0886,5984,530.03828,0.08856,0.0886,0.08855,0.0886,0.08864,0.08868,0.08863,0.08866,-0.00048911,0,-0.00058752,0,-6.0000000000004494e-05,-0.0006767426122265338
1697493000000,2023-10-16T21:50:00Z,0.0886,0.08861,0.0886,0.0886,4270,378.33895,0.0886,0.08862,0.0886,0.0886,0.08866,0.08869,0.08865,0.08867,0,-0.00042431,-0.00061269,-0.00061269,-7.000000000000062e-05,-0.0007894440058644482
1697493300000,2023-10-16T21:55:00Z,0.0886,0.08865,0.0886,0.08864,31919,2828.48872,0.0886,0.08866,0.0886,0.08865,0.08867,0.08872,0.08867,0.08871,-0.00061269,-0.00025687,-0.00027319,-0.00027319,-7.000000000000062e-05,-0.0007890880396798627
1697493600000,2023-10-16T22:00:00Z,0.08864,0.08867,0.08862,0.08866,63054,5589.26919,0.08865,0.0887,0.08863,0.08868,0.08871,0.08875,0.08867,0.08874,-0.00027319,-0.00022753,-0.0004441,-0.0004441,-7.999999999999674e-05,-0.0009015100292990392
1697493900000,2023-10-16T22:05:00Z,0.08866,0.08868,0.08866,0.08868,2481,219.98596,0.08868,0.08869,0.08866,0.08868,0.08874,0.08875,0.08873,0.08874,-0.0004441,-0.00037863,-0.00039317,-0.00037863,-6.0000000000004494e-05,-0.0006761325219743576
1697494200000,2023-10-16T22:10:00Z,0.08868,0.08873,0.08867,0.08873,86721,7692.53821,0.08868,0.08873,0.08868,0.08873,0.08874,0.08879,0.08874,0.08879,-0.00037863,-0.00032033,-0.00038202,-0.00038202,-5.9999999999990616e-05,-0.0006757517738483007
1697494500000,2023-10-16T22:15:00Z,0.08873,0.08875,0.08871,0.08872,12868,1141.87275,0.08873,0.08879,0.08871,0.08872,0.08879,0.08885,0.08877,0.08877,-0.00038202,-0.00030494,-0.00044807,-0.00030494,-5.000000000000837e-05,-0.0005632533513575349
1697494800000,2023-10-16T22:20:00Z,0.08872,0.08882,0.08871,0.08879,22482,1996.0365,0.08872,0.08882,0.08871,0.08881,0.08877,0.08888,0.08877,0.08888,-0.00030494,-0.00029193,-0.00054068,-0.00054068,-9.000000000000674e-05,-0.0010126012601260885
1697495100000,2023-10-16T22:25:00Z,0.08879,0.08882,0.08877,0.08878,8246,732.22694,0.08881,0.08882,0.08877,0.08878,0.08888,0.08888,0.08883,0.08883,-0.00054068,-0.00046461,-0.000522,-0.000522,-5.000000000000837e-05,-0.0005628729032985294
1697495400000,2023-10-16T22:30:00Z,0.08878,0.08878,0.08871,0.08872,18533,1644.83985,0.08878,0.08879,0.08872,0.08873,0.08883,0.08884,0.08877,0.08879,-0.000522,-0.00051976,-0.00054375,-0.00051976,-7.000000000000062e-05,-0.0007883770694898144
1697495700000,2023-10-16T22:35:00Z,0.08872,0.08882,0.08872,0.08882,938,83.27844,0.08873,0.08882,0.08873,0.08882,0.08879,0.08888,0.08879,0.08888,-0.00051976,-0.00058581,-0.00065729,-0.00065729,-6.0000000000004494e-05,-0.0006750675067507256
1697496000000,2023-10-16T22:40:00Z,0.08882,0.08886,0.08879,0.08885,83314,7399.33175,0.08882,0.08887,0.08881,0.08885,0.08888,0.08893,0.08887,0.08891,-0.00065729,-0.00061336,-0.00075598,-0.00061336,-6.0000000000004494e-05,-0.0006748397255652288
1697496300000,2023-10-16T22:45:00Z,0.08885,0.08893,0.08884,0.08888,98905,8790.15471,0.08885,0.08893,0.08884,0.08888,0.08891,0.08898,0.08889,0.08893,-0.00061336,-0.00023355,-0.00062275,-0.00062275,-4.999999999999449e-05,-0.0005622399640165804
1697496600000,2023-10-16T22:50:00Z,0.08888,0.08891,0.08886,0.08886,26417,2348.07687,0.08888,0.08891,0.08887,0.08887,0.08893,0.08895,0.08892,0.08893,-0.00062275,-0.00053614,-0.00055122,-0.00055122,-7.000000000000062e-05,-0.0007871359496233062
1697496900000,2023-10-16T22:55:00Z,0.08886,0.0889,0.08885,0.08889,21455,1906.65431,0.08887,0.0889,0.08885,0.08889,0.08893,0.08897,0.08891,0.08896,-0.00055122,-0.00025059,-0.00041483,-0.00041483,-7.000000000000062e-05,-0.0007868705035971292
1697497200000,2023-10-16T23:00:00Z,0.08889,0.08891,0.08885,0.08888,21664,1925.66077,0.08889,0.08893,0.08885,0.08888,0.08896,0.089,0.0889,0.08895,-0.00041483,-0.0003478,-0.00040956,-0.0003478,-7.000000000000062e-05,-0.0007869589657110806
1697497500000,2023-10-16T23:05:00Z,0.08888,0.08889,0.08883,0.08883,67530,5999.53151,0.08888,0.08889,0.08884,0.08884,0.08895,0.08895,0.0889,0.08891,-0.0003478,-0.00057325,-0.00074755,-0.00074755,-7.999999999999674e-05,-0.0008997863007535343
1697497800000,2023-10-16T23:10:00Z,0.08883,0.0889,0.08883,0.08888,56758,5044.63527,0.08884,0.0889,0.08884,0.08888,0.08891,0.08895,0.08891,0.08894,-0.00074755,-0.00040616,-0.00048347,-0.00048347,-6.0000000000004494e-05,-0.0006746120980436754
1697498100000,2023-10-16T23:15:00Z,0.08888,0.08888,0.08879,0.0888,6807,604.6858,0.08888,0.08888,0.08879,0.0888,0.08894,0.08894,0.08885,0.08886,-0.00048347,-0.00051856,-0.00068392,-0.00068392,-5.9999999999990616e-05,-0.0006752194463199485
1697498400000,2023-10-16T23:20:00Z,0.0888,0.08882,0.08875,0.08882,9757,866.32472,0.0888,0.08883,0.08875,0.08883,0.08886,0.0889,0.08881,0.0889,-0.00068392,-0.00031907,-0.00055459,-0.00031907,-8.000000000001062e-05,-0.0008998875140608617
1697498700000,2023-10-16T23:25:00Z,0.08882,0.08883,0.08882,0.08882,6079,539.95403,0.08883,0.08883,0.08882,0.08882,0.0889,0.0889,0.08886,0.08886,-0.00031907,-0.00056255,-0.00056255,-0.00056255,-3.999999999999837e-05,-0.00045014629754668435
1697499000000,2023-10-16T23:30:00Z,0.08882,0.08884,0.0888,0.0888,280286,24897.72544,0.08882,0.08887,0.0888,0.08881,0.08886,0.08893,0.08886,0.08888,-0.00056255,-0.00075573,-0.00078697,-0.00075573,-7.999999999999674e-05,-0.0009000900090008634
1697499300000,2023-10-16T23:35:00Z,0.0888,0.08881,0.0888,0.0888,38132,3386.49807,0.08881,0.08883,0.0888,0.08881,0.08888,0.08891,0.08887,0.08889,-0.00075573,-0.00086432,-0.00088041,-0.00086432,-8.999999999999286e-05,-0.0010124873439081208
1697499600000,2023-10-16T23:40:00Z,0.0888,0.08886,0.0888,0.08885,28134,2498.6658,0.08881,0.08886,0.0888,0.08885,0.08889,0.08894,0.08889,0.08892,-0.00086432,-0.00053475,-0.00078412,-0.00078412,-7.000000000000062e-05,-0.0007872244714350047
1697499900000,2023-10-16T23:45:00Z,0.08885,0.08886,0.08882,0.08882,3874,344.17037,0.08885,0.08886,0.08883,0.08885,0.08892,0.08892,0.08889,0.08891,-0.00078412,-0.00060618,-0.0006343,-0.00060618,-9.000000000000674e-05,-0.0010122595883478433
1697500200000,2023-10-16T23:50:00Z,0.08882,0.08882,0.08878,0.08878,3136,278.51764,0.08885,0.08885,0.08878,0.08878,0.08891,0.08891,0.08885,0.08885,-0.00060618,-0.00052379,-0.00058904,-0.00058904,-7.000000000000062e-05,-0.0007878446820484031
1697500500000,2023-10-16T23:55:00Z,0.08878,0.08884,0.08877,0.08879,374108,33225.43532,0.08878,0.08884,0.08877,0.08879,0.08885,0.08886,0.08883,0.08884,-0.00058904,-0.00024369,-0.00062086,-0.00024369,-5.000000000000837e-05,-0.0005628095452499816
1697500800000,2023-10-17T00:00:00Z,0.08879,0.08884,0.08877,0.08879,65121,5783.01712,0.08879,0.08884,0.08878,0.08879,0.08884,0.08889,0.08883,0.08885,-0.00024369,-0.00038923,-0.00064873,-0.00038923,-6.0000000000004494e-05,-0.0006752954417558188
1697501100000,2023-10-17T00:05:00Z,0.08879,0.08881,0.08872,0.08872,76865,6823.26216,0.08879,0.08881,0.08872,0.08873,0.08885,0.08887,0.08877,0.08878,-0.00038923,-0.00033791,-0.00045034,-0.00033791,-6.0000000000004494e-05,-0.0006758278891642769
1697501400000,2023-10-17T00:10:00Z,0.08872,0.08876,0.08868,0.08869,232441,20618.6971,0.08873,0.08877,0.08868,0.08872,0.08878,0.08881,0.08872,0.08876,-0.00033791,-0.00021245,-0.0004796,-0.0004796,-7.000000000000062e-05,-0.0007886435331230353
1697501700000,2023-10-17T00:15:00Z,0.08869,0.08869,0.08864,0.08864,4102,363.69689,0.08872,0.08872,0.08864,0.08864,0.08876,0.08876,0.0887,0.0887,-0.0004796,-0.00059993,-0.00066587,-0.00066587,-6.0000000000004494e-05,-0.0006764374295378184
1697502000000,2023-10-17T00:20:00Z,0.08864,0.08866,0.08861,0.08864,58120,5151.53312,0.08864,0.08867,0.08861,0.08864,0.0887,0.08873,0.08868,0.0887,-0.00066587,-0.00045005,-0.00077978,-0.00045005,-6.0000000000004494e-05,-0.0006764374295378184
1697502300000,2023-10-17T00:25:00Z,0.08864,0.0887,0.08855,0.08859,222874,19753.34973,0.08864,0.0887,0.08857,0.0886,0.0887,0.08875,0.08861,0.08864,-0.00045005,-0.0003011,-0.00051364,-0.00051364,-4.999999999999449e-05,-0.0005640794223826093
1697502600000,2023-10-17T00:30:00Z,0.08859,0.0887,0.08859,0.08869,26234,2325.87331,0.0886,0.08871,0.08859,0.0887,0.08864,0.08876,0.08862,0.08876,-0.00051364,-0.00046855,-0.00059794,-0.00046855,-7.000000000000062e-05,-0.0007886435331230353
1697502900000,2023-10-17T00:35:00Z,0.08869,0.08869,0.08854,0.08854,118434,10498.30396,0.0887,0.08871,0.08854,0.08854,0.08876,0.08877,0.08859,0.08859,-0.00046855,-0.00031392,-0.00036018,-0.00031392,-5.000000000000837e-05,-0.0005643977875607673
1697503200000,2023-10-17T00:40:00Z,0.08854,0.08855,0.08846,0.08846,39097,3460.31283,0.08854,0.08856,0.08847,0.08848,0.08859,0.08861,0.08851,0.08852,-0.00031392,0,-0.00024438,0,-6.0000000000004494e-05,-0.0006778129236331281
1697503500000,2023-10-17T00:45:00Z,0.08846,0.08849,0.08841,0.08845,79029,6990.02415,0.08848,0.08852,0.08843,0.08846,0.08852,0.08857,0.08851,0.08854,0,-0.00081115,-0.00092509,-0.00092509,-8.999999999999286e-05,-0.0010164897221593954
1697503800000,2023-10-17T00:50:00Z,0.08845,0.08846,0.08841,0.08841,48218,4263.47259,0.08846,0.08847,0.08841,0.08842,0.08854,0.08855,0.08847,0.0885,-0.00092509,-0.00019554,-0.0006197,-0.00019554,-8.999999999999286e-05,-0.0010169491525422922
1697504100000,2023-10-17T00:55:00Z,0.08841,0.08844,0.0884,0.0884,6525,576.93217,0.08842,0.08846,0.0884,0.0884,0.0885,0.08854,0.08845,0.08846,-0.00019554,-0.00064658,-0.00085028,-0.00064658,-5.9999999999990616e-05,-0.0006782726656114698
1697504400000,2023-10-17T01:00:00Z,0.0884,0.08845,0.0884,0.08844,11235,993.59188,0.0884,0.08847,0.0884,0.08846,0.08846,0.08853,0.08845,0.08852,-0.00064658,-0.00062291,-0.00070379,-0.00070379,-7.999999999999674e-05,-0.0009037505648440662
1697504700000,2023-10-17T01:05:00Z,0.08844,0.08851,0.08843,0.08843,36429,3222.71676,0.08846,0.08851,0.08843,0.08843,0.08852,0.08857,0.08848,0.08848,-0.00070379,-0.00042694,-0.00047881,-0.00047881,-5.000000000000837e-05,-0.0005650994575046154
1697505000000,2023-10-17T01:10:00Z,0.08843,0.08845,0.08841,0.08845,39419,3485.37105,0.08843,0.08846,0.08842,0.08845,0.08848,0.08854,0.08848,0.08853,-0.00047881,-0.00056192,-0.00069054,-0.00069054,-7.999999999999674e-05,-0.0009036484807409549
1697505300000,2023-10-17T01:15:00Z,0.08845,0.08848,0.08843,0.08848,6837,604.72522,0.08845,0.08848,0.08843,0.08848,0.08853,0.08855,0.08851,0.08855,-0.00069054,-0.00043205,-0.00044273,-0.00044273,-7.000000000000062e-05,-0.0007905138339921018
1697505600000,2023-10-17T01:20:00Z,0.08848,0.08855,0.08847,0.08854,14491,1282.94704,0.08848,0.08855,0.08847,0.08854,0.08855,0.0886,0.08853,0.0886,-0.00044273,-0.00056996,-0.00067911,-0.00067911,-6.0000000000004494e-05,-0.000677200902934588
1697505900000,2023-10-17T01:25:00Z,0.08854,0.0886,0.08854,0.08859,3378,299.19224,0.08854,0.08861,0.08854,0.08859,0.0886,0.08868,0.0886,0.08867,-0.00067911,-0.00041062,-0.00062426,-0.00041062,-7.999999999999674e-05,-0.000902221720987896
1697506200000,2023-10-17T01:30:00Z,0.08859,0.0886,0.08859,0.08859,5933,525.64308,0.08859,0.0886,0.08859,0.08859,0.08867,0.08867,0.08863,0.08864,-0.00041062,-0.00052255,-0.00063719,-0.00063719,-4.999999999999449e-05,-0.0005640794223826093
1697506500000,2023-10-17T01:35:00Z,0.08859,0.08859,0.08855,0.08855,11485,1017.35387,0.08859,0.08861,0.08856,0.08856,0.08864,0.08865,0.0886,0.0886,-0.00063719,-0.00018605,-0.00063849,-0.00063849,-4.999999999999449e-05,-0.0005643340857787189
1697506800000,2023-10-17T01:40:00Z,0.08855,0.08863,0.08853,0.08858,16209,1435.66507,0.08856,0.08866,0.08854,0.08859,0.0886,0.08872,0.08859,0.08866,-0.00063849,-0.00070304,-0.00072091,-0.00070304,-7.999999999999674e-05,-0.0009023234829686075
1697507100000,2023-10-17T01:45:00Z,0.08858,0.0886,0.08858,0.08859,9917,878.56889,0.08859,0.08863,0.08859,0.08861,0.08866,0.0887,0.08865,0.08868,-0.00070304,-0.00045583,-0.0004688,-0.00045583,-8.999999999999286e-05,-0.00101488497970222
1697507400000,2023-10-17T01:50:00Z,0.08859,0.0886,0.08858,0.08858,25601,2268.06556,0.08861,0.08862,0.08858,0.08858,0.08868,0.08869,0.08866,0.08867,-0.00045583,-0.0008394,-0.00101477,-0.0008394,-8.999999999999286e-05,-0.0010149994361113438
1697507700000,2023-10-17T01:55:00Z,0.08858,0.08858,0.08855,0.08858,20768,1839.5199,0.08858,0.08858,0.08855,0.08858,0.08867,0.08867,0.08862,0.08866,-0.0008394,-0.00059878,-0.0008441,-0.00059878,-7.999999999999674e-05,-0.0009023234829686075
1697508000000,2023-10-17T02:00:00Z,0.08858,0.08858,0.08853,0.08855,21061,1864.86907,0.08858,0.08859,0.08853,0.08856,0.08866,0.08867,0.08861,0.08864,-0.00059878,-0.00065034,-0.00069866,-0.00069866,-8.999999999999286e-05,-0.0010153429602887281
1697508300000,2023-10-17T02:05:00Z,0.08855,0.08856,0.08854,0.08854,13728,1215.6771,0.08856,0.08858,0.08855,0.08855,0.08864,0.08868,0.0886,0.08863,-0.00069866,-0.0003565,-0.00042507,-0.00042507,-9.000000000000674e-05,-0.001015457520027155
1697508600000,2023-10-17T02:10:00Z,0.08854,0.08859,0.08854,0.08859,8377,741.9286,0.08855,0.0886,0.08854,0.08859,0.08863,0.08866,0.0886,0.08865,-0.00042507,-0.00047089,-0.00058533,-0.00058533,-6.0000000000004494e-05,-0.0006768189509306767
1697508900000,2023-10-17T02:15:00Z,0.08859,0.0886,0.08856,0.08856,54826,4856.71555,0.08859,0.08863,0.08857,0.08857,0.08865,0.08869,0.08863,0.08863,-0.00058533,-0.00056401,-0.00067674,-0.00067674,-7.000000000000062e-05,-0.0007898002933544016
1697509200000,2023-10-17T02:20:00Z,0.08856,0.08856,0.08846,0.08849,109119,9654.78539,0.08857,0.08857,0.08847,0.08849,0.08863,0.08863,0.08854,0.08857,-0.00067674,-0.00059758,-0.00067186,-0.00059758,-7.999999999999674e-05,-0.0009032403748447188
1697509500000,2023-10-17T02:25:00Z,0.08849,0.08864,0.08848,0.08864,345647,30619.22305,0.08849,0.08867,0.08849,0.08867,0.08857,0.08875,0.08857,0.08875,-0.00059758,-0.00109742,-0.00123999,-0.00123999,-0.00010999999999999899,-0.0012394366197182986
1697509800000,2023-10-17T02:30:00Z,0.08864,0.08864,0.08861,0.08861,10669,945.69191,0.08867,0.08867,0.08861,0.08862,0.08875,0.08875,0.08868,0.08871,-0.00123999,-0.00072644,-0.00073185,-0.00072644,-0.00010000000000000286,-0.001127268628114112
1697510100000,2023-10-17T02:35:00Z,0.08861,0.08863,0.0886,0.08863,6594,584.30377,0.08862,0.08865,0.0886,0.08865,0.08871,0.08871,0.08867,0.08871,-0.00072644,-0.0003673,-0.0005182,-0.0003673,-7.999999999999674e-05,-0.000901814902491227
1697510400000,2023-10-17T02:40:00Z,0.08863,0.08863,0.08858,0.08861,8904,788.94017,0.08865,0.08865,0.08858,0.08863,0.08871,0.08871,0.08865,0.08869,-0.0003673,-0.00041506,-0.00045939,-0.00041506,-8.000000000001062e-05,-0.0009020182658700035
1697510700000,2023-10-17T02:45:00Z,0.08861,0.08861,0.08858,0.08858,30468,2699.15731,0.08863,0.08863,0.08858,0.08859,0.08869,0.0887,0.08865,0.08868,-0.00041506,-0.0006467,-0.00088791,-0.0006467,-9.999999999998899e-05,-0.0011276499774468764
1697511000000,2023-10-17T02:50:00Z,0.08858,0.08864,0.08858,0.08863,65184,5776.11679,0.08859,0.08864,0.08858,0.08863,0.08868,0.08873,0.08865,0.08872,-0.0006467,-0.0002836,-0.00078449,-0.00078449,-8.999999999999286e-05,-0.0010144274120828772
1697511300000,2023-10-17T02:55:00Z,0.08863,0.08863,0.08863,0.08863,622,55.12786,0.08863,0.08865,0.08863,0.08863,0.08872,0.08873,0.08869,0.0887,-0.00078449,-0.0007188,-0.00078618,-0.0007188,-7.000000000000062e-05,-0.0007891770011274027
1697511600000,2023-10-17T03:00:00Z,0.08863,0.08867,0.08863,0.08865,106748,9464.02676,0.08863,0.08867,0.08863,0.08865,0.0887,0.08873,0.08869,0.0887,-0.0007188,-0.00060824,-0.00066268,-0.00066268,-4.999999999999449e-05,-0.0005636978579480778
1697511900000,2023-10-17T03:05:00Z,0.08865,0.08868,0.08865,0.08868,18427,1633.9047,0.08865,0.08868,0.08865,0.08868,0.0887,0.08875,0.0887,0.08874,-0.00066268,-0.00053211,-0.000548,-0.000548,-6.0000000000004494e-05,-0.0006761325219743576
1697512200000,2023-10-17T03:10:00Z,0.08868,0.08868,0.08864,0.08867,4157,368.53988,0.08868,0.08869,0.08864,0.08868,0.08874,0.08876,0.08869,0.08875,-0.000548,-0.00010483,-0.00068488,-0.00068488,-7.999999999999674e-05,-0.0009014084507041886
1697512500000,2023-10-17T03:15:00Z,0.08867,0.08867,0.08867,0.08867,580,51.4286,0.08868,0.08869,0.08867,0.08869,0.08875,0.08877,0.08874,0.08877,-0.00068488,-0.00065802,-0.00073774,-0.00073774,-0.00010000000000000286,-0.0011265067027149134
1697512800000,2023-10-17T03:20:00Z,0.08867,0.0887,0.08867,0.08869,4351,385.85116,0.08869,0.08873,0.08869,0.08869,0.08877,0.08882,0.08877,0.08878,-0.00073774,-0.00091677,-0.00099144,-0.00099144,-8.999999999999286e-05,-0.001013741833746259
1697513100000,2023-10-17T03:25:00Z,0.08869,0.0887,0.08865,0.08865,15342,1360.4511,0.08869,0.0887,0.08865,0.08865,0.08878,0.08878,0.08873,0.08873,-0.00099144,-0.0007674,-0.00077337,-0.00077337,-7.999999999999674e-05,-0.0009016116307900004
1697513400000,2023-10-17T03:30:00Z,0.08865,0.08869,0.08864,0.08868,13493,1196.18558,0.08865,0.08869,0.08864,0.08868,0.08873,0.08876,0.08872,0.08875,-0.00077337,-0.00064488,-0.00075245,-0.00064488,-7.000000000000062e-05,-0.0007887323943662042
1697513700000,2023-10-17T03:35:00Z,0.08868,0.08868,0.08865,0.08866,19350,1715.60315,0.08868,0.08869,0.08865,0.08867,0.08875,0.08876,0.08871,0.08875,-0.00064488,-0.00054238,-0.00067605,-0.00054238,-8.999999999999286e-05,-0.0010140845070421732
1697514000000,2023-10-17T03:40:00Z,0.08866,0.08866,0.08865,0.08866,5853,518.92199,0.08867,0.08868,0.08865,0.08866,0.08875,0.08875,0.0887,0.08873,-0.00054238,-0.00038022,-0.00046511,-0.00038022,-7.000000000000062e-05,-0.0007889101769412895
1697514300000,2023-10-17T03:45:00Z,0.08866,0.08869,0.08865,0.08865,3803,337.17105,0.08866,0.08869,0.08865,0.08869,0.08873,0.08876,0.08872,0.08876,-0.00038022,-0.00043304,-0.00057984,-0.00043304,-0.00010999999999999899,-0.0012392969806218903
1697514600000,2023-10-17T03:50:00Z,0.08865,0.08868,0.08865,0.08866,80641,7150.44896,0.08869,0.08869,0.08865,0.08867,0.08876,0.08876,0.08871,0.08874,-0.00043304,-0.00025811,-0.0007423,-0.0007423,-7.999999999999674e-05,-0.0009015100292990392
1697514900000,2023-10-17T03:55:00Z,0.08866,0.08868,0.08865,0.08867,21601,1915.3987,0.08867,0.0887,0.08867,0.08868,0.08874,0.08876,0.08873,0.08876,-0.0007423,-0.00054816,-0.00084384,-0.00054816,-9.000000000000674e-05,-0.001013970256872541
1697515200000,2023-10-17T04:00:00Z,0.08867,0.08867,0.08859,0.0886,148958,13201.16648,0.08868,0.08869,0.0886,0.08862,0.08876,0.08877,0.08868,0.08871,-0.00054816,-0.0008282,-0.00104485,-0.0008282,-0.00010999999999999899,-0.001239995490925476
1697515500000,2023-10-17T04:05:00Z,0.0886,0.0886,0.0885,0.0885,103224,9137.6326,0.08862,0.08862,0.08851,0.08851,0.08871,0.08871,0.08858,0.08861,-0.0008282,-0.00082029,-0.00103587,-0.00103587,-0.00010999999999999899,-0.0012413948764247713
1697515800000,2023-10-17T04:10:00Z,0.0885,0.08862,0.0885,0.0886,49437,4377.49592,0.08851,0.08862,0.08851,0.0886,0.08861,0.08871,0.08861,0.0887,-0.00103587,-0.00100484,-0.00108376,-0.00108376,-0.00010000000000000286,-0.0011273957158963119
1697516100000,2023-10-17T04:15:00Z,0.0886,0.0886,0.08852,0.08859,629279,55717.21467,0.0886,0.08861,0.08855,0.08859,0.0887,0.08871,0.08866,0.08869,-0.00108376,-0.00101003,-0.00107973,-0.00101003,-0.00010000000000000286,-0.001127522832337387
1697516400000,2023-10-17T04:20:00Z,0.08859,0.08865,0.08859,0.08865,70276,6229.19662,0.08859,0.08867,0.08859,0.08867,0.08869,0.08875,0.08867,0.08875,-0.00101003,-0.00069912,-0.00079404,-0.00069912,-9.999999999998899e-05,-0.0011267605633801577
1697516700000,2023-10-17T04:25:00Z,0.08865,0.08866,0.08863,0.08866,57512,5098.44329,0.08867,0.08868,0.08863,0.08867,0.08875,0.08876,0.08872,0.08876,-0.00069912,-0.00079197,-0.00079197,-0.00079197,-0.00010000000000000286,-0.0011266336187472157
1697517000000,2023-10-17T04:30:00Z,0.08866,0.08867,0.08866,0.08866,7336,650.42104,0.08867,0.08869,0.08866,0.08867,0.08876,0.08878,0.08875,0.08877,-0.00079197,-0.00086842,-0.00092586,-0.00086842,-0.00010999999999999899,-0.0012391573729863578
1697517300000,2023-10-17T04:35:00Z,0.08866,0.0887,0.08866,0.08869,15008,1330.99394,0.08867,0.0887,0.08867,0.08869,0.08877,0.08879,0.08876,0.08877,-0.00086842,-0.00072468,-0.00083723,-0.00072468,-7.999999999999674e-05,-0.0009012053621718682
1697517600000,2023-10-17T04:40:00Z,0.08869,0.0887,0.08863,0.08867,26365,2337.70384,0.08869,0.0887,0.08863,0.08867,0.08877,0.08878,0.08871,0.08874,-0.00072468,-0.00053341,-0.00079564,-0.00053341,-7.000000000000062e-05,-0.0007888212756366985
1697517900000,2023-10-17T04:45:00Z,0.08867,0.0887,0.08867,0.0887,8293,735.42444,0.08867,0.08873,0.08867,0.08871,0.08874,0.08881,0.08874,0.0888,-0.00053341,-0.0007514,-0.00099763,-0.00099763,-0.00010000000000000286,-0.0011261261261261584
1697518200000,2023-10-17T04:50:00Z,0.0887,0.08873,0.08867,0.08869,72574,6438.9611,0.08871,0.08873,0.0887,0.08871,0.0888,0.08882,0.08879,0.0888,-0.00099763,-0.00075078,-0.00098919,-0.00075078,-0.00010999999999999899,-0.0012387387387387274
1697518500000,2023-10-17T04:55:00Z,0.08869,0.08871,0.08866,0.0887,16293,1444.99516,0.08871,0.08871,0.08868,0.0887,0.0888,0.0888,0.08877,0.08878,-0.00075078,-0.00068607,-0.00079862,-0.00068607,-7.999999999999674e-05,-0.0009011038522189316
1697518800000,2023-10-17T05:00:00Z,0.0887,0.0887,0.0886,0.08863,155625,13789.70053,0.0887,0.0887,0.08861,0.08863,0.08878,0.08878,0.0887,0.08873,-0.00068607,-0.00079835,-0.0009531,-0.00079835,-0.00010000000000000286,-0.0011270145384875787
1697519100000,2023-10-17T05:05:00Z,0.08863,0.08867,0.08863,0.08865,74762,6628.43167,0.08863,0.08867,0.08863,0.08866,0.08873,0.08876,0.08871,0.08875,-0.00079835,-0.00075921,-0.00092383,-0.00092383,-9.999999999998899e-05,-0.0011267605633801577
1697519400000,2023-10-17T05:10:00Z,0.08865,0.08874,0.08865,0.08874,22970,2036.75745,0.08866,0.08875,0.08865,0.08874,0.08875,0.08884,0.08874,0.08883,-0.00092383,-0.0007225,-0.0008335,-0.0008335,-9.000000000000674e-05,-0.0010131712259372591
1697519700000,2023-10-17T05:15:00Z,0.08874,0.08875,0.08872,0.08875,13507,1198.62551,0.08874,0.08877,0.08872,0.08875,0.08883,0.08886,0.08882,0.08885,-0.0008335,-0.00076201,-0.00088294,-0.00076201,-0.00010000000000000286,-0.0011254924029263126
1697520000000,2023-10-17T05:20:00Z,0.08875,0.08875,0.08868,0.08868,23887,2119.72141,0.08875,0.08875,0.08868,0.08868,0.08885,0.08885,0.08876,0.08876,-0.00076201,-0.00073183,-0.00079234,-0.00073183,-8.000000000001062e-05,-0.0009013068949978663
1697520300000,2023-10-17T05:25:00Z,0.08868,0.08871,0.08868,0.0887,29145,2585.42832,0.08868,0.08871,0.08868,0.08871,0.08876,0.08879,0.08876,0.08878,-0.00073183,-0.0006328,-0.00066095,-0.0006328,-7.999999999999674e-05,-0.0009011038522189316
1697520600000,2023-10-17T05:30:00Z,0.0887,0.08871,0.08868,0.08868,19462,1726.39555,0.08871,0.08872,0.08869,0.0887,0.08878,0.08879,0.08876,0.08877,-0.0006328,-0.00073316,-0.00074138,-0.00074138,-9.000000000000674e-05,-0.001013856032443469
1697520900000,2023-10-17T05:35:00Z,0.08868,0.08868,0.08863,0.08864,32895,2916.17595,0.0887,0.08871,0.08864,0.08864,0.08877,0.08878,0.08872,0.08874,-0.00074138,-0.00083444,-0.00085033,-0.00085033,-0.00010000000000000286,-0.0011268875366238773
1697521200000,2023-10-17T05:40:00Z,0.08864,0.08867,0.08864,0.08867,4645,411.79715,0.08864,0.08867,0.08864,0.08867,0.08874,0.08876,0.08872,0.08876,-0.00085033,-0.00074095,-0.00087246,-0.00087246,-9.000000000000674e-05,-0.001013970256872541
1697521500000,2023-10-17T05:45:00Z,0.08867,0.08867,0.08861,0.08861,1123,99.55476,0.08867,0.08867,0.08861,0.08861,0.08876,0.08876,0.08868,0.0887,-0.00087246,-0.00079368,-0.00079763,-0.00079368,-9.000000000000674e-05,-0.0010146561443067277
1697521800000,2023-10-17T05:50:00Z,0.08861,0.08862,0.0886,0.0886,1973,174.81958,0.08861,0.08863,0.0886,0.08861,0.0887,0.08871,0.08867,0.08869,-0.00079368,-0.00068008,-0.00071053,-0.00071053,-9.000000000000674e-05,-0.0010147705491036954
1697522100000,2023-10-17T05:55:00Z,0.0886,0.08863,0.0886,0.08863,11544,1023.05862,0.08861,0.08864,0.0886,0.08863,0.08869,0.08872,0.08867,0.08871,-0.00071053,-0.00065426,-0.00069631,-0.00069631,-7.999999999999674e-05,-0.000901814902491227
1697522400000,2023-10-17T06:00:00Z,0.08863,0.08866,0.08859,0.08859,49565,4393.76195,0.08863,0.08866,0.08861,0.08862,0.08871,0.08874,0.08869,0.0887,-0.00069631,-0.00076476,-0.00081758,-0.00081758,-0.00010999999999999899,-0.001240135287485896
1697522700000,2023-10-17T06:05:00Z,0.08859,0.08865,0.08857,0.08863,516450,45752.74298,0.08862,0.08865,0.08857,0.08863,0.0887,0.08872,0.08867,0.08872,-0.00081758,-0.00102255,-0.00113586,-0.00102255,-8.999999999999286e-05,-0.0010144274120828772
1697523000000,2023-10-17T06:10:00Z,0.08863,0.08864,0.0886,0.0886,8139,721.1929,0.08863,0.08864,0.08861,0.08861,0.08872,0.08873,0.0887,0.0887,-0.00102255,-0.00071029,-0.00072272,-0.00071029,-0.00010000000000000286,-0.0011273957158963119
1697523300000,2023-10-17T06:15:00Z,0.0886,0.08866,0.0886,0.08863,54391,4821.08902,0.08861,0.08866,0.0886,0.08863,0.0887,0.08873,0.08869,0.08872,-0.00071029,-0.00058656,-0.00074842,-0.00058656,-8.999999999999286e-05,-0.0010144274120828772
1697523600000,2023-10-17T06:20:00Z,0.08863,0.08866,0.08863,0.08865,45537,4037.27008,0.08863,0.08867,0.08863,0.08866,0.08872,0.08876,0.08872,0.08875,-0.00058656,-0.00079414,-0.00085757,-0.00079414,-9.999999999998899e-05,-0.0011267605633801577
1697523900000,2023-10-17T06:25:00Z,0.08865,0.08866,0.08858,0.08859,12243,1084.92809,0.08866,0.08866,0.08859,0.08859,0.08875,0.08875,0.08866,0.08866,-0.00079414,-0.00069732,-0.00082863,-0.00082863,-7.000000000000062e-05,-0.0007895330475975707
1697524200000,2023-10-17T06:30:00Z,0.08859,0.08859,0.08852,0.08853,125670,11126.85715,0.08859,0.08859,0.08852,0.08853,0.08866,0.08867,0.08861,0.08861,-0.00082863,-0.00057894,-0.00070392,-0.00057894,-7.999999999999674e-05,-0.0009028326373998053
1697524500000,2023-10-17T06:35:00Z,0.08853,0.08854,0.08851,0.08851,129445,11459.0331,0.08853,0.08855,0.08852,0.08852,0.08861,0.08863,0.0886,0.08861,-0.00057894,-0.0008385,-0.00090498,-0.00090498,-9.999999999998899e-05,-0.0011285407967496783
1697524800000,2023-10-17T06:40:00Z,0.08851,0.08859,0.08851,0.08857,169854,15040.41639,0.08852,0.08859,0.08851,0.08857,0.08861,0.08865,0.0886,0.08865,-0.00090498,-0.00094708,-0.00101624,-0.00101624,-8.000000000001062e-05,-0.0009024252679076211
1697525100000,2023-10-17T06:45:00Z,0.08857,0.08858,0.08847,0.0885,96260,8519.79624,0.08857,0.08858,0.08847,0.0885,0.08865,0.08865,0.08856,0.08858,-0.00101624,-0.0006463,-0.00082277,-0.00082277,-8.000000000001062e-05,-0.0009031384059608333
1697525400000,2023-10-17T06:50:00Z,0.0885,0.0885,0.08848,0.08848,20669,1828.95545,0.0885,0.08851,0.08849,0.0885,0.08858,0.0886,0.08857,0.08859,-0.00082277,-0.00085551,-0.00095767,-0.00095767,-0.00010999999999999899,-0.0012416751326334687
1697525700000,2023-10-17T06:55:00Z,0.08848,0.08851,0.08848,0.08848,62503,5530.78431,0.0885,0.08851,0.08848,0.08848,0.08859,0.0886,0.08858,0.08858,-0.00095767,-0.00069835,-0.00112879,-0.00112879,-0.00010000000000000286,-0.0011289230074509242
1697526000000,2023-10-17T07:00:00Z,0.08848,0.08849,0.08845,0.08848,171932,15210.73304,0.08848,0.08849,0.08845,0.08848,0.08858,0.08859,0.08855,0.08857,-0.00112879,-0.00093655,-0.0010885,-0.00093655,-8.999999999999286e-05,-0.0010161454217002695
1697526300000,2023-10-17T07:05:00Z,0.08848,0.08849,0.0884,0.0884,26642,2355.60974,0.08848,0.08849,0.08841,0.08841,0.08857,0.08859,0.0885,0.08851,-0.00093655,-0.00081615,-0.00104315,-0.00104315,-0.00010999999999999899,-0.0012427974240198732
1697526600000,2023-10-17T07:10:00Z,0.0884,0.08844,0.0884,0.08842,13550,1198.046,0.08841,0.08844,0.0884,0.08842,0.08851,0.08853,0.08849,0.08852,-0.00104315,-0.00101502,-0.00105173,-0.00105173,-0.00010000000000000286,-0.0011296882060551612
1697526900000,2023-10-17T07:15:00Z,0.08842,0.08848,0.08842,0.08847,6795,600.92497,0.08842,0.08848,0.08842,0.08847,0.08852,0.08857,0.0885,0.08856,-0.00105173,-0.00083265,-0.00086269,-0.00086269,-9.000000000000674e-05,-0.0010162601626017022
1697527200000,2023-10-17T07:20:00Z,0.08847,0.08847,0.08844,0.08844,13162,1164.27848,0.08847,0.08847,0.08844,0.08844,0.08856,0.08856,0.0885,0.08853,-0.00086269,-0.000737,-0.00085609,-0.00085609,-8.999999999999286e-05,-0.0010166045408335352
1697527500000,2023-10-17T07:25:00Z,0.08844,0.08845,0.08841,0.08841,4773,422.05232,0.08844,0.08846,0.08841,0.08842,0.08853,0.08854,0.0885,0.08851,-0.00085609,-0.00091808,-0.00103896,-0.00091808,-0.00010000000000000286,-0.0011298158400181093
1697527800000,2023-10-17T07:30:00Z,0.08841,0.08841,0.0884,0.08841,74799,6612.59295,0.08842,0.08843,0.0884,0.08841,0.08851,0.08853,0.08849,0.08852,-0.00091808,-0.00102157,-0.00103638,-0.00103638,-0.00010999999999999899,-0.0012426570266606302
1697528100000,2023-10-17T07:35:00Z,0.08841,0.08843,0.08841,0.08842,262,23.16666,0.08841,0.08843,0.08841,0.08842,0.08852,0.08853,0.08851,0.08852,-0.00103638,-0.00063838,-0.00093855,-0.00063838,-0.00010000000000000286,-0.0011296882060551612
1697528400000,2023-10-17T07:40:00Z,0.08842,0.0885,0.0884,0.0884,313615,27739.51575,0.08842,0.0885,0.08842,0.08843,0.08852,0.08857,0.08848,0.08848,-0.00063838,-0.00063791,-0.00070667,-0.00070667,-7.999999999999674e-05,-0.0009041591320071964
1697528700000,2023-10-17T07:45:00Z,0.0884,0.08844,0.08831,0.08844,186562,16486.77819,0.08843,0.08844,0.08831,0.08844,0.08848,0.08848,0.08836,0.08845,-0.00070667,-0.00017019,-0.00025367,-0.00017019,-9.999999999996123e-06,-0.00011305822498582389
1697529000000,2023-10-17T07:50:00Z,0.08844,0.08847,0.0884,0.08845,194434,17194.8925,0.08844,0.08847,0.0884,0.08845,0.08845,0.08851,0.08844,0.08849,-0.00017019,-0.00028487,-0.00037386,-0.00028487,-3.999999999999837e-05,-0.0004520284777940826
1697529300000,2023-10-17T07:55:00Z,0.08845,0.08847,0.08836,0.08836,327444,28958.40912,0.08845,0.08847,0.08838,0.08841,0.08849,0.08849,0.08841,0.08844,-0.00028487,0,-0.00049683,-0.00049683,-8.000000000001062e-05,-0.0009045680687472932
1697529600000,2023-10-17T08:00:00Z,0.08836,0.08842,0.08836,0.0884,287903,25453.17528,0.08841,0.08843,0.08837,0.08841,0.08844,0.08847,0.0884,0.08845,-0.00049683,-0.00029065,-0.00040273,-0.00040273,-4.999999999999449e-05,-0.0005652911249292763
1697529900000,2023-10-17T08:05:00Z,0.0884,0.08843,0.08834,0.08843,893594,78972.3785,0.08841,0.08844,0.08837,0.08843,0.08845,0.08848,0.08842,0.08845,-0.00040273,-0.00035722,-0.00045414,-0.00035722,-2.0000000000006124e-05,-0.0002261164499718047
1697530200000,2023-10-17T08:10:00Z,0.08843,0.08843,0.08836,0.0884,157308,13908.7808,0.08843,0.08843,0.08838,0.0884,0.08845,0.08846,0.08843,0.08844,-0.00035722,-0.00052052,-0.00060045,-0.00060045,-3.999999999999837e-05,-0.0004522840343735682
1697530500000,2023-10-17T08:15:00Z,0.0884,0.0884,0.08832,0.08835,131375,11604.49153,0.0884,0.0884,0.08834,0.08836,0.08844,0.08845,0.08839,0.08842,-0.00060045,-0.00046029,-0.00058416,-0.00058416,-7.000000000000062e-05,-0.0007916760913820473
1697530800000,2023-10-17T08:20:00Z,0.08835,0.08835,0.08831,0.08831,90862,8025.50915,0.08836,0.08836,0.08833,0.08835,0.08842,0.08842,0.08839,0.08841,-0.00058416,-0.00038303,-0.00045492,-0.00038303,-0.00010000000000000286,-0.0011310937676733725
1697531100000,2023-10-17T08:25:00Z,0.08831,0.08834,0.08831,0.08833,42736,3775.05633,0.08835,0.08835,0.08832,0.08833,0.08841,0.08841,0.08839,0.08839,-0.00038303,-0.00050729,-0.00072865,-0.00050729,-5.9999999999990616e-05,-0.0006788098201152915
1697531400000,2023-10-17T08:30:00Z,0.08833,0.08839,0.08833,0.08839,31869,2815.45452,0.08833,0.0884,0.08833,0.08839,0.08839,0.08848,0.08839,0.08845,-0.00050729,-0.00061903,-0.00074265,-0.00074265,-6.0000000000004494e-05,-0.0006783493499152571
1697531700000,2023-10-17T08:35:00Z,0.08839,0.08848,0.08838,0.08848,16847,1489.60135,0.08839,0.08848,0.08838,0.08848,0.08845,0.08854,0.08844,0.08853,-0.00074265,-0.00037008,-0.00046074,-0.00046074,-4.999999999999449e-05,-0.0005647803004630576
1697532000000,2023-10-17T08:40:00Z,0.08848,0.08848,0.08845,0.08845,22501,1990.23259,0.08848,0.08848,0.08845,0.08845,0.08853,0.08854,0.0885,0.0885,-0.00046074,-0.0007463,-0.00079306,-0.0007463,-4.999999999999449e-05,-0.0005649717514123672
1697532300000,2023-10-17T08:45:00Z,0.08845,0.08853,0.08845,0.08852,23196,2052.5016,0.08845,0.08854,0.08845,0.08853,0.0885,0.08859,0.0885,0.08858,-0.0007463,-0.00033092,-0.00042474,-0.00042474,-6.0000000000004494e-05,-0.0006773538044705857
1697532600000,2023-10-17T08:50:00Z,0.08852,0.08852,0.08848,0.0885,40286,3565.08818,0.08853,0.08853,0.08848,0.0885,0.08858,0.08859,0.08853,0.08857,-0.00042474,-0.00061781,-0.00064115,-0.00061781,-7.000000000000062e-05,-0.0007903353279891681
1697532900000,2023-10-17T08:55:00Z,0.0885,0.08852,0.0885,0.08851,10962,970.31019,0.0885,0.08853,0.0885,0.08851,0.08857,0.08859,0.08855,0.08858,-0.00061781,-0.00045619,-0.0005736,-0.0005736,-7.000000000000062e-05,-0.0007902461052156312
1697533200000,2023-10-17T09:00:00Z,0.08851,0.08853,0.08849,0.0885,54107,4789.78839,0.08851,0.08853,0.08849,0.0885,0.08858,0.08858,0.08855,0.08855,-0.0005736,-0.00056446,-0.00063708,-0.00063708,-5.000000000000837e-05,-0.0005646527385658765
1697533500000,2023-10-17T09:05:00Z,0.0885,0.0885,0.08847,0.08847,12936,1144.60315,0.0885,0.0885,0.08847,0.08847,0.08855,0.08856,0.0885,0.0885,-0.00063708,-0.00039053,-0.00046792,-0.00039053,-3.0000000000002247e-05,-0.000338983050847483
1697533800000,2023-10-17T09:10:00Z,0.08847,0.08847,0.08845,0.08845,14542,1286.26254,0.08847,0.08847,0.08845,0.08845,0.0885,0.08852,0.08849,0.08849,-0.00039053,-0.00052982,-0.00057919,-0.00057919,-3.999999999999837e-05,-0.0004520284777940826
1697534100000,2023-10-17T09:15:00Z,0.08845,0.08845,0.08836,0.08836,431272,38123.44926,0.08845,0.08846,0.08836,0.08836,0.08849,0.08852,0.08842,0.08842,-0.00057919,-0.00045202,-0.00054849,-0.00054849,-6.0000000000004494e-05,-0.0006785795068989425
1697534400000,2023-10-17T09:20:00Z,0.08836,0.08839,0.08835,0.08839,5291,467.47957,0.08836,0.08839,0.08835,0.08839,0.08842,0.08844,0.0884,0.08843,-0.00054849,-0.0001954,-0.00033925,-0.00033925,-3.999999999999837e-05,-0.0004523351803686348
1697534700000,2023-10-17T09:25:00Z,0.08839,0.08839,0.08836,0.08837,11554,1021.02859,0.08839,0.0884,0.08837,0.08838,0.08843,0.08844,0.08841,0.08843,-0.00033925,-0.00048331,-0.00050491,-0.00050491,-5.9999999999990616e-05,-0.0006785027705528737
1697535000000,2023-10-17T09:30:00Z,0.08837,0.08839,0.08837,0.08839,5307,469.02309,0.08838,0.08841,0.08837,0.08839,0.08843,0.08847,0.08842,0.08846,-0.00050491,-0.00065973,-0.00066199,-0.00066199,-7.000000000000062e-05,-0.0007913181098801788
1697535300000,2023-10-17T09:35:00Z,0.08839,0.08839,0.08838,0.08839,27367,2418.89453,0.08839,0.0884,0.08839,0.08839,0.08846,0.08847,0.08842,0.08843,-0.00066199,-0.00064443,-0.00073943,-0.00064443,-3.999999999999837e-05,-0.0004523351803686348
1697535600000,2023-10-17T09:40:00Z,0.08839,0.08839,0.08833,0.08835,76105,6723.54939,0.08839,0.08839,0.08835,0.08835,0.08843,0.08844,0.08838,0.08839,-0.00064443,-0.0003971,-0.00051838,-0.0003971,-3.999999999999837e-05,-0.0004525398800769134
1697535900000,2023-10-17T09:45:00Z,0.08835,0.08835,0.08833,0.08833,36236,3200.7332,0.08835,0.08836,0.08833,0.08834,0.08839,0.08841,0.08837,0.0884,-0.0003971,-0.00051289,-0.00066938,-0.00066938,-7.000000000000062e-05,-0.0007918552036199164
1697536200000,2023-10-17T09:50:00Z,0.08833,0.0884,0.08833,0.08839,76866,6793.2758,0.08834,0.08842,0.08834,0.0884,0.0884,0.08849,0.0884,0.08848,-0.00066938,-0.00071213,-0.00072114,-0.00072114,-9.000000000000674e-05,-0.0010171790235082136
1697536500000,2023-10-17T09:55:00Z,0.08839,0.08844,0.08839,0.08843,57578,5091.52529,0.0884,0.08845,0.08839,0.08843,0.08848,0.08853,0.08846,0.0885,-0.00072114,-0.0006792,-0.00071694,-0.00071694,-7.000000000000062e-05,-0.0007909604519774081
1697536800000,2023-10-17T10:00:00Z,0.08843,0.08843,0.08842,0.08843,5824,515.01523,0.08843,0.08845,0.08842,0.08843,0.0885,0.08852,0.08847,0.0885,-0.00071694,-0.0004171,-0.0006374,-0.0004171,-7.000000000000062e-05,-0.0007909604519774081
1697537100000,2023-10-17T10:05:00Z,0.08843,0.08845,0.08843,0.08845,3733,330.18385,0.08843,0.08846,0.08843,0.08846,0.0885,0.08853,0.0885,0.08853,-0.0004171,-0.00045141,-0.00062916,-0.00062916,-7.999999999999674e-05,-0.0009036484807409549
1697537400000,2023-10-17T10:10:00Z,0.08845,0.08847,0.08844,0.08847,12804,1132.7002,0.08846,0.08847,0.08844,0.08847,0.08853,0.08853,0.0885,0.08853,-0.00062916,-0.00039249,-0.00062814,-0.00062814,-6.0000000000004494e-05,-0.0006777363605557946
1697537700000,2023-10-17T10:15:00Z,0.08847,0.08853,0.08844,0.08853,126510,11193.45217,0.08847,0.08853,0.08846,0.08853,0.08853,0.08859,0.08851,0.08858,-0.00062814,-0.00049954,-0.00053557,-0.00053557,-5.000000000000837e-05,-0.0005644615037255404
1697538000000,2023-10-17T10:20:00Z,0.08853,0.08856,0.08849,0.08849,77643,6873.70698,0.08853,0.08856,0.08849,0.08849,0.08858,0.0886,0.08854,0.08854,-0.00053557,-0.00056465,-0.00064224,-0.00056465,-4.999999999999449e-05,-0.0005647165123107578
1697538300000,2023-10-17T10:25:00Z,0.08849,0.08849,0.08841,0.08842,81859,7240.68604,0.08849,0.08849,0.08842,0.08843,0.08854,0.08855,0.08849,0.0885,-0.00056465,-0.0005524,-0.0008974,-0.0008974,-7.999999999999674e-05,-0.0009039548022598502
1697538600000,2023-10-17T10:30:00Z,0.08842,0.08842,0.08827,0.0883,181112,16000.03258,0.08843,0.08843,0.08827,0.0883,0.0885,0.0885,0.08833,0.08837,-0.0008974,-0.00031631,-0.00055576,-0.00031631,-7.000000000000062e-05,-0.0007921240239900488
1697538900000,2023-10-17T10:35:00Z,0.0883,0.08834,0.0883,0.08833,20423,1803.95303,0.0883,0.08834,0.0883,0.08833,0.08837,0.0884,0.08835,0.08835,-0.00031631,-0.00045259,-0.00062143,-0.00062143,-1.9999999999992246e-05,-0.0002263723825692388
1697539200000,2023-10-17T10:40:00Z,0.08833,0.08833,0.08829,0.08833,11457,1011.93424,0.08833,0.08835,0.08829,0.08833,0.08835,0.08841,0.08835,0.08838,-0.00062143,-0.00038327,-0.00044072,-0.00044072,-4.999999999999449e-05,-0.0005657388549444953
1697539500000,2023-10-17T10:45:00Z,0.08833,0.08835,0.08833,0.08835,8603,760.03795,0.08833,0.08835,0.08833,0.08835,0.08838,0.0884,0.08837,0.08839,-0.00044072,-0.00033944,-0.00045253,-0.00033944,-3.999999999999837e-05,-0.0004525398800769134
1697539800000,2023-10-17T10:50:00Z,0.08835,0.08835,0.08835,0.08835,15008,1325.9568,0.08835,0.08837,0.08835,0.08835,0.08839,0.08842,0.08839,0.0884,-0.00033944,-0.00047997,-0.00051068,-0.00047997,-5.000000000000837e-05,-0.0005656108597286015
1697540100000,2023-10-17T10:55:00Z,0.08835,0.08835,0.08826,0.0883,202510,17882.99642,0.08835,0.08835,0.08827,0.0883,0.0884,0.08841,0.08832,0.08834,-0.00047997,-0.00031869,-0.00060101,-0.00060101,-3.999999999999837e-05,-0.00045279601539504607
1697540400000,2023-10-17T11:00:00Z,0.0883,0.0883,0.08825,0.08825,44555,3932.68276,0.0883,0.0883,0.08825,0.08825,0.08834,0.08836,0.0883,0.08831,-0.00060101,-0.000422,-0.00045901,-0.00045901,-6.0000000000004494e-05,-0.0006794247537085776
1697540700000,2023-10-17T11:05:00Z,0.08825,0.08829,0.08825,0.08827,46468,4101.85988,0.08825,0.08829,0.08825,0.08827,0.08831,0.08835,0.0883,0.08831,-0.00045901,-0.00033967,-0.00033967,-0.00033967,-3.999999999999837e-05,-0.00045294983580566607
1697541000000,2023-10-17T11:10:00Z,0.08827,0.08827,0.08826,0.08827,45504,4016.21401,0.08827,0.08829,0.08827,0.08827,0.08831,0.08834,0.08831,0.08831,-0.00033967,-0.00059515,-0.00059617,-0.00059515,-3.999999999999837e-05,-0.00045294983580566607
1697541300000,2023-10-17T11:15:00Z,0.08827,0.08827,0.08826,0.08826,68178,6017.84528,0.08827,0.08828,0.08826,0.08826,0.08831,0.08834,0.08831,0.08832,-0.00059515,-0.00054636,-0.00059769,-0.00054636,-5.9999999999990616e-05,-0.0006793478260868504
1697541600000,2023-10-17T11:20:00Z,0.08826,0.08832,0.08825,0.08829,826362,72947.76219,0.08826,0.08832,0.08825,0.08829,0.08832,0.08834,0.0883,0.08832,-0.00054636,-0.00038061,-0.0004495,-0.00038061,-3.0000000000002247e-05,-0.00033967391304350373
1697541900000,2023-10-17T11:25:00Z,0.08829,0.08829,0.08828,0.08828,786,69.38808,0.08829,0.0883,0.08828,0.08829,0.08832,0.08835,0.0883,0.08834,-0.00038061,-0.00017344,-0.00028705,-0.00017344,-6.0000000000004494e-05,-0.0006791940230926476
1697542200000,2023-10-17T11:30:00Z,0.08828,0.08828,0.08827,0.08827,2299,202.93287,0.08829,0.08829,0.08827,0.08827,0.08834,0.08834,0.08832,0.08833,-0.00017344,-0.00043801,-0.00046654,-0.00046654,-6.0000000000004494e-05,-0.0006792709158836691
1697542500000,2023-10-17T11:35:00Z,0.08827,0.08829,0.08827,0.08829,8378,739.61031,0.08827,0.0883,0.08827,0.08829,0.08833,0.08835,0.08832,0.08834,-0.00046654,-0.0003505,-0.00042223,-0.00042223,-5.000000000000837e-05,-0.0005659950192439254
1697542800000,2023-10-17T11:40:00Z,0.08829,0.08829,0.08824,0.08824,12988,1146.28945,0.08829,0.08829,0.08824,0.08824,0.08834,0.08834,0.08829,0.08831,-0.00042223,-0.00047627,-0.00061696,-0.00061696,-7.000000000000062e-05,-0.0007926622126599549
1697543100000,2023-10-17T11:45:00Z,0.08824,0.08824,0.08824,0.08824,17186,1516.49264,0.08824,0.08826,0.08824,0.08825,0.08831,0.08833,0.0883,0.08832,-0.00061696,-0.00038575,-0.0004153,-0.0004153,-7.999999999999674e-05,-0.0009057971014492385
1697543400000,2023-10-17T11:50:00Z,0.08824,0.08827,0.08824,0.08826,34349,3031.00072,0.08825,0.08827,0.08824,0.08826,0.08832,0.08833,0.08831,0.08832,-0.0004153,-0.00038813,-0.00050435,-0.00050435,-5.9999999999990616e-05,-0.0006793478260868504
1697543700000,2023-10-17T11:55:00Z,0.08826,0.08827,0.08826,0.08826,25679,2266.64084,0.08826,0.08827,0.08826,0.08827,0.08832,0.08833,0.08832,0.08833,-0.00050435,-0.00036707,-0.00049179,-0.00036707,-7.000000000000062e-05,-0.0007924827351975615
1697544000000,2023-10-17T12:00:00Z,0.08826,0.08829,0.08826,0.08829,47013,4150.54922,0.08827,0.08829,0.08826,0.08829,0.08833,0.08834,0.08831,0.08834,-0.00036707,-0.00041695,-0.00045046,-0.00041695,-5.000000000000837e-05,-0.0005659950192439254
1697544300000,2023-10-17T12:05:00Z,0.08829,0.08829,0.08823,0.08823,99854,8810.64339,0.08829,0.08829,0.08824,0.08825,0.08834,0.08834,0.08828,0.08831,-0.00041695,-0.00029531,-0.00052638,-0.00052638,-7.999999999999674e-05,-0.0009058996716113321
1697544600000,2023-10-17T12:10:00Z,0.08823,0.08824,0.08821,0.08822,88250,7784.94379,0.08825,0.08826,0.08821,0.08822,0.08831,0.08832,0.08826,0.08827,-0.00052638,-0.00057917,-0.00060432,-0.00060432,-4.999999999999449e-05,-0.0005664438654128752
1697544900000,2023-10-17T12:15:00Z,0.08822,0.08822,0.0881,0.08816,838002,73867.63048,0.08822,0.08822,0.08815,0.08818,0.08827,0.08828,0.08823,0.08826,-0.00060432,-0.00049739,-0.0005311,-0.00049739,-0.00010000000000000286,-0.0011330160888284938
1697545200000,2023-10-17T12:20:00Z,0.08816,0.08817,0.08816,0.08816,35436,3124.0491,0.08818,0.08819,0.08816,0.08816,0.08826,0.08828,0.08825,0.08825,-0.00049739,-0.00066923,-0.00080625,-0.00066923,-8.999999999999286e-05,-0.0010198300283285311
1697545500000,2023-10-17T12:25:00Z,0.08816,0.08817,0.08811,0.08813,25536,2250.45571,0.08816,0.08817,0.08811,0.08813,0.08825,0.08825,0.08817,0.08821,-0.00066923,-0.00050686,-0.00069119,-0.00069119,-7.999999999999674e-05,-0.0009069266523069578
1697545800000,2023-10-17T12:30:00Z,0.08813,0.08813,0.08802,0.08805,60541,5333.49047,0.08813,0.08813,0.08805,0.08805,0.08821,0.08821,0.08812,0.08813,-0.00069119,-0.0006318,-0.00069887,-0.0006318,-7.999999999999674e-05,-0.0009077499148984085
1697546100000,2023-10-17T12:35:00Z,0.08805,0.08805,0.0879,0.08795,338784,29800.34778,0.08805,0.08805,0.08791,0.08799,0.08813,0.08813,0.08801,0.08809,-0.0006318,-0.00072864,-0.00098148,-0.00072864,-0.00014000000000000123,-0.0015892836871381681
1697546400000,2023-10-17T12:40:00Z,0.08795,0.08802,0.08795,0.08799,157697,13876.75433,0.08799,0.08802,0.08798,0.088,0.08809,0.08812,0.08807,0.08809,-0.00072864,-0.00092995,-0.00096538,-0.00096538,-0.00010000000000000286,-0.0011352026336701427
1697546700000,2023-10-17T12:45:00Z,0.08799,0.08802,0.08798,0.08802,14376,1265.0024,0.088,0.08802,0.08798,0.08802,0.08809,0.08811,0.08806,0.08809,-0.00096538,-0.00088649,-0.00090307,-0.00088649,-7.000000000000062e-05,-0.0007946418435690841
1697547000000,2023-10-17T12:50:00Z,0.08802,0.08802,0.08798,0.08798,32786,2885.31595,0.08802,0.08802,0.08798,0.08798,0.08809,0.08811,0.08807,0.08808,-0.00088649,-0.00089249,-0.00094856,-0.00094856,-0.00010000000000000286,-0.0011353315168029388
1697547300000,2023-10-17T12:55:00Z,0.08798,0.08798,0.08783,0.08787,292671,25724.32674,0.08798,0.08798,0.08786,0.08789,0.08808,0.08808,0.08795,0.088,-0.00094856,-0.00073582,-0.00073761,-0.00073761,-0.00012999999999999123,-0.0014772727272726277
1697547600000,2023-10-17T13:00:00Z,0.08787,0.08793,0.08783,0.08785,38337,3368.43213,0.08789,0.08793,0.08783,0.08786,0.088,0.08803,0.08794,0.08797,-0.00073761,-0.00106683,-0.00110617,-0.00110617,-0.00012000000000000899,-0.0013641013982040352
1697547900000,2023-10-17T13:05:00Z,0.08785,0.08791,0.08783,0.08791,55816,4904.15378,0.08786,0.08793,0.08783,0.08793,0.08797,0.08803,0.08794,0.08803,-0.00110617,-0.00109343,-0.00112096,-0.00109343,-0.00011999999999999511,-0.001363171646029707
1697548200000,2023-10-17T13:10:00Z,0.08791,0.08803,0.08791,0.08803,83212,7323.00233,0.08793,0.08803,0.08793,0.08803,0.08803,0.08812,0.08803,0.08812,-0.00109343,-0.00076872,-0.00087047,-0.00076872,-9.000000000000674e-05,-0.0010213345438039802
1697548500000,2023-10-17T13:15:00Z,0.08803,0.08805,0.08799,0.08799,52823,4649.91819,0.08803,0.08806,0.08799,0.08799,0.08812,0.08815,0.08806,0.08806,-0.00076872,-0.00050107,-0.00069879,-0.00050107,-7.000000000000062e-05,-0.000794912559618449
1697548800000,2023-10-17T13:20:00Z,0.08799,0.08799,0.08793,0.08794,24307,2137.93248,0.08799,0.08799,0.08793,0.08795,0.08806,0.08806,0.088,0.08803,-0.00050107,-0.0007118,-0.0007805,-0.0007805,-8.999999999999286e-05,-0.001022378734522241
1697549100000,2023-10-17T13:25:00Z,0.08794,0.08794,0.08787,0.08789,12305,1081.56863,0.08795,0.08795,0.08788,0.08791,0.08803,0.08803,0.08797,0.08801,-0.0007805,-0.00081177,-0.00082452,-0.00081177,-0.00012000000000000899,-0.0013634814225657195
1697549400000,2023-10-17T13:30:00Z,0.08789,0.08791,0.08786,0.08787,72945,6409.73359,0.08791,0.08791,0.08787,0.08787,0.08801,0.08801,0.08794,0.08796,-0.00081177,-0.00082812,-0.00092633,-0.00092633,-8.999999999999286e-05,-0.0010231923601636296
1697549700000,2023-10-17T13:35:00Z,0.08787,0.08787,0.08783,0.08783,57454,5046.64598,0.08787,0.08787,0.08784,0.08785,0.08796,0.08797,0.08793,0.08796,-0.00092633,-0.00097442,-0.00104763,-0.00097442,-0.00012999999999999123,-0.0014779445202363715
1697550000000,2023-10-17T13:40:00Z,0.08783,0.08785,0.08778,0.08779,48626,4269.76482,0.08785,0.08785,0.0878,0.08781,0.08796,0.08796,0.0879,0.08791,-0.00097442,-0.00102161,-0.00107312,-0.00102161,-0.00011999999999999511,-0.001365032419519908
1697550300000,2023-10-17T13:45:00Z,0.08779,0.08779,0.08723,0.08754,2997709,262042.94371,0.08781,0.08781,0.08723,0.08754,0.08791,0.08791,0.08734,0.0876,-0.00102161,0,-0.00104055,0,-5.9999999999990616e-05,-0.000684931506849208
1697550600000,2023-10-17T13:50:00Z,0.08754,0.08762,0.08754,0.08762,120448,10549.41223,0.08754,0.08766,0.08754,0.08764,0.0876,0.08774,0.08759,0.08772,0,-0.00073908,-0.000829,-0.000829,-0.00010000000000000286,-0.001139990880072992
1697550900000,2023-10-17T13:55:00Z,0.08762,0.08775,0.08762,0.08763,122500,10741.92306,0.08764,0.08775,0.08763,0.08763,0.08772,0.08779,0.0877,0.0877,-0.000829,-0.00040996,-0.00051322,-0.00051322,-7.000000000000062e-05,-0.000798175598631706
1697551200000,2023-10-17T14:00:00Z,0.08763,0.08773,0.08763,0.08768,73591,6453.69519,0.08763,0.08773,0.08763,0.08769,0.0877,0.08779,0.0877,0.08775,-0.00051322,-0.00049179,-0.00057572,-0.00049179,-7.000000000000062e-05,-0.0007977207977208048
1697551500000,2023-10-17T14:05:00Z,0.08768,0.08803,0.08767,0.08773,2933140,257646.32602,0.08769,0.08782,0.08767,0.08773,0.08775,0.08783,0.08772,0.08778,-0.00049179,-0.00021013,-0.00034965,-0.00034965,-4.999999999999449e-05,-0.0005696058327636648
1697551800000,2023-10-17T14:10:00Z,0.08773,0.08777,0.08768,0.08776,237152,20799.92893,0.08773,0.08778,0.08768,0.08776,0.08778,0.08783,0.08772,0.08781,-0.00034965,-0.00033492,-0.00050375,-0.00050375,-4.999999999999449e-05,-0.000569411228789369
1697552100000,2023-10-17T14:15:00Z,0.08776,0.0878,0.08774,0.08778,33068,2902.36395,0.08776,0.0878,0.08774,0.08778,0.08781,0.08785,0.08779,0.08783,-0.00050375,-0.00014635,-0.00016856,-0.00014635,-5.000000000000837e-05,-0.0005692815666629667
1697552400000,2023-10-17T14:20:00Z,0.08778,0.08782,0.08774,0.08775,146570,12868.68052,0.08778,0.08782,0.08774,0.08779,0.08783,0.08786,0.08778,0.08784,-0.00014635,-0.00033796,-0.0003787,-0.00033796,-9.000000000000674e-05,-0.001024590163934503
1697552700000,2023-10-17T14:25:00Z,0.08775,0.08777,0.08774,0.08775,13980,1226.68503,0.08779,0.08779,0.08774,0.08775,0.08784,0.08784,0.08779,0.08781,-0.00033796,-0.00032122,-0.00035151,-0.00035151,-6.0000000000004494e-05,-0.0006832934745473692
1697553000000,2023-10-17T14:30:00Z,0.08775,0.08777,0.08768,0.08772,85748,7520.3248,0.08775,0.08777,0.08768,0.08772,0.08781,0.08782,0.08774,0.08777,-0.00035151,-0.00054882,-0.00062894,-0.00062894,-4.999999999999449e-05,-0.0005696707303178135
1697553300000,2023-10-17T14:35:00Z,0.08772,0.08778,0.08771,0.08778,62344,5470.254,0.08772,0.08778,0.08771,0.08778,0.08777,0.08783,0.08775,0.08781,-0.00062894,-0.00032467,-0.00040458,-0.00032467,-3.0000000000002247e-05,-0.0003416467372736846
1697553600000,2023-10-17T14:40:00Z,0.08778,0.08791,0.08777,0.0879,172237,15136.27479,0.08778,0.08791,0.08777,0.0879,0.08781,0.08795,0.08781,0.08795,-0.00032467,-0.00008097,-0.00012093,-0.00008097,-4.999999999999449e-05,-0.0005685048322910119
1697553900000,2023-10-17T14:45:00Z,0.0879,0.08791,0.08787,0.08788,67690,5948.90717,0.0879,0.08791,0.08787,0.08788,0.08795,0.08795,0.08791,0.08791,-0.00008097,-0.00008383,-0.00018575,-0.00018575,-3.0000000000002247e-05,-0.00034125810488001645
1697554200000,2023-10-17T14:50:00Z,0.08788,0.08788,0.08781,0.08781,28149,2472.5949,0.08788,0.08789,0.08781,0.08782,0.08791,0.08793,0.08784,0.08786,-0.00018575,-0.00017723,-0.00037987,-0.00017723,-4.999999999999449e-05,-0.0005690871841565502
1697554500000,2023-10-17T14:55:00Z,0.08781,0.08785,0.08781,0.08784,6484,569.50719,0.08782,0.08785,0.08781,0.08784,0.08786,0.08789,0.08785,0.08786,-0.00017723,-0.00011754,-0.00029536,-0.00011754,-1.9999999999992246e-05,-0.00022763487366255687
1697554800000,2023-10-17T15:00:00Z,0.08784,0.08784,0.08774,0.08778,762521,66927.8676,0.08784,0.08784,0.08777,0.08783,0.08786,0.08789,0.08781,0.08789,-0.00011754,-0.00039412,-0.00053598,-0.00053598,-0.00010999999999999899,-0.0012515644555694504
1697555100000,2023-10-17T15:05:00Z,0.08778,0.0879,0.08778,0.08784,128769,11313.4602,0.08783,0.0879,0.08782,0.08785,0.08789,0.08794,0.08788,0.0879,-0.00053598,-0.00034118,-0.00037538,-0.00034118,-6.0000000000004494e-05,-0.0006825938566553412
1697555400000,2023-10-17T15:10:00Z,0.08784,0.0879,0.08784,0.0879,66833,5872.9143,0.08785,0.08791,0.08785,0.0879,0.0879,0.08796,0.08789,0.08795,-0.00034118,-0.00009203,-0.00041134,-0.00041134,-4.999999999999449e-05,-0.0005685048322910119
1697555700000,2023-10-17T15:15:00Z,0.0879,0.0879,0.08785,0.08787,168946,14847.13669,0.0879,0.0879,0.08785,0.08787,0.08795,0.08795,0.0879,0.08791,-0.00041134,-0.00002844,-0.00024274,-0.00024274,-3.999999999999837e-05,-0.000455010806506636
1697556000000,2023-10-17T15:20:00Z,0.08787,0.08794,0.08787,0.08794,236911,20830.42107,0.08787,0.08794,0.08787,0.08793,0.08791,0.08797,0.08789,0.08793,-0.00024274,-0.00007981,-0.0001186,-0.00007981,1.0000000000010001e-05,0.0001137268281588764
1697556300000,2023-10-17T15:25:00Z,0.08794,0.08795,0.08789,0.08789,92251,8112.13867,0.08793,0.08794,0.08789,0.0879,0.08793,0.08794,0.08791,0.08792,-0.00007981,0,0,0,-3.0000000000002247e-05,-0.0003412192902639018
1697556600000,2023-10-17T15:30:00Z,0.08789,0.08792,0.08787,0.08792,41450,3642.52327,0.0879,0.08794,0.08787,0.08793,0.08792,0.08798,0.0879,0.08798,0,-0.00014272,-0.00017782,-0.00017782,-6.0000000000004494e-05,-0.000681973175721806
1697556900000,2023-10-17T15:35:00Z,0.08792,0.08802,0.08792,0.08799,140991,12405.06245,0.08793,0.08802,0.08793,0.088,0.08798,0.08805,0.08798,0.08801,-0.00017782,0,-0.00011576,0,-2.0000000000006124e-05,-0.00022724690376100582
1697557200000,2023-10-17T15:40:00Z,0.08799,0.08799,0.08796,0.08796,8719,767.02921,0.088,0.088,0.08796,0.08796,0.08801,0.08802,0.08798,0.08798,0,-0.00005965,-0.00039443,-0.00039443,-2.0000000000006124e-05,-0.00022732439190732126
1697557500000,2023-10-17T15:45:00Z,0.08796,0.08797,0.08778,0.08778,73316,6446.21159,0.08796,0.088,0.08779,0.0878,0.08798,0.08804,0.08783,0.08784,-0.00039443,-0.00009321,-0.00029796,-0.00009321,-6.0000000000004494e-05,-0.0006830601092896687
1697557800000,2023-10-17T15:50:00Z,0.08778,0.08778,0.08778,0.08778,6030,529.3134,0.0878,0.08781,0.08778,0.08779,0.08784,0.08785,0.08781,0.08783,-0.00009321,-0.00027055,-0.0003416,-0.0003416,-5.000000000000837e-05,-0.0005692815666629667
1697558100000,2023-10-17T15:55:00Z,0.08778,0.08779,0.08778,0.08779,275,24.13987,0.08779,0.08779,0.08778,0.08779,0.08783,0.08783,0.08782,0.08783,-0.0003416,-0.00018285,-0.00019025,-0.00019025,-3.999999999999837e-05,-0.0004554252533302786
1697558400000,2023-10-17T16:00:00Z,0.08779,0.08791,0.08779,0.0879,86896,7633.1838,0.08779,0.08791,0.08779,0.0879,0.08783,0.08792,0.08781,0.08791,-0.00019025,-0.0000642,-0.00022766,-0.0000642,-9.999999999996123e-06,-0.00011375270162661953
1697558700000,2023-10-17T16:05:00Z,0.0879,0.0879,0.08787,0.08788,42798,3761.45256,0.0879,0.08791,0.08787,0.08788,0.08791,0.08794,0.08789,0.0879,-0.0000642,-0.00006812,-0.00025002,-0.00025002,-2.0000000000006124e-05,-0.00022753128555183302
1697559000000,2023-10-17T16:10:00Z,0.08788,0.08795,0.08784,0.08793,17640,1550.64191,0.08788,0.08795,0.08785,0.08794,0.0879,0.08797,0.08789,0.08796,-0.00025002,0,-0.00024269,-0.00024269,-3.0000000000002247e-05,-0.0003410641200545958
1697559300000,2023-10-17T16:15:00Z,0.08793,0.08795,0.0879,0.0879,33891,2979.93346,0.08794,0.08795,0.0879,0.08791,0.08796,0.08798,0.08793,0.08795,-0.00024269,-0.0000763,-0.00014503,-0.0000763,-4.999999999999449e-05,-0.0005685048322910119
1697559600000,2023-10-17T16:20:00Z,0.0879,0.08794,0.0879,0.08794,7417,652.12436,0.08791,0.08796,0.0879,0.08794,0.08795,0.088,0.08794,0.08799,-0.0000763,-0.00008546,-0.00012204,-0.00012204,-4.999999999999449e-05,-0.0005682463916353506
1697559900000,2023-10-17T16:25:00Z,0.08794,0.08798,0.08791,0.08795,60877,5353.66053,0.08794,0.08798,0.08792,0.08795,0.08799,0.08801,0.08797,0.08797,-0.00012204,-0.00018924,-0.00039743,-0.00018924,-2.0000000000006124e-05,-0.00022735023303405846
1697560200000,2023-10-17T16:30:00Z,0.08795,0.08796,0.08794,0.08796,110381,9708.98667,0.08795,0.08796,0.08794,0.08796,0.08797,0.088,0.08797,0.08798,-0.00018924,-0.00022732,-0.00030219,-0.00022732,-2.0000000000006124e-05,-0.00022732439190732126
1697560500000,2023-10-17T16:35:00Z,0.08796,0.08803,0.08795,0.08803,89571,7882.03339,0.08796,0.08803,0.08795,0.08803,0.08798,0.08805,0.08798,0.08805,-0.00022732,-0.00017232,-0.00033284,-0.00033284,-2.0000000000006124e-05,-0.00022714366837031373
1697560800000,2023-10-17T16:40:00Z,0.08803,0.08807,0.08803,0.08807,99891,8794.63329,0.08803,0.08808,0.08803,0.08808,0.08805,0.08811,0.08804,0.08811,-0.00033284,-0.00007095,-0.00018045,-0.00007095,-3.999999999999837e-05,-0.00045397798206785124
1697561100000,2023-10-17T16:45:00Z,0.08807,0.08811,0.08807,0.0881,133081,11724.09327,0.08808,0.08811,0.08807,0.0881,0.08811,0.08814,0.08809,0.08813,-0.00007095,-0.00017394,-0.00025927,-0.00017394,-3.0000000000002247e-05,-0.00034040621808694257
1697561400000,2023-10-17T16:50:00Z,0.0881,0.0882,0.08806,0.08812,583886,51484.5339,0.0881,0.0882,0.08808,0.08811,0.08813,0.08821,0.0881,0.08811,-0.00017394,-0.00014921,-0.00018297,-0.00018297,1.0000000000010001e-05,0.00011349449551708093
1697561700000,2023-10-17T16:55:00Z,0.08812,0.08812,0.08802,0.08808,166464,14658.32325,0.08811,0.08811,0.08802,0.08808,0.08811,0.08814,0.08805,0.0881,-0.00018297,-0.00018681,-0.00021486,-0.00018681,-1.9999999999992246e-05,-0.00022701475595904934
1697562000000,2023-10-17T17:00:00Z,0.08808,0.08808,0.08794,0.08795,29051,2556.78652,0.08808,0.08808,0.08795,0.08797,0.0881,0.0881,0.08797,0.08801,-0.00018681,-0.00022724,-0.00040302,-0.00040302,-6.0000000000004494e-05,-0.0006817407112828598
1697562300000,2023-10-17T17:05:00Z,0.08795,0.08801,0.08795,0.08798,136246,11989.03114,0.08797,0.08801,0.08796,0.08798,0.08801,0.08805,0.08799,0.08802,-0.00040302,-0.00026062,-0.000263,-0.00026062,-3.999999999999837e-05,-0.00045444217223356476
1697562600000,2023-10-17T17:10:00Z,0.08798,0.08803,0.08796,0.08796,17992,1583.48175,0.08798,0.08803,0.08798,0.088,0.08802,0.08806,0.08801,0.08803,-0.00026062,-0.00031735,-0.00034529,-0.00031735,-7.000000000000062e-05,-0.0007951834601840352
1697562900000,2023-10-17T17:15:00Z,0.08796,0.08799,0.08789,0.08792,182721,16063.84999,0.088,0.088,0.08789,0.08792,0.08803,0.08804,0.08793,0.08796,-0.00031735,-0.00041996,-0.00043245,-0.00041996,-3.999999999999837e-05,-0.00045475216007274184
1697563200000,2023-10-17T17:20:00Z,0.08792,0.08793,0.08791,0.08793,16773,1474.61807,0.08792,0.08794,0.08791,0.08793,0.08796,0.08798,0.08795,0.08797,-0.00041996,-0.00019483,-0.00038031,-0.00038031,-4.000000000001225e-05,-0.00045470046606811693
1697563500000,2023-10-17T17:25:00Z,0.08793,0.08795,0.08792,0.08795,14872,1307.79406,0.08793,0.08797,0.08792,0.08796,0.08797,0.08802,0.08796,0.08801,-0.00038031,-0.00022011,-0.00035416,-0.00035416,-6.0000000000004494e-05,-0.0006817407112828598
1697563800000,2023-10-17T17:30:00Z,0.08795,0.08796,0.08773,0.08783,1210030,106254.24579,0.08796,0.08797,0.08781,0.08783,0.08801,0.08802,0.08787,0.08789,-0.00035416,-0.00045716,-0.00080627,-0.00045716,-5.9999999999990616e-05,-0.0006826715212195997
1697564100000,2023-10-17T17:35:00Z,0.08783,0.08791,0.0878,0.0878,115353,10135.60624,0.08783,0.08791,0.08781,0.08782,0.08789,0.08795,0.08789,0.0879,-0.00045716,-0.00069556,-0.00071111,-0.00071111,-0.00010000000000000286,-0.0011376564277588493
1697564400000,2023-10-17T17:40:00Z,0.0878,0.08786,0.08777,0.08781,59046,5185.71664,0.08782,0.08786,0.08778,0.08783,0.0879,0.08794,0.08787,0.08792,-0.00071111,-0.00079492,-0.00088318,-0.00088318,-0.00010999999999999899,-0.0012511373976342014
1697564700000,2023-10-17T17:45:00Z,0.08781,0.08784,0.08776,0.08784,64170,5634.62605,0.08783,0.08785,0.08777,0.08785,0.08792,0.08795,0.08787,0.08794,-0.00088318,-0.00047758,-0.00071366,-0.00071366,-0.00010000000000000286,-0.0011371389583807467
1697565000000,2023-10-17T17:50:00Z,0.08784,0.08787,0.08782,0.08782,42971,3774.84438,0.08785,0.08787,0.08782,0.08783,0.08794,0.08796,0.08792,0.08793,-0.00071366,-0.00102706,-0.00105333,-0.00105333,-0.00010999999999999899,-0.0012509951097463778
1697565300000,2023-10-17T17:55:00Z,0.08782,0.08789,0.08782,0.08783,18836,1655.11371,0.08783,0.08789,0.08782,0.08783,0.08793,0.08799,0.08792,0.08793,-0.00105333,-0.00097987,-0.00109148,-0.00097987,-9.999999999998899e-05,-0.0011372682815875012
1697565600000,2023-10-17T18:00:00Z,0.08783,0.08783,0.0878,0.08783,54650,4799.60589,0.08783,0.08784,0.0878,0.08784,0.08793,0.08794,0.0879,0.08794,-0.00097987,-0.00094711,-0.00096292,-0.00094711,-0.00010999999999999899,-0.001250852854218774
1697565900000,2023-10-17T18:05:00Z,0.08783,0.08796,0.08783,0.08791,61324,5391.79276,0.08784,0.08796,0.08783,0.08791,0.08794,0.08806,0.08793,0.08802,-0.00094711,-0.00072855,-0.00092501,-0.00092501,-0.00010999999999999899,-0.0012497159736423425
1697566200000,2023-10-17T18:10:00Z,0.08791,0.08794,0.08789,0.08794,58978,5185.55093,0.08791,0.08794,0.0879,0.08794,0.08802,0.08803,0.08801,0.08802,-0.00092501,-0.00069594,-0.00081115,-0.00081115,-7.999999999999674e-05,-0.0009088843444671295
1697566500000,2023-10-17T18:15:00Z,0.08794,0.08794,0.08794,0.08794,6887,605.64278,0.08794,0.08795,0.08794,0.08794,0.08802,0.08804,0.08802,0.08803,-0.00081115,-0.00094104,-0.00106247,-0.00106247,-8.999999999999286e-05,-0.001022378734522241
1697566800000,2023-10-17T18:20:00Z,0.08794,0.08794,0.0879,0.0879,17935,1576.81537,0.08794,0.08794,0.0879,0.08791,0.08803,0.08804,0.08799,0.08801,-0.00106247,-0.00080795,-0.00083001,-0.00080795,-0.00010999999999999899,-0.0012498579706851378
1697567100000,2023-10-17T18:25:00Z,0.0879,0.08791,0.08788,0.08791,105056,9234.77217,0.08791,0.08792,0.08789,0.08791,0.08801,0.08802,0.08799,0.088,-0.00080795,-0.00097488,-0.00102216,-0.00097488,-8.999999999999286e-05,-0.0010227272727271917
1697567400000,2023-10-17T18:30:00Z,0.08791,0.08791,0.08789,0.08789,9627,846.12149,0.08791,0.08791,0.08789,0.0879,0.088,0.08801,0.08799,0.088,-0.00097488,-0.0010625,-0.00107784,-0.00107784,-0.00010999999999999899,-0.0012499999999999885
1697567700000,2023-10-17T18:35:00Z,0.08789,0.08791,0.08789,0.08791,4292,377.27116,0.0879,0.08794,0.08789,0.08794,0.088,0.08803,0.08799,0.08803,-0.00107784,-0.00087218,-0.00087218,-0.00087218,-0.00011999999999999511,-0.001363171646029707
1697568000000,2023-10-17T18:40:00Z,0.08791,0.08801,0.08791,0.08799,54195,4768.84391,0.08794,0.08801,0.08794,0.088,0.08803,0.0881,0.08802,0.08809,-0.00087218,-0.00086364,-0.00091123,-0.00086364,-0.00010000000000000286,-0.0011352026336701427
1697568300000,2023-10-17T18:45:00Z,0.08799,0.08809,0.08794,0.08806,66594,5860.37207,0.088,0.08809,0.08794,0.08806,0.08809,0.08816,0.08803,0.08815,-0.00086364,-0.0008445,-0.00086296,-0.00086296,-9.000000000000674e-05,-0.0010209869540556634
1697568600000,2023-10-17T18:50:00Z,0.08806,0.08806,0.0877,0.08783,443529,38931.52103,0.08806,0.08806,0.08773,0.08784,0.08815,0.08816,0.08782,0.08793,-0.00086296,-0.00050973,-0.00083552,-0.00050973,-9.999999999998899e-05,-0.0011372682815875012
1697568900000,2023-10-17T18:55:00Z,0.08783,0.08793,0.08777,0.08782,1086544,95488.72502,0.08784,0.08789,0.08778,0.08783,0.08793,0.08798,0.08787,0.08792,-0.00050973,-0.00024926,-0.00051296,-0.00051296,-0.00010000000000000286,-0.0011373976342129535
1697569200000,2023-10-17T19:00:00Z,0.08782,0.08784,0.08778,0.08778,37064,3254.79095,0.08783,0.08784,0.08778,0.08779,0.08792,0.08792,0.08786,0.08787,-0.00051296,-0.00049863,-0.00075449,-0.00075449,-9.000000000000674e-05,-0.0010242403550700665
1697569500000,2023-10-17T19:05:00Z,0.08778,0.08787,0.08778,0.08784,30496,2678.88019,0.08779,0.08787,0.08779,0.08784,0.08787,0.08794,0.08786,0.08791,-0.00075449,-0.00051381,-0.0005228,-0.0005228,-7.000000000000062e-05,-0.0007962689113866524
1697569800000,2023-10-17T19:10:00Z,0.08784,0.08784,0.0878,0.0878,15188,1333.50849,0.08784,0.08784,0.08781,0.08782,0.08791,0.08791,0.08788,0.08789,-0.0005228,-0.00063454,-0.00079519,-0.00079519,-8.999999999999286e-05,-0.0010240072818294785
1697570100000,2023-10-17T19:15:00Z,0.0878,0.08788,0.0878,0.08784,47204,4146.38459,0.08782,0.08789,0.08781,0.08787,0.08789,0.08796,0.08788,0.08794,-0.00079519,-0.00052632,-0.00059372,-0.00059372,-0.00010000000000000286,-0.0011371389583807467
1697570400000,2023-10-17T19:20:00Z,0.08784,0.08789,0.08784,0.08789,26106,2293.88159,0.08787,0.08792,0.08786,0.08791,0.08794,0.08799,0.08793,0.08798,-0.00059372,-0.00043904,-0.00062353,-0.00043904,-9.000000000000674e-05,-0.001022959763582709
1697570700000,2023-10-17T19:25:00Z,0.08789,0.08791,0.08789,0.0879,18208,1600.30789,0.08791,0.08793,0.0879,0.0879,0.08798,0.088,0.08798,0.08798,-0.00043904,-0.00058536,-0.00062821,-0.00058536,-7.999999999999674e-05,-0.0009092975676289695
1697571000000,2023-10-17T19:30:00Z,0.0879,0.08801,0.08787,0.08796,162723,14316.70124,0.0879,0.08801,0.08787,0.08796,0.08798,0.08804,0.08796,0.08802,-0.00058536,-0.00035862,-0.00065091,-0.00035862,-6.0000000000004494e-05,-0.000681663258350426
1697571300000,2023-10-17T19:35:00Z,0.08796,0.088,0.08794,0.08798,48481,4265.32919,0.08796,0.088,0.08795,0.08798,0.08802,0.08805,0.08802,0.08802,-0.00035862,-0.00038005,-0.00044002,-0.00044002,-3.999999999999837e-05,-0.00045444217223356476
1697571600000,2023-10-17T19:40:00Z,0.08798,0.08798,0.08795,0.08795,11285,992.55787,0.08798,0.08798,0.08795,0.08795,0.08802,0.08803,0.08801,0.08802,-0.00044002,-0.00038575,-0.00039063,-0.00039063,-7.000000000000062e-05,-0.0007952738014087778
1697571900000,2023-10-17T19:45:00Z,0.08795,0.08795,0.08795,0.08795,5689,500.34755,0.08795,0.08797,0.08795,0.08795,0.08802,0.08803,0.08802,0.08802,-0.00039063,-0.0005585,-0.00068067,-0.00068067,-7.000000000000062e-05,-0.0007952738014087778
1697572200000,2023-10-17T19:50:00Z,0.08795,0.08796,0.08795,0.08796,1231,108.26796,0.08795,0.08796,0.08795,0.08796,0.08802,0.08803,0.08802,0.08803,-0.00068067,-0.00047177,-0.00058684,-0.00047177,-7.000000000000062e-05,-0.0007951834601840352
1697572500000,2023-10-17T19:55:00Z,0.08796,0.08796,0.08795,0.08796,29889,2629.02607,0.08796,0.08797,0.08795,0.08797,0.08803,0.08804,0.08802,0.08804,-0.00047177,-0.00022378,-0.00042667,-0.00022378,-7.999999999999674e-05,-0.0009086778736937387
1697572800000,2023-10-17T20:00:00Z,0.08796,0.08806,0.08796,0.08806,33713,2967.65355,0.08797,0.08807,0.08797,0.08807,0.08804,0.08814,0.08804,0.08814,-0.00022378,-0.0001851,-0.00048308,-0.0001851,-7.999999999999674e-05,-0.0009076469253460034
1697573100000,2023-10-17T20:05:00Z,0.08806,0.08808,0.08803,0.08806,42543,3746.24993,0.08807,0.0881,0.08803,0.08808,0.08814,0.08816,0.0881,0.08815,-0.0001851,-0.00024832,-0.00026137,-0.00024832,-9.000000000000674e-05,-0.0010209869540556634
1697573400000,2023-10-17T20:10:00Z,0.08806,0.08807,0.08806,0.08806,25656,2259.28009,0.08808,0.08809,0.08806,0.08806,0.08815,0.08816,0.08813,0.08814,-0.00024832,-0.0007249,-0.00078003,-0.0007249,-7.999999999999674e-05,-0.0009076469253460034
1697573700000,2023-10-17T20:15:00Z,0.08806,0.08806,0.08797,0.08797,33506,2949.0432,0.08806,0.08806,0.08797,0.08798,0.08814,0.08814,0.08804,0.08805,-0.0007249,-0.00025238,-0.00046967,-0.00046967,-7.999999999999674e-05,-0.0009085746734809396
1697574000000,2023-10-17T20:20:00Z,0.08797,0.08801,0.08797,0.08799,40259,3542.07559,0.08798,0.08801,0.08797,0.088,0.08805,0.08808,0.08804,0.08806,-0.00046967,-0.00049029,-0.00059834,-0.00059834,-7.000000000000062e-05,-0.000794912559618449
1697574300000,2023-10-17T20:25:00Z,0.08799,0.08799,0.08794,0.08794,33489,2945.62782,0.088,0.088,0.08794,0.08796,0.08806,0.08806,0.088,0.08802,-0.00059834,-0.00040477,-0.00054522,-0.00040477,-7.999999999999674e-05,-0.0009088843444671295
1697574600000,2023-10-17T20:30:00Z,0.08794,0.08797,0.08794,0.08796,34142,3003.09311,0.08796,0.08797,0.08795,0.08796,0.08802,0.08803,0.08801,0.08801,-0.00040477,-0.00038396,-0.00063819,-0.00063819,-5.000000000000837e-05,-0.0005681172594024358
1697574900000,2023-10-17T20:35:00Z,0.08796,0.08796,0.08795,0.08796,8668,762.37467,0.08796,0.08798,0.08795,0.08796,0.08801,0.08804,0.08801,0.08803,-0.00063819,-0.00041537,-0.00055378,-0.00055378,-7.000000000000062e-05,-0.0007951834601840352
1697575200000,2023-10-17T20:40:00Z,0.08796,0.08798,0.08795,0.08796,2947,259.21509,0.08796,0.08798,0.08795,0.08796,0.08803,0.08805,0.08803,0.08803,-0.00055378,-0.00041265,-0.00055736,-0.00055736,-7.000000000000062e-05,-0.0007951834601840352
1697575500000,2023-10-17T20:45:00Z,0.08796,0.08797,0.08795,0.08795,1398,122.96244,0.08796,0.08797,0.08795,0.08795,0.08803,0.08803,0.088,0.088,-0.00055736,-0.00059179,-0.00061095,-0.00061095,-4.999999999999449e-05,-0.0005681818181817556
1697575800000,2023-10-17T20:50:00Z,0.08795,0.08795,0.08791,0.08792,36104,3174.36857,0.08795,0.08795,0.08792,0.08792,0.088,0.08801,0.08799,0.088,-0.00061095,-0.00038458,-0.00046806,-0.00046806,-7.999999999999674e-05,-0.0009090909090908721
1697576100000,2023-10-17T20:55:00Z,0.08792,0.08803,0.08792,0.08803,17858,1570.74288,0.08792,0.08803,0.08792,0.08803,0.088,0.08809,0.08799,0.08809,-0.00046806,-0.00045703,-0.00047335,-0.00045703,-6.0000000000004494e-05,-0.0006811215802021171
1697576400000,2023-10-17T21:00:00Z,0.08803,0.08814,0.08801,0.08809,116549,10268.00408,0.08803,0.08814,0.08801,0.0881,0.08809,0.08819,0.08807,0.08817,-0.00045703,-0.00053929,-0.00062826,-0.00062826,-7.999999999999674e-05,-0.0009073380968583048
1697576700000,2023-10-17T21:05:00Z,0.08809,0.08815,0.08809,0.08815,38646,3405.69129,0.0881,0.08816,0.0881,0.08816,0.08817,0.08823,0.08817,0.08823,-0.00062826,-0.00050572,-0.00070082,-0.00050572,-7.999999999999674e-05,-0.0009067210699308255
1697577000000,2023-10-17T21:10:00Z,0.08815,0.08818,0.08815,0.08815,45199,3984.9856,0.08816,0.08818,0.08815,0.08817,0.08823,0.08824,0.08823,0.08824,-0.00050572,-0.0004699,-0.00056454,-0.00056454,-8.999999999999286e-05,-0.0010199456029010977
1697577300000,2023-10-17T21:15:00Z,0.08815,0.08823,0.08815,0.0882,155537,13717.8261,0.08817,0.08823,0.08816,0.08821,0.08824,0.08828,0.08823,0.08827,-0.00056454,-0.00029903,-0.00042531,-0.00029903,-7.000000000000062e-05,-0.0007930214115781195
1697577600000,2023-10-17T21:20:00Z,0.0882,0.08821,0.0882,0.08821,73,6.43933,0.08821,0.08823,0.08821,0.08822,0.08827,0.08829,0.08827,0.08829,-0.00029903,-0.00033503,-0.00045452,-0.00033503,-7.999999999999674e-05,-0.000906104881640013
1697577900000,2023-10-17T21:25:00Z,0.08821,0.08824,0.08821,0.08824,12209,1077.21476,0.08822,0.08824,0.08821,0.08824,0.08829,0.08829,0.08828,0.08829,-0.00033503,-0.00033231,-0.00035859,-0.00033231,-4.999999999999449e-05,-0.0005663155510249688
1697578200000,2023-10-17T21:30:00Z,0.08824,0.08824,0.08823,0.08823,9583,845.50809,0.08824,0.08824,0.08823,0.08823,0.08829,0.08829,0.08827,0.08827,-0.00033231,-0.00023008,-0.00041368,-0.00023008,-3.999999999999837e-05,-0.0004531550923303316
1697578500000,2023-10-17T21:35:00Z,0.08823,0.08823,0.08821,0.08821,4,0.35284,0.08823,0.08823,0.08821,0.08821,0.08827,0.08829,0.08827,0.08828,-0.00023008,-0.00041578,-0.00042365,-0.00041578,-7.000000000000062e-05,-0.000792931581332132
1697578800000,2023-10-17T21:40:00Z,0.08821,0.08825,0.08821,0.08824,34997,3088.07441,0.08821,0.08826,0.08821,0.08825,0.08828,0.08833,0.08828,0.08832,-0.00041578,-0.00025418,-0.00035903,-0.00025418,-7.999999999999674e-05,-0.0009057971014492385
1697579100000,2023-10-17T21:45:00Z,0.08824,0.08825,0.08824,0.08825,11959,1055.38111,0.08825,0.08825,0.08825,0.08825,0.08832,0.08832,0.08831,0.08832,-0.00025418,-0.00030426,-0.00043659,-0.00030426,-7.000000000000062e-05,-0.0007925724637681229
1697579400000,2023-10-17T21:50:00Z,0.08825,0.08825,0.08825,0.08825,10250,904.5625,0.08825,0.08826,0.08825,0.08826,0.08832,0.08832,0.08831,0.08832,-0.00030426,-0.00028637,-0.00036179,-0.00036179,-7.000000000000062e-05,-0.0007925724637681229
1697579700000,2023-10-17T21:55:00Z,0.08825,0.08826,0.08825,0.08825,11376,1003.93301,0.08826,0.08827,0.08825,0.08826,0.08832,0.08834,0.08832,0.08833,-0.00036179,-0.00008106,-0.00019019,-0.00008106,-8.000000000001062e-05,-0.0009056945545116112
1697580000000,2023-10-17T22:00:00Z,0.08825,0.0883,0.08825,0.08828,42247,3729.40058,0.08826,0.0883,0.08825,0.08829,0.08833,0.08836,0.08832,0.08836,-0.00008106,-0.00000939,-0.00030401,-0.00030401,-7.999999999999674e-05,-0.0009053870529651057
1697580300000,2023-10-17T22:05:00Z,0.08828,0.08842,0.08828,0.08836,226196,19987.64063,0.08829,0.08843,0.08828,0.08836,0.08836,0.08849,0.08835,0.08841,-0.00030401,-0.00038784,-0.00041867,-0.00041867,-5.000000000000837e-05,-0.0005655468838367647
1697580600000,2023-10-17T22:10:00Z,0.08836,0.08836,0.08812,0.08827,1675488,147802.91637,0.08836,0.08836,0.08826,0.08828,0.08841,0.08841,0.08835,0.08838,-0.00041867,-0.00083761,-0.00113173,-0.00083761,-0.00010999999999999899,-0.0012446254808780152
1697580900000,2023-10-17T22:15:00Z,0.08827,0.08843,0.08827,0.08834,948238,83791.00149,0.08828,0.08842,0.08827,0.08835,0.08838,0.08843,0.08837,0.08843,-0.00083761,-0.00008787,-0.00035429,-0.00008787,-8.999999999999286e-05,-0.001017754155829389
1697581200000,2023-10-17T22:20:00Z,0.08834,0.08835,0.08834,0.08835,89835,7936.92225,0.08835,0.08838,0.08834,0.08836,0.08843,0.08846,0.08842,0.08845,-0.00008787,-0.00030672,-0.00039072,-0.00030672,-0.00010000000000000286,-0.0011305822498587097
1697581500000,2023-10-17T22:25:00Z,0.08835,0.08835,0.08835,0.08835,0,0,0.08836,0.08837,0.08835,0.08835,0.08845,0.08846,0.08845,0.08845,-0.00030672,-0.00052656,-0.000533,-0.000533,-0.00010000000000000286,-0.0011305822498587097
1697581800000,2023-10-17T22:30:00Z,0.08835,0.08853,0.08835,0.08853,239420,21179.62761,0.08835,0.08853,0.08835,0.08853,0.08845,0.08858,0.08845,0.08858,-0.000533,-0.00033996,-0.00065088,-0.00033996,-5.000000000000837e-05,-0.0005644615037255404
1697582100000,2023-10-17T22:35:00Z,0.08853,0.08853,0.08847,0.08847,43996,3893.55251,0.08853,0.08853,0.08847,0.08847,0.08858,0.08858,0.08852,0.08853,-0.00033996,-0.00016096,-0.00024997,-0.00016096,-6.0000000000004494e-05,-0.0006777363605557946
1697582400000,2023-10-17T22:40:00Z,0.08847,0.08847,0.08828,0.08833,1073114,94797.64652,0.08847,0.08847,0.08833,0.08833,0.08853,0.08853,0.0884,0.0884,-0.00016096,-0.00059699,-0.00074146,-0.00059699,-7.000000000000062e-05,-0.0007918552036199164
1697582700000,2023-10-17T22:45:00Z,0.08833,0.08833,0.08826,0.08826,49653,4384.49576,0.08833,0.08833,0.08826,0.08826,0.0884,0.0884,0.08835,0.08835,-0.00059699,-0.00055121,-0.00068401,-0.00068401,-8.999999999999286e-05,-0.0010186757215618887
1697583000000,2023-10-17T22:50:00Z,0.08826,0.08829,0.08824,0.08824,83067,7331.71105,0.08826,0.08829,0.08824,0.08824,0.08835,0.08836,0.08831,0.08831,-0.00068401,-0.00064069,-0.00079719,-0.00064069,-7.000000000000062e-05,-0.0007926622126599549
1697583300000,2023-10-17T22:55:00Z,0.08824,0.08832,0.08823,0.08832,37967,3351.6871,0.08824,0.08832,0.08823,0.08832,0.08831,0.08839,0.0883,0.08839,-0.00064069,-0.00045734,-0.00056827,-0.00056827,-7.000000000000062e-05,-0.0007919447901346377
1697583600000,2023-10-17T23:00:00Z,0.08832,0.08832,0.08829,0.08829,14554,1285.1549,0.08832,0.08832,0.08829,0.08829,0.08839,0.08839,0.08836,0.08836,-0.00056827,-0.0007425,-0.00079934,-0.00079934,-7.000000000000062e-05,-0.0007922136713445068
1697583900000,2023-10-17T23:05:00Z,0.08829,0.08833,0.08827,0.08833,12783,1128.78104,0.08829,0.08833,0.08828,0.08833,0.08836,0.0884,0.08836,0.08839,-0.00079934,-0.00051713,-0.0006302,-0.00051713,-5.9999999999990616e-05,-0.0006788098201152915
1697584200000,2023-10-17T23:10:00Z,0.08833,0.08833,0.0883,0.08832,5547,489.89826,0.08833,0.08833,0.0883,0.08833,0.08839,0.08841,0.08838,0.08841,-0.00051713,-0.00044846,-0.0007253,-0.00044846,-9.000000000000674e-05,-0.0010179843909060822
1697584500000,2023-10-17T23:15:00Z,0.08832,0.08833,0.0883,0.0883,26093,2304.23048,0.08833,0.08833,0.0883,0.0883,0.08841,0.08841,0.08837,0.08837,-0.00044846,-0.00071362,-0.00084973,-0.00084973,-7.000000000000062e-05,-0.0007921240239900488
1697584800000,2023-10-17T23:20:00Z,0.0883,0.0883,0.0883,0.0883,717,63.3111,0.0883,0.08831,0.0883,0.08831,0.08837,0.08839,0.08837,0.08839,-0.00084973,-0.00053677,-0.00055363,-0.00055363,-8.999999999999286e-05,-0.0010182147301730157
1697585100000,2023-10-17T23:25:00Z,0.0883,0.0883,0.0883,0.0883,0,0,0.08831,0.08833,0.0883,0.08832,0.08839,0.08841,0.08838,0.0884,-0.00055363,-0.00064852,-0.00064852,-0.00064852,-0.00010000000000000286,-0.001131221719457046
1697585400000,2023-10-17T23:30:00Z,0.0883,0.08838,0.0883,0.08838,2199,194.24494,0.08832,0.0884,0.08831,0.08839,0.0884,0.08848,0.0884,0.08847,-0.00064852,-0.00059518,-0.00071123,-0.00059518,-8.999999999999286e-05,-0.0010172939979653313
1697585700000,2023-10-17T23:35:00Z,0.08838,0.08853,0.08838,0.08852,682128,60355.74672,0.08839,0.08853,0.08838,0.08852,0.08847,0.08855,0.08847,0.08855,-0.00059518,-0.00073581,-0.0008086,-0.0008086,-3.0000000000002247e-05,-0.0003387916431394946
1697586000000,2023-10-17T23:40:00Z,0.08852,0.08852,0.08848,0.08849,32554,2880.55232,0.08852,0.08852,0.08848,0.08849,0.08855,0.08855,0.08854,0.08855,-0.0008086,-0.00039062,-0.00044472,-0.00044472,-6.0000000000004494e-05,-0.0006775832862789892
1697586300000,2023-10-17T23:45:00Z,0.08849,0.08852,0.08849,0.08852,33782,2989.70826,0.08849,0.08853,0.08849,0.08852,0.08855,0.08859,0.08854,0.08855,-0.00044472,-0.00038091,-0.00048995,-0.00038091,-3.0000000000002247e-05,-0.0003387916431394946
1697586600000,2023-10-17T23:50:00Z,0.08852,0.08855,0.08849,0.08855,20522,1816.53794,0.08852,0.08855,0.08849,0.08855,0.08855,0.08859,0.08855,0.08858,-0.00038091,-0.00015332,-0.00033525,-0.00033525,-3.0000000000002247e-05,-0.0003386769022352929
1697586900000,2023-10-17T23:55:00Z,0.08855,0.08862,0.08847,0.08848,129340,11453.87378,0.08855,0.08862,0.08848,0.08848,0.08858,0.08864,0.08854,0.08854,-0.00033525,-0.00031603,-0.00033318,-0.00033318,-5.9999999999990616e-05,-0.000677659814772878
1697587200000,2023-10-18T00:00:00Z,0.08848,0.0886,0.08845,0.0886,101747,9007.89037,0.08848,0.08862,0.08847,0.08861,0.08854,0.08869,0.08853,0.08868,-0.00033318,-0.00037911,-0.00050564,-0.00037911,-7.999999999999674e-05,-0.0009021199819575636
1697587500000,2023-10-18T00:05:00Z,0.0886,0.08869,0.08858,0.08869,128533,11396.26778,0.08861,0.08869,0.08859,0.08869,0.08868,0.08876,0.08866,0.08875,-0.00037911,-0.00024616,-0.00051053,-0.00024616,-5.9999999999990616e-05,-0.0006760563380280633
1697587800000,2023-10-18T00:10:00Z,0.08869,0.08869,0.08859,0.0886,84561,7494.6195,0.08869,0.0887,0.0886,0.0886,0.08875,0.08876,0.08866,0.08866,-0.00024616,-0.00021441,-0.0004223,-0.0004223,-6.0000000000004494e-05,-0.0006767426122265338
1697588100000,2023-10-18T00:15:00Z,0.0886,0.08871,0.08859,0.08868,104843,9297.70103,0.0886,0.08872,0.0886,0.0887,0.08866,0.08878,0.08866,0.08877,-0.0004223,-0.0005838,-0.00061931,-0.0005838,-9.000000000000674e-05,-0.001013856032443469
1697588400000,2023-10-18T00:20:00Z,0.08868,0.0888,0.08868,0.08878,141971,12599.61692,0.0887,0.08879,0.0887,0.08878,0.08877,0.08884,0.08877,0.08884,-0.0005838,-0.00031573,-0.00054131,-0.00054131,-6.0000000000004494e-05,-0.0006753714542999155
1697588700000,2023-10-18T00:25:00Z,0.08878,0.08888,0.08873,0.08887,521517,46320.05335,0.08878,0.08888,0.08873,0.08887,0.08884,0.08893,0.08879,0.08893,-0.00054131,-0.00038511,-0.00047387,-0.00038511,-5.9999999999990616e-05,-0.0006746879568198653
1697589000000,2023-10-18T00:30:00Z,0.08887,0.08888,0.0887,0.0887,152508,13542.31555,0.08887,0.08889,0.0887,0.08872,0.08893,0.08896,0.08878,0.0888,-0.00038511,-0.00061435,-0.0006628,-0.0006628,-0.00010000000000000286,-0.0011261261261261584
1697589300000,2023-10-18T00:35:00Z,0.0887,0.08873,0.08868,0.0887,25699,2279.39132,0.08872,0.08873,0.08868,0.08871,0.0888,0.08882,0.08877,0.0888,-0.0006628,-0.00072057,-0.00089528,-0.00089528,-0.00010000000000000286,-0.0011261261261261584
1697589600000,2023-10-18T00:40:00Z,0.0887,0.0887,0.08867,0.08869,33038,2929.99602,0.08871,0.08872,0.08868,0.08869,0.0888,0.08881,0.08877,0.08879,-0.00089528,-0.00084039,-0.00085888,-0.00085888,-9.999999999998899e-05,-0.0011262529564138866
1697589900000,2023-10-18T00:45:00Z,0.08869,0.08881,0.08867,0.08878,24793,2200.29166,0.08869,0.08881,0.08867,0.08878,0.08879,0.0889,0.08876,0.08887,-0.00085888,-0.00067379,-0.00074321,-0.00067379,-9.000000000000674e-05,-0.0010127152019804968
1697590200000,2023-10-18T00:50:00Z,0.08878,0.08883,0.08878,0.08881,1745,154.94925,0.08878,0.08883,0.08878,0.08881,0.08887,0.08891,0.08885,0.08888,-0.00067379,-0.00076017,-0.00097738,-0.00097738,-7.000000000000062e-05,-0.0007875787578757945
1697590500000,2023-10-18T00:55:00Z,0.08881,0.08881,0.08874,0.08874,116072,10301.94371,0.08881,0.08881,0.08874,0.08874,0.08888,0.08889,0.08882,0.08883,-0.00097738,-0.00071325,-0.00082267,-0.00082267,-9.000000000000674e-05,-0.0010131712259372591
1697590800000,2023-10-18T01:00:00Z,0.08874,0.08875,0.08867,0.08872,376135,33363.04031,0.08874,0.08875,0.08869,0.08872,0.08883,0.08883,0.08877,0.08877,-0.00082267,-0.00084786,-0.00090033,-0.00090033,-5.000000000000837e-05,-0.0005632533513575349
1697591100000,2023-10-18T01:05:00Z,0.08872,0.08876,0.08869,0.08875,105994,9403.61321,0.08872,0.08876,0.0887,0.08875,0.08877,0.08884,0.08877,0.08881,-0.00090033,-0.00072125,-0.00085337,-0.00072125,-6.0000000000004494e-05,-0.0006755995946402939
1697591400000,2023-10-18T01:10:00Z,0.08875,0.08875,0.0887,0.0887,10345,918.01842,0.08875,0.08875,0.0887,0.0887,0.08881,0.08882,0.08877,0.08877,-0.00072125,-0.00073473,-0.00083492,-0.00073473,-7.000000000000062e-05,-0.0007885546919004238
1697591700000,2023-10-18T01:15:00Z,0.0887,0.08871,0.08857,0.08858,135299,11994.32783,0.0887,0.08873,0.08858,0.08859,0.08877,0.08881,0.08867,0.08868,-0.00073473,-0.0008739,-0.00088052,-0.00088052,-9.999999999998899e-05,-0.0011276499774468764
1697592000000,2023-10-18T01:20:00Z,0.08858,0.08863,0.08858,0.0886,5552,491.91512,0.08859,0.08863,0.08859,0.08863,0.08868,0.08872,0.08868,0.08871,-0.00088052,-0.00052615,-0.0007708,-0.00052615,-0.00010999999999999899,-0.001239995490925476
1697592300000,2023-10-18T01:25:00Z,0.0886,0.08867,0.0886,0.08865,114698,10168.19484,0.08863,0.08867,0.08863,0.08865,0.08871,0.08873,0.08871,0.08872,-0.00052615,-0.00056131,-0.00056469,-0.00056131,-6.999999999998674e-05,-0.0007889990982865954
1697592600000,2023-10-18T01:30:00Z,0.08865,0.08865,0.08862,0.08862,14817,1313.19997,0.08865,0.08865,0.08862,0.08862,0.08872,0.08873,0.08871,0.08871,-0.00056131,-0.00045079,-0.00054576,-0.00045079,-8.999999999999286e-05,-0.0010145417653025911
1697592900000,2023-10-18T01:35:00Z,0.08862,0.08863,0.08862,0.08863,1609,142.60567,0.08862,0.08866,0.08862,0.08866,0.08871,0.08873,0.0887,0.08873,-0.00045079,-0.00052519,-0.00053748,-0.00053748,-0.00010000000000000286,-0.0011270145384875787
1697593200000,2023-10-18T01:40:00Z,0.08863,0.08865,0.08862,0.08862,20714,1836.11907,0.08866,0.08866,0.08862,0.08862,0.08873,0.08873,0.08868,0.08869,-0.00053748,-0.00050298,-0.00056674,-0.00056674,-7.000000000000062e-05,-0.0007892659826361553
1697593500000,2023-10-18T01:45:00Z,0.08862,0.08863,0.08861,0.08863,1818,161.09326,0.08862,0.08864,0.08861,0.08864,0.08869,0.08871,0.08869,0.08871,-0.00056674,-0.00060518,-0.00070149,-0.00070149,-7.999999999999674e-05,-0.000901814902491227
1697593800000,2023-10-18T01:50:00Z,0.08863,0.08863,0.0886,0.0886,25623,2270.39862,0.08864,0.08866,0.0886,0.0886,0.08871,0.08873,0.08868,0.08868,-0.00070149,-0.00075823,-0.00087089,-0.00087089,-7.999999999999674e-05,-0.0009021199819575636
1697594100000,2023-10-18T01:55:00Z,0.0886,0.0886,0.08856,0.08859,9394,832.06482,0.0886,0.0886,0.08857,0.08859,0.08868,0.08868,0.08865,0.08867,-0.00087089,-0.00074472,-0.00082036,-0.00082036,-7.999999999999674e-05,-0.000902221720987896
1697594400000,2023-10-18T02:00:00Z,0.08859,0.08863,0.08858,0.08863,3354,297.15172,0.08859,0.08865,0.08858,0.08865,0.08867,0.08872,0.08866,0.08872,-0.00082036,-0.00059781,-0.00076361,-0.00059781,-8.999999999999286e-05,-0.0010144274120828772
1697594700000,2023-10-18T02:05:00Z,0.08863,0.08866,0.08859,0.08859,19967,1769.31612,0.08865,0.08866,0.08859,0.08859,0.08872,0.08873,0.08865,0.08866,-0.00059781,-0.00067805,-0.00074168,-0.00074168,-7.000000000000062e-05,-0.0007895330475975707
1697595000000,2023-10-18T02:10:00Z,0.08859,0.08859,0.08851,0.08851,104935,9292.06183,0.08859,0.08859,0.08851,0.08851,0.08866,0.08866,0.08857,0.08858,-0.00074168,-0.00067783,-0.00082507,-0.00082507,-7.000000000000062e-05,-0.0007902461052156312
1697595300000,2023-10-18T02:15:00Z,0.08851,0.08851,0.0884,0.08848,184542,16319.18333,0.08851,0.08851,0.0884,0.08848,0.08858,0.08858,0.08849,0.08856,-0.00082507,-0.00062916,-0.00071736,-0.00071736,-7.999999999999674e-05,-0.0009033423667569641
1697595600000,2023-10-18T02:20:00Z,0.08848,0.08848,0.08841,0.08843,60255,5328.71516,0.08848,0.08848,0.08841,0.08844,0.08856,0.08856,0.0885,0.08853,-0.00071736,-0.00085593,-0.00090566,-0.00090566,-0.00010000000000000286,-0.001129560600926272
1697595900000,2023-10-18T02:25:00Z,0.08843,0.0885,0.08843,0.08848,19786,1750.64014,0.08844,0.0885,0.08843,0.08848,0.08853,0.08858,0.08852,0.08855,-0.00090566,-0.0007096,-0.00074085,-0.0007096,-7.000000000000062e-05,-0.0007905138339921018
1697596200000,2023-10-18T02:30:00Z,0.08848,0.08848,0.08842,0.08844,16182,1431.19789,0.08848,0.08848,0.08842,0.08844,0.08855,0.08857,0.08851,0.08851,-0.0007096,-0.00055149,-0.0007629,-0.00055149,-7.000000000000062e-05,-0.0007908710880126608
1697596500000,2023-10-18T02:35:00Z,0.08844,0.08844,0.08842,0.08842,19132,1691.65144,0.08844,0.08844,0.08842,0.08843,0.08851,0.08852,0.08849,0.08851,-0.00055149,-0.00061204,-0.00070903,-0.00070903,-9.000000000000674e-05,-0.0010168342560163454
1697596800000,2023-10-18T02:40:00Z,0.08842,0.08842,0.08837,0.08837,17376,1535.78336,0.08843,0.08843,0.08838,0.08838,0.08851,0.08851,0.08845,0.08845,-0.00070903,-0.00055154,-0.00088857,-0.00055154,-7.999999999999674e-05,-0.0009044657998869049
1697597100000,2023-10-18T02:45:00Z,0.08837,0.08837,0.08836,0.08837,1114,98.44377,0.08838,0.0884,0.08836,0.08837,0.08845,0.08847,0.08845,0.08847,-0.00055154,-0.0006401,-0.00077956,-0.0006401,-9.999999999998899e-05,-0.0011303266644058889
1697597400000,2023-10-18T02:50:00Z,0.08837,0.08837,0.08836,0.08836,20185,1783.66509,0.08837,0.08837,0.08836,0.08836,0.08847,0.08847,0.08844,0.08844,-0.0006401,-0.00060558,-0.00075186,-0.00060558,-8.000000000001062e-05,-0.0009045680687472932
1697597700000,2023-10-18T02:55:00Z,0.08836,0.0884,0.08836,0.08839,2290,202.34969,0.08836,0.0884,0.08836,0.08839,0.08844,0.08848,0.08844,0.08848,-0.00060558,-0.00064247,-0.00071775,-0.00064247,-9.000000000000674e-05,-0.0010171790235082136
1697598000000,2023-10-18T03:00:00Z,0.08839,0.08843,0.08839,0.08843,2781,245.82018,0.08839,0.08843,0.08839,0.08843,0.08848,0.08852,0.08848,0.08852,-0.00064247,-0.00066331,-0.0007762,-0.0007762,-9.000000000000674e-05,-0.001016719385449692
1697598300000,2023-10-18T03:05:00Z,0.08843,0.08848,0.08843,0.08848,12792,1131.55508,0.08843,0.08848,0.08843,0.08848,0.08852,0.08855,0.08851,0.08854,-0.0007762,-0.00067792,-0.00067814,-0.00067792,-5.9999999999990616e-05,-0.000677659814772878
1697598600000,2023-10-18T03:10:00Z,0.08848,0.08849,0.08848,0.08849,13334,1179.92228,0.08848,0.08849,0.08848,0.08849,0.08854,0.08856,0.08854,0.08855,-0.00067792,-0.00058807,-0.00065232,-0.00058807,-6.0000000000004494e-05,-0.0006775832862789892
1697598900000,2023-10-18T03:15:00Z,0.08849,0.08853,0.08848,0.08853,18523,1639.5915,0.08849,0.08853,0.08848,0.08853,0.08855,0.08859,0.08854,0.08859,-0.00058807,-0.00057794,-0.00057974,-0.00057974,-6.0000000000004494e-05,-0.000677277345072858
1697599200000,2023-10-18T03:20:00Z,0.08853,0.08853,0.08849,0.0885,64755,5731.23381,0.08853,0.08854,0.0885,0.0885,0.08859,0.0886,0.08855,0.08855,-0.00057974,-0.00070659,-0.00071365,-0.00070659,-5.000000000000837e-05,-0.0005646527385658765
1697599500000,2023-10-18T03:25:00Z,0.0885,0.0885,0.08849,0.0885,818,72.38566,0.0885,0.08852,0.08849,0.0885,0.08855,0.08859,0.08855,0.08857,-0.00070659,-0.00060919,-0.00061521,-0.00060919,-7.000000000000062e-05,-0.0007903353279891681
1697599800000,2023-10-18T03:30:00Z,0.0885,0.08852,0.08848,0.08851,5003,442.79651,0.0885,0.08852,0.08849,0.08851,0.08857,0.08859,0.08856,0.08857,-0.00060919,-0.00080681,-0.00087762,-0.00087762,-5.9999999999990616e-05,-0.0006774302811334607
1697600100000,2023-10-18T03:35:00Z,0.08851,0.08852,0.08848,0.08852,28230,2498.83196,0.08851,0.08852,0.08849,0.08852,0.08857,0.08859,0.08857,0.08858,-0.00087762,-0.000634,-0.00070617,-0.00070617,-6.0000000000004494e-05,-0.0006773538044705857
1697600400000,2023-10-18T03:40:00Z,0.08852,0.08852,0.08851,0.08851,2079,184.01229,0.08852,0.08853,0.08851,0.08851,0.08858,0.0886,0.08855,0.08855,-0.00070617,-0.00072199,-0.00089117,-0.00072199,-3.999999999999837e-05,-0.0004517221908526072
1697600700000,2023-10-18T03:45:00Z,0.08851,0.08851,0.08848,0.08848,229,20.26192,0.08851,0.08851,0.08848,0.08848,0.08855,0.08856,0.08855,0.08855,-0.00072199,-0.00065499,-0.00092863,-0.00092863,-7.000000000000062e-05,-0.0007905138339921018
1697601000000,2023-10-18T03:50:00Z,0.08848,0.0885,0.08847,0.0885,35084,3103.88481,0.08848,0.08851,0.08848,0.08851,0.08855,0.08859,0.08854,0.08859,-0.00092863,-0.00062278,-0.00073729,-0.00073729,-9.000000000000674e-05,-0.001015916017609287
1697601300000,2023-10-18T03:55:00Z,0.0885,0.08853,0.0885,0.08853,55602,4921.8779,0.08851,0.08855,0.08851,0.08854,0.08859,0.08862,0.08859,0.08861,-0.00073729,-0.00054757,-0.00056393,-0.00056393,-7.999999999999674e-05,-0.0009028326373998053
1697601600000,2023-10-18T04:00:00Z,0.08853,0.08853,0.08849,0.08849,16630,1471.96934,0.08854,0.08855,0.0885,0.0885,0.08861,0.08862,0.08858,0.08858,-0.00056393,-0.00079024,-0.00086059,-0.00079024,-9.000000000000674e-05,-0.0010160307067058787
1697601900000,2023-10-18T04:05:00Z,0.08849,0.0885,0.08849,0.0885,7,0.6195,0.0885,0.08851,0.0885,0.0885,0.08858,0.08859,0.08858,0.08859,-0.00079024,-0.00091838,-0.00094401,-0.00091838,-9.000000000000674e-05,-0.001015916017609287
1697602200000,2023-10-18T04:10:00Z,0.0885,0.08853,0.08849,0.08853,47727,4223.61551,0.0885,0.08853,0.08849,0.08853,0.08859,0.0886,0.08858,0.0886,-0.00091838,-0.00076659,-0.00076704,-0.00076704,-7.000000000000062e-05,-0.0007900677200903004
1697602500000,2023-10-18T04:15:00Z,0.08853,0.08853,0.08847,0.08851,139576,12351.21622,0.08853,0.08853,0.08851,0.08851,0.0886,0.0886,0.08859,0.08859,-0.00076704,-0.00081103,-0.00090541,-0.00081103,-7.999999999999674e-05,-0.0009030364600970396
1697602800000,2023-10-18T04:20:00Z,0.08851,0.08852,0.0885,0.08852,22067,1952.99224,0.08851,0.08852,0.0885,0.08852,0.08859,0.08861,0.08859,0.08861,-0.00081103,-0.00071794,-0.00090293,-0.00090293,-8.999999999999286e-05,-0.0010156867170747418
1697603100000,2023-10-18T04:25:00Z,0.08852,0.08853,0.08852,0.08853,3268,289.30597,0.08852,0.08853,0.08852,0.08853,0.08861,0.08861,0.0886,0.0886,-0.00090293,-0.00075894,-0.00079923,-0.00075894,-7.000000000000062e-05,-0.0007900677200903004
1697603400000,2023-10-18T04:30:00Z,0.08853,0.08853,0.08852,0.08853,8173,723.53311,0.08853,0.08853,0.08852,0.08853,0.0886,0.08862,0.0886,0.0886,-0.00075894,-0.00086547,-0.00087935,-0.00086547,-7.000000000000062e-05,-0.0007900677200903004
1697603700000,2023-10-18T04:35:00Z,0.08853,0.08859,0.08853,0.08859,44609,3950.68544,0.08853,0.08859,0.08853,0.08859,0.0886,0.08865,0.0886,0.08865,-0.00086547,-0.00071077,-0.00079853,-0.00071077,-6.0000000000004494e-05,-0.0006768189509306767
1697604000000,2023-10-18T04:40:00Z,0.08859,0.0886,0.08854,0.08855,8751,775.17481,0.08859,0.0886,0.08856,0.08856,0.08865,0.08866,0.08862,0.08862,-0.00071077,-0.00045131,-0.00065824,-0.00045131,-7.000000000000062e-05,-0.0007898894154818395
1697604300000,2023-10-18T04:45:00Z,0.08855,0.08858,0.08855,0.08858,159,14.07954,0.08856,0.08858,0.08855,0.08858,0.08862,0.08864,0.08862,0.08863,-0.00045131,-0.00055049,-0.00055895,-0.00055049,-4.999999999999449e-05,-0.0005641430666816484
1697604600000,2023-10-18T04:50:00Z,0.08858,0.08859,0.08854,0.08854,12987,1150.33802,0.08858,0.08859,0.08854,0.08855,0.08863,0.08866,0.08862,0.08862,-0.00055049,-0.00067697,-0.00081911,-0.00081911,-8.000000000001062e-05,-0.0009027307605507856
1697604900000,2023-10-18T04:55:00Z,0.08854,0.08898,0.08854,0.08868,2026479,179986.93047,0.08855,0.08894,0.08854,0.08868,0.08862,0.08898,0.08861,0.08875,-0.00081911,-0.00033539,-0.00044495,-0.00033539,-7.000000000000062e-05,-0.0007887323943662042
1697605200000,2023-10-18T05:00:00Z,0.08868,0.08883,0.08868,0.08879,123759,10988.76621,0.08868,0.08883,0.08868,0.08879,0.08875,0.08885,0.08875,0.08881,-0.00033539,-0.00009871,-0.00041919,-0.00041919,-2.0000000000006124e-05,-0.00022519986488015004
1697605500000,2023-10-18T05:05:00Z,0.08879,0.08882,0.08874,0.08878,144325,12813.63764,0.08879,0.08882,0.08874,0.08878,0.08881,0.08884,0.08879,0.08881,-0.00041919,0,-0.00010563,-0.00010563,-3.0000000000002247e-05,-0.0003377997973201469
1697605800000,2023-10-18T05:10:00Z,0.08878,0.08878,0.08865,0.08865,24947,2212.66426,0.08878,0.08878,0.08865,0.08866,0.08881,0.08882,0.08869,0.08871,-0.00010563,-0.00017186,-0.00054807,-0.00054807,-5.9999999999990616e-05,-0.000676361176868342
1697606100000,2023-10-18T05:15:00Z,0.08865,0.08879,0.08865,0.08875,49903,4427.02489,0.08866,0.08879,0.08865,0.08875,0.08871,0.08882,0.0887,0.08879,-0.00054807,-0.00018868,-0.00057249,-0.00018868,-3.999999999999837e-05,-0.00045050118256558593
1697606400000,2023-10-18T05:20:00Z,0.08875,0.08884,0.08875,0.08884,10550,936.67657,0.08875,0.08884,0.08875,0.08884,0.08879,0.08888,0.08879,0.08887,-0.00018868,0,-0.00019601,0,-3.0000000000002247e-05,-0.0003375717339934989
1697606700000,2023-10-18T05:25:00Z,0.08884,0.08884,0.08873,0.08874,79645,7073.56585,0.08884,0.08884,0.08873,0.08874,0.08887,0.08888,0.08877,0.08877,0,-0.00013695,-0.00018435,-0.00018435,-3.0000000000002247e-05,-0.00033795201081448964
1697607000000,2023-10-18T05:30:00Z,0.08874,0.08877,0.08868,0.08868,16660,1477.98387,0.08874,0.08877,0.08868,0.08868,0.08877,0.08881,0.08871,0.08871,-0.00018435,-0.00011263,-0.00011749,-0.00011263,-3.0000000000002247e-05,-0.00033818058843424923
1697607300000,2023-10-18T05:35:00Z,0.08868,0.0887,0.08865,0.0887,12473,1105.95405,0.08868,0.08872,0.08865,0.08872,0.08871,0.08875,0.08867,0.08874,-0.00011263,-0.00000123,-0.00024157,-0.00000123,-3.999999999999837e-05,-0.0004507550146495196
1697607600000,2023-10-18T05:40:00Z,0.0887,0.08882,0.0887,0.08875,159858,14193.52095,0.08872,0.08882,0.08872,0.08875,0.08874,0.08883,0.08874,0.08877,-0.00000123,0,-0.00006731,-0.00006731,-2.0000000000006124e-05,-0.00022530134054304522
1697607900000,2023-10-18T05:45:00Z,0.08875,0.08875,0.08859,0.08862,379585,33640.24359,0.08875,0.08875,0.08863,0.08864,0.08877,0.08878,0.08868,0.08869,-0.00006731,-0.00027341,-0.00030579,-0.00030579,-7.000000000000062e-05,-0.0007892659826361553
1697608200000,2023-10-18T05:50:00Z,0.08862,0.08864,0.08856,0.08862,306017,27109.52516,0.08864,0.08865,0.0886,0.08863,0.08869,0.08871,0.08866,0.08871,-0.00030579,-0.00048911,-0.0005571,-0.0005571,-8.999999999999286e-05,-0.0010145417653025911
1697608500000,2023-10-18T05:55:00Z,0.08862,0.08867,0.08861,0.08867,16542,1466.3576,0.08863,0.08868,0.08861,0.08868,0.08871,0.08876,0.08869,0.08876,-0.0005571,-0.0004313,-0.00048512,-0.00048512,-9.000000000000674e-05,-0.001013970256872541
1697608800000,2023-10-18T06:00:00Z,0.08867,0.0887,0.08866,0.0887,5201,461.17527,0.08868,0.08872,0.08867,0.08872,0.08876,0.08879,0.08873,0.08879,-0.00048512,-0.00053024,-0.00056376,-0.00053024,-8.999999999999286e-05,-0.0010136276607725292
1697609100000,2023-10-18T06:05:00Z,0.0887,0.0888,0.0887,0.0888,52182,4631.12654,0.08872,0.0888,0.08872,0.0888,0.08879,0.08887,0.08879,0.08887,-0.00053024,-0.00043714,-0.00064531,-0.00064531,-7.000000000000062e-05,-0.000787667379318112
1697609400000,2023-10-18T06:10:00Z,0.0888,0.08884,0.08879,0.08882,18546,1646.9896,0.0888,0.08884,0.08879,0.08883,0.08887,0.0889,0.08886,0.0889,-0.00064531,-0.00048756,-0.00058267,-0.00058267,-8.000000000001062e-05,-0.0008998875140608617
1697609700000,2023-10-18T06:15:00Z,0.08882,0.08885,0.08881,0.08885,39817,3537.26211,0.08883,0.08885,0.08881,0.08885,0.0889,0.08891,0.08888,0.08891,-0.00058267,-0.00042821,-0.00049291,-0.00049291,-6.0000000000004494e-05,-0.0006748397255652288
1697610000000,2023-10-18T06:20:00Z,0.08885,0.08885,0.08878,0.08879,7549,670.45771,0.08885,0.08885,0.08878,0.08881,0.08891,0.08891,0.08885,0.08887,-0.00049291,-0.00057625,-0.00065909,-0.00057625,-8.000000000001062e-05,-0.0009001912906493824
1697610300000,2023-10-18T06:25:00Z,0.08879,0.0888,0.08869,0.0887,52373,4645.43924,0.08881,0.08881,0.0887,0.0887,0.08887,0.08888,0.08876,0.08878,-0.00057625,-0.00067575,-0.00088758,-0.00088758,-7.999999999999674e-05,-0.0009011038522189316
1697610600000,2023-10-18T06:30:00Z,0.0887,0.08875,0.08865,0.08873,168366,14932.49315,0.0887,0.08875,0.08867,0.08873,0.08878,0.08883,0.08876,0.0888,-0.00088758,-0.00079878,-0.00106038,-0.00079878,-7.000000000000062e-05,-0.0007882882882882952
1697610900000,2023-10-18T06:35:00Z,0.08873,0.08873,0.0887,0.08871,8686,770.47825,0.08873,0.08873,0.08871,0.08871,0.0888,0.0888,0.08879,0.08879,-0.00079878,-0.00078184,-0.0008163,-0.00078184,-7.999999999999674e-05,-0.0009010023651311719
1697611200000,2023-10-18T06:40:00Z,0.08871,0.08876,0.0887,0.08876,37083,3289.91479,0.08871,0.08876,0.0887,0.08876,0.08879,0.08882,0.08878,0.08882,-0.00078184,-0.00065822,-0.0009634,-0.00065822,-5.9999999999990616e-05,-0.000675523530736215
1697611500000,2023-10-18T06:45:00Z,0.08876,0.08882,0.08876,0.08882,14982,1330.14685,0.08876,0.08882,0.08876,0.08882,0.08882,0.0889,0.08882,0.08889,-0.00065822,-0.00049724,-0.00063977,-0.00049724,-7.000000000000062e-05,-0.0007874901563730523
1697611800000,2023-10-18T06:50:00Z,0.08882,0.08884,0.08881,0.08881,38321,3403.83909,0.08882,0.08884,0.08881,0.08881,0.08889,0.08892,0.08888,0.08888,-0.00049724,-0.00081673,-0.00085637,-0.00081673,-7.000000000000062e-05,-0.0007875787578757945
1697612100000,2023-10-18T06:55:00Z,0.08881,0.08882,0.08875,0.08878,322221,28605.63484,0.08881,0.08882,0.08878,0.08878,0.08888,0.0889,0.08887,0.08887,-0.00081673,-0.00085701,-0.00090638,-0.00090638,-9.000000000000674e-05,-0.0010127152019804968
1697612400000,2023-10-18T07:00:00Z,0.08878,0.08879,0.0886,0.08864,120489,10686.87091,0.08878,0.08879,0.08862,0.08864,0.08887,0.08888,0.08871,0.08873,-0.00090638,-0.00092381,-0.00096215,-0.00092381,-9.000000000000674e-05,-0.0010143130846388677
1697612700000,2023-10-18T07:05:00Z,0.08864,0.08864,0.08859,0.08859,12229,1083.58521,0.08864,0.08865,0.08859,0.08859,0.08873,0.08874,0.08866,0.08867,-0.00092381,-0.00087019,-0.0008858,-0.00087019,-7.999999999999674e-05,-0.000902221720987896
1697613000000,2023-10-18T07:10:00Z,0.08859,0.08862,0.08859,0.08862,19487,1726.38899,0.08859,0.08862,0.08859,0.08862,0.08867,0.08871,0.08866,0.0887,-0.00087019,-0.00094927,-0.00099921,-0.00099921,-7.999999999999674e-05,-0.0009019165727169869
1697613300000,2023-10-18T07:15:00Z,0.08862,0.08867,0.08862,0.08867,52630,4664.67009,0.08862,0.08867,0.08862,0.08867,0.0887,0.08876,0.0887,0.08874,-0.00099921,-0.00075332,-0.00077261,-0.00075332,-7.000000000000062e-05,-0.0007888212756366985
1697613600000,2023-10-18T07:20:00Z,0.08867,0.08875,0.08866,0.08873,342881,30418.49263,0.08867,0.08875,0.08866,0.08873,0.08874,0.08881,0.08874,0.0888,-0.00075332,-0.00045466,-0.00065472,-0.00065472,-7.000000000000062e-05,-0.0007882882882882952
1697613900000,2023-10-18T07:25:00Z,0.08873,0.08874,0.08868,0.08872,65006,5767.88693,0.08873,0.08874,0.08868,0.08872,0.0888,0.0888,0.08874,0.08878,-0.00065472,-0.00045629,-0.00046654,-0.00046654,-6.0000000000004494e-05,-0.0006758278891642769
1697614200000,2023-10-18T07:30:00Z,0.08872,0.08875,0.08872,0.08875,1477,131.0395,0.08872,0.08875,0.08872,0.08875,0.08878,0.0888,0.08877,0.0888,-0.00046654,-0.00037271,-0.0004853,-0.0004853,-5.000000000000837e-05,-0.0005630630630631573
1697614500000,2023-10-18T07:35:00Z,0.08875,0.08875,0.08865,0.08867,146344,12977.62942,0.08875,0.08875,0.08865,0.08867,0.0888,0.0888,0.0887,0.08871,-0.0004853,-0.0005138,-0.00058226,-0.0005138,-3.999999999999837e-05,-0.0004509074512456135
1697614800000,2023-10-18T07:40:00Z,0.08867,0.08867,0.08866,0.08867,300,26.5981,0.08867,0.08869,0.08867,0.08869,0.08871,0.08876,0.08871,0.08876,-0.0005138,-0.00049205,-0.00055171,-0.00055171,-9.000000000000674e-05,-0.001013970256872541
1697615100000,2023-10-18T07:45:00Z,0.08867,0.08869,0.08862,0.08865,39504,3502.34417,0.08869,0.08869,0.08862,0.08865,0.08876,0.08876,0.0887,0.08873,-0.00055171,-0.00053438,-0.00059188,-0.00059188,-7.999999999999674e-05,-0.0009016116307900004
1697615400000,2023-10-18T07:50:00Z,0.08865,0.08868,0.08863,0.08868,1032,91.46865,0.08865,0.08868,0.08864,0.08868,0.08873,0.08874,0.08872,0.08874,-0.00059188,-0.00051414,-0.00054468,-0.00054468,-6.0000000000004494e-05,-0.0006761325219743576
1697615700000,2023-10-18T07:55:00Z,0.08868,0.08868,0.08865,0.08865,37176,3296.22801,0.08868,0.08868,0.08865,0.08866,0.08874,0.08875,0.08873,0.08874,-0.00054468,-0.00073044,-0.00079763,-0.00073044,-8.999999999999286e-05,-0.00101419878296138
1697616000000,2023-10-18T08:00:00Z,0.08865,0.08867,0.08861,0.08866,28336,2511.81069,0.08866,0.08868,0.08862,0.08867,0.08874,0.08878,0.08871,0.08877,-0.00073044,-0.00059664,-0.00066276,-0.00066276,-0.00010999999999999899,-0.0012391573729863578
1697616300000,2023-10-18T08:05:00Z,0.08866,0.08872,0.08866,0.08871,59011,5234.88371,0.08867,0.08872,0.08867,0.08871,0.08877,0.08879,0.08876,0.08877,-0.00066276,-0.00062446,-0.00088095,-0.00062446,-6.0000000000004494e-05,-0.0006759040216289793
1697616600000,2023-10-18T08:10:00Z,0.08871,0.08871,0.08865,0.08868,8777,778.33036,0.08871,0.08871,0.08865,0.08868,0.08877,0.08879,0.08873,0.08874,-0.00062446,-0.00049042,-0.00065062,-0.00049042,-6.0000000000004494e-05,-0.0006761325219743576
1697616900000,2023-10-18T08:15:00Z,0.08868,0.08874,0.08867,0.08871,115059,10206.92494,0.08868,0.08874,0.08867,0.08872,0.08874,0.08879,0.08874,0.08877,-0.00049042,-0.00063302,-0.0006507,-0.00063302,-6.0000000000004494e-05,-0.0006759040216289793
1697617200000,2023-10-18T08:20:00Z,0.08871,0.08871,0.08868,0.0887,39666,3518.46628,0.08872,0.08872,0.08869,0.08872,0.08877,0.0888,0.08876,0.0888,-0.00063302,-0.00054022,-0.000812,-0.00054022,-0.00010000000000000286,-0.0011261261261261584
1697617500000,2023-10-18T08:25:00Z,0.0887,0.08884,0.0887,0.08882,114277,10145.36739,0.08872,0.08885,0.08871,0.08882,0.0888,0.08893,0.08878,0.0889,-0.00054022,-0.00041604,-0.00058724,-0.00058724,-8.000000000001062e-05,-0.0008998875140608617
1697617800000,2023-10-18T08:30:00Z,0.08882,0.08894,0.0888,0.08888,72894,6477.40471,0.08882,0.08894,0.08881,0.08888,0.0889,0.089,0.08889,0.08894,-0.00058724,-0.00063302,-0.00075708,-0.00075708,-6.0000000000004494e-05,-0.0006746120980436754
1697618100000,2023-10-18T08:35:00Z,0.08888,0.08917,0.08886,0.08904,1730016,154090.44087,0.08888,0.08907,0.08886,0.08906,0.08894,0.08914,0.08893,0.08912,-0.00075708,-0.00052062,-0.00052936,-0.00052936,-8.000000000001062e-05,-0.0008976660682227403
1697618400000,2023-10-18T08:40:00Z,0.08904,0.08904,0.0889,0.08895,379558,33760.63981,0.08906,0.08906,0.08893,0.08895,0.08912,0.08913,0.08901,0.08903,-0.00052936,-0.00095442,-0.00098405,-0.00098405,-7.999999999999674e-05,-0.0008985735145456222
1697618700000,2023-10-18T08:45:00Z,0.08895,0.08895,0.08882,0.08892,78998,7021.38229,0.08895,0.08896,0.08882,0.08893,0.08903,0.08905,0.08891,0.08901,-0.00098405,-0.00030829,-0.00061534,-0.00030829,-9.000000000000674e-05,-0.001011122345803918
1697619000000,2023-10-18T08:50:00Z,0.08892,0.08895,0.08885,0.08888,628833,55908.29376,0.08893,0.08895,0.08885,0.08888,0.08901,0.08902,0.08893,0.08894,-0.00030829,-0.00041972,-0.00053794,-0.00041972,-6.0000000000004494e-05,-0.0006746120980436754
1697619300000,2023-10-18T08:55:00Z,0.08888,0.08891,0.08888,0.08891,98952,8796.65759,0.08888,0.08891,0.08888,0.08891,0.08894,0.08896,0.08893,0.08895,-0.00041972,-0.00026093,-0.00034423,-0.00034423,-3.999999999999837e-05,-0.0004496908375491666
1697619600000,2023-10-18T09:00:00Z,0.08891,0.08894,0.08891,0.08893,192310,17100.32512,0.08891,0.08893,0.08891,0.08893,0.08895,0.08897,0.08893,0.08897,-0.00034423,-0.00015287,-0.00022808,-0.00022808,-3.999999999999837e-05,-0.00044958974935369647
1697619900000,2023-10-18T09:05:00Z,0.08893,0.08894,0.08889,0.08889,211919,18845.21531,0.08893,0.08894,0.08889,0.08889,0.08897,0.08897,0.08891,0.08891,-0.00022808,0,-0.00019554,-0.00019554,-2.0000000000006124e-05,-0.00022494657518846162
1697620200000,2023-10-18T09:10:00Z,0.08889,0.08899,0.08888,0.08899,100343,8928.00937,0.08889,0.089,0.08888,0.08899,0.08891,0.08903,0.0889,0.08902,-0.00019554,-0.00009026,-0.00026218,-0.00026218,-3.0000000000002247e-05,-0.00033700292069200455
1697620500000,2023-10-18T09:15:00Z,0.08899,0.089,0.08898,0.08899,21149,1882.03813,0.08899,0.08901,0.08898,0.08901,0.08902,0.08904,0.089,0.08904,-0.00026218,-0.00006437,-0.0001385,-0.0001385,-4.999999999999449e-05,-0.0005615453728660658
1697620800000,2023-10-18T09:20:00Z,0.08899,0.08906,0.08898,0.08906,157754,14045.5026,0.08901,0.08907,0.08901,0.08907,0.08904,0.08912,0.08904,0.08912,-0.0001385,-0.00012097,-0.00022393,-0.00012097,-6.0000000000004494e-05,-0.0006732495511670163
1697621100000,2023-10-18T09:25:00Z,0.08906,0.08907,0.08905,0.08905,47211,4204.54614,0.08907,0.08907,0.08905,0.08905,0.08912,0.08912,0.08908,0.08909,-0.00012097,0,-0.00019223,-0.00019223,-3.999999999999837e-05,-0.0004489841733078726
1697621400000,2023-10-18T09:30:00Z,0.08905,0.08909,0.08905,0.08909,59644,5313.46397,0.08905,0.0891,0.08905,0.08909,0.08909,0.08914,0.08909,0.08912,-0.00019223,-0.00007202,-0.00025131,-0.00007202,-3.0000000000002247e-05,-0.00033662477558350816
1697621700000,2023-10-18T09:35:00Z,0.08909,0.08915,0.08908,0.0891,100383,8947.76247,0.08909,0.08914,0.08908,0.08913,0.08912,0.08915,0.0891,0.08914,-0.00007202,0,0,0,-3.999999999999837e-05,-0.00044873233116444214
1697622000000,2023-10-18T09:40:00Z,0.0891,0.08923,0.0891,0.08921,199506,17789.2215,0.08913,0.08922,0.08911,0.08921,0.08914,0.08925,0.08913,0.08924,0,-0.00006148,-0.00013369,-0.00013369,-3.0000000000002247e-05,-0.00033617212012552946
1697622300000,2023-10-18T09:45:00Z,0.08921,0.08921,0.08914,0.08917,42235,3766.70933,0.08921,0.08922,0.08915,0.08917,0.08924,0.08925,0.08919,0.08921,-0.00013369,-0.00027458,-0.00033908,-0.00033908,-3.999999999999837e-05,-0.0004483802264319961
1697622600000,2023-10-18T09:50:00Z,0.08917,0.08921,0.08911,0.08911,36874,3288.93099,0.08917,0.08921,0.08911,0.08911,0.08921,0.08926,0.08916,0.08916,-0.00033908,-0.00035208,-0.0004509,-0.0004509,-5.000000000000837e-05,-0.0005607895917452711
1697622900000,2023-10-18T09:55:00Z,0.08911,0.08911,0.08878,0.08888,1375204,122302.22852,0.08911,0.08912,0.08884,0.08888,0.08916,0.08917,0.0889,0.08894,-0.0004509,-0.00047891,-0.00055611,-0.00055611,-6.0000000000004494e-05,-0.0006746120980436754
1697623200000,2023-10-18T10:00:00Z,0.08888,0.08897,0.08882,0.08889,586421,52129.84039,0.08888,0.08898,0.08886,0.08889,0.08894,0.08904,0.0889,0.08896,-0.00055611,-0.00036622,-0.00067618,-0.00067618,-7.000000000000062e-05,-0.0007868705035971292
1697623500000,2023-10-18T10:05:00Z,0.08889,0.08896,0.08884,0.08896,98591,8761.92524,0.08889,0.08898,0.08885,0.08896,0.08896,0.08904,0.08891,0.08902,-0.00067618,-0.00039083,-0.00057232,-0.00039083,-6.0000000000004494e-05,-0.0006740058413840091
1697623800000,2023-10-18T10:10:00Z,0.08896,0.08905,0.08896,0.08905,73909,6580.64379,0.08896,0.08907,0.08896,0.08906,0.08902,0.08913,0.089,0.08912,-0.00039083,-0.00017966,-0.00042725,-0.00017966,-7.000000000000062e-05,-0.0007854578096948004
1697624100000,2023-10-18T10:15:00Z,0.08905,0.08905,0.08897,0.08905,32231,2868.52254,0.08906,0.08906,0.08897,0.08905,0.08912,0.08912,0.08903,0.08909,-0.00017966,-0.00023955,-0.00028781,-0.00023955,-3.999999999999837e-05,-0.0004489841733078726
1697624400000,2023-10-18T10:20:00Z,0.08905,0.08905,0.08898,0.08901,47564,4233.71366,0.08905,0.08905,0.08898,0.08901,0.08909,0.08909,0.08902,0.08905,-0.00023955,-0.00021069,-0.00037223,-0.00021069,-3.999999999999837e-05,-0.0004491858506456863
1697624700000,2023-10-18T10:25:00Z,0.08901,0.08901,0.08892,0.08892,59317,5277.49189,0.08901,0.08902,0.08894,0.08894,0.08905,0.08907,0.08898,0.08898,-0.00021069,-0.00059869,-0.00059903,-0.00059903,-6.0000000000004494e-05,-0.0006743088334457687
1697625000000,2023-10-18T10:30:00Z,0.08892,0.08901,0.0889,0.08901,3210,285.61778,0.08894,0.08901,0.08891,0.08901,0.08898,0.08905,0.08894,0.08904,-0.00059903,-0.00032535,-0.00036911,-0.00036911,-2.999999999998837e-05,-0.0003369272237195459
1697625300000,2023-10-18T10:35:00Z,0.08901,0.08905,0.089,0.08905,33591,2990.88758,0.08901,0.08906,0.089,0.08905,0.08904,0.08911,0.08904,0.0891,-0.00036911,-0.00043328,-0.00050521,-0.00050521,-4.999999999999449e-05,-0.0005611672278338327
1697625600000,2023-10-18T10:40:00Z,0.08905,0.08908,0.08905,0.08907,13407,1194.10745,0.08905,0.0891,0.08905,0.08907,0.0891,0.08915,0.08908,0.08911,-0.00050521,-0.00019634,-0.00035072,-0.00019634,-3.999999999999837e-05,-0.000448883402536173
1697625900000,2023-10-18T10:45:00Z,0.08907,0.08908,0.08905,0.08905,52188,4647.47199,0.08907,0.08909,0.08905,0.08905,0.08911,0.08915,0.08911,0.08912,-0.00019634,-0.00032192,-0.00054773,-0.00054773,-7.000000000000062e-05,-0.0007854578096948004
1697626200000,2023-10-18T10:50:00Z,0.08905,0.08905,0.08904,0.08905,11742,1045.50778,0.08905,0.08907,0.08904,0.08905,0.08912,0.08914,0.0891,0.08911,-0.00054773,-0.00063491,-0.00072167,-0.00072167,-5.9999999999990616e-05,-0.0006733251038041816
1697626500000,2023-10-18T10:55:00Z,0.08905,0.08905,0.08905,0.08905,83,7.39115,0.08905,0.08906,0.08905,0.08905,0.08911,0.08913,0.0891,0.08912,-0.00072167,-0.0004619,-0.00089756,-0.0004619,-7.000000000000062e-05,-0.0007854578096948004
1697626800000,2023-10-18T11:00:00Z,0.08905,0.08905,0.08904,0.08905,35700,3178.7287,0.08905,0.08906,0.08904,0.08905,0.08912,0.08914,0.0891,0.08911,-0.0004619,-0.00067332,-0.00069243,-0.00067332,-5.9999999999990616e-05,-0.0006733251038041816
1697627100000,2023-10-18T11:05:00Z,0.08905,0.08908,0.08904,0.08907,162879,14504.59519,0.08905,0.08908,0.08905,0.08907,0.08911,0.08914,0.0891,0.08913,-0.00067332,-0.0006219,-0.00089756,-0.0006219,-6.0000000000004494e-05,-0.0006731740154830528
1697627400000,2023-10-18T11:10:00Z,0.08907,0.08907,0.08901,0.08902,194638,17330.59965,0.08907,0.08908,0.08903,0.08904,0.08913,0.08915,0.08911,0.08913,-0.0006219,-0.00086241,-0.00089746,-0.00086241,-0.00010999999999999899,-0.0012341523617188262
1697627700000,2023-10-18T11:15:00Z,0.08902,0.08911,0.08899,0.08911,158063,14073.62326,0.08904,0.08911,0.08902,0.08911,0.08913,0.0892,0.08911,0.0892,-0.00086241,-0.00054604,-0.00076556,-0.00076556,-9.000000000000674e-05,-0.0010089686098655464
1697628000000,2023-10-18T11:20:00Z,0.08911,0.08913,0.08908,0.08912,106415,9483.01851,0.08911,0.08914,0.08909,0.08912,0.0892,0.08924,0.08918,0.08922,-0.00076556,-0.00084056,-0.00120876,-0.00120876,-9.999999999998899e-05,-0.0011208249271462563
1697628300000,2023-10-18T11:25:00Z,0.08912,0.08912,0.08908,0.08912,46431,4136.70644,0.08912,0.08912,0.08908,0.08912,0.08922,0.08922,0.08918,0.08919,-0.00120876,-0.0006054,-0.00081894,-0.0006054,-7.000000000000062e-05,-0.0007848413499271287
1697628600000,2023-10-18T11:30:00Z,0.08912,0.08912,0.08908,0.08911,115747,10312.94544,0.08912,0.08913,0.08909,0.08911,0.08919,0.08922,0.08918,0.08921,-0.0006054,-0.00081199,-0.00098979,-0.00098979,-0.00010000000000000286,-0.001120950566080068
1697628900000,2023-10-18T11:35:00Z,0.08911,0.08914,0.08911,0.08914,101890,9081.47186,0.08911,0.08915,0.08911,0.08914,0.08921,0.08925,0.0892,0.08923,-0.00098979,-0.00087627,-0.00095305,-0.00095305,-9.000000000000674e-05,-0.0010086293847361507
1697629200000,2023-10-18T11:40:00Z,0.08914,0.08914,0.08911,0.08912,69689,6210.79082,0.08914,0.08914,0.08912,0.08912,0.08923,0.08924,0.08921,0.08921,-0.00095305,-0.00093779,-0.00098072,-0.00098072,-8.999999999999286e-05,-0.0010088555094719524
1697629500000,2023-10-18T11:45:00Z,0.08912,0.08912,0.08908,0.0891,90724,8083.98665,0.08912,0.08912,0.0891,0.08911,0.08921,0.08921,0.08919,0.0892,-0.00098072,-0.00067204,-0.00080874,-0.00067204,-0.00010000000000000286,-0.0011210762331838886
1697629800000,2023-10-18T11:50:00Z,0.0891,0.08911,0.08904,0.08905,67965,6052.69932,0.08911,0.08911,0.08904,0.08905,0.0892,0.0892,0.08914,0.08914,-0.00067204,-0.00099181,-0.0011772,-0.0011772,-8.999999999999286e-05,-0.0010096477451199558
1697630100000,2023-10-18T11:55:00Z,0.08905,0.08905,0.08903,0.08904,9156,815.28977,0.08905,0.08906,0.08903,0.08904,0.08914,0.08916,0.08914,0.08915,-0.0011772,-0.0010525,-0.00106853,-0.00106853,-0.00010999999999999899,-0.0012338754907459226
1697630400000,2023-10-18T12:00:00Z,0.08904,0.08914,0.08903,0.08912,163643,14580.00074,0.08904,0.08916,0.08903,0.08912,0.08915,0.08926,0.08914,0.08922,-0.00106853,-0.00095718,-0.00097579,-0.00095718,-9.999999999998899e-05,-0.0011208249271462563
1697630700000,2023-10-18T12:05:00Z,0.08912,0.08912,0.08908,0.0891,121261,10805.12047,0.08912,0.08912,0.08908,0.0891,0.08922,0.08922,0.08916,0.08916,-0.00095718,-0.00082699,-0.00096636,-0.00096636,-6.0000000000004494e-05,-0.0006729475100942631
1697631000000,2023-10-18T12:10:00Z,0.0891,0.0891,0.08906,0.08906,5673,505.24283,0.0891,0.0891,0.08906,0.08906,0.08916,0.08917,0.08914,0.08916,-0.00096636,-0.00077307,-0.00112145,-0.00112145,-0.00010000000000000286,-0.0011215791834903864
1697631300000,2023-10-18T12:15:00Z,0.08906,0.08907,0.08906,0.08907,25444,2266.26861,0.08906,0.08909,0.08906,0.08908,0.08916,0.08918,0.08914,0.08918,-0.00112145,-0.0012228,-0.00123346,-0.0012228,-0.00010999999999999899,-0.0012334604171338752
1697631600000,2023-10-18T12:20:00Z,0.08907,0.08916,0.08906,0.0891,647527,57698.55185,0.08908,0.08916,0.08906,0.08913,0.08918,0.0892,0.08916,0.0892,-0.0012228,-0.00054597,-0.00063878,-0.00054597,-0.00010000000000000286,-0.0011210762331838886
1697631900000,2023-10-18T12:25:00Z,0.0891,0.08915,0.08909,0.08915,63494,5658.09197,0.08913,0.08918,0.08912,0.08915,0.0892,0.08926,0.08919,0.08922,-0.00054597,-0.000685,-0.00089569,-0.00089569,-7.000000000000062e-05,-0.0007845774490024727
1697632200000,2023-10-18T12:30:00Z,0.08915,0.0892,0.08914,0.08917,192584,17175.61101,0.08915,0.0892,0.08914,0.08917,0.08922,0.08928,0.08922,0.08923,-0.00089569,-0.00033971,-0.0003476,-0.0003476,-6.0000000000004494e-05,-0.0006724195898241005
1697632500000,2023-10-18T12:35:00Z,0.08917,0.08917,0.08915,0.08915,37044,3302.82365,0.08917,0.08917,0.08916,0.08916,0.08923,0.08924,0.08922,0.08923,-0.0003476,-0.0005841,-0.00072475,-0.00072475,-8.000000000001062e-05,-0.0008965594530988526
1697632800000,2023-10-18T12:40:00Z,0.08915,0.08918,0.08914,0.08918,96854,8635.046,0.08916,0.08918,0.08915,0.08918,0.08923,0.08925,0.08922,0.08925,-0.00072475,-0.0005982,-0.0007554,-0.0007554,-7.000000000000062e-05,-0.000784313725490203
1697633100000,2023-10-18T12:45:00Z,0.08918,0.08918,0.08907,0.08907,206128,18377.12576,0.08918,0.0892,0.08908,0.08909,0.08925,0.08927,0.08917,0.08918,-0.0007554,-0.00077589,-0.00092757,-0.00092757,-0.00010999999999999899,-0.0012334604171338752
1697633400000,2023-10-18T12:50:00Z,0.08907,0.08913,0.08906,0.08909,108887,9699.66785,0.08909,0.08912,0.08908,0.08909,0.08918,0.08921,0.08915,0.08917,-0.00092757,-0.00081641,-0.00096199,-0.00081641,-7.999999999999674e-05,-0.0008971627228888274
1697633700000,2023-10-18T12:55:00Z,0.08909,0.08909,0.08904,0.08905,32057,2854.67886,0.08909,0.08909,0.08904,0.08907,0.08917,0.08917,0.08913,0.08916,-0.00081641,-0.00067197,-0.00089746,-0.00089746,-0.00010999999999999899,-0.0012337371018393785
1697634000000,2023-10-18T13:00:00Z,0.08905,0.08908,0.08905,0.08908,82909,7384.50253,0.08907,0.08908,0.08906,0.08908,0.08916,0.08917,0.08915,0.08916,-0.00089746,-0.00075347,-0.00078064,-0.00078064,-7.999999999999674e-05,-0.000897263346792247
1697634300000,2023-10-18T13:05:00Z,0.08908,0.0891,0.08907,0.0891,51834,4617.84213,0.08908,0.0891,0.08907,0.0891,0.08916,0.08919,0.08915,0.08918,-0.00078064,-0.00074234,-0.00105191,-0.00105191,-7.999999999999674e-05,-0.000897062121551881
1697634600000,2023-10-18T13:10:00Z,0.0891,0.08937,0.08909,0.08926,1492764,133223.60566,0.0891,0.08936,0.08909,0.08926,0.08918,0.08939,0.08918,0.08934,-0.00105191,-0.0003171,-0.00089706,-0.0003171,-7.999999999999674e-05,-0.0008954555630176487
1697634900000,2023-10-18T13:15:00Z,0.08926,0.08926,0.08913,0.08919,281106,25069.13205,0.08926,0.08926,0.08914,0.08919,0.08934,0.08934,0.08922,0.08926,-0.0003171,-0.00065202,-0.00068101,-0.00065202,-7.000000000000062e-05,-0.0007842258570468363
1697635200000,2023-10-18T13:20:00Z,0.08919,0.08919,0.08913,0.08914,26760,2385.55718,0.08919,0.08919,0.08913,0.08914,0.08926,0.08926,0.08918,0.08918,-0.00065202,-0.00048839,-0.00066845,-0.00066845,-3.999999999999837e-05,-0.0004485310607759405
1697635500000,2023-10-18T13:25:00Z,0.08914,0.08914,0.08904,0.08913,391207,34846.33051,0.08914,0.08916,0.08908,0.08915,0.08918,0.08924,0.08915,0.08923,-0.00066845,-0.00056655,-0.00070762,-0.00070762,-0.00010000000000000286,-0.001120699316373449
1697635800000,2023-10-18T13:30:00Z,0.08913,0.0892,0.08913,0.0892,113471,10118.36273,0.08915,0.08923,0.08913,0.08923,0.08923,0.0893,0.08919,0.0893,-0.00070762,-0.00049613,-0.00058939,-0.00049613,-0.00010000000000000286,-0.0011198208286674453
1697636100000,2023-10-18T13:35:00Z,0.0892,0.08927,0.0892,0.08925,181902,16233.02138,0.08923,0.0893,0.08922,0.08929,0.0893,0.08938,0.08929,0.08938,-0.00049613,-0.00058435,-0.00086496,-0.00058435,-0.0001300000000000051,-0.0014544640859253202
1697636400000,2023-10-18T13:40:00Z,0.08925,0.0894,0.08925,0.08933,276551,24707.41592,0.08929,0.08937,0.08927,0.08933,0.08938,0.08945,0.08934,0.08942,-0.00058435,-0.00066614,-0.00070594,-0.00070594,-8.999999999999286e-05,-0.0010064862446879095
1697636700000,2023-10-18T13:45:00Z,0.08933,0.08936,0.08917,0.08917,331390,29587.433,0.08933,0.08937,0.08917,0.08917,0.08942,0.08945,0.08923,0.08924,-0.00070594,-0.00056022,-0.00062271,-0.00056022,-7.000000000000062e-05,-0.0007844016136261835
1697637000000,2023-10-18T13:50:00Z,0.08917,0.0892,0.08913,0.0892,317730,28325.80734,0.08917,0.08927,0.08914,0.08926,0.08924,0.08935,0.08921,0.08934,-0.00056022,-0.00052665,-0.00068403,-0.00052665,-0.00014000000000000123,-0.001567047235280963
1697637300000,2023-10-18T13:55:00Z,0.0892,0.08925,0.0892,0.08925,11658,1040.29566,0.08926,0.08928,0.08922,0.08925,0.08934,0.08936,0.08929,0.08931,-0.00052665,-0.00058425,-0.00088815,-0.00088815,-6.0000000000004494e-05,-0.0006718172657037789
1697637600000,2023-10-18T14:00:00Z,0.08925,0.08925,0.08912,0.08916,37895,3378.73043,0.08925,0.08925,0.08912,0.08916,0.08931,0.08931,0.08919,0.08924,-0.00088815,-0.00074506,-0.00091156,-0.00074506,-7.999999999999674e-05,-0.0008964589870013082
1697637900000,2023-10-18T14:05:00Z,0.08916,0.08923,0.08915,0.08923,33234,2964.56305,0.08916,0.08924,0.08915,0.08923,0.08924,0.08931,0.08922,0.08929,-0.00074506,-0.00056685,-0.0006954,-0.0006954,-5.9999999999990616e-05,-0.0006719677455481086
1697638200000,2023-10-18T14:10:00Z,0.08923,0.08923,0.08911,0.08917,35590,3173.47661,0.08923,0.08923,0.08911,0.08917,0.08929,0.08929,0.08919,0.08924,-0.0006954,-0.00054921,-0.00059114,-0.00059114,-7.000000000000062e-05,-0.0007844016136261835
1697638500000,2023-10-18T14:15:00Z,0.08917,0.08917,0.08913,0.08915,47796,4261.26687,0.08917,0.08917,0.08913,0.08916,0.08924,0.08925,0.0892,0.08923,-0.00059114,-0.00077476,-0.00085408,-0.00077476,-8.000000000001062e-05,-0.0008965594530988526
1697638800000,2023-10-18T14:20:00Z,0.08915,0.08924,0.08914,0.08924,23215,2069.67076,0.08916,0.08927,0.08914,0.08927,0.08923,0.08933,0.0892,0.08933,-0.00077476,-0.0004335,-0.00053502,-0.0004335,-9.000000000000674e-05,-0.0010075002798612643
1697639100000,2023-10-18T14:25:00Z,0.08924,0.08932,0.08924,0.08932,51678,4613.97473,0.08927,0.08934,0.08927,0.08932,0.08933,0.08942,0.08933,0.08934,-0.0004335,-0.00061248,-0.00098881,-0.00098881,-2.0000000000006124e-05,-0.00022386389075448984
1697639400000,2023-10-18T14:30:00Z,0.08932,0.08932,0.08907,0.08909,148006,13202.43039,0.08932,0.08932,0.08907,0.08912,0.08934,0.08935,0.08913,0.08919,-0.00098881,-0.00053554,-0.00085763,-0.00085763,-0.00010000000000000286,-0.001121201928467349
1697639700000,2023-10-18T14:35:00Z,0.08909,0.08912,0.08898,0.08912,129592,11536.02138,0.08912,0.08915,0.08898,0.08914,0.08919,0.08923,0.08906,0.08922,-0.00085763,-0.00067414,-0.00075641,-0.00075641,-9.999999999998899e-05,-0.0011208249271462563
1697640000000,2023-10-18T14:40:00Z,0.08912,0.08915,0.0891,0.08911,174169,15524.87985,0.08914,0.08916,0.08911,0.08911,0.08922,0.08924,0.08918,0.08919,-0.00075641,-0.00067257,-0.00068392,-0.00067257,-8.000000000001062e-05,-0.0008969615427739725
1697640300000,2023-10-18T14:45:00Z,0.08911,0.08916,0.0891,0.08911,136784,12193.28227,0.08911,0.08916,0.08911,0.08912,0.08919,0.08921,0.08918,0.08919,-0.00067257,-0.00052656,-0.0005482,-0.0005482,-8.000000000001062e-05,-0.0008969615427739725
1697640600000,2023-10-18T14:50:00Z,0.08911,0.08911,0.08906,0.08906,207409,18475.31622,0.08912,0.08913,0.08908,0.08908,0.08919,0.0892,0.08914,0.08916,-0.0005482,-0.00072143,-0.00082895,-0.00082895,-0.00010000000000000286,-0.0011215791834903864
1697640900000,2023-10-18T14:55:00Z,0.08906,0.08907,0.08901,0.08904,76539,6814.94386,0.08908,0.08909,0.08902,0.08908,0.08916,0.08918,0.0891,0.08918,-0.00082895,-0.00062051,-0.00096972,-0.00096972,-0.00014000000000000123,-0.0015698587127158695
1697641200000,2023-10-18T15:00:00Z,0.08904,0.0891,0.08904,0.0891,67687,6028.66092,0.08908,0.0891,0.08908,0.0891,0.08918,0.0892,0.08917,0.08919,-0.00096972,-0.00079255,-0.00085177,-0.00085177,-9.000000000000674e-05,-0.0010090817356206607
1697641500000,2023-10-18T15:05:00Z,0.0891,0.0891,0.08904,0.08909,66032,5882.73154,0.0891,0.08911,0.08904,0.08909,0.08919,0.08919,0.08911,0.08918,-0.00085177,-0.00064752,-0.00064838,-0.00064838,-8.999999999999286e-05,-0.001009194886745827
1697641800000,2023-10-18T15:10:00Z,0.08909,0.0891,0.08901,0.08905,176957,15753.11614,0.08909,0.08912,0.08901,0.08905,0.08918,0.0892,0.08909,0.08914,-0.00064838,-0.00094851,-0.0010101,-0.00094851,-8.999999999999286e-05,-0.0010096477451199558
1697642100000,2023-10-18T15:15:00Z,0.08905,0.08912,0.08902,0.08909,148882,13258.48715,0.08905,0.08912,0.08904,0.08909,0.08914,0.08921,0.08912,0.08917,-0.00094851,-0.00082858,-0.00088729,-0.00088729,-7.999999999999674e-05,-0.0008971627228888274
1697642400000,2023-10-18T15:20:00Z,0.08909,0.08909,0.08903,0.08904,82605,7357.49536,0.08909,0.08909,0.08903,0.08904,0.08917,0.08917,0.0891,0.08913,-0.00088729,-0.00044793,-0.00081261,-0.00044793,-9.000000000000674e-05,-0.0010097610232245792
1697642700000,2023-10-18T15:25:00Z,0.08904,0.08915,0.08899,0.08908,1170718,104284.19828,0.08904,0.08915,0.08904,0.08908,0.08913,0.08918,0.08912,0.08916,-0.00044793,-0.00073059,-0.00075762,-0.00075762,-7.999999999999674e-05,-0.000897263346792247
1697643000000,2023-10-18T15:30:00Z,0.08908,0.08913,0.08908,0.08913,77546,6909.99253,0.08908,0.08913,0.08908,0.08913,0.08916,0.0892,0.08915,0.0892,-0.00075762,-0.00073174,-0.00083314,-0.00083314,-7.000000000000062e-05,-0.0007847533632287065
1697643300000,2023-10-18T15:35:00Z,0.08913,0.08917,0.08912,0.08917,71599,6382.04745,0.08913,0.08917,0.08912,0.08917,0.0892,0.08924,0.08919,0.08924,-0.00083314,-0.00066793,-0.0007798,-0.00066793,-7.000000000000062e-05,-0.0007844016136261835
1697643600000,2023-10-18T15:40:00Z,0.08917,0.08917,0.08906,0.08909,644055,57376.7697,0.08917,0.08917,0.08909,0.08909,0.08924,0.08924,0.08918,0.08918,-0.00066793,-0.00086779,-0.00096031,-0.00086779,-8.999999999999286e-05,-0.001009194886745827
1697643900000,2023-10-18T15:45:00Z,0.08909,0.08915,0.08909,0.08915,2461,219.38071,0.08909,0.08917,0.08909,0.08917,0.08918,0.08927,0.08917,0.08926,-0.00086779,-0.00091676,-0.00099058,-0.00099058,-0.00011000000000001287,-0.0012323549182165904
1697644200000,2023-10-18T15:50:00Z,0.08915,0.08918,0.08915,0.08918,63510,5663.11625,0.08917,0.08918,0.08915,0.08918,0.08926,0.08927,0.08922,0.08927,-0.00099058,-0.00060582,-0.00087285,-0.00087285,-9.000000000000674e-05,-0.00100817743922938
1697644500000,2023-10-18T15:55:00Z,0.08918,0.0892,0.08918,0.0892,17862,1593.14952,0.08918,0.08922,0.08918,0.08922,0.08927,0.08931,0.08926,0.08931,-0.00087285,-0.00077433,-0.00090122,-0.00090122,-0.00010999999999999899,-0.001231664987123491
1697644800000,2023-10-18T16:00:00Z,0.0892,0.08931,0.08919,0.08931,388012,34626.831,0.08922,0.08931,0.08919,0.08931,0.08931,0.08938,0.08928,0.08937,-0.00090122,-0.00078378,-0.00080649,-0.00080649,-6.0000000000004494e-05,-0.0006713662302786672
1697645100000,2023-10-18T16:05:00Z,0.08931,0.08937,0.08931,0.08933,188634,16853.5478,0.08931,0.08937,0.08931,0.08933,0.08937,0.08944,0.08936,0.08939,-0.00080649,-0.00038147,-0.00052953,-0.00038147,-5.9999999999990616e-05,-0.0006712160196888983
1697645400000,2023-10-18T16:10:00Z,0.08933,0.08934,0.08932,0.08934,34628,3093.18365,0.08933,0.08936,0.08933,0.08934,0.08939,0.08943,0.08938,0.08942,-0.00038147,-0.00061708,-0.00078805,-0.00061708,-7.999999999999674e-05,-0.0008946544397226207
1697645700000,2023-10-18T16:15:00Z,0.08934,0.08941,0.08934,0.0894,155975,13941.84943,0.08934,0.08941,0.08934,0.0894,0.08942,0.08944,0.08942,0.08943,-0.00061708,-0.00043072,-0.00044727,-0.00044727,-3.0000000000002247e-05,-0.00033545790003357094
1697646000000,2023-10-18T16:20:00Z,0.0894,0.08941,0.08937,0.08937,124657,11145.33355,0.0894,0.08944,0.08938,0.08938,0.08943,0.08949,0.08942,0.08944,-0.00044727,-0.00036214,-0.00044249,-0.00036214,-7.000000000000062e-05,-0.0007826475849731732
1697646300000,2023-10-18T16:25:00Z,0.08937,0.08937,0.08935,0.08936,14131,1262.72051,0.08938,0.0894,0.08935,0.08936,0.08944,0.08946,0.0894,0.08941,-0.00036214,-0.00049435,-0.00054198,-0.00049435,-5.000000000000837e-05,-0.0005592215635835853
1697646600000,2023-10-18T16:30:00Z,0.08936,0.08936,0.08927,0.08933,81286,7259.99305,0.08936,0.08937,0.08928,0.08933,0.08941,0.08943,0.08934,0.08937,-0.00049435,-0.00064268,-0.00070996,-0.00070996,-3.999999999999837e-05,-0.00044757748685239304
1697646900000,2023-10-18T16:35:00Z,0.08933,0.08933,0.08923,0.08927,63820,5699.45668,0.08933,0.08933,0.08924,0.08927,0.08937,0.08939,0.08929,0.08933,-0.00070996,-0.00044592,-0.00053627,-0.00044592,-6.0000000000004494e-05,-0.0006716668532408428
1697647200000,2023-10-18T16:40:00Z,0.08927,0.08928,0.08924,0.08927,85430,7625.28392,0.08927,0.0893,0.08925,0.08929,0.08933,0.08937,0.08931,0.08936,-0.00044592,-0.00064823,-0.00069173,-0.00064823,-8.999999999999286e-05,-0.001007162041181657
1697647500000,2023-10-18T16:45:00Z,0.08927,0.08933,0.08927,0.08931,65386,5839.92314,0.08929,0.08933,0.08929,0.08931,0.08936,0.0894,0.08933,0.08934,-0.00064823,-0.00051197,-0.00064973,-0.00051197,-3.0000000000002247e-05,-0.00033579583613165714
1697647800000,2023-10-18T16:50:00Z,0.08931,0.08931,0.08925,0.08925,31078,2773.73499,0.08931,0.08931,0.08925,0.08925,0.08934,0.08934,0.0893,0.08931,-0.00051197,-0.00056515,-0.00061652,-0.00061652,-6.0000000000004494e-05,-0.0006718172657037789
1697648100000,2023-10-18T16:55:00Z,0.08925,0.08925,0.08916,0.08916,126815,11314.68824,0.08925,0.08925,0.08916,0.08916,0.08931,0.08931,0.08922,0.08922,-0.00061652,-0.00056034,-0.00059715,-0.00056034,-5.9999999999990616e-05,-0.0006724949562877227
1697648400000,2023-10-18T17:00:00Z,0.08916,0.08925,0.08914,0.08925,135030,12044.79044,0.08916,0.08925,0.08914,0.08925,0.08922,0.08931,0.08918,0.08931,-0.00056034,-0.00045435,-0.00072183,-0.00072183,-6.0000000000004494e-05,-0.0006718172657037789
1697648700000,2023-10-18T17:05:00Z,0.08925,0.08929,0.08922,0.08929,19891,1775.23915,0.08925,0.0893,0.08922,0.08929,0.08931,0.08935,0.08927,0.08933,-0.00072183,-0.0002503,-0.00035784,-0.00035784,-4.000000000001225e-05,-0.00044777790216066546
1697649000000,2023-10-18T17:10:00Z,0.08929,0.08932,0.0892,0.08927,827895,73873.72097,0.08929,0.08932,0.08927,0.08927,0.08933,0.08938,0.08932,0.08932,-0.00035784,-0.00044153,-0.00072979,-0.00072979,-4.999999999999449e-05,-0.0005597850425436016
1697649300000,2023-10-18T17:15:00Z,0.08927,0.08927,0.0892,0.08922,8904,794.43974,0.08927,0.08927,0.0892,0.08922,0.08932,0.08934,0.08926,0.08926,-0.00072979,-0.00050593,-0.0005215,-0.0005215,-4.000000000001225e-05,-0.000448129061169754
1697649600000,2023-10-18T17:20:00Z,0.08922,0.08924,0.08918,0.08924,136976,12221.76525,0.08922,0.08924,0.08918,0.08924,0.08926,0.08929,0.08926,0.08929,-0.0005215,-0.00051539,-0.00058978,-0.00051539,-4.999999999999449e-05,-0.0005599731212901165
1697649900000,2023-10-18T17:25:00Z,0.08924,0.08924,0.0892,0.08922,31045,2769.49619,0.08924,0.08924,0.0892,0.08922,0.08929,0.0893,0.08927,0.08928,-0.00051539,-0.00056693,-0.00067577,-0.00067577,-6.0000000000004494e-05,-0.0006720430107527385
1697650200000,2023-10-18T17:30:00Z,0.08922,0.08922,0.08915,0.08915,87672,7820.62756,0.08922,0.08922,0.08915,0.08915,0.08928,0.08929,0.08922,0.08922,-0.00067577,-0.00070267,-0.00084681,-0.00070267,-7.000000000000062e-05,-0.0007845774490024727
1697650500000,2023-10-18T17:35:00Z,0.08915,0.08916,0.0891,0.0891,33718,3004.76325,0.08915,0.08916,0.08914,0.08914,0.08922,0.08923,0.08921,0.08921,-0.00070267,-0.00062026,-0.00074145,-0.00062026,-0.00010999999999999899,-0.0012330456226880282
1697650800000,2023-10-18T17:40:00Z,0.0891,0.08913,0.08904,0.08904,50413,4492.3881,0.08914,0.08915,0.08906,0.08906,0.08921,0.08922,0.08915,0.08915,-0.00062026,-0.00083228,-0.00105952,-0.00105952,-0.00010999999999999899,-0.0012338754907459226
1697651100000,2023-10-18T17:45:00Z,0.08904,0.08905,0.08902,0.08902,53035,4722.231,0.08906,0.08906,0.08902,0.08902,0.08915,0.08916,0.08909,0.0891,-0.00105952,-0.00089765,-0.0009577,-0.00089765,-7.999999999999674e-05,-0.0008978675645341947
1697651400000,2023-10-18T17:50:00Z,0.08902,0.08902,0.08901,0.08901,22339,1988.39439,0.08902,0.08904,0.08901,0.08902,0.0891,0.08913,0.0891,0.08913,-0.00089765,-0.00084146,-0.00110602,-0.00110602,-0.00011999999999999511,-0.0013463480309659499
1697651700000,2023-10-18T17:55:00Z,0.08901,0.08905,0.08901,0.08903,42149,3752.77019,0.08902,0.08905,0.08901,0.08903,0.08913,0.08915,0.0891,0.08913,-0.00110602,-0.00095579,-0.00098261,-0.00095579,-0.00010000000000000286,-0.0011219566924717027
1697652000000,2023-10-18T18:00:00Z,0.08903,0.08903,0.08901,0.08902,119832,10667.59755,0.08903,0.08904,0.08902,0.08903,0.08913,0.08915,0.08912,0.08914,-0.00095579,-0.00073723,-0.00081485,-0.00073723,-0.00011999999999999511,-0.0013461969934933265
1697652300000,2023-10-18T18:05:00Z,0.08902,0.08915,0.08902,0.08915,119978,10690.88566,0.08903,0.08915,0.08902,0.08915,0.08914,0.08923,0.08912,0.08923,-0.00073723,-0.00073127,-0.0007867,-0.0007867,-8.000000000001062e-05,-0.0008965594530988526
1697652600000,2023-10-18T18:10:00Z,0.08915,0.08915,0.08911,0.08913,12885,1148.39705,0.08915,0.08915,0.08911,0.08913,0.08923,0.08923,0.08921,0.08922,-0.0007867,-0.00091291,-0.00094026,-0.00091291,-8.999999999999286e-05,-0.0010087424344316618
1697652900000,2023-10-18T18:15:00Z,0.08913,0.08913,0.08904,0.08904,71924,6406.33552,0.08913,0.08913,0.08904,0.08904,0.08922,0.08922,0.08914,0.08914,-0.00091291,-0.00092741,-0.00098575,-0.00092741,-0.00010000000000000286,-0.001121830827911183
1697653200000,2023-10-18T18:20:00Z,0.08904,0.08912,0.08904,0.08912,54313,4837.60168,0.08904,0.08912,0.08904,0.08912,0.08914,0.0892,0.08913,0.08919,-0.00092741,-0.00060924,-0.00066543,-0.00066543,-7.000000000000062e-05,-0.0007848413499271287
1697653500000,2023-10-18T18:25:00Z,0.08912,0.08913,0.08908,0.08908,12451,1109.35484,0.08912,0.08913,0.08909,0.08909,0.08919,0.0892,0.08917,0.08917,-0.00066543,-0.0006205,-0.00089706,-0.00089706,-8.999999999999286e-05,-0.0010093080632498919
1697653800000,2023-10-18T18:30:00Z,0.08908,0.08912,0.08908,0.08912,5931,528.47971,0.08909,0.08913,0.08909,0.08912,0.08917,0.08921,0.08917,0.0892,-0.00089706,-0.00077858,-0.00085192,-0.00077858,-7.999999999999674e-05,-0.0008968609865470487
1697654100000,2023-10-18T18:35:00Z,0.08912,0.08914,0.08908,0.08908,8804,784.45554,0.08912,0.08915,0.08908,0.08908,0.0892,0.08925,0.08917,0.08917,-0.00077858,-0.00071745,-0.00093971,-0.00071745,-8.999999999999286e-05,-0.0010093080632498919
1697654400000,2023-10-18T18:40:00Z,0.08908,0.08909,0.08898,0.08902,94582,8418.29655,0.08908,0.0891,0.08901,0.08902,0.08917,0.08919,0.08911,0.08912,-0.00071745,-0.00087251,-0.00108447,-0.00087251,-0.00010000000000000286,-0.0011220825852783086
1697654700000,2023-10-18T18:45:00Z,0.08902,0.08903,0.08902,0.08903,21539,1917.61717,0.08902,0.08904,0.08902,0.08903,0.08912,0.08913,0.08911,0.08912,-0.00087251,-0.00078545,-0.00078859,-0.00078859,-9.000000000000674e-05,-0.0010098743267505244
1697655000000,2023-10-18T18:50:00Z,0.08903,0.08903,0.0889,0.0889,172711,15368.99973,0.08903,0.08903,0.08892,0.08892,0.08912,0.08912,0.08901,0.08901,-0.00078859,-0.00096126,-0.00108849,-0.00108849,-0.00010999999999999899,-0.0012358162004269069
1697655300000,2023-10-18T18:55:00Z,0.0889,0.08894,0.0889,0.08891,18620,1655.35203,0.08892,0.08894,0.0889,0.08893,0.08901,0.08903,0.089,0.08903,-0.00108849,-0.00089867,-0.00110726,-0.00110726,-0.00011999999999999511,-0.0013478602718184332
1697655600000,2023-10-18T19:00:00Z,0.08891,0.08899,0.08891,0.08899,311280,27681.6804,0.08893,0.08901,0.08893,0.08901,0.08903,0.08912,0.08902,0.08912,-0.00110726,-0.00102661,-0.0010347,-0.00102661,-0.0001300000000000051,-0.0014587073608618166
1697655900000,2023-10-18T19:05:00Z,0.08899,0.08904,0.08899,0.08903,61246,5452.15542,0.08901,0.08905,0.08901,0.08905,0.08912,0.08915,0.0891,0.08915,-0.00102661,-0.0008803,-0.00088956,-0.0008803,-0.00011999999999999511,-0.0013460459899046003
1697656200000,2023-10-18T19:10:00Z,0.08903,0.08925,0.08903,0.08922,501209,44701.2567,0.08905,0.08925,0.08905,0.08922,0.08915,0.08931,0.08915,0.08929,-0.0008803,-0.00089585,-0.00090478,-0.00089585,-7.000000000000062e-05,-0.0007839623698062563
1697656500000,2023-10-18T19:15:00Z,0.08922,0.08926,0.08904,0.08916,192201,17134.45904,0.08922,0.08926,0.08904,0.08921,0.08929,0.08934,0.08912,0.0893,-0.00089585,-0.00072342,-0.000777,-0.00072342,-0.00014000000000000123,-0.0015677491601343923
1697656800000,2023-10-18T19:20:00Z,0.08916,0.08923,0.08916,0.08918,44862,4001.04445,0.08921,0.08924,0.08918,0.08918,0.0893,0.08933,0.08924,0.08925,-0.00072342,-0.00086424,-0.00091255,-0.00091255,-7.000000000000062e-05,-0.000784313725490203
1697657100000,2023-10-18T19:25:00Z,0.08918,0.08918,0.08901,0.08907,108706,9680.51154,0.08918,0.08918,0.08902,0.08909,0.08925,0.08925,0.08909,0.08918,-0.00091255,-0.00068659,-0.00087375,-0.00068659,-0.00010999999999999899,-0.0012334604171338752
1697657400000,2023-10-18T19:30:00Z,0.08907,0.08915,0.089,0.0891,34690,3090.41467,0.08909,0.08915,0.089,0.08911,0.08918,0.08923,0.08908,0.0892,-0.00068659,-0.00080917,-0.00087813,-0.00087813,-0.00010000000000000286,-0.0011210762331838886
1697657700000,2023-10-18T19:35:00Z,0.0891,0.0891,0.089,0.08903,10763,958.16592,0.08911,0.08912,0.089,0.08903,0.0892,0.08921,0.08909,0.08912,-0.00087813,-0.0008615,-0.0009771,-0.0009771,-9.000000000000674e-05,-0.0010098743267505244
1697658000000,2023-10-18T19:40:00Z,0.08903,0.08903,0.08895,0.08902,9235,821.7459,0.08903,0.08903,0.08895,0.08902,0.08912,0.08912,0.08903,0.0891,-0.0009771,-0.00086442,-0.00098394,-0.00086442,-7.999999999999674e-05,-0.0008978675645341947
1697658300000,2023-10-18T19:45:00Z,0.08902,0.08916,0.08899,0.08916,76020,6769.83753,0.08902,0.08918,0.08899,0.08917,0.0891,0.08927,0.08908,0.08926,-0.00086442,-0.00073569,-0.00089258,-0.00089258,-0.00010000000000000286,-0.0011203226529240742
1697658600000,2023-10-18T19:50:00Z,0.08916,0.08918,0.08912,0.08912,13157,1173.23678,0.08917,0.08919,0.08913,0.08917,0.08926,0.08928,0.08921,0.08926,-0.00089258,-0.00080011,-0.0009361,-0.00080011,-0.00014000000000000123,-0.0015684517140936727
1697658900000,2023-10-18T19:55:00Z,0.08912,0.08919,0.08912,0.08912,40398,3602.1021,0.08917,0.08919,0.08912,0.08912,0.08926,0.08928,0.08921,0.08921,-0.00080011,-0.00087484,-0.00098588,-0.00098588,-8.999999999999286e-05,-0.0010088555094719524
1697659200000,2023-10-18T20:00:00Z,0.08912,0.08917,0.08902,0.08917,47140,4199.56382,0.08912,0.08917,0.08902,0.08917,0.08921,0.08927,0.0891,0.08925,-0.00098588,-0.00057626,-0.00088273,-0.00088273,-7.999999999999674e-05,-0.0008963585434173304
1697659500000,2023-10-18T20:05:00Z,0.08917,0.08927,0.08916,0.08925,126075,11247.04981,0.08917,0.08927,0.08916,0.08925,0.08925,0.08935,0.08923,0.08934,-0.00088273,-0.00054729,-0.00070376,-0.00070376,-9.000000000000674e-05,-0.0010073875083949713
1697659800000,2023-10-18T20:10:00Z,0.08925,0.08927,0.08905,0.08905,113011,10083.25347,0.08925,0.08927,0.08905,0.08906,0.08934,0.08936,0.08914,0.08915,-0.00070376,-0.00067279,-0.00099114,-0.00067279,-9.999999999998899e-05,-0.0011217049915870892
1697660100000,2023-10-18T20:15:00Z,0.08905,0.08905,0.08899,0.08899,39105,3481.75165,0.08906,0.08906,0.08899,0.08899,0.08915,0.08915,0.08906,0.08906,-0.00067279,-0.00068162,-0.00078108,-0.00078108,-7.000000000000062e-05,-0.0007859869750729914
1697660400000,2023-10-18T20:20:00Z,0.08899,0.08908,0.08899,0.08902,9583,853.14389,0.08899,0.08909,0.08899,0.08902,0.08906,0.08918,0.08906,0.08907,-0.00078108,-0.00086069,-0.00086203,-0.00086203,-4.999999999999449e-05,-0.0005613562366677276
1697660700000,2023-10-18T20:25:00Z,0.08902,0.08902,0.08898,0.08899,223759,19914.14475,0.08902,0.08904,0.08899,0.089,0.08907,0.08913,0.08907,0.08909,-0.00086203,-0.00074988,-0.00098686,-0.00074988,-0.00010000000000000286,-0.0011224604332697593
1697661000000,2023-10-18T20:30:00Z,0.08899,0.08911,0.08899,0.089,57519,5119.90939,0.089,0.08911,0.08899,0.089,0.08909,0.0892,0.08908,0.08909,-0.00074988,-0.00064414,-0.00070217,-0.00064414,-9.000000000000674e-05,-0.0010102143899428301
1697661300000,2023-10-18T20:35:00Z,0.089,0.08902,0.08898,0.08902,110832,9863.56583,0.089,0.08904,0.089,0.08902,0.08909,0.08913,0.08909,0.08912,-0.00064414,-0.00093526,-0.00108887,-0.00093526,-0.00010000000000000286,-0.0011220825852783086
1697661600000,2023-10-18T20:40:00Z,0.08902,0.08911,0.08902,0.08907,14033,1250.22042,0.08902,0.08911,0.08902,0.08909,0.08912,0.08921,0.08911,0.08919,-0.00093526,-0.00076261,-0.00103407,-0.00103407,-0.00012000000000000899,-0.001345442314160881
1697661900000,2023-10-18T20:45:00Z,0.08907,0.08917,0.08907,0.08908,54518,4857.66676,0.08909,0.08918,0.08908,0.08911,0.08919,0.08928,0.08916,0.08921,-0.00103407,-0.00096348,-0.00110564,-0.00110564,-0.00012999999999999123,-0.0014572357359039483
1697662200000,2023-10-18T20:50:00Z,0.08908,0.08917,0.08908,0.08917,65777,5863.9749,0.08911,0.08917,0.08909,0.08917,0.08921,0.08926,0.0892,0.08926,-0.00110564,-0.00083157,-0.0009573,-0.00083157,-9.000000000000674e-05,-0.0010082903876317134
1697662500000,2023-10-18T20:55:00Z,0.08917,0.08918,0.08907,0.08908,61269,5462.55516,0.08917,0.08918,0.08907,0.08908,0.08926,0.08926,0.08917,0.08917,-0.00083157,-0.00083966,-0.00121883,-0.00121883,-8.999999999999286e-05,-0.0010093080632498919
1697662800000,2023-10-18T21:00:00Z,0.08908,0.08908,0.08899,0.08901,57087,5081.48465,0.08908,0.08908,0.08899,0.08901,0.08917,0.08917,0.0891,0.0891,-0.00121883,-0.00089405,-0.00110118,-0.00089405,-8.999999999999286e-05,-0.00101010101010093
1697663100000,2023-10-18T21:05:00Z,0.08901,0.08903,0.089,0.08902,21871,1946.80572,0.08901,0.08903,0.08901,0.08902,0.0891,0.08912,0.0891,0.08911,-0.00089405,-0.00072584,-0.00096039,-0.00072584,-8.999999999999286e-05,-0.0010099876557063503
1697663400000,2023-10-18T21:10:00Z,0.08902,0.08903,0.08898,0.08901,15776,1404.13545,0.08902,0.08903,0.08899,0.08901,0.08911,0.08912,0.08908,0.0891,-0.00072584,-0.00073899,-0.00106701,-0.00073899,-8.999999999999286e-05,-0.00101010101010093
1697663700000,2023-10-18T21:15:00Z,0.08901,0.08907,0.08898,0.08899,105743,9412.64643,0.08901,0.08907,0.08899,0.08899,0.0891,0.08917,0.08909,0.08909,-0.00073899,-0.00099584,-0.00110281,-0.00110281,-0.00010000000000000286,-0.0011224604332697593
1697664000000,2023-10-18T21:20:00Z,0.08899,0.089,0.08893,0.08894,8410,748.10884,0.08899,0.089,0.08893,0.08898,0.08909,0.0891,0.08903,0.08908,-0.00110281,-0.00069174,-0.00102583,-0.00069174,-0.00014000000000000123,-0.0015716210148181548
1697664300000,2023-10-18T21:25:00Z,0.08894,0.08902,0.08894,0.089,29190,2598.11877,0.08898,0.08902,0.08897,0.08901,0.08908,0.08912,0.08907,0.08911,-0.00069174,-0.00074795,-0.00079813,-0.00074795,-0.00010999999999999899,-0.0012344293569745146
1697664600000,2023-10-18T21:30:00Z,0.089,0.08907,0.089,0.08904,3610,321.41101,0.08901,0.08907,0.089,0.08905,0.08911,0.08916,0.0891,0.08915,-0.00074795,-0.00041476,-0.00082888,-0.00041476,-0.00010999999999999899,-0.0012338754907459226
1697664900000,2023-10-18T21:35:00Z,0.08904,0.08904,0.08901,0.08901,26310,2342.07498,0.08905,0.08906,0.08901,0.08903,0.08915,0.08916,0.08911,0.08914,-0.00041476,-0.00038913,-0.00079432,-0.00079432,-0.00012999999999999123,-0.001458380076284398
1697665200000,2023-10-18T21:40:00Z,0.08901,0.08914,0.08901,0.08914,69770,6216.44062,0.08903,0.08914,0.08901,0.08914,0.08914,0.08922,0.08911,0.08922,-0.00079432,-0.000655,-0.00066476,-0.000655,-7.999999999999674e-05,-0.0008966599417170673
1697665500000,2023-10-18T21:45:00Z,0.08914,0.08914,0.08901,0.08902,13072,1164.40802,0.08914,0.08914,0.08901,0.08902,0.08922,0.08922,0.0891,0.08912,-0.000655,-0.00071558,-0.00085097,-0.00085097,-0.00010000000000000286,-0.0011220825852783086
1697665800000,2023-10-18T21:50:00Z,0.08902,0.08903,0.08902,0.08902,51658,4598.60528,0.08902,0.08903,0.08902,0.08902,0.08912,0.08912,0.08907,0.08907,-0.00085097,-0.00034276,-0.00066367,-0.00034276,-4.999999999999449e-05,-0.0005613562366677276
1697666100000,2023-10-18T21:55:00Z,0.08902,0.08902,0.08893,0.08895,52732,4690.81677,0.08902,0.08902,0.08896,0.08896,0.08907,0.08908,0.08903,0.08903,-0.00034276,-0.00037443,-0.00065349,-0.00037443,-7.999999999999674e-05,-0.0008985735145456222
1697666400000,2023-10-18T22:00:00Z,0.08895,0.08902,0.08891,0.08902,312246,27785.78482,0.08896,0.08902,0.08895,0.08902,0.08903,0.08905,0.08902,0.08905,-0.00037443,-0.00025112,-0.00029245,-0.00029245,-3.0000000000002247e-05,-0.0003368893879843037
1697666700000,2023-10-18T22:05:00Z,0.08902,0.08907,0.089,0.08907,23159,2061.32865,0.08902,0.08907,0.089,0.08907,0.08905,0.08912,0.08905,0.08908,-0.00029245,-0.0004491,-0.00051919,-0.00051919,-1.0000000000010001e-05,-0.00011225864391569376
1697667000000,2023-10-18T22:10:00Z,0.08907,0.08908,0.08904,0.08908,3385,301.48876,0.08907,0.08911,0.08906,0.08908,0.08908,0.08917,0.08908,0.08913,-0.00051919,-0.00031467,-0.00034687,-0.00034687,-4.999999999999449e-05,-0.0005609783462357735
1697667300000,2023-10-18T22:15:00Z,0.08908,0.08908,0.08908,0.08908,0,0,0.08908,0.08908,0.08908,0.08908,0.08913,0.08913,0.08911,0.08911,-0.00034687,-0.00032877,-0.00037298,-0.00037298,-2.999999999998837e-05,-0.0003366625519020129
1697667600000,2023-10-18T22:20:00Z,0.08908,0.08916,0.08907,0.08916,62594,5578.64357,0.08908,0.08916,0.08908,0.08916,0.08911,0.08918,0.08911,0.08918,-0.00037298,-0.00017382,-0.00020569,-0.00017382,-1.9999999999992246e-05,-0.00022426553038789243
1697667900000,2023-10-18T22:25:00Z,0.08916,0.08916,0.08914,0.08914,72,6.41808,0.08916,0.08917,0.08914,0.08914,0.08918,0.08922,0.08918,0.08919,-0.00017382,-0.00015663,-0.00016111,-0.00016111,-5.000000000000837e-05,-0.0005606009642337523
1697668200000,2023-10-18T22:30:00Z,0.08914,0.08917,0.08913,0.08915,4787,426.75976,0.08914,0.08918,0.08914,0.08917,0.08919,0.08923,0.08919,0.08923,-0.00016111,-0.00015827,-0.00017843,-0.00017843,-8.000000000001062e-05,-0.0008965594530988526
1697668500000,2023-10-18T22:35:00Z,0.08915,0.08923,0.08915,0.08919,270355,24120.94139,0.08917,0.08923,0.08916,0.08919,0.08923,0.08924,0.08923,0.08924,-0.00017843,-0.00012348,-0.00013166,-0.00012348,-4.999999999999449e-05,-0.0005602868668757787
1697668800000,2023-10-18T22:40:00Z,0.08919,0.08919,0.08914,0.08914,35285,3146.51788,0.08919,0.0892,0.08914,0.08914,0.08924,0.08924,0.08917,0.08918,-0.00012348,-0.00007239,-0.00038636,-0.00038636,-3.999999999999837e-05,-0.0004485310607759405
1697669100000,2023-10-18T22:45:00Z,0.08914,0.08915,0.08913,0.08915,22274,1985.69574,0.08914,0.08916,0.08913,0.08916,0.08918,0.0892,0.08917,0.0892,-0.00038636,-0.00011783,-0.00023139,-0.00023139,-5.000000000000837e-05,-0.0005605381165920221
1697669400000,2023-10-18T22:50:00Z,0.08915,0.0892,0.08915,0.0892,15595,1391.06506,0.08916,0.0892,0.08916,0.0892,0.0892,0.08923,0.0892,0.08923,-0.00023139,0,-0.00010086,-0.00010086,-3.0000000000002247e-05,-0.00033620979491205027
1697669700000,2023-10-18T22:55:00Z,0.0892,0.0892,0.08919,0.0892,514,45.84822,0.0892,0.08922,0.0892,0.08922,0.08923,0.08925,0.08923,0.08925,-0.00010086,-0.00008673,-0.00010824,-0.00008673,-4.999999999999449e-05,-0.0005602240896357927
1697670000000,2023-10-18T23:00:00Z,0.0892,0.08921,0.0892,0.08921,115,10.25915,0.08922,0.08922,0.08921,0.08922,0.08925,0.08925,0.08924,0.08925,-0.00008673,-0.00019596,-0.00023428,-0.00023428,-3.999999999999837e-05,-0.0004481792717086652
1697670300000,2023-10-18T23:05:00Z,0.08921,0.08921,0.08916,0.08916,19056,1699.73601,0.08922,0.08922,0.08916,0.08916,0.08925,0.08925,0.08919,0.08919,-0.00023428,-0.00021278,-0.00026087,-0.00021278,-3.0000000000002247e-05,-0.00033636057854022025
1697670600000,2023-10-18T23:10:00Z,0.08916,0.08916,0.08914,0.08916,919,81.93292,0.08916,0.08918,0.08915,0.08918,0.08919,0.08922,0.08919,0.08922,-0.00021278,-0.00026745,-0.00033381,-0.00026745,-5.9999999999990616e-05,-0.0006724949562877227
1697670900000,2023-10-18T23:15:00Z,0.08916,0.08916,0.08908,0.08909,22102,1969.41672,0.08918,0.08918,0.08908,0.08909,0.08922,0.08922,0.08914,0.08914,-0.00026745,-0.0001241,-0.00022856,-0.0001241,-4.999999999999449e-05,-0.0005609154139555138
1697671200000,2023-10-18T23:20:00Z,0.08909,0.08915,0.08909,0.08915,18988,1692.159,0.08909,0.08917,0.08909,0.08917,0.08914,0.08922,0.08913,0.08922,-0.0001241,-0.00016053,-0.00035176,-0.00016053,-7.000000000000062e-05,-0.0007845774490024727
1697671500000,2023-10-18T23:25:00Z,0.08915,0.08923,0.08915,0.08922,77813,6941.96923,0.08917,0.08925,0.08915,0.08924,0.08922,0.0893,0.0892,0.0893,-0.00016053,-0.00020192,-0.00026979,-0.00026979,-8.000000000001062e-05,-0.0008958566629340494
1697671800000,2023-10-18T23:30:00Z,0.08922,0.08926,0.08922,0.08925,62639,5589.90911,0.08924,0.08926,0.08924,0.08925,0.0893,0.08932,0.08929,0.0893,-0.00026979,-0.00040862,-0.00040884,-0.00040884,-5.000000000000837e-05,-0.0005599104143338003
1697672100000,2023-10-18T23:35:00Z,0.08925,0.08934,0.08924,0.08933,758573,67742.86374,0.08925,0.08933,0.08925,0.08932,0.0893,0.08933,0.08929,0.08932,-0.00040884,0,0,0,1.0000000000010001e-05,0.00011195700850884462
1697672400000,2023-10-18T23:40:00Z,0.08933,0.08933,0.08917,0.08917,152672,13630.12676,0.08932,0.08933,0.08917,0.08917,0.08932,0.08935,0.08919,0.08919,0,-0.0001644,-0.00026821,-0.00026821,-2.0000000000006124e-05,-0.00022424038569353205
1697672700000,2023-10-18T23:45:00Z,0.08917,0.08918,0.08915,0.08916,158614,14142.38198,0.08917,0.08918,0.08915,0.08916,0.08919,0.08921,0.08918,0.0892,-0.00026821,-0.00017049,-0.00020098,-0.00017049,-3.999999999999837e-05,-0.00044843049327352434
1697673000000,2023-10-18T23:50:00Z,0.08916,0.08916,0.08908,0.08913,69709,6212.59657,0.08916,0.08916,0.08909,0.08913,0.0892,0.0892,0.08911,0.08916,-0.00017049,-0.00011675,-0.00018324,-0.00011675,-3.0000000000002247e-05,-0.00033647375504713154
1697673300000,2023-10-18T23:55:00Z,0.08913,0.08913,0.08909,0.0891,38487,3429.19812,0.08913,0.08914,0.08909,0.0891,0.08916,0.08917,0.08913,0.08914,-0.00011675,-0.00028294,-0.00029773,-0.00029773,-3.999999999999837e-05,-0.00044873233116444214
1697673600000,2023-10-19T00:00:00Z,0.0891,0.08919,0.08898,0.08898,1252733,111597.10385,0.0891,0.08918,0.08901,0.08901,0.08914,0.08922,0.08909,0.08909,-0.00029773,-0.00068043,-0.00070088,-0.00068043,-0.00010999999999999899,-0.0012347064765966885
1697673900000,2023-10-19T00:05:00Z,0.08898,0.08902,0.08892,0.08893,142166,12644.31843,0.08901,0.08904,0.08893,0.08893,0.08909,0.08912,0.08903,0.08903,-0.00068043,-0.00089827,-0.00092262,-0.00089827,-0.00010000000000000286,-0.0011232168931821055
1697674200000,2023-10-19T00:10:00Z,0.08893,0.08893,0.08872,0.08878,1095987,97288.69256,0.08893,0.08894,0.08878,0.08878,0.08903,0.08904,0.08887,0.08887,-0.00089827,-0.00089887,-0.00090215,-0.00089887,-9.000000000000674e-05,-0.0010127152019804968
1697674500000,2023-10-19T00:15:00Z,0.08878,0.08882,0.08867,0.08881,274919,24398.59999,0.08878,0.08883,0.08874,0.08881,0.08887,0.08893,0.08883,0.0889,-0.00089887,-0.00082013,-0.00085669,-0.00082013,-9.000000000000674e-05,-0.001012373453318411
1697674800000,2023-10-19T00:20:00Z,0.08881,0.0889,0.08875,0.0889,91414,8119.70596,0.08881,0.08891,0.08876,0.08891,0.0889,0.089,0.08884,0.089,-0.00082013,-0.00080672,-0.00086231,-0.00086231,-9.999999999998899e-05,-0.0011235955056178538
1697675100000,2023-10-19T00:25:00Z,0.0889,0.08898,0.08885,0.08885,87349,7770.61308,0.08891,0.08898,0.08885,0.08885,0.089,0.08907,0.08893,0.08893,-0.00086231,-0.00071235,-0.00097077,-0.00071235,-7.999999999999674e-05,-0.0008995839424265911
1697675400000,2023-10-19T00:30:00Z,0.08885,0.08893,0.08879,0.08879,418505,37189.74984,0.08885,0.08893,0.08882,0.08883,0.08893,0.08897,0.0889,0.08891,-0.00071235,-0.00037691,-0.00042707,-0.00042707,-0.00012000000000000899,-0.0013496794511304575
1697675700000,2023-10-19T00:35:00Z,0.08879,0.08882,0.08873,0.08878,171419,15216.31037,0.08883,0.08883,0.08874,0.08878,0.08891,0.08891,0.08882,0.08885,-0.00042707,-0.00086804,-0.00090939,-0.00090939,-7.000000000000062e-05,-0.0007878446820484031
1697676000000,2023-10-19T00:40:00Z,0.08878,0.08878,0.08866,0.08873,82418,7310.73209,0.08878,0.08878,0.08867,0.08873,0.08885,0.08885,0.08875,0.0888,-0.00090939,-0.00068979,-0.00076391,-0.00076391,-7.000000000000062e-05,-0.0007882882882882952
1697676300000,2023-10-19T00:45:00Z,0.08873,0.08884,0.08873,0.08883,30595,2717.19438,0.08873,0.08886,0.08873,0.08884,0.0888,0.08894,0.08879,0.08892,-0.00076391,-0.00078556,-0.00087102,-0.00078556,-8.999999999999286e-05,-0.001012145748987774
1697676600000,2023-10-19T00:50:00Z,0.08883,0.08883,0.08875,0.08877,87860,7802.0138,0.08884,0.08884,0.08875,0.08877,0.08892,0.08892,0.08882,0.08884,-0.00078556,-0.00062111,-0.0009382,-0.00062111,-7.000000000000062e-05,-0.0007879333633498493
1697676900000,2023-10-19T00:55:00Z,0.08877,0.08877,0.08869,0.08872,83114,7373.52194,0.08877,0.08877,0.08869,0.08872,0.08884,0.08885,0.08876,0.08878,-0.00062111,-0.00051503,-0.00067777,-0.00051503,-6.0000000000004494e-05,-0.0006758278891642769
1697677200000,2023-10-19T01:00:00Z,0.08872,0.08875,0.0887,0.0887,18569,1647.44345,0.08872,0.08876,0.08871,0.08871,0.08878,0.08884,0.08878,0.08878,-0.00051503,-0.00041788,-0.00063933,-0.00063933,-7.999999999999674e-05,-0.0009011038522189316
1697677500000,2023-10-19T01:05:00Z,0.0887,0.08875,0.0887,0.08874,15148,1344.01028,0.08871,0.08876,0.0887,0.08875,0.08878,0.08883,0.08877,0.08882,-0.00063933,-0.00028457,-0.00043571,-0.00043571,-7.999999999999674e-05,-0.0009006980409817242
1697677800000,2023-10-19T01:10:00Z,0.08874,0.08878,0.08874,0.08874,36975,3281.57024,0.08875,0.08878,0.08874,0.08874,0.08882,0.08883,0.0888,0.0888,-0.00043571,-0.00023783,-0.0005872,-0.0005872,-6.0000000000004494e-05,-0.0006756756756757262
1697678100000,2023-10-19T01:15:00Z,0.08874,0.08874,0.0887,0.0887,11474,1017.78493,0.08874,0.08874,0.0887,0.0887,0.0888,0.0888,0.08876,0.08877,-0.0005872,-0.00063216,-0.00069561,-0.00063216,-7.000000000000062e-05,-0.0007885546919004238
1697678400000,2023-10-19T01:20:00Z,0.0887,0.0887,0.0886,0.0886,120852,10710.28034,0.0887,0.0887,0.08861,0.08861,0.08877,0.08877,0.08869,0.08869,-0.00063216,-0.0006204,-0.00074137,-0.0006204,-9.000000000000674e-05,-0.0010147705491036954
1697678700000,2023-10-19T01:25:00Z,0.0886,0.08869,0.0886,0.08869,28962,2568.12268,0.08861,0.0887,0.08861,0.08869,0.08869,0.08878,0.08869,0.08877,-0.0006204,-0.00067691,-0.00070849,-0.00070849,-7.999999999999674e-05,-0.0009012053621718682
1697679000000,2023-10-19T01:30:00Z,0.08869,0.0887,0.08866,0.0887,21913,1943.21094,0.08869,0.0887,0.08866,0.0887,0.08877,0.08877,0.08872,0.08877,-0.00070849,-0.00048208,-0.00066133,-0.00066133,-7.000000000000062e-05,-0.0007885546919004238
1697679300000,2023-10-19T01:35:00Z,0.0887,0.0887,0.08856,0.08869,90589,8025.62518,0.0887,0.0887,0.08858,0.08869,0.08877,0.08878,0.08865,0.08877,-0.00066133,-0.00061618,-0.00074771,-0.00061618,-7.999999999999674e-05,-0.0009012053621718682
1697679600000,2023-10-19T01:40:00Z,0.08869,0.08869,0.08831,0.08833,1153179,102042.67954,0.08869,0.08869,0.08835,0.08835,0.08877,0.08878,0.08843,0.08844,-0.00061618,-0.00078523,-0.00081492,-0.00078523,-0.00010999999999999899,-0.0012437810945273517
1697679900000,2023-10-19T01:45:00Z,0.08833,0.08861,0.08828,0.08858,971503,85971.89816,0.08835,0.0886,0.08831,0.08858,0.08844,0.08867,0.08838,0.08862,-0.00078523,-0.00029756,-0.00034152,-0.00034152,-3.999999999999837e-05,-0.00045136538027531445
1697680200000,2023-10-19T01:50:00Z,0.08858,0.08867,0.08849,0.08865,144752,12820.93239,0.08858,0.08869,0.08849,0.08867,0.08862,0.08874,0.08854,0.08872,-0.00034152,-0.00011631,-0.00024376,-0.00011631,-6.999999999998674e-05,-0.0007889990982865954
1697680500000,2023-10-19T01:55:00Z,0.08865,0.08868,0.08865,0.08866,8242,730.7948,0.08867,0.08869,0.08866,0.08866,0.08872,0.08875,0.08869,0.0887,-0.00011631,-0.0001745,-0.00033821,-0.0001745,-3.999999999999837e-05,-0.00045095828635849345
1697680800000,2023-10-19T02:00:00Z,0.08866,0.08866,0.08857,0.08864,156201,13839.74424,0.08866,0.08867,0.08858,0.08866,0.0887,0.08871,0.08862,0.08871,-0.0001745,-0.00014988,-0.00053896,-0.00014988,-7.000000000000062e-05,-0.0007890880396798627
1697681100000,2023-10-19T02:05:00Z,0.08864,0.08866,0.08858,0.08858,60533,5365.79648,0.08866,0.08868,0.08858,0.08858,0.08871,0.08874,0.08863,0.08864,-0.00014988,-0.00027806,-0.0004193,-0.0004193,-5.9999999999990616e-05,-0.0006768953068590999
1697681400000,2023-10-19T02:10:00Z,0.08858,0.08858,0.0885,0.08853,70725,6260.97304,0.08858,0.08858,0.08851,0.08854,0.08864,0.08864,0.08857,0.0886,-0.0004193,-0.00048538,-0.0005629,-0.0005629,-7.000000000000062e-05,-0.0007900677200903004
1697681700000,2023-10-19T02:15:00Z,0.08853,0.08853,0.08845,0.08846,98972,8758.26348,0.08854,0.08854,0.08845,0.08847,0.0886,0.0886,0.0885,0.08853,-0.0005629,-0.00024375,-0.00055822,-0.00055822,-7.000000000000062e-05,-0.0007906924206483748
1697682000000,2023-10-19T02:20:00Z,0.08846,0.08847,0.08844,0.08847,4141,366.28,0.08847,0.08851,0.08844,0.08849,0.08853,0.08857,0.0885,0.08856,-0.00055822,-0.00042542,-0.0004721,-0.00042542,-9.000000000000674e-05,-0.0010162601626017022
1697682300000,2023-10-19T02:25:00Z,0.08847,0.08855,0.08847,0.08848,32441,2871.26908,0.08849,0.08856,0.08848,0.08848,0.08856,0.08862,0.08854,0.08855,-0.00042542,-0.00076701,-0.00080873,-0.00080873,-7.000000000000062e-05,-0.0007905138339921018
1697682600000,2023-10-19T02:30:00Z,0.08848,0.08848,0.0884,0.08844,29163,2578.48086,0.08848,0.08848,0.08842,0.08844,0.08855,0.08855,0.08848,0.0885,-0.00080873,-0.00041451,-0.00058671,-0.00041451,-5.9999999999990616e-05,-0.0006779661016948093
1697682900000,2023-10-19T02:35:00Z,0.08844,0.08846,0.08844,0.08846,77313,6838.2402,0.08844,0.08847,0.08844,0.08846,0.0885,0.08853,0.08848,0.0885,-0.00041451,-0.00033898,-0.00056497,-0.00056497,-3.999999999999837e-05,-0.0004519774011299251
1697683200000,2023-10-19T02:40:00Z,0.08846,0.08846,0.08844,0.08845,144371,12770.10455,0.08846,0.08848,0.08844,0.08848,0.0885,0.08853,0.08848,0.08853,-0.00056497,-0.00033905,-0.00039796,-0.00039796,-7.999999999999674e-05,-0.0009036484807409549
1697683500000,2023-10-19T02:45:00Z,0.08845,0.08854,0.08845,0.08853,47328,4187.04784,0.08848,0.08854,0.08846,0.08853,0.08853,0.08859,0.08851,0.08858,-0.00039796,-0.00039004,-0.00044709,-0.00039004,-5.000000000000837e-05,-0.0005644615037255404
1697683800000,2023-10-19T02:50:00Z,0.08853,0.08853,0.08845,0.08845,18812,1665.13936,0.08853,0.08854,0.08845,0.08845,0.08858,0.08859,0.0885,0.08851,-0.00039004,-0.00044062,-0.00052203,-0.00044062,-6.0000000000004494e-05,-0.0006778895040108969
1697684100000,2023-10-19T02:55:00Z,0.08845,0.08848,0.08845,0.08848,17362,1535.97793,0.08845,0.08849,0.08845,0.08849,0.08851,0.08855,0.0885,0.08855,-0.00044062,-0.00037233,-0.00047713,-0.00047713,-7.000000000000062e-05,-0.0007905138339921018
1697684400000,2023-10-19T03:00:00Z,0.08848,0.08849,0.08844,0.08848,82324,7283.46603,0.08849,0.08851,0.08844,0.0885,0.08855,0.08857,0.08849,0.08856,-0.00047713,-0.0004187,-0.00052557,-0.00052557,-7.999999999999674e-05,-0.0009033423667569641
1697684700000,2023-10-19T03:05:00Z,0.08848,0.08852,0.08847,0.08848,72901,6452.88444,0.0885,0.08852,0.08847,0.08849,0.08856,0.08857,0.08852,0.08854,-0.00052557,-0.00032301,-0.00036895,-0.00032301,-5.9999999999990616e-05,-0.000677659814772878
1697685000000,2023-10-19T03:10:00Z,0.08848,0.08852,0.08848,0.08852,6236,551.93063,0.08849,0.08858,0.08848,0.08858,0.08854,0.08863,0.08853,0.08863,-0.00032301,-0.00008903,-0.0004163,-0.00008903,-0.00010999999999999899,-0.0012411147466997517
1697685300000,2023-10-19T03:15:00Z,0.08852,0.08857,0.08851,0.08854,26255,2324.02539,0.08858,0.08858,0.08852,0.08856,0.08863,0.08863,0.08858,0.08862,-0.00008903,-0.00043989,-0.00055401,-0.00043989,-8.000000000001062e-05,-0.0009027307605507856
1697685600000,2023-10-19T03:20:00Z,0.08854,0.08863,0.08854,0.08859,9312,824.86719,0.08856,0.08863,0.08855,0.08859,0.08862,0.08868,0.08861,0.08864,-0.00043989,-0.00043662,-0.00049639,-0.00043662,-4.999999999999449e-05,-0.0005640794223826093
1697685900000,2023-10-19T03:25:00Z,0.08859,0.0886,0.08859,0.08859,69316,6141.39373,0.08859,0.08861,0.08859,0.08859,0.08864,0.08866,0.08861,0.08862,-0.00043662,-0.0003442,-0.00042441,-0.00042441,-3.0000000000002247e-05,-0.000338524035206525
1697686200000,2023-10-19T03:30:00Z,0.08859,0.08863,0.08856,0.08862,9667,856.48683,0.08859,0.08863,0.08856,0.08862,0.08862,0.08868,0.08861,0.08865,-0.00042441,-0.00035554,-0.00054635,-0.00054635,-3.0000000000002247e-05,-0.00033840947546533834
1697686500000,2023-10-19T03:35:00Z,0.08862,0.08862,0.08859,0.08859,2806,248.59854,0.08862,0.08862,0.08859,0.08859,0.08865,0.08866,0.08864,0.08864,-0.00054635,-0.0003851,-0.00040507,-0.0003851,-4.999999999999449e-05,-0.0005640794223826093
1697686800000,2023-10-19T03:40:00Z,0.08859,0.08859,0.08853,0.08853,15488,1371.34566,0.08859,0.08859,0.08853,0.08854,0.08864,0.08864,0.08857,0.0886,-0.0003851,-0.00032956,-0.00035421,-0.00035421,-7.000000000000062e-05,-0.0007900677200903004
1697687100000,2023-10-19T03:45:00Z,0.08853,0.08854,0.08853,0.08854,150,13.281,0.08854,0.08856,0.08853,0.08855,0.0886,0.08861,0.08857,0.0886,-0.00035421,-0.00038959,-0.00042681,-0.00042681,-6.0000000000004494e-05,-0.000677200902934588
1697687400000,2023-10-19T03:50:00Z,0.08854,0.08855,0.08853,0.08855,36064,3193.12478,0.08855,0.08859,0.08853,0.08859,0.0886,0.08865,0.08858,0.08865,-0.00042681,-0.0005027,-0.00055553,-0.00055553,-0.00010000000000000286,-0.001128031584884409
1697687700000,2023-10-19T03:55:00Z,0.08855,0.08863,0.08855,0.08863,58708,5202.68431,0.08859,0.08865,0.08859,0.08865,0.08865,0.08872,0.08865,0.08872,-0.00055553,-0.00025541,-0.0005518,-0.00025541,-8.999999999999286e-05,-0.0010144274120828772
1697688000000,2023-10-19T04:00:00Z,0.08863,0.08871,0.08863,0.08871,62421,5536.13017,0.08865,0.08871,0.08865,0.08871,0.08872,0.08877,0.08871,0.08876,-0.00025541,-0.0003405,-0.00047413,-0.0003405,-5.000000000000837e-05,-0.000563316809373686
1697688300000,2023-10-19T04:05:00Z,0.08871,0.08871,0.08867,0.08871,32071,2844.68453,0.08871,0.08871,0.08867,0.08871,0.08876,0.08877,0.08872,0.08875,-0.0003405,-0.00035203,-0.00062402,-0.00035203,-3.999999999999837e-05,-0.0004507042253520943
1697688600000,2023-10-19T04:10:00Z,0.08871,0.08871,0.0886,0.08861,51796,4593.37811,0.08871,0.08871,0.08861,0.08861,0.08875,0.08876,0.08866,0.08867,-0.00035203,-0.0004509,-0.00067658,-0.00067658,-6.0000000000004494e-05,-0.0006766662907410003
1697688900000,2023-10-19T04:15:00Z,0.08861,0.08867,0.08861,0.08867,66360,5882.79395,0.08861,0.08867,0.08861,0.08867,0.08867,0.08872,0.08866,0.08872,-0.00067658,-0.000295,-0.00038999,-0.00038999,-4.999999999999449e-05,-0.00056357078449047
1697689200000,2023-10-19T04:20:00Z,0.08867,0.0887,0.08867,0.0887,86380,7660.27403,0.08867,0.08871,0.08867,0.08871,0.08872,0.08876,0.08871,0.08876,-0.00038999,-0.00044438,-0.0004508,-0.0004508,-6.0000000000004494e-05,-0.0006759801712483606
1697689500000,2023-10-19T04:25:00Z,0.0887,0.08872,0.0887,0.08872,6590,584.64702,0.08871,0.08872,0.08871,0.08872,0.08876,0.08877,0.08875,0.08876,-0.0004508,-0.000296,-0.00036086,-0.00036086,-4.000000000001225e-05,-0.00045065344749901134
1697689800000,2023-10-19T04:30:00Z,0.08872,0.08876,0.08872,0.08874,57093,5065.68294,0.08872,0.08876,0.08872,0.08874,0.08876,0.08878,0.08875,0.08875,-0.00036086,-0.00019873,-0.0004506,-0.00019873,-9.999999999996123e-06,-0.00011267605633798449
1697690100000,2023-10-19T04:35:00Z,0.08874,0.08877,0.08871,0.08877,16930,1502.49013,0.08874,0.0888,0.08872,0.08878,0.08875,0.08883,0.08875,0.08882,-0.00019873,-0.0002498,-0.00029459,-0.00029459,-4.999999999999449e-05,-0.0005629362756135386
1697690400000,2023-10-19T04:40:00Z,0.08877,0.08883,0.08875,0.08882,67296,5975.34891,0.08878,0.08884,0.08877,0.08882,0.08882,0.08888,0.0888,0.08884,-0.00029459,-0.00022391,-0.0004623,-0.0004623,-2.0000000000006124e-05,-0.0002251238181000239
1697690700000,2023-10-19T04:45:00Z,0.08882,0.08882,0.08877,0.08882,89885,7980.74672,0.08882,0.08883,0.08881,0.08882,0.08884,0.08887,0.08884,0.08886,-0.0004623,-0.00044001,-0.0004731,-0.00044001,-3.999999999999837e-05,-0.00045014629754668435
1697691000000,2023-10-19T04:50:00Z,0.08882,0.08884,0.08882,0.08883,6305,560.06838,0.08882,0.08884,0.08882,0.08884,0.08886,0.08888,0.08886,0.08886,-0.00044001,-0.00033757,-0.00033757,-0.00033757,-2.999999999998837e-05,-0.00033760972315989617
1697691300000,2023-10-19T04:55:00Z,0.08883,0.08885,0.08882,0.08884,24072,2138.75037,0.08884,0.08886,0.08883,0.08884,0.08886,0.0889,0.08886,0.08887,-0.00033757,-0.00008764,-0.00015697,-0.00015697,-3.0000000000002247e-05,-0.0003375717339934989
1697691600000,2023-10-19T05:00:00Z,0.08884,0.08903,0.08884,0.08892,1186641,105566.31526,0.08884,0.08899,0.08884,0.08894,0.08887,0.08901,0.08887,0.08895,-0.00015697,-0.00005664,-0.00019042,-0.00019042,-3.0000000000002247e-05,-0.00033726812816191397
1697691900000,2023-10-19T05:05:00Z,0.08892,0.08904,0.08874,0.08882,1438125,127824.98956,0.08894,0.08903,0.08882,0.08883,0.08895,0.08904,0.08885,0.08887,-0.00019042,-0.00041688,-0.00068982,-0.00041688,-5.000000000000837e-05,-0.0005626195566558835
1697692200000,2023-10-19T05:10:00Z,0.08882,0.08884,0.08879,0.08879,9078,806.40985,0.08883,0.08887,0.08879,0.08879,0.08887,0.08891,0.08883,0.08883,-0.00041688,-0.0003337,-0.00048694,-0.0003337,-4.000000000001225e-05,-0.000450298322638886
1697692500000,2023-10-19T05:15:00Z,0.08879,0.08879,0.08874,0.08875,67548,5996.22761,0.08879,0.0888,0.08875,0.08877,0.08883,0.08886,0.0888,0.08883,-0.0003337,-0.00059356,-0.00064445,-0.00059356,-8.000000000001062e-05,-0.0009005966452776158
1697692800000,2023-10-19T05:20:00Z,0.08875,0.08881,0.08873,0.08881,11867,1053.50527,0.08877,0.08881,0.08874,0.08881,0.08883,0.08887,0.08881,0.08887,-0.00059356,-0.00053235,-0.00055541,-0.00055541,-6.0000000000004494e-05,-0.0006751434679869978
1697693100000,2023-10-19T05:25:00Z,0.08881,0.08881,0.0888,0.08881,8608,764.46798,0.08881,0.08882,0.0888,0.08882,0.08887,0.08889,0.08886,0.08889,-0.00055541,-0.00049403,-0.00064746,-0.00049403,-7.999999999999674e-05,-0.0008999887501405866
1697693400000,2023-10-19T05:30:00Z,0.08881,0.08893,0.08881,0.08891,68503,6087.32029,0.08882,0.08894,0.08881,0.08891,0.08889,0.08901,0.08888,0.08898,-0.00049403,-0.00054675,-0.00068636,-0.00068636,-7.000000000000062e-05,-0.0007866936390200114
1697693700000,2023-10-19T05:35:00Z,0.08891,0.08893,0.08886,0.08893,82629,7345.89254,0.08891,0.08893,0.08886,0.08893,0.08898,0.08899,0.08894,0.08899,-0.00068636,-0.00066602,-0.0007439,-0.00066602,-6.0000000000004494e-05,-0.0006742330598944207
1697694000000,2023-10-19T05:40:00Z,0.08893,0.08894,0.08892,0.08893,22979,2043.42585,0.08893,0.08894,0.08892,0.08893,0.08899,0.089,0.08898,0.08899,-0.00066602,-0.0006331,-0.00064988,-0.0006331,-6.0000000000004494e-05,-0.0006742330598944207
1697694300000,2023-10-19T05:45:00Z,0.08893,0.08893,0.0889,0.0889,7917,703.95594,0.08893,0.08895,0.0889,0.0889,0.08899,0.08901,0.08898,0.08898,-0.0006331,-0.00074196,-0.00102449,-0.00074196,-7.999999999999674e-05,-0.0008990784445942542
1697694600000,2023-10-19T05:50:00Z,0.0889,0.08893,0.08889,0.08893,13770,1224.25026,0.0889,0.08894,0.08889,0.08894,0.08898,0.08902,0.08896,0.08901,-0.00074196,-0.00089877,-0.00089877,-0.00089877,-8.000000000001062e-05,-0.0008987754184924234
1697694900000,2023-10-19T05:55:00Z,0.08893,0.08903,0.08893,0.08901,148203,13180.77643,0.08894,0.08905,0.08893,0.08902,0.08901,0.08913,0.08901,0.0891,-0.00089877,-0.00069009,-0.00087253,-0.00087253,-8.999999999999286e-05,-0.00101010101010093
1697695200000,2023-10-19T06:00:00Z,0.08901,0.08902,0.0889,0.08891,71979,6403.5271,0.08902,0.08903,0.08892,0.08892,0.0891,0.08911,0.089,0.089,-0.00087253,-0.00081835,-0.00093966,-0.00093966,-8.999999999999286e-05,-0.0010112359550560996
1697695500000,2023-10-19T06:05:00Z,0.08891,0.08893,0.08891,0.08893,43350,3854.68836,0.08892,0.08894,0.08891,0.08893,0.089,0.08902,0.08898,0.08901,-0.00093966,-0.00067415,-0.00078642,-0.00078642,-8.000000000001062e-05,-0.0008987754184924234
1697695800000,2023-10-19T06:10:00Z,0.08893,0.08894,0.08886,0.08889,383179,34064.93071,0.08893,0.08895,0.0889,0.0889,0.08901,0.08903,0.08899,0.08899,-0.00078642,-0.00085459,-0.00088797,-0.00085459,-0.00010000000000000286,-0.0011237217664906492
1697696100000,2023-10-19T06:15:00Z,0.08889,0.08891,0.08889,0.0889,14558,1294.29429,0.0889,0.08891,0.08889,0.08891,0.08899,0.089,0.08898,0.08898,-0.00085459,-0.00075646,-0.0008484,-0.00075646,-7.999999999999674e-05,-0.0008990784445942542
1697696400000,2023-10-19T06:20:00Z,0.0889,0.0889,0.08886,0.08886,52797,4692.8695,0.08891,0.08891,0.08887,0.08887,0.08898,0.08899,0.08894,0.08896,-0.00075646,-0.00087802,-0.00088806,-0.00087802,-0.00010000000000000286,-0.0011241007194244927
1697696700000,2023-10-19T06:25:00Z,0.08886,0.08889,0.08886,0.08888,10894,968.25753,0.08887,0.0889,0.08887,0.08889,0.08896,0.08898,0.08896,0.08898,-0.00087802,-0.00085568,-0.00087862,-0.00085568,-0.00010000000000000286,-0.0011238480557428958
1697697000000,2023-10-19T06:30:00Z,0.08888,0.0889,0.08888,0.08889,26035,2314.25511,0.08889,0.0889,0.08888,0.0889,0.08898,0.08898,0.08895,0.08898,-0.00085568,-0.00078695,-0.00081047,-0.00081047,-9.000000000000674e-05,-0.001011463250168653
1697697300000,2023-10-19T06:35:00Z,0.08889,0.08889,0.08882,0.08884,58286,5178.02068,0.0889,0.0889,0.08884,0.08886,0.08898,0.08898,0.08892,0.08895,-0.00081047,-0.00052226,-0.00087668,-0.00087668,-0.00010999999999999899,-0.0012366498032602472
1697697600000,2023-10-19T06:40:00Z,0.08884,0.08886,0.0888,0.08882,6236,553.92488,0.08886,0.08888,0.08881,0.08882,0.08895,0.08896,0.08889,0.08891,-0.00087668,-0.00058481,-0.00101237,-0.00058481,-9.000000000000674e-05,-0.0010122595883478433
1697697900000,2023-10-19T06:45:00Z,0.08882,0.08882,0.08876,0.08878,30859,2739.5097,0.08882,0.08882,0.08877,0.08878,0.08891,0.08891,0.08886,0.08887,-0.00058481,-0.00074893,-0.00082309,-0.00082309,-9.000000000000674e-05,-0.0010127152019804968
1697698200000,2023-10-19T06:50:00Z,0.08878,0.08878,0.08869,0.08877,506747,44962.51141,0.08878,0.08879,0.08875,0.08877,0.08887,0.08888,0.08884,0.08885,-0.00082309,-0.00089047,-0.00092053,-0.00089047,-7.999999999999674e-05,-0.0009003939223409875
1697698500000,2023-10-19T06:55:00Z,0.08877,0.0888,0.08877,0.08877,189113,16790.57196,0.08877,0.0888,0.08877,0.08878,0.08885,0.08888,0.08884,0.08885,-0.00089047,-0.00065931,-0.00066711,-0.00066711,-7.999999999999674e-05,-0.0009003939223409875
1697698800000,2023-10-19T07:00:00Z,0.08877,0.08881,0.08876,0.0888,32239,2862.79128,0.08878,0.08881,0.08877,0.0888,0.08885,0.08889,0.08884,0.08888,-0.00066711,-0.00078757,-0.00096849,-0.00096849,-7.999999999999674e-05,-0.0009000900090008634
1697699100000,2023-10-19T07:05:00Z,0.0888,0.0888,0.08876,0.08876,29082,2582.19576,0.0888,0.08881,0.08876,0.08876,0.08888,0.0889,0.08882,0.08882,-0.00096849,-0.00078775,-0.00090019,-0.00078775,-5.9999999999990616e-05,-0.000675523530736215
1697699400000,2023-10-19T07:10:00Z,0.08876,0.08876,0.08871,0.08875,12443,1104.06366,0.08876,0.08876,0.08872,0.08875,0.08882,0.08883,0.0888,0.08882,-0.00078775,-0.00078811,-0.00088945,-0.00088945,-7.000000000000062e-05,-0.0007881107858590477
1697699700000,2023-10-19T07:15:00Z,0.08875,0.08875,0.08874,0.08875,75784,6725.81278,0.08875,0.08876,0.08875,0.08875,0.08882,0.08884,0.08881,0.08881,-0.00088945,-0.00073665,-0.00074679,-0.00074679,-6.0000000000004494e-05,-0.0006755995946402939
1697700000000,2023-10-19T07:20:00Z,0.08875,0.08875,0.08874,0.08875,17925,1590.74044,0.08875,0.08875,0.08874,0.08875,0.08881,0.08883,0.08881,0.08882,-0.00074679,-0.00084633,-0.00090059,-0.00084633,-7.000000000000062e-05,-0.0007881107858590477
1697700300000,2023-10-19T07:25:00Z,0.08875,0.08875,0.08869,0.08869,109370,9705.47236,0.08875,0.08875,0.0887,0.0887,0.08882,0.08883,0.08877,0.08878,-0.00084633,-0.00078855,-0.0009011,-0.0009011,-8.999999999999286e-05,-0.001013741833746259
1697700600000,2023-10-19T07:30:00Z,0.08869,0.0887,0.08869,0.08869,3876,343.80022,0.0887,0.08871,0.08869,0.0887,0.08878,0.08879,0.08877,0.08877,-0.0009011,-0.00078855,-0.00078855,-0.00078855,-7.999999999999674e-05,-0.0009012053621718682
1697700900000,2023-10-19T07:35:00Z,0.08869,0.08877,0.08869,0.08872,140439,12458.30679,0.0887,0.08877,0.08869,0.08872,0.08877,0.08884,0.08876,0.08877,-0.00078855,-0.00036018,-0.00061116,-0.00036018,-5.000000000000837e-05,-0.0005632533513575349
1697701200000,2023-10-19T07:40:00Z,0.08872,0.08872,0.08856,0.08866,161988,14354.96137,0.08872,0.08872,0.08856,0.08866,0.08877,0.08878,0.08863,0.08869,-0.00036018,-0.00056388,-0.00061716,-0.00061716,-3.0000000000002247e-05,-0.0003382568497012318
1697701500000,2023-10-19T07:45:00Z,0.08866,0.08875,0.08866,0.08871,116506,10335.16867,0.08866,0.08875,0.08866,0.08871,0.08869,0.08878,0.08869,0.08872,-0.00061716,-0.00019055,-0.00043124,-0.00043124,-9.999999999996123e-06,-0.00011271415689806272
1697701800000,2023-10-19T07:50:00Z,0.08871,0.08871,0.08867,0.08868,74354,6594.11073,0.08871,0.08871,0.08867,0.08869,0.08872,0.08874,0.08871,0.08873,-0.00043124,-0.00024177,-0.00035534,-0.00035534,-5.000000000000837e-05,-0.0005635072692438675
1697702100000,2023-10-19T07:55:00Z,0.08868,0.08871,0.08864,0.08865,200134,17748.37839,0.08869,0.08871,0.08865,0.08867,0.08873,0.08873,0.08867,0.0887,-0.00035534,-0.00011152,-0.00032022,-0.00011152,-4.999999999999449e-05,-0.0005636978579480778
1697702400000,2023-10-19T08:00:00Z,0.08865,0.08875,0.08865,0.08875,135324,12002.47652,0.08867,0.08877,0.08867,0.08877,0.0887,0.0888,0.0887,0.0888,-0.00011152,-0.00002637,-0.00015959,-0.00015959,-5.000000000000837e-05,-0.0005630630630631573
1697702700000,2023-10-19T08:05:00Z,0.08875,0.08881,0.08875,0.0888,36471,3238.35376,0.08877,0.08882,0.08876,0.0888,0.0888,0.08886,0.08879,0.08885,-0.00015959,-0.00045019,-0.00056268,-0.00056268,-4.999999999999449e-05,-0.0005627462014630781
1697703000000,2023-10-19T08:10:00Z,0.0888,0.08881,0.08879,0.08879,120009,10657.74223,0.0888,0.08882,0.08879,0.08879,0.08885,0.08887,0.08883,0.08884,-0.00056268,-0.00027444,-0.00033768,-0.00027444,-5.000000000000837e-05,-0.0005628095452499816
1697703300000,2023-10-19T08:15:00Z,0.08879,0.08879,0.08878,0.08879,11573,1027.54571,0.08879,0.08882,0.08878,0.0888,0.08884,0.08887,0.08883,0.08885,-0.00027444,-0.00024727,-0.00033295,-0.00024727,-6.0000000000004494e-05,-0.0006752954417558188
1697703600000,2023-10-19T08:20:00Z,0.08879,0.08882,0.08876,0.08877,31496,2796.73455,0.0888,0.08882,0.08876,0.08877,0.08885,0.08886,0.08881,0.08881,-0.00024727,-0.00024299,-0.00044473,-0.00044473,-3.999999999999837e-05,-0.0004503997297601438
1697703900000,2023-10-19T08:25:00Z,0.08877,0.08881,0.08876,0.0888,2336,207.37814,0.08877,0.08883,0.08876,0.08881,0.08881,0.08888,0.08881,0.08886,-0.00044473,-0.00012756,-0.00030538,-0.00030538,-5.9999999999990616e-05,-0.0006752194463199485
1697704200000,2023-10-19T08:30:00Z,0.0888,0.0888,0.08877,0.08877,16051,1425.05771,0.08881,0.08881,0.08877,0.08877,0.08886,0.08886,0.08878,0.08878,-0.00030538,-0.00047872,-0.00052533,-0.00052533,-9.999999999996123e-06,-0.00011263798152732736
1697704500000,2023-10-19T08:35:00Z,0.08877,0.08877,0.0887,0.08873,24462,2170.22755,0.08877,0.08877,0.08871,0.08873,0.08878,0.08879,0.08875,0.08877,-0.00052533,-0.00026988,-0.00056764,-0.00026988,-3.999999999999837e-05,-0.0004506026810859341
1697704800000,2023-10-19T08:40:00Z,0.08873,0.08873,0.08867,0.08872,45261,4014.36195,0.08873,0.08873,0.08867,0.08873,0.08877,0.08878,0.08872,0.08878,-0.00026988,-0.00030192,-0.00036664,-0.00036664,-6.0000000000004494e-05,-0.0006758278891642769
1697705100000,2023-10-19T08:45:00Z,0.08872,0.08875,0.08867,0.08875,82039,7277.08448,0.08873,0.08874,0.08868,0.08874,0.08878,0.08879,0.08873,0.08879,-0.00036664,-0.00021651,-0.00029646,-0.00029646,-3.999999999999837e-05,-0.00045050118256558593
1697705400000,2023-10-19T08:50:00Z,0.08875,0.08878,0.08875,0.08878,41966,3724.91482,0.08874,0.0888,0.08874,0.08878,0.08879,0.08883,0.08878,0.08882,-0.00029646,-0.00025647,-0.00037048,-0.00037048,-3.999999999999837e-05,-0.0004503490204908621
1697705700000,2023-10-19T08:55:00Z,0.08878,0.08878,0.08866,0.08866,36432,3232.45957,0.08878,0.08878,0.08866,0.08867,0.08882,0.08882,0.08872,0.08872,-0.00037048,-0.00027904,-0.00047345,-0.00047345,-5.9999999999990616e-05,-0.0006762849413885326
1697706000000,2023-10-19T09:00:00Z,0.08866,0.08866,0.0885,0.08857,634935,56214.5776,0.08867,0.08867,0.08858,0.08858,0.08872,0.08873,0.08863,0.08864,-0.00047345,-0.00054518,-0.00066249,-0.00054518,-7.000000000000062e-05,-0.0007897111913357471
1697706300000,2023-10-19T09:05:00Z,0.08857,0.08862,0.08855,0.08858,24999,2214.60982,0.08858,0.08862,0.08855,0.08858,0.08864,0.08867,0.08861,0.08864,-0.00054518,-0.00036271,-0.00064218,-0.00064218,-5.9999999999990616e-05,-0.0006768953068590999
1697706600000,2023-10-19T09:10:00Z,0.08858,0.0886,0.08856,0.08857,9017,798.87648,0.08858,0.08861,0.08856,0.08857,0.08864,0.08866,0.08861,0.08862,-0.00064218,-0.00063037,-0.00070521,-0.00063037,-5.000000000000837e-05,-0.0005642067253442605
1697706900000,2023-10-19T09:15:00Z,0.08857,0.08863,0.08857,0.08863,171740,15218.46219,0.08857,0.08863,0.08857,0.08863,0.08862,0.08868,0.08861,0.08867,-0.00063037,-0.00049097,-0.00056943,-0.00049097,-3.999999999999837e-05,-0.000451110860493948
1697707200000,2023-10-19T09:20:00Z,0.08863,0.08872,0.08863,0.08872,120256,10663.07821,0.08863,0.08872,0.08863,0.08872,0.08867,0.08876,0.08867,0.08875,-0.00049097,-0.00026149,-0.00033002,-0.00033002,-3.0000000000002247e-05,-0.0003380281690141098
1697707500000,2023-10-19T09:25:00Z,0.08872,0.08875,0.08872,0.08872,200344,17778.30684,0.08872,0.08876,0.08872,0.08872,0.08875,0.0888,0.08875,0.08875,-0.00033002,-0.00021376,-0.00033029,-0.00033029,-3.0000000000002247e-05,-0.0003380281690141098
1697707800000,2023-10-19T09:30:00Z,0.08872,0.08873,0.08862,0.08862,65048,5769.44316,0.08872,0.08873,0.08862,0.08862,0.08875,0.08876,0.08865,0.08866,-0.00033029,-0.00038227,-0.00052379,-0.00052379,-3.999999999999837e-05,-0.00045116174148430375
1697708100000,2023-10-19T09:35:00Z,0.08862,0.08866,0.08862,0.08866,145707,12916.58637,0.08862,0.08868,0.08862,0.08867,0.08866,0.08872,0.08865,0.08871,-0.00052379,-0.00027878,-0.00027963,-0.00027878,-4.999999999999449e-05,-0.0005636343140569777
1697708400000,2023-10-19T09:40:00Z,0.08866,0.08869,0.08864,0.08864,37136,3292.07452,0.08867,0.08869,0.08864,0.08864,0.08871,0.08873,0.08867,0.08867,-0.00027878,-0.00033825,-0.0003806,-0.00033825,-3.0000000000002247e-05,-0.00033833314537050016
1697708700000,2023-10-19T09:45:00Z,0.08864,0.08865,0.08859,0.08859,9004,797.69865,0.08864,0.08866,0.08859,0.08859,0.08867,0.0887,0.08862,0.08863,-0.00033825,-0.00039294,-0.00047637,-0.00047637,-3.999999999999837e-05,-0.00045131445334535
1697709000000,2023-10-19T09:50:00Z,0.08859,0.08859,0.08858,0.08858,64,5.66932,0.08859,0.0886,0.08858,0.08858,0.08863,0.08865,0.08862,0.08862,-0.00047637,-0.00032686,-0.00038549,-0.00032686,-3.999999999999837e-05,-0.00045136538027531445
1697709300000,2023-10-19T09:55:00Z,0.08858,0.08868,0.08858,0.08868,48803,4326.10078,0.08858,0.08868,0.08858,0.08868,0.08862,0.08872,0.08862,0.08869,-0.00032686,-0.00024022,-0.00033814,-0.00033814,-1.0000000000010001e-05,-0.00011275228323384823
1697709600000,2023-10-19T10:00:00Z,0.08868,0.08868,0.08862,0.08862,23001,2038.37102,0.08868,0.08868,0.08863,0.08865,0.08869,0.0887,0.08866,0.0887,-0.00033814,-0.00013981,-0.00044552,-0.00013981,-7.999999999999674e-05,-0.0009019165727169869
1697709900000,2023-10-19T10:05:00Z,0.08862,0.08883,0.08862,0.0888,156510,13898.67014,0.08865,0.08883,0.08865,0.08881,0.0887,0.08887,0.08869,0.08885,-0.00013981,-0.00018777,-0.00041247,-0.00018777,-4.999999999999449e-05,-0.0005627462014630781
1697710200000,2023-10-19T10:10:00Z,0.0888,0.08885,0.08879,0.08884,100309,8911.09894,0.08881,0.08886,0.0888,0.08885,0.08885,0.0889,0.08881,0.08889,-0.00018777,-0.00014967,-0.00047334,-0.00014967,-4.999999999999449e-05,-0.0005624929688378276
1697710500000,2023-10-19T10:15:00Z,0.08884,0.08886,0.08875,0.08875,29240,2595.51087,0.08885,0.08886,0.08875,0.08875,0.08889,0.08889,0.08878,0.08879,-0.00014967,-0.00022885,-0.00033787,-0.00022885,-3.999999999999837e-05,-0.00045050118256558593
1697710800000,2023-10-19T10:20:00Z,0.08875,0.08877,0.08875,0.08877,23193,2058.71117,0.08875,0.08877,0.08875,0.08877,0.08879,0.0888,0.08879,0.0888,-0.00022885,-0.00014134,-0.00025619,-0.00025619,-3.0000000000002247e-05,-0.0003378378378378631
1697711100000,2023-10-19T10:25:00Z,0.08877,0.08877,0.08866,0.08869,48282,4281.74113,0.08877,0.08877,0.08866,0.08869,0.0888,0.0888,0.08869,0.08872,-0.00025619,-0.000132,-0.00020505,-0.00020505,-2.999999999998837e-05,-0.00033814247069418815
1697711400000,2023-10-19T10:30:00Z,0.08869,0.08872,0.08869,0.08869,7769,689.20529,0.08869,0.08873,0.08869,0.0887,0.08872,0.08876,0.08872,0.08874,-0.00020505,-0.00024247,-0.00025521,-0.00025521,-4.999999999999449e-05,-0.0005634437683118604
1697711700000,2023-10-19T10:35:00Z,0.08869,0.08873,0.08869,0.08873,9813,870.53004,0.0887,0.08872,0.08869,0.08872,0.08874,0.08878,0.08872,0.08878,-0.00025521,-0.00006963,-0.00009183,-0.00009183,-4.999999999999449e-05,-0.0005631899076367932
1697712000000,2023-10-19T10:40:00Z,0.08873,0.08874,0.08873,0.08873,3408,302.42591,0.08872,0.08876,0.08872,0.08876,0.08878,0.08881,0.08877,0.0888,-0.00009183,-0.00003176,-0.00024388,-0.00003176,-7.000000000000062e-05,-0.0007882882882882952
1697712300000,2023-10-19T10:45:00Z,0.08873,0.08881,0.08873,0.08879,53349,4737.59053,0.08876,0.08883,0.08876,0.08882,0.0888,0.08886,0.0888,0.08886,-0.00003176,0,-0.00025455,0,-7.000000000000062e-05,-0.0007877560207067367
1697712600000,2023-10-19T10:50:00Z,0.08879,0.08883,0.08877,0.08877,40845,3626.47195,0.08882,0.08883,0.08877,0.08877,0.08886,0.08886,0.08879,0.0888,0,-0.00008638,-0.00030664,-0.00008638,-3.0000000000002247e-05,-0.0003378378378378631
1697712900000,2023-10-19T10:55:00Z,0.08877,0.08877,0.08872,0.08873,10525,934.13727,0.08877,0.08877,0.08872,0.08873,0.0888,0.0888,0.08875,0.08876,-0.00008638,-0.00007681,-0.00028782,-0.00028782,-3.0000000000002247e-05,-0.0003379900856241803
1697713200000,2023-10-19T11:00:00Z,0.08873,0.08884,0.08873,0.08884,210014,18651.48694,0.08873,0.08884,0.08873,0.08884,0.08876,0.08888,0.08876,0.08888,-0.00028782,-0.00002903,-0.00031472,-0.00031472,-3.999999999999837e-05,-0.0004500450045004317
1697713500000,2023-10-19T11:05:00Z,0.08884,0.08884,0.08882,0.08882,18207,1617.32204,0.08884,0.08885,0.08883,0.08884,0.08888,0.08889,0.08887,0.08888,-0.00031472,-0.00024485,-0.00029466,-0.00024485,-6.0000000000004494e-05,-0.0006750675067507256
1697713800000,2023-10-19T11:10:00Z,0.08882,0.08887,0.08882,0.08884,9566,849.95058,0.08884,0.08888,0.08884,0.08885,0.08888,0.08893,0.08888,0.0889,-0.00024485,-0.0003908,-0.0004197,-0.0004197,-6.0000000000004494e-05,-0.0006749156355456074
1697714100000,2023-10-19T11:15:00Z,0.08884,0.08888,0.08881,0.08883,31436,2792.91197,0.08885,0.08888,0.08883,0.08883,0.0889,0.08893,0.08887,0.08888,-0.0004197,-0.00039255,-0.00041722,-0.00039255,-4.999999999999449e-05,-0.0005625562556255006
1697714400000,2023-10-19T11:20:00Z,0.08883,0.0889,0.08881,0.0889,123446,10970.21323,0.08883,0.0889,0.08882,0.0889,0.08888,0.08895,0.08886,0.08894,-0.00039255,-0.00020861,-0.00038517,-0.00038517,-3.999999999999837e-05,-0.00044974139869573157
1697714700000,2023-10-19T11:25:00Z,0.0889,0.0889,0.08888,0.0889,23539,2092.43513,0.0889,0.08892,0.08888,0.08891,0.08894,0.08896,0.08892,0.08895,-0.00038517,-0.00022091,-0.00038185,-0.00022091,-4.999999999999449e-05,-0.0005621135469364193
1697715000000,2023-10-19T11:30:00Z,0.0889,0.0889,0.08881,0.08884,25770,2290.41134,0.08891,0.08892,0.08881,0.08884,0.08895,0.08896,0.08886,0.08889,-0.00022091,-0.00024234,-0.00036484,-0.00024234,-4.999999999999449e-05,-0.0005624929688378276
1697715300000,2023-10-19T11:35:00Z,0.08884,0.08893,0.08883,0.08889,1030810,91628.42396,0.08884,0.08892,0.08884,0.08891,0.08889,0.08895,0.08887,0.08894,-0.00024234,0,-0.00019435,0,-5.000000000000837e-05,-0.0005621767483697816
1697715600000,2023-10-19T11:40:00Z,0.08889,0.08899,0.08886,0.08894,169054,15036.20017,0.08891,0.08899,0.08887,0.08896,0.08894,0.08901,0.08889,0.089,0,-0.00026368,-0.00047319,-0.00047319,-5.9999999999990616e-05,-0.0006741573033706811
1697715900000,2023-10-19T11:45:00Z,0.08894,0.08895,0.08892,0.08892,7915,703.94406,0.08896,0.08896,0.08892,0.08893,0.089,0.089,0.08897,0.08898,-0.00047319,-0.00042701,-0.00051679,-0.00042701,-6.0000000000004494e-05,-0.0006743088334457687
1697716200000,2023-10-19T11:50:00Z,0.08892,0.08898,0.08892,0.08898,3671,326.48116,0.08893,0.08898,0.08892,0.08898,0.08898,0.08901,0.08897,0.08901,-0.00042701,-0.00011473,-0.0003294,-0.0003294,-3.0000000000002247e-05,-0.0003370407819346393
1697716500000,2023-10-19T11:55:00Z,0.08898,0.08911,0.08895,0.08908,165535,14744.88286,0.08898,0.08911,0.08896,0.08909,0.08901,0.08914,0.089,0.08914,-0.0003294,-0.00024054,-0.00048232,-0.00024054,-5.9999999999990616e-05,-0.0006730984967465854
1697716800000,2023-10-19T12:00:00Z,0.08908,0.08908,0.08902,0.08903,107829,9602.06418,0.08909,0.08909,0.08902,0.08903,0.08914,0.08914,0.08906,0.08906,-0.00024054,0,0,0,-3.0000000000002247e-05,-0.00033685156074559003
1697717100000,2023-10-19T12:05:00Z,0.08903,0.08907,0.08902,0.08906,135467,12064.17148,0.08903,0.08907,0.08902,0.08906,0.08906,0.08911,0.08905,0.0891,0,0,0,0,-3.999999999999837e-05,-0.00044893378226709734
1697717400000,2023-10-19T12:10:00Z,0.08906,0.08909,0.08906,0.08907,18830,1677.24659,0.08906,0.08909,0.08906,0.08907,0.0891,0.08913,0.08909,0.08911,0,-0.00014216,-0.00025878,-0.00025878,-3.999999999999837e-05,-0.000448883402536173
1697717700000,2023-10-19T12:15:00Z,0.08907,0.0892,0.08906,0.0892,103549,9231.89874,0.08907,0.0892,0.08906,0.0892,0.08911,0.08921,0.08908,0.0892,-0.00025878,-0.00005543,-0.00010789,-0.00010789,0.0,0.0
1697718000000,2023-10-19T12:20:00Z,0.0892,0.08921,0.08914,0.08914,130142,11608.68942,0.0892,0.08922,0.08913,0.08914,0.0892,0.08925,0.08913,0.08914,-0.00010789,-0.0001121,-0.00017195,-0.0001121,0.0,0.0
1697718300000,2023-10-19T12:25:00Z,0.08914,0.08914,0.08904,0.08904,51327,4571.55563,0.08914,0.08914,0.08904,0.08906,0.08914,0.08916,0.08908,0.0891,-0.0001121,-0.00005911,-0.0005069,-0.0005069,-6.0000000000004494e-05,-0.0006734006734007239
1697718600000,2023-10-19T12:30:00Z,0.08904,0.08913,0.08904,0.08912,42043,3745.11881,0.08906,0.08915,0.08905,0.08912,0.0891,0.08919,0.08909,0.08917,-0.0005069,0,-0.00003644,-0.00003644,-4.999999999999449e-05,-0.0005607267018054782
1697718900000,2023-10-19T12:35:00Z,0.08912,0.08915,0.0891,0.08915,10893,970.86168,0.08912,0.08917,0.0891,0.08915,0.08917,0.08922,0.08913,0.0892,-0.00003644,-0.00024887,-0.0002639,-0.00024887,-5.000000000000837e-05,-0.0005605381165920221
1697719200000,2023-10-19T12:40:00Z,0.08915,0.08916,0.08912,0.08912,16398,1461.59074,0.08915,0.08916,0.08912,0.08913,0.0892,0.08921,0.08915,0.08918,-0.00024887,-0.00000302,-0.00020354,-0.00020354,-5.9999999999990616e-05,-0.0006727965911638329
1697719500000,2023-10-19T12:45:00Z,0.08912,0.08922,0.08912,0.08922,22356,1993.34634,0.08913,0.08922,0.08913,0.08922,0.08918,0.08927,0.08918,0.08926,-0.00020354,-0.00021487,-0.00028638,-0.00021487,-4.000000000001225e-05,-0.000448129061169754
1697719800000,2023-10-19T12:50:00Z,0.08922,0.08927,0.08921,0.08924,148662,13264.61011,0.08922,0.08927,0.08921,0.08924,0.08926,0.08929,0.08924,0.08927,-0.00021487,0,-0.00023344,-0.00023344,-3.0000000000002247e-05,-0.0003360591464097933
1697720100000,2023-10-19T12:55:00Z,0.08924,0.08924,0.0892,0.0892,100219,8941.09058,0.08924,0.08924,0.0892,0.08922,0.08927,0.08928,0.08922,0.08926,-0.00023344,-0.00025378,-0.00033613,-0.00025378,-6.0000000000004494e-05,-0.0006721935917544756
1697720400000,2023-10-19T13:00:00Z,0.0892,0.08921,0.08915,0.08919,331622,29571.4659,0.08922,0.08923,0.08917,0.08919,0.08926,0.08927,0.08922,0.08924,-0.00025378,-0.00044827,-0.0006199,-0.00044827,-4.999999999999449e-05,-0.0005602868668757787
1697720700000,2023-10-19T13:05:00Z,0.08919,0.08919,0.08916,0.08919,90906,8106.97255,0.08919,0.0892,0.08917,0.08919,0.08924,0.08926,0.08921,0.08925,-0.00044827,-0.00033023,-0.00053216,-0.00053216,-5.9999999999990616e-05,-0.0006722689075629201
1697721000000,2023-10-19T13:10:00Z,0.08919,0.08919,0.08919,0.08919,558,49.76802,0.08919,0.08921,0.08919,0.0892,0.08925,0.08927,0.08924,0.08926,-0.00053216,-0.00048448,-0.00061476,-0.00048448,-7.000000000000062e-05,-0.0007842258570468363
1697721300000,2023-10-19T13:15:00Z,0.08919,0.08923,0.08919,0.08919,45245,4036.43218,0.0892,0.08923,0.0892,0.08921,0.08926,0.08928,0.08925,0.08926,-0.00048448,-0.00031847,-0.00042729,-0.00042729,-7.000000000000062e-05,-0.0007842258570468363
1697721600000,2023-10-19T13:20:00Z,0.08919,0.08932,0.08919,0.08932,759793,67844.04783,0.08921,0.08933,0.0892,0.08933,0.08926,0.08939,0.08925,0.08939,-0.00042729,-0.00055982,-0.00056608,-0.00055982,-7.000000000000062e-05,-0.0007830853563038441
1697721900000,2023-10-19T13:25:00Z,0.08932,0.08938,0.08926,0.08936,160305,14321.47996,0.08933,0.08938,0.08926,0.08936,0.08939,0.08944,0.08933,0.08942,-0.00055982,-0.00011821,-0.00045448,-0.00045448,-6.0000000000004494e-05,-0.0006709908297920431
1697722200000,2023-10-19T13:30:00Z,0.08936,0.08937,0.08932,0.08932,69042,6169.33596,0.08936,0.08939,0.08932,0.08932,0.08942,0.08945,0.08936,0.08938,-0.00045448,-0.00038899,-0.00058088,-0.00058088,-6.0000000000004494e-05,-0.0006712911165809408
1697722500000,2023-10-19T13:35:00Z,0.08932,0.08932,0.08921,0.08925,148915,13293.24757,0.08932,0.08932,0.08922,0.08925,0.08938,0.08938,0.08928,0.08931,-0.00058088,-0.00023538,-0.00049692,-0.00023538,-6.0000000000004494e-05,-0.0006718172657037789
1697722800000,2023-10-19T13:40:00Z,0.08925,0.08925,0.08918,0.08918,117745,10503.89364,0.08925,0.08925,0.08918,0.08918,0.08931,0.08931,0.08923,0.08924,-0.00023538,-0.0005247,-0.00063373,-0.0005247,-6.0000000000004494e-05,-0.0006723442402510589
1697723100000,2023-10-19T13:45:00Z,0.08918,0.08918,0.08915,0.08916,55368,4936.56148,0.08918,0.08919,0.08916,0.08916,0.08924,0.08925,0.08921,0.08922,-0.0005247,-0.00048941,-0.00061107,-0.00061107,-5.9999999999990616e-05,-0.0006724949562877227
1697723400000,2023-10-19T13:50:00Z,0.08916,0.08916,0.08912,0.08914,70281,6264.25831,0.08916,0.08916,0.08912,0.08915,0.08922,0.08923,0.08918,0.08921,-0.00061107,-0.00052034,-0.00064256,-0.00052034,-7.000000000000062e-05,-0.000784665396256032
1697723700000,2023-10-19T13:55:00Z,0.08914,0.08914,0.08911,0.08911,13630,1214.59264,0.08915,0.08916,0.08911,0.08911,0.08921,0.08922,0.08914,0.08917,-0.00052034,-0.00044868,-0.00067272,-0.00044868,-6.0000000000004494e-05,-0.0006728720421666983
1697724000000,2023-10-19T14:00:00Z,0.08911,0.08917,0.0891,0.08915,113546,10121.0012,0.08911,0.08918,0.0891,0.08916,0.08917,0.08924,0.08915,0.08923,-0.00044868,-0.0004302,-0.000643,-0.0004302,-8.000000000001062e-05,-0.0008965594530988526
1697724300000,2023-10-19T14:05:00Z,0.08915,0.08917,0.08915,0.08915,1698,151.39946,0.08916,0.08918,0.08915,0.08915,0.08923,0.08926,0.0892,0.08922,-0.0004302,-0.00062067,-0.00064409,-0.00062067,-7.000000000000062e-05,-0.0007845774490024727
1697724600000,2023-10-19T14:10:00Z,0.08915,0.08929,0.08915,0.08929,158673,14153.62753,0.08915,0.08932,0.08915,0.08932,0.08922,0.08938,0.08922,0.08938,-0.00062067,-0.00026841,-0.00041005,-0.00041005,-9.000000000000674e-05,-0.0010069366748714113
1697724900000,2023-10-19T14:15:00Z,0.08929,0.08933,0.08923,0.08923,29353,2621.22592,0.08932,0.08933,0.08924,0.08926,0.08938,0.08939,0.08929,0.08931,-0.00041005,-0.00038107,-0.0008577,-0.00038107,-7.999999999999674e-05,-0.0008957563542716016
1697725200000,2023-10-19T14:20:00Z,0.08923,0.08927,0.08919,0.08923,29029,2589.65624,0.08926,0.08932,0.0892,0.08924,0.08931,0.08938,0.08926,0.08931,-0.00038107,-0.00030414,-0.00075098,-0.00030414,-7.999999999999674e-05,-0.0008957563542716016
1697725500000,2023-10-19T14:25:00Z,0.08923,0.08924,0.08919,0.08919,22781,2032.68888,0.08924,0.08924,0.08923,0.08924,0.08931,0.08931,0.08926,0.08926,-0.00030414,-0.00054827,-0.00083098,-0.00083098,-7.000000000000062e-05,-0.0007842258570468363
1697725800000,2023-10-19T14:30:00Z,0.08919,0.08926,0.08909,0.08918,1376144,122704.81027,0.08924,0.08924,0.08915,0.08918,0.08926,0.08926,0.08921,0.08923,-0.00083098,-0.00022419,-0.00056028,-0.00022419,-5.000000000000837e-05,-0.0005603496581868023
1697726100000,2023-10-19T14:35:00Z,0.08918,0.08928,0.08918,0.08926,27319,2438.69344,0.08918,0.0893,0.08918,0.08928,0.08923,0.08936,0.08923,0.08935,-0.00022419,-0.0004654,-0.0005665,-0.0004654,-8.999999999999286e-05,-0.0010072747621711568
1697726400000,2023-10-19T14:40:00Z,0.08926,0.08932,0.08926,0.08928,43023,3842.05275,0.08928,0.08931,0.08928,0.08929,0.08935,0.08938,0.08934,0.08936,-0.0004654,-0.00054844,-0.00070188,-0.00070188,-7.999999999999674e-05,-0.0008952551477170629
1697726700000,2023-10-19T14:45:00Z,0.08928,0.08931,0.08925,0.08929,3858,344.49602,0.08929,0.08931,0.08927,0.08929,0.08936,0.08936,0.08931,0.08935,-0.00070188,-0.0004222,-0.00064089,-0.00064089,-6.0000000000004494e-05,-0.0006715165081142081
1697727000000,2023-10-19T14:50:00Z,0.08929,0.08936,0.08924,0.08929,443509,39616.10108,0.08929,0.08937,0.08924,0.0893,0.08935,0.08944,0.0893,0.08936,-0.00064089,-0.00054524,-0.00074885,-0.00054524,-7.000000000000062e-05,-0.0007833482542524689
1697727300000,2023-10-19T14:55:00Z,0.08929,0.08953,0.08928,0.08946,954869,85426.74521,0.0893,0.08949,0.08929,0.08946,0.08936,0.0895,0.08934,0.08949,-0.00054524,-0.00025033,-0.00038334,-0.00038334,-3.0000000000002247e-05,-0.00033523298692593863
1697727600000,2023-10-19T15:00:00Z,0.08946,0.0896,0.08946,0.08953,850242,76132.73995,0.08946,0.08958,0.08946,0.08953,0.08949,0.0896,0.08949,0.08958,-0.00038334,-0.00030311,-0.00044667,-0.00030311,-5.000000000000837e-05,-0.0005581603036392986
1697727900000,2023-10-19T15:05:00Z,0.08953,0.08954,0.08943,0.08943,38984,3488.39607,0.08953,0.08954,0.08944,0.08944,0.08958,0.08959,0.08948,0.08949,-0.00030311,-0.00020337,-0.00058134,-0.00058134,-6.0000000000004494e-05,-0.0006704659738518773
1697728200000,2023-10-19T15:10:00Z,0.08943,0.08951,0.08941,0.08948,31426,2810.94934,0.08944,0.08952,0.08942,0.08948,0.08949,0.08958,0.08948,0.08953,-0.00058134,-0.00006458,-0.00059508,-0.00006458,-4.999999999999449e-05,-0.0005584720205517088
1697728500000,2023-10-19T15:15:00Z,0.08948,0.08948,0.08935,0.08937,159972,14304.43089,0.08948,0.08948,0.08935,0.08937,0.08953,0.08953,0.0894,0.08942,-0.00006458,-0.00012021,-0.00054971,-0.00012021,-4.999999999999449e-05,-0.0005591590248265992
1697728800000,2023-10-19T15:20:00Z,0.08937,0.08939,0.08932,0.08934,147141,13147.8115,0.08937,0.08939,0.08933,0.08934,0.08942,0.08945,0.08937,0.08938,-0.00012021,-0.00051532,-0.00051727,-0.00051727,-3.999999999999837e-05,-0.0004475274110539088
1697729100000,2023-10-19T15:25:00Z,0.08934,0.08935,0.08931,0.08931,21221,1895.47204,0.08934,0.08935,0.08931,0.08931,0.08938,0.08941,0.08937,0.08938,-0.00051727,-0.00055947,-0.00067129,-0.00055947,-7.000000000000062e-05,-0.0007831729693443792
1697729400000,2023-10-19T15:30:00Z,0.08931,0.08942,0.08931,0.08942,15522,1386.91219,0.08931,0.08942,0.08931,0.08941,0.08938,0.08947,0.08937,0.08947,-0.00055947,-0.00032513,-0.00044747,-0.00032513,-4.999999999999449e-05,-0.0005588465407398513
1697729700000,2023-10-19T15:35:00Z,0.08942,0.08942,0.08931,0.08934,20421,1824.89875,0.08941,0.08942,0.08931,0.08934,0.08947,0.08947,0.08936,0.08936,-0.00032513,-0.00022378,-0.0005368,-0.00022378,-1.9999999999992246e-05,-0.00022381378692918808
1697730000000,2023-10-19T15:40:00Z,0.08934,0.08934,0.0893,0.08934,159299,14226.01836,0.08934,0.08935,0.0893,0.08934,0.08936,0.08938,0.08932,0.08937,-0.00022378,-0.00026024,-0.0005594,-0.0005594,-3.0000000000002247e-05,-0.0003356831151393336
1697730300000,2023-10-19T15:45:00Z,0.08934,0.08938,0.08931,0.08931,233930,20903.4899,0.08934,0.08938,0.08932,0.08932,0.08937,0.0894,0.08935,0.08936,-0.0005594,-0.00027741,-0.0003302,-0.00027741,-4.999999999999449e-05,-0.0005595344673231255
1697730600000,2023-10-19T15:50:00Z,0.08931,0.08932,0.0893,0.08931,47706,4260.42723,0.08932,0.08933,0.0893,0.08932,0.08936,0.08937,0.08933,0.08936,-0.00027741,-0.00026625,-0.0004427,-0.0004427,-4.999999999999449e-05,-0.0005595344673231255
1697730900000,2023-10-19T15:55:00Z,0.08931,0.08934,0.08931,0.08933,41319,3691.34919,0.08932,0.08936,0.08931,0.08935,0.08936,0.08941,0.08935,0.0894,-0.0004427,-0.00034549,-0.00048859,-0.00048859,-6.999999999998674e-05,-0.0007829977628633864
1697731200000,2023-10-19T16:00:00Z,0.08933,0.08951,0.08931,0.08951,120480,10776.95975,0.08935,0.08952,0.08931,0.08952,0.0894,0.08957,0.08936,0.08957,-0.00048859,-0.00018208,-0.00024977,-0.00018208,-5.9999999999990616e-05,-0.0006698671430165302
1697731500000,2023-10-19T16:05:00Z,0.08951,0.08954,0.08946,0.08947,115342,10323.52879,0.08952,0.08955,0.08946,0.08949,0.08957,0.0896,0.08949,0.08953,-0.00018208,-0.00023638,-0.00042895,-0.00042895,-6.0000000000004494e-05,-0.0006701664246621746
1697731800000,2023-10-19T16:10:00Z,0.08947,0.0895,0.08945,0.08947,17407,1557.21359,0.08949,0.08951,0.08945,0.08949,0.08953,0.08956,0.08949,0.08954,-0.00042895,-0.00043281,-0.00047514,-0.00043281,-7.000000000000062e-05,-0.0007817735090462432
1697732100000,2023-10-19T16:15:00Z,0.08947,0.0897,0.08947,0.08959,899903,80691.05168,0.08949,0.0897,0.08947,0.0896,0.08954,0.0897,0.08951,0.08964,-0.00043281,-0.00009173,-0.00015963,-0.00015963,-4.999999999999449e-05,-0.0005577867023649542
1697732400000,2023-10-19T16:20:00Z,0.08959,0.0896,0.08948,0.08957,286765,25671.04107,0.0896,0.0896,0.0895,0.08958,0.08964,0.08965,0.08955,0.08964,-0.00015963,-0.00043329,-0.00069943,-0.00069943,-7.000000000000062e-05,-0.0007809013833110287
1697732700000,2023-10-19T16:25:00Z,0.08957,0.08963,0.0894,0.08944,48195,4314.1766,0.08958,0.08963,0.08941,0.08944,0.08964,0.08968,0.08946,0.08951,-0.00069943,-0.00041526,-0.00084449,-0.00041526,-7.000000000000062e-05,-0.0007820355267567938
1697733000000,2023-10-19T16:30:00Z,0.08944,0.08951,0.08938,0.08938,52045,4654.52912,0.08944,0.08951,0.08938,0.08938,0.08951,0.08957,0.08943,0.08943,-0.00041526,-0.00013042,-0.00037055,-0.00013042,-4.999999999999449e-05,-0.0005590965000558481
1697733300000,2023-10-19T16:35:00Z,0.08938,0.0894,0.08933,0.0894,131945,11789.54252,0.08938,0.08942,0.08935,0.08942,0.08943,0.08949,0.0894,0.08949,-0.00013042,-0.00044782,-0.00045901,-0.00045901,-9.000000000000674e-05,-0.0010056989607778158
1697733600000,2023-10-19T16:40:00Z,0.0894,0.08942,0.08937,0.08941,11664,1042.78787,0.08942,0.08945,0.08938,0.08941,0.08949,0.08952,0.08946,0.08947,-0.00045901,-0.00047708,-0.00092019,-0.00047708,-5.9999999999990616e-05,-0.0006706158488877905
1697733900000,2023-10-19T16:45:00Z,0.08941,0.08958,0.0894,0.08953,938825,84050.01488,0.08941,0.08958,0.0894,0.08953,0.08947,0.08961,0.08947,0.08958,-0.00047708,-0.00025245,-0.00053007,-0.00053007,-5.000000000000837e-05,-0.0005581603036392986
1697734200000,2023-10-19T16:50:00Z,0.08953,0.08953,0.08944,0.08944,65079,5824.20001,0.08953,0.08954,0.08944,0.08944,0.08958,0.0896,0.08949,0.0895,-0.00053007,-0.00041393,-0.00052167,-0.00041393,-5.9999999999990616e-05,-0.0006703910614524091
1697734500000,2023-10-19T16:55:00Z,0.08944,0.08944,0.08935,0.0894,149957,13401.55887,0.08944,0.08945,0.08937,0.0894,0.0895,0.08951,0.08943,0.08945,-0.00041393,-0.00050508,-0.00055259,-0.00050508,-5.000000000000837e-05,-0.0005589714924539784
1697734800000,2023-10-19T17:00:00Z,0.0894,0.0894,0.08934,0.08936,203052,18145.25189,0.0894,0.08943,0.08934,0.08936,0.08945,0.0895,0.08941,0.08941,-0.00050508,-0.00064293,-0.00065105,-0.00065105,-5.000000000000837e-05,-0.0005592215635835853
1697735100000,2023-10-19T17:05:00Z,0.08936,0.08945,0.08934,0.08945,91777,8202.78463,0.08936,0.08946,0.08934,0.08946,0.08941,0.08954,0.08941,0.08954,-0.00065105,-0.00075768,-0.00080775,-0.00075768,-8.999999999999286e-05,-0.0010051373687736528
1697735400000,2023-10-19T17:10:00Z,0.08945,0.0895,0.08943,0.08949,127983,11449.8503,0.08946,0.0895,0.08943,0.08949,0.08954,0.08958,0.08952,0.08958,-0.00075768,-0.0005983,-0.00075516,-0.0005983,-9.000000000000674e-05,-0.0010046885465506445
1697735700000,2023-10-19T17:15:00Z,0.08949,0.08949,0.08944,0.08948,5747,514.23408,0.08949,0.0895,0.08945,0.08948,0.08958,0.08958,0.08952,0.08955,-0.0005983,-0.00073897,-0.00085454,-0.00085454,-7.000000000000062e-05,-0.0007816862088218941
1697736000000,2023-10-19T17:20:00Z,0.08948,0.08953,0.08948,0.0895,54596,4886.89865,0.08948,0.08953,0.08948,0.08951,0.08955,0.08961,0.08955,0.08959,-0.00085454,-0.00069065,-0.00079417,-0.00069065,-9.000000000000674e-05,-0.0010045764036165502
1697736300000,2023-10-19T17:25:00Z,0.0895,0.0895,0.08943,0.08944,59261,5301.76171,0.08951,0.08951,0.08943,0.08945,0.08959,0.08959,0.0895,0.08954,-0.00069065,-0.0004986,-0.00075111,-0.0004986,-9.999999999998899e-05,-0.0011168192986373575
1697736600000,2023-10-19T17:30:00Z,0.08944,0.08951,0.08944,0.08946,45635,4084.3811,0.08945,0.08952,0.08944,0.08948,0.08954,0.0896,0.08952,0.08956,-0.0004986,-0.0006104,-0.00095098,-0.0006104,-0.00010000000000000286,-0.0011165698972756015
1697736900000,2023-10-19T17:35:00Z,0.08946,0.08951,0.08938,0.08938,132780,11878.11003,0.08948,0.08953,0.08939,0.0894,0.08956,0.08961,0.08948,0.08949,-0.0006104,-0.00087326,-0.00089335,-0.00089335,-0.00010999999999999899,-0.0012291876187283382
1697737200000,2023-10-19T17:40:00Z,0.08938,0.08945,0.08938,0.08944,47743,4268.85083,0.0894,0.08946,0.0894,0.08946,0.08949,0.08955,0.08948,0.08955,-0.00089335,-0.00091119,-0.00094348,-0.00094348,-0.00010999999999999899,-0.0012283640424343828
1697737500000,2023-10-19T17:45:00Z,0.08944,0.08951,0.08944,0.08945,66213,5923.91091,0.08946,0.08952,0.08946,0.08947,0.08955,0.08961,0.08955,0.08956,-0.00094348,-0.00076557,-0.00088196,-0.00088196,-0.00010999999999999899,-0.001228226887003115
1697737800000,2023-10-19T17:50:00Z,0.08945,0.08954,0.08945,0.08953,16698,1494.57465,0.08947,0.08955,0.08946,0.08953,0.08956,0.08965,0.08956,0.08962,-0.00088196,-0.00072145,-0.00089693,-0.00089693,-9.000000000000674e-05,-0.0010042401249721795
1697738100000,2023-10-19T17:55:00Z,0.08953,0.08954,0.08951,0.08954,92388,8271.51961,0.08953,0.08955,0.08952,0.08954,0.08962,0.08964,0.08961,0.08962,-0.00089693,-0.00087301,-0.00088373,-0.00087301,-8.000000000001062e-05,-0.0008926578888642112
1697738400000,2023-10-19T18:00:00Z,0.08954,0.08954,0.0895,0.08954,139949,12528.98271,0.08954,0.08957,0.08951,0.08956,0.08962,0.08965,0.08956,0.08965,-0.00087301,-0.00076294,-0.00089295,-0.00076294,-0.00010999999999999899,-0.0012269938650306636
1697738700000,2023-10-19T18:05:00Z,0.08954,0.08957,0.08953,0.08957,80499,7208.24776,0.08956,0.08958,0.08953,0.08957,0.08965,0.08967,0.08961,0.08966,-0.00076294,-0.00074629,-0.00080667,-0.00080667,-9.000000000000674e-05,-0.0010037921035021943
1697739000000,2023-10-19T18:10:00Z,0.08957,0.08959,0.08957,0.08959,18963,1698.70407,0.08957,0.08959,0.08957,0.08959,0.08966,0.08967,0.08966,0.08966,-0.00080667,-0.00095739,-0.0009884,-0.0009884,-7.000000000000062e-05,-0.0007807271916127662
1697739300000,2023-10-19T18:15:00Z,0.08959,0.08963,0.08958,0.08963,59546,5335.1292,0.08959,0.08964,0.08958,0.08963,0.08966,0.08972,0.08965,0.0897,-0.0009884,-0.00065845,-0.00092521,-0.00092521,-7.000000000000062e-05,-0.0007803790412486133
1697739600000,2023-10-19T18:20:00Z,0.08963,0.08963,0.08959,0.08959,28948,2594.22944,0.08963,0.08963,0.08959,0.08961,0.0897,0.0897,0.08966,0.08969,-0.00092521,-0.00066072,-0.00078064,-0.00066072,-0.00010000000000000286,-0.001114951499609799
1697739900000,2023-10-19T18:25:00Z,0.08959,0.0896,0.08959,0.08959,78892,7068.72319,0.08961,0.08961,0.08959,0.08959,0.08969,0.08969,0.08965,0.08967,-0.00066072,-0.00071599,-0.00072186,-0.00072186,-7.999999999999674e-05,-0.0008921601427455865
1697740200000,2023-10-19T18:30:00Z,0.08959,0.08959,0.08953,0.08953,31053,2781.04246,0.08959,0.08959,0.08953,0.08953,0.08967,0.08967,0.08959,0.08959,-0.00072186,-0.00033921,-0.00054693,-0.00054693,-6.0000000000004494e-05,-0.0006697176024110335
1697740500000,2023-10-19T18:35:00Z,0.08953,0.08953,0.08947,0.08951,17289,1547.48196,0.08953,0.08959,0.08948,0.08958,0.08959,0.08966,0.08955,0.08965,-0.00054693,-0.00058847,-0.00074709,-0.00074709,-0.00013999999999998736,-0.0015616285554934453
1697740800000,2023-10-19T18:40:00Z,0.08951,0.08959,0.08951,0.08958,20291,1817.43011,0.08958,0.08959,0.08956,0.08958,0.08965,0.08966,0.08962,0.08962,-0.00074709,-0.00041173,-0.00041782,-0.00041173,-3.999999999999837e-05,-0.0004463289444320282
1697741100000,2023-10-19T18:45:00Z,0.08958,0.0896,0.08957,0.08957,6473,579.86181,0.08958,0.0896,0.08957,0.08957,0.08962,0.08966,0.08962,0.08962,-0.00041173,-0.00038792,-0.00050329,-0.00050329,-5.000000000000837e-05,-0.0005579111805401514
1697741400000,2023-10-19T18:50:00Z,0.08957,0.08959,0.08957,0.08959,2842,254.61374,0.08957,0.08961,0.08957,0.0896,0.08962,0.08966,0.0896,0.08965,-0.00050329,-0.00054478,-0.00055772,-0.00055772,-5.9999999999990616e-05,-0.0006692693809257181
1697741700000,2023-10-19T18:55:00Z,0.08959,0.08959,0.08947,0.08955,128431,11501.91727,0.0896,0.0896,0.0895,0.08957,0.08965,0.08966,0.08955,0.08963,-0.00055772,-0.00048075,-0.00053303,-0.00048075,-7.999999999999674e-05,-0.0008925582952136197
1697742000000,2023-10-19T19:00:00Z,0.08955,0.08955,0.08951,0.08951,10395,930.76284,0.08957,0.08957,0.08951,0.08951,0.08963,0.08963,0.08957,0.08957,-0.00048075,-0.00066536,-0.00073145,-0.00073145,-5.9999999999990616e-05,-0.0006698671430165302
1697742300000,2023-10-19T19:05:00Z,0.08951,0.08951,0.08946,0.08949,15834,1416.86565,0.08951,0.08951,0.08947,0.08949,0.08957,0.08958,0.08953,0.08957,-0.00073145,-0.00056007,-0.00069189,-0.00056007,-7.999999999999674e-05,-0.0008931561906888103
1697742600000,2023-10-19T19:10:00Z,0.08949,0.08949,0.08946,0.08947,61356,5489.59939,0.08949,0.08949,0.08946,0.08948,0.08957,0.08957,0.08951,0.08955,-0.00056007,-0.00054109,-0.00084678,-0.00084678,-8.000000000001062e-05,-0.0008933556672251324
1697742900000,2023-10-19T19:15:00Z,0.08947,0.08947,0.08944,0.08945,52776,4720.85375,0.08948,0.08948,0.08944,0.08945,0.08955,0.08955,0.0895,0.08951,-0.00084678,-0.00047273,-0.00049083,-0.00049083,-6.0000000000004494e-05,-0.0006703161657915819
1697743200000,2023-10-19T19:20:00Z,0.08945,0.08945,0.08944,0.08944,5414,484.23748,0.08945,0.08945,0.08944,0.08945,0.08951,0.08952,0.0895,0.08952,-0.00049083,-0.00066119,-0.00066264,-0.00066119,-7.999999999999674e-05,-0.0008936550491509913
1697743500000,2023-10-19T19:25:00Z,0.08944,0.08949,0.08944,0.08949,67255,6015.83753,0.08945,0.08949,0.08944,0.08949,0.08952,0.08954,0.0895,0.08954,-0.00066119,-0.00039774,-0.00052367,-0.00052367,-4.999999999999449e-05,-0.0005584096493186787
1697743800000,2023-10-19T19:30:00Z,0.08949,0.0895,0.08945,0.08948,76214,6820.24489,0.08949,0.0895,0.08947,0.08949,0.08954,0.08956,0.08953,0.08955,-0.00052367,-0.00044672,-0.00064209,-0.00064209,-7.000000000000062e-05,-0.0007816862088218941
1697744100000,2023-10-19T19:35:00Z,0.08948,0.08955,0.08948,0.08948,169832,15197.50041,0.08949,0.08956,0.08948,0.08949,0.08955,0.08962,0.08955,0.08956,-0.00064209,-0.00032708,-0.00078168,-0.00078168,-7.999999999999674e-05,-0.0008932559178204192
1697744400000,2023-10-19T19:40:00Z,0.08948,0.08948,0.08944,0.08946,11772,1053.10729,0.08949,0.08949,0.08944,0.08948,0.08956,0.08957,0.08951,0.08956,-0.00078168,-0.00061941,-0.00078894,-0.00078894,-0.00010000000000000286,-0.0011165698972756015
1697744700000,2023-10-19T19:45:00Z,0.08946,0.08948,0.08946,0.08948,2571,230.02731,0.08948,0.08949,0.08947,0.08948,0.08956,0.08957,0.08954,0.08957,-0.00078894,-0.00067009,-0.00078168,-0.00067009,-8.999999999999286e-05,-0.001004800714524873
1697745000000,2023-10-19T19:50:00Z,0.08948,0.08956,0.08948,0.08954,75351,6742.5912,0.08948,0.08957,0.08948,0.08954,0.08957,0.08965,0.08956,0.08961,-0.00067009,-0.00077,-0.00077,-0.00077,-7.000000000000062e-05,-0.0007811628166499344
1697745300000,2023-10-19T19:55:00Z,0.08954,0.08954,0.08949,0.0895,32717,2928.67549,0.08954,0.08954,0.0895,0.08952,0.08961,0.08961,0.08957,0.08961,-0.00077,-0.00087587,-0.00094028,-0.00094028,-0.00010999999999999899,-0.0012275415690213033
1697745600000,2023-10-19T20:00:00Z,0.0895,0.08953,0.0895,0.08953,56798,5084.56081,0.08952,0.08954,0.08951,0.08953,0.08961,0.08962,0.08959,0.08961,-0.00094028,-0.00077053,-0.00086854,-0.00086854,-7.999999999999674e-05,-0.0008927575047427379
1697745900000,2023-10-19T20:05:00Z,0.08953,0.08958,0.08952,0.08958,24048,2153.26769,0.08953,0.0896,0.08952,0.08958,0.08961,0.08967,0.08958,0.08964,-0.00086854,-0.00050747,-0.00066971,-0.00050747,-5.9999999999990616e-05,-0.0006693440428379141
1697746200000,2023-10-19T20:10:00Z,0.08958,0.08958,0.08953,0.08953,117312,10505.28328,0.08958,0.08958,0.08953,0.08953,0.08964,0.08964,0.08959,0.08959,-0.00050747,-0.00055809,-0.00066964,-0.00055809,-6.0000000000004494e-05,-0.0006697176024110335
1697746500000,2023-10-19T20:15:00Z,0.08953,0.08953,0.08952,0.08953,9930,888.98377,0.08953,0.08955,0.08953,0.08953,0.08959,0.08961,0.08959,0.08961,-0.00055809,-0.000727,-0.00086619,-0.000727,-7.999999999999674e-05,-0.0008927575047427379
1697746800000,2023-10-19T20:20:00Z,0.08953,0.08953,0.08949,0.0895,78441,7020.06688,0.08953,0.08953,0.08949,0.0895,0.08961,0.08961,0.08955,0.08957,-0.000727,-0.00066033,-0.00072669,-0.00072669,-7.000000000000062e-05,-0.0007815116668527478
1697747100000,2023-10-19T20:25:00Z,0.0895,0.0895,0.08947,0.0895,38635,3456.80881,0.0895,0.08952,0.08948,0.08951,0.08957,0.08959,0.08954,0.08958,-0.00072669,-0.00066008,-0.00066979,-0.00066979,-8.000000000001062e-05,-0.0008930564858228467
1697747400000,2023-10-19T20:30:00Z,0.0895,0.08952,0.08946,0.08947,97544,8730.60102,0.08951,0.08951,0.08946,0.08948,0.08958,0.08958,0.08951,0.08953,-0.00066979,-0.00044687,-0.00044687,-0.00044687,-6.0000000000004494e-05,-0.0006701664246621746
1697747700000,2023-10-19T20:35:00Z,0.08947,0.08949,0.08944,0.08949,52983,4739.66435,0.08948,0.0895,0.08945,0.0895,0.08953,0.08957,0.0895,0.08957,-0.00044687,-0.00053774,-0.00078159,-0.00078159,-7.999999999999674e-05,-0.0008931561906888103
1697748000000,2023-10-19T20:40:00Z,0.08949,0.08976,0.08949,0.08957,400429,35908.67929,0.0895,0.08972,0.08949,0.08959,0.08957,0.08974,0.08955,0.08966,-0.00078159,-0.00065081,-0.00071548,-0.00071548,-9.000000000000674e-05,-0.0010037921035021943
1697748300000,2023-10-19T20:45:00Z,0.08957,0.08965,0.08955,0.08963,79005,7079.61573,0.08959,0.08965,0.08957,0.08963,0.08966,0.08972,0.08963,0.08968,-0.00071548,-0.00064305,-0.00066302,-0.00066302,-4.999999999999449e-05,-0.000557537912577994
1697748600000,2023-10-19T20:50:00Z,0.08963,0.08964,0.08958,0.08961,108773,9749.14929,0.08963,0.08966,0.08958,0.08961,0.08968,0.08973,0.08965,0.08967,-0.00066302,-0.00077839,-0.00078046,-0.00078046,-6.0000000000004494e-05,-0.0006691201070592672
1697748900000,2023-10-19T20:55:00Z,0.08961,0.08961,0.0895,0.08952,46206,4136.26425,0.08961,0.08961,0.0895,0.08955,0.08967,0.08967,0.08955,0.08962,-0.00078046,-0.00066674,-0.0007755,-0.00066674,-0.00010000000000000286,-0.001115822361080148
1697749200000,2023-10-19T21:00:00Z,0.08952,0.0896,0.08952,0.08959,11097,993.59526,0.08955,0.0896,0.08952,0.08959,0.08962,0.08968,0.08959,0.08967,-0.00066674,-0.00052671,-0.00068299,-0.00052671,-7.999999999999674e-05,-0.0008921601427455865
1697749500000,2023-10-19T21:05:00Z,0.08959,0.08963,0.08958,0.08958,20494,1836.42335,0.08959,0.08964,0.08958,0.08958,0.08967,0.08972,0.08961,0.08962,-0.00052671,-0.00078037,-0.0009419,-0.00078037,-3.999999999999837e-05,-0.0004463289444320282
1697749800000,2023-10-19T21:10:00Z,0.08958,0.08958,0.08943,0.08946,48751,4361.86374,0.08958,0.08958,0.08943,0.08946,0.08962,0.08962,0.08951,0.08954,-0.00078037,-0.00075574,-0.00078151,-0.00078151,-7.999999999999674e-05,-0.000893455438909948
1697750100000,2023-10-19T21:15:00Z,0.08946,0.08946,0.08943,0.08944,30900,2763.9723,0.08946,0.08948,0.08944,0.08944,0.08954,0.08956,0.08951,0.08951,-0.00078151,-0.00077292,-0.00089155,-0.00089155,-7.000000000000062e-05,-0.0007820355267567938
1697750400000,2023-10-19T21:20:00Z,0.08944,0.08947,0.08942,0.08946,11542,1032.5083,0.08944,0.08947,0.08942,0.08947,0.08951,0.08955,0.0895,0.08955,-0.00089155,-0.00068588,-0.00087777,-0.00068588,-9.000000000000674e-05,-0.0010050251256282158
1697750700000,2023-10-19T21:25:00Z,0.08946,0.08957,0.08941,0.08953,440571,39442.92961,0.08947,0.08957,0.08942,0.08953,0.08955,0.08961,0.08951,0.08961,-0.00068588,-0.00058679,-0.00085056,-0.00085056,-7.999999999999674e-05,-0.0008927575047427379
1697751000000,2023-10-19T21:30:00Z,0.08953,0.08957,0.08952,0.08953,75624,6770.70648,0.08953,0.08957,0.08953,0.08953,0.08961,0.08966,0.08959,0.0896,-0.00085056,-0.00054284,-0.00073981,-0.00073981,-7.000000000000062e-05,-0.0007812500000000069
1697751300000,2023-10-19T21:35:00Z,0.08953,0.08953,0.0894,0.08941,48062,4299.10249,0.08953,0.08953,0.0894,0.08941,0.0896,0.08961,0.08948,0.0895,-0.00073981,-0.00062523,-0.00070366,-0.00062523,-8.999999999999286e-05,-0.0010055865921786912
1697751600000,2023-10-19T21:40:00Z,0.08941,0.08945,0.08939,0.08941,77592,6937.56815,0.08941,0.08945,0.08941,0.08942,0.0895,0.08952,0.08949,0.08951,-0.00062523,-0.00060082,-0.00065791,-0.00060082,-0.00010000000000000286,-0.0011171936096525848
1697751900000,2023-10-19T21:45:00Z,0.08941,0.08944,0.08941,0.08944,15174,1357.0328,0.08942,0.08944,0.08941,0.08944,0.08951,0.08952,0.0895,0.08952,-0.00060082,-0.0005711,-0.00067135,-0.0005711,-7.999999999999674e-05,-0.0008936550491509913
1697752200000,2023-10-19T21:50:00Z,0.08944,0.08944,0.08943,0.08944,1369,122.44268,0.08944,0.08945,0.08943,0.08944,0.08952,0.08953,0.08951,0.08952,-0.0005711,-0.0007825,-0.00082732,-0.0007825,-7.999999999999674e-05,-0.0008936550491509913
1697752500000,2023-10-19T21:55:00Z,0.08944,0.08948,0.08943,0.08943,31942,2856.91813,0.08944,0.08948,0.08943,0.08943,0.08952,0.08957,0.08951,0.08951,-0.0007825,-0.00047324,-0.00064139,-0.00047324,-8.000000000001062e-05,-0.0008937548877221608
1697752800000,2023-10-19T22:00:00Z,0.08943,0.08944,0.08941,0.08944,16529,1478.11761,0.08943,0.08946,0.08942,0.08944,0.08951,0.08955,0.08949,0.08953,-0.00047324,-0.00037536,-0.000639,-0.00037536,-8.999999999999286e-05,-0.0010052496369931069
1697753100000,2023-10-19T22:05:00Z,0.08944,0.08958,0.08944,0.08954,25042,2242.3642,0.08944,0.08959,0.08944,0.08955,0.08953,0.08968,0.08953,0.08964,-0.00037536,-0.00047238,-0.00065078,-0.00047238,-0.00010000000000000286,-0.0011155734047300632
1697753400000,2023-10-19T22:10:00Z,0.08954,0.08961,0.08954,0.08961,6475,580.1408,0.08955,0.08963,0.08955,0.08963,0.08964,0.08972,0.08964,0.08972,-0.00047238,-0.00040903,-0.00041973,-0.00040903,-0.00010999999999999899,-0.0012260365581809964
1697753700000,2023-10-19T22:15:00Z,0.08961,0.08967,0.08961,0.08964,91846,8232.98871,0.08963,0.08967,0.08962,0.08965,0.08972,0.08975,0.08971,0.08974,-0.00040903,-0.00067242,-0.00080608,-0.00080608,-0.00010000000000000286,-0.001114330287497246
1697754000000,2023-10-19T22:20:00Z,0.08964,0.08964,0.08963,0.08964,6917,619.9774,0.08965,0.08967,0.08963,0.08965,0.08974,0.08976,0.0897,0.08975,-0.00080608,-0.00051109,-0.00058142,-0.00051109,-0.00010999999999999899,-0.001225626740947064
1697754300000,2023-10-19T22:25:00Z,0.08964,0.08973,0.08964,0.08969,242740,21772.16733,0.08965,0.08973,0.08965,0.08969,0.08975,0.0898,0.08974,0.08976,-0.00051109,-0.00061078,-0.00072061,-0.00061078,-7.000000000000062e-05,-0.0007798573975044632
1697754600000,2023-10-19T22:30:00Z,0.08969,0.08974,0.08967,0.08974,141959,12734.78168,0.08969,0.08975,0.08969,0.08975,0.08976,0.08983,0.08976,0.08983,-0.00061078,-0.00061695,-0.00077491,-0.00077491,-8.999999999999286e-05,-0.001001892463542167
1697754900000,2023-10-19T22:35:00Z,0.08974,0.08974,0.08966,0.0897,97000,8702.01327,0.08975,0.08975,0.08966,0.0897,0.08983,0.08983,0.08974,0.08978,-0.00077491,-0.00043544,-0.00101871,-0.00043544,-7.999999999999674e-05,-0.0008910670527956866
1697755200000,2023-10-19T22:40:00Z,0.0897,0.08975,0.08968,0.08974,54501,4890.41055,0.0897,0.08976,0.08968,0.08974,0.08978,0.08984,0.08976,0.0898,-0.00043544,-0.00070057,-0.00072297,-0.00070057,-6.0000000000004494e-05,-0.0006681514476615199
1697755500000,2023-10-19T22:45:00Z,0.08974,0.08974,0.0897,0.08971,11972,1073.9373,0.08974,0.08974,0.0897,0.08972,0.0898,0.08981,0.08979,0.08981,-0.00070057,-0.00057371,-0.00057483,-0.00057371,-0.00010000000000000286,-0.0011134617525888305
1697755800000,2023-10-19T22:50:00Z,0.08971,0.08973,0.08969,0.08969,5448,488.69517,0.08972,0.08973,0.08969,0.08969,0.08981,0.08982,0.08977,0.08977,-0.00057371,-0.00089116,-0.00099922,-0.00089116,-7.999999999999674e-05,-0.0008911663139132978
1697756100000,2023-10-19T22:55:00Z,0.08969,0.0897,0.08967,0.08967,12487,1119.77838,0.08969,0.08971,0.08967,0.08967,0.08977,0.0898,0.08974,0.08974,-0.00089116,-0.00066837,-0.00077968,-0.00077968,-7.000000000000062e-05,-0.0007800312012480568
1697756400000,2023-10-19T23:00:00Z,0.08967,0.08971,0.08965,0.08971,25064,2247.75473,0.08967,0.08972,0.08967,0.08971,0.08974,0.08981,0.08973,0.0898,-0.00077968,-0.00059249,-0.00080957,-0.00059249,-9.000000000000674e-05,-0.0010022271714922799
1697756700000,2023-10-19T23:05:00Z,0.08971,0.08975,0.08971,0.08974,12450,1117.08487,0.08971,0.08976,0.08971,0.08976,0.0898,0.08984,0.0898,0.08984,-0.00059249,-0.00064254,-0.00065995,-0.00065995,-0.00010000000000000286,-0.0011130899376669953
1697757000000,2023-10-19T23:10:00Z,0.08974,0.08986,0.08974,0.08981,374639,33648.38768,0.08976,0.08985,0.08976,0.08982,0.08984,0.08988,0.08984,0.08988,-0.00065995,-0.00033381,-0.00066555,-0.00066555,-7.000000000000062e-05,-0.0007788161993769538
1697757300000,2023-10-19T23:15:00Z,0.08981,0.08982,0.08981,0.08981,897,80.56706,0.08982,0.08983,0.08981,0.08981,0.08988,0.08989,0.08987,0.08987,-0.00066555,-0.00065787,-0.00065798,-0.00065787,-6.0000000000004494e-05,-0.000667631022588233
1697757600000,2023-10-19T23:20:00Z,0.08981,0.08982,0.08975,0.08975,48920,4393.06072,0.08981,0.08982,0.08976,0.08976,0.08987,0.08987,0.08982,0.08982,-0.00065787,-0.00043111,-0.00054556,-0.00054556,-7.000000000000062e-05,-0.0007793364506791429
1697757900000,2023-10-19T23:25:00Z,0.08975,0.08985,0.08975,0.08981,35546,3192.26423,0.08976,0.08985,0.08976,0.08981,0.08982,0.08991,0.08982,0.08985,-0.00054556,-0.00046906,-0.00055611,-0.00055611,-3.999999999999837e-05,-0.00044518642181411654
1697758200000,2023-10-19T23:30:00Z,0.08981,0.08988,0.08978,0.08986,100742,9051.30116,0.08981,0.08989,0.08978,0.08988,0.08985,0.08995,0.08984,0.08994,-0.00055611,-0.0004227,-0.00059201,-0.00059201,-8.000000000001062e-05,-0.0008894818768068781
1697758500000,2023-10-19T23:35:00Z,0.08986,0.08987,0.08984,0.08986,4272,383.89544,0.08988,0.08989,0.08985,0.08986,0.08994,0.08995,0.0899,0.08991,-0.00059201,-0.00063089,-0.00064316,-0.00063089,-5.000000000000837e-05,-0.0005561116672228714
1697758800000,2023-10-19T23:40:00Z,0.08986,0.08986,0.08979,0.08983,7170,643.96302,0.08986,0.08986,0.08979,0.08984,0.08991,0.08991,0.08984,0.08989,-0.00063089,-0.00054245,-0.00055447,-0.00054245,-6.0000000000004494e-05,-0.0006674824785849871
1697759100000,2023-10-19T23:45:00Z,0.08983,0.08992,0.08983,0.08983,116384,10461.87184,0.08984,0.08991,0.08984,0.08985,0.08989,0.08996,0.08989,0.08991,-0.00054245,-0.00074952,-0.00075319,-0.00074952,-8.000000000001062e-05,-0.0008897786675565634
1697759400000,2023-10-19T23:50:00Z,0.08983,0.08992,0.08983,0.08992,67440,6062.48023,0.08985,0.08992,0.08984,0.08992,0.08991,0.08999,0.08991,0.08998,-0.00074952,-0.00044019,-0.00061206,-0.00061206,-6.0000000000004494e-05,-0.000666814847743993
1697759700000,2023-10-19T23:55:00Z,0.08992,0.08992,0.08992,0.08992,11818,1062.67456,0.08992,0.08993,0.08992,0.08993,0.08998,0.08999,0.08996,0.08999,-0.00061206,-0.00046837,-0.00053017,-0.00046837,-7.000000000000062e-05,-0.0007778642071341328
1697760000000,2023-10-20T00:00:00Z,0.08992,0.09066,0.08992,0.0906,3280598,296363.81908,0.08993,0.09063,0.08993,0.09062,0.08999,0.09065,0.08999,0.09062,-0.00046837,0,0,0,-2.0000000000006124e-05,-0.0002207018318252717
1697760300000,2023-10-20T00:05:00Z,0.0906,0.0906,0.09033,0.09049,1421965,128596.21875,0.09062,0.09062,0.09038,0.09051,0.09062,0.09062,0.0904,0.09055,0,-0.00009813,-0.00018294,-0.00009813,-6.0000000000004494e-05,-0.0006626173384870733
1697760600000,2023-10-20T00:10:00Z,0.09049,0.09052,0.0904,0.09042,641975,58072.75169,0.09051,0.09052,0.09043,0.09044,0.09055,0.09055,0.09047,0.0905,-0.00009813,0,-0.00066291,0,-7.999999999999674e-05,-0.0008839779005524502
1697760900000,2023-10-20T00:15:00Z,0.09042,0.09043,0.09016,0.09018,512198,46213.85632,0.09044,0.09046,0.09016,0.09018,0.0905,0.09052,0.09023,0.09025,0,-0.00068443,-0.00076256,-0.00068443,-7.000000000000062e-05,-0.0007756232686980678
1697761200000,2023-10-20T00:20:00Z,0.09018,0.0902,0.09011,0.09011,117830,10621.80116,0.09018,0.09021,0.09011,0.09011,0.09025,0.09029,0.0902,0.0902,-0.00068443,-0.00072985,-0.0008875,-0.0008875,-9.000000000000674e-05,-0.000997782705099853
1697761500000,2023-10-20T00:25:00Z,0.09011,0.09012,0.09002,0.09002,101069,9105.77468,0.09011,0.09012,0.09003,0.09003,0.0902,0.09021,0.09011,0.09011,-0.0008875,-0.0006654,-0.00076611,-0.00076611,-8.999999999999286e-05,-0.000998779269781299
1697761800000,2023-10-20T00:30:00Z,0.09002,0.09014,0.09001,0.09014,662472,59650.62792,0.09003,0.09014,0.09003,0.09014,0.09011,0.09021,0.09011,0.09021,-0.00076611,-0.00076416,-0.00077605,-0.00076416,-7.000000000000062e-05,-0.0007759671876732138
1697762100000,2023-10-20T00:35:00Z,0.09014,0.09016,0.09005,0.09013,10752,968.95127,0.09014,0.09016,0.09005,0.09013,0.09021,0.09024,0.09013,0.09021,-0.00076416,-0.00065679,-0.00086887,-0.00086887,-7.999999999999674e-05,-0.0008868196430550575
1697762400000,2023-10-20T00:40:00Z,0.09013,0.09013,0.09004,0.09012,88654,7986.20463,0.09013,0.09014,0.09004,0.09013,0.09021,0.09022,0.09011,0.09021,-0.00086887,-0.00041928,-0.00075157,-0.00075157,-8.999999999999286e-05,-0.0009976720984369012
1697762700000,2023-10-20T00:45:00Z,0.09012,0.09012,0.08993,0.08993,153665,13828.54998,0.09013,0.09013,0.08993,0.08994,0.09021,0.09021,0.09001,0.09003,-0.00075157,-0.00064796,-0.00075513,-0.00064796,-0.00010000000000000286,-0.0011107408641564242
1697763000000,2023-10-20T00:50:00Z,0.08993,0.09007,0.08993,0.09002,44310,3990.27167,0.08994,0.09007,0.08994,0.09002,0.09003,0.09015,0.09003,0.0901,-0.00064796,-0.00083614,-0.00087053,-0.00083614,-7.999999999999674e-05,-0.000887902330743582
1697763300000,2023-10-20T00:55:00Z,0.09002,0.09002,0.08992,0.08995,53737,4834.65581,0.09002,0.09002,0.08992,0.08995,0.0901,0.0901,0.08999,0.09001,-0.00083614,-0.00052355,-0.00073872,-0.00073872,-6.0000000000004494e-05,-0.0006665926008221808
1697763600000,2023-10-20T01:00:00Z,0.08995,0.08996,0.0899,0.0899,461337,41474.61643,0.08995,0.08997,0.0899,0.0899,0.09001,0.09005,0.08996,0.08998,-0.00073872,-0.00025635,-0.00071022,-0.00071022,-8.000000000001062e-05,-0.0008890864636587087
1697763900000,2023-10-20T01:05:00Z,0.0899,0.0899,0.08984,0.08987,185552,16678.5251,0.0899,0.08991,0.08985,0.08987,0.08998,0.08999,0.08993,0.08995,-0.00071022,-0.00067078,-0.00072526,-0.00072526,-7.999999999999674e-05,-0.0008893829905502695
1697764200000,2023-10-20T01:10:00Z,0.08987,0.08992,0.0898,0.08983,123935,11136.85588,0.08987,0.08992,0.0898,0.08985,0.08995,0.09,0.08986,0.08993,-0.00072526,-0.00072597,-0.00075372,-0.00075372,-0.00010000000000000286,-0.0011119759813188355
1697764500000,2023-10-20T01:15:00Z,0.08983,0.08988,0.08982,0.08987,42754,3840.71625,0.08985,0.08989,0.08982,0.08987,0.08993,0.08997,0.08988,0.08994,-0.00075372,-0.00060969,-0.00071449,-0.00060969,-7.000000000000062e-05,-0.0007782966422059218
1697764800000,2023-10-20T01:20:00Z,0.08987,0.08992,0.08979,0.08991,476096,42779.88922,0.08987,0.08992,0.0898,0.08991,0.08994,0.08998,0.08988,0.08995,-0.00060969,-0.00031172,-0.00037434,-0.00037434,-3.999999999999837e-05,-0.00044469149527513475
1697765100000,2023-10-20T01:25:00Z,0.08991,0.08998,0.0899,0.08995,68460,6158.31915,0.08991,0.08999,0.0899,0.08997,0.08995,0.09005,0.08995,0.09004,-0.00037434,-0.00062894,-0.00072309,-0.00072309,-8.999999999999286e-05,-0.000999555752998588
1697765400000,2023-10-20T01:30:00Z,0.08995,0.08997,0.08987,0.0899,37631,3383.1626,0.08997,0.08997,0.08987,0.0899,0.09004,0.09004,0.08993,0.08996,-0.00072309,-0.00045479,-0.00056593,-0.00045479,-6.0000000000004494e-05,-0.0006669630947088094
1697765700000,2023-10-20T01:35:00Z,0.0899,0.08997,0.0899,0.08994,10674,959.77559,0.0899,0.08997,0.0899,0.08995,0.08996,0.09003,0.08995,0.09001,-0.00045479,-0.00063803,-0.00073417,-0.00063803,-7.000000000000062e-05,-0.0007776913676258261
1697766000000,2023-10-20T01:40:00Z,0.08994,0.08996,0.08985,0.08986,15073,1355.47629,0.08995,0.08996,0.08985,0.08986,0.09001,0.09002,0.08992,0.08992,-0.00063803,-0.00042768,-0.0005546,-0.0005546,-6.0000000000004494e-05,-0.0006672597864769183
1697766300000,2023-10-20T01:45:00Z,0.08986,0.08989,0.08986,0.08989,17403,1563.90405,0.08986,0.08989,0.08986,0.08989,0.08992,0.08994,0.08992,0.08992,-0.0005546,-0.00017635,-0.00038585,-0.00038585,-3.0000000000002247e-05,-0.00033362989323845916
1697766600000,2023-10-20T01:50:00Z,0.08989,0.08989,0.08986,0.08988,29537,2654.77523,0.08989,0.0899,0.08987,0.08988,0.08992,0.08994,0.0899,0.08992,-0.00038585,-0.00026401,-0.00049744,-0.00049744,-3.999999999999837e-05,-0.0004448398576512274
1697766900000,2023-10-20T01:55:00Z,0.08988,0.08994,0.08986,0.08994,5026,451.73134,0.08988,0.08994,0.08987,0.08994,0.08992,0.09,0.08992,0.09,-0.00049744,-0.00024546,-0.00042053,-0.00042053,-5.9999999999990616e-05,-0.0006666666666665625
1697767200000,2023-10-20T02:00:00Z,0.08994,0.08997,0.08989,0.08995,74442,6694.99828,0.08994,0.08997,0.0899,0.08997,0.09,0.09004,0.08995,0.09004,-0.00042053,-0.0003147,-0.00048427,-0.00048427,-8.999999999999286e-05,-0.000999555752998588
1697767500000,2023-10-20T02:05:00Z,0.08995,0.09005,0.08995,0.09004,95538,8597.77418,0.08997,0.09005,0.08996,0.09005,0.09004,0.09011,0.09002,0.0901,-0.00048427,-0.00019522,-0.0003139,-0.0003139,-6.0000000000004494e-05,-0.0006659267480577636
1697767800000,2023-10-20T02:10:00Z,0.09004,0.09009,0.09004,0.09009,113740,10245.81466,0.09005,0.09009,0.09005,0.09009,0.0901,0.09014,0.0901,0.09014,-0.0003139,-0.00046987,-0.00052501,-0.00046987,-4.999999999999449e-05,-0.0005546927002440037
1697768100000,2023-10-20T02:15:00Z,0.09009,0.09014,0.09007,0.0901,197026,17755.26683,0.09009,0.09014,0.09007,0.09011,0.09014,0.09019,0.09011,0.09015,-0.00046987,-0.00006102,-0.00009288,-0.00006102,-4.999999999999449e-05,-0.0005546311702717082
1697768400000,2023-10-20T02:20:00Z,0.0901,0.09021,0.0901,0.09019,577656,52085.32634,0.09011,0.0902,0.09011,0.09019,0.09015,0.09022,0.09015,0.09021,-0.00006102,-0.00004899,-0.00019325,-0.00004899,-1.9999999999992246e-05,-0.00022170491076368748
1697768700000,2023-10-20T02:25:00Z,0.09019,0.09019,0.08999,0.09003,260471,23456.58308,0.09019,0.0902,0.09002,0.09003,0.09021,0.09023,0.09005,0.09006,-0.00004899,-0.00024536,-0.000332,-0.00024536,-3.0000000000002247e-05,-0.00033311125916058457
1697769000000,2023-10-20T02:30:00Z,0.09003,0.0902,0.09,0.09014,138178,12455.65305,0.09003,0.09019,0.09001,0.09014,0.09006,0.09023,0.09004,0.09018,-0.00024536,-0.00003849,-0.00034987,-0.00003849,-3.999999999999837e-05,-0.0004435573297848566
1697769300000,2023-10-20T02:35:00Z,0.09014,0.09019,0.09012,0.09019,77910,7023.46036,0.09014,0.09019,0.09013,0.09019,0.09018,0.09023,0.09016,0.09021,-0.00003849,-0.00003902,-0.00031433,-0.00003902,-1.9999999999992246e-05,-0.00022170491076368748
1697769600000,2023-10-20T02:40:00Z,0.09019,0.09019,0.09012,0.09015,16371,1475.3897,0.09019,0.09019,0.09012,0.09016,0.09021,0.09022,0.09016,0.09021,-0.00003902,-0.00036215,-0.00062009,-0.00036215,-6.0000000000004494e-05,-0.0006651147322913701
1697769900000,2023-10-20T02:45:00Z,0.09015,0.09035,0.09012,0.09018,788945,71185.0444,0.09016,0.09034,0.09012,0.09021,0.09021,0.09036,0.09016,0.09026,-0.00036215,-0.00002072,-0.00025102,-0.00025102,-8.000000000001062e-05,-0.0008863283846666365
1697770200000,2023-10-20T02:50:00Z,0.09018,0.09028,0.09017,0.09022,55263,4985.93501,0.09021,0.09027,0.09017,0.09024,0.09026,0.09031,0.09021,0.09029,-0.00025102,-0.00021765,-0.00025889,-0.00021765,-7.000000000000062e-05,-0.0007752796544467894
1697770500000,2023-10-20T02:55:00Z,0.09022,0.09023,0.09016,0.09016,5311,478.91014,0.09024,0.09024,0.09016,0.09016,0.09029,0.09029,0.09019,0.0902,-0.00021765,-0.00025038,-0.00036965,-0.00025038,-3.999999999999837e-05,-0.0004434589800443278
1697770800000,2023-10-20T03:00:00Z,0.09016,0.09024,0.09014,0.09014,138918,12527.35017,0.09016,0.09024,0.09014,0.09014,0.0902,0.09028,0.09017,0.09018,-0.00025038,-0.00048443,-0.00053192,-0.00053192,-3.999999999999837e-05,-0.0004435573297848566
1697771100000,2023-10-20T03:05:00Z,0.09014,0.09014,0.08997,0.09006,699183,62950.68855,0.09014,0.09014,0.09005,0.09006,0.09018,0.09018,0.09009,0.09013,-0.00053192,-0.00047398,-0.00057141,-0.00057141,-7.000000000000062e-05,-0.0007766559414179587
1697771400000,2023-10-20T03:10:00Z,0.09006,0.09012,0.09006,0.09012,32986,2971.49317,0.09006,0.09014,0.09006,0.09014,0.09013,0.0902,0.09011,0.0902,-0.00057141,-0.00034838,-0.00038039,-0.00034838,-7.999999999999674e-05,-0.0008869179600886556
1697771700000,2023-10-20T03:15:00Z,0.09012,0.09037,0.09012,0.09031,374015,33769.57749,0.09014,0.09035,0.09014,0.09031,0.0902,0.09038,0.0902,0.09032,-0.00034838,-0.00018498,-0.00026343,-0.00018498,-9.999999999996123e-06,-0.00011071744906993051
1697772000000,2023-10-20T03:20:00Z,0.09031,0.09047,0.09022,0.09041,302249,27320.10609,0.09031,0.09044,0.09022,0.09041,0.09032,0.09047,0.09025,0.09044,-0.00018498,0,-0.00002038,0,-3.0000000000002247e-05,-0.0003317116320212544
1697772300000,2023-10-20T03:25:00Z,0.09041,0.09046,0.09034,0.09042,536227,48484.95881,0.09041,0.09046,0.09035,0.09042,0.09044,0.09049,0.09038,0.09042,0,-0.00023025,-0.00034361,-0.00034361,0.0,0.0
1697772600000,2023-10-20T03:30:00Z,0.09042,0.09044,0.0903,0.09033,119143,10767.8414,0.09042,0.09043,0.09031,0.09034,0.09042,0.09047,0.09034,0.09039,-0.00034361,-0.00026535,-0.00035026,-0.00026535,-6.0000000000004494e-05,-0.0006637902422834881
1697772900000,2023-10-20T03:35:00Z,0.09033,0.09037,0.0903,0.09032,21459,1938.68552,0.09034,0.09039,0.0903,0.09032,0.09039,0.09043,0.09034,0.09035,-0.00026535,0,-0.00014116,0,-3.0000000000002247e-05,-0.0003320420586607886
1697773200000,2023-10-20T03:40:00Z,0.09032,0.09035,0.09026,0.09029,82437,7443.16075,0.09032,0.09035,0.09027,0.09029,0.09035,0.09038,0.09031,0.09032,0,-0.000151,-0.00028604,-0.000151,-3.0000000000002247e-05,-0.00033215234720994515
1697773500000,2023-10-20T03:45:00Z,0.09029,0.09029,0.09022,0.09022,66868,6034.88438,0.09029,0.0903,0.09023,0.09024,0.09032,0.09034,0.09025,0.09027,-0.000151,-0.00007312,-0.00018382,-0.00018382,-5.000000000000837e-05,-0.000553893873933847
1697773800000,2023-10-20T03:50:00Z,0.09022,0.09027,0.09022,0.09024,95762,8641.78971,0.09024,0.09027,0.09022,0.09025,0.09027,0.0903,0.09025,0.09028,-0.00018382,-0.00022158,-0.00029006,-0.00029006,-3.999999999999837e-05,-0.0004430660168364906
1697774100000,2023-10-20T03:55:00Z,0.09024,0.09025,0.09016,0.09025,189200,17062.98438,0.09025,0.09026,0.09022,0.09025,0.09028,0.0903,0.09026,0.09029,-0.00029006,-0.00029892,-0.00041448,-0.00029892,-3.999999999999837e-05,-0.00044301694539814347
1697774400000,2023-10-20T04:00:00Z,0.09025,0.09027,0.09023,0.09026,88181,7958.13877,0.09025,0.09028,0.09024,0.09026,0.09029,0.09033,0.09029,0.0903,-0.00029892,-0.00033222,-0.00051544,-0.00033222,-3.999999999999837e-05,-0.00044296788482833186
1697774700000,2023-10-20T04:05:00Z,0.09026,0.09026,0.09009,0.09009,44264,3990.4363,0.09026,0.09026,0.09009,0.09009,0.0903,0.09031,0.09013,0.09013,-0.00033222,-0.00043361,-0.00049356,-0.00043361,-3.999999999999837e-05,-0.00044380339509595437
1697775000000,2023-10-20T04:10:00Z,0.09009,0.0901,0.09006,0.0901,36363,3276.13222,0.09009,0.09011,0.09006,0.09011,0.09013,0.09018,0.09011,0.09018,-0.00043361,-0.000121,-0.00049439,-0.00049439,-7.999999999999674e-05,-0.0008871146595697132
1697775300000,2023-10-20T04:15:00Z,0.0901,0.09032,0.0901,0.09027,603634,54490.33484,0.09011,0.09028,0.09011,0.09027,0.09018,0.09033,0.09016,0.09032,-0.00049439,-0.00013508,-0.00025202,-0.00025202,-4.999999999999449e-05,-0.0005535872453498061
1697775600000,2023-10-20T04:20:00Z,0.09027,0.09029,0.09026,0.09027,47791,4314.89433,0.09027,0.09033,0.09026,0.09029,0.09032,0.09038,0.0903,0.09034,-0.00025202,0,0,0,-7.000000000000062e-05,-0.0007748505645339895
1697775900000,2023-10-20T04:25:00Z,0.09027,0.09033,0.09026,0.0903,104080,9396.88849,0.09029,0.09033,0.09026,0.0903,0.09034,0.09037,0.0903,0.09031,0,-0.00003264,-0.00040081,-0.00040081,-9.999999999996123e-06,-0.00011072970878082298
1697776200000,2023-10-20T04:30:00Z,0.0903,0.0903,0.09023,0.09023,84447,7621.31598,0.0903,0.0903,0.09024,0.09024,0.09031,0.09034,0.09029,0.09029,-0.00040081,0,-0.00010717,0,-5.9999999999990616e-05,-0.0006645254180971383
1697776500000,2023-10-20T04:35:00Z,0.09023,0.09028,0.09021,0.09021,71271,6430.87032,0.09024,0.09034,0.09021,0.09022,0.09029,0.09039,0.09024,0.09027,0,-0.00016832,-0.00040926,-0.00016832,-6.0000000000004494e-05,-0.0006646726487205549
1697776800000,2023-10-20T04:40:00Z,0.09021,0.09025,0.09021,0.09024,16992,1533.42448,0.09022,0.09027,0.09021,0.09025,0.09027,0.09031,0.09026,0.09029,-0.00016832,-0.00028042,-0.00037601,-0.00037601,-4.999999999999449e-05,-0.0005537711817476409
1697777100000,2023-10-20T04:45:00Z,0.09024,0.09027,0.09024,0.09025,25062,2262.17587,0.09025,0.09029,0.09024,0.09025,0.09029,0.09034,0.09027,0.09029,-0.00037601,-0.00039678,-0.00039867,-0.00039678,-3.999999999999837e-05,-0.00044301694539814347
1697777400000,2023-10-20T04:50:00Z,0.09025,0.09033,0.09022,0.09033,54064,4882.25752,0.09025,0.09036,0.09022,0.09035,0.09029,0.09041,0.09026,0.0904,-0.00039678,-0.00026792,-0.00032632,-0.00032632,-7.000000000000062e-05,-0.0007743362831858476
1697777700000,2023-10-20T04:55:00Z,0.09033,0.09043,0.09033,0.09038,58452,5283.91996,0.09035,0.09043,0.09035,0.09038,0.0904,0.09047,0.09039,0.09042,-0.00032632,0,-0.00029108,-0.00029108,-3.999999999999837e-05,-0.000442380004423782
1697778000000,2023-10-20T05:00:00Z,0.09038,0.09045,0.09036,0.0904,373924,33802.04827,0.09038,0.09042,0.09036,0.0904,0.09042,0.09045,0.09039,0.09043,-0.00029108,-0.00025832,-0.00035316,-0.00025832,-3.0000000000002247e-05,-0.000331748313612764
1697778300000,2023-10-20T05:05:00Z,0.0904,0.09044,0.09036,0.09041,84198,7612.3207,0.0904,0.09043,0.09038,0.09041,0.09043,0.09047,0.0904,0.09044,-0.00025832,-0.00015855,-0.00018588,-0.00018588,-3.0000000000002247e-05,-0.0003317116320212544
1697778600000,2023-10-20T05:10:00Z,0.09041,0.09048,0.09039,0.0904,93068,8418.07068,0.09041,0.09048,0.0904,0.09042,0.09044,0.0905,0.09043,0.09046,-0.00018588,-0.00006203,-0.00035186,-0.00006203,-6.0000000000004494e-05,-0.000663276586336552
1697778900000,2023-10-20T05:15:00Z,0.0904,0.09042,0.0904,0.09042,14699,1329.07137,0.09042,0.09043,0.0904,0.09043,0.09046,0.09047,0.09044,0.09046,-0.00006203,-0.00015124,-0.00021163,-0.00015124,-3.999999999999837e-05,-0.0004421843908909835
1697779200000,2023-10-20T05:20:00Z,0.09042,0.09042,0.09034,0.09037,63106,5703.23164,0.09043,0.09043,0.09035,0.09037,0.09046,0.09046,0.09038,0.09039,-0.00015124,-0.00003185,-0.00023492,-0.00023492,-1.9999999999992246e-05,-0.0002212634140943937
1697779500000,2023-10-20T05:25:00Z,0.09037,0.09041,0.09035,0.0904,7950,718.69971,0.09037,0.09041,0.09036,0.0904,0.09039,0.09046,0.09038,0.09045,-0.00023492,-0.00013379,-0.00034737,-0.00034737,-5.000000000000837e-05,-0.0005527915975678095
1697779800000,2023-10-20T05:30:00Z,0.0904,0.09041,0.09034,0.09038,83672,7560.75653,0.0904,0.09041,0.09037,0.0904,0.09045,0.09045,0.09041,0.09045,-0.00034737,-0.00034944,-0.00043398,-0.00043398,-7.000000000000062e-05,-0.0007739082365948106
1697780100000,2023-10-20T05:35:00Z,0.09038,0.09045,0.09038,0.09044,11888,1075.0178,0.0904,0.09045,0.09039,0.09044,0.09045,0.0905,0.09044,0.09049,-0.00043398,-0.00011271,-0.0004007,-0.0004007,-4.999999999999449e-05,-0.0005525472427891976
1697780400000,2023-10-20T05:40:00Z,0.09044,0.09048,0.09044,0.09046,22744,2057.58903,0.09044,0.09048,0.09044,0.09047,0.09049,0.09052,0.09048,0.09052,-0.0004007,-0.00008817,-0.00015128,-0.00015128,-6.0000000000004494e-05,-0.00066283694211229
1697780700000,2023-10-20T05:45:00Z,0.09046,0.09052,0.09046,0.09052,82019,7423.41765,0.09047,0.09053,0.09046,0.09052,0.09052,0.09057,0.0905,0.09056,-0.00015128,-0.00010293,-0.00017141,-0.00010293,-3.999999999999837e-05,-0.00044169611307418694
1697781000000,2023-10-20T05:50:00Z,0.09052,0.09056,0.09052,0.09055,154011,13944.8278,0.09052,0.09057,0.09052,0.09055,0.09056,0.09059,0.09054,0.09057,-0.00010293,0,-0.00004272,-0.00004272,-1.9999999999992246e-05,-0.0002208236722975847
1697781300000,2023-10-20T05:55:00Z,0.09055,0.09056,0.09048,0.09048,46995,4254.76191,0.09055,0.09058,0.0905,0.09051,0.09057,0.0906,0.09053,0.09054,-0.00004272,-0.00021161,-0.00021991,-0.00021991,-5.9999999999990616e-05,-0.0006626905235254099
1697781600000,2023-10-20T06:00:00Z,0.09048,0.09053,0.09048,0.09051,21874,1980.04675,0.09051,0.09054,0.09049,0.09051,0.09054,0.09057,0.09052,0.09054,-0.00021991,-0.00003953,-0.00028448,-0.00028448,-3.0000000000002247e-05,-0.0003313452617627816
1697781900000,2023-10-20T06:05:00Z,0.09051,0.09061,0.0905,0.09059,164832,14928.69736,0.09051,0.09061,0.0905,0.09059,0.09054,0.09061,0.09054,0.09061,-0.00028448,-0.00017684,-0.00026371,-0.00026371,-1.9999999999992246e-05,-0.00022072618916225856
1697782200000,2023-10-20T06:10:00Z,0.09059,0.09077,0.09059,0.09067,374711,33991.04455,0.09059,0.09074,0.09059,0.09067,0.09061,0.09077,0.09061,0.09069,-0.00026371,-0.00011027,-0.00022048,-0.00011027,-2.0000000000006124e-05,-0.00022053148086896153
1697782500000,2023-10-20T06:15:00Z,0.09067,0.0907,0.0906,0.0906,45386,4115.31164,0.09067,0.09073,0.09061,0.09061,0.09069,0.09074,0.09063,0.09063,-0.00011027,0,-0.00028465,-0.00028465,-3.0000000000002247e-05,-0.0003310162197947947
1697782800000,2023-10-20T06:20:00Z,0.0906,0.09064,0.0906,0.09064,1842,166.91625,0.09061,0.09067,0.09061,0.09064,0.09063,0.09069,0.09063,0.09067,-0.00028465,0,-0.00014137,-0.00014137,-3.0000000000002247e-05,-0.0003308701885960323
1697783100000,2023-10-20T06:25:00Z,0.09064,0.09064,0.09053,0.0906,235008,21283.78567,0.09064,0.09064,0.09056,0.0906,0.09067,0.09067,0.09061,0.09065,-0.00014137,-0.00016764,-0.00040441,-0.00040441,-4.999999999999449e-05,-0.000551571980143348
1697783400000,2023-10-20T06:30:00Z,0.0906,0.09062,0.0906,0.09062,34401,3117.07951,0.0906,0.09063,0.0906,0.09062,0.09065,0.09069,0.09064,0.09068,-0.00040441,-0.00045836,-0.00059104,-0.00045836,-5.9999999999990616e-05,-0.0006616674018525652
1697783700000,2023-10-20T06:35:00Z,0.09062,0.09068,0.09062,0.09068,179825,16301.92973,0.09062,0.09071,0.09062,0.0907,0.09068,0.09076,0.09066,0.09075,-0.00045836,-0.00038051,-0.00044091,-0.00038051,-7.000000000000062e-05,-0.00077134986225896
1697784000000,2023-10-20T06:40:00Z,0.09068,0.09068,0.0906,0.09064,63486,5756.1542,0.0907,0.0907,0.09061,0.09064,0.09075,0.09076,0.09067,0.09067,-0.00038051,-0.00051405,-0.00062156,-0.00062156,-3.0000000000002247e-05,-0.0003308701885960323
1697784300000,2023-10-20T06:45:00Z,0.09064,0.09064,0.09062,0.09063,9876,895.06157,0.09064,0.09064,0.09062,0.09063,0.09067,0.09068,0.09066,0.09067,-0.00062156,-0.00041105,-0.00041369,-0.00041369,-3.999999999999837e-05,-0.00044116025146132535
1697784600000,2023-10-20T06:50:00Z,0.09063,0.09063,0.09055,0.09055,62598,5670.37435,0.09063,0.09065,0.09055,0.09056,0.09067,0.09069,0.0906,0.09061,-0.00041369,-0.00052113,-0.00065306,-0.00052113,-5.9999999999990616e-05,-0.0006621785674869288
1697784900000,2023-10-20T06:55:00Z,0.09055,0.09062,0.09055,0.09062,25781,2336.06208,0.09056,0.09066,0.09055,0.09066,0.09061,0.0907,0.0906,0.0907,-0.00052113,-0.00000419,-0.00034193,-0.00000419,-7.999999999999674e-05,-0.0008820286659316068
1697785200000,2023-10-20T07:00:00Z,0.09062,0.09066,0.09055,0.09055,122986,11146.15432,0.09066,0.09068,0.09055,0.09056,0.0907,0.09072,0.0906,0.09061,-0.00000419,-0.0003309,-0.00045646,-0.00045646,-5.9999999999990616e-05,-0.0006621785674869288
1697785500000,2023-10-20T07:05:00Z,0.09055,0.09061,0.09055,0.0906,181262,16419.3459,0.09056,0.09062,0.09056,0.09062,0.09061,0.09067,0.09061,0.09067,-0.00045646,-0.00030476,-0.00058422,-0.00030476,-7.000000000000062e-05,-0.0007720304400573577
1697785800000,2023-10-20T07:10:00Z,0.0906,0.09066,0.0906,0.09066,22888,2075.02106,0.09062,0.09068,0.09062,0.09066,0.09067,0.09073,0.09067,0.09072,-0.00030476,-0.00030941,-0.00046852,-0.00046852,-5.9999999999990616e-05,-0.000661375661375558
1697786100000,2023-10-20T07:15:00Z,0.09066,0.09066,0.09061,0.09063,16001,1450.07281,0.09066,0.09066,0.09061,0.09063,0.09072,0.09072,0.09065,0.09067,-0.00046852,-0.00028448,-0.00039461,-0.00028448,-3.999999999999837e-05,-0.00044116025146132535
1697786400000,2023-10-20T07:20:00Z,0.09063,0.09066,0.0906,0.09066,2567,232.59896,0.09063,0.09066,0.09061,0.09066,0.09067,0.0907,0.09066,0.09069,-0.00028448,-0.00032826,-0.00046333,-0.00032826,-3.0000000000002247e-05,-0.0003307972213033658
1697786700000,2023-10-20T07:25:00Z,0.09066,0.09067,0.09063,0.09063,34170,3096.88316,0.09066,0.09068,0.09065,0.09065,0.09069,0.09073,0.09068,0.09072,-0.00032826,-0.00029944,-0.00068187,-0.00068187,-8.999999999999286e-05,-0.0009920634920634135
1697787000000,2023-10-20T07:30:00Z,0.09063,0.09071,0.09063,0.09071,152033,13780.92758,0.09065,0.09071,0.09063,0.09071,0.09072,0.09078,0.0907,0.09078,-0.00068187,-0.00058811,-0.00073669,-0.00058811,-7.000000000000062e-05,-0.0007710949548358737
1697787300000,2023-10-20T07:35:00Z,0.09071,0.09071,0.09064,0.09064,158219,14343.96208,0.09071,0.09071,0.09066,0.09066,0.09078,0.09078,0.09072,0.09072,-0.00058811,-0.00051906,-0.00070986,-0.00070986,-7.999999999999674e-05,-0.0008818342151675126
1697787600000,2023-10-20T07:40:00Z,0.09064,0.09074,0.09064,0.09065,361853,32814.43022,0.09066,0.09074,0.09065,0.09065,0.09072,0.09078,0.09069,0.09069,-0.00070986,-0.00044091,-0.00053487,-0.00044091,-4.000000000001225e-05,-0.00044106296173792306
1697787900000,2023-10-20T07:45:00Z,0.09065,0.09065,0.09053,0.09053,835350,75679.15244,0.09065,0.09065,0.09053,0.09053,0.09069,0.09069,0.09057,0.09057,-0.00044091,-0.00054674,-0.00070914,-0.00070914,-3.999999999999837e-05,-0.00044164734459532264
1697788200000,2023-10-20T07:50:00Z,0.09053,0.09057,0.09037,0.09045,1171927,105973.81631,0.09053,0.09057,0.0904,0.09049,0.09057,0.09062,0.09046,0.09057,-0.00070914,-0.00075237,-0.00089234,-0.00089234,-0.00011999999999999511,-0.001324942033785968
1697788500000,2023-10-20T07:55:00Z,0.09045,0.09047,0.09043,0.09043,65824,5953.91116,0.09049,0.0905,0.09043,0.09044,0.09057,0.09058,0.09053,0.09054,-0.00089234,-0.00074555,-0.00082232,-0.00082232,-0.00010999999999999899,-0.0012149326264634306
1697788800000,2023-10-20T08:00:00Z,0.09043,0.09062,0.09043,0.09056,698223,63202.27873,0.09044,0.09062,0.09043,0.09058,0.09054,0.09067,0.09053,0.09064,-0.00082232,-0.00036131,-0.00044135,-0.00044135,-7.999999999999674e-05,-0.000882612533097934
1697789100000,2023-10-20T08:05:00Z,0.09056,0.09077,0.09056,0.09063,661360,60005.34911,0.09058,0.09071,0.09057,0.09064,0.09064,0.09074,0.09063,0.09069,-0.00044135,-0.00033116,-0.00062454,-0.00062454,-6.0000000000004494e-05,-0.0006615944426067316
1697789400000,2023-10-20T08:10:00Z,0.09063,0.09072,0.09063,0.09071,99023,8978.4994,0.09064,0.09072,0.09063,0.09071,0.09069,0.09076,0.09067,0.09075,-0.00062454,0,-0.0001307,0,-3.999999999999837e-05,-0.000440771349862241
1697789700000,2023-10-20T08:15:00Z,0.09071,0.09108,0.0907,0.0908,2963275,269361.82748,0.09071,0.09089,0.0907,0.09081,0.09075,0.0909,0.09074,0.09085,0,-0.00016007,-0.00022622,-0.00022622,-4.999999999999449e-05,-0.0005503577325260814
1697790000000,2023-10-20T08:20:00Z,0.0908,0.09082,0.09076,0.09077,159153,14449.61086,0.09081,0.09084,0.09077,0.09077,0.09085,0.09087,0.09077,0.09077,-0.00022622,-0.00001971,-0.00006574,-0.00006574,0.0,0.0
1697790300000,2023-10-20T08:25:00Z,0.09077,0.09156,0.09073,0.09135,4476269,408493.33923,0.09077,0.09141,0.09074,0.09138,0.09077,0.09142,0.09076,0.0914,-0.00006574,-0.00018212,-0.00033114,-0.00033114,-4.999999999999449e-05,-0.000547045951859896
1697790600000,2023-10-20T08:30:00Z,0.09135,0.09154,0.09125,0.09139,1815156,165841.73356,0.09138,0.09153,0.09133,0.09142,0.0914,0.09156,0.09134,0.09146,-0.00033114,-0.00015604,-0.00055381,-0.00015604,-7.000000000000062e-05,-0.0007653619068445289
1697790900000,2023-10-20T08:35:00Z,0.09139,0.09144,0.09136,0.09144,195868,17902.77386,0.09142,0.09145,0.09136,0.09144,0.09146,0.0915,0.09141,0.09149,-0.00015604,-0.00034587,-0.00052967,-0.00052967,-5.000000000000837e-05,-0.0005465078150618469
1697791200000,2023-10-20T08:40:00Z,0.09144,0.09163,0.09144,0.09152,505331,46271.77146,0.09144,0.09162,0.09144,0.09152,0.09149,0.09167,0.09148,0.09156,-0.00052967,-0.00023945,-0.0006192,-0.00023945,-3.999999999999837e-05,-0.0004368719965050062
1697791500000,2023-10-20T08:45:00Z,0.09152,0.0916,0.09148,0.0915,97632,8936.25709,0.09152,0.0916,0.09148,0.0915,0.09156,0.09165,0.09152,0.09154,-0.00023945,-0.00030496,-0.00042708,-0.00042708,-3.999999999999837e-05,-0.00043696744592526077
1697791800000,2023-10-20T08:50:00Z,0.0915,0.09154,0.09149,0.09149,152100,13919.08231,0.0915,0.09154,0.09149,0.09149,0.09154,0.09158,0.09152,0.09153,-0.00042708,-0.0001982,-0.00023418,-0.00023418,-3.999999999999837e-05,-0.00043701518627770535
1697792100000,2023-10-20T08:55:00Z,0.09149,0.09164,0.09144,0.09144,367990,33676.37383,0.09149,0.09164,0.09144,0.09144,0.09153,0.09168,0.09148,0.09148,-0.00023418,-0.00027664,-0.00032087,-0.00032087,-4.000000000001225e-05,-0.0004372540446000464
1697792400000,2023-10-20T09:00:00Z,0.09144,0.09152,0.09138,0.09151,209203,19125.36466,0.09144,0.09152,0.0914,0.09152,0.09148,0.09155,0.09144,0.09155,-0.00032087,-0.00043711,-0.00076527,-0.00076527,-4.000000000001225e-05,-0.00043691971600231833
1697792700000,2023-10-20T09:05:00Z,0.09151,0.09169,0.09148,0.09158,778815,71352.78327,0.09152,0.09167,0.09149,0.0916,0.09155,0.09169,0.09154,0.09164,-0.00076527,-0.00001058,-0.00019214,-0.00019214,-6.0000000000004494e-05,-0.0006547359231777008
1697793000000,2023-10-20T09:10:00Z,0.09158,0.09162,0.09158,0.09162,185243,16969.78278,0.0916,0.09164,0.09159,0.09162,0.09164,0.09167,0.09161,0.09165,-0.00019214,0,-0.00054543,-0.00054543,-3.0000000000002247e-05,-0.0003273322422258838
1697793300000,2023-10-20T09:15:00Z,0.09162,0.09162,0.09147,0.0915,138262,12654.63076,0.09162,0.09162,0.09147,0.0915,0.09165,0.09165,0.09152,0.09155,-0.00054543,-0.0002335,-0.00024888,-0.00024888,-5.000000000000837e-05,-0.0005461496450028221
1697793600000,2023-10-20T09:20:00Z,0.0915,0.09187,0.0915,0.09186,796184,73061.3271,0.0915,0.09186,0.0915,0.09186,0.09155,0.09188,0.09155,0.09188,-0.00024888,0,-0.00015854,-0.00015854,-2.0000000000006124e-05,-0.00021767522855905663
1697793900000,2023-10-20T09:25:00Z,0.09186,0.09191,0.09178,0.09181,342164,31416.47734,0.09186,0.0919,0.09178,0.09182,0.09188,0.09194,0.09181,0.09185,-0.00015854,-0.00020283,-0.00027786,-0.00027786,-3.999999999999837e-05,-0.00043549265106149557
1697794200000,2023-10-20T09:30:00Z,0.09181,0.0919,0.09176,0.09184,168940,15511.00049,0.09182,0.0919,0.09176,0.09185,0.09185,0.09192,0.09179,0.09188,-0.00027786,-0.0001318,-0.00029165,-0.00029165,-3.999999999999837e-05,-0.00043535045711796223
1697794500000,2023-10-20T09:35:00Z,0.09184,0.09191,0.09183,0.09186,603277,55417.03223,0.09185,0.09191,0.09184,0.09186,0.09188,0.09194,0.09187,0.0919,-0.00029165,0,-0.00034812,-0.00034812,-3.999999999999837e-05,-0.0004352557127312119
1697794800000,2023-10-20T09:40:00Z,0.09186,0.0919,0.09174,0.09175,142244,13065.01759,0.09186,0.0919,0.09174,0.09177,0.0919,0.09194,0.09176,0.09181,-0.00034812,-0.00010896,-0.00017209,-0.00010896,-6.0000000000004494e-05,-0.0006535235813092745
1697795100000,2023-10-20T09:45:00Z,0.09175,0.09187,0.09174,0.09186,165855,15231.80717,0.09177,0.09187,0.09174,0.09186,0.09181,0.09191,0.09178,0.0919,-0.00010896,-0.0001304,-0.00032654,-0.0001304,-3.999999999999837e-05,-0.0004352557127312119
1697795400000,2023-10-20T09:50:00Z,0.09186,0.0919,0.09186,0.09187,112635,10349.90046,0.09186,0.09191,0.09186,0.0919,0.0919,0.09194,0.09189,0.09194,-0.0001304,-0.00040606,-0.00043506,-0.00040606,-7.000000000000062e-05,-0.0007613661083315273
1697795700000,2023-10-20T09:55:00Z,0.09187,0.0919,0.09185,0.09185,93024,8547.78938,0.0919,0.09191,0.09185,0.09186,0.09194,0.09196,0.09189,0.0919,-0.00040606,-0.00031154,-0.00035812,-0.00031154,-4.999999999999449e-05,-0.000544069640913977
1697796000000,2023-10-20T10:00:00Z,0.09185,0.09194,0.09185,0.09187,226700,20834.65168,0.09186,0.09194,0.09185,0.09187,0.0919,0.09198,0.09188,0.09189,-0.00031154,-0.00007285,-0.00010881,-0.00010881,-2.0000000000006124e-05,-0.00021765153988471134
1697796300000,2023-10-20T10:05:00Z,0.09187,0.09197,0.09187,0.09192,401660,36921.77718,0.09187,0.09195,0.09187,0.09192,0.09189,0.09198,0.09188,0.09195,-0.00010881,-0.0001043,-0.00021762,-0.00021762,-3.0000000000002247e-05,-0.0003262642740620146
1697796600000,2023-10-20T10:10:00Z,0.09192,0.09193,0.09183,0.09193,159865,14682.98834,0.09192,0.09193,0.09183,0.09193,0.09195,0.09196,0.09184,0.09195,-0.00021762,-0.00019157,-0.00037656,-0.00019157,-2.0000000000006124e-05,-0.0002175095160413934
1697796900000,2023-10-20T10:15:00Z,0.09193,0.09194,0.09185,0.09192,117437,10793.557,0.09193,0.09194,0.09186,0.09192,0.09195,0.09197,0.09186,0.09194,-0.00019157,-0.0002175,-0.00023817,-0.00023817,-1.9999999999992246e-05,-0.00021753317380892155
1697797200000,2023-10-20T10:20:00Z,0.09192,0.09206,0.09188,0.09193,685225,63036.67539,0.09192,0.09206,0.09189,0.09195,0.09194,0.09206,0.09192,0.09199,-0.00023817,-0.00019373,-0.0003417,-0.0003417,-6.0000000000004494e-05,-0.0006522448092184421
1697797500000,2023-10-20T10:25:00Z,0.09193,0.09198,0.09167,0.09167,423472,38874.15031,0.09195,0.09198,0.09167,0.09167,0.09199,0.09202,0.09171,0.09172,-0.0003417,-0.00045477,-0.00090599,-0.00045477,-4.999999999999449e-05,-0.0005451373746183438
1697797800000,2023-10-20T10:30:00Z,0.09167,0.09175,0.09154,0.09175,209396,19177.01189,0.09167,0.09173,0.09154,0.09173,0.09172,0.0918,0.0916,0.0918,-0.00045477,-0.00061966,-0.00062786,-0.00062786,-5.000000000000837e-05,-0.0005446623093682828
1697798100000,2023-10-20T10:35:00Z,0.09175,0.09184,0.09175,0.09178,164923,15137.28334,0.09173,0.09186,0.09173,0.0918,0.0918,0.09192,0.0918,0.09186,-0.00062786,-0.00038816,-0.00043535,-0.00043535,-7.999999999999674e-05,-0.0008708904855214102
1697798400000,2023-10-20T10:40:00Z,0.09178,0.09203,0.09164,0.09169,745860,68517.05212,0.0918,0.09203,0.09166,0.09169,0.09186,0.09206,0.09172,0.09175,-0.00043535,-0.00043596,-0.00074005,-0.00043596,-6.0000000000004494e-05,-0.0006539509536785231
1697798700000,2023-10-20T10:45:00Z,0.09169,0.09169,0.09153,0.09153,78789,7216.37893,0.09169,0.0917,0.09153,0.09153,0.09175,0.09176,0.09156,0.09156,-0.00043596,-0.00032729,-0.00087307,-0.00087307,-3.0000000000002247e-05,-0.0003276539973787926
1697799000000,2023-10-20T10:50:00Z,0.09153,0.09153,0.0913,0.0913,488650,44664.60337,0.09153,0.09153,0.0913,0.09133,0.09156,0.09157,0.09136,0.0914,-0.00087307,-0.00057414,-0.00072585,-0.00057414,-9.999999999998899e-05,-0.001094091903719792
1697799300000,2023-10-20T10:55:00Z,0.0913,0.09146,0.0913,0.09138,187230,17115.55242,0.09133,0.09146,0.09133,0.09138,0.0914,0.09149,0.09138,0.09143,-0.00057414,-0.00054692,-0.00065262,-0.00054692,-4.999999999999449e-05,-0.0005468664552115771
1697799600000,2023-10-20T11:00:00Z,0.09138,0.09143,0.09122,0.09142,1171592,106953.23149,0.09138,0.09144,0.09132,0.09142,0.09143,0.09151,0.09138,0.09148,-0.00054692,-0.00067471,-0.00085581,-0.00067471,-6.0000000000004494e-05,-0.0006558810668999179
1697799900000,2023-10-20T11:05:00Z,0.09142,0.09142,0.09132,0.0914,25468,2326.94051,0.09142,0.09143,0.09132,0.09141,0.09148,0.09151,0.09138,0.09149,-0.00067471,-0.00058613,-0.00087422,-0.00087422,-9.000000000000674e-05,-0.0009837140671112334
1697800200000,2023-10-20T11:10:00Z,0.0914,0.09148,0.0914,0.09147,60648,5545.19858,0.09141,0.09148,0.09141,0.09147,0.09149,0.09156,0.09149,0.09156,-0.00087422,-0.00064522,-0.00081127,-0.00081127,-9.000000000000674e-05,-0.0009829619921363777
1697800500000,2023-10-20T11:15:00Z,0.09147,0.09154,0.09147,0.09147,140148,12822.06996,0.09147,0.09154,0.09147,0.0915,0.09156,0.0916,0.09154,0.09157,-0.00081127,-0.00064079,-0.00073154,-0.00073154,-0.00010000000000000286,-0.001092060718575984
1697800800000,2023-10-20T11:20:00Z,0.09147,0.09151,0.09145,0.09145,59534,5445.85075,0.0915,0.09152,0.09145,0.09145,0.09157,0.09159,0.09153,0.09153,-0.00073154,-0.00053003,-0.00075696,-0.00075696,-7.999999999999674e-05,-0.0008740303725554107
1697801100000,2023-10-20T11:25:00Z,0.09145,0.09145,0.09139,0.09145,32186,2941.89684,0.09145,0.09148,0.09141,0.09145,0.09153,0.09157,0.0915,0.09154,-0.00075696,-0.00076469,-0.00076469,-0.00076469,-8.999999999999286e-05,-0.000983176753331799
1697801400000,2023-10-20T11:30:00Z,0.09145,0.09149,0.09145,0.09149,54435,4979.69224,0.09145,0.0915,0.09145,0.09149,0.09154,0.09158,0.09153,0.09157,-0.00076469,-0.00075622,-0.00097946,-0.00097946,-7.999999999999674e-05,-0.0008736485748607267
1697801700000,2023-10-20T11:35:00Z,0.09149,0.09149,0.0914,0.0914,84876,7759.47416,0.09149,0.09149,0.0914,0.0914,0.09157,0.09157,0.09145,0.09146,-0.00097946,-0.00076477,-0.00087441,-0.00087441,-6.0000000000004494e-05,-0.0006560244915810681
1697802000000,2023-10-20T11:40:00Z,0.0914,0.0914,0.09133,0.09136,60617,5537.42734,0.0914,0.09141,0.09134,0.09136,0.09146,0.09149,0.09142,0.09144,-0.00087441,-0.00075905,-0.00087989,-0.00075905,-7.999999999999674e-05,-0.0008748906386701307
1697802300000,2023-10-20T11:45:00Z,0.09136,0.09152,0.09136,0.09146,169093,15464.88764,0.09136,0.09152,0.09136,0.09146,0.09144,0.09157,0.09144,0.09154,-0.00075905,-0.00042665,-0.00053527,-0.00053527,-7.999999999999674e-05,-0.0008739348918505215
1697802600000,2023-10-20T11:50:00Z,0.09146,0.09146,0.09139,0.09139,18828,1721.3477,0.09146,0.09149,0.09141,0.09142,0.09154,0.09157,0.0915,0.09151,-0.00053527,-0.00095684,-0.00100437,-0.00100437,-0.00011999999999999511,-0.0013113320948529683
1697802900000,2023-10-20T11:55:00Z,0.09139,0.09141,0.09132,0.09135,82208,7510.72926,0.09142,0.09142,0.09132,0.09135,0.09151,0.09151,0.09142,0.09142,-0.00100437,-0.00094578,-0.00096457,-0.00096457,-7.000000000000062e-05,-0.0007656967840735136
1697803200000,2023-10-20T12:00:00Z,0.09135,0.0915,0.09135,0.09146,145106,13263.34642,0.09135,0.0915,0.09135,0.09146,0.09142,0.09159,0.09142,0.09153,-0.00096457,-0.00090672,-0.00102653,-0.00102653,-7.000000000000062e-05,-0.0007647765759860222
1697803500000,2023-10-20T12:05:00Z,0.09146,0.0915,0.09144,0.09145,23265,2128.27731,0.09146,0.0915,0.09145,0.09145,0.09153,0.09159,0.09152,0.09153,-0.00102653,-0.00086601,-0.00087355,-0.00086601,-7.999999999999674e-05,-0.0008740303725554107
1697803800000,2023-10-20T12:10:00Z,0.09145,0.09149,0.09145,0.09146,22565,2064.01314,0.09145,0.09149,0.09145,0.09147,0.09153,0.09156,0.09153,0.09155,-0.00086601,-0.00074279,-0.00089799,-0.00089799,-9.000000000000674e-05,-0.000983069361004989
1697804100000,2023-10-20T12:15:00Z,0.09146,0.09149,0.09146,0.09146,46580,4260.69402,0.09147,0.0915,0.09146,0.09146,0.09155,0.09158,0.09154,0.09154,-0.00089799,-0.00059217,-0.00067722,-0.00067722,-7.999999999999674e-05,-0.0008739348918505215
1697804400000,2023-10-20T12:20:00Z,0.09146,0.09146,0.09128,0.09133,6897,629.95279,0.09146,0.09146,0.09132,0.09136,0.09154,0.09154,0.09139,0.09143,-0.00067722,-0.00064105,-0.00083655,-0.00083655,-0.00010000000000000286,-0.001093732910423306
1697804700000,2023-10-20T12:25:00Z,0.09133,0.09136,0.09109,0.09121,357694,32626.94081,0.09136,0.09139,0.09114,0.09123,0.09143,0.09147,0.09121,0.09131,-0.00083655,-0.0008412,-0.00098315,-0.0008412,-0.00010000000000000286,-0.001095170298981523
1697805000000,2023-10-20T12:30:00Z,0.09121,0.09128,0.0912,0.09126,265245,24204.43326,0.09123,0.09129,0.0912,0.09126,0.09131,0.09138,0.09127,0.09135,-0.0008412,-0.0005437,-0.00076549,-0.00076549,-9.000000000000674e-05,-0.0009852216748769212
1697805300000,2023-10-20T12:35:00Z,0.09126,0.09131,0.09119,0.0913,71128,6490.66158,0.09126,0.09131,0.09119,0.0913,0.09135,0.09139,0.09127,0.09139,-0.00076549,-0.00047515,-0.00076603,-0.00076603,-8.999999999999286e-05,-0.000984790458474591
1697805600000,2023-10-20T12:40:00Z,0.0913,0.09131,0.0912,0.09121,25407,2318.05113,0.0913,0.09133,0.09121,0.09124,0.09139,0.09141,0.09128,0.09132,-0.00076603,-0.00030704,-0.00089769,-0.00089769,-0.00010999999999999899,-0.0012045554095488282
1697805900000,2023-10-20T12:45:00Z,0.09121,0.0913,0.09109,0.09113,242333,22086.01232,0.09124,0.0913,0.09111,0.09113,0.09132,0.09137,0.09119,0.09122,-0.00089769,-0.00043159,-0.00084217,-0.00043159,-8.999999999999286e-05,-0.0009866257399692268
1697806200000,2023-10-20T12:50:00Z,0.09113,0.09115,0.09106,0.09111,107595,9803.78641,0.09113,0.09116,0.09106,0.09113,0.09122,0.09125,0.09114,0.09122,-0.00043159,-0.00072086,-0.00087728,-0.00072086,-0.00010999999999999899,-0.0012058759044069173
1697806500000,2023-10-20T12:55:00Z,0.09111,0.09118,0.09111,0.09117,27910,2543.80827,0.09113,0.09122,0.09112,0.09119,0.09122,0.09132,0.09122,0.09129,-0.00072086,-0.00078323,-0.00081481,-0.00081481,-0.00011999999999999511,-0.001314492277357817
1697806800000,2023-10-20T13:00:00Z,0.09117,0.09123,0.09117,0.0912,70056,6389.4622,0.09119,0.09124,0.09118,0.0912,0.09129,0.09133,0.09126,0.09127,-0.00081481,-0.00090743,-0.00098586,-0.00090743,-7.000000000000062e-05,-0.0007669551879040278
1697807100000,2023-10-20T13:05:00Z,0.0912,0.09121,0.09112,0.09112,47672,4346.9355,0.0912,0.09121,0.09112,0.09112,0.09127,0.0913,0.09118,0.09119,-0.00090743,-0.00069742,-0.00097314,-0.00097314,-6.999999999998674e-05,-0.000767628029389042
1697807400000,2023-10-20T13:10:00Z,0.09112,0.0912,0.09105,0.09115,49359,4497.20701,0.09112,0.09122,0.09108,0.09115,0.09119,0.0913,0.09116,0.09124,-0.00097314,-0.00080552,-0.00098597,-0.00098597,-9.000000000000674e-05,-0.0009864094695309813
1697807700000,2023-10-20T13:15:00Z,0.09115,0.09119,0.09115,0.09116,175882,16034.51035,0.09115,0.0912,0.09115,0.09118,0.09124,0.09129,0.09124,0.09127,-0.00098597,-0.00096844,-0.00098608,-0.00096844,-0.00010999999999999899,-0.0012052152952777362
1697808000000,2023-10-20T13:20:00Z,0.09116,0.09121,0.09116,0.0912,123207,11236.01435,0.09118,0.09121,0.09118,0.0912,0.09127,0.0913,0.09126,0.09129,-0.00096844,-0.000742,-0.00086402,-0.000742,-8.999999999999286e-05,-0.0009858692080183247
1697808300000,2023-10-20T13:25:00Z,0.0912,0.09121,0.09116,0.09121,221831,20226.90527,0.0912,0.09123,0.09119,0.09121,0.09129,0.09132,0.09125,0.0913,-0.000742,-0.00086897,-0.0010529,-0.00086897,-9.000000000000674e-05,-0.000985761226725156
1697808600000,2023-10-20T13:30:00Z,0.09121,0.09121,0.09114,0.09121,231280,21083.76508,0.09121,0.09122,0.09114,0.09121,0.0913,0.09132,0.09123,0.09129,-0.00086897,-0.0007153,-0.00078663,-0.00078663,-7.999999999999674e-05,-0.0008763281849052114
1697808900000,2023-10-20T13:35:00Z,0.09121,0.09136,0.09121,0.09135,210241,19199.2028,0.09121,0.09136,0.09121,0.09135,0.09129,0.09143,0.09129,0.09142,-0.00078663,-0.00040137,-0.00054716,-0.00040137,-7.000000000000062e-05,-0.0007656967840735136
1697809200000,2023-10-20T13:40:00Z,0.09135,0.09138,0.09132,0.09137,145089,13255.23694,0.09135,0.09138,0.09132,0.09137,0.09142,0.09144,0.09139,0.09141,-0.00040137,-0.00045919,-0.00052264,-0.00045919,-3.999999999999837e-05,-0.000437588885242297
1697809500000,2023-10-20T13:45:00Z,0.09137,0.09145,0.09136,0.09145,81848,7479.75315,0.09137,0.09145,0.09136,0.09145,0.09141,0.0915,0.0914,0.0915,-0.00045919,-0.0003898,-0.00048206,-0.0003898,-4.999999999999449e-05,-0.0005464480874316338
1697809800000,2023-10-20T13:50:00Z,0.09145,0.09156,0.09145,0.09156,304854,27904.63293,0.09145,0.09159,0.09145,0.09159,0.0915,0.09163,0.09149,0.09163,-0.0003898,-0.00035349,-0.00039519,-0.00035349,-7.000000000000062e-05,-0.0007639419404125354
1697810100000,2023-10-20T13:55:00Z,0.09156,0.09167,0.09156,0.09163,683387,62600.62801,0.09159,0.09167,0.09157,0.09165,0.09163,0.09173,0.0916,0.09172,-0.00035349,-0.00057075,-0.0007636,-0.00057075,-8.999999999999286e-05,-0.0009812472743130493
1697810400000,2023-10-20T14:00:00Z,0.09163,0.09169,0.09157,0.09163,173685,15917.16279,0.09165,0.0917,0.0916,0.09163,0.09172,0.09177,0.09166,0.09169,-0.00057075,-0.00041553,-0.0005916,-0.00041553,-5.9999999999990616e-05,-0.0006543788853745296
1697810700000,2023-10-20T14:05:00Z,0.09163,0.09167,0.09149,0.09151,78251,7165.79977,0.09163,0.09167,0.09149,0.09151,0.09169,0.09172,0.09155,0.09156,-0.00041553,-0.00039965,-0.00053435,-0.00053435,-5.000000000000837e-05,-0.0005460899956313714
1697811000000,2023-10-20T14:10:00Z,0.09151,0.09151,0.09128,0.09135,365551,33408.62243,0.09151,0.09151,0.09132,0.09135,0.09156,0.09156,0.09139,0.09143,-0.00053435,-0.00074171,-0.00076733,-0.00076733,-7.999999999999674e-05,-0.0008749863283385841
1697811300000,2023-10-20T14:15:00Z,0.09135,0.09138,0.09131,0.09138,177827,16240.47226,0.09135,0.09138,0.09131,0.09138,0.09143,0.09147,0.09139,0.09147,-0.00076733,-0.00073228,-0.00077679,-0.00077679,-8.999999999999286e-05,-0.0009839291571006109
1697811600000,2023-10-20T14:20:00Z,0.09138,0.09138,0.09124,0.09124,133095,12154.51633,0.09138,0.09139,0.09124,0.09124,0.09147,0.09148,0.09131,0.09131,-0.00077679,-0.00060157,-0.00088316,-0.00088316,-7.000000000000062e-05,-0.0007666192092870509
1697811900000,2023-10-20T14:25:00Z,0.09124,0.09124,0.09096,0.09099,183179,16671.06354,0.09124,0.09124,0.09099,0.09099,0.09131,0.09131,0.09106,0.09107,-0.00088316,-0.00053049,-0.0009462,-0.0009462,-7.999999999999674e-05,-0.0008784451520807812
1697812200000,2023-10-20T14:30:00Z,0.09099,0.09099,0.09083,0.09098,226033,20555.83238,0.09099,0.09099,0.09083,0.09099,0.09107,0.09107,0.09091,0.09106,-0.0009462,-0.0004519,-0.00076297,-0.0004519,-7.999999999999674e-05,-0.0008785416209092547
1697812500000,2023-10-20T14:35:00Z,0.09098,0.09115,0.09098,0.09105,80189,7303.1388,0.09099,0.09115,0.09098,0.09108,0.09106,0.09121,0.09105,0.09115,-0.0004519,-0.00039662,-0.00055016,-0.00055016,-9.999999999998899e-05,-0.0010970927043333955
1697812800000,2023-10-20T14:40:00Z,0.09105,0.09111,0.09105,0.09111,63147,5751.41283,0.09108,0.09111,0.09105,0.09111,0.09115,0.09117,0.09109,0.09117,-0.00055016,-0.00049078,-0.00073568,-0.00073568,-6.0000000000004494e-05,-0.0006581112207963639
1697813100000,2023-10-20T14:45:00Z,0.09111,0.09116,0.09109,0.09115,68449,6239.24416,0.09111,0.09118,0.09109,0.09115,0.09117,0.09123,0.09114,0.0912,-0.00073568,-0.00031889,-0.00043869,-0.00031889,-5.000000000000837e-05,-0.0005482456140351795
1697813400000,2023-10-20T14:50:00Z,0.09115,0.09115,0.09101,0.09102,51054,4651.40611,0.09115,0.09117,0.09101,0.09104,0.0912,0.09122,0.09107,0.0911,-0.00031889,-0.00022059,-0.00054902,-0.00054902,-7.999999999999674e-05,-0.0008781558726673627
1697813700000,2023-10-20T14:55:00Z,0.09102,0.09106,0.09101,0.09103,37694,3431.22757,0.09104,0.09106,0.09101,0.09103,0.0911,0.09112,0.09105,0.09107,-0.00054902,-0.00038752,-0.00044737,-0.00038752,-3.999999999999837e-05,-0.0004392225760403906
1697814000000,2023-10-20T15:00:00Z,0.09103,0.09106,0.09096,0.09103,37565,3417.68028,0.09103,0.09106,0.09096,0.09104,0.09107,0.09112,0.09103,0.0911,-0.00038752,-0.00019642,-0.00067706,-0.00019642,-7.000000000000062e-05,-0.0007683863885839804
1697814300000,2023-10-20T15:05:00Z,0.09103,0.09106,0.09103,0.09105,13674,1244.82064,0.09104,0.09107,0.09103,0.09106,0.0911,0.09113,0.0911,0.09113,-0.00019642,-0.0007683,-0.00096126,-0.0007683,-7.999999999999674e-05,-0.0008778667837155353
1697814600000,2023-10-20T15:10:00Z,0.09105,0.09111,0.09105,0.0911,12510,1139.35063,0.09106,0.09111,0.09105,0.0911,0.09113,0.09118,0.09112,0.09117,-0.0007683,-0.00045804,-0.00062158,-0.00062158,-7.000000000000062e-05,-0.0007677964242623738
1697814900000,2023-10-20T15:15:00Z,0.0911,0.09114,0.0911,0.0911,100364,9145.51658,0.0911,0.09115,0.0911,0.09111,0.09117,0.09121,0.09117,0.09117,-0.00062158,-0.00051365,-0.00062042,-0.00062042,-7.000000000000062e-05,-0.0007677964242623738
1697815200000,2023-10-20T15:20:00Z,0.0911,0.09113,0.09106,0.09113,106700,9723.19757,0.09111,0.09114,0.09106,0.09113,0.09117,0.0912,0.09113,0.09118,-0.00062042,-0.00041788,-0.00047719,-0.00047719,-4.999999999999449e-05,-0.000548365869708209
1697815500000,2023-10-20T15:25:00Z,0.09113,0.09117,0.09108,0.09108,33401,3044.91389,0.09113,0.09117,0.09108,0.09108,0.09118,0.09122,0.09112,0.09113,-0.00047719,-0.00043859,-0.00050082,-0.00043859,-5.000000000000837e-05,-0.0005486667398223238
1697815800000,2023-10-20T15:30:00Z,0.09108,0.0911,0.09101,0.09102,48353,4401.41809,0.09108,0.09111,0.09101,0.09102,0.09113,0.09116,0.09105,0.09106,-0.00043859,-0.00037817,-0.00050944,-0.00050944,-3.999999999999837e-05,-0.00043927081045462736
1697816100000,2023-10-20T15:35:00Z,0.09102,0.09102,0.091,0.091,1108,100.83781,0.09102,0.09102,0.091,0.091,0.09106,0.09107,0.09103,0.09104,-0.00050944,-0.00029142,-0.00045172,-0.00045172,-3.999999999999837e-05,-0.0004393673110720384
1697816400000,2023-10-20T15:40:00Z,0.091,0.091,0.09091,0.09093,146808,13348.36882,0.091,0.091,0.09093,0.09093,0.09104,0.09104,0.09098,0.09098,-0.00045172,-0.00054951,-0.00054951,-0.00054951,-5.000000000000837e-05,-0.0005495713343592918
1697816700000,2023-10-20T15:45:00Z,0.09093,0.09103,0.09091,0.09103,124857,11356.8719,0.09093,0.09103,0.09092,0.09103,0.09098,0.0911,0.09098,0.09109,-0.00054951,-0.00029157,-0.00052554,-0.00052554,-6.0000000000004494e-05,-0.0006586892084751838
1697817000000,2023-10-20T15:50:00Z,0.09103,0.09107,0.09103,0.09105,67563,6152.2837,0.09103,0.09109,0.09103,0.09105,0.09109,0.09115,0.09109,0.09112,-0.00052554,-0.00037147,-0.00060673,-0.00037147,-7.000000000000062e-05,-0.0007682177348551428
1697817300000,2023-10-20T15:55:00Z,0.09105,0.09108,0.09105,0.09107,38444,3501.2178,0.09105,0.09108,0.09105,0.09108,0.09112,0.09115,0.09111,0.09115,-0.00037147,-0.00028508,-0.00069955,-0.00028508,-7.999999999999674e-05,-0.0008776741634667773
1697817600000,2023-10-20T16:00:00Z,0.09107,0.09108,0.09101,0.09107,189997,17294.06878,0.09108,0.09111,0.09101,0.09107,0.09115,0.09118,0.09107,0.09112,-0.00028508,-0.00032934,-0.00066875,-0.00032934,-5.000000000000837e-05,-0.0005487269534680462
1697817900000,2023-10-20T16:05:00Z,0.09107,0.09115,0.09105,0.09112,73735,6717.56838,0.09107,0.09116,0.09105,0.09113,0.09112,0.09121,0.0911,0.09119,-0.00032934,-0.0002924,-0.00070054,-0.00070054,-6.999999999998674e-05,-0.000767628029389042
1697818200000,2023-10-20T16:10:00Z,0.09112,0.09112,0.09107,0.09107,103295,9407.73078,0.09113,0.09113,0.09107,0.09107,0.09119,0.09119,0.09114,0.09114,-0.00070054,-0.00054097,-0.00058156,-0.00054097,-7.000000000000062e-05,-0.0007680491551459362
1697818500000,2023-10-20T16:15:00Z,0.09107,0.09108,0.09104,0.09107,152039,13843.91893,0.09107,0.0911,0.09104,0.09107,0.09114,0.09117,0.09111,0.09115,-0.00054097,-0.00063722,-0.00075277,-0.00063722,-7.999999999999674e-05,-0.0008776741634667773
1697818800000,2023-10-20T16:20:00Z,0.09107,0.09115,0.09107,0.09115,55241,5033.18934,0.09107,0.09115,0.09107,0.09115,0.09115,0.09121,0.09115,0.09119,-0.00063722,-0.00043864,-0.00052829,-0.00043864,-3.999999999999837e-05,-0.00043864458822237497
1697819100000,2023-10-20T16:25:00Z,0.09115,0.09115,0.09107,0.0911,86260,7857.48972,0.09115,0.09115,0.0911,0.0911,0.09119,0.0912,0.09116,0.09117,-0.00043864,-0.00046369,-0.00059767,-0.00059767,-7.000000000000062e-05,-0.0007677964242623738
1697819400000,2023-10-20T16:30:00Z,0.0911,0.0911,0.09106,0.09107,5070,461.82562,0.0911,0.09111,0.09106,0.09107,0.09117,0.09118,0.09114,0.09114,-0.00059767,-0.00043386,-0.00072492,-0.00072492,-7.000000000000062e-05,-0.0007680491551459362
1697819700000,2023-10-20T16:35:00Z,0.09107,0.09109,0.09103,0.09103,10639,968.79968,0.09107,0.09109,0.09103,0.09103,0.09114,0.09117,0.0911,0.09111,-0.00072492,-0.00069958,-0.00070669,-0.00070669,-7.999999999999674e-05,-0.0008780594885303122
1697820000000,2023-10-20T16:40:00Z,0.09103,0.09103,0.09101,0.09103,8253,751.20726,0.09103,0.09103,0.09101,0.09103,0.09111,0.09111,0.09107,0.09108,-0.00070669,-0.00029732,-0.00048622,-0.00048622,-4.999999999999449e-05,-0.0005489679402722276
1697820300000,2023-10-20T16:45:00Z,0.09103,0.09104,0.09101,0.09104,40576,3693.25416,0.09103,0.09105,0.09102,0.09104,0.09108,0.09111,0.09107,0.09108,-0.00048622,-0.00064532,-0.00075834,-0.00075834,-3.999999999999837e-05,-0.0004391743522178126
1697820600000,2023-10-20T16:50:00Z,0.09104,0.09104,0.09095,0.09096,43049,3915.56858,0.09104,0.09104,0.09095,0.09096,0.09108,0.09108,0.09102,0.09103,-0.00075834,-0.00024206,-0.00072242,-0.00072242,-7.000000000000062e-05,-0.0007689772602438824
1697820900000,2023-10-20T16:55:00Z,0.09096,0.09096,0.09094,0.09096,5010,455.6586,0.09096,0.09097,0.09095,0.09096,0.09103,0.09105,0.09102,0.09105,-0.00072242,-0.00040911,-0.00051993,-0.00040911,-9.000000000000674e-05,-0.0009884678747941432
1697821200000,2023-10-20T17:00:00Z,0.09096,0.09096,0.09091,0.09091,125974,11456.66354,0.09096,0.09096,0.09091,0.09091,0.09105,0.09105,0.09099,0.091,-0.00040911,-0.00081687,-0.00081901,-0.00081901,-8.999999999999286e-05,-0.0009890109890109105
1697821500000,2023-10-20T17:05:00Z,0.09091,0.09094,0.09078,0.09087,471346,42827.00129,0.09091,0.09094,0.09081,0.09087,0.091,0.09102,0.0909,0.09094,-0.00081901,-0.00086274,-0.00093625,-0.00093625,-6.999999999998674e-05,-0.0007697382889816004
1697821800000,2023-10-20T17:10:00Z,0.09087,0.09096,0.09086,0.09094,281538,25601.7274,0.09087,0.09096,0.09087,0.09094,0.09094,0.09101,0.09093,0.09101,-0.00093625,-0.00045104,-0.00065934,-0.00045104,-7.000000000000062e-05,-0.0007691462476650986
1697822100000,2023-10-20T17:15:00Z,0.09094,0.09102,0.09094,0.09102,48560,4418.42322,0.09094,0.09102,0.09094,0.09102,0.09101,0.09107,0.09101,0.09107,-0.00045104,-0.000285,-0.00040303,-0.00040303,-4.999999999999449e-05,-0.0005490282200504501
1697822400000,2023-10-20T17:20:00Z,0.09102,0.09104,0.09102,0.09103,35698,3249.41536,0.09102,0.09107,0.09102,0.09104,0.09107,0.09112,0.09106,0.09109,-0.00040303,-0.00030182,-0.00037889,-0.00037889,-6.0000000000004494e-05,-0.0006586892084751838
1697822700000,2023-10-20T17:25:00Z,0.09103,0.09104,0.09102,0.09104,11373,1035.32371,0.09104,0.09106,0.09102,0.09106,0.09109,0.09111,0.09107,0.09111,-0.00037889,-0.00034935,-0.00036794,-0.00034935,-7.000000000000062e-05,-0.0007683020524640612
1697823000000,2023-10-20T17:30:00Z,0.09104,0.09106,0.09103,0.09105,16899,1538.45284,0.09106,0.09107,0.09104,0.09106,0.09111,0.09113,0.09109,0.09112,-0.00034935,-0.00024835,-0.00027039,-0.00024835,-7.000000000000062e-05,-0.0007682177348551428
1697823300000,2023-10-20T17:35:00Z,0.09105,0.09108,0.09105,0.09108,1453,132.31801,0.09106,0.0911,0.09105,0.09108,0.09112,0.09115,0.09109,0.09113,-0.00024835,-0.00030023,-0.00032294,-0.00030023,-5.000000000000837e-05,-0.0005486667398223238
1697823600000,2023-10-20T17:40:00Z,0.09108,0.09111,0.09108,0.0911,22522,2051.74633,0.09108,0.09111,0.09108,0.0911,0.09113,0.09116,0.09112,0.09115,-0.00030023,-0.0002777,-0.00038738,-0.00038738,-4.999999999999449e-05,-0.0005485463521666977
1697823900000,2023-10-20T17:45:00Z,0.0911,0.09113,0.0911,0.09113,1967,179.21885,0.0911,0.09113,0.0911,0.09113,0.09115,0.09118,0.09114,0.09118,-0.00038738,-0.00014863,-0.00046736,-0.00046736,-4.999999999999449e-05,-0.000548365869708209
1697824200000,2023-10-20T17:50:00Z,0.09113,0.09114,0.09108,0.09109,15840,1443.35262,0.09113,0.09114,0.09109,0.09111,0.09118,0.09119,0.09114,0.09116,-0.00046736,-0.00036594,-0.00044535,-0.00036594,-7.000000000000062e-05,-0.0007678806494076417
1697824500000,2023-10-20T17:55:00Z,0.09109,0.09111,0.09108,0.09111,5987,545.41525,0.09111,0.09112,0.09108,0.09112,0.09116,0.09116,0.09113,0.09116,-0.00036594,-0.00022007,-0.00030312,-0.00022007,-5.000000000000837e-05,-0.0005484861781484024
1697824800000,2023-10-20T18:00:00Z,0.09111,0.09115,0.09109,0.09109,60600,5521.68348,0.09112,0.09115,0.09109,0.09109,0.09116,0.09119,0.09113,0.09113,-0.00022007,-0.00019194,-0.00032901,-0.00032901,-3.999999999999837e-05,-0.00043893339185776766
1697825100000,2023-10-20T18:05:00Z,0.09109,0.09109,0.09095,0.091,84358,7678.19536,0.09109,0.09109,0.09095,0.09101,0.09113,0.09113,0.09099,0.09105,-0.00032901,-0.00013477,-0.00043931,-0.00043931,-5.000000000000837e-05,-0.0005491488193301304
1697825400000,2023-10-20T18:10:00Z,0.091,0.091,0.09092,0.09097,29844,2714.58661,0.09101,0.09101,0.09093,0.09098,0.09105,0.09105,0.09097,0.09104,-0.00043931,-0.00039472,-0.00040026,-0.00040026,-7.000000000000062e-05,-0.0007688927943761052
1697825700000,2023-10-20T18:15:00Z,0.09097,0.09099,0.09093,0.09093,298043,27108.26197,0.09098,0.091,0.09096,0.09096,0.09104,0.09105,0.09102,0.09102,-0.00040026,-0.00046835,-0.00070269,-0.00046835,-9.000000000000674e-05,-0.000988793671720575
1697826000000,2023-10-20T18:20:00Z,0.09093,0.09103,0.09093,0.09102,294208,26773.13436,0.09096,0.09103,0.09096,0.09102,0.09102,0.0911,0.09102,0.09107,-0.00046835,-0.00082272,-0.00108806,-0.00108806,-4.999999999999449e-05,-0.0005490282200504501
1697826300000,2023-10-20T18:25:00Z,0.09102,0.09102,0.09096,0.09097,76419,6952.50262,0.09102,0.09102,0.09097,0.09101,0.09107,0.09109,0.09104,0.09109,-0.00108806,-0.00058794,-0.00059995,-0.00058794,-0.00012000000000000899,-0.0013173784169503676
1697826600000,2023-10-20T18:30:00Z,0.09097,0.09106,0.09097,0.09103,16040,1460.02749,0.09101,0.09106,0.091,0.09103,0.09109,0.09115,0.09109,0.09112,-0.00058794,-0.00061336,-0.00074942,-0.00061336,-9.000000000000674e-05,-0.0009877085162423918
1697826900000,2023-10-20T18:35:00Z,0.09103,0.09108,0.09101,0.09101,10232,931.62985,0.09103,0.09108,0.09101,0.09101,0.09112,0.09115,0.09108,0.09109,-0.00061336,-0.00074522,-0.00074533,-0.00074533,-8.000000000001062e-05,-0.0008782522779669625
1697827200000,2023-10-20T18:40:00Z,0.09101,0.09101,0.09095,0.09096,5794,527.09334,0.09101,0.09101,0.09095,0.09097,0.09109,0.09109,0.09102,0.09105,-0.00074533,-0.00052378,-0.00061518,-0.00052378,-9.000000000000674e-05,-0.0009884678747941432
1697827500000,2023-10-20T18:45:00Z,0.09096,0.09097,0.09096,0.09097,704,64.04286,0.09097,0.09098,0.09096,0.09097,0.09105,0.09105,0.09103,0.09104,-0.00052378,-0.00027581,-0.00053789,-0.00053789,-7.000000000000062e-05,-0.0007688927943761052
1697827800000,2023-10-20T18:50:00Z,0.09097,0.09099,0.09097,0.09097,1163,105.80659,0.09097,0.091,0.09097,0.09097,0.09104,0.09106,0.09103,0.09103,-0.00053789,-0.0005989,-0.00065905,-0.00065905,-6.0000000000004494e-05,-0.0006591233659233713
1697828100000,2023-10-20T18:55:00Z,0.09097,0.09097,0.09089,0.09089,9578,870.80383,0.09097,0.09098,0.09089,0.09089,0.09103,0.09104,0.09096,0.09096,-0.00065905,-0.00051363,-0.00073051,-0.00051363,-7.000000000000062e-05,-0.0007695690413368582
1697828400000,2023-10-20T19:00:00Z,0.09089,0.09092,0.09089,0.09092,106524,9682.0169,0.09089,0.09093,0.09089,0.09092,0.09096,0.091,0.09096,0.091,-0.00051363,-0.00071912,-0.00084054,-0.00084054,-7.999999999999674e-05,-0.0008791208791208433
1697828700000,2023-10-20T19:05:00Z,0.09092,0.09095,0.09092,0.09092,8423,765.87906,0.09092,0.09095,0.09092,0.09092,0.091,0.09102,0.09098,0.09098,-0.00084054,-0.00049043,-0.00061659,-0.00061659,-6.0000000000004494e-05,-0.0006594856012310891
1697829000000,2023-10-20T19:10:00Z,0.09092,0.09092,0.09085,0.09085,1809,164.38722,0.09092,0.09092,0.09085,0.09085,0.09098,0.091,0.09092,0.09093,-0.00061659,-0.00076939,-0.00083443,-0.00083443,-7.999999999999674e-05,-0.0008797976465412596
1697829300000,2023-10-20T19:15:00Z,0.09085,0.09085,0.09082,0.09083,14015,1273.06124,0.09085,0.09085,0.09082,0.09084,0.09093,0.09094,0.09091,0.09093,-0.00083443,-0.00082678,-0.00091838,-0.00091838,-0.00010000000000000286,-0.0010997470581766509
1697829600000,2023-10-20T19:20:00Z,0.09083,0.09085,0.0908,0.09082,77143,7006.12736,0.09084,0.09085,0.0908,0.09082,0.09093,0.09094,0.09087,0.09089,-0.00091838,-0.0004902,-0.00066028,-0.0004902,-7.000000000000062e-05,-0.0007701617339641392
1697829900000,2023-10-20T19:25:00Z,0.09082,0.09085,0.09081,0.09085,106597,9680.93907,0.09082,0.09086,0.09081,0.09086,0.09089,0.09093,0.09087,0.09093,-0.0004902,-0.00055752,-0.00063388,-0.00055752,-7.999999999999674e-05,-0.0008797976465412596
1697830200000,2023-10-20T19:30:00Z,0.09085,0.09092,0.09085,0.09092,8382,761.81635,0.09086,0.09092,0.09085,0.09092,0.09093,0.09099,0.09092,0.09099,-0.00055752,-0.00074085,-0.00074337,-0.00074085,-7.000000000000062e-05,-0.0007693153093746633
1697830500000,2023-10-20T19:35:00Z,0.09092,0.09096,0.0909,0.09093,9396,854.26004,0.09092,0.09097,0.09091,0.09093,0.09099,0.09105,0.09098,0.091,-0.00074085,-0.0007059,-0.00074434,-0.0007059,-7.000000000000062e-05,-0.0007692307692307761
1697830800000,2023-10-20T19:40:00Z,0.09093,0.09099,0.09087,0.09088,440569,40060.70834,0.09093,0.09099,0.09088,0.09088,0.091,0.09101,0.09094,0.09094,-0.0007059,-0.00073463,-0.00074782,-0.00073463,-5.9999999999990616e-05,-0.0006597756762699651
1697831100000,2023-10-20T19:45:00Z,0.09088,0.09093,0.09087,0.09091,85422,7765.72651,0.09088,0.09094,0.09087,0.09094,0.09094,0.091,0.09093,0.091,-0.00073463,-0.00043695,-0.00053055,-0.00053055,-8.999999999999286e-05,-0.0009890109890109105
1697831400000,2023-10-20T19:50:00Z,0.09091,0.09097,0.09091,0.09093,40910,3720.39332,0.09094,0.09097,0.09093,0.09094,0.091,0.09103,0.09099,0.09101,-0.00053055,-0.00049071,-0.0005401,-0.0005401,-7.999999999999674e-05,-0.0008790242830457834
1697831700000,2023-10-20T19:55:00Z,0.09093,0.09096,0.09093,0.09094,75210,6839.89424,0.09094,0.09096,0.09093,0.09095,0.09101,0.09103,0.091,0.09102,-0.0005401,-0.00036589,-0.00057582,-0.00036589,-8.000000000001062e-05,-0.0008789277081961175
1697832000000,2023-10-20T20:00:00Z,0.09094,0.09094,0.09091,0.09092,19148,1741.10009,0.09095,0.09095,0.09091,0.09093,0.09102,0.09102,0.09098,0.091,-0.00036589,-0.00035996,-0.00042681,-0.00042681,-7.999999999999674e-05,-0.0008791208791208433
1697832300000,2023-10-20T20:05:00Z,0.09092,0.09099,0.0909,0.09091,275266,25033.14352,0.09093,0.09099,0.0909,0.09092,0.091,0.09102,0.09099,0.09101,-0.00042681,-0.00094527,-0.00104285,-0.00094527,-9.999999999998899e-05,-0.001098780353807153
1697832600000,2023-10-20T20:10:00Z,0.09091,0.09091,0.0909,0.0909,4392,399.24078,0.09092,0.09092,0.0909,0.0909,0.09101,0.09101,0.09096,0.09097,-0.00094527,-0.00065955,-0.00087921,-0.00065955,-7.000000000000062e-05,-0.0007694844454215744
1697832900000,2023-10-20T20:15:00Z,0.0909,0.0909,0.09084,0.09085,77976,7083.92227,0.0909,0.0909,0.09084,0.09086,0.09097,0.09097,0.09091,0.09094,-0.00065955,-0.00069804,-0.00073257,-0.00073257,-8.999999999999286e-05,-0.0009896635144050238
1697833200000,2023-10-20T20:20:00Z,0.09085,0.09094,0.09085,0.09094,6811,619.3869,0.09086,0.09094,0.09085,0.09094,0.09094,0.09101,0.09093,0.091,-0.00073257,-0.00074057,-0.00075497,-0.00074057,-6.0000000000004494e-05,-0.0006593406593407088
1697833500000,2023-10-20T20:25:00Z,0.09094,0.09094,0.09089,0.0909,48401,4401.05364,0.09094,0.09094,0.09089,0.09092,0.091,0.091,0.09095,0.09099,-0.00074057,-0.00059725,-0.00071009,-0.00059725,-9.000000000000674e-05,-0.0009891196834817754
1697833800000,2023-10-20T20:30:00Z,0.0909,0.09091,0.09088,0.09089,66767,6069.78258,0.09092,0.09092,0.09088,0.09089,0.09099,0.09099,0.09095,0.09096,-0.00059725,-0.00050775,-0.00068744,-0.00050775,-7.000000000000062e-05,-0.0007695690413368582
1697834100000,2023-10-20T20:35:00Z,0.09089,0.09091,0.09088,0.09091,4770,433.54556,0.09089,0.09091,0.09088,0.09091,0.09096,0.09099,0.09095,0.09099,-0.00050775,-0.00061149,-0.00061149,-0.00061149,-7.999999999999674e-05,-0.0008792174964281431
1697834400000,2023-10-20T20:40:00Z,0.09091,0.09094,0.09082,0.09083,60547,5501.40795,0.09091,0.09094,0.09082,0.09083,0.09099,0.09102,0.09088,0.09088,-0.00061149,-0.0004989,-0.00062064,-0.00062064,-5.000000000000837e-05,-0.0005501760563381202
1697834700000,2023-10-20T20:45:00Z,0.09083,0.09083,0.09071,0.09075,234910,21314.89079,0.09083,0.09083,0.09073,0.09075,0.09088,0.09089,0.09079,0.0908,-0.00062064,-0.00037709,-0.00049262,-0.00037709,-5.000000000000837e-05,-0.0005506607929516341
1697835000000,2023-10-20T20:50:00Z,0.09075,0.09077,0.09074,0.09074,7361,668.0758,0.09075,0.09078,0.09075,0.09075,0.0908,0.09083,0.09079,0.0908,-0.00037709,-0.00048028,-0.00054856,-0.00048028,-6.0000000000004494e-05,-0.0006607929515418996
1697835300000,2023-10-20T20:55:00Z,0.09074,0.09075,0.09063,0.09064,653242,59264.07395,0.09075,0.09076,0.09064,0.09064,0.0908,0.09081,0.09067,0.09068,-0.00048028,-0.00044106,-0.00050209,-0.00044106,-3.999999999999837e-05,-0.00044111160123509453
1697835600000,2023-10-20T21:00:00Z,0.09064,0.09065,0.0906,0.09065,514192,46595.54305,0.09064,0.09066,0.0906,0.09066,0.09068,0.0907,0.09064,0.0907,-0.00044106,-0.00009022,-0.0002091,-0.0002091,-5.000000000000837e-05,-0.000551267916207369
1697835900000,2023-10-20T21:05:00Z,0.09065,0.09067,0.09065,0.09066,10954,993.18136,0.09066,0.09067,0.09065,0.09067,0.0907,0.09071,0.09068,0.0907,-0.0002091,-0.00019263,-0.00030242,-0.00019263,-3.999999999999837e-05,-0.0004410143329658034
1697836200000,2023-10-20T21:10:00Z,0.09066,0.09067,0.09066,0.09066,6237,565.49528,0.09067,0.09068,0.09066,0.09066,0.0907,0.09071,0.09069,0.0907,-0.00019263,-0.00013947,-0.00014652,-0.00013947,-3.999999999999837e-05,-0.0004410143329658034
1697836500000,2023-10-20T21:15:00Z,0.09066,0.09066,0.0906,0.09063,464802,42111.80254,0.09066,0.09066,0.0906,0.09064,0.0907,0.0907,0.09064,0.09068,-0.00013947,-0.00013808,-0.00017214,-0.00017214,-4.999999999999449e-05,-0.0005513895015438299
1697836800000,2023-10-20T21:20:00Z,0.09063,0.09069,0.09063,0.09066,152351,13815.01372,0.09064,0.09069,0.09064,0.09066,0.09068,0.09071,0.09068,0.09069,-0.00017214,-0.00030429,-0.00033079,-0.00033079,-3.0000000000002247e-05,-0.0003307972213033658
1697837100000,2023-10-20T21:25:00Z,0.09066,0.09066,0.09061,0.09062,7465,676.51171,0.09066,0.09066,0.09062,0.09063,0.09069,0.0907,0.09066,0.09068,-0.00033079,-0.0002498,-0.00045318,-0.00045318,-5.9999999999990616e-05,-0.0006616674018525652
1697837400000,2023-10-20T21:30:00Z,0.09062,0.09065,0.09062,0.09065,5559,503.80052,0.09063,0.09065,0.09063,0.09065,0.09068,0.09071,0.09068,0.09071,-0.00045318,-0.00044443,-0.00046074,-0.00046074,-6.0000000000004494e-05,-0.0006614485723735476
1697837700000,2023-10-20T21:35:00Z,0.09065,0.09069,0.09064,0.09069,37034,3357.544,0.09065,0.0907,0.09065,0.09069,0.09071,0.09075,0.0907,0.09074,-0.00046074,-0.00018503,-0.0002139,-0.00018503,-4.999999999999449e-05,-0.0005510249063257052
1697838000000,2023-10-20T21:40:00Z,0.09069,0.0907,0.09065,0.09065,131413,11916.26511,0.09069,0.09069,0.09065,0.09065,0.09074,0.09074,0.0907,0.0907,-0.00018503,-0.00036044,-0.00060846,-0.00036044,-5.000000000000837e-05,-0.000551267916207369
1697838300000,2023-10-20T21:45:00Z,0.09065,0.09069,0.09065,0.09068,10825,981.60936,0.09065,0.0907,0.09065,0.0907,0.0907,0.09074,0.0907,0.09074,-0.00036044,-0.00020028,-0.00020337,-0.00020337,-6.0000000000004494e-05,-0.0006612298875909687
1697838600000,2023-10-20T21:50:00Z,0.09068,0.09073,0.09068,0.09071,1524,138.24372,0.0907,0.09074,0.0907,0.09072,0.09074,0.09078,0.09074,0.09077,-0.00020337,-0.00027792,-0.00036653,-0.00036653,-6.0000000000004494e-05,-0.0006610113473615126
1697838900000,2023-10-20T21:55:00Z,0.09071,0.09077,0.09071,0.09077,4907,445.22903,0.09072,0.09078,0.09071,0.09078,0.09077,0.09084,0.09076,0.09084,-0.00036653,-0.00048425,-0.00052879,-0.00052879,-7.000000000000062e-05,-0.0007705856450902753
1697839200000,2023-10-20T22:00:00Z,0.09077,0.09085,0.09076,0.09081,60838,5523.31117,0.09078,0.09085,0.09077,0.09081,0.09084,0.09089,0.09083,0.09087,-0.00052879,-0.00001893,-0.00042566,-0.00042566,-6.0000000000004494e-05,-0.0006602839220865466
1697839500000,2023-10-20T22:05:00Z,0.09081,0.09087,0.09081,0.09084,1906,173.15436,0.09081,0.09087,0.09081,0.09085,0.09087,0.09091,0.09087,0.09091,-0.00042566,-0.00016446,-0.00043999,-0.00043999,-7.000000000000062e-05,-0.0007699923000770059
1697839800000,2023-10-20T22:10:00Z,0.09084,0.09085,0.09081,0.09081,22287,2024.11658,0.09085,0.09086,0.09081,0.09083,0.09091,0.09091,0.09085,0.09088,-0.00043999,-0.00042637,-0.0005444,-0.00042637,-7.000000000000062e-05,-0.0007702464788732462
1697840100000,2023-10-20T22:15:00Z,0.09081,0.09081,0.09077,0.09077,26289,2386.68159,0.09083,0.09083,0.09077,0.09077,0.09088,0.09088,0.09083,0.09083,-0.00042637,-0.00045942,-0.00055096,-0.00045942,-5.9999999999990616e-05,-0.0006605746999888872
1697840400000,2023-10-20T22:20:00Z,0.09077,0.09078,0.09074,0.09077,10018,909.20649,0.09077,0.0908,0.09074,0.09079,0.09083,0.09086,0.0908,0.09085,-0.00045942,-0.00046905,-0.00055053,-0.00046905,-7.999999999999674e-05,-0.0008805723720417913
1697840700000,2023-10-20T22:25:00Z,0.09077,0.09079,0.09077,0.09079,14098,1279.84807,0.09079,0.0908,0.09077,0.09078,0.09085,0.09086,0.09083,0.09084,-0.00046905,-0.00034048,-0.00048018,-0.00048018,-5.000000000000837e-05,-0.0005504183179217126
1697841000000,2023-10-20T22:30:00Z,0.09079,0.09083,0.09078,0.0908,174718,15866.69138,0.09078,0.09083,0.09078,0.09082,0.09084,0.09088,0.09083,0.09087,-0.00048018,-0.0005077,-0.00055041,-0.0005077,-7.000000000000062e-05,-0.0007703312424342534
1697841300000,2023-10-20T22:35:00Z,0.0908,0.09086,0.0908,0.09084,106768,9699.063,0.09082,0.09086,0.09081,0.09085,0.09087,0.0909,0.09087,0.0909,-0.0005077,-0.00018769,-0.0002086,-0.00018769,-5.9999999999990616e-05,-0.0006600660066005569
1697841600000,2023-10-20T22:40:00Z,0.09084,0.09084,0.09079,0.09081,14413,1308.89082,0.09085,0.09085,0.09079,0.09081,0.0909,0.0909,0.09084,0.09087,-0.00018769,-0.00029687,-0.00034176,-0.00034176,-6.0000000000004494e-05,-0.0006602839220865466
1697841900000,2023-10-20T22:45:00Z,0.09081,0.09081,0.09076,0.09076,910,82.62835,0.09081,0.09083,0.09076,0.09078,0.09087,0.09089,0.0908,0.09084,-0.00034176,-0.00020209,-0.00046657,-0.00020209,-8.000000000001062e-05,-0.0008806693086747095
1697842200000,2023-10-20T22:50:00Z,0.09076,0.0908,0.09076,0.0908,13528,1228.32584,0.09078,0.09082,0.09078,0.0908,0.09084,0.09088,0.09083,0.09085,-0.00020209,-0.00034933,-0.0004299,-0.00034933,-4.999999999999449e-05,-0.0005503577325260814
1697842500000,2023-10-20T22:55:00Z,0.0908,0.09087,0.09078,0.09087,35678,3240.33268,0.0908,0.09087,0.09078,0.09087,0.09085,0.09091,0.09082,0.09091,-0.00034933,-0.00039997,-0.00051667,-0.00039997,-3.999999999999837e-05,-0.0004399956000439816
1697842800000,2023-10-20T23:00:00Z,0.09087,0.09087,0.09082,0.09082,25900,2353.20862,0.09087,0.09088,0.09082,0.09082,0.09091,0.09093,0.09086,0.09086,-0.00039997,-0.00043994,-0.00046216,-0.00043994,-3.999999999999837e-05,-0.0004402377283733037
1697843100000,2023-10-20T23:05:00Z,0.09082,0.09084,0.09079,0.09079,27264,2476.37643,0.09082,0.09085,0.09079,0.09079,0.09086,0.09091,0.09083,0.09083,-0.00043994,-0.00058452,-0.00060202,-0.00060202,-3.999999999999837e-05,-0.0004403831333259757
1697843400000,2023-10-20T23:10:00Z,0.09079,0.09081,0.09077,0.09079,24513,2225.57196,0.09079,0.09081,0.09077,0.09079,0.09083,0.09086,0.09082,0.09083,-0.00060202,-0.00044038,-0.00054524,-0.00054524,-3.999999999999837e-05,-0.0004403831333259757
1697843700000,2023-10-20T23:15:00Z,0.09079,0.09079,0.09067,0.09071,48891,4434.24053,0.09079,0.09079,0.09067,0.09071,0.09083,0.09083,0.09071,0.09075,-0.00054524,-0.0005044,-0.00052849,-0.00052849,-3.999999999999837e-05,-0.000440771349862241
1697844000000,2023-10-20T23:20:00Z,0.09071,0.09071,0.09066,0.09066,74117,6721.11734,0.09071,0.09071,0.09066,0.09069,0.09075,0.09076,0.09071,0.09075,-0.00052849,-0.00055114,-0.00062691,-0.00062691,-8.999999999999286e-05,-0.000991735537190004
1697844300000,2023-10-20T23:25:00Z,0.09066,0.09072,0.09066,0.09072,23816,2159.63436,0.09069,0.09072,0.09067,0.09072,0.09075,0.09078,0.09073,0.09077,-0.00062691,-0.00050038,-0.00055084,-0.00055084,-5.000000000000837e-05,-0.000550842789467978
1697844600000,2023-10-20T23:30:00Z,0.09072,0.09072,0.09061,0.09064,93581,8481.85033,0.09072,0.09072,0.09062,0.09065,0.09077,0.09077,0.09068,0.09071,-0.00055084,-0.00053511,-0.0005641,-0.0005641,-7.000000000000062e-05,-0.0007716900011024211
1697844900000,2023-10-20T23:35:00Z,0.09064,0.09064,0.0906,0.0906,42570,3857.63853,0.09065,0.09065,0.09061,0.09061,0.09071,0.09071,0.09066,0.09067,-0.0005641,-0.00057316,-0.00059027,-0.00059027,-7.000000000000062e-05,-0.0007720304400573577
1697845200000,2023-10-20T23:40:00Z,0.0906,0.09065,0.09052,0.09059,370550,33558.45989,0.09061,0.09065,0.09056,0.0906,0.09067,0.09069,0.09063,0.09066,-0.00059027,-0.00043624,-0.0004443,-0.00043624,-7.000000000000062e-05,-0.0007721155967350609
1697845500000,2023-10-20T23:45:00Z,0.09059,0.09059,0.09058,0.09058,274,24.81931,0.0906,0.09062,0.09059,0.09062,0.09066,0.09069,0.09064,0.09069,-0.00043624,-0.00046024,-0.00055145,-0.00055145,-0.00011000000000001287,-0.001212923144779059
1697845800000,2023-10-20T23:50:00Z,0.09058,0.09062,0.09058,0.09062,9462,857.29747,0.09062,0.09062,0.09059,0.09062,0.09069,0.09069,0.09066,0.09069,-0.00055145,-0.00047055,-0.0006445,-0.0006445,-7.000000000000062e-05,-0.0007718601830411358
1697846100000,2023-10-20T23:55:00Z,0.09062,0.09064,0.09059,0.09064,2953,267.57716,0.09062,0.09067,0.09059,0.09067,0.09069,0.09074,0.09064,0.09074,-0.0006445,-0.00043019,-0.00053153,-0.00053153,-0.00010000000000000286,-0.0011020498126515634
1697846400000,2023-10-21T00:00:00Z,0.09064,0.09073,0.09056,0.09058,218083,19768.22542,0.09067,0.09075,0.09058,0.09059,0.09074,0.09082,0.09064,0.09066,-0.00053153,-0.00045819,-0.00057492,-0.00045819,-8.000000000001062e-05,-0.0008824178248401788
1697846700000,2023-10-21T00:05:00Z,0.09058,0.09061,0.09056,0.09056,81186,7353.60701,0.09059,0.09061,0.09057,0.09057,0.09066,0.09068,0.09063,0.09064,-0.00045819,-0.00057175,-0.00075375,-0.00075375,-7.999999999999674e-05,-0.000882612533097934
1697847000000,2023-10-21T00:10:00Z,0.09056,0.09062,0.09052,0.09056,104203,9437.80493,0.09057,0.09062,0.09053,0.09056,0.09064,0.09068,0.09059,0.09063,-0.00075375,-0.00061865,-0.00069053,-0.00069053,-7.000000000000062e-05,-0.0007723711795211367
1697847300000,2023-10-21T00:15:00Z,0.09056,0.09068,0.09056,0.09062,54036,4897.03729,0.09056,0.09068,0.09056,0.09062,0.09063,0.09074,0.09062,0.09068,-0.00069053,-0.00040096,-0.00050159,-0.00040096,-5.9999999999990616e-05,-0.0006616674018525652
1697847600000,2023-10-21T00:20:00Z,0.09062,0.09067,0.09061,0.09061,16657,1509.5009,0.09062,0.09068,0.09062,0.09063,0.09068,0.09074,0.09068,0.09069,-0.00040096,-0.0005512,-0.00056338,-0.0005512,-8.000000000001062e-05,-0.0008821259234756931
1697847900000,2023-10-21T00:25:00Z,0.09061,0.09068,0.09061,0.09066,115676,10485.23047,0.09063,0.09069,0.09063,0.09067,0.09069,0.09074,0.09069,0.09072,-0.0005512,-0.00044086,-0.00067853,-0.00067853,-5.9999999999990616e-05,-0.000661375661375558
1697848200000,2023-10-21T00:30:00Z,0.09066,0.09067,0.0906,0.09062,30212,2738.15135,0.09067,0.09067,0.09061,0.09063,0.09072,0.09072,0.09065,0.09069,-0.00067853,-0.00062987,-0.00063821,-0.00063821,-7.000000000000062e-05,-0.0007718601830411358
1697848500000,2023-10-21T00:35:00Z,0.09062,0.09065,0.0906,0.0906,23614,2140.31389,0.09063,0.09067,0.0906,0.0906,0.09069,0.09073,0.09065,0.09066,-0.00063821,-0.00063189,-0.00074084,-0.00074084,-6.0000000000004494e-05,-0.0006618133686300959
1697848800000,2023-10-21T00:40:00Z,0.0906,0.09061,0.09058,0.09058,2109,191.03429,0.0906,0.09061,0.09058,0.09059,0.09066,0.09067,0.09065,0.09066,-0.00074084,-0.00047104,-0.00060357,-0.00047104,-8.000000000001062e-05,-0.0008824178248401788
1697849100000,2023-10-21T00:45:00Z,0.09058,0.09062,0.09058,0.09062,13494,1222.51741,0.09059,0.09063,0.09058,0.09063,0.09066,0.09069,0.09064,0.09069,-0.00047104,-0.0006288,-0.00082199,-0.0006288,-7.000000000000062e-05,-0.0007718601830411358
1697849400000,2023-10-21T00:50:00Z,0.09062,0.09067,0.09062,0.09066,14260,1292.73314,0.09063,0.09068,0.09062,0.09066,0.09069,0.09074,0.09068,0.09073,-0.0006288,-0.0004402,-0.00051515,-0.00051515,-7.000000000000062e-05,-0.0007715198941915641
1697849700000,2023-10-21T00:55:00Z,0.09066,0.0907,0.09066,0.0907,79441,7203.91774,0.09066,0.0907,0.09066,0.0907,0.09073,0.09074,0.09072,0.09073,-0.00051515,-0.00044985,-0.00054821,-0.00044985,-3.0000000000002247e-05,-0.0003306513832249779
1697850000000,2023-10-21T01:00:00Z,0.0907,0.0907,0.09069,0.09069,944,85.61136,0.0907,0.0907,0.09069,0.09069,0.09073,0.09074,0.09073,0.09074,-0.00044985,-0.00049779,-0.00049944,-0.00049779,-4.999999999999449e-05,-0.0005510249063257052
1697850300000,2023-10-21T01:05:00Z,0.09069,0.09069,0.09061,0.09065,25005,2266.52373,0.09069,0.09069,0.09063,0.09065,0.09074,0.09074,0.09067,0.09071,-0.00049779,-0.00040518,-0.00047227,-0.00047227,-6.0000000000004494e-05,-0.0006614485723735476
1697850600000,2023-10-21T01:10:00Z,0.09065,0.09065,0.09063,0.09064,1620,146.83965,0.09065,0.09066,0.09063,0.09065,0.09071,0.09072,0.09069,0.09071,-0.00047227,-0.00043726,-0.00061378,-0.00043726,-7.000000000000062e-05,-0.0007716900011024211
1697850900000,2023-10-21T01:15:00Z,0.09064,0.09069,0.09064,0.09065,30982,2808.61468,0.09065,0.09069,0.09064,0.09067,0.09071,0.09075,0.0907,0.09074,-0.00043726,-0.00057257,-0.00059788,-0.00057257,-9.000000000000674e-05,-0.000991844831386453
1697851200000,2023-10-21T01:20:00Z,0.09065,0.09073,0.09064,0.09071,134689,12214.9801,0.09067,0.09073,0.09064,0.09071,0.09074,0.09078,0.09071,0.09077,-0.00057257,-0.00050181,-0.00055078,-0.00055078,-6.0000000000004494e-05,-0.0006610113473615126
1697851500000,2023-10-21T01:25:00Z,0.09071,0.09074,0.09068,0.09074,67445,6118.41764,0.09071,0.09075,0.0907,0.09074,0.09077,0.09081,0.09076,0.0908,-0.00055078,-0.00027247,-0.00031075,-0.00031075,-6.0000000000004494e-05,-0.0006607929515418996
1697851800000,2023-10-21T01:30:00Z,0.09074,0.09079,0.09074,0.09078,105854,9608.63772,0.09074,0.09079,0.09074,0.09078,0.0908,0.09082,0.09079,0.09081,-0.00031075,-0.0003983,-0.00048029,-0.00048029,-3.0000000000002247e-05,-0.00033036009250085065
1697852100000,2023-10-21T01:35:00Z,0.09078,0.09078,0.09069,0.09071,26285,2384.54743,0.09078,0.09078,0.09071,0.09073,0.09081,0.09082,0.09074,0.09079,-0.00048029,-0.00047191,-0.00050137,-0.00047191,-7.999999999999674e-05,-0.0008811543121488792
1697852400000,2023-10-21T01:40:00Z,0.09071,0.09073,0.09069,0.09071,43323,3929.36575,0.09073,0.09075,0.09069,0.09075,0.09079,0.09081,0.09075,0.09081,-0.00047191,-0.00042311,-0.00064427,-0.00064427,-0.00010000000000000286,-0.0011012003083361178
1697852700000,2023-10-21T01:45:00Z,0.09071,0.09077,0.09071,0.09074,3977,360.88443,0.09075,0.09076,0.09072,0.09074,0.09081,0.09083,0.09079,0.09081,-0.00064427,-0.00032859,-0.00047571,-0.00032859,-7.000000000000062e-05,-0.0007708402158352673
1697853000000,2023-10-21T01:50:00Z,0.09074,0.09075,0.09072,0.09072,20149,1828.44216,0.09074,0.09076,0.09073,0.09074,0.09081,0.09082,0.09079,0.09079,-0.00032859,-0.00049917,-0.00058269,-0.00049917,-7.000000000000062e-05,-0.0007710100231303075
1697853300000,2023-10-21T01:55:00Z,0.09072,0.09072,0.0907,0.09071,1181,107.11743,0.09074,0.09074,0.0907,0.09072,0.09079,0.09079,0.09075,0.09079,-0.00049917,-0.0005509,-0.00061753,-0.00061753,-7.999999999999674e-05,-0.0008811543121488792
1697853600000,2023-10-21T02:00:00Z,0.09071,0.09071,0.09066,0.09066,7808,707.88949,0.09072,0.09072,0.09066,0.09066,0.09079,0.09079,0.09071,0.09072,-0.00061753,-0.00059678,-0.00067617,-0.00059678,-5.9999999999990616e-05,-0.000661375661375558
1697853900000,2023-10-21T02:05:00Z,0.09066,0.09068,0.09065,0.09065,52771,4784.47519,0.09066,0.09069,0.09065,0.09066,0.09072,0.09076,0.09071,0.09073,-0.00059678,-0.00054017,-0.00061858,-0.00054017,-8.000000000001062e-05,-0.0008817370219333254
1697854200000,2023-10-21T02:10:00Z,0.09065,0.09065,0.09064,0.09064,42712,3871.4169,0.09066,0.09066,0.09064,0.09066,0.09073,0.09073,0.09071,0.09073,-0.00054017,-0.00072696,-0.00072707,-0.00072696,-9.000000000000674e-05,-0.0009919541496749337
1697854500000,2023-10-21T02:15:00Z,0.09064,0.09064,0.09063,0.09063,6024,545.95626,0.09066,0.09067,0.09063,0.09064,0.09073,0.09074,0.09068,0.09071,-0.00072696,-0.00037192,-0.00063146,-0.00063146,-7.999999999999674e-05,-0.0008819314298312947
1697854800000,2023-10-21T02:20:00Z,0.09063,0.0907,0.09063,0.09067,14059,1274.47598,0.09064,0.0907,0.09063,0.09067,0.09071,0.09076,0.09069,0.09071,-0.00063146,-0.00033072,-0.00051559,-0.00051559,-3.999999999999837e-05,-0.00044096571491564733
1697855100000,2023-10-21T02:25:00Z,0.09067,0.09067,0.09065,0.09067,4214,382.05303,0.09067,0.09068,0.09065,0.09067,0.09071,0.09074,0.09071,0.09073,-0.00051559,-0.00053669,-0.00053791,-0.00053791,-6.0000000000004494e-05,-0.0006613027664499558
1697855400000,2023-10-21T02:30:00Z,0.09067,0.09067,0.09062,0.09062,3374,305.81399,0.09067,0.09068,0.09062,0.09063,0.09073,0.09074,0.09068,0.09069,-0.00053791,-0.0005512,-0.00076747,-0.00076747,-7.000000000000062e-05,-0.0007718601830411358
1697855700000,2023-10-21T02:35:00Z,0.09062,0.09062,0.09061,0.09061,992,89.88512,0.09063,0.09063,0.09061,0.09061,0.09069,0.09069,0.09067,0.09068,-0.00076747,-0.00054576,-0.00065644,-0.00065644,-7.000000000000062e-05,-0.0007719453021614536
1697856000000,2023-10-21T02:40:00Z,0.09061,0.09061,0.09058,0.09058,7963,721.32538,0.09061,0.09061,0.09058,0.09059,0.09068,0.09069,0.09065,0.09067,-0.00065644,-0.00060452,-0.00063284,-0.00063284,-9.000000000000674e-05,-0.0009926105657880968
1697856300000,2023-10-21T02:45:00Z,0.09058,0.09058,0.09052,0.09055,100591,9108.15045,0.09059,0.09059,0.09054,0.09055,0.09067,0.09067,0.0906,0.09061,-0.00063284,-0.00047814,-0.00062937,-0.00047814,-5.9999999999990616e-05,-0.0006621785674869288
1697856600000,2023-10-21T02:50:00Z,0.09055,0.09057,0.09054,0.09057,42897,3884.95741,0.09055,0.09058,0.09055,0.09057,0.09061,0.09065,0.0906,0.09064,-0.00047814,-0.00048046,-0.00054446,-0.00054446,-7.000000000000062e-05,-0.0007722859664607306
1697856900000,2023-10-21T02:55:00Z,0.09057,0.09057,0.09054,0.09055,44279,4009.36439,0.09057,0.09058,0.09054,0.09056,0.09064,0.09065,0.09061,0.09063,-0.00054446,-0.00051246,-0.00055169,-0.00051246,-7.999999999999674e-05,-0.0008827099194526839
1697857200000,2023-10-21T03:00:00Z,0.09055,0.09058,0.09055,0.09056,4847,438.9527,0.09056,0.09058,0.09055,0.09056,0.09063,0.09065,0.0906,0.09063,-0.00051246,-0.00057508,-0.0006621,-0.00057508,-7.000000000000062e-05,-0.0007723711795211367
1697857500000,2023-10-21T03:05:00Z,0.09056,0.09056,0.09044,0.09048,173422,15692.0417,0.09056,0.09056,0.09047,0.09048,0.09063,0.09063,0.09053,0.09055,-0.00057508,-0.00055181,-0.00078403,-0.00078403,-7.000000000000062e-05,-0.0007730535615682011
1697857800000,2023-10-21T03:10:00Z,0.09048,0.0905,0.09044,0.0905,50766,4593.25377,0.09048,0.09053,0.09045,0.09053,0.09055,0.09061,0.09052,0.09061,-0.00078403,-0.00074723,-0.00076369,-0.00076369,-0.00010999999999999899,-0.0012139940403928815
1697858100000,2023-10-21T03:15:00Z,0.0905,0.09063,0.0905,0.09063,35225,3189.65631,0.09053,0.09063,0.09053,0.09063,0.09061,0.0907,0.09061,0.09069,-0.00076369,-0.00044336,-0.00053589,-0.00053589,-6.0000000000004494e-05,-0.0006615944426067316
1697858400000,2023-10-21T03:20:00Z,0.09063,0.09065,0.09062,0.09064,6654,603.11497,0.09063,0.09065,0.09062,0.09064,0.09069,0.09072,0.09067,0.09067,-0.00053589,-0.00053076,-0.00062334,-0.00053076,-3.0000000000002247e-05,-0.0003308701885960323
1697858700000,2023-10-21T03:25:00Z,0.09064,0.09064,0.09053,0.09062,45693,4137.9959,0.09064,0.09064,0.09053,0.09062,0.09067,0.09068,0.0906,0.09067,-0.00053076,-0.0003212,-0.0003623,-0.0003623,-4.999999999999449e-05,-0.0005514503143266184
1697859000000,2023-10-21T03:30:00Z,0.09062,0.09063,0.09059,0.09059,10154,920.00963,0.09062,0.09063,0.09059,0.09059,0.09067,0.0907,0.09066,0.09066,-0.0003623,-0.0004684,-0.00053722,-0.0004684,-7.000000000000062e-05,-0.0007721155967350609
1697859300000,2023-10-21T03:35:00Z,0.09059,0.09061,0.09059,0.09061,530,48.0233,0.09059,0.09064,0.09059,0.09064,0.09066,0.0907,0.09066,0.0907,-0.0004684,-0.00063464,-0.00066166,-0.00063464,-9.000000000000674e-05,-0.0009922822491731725
1697859600000,2023-10-21T03:40:00Z,0.09061,0.09062,0.09059,0.09059,4910,444.81255,0.09064,0.09065,0.09059,0.0906,0.0907,0.09071,0.09066,0.09068,-0.00063464,-0.00055145,-0.00061328,-0.00061328,-8.999999999999286e-05,-0.0009925011027789245
1697859900000,2023-10-21T03:45:00Z,0.09059,0.09066,0.09059,0.09066,34243,3104.22084,0.0906,0.09067,0.0906,0.09066,0.09068,0.09074,0.09068,0.09072,-0.00061328,-0.00049145,-0.00075187,-0.00049145,-5.9999999999990616e-05,-0.000661375661375558
1697860200000,2023-10-21T03:50:00Z,0.09066,0.09078,0.09065,0.09077,229924,20858.9273,0.09066,0.09078,0.09065,0.09077,0.09072,0.09085,0.09071,0.09084,-0.00049145,-0.00069125,-0.00078286,-0.00069125,-7.000000000000062e-05,-0.0007705856450902753
1697860500000,2023-10-21T03:55:00Z,0.09077,0.0908,0.09076,0.09077,11804,1071.46373,0.09077,0.0908,0.09076,0.09077,0.09084,0.09087,0.09082,0.09084,-0.00069125,-0.00035593,-0.00061265,-0.00061265,-7.000000000000062e-05,-0.0007705856450902753
1697860800000,2023-10-21T04:00:00Z,0.09077,0.0908,0.09074,0.09078,4704,427.07072,0.09077,0.09081,0.09074,0.09078,0.09084,0.09088,0.09082,0.09086,-0.00061265,-0.0004081,-0.00059046,-0.00059046,-7.999999999999674e-05,-0.0008804754567466074
1697861100000,2023-10-21T04:05:00Z,0.09078,0.0911,0.09078,0.09092,2133002,193988.34046,0.09078,0.09096,0.09078,0.09092,0.09086,0.09099,0.09085,0.09097,-0.00059046,0.00066028,-0.00038065,0.00066028,-4.999999999999449e-05,-0.0005496317467296306
1697861400000,2023-10-21T04:10:00Z,0.09092,0.09093,0.09088,0.09088,127583,11598.25314,0.09092,0.09093,0.09088,0.09088,0.09097,0.09098,0.09092,0.09092,0.00066028,-0.00014967,-0.00026443,-0.00014967,-3.999999999999837e-05,-0.00043994720633522185
1697861700000,2023-10-21T04:15:00Z,0.09088,0.0909,0.09078,0.09078,83967,7629.76136,0.09088,0.09089,0.09078,0.09078,0.09092,0.09093,0.09083,0.09083,-0.00014967,-0.00019601,-0.00026384,-0.00026384,-4.999999999999449e-05,-0.0005504789166574315
1697862000000,2023-10-21T04:20:00Z,0.09078,0.09081,0.09078,0.09081,2492,226.26056,0.09078,0.09081,0.09078,0.09081,0.09083,0.09084,0.09082,0.09083,-0.00026384,-0.00016151,-0.00017802,-0.00017802,-1.9999999999992246e-05,-0.00022019156666291145
1697862300000,2023-10-21T04:25:00Z,0.09081,0.09082,0.09081,0.09082,16342,1484.17782,0.09081,0.09085,0.09081,0.09082,0.09083,0.09088,0.09082,0.09085,-0.00017802,-0.0001227,-0.00027258,-0.0001227,-3.0000000000002247e-05,-0.0003302146395157099
1697862600000,2023-10-21T04:30:00Z,0.09082,0.09084,0.09079,0.09084,26032,2363.97987,0.09082,0.09084,0.0908,0.09084,0.09085,0.09087,0.09084,0.09087,-0.0001227,0,-0.00012117,0,-3.0000000000002247e-05,-0.0003301419610432733
1697862900000,2023-10-21T04:35:00Z,0.09084,0.09086,0.09083,0.09083,11413,1036.81637,0.09084,0.09086,0.09083,0.09083,0.09087,0.09089,0.09086,0.09087,0,0,-0.00012753,0,-4.000000000001225e-05,-0.0004401892813911329
1697863200000,2023-10-21T04:40:00Z,0.09083,0.09083,0.09083,0.09083,0,0,0.09083,0.09083,0.09083,0.09083,0.09087,0.09087,0.09085,0.09085,0,-0.00004644,-0.00027731,-0.00004644,-2.0000000000006124e-05,-0.0002201430930105242
1697863500000,2023-10-21T04:45:00Z,0.09083,0.09086,0.09083,0.09086,26760,2430.6911,0.09083,0.09089,0.09083,0.09089,0.09085,0.09093,0.09085,0.09093,-0.00004644,-0.00013944,-0.00017366,-0.00013944,-7.000000000000062e-05,-0.0007698229407236403
1697863800000,2023-10-21T04:50:00Z,0.09086,0.09089,0.09086,0.09086,7669,696.90217,0.09089,0.09089,0.09087,0.09088,0.09093,0.09093,0.0909,0.09091,-0.00013944,-0.00026704,-0.00027034,-0.00027034,-5.000000000000837e-05,-0.0005499945000550915
1697864100000,2023-10-21T04:55:00Z,0.09086,0.09087,0.09085,0.09085,47778,4341.38939,0.09088,0.09088,0.09085,0.09085,0.09091,0.09092,0.0909,0.0909,-0.00027034,-0.00054999,-0.00054999,-0.00054999,-4.999999999999449e-05,-0.0005500550055004895
1697864400000,2023-10-21T05:00:00Z,0.09085,0.09086,0.09084,0.09085,29044,2638.63824,0.09085,0.09087,0.09084,0.09086,0.0909,0.09091,0.09088,0.0909,-0.00054999,-0.00023872,-0.00041335,-0.00041335,-4.999999999999449e-05,-0.0005500550055004895
1697864700000,2023-10-21T05:05:00Z,0.09085,0.09087,0.09083,0.09087,70774,6429.1502,0.09086,0.09087,0.09083,0.09087,0.0909,0.09092,0.09087,0.09091,-0.00041335,-0.00009096,-0.00018237,-0.00018237,-3.999999999999837e-05,-0.0004399956000439816
1697865000000,2023-10-21T05:10:00Z,0.09087,0.09092,0.09087,0.09092,187911,17080.11654,0.09087,0.09094,0.09087,0.09094,0.09091,0.09098,0.09091,0.09098,-0.00018237,0,0,0,-6.0000000000004494e-05,-0.0006594856012310891
1697865300000,2023-10-21T05:15:00Z,0.09092,0.09096,0.09092,0.09095,120331,10943.74005,0.09094,0.09095,0.09092,0.09095,0.09098,0.09098,0.09096,0.09098,0,-0.00002176,-0.00028965,-0.00002176,-3.0000000000002247e-05,-0.00032974280061554457
1697865600000,2023-10-21T05:20:00Z,0.09095,0.09102,0.09092,0.09102,21956,1997.24751,0.09095,0.09102,0.09092,0.09102,0.09098,0.09106,0.09095,0.09106,-0.00002176,0,-0.00006778,-0.00006778,-3.999999999999837e-05,-0.00043927081045462736
1697865900000,2023-10-21T05:25:00Z,0.09102,0.09104,0.09099,0.09099,22675,2064.213,0.09102,0.09104,0.09099,0.091,0.09106,0.09106,0.09102,0.09103,-0.00006778,0,0,0,-3.999999999999837e-05,-0.00043941557728219673
1697866200000,2023-10-21T05:30:00Z,0.09099,0.09105,0.09098,0.09105,12152,1105.9192,0.091,0.09105,0.09099,0.09105,0.09103,0.09108,0.09103,0.09108,0,-0.00004766,-0.00021702,-0.00004766,-2.999999999998837e-05,-0.0003293807641632452
1697866500000,2023-10-21T05:35:00Z,0.09105,0.09105,0.091,0.09102,22005,2003.38773,0.09105,0.09105,0.09102,0.09102,0.09108,0.09109,0.09103,0.09106,-0.00004766,-0.00011588,-0.00032941,-0.00011588,-3.999999999999837e-05,-0.00043927081045462736
1697866800000,2023-10-21T05:40:00Z,0.09102,0.09102,0.09099,0.091,8094,736.64822,0.09102,0.09105,0.09099,0.091,0.09106,0.09109,0.09103,0.09103,-0.00011588,-0.00030195,-0.00032183,-0.00032183,-3.0000000000002247e-05,-0.00032956168296168566
1697867100000,2023-10-21T05:45:00Z,0.091,0.091,0.09099,0.09099,15098,1373.76702,0.091,0.09101,0.09099,0.09099,0.09103,0.09105,0.09103,0.09103,-0.00032183,-0.00021647,-0.00021693,-0.00021693,-3.999999999999837e-05,-0.00043941557728219673
1697867400000,2023-10-21T05:50:00Z,0.09099,0.09099,0.09092,0.09092,7052,641.41137,0.09099,0.09099,0.09092,0.09092,0.09103,0.09103,0.09096,0.09097,-0.00021693,-0.00027145,-0.00043956,-0.00027145,-4.999999999999449e-05,-0.0005496317467296306
1697867700000,2023-10-21T05:55:00Z,0.09092,0.09097,0.09091,0.09097,22089,2008.3975,0.09092,0.09097,0.09092,0.09097,0.09097,0.09101,0.09097,0.091,-0.00027145,-0.0002229,-0.00028629,-0.00028629,-3.0000000000002247e-05,-0.0003296703296703544
1697868000000,2023-10-21T06:00:00Z,0.09097,0.09097,0.09089,0.09089,15754,1432.16765,0.09097,0.09097,0.09089,0.09089,0.091,0.091,0.09094,0.09094,-0.00028629,-0.00032981,-0.00054969,-0.00054969,-4.999999999999449e-05,-0.0005498130635583296
1697868300000,2023-10-21T06:05:00Z,0.09089,0.09089,0.09086,0.09086,6070,551.54703,0.09089,0.0909,0.09087,0.09088,0.09094,0.09095,0.09092,0.09093,-0.00054969,-0.00038506,-0.00059991,-0.00059991,-7.000000000000062e-05,-0.0007698229407236403
1697868600000,2023-10-21T06:10:00Z,0.09086,0.09098,0.09086,0.09096,8341,758.23649,0.09088,0.091,0.09087,0.09096,0.09093,0.09105,0.09092,0.09102,-0.00059991,-0.00016699,-0.00028177,-0.00028177,-6.0000000000004494e-05,-0.00065919578114705
1697868900000,2023-10-21T06:15:00Z,0.09096,0.09096,0.09081,0.09086,638133,57986.45982,0.09096,0.09096,0.09081,0.09086,0.09102,0.09102,0.09084,0.09089,-0.00028177,-0.00016998,-0.00020774,-0.00020774,-3.0000000000002247e-05,-0.0003300693145560815
1697869200000,2023-10-21T06:20:00Z,0.09086,0.09088,0.09082,0.09088,17324,1573.42373,0.09086,0.09089,0.09084,0.09089,0.09089,0.09095,0.09087,0.09095,-0.00020774,-0.0001059,-0.00024928,-0.0001059,-7.000000000000062e-05,-0.0007696536558548721
1697869500000,2023-10-21T06:25:00Z,0.09088,0.09099,0.09088,0.09099,33974,3089.71504,0.09089,0.09099,0.09089,0.09099,0.09095,0.09103,0.09094,0.09101,-0.0001059,-0.00004583,-0.00004835,-0.00004835,-1.9999999999992246e-05,-0.0002197560707613696
1697869800000,2023-10-21T06:30:00Z,0.09099,0.09115,0.09099,0.09114,61382,5591.07514,0.09099,0.09117,0.09099,0.09115,0.09101,0.09121,0.09099,0.09119,-0.00004835,-0.00010153,-0.0002057,-0.00010153,-4.999999999999449e-05,-0.0005483057352779307
1697870100000,2023-10-21T06:35:00Z,0.09114,0.09115,0.09107,0.0911,77486,7059.59154,0.09115,0.09117,0.09107,0.09112,0.09119,0.09121,0.09111,0.09116,-0.00010153,-0.000071,-0.00014081,-0.00014081,-6.0000000000004494e-05,-0.0006581834137780221
1697870400000,2023-10-21T06:40:00Z,0.0911,0.09115,0.0911,0.09115,36094,3289.60395,0.09112,0.09117,0.09112,0.09117,0.09116,0.0912,0.09116,0.0912,-0.00014081,0,0,0,-5.000000000000837e-05,-0.0005482456140351795
1697870700000,2023-10-21T06:45:00Z,0.09115,0.09129,0.09115,0.09128,93645,8545.53173,0.09117,0.09127,0.09115,0.09127,0.0912,0.09127,0.09118,0.09127,0,0,0,0,9.999999999996123e-06,0.0001095650268433891
1697871000000,2023-10-21T06:50:00Z,0.09128,0.09128,0.0912,0.09121,118661,10824.78969,0.09127,0.09127,0.09122,0.09123,0.09127,0.09127,0.09125,0.09126,0,0,0,0,-4.999999999999449e-05,-0.0005478851632697184
1697871300000,2023-10-21T06:55:00Z,0.09121,0.09123,0.09112,0.09119,55897,5097.42316,0.09123,0.09123,0.09112,0.09119,0.09126,0.09126,0.09115,0.0912,0,0,-0.00002741,-0.00002741,-1.0000000000010001e-05,-0.0001096491228071272
1697871600000,2023-10-21T07:00:00Z,0.09119,0.09121,0.0911,0.09111,66053,6021.83292,0.09119,0.09121,0.09111,0.09112,0.0912,0.09122,0.09115,0.09116,-0.00002741,-0.00016575,-0.00041377,-0.00041377,-5.000000000000837e-05,-0.0005484861781484024
1697871900000,2023-10-21T07:05:00Z,0.09111,0.09111,0.09106,0.09106,15047,1370.21383,0.09112,0.09112,0.09106,0.09108,0.09116,0.09116,0.09108,0.09112,-0.00041377,-0.0002304,-0.00042339,-0.00042339,-6.0000000000004494e-05,-0.0006584723441615945
1697872200000,2023-10-21T07:10:00Z,0.09106,0.09109,0.09101,0.09101,14638,1332.9513,0.09108,0.0911,0.09101,0.09101,0.09112,0.09115,0.09106,0.09106,-0.00042339,-0.00025829,-0.00047098,-0.00025829,-5.000000000000837e-05,-0.0005490885130683985
1697872500000,2023-10-21T07:15:00Z,0.09101,0.09103,0.091,0.09103,14432,1313.68665,0.09101,0.09107,0.091,0.09107,0.09106,0.0911,0.09105,0.09109,-0.00025829,-0.00006938,-0.00025642,-0.00025642,-6.0000000000004494e-05,-0.0006586892084751838
1697872800000,2023-10-21T07:20:00Z,0.09103,0.09107,0.09101,0.09101,41810,3807.09293,0.09107,0.09108,0.09101,0.09101,0.09109,0.0911,0.09103,0.09103,-0.00025642,-0.0002162,-0.00031115,-0.0002162,-2.0000000000006124e-05,-0.0002197077886411746
1697873100000,2023-10-21T07:25:00Z,0.09101,0.09106,0.09095,0.09104,96729,8806.16515,0.09101,0.09105,0.09096,0.09104,0.09103,0.09105,0.09099,0.09105,-0.0002162,0,-0.00005777,0,-1.0000000000010001e-05,-0.00010982976386611752
1697873400000,2023-10-21T07:30:00Z,0.09104,0.09106,0.09091,0.09091,62560,5691.38638,0.09104,0.09107,0.09093,0.09093,0.09105,0.09109,0.09095,0.09097,0,-0.00003086,-0.00011466,-0.00003086,-5.9999999999990616e-05,-0.0006595580960755262
1697873700000,2023-10-21T07:35:00Z,0.09091,0.09095,0.09091,0.09093,37590,3417.40241,0.09093,0.09095,0.09091,0.09093,0.09097,0.09099,0.09093,0.09097,-0.00003086,0,-0.00006276,-0.00006276,-3.999999999999837e-05,-0.000439705397383735
1697874000000,2023-10-21T07:40:00Z,0.09093,0.09101,0.09093,0.09101,31792,2891.80883,0.09093,0.09103,0.09093,0.09102,0.09097,0.09105,0.09097,0.09104,-0.00006276,0,-0.00001757,0,-3.0000000000002247e-05,-0.00032952548330406685
1697874300000,2023-10-21T07:45:00Z,0.09101,0.09102,0.09096,0.09102,31485,2864.62,0.09102,0.09104,0.09098,0.09102,0.09104,0.09107,0.09101,0.09106,0,0,-0.00013149,0,-3.999999999999837e-05,-0.00043927081045462736
1697874600000,2023-10-21T07:50:00Z,0.09102,0.09103,0.09101,0.09101,1072,97.56936,0.09102,0.09103,0.09101,0.09102,0.09106,0.09107,0.09104,0.09105,0,0,-0.00002262,0,-4.000000000001225e-05,-0.00043931905546416524
1697874900000,2023-10-21T07:55:00Z,0.09101,0.09104,0.09097,0.09101,138281,12582.74751,0.09102,0.09104,0.091,0.09101,0.09105,0.09107,0.09101,0.09104,0,-0.00002263,-0.00021867,-0.00002263,-3.0000000000002247e-05,-0.00032952548330406685
1697875200000,2023-10-21T08:00:00Z,0.09101,0.09101,0.09084,0.09087,187779,17066.68786,0.09101,0.09101,0.09086,0.09087,0.09104,0.09104,0.09089,0.0909,-0.00002263,0,-0.00013168,-0.00013168,-2.999999999998837e-05,-0.0003300330033002021
1697875500000,2023-10-21T08:05:00Z,0.09087,0.09088,0.09082,0.09082,104391,9484.92161,0.09087,0.09088,0.09084,0.09084,0.0909,0.09091,0.09085,0.09088,-0.00013168,-0.0002605,-0.00028712,-0.0002605,-6.0000000000004494e-05,-0.0006602112676056832
1697875800000,2023-10-21T08:10:00Z,0.09082,0.09091,0.09082,0.09084,19253,1748.97811,0.09084,0.09091,0.09083,0.09085,0.09088,0.09095,0.09087,0.09089,-0.0002605,0,-0.00026356,0,-4.999999999999449e-05,-0.000550115524260034
1697876100000,2023-10-21T08:15:00Z,0.09084,0.09089,0.09084,0.09085,13674,1242.56644,0.09085,0.09089,0.09085,0.09087,0.09089,0.09093,0.09088,0.09091,0,0,0,0,-6.0000000000004494e-05,-0.0006599934000660488
1697876400000,2023-10-21T08:20:00Z,0.09085,0.09091,0.09084,0.09091,19885,1806.93629,0.09087,0.09092,0.09085,0.09091,0.09091,0.09096,0.09088,0.09095,0,-0.00001628,-0.00011329,-0.00011329,-3.999999999999837e-05,-0.0004398020890599051
1697876700000,2023-10-21T08:25:00Z,0.09091,0.09091,0.09084,0.09084,3518,319.68346,0.09091,0.09091,0.09086,0.09087,0.09095,0.09095,0.0909,0.09091,-0.00011329,-0.00022002,-0.00027048,-0.00022002,-7.000000000000062e-05,-0.0007699923000770059
1697877000000,2023-10-21T08:30:00Z,0.09084,0.09087,0.09081,0.09081,16213,1472.73321,0.09087,0.09087,0.09081,0.09081,0.09091,0.09091,0.09083,0.09084,-0.00022002,-0.00002718,-0.00039526,-0.00039526,-3.0000000000002247e-05,-0.000330250990752997
1697877300000,2023-10-21T08:35:00Z,0.09081,0.09081,0.09069,0.09075,199011,18056.99949,0.09081,0.09081,0.09072,0.09075,0.09084,0.09084,0.09076,0.09078,-0.00039526,-0.00028851,-0.00029474,-0.00029474,-3.0000000000002247e-05,-0.00033046926635825344
1697877600000,2023-10-21T08:40:00Z,0.09075,0.09075,0.09071,0.09073,34061,3089.74103,0.09075,0.09075,0.09071,0.09073,0.09078,0.09079,0.09074,0.09077,-0.00029474,0,-0.00000033,-0.00000033,-3.999999999999837e-05,-0.0004406742315742907
1697877900000,2023-10-21T08:45:00Z,0.09073,0.09078,0.09072,0.09076,18479,1677.1443,0.09073,0.09078,0.09072,0.09076,0.09077,0.09082,0.09075,0.09079,-0.00000033,-0.00019764,-0.00027235,-0.00027235,-3.0000000000002247e-05,-0.00033043286705586794
1697878200000,2023-10-21T08:50:00Z,0.09076,0.09079,0.09074,0.09074,186554,16932.95018,0.09076,0.09079,0.09074,0.09076,0.09079,0.0908,0.09077,0.09079,-0.00027235,-0.00012633,-0.00027638,-0.00012633,-4.999999999999449e-05,-0.0005507214450930113
1697878500000,2023-10-21T08:55:00Z,0.09074,0.09078,0.09074,0.09076,63044,5721.45827,0.09076,0.09078,0.09075,0.09076,0.09079,0.09081,0.09077,0.0908,-0.00012633,-0.00036629,-0.00039229,-0.00036629,-4.000000000001225e-05,-0.0004405286343613683
1697878800000,2023-10-21T09:00:00Z,0.09076,0.09076,0.09071,0.09075,47340,4295.08278,0.09076,0.09078,0.09072,0.09077,0.0908,0.09082,0.09075,0.09081,-0.00036629,-0.00015064,-0.000328,-0.00015064,-6.0000000000004494e-05,-0.0006607201850017013
1697879100000,2023-10-21T09:05:00Z,0.09075,0.09076,0.09075,0.09075,15527,1409.17525,0.09077,0.09078,0.09075,0.09076,0.09081,0.09082,0.0908,0.09081,-0.00015064,-0.00025415,-0.00054773,-0.00025415,-6.0000000000004494e-05,-0.0006607201850017013
1697879400000,2023-10-21T09:10:00Z,0.09075,0.09087,0.09075,0.09087,24903,2261.82774,0.09076,0.09087,0.09076,0.09087,0.09081,0.09092,0.09081,0.0909,-0.00025415,0,-0.00006787,-0.00006787,-2.999999999998837e-05,-0.0003300330033002021
1697879700000,2023-10-21T09:15:00Z,0.09087,0.09087,0.09084,0.09084,9759,886.78098,0.09087,0.09087,0.09084,0.09084,0.0909,0.09091,0.09087,0.09087,-0.00006787,-0.00022409,-0.00028195,-0.00022409,-3.0000000000002247e-05,-0.0003301419610432733
1697880000000,2023-10-21T09:20:00Z,0.09084,0.09085,0.09083,0.09083,69739,6334.86413,0.09084,0.09085,0.09083,0.09083,0.09087,0.09088,0.09082,0.09084,-0.00022409,-0.00002201,-0.00010778,-0.00010778,-1.0000000000010001e-05,-0.00011008366358443417
1697880300000,2023-10-21T09:25:00Z,0.09083,0.09085,0.09082,0.09085,36751,3338.82619,0.09083,0.09089,0.09082,0.09089,0.09084,0.09091,0.09084,0.09091,-0.00010778,0,0,0,-6.0000000000004494e-05,-0.0006599934000660488
1697880600000,2023-10-21T09:30:00Z,0.09085,0.09094,0.09085,0.09093,106743,9705.45027,0.09089,0.09094,0.09088,0.09093,0.09091,0.09096,0.0909,0.09095,0,-0.00007157,-0.00026011,-0.00026011,-2.0000000000006124e-05,-0.00021990104453002886
1697880900000,2023-10-21T09:35:00Z,0.09093,0.09099,0.09088,0.0909,282677,25708.53556,0.09093,0.09093,0.09089,0.09091,0.09095,0.09096,0.09092,0.09094,-0.00026011,-0.00005575,-0.00016881,-0.00005575,-3.999999999999837e-05,-0.0004398504508466942
1697881200000,2023-10-21T09:40:00Z,0.0909,0.091,0.0909,0.09095,264859,24094.92373,0.09091,0.09097,0.0909,0.09095,0.09094,0.09097,0.09092,0.09097,-0.00005575,0,0,0,-1.9999999999992246e-05,-0.00021985269869179123
1697881500000,2023-10-21T09:45:00Z,0.09095,0.09097,0.09091,0.09091,11619,1056.75667,0.09095,0.09097,0.09092,0.09092,0.09097,0.09099,0.09094,0.09094,0,-0.00002319,-0.00008056,-0.00008056,-2.999999999998837e-05,-0.0003298878381349062
1697881800000,2023-10-21T09:50:00Z,0.09091,0.09097,0.09088,0.09094,34932,3176.51748,0.09092,0.09097,0.0909,0.09094,0.09094,0.09099,0.09091,0.09096,-0.00008056,0,-0.00007518,0,-2.0000000000006124e-05,-0.00021987686895345344
1697882100000,2023-10-21T09:55:00Z,0.09094,0.09101,0.09093,0.09098,137340,12495.76641,0.09094,0.091,0.09093,0.09098,0.09096,0.09102,0.09095,0.091,0,0,-0.00002847,0,-1.9999999999992246e-05,-0.0002197802197801346
1697882400000,2023-10-21T10:00:00Z,0.09098,0.091,0.0909,0.09097,275065,25014.14741,0.09098,0.091,0.09091,0.09097,0.091,0.09102,0.09094,0.09099,0,0,-0.00042035,0,-2.0000000000006124e-05,-0.00021980437410711203
1697882700000,2023-10-21T10:05:00Z,0.09097,0.09098,0.0909,0.0909,14679,1334.99135,0.09097,0.09099,0.0909,0.09091,0.09099,0.09101,0.09093,0.09094,0,0,-0.0000607,-0.0000607,-3.999999999999837e-05,-0.0004398504508466942
1697883000000,2023-10-21T10:10:00Z,0.0909,0.09092,0.09088,0.09091,59463,5404.40207,0.09091,0.09092,0.09089,0.09091,0.09094,0.09094,0.09091,0.09093,-0.0000607,0,-0.00004751,0,-1.9999999999992246e-05,-0.0002199494116352386
1697883300000,2023-10-21T10:15:00Z,0.09091,0.09091,0.09083,0.09086,28767,2614.42434,0.09091,0.09092,0.09084,0.09088,0.09093,0.09094,0.09086,0.0909,0,-0.00012215,-0.00016914,-0.00016914,-3.999999999999837e-05,-0.00044004400440042214
1697883600000,2023-10-21T10:20:00Z,0.09086,0.09087,0.09082,0.09086,21391,1943.5785,0.09088,0.09088,0.09082,0.09086,0.0909,0.0909,0.09085,0.09089,-0.00016914,0,-0.00008855,-0.00008855,-3.0000000000002247e-05,-0.0003300693145560815
1697883900000,2023-10-21T10:25:00Z,0.09086,0.09086,0.09078,0.09078,42139,3826.54112,0.09086,0.09086,0.09078,0.09078,0.09089,0.09089,0.09081,0.09081,-0.00008855,-0.00011009,-0.00016061,-0.00011009,-3.0000000000002247e-05,-0.00033036009250085065
1697884200000,2023-10-21T10:30:00Z,0.09078,0.09085,0.09078,0.09085,10151,921.81315,0.09078,0.09085,0.09078,0.09085,0.09081,0.09087,0.09081,0.09086,-0.00011009,0,-0.00017314,-0.00017314,-9.999999999996123e-06,-0.00011005943209328773
1697884500000,2023-10-21T10:35:00Z,0.09085,0.09085,0.09081,0.09081,28956,2629.92531,0.09085,0.09085,0.09081,0.09082,0.09086,0.09086,0.09083,0.09084,-0.00017314,0,0,0,-3.0000000000002247e-05,-0.000330250990752997
1697884800000,2023-10-21T10:40:00Z,0.09081,0.09084,0.09081,0.09083,54472,4947.38937,0.09082,0.09085,0.09081,0.09084,0.09084,0.09086,0.09083,0.09086,0,0,0,0,-3.0000000000002247e-05,-0.00033017829628001597
1697885100000,2023-10-21T10:45:00Z,0.09083,0.09085,0.09081,0.09081,55211,5015.1389,0.09084,0.09085,0.09081,0.09081,0.09086,0.09087,0.09083,0.09083,0,0,-0.00009486,-0.00009486,-1.9999999999992246e-05,-0.00022019156666291145
1697885400000,2023-10-21T10:50:00Z,0.09081,0.09088,0.09081,0.09084,253279,23010.37349,0.09081,0.09085,0.09081,0.09084,0.09083,0.09086,0.09083,0.09085,-0.00009486,0,-0.00002796,0,-9.999999999996123e-06,-0.00011007154650518572
1697885700000,2023-10-21T10:55:00Z,0.09084,0.09086,0.09078,0.09078,77612,7049.75455,0.09084,0.09086,0.09079,0.0908,0.09085,0.09086,0.0908,0.09081,0,0,-0.00015929,0,-3.0000000000002247e-05,-0.00033036009250085065
1697886000000,2023-10-21T11:00:00Z,0.09078,0.09078,0.0907,0.09074,92152,8361.04739,0.0908,0.0908,0.09071,0.09074,0.09081,0.09081,0.09073,0.09075,0,0,0,0,-9.999999999996123e-06,-0.00011019283746552202
1697886300000,2023-10-21T11:05:00Z,0.09074,0.0908,0.09074,0.09075,44973,4082.25121,0.09074,0.0908,0.09074,0.09078,0.09075,0.09081,0.09075,0.09078,0,0,0,0,-3.0000000000002247e-05,-0.00033046926635825344
1697886600000,2023-10-21T11:10:00Z,0.09075,0.09079,0.09073,0.09073,21123,1916.88493,0.09078,0.09079,0.09073,0.09074,0.09078,0.0908,0.09075,0.09076,0,0,-0.0001161,-0.0001161,-2.999999999998837e-05,-0.00033054208902587453
1697886900000,2023-10-21T11:15:00Z,0.09073,0.09077,0.09072,0.09075,53018,4811.35494,0.09074,0.09077,0.09073,0.09075,0.09076,0.09079,0.09074,0.09076,-0.0001161,0,-0.00011014,-0.00011014,-9.999999999996123e-06,-0.00011018069634195817
1697887200000,2023-10-21T11:20:00Z,0.09075,0.09075,0.0905,0.09054,313896,28435.23278,0.09075,0.09075,0.09053,0.09055,0.09076,0.09076,0.09056,0.09058,-0.00011014,-0.00019931,-0.00024558,-0.00024558,-3.999999999999837e-05,-0.000441598586884504
1697887500000,2023-10-21T11:25:00Z,0.09054,0.0906,0.09054,0.09056,145359,13163.47463,0.09055,0.09062,0.09055,0.09056,0.09058,0.09065,0.09057,0.09059,-0.00024558,-0.00009742,-0.00012104,-0.00009742,-3.0000000000002247e-05,-0.00033116237995366204
1697887800000,2023-10-21T11:30:00Z,0.09056,0.0907,0.09051,0.09067,508430,46054.12028,0.09056,0.09069,0.09052,0.09067,0.09059,0.0907,0.09054,0.0907,-0.00009742,0,-0.0001996,0,-3.0000000000002247e-05,-0.0003307607497243908
1697888100000,2023-10-21T11:35:00Z,0.09067,0.09068,0.09055,0.09057,26397,2392.65606,0.09067,0.09068,0.09055,0.09057,0.0907,0.09071,0.09057,0.0906,0,0,-0.00003985,-0.00003985,-3.0000000000002247e-05,-0.00033112582781459436
1697888400000,2023-10-21T11:40:00Z,0.09057,0.09059,0.09056,0.09059,4191,379.61617,0.09057,0.0906,0.09056,0.0906,0.0906,0.09062,0.09057,0.09062,-0.00003985,-0.00003079,-0.00016629,-0.00003079,-3.0000000000002247e-05,-0.000331052747737831
1697888700000,2023-10-21T11:45:00Z,0.09059,0.09073,0.09059,0.09073,74017,6712.37197,0.0906,0.09074,0.0906,0.09073,0.09062,0.09076,0.09062,0.09074,-0.00003079,0,-0.00020941,0,-9.999999999996123e-06,-0.00011020498126511046
1697889000000,2023-10-21T11:50:00Z,0.09073,0.09073,0.09063,0.09065,43682,3962.36251,0.09073,0.09073,0.09064,0.09065,0.09074,0.09075,0.09066,0.09069,0,-0.00012538,-0.00032995,-0.00012538,-4.000000000001225e-05,-0.00044106296173792306
1697889300000,2023-10-21T11:55:00Z,0.09065,0.09069,0.09064,0.09068,12531,1136.28631,0.09065,0.09069,0.09065,0.09068,0.09069,0.09073,0.09068,0.09072,-0.00012538,-0.00014377,-0.00031183,-0.00031183,-3.999999999999837e-05,-0.0004409171075837563
1697889600000,2023-10-21T12:00:00Z,0.09068,0.09071,0.09058,0.09058,87918,7971.82703,0.09068,0.09073,0.09058,0.09058,0.09072,0.09077,0.09061,0.09061,-0.00031183,-0.000546,-0.00078738,-0.00078738,-3.0000000000002247e-05,-0.000331089283743541
1697889900000,2023-10-21T12:05:00Z,0.09058,0.09063,0.09057,0.0906,205255,18596.45753,0.09058,0.09061,0.09057,0.09061,0.09061,0.09066,0.0906,0.09066,-0.00078738,0,-0.00023444,-0.00023444,-6.0000000000004494e-05,-0.0006618133686300959
1697890200000,2023-10-21T12:10:00Z,0.0906,0.09063,0.09057,0.09063,184839,16747.72731,0.09061,0.09063,0.09058,0.09063,0.09066,0.09069,0.09059,0.09067,-0.00023444,-0.00045074,-0.00054969,-0.00045074,-3.999999999999837e-05,-0.00044116025146132535
1697890500000,2023-10-21T12:15:00Z,0.09063,0.09063,0.09061,0.09062,10390,941.567,0.09063,0.09065,0.0906,0.09062,0.09067,0.0907,0.0906,0.09061,-0.00045074,0,-0.00057591,0,1.0000000000010001e-05,0.00011036309458128244
1697890800000,2023-10-21T12:20:00Z,0.09062,0.09063,0.09061,0.09063,29639,2685.82415,0.09062,0.0907,0.0906,0.09069,0.09061,0.0907,0.0906,0.09068,0,0,0,0,-4.999999999999449e-05,-0.0005513895015438299
1697891100000,2023-10-21T12:25:00Z,0.09063,0.09068,0.09063,0.09068,1895,171.8138,0.09069,0.09071,0.09066,0.0907,0.09068,0.09075,0.09066,0.09075,0,-0.00015781,-0.00029538,-0.00015781,-7.000000000000062e-05,-0.00077134986225896
1697891400000,2023-10-21T12:30:00Z,0.09068,0.09071,0.09067,0.09067,42385,3844.12941,0.0907,0.09072,0.09066,0.0907,0.09075,0.09077,0.09066,0.09076,-0.00015781,-0.00035742,-0.00048391,-0.00035742,-8.999999999999286e-05,-0.0009916262670779294
1697891700000,2023-10-21T12:35:00Z,0.09067,0.09071,0.09064,0.09064,177409,16088.1717,0.0907,0.09072,0.09065,0.09072,0.09076,0.09076,0.09065,0.09074,-0.00035742,0,-0.0000343,-0.0000343,-0.00010000000000000286,-0.0011020498126515634
1697892000000,2023-10-21T12:40:00Z,0.09064,0.0908,0.09064,0.09073,496846,45082.02148,0.09072,0.09076,0.09068,0.09073,0.09074,0.09077,0.09069,0.09074,-0.0000343,0,0,0,-9.999999999996123e-06,-0.00011020498126511046
1697892300000,2023-10-21T12:45:00Z,0.09073,0.09073,0.09065,0.09065,137341,12452.76669,0.09073,0.09073,0.09065,0.09065,0.09074,0.09074,0.09065,0.09065,0,0,0,0,0.0,0.0
1697892600000,2023-10-21T12:50:00Z,0.09065,0.09065,0.09058,0.0906,109327,9906.43878,0.09065,0.09071,0.0906,0.0906,0.09065,0.09072,0.09061,0.09067,0,-0.00040185,-0.00057366,-0.00040185,-7.000000000000062e-05,-0.0007720304400573577
1697892900000,2023-10-21T12:55:00Z,0.0906,0.09073,0.0906,0.0907,243292,22064.26274,0.0906,0.09073,0.0906,0.0907,0.09067,0.09079,0.09067,0.09076,-0.00040185,-0.00027049,-0.00053493,-0.00027049,-5.9999999999990616e-05,-0.0006610841780519019
1697893200000,2023-10-21T13:00:00Z,0.0907,0.09086,0.0907,0.09083,166131,15084.85985,0.0907,0.09086,0.09069,0.09085,0.09076,0.0909,0.09069,0.09089,-0.00027049,0,-0.00058455,0,-6.0000000000004494e-05,-0.000660138629112163
1697893500000,2023-10-21T13:05:00Z,0.09083,0.09083,0.09072,0.09072,19790,1796.64979,0.09085,0.09086,0.09072,0.09072,0.09089,0.09092,0.09074,0.09075,0,-0.00024399,-0.00100594,-0.00024399,-3.0000000000002247e-05,-0.00033057851239671896
1697893800000,2023-10-21T13:10:00Z,0.09072,0.09078,0.09067,0.09069,109342,9920.736,0.09072,0.0908,0.09067,0.09069,0.09075,0.09087,0.09069,0.09075,-0.00024399,0,0,0,-5.9999999999990616e-05,-0.000661157024793285
1697894100000,2023-10-21T13:15:00Z,0.09069,0.09069,0.09062,0.09066,176276,15980.75038,0.09069,0.09072,0.09062,0.09068,0.09075,0.09077,0.09066,0.09073,0,-0.00062314,-0.00102611,-0.00062314,-7.000000000000062e-05,-0.0007715198941915641
1697894400000,2023-10-21T13:20:00Z,0.09066,0.09072,0.09066,0.09071,72543,6579.70674,0.09068,0.09073,0.09068,0.09071,0.09073,0.0908,0.09073,0.09078,-0.00062314,-0.00059665,-0.0007,-0.0007,-7.000000000000062e-05,-0.0007710949548358737
1697894700000,2023-10-21T13:25:00Z,0.09071,0.09074,0.0907,0.09073,61199,5552.39173,0.09071,0.09076,0.09071,0.09073,0.09078,0.09083,0.09073,0.09074,-0.0007,-0.00069427,-0.00084955,-0.00069427,-9.999999999996123e-06,-0.00011020498126511046
1697895000000,2023-10-21T13:30:00Z,0.09073,0.0908,0.09072,0.09074,121234,11002.9161,0.09073,0.0908,0.09072,0.09076,0.09074,0.09084,0.09073,0.09082,-0.00069427,-0.00022362,-0.00038017,-0.00022362,-7.999999999999674e-05,-0.0008808632459810255
1697895300000,2023-10-21T13:35:00Z,0.09074,0.09081,0.09074,0.09081,33355,3027.64017,0.09076,0.09081,0.09075,0.09081,0.09082,0.09086,0.09075,0.09084,-0.00022362,-0.00031249,-0.00053198,-0.00031249,-3.0000000000002247e-05,-0.000330250990752997
1697895600000,2023-10-21T13:40:00Z,0.09081,0.09089,0.09081,0.09088,29466,2677.59466,0.09081,0.09093,0.09081,0.09092,0.09084,0.09095,0.09083,0.09094,-0.00031249,0,-0.0004918,-0.0004918,-5.9999999999990616e-05,-0.0006597756762699651
1697895900000,2023-10-21T13:45:00Z,0.09088,0.0909,0.09082,0.0909,23164,2104.25379,0.09092,0.09094,0.09082,0.09089,0.09094,0.09096,0.09083,0.09089,-0.0004918,-0.00016575,-0.00019645,-0.00019645,9.999999999996123e-06,0.00011002310485197628
1697896200000,2023-10-21T13:50:00Z,0.0909,0.09109,0.09071,0.09087,2013139,182906.50692,0.09089,0.09103,0.09086,0.09092,0.09089,0.09108,0.09088,0.09099,-0.00019645,-0.0007757,-0.00106848,-0.0007757,-0.00011999999999999511,-0.0013188262446422146
1697896500000,2023-10-21T13:55:00Z,0.09087,0.09099,0.09086,0.09099,311793,28336.79866,0.09092,0.09099,0.09088,0.09099,0.09099,0.09106,0.09092,0.09105,-0.0007757,0,-0.00081807,0,-6.0000000000004494e-05,-0.0006589785831960954
1697896800000,2023-10-21T14:00:00Z,0.09099,0.09099,0.09082,0.0909,191904,17449.66578,0.09099,0.09099,0.09083,0.0909,0.09105,0.09105,0.0909,0.0909,0,-0.00046353,-0.00059648,-0.00059648,0.0,0.0
1697897100000,2023-10-21T14:05:00Z,0.0909,0.09092,0.09087,0.09091,13429,1220.47452,0.0909,0.09099,0.09087,0.09091,0.0909,0.09104,0.0909,0.09096,-0.00059648,-0.00003793,-0.00086123,-0.00086123,-4.999999999999449e-05,-0.0005496921723834047
1697897400000,2023-10-21T14:10:00Z,0.09091,0.09099,0.09088,0.09095,482192,43859.42276,0.09091,0.09099,0.09089,0.09099,0.09096,0.09103,0.09094,0.09102,-0.00086123,0,-0.00060454,-0.00060454,-7.000000000000062e-05,-0.0007690617446715075
1697897700000,2023-10-21T14:15:00Z,0.09095,0.09098,0.09092,0.09092,95421,8678.48,0.09099,0.091,0.09094,0.09094,0.09102,0.09108,0.09095,0.09102,-0.00060454,-0.00045453,-0.00064426,-0.00064426,-0.00010000000000000286,-0.0010986596352450325
1697898000000,2023-10-21T14:20:00Z,0.09092,0.09098,0.09075,0.09076,145984,13267.33064,0.09094,0.09098,0.09076,0.09076,0.09102,0.09104,0.09079,0.09081,-0.00064426,0,-0.00045204,0,-5.000000000000837e-05,-0.0005506001541681353
1697898300000,2023-10-21T14:25:00Z,0.09076,0.09083,0.09076,0.09078,66562,6043.53837,0.09076,0.09085,0.09076,0.0908,0.09081,0.09087,0.09079,0.09083,0,-0.00008114,-0.0002156,-0.00008114,-4.999999999999449e-05,-0.0005504789166574315
1697898600000,2023-10-21T14:30:00Z,0.09078,0.0908,0.09073,0.09074,96488,8758.46867,0.0908,0.09087,0.09073,0.09079,0.09083,0.0909,0.09077,0.09084,-0.00008114,-0.00019938,-0.00023978,-0.00019938,-0.00010000000000000286,-0.0011008366358432724
1697898900000,2023-10-21T14:35:00Z,0.09074,0.0908,0.09074,0.09076,106970,9709.4828,0.09079,0.0908,0.09073,0.09078,0.09084,0.09085,0.09073,0.09081,-0.00019938,0.00004959,-0.00033447,-0.00033447,-5.000000000000837e-05,-0.0005506001541681353
1697899200000,2023-10-21T14:40:00Z,0.09076,0.09085,0.09076,0.09085,44178,4011.72955,0.09078,0.09087,0.09077,0.09087,0.09081,0.09091,0.09077,0.09091,-0.00033447,-0.00015912,-0.00018082,-0.00015912,-6.0000000000004494e-05,-0.0006599934000660488
1697899500000,2023-10-21T14:45:00Z,0.09085,0.09094,0.09083,0.09084,67930,6173.11322,0.09087,0.091,0.09086,0.09092,0.09091,0.09104,0.09085,0.09095,-0.00015912,-0.00040622,-0.00057503,-0.00040622,-0.00010999999999999899,-0.0012094557449147771
1697899800000,2023-10-21T14:50:00Z,0.09084,0.09095,0.09084,0.09093,44171,4015.86479,0.09092,0.09096,0.0909,0.09093,0.09095,0.09101,0.09091,0.09099,-0.00040622,0,-0.00047796,-0.00047796,-6.0000000000004494e-05,-0.0006594131223211835
1697900100000,2023-10-21T14:55:00Z,0.09093,0.091,0.09089,0.09099,105866,9626.11532,0.09093,0.091,0.09089,0.09099,0.09099,0.09106,0.09093,0.09104,-0.00047796,-0.00024675,-0.00054315,-0.00054315,-4.999999999999449e-05,-0.0005492091388400098
1697900400000,2023-10-21T15:00:00Z,0.09099,0.0912,0.09099,0.09117,1305249,118931.36547,0.09099,0.09117,0.09099,0.0911,0.09104,0.09123,0.09104,0.0911,-0.00054315,0,-0.00017894,-0.00017894,7.000000000000062e-05,0.0007683863885839804
1697900700000,2023-10-21T15:05:00Z,0.09117,0.09117,0.09087,0.0909,685668,62424.69313,0.0911,0.09116,0.0909,0.0909,0.0911,0.09118,0.09094,0.09095,-0.00017894,-0.00001176,-0.00049653,-0.00049653,-5.000000000000837e-05,-0.0005497526113249959
1697901000000,2023-10-21T15:10:00Z,0.0909,0.09093,0.09086,0.09089,77942,7082.54757,0.0909,0.09094,0.09083,0.09089,0.09095,0.091,0.09083,0.09093,-0.00049653,-0.00026237,-0.00027106,-0.00026237,-3.999999999999837e-05,-0.0004398988232706298
1697901300000,2023-10-21T15:15:00Z,0.09089,0.091,0.09085,0.091,68988,6272.08126,0.09089,0.091,0.09088,0.091,0.09093,0.09106,0.09088,0.09104,-0.00026237,-0.00010417,-0.00011492,-0.00010417,-3.999999999999837e-05,-0.0004393673110720384
1697901600000,2023-10-21T15:20:00Z,0.091,0.09103,0.09099,0.09101,122605,11158.82062,0.091,0.09109,0.091,0.09102,0.09104,0.09116,0.09102,0.09111,-0.00010417,-0.00072113,-0.00091301,-0.00072113,-0.00010000000000000286,-0.0010975743606629663
1697901900000,2023-10-21T15:25:00Z,0.09101,0.09107,0.09101,0.09102,65728,5983.15641,0.09102,0.09108,0.09101,0.09102,0.09111,0.09118,0.09103,0.09104,-0.00072113,-0.00008366,-0.00021968,-0.00021968,-1.9999999999992246e-05,-0.00021968365553594297
1697902200000,2023-10-21T15:30:00Z,0.09102,0.09106,0.09098,0.09098,114942,10462.45337,0.09102,0.09111,0.09098,0.09102,0.09104,0.09117,0.09101,0.09111,-0.00021968,-0.00076847,-0.00083075,-0.00076847,-0.00012999999999999123,-0.0014268466688617193
1697902500000,2023-10-21T15:35:00Z,0.09098,0.09106,0.09098,0.09106,492,44.78866,0.09102,0.09109,0.09102,0.09106,0.09111,0.09117,0.09109,0.0911,-0.00076847,0,-0.00062676,0,-3.999999999999837e-05,-0.00043907793633368134
1697902800000,2023-10-21T15:40:00Z,0.09106,0.0911,0.09105,0.09106,90640,8255.32514,0.09106,0.09114,0.09106,0.0911,0.0911,0.09121,0.0911,0.09119,0,-0.00071878,-0.00094473,-0.00094473,-0.00012999999999999123,-0.0014255949117226805
1697903100000,2023-10-21T15:45:00Z,0.09106,0.09113,0.09106,0.09112,87229,7947.90446,0.0911,0.09114,0.09109,0.09114,0.09119,0.09122,0.09111,0.09121,-0.00094473,-0.00019392,-0.00067225,-0.00019392,-8.999999999999286e-05,-0.0009867339107553215
1697903400000,2023-10-21T15:50:00Z,0.09112,0.09119,0.09112,0.09119,13536,1233.95894,0.09114,0.0912,0.09112,0.09119,0.09121,0.09129,0.09116,0.09129,-0.00019392,-0.0006325,-0.0009362,-0.0006325,-0.00010000000000000286,-0.0010954102311315902
1697903700000,2023-10-21T15:55:00Z,0.09119,0.09124,0.09118,0.09119,245705,22410.33016,0.09119,0.09124,0.09116,0.09119,0.09129,0.09132,0.09116,0.09125,-0.0006325,-0.00029114,-0.00032233,-0.00029114,-6.0000000000004494e-05,-0.0006575342465753917
1697904000000,2023-10-21T16:00:00Z,0.09119,0.09144,0.09119,0.09144,264784,24175.37101,0.09119,0.09142,0.09119,0.09142,0.09125,0.09144,0.09119,0.09142,-0.00029114,-0.00049201,-0.00060348,-0.00049201,1.9999999999992246e-05,0.00021877050973520285
1697904300000,2023-10-21T16:05:00Z,0.09144,0.0915,0.09136,0.09136,131074,11986.4494,0.09142,0.0915,0.09138,0.09138,0.09142,0.09155,0.09141,0.09142,-0.00049201,-0.00026601,-0.00041119,-0.00041119,-6.0000000000004494e-05,-0.0006563115292059122
1697904600000,2023-10-21T16:10:00Z,0.09136,0.09144,0.09133,0.09144,80473,7352.30599,0.09138,0.09145,0.09133,0.09145,0.09142,0.09149,0.09136,0.09149,-0.00041119,0,-0.00027854,-0.00027854,-5.000000000000837e-05,-0.0005465078150618469
1697904900000,2023-10-21T16:15:00Z,0.09144,0.09145,0.09136,0.09138,94038,8596.02154,0.09145,0.09145,0.09136,0.09138,0.09149,0.09149,0.09138,0.09142,-0.00027854,-0.00028243,-0.00030138,-0.00030138,-3.999999999999837e-05,-0.00043754101947055755
1697905200000,2023-10-21T16:20:00Z,0.09138,0.09149,0.09138,0.09147,53317,4875.37057,0.09138,0.09151,0.09138,0.09147,0.09142,0.09157,0.09142,0.09149,-0.00030138,-0.00044054,-0.0004528,-0.0004528,-2.0000000000006124e-05,-0.0002186031260247691
1697905500000,2023-10-21T16:25:00Z,0.09147,0.09148,0.09141,0.09148,60475,5531.60133,0.09147,0.09148,0.09141,0.09148,0.09149,0.09153,0.09142,0.0915,-0.0004528,-0.00032783,-0.00043706,-0.00032783,-1.9999999999992246e-05,-0.00021857923497259287
1697905800000,2023-10-21T16:30:00Z,0.09148,0.09148,0.09141,0.09143,187369,17129.28283,0.09148,0.09148,0.09141,0.09143,0.0915,0.09151,0.09145,0.09146,-0.00032783,-0.00018967,-0.00019615,-0.00018967,-3.0000000000002247e-05,-0.00032801224579053406
1697906100000,2023-10-21T16:35:00Z,0.09143,0.09149,0.09143,0.09147,91749,8392.20301,0.09143,0.0915,0.09143,0.09149,0.09146,0.09153,0.09143,0.09152,-0.00018967,-0.00020378,-0.00035996,-0.00035996,-5.000000000000837e-05,-0.0005463286713287628
1697906400000,2023-10-21T16:40:00Z,0.09147,0.09148,0.09143,0.09146,36572,3344.66042,0.09149,0.09149,0.09143,0.09148,0.09152,0.09152,0.09146,0.09152,-0.00035996,0,-0.00017111,-0.00017111,-6.0000000000004494e-05,-0.0006555944055944546
1697906700000,2023-10-21T16:45:00Z,0.09146,0.09147,0.0914,0.0914,37662,3442.9108,0.09148,0.09149,0.0914,0.0914,0.09152,0.09153,0.0914,0.09144,-0.00017111,-0.00033253,-0.00044229,-0.00033253,-3.999999999999837e-05,-0.00043744531933506535
1697907000000,2023-10-21T16:50:00Z,0.0914,0.09143,0.09127,0.09127,164440,15024.41162,0.0914,0.09143,0.09128,0.09128,0.09144,0.09147,0.09132,0.09132,-0.00033253,0,-0.00033884,-0.00033884,-4.999999999999449e-05,-0.000547525186158503
1697907300000,2023-10-21T16:55:00Z,0.09127,0.09163,0.09126,0.09151,3485781,318786.49693,0.09128,0.09158,0.09126,0.09152,0.09132,0.09159,0.09131,0.09157,-0.00033884,0,-0.00080492,-0.00080492,-6.0000000000004494e-05,-0.0006552364311456207
1697907600000,2023-10-21T17:00:00Z,0.09151,0.09155,0.09143,0.09146,837757,76627.73378,0.09152,0.09155,0.09144,0.09146,0.09157,0.09159,0.09149,0.09149,-0.00080492,-0.000543,-0.00087383,-0.00087383,-3.0000000000002247e-05,-0.0003279046890370778
1697907900000,2023-10-21T17:05:00Z,0.09146,0.09149,0.09137,0.09147,192237,17571.53643,0.09146,0.09149,0.09137,0.09147,0.09149,0.09154,0.09142,0.09153,-0.00087383,-0.00018025,-0.00049814,-0.00018025,-6.0000000000004494e-05,-0.0006555227794166338
1697908200000,2023-10-21T17:10:00Z,0.09147,0.09147,0.09142,0.09146,74781,6838.19376,0.09147,0.09151,0.09142,0.09146,0.09153,0.09159,0.0915,0.0915,-0.00018025,-0.00058151,-0.00063189,-0.00058151,-3.999999999999837e-05,-0.0004371584699453374
1697908500000,2023-10-21T17:15:00Z,0.09146,0.09146,0.09133,0.09135,123249,11266.57274,0.09146,0.09146,0.09133,0.09136,0.0915,0.0915,0.09136,0.09142,-0.00058151,-0.0002992,-0.00041745,-0.00041745,-7.000000000000062e-05,-0.0007656967840735136
1697908800000,2023-10-21T17:20:00Z,0.09135,0.09138,0.09135,0.09135,10927,998.21076,0.09136,0.0914,0.09135,0.09138,0.09142,0.09145,0.09138,0.09143,-0.00041745,0,-0.0002149,0,-7.999999999999674e-05,-0.0008749863283385841
1697909100000,2023-10-21T17:25:00Z,0.09135,0.09149,0.09135,0.09149,14505,1326.24127,0.09138,0.09151,0.09138,0.09151,0.09143,0.09158,0.09143,0.09158,0,-0.00050136,-0.00056206,-0.00050136,-8.999999999999286e-05,-0.000982747324743316
1697909400000,2023-10-21T17:30:00Z,0.09149,0.09156,0.09149,0.09156,70594,6461.33552,0.09151,0.09156,0.09149,0.09156,0.09158,0.09161,0.09154,0.09159,-0.00050136,-0.00003199,-0.00052483,-0.00003199,-3.0000000000002247e-05,-0.0003275466754012692
1697909700000,2023-10-21T17:35:00Z,0.09156,0.09157,0.09146,0.09148,46028,4213.47798,0.09156,0.09158,0.09148,0.09149,0.09159,0.09162,0.0915,0.09155,-0.00003199,0,-0.00012106,0,-7.000000000000062e-05,-0.0007646095030038297
1697910000000,2023-10-21T17:40:00Z,0.09148,0.09165,0.09148,0.0916,590263,54061.19455,0.09149,0.09165,0.09149,0.09161,0.09155,0.09171,0.09154,0.09167,0,-0.00017512,-0.00019474,-0.00017512,-7.000000000000062e-05,-0.0007636085960510595
1697910300000,2023-10-21T17:45:00Z,0.0916,0.09172,0.0916,0.09167,448410,41103.29685,0.09161,0.09172,0.09161,0.09169,0.09167,0.09177,0.09167,0.09176,-0.00017512,-0.00065445,-0.00083598,-0.00065445,-8.999999999999286e-05,-0.0009808195292065483
1697910600000,2023-10-21T17:50:00Z,0.09167,0.09169,0.09159,0.09164,370290,33934.9553,0.09169,0.09171,0.09159,0.09167,0.09176,0.09178,0.0916,0.09174,-0.00065445,-0.00054537,-0.00065459,-0.00054537,-0.00010000000000000286,-0.001090037061260114
1697910900000,2023-10-21T17:55:00Z,0.09164,0.09169,0.09164,0.09168,221809,20337.65262,0.09167,0.09174,0.09167,0.09169,0.09174,0.09182,0.09173,0.09178,-0.00054537,-0.0009806,-0.00119825,-0.0009806,-0.00010000000000000286,-0.001089561996077608
1697911200000,2023-10-21T18:00:00Z,0.09168,0.09179,0.09158,0.0916,865766,79401.72343,0.09169,0.09179,0.09158,0.09162,0.09178,0.09185,0.09164,0.09168,-0.0009806,-0.00040427,-0.00041288,-0.00041288,-7.999999999999674e-05,-0.0008726003490401041
1697911500000,2023-10-21T18:05:00Z,0.0916,0.09163,0.09151,0.09157,220946,20230.64874,0.09162,0.09164,0.09152,0.09157,0.09168,0.09171,0.09158,0.09159,-0.00041288,-0.00067652,-0.00087279,-0.00087279,-2.0000000000006124e-05,-0.0002183644502675633
1697911800000,2023-10-21T18:10:00Z,0.09157,0.09157,0.09146,0.09149,53988,4940.99661,0.09157,0.09159,0.09146,0.09149,0.09159,0.09166,0.0915,0.09153,-0.00087279,-0.00076402,-0.00079294,-0.00079294,-3.999999999999837e-05,-0.00043701518627770535
1697912100000,2023-10-21T18:15:00Z,0.09149,0.09174,0.09148,0.09174,24836,2273.49317,0.09149,0.09174,0.09149,0.09174,0.09153,0.0918,0.09153,0.0918,-0.00079294,-0.00012467,-0.00054561,-0.00012467,-6.0000000000004494e-05,-0.000653594771241879
1697912400000,2023-10-21T18:20:00Z,0.09174,0.09176,0.09169,0.09169,42594,3907.71112,0.09174,0.0918,0.09169,0.09169,0.0918,0.09187,0.09173,0.09175,-0.00012467,-0.00027782,-0.00043104,-0.00043104,-6.0000000000004494e-05,-0.0006539509536785231
1697912700000,2023-10-21T18:25:00Z,0.09169,0.09169,0.09163,0.09163,4256,390.03004,0.09169,0.09169,0.09163,0.09167,0.09175,0.09175,0.09163,0.0917,-0.00043104,-0.00021817,-0.00021819,-0.00021819,-7.000000000000062e-05,-0.0007633587786259609
1697913000000,2023-10-21T18:30:00Z,0.09163,0.09164,0.09155,0.09157,52142,4776.37982,0.09167,0.09169,0.09155,0.09158,0.0917,0.09172,0.09159,0.09165,-0.00021819,-0.00043672,-0.00043672,-0.00043672,-7.999999999999674e-05,-0.0008728859792689225
1697913300000,2023-10-21T18:35:00Z,0.09157,0.09174,0.09157,0.09174,277518,25455.36866,0.09158,0.09174,0.09158,0.09174,0.09165,0.09178,0.09165,0.09178,-0.00043672,0,-0.00033867,0,-3.999999999999837e-05,-0.00043582479843101295
1697913600000,2023-10-21T18:40:00Z,0.09174,0.09177,0.0917,0.09175,20251,1857.76907,0.09174,0.09176,0.09171,0.09175,0.09178,0.09182,0.09173,0.0918,0,-0.00053774,-0.00074743,-0.00053774,-5.000000000000837e-05,-0.0005446623093682828
1697913900000,2023-10-21T18:45:00Z,0.09175,0.09175,0.09162,0.09168,15115,1385.85141,0.09175,0.09175,0.09162,0.09168,0.0918,0.09181,0.09168,0.09171,-0.00053774,-0.00038718,-0.00065008,-0.00038718,-3.0000000000002247e-05,-0.0003271180896303811
1697914200000,2023-10-21T18:50:00Z,0.09168,0.09175,0.09162,0.09167,454699,41701.7577,0.09168,0.09175,0.09162,0.09167,0.09171,0.09182,0.09169,0.09171,-0.00038718,-0.00042578,-0.00076252,-0.00042578,-3.999999999999837e-05,-0.00043615745284045763
1697914500000,2023-10-21T18:55:00Z,0.09167,0.09172,0.09164,0.09171,32896,3015.45683,0.09167,0.09173,0.09164,0.09173,0.09171,0.09179,0.09169,0.09178,-0.00042578,-0.0004324,-0.00048795,-0.00048795,-7.000000000000062e-05,-0.0007626933972543104
1697914800000,2023-10-21T19:00:00Z,0.09171,0.09174,0.09168,0.09169,50387,4620.55149,0.09173,0.09176,0.09168,0.09169,0.09178,0.09183,0.0917,0.09171,-0.00048795,-0.00036908,-0.00058391,-0.00036908,-2.0000000000006124e-05,-0.0002180787264203045
1697915100000,2023-10-21T19:05:00Z,0.09169,0.09169,0.09162,0.09163,10370,950.53096,0.09169,0.0917,0.09162,0.09163,0.09171,0.09176,0.09167,0.09167,-0.00036908,-0.00010776,-0.0006065,-0.0006065,-3.999999999999837e-05,-0.00043634776917201234
1697915400000,2023-10-21T19:10:00Z,0.09163,0.09163,0.09151,0.09157,99925,9146.26613,0.09163,0.09164,0.09153,0.09157,0.09167,0.0917,0.0916,0.0916,-0.0006065,-0.00034501,-0.00076402,-0.00034501,-3.0000000000002247e-05,-0.00032751091703059224
1697915700000,2023-10-21T19:15:00Z,0.09157,0.09157,0.09156,0.09157,21848,2000.42965,0.09157,0.0916,0.09156,0.09158,0.0916,0.09167,0.09159,0.09164,-0.00034501,-0.00036592,-0.00049279,-0.00049279,-7.000000000000062e-05,-0.0007638585770406004
1697916000000,2023-10-21T19:20:00Z,0.09157,0.09157,0.09152,0.09152,697,63.81625,0.09158,0.09159,0.09152,0.09152,0.09164,0.09165,0.09158,0.09158,-0.00049279,-0.0006548,-0.00081395,-0.00081395,-5.9999999999990616e-05,-0.0006551648831621601
1697916300000,2023-10-21T19:25:00Z,0.09152,0.09152,0.09147,0.09147,21566,1972.95431,0.09152,0.09152,0.09148,0.09149,0.09158,0.09159,0.09156,0.09157,-0.00081395,-0.00081684,-0.00087352,-0.00087352,-0.00010000000000000286,-0.001092060718575984
1697916600000,2023-10-21T19:30:00Z,0.09147,0.09152,0.09147,0.09152,20136,1842.17366,0.09149,0.09154,0.09147,0.09154,0.09157,0.0916,0.09153,0.0916,-0.00087352,-0.00014221,-0.00032768,-0.00014221,-7.999999999999674e-05,-0.0008733624454148116
1697916900000,2023-10-21T19:35:00Z,0.09152,0.09164,0.09152,0.09164,374389,34296.03415,0.09154,0.09166,0.09153,0.09165,0.0916,0.09173,0.09159,0.09172,-0.00014221,-0.00016121,-0.00035172,-0.00035172,-7.999999999999674e-05,-0.0008722197993894106
1697917200000,2023-10-21T19:40:00Z,0.09164,0.09166,0.09164,0.09166,7606,697.14147,0.09165,0.09167,0.09164,0.09166,0.09172,0.09174,0.09167,0.09167,-0.00035172,-0.00065423,-0.00068236,-0.00068236,-9.999999999996123e-06,-0.00010908694229296523
1697917500000,2023-10-21T19:45:00Z,0.09166,0.09166,0.09164,0.09166,6994,641.00932,0.09166,0.09169,0.09164,0.09168,0.09167,0.09175,0.09166,0.09174,-0.00068236,-0.0005061,-0.00060575,-0.0005061,-7.999999999999674e-05,-0.0008720296490080308
1697917800000,2023-10-21T19:50:00Z,0.09166,0.09168,0.09161,0.09163,26865,2462.59202,0.09168,0.09169,0.09161,0.09163,0.09174,0.09176,0.09165,0.09167,-0.0005061,-0.00058867,-0.00060922,-0.00058867,-3.999999999999837e-05,-0.00043634776917201234
1697918100000,2023-10-21T19:55:00Z,0.09163,0.09163,0.0916,0.09161,88047,8065.87634,0.09163,0.09165,0.09161,0.09161,0.09167,0.09172,0.09167,0.09169,-0.00058867,-0.00087241,-0.00094875,-0.00087241,-7.999999999999674e-05,-0.0008725051804994737
1697918400000,2023-10-21T20:00:00Z,0.09161,0.09164,0.09161,0.09161,3441,315.28548,0.09161,0.09164,0.09161,0.09161,0.09169,0.09171,0.09167,0.09169,-0.00087241,-0.00041732,-0.00072076,-0.00041732,-7.999999999999674e-05,-0.0008725051804994737
1697918700000,2023-10-21T20:05:00Z,0.09161,0.09161,0.09157,0.09161,65912,6037.51,0.09161,0.09162,0.09157,0.09161,0.09169,0.0917,0.09163,0.09166,-0.00041732,-0.00035591,-0.00065445,-0.00065445,-5.000000000000837e-05,-0.000545494217761383
1697919000000,2023-10-21T20:10:00Z,0.09161,0.09161,0.09146,0.09149,20186,1847.04634,0.09161,0.09161,0.09147,0.09151,0.09166,0.09166,0.09153,0.09157,-0.00065445,-0.00054579,-0.00054597,-0.00054597,-7.999999999999674e-05,-0.0008736485748607267
1697919300000,2023-10-21T20:15:00Z,0.09149,0.09153,0.09142,0.09148,96307,8805.85644,0.09151,0.09153,0.09142,0.09148,0.09157,0.09158,0.09147,0.09153,-0.00054597,-0.00048366,-0.00058695,-0.00058695,-4.999999999999449e-05,-0.0005462689828470938
1697919600000,2023-10-21T20:20:00Z,0.09148,0.09148,0.09127,0.09132,297122,27126.55459,0.09148,0.09148,0.09129,0.09132,0.09153,0.09154,0.09134,0.09138,-0.00058695,-0.00059274,-0.00067873,-0.00067873,-6.0000000000004494e-05,-0.0006565988181221765
1697919900000,2023-10-21T20:25:00Z,0.09132,0.09143,0.09132,0.0914,45591,4166.6264,0.09132,0.09143,0.09132,0.09142,0.09138,0.0915,0.09138,0.09149,-0.00067873,-0.00046584,-0.00051852,-0.00046584,-9.000000000000674e-05,-0.0009837140671112334
1697920200000,2023-10-21T20:30:00Z,0.0914,0.09149,0.0914,0.09149,9042,826.85804,0.09142,0.09151,0.09141,0.0915,0.09149,0.09158,0.09148,0.09158,-0.00046584,-0.00059895,-0.00060594,-0.00059895,-8.999999999999286e-05,-0.000982747324743316
1697920500000,2023-10-21T20:35:00Z,0.09149,0.09149,0.09145,0.09146,33348,3050.03973,0.0915,0.09151,0.09146,0.09146,0.09158,0.09158,0.09151,0.09151,-0.00059895,-0.00039375,-0.00058804,-0.00058804,-4.999999999999449e-05,-0.0005463883728553655
1697920800000,2023-10-21T20:40:00Z,0.09146,0.09146,0.09137,0.09141,21345,1950.5555,0.09146,0.09146,0.09138,0.09142,0.09151,0.09152,0.09144,0.09149,-0.00058804,-0.00029378,-0.00046048,-0.00046048,-7.999999999999674e-05,-0.000874412504098773
1697921100000,2023-10-21T20:45:00Z,0.09141,0.09149,0.09141,0.09149,32469,2970.2131,0.09142,0.09151,0.09142,0.09149,0.09149,0.09157,0.09149,0.09155,-0.00046048,-0.00047268,-0.00051392,-0.00051392,-6.0000000000004494e-05,-0.000655379574003326
1697921400000,2023-10-21T20:50:00Z,0.09149,0.09149,0.09145,0.09147,1594,145.79082,0.09149,0.0915,0.09146,0.09149,0.09155,0.09156,0.09152,0.09155,-0.00051392,-0.00045526,-0.00058722,-0.00058722,-8.000000000001062e-05,-0.0008738394320044851
1697921700000,2023-10-21T20:55:00Z,0.09147,0.09148,0.09145,0.09145,43711,3997.92628,0.09149,0.0915,0.09145,0.09145,0.09155,0.09156,0.09152,0.09152,-0.00058722,-0.00060832,-0.00065537,-0.00060832,-7.000000000000062e-05,-0.0007648601398601466
1697922000000,2023-10-21T21:00:00Z,0.09145,0.09156,0.09137,0.09154,231753,21211.9598,0.09145,0.09155,0.09137,0.09155,0.09152,0.0916,0.09144,0.0916,-0.00060832,-0.00031881,-0.00051808,-0.00031881,-6.0000000000004494e-05,-0.0006550218340611845
1697922300000,2023-10-21T21:05:00Z,0.09154,0.09155,0.09147,0.09151,9698,887.41616,0.09155,0.09156,0.09147,0.09151,0.0916,0.09161,0.09152,0.09155,-0.00031881,-0.0002296,-0.00050748,-0.0002296,-4.000000000001225e-05,-0.00043691971600231833
1697922600000,2023-10-21T21:10:00Z,0.09151,0.09156,0.09151,0.09155,50010,4578.8767,0.09151,0.0916,0.09151,0.09156,0.09155,0.09165,0.09155,0.09161,-0.0002296,-0.000468,-0.00049159,-0.000468,-5.9999999999990616e-05,-0.0006549503329329835
1697922900000,2023-10-21T21:15:00Z,0.09155,0.09158,0.09155,0.09158,8472,775.8194,0.09156,0.09158,0.09155,0.09158,0.09161,0.09163,0.0916,0.09163,-0.000468,-0.00029938,-0.00050409,-0.00029938,-5.000000000000837e-05,-0.0005456728145804689
1697923200000,2023-10-21T21:20:00Z,0.09158,0.09158,0.09153,0.09153,5306,485.80854,0.09158,0.09158,0.09153,0.09154,0.09163,0.09163,0.09159,0.09159,-0.00029938,-0.00038613,-0.00053471,-0.00053471,-6.0000000000004494e-05,-0.0006550933508025384
1697923500000,2023-10-21T21:25:00Z,0.09153,0.09171,0.09153,0.09159,589668,54048.68972,0.09154,0.0916,0.09153,0.09159,0.09159,0.09163,0.09159,0.09163,-0.00053471,-0.00010765,-0.00021986,-0.00021986,-3.999999999999837e-05,-0.0004365382516642843
1697923800000,2023-10-21T21:30:00Z,0.09159,0.0916,0.09156,0.09156,2545,233.09273,0.09159,0.0916,0.09156,0.09156,0.09163,0.09163,0.09158,0.09159,-0.00021986,-0.00000502,-0.00007752,-0.00007752,-3.0000000000002247e-05,-0.0003275466754012692
1697924100000,2023-10-21T21:35:00Z,0.09156,0.09156,0.0915,0.0915,11473,1050.06301,0.09156,0.09156,0.0915,0.0915,0.09159,0.09159,0.09154,0.09155,-0.00007752,0,-0.00020224,0,-5.000000000000837e-05,-0.0005461496450028221
1697924400000,2023-10-21T21:40:00Z,0.0915,0.09155,0.09149,0.09155,28893,2644.50205,0.0915,0.09155,0.09149,0.09155,0.09155,0.0916,0.09155,0.09159,0,0,0,0,-3.999999999999837e-05,-0.0004367289005349751
1697924700000,2023-10-21T21:45:00Z,0.09155,0.09155,0.09154,0.09154,1051,96.21842,0.09155,0.09155,0.09154,0.09155,0.09159,0.0916,0.09158,0.09159,0,-0.00005252,-0.00015656,-0.00005252,-5.000000000000837e-05,-0.0005459111256688325
1697925000000,2023-10-21T21:50:00Z,0.09154,0.0916,0.09154,0.0916,25072,2295.72316,0.09155,0.0916,0.09154,0.0916,0.09159,0.09164,0.09158,0.09164,-0.00005252,0,-0.00002925,-0.00002925,-3.999999999999837e-05,-0.00043649061545175
1697925300000,2023-10-21T21:55:00Z,0.0916,0.09161,0.09156,0.09156,85268,7808.78658,0.0916,0.09161,0.09159,0.0916,0.09164,0.09165,0.09163,0.09164,-0.00002925,-0.00017817,-0.00017926,-0.00017817,-7.999999999999674e-05,-0.0008729812309035
1697925600000,2023-10-21T22:00:00Z,0.09156,0.09162,0.09156,0.09162,10888,997.44608,0.0916,0.09163,0.0916,0.09163,0.09164,0.09167,0.09164,0.09167,-0.00017817,0,-0.00012449,0,-5.000000000000837e-05,-0.0005454347114651289
1697925900000,2023-10-21T22:05:00Z,0.09162,0.09162,0.09158,0.0916,19160,1754.89912,0.09163,0.09164,0.09158,0.0916,0.09167,0.09168,0.09163,0.09164,0,0,-0.00013311,0,-3.999999999999837e-05,-0.00043649061545175
1697926200000,2023-10-21T22:10:00Z,0.0916,0.0916,0.0916,0.0916,0,0,0.0916,0.09163,0.0916,0.09163,0.09164,0.09167,0.09164,0.09167,0,0,-0.00015373,0,-7.000000000000062e-05,-0.0007636085960510595
1697926500000,2023-10-21T22:15:00Z,0.0916,0.09163,0.0916,0.09163,179,16.40108,0.09163,0.09163,0.09162,0.09163,0.09167,0.09167,0.09166,0.09167,0,-0.00012479,-0.00012501,-0.00012479,-3.999999999999837e-05,-0.00043634776917201234
1697926800000,2023-10-21T22:20:00Z,0.09163,0.09163,0.09154,0.09154,8616,788.91129,0.09163,0.09163,0.09154,0.09154,0.09167,0.09167,0.09159,0.09159,-0.00012479,-0.0003139,-0.00035724,-0.00035724,-5.000000000000837e-05,-0.0005459111256688325
1697927100000,2023-10-21T22:25:00Z,0.09154,0.09154,0.09151,0.09152,150899,13813.03903,0.09154,0.09154,0.09151,0.09153,0.09159,0.09159,0.09154,0.09158,-0.00035724,-0.00011433,-0.00035844,-0.00011433,-5.9999999999990616e-05,-0.0006551648831621601
1697927400000,2023-10-21T22:30:00Z,0.09152,0.09154,0.09151,0.09153,18948,1734.02558,0.09153,0.09154,0.09152,0.09153,0.09158,0.09159,0.09156,0.09157,-0.00011433,-0.00028117,-0.00030399,-0.00028117,-3.999999999999837e-05,-0.00043682428743036336
1697927700000,2023-10-21T22:35:00Z,0.09153,0.09158,0.09151,0.09158,9478,867.57636,0.09153,0.0916,0.09151,0.0916,0.09157,0.09165,0.09156,0.09165,-0.00028117,-0.00030347,-0.00048367,-0.00030347,-7.000000000000062e-05,-0.000763775231860345
1697928000000,2023-10-21T22:40:00Z,0.09158,0.09167,0.09158,0.09167,5224,478.56532,0.0916,0.09167,0.0916,0.09167,0.09165,0.0917,0.09165,0.0917,-0.00030347,-0.00015256,-0.00025092,-0.00025092,-3.0000000000002247e-05,-0.0003271537622682906
1697928300000,2023-10-21T22:45:00Z,0.09167,0.09167,0.09156,0.09157,17760,1626.43212,0.09167,0.09167,0.09157,0.09157,0.0917,0.0917,0.09161,0.09161,-0.00025092,-0.00025321,-0.00033511,-0.00025321,-3.999999999999837e-05,-0.00043663355528870615
1697928600000,2023-10-21T22:50:00Z,0.09157,0.09157,0.09148,0.09151,36621,3351.74126,0.09157,0.09158,0.09149,0.09151,0.09161,0.09162,0.09153,0.09155,-0.00025321,0,-0.00002795,-0.00002795,-4.000000000001225e-05,-0.00043691971600231833
1697928900000,2023-10-21T22:55:00Z,0.09151,0.09157,0.09151,0.09157,4443,406.68412,0.09151,0.09158,0.09151,0.09158,0.09155,0.09161,0.09155,0.09161,-0.00002795,-0.00017368,-0.00023021,-0.00017368,-3.999999999999837e-05,-0.00043663355528870615
1697929200000,2023-10-21T23:00:00Z,0.09157,0.09157,0.09147,0.09147,51669,4727.73764,0.09158,0.09158,0.09147,0.09148,0.09161,0.09161,0.09152,0.09153,-0.00017368,-0.00038178,-0.00042877,-0.00042877,-6.0000000000004494e-05,-0.0006555227794166338
1697929500000,2023-10-21T23:05:00Z,0.09147,0.0915,0.09147,0.09147,6484,593.16963,0.09148,0.0915,0.09147,0.09147,0.09153,0.09155,0.09152,0.09153,-0.00042877,-0.00022836,-0.00037408,-0.00022836,-6.0000000000004494e-05,-0.0006555227794166338
1697929800000,2023-10-21T23:10:00Z,0.09147,0.09147,0.09146,0.09146,58,5.30468,0.09147,0.09147,0.09146,0.09146,0.09153,0.09153,0.09152,0.09152,-0.00022836,-0.00048055,-0.0005809,-0.0005809,-6.0000000000004494e-05,-0.0006555944055944546
1697930100000,2023-10-21T23:15:00Z,0.09146,0.0915,0.0914,0.0915,92418,8448.60292,0.09146,0.09151,0.09141,0.09151,0.09152,0.09156,0.09146,0.09156,-0.0005809,0,-0.00016189,-0.00016189,-6.0000000000004494e-05,-0.0006553079947575852
1697930400000,2023-10-21T23:20:00Z,0.0915,0.09154,0.0915,0.09154,10197,933.43018,0.09151,0.09155,0.09151,0.09154,0.09156,0.09159,0.09154,0.09157,-0.00016189,-0.00014282,-0.00014362,-0.00014282,-3.0000000000002247e-05,-0.00032761821557281037
1697930700000,2023-10-21T23:25:00Z,0.09154,0.09154,0.09152,0.09154,60049,5496.75996,0.09154,0.09155,0.09152,0.09154,0.09157,0.09159,0.09156,0.09157,-0.00014282,-0.00036809,-0.00040347,-0.00040347,-3.0000000000002247e-05,-0.00032761821557281037
1697931000000,2023-10-21T23:30:00Z,0.09154,0.09154,0.09141,0.09141,31191,2852.04283,0.09154,0.09154,0.09141,0.09141,0.09157,0.09157,0.09146,0.09146,-0.00040347,-0.00037199,-0.00046829,-0.00037199,-4.999999999999449e-05,-0.0005466870763174556
1697931300000,2023-10-21T23:35:00Z,0.09141,0.09141,0.09135,0.0914,14034,1282.3116,0.09141,0.09142,0.09135,0.09142,0.09146,0.09147,0.0914,0.09147,-0.00037199,-0.00029679,-0.00039026,-0.00039026,-7.000000000000062e-05,-0.0007652782333005425
1697931600000,2023-10-21T23:40:00Z,0.0914,0.09146,0.0914,0.09146,18002,1646.26106,0.09142,0.09146,0.09142,0.09146,0.09147,0.09151,0.09146,0.0915,-0.00039026,-0.00022614,-0.00026574,-0.00022614,-3.999999999999837e-05,-0.0004371584699453374
1697931900000,2023-10-21T23:45:00Z,0.09146,0.09148,0.09144,0.09148,7139,652.88776,0.09146,0.09148,0.09144,0.09148,0.0915,0.09152,0.09149,0.09152,-0.00022614,-0.0002666,-0.0002901,-0.0002901,-3.999999999999837e-05,-0.00043706293706291923
1697932200000,2023-10-21T23:50:00Z,0.09148,0.09152,0.09147,0.09151,10560,966.14878,0.09148,0.09152,0.09147,0.09152,0.09152,0.09156,0.0915,0.09156,-0.0002901,-0.00016876,-0.00031367,-0.00031367,-5.000000000000837e-05,-0.0005460899956313714
1697932500000,2023-10-21T23:55:00Z,0.09151,0.09154,0.09151,0.09154,12464,1140.73603,0.09152,0.09154,0.09151,0.09154,0.09156,0.09158,0.09155,0.09158,-0.00031367,-0.00021994,-0.00025294,-0.00021994,-3.999999999999837e-05,-0.0004367765887748239
1697932800000,2023-10-22T00:00:00Z,0.09154,0.09156,0.09143,0.09143,40379,3695.12523,0.09154,0.09157,0.09143,0.09144,0.09158,0.09161,0.09148,0.0915,-0.00021994,-0.00047034,-0.00054475,-0.00054475,-7.000000000000062e-05,-0.0007650273224043783
1697933100000,2023-10-22T00:05:00Z,0.09143,0.09159,0.09143,0.09159,53058,4855.7969,0.09144,0.09159,0.09144,0.09159,0.0915,0.09164,0.0915,0.09164,-0.00054475,-0.00012028,-0.00028835,-0.00028835,-4.999999999999449e-05,-0.0005456132693146496
1697933400000,2023-10-22T00:10:00Z,0.09159,0.09174,0.09159,0.0917,319182,29271.7712,0.09159,0.0917,0.09159,0.0917,0.09164,0.09172,0.09164,0.09172,-0.00028835,-0.00009103,-0.00022372,-0.00022372,-1.9999999999992246e-05,-0.000218054949847277
1697933700000,2023-10-22T00:15:00Z,0.0917,0.09172,0.09165,0.09169,9166,840.57244,0.0917,0.09171,0.09167,0.09171,0.09172,0.09174,0.0917,0.09174,-0.00022372,-0.00008461,-0.00017869,-0.00017869,-5.000000000000837e-05,-0.0005450185306301327
1697934000000,2023-10-22T00:20:00Z,0.09169,0.0917,0.09164,0.09165,362361,33214.34403,0.09171,0.09171,0.09168,0.09168,0.09174,0.09174,0.09172,0.09172,-0.00017869,-0.00024705,-0.00033177,-0.00024705,-7.000000000000062e-05,-0.0007631923244657722
1697934300000,2023-10-22T00:25:00Z,0.09165,0.09168,0.09164,0.09164,7741,709.65596,0.09168,0.0917,0.09166,0.09166,0.09172,0.09175,0.09171,0.09171,-0.00024705,-0.00027096,-0.00033169,-0.00033169,-7.000000000000062e-05,-0.0007632755424708388
1697934600000,2023-10-22T00:30:00Z,0.09164,0.0917,0.09161,0.09162,15051,1379.27666,0.09166,0.09171,0.09162,0.09163,0.09171,0.09175,0.09166,0.09167,-0.00033169,0,-0.00035539,0,-5.000000000000837e-05,-0.0005454347114651289
1697934900000,2023-10-22T00:35:00Z,0.09162,0.09168,0.09162,0.09168,1247,114.26272,0.09163,0.09168,0.09162,0.09168,0.09167,0.09173,0.09166,0.09173,0,-0.00018691,-0.00042755,-0.00042755,-5.000000000000837e-05,-0.0005450779461463901
1697935200000,2023-10-22T00:40:00Z,0.09168,0.09171,0.09167,0.0917,16775,1538.28142,0.09168,0.09171,0.09168,0.09171,0.09173,0.09175,0.09172,0.09175,-0.00042755,-0.00016806,-0.00020723,-0.00016806,-4.999999999999449e-05,-0.0005449591280653351
1697935500000,2023-10-22T00:45:00Z,0.0917,0.09171,0.09166,0.0917,3512,322.0477,0.09171,0.09172,0.09167,0.09172,0.09175,0.09177,0.09171,0.09177,-0.00016806,-0.00017607,-0.00029376,-0.00029376,-7.000000000000062e-05,-0.000762776506483607
1697935800000,2023-10-22T00:50:00Z,0.0917,0.09178,0.09166,0.09166,38481,3530.72575,0.09172,0.09178,0.09166,0.09166,0.09177,0.09183,0.09169,0.09169,-0.00029376,-0.00023181,-0.00040019,-0.00023181,-2.999999999998837e-05,-0.0003271894426871891
1697936100000,2023-10-22T00:55:00Z,0.09166,0.09166,0.09158,0.09163,30426,2786.9968,0.09166,0.09167,0.09158,0.09167,0.09169,0.09172,0.09163,0.09172,-0.00023181,-0.00008399,-0.00010493,-0.00010493,-8.999999999999286e-05,-0.0009812472743130493
1697936400000,2023-10-22T01:00:00Z,0.09163,0.09178,0.09163,0.09175,22754,2088.15575,0.09167,0.09178,0.09167,0.09176,0.09172,0.09183,0.09172,0.09181,-0.00010493,-0.00023019,-0.00040612,-0.00040612,-6.0000000000004494e-05,-0.0006535235813092745
1697936700000,2023-10-22T01:05:00Z,0.09175,0.09175,0.0917,0.09171,11036,1012.07683,0.09176,0.09176,0.0917,0.09172,0.09181,0.09181,0.09176,0.09178,-0.00040612,-0.00015026,-0.00042105,-0.00015026,-7.000000000000062e-05,-0.0007626933972543104
1697937000000,2023-10-22T01:10:00Z,0.09171,0.09176,0.09171,0.09176,4948,453.93546,0.09172,0.09178,0.09172,0.09176,0.09178,0.09183,0.09178,0.09181,-0.00015026,-0.00023564,-0.00032265,-0.00032265,-5.000000000000837e-05,-0.0005446029844244458
1697937300000,2023-10-22T01:15:00Z,0.09176,0.09176,0.09159,0.09159,23575,2161.06601,0.09176,0.09176,0.09159,0.09159,0.09181,0.09181,0.09163,0.09164,-0.00032265,-0.00031427,-0.00036753,-0.00031427,-4.999999999999449e-05,-0.0005456132693146496
1697937600000,2023-10-22T01:20:00Z,0.09159,0.09164,0.09156,0.09157,369623,33863.13108,0.09159,0.09164,0.09156,0.09157,0.09164,0.09165,0.09159,0.0916,-0.00031427,-0.00012179,-0.00039135,-0.00039135,-3.0000000000002247e-05,-0.00032751091703059224
1697937900000,2023-10-22T01:25:00Z,0.09157,0.09158,0.0915,0.09154,36162,3309.89479,0.09157,0.09159,0.09151,0.09154,0.0916,0.09163,0.09156,0.09157,-0.00039135,-0.00032033,-0.00039949,-0.00039949,-3.0000000000002247e-05,-0.00032761821557281037
1697938200000,2023-10-22T01:30:00Z,0.09154,0.09164,0.09154,0.09158,93633,8577.81222,0.09154,0.09164,0.09154,0.09158,0.09157,0.09166,0.09157,0.09163,-0.00039949,-0.00025229,-0.0004563,-0.00025229,-5.000000000000837e-05,-0.0005456728145804689
1697938500000,2023-10-22T01:35:00Z,0.09158,0.09158,0.09151,0.09156,39889,3650.96267,0.09158,0.09158,0.09151,0.09156,0.09163,0.09163,0.09156,0.09161,-0.00025229,-0.00008516,-0.00041328,-0.00008516,-4.999999999999449e-05,-0.0005457919441108448
1697938800000,2023-10-22T01:40:00Z,0.09156,0.0916,0.0915,0.0915,18661,1708.4196,0.09156,0.0916,0.09151,0.09151,0.09161,0.09164,0.09155,0.09155,-0.00008516,-0.00019519,-0.000363,-0.000363,-5.000000000000837e-05,-0.0005461496450028221
1697939100000,2023-10-22T01:45:00Z,0.0915,0.09152,0.09149,0.09151,10911,998.37594,0.09151,0.09152,0.09149,0.09151,0.09155,0.09157,0.09154,0.09156,-0.000363,-0.00010399,-0.00012157,-0.00012157,-5.000000000000837e-05,-0.0005460899956313714
1697939400000,2023-10-22T01:50:00Z,0.09151,0.09153,0.09151,0.09151,3339,305.55303,0.09151,0.09153,0.09151,0.09151,0.09156,0.09157,0.09155,0.09155,-0.00012157,-0.00021076,-0.00042016,-0.00042016,-4.000000000001225e-05,-0.00043691971600231833
1697939700000,2023-10-22T01:55:00Z,0.09151,0.09153,0.09151,0.09153,421,38.52991,0.09151,0.09156,0.09151,0.09156,0.09155,0.09162,0.09155,0.09162,-0.00042016,-0.00012272,-0.00023329,-0.00023329,-8.999999999999286e-05,-0.000982318271119765
1697940000000,2023-10-22T02:00:00Z,0.09153,0.09157,0.09153,0.09157,4639,424.76099,0.09156,0.09157,0.09156,0.09157,0.09162,0.09163,0.0916,0.0916,-0.00023329,-0.00040181,-0.00051418,-0.00040181,-3.0000000000002247e-05,-0.00032751091703059224
1697940300000,2023-10-22T02:05:00Z,0.09157,0.09157,0.09155,0.09155,7709,705.75961,0.09157,0.09157,0.09155,0.09155,0.0916,0.09161,0.09159,0.0916,-0.00040181,-0.00047707,-0.00050589,-0.00050589,-4.999999999999449e-05,-0.0005458515283842194
1697940600000,2023-10-22T02:10:00Z,0.09155,0.09156,0.09151,0.09151,7690,703.86602,0.09155,0.09156,0.09151,0.09151,0.0916,0.09163,0.09156,0.09157,-0.00050589,-0.00052226,-0.00060653,-0.00060653,-6.0000000000004494e-05,-0.0006552364311456207
1697940900000,2023-10-22T02:15:00Z,0.09151,0.09151,0.0915,0.0915,4755,435.08269,0.09151,0.09152,0.0915,0.0915,0.09157,0.09158,0.09154,0.09156,-0.00060653,-0.00037265,-0.00055062,-0.00037265,-6.0000000000004494e-05,-0.0006553079947575852
1697941200000,2023-10-22T02:20:00Z,0.0915,0.0915,0.09139,0.09142,332300,30374.76266,0.0915,0.0915,0.09142,0.09142,0.09156,0.09156,0.09148,0.09149,-0.00037265,-0.00072655,-0.00086646,-0.00072655,-7.000000000000062e-05,-0.0007651109410864642
1697941500000,2023-10-22T02:25:00Z,0.09142,0.09142,0.09138,0.09138,3914,357.69067,0.09142,0.09142,0.09138,0.09139,0.09149,0.09149,0.09147,0.09148,-0.00072655,-0.00066397,-0.00075907,-0.00066397,-0.00010000000000000286,-0.0010931351114998127
1697941800000,2023-10-22T02:30:00Z,0.09138,0.09148,0.09138,0.09147,20059,1833.79586,0.09139,0.09148,0.09138,0.09147,0.09148,0.09155,0.09147,0.09152,-0.00066397,-0.00064522,-0.00065046,-0.00064522,-5.000000000000837e-05,-0.0005463286713287628
1697942100000,2023-10-22T02:35:00Z,0.09147,0.09147,0.09135,0.09138,46034,4207.19094,0.09147,0.09147,0.09136,0.09139,0.09152,0.09152,0.09144,0.09148,-0.00064522,-0.00061975,-0.00089329,-0.00089329,-0.00010000000000000286,-0.0010931351114998127
1697942400000,2023-10-22T02:40:00Z,0.09138,0.09149,0.09138,0.09149,13728,1255.3928,0.09139,0.09151,0.09139,0.09151,0.09148,0.09159,0.09148,0.09159,-0.00089329,-0.0005676,-0.00061786,-0.00061786,-0.00010000000000000286,-0.0010918222513375134
1697942700000,2023-10-22T02:45:00Z,0.09149,0.0915,0.09146,0.09146,10803,988.29286,0.09151,0.09151,0.09146,0.09146,0.09159,0.09159,0.09152,0.09152,-0.00061786,-0.00063633,-0.00085857,-0.00063633,-6.0000000000004494e-05,-0.0006555944055944546
1697943000000,2023-10-22T02:50:00Z,0.09146,0.09146,0.09142,0.09142,32873,3005.64755,0.09146,0.09147,0.09142,0.09144,0.09152,0.09155,0.0915,0.09153,-0.00063633,-0.00054118,-0.00071845,-0.00071845,-0.00010999999999999899,-0.0012017917622637276
1697943300000,2023-10-22T02:55:00Z,0.09142,0.09144,0.09142,0.09144,3930,359.34832,0.09144,0.09146,0.09143,0.09145,0.09153,0.09155,0.09152,0.09155,-0.00071845,-0.00072714,-0.00077596,-0.00077596,-0.00011000000000001287,-0.001201529219006148
1697943600000,2023-10-22T03:00:00Z,0.09144,0.09144,0.0914,0.09142,148244,13550.69624,0.09145,0.09145,0.0914,0.09142,0.09155,0.09155,0.0915,0.09151,-0.00077596,-0.00057654,-0.00064393,-0.00057654,-8.999999999999286e-05,-0.0009834990711396882
1697943900000,2023-10-22T03:05:00Z,0.09142,0.09142,0.09141,0.09141,3279,299.73339,0.09142,0.09143,0.09141,0.09142,0.09151,0.09152,0.0915,0.09152,-0.00057654,-0.00058463,-0.00058638,-0.00058638,-0.00010999999999999899,-0.0012019230769230657
1697944200000,2023-10-22T03:10:00Z,0.09141,0.09145,0.09141,0.09142,14071,1286.59347,0.09142,0.09145,0.09141,0.09143,0.09152,0.09154,0.09151,0.09153,-0.00058638,-0.00085455,-0.00095869,-0.00085455,-0.00010999999999999899,-0.0012017917622637276
1697944500000,2023-10-22T03:15:00Z,0.09142,0.09149,0.09142,0.09149,9412,861.044,0.09143,0.09151,0.09142,0.09151,0.09153,0.09159,0.09152,0.09159,-0.00085455,-0.00068675,-0.0008541,-0.00068675,-0.00010000000000000286,-0.0010918222513375134
1697944800000,2023-10-22T03:20:00Z,0.09149,0.09151,0.09138,0.09144,49609,4536.56282,0.09151,0.09151,0.09139,0.09139,0.09159,0.09159,0.09148,0.09149,-0.00068675,-0.0006323,-0.00067355,-0.0006323,-5.000000000000837e-05,-0.0005465078150618469
1697945100000,2023-10-22T03:25:00Z,0.09144,0.09149,0.09141,0.09149,7130,651.95236,0.09139,0.09149,0.09139,0.09149,0.09149,0.09158,0.09149,0.09156,-0.0006323,-0.0004783,-0.00084427,-0.00084427,-7.000000000000062e-05,-0.0007645259938837988
1697945400000,2023-10-22T03:30:00Z,0.09149,0.09149,0.09142,0.09142,18102,1655.10277,0.09149,0.09149,0.09142,0.09142,0.09156,0.09156,0.09146,0.09147,-0.00084427,-0.00056575,-0.00063394,-0.00056575,-4.999999999999449e-05,-0.0005466273095003224
1697945700000,2023-10-22T03:35:00Z,0.09142,0.09142,0.09137,0.09137,8707,795.5867,0.09142,0.09142,0.09137,0.09138,0.09147,0.09147,0.09144,0.09146,-0.00056575,-0.00044155,-0.00070745,-0.00044155,-8.999999999999286e-05,-0.0009840367373714506
1697946000000,2023-10-22T03:40:00Z,0.09137,0.09143,0.09137,0.09143,3513,321.12553,0.09138,0.09143,0.09138,0.09143,0.09146,0.09151,0.09146,0.0915,-0.00044155,-0.00067413,-0.00068178,-0.00068178,-7.000000000000062e-05,-0.0007650273224043783
1697946300000,2023-10-22T03:45:00Z,0.09143,0.09143,0.09135,0.09135,7253,662.77655,0.09143,0.09143,0.09136,0.09137,0.0915,0.0915,0.09142,0.09144,-0.00068178,-0.00064865,-0.0008143,-0.0008143,-8.999999999999286e-05,-0.000984251968503859
1697946600000,2023-10-22T03:50:00Z,0.09135,0.09139,0.09135,0.09139,7806,713.32041,0.09137,0.09139,0.09136,0.09139,0.09144,0.09146,0.09143,0.09145,-0.0008143,-0.00058381,-0.00070924,-0.00058381,-6.0000000000004494e-05,-0.0006560962274467413
1697946900000,2023-10-22T03:55:00Z,0.09139,0.0915,0.09138,0.0915,13844,1265.13967,0.09139,0.09152,0.09138,0.09152,0.09145,0.09158,0.09144,0.09158,-0.00058381,-0.0004138,-0.00062013,-0.00062013,-7.999999999999674e-05,-0.0008735531775496478
1697947200000,2023-10-22T04:00:00Z,0.0915,0.09153,0.09148,0.09153,46516,4256.85439,0.09152,0.09153,0.09148,0.09153,0.09158,0.09159,0.09155,0.09159,-0.00062013,-0.00050862,-0.00071002,-0.00050862,-6.0000000000004494e-05,-0.0006550933508025384
1697947500000,2023-10-22T04:05:00Z,0.09153,0.09155,0.09153,0.09153,17159,1570.80758,0.09153,0.09155,0.09153,0.09153,0.09159,0.09162,0.09159,0.0916,-0.00050862,-0.00065487,-0.00076058,-0.00076058,-7.000000000000062e-05,-0.000764192139737998
1697947800000,2023-10-22T04:10:00Z,0.09153,0.09156,0.09152,0.09152,5286,483.85987,0.09153,0.09156,0.09152,0.09152,0.0916,0.09163,0.09156,0.09157,-0.00076058,-0.00051692,-0.00072188,-0.00072188,-4.999999999999449e-05,-0.0005460303592879162
1697948100000,2023-10-22T04:15:00Z,0.09152,0.09155,0.09148,0.09154,15517,1420.22797,0.09152,0.09156,0.09148,0.09154,0.09157,0.09163,0.09155,0.0916,-0.00072188,-0.00062791,-0.00063155,-0.00063155,-6.0000000000004494e-05,-0.0006550218340611845
1697948400000,2023-10-22T04:20:00Z,0.09154,0.0916,0.09154,0.09157,23562,2157.5653,0.09154,0.0916,0.09154,0.09157,0.0916,0.09166,0.09159,0.09164,-0.00063155,-0.00054474,-0.00063211,-0.00054474,-7.000000000000062e-05,-0.0007638585770406004
1697948700000,2023-10-22T04:25:00Z,0.09157,0.09161,0.09157,0.09161,13086,1198.69255,0.09157,0.09161,0.09157,0.09161,0.09164,0.09167,0.09163,0.09166,-0.00054474,-0.00043845,-0.00046268,-0.00046268,-5.000000000000837e-05,-0.000545494217761383
1697949000000,2023-10-22T04:30:00Z,0.09161,0.09163,0.0916,0.0916,7295,668.26248,0.09161,0.09164,0.0916,0.0916,0.09166,0.0917,0.09165,0.09166,-0.00046268,-0.00046836,-0.00057658,-0.00057658,-6.0000000000004494e-05,-0.000654593061313599
1697949300000,2023-10-22T04:35:00Z,0.0916,0.09167,0.0916,0.09166,24728,2266.15898,0.0916,0.09167,0.0916,0.09166,0.09166,0.09173,0.09166,0.09171,-0.00057658,-0.0004989,-0.00061473,-0.0004989,-4.999999999999449e-05,-0.0005451968160505342
1697949600000,2023-10-22T04:40:00Z,0.09166,0.09166,0.09165,0.09166,22869,2096.17112,0.09166,0.09166,0.09165,0.09166,0.09171,0.09171,0.0917,0.0917,-0.0004989,-0.0003013,-0.0003097,-0.0003097,-3.999999999999837e-05,-0.0004362050163576703
1697949900000,2023-10-22T04:45:00Z,0.09166,0.09171,0.09166,0.09168,22836,2094.07717,0.09166,0.09172,0.09166,0.09168,0.0917,0.09177,0.0917,0.09173,-0.0003097,-0.00038546,-0.00040191,-0.00040191,-5.000000000000837e-05,-0.0005450779461463901
1697950200000,2023-10-22T04:50:00Z,0.09168,0.09169,0.09166,0.09166,6531,598.75681,0.09168,0.0917,0.09166,0.09166,0.09173,0.09175,0.0917,0.09171,-0.00040191,-0.00028677,-0.00052409,-0.00028677,-4.999999999999449e-05,-0.0005451968160505342
1697950500000,2023-10-22T04:55:00Z,0.09166,0.09169,0.09164,0.09167,11777,1079.42635,0.09166,0.09169,0.09165,0.09169,0.09171,0.09174,0.0917,0.09174,-0.00028677,-0.00035139,-0.00055723,-0.00035139,-7.000000000000062e-05,-0.0007630259428820647
1697950800000,2023-10-22T05:00:00Z,0.09167,0.09171,0.09166,0.09169,182693,16751.69641,0.09169,0.09172,0.09167,0.09172,0.09174,0.09176,0.09172,0.09176,-0.00035139,-0.00015347,-0.00025239,-0.00015347,-7.000000000000062e-05,-0.0007628596338273826
1697951100000,2023-10-22T05:05:00Z,0.09169,0.09173,0.09168,0.09168,26090,2392.90996,0.09172,0.09175,0.09168,0.09169,0.09176,0.09179,0.09172,0.09174,-0.00015347,-0.0003302,-0.00033086,-0.00033086,-6.0000000000004494e-05,-0.0006540222367560986
1697951400000,2023-10-22T05:10:00Z,0.09168,0.09174,0.09166,0.09167,98644,9046.31874,0.09169,0.09174,0.09166,0.09167,0.09174,0.09174,0.09172,0.09172,-0.00033086,-0.00043154,-0.00046718,-0.00046718,-4.999999999999449e-05,-0.0005451373746183438
1697951700000,2023-10-22T05:15:00Z,0.09167,0.09171,0.09167,0.09171,10602,972.1467,0.09167,0.09172,0.09167,0.09172,0.09172,0.09176,0.09172,0.09176,-0.00046718,-0.00024861,-0.00025155,-0.00025155,-4.999999999999449e-05,-0.0005448997384480656
1697952000000,2023-10-22T05:20:00Z,0.09171,0.09175,0.09171,0.09175,1468,134.66056,0.09172,0.09176,0.09172,0.09176,0.09176,0.09179,0.09175,0.09179,-0.00025155,-0.00001165,-0.00004075,-0.00001165,-3.999999999999837e-05,-0.00043577731779059124
1697952300000,2023-10-22T05:25:00Z,0.09175,0.09176,0.09171,0.09171,45273,4153.69738,0.09176,0.09177,0.09171,0.09171,0.09179,0.0918,0.09173,0.09173,-0.00001165,-0.00009558,-0.00033482,-0.00009558,-2.0000000000006124e-05,-0.00021803117845858633
1697952600000,2023-10-22T05:30:00Z,0.09171,0.09171,0.09166,0.09167,10441,957.25498,0.09171,0.09171,0.09166,0.09167,0.09173,0.09173,0.0917,0.0917,-0.00009558,0,-0.00005321,-0.00005321,-3.0000000000002247e-05,-0.0003271537622682906
1697952900000,2023-10-22T05:35:00Z,0.09167,0.09171,0.09167,0.0917,1083,99.31947,0.09167,0.09171,0.09167,0.09171,0.0917,0.09174,0.0917,0.09173,-0.00005321,-0.00012634,-0.00023533,-0.00012634,-3.0000000000002247e-05,-0.00032704676768780384
1697953200000,2023-10-22T05:40:00Z,0.0917,0.0917,0.09155,0.09159,46866,4291.92295,0.09171,0.09171,0.09158,0.09159,0.09173,0.09173,0.09161,0.09163,-0.00012634,-0.00022332,-0.00023913,-0.00023913,-3.999999999999837e-05,-0.0004365382516642843
1697953500000,2023-10-22T05:45:00Z,0.09159,0.09161,0.09158,0.0916,106663,9770.69565,0.09159,0.09163,0.09159,0.09163,0.09163,0.09167,0.09163,0.09167,-0.00023913,-0.00003305,-0.00038033,-0.00003305,-7.000000000000062e-05,-0.0007636085960510595
1697953800000,2023-10-22T05:50:00Z,0.0916,0.09169,0.0916,0.09169,892,81.76376,0.09163,0.09172,0.09163,0.09172,0.09167,0.09176,0.09167,0.09176,-0.00003305,-0.00011764,-0.0002277,-0.0002277,-7.000000000000062e-05,-0.0007628596338273826
1697954100000,2023-10-22T05:55:00Z,0.09169,0.09191,0.09169,0.09179,936232,85956.55504,0.09172,0.09187,0.09171,0.09179,0.09176,0.09189,0.09175,0.09181,-0.0002277,-0.00007001,-0.00016626,-0.00016626,-2.0000000000006124e-05,-0.00021784119376980855
1697954400000,2023-10-22T06:00:00Z,0.09179,0.09187,0.09178,0.09182,98348,9033.23669,0.09179,0.09187,0.09178,0.09182,0.09181,0.09189,0.09181,0.09184,-0.00016626,-0.00019649,-0.00031943,-0.00019649,-2.0000000000006124e-05,-0.00021777003484327225
1697954700000,2023-10-22T06:05:00Z,0.09182,0.09182,0.09169,0.09177,503487,46189.64198,0.09182,0.09182,0.0917,0.09178,0.09184,0.09185,0.09174,0.09183,-0.00019649,-0.00022435,-0.00031496,-0.00031496,-5.9999999999990616e-05,-0.0006533812479580814
1697955000000,2023-10-22T06:10:00Z,0.09177,0.09179,0.09176,0.09176,26508,2432.90782,0.09178,0.0918,0.09176,0.09176,0.09183,0.09185,0.09178,0.09178,-0.00031496,-0.00031017,-0.00041694,-0.00041694,-2.0000000000006124e-05,-0.0002179123992155821
1697955300000,2023-10-22T06:15:00Z,0.09176,0.09176,0.09163,0.09167,49840,4569.07261,0.09176,0.09176,0.09163,0.09167,0.09178,0.09179,0.09169,0.09173,-0.00041694,-0.00041377,-0.00049749,-0.00049749,-6.0000000000004494e-05,-0.0006540935353756077
1697955600000,2023-10-22T06:20:00Z,0.09167,0.0917,0.09159,0.09165,151562,13882.90064,0.09167,0.0917,0.09159,0.09165,0.09173,0.09176,0.09163,0.09168,-0.00049749,-0.00023974,-0.00047151,-0.00023974,-3.0000000000002247e-05,-0.0003272251308900769
1697955900000,2023-10-22T06:25:00Z,0.09165,0.09166,0.09163,0.09163,12783,1171.54803,0.09165,0.09166,0.09163,0.09163,0.09168,0.0917,0.09167,0.09168,-0.00023974,-0.00037921,-0.00044754,-0.00037921,-4.999999999999449e-05,-0.0005453752181500272
1697956200000,2023-10-22T06:30:00Z,0.09163,0.09164,0.09159,0.0916,16120,1476.65134,0.09163,0.09164,0.0916,0.0916,0.09168,0.09169,0.09165,0.09166,-0.00037921,-0.00030227,-0.00049301,-0.00049301,-6.0000000000004494e-05,-0.000654593061313599
1697956500000,2023-10-22T06:35:00Z,0.0916,0.0916,0.09155,0.09158,8221,752.77975,0.0916,0.09161,0.09156,0.09159,0.09166,0.09167,0.09161,0.09165,-0.00049301,-0.00006874,-0.00020837,-0.00006874,-7.000000000000062e-05,-0.000763775231860345
1697956800000,2023-10-22T06:40:00Z,0.09158,0.09161,0.09156,0.09156,2685,245.85539,0.09159,0.09161,0.09156,0.09156,0.09165,0.09165,0.09161,0.09162,-0.00006874,-0.00038332,-0.00041672,-0.00038332,-5.9999999999990616e-05,-0.0006548788474131262
1697957100000,2023-10-22T06:45:00Z,0.09156,0.09159,0.09156,0.09159,1154,105.67584,0.09156,0.09159,0.09156,0.09159,0.09162,0.09165,0.0916,0.09161,-0.00038332,-0.00042481,-0.00042659,-0.00042659,-1.9999999999992246e-05,-0.00021831677764427734
1697957400000,2023-10-22T06:50:00Z,0.09159,0.09159,0.09155,0.09159,10764,985.80305,0.09159,0.09161,0.09155,0.09159,0.09161,0.09166,0.0916,0.09163,-0.00042659,-0.00037564,-0.00048237,-0.00037564,-3.999999999999837e-05,-0.0004365382516642843
1697957700000,2023-10-22T06:55:00Z,0.09159,0.0916,0.09156,0.0916,17682,1619.08286,0.09159,0.09162,0.09157,0.0916,0.09163,0.09167,0.09162,0.09166,-0.00037564,-0.00016199,-0.00017319,-0.00016199,-6.0000000000004494e-05,-0.000654593061313599
1697958000000,2023-10-22T07:00:00Z,0.0916,0.0916,0.09153,0.09153,11388,1042.60644,0.0916,0.09161,0.09153,0.09153,0.09166,0.09167,0.09158,0.09158,-0.00016199,-0.0004774,-0.00057596,-0.0004774,-4.999999999999449e-05,-0.000545970735968492
1697958300000,2023-10-22T07:05:00Z,0.09153,0.09153,0.09148,0.0915,775067,70903.74222,0.09153,0.09153,0.09148,0.09152,0.09158,0.09158,0.0915,0.09157,-0.0004774,-0.00032088,-0.00050551,-0.00050551,-7.000000000000062e-05,-0.0007644425030031738
1697958600000,2023-10-22T07:10:00Z,0.0915,0.09156,0.09148,0.09148,28649,2622.15475,0.09152,0.09156,0.09148,0.09148,0.09157,0.09161,0.09152,0.09153,-0.00050551,-0.00009011,-0.00043701,-0.00043701,-4.999999999999449e-05,-0.0005462689828470938
1697958900000,2023-10-22T07:15:00Z,0.09148,0.09153,0.09148,0.09152,44361,4059.09391,0.09148,0.09154,0.09148,0.09153,0.09153,0.09158,0.09152,0.09157,-0.00043701,-0.00027353,-0.00028134,-0.00027353,-4.999999999999449e-05,-0.0005460303592879162
1697959200000,2023-10-22T07:20:00Z,0.09152,0.09154,0.09151,0.09151,14379,1316.21664,0.09153,0.09154,0.09151,0.09151,0.09157,0.09158,0.09155,0.09155,-0.00027353,-0.00041679,-0.00043691,-0.00043691,-4.000000000001225e-05,-0.00043691971600231833
1697959500000,2023-10-22T07:25:00Z,0.09151,0.09151,0.09149,0.09149,32551,2978.65631,0.09151,0.09152,0.09149,0.09149,0.09155,0.09156,0.09152,0.09153,-0.00043691,-0.00032579,-0.00043489,-0.00032579,-3.999999999999837e-05,-0.00043701518627770535
1697959800000,2023-10-22T07:30:00Z,0.09149,0.09149,0.09136,0.09136,1498538,137076.25121,0.09149,0.09149,0.09136,0.09137,0.09153,0.09154,0.09138,0.09141,-0.00032579,-0.00020809,-0.00039422,-0.00020809,-5.000000000000837e-05,-0.0005469861065529851
1697960100000,2023-10-22T07:35:00Z,0.09136,0.09139,0.09121,0.09121,570761,52089.44051,0.09137,0.09139,0.09123,0.09124,0.09141,0.09143,0.09128,0.09129,-0.00020809,-0.00033566,-0.0004628,-0.0004628,-7.999999999999674e-05,-0.0008763281849052114
1697960400000,2023-10-22T07:40:00Z,0.09121,0.09121,0.09056,0.09104,3081716,279927.78884,0.09124,0.09125,0.09063,0.09104,0.09129,0.0913,0.09068,0.0911,-0.0004628,-0.00028555,-0.00051531,-0.00028555,-6.0000000000004494e-05,-0.0006586169045005982
1697960700000,2023-10-22T07:45:00Z,0.09104,0.0912,0.09101,0.09118,168908,15393.4316,0.09104,0.0912,0.09101,0.09118,0.0911,0.09126,0.09107,0.09123,-0.00028555,-0.00056378,-0.00063441,-0.00063441,-5.000000000000837e-05,-0.0005480653293873547
1697961000000,2023-10-22T07:50:00Z,0.09118,0.09118,0.09111,0.09112,34076,3105.63581,0.09118,0.09118,0.09112,0.09115,0.09123,0.09123,0.09118,0.09121,-0.00063441,-0.00035891,-0.00043854,-0.00043854,-8.999999999999286e-05,-0.0009867339107553215
1697961300000,2023-10-22T07:55:00Z,0.09112,0.09116,0.09111,0.09116,3157,287.75088,0.09115,0.09117,0.09112,0.09117,0.09121,0.09123,0.09117,0.09122,-0.00043854,-0.00038083,-0.0004603,-0.00038083,-5.9999999999990616e-05,-0.0006577504933127672
1697961600000,2023-10-22T08:00:00Z,0.09116,0.09123,0.0911,0.09123,71418,6507.66755,0.09117,0.09126,0.09111,0.09123,0.09122,0.09132,0.09116,0.09129,-0.00038083,-0.00010486,-0.00034803,-0.00010486,-5.9999999999990616e-05,-0.0006572461386788325
1697961900000,2023-10-22T08:05:00Z,0.09123,0.09124,0.09114,0.09116,4994,455.30398,0.09123,0.09124,0.09115,0.09116,0.09129,0.0913,0.09121,0.09122,-0.00010486,-0.00044267,-0.00058259,-0.00044267,-5.9999999999990616e-05,-0.0006577504933127672
1697962200000,2023-10-22T08:10:00Z,0.09116,0.09119,0.09112,0.09115,10484,955.91361,0.09116,0.09119,0.09112,0.09115,0.09122,0.09124,0.09118,0.09119,-0.00044267,-0.0002902,-0.00075611,-0.0002902,-3.999999999999837e-05,-0.00043864458822237497
1697962500000,2023-10-22T08:15:00Z,0.09115,0.09115,0.0911,0.09111,35936,3275.48084,0.09115,0.09116,0.09112,0.09113,0.09119,0.09121,0.09117,0.09118,-0.0002902,-0.00052067,-0.00054818,-0.00052067,-7.000000000000062e-05,-0.0007677122175915839
1697962800000,2023-10-22T08:20:00Z,0.09111,0.09111,0.09098,0.09101,279951,25488.50184,0.09113,0.09113,0.09101,0.09103,0.09118,0.09118,0.09107,0.0911,-0.00052067,-0.00058722,-0.000663,-0.000663,-9.000000000000674e-05,-0.0009879253567508972
1697963100000,2023-10-22T08:25:00Z,0.09101,0.09106,0.091,0.09106,181135,16490.91226,0.09103,0.09107,0.091,0.09106,0.0911,0.09114,0.09106,0.09113,-0.000663,-0.00040368,-0.00071398,-0.00040368,-7.000000000000062e-05,-0.0007681334357511315
1697963400000,2023-10-22T08:30:00Z,0.09106,0.09113,0.09102,0.09113,63903,5818.59381,0.09106,0.09114,0.09102,0.09114,0.09113,0.0912,0.09107,0.0912,-0.00040368,-0.00030977,-0.00045436,-0.00045436,-7.000000000000062e-05,-0.0007675438596491295
1697963700000,2023-10-22T08:35:00Z,0.09113,0.0912,0.09112,0.09112,19276,1756.91871,0.09114,0.0912,0.09112,0.09113,0.0912,0.09124,0.09117,0.0912,-0.00045436,-0.00049429,-0.00063242,-0.00049429,-7.999999999999674e-05,-0.0008771929824561046
1697964000000,2023-10-22T08:40:00Z,0.09112,0.09125,0.09112,0.09122,87201,7954.90654,0.09113,0.09125,0.09113,0.09122,0.0912,0.09129,0.09119,0.09128,-0.00049429,-0.00029346,-0.00046012,-0.00046012,-6.0000000000004494e-05,-0.0006573181419807679
1697964300000,2023-10-22T08:45:00Z,0.09122,0.0913,0.09122,0.09123,10191,930.13367,0.09122,0.0913,0.09122,0.09125,0.09128,0.09133,0.09126,0.09129,-0.00046012,-0.00018902,-0.00032278,-0.00018902,-5.9999999999990616e-05,-0.0006572461386788325
1697964600000,2023-10-22T08:50:00Z,0.09123,0.09124,0.09118,0.09118,21453,1956.34651,0.09125,0.09125,0.09118,0.09118,0.09129,0.09129,0.09123,0.09124,-0.00018902,-0.00023471,-0.0004383,-0.0004383,-6.0000000000004494e-05,-0.0006576063130206542
1697964900000,2023-10-22T08:55:00Z,0.09118,0.09121,0.09118,0.0912,16917,1542.5721,0.09118,0.09123,0.09118,0.0912,0.09124,0.09129,0.09123,0.09126,-0.0004383,-0.00039274,-0.00054782,-0.00054782,-5.9999999999990616e-05,-0.0006574621959236316
1697965200000,2023-10-22T09:00:00Z,0.0912,0.09128,0.09119,0.09123,286932,26183.85015,0.0912,0.09128,0.0912,0.09125,0.09126,0.09135,0.09126,0.09132,-0.00054782,-0.00040267,-0.00062801,-0.00062801,-8.999999999999286e-05,-0.0009855453350853358
1697965500000,2023-10-22T09:05:00Z,0.09123,0.09127,0.09123,0.09125,5332,486.54518,0.09125,0.09128,0.09123,0.09126,0.09132,0.09136,0.0913,0.09133,-0.00062801,-0.00041175,-0.00052047,-0.00052047,-7.999999999999674e-05,-0.000875944377531991
1697965800000,2023-10-22T09:10:00Z,0.09125,0.09126,0.09125,0.09125,612,55.84565,0.09126,0.09127,0.09125,0.09127,0.09133,0.09133,0.09128,0.09132,-0.00052047,-0.00042952,-0.00043811,-0.00043811,-7.000000000000062e-05,-0.0007665352606219954
1697966100000,2023-10-22T09:15:00Z,0.09125,0.09126,0.09125,0.09126,1226,111.88476,0.09127,0.09128,0.09125,0.09127,0.09132,0.09133,0.0913,0.09132,-0.00043811,-0.00048138,-0.00057144,-0.00048138,-6.0000000000004494e-05,-0.0006570302233903252
1697966400000,2023-10-22T09:20:00Z,0.09126,0.09126,0.09125,0.09126,11719,1069.41284,0.09127,0.09127,0.09125,0.09127,0.09132,0.09133,0.09129,0.09133,-0.00048138,-0.00052556,-0.00061355,-0.00052556,-7.000000000000062e-05,-0.0007664513303405301
1697966700000,2023-10-22T09:25:00Z,0.09126,0.09127,0.09126,0.09127,12963,1183.13301,0.09127,0.09128,0.09126,0.09127,0.09133,0.09134,0.09131,0.09132,-0.00052556,-0.00055425,-0.00060648,-0.00060648,-4.999999999999449e-05,-0.000547525186158503
1697967000000,2023-10-22T09:30:00Z,0.09127,0.09127,0.09121,0.09121,396146,36138.43196,0.09127,0.09127,0.09121,0.09121,0.09132,0.09133,0.09125,0.09125,-0.00060648,-0.0004383,-0.0006067,-0.0006067,-3.999999999999837e-05,-0.00043835616438354377
1697967300000,2023-10-22T09:35:00Z,0.09121,0.09121,0.09114,0.09116,39351,3586.99262,0.09121,0.09121,0.09115,0.09116,0.09125,0.09125,0.09121,0.09122,-0.0006067,-0.00041609,-0.00050789,-0.00041609,-5.9999999999990616e-05,-0.0006577504933127672
1697967600000,2023-10-22T09:40:00Z,0.09116,0.09116,0.09113,0.09115,4473,407.71945,0.09116,0.09116,0.09113,0.09115,0.09122,0.09122,0.09119,0.09119,-0.00041609,-0.00036805,-0.00045559,-0.00045559,-3.999999999999837e-05,-0.00043864458822237497
1697967900000,2023-10-22T09:45:00Z,0.09115,0.09115,0.09111,0.09111,1758,160.18565,0.09115,0.09116,0.09112,0.09112,0.09119,0.09121,0.09117,0.09118,-0.00045559,-0.00043874,-0.00057879,-0.00043874,-7.000000000000062e-05,-0.0007677122175915839
1697968200000,2023-10-22T09:50:00Z,0.09111,0.09112,0.09104,0.09106,40556,3693.63304,0.09112,0.09112,0.09105,0.09106,0.09118,0.09118,0.0911,0.09111,-0.00043874,-0.00048738,-0.0005265,-0.00048738,-4.999999999999449e-05,-0.000548787180331407
1697968500000,2023-10-22T09:55:00Z,0.09106,0.09106,0.09091,0.09094,132084,12012.28683,0.09106,0.09106,0.09092,0.09093,0.09111,0.09112,0.09099,0.091,-0.00048738,-0.00049016,-0.00059257,-0.00049016,-6.0000000000004494e-05,-0.0006593406593407088
1697968800000,2023-10-22T10:00:00Z,0.09094,0.09097,0.09093,0.09093,46476,4227.16717,0.09093,0.09098,0.09093,0.09094,0.091,0.09105,0.09099,0.09101,-0.00049016,-0.00054828,-0.00068988,-0.00068988,-7.999999999999674e-05,-0.0008790242830457834
1697969100000,2023-10-22T10:05:00Z,0.09093,0.09102,0.09093,0.091,20646,1878.87035,0.09094,0.09101,0.09094,0.091,0.09101,0.09107,0.09101,0.09106,-0.00068988,-0.00043641,-0.00064997,-0.00043641,-6.0000000000004494e-05,-0.0006589062156820173
1697969400000,2023-10-22T10:10:00Z,0.091,0.09106,0.091,0.09106,24342,2216.49022,0.091,0.09106,0.091,0.09106,0.09106,0.09111,0.09106,0.09111,-0.00043641,-0.00044221,-0.00049654,-0.00049654,-4.999999999999449e-05,-0.000548787180331407
1697969700000,2023-10-22T10:15:00Z,0.09106,0.09111,0.09105,0.09107,10395,946.69725,0.09106,0.09111,0.09105,0.09108,0.09111,0.09116,0.0911,0.09114,-0.00049654,-0.00021084,-0.00027975,-0.00027975,-7.000000000000062e-05,-0.0007680491551459362
1697970000000,2023-10-22T10:20:00Z,0.09107,0.09107,0.09085,0.09086,107009,9724.42812,0.09108,0.09108,0.09087,0.09088,0.09114,0.09114,0.09093,0.09094,-0.00027975,-0.00050934,-0.00058523,-0.00050934,-7.999999999999674e-05,-0.0008797009016933884
1697970300000,2023-10-22T10:25:00Z,0.09086,0.09092,0.09077,0.09089,100450,9124.60551,0.09088,0.0909,0.09079,0.09089,0.09094,0.09097,0.09085,0.09092,-0.00050934,-0.00034121,-0.00037949,-0.00037949,-3.0000000000002247e-05,-0.00032996040475145454
1697970600000,2023-10-22T10:30:00Z,0.09089,0.09089,0.09085,0.09088,13907,1263.74503,0.09089,0.0909,0.09086,0.09088,0.09092,0.09096,0.09091,0.09093,-0.00037949,-0.00043989,-0.00053188,-0.00043989,-4.999999999999449e-05,-0.0005498735290882491
1697970900000,2023-10-22T10:35:00Z,0.09088,0.09094,0.09088,0.09092,20300,1845.74471,0.09088,0.09096,0.09088,0.09093,0.09093,0.09102,0.09093,0.09099,-0.00043989,-0.00035307,-0.00037564,-0.00035307,-7.000000000000062e-05,-0.0007693153093746633
1697971200000,2023-10-22T10:40:00Z,0.09092,0.09096,0.09092,0.09094,38969,3544.10683,0.09093,0.09096,0.09092,0.09093,0.09099,0.09102,0.09091,0.09092,-0.00035307,-0.00037918,-0.00049538,-0.00049538,1.9999999999992246e-05,0.0002199736031675346
1697971500000,2023-10-22T10:45:00Z,0.09094,0.09094,0.09069,0.09072,258153,23435.25678,0.09093,0.09093,0.09069,0.09072,0.09092,0.09095,0.09074,0.09076,-0.00049538,-0.0004046,-0.00066079,-0.0004046,-3.999999999999837e-05,-0.0004407227853679856
1697971800000,2023-10-22T10:50:00Z,0.09072,0.09072,0.09062,0.09064,105206,9537.17734,0.09072,0.09072,0.09063,0.09064,0.09076,0.09077,0.09068,0.09068,-0.0004046,-0.00039375,-0.00061077,-0.00039375,-3.999999999999837e-05,-0.00044111160123509453
1697972100000,2023-10-22T10:55:00Z,0.09064,0.09069,0.09059,0.09069,454606,41189.33268,0.09064,0.09069,0.09059,0.09069,0.09068,0.09076,0.09064,0.09072,-0.00039375,-0.00056927,-0.00067338,-0.00067338,-2.999999999998837e-05,-0.0003306878306877025
1697972400000,2023-10-22T11:00:00Z,0.09069,0.09069,0.09062,0.09067,42530,3855.20391,0.09069,0.09069,0.09063,0.09067,0.09072,0.09074,0.09069,0.09074,-0.00067338,-0.00047735,-0.00071097,-0.00047735,-7.000000000000062e-05,-0.0007714348688560791
1697972700000,2023-10-22T11:05:00Z,0.09067,0.09072,0.09067,0.09072,40235,3649.34124,0.09067,0.09075,0.09067,0.09072,0.09074,0.09082,0.09073,0.0908,-0.00047735,-0.00064295,-0.0006685,-0.00064295,-8.000000000001062e-05,-0.0008810572687225839
1697973000000,2023-10-22T11:10:00Z,0.09072,0.09072,0.09053,0.09062,104686,9483.94407,0.09072,0.09072,0.09055,0.09065,0.0908,0.0908,0.09063,0.09072,-0.00064295,-0.00059664,-0.00064487,-0.00064487,-9.999999999998899e-05,-0.0011022927689593144
1697973300000,2023-10-22T11:15:00Z,0.09062,0.09064,0.09055,0.09055,42398,3840.28123,0.09065,0.09065,0.09055,0.09055,0.09072,0.09072,0.09061,0.09061,-0.00064487,-0.00043055,-0.00044557,-0.00044557,-5.9999999999990616e-05,-0.0006621785674869288
1697973600000,2023-10-22T11:20:00Z,0.09055,0.09062,0.09053,0.09053,52571,4760.85561,0.09055,0.09062,0.09053,0.09054,0.09061,0.0907,0.0906,0.09061,-0.00044557,-0.00055181,-0.0006332,-0.00055181,-7.999999999999674e-05,-0.0008829047566493405
1697973900000,2023-10-22T11:25:00Z,0.09053,0.09057,0.09038,0.09049,227589,20587.21963,0.09054,0.09057,0.09042,0.09049,0.09061,0.09064,0.09049,0.09055,-0.00055181,-0.00066232,-0.00068423,-0.00068423,-6.0000000000004494e-05,-0.0006626173384870733
1697974200000,2023-10-22T11:30:00Z,0.09049,0.09052,0.09041,0.09042,60081,5435.39027,0.09049,0.09054,0.09041,0.09042,0.09055,0.09062,0.09049,0.09051,-0.00068423,-0.0007387,-0.00082606,-0.0007387,-8.999999999999286e-05,-0.000994365263506716
1697974500000,2023-10-22T11:35:00Z,0.09042,0.09051,0.09031,0.09031,198272,17920.09167,0.09042,0.09051,0.09031,0.09031,0.09051,0.09059,0.09038,0.09038,-0.0007387,-0.00048989,-0.00063116,-0.00063116,-7.000000000000062e-05,-0.0007745076344324033
1697974800000,2023-10-22T11:40:00Z,0.09031,0.09045,0.09031,0.09044,35195,3181.04338,0.09031,0.09045,0.09031,0.09044,0.09038,0.09051,0.09038,0.09051,-0.00063116,-0.00051856,-0.00057488,-0.00051856,-6.999999999998674e-05,-0.0007733952049495829
1697975100000,2023-10-22T11:45:00Z,0.09044,0.09045,0.09037,0.09037,29674,2682.27127,0.09044,0.09046,0.09037,0.09038,0.09051,0.09053,0.09044,0.09046,-0.00051856,-0.00062567,-0.00062951,-0.00062951,-8.999999999999286e-05,-0.0009949148795046746
1697975400000,2023-10-22T11:50:00Z,0.09037,0.09042,0.09037,0.09039,10941,989.117,0.09038,0.09043,0.09037,0.0904,0.09046,0.0905,0.09044,0.09048,-0.00062951,-0.00051873,-0.00058932,-0.00058932,-9.000000000000674e-05,-0.000994694960212276
1697975700000,2023-10-22T11:55:00Z,0.09039,0.09043,0.09039,0.09043,48673,4400.92056,0.0904,0.09043,0.0904,0.09043,0.09048,0.09051,0.09046,0.09051,-0.00058932,-0.00065498,-0.00076408,-0.00065498,-7.999999999999674e-05,-0.0008838802342282261
1697976000000,2023-10-22T12:00:00Z,0.09043,0.09051,0.09042,0.09051,83875,7588.18814,0.09043,0.09051,0.09042,0.09051,0.09051,0.09057,0.0905,0.09057,-0.00065498,-0.0007294,-0.0007669,-0.0007294,-6.0000000000004494e-05,-0.0006624710168930606
1697976300000,2023-10-22T12:05:00Z,0.09051,0.09055,0.09047,0.09054,11867,1074.15101,0.09051,0.09057,0.09048,0.09054,0.09057,0.09065,0.09056,0.09062,-0.0007294,-0.00060112,-0.00070501,-0.00060112,-8.000000000001062e-05,-0.0008828073273009337
1697976600000,2023-10-22T12:10:00Z,0.09054,0.09056,0.09052,0.09056,8794,796.27763,0.09054,0.09056,0.09052,0.09056,0.09062,0.09065,0.0906,0.09062,-0.00060112,-0.00047274,-0.0006742,-0.00047274,-6.0000000000004494e-05,-0.000662105495475662
1697976900000,2023-10-22T12:15:00Z,0.09056,0.09056,0.0905,0.09053,25837,2338.92898,0.09056,0.09056,0.09051,0.09053,0.09062,0.09062,0.09056,0.09058,-0.00047274,-0.00072817,-0.00074354,-0.00074354,-4.999999999999449e-05,-0.0005519982336055917
1697977200000,2023-10-22T12:20:00Z,0.09053,0.09055,0.09053,0.09055,13979,1265.7059,0.09053,0.09056,0.09053,0.09055,0.09058,0.09064,0.09057,0.09063,-0.00074354,-0.00060035,-0.00063422,-0.00060035,-7.999999999999674e-05,-0.0008827099194526839
1697977500000,2023-10-22T12:25:00Z,0.09055,0.09061,0.09054,0.09056,26866,2433.40062,0.09055,0.09061,0.09055,0.09059,0.09063,0.09069,0.09061,0.09067,-0.00060035,-0.00053872,-0.00068512,-0.00053872,-0.00010999999999999899,-0.001213190691518683
1697977800000,2023-10-22T12:30:00Z,0.09056,0.09058,0.09051,0.09051,17328,1569.00836,0.09059,0.0906,0.09051,0.09051,0.09067,0.09067,0.09054,0.09054,-0.00053872,-0.00060172,-0.00073165,-0.00073165,-3.0000000000002247e-05,-0.0003313452617627816
1697978100000,2023-10-22T12:35:00Z,0.09051,0.09051,0.09038,0.09042,32464,2935.03377,0.09051,0.09051,0.09039,0.09042,0.09054,0.09057,0.09046,0.09048,-0.00073165,-0.00065109,-0.00067016,-0.00067016,-6.0000000000004494e-05,-0.0006631299734748507
1697978400000,2023-10-22T12:40:00Z,0.09042,0.09042,0.09032,0.09034,97441,8805.72477,0.09042,0.09042,0.09034,0.09035,0.09048,0.09048,0.09041,0.09042,-0.00067016,-0.0005339,-0.00064863,-0.00064863,-7.999999999999674e-05,-0.000884760008847564
1697978700000,2023-10-22T12:45:00Z,0.09034,0.09043,0.09033,0.09043,49364,4461.55162,0.09035,0.09045,0.09034,0.09045,0.09042,0.09053,0.09041,0.09053,-0.00064863,-0.00056849,-0.00056989,-0.00056849,-0.00010000000000000286,-0.0011046062078869199
1697979000000,2023-10-22T12:50:00Z,0.09043,0.09045,0.09043,0.09043,3355,303.42214,0.09045,0.09045,0.09043,0.09043,0.09053,0.09053,0.0905,0.0905,-0.00056849,-0.00054497,-0.00063694,-0.00054497,-7.000000000000062e-05,-0.0007734806629834323
1697979300000,2023-10-22T12:55:00Z,0.09043,0.09043,0.09031,0.09031,13285,1200.63472,0.09043,0.09043,0.09031,0.09031,0.0905,0.09051,0.09035,0.09035,-0.00054497,-0.0002783,-0.0006192,-0.0006192,-3.999999999999837e-05,-0.00044272274488100025
1697979600000,2023-10-22T13:00:00Z,0.09031,0.09033,0.09023,0.09033,175609,15855.57983,0.09031,0.09036,0.09025,0.09035,0.09035,0.09043,0.09032,0.09043,-0.0006192,-0.00042522,-0.00042849,-0.00042849,-0.00010000000000000286,-0.0011058277120424955
1697979900000,2023-10-22T13:05:00Z,0.09033,0.09044,0.09033,0.09043,27798,2512.35593,0.09035,0.09044,0.09034,0.09043,0.09043,0.09051,0.09042,0.09049,-0.00042849,-0.00057243,-0.00061031,-0.00061031,-6.0000000000004494e-05,-0.0006630566913471598
1697980200000,2023-10-22T13:10:00Z,0.09043,0.09043,0.09033,0.09035,22079,1995.34239,0.09043,0.09043,0.09035,0.09036,0.09049,0.0905,0.0904,0.09044,-0.00061031,-0.00057713,-0.00069139,-0.00069139,-9.000000000000674e-05,-0.000995134896063763
1697980500000,2023-10-22T13:15:00Z,0.09035,0.09042,0.09035,0.09037,14761,1333.9975,0.09036,0.09042,0.09035,0.09038,0.09044,0.09049,0.09043,0.09046,-0.00069139,-0.00077399,-0.00099491,-0.00077399,-8.999999999999286e-05,-0.0009949148795046746
1697980800000,2023-10-22T13:20:00Z,0.09037,0.09045,0.09037,0.09043,118821,10738.54008,0.09038,0.09046,0.09037,0.09043,0.09046,0.09054,0.09044,0.09052,-0.00077399,-0.00062477,-0.00070043,-0.00070043,-9.000000000000674e-05,-0.000994255413168435
1697981100000,2023-10-22T13:25:00Z,0.09043,0.09045,0.0903,0.09033,53560,4838.79332,0.09043,0.09046,0.09031,0.09033,0.09052,0.09055,0.09037,0.09039,-0.00070043,-0.00070748,-0.00077648,-0.00070748,-6.0000000000004494e-05,-0.0006637902422834881
1697981400000,2023-10-22T13:30:00Z,0.09033,0.09034,0.09015,0.0902,198257,17886.60141,0.09033,0.09034,0.09017,0.0902,0.09039,0.09041,0.09024,0.09026,-0.00070748,-0.00061677,-0.00062104,-0.00061677,-6.0000000000004494e-05,-0.0006647462884999389
1697981700000,2023-10-22T13:35:00Z,0.0902,0.09026,0.09019,0.0902,92360,8333.22683,0.0902,0.09026,0.0902,0.09022,0.09026,0.09032,0.09026,0.09029,-0.00061677,-0.00043243,-0.00094397,-0.00043243,-8.999999999999286e-05,-0.0009967881271457843
1697982000000,2023-10-22T13:40:00Z,0.0902,0.09023,0.0902,0.09023,13970,1260.42414,0.09022,0.09024,0.09021,0.09023,0.09029,0.09032,0.09029,0.09029,-0.00043243,-0.00060493,-0.00064263,-0.00060493,-5.9999999999990616e-05,-0.0006645254180971383
1697982300000,2023-10-22T13:45:00Z,0.09023,0.09023,0.09015,0.09016,94296,8503.19131,0.09023,0.09023,0.09016,0.09016,0.09029,0.0903,0.09024,0.09024,-0.00060493,-0.00080957,-0.00097939,-0.00097939,-7.999999999999674e-05,-0.0008865248226949993
1697982600000,2023-10-22T13:50:00Z,0.09016,0.09026,0.09014,0.09023,469885,42379.96845,0.09016,0.09026,0.09014,0.09025,0.09024,0.09033,0.09023,0.09033,-0.00097939,-0.00041005,-0.00047391,-0.00041005,-9.999999999998899e-05,-0.0011070519207349607
1697982900000,2023-10-22T13:55:00Z,0.09023,0.09029,0.09022,0.09028,41552,3750.77004,0.09025,0.09029,0.09023,0.09028,0.09033,0.09037,0.09031,0.09034,-0.00041005,-0.00041578,-0.00057742,-0.00057742,-6.0000000000004494e-05,-0.0006641576267434635
1697983200000,2023-10-22T14:00:00Z,0.09028,0.09028,0.0902,0.09021,209726,18929.52746,0.09028,0.09028,0.09021,0.09021,0.09034,0.09035,0.09027,0.09027,-0.00057742,-0.00054179,-0.00069505,-0.00069505,-6.0000000000004494e-05,-0.0006646726487205549
1697983500000,2023-10-22T14:05:00Z,0.09021,0.09025,0.09017,0.09024,91518,8254.95689,0.09021,0.09028,0.0902,0.09025,0.09027,0.09034,0.09025,0.09032,-0.00069505,-0.00039667,-0.00044595,-0.00039667,-7.999999999999674e-05,-0.0008857395925597513
1697983800000,2023-10-22T14:10:00Z,0.09024,0.09026,0.09023,0.09025,44089,3978.88307,0.09025,0.09026,0.09023,0.09025,0.09032,0.09033,0.09029,0.0903,-0.00039667,-0.0003341,-0.00055812,-0.00055812,-5.000000000000837e-05,-0.0005537098560355301
1697984100000,2023-10-22T14:15:00Z,0.09025,0.09025,0.09019,0.09023,20597,1858.03746,0.09025,0.09025,0.0902,0.09023,0.0903,0.09031,0.09025,0.09026,-0.00055812,-0.00052707,-0.00067161,-0.00052707,-3.0000000000002247e-05,-0.00033237314424996946
1697984400000,2023-10-22T14:20:00Z,0.09023,0.09023,0.0901,0.0901,65663,5916.99061,0.09023,0.09023,0.0901,0.09011,0.09026,0.09027,0.09016,0.09018,-0.00052707,-0.00064893,-0.0006813,-0.00064893,-7.999999999999674e-05,-0.0008871146595697132
1697984700000,2023-10-22T14:25:00Z,0.0901,0.09014,0.0901,0.09012,18747,1689.60279,0.09011,0.09016,0.09011,0.09013,0.09018,0.09023,0.09018,0.09021,-0.00064893,-0.00066526,-0.00085877,-0.00066526,-8.999999999999286e-05,-0.0009976720984369012
1697985000000,2023-10-22T14:30:00Z,0.09012,0.09015,0.09012,0.09014,57298,5164.91099,0.09013,0.09015,0.09013,0.09014,0.09021,0.09023,0.09019,0.09022,-0.00066526,-0.00060481,-0.00079162,-0.00079162,-7.999999999999674e-05,-0.0008867213478164126
1697985300000,2023-10-22T14:35:00Z,0.09014,0.09014,0.0901,0.09013,23770,2142.3591,0.09014,0.09016,0.09011,0.09013,0.09022,0.09024,0.0902,0.0902,-0.00079162,-0.0007215,-0.00084604,-0.0007215,-7.000000000000062e-05,-0.0007760532150776122
1697985600000,2023-10-22T14:40:00Z,0.09013,0.09014,0.09009,0.0901,41802,3766.48405,0.09013,0.09014,0.09009,0.09011,0.0902,0.09021,0.09015,0.09019,-0.0007215,-0.00070147,-0.00070307,-0.00070307,-9.000000000000674e-05,-0.000997893336290129
1697985900000,2023-10-22T14:45:00Z,0.0901,0.09017,0.09007,0.09009,79877,7196.52568,0.09011,0.09017,0.09009,0.09009,0.09019,0.09023,0.09015,0.09016,-0.00070307,-0.00068655,-0.00077622,-0.00077622,-7.000000000000062e-05,-0.0007763975155279571
1697986200000,2023-10-22T14:50:00Z,0.09009,0.09011,0.09002,0.09011,50751,4571.39367,0.09009,0.09012,0.09002,0.09011,0.09016,0.0902,0.09009,0.09018,-0.00077622,-0.00061055,-0.00082401,-0.00082401,-7.000000000000062e-05,-0.0007762253271235376
1697986500000,2023-10-22T14:55:00Z,0.09011,0.09011,0.09004,0.09008,74166,6679.82183,0.09011,0.09011,0.09004,0.09008,0.09018,0.09019,0.09011,0.09015,-0.00082401,-0.00046826,-0.00069762,-0.00046826,-7.000000000000062e-05,-0.0007764836383804839
1697986800000,2023-10-22T15:00:00Z,0.09008,0.09008,0.08987,0.08994,825065,74225.06163,0.09008,0.09008,0.08989,0.08994,0.09015,0.09015,0.08996,0.09,-0.00046826,-0.00070639,-0.00077812,-0.00070639,-5.9999999999990616e-05,-0.0006666666666665625
1697987100000,2023-10-22T15:05:00Z,0.08994,0.08994,0.08979,0.08984,346652,31141.18715,0.08994,0.08994,0.08982,0.08984,0.09,0.09002,0.08989,0.08992,-0.00070639,-0.00068375,-0.00074366,-0.00068375,-7.999999999999674e-05,-0.0008896797153024548
1697987400000,2023-10-22T15:10:00Z,0.08984,0.08986,0.08964,0.08966,899031,80654.66232,0.08984,0.08986,0.08968,0.08968,0.08992,0.08994,0.08975,0.08976,-0.00068375,-0.00084557,-0.00086321,-0.00084557,-0.00010000000000000286,-0.0011140819964349695
1697987700000,2023-10-22T15:15:00Z,0.08966,0.0898,0.08966,0.0898,323762,29046.60285,0.08968,0.08982,0.08966,0.08981,0.08976,0.0899,0.08974,0.08989,-0.00084557,-0.00053589,-0.00091687,-0.00053589,-8.999999999999286e-05,-0.0010012237178773262
1697988000000,2023-10-22T15:20:00Z,0.0898,0.08988,0.0898,0.08986,34642,3112.08405,0.08981,0.08989,0.08981,0.08986,0.08989,0.08997,0.08987,0.08991,-0.00053589,-0.0005604,-0.00080751,-0.00080751,-5.000000000000837e-05,-0.0005561116672228714
1697988300000,2023-10-22T15:25:00Z,0.08986,0.08988,0.0898,0.08986,91341,8205.94003,0.08986,0.08988,0.08983,0.08986,0.08991,0.08995,0.08989,0.08994,-0.00080751,-0.00061169,-0.00061514,-0.00061169,-8.000000000001062e-05,-0.0008894818768068781
1697988600000,2023-10-22T15:30:00Z,0.08986,0.08986,0.08983,0.08983,8085,726.41595,0.08986,0.08987,0.08983,0.08983,0.08994,0.08994,0.08988,0.08989,-0.00061169,-0.00043777,-0.00061268,-0.00061268,-6.0000000000004494e-05,-0.0006674824785849871
1697988900000,2023-10-22T15:35:00Z,0.08983,0.08988,0.08981,0.08988,162503,14599.20872,0.08983,0.0899,0.08981,0.0899,0.08989,0.08997,0.08986,0.08997,-0.00061268,-0.0004514,-0.00059459,-0.0004514,-8.999999999999286e-05,-0.0010003334444814145
1697989200000,2023-10-22T15:40:00Z,0.08988,0.08988,0.08986,0.08987,57161,5136.90682,0.0899,0.0899,0.08986,0.08989,0.08997,0.08997,0.08993,0.08996,-0.0004514,-0.00051111,-0.00070558,-0.00070558,-8.999999999999286e-05,-0.00100044464206306
1697989500000,2023-10-22T15:45:00Z,0.08987,0.08988,0.08979,0.08984,39784,3574.26382,0.08989,0.08989,0.08979,0.08984,0.08996,0.08997,0.08987,0.0899,-0.00070558,-0.00064679,-0.00068041,-0.00064679,-5.9999999999990616e-05,-0.0006674082313680825
1697989800000,2023-10-22T15:50:00Z,0.08984,0.08984,0.08974,0.08974,24976,2243.24994,0.08984,0.08984,0.08974,0.08974,0.0899,0.0899,0.08979,0.08979,-0.00064679,-0.0004236,-0.0007217,-0.0004236,-4.999999999999449e-05,-0.0005568548836172681
1697990100000,2023-10-22T15:55:00Z,0.08974,0.08975,0.08968,0.08975,453582,40699.52754,0.08974,0.08977,0.0897,0.08975,0.08979,0.08984,0.08977,0.08979,-0.0004236,-0.00044548,-0.00058857,-0.00044548,-3.999999999999837e-05,-0.00044548390689384533
1697990400000,2023-10-22T16:00:00Z,0.08975,0.08975,0.08961,0.08974,1152788,103392.8746,0.08975,0.08977,0.08964,0.08977,0.08979,0.08985,0.0897,0.08985,-0.00044548,-0.00073582,-0.00100233,-0.00100233,-0.00010999999999999899,-0.0012242626599888592
1697990700000,2023-10-22T16:05:00Z,0.08974,0.08978,0.08974,0.08975,30738,2759.27469,0.08977,0.08978,0.08974,0.08975,0.08985,0.08987,0.08982,0.08984,-0.00100233,-0.00065494,-0.00077511,-0.00065494,-9.000000000000674e-05,-0.001001780943900342
1697991000000,2023-10-22T16:10:00Z,0.08975,0.08982,0.08975,0.08975,35423,3180.7652,0.08975,0.08982,0.08975,0.08975,0.08984,0.0899,0.08982,0.08982,-0.00065494,-0.00077975,-0.00086607,-0.00086607,-7.000000000000062e-05,-0.0007793364506791429
1697991300000,2023-10-22T16:15:00Z,0.08975,0.08983,0.0897,0.08983,52861,4747.01727,0.08975,0.08983,0.0897,0.08983,0.08982,0.08992,0.08979,0.08991,-0.00086607,-0.00077049,-0.00079824,-0.00079824,-8.000000000001062e-05,-0.0008897786675565634
1697991600000,2023-10-22T16:20:00Z,0.08983,0.08986,0.08982,0.08986,56866,5109.3107,0.08983,0.08988,0.08982,0.08987,0.08991,0.08996,0.0899,0.08995,-0.00079824,-0.00059195,-0.00063867,-0.00059195,-9.000000000000674e-05,-0.0010005558643691689
1697991900000,2023-10-22T16:25:00Z,0.08986,0.08997,0.08985,0.08993,28400,2553.64047,0.08987,0.08997,0.08986,0.08993,0.08995,0.09003,0.08994,0.09,-0.00059195,-0.00047427,-0.00070876,-0.00070876,-7.000000000000062e-05,-0.0007777777777777847
1697992200000,2023-10-22T16:30:00Z,0.08993,0.09,0.08992,0.09,84402,7593.55921,0.08993,0.09002,0.08993,0.09001,0.09,0.09009,0.09,0.09008,-0.00070876,-0.000484,-0.00057341,-0.00057341,-7.999999999999674e-05,-0.0008880994671402836
1697992500000,2023-10-22T16:35:00Z,0.09,0.09002,0.08994,0.08996,51340,4618.9866,0.09001,0.09002,0.08994,0.08997,0.09008,0.09008,0.09001,0.09004,-0.00057341,-0.00028057,-0.00057236,-0.00028057,-7.999999999999674e-05,-0.0008884940026654459
1697992800000,2023-10-22T16:40:00Z,0.08996,0.08998,0.08993,0.08997,34781,3128.65242,0.08997,0.08999,0.08994,0.08997,0.09004,0.09006,0.09,0.09003,-0.00028057,-0.00057115,-0.00060237,-0.00060237,-6.0000000000004494e-05,-0.0006664445184938853
1697993100000,2023-10-22T16:45:00Z,0.08997,0.08997,0.0899,0.0899,22186,1995.14749,0.08997,0.08997,0.0899,0.0899,0.09003,0.09004,0.08997,0.08997,-0.00060237,-0.00051439,-0.00059657,-0.00051439,-7.000000000000062e-05,-0.0007780371234856132
1697993400000,2023-10-22T16:50:00Z,0.0899,0.0899,0.08983,0.08983,42526,3820.77352,0.0899,0.08991,0.08983,0.08983,0.08997,0.08998,0.08988,0.08989,-0.00051439,-0.0004401,-0.00044276,-0.00044276,-6.0000000000004494e-05,-0.0006674824785849871
1697993700000,2023-10-22T16:55:00Z,0.08983,0.08983,0.08981,0.08981,32113,2884.4557,0.08983,0.08984,0.08981,0.08981,0.08989,0.0899,0.08987,0.08988,-0.00044276,-0.00038577,-0.00055695,-0.00038577,-7.000000000000062e-05,-0.0007788161993769538
1697994000000,2023-10-22T17:00:00Z,0.08981,0.08982,0.08977,0.08977,14514,1303.50384,0.08981,0.08984,0.08979,0.08979,0.08988,0.0899,0.08986,0.08987,-0.00038577,-0.00063696,-0.00066644,-0.00066644,-0.00010000000000000286,-0.0011127183709803367
1697994300000,2023-10-22T17:05:00Z,0.08977,0.08986,0.08977,0.08986,46993,4220.92441,0.08979,0.08986,0.08979,0.08986,0.08987,0.08993,0.08986,0.08993,-0.00066644,-0.00065057,-0.00080825,-0.00065057,-7.000000000000062e-05,-0.0007783831869231693
1697994600000,2023-10-22T17:10:00Z,0.08986,0.08997,0.08985,0.08994,92401,8306.7297,0.08986,0.08997,0.08985,0.08994,0.08993,0.09004,0.08992,0.09001,-0.00065057,-0.00052489,-0.00080391,-0.00052489,-7.000000000000062e-05,-0.0007776913676258261
1697994900000,2023-10-22T17:15:00Z,0.08994,0.09003,0.08993,0.08993,563680,50729.40966,0.08994,0.09003,0.08993,0.08994,0.09001,0.09009,0.08998,0.09002,-0.00052489,-0.000647,-0.00079127,-0.000647,-9.000000000000674e-05,-0.0009997778271495972
1697995200000,2023-10-22T17:20:00Z,0.08993,0.09,0.08993,0.08999,14588,1312.45604,0.08994,0.09,0.08993,0.08999,0.09002,0.09007,0.09001,0.09004,-0.000647,-0.00048845,-0.00056551,-0.00056551,-4.999999999999449e-05,-0.0005553087516658651
1697995500000,2023-10-22T17:25:00Z,0.08999,0.09002,0.08995,0.09002,146571,13192.14056,0.08999,0.09002,0.08995,0.09002,0.09004,0.09009,0.09002,0.09008,-0.00056551,-0.00041929,-0.00051626,-0.00041929,-5.9999999999990616e-05,-0.0006660746003551356
1697995800000,2023-10-22T17:30:00Z,0.09002,0.09007,0.09002,0.09007,39821,3585.15426,0.09002,0.09008,0.09002,0.09008,0.09008,0.09015,0.09008,0.09015,-0.00041929,-0.00046892,-0.00051487,-0.00051487,-7.999999999999674e-05,-0.0008874098724347948
1697996100000,2023-10-22T17:35:00Z,0.09007,0.09009,0.09003,0.09005,46156,4156.24841,0.09008,0.0901,0.09007,0.09008,0.09015,0.09016,0.09012,0.09014,-0.00051487,-0.0005442,-0.00054509,-0.00054509,-8.999999999999286e-05,-0.0009984468604392375
1697996400000,2023-10-22T17:40:00Z,0.09005,0.09008,0.09003,0.09008,25973,2339.39705,0.09008,0.09009,0.09003,0.09008,0.09014,0.09015,0.0901,0.09014,-0.00054509,-0.00074353,-0.00074608,-0.00074608,-6.0000000000004494e-05,-0.0006656312402929277
1697996700000,2023-10-22T17:45:00Z,0.09008,0.09008,0.08995,0.08995,40817,3672.46281,0.09008,0.09009,0.08995,0.08996,0.09014,0.09017,0.09003,0.09004,-0.00074608,-0.00058438,-0.000638,-0.00058438,-8.999999999999286e-05,-0.000999555752998588
1697997000000,2023-10-22T17:50:00Z,0.08995,0.08999,0.08993,0.08995,92873,8353.61585,0.08996,0.08999,0.08994,0.08995,0.09004,0.09005,0.09,0.09002,-0.00058438,-0.00061359,-0.00085639,-0.00061359,-7.000000000000062e-05,-0.0007776049766718575
1697997300000,2023-10-22T17:55:00Z,0.08995,0.08995,0.08989,0.08989,34892,3136.92444,0.08995,0.08995,0.0899,0.0899,0.09002,0.09002,0.08997,0.08998,-0.00061359,-0.00058601,-0.00062554,-0.00058601,-9.000000000000674e-05,-0.0010002222716159895
1697997600000,2023-10-22T18:00:00Z,0.08989,0.08996,0.08986,0.08986,75727,6809.46437,0.0899,0.08998,0.08986,0.08986,0.08998,0.09006,0.08991,0.08993,-0.00058601,-0.00050972,-0.0009599,-0.00050972,-7.000000000000062e-05,-0.0007783831869231693
1697997900000,2023-10-22T18:05:00Z,0.08986,0.08989,0.08983,0.08989,52041,4675.94771,0.08986,0.08991,0.08983,0.08991,0.08993,0.09001,0.08991,0.09001,-0.00050972,-0.00083802,-0.00086795,-0.00086795,-0.00012000000000000899,-0.0013331852016443616
1697998200000,2023-10-22T18:10:00Z,0.08989,0.08993,0.08981,0.08985,163525,14701.32863,0.08991,0.08992,0.08981,0.08987,0.09001,0.09001,0.08989,0.08996,-0.00086795,-0.00071574,-0.00085118,-0.00071574,-0.00010999999999999899,-0.0012227656736327145
1697998500000,2023-10-22T18:15:00Z,0.08985,0.08987,0.08976,0.08982,208749,18747.14938,0.08987,0.08988,0.08981,0.08983,0.08996,0.08997,0.08989,0.08993,-0.00071574,-0.00084071,-0.00084759,-0.00084071,-0.00010999999999999899,-0.0012231735794506727
1697998800000,2023-10-22T18:20:00Z,0.08982,0.08985,0.0898,0.08985,27521,2471.96831,0.08983,0.08986,0.0898,0.08986,0.08993,0.08995,0.0899,0.08995,-0.00084071,-0.00075639,-0.00078018,-0.00075639,-0.00010000000000000286,-0.001111728738187914
1697999100000,2023-10-22T18:25:00Z,0.08985,0.08987,0.08983,0.08987,77757,6986.78275,0.08986,0.08988,0.08985,0.08987,0.08995,0.08997,0.08991,0.08996,-0.00075639,-0.00049066,-0.00074813,-0.00049066,-8.999999999999286e-05,-0.00100044464206306
1697999400000,2023-10-22T18:30:00Z,0.08987,0.08989,0.08986,0.08986,30161,2710.81617,0.08987,0.08989,0.08986,0.08986,0.08996,0.08997,0.08993,0.08994,-0.00049066,-0.00074216,-0.00085512,-0.00074216,-8.000000000001062e-05,-0.0008894818768068781
1697999700000,2023-10-22T18:35:00Z,0.08986,0.0899,0.08985,0.0899,24450,2197.20685,0.08986,0.08991,0.08985,0.08991,0.08994,0.09,0.08993,0.09,-0.00074216,-0.00064076,-0.0006807,-0.0006807,-0.00010000000000000286,-0.001111111111111143
1698000000000,2023-10-22T18:40:00Z,0.0899,0.0899,0.08984,0.08985,15893,1428.09344,0.08991,0.08993,0.08984,0.08985,0.09,0.09002,0.08992,0.08994,-0.0006807,-0.00057338,-0.00073048,-0.00057338,-9.000000000000674e-05,-0.00100066711140768
1698000300000,2023-10-22T18:45:00Z,0.08985,0.08985,0.08981,0.08982,4175,374.9976,0.08985,0.08986,0.08981,0.08983,0.08994,0.08995,0.0899,0.08992,-0.00057338,-0.00063693,-0.00084576,-0.00084576,-0.00010000000000000286,-0.0011120996441281456
1698000600000,2023-10-22T18:50:00Z,0.08982,0.08982,0.08981,0.08982,3585,321.98107,0.08983,0.08983,0.08981,0.08982,0.08992,0.08992,0.08989,0.08991,-0.00084576,-0.0003937,-0.00050222,-0.00050222,-9.000000000000674e-05,-0.001001001001001076
1698000900000,2023-10-22T18:55:00Z,0.08982,0.08982,0.08977,0.08979,98550,8848.73755,0.08982,0.08982,0.0898,0.0898,0.08991,0.08991,0.08987,0.08988,-0.00050222,-0.00067289,-0.00072741,-0.00067289,-9.000000000000674e-05,-0.001001335113484721
1698001200000,2023-10-22T19:00:00Z,0.08979,0.08987,0.08979,0.08987,93382,8386.82987,0.0898,0.08988,0.0898,0.08988,0.08988,0.08997,0.08988,0.08997,-0.00067289,-0.0007743,-0.00079132,-0.00079132,-9.999999999998899e-05,-0.0011114816049793152
1698001500000,2023-10-22T19:05:00Z,0.08987,0.08988,0.08979,0.08979,15419,1385.32833,0.08988,0.08988,0.08979,0.08979,0.08997,0.08997,0.08985,0.08985,-0.00079132,-0.00068702,-0.00072472,-0.00072472,-6.0000000000004494e-05,-0.000667779632721252
1698001800000,2023-10-22T19:10:00Z,0.08979,0.09006,0.08976,0.08992,678488,61027.20326,0.08979,0.08999,0.08976,0.08991,0.08985,0.09003,0.08985,0.09,-0.00072472,-0.00007811,-0.00070645,-0.00007811,-7.999999999999674e-05,-0.0008888888888888527
1698002100000,2023-10-22T19:15:00Z,0.08992,0.09015,0.08992,0.09002,827246,74489.10003,0.08991,0.09011,0.08991,0.09002,0.09,0.09016,0.09,0.09004,-0.00007811,-0.00036289,-0.00041218,-0.00036289,-1.9999999999992246e-05,-0.0002221235006662844
1698002400000,2023-10-22T19:20:00Z,0.09002,0.09007,0.08999,0.09003,70485,6347.53805,0.09002,0.0901,0.09,0.09003,0.09004,0.09015,0.09004,0.09008,-0.00036289,-0.00015972,-0.00065268,-0.00015972,-4.999999999999449e-05,-0.0005550621669626387
1698002700000,2023-10-22T19:25:00Z,0.09003,0.09003,0.08989,0.08995,384208,34549.11473,0.09003,0.09003,0.0899,0.08995,0.09008,0.09009,0.08995,0.09,-0.00015972,-0.00041219,-0.00041642,-0.00041642,-4.999999999999449e-05,-0.0005555555555554944
1698003000000,2023-10-22T19:30:00Z,0.08995,0.08996,0.08993,0.08994,6215,558.94107,0.08995,0.08996,0.08994,0.08995,0.09,0.09001,0.08996,0.09,-0.00041642,-0.0002238,-0.00031595,-0.0002238,-5.9999999999990616e-05,-0.0006666666666665625
1698003300000,2023-10-22T19:35:00Z,0.08994,0.09007,0.08994,0.09006,529926,47709.76755,0.08995,0.09007,0.08995,0.09006,0.09,0.09012,0.09,0.09011,-0.0002238,-0.00045043,-0.00045226,-0.00045043,-4.999999999999449e-05,-0.0005548773721007047
1698003600000,2023-10-22T19:40:00Z,0.09006,0.09006,0.09001,0.09004,14524,1307.5487,0.09006,0.09006,0.09003,0.09004,0.09011,0.09011,0.09008,0.09008,-0.00045043,-0.00030869,-0.00061971,-0.00030869,-3.999999999999837e-05,-0.0004440497335701418
1698003900000,2023-10-22T19:45:00Z,0.09004,0.09004,0.08994,0.08995,57507,5176.54819,0.09004,0.09004,0.08994,0.08995,0.09008,0.09008,0.09,0.09001,-0.00030869,-0.0004475,-0.00058283,-0.0004475,-6.0000000000004494e-05,-0.0006665926008221808
1698004200000,2023-10-22T19:50:00Z,0.08995,0.08995,0.08988,0.08988,4383,394.0991,0.08995,0.08995,0.08989,0.0899,0.09001,0.09001,0.08992,0.08995,-0.0004475,-0.00026979,-0.00036584,-0.00026979,-7.000000000000062e-05,-0.0007782101167315244
1698004500000,2023-10-22T19:55:00Z,0.08988,0.08989,0.08981,0.08989,605466,54398.75203,0.0899,0.08991,0.08985,0.08989,0.08995,0.08996,0.08991,0.08994,-0.00026979,-0.00030363,-0.00046852,-0.00030363,-5.000000000000837e-05,-0.0005559261730043181
1698004800000,2023-10-22T20:00:00Z,0.08989,0.0899,0.08986,0.0899,30991,2785.72887,0.08989,0.08994,0.08987,0.0899,0.08994,0.08999,0.08991,0.08994,-0.00030363,-0.00047843,-0.00068352,-0.00068352,-4.000000000001225e-05,-0.0004447409384035162
1698005100000,2023-10-22T20:05:00Z,0.0899,0.0899,0.08986,0.08988,8046,723.1268,0.0899,0.0899,0.08987,0.0899,0.08994,0.08997,0.08992,0.08997,-0.00068352,-0.00044375,-0.00047049,-0.00047049,-8.999999999999286e-05,-0.0010003334444814145
1698005400000,2023-10-22T20:10:00Z,0.08988,0.08998,0.08988,0.08998,25026,2251.28086,0.0899,0.08999,0.08989,0.08998,0.08997,0.09006,0.08996,0.09004,-0.00047049,-0.00056346,-0.00057945,-0.00057945,-5.9999999999990616e-05,-0.0006663705019990074
1698005700000,2023-10-22T20:15:00Z,0.08998,0.08999,0.08998,0.08998,17250,1552.22732,0.08998,0.09,0.08998,0.08998,0.09004,0.09007,0.09003,0.09003,-0.00057945,-0.00055537,-0.00069423,-0.00055537,-4.999999999999449e-05,-0.000555370432078135
1698006000000,2023-10-22T20:20:00Z,0.08998,0.08998,0.08997,0.08998,18504,1664.92878,0.08998,0.08999,0.08997,0.08998,0.09003,0.09005,0.09002,0.09004,-0.00055537,-0.00033133,-0.00033144,-0.00033133,-5.9999999999990616e-05,-0.0006663705019990074
1698006300000,2023-10-22T20:25:00Z,0.08998,0.08998,0.08996,0.08996,2205,198.3618,0.08998,0.08998,0.08996,0.08996,0.09004,0.09005,0.09,0.09001,-0.00033133,-0.00038113,-0.00055916,-0.00055916,-5.000000000000837e-05,-0.0005554938340185353
1698006600000,2023-10-22T20:30:00Z,0.08996,0.09,0.08993,0.09,13121,1180.63293,0.08996,0.09001,0.08994,0.09001,0.09001,0.09008,0.09001,0.09008,-0.00055916,-0.00051304,-0.00057222,-0.00057222,-7.999999999999674e-05,-0.0008880994671402836
1698006900000,2023-10-22T20:35:00Z,0.09,0.09,0.08997,0.08998,23944,2154.53072,0.09001,0.09001,0.08998,0.08999,0.09008,0.09009,0.09006,0.09006,-0.00057222,-0.00061525,-0.0006922,-0.0006922,-7.999999999999674e-05,-0.0008882966910947895
1698007200000,2023-10-22T20:40:00Z,0.08998,0.09004,0.08998,0.09004,33221,2990.14489,0.08999,0.09005,0.08999,0.09004,0.09006,0.09011,0.09006,0.0901,-0.0006922,-0.00053012,-0.0005621,-0.00053012,-6.0000000000004494e-05,-0.0006659267480577636
1698007500000,2023-10-22T20:45:00Z,0.09004,0.09006,0.09001,0.09001,5467,492.21766,0.09004,0.09007,0.09002,0.09002,0.0901,0.09014,0.09007,0.09008,-0.00053012,-0.00047158,-0.00058073,-0.00047158,-6.999999999998674e-05,-0.0007770870337476326
1698007800000,2023-10-22T20:50:00Z,0.09001,0.09002,0.09,0.09,27192,2447.57225,0.09002,0.09003,0.09,0.09,0.09008,0.09009,0.09004,0.09004,-0.00047158,-0.00050444,-0.0005518,-0.0005518,-3.999999999999837e-05,-0.00044424700133272293
1698008100000,2023-10-22T20:55:00Z,0.09,0.09,0.08993,0.08994,216659,19493.45475,0.09,0.09,0.08994,0.08995,0.09004,0.09005,0.09001,0.09001,-0.0005518,-0.00032863,-0.00042279,-0.00042279,-7.000000000000062e-05,-0.0007776913676258261
1698008400000,2023-10-22T21:00:00Z,0.08994,0.08997,0.08994,0.08996,18666,1679.23199,0.08995,0.08997,0.08995,0.08996,0.09001,0.09003,0.09001,0.09001,-0.00042279,-0.00048394,-0.00056698,-0.00056698,-5.000000000000837e-05,-0.0005554938340185353
1698008700000,2023-10-22T21:05:00Z,0.08996,0.08998,0.08995,0.08996,76090,6845.60353,0.08996,0.08997,0.08996,0.08996,0.09001,0.09003,0.09001,0.09001,-0.00056698,-0.00037836,-0.0006443,-0.00037836,-5.000000000000837e-05,-0.0005554938340185353
1698009000000,2023-10-22T21:10:00Z,0.08996,0.09,0.08988,0.08988,51480,4629.2509,0.08996,0.09,0.08988,0.08988,0.09001,0.09006,0.08991,0.08993,-0.00037836,-0.00044474,-0.00055781,-0.00044474,-4.999999999999449e-05,-0.0005559879906593406
1698009300000,2023-10-22T21:15:00Z,0.08988,0.08988,0.08976,0.08979,127706,11468.9314,0.08988,0.08989,0.08978,0.08979,0.08993,0.08994,0.08984,0.08985,-0.00044474,-0.00053678,-0.00067456,-0.00053678,-6.0000000000004494e-05,-0.000667779632721252
1698009600000,2023-10-22T21:20:00Z,0.08979,0.08984,0.08975,0.08979,440780,39576.3816,0.08979,0.08984,0.08977,0.08979,0.08985,0.08988,0.08984,0.08984,-0.00053678,-0.00067212,-0.00067508,-0.00067212,-5.000000000000837e-05,-0.0005565449688335749
1698009900000,2023-10-22T21:25:00Z,0.08979,0.08979,0.08975,0.08975,119330,10711.39047,0.08979,0.0898,0.08975,0.08975,0.08984,0.08986,0.0898,0.08981,-0.00067212,-0.00036933,-0.00050178,-0.00036933,-6.0000000000004494e-05,-0.0006680770515533292
1698010200000,2023-10-22T21:30:00Z,0.08975,0.08976,0.08973,0.08975,21219,1904.25918,0.08975,0.08976,0.08973,0.08976,0.08981,0.08982,0.0898,0.08982,-0.00036933,-0.00039483,-0.00042122,-0.00042122,-7.000000000000062e-05,-0.0007793364506791429
1698010500000,2023-10-22T21:35:00Z,0.08975,0.08978,0.08974,0.08975,34401,3087.87507,0.08976,0.08976,0.08974,0.08975,0.08982,0.08983,0.08981,0.08981,-0.00042122,-0.00044883,-0.00053924,-0.00044883,-6.0000000000004494e-05,-0.0006680770515533292
1698010800000,2023-10-22T21:40:00Z,0.08975,0.08975,0.0897,0.08971,31249,2803.64261,0.08975,0.08976,0.08972,0.08972,0.08981,0.08983,0.08979,0.08979,-0.00044883,-0.00038953,-0.00052443,-0.00038953,-7.999999999999674e-05,-0.0008909678137876907
1698011100000,2023-10-22T21:45:00Z,0.08971,0.08971,0.08969,0.08969,10589,949.81825,0.08972,0.08972,0.08969,0.08969,0.08979,0.0898,0.08979,0.08979,-0.00038953,-0.0005471,-0.00065567,-0.0005471,-9.999999999998899e-05,-0.0011137097672345362
1698011400000,2023-10-22T21:50:00Z,0.08969,0.08975,0.08969,0.08971,56759,5092.86805,0.08969,0.08975,0.08969,0.08971,0.08979,0.0898,0.08978,0.08978,-0.0005471,-0.00053112,-0.00057126,-0.00053112,-7.000000000000062e-05,-0.0007796836711962645
1698011700000,2023-10-22T21:55:00Z,0.08971,0.08971,0.08966,0.08966,26178,2347.35197,0.08971,0.08971,0.08967,0.08967,0.08978,0.08979,0.08973,0.08974,-0.00053112,-0.00035985,-0.00045353,-0.00035985,-7.999999999999674e-05,-0.0008914642299977351
1698012000000,2023-10-22T22:00:00Z,0.08966,0.08966,0.08961,0.08961,58735,5263.79053,0.08967,0.08968,0.08962,0.08962,0.08974,0.08975,0.0897,0.0897,-0.00035985,-0.00036722,-0.00061393,-0.00061393,-9.000000000000674e-05,-0.0010033444816054263
1698012300000,2023-10-22T22:05:00Z,0.08961,0.08965,0.08958,0.08964,267029,23923.79977,0.08962,0.08965,0.08961,0.08964,0.0897,0.08972,0.0897,0.08971,-0.00061393,-0.00043366,-0.00063504,-0.00043366,-7.000000000000062e-05,-0.0007802920521681041
1698012600000,2023-10-22T22:10:00Z,0.08964,0.08966,0.08964,0.08966,11970,1073.03881,0.08964,0.08967,0.08964,0.08966,0.08971,0.08974,0.0897,0.08973,-0.00043366,-0.00044331,-0.00046271,-0.00046271,-7.000000000000062e-05,-0.0007801181321743075
1698012900000,2023-10-22T22:15:00Z,0.08966,0.08976,0.08966,0.08976,23593,2116.34457,0.08966,0.08978,0.08966,0.08976,0.08973,0.08984,0.08973,0.08983,-0.00046271,-0.00047511,-0.00060822,-0.00047511,-6.999999999998674e-05,-0.0007792496938660441
1698013200000,2023-10-22T22:20:00Z,0.08976,0.08982,0.08975,0.08982,12137,1089.57927,0.08976,0.08982,0.08976,0.08982,0.08983,0.0899,0.08983,0.0899,-0.00047511,-0.00052581,-0.00080011,-0.00080011,-7.999999999999674e-05,-0.000889877641824213
1698013500000,2023-10-22T22:25:00Z,0.08982,0.08983,0.08978,0.08979,32269,2898.50729,0.08982,0.08983,0.08978,0.08979,0.0899,0.0899,0.08984,0.08984,-0.00080011,-0.00030517,-0.00044203,-0.00030517,-5.000000000000837e-05,-0.0005565449688335749
1698013800000,2023-10-22T22:30:00Z,0.08979,0.08988,0.08979,0.08982,86075,7732.1558,0.08979,0.08988,0.08979,0.08982,0.08984,0.08993,0.08984,0.08988,-0.00030517,-0.0004275,-0.00052152,-0.00052152,-6.0000000000004494e-05,-0.0006675567423231474
1698014100000,2023-10-22T22:35:00Z,0.08982,0.08996,0.08982,0.08989,172847,15544.52024,0.08982,0.08993,0.08982,0.0899,0.08988,0.08997,0.08988,0.08997,-0.00052152,-0.00029702,-0.00045403,-0.00045403,-7.999999999999674e-05,-0.0008891852839835139
1698014400000,2023-10-22T22:40:00Z,0.08989,0.09027,0.08989,0.0902,764694,68939.7623,0.0899,0.09025,0.0899,0.0902,0.08997,0.09026,0.08996,0.09024,-0.00045403,-0.00038576,-0.00057445,-0.00038576,-3.999999999999837e-05,-0.00044326241134749967
1698014700000,2023-10-22T22:45:00Z,0.0902,0.09022,0.09002,0.09003,151483,13650.43688,0.0902,0.09022,0.09002,0.09003,0.09024,0.09025,0.09005,0.09006,-0.00038576,0,-0.00005873,-0.00005873,-3.0000000000002247e-05,-0.00033311125916058457
1698015000000,2023-10-22T22:50:00Z,0.09003,0.09017,0.09003,0.09017,78600,7079.06231,0.09003,0.09017,0.09003,0.09017,0.09006,0.09019,0.09005,0.09017,-0.00005873,0,0,0,0.0,0.0
1698015300000,2023-10-22T22:55:00Z,0.09017,0.09028,0.09016,0.09027,62298,5622.69864,0.09017,0.09029,0.09016,0.09027,0.09017,0.0903,0.09017,0.09028,0,0,-0.00006027,0,-9.999999999996123e-06,-0.00011076650420908422
1698015600000,2023-10-22T23:00:00Z,0.09027,0.09029,0.09017,0.09025,40688,3671.80259,0.09027,0.09029,0.09019,0.09025,0.09028,0.0903,0.0902,0.09026,0,0,-0.00008032,-0.00008032,-1.0000000000010001e-05,-0.00011079104808342566
1698015900000,2023-10-22T23:05:00Z,0.09025,0.09033,0.09019,0.09032,67559,6097.62152,0.09025,0.09033,0.0902,0.09032,0.09026,0.09034,0.0902,0.09032,-0.00008032,0,0,0,0.0,0.0
1698016200000,2023-10-22T23:10:00Z,0.09032,0.09034,0.0903,0.09033,32399,2925.78223,0.09032,0.09034,0.0903,0.09033,0.09032,0.09036,0.09032,0.09035,0,0,-0.00000896,0,-2.0000000000006124e-05,-0.0002213613724405769
1698016500000,2023-10-22T23:15:00Z,0.09033,0.09033,0.09023,0.09024,19974,1803.65153,0.09033,0.09033,0.09023,0.09024,0.09035,0.09035,0.09026,0.09026,0,-0.0000186,-0.00009765,-0.0000186,-2.0000000000006124e-05,-0.00022158209616669758
1698016800000,2023-10-22T23:20:00Z,0.09024,0.09028,0.09018,0.09028,27458,2478.28208,0.09024,0.09028,0.09019,0.09028,0.09026,0.09032,0.09022,0.09032,-0.0000186,0,-0.00038736,0,-3.999999999999837e-05,-0.0004428697962798757
1698017100000,2023-10-22T23:25:00Z,0.09028,0.09037,0.09028,0.09037,44344,4004.367,0.09028,0.09038,0.09028,0.09037,0.09032,0.09041,0.09031,0.0904,0,0,-0.00006471,-0.00006471,-2.999999999998837e-05,-0.00033185840707951737
1698017400000,2023-10-22T23:30:00Z,0.09037,0.09038,0.09035,0.09035,13126,1186.19422,0.09037,0.09038,0.09035,0.09037,0.0904,0.09041,0.09037,0.09039,-0.00006471,0,-0.00007115,0,-3.999999999999837e-05,-0.00044252682818894093
1698017700000,2023-10-22T23:35:00Z,0.09035,0.09038,0.09035,0.09038,1970,178.03875,0.09037,0.0904,0.09036,0.09039,0.09039,0.09042,0.09037,0.0904,0,-0.00001736,-0.00003174,-0.00003174,-1.9999999999992246e-05,-0.00022123893805301158
1698018000000,2023-10-22T23:40:00Z,0.09038,0.09046,0.09037,0.09042,297202,26876.34492,0.09039,0.09046,0.09038,0.09044,0.0904,0.09048,0.0904,0.09046,-0.00003174,-0.00012491,-0.00022891,-0.00012491,-3.999999999999837e-05,-0.0004421843908909835
1698018300000,2023-10-22T23:45:00Z,0.09042,0.09043,0.09037,0.09037,27882,2520.57132,0.09044,0.09045,0.09038,0.09039,0.09046,0.09047,0.0904,0.09041,-0.00012491,-0.00007365,-0.00020148,-0.00020148,-3.999999999999837e-05,-0.0004424289348523213
1698018600000,2023-10-22T23:50:00Z,0.09037,0.09043,0.09037,0.0904,23917,2162.4526,0.09039,0.09043,0.09031,0.09031,0.09041,0.09045,0.09031,0.09031,-0.00020148,-0.00006485,-0.0001006,-0.00006485,8.999999999999286e-05,0.000996567379027714
1698018900000,2023-10-22T23:55:00Z,0.0904,0.0904,0.09028,0.09029,67159,6063.77289,0.09031,0.09033,0.09028,0.09029,0.09031,0.09034,0.09031,0.09032,-0.00006485,-0.00003431,-0.00008192,-0.00003431,-3.0000000000002247e-05,-0.00033215234720994515
1698019200000,2023-10-23T00:00:00Z,0.09029,0.09054,0.09029,0.09049,327386,29601.75795,0.09029,0.09054,0.09029,0.09048,0.09032,0.09057,0.09032,0.09048,-0.00003431,0,0,0,9.999999999996123e-06,0.00011052166224575732
1698019500000,2023-10-23T00:05:00Z,0.09049,0.09051,0.09037,0.0904,149209,13499.49156,0.09048,0.09051,0.09037,0.09041,0.09048,0.09052,0.09038,0.09044,0,0,-0.00009394,0,-4.000000000001225e-05,-0.00044228217602844145
1698019800000,2023-10-23T00:10:00Z,0.0904,0.09048,0.09033,0.09034,43019,3890.61295,0.09041,0.0905,0.09033,0.09034,0.09044,0.09053,0.09035,0.09036,0,-0.00017252,-0.00041325,-0.00041325,-1.9999999999992246e-05,-0.0002213368747232431
1698020100000,2023-10-23T00:15:00Z,0.09034,0.09034,0.09022,0.09026,72034,6500.66002,0.09034,0.09034,0.09024,0.09026,0.09036,0.09037,0.09026,0.09028,-0.00041325,-0.00005925,-0.00041293,-0.00005925,-1.9999999999992246e-05,-0.00022153300841816845
1698020400000,2023-10-23T00:20:00Z,0.09026,0.09026,0.09016,0.09016,20255,1826.82976,0.09026,0.09026,0.09016,0.09016,0.09028,0.09029,0.0902,0.0902,-0.00005925,-0.00018832,-0.00032664,-0.00032664,-3.999999999999837e-05,-0.0004434589800443278
1698020700000,2023-10-23T00:25:00Z,0.09016,0.09018,0.09011,0.09018,50862,4585.19128,0.09016,0.09018,0.09012,0.09018,0.0902,0.09022,0.09015,0.09022,-0.00032664,-0.00017476,-0.00034745,-0.00034745,-3.999999999999837e-05,-0.0004433606739082063
1698021000000,2023-10-23T00:30:00Z,0.09018,0.09018,0.09015,0.09018,19722,1778.16245,0.09018,0.09022,0.09015,0.0902,0.09022,0.09027,0.0902,0.09025,-0.00034745,-0.0000542,-0.00030353,-0.00030353,-7.000000000000062e-05,-0.0007756232686980678
1698021300000,2023-10-23T00:35:00Z,0.09018,0.0902,0.09014,0.09016,118698,10701.21206,0.0902,0.0902,0.09014,0.09016,0.09025,0.09025,0.09019,0.0902,-0.00030353,-0.00032675,-0.00037106,-0.00037106,-3.999999999999837e-05,-0.0004434589800443278
1698021600000,2023-10-23T00:40:00Z,0.09016,0.09016,0.0901,0.09012,22190,2000.02851,0.09016,0.09016,0.0901,0.09012,0.0902,0.0902,0.09014,0.09016,-0.00037106,-0.00011791,-0.00025069,-0.00011791,-3.999999999999837e-05,-0.00044365572315881066
1698021900000,2023-10-23T00:45:00Z,0.09012,0.09046,0.09012,0.09036,244914,22133.78248,0.09012,0.09046,0.09012,0.09036,0.09016,0.09048,0.09016,0.09039,-0.00011791,0,-0.00016733,0,-3.0000000000002247e-05,-0.00033189512114174406
1698022200000,2023-10-23T00:50:00Z,0.09036,0.09038,0.09024,0.09025,48489,4379.84745,0.09036,0.09039,0.09024,0.09025,0.09039,0.09042,0.09028,0.09029,0,-0.0001854,-0.00037641,-0.00037641,-3.999999999999837e-05,-0.00044301694539814347
1698022500000,2023-10-23T00:55:00Z,0.09025,0.09036,0.09024,0.09024,15283,1380.30702,0.09025,0.09036,0.09024,0.09024,0.09029,0.09041,0.09027,0.09027,-0.00037641,-0.00027082,-0.00031067,-0.00031067,-3.0000000000002247e-05,-0.00033233632436027743
1698022800000,2023-10-23T01:00:00Z,0.09024,0.09024,0.09015,0.09021,42123,3799.53223,0.09024,0.09025,0.09016,0.09021,0.09027,0.09029,0.09021,0.09022,-0.00031067,-0.00026324,-0.00032258,-0.00026324,-9.999999999996123e-06,-0.00011084016847701312
1698023100000,2023-10-23T01:05:00Z,0.09021,0.09033,0.09016,0.09033,21909,1977.06364,0.09021,0.09035,0.09017,0.09034,0.09022,0.09039,0.09022,0.09038,-0.00026324,0,-0.00028167,0,-5.000000000000837e-05,-0.0005532197388803758
1698023400000,2023-10-23T01:10:00Z,0.09033,0.09038,0.09027,0.09027,50071,4524.12233,0.09034,0.09038,0.09027,0.09028,0.09038,0.0904,0.09029,0.09032,0,-0.000171,-0.00028357,-0.000171,-4.999999999999449e-05,-0.0005535872453498061
1698023700000,2023-10-23T01:15:00Z,0.09027,0.09036,0.09025,0.09036,41274,3727.13931,0.09028,0.09037,0.09026,0.09036,0.09032,0.0904,0.0903,0.09037,-0.000171,-0.0000073,-0.00005888,-0.00005888,-1.0000000000010001e-05,-0.00011065619121400908
1698024000000,2023-10-23T01:20:00Z,0.09036,0.09051,0.09032,0.09043,210217,19003.78086,0.09036,0.09051,0.09035,0.09044,0.09037,0.09054,0.09036,0.09048,-0.00005888,0,-0.00020468,0,-5.000000000000837e-05,-0.0005526083112290934
1698024300000,2023-10-23T01:25:00Z,0.09043,0.09059,0.09035,0.09055,879054,79531.43188,0.09044,0.0906,0.09038,0.09055,0.09048,0.09065,0.09042,0.09063,0,-0.00053431,-0.00054763,-0.00053431,-7.999999999999674e-05,-0.0008827099194526839
1698024600000,2023-10-23T01:30:00Z,0.09055,0.09098,0.0905,0.0906,1820266,165192.07541,0.09055,0.09093,0.09052,0.09061,0.09063,0.09095,0.09059,0.09069,-0.00053431,-0.00079821,-0.00082302,-0.00082302,-9.000000000000674e-05,-0.0009923916639100975
1698024900000,2023-10-23T01:35:00Z,0.0906,0.09072,0.0906,0.09071,25300,2294.92055,0.09061,0.09074,0.09061,0.09072,0.09069,0.09081,0.09069,0.09079,-0.00082302,-0.00001222,-0.0006631,-0.0006631,-7.999999999999674e-05,-0.0008811543121488792
1698025200000,2023-10-23T01:40:00Z,0.09071,0.09075,0.09065,0.09072,35407,3211.58165,0.09072,0.09075,0.09065,0.09072,0.09079,0.09081,0.09071,0.09078,-0.0006631,-0.00040414,-0.00051806,-0.00051806,-6.0000000000004494e-05,-0.0006609385327165069
1698025500000,2023-10-23T01:45:00Z,0.09072,0.09072,0.09056,0.09058,419122,37979.64636,0.09072,0.09072,0.09056,0.09058,0.09078,0.09078,0.0906,0.09065,-0.00051806,-0.00045846,-0.00048869,-0.00048869,-7.000000000000062e-05,-0.000772200772200779
1698025800000,2023-10-23T01:50:00Z,0.09058,0.09063,0.09056,0.09063,26880,2434.69212,0.09058,0.09063,0.09056,0.09063,0.09065,0.09069,0.0906,0.09066,-0.00048869,-0.00026862,-0.00048808,-0.00048808,-3.0000000000002247e-05,-0.00033090668431504794
1698026100000,2023-10-23T01:55:00Z,0.09063,0.09064,0.09057,0.09064,2286,207.09387,0.09063,0.09066,0.09058,0.09066,0.09066,0.09072,0.09063,0.09071,-0.00048808,-0.00047728,-0.00049911,-0.00049911,-7.000000000000062e-05,-0.0007716900011024211
1698026400000,2023-10-23T02:00:00Z,0.09064,0.09065,0.09058,0.0906,13081,1185.37537,0.09066,0.09068,0.09058,0.0906,0.09071,0.09074,0.09063,0.09067,-0.00049911,-0.00051009,-0.00051301,-0.00051009,-7.000000000000062e-05,-0.0007720304400573577
1698026700000,2023-10-23T02:05:00Z,0.0906,0.09064,0.09047,0.09051,66968,6061.71911,0.0906,0.09064,0.09047,0.09052,0.09067,0.0907,0.09053,0.09059,-0.00051009,-0.00043871,-0.00051407,-0.00043871,-8.000000000001062e-05,-0.0008830996798764832
1698027000000,2023-10-23T02:10:00Z,0.09051,0.09056,0.09048,0.09048,31626,2861.95011,0.09052,0.09057,0.09048,0.09049,0.09059,0.09063,0.09053,0.09056,-0.00043871,-0.00020907,-0.00046024,-0.00020907,-7.999999999999674e-05,-0.0008833922261483739
1698027300000,2023-10-23T02:15:00Z,0.09048,0.09062,0.09048,0.09062,49059,4443.2188,0.09049,0.09067,0.09048,0.09065,0.09056,0.09074,0.09055,0.09072,-0.00020907,-0.00025782,-0.00030302,-0.00025782,-9.999999999998899e-05,-0.0011022927689593144
1698027600000,2023-10-23T02:20:00Z,0.09062,0.09073,0.09062,0.0907,97638,8850.3136,0.09065,0.09074,0.09063,0.09074,0.09072,0.0908,0.09069,0.0908,-0.00025782,-0.0004382,-0.0005673,-0.0005673,-0.00010000000000000286,-0.0011013215859031152
1698027900000,2023-10-23T02:25:00Z,0.0907,0.09079,0.0907,0.09075,12736,1155.84805,0.09074,0.09079,0.09073,0.09078,0.0908,0.09085,0.09079,0.09085,-0.0005673,-0.00038815,-0.00061131,-0.00038815,-0.00010000000000000286,-0.0011007154650523156
1698028200000,2023-10-23T02:30:00Z,0.09075,0.09075,0.09064,0.09067,72923,6614.59179,0.09078,0.09078,0.09065,0.09069,0.09085,0.09085,0.09072,0.09076,-0.00038815,-0.0004537,-0.00084817,-0.0004537,-8.999999999999286e-05,-0.0009916262670779294
1698028500000,2023-10-23T02:35:00Z,0.09067,0.09077,0.09067,0.09073,16326,1481.21476,0.09069,0.09077,0.09067,0.09076,0.09076,0.09083,0.09072,0.09082,-0.0004537,-0.00018167,-0.00053916,-0.00018167,-8.999999999999286e-05,-0.0009909711517286156
1698028800000,2023-10-23T02:40:00Z,0.09073,0.09079,0.09068,0.09074,372173,33771.98497,0.09076,0.09079,0.0907,0.09074,0.09082,0.09082,0.09073,0.09074,-0.00018167,-0.00011134,-0.00033043,-0.00033043,0.0,0.0
1698029100000,2023-10-23T02:45:00Z,0.09074,0.09074,0.09066,0.09066,11612,1052.86013,0.09074,0.09074,0.09066,0.09066,0.09074,0.09074,0.09068,0.09069,-0.00033043,-0.00021908,-0.00035453,-0.00035453,-3.0000000000002247e-05,-0.0003307972213033658
1698029400000,2023-10-23T02:50:00Z,0.09066,0.09067,0.09054,0.09054,14681,1329.82335,0.09066,0.09067,0.09054,0.09054,0.09069,0.09072,0.09058,0.09058,-0.00035453,-0.00026293,-0.0002649,-0.0002649,-3.999999999999837e-05,-0.000441598586884504
1698029700000,2023-10-23T02:55:00Z,0.09054,0.09054,0.09036,0.09036,31103,2813.59954,0.09054,0.09056,0.09036,0.09036,0.09058,0.0906,0.0904,0.09041,-0.0002649,-0.00028081,-0.00034227,-0.00028081,-5.000000000000837e-05,-0.0005530361685655167
1698030000000,2023-10-23T03:00:00Z,0.09036,0.09036,0.09018,0.09021,151429,13662.17936,0.09036,0.09036,0.0902,0.09024,0.09041,0.09041,0.09025,0.09029,-0.00028081,-0.0003984,-0.00045569,-0.00045569,-7.999999999999674e-05,-0.0008860338907962869
1698030300000,2023-10-23T03:05:00Z,0.09021,0.09028,0.09018,0.09019,150205,13552.88714,0.09024,0.09029,0.09019,0.09019,0.09029,0.09034,0.09024,0.09025,-0.00045569,-0.0003138,-0.00065503,-0.00065503,-5.9999999999990616e-05,-0.000664819944598234
1698030600000,2023-10-23T03:10:00Z,0.09019,0.0902,0.09008,0.09008,95668,8623.25068,0.09019,0.09021,0.0901,0.0901,0.09025,0.09027,0.09016,0.09016,-0.00065503,-0.00044132,-0.00052267,-0.00052267,-8.000000000001062e-05,-0.0008873114463177753
1698030900000,2023-10-23T03:15:00Z,0.09008,0.09019,0.09001,0.09019,77351,6968.55038,0.0901,0.09019,0.09002,0.09019,0.09016,0.09025,0.09007,0.09025,-0.00052267,-0.00016378,-0.00019147,-0.00019147,-5.9999999999990616e-05,-0.000664819944598234
1698031200000,2023-10-23T03:20:00Z,0.09019,0.09025,0.09014,0.09014,36282,3272.49029,0.09019,0.09025,0.09015,0.09017,0.09025,0.09032,0.09021,0.09023,-0.00019147,-0.00049944,-0.00073168,-0.00073168,-9.000000000000674e-05,-0.0009974509586612738
1698031500000,2023-10-23T03:25:00Z,0.09014,0.09038,0.09014,0.09035,77715,7016.50507,0.09017,0.09038,0.09016,0.09036,0.09023,0.09042,0.09022,0.09042,-0.00073168,-0.00038786,-0.00045492,-0.00038786,-7.000000000000062e-05,-0.0007741650077416569
1698031800000,2023-10-23T03:30:00Z,0.09035,0.09036,0.09023,0.09024,8456,763.40773,0.09036,0.09036,0.09023,0.09024,0.09042,0.09042,0.09028,0.09029,-0.00038786,-0.00027101,-0.00051106,-0.00027101,-4.999999999999449e-05,-0.0005537711817476409
1698032100000,2023-10-23T03:35:00Z,0.09024,0.09037,0.09024,0.09037,3311,298.98188,0.09024,0.09037,0.09024,0.09037,0.09029,0.09042,0.09029,0.09041,-0.00027101,-0.00022412,-0.00059946,-0.00059946,-3.999999999999837e-05,-0.0004424289348523213
1698032400000,2023-10-23T03:40:00Z,0.09037,0.09038,0.09033,0.09038,6189,559.25277,0.09037,0.09038,0.09033,0.09038,0.09041,0.09045,0.09039,0.09045,-0.00059946,-0.00039011,-0.00055899,-0.00055899,-7.000000000000062e-05,-0.0007739082365948106
1698032700000,2023-10-23T03:45:00Z,0.09038,0.09073,0.09038,0.09058,384155,34793.35844,0.09038,0.09072,0.09038,0.09058,0.09045,0.09075,0.09044,0.09063,-0.00055899,-0.0001489,-0.0005441,-0.0001489,-5.000000000000837e-05,-0.0005516936996580422
1698033000000,2023-10-23T03:50:00Z,0.09058,0.09065,0.09051,0.09054,139955,12675.69697,0.09058,0.09065,0.09051,0.09054,0.09063,0.09069,0.09056,0.09058,-0.0001489,-0.00041335,-0.00044109,-0.00041335,-3.999999999999837e-05,-0.000441598586884504
1698033300000,2023-10-23T03:55:00Z,0.09054,0.09061,0.09051,0.09056,44010,3984.43017,0.09054,0.09061,0.09052,0.09056,0.09058,0.09064,0.09057,0.0906,-0.00041335,-0.00008474,-0.00023005,-0.00023005,-3.999999999999837e-05,-0.0004415011037527414
1698033600000,2023-10-23T04:00:00Z,0.09056,0.09074,0.09053,0.09068,179808,16299.27673,0.09056,0.09074,0.09053,0.09068,0.0906,0.09078,0.09057,0.09071,-0.00023005,0,-0.00013587,0,-3.0000000000002247e-05,-0.0003307242861867738
1698033900000,2023-10-23T04:05:00Z,0.09068,0.09068,0.09045,0.09049,171845,15558.62592,0.09068,0.09068,0.09046,0.09049,0.09071,0.09071,0.09048,0.09051,0,-0.00011179,-0.00025975,-0.00011179,-1.9999999999992246e-05,-0.00022097005855697987
1698034200000,2023-10-23T04:10:00Z,0.09049,0.09054,0.09025,0.09025,76187,6886.70595,0.09049,0.09057,0.09025,0.09026,0.09051,0.09061,0.0903,0.09031,-0.00011179,-0.00039811,-0.00043506,-0.00039811,-6.0000000000004494e-05,-0.0006643782526852452
1698034500000,2023-10-23T04:15:00Z,0.09025,0.09033,0.09025,0.09033,44386,4007.33417,0.09026,0.09035,0.09026,0.09033,0.09031,0.0904,0.09031,0.09037,-0.00039811,-0.00020396,-0.00039865,-0.00039865,-4.000000000001225e-05,-0.0004426247648557292
1698034800000,2023-10-23T04:20:00Z,0.09033,0.09033,0.09029,0.09031,4682,422.83294,0.09033,0.09034,0.0903,0.09031,0.09037,0.09039,0.09034,0.09036,-0.00039865,-0.00036963,-0.00045795,-0.00045795,-4.999999999999449e-05,-0.0005533421868082613
1698035100000,2023-10-23T04:25:00Z,0.09031,0.09039,0.0903,0.09039,33093,2988.99527,0.09031,0.09039,0.0903,0.09039,0.09036,0.09043,0.09034,0.09043,-0.00045795,0,-0.00035491,0,-3.999999999999837e-05,-0.0004423310848169675
1698035400000,2023-10-23T04:30:00Z,0.09039,0.09041,0.09035,0.09037,125422,11338.18919,0.09039,0.09043,0.09036,0.09038,0.09043,0.09047,0.09039,0.09042,0,-0.00007024,-0.00014475,-0.00014475,-4.999999999999449e-05,-0.0005529750055296892
1698035700000,2023-10-23T04:35:00Z,0.09037,0.09049,0.09035,0.09048,13769,1245.59458,0.09038,0.09048,0.09035,0.09048,0.09042,0.09051,0.09039,0.09051,-0.00014475,-0.0000736,-0.00010631,-0.00010631,-2.999999999998837e-05,-0.0003314550878354698
1698036000000,2023-10-23T04:40:00Z,0.09048,0.09059,0.09045,0.09047,331436,29999.39364,0.09048,0.09054,0.09047,0.09051,0.09051,0.09057,0.09047,0.09055,-0.00010631,-0.00018317,-0.00052104,-0.00052104,-8.000000000001062e-05,-0.0008834897846494822
1698036300000,2023-10-23T04:45:00Z,0.09047,0.09054,0.09047,0.09054,49663,4495.44768,0.09051,0.09054,0.0905,0.09054,0.09055,0.09058,0.09054,0.09057,-0.00052104,-0.00004207,-0.00019589,-0.00004207,-3.0000000000002247e-05,-0.0003312355084465303
1698036600000,2023-10-23T04:50:00Z,0.09054,0.09057,0.09054,0.09057,234,21.19233,0.09054,0.09057,0.09054,0.09057,0.09057,0.0906,0.09057,0.09058,-0.00004207,0,-0.00013952,0,-9.999999999996123e-06,-0.0001103996467210877
1698036900000,2023-10-23T04:55:00Z,0.09057,0.09058,0.09054,0.09054,18006,1630.65281,0.09057,0.09059,0.09055,0.09056,0.09058,0.09061,0.09057,0.09059,0,-0.00014503,-0.00020432,-0.00020432,-5.000000000000837e-05,-0.0005519372999228211
1698037200000,2023-10-23T05:00:00Z,0.09054,0.09055,0.0904,0.0904,14085,1274.73207,0.09056,0.09056,0.0904,0.0904,0.09059,0.0906,0.09044,0.09044,-0.00020432,-0.00021867,-0.0003102,-0.00021867,-4.000000000001225e-05,-0.00044228217602844145
1698037500000,2023-10-23T05:05:00Z,0.0904,0.09047,0.09035,0.09047,26497,2395.95609,0.0904,0.09048,0.09036,0.09048,0.09044,0.09051,0.0904,0.09051,-0.00021867,-0.00016567,-0.00019261,-0.00019261,-3.999999999999837e-05,-0.00044194011711411304
1698037800000,2023-10-23T05:10:00Z,0.09047,0.09056,0.09047,0.09056,125227,11336.99571,0.09048,0.09058,0.09048,0.09056,0.09051,0.09062,0.09051,0.09059,-0.00019261,0,-0.00006545,0,-3.0000000000002247e-05,-0.00033116237995366204
1698038100000,2023-10-23T05:15:00Z,0.09056,0.09056,0.09041,0.09045,139485,12614.21961,0.09056,0.09056,0.09041,0.09046,0.09059,0.0906,0.09046,0.09052,0,-0.00044209,-0.00055112,-0.00044209,-7.000000000000062e-05,-0.0007733097657976205
1698038400000,2023-10-23T05:20:00Z,0.09045,0.09052,0.0904,0.0905,62886,5689.63136,0.09046,0.09052,0.0904,0.0905,0.09052,0.09058,0.09045,0.09054,-0.00044209,-0.00041683,-0.0004372,-0.00041683,-3.999999999999837e-05,-0.0004417936823503244
1698038700000,2023-10-23T05:25:00Z,0.0905,0.09052,0.09041,0.09049,28800,2605.73794,0.0905,0.09053,0.09042,0.09049,0.09054,0.09059,0.09046,0.09052,-0.00041683,-0.0002051,-0.00029502,-0.0002051,-3.0000000000002247e-05,-0.000331418471056145
1698039000000,2023-10-23T05:30:00Z,0.09049,0.09066,0.09046,0.09063,109212,9891.7505,0.09049,0.09066,0.09046,0.09063,0.09052,0.09069,0.09049,0.09067,-0.0002051,-0.00031865,-0.00044854,-0.00031865,-3.999999999999837e-05,-0.00044116025146132535
1698039300000,2023-10-23T05:35:00Z,0.09063,0.091,0.09061,0.0907,1040617,94518.76535,0.09063,0.09087,0.09061,0.09071,0.09067,0.0909,0.09065,0.09075,-0.00031865,-0.0004073,-0.00042135,-0.00042135,-4.999999999999449e-05,-0.000550964187327763
1698039600000,2023-10-23T05:40:00Z,0.0907,0.09072,0.09054,0.09054,32329,2931.48313,0.09071,0.09072,0.09054,0.09054,0.09075,0.09076,0.09056,0.09057,-0.00042135,-0.00005837,-0.00027745,-0.00005837,-3.0000000000002247e-05,-0.0003312355084465303
1698039900000,2023-10-23T05:45:00Z,0.09054,0.09063,0.09054,0.09062,29341,2657.86354,0.09054,0.09063,0.09054,0.09062,0.09057,0.09066,0.09056,0.09066,-0.00005837,0,-0.00013973,0,-3.999999999999837e-05,-0.00044120891242001287
1698040200000,2023-10-23T05:50:00Z,0.09062,0.09065,0.0905,0.09052,24258,2198.00154,0.09062,0.09065,0.09051,0.09052,0.09066,0.09067,0.09052,0.09052,0,-0.00020784,-0.00025518,-0.00020784,0.0,0.0
1698040500000,2023-10-23T05:55:00Z,0.09052,0.09052,0.09047,0.0905,91198,8253.34856,0.09052,0.09055,0.09049,0.09053,0.09052,0.09058,0.09052,0.09056,-0.00020784,-0.00012326,-0.00029494,-0.00029494,-6.0000000000004494e-05,-0.000662544169611357
1698040800000,2023-10-23T06:00:00Z,0.0905,0.09061,0.0905,0.09059,59334,5372.65194,0.09053,0.09062,0.09051,0.09059,0.09056,0.09066,0.09055,0.09063,-0.00029494,0,-0.00013284,0,-3.999999999999837e-05,-0.00044135495972634194
1698041100000,2023-10-23T06:05:00Z,0.09059,0.09073,0.09059,0.09071,710100,64389.10862,0.09059,0.09071,0.09059,0.09071,0.09063,0.09073,0.09062,0.09072,0,0,-0.00003396,0,-9.999999999996123e-06,-0.00011022927689590084
1698041400000,2023-10-23T06:10:00Z,0.09071,0.09079,0.09063,0.09076,381032,34574.90196,0.09071,0.09076,0.09064,0.09076,0.09072,0.09077,0.09066,0.09077,0,0,0,0,-1.0000000000010001e-05,-0.00011016855789368735
1698041700000,2023-10-23T06:15:00Z,0.09076,0.09091,0.09071,0.09071,160308,14557.76921,0.09076,0.09091,0.09072,0.09076,0.09077,0.09092,0.09075,0.09079,0,-0.00023614,-0.00053796,-0.00023614,-7.999999999999674e-05,-0.0008811543121488792
1698042000000,2023-10-23T06:20:00Z,0.09071,0.09075,0.09061,0.09072,78147,7087.70763,0.09076,0.09076,0.09063,0.09073,0.09079,0.09081,0.09067,0.09077,-0.00023614,0,-0.00010819,0,-5.000000000000837e-05,-0.000550842789467978
1698042300000,2023-10-23T06:25:00Z,0.09072,0.09076,0.09071,0.09071,7102,644.51559,0.09073,0.09077,0.09072,0.09073,0.09077,0.09081,0.09075,0.09077,0,-0.00018019,-0.00022458,-0.00022458,-6.0000000000004494e-05,-0.0006610113473615126
1698042600000,2023-10-23T06:30:00Z,0.09071,0.09076,0.09064,0.09066,67192,6092.95288,0.09073,0.09077,0.09064,0.09066,0.09077,0.09081,0.09068,0.09069,-0.00022458,-0.00000947,-0.00026898,-0.00026898,-3.0000000000002247e-05,-0.0003307972213033658
1698042900000,2023-10-23T06:35:00Z,0.09066,0.09073,0.09066,0.09068,17372,1575.72286,0.09066,0.09073,0.09066,0.09068,0.09069,0.09078,0.09069,0.09073,-0.00026898,-0.00029947,-0.00058124,-0.00058124,-5.000000000000837e-05,-0.0005510856387083475
1698043200000,2023-10-23T06:40:00Z,0.09068,0.0907,0.09065,0.09068,52121,4726.98481,0.09068,0.09069,0.09065,0.09069,0.09073,0.09075,0.09071,0.09075,-0.00058124,-0.00017702,-0.00038932,-0.00017702,-7.000000000000062e-05,-0.00077134986225896
1698043500000,2023-10-23T06:45:00Z,0.09068,0.0907,0.09065,0.09065,35640,3231.30536,0.09069,0.09071,0.09065,0.09065,0.09075,0.09076,0.09068,0.09068,-0.00017702,-0.00033329,-0.00033998,-0.00033998,-3.0000000000002247e-05,-0.00033083370092635916
1698043800000,2023-10-23T06:50:00Z,0.09065,0.09065,0.09056,0.09059,30792,2790.06681,0.09065,0.09065,0.09056,0.09059,0.09068,0.0907,0.09059,0.09062,-0.00033998,0,-0.00043786,0,-3.0000000000002247e-05,-0.000331052747737831
1698044100000,2023-10-23T06:55:00Z,0.09059,0.09059,0.0905,0.0905,106069,9605.09669,0.09059,0.0906,0.0905,0.0905,0.09062,0.09065,0.09054,0.09054,0,-0.00028828,-0.00047345,-0.00028828,-3.999999999999837e-05,-0.0004417936823503244
1698044400000,2023-10-23T07:00:00Z,0.0905,0.09052,0.09048,0.09048,12883,1165.81512,0.0905,0.09052,0.09048,0.09048,0.09054,0.09057,0.09053,0.09054,-0.00028828,-0.00033741,-0.0006727,-0.0006727,-5.9999999999990616e-05,-0.0006626905235254099
1698044700000,2023-10-23T07:05:00Z,0.09048,0.09054,0.09045,0.09053,52720,4770.16793,0.09048,0.09055,0.09045,0.09055,0.09054,0.0906,0.0905,0.0906,-0.0006727,-0.0003052,-0.00040017,-0.0003052,-7.000000000000062e-05,-0.0007726269315673357
1698045000000,2023-10-23T07:10:00Z,0.09053,0.09053,0.09049,0.09049,6062,548.6491,0.09055,0.09055,0.09049,0.09051,0.0906,0.0906,0.09054,0.09056,-0.0003052,-0.00013881,-0.00034003,-0.00013881,-7.000000000000062e-05,-0.0007729681978798655
1698045300000,2023-10-23T07:15:00Z,0.09049,0.09064,0.09049,0.09062,36598,3313.94253,0.09051,0.09064,0.09049,0.09062,0.09056,0.09069,0.09053,0.09067,-0.00013881,-0.00012672,-0.00028186,-0.00012672,-4.999999999999449e-05,-0.0005514503143266184
1698045600000,2023-10-23T07:20:00Z,0.09062,0.09076,0.09062,0.09076,45935,4165.14748,0.09062,0.09078,0.09062,0.09078,0.09067,0.09082,0.09066,0.09082,-0.00012672,0,-0.00002468,0,-6.0000000000004494e-05,-0.0006606474344858456
1698045900000,2023-10-23T07:25:00Z,0.09076,0.09083,0.09068,0.0907,100777,9146.22006,0.09078,0.09083,0.09069,0.09071,0.09082,0.09083,0.09071,0.09074,0,-0.00002281,-0.00004794,-0.00002281,-3.999999999999837e-05,-0.00044081992506059476
1698046200000,2023-10-23T07:30:00Z,0.0907,0.0908,0.0907,0.09077,41523,3769.54117,0.09071,0.0908,0.09071,0.09077,0.09074,0.09083,0.09074,0.09081,-0.00002281,-0.00016797,-0.00023455,-0.00016797,-3.999999999999837e-05,-0.00044048012333441656
1698046500000,2023-10-23T07:35:00Z,0.09077,0.0908,0.09075,0.09078,20182,1831.9259,0.09077,0.09082,0.09075,0.09079,0.09081,0.09085,0.09078,0.09082,-0.00016797,0,-0.00023769,-0.00023769,-3.999999999999837e-05,-0.0004404316229905128
1698046800000,2023-10-23T07:40:00Z,0.09078,0.09079,0.09076,0.09076,3613,327.93669,0.09079,0.0908,0.09076,0.09076,0.09082,0.09083,0.09077,0.09078,-0.00023769,-0.00000462,-0.00036736,-0.00036736,-2.0000000000006124e-05,-0.00022031284423888658
1698047100000,2023-10-23T07:45:00Z,0.09076,0.09088,0.09075,0.09076,252376,22923.61413,0.09076,0.09084,0.09075,0.09076,0.09078,0.09084,0.09077,0.09078,-0.00036736,0,0,0,-2.0000000000006124e-05,-0.00022031284423888658
1698047400000,2023-10-23T07:50:00Z,0.09076,0.09076,0.09048,0.09048,158119,14326.5978,0.09076,0.09076,0.09049,0.09052,0.09078,0.09078,0.09052,0.09056,0,-0.00006221,-0.00014837,-0.00014837,-7.999999999999674e-05,-0.0008833922261483739
1698047700000,2023-10-23T07:55:00Z,0.09048,0.0906,0.09044,0.09051,73996,6698.72988,0.09052,0.09059,0.09044,0.09054,0.09056,0.09061,0.09048,0.09058,-0.00014837,-0.00009251,-0.00050921,-0.00050921,-7.000000000000062e-05,-0.0007727975270479203
1698048000000,2023-10-23T08:00:00Z,0.09051,0.09059,0.09047,0.09059,20640,1869.2457,0.09054,0.09059,0.09048,0.09058,0.09058,0.09064,0.09053,0.09064,-0.00050921,-0.00037312,-0.00041036,-0.00041036,-4.999999999999449e-05,-0.0005516328331861705
1698048300000,2023-10-23T08:05:00Z,0.09059,0.09065,0.09059,0.09062,6659,603.50375,0.09058,0.09065,0.09058,0.09064,0.09064,0.0907,0.09062,0.09069,-0.00041036,-0.00012967,-0.00020472,-0.00020472,-7.000000000000062e-05,-0.0007718601830411358
1698048600000,2023-10-23T08:10:00Z,0.09062,0.09065,0.09061,0.09061,64970,5888.57898,0.09064,0.09067,0.09063,0.09064,0.09069,0.09071,0.09068,0.09069,-0.00020472,-0.00010286,-0.00035843,-0.00010286,-8.000000000001062e-05,-0.0008821259234756931
1698048900000,2023-10-23T08:15:00Z,0.09061,0.09063,0.0906,0.09061,24373,2208.5572,0.09064,0.09065,0.0906,0.09061,0.09069,0.0907,0.09064,0.09064,-0.00010286,-0.00046276,-0.00059576,-0.00046276,-3.0000000000002247e-05,-0.00033097969991176355
1698049200000,2023-10-23T08:20:00Z,0.09061,0.09061,0.09054,0.09057,21431,1940.77568,0.09061,0.09061,0.09054,0.09057,0.09064,0.09067,0.0906,0.09062,-0.00046276,-0.00034403,-0.00074586,-0.00034403,-5.000000000000837e-05,-0.0005517545795631027
1698049500000,2023-10-23T08:25:00Z,0.09057,0.09069,0.09057,0.09068,26485,2401.1746,0.09057,0.09069,0.09057,0.09068,0.09062,0.09074,0.09062,0.09072,-0.00034403,-0.00018013,-0.00031202,-0.00031202,-3.999999999999837e-05,-0.0004409171075837563
1698049800000,2023-10-23T08:30:00Z,0.09068,0.0907,0.09065,0.09065,11470,1039.91139,0.09068,0.0907,0.09066,0.09066,0.09072,0.09075,0.0907,0.09071,-0.00031202,-0.00013151,-0.00054684,-0.00054684,-6.0000000000004494e-05,-0.0006614485723735476
1698050100000,2023-10-23T08:35:00Z,0.09065,0.09066,0.09064,0.09066,21984,1992.91146,0.09066,0.09067,0.09065,0.09066,0.09071,0.09074,0.09071,0.09073,-0.00054684,-0.00039534,-0.00050253,-0.00050253,-7.000000000000062e-05,-0.0007715198941915641
1698050400000,2023-10-23T08:40:00Z,0.09066,0.09077,0.09066,0.09077,46546,4223.78561,0.09066,0.09079,0.09066,0.09077,0.09073,0.09083,0.09071,0.0908,-0.00050253,-0.0002718,-0.00028678,-0.0002718,-3.0000000000002247e-05,-0.0003303964757709498
1698050700000,2023-10-23T08:45:00Z,0.09077,0.0908,0.09069,0.09071,44312,4021.34539,0.09077,0.0908,0.0907,0.09072,0.0908,0.09081,0.09073,0.09075,-0.0002718,-0.00008767,-0.00012944,-0.00012944,-3.999999999999837e-05,-0.000440771349862241
1698051000000,2023-10-23T08:50:00Z,0.09071,0.09075,0.09071,0.09075,1327,120.42398,0.09072,0.09078,0.09071,0.09077,0.09075,0.09081,0.09074,0.09079,-0.00012944,0,0,0,-3.999999999999837e-05,-0.0004405771560744396
1698051300000,2023-10-23T08:55:00Z,0.09075,0.09076,0.09068,0.09071,18692,1695.80061,0.09077,0.09077,0.0907,0.09071,0.09079,0.09079,0.09071,0.09072,0,0,0,0,-9.999999999996123e-06,-0.00011022927689590084
1698051600000,2023-10-23T09:00:00Z,0.09071,0.09071,0.09062,0.09066,16861,1528.55851,0.09071,0.09071,0.09062,0.09067,0.09072,0.09072,0.09064,0.0907,0,-0.00006287,-0.00008722,-0.00008722,-3.999999999999837e-05,-0.0004410143329658034
1698051900000,2023-10-23T09:05:00Z,0.09066,0.09069,0.09066,0.09066,11778,1068.11979,0.09067,0.09069,0.09066,0.09066,0.0907,0.09071,0.09068,0.0907,-0.00008722,-0.00018476,-0.0003004,-0.0003004,-3.999999999999837e-05,-0.0004410143329658034
1698052200000,2023-10-23T09:10:00Z,0.09066,0.09068,0.09065,0.09065,6373,577.77009,0.09066,0.09068,0.09065,0.09065,0.0907,0.09072,0.09066,0.09068,-0.0003004,-0.00020302,-0.00033079,-0.00033079,-3.0000000000002247e-05,-0.00033083370092635916
1698052500000,2023-10-23T09:15:00Z,0.09065,0.09073,0.09062,0.09065,52633,4772.14482,0.09065,0.09073,0.09062,0.09065,0.09068,0.09076,0.09066,0.09068,-0.00033079,0,-0.00028785,-0.00028785,-3.0000000000002247e-05,-0.00033083370092635916
1698052800000,2023-10-23T09:20:00Z,0.09065,0.09065,0.09049,0.09055,99906,9048.18361,0.09065,0.09065,0.09051,0.0906,0.09068,0.09068,0.09054,0.09064,-0.00028785,0,-0.00032535,-0.00032535,-8.999999999999286e-05,-0.0009929390997351374
1698053100000,2023-10-23T09:25:00Z,0.09055,0.09063,0.09047,0.09047,55628,5034.43221,0.0906,0.09063,0.0905,0.09051,0.09064,0.09067,0.09056,0.09057,-0.00032535,-0.00033123,-0.00056086,-0.00033123,-0.00010000000000000286,-0.0011041183614883831
1698053400000,2023-10-23T09:30:00Z,0.09047,0.09051,0.09031,0.09034,880040,79508.04282,0.09051,0.09051,0.09035,0.09036,0.09057,0.09057,0.09043,0.09044,-0.00033123,-0.00110509,-0.00110558,-0.00110558,-0.00010000000000000286,-0.0011057054400707967
1698053700000,2023-10-23T09:35:00Z,0.09034,0.09042,0.09034,0.09042,108137,9771.67238,0.09036,0.09044,0.09035,0.09042,0.09044,0.09053,0.09043,0.0905,-0.00110558,-0.00055309,-0.0005627,-0.0005627,-7.999999999999674e-05,-0.0008839779005524502
1698054000000,2023-10-23T09:40:00Z,0.09042,0.09042,0.09031,0.09031,12537,1132.95022,0.09042,0.09043,0.09032,0.09034,0.0905,0.09052,0.0904,0.09042,-0.0005627,-0.00069095,-0.00069461,-0.00069461,-0.00010999999999999899,-0.0012165450121654389
1698054300000,2023-10-23T09:45:00Z,0.09031,0.09034,0.08991,0.09009,846675,76223.4053,0.09034,0.09034,0.08997,0.0901,0.09042,0.09042,0.09006,0.0902,-0.00069461,-0.00104711,-0.00106682,-0.00104711,-0.00010999999999999899,-0.00121951219512194
1698054600000,2023-10-23T09:50:00Z,0.09009,0.09009,0.09006,0.09009,48992,4413.35998,0.0901,0.0901,0.09007,0.0901,0.0902,0.0902,0.09015,0.09019,-0.00104711,-0.00064271,-0.00068481,-0.00064271,-0.00010000000000000286,-0.0011087703736556477
1698054900000,2023-10-23T09:55:00Z,0.09009,0.09022,0.09009,0.09022,49108,4427.81522,0.0901,0.09025,0.0901,0.09023,0.09019,0.09033,0.09019,0.09031,-0.00064271,-0.00065655,-0.0006568,-0.00065655,-9.000000000000674e-05,-0.0009965673790278678
1698055200000,2023-10-23T10:00:00Z,0.09022,0.09024,0.09021,0.09022,40278,3634.18078,0.09023,0.09027,0.09022,0.09025,0.09031,0.09035,0.09031,0.09034,-0.00065655,-0.00052336,-0.00084823,-0.00084823,-0.00012000000000000899,-0.001328315253486927
1698055500000,2023-10-23T10:05:00Z,0.09022,0.09037,0.09022,0.09037,149304,13488.56114,0.09025,0.09037,0.09024,0.09037,0.09034,0.09046,0.09032,0.09045,-0.00084823,-0.00065992,-0.000697,-0.00065992,-7.999999999999674e-05,-0.0008844665561083111
1698055800000,2023-10-23T10:10:00Z,0.09037,0.09038,0.0903,0.09034,20093,1815.36202,0.09037,0.09038,0.0903,0.09034,0.09045,0.09045,0.09037,0.09041,-0.00065992,-0.00053604,-0.00060017,-0.00060017,-7.000000000000062e-05,-0.0007742506359916006
1698056100000,2023-10-23T10:15:00Z,0.09034,0.09048,0.09034,0.09048,19712,1782.17774,0.09034,0.09048,0.09034,0.09048,0.09041,0.09056,0.09041,0.09056,-0.00060017,-0.00045801,-0.0004759,-0.00045801,-7.999999999999674e-05,-0.0008833922261483739
1698056400000,2023-10-23T10:20:00Z,0.09048,0.09056,0.09045,0.09045,100350,9083.05987,0.09048,0.09056,0.09045,0.09046,0.09056,0.09061,0.09052,0.09053,-0.00045801,-0.00060342,-0.00070649,-0.00060342,-7.999999999999674e-05,-0.0008836849663094746
1698056700000,2023-10-23T10:25:00Z,0.09045,0.0905,0.09045,0.09047,22601,2044.7747,0.09046,0.0905,0.09045,0.09048,0.09053,0.09056,0.09052,0.09054,-0.00060342,-0.00042865,-0.00066276,-0.00066276,-7.000000000000062e-05,-0.0007731389441131061
1698057000000,2023-10-23T10:30:00Z,0.09047,0.09058,0.09047,0.09052,153030,13854.83243,0.09048,0.09058,0.09048,0.09052,0.09054,0.09065,0.09054,0.09058,-0.00066276,-0.00067108,-0.00079578,-0.00067108,-5.9999999999990616e-05,-0.0006623978803266794
1698057300000,2023-10-23T10:35:00Z,0.09052,0.09052,0.09046,0.09049,34908,3158.44642,0.09052,0.09052,0.09046,0.0905,0.09058,0.09059,0.09051,0.09057,-0.00067108,-0.00037462,-0.0004736,-0.00037462,-7.999999999999674e-05,-0.0008832946891906453
1698057600000,2023-10-23T10:40:00Z,0.09049,0.09053,0.09049,0.0905,36186,3275.24431,0.0905,0.09054,0.0905,0.09052,0.09057,0.0906,0.09057,0.09058,-0.00037462,-0.0004502,-0.00053416,-0.00053416,-7.999999999999674e-05,-0.000883197173769008
1698057900000,2023-10-23T10:45:00Z,0.0905,0.09052,0.0905,0.09052,20424,1848.78048,0.09052,0.09054,0.09052,0.09053,0.09058,0.09061,0.09056,0.0906,-0.00053416,-0.000637,-0.00075463,-0.000637,-7.999999999999674e-05,-0.0008830022075054828
1698058200000,2023-10-23T10:50:00Z,0.09052,0.09052,0.09046,0.09049,25504,2307.29488,0.09053,0.09053,0.09046,0.09049,0.0906,0.0906,0.09052,0.09055,-0.000637,-0.00039063,-0.00083918,-0.00039063,-6.0000000000004494e-05,-0.0006626173384870733
1698058500000,2023-10-23T10:55:00Z,0.09049,0.09052,0.09042,0.09043,55082,4981.68306,0.09049,0.09052,0.09042,0.09043,0.09055,0.09059,0.09047,0.09049,-0.00039063,-0.0004082,-0.00066861,-0.0004082,-6.0000000000004494e-05,-0.0006630566913471598
1698058800000,2023-10-23T11:00:00Z,0.09043,0.0905,0.09038,0.0905,159061,14381.31215,0.09043,0.09051,0.0904,0.0905,0.09049,0.09059,0.09047,0.09058,-0.0004082,-0.00071617,-0.00081091,-0.00081091,-7.999999999999674e-05,-0.000883197173769008
1698059100000,2023-10-23T11:05:00Z,0.0905,0.09055,0.09049,0.09052,28435,2573.54938,0.0905,0.09055,0.09049,0.09054,0.09058,0.09062,0.09055,0.09061,-0.00081091,-0.00048266,-0.00076796,-0.00076796,-8.999999999999286e-05,-0.0009932678512304697
1698059400000,2023-10-23T11:10:00Z,0.09052,0.09058,0.09051,0.09057,29256,2648.44349,0.09054,0.09058,0.09052,0.09057,0.09061,0.09066,0.0906,0.09063,-0.00076796,-0.00046225,-0.00070719,-0.00070719,-6.0000000000004494e-05,-0.0006620324395895895
1698059700000,2023-10-23T11:15:00Z,0.09057,0.09065,0.09055,0.09065,43828,3971.79254,0.09057,0.09065,0.09055,0.09065,0.09063,0.09072,0.09061,0.09071,-0.00070719,-0.00063998,-0.00068769,-0.00063998,-6.0000000000004494e-05,-0.0006614485723735476
1698060000000,2023-10-23T11:20:00Z,0.09065,0.09065,0.09058,0.09058,15768,1428.86432,0.09065,0.09065,0.09058,0.09058,0.09071,0.09071,0.09065,0.09065,-0.00063998,-0.00053231,-0.00055172,-0.00055172,-7.000000000000062e-05,-0.000772200772200779
1698060300000,2023-10-23T11:25:00Z,0.09058,0.09063,0.09058,0.09062,14470,1311.26587,0.09058,0.09064,0.09058,0.09062,0.09065,0.0907,0.09065,0.09066,-0.00055172,-0.00044762,-0.00049735,-0.00049735,-3.999999999999837e-05,-0.00044120891242001287
1698060600000,2023-10-23T11:30:00Z,0.09062,0.09063,0.09058,0.09063,11538,1045.2695,0.09062,0.09064,0.09059,0.09063,0.09066,0.0907,0.09063,0.09068,-0.00049735,-0.00034701,-0.00039874,-0.00034701,-4.999999999999449e-05,-0.0005513895015438299
1698060900000,2023-10-23T11:35:00Z,0.09063,0.09065,0.09058,0.09058,14698,1331.65426,0.09063,0.09065,0.09058,0.09058,0.09068,0.0907,0.09063,0.09063,-0.00034701,-0.00012642,-0.00036969,-0.00012642,-5.000000000000837e-05,-0.0005516936996580422
1698061200000,2023-10-23T11:40:00Z,0.09058,0.09066,0.09058,0.09066,21114,1913.63003,0.09058,0.09066,0.09058,0.09066,0.09063,0.09071,0.09063,0.0907,-0.00012642,-0.0003785,-0.00040809,-0.0003785,-3.999999999999837e-05,-0.0004410143329658034
1698061500000,2023-10-23T11:45:00Z,0.09066,0.09066,0.09056,0.0906,64821,5872.39599,0.09066,0.09066,0.09057,0.09063,0.0907,0.09071,0.09062,0.0907,-0.0003785,-0.0003789,-0.00063957,-0.00063957,-0.00010000000000000286,-0.001102535832414585
1698061800000,2023-10-23T11:50:00Z,0.0906,0.09064,0.09053,0.09053,29742,2694.64054,0.09063,0.09064,0.09056,0.09056,0.0907,0.09071,0.09062,0.09062,-0.00063957,-0.00043499,-0.00050711,-0.00043499,-9.000000000000674e-05,-0.000993158243213493
1698062100000,2023-10-23T11:55:00Z,0.09053,0.09054,0.09049,0.0905,36862,3336.28212,0.09056,0.09057,0.09049,0.0905,0.09062,0.09063,0.09055,0.09056,-0.00043499,-0.00042961,-0.00045135,-0.00045135,-6.0000000000004494e-05,-0.000662544169611357
1698062400000,2023-10-23T12:00:00Z,0.0905,0.0905,0.09047,0.09047,3560,322.13435,0.0905,0.0905,0.09047,0.09047,0.09056,0.09056,0.09051,0.09053,-0.00045135,-0.00032096,-0.00049298,-0.00049298,-6.0000000000004494e-05,-0.0006627637247321826
1698062700000,2023-10-23T12:05:00Z,0.09047,0.09048,0.09043,0.09043,18965,1715.42599,0.09047,0.0905,0.09044,0.09044,0.09053,0.09056,0.09051,0.09051,-0.00049298,-0.00057092,-0.00058634,-0.00058634,-7.999999999999674e-05,-0.0008838802342282261
1698063000000,2023-10-23T12:10:00Z,0.09043,0.09048,0.09043,0.09047,18678,1689.51762,0.09044,0.09048,0.09043,0.09047,0.09051,0.09055,0.09051,0.09053,-0.00058634,-0.00021387,-0.00052385,-0.00052385,-6.0000000000004494e-05,-0.0006627637247321826
1698063300000,2023-10-23T12:15:00Z,0.09047,0.09058,0.09041,0.09055,55993,5066.76026,0.09047,0.09058,0.09042,0.09056,0.09053,0.09065,0.09048,0.09063,-0.00052385,-0.00065306,-0.00067358,-0.00065306,-7.999999999999674e-05,-0.0008827099194526839
1698063600000,2023-10-23T12:20:00Z,0.09055,0.09058,0.09049,0.09049,64482,5836.42902,0.09056,0.09059,0.0905,0.0905,0.09063,0.09066,0.09058,0.09058,-0.00065306,-0.00056187,-0.00085142,-0.00056187,-8.999999999999286e-05,-0.0009935968204900958
1698063900000,2023-10-23T12:25:00Z,0.09049,0.0905,0.09042,0.09045,40233,3638.94746,0.0905,0.09051,0.09044,0.09045,0.09058,0.09059,0.0905,0.09051,-0.00056187,-0.00035116,-0.0005501,-0.00035116,-5.9999999999990616e-05,-0.000662910175671093
1698064200000,2023-10-23T12:30:00Z,0.09045,0.09046,0.09038,0.09038,30781,2783.22909,0.09045,0.09046,0.09038,0.09038,0.09051,0.09052,0.09045,0.09046,-0.00035116,-0.00058395,-0.00060028,-0.00058395,-7.999999999999674e-05,-0.000884368781781967
1698064500000,2023-10-23T12:35:00Z,0.09038,0.09039,0.09036,0.09039,18583,1679.31585,0.09038,0.0904,0.09037,0.09039,0.09046,0.09048,0.09045,0.09047,-0.00058395,-0.00035794,-0.0006122,-0.00035794,-7.999999999999674e-05,-0.0008842710290703741
1698064800000,2023-10-23T12:40:00Z,0.09039,0.09041,0.09035,0.09035,20440,1847.44479,0.09039,0.09041,0.09035,0.09038,0.09047,0.09048,0.09043,0.09046,-0.00035794,-0.00057063,-0.00071818,-0.00071818,-0.00010999999999999899,-0.0012160070749502431
1698065100000,2023-10-23T12:45:00Z,0.09035,0.0904,0.09034,0.09037,90738,8197.77289,0.09038,0.09041,0.09034,0.09037,0.09046,0.09049,0.09041,0.09045,-0.00071818,-0.00041926,-0.00072782,-0.00041926,-7.999999999999674e-05,-0.0008844665561083111
1698065400000,2023-10-23T12:50:00Z,0.09037,0.09047,0.09037,0.09045,13027,1177.79959,0.09037,0.09048,0.09037,0.09045,0.09045,0.09055,0.09045,0.09051,-0.00041926,-0.0005508,-0.00079863,-0.00079863,-5.9999999999990616e-05,-0.000662910175671093
1698065700000,2023-10-23T12:55:00Z,0.09045,0.09047,0.09044,0.09047,49114,4442.82474,0.09045,0.09047,0.09044,0.09047,0.09051,0.09054,0.09051,0.09054,-0.00079863,-0.00064696,-0.00080781,-0.00064696,-7.000000000000062e-05,-0.0007731389441131061
1698066000000,2023-10-23T13:00:00Z,0.09047,0.09048,0.09044,0.09045,14311,1294.50952,0.09047,0.09048,0.09046,0.09046,0.09054,0.09056,0.09051,0.09054,-0.00064696,-0.00062171,-0.00081049,-0.00081049,-8.999999999999286e-05,-0.0009940357852881916
1698066300000,2023-10-23T13:05:00Z,0.09045,0.09052,0.09044,0.09052,18771,1698.36512,0.09046,0.09052,0.09044,0.09052,0.09054,0.09061,0.09052,0.09061,-0.00081049,-0.00039969,-0.00051871,-0.00039969,-8.999999999999286e-05,-0.0009932678512304697
1698066600000,2023-10-23T13:10:00Z,0.09052,0.09057,0.09052,0.09055,11009,996.78227,0.09052,0.09057,0.09052,0.09055,0.09061,0.09066,0.09061,0.09062,-0.00039969,-0.00068707,-0.00080408,-0.00080408,-7.000000000000062e-05,-0.0007724564113882213
1698066900000,2023-10-23T13:15:00Z,0.09055,0.09055,0.09039,0.0904,21688,1962.79885,0.09055,0.09055,0.09039,0.0904,0.09062,0.09063,0.09047,0.09048,-0.00080408,-0.00075654,-0.00091832,-0.00075654,-8.000000000001062e-05,-0.0008841732979665187
1698067200000,2023-10-23T13:20:00Z,0.0904,0.09041,0.09022,0.09023,243066,21952.12096,0.0904,0.09041,0.09023,0.09024,0.09048,0.09048,0.09032,0.09033,-0.00075654,-0.00072455,-0.00085796,-0.00072455,-9.999999999998899e-05,-0.0011070519207349607
1698067500000,2023-10-23T13:25:00Z,0.09023,0.09024,0.09012,0.09016,181067,16326.53329,0.09024,0.09025,0.09017,0.09017,0.09033,0.09034,0.09024,0.09025,-0.00072455,-0.00069314,-0.00069889,-0.00069314,-8.999999999999286e-05,-0.0009972299168974279
1698067800000,2023-10-23T13:30:00Z,0.09016,0.09016,0.08984,0.09004,804515,72385.10577,0.09017,0.09017,0.08996,0.09004,0.09025,0.09025,0.09005,0.09012,-0.00069314,-0.0006243,-0.0006462,-0.0006243,-8.000000000001062e-05,-0.0008877052818465447
1698068100000,2023-10-23T13:35:00Z,0.09004,0.09008,0.08993,0.09006,252434,22721.75773,0.09004,0.09008,0.08993,0.09006,0.09012,0.09013,0.08999,0.09011,-0.0006243,-0.00030254,-0.00044456,-0.00030254,-4.999999999999449e-05,-0.0005548773721007047
1698068400000,2023-10-23T13:40:00Z,0.09006,0.09012,0.09004,0.0901,83117,7485.99032,0.09006,0.09015,0.09005,0.0901,0.09011,0.09022,0.09011,0.09018,-0.00030254,-0.00049317,-0.0005327,-0.0005327,-7.999999999999674e-05,-0.0008871146595697132
1698068700000,2023-10-23T13:45:00Z,0.0901,0.09022,0.0901,0.09022,52395,4725.06229,0.0901,0.09024,0.0901,0.09024,0.09018,0.09031,0.09017,0.09031,-0.0005327,-0.00026661,-0.00062928,-0.00026661,-9.000000000000674e-05,-0.0009965673790278678
1698069000000,2023-10-23T13:50:00Z,0.09022,0.09022,0.09019,0.09021,15236,1374.25625,0.09024,0.09025,0.09019,0.09021,0.09031,0.09033,0.09025,0.09027,-0.00026661,-0.00056728,-0.00066976,-0.00066976,-6.0000000000004494e-05,-0.0006646726487205549
1698069300000,2023-10-23T13:55:00Z,0.09021,0.09024,0.09019,0.09021,6735,607.61679,0.09021,0.09025,0.09019,0.09023,0.09027,0.09032,0.09026,0.09029,-0.00066976,-0.0005052,-0.00054346,-0.0005052,-7.999999999999674e-05,-0.0008860338907962869
1698069600000,2023-10-23T14:00:00Z,0.09021,0.09022,0.09014,0.09019,52413,4726.63791,0.09023,0.09026,0.09015,0.09019,0.09029,0.09033,0.09023,0.09027,-0.0005052,-0.00038268,-0.00063981,-0.00063981,-7.999999999999674e-05,-0.0008862301982939708
1698069900000,2023-10-23T14:05:00Z,0.09019,0.09033,0.09019,0.09031,54291,4902.68939,0.09019,0.09034,0.09019,0.09031,0.09027,0.09041,0.09027,0.09037,-0.00063981,-0.0004855,-0.00059165,-0.00059165,-6.0000000000004494e-05,-0.0006639371472834402
1698070200000,2023-10-23T14:10:00Z,0.09031,0.09033,0.09024,0.09028,31341,2829.88895,0.09031,0.09033,0.09024,0.09029,0.09037,0.0904,0.09031,0.09036,-0.00059165,-0.00028561,-0.0004711,-0.00028561,-7.999999999999674e-05,-0.0008853474988932796
1698070500000,2023-10-23T14:15:00Z,0.09028,0.09036,0.09028,0.09034,3876,350.07702,0.09029,0.09036,0.09029,0.09035,0.09036,0.09042,0.09034,0.09041,-0.00028561,-0.00030316,-0.00032488,-0.00030316,-7.000000000000062e-05,-0.0007742506359916006
1698070800000,2023-10-23T14:20:00Z,0.09034,0.09038,0.09024,0.09026,34244,3093.11218,0.09035,0.09038,0.09026,0.09027,0.09041,0.09044,0.09031,0.09033,-0.00030316,-0.00011236,-0.00044751,-0.00011236,-6.999999999998674e-05,-0.000774936344514411
1698071100000,2023-10-23T14:25:00Z,0.09026,0.09035,0.09026,0.09034,12111,1093.98782,0.09027,0.09038,0.09026,0.09037,0.09033,0.09044,0.09032,0.09044,-0.00011236,-0.00004426,-0.00051709,-0.00004426,-0.00010000000000000286,-0.0011057054400707967
1698071400000,2023-10-23T14:30:00Z,0.09034,0.09038,0.0903,0.0903,14393,1300.33338,0.09037,0.09038,0.0903,0.0903,0.09044,0.09044,0.09036,0.09037,-0.00004426,-0.00027368,-0.00067256,-0.00027368,-7.000000000000062e-05,-0.0007745933384972957
1698071700000,2023-10-23T14:35:00Z,0.0903,0.09043,0.09029,0.09043,11618,1049.56644,0.0903,0.09045,0.0903,0.09043,0.09037,0.09052,0.09036,0.09051,-0.00027368,-0.00043416,-0.0004363,-0.0004363,-7.999999999999674e-05,-0.0008838802342282261
1698072000000,2023-10-23T14:40:00Z,0.09043,0.09048,0.09043,0.09045,56591,5119.41038,0.09043,0.09048,0.09043,0.09045,0.09051,0.09054,0.09048,0.09048,-0.0004363,-0.00043537,-0.00056639,-0.00056639,-3.0000000000002247e-05,-0.00033156498673742534
1698072300000,2023-10-23T14:45:00Z,0.09045,0.09053,0.09033,0.09033,52942,4789.82621,0.09045,0.09053,0.09033,0.09033,0.09048,0.09057,0.09038,0.09039,-0.00056639,-0.00038208,-0.00041155,-0.00038208,-6.0000000000004494e-05,-0.0006637902422834881
1698072600000,2023-10-23T14:50:00Z,0.09033,0.09045,0.09033,0.09045,12361,1117.20079,0.09033,0.0905,0.09033,0.0905,0.09039,0.09055,0.09037,0.09055,-0.00038208,-0.00011969,-0.00033226,-0.00011969,-0.00010000000000000286,-0.0011043622308117378
1698072900000,2023-10-23T14:55:00Z,0.09045,0.0905,0.09038,0.09038,24756,2239.02754,0.0905,0.09051,0.09038,0.09039,0.09055,0.09057,0.09044,0.09045,-0.00011969,-0.00040607,-0.00045625,-0.00045625,-7.000000000000062e-05,-0.0007739082365948106
1698073200000,2023-10-23T15:00:00Z,0.09038,0.09039,0.09031,0.09036,5272,476.2408,0.09039,0.0904,0.09031,0.09036,0.09045,0.09046,0.09037,0.0904,-0.00045625,-0.00031016,-0.0006441,-0.0006441,-3.999999999999837e-05,-0.0004424778761061767
1698073500000,2023-10-23T15:05:00Z,0.09036,0.09036,0.09026,0.09026,64026,5780.83828,0.09036,0.09036,0.09026,0.09028,0.0904,0.09042,0.09032,0.09035,-0.0006441,-0.00045398,-0.00066895,-0.00066895,-8.999999999999286e-05,-0.000996126175982212
1698073800000,2023-10-23T15:10:00Z,0.09026,0.09046,0.09026,0.09045,116858,10562.32096,0.09028,0.09048,0.09028,0.09047,0.09035,0.09055,0.09035,0.09054,-0.00066895,-0.00042484,-0.00059427,-0.00059427,-8.999999999999286e-05,-0.0009940357852881916
1698074100000,2023-10-23T15:15:00Z,0.09045,0.09056,0.09041,0.0905,40927,3703.10807,0.09047,0.09056,0.09042,0.0905,0.09054,0.09063,0.09048,0.09058,-0.00059427,-0.00051049,-0.00067855,-0.00051049,-7.999999999999674e-05,-0.000883197173769008
1698074400000,2023-10-23T15:20:00Z,0.0905,0.09055,0.09046,0.09053,35730,3233.48649,0.0905,0.09055,0.09046,0.09054,0.09058,0.09063,0.09052,0.09062,-0.00051049,-0.00043872,-0.00057117,-0.00057117,-9.000000000000674e-05,-0.000993158243213493
1698074700000,2023-10-23T15:25:00Z,0.09053,0.09053,0.09041,0.09044,5092,460.50547,0.09054,0.09054,0.09043,0.09046,0.09062,0.09062,0.0905,0.09054,-0.00057117,-0.00018207,-0.00030542,-0.00030542,-9.999999999998899e-05,-0.0011044842058757344
1698075000000,2023-10-23T15:30:00Z,0.09044,0.09046,0.09036,0.09041,36120,3265.39466,0.09046,0.09047,0.09036,0.09047,0.09054,0.09054,0.09043,0.09054,-0.00030542,-0.00041377,-0.00043896,-0.00043896,-0.00012999999999999123,-0.001435829467638516
1698075300000,2023-10-23T15:35:00Z,0.09041,0.09051,0.09037,0.09037,34322,3104.46791,0.09047,0.09054,0.09037,0.09037,0.09054,0.09061,0.09046,0.09046,-0.00043896,-0.00037517,-0.00038287,-0.00037517,-8.999999999999286e-05,-0.0009949148795046746
1698075600000,2023-10-23T15:40:00Z,0.09037,0.09046,0.09037,0.09041,68593,6201.9344,0.09037,0.09046,0.09037,0.09042,0.09046,0.09054,0.09046,0.09051,-0.00037517,-0.00058643,-0.000856,-0.00058643,-9.999999999998899e-05,-0.001104850292785206
1698075900000,2023-10-23T15:45:00Z,0.09041,0.09044,0.09035,0.09038,37156,3357.95125,0.09042,0.09044,0.09035,0.09038,0.09051,0.09053,0.09044,0.09047,-0.00058643,-0.00047075,-0.00066408,-0.00066408,-8.999999999999286e-05,-0.0009948049077041325
1698076200000,2023-10-23T15:50:00Z,0.09038,0.09062,0.09035,0.09047,646686,58566.21125,0.09038,0.09057,0.09036,0.09047,0.09047,0.0906,0.09045,0.09053,-0.00066408,-0.00025068,-0.000528,-0.00025068,-6.0000000000004494e-05,-0.0006627637247321826
1698076500000,2023-10-23T15:55:00Z,0.09047,0.09056,0.09036,0.09051,112694,10197.49586,0.09047,0.09057,0.09036,0.09054,0.09053,0.09064,0.09043,0.09061,-0.00025068,-0.00042306,-0.00051936,-0.00042306,-0.00010000000000000286,-0.0011036309458117522
1698076800000,2023-10-23T16:00:00Z,0.09051,0.09069,0.09051,0.09069,42529,3854.39022,0.09054,0.09071,0.09051,0.09071,0.09061,0.09079,0.09058,0.09079,-0.00042306,-0.00013314,-0.00051521,-0.00051521,-9.999999999998899e-05,-0.0011014428901860226
1698077100000,2023-10-23T16:05:00Z,0.09069,0.09085,0.09069,0.09083,483658,43895.04841,0.09071,0.09086,0.09071,0.09083,0.09079,0.09093,0.09079,0.09089,-0.00051521,-0.00027056,-0.00035111,-0.00035111,-6.0000000000004494e-05,-0.000660138629112163
1698077400000,2023-10-23T16:10:00Z,0.09083,0.09089,0.09072,0.09076,191569,17398.47077,0.09083,0.09088,0.09073,0.09076,0.09089,0.09093,0.09079,0.09082,-0.00035111,-0.00037099,-0.00037706,-0.00037099,-6.0000000000004494e-05,-0.0006606474344858456
1698077700000,2023-10-23T16:15:00Z,0.09076,0.09083,0.09073,0.09082,21611,1962.64842,0.09076,0.09083,0.09074,0.09082,0.09082,0.09088,0.0908,0.09087,-0.00037099,-0.0002596,-0.00050869,-0.00050869,-5.000000000000837e-05,-0.0005502366017388397
1698078000000,2023-10-23T16:20:00Z,0.09082,0.09083,0.09069,0.09069,53660,4870.43658,0.09082,0.09083,0.09069,0.09069,0.09087,0.09088,0.09074,0.09074,-0.00050869,-0.00024212,-0.00025818,-0.00025818,-4.999999999999449e-05,-0.0005510249063257052
1698078300000,2023-10-23T16:25:00Z,0.09069,0.0907,0.09057,0.09058,61080,5535.73205,0.09069,0.0907,0.09058,0.09058,0.09074,0.09074,0.09062,0.09063,-0.00025818,-0.00025292,-0.00029456,-0.00025292,-5.000000000000837e-05,-0.0005516936996580422
1698078600000,2023-10-23T16:30:00Z,0.09058,0.09062,0.09053,0.09062,60173,5449.36795,0.09058,0.09063,0.09053,0.09063,0.09063,0.09069,0.09057,0.09069,-0.00025292,-0.00015185,-0.00039704,-0.00039704,-7.000000000000062e-05,-0.0007718601830411358
1698078900000,2023-10-23T16:35:00Z,0.09062,0.0908,0.09062,0.0908,18953,1719.94428,0.09063,0.09082,0.09063,0.09081,0.09069,0.09089,0.09067,0.09088,-0.00039704,-0.00014866,-0.00033003,-0.00033003,-7.999999999999674e-05,-0.0008802816901408092
1698079200000,2023-10-23T16:40:00Z,0.0908,0.09087,0.09071,0.09082,84244,7652.32082,0.09081,0.09086,0.09071,0.09082,0.09088,0.09093,0.09077,0.09085,-0.00033003,-0.00017818,-0.00028599,-0.00017818,-3.0000000000002247e-05,-0.0003302146395157099
1698079500000,2023-10-23T16:45:00Z,0.09082,0.0909,0.09069,0.09084,273786,24875.32636,0.09082,0.0909,0.09069,0.09084,0.09085,0.0909,0.09073,0.09089,-0.00017818,0,-0.00001057,-0.00001057,-4.999999999999449e-05,-0.000550115524260034
1698079800000,2023-10-23T16:50:00Z,0.09084,0.09096,0.0908,0.0909,122706,11154.5686,0.09084,0.09096,0.0908,0.09092,0.09089,0.09098,0.09085,0.09096,-0.00001057,0,0,0,-6.0000000000004494e-05,-0.0006596306068602077
1698080100000,2023-10-23T16:55:00Z,0.0909,0.09104,0.0909,0.0909,215156,19578.03329,0.09092,0.09104,0.09091,0.09091,0.09096,0.09106,0.09092,0.09094,0,0,-0.00004329,0,-3.999999999999837e-05,-0.0004398504508466942
1698080400000,2023-10-23T17:00:00Z,0.0909,0.09091,0.0907,0.09077,235580,21379.04594,0.09091,0.09093,0.09071,0.09077,0.09094,0.09095,0.09073,0.09078,0,0,-0.00017726,-0.00017726,-9.999999999996123e-06,-0.00011015642211936685
1698080700000,2023-10-23T17:05:00Z,0.09077,0.09101,0.09077,0.09095,109240,9934.52483,0.09077,0.09102,0.09077,0.09096,0.09078,0.09104,0.09078,0.09099,-0.00017726,0,-0.00034721,-0.00034721,-3.999999999999837e-05,-0.00043960874821407156
1698081000000,2023-10-23T17:10:00Z,0.09095,0.09096,0.09088,0.09093,258294,23492.56415,0.09096,0.09097,0.09089,0.09093,0.09099,0.091,0.09092,0.09096,-0.00034721,-0.00016844,-0.00019021,-0.00016844,-3.0000000000002247e-05,-0.00032981530343010386
1698081300000,2023-10-23T17:15:00Z,0.09093,0.09093,0.0907,0.09073,298939,27126.16399,0.09093,0.09093,0.09074,0.09074,0.09096,0.09096,0.09077,0.09078,-0.00016844,0,-0.00025473,0,-4.999999999999449e-05,-0.0005507821105969872
1698081600000,2023-10-23T17:20:00Z,0.09073,0.09081,0.09073,0.0908,219291,19907.15178,0.09074,0.09081,0.09074,0.0908,0.09078,0.09083,0.09077,0.09083,0,-0.00008799,-0.00022024,-0.00022024,-2.999999999998837e-05,-0.00033028734999436716
1698081900000,2023-10-23T17:25:00Z,0.0908,0.0908,0.09054,0.09067,1322183,119906.43035,0.0908,0.0908,0.09058,0.09067,0.09083,0.09084,0.09063,0.09073,-0.00022024,-0.00006119,-0.00018812,-0.00006119,-6.0000000000004494e-05,-0.0006613027664499558
1698082200000,2023-10-23T17:30:00Z,0.09067,0.09074,0.09063,0.09072,32277,2927.62586,0.09067,0.09075,0.09063,0.09075,0.09073,0.09081,0.09068,0.09081,-0.00006119,-0.0003428,-0.00046585,-0.00046585,-9.000000000000674e-05,-0.0009910802775025518
1698082500000,2023-10-23T17:35:00Z,0.09072,0.09085,0.09072,0.09085,37496,3405.14343,0.09075,0.09086,0.09073,0.09085,0.09081,0.09091,0.09079,0.09088,-0.00046585,-0.00039201,-0.0004328,-0.00039201,-3.0000000000002247e-05,-0.0003301056338028416
1698082800000,2023-10-23T17:40:00Z,0.09085,0.091,0.09079,0.09099,417354,37931.42059,0.09085,0.09094,0.09079,0.09094,0.09088,0.09099,0.09083,0.09099,-0.00039201,-0.00029921,-0.00042924,-0.00029921,0.0,0.0
1698083100000,2023-10-23T17:45:00Z,0.09099,0.09109,0.09084,0.09094,533519,48509.77011,0.09094,0.09109,0.09092,0.09094,0.09099,0.0911,0.09098,0.091,-0.00029921,-0.00046265,-0.00047928,-0.00047928,-6.0000000000004494e-05,-0.0006593406593407088
1698083400000,2023-10-23T17:50:00Z,0.09094,0.09096,0.09089,0.09091,81346,7395.39321,0.09094,0.09096,0.09089,0.09094,0.091,0.09102,0.09096,0.09101,-0.00047928,-0.00054969,-0.00055369,-0.00054969,-9.999999999998899e-05,-0.001098780353807153
1698083700000,2023-10-23T17:55:00Z,0.09091,0.09093,0.0908,0.0908,33815,3073.38544,0.09094,0.09095,0.0908,0.0908,0.09101,0.09102,0.09085,0.09085,-0.00054969,-0.00035722,-0.00048625,-0.00048625,-4.999999999999449e-05,-0.0005503577325260814
1698084000000,2023-10-23T18:00:00Z,0.0908,0.09088,0.0908,0.09085,35952,3265.47529,0.0908,0.09091,0.0908,0.09086,0.09085,0.09097,0.09085,0.09094,-0.00048625,-0.00031129,-0.00058745,-0.00031129,-8.999999999999286e-05,-0.0009896635144050238
1698084300000,2023-10-23T18:05:00Z,0.09085,0.09091,0.09085,0.09088,14989,1362.25285,0.09086,0.09096,0.09086,0.09095,0.09094,0.09101,0.09091,0.091,-0.00031129,-0.00022626,-0.00035272,-0.00022626,-0.00011999999999999511,-0.001318681318681265
1698084600000,2023-10-23T18:10:00Z,0.09088,0.09097,0.09088,0.09092,140038,12734.47814,0.09095,0.09099,0.09093,0.09094,0.091,0.09105,0.09099,0.09101,-0.00022626,-0.00060892,-0.00065912,-0.00065912,-8.999999999999286e-05,-0.0009889023184264682
1698084900000,2023-10-23T18:15:00Z,0.09092,0.09094,0.09083,0.09083,11170,1015.47058,0.09094,0.09094,0.09083,0.09085,0.09101,0.09101,0.09089,0.0909,-0.00065912,-0.0005189,-0.00069585,-0.00069585,-7.000000000000062e-05,-0.000770077007700777
1698085200000,2023-10-23T18:20:00Z,0.09083,0.09089,0.09082,0.09088,74794,6794.96737,0.09085,0.09089,0.09082,0.09088,0.0909,0.09096,0.09088,0.09095,-0.00069585,-0.00060582,-0.00074133,-0.00074133,-7.000000000000062e-05,-0.0007696536558548721
1698085500000,2023-10-23T18:25:00Z,0.09088,0.09088,0.09083,0.09084,57583,5231.41337,0.09088,0.09089,0.09084,0.09084,0.09095,0.09096,0.09091,0.09091,-0.00074133,-0.00084678,-0.00095645,-0.00084678,-7.000000000000062e-05,-0.0007699923000770059
1698085800000,2023-10-23T18:30:00Z,0.09084,0.09092,0.09082,0.09091,36493,3316.45443,0.09084,0.09092,0.09082,0.09091,0.09091,0.09098,0.0909,0.09096,-0.00084678,-0.00068829,-0.00078674,-0.00078674,-4.999999999999449e-05,-0.0005496921723834047
1698086100000,2023-10-23T18:35:00Z,0.09091,0.09095,0.09088,0.09095,133387,12126.09443,0.09091,0.09095,0.09088,0.09095,0.09096,0.09103,0.09095,0.09103,-0.00078674,-0.00071952,-0.00076923,-0.00071952,-7.999999999999674e-05,-0.0008788311545643935
1698086400000,2023-10-23T18:40:00Z,0.09095,0.09096,0.09061,0.09075,536469,48669.25,0.09095,0.09096,0.09069,0.09077,0.09103,0.09103,0.09076,0.09085,-0.00071952,-0.00052928,-0.00079894,-0.00079894,-0.00010000000000000286,-0.0011007154650523156
1698086700000,2023-10-23T18:45:00Z,0.09075,0.09087,0.09071,0.09077,267353,24276.96952,0.09077,0.09087,0.09072,0.09077,0.09085,0.09092,0.09078,0.09084,-0.00079894,-0.00050533,-0.00086294,-0.00050533,-7.000000000000062e-05,-0.0007705856450902753
1698087000000,2023-10-23T18:50:00Z,0.09077,0.09094,0.09077,0.09094,58503,5317.12229,0.09077,0.09094,0.09077,0.09094,0.09084,0.09101,0.09084,0.091,-0.00050533,-0.00041241,-0.0006881,-0.00041241,-6.0000000000004494e-05,-0.0006593406593407088
1698087300000,2023-10-23T18:55:00Z,0.09094,0.09103,0.09094,0.09103,118394,10771.87039,0.09094,0.09103,0.09094,0.09103,0.091,0.09109,0.091,0.09109,-0.00041241,-0.00035258,-0.00051883,-0.00035258,-6.0000000000004494e-05,-0.0006586892084751838
1698087600000,2023-10-23T19:00:00Z,0.09103,0.09116,0.09101,0.0911,250178,22791.22582,0.09103,0.09116,0.09101,0.0911,0.09109,0.09119,0.09107,0.09115,-0.00035258,-0.00018683,-0.00035063,-0.00035063,-4.999999999999449e-05,-0.0005485463521666977
1698087900000,2023-10-23T19:05:00Z,0.0911,0.09112,0.09103,0.09103,146735,13366.3789,0.0911,0.09112,0.09103,0.09105,0.09115,0.09116,0.09108,0.0911,-0.00035063,-0.00003161,-0.0003106,-0.0003106,-7.000000000000062e-05,-0.0007683863885839804
1698088200000,2023-10-23T19:10:00Z,0.09103,0.09114,0.09103,0.09113,19178,1747.47236,0.09105,0.09115,0.09104,0.09113,0.0911,0.09121,0.09109,0.09118,-0.0003106,-0.00011965,-0.00035852,-0.00035852,-4.999999999999449e-05,-0.000548365869708209
1698088500000,2023-10-23T19:15:00Z,0.09113,0.09121,0.09109,0.09109,413662,37712.12326,0.09113,0.0912,0.09109,0.09109,0.09118,0.0912,0.09111,0.09112,-0.00035852,-0.00020539,-0.00054003,-0.00054003,-3.0000000000002247e-05,-0.00032923617208079726
1698088800000,2023-10-23T19:20:00Z,0.09109,0.09114,0.09097,0.09098,67218,6121.52543,0.09109,0.09114,0.09099,0.09099,0.09112,0.09117,0.09103,0.09103,-0.00054003,-0.00016235,-0.00036245,-0.00036245,-4.999999999999449e-05,-0.0005492694716027079
1698089100000,2023-10-23T19:25:00Z,0.09098,0.0911,0.09098,0.09107,83394,7590.37153,0.09099,0.09112,0.09099,0.0911,0.09103,0.09116,0.09103,0.09114,-0.00036245,-0.00032272,-0.00043888,-0.00043888,-7.000000000000062e-05,-0.0007680491551459362
1698089400000,2023-10-23T19:30:00Z,0.09107,0.09108,0.09101,0.09102,56911,5180.136,0.0911,0.0911,0.09102,0.09102,0.09114,0.09115,0.09104,0.09106,-0.00043888,-0.00043912,-0.00076294,-0.00043912,-3.999999999999837e-05,-0.00043927081045462736
1698089700000,2023-10-23T19:35:00Z,0.09102,0.09107,0.09102,0.09107,118370,10777.09056,0.09102,0.09111,0.09102,0.09111,0.09106,0.09117,0.09106,0.09117,-0.00043912,-0.00065126,-0.00076804,-0.00076804,-0.00010000000000000286,-0.0010968520346605556
1698090000000,2023-10-23T19:40:00Z,0.09107,0.09113,0.09107,0.09113,15092,1375.11119,0.09111,0.09113,0.0911,0.09113,0.09117,0.09119,0.09116,0.09117,-0.00076804,-0.00037106,-0.00038275,-0.00037106,-3.999999999999837e-05,-0.0004387408138641918
1698090300000,2023-10-23T19:45:00Z,0.09113,0.09114,0.09111,0.09113,15722,1432.63481,0.09113,0.09116,0.09111,0.09113,0.09117,0.09121,0.09115,0.09119,-0.00037106,-0.00031202,-0.00056611,-0.00056611,-5.9999999999990616e-05,-0.0006579668823334864
1698090600000,2023-10-23T19:50:00Z,0.09113,0.09114,0.09109,0.09113,6282,572.51626,0.09113,0.09116,0.0911,0.09113,0.09119,0.09122,0.09116,0.09119,-0.00056611,-0.00026551,-0.0003501,-0.00026551,-5.9999999999990616e-05,-0.0006579668823334864
1698090900000,2023-10-23T19:55:00Z,0.09113,0.0912,0.09113,0.09116,26492,2415.26072,0.09113,0.09122,0.09113,0.09116,0.09119,0.09127,0.09116,0.09121,-0.00026551,-0.00022245,-0.0005012,-0.0005012,-4.999999999999449e-05,-0.0005481855059751617
1698091200000,2023-10-23T20:00:00Z,0.09116,0.09121,0.09109,0.09113,88191,8039.03768,0.09116,0.09121,0.09109,0.09113,0.09121,0.09126,0.09114,0.09117,-0.0005012,-0.0000682,-0.00047302,-0.00047302,-3.999999999999837e-05,-0.0004387408138641918
1698091500000,2023-10-23T20:05:00Z,0.09113,0.09119,0.09113,0.09119,38427,3502.79245,0.09113,0.09122,0.09113,0.09121,0.09117,0.09127,0.09116,0.09126,-0.00047302,-0.00020464,-0.00052532,-0.00020464,-7.000000000000062e-05,-0.000767039228577697
1698091800000,2023-10-23T20:10:00Z,0.09119,0.09122,0.09116,0.09119,54850,5002.79024,0.09121,0.09122,0.09118,0.0912,0.09126,0.09127,0.09123,0.09126,-0.00020464,-0.00049375,-0.00061315,-0.00061315,-7.000000000000062e-05,-0.000767039228577697
1698092100000,2023-10-23T20:15:00Z,0.09119,0.09134,0.09117,0.0913,862109,78659.18535,0.0912,0.09131,0.0912,0.0913,0.09126,0.09136,0.09126,0.09133,-0.00061315,-0.00025293,-0.00050487,-0.00025293,-2.999999999998837e-05,-0.0003284791415743827
1698092400000,2023-10-23T20:20:00Z,0.0913,0.09132,0.09121,0.09131,43014,3924.71581,0.0913,0.09133,0.09121,0.09131,0.09133,0.09139,0.09127,0.09137,-0.00025293,-0.00028172,-0.00033585,-0.00033585,-6.0000000000004494e-05,-0.0006566706796542025
1698092700000,2023-10-23T20:25:00Z,0.09131,0.09133,0.09113,0.09116,56613,5163.01666,0.09131,0.09133,0.09115,0.09116,0.09137,0.09139,0.0912,0.09121,-0.00033585,-0.00020962,-0.00054806,-0.00054806,-4.999999999999449e-05,-0.0005481855059751617
1698093000000,2023-10-23T20:30:00Z,0.09116,0.09125,0.09115,0.09125,61748,5631.49236,0.09116,0.09126,0.09116,0.09125,0.09121,0.09131,0.0912,0.0913,-0.00054806,-0.00015934,-0.00048245,-0.00015934,-5.000000000000837e-05,-0.0005476451259584706
1698093300000,2023-10-23T20:35:00Z,0.09125,0.09134,0.09125,0.09134,21534,1966.61512,0.09125,0.09136,0.09125,0.09134,0.0913,0.09141,0.0913,0.09138,-0.00015934,-0.00026381,-0.0003194,-0.0003194,-3.999999999999837e-05,-0.00043773254541473375
1698093600000,2023-10-23T20:40:00Z,0.09134,0.09137,0.09121,0.09122,58223,5315.38039,0.09134,0.0914,0.09123,0.09126,0.09138,0.09145,0.09128,0.09132,-0.0003194,-0.00050476,-0.00057044,-0.00057044,-0.00010000000000000286,-0.001095050372317158
1698093900000,2023-10-23T20:45:00Z,0.09122,0.09125,0.09112,0.09118,139742,12742.34922,0.09126,0.09127,0.09114,0.09118,0.09132,0.09133,0.09119,0.0912,-0.00057044,-0.00048887,-0.00050268,-0.00050268,-2.0000000000006124e-05,-0.00021929824561410223
1698094200000,2023-10-23T20:50:00Z,0.09118,0.09118,0.09092,0.09094,177175,16124.88781,0.09118,0.09118,0.09093,0.09094,0.0912,0.09122,0.09098,0.091,-0.00050268,-0.00040929,-0.00055949,-0.00040929,-6.0000000000004494e-05,-0.0006593406593407088
1698094500000,2023-10-23T20:55:00Z,0.09094,0.0911,0.09094,0.09096,401512,36557.0687,0.09094,0.0911,0.09094,0.09096,0.091,0.0911,0.09099,0.09101,-0.00040929,-0.00026578,-0.00054926,-0.00054926,-4.999999999999449e-05,-0.0005493901769035765
1698094800000,2023-10-23T21:00:00Z,0.09096,0.09124,0.09096,0.09112,1232009,112294.21778,0.09096,0.09112,0.09096,0.09112,0.09101,0.09114,0.09101,0.09114,-0.00054926,-0.00041663,-0.00050685,-0.00050685,-1.9999999999992246e-05,-0.00021944261575589474
1698095100000,2023-10-23T21:05:00Z,0.09112,0.09115,0.09104,0.09104,200986,18313.58939,0.09112,0.09115,0.09104,0.09104,0.09114,0.09117,0.09106,0.09106,-0.00050685,0,-0.00009566,0,-2.0000000000006124e-05,-0.0002196354052273899
1698095400000,2023-10-23T21:10:00Z,0.09104,0.09104,0.09092,0.09095,290802,26453.20753,0.09104,0.09104,0.09093,0.09098,0.09106,0.09107,0.09097,0.09103,0,-0.00035834,-0.00050868,-0.00050868,-7.999999999999674e-05,-0.0008788311545643935
1698095700000,2023-10-23T21:15:00Z,0.09095,0.09097,0.09089,0.09097,137066,12460.55361,0.09098,0.09098,0.09089,0.09097,0.09103,0.09103,0.09092,0.09101,-0.00050868,-0.00016987,-0.00035341,-0.00016987,-3.999999999999837e-05,-0.0004395121415228917
1698096000000,2023-10-23T21:20:00Z,0.09097,0.09097,0.09094,0.09097,14241,1295.26912,0.09097,0.09098,0.09094,0.09098,0.09101,0.09102,0.09097,0.09102,-0.00016987,0,-0.00017333,0,-5.000000000000837e-05,-0.0005493298176225924
1698096300000,2023-10-23T21:25:00Z,0.09097,0.09102,0.09093,0.09093,14638,1331.92651,0.09098,0.09102,0.09093,0.09093,0.09102,0.09106,0.09095,0.09095,0,0,0,0,-2.0000000000006124e-05,-0.00021990104453002886
1698096600000,2023-10-23T21:30:00Z,0.09093,0.09102,0.09083,0.09102,137930,12534.39541,0.09093,0.09103,0.09087,0.09103,0.09095,0.09109,0.09091,0.09109,0,-0.00017652,-0.00034135,-0.00034135,-7.000000000000062e-05,-0.000768470743220997
1698096900000,2023-10-23T21:35:00Z,0.09102,0.09115,0.09102,0.09108,92288,8408.8769,0.09103,0.09115,0.09103,0.09109,0.09109,0.0912,0.09109,0.09114,-0.00034135,0,-0.00011737,0,-6.0000000000004494e-05,-0.0006583278472679887
1698097200000,2023-10-23T21:40:00Z,0.09108,0.09108,0.09098,0.09098,43571,3965.07558,0.09109,0.09111,0.09098,0.09098,0.09114,0.09116,0.09104,0.09105,0,-0.00000933,-0.0002747,-0.0002747,-7.000000000000062e-05,-0.0007688083470620606
1698097500000,2023-10-23T21:45:00Z,0.09098,0.09104,0.09098,0.09101,97296,8853.53304,0.09098,0.09104,0.09098,0.09101,0.09105,0.09107,0.09102,0.09102,-0.0002747,-0.00038646,-0.00047429,-0.00038646,-1.0000000000010001e-05,-0.00010986596352460998
1698097800000,2023-10-23T21:50:00Z,0.09101,0.09101,0.09099,0.09099,63,5.73237,0.09101,0.09101,0.09099,0.09099,0.09102,0.09105,0.091,0.09101,-0.00038646,0,0,0,-1.9999999999992246e-05,-0.0002197560707613696
1698098100000,2023-10-23T21:55:00Z,0.09099,0.09113,0.09099,0.09111,3110,283.28578,0.09099,0.09114,0.09099,0.09112,0.09101,0.09117,0.091,0.09115,0,0,0,0,-3.999999999999837e-05,-0.00043883708173338864
1698098400000,2023-10-23T22:00:00Z,0.09111,0.09113,0.09098,0.09098,36900,3360.03525,0.09112,0.09113,0.09098,0.09099,0.09115,0.09116,0.09102,0.09103,0,0,-0.0001171,0,-4.999999999999449e-05,-0.0005492694716027079
1698098700000,2023-10-23T22:05:00Z,0.09098,0.09102,0.09097,0.09102,1830,166.54184,0.09099,0.09106,0.09097,0.09105,0.09103,0.09109,0.09098,0.09108,0,0,0,0,-5.9999999999990616e-05,-0.0006587615283266427
1698099000000,2023-10-23T22:10:00Z,0.09102,0.0912,0.09102,0.09111,159725,14553.64169,0.09105,0.09117,0.09102,0.09112,0.09108,0.09117,0.09104,0.09116,0,0,-0.00011345,-0.00011345,-5.000000000000837e-05,-0.0005484861781484024
1698099300000,2023-10-23T22:15:00Z,0.09111,0.09121,0.0911,0.09116,18915,1724.3972,0.09112,0.09121,0.09111,0.09117,0.09116,0.09123,0.09115,0.09122,-0.00011345,-0.00019557,-0.00029835,-0.00029835,-5.9999999999990616e-05,-0.0006577504933127672
1698099600000,2023-10-23T22:20:00Z,0.09116,0.09117,0.09113,0.09117,8707,793.63132,0.09117,0.09118,0.09114,0.09117,0.09122,0.09123,0.09116,0.09121,-0.00029835,-0.00009779,-0.00013872,-0.00013872,-3.999999999999837e-05,-0.0004385484047801597
1698099900000,2023-10-23T22:25:00Z,0.09117,0.0914,0.09116,0.09135,774496,70695.49512,0.09117,0.09137,0.09117,0.09134,0.09121,0.0914,0.09121,0.09137,-0.00013872,0,-0.00015476,0,-2.0000000000006124e-05,-0.0002188902265514515
1698100200000,2023-10-23T22:30:00Z,0.09135,0.09141,0.09125,0.09136,109029,9961.59063,0.09134,0.09141,0.09127,0.09136,0.09137,0.09144,0.0913,0.09137,0,-0.00029135,-0.00037732,-0.00037732,-1.0000000000010001e-05,-0.00010944511327580168
1698100500000,2023-10-23T22:35:00Z,0.09136,0.09155,0.09133,0.09155,202297,18497.38946,0.09136,0.09155,0.09134,0.09155,0.09137,0.09158,0.09137,0.09158,-0.00037732,-0.0001777,-0.0002791,-0.0001777,-2.999999999998837e-05,-0.0003275824415810043
1698100800000,2023-10-23T22:40:00Z,0.09155,0.09443,0.09153,0.09285,13623105,1266111.78811,0.09155,0.09405,0.09154,0.09288,0.09158,0.09411,0.09157,0.09285,-0.0001777,0,-0.00060882,0,0.0,0.0
1698101100000,2023-10-23T22:45:00Z,0.09285,0.09301,0.09221,0.09258,2438596,225905.25042,0.09288,0.09299,0.09229,0.09257,0.09285,0.09299,0.0923,0.09258,0,0,0,0,0.0,0.0
1698101400000,2023-10-23T22:50:00Z,0.09258,0.09268,0.09244,0.09244,440491,40773.0081,0.09257,0.09265,0.09245,0.09245,0.09258,0.09266,0.09243,0.09244,0,0,0,0,0.0,0.0
1698101700000,2023-10-23T22:55:00Z,0.09244,0.0928,0.09244,0.09271,297558,27575.55908,0.09245,0.09275,0.09244,0.0927,0.09244,0.09274,0.09243,0.09268,0,0.00002784,0,0.00002784,3.0000000000002247e-05,0.000323694432455786
1698102000000,2023-10-23T23:00:00Z,0.09271,0.09299,0.09233,0.09248,1261876,117047.60398,0.0927,0.09294,0.09233,0.09243,0.09268,0.09291,0.09233,0.0924,0.00002784,0,0,0,8.000000000001062e-05,0.0008658008658009807
1698102300000,2023-10-23T23:05:00Z,0.09248,0.09248,0.0923,0.09231,124961,11543.82283,0.09243,0.09244,0.0923,0.09234,0.0924,0.09241,0.09228,0.09234,0,0.00013431,0,0.00013431,-3.0000000000002247e-05,-0.0003248862897985948
1698102600000,2023-10-23T23:10:00Z,0.09231,0.09234,0.09157,0.09195,1313974,120735.11635,0.09234,0.09235,0.09167,0.09197,0.09234,0.09235,0.09167,0.092,0.00013431,-0.00020977,-0.00030382,-0.00020977,-4.999999999999449e-05,-0.0005434782608695054
1698102900000,2023-10-23T23:15:00Z,0.09195,0.0925,0.09195,0.09232,998499,92199.03292,0.09197,0.09238,0.09195,0.09232,0.092,0.09241,0.09198,0.09233,-0.00020977,-0.00006101,-0.0004014,-0.0004014,-9.999999999996123e-06,-0.00010830715910317473
1698103200000,2023-10-23T23:20:00Z,0.09232,0.09236,0.09214,0.09217,565075,52109.4196,0.09232,0.09236,0.09216,0.09218,0.09233,0.0924,0.09219,0.09222,-0.0004014,0,-0.00033874,-0.00033874,-4.999999999999449e-05,-0.0005421817393189601
1698103500000,2023-10-23T23:25:00Z,0.09217,0.09224,0.09213,0.09224,213370,19668.39293,0.09218,0.09225,0.09213,0.09224,0.09222,0.09229,0.09215,0.09226,-0.00033874,-0.00002093,-0.00007338,-0.00007338,-1.9999999999992246e-05,-0.00021677866897888844
1698103800000,2023-10-23T23:30:00Z,0.09224,0.09232,0.09218,0.09219,293054,27039.51368,0.09224,0.09232,0.09219,0.09219,0.09226,0.09232,0.0922,0.0922,-0.00007338,0,-0.00015559,-0.00015559,-1.0000000000010001e-05,-0.00010845986984826465
1698104100000,2023-10-23T23:35:00Z,0.09219,0.09219,0.09176,0.09185,591975,54387.16115,0.09219,0.09219,0.09186,0.09188,0.0922,0.0922,0.09188,0.09191,-0.00015559,-0.0000339,-0.00028743,-0.0000339,-6.0000000000004494e-05,-0.0006528125340007016
1698104400000,2023-10-23T23:40:00Z,0.09185,0.09192,0.09181,0.09189,39900,3665.97011,0.09188,0.09196,0.09186,0.09188,0.09191,0.09201,0.09189,0.09193,-0.0000339,-0.00035109,-0.00050635,-0.00035109,-3.999999999999837e-05,-0.00043511367344717036
1698104700000,2023-10-23T23:45:00Z,0.09189,0.0921,0.09189,0.09204,199939,18407.2406,0.09188,0.09211,0.09188,0.09208,0.09193,0.09216,0.09193,0.09212,-0.00035109,-0.00009704,-0.00030757,-0.00009704,-7.999999999999674e-05,-0.0008684324793746933
1698105000000,2023-10-23T23:50:00Z,0.09204,0.09215,0.09201,0.09209,24345,2242.05232,0.09208,0.09215,0.09202,0.09209,0.09212,0.09217,0.09203,0.09211,-0.00009704,-0.00018793,-0.00028909,-0.00018793,-1.9999999999992246e-05,-0.00021713169037012537
1698105300000,2023-10-23T23:55:00Z,0.09209,0.09225,0.09205,0.09215,113848,10492.62398,0.09209,0.09225,0.09206,0.09217,0.09211,0.09226,0.09209,0.0922,-0.00018793,0,-0.00011972,0,-5.000000000000837e-05,-0.0005422993492408717
1698105600000,2023-10-24T00:00:00Z,0.09215,0.09248,0.09215,0.0923,1749267,161554.0736,0.09217,0.09235,0.09217,0.09228,0.0922,0.09234,0.09219,0.09225,0,0.00032665,0.00030971,0.00030971,4.999999999999449e-05,0.0005420054200541409
1698105900000,2023-10-24T00:05:00Z,0.0923,0.0923,0.0921,0.09214,133316,12289.88927,0.09228,0.09229,0.09212,0.09216,0.09225,0.09226,0.09211,0.09215,0.00030971,0,0,0,-9.999999999996123e-06,-0.00010851871947906809
1698106200000,2023-10-24T00:10:00Z,0.09214,0.09227,0.09212,0.09221,165422,15253.08874,0.09216,0.09232,0.0921,0.09222,0.09215,0.09232,0.09209,0.09223,0,-0.00000292,-0.00004225,-0.00000292,-2.0000000000006124e-05,-0.00021684918139440663
1698106500000,2023-10-24T00:15:00Z,0.09221,0.09236,0.0921,0.09236,120200,11085.18487,0.09222,0.09234,0.0921,0.09234,0.09223,0.09236,0.09212,0.09235,-0.00000292,0.00002201,0,0.00002201,9.999999999996123e-06,0.00010828370330261097
1698106800000,2023-10-24T00:20:00Z,0.09236,0.09249,0.09235,0.09246,94260,8713.5035,0.09234,0.09249,0.09234,0.09249,0.09235,0.0925,0.09235,0.09249,0.00002201,0,0,0,-3.0000000000002247e-05,-0.0003243593902043707
1698107100000,2023-10-24T00:25:00Z,0.09246,0.09261,0.09241,0.09259,242506,22442.84013,0.09249,0.09257,0.09241,0.09254,0.09249,0.09257,0.0924,0.09253,0,0.00017565,0,0.00017565,6.0000000000004494e-05,0.0006484383443208094
1698107400000,2023-10-24T00:30:00Z,0.09259,0.09264,0.09249,0.0926,130371,12068.87093,0.09254,0.09265,0.0925,0.09265,0.09253,0.09265,0.09249,0.09265,0.00017565,0,0,0,-4.999999999999449e-05,-0.0005396654074473232
1698107700000,2023-10-24T00:35:00Z,0.0926,0.09263,0.09241,0.09246,478688,44273.02545,0.09265,0.09265,0.09243,0.09247,0.09265,0.09265,0.09241,0.09246,0,0.00012316,0,0,0.0,0.0
1698108000000,2023-10-24T00:40:00Z,0.09246,0.09257,0.09242,0.09245,127848,11824.35113,0.09247,0.09259,0.09243,0.09247,0.09246,0.09259,0.09244,0.09249,0,0,0,0,-3.999999999999837e-05,-0.00043247918693911094
1698108300000,2023-10-24T00:45:00Z,0.09245,0.09277,0.09245,0.09264,689312,63878.29904,0.09247,0.09267,0.09244,0.09264,0.09249,0.09268,0.09243,0.09265,0,0,-0.00011414,0,-9.999999999996123e-06,-0.00010793308148943468
1698108600000,2023-10-24T00:50:00Z,0.09264,0.09276,0.09261,0.0927,176703,16378.8439,0.09264,0.09275,0.09259,0.09268,0.09265,0.09275,0.09258,0.09268,0,0.00026011,0,0,2.0000000000006124e-05,0.00021579628830390726
1698108900000,2023-10-24T00:55:00Z,0.0927,0.09272,0.09254,0.09254,100620,9321.38539,0.09268,0.09274,0.09255,0.09256,0.09268,0.09273,0.09254,0.09255,0,0.00010304,0,0.00010304,-9.999999999996123e-06,-0.00010804970286327524
1698109200000,2023-10-24T01:00:00Z,0.09254,0.09269,0.09244,0.09269,286605,26525.45507,0.09256,0.09269,0.09246,0.09267,0.09255,0.09271,0.09246,0.09266,0.00010304,0,0,0,2.999999999998837e-05,0.000323764299589773
1698109500000,2023-10-24T01:05:00Z,0.09269,0.09269,0.0926,0.09261,65631,6079.08099,0.09267,0.0927,0.09258,0.0926,0.09266,0.0927,0.09257,0.09259,0,0,-0.00012572,-0.00012572,1.9999999999992246e-05,0.000216006048169265
1698109800000,2023-10-24T01:10:00Z,0.09261,0.09268,0.09249,0.09257,94219,8722.30713,0.0926,0.0927,0.09248,0.09255,0.09259,0.0927,0.09247,0.09254,-0.00012572,0.00035816,-0.00022055,0.00035816,3.0000000000002247e-05,0.0003241841365896072
1698110100000,2023-10-24T01:15:00Z,0.09257,0.09267,0.09249,0.09259,70765,6550.79913,0.09255,0.09268,0.09252,0.0926,0.09254,0.09269,0.09252,0.0926,0.00035816,0,0,0,-9.999999999996123e-06,-0.00010799136069110284
1698110400000,2023-10-24T01:20:00Z,0.09259,0.0926,0.09248,0.09252,73550,6803.72346,0.0926,0.09263,0.09248,0.09255,0.0926,0.09265,0.09248,0.09254,0,-0.00000993,-0.0001703,-0.0001703,-1.9999999999992246e-05,-0.0002161227577263048
1698110700000,2023-10-24T01:25:00Z,0.09252,0.09258,0.09243,0.09244,25840,2389.25354,0.09255,0.09263,0.09243,0.09244,0.09254,0.09265,0.09242,0.09245,-0.0001703,0,0,0,-1.0000000000010001e-05,-0.00010816657652796107
1698111000000,2023-10-24T01:30:00Z,0.09244,0.09249,0.09239,0.09239,47130,4355.40209,0.09244,0.09249,0.09239,0.0924,0.09245,0.0925,0.09238,0.09243,0,0,0,0,-3.999999999999837e-05,-0.0004327599264307949
1698111300000,2023-10-24T01:35:00Z,0.09239,0.09243,0.09221,0.0924,233825,21579.8393,0.0924,0.09244,0.09223,0.09243,0.09243,0.09247,0.09226,0.09244,0,0,-0.00035269,0,-3.999999999999837e-05,-0.000432713111207252
1698111600000,2023-10-24T01:40:00Z,0.0924,0.09245,0.09232,0.0924,24910,2301.88055,0.09243,0.09249,0.09235,0.09241,0.09244,0.09253,0.09235,0.09246,0,-0.00014186,-0.00039124,-0.00014186,-6.0000000000004494e-05,-0.0006489292667099773
1698111900000,2023-10-24T01:45:00Z,0.0924,0.09249,0.0924,0.09249,154735,14303.79682,0.09241,0.09249,0.0924,0.09249,0.09246,0.09253,0.09241,0.09251,-0.00014186,0,-0.00035837,-0.00035837,-1.9999999999992246e-05,-0.00021619284401677924
1698112200000,2023-10-24T01:50:00Z,0.09249,0.09255,0.09243,0.0925,224263,20746.59807,0.09249,0.09255,0.09243,0.0925,0.09251,0.09257,0.09246,0.09251,-0.00035837,0,-0.00038221,-0.00038221,-9.999999999996123e-06,-0.00010809642200838962
1698112500000,2023-10-24T01:55:00Z,0.0925,0.09258,0.09242,0.09257,210738,19491.16405,0.0925,0.09259,0.09245,0.09257,0.09251,0.09263,0.09246,0.09259,-0.00038221,0,-0.00040341,0,-2.0000000000006124e-05,-0.00021600604816941486
1698112800000,2023-10-24T02:00:00Z,0.09257,0.0928,0.09249,0.09274,248142,22996.51678,0.09257,0.09279,0.09249,0.09274,0.09259,0.09278,0.09248,0.09273,0,0,-0.00011568,0,9.999999999996123e-06,0.00010783996549116923
1698113100000,2023-10-24T02:05:00Z,0.09274,0.09274,0.09252,0.09268,303228,28079.66984,0.09274,0.09275,0.09252,0.0927,0.09273,0.09277,0.09251,0.09273,0,0,-0.00047643,-0.00047643,-5.000000000000837e-05,-0.0005391998274561455
1698113400000,2023-10-24T02:10:00Z,0.09268,0.09279,0.09256,0.09262,152820,14165.62372,0.0927,0.09279,0.09258,0.09263,0.09273,0.09281,0.0926,0.09264,-0.00047643,0,0,0,-2.0000000000006124e-05,-0.0002158894645941939
1698113700000,2023-10-24T02:15:00Z,0.09262,0.09286,0.09261,0.09286,368122,34154.28411,0.09263,0.09287,0.09262,0.09283,0.09264,0.09289,0.09261,0.09282,0,0,-0.00009371,0,3.999999999999837e-05,0.00043094160741217807
1698114000000,2023-10-24T02:20:00Z,0.09286,0.09306,0.09286,0.09299,439418,40846.44509,0.09283,0.09304,0.09283,0.093,0.09282,0.09303,0.09282,0.09299,0,0,-0.00003131,-0.00003131,0.0,0.0
1698114300000,2023-10-24T02:25:00Z,0.09299,0.09314,0.09273,0.09281,516372,48031.5109,0.093,0.09317,0.09276,0.09284,0.09299,0.09318,0.09276,0.09286,-0.00003131,0,-0.00014288,0,-4.999999999999449e-05,-0.0005384449709239122
1698114600000,2023-10-24T02:30:00Z,0.09281,0.09305,0.09279,0.09305,142089,13207.86794,0.09284,0.09305,0.09281,0.09305,0.09286,0.09307,0.09283,0.09307,0,0,0,0,-2.0000000000006124e-05,-0.0002148920167616431
1698114900000,2023-10-24T02:35:00Z,0.09305,0.0931,0.09281,0.09296,162418,15091.53314,0.09305,0.0931,0.09281,0.09298,0.09307,0.09313,0.0928,0.09298,0,0,0,0,-1.9999999999992246e-05,-0.00021510002150991876
1698115200000,2023-10-24T02:40:00Z,0.09296,0.09323,0.0929,0.09323,64799,6031.08021,0.09298,0.0932,0.09293,0.09319,0.09298,0.09318,0.09292,0.09318,0,0,0,0,4.999999999999449e-05,0.0005365958360162535
1698115500000,2023-10-24T02:45:00Z,0.09323,0.09339,0.09313,0.0933,260489,24302.56162,0.09319,0.09338,0.09313,0.0933,0.09318,0.09337,0.09311,0.09327,0,0.00063267,0,0.00063267,2.999999999998837e-05,0.00032164683177858224
1698115800000,2023-10-24T02:50:00Z,0.0933,0.09342,0.0932,0.0934,633173,59063.15077,0.0933,0.09341,0.09319,0.0934,0.09327,0.0934,0.09315,0.09338,0.00063267,0.00003548,0,0,1.9999999999992246e-05,0.00021417862497314461
1698116100000,2023-10-24T02:55:00Z,0.0934,0.09346,0.09331,0.09339,146256,13659.99377,0.0934,0.09345,0.09331,0.09339,0.09338,0.09343,0.09329,0.09336,0,0.00012439,0,0.00012439,3.0000000000002247e-05,0.00032133676092547397
1698116400000,2023-10-24T03:00:00Z,0.09339,0.09341,0.09318,0.09327,175116,16333.36506,0.09339,0.09342,0.09319,0.0933,0.09336,0.09341,0.09317,0.09329,0.00012439,0.00024911,0,0,-1.9999999999992246e-05,-0.0002143852502946966
1698116700000,2023-10-24T03:05:00Z,0.09327,0.09336,0.09315,0.09315,114121,10641.46193,0.0933,0.09337,0.09316,0.09316,0.09329,0.09336,0.09317,0.09317,0,0,-0.0003379,-0.0003379,-2.0000000000006124e-05,-0.0002146613716862308
1698117000000,2023-10-24T03:10:00Z,0.09315,0.09321,0.09309,0.09321,42410,3951.06123,0.09316,0.09322,0.09311,0.09321,0.09317,0.09326,0.09313,0.09321,-0.0003379,-0.00016616,-0.0003867,-0.0003867,0.0,0.0
1698117300000,2023-10-24T03:15:00Z,0.09321,0.09326,0.09314,0.09322,124103,11569.8705,0.09321,0.09326,0.09314,0.09322,0.09321,0.09329,0.09315,0.09323,-0.0003867,0,-0.00009664,0,-9.999999999996123e-06,-0.00010726161106935668
1698117600000,2023-10-24T03:20:00Z,0.09322,0.09335,0.09318,0.09333,170302,15883.95243,0.09322,0.09339,0.09319,0.09334,0.09323,0.09343,0.09321,0.09339,0,-0.00010494,-0.00033376,-0.00033376,-6.0000000000004494e-05,-0.000642467073562528
1698117900000,2023-10-24T03:25:00Z,0.09333,0.09335,0.09327,0.09332,64990,6063.47434,0.09334,0.09337,0.09327,0.09333,0.09339,0.0934,0.09327,0.09336,-0.00033376,0,-0.0003389,0,-3.999999999999837e-05,-0.00042844901456724906
1698118200000,2023-10-24T03:30:00Z,0.09332,0.09332,0.09313,0.09313,186285,17362.50938,0.09333,0.09335,0.09314,0.09315,0.09336,0.09338,0.09317,0.09318,0,0,-0.00008473,-0.00008473,-4.999999999999449e-05,-0.0005365958360162535
1698118500000,2023-10-24T03:35:00Z,0.09313,0.0933,0.09309,0.0933,265371,24715.697,0.09315,0.0933,0.0931,0.0933,0.09318,0.09331,0.09312,0.09331,-0.00008473,-0.00056574,-0.00057029,-0.00057029,-1.0000000000010001e-05,-0.00010716964955535313
1698118800000,2023-10-24T03:40:00Z,0.0933,0.0933,0.09319,0.09319,3209,299.12158,0.0933,0.0933,0.0932,0.09321,0.09331,0.09334,0.09321,0.09324,-0.00057029,0,-0.00015354,-0.00015354,-5.000000000000837e-05,-0.000536250536250626
1698119100000,2023-10-24T03:45:00Z,0.09319,0.09322,0.09308,0.09313,75910,7069.08256,0.09321,0.09322,0.09308,0.09313,0.09324,0.09326,0.0931,0.09315,-0.00015354,0,-0.00038149,0,-1.9999999999992246e-05,-0.00021470746108418945
1698119400000,2023-10-24T03:50:00Z,0.09313,0.09316,0.09303,0.09303,168846,15717.57748,0.09313,0.09316,0.09303,0.09306,0.09315,0.0932,0.09307,0.09311,0,-0.00000912,-0.00009965,-0.00000912,-7.999999999999674e-05,-0.000859198797121649
1698119700000,2023-10-24T03:55:00Z,0.09303,0.0931,0.09284,0.09287,194876,18111.66856,0.09306,0.09313,0.09285,0.09287,0.09311,0.09319,0.09289,0.09292,-0.00000912,-0.00026233,-0.00041129,-0.00041129,-5.000000000000837e-05,-0.0005380972879897586
1698120000000,2023-10-24T04:00:00Z,0.09287,0.09307,0.09284,0.093,94168,8754.57801,0.09287,0.09307,0.09284,0.093,0.09292,0.09312,0.09289,0.09301,-0.00041129,-0.00017574,-0.00067984,-0.00067984,-9.999999999996123e-06,-0.00010751532093319131
1698120300000,2023-10-24T04:05:00Z,0.093,0.09305,0.093,0.09305,93133,8664.38353,0.093,0.09309,0.093,0.09309,0.09301,0.09311,0.09301,0.09311,-0.00067984,0,-0.00009348,-0.00009348,-6.0000000000004494e-05,-0.0006443990978413113
1698120600000,2023-10-24T04:10:00Z,0.09305,0.09318,0.09305,0.09317,74678,6955.38623,0.09309,0.09318,0.09309,0.09317,0.09311,0.09323,0.09311,0.09322,-0.00009348,0,-0.00043159,0,-4.999999999999449e-05,-0.0005363655867838929
1698120900000,2023-10-24T04:15:00Z,0.09317,0.09324,0.09308,0.09312,43092,4015.67335,0.09317,0.09324,0.0931,0.09316,0.09322,0.09329,0.09314,0.0932,0,0,-0.00029977,-0.00029977,-8.000000000001062e-05,-0.0008583690987125603
1698121200000,2023-10-24T04:20:00Z,0.09312,0.09319,0.09312,0.09314,47136,4391.49982,0.09316,0.09319,0.09314,0.09314,0.0932,0.09323,0.09316,0.09317,-0.00029977,-0.00003531,-0.00058178,-0.00003531,-3.0000000000002247e-05,-0.0003219920575292717
1698121500000,2023-10-24T04:25:00Z,0.09314,0.09323,0.09314,0.09322,10478,976.72145,0.09314,0.09327,0.09314,0.09322,0.09317,0.0933,0.09317,0.09322,-0.00003531,0,-0.00027304,0,0.0,0.0
1698121800000,2023-10-24T04:30:00Z,0.09322,0.09322,0.09303,0.09309,116409,10835.12039,0.09322,0.09322,0.09303,0.09309,0.09322,0.09324,0.09303,0.09309,0,0,0,0,0.0,0.0
1698122100000,2023-10-24T04:35:00Z,0.09309,0.09317,0.09309,0.09312,48404,4507.80755,0.09309,0.09321,0.09309,0.09317,0.09309,0.09323,0.09309,0.0932,0,0,-0.00022486,-0.00022486,-8.000000000001062e-05,-0.0008583690987125603
1698122400000,2023-10-24T04:40:00Z,0.09312,0.09323,0.09312,0.09323,111140,10361.43323,0.09317,0.09326,0.09316,0.09323,0.0932,0.09331,0.09319,0.09327,-0.00022486,0,-0.00014613,-0.00014613,-4.000000000001225e-05,-0.0004288624423717406
1698122700000,2023-10-24T04:45:00Z,0.09323,0.09333,0.09322,0.09326,49972,4661.76829,0.09323,0.09332,0.09323,0.09326,0.09327,0.09334,0.09326,0.09329,-0.00014613,0,0,0,-3.0000000000002247e-05,-0.00032157787544219365
1698123000000,2023-10-24T04:50:00Z,0.09326,0.09328,0.09321,0.09328,56698,5285.60116,0.09326,0.0933,0.09322,0.09328,0.09329,0.09334,0.09322,0.09332,0,0,-0.00037261,-0.00037261,-3.999999999999837e-05,-0.00042863266180881237
1698123300000,2023-10-24T04:55:00Z,0.09328,0.09332,0.09327,0.0933,55702,5196.96566,0.09328,0.09334,0.09327,0.09332,0.09332,0.09339,0.09328,0.09335,-0.00037261,0,-0.00026143,0,-5.000000000000837e-05,-0.0005356186395287452
1698123600000,2023-10-24T05:00:00Z,0.0933,0.09337,0.09327,0.09335,5722,534.15389,0.09332,0.09337,0.09327,0.09331,0.09335,0.0934,0.0933,0.09331,0,0,0,0,3.999999999999837e-05,0.00042867859822096635
1698123900000,2023-10-24T05:05:00Z,0.09335,0.09335,0.09328,0.09331,52550,4904.66834,0.09331,0.09334,0.09326,0.09331,0.09331,0.09334,0.09326,0.0933,0,0.00013137,0,0.00013137,1.0000000000010001e-05,0.00010718113612015007
1698124200000,2023-10-24T05:10:00Z,0.09331,0.09333,0.09329,0.09331,20807,1941.5448,0.09331,0.09337,0.09328,0.09333,0.0933,0.09337,0.09328,0.09335,0.00013137,0,0,0,-3.999999999999837e-05,-0.000428494911622907
1698124500000,2023-10-24T05:15:00Z,0.09331,0.09337,0.09325,0.09327,68839,6423.91548,0.09333,0.09336,0.09326,0.09329,0.09335,0.09337,0.09327,0.0933,0,0,-0.00001864,0,-2.999999999998837e-05,-0.000321543408360004
1698124800000,2023-10-24T05:20:00Z,0.09327,0.09343,0.09327,0.09342,94689,8840.19932,0.09329,0.09341,0.09328,0.09341,0.0933,0.09341,0.09328,0.0934,0,0,0,0,2.0000000000006124e-05,0.00021413276231269942
1698125100000,2023-10-24T05:25:00Z,0.09342,0.09366,0.0934,0.09347,1376548,128763.75934,0.09341,0.09347,0.09341,0.09347,0.0934,0.09345,0.09339,0.09343,0,0.00037486,0.00028716,0.00028716,3.999999999999837e-05,0.0004281280102750548
1698125400000,2023-10-24T05:30:00Z,0.09347,0.09347,0.09324,0.0933,55819,5210.69012,0.09347,0.09347,0.09324,0.09329,0.09343,0.09343,0.09321,0.09327,0.00028716,0.00015264,0.00004355,0.00004355,2.999999999998837e-05,0.00032164683177858224
1698125700000,2023-10-24T05:35:00Z,0.0933,0.0933,0.09321,0.09325,98235,9159.1591,0.09329,0.09329,0.0932,0.09325,0.09327,0.09327,0.09318,0.09325,0.00004355,0,0,0,0.0,0.0
1698126000000,2023-10-24T05:40:00Z,0.09325,0.09325,0.09317,0.09319,16185,1508.58551,0.09325,0.09328,0.09318,0.09322,0.09325,0.09328,0.09318,0.09323,0,0,-0.00008463,-0.00008463,-3.999999999999837e-05,-0.0004290464442775756
1698126300000,2023-10-24T05:45:00Z,0.09319,0.09321,0.09288,0.09291,275059,25575.1315,0.09322,0.09323,0.09291,0.09291,0.09323,0.09324,0.09291,0.09293,-0.00008463,0,0,0,-1.9999999999992246e-05,-0.00021521575379309423
1698126600000,2023-10-24T05:50:00Z,0.09291,0.09294,0.09276,0.09278,318795,29593.47928,0.09291,0.09296,0.09277,0.09278,0.09293,0.093,0.0928,0.09283,0,0,-0.00021734,0,-4.999999999999449e-05,-0.0005386189809328288
1698126900000,2023-10-24T05:55:00Z,0.09278,0.09283,0.09251,0.09274,258963,23997.81995,0.09278,0.09283,0.09254,0.09274,0.09283,0.09288,0.0926,0.09275,0,0,-0.00004711,0,-9.999999999996123e-06,-0.0001078167115902547
1698127200000,2023-10-24T06:00:00Z,0.09274,0.09285,0.09269,0.09285,41520,3852.7751,0.09274,0.09289,0.09269,0.09285,0.09275,0.09293,0.09272,0.09285,0,-0.00003747,-0.00014647,-0.00014647,0.0,0.0
1698127500000,2023-10-24T06:05:00Z,0.09285,0.09285,0.09274,0.09279,2679,248.56633,0.09285,0.09285,0.09275,0.09282,0.09285,0.09287,0.09277,0.09286,-0.00014647,0,-0.00004977,0,-7.000000000000062e-05,-0.0007538229592935669
1698127800000,2023-10-24T06:10:00Z,0.09279,0.09279,0.09274,0.09274,11292,1047.27304,0.09282,0.09283,0.09275,0.09276,0.09286,0.09288,0.09277,0.09281,0,0,-0.00022325,0,-7.000000000000062e-05,-0.0007542290701433101
1698128100000,2023-10-24T06:15:00Z,0.09274,0.09282,0.09266,0.09266,77280,7167.32457,0.09276,0.09284,0.09266,0.09273,0.09281,0.09288,0.09268,0.09278,0,-0.00000356,-0.00008347,-0.00008347,-0.00011999999999999511,-0.0012933821944384038
1698128400000,2023-10-24T06:20:00Z,0.09266,0.09272,0.0925,0.09251,72293,6693.24786,0.09273,0.09274,0.0925,0.09253,0.09278,0.09279,0.09254,0.09256,-0.00008347,-0.00000777,-0.00002355,-0.00002355,-5.000000000000837e-05,-0.0005401901469318104
1698128700000,2023-10-24T06:25:00Z,0.09251,0.09253,0.09236,0.09244,153865,14218.31853,0.09253,0.09256,0.09237,0.09247,0.09256,0.09261,0.09243,0.09255,-0.00002355,-0.00031254,-0.00081145,-0.00081145,-0.00010999999999999899,-0.0011885467314964775
1698129000000,2023-10-24T06:30:00Z,0.09244,0.09261,0.0924,0.09261,258930,23951.18976,0.09247,0.09264,0.0924,0.09263,0.09255,0.09273,0.09248,0.0927,-0.00081145,-0.00002506,-0.00008906,-0.00008906,-9.000000000000674e-05,-0.0009708737864078397
1698129300000,2023-10-24T06:35:00Z,0.09261,0.09271,0.09261,0.09271,113685,10532.39857,0.09263,0.09271,0.09261,0.09271,0.0927,0.09277,0.09266,0.09275,-0.00008906,-0.00019074,-0.00098576,-0.00019074,-3.999999999999837e-05,-0.0004312668463611684
1698129600000,2023-10-24T06:40:00Z,0.09271,0.09275,0.09266,0.09272,27497,2549.67199,0.09271,0.09274,0.09266,0.09273,0.09275,0.09282,0.09272,0.09281,-0.00019074,0,-0.00014219,-0.00014219,-9.000000000000674e-05,-0.00096972309018432
1698129900000,2023-10-24T06:45:00Z,0.09272,0.09284,0.09271,0.0928,81514,7562.73725,0.09273,0.09284,0.09273,0.09282,0.09281,0.09288,0.09278,0.09287,-0.00014219,0,-0.00030835,-0.00030835,-7.000000000000062e-05,-0.00075374178959837
1698130200000,2023-10-24T06:50:00Z,0.0928,0.09284,0.09271,0.09271,18378,1704.81706,0.09282,0.09287,0.09271,0.09271,0.09287,0.09292,0.09274,0.09274,-0.00030835,-0.00031521,-0.00032324,-0.00032324,-3.0000000000002247e-05,-0.00032348501186114134
1698130500000,2023-10-24T06:55:00Z,0.09271,0.09281,0.09266,0.09279,23246,2155.6172,0.09271,0.09283,0.09267,0.09279,0.09274,0.09288,0.09269,0.09282,-0.00032324,-0.0000544,-0.00005702,-0.0000544,-3.0000000000002247e-05,-0.00032320620555917096
1698130800000,2023-10-24T07:00:00Z,0.09279,0.09285,0.09272,0.09272,33125,3074.40439,0.09279,0.09288,0.09272,0.09273,0.09282,0.09294,0.09273,0.09278,-0.0000544,0,-0.00040956,0,-6.0000000000004494e-05,-0.0006466910972192767
1698131100000,2023-10-24T07:05:00Z,0.09272,0.09284,0.09272,0.09284,4930,457.51215,0.09273,0.09286,0.09273,0.09285,0.09278,0.0929,0.09278,0.09289,0,-0.0000547,-0.0000758,-0.0000547,-4.999999999999449e-05,-0.0005382710733124609
1698131400000,2023-10-24T07:10:00Z,0.09284,0.09298,0.09284,0.09298,40251,3740.32167,0.09285,0.09303,0.09285,0.093,0.09289,0.09308,0.09289,0.09305,-0.0000547,0,-0.00004578,-0.00004578,-7.000000000000062e-05,-0.0007522837184309578
1698131700000,2023-10-24T07:15:00Z,0.09298,0.09303,0.09296,0.09303,176259,16391.78297,0.093,0.09306,0.09296,0.09304,0.09305,0.09311,0.09298,0.0931,-0.00004578,0,0,0,-7.000000000000062e-05,-0.000751879699248127
1698132000000,2023-10-24T07:20:00Z,0.09303,0.09304,0.09294,0.09294,55248,5137.00829,0.09304,0.09305,0.09294,0.09296,0.0931,0.09311,0.09297,0.09299,0,-0.00000945,-0.00016161,-0.00000945,-5.000000000000837e-05,-0.0005376922249705169
1698132300000,2023-10-24T07:25:00Z,0.09294,0.09307,0.09289,0.09304,282540,26254.53111,0.09296,0.09309,0.09292,0.09305,0.09299,0.09313,0.09292,0.09309,-0.00000945,0,-0.0000641,-0.0000641,-5.000000000000837e-05,-0.0005371146202600534
1698132600000,2023-10-24T07:30:00Z,0.09304,0.09309,0.09273,0.0928,78698,7308.654,0.09305,0.09311,0.09273,0.09283,0.09309,0.09316,0.09275,0.09287,-0.0000641,0,-0.00046212,-0.00046212,-7.000000000000062e-05,-0.00075374178959837
1698132900000,2023-10-24T07:35:00Z,0.0928,0.09283,0.09274,0.09283,14814,1374.49308,0.09283,0.09286,0.09274,0.09286,0.09287,0.09288,0.09273,0.09288,-0.00046212,0,0,0,-5.000000000000837e-05,-0.0005383290267012099
1698133200000,2023-10-24T07:40:00Z,0.09283,0.09286,0.09279,0.09282,13945,1294.31005,0.09286,0.09292,0.09279,0.09282,0.09288,0.09295,0.09282,0.09285,0,0,-0.0004973,0,-3.0000000000002247e-05,-0.000323101777059798
1698133500000,2023-10-24T07:45:00Z,0.09282,0.09283,0.09275,0.09278,10284,954.17072,0.09282,0.09284,0.09275,0.09278,0.09285,0.09289,0.09275,0.09279,0,0,-0.00002995,0,-9.999999999996123e-06,-0.0001077702338613657
1698133800000,2023-10-24T07:50:00Z,0.09278,0.09279,0.09274,0.09274,45214,4193.75354,0.09278,0.09279,0.09274,0.09274,0.09279,0.09282,0.09274,0.09277,0,0,0,0,-3.0000000000002247e-05,-0.00032338040314759344
1698134100000,2023-10-24T07:55:00Z,0.09274,0.09278,0.09274,0.09275,5390,499.92187,0.09274,0.09278,0.09274,0.09275,0.09277,0.0928,0.09275,0.09277,0,0,0,0,-2.0000000000006124e-05,-0.00021558693543177884
1698134400000,2023-10-24T08:00:00Z,0.09275,0.09282,0.09273,0.09279,52995,4916.74006,0.09275,0.09282,0.09273,0.09277,0.09277,0.09284,0.09273,0.09276,0,0,0,0,3.0000000000002247e-05,0.0003234152652005417
1698134700000,2023-10-24T08:05:00Z,0.09279,0.0928,0.09275,0.0928,5279,489.72717,0.09277,0.0928,0.09274,0.0928,0.09276,0.09281,0.09273,0.09279,0,0,0,0,9.999999999996123e-06,0.0001077702338613657
1698135000000,2023-10-24T08:10:00Z,0.0928,0.09293,0.09278,0.09292,128800,11962.4591,0.0928,0.09294,0.09279,0.09294,0.09279,0.09293,0.09278,0.09293,0,0,0,0,-9.999999999996123e-06,-0.00010760787689654712
1698135300000,2023-10-24T08:15:00Z,0.09292,0.09293,0.09283,0.09283,30055,2791.13596,0.09294,0.09296,0.09283,0.09284,0.09293,0.09295,0.09282,0.09284,0,0,0,0,-1.0000000000010001e-05,-0.0001077121930203576
1698135600000,2023-10-24T08:20:00Z,0.09283,0.09291,0.09283,0.0929,35502,3297.50262,0.09284,0.0929,0.09284,0.0929,0.09284,0.09291,0.09283,0.09291,0,0,0,0,-1.0000000000010001e-05,-0.0001076310407922721
1698135900000,2023-10-24T08:25:00Z,0.0929,0.09297,0.09289,0.09291,32039,2977.79419,0.0929,0.09297,0.0929,0.0929,0.09291,0.09298,0.09289,0.09289,0,0,0,0,2.0000000000006124e-05,0.000215308429325074
1698136200000,2023-10-24T08:30:00Z,0.09291,0.09297,0.09288,0.09296,48714,4526.3561,0.0929,0.093,0.0929,0.09296,0.09289,0.093,0.09289,0.09295,0,0,0,0,9.999999999996123e-06,0.00010758472296929664
1698136500000,2023-10-24T08:35:00Z,0.09296,0.09297,0.09292,0.09295,23146,2151.11857,0.09296,0.09301,0.09292,0.09299,0.09295,0.09302,0.09291,0.093,0,0,0,0,-4.999999999999449e-05,-0.0005376344086020913
1698136800000,2023-10-24T08:40:00Z,0.09295,0.09298,0.09295,0.09298,7949,739.00908,0.09299,0.09301,0.09296,0.09299,0.093,0.09302,0.09295,0.093,0,0,0,0,-2.0000000000006124e-05,-0.00021505376344092605
1698137100000,2023-10-24T08:45:00Z,0.09298,0.09299,0.09288,0.09288,25076,2330.42648,0.09299,0.09299,0.09289,0.09291,0.093,0.093,0.09289,0.09291,0,0,0,0,-3.0000000000002247e-05,-0.00032289312237651754
1698137400000,2023-10-24T08:50:00Z,0.09288,0.09294,0.09288,0.0929,121844,11320.055,0.09291,0.09295,0.0929,0.09293,0.09291,0.09295,0.09289,0.09293,0,0,0,0,-3.0000000000002247e-05,-0.00032282363068979067
1698137700000,2023-10-24T08:55:00Z,0.0929,0.09303,0.0929,0.09303,36121,3359.10445,0.09293,0.09304,0.09293,0.09303,0.09293,0.09303,0.09293,0.09303,0,0.00000526,0,0.00000526,0.0,0.0
1698138000000,2023-10-24T09:00:00Z,0.09303,0.09303,0.09282,0.09284,43016,3994.3006,0.09303,0.09304,0.09285,0.09287,0.09303,0.09303,0.09285,0.09287,0.00000526,0,0,0,-2.999999999998837e-05,-0.0003230321955420305
1698138300000,2023-10-24T09:05:00Z,0.09284,0.09291,0.09284,0.0929,109334,10154.47627,0.09287,0.09293,0.09287,0.09291,0.09287,0.09293,0.09287,0.09291,0,0,-0.00000258,0,-1.0000000000010001e-05,-0.0001076310407922721
1698138600000,2023-10-24T09:10:00Z,0.0929,0.09297,0.09289,0.09297,6186,575.05231,0.09291,0.09299,0.0929,0.09297,0.09291,0.09299,0.09289,0.09297,0,0,0,0,0.0,0.0
1698138900000,2023-10-24T09:15:00Z,0.09297,0.09297,0.09289,0.09292,28100,2611.14893,0.09297,0.093,0.0929,0.09292,0.09297,0.093,0.0929,0.09292,0,0,0,0,0.0,0.0
1698139200000,2023-10-24T09:20:00Z,0.09292,0.09305,0.09292,0.09303,15569,1448.29437,0.09292,0.09305,0.09292,0.09303,0.09292,0.09305,0.09291,0.09302,0,0,0,0,9.999999999996123e-06,0.00010750376263165042
1698139500000,2023-10-24T09:25:00Z,0.09303,0.09306,0.09301,0.09302,120899,11248.30454,0.09303,0.09306,0.09299,0.09303,0.09302,0.09306,0.09298,0.09304,0,0,-0.00000462,0,-1.9999999999992246e-05,-0.000214961306964663
1698139800000,2023-10-24T09:30:00Z,0.09302,0.0931,0.09302,0.0931,5341,497.04878,0.09303,0.09312,0.09302,0.09312,0.09304,0.09312,0.09302,0.09312,0,0.00007512,0,0,-1.9999999999992246e-05,-0.00021477663230232225
1698140100000,2023-10-24T09:35:00Z,0.0931,0.09318,0.0931,0.09315,30838,2872.75243,0.09312,0.09317,0.09311,0.09315,0.09312,0.09319,0.09311,0.09316,0,0,0,0,-1.0000000000010001e-05,-0.00010734220695588235
1698140400000,2023-10-24T09:40:00Z,0.09315,0.09321,0.09314,0.09319,37212,3466.78928,0.09315,0.09323,0.09315,0.09319,0.09316,0.09322,0.09315,0.09318,0,0,0,0,9.999999999996123e-06,0.0001073191672032209
1698140700000,2023-10-24T09:45:00Z,0.09319,0.09324,0.09307,0.09308,145906,13595.58878,0.09319,0.09324,0.09307,0.0931,0.09318,0.09324,0.09307,0.09311,0,0,0,0,-3.0000000000002247e-05,-0.00032219954892065563
1698141000000,2023-10-24T09:50:00Z,0.09308,0.09313,0.09308,0.09313,72896,6786.95581,0.0931,0.09315,0.09309,0.09312,0.09311,0.09316,0.0931,0.09311,0,0,0,0,2.0000000000006124e-05,0.0002147996992804868
1698141300000,2023-10-24T09:55:00Z,0.09313,0.09314,0.09308,0.09311,112695,10491.86403,0.09312,0.0932,0.09307,0.0932,0.09311,0.0932,0.09306,0.0932,0,0,0,0,-9.000000000000674e-05,-0.0009656652360515744
1698141600000,2023-10-24T10:00:00Z,0.09311,0.09327,0.09311,0.09327,57989,5407.78831,0.0932,0.09328,0.09319,0.09326,0.0932,0.09328,0.09319,0.09325,0,0.0000473,0,0,2.0000000000006124e-05,0.0002144772117963123
1698141900000,2023-10-24T10:05:00Z,0.09327,0.09331,0.09326,0.09328,61658,5752.44827,0.09326,0.09331,0.09325,0.09326,0.09325,0.09331,0.09324,0.09325,0,0,0,0,3.0000000000002247e-05,0.00032171581769439405
1698142200000,2023-10-24T10:10:00Z,0.09328,0.09328,0.09307,0.09307,80863,7531.82979,0.09326,0.09327,0.09307,0.09308,0.09325,0.09326,0.09306,0.09307,0,0,0,0,0.0,0.0
1698142500000,2023-10-24T10:15:00Z,0.09307,0.0931,0.09305,0.09306,19633,1827.24365,0.09308,0.0931,0.09305,0.09306,0.09307,0.09309,0.09304,0.09305,0,0,0,0,1.0000000000010001e-05,0.0001074691026331005
1698142800000,2023-10-24T10:20:00Z,0.09306,0.09306,0.09299,0.09304,18529,1723.59425,0.09306,0.09308,0.09301,0.09307,0.09305,0.09308,0.09301,0.09307,0,0.00004987,0,0.00004987,-3.0000000000002247e-05,-0.0003223380251423901
1698143100000,2023-10-24T10:25:00Z,0.09304,0.0932,0.09304,0.0932,25548,2379.32419,0.09307,0.09322,0.09307,0.09322,0.09307,0.09323,0.09307,0.09322,0.00004987,0,0,0,-1.9999999999992246e-05,-0.0002145462347134976
1698143400000,2023-10-24T10:30:00Z,0.0932,0.09321,0.09316,0.09316,28704,2675.13535,0.09322,0.09323,0.09316,0.09316,0.09322,0.09324,0.09317,0.09317,0,0,0,0,-9.999999999996123e-06,-0.00010733068584304092
1698143700000,2023-10-24T10:35:00Z,0.09316,0.09319,0.09316,0.09318,35768,3332.39675,0.09316,0.09322,0.09316,0.0932,0.09317,0.09323,0.09316,0.09321,0,0,0,0,-3.0000000000002247e-05,-0.0003218538783392581
1698144000000,2023-10-24T10:40:00Z,0.09318,0.09325,0.09318,0.09325,96079,8956.04327,0.0932,0.09324,0.09318,0.09324,0.09321,0.09324,0.09319,0.09323,0,0.00010416,0.00002811,0.00010416,2.0000000000006124e-05,0.00021452322213886223
1698144300000,2023-10-24T10:45:00Z,0.09325,0.09337,0.09324,0.09334,103851,9692.25917,0.09324,0.09334,0.09323,0.09334,0.09323,0.09333,0.09322,0.09333,0.00010416,0,0,0,1.0000000000010001e-05,0.00010714668381024323
1698144600000,2023-10-24T10:50:00Z,0.09334,0.09338,0.09329,0.09336,213992,19976.98143,0.09334,0.09338,0.09331,0.09337,0.09333,0.09337,0.0933,0.09336,0,0.00010511,0,0,0.0,0.0
1698144900000,2023-10-24T10:55:00Z,0.09336,0.09342,0.09335,0.09336,105700,9871.16001,0.09337,0.0934,0.09333,0.09335,0.09336,0.09339,0.09332,0.09332,0,0.00012735,0.00010144,0.00010144,3.999999999999837e-05,0.00042863266180881237
1698145200000,2023-10-24T11:00:00Z,0.09336,0.09343,0.09326,0.09331,223555,20866.40435,0.09335,0.09341,0.09325,0.09331,0.09332,0.09338,0.09323,0.09328,0.00010144,0,0,0,3.0000000000002247e-05,0.0003216123499142608
1698145500000,2023-10-24T11:05:00Z,0.09331,0.09338,0.09327,0.09338,33427,3119.57397,0.09331,0.0934,0.09326,0.09339,0.09328,0.09339,0.09324,0.09339,0,0.00003,0,0.00003,-9.999999999996123e-06,-0.00010707784559370514
1698145800000,2023-10-24T11:10:00Z,0.09338,0.0935,0.09338,0.09345,100926,9432.03272,0.09339,0.0935,0.09338,0.09344,0.09339,0.09351,0.09337,0.09344,0.00003,0.00000792,0,0.00000792,1.0000000000010001e-05,0.00010702054794531251
1698146100000,2023-10-24T11:15:00Z,0.09345,0.09357,0.09341,0.09347,151607,14174.98617,0.09344,0.09356,0.09341,0.09347,0.09344,0.09355,0.0934,0.09346,0.00000792,0,0,0,9.999999999996123e-06,0.00010699764605174538
1698146400000,2023-10-24T11:20:00Z,0.09347,0.09348,0.09328,0.09335,402663,37616.20357,0.09347,0.09347,0.09327,0.09335,0.09346,0.09346,0.09325,0.09333,0,0.00010249,0,0,2.0000000000006124e-05,0.00021429336762033777
1698146700000,2023-10-24T11:25:00Z,0.09335,0.09336,0.09326,0.0933,41151,3840.07785,0.09335,0.09338,0.09327,0.0933,0.09333,0.09337,0.09326,0.09329,0,0,-0.0000793,0,9.999999999996123e-06,0.0001071926251473483
1698147000000,2023-10-24T11:30:00Z,0.0933,0.09342,0.0933,0.09341,51602,4816.45993,0.0933,0.09344,0.09329,0.09342,0.09329,0.09343,0.09328,0.09341,0,0,0,0,0.0,0.0
1698147300000,2023-10-24T11:35:00Z,0.09341,0.09341,0.09326,0.0933,61346,5723.90732,0.09342,0.09342,0.09326,0.09334,0.09341,0.09341,0.09325,0.09334,0,0,-0.00001747,-0.00001747,-4.000000000001225e-05,-0.00042854081851309453
1698147600000,2023-10-24T11:40:00Z,0.0933,0.09335,0.09328,0.09328,76128,7103.25128,0.09334,0.09336,0.09328,0.0933,0.09334,0.09338,0.09329,0.09332,-0.00001747,0,-0.000071,0,-3.999999999999837e-05,-0.00042863266180881237
1698147900000,2023-10-24T11:45:00Z,0.09328,0.09343,0.09326,0.09343,103980,9700.9198,0.0933,0.09346,0.09326,0.09346,0.09332,0.09347,0.09326,0.09347,0,0,0,0,-3.999999999999837e-05,-0.0004279447951214119
1698148200000,2023-10-24T11:50:00Z,0.09343,0.09354,0.09343,0.09354,14711,1375.6375,0.09346,0.09354,0.09344,0.09351,0.09347,0.09355,0.09345,0.09351,0,0,0,0,3.0000000000002247e-05,0.00032082130253451236
1698148500000,2023-10-24T11:55:00Z,0.09354,0.09356,0.09346,0.09346,59271,5543.45416,0.09351,0.09356,0.09344,0.0935,0.09351,0.09356,0.09343,0.0935,0,0,0,0,-3.999999999999837e-05,-0.0004278074866309986
1698148800000,2023-10-24T12:00:00Z,0.09346,0.09364,0.09346,0.09364,566002,52957.35215,0.0935,0.09361,0.09347,0.0936,0.0935,0.0936,0.09345,0.09359,0,0.0003988,0,0,4.999999999999449e-05,0.0005342451116571694
1698149100000,2023-10-24T12:05:00Z,0.09364,0.09364,0.09347,0.09355,116641,10914.33411,0.0936,0.09361,0.09349,0.09355,0.09359,0.0936,0.09349,0.09355,0,0.00029648,0,0,0.0,0.0
1698149400000,2023-10-24T12:10:00Z,0.09355,0.09367,0.09345,0.0936,45020,4211.06712,0.09355,0.09364,0.09345,0.09361,0.09355,0.09363,0.09344,0.09361,0,0.00006185,0.00004863,0.00006185,-9.999999999996123e-06,-0.00010682619378267411
1698149700000,2023-10-24T12:15:00Z,0.0936,0.09366,0.09354,0.0936,357771,33500.4124,0.09361,0.09365,0.09354,0.09358,0.09361,0.09364,0.09353,0.09358,0.00006185,0,0,0,2.0000000000006124e-05,0.00021372088053009324
1698150000000,2023-10-24T12:20:00Z,0.0936,0.0938,0.0936,0.09375,417276,39130.74373,0.09358,0.09379,0.09358,0.09375,0.09358,0.09377,0.09358,0.09375,0,0.00013801,0,0,0.0,0.0
1698150300000,2023-10-24T12:25:00Z,0.09375,0.09387,0.09367,0.09372,103748,9733.55913,0.09375,0.09386,0.09366,0.09372,0.09375,0.09384,0.09363,0.09371,0,0,0,0,9.999999999996123e-06,0.00010671219720409906
1698150600000,2023-10-24T12:30:00Z,0.09372,0.09381,0.0936,0.09373,225215,21097.93724,0.09372,0.0938,0.09358,0.09374,0.09371,0.09377,0.09355,0.09373,0,0.00014895,0.00014191,0.00014191,0.0,0.0
1698150900000,2023-10-24T12:35:00Z,0.09373,0.09392,0.09373,0.09392,124517,11688.38123,0.09374,0.09392,0.09373,0.09392,0.09373,0.0939,0.09372,0.09388,0.00014191,0.00029157,0.0002131,0.00029157,3.999999999999837e-05,0.0004260758414997696
1698151200000,2023-10-24T12:40:00Z,0.09392,0.09395,0.09381,0.09393,344496,32347.01296,0.09392,0.09393,0.09381,0.09393,0.09388,0.09389,0.09376,0.09389,0.00029157,0.00046637,0.0001766,0.0001766,3.999999999999837e-05,0.00042603046117795687
1698151500000,2023-10-24T12:45:00Z,0.09393,0.09398,0.0938,0.0938,157616,14801.21751,0.09393,0.09398,0.09377,0.09378,0.09389,0.09395,0.09374,0.09375,0.0001766,0.00015242,0,0.00015242,4.999999999999449e-05,0.0005333333333332746
1698151800000,2023-10-24T12:50:00Z,0.0938,0.09391,0.09362,0.09364,138910,13018.38618,0.09378,0.09388,0.09364,0.09365,0.09375,0.09385,0.09363,0.09365,0.00015242,0.00001758,0,0,-9.999999999996123e-06,-0.00010678056593695807
1698152100000,2023-10-24T12:55:00Z,0.09364,0.09369,0.09353,0.09361,418725,39191.82082,0.09365,0.09369,0.09354,0.09362,0.09365,0.09368,0.09354,0.09362,0,0.00003035,-0.00017403,0.00003035,-9.999999999996123e-06,-0.00010681478316594877
1698152400000,2023-10-24T13:00:00Z,0.09361,0.09361,0.09339,0.0934,168131,15711.36113,0.09362,0.09362,0.09341,0.09343,0.09362,0.09362,0.09341,0.09343,0.00003035,0,-0.00004557,-0.00004557,-3.0000000000002247e-05,-0.00032109600770632824
1698152700000,2023-10-24T13:05:00Z,0.0934,0.09352,0.09338,0.09339,235556,22007.10374,0.09343,0.09353,0.09338,0.09341,0.09343,0.09355,0.09341,0.09345,-0.00004557,-0.00026617,-0.00027649,-0.00027649,-6.0000000000004494e-05,-0.0006420545746388923
1698153000000,2023-10-24T13:10:00Z,0.09339,0.09341,0.09302,0.09329,357856,33356.0298,0.09341,0.09342,0.09306,0.09328,0.09345,0.09346,0.09311,0.09336,-0.00027649,-0.0002545,-0.0004346,-0.0002545,-7.000000000000062e-05,-0.000749785775492723
1698153300000,2023-10-24T13:15:00Z,0.09329,0.09337,0.09322,0.09332,106194,9909.85409,0.09328,0.09337,0.09325,0.09332,0.09336,0.09342,0.09329,0.09336,-0.0002545,-0.00026624,-0.00026922,-0.00026922,-3.999999999999837e-05,-0.00042844901456724906
1698153600000,2023-10-24T13:20:00Z,0.09332,0.09341,0.09328,0.09341,199610,18634.27027,0.09332,0.09341,0.09328,0.09341,0.09336,0.09344,0.09331,0.09341,-0.00026922,-0.00010783,-0.00017578,-0.00010783,0.0,0.0
1698153900000,2023-10-24T13:25:00Z,0.09341,0.09343,0.09337,0.0934,11890,1110.4405,0.09341,0.09343,0.09337,0.0934,0.09341,0.09346,0.09339,0.09342,-0.00010783,0,0,0,-2.0000000000006124e-05,-0.00021408691928929697
1698154200000,2023-10-24T13:30:00Z,0.0934,0.09342,0.09333,0.09341,464495,43377.94186,0.0934,0.09342,0.09335,0.0934,0.09342,0.09345,0.09337,0.0934,0,0,-0.00005643,0,1.0000000000010001e-05,0.00010706638115642399
1698154500000,2023-10-24T13:35:00Z,0.09341,0.09343,0.09329,0.09329,173720,16218.39227,0.0934,0.09343,0.09329,0.0933,0.0934,0.09344,0.09329,0.09332,0,0,0,0,-3.0000000000002247e-05,-0.00032147449635664646
1698154800000,2023-10-24T13:40:00Z,0.09329,0.09335,0.09329,0.09331,57112,5330.22083,0.0933,0.09338,0.09329,0.09332,0.09332,0.09339,0.0933,0.09334,0,0,-0.0001309,-0.0001309,-3.0000000000002247e-05,-0.00032140561388474656
1698155100000,2023-10-24T13:45:00Z,0.09331,0.09334,0.09321,0.0933,25226,2352.89291,0.09332,0.09337,0.09324,0.0933,0.09334,0.09339,0.09326,0.0933,-0.0001309,0,-0.00003234,-0.00003234,0.0,0.0
1698155400000,2023-10-24T13:50:00Z,0.0933,0.09338,0.09313,0.09338,159495,14864.1359,0.0933,0.09338,0.09315,0.09338,0.0933,0.0934,0.09318,0.09339,-0.00003234,-0.00008552,-0.00009132,-0.00009132,-9.999999999996123e-06,-0.00010707784559370514
1698155700000,2023-10-24T13:55:00Z,0.09338,0.09344,0.09336,0.09337,63242,5907.1812,0.09338,0.09344,0.09336,0.09336,0.09339,0.09345,0.09336,0.09336,-0.00009132,-0.00003693,-0.00015308,-0.00015308,9.999999999996123e-06,0.0001071122536417751
1698156000000,2023-10-24T14:00:00Z,0.09337,0.09343,0.09327,0.09328,59924,5596.91325,0.09336,0.09345,0.09328,0.09328,0.09336,0.09347,0.09329,0.09329,-0.00015308,0,0,0,-9.999999999996123e-06,-0.0001071926251473483
1698156300000,2023-10-24T14:05:00Z,0.09328,0.09328,0.09315,0.09319,72896,6793.74222,0.09328,0.09328,0.09315,0.09319,0.09329,0.09329,0.09315,0.09321,0,0,0,0,-2.0000000000006124e-05,-0.0002145692522262217
1698156600000,2023-10-24T14:10:00Z,0.09319,0.09324,0.09315,0.09315,135262,12602.39935,0.09319,0.09324,0.09315,0.09315,0.09321,0.09326,0.09316,0.09317,0,0,-0.00000332,-0.00000332,-2.0000000000006124e-05,-0.0002146613716862308
1698156900000,2023-10-24T14:15:00Z,0.09315,0.09323,0.09298,0.09302,484877,45129.98432,0.09315,0.09324,0.09302,0.09302,0.09317,0.09327,0.09305,0.09305,-0.00000332,-0.00007202,-0.00025069,-0.00007202,-2.999999999998837e-05,-0.00032240730789885407
1698157200000,2023-10-24T14:20:00Z,0.09302,0.09305,0.0928,0.09296,605260,56214.97432,0.09302,0.09306,0.09284,0.09297,0.09305,0.09309,0.09288,0.09303,-0.00007202,-0.00024846,-0.00032813,-0.00024846,-7.000000000000062e-05,-0.000752445447705048
1698157500000,2023-10-24T14:25:00Z,0.09296,0.09315,0.09295,0.09308,109894,10221.81627,0.09297,0.09316,0.09296,0.09308,0.09303,0.09322,0.09302,0.09313,-0.00024846,-0.0003896,-0.00043294,-0.00043294,-5.000000000000837e-05,-0.0005368839256953545
1698157800000,2023-10-24T14:30:00Z,0.09308,0.09311,0.09298,0.09299,64273,5978.03344,0.09308,0.09311,0.093,0.09301,0.09313,0.09314,0.09303,0.09306,-0.00043294,-0.00034218,-0.00037501,-0.00037501,-7.000000000000062e-05,-0.000752202879862461
1698158100000,2023-10-24T14:35:00Z,0.09299,0.09325,0.09298,0.09325,78354,7294.40342,0.09301,0.09327,0.09298,0.09325,0.09306,0.09332,0.09303,0.0933,-0.00037501,-0.00014918,-0.00030243,-0.00030243,-4.999999999999449e-05,-0.0005359056806001554
1698158400000,2023-10-24T14:40:00Z,0.09325,0.09325,0.09315,0.09321,48707,4538.48861,0.09325,0.09326,0.09316,0.09326,0.0933,0.09332,0.09321,0.09332,-0.00030243,-0.00026308,-0.00062833,-0.00026308,-0.00010999999999999899,-0.0011787398199742713
1698158700000,2023-10-24T14:45:00Z,0.09321,0.09336,0.09321,0.09328,55781,5204.58211,0.09326,0.09336,0.09325,0.09328,0.09332,0.09342,0.0933,0.09332,-0.00026308,-0.00040884,-0.00049705,-0.00040884,-3.999999999999837e-05,-0.00042863266180881237
1698159000000,2023-10-24T14:50:00Z,0.09328,0.09339,0.09327,0.09336,154783,14448.5813,0.09328,0.09339,0.09328,0.09336,0.09332,0.09341,0.09331,0.0934,-0.00040884,-0.00004819,-0.00005764,-0.00004819,-3.999999999999837e-05,-0.00042826552462525025
1698159300000,2023-10-24T14:55:00Z,0.09336,0.09336,0.09333,0.09336,7007,654.03225,0.09336,0.09339,0.09333,0.09338,0.0934,0.09342,0.09334,0.09341,-0.00004819,0,0,0,-5.000000000000837e-05,-0.0005352745958677697
1698159600000,2023-10-24T15:00:00Z,0.09336,0.09341,0.09336,0.09339,30565,2854.44721,0.09338,0.09341,0.09336,0.09341,0.09341,0.09344,0.09336,0.09344,0,0,-0.00002055,-0.00002055,-4.999999999999449e-05,-0.0005351027397259685
1698159900000,2023-10-24T15:05:00Z,0.09339,0.0935,0.09339,0.0934,56886,5316.68679,0.09341,0.09351,0.09339,0.0934,0.09344,0.09353,0.0934,0.09341,-0.00002055,0,-0.00007785,0,-1.0000000000010001e-05,-0.00010705491917364308
1698160200000,2023-10-24T15:10:00Z,0.0934,0.09342,0.09328,0.0933,345115,32204.92373,0.0934,0.09342,0.09328,0.09332,0.09341,0.09342,0.09329,0.09332,0,0,0,0,-2.0000000000006124e-05,-0.00021431633090448053
1698160500000,2023-10-24T15:15:00Z,0.0933,0.09339,0.0931,0.09312,166048,15476.72107,0.09332,0.09341,0.09312,0.09315,0.09332,0.09341,0.09312,0.09316,0,0,-0.00004193,-0.00004193,-4.000000000001225e-05,-0.00042936882782323147
1698160800000,2023-10-24T15:20:00Z,0.09312,0.09317,0.09289,0.09294,292419,27207.88505,0.09315,0.09321,0.09291,0.09294,0.09316,0.09323,0.09294,0.09296,-0.00004193,-0.00005937,-0.00026539,-0.00005937,-2.0000000000006124e-05,-0.00021514629948371475
1698161100000,2023-10-24T15:25:00Z,0.09294,0.09384,0.09264,0.09276,7414377,690598.68808,0.09294,0.09298,0.0927,0.09277,0.09296,0.093,0.09274,0.09281,-0.00005937,0,0,0,-5.000000000000837e-05,-0.0005387350501024498
1698161400000,2023-10-24T15:30:00Z,0.09276,0.09276,0.09187,0.09243,7352372,678466.70474,0.09277,0.09278,0.09201,0.09247,0.09281,0.09281,0.09203,0.09255,0,-0.00026463,-0.00035977,-0.00026463,-0.00011999999999999511,-0.0012965964343597527
1698161700000,2023-10-24T15:35:00Z,0.09243,0.09248,0.09171,0.09172,1653448,152162.22541,0.09247,0.09248,0.09175,0.09175,0.09255,0.09255,0.09183,0.09184,-0.00026463,-0.0006595,-0.00119331,-0.0006595,-0.00012000000000000899,-0.0013066202090593314
1698162000000,2023-10-24T15:40:00Z,0.09172,0.09207,0.0917,0.09192,1041620,95753.82494,0.09175,0.09207,0.09175,0.09193,0.09184,0.09216,0.09184,0.09198,-0.0006595,-0.00053179,-0.0006281,-0.00053179,-6.0000000000004494e-05,-0.0006523157208089204
1698162300000,2023-10-24T15:45:00Z,0.09192,0.09226,0.09182,0.09211,272968,25130.25199,0.09193,0.09226,0.09182,0.09213,0.09198,0.0923,0.09191,0.09219,-0.00053179,-0.00026274,-0.00081262,-0.00081262,-7.999999999999674e-05,-0.0008677730773402402
1698162600000,2023-10-24T15:50:00Z,0.09211,0.09223,0.09201,0.09208,231385,21310.67785,0.09213,0.09222,0.09201,0.09209,0.09219,0.09227,0.09207,0.09215,-0.00081262,-0.00051763,-0.00055391,-0.00051763,-7.000000000000062e-05,-0.0007596310363537777
1698162900000,2023-10-24T15:55:00Z,0.09208,0.09213,0.09204,0.09206,134069,12343.85383,0.09209,0.09216,0.09204,0.09206,0.09215,0.09222,0.0921,0.09211,-0.00051763,-0.00051405,-0.00054787,-0.00051405,-4.999999999999449e-05,-0.0005428292259254641
1698163200000,2023-10-24T16:00:00Z,0.09206,0.09207,0.09187,0.09187,305126,28049.07349,0.09206,0.09207,0.09187,0.09187,0.09211,0.09213,0.09192,0.09192,-0.00051405,-0.00046641,-0.00049929,-0.00046641,-5.000000000000837e-05,-0.0005439512619670188
1698163500000,2023-10-24T16:05:00Z,0.09187,0.09218,0.09181,0.0921,158510,14575.8904,0.09187,0.09218,0.09182,0.0921,0.09192,0.09225,0.09187,0.09217,-0.00046641,-0.00025898,-0.00046295,-0.00025898,-7.000000000000062e-05,-0.0007594662037539396
1698163800000,2023-10-24T16:10:00Z,0.0921,0.09233,0.0921,0.09224,188115,17357.34134,0.0921,0.09233,0.0921,0.09224,0.09217,0.09233,0.09217,0.09227,-0.00025898,-0.00041099,-0.00041544,-0.00041099,-3.0000000000002247e-05,-0.0003251327625447301
1698164100000,2023-10-24T16:15:00Z,0.09224,0.09226,0.09209,0.09224,99232,9146.95991,0.09224,0.09226,0.09209,0.09224,0.09227,0.09231,0.09211,0.09228,-0.00041099,-0.00010674,-0.00024972,-0.00010674,-3.999999999999837e-05,-0.00043346337234501916
1698164400000,2023-10-24T16:20:00Z,0.09224,0.09231,0.09221,0.0923,125173,11545.40987,0.09224,0.09234,0.09221,0.0923,0.09228,0.09239,0.09224,0.09234,-0.00010674,-0.00023946,-0.00051992,-0.00051992,-4.000000000001225e-05,-0.0004331817197315599
1698164700000,2023-10-24T16:25:00Z,0.0923,0.0923,0.09211,0.09214,117543,10833.14636,0.0923,0.0923,0.09212,0.09214,0.09234,0.09235,0.09215,0.09217,-0.00051992,-0.00018745,-0.00026973,-0.00026973,-3.0000000000002247e-05,-0.00032548551589456706
1698165000000,2023-10-24T16:30:00Z,0.09214,0.09263,0.09213,0.09258,420824,38924.04261,0.09214,0.09262,0.09213,0.09258,0.09217,0.09266,0.09216,0.09261,-0.00026973,0,-0.00005433,-0.00005433,-3.0000000000002247e-05,-0.0003239390994493278
1698165300000,2023-10-24T16:35:00Z,0.09258,0.09259,0.09248,0.09248,178503,16512.97655,0.09258,0.09259,0.09248,0.09249,0.09261,0.09263,0.09252,0.09255,-0.00005433,-0.00024951,-0.00025688,-0.00025688,-6.999999999998674e-05,-0.0007563479200430767
1698165600000,2023-10-24T16:40:00Z,0.09248,0.09255,0.09243,0.09252,39761,3677.22826,0.09249,0.09255,0.09243,0.09252,0.09255,0.0926,0.09246,0.09257,-0.00025688,0,-0.00019623,-0.00019623,-4.999999999999449e-05,-0.0005401317921572269
1698165900000,2023-10-24T16:45:00Z,0.09252,0.09252,0.09239,0.09247,118048,10911.48432,0.09252,0.09252,0.09239,0.09248,0.09257,0.09257,0.09242,0.09253,-0.00019623,0,0,0,-6.0000000000004494e-05,-0.0006484383443208094
1698166200000,2023-10-24T16:50:00Z,0.09247,0.09251,0.09245,0.0925,37466,3465.28716,0.09248,0.09251,0.09247,0.0925,0.09253,0.09256,0.09251,0.09252,0,-0.00030371,-0.00036495,-0.00036495,-2.0000000000006124e-05,-0.00021616947686993216
1698166500000,2023-10-24T16:55:00Z,0.0925,0.09252,0.09232,0.0924,108770,10046.72427,0.0925,0.09252,0.09233,0.0924,0.09252,0.09255,0.09236,0.09245,-0.00036495,-0.000103,-0.00027544,-0.000103,-5.000000000000837e-05,-0.000540832882639355
1698166800000,2023-10-24T17:00:00Z,0.0924,0.09244,0.09231,0.09235,151623,14007.75576,0.0924,0.09245,0.09232,0.0924,0.09245,0.0925,0.09237,0.09245,-0.000103,-0.00010004,-0.00050302,-0.00050302,-0.00010000000000000286,-0.0010816657652785598
1698167100000,2023-10-24T17:05:00Z,0.09235,0.09251,0.09235,0.09249,70009,6472.04131,0.0924,0.09254,0.0924,0.09252,0.09245,0.0926,0.09244,0.09259,-0.00050302,-0.00015746,-0.00024392,-0.00024392,-0.00010000000000000286,-0.0010800302408467747
1698167400000,2023-10-24T17:10:00Z,0.09249,0.0925,0.09231,0.09241,79566,7353.86486,0.09252,0.09253,0.09231,0.09241,0.09259,0.09259,0.09237,0.09246,-0.00024392,-0.00015846,-0.00044919,-0.00015846,-4.999999999999449e-05,-0.000540774388924881
1698167700000,2023-10-24T17:15:00Z,0.09241,0.09246,0.09232,0.09245,72197,6667.30282,0.09241,0.0925,0.09234,0.09247,0.09246,0.09258,0.0924,0.09255,-0.00015846,-0.00074611,-0.00090694,-0.00074611,-9.999999999998899e-05,-0.0010804970286330522
1698168000000,2023-10-24T17:20:00Z,0.09245,0.0925,0.09232,0.09232,48586,4491.177,0.09247,0.0925,0.09232,0.09236,0.09255,0.09256,0.09237,0.09243,-0.00074611,-0.00032348,-0.00039664,-0.00032348,-0.00010999999999999899,-0.0011900897976847235
1698168300000,2023-10-24T17:25:00Z,0.09232,0.09245,0.09232,0.09245,45617,4213.6031,0.09236,0.09245,0.09234,0.09245,0.09243,0.09251,0.09239,0.09249,-0.00032348,-0.00046717,-0.00051082,-0.00046717,-3.999999999999837e-05,-0.00043247918693911094
1698168600000,2023-10-24T17:30:00Z,0.09245,0.09245,0.09228,0.09229,25276,2333.63281,0.09245,0.09245,0.09228,0.09229,0.09249,0.09249,0.09232,0.09235,-0.00046717,0,-0.00001667,-0.00001667,-6.0000000000004494e-05,-0.0006497022198159664
1698168900000,2023-10-24T17:35:00Z,0.09229,0.09237,0.09229,0.09234,35010,3232.89738,0.09229,0.09238,0.09229,0.09234,0.09235,0.09243,0.09235,0.09237,-0.00001667,-0.00005108,-0.00015162,-0.00005108,-2.999999999998837e-05,-0.0003247807729781138
1698169200000,2023-10-24T17:40:00Z,0.09234,0.09236,0.09227,0.0923,7358,679.20309,0.09234,0.09237,0.09227,0.0923,0.09237,0.09242,0.09231,0.09232,-0.00005108,-0.00021028,-0.00021078,-0.00021078,-2.0000000000006124e-05,-0.00021663778162918246
1698169500000,2023-10-24T17:45:00Z,0.0923,0.09235,0.09222,0.0923,505507,46655.8019,0.0923,0.09235,0.09222,0.0923,0.09232,0.09239,0.09227,0.09235,-0.00021078,-0.0003173,-0.00053347,-0.0003173,-5.000000000000837e-05,-0.0005414185165133554
1698169800000,2023-10-24T17:50:00Z,0.0923,0.09236,0.09225,0.09229,375527,34673.34399,0.0923,0.09236,0.09225,0.0923,0.09235,0.0924,0.0923,0.09235,-0.0003173,-0.0000971,-0.00046697,-0.0000971,-6.0000000000004494e-05,-0.0006497022198159664
1698170100000,2023-10-24T17:55:00Z,0.09229,0.0923,0.09221,0.09222,43417,4005.67958,0.0923,0.0923,0.09222,0.09224,0.09235,0.09235,0.09225,0.09228,-0.0000971,-0.00009213,-0.0001126,-0.00009213,-6.0000000000004494e-05,-0.000650195058517604
1698170400000,2023-10-24T18:00:00Z,0.09222,0.09225,0.0921,0.0921,106606,9825.27674,0.09224,0.09225,0.09211,0.09211,0.09228,0.09229,0.09214,0.09215,-0.00009213,0,-0.00022925,-0.00022925,-4.999999999999449e-05,-0.000542593597395491
1698170700000,2023-10-24T18:05:00Z,0.0921,0.0921,0.09199,0.09199,63397,5835.91257,0.09211,0.09212,0.09201,0.09201,0.09215,0.09216,0.09206,0.09206,-0.00022925,-0.00015867,-0.00056381,-0.00056381,-7.000000000000062e-05,-0.0007603736693460853
1698171000000,2023-10-24T18:10:00Z,0.09199,0.09214,0.09199,0.09208,122513,11279.63257,0.09201,0.09214,0.09199,0.09209,0.09206,0.09217,0.09205,0.09215,-0.00056381,-0.00009869,-0.00051568,-0.00009869,-7.000000000000062e-05,-0.0007596310363537777
1698171300000,2023-10-24T18:15:00Z,0.09208,0.09212,0.09197,0.09202,15115,1391.29437,0.09209,0.09212,0.09198,0.09203,0.09215,0.09217,0.09203,0.09209,-0.00009869,0,-0.00026051,0,-7.000000000000062e-05,-0.0007601259637311392
1698171600000,2023-10-24T18:20:00Z,0.09202,0.09202,0.0918,0.09184,187365,17209.19806,0.09203,0.09203,0.09181,0.09186,0.09209,0.09209,0.09187,0.09192,0,-0.00038573,-0.00065267,-0.00065267,-7.999999999999674e-05,-0.0008703220191470489
1698171900000,2023-10-24T18:25:00Z,0.09184,0.09191,0.09179,0.0919,120706,11086.0722,0.09186,0.09193,0.09179,0.09191,0.09192,0.092,0.09185,0.09198,-0.00065267,-0.00037045,-0.00041622,-0.00037045,-8.000000000001062e-05,-0.0008697542944119441
1698172200000,2023-10-24T18:30:00Z,0.0919,0.09205,0.09183,0.09205,149468,13736.10502,0.09191,0.09205,0.09187,0.09205,0.09198,0.09211,0.09193,0.09211,-0.00037045,-0.000502,-0.00052556,-0.00052556,-5.9999999999990616e-05,-0.0006513950711105268
1698172500000,2023-10-24T18:35:00Z,0.09205,0.09209,0.09204,0.09206,80685,7427.91218,0.09205,0.09211,0.09205,0.09209,0.09211,0.09218,0.0921,0.09217,-0.00052556,-0.00062342,-0.00073656,-0.00073656,-0.00010999999999999899,-0.0011934468916133122
1698172800000,2023-10-24T18:40:00Z,0.09206,0.09214,0.09206,0.09213,17348,1597.99121,0.09209,0.09214,0.09209,0.09213,0.09217,0.09222,0.09216,0.09219,-0.00073656,-0.00045741,-0.00045856,-0.00045856,-5.9999999999990616e-05,-0.0006508298080051049
1698173100000,2023-10-24T18:45:00Z,0.09213,0.09219,0.09212,0.09217,50711,4674.05505,0.09213,0.09219,0.09212,0.09217,0.09219,0.09224,0.09216,0.09222,-0.00045856,-0.00029862,-0.0005122,-0.0005122,-4.999999999999449e-05,-0.0005421817393189601
1698173400000,2023-10-24T18:50:00Z,0.09217,0.09228,0.09217,0.09224,74986,6917.23295,0.09217,0.09228,0.09217,0.09226,0.09222,0.09232,0.09222,0.09231,-0.0005122,-0.00003402,-0.00021601,-0.00021601,-7.000000000000062e-05,-0.0007583143754739531
1698173700000,2023-10-24T18:55:00Z,0.09224,0.09224,0.09215,0.0922,180822,16669.65431,0.09226,0.09226,0.09215,0.09221,0.09231,0.09231,0.09218,0.09226,-0.00021601,-0.00002819,-0.00008553,-0.00008553,-5.9999999999990616e-05,-0.0006503360069368158
1698174000000,2023-10-24T19:00:00Z,0.0922,0.09222,0.09216,0.09222,16150,1488.89758,0.09221,0.09227,0.09216,0.09226,0.09226,0.09231,0.09219,0.0923,-0.00008553,-0.00001659,-0.00004477,-0.00004477,-7.999999999999674e-05,-0.0008667388949078738
1698174300000,2023-10-24T19:05:00Z,0.09222,0.09224,0.09206,0.09213,57842,5329.97983,0.09226,0.09226,0.09206,0.0922,0.0923,0.0923,0.0921,0.09225,-0.00004477,0,-0.00037003,-0.00037003,-0.00011999999999999511,-0.0013008130081300284
1698174600000,2023-10-24T19:10:00Z,0.09213,0.09227,0.09213,0.09218,10295,949.33272,0.0922,0.09227,0.09218,0.09218,0.09225,0.09232,0.09221,0.09223,-0.00037003,-0.00034807,-0.00038935,-0.00034807,-5.000000000000837e-05,-0.0005421229534859413
1698174900000,2023-10-24T19:15:00Z,0.09218,0.09218,0.09208,0.09208,17633,1624.64157,0.09218,0.0922,0.09208,0.0921,0.09223,0.09225,0.09213,0.09215,-0.00034807,-0.00029175,-0.00045326,-0.00029175,-7.000000000000062e-05,-0.0007596310363537777
1698175200000,2023-10-24T19:20:00Z,0.09208,0.09219,0.09208,0.09216,17272,1591.36416,0.0921,0.09222,0.0921,0.09216,0.09215,0.09228,0.09214,0.09223,-0.00029175,-0.00042872,-0.00047631,-0.00047631,-7.000000000000062e-05,-0.0007589721348801975
1698175500000,2023-10-24T19:25:00Z,0.09216,0.09221,0.09216,0.09221,2251,207.4743,0.09216,0.09226,0.09216,0.09225,0.09223,0.09234,0.09222,0.09233,-0.00047631,-0.00037135,-0.00050996,-0.00037135,-0.00011999999999999511,-0.0012996859092385478
1698175800000,2023-10-24T19:30:00Z,0.09221,0.09232,0.09221,0.09228,21444,1978.88917,0.09225,0.09232,0.09225,0.09228,0.09233,0.09236,0.09229,0.0923,-0.00037135,-0.00013872,-0.00054261,-0.00054261,-1.9999999999992246e-05,-0.00021668472372689325
1698176100000,2023-10-24T19:35:00Z,0.09228,0.09228,0.09218,0.09227,6609,609.61508,0.09228,0.09229,0.09218,0.09229,0.0923,0.09235,0.09223,0.09235,-0.00054261,0,-0.00008289,-0.00008289,-7.999999999999674e-05,-0.0008662696264211883
1698176400000,2023-10-24T19:40:00Z,0.09227,0.09233,0.0922,0.09225,30811,2841.76446,0.09229,0.09233,0.0922,0.09225,0.09235,0.09238,0.09223,0.0923,-0.00008289,0,-0.00025661,0,-4.999999999999449e-05,-0.0005417118093173835
1698176700000,2023-10-24T19:45:00Z,0.09225,0.09229,0.09222,0.09227,46537,4292.74915,0.09225,0.09231,0.09223,0.09228,0.0923,0.09237,0.09229,0.09234,0,-0.00045959,-0.00064944,-0.00045959,-7.000000000000062e-05,-0.0007580680095300045
1698177000000,2023-10-24T19:50:00Z,0.09227,0.09236,0.0922,0.09221,121409,11206.49657,0.09228,0.09236,0.0922,0.09222,0.09234,0.09241,0.09224,0.09227,-0.00045959,-0.00024014,-0.00029796,-0.00029796,-6.0000000000004494e-05,-0.0006502655250894602
1698177300000,2023-10-24T19:55:00Z,0.09221,0.09231,0.09221,0.09226,9375,865.05468,0.09222,0.09231,0.09221,0.09226,0.09227,0.09235,0.09226,0.0923,-0.00029796,0,-0.00015444,-0.00015444,-3.999999999999837e-05,-0.0004333694474539369
1698177600000,2023-10-24T20:00:00Z,0.09226,0.09232,0.09206,0.09211,290886,26814.37897,0.09226,0.09234,0.09206,0.09214,0.0923,0.09239,0.0921,0.09219,-0.00015444,-0.00001096,-0.00024845,-0.00024845,-7.999999999999674e-05,-0.0008677730773402402
1698177900000,2023-10-24T20:05:00Z,0.09211,0.09215,0.09207,0.09207,15444,1422.75307,0.09214,0.09217,0.09209,0.09215,0.09219,0.09224,0.09215,0.09222,-0.00024845,-0.00051892,-0.00070585,-0.00070585,-0.00014999999999999736,-0.0016265452179570305
1698178200000,2023-10-24T20:10:00Z,0.09207,0.09227,0.09207,0.09221,155292,14321.61582,0.09215,0.09228,0.09215,0.09223,0.09222,0.09235,0.09222,0.09229,-0.00070585,-0.00023731,-0.00072132,-0.00023731,-7.999999999999674e-05,-0.0008668328096218089
1698178500000,2023-10-24T20:15:00Z,0.09221,0.09225,0.0922,0.09221,12759,1176.50548,0.09223,0.09226,0.0922,0.09221,0.09229,0.09232,0.09223,0.09226,-0.00023731,-0.0004068,-0.0007077,-0.0004068,-4.999999999999449e-05,-0.0005419466724473715
1698178800000,2023-10-24T20:20:00Z,0.09221,0.09232,0.0922,0.0922,15829,1460.43948,0.09221,0.09234,0.0922,0.0922,0.09226,0.0924,0.09222,0.09222,-0.0004068,-0.00028702,-0.00062482,-0.00062482,-1.9999999999992246e-05,-0.00021687269572752383
1698179100000,2023-10-24T20:25:00Z,0.0922,0.09228,0.0922,0.09226,99781,9207.55891,0.0922,0.09231,0.0922,0.09229,0.09222,0.09237,0.09222,0.09235,-0.00062482,-0.00058143,-0.00065612,-0.00065612,-9.000000000000674e-05,-0.0009745533297239495
1698179400000,2023-10-24T20:30:00Z,0.09226,0.09231,0.09211,0.09214,51213,4724.69899,0.09229,0.09231,0.09212,0.09215,0.09235,0.09237,0.09217,0.09221,-0.00065612,-0.0004436,-0.00047227,-0.0004436,-7.000000000000062e-05,-0.0007591367530636658
1698179700000,2023-10-24T20:35:00Z,0.09214,0.09224,0.09214,0.09219,159445,14700.27079,0.09215,0.09224,0.09215,0.09219,0.09221,0.0923,0.09221,0.09221,-0.0004436,-0.00017965,-0.00052091,-0.00017965,-2.0000000000006124e-05,-0.00021689621516111186
1698180000000,2023-10-24T20:40:00Z,0.09219,0.09219,0.09205,0.09205,18542,1707.78887,0.09219,0.09221,0.09208,0.09209,0.09221,0.09225,0.09212,0.09214,-0.00017965,-0.00031996,-0.00057668,-0.00057668,-8.999999999999286e-05,-0.0009767744736270117
1698180300000,2023-10-24T20:45:00Z,0.09205,0.09212,0.09205,0.09212,21128,1946.25674,0.09209,0.09213,0.09208,0.09212,0.09214,0.09219,0.09213,0.09214,-0.00057668,-0.0001635,-0.0003257,-0.0003257,-2.0000000000006124e-05,-0.00021706099413941962
1698180600000,2023-10-24T20:50:00Z,0.09212,0.09212,0.09202,0.09203,61848,5694.0331,0.09212,0.09215,0.09203,0.09205,0.09214,0.0922,0.09208,0.09211,-0.0003257,-0.00023088,-0.00057598,-0.00023088,-7.999999999999674e-05,-0.0008685267614808028
1698180900000,2023-10-24T20:55:00Z,0.09203,0.09207,0.09199,0.09207,242428,22306.53269,0.09205,0.09208,0.092,0.09208,0.09211,0.09215,0.09207,0.09215,-0.00023088,-0.00033459,-0.00050168,-0.00050168,-7.999999999999674e-05,-0.0008681497558328459
1698181200000,2023-10-24T21:00:00Z,0.09207,0.09207,0.09193,0.09193,106580,9802.62561,0.09208,0.09208,0.09193,0.09193,0.09215,0.09215,0.09199,0.092,-0.00050168,-0.00073938,-0.00077442,-0.00077442,-7.000000000000062e-05,-0.000760869565217398
1698181500000,2023-10-24T21:05:00Z,0.09193,0.09197,0.09186,0.09186,38162,3506.36666,0.09193,0.09197,0.09186,0.09186,0.092,0.09204,0.09194,0.09194,-0.00077442,-0.00043552,-0.00065231,-0.00065231,-7.999999999999674e-05,-0.000870132695235988
1698181800000,2023-10-24T21:10:00Z,0.09186,0.09196,0.09186,0.09196,24159,2220.31116,0.09186,0.09198,0.09186,0.09198,0.09194,0.09206,0.09193,0.09206,-0.00065231,-0.00058288,-0.00081235,-0.00058288,-0.00010000000000000286,-0.0010862480990658577
1698182100000,2023-10-24T21:15:00Z,0.09196,0.09201,0.09196,0.09201,17316,1593.19331,0.09198,0.09205,0.09197,0.09203,0.09206,0.09214,0.09203,0.09214,-0.00058288,-0.00055551,-0.00069294,-0.00055551,-0.0001300000000000051,-0.001410896461905851
1698182400000,2023-10-24T21:20:00Z,0.09201,0.09212,0.09201,0.09204,36258,3338.94345,0.09203,0.09212,0.09202,0.09204,0.09214,0.0922,0.09209,0.0921,-0.00055551,-0.00045106,-0.0007187,-0.0007187,-6.0000000000004494e-05,-0.0006514657980456514
1698182700000,2023-10-24T21:25:00Z,0.09204,0.09204,0.09192,0.09195,17621,1620.69072,0.09204,0.09204,0.09193,0.09198,0.0921,0.09211,0.09201,0.09208,-0.0007187,-0.00049201,-0.00054474,-0.00054474,-0.00012999999999999123,-0.001411815812337003
1698183000000,2023-10-24T21:30:00Z,0.09195,0.09207,0.09195,0.09207,5605,515.96132,0.09198,0.0921,0.09198,0.09208,0.09208,0.09219,0.09208,0.09217,-0.00054474,-0.00037254,-0.00071674,-0.00071674,-0.00010000000000000286,-0.0010849517196485066
1698183300000,2023-10-24T21:35:00Z,0.09207,0.09207,0.0919,0.09195,65959,6065.0711,0.09208,0.09208,0.0919,0.09195,0.09217,0.09217,0.092,0.09204,-0.00071674,-0.00027211,-0.00031978,-0.00031978,-8.999999999999286e-05,-0.000977835723598358
1698183600000,2023-10-24T21:40:00Z,0.09195,0.09207,0.09191,0.09198,92655,8524.03301,0.09195,0.09203,0.09192,0.09198,0.09204,0.09213,0.09201,0.09207,-0.00031978,-0.00054585,-0.00062698,-0.00054585,-8.999999999999286e-05,-0.0009775171065492872
1698183900000,2023-10-24T21:45:00Z,0.09198,0.09199,0.09181,0.09186,1079123,99133.90058,0.09198,0.09199,0.09187,0.09188,0.09207,0.09208,0.09197,0.09199,-0.00054585,-0.00119691,-0.00152173,-0.00119691,-0.0001300000000000051,-0.0014131970866399076
1698184200000,2023-10-24T21:50:00Z,0.09186,0.0923,0.09186,0.09221,328645,30210.45929,0.09188,0.0923,0.09187,0.09221,0.09199,0.09241,0.09198,0.09232,-0.00119691,-0.00038499,-0.00063669,-0.00063669,-0.00010999999999999899,-0.0011915077989601277
1698184500000,2023-10-24T21:55:00Z,0.09221,0.09233,0.09221,0.09227,131729,12155.79868,0.09221,0.09233,0.09221,0.09227,0.09232,0.09241,0.0923,0.09236,-0.00063669,-0.00025506,-0.00039588,-0.00039588,-8.999999999999286e-05,-0.0009744478129059427
1698184800000,2023-10-24T22:00:00Z,0.09227,0.09227,0.0921,0.09226,82240,7580.18672,0.09227,0.09227,0.0921,0.09226,0.09236,0.09236,0.09212,0.09226,-0.00039588,-0.00015581,-0.00020119,-0.00015581,0.0,0.0
1698185100000,2023-10-24T22:05:00Z,0.09226,0.09231,0.09211,0.09229,69781,6436.72898,0.09226,0.09232,0.09213,0.09229,0.09226,0.09238,0.09219,0.09233,-0.00015581,0,-0.00027905,0,-3.999999999999837e-05,-0.00043322863641284925
1698185400000,2023-10-24T22:10:00Z,0.09229,0.09231,0.09221,0.09224,81494,7518.58287,0.09229,0.09232,0.09222,0.09224,0.09233,0.09237,0.09227,0.09229,0,-0.00031173,-0.00037693,-0.00031173,-4.999999999999449e-05,-0.000541770506013593
1698185700000,2023-10-24T22:15:00Z,0.09224,0.09224,0.09207,0.09215,63232,5825.37058,0.09224,0.09224,0.09207,0.09218,0.09229,0.0923,0.09213,0.09224,-0.00031173,-0.00018066,-0.00041061,-0.00018066,-9.000000000000674e-05,-0.0009757155247181997
1698186000000,2023-10-24T22:20:00Z,0.09215,0.09228,0.09215,0.09226,17271,1593.02392,0.09218,0.09228,0.09218,0.09227,0.09224,0.09234,0.09224,0.09233,-0.00018066,-0.0002952,-0.00053839,-0.00053839,-7.000000000000062e-05,-0.0007581501137225238
1698186300000,2023-10-24T22:25:00Z,0.09226,0.09231,0.09217,0.09217,57188,5277.25597,0.09227,0.09233,0.09217,0.09218,0.09233,0.09239,0.09223,0.09224,-0.00053839,-0.000278,-0.00054564,-0.000278,-7.000000000000062e-05,-0.0007588898525585496
1698186600000,2023-10-24T22:30:00Z,0.09217,0.09224,0.09209,0.0922,13912,1282.22766,0.09218,0.09229,0.09209,0.0922,0.09224,0.09235,0.09215,0.09225,-0.000278,-0.00020227,-0.00035998,-0.00035998,-4.999999999999449e-05,-0.0005420054200541409
1698186900000,2023-10-24T22:35:00Z,0.0922,0.09223,0.09215,0.09222,5747,529.83565,0.0922,0.09225,0.09216,0.09225,0.09225,0.09231,0.09218,0.09231,-0.00035998,-0.00025081,-0.00040214,-0.00040214,-9.000000000000674e-05,-0.0009749756256094327
1698187200000,2023-10-24T22:40:00Z,0.09222,0.09229,0.09222,0.09224,29592,2729.76459,0.09225,0.09229,0.09224,0.09228,0.09231,0.09234,0.09229,0.09233,-0.00040214,-0.00001625,-0.00028325,-0.00028325,-8.999999999999286e-05,-0.0009747644319288732
1698187500000,2023-10-24T22:45:00Z,0.09224,0.09237,0.09224,0.09232,51954,4797.36269,0.09228,0.09237,0.09228,0.09232,0.09233,0.09239,0.09233,0.09234,-0.00028325,0,-0.00019266,-0.00019266,-2.0000000000006124e-05,-0.00021659085986577996
1698187800000,2023-10-24T22:50:00Z,0.09232,0.09232,0.09223,0.09229,71584,6604.04474,0.09232,0.09232,0.09223,0.09231,0.09234,0.09236,0.09227,0.09235,-0.00019266,0,-0.00008717,-0.00008717,-6.0000000000004494e-05,-0.0006497022198159664
1698188100000,2023-10-24T22:55:00Z,0.09229,0.09237,0.09225,0.09237,53827,4969.8196,0.09231,0.09238,0.09226,0.09237,0.09235,0.09243,0.09229,0.09242,-0.00008717,-0.00011693,-0.00021028,-0.00021028,-5.000000000000837e-05,-0.0005410084397317504
1698188400000,2023-10-24T23:00:00Z,0.09237,0.09237,0.0923,0.09234,70079,6470.79277,0.09237,0.09239,0.0923,0.09237,0.09242,0.09243,0.09233,0.09242,-0.00021028,-0.00038732,-0.00045893,-0.00038732,-7.999999999999674e-05,-0.0008656135035706204
1698188700000,2023-10-24T23:05:00Z,0.09234,0.09235,0.09229,0.0923,21877,2019.55499,0.09237,0.09238,0.0923,0.09234,0.09242,0.09243,0.09233,0.09239,-0.00038732,0,0,0,-9.000000000000674e-05,-0.0009741313995021835
1698189000000,2023-10-24T23:10:00Z,0.0923,0.09243,0.0923,0.09237,213517,19731.31808,0.09234,0.09243,0.09234,0.09237,0.09239,0.09245,0.09237,0.09237,0,-0.00004922,-0.00018522,-0.00018522,0.0,0.0
1698189300000,2023-10-24T23:15:00Z,0.09237,0.09244,0.09221,0.09227,74686,6896.06168,0.09237,0.09246,0.09221,0.09229,0.09237,0.09249,0.09225,0.09233,-0.00018522,-0.00005476,-0.00023344,-0.00005476,-5.9999999999990616e-05,-0.0006498429546191988
1698189600000,2023-10-24T23:20:00Z,0.09227,0.09231,0.0922,0.09225,34872,3216.53346,0.09229,0.09231,0.0922,0.09227,0.09233,0.09234,0.09223,0.09231,-0.00005476,0,-0.0000725,0,-6.0000000000004494e-05,-0.0006499837504062885
1698189900000,2023-10-24T23:25:00Z,0.09225,0.09228,0.09223,0.09224,13153,1213.3731,0.09227,0.09229,0.09224,0.09225,0.09231,0.09233,0.09228,0.0923,0,0,-0.00029762,0,-5.9999999999990616e-05,-0.0006500541711808301
1698190200000,2023-10-24T23:30:00Z,0.09224,0.09227,0.09216,0.09219,20488,1888.84975,0.09225,0.09227,0.09217,0.09219,0.0923,0.09231,0.09221,0.09222,0,-0.00000672,-0.00010465,-0.00010465,-3.0000000000002247e-05,-0.0003253090435914362
1698190500000,2023-10-24T23:35:00Z,0.09219,0.09219,0.09214,0.09216,24267,2236.44574,0.09219,0.09219,0.09214,0.09217,0.09222,0.09224,0.09218,0.09221,-0.00010465,0,-0.0001834,0,-4.999999999999449e-05,-0.0005422405379025539
1698190800000,2023-10-24T23:40:00Z,0.09216,0.09224,0.09214,0.09222,31426,2897.74151,0.09217,0.09226,0.09216,0.09224,0.09221,0.0923,0.09219,0.09228,0,0,-0.00038221,0,-6.0000000000004494e-05,-0.000650195058517604
1698191100000,2023-10-24T23:45:00Z,0.09222,0.09232,0.09222,0.09232,63163,5827.60676,0.09224,0.09234,0.09223,0.09232,0.09228,0.09238,0.09226,0.09238,0,-0.00018913,-0.00026144,-0.00026144,-6.0000000000004494e-05,-0.0006494912318684184
1698191400000,2023-10-24T23:50:00Z,0.09232,0.09235,0.09229,0.09229,8967,827.9072,0.09232,0.09235,0.09229,0.09229,0.09238,0.09239,0.09231,0.09233,-0.00026144,-0.00025944,-0.00051423,-0.00025944,-3.999999999999837e-05,-0.00043322863641284925
1698191700000,2023-10-24T23:55:00Z,0.09229,0.09229,0.09221,0.09229,42115,3885.3458,0.09229,0.09232,0.09222,0.09232,0.09233,0.09237,0.09227,0.09237,-0.00025944,-0.00003672,-0.00020792,-0.00020792,-7.999999999999674e-05,-0.0008660820612752706
1698192000000,2023-10-25T00:00:00Z,0.09229,0.09244,0.09229,0.09239,24260,2241.29549,0.09232,0.09244,0.09231,0.09239,0.09237,0.09247,0.09236,0.09244,-0.00020792,-0.00019861,-0.0004294,-0.00019861,-4.999999999999449e-05,-0.0005408913890090274
1698192300000,2023-10-25T00:05:00Z,0.09239,0.09248,0.09237,0.09239,38983,3602.4774,0.09239,0.0925,0.09237,0.0924,0.09244,0.09255,0.0924,0.09246,-0.00019861,-0.00032525,-0.00057439,-0.00057439,-7.000000000000062e-05,-0.0007570841444949234
1698192600000,2023-10-25T00:10:00Z,0.09239,0.09245,0.09236,0.09239,39648,3664.06488,0.0924,0.09245,0.09237,0.0924,0.09246,0.09253,0.09243,0.09247,-0.00057439,-0.0005074,-0.00066709,-0.0005074,-7.999999999999674e-05,-0.0008651454525791796
1698192900000,2023-10-25T00:15:00Z,0.09239,0.09256,0.09239,0.09256,72138,6673.00059,0.0924,0.09256,0.0924,0.09256,0.09247,0.09261,0.09247,0.09257,-0.0005074,-0.00021579,-0.00031148,-0.00021579,-9.999999999996123e-06,-0.00010802635843141539
1698193200000,2023-10-25T00:20:00Z,0.09256,0.09256,0.09243,0.09254,41959,3880.82792,0.09256,0.09256,0.09244,0.09254,0.09257,0.09259,0.09249,0.09253,-0.00021579,-0.00011717,-0.00016805,-0.00016805,9.999999999996123e-06,0.00010807305738675157
1698193500000,2023-10-25T00:25:00Z,0.09254,0.09256,0.09252,0.09252,23049,2133.33668,0.09254,0.0926,0.09252,0.09253,0.09253,0.09264,0.09253,0.09258,-0.00016805,0,-0.00053773,-0.00053773,-5.9999999999990616e-05,-0.0006480881399869369
1698193800000,2023-10-25T00:30:00Z,0.09252,0.09256,0.09243,0.09252,30892,2857.35228,0.09253,0.09258,0.09243,0.09258,0.09258,0.09262,0.09243,0.09262,-0.00053773,-0.00003499,-0.00014589,-0.00003499,-9.999999999998899e-05,-0.0010796804145971604
1698194100000,2023-10-25T00:35:00Z,0.09252,0.09264,0.09245,0.09259,47791,4424.01298,0.09258,0.09264,0.09245,0.09259,0.09262,0.09269,0.09248,0.09264,-0.00003499,-0.00030756,-0.00031973,-0.00031973,-4.999999999999449e-05,-0.0005397236614852601
1698194400000,2023-10-25T00:40:00Z,0.09259,0.09259,0.09236,0.0925,794404,73403.4962,0.09259,0.09259,0.0924,0.0925,0.09264,0.09264,0.09245,0.09257,-0.00031973,-0.00024583,-0.0004238,-0.00024583,-7.000000000000062e-05,-0.0007561845090202076
1698194700000,2023-10-25T00:45:00Z,0.0925,0.09267,0.0925,0.09266,62307,5770.90068,0.0925,0.09267,0.0925,0.09266,0.09257,0.09274,0.09257,0.0927,-0.00024583,-0.00041281,-0.00061699,-0.00041281,-3.999999999999837e-05,-0.0004314994606256566
1698195000000,2023-10-25T00:50:00Z,0.09266,0.09267,0.09256,0.09266,643440,59578.02057,0.09266,0.09267,0.09259,0.09266,0.0927,0.09271,0.09261,0.0927,-0.00041281,-0.00018607,-0.00040379,-0.00018607,-3.999999999999837e-05,-0.0004314994606256566
1698195300000,2023-10-25T00:55:00Z,0.09266,0.09268,0.09263,0.09268,66261,6139.98328,0.09266,0.09269,0.09263,0.09268,0.0927,0.09272,0.09264,0.0927,-0.00018607,-0.00001629,-0.00013812,-0.00013812,-2.0000000000006124e-05,-0.00021574973031290317
1698195600000,2023-10-25T01:00:00Z,0.09268,0.09272,0.09262,0.09271,117983,10935.88044,0.09268,0.09273,0.09264,0.09271,0.0927,0.09276,0.09267,0.09274,-0.00013812,-0.00032348,-0.00036873,-0.00036873,-3.0000000000002247e-05,-0.00032348501186114134
1698195900000,2023-10-25T01:05:00Z,0.09271,0.09279,0.0927,0.09276,573914,53214.89431,0.09271,0.09279,0.0927,0.09276,0.09274,0.09282,0.09274,0.09278,-0.00036873,-0.00007123,-0.00027678,-0.00007123,-2.0000000000006124e-05,-0.0002155636990731421
1698196200000,2023-10-25T01:10:00Z,0.09276,0.09276,0.0927,0.09275,15804,1465.50034,0.09276,0.09277,0.0927,0.09275,0.09278,0.0928,0.09273,0.09279,-0.00007123,-0.00013637,-0.00032474,-0.00032474,-3.999999999999837e-05,-0.0004310809354456124
1698196500000,2023-10-25T01:15:00Z,0.09275,0.09275,0.09261,0.09268,121102,11222.46452,0.09275,0.09275,0.09261,0.09268,0.09279,0.09279,0.09261,0.0927,-0.00032474,0,0,0,-2.0000000000006124e-05,-0.00021574973031290317
1698196800000,2023-10-25T01:20:00Z,0.09268,0.09277,0.09268,0.09271,6117,567.29312,0.09268,0.09279,0.09268,0.09271,0.0927,0.0928,0.09269,0.09272,0,-0.00002554,-0.00012221,-0.00012221,-9.999999999996123e-06,-0.00010785159620358201
1698197100000,2023-10-25T01:25:00Z,0.09271,0.09282,0.0927,0.09278,65755,6101.341,0.09271,0.09282,0.09271,0.09278,0.09272,0.09285,0.0927,0.0928,-0.00012221,0,-0.00016546,0,-1.9999999999992246e-05,-0.0002155172413792268
1698197400000,2023-10-25T01:30:00Z,0.09278,0.0928,0.09263,0.09274,83956,7787.0421,0.09278,0.0928,0.09267,0.09275,0.0928,0.09283,0.09269,0.09277,0,0,-0.00000604,-0.00000604,-3.0000000000002247e-05,-0.00032338040314759344
1698197700000,2023-10-25T01:35:00Z,0.09274,0.09278,0.09274,0.09276,9952,923.22427,0.09275,0.09281,0.09275,0.09276,0.09277,0.09283,0.09277,0.09278,-0.00000604,0,-0.00016417,-0.00016417,-2.0000000000006124e-05,-0.0002155636990731421
1698198000000,2023-10-25T01:40:00Z,0.09276,0.09276,0.09266,0.09273,30724,2848.5212,0.09276,0.09276,0.09266,0.09273,0.09278,0.0928,0.09271,0.09275,-0.00016417,-0.00036538,-0.00043959,-0.00043959,-1.9999999999992246e-05,-0.0002156334231805094
1698198300000,2023-10-25T01:45:00Z,0.09273,0.09273,0.09263,0.09267,89079,8255.75782,0.09273,0.09273,0.09263,0.09267,0.09275,0.09275,0.09266,0.09266,-0.00043959,0,-0.00014486,0,9.999999999996123e-06,0.000107921433196591
1698198600000,2023-10-25T01:50:00Z,0.09267,0.09271,0.09257,0.09271,33518,3104.95006,0.09267,0.09271,0.09259,0.09271,0.09266,0.09273,0.09261,0.09273,0,0,-0.00007715,-0.00007715,-2.0000000000006124e-05,-0.0002156799309824881
1698198900000,2023-10-25T01:55:00Z,0.09271,0.09274,0.0927,0.09271,36900,3421.24612,0.09271,0.09278,0.0927,0.09275,0.09273,0.09281,0.09271,0.09278,-0.00007715,0,-0.00043021,-0.00043021,-7.000000000000062e-05,-0.000754472946755773
1698199200000,2023-10-25T02:00:00Z,0.09271,0.09275,0.09262,0.09266,29170,2704.51364,0.09275,0.09278,0.09263,0.09266,0.09278,0.09282,0.09266,0.09268,-0.00043021,-0.00017576,-0.00032297,-0.00032297,-1.9999999999992246e-05,-0.00021579628830375753
1698199500000,2023-10-25T02:05:00Z,0.09266,0.09274,0.09263,0.09264,36096,3344.87151,0.09266,0.09274,0.09266,0.09268,0.09268,0.09275,0.09268,0.09271,-0.00032297,0,-0.00041397,-0.00041397,-7.000000000000062e-05,-0.0007550426059756295
1698199800000,2023-10-25T02:10:00Z,0.09264,0.09274,0.09264,0.09264,5823,539.76109,0.09268,0.09274,0.09264,0.09266,0.09271,0.09276,0.09265,0.09268,-0.00041397,0,-0.00004046,-0.00004046,-3.999999999999837e-05,-0.0004315925766076648
1698200100000,2023-10-25T02:15:00Z,0.09264,0.09265,0.09262,0.09264,27716,2567.26082,0.09266,0.09269,0.09263,0.09264,0.09268,0.09271,0.09265,0.09267,-0.00004046,-0.00016907,-0.00031326,-0.00016907,-3.0000000000002247e-05,-0.0003237293622531806
1698200400000,2023-10-25T02:20:00Z,0.09264,0.09264,0.09248,0.09259,52274,4837.88729,0.09264,0.09264,0.09249,0.09259,0.09267,0.09267,0.09252,0.09261,-0.00016907,-0.00008244,-0.00032807,-0.00032807,-1.9999999999992246e-05,-0.0002159593996327853
1698200700000,2023-10-25T02:25:00Z,0.09259,0.09259,0.09243,0.0925,110102,10178.37249,0.09259,0.09259,0.09247,0.09252,0.09261,0.09261,0.09251,0.09256,-0.00032807,0,-0.00014946,0,-6.0000000000004494e-05,-0.0006482281763181125
1698201000000,2023-10-25T02:30:00Z,0.0925,0.09268,0.0925,0.09263,37141,3438.62344,0.09252,0.09268,0.09252,0.09263,0.09256,0.09271,0.09256,0.09268,0,0,0,0,-4.999999999999449e-05,-0.0005394907207595435
1698201300000,2023-10-25T02:35:00Z,0.09263,0.09266,0.09255,0.09266,70313,6509.16982,0.09263,0.09266,0.09256,0.09266,0.09268,0.09271,0.09259,0.0927,0,-0.00015688,-0.00018254,-0.00018254,-3.999999999999837e-05,-0.0004314994606256566
1698201600000,2023-10-25T02:40:00Z,0.09266,0.09266,0.09254,0.09257,110630,10239.5613,0.09266,0.09269,0.09255,0.0926,0.0927,0.09273,0.09259,0.09265,-0.00018254,-0.00004264,-0.00030335,-0.00030335,-7.999999999999674e-05,-0.0008634646519157771
1698201900000,2023-10-25T02:45:00Z,0.09257,0.09267,0.09256,0.09267,23648,2190.50875,0.0926,0.09268,0.09257,0.09267,0.09265,0.09275,0.09263,0.09273,-0.00030335,-0.00033822,-0.00049255,-0.00049255,-6.0000000000004494e-05,-0.0006470397929473147
1698202200000,2023-10-25T02:50:00Z,0.09267,0.0927,0.09261,0.09268,16593,1537.22318,0.09267,0.0927,0.09261,0.09268,0.09273,0.09275,0.09268,0.09271,-0.00049255,-0.00014276,-0.00041906,-0.00014276,-3.0000000000002247e-05,-0.0003235896882752912
1698202500000,2023-10-25T02:55:00Z,0.09268,0.09268,0.09264,0.09266,4195,388.66872,0.09268,0.09268,0.09264,0.09266,0.09271,0.09274,0.09268,0.0927,-0.00014276,0,0,0,-3.999999999999837e-05,-0.0004314994606256566
1698202800000,2023-10-25T03:00:00Z,0.09266,0.09266,0.09251,0.09252,30199,2795.73274,0.09266,0.09269,0.09252,0.09255,0.0927,0.09273,0.09257,0.09261,0,-0.00033156,-0.00038167,-0.00033156,-8.999999999999286e-05,-0.0009718172983478336
1698203100000,2023-10-25T03:05:00Z,0.09252,0.09264,0.09251,0.09256,45570,4218.96652,0.09255,0.09265,0.09251,0.0926,0.09261,0.09271,0.09256,0.09266,-0.00033156,-0.00005698,-0.00049309,-0.00049309,-0.00010000000000000286,-0.0010792143319663593
1698203400000,2023-10-25T03:10:00Z,0.09256,0.09258,0.09253,0.09258,16153,1495.36992,0.0926,0.09262,0.09253,0.09262,0.09266,0.09268,0.09259,0.09268,-0.00049309,-0.00022265,-0.00028366,-0.00022265,-0.00010000000000000286,-0.0010789814415192369
1698203700000,2023-10-25T03:15:00Z,0.09258,0.09261,0.09255,0.09257,2902,268.66922,0.09262,0.09262,0.09255,0.09257,0.09268,0.09268,0.09258,0.09263,-0.00022265,0,-0.00010031,0,-6.0000000000004494e-05,-0.0006477383137213051
1698204000000,2023-10-25T03:20:00Z,0.09257,0.09257,0.09251,0.09251,1011,93.53681,0.09257,0.09257,0.09251,0.09251,0.09263,0.09263,0.09253,0.09255,0,0,-0.0002737,-0.0002737,-3.999999999999837e-05,-0.0004321988114532509
1698204300000,2023-10-25T03:25:00Z,0.09251,0.09251,0.09245,0.09246,5930,548.30022,0.09251,0.09253,0.09246,0.09247,0.09255,0.09258,0.09252,0.09253,-0.0002737,-0.0005195,-0.00052452,-0.00052452,-7.000000000000062e-05,-0.000756511401707561
1698204600000,2023-10-25T03:30:00Z,0.09246,0.09258,0.09246,0.09258,53594,4959.18425,0.09247,0.09259,0.09246,0.09259,0.09253,0.09264,0.09251,0.09263,-0.00052452,-0.000042,-0.00047215,-0.000042,-5.000000000000837e-05,-0.0005397819281011375
1698204900000,2023-10-25T03:35:00Z,0.09258,0.09261,0.09253,0.09255,35844,3317.78965,0.09259,0.09261,0.09253,0.09255,0.09263,0.09266,0.09258,0.0926,-0.000042,-0.00029964,-0.0003213,-0.0003213,-5.000000000000837e-05,-0.0005399568034558139
1698205200000,2023-10-25T03:40:00Z,0.09255,0.09255,0.09252,0.09252,1303,120.5689,0.09255,0.09255,0.09252,0.09252,0.0926,0.0926,0.09255,0.09256,-0.0003213,0,-0.00004461,0,-3.999999999999837e-05,-0.00043215211754535837
1698205500000,2023-10-25T03:45:00Z,0.09252,0.0926,0.09251,0.09253,14105,1304.99997,0.09252,0.09261,0.09251,0.09254,0.09256,0.09264,0.09253,0.09258,0,0,0,0,-4.999999999999449e-05,-0.0005400734499891391
1698205800000,2023-10-25T03:50:00Z,0.09253,0.09255,0.09248,0.09254,4445,411.20819,0.09254,0.09256,0.09249,0.09256,0.09258,0.0926,0.0925,0.0926,0,0,0,0,-6.0000000000004494e-05,-0.0006479481641469167
1698206100000,2023-10-25T03:55:00Z,0.09254,0.09257,0.09253,0.09256,15995,1480.22658,0.09256,0.09257,0.09254,0.09256,0.0926,0.0926,0.09256,0.09258,0,-0.00022267,-0.00022767,-0.00022267,-1.9999999999992246e-05,-0.00021602937999559566
1698206400000,2023-10-25T04:00:00Z,0.09256,0.09259,0.09255,0.09257,28054,2597.29537,0.09256,0.09259,0.09255,0.09257,0.09258,0.09263,0.09258,0.0926,-0.00022267,-0.00006985,-0.00010497,-0.00010497,-3.0000000000002247e-05,-0.00032397408207345837
1698206700000,2023-10-25T04:05:00Z,0.09257,0.09257,0.09248,0.09255,16406,1517.711,0.09257,0.09257,0.09249,0.09255,0.0926,0.0926,0.09253,0.09259,-0.00010497,-0.00001404,-0.00008469,-0.00008469,-4.000000000001225e-05,-0.0004320120963388297
1698207000000,2023-10-25T04:10:00Z,0.09255,0.0926,0.09253,0.09253,35078,3247.10356,0.09255,0.0926,0.09254,0.09255,0.09259,0.09263,0.09257,0.09259,-0.00008469,0,-0.00017483,-0.00017483,-6.0000000000004494e-05,-0.0006480181445080947
1698207300000,2023-10-25T04:15:00Z,0.09253,0.09257,0.09253,0.09255,35862,3319.26578,0.09255,0.09259,0.09253,0.09257,0.09259,0.09263,0.09256,0.09261,-0.00017483,0,-0.00007743,0,-6.0000000000004494e-05,-0.0006478781988986556
1698207600000,2023-10-25T04:20:00Z,0.09255,0.09263,0.09255,0.09263,1221,113.07077,0.09257,0.09265,0.09256,0.09264,0.09261,0.09268,0.0926,0.09267,0,0,0,0,-3.999999999999837e-05,-0.00043163914967085757
1698207900000,2023-10-25T04:25:00Z,0.09263,0.09268,0.09263,0.09268,1488,137.87361,0.09264,0.0927,0.09264,0.09269,0.09267,0.09273,0.09266,0.09272,0,-0.00004131,-0.00008133,-0.00004131,-3.999999999999837e-05,-0.0004314063848144777
1698208200000,2023-10-25T04:30:00Z,0.09268,0.09273,0.09263,0.09266,36772,3408.05229,0.09269,0.09273,0.09264,0.09265,0.09272,0.09275,0.09265,0.09265,-0.00004131,0,0,0,1.0000000000010001e-05,0.00010793308148958447
1698208500000,2023-10-25T04:35:00Z,0.09266,0.09267,0.09264,0.09265,18446,1709.23946,0.09265,0.09268,0.09265,0.09266,0.09265,0.09269,0.09265,0.09267,0,0,0,0,-2.0000000000006124e-05,-0.00021581957483550365
1698208800000,2023-10-25T04:40:00Z,0.09265,0.09266,0.09263,0.09264,3673,340.27313,0.09266,0.09266,0.09263,0.09264,0.09267,0.09267,0.09263,0.09264,0,0,0,0,0.0,0.0
1698209100000,2023-10-25T04:45:00Z,0.09264,0.09274,0.09264,0.09274,18627,1727.32533,0.09264,0.09276,0.09264,0.09276,0.09264,0.09277,0.09264,0.09277,0,0,0,0,-3.0000000000002247e-05,-0.00032338040314759344
1698209400000,2023-10-25T04:50:00Z,0.09274,0.09276,0.09272,0.09276,21876,2028.85751,0.09276,0.09277,0.09273,0.09277,0.09277,0.09277,0.09273,0.09277,0,0,0,0,-1.0000000000010001e-05,-0.00010779346771596421
1698209700000,2023-10-25T04:55:00Z,0.09276,0.09284,0.09276,0.09282,112250,10417.81571,0.09277,0.09282,0.09277,0.09282,0.09277,0.09281,0.09277,0.0928,0,0,0,0,2.0000000000006124e-05,0.00021551724137937634
1698210000000,2023-10-25T05:00:00Z,0.09282,0.09284,0.09276,0.09276,48660,4514.49399,0.09282,0.09284,0.09275,0.09276,0.0928,0.09283,0.09274,0.09275,0,0,0,0,9.999999999996123e-06,0.0001078167115902547
1698210300000,2023-10-25T05:05:00Z,0.09276,0.09284,0.09276,0.09281,17762,1648.33884,0.09276,0.09283,0.09275,0.0928,0.09275,0.09282,0.09274,0.09279,0,0,0,0,2.0000000000006124e-05,0.00021554046772288097
1698210600000,2023-10-25T05:10:00Z,0.09281,0.09287,0.09281,0.09287,9298,863.16796,0.0928,0.09287,0.0928,0.09286,0.09279,0.09285,0.09278,0.09284,0,0.00002628,0,0.00002628,2.999999999998837e-05,0.0003231365790606244
1698210900000,2023-10-25T05:15:00Z,0.09287,0.09287,0.09275,0.09275,23057,2139.40323,0.09286,0.09287,0.09278,0.09278,0.09284,0.09286,0.09278,0.09278,0.00002628,0,0,0,-3.0000000000002247e-05,-0.00032334554860963835
1698211200000,2023-10-25T05:20:00Z,0.09275,0.09275,0.09265,0.09272,13884,1286.62074,0.09278,0.09278,0.09268,0.09274,0.09278,0.09278,0.09268,0.09275,0,0,0,0,-3.0000000000002247e-05,-0.0003234501347709137
1698211500000,2023-10-25T05:25:00Z,0.09272,0.09279,0.09269,0.09279,23339,2164.38563,0.09274,0.0928,0.0927,0.0928,0.09275,0.09281,0.09271,0.09281,0,0,0,0,-2.0000000000006124e-05,-0.00021549402004100983
1698211800000,2023-10-25T05:30:00Z,0.09279,0.09287,0.09279,0.09285,47047,4368.74066,0.0928,0.09287,0.0928,0.09287,0.09281,0.09287,0.0928,0.09287,0,0,0,0,-1.9999999999992246e-05,-0.00021535479702802034
1698212100000,2023-10-25T05:35:00Z,0.09285,0.09289,0.09285,0.09287,9438,876.56615,0.09287,0.09289,0.09284,0.09285,0.09287,0.09289,0.09284,0.09285,0,0,0,0,1.9999999999992246e-05,0.00021540118470643238
1698212400000,2023-10-25T05:40:00Z,0.09287,0.09287,0.09279,0.09284,16099,1494.51408,0.09285,0.09287,0.09281,0.09283,0.09285,0.09287,0.09281,0.09283,0,0,0,0,1.0000000000010001e-05,0.00010772379618668536
1698212700000,2023-10-25T05:45:00Z,0.09284,0.09288,0.09261,0.09271,1081888,100273.54033,0.09283,0.0929,0.09271,0.09275,0.09283,0.0929,0.09272,0.09277,0,0,-0.00035734,-0.00035734,-6.0000000000004494e-05,-0.0006467608062951869
1698213000000,2023-10-25T05:50:00Z,0.09271,0.09278,0.09271,0.09278,17644,1636.44146,0.09275,0.09278,0.09273,0.09278,0.09277,0.09282,0.09276,0.09282,-0.00035734,0,-0.00010133,0,-3.999999999999837e-05,-0.00043094160741217807
1698213300000,2023-10-25T05:55:00Z,0.09278,0.0928,0.09274,0.0928,40018,3711.74594,0.09278,0.09281,0.09276,0.0928,0.09282,0.09285,0.0928,0.09284,0,0,-0.00029631,0,-4.000000000001225e-05,-0.00043084877208113146
1698213600000,2023-10-25T06:00:00Z,0.0928,0.09298,0.0928,0.09298,118480,11014.28541,0.0928,0.09298,0.0928,0.09298,0.09284,0.093,0.09283,0.093,0,-0.00003251,-0.00005197,-0.00005197,-2.0000000000006124e-05,-0.00021505376344092605
1698213900000,2023-10-25T06:05:00Z,0.09298,0.09306,0.09298,0.09301,189561,17633.84118,0.09298,0.09308,0.09298,0.09303,0.093,0.0931,0.09299,0.09306,-0.00005197,-0.00019782,-0.00028709,-0.00028709,-5.000000000000837e-05,-0.0005372877713304145
1698214200000,2023-10-25T06:10:00Z,0.09301,0.09316,0.09301,0.09312,112227,10447.62593,0.09303,0.09319,0.09303,0.09315,0.09306,0.09322,0.09303,0.09318,-0.00028709,0,-0.00013434,-0.00013434,-6.0000000000004494e-05,-0.0006439150032196232
1698214500000,2023-10-25T06:15:00Z,0.09312,0.09314,0.09308,0.09312,44216,4117.40804,0.09315,0.09316,0.09308,0.09313,0.09318,0.09319,0.09309,0.09316,-0.00013434,-0.00023209,-0.0002949,-0.00023209,-4.000000000001225e-05,-0.00042936882782323147
1698214800000,2023-10-25T06:20:00Z,0.09312,0.09314,0.09309,0.09309,30325,2823.49009,0.09313,0.09315,0.09309,0.09309,0.09316,0.09318,0.09311,0.09312,-0.00023209,-0.00002448,-0.00015236,-0.00015236,-2.999999999998837e-05,-0.00032216494845348334
1698215100000,2023-10-25T06:25:00Z,0.09309,0.09316,0.09309,0.09316,98191,9145.66848,0.09309,0.09316,0.09309,0.09316,0.09312,0.09317,0.0931,0.09316,-0.00015236,0,-0.00014739,-0.00014739,0.0,0.0
1698215400000,2023-10-25T06:30:00Z,0.09316,0.09318,0.09306,0.09307,55747,5190.46848,0.09316,0.09318,0.09306,0.09307,0.09316,0.09319,0.09307,0.09307,-0.00014739,0,0,0,0.0,0.0
1698215700000,2023-10-25T06:35:00Z,0.09307,0.09316,0.09307,0.09316,31411,2925.14584,0.09307,0.09316,0.09307,0.09315,0.09307,0.09317,0.09307,0.09315,0,0,0,0,1.0000000000010001e-05,0.00010735373054224371
1698216000000,2023-10-25T06:40:00Z,0.09316,0.09316,0.09313,0.09313,666,62.0367,0.09315,0.09317,0.0931,0.09313,0.09315,0.09318,0.0931,0.09313,0,0,0,0,0.0,0.0
1698216300000,2023-10-25T06:45:00Z,0.09313,0.09313,0.09305,0.09305,37914,3529.23417,0.09313,0.09313,0.09303,0.09305,0.09313,0.09313,0.09303,0.09305,0,0,0,0,0.0,0.0
1698216600000,2023-10-25T06:50:00Z,0.09305,0.09306,0.09296,0.09299,60326,5608.90109,0.09305,0.09306,0.09298,0.09301,0.09305,0.09306,0.09298,0.09301,0,0,0,0,-1.9999999999992246e-05,-0.00021503064186638261
1698216900000,2023-10-25T06:55:00Z,0.09299,0.09302,0.09299,0.093,8652,804.64382,0.09301,0.09306,0.09298,0.09299,0.09301,0.09306,0.09298,0.09299,0,0,0,0,9.999999999996123e-06,0.00010753844499404369
1698217200000,2023-10-25T07:00:00Z,0.093,0.09303,0.09298,0.09303,16414,1526.43312,0.09299,0.09305,0.09297,0.09301,0.09299,0.09305,0.09297,0.09302,0,0,0,0,9.999999999996123e-06,0.00010750376263165042
1698217500000,2023-10-25T07:05:00Z,0.09303,0.09314,0.09298,0.09308,26816,2496.95879,0.09301,0.09314,0.09298,0.09308,0.09302,0.09315,0.09298,0.09309,0,0,0,0,-1.0000000000010001e-05,-0.00010742292405210013
1698217800000,2023-10-25T07:10:00Z,0.09308,0.09308,0.09297,0.09299,34144,3176.54168,0.09308,0.09308,0.09298,0.09302,0.09309,0.0931,0.09298,0.09303,0,0,0,0,-3.999999999999837e-05,-0.00042996882726000613
1698218100000,2023-10-25T07:15:00Z,0.09299,0.09304,0.09297,0.09299,5930,551.58683,0.09302,0.09305,0.09297,0.09301,0.09303,0.09306,0.09298,0.09303,0,0,0,0,-3.999999999999837e-05,-0.00042996882726000613
1698218400000,2023-10-25T07:20:00Z,0.09299,0.09302,0.0928,0.09289,89434,8304.32882,0.09301,0.09305,0.09283,0.09292,0.09303,0.09307,0.09286,0.09296,0,-0.00001086,-0.0000464,-0.00001086,-7.000000000000062e-05,-0.0007530120481927777
1698218700000,2023-10-25T07:25:00Z,0.09289,0.0929,0.09268,0.0927,95520,8860.7242,0.09292,0.09292,0.09271,0.09271,0.09296,0.09296,0.09277,0.09278,-0.00001086,-0.00019515,-0.00039857,-0.00039857,-7.999999999999674e-05,-0.0008622547962922692
1698219000000,2023-10-25T07:30:00Z,0.0927,0.09278,0.09264,0.09264,316245,29316.20726,0.09271,0.09278,0.09267,0.09267,0.09278,0.09285,0.09274,0.09274,-0.00039857,-0.00016585,-0.00036073,-0.00036073,-0.00010000000000000286,-0.0010782833728704211
1698219300000,2023-10-25T07:35:00Z,0.09264,0.09265,0.09253,0.09257,168792,15630.34127,0.09267,0.09267,0.09254,0.09259,0.09274,0.09274,0.09262,0.09268,-0.00036073,-0.00061392,-0.00076289,-0.00061392,-0.00010999999999999899,-0.0011868795856711156
1698219600000,2023-10-25T07:40:00Z,0.09257,0.09263,0.09238,0.09238,77707,7188.56756,0.09259,0.09263,0.0924,0.09241,0.09268,0.09272,0.09248,0.09251,-0.00061392,-0.0007554,-0.00080416,-0.0007554,-0.00012999999999999123,-0.001405253486109515
1698219900000,2023-10-25T07:45:00Z,0.09238,0.09239,0.09215,0.09225,232287,21430.72742,0.09241,0.09243,0.09216,0.09226,0.09251,0.09253,0.09227,0.09237,-0.0007554,-0.00069992,-0.00075684,-0.00069992,-0.00011999999999999511,-0.001299123091912906
1698220200000,2023-10-25T07:50:00Z,0.09225,0.09243,0.09225,0.09243,94302,8707.9473,0.09226,0.09244,0.09226,0.09244,0.09237,0.09254,0.09236,0.09254,-0.00069992,-0.00064653,-0.00076592,-0.00076592,-0.00010999999999999899,-0.0011886751674951264
1698220500000,2023-10-25T07:55:00Z,0.09243,0.09248,0.09243,0.09248,34546,3193.72001,0.09244,0.0925,0.09243,0.09249,0.09254,0.09259,0.09249,0.09258,-0.00076592,-0.0006417,-0.00071266,-0.0006417,-9.999999999998899e-05,-0.0010801468999782782
1698220800000,2023-10-25T08:00:00Z,0.09248,0.09259,0.09238,0.09242,630970,58338.05425,0.09249,0.09258,0.09242,0.09242,0.09258,0.09266,0.09247,0.09249,-0.0006417,-0.00048254,-0.00070637,-0.00048254,-7.000000000000062e-05,-0.0007568385771434816
1698221100000,2023-10-25T08:05:00Z,0.09242,0.09244,0.09234,0.09244,343762,31749.44415,0.09242,0.09244,0.09234,0.09244,0.09249,0.09252,0.09239,0.09251,-0.00048254,-0.00015516,-0.00045544,-0.00045544,-7.000000000000062e-05,-0.0007566749540590274
1698221400000,2023-10-25T08:10:00Z,0.09244,0.09247,0.09231,0.09232,133682,12351.2961,0.09244,0.09248,0.09231,0.09233,0.09251,0.09256,0.09239,0.09242,-0.00045544,-0.00060259,-0.00065931,-0.00060259,-0.00010000000000000286,-0.0010820168794633505
1698221700000,2023-10-25T08:15:00Z,0.09232,0.09247,0.09231,0.09247,56647,5231.54602,0.09233,0.0925,0.09232,0.09249,0.09242,0.09259,0.09239,0.09258,-0.00060259,-0.00064778,-0.00067855,-0.00067855,-0.00010999999999999899,-0.001188161589976226
1698222000000,2023-10-25T08:20:00Z,0.09247,0.09255,0.09247,0.09255,9916,917.33586,0.09249,0.09256,0.09248,0.09256,0.09258,0.09265,0.09256,0.09265,-0.00067855,-0.00067836,-0.00086922,-0.00067836,-0.00010000000000000286,-0.0010793308148947963
1698222300000,2023-10-25T08:25:00Z,0.09255,0.09264,0.09254,0.09254,126670,11731.3306,0.09256,0.09261,0.09255,0.09255,0.09265,0.09267,0.09262,0.09263,-0.00067836,-0.00069966,-0.00070952,-0.00070952,-9.000000000000674e-05,-0.0009716074705819576
1698222600000,2023-10-25T08:30:00Z,0.09254,0.09267,0.09253,0.09262,741052,68608.77744,0.09255,0.09267,0.09255,0.09262,0.09263,0.09273,0.09262,0.0927,-0.00070952,-0.00061774,-0.00079035,-0.00061774,-8.000000000001062e-05,-0.0008629989212514629
1698222900000,2023-10-25T08:35:00Z,0.09262,0.09269,0.09262,0.09269,49196,4558.92421,0.09262,0.09269,0.09262,0.09269,0.0927,0.09275,0.0927,0.09275,-0.00061774,-0.00048635,-0.00050749,-0.00050749,-6.0000000000004494e-05,-0.0006469002695418274
1698223200000,2023-10-25T08:40:00Z,0.09269,0.09271,0.09265,0.09267,6558,607.81428,0.09269,0.09271,0.09265,0.09267,0.09275,0.09276,0.0927,0.09272,-0.00050749,-0.00031917,-0.00042085,-0.00031917,-4.999999999999449e-05,-0.0005392579810180597
1698223500000,2023-10-25T08:45:00Z,0.09267,0.09269,0.0926,0.09267,67510,6256.45074,0.09267,0.0927,0.09262,0.09267,0.09272,0.09276,0.09268,0.09271,-0.00031917,-0.00048986,-0.00058016,-0.00058016,-3.999999999999837e-05,-0.0004314529177003384
1698223800000,2023-10-25T08:50:00Z,0.09267,0.09272,0.0926,0.0926,28811,2668.92318,0.09267,0.09272,0.0926,0.09261,0.09271,0.09276,0.09264,0.09266,-0.00058016,-0.00033718,-0.00039372,-0.00033718,-6.0000000000004494e-05,-0.0006475285991798456
1698224100000,2023-10-25T08:55:00Z,0.0926,0.09273,0.0926,0.0927,16674,1545.10908,0.09261,0.09274,0.09261,0.09272,0.09266,0.09279,0.09266,0.09278,-0.00033718,-0.00025811,-0.00034925,-0.00025811,-7.999999999999674e-05,-0.0008622547962922692
1698224400000,2023-10-25T09:00:00Z,0.0927,0.09282,0.09269,0.09282,104148,9659.07647,0.09272,0.09282,0.09269,0.09282,0.09278,0.09284,0.09274,0.09283,-0.00025811,-0.00028286,-0.00031752,-0.00028286,-9.999999999996123e-06,-0.00010772379618653586
1698224700000,2023-10-25T09:05:00Z,0.09282,0.09282,0.09279,0.09282,122436,11363.72846,0.09282,0.09283,0.09279,0.09282,0.09283,0.09287,0.09283,0.09286,-0.00028286,-0.00038502,-0.00038675,-0.00038675,-3.999999999999837e-05,-0.0004307559767391597
1698225000000,2023-10-25T09:10:00Z,0.09282,0.09284,0.09281,0.09284,41508,3852.86081,0.09282,0.09284,0.09282,0.09284,0.09286,0.09288,0.09286,0.09287,-0.00038675,-0.00047851,-0.00051162,-0.00051162,-2.999999999998837e-05,-0.0003230321955420305
1698225300000,2023-10-25T09:15:00Z,0.09284,0.09287,0.09283,0.09284,60067,5577.7805,0.09284,0.09287,0.09284,0.09284,0.09287,0.0929,0.09286,0.09286,-0.00051162,-0.00002573,-0.0002153,-0.00002573,-1.9999999999992246e-05,-0.00021537798836950513
1698225600000,2023-10-25T09:20:00Z,0.09284,0.09284,0.09279,0.09283,50717,4707.34931,0.09284,0.09285,0.09279,0.09283,0.09286,0.09288,0.09281,0.09285,-0.00002573,-0.00002359,-0.00019911,-0.00019911,-2.0000000000006124e-05,-0.00021540118470658184
1698225900000,2023-10-25T09:25:00Z,0.09283,0.09299,0.09283,0.09296,69729,6479.10649,0.09283,0.093,0.09283,0.09296,0.09285,0.09303,0.09284,0.09297,-0.00019911,-0.00018176,-0.00018185,-0.00018185,-9.999999999996123e-06,-0.00010756157900393808
1698226200000,2023-10-25T09:30:00Z,0.09296,0.09298,0.09288,0.09295,139126,12929.72352,0.09296,0.09298,0.09289,0.09295,0.09297,0.093,0.0929,0.09297,-0.00018185,0,0,0,-1.9999999999992246e-05,-0.00021512315800787616
1698226500000,2023-10-25T09:35:00Z,0.09295,0.09299,0.09286,0.0929,110128,10231.73429,0.09295,0.09299,0.09287,0.0929,0.09297,0.09302,0.09289,0.09293,0,0,0,0,-3.0000000000002247e-05,-0.00032282363068979067
1698226800000,2023-10-25T09:40:00Z,0.0929,0.09296,0.0929,0.09291,28447,2644.10939,0.0929,0.09296,0.0929,0.09294,0.09293,0.09299,0.09292,0.09296,0,0,-0.00015041,-0.00015041,-4.999999999999449e-05,-0.000537865748709063
1698227100000,2023-10-25T09:45:00Z,0.09291,0.09296,0.0929,0.09293,165782,15405.91203,0.09294,0.09295,0.0929,0.09294,0.09296,0.09297,0.09289,0.09296,-0.00015041,0,0,0,-3.0000000000002247e-05,-0.00032271944922549747
1698227400000,2023-10-25T09:50:00Z,0.09293,0.09303,0.09293,0.09299,87254,8115.33075,0.09294,0.09304,0.09294,0.09299,0.09296,0.09307,0.09296,0.093,0,0,0,0,-9.999999999996123e-06,-0.00010752688172038842
1698227700000,2023-10-25T09:55:00Z,0.09299,0.09303,0.09296,0.09298,38483,3579.21106,0.09299,0.093,0.09296,0.093,0.093,0.09301,0.09296,0.09299,0,0,-0.00001957,-0.00001957,-1.0000000000010001e-05,-0.00010753844499419293
1698228000000,2023-10-25T10:00:00Z,0.09298,0.09301,0.09287,0.09288,15280,1419.92835,0.093,0.09301,0.09287,0.09289,0.09299,0.09301,0.09287,0.09291,-0.00001957,0,0,0,-3.0000000000002247e-05,-0.00032289312237651754
1698228300000,2023-10-25T10:05:00Z,0.09288,0.09295,0.09288,0.09295,12152,1128.96007,0.09289,0.09295,0.09289,0.09295,0.09291,0.09296,0.09288,0.09296,0,0,0,0,-9.999999999996123e-06,-0.00010757314974178273
1698228600000,2023-10-25T10:10:00Z,0.09295,0.09297,0.09289,0.09289,24984,2321.97031,0.09295,0.09298,0.0929,0.09292,0.09296,0.09299,0.09292,0.09294,0,0,-0.00021593,0,-4.999999999999449e-05,-0.0005379814934365665
1698228900000,2023-10-25T10:15:00Z,0.09289,0.09297,0.09287,0.09293,75420,7009.37818,0.09292,0.09297,0.09288,0.09293,0.09294,0.09298,0.0929,0.09295,0,0,0,0,-2.0000000000006124e-05,-0.00021516944593874258
1698229200000,2023-10-25T10:20:00Z,0.09293,0.09297,0.09289,0.09293,7285,677.0645,0.09293,0.09299,0.0929,0.09296,0.09295,0.093,0.09292,0.09298,0,0,-0.00003098,0,-4.999999999999449e-05,-0.0005377500537749462
1698229500000,2023-10-25T10:25:00Z,0.09293,0.09303,0.09293,0.09302,73958,6878.99788,0.09296,0.09302,0.09295,0.09302,0.09298,0.09303,0.09297,0.09302,0,0,0,0,0.0,0.0
1698229800000,2023-10-25T10:30:00Z,0.09302,0.09302,0.093,0.093,34049,3167.10218,0.09302,0.09303,0.09299,0.093,0.09302,0.09303,0.09298,0.093,0,0,0,0,0.0,0.0
1698230100000,2023-10-25T10:35:00Z,0.093,0.09307,0.09297,0.09305,27209,2531.94732,0.093,0.09307,0.09298,0.09306,0.093,0.09306,0.09298,0.09306,0,0,0,0,-1.0000000000010001e-05,-0.00010745755426617237
1698230400000,2023-10-25T10:40:00Z,0.09305,0.09314,0.09305,0.09311,320628,29846.60691,0.09306,0.09311,0.09305,0.09311,0.09306,0.09311,0.09305,0.0931,0,0,0,0,9.999999999996123e-06,0.00010741138560683268
1698230700000,2023-10-25T10:45:00Z,0.09311,0.09311,0.09309,0.09311,35011,3259.6822,0.09311,0.09314,0.09306,0.09313,0.0931,0.09314,0.09305,0.09313,0,0,0,0,-2.0000000000006124e-05,-0.00021475357027817162
1698231000000,2023-10-25T10:50:00Z,0.09311,0.09316,0.09309,0.09309,51262,4774.23899,0.09313,0.09316,0.0931,0.09311,0.09313,0.09316,0.09311,0.09312,0,0,-0.0001502,-0.0001502,-2.999999999998837e-05,-0.00032216494845348334
1698231300000,2023-10-25T10:55:00Z,0.09309,0.09317,0.09309,0.09317,22236,2071.26517,0.09311,0.09317,0.0931,0.09317,0.09312,0.09318,0.09311,0.09317,-0.0001502,0,0,0,0.0,0.0
1698231600000,2023-10-25T11:00:00Z,0.09317,0.09317,0.09308,0.09313,14660,1365.50056,0.09317,0.09318,0.09308,0.09313,0.09317,0.09319,0.0931,0.09314,0,0,0,0,-9.999999999996123e-06,-0.00010736525660292165
1698231900000,2023-10-25T11:05:00Z,0.09313,0.09329,0.09313,0.09327,97796,9116.99751,0.09313,0.0933,0.09313,0.09327,0.09314,0.09331,0.09314,0.09328,0,0,0,0,-9.999999999996123e-06,-0.00010720411663803734
1698232200000,2023-10-25T11:10:00Z,0.09327,0.09329,0.09324,0.09329,30302,2825.73087,0.09327,0.09328,0.09325,0.09328,0.09328,0.0933,0.09325,0.0933,0,0,0,0,-9.999999999996123e-06,-0.00010718113612000133
1698232500000,2023-10-25T11:15:00Z,0.09329,0.09343,0.09308,0.09315,345321,32200.5472,0.09328,0.0934,0.09313,0.09315,0.0933,0.0934,0.09314,0.09317,0,-0.00007178,-0.00026675,-0.00026675,-2.0000000000006124e-05,-0.0002146613716862308
1698232800000,2023-10-25T11:20:00Z,0.09315,0.09316,0.09302,0.09312,158445,14744.47626,0.09315,0.09318,0.09308,0.09315,0.09317,0.0932,0.0931,0.09319,-0.00026675,-0.00009659,-0.00012815,-0.00012815,-7.000000000000062e-05,-0.0007511535572486385
1698233100000,2023-10-25T11:25:00Z,0.09312,0.09327,0.09312,0.09316,164337,15322.23182,0.09315,0.09327,0.09315,0.09318,0.09319,0.09332,0.09319,0.09322,-0.00012815,-0.00032108,-0.00043091,-0.00043091,-5.9999999999990616e-05,-0.0006436387041406417
1698233400000,2023-10-25T11:30:00Z,0.09316,0.09317,0.09311,0.09316,203700,18970.99471,0.09318,0.09318,0.09313,0.09317,0.09322,0.09323,0.09317,0.0932,-0.00043091,-0.00034556,-0.00044185,-0.00034556,-3.999999999999837e-05,-0.00042918454935620564
1698233700000,2023-10-25T11:35:00Z,0.09316,0.09327,0.09316,0.09324,14569,1358.19185,0.09317,0.09327,0.09316,0.09325,0.0932,0.09331,0.0932,0.09329,-0.00034556,-0.00013915,-0.00030768,-0.00030768,-4.999999999999449e-05,-0.0005359631257368903
1698234000000,2023-10-25T11:40:00Z,0.09324,0.09326,0.09315,0.09318,8777,818.08088,0.09325,0.09328,0.09317,0.09319,0.09329,0.09332,0.09322,0.09324,-0.00030768,0,-0.0003309,-0.0003309,-6.0000000000004494e-05,-0.0006435006435006917
1698234300000,2023-10-25T11:45:00Z,0.09318,0.09323,0.09318,0.09323,2796,260.558,0.09319,0.09327,0.09318,0.09327,0.09324,0.09332,0.09323,0.09331,-0.0003309,-0.00008846,-0.00045006,-0.00045006,-8.000000000001062e-05,-0.0008573571964420813
1698234600000,2023-10-25T11:50:00Z,0.09323,0.09325,0.09319,0.09323,49699,4632.35604,0.09327,0.09327,0.0932,0.09324,0.09331,0.09331,0.09324,0.09329,-0.00045006,-0.00019491,-0.00028655,-0.00028655,-6.0000000000004494e-05,-0.0006431557508843873
1698234900000,2023-10-25T11:55:00Z,0.09323,0.09333,0.09323,0.09333,57664,5378.16796,0.09324,0.09333,0.09323,0.09333,0.09329,0.09338,0.09328,0.09338,-0.00028655,-0.0002834,-0.00060257,-0.00060257,-5.000000000000837e-05,-0.0005354465624331588
1698235200000,2023-10-25T12:00:00Z,0.09333,0.09339,0.09316,0.0932,90008,8398.50594,0.09333,0.09339,0.09316,0.0932,0.09338,0.09342,0.09318,0.09323,-0.00060257,-0.00003963,-0.00005871,-0.00003963,-2.999999999998837e-05,-0.00032178483320807007
1698235500000,2023-10-25T12:05:00Z,0.0932,0.0933,0.0932,0.09321,132243,12329.96049,0.0932,0.0933,0.0932,0.09322,0.09323,0.0933,0.09323,0.09324,-0.00003963,0,0,0,-3.0000000000002247e-05,-0.00032175032175034586
1698235800000,2023-10-25T12:10:00Z,0.09321,0.0934,0.09317,0.09338,148597,13872.76206,0.09322,0.09338,0.09318,0.09337,0.09324,0.09338,0.0932,0.09337,0,0,-0.00005207,-0.00005207,1.0000000000010001e-05,0.00010710078183581452
1698236100000,2023-10-25T12:15:00Z,0.09338,0.09341,0.09321,0.09325,133390,12444.1365,0.09337,0.09341,0.0932,0.09326,0.09337,0.09341,0.0932,0.09326,-0.00005207,0,0,0,-9.999999999996123e-06,-0.00010722710701261124
1698236400000,2023-10-25T12:20:00Z,0.09325,0.09331,0.09323,0.09331,31686,2955.30177,0.09326,0.09332,0.09321,0.09332,0.09326,0.09332,0.09321,0.09332,0,0,0,0,-9.999999999996123e-06,-0.00010715816545216592
1698236700000,2023-10-25T12:25:00Z,0.09331,0.09336,0.09329,0.09329,43086,4021.16185,0.09332,0.09337,0.09328,0.0933,0.09332,0.09337,0.09328,0.0933,0,0,0,0,-9.999999999996123e-06,-0.00010718113612000133
1698237000000,2023-10-25T12:30:00Z,0.09329,0.09335,0.09322,0.09322,62001,5784.86451,0.0933,0.09335,0.09321,0.09323,0.0933,0.09335,0.09321,0.09324,0,0,0,0,-2.0000000000006124e-05,-0.00021450021450028018
1698237300000,2023-10-25T12:35:00Z,0.09322,0.09326,0.09317,0.09323,132752,12374.13677,0.09323,0.09324,0.09316,0.09324,0.09324,0.09325,0.09316,0.09325,0,0,0,0,-2.0000000000006124e-05,-0.0002144772117963123
1698237600000,2023-10-25T12:40:00Z,0.09323,0.09339,0.09323,0.09339,50198,4685.17812,0.09324,0.09336,0.09324,0.09336,0.09325,0.09336,0.09325,0.09336,0,0,0,0,3.0000000000002247e-05,0.00032133676092547397
1698237900000,2023-10-25T12:45:00Z,0.09339,0.09339,0.09319,0.09321,199796,18640.87807,0.09336,0.09338,0.09316,0.09322,0.09336,0.09338,0.09316,0.09322,0,0.00009218,0,0,-9.999999999996123e-06,-0.0001072731173567488
1698238200000,2023-10-25T12:50:00Z,0.09321,0.09324,0.09319,0.09321,33164,3091.95286,0.09322,0.09324,0.09318,0.09323,0.09322,0.09322,0.09316,0.09322,0,0,0,0,-9.999999999996123e-06,-0.0001072731173567488
1698238500000,2023-10-25T12:55:00Z,0.09321,0.09324,0.09317,0.09317,106736,9948.55242,0.09323,0.09324,0.09317,0.09317,0.09322,0.09323,0.09316,0.09317,0,0,0,0,0.0,0.0
1698238800000,2023-10-25T13:00:00Z,0.09317,0.09327,0.09313,0.09319,107544,10023.9479,0.09317,0.09327,0.09315,0.0932,0.09317,0.09328,0.09315,0.0932,0,0,0,0,-1.0000000000010001e-05,-0.0001072961373391631
1698239100000,2023-10-25T13:05:00Z,0.09319,0.09335,0.09316,0.09322,173012,16136.85396,0.0932,0.09333,0.09317,0.09324,0.0932,0.09334,0.09317,0.09324,0,0,0,0,-2.0000000000006124e-05,-0.00021450021450028018
1698239400000,2023-10-25T13:10:00Z,0.09322,0.09333,0.09321,0.09333,39388,3673.90296,0.09324,0.09335,0.09321,0.09333,0.09324,0.09336,0.09322,0.09334,0,0,0,0,-1.0000000000010001e-05,-0.00010713520462834798
1698239700000,2023-10-25T13:15:00Z,0.09333,0.09335,0.09326,0.09333,70564,6584.46752,0.09333,0.09335,0.09329,0.09333,0.09334,0.09336,0.0933,0.09334,0,0,0,0,-1.0000000000010001e-05,-0.00010713520462834798
1698240000000,2023-10-25T13:20:00Z,0.09333,0.09339,0.09322,0.09329,327759,30584.23399,0.09333,0.09335,0.09321,0.09326,0.09334,0.09336,0.09321,0.09325,0,0,0,0,3.999999999999837e-05,0.0004289544235924758
1698240300000,2023-10-25T13:25:00Z,0.09329,0.09329,0.09315,0.09322,130590,12168.68289,0.09326,0.09328,0.09315,0.09324,0.09325,0.09327,0.09314,0.09324,0,0,0,0,-2.0000000000006124e-05,-0.00021450021450028018
1698240600000,2023-10-25T13:30:00Z,0.09322,0.09327,0.09312,0.09316,36909,3438.08458,0.09324,0.09329,0.09314,0.09317,0.09324,0.0933,0.09315,0.09319,0,0,0,0,-2.999999999998837e-05,-0.0003219229531064317
1698240900000,2023-10-25T13:35:00Z,0.09316,0.09319,0.09313,0.09319,120068,11184.94308,0.09317,0.0932,0.09313,0.09319,0.09319,0.09323,0.09315,0.09321,0,-0.0001611,-0.00029713,-0.00029713,-2.0000000000006124e-05,-0.0002145692522262217
1698241200000,2023-10-25T13:40:00Z,0.09319,0.09319,0.093,0.09302,307352,28594.48722,0.09319,0.09319,0.093,0.09302,0.09321,0.09321,0.09302,0.09306,-0.00029713,0,-0.00017058,-0.00017058,-3.999999999999837e-05,-0.0004298302170642421
1698241500000,2023-10-25T13:45:00Z,0.09302,0.09307,0.09297,0.09297,140388,13055.60894,0.09302,0.09307,0.09298,0.09299,0.09306,0.0931,0.09303,0.09304,-0.00017058,-0.00037126,-0.00053717,-0.00053717,-7.000000000000062e-05,-0.0007523645743766189
1698241800000,2023-10-25T13:50:00Z,0.09297,0.09321,0.09297,0.09321,189705,17659.99672,0.09299,0.09321,0.09299,0.09321,0.09304,0.09324,0.09304,0.09324,-0.00053717,-0.00016827,-0.00036925,-0.00036925,-3.0000000000002247e-05,-0.00032175032175034586
1698242100000,2023-10-25T13:55:00Z,0.09321,0.09327,0.0932,0.09321,123900,11552.27543,0.09321,0.09327,0.09321,0.09321,0.09324,0.0933,0.09323,0.09323,-0.00036925,0,-0.00005662,0,-1.9999999999992246e-05,-0.00021452322213871337
1698242400000,2023-10-25T14:00:00Z,0.09321,0.09321,0.09308,0.09308,22775,2120.75461,0.09321,0.09321,0.09308,0.09309,0.09323,0.09323,0.09311,0.09312,0,0,0,0,-3.999999999999837e-05,-0.00042955326460479353
1698242700000,2023-10-25T14:05:00Z,0.09308,0.09314,0.09305,0.09314,60997,5677.71928,0.09309,0.09316,0.09307,0.09316,0.09312,0.09319,0.09308,0.09319,0,0,0,0,-4.999999999999449e-05,-0.0005365382551775351
1698243000000,2023-10-25T14:10:00Z,0.09314,0.09326,0.09314,0.09324,23066,2150.57254,0.09316,0.09326,0.09316,0.09325,0.09319,0.0933,0.09319,0.09328,0,0,-0.00039328,-0.00039328,-3.999999999999837e-05,-0.00042881646655229815
1698243300000,2023-10-25T14:15:00Z,0.09324,0.09328,0.09303,0.09305,174624,16251.74474,0.09325,0.09328,0.09305,0.09306,0.09328,0.09331,0.09308,0.09309,-0.00039328,0,0,0,-4.000000000001225e-05,-0.00042969169620810235
1698243600000,2023-10-25T14:20:00Z,0.09305,0.09329,0.09303,0.09324,91353,8509.27203,0.09306,0.0933,0.09305,0.09324,0.09309,0.09333,0.09308,0.09326,0,0,-0.00017599,0,-1.9999999999992246e-05,-0.00021445421402522248
1698243900000,2023-10-25T14:25:00Z,0.09324,0.09329,0.0932,0.09326,48820,4553.45722,0.09324,0.09329,0.0932,0.09326,0.09326,0.09331,0.09323,0.09329,0,0,0,0,-3.0000000000002247e-05,-0.00032157787544219365
1698244200000,2023-10-25T14:30:00Z,0.09326,0.09339,0.09326,0.09337,61860,5773.586,0.09326,0.09339,0.09326,0.09337,0.09329,0.0934,0.09328,0.09336,0,0,0,0,9.999999999996123e-06,0.0001071122536417751
1698244500000,2023-10-25T14:35:00Z,0.09337,0.09342,0.09329,0.09342,63459,5923.01773,0.09337,0.09342,0.09329,0.0934,0.09336,0.09342,0.0933,0.0934,0,0,0,0,2.0000000000006124e-05,0.00021413276231269942
1698244800000,2023-10-25T14:40:00Z,0.09342,0.09348,0.09339,0.09347,164471,15369.06083,0.0934,0.09349,0.09338,0.09349,0.0934,0.09349,0.09338,0.09349,0,0,0,0,-2.0000000000006124e-05,-0.00021392662316831878
1698245100000,2023-10-25T14:45:00Z,0.09347,0.09355,0.09347,0.09352,262259,24525.62785,0.09349,0.09352,0.09347,0.0935,0.09349,0.09352,0.09347,0.09349,0,0,0,0,3.0000000000002247e-05,0.00032088993475240394
1698245400000,2023-10-25T14:50:00Z,0.09352,0.09356,0.09343,0.09353,90570,8469.43997,0.0935,0.09356,0.09343,0.09355,0.09349,0.09356,0.09342,0.09355,0,0,0,0,-1.9999999999992246e-05,-0.00021378941742375464
1698245700000,2023-10-25T14:55:00Z,0.09353,0.09388,0.09353,0.09364,1486760,139368.13524,0.09355,0.09366,0.09354,0.09361,0.09355,0.09366,0.09354,0.0936,0,0.00017947,0,0.00017947,3.999999999999837e-05,0.00042735042735040995
1698246000000,2023-10-25T15:00:00Z,0.09364,0.09374,0.09353,0.09371,199151,18648.76166,0.09361,0.09374,0.09353,0.0937,0.0936,0.09373,0.09352,0.09368,0.00017947,0.0000064,0,0,3.0000000000002247e-05,0.0003202391118702204
1698246300000,2023-10-25T15:05:00Z,0.09371,0.09388,0.09367,0.09376,135510,12708.54833,0.0937,0.09384,0.09367,0.09375,0.09368,0.09383,0.09365,0.09372,0,0.00006012,0,0,3.999999999999837e-05,0.0004268032437046348
1698246600000,2023-10-25T15:10:00Z,0.09376,0.0939,0.09372,0.09385,153164,14371.75137,0.09375,0.09389,0.09372,0.09389,0.09372,0.09389,0.0937,0.09389,0,0,0,0,-3.999999999999837e-05,-0.00042603046117795687
1698246900000,2023-10-25T15:15:00Z,0.09385,0.09403,0.09372,0.09372,1805113,169554.55332,0.09389,0.09394,0.09372,0.09373,0.09389,0.09394,0.09372,0.09373,0,0,0,0,-9.999999999996123e-06,-0.00010668942707773523
1698247200000,2023-10-25T15:20:00Z,0.09372,0.09387,0.09355,0.09387,1093608,102390.2837,0.09373,0.09387,0.09366,0.09387,0.09373,0.09387,0.09366,0.09387,0,0,0,0,0.0,0.0
1698247500000,2023-10-25T15:25:00Z,0.09387,0.09403,0.0937,0.09391,2365726,222214.44054,0.09387,0.09391,0.09373,0.09389,0.09387,0.0939,0.09373,0.09388,0,0.00015075,0.00004744,0.00004744,2.999999999998837e-05,0.0003195568811247163
1698247800000,2023-10-25T15:30:00Z,0.09391,0.09408,0.09391,0.09404,220290,20704.24724,0.09389,0.09405,0.09389,0.09402,0.09388,0.094,0.09388,0.09397,0.00004744,0.0004735,0.00014449,0.0004735,7.000000000000062e-05,0.0007449185910397
1698248100000,2023-10-25T15:35:00Z,0.09404,0.09405,0.09391,0.09395,135459,12732.32166,0.09402,0.09404,0.09391,0.09394,0.09397,0.09399,0.09387,0.0939,0.0004735,0.00010589,0,0.00010589,5.000000000000837e-05,0.0005324813631523788
1698248400000,2023-10-25T15:40:00Z,0.09395,0.09395,0.09375,0.09381,399724,37507.65944,0.09394,0.09395,0.09375,0.09381,0.0939,0.09391,0.09374,0.09379,0.00010589,0.00023424,0,0.00023424,2.0000000000006124e-05,0.00021324234993076155
1698248700000,2023-10-25T15:45:00Z,0.09381,0.09397,0.0938,0.09397,24227,2274.72898,0.09381,0.09397,0.0938,0.09396,0.09379,0.09397,0.09378,0.09394,0.00023424,0.0000496,0,0,3.0000000000002247e-05,0.00031935277836919577
1698249000000,2023-10-25T15:50:00Z,0.09397,0.09398,0.09388,0.09391,120428,11313.02743,0.09396,0.09397,0.09389,0.09391,0.09394,0.09396,0.09387,0.09389,0,0.00009831,0.00006761,0.00009831,1.9999999999992246e-05,0.00021301523058890452
1698249300000,2023-10-25T15:55:00Z,0.09391,0.09393,0.09381,0.09385,251775,23634.32013,0.09391,0.09391,0.09379,0.09384,0.09389,0.09389,0.09377,0.09381,0.00009831,0.00018639,0.00006813,0.00006813,3.999999999999837e-05,0.0004263937746508727
1698249600000,2023-10-25T16:00:00Z,0.09385,0.0939,0.09373,0.09381,885250,83023.78946,0.09384,0.09389,0.09375,0.09381,0.09381,0.09387,0.09373,0.0938,0.00006813,0,0,0,1.0000000000010001e-05,0.00010660980810245204
1698249900000,2023-10-25T16:05:00Z,0.09381,0.09409,0.09377,0.09399,602465,56624.55389,0.09381,0.09402,0.09377,0.09399,0.0938,0.094,0.09376,0.09398,0,0.00009958,0,0,1.0000000000010001e-05,0.00010640561821674826
1698250200000,2023-10-25T16:10:00Z,0.09399,0.09407,0.09391,0.09402,105756,9942.6752,0.09399,0.09406,0.09391,0.09404,0.09398,0.09405,0.0939,0.09403,0,0,0,0,-9.999999999996123e-06,-0.00010634903754116902
1698250500000,2023-10-25T16:15:00Z,0.09402,0.09409,0.09377,0.09383,386711,36319.08606,0.09404,0.09409,0.09377,0.09382,0.09403,0.09408,0.09375,0.0938,0,0,0,0,3.0000000000002247e-05,0.00031982942430706023
1698250800000,2023-10-25T16:20:00Z,0.09383,0.09386,0.09359,0.09362,208864,19557.7421,0.09382,0.09385,0.09357,0.09367,0.0938,0.09383,0.09356,0.09367,0,0,0,0,-5.000000000000837e-05,-0.0005337888331377001
1698251100000,2023-10-25T16:25:00Z,0.09362,0.09364,0.09336,0.09336,1427585,133417.30499,0.09367,0.09369,0.09336,0.09337,0.09367,0.0937,0.09341,0.09342,0,-0.00026813,-0.00048567,-0.00048567,-6.0000000000004494e-05,-0.0006422607578677424
1698251400000,2023-10-25T16:30:00Z,0.09336,0.09359,0.09336,0.09353,137042,12811.87481,0.09337,0.09359,0.09337,0.09355,0.09342,0.09364,0.09342,0.09359,-0.00048567,-0.00011479,-0.00034675,-0.00011479,-6.0000000000004494e-05,-0.000641094133988722
1698251700000,2023-10-25T16:35:00Z,0.09353,0.09355,0.09337,0.09337,194206,18144.36361,0.09355,0.09355,0.09338,0.09338,0.09359,0.09359,0.09341,0.09341,-0.00011479,0,-0.00024866,-0.00024866,-4.000000000001225e-05,-0.0004282196766942752
1698252000000,2023-10-25T16:40:00Z,0.09337,0.09346,0.09314,0.09343,1700919,158591.71553,0.09338,0.09346,0.09327,0.09344,0.09341,0.09352,0.09332,0.09352,-0.00024866,-0.00002163,-0.00024157,-0.00024157,-9.000000000000674e-05,-0.000962360992301184
1698252300000,2023-10-25T16:45:00Z,0.09343,0.0936,0.09343,0.0936,321721,30097.13802,0.09344,0.0936,0.09344,0.0936,0.09352,0.09361,0.09352,0.0936,-0.00024157,-0.00016255,-0.00036086,-0.00016255,0.0,0.0
1698252600000,2023-10-25T16:50:00Z,0.0936,0.09364,0.09347,0.09348,609912,57085.42999,0.0936,0.09361,0.09347,0.0935,0.0936,0.09361,0.09349,0.09354,-0.00016255,-0.00027451,-0.00046836,-0.00027451,-6.0000000000004494e-05,-0.0006414368184734285
1698252900000,2023-10-25T16:55:00Z,0.09348,0.09357,0.09338,0.09338,75845,7091.23805,0.0935,0.09357,0.09338,0.09338,0.09354,0.0936,0.09339,0.0934,-0.00027451,0,-0.00033728,0,-1.9999999999992246e-05,-0.00021413276231255083
1698253200000,2023-10-25T17:00:00Z,0.09338,0.09342,0.09324,0.0934,236999,22118.91073,0.09338,0.09343,0.09325,0.0934,0.0934,0.09346,0.09329,0.09343,0,0,-0.00035696,0,-3.0000000000002247e-05,-0.00032109600770632824
1698253500000,2023-10-25T17:05:00Z,0.0934,0.09357,0.0934,0.09356,145153,13571.56117,0.0934,0.09357,0.0934,0.09356,0.09343,0.0936,0.09342,0.0936,0,-0.00027743,-0.00029078,-0.00029078,-3.999999999999837e-05,-0.00042735042735040995
1698253800000,2023-10-25T17:10:00Z,0.09356,0.09365,0.09351,0.09359,318730,29842.55696,0.09356,0.09364,0.09352,0.09359,0.0936,0.09364,0.09357,0.09359,-0.00029078,0,0,0,0.0,0.0
1698254100000,2023-10-25T17:15:00Z,0.09359,0.09365,0.09352,0.09352,39205,3669.17394,0.09359,0.09366,0.09352,0.09354,0.09359,0.09367,0.09353,0.09356,0,0,-0.00013965,0,-3.999999999999837e-05,-0.00042753313381785346
1698254400000,2023-10-25T17:20:00Z,0.09352,0.09364,0.09352,0.0936,135328,12666.40532,0.09354,0.09362,0.09353,0.0936,0.09356,0.09364,0.09355,0.09361,0,0,-0.00016693,-0.00016693,-9.999999999996123e-06,-0.00010682619378267411
1698254700000,2023-10-25T17:25:00Z,0.0936,0.09363,0.09358,0.09363,32402,3032.81747,0.0936,0.09364,0.09358,0.09363,0.09361,0.09365,0.09357,0.09364,-0.00016693,0,0,0,-9.999999999996123e-06,-0.00010679196924387146
1698255000000,2023-10-25T17:30:00Z,0.09363,0.09373,0.09363,0.09372,35768,3351.33975,0.09363,0.09372,0.09363,0.09372,0.09364,0.09374,0.09364,0.09374,0,0,0,0,-2.0000000000006124e-05,-0.0002133560913164724
1698255300000,2023-10-25T17:35:00Z,0.09372,0.09373,0.09361,0.09361,144110,13498.81884,0.09372,0.09373,0.09361,0.09361,0.09374,0.09376,0.09361,0.09361,0,0,0,0,0.0,0.0
1698255600000,2023-10-25T17:40:00Z,0.09361,0.09361,0.09351,0.09357,25291,2366.07154,0.09361,0.09362,0.09351,0.09356,0.09361,0.09363,0.09352,0.09355,0,0,0,0,2.0000000000006124e-05,0.000213789417423903
1698255900000,2023-10-25T17:45:00Z,0.09357,0.09371,0.09357,0.09367,91680,8584.73603,0.09356,0.09373,0.09356,0.09368,0.09355,0.09374,0.09355,0.0937,0,0,0,0,-3.0000000000002247e-05,-0.0003201707577374839
1698256200000,2023-10-25T17:50:00Z,0.09367,0.09369,0.09353,0.09358,199300,18644.65738,0.09368,0.09371,0.09353,0.0936,0.0937,0.09373,0.09353,0.09361,0,0,0,0,-3.0000000000002247e-05,-0.0003204785813481706
1698256500000,2023-10-25T17:55:00Z,0.09358,0.09361,0.09355,0.0936,33572,3141.59078,0.0936,0.09365,0.09357,0.09365,0.09361,0.09368,0.09359,0.09367,0,0,0,0,-7.000000000000062e-05,-0.0007473043663926616
1698256800000,2023-10-25T18:00:00Z,0.0936,0.09373,0.09359,0.09373,134635,12608.78937,0.09365,0.09376,0.09362,0.09373,0.09367,0.09378,0.09365,0.09375,0,0,0,0,-2.0000000000006124e-05,-0.00021333333333339866
1698257100000,2023-10-25T18:05:00Z,0.09373,0.09373,0.09351,0.09359,1001455,93704.30009,0.09373,0.09374,0.09362,0.09362,0.09375,0.09376,0.09365,0.09365,0,0,0,0,-5.9999999999990616e-05,-0.0006406833956218966
1698257400000,2023-10-25T18:10:00Z,0.09359,0.0936,0.09353,0.09357,8006,749.13968,0.09362,0.09364,0.09354,0.09359,0.09365,0.09367,0.09355,0.09362,0,-0.0000017,-0.00036257,-0.0000017,-4.999999999999449e-05,-0.0005340739158298921
1698257700000,2023-10-25T18:15:00Z,0.09357,0.09361,0.09357,0.09357,32375,3029.94104,0.09359,0.09363,0.09357,0.09357,0.09362,0.09367,0.09358,0.09358,-0.0000017,-0.00007562,-0.00063805,-0.00007562,-9.999999999996123e-06,-0.00010686044026497247
1698258000000,2023-10-25T18:20:00Z,0.09357,0.09357,0.09343,0.09349,156304,14612.84221,0.09357,0.09361,0.09345,0.09351,0.09358,0.09364,0.09349,0.09356,-0.00007562,-0.00009689,-0.00013425,-0.00013425,-7.000000000000062e-05,-0.0007481829841812806
1698258300000,2023-10-25T18:25:00Z,0.09349,0.09358,0.09349,0.0935,43627,4080.6258,0.09351,0.09358,0.0935,0.0935,0.09356,0.09362,0.09351,0.09351,-0.00013425,-0.00042739,-0.00042739,-0.00042739,-9.999999999996123e-06,-0.00010694043417812131
1698258600000,2023-10-25T18:30:00Z,0.0935,0.09354,0.09343,0.09354,94246,8809.94961,0.0935,0.09356,0.09343,0.09354,0.09351,0.09361,0.09347,0.0936,-0.00042739,-0.00044324,-0.00060747,-0.00060747,-6.0000000000004494e-05,-0.0006410256410256891
1698258900000,2023-10-25T18:35:00Z,0.09354,0.09354,0.09348,0.09348,20881,1952.10458,0.09354,0.09356,0.09348,0.09348,0.0936,0.09361,0.0935,0.09351,-0.00060747,-0.00057599,-0.00061864,-0.00057599,-3.0000000000002247e-05,-0.00032082130253451236
1698259200000,2023-10-25T18:40:00Z,0.09348,0.09353,0.09346,0.09346,65076,6083.81826,0.09348,0.09353,0.09346,0.09347,0.09351,0.09359,0.09349,0.09353,-0.00057599,-0.00031491,-0.00049994,-0.00049994,-7.000000000000062e-05,-0.0007484229658933028
1698259500000,2023-10-25T18:45:00Z,0.09346,0.09357,0.09344,0.09354,124158,11608.78424,0.09347,0.09356,0.09344,0.09354,0.09353,0.09359,0.09348,0.09358,-0.00049994,-0.00010441,-0.00038518,-0.00010441,-3.999999999999837e-05,-0.00042744176106003815
1698259800000,2023-10-25T18:50:00Z,0.09354,0.09416,0.09354,0.09392,1816318,170486.66891,0.09354,0.09411,0.09354,0.09392,0.09358,0.0941,0.09358,0.09392,-0.00010441,0,0,0,0.0,0.0
1698260100000,2023-10-25T18:55:00Z,0.09392,0.09392,0.09358,0.09375,1974225,185076.24478,0.09392,0.09392,0.09359,0.09375,0.09392,0.09393,0.09359,0.09374,0,0.00003701,0.00002828,0.00003701,9.999999999996123e-06,0.00010667804565816219
1698260400000,2023-10-25T19:00:00Z,0.09375,0.09392,0.09355,0.09355,3576456,335200.21183,0.09375,0.0939,0.09355,0.09356,0.09374,0.0939,0.09354,0.09355,0.00003701,0,-0.00000491,0,0.0,0.0
1698260700000,2023-10-25T19:05:00Z,0.09355,0.09359,0.09353,0.09354,63033,5897.25644,0.09356,0.09362,0.09353,0.09356,0.09355,0.09362,0.09353,0.09357,0,-0.00007055,-0.00016641,-0.00007055,-3.0000000000002247e-05,-0.0003206155819173052
1698261000000,2023-10-25T19:10:00Z,0.09354,0.09366,0.09354,0.09363,30524,2858.01999,0.09356,0.09366,0.09356,0.09363,0.09357,0.09368,0.09357,0.09364,-0.00007055,0,-0.00003843,-0.00003843,-9.999999999996123e-06,-0.00010679196924387146
1698261300000,2023-10-25T19:15:00Z,0.09363,0.09363,0.09357,0.0936,91571,8569.87424,0.09363,0.09364,0.09357,0.09364,0.09364,0.09366,0.09357,0.09366,-0.00003843,0,-0.00014484,0,-5.9999999999990616e-05,-0.000640614990390675
1698261600000,2023-10-25T19:20:00Z,0.0936,0.09364,0.09356,0.09357,83350,7804.24709,0.09364,0.09367,0.09356,0.09362,0.09366,0.09369,0.09357,0.09364,0,0,0,0,-7.000000000000062e-05,-0.0007475437847073965
1698261900000,2023-10-25T19:25:00Z,0.09357,0.09358,0.09354,0.09358,53684,5021.82282,0.09362,0.09362,0.09355,0.0936,0.09364,0.09364,0.09356,0.09363,0,0,-0.00014235,0,-5.000000000000837e-05,-0.0005340168749333373
1698262200000,2023-10-25T19:30:00Z,0.09358,0.09364,0.09358,0.09363,38626,3616.60943,0.0936,0.09367,0.0936,0.09366,0.09363,0.09369,0.09362,0.09369,0,-0.00016593,-0.00019767,-0.00019767,-5.9999999999990616e-05,-0.0006404098623117795
1698262500000,2023-10-25T19:35:00Z,0.09363,0.09368,0.09359,0.09367,22195,2078.78232,0.09366,0.09369,0.09361,0.09367,0.09369,0.09374,0.09365,0.09368,-0.00019767,-0.00015236,-0.00036477,-0.00036477,-9.999999999996123e-06,-0.00010674637062335741
1698262800000,2023-10-25T19:40:00Z,0.09367,0.09377,0.09361,0.09361,141604,13267.54316,0.09367,0.09374,0.09362,0.09362,0.09368,0.09374,0.09365,0.09365,-0.00036477,-0.00000298,-0.00004994,-0.00004994,-3.999999999999837e-05,-0.0004271222637479805
1698263100000,2023-10-25T19:45:00Z,0.09361,0.09368,0.0936,0.09367,16759,1569.17767,0.09362,0.09368,0.09361,0.09367,0.09365,0.09371,0.09362,0.09369,-0.00004994,0,-0.00013351,-0.00013351,-1.9999999999992246e-05,-0.0002134699541038771
1698263400000,2023-10-25T19:50:00Z,0.09367,0.09367,0.09361,0.09367,9658,904.53431,0.09367,0.0937,0.09361,0.09368,0.09369,0.09373,0.09364,0.09371,-0.00013351,-0.00016992,-0.00026436,-0.00016992,-3.999999999999837e-05,-0.00042684878881654433
1698263700000,2023-10-25T19:55:00Z,0.09367,0.09372,0.09367,0.09371,88148,8259.99656,0.09368,0.09373,0.09367,0.09371,0.09371,0.09375,0.09368,0.09371,-0.00016992,0,-0.00003669,-0.00003669,0.0,0.0
1698264000000,2023-10-25T20:00:00Z,0.09371,0.09371,0.09367,0.09367,109807,10286.89379,0.09371,0.09371,0.09367,0.09367,0.09371,0.09373,0.09368,0.09368,-0.00003669,-0.00012325,-0.0001256,-0.00012325,-9.999999999996123e-06,-0.00010674637062335741
1698264300000,2023-10-25T20:05:00Z,0.09367,0.0937,0.09355,0.09369,180118,16869.54753,0.09367,0.0937,0.09355,0.09369,0.09368,0.09371,0.09355,0.0937,-0.00012325,0,-0.00007206,0,-1.0000000000010001e-05,-0.00010672358591259339
1698264600000,2023-10-25T20:10:00Z,0.09369,0.09374,0.09367,0.09369,64007,5997.39004,0.09369,0.09373,0.09368,0.09369,0.0937,0.09373,0.09369,0.0937,0,0,-0.00001494,-0.00001494,-1.0000000000010001e-05,-0.00010672358591259339
1698264900000,2023-10-25T20:15:00Z,0.09369,0.09379,0.09366,0.09373,217455,20386.16382,0.09369,0.09376,0.09366,0.09372,0.0937,0.09376,0.09366,0.09372,-0.00001494,0,0,0,9.999999999996123e-06,0.00010670081092612167
1698265200000,2023-10-25T20:20:00Z,0.09373,0.09374,0.09369,0.09369,35508,3327.87123,0.09372,0.09375,0.09368,0.0937,0.09372,0.09375,0.09368,0.0937,0,0,0,0,-1.0000000000010001e-05,-0.00010672358591259339
1698265500000,2023-10-25T20:25:00Z,0.09369,0.0937,0.09366,0.0937,23170,2170.49354,0.0937,0.09376,0.09365,0.09374,0.0937,0.09376,0.09365,0.09374,0,0,0,0,-3.999999999999837e-05,-0.0004267121826327968
1698265800000,2023-10-25T20:30:00Z,0.0937,0.09384,0.0937,0.09373,16944,1589.45776,0.09374,0.09383,0.0937,0.0937,0.09374,0.09383,0.0937,0.0937,0,0,0,0,2.999999999998837e-05,0.0003201707577373358
1698266100000,2023-10-25T20:35:00Z,0.09373,0.09375,0.09369,0.09372,39652,3716.85427,0.0937,0.09375,0.09367,0.09372,0.0937,0.09375,0.09367,0.09372,0,0,0,0,0.0,0.0
1698266400000,2023-10-25T20:40:00Z,0.09372,0.0938,0.09372,0.09373,92358,8661.8078,0.09372,0.09375,0.09372,0.09372,0.09372,0.09374,0.09371,0.09371,0,0,0,0,1.9999999999992246e-05,0.0002134243944081981
1698266700000,2023-10-25T20:45:00Z,0.09373,0.09373,0.09358,0.09359,47464,4443.62242,0.09372,0.09372,0.09358,0.09359,0.09371,0.09371,0.09358,0.09358,0,0,0,0,1.0000000000010001e-05,0.00010686044026512076
1698267000000,2023-10-25T20:50:00Z,0.09359,0.09359,0.09349,0.0935,121447,11356.98051,0.09359,0.09359,0.0935,0.09351,0.09358,0.09359,0.0935,0.09351,0,0,0,0,-9.999999999996123e-06,-0.00010694043417812131
1698267300000,2023-10-25T20:55:00Z,0.0935,0.09352,0.09345,0.09349,92429,8640.20189,0.09351,0.09352,0.09346,0.09349,0.09351,0.09353,0.09347,0.09349,0,0,-0.00005881,-0.00005881,0.0,0.0
1698267600000,2023-10-25T21:00:00Z,0.09349,0.09351,0.09327,0.09348,1052775,98263.0858,0.09349,0.0935,0.09341,0.09348,0.09349,0.09351,0.09343,0.09348,-0.00005881,-0.00010718,-0.00021537,-0.00021537,0.0,0.0
1698267900000,2023-10-25T21:05:00Z,0.09348,0.09353,0.09347,0.09353,94879,8872.68871,0.09348,0.09353,0.09347,0.09353,0.09348,0.09355,0.09348,0.09354,-0.00021537,-0.0001069,-0.0001069,-0.0001069,-9.999999999996123e-06,-0.00010690613641218862
1698268200000,2023-10-25T21:10:00Z,0.09353,0.09353,0.09343,0.09345,79291,7410.40331,0.09353,0.09353,0.09343,0.09345,0.09354,0.09355,0.09346,0.09348,-0.0001069,-0.00010729,-0.00021482,-0.00010729,-2.999999999998837e-05,-0.0003209242618740733
1698268500000,2023-10-25T21:15:00Z,0.09345,0.09355,0.09343,0.09355,197949,18497.8715,0.09345,0.09355,0.09343,0.09355,0.09348,0.09357,0.09346,0.09355,-0.00010729,0,-0.00023904,0,0.0,0.0
1698268800000,2023-10-25T21:20:00Z,0.09355,0.09356,0.09352,0.09353,10047,939.92162,0.09355,0.09356,0.09352,0.09353,0.09355,0.09358,0.09355,0.09356,0,0,-0.00015368,-0.00015368,-3.0000000000002247e-05,-0.0003206498503634272
1698269100000,2023-10-25T21:25:00Z,0.09353,0.09357,0.09353,0.09356,25095,2347.91084,0.09353,0.09357,0.09353,0.09356,0.09356,0.09358,0.09356,0.09357,-0.00015368,0,-0.00001218,0,-9.999999999996123e-06,-0.0001068718606390523
1698269400000,2023-10-25T21:30:00Z,0.09356,0.09356,0.09343,0.09344,55173,5158.85901,0.09356,0.09356,0.09342,0.09342,0.09357,0.09357,0.09342,0.09342,0,0,0,0,1.9999999999992246e-05,0.0002140869192891484
1698269700000,2023-10-25T21:35:00Z,0.09344,0.09344,0.09334,0.09341,189411,17691.15534,0.09342,0.09343,0.09336,0.09339,0.09342,0.09344,0.09337,0.09339,0,0,0,0,2.0000000000006124e-05,0.00021415569118755887
1698270000000,2023-10-25T21:40:00Z,0.09341,0.09341,0.09323,0.09331,140444,13105.84902,0.09339,0.09341,0.09326,0.09331,0.09339,0.09341,0.09329,0.09333,0,0,0,0,-1.9999999999992246e-05,-0.0002142933676201891
1698270300000,2023-10-25T21:45:00Z,0.09331,0.09331,0.09322,0.09327,20224,1885.4874,0.09331,0.09331,0.09322,0.09327,0.09333,0.09334,0.09325,0.09329,0,0,-0.00009979,0,-1.9999999999992246e-05,-0.0002143852502946966
1698270600000,2023-10-25T21:50:00Z,0.09327,0.09327,0.09323,0.09323,205727,19180.48306,0.09327,0.09327,0.09323,0.09325,0.09329,0.0933,0.09326,0.09328,0,-0.00021438,-0.00064315,-0.00064315,-5.000000000000837e-05,-0.0005360205831904842
1698270900000,2023-10-25T21:55:00Z,0.09323,0.09353,0.09323,0.09343,421905,39422.40708,0.09325,0.09347,0.09325,0.09345,0.09328,0.0935,0.09328,0.09348,-0.00064315,0,0,0,-4.999999999999449e-05,-0.0005348737697902706
1698271200000,2023-10-25T22:00:00Z,0.09343,0.09353,0.09343,0.09344,15041,1405.92462,0.09345,0.09352,0.09343,0.09343,0.09348,0.09352,0.09342,0.09343,0,0,0,0,9.999999999996123e-06,0.00010703200256872656
1698271500000,2023-10-25T22:05:00Z,0.09344,0.09346,0.0934,0.09346,19880,1857.69039,0.09343,0.0935,0.09339,0.0935,0.09343,0.0935,0.09339,0.0935,0,0,0,0,-3.999999999999837e-05,-0.0004278074866309986
1698271800000,2023-10-25T22:10:00Z,0.09346,0.09353,0.09346,0.09353,10340,967.03331,0.0935,0.09355,0.09349,0.09355,0.0935,0.09355,0.09349,0.09355,0,0,0,0,-1.9999999999992246e-05,-0.00021378941742375464
1698272100000,2023-10-25T22:15:00Z,0.09353,0.09361,0.09353,0.09353,52327,4895.93473,0.09355,0.0936,0.09349,0.09355,0.09355,0.0936,0.09349,0.09356,0,0,0,0,-3.0000000000002247e-05,-0.0003206498503634272
1698272400000,2023-10-25T22:20:00Z,0.09353,0.09353,0.09348,0.09348,23894,2234.12198,0.09355,0.09356,0.09348,0.09348,0.09356,0.09357,0.09349,0.0935,0,0,-0.00004618,0,-2.0000000000006124e-05,-0.00021390374331557352
1698272700000,2023-10-25T22:25:00Z,0.09348,0.09352,0.09348,0.09348,51696,4833.6666,0.09348,0.09352,0.09346,0.09349,0.0935,0.09354,0.09346,0.09349,0,0,0,0,-1.0000000000010001e-05,-0.00010696331158423362
1698273000000,2023-10-25T22:30:00Z,0.09348,0.09355,0.09348,0.09355,44582,4168.78709,0.09349,0.09356,0.09348,0.09355,0.09349,0.09356,0.09348,0.09355,0,0,0,0,0.0,0.0
1698273300000,2023-10-25T22:35:00Z,0.09355,0.09358,0.09355,0.09355,12465,1166.32196,0.09355,0.09358,0.09353,0.09356,0.09355,0.09358,0.09352,0.09356,0,0,0,0,-1.0000000000010001e-05,-0.0001068832834545746
1698273600000,2023-10-25T22:40:00Z,0.09355,0.09365,0.09355,0.09361,20206,1892.154,0.09356,0.09364,0.09356,0.09361,0.09356,0.09363,0.09356,0.0936,0,0,0,0,9.999999999996123e-06,0.00010683760683756542
1698273900000,2023-10-25T22:45:00Z,0.09361,0.09361,0.09348,0.09348,16927,1582.88664,0.09361,0.09361,0.09345,0.09348,0.0936,0.0936,0.09344,0.09347,0,0,0,0,9.999999999996123e-06,0.00010698619878031587
1698274200000,2023-10-25T22:50:00Z,0.09348,0.09356,0.09348,0.09355,16771,1568.93249,0.09348,0.09356,0.09348,0.09356,0.09347,0.09356,0.09347,0.09356,0,0.00008288,0,0.00008288,-1.0000000000010001e-05,-0.0001068832834545746
1698274500000,2023-10-25T22:55:00Z,0.09355,0.09361,0.09352,0.09355,30433,2846.71917,0.09356,0.09362,0.09353,0.09354,0.09356,0.09362,0.09352,0.09352,0.00008288,0,0,0,2.999999999998837e-05,0.0003207869974335796
1698274800000,2023-10-25T23:00:00Z,0.09355,0.09356,0.0932,0.09332,251818,23508.72239,0.09354,0.09355,0.09325,0.09337,0.09352,0.09354,0.09324,0.09336,0,0,0,0,-3.999999999999837e-05,-0.00042844901456724906
1698275100000,2023-10-25T23:05:00Z,0.09332,0.09336,0.09329,0.09331,69567,6492.65771,0.09337,0.09339,0.09329,0.09334,0.09336,0.09339,0.0933,0.09335,0,0,-0.0001857,0,-3.999999999999837e-05,-0.000428494911622907
1698275400000,2023-10-25T23:10:00Z,0.09331,0.09334,0.09328,0.09328,8809,822.11229,0.09334,0.09335,0.09328,0.09332,0.09335,0.09337,0.0933,0.09334,0,0,0,0,-6.0000000000004494e-05,-0.0006428112277694931
1698275700000,2023-10-25T23:15:00Z,0.09328,0.09344,0.09328,0.09344,3461,323.19127,0.09332,0.09345,0.09332,0.09344,0.09334,0.09347,0.09334,0.09346,0,0,0,0,-2.0000000000006124e-05,-0.00021399529210363924
1698276000000,2023-10-25T23:20:00Z,0.09344,0.09346,0.09342,0.09342,25301,2364.33944,0.09344,0.09347,0.09343,0.09345,0.09346,0.09349,0.09345,0.09347,0,0,0,0,-4.999999999999449e-05,-0.0005349309939017278
1698276300000,2023-10-25T23:25:00Z,0.09342,0.09344,0.09342,0.09344,2550,238.272,0.09345,0.09346,0.09341,0.09344,0.09347,0.09348,0.09341,0.09344,0,0,0,0,0.0,0.0
1698276600000,2023-10-25T23:30:00Z,0.09344,0.09349,0.09342,0.09349,68033,6358.53614,0.09344,0.09348,0.09342,0.09348,0.09344,0.09348,0.09342,0.09348,0,0,0,0,1.0000000000010001e-05,0.00010697475395817288
1698276900000,2023-10-25T23:35:00Z,0.09349,0.09349,0.09339,0.09342,30013,2805.10603,0.09348,0.09348,0.09339,0.09342,0.09348,0.09348,0.09338,0.09342,0,0,0,0,0.0,0.0
1698277200000,2023-10-25T23:40:00Z,0.09342,0.09351,0.09341,0.09351,22952,2144.73442,0.09342,0.09349,0.09339,0.09349,0.09342,0.09348,0.09339,0.09348,0,0,0,0,3.0000000000002247e-05,0.00032092426187422174
1698277500000,2023-10-25T23:45:00Z,0.09351,0.09351,0.0935,0.0935,667,62.3645,0.09349,0.09351,0.09347,0.09348,0.09348,0.09349,0.09345,0.09346,0,0,0,0,3.999999999999837e-05,0.00042799058420713
1698277800000,2023-10-25T23:50:00Z,0.0935,0.0935,0.09347,0.09348,25787,2410.32812,0.09348,0.09348,0.09345,0.09346,0.09346,0.09346,0.09343,0.09344,0,0,0,0,3.999999999999837e-05,0.0004280821917808045
1698278100000,2023-10-25T23:55:00Z,0.09348,0.09352,0.09346,0.09352,52298,4890.28669,0.09346,0.09352,0.09346,0.09352,0.09344,0.09351,0.09344,0.09351,0,0.00017736,0.00017618,0.00017736,1.0000000000010001e-05,0.00010694043417826972
1698278400000,2023-10-26T00:00:00Z,0.09352,0.09353,0.09341,0.09344,51491,4813.30968,0.09352,0.09353,0.09341,0.09343,0.09351,0.09351,0.09338,0.0934,0.00017736,0.00026603,0,0,3.999999999999837e-05,0.00042826552462525025
1698278700000,2023-10-26T00:05:00Z,0.09344,0.0935,0.0934,0.09346,21924,2048.63359,0.09343,0.09351,0.09341,0.09346,0.0934,0.0935,0.09338,0.09345,0,0,0,0,9.999999999996123e-06,0.00010700909577309923
1698279000000,2023-10-26T00:10:00Z,0.09346,0.09347,0.09341,0.09347,17377,1623.9949,0.09346,0.09352,0.09341,0.0935,0.09345,0.09351,0.09339,0.09349,0,0.0000994,0.00009392,0.00009392,-2.0000000000006124e-05,-0.00021392662316831878
1698279300000,2023-10-26T00:15:00Z,0.09347,0.09355,0.09347,0.09355,10553,987.0902,0.0935,0.09357,0.0935,0.09355,0.09349,0.09356,0.09347,0.09353,0.00009392,0.00003935,0,0,1.9999999999992246e-05,0.00021383513311228744
1698279600000,2023-10-26T00:20:00Z,0.09355,0.09364,0.09353,0.09364,16018,1499.23605,0.09355,0.09364,0.09353,0.09363,0.09353,0.09362,0.0935,0.09361,0,0.00008677,0.00002158,0.00002158,3.0000000000002247e-05,0.0003204785813481706
1698279900000,2023-10-26T00:25:00Z,0.09364,0.09382,0.09364,0.09378,950523,89121.74082,0.09363,0.09377,0.09362,0.09376,0.09361,0.09373,0.0936,0.09371,0.00002158,0.00027534,0.00024773,0.00027534,7.000000000000062e-05,0.0007469853804289896
1698280200000,2023-10-26T00:30:00Z,0.09378,0.09385,0.09378,0.09378,146160,13711.46762,0.09376,0.09383,0.09376,0.09378,0.09371,0.09378,0.09371,0.09372,0.00027534,0.00027454,0.00020217,0.00027454,6.0000000000004494e-05,0.0006402048655570262
1698280500000,2023-10-26T00:35:00Z,0.09378,0.09378,0.09368,0.0937,90994,8526.55934,0.09378,0.09378,0.09368,0.09376,0.09372,0.09375,0.09366,0.09375,0.00027454,0.00028155,0.00007674,0.00007674,-4.999999999999449e-05,-0.0005333333333332746
1698280800000,2023-10-26T00:40:00Z,0.0937,0.09382,0.0937,0.09375,53020,4971.15711,0.09376,0.09381,0.09371,0.09373,0.09375,0.09377,0.09367,0.09369,0.00007674,0.00038646,0.00023647,0.00023647,6.0000000000004494e-05,0.0006404098623119276
1698281100000,2023-10-26T00:45:00Z,0.09375,0.09375,0.09351,0.09355,110080,10307.51969,0.09373,0.09374,0.09351,0.09355,0.09369,0.0937,0.0935,0.09353,0.00023647,0.00000042,0,0,1.9999999999992246e-05,0.00021383513311228744
1698281400000,2023-10-26T00:50:00Z,0.09355,0.09362,0.09347,0.09362,49604,4638.90763,0.09355,0.09362,0.09349,0.09362,0.09353,0.0936,0.09348,0.0936,0,0,0,0,1.9999999999992246e-05,0.00021367521367513084
1698281700000,2023-10-26T00:55:00Z,0.09362,0.09371,0.09352,0.09369,97493,9126.27645,0.09362,0.09371,0.09352,0.09368,0.0936,0.09368,0.0935,0.09365,0,0,0,0,3.999999999999837e-05,0.0004271222637479805
1698282000000,2023-10-26T01:00:00Z,0.09369,0.09375,0.09361,0.09364,22212,2080.97455,0.09368,0.09374,0.09363,0.09364,0.09365,0.09372,0.09362,0.09363,0,0,0,0,9.999999999996123e-06,0.00010680337498660817
1698282300000,2023-10-26T01:05:00Z,0.09364,0.09366,0.09359,0.09363,40305,3773.39912,0.09364,0.09365,0.09357,0.09359,0.09363,0.09364,0.09354,0.09355,0,0.00011575,0,0,8.000000000001062e-05,0.0008551576696954636
1698282600000,2023-10-26T01:10:00Z,0.09363,0.09363,0.09352,0.09355,25196,2357.60473,0.09359,0.09362,0.09352,0.09355,0.09355,0.09359,0.09349,0.09353,0,0.00003454,0,0,1.9999999999992246e-05,0.00021383513311228744
1698282900000,2023-10-26T01:15:00Z,0.09355,0.09362,0.09354,0.09357,131462,12298.94626,0.09355,0.09361,0.09354,0.09357,0.09353,0.09359,0.09353,0.09356,0,0,0,0,9.999999999996123e-06,0.00010688328345442629
1698283200000,2023-10-26T01:20:00Z,0.09357,0.09358,0.09357,0.09358,1332,124.6384,0.09357,0.09365,0.09355,0.09364,0.09356,0.09364,0.09353,0.09363,0,0,0,0,-5.000000000000837e-05,-0.0005340168749333373
1698283500000,2023-10-26T01:25:00Z,0.09358,0.09367,0.09358,0.09367,2410,225.68704,0.09364,0.09367,0.09361,0.09367,0.09363,0.09366,0.09359,0.09366,0,0.00007126,0.00005936,0.00005936,1.0000000000010001e-05,0.00010676916506523598
1698283800000,2023-10-26T01:30:00Z,0.09367,0.09375,0.09367,0.09374,9731,911.99299,0.09367,0.09373,0.09367,0.09373,0.09366,0.09372,0.09365,0.0937,0.00005936,0,0,0,3.999999999999837e-05,0.00042689434364992924
1698284100000,2023-10-26T01:35:00Z,0.09374,0.09376,0.09369,0.09376,13377,1253.95899,0.09373,0.09376,0.09369,0.09375,0.0937,0.09373,0.09367,0.09372,0,0.00016572,0.00010971,0.00016572,3.999999999999837e-05,0.0004268032437046348
1698284400000,2023-10-26T01:40:00Z,0.09376,0.09376,0.09355,0.09357,8642,809.30017,0.09375,0.09375,0.09353,0.09354,0.09372,0.09372,0.0935,0.09351,0.00016572,0.00010947,0.00002341,0.00010947,6.0000000000004494e-05,0.0006416426050690247
1698284700000,2023-10-26T01:45:00Z,0.09357,0.09362,0.09345,0.09362,38425,3593.4623,0.09354,0.09363,0.09347,0.09363,0.09351,0.09363,0.09346,0.09363,0.00010947,0,0,0,-1.0000000000010001e-05,-0.00010680337498675638
1698285000000,2023-10-26T01:50:00Z,0.09362,0.09363,0.09359,0.09363,664,62.16479,0.09363,0.09364,0.09355,0.09356,0.09363,0.09363,0.09354,0.09355,0,0.00003547,0,0.00003547,8.000000000001062e-05,0.0008551576696954636
1698285300000,2023-10-26T01:55:00Z,0.09363,0.09363,0.09352,0.09352,46279,4330.31596,0.09356,0.09359,0.09351,0.09353,0.09355,0.09357,0.09349,0.09352,0.00003547,0.00003722,0.00001154,0.00001154,0.0,0.0
1698285600000,2023-10-26T02:00:00Z,0.09352,0.09359,0.09337,0.09352,43010,4018.77043,0.09353,0.09357,0.09338,0.09353,0.09352,0.09356,0.09337,0.09352,0.00001154,0.0000841,0,0.0000841,0.0,0.0
1698285900000,2023-10-26T02:05:00Z,0.09352,0.09356,0.09347,0.09351,57436,5370.03142,0.09353,0.09357,0.09347,0.09355,0.09352,0.09356,0.09346,0.09354,0.0000841,0,0,0,-3.0000000000002247e-05,-0.00032071840923671423
1698286200000,2023-10-26T02:10:00Z,0.09351,0.09357,0.0935,0.09354,19794,1851.50235,0.09355,0.09357,0.09349,0.09357,0.09354,0.09356,0.09347,0.09356,0,0.00008675,0.00003294,0.00008675,-2.0000000000006124e-05,-0.0002137665669090009
1698286500000,2023-10-26T02:15:00Z,0.09354,0.09358,0.09353,0.09358,4242,396.85557,0.09357,0.0936,0.09353,0.09355,0.09356,0.09359,0.09352,0.09354,0.00008675,0,0,0,3.999999999999837e-05,0.00042762454564890284
1698286800000,2023-10-26T02:20:00Z,0.09358,0.09358,0.09348,0.09353,30902,2889.91905,0.09355,0.09356,0.09349,0.09356,0.09354,0.09355,0.09348,0.09355,0,0,0,0,-1.9999999999992246e-05,-0.00021378941742375464
1698287100000,2023-10-26T02:25:00Z,0.09353,0.09359,0.09353,0.09356,11313,1058.54075,0.09356,0.09358,0.09354,0.09354,0.09355,0.09357,0.09353,0.09353,0,0,0,0,3.0000000000002247e-05,0.0003207526996685796
1698287400000,2023-10-26T02:30:00Z,0.09356,0.09362,0.09355,0.09362,62409,5839.7408,0.09354,0.09363,0.09354,0.09362,0.09353,0.09363,0.09353,0.09362,0,0,0,0,0.0,0.0
1698287700000,2023-10-26T02:35:00Z,0.09362,0.09368,0.09362,0.09368,68103,6379.1439,0.09362,0.09368,0.09362,0.09368,0.09362,0.09368,0.09362,0.09367,0,0,0,0,9.999999999996123e-06,0.00010675776662748076
1698288000000,2023-10-26T02:40:00Z,0.09368,0.0937,0.09359,0.0936,477816,44733.00426,0.09368,0.09372,0.09364,0.09364,0.09367,0.09371,0.09363,0.09363,0,0,0,0,-3.0000000000002247e-05,-0.00032041012495997274
1698288300000,2023-10-26T02:45:00Z,0.0936,0.0936,0.09355,0.09356,38068,3563.1369,0.09364,0.09364,0.09355,0.09355,0.09363,0.09363,0.09354,0.09354,0,0,0,0,2.0000000000006124e-05,0.0002138122728245256
1698288600000,2023-10-26T02:50:00Z,0.09356,0.09356,0.09339,0.09345,214805,20077.2269,0.09355,0.09355,0.09344,0.09346,0.09354,0.09354,0.09345,0.09348,0,0,-0.00010194,-0.00010194,-2.999999999998837e-05,-0.0003209242618740733
1698288900000,2023-10-26T02:55:00Z,0.09345,0.09346,0.09344,0.09344,635,59.34662,0.09346,0.09347,0.09344,0.09344,0.09348,0.09349,0.09343,0.09345,-0.00010194,-0.00042803,-0.00042803,-0.00042803,-1.0000000000010001e-05,-0.00010700909577324774
1698289200000,2023-10-26T03:00:00Z,0.09344,0.09344,0.09333,0.09335,194136,18124.75768,0.09344,0.09344,0.09333,0.09335,0.09345,0.09345,0.09338,0.0934,-0.00042803,-0.00027693,-0.0003762,-0.00027693,-4.999999999999449e-05,-0.0005353319057815256
1698289500000,2023-10-26T03:05:00Z,0.09335,0.09339,0.09327,0.0933,20538,1916.89028,0.09335,0.09339,0.09327,0.09331,0.0934,0.09343,0.09331,0.09335,-0.00027693,-0.00022875,-0.00032362,-0.00032362,-5.000000000000837e-05,-0.0005356186395287452
1698289800000,2023-10-26T03:10:00Z,0.0933,0.0933,0.09321,0.09324,412461,38459.40959,0.09331,0.09331,0.09323,0.09324,0.09335,0.09335,0.09328,0.09328,-0.00032362,-0.00040973,-0.00054812,-0.00040973,-3.999999999999837e-05,-0.00042881646655229815
1698290100000,2023-10-26T03:15:00Z,0.09324,0.09339,0.09323,0.0933,384485,35881.65243,0.09324,0.0934,0.09323,0.09336,0.09328,0.09346,0.09328,0.09342,-0.00040973,-0.00044349,-0.00069806,-0.00044349,-0.00012000000000000899,-0.0012845215157354848
1698290400000,2023-10-26T03:20:00Z,0.0933,0.09336,0.09324,0.09329,934731,87203.46785,0.09336,0.09337,0.09326,0.09332,0.09342,0.09344,0.09334,0.09341,-0.00044349,-0.00063574,-0.00079479,-0.00079479,-0.00012000000000000899,-0.0012846590300825283
1698290700000,2023-10-26T03:25:00Z,0.09329,0.09335,0.09326,0.09331,576559,53794.52396,0.09332,0.09335,0.09326,0.09331,0.09341,0.09342,0.09333,0.09339,-0.00079479,-0.00064274,-0.00074627,-0.00074627,-7.999999999999674e-05,-0.0008566227647499383
1698291000000,2023-10-26T03:30:00Z,0.09331,0.09344,0.09331,0.09334,403019,37620.45365,0.09331,0.09344,0.09331,0.09334,0.09339,0.0935,0.09339,0.09342,-0.00074627,-0.00055568,-0.00096756,-0.00096756,-7.999999999999674e-05,-0.0008563476771568908
1698291300000,2023-10-26T03:35:00Z,0.09334,0.09338,0.09331,0.09333,527281,49216.35241,0.09334,0.09338,0.09333,0.09337,0.09342,0.09347,0.09342,0.09345,-0.00096756,-0.0006805,-0.00092552,-0.00092552,-0.00012000000000000899,-0.0012841091492777847
1698291600000,2023-10-26T03:40:00Z,0.09333,0.09335,0.09326,0.09328,398538,37185.8351,0.09337,0.09337,0.09326,0.09328,0.09345,0.09345,0.09331,0.09331,-0.00092552,-0.00026845,-0.00053053,-0.00053053,-3.0000000000002247e-05,-0.0003215089486657619
1698291900000,2023-10-26T03:45:00Z,0.09328,0.09329,0.09316,0.09325,209621,19537.71372,0.09328,0.09329,0.09316,0.09327,0.09331,0.09334,0.09318,0.09331,-0.00053053,0,-0.00013806,0,-6.0000000000004494e-05,-0.0006430178973315238
1698292200000,2023-10-26T03:50:00Z,0.09325,0.09328,0.09291,0.09295,1549726,144093.68876,0.09327,0.09328,0.09286,0.09294,0.09331,0.09332,0.09286,0.09294,0,0,0,0,1.0000000000010001e-05,0.00010759629868743277
1698292500000,2023-10-26T03:55:00Z,0.09295,0.09298,0.09287,0.09287,786143,73030.1873,0.09294,0.09296,0.09283,0.09285,0.09294,0.09294,0.09279,0.09279,0,0.00065079,0.00064939,0.00065079,7.999999999999674e-05,0.0008621618708912248
1698292800000,2023-10-26T04:00:00Z,0.09287,0.09321,0.09287,0.09313,1444353,134319.64506,0.09285,0.09319,0.09285,0.09313,0.09279,0.09313,0.09279,0.09309,0.00065079,0.00082156,0.00044085,0.00044085,3.999999999999837e-05,0.00042969169620795327
1698293100000,2023-10-26T04:05:00Z,0.09313,0.09321,0.09301,0.09301,72303,6735.36341,0.09313,0.09321,0.09301,0.09302,0.09309,0.09315,0.09301,0.09302,0.00044085,0.00020148,0.0001949,0.00020148,-1.0000000000010001e-05,-0.00010750376263179962
1698293400000,2023-10-26T04:10:00Z,0.09301,0.0931,0.09298,0.09303,922314,85816.47538,0.09302,0.09307,0.09294,0.09301,0.09302,0.09302,0.0929,0.09296,0.00020148,0.00054159,0.00038188,0.00038188,7.000000000000062e-05,0.0007530120481927777
1698293700000,2023-10-26T04:15:00Z,0.09303,0.09307,0.093,0.09305,113591,10567.10708,0.09301,0.09307,0.093,0.09305,0.09296,0.09303,0.09294,0.093,0.00038188,0.00050166,0.00023478,0.00050166,4.999999999999449e-05,0.0005376344086020913
1698294000000,2023-10-26T04:20:00Z,0.09305,0.09315,0.09305,0.09315,57763,5376.68124,0.09305,0.09315,0.09305,0.09313,0.093,0.0931,0.093,0.09308,0.00050166,0.00031286,0.00010239,0.00010239,7.000000000000062e-05,0.0007520412548345576
1698294300000,2023-10-26T04:25:00Z,0.09315,0.09317,0.09307,0.09308,29166,2715.59343,0.09313,0.09314,0.09306,0.09308,0.09308,0.0931,0.09301,0.09306,0.00010239,0.0001186,0.00010008,0.00010008,1.9999999999992246e-05,0.00021491510853204648
1698294600000,2023-10-26T04:30:00Z,0.09308,0.09311,0.09302,0.09307,32541,3027.86944,0.09308,0.0931,0.09302,0.09307,0.09306,0.09309,0.09299,0.09304,0.00010008,0.00019064,0.00018772,0.00019064,3.0000000000002247e-05,0.00032244196044714366
1698294900000,2023-10-26T04:35:00Z,0.09307,0.09312,0.09307,0.09308,72572,6754.99541,0.09307,0.0931,0.09306,0.09308,0.09304,0.09307,0.09303,0.09306,0.00019064,0.00002256,0,0,1.9999999999992246e-05,0.00021491510853204648
1698295200000,2023-10-26T04:40:00Z,0.09308,0.09311,0.09296,0.093,98440,9154.87373,0.09308,0.0931,0.09294,0.093,0.09306,0.09307,0.0929,0.09298,0,0.00012084,0.00005989,0.00012084,2.0000000000006124e-05,0.00021510002151006803
1698295500000,2023-10-26T04:45:00Z,0.093,0.09316,0.093,0.09316,24901,2318.22978,0.093,0.09316,0.093,0.09314,0.09298,0.09312,0.09296,0.09309,0.00012084,0.0004584,0.00028044,0.0004584,7.000000000000062e-05,0.0007519604683639555
1698295800000,2023-10-26T04:50:00Z,0.09316,0.09317,0.09309,0.09317,575515,53614.2062,0.09314,0.09317,0.09309,0.09315,0.09309,0.09312,0.09304,0.0931,0.0004584,0.00023122,0.00013003,0.00023122,7.000000000000062e-05,0.000751879699248127
1698296100000,2023-10-26T04:55:00Z,0.09317,0.09326,0.09316,0.09326,27749,2586.68582,0.09315,0.09325,0.09314,0.09325,0.0931,0.0932,0.09309,0.09319,0.00023122,0.00050386,0.00049774,0.00049774,7.000000000000062e-05,0.0007511535572486385
1698296400000,2023-10-26T05:00:00Z,0.09326,0.09326,0.09312,0.09314,16697,1555.23306,0.09325,0.09326,0.09309,0.09313,0.09319,0.0932,0.09304,0.09308,0.00049774,0.00044488,0,0,6.0000000000004494e-05,0.0006446067898582348
1698296700000,2023-10-26T05:05:00Z,0.09314,0.09314,0.09307,0.0931,92001,8564.5046,0.09313,0.09313,0.09307,0.0931,0.09308,0.09308,0.09303,0.09307,0,0.0002642,0.00021061,0.0002642,3.0000000000002247e-05,0.0003223380251423901
1698297000000,2023-10-26T05:10:00Z,0.0931,0.09314,0.09306,0.09311,59467,5536.19192,0.0931,0.09314,0.09306,0.0931,0.09307,0.0931,0.09302,0.09306,0.0002642,0.00028883,0.00026787,0.00028883,4.999999999999449e-05,0.0005372877713302653
1698297300000,2023-10-26T05:15:00Z,0.09311,0.09313,0.09304,0.09305,110826,10315.95545,0.0931,0.09313,0.09304,0.09305,0.09306,0.09311,0.09302,0.09302,0.00028883,0.00020212,0.00006319,0.00006319,2.999999999998837e-05,0.00032251128789495125
1698297600000,2023-10-26T05:20:00Z,0.09305,0.09307,0.093,0.09303,27629,2570.36529,0.09305,0.09307,0.09302,0.09303,0.09302,0.09304,0.093,0.093,0.00006319,0.00010759,0,0.00010759,3.0000000000002247e-05,0.0003225806451613145
1698297900000,2023-10-26T05:25:00Z,0.09303,0.09304,0.09301,0.09303,14314,1331.50386,0.09303,0.09304,0.09301,0.09302,0.093,0.09302,0.09299,0.09299,0.00010759,0.00012709,0,0,3.999999999999837e-05,0.000430153779976324
1698298200000,2023-10-26T05:30:00Z,0.09303,0.09307,0.09303,0.09303,27479,2556.49748,0.09302,0.09307,0.09302,0.09303,0.09299,0.09306,0.09299,0.093,0,0,0,0,3.0000000000002247e-05,0.0003225806451613145
1698298500000,2023-10-26T05:35:00Z,0.09303,0.09304,0.09298,0.09304,108904,10129.76478,0.09303,0.09303,0.09298,0.09302,0.093,0.09302,0.09296,0.093,0,0.00006733,0,0,3.999999999999837e-05,0.0004301075268817029
1698298800000,2023-10-26T05:40:00Z,0.09304,0.09308,0.09302,0.09305,10300,958.35054,0.09302,0.09306,0.09301,0.09303,0.093,0.09304,0.093,0.09301,0,0.00005612,0,0.00005612,3.999999999999837e-05,0.0004300612837329144
1698299100000,2023-10-26T05:45:00Z,0.09305,0.09305,0.09301,0.09301,44403,4130.79742,0.09303,0.09305,0.093,0.093,0.09301,0.09303,0.09298,0.09298,0.00005612,0.00019946,0.00008849,0.00008849,3.0000000000002247e-05,0.0003226500322650274
1698299400000,2023-10-26T05:50:00Z,0.09301,0.09307,0.09299,0.09301,49643,4618.26776,0.093,0.09307,0.09299,0.09301,0.09298,0.09307,0.09297,0.09301,0.00008849,0.00005319,0,0,0.0,0.0
1698299700000,2023-10-26T05:55:00Z,0.09301,0.09306,0.09301,0.09304,16711,1554.64076,0.09301,0.09306,0.093,0.09304,0.09301,0.09306,0.09299,0.09304,0,0.00014439,0.00000096,0.00014439,0.0,0.0
1698300000000,2023-10-26T06:00:00Z,0.09304,0.0931,0.09303,0.09303,35200,3275.49374,0.09304,0.0931,0.09301,0.09303,0.09304,0.0931,0.093,0.09302,0.00014439,0,0,0,9.999999999996123e-06,0.00010750376263165042
1698300300000,2023-10-26T06:05:00Z,0.09303,0.09315,0.09293,0.09303,106518,9905.94509,0.09303,0.09315,0.09293,0.09304,0.09302,0.09315,0.09294,0.09305,0,0,-0.00005667,0,-1.9999999999992246e-05,-0.0002149382052659027
1698300600000,2023-10-26T06:10:00Z,0.09303,0.09313,0.09295,0.09313,69679,6482.46637,0.09304,0.09314,0.09295,0.09314,0.09305,0.09314,0.09295,0.09314,0,0,0,0,-9.999999999996123e-06,-0.00010736525660292165
1698300900000,2023-10-26T06:15:00Z,0.09313,0.09314,0.09307,0.09314,80643,7507.43153,0.09314,0.09314,0.09303,0.09314,0.09314,0.09314,0.09303,0.09314,0,0,0,0,0.0,0.0
1698301200000,2023-10-26T06:20:00Z,0.09314,0.09317,0.09313,0.09317,60311,5617.81489,0.09314,0.09317,0.09311,0.09317,0.09314,0.09317,0.09311,0.09317,0,0,0,0,0.0,0.0
1698301500000,2023-10-26T06:25:00Z,0.09317,0.09317,0.09313,0.09315,37586,3500.78764,0.09317,0.09317,0.09313,0.09313,0.09317,0.09317,0.09311,0.09312,0,0,0,0,3.0000000000002247e-05,0.0003221649484536324
1698301800000,2023-10-26T06:30:00Z,0.09315,0.0932,0.0931,0.09317,27551,2567.00487,0.09313,0.09317,0.09308,0.09317,0.09312,0.09317,0.09307,0.09316,0,0,0,0,9.999999999996123e-06,0.00010734220695573338
1698302100000,2023-10-26T06:35:00Z,0.09317,0.09322,0.09317,0.09321,27359,2549.95399,0.09317,0.09321,0.09317,0.09319,0.09316,0.0932,0.09316,0.09318,0,0.00002521,0,0.00002521,3.0000000000002247e-05,0.0003219575016098116
1698302400000,2023-10-26T06:40:00Z,0.09321,0.09324,0.09314,0.09324,117681,10968.86731,0.09319,0.09322,0.09312,0.09322,0.09318,0.09319,0.09311,0.09319,0.00002521,0.00028977,0.00020332,0.00020332,5.000000000000837e-05,0.000536538255177684
1698302700000,2023-10-26T06:45:00Z,0.09324,0.09324,0.09318,0.09318,112952,10528.30374,0.09322,0.09322,0.09317,0.09318,0.09319,0.09321,0.09315,0.09316,0.00020332,0.00022305,0,0.00022305,1.9999999999992246e-05,0.00021468441391146677
1698303000000,2023-10-26T06:50:00Z,0.09318,0.09325,0.09318,0.09325,12823,1195.63743,0.09318,0.09325,0.09318,0.09325,0.09316,0.09323,0.09316,0.09323,0.00022305,0.00019922,0.0000015,0.00019922,2.0000000000006124e-05,0.00021452322213886223
1698303300000,2023-10-26T06:55:00Z,0.09325,0.09329,0.09324,0.09324,114052,10638.77407,0.09325,0.09329,0.09322,0.09322,0.09323,0.09327,0.09319,0.09319,0.00019922,0.00041059,0.00025005,0.00041059,5.000000000000837e-05,0.000536538255177684
1698303600000,2023-10-26T07:00:00Z,0.09324,0.09325,0.09313,0.09314,102518,9551.69264,0.09322,0.09323,0.09312,0.09314,0.09319,0.0932,0.09308,0.0931,0.00041059,0.00021479,0.00013039,0.00021479,3.999999999999837e-05,0.0004296455424274798
1698303900000,2023-10-26T07:05:00Z,0.09314,0.09323,0.09314,0.09321,34721,3235.82068,0.09314,0.09322,0.09314,0.09321,0.0931,0.09319,0.0931,0.09317,0.00021479,0.00018557,0.00010291,0.00018557,3.999999999999837e-05,0.00042932274337231265
1698304200000,2023-10-26T07:10:00Z,0.09321,0.09338,0.0932,0.09336,194818,18180.07143,0.09321,0.09338,0.09319,0.09334,0.09317,0.09333,0.09315,0.09331,0.00018557,0.0005061,0.00008011,0.0005061,4.999999999999449e-05,0.0005358482477761707
1698304500000,2023-10-26T07:15:00Z,0.09336,0.09351,0.09335,0.09343,168906,15785.67788,0.09334,0.09351,0.09334,0.09343,0.09331,0.09346,0.09329,0.09339,0.0005061,0.00034217,0.00032898,0.00034217,3.999999999999837e-05,0.00042831138237496916
1698304800000,2023-10-26T07:20:00Z,0.09343,0.09354,0.09343,0.09343,145559,13611.87113,0.09343,0.09352,0.09343,0.09343,0.09339,0.09347,0.09338,0.09343,0.00034217,0.000478,0.00025216,0.000478,0.0,0.0
1698305100000,2023-10-26T07:25:00Z,0.09343,0.09359,0.09343,0.09355,177710,16622.62459,0.09343,0.09358,0.09343,0.09355,0.09343,0.09352,0.09342,0.09352,0.000478,0.00047726,0.00032078,0.00047726,2.999999999998837e-05,0.0003207869974335796
1698305400000,2023-10-26T07:30:00Z,0.09355,0.09355,0.09347,0.09351,117849,11019.3635,0.09355,0.09355,0.09347,0.09351,0.09352,0.09352,0.09343,0.09348,0.00047726,0.00040308,0.00032823,0.00032823,3.0000000000002247e-05,0.00032092426187422174
1698305700000,2023-10-26T07:35:00Z,0.09351,0.09358,0.09346,0.09355,93921,8786.75029,0.09351,0.09357,0.09346,0.09355,0.09348,0.09352,0.09343,0.09352,0.00032823,0.00049208,0.00021608,0.00049208,2.999999999998837e-05,0.0003207869974335796
1698306000000,2023-10-26T07:40:00Z,0.09355,0.09367,0.09355,0.09359,76052,7121.9244,0.09355,0.09366,0.09355,0.09357,0.09352,0.0936,0.09351,0.09351,0.00049208,0.00061622,0.0003044,0.0003044,8.000000000001062e-05,0.0008555234734254157
1698306300000,2023-10-26T07:45:00Z,0.09359,0.09364,0.09341,0.09359,366369,34267.47265,0.09357,0.09359,0.09352,0.09359,0.09351,0.09357,0.09346,0.09356,0.0003044,0.00031187,0.00025903,0.00025903,3.0000000000002247e-05,0.0003206498503634272
1698306600000,2023-10-26T07:50:00Z,0.09359,0.09363,0.09359,0.09363,15291,1431.56695,0.09359,0.09363,0.09359,0.09363,0.09356,0.09359,0.09355,0.09357,0.00025903,0.00040104,0.00030849,0.00040104,6.0000000000004494e-05,0.0006412311638346104
1698306900000,2023-10-26T07:55:00Z,0.09363,0.09368,0.09354,0.09363,326965,30623.95194,0.09363,0.09366,0.09354,0.09363,0.09357,0.0936,0.09349,0.09358,0.00040104,0.00053823,0.0002805,0.00053823,5.000000000000837e-05,0.000534302201325159
1698307200000,2023-10-26T08:00:00Z,0.09363,0.09385,0.09355,0.0938,384297,36042.3569,0.09363,0.09381,0.09355,0.09379,0.09358,0.09375,0.09351,0.09372,0.00053823,0.00105741,0.00026424,0.00026424,7.999999999999674e-05,0.0008536064874092695
1698307500000,2023-10-26T08:05:00Z,0.0938,0.09385,0.09365,0.09369,393611,36891.28717,0.09379,0.09383,0.09365,0.09366,0.09372,0.09377,0.0936,0.09361,0.00026424,0.00025152,0.00002178,0.00025152,7.999999999999674e-05,0.0008546095502616894
1698307800000,2023-10-26T08:10:00Z,0.09369,0.09369,0.09352,0.09353,25187,2356.88352,0.09366,0.09367,0.09352,0.09353,0.09361,0.09361,0.09348,0.0935,0.00025152,0.00000406,0,0,3.0000000000002247e-05,0.00032085561497328604
1698308100000,2023-10-26T08:15:00Z,0.09353,0.0936,0.09353,0.09359,57141,5346.35466,0.09353,0.09359,0.09353,0.09359,0.0935,0.09356,0.09349,0.09355,0,0.00008063,0,0,4.000000000001225e-05,0.000427578834847806
1698308400000,2023-10-26T08:20:00Z,0.09359,0.09359,0.09346,0.09351,60306,5638.81851,0.09359,0.09359,0.09348,0.09351,0.09355,0.09356,0.09347,0.09349,0,0.00014667,0,0,1.9999999999992246e-05,0.00021392662316817033
1698308700000,2023-10-26T08:25:00Z,0.09351,0.09355,0.09343,0.09343,27687,2589.31534,0.09351,0.09354,0.09344,0.09344,0.09349,0.09352,0.09343,0.09343,0,0,0,0,0.0,0.0
1698309000000,2023-10-26T08:30:00Z,0.09343,0.0936,0.09343,0.0936,47039,4397.4797,0.09344,0.09361,0.09344,0.0936,0.09343,0.0936,0.09343,0.0936,0,0,0,0,0.0,0.0
1698309300000,2023-10-26T08:35:00Z,0.0936,0.09365,0.09357,0.09362,360250,33725.84361,0.0936,0.09365,0.09357,0.09362,0.0936,0.09364,0.09356,0.0936,0,0.00018408,0,0,1.9999999999992246e-05,0.00021367521367513084
1698309600000,2023-10-26T08:40:00Z,0.09362,0.09367,0.09355,0.09359,4350,407.16799,0.09362,0.09365,0.09355,0.09356,0.0936,0.09362,0.09352,0.09352,0,0.00029159,0,0.00029159,7.000000000000062e-05,0.0007485029940119826
1698309900000,2023-10-26T08:45:00Z,0.09359,0.09369,0.09359,0.09369,38293,3586.133,0.09356,0.09369,0.09356,0.09369,0.09352,0.09365,0.09352,0.09365,0.00029159,0.00034757,0.00024081,0.00024081,3.999999999999837e-05,0.0004271222637479805
1698310200000,2023-10-26T08:50:00Z,0.09369,0.09375,0.09365,0.09373,76290,7149.86872,0.09369,0.09375,0.09363,0.09373,0.09365,0.09369,0.09358,0.09368,0.00024081,0.00044433,0.00042202,0.00044433,4.999999999999449e-05,0.0005337318531169352
1698310500000,2023-10-26T08:55:00Z,0.09373,0.09374,0.09359,0.09362,130264,12199.45773,0.09373,0.09373,0.09359,0.09362,0.09368,0.09369,0.09357,0.09359,0.00044433,0.00020502,0,0,2.999999999998837e-05,0.0003205470669942127
1698310800000,2023-10-26T09:00:00Z,0.09362,0.09368,0.09359,0.09362,65226,6106.42859,0.09362,0.09368,0.09359,0.09362,0.09359,0.09365,0.09356,0.09359,0,0.00036902,0.00020164,0.00036902,2.999999999998837e-05,0.0003205470669942127
1698311100000,2023-10-26T09:05:00Z,0.09362,0.09375,0.09362,0.09367,38627,3620.0665,0.09362,0.09375,0.09362,0.09366,0.09359,0.09373,0.09359,0.09362,0.00036902,0.00032041,0.00004078,0.00032041,5.000000000000837e-05,0.0005340739158300403
1698311400000,2023-10-26T09:10:00Z,0.09367,0.09369,0.09351,0.09358,55111,5156.84616,0.09366,0.09369,0.09351,0.09358,0.09362,0.09365,0.09348,0.09354,0.00032041,0.00001752,0,0,3.999999999999837e-05,0.00042762454564890284
1698311700000,2023-10-26T09:15:00Z,0.09358,0.09358,0.09354,0.09356,99706,9328.90137,0.09358,0.09358,0.09352,0.09356,0.09354,0.09355,0.09349,0.09353,0,0.00011204,0.00008222,0.00008222,3.0000000000002247e-05,0.0003207526996685796
1698312000000,2023-10-26T09:20:00Z,0.09356,0.0937,0.09356,0.0937,40464,3787.84345,0.09356,0.09371,0.09356,0.09371,0.09353,0.09371,0.09352,0.09371,0.00008222,0.00005659,0,0.00005659,-9.999999999996123e-06,-0.00010671219720409906
1698312300000,2023-10-26T09:25:00Z,0.0937,0.09378,0.09365,0.09369,582489,54604.43221,0.09371,0.09372,0.09364,0.09369,0.09371,0.09371,0.09362,0.09366,0.00005659,0.00009279,0,0,3.0000000000002247e-05,0.00032030749519541157
1698312600000,2023-10-26T09:30:00Z,0.09369,0.0937,0.09362,0.09365,197656,18510.97486,0.09369,0.09369,0.09362,0.09365,0.09366,0.09367,0.0936,0.09362,0,0.00030471,0,0,3.0000000000002247e-05,0.00032044434949799453
1698312900000,2023-10-26T09:35:00Z,0.09365,0.09366,0.09347,0.09359,558657,52251.9827,0.09365,0.09366,0.09357,0.09359,0.09362,0.09363,0.09355,0.09358,0,0,0,0,1.0000000000010001e-05,0.00010686044026512076
1698313200000,2023-10-26T09:40:00Z,0.09359,0.09367,0.09359,0.09367,82452,7718.14592,0.09359,0.09367,0.09358,0.09366,0.09358,0.09366,0.09357,0.09365,0,0,0,0,2.0000000000006124e-05,0.00021356113187406432
1698313500000,2023-10-26T09:45:00Z,0.09367,0.09367,0.09363,0.09364,29326,2746.71944,0.09366,0.09369,0.09364,0.09365,0.09365,0.09369,0.09364,0.09365,0,0,0,0,-9.999999999996123e-06,-0.00010678056593695807
1698313800000,2023-10-26T09:50:00Z,0.09364,0.09366,0.09362,0.09362,25853,2420.91077,0.09365,0.09366,0.09362,0.09362,0.09365,0.09366,0.09361,0.09362,0,0,0,0,0.0,0.0
1698314100000,2023-10-26T09:55:00Z,0.09362,0.09364,0.09361,0.09363,22841,2138.59478,0.09362,0.09367,0.09361,0.09363,0.09362,0.09366,0.0936,0.09362,0,0,0,0,1.0000000000010001e-05,0.00010681478316609701
1698314400000,2023-10-26T10:00:00Z,0.09363,0.09363,0.09347,0.09348,41461,3876.68879,0.09363,0.09363,0.09348,0.09348,0.09362,0.09363,0.09347,0.09348,0,0,-0.00005635,0,0.0,0.0
1698314700000,2023-10-26T10:05:00Z,0.09348,0.09349,0.09326,0.0934,300114,28010.1819,0.09348,0.0935,0.09328,0.0934,0.09348,0.0935,0.0933,0.09342,0,-0.00009065,-0.00021429,-0.00021429,-2.0000000000006124e-05,-0.00021408691928929697
1698315000000,2023-10-26T10:10:00Z,0.0934,0.09354,0.0934,0.09349,224662,20995.88807,0.0934,0.09354,0.0934,0.09349,0.09342,0.09355,0.0934,0.09348,-0.00021429,-0.00007174,-0.00010132,-0.00010132,1.0000000000010001e-05,0.00010697475395817288
1698315300000,2023-10-26T10:15:00Z,0.09349,0.09355,0.09335,0.09355,105510,9858.58282,0.09349,0.09354,0.09338,0.09353,0.09348,0.09353,0.09338,0.09352,-0.00010132,0,0,0,2.999999999998837e-05,0.0003207869974335796
1698315600000,2023-10-26T10:20:00Z,0.09355,0.09355,0.09346,0.09349,9955,930.8772,0.09353,0.09354,0.09347,0.09349,0.09352,0.09353,0.09347,0.09349,0,0,0,0,0.0,0.0
1698315900000,2023-10-26T10:25:00Z,0.09349,0.09349,0.09345,0.09345,10683,998.41243,0.09349,0.09349,0.09343,0.09344,0.09349,0.09349,0.09342,0.09343,0,0.00000395,0,0,2.0000000000006124e-05,0.00021406400513760166
1698316200000,2023-10-26T10:30:00Z,0.09345,0.09349,0.09341,0.09345,120888,11296.04538,0.09344,0.09351,0.09341,0.09345,0.09343,0.09351,0.0934,0.09345,0,0,0,0,0.0,0.0
1698316500000,2023-10-26T10:35:00Z,0.09345,0.09345,0.0933,0.09332,292867,27351.35926,0.09345,0.09345,0.0933,0.09333,0.09345,0.09345,0.09331,0.09335,0,0,0,0,-3.0000000000002247e-05,-0.0003213711837172174
1698316800000,2023-10-26T10:40:00Z,0.09332,0.09336,0.09326,0.09327,45591,4254.24324,0.09333,0.09337,0.09327,0.09327,0.09335,0.09338,0.09327,0.09328,0,0,-0.00007289,-0.00007289,-9.999999999996123e-06,-0.00010720411663803734
1698317100000,2023-10-26T10:45:00Z,0.09327,0.09327,0.09295,0.09319,603890,56192.88989,0.09327,0.09328,0.09304,0.0932,0.09328,0.0933,0.09306,0.09323,-0.00007289,0,-0.0002215,0,-3.999999999999837e-05,-0.0004290464442775756
1698317400000,2023-10-26T10:50:00Z,0.09319,0.09325,0.09312,0.09313,60245,5614.78648,0.0932,0.09325,0.09312,0.09315,0.09323,0.09327,0.09313,0.09317,0,0,-0.00004098,-0.00004098,-3.999999999999837e-05,-0.00042932274337231265
1698317700000,2023-10-26T10:55:00Z,0.09313,0.09327,0.09313,0.09321,22730,2119.08964,0.09315,0.09328,0.09315,0.09321,0.09317,0.09329,0.09317,0.09319,-0.00004098,0,0,0,2.0000000000006124e-05,0.00021461530207110338
1698318000000,2023-10-26T11:00:00Z,0.09321,0.09327,0.0932,0.09326,25919,2416.6943,0.09321,0.09327,0.0932,0.09325,0.09319,0.09328,0.09319,0.09324,0,0,0,0,1.9999999999992246e-05,0.00021450021450013134
1698318300000,2023-10-26T11:05:00Z,0.09326,0.0933,0.0932,0.09329,21447,1999.8649,0.09325,0.0933,0.09321,0.09329,0.09324,0.0933,0.09321,0.09328,0,0,0,0,9.999999999996123e-06,0.00010720411663803734
1698318600000,2023-10-26T11:10:00Z,0.09329,0.09329,0.09321,0.09321,85884,8007.18638,0.09329,0.09329,0.09321,0.09323,0.09328,0.09328,0.09322,0.09324,0,0,0,0,-3.0000000000002247e-05,-0.00032175032175034586
1698318900000,2023-10-26T11:15:00Z,0.09321,0.09327,0.09317,0.09317,38656,3603.58497,0.09323,0.09327,0.09318,0.09318,0.09324,0.09327,0.09319,0.0932,0,0,-0.00002274,-0.00002274,-3.0000000000002247e-05,-0.00032188841201719146
1698319200000,2023-10-26T11:20:00Z,0.09317,0.09319,0.09316,0.09318,36775,3426.72009,0.09318,0.09327,0.09316,0.09327,0.0932,0.09328,0.09316,0.09328,-0.00002274,0,0,0,-0.00010000000000000286,-0.0010720411663808196
1698319500000,2023-10-26T11:25:00Z,0.09318,0.09329,0.09315,0.09316,68476,6382.92896,0.09327,0.09329,0.09316,0.09317,0.09328,0.0933,0.09317,0.09319,0,0,-0.00009583,-0.00009583,-2.999999999998837e-05,-0.0003219229531064317
1698319800000,2023-10-26T11:30:00Z,0.09316,0.09319,0.0931,0.09314,61177,5697.07206,0.09317,0.09319,0.0931,0.09316,0.09319,0.09321,0.09312,0.09318,-0.00009583,0,-0.00001588,0,-3.999999999999837e-05,-0.00042927666881303255
1698320100000,2023-10-26T11:35:00Z,0.09314,0.09314,0.09295,0.09301,459699,42766.08401,0.09316,0.09316,0.09301,0.09301,0.09318,0.09318,0.09304,0.09304,0,0,-0.00014109,-0.00014109,-3.0000000000002247e-05,-0.00032244196044714366
1698320400000,2023-10-26T11:40:00Z,0.09301,0.09305,0.09285,0.09293,146039,13571.76368,0.09301,0.09306,0.09285,0.09293,0.09304,0.0931,0.09291,0.09296,-0.00014109,-0.00019696,-0.00055765,-0.00019696,-3.0000000000002247e-05,-0.00032271944922549747
1698320700000,2023-10-26T11:45:00Z,0.09293,0.09297,0.09259,0.09281,1504160,139484.0005,0.09293,0.09297,0.09279,0.09281,0.09296,0.09302,0.09285,0.09288,-0.00019696,-0.00032637,-0.00050904,-0.00050904,-7.000000000000062e-05,-0.0007536606373815742
1698321000000,2023-10-26T11:50:00Z,0.09281,0.09299,0.09281,0.09299,460311,42757.5608,0.09281,0.09299,0.09281,0.09299,0.09288,0.09306,0.09288,0.09306,-0.00050904,-0.0004248,-0.00051859,-0.00051859,-7.000000000000062e-05,-0.000752202879862461
1698321300000,2023-10-26T11:55:00Z,0.09299,0.09305,0.09291,0.09305,194153,18052.42993,0.09299,0.09306,0.09294,0.09305,0.09306,0.09312,0.093,0.09309,-0.00051859,-0.00047158,-0.00054006,-0.00047158,-4.000000000001225e-05,-0.00042969169620810235
1698321600000,2023-10-26T12:00:00Z,0.09305,0.09311,0.093,0.09308,85052,7913.64916,0.09305,0.09311,0.09301,0.09308,0.09309,0.09315,0.09305,0.09311,-0.00047158,-0.00016224,-0.00019379,-0.00016224,-3.0000000000002247e-05,-0.00032219954892065563
1698321900000,2023-10-26T12:05:00Z,0.09308,0.09311,0.093,0.09311,46232,4302.38909,0.09308,0.09311,0.09301,0.09311,0.09311,0.09315,0.09304,0.09311,-0.00016224,-0.0001005,-0.00016784,-0.0001005,0.0,0.0
1698322200000,2023-10-26T12:10:00Z,0.09311,0.09311,0.09305,0.09309,76965,7163.18274,0.09311,0.09311,0.09305,0.09309,0.09311,0.09312,0.09306,0.0931,-0.0001005,0,0,0,-9.999999999996123e-06,-0.00010741138560683268
1698322500000,2023-10-26T12:15:00Z,0.09309,0.09309,0.09298,0.09299,45939,4273.33382,0.09309,0.09309,0.09297,0.093,0.0931,0.0931,0.09297,0.09301,0,0,-0.00001516,-0.00001516,-1.9999999999992246e-05,-0.00021503064186638261
1698322800000,2023-10-26T12:20:00Z,0.09299,0.09305,0.09299,0.09305,16456,1530.79632,0.093,0.09306,0.093,0.09305,0.09301,0.09308,0.09301,0.09308,-0.00001516,-0.00006772,-0.00009984,-0.00006772,-3.0000000000002247e-05,-0.0003223033949291174
1698323100000,2023-10-26T12:25:00Z,0.09305,0.09311,0.09304,0.09309,31219,2906.11819,0.09305,0.09311,0.09304,0.09308,0.09308,0.09311,0.09304,0.09308,-0.00006772,0,-0.00007294,0,1.0000000000010001e-05,0.00010743446497647186
1698323400000,2023-10-26T12:30:00Z,0.09309,0.09321,0.09306,0.09319,72406,6742.65133,0.09308,0.09322,0.09305,0.09319,0.09308,0.09322,0.09304,0.09319,0,0,0,0,0.0,0.0
1698323700000,2023-10-26T12:35:00Z,0.09319,0.09327,0.09316,0.09322,85814,8001.47116,0.09319,0.09328,0.09317,0.09322,0.09319,0.09328,0.09317,0.09322,0,0,0,0,0.0,0.0
1698324000000,2023-10-26T12:40:00Z,0.09322,0.09325,0.09322,0.09323,66752,6223.7535,0.09322,0.09325,0.09319,0.09325,0.09322,0.09325,0.09319,0.09325,0,0,0,0,-2.0000000000006124e-05,-0.0002144772117963123
1698324300000,2023-10-26T12:45:00Z,0.09323,0.09325,0.09321,0.09321,2966,276.54555,0.09325,0.09325,0.09319,0.09321,0.09325,0.09325,0.09318,0.0932,0,0,0,0,9.999999999996123e-06,0.0001072961373390142
1698324600000,2023-10-26T12:50:00Z,0.09321,0.09328,0.09319,0.09322,84417,7870.06508,0.09321,0.09329,0.0932,0.09323,0.0932,0.09329,0.09319,0.09322,0,0,0,0,0.0,0.0
1698324900000,2023-10-26T12:55:00Z,0.09322,0.09325,0.09321,0.09321,27935,2604.93731,0.09323,0.09327,0.09319,0.09319,0.09322,0.09327,0.09319,0.09319,0,0,0,0,2.0000000000006124e-05,0.00021461530207110338
1698325200000,2023-10-26T13:00:00Z,0.09321,0.09331,0.0932,0.09328,120219,11209.9513,0.09319,0.0933,0.09319,0.09326,0.09319,0.0933,0.09319,0.09326,0,0.00000257,0,0,2.0000000000006124e-05,0.00021445421402537128
1698325500000,2023-10-26T13:05:00Z,0.09328,0.09328,0.09322,0.09323,14699,1370.72584,0.09326,0.09327,0.09324,0.09325,0.09326,0.09327,0.09324,0.09325,0,0,0,0,-2.0000000000006124e-05,-0.0002144772117963123
1698325800000,2023-10-26T13:10:00Z,0.09323,0.09334,0.09323,0.09334,12573,1172.92805,0.09325,0.09334,0.09325,0.09334,0.09325,0.09333,0.09325,0.09333,0,0,0,0,1.0000000000010001e-05,0.00010714668381024323
1698326100000,2023-10-26T13:15:00Z,0.09334,0.09338,0.09329,0.09329,119102,11116.47871,0.09334,0.09337,0.09329,0.09329,0.09333,0.09337,0.09328,0.09328,0,0.00009901,0,0,9.999999999996123e-06,0.00010720411663803734
1698326400000,2023-10-26T13:20:00Z,0.09329,0.09329,0.09319,0.09322,136344,12714.44409,0.09329,0.09329,0.09322,0.09323,0.09328,0.09329,0.09321,0.09323,0,0,0,0,-9.999999999996123e-06,-0.00010726161106935668
1698326700000,2023-10-26T13:25:00Z,0.09322,0.09327,0.09321,0.09323,10639,991.70634,0.09323,0.09327,0.09321,0.09324,0.09323,0.09327,0.09321,0.09324,0,0,0,0,-1.0000000000010001e-05,-0.0001072501072502145
1698327000000,2023-10-26T13:30:00Z,0.09323,0.09332,0.09317,0.09317,51766,4827.42694,0.09324,0.09332,0.09317,0.09319,0.09324,0.09332,0.09318,0.0932,0,0,-0.00002959,-0.00002959,-3.0000000000002247e-05,-0.00032188841201719146
1698327300000,2023-10-26T13:35:00Z,0.09317,0.09325,0.09313,0.09313,32048,2986.20021,0.09319,0.09325,0.09312,0.09314,0.0932,0.09325,0.09312,0.09315,-0.00002959,0,-0.00001019,-0.00001019,-1.9999999999992246e-05,-0.00021470746108418945
1698327600000,2023-10-26T13:40:00Z,0.09313,0.09321,0.09311,0.09319,60488,5634.86945,0.09314,0.09324,0.09313,0.09318,0.09315,0.09326,0.09315,0.09318,-0.00001019,0,-0.00007423,0,9.999999999996123e-06,0.0001073191672032209
1698327900000,2023-10-26T13:45:00Z,0.09319,0.09319,0.09314,0.09314,18374,1712.07203,0.09318,0.09319,0.09314,0.09314,0.09318,0.09322,0.09314,0.09316,0,-0.00008349,-0.00010334,-0.00010334,-2.0000000000006124e-05,-0.00021468441391161574
1698328200000,2023-10-26T13:50:00Z,0.09314,0.09318,0.09314,0.09315,93918,8749.45157,0.09314,0.0932,0.09314,0.09315,0.09316,0.09323,0.09315,0.09315,-0.00010334,-0.00027408,-0.0002799,-0.0002799,0.0,0.0
1698328500000,2023-10-26T13:55:00Z,0.09315,0.09315,0.09287,0.09287,202435,18824.3434,0.09315,0.09315,0.09288,0.09288,0.09315,0.09315,0.09293,0.09294,-0.0002799,-0.00009589,-0.00042104,-0.00042104,-7.000000000000062e-05,-0.0007531740908112828
1698328800000,2023-10-26T14:00:00Z,0.09287,0.09301,0.09286,0.093,355447,33030.48724,0.09288,0.09304,0.09286,0.09302,0.09294,0.0931,0.09291,0.09309,-0.00042104,-0.00034025,-0.00064474,-0.00064474,-9.000000000000674e-05,-0.0009668063164680066
1698329100000,2023-10-26T14:05:00Z,0.093,0.09301,0.09292,0.09292,32484,3020.98045,0.09302,0.09303,0.09292,0.09292,0.09309,0.0931,0.09298,0.09298,-0.00064474,-0.00051047,-0.00073949,-0.00051047,-5.9999999999990616e-05,-0.0006453000645299055
1698329400000,2023-10-26T14:10:00Z,0.09292,0.09301,0.09291,0.09298,40283,3745.71187,0.09292,0.09303,0.09292,0.09298,0.09298,0.09309,0.09298,0.09303,-0.00051047,-0.00010298,-0.00065061,-0.00010298,-5.000000000000837e-05,-0.0005374610340751195
1698329700000,2023-10-26T14:15:00Z,0.09298,0.09298,0.09286,0.09288,64924,6031.07442,0.09298,0.09298,0.09286,0.09288,0.09303,0.09303,0.09292,0.09292,-0.00010298,-0.00057602,-0.00060017,-0.00060017,-3.999999999999837e-05,-0.00043047783039171727
1698330000000,2023-10-26T14:20:00Z,0.09288,0.09288,0.09266,0.09275,334951,31063.02311,0.09288,0.09289,0.09271,0.09277,0.09292,0.09295,0.09278,0.09284,-0.00060017,-0.0004503,-0.00065991,-0.00065991,-9.000000000000674e-05,-0.0009694097371823215
1698330300000,2023-10-26T14:25:00Z,0.09275,0.0928,0.09273,0.09279,151144,14019.12114,0.09277,0.0928,0.09275,0.09279,0.09284,0.09288,0.09283,0.09286,-0.00065991,-0.00052127,-0.00057764,-0.00057764,-7.000000000000062e-05,-0.0007538229592935669
1698330600000,2023-10-26T14:30:00Z,0.09279,0.09279,0.09236,0.0924,1174982,108734.17944,0.09279,0.09279,0.09242,0.09242,0.09286,0.09286,0.09251,0.09253,-0.00057764,-0.00069087,-0.00111478,-0.00111478,-0.0001300000000000051,-0.0014049497460283703
1698330900000,2023-10-26T14:35:00Z,0.0924,0.09248,0.09206,0.09222,1253204,115578.39915,0.09242,0.09249,0.09208,0.09222,0.09253,0.0926,0.09221,0.09232,-0.00111478,-0.00102663,-0.00120136,-0.00102663,-0.00010000000000000286,-0.0010831889081456116
1698331200000,2023-10-26T14:40:00Z,0.09222,0.09234,0.09215,0.09229,333662,30792.29525,0.09222,0.09234,0.09215,0.09229,0.09232,0.09243,0.09227,0.09236,-0.00102663,-0.00050005,-0.00079301,-0.00079301,-7.000000000000062e-05,-0.0007579038544824666
1698331500000,2023-10-26T14:45:00Z,0.09229,0.0925,0.09222,0.09246,383667,35434.71866,0.09229,0.0925,0.09222,0.09246,0.09236,0.09256,0.09229,0.09251,-0.00079301,-0.00065182,-0.00075871,-0.00065182,-4.999999999999449e-05,-0.0005404821100420982
1698331800000,2023-10-26T14:50:00Z,0.09246,0.09248,0.09239,0.09245,252883,23374.36719,0.09246,0.09248,0.0924,0.09245,0.09251,0.09255,0.09246,0.09249,-0.00065182,-0.00035769,-0.0004994,-0.00035769,-3.999999999999837e-05,-0.00043247918693911094
1698332100000,2023-10-26T14:55:00Z,0.09245,0.09249,0.09237,0.09237,180138,16652.28249,0.09245,0.0925,0.09237,0.09249,0.09249,0.09255,0.09242,0.09254,-0.00035769,-0.00021301,-0.00030367,-0.00030367,-0.00017000000000000348,-0.0018370434406743408
1698332400000,2023-10-26T15:00:00Z,0.09237,0.09256,0.09237,0.0924,127918,11832.4101,0.09249,0.09256,0.0924,0.09241,0.09254,0.09259,0.09244,0.09245,-0.00030367,-0.00010571,-0.0001266,-0.0001266,-5.000000000000837e-05,-0.000540832882639355
1698332700000,2023-10-26T15:05:00Z,0.0924,0.0924,0.09227,0.09227,74664,6892.24045,0.09241,0.09241,0.09229,0.09229,0.09245,0.09245,0.09232,0.09234,-0.0001266,-0.0001186,-0.0005177,-0.0001186,-7.000000000000062e-05,-0.0007580680095300045
1698333000000,2023-10-26T15:10:00Z,0.09227,0.09231,0.09223,0.09228,36650,3381.67453,0.09229,0.09232,0.09224,0.09228,0.09234,0.09237,0.09229,0.09232,-0.0001186,-0.00019753,-0.00023448,-0.00023448,-3.999999999999837e-05,-0.0004332755632582146
1698333300000,2023-10-26T15:15:00Z,0.09228,0.09228,0.09209,0.09209,58130,5359.48721,0.09228,0.09229,0.0921,0.0921,0.09232,0.09234,0.09218,0.09218,-0.00023448,-0.00070306,-0.00082471,-0.00070306,-8.999999999999286e-05,-0.0009763506183553142
1698333600000,2023-10-26T15:20:00Z,0.09209,0.09215,0.09202,0.09207,174200,16040.31858,0.0921,0.09215,0.09202,0.09208,0.09218,0.09222,0.0921,0.09217,-0.00070306,-0.00046065,-0.00093178,-0.00046065,-0.00010000000000000286,-0.0010849517196485066
1698333900000,2023-10-26T15:25:00Z,0.09207,0.09207,0.09196,0.09198,231691,21315.63318,0.09208,0.09209,0.09196,0.09198,0.09217,0.09218,0.09205,0.09207,-0.00046065,-0.00047311,-0.00069663,-0.00069663,-8.999999999999286e-05,-0.0009775171065492872
1698334200000,2023-10-26T15:30:00Z,0.09198,0.09206,0.0919,0.09201,156796,14427.31688,0.09198,0.09206,0.09192,0.09201,0.09207,0.09214,0.09201,0.09206,-0.00069663,-0.00061561,-0.00065153,-0.00061561,-5.000000000000837e-05,-0.0005431240495330042
1698334500000,2023-10-26T15:35:00Z,0.09201,0.09212,0.09199,0.0921,79551,7322.18977,0.09201,0.09212,0.09199,0.0921,0.09206,0.0922,0.09205,0.09216,-0.00061561,-0.00037346,-0.00076399,-0.00076399,-6.0000000000004494e-05,-0.0006510416666667154
1698334800000,2023-10-26T15:40:00Z,0.0921,0.09211,0.09194,0.09195,572570,52721.1344,0.0921,0.09211,0.09194,0.09195,0.09216,0.09217,0.09201,0.09203,-0.00076399,-0.00058214,-0.00067427,-0.00067427,-7.999999999999674e-05,-0.0008692817559491116
1698335100000,2023-10-26T15:45:00Z,0.09195,0.09216,0.09194,0.09216,115632,10637.48826,0.09195,0.09216,0.09195,0.09216,0.09203,0.09222,0.09201,0.09221,-0.00067427,-0.0001676,-0.00042717,-0.0001676,-4.999999999999449e-05,-0.0005422405379025539
1698335400000,2023-10-26T15:50:00Z,0.09216,0.09216,0.09211,0.09211,51222,4719.84102,0.09216,0.09216,0.09211,0.09211,0.09221,0.09223,0.09215,0.09215,-0.0001676,-0.00027294,-0.00032414,-0.00027294,-3.999999999999837e-05,-0.00043407487791642294
1698335700000,2023-10-26T15:55:00Z,0.09211,0.09219,0.09211,0.09214,73372,6762.69609,0.09211,0.09219,0.09211,0.09216,0.09215,0.09223,0.09214,0.09219,-0.00027294,-0.00006475,-0.00012227,-0.00012227,-4.999999999999449e-05,-0.0005423581733376125
1698336000000,2023-10-26T16:00:00Z,0.09214,0.09216,0.09211,0.09215,100182,9229.41088,0.09216,0.09216,0.09212,0.09215,0.09219,0.09219,0.09214,0.09218,-0.00012227,-0.00016597,-0.00033568,-0.00033568,-3.0000000000002247e-05,-0.00032545020611848824
1698336300000,2023-10-26T16:05:00Z,0.09215,0.09218,0.09205,0.09218,67830,6246.78832,0.09215,0.09221,0.09205,0.09218,0.09218,0.09225,0.09209,0.09222,-0.00033568,-0.00009618,-0.00010352,-0.00010352,-3.999999999999837e-05,-0.00043374539145519815
1698336600000,2023-10-26T16:10:00Z,0.09218,0.09218,0.09212,0.09213,29043,2676.26144,0.09218,0.09218,0.09212,0.09213,0.09222,0.09222,0.09213,0.09215,-0.00010352,0,-0.00015849,0,-1.9999999999992246e-05,-0.00021703743895813617
1698336900000,2023-10-26T16:15:00Z,0.09213,0.09226,0.09213,0.09224,51604,4758.7927,0.09213,0.09226,0.09213,0.09224,0.09215,0.09229,0.09215,0.09224,0,0,-0.00006546,0,0.0,0.0
1698337200000,2023-10-26T16:20:00Z,0.09224,0.09224,0.0921,0.09215,71184,6562.49966,0.09224,0.09224,0.0921,0.09215,0.09224,0.09224,0.09211,0.09216,0,0,0,0,-1.0000000000010001e-05,-0.00010850694444455295
1698337500000,2023-10-26T16:25:00Z,0.09215,0.09222,0.09208,0.09215,35999,3317.89545,0.09215,0.09223,0.0921,0.09215,0.09216,0.09226,0.09212,0.09218,0,0,-0.00012959,-0.00012959,-3.0000000000002247e-05,-0.00032545020611848824
1698337800000,2023-10-26T16:30:00Z,0.09215,0.09215,0.09201,0.09213,83012,7646.08883,0.09215,0.09215,0.09204,0.09213,0.09218,0.09218,0.09205,0.09212,-0.00012959,0,-0.00017771,0,1.0000000000010001e-05,0.00010855405992194965
1698338100000,2023-10-26T16:35:00Z,0.09213,0.09214,0.09205,0.09206,29453,2712.84681,0.09213,0.09217,0.09206,0.09206,0.09212,0.09219,0.09206,0.09206,0,-0.00006059,-0.00029193,-0.00029193,0.0,0.0
1698338400000,2023-10-26T16:40:00Z,0.09206,0.09206,0.09201,0.09204,6868,632.02208,0.09206,0.09206,0.09201,0.09204,0.09206,0.09208,0.09204,0.09206,-0.00029193,0,-0.0000973,-0.0000973,-2.0000000000006124e-05,-0.00021724961981323183
1698338700000,2023-10-26T16:45:00Z,0.09204,0.09217,0.09203,0.09211,37447,3448.64726,0.09204,0.09217,0.09203,0.09211,0.09206,0.09218,0.09205,0.09213,-0.0000973,0,-0.00025379,0,-2.0000000000006124e-05,-0.00021708455443401848
1698339000000,2023-10-26T16:50:00Z,0.09211,0.09215,0.09202,0.09213,76264,7020.61775,0.09211,0.09218,0.09203,0.09213,0.09213,0.0922,0.09206,0.09212,0,0,-0.00011118,-0.00011118,1.0000000000010001e-05,0.00010855405992194965
1698339300000,2023-10-26T16:55:00Z,0.09213,0.09217,0.09208,0.09208,46169,4254.18364,0.09213,0.09218,0.09208,0.09208,0.09212,0.0922,0.09209,0.0921,-0.00011118,-0.00014609,-0.00014812,-0.00014609,-2.0000000000006124e-05,-0.00021715526601526737
1698339600000,2023-10-26T17:00:00Z,0.09208,0.09212,0.09201,0.09208,68272,6282.84642,0.09208,0.09214,0.09201,0.09209,0.0921,0.09217,0.09204,0.09212,-0.00014609,0,-0.0002682,0,-3.999999999999837e-05,-0.00043421623968734665
1698339900000,2023-10-26T17:05:00Z,0.09208,0.09219,0.09208,0.09215,146462,13495.23099,0.09209,0.0922,0.09208,0.09215,0.09212,0.09223,0.0921,0.09217,0,-0.00030647,-0.00033177,-0.00030647,-2.0000000000006124e-05,-0.00021699034392976156
1698340200000,2023-10-26T17:10:00Z,0.09215,0.09221,0.09215,0.09215,45958,4236.05187,0.09215,0.09222,0.09215,0.09217,0.09217,0.09225,0.09215,0.09221,-0.00030647,-0.00039967,-0.00040976,-0.00040976,-6.0000000000004494e-05,-0.0006506886454831851
1698340500000,2023-10-26T17:15:00Z,0.09215,0.09218,0.09209,0.09217,24728,2278.7015,0.09217,0.09218,0.09209,0.09217,0.09221,0.09221,0.09211,0.09219,-0.00040976,-0.00007462,-0.00009708,-0.00009708,-1.9999999999992246e-05,-0.00021694326933498478
1698340800000,2023-10-26T17:20:00Z,0.09217,0.09217,0.09214,0.09214,64036,5901.11501,0.09217,0.09218,0.09214,0.09214,0.09219,0.0922,0.09213,0.09215,-0.00009708,-0.00013305,-0.00014547,-0.00013305,-9.999999999996123e-06,-0.00010851871947906809
1698341100000,2023-10-26T17:25:00Z,0.09214,0.09219,0.09212,0.09219,36553,3368.83851,0.09214,0.0922,0.09212,0.0922,0.09215,0.09222,0.09213,0.09222,-0.00013305,0,-0.00000824,0,-3.0000000000002247e-05,-0.0003253090435914362
1698341400000,2023-10-26T17:30:00Z,0.09219,0.09221,0.09216,0.09216,28946,2668.35662,0.0922,0.09221,0.09216,0.09216,0.09222,0.09222,0.09218,0.09218,0,-0.0000308,-0.00008459,-0.00008459,-1.9999999999992246e-05,-0.00021696680407889182
1698341700000,2023-10-26T17:35:00Z,0.09216,0.09218,0.09208,0.09216,23377,2153.58333,0.09216,0.09218,0.09209,0.09217,0.09218,0.0922,0.09211,0.09219,-0.00008459,0,-0.00006414,0,-2.999999999998837e-05,-0.0003254149040024772
1698342000000,2023-10-26T17:40:00Z,0.09216,0.09216,0.09212,0.09216,12882,1186.8791,0.09217,0.09218,0.09214,0.09216,0.09219,0.0922,0.09217,0.09218,0,-0.00001909,-0.00002603,-0.00001909,-1.9999999999992246e-05,-0.00021696680407889182
1698342300000,2023-10-26T17:45:00Z,0.09216,0.09224,0.09215,0.09224,32050,2955.45606,0.09216,0.09224,0.09216,0.09224,0.09218,0.09228,0.09218,0.09228,-0.00001909,-0.00014765,-0.00027238,-0.00027238,-3.999999999999837e-05,-0.00043346337234501916
1698342600000,2023-10-26T17:50:00Z,0.09224,0.09225,0.09217,0.0922,50793,4684.31923,0.09224,0.09225,0.09217,0.0922,0.09228,0.09228,0.09218,0.09221,-0.00027238,0,0,0,-9.999999999996123e-06,-0.00010844810758048067
1698342900000,2023-10-26T17:55:00Z,0.0922,0.09227,0.0922,0.09223,39509,3645.22907,0.0922,0.09227,0.0922,0.09225,0.09221,0.09226,0.09221,0.09225,0,0,0,0,-1.9999999999992246e-05,-0.00021680216802159616
1698343200000,2023-10-26T18:00:00Z,0.09223,0.09225,0.09219,0.0922,48684,4489.86896,0.09225,0.09226,0.0922,0.09224,0.09225,0.09226,0.0922,0.09224,0,0,0,0,-3.999999999999837e-05,-0.0004336513443191497
1698343500000,2023-10-26T18:05:00Z,0.0922,0.09226,0.09218,0.09219,138068,12732.25282,0.09224,0.09226,0.09219,0.09219,0.09224,0.09226,0.09218,0.09218,0,0,0,0,9.999999999996123e-06,0.00010848340203944591
1698343800000,2023-10-26T18:10:00Z,0.09219,0.09228,0.09218,0.09227,3566,329.02418,0.09219,0.09229,0.09217,0.09227,0.09218,0.09229,0.09216,0.09228,0,0,-0.00009415,-0.00009415,-9.999999999996123e-06,-0.0001083658430862172
1698344100000,2023-10-26T18:15:00Z,0.09227,0.09227,0.09223,0.09225,23831,2198.54637,0.09227,0.09228,0.09222,0.09222,0.09228,0.09229,0.09221,0.09221,-0.00009415,0,0,0,3.999999999999837e-05,0.0004337924303220732
1698344400000,2023-10-26T18:20:00Z,0.09225,0.09227,0.09222,0.09226,6614,610.11889,0.09222,0.09228,0.09222,0.09226,0.09221,0.09228,0.09221,0.09225,0,0,0,0,9.999999999996123e-06,0.00010840108401079808
1698344700000,2023-10-26T18:25:00Z,0.09226,0.09229,0.09222,0.09229,112987,10425.65732,0.09226,0.09229,0.09223,0.09229,0.09225,0.0923,0.09224,0.0923,0,0,0,0,-9.999999999996123e-06,-0.00010834236186344662
1698345000000,2023-10-26T18:30:00Z,0.09229,0.09234,0.09223,0.09234,75434,6961.89751,0.09229,0.09234,0.09224,0.09234,0.0923,0.09235,0.09223,0.09233,0,0,0,0,1.0000000000010001e-05,0.00010830715910332504
1698345300000,2023-10-26T18:35:00Z,0.09234,0.09234,0.09227,0.0923,6416,592.30686,0.09234,0.09234,0.09227,0.0923,0.09233,0.09234,0.09227,0.0923,0,0,0,0,0.0,0.0
1698345600000,2023-10-26T18:40:00Z,0.0923,0.0923,0.09226,0.09228,11996,1107.03055,0.0923,0.09231,0.09226,0.09228,0.0923,0.09232,0.09227,0.09229,0,0,0,0,-9.999999999996123e-06,-0.00010835410120268852
1698345900000,2023-10-26T18:45:00Z,0.09228,0.09231,0.09226,0.09227,40049,3694.98597,0.09228,0.09231,0.09226,0.09227,0.09229,0.09232,0.09226,0.09227,0,0,0,0,0.0,0.0
1698346200000,2023-10-26T18:50:00Z,0.09227,0.0923,0.09227,0.09228,6967,642.94509,0.09227,0.09231,0.09227,0.09229,0.09227,0.09232,0.09227,0.09229,0,0,0,0,-9.999999999996123e-06,-0.00010835410120268852
1698346500000,2023-10-26T18:55:00Z,0.09228,0.0923,0.09227,0.09229,14087,1299.93978,0.09229,0.09231,0.09227,0.0923,0.09229,0.09231,0.09228,0.0923,0,0,0,0,-9.999999999996123e-06,-0.00010834236186344662
1698346800000,2023-10-26T19:00:00Z,0.09229,0.0923,0.09227,0.0923,15272,1409.3845,0.0923,0.09232,0.09228,0.09232,0.0923,0.09234,0.09229,0.09234,0,0,-0.00008559,0,-4.000000000001225e-05,-0.0004331817197315599
1698347100000,2023-10-26T19:05:00Z,0.0923,0.09234,0.0923,0.09231,51012,4710.03204,0.09232,0.09236,0.0923,0.09231,0.09234,0.09238,0.09232,0.09234,0,0,-0.0001174,-0.0001174,-3.0000000000002247e-05,-0.0003248862897985948
1698347400000,2023-10-26T19:10:00Z,0.09231,0.09231,0.0923,0.09231,2595,239.52401,0.09231,0.09231,0.0923,0.09231,0.09234,0.09234,0.0923,0.09231,-0.0001174,0,-0.00010561,0,0.0,0.0
1698347700000,2023-10-26T19:15:00Z,0.09231,0.09233,0.0923,0.09233,863,79.66695,0.09231,0.09234,0.0923,0.09233,0.09231,0.09235,0.0923,0.09233,0,0.0000781,0,0.0000781,0.0,0.0
1698348000000,2023-10-26T19:20:00Z,0.09233,0.09237,0.09232,0.09232,93878,8669.1735,0.09233,0.09239,0.0923,0.0923,0.09233,0.0924,0.09229,0.09229,0.0000781,-0.00008252,-0.00020049,-0.00008252,3.0000000000002247e-05,0.0003250623036082159
1698348300000,2023-10-26T19:25:00Z,0.09232,0.09232,0.0922,0.0922,37539,3463.22216,0.0923,0.09231,0.09221,0.09221,0.09229,0.0923,0.09222,0.09222,-0.00008252,0,-0.00001538,0,-1.9999999999992246e-05,-0.00021687269572752383
1698348600000,2023-10-26T19:30:00Z,0.0922,0.09223,0.0922,0.09222,44997,4150.04635,0.09221,0.09226,0.09221,0.09222,0.09222,0.09227,0.09222,0.09223,0,0,-0.00006297,0,-1.0000000000010001e-05,-0.00010842459069727854
1698348900000,2023-10-26T19:35:00Z,0.09222,0.09228,0.09222,0.09225,85791,7915.31229,0.09222,0.09228,0.09222,0.09225,0.09223,0.09229,0.09223,0.09227,0,0,-0.00000866,0,-2.0000000000006124e-05,-0.0002167551750298702
1698349200000,2023-10-26T19:40:00Z,0.09225,0.09229,0.09225,0.09229,39000,3598.64048,0.09225,0.09229,0.09225,0.09229,0.09227,0.0923,0.09227,0.09229,0,0.00005439,0,0.00005439,0.0,0.0
1698349500000,2023-10-26T19:45:00Z,0.09229,0.0923,0.09222,0.0923,227906,21024.37712,0.09229,0.0923,0.09226,0.09227,0.09229,0.09229,0.09225,0.09227,0.00005439,0,0,0,2.999999999998837e-05,0.0003251327625445797
1698349800000,2023-10-26T19:50:00Z,0.0923,0.0923,0.09227,0.09227,5249,484.32606,0.09227,0.09229,0.09225,0.09225,0.09227,0.09229,0.09225,0.09225,0,-0.00006589,-0.00020188,-0.00006589,2.0000000000006124e-05,0.0002168021680217466
1698350100000,2023-10-26T19:55:00Z,0.09227,0.09231,0.09223,0.09226,102025,9413.4178,0.09225,0.09232,0.09224,0.09227,0.09225,0.09233,0.09224,0.09228,-0.00006589,0,-0.00005688,-0.00005688,-2.0000000000006124e-05,-0.00021673168617258477
1698350400000,2023-10-26T20:00:00Z,0.09226,0.09234,0.09223,0.09231,167669,15469.30779,0.09227,0.09234,0.09225,0.09233,0.09228,0.09236,0.09226,0.09235,-0.00005688,0,-0.00018018,0,-3.999999999999837e-05,-0.00043313481321059414
1698350700000,2023-10-26T20:05:00Z,0.09231,0.09238,0.09229,0.09238,277988,25675.36338,0.09233,0.09237,0.0923,0.09236,0.09235,0.09237,0.09231,0.09236,0,-0.00018702,-0.00035809,-0.00035809,2.0000000000006124e-05,0.0002165439584236263
1698351000000,2023-10-26T20:10:00Z,0.09238,0.09238,0.0923,0.09232,237870,21961.31299,0.09236,0.09236,0.0923,0.09233,0.09236,0.09236,0.09232,0.09234,-0.00035809,0,0,0,-2.0000000000006124e-05,-0.00021659085986577996
1698351300000,2023-10-26T20:15:00Z,0.09232,0.09234,0.09232,0.09234,55,5.0787,0.09233,0.09237,0.09233,0.09235,0.09234,0.09238,0.09234,0.09237,0,0,0,0,-2.999999999998837e-05,-0.0003247807729781138
1698351600000,2023-10-26T20:20:00Z,0.09234,0.0924,0.09232,0.09239,25072,2315.81084,0.09235,0.0924,0.09233,0.09239,0.09237,0.0924,0.09234,0.0924,0,-0.00011105,-0.00015499,-0.00015499,-9.999999999996123e-06,-0.00010822510822506627
1698351900000,2023-10-26T20:25:00Z,0.09239,0.09244,0.09238,0.09243,105672,9765.09057,0.09239,0.09243,0.09238,0.09242,0.0924,0.09243,0.09238,0.09242,-0.00015499,0.00010821,0,0,9.999999999996123e-06,0.00010820168794629001
1698352200000,2023-10-26T20:30:00Z,0.09243,0.09245,0.09239,0.09239,225582,20850.45455,0.09242,0.09243,0.09239,0.09239,0.09242,0.09243,0.09239,0.09239,0,0,0,0,0.0,0.0
1698352500000,2023-10-26T20:35:00Z,0.09239,0.09241,0.09236,0.09237,84758,7830.95728,0.09239,0.0924,0.09236,0.09236,0.09239,0.0924,0.09236,0.09236,0,0,0,0,9.999999999996123e-06,0.00010827197921173802
1698352800000,2023-10-26T20:40:00Z,0.09237,0.09242,0.09233,0.09237,332048,30668.21459,0.09236,0.09241,0.09236,0.09239,0.09236,0.0924,0.09236,0.09239,0,0.00002197,0,0,-2.0000000000006124e-05,-0.00021647364433386863
1698353100000,2023-10-26T20:45:00Z,0.09237,0.09238,0.09234,0.09236,21421,1978.55726,0.09239,0.09239,0.09235,0.09237,0.09239,0.09239,0.09236,0.09238,0,0,0,0,-2.0000000000006124e-05,-0.00021649707728952288
1698353400000,2023-10-26T20:50:00Z,0.09236,0.0924,0.09236,0.0924,101143,9344.38764,0.09237,0.09239,0.09236,0.09239,0.09238,0.09239,0.09237,0.09239,0,0,-0.00007078,0,9.999999999996123e-06,0.00010823682216685922
1698353700000,2023-10-26T20:55:00Z,0.0924,0.09244,0.0924,0.09244,173426,16028.55604,0.09239,0.09244,0.09239,0.09243,0.09239,0.09243,0.09239,0.09242,0,0,0,0,1.9999999999992246e-05,0.00021640337589258002
1698354000000,2023-10-26T21:00:00Z,0.09244,0.09244,0.09239,0.0924,160250,14811.32979,0.09243,0.09244,0.0924,0.0924,0.09242,0.09243,0.0924,0.0924,0,0,0,0,0.0,0.0
1698354300000,2023-10-26T21:05:00Z,0.0924,0.09242,0.0924,0.09242,60301,5572.7619,0.0924,0.09242,0.09239,0.09242,0.0924,0.09242,0.09239,0.09242,0,0,0,0,0.0,0.0
1698354600000,2023-10-26T21:10:00Z,0.09242,0.09247,0.0924,0.09241,327285,30253.02024,0.09242,0.09246,0.09242,0.09243,0.09242,0.09245,0.09242,0.09243,0,0.00004251,0,0,-1.9999999999992246e-05,-0.00021637996321532236
1698354900000,2023-10-26T21:15:00Z,0.09241,0.09242,0.09232,0.09238,201510,18615.71574,0.09243,0.09243,0.09235,0.09237,0.09243,0.09243,0.09235,0.09237,0,0,0,0,1.0000000000010001e-05,0.00010826025765952151
1698355200000,2023-10-26T21:20:00Z,0.09238,0.0924,0.09234,0.09237,137987,12745.90167,0.09237,0.09238,0.09233,0.09237,0.09237,0.09238,0.09233,0.09236,0,0,0,0,9.999999999996123e-06,0.00010827197921173802
1698355500000,2023-10-26T21:25:00Z,0.09237,0.09242,0.0923,0.09238,733492,67738.37094,0.09237,0.09241,0.09237,0.09238,0.09236,0.0924,0.09236,0.09238,0,0,0,0,0.0,0.0
1698355800000,2023-10-26T21:30:00Z,0.09238,0.0924,0.09231,0.09231,46975,4340.02317,0.09238,0.09239,0.09232,0.09232,0.09238,0.09239,0.09233,0.09233,0,0,0,0,-1.9999999999992246e-05,-0.00021661431820634946
1698356100000,2023-10-26T21:35:00Z,0.09231,0.09239,0.09231,0.09239,15592,1439.30022,0.09232,0.09239,0.09231,0.09239,0.09233,0.0924,0.09232,0.09239,0,0,0,0,0.0,0.0
1698356400000,2023-10-26T21:40:00Z,0.09239,0.09245,0.09238,0.09245,119974,11086.32294,0.09239,0.09246,0.09238,0.09245,0.09239,0.09246,0.09239,0.09245,0,0,0,0,0.0,0.0
1698356700000,2023-10-26T21:45:00Z,0.09245,0.09246,0.09244,0.09246,101425,9376.39156,0.09245,0.09246,0.09244,0.09246,0.09245,0.09247,0.09244,0.09247,0,0,0,0,-9.999999999996123e-06,-0.00010814318157235994
1698357000000,2023-10-26T21:50:00Z,0.09246,0.09251,0.0924,0.09249,346698,32043.62391,0.09246,0.0925,0.09246,0.0925,0.09247,0.0925,0.09247,0.0925,0,0,0,0,-9.999999999996123e-06,-0.0001081081081080662
1698357300000,2023-10-26T21:55:00Z,0.09249,0.09252,0.09246,0.09252,62231,5756.3538,0.0925,0.09252,0.09249,0.09252,0.0925,0.09253,0.09249,0.09252,0,0,0,0,0.0,0.0
1698357600000,2023-10-26T22:00:00Z,0.09252,0.09255,0.09248,0.09254,97701,9037.07961,0.09252,0.09256,0.09252,0.09255,0.09252,0.09256,0.09252,0.09255,0,0,0,0,-9.999999999996123e-06,-0.00010804970286327524
1698357900000,2023-10-26T22:05:00Z,0.09254,0.09257,0.09254,0.09257,34360,3180.00613,0.09255,0.09257,0.09252,0.09257,0.09255,0.09257,0.09252,0.09257,0,0.00009174,0,0,0.0,0.0
1698358200000,2023-10-26T22:10:00Z,0.09257,0.09261,0.09257,0.09261,8355,773.70493,0.09257,0.09261,0.09256,0.09261,0.09257,0.09261,0.09256,0.09261,0,0,0,0,0.0,0.0
1698358500000,2023-10-26T22:15:00Z,0.09261,0.09265,0.09258,0.09258,83573,7741.65014,0.09261,0.09263,0.09258,0.09259,0.09261,0.09263,0.09258,0.09259,0,0,0,0,-1.0000000000010001e-05,-0.00010800302408478238
1698358800000,2023-10-26T22:20:00Z,0.09258,0.09265,0.09258,0.09264,3251,301.11058,0.09259,0.09265,0.09258,0.09265,0.09259,0.09266,0.09258,0.09266,0,0,-0.00002104,0,-2.0000000000006124e-05,-0.00021584286639333178
1698359100000,2023-10-26T22:25:00Z,0.09264,0.09268,0.09264,0.09267,34998,3243.10422,0.09265,0.09269,0.09264,0.09268,0.09266,0.0927,0.09265,0.09269,0,0,0,0,-1.9999999999992246e-05,-0.00021577300679676608
1698359400000,2023-10-26T22:30:00Z,0.09267,0.09276,0.09267,0.09275,77657,7201.32074,0.09268,0.09275,0.09268,0.09275,0.09269,0.09275,0.09269,0.09275,0,0,0,0,0.0,0.0
1698359700000,2023-10-26T22:35:00Z,0.09275,0.09281,0.09275,0.09281,80873,7502.38914,0.09275,0.09282,0.09274,0.09281,0.09275,0.09283,0.09274,0.09282,0,0,0,0,-9.999999999996123e-06,-0.00010773540185300714
1698360000000,2023-10-26T22:40:00Z,0.09281,0.09284,0.09281,0.09283,80058,7431.27061,0.09281,0.09286,0.0928,0.09285,0.09282,0.09287,0.0928,0.09286,0,0,0,0,-3.0000000000002247e-05,-0.00032306698255440714
1698360300000,2023-10-26T22:45:00Z,0.09283,0.09287,0.09283,0.09287,23901,2219.31412,0.09285,0.09288,0.09283,0.09287,0.09286,0.0929,0.09284,0.09289,0,0,0,0,-2.0000000000006124e-05,-0.000215308429325074
1698360600000,2023-10-26T22:50:00Z,0.09287,0.09294,0.09285,0.09291,213309,19818.5863,0.09287,0.0929,0.09285,0.09289,0.09289,0.0929,0.09286,0.09289,0,0,0,0,2.0000000000006124e-05,0.000215308429325074
1698360900000,2023-10-26T22:55:00Z,0.09291,0.09297,0.09291,0.09293,4691,436.00319,0.09289,0.09297,0.09289,0.09293,0.09289,0.09296,0.09289,0.09293,0,0,0,0,0.0,0.0
1698361200000,2023-10-26T23:00:00Z,0.09293,0.09294,0.09288,0.09288,27331,2539.62832,0.09293,0.09295,0.09288,0.09288,0.09293,0.09295,0.09287,0.09288,0,0,0,0,0.0,0.0
1698361500000,2023-10-26T23:05:00Z,0.09288,0.09297,0.09286,0.09297,58237,5408.22819,0.09288,0.09296,0.09287,0.09296,0.09288,0.09296,0.09287,0.09296,0,0,0,0,9.999999999996123e-06,0.00010757314974178273
1698361800000,2023-10-26T23:10:00Z,0.09297,0.09297,0.09296,0.09296,2826,262.70496,0.09296,0.09298,0.09295,0.09297,0.09296,0.09298,0.09295,0.09297,0,0,0,0,-9.999999999996123e-06,-0.00010756157900393808
1698362100000,2023-10-26T23:15:00Z,0.09296,0.09297,0.09292,0.09292,38458,3574.32213,0.09297,0.09298,0.09292,0.09292,0.09297,0.09298,0.09292,0.09293,0,0,0,0,-9.999999999996123e-06,-0.00010760787689654712
1698362400000,2023-10-26T23:20:00Z,0.09292,0.09293,0.09283,0.09284,975,90.53965,0.09292,0.09293,0.09283,0.09284,0.09293,0.09294,0.09283,0.09284,0,0,-0.00003866,0,0.0,0.0
1698362700000,2023-10-26T23:25:00Z,0.09284,0.09284,0.09281,0.09284,15511,1439.96133,0.09284,0.09287,0.09282,0.09284,0.09284,0.09288,0.09283,0.09286,0,0,0,0,-1.9999999999992246e-05,-0.00021537798836950513
1698363000000,2023-10-26T23:30:00Z,0.09284,0.09285,0.09281,0.09281,15870,1473.07113,0.09284,0.09285,0.0928,0.09281,0.09286,0.09287,0.0928,0.09281,0,0,0,0,0.0,0.0
1698363300000,2023-10-26T23:35:00Z,0.09281,0.09286,0.09281,0.09281,19041,1767.43553,0.09281,0.09287,0.0928,0.09281,0.09281,0.09288,0.0928,0.09281,0,0,0,0,0.0,0.0
1698363600000,2023-10-26T23:40:00Z,0.09281,0.09281,0.09271,0.09271,11164,1035.66939,0.09281,0.09281,0.0927,0.09271,0.09281,0.09281,0.0927,0.09271,0,0,-0.00010777,0,0.0,0.0
1698363900000,2023-10-26T23:45:00Z,0.09271,0.09275,0.09269,0.09275,75947,7042.38588,0.09271,0.09278,0.09269,0.09278,0.09271,0.09279,0.09269,0.09279,0,0,-0.00001875,0,-3.999999999999837e-05,-0.0004310809354456124
1698364200000,2023-10-26T23:50:00Z,0.09275,0.09278,0.09275,0.09277,1675,155.40528,0.09278,0.0928,0.09277,0.09277,0.09279,0.09282,0.09277,0.09278,0,-0.0000711,-0.00010777,-0.0000711,-9.999999999996123e-06,-0.00010778184953649626
1698364500000,2023-10-26T23:55:00Z,0.09277,0.09284,0.09275,0.09282,13340,1237.69445,0.09277,0.09286,0.09276,0.09282,0.09278,0.09289,0.09278,0.09285,-0.0000711,-0.00008992,-0.00015286,-0.00008992,-3.0000000000002247e-05,-0.000323101777059798
1698364800000,2023-10-27T00:00:00Z,0.09282,0.09289,0.09276,0.09283,967712,89844.79583,0.09282,0.09292,0.0928,0.09285,0.09285,0.09296,0.09284,0.09291,-0.00008992,-0.00034459,-0.0004642,-0.00034459,-8.000000000001062e-05,-0.00086104832633743
1698365100000,2023-10-27T00:05:00Z,0.09283,0.09283,0.09273,0.09279,309573,28722.05705,0.09285,0.09286,0.09276,0.09279,0.09291,0.09292,0.09283,0.09287,-0.00034459,-0.0007452,-0.00110423,-0.00110423,-7.999999999999674e-05,-0.0008614191881123802
1698365400000,2023-10-27T00:10:00Z,0.09279,0.09287,0.09279,0.09287,41368,3839.48991,0.09279,0.09287,0.09279,0.09287,0.09287,0.09295,0.09286,0.09295,-0.00110423,-0.00065059,-0.00092671,-0.00065059,-8.000000000001062e-05,-0.000860677783754821
1698365700000,2023-10-27T00:15:00Z,0.09287,0.09292,0.09284,0.09289,52978,4920.7944,0.09287,0.09291,0.09284,0.09289,0.09295,0.09299,0.09291,0.09296,-0.00065059,-0.00055841,-0.00062832,-0.00055841,-7.000000000000062e-05,-0.0007530120481927777
1698366000000,2023-10-27T00:20:00Z,0.09289,0.09301,0.09289,0.09297,65381,6078.42148,0.09289,0.09302,0.09289,0.09297,0.09296,0.09309,0.09295,0.093,-0.00055841,-0.000508,-0.00074382,-0.00074382,-3.0000000000002247e-05,-0.0003225806451613145
1698366300000,2023-10-27T00:25:00Z,0.09297,0.09298,0.09283,0.09296,37957,3525.90607,0.09297,0.09298,0.09284,0.09296,0.093,0.09303,0.0929,0.09298,-0.00074382,0,-0.00034169,-0.00034169,-1.9999999999992246e-05,-0.00021510002150991876
1698366600000,2023-10-27T00:30:00Z,0.09296,0.09299,0.09287,0.09293,19754,1836.04005,0.09296,0.09299,0.0929,0.09298,0.09298,0.09304,0.09295,0.09304,-0.00034169,-0.00054348,-0.00070503,-0.00054348,-0.00010999999999999899,-0.001182287188306094
1698366900000,2023-10-27T00:35:00Z,0.09293,0.09298,0.09281,0.09286,148623,13797.39367,0.09298,0.09299,0.09282,0.09286,0.09304,0.09305,0.09287,0.09293,-0.00054348,-0.00063616,-0.00068747,-0.00068747,-7.000000000000062e-05,-0.0007532551382761285
1698367200000,2023-10-27T00:40:00Z,0.09286,0.09289,0.09281,0.09281,22249,2065.93878,0.09286,0.09289,0.09281,0.09281,0.09293,0.09295,0.09286,0.09288,-0.00068747,-0.00056598,-0.00056733,-0.00056733,-7.000000000000062e-05,-0.0007536606373815742
1698367500000,2023-10-27T00:45:00Z,0.09281,0.09281,0.09275,0.0928,33519,3109.87008,0.09281,0.09281,0.09275,0.09281,0.09288,0.09288,0.09281,0.09287,-0.00056733,-0.00032012,-0.00046316,-0.00032012,-7.000000000000062e-05,-0.00075374178959837
1698367800000,2023-10-27T00:50:00Z,0.0928,0.09286,0.09275,0.09286,30507,2830.62754,0.09281,0.09288,0.09276,0.09288,0.09287,0.09296,0.09283,0.09296,-0.00032012,-0.00057485,-0.00075315,-0.00075315,-0.00010000000000000286,-0.0010757314974182753
1698368100000,2023-10-27T00:55:00Z,0.09286,0.09297,0.09285,0.09285,22486,2089.43105,0.09288,0.09297,0.09285,0.09285,0.09296,0.09304,0.09289,0.09292,-0.00075315,-0.00041456,-0.00053758,-0.00041456,-7.000000000000062e-05,-0.0007533362031855426
1698368400000,2023-10-27T01:00:00Z,0.09285,0.09291,0.09275,0.09275,23373,2169.68338,0.09285,0.09291,0.09275,0.09275,0.09292,0.09297,0.09281,0.09281,-0.00041456,-0.00020275,-0.00064961,-0.00064961,-6.0000000000004494e-05,-0.00064648206012288
1698368700000,2023-10-27T01:05:00Z,0.09275,0.0928,0.09268,0.09276,53540,4963.81742,0.09275,0.0928,0.0927,0.09276,0.09281,0.09287,0.09277,0.09282,-0.00064961,-0.00037972,-0.00068439,-0.00037972,-6.0000000000004494e-05,-0.0006464124111183419
1698369000000,2023-10-27T01:10:00Z,0.09276,0.09292,0.09274,0.09292,24675,2290.544,0.09276,0.09292,0.09274,0.09292,0.09282,0.09298,0.09281,0.09298,-0.00037972,-0.00066917,-0.00074626,-0.00066917,-5.9999999999990616e-05,-0.0006453000645299055
1698369300000,2023-10-27T01:15:00Z,0.09292,0.09292,0.09272,0.09282,67409,6253.88035,0.09292,0.09292,0.09272,0.09282,0.09298,0.09298,0.09278,0.09287,-0.00066917,-0.00040366,-0.00040728,-0.00040366,-4.999999999999449e-05,-0.0005383869925702003
1698369600000,2023-10-27T01:20:00Z,0.09282,0.09285,0.09277,0.09279,6320,586.57659,0.09282,0.09286,0.0928,0.09282,0.09287,0.09292,0.09285,0.09289,-0.00040366,-0.00049477,-0.00056329,-0.00049477,-0.00010000000000000286,-0.0010765421466250712
1698369900000,2023-10-27T01:25:00Z,0.09279,0.09288,0.09276,0.09281,21347,1980.81341,0.09282,0.09288,0.0928,0.09281,0.09289,0.09295,0.09287,0.09287,-0.00049477,-0.00034352,-0.00054198,-0.00054198,-5.9999999999990616e-05,-0.0006460643910842104
1698370200000,2023-10-27T01:30:00Z,0.09281,0.09287,0.09278,0.09285,25641,2380.97761,0.09281,0.09287,0.0928,0.09286,0.09287,0.09294,0.09284,0.09293,-0.00054198,-0.00045641,-0.00047788,-0.00047788,-7.999999999999674e-05,-0.0008608630151726756
1698370500000,2023-10-27T01:35:00Z,0.09285,0.09293,0.09285,0.0929,18185,1689.4589,0.09286,0.09293,0.09285,0.0929,0.09293,0.09299,0.09292,0.09296,-0.00047788,-0.00047552,-0.00054081,-0.00047552,-6.0000000000004494e-05,-0.0006454388984509949
1698370800000,2023-10-27T01:40:00Z,0.0929,0.0929,0.09285,0.09287,54399,5051.6425,0.0929,0.0929,0.09285,0.09287,0.09296,0.09296,0.09291,0.09294,-0.00047552,-0.0005234,-0.00070719,-0.0005234,-7.000000000000062e-05,-0.0007531740908112828
1698371100000,2023-10-27T01:45:00Z,0.09287,0.09287,0.09268,0.09275,84624,7845.75335,0.09287,0.09288,0.09269,0.09275,0.09294,0.09295,0.09276,0.09282,-0.0005234,-0.00036224,-0.00053386,-0.00053386,-7.000000000000062e-05,-0.000754147812971349
1698371400000,2023-10-27T01:50:00Z,0.09275,0.09275,0.09254,0.09258,155198,14378.82191,0.09275,0.09275,0.09254,0.09258,0.09282,0.09282,0.09262,0.09263,-0.00053386,-0.00040099,-0.00063656,-0.00040099,-5.000000000000837e-05,-0.0005397819281011375
1698371700000,2023-10-27T01:55:00Z,0.09258,0.0926,0.09254,0.09258,88376,8181.40714,0.09258,0.09261,0.09255,0.09258,0.09263,0.09269,0.09262,0.09265,-0.00040099,-0.00027784,-0.00072122,-0.00027784,-7.000000000000062e-05,-0.0007555315704263424
1698372000000,2023-10-27T02:00:00Z,0.09258,0.09263,0.09249,0.09263,210611,19487.89161,0.09258,0.09264,0.09252,0.09264,0.09265,0.09272,0.09259,0.09272,-0.00027784,-0.00053448,-0.00060589,-0.00053448,-8.999999999999286e-05,-0.0009706643658325374
1698372300000,2023-10-27T02:05:00Z,0.09263,0.09268,0.09263,0.09268,22419,2077.25306,0.09264,0.09268,0.09264,0.09268,0.09272,0.09276,0.0927,0.09272,-0.00053448,-0.00060157,-0.00071507,-0.00060157,-3.999999999999837e-05,-0.0004314063848144777
1698372600000,2023-10-27T02:10:00Z,0.09268,0.09275,0.09268,0.09274,82762,7675.48468,0.09268,0.09275,0.09268,0.09274,0.09272,0.0928,0.09271,0.09279,-0.00060157,-0.00043899,-0.00060915,-0.00060915,-4.999999999999449e-05,-0.0005388511693069781
1698372900000,2023-10-27T02:15:00Z,0.09274,0.09278,0.09271,0.09276,29148,2703.22447,0.09274,0.09278,0.09271,0.09276,0.09279,0.09283,0.09277,0.0928,-0.00060915,-0.00029971,-0.00039849,-0.00039849,-3.999999999999837e-05,-0.0004310344827586032
1698373200000,2023-10-27T02:20:00Z,0.09276,0.09282,0.09276,0.09282,37419,3472.16424,0.09276,0.09284,0.09276,0.09282,0.0928,0.09287,0.09278,0.09285,-0.00039849,-0.00014782,-0.00035666,-0.00035666,-3.0000000000002247e-05,-0.000323101777059798
1698373500000,2023-10-27T02:25:00Z,0.09282,0.09283,0.09282,0.09283,27214,2526.06736,0.09282,0.09284,0.09282,0.09284,0.09285,0.09287,0.09283,0.09285,-0.00035666,0,-0.00021378,0,-2.0000000000006124e-05,-0.00021540118470658184
1698373800000,2023-10-27T02:30:00Z,0.09283,0.09287,0.09277,0.09277,91725,8516.37703,0.09284,0.09287,0.09279,0.09279,0.09285,0.09289,0.09281,0.09281,0,0,0,0,-3.999999999999837e-05,-0.00043098804008187016
1698374100000,2023-10-27T02:35:00Z,0.09277,0.09283,0.09273,0.09283,13592,1261.31458,0.09279,0.09283,0.09276,0.09283,0.09281,0.09283,0.09278,0.09282,0,0,-0.00004849,0,9.999999999996123e-06,0.00010773540185300714
1698374400000,2023-10-27T02:40:00Z,0.09283,0.09283,0.09282,0.09282,1784,165.59088,0.09283,0.09285,0.09281,0.09284,0.09282,0.09287,0.0928,0.09287,0,0,-0.00025045,-0.00025045,-4.999999999999449e-05,-0.0005383869925702003
1698374700000,2023-10-27T02:45:00Z,0.09282,0.09295,0.09282,0.09295,19484,1810.55036,0.09284,0.09296,0.09283,0.09296,0.09287,0.09298,0.09286,0.09298,-0.00025045,0,-0.00006993,-0.00006993,-2.999999999998837e-05,-0.00032265003226487817
1698375000000,2023-10-27T02:50:00Z,0.09295,0.09298,0.09292,0.09292,34103,3169.87272,0.09296,0.09298,0.09292,0.09292,0.09298,0.093,0.09291,0.09294,-0.00006993,0,0,0,-1.9999999999992246e-05,-0.0002151925973745669
1698375300000,2023-10-27T02:55:00Z,0.09292,0.09301,0.09292,0.09298,146287,13604.13447,0.09292,0.09303,0.09292,0.093,0.09294,0.09303,0.09293,0.09299,0,0,0,0,-1.0000000000010001e-05,-0.00010753844499419293
1698375600000,2023-10-27T03:00:00Z,0.09298,0.09298,0.09292,0.09294,10331,960.12884,0.093,0.093,0.09292,0.09293,0.09299,0.093,0.09291,0.09292,0,0,-0.00001915,-0.00001915,1.9999999999992246e-05,0.00021523891519578396
1698375900000,2023-10-27T03:05:00Z,0.09294,0.09297,0.09292,0.09293,7708,716.34724,0.09293,0.09299,0.09292,0.09297,0.09292,0.093,0.09291,0.09297,-0.00001915,0,0,0,-3.999999999999837e-05,-0.0004302463160159016
1698376200000,2023-10-27T03:10:00Z,0.09293,0.09299,0.09293,0.09299,41230,3833.96337,0.09297,0.09301,0.09297,0.09299,0.09297,0.09301,0.09297,0.09297,0,0,0,0,2.0000000000006124e-05,0.00021512315800802543
1698376500000,2023-10-27T03:15:00Z,0.09299,0.09305,0.09298,0.09305,14519,1350.37732,0.09299,0.09307,0.09298,0.09305,0.09297,0.09307,0.09297,0.09304,0,0,0,0,9.999999999996123e-06,0.0001074806534823315
1698376800000,2023-10-27T03:20:00Z,0.09305,0.09306,0.09299,0.093,11893,1106.66813,0.09305,0.09309,0.09297,0.09297,0.09304,0.09308,0.09296,0.09296,0,0,0,0,3.999999999999837e-05,0.0004302925989672802
1698377100000,2023-10-27T03:25:00Z,0.093,0.093,0.09288,0.09289,53037,4929.98471,0.09297,0.09297,0.09289,0.09289,0.09296,0.09296,0.09288,0.09288,0,0,0,0,9.999999999996123e-06,0.0001076658053401822
1698377400000,2023-10-27T03:30:00Z,0.09289,0.09299,0.09288,0.09298,13976,1298.91938,0.09289,0.09298,0.09289,0.09297,0.09288,0.09297,0.09288,0.09296,0,0,0,0,1.9999999999992246e-05,0.00021514629948356546
1698377700000,2023-10-27T03:35:00Z,0.09298,0.09301,0.09293,0.09296,59406,5522.24629,0.09297,0.09303,0.09294,0.09296,0.09296,0.09303,0.09294,0.09297,0,0,0,0,-9.999999999996123e-06,-0.00010756157900393808
1698378000000,2023-10-27T03:40:00Z,0.09296,0.09299,0.09296,0.09298,5450,506.71439,0.09296,0.093,0.09296,0.09299,0.09297,0.09301,0.09297,0.09301,0,0,0,0,-3.0000000000002247e-05,-0.0003225459627997231
1698378300000,2023-10-27T03:45:00Z,0.09298,0.09302,0.09296,0.09296,68119,6335.25621,0.09299,0.09301,0.09295,0.09296,0.09301,0.09302,0.09295,0.09296,0,0,0,0,0.0,0.0
1698378600000,2023-10-27T03:50:00Z,0.09296,0.09306,0.09294,0.09306,238339,22176.89999,0.09296,0.09308,0.09295,0.09306,0.09296,0.09309,0.09296,0.09307,0,0,0,0,-9.999999999996123e-06,-0.000107446008380747
1698378900000,2023-10-27T03:55:00Z,0.09306,0.09307,0.09306,0.09307,4826,449.15582,0.09306,0.09308,0.09306,0.09306,0.09307,0.09309,0.09306,0.09306,0,0,-0.00007509,-0.00007509,9.999999999996123e-06,0.00010745755426602324
1698379200000,2023-10-27T04:00:00Z,0.09307,0.09316,0.09307,0.0931,53431,4975.47691,0.09306,0.09317,0.09306,0.09311,0.09306,0.09318,0.09306,0.09313,-0.00007509,0,-0.00003124,0,-3.0000000000002247e-05,-0.00032213035541718294
1698379500000,2023-10-27T04:05:00Z,0.0931,0.09314,0.0929,0.093,846377,78710.58119,0.09311,0.09314,0.09299,0.093,0.09313,0.09315,0.09299,0.09301,0,0,-0.00004526,-0.00004526,-9.999999999996123e-06,-0.00010751532093319131
1698379800000,2023-10-27T04:10:00Z,0.093,0.09301,0.09293,0.093,34114,3171.18181,0.093,0.09301,0.09294,0.093,0.09301,0.09303,0.09296,0.09301,-0.00004526,0,0,0,-9.999999999996123e-06,-0.00010751532093319131
1698380100000,2023-10-27T04:15:00Z,0.093,0.09302,0.09292,0.09292,33200,3086.4619,0.093,0.09305,0.09292,0.09292,0.09301,0.09306,0.09293,0.09294,0,-0.00000204,-0.00010756,-0.00000204,-1.9999999999992246e-05,-0.0002151925973745669
1698380400000,2023-10-27T04:20:00Z,0.09292,0.09293,0.0929,0.09292,5963,554.04107,0.09292,0.09294,0.0929,0.09293,0.09294,0.09297,0.09292,0.09297,-0.00000204,-0.00008077,-0.00025489,-0.00008077,-4.999999999999449e-05,-0.0005378078950198397
1698380700000,2023-10-27T04:25:00Z,0.09292,0.09293,0.09289,0.0929,39498,3669.1679,0.09293,0.09293,0.0929,0.0929,0.09297,0.09297,0.09292,0.09292,-0.00008077,0,-0.0001119,-0.0001119,-2.0000000000006124e-05,-0.0002152389151959333
1698381000000,2023-10-27T04:30:00Z,0.0929,0.09305,0.09284,0.09295,925112,85993.89754,0.0929,0.093,0.09286,0.09295,0.09292,0.09304,0.09291,0.09297,-0.0001119,-0.00032057,-0.00050284,-0.00050284,-1.9999999999992246e-05,-0.00021512315800787616
1698381300000,2023-10-27T04:35:00Z,0.09295,0.09296,0.0929,0.09294,137634,12787.86838,0.09295,0.09296,0.0929,0.09294,0.09297,0.09303,0.09295,0.09301,-0.00050284,-0.00050016,-0.00056162,-0.00050016,-7.000000000000062e-05,-0.0007526072465326376
1698381600000,2023-10-27T04:40:00Z,0.09294,0.09301,0.09293,0.09301,87399,8123.81307,0.09294,0.09302,0.09294,0.09301,0.09301,0.0931,0.093,0.09309,-0.00050016,-0.00037115,-0.00084641,-0.00037115,-8.000000000001062e-05,-0.0008593833924160556
1698381900000,2023-10-27T04:45:00Z,0.09301,0.09311,0.09301,0.09308,30763,2863.29908,0.09301,0.09311,0.09301,0.09308,0.09309,0.09317,0.09308,0.09312,-0.00037115,-0.0003963,-0.000624,-0.000624,-3.999999999999837e-05,-0.00042955326460479353
1698382200000,2023-10-27T04:50:00Z,0.09308,0.09312,0.09302,0.09302,20264,1886.15633,0.09308,0.09311,0.09302,0.09302,0.09312,0.09317,0.09307,0.09307,-0.000624,-0.00035739,-0.00038442,-0.00035739,-4.999999999999449e-05,-0.0005372300419038841
1698382500000,2023-10-27T04:55:00Z,0.09302,0.09303,0.09292,0.09293,71356,6632.57046,0.09302,0.09303,0.09292,0.09296,0.09307,0.09309,0.09296,0.09301,-0.00035739,0,-0.00041509,-0.00041509,-7.999999999999674e-05,-0.0008601225674658288
1698382800000,2023-10-27T05:00:00Z,0.09293,0.09295,0.09292,0.09292,11781,1094.85603,0.09296,0.09297,0.09292,0.09292,0.09301,0.09303,0.09295,0.09296,-0.00041509,-0.00019552,-0.00043029,-0.00043029,-3.999999999999837e-05,-0.0004302925989672802
1698383100000,2023-10-27T05:05:00Z,0.09292,0.09292,0.09289,0.0929,10938,1016.14661,0.09292,0.09293,0.0929,0.09293,0.09296,0.09298,0.09293,0.09298,-0.00043029,-0.00024924,-0.00041273,-0.00024924,-7.999999999999674e-05,-0.0008604000860399736
1698383400000,2023-10-27T05:10:00Z,0.0929,0.09295,0.0929,0.09293,16237,1508.94079,0.09293,0.09297,0.09292,0.09293,0.09298,0.09302,0.09297,0.09299,-0.00024924,-0.00029107,-0.00039376,-0.00039376,-6.0000000000004494e-05,-0.0006452306699645606
1698383700000,2023-10-27T05:15:00Z,0.09293,0.09293,0.09282,0.09282,31623,2936.09372,0.09293,0.09295,0.09282,0.09284,0.09299,0.09301,0.09288,0.0929,-0.00039376,-0.00042231,-0.00063882,-0.00063882,-7.999999999999674e-05,-0.0008611410118406538
1698384000000,2023-10-27T05:20:00Z,0.09282,0.09283,0.09275,0.09275,184098,17078.02692,0.09284,0.09285,0.09276,0.09276,0.0929,0.09292,0.09283,0.09284,-0.00063882,-0.00048778,-0.00058399,-0.00058399,-9.000000000000674e-05,-0.0009694097371823215
1698384300000,2023-10-27T05:25:00Z,0.09275,0.09283,0.09275,0.09283,29658,2752.89921,0.09276,0.09284,0.09276,0.09283,0.09284,0.09292,0.09284,0.0929,-0.00058399,-0.00059739,-0.00082947,-0.00059739,-7.000000000000062e-05,-0.0007534983853606094
1698384600000,2023-10-27T05:30:00Z,0.09283,0.09295,0.09283,0.09295,82556,7670.5604,0.09283,0.09295,0.09283,0.09295,0.0929,0.09299,0.0929,0.09299,-0.00059739,-0.00037208,-0.00042233,-0.00037208,-3.999999999999837e-05,-0.000430153779976324
1698384900000,2023-10-27T05:35:00Z,0.09295,0.093,0.09292,0.093,34899,3244.87488,0.09295,0.093,0.09292,0.093,0.09299,0.09308,0.09297,0.09307,-0.00037208,-0.00077092,-0.00079626,-0.00077092,-7.000000000000062e-05,-0.0007521220586655272
1698385200000,2023-10-27T05:40:00Z,0.093,0.09302,0.09296,0.09299,122492,11391.87333,0.093,0.09302,0.09296,0.09299,0.09307,0.09309,0.09303,0.09306,-0.00077092,-0.00055168,-0.00060126,-0.00055168,-7.000000000000062e-05,-0.000752202879862461
1698385500000,2023-10-27T05:45:00Z,0.09299,0.093,0.09293,0.09297,81507,7577.91918,0.09299,0.093,0.09293,0.09297,0.09306,0.09306,0.09296,0.093,-0.00055168,-0.00014442,-0.000313,-0.00014442,-3.0000000000002247e-05,-0.0003225806451613145
1698385800000,2023-10-27T05:50:00Z,0.09297,0.09299,0.0929,0.09299,21294,1979.39255,0.09297,0.093,0.09293,0.093,0.093,0.09305,0.09297,0.09305,-0.00014442,-0.00024018,-0.00027338,-0.00024018,-5.9999999999990616e-05,-0.0006448146157978573
1698386100000,2023-10-27T05:55:00Z,0.09299,0.093,0.09298,0.093,2059,191.46582,0.093,0.093,0.09298,0.093,0.09305,0.09305,0.09298,0.09303,-0.00024018,-0.00028259,-0.00036727,-0.00028259,-3.0000000000002247e-05,-0.0003224766204450419
1698386400000,2023-10-27T06:00:00Z,0.093,0.093,0.09296,0.09296,7792,724.62334,0.093,0.093,0.09296,0.09298,0.09303,0.09304,0.09298,0.09301,-0.00028259,-0.00028215,-0.00045302,-0.00028215,-4.999999999999449e-05,-0.0005375766046661057
1698386700000,2023-10-27T06:05:00Z,0.09296,0.09305,0.09296,0.09305,5818,541.22996,0.09298,0.09309,0.09298,0.09309,0.09301,0.09312,0.09301,0.09312,-0.00028215,-0.00008442,-0.00014706,-0.00014706,-7.000000000000062e-05,-0.0007517182130584259
1698387000000,2023-10-27T06:10:00Z,0.09305,0.09325,0.09305,0.09313,246161,22943.9513,0.09309,0.09321,0.09306,0.09315,0.09312,0.09323,0.0931,0.09318,-0.00014706,-0.00008304,-0.00009361,-0.00008304,-4.999999999999449e-05,-0.0005365958360162535
1698387300000,2023-10-27T06:15:00Z,0.09313,0.09317,0.09313,0.09316,77425,7213.05703,0.09315,0.09322,0.09313,0.09321,0.09318,0.09322,0.09314,0.09321,-0.00008304,0,0,0,-4.999999999999449e-05,-0.0005364231305653309
1698387600000,2023-10-27T06:20:00Z,0.09316,0.09321,0.09316,0.09321,26248,2445.84703,0.09321,0.09321,0.09317,0.09321,0.09321,0.09322,0.09317,0.09322,0,0,0,0,-9.999999999996123e-06,-0.0001072731173567488
1698387900000,2023-10-27T06:25:00Z,0.09321,0.09322,0.09317,0.09321,3163,294.71894,0.09321,0.09323,0.09317,0.09321,0.09322,0.09324,0.09318,0.09323,0,0,0,0,-1.9999999999992246e-05,-0.00021452322213871337
1698388200000,2023-10-27T06:30:00Z,0.09321,0.09324,0.09318,0.09322,35833,3340.10451,0.09321,0.09324,0.09318,0.0932,0.09323,0.09324,0.09318,0.0932,0,0,-0.0000618,0,1.9999999999992246e-05,0.0002145922746780284
1698388500000,2023-10-27T06:35:00Z,0.09322,0.09322,0.0932,0.09321,17569,1637.44122,0.0932,0.09322,0.09319,0.09321,0.0932,0.09322,0.09319,0.09321,0,0,0,0,0.0,0.0
1698388800000,2023-10-27T06:40:00Z,0.09321,0.09322,0.09321,0.09322,19996,1863.82745,0.09321,0.09324,0.0932,0.09323,0.09321,0.09324,0.0932,0.09323,0,0,-0.00005802,0,-9.999999999996123e-06,-0.00010726161106935668
1698389100000,2023-10-27T06:45:00Z,0.09322,0.09324,0.09319,0.09319,12209,1138.19259,0.09323,0.09324,0.0932,0.0932,0.09323,0.09325,0.09321,0.09321,0,0,-0.00004868,-0.00004868,-2.0000000000006124e-05,-0.0002145692522262217
1698389400000,2023-10-27T06:50:00Z,0.09319,0.09323,0.09319,0.09321,51787,4827.67397,0.0932,0.09323,0.0932,0.09322,0.09321,0.09325,0.09321,0.09324,-0.00004868,0,-0.00010126,0,-3.0000000000002247e-05,-0.00032175032175034586
1698389700000,2023-10-27T06:55:00Z,0.09321,0.09327,0.09321,0.09327,42140,3930.30973,0.09322,0.09328,0.09322,0.09328,0.09324,0.0933,0.09324,0.0933,0,0,0,0,-2.999999999998837e-05,-0.000321543408360004
1698390000000,2023-10-27T07:00:00Z,0.09327,0.09328,0.09326,0.09326,135308,12619.98085,0.09328,0.09329,0.09323,0.09326,0.0933,0.09331,0.09323,0.09325,0,0,0,0,9.999999999996123e-06,0.00010723860589808175
1698390300000,2023-10-27T07:05:00Z,0.09326,0.09326,0.09323,0.09326,7335,683.89337,0.09326,0.09327,0.09323,0.09326,0.09325,0.09327,0.09323,0.09326,0,0,0,0,0.0,0.0
1698390600000,2023-10-27T07:10:00Z,0.09326,0.09327,0.09324,0.09324,11989,1118.16225,0.09326,0.09326,0.09318,0.09319,0.09326,0.09326,0.09317,0.09317,0,0,0,0,7.000000000000062e-05,0.0007513148009015844
1698390900000,2023-10-27T07:15:00Z,0.09324,0.09324,0.09317,0.09317,8501,792.07089,0.09319,0.09323,0.09317,0.0932,0.09317,0.09323,0.09316,0.0932,0,0,0,0,-3.0000000000002247e-05,-0.00032188841201719146
1698391200000,2023-10-27T07:20:00Z,0.09317,0.09318,0.09317,0.09318,693,64.57374,0.0932,0.0932,0.09315,0.09316,0.0932,0.0932,0.09315,0.09316,0,0,0,0,1.9999999999992246e-05,0.00021468441391146677
1698391500000,2023-10-27T07:25:00Z,0.09318,0.09318,0.0931,0.0931,5295,493.07617,0.09316,0.09317,0.0931,0.0931,0.09316,0.09318,0.0931,0.09311,0,0,-0.00004241,-0.00004241,-9.999999999996123e-06,-0.00010739984964016887
1698391800000,2023-10-27T07:30:00Z,0.0931,0.09322,0.0931,0.09322,107375,10005.16205,0.0931,0.09323,0.0931,0.09321,0.09311,0.09324,0.0931,0.09321,-0.00004241,0,0,0,9.999999999996123e-06,0.0001072846261130364
1698392100000,2023-10-27T07:35:00Z,0.09322,0.09322,0.09309,0.09309,27053,2519.01247,0.09321,0.09321,0.09308,0.09308,0.09321,0.09321,0.09308,0.09308,0,0,-0.000136,0,1.0000000000010001e-05,0.00010743446497647186
1698392400000,2023-10-27T07:40:00Z,0.09309,0.09309,0.09299,0.09301,80701,7506.3899,0.09308,0.09308,0.093,0.09302,0.09308,0.09308,0.093,0.09304,0,0,-0.00009436,-0.00009436,-3.0000000000002247e-05,-0.00032244196044714366
1698392700000,2023-10-27T07:45:00Z,0.09301,0.09304,0.09294,0.09298,63484,5903.814,0.09302,0.09305,0.09295,0.09298,0.09304,0.09308,0.09299,0.09302,-0.00009436,-0.00003849,-0.00056035,-0.00003849,-4.000000000001225e-05,-0.00043001505052690006
1698393000000,2023-10-27T07:50:00Z,0.09298,0.09298,0.09292,0.09292,48910,4545.15467,0.09298,0.09298,0.09292,0.09292,0.09302,0.09302,0.09296,0.09298,-0.00003849,-0.00054876,-0.00057414,-0.00057414,-5.9999999999990616e-05,-0.0006453000645299055
1698393300000,2023-10-27T07:55:00Z,0.09292,0.09296,0.09288,0.09289,104282,9688.16479,0.09292,0.09296,0.0929,0.09291,0.09298,0.09302,0.09295,0.09296,-0.00057414,-0.00021514,-0.00047633,-0.00047633,-7.000000000000062e-05,-0.0007530120481927777
1698393600000,2023-10-27T08:00:00Z,0.09289,0.09294,0.09289,0.09293,14584,1355.23113,0.09291,0.09295,0.0929,0.09295,0.09296,0.09301,0.09295,0.09301,-0.00047633,-0.00036706,-0.00040169,-0.00036706,-7.999999999999674e-05,-0.0008601225674658288
1698393900000,2023-10-27T08:05:00Z,0.09293,0.09304,0.09293,0.09304,290546,27013.29214,0.09295,0.09304,0.09294,0.09304,0.09301,0.09308,0.09299,0.09307,-0.00036706,-0.00036461,-0.00042516,-0.00036461,-3.0000000000002247e-05,-0.0003223380251423901
1698394200000,2023-10-27T08:10:00Z,0.09304,0.09304,0.09303,0.09303,2290,213.04001,0.09304,0.09304,0.09303,0.09303,0.09307,0.09309,0.09304,0.09304,-0.00036461,-0.00004533,-0.00041641,-0.00004533,-9.999999999996123e-06,-0.0001074806534823315
1698394500000,2023-10-27T08:15:00Z,0.09303,0.09307,0.09292,0.09295,161151,14982.12068,0.09303,0.09307,0.09295,0.09295,0.09304,0.09311,0.09298,0.09299,-0.00004533,-0.00017216,-0.00027311,-0.00027311,-3.999999999999837e-05,-0.000430153779976324
1698394800000,2023-10-27T08:20:00Z,0.09295,0.09304,0.09295,0.09296,6590,612.88953,0.09295,0.09305,0.09295,0.09298,0.09299,0.09309,0.09298,0.09302,-0.00027311,-0.0000245,-0.00009972,-0.0000245,-6.0000000000004494e-05,-0.000645022575790201
1698395100000,2023-10-27T08:25:00Z,0.09296,0.09304,0.09296,0.09298,22486,2091.35122,0.09298,0.09305,0.09297,0.09298,0.09302,0.0931,0.093,0.09302,-0.0000245,-0.00021597,-0.00030754,-0.00021597,-4.000000000001225e-05,-0.00043001505052690006
1698395400000,2023-10-27T08:30:00Z,0.09298,0.09301,0.09296,0.09301,4815,447.72652,0.09298,0.09305,0.09297,0.09303,0.09302,0.0931,0.093,0.09308,-0.00021597,-0.00043586,-0.00059071,-0.00059071,-7.000000000000062e-05,-0.0007520412548345576
1698395700000,2023-10-27T08:35:00Z,0.09301,0.09306,0.09301,0.09306,19498,1814.39599,0.09303,0.09309,0.09301,0.09307,0.09308,0.09313,0.09306,0.09311,-0.00059071,-0.00022951,-0.00036554,-0.00022951,-4.999999999999449e-05,-0.0005369992482009934
1698396000000,2023-10-27T08:40:00Z,0.09306,0.09317,0.09306,0.09313,528503,49235.33107,0.09307,0.09315,0.09307,0.09315,0.09311,0.09319,0.09311,0.09319,-0.00022951,0,0,0,-5.9999999999990616e-05,-0.0006438459062130124
1698396300000,2023-10-27T08:45:00Z,0.09313,0.09318,0.09313,0.09318,23964,2232.47578,0.09315,0.09321,0.09313,0.09321,0.09319,0.09322,0.09317,0.09322,0,0,0,0,-3.999999999999837e-05,-0.0004290924694271441
1698396600000,2023-10-27T08:50:00Z,0.09318,0.09319,0.09313,0.09313,39785,3706.68947,0.09321,0.09321,0.09314,0.09315,0.09322,0.09322,0.09315,0.09316,0,0,0,0,-3.0000000000002247e-05,-0.0003220266208673491
1698396900000,2023-10-27T08:55:00Z,0.09313,0.09321,0.09313,0.0932,7988,744.39554,0.09315,0.09323,0.09314,0.0932,0.09316,0.09325,0.09315,0.09321,0,0,0,0,-9.999999999996123e-06,-0.0001072846261130364
1698397200000,2023-10-27T09:00:00Z,0.0932,0.09323,0.0932,0.09323,112466,10484.0406,0.0932,0.09325,0.0932,0.09325,0.09321,0.09327,0.09321,0.09327,0,0,0,0,-4.000000000001225e-05,-0.0004288624423717406
1698397500000,2023-10-27T09:05:00Z,0.09323,0.09326,0.09322,0.09322,36820,3433.23492,0.09325,0.09327,0.09323,0.09323,0.09327,0.09328,0.09324,0.09324,0,0,-0.00008341,-0.00008341,-2.0000000000006124e-05,-0.00021450021450028018
1698397800000,2023-10-27T09:10:00Z,0.09322,0.09323,0.09318,0.0932,13416,1250.44123,0.09323,0.09324,0.09319,0.09321,0.09324,0.09326,0.09318,0.09323,-0.00008341,0,-0.0001598,0,-2.999999999998837e-05,-0.00032178483320807007
1698398100000,2023-10-27T09:15:00Z,0.0932,0.09326,0.0932,0.09326,56044,5226.25855,0.09321,0.09327,0.09321,0.09326,0.09323,0.09329,0.09323,0.09328,0,0,0,0,-2.0000000000006124e-05,-0.00021440823327622345
1698398400000,2023-10-27T09:20:00Z,0.09326,0.09334,0.09326,0.09326,238645,22265.92464,0.09326,0.09331,0.09326,0.09328,0.09328,0.09331,0.09328,0.09329,0,0,0,0,-3.0000000000002247e-05,-0.00032157787544219365
1698398700000,2023-10-27T09:25:00Z,0.09326,0.09329,0.09323,0.09324,28134,2624.22526,0.09328,0.09329,0.09323,0.09325,0.09329,0.09329,0.09322,0.09324,0,0,0,0,0.0,0.0
1698399000000,2023-10-27T09:30:00Z,0.09324,0.09328,0.09324,0.09328,10516,980.76563,0.09325,0.09329,0.09323,0.09328,0.09324,0.09328,0.09322,0.09326,0,0.00002659,0,0,2.0000000000006124e-05,0.00021445421402537128
1698399300000,2023-10-27T09:35:00Z,0.09328,0.09328,0.09316,0.09318,52037,4849.86808,0.09328,0.09328,0.09318,0.09319,0.09326,0.09326,0.09317,0.09318,0,0,0,0,0.0,0.0
1698399600000,2023-10-27T09:40:00Z,0.09318,0.09333,0.09317,0.09331,95413,8897.23765,0.09319,0.09334,0.09316,0.09331,0.09318,0.09334,0.09315,0.0933,0,0,0,0,1.0000000000010001e-05,0.00010718113612015007
1698399900000,2023-10-27T09:45:00Z,0.09331,0.09361,0.09331,0.09353,1486608,138967.48356,0.09331,0.09358,0.09331,0.09355,0.0933,0.09357,0.0933,0.09356,0,0,0,0,-3.0000000000002247e-05,-0.0003206498503634272
1698400200000,2023-10-27T09:50:00Z,0.09353,0.09384,0.09353,0.09377,573675,53760.91403,0.09355,0.09384,0.09353,0.09377,0.09356,0.09386,0.09354,0.09378,0,0,-0.0000001,-0.0000001,-9.999999999996123e-06,-0.00010663254425246453
1698400500000,2023-10-27T09:55:00Z,0.09377,0.09383,0.09371,0.09379,328840,30833.17299,0.09377,0.09383,0.09376,0.09379,0.09378,0.09386,0.09377,0.09382,-0.0000001,-0.0001745,-0.00026383,-0.00026383,-3.0000000000002247e-05,-0.0003197612449371376
1698400800000,2023-10-27T10:00:00Z,0.09379,0.09411,0.09379,0.09404,1249138,117397.10628,0.09379,0.09409,0.09379,0.09403,0.09382,0.09408,0.09381,0.09402,-0.00026383,0,0,0,1.9999999999992246e-05,0.00021272069772380604
1698401100000,2023-10-27T10:05:00Z,0.09404,0.09409,0.09396,0.09396,742327,69802.96905,0.09403,0.09405,0.09396,0.09396,0.09402,0.09405,0.09396,0.09396,0,0,0,0,0.0,0.0
1698401400000,2023-10-27T10:10:00Z,0.09396,0.09398,0.09386,0.09387,218451,20513.7232,0.09396,0.09396,0.09386,0.09387,0.09396,0.09396,0.09385,0.09387,0,0,0,0,0.0,0.0
1698401700000,2023-10-27T10:15:00Z,0.09387,0.0939,0.09386,0.0939,137575,12914.12587,0.09387,0.09389,0.09385,0.09388,0.09387,0.09389,0.09384,0.09387,0,0,0,0,3.0000000000002247e-05,0.0003195909236177932
1698402000000,2023-10-27T10:20:00Z,0.0939,0.09398,0.0938,0.0938,156634,14700.28836,0.09388,0.09399,0.0938,0.0938,0.09387,0.09398,0.09379,0.09379,0,0,0,0,9.999999999996123e-06,0.00010662117496530679
1698402300000,2023-10-27T10:25:00Z,0.0938,0.09382,0.0937,0.0938,169556,15896.59363,0.0938,0.09381,0.09374,0.0938,0.09379,0.0938,0.09374,0.09379,0,0,0,0,9.999999999996123e-06,0.00010662117496530679
1698402600000,2023-10-27T10:30:00Z,0.0938,0.0938,0.0936,0.09367,92616,8677.0182,0.0938,0.0938,0.09361,0.09368,0.09379,0.09379,0.09361,0.09369,0,0,0,0,-1.9999999999992246e-05,-0.0002134699541038771
1698402900000,2023-10-27T10:35:00Z,0.09367,0.09373,0.09367,0.09369,13155,1232.57333,0.09368,0.09373,0.09368,0.09372,0.09369,0.09374,0.09369,0.09374,0,0,0,0,-5.000000000000837e-05,-0.000533390228291107
1698403200000,2023-10-27T10:40:00Z,0.09369,0.09382,0.09369,0.09382,16616,1558.41412,0.09372,0.09385,0.09372,0.09382,0.09374,0.09387,0.09374,0.09385,0,-0.0000326,-0.00019072,-0.0000326,-3.0000000000002247e-05,-0.00031965903036763183
1698403500000,2023-10-27T10:45:00Z,0.09382,0.09382,0.09364,0.09364,287649,26946.09019,0.09382,0.09383,0.09364,0.09369,0.09385,0.09386,0.09367,0.09371,-0.0000326,0,0,0,-7.000000000000062e-05,-0.0007469853804289896
1698403800000,2023-10-27T10:50:00Z,0.09364,0.09372,0.09363,0.09364,149820,14034.19069,0.09369,0.09374,0.09364,0.09364,0.09371,0.09376,0.09363,0.09364,0,0,-0.00011068,-0.00011068,0.0,0.0
1698404100000,2023-10-27T10:55:00Z,0.09364,0.09366,0.09363,0.09363,12557,1175.84786,0.09364,0.09367,0.09363,0.09363,0.09364,0.09369,0.09364,0.09366,-0.00011068,-0.0000016,-0.00002082,-0.00002082,-2.999999999998837e-05,-0.0003203074951952634
1698404400000,2023-10-27T11:00:00Z,0.09363,0.09365,0.0936,0.0936,126254,11820.45643,0.09363,0.09366,0.09359,0.09361,0.09366,0.09369,0.09358,0.09362,-0.00002082,0,0,0,-1.9999999999992246e-05,-0.00021362956633189754
1698404700000,2023-10-27T11:05:00Z,0.0936,0.09364,0.09332,0.09351,644369,60199.07911,0.09361,0.09363,0.0935,0.09351,0.09362,0.09362,0.0935,0.09351,0,0,0,0,0.0,0.0
1698405000000,2023-10-27T11:10:00Z,0.09351,0.09357,0.09345,0.09357,271317,25371.5251,0.09351,0.0936,0.09348,0.09356,0.09351,0.09361,0.09348,0.09355,0,0,0,0,2.0000000000006124e-05,0.000213789417423903
1698405300000,2023-10-27T11:15:00Z,0.09357,0.09361,0.09355,0.0936,139898,13093.81455,0.09356,0.09361,0.09356,0.0936,0.09355,0.0936,0.09355,0.09359,0,0,0,0,9.999999999996123e-06,0.00010684902233140423
1698405600000,2023-10-27T11:20:00Z,0.0936,0.0936,0.09352,0.09357,144457,13518.05716,0.0936,0.09361,0.09352,0.0936,0.09359,0.09361,0.09351,0.0936,0,0,0,0,-3.0000000000002247e-05,-0.00032051282051284453
1698405900000,2023-10-27T11:25:00Z,0.09357,0.09359,0.0935,0.09352,20023,1872.4411,0.0936,0.0936,0.09351,0.09352,0.0936,0.0936,0.09351,0.09351,0,0,0,0,1.0000000000010001e-05,0.00010694043417826972
1698406200000,2023-10-27T11:30:00Z,0.09352,0.09353,0.09345,0.0935,54603,5104.10002,0.09352,0.09353,0.09348,0.09351,0.09351,0.09354,0.09349,0.09352,0,0,-0.00006395,0,-2.0000000000006124e-05,-0.0002138579982892015
1698406500000,2023-10-27T11:35:00Z,0.0935,0.09359,0.09346,0.09346,66350,6204.53514,0.09351,0.09359,0.09346,0.09346,0.09352,0.09362,0.09347,0.09347,0,0,0,0,-9.999999999996123e-06,-0.00010698619878031587
1698406800000,2023-10-27T11:40:00Z,0.09346,0.09347,0.09341,0.09341,41807,3906.19982,0.09346,0.09347,0.09341,0.09342,0.09347,0.09348,0.09344,0.09345,0,0,-0.00022332,-0.00022332,-3.999999999999837e-05,-0.0004280363830925454
1698407100000,2023-10-27T11:45:00Z,0.09341,0.09349,0.09341,0.09349,19806,1851.41329,0.09342,0.09351,0.09341,0.0935,0.09345,0.09354,0.09344,0.09352,-0.00022332,0,-0.00015579,-0.00015579,-3.0000000000002247e-05,-0.00032078699743372805
1698407400000,2023-10-27T11:50:00Z,0.09349,0.09362,0.09348,0.09358,154144,14417.16529,0.0935,0.09361,0.09347,0.09358,0.09352,0.09361,0.09347,0.09359,-0.00015579,0,0,0,-1.0000000000010001e-05,-0.00010684902233155252
1698407700000,2023-10-27T11:55:00Z,0.09358,0.09363,0.09354,0.09363,6266,586.32476,0.09358,0.09364,0.09354,0.09364,0.09359,0.09365,0.09354,0.09365,0,0,0,0,-1.9999999999992246e-05,-0.00021356113187391614
1698408000000,2023-10-27T12:00:00Z,0.09363,0.09369,0.09359,0.09364,175082,16393.0414,0.09364,0.09368,0.09359,0.09364,0.09365,0.09368,0.0936,0.09363,0,0,0,0,9.999999999996123e-06,0.00010680337498660817
1698408300000,2023-10-27T12:05:00Z,0.09364,0.09365,0.09356,0.09362,36574,3422.9028,0.09364,0.09365,0.09356,0.0936,0.09363,0.09365,0.09356,0.0936,0,0,0,0,1.9999999999992246e-05,0.00021367521367513084
1698408600000,2023-10-27T12:10:00Z,0.09362,0.09362,0.0935,0.09359,7674,717.95963,0.0936,0.09364,0.09351,0.09362,0.0936,0.09364,0.09351,0.09363,0,0,0,0,-3.999999999999837e-05,-0.0004272134999465809
1698408900000,2023-10-27T12:15:00Z,0.09359,0.09367,0.09359,0.09361,70882,6636.4969,0.09362,0.09366,0.09361,0.09361,0.09363,0.09366,0.09361,0.09362,0,0,0,0,-9.999999999996123e-06,-0.00010681478316594877
1698409200000,2023-10-27T12:20:00Z,0.09361,0.09363,0.09355,0.09355,14199,1328.80734,0.09361,0.09362,0.09354,0.09354,0.09362,0.09362,0.09354,0.09354,0,0,0,0,9.999999999996123e-06,0.00010690613641218862
1698409500000,2023-10-27T12:25:00Z,0.09355,0.09355,0.09351,0.09351,13951,1304.82084,0.09354,0.09358,0.09353,0.09354,0.09354,0.09358,0.09353,0.09354,0,0,0,0,-3.0000000000002247e-05,-0.00032071840923671423
1698409800000,2023-10-27T12:30:00Z,0.09351,0.0936,0.09347,0.0936,59810,5595.5258,0.09354,0.09362,0.09349,0.09362,0.09354,0.09364,0.09349,0.09363,0,0,0,0,-3.0000000000002247e-05,-0.00032041012495997274
1698410100000,2023-10-27T12:35:00Z,0.0936,0.09363,0.09353,0.09361,30819,2884.48245,0.09362,0.09363,0.09353,0.09358,0.09363,0.09364,0.09354,0.09358,0,0,0,0,3.0000000000002247e-05,0.0003205813207950657
1698410400000,2023-10-27T12:40:00Z,0.09361,0.09361,0.09351,0.09356,14313,1339.20703,0.09358,0.09359,0.09351,0.09356,0.09358,0.09359,0.09351,0.09355,0,0,0,0,1.0000000000010001e-05,0.00010689470871202567
1698410700000,2023-10-27T12:45:00Z,0.09356,0.09371,0.09353,0.09371,119241,11158.59217,0.09356,0.09371,0.09355,0.09371,0.09355,0.09371,0.09355,0.0937,0,0,0,0,9.999999999996123e-06,0.00010672358591244527
1698411000000,2023-10-27T12:50:00Z,0.09371,0.09377,0.09366,0.09366,97369,9127.14168,0.09371,0.09374,0.09364,0.09366,0.0937,0.09373,0.09362,0.09366,0,0.00013361,0,0,0.0,0.0
1698411300000,2023-10-27T12:55:00Z,0.09366,0.09369,0.0936,0.09361,182668,17100.85461,0.09366,0.09368,0.09357,0.09361,0.09366,0.09366,0.09354,0.0936,0,0,0,0,9.999999999996123e-06,0.00010683760683756542
1698411600000,2023-10-27T13:00:00Z,0.09361,0.09369,0.09359,0.09365,77082,7216.57171,0.09361,0.09367,0.09359,0.09365,0.0936,0.09367,0.09357,0.09365,0,0.00002743,0,0,0.0,0.0
1698411900000,2023-10-27T13:05:00Z,0.09365,0.09373,0.09365,0.09372,37796,3540.56292,0.09365,0.09374,0.09365,0.09373,0.09365,0.09374,0.09364,0.09373,0,0.00011879,0,0,-9.999999999996123e-06,-0.00010668942707773523
1698412200000,2023-10-27T13:10:00Z,0.09372,0.09376,0.09372,0.09373,21107,1978.54526,0.09373,0.09375,0.09371,0.09373,0.09373,0.09374,0.09369,0.09371,0,0.00006657,0,0,1.9999999999992246e-05,0.0002134243944081981
1698412500000,2023-10-27T13:15:00Z,0.09373,0.09377,0.09371,0.09372,34073,3194.16322,0.09373,0.09376,0.09371,0.09372,0.09371,0.09373,0.09369,0.09371,0,0.00010671,0,0.00010671,9.999999999996123e-06,0.00010671219720409906
1698412800000,2023-10-27T13:20:00Z,0.09372,0.09379,0.09372,0.09376,16117,1511.06606,0.09372,0.09379,0.09372,0.09376,0.09371,0.09378,0.0937,0.09375,0.00010671,0.00012279,0.00001183,0.00001183,9.999999999996123e-06,0.00010666666666662532
1698413100000,2023-10-27T13:25:00Z,0.09376,0.09384,0.09376,0.09382,62846,5895.65928,0.09376,0.09383,0.09376,0.09382,0.09375,0.09382,0.09374,0.09381,0.00001183,0,0,0,9.999999999996123e-06,0.00010659844366268119
1698413400000,2023-10-27T13:30:00Z,0.09382,0.09384,0.09377,0.09384,146189,13715.67555,0.09382,0.09384,0.09377,0.09384,0.09381,0.09383,0.09376,0.09383,0,0.00016504,0,0,1.0000000000010001e-05,0.00010657572205062348
1698413700000,2023-10-27T13:35:00Z,0.09384,0.09391,0.09384,0.09385,34254,3215.61018,0.09384,0.09389,0.09383,0.09384,0.09383,0.09388,0.09382,0.09383,0,0.00011878,0.00008577,0.00008577,2.0000000000006124e-05,0.00021315144410109907
1698414000000,2023-10-27T13:40:00Z,0.09385,0.09385,0.09372,0.09376,21112,1980.12928,0.09384,0.09384,0.09373,0.09378,0.09383,0.09384,0.09372,0.09377,0.00008577,0,0,0,-1.0000000000010001e-05,-0.00010664391596470087
1698414300000,2023-10-27T13:45:00Z,0.09376,0.0938,0.09373,0.09376,139154,13047.16099,0.09378,0.09379,0.09372,0.09372,0.09377,0.09379,0.09371,0.09371,0,0,0,0,4.999999999999449e-05,0.0005335609860206434
1698414600000,2023-10-27T13:50:00Z,0.09376,0.09376,0.09366,0.09366,99550,9327.14167,0.09372,0.09372,0.09365,0.09366,0.09371,0.09371,0.09364,0.09365,0,0.00007794,0,0.00007794,9.999999999996123e-06,0.00010678056593695807
1698414900000,2023-10-27T13:55:00Z,0.09366,0.09372,0.09364,0.09372,116173,10881.47463,0.09366,0.09375,0.09366,0.09374,0.09365,0.09375,0.09365,0.09374,0.00007794,0,0,0,-2.0000000000006124e-05,-0.0002133560913164724
1698415200000,2023-10-27T14:00:00Z,0.09372,0.09376,0.09361,0.09361,37304,3493.76813,0.09374,0.09375,0.09361,0.09361,0.09374,0.09375,0.09361,0.09361,0,0,0,0,0.0,0.0
1698415500000,2023-10-27T14:05:00Z,0.09361,0.09365,0.09344,0.09357,479046,44792.57289,0.09361,0.09365,0.0935,0.09357,0.09361,0.09364,0.0935,0.09358,0,0,0,0,-9.999999999996123e-06,-0.00010686044026497247
1698415800000,2023-10-27T14:10:00Z,0.09357,0.09358,0.09348,0.09352,13369,1250.36131,0.09357,0.0936,0.09349,0.09352,0.09358,0.09361,0.0935,0.09354,0,0,0,0,-1.9999999999992246e-05,-0.00021381227282437723
1698416100000,2023-10-27T14:15:00Z,0.09352,0.09352,0.09348,0.09349,96648,9036.05945,0.09352,0.09353,0.09349,0.09349,0.09354,0.09355,0.09351,0.09352,0,-0.00005066,-0.00013909,-0.00013909,-3.0000000000002247e-05,-0.00032078699743372805
1698416400000,2023-10-27T14:20:00Z,0.09349,0.09352,0.09341,0.09345,18565,1735.29329,0.09349,0.09352,0.09343,0.09345,0.09352,0.09356,0.09346,0.09348,-0.00013909,-0.00016283,-0.00026678,-0.00016283,-2.999999999998837e-05,-0.0003209242618740733
1698416700000,2023-10-27T14:25:00Z,0.09345,0.0935,0.09342,0.09348,84825,7928.69385,0.09345,0.09352,0.09343,0.09348,0.09348,0.09357,0.09347,0.09353,-0.00016283,-0.00017026,-0.00026274,-0.00026274,-5.000000000000837e-05,-0.0005345878327810154
1698417000000,2023-10-27T14:30:00Z,0.09348,0.09348,0.09322,0.09337,816990,76234.00694,0.09348,0.09349,0.09329,0.09337,0.09353,0.09354,0.09335,0.09342,-0.00026274,-0.0004661,-0.00052388,-0.00052388,-5.000000000000837e-05,-0.0005352172982231681
1698417300000,2023-10-27T14:35:00Z,0.09337,0.09352,0.09337,0.09349,112123,10478.86879,0.09337,0.09353,0.09337,0.09349,0.09342,0.09359,0.09342,0.09355,-0.00052388,-0.00015602,-0.00047508,-0.00015602,-5.9999999999990616e-05,-0.0006413682522714123
1698417600000,2023-10-27T14:40:00Z,0.09349,0.09361,0.09349,0.09357,218683,20460.513,0.09349,0.09361,0.09349,0.09357,0.09355,0.09364,0.09355,0.09362,-0.00015602,-0.00027103,-0.00039115,-0.00039115,-4.999999999999449e-05,-0.0005340739158298921
1698417900000,2023-10-27T14:45:00Z,0.09357,0.09359,0.09354,0.09357,16764,1568.60241,0.09357,0.09359,0.09354,0.09358,0.09362,0.09364,0.09358,0.09363,-0.00039115,-0.00009506,-0.00039925,-0.00039925,-6.0000000000004494e-05,-0.0006408202499199455
1698418200000,2023-10-27T14:50:00Z,0.09357,0.0936,0.09346,0.09346,208993,19549.50319,0.09358,0.0936,0.0935,0.0935,0.09363,0.09364,0.09354,0.09354,-0.00039925,0,-0.00042272,-0.00042272,-7.999999999999674e-05,-0.0008552490912978057
1698418500000,2023-10-27T14:55:00Z,0.09346,0.09348,0.09336,0.09341,371451,34700.99543,0.0935,0.0935,0.09337,0.09341,0.09354,0.09354,0.09343,0.09346,-0.00042272,-0.0002065,-0.00036849,-0.00036849,-4.999999999999449e-05,-0.0005349882302588754
1698418800000,2023-10-27T15:00:00Z,0.09341,0.09345,0.09329,0.09333,604492,56437.14005,0.09341,0.09345,0.09334,0.09337,0.09346,0.0935,0.0934,0.09343,-0.00036849,-0.00050251,-0.000613,-0.00050251,-0.00010000000000000286,-0.0010703200256877113
1698419100000,2023-10-27T15:05:00Z,0.09333,0.09349,0.09333,0.09348,222616,20798.44944,0.09337,0.09351,0.09334,0.09348,0.09343,0.09358,0.0934,0.09355,-0.00050251,-0.00058213,-0.00079942,-0.00058213,-7.000000000000062e-05,-0.000748262960983438
1698419400000,2023-10-27T15:10:00Z,0.09348,0.09355,0.09343,0.09349,785271,73400.04211,0.09348,0.09355,0.09343,0.09351,0.09355,0.09362,0.09349,0.09358,-0.00058213,-0.00039619,-0.00078423,-0.00078423,-8.999999999999286e-05,-0.0009617439623850488
1698419700000,2023-10-27T15:15:00Z,0.09349,0.09359,0.09348,0.09356,110206,10305.91408,0.09351,0.09359,0.0935,0.09356,0.09358,0.09365,0.09357,0.09363,-0.00078423,-0.0002775,-0.00044601,-0.00044601,-7.000000000000062e-05,-0.0007476236249065536
1698420000000,2023-10-27T15:20:00Z,0.09356,0.09357,0.09352,0.09355,53112,4968.29376,0.09356,0.09357,0.09352,0.09356,0.09363,0.09363,0.09357,0.09361,-0.00044601,-0.00026877,-0.00050694,-0.00050694,-6.0000000000004494e-05,-0.0006409571626963412
1698420300000,2023-10-27T15:25:00Z,0.09355,0.09358,0.09353,0.09358,151895,14211.59941,0.09356,0.09358,0.09353,0.09358,0.09361,0.09363,0.09359,0.09362,-0.00050694,-0.00025392,-0.00027913,-0.00027913,-3.999999999999837e-05,-0.0004272591326639433
1698420600000,2023-10-27T15:30:00Z,0.09358,0.09367,0.09358,0.09366,110705,10365.1807,0.09358,0.09367,0.09358,0.09366,0.09362,0.0937,0.09361,0.09369,-0.00027913,-0.00004654,-0.00011644,-0.00011644,-3.0000000000002247e-05,-0.0003202049311559638
1698420900000,2023-10-27T15:35:00Z,0.09366,0.09371,0.09366,0.09368,104552,9795.93199,0.09366,0.09371,0.09366,0.09369,0.09369,0.09373,0.09369,0.09372,-0.00011644,0,-0.00003127,0,-3.999999999999837e-05,-0.0004268032437046348
1698421200000,2023-10-27T15:40:00Z,0.09368,0.0938,0.09368,0.09379,145037,13592.15196,0.09369,0.0938,0.09368,0.09379,0.09372,0.0938,0.09371,0.09379,0,0,-0.00007126,0,0.0,0.0
1698421500000,2023-10-27T15:45:00Z,0.09379,0.09379,0.09363,0.09363,163064,15280.76625,0.09379,0.09379,0.09363,0.09363,0.09379,0.0938,0.09364,0.09365,0,0,-0.00005196,-0.00005196,-1.9999999999992246e-05,-0.00021356113187391614
1698421800000,2023-10-27T15:50:00Z,0.09363,0.09384,0.09361,0.09381,434039,40707.71227,0.09363,0.09382,0.09363,0.09381,0.09365,0.09382,0.09365,0.09382,-0.00005196,0,0,0,-9.999999999996123e-06,-0.00010658708164566321
1698422100000,2023-10-27T15:55:00Z,0.09381,0.09384,0.09379,0.09379,88834,8332.96125,0.09381,0.09383,0.09381,0.09382,0.09382,0.09383,0.09381,0.09383,0,0,0,0,-3.999999999999837e-05,-0.0004263028882020502
1698422400000,2023-10-27T16:00:00Z,0.09379,0.09384,0.09377,0.09379,66705,6257.12584,0.09382,0.09384,0.09377,0.09379,0.09383,0.09384,0.09377,0.0938,0,0,0,0,-9.999999999996123e-06,-0.00010660980810230409
1698422700000,2023-10-27T16:05:00Z,0.09379,0.09395,0.09379,0.0939,88962,8353.08948,0.09379,0.09393,0.09379,0.09391,0.0938,0.09392,0.09379,0.0939,0,0,0,0,0.0,0.0
1698423000000,2023-10-27T16:10:00Z,0.0939,0.09399,0.09388,0.09393,778179,73114.03835,0.09391,0.09397,0.0939,0.09395,0.0939,0.09396,0.09389,0.09394,0,0.00002373,0,0.00002373,-9.999999999996123e-06,-0.000106450926123016
1698423300000,2023-10-27T16:15:00Z,0.09393,0.094,0.09393,0.094,202945,19070.05653,0.09395,0.09398,0.09395,0.09397,0.09394,0.09397,0.09394,0.09396,0.00002373,0.00021287,0,0.00021287,3.999999999999837e-05,0.00042571306939121297
1698423600000,2023-10-27T16:20:00Z,0.094,0.09401,0.09396,0.09396,1521211,142956.94563,0.09397,0.09401,0.09393,0.09396,0.09396,0.094,0.09391,0.09394,0.00021287,0.00053236,0.00042589,0.00042589,2.0000000000006124e-05,0.00021290185224617973
1698423900000,2023-10-27T16:25:00Z,0.09396,0.09398,0.09382,0.09387,725438,68112.62755,0.09396,0.09398,0.09384,0.09389,0.09394,0.09396,0.09383,0.0939,0.00042589,-0.00010656,-0.0002131,-0.00010656,-3.0000000000002247e-05,-0.0003194888178913977
1698424200000,2023-10-27T16:30:00Z,0.09387,0.09387,0.09375,0.09375,110425,10356.75742,0.09389,0.0939,0.09378,0.0938,0.0939,0.0939,0.09378,0.0938,-0.00010656,0,-0.00007831,0,-4.999999999999449e-05,-0.0005330490405116684
1698424500000,2023-10-27T16:35:00Z,0.09375,0.09382,0.09375,0.0938,64590,6058.64099,0.0938,0.09383,0.09379,0.09382,0.0938,0.09383,0.09379,0.09383,0,0,-0.00008994,-0.00008994,-3.0000000000002247e-05,-0.00031972716615157466
1698424800000,2023-10-27T16:40:00Z,0.0938,0.0938,0.09372,0.09372,89641,8406.11521,0.09382,0.09382,0.09372,0.09372,0.09383,0.09384,0.09373,0.09374,-0.00008994,-0.00001481,-0.0000276,-0.0000276,-2.0000000000006124e-05,-0.0002133560913164724
1698425100000,2023-10-27T16:45:00Z,0.09372,0.09376,0.09346,0.0935,567971,53126.97111,0.09372,0.09379,0.09354,0.09355,0.09374,0.09382,0.09359,0.09361,-0.0000276,-0.00008295,-0.00077101,-0.00077101,-0.00010999999999999899,-0.0011750881316098599
1698425400000,2023-10-27T16:50:00Z,0.0935,0.09359,0.0935,0.09355,44364,4150.75166,0.09355,0.09359,0.09353,0.09356,0.09361,0.09367,0.09359,0.09363,-0.00077101,-0.00048066,-0.00068374,-0.00068374,-8.000000000001062e-05,-0.00085442699989331
1698425700000,2023-10-27T16:55:00Z,0.09355,0.09357,0.09349,0.09355,144204,13487.27127,0.09356,0.09357,0.09352,0.09355,0.09363,0.09365,0.0936,0.09363,-0.00068374,-0.00070198,-0.00074225,-0.00070198,-8.000000000001062e-05,-0.00085442699989331
1698426000000,2023-10-27T17:00:00Z,0.09355,0.09365,0.09352,0.09357,212122,19851.8527,0.09355,0.09366,0.09353,0.09358,0.09363,0.09374,0.09361,0.09366,-0.00070198,-0.00061583,-0.00083079,-0.00061583,-8.999999999999286e-05,-0.0009609224855860865
1698426300000,2023-10-27T17:05:00Z,0.09357,0.0936,0.09273,0.0932,4278120,398126.25451,0.09358,0.0936,0.09273,0.09321,0.09366,0.09367,0.09281,0.0933,-0.00061583,0,-0.00064356,-0.00064356,-9.999999999998899e-05,-0.0010718113612003108
1698426600000,2023-10-27T17:10:00Z,0.0932,0.09328,0.09315,0.09327,160737,14982.59341,0.09321,0.09329,0.09318,0.09327,0.0933,0.09338,0.09324,0.09335,-0.00064356,-0.00069276,-0.00091199,-0.00069276,-7.999999999999674e-05,-0.000856989823245814
1698426900000,2023-10-27T17:15:00Z,0.09327,0.09345,0.09326,0.09343,126326,11797.34708,0.09327,0.09345,0.09326,0.09343,0.09335,0.09354,0.09334,0.09352,-0.00069276,-0.00079274,-0.00094554,-0.00079274,-9.000000000000674e-05,-0.000962360992301184
1698427200000,2023-10-27T17:20:00Z,0.09343,0.09347,0.09334,0.09347,333069,31108.65768,0.09343,0.09347,0.09334,0.09347,0.09352,0.09355,0.09343,0.09354,-0.00079274,-0.00046566,-0.00064719,-0.00064719,-7.000000000000062e-05,-0.000748342954885617
1698427500000,2023-10-27T17:25:00Z,0.09347,0.09352,0.09344,0.09349,295129,27591.24747,0.09347,0.0935,0.09344,0.09349,0.09354,0.09356,0.09351,0.09354,-0.00064719,-0.00027192,-0.00030086,-0.00030086,-4.999999999999449e-05,-0.0005345306820610915
1698427800000,2023-10-27T17:30:00Z,0.09349,0.09355,0.09349,0.09355,110513,10335.14398,0.09349,0.09355,0.09349,0.09355,0.09354,0.09359,0.09351,0.09357,-0.00030086,0,-0.00000951,0,-2.0000000000006124e-05,-0.0002137437212782529
1698428100000,2023-10-27T17:35:00Z,0.09355,0.09363,0.09341,0.09343,650461,60840.57733,0.09355,0.09362,0.09344,0.09346,0.09357,0.09361,0.09346,0.09349,0,0,-0.00064135,-0.00064135,-6.0000000000004494e-05,-0.0006417798695048079
1698428400000,2023-10-27T17:40:00Z,0.09343,0.09355,0.09343,0.09355,22436,2097.68414,0.09346,0.09357,0.09346,0.09355,0.09349,0.09361,0.09349,0.09355,-0.00064135,-0.00021374,-0.00047724,-0.00021374,0.0,0.0
1698428700000,2023-10-27T17:45:00Z,0.09355,0.09358,0.09351,0.09358,152790,14291.18077,0.09355,0.09358,0.09353,0.09358,0.09355,0.09362,0.09354,0.09361,-0.00021374,0,-0.00024922,-0.00024922,-3.0000000000002247e-05,-0.0003204785813481706
1698429000000,2023-10-27T17:50:00Z,0.09358,0.09358,0.09344,0.09344,46855,4381.71048,0.09358,0.09359,0.09347,0.09347,0.09361,0.09363,0.0935,0.0935,-0.00024922,-0.00015243,-0.00027846,-0.00027846,-6.0000000000004494e-05,-0.0006417112299465721
1698429300000,2023-10-27T17:55:00Z,0.09344,0.09359,0.09341,0.09352,327730,30655.99872,0.09347,0.09359,0.09343,0.09352,0.0935,0.09359,0.09348,0.09357,-0.00027846,-0.00060547,-0.00068651,-0.00060547,-4.999999999999449e-05,-0.0005343593031954097
1698429600000,2023-10-27T18:00:00Z,0.09352,0.09358,0.09349,0.09356,123138,11520.44801,0.09352,0.09358,0.09349,0.09356,0.09357,0.09362,0.09354,0.0936,-0.00060547,-0.00009902,-0.00012959,-0.00009902,-3.999999999999837e-05,-0.00042735042735040995
1698429900000,2023-10-27T18:05:00Z,0.09356,0.09359,0.09343,0.09343,374460,35031.86637,0.09356,0.09359,0.09345,0.09345,0.0936,0.0936,0.09347,0.09347,-0.00009902,0,-0.00008519,0,-3.999999999999837e-05,-0.0004279447951214119
1698430200000,2023-10-27T18:10:00Z,0.09343,0.09345,0.0934,0.0934,80022,7475.6509,0.09345,0.09346,0.0934,0.0934,0.09347,0.09349,0.09341,0.09342,0,0,-0.00015889,-0.00015889,-2.0000000000006124e-05,-0.00021408691928929697
1698430500000,2023-10-27T18:15:00Z,0.0934,0.09352,0.0934,0.0935,169741,15866.48387,0.0934,0.09353,0.0934,0.0935,0.09342,0.09357,0.09342,0.09354,-0.00015889,-0.000056,-0.0002705,-0.000056,-3.999999999999837e-05,-0.00042762454564890284
1698430800000,2023-10-27T18:20:00Z,0.0935,0.09355,0.09338,0.09338,104961,9809.07398,0.0935,0.09355,0.09338,0.09338,0.09354,0.09357,0.0934,0.0934,-0.000056,-0.00005651,-0.00012287,-0.00005651,-1.9999999999992246e-05,-0.00021413276231255083
1698431100000,2023-10-27T18:25:00Z,0.09338,0.09338,0.0932,0.09325,132941,12398.86462,0.09338,0.09339,0.09323,0.09325,0.0934,0.09342,0.09327,0.09329,-0.00005651,-0.00026045,-0.00033872,-0.00026045,-3.999999999999837e-05,-0.00042877050058954196
1698431400000,2023-10-27T18:30:00Z,0.09325,0.09329,0.09318,0.09327,558803,52107.87932,0.09325,0.09329,0.09318,0.09327,0.09329,0.09331,0.09321,0.09329,-0.00026045,-0.00021027,-0.00050868,-0.00021027,-1.9999999999992246e-05,-0.0002143852502946966
1698431700000,2023-10-27T18:35:00Z,0.09327,0.09349,0.09327,0.09349,167402,15634.54718,0.09327,0.09349,0.09327,0.09348,0.09329,0.09348,0.09329,0.09347,-0.00021027,0,-0.00006837,-0.00006837,2.0000000000006124e-05,0.00021397239756078019
1698432000000,2023-10-27T18:40:00Z,0.09349,0.09351,0.09348,0.09348,158949,14859.96389,0.09348,0.09352,0.09348,0.09348,0.09347,0.09354,0.09347,0.09348,-0.00006837,0,0,0,0.0,0.0
1698432300000,2023-10-27T18:45:00Z,0.09348,0.09353,0.09336,0.0934,58168,5435.60578,0.09348,0.09353,0.09338,0.0934,0.09348,0.09353,0.09339,0.09341,0,-0.00004611,-0.00014678,-0.00014678,-1.0000000000010001e-05,-0.00010705491917364308
1698432600000,2023-10-27T18:50:00Z,0.0934,0.09347,0.0934,0.09341,101525,9486.32725,0.0934,0.09346,0.0934,0.09342,0.09341,0.09346,0.09341,0.09343,-0.00014678,0,0,0,-1.9999999999992246e-05,-0.00021406400513745313
1698432900000,2023-10-27T18:55:00Z,0.09341,0.09348,0.0934,0.09346,38166,3567.15235,0.09342,0.09349,0.09342,0.09346,0.09343,0.09351,0.09343,0.09348,0,-0.00002021,-0.00006994,-0.00002021,-1.9999999999992246e-05,-0.00021394950791604885
1698433200000,2023-10-27T19:00:00Z,0.09346,0.09354,0.09336,0.09336,204713,19139.43,0.09346,0.09353,0.09337,0.09337,0.09348,0.09353,0.09338,0.09338,-0.00002021,0,0,0,-2.0000000000006124e-05,-0.00021417862497329323
1698433500000,2023-10-27T19:05:00Z,0.09336,0.0934,0.09332,0.09338,85310,7964.55592,0.09337,0.09341,0.09332,0.09338,0.09338,0.09343,0.09332,0.09342,0,0,-0.0001185,0,-3.999999999999837e-05,-0.0004281738385784454
1698433800000,2023-10-27T19:10:00Z,0.09338,0.09344,0.09337,0.09344,34683,3239.88345,0.09338,0.09344,0.09337,0.09344,0.09342,0.09345,0.09339,0.09345,0,0,0,0,-1.0000000000010001e-05,-0.00010700909577324774
1698434100000,2023-10-27T19:15:00Z,0.09344,0.09345,0.09338,0.09338,112560,10517.23027,0.09344,0.09347,0.09338,0.09339,0.09345,0.09348,0.09339,0.09343,0,-0.00003844,-0.00010699,-0.00003844,-4.999999999999449e-05,-0.0005351600128437814
1698434400000,2023-10-27T19:20:00Z,0.09338,0.09341,0.09338,0.09341,20517,1916.05114,0.09339,0.09342,0.09339,0.09341,0.09343,0.09344,0.09341,0.09343,-0.00003844,-0.00005416,-0.00007418,-0.00007418,-1.9999999999992246e-05,-0.00021406400513745313
1698434700000,2023-10-27T19:25:00Z,0.09341,0.09345,0.09334,0.09343,49130,4588.4318,0.09341,0.09345,0.09334,0.09343,0.09343,0.09347,0.09334,0.09345,-0.00007418,0,0,0,-2.0000000000006124e-05,-0.00021401819154634696
1698435000000,2023-10-27T19:30:00Z,0.09343,0.09344,0.09343,0.09343,18743,1751.28254,0.09343,0.09345,0.09343,0.09343,0.09345,0.09347,0.09344,0.09344,0,-0.00006142,-0.00010699,-0.00010699,-9.999999999996123e-06,-0.00010702054794516399
1698435300000,2023-10-27T19:35:00Z,0.09343,0.09344,0.09334,0.09337,93736,8755.38689,0.09343,0.09344,0.09335,0.09338,0.09344,0.09346,0.09335,0.0934,-0.00010699,0,-0.00001926,-0.00001926,-3.0000000000002247e-05,-0.0003211991434689748
1698435600000,2023-10-27T19:40:00Z,0.09337,0.09348,0.09335,0.09348,47927,4478.36995,0.09338,0.0935,0.09338,0.09347,0.0934,0.09352,0.09339,0.09347,-0.00001926,-0.00012578,-0.00027718,-0.00012578,9.999999999996123e-06,0.00010698619878031587
1698435900000,2023-10-27T19:45:00Z,0.09348,0.09353,0.09347,0.09352,7310,683.37643,0.09347,0.09355,0.09347,0.09352,0.09347,0.09356,0.09347,0.09353,-0.00012578,0,-0.00010828,-0.00010828,-9.999999999996123e-06,-0.00010691756655614372
1698436200000,2023-10-27T19:50:00Z,0.09352,0.09352,0.09344,0.09344,159614,14922.57092,0.09352,0.09352,0.09343,0.09345,0.09353,0.09353,0.09343,0.09345,-0.00010828,0,-0.00013095,0,-1.0000000000010001e-05,-0.00010700909577324774
1698436500000,2023-10-27T19:55:00Z,0.09344,0.09346,0.09344,0.09346,67725,6328.4588,0.09345,0.09349,0.09344,0.09347,0.09345,0.09349,0.09344,0.09349,0,0,-0.00004536,-0.00004536,-3.0000000000002247e-05,-0.00032088993475240394
1698436800000,2023-10-27T20:00:00Z,0.09346,0.09353,0.09346,0.09352,87037,8138.60709,0.09347,0.09353,0.09347,0.09352,0.09349,0.09353,0.09348,0.09352,-0.00004536,0,0,0,0.0,0.0
1698437100000,2023-10-27T20:05:00Z,0.09352,0.09352,0.09346,0.09347,95480,8925.97418,0.09352,0.09352,0.09347,0.09348,0.09352,0.09352,0.09347,0.09348,0,0,-0.00004267,0,-9.999999999996123e-06,-0.00010697475395802443
1698437400000,2023-10-27T20:10:00Z,0.09347,0.09353,0.09347,0.09352,22628,2115.53195,0.09348,0.09353,0.09348,0.09352,0.09348,0.09353,0.09348,0.09352,0,0,0,0,0.0,0.0
1698437700000,2023-10-27T20:15:00Z,0.09352,0.09353,0.09342,0.09347,92798,8674.83011,0.09352,0.09353,0.09343,0.09349,0.09352,0.09354,0.09344,0.09349,0,0,-0.00026034,0,-2.0000000000006124e-05,-0.00021392662316831878
1698438000000,2023-10-27T20:20:00Z,0.09347,0.09353,0.09347,0.09352,69665,6513.63651,0.09349,0.09353,0.09348,0.09352,0.09349,0.09354,0.09349,0.09353,0,-0.00005805,-0.00010691,-0.00010691,-9.999999999996123e-06,-0.00010691756655614372
1698438300000,2023-10-27T20:25:00Z,0.09352,0.09356,0.09352,0.09356,9676,905.21519,0.09352,0.09356,0.09352,0.09356,0.09353,0.09357,0.09353,0.09357,-0.00010691,0,-0.0000296,-0.0000296,-9.999999999996123e-06,-0.0001068718606390523
1698438600000,2023-10-27T20:30:00Z,0.09356,0.09358,0.09352,0.09358,158864,14860.73378,0.09356,0.09357,0.09352,0.09356,0.09357,0.09357,0.09353,0.09357,-0.0000296,0,-0.00023586,-0.00023586,9.999999999996123e-06,0.0001068718606390523
1698438900000,2023-10-27T20:35:00Z,0.09358,0.0936,0.09357,0.0936,31236,2923.25586,0.09356,0.0936,0.09356,0.09359,0.09357,0.0936,0.09356,0.09359,-0.00023586,0,0,0,9.999999999996123e-06,0.00010684902233140423
1698439200000,2023-10-27T20:40:00Z,0.0936,0.0936,0.09346,0.09346,218313,20428.48254,0.09359,0.09359,0.09348,0.09348,0.09359,0.09359,0.09348,0.09348,0,0,-0.00017165,-0.00017165,-1.9999999999992246e-05,-0.00021394950791604885
1698439500000,2023-10-27T20:45:00Z,0.09346,0.09346,0.09342,0.09343,63932,5972.67972,0.09348,0.09348,0.09342,0.09344,0.09348,0.09348,0.09343,0.09346,-0.00017165,-0.00011139,-0.00011182,-0.00011139,-3.0000000000002247e-05,-0.00032099293815538463
1698439800000,2023-10-27T20:50:00Z,0.09343,0.09347,0.09343,0.09347,109107,10194.97608,0.09344,0.09347,0.09344,0.09347,0.09346,0.09349,0.09346,0.09348,-0.00011139,0,-0.00002332,-0.00002332,-9.999999999996123e-06,-0.00010697475395802443
1698440100000,2023-10-27T20:55:00Z,0.09347,0.09351,0.09343,0.0935,107488,10046.32865,0.09347,0.09351,0.09345,0.0935,0.09348,0.09352,0.09347,0.09352,-0.00002332,0,0,0,-2.0000000000006124e-05,-0.0002138579982892015
1698440400000,2023-10-27T21:00:00Z,0.0935,0.09351,0.09337,0.09344,219832,20539.78179,0.0935,0.09351,0.09339,0.09345,0.09352,0.09352,0.09341,0.09347,0,0,-0.00010699,-0.00010699,-3.0000000000002247e-05,-0.00032095859634109606
1698440700000,2023-10-27T21:05:00Z,0.09344,0.09354,0.09344,0.09353,192024,17957.42753,0.09345,0.09354,0.09345,0.09353,0.09347,0.09355,0.09347,0.09353,-0.00010699,0,0,0,0.0,0.0
1698441000000,2023-10-27T21:10:00Z,0.09353,0.09355,0.09349,0.09349,424101,39660.77493,0.09353,0.09354,0.09349,0.0935,0.09353,0.09354,0.09349,0.0935,0,0,0,0,-9.999999999996123e-06,-0.00010695187165771255
1698441300000,2023-10-27T21:15:00Z,0.09349,0.09349,0.0934,0.0934,76126,7113.60472,0.0935,0.0935,0.0934,0.0934,0.0935,0.0935,0.09341,0.09342,0,0,-0.00001573,-0.00001573,-2.0000000000006124e-05,-0.00021408691928929697
1698441600000,2023-10-27T21:20:00Z,0.0934,0.0934,0.09335,0.09336,35678,3330.94628,0.0934,0.0934,0.09336,0.09336,0.09342,0.09342,0.09338,0.09339,-0.00001573,-0.00032123,-0.00042826,-0.00042826,-3.0000000000002247e-05,-0.000321233536781264
1698441900000,2023-10-27T21:25:00Z,0.09336,0.09349,0.09336,0.09343,275295,25712.24818,0.09336,0.09349,0.09336,0.09344,0.09339,0.0935,0.09339,0.09347,-0.00042826,-0.00015671,-0.00023322,-0.00023322,-3.999999999999837e-05,-0.0004279447951214119
1698442200000,2023-10-27T21:30:00Z,0.09343,0.09356,0.09343,0.09356,46722,4366.25578,0.09344,0.09356,0.09344,0.09356,0.09347,0.09357,0.09346,0.09357,-0.00023322,0,-0.00000149,-0.00000149,-9.999999999996123e-06,-0.0001068718606390523
1698442500000,2023-10-27T21:35:00Z,0.09356,0.09356,0.09349,0.09349,57323,5361.19358,0.09356,0.09356,0.09349,0.09349,0.09357,0.09357,0.0935,0.09351,-0.00000149,-0.00010273,-0.00032203,-0.00032203,-1.9999999999992246e-05,-0.00021388086835624263
1698442800000,2023-10-27T21:40:00Z,0.09349,0.09349,0.09347,0.09347,25743,2406.51731,0.09349,0.09351,0.09347,0.09347,0.09351,0.09353,0.0935,0.0935,-0.00032203,-0.00022064,-0.00042938,-0.00022064,-3.0000000000002247e-05,-0.00032085561497328604
1698443100000,2023-10-27T21:45:00Z,0.09347,0.09348,0.09346,0.09348,6709,627.06715,0.09347,0.09348,0.09346,0.09348,0.0935,0.09352,0.0935,0.09351,-0.00022064,-0.00032082,-0.00032082,-0.00032082,-3.0000000000002247e-05,-0.00032082130253451236
1698443400000,2023-10-27T21:50:00Z,0.09348,0.09348,0.09347,0.09348,33044,3088.95098,0.09348,0.09348,0.09347,0.09348,0.09351,0.09352,0.09351,0.09352,-0.00032082,-0.00032082,-0.00042771,-0.00042771,-4.000000000001225e-05,-0.000427715996578403
1698443700000,2023-10-27T21:55:00Z,0.09348,0.09352,0.09348,0.09351,169220,15820.60267,0.09348,0.09352,0.09348,0.09351,0.09352,0.09354,0.09351,0.09352,-0.00042771,-0.00001325,-0.0002396,-0.0002396,-1.0000000000010001e-05,-0.00010692899914467494
1698444000000,2023-10-27T22:00:00Z,0.09351,0.09359,0.0935,0.09359,118504,11084.88354,0.09351,0.09359,0.09351,0.09359,0.09352,0.0936,0.09352,0.0936,-0.0002396,0,0,0,-9.999999999996123e-06,-0.00010683760683756542
1698444300000,2023-10-27T22:05:00Z,0.09359,0.09359,0.09355,0.09356,34014,3182.7157,0.09359,0.09359,0.09355,0.09357,0.0936,0.0936,0.09355,0.09357,0,0,0,0,-9.999999999996123e-06,-0.0001068718606390523
1698444600000,2023-10-27T22:10:00Z,0.09356,0.09359,0.09352,0.09352,15066,1409.25874,0.09357,0.09359,0.09352,0.09352,0.09357,0.09359,0.09352,0.09352,0,0,0,0,0.0,0.0
1698444900000,2023-10-27T22:15:00Z,0.09352,0.09352,0.09343,0.09343,24503,2290.22071,0.09352,0.09352,0.09343,0.09343,0.09352,0.09353,0.09344,0.09344,0,0,0,0,-9.999999999996123e-06,-0.00010702054794516399
1698445200000,2023-10-27T22:20:00Z,0.09343,0.09352,0.09343,0.09352,20980,1960.6742,0.09343,0.09353,0.09343,0.09352,0.09344,0.09354,0.09344,0.09353,0,0,0,0,-9.999999999996123e-06,-0.00010691756655614372
1698445500000,2023-10-27T22:25:00Z,0.09352,0.09357,0.09352,0.09357,4800,449.06182,0.09352,0.09358,0.09352,0.09356,0.09353,0.09358,0.09353,0.09356,0,0,0,0,9.999999999996123e-06,0.00010688328345442629
1698445800000,2023-10-27T22:30:00Z,0.09357,0.09357,0.09351,0.09357,161694,15124.13907,0.09356,0.09357,0.09352,0.09357,0.09356,0.09358,0.09353,0.09357,0,0,0,0,0.0,0.0
1698446100000,2023-10-27T22:35:00Z,0.09357,0.09357,0.09344,0.09344,37888,3544.56111,0.09357,0.09357,0.09346,0.09346,0.09357,0.09358,0.09347,0.09348,0,0,-0.00007482,0,-3.999999999999837e-05,-0.0004278990158322462
1698446400000,2023-10-27T22:40:00Z,0.09344,0.09347,0.09337,0.09337,9292,868.23428,0.09346,0.09347,0.09338,0.0934,0.09348,0.09349,0.09339,0.09342,0,-0.00007145,-0.00031738,-0.00031738,-5.000000000000837e-05,-0.0005352172982231681
1698446700000,2023-10-27T22:45:00Z,0.09337,0.09349,0.09332,0.09347,256074,23905.22318,0.0934,0.09349,0.09338,0.09347,0.09342,0.09351,0.0934,0.09348,-0.00031738,0,-0.00006772,0,-9.999999999996123e-06,-0.00010697475395802443
1698447000000,2023-10-27T22:50:00Z,0.09347,0.09349,0.09344,0.09344,11096,1037.08794,0.09347,0.09349,0.09344,0.09344,0.09348,0.09352,0.09346,0.09347,0,-0.00011145,-0.00026815,-0.00011145,-3.0000000000002247e-05,-0.00032095859634109606
1698447300000,2023-10-27T22:55:00Z,0.09344,0.09344,0.09342,0.09342,17996,1681.30079,0.09344,0.09346,0.09341,0.09342,0.09347,0.0935,0.09341,0.09342,-0.00011145,-0.00007525,-0.00024662,-0.00007525,0.0,0.0
1698447600000,2023-10-27T23:00:00Z,0.09342,0.09347,0.09335,0.09346,212043,19809.35945,0.09342,0.09346,0.09336,0.09346,0.09342,0.09346,0.0934,0.09346,-0.00007525,0,-0.00008453,-0.00008453,0.0,0.0
1698447900000,2023-10-27T23:05:00Z,0.09346,0.09349,0.09346,0.09349,6284,587.39928,0.09346,0.09349,0.09346,0.09348,0.09346,0.0935,0.09346,0.09348,-0.00008453,0,0,0,1.0000000000010001e-05,0.00010697475395817288
1698448200000,2023-10-27T23:10:00Z,0.09349,0.09357,0.09349,0.09357,57711,5397.76772,0.09348,0.09356,0.09348,0.09355,0.09348,0.09356,0.09348,0.09355,0,0,0,0,2.0000000000006124e-05,0.000213789417423903
1698448500000,2023-10-27T23:15:00Z,0.09357,0.09357,0.09354,0.09354,116477,10898.0957,0.09355,0.09357,0.09354,0.09354,0.09355,0.09356,0.09353,0.09354,0,0.00008584,0.00007238,0.00007238,0.0,0.0
1698448800000,2023-10-27T23:20:00Z,0.09354,0.09356,0.09351,0.09355,79171,7405.96365,0.09354,0.09356,0.09352,0.09355,0.09354,0.09356,0.0935,0.09354,0.00007238,0,0,0,9.999999999996123e-06,0.00010690613641218862
1698449100000,2023-10-27T23:25:00Z,0.09355,0.09358,0.09355,0.09357,91054,8519.9297,0.09355,0.09358,0.09354,0.09356,0.09354,0.09357,0.09353,0.09354,0,0.00007568,0.00003089,0.00007568,3.0000000000002247e-05,0.00032071840923671423
1698449400000,2023-10-27T23:30:00Z,0.09357,0.09362,0.09353,0.09362,43217,4044.18687,0.09356,0.0936,0.09354,0.0936,0.09354,0.0936,0.09353,0.09359,0.00007568,0,0,0,2.999999999998837e-05,0.0003205470669942127
1698449700000,2023-10-27T23:35:00Z,0.09362,0.09371,0.09359,0.09359,386103,36170.06009,0.0936,0.09368,0.0936,0.0936,0.09359,0.09366,0.09359,0.0936,0,0.00009065,0,0,-9.999999999996123e-06,-0.00010683760683756542
1698450000000,2023-10-27T23:40:00Z,0.09359,0.09364,0.09359,0.0936,34094,3191.94062,0.0936,0.09363,0.09359,0.09361,0.0936,0.09362,0.09359,0.09361,0,0,0,0,-9.999999999996123e-06,-0.00010682619378267411
1698450300000,2023-10-27T23:45:00Z,0.0936,0.09363,0.09356,0.09361,186966,17499.32329,0.09361,0.09363,0.09358,0.09361,0.09361,0.09362,0.09357,0.0936,0,0,0,0,9.999999999996123e-06,0.00010683760683756542
1698450600000,2023-10-27T23:50:00Z,0.09361,0.09361,0.09354,0.09354,44992,4209.24387,0.09361,0.09361,0.09354,0.09354,0.0936,0.0936,0.09354,0.09354,0,0,0,0,0.0,0.0
1698450900000,2023-10-27T23:55:00Z,0.09354,0.09354,0.09353,0.09353,21653,2025.21251,0.09354,0.09356,0.09353,0.09353,0.09354,0.09356,0.09353,0.09353,0,0,-0.00010689,0,0.0,0.0
1698451200000,2023-10-28T00:00:00Z,0.09353,0.09353,0.09351,0.09352,98195,9183.17876,0.09353,0.09353,0.09351,0.09352,0.09353,0.09353,0.09351,0.09353,0,0,0,0,-9.999999999996123e-06,-0.00010691756655614372
1698451500000,2023-10-28T00:05:00Z,0.09352,0.09352,0.0935,0.0935,13579,1269.72246,0.09352,0.09352,0.09349,0.09349,0.09353,0.09353,0.09348,0.09348,0,0,0,0,2.0000000000006124e-05,0.0002139495079161973
1698451800000,2023-10-28T00:10:00Z,0.0935,0.0935,0.09348,0.09348,7779,727.22827,0.09349,0.0935,0.09347,0.09348,0.09348,0.09349,0.09346,0.09347,0,0,0,0,9.999999999996123e-06,0.00010698619878031587
1698452100000,2023-10-28T00:15:00Z,0.09348,0.09348,0.09343,0.09345,39492,3690.39882,0.09348,0.0935,0.09344,0.09345,0.09347,0.09349,0.09344,0.09344,0,0,0,0,1.0000000000010001e-05,0.00010702054794531251
1698452400000,2023-10-28T00:20:00Z,0.09345,0.09345,0.09344,0.09345,12691,1185.97373,0.09345,0.09348,0.09344,0.09348,0.09344,0.09348,0.09344,0.09348,0,0,0,0,-2.999999999998837e-05,-0.0003209242618740733
1698452700000,2023-10-28T00:25:00Z,0.09345,0.0935,0.09345,0.09348,40579,3793.70523,0.09348,0.09351,0.09348,0.09348,0.09348,0.09351,0.09347,0.09349,0,0,0,0,-1.0000000000010001e-05,-0.00010696331158423362
1698453000000,2023-10-28T00:30:00Z,0.09348,0.09351,0.09348,0.09351,72008,6733.3263,0.09348,0.09353,0.09348,0.09351,0.09349,0.09353,0.09349,0.09352,0,-0.00010692,-0.00021383,-0.00010692,-1.0000000000010001e-05,-0.00010692899914467494
1698453300000,2023-10-28T00:35:00Z,0.09351,0.09351,0.09346,0.09346,5818,543.82127,0.09351,0.09352,0.09346,0.09346,0.09352,0.09353,0.09345,0.09347,-0.00010692,0,0,0,-9.999999999996123e-06,-0.00010698619878031587
1698453600000,2023-10-28T00:40:00Z,0.09346,0.09346,0.09344,0.09344,10414,973.18822,0.09346,0.09346,0.09344,0.09344,0.09347,0.09348,0.09343,0.09343,0,-0.00007309,-0.00010702,-0.00007309,9.999999999996123e-06,0.00010703200256872656
1698453900000,2023-10-28T00:45:00Z,0.09344,0.09344,0.09334,0.09334,31962,2984.45054,0.09344,0.09344,0.09335,0.09335,0.09343,0.09343,0.09335,0.09336,-0.00007309,0,0,0,-1.9999999999992246e-05,-0.0002142245072835502
1698454200000,2023-10-28T00:50:00Z,0.09334,0.0934,0.09332,0.09339,69346,6472.56653,0.09335,0.0934,0.09333,0.09339,0.09336,0.09341,0.09335,0.0934,0,0,-0.00017601,-0.00017601,-9.999999999996123e-06,-0.00010706638115627541
1698454500000,2023-10-28T00:55:00Z,0.09339,0.0934,0.09333,0.09333,5525,515.93208,0.09339,0.09339,0.09335,0.09335,0.0934,0.0934,0.09336,0.09337,-0.00017601,0,-0.00025757,-0.00025757,-3.999999999999837e-05,-0.0004284031273428122
1698454800000,2023-10-28T01:00:00Z,0.09333,0.09333,0.09322,0.09329,402341,37521.28024,0.09335,0.09335,0.0933,0.0933,0.09337,0.09337,0.09333,0.09333,-0.00025757,-0.00010713,-0.00022498,-0.00022498,-3.999999999999837e-05,-0.00042858673524052683
1698455100000,2023-10-28T01:05:00Z,0.09329,0.09329,0.09325,0.09325,36396,3395.00705,0.0933,0.09331,0.09325,0.09325,0.09333,0.09335,0.09329,0.09329,-0.00022498,-0.00030111,-0.00048221,-0.00030111,-3.999999999999837e-05,-0.00042877050058954196
1698455400000,2023-10-28T01:10:00Z,0.09325,0.09329,0.09324,0.09329,14125,1317.38731,0.09325,0.0933,0.09325,0.09329,0.09329,0.09336,0.09329,0.09335,-0.00030111,-0.00016182,-0.00058194,-0.00058194,-6.0000000000004494e-05,-0.0006427423674344348
1698455700000,2023-10-28T01:15:00Z,0.09329,0.09335,0.09329,0.09331,63952,5967.2905,0.09329,0.09335,0.09329,0.09331,0.09335,0.09338,0.09334,0.09335,-0.00058194,-0.00016441,-0.00028727,-0.00028727,-3.999999999999837e-05,-0.000428494911622907
1698456000000,2023-10-28T01:20:00Z,0.09331,0.09332,0.09325,0.09326,18854,1758.62155,0.09331,0.09332,0.09325,0.09327,0.09335,0.09335,0.09326,0.09331,-0.00028727,-0.00001864,-0.00028185,-0.00028185,-5.000000000000837e-05,-0.0005358482477763194
1698456300000,2023-10-28T01:25:00Z,0.09326,0.09327,0.09326,0.09327,6251,583.03077,0.09327,0.0933,0.09326,0.0933,0.09331,0.09334,0.09328,0.09334,-0.00028185,-0.0001386,-0.00016591,-0.0001386,-7.000000000000062e-05,-0.0007499464323976924
1698456600000,2023-10-28T01:30:00Z,0.09327,0.09334,0.09327,0.09334,3247,303.05272,0.0933,0.09334,0.0933,0.09334,0.09334,0.09337,0.09334,0.09337,-0.0001386,-0.00007852,-0.00007852,-0.00007852,-2.999999999998837e-05,-0.00032130234550699767
1698456900000,2023-10-28T01:35:00Z,0.09334,0.09334,0.09327,0.0933,12705,1185.35709,0.09334,0.09336,0.09328,0.0933,0.09337,0.09338,0.09331,0.09332,-0.00007852,0,-0.0002219,0,-2.0000000000006124e-05,-0.00021431633090448053
1698457200000,2023-10-28T01:40:00Z,0.0933,0.0933,0.09328,0.09328,8990,838.76682,0.0933,0.09332,0.09328,0.09328,0.09332,0.09335,0.09329,0.0933,0,0,-0.00022886,-0.00022886,-1.9999999999992246e-05,-0.00021436227224000265
1698457500000,2023-10-28T01:45:00Z,0.09328,0.0934,0.09328,0.0934,19387,1809.41086,0.09328,0.0934,0.09328,0.0934,0.0933,0.09342,0.0933,0.0934,-0.00022886,0,-0.00008437,0,0.0,0.0
1698457800000,2023-10-28T01:50:00Z,0.0934,0.0934,0.09335,0.09336,14065,1313.16604,0.0934,0.0934,0.09335,0.09336,0.0934,0.09341,0.09336,0.09338,0,0,-0.00018974,-0.00018974,-2.0000000000006124e-05,-0.00021417862497329323
1698458100000,2023-10-28T01:55:00Z,0.09336,0.09346,0.09336,0.09345,34451,3218.75754,0.09336,0.09348,0.09336,0.09347,0.09338,0.09349,0.09338,0.09348,-0.00018974,0,0,0,-2.999999999998837e-05,-0.0003209242618740733
1698458400000,2023-10-28T02:00:00Z,0.09345,0.09346,0.09343,0.09343,15615,1459.20672,0.09347,0.09348,0.09343,0.09345,0.09348,0.09349,0.09346,0.09348,0,0,-0.00010697,0,-4.999999999999449e-05,-0.0005348737697902706
1698458700000,2023-10-28T02:05:00Z,0.09343,0.09355,0.09343,0.09352,87387,8172.04593,0.09345,0.09353,0.09345,0.09352,0.09348,0.09354,0.09347,0.09354,0,0,-0.00021381,-0.00021381,-1.9999999999992246e-05,-0.00021381227282437723
1698459000000,2023-10-28T02:10:00Z,0.09352,0.09352,0.09346,0.09351,89529,8370.28699,0.09352,0.09352,0.09347,0.09351,0.09354,0.09355,0.0935,0.09353,-0.00021381,-0.000201,-0.00032068,-0.000201,-2.0000000000006124e-05,-0.00021383513311243584
1698459300000,2023-10-28T02:15:00Z,0.09351,0.09357,0.09351,0.09357,358003,33480.5469,0.09351,0.09357,0.09351,0.09357,0.09353,0.0936,0.09353,0.09357,-0.000201,0,-0.00000694,0,0.0,0.0
1698459600000,2023-10-28T02:20:00Z,0.09357,0.0936,0.09356,0.0936,41570,3889.50972,0.09357,0.0936,0.09356,0.0936,0.09357,0.09362,0.09356,0.09362,0,0,0,0,-1.9999999999992246e-05,-0.00021362956633189754
1698459900000,2023-10-28T02:25:00Z,0.0936,0.09368,0.0936,0.09368,184187,17246.64994,0.0936,0.09368,0.0936,0.09368,0.09362,0.09367,0.09361,0.09367,0,0,0,0,9.999999999996123e-06,0.00010675776662748076
1698460200000,2023-10-28T02:30:00Z,0.09368,0.09369,0.09364,0.09369,70045,6561.2073,0.09368,0.09371,0.09366,0.09371,0.09367,0.09372,0.09366,0.09372,0,0,0,0,-3.0000000000002247e-05,-0.0003201024327785131
1698460500000,2023-10-28T02:35:00Z,0.09369,0.09382,0.09369,0.0938,128126,12016.94404,0.09371,0.09382,0.0937,0.09381,0.09372,0.09382,0.09371,0.09381,0,0,0,0,-1.0000000000010001e-05,-0.00010659844366282913
1698460800000,2023-10-28T02:40:00Z,0.0938,0.09383,0.0938,0.09381,28419,2666.25574,0.09381,0.09383,0.09381,0.09383,0.09381,0.09383,0.09381,0.09383,0,0,0,0,-1.9999999999992246e-05,-0.00021315144410095116
1698461100000,2023-10-28T02:45:00Z,0.09381,0.09386,0.09381,0.09385,11266,1057.25459,0.09383,0.09386,0.09382,0.09385,0.09383,0.09387,0.09383,0.09384,0,0,0,0,9.999999999996123e-06,0.00010656436487634401
1698461400000,2023-10-28T02:50:00Z,0.09385,0.09396,0.09385,0.09388,119975,11263.75391,0.09385,0.09394,0.09385,0.09388,0.09384,0.09393,0.09384,0.09387,0,0,0,0,1.0000000000010001e-05,0.0001065303078726963
1698461700000,2023-10-28T02:55:00Z,0.09388,0.09388,0.09385,0.09387,7557,709.245,0.09388,0.09388,0.09385,0.09387,0.09387,0.09388,0.09385,0.09386,0,0.0000749,0,0.0000749,9.999999999996123e-06,0.00010654165778815388
1698462000000,2023-10-28T03:00:00Z,0.09387,0.0939,0.09386,0.09387,150928,14169.07582,0.09387,0.09388,0.09386,0.09387,0.09386,0.09387,0.09385,0.09386,0.0000749,0.00007277,0,0.00007277,9.999999999996123e-06,0.00010654165778815388
1698462300000,2023-10-28T03:05:00Z,0.09387,0.09399,0.09387,0.09399,280175,26325.77655,0.09387,0.09394,0.09387,0.09394,0.09386,0.09393,0.09386,0.09392,0.00007277,0.00021296,0.00010647,0.00021296,7.000000000000062e-05,0.0007453151618398703
1698462600000,2023-10-28T03:10:00Z,0.09399,0.09399,0.09387,0.09387,81189,7626.33683,0.09394,0.09396,0.09387,0.09387,0.09392,0.09393,0.09386,0.09386,0.00021296,0.00012428,0.00009252,0.00009252,9.999999999996123e-06,0.00010654165778815388
1698462900000,2023-10-28T03:15:00Z,0.09387,0.09393,0.09386,0.09388,63164,5931.84489,0.09387,0.09394,0.09387,0.09389,0.09386,0.09393,0.09385,0.09388,0.00009252,0.00008699,0,0,0.0,0.0
1698463200000,2023-10-28T03:20:00Z,0.09388,0.09388,0.09383,0.09386,23230,2180.35271,0.09389,0.09389,0.09383,0.09385,0.09388,0.09388,0.09381,0.09384,0,0,0,0,1.9999999999992246e-05,0.00021312872975268803
1698463500000,2023-10-28T03:25:00Z,0.09386,0.09386,0.09382,0.09382,8725,818.77807,0.09385,0.09386,0.09382,0.09382,0.09384,0.09385,0.09381,0.09381,0,0,0,0,9.999999999996123e-06,0.00010659844366268119
1698463800000,2023-10-28T03:30:00Z,0.09382,0.0939,0.09382,0.0939,68415,6420.75765,0.09382,0.0939,0.09381,0.0939,0.09381,0.09389,0.0938,0.09389,0,0,0,0,9.999999999996123e-06,0.00010650761529445226
1698464100000,2023-10-28T03:35:00Z,0.0939,0.09393,0.0939,0.09392,17118,1607.84601,0.0939,0.09393,0.0939,0.0939,0.09389,0.09392,0.09388,0.09388,0,0,0,0,3.999999999999837e-05,0.0004260758414997696
1698464400000,2023-10-28T03:40:00Z,0.09392,0.09396,0.09387,0.09387,7633,716.97384,0.0939,0.09395,0.09388,0.09388,0.09388,0.09393,0.09387,0.09387,0,0,0,0,0.0,0.0
1698464700000,2023-10-28T03:45:00Z,0.09387,0.09394,0.09387,0.09393,14710,1381.71662,0.09388,0.09394,0.09387,0.09393,0.09387,0.09394,0.09387,0.09391,0,0,0,0,2.0000000000006124e-05,0.0002129698647642011
1698465000000,2023-10-28T03:50:00Z,0.09393,0.09393,0.09385,0.09386,12611,1184.26065,0.09393,0.09393,0.09385,0.09385,0.09391,0.09393,0.09384,0.09384,0,0,0,0,1.9999999999992246e-05,0.00021312872975268803
1698465300000,2023-10-28T03:55:00Z,0.09386,0.09386,0.09384,0.09386,27226,2555.01485,0.09385,0.09386,0.09382,0.09386,0.09384,0.09386,0.09381,0.09385,0,0.00011955,0.00000074,0.00011955,9.999999999996123e-06,0.00010655301012249465
1698465600000,2023-10-28T04:00:00Z,0.09386,0.09396,0.09386,0.09394,40585,3812.46113,0.09386,0.09396,0.09386,0.09394,0.09385,0.09396,0.09385,0.09394,0.00011955,0,0,0,0.0,0.0
1698465900000,2023-10-28T04:05:00Z,0.09394,0.09395,0.09393,0.09395,4820,452.81756,0.09394,0.09395,0.09393,0.09395,0.09394,0.09395,0.09392,0.09395,0,0,0,0,0.0,0.0
1698466200000,2023-10-28T04:10:00Z,0.09395,0.09399,0.09394,0.09398,34284,3221.66408,0.09395,0.09398,0.09395,0.09398,0.09395,0.09398,0.09394,0.09398,0,0,0,0,0.0,0.0
1698466500000,2023-10-28T04:15:00Z,0.09398,0.09399,0.09394,0.09395,9975,937.21375,0.09398,0.09399,0.09394,0.09394,0.09398,0.09399,0.09394,0.09394,0,0,0,0,1.0000000000010001e-05,0.00010645092612316374
1698466800000,2023-10-28T04:20:00Z,0.09395,0.09396,0.09394,0.09395,16327,1533.91556,0.09394,0.09396,0.09394,0.09395,0.09394,0.09395,0.09394,0.09395,0,0,0,0,0.0,0.0
1698467100000,2023-10-28T04:25:00Z,0.09395,0.09395,0.09395,0.09395,13605,1278.18975,0.09395,0.09398,0.09394,0.09397,0.09395,0.09398,0.09394,0.09398,0,0,0,0,-2.999999999998837e-05,-0.00031921685464980176
1698467400000,2023-10-28T04:30:00Z,0.09395,0.09406,0.09395,0.09405,90315,8491.6494,0.09397,0.09404,0.09396,0.09403,0.09398,0.09404,0.09397,0.09402,0,0,0,0,2.999999999998837e-05,0.00031908104658570906
1698467700000,2023-10-28T04:35:00Z,0.09405,0.09405,0.09394,0.09399,732328,68816.23684,0.09403,0.09403,0.09399,0.09399,0.09402,0.09403,0.09398,0.09398,0,0,0,0,1.0000000000010001e-05,0.00010640561821674826
1698468000000,2023-10-28T04:40:00Z,0.09399,0.09399,0.09392,0.09396,43026,4041.82139,0.09399,0.09399,0.09393,0.09397,0.09398,0.09398,0.09394,0.09398,0,0,0,0,-1.9999999999992246e-05,-0.00021281123643320118
1698468300000,2023-10-28T04:45:00Z,0.09396,0.09404,0.09392,0.09401,391750,36824.31292,0.09397,0.094,0.09393,0.09399,0.09398,0.094,0.09395,0.09399,0,0,-0.00000425,0,1.9999999999992246e-05,0.00021278859453125062
1698468600000,2023-10-28T04:50:00Z,0.09401,0.09404,0.09399,0.09401,26714,2511.73376,0.09399,0.09403,0.09398,0.09401,0.09399,0.09402,0.09398,0.09401,0,0,0,0,0.0,0.0
1698468900000,2023-10-28T04:55:00Z,0.09401,0.09409,0.09401,0.09409,419835,39488.02373,0.09401,0.09407,0.09401,0.09407,0.09401,0.09404,0.094,0.09404,0,0.00011966,0.00003647,0.00003647,4.999999999999449e-05,0.0005316886431305242
1698469200000,2023-10-28T05:00:00Z,0.09409,0.09474,0.09404,0.09464,3707166,349916.21838,0.09407,0.0947,0.09406,0.09464,0.09404,0.09467,0.09402,0.0946,0.00003647,0.00031388,0.00005082,0.00031388,3.999999999999837e-05,0.0004228329809724986
1698469500000,2023-10-28T05:05:00Z,0.09464,0.09464,0.0944,0.09441,1550277,146465.35696,0.09464,0.09464,0.09439,0.09439,0.0946,0.09461,0.09437,0.09438,0.00031388,0.00004775,0,0,2.999999999998837e-05,0.0003178639542274673
1698469800000,2023-10-28T05:10:00Z,0.09441,0.09441,0.09409,0.09417,1939899,182743.74934,0.09439,0.09441,0.09409,0.09416,0.09438,0.0944,0.09408,0.09416,0,0,0,0,1.0000000000010001e-05,0.00010620220900605354
1698470100000,2023-10-28T05:15:00Z,0.09417,0.09419,0.09413,0.09417,106342,10013.36327,0.09416,0.09419,0.09412,0.09417,0.09416,0.09418,0.09412,0.09416,0,0.00003525,0,0,1.0000000000010001e-05,0.00010620220900605354
1698470400000,2023-10-28T05:20:00Z,0.09417,0.09432,0.09416,0.0943,349012,32898.50764,0.09417,0.09431,0.09416,0.0943,0.09416,0.0943,0.09416,0.0943,0,0.00028577,0.00013139,0.00028577,0.0,0.0
1698470700000,2023-10-28T05:25:00Z,0.0943,0.09435,0.09427,0.09427,559693,52793.0071,0.0943,0.09435,0.09429,0.09431,0.0943,0.09435,0.09426,0.09427,0.00028577,0.0003182,0.00021211,0.0003182,0.0,0.0
1698471000000,2023-10-28T05:30:00Z,0.09427,0.09432,0.09423,0.09423,106104,10002.11876,0.09431,0.09431,0.09422,0.09422,0.09427,0.09431,0.0942,0.0942,0.0003182,0.00022482,0,0.00022482,2.999999999998837e-05,0.00031847133757949433
1698471300000,2023-10-28T05:35:00Z,0.09423,0.09423,0.094,0.09413,943385,88756.50053,0.09422,0.09423,0.09415,0.09415,0.0942,0.09421,0.09414,0.09415,0.00022482,0.00015431,-0.0000189,-0.0000189,-1.9999999999992246e-05,-0.0002124269782261524
1698471600000,2023-10-28T05:40:00Z,0.09413,0.09413,0.09408,0.09413,5852,550.70203,0.09415,0.09417,0.09409,0.09417,0.09415,0.09419,0.0941,0.09419,-0.0000189,0,-0.00011536,0,-5.9999999999990616e-05,-0.0006370102983330567
1698471900000,2023-10-28T05:45:00Z,0.09413,0.09416,0.09403,0.09409,228044,21455.93533,0.09417,0.09418,0.09404,0.09408,0.09419,0.0942,0.09405,0.09409,0,0,0,0,0.0,0.0
1698472200000,2023-10-28T05:50:00Z,0.09409,0.09409,0.09403,0.09403,34795,3272.38418,0.09408,0.09409,0.09404,0.09405,0.09409,0.09412,0.09405,0.09407,0,0,-0.00019944,-0.00019944,-3.999999999999837e-05,-0.0004252152652280044
1698472500000,2023-10-28T05:55:00Z,0.09403,0.09403,0.09393,0.09393,124212,11671.1582,0.09405,0.09405,0.09393,0.09393,0.09407,0.09407,0.09393,0.09393,-0.00019944,0,0,0,0.0,0.0
1698472800000,2023-10-28T06:00:00Z,0.09393,0.09393,0.09376,0.09379,278149,26099.8149,0.09393,0.09393,0.09376,0.09381,0.09393,0.09394,0.09376,0.09381,0,0,0,0,-2.0000000000006124e-05,-0.00021319688732551032
1698473100000,2023-10-28T06:05:00Z,0.09379,0.09382,0.09375,0.09378,12335,1156.88011,0.09381,0.09381,0.09377,0.0938,0.09381,0.09381,0.09377,0.09381,0,0,0,0,-3.0000000000002247e-05,-0.0003197953309881915
1698473400000,2023-10-28T06:10:00Z,0.09378,0.09385,0.09378,0.09384,9330,875.59212,0.0938,0.09385,0.09379,0.09383,0.09381,0.09386,0.09381,0.09383,0,0,0,0,1.0000000000010001e-05,0.00010657572205062348
1698473700000,2023-10-28T06:15:00Z,0.09384,0.09384,0.09377,0.09377,47455,4451.21328,0.09383,0.09383,0.09377,0.09378,0.09383,0.09383,0.09377,0.0938,0,0,0,0,-2.999999999998837e-05,-0.0003198294243069123
1698474000000,2023-10-28T06:20:00Z,0.09377,0.0938,0.09371,0.09371,193813,18169.32302,0.09378,0.0938,0.09371,0.09371,0.0938,0.09383,0.09372,0.09373,0,0,-0.00020467,-0.00020467,-1.9999999999992246e-05,-0.00021337885415547046
1698474300000,2023-10-28T06:25:00Z,0.09371,0.09374,0.0937,0.0937,18436,1727.91906,0.09371,0.09374,0.09371,0.09372,0.09373,0.09376,0.09372,0.09375,-0.00020467,0,0,0,-4.999999999999449e-05,-0.0005333333333332746
1698474600000,2023-10-28T06:30:00Z,0.0937,0.09374,0.09366,0.09368,78898,7392.2494,0.09372,0.09375,0.09368,0.09369,0.09375,0.09378,0.09369,0.09372,0,-0.00006627,-0.00013008,-0.00013008,-3.999999999999837e-05,-0.0004268032437046348
1698474900000,2023-10-28T06:35:00Z,0.09368,0.0937,0.09366,0.09369,27650,2590.15314,0.09369,0.0937,0.09367,0.09369,0.09372,0.09373,0.0937,0.09372,-0.00013008,-0.00021927,-0.00030203,-0.00021927,-3.0000000000002247e-05,-0.0003201024327785131
1698475200000,2023-10-28T06:40:00Z,0.09369,0.09369,0.09367,0.09369,24042,2252.25266,0.09369,0.09371,0.09368,0.09369,0.09372,0.09375,0.09372,0.09373,-0.00021927,-0.00022221,-0.00028387,-0.00028387,-3.999999999999837e-05,-0.00042675770831108903
1698475500000,2023-10-28T06:45:00Z,0.09369,0.0937,0.09367,0.09368,44255,4146.09188,0.09369,0.0937,0.09368,0.09369,0.09373,0.09373,0.09372,0.09373,-0.00028387,-0.00025682,-0.00035516,-0.00035516,-4.999999999999449e-05,-0.0005334471353888242
1698475800000,2023-10-28T06:50:00Z,0.09368,0.09374,0.09361,0.09367,130338,12208.24709,0.09369,0.09374,0.09361,0.09369,0.09373,0.09378,0.09363,0.09374,-0.00035516,0,-0.00013135,0,-7.000000000000062e-05,-0.0007467463196074313
1698476100000,2023-10-28T06:55:00Z,0.09367,0.09368,0.09361,0.09362,71172,6664.1749,0.09369,0.09369,0.09361,0.09362,0.09374,0.09374,0.09367,0.09369,0,-0.00009274,-0.00046531,-0.00046531,-7.000000000000062e-05,-0.0007471448393638662
1698476400000,2023-10-28T07:00:00Z,0.09362,0.09365,0.09359,0.09359,133826,12529.269,0.09362,0.09365,0.09359,0.09359,0.09369,0.09371,0.09364,0.09364,-0.00046531,-0.00035575,-0.00051574,-0.00051574,-4.999999999999449e-05,-0.0005339598462195055
1698476700000,2023-10-28T07:05:00Z,0.09359,0.09361,0.09356,0.09356,70511,6598.46444,0.09359,0.09361,0.09356,0.09356,0.09364,0.09365,0.09361,0.09362,-0.00051574,-0.00028722,-0.00061373,-0.00028722,-5.9999999999990616e-05,-0.0006408886989958409
1698477000000,2023-10-28T07:10:00Z,0.09356,0.09358,0.09356,0.09357,5963,557.97352,0.09356,0.09359,0.09356,0.09358,0.09362,0.09365,0.0936,0.09363,-0.00028722,-0.0003136,-0.00031478,-0.0003136,-6.0000000000004494e-05,-0.0006408202499199455
1698477300000,2023-10-28T07:15:00Z,0.09357,0.09359,0.09357,0.09358,14629,1368.99085,0.09358,0.0936,0.09357,0.09358,0.09363,0.09365,0.09361,0.09362,-0.0003136,-0.00022044,-0.00033112,-0.00022044,-3.999999999999837e-05,-0.0004272591326639433
1698477600000,2023-10-28T07:20:00Z,0.09358,0.09362,0.09355,0.09356,205272,19208.34274,0.09358,0.09362,0.09355,0.09356,0.09362,0.09366,0.09358,0.09361,-0.00022044,-0.00029538,-0.00041172,-0.00041172,-4.999999999999449e-05,-0.0005341309689135188
1698477900000,2023-10-28T07:25:00Z,0.09356,0.09362,0.09356,0.09362,2287,214.09639,0.09356,0.09363,0.09356,0.09363,0.09361,0.09367,0.09361,0.09367,-0.00041172,-0.00027404,-0.00034813,-0.00034813,-5.000000000000837e-05,-0.0005337888331377001
1698478200000,2023-10-28T07:30:00Z,0.09362,0.09362,0.09362,0.09362,3229,302.29898,0.09363,0.09363,0.09362,0.09362,0.09367,0.09367,0.09362,0.09364,-0.00034813,-0.00006055,-0.00021358,-0.00021358,-2.0000000000006124e-05,-0.00021358393848789112
1698478500000,2023-10-28T07:35:00Z,0.09362,0.0937,0.09361,0.0937,118346,11081.80839,0.09362,0.09371,0.09361,0.09371,0.09364,0.09373,0.09363,0.09373,-0.00021358,-0.00014246,-0.00015022,-0.00014246,-2.999999999998837e-05,-0.00032006828123320574
1698478800000,2023-10-28T07:40:00Z,0.0937,0.0938,0.0937,0.09374,287419,26952.10295,0.09371,0.09378,0.09371,0.09374,0.09373,0.09378,0.09373,0.09375,-0.00014246,0,0,0,-9.999999999996123e-06,-0.00010666666666662532
1698479100000,2023-10-28T07:45:00Z,0.09374,0.09374,0.09372,0.09372,2996,280.78963,0.09374,0.09374,0.09373,0.09374,0.09375,0.09377,0.09375,0.09377,0,0,-0.00002261,0,-5.000000000000837e-05,-0.0005332195798230604
1698479400000,2023-10-28T07:50:00Z,0.09372,0.09379,0.09372,0.09379,39654,3718.22752,0.09374,0.09379,0.09373,0.09379,0.09377,0.09381,0.09376,0.09381,0,0,-0.00010214,0,-2.0000000000006124e-05,-0.00021319688732551032
1698479700000,2023-10-28T07:55:00Z,0.09379,0.09384,0.09378,0.0938,192013,18013.89591,0.09379,0.09382,0.09379,0.09379,0.09381,0.09382,0.09379,0.09379,0,0,0,0,9.999999999996123e-06,0.00010662117496530679
1698480000000,2023-10-28T08:00:00Z,0.0938,0.09389,0.09377,0.09383,288674,27095.81295,0.09379,0.09387,0.09377,0.09383,0.09379,0.09386,0.09379,0.09383,0,0,0,0,0.0,0.0
1698480300000,2023-10-28T08:05:00Z,0.09383,0.0939,0.09377,0.09386,223980,21015.4564,0.09383,0.0939,0.09377,0.09388,0.09383,0.09389,0.09376,0.09388,0,0,0,0,-2.0000000000006124e-05,-0.0002130379207499587
1698480600000,2023-10-28T08:10:00Z,0.09386,0.09398,0.09386,0.09393,254385,23899.16693,0.09388,0.09395,0.09388,0.09394,0.09388,0.09394,0.09388,0.09393,0,0,0,0,0.0,0.0
1698480900000,2023-10-28T08:15:00Z,0.09393,0.09395,0.09388,0.09394,76177,7154.68619,0.09394,0.09396,0.09389,0.09392,0.09393,0.09395,0.09388,0.09391,0,0,0,0,3.0000000000002247e-05,0.00031945479714622776
1698481200000,2023-10-28T08:20:00Z,0.09394,0.09396,0.09389,0.09396,31535,2961.36263,0.09392,0.09396,0.0939,0.09395,0.09391,0.09395,0.09389,0.09394,0,0.00002511,0,0.00002511,2.0000000000006124e-05,0.00021290185224617973
1698481500000,2023-10-28T08:25:00Z,0.09396,0.09397,0.09395,0.09396,14157,1330.15489,0.09395,0.09397,0.09394,0.09397,0.09394,0.09396,0.09393,0.09396,0.00002511,0.00010645,0,0,0.0,0.0
1698481800000,2023-10-28T08:30:00Z,0.09396,0.09398,0.09391,0.09394,95913,9011.04699,0.09397,0.09398,0.09392,0.09396,0.09396,0.09397,0.09391,0.09395,0,0,0,0,-1.0000000000010001e-05,-0.00010643959552964344
1698482100000,2023-10-28T08:35:00Z,0.09394,0.09398,0.09393,0.09398,145955,13714.09052,0.09396,0.09397,0.09394,0.09397,0.09395,0.09397,0.09393,0.09396,0,0,0,0,1.9999999999992246e-05,0.00021285653469553262
1698482400000,2023-10-28T08:40:00Z,0.09398,0.09398,0.09393,0.09394,35748,3359.0396,0.09397,0.09397,0.09392,0.09395,0.09396,0.09396,0.09391,0.09394,0,0,0,0,0.0,0.0
1698482700000,2023-10-28T08:45:00Z,0.09394,0.09394,0.09393,0.09394,5768,541.81833,0.09395,0.09395,0.09392,0.09393,0.09394,0.09394,0.09391,0.09392,0,0,0,0,1.9999999999992246e-05,0.00021294718909702136
1698483000000,2023-10-28T08:50:00Z,0.09394,0.09394,0.09385,0.09387,251976,23653.08179,0.09393,0.09393,0.09387,0.09387,0.09392,0.09392,0.09387,0.09387,0,0,0,0,0.0,0.0
1698483300000,2023-10-28T08:55:00Z,0.09387,0.09389,0.09387,0.09389,27944,2623.40492,0.09387,0.0939,0.09387,0.09389,0.09387,0.09391,0.09386,0.0939,0,-0.00002417,-0.0001458,-0.00002417,-9.999999999996123e-06,-0.00010649627263041665
1698483600000,2023-10-28T09:00:00Z,0.09389,0.09389,0.09381,0.09383,356323,33444.66891,0.09389,0.0939,0.09382,0.09383,0.0939,0.09391,0.09385,0.09386,-0.00002417,-0.0001403,-0.00017506,-0.00017506,-3.0000000000002247e-05,-0.0003196249733646095
1698483900000,2023-10-28T09:05:00Z,0.09383,0.09391,0.09382,0.09391,52432,4920.97569,0.09383,0.09391,0.09382,0.09391,0.09386,0.09392,0.09384,0.09391,-0.00017506,0,-0.000131,0,0.0,0.0
1698484200000,2023-10-28T09:10:00Z,0.09391,0.09391,0.09386,0.09388,64367,6042.77311,0.09391,0.09391,0.09387,0.09388,0.09391,0.09392,0.0939,0.09391,0,-0.00013277,-0.00015813,-0.00015813,-2.999999999998837e-05,-0.00031945479714608
1698484500000,2023-10-28T09:15:00Z,0.09388,0.0939,0.09388,0.0939,9844,924.25594,0.09388,0.0939,0.09388,0.0939,0.09391,0.09391,0.09388,0.09389,-0.00015813,0,-0.00014886,-0.00014886,9.999999999996123e-06,0.00010650761529445226
1698484800000,2023-10-28T09:20:00Z,0.0939,0.09391,0.09386,0.09386,17340,1627.89352,0.0939,0.09391,0.09387,0.09387,0.09389,0.09391,0.09387,0.09389,-0.00014886,0,0,0,-3.0000000000002247e-05,-0.0003195228458835046
1698485100000,2023-10-28T09:25:00Z,0.09386,0.09396,0.09383,0.09385,690356,64827.31251,0.09387,0.09395,0.09385,0.0939,0.09389,0.09395,0.09387,0.09392,0,0,-0.00004077,0,-7.000000000000062e-05,-0.0007453151618398703
1698485400000,2023-10-28T09:30:00Z,0.09385,0.09392,0.09385,0.09392,92017,8640.19613,0.0939,0.09392,0.0939,0.09392,0.09392,0.09394,0.09392,0.09394,0,0,-0.00008868,-0.00008868,-1.9999999999992246e-05,-0.000212901852246032
1698485700000,2023-10-28T09:35:00Z,0.09392,0.09392,0.09389,0.09389,24604,2310.50476,0.09392,0.09392,0.09389,0.0939,0.09394,0.09395,0.09391,0.09393,-0.00008868,-0.00008038,-0.00013009,-0.00013009,-3.999999999999837e-05,-0.0004258490365165375
1698486000000,2023-10-28T09:40:00Z,0.09389,0.09394,0.09389,0.09394,8765,823.26795,0.0939,0.09395,0.0939,0.09395,0.09393,0.09397,0.09392,0.09396,-0.00013009,0,-0.00008186,0,-2.0000000000006124e-05,-0.00021285653469568032
1698486300000,2023-10-28T09:45:00Z,0.09394,0.09397,0.09394,0.09397,14953,1405.03814,0.09395,0.09397,0.09394,0.09397,0.09396,0.09399,0.09396,0.09399,0,-0.00019863,-0.00021278,-0.00021278,-2.0000000000006124e-05,-0.00021278859453139826
1698486600000,2023-10-28T09:50:00Z,0.09397,0.09401,0.09396,0.094,73881,6943.37648,0.09397,0.09401,0.09396,0.094,0.09399,0.09401,0.09398,0.09401,-0.00021278,-0.00001393,-0.00019561,-0.00001393,-9.999999999996123e-06,-0.00010637166258904503
1698486900000,2023-10-28T09:55:00Z,0.094,0.09401,0.09382,0.09391,408938,38392.39537,0.094,0.09401,0.09385,0.09393,0.09401,0.09401,0.09388,0.09397,-0.00001393,-0.00030657,-0.00054829,-0.00030657,-6.0000000000004494e-05,-0.0006385016494626423
1698487200000,2023-10-28T10:00:00Z,0.09391,0.09397,0.09391,0.09396,59780,5615.95232,0.09393,0.09397,0.09393,0.09396,0.09397,0.09401,0.09397,0.09399,-0.00030657,-0.00003618,-0.00016801,-0.00016801,-3.0000000000002247e-05,-0.0003191828917970236
1698487500000,2023-10-28T10:05:00Z,0.09396,0.09403,0.09396,0.094,16829,1582.1083,0.09396,0.09403,0.09396,0.094,0.09399,0.09406,0.09398,0.09403,-0.00016801,-0.00007742,-0.00031398,-0.00031398,-3.0000000000002247e-05,-0.00031904711262365463
1698487800000,2023-10-28T10:10:00Z,0.094,0.094,0.09396,0.09399,88165,8286.57524,0.094,0.094,0.09396,0.09399,0.09403,0.09404,0.09398,0.09399,-0.00031398,0,0,0,0.0,0.0
1698488100000,2023-10-28T10:15:00Z,0.09399,0.09399,0.0939,0.09391,62795,5899.43758,0.09399,0.09399,0.09392,0.09393,0.09399,0.094,0.09394,0.09397,0,-0.00040723,-0.00042575,-0.00040723,-6.0000000000004494e-05,-0.0006385016494626423
1698488400000,2023-10-28T10:20:00Z,0.09391,0.09397,0.09391,0.09395,181899,17083.49131,0.09393,0.09397,0.09392,0.09396,0.09397,0.094,0.09396,0.094,-0.00040723,-0.00028981,-0.00039627,-0.00039627,-4.999999999999449e-05,-0.0005319148936169627
1698488700000,2023-10-28T10:25:00Z,0.09395,0.09399,0.09395,0.09399,26063,2449.35248,0.09396,0.094,0.09395,0.09399,0.094,0.09404,0.09399,0.09403,-0.00039627,-0.00013998,-0.00021333,-0.00021333,-3.999999999999837e-05,-0.00042539615016482364
1698489000000,2023-10-28T10:30:00Z,0.09399,0.094,0.09396,0.09396,13702,1287.89499,0.09399,0.09402,0.09396,0.09396,0.09403,0.09406,0.094,0.094,-0.00021333,-0.0002805,-0.00028609,-0.0002805,-3.999999999999837e-05,-0.00042553191489359967
1698489300000,2023-10-28T10:35:00Z,0.09396,0.09401,0.09395,0.09401,18767,1764.03094,0.09396,0.09402,0.09395,0.09401,0.094,0.09406,0.09398,0.09406,-0.0002805,-0.00014325,-0.00022724,-0.00014325,-5.000000000000837e-05,-0.0005315755900489939
1698489600000,2023-10-28T10:40:00Z,0.09401,0.09402,0.09388,0.09391,51099,4800.55116,0.09401,0.09401,0.0939,0.09391,0.09406,0.09406,0.09394,0.09395,-0.00014325,-0.00012241,-0.00038639,-0.00038639,-4.000000000001225e-05,-0.0004257583821182783
1698489900000,2023-10-28T10:45:00Z,0.09391,0.09398,0.09391,0.09397,4736,444.9598,0.09391,0.09399,0.09391,0.09397,0.09395,0.09404,0.09395,0.09401,-0.00038639,-0.00013074,-0.00026563,-0.00026563,-3.999999999999837e-05,-0.00042548665035632775
1698490200000,2023-10-28T10:50:00Z,0.09397,0.09398,0.09395,0.09396,11001,1033.64155,0.09397,0.09399,0.09395,0.09396,0.09401,0.09403,0.09399,0.09401,-0.00026563,-0.00025965,-0.00037457,-0.00025965,-4.999999999999449e-05,-0.0005318583129453728
1698490500000,2023-10-28T10:55:00Z,0.09396,0.09407,0.09396,0.09407,126750,11918.74155,0.09396,0.09407,0.09396,0.09407,0.09401,0.09409,0.09401,0.09409,-0.00025965,-0.00025151,-0.00027216,-0.00025151,-1.9999999999992246e-05,-0.0002125624402167313
1698490800000,2023-10-28T11:00:00Z,0.09407,0.09413,0.09402,0.09413,285713,26876.05425,0.09407,0.09413,0.09404,0.09413,0.09409,0.09413,0.09405,0.09413,-0.00025151,0,0,0,0.0,0.0
1698491100000,2023-10-28T11:05:00Z,0.09413,0.09421,0.0941,0.0942,273004,25704.67243,0.09413,0.0942,0.09412,0.0942,0.09413,0.09419,0.09412,0.09418,0,0,0,0,2.0000000000006124e-05,0.0002123593119558943
1698491400000,2023-10-28T11:10:00Z,0.0942,0.0942,0.09412,0.09414,71834,6764.24313,0.0942,0.0942,0.09412,0.09415,0.09418,0.09419,0.09411,0.09414,0,0,0,0,0.0,0.0
1698491700000,2023-10-28T11:15:00Z,0.09414,0.09414,0.0941,0.09414,87782,8261.88283,0.09415,0.09416,0.09411,0.09416,0.09414,0.09416,0.0941,0.09416,0,0,0,0,-1.9999999999992246e-05,-0.0002124044180118123
1698492000000,2023-10-28T11:20:00Z,0.09414,0.09433,0.09414,0.09426,251867,23740.01349,0.09416,0.0943,0.09415,0.09427,0.09416,0.0943,0.09415,0.09426,0,0,-0.00009712,0,0.0,0.0
1698492300000,2023-10-28T11:25:00Z,0.09426,0.09427,0.09411,0.09421,596632,56173.13426,0.09427,0.09428,0.09417,0.09421,0.09426,0.09428,0.09417,0.09423,0,0,0,0,-1.9999999999992246e-05,-0.0002122466305846572
1698492600000,2023-10-28T11:30:00Z,0.09421,0.09431,0.09421,0.09427,161240,15199.7328,0.09421,0.09431,0.09421,0.09428,0.09423,0.0943,0.09422,0.09428,0,0,0,0,-9.999999999996123e-06,-0.00010606703436567801
1698492900000,2023-10-28T11:35:00Z,0.09427,0.09428,0.09403,0.09418,258701,24350.48138,0.09428,0.09428,0.09409,0.09419,0.09428,0.09428,0.0941,0.0942,0,0,-0.00005917,0,-2.0000000000006124e-05,-0.00021231422505314356
1698493200000,2023-10-28T11:40:00Z,0.09418,0.09423,0.09412,0.09417,302850,28514.36726,0.09419,0.09423,0.09415,0.09418,0.0942,0.09425,0.09417,0.09421,0,0,-0.00015023,0,-3.999999999999837e-05,-0.0004245833775607512
1698493500000,2023-10-28T11:45:00Z,0.09417,0.09425,0.09412,0.09425,258275,24328.45387,0.09418,0.09427,0.09416,0.09425,0.09421,0.0943,0.09417,0.09428,0,-0.00015755,-0.00041866,-0.00041866,-3.0000000000002247e-05,-0.00031820110309718124
1698493800000,2023-10-28T11:50:00Z,0.09425,0.09431,0.09423,0.09426,514447,48497.38328,0.09425,0.09431,0.09424,0.09426,0.09428,0.09435,0.09427,0.09429,-0.00041866,0,-0.00043049,0,-3.0000000000002247e-05,-0.00031816735602929524
1698494100000,2023-10-28T11:55:00Z,0.09426,0.09427,0.09406,0.0942,721050,67900.71864,0.09426,0.09427,0.09413,0.09423,0.09429,0.09429,0.09415,0.09425,0,-0.00008149,-0.00011322,-0.00008149,-4.999999999999449e-05,-0.0005305039787797825
1698494400000,2023-10-28T12:00:00Z,0.0942,0.09427,0.09419,0.09426,159749,15057.292,0.09423,0.09428,0.09422,0.09426,0.09425,0.09431,0.09424,0.09428,-0.00008149,-0.00023263,-0.00029631,-0.00029631,-2.0000000000006124e-05,-0.0002121340687315032
1698494700000,2023-10-28T12:05:00Z,0.09426,0.09426,0.09419,0.09423,89231,8407.09981,0.09426,0.09426,0.0942,0.09423,0.09428,0.09429,0.09424,0.09427,-0.00029631,-0.00006876,-0.00030086,-0.00006876,-4.000000000001225e-05,-0.0004243131430997374
1698495000000,2023-10-28T12:10:00Z,0.09423,0.09428,0.09421,0.09425,114183,10761.33412,0.09423,0.09428,0.09421,0.09425,0.09427,0.09431,0.09424,0.09428,-0.00006876,-0.00005579,-0.00022913,-0.00022913,-3.0000000000002247e-05,-0.00031820110309718124
1698495300000,2023-10-28T12:15:00Z,0.09425,0.09426,0.09413,0.09413,116506,10977.94612,0.09425,0.09426,0.09413,0.09413,0.09428,0.09428,0.09415,0.09417,-0.00022913,-0.0000552,-0.00012103,-0.00012103,-3.999999999999837e-05,-0.0004247637251778525
1698495600000,2023-10-28T12:20:00Z,0.09413,0.09423,0.09413,0.09414,44303,4172.25185,0.09413,0.09424,0.09413,0.09415,0.09417,0.09427,0.09416,0.09418,-0.00012103,-0.00007535,-0.00015163,-0.00007535,-3.999999999999837e-05,-0.00042471862391164125
1698495900000,2023-10-28T12:25:00Z,0.09414,0.09431,0.09414,0.09428,243839,22987.27899,0.09415,0.09431,0.09414,0.0943,0.09418,0.09433,0.09417,0.09432,-0.00007535,-0.00005558,-0.00006286,-0.00006286,-3.999999999999837e-05,-0.00042408821034773503
1698496200000,2023-10-28T12:30:00Z,0.09428,0.09434,0.09415,0.09423,216352,20389.07764,0.0943,0.09434,0.09415,0.09421,0.09432,0.09436,0.09417,0.09422,-0.00006286,0,-0.00031529,0,9.999999999996123e-06,0.00010613457864568163
1698496500000,2023-10-28T12:35:00Z,0.09423,0.09429,0.09418,0.09425,58115,5476.33733,0.09421,0.0943,0.09418,0.09426,0.09422,0.09431,0.09419,0.09428,0,0,0,0,-3.0000000000002247e-05,-0.00031820110309718124
1698496800000,2023-10-28T12:40:00Z,0.09425,0.09431,0.09418,0.09425,63605,5994.83837,0.09426,0.09431,0.09418,0.09427,0.09428,0.09433,0.0942,0.09429,0,0,-0.00000074,-0.00000074,-3.999999999999837e-05,-0.0004242231413723446
1698497100000,2023-10-28T12:45:00Z,0.09425,0.0943,0.09381,0.09392,1325436,124652.28031,0.09427,0.09429,0.09385,0.09394,0.09429,0.09429,0.09386,0.09396,-0.00000074,0,-0.00003539,-0.00003539,-3.999999999999837e-05,-0.00042571306939121297
1698497400000,2023-10-28T12:50:00Z,0.09392,0.09398,0.09389,0.09395,47789,4489.96424,0.09394,0.09402,0.09391,0.09395,0.09396,0.09405,0.09393,0.09399,-0.00003539,-0.00031011,-0.0003562,-0.00031011,-3.999999999999837e-05,-0.0004255771890626489
1698497700000,2023-10-28T12:55:00Z,0.09395,0.09403,0.09394,0.09403,78963,7421.21616,0.09395,0.09403,0.09394,0.09403,0.09399,0.09407,0.09396,0.09407,-0.00031011,-0.00026417,-0.00030876,-0.00030876,-3.999999999999837e-05,-0.0004252152652280044
1698498000000,2023-10-28T13:00:00Z,0.09403,0.09408,0.09393,0.09408,126395,11882.63847,0.09403,0.09409,0.09393,0.09409,0.09407,0.09413,0.09398,0.09413,-0.00030876,-0.00012011,-0.00034204,-0.00012011,-5.000000000000837e-05,-0.0005311802825879992
1698498300000,2023-10-28T13:05:00Z,0.09408,0.09415,0.09408,0.09411,80481,7575.12862,0.09409,0.09415,0.09408,0.09411,0.09413,0.09416,0.09412,0.09415,-0.00012011,-0.00012801,-0.00013892,-0.00013892,-3.999999999999837e-05,-0.00042485395645245217
1698498600000,2023-10-28T13:10:00Z,0.09411,0.09417,0.09411,0.09417,20502,1929.96342,0.09411,0.09419,0.09411,0.09417,0.09415,0.09422,0.09415,0.0942,-0.00013892,-0.0001842,-0.00018715,-0.00018715,-3.0000000000002247e-05,-0.00031847133757964167
1698498900000,2023-10-28T13:15:00Z,0.09417,0.09418,0.09417,0.09417,23120,2177.21655,0.09417,0.09419,0.09417,0.09417,0.0942,0.09421,0.09417,0.09421,-0.00018715,-0.00008162,-0.00014023,-0.00008162,-3.999999999999837e-05,-0.0004245833775607512
1698499200000,2023-10-28T13:20:00Z,0.09417,0.09422,0.09417,0.09422,9810,924.0057,0.09417,0.09423,0.09417,0.09422,0.09421,0.09425,0.0942,0.09424,-0.00008162,0,-0.00017943,-0.00017943,-2.0000000000006124e-05,-0.0002122241086588086
1698499500000,2023-10-28T13:25:00Z,0.09422,0.09423,0.09417,0.09418,94912,8939.74565,0.09422,0.09423,0.0942,0.09423,0.09424,0.09425,0.09422,0.09425,-0.00017943,-0.00011269,-0.00024575,-0.00011269,-7.000000000000062e-05,-0.0007427055702917837
1698499800000,2023-10-28T13:30:00Z,0.09418,0.09424,0.09418,0.09422,17854,1682.31741,0.09423,0.09427,0.09421,0.09423,0.09425,0.0943,0.09423,0.09427,-0.00011269,-0.00003735,-0.00016887,-0.00016887,-5.000000000000837e-05,-0.0005303914288745981
1698500100000,2023-10-28T13:35:00Z,0.09422,0.09428,0.09421,0.09424,89944,8475.57286,0.09423,0.09428,0.09421,0.09424,0.09427,0.09431,0.09426,0.09427,-0.00016887,-0.00018669,-0.00020407,-0.00018669,-3.0000000000002247e-05,-0.00031823485732472947
1698500400000,2023-10-28T13:40:00Z,0.09424,0.09429,0.09424,0.09426,32585,3071.58286,0.09424,0.09429,0.09424,0.09426,0.09427,0.09432,0.09425,0.09429,-0.00018669,-0.00019703,-0.0002919,-0.00019703,-3.0000000000002247e-05,-0.00031816735602929524
1698500700000,2023-10-28T13:45:00Z,0.09426,0.09433,0.09426,0.09432,129726,12232.18864,0.09426,0.09434,0.09426,0.09432,0.09429,0.09438,0.09429,0.09434,-0.00019703,-0.00030277,-0.00031793,-0.00030277,-1.9999999999992246e-05,-0.0002119991520033098
1698501000000,2023-10-28T13:50:00Z,0.09432,0.09432,0.0942,0.09426,446979,42140.0561,0.09432,0.09432,0.09425,0.09426,0.09434,0.09434,0.09428,0.0943,-0.00030277,-0.00037518,-0.00041272,-0.00041272,-3.999999999999837e-05,-0.00042417815482500925
1698501300000,2023-10-28T13:55:00Z,0.09426,0.09435,0.09426,0.09435,86322,8138.35039,0.09426,0.09435,0.09426,0.09435,0.0943,0.09438,0.0943,0.09437,-0.00041272,-0.00003126,-0.00011783,-0.00011783,-1.9999999999992246e-05,-0.00021193175797385024
1698501600000,2023-10-28T14:00:00Z,0.09435,0.09438,0.09432,0.09437,25740,2428.85514,0.09435,0.09439,0.09434,0.09437,0.09437,0.09441,0.09435,0.09438,-0.00011783,0,-0.00012979,-0.00012979,-1.0000000000010001e-05,-0.00010595465140930282
1698501900000,2023-10-28T14:05:00Z,0.09437,0.09443,0.09433,0.09437,187086,17662.18231,0.09437,0.09443,0.09435,0.09437,0.09438,0.09445,0.09437,0.09439,-0.00012979,0,-0.00002404,0,-2.0000000000006124e-05,-0.00021188685242087217
1698502200000,2023-10-28T14:10:00Z,0.09437,0.0944,0.09436,0.09438,41895,3953.81084,0.09437,0.09441,0.09436,0.09438,0.09439,0.09443,0.09438,0.0944,0,-0.00005508,-0.0002133,-0.00005508,-1.9999999999992246e-05,-0.00021186440677957888
1698502500000,2023-10-28T14:15:00Z,0.09438,0.09439,0.09434,0.09434,23251,2193.88183,0.09438,0.09439,0.09434,0.09434,0.0944,0.09441,0.09436,0.09437,-0.00005508,-0.00004014,-0.00008011,-0.00008011,-3.0000000000002247e-05,-0.0003178976369609224
1698502800000,2023-10-28T14:20:00Z,0.09434,0.09434,0.09434,0.09434,467,44.05678,0.09434,0.09436,0.09434,0.09434,0.09437,0.0944,0.09437,0.09438,-0.00008011,-0.00004895,-0.00022309,-0.00022309,-4.000000000001225e-05,-0.0004238186056369172
1698503100000,2023-10-28T14:25:00Z,0.09434,0.09434,0.09428,0.0943,156228,14732.65229,0.09434,0.09434,0.0943,0.09431,0.09438,0.09439,0.09435,0.09435,-0.00022309,-0.00016097,-0.0002962,-0.00016097,-5.000000000000837e-05,-0.0005299417064123834
1698503400000,2023-10-28T14:30:00Z,0.0943,0.09431,0.09427,0.09428,131237,12375.17723,0.09431,0.09431,0.09428,0.09428,0.09435,0.09436,0.09433,0.09434,-0.00016097,-0.0003782,-0.00037831,-0.0003782,-5.9999999999990616e-05,-0.0006359974560100765
1698503700000,2023-10-28T14:35:00Z,0.09428,0.09428,0.09421,0.09423,27070,2550.57204,0.09428,0.09429,0.09422,0.09423,0.09434,0.09434,0.09426,0.09428,-0.0003782,-0.00006905,-0.00042761,-0.00006905,-5.000000000000837e-05,-0.0005303351718286845
1698504000000,2023-10-28T14:40:00Z,0.09423,0.09425,0.0942,0.09425,11099,1045.73162,0.09423,0.09425,0.09421,0.09425,0.09428,0.09431,0.09427,0.09429,-0.00006905,-0.00034089,-0.0004886,-0.0004886,-3.999999999999837e-05,-0.0004242231413723446
1698504300000,2023-10-28T14:45:00Z,0.09425,0.09425,0.09422,0.09422,11018,1038.11624,0.09425,0.09425,0.09422,0.09423,0.09429,0.0943,0.09426,0.09428,-0.0004886,-0.00040818,-0.00049856,-0.00040818,-6.0000000000004494e-05,-0.0006364022061943625
1698504600000,2023-10-28T14:50:00Z,0.09422,0.09426,0.09422,0.09426,131753,12416.45458,0.09423,0.09426,0.09423,0.09426,0.09428,0.09431,0.09428,0.09431,-0.00040818,-0.00027624,-0.00042996,-0.00042996,-5.000000000000837e-05,-0.0005301664722723822
1698504900000,2023-10-28T14:55:00Z,0.09426,0.0943,0.09426,0.0943,34319,3235.95668,0.09426,0.09431,0.09426,0.0943,0.09431,0.09436,0.09431,0.09436,-0.00042996,-0.00026518,-0.00045252,-0.00026518,-6.0000000000004494e-05,-0.0006358626536668556
1698505200000,2023-10-28T15:00:00Z,0.0943,0.09435,0.09426,0.09428,112753,10634.38207,0.0943,0.09435,0.09429,0.09429,0.09436,0.0944,0.09435,0.09435,-0.00026518,-0.00033845,-0.00052664,-0.00033845,-7.000000000000062e-05,-0.000741918388977219
1698505500000,2023-10-28T15:05:00Z,0.09428,0.09435,0.09428,0.09435,51408,4849.52445,0.09429,0.09436,0.09429,0.09436,0.09435,0.09441,0.09435,0.09441,-0.00033845,-0.00024448,-0.00030246,-0.00030246,-5.9999999999990616e-05,-0.0006355258976802311
1698505800000,2023-10-28T15:10:00Z,0.09435,0.09439,0.09435,0.09439,186210,17572.27837,0.09436,0.0944,0.09436,0.09439,0.09441,0.09445,0.0944,0.09444,-0.00030246,-0.00016703,-0.00038635,-0.00016703,-4.999999999999449e-05,-0.0005294366793730887
1698506100000,2023-10-28T15:15:00Z,0.09439,0.09453,0.09439,0.09453,735773,69520.93609,0.09439,0.09453,0.09439,0.09453,0.09444,0.09453,0.09444,0.09453,-0.00016703,0.00000645,0,0,0.0,0.0
1698506400000,2023-10-28T15:20:00Z,0.09453,0.09453,0.09447,0.09447,62396,5895.87781,0.09453,0.09453,0.09446,0.09448,0.09453,0.09453,0.09446,0.09448,0,0,0,0,-9.999999999996123e-06,-0.00010584250635050935
1698506700000,2023-10-28T15:25:00Z,0.09447,0.09451,0.09447,0.09451,93400,8826.05043,0.09448,0.09451,0.09448,0.09451,0.09448,0.09452,0.09448,0.09451,0,0,-0.0000401,-0.0000401,0.0,0.0
1698507000000,2023-10-28T15:30:00Z,0.09451,0.09453,0.09448,0.09449,30356,2868.57273,0.09451,0.09452,0.09448,0.09449,0.09451,0.09452,0.09449,0.09449,-0.0000401,0,0,0,0.0,0.0
1698507300000,2023-10-28T15:35:00Z,0.09449,0.09449,0.09448,0.09448,44915,4243.5692,0.09449,0.09451,0.09447,0.09451,0.09449,0.09452,0.09447,0.09452,0,0,0,0,-4.000000000001225e-05,-0.0004231908590775735
1698507600000,2023-10-28T15:40:00Z,0.09448,0.09452,0.09448,0.09451,13367,1263.26904,0.09451,0.09452,0.09448,0.09451,0.09452,0.09452,0.0945,0.09452,0,0,-0.00002486,0,-1.0000000000010001e-05,-0.00010579771476946678
1698507900000,2023-10-28T15:45:00Z,0.09451,0.09453,0.09449,0.09451,17413,1645.71807,0.09451,0.09452,0.0945,0.09451,0.09452,0.09453,0.09451,0.09452,0,0,0,0,-1.0000000000010001e-05,-0.00010579771476946678
1698508200000,2023-10-28T15:50:00Z,0.09451,0.09451,0.0945,0.0945,3514,332.09939,0.09451,0.09451,0.0945,0.0945,0.09452,0.09453,0.09452,0.09452,0,0,-0.00014609,0,-2.0000000000006124e-05,-0.00021159542953878675
1698508500000,2023-10-28T15:55:00Z,0.0945,0.09451,0.09447,0.09448,122153,11542.75959,0.0945,0.09451,0.09447,0.09449,0.09452,0.09453,0.09448,0.0945,0,0,-0.00007279,0,-2.0000000000006124e-05,-0.00021164021164027643
1698508800000,2023-10-28T16:00:00Z,0.09448,0.09455,0.09445,0.09455,248834,23518.98182,0.09449,0.09454,0.09446,0.09454,0.0945,0.09453,0.09448,0.09453,0,0,0,0,1.9999999999992246e-05,0.0002115730455939093
1698509100000,2023-10-28T16:05:00Z,0.09455,0.09455,0.09453,0.09454,47077,4450.51672,0.09454,0.09456,0.09453,0.09455,0.09453,0.09458,0.09452,0.09455,0,0,0,0,-9.999999999996123e-06,-0.00010576414595448042
1698509400000,2023-10-28T16:10:00Z,0.09454,0.09454,0.09438,0.09438,3837,362.37745,0.09455,0.09455,0.09438,0.09439,0.09455,0.09456,0.09439,0.09441,0,0,0,0,-2.999999999998837e-05,-0.00031776294884004204
1698509700000,2023-10-28T16:15:00Z,0.09438,0.09439,0.09433,0.09437,31547,2976.55752,0.09439,0.0944,0.09433,0.09437,0.09441,0.09442,0.09436,0.09439,0,-0.00012905,-0.00042917,-0.00012905,-2.0000000000006124e-05,-0.00021188685242087217
1698510000000,2023-10-28T16:20:00Z,0.09437,0.0944,0.09436,0.09439,36914,3484.25042,0.09437,0.09441,0.09436,0.0944,0.09439,0.09444,0.09438,0.09443,-0.00012905,-0.00008048,-0.00034021,-0.00008048,-3.999999999999837e-05,-0.00042359419675948713
1698510300000,2023-10-28T16:25:00Z,0.09439,0.09439,0.09437,0.09439,50532,4769.50419,0.0944,0.09441,0.09439,0.09439,0.09443,0.09445,0.09442,0.09442,-0.00008048,-0.00019866,-0.00021736,-0.00019866,-3.0000000000002247e-05,-0.00031772929464098966
1698510600000,2023-10-28T16:30:00Z,0.09439,0.0944,0.09436,0.09437,8379,790.78197,0.09439,0.0944,0.09436,0.09437,0.09442,0.09443,0.09439,0.0944,-0.00019866,0,-0.00019807,0,-3.0000000000002247e-05,-0.00031779661016951536
1698510900000,2023-10-28T16:35:00Z,0.09437,0.09437,0.09437,0.09437,801,75.59037,0.09437,0.09438,0.09437,0.09437,0.0944,0.09442,0.09438,0.09439,0,0,-0.0002073,0,-2.0000000000006124e-05,-0.00021188685242087217
1698511200000,2023-10-28T16:40:00Z,0.09437,0.09437,0.0943,0.09431,35295,3329.50682,0.09437,0.09438,0.09431,0.09432,0.09439,0.09441,0.09434,0.09437,0,-0.00019397,-0.00026859,-0.00026859,-5.9999999999990616e-05,-0.0006357952739216978
1698511500000,2023-10-28T16:45:00Z,0.09431,0.09437,0.09431,0.09435,45345,4278.31085,0.09432,0.09438,0.09432,0.09436,0.09437,0.09442,0.09436,0.09441,-0.00026859,-0.00043592,-0.00047532,-0.00043592,-5.9999999999990616e-05,-0.0006355258976802311
1698511800000,2023-10-28T16:50:00Z,0.09435,0.09437,0.09435,0.09437,2601,245.45098,0.09436,0.09438,0.09435,0.09438,0.09441,0.09442,0.09439,0.09441,-0.00043592,-0.00010838,-0.00011071,-0.00010838,-3.999999999999837e-05,-0.0004236839317868697
1698512100000,2023-10-28T16:55:00Z,0.09437,0.09443,0.09437,0.09442,36696,3464.02212,0.09438,0.09444,0.09437,0.09442,0.09441,0.09448,0.09441,0.09447,-0.00010838,-0.0003129,-0.00033894,-0.0003129,-4.999999999999449e-05,-0.0005292685508626495
1698512400000,2023-10-28T17:00:00Z,0.09442,0.09444,0.09442,0.09444,3278,309.57297,0.09442,0.09444,0.09442,0.09444,0.09447,0.09448,0.09444,0.09446,-0.0003129,-0.00014958,-0.00016906,-0.00016906,-2.0000000000006124e-05,-0.00021172983273349698
1698512700000,2023-10-28T17:05:00Z,0.09444,0.09444,0.09437,0.09441,16183,1528.00934,0.09444,0.09444,0.09439,0.09441,0.09446,0.09446,0.09442,0.09443,-0.00016906,-0.00011869,-0.00020681,-0.00020681,-2.0000000000006124e-05,-0.00021179709837981705
1698513000000,2023-10-28T17:10:00Z,0.09441,0.09443,0.0944,0.09443,15730,1485.1579,0.09441,0.09443,0.0944,0.09443,0.09443,0.09447,0.09443,0.09445,-0.00020681,-0.00004107,-0.00006659,-0.00004107,-2.0000000000006124e-05,-0.00021175224986771967
1698513300000,2023-10-28T17:15:00Z,0.09443,0.09443,0.09434,0.09437,94964,8962.85345,0.09443,0.09443,0.09436,0.09438,0.09445,0.09447,0.0944,0.09443,-0.00004107,-0.00018597,-0.0004274,-0.00018597,-6.0000000000004494e-05,-0.0006353912951393042
1698513600000,2023-10-28T17:20:00Z,0.09437,0.0944,0.09434,0.0944,53995,5094.35571,0.09438,0.09442,0.09434,0.09442,0.09443,0.09446,0.09435,0.09446,-0.00018597,-0.00004426,-0.00011407,-0.00004426,-6.0000000000004494e-05,-0.000635189498200344
1698513900000,2023-10-28T17:25:00Z,0.0944,0.09442,0.0944,0.0944,2568,242.43055,0.09442,0.09442,0.0944,0.0944,0.09446,0.09446,0.09443,0.09444,-0.00004426,-0.0002919,-0.00035976,-0.00035976,-3.999999999999837e-05,-0.0004235493434985003
1698514200000,2023-10-28T17:30:00Z,0.0944,0.09441,0.09439,0.0944,11989,1131.76919,0.0944,0.09441,0.09439,0.0944,0.09444,0.09444,0.09441,0.09441,-0.00035976,-0.00002584,-0.0000287,-0.00002584,-9.999999999996123e-06,-0.00010592098294668069
1698514500000,2023-10-28T17:35:00Z,0.0944,0.0944,0.09436,0.09436,30526,2880.56132,0.0944,0.09442,0.09437,0.09439,0.09441,0.09444,0.0944,0.09442,-0.00002584,-0.00022143,-0.00022259,-0.00022259,-6.0000000000004494e-05,-0.0006354585892819793
1698514800000,2023-10-28T17:40:00Z,0.09436,0.09437,0.09435,0.09436,11528,1087.6751,0.09439,0.09439,0.09435,0.09438,0.09442,0.09442,0.09437,0.09442,-0.00022259,0,-0.00002023,0,-6.0000000000004494e-05,-0.0006354585892819793
1698515100000,2023-10-28T17:45:00Z,0.09436,0.09436,0.09434,0.09435,2617,246.88904,0.09438,0.09438,0.09434,0.09435,0.09442,0.09442,0.09438,0.09439,0,-0.00028625,-0.0003103,-0.0003103,-3.999999999999837e-05,-0.0004237737048415973
1698515400000,2023-10-28T17:50:00Z,0.09435,0.09435,0.09435,0.09435,9280,875.568,0.09435,0.09437,0.09435,0.09435,0.09439,0.09441,0.09436,0.09438,-0.0003103,-0.00020089,-0.00037665,-0.00020089,-3.0000000000002247e-05,-0.0003178639542276144
1698515700000,2023-10-28T17:55:00Z,0.09435,0.09437,0.09435,0.09437,86592,8171.39437,0.09435,0.0944,0.09435,0.09438,0.09438,0.09444,0.09438,0.09443,-0.00020089,-0.00003981,-0.00034095,-0.00003981,-6.0000000000004494e-05,-0.0006353912951393042
1698516000000,2023-10-28T18:00:00Z,0.09437,0.09443,0.09437,0.09442,28043,2647.25892,0.09438,0.09443,0.09438,0.09443,0.09443,0.09448,0.09441,0.09447,-0.00003981,-0.00024168,-0.00033255,-0.00024168,-4.999999999999449e-05,-0.0005292685508626495
1698516300000,2023-10-28T18:05:00Z,0.09442,0.09443,0.09435,0.09435,12567,1186.41615,0.09443,0.09444,0.09435,0.09435,0.09447,0.09448,0.09434,0.09434,-0.00024168,-0.00010588,-0.00034233,-0.00034233,1.0000000000010001e-05,0.00010599957600180201
1698516600000,2023-10-28T18:10:00Z,0.09435,0.09435,0.09426,0.09429,32729,3085.70012,0.09435,0.09435,0.09427,0.0943,0.09434,0.09435,0.09432,0.09435,-0.00034233,-0.00031001,-0.00031096,-0.00031001,-6.0000000000004494e-05,-0.0006359300476948012
1698516900000,2023-10-28T18:15:00Z,0.09429,0.0943,0.09428,0.0943,32175,3033.62046,0.0943,0.0943,0.09428,0.0943,0.09435,0.09436,0.09433,0.09436,-0.00031001,-0.00010185,-0.00027708,-0.00010185,-6.0000000000004494e-05,-0.0006358626536668556
1698517200000,2023-10-28T18:20:00Z,0.0943,0.09431,0.09427,0.09427,31946,3012.02807,0.0943,0.09432,0.09427,0.09429,0.09436,0.09437,0.09432,0.09434,-0.00010185,-0.00005163,-0.00056773,-0.00005163,-6.999999999998674e-05,-0.0007419970320117315
1698517500000,2023-10-28T18:25:00Z,0.09427,0.09428,0.09426,0.09426,29585,2788.93217,0.09429,0.09429,0.09426,0.09428,0.09434,0.09434,0.09432,0.09434,-0.00005163,-0.00016134,-0.00030173,-0.00030173,-7.999999999999674e-05,-0.0008479966080135335
1698517800000,2023-10-28T18:30:00Z,0.09426,0.09432,0.09426,0.09432,39273,3702.89852,0.09428,0.09432,0.09427,0.09432,0.09434,0.09438,0.09433,0.09438,-0.00030173,-0.00021515,-0.00040084,-0.00021515,-6.0000000000004494e-05,-0.0006357279084552288
1698518100000,2023-10-28T18:35:00Z,0.09432,0.09438,0.09432,0.09437,25160,2373.98878,0.09432,0.09439,0.09432,0.09438,0.09438,0.09443,0.09435,0.09442,-0.00021515,-0.00018523,-0.00051837,-0.00051837,-5.000000000000837e-05,-0.0005295488244016985
1698518400000,2023-10-28T18:40:00Z,0.09437,0.09439,0.09437,0.09438,48901,4615.70018,0.09438,0.0944,0.09438,0.09438,0.09442,0.09444,0.0944,0.0944,-0.00051837,-0.00008717,-0.00049306,-0.00049306,-1.9999999999992246e-05,-0.00021186440677957888
1698518700000,2023-10-28T18:45:00Z,0.09438,0.09438,0.0943,0.09435,47004,4434.23533,0.09438,0.09438,0.0943,0.09435,0.0944,0.09442,0.09436,0.0944,-0.00049306,-0.00032372,-0.00047753,-0.00032372,-4.999999999999449e-05,-0.0005296610169490942
1698519000000,2023-10-28T18:50:00Z,0.09435,0.09437,0.09435,0.09437,803,75.77911,0.09435,0.09439,0.09435,0.09438,0.0944,0.09443,0.09439,0.09442,-0.00032372,-0.00018788,-0.00029194,-0.00018788,-5.000000000000837e-05,-0.0005295488244016985
1698519300000,2023-10-28T18:55:00Z,0.09437,0.09439,0.09436,0.09438,13695,1292.52583,0.09438,0.0944,0.09437,0.09438,0.09442,0.09445,0.09439,0.09439,-0.00018788,-0.00038324,-0.00038409,-0.00038409,-9.999999999996123e-06,-0.00010594342621036257
1698519600000,2023-10-28T19:00:00Z,0.09438,0.09444,0.09434,0.09441,379640,35841.95134,0.09438,0.09444,0.09434,0.09441,0.09439,0.09444,0.09439,0.09444,-0.00038409,0,0,0,-3.0000000000002247e-05,-0.000317662007623912
1698519900000,2023-10-28T19:05:00Z,0.09441,0.09442,0.0944,0.0944,50918,4807.66372,0.09441,0.09442,0.0944,0.0944,0.09444,0.09444,0.0944,0.09443,0,-0.00003697,-0.00006398,-0.00006398,-3.0000000000002247e-05,-0.0003176956475696521
1698520200000,2023-10-28T19:10:00Z,0.0944,0.0944,0.09437,0.09438,2188,206.49745,0.0944,0.0944,0.09438,0.09439,0.09443,0.09443,0.09442,0.09443,-0.00006398,0,-0.00005475,0,-4.999999999999449e-05,-0.0005294927459493222
1698520500000,2023-10-28T19:15:00Z,0.09438,0.09439,0.09438,0.09439,3778,356.60542,0.09439,0.0944,0.09439,0.09439,0.09443,0.09444,0.09441,0.09442,0,-0.00000603,-0.00008684,-0.00008684,-3.0000000000002247e-05,-0.00031772929464098966
1698520800000,2023-10-28T19:20:00Z,0.09439,0.09439,0.09438,0.09439,10375,979.29523,0.09439,0.09442,0.09438,0.09441,0.09442,0.09446,0.09441,0.09445,-0.00008684,-0.00002552,-0.00010451,-0.00002552,-6.0000000000004494e-05,-0.0006352567496030121
1698521100000,2023-10-28T19:25:00Z,0.09439,0.09442,0.09439,0.0944,2578,243.36428,0.09441,0.09442,0.0944,0.0944,0.09445,0.09446,0.09443,0.09444,-0.00002552,0,-0.00019925,0,-3.999999999999837e-05,-0.0004235493434985003
1698521400000,2023-10-28T19:30:00Z,0.0944,0.0944,0.09439,0.09439,5761,543.80481,0.0944,0.0944,0.09439,0.0944,0.09444,0.09445,0.0944,0.09444,0,0,0,0,-4.999999999999449e-05,-0.0005294366793730887
1698521700000,2023-10-28T19:35:00Z,0.09439,0.0944,0.09439,0.0944,30808,2908.17728,0.0944,0.09441,0.09439,0.0944,0.09444,0.09445,0.09443,0.09444,0,-0.00010419,-0.00021143,-0.00010419,-3.999999999999837e-05,-0.0004235493434985003
1698522000000,2023-10-28T19:40:00Z,0.0944,0.09445,0.0944,0.09442,12440,1174.70714,0.0944,0.09446,0.0944,0.09445,0.09444,0.09448,0.09443,0.09448,-0.00010419,-0.00000529,-0.00016195,-0.00016195,-5.9999999999990616e-05,-0.000635055038103203
1698522300000,2023-10-28T19:45:00Z,0.09442,0.09445,0.09442,0.09443,4386,414.23814,0.09445,0.09445,0.09442,0.09443,0.09448,0.09448,0.09444,0.09445,-0.00016195,0,-0.00009497,-0.00009497,-2.0000000000006124e-05,-0.00021175224986771967
1698522600000,2023-10-28T19:50:00Z,0.09443,0.09445,0.09438,0.09439,1430,135.02256,0.09443,0.09445,0.09438,0.09439,0.09445,0.09449,0.09441,0.09442,-0.00009497,-0.00018818,-0.00024285,-0.00024285,-3.0000000000002247e-05,-0.00031772929464098966
1698522900000,2023-10-28T19:55:00Z,0.09439,0.09441,0.09433,0.09433,60655,5721.61388,0.09439,0.09441,0.09433,0.09434,0.09442,0.09445,0.09436,0.09438,-0.00024285,-0.00003635,-0.00025632,-0.00003635,-5.000000000000837e-05,-0.000529773257046073
1698523200000,2023-10-28T20:00:00Z,0.09433,0.09435,0.09431,0.09435,42332,3993.35567,0.09434,0.09438,0.09433,0.09438,0.09438,0.09442,0.09437,0.09442,-0.00003635,-0.00005043,-0.000118,-0.000118,-7.000000000000062e-05,-0.0007413683541622602
1698523500000,2023-10-28T20:05:00Z,0.09435,0.09443,0.09435,0.09443,7380,696.59928,0.09438,0.09443,0.09438,0.09443,0.09442,0.09446,0.09442,0.09445,-0.000118,-0.00008269,-0.00009814,-0.00009814,-2.0000000000006124e-05,-0.00021175224986771967
1698523800000,2023-10-28T20:10:00Z,0.09443,0.09444,0.0944,0.0944,9383,886.02596,0.09443,0.09444,0.09438,0.09438,0.09445,0.09447,0.09438,0.09438,-0.00009814,-0.00017642,-0.00023177,-0.00023177,1.9999999999992246e-05,0.00021190930281831156
1698524100000,2023-10-28T20:15:00Z,0.0944,0.09444,0.09434,0.09444,10133,956.32146,0.09438,0.09444,0.09435,0.09444,0.09438,0.09448,0.09438,0.09448,-0.00023177,0,-0.00019246,-0.00019246,-3.999999999999837e-05,-0.0004233700254021843
1698524400000,2023-10-28T20:20:00Z,0.09444,0.09448,0.09444,0.09448,25344,2394.48801,0.09444,0.09448,0.09444,0.09448,0.09448,0.09451,0.09447,0.09451,-0.00019246,-0.00010296,-0.00017966,-0.00017966,-3.0000000000002247e-05,-0.000317426727330465
1698524700000,2023-10-28T20:25:00Z,0.09448,0.09449,0.09447,0.09449,241,22.76793,0.09448,0.09451,0.09447,0.09449,0.09451,0.09454,0.0945,0.09453,-0.00017966,-0.00000349,-0.00006295,-0.00000349,-3.999999999999837e-05,-0.0004231460911879654
1698525000000,2023-10-28T20:30:00Z,0.09449,0.09449,0.09448,0.09448,1558,147.19984,0.09449,0.0945,0.09448,0.09448,0.09453,0.09454,0.09452,0.09453,-0.00000349,-0.00002316,-0.0000258,-0.00002316,-5.000000000000837e-05,-0.0005289326139850669
1698525300000,2023-10-28T20:35:00Z,0.09448,0.09455,0.09448,0.09449,121951,11528.01921,0.09448,0.09455,0.09448,0.09449,0.09453,0.09456,0.09452,0.09452,-0.00002316,0,-0.00021165,-0.00021165,-3.0000000000002247e-05,-0.0003173931443081067
1698525600000,2023-10-28T20:40:00Z,0.09449,0.09449,0.09445,0.09446,7092,670.03718,0.09449,0.0945,0.09446,0.09446,0.09452,0.09453,0.09449,0.0945,-0.00021165,-0.00010229,-0.00039847,-0.00039847,-3.999999999999837e-05,-0.000423280423280406
1698525900000,2023-10-28T20:45:00Z,0.09446,0.09449,0.09444,0.09449,78692,7433.855,0.09446,0.09449,0.09445,0.09449,0.0945,0.09451,0.09447,0.09451,-0.00039847,-0.00001545,-0.00006423,-0.00006423,-1.9999999999992246e-05,-0.00021161781822021211
1698526200000,2023-10-28T20:50:00Z,0.09449,0.09449,0.09446,0.09449,8335,787.43326,0.09449,0.09451,0.09446,0.09451,0.09451,0.09455,0.0945,0.09455,-0.00006423,-0.00007491,-0.00010062,-0.00007491,-5.9999999999990616e-05,-0.0006345848757270293
1698526500000,2023-10-28T20:55:00Z,0.09449,0.0946,0.09449,0.09453,222895,21079.65241,0.09451,0.09458,0.0945,0.09454,0.09455,0.09458,0.09454,0.09457,-0.00007491,-0.00003415,-0.00008797,-0.00008797,-3.999999999999837e-05,-0.0004229671143068454
1698526800000,2023-10-28T21:00:00Z,0.09453,0.09458,0.09453,0.09454,41486,3922.85255,0.09454,0.09458,0.09453,0.09454,0.09457,0.09459,0.09455,0.09456,-0.00008797,-0.0000112,-0.00032057,-0.00032057,-2.0000000000006124e-05,-0.0002115059221658854
1698527100000,2023-10-28T21:05:00Z,0.09454,0.09454,0.09452,0.09452,10262,969.96751,0.09454,0.09454,0.0945,0.0945,0.09456,0.09456,0.0945,0.09451,-0.00032057,-0.00006833,-0.00017683,-0.00006833,1.0000000000010001e-05,0.0001058089091102529
1698527400000,2023-10-28T21:10:00Z,0.09452,0.09452,0.09447,0.09448,18933,1788.90578,0.0945,0.09451,0.09447,0.09449,0.09451,0.09453,0.0945,0.09453,-0.00006833,-0.00006178,-0.00008579,-0.00006178,-5.000000000000837e-05,-0.0005289326139850669
1698527700000,2023-10-28T21:15:00Z,0.09448,0.09451,0.09448,0.09451,54721,5170.22159,0.09449,0.09451,0.09448,0.09451,0.09453,0.09453,0.09452,0.09453,-0.00006178,-0.00000169,-0.0001007,-0.00000169,-2.0000000000006124e-05,-0.0002115730455940561
1698528000000,2023-10-28T21:20:00Z,0.09451,0.09453,0.0945,0.09453,1105,104.43312,0.09451,0.09453,0.0945,0.09453,0.09453,0.09455,0.09453,0.09454,-0.00000169,0,0,0,-9.999999999996123e-06,-0.00010577533319225854
1698528300000,2023-10-28T21:25:00Z,0.09453,0.09454,0.09453,0.09454,3570,337.50769,0.09453,0.09454,0.09453,0.09454,0.09454,0.09455,0.09454,0.09455,0,0,0,0,-9.999999999996123e-06,-0.00010576414595448042
1698528600000,2023-10-28T21:30:00Z,0.09454,0.09454,0.09449,0.09451,51462,4864.82212,0.09454,0.09454,0.09451,0.09452,0.09455,0.09455,0.09453,0.09454,0,0,-0.00009964,-0.00009964,-3.0000000000002247e-05,-0.00031732599957692246
1698528900000,2023-10-28T21:35:00Z,0.09451,0.09452,0.09451,0.09452,12386,1170.60097,0.09452,0.09452,0.09451,0.09452,0.09454,0.09454,0.09452,0.09453,-0.00009964,0,0,0,-9.999999999996123e-06,-0.00010578652279695465
1698529200000,2023-10-28T21:40:00Z,0.09452,0.09452,0.09445,0.09448,27839,2630.43379,0.09452,0.09452,0.09447,0.09448,0.09453,0.09453,0.09448,0.09448,0,0,0,0,0.0,0.0
1698529500000,2023-10-28T21:45:00Z,0.09448,0.0945,0.09444,0.0945,29434,2781.18419,0.09448,0.0945,0.09446,0.0945,0.09448,0.0945,0.09447,0.0945,0,0,0,0,0.0,0.0
1698529800000,2023-10-28T21:50:00Z,0.0945,0.09451,0.0945,0.09451,9556,903.13697,0.0945,0.09453,0.0945,0.09452,0.0945,0.09453,0.0945,0.09453,0,0,0,0,-2.0000000000006124e-05,-0.0002115730455940561
1698530100000,2023-10-28T21:55:00Z,0.09451,0.09452,0.09451,0.09452,19,1.79588,0.09452,0.09453,0.09451,0.09453,0.09453,0.09455,0.09452,0.09455,0,0,0,0,-2.999999999998837e-05,-0.00031729243786344125
1698530400000,2023-10-28T22:00:00Z,0.09452,0.09457,0.09452,0.09455,125208,11840.14176,0.09453,0.09455,0.09453,0.09455,0.09455,0.09455,0.09454,0.09455,0,0,0,0,0.0,0.0
1698530700000,2023-10-28T22:05:00Z,0.09455,0.09455,0.09454,0.09454,18009,1702.6503,0.09455,0.09456,0.09454,0.09455,0.09455,0.09456,0.09454,0.09456,0,0,0,0,-2.0000000000006124e-05,-0.0002115059221658854
1698531000000,2023-10-28T22:10:00Z,0.09454,0.09455,0.09453,0.09455,387,36.58315,0.09455,0.09456,0.09453,0.09455,0.09456,0.09458,0.09455,0.09458,0,0,0,0,-3.0000000000002247e-05,-0.0003171917953055852
1698531300000,2023-10-28T22:15:00Z,0.09455,0.09457,0.0945,0.0945,37371,3533.16008,0.09455,0.09457,0.09453,0.09454,0.09458,0.09459,0.09455,0.09456,0,0,0,0,-6.0000000000004494e-05,-0.0006345177664975094
1698531600000,2023-10-28T22:20:00Z,0.0945,0.09453,0.09442,0.09443,83082,7847.36124,0.09454,0.09454,0.09443,0.09444,0.09456,0.09456,0.09446,0.09448,0,0,-0.00014756,0,-4.999999999999449e-05,-0.0005292125317526937
1698531900000,2023-10-28T22:25:00Z,0.09443,0.09445,0.09399,0.09418,1151933,108399.03536,0.09444,0.09446,0.09413,0.09418,0.09448,0.0945,0.09417,0.09423,0,-0.0000877,-0.00009774,-0.0000877,-4.999999999999449e-05,-0.0005306165764617902
1698532200000,2023-10-28T22:30:00Z,0.09418,0.09419,0.09413,0.09418,40272,3792.36306,0.09418,0.0942,0.09414,0.09418,0.09423,0.09426,0.09419,0.09424,-0.0000877,-0.00025273,-0.00039966,-0.00025273,-6.0000000000004494e-05,-0.0006366723259762785
1698532500000,2023-10-28T22:35:00Z,0.09418,0.09422,0.09418,0.09419,45700,4305.13427,0.09418,0.09422,0.09418,0.09419,0.09424,0.09429,0.09424,0.09426,-0.00025273,-0.0003893,-0.00067345,-0.0003893,-7.000000000000062e-05,-0.0007426267769997944
1698532800000,2023-10-28T22:40:00Z,0.09419,0.09423,0.09418,0.09422,66954,6307.8256,0.09419,0.09425,0.09418,0.09425,0.09426,0.09431,0.09425,0.09431,-0.0003893,-0.00017876,-0.00033725,-0.00033725,-9.000000000000674e-05,-0.0009542996500901997
1698533100000,2023-10-28T22:45:00Z,0.09422,0.09426,0.09422,0.09426,20235,1907.0444,0.09425,0.09426,0.09423,0.09426,0.09431,0.09432,0.09428,0.09432,-0.00033725,-0.00030968,-0.00038059,-0.00038059,-6.0000000000004494e-05,-0.0006361323155216761
1698533400000,2023-10-28T22:50:00Z,0.09426,0.09429,0.09426,0.09428,15891,1498.08958,0.09426,0.09429,0.09426,0.09428,0.09432,0.09434,0.09431,0.09433,-0.00038059,-0.00039834,-0.00040544,-0.00040544,-4.999999999999449e-05,-0.0005300540655146242
1698533700000,2023-10-28T22:55:00Z,0.09428,0.09428,0.09421,0.09425,28974,2730.52736,0.09428,0.09428,0.09422,0.09425,0.09433,0.09433,0.09428,0.09431,-0.00040544,-0.00019923,-0.00047153,-0.00047153,-6.0000000000004494e-05,-0.0006361997667267998
1698534000000,2023-10-28T23:00:00Z,0.09425,0.09425,0.09421,0.09421,17544,1653.15173,0.09425,0.09425,0.09421,0.09421,0.09431,0.09431,0.09427,0.09427,-0.00047153,-0.00035592,-0.00037628,-0.00035592,-6.0000000000004494e-05,-0.0006364697146494589
1698534300000,2023-10-28T23:05:00Z,0.09421,0.09421,0.09415,0.09415,66798,6289.7691,0.09421,0.09421,0.09415,0.09417,0.09427,0.09427,0.09419,0.09423,-0.00035592,-0.00035374,-0.00048837,-0.00048837,-7.999999999999674e-05,-0.0008489865223389233
1698534600000,2023-10-28T23:10:00Z,0.09415,0.09416,0.09415,0.09416,18916,1781.13056,0.09417,0.09417,0.09416,0.09416,0.09423,0.09423,0.09422,0.09422,-0.00048837,-0.00036442,-0.00059121,-0.00059121,-6.0000000000004494e-05,-0.0006368074718743844
1698534900000,2023-10-28T23:15:00Z,0.09416,0.0942,0.09413,0.0942,47297,4453.6844,0.09416,0.09421,0.09413,0.0942,0.09422,0.09428,0.09419,0.09427,-0.00059121,-0.00055758,-0.00055769,-0.00055769,-7.000000000000062e-05,-0.0007425480004243196
1698535200000,2023-10-28T23:20:00Z,0.0942,0.09425,0.0942,0.09425,15992,1506.70676,0.0942,0.09425,0.0942,0.09425,0.09427,0.09432,0.09427,0.09432,-0.00055769,-0.00026389,-0.00048303,-0.00048303,-7.000000000000062e-05,-0.0007421543681085731
1698535500000,2023-10-28T23:25:00Z,0.09425,0.09434,0.09425,0.0943,27881,2629.28751,0.09425,0.09434,0.09425,0.0943,0.09432,0.09437,0.09432,0.09435,-0.00048303,-0.00053465,-0.00056295,-0.00056295,-5.000000000000837e-05,-0.0005299417064123834
1698535800000,2023-10-28T23:30:00Z,0.0943,0.0943,0.09424,0.09425,47524,4480.32788,0.0943,0.0943,0.09424,0.09426,0.09435,0.09436,0.09431,0.09433,-0.00056295,-0.00032273,-0.00064631,-0.00032273,-7.999999999999674e-05,-0.0008480865048234575
1698536100000,2023-10-28T23:35:00Z,0.09425,0.09426,0.09417,0.09426,211772,19945.86573,0.09426,0.09426,0.09423,0.09426,0.09433,0.09433,0.0943,0.09433,-0.00032273,-0.0004457,-0.00054289,-0.0004457,-7.000000000000062e-05,-0.000742075691720562
1698536400000,2023-10-28T23:40:00Z,0.09426,0.09428,0.09424,0.09425,3282,309.33444,0.09426,0.09428,0.09426,0.09427,0.09433,0.09434,0.09432,0.09433,-0.0004457,-0.00042308,-0.00064259,-0.00064259,-7.999999999999674e-05,-0.0008480865048234575
1698536700000,2023-10-28T23:45:00Z,0.09425,0.09425,0.09424,0.09424,10033,945.50992,0.09427,0.09427,0.09424,0.09424,0.09433,0.09433,0.09431,0.09431,-0.00064259,-0.00053779,-0.0005857,-0.00053779,-7.000000000000062e-05,-0.0007422330611812174
1698537000000,2023-10-28T23:50:00Z,0.09424,0.09424,0.09423,0.09423,42417,3996.95446,0.09424,0.09424,0.09423,0.09423,0.09431,0.09431,0.09429,0.0943,-0.00053779,-0.00040523,-0.00059028,-0.00040523,-7.000000000000062e-05,-0.000742311770943803
1698537300000,2023-10-28T23:55:00Z,0.09423,0.09428,0.09421,0.09428,90417,8519.96191,0.09423,0.09428,0.09422,0.09428,0.0943,0.09434,0.09429,0.09433,-0.00040523,-0.00064066,-0.00071901,-0.00064066,-4.999999999999449e-05,-0.0005300540655146242
1698537600000,2023-10-29T00:00:00Z,0.09428,0.09437,0.09426,0.09434,92179,8696.76173,0.09428,0.09437,0.09426,0.09436,0.09433,0.09444,0.09433,0.09444,-0.00064066,-0.00057761,-0.00085948,-0.00085948,-0.00010000000000000286,-0.0010588733587463244
1698537900000,2023-10-29T00:05:00Z,0.09434,0.09441,0.09434,0.09441,174674,16483.16953,0.09436,0.09441,0.09435,0.09441,0.09444,0.09449,0.09443,0.09448,-0.00085948,-0.00065219,-0.00090704,-0.00090704,-7.000000000000062e-05,-0.0007408975444538593
1698538200000,2023-10-29T00:10:00Z,0.09441,0.09441,0.09435,0.09438,65844,6214.71013,0.09441,0.09441,0.09436,0.09441,0.09448,0.09448,0.09445,0.09447,-0.00090704,-0.00057679,-0.00057734,-0.00057734,-8.999999999999286e-05,-0.0009526833915527984
1698538500000,2023-10-29T00:15:00Z,0.09438,0.09446,0.09438,0.09445,42800,4042.23175,0.09441,0.09446,0.09438,0.09445,0.09447,0.09451,0.09447,0.0945,-0.00057734,-0.00061102,-0.00062787,-0.00062787,-4.999999999999449e-05,-0.0005291005291004708
1698538800000,2023-10-29T00:20:00Z,0.09445,0.09445,0.09438,0.09439,11090,1047.26886,0.09445,0.09445,0.09439,0.09439,0.0945,0.0945,0.09445,0.09446,-0.00062787,-0.00051942,-0.00061539,-0.00061539,-7.000000000000062e-05,-0.0007410544145670191
1698539100000,2023-10-29T00:25:00Z,0.09439,0.09448,0.09439,0.09448,12738,1202.77632,0.09439,0.09448,0.09439,0.09448,0.09446,0.09452,0.09446,0.09452,-0.00061539,-0.00043623,-0.00051222,-0.00043623,-4.000000000001225e-05,-0.0004231908590775735
1698539400000,2023-10-29T00:30:00Z,0.09448,0.09448,0.09439,0.09447,31415,2967.21505,0.09448,0.09448,0.09441,0.09448,0.09452,0.09455,0.09447,0.09455,-0.00043623,-0.00053163,-0.00074978,-0.00053163,-7.999999999999674e-05,-0.0008461131676361369
1698539700000,2023-10-29T00:35:00Z,0.09447,0.0945,0.09445,0.0945,27409,2589.33939,0.09448,0.0945,0.09445,0.0945,0.09455,0.09455,0.09451,0.09455,-0.00053163,-0.00012038,-0.00036549,-0.00012038,-4.999999999999449e-05,-0.0005288207297725489
1698540000000,2023-10-29T00:40:00Z,0.0945,0.09452,0.09449,0.09451,36292,3430.01194,0.0945,0.09452,0.09449,0.09451,0.09455,0.09457,0.09453,0.09455,-0.00012038,-0.0002569,-0.00033107,-0.0002569,-3.999999999999837e-05,-0.00042305658381806843
1698540300000,2023-10-29T00:45:00Z,0.09451,0.09452,0.09448,0.09452,13935,1316.8867,0.09451,0.09452,0.09449,0.09452,0.09455,0.09457,0.09454,0.09457,-0.0002569,-0.00038779,-0.00048641,-0.00048641,-4.999999999999449e-05,-0.0005287088928835201
1698540600000,2023-10-29T00:50:00Z,0.09452,0.09452,0.09438,0.09442,45490,4298.22548,0.09452,0.09452,0.09439,0.09443,0.09457,0.09457,0.09445,0.09449,-0.00048641,-0.00049719,-0.0007073,-0.0007073,-7.000000000000062e-05,-0.0007408191342999324
1698540900000,2023-10-29T00:55:00Z,0.09442,0.09442,0.0943,0.0943,25223,2379.85511,0.09443,0.09443,0.0943,0.0943,0.09449,0.09449,0.09435,0.09435,-0.0007073,-0.00059849,-0.00059959,-0.00059849,-5.000000000000837e-05,-0.0005299417064123834
1698541200000,2023-10-29T01:00:00Z,0.0943,0.09435,0.0943,0.0943,52799,4979.22865,0.0943,0.09437,0.0943,0.0943,0.09435,0.09443,0.09434,0.09437,-0.00059849,-0.00031274,-0.00034488,-0.00034488,-7.000000000000062e-05,-0.0007417611529087699
1698541500000,2023-10-29T01:05:00Z,0.0943,0.09438,0.0943,0.09435,33334,3145.1632,0.0943,0.09436,0.0943,0.09436,0.09437,0.09442,0.09437,0.09442,-0.00034488,-0.00047494,-0.00049724,-0.00047494,-7.000000000000062e-05,-0.0007413683541622602
1698541800000,2023-10-29T01:10:00Z,0.09435,0.09435,0.0942,0.09423,41631,3924.62682,0.09436,0.09436,0.09421,0.09423,0.09442,0.09442,0.09428,0.0943,-0.00047494,-0.00061706,-0.00072629,-0.00072629,-7.000000000000062e-05,-0.000742311770943803
1698542100000,2023-10-29T01:15:00Z,0.09423,0.09423,0.09418,0.09418,21434,2019.26977,0.09423,0.09423,0.09418,0.09419,0.0943,0.0943,0.09424,0.09426,-0.00072629,-0.00065828,-0.00070739,-0.00065828,-7.999999999999674e-05,-0.0008487163165711516
1698542400000,2023-10-29T01:20:00Z,0.09418,0.09421,0.094,0.09409,386201,36333.99106,0.09419,0.0942,0.09405,0.09411,0.09426,0.09427,0.09411,0.09418,-0.00065828,-0.0005774,-0.00058092,-0.00058092,-9.000000000000674e-05,-0.0009556169038013033
1698542700000,2023-10-29T01:25:00Z,0.09409,0.09415,0.09406,0.09412,167991,15810.94036,0.09411,0.09416,0.09408,0.09412,0.09418,0.09425,0.09416,0.09421,-0.00058092,-0.00078454,-0.00087657,-0.00078454,-9.000000000000674e-05,-0.0009553125995118006
1698543000000,2023-10-29T01:30:00Z,0.09412,0.0942,0.09408,0.09417,133988,12612.08486,0.09412,0.09421,0.09408,0.09418,0.09421,0.0943,0.09416,0.09427,-0.00078454,-0.0007671,-0.00082191,-0.00082191,-0.00010000000000000286,-0.001060782857749049
1698543300000,2023-10-29T01:35:00Z,0.09417,0.09425,0.09417,0.09423,19968,1881.49058,0.09418,0.09425,0.09418,0.09423,0.09427,0.09434,0.09427,0.09431,-0.00082191,-0.0007091,-0.00089367,-0.00089367,-8.000000000001062e-05,-0.0008482663556357822
1698543600000,2023-10-29T01:40:00Z,0.09423,0.09423,0.09418,0.09423,7071,666.14388,0.09423,0.09423,0.09418,0.09423,0.09431,0.09432,0.09427,0.0943,-0.00089367,-0.00065885,-0.00079796,-0.00065885,-7.000000000000062e-05,-0.000742311770943803
1698543900000,2023-10-29T01:45:00Z,0.09423,0.09426,0.09422,0.09426,35655,3360.22334,0.09423,0.09426,0.09423,0.09426,0.0943,0.09435,0.0943,0.09435,-0.00065885,-0.00071893,-0.00087191,-0.00071893,-9.000000000000674e-05,-0.0009538950715422018
1698544200000,2023-10-29T01:50:00Z,0.09426,0.09434,0.09426,0.09434,28902,2726.20739,0.09426,0.09434,0.09426,0.09434,0.09435,0.09441,0.09435,0.09441,-0.00071893,-0.00059036,-0.00078964,-0.00078964,-7.000000000000062e-05,-0.0007414468806270588
1698544500000,2023-10-29T01:55:00Z,0.09434,0.09434,0.09432,0.09432,21021,1982.90301,0.09434,0.09434,0.09432,0.09432,0.09441,0.09441,0.09439,0.09439,-0.00078964,-0.00063559,-0.00074152,-0.00074152,-7.000000000000062e-05,-0.000741603983472832
1698544800000,2023-10-29T02:00:00Z,0.09432,0.09432,0.09419,0.09424,150370,14177.06889,0.09432,0.09432,0.09421,0.09424,0.09439,0.09439,0.09428,0.09429,-0.00074152,-0.00055959,-0.00061965,-0.00055959,-4.999999999999449e-05,-0.0005302789267153939
1698545100000,2023-10-29T02:05:00Z,0.09424,0.09428,0.09419,0.09426,21848,2058.79892,0.09424,0.09429,0.09421,0.09429,0.09429,0.09436,0.09428,0.09436,-0.00055959,-0.0005905,-0.00062632,-0.00062632,-0.00010000000000000286,-0.0010597710894447103
1698545400000,2023-10-29T02:10:00Z,0.09426,0.0943,0.09426,0.0943,9993,942.18368,0.09429,0.09433,0.09428,0.09432,0.09436,0.0944,0.09435,0.09439,-0.00062632,-0.00049539,-0.00056065,-0.00056065,-9.000000000000674e-05,-0.0009534908358937042
1698545700000,2023-10-29T02:15:00Z,0.0943,0.09433,0.0943,0.09432,5741,541.46927,0.09432,0.09434,0.09432,0.09432,0.09439,0.09441,0.09439,0.0944,-0.00056065,-0.00047929,-0.00055036,-0.00047929,-7.999999999999674e-05,-0.0008474576271186096
1698546000000,2023-10-29T02:20:00Z,0.09432,0.09435,0.09432,0.09434,16804,1585.25234,0.09432,0.09435,0.09432,0.09434,0.0944,0.09442,0.0944,0.09441,-0.00047929,-0.00034205,-0.00040387,-0.00040387,-7.000000000000062e-05,-0.0007414468806270588
1698546300000,2023-10-29T02:25:00Z,0.09434,0.09438,0.09434,0.09437,9748,919.90446,0.09434,0.09438,0.09434,0.09437,0.09441,0.09445,0.09441,0.09442,-0.00040387,-0.00032242,-0.00039779,-0.00032242,-5.000000000000837e-05,-0.0005295488244016985
1698546600000,2023-10-29T02:30:00Z,0.09437,0.09437,0.09434,0.09434,250,23.585,0.09437,0.09437,0.09434,0.09435,0.09442,0.09444,0.09441,0.09443,-0.00032242,-0.00037566,-0.00048141,-0.00048141,-9.000000000000674e-05,-0.0009530869427089563
1698546900000,2023-10-29T02:35:00Z,0.09434,0.09439,0.09429,0.09432,85756,8089.60703,0.09435,0.09439,0.09431,0.09432,0.09443,0.09447,0.09439,0.0944,-0.00048141,-0.00045349,-0.00084216,-0.00045349,-7.999999999999674e-05,-0.0008474576271186096
1698547200000,2023-10-29T02:40:00Z,0.09432,0.09438,0.09432,0.09433,57670,5440.33908,0.09432,0.09438,0.09432,0.09433,0.0944,0.09446,0.0944,0.09441,-0.00045349,-0.0005843,-0.00076019,-0.0005843,-7.999999999999674e-05,-0.0008473678635737394
1698547500000,2023-10-29T02:45:00Z,0.09433,0.09433,0.09431,0.09432,3802,358.60486,0.09433,0.09433,0.09431,0.09432,0.09441,0.09441,0.09437,0.09437,-0.0005843,-0.00050169,-0.00051176,-0.00051176,-4.999999999999449e-05,-0.0005298293949347727
1698547800000,2023-10-29T02:50:00Z,0.09432,0.09432,0.09421,0.09423,106210,10012.47478,0.09432,0.09432,0.09422,0.09423,0.09437,0.09438,0.09428,0.09429,-0.00051176,-0.00050302,-0.00059034,-0.00059034,-6.0000000000004494e-05,-0.0006363347120585905
1698548100000,2023-10-29T02:55:00Z,0.09423,0.09427,0.09423,0.09426,5341,503.43398,0.09423,0.09427,0.09423,0.09426,0.09429,0.09433,0.09429,0.09431,-0.00059034,-0.00031788,-0.00056005,-0.00056005,-5.000000000000837e-05,-0.0005301664722723822
1698548400000,2023-10-29T03:00:00Z,0.09426,0.09428,0.09425,0.09427,79782,7521.17515,0.09426,0.09428,0.09426,0.09427,0.09431,0.09433,0.0943,0.09432,-0.00056005,-0.00041344,-0.00055216,-0.00055216,-4.999999999999449e-05,-0.000530110262934632
1698548700000,2023-10-29T03:05:00Z,0.09427,0.0943,0.09422,0.09425,209377,19732.66073,0.09427,0.09431,0.09424,0.09426,0.09432,0.09437,0.0943,0.09433,-0.00055216,-0.00033637,-0.00038178,-0.00038178,-7.999999999999674e-05,-0.0008480865048234575
1698549000000,2023-10-29T03:10:00Z,0.09425,0.09427,0.09424,0.09426,5456,514.26529,0.09426,0.09427,0.09425,0.09426,0.09433,0.09433,0.09432,0.09432,-0.00038178,-0.00058189,-0.00058242,-0.00058189,-6.0000000000004494e-05,-0.0006361323155216761
1698549300000,2023-10-29T03:15:00Z,0.09426,0.09426,0.09426,0.09426,2969,279.85794,0.09426,0.09427,0.09426,0.09426,0.09432,0.09433,0.0943,0.09431,-0.00058189,-0.00052279,-0.00052545,-0.00052279,-5.000000000000837e-05,-0.0005301664722723822
1698549600000,2023-10-29T03:20:00Z,0.09426,0.09426,0.09422,0.09426,40938,3858.35147,0.09426,0.09429,0.09422,0.09429,0.09431,0.09435,0.0943,0.09435,-0.00052279,-0.00037018,-0.00038534,-0.00038534,-9.000000000000674e-05,-0.0009538950715422018
1698549900000,2023-10-29T03:25:00Z,0.09426,0.09431,0.09426,0.09429,19903,1876.74528,0.09429,0.09432,0.09429,0.09429,0.09435,0.09438,0.09434,0.09436,-0.00038534,-0.00062056,-0.00069453,-0.00062056,-7.000000000000062e-05,-0.0007418397626112825
1698550200000,2023-10-29T03:30:00Z,0.09429,0.09434,0.09429,0.09434,45145,4258.80432,0.09429,0.09436,0.09429,0.09436,0.09436,0.09442,0.09436,0.09442,-0.00062056,-0.00031285,-0.00043209,-0.00043209,-8.000000000001062e-05,-0.0008472781190426882
1698550500000,2023-10-29T03:35:00Z,0.09434,0.09436,0.09434,0.09436,52049,4911.34364,0.09436,0.09436,0.09435,0.09436,0.09442,0.09442,0.09441,0.09441,-0.00043209,-0.00047039,-0.00057784,-0.00057784,-4.999999999999449e-05,-0.0005296049147335504
1698550800000,2023-10-29T03:40:00Z,0.09436,0.09436,0.09434,0.09434,11940,1126.62699,0.09436,0.09436,0.09434,0.09435,0.09441,0.09442,0.0944,0.09441,-0.00057784,-0.00039989,-0.00050556,-0.00039989,-7.000000000000062e-05,-0.0007414468806270588
1698551100000,2023-10-29T03:45:00Z,0.09434,0.09434,0.09426,0.09427,5670,534.88205,0.09435,0.09435,0.09426,0.09427,0.09441,0.09441,0.09431,0.09433,-0.00039989,-0.0003545,-0.00047307,-0.0003545,-5.9999999999990616e-05,-0.0006360648786175195
1698551400000,2023-10-29T03:50:00Z,0.09427,0.09427,0.09422,0.09422,18175,1712.77436,0.09427,0.09427,0.09422,0.09422,0.09433,0.09433,0.09427,0.09428,-0.0003545,-0.00050959,-0.00053393,-0.00050959,-6.0000000000004494e-05,-0.0006364022061943625
1698551700000,2023-10-29T03:55:00Z,0.09422,0.09423,0.09414,0.09422,28566,2690.41821,0.09422,0.09425,0.09417,0.09424,0.09428,0.09432,0.09425,0.09432,-0.00050959,-0.00043037,-0.00061155,-0.00061155,-0.00010000000000000286,-0.0010602205258694111
1698552000000,2023-10-29T04:00:00Z,0.09422,0.09428,0.09422,0.09427,30591,2883.45182,0.09424,0.09429,0.09424,0.09427,0.09432,0.09437,0.09432,0.09433,-0.00061155,-0.000616,-0.00071894,-0.00071894,-5.9999999999990616e-05,-0.0006360648786175195
1698552300000,2023-10-29T04:05:00Z,0.09427,0.09431,0.09427,0.09431,13484,1271.29773,0.09427,0.09431,0.09427,0.09431,0.09433,0.09439,0.09433,0.09438,-0.00071894,-0.00065179,-0.00066603,-0.00066603,-7.000000000000062e-05,-0.0007416825598643846
1698552600000,2023-10-29T04:10:00Z,0.09431,0.09433,0.09424,0.09429,35769,3372.80482,0.09431,0.09432,0.09424,0.0943,0.09438,0.09439,0.09429,0.09437,-0.00066603,-0.00022826,-0.00050068,-0.00022826,-7.999999999999674e-05,-0.0008477270318956951
1698552900000,2023-10-29T04:15:00Z,0.09429,0.09435,0.09429,0.09435,3319,313.10101,0.0943,0.09437,0.0943,0.09436,0.09437,0.09443,0.09436,0.09442,-0.00022826,-0.00028058,-0.00056667,-0.00028058,-7.000000000000062e-05,-0.0007413683541622602
1698553200000,2023-10-29T04:20:00Z,0.09435,0.09443,0.09435,0.09441,17578,1659.52217,0.09436,0.09443,0.09436,0.09441,0.09442,0.09448,0.09442,0.09447,-0.00028058,-0.00042716,-0.00043992,-0.00043992,-6.0000000000004494e-05,-0.0006351222610352969
1698553500000,2023-10-29T04:25:00Z,0.09441,0.09443,0.09441,0.09442,1636,154.46176,0.09441,0.09443,0.09441,0.09443,0.09447,0.09449,0.09446,0.09449,-0.00043992,-0.00019352,-0.0002492,-0.00019352,-7.000000000000062e-05,-0.0007408191342999324
1698553800000,2023-10-29T04:30:00Z,0.09442,0.09445,0.09442,0.09444,13191,1245.77123,0.09443,0.09444,0.09442,0.09444,0.09449,0.09449,0.09447,0.09449,-0.00019352,-0.00027897,-0.00029929,-0.00027897,-5.000000000000837e-05,-0.0005291565245000357
1698554100000,2023-10-29T04:35:00Z,0.09444,0.09444,0.09444,0.09444,0,0,0.09444,0.09447,0.09444,0.09447,0.09449,0.09451,0.09449,0.09451,-0.00027897,-0.00017123,-0.00050322,-0.00050322,-7.000000000000062e-05,-0.0007406623637710361
1698554400000,2023-10-29T04:40:00Z,0.09444,0.09446,0.09444,0.09446,29403,2777.11935,0.09447,0.09448,0.09445,0.09447,0.09451,0.09453,0.0945,0.09453,-0.00050322,-0.00018209,-0.00020302,-0.00020302,-7.000000000000062e-05,-0.0007405056595789761
1698554700000,2023-10-29T04:45:00Z,0.09446,0.0945,0.09446,0.09448,33543,3169.19421,0.09447,0.0945,0.09447,0.09448,0.09453,0.09455,0.09453,0.09455,-0.00020302,-0.00047244,-0.00049153,-0.00049153,-7.000000000000062e-05,-0.0007403490216816565
1698555000000,2023-10-29T04:50:00Z,0.09448,0.0945,0.09448,0.09448,58820,5557.86153,0.09448,0.0945,0.09448,0.09448,0.09455,0.09455,0.09451,0.09452,-0.00049153,-0.00052887,-0.00053231,-0.00053231,-4.000000000001225e-05,-0.0004231908590775735
1698555300000,2023-10-29T04:55:00Z,0.09448,0.0945,0.09447,0.0945,9105,860.3388,0.09448,0.0945,0.09447,0.0945,0.09452,0.09455,0.09452,0.09453,-0.00053231,-0.00031143,-0.00037412,-0.00037412,-3.0000000000002247e-05,-0.00031735956839101077
1698555600000,2023-10-29T05:00:00Z,0.0945,0.09453,0.09449,0.09453,38858,3672.58111,0.0945,0.09455,0.09449,0.09453,0.09453,0.09459,0.09452,0.09457,-0.00037412,-0.00039481,-0.00042305,-0.00039481,-3.999999999999837e-05,-0.0004229671143068454
1698555900000,2023-10-29T05:05:00Z,0.09453,0.09463,0.09453,0.09463,267048,25263.60992,0.09453,0.09463,0.09453,0.09463,0.09457,0.09468,0.09457,0.09468,-0.00039481,-0.0003472,-0.00040509,-0.0003472,-4.999999999999449e-05,-0.0005280946345584547
1698556200000,2023-10-29T05:10:00Z,0.09463,0.09468,0.0946,0.09462,236572,22394.50046,0.09463,0.09467,0.09461,0.09465,0.09468,0.09469,0.09465,0.09469,-0.0003472,-0.00014828,-0.00021126,-0.00014828,-7.000000000000062e-05,-0.0007392544091245181
1698556500000,2023-10-29T05:15:00Z,0.09462,0.09465,0.09462,0.09464,10775,1019.66401,0.09465,0.09465,0.09463,0.09464,0.09469,0.0947,0.09465,0.09466,-0.00014828,-0.00015148,-0.00025443,-0.00015148,-1.9999999999992246e-05,-0.00021128248468193795
1698556800000,2023-10-29T05:20:00Z,0.09464,0.09464,0.09454,0.09454,134086,12680.87108,0.09464,0.09464,0.09454,0.09455,0.09466,0.09468,0.09458,0.09459,-0.00015148,-0.00024101,-0.00036968,-0.00024101,-4.999999999999449e-05,-0.0005285971032878158
1698557100000,2023-10-29T05:25:00Z,0.09454,0.09456,0.09452,0.09455,23343,2206.89195,0.09455,0.09457,0.09454,0.09457,0.09459,0.09462,0.09459,0.09462,-0.00024101,-0.00020699,-0.00023969,-0.00023969,-7.000000000000062e-05,-0.0007398013105051851
1698557400000,2023-10-29T05:30:00Z,0.09455,0.0946,0.09455,0.0946,12942,1224.00386,0.09457,0.09461,0.09455,0.0946,0.09462,0.09466,0.0946,0.09465,-0.00023969,-0.00010322,-0.00030493,-0.00010322,-4.999999999999449e-05,-0.0005282620179608504
1698557700000,2023-10-29T05:35:00Z,0.0946,0.09462,0.09459,0.09459,21859,2068.29843,0.0946,0.09463,0.0946,0.09461,0.09465,0.09466,0.09464,0.09464,-0.00010322,-0.00020633,-0.00023869,-0.00023869,-5.000000000000837e-05,-0.0005283178360102321
1698558000000,2023-10-29T05:40:00Z,0.09459,0.0946,0.09457,0.09459,35121,3322.04352,0.09461,0.09461,0.09458,0.09459,0.09464,0.09465,0.09463,0.09464,-0.00023869,-0.00025013,-0.00025562,-0.00025013,-5.000000000000837e-05,-0.0005283178360102321
1698558300000,2023-10-29T05:45:00Z,0.09459,0.09459,0.09457,0.09457,7710,729.15638,0.09459,0.09459,0.09457,0.09457,0.09464,0.09464,0.09461,0.09462,-0.00025013,-0.00034432,-0.00036546,-0.00036546,-4.999999999999449e-05,-0.0005284295075036409
1698558600000,2023-10-29T05:50:00Z,0.09457,0.09457,0.09452,0.09453,75173,7106.29565,0.09457,0.09457,0.09454,0.09455,0.09462,0.09462,0.09458,0.0946,-0.00036546,-0.00025605,-0.00026842,-0.00025605,-7.000000000000062e-05,-0.0007399577167019093
1698558900000,2023-10-29T05:55:00Z,0.09453,0.09463,0.09453,0.0946,70222,6641.24562,0.09455,0.09463,0.09455,0.0946,0.0946,0.09466,0.09459,0.09464,-0.00025605,-0.00040908,-0.00042265,-0.00042265,-3.999999999999837e-05,-0.00042265426880809775
1698559200000,2023-10-29T06:00:00Z,0.0946,0.09471,0.09459,0.09463,573278,54274.55551,0.0946,0.09471,0.09459,0.09465,0.09464,0.09475,0.09462,0.0947,-0.00042265,-0.00036913,-0.00059609,-0.00036913,-7.000000000000062e-05,-0.0007391763463569231
1698559500000,2023-10-29T06:05:00Z,0.09463,0.09464,0.0946,0.0946,104891,9923.89585,0.09465,0.09465,0.09461,0.09462,0.0947,0.0947,0.09465,0.09467,-0.00036913,-0.00023756,-0.00042171,-0.00023756,-7.000000000000062e-05,-0.000739410584134368
1698559800000,2023-10-29T06:10:00Z,0.0946,0.09477,0.0946,0.09469,307292,29111.9515,0.09462,0.09475,0.09461,0.09469,0.09467,0.09475,0.09466,0.09473,-0.00023756,-0.00010556,-0.0002111,-0.00010556,-3.999999999999837e-05,-0.00042225271825185656
1698560100000,2023-10-29T06:15:00Z,0.09469,0.0947,0.09468,0.09469,4416,418.12014,0.09469,0.09471,0.09468,0.0947,0.09473,0.09475,0.09471,0.09473,-0.00010556,-0.00011952,-0.0002999,-0.0002999,-3.999999999999837e-05,-0.00042225271825185656
1698560400000,2023-10-29T06:20:00Z,0.09469,0.09472,0.09469,0.09469,101747,9635.60282,0.0947,0.09472,0.09469,0.09469,0.09473,0.09474,0.09469,0.09469,-0.0002999,-0.00020422,-0.00029093,-0.00020422,0.0,0.0
1698560700000,2023-10-29T06:25:00Z,0.09469,0.09469,0.09459,0.09469,63013,5963.69875,0.09469,0.0947,0.0946,0.09469,0.09469,0.09474,0.09463,0.09473,-0.00020422,-0.00022038,-0.00025915,-0.00025915,-3.999999999999837e-05,-0.00042225271825185656
1698561000000,2023-10-29T06:30:00Z,0.09469,0.09469,0.09468,0.09468,4533,429.18444,0.09469,0.09469,0.09468,0.09469,0.09473,0.09473,0.0947,0.09471,-0.00025915,-0.00008922,-0.00021117,-0.00021117,-3.0000000000002247e-05,-0.00031675641431741367
1698561300000,2023-10-29T06:35:00Z,0.09468,0.09469,0.09468,0.09469,5481,518.94121,0.09469,0.0947,0.09468,0.09469,0.09471,0.09473,0.0947,0.09471,-0.00021117,0,-0.00003135,0,-2.0000000000006124e-05,-0.0002111709428783246
1698561600000,2023-10-29T06:40:00Z,0.09469,0.09471,0.09468,0.09471,32435,3071.17186,0.09469,0.09471,0.09468,0.09471,0.09471,0.09473,0.09469,0.09471,0,0,0,0,0.0,0.0
1698561900000,2023-10-29T06:45:00Z,0.09471,0.09479,0.09469,0.09471,656734,62229.88733,0.09471,0.09473,0.0947,0.09472,0.09471,0.09474,0.0947,0.09472,0,0,0,0,-9.999999999996123e-06,-0.0001055743243242834
1698562200000,2023-10-29T06:50:00Z,0.09471,0.09472,0.09469,0.0947,34536,3270.91866,0.09472,0.09472,0.09469,0.09471,0.09472,0.09472,0.09469,0.09471,0,0,-0.00001298,0,-9.999999999996123e-06,-0.00010558547143908903
1698562500000,2023-10-29T06:55:00Z,0.0947,0.09471,0.09469,0.0947,28150,2665.9525,0.09471,0.09472,0.0947,0.0947,0.09471,0.09473,0.0947,0.09473,0,0,0,0,-2.999999999998837e-05,-0.00031668953868878254
1698562800000,2023-10-29T07:00:00Z,0.0947,0.09471,0.09469,0.0947,9475,897.2835,0.0947,0.09471,0.09469,0.0947,0.09473,0.09473,0.0947,0.0947,0,0,0,0,0.0,0.0
1698563100000,2023-10-29T07:05:00Z,0.0947,0.0947,0.09469,0.0947,4581,433.77552,0.0947,0.0947,0.09469,0.0947,0.0947,0.09471,0.09469,0.0947,0,0,0,0,0.0,0.0
1698563400000,2023-10-29T07:10:00Z,0.0947,0.0947,0.09457,0.0946,122822,11622.92302,0.0947,0.0947,0.09458,0.0946,0.0947,0.0947,0.09458,0.0946,0,0,0,0,0.0,0.0
1698563700000,2023-10-29T07:15:00Z,0.0946,0.09461,0.0946,0.09461,38741,3664.93584,0.0946,0.09462,0.0946,0.09462,0.0946,0.09462,0.0946,0.09462,0,0,-0.00004819,-0.00004819,-9.999999999996123e-06,-0.00010568590150069883
1698564000000,2023-10-29T07:20:00Z,0.09461,0.09461,0.09453,0.09456,192043,18158.18902,0.09462,0.09462,0.09453,0.09457,0.09462,0.09462,0.09453,0.09458,-0.00004819,0,0,0,-1.9999999999992246e-05,-0.0002114611968702923
1698564300000,2023-10-29T07:25:00Z,0.09456,0.09456,0.09453,0.09455,15580,1473.09483,0.09457,0.09457,0.09453,0.09455,0.09458,0.09458,0.09455,0.09458,0,0,-0.00003595,-0.00003595,-3.0000000000002247e-05,-0.0003171917953055852
1698564600000,2023-10-29T07:30:00Z,0.09455,0.09458,0.09452,0.09452,144553,13666.11277,0.09455,0.09458,0.09454,0.09455,0.09458,0.09459,0.09455,0.09457,-0.00003595,0,0,0,-4.999999999999449e-05,-0.0005287088928835201
1698564900000,2023-10-29T07:35:00Z,0.09452,0.09457,0.0945,0.09451,267348,25265.81328,0.09455,0.09457,0.0945,0.0945,0.09457,0.09457,0.0945,0.0945,0,0,0,0,9.999999999996123e-06,0.00010582010582006479
1698565200000,2023-10-29T07:40:00Z,0.09451,0.09453,0.0945,0.09453,67940,6420.63101,0.0945,0.09453,0.0945,0.09452,0.0945,0.09453,0.0945,0.09452,0,0,0,0,9.999999999996123e-06,0.00010579771476931996
1698565500000,2023-10-29T07:45:00Z,0.09453,0.09455,0.09451,0.09453,51664,4883.80522,0.09452,0.09455,0.09452,0.09454,0.09452,0.09455,0.09452,0.09454,0,0,0,0,-9.999999999996123e-06,-0.00010577533319225854
1698565800000,2023-10-29T07:50:00Z,0.09453,0.09454,0.0945,0.09453,309334,29239.81791,0.09454,0.09455,0.09452,0.09454,0.09454,0.09456,0.09452,0.09456,0,0,-0.00016765,0,-3.0000000000002247e-05,-0.0003172588832487547
1698566100000,2023-10-29T07:55:00Z,0.09453,0.09454,0.09443,0.09443,1275084,120492.97671,0.09454,0.09454,0.09443,0.09443,0.09456,0.09456,0.09444,0.09445,0,0,-0.00001047,0,-2.0000000000006124e-05,-0.00021175224986771967
1698566400000,2023-10-29T08:00:00Z,0.09443,0.09448,0.09443,0.09447,79249,7485.88133,0.09443,0.09448,0.09443,0.09447,0.09445,0.09448,0.09444,0.09446,0,0,0,0,9.999999999996123e-06,0.00010586491636667502
1698566700000,2023-10-29T08:05:00Z,0.09447,0.09459,0.09447,0.09457,534640,50549.39318,0.09447,0.09455,0.09447,0.09454,0.09446,0.09454,0.09446,0.09453,0,0.00017338,0.00005544,0.00017338,3.999999999999837e-05,0.0004231460911879654
1698567000000,2023-10-29T08:10:00Z,0.09457,0.09462,0.09456,0.09458,134046,12679.72871,0.09454,0.09462,0.09454,0.0946,0.09453,0.09461,0.09453,0.09459,0.00017338,0.00003351,0,0,-9.999999999996123e-06,-0.00010571942065753381
1698567300000,2023-10-29T08:15:00Z,0.09458,0.09459,0.09454,0.09454,68428,6470.4193,0.0946,0.0946,0.09454,0.09454,0.09459,0.09459,0.09453,0.09454,0,0,0,0,0.0,0.0
1698567600000,2023-10-29T08:20:00Z,0.09454,0.09456,0.09449,0.09449,104246,9856.12591,0.09454,0.09456,0.09449,0.09449,0.09454,0.09456,0.0945,0.0945,0,0,0,0,-9.999999999996123e-06,-0.00010582010582006479
1698567900000,2023-10-29T08:25:00Z,0.09449,0.09453,0.09446,0.09448,135630,12817.10498,0.09449,0.09451,0.09446,0.09449,0.0945,0.09451,0.09448,0.0945,0,0,0,0,-2.0000000000006124e-05,-0.00021164021164027643
1698568200000,2023-10-29T08:30:00Z,0.09448,0.09456,0.09448,0.09453,43949,4154.3078,0.09449,0.09457,0.09448,0.09455,0.0945,0.09458,0.09449,0.09456,0,0,0,0,-3.0000000000002247e-05,-0.0003172588832487547
1698568500000,2023-10-29T08:35:00Z,0.09453,0.09461,0.09453,0.09461,12239,1157.69495,0.09455,0.09461,0.09454,0.09461,0.09456,0.09461,0.09455,0.09461,0,0,0,0,0.0,0.0
1698568800000,2023-10-29T08:40:00Z,0.09461,0.09462,0.09458,0.09459,19933,1885.80705,0.09461,0.09462,0.09458,0.09461,0.09461,0.09463,0.09459,0.09462,0,0,0,0,-3.0000000000002247e-05,-0.00031705770450224315
1698569100000,2023-10-29T08:45:00Z,0.09459,0.09466,0.09459,0.09462,57887,5477.55038,0.09461,0.09465,0.0946,0.09464,0.09462,0.09466,0.09461,0.09465,0,0,0,0,-3.0000000000002247e-05,-0.0003169572107765689
1698569400000,2023-10-29T08:50:00Z,0.09462,0.0947,0.09462,0.0947,61456,5817.09782,0.09464,0.0947,0.09462,0.0947,0.09465,0.09471,0.09463,0.0947,0,0,-0.00001711,0,0.0,0.0
1698569700000,2023-10-29T08:55:00Z,0.0947,0.09473,0.09469,0.09472,45522,4311.18053,0.0947,0.09473,0.09469,0.09473,0.0947,0.09473,0.0947,0.09473,0,0,0,0,-9.999999999996123e-06,-0.00010556317956292752
1698570000000,2023-10-29T09:00:00Z,0.09472,0.09473,0.09466,0.09466,56770,5376.40572,0.09473,0.09474,0.09466,0.09466,0.09473,0.09474,0.09465,0.09465,0,0,-0.00005767,-0.00005767,9.999999999996123e-06,0.00010565240359214077
1698570300000,2023-10-29T09:05:00Z,0.09466,0.09471,0.09462,0.0947,58870,5573.58748,0.09466,0.09471,0.09462,0.0947,0.09465,0.09471,0.09465,0.09471,-0.00005767,0,0,0,-9.999999999996123e-06,-0.00010558547143908903
1698570600000,2023-10-29T09:10:00Z,0.0947,0.09472,0.09454,0.09454,233694,22103.62179,0.0947,0.09472,0.09456,0.09456,0.09471,0.09472,0.09457,0.09457,0,0.00006375,0,0.00006375,-3.0000000000002247e-05,-0.00031722533573017074
1698570900000,2023-10-29T09:15:00Z,0.09454,0.09456,0.09454,0.09455,11531,1090.26367,0.09456,0.09457,0.09455,0.09456,0.09457,0.09458,0.09456,0.09457,0.00006375,0,-0.00002706,-0.00002706,-2.0000000000006124e-05,-0.00021148355715349608
1698571200000,2023-10-29T09:20:00Z,0.09455,0.09461,0.09455,0.09458,32134,3038.89307,0.09456,0.09461,0.09456,0.09458,0.09457,0.09462,0.09457,0.09459,-0.00002706,-0.00000221,-0.00014196,-0.00000221,-9.999999999996123e-06,-0.00010571942065753381
1698571500000,2023-10-29T09:25:00Z,0.09458,0.09461,0.09458,0.0946,2496,236.08688,0.09458,0.09461,0.09458,0.09461,0.09459,0.09462,0.09459,0.09462,-0.00000221,0,0,0,-1.9999999999992246e-05,-0.00021137180300139765
1698571800000,2023-10-29T09:30:00Z,0.0946,0.09462,0.0946,0.09461,13011,1230.97072,0.09461,0.09463,0.0946,0.09462,0.09462,0.09464,0.09461,0.09463,0,0,0,0,-2.0000000000006124e-05,-0.00021134946634266218
1698572100000,2023-10-29T09:35:00Z,0.09461,0.09461,0.09461,0.09461,97,9.17717,0.09462,0.09463,0.09461,0.09461,0.09463,0.09464,0.09462,0.09463,0,0,-0.00008146,-0.00008146,-2.0000000000006124e-05,-0.00021134946634266218
1698572400000,2023-10-29T09:40:00Z,0.09461,0.09461,0.09453,0.09454,122189,11555.21007,0.09461,0.09462,0.09454,0.09454,0.09463,0.09464,0.09457,0.09458,-0.00008146,-0.00020894,-0.0003304,-0.00020894,-3.999999999999837e-05,-0.00042292239374073137
1698572700000,2023-10-29T09:45:00Z,0.09454,0.09454,0.09453,0.09453,1945,183.8793,0.09454,0.09454,0.09453,0.09454,0.09458,0.09458,0.09457,0.09458,-0.00020894,-0.00030905,-0.00031412,-0.00030905,-4.999999999999449e-05,-0.0005286529921758775
1698573000000,2023-10-29T09:50:00Z,0.09453,0.09454,0.09452,0.09452,30671,2899.4875,0.09454,0.09454,0.09452,0.09452,0.09458,0.09458,0.09455,0.09455,-0.00030905,-0.00019553,-0.00038443,-0.00019553,-2.999999999998837e-05,-0.00031729243786344125
1698573300000,2023-10-29T09:55:00Z,0.09452,0.09452,0.0945,0.09452,46270,4372.78649,0.09452,0.09452,0.09451,0.09452,0.09455,0.09456,0.09455,0.09455,-0.00019553,-0.00042301,-0.00042301,-0.00042301,-2.999999999998837e-05,-0.00031729243786344125
1698573600000,2023-10-29T10:00:00Z,0.09452,0.09452,0.0944,0.0944,88485,8356.07413,0.09452,0.09452,0.0944,0.09441,0.09455,0.09456,0.09444,0.09445,-0.00042301,-0.00025899,-0.00035389,-0.00035389,-5.000000000000837e-05,-0.0005293806246692257
1698573900000,2023-10-29T10:05:00Z,0.0944,0.09442,0.09439,0.0944,49448,4668.56052,0.09441,0.09442,0.0944,0.0944,0.09445,0.09446,0.09444,0.09444,-0.00035389,-0.00034847,-0.00036404,-0.00036404,-3.999999999999837e-05,-0.0004235493434985003
1698574200000,2023-10-29T10:10:00Z,0.0944,0.09448,0.0944,0.09446,91583,8647.91638,0.0944,0.09448,0.0944,0.09446,0.09444,0.09449,0.09444,0.09449,-0.00036404,0,-0.00010827,0,-3.0000000000002247e-05,-0.00031749391469999204
1698574500000,2023-10-29T10:15:00Z,0.09446,0.09446,0.09441,0.09441,90822,8575.48178,0.09446,0.09446,0.09442,0.09443,0.09449,0.09449,0.09446,0.09447,0,-0.00026611,-0.00028408,-0.00026611,-6.0000000000004494e-05,-0.0006351222610352969
1698574800000,2023-10-29T10:20:00Z,0.09441,0.09445,0.09441,0.09445,17713,1672.71974,0.09443,0.09445,0.09441,0.09445,0.09447,0.09447,0.09446,0.09447,-0.00026611,-0.00008193,-0.00018767,-0.00008193,-1.9999999999992246e-05,-0.00021170742034500102
1698575100000,2023-10-29T10:25:00Z,0.09445,0.09445,0.09441,0.09441,6267,591.70801,0.09445,0.09445,0.09441,0.09442,0.09447,0.09447,0.09446,0.09447,-0.00008193,-0.00033153,-0.00037302,-0.00037302,-6.0000000000004494e-05,-0.0006351222610352969
1698575400000,2023-10-29T10:30:00Z,0.09441,0.09444,0.09441,0.09444,36068,3405.60829,0.09442,0.09445,0.09441,0.09445,0.09447,0.0945,0.09446,0.0945,-0.00037302,-0.00008868,-0.00024603,-0.00024603,-6.0000000000004494e-05,-0.0006349206349206825
1698575700000,2023-10-29T10:35:00Z,0.09444,0.0945,0.09444,0.09449,28822,2723.38052,0.09445,0.0945,0.09444,0.0945,0.0945,0.09454,0.09449,0.09454,-0.00024603,-0.0001668,-0.00024328,-0.00024328,-4.999999999999449e-05,-0.0005288766659614395
1698576000000,2023-10-29T10:40:00Z,0.09449,0.09457,0.09449,0.09457,8095,765.01202,0.0945,0.09457,0.0945,0.09457,0.09454,0.09461,0.09453,0.0946,-0.00024328,-0.00001913,-0.0001388,-0.00001913,-3.0000000000002247e-05,-0.0003171247357294106
1698576300000,2023-10-29T10:45:00Z,0.09457,0.0946,0.09456,0.0946,9922,938.43351,0.09457,0.09461,0.09456,0.09461,0.0946,0.09465,0.09459,0.09465,-0.00001913,-0.00001352,-0.00013378,-0.00001352,-4.999999999999449e-05,-0.0005282620179608504
1698576600000,2023-10-29T10:50:00Z,0.0946,0.09464,0.0946,0.09463,22359,2115.91486,0.09461,0.09464,0.0946,0.09464,0.09465,0.09467,0.09463,0.09467,-0.00001352,-0.00006625,-0.00035044,-0.00006625,-3.999999999999837e-05,-0.00042252033379104647
1698576900000,2023-10-29T10:55:00Z,0.09463,0.09465,0.09463,0.09464,7576,716.99268,0.09464,0.09467,0.09463,0.09466,0.09467,0.09471,0.09466,0.0947,-0.00006625,-0.00016536,-0.00027648,-0.00016536,-6.0000000000004494e-05,-0.0006335797254488331
1698577200000,2023-10-29T11:00:00Z,0.09464,0.09467,0.09461,0.09465,52068,4928.05562,0.09466,0.09467,0.09461,0.09465,0.0947,0.09472,0.09465,0.09466,-0.00016536,-0.00031422,-0.00032949,-0.00032949,-9.999999999996123e-06,-0.00010564124234096898
1698577500000,2023-10-29T11:05:00Z,0.09465,0.09468,0.09463,0.09468,17383,1645.56136,0.09465,0.09469,0.09463,0.09469,0.09466,0.09474,0.09465,0.09474,-0.00032949,-0.00008342,-0.00045338,-0.00008342,-6.0000000000004494e-05,-0.0006333122229259499
1698577800000,2023-10-29T11:10:00Z,0.09468,0.0947,0.09465,0.09466,170939,16182.4221,0.09469,0.0947,0.09466,0.09467,0.09474,0.09474,0.09471,0.09472,-0.00008342,-0.00017789,-0.0002179,-0.00017789,-6.0000000000004494e-05,-0.0006334459459459934
1698578100000,2023-10-29T11:15:00Z,0.09466,0.09474,0.09466,0.09474,13513,1279.73164,0.09467,0.09474,0.09467,0.09474,0.09472,0.09479,0.09471,0.09479,-0.00017789,-0.00016448,-0.00028334,-0.00016448,-4.999999999999449e-05,-0.0005274818018777772
1698578400000,2023-10-29T11:20:00Z,0.09474,0.09482,0.09471,0.09476,552406,52348.70822,0.09474,0.09478,0.09473,0.09476,0.09479,0.09479,0.09477,0.09479,-0.00016448,-0.00015637,-0.00015963,-0.00015637,-3.0000000000002247e-05,-0.00031648908112672484
1698578700000,2023-10-29T11:25:00Z,0.09476,0.09492,0.09476,0.09484,751128,71235.81091,0.09476,0.09487,0.09476,0.09485,0.09479,0.09488,0.09478,0.09487,-0.00015637,0,-0.00010972,-0.00010972,-3.0000000000002247e-05,-0.00031622219879837935
1698579000000,2023-10-29T11:30:00Z,0.09484,0.09484,0.09478,0.0948,124789,11828.67126,0.09485,0.09485,0.09478,0.0948,0.09487,0.09487,0.0948,0.09483,-0.00010972,-0.00006074,-0.00010862,-0.00006074,-3.0000000000002247e-05,-0.00031635558367607556
1698579300000,2023-10-29T11:35:00Z,0.0948,0.0948,0.09472,0.09476,89743,8504.86466,0.0948,0.0948,0.09474,0.09476,0.09483,0.09483,0.09477,0.09478,-0.00006074,0,-0.00024087,0,-2.0000000000006124e-05,-0.00021101498206379114
1698579600000,2023-10-29T11:40:00Z,0.09476,0.0948,0.09476,0.09479,103756,9832.49323,0.09476,0.09481,0.09476,0.09481,0.09478,0.09484,0.09478,0.09484,0,-0.00005209,-0.00009353,-0.00005209,-4.999999999999449e-05,-0.000527203711514071
1698579900000,2023-10-29T11:45:00Z,0.09479,0.0948,0.0947,0.0947,28142,2666.33644,0.09481,0.09481,0.0947,0.0947,0.09484,0.09484,0.09474,0.09474,-0.00005209,-0.00020272,-0.00027234,-0.00020272,-3.999999999999837e-05,-0.0004222081486172511
1698580200000,2023-10-29T11:50:00Z,0.0947,0.09477,0.0947,0.09477,62204,5891.84786,0.0947,0.09478,0.0947,0.09477,0.09474,0.09481,0.09473,0.0948,-0.00020272,-0.00025445,-0.00037712,-0.00025445,-3.0000000000002247e-05,-0.00031645569620255534
1698580500000,2023-10-29T11:55:00Z,0.09477,0.09479,0.09477,0.09479,7481,709.07818,0.09477,0.09481,0.09477,0.09481,0.0948,0.09484,0.09479,0.09484,-0.00025445,-0.00016635,-0.00026397,-0.00026397,-4.999999999999449e-05,-0.000527203711514071
1698580800000,2023-10-29T12:00:00Z,0.09479,0.09482,0.09479,0.0948,8394,795.79068,0.09481,0.09485,0.0948,0.09481,0.09484,0.09488,0.09483,0.09486,-0.00026397,-0.00037069,-0.00047923,-0.00047923,-6.0000000000004494e-05,-0.0006325110689437539
1698581100000,2023-10-29T12:05:00Z,0.0948,0.09481,0.0948,0.0948,24334,2306.88257,0.09481,0.09481,0.0948,0.09481,0.09486,0.09487,0.09484,0.09485,-0.00047923,-0.00051296,-0.00052414,-0.00052414,-5.000000000000837e-05,-0.0005271481286242317
1698581400000,2023-10-29T12:10:00Z,0.0948,0.0948,0.09477,0.09478,50799,4814.95466,0.09481,0.09481,0.09478,0.09478,0.09485,0.09486,0.09482,0.09484,-0.00052414,-0.00041368,-0.00063257,-0.00063257,-5.9999999999990616e-05,-0.000632644453816856
1698581700000,2023-10-29T12:15:00Z,0.09478,0.09479,0.09475,0.09478,75328,7138.25091,0.09478,0.09479,0.09475,0.09478,0.09484,0.09484,0.0948,0.09483,-0.00063257,-0.0003385,-0.00036587,-0.0003385,-4.999999999999449e-05,-0.000527259306126695
1698582000000,2023-10-29T12:20:00Z,0.09478,0.0948,0.09477,0.0948,38013,3602.65719,0.09478,0.0948,0.09477,0.0948,0.09483,0.09485,0.09483,0.09484,-0.0003385,-0.00048033,-0.00050727,-0.00050727,-3.999999999999837e-05,-0.0004217629692112861
1698582300000,2023-10-29T12:25:00Z,0.0948,0.0948,0.09473,0.09473,17076,1618.26257,0.0948,0.0948,0.09473,0.09474,0.09484,0.09485,0.09479,0.0948,-0.00050727,-0.000242,-0.00036202,-0.00036202,-7.000000000000062e-05,-0.0007383966244725804
1698582600000,2023-10-29T12:30:00Z,0.09473,0.09481,0.09473,0.0948,1832,173.59256,0.09474,0.09481,0.09473,0.0948,0.0948,0.09484,0.09479,0.09484,-0.00036202,-0.0002109,-0.00028242,-0.0002109,-3.999999999999837e-05,-0.0004217629692112861
1698582900000,2023-10-29T12:35:00Z,0.0948,0.09481,0.09479,0.09479,5965,565.46287,0.0948,0.09481,0.09479,0.09479,0.09484,0.09485,0.09481,0.09481,-0.0002109,-0.00039097,-0.00042176,-0.00042176,-2.0000000000006124e-05,-0.00021094821221396607
1698583200000,2023-10-29T12:40:00Z,0.09479,0.09481,0.09477,0.0948,115445,10944.81063,0.09479,0.09481,0.09478,0.0948,0.09481,0.09485,0.09481,0.09484,-0.00042176,-0.00028637,-0.00033319,-0.00028637,-3.999999999999837e-05,-0.0004217629692112861
1698583500000,2023-10-29T12:45:00Z,0.0948,0.0949,0.0948,0.0949,138584,13142.04457,0.0948,0.0949,0.0948,0.0949,0.09484,0.09494,0.09484,0.09494,-0.00028637,-0.00025555,-0.00025608,-0.00025608,-3.999999999999837e-05,-0.00042131872761742547
1698583800000,2023-10-29T12:50:00Z,0.0949,0.09496,0.09475,0.0948,810724,76877.50685,0.0949,0.09496,0.0948,0.09481,0.09494,0.09498,0.09484,0.09485,-0.00025608,-0.00021616,-0.00031723,-0.00031723,-5.000000000000837e-05,-0.0005271481286242317
1698584100000,2023-10-29T12:55:00Z,0.0948,0.09485,0.0948,0.09484,7371,698.95435,0.09481,0.09485,0.09481,0.09484,0.09485,0.09489,0.09485,0.09487,-0.00031723,-0.00012563,-0.00013091,-0.00013091,-3.0000000000002247e-05,-0.00031622219879837935
1698584400000,2023-10-29T13:00:00Z,0.09484,0.09486,0.0948,0.09485,115178,10923.37663,0.09484,0.09486,0.09481,0.09485,0.09487,0.09488,0.09484,0.09486,-0.00013091,-0.00004385,-0.00019683,-0.00019683,-9.999999999996123e-06,-0.00010541851149057689
1698584700000,2023-10-29T13:05:00Z,0.09485,0.09495,0.09485,0.0949,48802,4632.15288,0.09485,0.09495,0.09485,0.09494,0.09486,0.09497,0.09486,0.09494,-0.00019683,0,0,0,-3.999999999999837e-05,-0.00042131872761742547
1698585000000,2023-10-29T13:10:00Z,0.0949,0.09493,0.09485,0.09493,113849,10800.9879,0.09494,0.09494,0.09485,0.09493,0.09494,0.09495,0.09485,0.09493,0,-0.00010852,-0.00011337,-0.00010852,0.0,0.0
1698585300000,2023-10-29T13:15:00Z,0.09493,0.09493,0.09488,0.09488,80269,7617.07171,0.09493,0.09493,0.09488,0.09489,0.09493,0.09496,0.09489,0.09491,-0.00010852,0,-0.00011252,-0.00011252,-2.999999999998837e-05,-0.00031608892635115763
1698585600000,2023-10-29T13:20:00Z,0.09488,0.09493,0.09488,0.09492,21931,2081.39161,0.09489,0.09493,0.09489,0.09492,0.09491,0.09495,0.09491,0.09492,-0.00011252,-0.0000434,-0.00006972,-0.00006972,0.0,0.0
1698585900000,2023-10-29T13:25:00Z,0.09492,0.09494,0.0949,0.0949,51169,4856.62002,0.09492,0.09494,0.0949,0.0949,0.09492,0.09495,0.0949,0.09491,-0.00006972,-0.00007352,-0.000103,-0.000103,-9.999999999996123e-06,-0.00010536297545038588
1698586200000,2023-10-29T13:30:00Z,0.0949,0.0949,0.09481,0.09486,143054,13566.63184,0.0949,0.0949,0.09484,0.09487,0.09491,0.09492,0.09486,0.0949,-0.000103,0,-0.0000628,0,-3.999999999999837e-05,-0.00042149631190725365
1698586500000,2023-10-29T13:35:00Z,0.09486,0.09487,0.0948,0.09483,32618,3093.40308,0.09487,0.09487,0.0948,0.09483,0.0949,0.0949,0.09484,0.09485,0,0,-0.00043569,0,-2.0000000000006124e-05,-0.00021085925144972192
1698586800000,2023-10-29T13:40:00Z,0.09483,0.09484,0.09473,0.09476,123815,11732.11079,0.09483,0.09484,0.09473,0.09477,0.09485,0.09487,0.09476,0.09481,0,-0.00016218,-0.00029935,-0.00029935,-5.000000000000837e-05,-0.000527370530534842
1698587100000,2023-10-29T13:45:00Z,0.09476,0.09486,0.09474,0.09486,11096,1051.89322,0.09477,0.09486,0.09475,0.09486,0.09481,0.09487,0.09479,0.09487,-0.00029935,-0.0001835,-0.00026689,-0.00026689,-9.999999999996123e-06,-0.00010540739959941102
1698587400000,2023-10-29T13:50:00Z,0.09486,0.09486,0.09479,0.09482,29311,2779.68844,0.09486,0.09486,0.0948,0.09482,0.09487,0.09489,0.09483,0.09486,-0.00026689,-0.00025579,-0.00029618,-0.00025579,-3.999999999999837e-05,-0.0004216740459624538
1698587700000,2023-10-29T13:55:00Z,0.09482,0.09486,0.09482,0.09484,25589,2426.72146,0.09482,0.09487,0.09482,0.09485,0.09486,0.0949,0.09484,0.09488,-0.00025579,-0.00039445,-0.00039856,-0.00039856,-4.000000000001225e-05,-0.00042158516020248993
1698588000000,2023-10-29T14:00:00Z,0.09484,0.0949,0.09484,0.09488,63652,6039.72742,0.09485,0.09491,0.09485,0.09488,0.09488,0.09495,0.09488,0.09491,-0.00039856,-0.00018659,-0.00018994,-0.00018659,-2.999999999998837e-05,-0.00031608892635115763
1698588300000,2023-10-29T14:05:00Z,0.09488,0.09488,0.09483,0.09486,25100,2380.8163,0.09488,0.09488,0.09483,0.09486,0.09491,0.09491,0.09487,0.0949,-0.00018659,-0.00011243,-0.00018819,-0.00011243,-3.999999999999837e-05,-0.00042149631190725365
1698588600000,2023-10-29T14:10:00Z,0.09486,0.0949,0.09483,0.09485,16246,1541.20201,0.09486,0.0949,0.09485,0.09485,0.0949,0.09493,0.09488,0.09489,-0.00011243,-0.0003583,-0.00041662,-0.0003583,-3.999999999999837e-05,-0.00042154073137315174
1698588900000,2023-10-29T14:15:00Z,0.09485,0.09494,0.09485,0.09492,51702,4907.74545,0.09485,0.09494,0.09485,0.09492,0.09489,0.09496,0.09489,0.09495,-0.0003583,-0.00014218,-0.00018599,-0.00014218,-3.0000000000002247e-05,-0.0003159557661927567
1698589200000,2023-10-29T14:20:00Z,0.09492,0.09495,0.09486,0.09487,169894,16128.64389,0.09492,0.09494,0.09488,0.09489,0.09495,0.09495,0.0949,0.09491,-0.00014218,0,-0.000091,-0.000091,-3.999999999999837e-05,-0.00042145190180168973
1698589500000,2023-10-29T14:25:00Z,0.09487,0.09489,0.09483,0.09486,19479,1847.49698,0.09489,0.09489,0.09485,0.09486,0.09491,0.09491,0.09488,0.09489,-0.000091,-0.00001517,-0.00011982,-0.00001517,-3.0000000000002247e-05,-0.00031615554852990036
1698589800000,2023-10-29T14:30:00Z,0.09486,0.09493,0.09486,0.09493,10039,952.47566,0.09486,0.09493,0.09486,0.09493,0.09489,0.09495,0.09488,0.09494,-0.00001517,0,-0.000114,0,-9.999999999996123e-06,-0.00010532968190431982
1698590100000,2023-10-29T14:35:00Z,0.09493,0.09496,0.09487,0.09496,68951,6546.53759,0.09493,0.09496,0.09489,0.09496,0.09494,0.09497,0.09491,0.09497,0,0,0,0,-9.999999999996123e-06,-0.00010529640939239889
1698590400000,2023-10-29T14:40:00Z,0.09496,0.09496,0.09492,0.09494,39773,3776.64522,0.09496,0.09498,0.09492,0.09494,0.09497,0.09499,0.09493,0.09496,0,0,0,0,-2.0000000000006124e-05,-0.00021061499578776456
1698590700000,2023-10-29T14:45:00Z,0.09494,0.09504,0.09493,0.09501,339729,32272.10433,0.09494,0.095,0.09493,0.095,0.09496,0.09501,0.09494,0.09499,0,0,0,0,1.9999999999992246e-05,0.00021054847878715913
1698591000000,2023-10-29T14:50:00Z,0.09501,0.09506,0.09501,0.09504,567194,53910.15258,0.095,0.09503,0.09499,0.09502,0.09499,0.09501,0.09499,0.09499,0,0.00014882,0.00013115,0.00013115,4.999999999999449e-05,0.000526371196968044
1698591300000,2023-10-29T14:55:00Z,0.09504,0.09505,0.09501,0.09502,37854,3596.88533,0.09502,0.09504,0.09501,0.09502,0.09499,0.09501,0.09498,0.095,0.00013115,0.00013777,0.00010526,0.00013777,1.9999999999992246e-05,0.00021052631578939206
1698591600000,2023-10-29T15:00:00Z,0.09502,0.09508,0.09496,0.09498,305242,29011.05726,0.09502,0.09506,0.09496,0.09498,0.095,0.09503,0.09495,0.09496,0.00013777,0.00018124,0.00010526,0.00010526,1.9999999999992246e-05,0.00021061499578761843
1698591900000,2023-10-29T15:05:00Z,0.09498,0.095,0.09476,0.09486,688965,65321.30326,0.09498,0.095,0.09486,0.09487,0.09496,0.09499,0.09486,0.09487,0.00010526,0,-0.00003741,-0.00003741,-9.999999999996123e-06,-0.00010540739959941102
1698592200000,2023-10-29T15:10:00Z,0.09486,0.09492,0.09486,0.09492,19714,1870.97365,0.09487,0.09492,0.09486,0.09492,0.09487,0.09492,0.09486,0.09492,-0.00003741,0,0,0,0.0,0.0
1698592500000,2023-10-29T15:15:00Z,0.09492,0.09496,0.09492,0.09494,11029,1047.14453,0.09492,0.09496,0.09491,0.09494,0.09492,0.09496,0.0949,0.09492,0,0.00002296,0,0.00002296,1.9999999999992246e-05,0.0002107037505266777
1698592800000,2023-10-29T15:20:00Z,0.09494,0.09495,0.0949,0.09495,36068,3424.06094,0.09494,0.09496,0.0949,0.09496,0.09492,0.09496,0.09489,0.09496,0.00002296,0,0,0,-9.999999999996123e-06,-0.00010530749789380922
1698593100000,2023-10-29T15:25:00Z,0.09495,0.09499,0.09495,0.09497,16216,1539.90831,0.09496,0.09499,0.09495,0.09496,0.09496,0.09498,0.09495,0.09496,0,0,0,0,9.999999999996123e-06,0.00010530749789380922
1698593400000,2023-10-29T15:30:00Z,0.09497,0.09497,0.09483,0.09487,81807,7764.22036,0.09496,0.09496,0.09484,0.09489,0.09496,0.09497,0.09485,0.09489,0,0,0,0,-2.0000000000006124e-05,-0.000210770365686649
1698593700000,2023-10-29T15:35:00Z,0.09487,0.09489,0.09481,0.09481,11234,1065.46587,0.09489,0.0949,0.09481,0.09482,0.09489,0.0949,0.09481,0.09482,0,0,0,0,-9.999999999996123e-06,-0.00010546298249310402
1698594000000,2023-10-29T15:40:00Z,0.09481,0.09489,0.09481,0.09487,52125,4943.29056,0.09482,0.09489,0.09482,0.09486,0.09482,0.09489,0.09481,0.09486,0,0,0,0,9.999999999996123e-06,0.00010541851149057689
1698594300000,2023-10-29T15:45:00Z,0.09487,0.09489,0.09484,0.09488,60495,5738.55452,0.09486,0.09489,0.09485,0.09487,0.09486,0.09489,0.09485,0.09488,0,0,0,0,0.0,0.0
1698594600000,2023-10-29T15:50:00Z,0.09488,0.09488,0.09475,0.09479,98465,9333.4479,0.09487,0.09488,0.09479,0.09481,0.09488,0.09488,0.0948,0.09482,0,0,-0.00011979,0,-3.0000000000002247e-05,-0.0003163889474794584
1698594900000,2023-10-29T15:55:00Z,0.09479,0.09489,0.09479,0.09485,13540,1284.3163,0.09481,0.09489,0.0948,0.09485,0.09482,0.0949,0.09482,0.09485,0,-0.00015956,-0.00021077,-0.00015956,0.0,0.0
1698595200000,2023-10-29T16:00:00Z,0.09485,0.09486,0.09478,0.09486,84229,7985.21237,0.09485,0.09488,0.09479,0.09488,0.09485,0.0949,0.0948,0.0949,-0.00015956,-0.00002942,-0.00009998,-0.00002942,-3.999999999999837e-05,-0.00042149631190725365
1698595500000,2023-10-29T16:05:00Z,0.09486,0.09497,0.09486,0.09492,48899,4640.52305,0.09488,0.09498,0.09488,0.09493,0.0949,0.09501,0.0949,0.09496,-0.00002942,-0.00000757,-0.00028706,-0.00028706,-3.999999999999837e-05,-0.000421229991575383
1698595800000,2023-10-29T16:10:00Z,0.09492,0.09501,0.09492,0.09501,423210,40194.14328,0.09493,0.09498,0.09492,0.09496,0.09496,0.09498,0.09494,0.09495,-0.00028706,0,0,0,5.9999999999990616e-05,0.0006319115323853672
1698596100000,2023-10-29T16:15:00Z,0.09501,0.09501,0.09493,0.09493,11279,1070.82733,0.09496,0.09496,0.09493,0.09493,0.09495,0.09496,0.09493,0.09494,0,0,0,0,-9.999999999996123e-06,-0.00010532968190431982
1698596400000,2023-10-29T16:20:00Z,0.09493,0.09494,0.0949,0.09491,16406,1557.51257,0.09493,0.09494,0.0949,0.09491,0.09494,0.09496,0.09491,0.09492,0,0,0,0,-1.0000000000010001e-05,-0.00010535187526348505
1698596700000,2023-10-29T16:25:00Z,0.09491,0.09493,0.09481,0.09481,6985,662.49013,0.09491,0.09493,0.09483,0.09484,0.09492,0.09492,0.09483,0.09484,0,-0.00001781,-0.00014525,-0.00014525,-2.999999999998837e-05,-0.0003163222269083548
1698597000000,2023-10-29T16:30:00Z,0.09481,0.09494,0.09481,0.09489,63843,6055.78704,0.09484,0.09494,0.09483,0.09491,0.09484,0.09495,0.09484,0.09492,-0.00014525,0,-0.00001348,0,-3.0000000000002247e-05,-0.0003160556257901627
1698597300000,2023-10-29T16:35:00Z,0.09489,0.09491,0.09484,0.09484,12386,1175.07108,0.09491,0.09492,0.09484,0.09484,0.09492,0.09493,0.09485,0.09485,0,0,-0.00024654,0,-1.0000000000010001e-05,-0.00010542962572493412
1698597600000,2023-10-29T16:40:00Z,0.09484,0.09484,0.09481,0.09482,8297,786.82035,0.09484,0.09484,0.09481,0.09482,0.09485,0.09487,0.09483,0.09483,0,0,-0.00004934,0,-9.999999999996123e-06,-0.00010545186122530975
1698597900000,2023-10-29T16:45:00Z,0.09482,0.09485,0.09482,0.09485,17439,1653.82527,0.09482,0.09485,0.09482,0.09485,0.09483,0.09487,0.09483,0.09486,0,0,-0.00003278,-0.00003278,-9.999999999996123e-06,-0.00010541851149057689
1698598200000,2023-10-29T16:50:00Z,0.09485,0.09491,0.09481,0.09491,2258,214.21759,0.09485,0.09491,0.09481,0.09489,0.09486,0.09493,0.09481,0.09492,-0.00003278,0,0,0,-1.0000000000010001e-05,-0.00010535187526348505
1698598500000,2023-10-29T16:55:00Z,0.09491,0.09493,0.09488,0.09489,3950,374.85439,0.09489,0.09494,0.09488,0.0949,0.09492,0.09495,0.09489,0.09492,0,0,0,0,-3.0000000000002247e-05,-0.0003160556257901627
1698598800000,2023-10-29T17:00:00Z,0.09489,0.09489,0.09484,0.09484,10812,1025.6486,0.0949,0.0949,0.09484,0.09484,0.09492,0.09492,0.09485,0.09485,0,-0.00005163,-0.00015414,-0.00005163,-1.0000000000010001e-05,-0.00010542962572493412
1698599100000,2023-10-29T17:05:00Z,0.09484,0.09488,0.09483,0.09484,20915,1983.85723,0.09484,0.09488,0.09483,0.09485,0.09485,0.09489,0.09484,0.09487,-0.00005163,-0.00000832,-0.00016264,-0.00016264,-3.0000000000002247e-05,-0.00031622219879837935
1698599400000,2023-10-29T17:10:00Z,0.09484,0.09484,0.09483,0.09483,126,11.94921,0.09485,0.09486,0.09484,0.09485,0.09487,0.09488,0.09484,0.09487,-0.00016264,-0.00004459,-0.00026541,-0.00026541,-3.999999999999837e-05,-0.0004216295983977904
1698599700000,2023-10-29T17:15:00Z,0.09483,0.09491,0.09483,0.09489,26655,2528.40824,0.09485,0.09493,0.09483,0.09489,0.09487,0.09495,0.09485,0.09491,-0.00026541,-0.00013558,-0.00025769,-0.00025769,-1.9999999999992246e-05,-0.00021072595090077176
1698600000000,2023-10-29T17:20:00Z,0.09489,0.09495,0.09488,0.09495,24190,2296.05797,0.09489,0.09495,0.09489,0.09495,0.09491,0.09494,0.0949,0.09494,-0.00025769,0,-0.0001105,0,1.0000000000010001e-05,0.00010532968190446599
1698600300000,2023-10-29T17:25:00Z,0.09495,0.09499,0.0949,0.09494,101520,9637.21666,0.09495,0.09499,0.09493,0.09494,0.09494,0.095,0.09494,0.09495,0,-0.00008182,-0.00017351,-0.00008182,-1.0000000000010001e-05,-0.00010531858873101633
1698600600000,2023-10-29T17:30:00Z,0.09494,0.09504,0.09493,0.09504,119199,11324.17944,0.09494,0.09504,0.09493,0.09503,0.09495,0.09504,0.09495,0.09502,-0.00008182,0,0,0,2.0000000000006124e-05,0.00021048200378874054
1698600900000,2023-10-29T17:35:00Z,0.09504,0.09513,0.09499,0.09504,352264,33482.90813,0.09503,0.09513,0.095,0.09507,0.09502,0.09514,0.09501,0.09508,0,0,0,0,-3.999999999999837e-05,-0.0004206983592763817
1698601200000,2023-10-29T17:40:00Z,0.09504,0.09509,0.09499,0.09504,178050,16918.99622,0.09507,0.09509,0.09503,0.09504,0.09508,0.09511,0.09503,0.09503,0,0,-0.00025084,-0.00025084,9.999999999996123e-06,0.0001052299273913093
1698601500000,2023-10-29T17:45:00Z,0.09504,0.09508,0.09503,0.09508,118524,11266.34012,0.09504,0.09509,0.09503,0.09509,0.09503,0.0951,0.09502,0.0951,-0.00025084,0,-0.00014631,-0.00014631,-2.0000000000006124e-05,-0.0002103049421662053
1698601800000,2023-10-29T17:50:00Z,0.09508,0.09513,0.09506,0.09506,16001,1521.84754,0.09509,0.09514,0.09507,0.09507,0.0951,0.09515,0.09509,0.09509,-0.00014631,-0.00004519,-0.0002087,-0.0002087,-2.999999999998837e-05,-0.0003154905878640064
1698602100000,2023-10-29T17:55:00Z,0.09506,0.09506,0.0949,0.09491,51820,4921.3231,0.09507,0.09507,0.0949,0.09491,0.09509,0.09509,0.09492,0.09493,-0.0002087,0,-0.00018934,-0.00018934,-2.0000000000006124e-05,-0.00021068155482993915
1698602400000,2023-10-29T18:00:00Z,0.09491,0.09503,0.09491,0.09499,71012,6743.24154,0.09491,0.09503,0.09491,0.09501,0.09493,0.09505,0.09493,0.09502,-0.00018934,0,0,0,-2.999999999998837e-05,-0.0003157230056828917
1698602700000,2023-10-29T18:05:00Z,0.09499,0.09509,0.09499,0.09507,54640,5191.62808,0.09501,0.09512,0.095,0.09507,0.09502,0.09514,0.09502,0.09509,0,-0.00013947,-0.00026469,-0.00026469,-1.9999999999992246e-05,-0.0002103270585760043
1698603000000,2023-10-29T18:10:00Z,0.09507,0.09507,0.09503,0.09505,24322,2311.99281,0.09507,0.09508,0.09503,0.09505,0.09509,0.09511,0.09506,0.09507,-0.00026469,-0.00018592,-0.00019617,-0.00019617,-2.0000000000006124e-05,-0.00021037130535401412
1698603300000,2023-10-29T18:15:00Z,0.09505,0.09506,0.095,0.09502,11492,1092.23916,0.09505,0.09507,0.09503,0.09503,0.09507,0.09509,0.09505,0.09506,-0.00019617,-0.00007247,-0.00029672,-0.00029672,-4.000000000001225e-05,-0.0004207868714497396
1698603600000,2023-10-29T18:20:00Z,0.09502,0.09507,0.09502,0.09505,10081,958.11273,0.09503,0.09508,0.09503,0.09506,0.09506,0.09511,0.09506,0.09509,-0.00029672,0,-0.00019495,-0.00019495,-3.999999999999837e-05,-0.00042065411715215453
1698603900000,2023-10-29T18:25:00Z,0.09505,0.09508,0.09498,0.09504,113531,10787.16259,0.09506,0.09508,0.09501,0.09505,0.09509,0.0951,0.09504,0.09508,-0.00019495,-0.0000749,-0.00008185,-0.0000749,-3.999999999999837e-05,-0.0004206983592763817
1698604200000,2023-10-29T18:30:00Z,0.09504,0.09515,0.09494,0.09499,146605,13942.9025,0.09505,0.09515,0.09494,0.09499,0.09508,0.09515,0.09497,0.09501,-0.0000749,-0.00015924,-0.00023141,-0.00023141,-1.9999999999992246e-05,-0.00021050415745702819
1698604500000,2023-10-29T18:35:00Z,0.09499,0.09499,0.09493,0.09493,50251,4772.10341,0.09499,0.095,0.09493,0.09493,0.09501,0.09502,0.09496,0.09497,-0.00023141,-0.00010053,-0.00018263,-0.00010053,-3.999999999999837e-05,-0.0004211856375697417
1698604800000,2023-10-29T18:40:00Z,0.09493,0.09493,0.09486,0.09488,42263,4010.41535,0.09493,0.09495,0.09487,0.09489,0.09497,0.09498,0.09491,0.09493,-0.00010053,-0.00028765,-0.00034355,-0.00034355,-4.999999999999449e-05,-0.0005267038870746286
1698605100000,2023-10-29T18:45:00Z,0.09488,0.095,0.09488,0.09498,34065,3233.92619,0.09489,0.09501,0.09488,0.09498,0.09493,0.09504,0.09492,0.09501,-0.00034355,0,-0.00031469,0,-3.0000000000002247e-05,-0.00031575623618568835
1698605400000,2023-10-29T18:50:00Z,0.09498,0.09501,0.09497,0.095,34818,3307.34974,0.09498,0.09501,0.09498,0.095,0.09501,0.09504,0.09499,0.09503,0,-0.00008018,-0.00025047,-0.00008018,-3.0000000000002247e-05,-0.00031568978217407396
1698605700000,2023-10-29T18:55:00Z,0.095,0.09505,0.095,0.09502,34133,3243.56465,0.095,0.09506,0.095,0.09503,0.09503,0.09509,0.09502,0.09506,-0.00008018,-0.00035079,-0.0004053,-0.00035079,-4.000000000001225e-05,-0.0004207868714497396
1698606000000,2023-10-29T19:00:00Z,0.09502,0.09505,0.09494,0.09496,10651,1011.73027,0.09503,0.09505,0.09495,0.09496,0.09506,0.09508,0.09497,0.09497,-0.00035079,-0.00028768,-0.00034266,-0.00028768,-9.999999999996123e-06,-0.00010529640939239889
1698606300000,2023-10-29T19:05:00Z,0.09496,0.09496,0.09491,0.09494,13843,1313.96429,0.09496,0.09496,0.09491,0.09495,0.09497,0.095,0.09494,0.095,-0.00028768,-0.00018586,-0.00034277,-0.00034277,-6.0000000000004494e-05,-0.0006315789473684683
1698606600000,2023-10-29T19:10:00Z,0.09494,0.09494,0.09491,0.09492,10377,984.99742,0.09495,0.09495,0.09491,0.09492,0.095,0.095,0.09496,0.09498,-0.00034277,-0.00016656,-0.00017035,-0.00016656,-5.9999999999990616e-05,-0.000631711939355555
1698606900000,2023-10-29T19:15:00Z,0.09492,0.09497,0.09492,0.09494,103588,9835.49721,0.09492,0.09497,0.09492,0.09496,0.09498,0.09501,0.09496,0.09501,-0.00016656,-0.00049005,-0.00060926,-0.00049005,-7.000000000000062e-05,-0.0007367645510998908
1698607200000,2023-10-29T19:20:00Z,0.09494,0.09494,0.09489,0.0949,11578,1098.99764,0.09496,0.09496,0.09489,0.0949,0.09501,0.09501,0.09495,0.09495,-0.00049005,-0.00052832,-0.0006403,-0.00052832,-5.000000000000837e-05,-0.0005265929436546431
1698607500000,2023-10-29T19:25:00Z,0.0949,0.09491,0.09487,0.09488,11160,1059.17292,0.0949,0.09493,0.09488,0.09489,0.09495,0.09498,0.09493,0.09494,-0.00052832,-0.00029152,-0.00055512,-0.00029152,-5.9999999999990616e-05,-0.0006319780914260651
1698607800000,2023-10-29T19:30:00Z,0.09488,0.09499,0.09488,0.09496,11808,1120.96935,0.09489,0.09499,0.09488,0.09497,0.09494,0.09503,0.09492,0.09502,-0.00029152,-0.00018229,-0.00031779,-0.00031779,-5.9999999999990616e-05,-0.0006314460113659295
1698608100000,2023-10-29T19:35:00Z,0.09496,0.095,0.09493,0.09495,34626,3288.73507,0.09497,0.095,0.09494,0.09495,0.09502,0.09504,0.09498,0.09499,-0.00031779,-0.00027465,-0.00042684,-0.00042684,-3.999999999999837e-05,-0.00042109695757446436
1698608400000,2023-10-29T19:40:00Z,0.09495,0.095,0.09493,0.09496,37496,3560.99588,0.09495,0.095,0.09493,0.09496,0.09499,0.09502,0.09498,0.095,-0.00042684,-0.00024073,-0.00034354,-0.00034354,-3.999999999999837e-05,-0.0004210526315789302
1698608700000,2023-10-29T19:45:00Z,0.09496,0.09497,0.09492,0.09492,6028,572.2529,0.09496,0.09497,0.09492,0.09493,0.095,0.09501,0.09495,0.09497,-0.00034354,-0.00007697,-0.00021114,-0.00021114,-4.999999999999449e-05,-0.0005264820469621407
1698609000000,2023-10-29T19:50:00Z,0.09492,0.09492,0.0949,0.0949,3330,316.06246,0.09493,0.09495,0.09491,0.09491,0.09497,0.09499,0.09496,0.09496,-0.00021114,-0.00024199,-0.00041227,-0.00024199,-6.0000000000004494e-05,-0.0006318449873631475
1698609300000,2023-10-29T19:55:00Z,0.0949,0.09494,0.0949,0.09494,14087,1337.21875,0.09491,0.09495,0.09491,0.09495,0.09496,0.095,0.09496,0.095,-0.00024199,-0.00011666,-0.00021109,-0.00021109,-6.0000000000004494e-05,-0.0006315789473684683
1698609600000,2023-10-29T20:00:00Z,0.09494,0.095,0.0949,0.09499,109954,10440.43922,0.09495,0.09501,0.09493,0.095,0.095,0.09505,0.09498,0.09504,-0.00021109,-0.00027925,-0.00036842,-0.00027925,-4.999999999999449e-05,-0.0005260942760942182
1698609900000,2023-10-29T20:05:00Z,0.09499,0.09509,0.09497,0.09497,44409,4221.32195,0.095,0.09509,0.09497,0.09498,0.09504,0.09511,0.095,0.09501,-0.00027925,-0.00018715,-0.00019852,-0.00019852,-3.999999999999837e-05,-0.0004210083149142024
1698610200000,2023-10-29T20:10:00Z,0.09497,0.09497,0.09492,0.09492,2548,241.86433,0.09498,0.09498,0.09492,0.09494,0.09501,0.09501,0.09495,0.09499,-0.00019852,-0.00042178,-0.00049157,-0.00042178,-7.000000000000062e-05,-0.0007369196757553491
1698610500000,2023-10-29T20:15:00Z,0.09492,0.09495,0.09492,0.09494,8985,853.04127,0.09494,0.09496,0.09492,0.09496,0.09499,0.09502,0.09497,0.09502,-0.00042178,-0.00030666,-0.0003848,-0.00030666,-7.999999999999674e-05,-0.00084192801515467
1698610800000,2023-10-29T20:20:00Z,0.09494,0.09499,0.09494,0.09497,15815,1501.86422,0.09496,0.09499,0.09495,0.09498,0.09502,0.09504,0.09501,0.09503,-0.00030666,-0.00015672,-0.00033378,-0.00033378,-6.0000000000004494e-05,-0.0006313795643481479
1698611100000,2023-10-29T20:25:00Z,0.09497,0.09498,0.09488,0.09488,24612,2336.83972,0.09498,0.09499,0.09488,0.09488,0.09503,0.09504,0.09494,0.09494,-0.00033378,-0.00036131,-0.00060882,-0.00036131,-5.9999999999990616e-05,-0.0006319780914260651
1698611400000,2023-10-29T20:30:00Z,0.09488,0.09495,0.09487,0.09493,11469,1088.43496,0.09488,0.09495,0.09487,0.09493,0.09494,0.09501,0.09494,0.09499,-0.00036131,-0.00018675,-0.00067094,-0.00018675,-6.0000000000004494e-05,-0.0006316454363617695
1698611700000,2023-10-29T20:35:00Z,0.09493,0.09494,0.09492,0.09492,7249,688.18482,0.09493,0.09494,0.09492,0.09493,0.09499,0.095,0.09498,0.09499,-0.00018675,-0.00055247,-0.00060136,-0.00055247,-7.000000000000062e-05,-0.0007369196757553491
1698612000000,2023-10-29T20:40:00Z,0.09492,0.09493,0.09492,0.09493,1393,132.22709,0.09493,0.09493,0.09492,0.09493,0.09499,0.09499,0.09497,0.09497,-0.00055247,-0.00028287,-0.00035382,-0.00028287,-3.999999999999837e-05,-0.0004211856375697417
1698612300000,2023-10-29T20:45:00Z,0.09493,0.095,0.09493,0.095,34387,3265.88274,0.09493,0.09501,0.09493,0.09501,0.09497,0.09505,0.09496,0.09505,-0.00028287,-0.0002965,-0.00029661,-0.00029661,-4.999999999999449e-05,-0.0005260389268805313
1698612600000,2023-10-29T20:50:00Z,0.095,0.09502,0.09499,0.09501,22711,2157.67174,0.09501,0.09503,0.09499,0.09501,0.09505,0.09507,0.09502,0.09503,-0.00029661,-0.00017575,-0.00030587,-0.00017575,-2.0000000000006124e-05,-0.00021045985478276464
1698612900000,2023-10-29T20:55:00Z,0.09501,0.09501,0.095,0.09501,24858,2361.5448,0.09501,0.09503,0.095,0.09502,0.09503,0.09506,0.09502,0.09505,-0.00017575,-0.0003133,-0.00037727,-0.0003133,-3.999999999999837e-05,-0.0004208311415044542
1698613200000,2023-10-29T21:00:00Z,0.09501,0.09502,0.09497,0.09497,6010,571.0123,0.09502,0.09504,0.095,0.09501,0.09505,0.09507,0.09503,0.09504,-0.0003133,-0.00027953,-0.000355,-0.00027953,-7.000000000000062e-05,-0.000736531986531993
1698613500000,2023-10-29T21:05:00Z,0.09497,0.09501,0.09497,0.095,13356,1268.77172,0.09501,0.09501,0.09497,0.095,0.09504,0.09504,0.09498,0.09502,-0.00027953,-0.00008064,-0.0001712,-0.0001712,-1.9999999999992246e-05,-0.00021048200378859447
1698613800000,2023-10-29T21:10:00Z,0.095,0.09503,0.09498,0.09499,24216,2300.96047,0.095,0.09505,0.09498,0.09502,0.09502,0.09507,0.09501,0.09504,-0.0001712,-0.00003135,-0.0001331,-0.00003135,-4.999999999999449e-05,-0.0005260942760942182
1698614100000,2023-10-29T21:15:00Z,0.09499,0.09501,0.09499,0.09501,1040,98.80936,0.09502,0.09505,0.09501,0.09501,0.09504,0.09508,0.09504,0.09505,-0.00003135,-0.00027901,-0.00033782,-0.00027901,-3.999999999999837e-05,-0.0004208311415044542
1698614400000,2023-10-29T21:20:00Z,0.09501,0.09501,0.09495,0.09497,60078,5706.6444,0.09501,0.09502,0.09495,0.09498,0.09505,0.09507,0.09498,0.09502,-0.00027901,0,0,0,-4.999999999999449e-05,-0.0005262050094716322
1698614700000,2023-10-29T21:25:00Z,0.09497,0.09501,0.09492,0.09494,41307,3921.40635,0.09498,0.09502,0.09492,0.09495,0.09502,0.09506,0.09497,0.095,0,0,-0.0003314,0,-6.0000000000004494e-05,-0.0006315789473684683
1698615000000,2023-10-29T21:30:00Z,0.09494,0.09494,0.09494,0.09494,3148,298.87112,0.09495,0.09495,0.09494,0.09494,0.095,0.09501,0.09494,0.09496,0,-0.00006475,-0.00043025,-0.00006475,-2.0000000000006124e-05,-0.00021061499578776456
1698615300000,2023-10-29T21:35:00Z,0.09494,0.09494,0.09482,0.09483,6056,574.62443,0.09494,0.09494,0.09483,0.09483,0.09496,0.09499,0.09489,0.09489,-0.00006475,-0.00040695,-0.00056024,-0.00056024,-6.0000000000004494e-05,-0.0006323110970598007
1698615600000,2023-10-29T21:40:00Z,0.09483,0.09483,0.09466,0.09475,658691,62386.01511,0.09483,0.09483,0.09475,0.09475,0.09489,0.0949,0.09483,0.09483,-0.00056024,-0.00060611,-0.00080991,-0.00080991,-7.999999999999674e-05,-0.0008436148898027707
1698615900000,2023-10-29T21:45:00Z,0.09475,0.09486,0.09474,0.09483,781408,74075.31718,0.09475,0.09483,0.09474,0.09483,0.09483,0.09485,0.09481,0.09485,-0.00080991,-0.00038331,-0.00071366,-0.00038331,-2.0000000000006124e-05,-0.00021085925144972192
1698616200000,2023-10-29T21:50:00Z,0.09483,0.09483,0.09475,0.09476,13348,1265.19354,0.09483,0.09483,0.09477,0.09477,0.09485,0.09485,0.09481,0.09481,-0.00038331,-0.00024259,-0.00047759,-0.00024259,-5.000000000000837e-05,-0.000527370530534842
1698616500000,2023-10-29T21:55:00Z,0.09476,0.09476,0.09457,0.09464,333852,31585.56301,0.09477,0.09478,0.09463,0.09465,0.09481,0.09483,0.09469,0.09471,-0.00024259,-0.00011377,-0.00024941,-0.00011377,-7.000000000000062e-05,-0.0007390983000739163
1698616800000,2023-10-29T22:00:00Z,0.09464,0.09484,0.09464,0.09483,317332,30065.03971,0.09465,0.09484,0.09464,0.09483,0.09471,0.09488,0.0947,0.09485,-0.00011377,-0.00001391,-0.00017774,-0.00001391,-2.0000000000006124e-05,-0.00021085925144972192
1698617100000,2023-10-29T22:05:00Z,0.09483,0.09486,0.09482,0.09483,15139,1435.70753,0.09483,0.09487,0.09482,0.09483,0.09485,0.09491,0.09484,0.09486,-0.00001391,0,0,0,-3.0000000000002247e-05,-0.00031625553447187695
1698617400000,2023-10-29T22:10:00Z,0.09483,0.09483,0.09478,0.09483,18061,1712.33196,0.09483,0.09487,0.09478,0.09485,0.09486,0.0949,0.0948,0.09488,0,0,-0.00018461,-0.00018461,-5.000000000000837e-05,-0.0005269814502530393
1698617700000,2023-10-29T22:15:00Z,0.09483,0.09494,0.09483,0.09493,34597,3283.61451,0.09485,0.09494,0.09485,0.09494,0.09488,0.09499,0.09488,0.09499,-0.00018461,-0.0000891,-0.00035256,-0.00035256,-6.0000000000004494e-05,-0.0006316454363617695
1698618000000,2023-10-29T22:20:00Z,0.09493,0.09495,0.09489,0.09489,10727,1018.16143,0.09494,0.09495,0.09489,0.09489,0.09499,0.095,0.09491,0.09491,-0.00035256,-0.00035569,-0.00039654,-0.00039654,-1.9999999999992246e-05,-0.00021072595090077176
1698618300000,2023-10-29T22:25:00Z,0.09489,0.09492,0.09489,0.09492,2565,243.43238,0.09489,0.09494,0.09489,0.09492,0.09491,0.09499,0.09491,0.09498,-0.00039654,-0.00016771,-0.00030638,-0.00016771,-5.9999999999990616e-05,-0.000631711939355555
1698618600000,2023-10-29T22:30:00Z,0.09492,0.09495,0.09491,0.09495,3018,286.46774,0.09492,0.09496,0.09492,0.09495,0.09498,0.09501,0.09494,0.09499,-0.00016771,-0.00010727,-0.00021038,-0.00010727,-3.999999999999837e-05,-0.00042109695757446436
1698618900000,2023-10-29T22:35:00Z,0.09495,0.09501,0.09495,0.095,52492,4986.39211,0.09495,0.09501,0.09495,0.095,0.09499,0.09506,0.09499,0.09503,-0.00010727,-0.00020401,-0.00028669,-0.00020401,-3.0000000000002247e-05,-0.00031568978217407396
1698619200000,2023-10-29T22:40:00Z,0.095,0.095,0.09499,0.095,5405,513.4481,0.095,0.09505,0.09499,0.09501,0.09503,0.09508,0.09502,0.09505,-0.00020401,0,-0.00014012,-0.00014012,-4.999999999999449e-05,-0.0005260389268805313
1698619500000,2023-10-29T22:45:00Z,0.095,0.09507,0.09498,0.09506,52479,4985.46687,0.09501,0.09507,0.09501,0.09507,0.09505,0.09511,0.09504,0.09507,-0.00014012,-0.00012243,-0.00033796,-0.00033796,-9.999999999996123e-06,-0.00010518565267693408
1698619800000,2023-10-29T22:50:00Z,0.09506,0.09507,0.09503,0.09504,4651,442.12767,0.09507,0.09507,0.09504,0.09504,0.09507,0.0951,0.09506,0.09507,-0.00033796,0,-0.00000283,0,-3.0000000000002247e-05,-0.00031555695803094823
1698620100000,2023-10-29T22:55:00Z,0.09504,0.09504,0.09502,0.09503,2553,242.59854,0.09504,0.09507,0.09502,0.09505,0.09507,0.0951,0.09502,0.09508,0,0,-0.0002034,-0.0002034,-4.999999999999449e-05,-0.0005258729490954406
1698620400000,2023-10-29T23:00:00Z,0.09503,0.09506,0.095,0.09506,37019,3518.35249,0.09505,0.09506,0.09501,0.09506,0.09508,0.09508,0.09504,0.09507,-0.0002034,0,-0.00002871,-0.00002871,-9.999999999996123e-06,-0.00010518565267693408
1698620700000,2023-10-29T23:05:00Z,0.09506,0.09506,0.09497,0.09497,61824,5876.45666,0.09506,0.09507,0.09497,0.09497,0.09507,0.09508,0.09498,0.09498,-0.00002871,-0.00006755,-0.00015853,-0.00006755,-9.999999999996123e-06,-0.0001052853232259015
1698621000000,2023-10-29T23:10:00Z,0.09497,0.09497,0.0949,0.0949,5551,527.01594,0.09497,0.09499,0.0949,0.0949,0.09498,0.09502,0.09492,0.09494,-0.00006755,-0.00018184,-0.00022203,-0.00022203,-3.999999999999837e-05,-0.00042131872761742547
1698621300000,2023-10-29T23:15:00Z,0.0949,0.09496,0.09488,0.09494,8147,773.13729,0.0949,0.09496,0.0949,0.09496,0.09494,0.09501,0.09494,0.09501,-0.00022203,0,0,0,-7.000000000000062e-05,-0.0007367645510998908
1698621600000,2023-10-29T23:20:00Z,0.09494,0.09498,0.09488,0.09488,32257,3061.84467,0.09496,0.09498,0.09488,0.09488,0.09501,0.09502,0.09491,0.09491,0,-0.00033656,-0.00044802,-0.00044802,-2.999999999998837e-05,-0.00031608892635115763
1698621900000,2023-10-29T23:25:00Z,0.09488,0.09492,0.09487,0.09489,79097,7506.31652,0.09488,0.09493,0.09488,0.09493,0.09491,0.09497,0.0949,0.09497,-0.00044802,-0.00023867,-0.0002951,-0.00023867,-7.999999999999674e-05,-0.0008423712751394834
1698622200000,2023-10-29T23:30:00Z,0.09489,0.09491,0.09489,0.0949,2184,207.25946,0.09493,0.09494,0.0949,0.09491,0.09497,0.09499,0.09495,0.09497,-0.00023867,-0.0001945,-0.00039774,-0.0001945,-7.000000000000062e-05,-0.0007370748657470845
1698622500000,2023-10-29T23:35:00Z,0.0949,0.09491,0.09482,0.09482,105440,10000.67681,0.09491,0.09492,0.09484,0.09484,0.09497,0.09498,0.0949,0.09491,-0.0001945,-0.00049768,-0.00052117,-0.00049768,-8.999999999999286e-05,-0.0009482667790537653
1698622800000,2023-10-29T23:40:00Z,0.09482,0.09483,0.09475,0.0948,47221,4476.46256,0.09484,0.09485,0.09475,0.0948,0.09491,0.09492,0.09482,0.09488,-0.00049768,-0.00018574,-0.00028789,-0.00018574,-8.000000000001062e-05,-0.0008431703204048336
1698623100000,2023-10-29T23:45:00Z,0.0948,0.09481,0.09468,0.09473,175554,16631.95412,0.0948,0.09482,0.09471,0.09473,0.09488,0.09489,0.09478,0.09481,-0.00018574,-0.00057064,-0.00087714,-0.00087714,-8.000000000001062e-05,-0.0008437928488557179
1698623400000,2023-10-29T23:50:00Z,0.09473,0.09476,0.09468,0.09476,63356,5999.66631,0.09473,0.09478,0.0947,0.09476,0.09481,0.09486,0.09478,0.09484,-0.00087714,-0.00037511,-0.0005687,-0.00037511,-7.999999999999674e-05,-0.0008435259384225722
1698623700000,2023-10-29T23:55:00Z,0.09476,0.09483,0.09474,0.09483,14218,1347.47378,0.09476,0.09483,0.09476,0.09483,0.09484,0.09488,0.09478,0.09488,-0.00037511,-0.00054818,-0.00056989,-0.00054818,-5.000000000000837e-05,-0.0005269814502530393
1698624000000,2023-10-30T00:00:00Z,0.09483,0.0949,0.09479,0.09487,43991,4171.65896,0.09483,0.0949,0.09482,0.09487,0.09488,0.09494,0.09488,0.09491,-0.00054818,-0.00032391,-0.00056467,-0.00056467,-3.999999999999837e-05,-0.00042145190180168973
1698624300000,2023-10-30T00:05:00Z,0.09487,0.09489,0.09479,0.09479,49437,4688.10537,0.09487,0.09489,0.09479,0.09479,0.09491,0.09494,0.09485,0.09485,-0.00056467,-0.00035225,-0.00051385,-0.00051385,-6.0000000000004494e-05,-0.0006325777543490194
1698624600000,2023-10-30T00:10:00Z,0.09479,0.09481,0.0947,0.0947,30512,2891.55503,0.09479,0.09481,0.0947,0.0947,0.09485,0.09486,0.09474,0.09475,-0.00051385,-0.00050827,-0.00062132,-0.00062132,-4.999999999999449e-05,-0.0005277044854880685
1698624900000,2023-10-30T00:15:00Z,0.0947,0.0947,0.09463,0.09465,92194,8726.03269,0.0947,0.0947,0.09464,0.09466,0.09475,0.09475,0.0947,0.09473,-0.00062132,-0.00037738,-0.00056797,-0.00037738,-7.999999999999674e-05,-0.0008445054365037131
1698625200000,2023-10-30T00:20:00Z,0.09465,0.09472,0.09465,0.09472,58857,5574.08855,0.09466,0.09472,0.09466,0.09472,0.09473,0.09479,0.09473,0.09479,-0.00037738,-0.00043811,-0.00055175,-0.00055175,-7.000000000000062e-05,-0.0007384745226289758
1698625500000,2023-10-30T00:25:00Z,0.09472,0.09475,0.09463,0.09464,162574,15389.39339,0.09472,0.09475,0.09463,0.09464,0.09479,0.09481,0.09468,0.09469,-0.00055175,-0.00037284,-0.00061133,-0.00037284,-4.999999999999449e-05,-0.0005280388636603073
1698625800000,2023-10-30T00:30:00Z,0.09464,0.09469,0.09459,0.09459,25580,2421.82258,0.09464,0.09469,0.09461,0.09461,0.09469,0.09475,0.09468,0.09468,-0.00037284,-0.00024569,-0.00040996,-0.00040996,-9.000000000000674e-05,-0.0009505703422053944
1698626100000,2023-10-30T00:35:00Z,0.09459,0.0946,0.09449,0.09454,332533,31432.44958,0.09461,0.09461,0.09453,0.09454,0.09468,0.09468,0.0946,0.0946,-0.00040996,-0.00057197,-0.00057281,-0.00057281,-6.0000000000004494e-05,-0.0006342494714588212
1698626400000,2023-10-30T00:40:00Z,0.09454,0.09459,0.09453,0.09458,34015,3215.88539,0.09454,0.09459,0.09453,0.09458,0.0946,0.09466,0.0946,0.09465,-0.00057281,-0.00049012,-0.00061549,-0.00061549,-7.000000000000062e-05,-0.0007395668251452786
1698626700000,2023-10-30T00:45:00Z,0.09458,0.09465,0.09454,0.09465,15338,1450.64847,0.09458,0.09465,0.09455,0.09465,0.09465,0.0947,0.09461,0.0947,-0.00061549,-0.0005595,-0.00059951,-0.00059951,-5.000000000000837e-05,-0.000527983104540743
1698627000000,2023-10-30T00:50:00Z,0.09465,0.09466,0.09453,0.09455,63138,5970.34788,0.09465,0.09466,0.09454,0.09455,0.0947,0.09471,0.09461,0.09462,-0.00059951,-0.00039262,-0.0007098,-0.00039262,-7.000000000000062e-05,-0.0007398013105051851
1698627300000,2023-10-30T00:55:00Z,0.09455,0.09457,0.09454,0.09457,71046,6717.41146,0.09455,0.09457,0.09454,0.09457,0.09462,0.09463,0.09461,0.09462,-0.00039262,-0.00038824,-0.00050036,-0.00050036,-4.999999999999449e-05,-0.0005284295075036409
1698627600000,2023-10-30T01:00:00Z,0.09457,0.09467,0.09457,0.09467,49616,4693.347,0.09457,0.09467,0.09457,0.09467,0.09462,0.09472,0.09462,0.09472,-0.00050036,-0.00016126,-0.00035604,-0.00016126,-4.999999999999449e-05,-0.0005278716216215635
1698627900000,2023-10-30T01:05:00Z,0.09467,0.0947,0.09462,0.09469,56394,5337.60859,0.09467,0.0947,0.09463,0.09469,0.09472,0.09473,0.09468,0.09473,-0.00016126,-0.00005713,-0.00020779,-0.00020779,-3.999999999999837e-05,-0.00042225271825185656
1698628200000,2023-10-30T01:10:00Z,0.09469,0.0947,0.09459,0.0946,48799,4620.27093,0.09469,0.0947,0.0946,0.0946,0.09473,0.09474,0.09463,0.09464,-0.00020779,-0.00033576,-0.00033583,-0.00033583,-3.999999999999837e-05,-0.00042265426880809775
1698628500000,2023-10-30T01:15:00Z,0.0946,0.0946,0.09456,0.09456,2798,264.66287,0.0946,0.0946,0.09458,0.09459,0.09464,0.09464,0.09462,0.09463,-0.00033583,-0.00030177,-0.00035312,-0.00035312,-7.000000000000062e-05,-0.0007397231321990977
1698628800000,2023-10-30T01:20:00Z,0.09456,0.0946,0.09455,0.09459,66175,6257.8036,0.09459,0.0946,0.09456,0.09459,0.09463,0.09465,0.09461,0.09465,-0.00035312,-0.00018746,-0.00018746,-0.00018746,-6.0000000000004494e-05,-0.0006339144215531378
1698629100000,2023-10-30T01:25:00Z,0.09459,0.09465,0.09458,0.09458,74728,7069.7316,0.09459,0.09465,0.09458,0.09458,0.09465,0.0947,0.09461,0.09461,-0.00018746,-0.00034009,-0.00040035,-0.00040035,-3.0000000000002247e-05,-0.0003170912165733247
1698629400000,2023-10-30T01:30:00Z,0.09458,0.09458,0.0945,0.09454,14207,1343.09138,0.09458,0.09458,0.09451,0.09455,0.09461,0.09462,0.09456,0.0946,-0.00040035,-0.00004639,-0.00044593,-0.00044593,-6.0000000000004494e-05,-0.0006342494714588212
1698629700000,2023-10-30T01:35:00Z,0.09454,0.09456,0.09447,0.09447,23701,2239.34469,0.09455,0.09455,0.09448,0.09448,0.0946,0.0946,0.09454,0.09454,-0.00044593,-0.00037637,-0.00047604,-0.00047604,-7.000000000000062e-05,-0.0007404273323461034
1698630000000,2023-10-30T01:40:00Z,0.09447,0.09455,0.09447,0.09452,15914,1503.99086,0.09448,0.09456,0.09448,0.09454,0.09454,0.09461,0.09454,0.0946,-0.00047604,-0.00050856,-0.0006309,-0.00050856,-7.999999999999674e-05,-0.0008456659619449972
1698630300000,2023-10-30T01:45:00Z,0.09452,0.09463,0.09452,0.09462,56764,5369.16724,0.09454,0.09465,0.09454,0.09464,0.0946,0.0947,0.09459,0.09469,-0.00050856,-0.00032407,-0.00035326,-0.00035326,-7.000000000000062e-05,-0.0007392544091245181
1698630600000,2023-10-30T01:50:00Z,0.09462,0.09465,0.09452,0.09455,148809,14071.95311,0.09464,0.09466,0.09454,0.09455,0.09469,0.09471,0.09459,0.09459,-0.00035326,-0.00032071,-0.00042748,-0.00042748,-3.999999999999837e-05,-0.000422877682630282
1698630900000,2023-10-30T01:55:00Z,0.09455,0.09455,0.0944,0.0944,105402,9953.66732,0.09455,0.09455,0.0944,0.0944,0.09459,0.0946,0.09445,0.09445,-0.00042748,-0.00018204,-0.00036166,-0.00036166,-5.000000000000837e-05,-0.0005293806246692257
1698631200000,2023-10-30T02:00:00Z,0.0944,0.09445,0.09414,0.09445,785701,74071.91277,0.0944,0.09445,0.09422,0.09445,0.09445,0.09449,0.09428,0.09449,-0.00036166,-0.00012903,-0.00035994,-0.00035994,-3.999999999999837e-05,-0.0004233252195999404
1698631500000,2023-10-30T02:05:00Z,0.09445,0.09455,0.0944,0.09448,556773,52627.20305,0.09445,0.09455,0.09441,0.0945,0.09449,0.09455,0.09445,0.09453,-0.00035994,0,-0.00015829,0,-5.000000000000837e-05,-0.0005289326139850669
1698631800000,2023-10-30T02:10:00Z,0.09448,0.09448,0.09439,0.0944,51995,4909.34828,0.0945,0.0945,0.0944,0.0944,0.09453,0.09453,0.09443,0.09443,0,0,-0.00017711,0,-3.0000000000002247e-05,-0.0003176956475696521
1698632100000,2023-10-30T02:15:00Z,0.0944,0.0944,0.09431,0.09431,68861,6497.28352,0.0944,0.0944,0.09431,0.09431,0.09443,0.09443,0.09434,0.09435,0,-0.00015905,-0.00035632,-0.00035632,-3.999999999999837e-05,-0.00042395336512981844
1698632400000,2023-10-30T02:20:00Z,0.09431,0.09432,0.09428,0.09431,59262,5588.84703,0.09431,0.09433,0.09428,0.09432,0.09435,0.09437,0.09433,0.09437,-0.00035632,-0.00002119,-0.00029369,-0.00002119,-5.9999999999990616e-05,-0.0006357952739216978
1698632700000,2023-10-30T02:25:00Z,0.09431,0.09431,0.09423,0.09428,94165,8874.59819,0.09432,0.09433,0.09425,0.09428,0.09437,0.09438,0.0943,0.09433,-0.00002119,-0.00041411,-0.00051346,-0.00051346,-4.999999999999449e-05,-0.0005300540655146242
1698633000000,2023-10-30T02:30:00Z,0.09428,0.09429,0.0942,0.09422,146598,13816.59627,0.09428,0.0943,0.09421,0.09424,0.09433,0.09436,0.09427,0.0943,-0.00051346,-0.00047083,-0.0006022,-0.00047083,-7.999999999999674e-05,-0.0008483563096500185
1698633300000,2023-10-30T02:35:00Z,0.09422,0.09429,0.09422,0.09424,29574,2787.66139,0.09424,0.09429,0.09424,0.09424,0.0943,0.09434,0.09429,0.0943,-0.00047083,-0.00036065,-0.00042778,-0.00036065,-5.9999999999990616e-05,-0.0006362672322374403
1698633600000,2023-10-30T02:40:00Z,0.09424,0.09424,0.09416,0.09419,35561,3349.02107,0.09424,0.09424,0.09417,0.09419,0.0943,0.0943,0.09423,0.09426,-0.00036065,-0.00051066,-0.00053867,-0.00051066,-7.000000000000062e-05,-0.0007426267769997944
1698633900000,2023-10-30T02:45:00Z,0.09419,0.09431,0.09419,0.0943,17161,1617.67356,0.09419,0.09433,0.09419,0.09432,0.09426,0.09439,0.09425,0.09438,-0.00051066,-0.00023145,-0.00050725,-0.00050725,-8.000000000001062e-05,-0.0008476372112736874
1698634200000,2023-10-30T02:50:00Z,0.0943,0.09431,0.09421,0.09421,35564,3352.83986,0.09432,0.09432,0.09421,0.09421,0.09438,0.09438,0.09427,0.09427,-0.00050725,-0.00035004,-0.00044354,-0.00035004,-6.0000000000004494e-05,-0.0006364697146494589
1698634500000,2023-10-30T02:55:00Z,0.09421,0.09423,0.0942,0.09423,41866,3944.50045,0.09421,0.09424,0.09421,0.09424,0.09427,0.0943,0.09424,0.09429,-0.00035004,-0.00052545,-0.00053425,-0.00053425,-6.0000000000004494e-05,-0.0006363347120585905
1698634800000,2023-10-30T03:00:00Z,0.09423,0.09435,0.09421,0.09435,26815,2526.90034,0.09424,0.09437,0.09421,0.09437,0.09429,0.09443,0.09425,0.09443,-0.00053425,-0.00023513,-0.00028086,-0.00023513,-7.999999999999674e-05,-0.0008471883935189743
1698635100000,2023-10-30T03:05:00Z,0.09435,0.09435,0.09421,0.09421,11714,1104.11263,0.09437,0.09437,0.09421,0.09423,0.09443,0.09443,0.09425,0.09429,-0.00023513,-0.00021355,-0.00049045,-0.00021355,-7.999999999999674e-05,-0.0008484462827446892
1698635400000,2023-10-30T03:10:00Z,0.09421,0.0943,0.09421,0.09428,11972,1128.3133,0.09423,0.09432,0.09423,0.0943,0.09429,0.09437,0.09429,0.09435,-0.00021355,-0.0002655,-0.00036524,-0.0002655,-7.000000000000062e-05,-0.000741918388977219
1698635700000,2023-10-30T03:15:00Z,0.09428,0.09431,0.09427,0.0943,15292,1441.92105,0.0943,0.09432,0.09427,0.09432,0.09435,0.09436,0.0943,0.09435,-0.0002655,-0.00012953,-0.00027777,-0.00012953,-5.000000000000837e-05,-0.0005299417064123834
1698636000000,2023-10-30T03:20:00Z,0.0943,0.0943,0.09425,0.09427,114376,10782.56713,0.09432,0.09432,0.09427,0.09427,0.09435,0.09436,0.09432,0.09432,-0.00012953,-0.00027212,-0.00033633,-0.00027212,-4.999999999999449e-05,-0.000530110262934632
1698636300000,2023-10-30T03:25:00Z,0.09427,0.09433,0.09427,0.09432,69640,6568.30852,0.09427,0.09433,0.09427,0.09432,0.09432,0.09437,0.09431,0.09437,-0.00027212,-0.00033538,-0.00038586,-0.00033538,-4.999999999999449e-05,-0.0005298293949347727
1698636600000,2023-10-30T03:30:00Z,0.09432,0.09432,0.09421,0.09426,300708,28340.48471,0.09432,0.09432,0.09424,0.09428,0.09437,0.09437,0.09429,0.09434,-0.00033538,-0.00042793,-0.00045564,-0.00042793,-7.999999999999674e-05,-0.0008479966080135335
1698636900000,2023-10-30T03:35:00Z,0.09426,0.09435,0.09426,0.09431,371949,35084.46847,0.09428,0.09435,0.09427,0.09431,0.09434,0.09438,0.09433,0.09433,-0.00042793,-0.00032941,-0.0003559,-0.0003559,-1.9999999999992246e-05,-0.00021202162620579082
1698637200000,2023-10-30T03:40:00Z,0.09431,0.09431,0.09426,0.0943,8470,798.51817,0.09431,0.09431,0.09426,0.0943,0.09433,0.09434,0.0943,0.09434,-0.0003559,-0.00009339,-0.00013443,-0.00009339,-3.999999999999837e-05,-0.00042399830400676673
1698637500000,2023-10-30T03:45:00Z,0.0943,0.09434,0.09428,0.09428,110568,10429.10678,0.0943,0.09434,0.09429,0.09429,0.09434,0.09435,0.09433,0.09433,-0.00009339,-0.00005426,-0.00017415,-0.00005426,-4.999999999999449e-05,-0.0005300540655146242
1698637800000,2023-10-30T03:50:00Z,0.09428,0.09428,0.0942,0.09425,70511,6643.62862,0.09429,0.0943,0.09424,0.09425,0.09433,0.09434,0.09426,0.09426,-0.00005426,-0.00004232,-0.0001138,-0.0001138,-9.999999999996123e-06,-0.00010608953957135714
1698638100000,2023-10-30T03:55:00Z,0.09425,0.09425,0.09422,0.09422,6526,614.99757,0.09425,0.09426,0.09423,0.09424,0.09426,0.09429,0.09426,0.09428,-0.0001138,-0.00015781,-0.00022717,-0.00022717,-6.0000000000004494e-05,-0.0006364022061943625
1698638400000,2023-10-30T04:00:00Z,0.09422,0.09431,0.09421,0.09431,22105,2083.24765,0.09424,0.09431,0.09422,0.09431,0.09428,0.09433,0.09425,0.09432,-0.00022717,-0.00002173,-0.00003988,-0.00002173,-9.999999999996123e-06,-0.00010602205258689698
1698638700000,2023-10-30T04:05:00Z,0.09431,0.09435,0.09427,0.09435,5425,511.64886,0.09431,0.09436,0.09428,0.09435,0.09432,0.09439,0.0943,0.09438,-0.00002173,-0.00002617,-0.00015946,-0.00002617,-3.0000000000002247e-05,-0.0003178639542276144
1698639000000,2023-10-30T04:10:00Z,0.09435,0.09435,0.09431,0.09433,9500,896.02196,0.09435,0.09436,0.09431,0.09433,0.09438,0.09439,0.09433,0.09435,-0.00002617,0,0,0,-2.0000000000006124e-05,-0.00021197668256498276
1698639300000,2023-10-30T04:15:00Z,0.09433,0.09435,0.09431,0.09435,2544,239.96287,0.09433,0.09435,0.09431,0.09435,0.09435,0.09437,0.09434,0.09435,0,0,0,0,0.0,0.0
1698639600000,2023-10-30T04:20:00Z,0.09435,0.09435,0.09432,0.09433,17511,1651.85526,0.09435,0.09435,0.09432,0.09433,0.09435,0.09437,0.09433,0.09434,0,0,0,0,-9.999999999996123e-06,-0.0001059995760016549
1698639900000,2023-10-30T04:25:00Z,0.09433,0.09433,0.09432,0.09432,3901,367.97468,0.09433,0.09435,0.09431,0.09435,0.09434,0.09436,0.09431,0.09436,0,0,0,0,-3.999999999999837e-05,-0.0004239084357778547
1698640200000,2023-10-30T04:30:00Z,0.09432,0.09435,0.09432,0.09434,14812,1397.20867,0.09435,0.09436,0.09433,0.09434,0.09436,0.09437,0.09433,0.09435,0,0,0,0,-1.0000000000010001e-05,-0.00010598834128256493
1698640500000,2023-10-30T04:35:00Z,0.09434,0.09442,0.09434,0.09442,10057,949.10027,0.09434,0.09442,0.09434,0.09442,0.09435,0.09444,0.09435,0.09443,0,0,0,0,-9.999999999996123e-06,-0.00010589854918983504
1698640800000,2023-10-30T04:40:00Z,0.09442,0.09444,0.09442,0.09444,84889,8016.82303,0.09442,0.09444,0.09442,0.09444,0.09443,0.09445,0.09443,0.09445,0,0,0,0,-1.0000000000010001e-05,-0.0001058761249339333
1698641100000,2023-10-30T04:45:00Z,0.09444,0.09448,0.0944,0.09448,61524,5810.95086,0.09444,0.09449,0.09442,0.09449,0.09445,0.0945,0.09442,0.09449,0,0,0,0,-1.0000000000010001e-05,-0.00010583130490009525
1698641400000,2023-10-30T04:50:00Z,0.09448,0.09449,0.09448,0.09448,4406,416.28781,0.09449,0.0945,0.09447,0.09447,0.09449,0.09451,0.09447,0.09448,0,0,0,0,0.0,0.0
1698641700000,2023-10-30T04:55:00Z,0.09448,0.09448,0.09444,0.09444,1401,132.34794,0.09447,0.09448,0.09444,0.09444,0.09448,0.09449,0.09445,0.09445,0,0,0,0,-1.0000000000010001e-05,-0.0001058761249339333
1698642000000,2023-10-30T05:00:00Z,0.09444,0.09445,0.09442,0.09442,54350,5132.80255,0.09444,0.09446,0.0944,0.09441,0.09445,0.09447,0.0944,0.09441,0,0,0,0,1.0000000000010001e-05,0.00010592098294682768
1698642300000,2023-10-30T05:05:00Z,0.09442,0.09442,0.09436,0.09436,267,25.19826,0.09441,0.09441,0.09436,0.09437,0.09441,0.09441,0.09437,0.09438,0,0,-0.00006208,-0.00006208,-2.0000000000006124e-05,-0.0002119093028184586
1698642600000,2023-10-30T05:10:00Z,0.09436,0.09437,0.0943,0.09432,159284,15023.14613,0.09437,0.09437,0.09431,0.09432,0.09438,0.09438,0.09432,0.09434,-0.00006208,0,0,0,-1.9999999999992246e-05,-0.0002119991520033098
1698642900000,2023-10-30T05:15:00Z,0.09432,0.09432,0.09428,0.09428,14654,1381.59662,0.09432,0.09432,0.09428,0.09429,0.09434,0.09434,0.0943,0.09431,0,0,0,0,-3.0000000000002247e-05,-0.0003180998833633999
1698643200000,2023-10-30T05:20:00Z,0.09428,0.09429,0.09422,0.09422,132188,12458.65009,0.09429,0.09429,0.09424,0.09424,0.09431,0.09431,0.09426,0.09426,0,0,0,0,-3.999999999999837e-05,-0.0004243581582855758
1698643500000,2023-10-30T05:25:00Z,0.09422,0.09424,0.0942,0.09421,172938,16293.48534,0.09424,0.09426,0.09421,0.09424,0.09426,0.09427,0.09423,0.09427,0,0,-0.00015094,0,-6.0000000000004494e-05,-0.0006364697146494589
1698643800000,2023-10-30T05:30:00Z,0.09421,0.09431,0.09421,0.09429,49520,4667.13433,0.09424,0.09431,0.09421,0.09429,0.09427,0.09434,0.09424,0.09431,0,-0.00003436,-0.0000986,-0.0000986,-2.0000000000006124e-05,-0.00021206658890898233
1698644100000,2023-10-30T05:35:00Z,0.09429,0.09429,0.09427,0.09427,2602,245.29054,0.09429,0.09429,0.09426,0.09427,0.09431,0.09431,0.09426,0.09428,-0.0000986,-0.00009408,-0.00031823,-0.00009408,-9.999999999996123e-06,-0.00010606703436567801
1698644400000,2023-10-30T05:40:00Z,0.09427,0.09429,0.09423,0.09429,85192,8029.05628,0.09427,0.09429,0.09423,0.09429,0.09428,0.09432,0.09428,0.09431,-0.00009408,-0.00006521,-0.00033899,-0.00006521,-2.0000000000006124e-05,-0.00021206658890898233
1698644700000,2023-10-30T05:45:00Z,0.09429,0.09429,0.0942,0.09421,6627,624.48373,0.09429,0.09429,0.09422,0.09423,0.09431,0.09431,0.09425,0.09427,-0.00006521,-0.00030136,-0.00034496,-0.00034496,-6.0000000000004494e-05,-0.0006364697146494589
1698645000000,2023-10-30T05:50:00Z,0.09421,0.09421,0.09419,0.09419,109690,10331.90205,0.09423,0.09423,0.09419,0.09419,0.09427,0.09427,0.09424,0.09425,-0.00034496,-0.0003858,-0.00044541,-0.00044541,-6.0000000000004494e-05,-0.0006366047745358567
1698645300000,2023-10-30T05:55:00Z,0.09419,0.0942,0.09419,0.09419,13285,1251.387,0.09419,0.09421,0.09419,0.0942,0.09425,0.09427,0.09424,0.09425,-0.00044541,-0.00033117,-0.0005236,-0.0005236,-6.0000000000004494e-05,-0.0006366047745358567
1698645600000,2023-10-30T06:00:00Z,0.09419,0.09424,0.09419,0.09422,78967,7439.34199,0.0942,0.09426,0.09419,0.09422,0.09425,0.09431,0.09424,0.09428,-0.0005236,-0.00045364,-0.00060568,-0.00045364,-6.0000000000004494e-05,-0.0006364022061943625
1698645900000,2023-10-30T06:05:00Z,0.09422,0.09423,0.0941,0.09412,414204,38999.76409,0.09422,0.09423,0.09412,0.09413,0.09428,0.09429,0.09418,0.09419,-0.00045364,-0.00057813,-0.00059562,-0.00057813,-7.000000000000062e-05,-0.000743178681388689
1698646200000,2023-10-30T06:10:00Z,0.09412,0.09412,0.09396,0.09404,330958,31114.15261,0.09413,0.09414,0.09399,0.09404,0.09419,0.0942,0.09407,0.09409,-0.00057813,-0.00049192,-0.00063909,-0.00049192,-4.999999999999449e-05,-0.0005314061005419758
1698646500000,2023-10-30T06:15:00Z,0.09404,0.09406,0.09399,0.09405,165713,15579.22293,0.09404,0.09407,0.09399,0.09407,0.09409,0.09414,0.09407,0.09414,-0.00049192,-0.0004754,-0.00060116,-0.0004754,-9.000000000000674e-05,-0.0009560229445507408
1698646800000,2023-10-30T06:20:00Z,0.09405,0.09415,0.09405,0.09408,94896,8928.64195,0.09407,0.09415,0.09405,0.09409,0.09414,0.09421,0.09411,0.09415,-0.0004754,-0.0002193,-0.00029202,-0.0002193,-7.000000000000062e-05,-0.0007434944237918282
1698647100000,2023-10-30T06:25:00Z,0.09408,0.09409,0.09405,0.09408,54538,5130.403,0.09409,0.09409,0.09406,0.09408,0.09415,0.09415,0.09412,0.09414,-0.0002193,-0.0004626,-0.00049686,-0.0004626,-6.0000000000004494e-05,-0.0006373486297004938
1698647400000,2023-10-30T06:30:00Z,0.09408,0.0941,0.094,0.09401,61784,5810.41256,0.09408,0.0941,0.09404,0.09405,0.09414,0.09415,0.0941,0.09411,-0.0004626,-0.0005061,-0.00052183,-0.0005061,-0.00010000000000000286,-0.0010625863351397605
1698647700000,2023-10-30T06:35:00Z,0.09401,0.09414,0.09401,0.09411,68028,6401.53927,0.09405,0.09414,0.09405,0.09412,0.09411,0.09418,0.09411,0.09418,-0.0005061,-0.00027776,-0.000386,-0.00027776,-7.000000000000062e-05,-0.0007432575918454089
1698648000000,2023-10-30T06:40:00Z,0.09411,0.09413,0.09409,0.09411,82516,7765.23211,0.09412,0.09413,0.09411,0.09412,0.09418,0.09418,0.09417,0.09418,-0.00027776,-0.00047504,-0.00048301,-0.00047504,-7.000000000000062e-05,-0.0007432575918454089
1698648300000,2023-10-30T06:45:00Z,0.09411,0.09424,0.09411,0.09424,71304,6715.59734,0.09412,0.09424,0.09412,0.09424,0.09418,0.0943,0.09418,0.0943,-0.00047504,-0.0004015,-0.00053027,-0.00053027,-5.9999999999990616e-05,-0.0006362672322374403
1698648600000,2023-10-30T06:50:00Z,0.09424,0.09424,0.09417,0.09417,7490,705.52819,0.09424,0.09424,0.09418,0.09418,0.0943,0.0943,0.09423,0.09424,-0.00053027,-0.0003537,-0.00057379,-0.0003537,-7.000000000000062e-05,-0.0007427843803056092
1698648900000,2023-10-30T06:55:00Z,0.09417,0.09419,0.09415,0.09419,9527,897.10381,0.09418,0.09419,0.09416,0.09419,0.09424,0.09424,0.09421,0.09423,-0.0003537,-0.00048668,-0.00050408,-0.00050408,-3.999999999999837e-05,-0.00042449326116946167
1698649200000,2023-10-30T07:00:00Z,0.09419,0.09421,0.09417,0.09421,48858,4602.08234,0.09419,0.09421,0.09418,0.09421,0.09423,0.09426,0.09421,0.09425,-0.00050408,-0.00038563,-0.00050854,-0.00038563,-3.999999999999837e-05,-0.00042440318302385536
1698649500000,2023-10-30T07:05:00Z,0.09421,0.09424,0.09421,0.09424,70235,6618.41656,0.09421,0.09427,0.09421,0.09427,0.09425,0.09431,0.09425,0.09431,-0.00038563,-0.00031823,-0.00053027,-0.00053027,-7.000000000000062e-05,-0.0007422330611812174
1698649800000,2023-10-30T07:10:00Z,0.09424,0.09427,0.09424,0.09426,280103,26397.97179,0.09427,0.09427,0.09425,0.09426,0.09431,0.09433,0.0943,0.09432,-0.00053027,-0.00051431,-0.0006156,-0.00051431,-6.0000000000004494e-05,-0.0006361323155216761
1698650100000,2023-10-30T07:15:00Z,0.09426,0.09427,0.09417,0.09417,73683,6944.62994,0.09426,0.09427,0.09417,0.09417,0.09432,0.09432,0.09422,0.09422,-0.00051431,-0.00048975,-0.00069255,-0.00048975,-4.999999999999449e-05,-0.0005306728932285554
1698650400000,2023-10-30T07:20:00Z,0.09417,0.09417,0.09404,0.09406,50505,4751.9174,0.09417,0.09417,0.09406,0.09409,0.09422,0.09423,0.09412,0.09416,-0.00048975,-0.00047525,-0.00048926,-0.00048926,-9.999999999998899e-05,-0.0010620220900593564
1698650700000,2023-10-30T07:25:00Z,0.09406,0.09411,0.09389,0.09399,570172,53604.85873,0.09409,0.09411,0.09397,0.09401,0.09416,0.09416,0.09402,0.09408,-0.00048926,-0.00025021,-0.00043408,-0.00025021,-8.999999999999286e-05,-0.0009566326530611487
1698651000000,2023-10-30T07:30:00Z,0.09399,0.09408,0.09399,0.09405,56203,5286.13409,0.09401,0.09408,0.09401,0.09406,0.09408,0.09414,0.09408,0.09413,-0.00025021,-0.00040835,-0.00053962,-0.00053962,-8.000000000001062e-05,-0.0008498884521407693
1698651300000,2023-10-30T07:35:00Z,0.09405,0.09408,0.09396,0.09399,77330,7269.40008,0.09406,0.09408,0.09396,0.094,0.09413,0.09415,0.09403,0.09408,-0.00053962,-0.00058065,-0.00064435,-0.00064435,-8.999999999999286e-05,-0.0009566326530611487
1698651600000,2023-10-30T07:40:00Z,0.09399,0.09405,0.09398,0.09402,35359,3324.2448,0.094,0.09406,0.09399,0.09406,0.09408,0.09414,0.09407,0.09414,-0.00064435,-0.00043391,-0.00058903,-0.00043391,-0.00011999999999999511,-0.0012746972594008404
1698651900000,2023-10-30T07:45:00Z,0.09402,0.09443,0.09402,0.09423,979881,92394.76119,0.09406,0.09436,0.09405,0.09423,0.09414,0.09438,0.09413,0.09431,-0.00043391,-0.0006364,-0.00081049,-0.00081049,-8.000000000001062e-05,-0.0008482663556357822
1698652200000,2023-10-30T07:50:00Z,0.09423,0.09425,0.0942,0.0942,51310,4834.34917,0.09423,0.09425,0.0942,0.09421,0.09431,0.09433,0.0943,0.09431,-0.00081049,-0.00081849,-0.00084391,-0.00084391,-0.00010999999999999899,-0.0011663662389990348
1698652500000,2023-10-30T07:55:00Z,0.0942,0.09421,0.09416,0.09419,105990,9983.09772,0.09421,0.09421,0.09417,0.0942,0.09431,0.09431,0.09427,0.0943,-0.00084391,-0.00066507,-0.00091218,-0.00066507,-0.00010999999999999899,-0.0011664899257688122
1698652800000,2023-10-30T08:00:00Z,0.09419,0.09422,0.09411,0.09418,246123,23174.39931,0.0942,0.09422,0.09413,0.09419,0.0943,0.0943,0.09421,0.09428,-0.00066507,-0.0008036,-0.00101219,-0.0008036,-0.00010000000000000286,-0.0010606703436572217
1698653100000,2023-10-30T08:05:00Z,0.09418,0.09425,0.09418,0.09424,29723,2800.61336,0.09419,0.09425,0.09419,0.09425,0.09428,0.09433,0.09428,0.09433,-0.0008036,-0.00078382,-0.00078466,-0.00078466,-8.999999999999286e-05,-0.0009540973179263529
1698653400000,2023-10-30T08:10:00Z,0.09424,0.09426,0.09423,0.09424,6130,577.70336,0.09425,0.09426,0.09424,0.09425,0.09433,0.09434,0.0943,0.09434,-0.00078466,-0.00075651,-0.00090142,-0.00090142,-9.999999999998899e-05,-0.0010599957600168433
1698653700000,2023-10-30T08:15:00Z,0.09424,0.09426,0.0942,0.09426,165913,15634.95515,0.09425,0.09426,0.09423,0.09426,0.09434,0.09434,0.09432,0.09433,-0.00090142,-0.00066839,-0.0007108,-0.0007108,-7.000000000000062e-05,-0.000742075691720562
1698654000000,2023-10-30T08:20:00Z,0.09426,0.09428,0.0942,0.09428,11205,1055.86429,0.09426,0.09428,0.0942,0.09428,0.09433,0.09435,0.09428,0.09435,-0.0007108,-0.00060699,-0.0007241,-0.0007241,-7.000000000000062e-05,-0.000741918388977219
1698654300000,2023-10-30T08:25:00Z,0.09428,0.09428,0.09425,0.09427,22175,2090.28833,0.09428,0.09428,0.09425,0.09428,0.09435,0.09436,0.09431,0.09435,-0.0007241,-0.00057027,-0.00065302,-0.00057027,-7.999999999999674e-05,-0.0008479067302596369
1698654600000,2023-10-30T08:30:00Z,0.09427,0.09436,0.09426,0.09436,35201,3319.51497,0.09428,0.09437,0.09426,0.09436,0.09435,0.09444,0.09434,0.09444,-0.00057027,-0.0004372,-0.00052399,-0.0004372,-7.999999999999674e-05,-0.0008470986869970006
1698654900000,2023-10-30T08:35:00Z,0.09436,0.09454,0.09436,0.09452,167554,15831.01805,0.09436,0.09454,0.09436,0.09452,0.09444,0.09458,0.09444,0.09453,-0.0004372,-0.00010103,-0.00040414,-0.00040414,-9.999999999996123e-06,-0.00010578652279695465
1698655200000,2023-10-30T08:40:00Z,0.09452,0.09472,0.09447,0.0946,293533,27774.02981,0.09452,0.09469,0.09447,0.09462,0.09453,0.09472,0.09452,0.09466,-0.00040414,-0.00004476,-0.00027925,-0.00004476,-5.9999999999990616e-05,-0.0006338474540459605
1698655500000,2023-10-30T08:45:00Z,0.0946,0.09468,0.0946,0.09467,321101,30389.72892,0.09462,0.09468,0.09462,0.09467,0.09466,0.09471,0.09466,0.0947,-0.00004476,-0.00016215,-0.00026164,-0.00016215,-3.0000000000002247e-05,-0.00031678986272441653
1698655800000,2023-10-30T08:50:00Z,0.09467,0.09468,0.09463,0.09468,106897,10118.08561,0.09467,0.0947,0.09464,0.09468,0.0947,0.09474,0.09467,0.09472,-0.00016215,-0.00007296,-0.00035701,-0.00035701,-3.999999999999837e-05,-0.0004222972972972801
1698656100000,2023-10-30T08:55:00Z,0.09468,0.09476,0.09467,0.09471,62097,5882.20319,0.09468,0.09476,0.09467,0.09471,0.09472,0.09477,0.0947,0.09472,-0.00035701,0,-0.00005585,0,-9.999999999996123e-06,-0.0001055743243242834
1698656400000,2023-10-30T09:00:00Z,0.09471,0.09477,0.09465,0.09477,196292,18588.38473,0.09471,0.09478,0.09469,0.09478,0.09472,0.09481,0.09471,0.09481,0,-0.00021601,-0.00031701,-0.00031701,-4.000000000001225e-05,-0.00042189642442793214
1698656700000,2023-10-30T09:05:00Z,0.09477,0.09496,0.09477,0.09494,351606,33352.53758,0.09478,0.09497,0.09478,0.09496,0.09481,0.095,0.09481,0.09499,-0.00031701,0,-0.00012719,-0.00012719,-5.000000000000837e-05,-0.00052637119696819
1698657000000,2023-10-30T09:10:00Z,0.09494,0.09499,0.09493,0.09494,63142,5996.14262,0.09496,0.09499,0.09494,0.09494,0.09499,0.09501,0.09496,0.09497,-0.00012719,-0.00005811,-0.00011884,-0.00005811,-3.0000000000002247e-05,-0.0003158892281773428
1698657300000,2023-10-30T09:15:00Z,0.09494,0.095,0.09494,0.095,252485,23983.45441,0.09494,0.09502,0.09494,0.095,0.09497,0.09504,0.09497,0.09502,-0.00005811,-0.00010525,-0.00021048,-0.00021048,-1.9999999999992246e-05,-0.00021048200378859447
1698657600000,2023-10-30T09:20:00Z,0.095,0.0951,0.09499,0.0951,699787,66495.30519,0.095,0.0951,0.095,0.0951,0.09502,0.09512,0.09502,0.0951,-0.00021048,-0.00004984,-0.00021028,-0.00021028,0.0,0.0
1698657900000,2023-10-30T09:25:00Z,0.0951,0.0951,0.09499,0.09505,77918,7404.11337,0.0951,0.0951,0.09499,0.09505,0.0951,0.0951,0.095,0.09507,-0.00021028,0,-0.00029425,0,-2.0000000000006124e-05,-0.00021037130535401412
1698658200000,2023-10-30T09:30:00Z,0.09505,0.09507,0.09502,0.09503,168819,16047.53113,0.09505,0.09509,0.09503,0.09503,0.09507,0.09511,0.09506,0.09506,0,-0.00011231,-0.00041859,-0.00041859,-3.0000000000002247e-05,-0.0003155901535872317
1698658500000,2023-10-30T09:35:00Z,0.09503,0.09504,0.09493,0.09501,268714,25516.70663,0.09503,0.09504,0.09494,0.09501,0.09506,0.09508,0.09497,0.09506,-0.00041859,-0.00028999,-0.00063104,-0.00063104,-5.000000000000837e-05,-0.0005259835893121014
1698658800000,2023-10-30T09:40:00Z,0.09501,0.09506,0.09499,0.09506,180238,17126.1718,0.09501,0.09506,0.09499,0.09506,0.09506,0.0951,0.09504,0.0951,-0.00063104,-0.00052592,-0.00057437,-0.00052592,-3.999999999999837e-05,-0.00042060988433226465
1698659100000,2023-10-30T09:45:00Z,0.09506,0.09506,0.09497,0.095,55543,5277.51935,0.09506,0.09506,0.09498,0.095,0.0951,0.0951,0.09503,0.09505,-0.00052592,-0.00042083,-0.00046081,-0.00042083,-4.999999999999449e-05,-0.0005260389268805313
1698659400000,2023-10-30T09:50:00Z,0.095,0.095,0.09491,0.09492,232941,22113.78056,0.095,0.09501,0.09491,0.09492,0.09505,0.09506,0.09496,0.09497,-0.00042083,-0.00040754,-0.00060515,-0.00040754,-4.999999999999449e-05,-0.0005264820469621407
1698659700000,2023-10-30T09:55:00Z,0.09492,0.09493,0.09482,0.09483,659407,62533.24557,0.09492,0.09493,0.09485,0.09485,0.09497,0.09498,0.0949,0.0949,-0.00040754,-0.00029624,-0.00038544,-0.00029624,-7.000000000000062e-05,-0.0007376185458377305
1698660000000,2023-10-30T10:00:00Z,0.09483,0.09487,0.0948,0.0948,52280,4957.83437,0.09485,0.09487,0.0948,0.0948,0.0949,0.09491,0.09483,0.09484,-0.00029624,-0.00037625,-0.00039852,-0.00039852,-3.999999999999837e-05,-0.0004217629692112861
1698660300000,2023-10-30T10:05:00Z,0.0948,0.09481,0.09475,0.09476,22122,2096.60531,0.0948,0.09481,0.09475,0.09476,0.09484,0.09485,0.09481,0.09481,-0.00039852,-0.00051239,-0.00056406,-0.00051239,-5.000000000000837e-05,-0.000527370530534842
1698660600000,2023-10-30T10:10:00Z,0.09476,0.09476,0.0947,0.09472,59981,5683.04579,0.09476,0.09476,0.09472,0.09472,0.09481,0.09482,0.09479,0.09479,-0.00051239,-0.00052737,-0.00078649,-0.00078649,-7.000000000000062e-05,-0.0007384745226289758
1698660900000,2023-10-30T10:15:00Z,0.09472,0.0948,0.09471,0.0948,41537,3934.90324,0.09472,0.0948,0.09471,0.0948,0.09479,0.09483,0.09477,0.09483,-0.00078649,-0.00028155,-0.00041375,-0.00028155,-3.0000000000002247e-05,-0.00031635558367607556
1698661200000,2023-10-30T10:20:00Z,0.0948,0.0948,0.09474,0.09478,26784,2538.80409,0.0948,0.0948,0.09475,0.09478,0.09483,0.09484,0.09479,0.09481,-0.00028155,-0.00033871,-0.00034412,-0.00033871,-3.0000000000002247e-05,-0.0003164223183208759
1698661500000,2023-10-30T10:25:00Z,0.09478,0.0948,0.09472,0.09474,198545,18811.45372,0.09478,0.0948,0.09473,0.09474,0.09481,0.09484,0.09478,0.09478,-0.00033871,-0.00043897,-0.00052725,-0.00043897,-3.999999999999837e-05,-0.00042202996412743585
1698661800000,2023-10-30T10:30:00Z,0.09474,0.09484,0.09472,0.09484,90993,8625.43908,0.09474,0.09485,0.09472,0.09484,0.09478,0.09489,0.09476,0.09489,-0.00043897,-0.00019565,-0.00029559,-0.00019565,-5.000000000000837e-05,-0.0005269259142165494
1698662100000,2023-10-30T10:35:00Z,0.09484,0.0949,0.09484,0.09488,31096,2950.49988,0.09484,0.09491,0.09484,0.09488,0.09489,0.09495,0.09488,0.0949,-0.00019565,-0.0002496,-0.00040528,-0.0002496,-1.9999999999992246e-05,-0.0002107481559535537
1698662400000,2023-10-30T10:40:00Z,0.09488,0.09492,0.09488,0.09492,9445,896.44598,0.09488,0.09492,0.09488,0.09492,0.0949,0.09494,0.09489,0.09494,-0.0002496,-0.00008701,-0.00019127,-0.00019127,-1.9999999999992246e-05,-0.00021065936380863963
1698662700000,2023-10-30T10:45:00Z,0.09492,0.09494,0.09491,0.09494,46450,4409.20464,0.09492,0.09494,0.09492,0.09494,0.09494,0.09496,0.09493,0.09496,-0.00019127,-0.00017302,-0.00019924,-0.00019924,-2.0000000000006124e-05,-0.00021061499578776456
1698663000000,2023-10-30T10:50:00Z,0.09494,0.09496,0.09493,0.09495,3779,358.77286,0.09494,0.09497,0.09493,0.09496,0.09496,0.095,0.09495,0.09499,-0.00019924,0,-0.00003968,-0.00003968,-3.999999999999837e-05,-0.00042109695757446436
1698663300000,2023-10-30T10:55:00Z,0.09495,0.09496,0.09485,0.09493,112372,10664.11243,0.09496,0.09496,0.09486,0.09494,0.09499,0.09499,0.0949,0.09497,-0.00003968,0,-0.00039974,0,-3.999999999999837e-05,-0.0004211856375697417
1698663600000,2023-10-30T11:00:00Z,0.09493,0.09497,0.09493,0.09495,90315,8575.85907,0.09494,0.09497,0.09494,0.09496,0.09497,0.095,0.09496,0.09499,0,-0.00028079,-0.00030638,-0.00028079,-3.999999999999837e-05,-0.00042109695757446436
1698663900000,2023-10-30T11:05:00Z,0.09495,0.09499,0.09494,0.09499,49394,4691.31224,0.09496,0.09499,0.09494,0.09499,0.09499,0.09502,0.09497,0.09502,-0.00028079,-0.00020166,-0.00022092,-0.00020166,-2.999999999998837e-05,-0.0003157230056828917
1698664200000,2023-10-30T11:10:00Z,0.09499,0.09502,0.09498,0.095,65506,6223.58424,0.09499,0.09502,0.09498,0.095,0.09502,0.09504,0.095,0.09502,-0.00020166,-0.00008018,-0.00016903,-0.00016903,-1.9999999999992246e-05,-0.00021048200378859447
1698664500000,2023-10-30T11:15:00Z,0.095,0.0951,0.095,0.09505,784607,74606.52726,0.095,0.09508,0.095,0.09506,0.09502,0.0951,0.09502,0.09509,-0.00016903,-0.00005805,-0.00009958,-0.00009958,-3.999999999999837e-05,-0.00042065411715215453
1698664800000,2023-10-30T11:20:00Z,0.09505,0.09506,0.09502,0.09504,54787,5207.17051,0.09506,0.09506,0.09502,0.09504,0.09509,0.09509,0.09504,0.09505,-0.00009958,0,-0.00021047,0,-9.999999999996123e-06,-0.00010520778537607705
1698665100000,2023-10-30T11:25:00Z,0.09504,0.09505,0.09491,0.09494,10950,1039.52767,0.09504,0.09505,0.09492,0.09495,0.09505,0.09505,0.09495,0.09498,0,0,-0.00007906,-0.00007906,-3.999999999999837e-05,-0.0004211412929037521
1698665400000,2023-10-30T11:30:00Z,0.09494,0.09501,0.09494,0.09501,37389,3550.80239,0.09495,0.09501,0.09494,0.09501,0.09498,0.09502,0.09497,0.09501,-0.00007906,0,0,0,0.0,0.0
1698665700000,2023-10-30T11:35:00Z,0.09501,0.09507,0.09501,0.09502,19032,1808.60181,0.09501,0.09508,0.09501,0.09503,0.09501,0.09509,0.09501,0.09504,0,0,0,0,-2.0000000000006124e-05,-0.00021043771043777488
1698666000000,2023-10-30T11:40:00Z,0.09502,0.09503,0.09496,0.09497,119531,11357.62787,0.09503,0.09503,0.09496,0.09497,0.09504,0.09504,0.09495,0.09496,0,0,0,0,9.999999999996123e-06,0.00010530749789380922
1698666300000,2023-10-30T11:45:00Z,0.09497,0.09502,0.09492,0.09492,265175,25180.22606,0.09497,0.095,0.09494,0.09497,0.09496,0.09499,0.09494,0.09497,0,0,0,0,-4.999999999999449e-05,-0.0005264820469621407
1698666600000,2023-10-30T11:50:00Z,0.09492,0.09503,0.09492,0.09499,73762,7007.84882,0.09497,0.09504,0.09497,0.09499,0.09497,0.09504,0.09497,0.09499,0,0.00002063,0,0,0.0,0.0
1698666900000,2023-10-30T11:55:00Z,0.09499,0.09504,0.09496,0.09496,146397,13907.60602,0.09499,0.09503,0.09496,0.09496,0.09499,0.09502,0.09495,0.09496,0,0,0,0,0.0,0.0
1698667200000,2023-10-30T12:00:00Z,0.09496,0.09507,0.09494,0.095,186466,17716.63767,0.09496,0.09505,0.09496,0.09501,0.09496,0.09504,0.09496,0.09501,0,0,0,0,-9.999999999996123e-06,-0.00010525207872851409
1698667500000,2023-10-30T12:05:00Z,0.095,0.09501,0.09493,0.09494,95491,9067.75955,0.09501,0.09502,0.09494,0.09496,0.09501,0.09502,0.09495,0.09498,0,-0.00015711,-0.00019364,-0.00019364,-3.999999999999837e-05,-0.0004211412929037521
1698667800000,2023-10-30T12:10:00Z,0.09494,0.09509,0.09494,0.09509,58921,5596.34905,0.09496,0.09509,0.09496,0.09509,0.09498,0.09511,0.09498,0.09511,-0.00019364,0,0,0,-2.0000000000006124e-05,-0.00021028283040696168
1698668100000,2023-10-30T12:15:00Z,0.09509,0.0952,0.09508,0.09516,474818,45190.60425,0.09509,0.0952,0.09508,0.09516,0.09511,0.09523,0.0951,0.09519,0,-0.00007867,-0.00018004,-0.00018004,-3.0000000000002247e-05,-0.0003151591553734872
1698668400000,2023-10-30T12:20:00Z,0.09516,0.09519,0.09514,0.09519,39011,3712.35683,0.09516,0.0952,0.09516,0.09519,0.09519,0.09523,0.09519,0.09521,-0.00018004,-0.00021109,-0.00023222,-0.00021109,-2.0000000000006124e-05,-0.0002100619682807071
1698668700000,2023-10-30T12:25:00Z,0.09519,0.09536,0.09518,0.09528,760475,72441.98494,0.09519,0.0953,0.09518,0.09528,0.09521,0.0953,0.09521,0.0953,-0.00021109,0,-0.00002572,0,-1.9999999999992246e-05,-0.00020986358866728486
1698669000000,2023-10-30T12:30:00Z,0.09528,0.09533,0.0951,0.09521,869914,82795.58219,0.09528,0.09531,0.0951,0.09523,0.0953,0.09531,0.09511,0.09525,0,0,-0.00022824,-0.00022824,-3.999999999999837e-05,-0.0004199475065616627
1698669300000,2023-10-30T12:35:00Z,0.09521,0.09522,0.09509,0.09509,198636,18900.57484,0.09523,0.09523,0.09509,0.09511,0.09525,0.09525,0.0951,0.09514,-0.00022824,-0.00021019,-0.00038867,-0.00021019,-5.000000000000837e-05,-0.0005255413075468612
1698669600000,2023-10-30T12:40:00Z,0.09509,0.09518,0.09509,0.09518,23553,2240.39263,0.09511,0.09518,0.0951,0.09518,0.09514,0.0952,0.09513,0.09519,-0.00021019,-0.00003362,-0.00015572,-0.00003362,-9.999999999996123e-06,-0.00010505305179111381
1698669900000,2023-10-30T12:45:00Z,0.09518,0.09523,0.09507,0.09507,11754,1118.93226,0.09518,0.09523,0.09508,0.09508,0.09519,0.09524,0.0951,0.0951,-0.00003362,-0.00010665,-0.0001705,-0.00010665,-3.0000000000002247e-05,-0.00031545741324923496
1698670200000,2023-10-30T12:50:00Z,0.09507,0.09507,0.09494,0.09494,109221,10375.31568,0.09508,0.0951,0.09496,0.09497,0.0951,0.09512,0.09499,0.095,-0.00010665,-0.00015093,-0.00016935,-0.00015093,-6.0000000000004494e-05,-0.0006315789473684683
1698670500000,2023-10-30T12:55:00Z,0.09494,0.09503,0.09494,0.09497,164781,15655.86969,0.09497,0.09506,0.09496,0.09498,0.095,0.0951,0.09499,0.09504,-0.00015093,-0.00024489,-0.00056861,-0.00024489,-7.000000000000062e-05,-0.000736531986531993
1698670800000,2023-10-30T13:00:00Z,0.09497,0.09499,0.0949,0.09493,238636,22648.49429,0.09498,0.095,0.0949,0.09493,0.09504,0.09506,0.09494,0.09497,-0.00024489,-0.0000923,-0.00013554,-0.00013554,-3.999999999999837e-05,-0.0004211856375697417
1698671100000,2023-10-30T13:05:00Z,0.09493,0.09502,0.09493,0.09501,41794,3970.96797,0.09493,0.09503,0.09493,0.09503,0.09497,0.09507,0.09497,0.09507,-0.00013554,-0.00019829,-0.00025186,-0.00019829,-6.0000000000004494e-05,-0.0006311139160618965
1698671400000,2023-10-30T13:10:00Z,0.09501,0.09505,0.09501,0.09504,16886,1604.70202,0.09503,0.09505,0.09501,0.09504,0.09507,0.09509,0.09504,0.09509,-0.00019829,0,-0.00008877,0,-4.999999999999449e-05,-0.0005258176464401567
1698671700000,2023-10-30T13:15:00Z,0.09504,0.09513,0.09504,0.09511,38621,3672.12718,0.09504,0.09513,0.09504,0.09513,0.09509,0.09517,0.09509,0.09517,0,-0.00016424,-0.00025554,-0.00025554,-6.0000000000004494e-05,-0.0006304507723022433
1698672000000,2023-10-30T13:20:00Z,0.09511,0.09521,0.09511,0.0952,204262,19444.26598,0.09513,0.09521,0.09512,0.0952,0.09517,0.09525,0.09516,0.09524,-0.00025554,-0.00017473,-0.00027428,-0.00027428,-3.999999999999837e-05,-0.0004199916001679795
1698672300000,2023-10-30T13:25:00Z,0.0952,0.09522,0.09514,0.0952,244391,23260.08914,0.0952,0.09523,0.09515,0.0952,0.09524,0.09527,0.09516,0.09523,-0.00027428,0,-0.00035868,0,-2.999999999998837e-05,-0.00031502677727594634
1698672600000,2023-10-30T13:30:00Z,0.0952,0.09521,0.09515,0.0952,25647,2440.97808,0.0952,0.09521,0.09516,0.0952,0.09523,0.09525,0.09519,0.09524,0,0,-0.00028908,0,-3.999999999999837e-05,-0.0004199916001679795
1698672900000,2023-10-30T13:35:00Z,0.0952,0.09521,0.09513,0.09519,109149,10389.54666,0.0952,0.09522,0.09513,0.0952,0.09524,0.09525,0.09516,0.09524,0,0,-0.00013712,0,-5.000000000000837e-05,-0.0005249895002100837
1698673200000,2023-10-30T13:40:00Z,0.09519,0.09525,0.09519,0.09525,4040,384.74711,0.0952,0.09525,0.0952,0.09525,0.09524,0.09528,0.09524,0.09528,0,-0.00014128,-0.00021882,-0.00014128,-3.0000000000002247e-05,-0.0003148614609572024
1698673500000,2023-10-30T13:45:00Z,0.09525,0.0953,0.09524,0.09528,50522,4813.38604,0.09525,0.09529,0.09524,0.09528,0.09528,0.09533,0.09527,0.09532,-0.00014128,-0.00024213,-0.00031084,-0.00031084,-3.999999999999837e-05,-0.00041963911036506894
1698673800000,2023-10-30T13:50:00Z,0.09528,0.09528,0.09523,0.09524,26246,2499.93641,0.09528,0.09528,0.09523,0.09526,0.09532,0.09533,0.09525,0.0953,-0.00031084,0,-0.00017768,0,-5.9999999999990616e-05,-0.0006295907660020002
1698674100000,2023-10-30T13:55:00Z,0.09524,0.0953,0.09523,0.09529,102290,9743.10307,0.09526,0.0953,0.09523,0.09529,0.0953,0.09534,0.09528,0.09534,0,-0.00007965,-0.00017705,-0.00017705,-4.999999999999449e-05,-0.0005244388504299821
1698674400000,2023-10-30T14:00:00Z,0.09529,0.09539,0.09528,0.09537,803920,76625.8596,0.09529,0.09539,0.09528,0.09537,0.09534,0.09539,0.09533,0.09539,-0.00017705,0,0,0,-2.0000000000006124e-05,-0.00020966558339455
1698674700000,2023-10-30T14:05:00Z,0.09537,0.09541,0.09534,0.09539,55683,5312.17741,0.09537,0.09541,0.09535,0.0954,0.09539,0.09541,0.09535,0.0954,0,0,0,0,-9.999999999996123e-06,-0.00010482180293496985
1698675000000,2023-10-30T14:10:00Z,0.09539,0.09539,0.09526,0.09532,428313,40824.45524,0.0954,0.09541,0.09528,0.09533,0.0954,0.09541,0.09528,0.09535,0,0,0,0,-3.0000000000002247e-05,-0.00031463030938649444
1698675300000,2023-10-30T14:15:00Z,0.09532,0.09538,0.09524,0.09528,18181,1733.25143,0.09533,0.09538,0.09524,0.09529,0.09535,0.09539,0.09524,0.0953,0,0,-0.00001908,0,-1.9999999999992246e-05,-0.00020986358866728486
1698675600000,2023-10-30T14:20:00Z,0.09528,0.0954,0.09523,0.09524,343665,32775.67389,0.09529,0.09533,0.09524,0.09525,0.0953,0.09533,0.09524,0.09525,0,0,0,0,-9.999999999996123e-06,-0.00010498687664037924
1698675900000,2023-10-30T14:25:00Z,0.09524,0.09525,0.09512,0.09515,91483,8706.34027,0.09525,0.09528,0.09514,0.09517,0.09525,0.09528,0.09515,0.09519,0,0,-0.00011537,0,-3.999999999999837e-05,-0.000420212207164601
1698676200000,2023-10-30T14:30:00Z,0.09515,0.09519,0.09512,0.09512,117329,11161.30756,0.09517,0.09521,0.09512,0.09513,0.09519,0.09523,0.09515,0.09516,0,0,0,0,-3.999999999999837e-05,-0.00042034468263974753
1698676500000,2023-10-30T14:35:00Z,0.09512,0.09515,0.09512,0.09515,146155,13902.74815,0.09513,0.09515,0.09512,0.09515,0.09516,0.09518,0.09515,0.09518,0,0,-0.00024464,0,-3.0000000000002247e-05,-0.0003151922672830663
1698676800000,2023-10-30T14:40:00Z,0.09515,0.09516,0.09507,0.09507,45033,4282.61858,0.09515,0.09516,0.09507,0.09507,0.09518,0.09519,0.0951,0.0951,0,-0.00006693,-0.00032247,-0.00006693,-3.0000000000002247e-05,-0.00031545741324923496
1698677100000,2023-10-30T14:45:00Z,0.09507,0.09509,0.095,0.09508,477908,45414.74803,0.09507,0.09509,0.09504,0.09508,0.0951,0.09512,0.09509,0.09512,-0.00006693,-0.00004605,-0.00042477,-0.00004605,-3.999999999999837e-05,-0.0004205214465937592
1698677400000,2023-10-30T14:50:00Z,0.09508,0.09509,0.095,0.09504,36000,3421.83747,0.09508,0.09509,0.095,0.09505,0.09512,0.09513,0.09504,0.09509,-0.00004605,-0.00003271,-0.00030468,-0.00003271,-4.999999999999449e-05,-0.0005258176464401567
1698677700000,2023-10-30T14:55:00Z,0.09504,0.0952,0.09503,0.0952,386494,36779.14068,0.09505,0.09516,0.09504,0.09516,0.09509,0.09516,0.09508,0.09516,-0.00003271,-0.00000893,-0.00021873,-0.00021873,4.000000000001225e-05,0.00042034468263989336
1698678000000,2023-10-30T15:00:00Z,0.0952,0.0952,0.09514,0.09519,18593,1769.44995,0.09516,0.09519,0.09514,0.09519,0.09516,0.0952,0.09516,0.09519,-0.00021873,0,0,0,0.0,0.0
1698678300000,2023-10-30T15:05:00Z,0.09519,0.09521,0.09516,0.09517,45800,4359.58092,0.09519,0.09521,0.09516,0.09517,0.09519,0.09522,0.09516,0.09517,0,0,0,0,0.0,0.0
1698678600000,2023-10-30T15:10:00Z,0.09517,0.09517,0.0951,0.09511,61329,5834.2023,0.09517,0.09517,0.09511,0.09512,0.09517,0.09517,0.09511,0.09513,0,0,-0.00009111,-0.00009111,-2.0000000000006124e-05,-0.0002102386208347117
1698678900000,2023-10-30T15:15:00Z,0.09511,0.0952,0.09511,0.09519,66164,6296.66163,0.09512,0.09522,0.09512,0.09522,0.09513,0.09523,0.09512,0.09523,-0.00009111,0,0,0,-3.999999999999837e-05,-0.00042003570303474086
1698679200000,2023-10-30T15:20:00Z,0.09519,0.09521,0.09509,0.09509,35519,3379.31615,0.09522,0.09522,0.0951,0.0951,0.09523,0.09523,0.09512,0.09513,0,0,-0.00019968,0,-4.000000000001225e-05,-0.0004204772416694234
1698679500000,2023-10-30T15:25:00Z,0.09509,0.0951,0.09498,0.09498,598386,56846.66798,0.0951,0.09511,0.095,0.09501,0.09513,0.09514,0.09504,0.09505,0,-0.00015141,-0.00018611,-0.00018611,-7.000000000000062e-05,-0.0007364544976328313
1698679800000,2023-10-30T15:30:00Z,0.09498,0.09505,0.09498,0.09502,27215,2585.97555,0.09501,0.09505,0.09501,0.09504,0.09505,0.09508,0.09505,0.09508,-0.00018611,-0.00029575,-0.00031552,-0.00031552,-6.0000000000004494e-05,-0.0006310475389146455
1698680100000,2023-10-30T15:35:00Z,0.09502,0.09507,0.095,0.09507,21605,2053.32449,0.09504,0.0951,0.09501,0.09507,0.09508,0.09514,0.09505,0.09512,-0.00031552,-0.00022043,-0.00042073,-0.00042073,-4.999999999999449e-05,-0.0005256518082421625
1698680400000,2023-10-30T15:40:00Z,0.09507,0.09507,0.09503,0.09506,26409,2510.31712,0.09507,0.09507,0.09503,0.09506,0.09512,0.09512,0.09507,0.0951,-0.00042073,-0.00031472,-0.00045594,-0.00045594,-3.999999999999837e-05,-0.00042060988433226465
1698680700000,2023-10-30T15:45:00Z,0.09506,0.0951,0.09505,0.09506,20993,1995.43025,0.09506,0.0951,0.09505,0.09506,0.0951,0.09515,0.09508,0.09509,-0.00045594,-0.00010238,-0.00039678,-0.00039678,-2.999999999998837e-05,-0.0003154905878640064
1698681000000,2023-10-30T15:50:00Z,0.09506,0.09506,0.09503,0.09503,10409,989.186,0.09506,0.09506,0.09504,0.09504,0.09509,0.09509,0.09507,0.09508,-0.00039678,-0.00022273,-0.00036274,-0.00036274,-4.999999999999449e-05,-0.0005258729490954406
1698681300000,2023-10-30T15:55:00Z,0.09503,0.09507,0.09503,0.09506,78337,7446.67065,0.09504,0.09507,0.09503,0.09506,0.09508,0.0951,0.09507,0.09509,-0.00036274,-0.00015963,-0.00028657,-0.00028657,-2.999999999998837e-05,-0.0003154905878640064
1698681600000,2023-10-30T16:00:00Z,0.09506,0.09507,0.09499,0.09507,21218,2016.51951,0.09506,0.09508,0.095,0.09508,0.09509,0.09513,0.09504,0.09513,-0.00028657,-0.00003501,-0.00020252,-0.00020252,-6.0000000000004494e-05,-0.0006307158625039891
1698681900000,2023-10-30T16:05:00Z,0.09507,0.09511,0.09507,0.09509,4955,471.19849,0.09508,0.09513,0.09508,0.09509,0.09513,0.09517,0.09511,0.09513,-0.00020252,0,-0.00000557,0,-4.000000000001225e-05,-0.0004204772416694234
1698682200000,2023-10-30T16:10:00Z,0.09509,0.09511,0.09508,0.09508,2964,281.81802,0.09509,0.09511,0.09508,0.09508,0.09513,0.09515,0.0951,0.09513,0,-0.00008294,-0.00021692,-0.00008294,-5.000000000000837e-05,-0.0005255965520867062
1698682500000,2023-10-30T16:15:00Z,0.09508,0.09508,0.09507,0.09508,2879,273.73007,0.09508,0.09509,0.09507,0.09508,0.09513,0.09514,0.09511,0.09513,-0.00008294,-0.00000767,-0.00041742,-0.00000767,-5.000000000000837e-05,-0.0005255965520867062
1698682800000,2023-10-30T16:20:00Z,0.09508,0.09509,0.09493,0.09499,264008,25069.49612,0.09508,0.09509,0.09495,0.09499,0.09513,0.09514,0.09499,0.09503,-0.00000767,-0.0001001,-0.00018371,-0.0001001,-3.999999999999837e-05,-0.00042091970956538324
1698683100000,2023-10-30T16:25:00Z,0.09499,0.09499,0.0949,0.0949,64637,6134.94447,0.09499,0.095,0.0949,0.0949,0.09503,0.09504,0.09492,0.09493,-0.0001001,-0.00050426,-0.00053842,-0.00053842,-3.0000000000002247e-05,-0.00031602233224483565
1698683400000,2023-10-30T16:30:00Z,0.0949,0.09494,0.0949,0.09493,29122,2764.22142,0.0949,0.09495,0.0949,0.09495,0.09493,0.09499,0.09493,0.09499,-0.00053842,-0.00029213,-0.00049099,-0.00029213,-6.0000000000004494e-05,-0.0006316454363617695
1698683700000,2023-10-30T16:35:00Z,0.09493,0.09497,0.09491,0.09491,40148,3811.74012,0.09495,0.09497,0.09491,0.09491,0.09499,0.09502,0.09494,0.09495,-0.00029213,-0.00025918,-0.0005359,-0.00025918,-4.000000000001225e-05,-0.000421274354923773
1698684000000,2023-10-30T16:40:00Z,0.09491,0.09491,0.09481,0.09482,986485,93599.82128,0.09491,0.09492,0.09481,0.09483,0.09495,0.09496,0.09486,0.09488,-0.00025918,-0.0001933,-0.00056504,-0.00056504,-6.0000000000004494e-05,-0.0006323777403035887
1698684300000,2023-10-30T16:45:00Z,0.09482,0.09489,0.09481,0.09488,172995,16404.76372,0.09483,0.09493,0.09483,0.09493,0.09488,0.09498,0.09488,0.09498,-0.00056504,-0.00022332,-0.00024346,-0.00022332,-9.999999999998899e-05,-0.0010528532322593071
1698684600000,2023-10-30T16:50:00Z,0.09488,0.09498,0.09488,0.09493,579793,55062.18316,0.09493,0.09498,0.09493,0.09494,0.09498,0.09504,0.09498,0.09499,-0.00022332,-0.00020425,-0.00031575,-0.00031575,-6.0000000000004494e-05,-0.0006316454363617695
1698684900000,2023-10-30T16:55:00Z,0.09493,0.09495,0.09493,0.09495,4044,383.97279,0.09494,0.09495,0.09493,0.09495,0.09499,0.09499,0.09497,0.09499,-0.00031575,-0.0003906,-0.00039446,-0.00039446,-3.999999999999837e-05,-0.00042109695757446436
1698685200000,2023-10-30T17:00:00Z,0.09495,0.09501,0.09494,0.09498,120387,11432.34846,0.09495,0.09503,0.09495,0.09501,0.09499,0.09507,0.09499,0.09506,-0.00039446,-0.00045555,-0.00049111,-0.00045555,-8.000000000001062e-05,-0.0008415737428993332
1698685500000,2023-10-30T17:05:00Z,0.09498,0.09498,0.09486,0.09487,3264,309.8844,0.09501,0.09501,0.09487,0.09487,0.09506,0.09506,0.09493,0.09493,-0.00045555,-0.00029833,-0.00048025,-0.00048025,-6.0000000000004494e-05,-0.0006320446644896713
1698685800000,2023-10-30T17:10:00Z,0.09487,0.0949,0.0945,0.09456,1838425,173913.44852,0.09487,0.0949,0.09454,0.09457,0.09493,0.09496,0.0946,0.09464,-0.00048025,-0.00025369,-0.00038274,-0.00025369,-7.999999999999674e-05,-0.0008453085376161955
1698686100000,2023-10-30T17:15:00Z,0.09456,0.09481,0.09441,0.09446,1674031,158340.0409,0.09457,0.09465,0.09443,0.09446,0.09464,0.09471,0.0945,0.09453,-0.00025369,-0.00041097,-0.00066226,-0.00066226,-7.000000000000062e-05,-0.0007405056595789761
1698686400000,2023-10-30T17:20:00Z,0.09446,0.09458,0.09445,0.09454,158980,15025.76086,0.09446,0.0946,0.09445,0.09454,0.09453,0.09466,0.09451,0.09457,-0.00066226,-0.00010558,-0.00019213,-0.00019213,-3.0000000000002247e-05,-0.00031722533573017074
1698686700000,2023-10-30T17:25:00Z,0.09454,0.09463,0.09452,0.09461,57178,5408.6199,0.09454,0.09463,0.09453,0.09461,0.09457,0.09467,0.09456,0.09465,-0.00019213,-0.00000655,-0.00033139,-0.00033139,-3.999999999999837e-05,-0.00042260961436870967
1698687000000,2023-10-30T17:30:00Z,0.09461,0.09471,0.0946,0.09467,408749,38692.73306,0.09461,0.09467,0.09461,0.09467,0.09465,0.0947,0.09465,0.09467,-0.00033139,0,-0.00012158,-0.00012158,0.0,0.0
1698687300000,2023-10-30T17:35:00Z,0.09467,0.09472,0.09465,0.09467,78512,7433.24138,0.09467,0.09475,0.09466,0.09468,0.09467,0.09478,0.09466,0.09471,-0.00012158,-0.00002143,-0.0001503,-0.00002143,-3.999999999999837e-05,-0.00042234188575650266
1698687600000,2023-10-30T17:40:00Z,0.09467,0.09475,0.09466,0.09472,25485,2413.65465,0.09468,0.09475,0.09466,0.09475,0.09471,0.09478,0.09469,0.09478,-0.00002143,0,0,0,-6.0000000000004494e-05,-0.000633044946191227
1698687900000,2023-10-30T17:45:00Z,0.09472,0.09478,0.09472,0.09477,1321,125.1884,0.09475,0.09481,0.09472,0.09478,0.09478,0.09485,0.09475,0.09482,0,-0.0000561,-0.00006454,-0.00006454,-5.000000000000837e-05,-0.0005273149124658128
1698688200000,2023-10-30T17:50:00Z,0.09477,0.09489,0.09477,0.09489,48491,4598.35884,0.09478,0.09489,0.09478,0.09489,0.09482,0.0949,0.09482,0.09489,-0.00006454,0,0,0,0.0,0.0
1698688500000,2023-10-30T17:55:00Z,0.09489,0.0949,0.09486,0.09487,91125,8645.31614,0.09489,0.09491,0.09486,0.09489,0.09489,0.09491,0.09487,0.09489,0,0,0,0,-2.0000000000006124e-05,-0.000210770365686649
1698688800000,2023-10-30T18:00:00Z,0.09487,0.09492,0.09487,0.09491,25853,2453.03327,0.09489,0.09492,0.09488,0.09491,0.09489,0.09493,0.09489,0.09492,0,0,0,0,-1.0000000000010001e-05,-0.00010535187526348505
1698689100000,2023-10-30T18:05:00Z,0.09491,0.09491,0.09484,0.09485,16552,1570.39152,0.09491,0.09491,0.09485,0.09485,0.09492,0.09492,0.09487,0.09487,0,0,-0.00013686,0,-1.9999999999992246e-05,-0.00021081479919882203
1698689400000,2023-10-30T18:10:00Z,0.09485,0.09492,0.09484,0.09489,13774,1306.68011,0.09485,0.09492,0.09485,0.09489,0.09487,0.09493,0.09487,0.09491,0,0,0,0,-1.9999999999992246e-05,-0.00021072595090077176
1698689700000,2023-10-30T18:15:00Z,0.09489,0.09489,0.09478,0.09487,26100,2475.90451,0.09489,0.0949,0.09478,0.09487,0.09491,0.09492,0.0948,0.09489,0,0,-0.00001212,0,-2.0000000000006124e-05,-0.000210770365686649
1698690000000,2023-10-30T18:20:00Z,0.09487,0.09487,0.09485,0.09486,48136,4565.73031,0.09487,0.09489,0.09485,0.09488,0.09489,0.09492,0.09486,0.09491,0,0,-0.00001001,0,-4.999999999999449e-05,-0.0005268148772520756
1698690300000,2023-10-30T18:25:00Z,0.09486,0.09495,0.09486,0.09494,14690,1394.32415,0.09488,0.09498,0.09488,0.09497,0.09491,0.095,0.09491,0.095,0,0,-0.00000179,-0.00000179,-6.0000000000004494e-05,-0.0006315789473684683
1698690600000,2023-10-30T18:30:00Z,0.09494,0.09497,0.09494,0.09497,3999,379.72728,0.09497,0.09499,0.09496,0.09497,0.095,0.09503,0.09498,0.095,-0.00000179,0,-0.00014248,-0.00014248,-3.0000000000002247e-05,-0.00031578947368423417
1698690900000,2023-10-30T18:35:00Z,0.09497,0.095,0.09495,0.09498,121665,11554.39508,0.09497,0.095,0.09495,0.09499,0.095,0.09503,0.09496,0.095,-0.00014248,-0.00002042,-0.0002567,-0.00002042,-2.0000000000006124e-05,-0.00021052631578953815
1698691200000,2023-10-30T18:40:00Z,0.09498,0.09501,0.09498,0.09501,24150,2294.24561,0.09499,0.09504,0.09498,0.09503,0.095,0.09505,0.09498,0.09504,-0.00002042,-0.00008039,-0.00016457,-0.00008039,-3.0000000000002247e-05,-0.0003156565656565893
1698691500000,2023-10-30T18:45:00Z,0.09501,0.09504,0.095,0.09502,15650,1486.91013,0.09503,0.09504,0.095,0.09502,0.09504,0.09505,0.095,0.09501,-0.00008039,0,0,0,9.999999999996123e-06,0.00010525207872851409
1698691800000,2023-10-30T18:50:00Z,0.09502,0.09502,0.09491,0.09493,40930,3886.70004,0.09502,0.09502,0.09492,0.09493,0.09501,0.09501,0.09492,0.09493,0,0,0,0,0.0,0.0
1698692100000,2023-10-30T18:55:00Z,0.09493,0.095,0.09493,0.09499,49827,4731.50162,0.09493,0.095,0.09493,0.09498,0.09493,0.09501,0.09493,0.09497,0,0,-0.0000722,-0.0000722,2.0000000000006124e-05,0.00021059281878494393
1698692400000,2023-10-30T19:00:00Z,0.09499,0.09499,0.09494,0.09494,32613,3097.47886,0.09498,0.09501,0.09494,0.09494,0.09497,0.09501,0.09494,0.09494,-0.0000722,0,0,0,0.0,0.0
1698692700000,2023-10-30T19:05:00Z,0.09494,0.095,0.09494,0.09497,263218,25003.80235,0.09494,0.09499,0.09492,0.09497,0.09494,0.09498,0.09491,0.09496,0,0,0,0,9.999999999996123e-06,0.00010530749789380922
1698693000000,2023-10-30T19:10:00Z,0.09497,0.09504,0.09497,0.09504,168,15.96128,0.09497,0.09505,0.09496,0.09505,0.09496,0.09504,0.09495,0.09504,0,0,-0.00003419,0,0.0,0.0
1698693300000,2023-10-30T19:15:00Z,0.09504,0.09504,0.09499,0.09499,31673,3009.52123,0.09505,0.09506,0.09499,0.09499,0.09504,0.09505,0.09498,0.09498,0,0,-0.00009689,0,1.0000000000010001e-05,0.0001052853232260476
1698693600000,2023-10-30T19:20:00Z,0.09499,0.09503,0.09499,0.09501,3817,362.64831,0.09499,0.09505,0.09499,0.09504,0.09498,0.09506,0.09498,0.09505,0,0,0,0,-3.999999999999837e-05,-0.0004208311415044542
1698693900000,2023-10-30T19:25:00Z,0.09501,0.09507,0.09501,0.09507,19502,1853.60394,0.09504,0.09508,0.09503,0.09506,0.09505,0.0951,0.09505,0.09505,0,0,-0.00007309,-0.00007309,2.0000000000006124e-05,0.00021041557075230011
1698694200000,2023-10-30T19:30:00Z,0.09507,0.09511,0.09507,0.09511,28137,2675.51343,0.09506,0.09512,0.09506,0.09512,0.09505,0.09514,0.09505,0.09514,-0.00007309,-0.00002323,-0.00014968,-0.00014968,-3.0000000000002247e-05,-0.00031532478452808753
1698694500000,2023-10-30T19:35:00Z,0.09511,0.09512,0.09511,0.09512,2173,206.69576,0.09512,0.09513,0.09512,0.09512,0.09514,0.09515,0.09511,0.09514,-0.00014968,0,-0.00021021,0,-2.0000000000006124e-05,-0.00021021652301877363
1698694800000,2023-10-30T19:40:00Z,0.09512,0.09512,0.09495,0.095,561895,53384.94875,0.09512,0.09512,0.09502,0.09502,0.09514,0.09514,0.09503,0.09503,0,0,0,0,-3.0000000000002247e-05,-0.00031568978217407396
1698695100000,2023-10-30T19:45:00Z,0.095,0.09509,0.09493,0.09508,887868,84370.09574,0.09502,0.0951,0.095,0.09508,0.09503,0.09513,0.09501,0.09511,0,-0.00030179,-0.00030372,-0.00030179,-3.0000000000002247e-05,-0.0003154242456103695
1698695400000,2023-10-30T19:50:00Z,0.09508,0.0951,0.095,0.09506,325514,30934.87545,0.09508,0.09512,0.09506,0.09506,0.09511,0.09514,0.09508,0.09508,-0.00030179,-0.00002975,-0.00017705,-0.00002975,-1.9999999999992246e-05,-0.00021034917963811786
1698695700000,2023-10-30T19:55:00Z,0.09506,0.09506,0.095,0.095,11435,1086.71443,0.09506,0.0951,0.095,0.09505,0.09508,0.09512,0.09503,0.0951,-0.00002975,-0.00001841,-0.00008921,-0.00001841,-0.00010000000000000286,-0.0010515247108307346
1698696000000,2023-10-30T20:00:00Z,0.095,0.09505,0.09495,0.09495,21740,2065.70535,0.09505,0.09506,0.09495,0.09497,0.0951,0.0951,0.09497,0.095,-0.00001841,0,-0.00019461,0,-4.999999999999449e-05,-0.0005263157894736262
1698696300000,2023-10-30T20:05:00Z,0.09495,0.09495,0.09491,0.09494,85305,8097.35147,0.09497,0.09498,0.09492,0.09494,0.095,0.09502,0.09495,0.095,0,-0.00015287,-0.00035459,-0.00035459,-6.0000000000004494e-05,-0.0006315789473684683
1698696600000,2023-10-30T20:10:00Z,0.09494,0.09494,0.0949,0.09491,10825,1027.61387,0.09494,0.09496,0.0949,0.09495,0.095,0.09501,0.09494,0.095,-0.00035459,0,-0.00021572,-0.00021572,-9.000000000000674e-05,-0.0009473684210527026
1698696900000,2023-10-30T20:15:00Z,0.09491,0.09493,0.09491,0.09493,24402,2316.28847,0.09495,0.09496,0.09492,0.09493,0.095,0.09501,0.09497,0.09498,-0.00021572,-0.00019119,-0.00043684,-0.00019119,-4.999999999999449e-05,-0.0005264266161296536
1698697200000,2023-10-30T20:20:00Z,0.09493,0.09493,0.09493,0.09493,13558,1287.06094,0.09493,0.09495,0.09493,0.09494,0.09498,0.095,0.09496,0.09499,-0.00019119,-0.00013035,-0.00064147,-0.00013035,-6.0000000000004494e-05,-0.0006316454363617695
1698697500000,2023-10-30T20:25:00Z,0.09493,0.09496,0.09492,0.09492,32071,3044.37621,0.09494,0.09496,0.09492,0.09493,0.09499,0.09502,0.09497,0.09499,-0.00013035,-0.00019498,-0.00038923,-0.00019498,-7.000000000000062e-05,-0.0007369196757553491
1698697800000,2023-10-30T20:30:00Z,0.09492,0.095,0.09492,0.095,6115,580.49961,0.09493,0.09503,0.09492,0.095,0.09499,0.09508,0.09497,0.09505,-0.00019498,-0.00020791,-0.00027943,-0.00027943,-4.999999999999449e-05,-0.0005260389268805313
1698698100000,2023-10-30T20:35:00Z,0.095,0.09507,0.095,0.09506,13113,1246.54487,0.095,0.09509,0.095,0.09507,0.09505,0.09513,0.09505,0.09511,-0.00027943,-0.00042056,-0.00058845,-0.00042056,-4.999999999999449e-05,-0.0005257070760171853
1698698400000,2023-10-30T20:40:00Z,0.09506,0.09506,0.09504,0.09504,1057,100.45728,0.09507,0.09508,0.09504,0.09506,0.09511,0.09513,0.09506,0.09511,-0.00042056,-0.00019019,-0.00025993,-0.00025993,-7.000000000000062e-05,-0.0007359899064241469
1698698700000,2023-10-30T20:45:00Z,0.09504,0.09508,0.09504,0.09508,17058,1621.86019,0.09506,0.09508,0.09504,0.09508,0.09511,0.09514,0.0951,0.09514,-0.00025993,-0.00029387,-0.00060016,-0.00029387,-6.0000000000004494e-05,-0.0006306495690561751
1698699000000,2023-10-30T20:50:00Z,0.09508,0.09509,0.09508,0.09509,2609,248.08926,0.09508,0.09512,0.09508,0.09512,0.09514,0.09516,0.0951,0.09516,-0.00029387,-0.00025649,-0.00028557,-0.00028557,-7.000000000000062e-05,-0.0007356031946195946
1698699300000,2023-10-30T20:55:00Z,0.09509,0.09512,0.09509,0.09511,12540,1192.75798,0.09512,0.09514,0.09509,0.09511,0.09516,0.09518,0.09512,0.09514,-0.00028557,-0.0005748,-0.00063038,-0.00063038,-3.0000000000002247e-05,-0.00031532478452808753
1698699600000,2023-10-30T21:00:00Z,0.09511,0.09512,0.09511,0.09512,32019,3045.62057,0.09511,0.09516,0.09511,0.09512,0.09514,0.0952,0.09513,0.09517,-0.00063038,-0.0003003,-0.00030471,-0.0003003,-5.000000000000837e-05,-0.0005253756435852513
1698699900000,2023-10-30T21:05:00Z,0.09512,0.09521,0.09511,0.09521,42974,4089.21762,0.09512,0.09522,0.09512,0.09521,0.09517,0.09527,0.09517,0.09525,-0.0003003,0,-0.00011676,0,-3.999999999999837e-05,-0.0004199475065616627
1698700200000,2023-10-30T21:10:00Z,0.09521,0.09521,0.09514,0.09517,20868,1985.84246,0.09521,0.09522,0.09515,0.09518,0.09525,0.09526,0.09519,0.09522,0,-0.00030644,-0.00058634,-0.00058634,-4.999999999999449e-05,-0.0005250997689560438
1698700500000,2023-10-30T21:15:00Z,0.09517,0.09528,0.09517,0.09527,35169,3349.52407,0.09518,0.09528,0.09517,0.09527,0.09522,0.09532,0.09522,0.0953,-0.00058634,-0.0002162,-0.0002362,-0.0002362,-3.0000000000002247e-05,-0.0003147953830010729
1698700800000,2023-10-30T21:20:00Z,0.09527,0.09529,0.09526,0.09528,7451,709.81382,0.09527,0.09528,0.09526,0.09528,0.0953,0.09532,0.09529,0.09532,-0.0002362,-0.0001405,-0.0002133,-0.0001405,-3.999999999999837e-05,-0.00041963911036506894
1698701100000,2023-10-30T21:25:00Z,0.09528,0.09529,0.09521,0.09521,116456,11092.48927,0.09528,0.09528,0.09521,0.09521,0.09532,0.09532,0.09523,0.09523,-0.0001405,-0.00010867,-0.00020363,-0.00020363,-1.9999999999992246e-05,-0.00021001785151729757
1698701400000,2023-10-30T21:30:00Z,0.09521,0.09526,0.09521,0.09526,3690,351.40547,0.09521,0.09527,0.09521,0.09526,0.09523,0.09531,0.09523,0.09529,-0.00020363,0,-0.00008595,0,-3.0000000000002247e-05,-0.0003148284185119346
1698701700000,2023-10-30T21:35:00Z,0.09526,0.09532,0.09526,0.09531,16274,1550.97919,0.09526,0.09532,0.09526,0.09531,0.09529,0.09535,0.09529,0.09532,0,0,-0.00003902,0,-9.999999999996123e-06,-0.00010490977759123083
1698702000000,2023-10-30T21:40:00Z,0.09531,0.09532,0.09526,0.09531,21169,2017.56059,0.09531,0.09534,0.0953,0.09532,0.09532,0.09537,0.09532,0.09536,0,-0.00018227,-0.0002496,-0.00018227,-4.999999999999449e-05,-0.0005243288590603449
1698702300000,2023-10-30T21:45:00Z,0.09531,0.09533,0.09531,0.09532,32599,3107.41389,0.09532,0.09534,0.09531,0.09532,0.09536,0.09538,0.09533,0.09533,-0.00018227,-0.00017902,-0.00025471,-0.00017902,-9.999999999996123e-06,-0.00010489877268431892
1698702600000,2023-10-30T21:50:00Z,0.09532,0.09532,0.09529,0.0953,20880,1989.91943,0.09532,0.09532,0.0953,0.0953,0.09533,0.09534,0.09532,0.09533,-0.00017902,0,-0.00010803,0,-3.0000000000002247e-05,-0.00031469631805310235
1698702900000,2023-10-30T21:55:00Z,0.0953,0.09531,0.09528,0.09531,55433,5283.06467,0.0953,0.09532,0.09529,0.09531,0.09533,0.09535,0.0953,0.09533,0,-0.00000996,-0.00009209,-0.00000996,-1.9999999999992246e-05,-0.00020979754536863785
1698703200000,2023-10-30T22:00:00Z,0.09531,0.09531,0.09521,0.09524,35027,3336.89545,0.09531,0.09532,0.09522,0.09524,0.09533,0.09535,0.09522,0.09527,-0.00000996,0,-0.00012062,-0.00012062,-2.999999999998837e-05,-0.0003148945103389144
1698703500000,2023-10-30T22:05:00Z,0.09524,0.09529,0.09523,0.09523,6056,576.89825,0.09524,0.09532,0.09524,0.09524,0.09527,0.09534,0.09527,0.09527,-0.00012062,0,0,0,-3.999999999999837e-05,-0.00041985934711869817
1698703800000,2023-10-30T22:10:00Z,0.09523,0.0953,0.09523,0.0953,191,18.19843,0.09524,0.09531,0.09524,0.0953,0.09527,0.09533,0.09527,0.09532,0,0,-0.00016018,-0.00016018,-2.0000000000006124e-05,-0.00020981955518260725
1698704100000,2023-10-30T22:15:00Z,0.0953,0.09533,0.0953,0.09533,3150,300.19895,0.0953,0.09534,0.0953,0.09533,0.09532,0.09537,0.09532,0.09536,-0.00016018,-0.0000627,-0.00010539,-0.00010539,-3.0000000000002247e-05,-0.00031459731543626517
1698704400000,2023-10-30T22:20:00Z,0.09533,0.09535,0.09533,0.09535,11019,1050.49313,0.09533,0.09535,0.09533,0.09535,0.09536,0.09538,0.09535,0.09536,-0.00010539,-0.00001793,-0.0000823,-0.0000823,-9.999999999996123e-06,-0.00010486577181203988
1698704700000,2023-10-30T22:25:00Z,0.09535,0.09535,0.09522,0.09531,29239,2785.67403,0.09535,0.09535,0.09525,0.09531,0.09536,0.09536,0.09528,0.09534,-0.0000823,0,-0.00018845,0,-2.999999999998837e-05,-0.00031466331025790196
1698705000000,2023-10-30T22:30:00Z,0.09531,0.09534,0.09526,0.09533,59520,5671.47143,0.09531,0.09535,0.09529,0.09534,0.09534,0.0954,0.09533,0.09539,0,-0.00016416,-0.00020903,-0.00020903,-6.0000000000004494e-05,-0.0006289967501835044
1698705300000,2023-10-30T22:35:00Z,0.09533,0.09533,0.09532,0.09533,13384,1275.79986,0.09534,0.09534,0.09532,0.09533,0.09539,0.09539,0.09535,0.09538,-0.00020903,-0.00000272,-0.000026,-0.00000272,-5.000000000000837e-05,-0.0005242189138184983
1698705600000,2023-10-30T22:40:00Z,0.09533,0.09551,0.09533,0.0955,740728,70724.53968,0.09533,0.09548,0.09533,0.09548,0.09538,0.09548,0.09537,0.09548,-0.00000272,0,0,0,2.0000000000006124e-05,0.00020946795140349943
1698705900000,2023-10-30T22:45:00Z,0.0955,0.09558,0.09542,0.09544,305621,29202.6479,0.09548,0.09552,0.09543,0.09544,0.09548,0.09552,0.09543,0.09544,0,0,0,0,0.0,0.0
1698706200000,2023-10-30T22:50:00Z,0.09544,0.09544,0.09525,0.09535,436408,41597.74708,0.09544,0.09544,0.09533,0.09534,0.09544,0.09544,0.09533,0.09534,0,0,0,0,1.0000000000010001e-05,0.00010488777008611288
1698706500000,2023-10-30T22:55:00Z,0.09535,0.09544,0.09534,0.09538,122106,11648.27361,0.09534,0.09544,0.09534,0.0954,0.09534,0.09546,0.09533,0.09542,0,-0.00007218,-0.00016123,-0.00016123,-3.999999999999837e-05,-0.00041919932928105607
1698706800000,2023-10-30T23:00:00Z,0.09538,0.09547,0.09538,0.09547,19857,1895.09127,0.0954,0.09547,0.09539,0.09547,0.09542,0.09549,0.09541,0.09548,-0.00016123,-0.00000953,-0.00003865,-0.00003865,-9.999999999996123e-06,-0.00010473397570167703
1698707100000,2023-10-30T23:05:00Z,0.09547,0.09557,0.09546,0.09551,209943,20052.59833,0.09547,0.09555,0.09546,0.0955,0.09548,0.09555,0.09546,0.0955,-0.00003865,0,0,0,9.999999999996123e-06,0.00010471204188477616
1698707400000,2023-10-30T23:10:00Z,0.09551,0.09564,0.09551,0.09563,222050,21232.64246,0.0955,0.09563,0.0955,0.09562,0.0955,0.09561,0.0955,0.09559,0,0,0,0,4.000000000001225e-05,0.0004184538131605006
1698707700000,2023-10-30T23:15:00Z,0.09563,0.09563,0.09562,0.09563,2548,243.6639,0.09562,0.09563,0.0956,0.0956,0.09559,0.09562,0.09558,0.09558,0,0,0,0,5.000000000000837e-05,0.0005231219920486333
1698708000000,2023-10-30T23:20:00Z,0.09563,0.09563,0.09552,0.09558,142729,13639.31803,0.0956,0.09561,0.09554,0.09558,0.09558,0.09559,0.09554,0.09557,0,0.00016481,0,0,9.999999999996123e-06,0.00010463534581977737
1698708300000,2023-10-30T23:25:00Z,0.09558,0.09558,0.09546,0.09546,20882,1994.64055,0.09558,0.09558,0.09548,0.09549,0.09557,0.09557,0.09548,0.09549,0,0,0,0,-3.0000000000002247e-05,-0.0003141690229343622
1698708600000,2023-10-30T23:30:00Z,0.09546,0.09557,0.09546,0.09557,48481,4630.70622,0.09549,0.09559,0.09548,0.09559,0.09549,0.0956,0.09548,0.0956,0,0.00006783,0,0.00006783,-3.0000000000002247e-05,-0.0003138075313807766
1698708900000,2023-10-30T23:35:00Z,0.09557,0.09565,0.09549,0.09554,187127,17891.13328,0.09559,0.09563,0.09549,0.09555,0.0956,0.09563,0.09549,0.09555,0.00006783,0,0,0,-9.999999999996123e-06,-0.00010465724751434981
1698709200000,2023-10-30T23:40:00Z,0.09554,0.09558,0.09554,0.09558,11760,1123.67469,0.09555,0.0956,0.09554,0.09558,0.09555,0.0956,0.09554,0.09559,0,0,0,0,-9.999999999996123e-06,-0.00010461345329005256
1698709500000,2023-10-30T23:45:00Z,0.09558,0.09563,0.09553,0.09555,115807,11072.15249,0.09558,0.0956,0.09552,0.09553,0.09559,0.0956,0.09552,0.09553,0,0,0,0,1.9999999999992246e-05,0.00020935831675905208
1698709800000,2023-10-30T23:50:00Z,0.09555,0.09559,0.09555,0.09556,1791,171.17758,0.09553,0.09558,0.09553,0.09556,0.09553,0.09558,0.09553,0.09555,0,0,0,0,1.0000000000010001e-05,0.00010465724751449504
1698710100000,2023-10-30T23:55:00Z,0.09556,0.09559,0.09555,0.09559,4637,443.19596,0.09556,0.09558,0.09555,0.09558,0.09555,0.09558,0.09554,0.09558,0,0,0,0,9.999999999996123e-06,0.00010462439840966858
1698710400000,2023-10-31T00:00:00Z,0.09559,0.09565,0.09554,0.09558,78861,7540.7077,0.09558,0.09565,0.09555,0.09558,0.09558,0.09564,0.09554,0.09557,0,0,0,0,9.999999999996123e-06,0.00010463534581977737
1698710700000,2023-10-31T00:05:00Z,0.09558,0.09563,0.09555,0.09563,114640,10959.54158,0.09558,0.09561,0.09555,0.0956,0.09557,0.09559,0.09553,0.09558,0,0.00008789,0,0.00008789,5.000000000000837e-05,0.0005231219920486333
1698711000000,2023-10-31T00:10:00Z,0.09563,0.09572,0.0956,0.09572,195997,18748.91863,0.0956,0.09572,0.0956,0.09572,0.09558,0.09569,0.09558,0.09569,0.00008789,0.00027156,0.00022876,0.00027156,3.0000000000002247e-05,0.00031351238373918117
1698711300000,2023-10-31T00:15:00Z,0.09572,0.09572,0.09565,0.09567,186577,17856.04224,0.09572,0.09572,0.09566,0.09567,0.09569,0.09569,0.09562,0.09563,0.00027156,0.00028962,0.00005227,0.00028962,3.999999999999837e-05,0.00041827878280872497
1698711600000,2023-10-31T00:20:00Z,0.09567,0.09567,0.09559,0.09562,90285,8634.04064,0.09567,0.09567,0.09557,0.09562,0.09563,0.09563,0.09553,0.09558,0.00028962,0.00035007,0.00034317,0.00034317,3.999999999999837e-05,0.0004184975936388195
1698711900000,2023-10-31T00:25:00Z,0.09562,0.09568,0.09562,0.09564,12328,1179.05051,0.09562,0.09567,0.09562,0.09564,0.09558,0.09563,0.09558,0.09561,0.00034317,0,0,0,3.0000000000002247e-05,0.000313774709758417
1698712200000,2023-10-31T00:30:00Z,0.09564,0.09569,0.0956,0.09566,114599,10961.62476,0.09564,0.09569,0.0956,0.09566,0.09561,0.09566,0.09555,0.09564,0,0.0005261,0.00041858,0.0005261,1.9999999999992246e-05,0.0002091175240484342
1698712500000,2023-10-31T00:35:00Z,0.09566,0.09573,0.09566,0.09573,50596,4842.31608,0.09566,0.09572,0.09566,0.09572,0.09564,0.09567,0.09563,0.09567,0.0005261,0.00035134,0.00024116,0.00024116,5.9999999999990616e-05,0.0006271558482281866
1698712800000,2023-10-31T00:40:00Z,0.09573,0.09585,0.09573,0.0958,207466,19875.85549,0.09572,0.09584,0.09571,0.0958,0.09567,0.09578,0.09566,0.09573,0.00024116,0.00035491,0.00020787,0.00020787,7.000000000000062e-05,0.000731223232006692
1698713100000,2023-10-31T00:45:00Z,0.0958,0.09586,0.09578,0.0958,325379,31176.12646,0.0958,0.09586,0.09578,0.0958,0.09573,0.0958,0.09572,0.09574,0.00020787,0.00073122,0.00062669,0.00073122,5.9999999999990616e-05,0.0006266973052014896
1698713400000,2023-10-31T00:50:00Z,0.0958,0.09584,0.09569,0.09571,136106,13037.38685,0.0958,0.09583,0.09569,0.09571,0.09574,0.09577,0.09564,0.09566,0.00073122,0.00060242,0.00048635,0.00048635,5.000000000000837e-05,0.0005226845076312813
1698713700000,2023-10-31T00:55:00Z,0.09571,0.0958,0.09571,0.09579,70180,6720.47187,0.09571,0.0958,0.09571,0.09579,0.09566,0.09577,0.09565,0.09577,0.00048635,0.00022448,0.00009203,0.00022448,2.0000000000006124e-05,0.00020883366398669862
1698714000000,2023-10-31T01:00:00Z,0.09579,0.09584,0.09578,0.09578,64952,6222.85238,0.09579,0.09583,0.09577,0.09577,0.09577,0.09579,0.09573,0.09575,0.00022448,0.00018095,0,0,3.0000000000002247e-05,0.0003133159268929739
1698714300000,2023-10-31T01:05:00Z,0.09578,0.09594,0.09578,0.09586,269750,25864.00471,0.09577,0.09593,0.09577,0.09586,0.09575,0.09589,0.09573,0.09581,0,0.00026471,0.00003326,0.00003326,4.999999999999449e-05,0.0005218661935079271
1698714600000,2023-10-31T01:10:00Z,0.09586,0.09586,0.09571,0.09572,21241,2034.02897,0.09586,0.09586,0.09571,0.09572,0.09581,0.09581,0.09568,0.09569,0.00003326,0.00037853,0.00015905,0.00015905,3.0000000000002247e-05,0.00031351238373918117
1698714900000,2023-10-31T01:15:00Z,0.09572,0.09578,0.09562,0.09566,101105,9673.07203,0.09572,0.09578,0.09563,0.09564,0.09569,0.09576,0.09561,0.09562,0.00015905,0.00002226,0,0,3.999999999999837e-05,0.000418322526668044
1698715200000,2023-10-31T01:20:00Z,0.09566,0.09572,0.09566,0.09572,13457,1287.62271,0.09564,0.09575,0.09563,0.09575,0.09562,0.09574,0.09561,0.09574,0,0.00020673,0.00017029,0.00020673,-2.0000000000006124e-05,-0.0002088991017339265
1698715500000,2023-10-31T01:25:00Z,0.09572,0.09585,0.09572,0.09584,31160,2985.60411,0.09575,0.09585,0.09575,0.09583,0.09574,0.09582,0.09573,0.0958,0.00020673,0.00007015,0,0,3.999999999999837e-05,0.0004175365344467471
1698715800000,2023-10-31T01:30:00Z,0.09584,0.09584,0.09577,0.09578,28362,2717.10372,0.09583,0.09583,0.09577,0.09579,0.0958,0.09581,0.09574,0.09578,0,0.00001921,0.00001691,0.00001691,0.0,0.0
1698716100000,2023-10-31T01:35:00Z,0.09578,0.09583,0.09574,0.09582,12275,1175.65441,0.09579,0.09584,0.09571,0.09582,0.09578,0.09583,0.09569,0.09579,0.00001691,0.0002559,0.00009463,0.00009463,3.0000000000002247e-05,0.00031318509238962574
1698716400000,2023-10-31T01:40:00Z,0.09582,0.09588,0.0958,0.09588,57435,5503.98628,0.09582,0.09588,0.0958,0.09588,0.09579,0.09586,0.09578,0.09586,0.00009463,0,0,0,2.0000000000006124e-05,0.00020863759649495227
1698716700000,2023-10-31T01:45:00Z,0.09588,0.09591,0.09586,0.09589,65450,6274.95432,0.09588,0.09591,0.09585,0.0959,0.09586,0.0959,0.09583,0.09589,0,0,0,0,0.0,0.0
1698717000000,2023-10-31T01:50:00Z,0.09589,0.09638,0.09588,0.09614,1226436,117898.63367,0.0959,0.09635,0.09588,0.09614,0.09589,0.09631,0.09585,0.0961,0,0.00043866,0.00038148,0.00038148,3.999999999999837e-05,0.0004162330905306802
1698717300000,2023-10-31T01:55:00Z,0.09614,0.09629,0.09612,0.09621,274606,26415.10276,0.09614,0.09625,0.0961,0.09621,0.0961,0.09621,0.09605,0.09619,0.00038148,0.00002245,0.00001632,0.00002245,2.0000000000006124e-05,0.00020792182139521908
1698717600000,2023-10-31T02:00:00Z,0.09621,0.09625,0.09614,0.0962,160639,15450.80196,0.09621,0.09625,0.09614,0.0962,0.09619,0.09623,0.0961,0.09618,0.00002245,0.00017442,0.00017278,0.00017442,1.9999999999992246e-05,0.0002079434393844068
1698717900000,2023-10-31T02:05:00Z,0.0962,0.09623,0.09612,0.09612,81216,7811.10938,0.0962,0.09623,0.0961,0.0961,0.09618,0.09622,0.09608,0.09608,0.00017442,0.00015853,0.00003755,0.00015853,3.999999999999837e-05,0.00041631973355535357
1698718200000,2023-10-31T02:10:00Z,0.09612,0.09612,0.09603,0.09607,233618,22441.09006,0.0961,0.09611,0.09603,0.09607,0.09608,0.0961,0.096,0.09603,0.00015853,0.00041647,0,0.00041647,3.999999999999837e-05,0.00041653649901070885
1698718500000,2023-10-31T02:15:00Z,0.09607,0.09607,0.09595,0.09597,223583,21459.74132,0.09607,0.09607,0.09597,0.09597,0.09603,0.09604,0.09596,0.09596,0.00041647,0.00023653,0.00000916,0.00000916,9.999999999996123e-06,0.00010421008753643312
1698718800000,2023-10-31T02:20:00Z,0.09597,0.09603,0.09597,0.09603,45538,4371.9917,0.09597,0.09605,0.09596,0.09605,0.09596,0.09604,0.09595,0.09604,0.00000916,0,0,0,-9.999999999996123e-06,-0.0001041232819658072
1698719100000,2023-10-31T02:25:00Z,0.09603,0.09616,0.09603,0.09614,38322,3682.95944,0.09605,0.09616,0.09603,0.09614,0.09604,0.09615,0.09602,0.09613,0,0.00016413,0,0.00016413,1.0000000000010001e-05,0.00010402579839810675
1698719400000,2023-10-31T02:30:00Z,0.09614,0.09624,0.09609,0.09624,363603,34965.03739,0.09614,0.09623,0.09608,0.09621,0.09613,0.0962,0.09606,0.09618,0.00016413,0.00035104,0.00010307,0.00035104,6.0000000000004494e-05,0.000623830318153509
1698719700000,2023-10-31T02:35:00Z,0.09624,0.0963,0.09606,0.09606,384649,37027.64991,0.09621,0.09624,0.09606,0.09606,0.09618,0.09621,0.09601,0.09602,0.00035104,0.00045012,0.0001005,0.00045012,4.000000000001225e-05,0.0004165798791919626
1698720000000,2023-10-31T02:40:00Z,0.09606,0.09619,0.09604,0.09615,155735,14968.82087,0.09606,0.09619,0.09604,0.09615,0.09602,0.09614,0.096,0.09611,0.00045012,0.00044708,0.00018262,0.00018262,3.999999999999837e-05,0.00041618978254082166
1698720300000,2023-10-31T02:45:00Z,0.09615,0.09619,0.09604,0.09605,220206,21162.3275,0.09615,0.09617,0.09604,0.09605,0.09611,0.09612,0.096,0.096,0.00018262,0.00050322,0.00037428,0.00037428,4.999999999999449e-05,0.000520833333333276
1698720600000,2023-10-31T02:50:00Z,0.09605,0.09606,0.096,0.09601,149962,14401.19358,0.09605,0.09606,0.096,0.09601,0.096,0.09603,0.09596,0.09598,0.00037428,0.00031954,0.00005073,0.00005073,3.0000000000002247e-05,0.0003125651177328844
1698720900000,2023-10-31T02:55:00Z,0.09601,0.09608,0.09601,0.09607,28350,2722.74714,0.09601,0.09608,0.09601,0.09607,0.09598,0.09606,0.09598,0.09605,0.00005073,0.00011558,0,0,2.0000000000006124e-05,0.00020822488287356716
1698721200000,2023-10-31T03:00:00Z,0.09607,0.09607,0.09605,0.09607,59614,5726.54982,0.09607,0.09607,0.09603,0.09607,0.09605,0.09605,0.096,0.09605,0,0.00019754,0.00003769,0.00019754,2.0000000000006124e-05,0.00020822488287356716
1698721500000,2023-10-31T03:05:00Z,0.09607,0.09609,0.09607,0.09608,17904,1720.23578,0.09607,0.0961,0.09606,0.09608,0.09605,0.09609,0.09603,0.09605,0.00019754,0.00007568,0,0.00007568,3.0000000000002247e-05,0.0003123373243102785
1698721800000,2023-10-31T03:10:00Z,0.09608,0.09616,0.09607,0.09614,14461,1389.66384,0.09608,0.09616,0.09605,0.09613,0.09605,0.09614,0.09602,0.0961,0.00007568,0.00001831,0,0.00001831,3.999999999999837e-05,0.0004162330905306802
1698722100000,2023-10-31T03:15:00Z,0.09614,0.09618,0.09608,0.09617,26083,2507.47267,0.09613,0.09619,0.0961,0.09618,0.0961,0.09618,0.09609,0.09617,0.00001831,0,0,0,0.0,0.0
1698722400000,2023-10-31T03:20:00Z,0.09617,0.09627,0.09616,0.09627,57547,5538.23091,0.09618,0.09627,0.09616,0.09627,0.09617,0.09626,0.09615,0.09626,0,0.00012866,0,0,9.999999999996123e-06,0.00010388531061703848
1698722700000,2023-10-31T03:25:00Z,0.09627,0.09629,0.09625,0.09627,78940,7598.73891,0.09627,0.0963,0.09625,0.09628,0.09626,0.09629,0.09623,0.09626,0,0.00003158,0,0.00003158,9.999999999996123e-06,0.00010388531061703848
1698723000000,2023-10-31T03:30:00Z,0.09627,0.09632,0.09616,0.09629,156413,15053.60364,0.09628,0.0963,0.09617,0.09629,0.09626,0.0963,0.09616,0.09627,0.00003158,0.00006636,0,0.00006636,2.0000000000006124e-05,0.0002077490391607575
1698723300000,2023-10-31T03:35:00Z,0.09629,0.09629,0.09614,0.09615,87500,8415.19729,0.09629,0.09629,0.09614,0.09615,0.09627,0.09627,0.09612,0.09613,0.00006636,0.00013544,0.00002798,0.00002798,2.0000000000006124e-05,0.00020805159679606914
1698723600000,2023-10-31T03:40:00Z,0.09615,0.09615,0.09601,0.09602,379268,36429.67719,0.09615,0.09616,0.09603,0.09604,0.09613,0.09615,0.09603,0.09604,0.00002798,0,0,0,-2.0000000000006124e-05,-0.00020824656393175889
1698723900000,2023-10-31T03:45:00Z,0.09602,0.09613,0.09602,0.09609,431428,41456.91609,0.09604,0.09609,0.09603,0.09607,0.09604,0.09608,0.09603,0.09606,0,0,0,0,2.999999999998837e-05,0.0003123048094939451
1698724200000,2023-10-31T03:50:00Z,0.09609,0.09613,0.09606,0.09611,30130,2895.51081,0.09607,0.09612,0.09605,0.09611,0.09606,0.09611,0.09604,0.09611,0,0.00006069,0.00005151,0.00005151,0.0,0.0
1698724500000,2023-10-31T03:55:00Z,0.09611,0.09611,0.09604,0.0961,43108,4140.80035,0.09611,0.09611,0.09604,0.09609,0.09611,0.09611,0.09602,0.09607,0.00005151,0.00001582,0,0,3.0000000000002247e-05,0.000312272301446885
1698724800000,2023-10-31T04:00:00Z,0.0961,0.09618,0.0961,0.09613,70759,6803.45191,0.09609,0.09618,0.09609,0.09613,0.09607,0.09617,0.09607,0.09611,0,0.00006199,0,0,1.9999999999992246e-05,0.00020809489127033862
1698725100000,2023-10-31T04:05:00Z,0.09613,0.09613,0.09594,0.09603,1184660,113712.68832,0.09613,0.09613,0.09602,0.09604,0.09611,0.09611,0.09602,0.09604,0,0.00007966,0,0,-9.999999999996123e-06,-0.0001041232819658072
1698725400000,2023-10-31T04:10:00Z,0.09603,0.09613,0.09603,0.09613,50467,4850.29141,0.09604,0.09615,0.09604,0.09615,0.09604,0.09615,0.09604,0.09615,0,0,0,0,-2.0000000000006124e-05,-0.000208008320332877
1698725700000,2023-10-31T04:15:00Z,0.09613,0.09627,0.09613,0.09627,440405,42361.29997,0.09615,0.09627,0.09615,0.09627,0.09615,0.09626,0.09615,0.09626,0,0.00020785,0.00016845,0.00016845,9.999999999996123e-06,0.00010388531061703848
1698726000000,2023-10-31T04:20:00Z,0.09627,0.09636,0.09621,0.09635,235237,22657.06776,0.09627,0.09635,0.09622,0.09634,0.09626,0.09635,0.09622,0.09634,0.00016845,0,0,0,1.0000000000010001e-05,0.00010379904504888937
1698726300000,2023-10-31T04:25:00Z,0.09635,0.09635,0.09631,0.09631,50905,4904.18767,0.09634,0.09636,0.09632,0.09633,0.09634,0.09636,0.09632,0.09633,0,0,0,0,-1.9999999999992246e-05,-0.0002076196408179409
1698726600000,2023-10-31T04:30:00Z,0.09631,0.09634,0.0963,0.09634,63402,6107.61767,0.09633,0.09636,0.0963,0.09636,0.09633,0.09637,0.0963,0.09637,0,0,0,0,-3.0000000000002247e-05,-0.0003113001971568149
1698726900000,2023-10-31T04:35:00Z,0.09634,0.09638,0.09627,0.09633,206625,19911.07253,0.09636,0.09637,0.09626,0.09634,0.09637,0.09638,0.09626,0.09634,0,0.00003519,0,0,-9.999999999996123e-06,-0.00010379904504874532
1698727200000,2023-10-31T04:40:00Z,0.09633,0.09651,0.09624,0.09635,1237433,119256.82486,0.09634,0.09651,0.09631,0.09636,0.09634,0.09649,0.0963,0.09636,0,0.00009915,0,0.00009915,-9.999999999996123e-06,-0.00010377750103773477
1698727500000,2023-10-31T04:45:00Z,0.09635,0.09648,0.09635,0.09642,47412,4572.57273,0.09636,0.09649,0.09636,0.09643,0.09636,0.09649,0.09636,0.09643,0.00009915,0,0,0,-9.999999999996123e-06,-0.00010370216737525793
1698727800000,2023-10-31T04:50:00Z,0.09642,0.09646,0.09637,0.0964,25705,2478.37612,0.09643,0.09646,0.09636,0.09639,0.09643,0.09646,0.09635,0.09638,0,0.00004016,0,0,2.0000000000006124e-05,0.00020751193193614987
1698728100000,2023-10-31T04:55:00Z,0.0964,0.09644,0.09632,0.09632,340891,32857.38838,0.09639,0.0964,0.09632,0.09632,0.09638,0.0964,0.09631,0.09631,0,0.00007211,0,0,9.999999999996123e-06,0.0001038313778423437
1698728400000,2023-10-31T05:00:00Z,0.09632,0.09641,0.0963,0.09635,91635,8828.49849,0.09632,0.0964,0.0963,0.09637,0.09631,0.0964,0.0963,0.09637,0,0,0,0,-1.9999999999992246e-05,-0.0002075334647711139
1698728700000,2023-10-31T05:05:00Z,0.09635,0.09635,0.09618,0.0962,156354,15054.1824,0.09637,0.09637,0.09618,0.09621,0.09637,0.09637,0.09618,0.09621,0,0.00007759,0,0,-1.0000000000010001e-05,-0.00010393929944922565
1698729000000,2023-10-31T05:10:00Z,0.0962,0.0962,0.09601,0.0961,287925,27671.74096,0.09621,0.09622,0.09601,0.09614,0.09621,0.09622,0.09601,0.09614,0,0,0,0,-3.999999999999837e-05,-0.00041605991262740137
1698729300000,2023-10-31T05:15:00Z,0.0961,0.09616,0.09599,0.09605,223665,21480.48694,0.09614,0.09616,0.09598,0.09601,0.09614,0.09617,0.09597,0.09601,0,0,0,0,3.999999999999837e-05,0.0004166232684095237
1698729600000,2023-10-31T05:20:00Z,0.09605,0.09617,0.09601,0.09617,68994,6630.72056,0.09601,0.09617,0.096,0.09617,0.09601,0.09617,0.096,0.09617,0,0,0,0,0.0,0.0
1698729900000,2023-10-31T05:25:00Z,0.09617,0.0963,0.09617,0.09627,72426,6967.9493,0.09617,0.0963,0.09617,0.09625,0.09617,0.09629,0.09616,0.09625,0,0,0,0,1.9999999999992246e-05,0.00020779220779212722
1698730200000,2023-10-31T05:30:00Z,0.09627,0.09642,0.09626,0.09634,24706,2380.50467,0.09625,0.09642,0.09624,0.09633,0.09625,0.09642,0.09624,0.09631,0,0,0,0,2.999999999998837e-05,0.0003114941335270311
1698730500000,2023-10-31T05:35:00Z,0.09634,0.09636,0.09633,0.09634,1483,142.87092,0.09633,0.09637,0.09631,0.09632,0.09631,0.09637,0.0963,0.09631,0,0,0,0,2.999999999998837e-05,0.0003114941335270311
1698730800000,2023-10-31T05:40:00Z,0.09634,0.09635,0.0963,0.0963,15826,1524.66639,0.09632,0.09635,0.09628,0.09628,0.09631,0.09636,0.09627,0.09627,0,0,0,0,3.0000000000002247e-05,0.0003116235587410642
1698731100000,2023-10-31T05:45:00Z,0.0963,0.09631,0.09628,0.09631,11625,1119.49994,0.09628,0.09634,0.09626,0.09631,0.09627,0.09634,0.09625,0.09631,0,0,0,0,0.0,0.0
1698731400000,2023-10-31T05:50:00Z,0.09631,0.09636,0.09625,0.09629,59235,5704.48889,0.09631,0.09634,0.09625,0.09627,0.09631,0.09633,0.09624,0.09625,0,0,0,0,3.999999999999837e-05,0.00041558441558439864
1698731700000,2023-10-31T05:55:00Z,0.09629,0.09629,0.09612,0.09612,149568,14392.89297,0.09627,0.09629,0.09612,0.09612,0.09625,0.09627,0.0961,0.09611,0,0.0001368,0,0.0001368,9.999999999996123e-06,0.00010404744563516931
1698732000000,2023-10-31T06:00:00Z,0.09612,0.09614,0.096,0.09605,100881,9688.5898,0.09612,0.09613,0.09601,0.09605,0.09611,0.09611,0.096,0.09604,0.0001368,0.00009455,0,0,9.999999999996123e-06,0.0001041232819658072
1698732300000,2023-10-31T06:05:00Z,0.09605,0.09616,0.09602,0.09612,68122,6547.53792,0.09605,0.09614,0.09602,0.09612,0.09604,0.09612,0.096,0.0961,0,0.00014212,0.00006495,0.00014212,1.9999999999992246e-05,0.0002081165452652679
1698732600000,2023-10-31T06:10:00Z,0.09612,0.09622,0.09609,0.09622,208561,20048.66632,0.09612,0.09621,0.09607,0.0962,0.0961,0.09617,0.09604,0.09616,0.00014212,0.00028229,0.00011849,0.00011849,6.0000000000004494e-05,0.0006239600665557871
1698732900000,2023-10-31T06:15:00Z,0.09622,0.09626,0.09614,0.09621,122478,11781.81182,0.0962,0.09626,0.09611,0.09621,0.09616,0.09623,0.09607,0.09617,0.00011849,0.00005282,0,0.00005282,3.999999999999837e-05,0.00041593012373919485
1698733200000,2023-10-31T06:20:00Z,0.09621,0.09621,0.09609,0.09609,62193,5979.37551,0.09621,0.09621,0.09607,0.09608,0.09617,0.09617,0.09604,0.09605,0.00005282,0.00017303,0,0,3.999999999999837e-05,0.0004164497657469898
1698733500000,2023-10-31T06:25:00Z,0.09609,0.09609,0.09604,0.09604,42845,4115.76137,0.09608,0.09609,0.09604,0.09604,0.09605,0.09606,0.096,0.09603,0,0.00012891,0.00011872,0.00012891,9.999999999996123e-06,0.00010413412475264108
1698733800000,2023-10-31T06:30:00Z,0.09604,0.09622,0.09599,0.09606,86422,8300.14761,0.09604,0.09622,0.096,0.09606,0.09603,0.0962,0.09597,0.09604,0.00012891,0.00025174,0,0.00025174,2.0000000000006124e-05,0.00020824656393175889
1698734100000,2023-10-31T06:35:00Z,0.09606,0.09622,0.09604,0.09621,171253,16466.39996,0.09606,0.0962,0.09604,0.0962,0.09604,0.09619,0.09603,0.09619,0.00025174,0.00007362,0.00000863,0.00007362,2.0000000000006124e-05,0.00020792182139521908
1698734400000,2023-10-31T06:40:00Z,0.09621,0.09621,0.09613,0.09619,16875,1622.69957,0.0962,0.0962,0.09611,0.09619,0.09619,0.09619,0.09609,0.09618,0.00007362,0.00015184,0,0,9.999999999996123e-06,0.0001039717196922034
1698734700000,2023-10-31T06:45:00Z,0.09619,0.09623,0.09617,0.09622,75910,7303.80749,0.09619,0.09621,0.09616,0.0962,0.09618,0.0962,0.09614,0.09618,0,0,0,0,3.999999999999837e-05,0.0004158868787689579
1698735000000,2023-10-31T06:50:00Z,0.09622,0.09622,0.09613,0.09616,141673,13626.14481,0.0962,0.09621,0.09612,0.09616,0.09618,0.09619,0.0961,0.09613,0,0.00021928,0.0000315,0.0000315,3.0000000000002247e-05,0.0003120773951940315
1698735300000,2023-10-31T06:55:00Z,0.09616,0.09624,0.09611,0.09616,245914,23658.83247,0.09616,0.0962,0.09611,0.09616,0.09613,0.09616,0.09608,0.09612,0.0000315,0.00039136,0.00003463,0.00003463,3.999999999999837e-05,0.00041614648356219695
1698735600000,2023-10-31T07:00:00Z,0.09616,0.09622,0.09612,0.09621,16943,1629.35642,0.09616,0.09622,0.09612,0.09621,0.09612,0.09618,0.09608,0.09618,0.00003463,0.00024347,0.0000856,0.00024347,3.0000000000002247e-05,0.0003119151590767545
1698735900000,2023-10-31T07:05:00Z,0.09621,0.09622,0.0962,0.09621,22279,2143.44266,0.09621,0.09621,0.0962,0.09621,0.09618,0.0962,0.09616,0.09618,0.00024347,0,0,0,3.0000000000002247e-05,0.0003119151590767545
1698736200000,2023-10-31T07:10:00Z,0.09621,0.09623,0.09614,0.09614,74097,7129.61564,0.09621,0.09623,0.09615,0.09615,0.09618,0.0962,0.09613,0.09615,0,0.00012835,0,0.00012835,-9.999999999996123e-06,-0.00010400416016636634
1698736500000,2023-10-31T07:15:00Z,0.09614,0.09629,0.09614,0.09622,92360,8887.90487,0.09615,0.09629,0.09614,0.09623,0.09615,0.09628,0.09614,0.09623,0.00012835,0,0,0,-9.999999999996123e-06,-0.00010391769718379013
1698736800000,2023-10-31T07:20:00Z,0.09622,0.09622,0.09613,0.09614,16476,1584.25723,0.09623,0.09623,0.09612,0.09613,0.09623,0.09623,0.09612,0.09613,0,0,0,0,1.0000000000010001e-05,0.00010402579839810675
1698737100000,2023-10-31T07:25:00Z,0.09614,0.09619,0.09605,0.09617,86879,8351.43228,0.09613,0.09621,0.09606,0.09617,0.09613,0.09622,0.09606,0.09618,0,0,0,0,-9.999999999996123e-06,-0.0001039717196922034
1698737400000,2023-10-31T07:30:00Z,0.09617,0.09617,0.096,0.09604,51234,4920.62645,0.09617,0.09617,0.096,0.09604,0.09618,0.09618,0.09601,0.09605,0,0,0,0,-9.999999999996123e-06,-0.00010411244143671133
1698737700000,2023-10-31T07:35:00Z,0.09604,0.09606,0.09586,0.09591,1297776,124548.64173,0.09604,0.09605,0.09591,0.09591,0.09605,0.09607,0.09591,0.09594,0,0,-0.00008403,0,-3.0000000000002247e-05,-0.0003126954346466776
1698738000000,2023-10-31T07:40:00Z,0.09591,0.09602,0.09591,0.09599,33431,3209.34852,0.09591,0.09602,0.09591,0.09598,0.09594,0.09604,0.09594,0.09598,0,0,-0.00002031,0,1.0000000000010001e-05,0.00010418837257772454
1698738300000,2023-10-31T07:45:00Z,0.09599,0.09602,0.09593,0.09602,20022,1921.35243,0.09598,0.09603,0.09593,0.09602,0.09598,0.09605,0.09594,0.09603,0,-0.0000983,-0.00010413,-0.0000983,-1.0000000000010001e-05,-0.00010413412475278559
1698738600000,2023-10-31T07:50:00Z,0.09602,0.09602,0.09593,0.09599,22661,2175.24357,0.09602,0.09603,0.09593,0.09602,0.09603,0.09604,0.09592,0.09603,-0.0000983,0,0,0,-3.999999999999837e-05,-0.00041653649901070885
1698738900000,2023-10-31T07:55:00Z,0.09599,0.09599,0.09573,0.09582,236764,22677.8294,0.09602,0.09602,0.09577,0.09587,0.09603,0.09603,0.09577,0.09587,0,0,0,0,-4.999999999999449e-05,-0.000521539584854433
1698739200000,2023-10-31T08:00:00Z,0.09582,0.09585,0.09571,0.09576,89777,8598.05299,0.09587,0.09587,0.09571,0.09579,0.09587,0.09587,0.09572,0.0958,0,0,-0.00006151,-0.00006151,-3.999999999999837e-05,-0.0004175365344467471
1698739500000,2023-10-31T08:05:00Z,0.09576,0.09579,0.09559,0.09579,146030,13971.62912,0.09579,0.09583,0.09559,0.09581,0.0958,0.09584,0.09559,0.09583,-0.00006151,0,-0.00001857,-0.00001857,-3.999999999999837e-05,-0.00041740582281121123
1698739800000,2023-10-31T08:10:00Z,0.09579,0.0959,0.09579,0.0959,66840,6405.72978,0.09581,0.09592,0.09579,0.0959,0.09583,0.09594,0.09581,0.09592,-0.00001857,0,-0.00002449,-0.00002449,-2.0000000000006124e-05,-0.00020850708924109802
1698740100000,2023-10-31T08:15:00Z,0.0959,0.09592,0.09575,0.09575,134457,12890.54708,0.0959,0.09593,0.09572,0.09577,0.09592,0.09594,0.09571,0.09577,-0.00002449,0,0,0,-1.9999999999992246e-05,-0.00020883366398655368
1698740400000,2023-10-31T08:20:00Z,0.09575,0.09586,0.09575,0.09586,20402,1954.14436,0.09577,0.09586,0.09577,0.09583,0.09577,0.09585,0.09577,0.09582,0,0.00007001,0,0.00007001,3.999999999999837e-05,0.00041744938426214117
1698740700000,2023-10-31T08:25:00Z,0.09586,0.09592,0.09584,0.09591,45178,4332.31283,0.09583,0.09592,0.09581,0.09591,0.09582,0.0959,0.0958,0.0959,0.00007001,0.00010514,0,0,9.999999999996123e-06,0.00010427528675699815
1698741000000,2023-10-31T08:30:00Z,0.09591,0.09611,0.09591,0.09611,215418,20680.4104,0.09591,0.09616,0.09591,0.09616,0.0959,0.09615,0.09589,0.09615,0,0,0,0,-3.999999999999837e-05,-0.00041601664066560966
1698741300000,2023-10-31T08:35:00Z,0.09611,0.09617,0.0961,0.09615,211816,20366.04296,0.09616,0.09618,0.09609,0.09615,0.09615,0.09618,0.09608,0.09614,0,0.00000499,0,0,9.999999999996123e-06,0.00010401497815681425
1698741600000,2023-10-31T08:40:00Z,0.09615,0.09625,0.09615,0.09622,239882,23078.57809,0.09615,0.09626,0.09615,0.09622,0.09614,0.09625,0.09614,0.09621,0,0.00001288,0,0,9.999999999996123e-06,0.00010393929944908141
1698741900000,2023-10-31T08:45:00Z,0.09622,0.09625,0.09619,0.0962,26234,2524.32041,0.09622,0.09624,0.09618,0.09619,0.09621,0.09623,0.09615,0.09617,0,0,0,0,2.999999999998837e-05,0.0003119475928042879
1698742200000,2023-10-31T08:50:00Z,0.0962,0.0962,0.09612,0.09617,57803,5559.91325,0.09619,0.0962,0.09611,0.09617,0.09617,0.09619,0.09609,0.09614,0,0.00005442,0,0,3.0000000000002247e-05,0.0003120449344705871
1698742500000,2023-10-31T08:55:00Z,0.09617,0.09621,0.09617,0.0962,86271,8298.54009,0.09617,0.09621,0.09616,0.0962,0.09614,0.0962,0.09613,0.09619,0,0.00018325,0.00017096,0.00017096,9.999999999996123e-06,0.0001039609106975374
1698742800000,2023-10-31T09:00:00Z,0.0962,0.0962,0.09612,0.09619,59817,5752.4158,0.0962,0.0962,0.09612,0.09619,0.09619,0.09619,0.09609,0.09618,0.00017096,0.00026729,0.00016886,0.00026729,9.999999999996123e-06,0.0001039717196922034
1698743100000,2023-10-31T09:05:00Z,0.09619,0.09624,0.09615,0.09615,83435,8027.16186,0.09619,0.09624,0.09614,0.09614,0.09618,0.09623,0.09612,0.09612,0.00026729,0.00003608,0,0.00003608,3.0000000000002247e-05,0.0003121098626716838
1698743400000,2023-10-31T09:10:00Z,0.09615,0.09621,0.09613,0.09615,48008,4617.20811,0.09614,0.09619,0.09609,0.09614,0.09612,0.09618,0.09607,0.09611,0.00003608,0.000349,0,0,3.999999999999837e-05,0.00041618978254082166
1698743700000,2023-10-31T09:15:00Z,0.09615,0.09626,0.09612,0.09621,58233,5602.66261,0.09614,0.09624,0.09611,0.09622,0.09611,0.09623,0.09607,0.09621,0,0.00041593,0.00018075,0.00018075,0.0,0.0
1698744000000,2023-10-31T09:20:00Z,0.09621,0.09622,0.09618,0.09618,17267,1661.20996,0.09622,0.09623,0.09615,0.09617,0.09621,0.09622,0.09612,0.09615,0.00018075,0.00008652,0,0,3.0000000000002247e-05,0.00031201248049924333
1698744300000,2023-10-31T09:25:00Z,0.09618,0.09627,0.09618,0.09621,36620,3524.06546,0.09617,0.09627,0.09617,0.09623,0.09615,0.09628,0.09615,0.09622,0,0.00007599,0.00001777,0.00007599,-9.999999999996123e-06,-0.00010392849719389028
1698744600000,2023-10-31T09:30:00Z,0.09621,0.09623,0.09612,0.09612,60464,5817.68866,0.09623,0.09623,0.09612,0.09612,0.09622,0.09622,0.09612,0.09612,0.00007599,0,0,0,0.0,0.0
1698744900000,2023-10-31T09:35:00Z,0.09612,0.09622,0.09612,0.0962,27461,2640.82753,0.09612,0.09621,0.09612,0.09617,0.09612,0.0962,0.09612,0.09615,0,0.00030306,0.00002307,0.00030306,4.999999999999449e-05,0.000520020800831976
1698745200000,2023-10-31T09:40:00Z,0.0962,0.09622,0.09608,0.09608,37041,3560.70198,0.09617,0.0962,0.0961,0.0961,0.09615,0.09618,0.09607,0.09609,0.00030306,0.00028257,0,0,-9.999999999996123e-06,-0.0001040691018836104
1698745500000,2023-10-31T09:45:00Z,0.09608,0.09609,0.09602,0.09602,11358,1091.08466,0.0961,0.09611,0.096,0.096,0.09609,0.0961,0.09599,0.09599,0,0.0001358,0,0.0001358,2.999999999998837e-05,0.00031253255547440743
1698745800000,2023-10-31T09:50:00Z,0.09602,0.09608,0.09601,0.09603,36290,3485.74188,0.096,0.09608,0.09595,0.09603,0.09599,0.09606,0.09593,0.09602,0.0001358,0.0005802,0.00010416,0.00010416,1.0000000000010001e-05,0.00010414496979806292
1698746100000,2023-10-31T09:55:00Z,0.09603,0.09611,0.09603,0.09611,126387,12143.06108,0.09603,0.09614,0.09602,0.09614,0.09602,0.09613,0.09598,0.09613,0.00010416,0.00015337,0.00013055,0.00013055,-1.9999999999992246e-05,-0.00020805159679592478
1698746400000,2023-10-31T10:00:00Z,0.09611,0.0962,0.09611,0.09618,19273,1853.50985,0.09614,0.0962,0.09613,0.09618,0.09613,0.09619,0.0961,0.09614,0.00013055,0.00036662,0.00036614,0.00036662,3.999999999999837e-05,0.00041605991262740137
1698746700000,2023-10-31T10:05:00Z,0.09618,0.09626,0.09609,0.09615,624047,60040.56142,0.09618,0.0962,0.09609,0.09615,0.09614,0.09616,0.09604,0.09613,0.00036662,0.00041055,0.00036837,0.00041055,2.0000000000006124e-05,0.00020805159679606914
1698747000000,2023-10-31T10:10:00Z,0.09615,0.09619,0.09613,0.09615,32709,3144.91886,0.09615,0.09619,0.09611,0.09615,0.09613,0.09618,0.09608,0.09614,0.00041055,0.0004692,0.00038198,0.00038198,9.999999999996123e-06,0.00010401497815681425
1698747300000,2023-10-31T10:15:00Z,0.09615,0.09615,0.09601,0.09601,293701,28205.63858,0.09615,0.09615,0.09606,0.09607,0.09614,0.09614,0.09603,0.09606,0.00038198,0.00027644,0,0,-5.000000000000837e-05,-0.0005205080158235308
1698747600000,2023-10-31T10:20:00Z,0.09601,0.09617,0.09601,0.09613,102580,9859.72722,0.09607,0.09617,0.09602,0.09613,0.09606,0.09617,0.09601,0.09613,0,0,0,0,0.0,0.0
1698747900000,2023-10-31T10:25:00Z,0.09613,0.09614,0.09601,0.09604,120892,11610.12851,0.09613,0.09614,0.096,0.09605,0.09613,0.09613,0.09599,0.09604,0,0.00020835,0.00016989,0.00016989,0.0,0.0
1698748200000,2023-10-31T10:30:00Z,0.09604,0.09615,0.09603,0.09615,159526,15334.25493,0.09605,0.09615,0.09605,0.09614,0.09604,0.09614,0.09604,0.09613,0.00016989,0,0,0,2.0000000000006124e-05,0.00020805159679606914
1698748500000,2023-10-31T10:35:00Z,0.09615,0.09617,0.0961,0.09611,105868,10178.18255,0.09614,0.09616,0.09608,0.09611,0.09613,0.09615,0.09606,0.09608,0,0.00024664,0.00008889,0.00024664,3.0000000000002247e-05,0.0003122398001665513
1698748800000,2023-10-31T10:40:00Z,0.09611,0.09616,0.09605,0.09614,174571,16779.69614,0.09611,0.09616,0.09605,0.09613,0.09608,0.09614,0.09601,0.09609,0.00024664,0.00047824,0,0,5.000000000000837e-05,0.0005203455094183409
1698749100000,2023-10-31T10:45:00Z,0.09614,0.09621,0.09613,0.09621,25847,2485.7871,0.09613,0.09622,0.09613,0.09617,0.09609,0.09621,0.09609,0.09615,0,0.000344,0,0.000344,6.0000000000004494e-05,0.0006240249609984867
1698749400000,2023-10-31T10:50:00Z,0.09621,0.09628,0.0962,0.09626,31647,3045.97502,0.09617,0.09628,0.09617,0.09625,0.09615,0.09627,0.09615,0.0962,0.000344,0.00045041,0.00037813,0.00045041,6.0000000000004494e-05,0.0006237006237006705
1698749700000,2023-10-31T10:55:00Z,0.09626,0.09631,0.09626,0.09629,184582,17772.66948,0.09625,0.09631,0.09625,0.09625,0.0962,0.0963,0.0962,0.09621,0.00045041,0.00040004,0.0003282,0.0003282,7.999999999999674e-05,0.0008315143955929398
1698750000000,2023-10-31T11:00:00Z,0.09629,0.09631,0.0961,0.09623,845554,81334.81472,0.09625,0.09628,0.09613,0.09621,0.09621,0.09624,0.09612,0.09619,0.0003282,0,0,0,3.999999999999837e-05,0.0004158436427902939
1698750300000,2023-10-31T11:05:00Z,0.09623,0.09625,0.09609,0.09609,179589,17269.73184,0.09621,0.09624,0.09608,0.09612,0.09619,0.09624,0.09606,0.09611,0,0.00007365,0,0.00007365,-2.0000000000006124e-05,-0.00020809489127048304
1698750600000,2023-10-31T11:10:00Z,0.09609,0.09621,0.09609,0.0962,93941,9032.83403,0.09612,0.09619,0.0961,0.09617,0.09611,0.09618,0.09608,0.09613,0.00007365,0.00044058,0,0.00044058,7.000000000000062e-05,0.0007281805887860254
1698750900000,2023-10-31T11:15:00Z,0.0962,0.0962,0.09613,0.09616,297196,28577.05612,0.09617,0.09618,0.09614,0.09616,0.09613,0.09616,0.09609,0.09611,0.00044058,0.00052029,0.0003463,0.00052029,4.999999999999449e-05,0.000520237228175991
1698751200000,2023-10-31T11:20:00Z,0.09616,0.09618,0.09606,0.09618,770317,74055.62844,0.09616,0.09619,0.09603,0.09618,0.09611,0.09618,0.09598,0.09614,0.00052029,0,0,0,3.999999999999837e-05,0.00041605991262740137
1698751500000,2023-10-31T11:25:00Z,0.09618,0.09636,0.09618,0.09629,793580,76415.52161,0.09618,0.09635,0.09618,0.09631,0.09614,0.09631,0.09614,0.0963,0,0.00031044,0,0,-9.999999999996123e-06,-0.00010384215991688602
1698751800000,2023-10-31T11:30:00Z,0.09629,0.09633,0.09625,0.09633,172244,16587.33905,0.09631,0.09633,0.09624,0.0963,0.0963,0.09632,0.09622,0.09628,0,0.00040581,0,0.00040581,4.999999999999449e-05,0.0005193186539259918
1698752100000,2023-10-31T11:35:00Z,0.09633,0.09641,0.09633,0.09635,507313,48887.94162,0.0963,0.09641,0.0963,0.09633,0.09628,0.09638,0.09628,0.0963,0.00040581,0.00011819,0,0,5.000000000000837e-05,0.0005192107995847183
1698752400000,2023-10-31T11:40:00Z,0.09635,0.09641,0.09635,0.09638,267201,25754.49823,0.09633,0.0964,0.09632,0.09636,0.0963,0.09638,0.09629,0.09632,0,0.0004921,0.00042344,0.0004921,5.9999999999990616e-05,0.0006229235880397697
1698752700000,2023-10-31T11:45:00Z,0.09638,0.09649,0.09638,0.09646,153801,14834.1295,0.09636,0.09646,0.09636,0.09645,0.09632,0.09641,0.09632,0.09638,0.0004921,0.00072466,0.00059887,0.00072466,8.000000000001062e-05,0.0008300477277444555
1698753000000,2023-10-31T11:50:00Z,0.09646,0.0966,0.09646,0.09646,855040,82539.20214,0.09645,0.09652,0.09645,0.09646,0.09638,0.0965,0.09637,0.0964,0.00072466,0.00063458,0.00016074,0.00063458,6.0000000000004494e-05,0.000622406639004196
1698753300000,2023-10-31T11:55:00Z,0.09646,0.0965,0.09633,0.09644,358536,34566.35295,0.09646,0.09646,0.09633,0.09644,0.0964,0.09642,0.09625,0.09641,0.00063458,0.00039603,0,0,3.0000000000002247e-05,0.0003111710403485349
1698753600000,2023-10-31T12:00:00Z,0.09644,0.09652,0.09644,0.09652,91596,8838.75194,0.09644,0.09652,0.09641,0.0965,0.09641,0.0965,0.09637,0.09645,0,0.00047542,0.00015296,0.00015296,7.000000000000062e-05,0.0007257646448937337
1698753900000,2023-10-31T12:05:00Z,0.09652,0.09695,0.09651,0.09684,2007437,194149.19385,0.0965,0.09687,0.09649,0.09684,0.09645,0.09685,0.09643,0.09681,0.00015296,0.00028617,0,0.00028617,3.0000000000002247e-05,0.0003098853424233266
1698754200000,2023-10-31T12:10:00Z,0.09684,0.09684,0.09661,0.09671,360609,34858.27118,0.09684,0.09684,0.09661,0.09666,0.09681,0.09681,0.09658,0.09664,0.00028617,0,-0.00012246,0,7.000000000000062e-05,0.0007243377483443773
1698754500000,2023-10-31T12:15:00Z,0.09671,0.09674,0.09659,0.09667,322762,31204.95418,0.09666,0.09673,0.09659,0.09669,0.09664,0.09671,0.09657,0.09669,0,0.00006108,0.00003921,0.00006108,-1.9999999999992246e-05,-0.0002068466232287956
1698754800000,2023-10-31T12:20:00Z,0.09667,0.0967,0.0965,0.09651,61605,5949.03841,0.09669,0.09671,0.09649,0.09653,0.09669,0.09671,0.09648,0.09653,0.00006108,0.00015098,0,0.00015098,-2.0000000000006124e-05,-0.00020718947477474487
1698755100000,2023-10-31T12:25:00Z,0.09651,0.09654,0.09638,0.09642,176463,17015.94558,0.09653,0.09657,0.09637,0.09647,0.09653,0.09657,0.09637,0.09647,0.00015098,0.00008601,0,0.00008601,-4.999999999999449e-05,-0.0005182958432672799
1698755400000,2023-10-31T12:30:00Z,0.09642,0.09652,0.09638,0.09649,237159,22871.10559,0.09647,0.09649,0.09636,0.09649,0.09647,0.0965,0.09635,0.09648,0.00008601,0,0,0,1.0000000000010001e-05,0.0001036484245440506
1698755700000,2023-10-31T12:35:00Z,0.09649,0.09658,0.09641,0.09641,70730,6824.53292,0.09649,0.09659,0.09638,0.09639,0.09648,0.09659,0.09637,0.09638,0,0.00001078,0,0,3.0000000000002247e-05,0.00031126789790415283
1698756000000,2023-10-31T12:40:00Z,0.09641,0.09644,0.09629,0.09633,321994,31023.65432,0.09639,0.09645,0.09628,0.09633,0.09638,0.09645,0.09628,0.09633,0,0,-0.00037396,-0.00037396,0.0,0.0
1698756300000,2023-10-31T12:45:00Z,0.09633,0.09635,0.09618,0.0962,203395,19579.45006,0.09633,0.09637,0.0962,0.0962,0.09633,0.09639,0.09623,0.09624,-0.00037396,-0.00015953,-0.00050997,-0.00050997,-4.000000000001225e-05,-0.0004156275976726127
1698756600000,2023-10-31T12:50:00Z,0.0962,0.09627,0.09618,0.09627,245923,23667.25876,0.0962,0.09625,0.09618,0.09625,0.09624,0.09629,0.09619,0.09625,-0.00050997,0.00019507,0,0.00019507,1.9999999999992246e-05,0.00020779220779212722
1698756900000,2023-10-31T12:55:00Z,0.09627,0.0963,0.0962,0.09625,112948,10870.48675,0.09625,0.09634,0.09619,0.0962,0.09625,0.09634,0.09618,0.09619,0.00019507,0.00012511,0,0.00012511,6.0000000000004494e-05,0.000623765464185513
1698757200000,2023-10-31T13:00:00Z,0.09625,0.09631,0.09621,0.0963,76233,7340.64219,0.0962,0.09633,0.09619,0.09629,0.09619,0.09633,0.09618,0.09626,0.00012511,0.0001427,0,0,3.999999999999837e-05,0.00041554124246829806
1698757500000,2023-10-31T13:05:00Z,0.0963,0.0963,0.09623,0.09624,42228,4064.73733,0.09629,0.09629,0.09622,0.09624,0.09626,0.09627,0.09619,0.09622,0,0.000262,0.00018142,0.00018142,2.0000000000006124e-05,0.0002078569943879248
1698757800000,2023-10-31T13:10:00Z,0.09624,0.09631,0.09622,0.09625,121498,11698.22194,0.09624,0.0963,0.09619,0.09627,0.09622,0.0963,0.09618,0.09627,0.00018142,0,0,0,-1.9999999999992246e-05,-0.00020774903916061336
1698758100000,2023-10-31T13:15:00Z,0.09625,0.09635,0.09625,0.09635,96241,9270.07302,0.09627,0.09636,0.09623,0.0963,0.09627,0.09637,0.09623,0.0963,0,0.00045569,-0.00000508,-0.00000508,5.000000000000837e-05,0.0005192107995847183
1698758400000,2023-10-31T13:20:00Z,0.09635,0.09637,0.09625,0.09631,24949,2402.3949,0.0963,0.09637,0.0962,0.09632,0.0963,0.09638,0.0962,0.09632,-0.00000508,0,0,0,-9.999999999996123e-06,-0.00010382059800660427
1698758700000,2023-10-31T13:25:00Z,0.09631,0.09633,0.09626,0.09629,73371,7066.38722,0.09632,0.09633,0.09621,0.09623,0.09632,0.09634,0.09621,0.09623,0,0.00016056,-0.00001505,0.00016056,6.0000000000004494e-05,0.0006235061831030292
1698759000000,2023-10-31T13:30:00Z,0.09629,0.09629,0.09626,0.09627,33832,3257.68288,0.09623,0.0963,0.09622,0.09626,0.09623,0.0963,0.0962,0.09621,0.00016056,0.00037919,0.00029931,0.00037919,5.9999999999990616e-05,0.0006236357966946327
1698759300000,2023-10-31T13:35:00Z,0.09627,0.09627,0.09617,0.09617,55342,5324.07726,0.09626,0.09628,0.09613,0.09617,0.09621,0.09628,0.09608,0.09616,0.00037919,0.00046213,0.0003223,0.0003223,1.0000000000010001e-05,0.00010399334442606074
1698759600000,2023-10-31T13:40:00Z,0.09617,0.09619,0.09611,0.09618,196771,18918.68159,0.09617,0.09621,0.0961,0.09619,0.09616,0.09621,0.09605,0.09619,0.0003223,0,0,0,-9.999999999996123e-06,-0.0001039609106975374
1698759900000,2023-10-31T13:45:00Z,0.09618,0.09622,0.09617,0.0962,20501,1971.72446,0.09619,0.09622,0.09613,0.09621,0.09619,0.09622,0.09613,0.09621,0,0.00055227,0.00044347,0.00055227,-1.0000000000010001e-05,-0.00010393929944922565
1698760200000,2023-10-31T13:50:00Z,0.0962,0.0962,0.09592,0.09593,513628,49321.28412,0.09621,0.09621,0.09588,0.09589,0.09621,0.09621,0.09586,0.09586,0.00055227,0.00016963,0,0.00016963,7.000000000000062e-05,0.0007302315877321157
1698760500000,2023-10-31T13:55:00Z,0.09593,0.09603,0.09586,0.096,231237,22188.55048,0.09589,0.09604,0.09584,0.09601,0.09586,0.09604,0.09581,0.09601,0.00016963,-0.00006997,-0.00010673,-0.00006997,-9.999999999996123e-06,-0.00010415581710234479
1698760800000,2023-10-31T14:00:00Z,0.096,0.09605,0.09594,0.09597,86482,8301.89077,0.09601,0.09606,0.09592,0.09598,0.09601,0.09606,0.0959,0.09598,-0.00006997,0.00029661,-0.0000375,-0.0000375,-9.999999999996123e-06,-0.00010418837257757995
1698761100000,2023-10-31T14:05:00Z,0.09597,0.09597,0.09582,0.09597,448851,43031.17454,0.09598,0.09603,0.09583,0.09603,0.09598,0.09603,0.09581,0.09603,-0.0000375,0.00015698,0.00008191,0.00015698,-6.0000000000004494e-05,-0.0006248047485161355
1698761400000,2023-10-31T14:10:00Z,0.09597,0.09609,0.09597,0.09609,23862,2291.71674,0.09603,0.09615,0.09597,0.09609,0.09603,0.09615,0.09596,0.09609,0.00015698,0.00003674,0,0.00003674,0.0,0.0
1698761700000,2023-10-31T14:15:00Z,0.09609,0.09617,0.09606,0.0961,129566,12454.0553,0.09609,0.09616,0.09601,0.09605,0.09609,0.09616,0.096,0.09601,0.00003674,0.00053269,0.00042356,0.00053269,9.000000000000674e-05,0.0009374023539215368
1698762000000,2023-10-31T14:20:00Z,0.0961,0.09612,0.09606,0.09608,62063,5963.55936,0.09605,0.09613,0.09605,0.09608,0.09601,0.09613,0.09599,0.09607,0.00053269,0.00050593,0,0,9.999999999996123e-06,0.00010409076714891353
1698762300000,2023-10-31T14:25:00Z,0.09608,0.09608,0.09595,0.09597,107574,10325.74777,0.09608,0.09608,0.09594,0.09597,0.09607,0.09608,0.09594,0.09598,0,-0.00004049,-0.00038423,-0.00038423,-9.999999999996123e-06,-0.00010418837257757995
1698762600000,2023-10-31T14:30:00Z,0.09597,0.09609,0.09597,0.09606,37492,3601.74122,0.09597,0.09613,0.09597,0.09607,0.09598,0.09615,0.09598,0.09611,-0.00038423,-0.00024833,-0.00035514,-0.00035514,-4.999999999999449e-05,-0.000520237228175991
1698762900000,2023-10-31T14:35:00Z,0.09606,0.09606,0.0959,0.09594,155541,14920.0384,0.09607,0.09608,0.09587,0.09592,0.09611,0.09612,0.09587,0.09591,-0.00035514,-0.00034226,-0.00039203,-0.00034226,3.0000000000002247e-05,0.00031279324366596025
1698763200000,2023-10-31T14:40:00Z,0.09594,0.09607,0.09593,0.09607,144610,13881.74793,0.09592,0.09607,0.0959,0.09606,0.09591,0.09607,0.0959,0.09606,-0.00034226,-0.0002921,-0.0004036,-0.0004036,9.999999999996123e-06,0.00010410160316464837
1698763500000,2023-10-31T14:45:00Z,0.09607,0.09611,0.09604,0.09608,102704,9868.5884,0.09606,0.09618,0.09604,0.0961,0.09606,0.09618,0.09605,0.09615,-0.0004036,-0.00029091,-0.00058406,-0.00058406,-7.000000000000062e-05,-0.000728029121164853
1698763800000,2023-10-31T14:50:00Z,0.09608,0.09617,0.09608,0.09617,240667,23136.14771,0.0961,0.09624,0.09608,0.09617,0.09615,0.09626,0.09607,0.09618,-0.00058406,0,0,0,-9.999999999996123e-06,-0.0001039717196922034
1698764100000,2023-10-31T14:55:00Z,0.09617,0.0963,0.09616,0.09629,83177,8003.61453,0.09617,0.09634,0.09616,0.09626,0.09618,0.09635,0.09616,0.09626,0,-0.00009438,-0.00029115,-0.00009438,3.0000000000002247e-05,0.0003116559318512596
1698764400000,2023-10-31T15:00:00Z,0.09629,0.09632,0.09621,0.09621,91048,8765.19848,0.09626,0.09636,0.09621,0.09621,0.09626,0.09637,0.09621,0.09621,-0.00009438,0.00003718,0,0,0.0,0.0
1698764700000,2023-10-31T15:05:00Z,0.09621,0.09639,0.0962,0.09623,543259,52336.87268,0.09621,0.09645,0.09617,0.09618,0.09621,0.09645,0.09617,0.09617,0,0.00028081,0,0.00028081,5.9999999999990616e-05,0.0006238951856087201
1698765000000,2023-10-31T15:10:00Z,0.09623,0.09623,0.09575,0.0959,616603,59133.31893,0.09618,0.09626,0.09581,0.09598,0.09617,0.09626,0.0958,0.09599,0.00028081,0,0,0,-9.000000000000674e-05,-0.0009375976664236559
1698765300000,2023-10-31T15:15:00Z,0.0959,0.09597,0.09543,0.09561,784032,74952.2765,0.09598,0.09604,0.09552,0.09567,0.09599,0.09605,0.09555,0.09572,0,0,-0.00058659,0,-0.00010999999999999899,-0.0011491851232762118
1698765600000,2023-10-31T15:20:00Z,0.09561,0.09575,0.09559,0.09573,325671,31158.32385,0.09567,0.09575,0.09563,0.09572,0.09572,0.09582,0.09568,0.09572,0,0,-0.00047114,0,9.999999999996123e-06,0.00010447137484325244
1698765900000,2023-10-31T15:25:00Z,0.09573,0.09591,0.0957,0.09579,437821,41944.38167,0.09572,0.09591,0.09569,0.09579,0.09572,0.09595,0.09569,0.0958,0,0,0,0,-9.999999999996123e-06,-0.00010438413361165056
1698766200000,2023-10-31T15:30:00Z,0.09579,0.09598,0.09579,0.09597,101372,9723.21525,0.09579,0.096,0.09579,0.09599,0.0958,0.09604,0.09579,0.09604,0,-0.00017369,-0.00049291,-0.00017369,-7.000000000000062e-05,-0.0007288629737609393
1698766500000,2023-10-31T15:35:00Z,0.09597,0.09598,0.09583,0.09584,117872,11307.40491,0.09599,0.09599,0.09583,0.09586,0.09604,0.09604,0.09586,0.09588,-0.00017369,-0.00008466,-0.00015049,-0.00008466,-4.000000000001225e-05,-0.000417188151856615
1698766800000,2023-10-31T15:40:00Z,0.09584,0.09587,0.09578,0.09581,160191,15350.69572,0.09586,0.09592,0.09577,0.09581,0.09588,0.09595,0.09576,0.09581,-0.00008466,0,-0.00008984,0,0.0,0.0
1698767100000,2023-10-31T15:45:00Z,0.09581,0.09597,0.09581,0.09592,33447,3206.25667,0.09581,0.09604,0.09581,0.09591,0.09581,0.09606,0.09581,0.09591,0,0,-0.00053026,0,1.0000000000010001e-05,0.00010426441455541656
1698767400000,2023-10-31T15:50:00Z,0.09592,0.09593,0.0958,0.0958,51737,4961.19061,0.09591,0.096,0.09576,0.0958,0.09591,0.09602,0.09576,0.09581,0,0,-0.00097915,-0.00097915,-1.0000000000010001e-05,-0.00010437323870170128
1698767700000,2023-10-31T15:55:00Z,0.0958,0.09589,0.0958,0.09582,164373,15753.20776,0.0958,0.09588,0.0958,0.09588,0.09581,0.0959,0.0958,0.09588,-0.00097915,0.0001303,0.00012167,0.00012167,-6.0000000000004494e-05,-0.0006257822277847778
1698768000000,2023-10-31T16:00:00Z,0.09582,0.09597,0.09575,0.09597,78207,7496.3094,0.09588,0.09605,0.09573,0.09598,0.09588,0.09608,0.09572,0.096,0.00012167,0,-0.00008564,0,-3.0000000000002247e-05,-0.0003125000000000234
1698768300000,2023-10-31T16:05:00Z,0.09597,0.09615,0.09597,0.09615,128631,12358.90352,0.09598,0.09618,0.09598,0.09616,0.096,0.09621,0.096,0.0962,0,-0.00019864,-0.00053296,-0.00019864,-4.999999999999449e-05,-0.0005197505197504625
1698768600000,2023-10-31T16:10:00Z,0.09615,0.09616,0.09606,0.09606,99913,9604.81756,0.09616,0.09616,0.09606,0.0961,0.0962,0.0962,0.09605,0.09613,-0.00019864,0.00002393,0,0,-6.999999999998674e-05,-0.0007281805887858811
1698768900000,2023-10-31T16:15:00Z,0.09606,0.09628,0.09606,0.09626,339909,32691.13965,0.0961,0.09631,0.09606,0.0963,0.09613,0.09632,0.09605,0.09631,0,-0.00016529,-0.00041545,-0.00041545,-5.000000000000837e-05,-0.0005191568892120068
1698769200000,2023-10-31T16:20:00Z,0.09626,0.0963,0.09625,0.09628,362093,34862.48238,0.0963,0.09634,0.09623,0.09624,0.09631,0.09634,0.09622,0.09623,-0.00041545,-0.00004484,-0.0002007,-0.00004484,5.000000000000837e-05,0.0005195884859192391
1698769500000,2023-10-31T16:25:00Z,0.09628,0.09637,0.09628,0.09636,19570,1885.20974,0.09624,0.09641,0.09624,0.09641,0.09623,0.0964,0.09623,0.0964,-0.00004484,0.00041528,0.00041528,0.00041528,-3.999999999999837e-05,-0.00041493775933608266
1698769800000,2023-10-31T16:30:00Z,0.09636,0.09636,0.09624,0.09624,129858,12511.21781,0.09641,0.09641,0.09619,0.09622,0.0964,0.0964,0.09618,0.0962,0.00041528,0.00044769,0.00016509,0.00044769,4.000000000001225e-05,0.00041580041580054316
1698770100000,2023-10-31T16:35:00Z,0.09624,0.09635,0.09619,0.09635,34536,3323.49999,0.09622,0.0964,0.09616,0.0964,0.0962,0.09639,0.09614,0.09639,0.00044769,0.00028608,0,0.00028608,-3.999999999999837e-05,-0.00041498080713765295
1698770400000,2023-10-31T16:40:00Z,0.09635,0.09654,0.09635,0.09645,856193,82604.63985,0.0964,0.09649,0.09637,0.09643,0.09639,0.09648,0.09635,0.09642,0.00028608,0,0,0,2.999999999998837e-05,0.00031113876789035853
1698770700000,2023-10-31T16:45:00Z,0.09645,0.09645,0.09628,0.09635,439214,42309.01805,0.09643,0.09644,0.09628,0.09629,0.09642,0.09643,0.09627,0.09627,0,0.0003892,0,0,8.000000000001062e-05,0.0008309961566428859
1698771000000,2023-10-31T16:50:00Z,0.09635,0.09645,0.09632,0.09642,285511,27528.49118,0.09629,0.09645,0.09628,0.09641,0.09627,0.09644,0.09623,0.09638,0,0.00002023,-0.00041775,0.00002023,4.000000000001225e-05,0.00041502386387229974
1698771300000,2023-10-31T16:55:00Z,0.09642,0.09648,0.09638,0.09642,117368,11321.4849,0.09641,0.09651,0.09638,0.09647,0.09638,0.09651,0.09636,0.09647,0.00002023,0.00012793,0,0.00012793,-4.999999999999449e-05,-0.0005182958432672799
1698771600000,2023-10-31T17:00:00Z,0.09642,0.09643,0.0963,0.09632,102601,9882.51658,0.09647,0.09647,0.09625,0.09633,0.09647,0.09647,0.09624,0.09632,0.00012793,0,0,0,0.0,0.0
1698771900000,2023-10-31T17:05:00Z,0.09632,0.09639,0.09632,0.09632,78695,7583.02226,0.09633,0.09644,0.09628,0.09631,0.09632,0.09643,0.09627,0.0963,0,0,-0.00018205,0,2.0000000000006124e-05,0.00020768431983391613
1698772200000,2023-10-31T17:10:00Z,0.09632,0.09639,0.09628,0.0963,46238,4453.28125,0.09631,0.0964,0.09628,0.09632,0.0963,0.0964,0.09627,0.09632,0,0.00004175,0,0.00004175,-2.0000000000006124e-05,-0.0002076411960133526
1698772500000,2023-10-31T17:15:00Z,0.0963,0.09647,0.0963,0.09647,45205,4357.68017,0.09632,0.09647,0.09631,0.09646,0.09632,0.09649,0.0963,0.09645,0.00004175,-0.0000114,-0.00002842,-0.0000114,2.0000000000006124e-05,0.00020736132711255702
1698772800000,2023-10-31T17:20:00Z,0.09647,0.09647,0.09641,0.09641,6192,597.05007,0.09646,0.09646,0.09641,0.09644,0.09645,0.09646,0.0964,0.09644,-0.0000114,0.00008099,0.00007373,0.00008099,-3.0000000000002247e-05,-0.00031107424305269857
1698773100000,2023-10-31T17:25:00Z,0.09641,0.09647,0.09638,0.09643,238073,22961.66098,0.09644,0.09647,0.09641,0.09646,0.09644,0.09647,0.09641,0.09647,0.00008099,0,0,0,-3.999999999999837e-05,-0.0004146366746138527
1698773400000,2023-10-31T17:30:00Z,0.09643,0.09649,0.0964,0.09641,8386,808.6476,0.09646,0.09649,0.09638,0.09641,0.09647,0.09649,0.09637,0.0964,0,0.00005934,0.00002168,0.00002168,9.999999999996123e-06,0.00010373443983398468
1698773700000,2023-10-31T17:35:00Z,0.09641,0.09655,0.09641,0.09655,27822,2684.22229,0.09641,0.09654,0.0964,0.0965,0.0964,0.09653,0.09639,0.09649,0.00002168,0,0,0,5.9999999999990616e-05,0.0006218260959683969
1698774000000,2023-10-31T17:40:00Z,0.09655,0.09657,0.09653,0.09656,90473,8735.83015,0.0965,0.09657,0.09649,0.09656,0.09649,0.09654,0.09647,0.09654,0,0.00007158,0.0000318,0.0000318,2.0000000000006124e-05,0.00020716801325881628
1698774300000,2023-10-31T17:45:00Z,0.09656,0.09656,0.09654,0.09654,79520,7677.34298,0.09656,0.09656,0.09649,0.09651,0.09654,0.09654,0.09646,0.09647,0.0000318,0.00072561,0.00062189,0.00062189,7.000000000000062e-05,0.0007256141805742782
1698774600000,2023-10-31T17:50:00Z,0.09654,0.09659,0.09654,0.09656,580873,56100.64096,0.09651,0.09658,0.09651,0.09655,0.09647,0.09656,0.09647,0.09651,0.00062189,0.00014065,0.00014065,0.00014065,5.000000000000837e-05,0.0005180810278728461
1698774900000,2023-10-31T17:55:00Z,0.09656,0.09657,0.09647,0.09655,135981,13127.84184,0.09655,0.09656,0.09644,0.09654,0.09651,0.09652,0.09642,0.09652,0.00014065,0,0,0,3.0000000000002247e-05,0.00031081641110652973
1698775200000,2023-10-31T18:00:00Z,0.09655,0.09659,0.09653,0.09659,49513,4780.2935,0.09654,0.09659,0.09649,0.09659,0.09652,0.09658,0.09647,0.09658,0,0.00008791,0,0.00008791,9.999999999996123e-06,0.00010354110581897
1698775500000,2023-10-31T18:05:00Z,0.09659,0.09659,0.0964,0.09648,368358,35526.05814,0.09659,0.09659,0.09644,0.0965,0.09658,0.09658,0.09643,0.09649,0.00008791,0.00002653,0,0.00002653,-1.0000000000010001e-05,-0.00010363768266151932
1698775800000,2023-10-31T18:10:00Z,0.09648,0.0966,0.09648,0.09652,80651,7787.06724,0.0965,0.0966,0.09648,0.0965,0.09649,0.09659,0.09647,0.09648,0.00002653,0.00031078,0,0,3.999999999999837e-05,0.0004145936981757708
1698776100000,2023-10-31T18:15:00Z,0.09652,0.09655,0.09646,0.09646,43643,4210.95587,0.0965,0.09655,0.09647,0.09648,0.09648,0.09653,0.09645,0.09647,0,0,0,0,-9.999999999996123e-06,-0.00010365916865342721
1698776400000,2023-10-31T18:20:00Z,0.09646,0.09646,0.09643,0.09645,31504,3038.44772,0.09648,0.09648,0.09641,0.09644,0.09647,0.09647,0.09639,0.09642,0,0,0,0,2.999999999998837e-05,0.00031113876789035853
1698776700000,2023-10-31T18:25:00Z,0.09645,0.09645,0.09638,0.09638,42500,4097.1429,0.09644,0.09648,0.09636,0.09637,0.09642,0.09647,0.09635,0.09636,0,0,-0.0000475,-0.0000475,1.9999999999992246e-05,0.00020755500207546954
1698777000000,2023-10-31T18:30:00Z,0.09638,0.09645,0.09637,0.09638,10019,965.86443,0.09637,0.09648,0.09635,0.09638,0.09636,0.09649,0.09634,0.09639,-0.0000475,0,0,0,-1.0000000000010001e-05,-0.00010374520178452122
1698777300000,2023-10-31T18:35:00Z,0.09638,0.09644,0.09638,0.09644,4395,423.79882,0.09638,0.09648,0.09634,0.09648,0.09639,0.09647,0.09633,0.09647,0,0.00004874,0,0,-3.0000000000002247e-05,-0.0003109775059604255
1698777600000,2023-10-31T18:40:00Z,0.09644,0.09656,0.09644,0.09647,60179,5807.4523,0.09648,0.09656,0.09646,0.09646,0.09647,0.09654,0.09645,0.09645,0,0,0,0,2.0000000000006124e-05,0.00020736132711255702
1698777900000,2023-10-31T18:45:00Z,0.09647,0.09647,0.09639,0.09642,57786,5571.97426,0.09646,0.09646,0.09637,0.09642,0.09645,0.09645,0.09636,0.0964,0,0.00017754,0,0,2.0000000000006124e-05,0.00020746887966811332
1698778200000,2023-10-31T18:50:00Z,0.09642,0.09652,0.09642,0.09649,60456,5832.37289,0.09642,0.09653,0.09642,0.09648,0.0964,0.09652,0.0964,0.09647,0,0,0,0,2.0000000000006124e-05,0.0002073183373069983
1698778500000,2023-10-31T18:55:00Z,0.09649,0.09657,0.09649,0.09656,68099,6575.42348,0.09648,0.0966,0.09648,0.09654,0.09647,0.09659,0.09647,0.09653,0,0.00003771,0,0,3.0000000000002247e-05,0.00031078421216204546
1698778800000,2023-10-31T19:00:00Z,0.09656,0.09666,0.09655,0.09666,651669,62975.76203,0.09654,0.09665,0.09653,0.09659,0.09653,0.09664,0.09652,0.09658,0,0,0,0,7.999999999999674e-05,0.0008283288465520475
1698779100000,2023-10-31T19:05:00Z,0.09666,0.09677,0.0966,0.09663,1519569,146965.5652,0.09659,0.09667,0.09659,0.09667,0.09658,0.09666,0.09658,0.09666,0,0.00003166,0,0.00003166,-3.0000000000002247e-05,-0.0003103662321539649
1698779400000,2023-10-31T19:10:00Z,0.09663,0.09673,0.09663,0.09667,142512,13779.81224,0.09667,0.09668,0.09659,0.09664,0.09666,0.09667,0.09658,0.09661,0.00003166,0.00018855,0.00011393,0.00011393,6.0000000000004494e-05,0.0006210537211469257
1698779700000,2023-10-31T19:15:00Z,0.09667,0.09668,0.09662,0.09662,132244,12780.16793,0.09664,0.09668,0.0966,0.09662,0.09661,0.09664,0.09656,0.09658,0.00011393,0.00089281,0.00027489,0.00027489,3.999999999999837e-05,0.00041416442327602373
1698780000000,2023-10-31T19:20:00Z,0.09662,0.09662,0.09648,0.09657,894391,86332.23539,0.09662,0.09664,0.09652,0.09657,0.09658,0.09663,0.0965,0.09656,0.00027489,0.00003584,0,0,9.999999999996123e-06,0.00010356255178123573
1698780300000,2023-10-31T19:25:00Z,0.09657,0.09677,0.09657,0.09674,1069421,103395.65236,0.09657,0.09672,0.09657,0.09669,0.09656,0.09671,0.09654,0.09666,0,0.00039524,0,0.00039524,8.000000000001062e-05,0.0008276432857439543
1698780600000,2023-10-31T19:30:00Z,0.09674,0.09674,0.09668,0.09671,175714,16995.41152,0.09669,0.09673,0.09666,0.09671,0.09666,0.09672,0.09663,0.09667,0.00039524,0.00049953,0,0,3.999999999999837e-05,0.000413778835212562
1698780900000,2023-10-31T19:35:00Z,0.09671,0.09676,0.09671,0.09672,426442,41252.33042,0.09671,0.09674,0.0967,0.0967,0.09667,0.09673,0.09665,0.09667,0,0,0,0,4.999999999999449e-05,0.0005172235440156666
1698781200000,2023-10-31T19:40:00Z,0.09672,0.09674,0.09659,0.09665,1156007,111759.29944,0.0967,0.09674,0.09662,0.09668,0.09667,0.09673,0.0966,0.09667,0,0.00020682,0,0,-2.0000000000006124e-05,-0.00020688941760635277
1698781500000,2023-10-31T19:45:00Z,0.09665,0.09666,0.09663,0.09664,55497,5363.92189,0.09668,0.09669,0.0966,0.09667,0.09667,0.09668,0.09659,0.09666,0,0.00038484,0,0,-1.9999999999992246e-05,-0.0002069108214358809
1698781800000,2023-10-31T19:50:00Z,0.09664,0.09674,0.09664,0.09671,10578,1022.86493,0.09667,0.09672,0.09663,0.09667,0.09666,0.09673,0.09661,0.09667,0,0.00006683,0.00005493,0.00005493,3.999999999999837e-05,0.000413778835212562
1698782100000,2023-10-31T19:55:00Z,0.09671,0.09679,0.09666,0.09678,1121987,108534.69494,0.09667,0.0968,0.09666,0.09679,0.09667,0.0968,0.09666,0.09679,0.00005493,0,0,0,-9.999999999996123e-06,-0.00010331645831176901
1698782400000,2023-10-31T20:00:00Z,0.09678,0.09678,0.09669,0.09678,717635,69400.73475,0.09679,0.09679,0.09673,0.09677,0.09679,0.09679,0.09672,0.09677,0,0,0,0,1.0000000000010001e-05,0.00010333781130525992
1698782700000,2023-10-31T20:05:00Z,0.09678,0.09678,0.09669,0.0967,92765,8974.1316,0.09677,0.0968,0.0967,0.09673,0.09677,0.09681,0.0967,0.09676,0,0,-0.00026079,0,-6.0000000000004494e-05,-0.000620090946672225
1698783000000,2023-10-31T20:10:00Z,0.0967,0.09671,0.09665,0.09671,518776,50144.22376,0.09673,0.09674,0.09667,0.09671,0.09676,0.09677,0.09667,0.09671,0,0,-0.00015343,0,0.0,0.0
1698783300000,2023-10-31T20:15:00Z,0.09671,0.09684,0.09671,0.09683,125695,12165.46205,0.09671,0.09683,0.0967,0.09683,0.09671,0.09683,0.0967,0.09683,0,0,0,0,0.0,0.0
1698783600000,2023-10-31T20:20:00Z,0.09683,0.0969,0.09682,0.0969,424820,41154.05372,0.09683,0.09689,0.09681,0.09688,0.09683,0.09688,0.0968,0.09686,0,0.0000724,0,0,3.999999999999837e-05,0.00041296716911003894
1698783900000,2023-10-31T20:25:00Z,0.0969,0.0969,0.09681,0.09685,111028,10752.90667,0.09688,0.09689,0.09677,0.09685,0.09686,0.09687,0.09675,0.09683,0,0.00061989,0.00048274,0.00061989,2.0000000000006124e-05,0.00020654755757519493
1698784200000,2023-10-31T20:30:00Z,0.09685,0.09687,0.09685,0.09686,148373,14370.31609,0.09685,0.09687,0.09679,0.09686,0.09683,0.09686,0.09676,0.09684,0.00061989,0.00093013,0.00001579,0.00093013,2.0000000000006124e-05,0.0002065262288311248
1698784500000,2023-10-31T20:35:00Z,0.09686,0.09686,0.09681,0.09681,66113,6402.98042,0.09686,0.09686,0.09681,0.09681,0.09684,0.09685,0.09678,0.09681,0.00093013,0.00072328,0.00071688,0.00071688,0.0,0.0
1698784800000,2023-10-31T20:40:00Z,0.09681,0.09689,0.09679,0.09689,73331,7100.20203,0.09681,0.09689,0.09677,0.09689,0.09681,0.09687,0.09673,0.09687,0.00071688,0.00037296,0.00035213,0.00037296,2.0000000000006124e-05,0.00020646226902039976
1698785100000,2023-10-31T20:45:00Z,0.09689,0.09725,0.09686,0.09689,954868,92644.36809,0.09689,0.09712,0.09686,0.09689,0.09687,0.09711,0.09682,0.09688,0.00037296,0.00036073,0.0000698,0.00036073,1.0000000000010001e-05,0.00010322047894312553
1698785400000,2023-10-31T20:50:00Z,0.09689,0.0969,0.09675,0.09683,376935,36494.82593,0.09689,0.0969,0.09673,0.09683,0.09688,0.09688,0.09671,0.09683,0.00036073,0.00006584,0,0,0.0,0.0
1698785700000,2023-10-31T20:55:00Z,0.09683,0.09689,0.09683,0.09689,112379,10886.62677,0.09683,0.09689,0.09683,0.09689,0.09683,0.09688,0.09682,0.09688,0,0,0,0,1.0000000000010001e-05,0.00010322047894312553
1698786000000,2023-10-31T21:00:00Z,0.09689,0.09693,0.09678,0.09685,353165,34201.50362,0.09689,0.09691,0.09678,0.09684,0.09688,0.09689,0.09677,0.09683,0,0.00017307,0,0,2.0000000000006124e-05,0.00020654755757519493
1698786300000,2023-10-31T21:05:00Z,0.09685,0.0969,0.0968,0.09686,52414,5075.39599,0.09684,0.09689,0.09676,0.09686,0.09683,0.09688,0.09675,0.09684,0,0.00039128,0,0.00039128,2.0000000000006124e-05,0.0002065262288311248
1698786600000,2023-10-31T21:10:00Z,0.09686,0.09687,0.09684,0.09685,5853,566.8964,0.09686,0.09687,0.09679,0.09679,0.09684,0.09687,0.09677,0.09677,0.00039128,0.00019231,0.00002417,0.00002417,8.000000000001062e-05,0.0008267024904413622
1698786900000,2023-10-31T21:15:00Z,0.09685,0.09686,0.0968,0.09685,16900,1636.24622,0.09679,0.09686,0.09679,0.09685,0.09677,0.09682,0.09676,0.09682,0.00002417,0.00005155,0,0,3.0000000000002247e-05,0.0003098533360876084
1698787200000,2023-10-31T21:20:00Z,0.09685,0.09694,0.09673,0.09686,69647,6743.51513,0.09685,0.09694,0.09673,0.09686,0.09682,0.09693,0.09673,0.09685,0,0.00000599,0,0.00000599,9.999999999996123e-06,0.0001032524522457008
1698787500000,2023-10-31T21:25:00Z,0.09686,0.09687,0.09676,0.0968,17871,1729.8281,0.09686,0.09687,0.09674,0.09675,0.09685,0.09685,0.09674,0.09675,0.00000599,0,0,0,4.999999999999449e-05,0.000516795865633018
1698787800000,2023-10-31T21:30:00Z,0.0968,0.0968,0.0967,0.0967,53190,5145.00005,0.09675,0.09675,0.09668,0.0967,0.09675,0.09675,0.09668,0.0967,0,0,0,0,0.0,0.0
1698788100000,2023-10-31T21:35:00Z,0.0967,0.0967,0.09667,0.0967,166968,16143.94465,0.0967,0.09674,0.09666,0.09672,0.0967,0.09674,0.09666,0.09673,0,0,0,0,-3.0000000000002247e-05,-0.0003101416313450041
1698788400000,2023-10-31T21:40:00Z,0.0967,0.09673,0.09669,0.09673,42185,4079.15667,0.09672,0.09673,0.09665,0.09672,0.09673,0.09673,0.09665,0.09672,0,0,0,0,9.999999999996123e-06,0.0001033912324234504
1698788700000,2023-10-31T21:45:00Z,0.09673,0.09674,0.09661,0.09661,137348,13281.07981,0.09672,0.09676,0.0966,0.0966,0.09672,0.09676,0.09658,0.09658,0,0.00021537,0.00009236,0.00009236,3.0000000000002247e-05,0.0003106233174570537
1698789000000,2023-10-31T21:50:00Z,0.09661,0.09661,0.09658,0.09661,48834,4716.93593,0.0966,0.09663,0.09659,0.09661,0.09658,0.09664,0.09658,0.09664,0.00009236,-0.00020033,-0.00028086,-0.00020033,-3.0000000000002247e-05,-0.00031043046357618216
1698789300000,2023-10-31T21:55:00Z,0.09661,0.09665,0.09657,0.09664,193567,18697.09436,0.09661,0.09665,0.09659,0.09664,0.09664,0.09668,0.09661,0.09667,-0.00020033,0,-0.00009705,0,-3.0000000000002247e-05,-0.0003103341264094574
1698789600000,2023-10-31T22:00:00Z,0.09664,0.09667,0.09663,0.09666,4918,475.34773,0.09664,0.09668,0.09664,0.09666,0.09667,0.09672,0.09665,0.09669,0,0,-0.00012356,0,-3.0000000000002247e-05,-0.0003102699348433369
1698789900000,2023-10-31T22:05:00Z,0.09666,0.09666,0.09661,0.09665,56584,5467.37839,0.09666,0.09668,0.0966,0.09668,0.09669,0.09671,0.0966,0.09671,0,0,0,0,-6.0000000000004494e-05,-0.000620411539654684
1698790200000,2023-10-31T22:10:00Z,0.09665,0.09674,0.09665,0.09674,15117,1462.07555,0.09668,0.09674,0.09668,0.09674,0.09671,0.09675,0.09668,0.09675,0,0,0,0,-9.999999999996123e-06,-0.00010335917312657491
1698790500000,2023-10-31T22:15:00Z,0.09674,0.09678,0.09667,0.09671,59837,5788.60434,0.09674,0.0968,0.09667,0.09672,0.09675,0.09682,0.09669,0.09674,0,-0.00005541,-0.00017145,-0.00017145,-3.0000000000002247e-05,-0.0003101095720488138
1698790800000,2023-10-31T22:20:00Z,0.09671,0.09679,0.09671,0.09679,50200,4856.1375,0.09672,0.09678,0.09672,0.09678,0.09674,0.09678,0.09672,0.09678,-0.00017145,0.00002191,-0.00025496,0.00002191,9.999999999996123e-06,0.00010332713370527094
1698791100000,2023-10-31T22:25:00Z,0.09679,0.0968,0.09675,0.09675,114652,11097.86126,0.09678,0.09681,0.09675,0.09675,0.09678,0.09681,0.09675,0.09675,0.00002191,0,-0.00003079,-0.00003079,0.0,0.0
1698791400000,2023-10-31T22:30:00Z,0.09675,0.09678,0.09673,0.09678,2518,243.58426,0.09675,0.0968,0.09671,0.0968,0.09675,0.09681,0.09671,0.09681,-0.00003079,0,-0.00000764,0,-2.999999999998837e-05,-0.00030988534242318327
1698791700000,2023-10-31T22:35:00Z,0.09678,0.09691,0.09677,0.09691,39440,3819.40011,0.0968,0.09688,0.09678,0.09688,0.09681,0.09688,0.09678,0.09688,0,0.00006867,0,0,3.0000000000002247e-05,0.00030966143682909013
1698792000000,2023-10-31T22:40:00Z,0.09691,0.09695,0.09691,0.09693,39860,3863.80803,0.09688,0.09695,0.09688,0.09693,0.09688,0.09695,0.09688,0.09691,0,0,0,0,2.0000000000006124e-05,0.00020637705087200625
1698792300000,2023-10-31T22:45:00Z,0.09693,0.09694,0.09693,0.09694,29517,2861.11962,0.09693,0.09694,0.0969,0.09691,0.09691,0.09694,0.09689,0.09689,0,0.00020121,0.00009358,0.00009358,4.999999999999449e-05,0.000516049127876917
1698792600000,2023-10-31T22:50:00Z,0.09694,0.097,0.09693,0.097,40610,3938.50213,0.09691,0.097,0.09691,0.097,0.09689,0.09699,0.09689,0.09699,0.00009358,0,0,0,9.999999999996123e-06,0.00010310341272292115
1698792900000,2023-10-31T22:55:00Z,0.097,0.097,0.09694,0.09694,64969,6301.55143,0.097,0.097,0.09692,0.09693,0.09699,0.09699,0.09691,0.09691,0,0.00005734,0,0.00005734,3.0000000000002247e-05,0.00030956557630793777
1698793200000,2023-10-31T23:00:00Z,0.09694,0.09695,0.09685,0.09691,57990,5620.79717,0.09693,0.09695,0.09685,0.09695,0.09691,0.09695,0.09685,0.09695,0.00005734,0,0,0,-3.999999999999837e-05,-0.00041258380608559433
1698793500000,2023-10-31T23:05:00Z,0.09691,0.09715,0.09691,0.09714,357038,34660.02875,0.09695,0.09713,0.09694,0.09713,0.09695,0.09711,0.09694,0.09711,0,0.00022985,0.00006942,0.00006942,3.0000000000002247e-05,0.0003089280197714164
1698793800000,2023-10-31T23:10:00Z,0.09714,0.09716,0.09707,0.09711,413897,40196.20184,0.09713,0.09713,0.09708,0.09711,0.09711,0.09711,0.09708,0.0971,0.00006942,0.00007066,0,0.00007066,9.999999999996123e-06,0.0001029866117404338
1698794100000,2023-10-31T23:15:00Z,0.09711,0.09717,0.09711,0.09713,166216,16143.18773,0.09711,0.09713,0.09708,0.09713,0.0971,0.0971,0.09704,0.0971,0.00007066,0.00061817,0.00058248,0.00061817,2.999999999998837e-05,0.0003089598352213014
1698794400000,2023-10-31T23:20:00Z,0.09713,0.09716,0.097,0.097,160625,15594.45525,0.09713,0.09716,0.097,0.097,0.0971,0.09711,0.09698,0.09699,0.00061817,0.00013954,0,0.00013954,9.999999999996123e-06,0.00010310341272292115
1698794700000,2023-10-31T23:25:00Z,0.097,0.09709,0.09696,0.09707,451719,43825.46194,0.097,0.09709,0.097,0.09707,0.09699,0.09707,0.09699,0.09705,0.00013954,0.0003693,0,0.0003693,2.0000000000006124e-05,0.00020607934054617336
1698795000000,2023-10-31T23:30:00Z,0.09707,0.09711,0.09704,0.09704,21111,2049.33769,0.09707,0.09709,0.09703,0.09703,0.09705,0.09708,0.097,0.097,0.0003693,0.00026295,0.00011841,0.00011841,3.999999999999837e-05,0.0004123711340206017
1698795300000,2023-10-31T23:35:00Z,0.09704,0.09706,0.09699,0.09706,71109,6900.07342,0.09703,0.09705,0.09697,0.09705,0.097,0.09702,0.09695,0.09701,0.00011841,0.00005701,0.00003206,0.00003206,4.999999999999449e-05,0.0005154107823935109
1698795600000,2023-10-31T23:40:00Z,0.09706,0.09712,0.09706,0.09712,1439,139.69561,0.09705,0.09712,0.09705,0.09712,0.09701,0.09712,0.09701,0.09712,0.00003206,0.00005511,0,0,0.0,0.0
1698795900000,2023-10-31T23:45:00Z,0.09712,0.09715,0.09712,0.09715,61617,5985.48806,0.09712,0.09715,0.0971,0.09713,0.09712,0.09714,0.09709,0.09712,0,0.00008535,0,0,3.0000000000002247e-05,0.00030889621087316975
1698796200000,2023-10-31T23:50:00Z,0.09715,0.0972,0.09715,0.0972,37240,3618.59955,0.09713,0.0972,0.09713,0.0972,0.09712,0.09718,0.09711,0.09718,0,0.00024119,0,0.00024119,1.9999999999992246e-05,0.00020580366330512703
1698796500000,2023-10-31T23:55:00Z,0.0972,0.0972,0.09718,0.09719,29225,2840.33115,0.0972,0.0972,0.09715,0.09715,0.09718,0.09718,0.09713,0.09713,0.00024119,0.0001663,0,0.0001663,6.0000000000004494e-05,0.0006177288170493617
