timestamp_ms,datetime_utc,open_interest
1651363200000,2022-05-01T00:00:00Z,2045463.80000000
1651366800000,2022-05-01T01:00:00Z,2018859.90000000
1651370400000,2022-05-01T02:00:00Z,2031278.30000000
1651374000000,2022-05-01T03:00:00Z,2037437.00000000
1651377600000,2022-05-01T04:00:00Z,2036691.10000000
1651381200000,2022-05-01T05:00:00Z,2077432.10000000
1651384800000,2022-05-01T06:00:00Z,2076133.00000000
1651388400000,2022-05-01T07:00:00Z,2016222.70000000
1651392000000,2022-05-01T08:00:00Z,2045342.70000000
1651395600000,2022-05-01T09:00:00Z,2025753.00000000
1651399200000,2022-05-01T10:00:00Z,1995153.20000000
1651402800000,2022-05-01T11:00:00Z,1971928.20000000
1651406400000,2022-05-01T12:00:00Z,2052251.60000000
1651410000000,2022-05-01T13:00:00Z,2069820.20000000
1651413600000,2022-05-01T14:00:00Z,2007313.50000000
1651417200000,2022-05-01T15:00:00Z,2009677.60000000
1651420800000,2022-05-01T16:00:00Z,1950764.10000000
1651424400000,2022-05-01T17:00:00Z,2001176.50000000
1651428000000,2022-05-01T18:00:00Z,2030996.40000000
1651431600000,2022-05-01T19:00:00Z,1906172.70000000
1651435200000,2022-05-01T20:00:00Z,1931658.10000000
1651438800000,2022-05-01T21:00:00Z,1903374.80000000
1651442400000,2022-05-01T22:00:00Z,1904964.40000000
1651446000000,2022-05-01T23:00:00Z,1892268.30000000
1651449600000,2022-05-02T00:00:00Z,1917542.30000000
1651453200000,2022-05-02T01:00:00Z,1923631.60000000
1651456800000,2022-05-02T02:00:00Z,1926847.40000000
1651460400000,2022-05-02T03:00:00Z,1943791.30000000
1651464000000,2022-05-02T04:00:00Z,1995192.00000000
1651467600000,2022-05-02T05:00:00Z,1986397.30000000
1651471200000,2022-05-02T06:00:00Z,1959940.90000000
1651474800000,2022-05-02T07:00:00Z,1977042.80000000
1651478400000,2022-05-02T08:00:00Z,1965522.70000000
1651482000000,2022-05-02T09:00:00Z,1931507.80000000
1651485600000,2022-05-02T10:00:00Z,1948559.90000000
1651489200000,2022-05-02T11:00:00Z,1924220.00000000
1651492800000,2022-05-02T12:00:00Z,1949566.90000000
1651496400000,2022-05-02T13:00:00Z,1949377.00000000
1651500000000,2022-05-02T14:00:00Z,1915410.40000000
1651503600000,2022-05-02T15:00:00Z,1887429.20000000
1651507200000,2022-05-02T16:00:00Z,1858344.50000000
1651510800000,2022-05-02T17:00:00Z,1827345.50000000
1651514400000,2022-05-02T18:00:00Z,1794352.70000000
1651518000000,2022-05-02T19:00:00Z,1788836.20000000
1651521600000,2022-05-02T20:00:00Z,1827813.90000000
1651525200000,2022-05-02T21:00:00Z,1854589.70000000
1651528800000,2022-05-02T22:00:00Z,1835541.90000000
1651532400000,2022-05-02T23:00:00Z,1810870.60000000
1651536000000,2022-05-03T00:00:00Z,1883680.60000000
1651539600000,2022-05-03T01:00:00Z,1833357.50000000
1651543200000,2022-05-03T02:00:00Z,1838163.30000000
1651546800000,2022-05-03T03:00:00Z,1843775.20000000
1651550400000,2022-05-03T04:00:00Z,1830373.30000000
1651554000000,2022-05-03T05:00:00Z,1789048.30000000
1651557600000,2022-05-03T06:00:00Z,1778494.30000000
1651561200000,2022-05-03T07:00:00Z,1792057.30000000
1651564800000,2022-05-03T08:00:00Z,1804215.40000000
1651568400000,2022-05-03T09:00:00Z,1799446.40000000
1651572000000,2022-05-03T10:00:00Z,1838463.30000000
1651575600000,2022-05-03T11:00:00Z,1846253.20000000
1651579200000,2022-05-03T12:00:00Z,1797248.60000000
1651582800000,2022-05-03T13:00:00Z,1842038.00000000
1651586400000,2022-05-03T14:00:00Z,1814582.70000000
1651590000000,2022-05-03T15:00:00Z,1766796.30000000
1651593600000,2022-05-03T16:00:00Z,1792145.90000000
1651597200000,2022-05-03T17:00:00Z,1763452.70000000
1651600800000,2022-05-03T18:00:00Z,1768752.50000000
1651604400000,2022-05-03T19:00:00Z,1749639.40000000
1651608000000,2022-05-03T20:00:00Z,1767190.90000000
1651611600000,2022-05-03T21:00:00Z,1765045.70000000
1651615200000,2022-05-03T22:00:00Z,1729351.70000000
1651618800000,2022-05-03T23:00:00Z,1733471.40000000
1651622400000,2022-05-04T00:00:00Z,1740796.40000000
1651626000000,2022-05-04T01:00:00Z,1760988.20000000
1651629600000,2022-05-04T02:00:00Z,1739336.60000000
1651633200000,2022-05-04T03:00:00Z,1762060.80000000
1651636800000,2022-05-04T04:00:00Z,1802839.00000000
1651640400000,2022-05-04T05:00:00Z,1764452.40000000
1651644000000,2022-05-04T06:00:00Z,1790432.30000000
1651647600000,2022-05-04T07:00:00Z,1828562.60000000
1651651200000,2022-05-04T08:00:00Z,1826930.90000000
1651654800000,2022-05-04T09:00:00Z,1837155.40000000
1651658400000,2022-05-04T10:00:00Z,1803216.70000000
1651662000000,2022-05-04T11:00:00Z,1788784.30000000
1651665600000,2022-05-04T12:00:00Z,1731809.30000000
1651669200000,2022-05-04T13:00:00Z,1712468.00000000
1651672800000,2022-05-04T14:00:00Z,1721791.80000000
1651676400000,2022-05-04T15:00:00Z,1731175.30000000
1651680000000,2022-05-04T16:00:00Z,1682044.10000000
1651683600000,2022-05-04T17:00:00Z,1671313.90000000
1651687200000,2022-05-04T18:00:00Z,1648919.30000000
1651690800000,2022-05-04T19:00:00Z,1663678.80000000
1651694400000,2022-05-04T20:00:00Z,1688667.20000000
1651698000000,2022-05-04T21:00:00Z,1665838.20000000
1651701600000,2022-05-04T22:00:00Z,1659448.60000000
1651705200000,2022-05-04T23:00:00Z,1645224.10000000
1651708800000,2022-05-05T00:00:00Z,1651094.10000000
1651712400000,2022-05-05T01:00:00Z,1628755.20000000
1651716000000,2022-05-05T02:00:00Z,1620583.00000000
1651719600000,2022-05-05T03:00:00Z,1618781.80000000
1651723200000,2022-05-05T04:00:00Z,1630104.00000000
1651726800000,2022-05-05T05:00:00Z,1661771.50000000
1651730400000,2022-05-05T06:00:00Z,1637505.20000000
1651734000000,2022-05-05T07:00:00Z,1642099.20000000
1651737600000,2022-05-05T08:00:00Z,1653862.90000000
1651741200000,2022-05-05T09:00:00Z,1664420.80000000
1651744800000,2022-05-05T10:00:00Z,1639315.50000000
1651748400000,2022-05-05T11:00:00Z,1605889.70000000
1651752000000,2022-05-05T12:00:00Z,1633031.30000000
1651755600000,2022-05-05T13:00:00Z,1655921.30000000
1651759200000,2022-05-05T14:00:00Z,1675991.20000000
1651762800000,2022-05-05T15:00:00Z,1693752.40000000
1651766400000,2022-05-05T16:00:00Z,1689374.20000000
1651770000000,2022-05-05T17:00:00Z,1644698.80000000
1651773600000,2022-05-05T18:00:00Z,1683308.50000000
1651777200000,2022-05-05T19:00:00Z,1631568.60000000
1651780800000,2022-05-05T20:00:00Z,1685025.50000000
1651784400000,2022-05-05T21:00:00Z,1703346.60000000
1651788000000,2022-05-05T22:00:00Z,1697401.70000000
1651791600000,2022-05-05T23:00:00Z,1700226.90000000
1651795200000,2022-05-06T00:00:00Z,1702773.80000000
1651798800000,2022-05-06T01:00:00Z,1702542.90000000
1651802400000,2022-05-06T02:00:00Z,1724209.40000000
1651806000000,2022-05-06T03:00:00Z,1746498.20000000
1651809600000,2022-05-06T04:00:00Z,1740093.90000000
1651813200000,2022-05-06T05:00:00Z,1696055.40000000
1651816800000,2022-05-06T06:00:00Z,1694355.30000000
1651820400000,2022-05-06T07:00:00Z,1704406.70000000
1651824000000,2022-05-06T08:00:00Z,1716127.90000000
1651827600000,2022-05-06T09:00:00Z,1693110.50000000
1651831200000,2022-05-06T10:00:00Z,1686362.70000000
1651834800000,2022-05-06T11:00:00Z,1687168.80000000
1651838400000,2022-05-06T12:00:00Z,1695152.20000000
1651842000000,2022-05-06T13:00:00Z,1654037.70000000
1651845600000,2022-05-06T14:00:00Z,1659612.00000000
1651849200000,2022-05-06T15:00:00Z,1793067.60000000
1651852800000,2022-05-06T16:00:00Z,1754448.90000000
1651856400000,2022-05-06T17:00:00Z,1742730.70000000
1651860000000,2022-05-06T18:00:00Z,1723122.70000000
1651863600000,2022-05-06T19:00:00Z,1783686.50000000
1651867200000,2022-05-06T20:00:00Z,1773173.50000000
1651870800000,2022-05-06T21:00:00Z,1767511.40000000
1651874400000,2022-05-06T22:00:00Z,1734660.80000000
1651878000000,2022-05-06T23:00:00Z,1723636.20000000
1651881600000,2022-05-07T00:00:00Z,1746904.80000000
1651885200000,2022-05-07T01:00:00Z,1754549.00000000
1651888800000,2022-05-07T02:00:00Z,1742717.40000000
1651892400000,2022-05-07T03:00:00Z,1712535.70000000
1651896000000,2022-05-07T04:00:00Z,1689640.70000000
1651899600000,2022-05-07T05:00:00Z,1727481.70000000
1651903200000,2022-05-07T06:00:00Z,1733306.90000000
1651906800000,2022-05-07T07:00:00Z,1712844.00000000
1651910400000,2022-05-07T08:00:00Z,1690935.20000000
1651914000000,2022-05-07T09:00:00Z,1733031.50000000
1651917600000,2022-05-07T10:00:00Z,1749659.50000000
1651921200000,2022-05-07T11:00:00Z,1749429.30000000
1651924800000,2022-05-07T12:00:00Z,1733082.60000000
1651928400000,2022-05-07T13:00:00Z,1705533.20000000
1651932000000,2022-05-07T14:00:00Z,1705691.00000000
1651935600000,2022-05-07T15:00:00Z,1705651.40000000
1651939200000,2022-05-07T16:00:00Z,1705160.00000000
1651942800000,2022-05-07T17:00:00Z,1722596.80000000
1651946400000,2022-05-07T18:00:00Z,1725766.50000000
1651950000000,2022-05-07T19:00:00Z,1729658.90000000
1651953600000,2022-05-07T20:00:00Z,1725993.80000000
1651957200000,2022-05-07T21:00:00Z,1725937.30000000
1651960800000,2022-05-07T22:00:00Z,1699139.60000000
1651964400000,2022-05-07T23:00:00Z,1681462.70000000
1651968000000,2022-05-08T00:00:00Z,1674330.00000000
1651971600000,2022-05-08T01:00:00Z,1670746.40000000
1651975200000,2022-05-08T02:00:00Z,1695935.10000000
1651978800000,2022-05-08T03:00:00Z,1666892.50000000
1651982400000,2022-05-08T04:00:00Z,1683077.20000000
1651986000000,2022-05-08T05:00:00Z,1674950.10000000
1651989600000,2022-05-08T06:00:00Z,1681100.20000000
1651993200000,2022-05-08T07:00:00Z,1702475.90000000
1651996800000,2022-05-08T08:00:00Z,1704576.90000000
1652000400000,2022-05-08T09:00:00Z,1606963.70000000
1652004000000,2022-05-08T10:00:00Z,1610954.20000000
1652007600000,2022-05-08T11:00:00Z,1564634.10000000
1652011200000,2022-05-08T12:00:00Z,1548186.50000000
1652014800000,2022-05-08T13:00:00Z,1546286.00000000
1652018400000,2022-05-08T14:00:00Z,1522858.70000000
1652022000000,2022-05-08T15:00:00Z,1526543.60000000
1652025600000,2022-05-08T16:00:00Z,1498971.80000000
1652029200000,2022-05-08T17:00:00Z,1474781.30000000
1652032800000,2022-05-08T18:00:00Z,1467885.10000000
1652036400000,2022-05-08T19:00:00Z,1491432.10000000
1652040000000,2022-05-08T20:00:00Z,1532984.50000000
1652043600000,2022-05-08T21:00:00Z,1537261.30000000
1652047200000,2022-05-08T22:00:00Z,1542770.50000000
1652050800000,2022-05-08T23:00:00Z,1543071.40000000
1652054400000,2022-05-09T00:00:00Z,1574319.60000000
1652058000000,2022-05-09T01:00:00Z,1621053.70000000
1652061600000,2022-05-09T02:00:00Z,1623374.60000000
1652065200000,2022-05-09T03:00:00Z,1637916.30000000
1652068800000,2022-05-09T04:00:00Z,1665572.60000000
1652072400000,2022-05-09T05:00:00Z,1700057.60000000
1652076000000,2022-05-09T06:00:00Z,1710067.10000000
1652079600000,2022-05-09T07:00:00Z,1698817.90000000
1652083200000,2022-05-09T08:00:00Z,1659521.70000000
1652086800000,2022-05-09T09:00:00Z,1712616.90000000
1652090400000,2022-05-09T10:00:00Z,1600255.20000000
1652094000000,2022-05-09T11:00:00Z,1586162.70000000
1652097600000,2022-05-09T12:00:00Z,1611168.40000000
1652101200000,2022-05-09T13:00:00Z,1656139.80000000
1652104800000,2022-05-09T14:00:00Z,1613832.90000000
1652108400000,2022-05-09T15:00:00Z,1647055.10000000
1652112000000,2022-05-09T16:00:00Z,1656062.40000000
1652115600000,2022-05-09T17:00:00Z,1563801.30000000
1652119200000,2022-05-09T18:00:00Z,1514283.60000000
1652122800000,2022-05-09T19:00:00Z,1519498.40000000
1652126400000,2022-05-09T20:00:00Z,1598866.20000000
1652130000000,2022-05-09T21:00:00Z,1562889.00000000
1652133600000,2022-05-09T22:00:00Z,1557259.80000000
1652137200000,2022-05-09T23:00:00Z,1551770.20000000
1652140800000,2022-05-10T00:00:00Z,1578051.40000000
1652144400000,2022-05-10T01:00:00Z,1523932.50000000
1652148000000,2022-05-10T02:00:00Z,1413234.90000000
1652151600000,2022-05-10T03:00:00Z,1416351.40000000
1652155200000,2022-05-10T04:00:00Z,1412457.70000000
1652158800000,2022-05-10T05:00:00Z,1408959.00000000
1652162400000,2022-05-10T06:00:00Z,1341881.39999999
1652166000000,2022-05-10T07:00:00Z,1291952.39999999
1652169600000,2022-05-10T08:00:00Z,1299140.80000000
1652173200000,2022-05-10T09:00:00Z,1234637.80000000
1652176800000,2022-05-10T10:00:00Z,1207837.30000000
1652180400000,2022-05-10T11:00:00Z,1209428.50000000
1652184000000,2022-05-10T12:00:00Z,1229292.39999999
1652187600000,2022-05-10T13:00:00Z,1239618.39999999
1652191200000,2022-05-10T14:00:00Z,1297336.00000000
1652194800000,2022-05-10T15:00:00Z,1320071.70000000
1652198400000,2022-05-10T16:00:00Z,1283026.00000000
1652202000000,2022-05-10T17:00:00Z,1327340.30000000
1652205600000,2022-05-10T18:00:00Z,1296525.80000000
1652209200000,2022-05-10T19:00:00Z,1326296.60000000
1652212800000,2022-05-10T20:00:00Z,1326965.00000000
1652216400000,2022-05-10T21:00:00Z,1377033.10000000
1652220000000,2022-05-10T22:00:00Z,1311075.00000000
1652223600000,2022-05-10T23:00:00Z,1310276.39999999
1652227200000,2022-05-11T00:00:00Z,1275574.00000000
1652230800000,2022-05-11T01:00:00Z,1273772.89999999
1652234400000,2022-05-11T02:00:00Z,1376442.89999999
1652238000000,2022-05-11T03:00:00Z,1369188.60000000
1652241600000,2022-05-11T04:00:00Z,1330037.50000000
1652245200000,2022-05-11T05:00:00Z,1403093.20000000
1652248800000,2022-05-11T06:00:00Z,1390183.39999999
1652252400000,2022-05-11T07:00:00Z,1430095.80000000
1652256000000,2022-05-11T08:00:00Z,1469516.70000000
1652259600000,2022-05-11T09:00:00Z,1410472.60000000
1652263200000,2022-05-11T10:00:00Z,1442292.20000000
1652266800000,2022-05-11T11:00:00Z,1486303.10000000
1652270400000,2022-05-11T12:00:00Z,1797116.70000000
1652274000000,2022-05-11T13:00:00Z,1966767.10000000
1652277600000,2022-05-11T14:00:00Z,1729289.20000000
1652281200000,2022-05-11T15:00:00Z,1834818.90000000
1652284800000,2022-05-11T16:00:00Z,1921819.90000000
1652288400000,2022-05-11T17:00:00Z,1607016.60000000
1652292000000,2022-05-11T18:00:00Z,1619930.70000000
1652295600000,2022-05-11T19:00:00Z,1675120.90000000
1652299200000,2022-05-11T20:00:00Z,1794765.30000000
1652302800000,2022-05-11T21:00:00Z,1766095.80000000
1652306400000,2022-05-11T22:00:00Z,1692623.10000000
1652310000000,2022-05-11T23:00:00Z,1732679.20000000
1652313600000,2022-05-12T00:00:00Z,1770092.30000000
1652317200000,2022-05-12T01:00:00Z,1650701.50000000
1652320800000,2022-05-12T02:00:00Z,1671709.70000000
1652324400000,2022-05-12T03:00:00Z,1632728.70000000
1652328000000,2022-05-12T04:00:00Z,1635942.50000000
1652331600000,2022-05-12T05:00:00Z,1656136.10000000
1652335200000,2022-05-12T06:00:00Z,1583173.40000000
1652338800000,2022-05-12T07:00:00Z,1629422.80000000
1652342400000,2022-05-12T08:00:00Z,1443901.10000000
1652346000000,2022-05-12T09:00:00Z,1384731.10000000
1652349600000,2022-05-12T10:00:00Z,1407691.40000000
1652353200000,2022-05-12T11:00:00Z,1347705.80000000
1652356800000,2022-05-12T12:00:00Z,1394536.80000000
1652360400000,2022-05-12T13:00:00Z,1443188.80000000
1652364000000,2022-05-12T14:00:00Z,1486200.90000000
1652367600000,2022-05-12T15:00:00Z,1503538.00000000
1652371200000,2022-05-12T16:00:00Z,1628656.80000000
1652374800000,2022-05-12T17:00:00Z,1538269.20000000
1652378400000,2022-05-12T18:00:00Z,1502240.60000000
1652382000000,2022-05-12T19:00:00Z,1475906.40000000
1652385600000,2022-05-12T20:00:00Z,1483341.60000000
1652389200000,2022-05-12T21:00:00Z,1459816.50000000
1652392800000,2022-05-12T22:00:00Z,1365900.60000000
1652396400000,2022-05-12T23:00:00Z,1349628.20000000
1652400000000,2022-05-13T00:00:00Z,1296098.00000000
1652403600000,2022-05-13T01:00:00Z,1345864.39999999
1652407200000,2022-05-13T02:00:00Z,1249197.20000000
1652410800000,2022-05-13T03:00:00Z,1264145.39999999
1652414400000,2022-05-13T04:00:00Z,1300378.89999999
1652418000000,2022-05-13T05:00:00Z,1524606.30000000
1652421600000,2022-05-13T06:00:00Z,1376926.00000000
1652425200000,2022-05-13T07:00:00Z,1399088.10000000
1652428800000,2022-05-13T08:00:00Z,1338628.50000000
1652432400000,2022-05-13T09:00:00Z,1317749.70000000
1652436000000,2022-05-13T10:00:00Z,1328798.60000000
1652439600000,2022-05-13T11:00:00Z,1309198.20000000
1652443200000,2022-05-13T12:00:00Z,1335613.10000000
1652446800000,2022-05-13T13:00:00Z,1405319.30000000
1652450400000,2022-05-13T14:00:00Z,1376600.39999999
1652454000000,2022-05-13T15:00:00Z,1358602.60000000
1652457600000,2022-05-13T16:00:00Z,1378704.89999999
1652461200000,2022-05-13T17:00:00Z,1304591.50000000
1652464800000,2022-05-13T18:00:00Z,1323931.50000000
1652468400000,2022-05-13T19:00:00Z,1251379.00000000
1652472000000,2022-05-13T20:00:00Z,1339519.00000000
1652475600000,2022-05-13T21:00:00Z,1347932.70000000
1652479200000,2022-05-13T22:00:00Z,1423314.40000000
1652482800000,2022-05-13T23:00:00Z,1460742.60000000
1652486400000,2022-05-14T00:00:00Z,1475871.10000000
1652490000000,2022-05-14T01:00:00Z,1510743.50000000
1652493600000,2022-05-14T02:00:00Z,1568644.70000000
1652497200000,2022-05-14T03:00:00Z,1531892.80000000
1652500800000,2022-05-14T04:00:00Z,1529015.60000000
1652504400000,2022-05-14T05:00:00Z,1534107.10000000
1652508000000,2022-05-14T06:00:00Z,1509396.90000000
1652511600000,2022-05-14T07:00:00Z,1506235.30000000
1652515200000,2022-05-14T08:00:00Z,1515798.40000000
1652518800000,2022-05-14T09:00:00Z,1519433.10000000
1652522400000,2022-05-14T10:00:00Z,1524952.10000000
1652526000000,2022-05-14T11:00:00Z,1460483.60000000
1652529600000,2022-05-14T12:00:00Z,1343436.50000000
1652533200000,2022-05-14T13:00:00Z,1375409.00000000
1652536800000,2022-05-14T14:00:00Z,1449835.70000000
1652540400000,2022-05-14T15:00:00Z,1421015.90000000
1652544000000,2022-05-14T16:00:00Z,1432333.60000000
1652547600000,2022-05-14T17:00:00Z,1475144.20000000
1652551200000,2022-05-14T18:00:00Z,1501935.30000000
1652554800000,2022-05-14T19:00:00Z,1486629.10000000
1652558400000,2022-05-14T20:00:00Z,1528268.70000000
1652562000000,2022-05-14T21:00:00Z,1518337.80000000
1652565600000,2022-05-14T22:00:00Z,1452052.20000000
1652569200000,2022-05-14T23:00:00Z,1459223.70000000
1652572800000,2022-05-15T00:00:00Z,1452316.00000000
1652576400000,2022-05-15T01:00:00Z,1430639.40000000
1652580000000,2022-05-15T02:00:00Z,1382567.50000000
1652583600000,2022-05-15T03:00:00Z,1327542.70000000
1652587200000,2022-05-15T04:00:00Z,1339293.80000000
1652590800000,2022-05-15T05:00:00Z,1281281.30000000
1652594400000,2022-05-15T06:00:00Z,1301424.50000000
1652598000000,2022-05-15T07:00:00Z,1292674.30000000
1652601600000,2022-05-15T08:00:00Z,1353920.00000000
1652605200000,2022-05-15T09:00:00Z,1335527.00000000
1652608800000,2022-05-15T10:00:00Z,1375633.00000000
1652612400000,2022-05-15T11:00:00Z,1366550.60000000
1652616000000,2022-05-15T12:00:00Z,1363509.50000000
1652619600000,2022-05-15T13:00:00Z,1377116.50000000
1652623200000,2022-05-15T14:00:00Z,1372901.10000000
1652626800000,2022-05-15T15:00:00Z,1409638.70000000
1652630400000,2022-05-15T16:00:00Z,1427138.80000000
1652634000000,2022-05-15T17:00:00Z,1401599.00000000
1652637600000,2022-05-15T18:00:00Z,1401708.30000000
1652641200000,2022-05-15T19:00:00Z,1415732.90000000
1652644800000,2022-05-15T20:00:00Z,1384245.30000000
1652648400000,2022-05-15T21:00:00Z,1405438.20000000
1652652000000,2022-05-15T22:00:00Z,1314598.20000000
1652655600000,2022-05-15T23:00:00Z,1220609.30000000
1652659200000,2022-05-16T00:00:00Z,1217285.10000000
1652662800000,2022-05-16T01:00:00Z,1218927.10000000
1652666400000,2022-05-16T02:00:00Z,1224696.30000000
1652670000000,2022-05-16T03:00:00Z,1252544.39999999
1652673600000,2022-05-16T04:00:00Z,1251033.00000000
1652677200000,2022-05-16T05:00:00Z,1252545.39999999
1652680800000,2022-05-16T06:00:00Z,1258795.00000000
1652684400000,2022-05-16T07:00:00Z,1218219.10000000
1652688000000,2022-05-16T08:00:00Z,1197906.60000000
1652691600000,2022-05-16T09:00:00Z,1267211.20000000
1652695200000,2022-05-16T10:00:00Z,1298356.89999999
1652698800000,2022-05-16T11:00:00Z,1234246.50000000
1652702400000,2022-05-16T12:00:00Z,1269666.60000000
1652706000000,2022-05-16T13:00:00Z,1260701.70000000
1652709600000,2022-05-16T14:00:00Z,1301301.89999999
1652713200000,2022-05-16T15:00:00Z,1335673.30000000
1652716800000,2022-05-16T16:00:00Z,1336857.60000000
1652720400000,2022-05-16T17:00:00Z,1262967.39999999
1652724000000,2022-05-16T18:00:00Z,1279773.50000000
1652727600000,2022-05-16T19:00:00Z,1305669.30000000
1652731200000,2022-05-16T20:00:00Z,1267382.10000000
1652734800000,2022-05-16T21:00:00Z,1261615.89999999
1652738400000,2022-05-16T22:00:00Z,1321853.30000000
1652742000000,2022-05-16T23:00:00Z,1304901.20000000
1652745600000,2022-05-17T00:00:00Z,1289069.80000000
1652749200000,2022-05-17T01:00:00Z,1314400.30000000
1652752800000,2022-05-17T02:00:00Z,1292830.30000000
1652756400000,2022-05-17T03:00:00Z,1316307.80000000
1652760000000,2022-05-17T04:00:00Z,1280815.39999999
1652763600000,2022-05-17T05:00:00Z,1300393.00000000
1652767200000,2022-05-17T06:00:00Z,1282162.10000000
1652770800000,2022-05-17T07:00:00Z,1292084.70000000
1652774400000,2022-05-17T08:00:00Z,1295546.39999999
1652778000000,2022-05-17T09:00:00Z,1328402.00000000
1652781600000,2022-05-17T10:00:00Z,1317914.70000000
1652785200000,2022-05-17T11:00:00Z,1329603.20000000
1652788800000,2022-05-17T12:00:00Z,1315130.30000000
1652792400000,2022-05-17T13:00:00Z,1302137.60000000
1652796000000,2022-05-17T14:00:00Z,1315513.10000000
1652799600000,2022-05-17T15:00:00Z,1332885.50000000
1652803200000,2022-05-17T16:00:00Z,1335516.20000000
1652806800000,2022-05-17T17:00:00Z,1355265.80000000
1652810400000,2022-05-17T18:00:00Z,1254421.39999999
1652814000000,2022-05-17T19:00:00Z,1241646.89999999
1652817600000,2022-05-17T20:00:00Z,1314915.50000000
1652821200000,2022-05-17T21:00:00Z,1322731.39999999
1652824800000,2022-05-17T22:00:00Z,1479709.70000000
1652828400000,2022-05-17T23:00:00Z,1443512.20000000
1652832000000,2022-05-18T00:00:00Z,1476382.10000000
1652835600000,2022-05-18T01:00:00Z,1462486.60000000
1652839200000,2022-05-18T02:00:00Z,1368424.39999999
1652842800000,2022-05-18T03:00:00Z,1347130.50000000
1652846400000,2022-05-18T04:00:00Z,1217710.89999999
1652850000000,2022-05-18T05:00:00Z,1246433.80000000
1652853600000,2022-05-18T06:00:00Z,1219403.00000000
1652857200000,2022-05-18T07:00:00Z,1221478.20000000
1652860800000,2022-05-18T08:00:00Z,1236219.10000000
1652864400000,2022-05-18T09:00:00Z,1264558.20000000
1652868000000,2022-05-18T10:00:00Z,1281676.80000000
1652871600000,2022-05-18T11:00:00Z,1297066.20000000
1652875200000,2022-05-18T12:00:00Z,1282499.80000000
1652878800000,2022-05-18T13:00:00Z,1374379.50000000
1652882400000,2022-05-18T14:00:00Z,1367284.70000000
1652886000000,2022-05-18T15:00:00Z,1467718.40000000
1652889600000,2022-05-18T16:00:00Z,1658649.90000000
1652893200000,2022-05-18T17:00:00Z,1604037.20000000
1652896800000,2022-05-18T18:00:00Z,1665911.10000000
1652900400000,2022-05-18T19:00:00Z,1570126.70000000
1652904000000,2022-05-18T20:00:00Z,1602227.40000000
1652907600000,2022-05-18T21:00:00Z,1626981.00000000
1652911200000,2022-05-18T22:00:00Z,1635712.30000000
1652914800000,2022-05-18T23:00:00Z,1605073.80000000
1652918400000,2022-05-19T00:00:00Z,1542470.90000000
1652922000000,2022-05-19T01:00:00Z,1558187.10000000
1652925600000,2022-05-19T02:00:00Z,1547845.80000000
1652929200000,2022-05-19T03:00:00Z,1616458.90000000
1652932800000,2022-05-19T04:00:00Z,1656988.50000000
1652936400000,2022-05-19T05:00:00Z,1636164.20000000
1652940000000,2022-05-19T06:00:00Z,1594008.80000000
1652943600000,2022-05-19T07:00:00Z,1523498.80000000
1652947200000,2022-05-19T08:00:00Z,1650537.10000000
1652950800000,2022-05-19T09:00:00Z,1657979.30000000
1652954400000,2022-05-19T10:00:00Z,1629939.80000000
1652958000000,2022-05-19T11:00:00Z,1629076.80000000
1652961600000,2022-05-19T12:00:00Z,1704488.00000000
1652965200000,2022-05-19T13:00:00Z,1683712.20000000
1652968800000,2022-05-19T14:00:00Z,1712426.50000000
1652972400000,2022-05-19T15:00:00Z,1697382.10000000
1652976000000,2022-05-19T16:00:00Z,1663725.50000000
1652979600000,2022-05-19T17:00:00Z,1660009.20000000
1652983200000,2022-05-19T18:00:00Z,1615104.20000000
1652986800000,2022-05-19T19:00:00Z,1654978.20000000
1652990400000,2022-05-19T20:00:00Z,1586886.70000000
1652994000000,2022-05-19T21:00:00Z,1688305.60000000
1652997600000,2022-05-19T22:00:00Z,1629106.90000000
1653001200000,2022-05-19T23:00:00Z,1518713.70000000
1653004800000,2022-05-20T00:00:00Z,1661330.00000000
1653008400000,2022-05-20T01:00:00Z,1595424.90000000
1653012000000,2022-05-20T02:00:00Z,1656809.10000000
1653015600000,2022-05-20T03:00:00Z,1668356.70000000
1653019200000,2022-05-20T04:00:00Z,1656886.10000000
1653022800000,2022-05-20T05:00:00Z,1673093.90000000
1653026400000,2022-05-20T06:00:00Z,1635455.90000000
1653030000000,2022-05-20T07:00:00Z,1720793.70000000
1653033600000,2022-05-20T08:00:00Z,1676097.40000000
1653037200000,2022-05-20T09:00:00Z,1654933.90000000
1653040800000,2022-05-20T10:00:00Z,1744111.90000000
1653044400000,2022-05-20T11:00:00Z,1768772.30000000
1653048000000,2022-05-20T12:00:00Z,1759780.80000000
1653051600000,2022-05-20T13:00:00Z,1786837.50000000
1653055200000,2022-05-20T14:00:00Z,1754129.10000000
1653058800000,2022-05-20T15:00:00Z,1727762.90000000
1653062400000,2022-05-20T16:00:00Z,1642481.00000000
1653066000000,2022-05-20T17:00:00Z,1685202.00000000
1653069600000,2022-05-20T18:00:00Z,1679384.70000000
1653073200000,2022-05-20T19:00:00Z,1665436.40000000
1653076800000,2022-05-20T20:00:00Z,1669568.10000000
1653080400000,2022-05-20T21:00:00Z,1605998.40000000
1653084000000,2022-05-20T22:00:00Z,1628277.60000000
1653087600000,2022-05-20T23:00:00Z,1636373.00000000
1653091200000,2022-05-21T00:00:00Z,1632244.60000000
1653094800000,2022-05-21T01:00:00Z,1637183.00000000
1653098400000,2022-05-21T02:00:00Z,1616303.40000000
1653102000000,2022-05-21T03:00:00Z,1685911.60000000
1653105600000,2022-05-21T04:00:00Z,1608800.60000000
1653109200000,2022-05-21T05:00:00Z,1601686.60000000
1653112800000,2022-05-21T06:00:00Z,1625544.90000000
1653116400000,2022-05-21T07:00:00Z,1641505.80000000
1653120000000,2022-05-21T08:00:00Z,1676556.40000000
1653123600000,2022-05-21T09:00:00Z,1701979.10000000
1653127200000,2022-05-21T10:00:00Z,1732338.10000000
1653130800000,2022-05-21T11:00:00Z,1779107.20000000
1653134400000,2022-05-21T12:00:00Z,1728354.50000000
1653138000000,2022-05-21T13:00:00Z,1726171.70000000
1653141600000,2022-05-21T14:00:00Z,1796269.30000000
1653145200000,2022-05-21T15:00:00Z,1752899.10000000
1653148800000,2022-05-21T16:00:00Z,1807791.00000000
1653152400000,2022-05-21T17:00:00Z,1758980.80000000
1653156000000,2022-05-21T18:00:00Z,1750878.80000000
1653159600000,2022-05-21T19:00:00Z,1779056.40000000
1653163200000,2022-05-21T20:00:00Z,1751185.10000000
1653166800000,2022-05-21T21:00:00Z,1754816.70000000
1653170400000,2022-05-21T22:00:00Z,1682335.80000000
1653174000000,2022-05-21T23:00:00Z,1720634.60000000
1653177600000,2022-05-22T00:00:00Z,1680731.00000000
1653181200000,2022-05-22T01:00:00Z,1745837.90000000
1653184800000,2022-05-22T02:00:00Z,1757355.90000000
1653188400000,2022-05-22T03:00:00Z,1788318.80000000
1653192000000,2022-05-22T04:00:00Z,1784574.60000000
1653195600000,2022-05-22T05:00:00Z,1813282.90000000
1653199200000,2022-05-22T06:00:00Z,1809945.30000000
1653202800000,2022-05-22T07:00:00Z,1827814.60000000
1653206400000,2022-05-22T08:00:00Z,1817126.10000000
1653210000000,2022-05-22T09:00:00Z,1827262.30000000
1653213600000,2022-05-22T10:00:00Z,1796861.10000000
1653217200000,2022-05-22T11:00:00Z,1791952.50000000
1653220800000,2022-05-22T12:00:00Z,1851601.50000000
1653224400000,2022-05-22T13:00:00Z,1860057.90000000
1653228000000,2022-05-22T14:00:00Z,1851531.30000000
1653231600000,2022-05-22T15:00:00Z,1845809.00000000
1653235200000,2022-05-22T16:00:00Z,1851388.70000000
1653238800000,2022-05-22T17:00:00Z,1829093.20000000
1653242400000,2022-05-22T18:00:00Z,1849562.80000000
1653246000000,2022-05-22T19:00:00Z,1752816.80000000
1653249600000,2022-05-22T20:00:00Z,1732608.30000000
1653253200000,2022-05-22T21:00:00Z,1724736.40000000
1653256800000,2022-05-22T22:00:00Z,1704637.20000000
1653260400000,2022-05-22T23:00:00Z,1714468.70000000
1653264000000,2022-05-23T00:00:00Z,1728109.70000000
1653267600000,2022-05-23T01:00:00Z,1681764.00000000
1653271200000,2022-05-23T02:00:00Z,1679832.00000000
1653274800000,2022-05-23T03:00:00Z,1669245.50000000
1653278400000,2022-05-23T04:00:00Z,1671318.10000000
1653282000000,2022-05-23T05:00:00Z,1645617.90000000
1653285600000,2022-05-23T06:00:00Z,1651013.20000000
1653289200000,2022-05-23T07:00:00Z,1645414.80000000
1653292800000,2022-05-23T08:00:00Z,1633365.10000000
1653296400000,2022-05-23T09:00:00Z,1618982.20000000
1653300000000,2022-05-23T10:00:00Z,1655522.40000000
1653303600000,2022-05-23T11:00:00Z,1632507.10000000
1653307200000,2022-05-23T12:00:00Z,1624428.20000000
1653310800000,2022-05-23T13:00:00Z,1626876.40000000
1653314400000,2022-05-23T14:00:00Z,1591360.40000000
1653318000000,2022-05-23T15:00:00Z,1647810.10000000
1653321600000,2022-05-23T16:00:00Z,1740519.50000000
1653325200000,2022-05-23T17:00:00Z,1827553.00000000
1653328800000,2022-05-23T18:00:00Z,1792570.70000000
1653332400000,2022-05-23T19:00:00Z,1748989.50000000
1653336000000,2022-05-23T20:00:00Z,1564727.40000000
1653339600000,2022-05-23T21:00:00Z,1773175.30000000
1653343200000,2022-05-23T22:00:00Z,1717077.10000000
1653346800000,2022-05-23T23:00:00Z,1579429.60000000
1653350400000,2022-05-24T00:00:00Z,1599095.70000000
1653354000000,2022-05-24T01:00:00Z,1749595.70000000
1653357600000,2022-05-24T02:00:00Z,1729736.80000000
1653361200000,2022-05-24T03:00:00Z,1783004.30000000
1653364800000,2022-05-24T04:00:00Z,1747504.10000000
1653368400000,2022-05-24T05:00:00Z,1754477.20000000
1653372000000,2022-05-24T06:00:00Z,1763817.10000000
1653375600000,2022-05-24T07:00:00Z,1815198.00000000
1653379200000,2022-05-24T08:00:00Z,1838732.00000000
1653382800000,2022-05-24T09:00:00Z,1639422.30000000
1653386400000,2022-05-24T10:00:00Z,1608648.80000000
1653390000000,2022-05-24T11:00:00Z,1553170.60000000
1653393600000,2022-05-24T12:00:00Z,1569157.00000000
1653397200000,2022-05-24T13:00:00Z,1577249.70000000
1653400800000,2022-05-24T14:00:00Z,1855385.90000000
1653404400000,2022-05-24T15:00:00Z,1806299.40000000
1653408000000,2022-05-24T16:00:00Z,1849385.30000000
1653411600000,2022-05-24T17:00:00Z,1773805.20000000
1653415200000,2022-05-24T18:00:00Z,1702101.20000000
1653418800000,2022-05-24T19:00:00Z,1691558.60000000
1653422400000,2022-05-24T20:00:00Z,1762085.00000000
1653426000000,2022-05-24T21:00:00Z,1826206.40000000
1653429600000,2022-05-24T22:00:00Z,1800077.80000000
1653433200000,2022-05-24T23:00:00Z,1796875.60000000
1653436800000,2022-05-25T00:00:00Z,1735165.60000000
1653440400000,2022-05-25T01:00:00Z,1759901.20000000
1653444000000,2022-05-25T02:00:00Z,1579983.30000000
1653447600000,2022-05-25T03:00:00Z,1601105.70000000
1653451200000,2022-05-25T04:00:00Z,1620663.20000000
1653454800000,2022-05-25T05:00:00Z,1547702.30000000
1653458400000,2022-05-25T06:00:00Z,1558598.00000000
1653462000000,2022-05-25T07:00:00Z,1546700.60000000
1653465600000,2022-05-25T08:00:00Z,1547189.50000000
1653469200000,2022-05-25T09:00:00Z,1673030.20000000
1653472800000,2022-05-25T10:00:00Z,1560423.00000000
1653476400000,2022-05-25T11:00:00Z,1571952.20000000
1653480000000,2022-05-25T12:00:00Z,1600384.00000000
1653483600000,2022-05-25T13:00:00Z,1666714.00000000
1653487200000,2022-05-25T14:00:00Z,1662267.70000000
1653490800000,2022-05-25T15:00:00Z,1702978.70000000
1653494400000,2022-05-25T16:00:00Z,1663969.70000000
1653498000000,2022-05-25T17:00:00Z,1680713.10000000
1653501600000,2022-05-25T18:00:00Z,1733172.00000000
1653505200000,2022-05-25T19:00:00Z,1725553.60000000
1653508800000,2022-05-25T20:00:00Z,1737069.40000000
1653512400000,2022-05-25T21:00:00Z,1739133.70000000
1653516000000,2022-05-25T22:00:00Z,1720784.30000000
1653519600000,2022-05-25T23:00:00Z,1723935.10000000
1653523200000,2022-05-26T00:00:00Z,1747144.40000000
1653526800000,2022-05-26T01:00:00Z,1926191.70000000
1653530400000,2022-05-26T02:00:00Z,1889081.70000000
1653534000000,2022-05-26T03:00:00Z,1880401.50000000
1653537600000,2022-05-26T04:00:00Z,1880655.70000000
1653541200000,2022-05-26T05:00:00Z,1717944.30000000
1653544800000,2022-05-26T06:00:00Z,1684759.60000000
1653548400000,2022-05-26T07:00:00Z,1741746.20000000
1653552000000,2022-05-26T08:00:00Z,1686411.50000000
1653555600000,2022-05-26T09:00:00Z,1619394.20000000
1653559200000,2022-05-26T10:00:00Z,1668242.50000000
1653562800000,2022-05-26T11:00:00Z,1758755.60000000
1653566400000,2022-05-26T12:00:00Z,1676876.90000000
1653570000000,2022-05-26T13:00:00Z,1711004.40000000
1653573600000,2022-05-26T14:00:00Z,1699854.80000000
1653577200000,2022-05-26T15:00:00Z,1779147.30000000
1653580800000,2022-05-26T16:00:00Z,1806909.10000000
1653584400000,2022-05-26T17:00:00Z,1793200.00000000
1653588000000,2022-05-26T18:00:00Z,1783314.20000000
1653591600000,2022-05-26T19:00:00Z,1771998.00000000
1653595200000,2022-05-26T20:00:00Z,1758549.90000000
1653598800000,2022-05-26T21:00:00Z,1672754.20000000
1653602400000,2022-05-26T22:00:00Z,1699518.20000000
1653606000000,2022-05-26T23:00:00Z,1667554.50000000
1653609600000,2022-05-27T00:00:00Z,1679072.10000000
1653613200000,2022-05-27T01:00:00Z,1687949.90000000
1653616800000,2022-05-27T02:00:00Z,1813755.20000000
1653620400000,2022-05-27T03:00:00Z,1790138.80000000
1653624000000,2022-05-27T04:00:00Z,1635913.20000000
1653627600000,2022-05-27T05:00:00Z,1633390.60000000
1653631200000,2022-05-27T06:00:00Z,1682767.40000000
1653634800000,2022-05-27T07:00:00Z,1619922.60000000
1653638400000,2022-05-27T08:00:00Z,1632049.80000000
1653642000000,2022-05-27T09:00:00Z,1615823.50000000
1653645600000,2022-05-27T10:00:00Z,1662372.80000000
1653649200000,2022-05-27T11:00:00Z,1624768.60000000
1653652800000,2022-05-27T12:00:00Z,1627215.80000000
1653656400000,2022-05-27T13:00:00Z,1620279.60000000
1653660000000,2022-05-27T14:00:00Z,1645923.90000000
1653663600000,2022-05-27T15:00:00Z,1716228.90000000
1653667200000,2022-05-27T16:00:00Z,1730717.30000000
1653670800000,2022-05-27T17:00:00Z,1776665.40000000
1653674400000,2022-05-27T18:00:00Z,1688721.40000000
1653678000000,2022-05-27T19:00:00Z,1758200.70000000
1653681600000,2022-05-27T20:00:00Z,1806826.40000000
1653685200000,2022-05-27T21:00:00Z,1820906.90000000
1653688800000,2022-05-27T22:00:00Z,1828350.20000000
1653692400000,2022-05-27T23:00:00Z,1820231.10000000
1653696000000,2022-05-28T00:00:00Z,1840181.80000000
1653699600000,2022-05-28T01:00:00Z,1802168.80000000
1653703200000,2022-05-28T02:00:00Z,1814527.40000000
1653706800000,2022-05-28T03:00:00Z,1760261.90000000
1653710400000,2022-05-28T04:00:00Z,1751178.80000000
1653714000000,2022-05-28T05:00:00Z,1740371.60000000
1653717600000,2022-05-28T06:00:00Z,1710105.40000000
1653721200000,2022-05-28T07:00:00Z,1732897.20000000
1653724800000,2022-05-28T08:00:00Z,1714364.50000000
1653728400000,2022-05-28T09:00:00Z,1798357.50000000
1653732000000,2022-05-28T10:00:00Z,1822157.40000000
1653735600000,2022-05-28T11:00:00Z,1815167.50000000
1653739200000,2022-05-28T12:00:00Z,1811223.90000000
1653742800000,2022-05-28T13:00:00Z,1807893.40000000
1653746400000,2022-05-28T14:00:00Z,1814503.50000000
1653750000000,2022-05-28T15:00:00Z,1855380.30000000
1653753600000,2022-05-28T16:00:00Z,1911102.60000000
1653757200000,2022-05-28T17:00:00Z,1945534.20000000
1653760800000,2022-05-28T18:00:00Z,1901689.90000000
1653764400000,2022-05-28T19:00:00Z,1896016.40000000
1653768000000,2022-05-28T20:00:00Z,1887894.20000000
1653771600000,2022-05-28T21:00:00Z,1905528.50000000
1653775200000,2022-05-28T22:00:00Z,1879072.30000000
1653778800000,2022-05-28T23:00:00Z,1894165.30000000
1653782400000,2022-05-29T00:00:00Z,1921500.40000000
1653786000000,2022-05-29T01:00:00Z,1903372.70000000
1653789600000,2022-05-29T02:00:00Z,1896015.10000000
1653793200000,2022-05-29T03:00:00Z,1916265.70000000
1653796800000,2022-05-29T04:00:00Z,1954788.10000000
1653800400000,2022-05-29T05:00:00Z,1958256.90000000
1653804000000,2022-05-29T06:00:00Z,1964807.90000000
1653807600000,2022-05-29T07:00:00Z,1984053.90000000
1653811200000,2022-05-29T08:00:00Z,1972977.00000000
1653814800000,2022-05-29T09:00:00Z,1951351.40000000
1653818400000,2022-05-29T10:00:00Z,1989647.50000000
1653822000000,2022-05-29T11:00:00Z,1954726.60000000
1653825600000,2022-05-29T12:00:00Z,1957450.00000000
1653829200000,2022-05-29T13:00:00Z,1867122.70000000
1653832800000,2022-05-29T14:00:00Z,1879530.20000000
1653836400000,2022-05-29T15:00:00Z,1865124.10000000
1653840000000,2022-05-29T16:00:00Z,1861412.40000000
1653843600000,2022-05-29T17:00:00Z,1931742.70000000
1653847200000,2022-05-29T18:00:00Z,1924634.70000000
1653850800000,2022-05-29T19:00:00Z,1941199.00000000
1653854400000,2022-05-29T20:00:00Z,1959532.20000000
1653858000000,2022-05-29T21:00:00Z,1937511.20000000
1653861600000,2022-05-29T22:00:00Z,1950407.90000000
1653865200000,2022-05-29T23:00:00Z,1955031.90000000
1653868800000,2022-05-30T00:00:00Z,1998354.30000000
1653872400000,2022-05-30T01:00:00Z,1951140.00000000
1653876000000,2022-05-30T02:00:00Z,1975211.20000000
1653879600000,2022-05-30T03:00:00Z,2002475.00000000
1653883200000,2022-05-30T04:00:00Z,2002112.90000000
1653886800000,2022-05-30T05:00:00Z,2003003.10000000
1653890400000,2022-05-30T06:00:00Z,1949565.00000000
1653894000000,2022-05-30T07:00:00Z,1987164.50000000
1653897600000,2022-05-30T08:00:00Z,1957671.00000000
1653901200000,2022-05-30T09:00:00Z,1917958.70000000
1653904800000,2022-05-30T10:00:00Z,1862685.30000000
1653908400000,2022-05-30T11:00:00Z,1838201.10000000
1653912000000,2022-05-30T12:00:00Z,1865118.70000000
1653915600000,2022-05-30T13:00:00Z,1788839.80000000
1653919200000,2022-05-30T14:00:00Z,1787872.80000000
1653922800000,2022-05-30T15:00:00Z,1894104.70000000
1653926400000,2022-05-30T16:00:00Z,1986159.50000000
1653930000000,2022-05-30T17:00:00Z,2002437.70000000
1653933600000,2022-05-30T18:00:00Z,2025227.70000000
1653937200000,2022-05-30T19:00:00Z,2029214.30000000
1653940800000,2022-05-30T20:00:00Z,1954252.60000000
1653944400000,2022-05-30T21:00:00Z,1895398.10000000
1653948000000,2022-05-30T22:00:00Z,1898101.10000000
1653951600000,2022-05-30T23:00:00Z,1889331.40000000
1653955200000,2022-05-31T00:00:00Z,1943482.60000000
1653958800000,2022-05-31T01:00:00Z,1907112.30000000
1653962400000,2022-05-31T02:00:00Z,1909732.10000000
1653966000000,2022-05-31T03:00:00Z,1997684.00000000
1653969600000,2022-05-31T04:00:00Z,2069593.60000000
1653973200000,2022-05-31T05:00:00Z,2102764.40000000
1653976800000,2022-05-31T06:00:00Z,1700614.30000000
1653980400000,2022-05-31T07:00:00Z,1573569.70000000
1653984000000,2022-05-31T08:00:00Z,1587187.10000000
1653987600000,2022-05-31T09:00:00Z,1649129.10000000
1653991200000,2022-05-31T10:00:00Z,1652285.40000000
1653994800000,2022-05-31T11:00:00Z,1690104.50000000
1653998400000,2022-05-31T12:00:00Z,1736547.80000000
1654002000000,2022-05-31T13:00:00Z,1728997.10000000
1654005600000,2022-05-31T14:00:00Z,1646894.10000000
1654009200000,2022-05-31T15:00:00Z,1857382.30000000
1654012800000,2022-05-31T16:00:00Z,1827097.60000000
1654016400000,2022-05-31T17:00:00Z,1919880.70000000
1654020000000,2022-05-31T18:00:00Z,1893069.70000000
1654023600000,2022-05-31T19:00:00Z,1865595.10000000
1654027200000,2022-05-31T20:00:00Z,1822166.30000000
1654030800000,2022-05-31T21:00:00Z,1811802.50000000
1654034400000,2022-05-31T22:00:00Z,1800949.10000000
1654038000000,2022-05-31T23:00:00Z,1780821.30000000
